"reporter","partner","percentage"
"ARM","BHR",0
"ARM","BGR",0.127964486211635
"ARM","CAN",0.674760550453429
"ARM","BLR",0.796792200811111
"ARM","FRA",0.913573665968248
"ARM","GEO",47.1184330601938
"ARM","DEU",2.26884675319096
"ARM","HUN",0.037109701001374
"ARM","IRN",2.20575644682914
"ARM","IRQ",14.7185330019331
"ARM","ISR",0.383893458634903
"ARM","ITA",0.00191946729317452
"ARM","KAZ",0.094360804060124
"ARM","LVA",0.441924832951041
"ARM","LBN",0.780947492477752
"ARM","MEX",0
"ARM","MDA",0.0268725421044432
"ARM","NLD",0
"ARM","NOR",0
"ARM","POL",5.77860570328152
"ARM","ROU",0.639822431058172
"ARM","RUS",17.8555330220296
"ARM","ESP",0
"ARM","CHE",0.0157541968675023
"ARM","TKM",0.0882954954860278
"ARM","ARE",0.526001661838791
"ARM","GBR",0.0435516205023695
"ARM","UKR",0.651765783104592
"ARM","USA",2.64752646988287
"ARM","UZB",0.16443436478195
"ARM","BEL",0.99702078705235
"AFG","AUS",0.410035651348024
"AFG","AUT",0.842235391958103
"AFG","BHR",0.19208877360448
"AFG","CAN",1.59346520692814
"AFG","LKA",0.00184700743850461
"AFG","CHN",0.0369401487700923
"AFG","PYF",0.0369401487700923
"AFG","DEU",1.98308533612842
"AFG","BIH",0
"AFG","HRV",0.0849623421712122
"AFG","IDN",0.00368400399658373
"AFG","KOR",0.00664121807427621
"AFG","MEX",0.00111454468737225
"AFG","NLD",0.184700743850461
"AFG","NZL",0
"AFG","PHL",84.0260845902978
"AFG","KNA",0.194761678678088
"AFG","SYC",2.8127070187504
"AFG","SGP",0.0184700743850461
"AFG","SWE",0.0406341636471015
"AFG","CHE",0.0147760595080369
"AFG","TZA",0.203170818235507
"AFG","TUR",0.790519183679974
"AFG","ARE",2.62502636949328
"AFG","USA",1.5781151902757
"AFG","UZB",2.14622264354236
"AFG","BEL",0.171771691780929
"ALB","AUT",0.000455816752757289
"ALB","BGR",5.82991747333281
"ALB","CAN",0.263899370710179
"ALB","COL",0.0207396622504566
"ALB","CYP",0.886107767360169
"ALB","FRA",1.46226014284538
"ALB","DEU",0.250927122392887
"ALB","BIH",1.6548973818374
"ALB","KIR",0.0911633505514577
"ALB","GRC",8.56940242171953
"ALB","HUN",1.27628690772041
"ALB","HRV",1.59895019890157
"ALB","IDN",0.524189265670882
"ALB","IRQ",1.15070939233578
"ALB","ISR",1.53838154055585
"ALB","ITA",2.51083400216555
"ALB","LBN",0.382430255563365
"ALB","LBY",0.471010644515865
"ALB","MLT",0.241696833149552
"ALB","MOZ",1.7321036604777
"ALB","MKD",4.0122193942159
"ALB","POL",2.39289697613049
"ALB","PRT",0.280099394569354
"ALB","ROU",16.6991252919455
"ALB","RWA",0.00226673100625915
"ALB","RUS",1.13954188189322
"ALB","SAU",0.463731782142905
"ALB","SEN",0.663897100390991
"ALB","SVK",1.08740552465457
"ALB","ESP",1.03447612038267
"ALB","SWE",0
"ALB","CHE",0.254117839662188
"ALB","TTO",0
"ALB","TUN",0.638143453860204
"ALB","TUR",0.749194744030611
"ALB","GBR",2.98879044782954
"ALB","USA",0.466000983700669
"ALB","SRB",17.8586946113838
"ALB","MNE",1.97579365517127
"DZA","AUT",0
"DZA","BHR",0.0366725196679167
"DZA","BRA",0.0590918242373831
"DZA","CMR",0.0320757127684439
"DZA","CAN",1.776120349112
"DZA","CPV",0.106174300388421
"DZA","CHL",0
"DZA","CHN",0.0386221073446948
"DZA","BEN",1.55058026534101
"DZA","DNK",0
"DZA","BLR",0.00150476255420969
"DZA","EGY",9.70814551103024e-05
"DZA","FRA",0.259466659812215
"DZA","GAB",0.00155330328176484
"DZA","GMB",1.95262282060384
"DZA","DEU",0.00239414970597223
"DZA","GHA",1.23107967161215
"DZA","GRC",0.00242703637775756
"DZA","GIN",0.261041245963258
"DZA","HUN",0.0160905934510969
"DZA","IRQ",0.426685130391668
"DZA","IRL",1.61802425183837e-05
"DZA","ITA",0.00460718885634798
"DZA","CIV",0.168589099650153
"DZA","JOR",0.403332995377011
"DZA","KEN",0.0643650047381305
"DZA","KOR",7.28110913327268e-05
"DZA","KWT",0.000436866547996361
"DZA","LBN",0.771865220708863
"DZA","LBY",4.09780237577448
"DZA","MDG",0.0726897395138389
"DZA","MYS",0.597924682024353
"DZA","MLI",1.44271125837834
"DZA","MLT",0.0364829828161939
"DZA","MRT",1.07863329900954
"DZA","MUS",0.0135428629878872
"DZA","MAR",0.152006968548914
"DZA","MOZ",0.38832582044121
"DZA","NLD",0.528960842688529
"DZA","MKD",2.42703637775756e-05
"DZA","NZL",0.00485407275551512
"DZA","NER",61.8413200791072
"DZA","PAN",0.00570254888757671
"DZA","PHL",0.28260411582609
"DZA","POL",0.0182149080150705
"DZA","PRT",0.0715490324162929
"DZA","QAT",0.0558974760335302
"DZA","RUS",0
"DZA","VCT",0.0147398062941862
"DZA","SAU",0.116886071952804
"DZA","SEN",0.533015030152561
"DZA","ZAF",0.125676547774336
"DZA","ESP",1.41145214797967
"DZA","SUR",0.142102979917705
"DZA","SWE",0.0238528609019264
"DZA","CHE",0.00183244535187874
"DZA","SYR",0
"DZA","TZA",0.0051135485959014
"DZA","TGO",0.168198553979367
"DZA","OMN",0.271003802767219
"DZA","TUN",11.863803605489
"DZA","TUR",0.0380679833684479
"DZA","ARE",0.0660371305547532
"DZA","GBR",0.0073487429228472
"DZA","USA",0.0566685764042152
"DZA","BFA",0.0245177592471927
"DZA","VEN",0
"DZA","VNM",0
"DZA","ETH",0.0454826617191767
"DZA","YEM",0.228660923686069
"DZA","COD",0.580601035701336
"DZA","ZMB",0.0873733095992722
"DZA","BEL",0.0569933914841046
"DZA","SDN",0.000728110913327268
"ATG","BRB",0.00286877665083239
"ATG","BRA",0.00657565532183007
"ATG","CAN",0.00134800934097516
"ATG","CHN",0.00271410618913639
"ATG","BEN",0.0495146845733804
"ATG","DMA",0.00473176538821629
"ATG","GMB",99.695131972841
"ATG","GRD",9.8189324724346e-05
"ATG","HUN",5.95194817748304e-05
"ATG","JAM",0.0131513106436601
"ATG","MLT",0
"ATG","MEX",0.177542693689412
"ATG","KNA",0
"ATG","LCA",0.00306544141355841
"ATG","VCT",0
"ATG","SEN",0.0193653049227895
"ATG","CHE",0.000591630776923464
"ATG","SYR",0.00648655430120906
"ATG","TTO",0.00170145081452353
"ATG","USA",0.0149649916187409
"ATG","ZMB",8.79427073529306e-05
"ARG","ARM",9.43759527915578e-06
"ARG","ALB",0.0194707527171483
"ARG","DZA",3.47309153484417
"ARG","ATG",3.4911429691186e-05
"ARG","AUS",9.36310051172193e-05
"ARG","AUT",2.12281953433585e-06
"ARG","BHS",4.70369748713124e-05
"ARG","BHR",0.0902743132874613
"ARG","BRB",7.51442308560337e-05
"ARG","BGD",2.1402148477313
"ARG","BOL",2.15424955553405
"ARG","BWA",7.07819645936683e-06
"ARG","BRA",43.6700379898044
"ARG","BLZ",6.25762866747998e-05
"ARG","BGR",0.00109941693271979
"ARG","BDI",0.0683963928583356
"ARG","CMR",0.108366906455378
"ARG","CAN",0.0126536097807571
"ARG","CPV",0.022173108994545
"ARG","LKA",1.72298045186297
"ARG","TCD",0.00459729819141087
"ARG","CHL",2.7565583527972
"ARG","CHN",0.000256987901948604
"ARG","COL",0.893989517967292
"ARG","COG",0.345929985401338
"ARG","CRI",0.000749110685427467
"ARG","CUB",0.213460877093609
"ARG","CYP",5.42597788204037e-05
"ARG","AZE",3.34279624787698e-05
"ARG","BEN",6.01410759164202e-05
"ARG","DNK",5.66255716749347e-06
"ARG","DMA",0.000105143507297044
"ARG","DOM",0.00584932678769531
"ARG","BLR",0.00013141020201708
"ARG","ECU",0.521419679332187
"ARG","EGY",1.8596895695037
"ARG","SLV",0.000672523664787149
"ARG","GNQ",0.000432834590805916
"ARG","EST",0.000252930111095272
"ARG","FJI",9.43759527915578e-06
"ARG","FIN",9.43759527915578e-06
"ARG","FRA",0.00339580979567335
"ARG","DJI",0.226018702655186
"ARG","GEO",0.0145851456288051
"ARG","GAB",0.0275238284482689
"ARG","GMB",0.0308924495630652
"ARG","DEU",0.00161207288548198
"ARG","BIH",0.0350385494958912
"ARG","GHA",0.0316953032906551
"ARG","GRC",0.0375957843177646
"ARG","GRD",7.33427755078295e-05
"ARG","GTM",0.000208715446108308
"ARG","GIN",0.12222948836249
"ARG","GUY",0.0088853054770302
"ARG","HTI",0.065692422101214
"ARG","HND",0.00103741423358824
"ARG","HKG",0.000725870407924035
"ARG","HUN",0
"ARG","HRV",0.108593990599239
"ARG","IND",0.38302520664745
"ARG","IDN",4.6279479310624
"ARG","IRN",4.84625574498846
"ARG","IRQ",1.98303979660292
"ARG","IRL",0
"ARG","ISR",0.00826700855014266
"ARG","ITA",0.133107290804253
"ARG","CIV",0.276649765825113
"ARG","KAZ",7.55007622332462e-07
"ARG","JAM",0.00026698155659044
"ARG","JPN",0.000566777708694922
"ARG","JOR",0.31684250407057
"ARG","KEN",1.96901877453401
"ARG","KOR",0.381975769396448
"ARG","KWT",0.0755888871451637
"ARG","LVA",0.00016252783776136
"ARG","LBN",0.0773764527681245
"ARG","LBR",0.000242869033488426
"ARG","LBY",0.132340436882709
"ARG","LTU",4.74757079591678e-05
"ARG","MDG",0.127011559551126
"ARG","MWI",0.121754921243857
"ARG","MYS",0.321489174397719
"ARG","MLI",0.178705935801558
"ARG","MLT",0.0409398322131662
"ARG","MRT",0.426985583585346
"ARG","MUS",0.0420036440273656
"ARG","MEX",0.0169884091452505
"ARG","MNG",0.00013970924989394
"ARG","MAR",1.5128735292593
"ARG","MOZ",0.681391767191855
"ARG","NAM",0.0583911692763058
"ARG","NPL",9.43759527915578e-06
"ARG","NLD",0.0301670232559491
"ARG","NZL",0.0477431367784884
"ARG","NIC",6.77534939784791e-05
"ARG","NGA",1.09808626813047
"ARG","NOR",0.00407357742063221
"ARG","PAK",1.13700815352361
"ARG","PAN",0.00421571401175016
"ARG","CZE",0.000104734289073558
"ARG","PNG",9.43759527915578e-06
"ARG","PRY",0.167406598471234
"ARG","PER",2.60105925322571
"ARG","PHL",0.213148301960075
"ARG","POL",0
"ARG","PRT",0.000667856928799337
"ARG","GNB",0
"ARG","ERI",3.72388583372651e-05
"ARG","QAT",1.49524502441096e-05
"ARG","ZWE",0.137805304562857
"ARG","ROU",0.027418282468455
"ARG","RWA",0.100630928604471
"ARG","RUS",0.000382989892974846
"ARG","KNA",2.66800051257565e-05
"ARG","LCA",4.03174070325535e-05
"ARG","VCT",3.8038112680012e-05
"ARG","SAU",0.185708569329
"ARG","SEN",0.253497419368509
"ARG","SLE",0.0130867340794644
"ARG","SGP",0.000420637969535598
"ARG","ZAF",2.42557102630621
"ARG","ESP",0.0541129863960038
"ARG","SUR",0.000429817075303584
"ARG","SWE",0
"ARG","CHE",0.0101303164990352
"ARG","SYR",0.645015652765307
"ARG","TWN",0.000828237564440545
"ARG","TZA",0.813633929039387
"ARG","THA",2.17632751320802
"ARG","TGO",1.6178734764267e-05
"ARG","TTO",0.00240553308934882
"ARG","OMN",0.553213773394773
"ARG","TUN",0.514193053305187
"ARG","TUR",0.682941684410327
"ARG","ARE",0.760862126542311
"ARG","UGA",0.519268767903168
"ARG","GBR",0.0131950943708341
"ARG","UKR",0.00324083569107449
"ARG","USA",0.0935120815660133
"ARG","BFA",0.0470116800698731
"ARG","URY",0.383475778778902
"ARG","VEN",0.121549749053651
"ARG","VNM",0.972698006242784
"ARG","ETH",1.1872408925351
"ARG","YEM",0.654069490156871
"ARG","COD",0.425647615092728
"ARG","ZMB",0.0157014346857151
"ARG","BEL",0.0110608790954824
"ARG","SRB",8.91852753880221e-05
"ARG","SDN",0.731219229902278
"ARG","PSE",0.000122688738629025
"AUS","AFG",6.36885674788867e-06
"AUS","DZA",0.230518253317471
"AUS","ARG",0.00010653015810427
"AUS","AUT",0.000348292624755438
"AUS","BHR",0.21497108937475
"AUS","BGD",1.24137141026334
"AUS","BRA",0.000956243107627937
"AUS","BLZ",1.9106570243666e-05
"AUS","SLB",0.0703626099020733
"AUS","BRN",0.000498857203553622
"AUS","BGR",7.00574242267754e-05
"AUS","MMR",0.994880166006638
"AUS","BDI",0.0571499550966681
"AUS","CMR",1.27377134957773e-05
"AUS","CAN",0.00253692560783945
"AUS","LKA",0.60106925319185
"AUS","CHL",0.000267389374052608
"AUS","CHN",5.1145417862491
"AUS","COL",0.128270166977252
"AUS","COG",0.0231993345174027
"AUS","COK",0.00102194002245421
"AUS","CRI",1.45114142104028e-05
"AUS","CYP",4.47079935882277e-05
"AUS","DNK",2.67077748826096e-05
"AUS","DOM",0
"AUS","ECU",0.0969229879668083
"AUS","EGY",3.78829410343463
"AUS","EST",0
"AUS","FJI",0.859888126550302
"AUS","FIN",0.000181631682355824
"AUS","FRA",0.0016012376792098
"AUS","PYF",0.0198274045661263
"AUS","DJI",0.0124490092496474
"AUS","GEO",0.00028247346757709
"AUS","GMB",6.63552026212954e-05
"AUS","DEU",0.00742692959022365
"AUS","GHA",0.000379897990067963
"AUS","KIR",0.0237180752922463
"AUS","GRC",0.000662853005350381
"AUS","GTM",0
"AUS","HKG",0.0554597004747713
"AUS","HUN",9.75522448213192e-06
"AUS","HRV",2.54754269915547e-05
"AUS","ISL",0.000202211201745465
"AUS","IND",1.34749954209937
"AUS","IDN",16.709680162923
"AUS","IRN",5.1389614329882
"AUS","IRQ",5.6940383483314
"AUS","IRL",0.000123070104968198
"AUS","ISR",0.0334269983976456
"AUS","ITA",1.30717142954495
"AUS","KAZ",0
"AUS","JPN",6.07399075328919
"AUS","JOR",0.0808591296106093
"AUS","KGZ",2.01892758908071e-05
"AUS","KEN",0.654700708796197
"AUS","KHM",0.107697724303571
"AUS","PRK",0.0978251736336616
"AUS","KOR",6.2859174858407
"AUS","KWT",1.9114958503902
"AUS","LAO",0.00289932283392304
"AUS","LBN",0.132687321461441
"AUS","LBY",0.75604023597008
"AUS","MAC",0.000362325209674978
"AUS","MDG",0.0876378737128457
"AUS","MWI",0.233669248727633
"AUS","MYS",4.4458117679549
"AUS","MDV",0.00274068683513003
"AUS","MLI",0.00459707186821994
"AUS","MLT",0.000207864429892318
"AUS","MRT",0.000276708702932659
"AUS","MUS",0.261345964801878
"AUS","MEX",2.8659855365499e-05
"AUS","MNG",0.00187354850943988
"AUS","MAR",0.489984001425337
"AUS","MOZ",0.4621074909967
"AUS","NAM",0.0423585950551143
"AUS","NPL",0.000287533860828888
"AUS","NLD",0.00556581867818441
"AUS","NCL",0.173852054540284
"AUS","VUT",0.0123702085807375
"AUS","NZL",2.35186969460573
"AUS","NGA",1.08614878577125
"AUS","NOR",0.000336711283146796
"AUS","PAK",0.489566143955933
"AUS","PAN",2.04338660713629e-05
"AUS","PNG",1.01137748745705
"AUS","PRY",3.18477356943203e-06
"AUS","PER",2.99336267150768e-06
"AUS","PHL",3.82318966911381
"AUS","POL",0.000303383684243938
"AUS","PRT",2.1008942576328e-05
"AUS","GNB",5.7319710730998e-05
"AUS","TLS",5.43557500851544e-05
"AUS","ERI",0.0182570096289111
"AUS","QAT",0.171978966505934
"AUS","ZWE",0.0954068548653231
"AUS","ROU",0.00137588017483657
"AUS","RWA",0.119231858505468
"AUS","RUS",0.000137237974875993
"AUS","SAU",0.511174932142819
"AUS","SYC",0.000502265725777358
"AUS","SVN",0.000762738426473
"AUS","SGP",0.544873709043762
"AUS","SOM",6.36885674788867e-07
"AUS","ZAF",0.630909437818478
"AUS","ESP",0.102249071902924
"AUS","SWE",0.00115306904009558
"AUS","CHE",0.00244704382250179
"AUS","SYR",0.0283857874080472
"AUS","TWN",1.02159768356117
"AUS","TZA",0.708837533360047
"AUS","THA",2.6863821339213
"AUS","TGO",0.000138216273271253
"AUS","TON",0.0045992294618517
"AUS","TTO",7.64262809746641e-07
"AUS","OMN",0.587836317171994
"AUS","TUN",0.0407259220008771
"AUS","TUR",0.245378639877159
"AUS","ARE",1.2152633506643
"AUS","UGA",0.234496538091829
"AUS","TUV",0.00116392249356133
"AUS","GBR",0.0512739560652175
"AUS","UKR",3.27791881852717e-05
"AUS","USA",0.00940293657656998
"AUS","URY",2.63063556798615e-05
"AUS","VEN",0.0169339961430143
"AUS","VNM",6.2191191036238
"AUS","ETH",0.0704881696847779
"AUS","YEM",3.53688126743913
"AUS","COD",0.0645970702231648
"AUS","ZMB",0.103765763599747
"AUS","BEL",0.00508828106666797
"AUS","LUX",0
"AUS","SRB",4.64926542595873e-06
"AUS","SDN",2.57620273005287
"AUT","ARM",0.000972597772497102
"AUT","AFG",0.00016790518942368
"AUT","ALB",0.00649175285864866
"AUT","DZA",2.81693836033927
"AUT","ARG",0.000335929765550329
"AUT","AUS",0.00700556731367093
"AUT","BHS",3.20138052941502e-05
"AUT","BHR",0.092503192994063
"AUT","BRB",5.98805953722113e-07
"AUT","BTN",0
"AUT","BOL",1.19761190744423e-06
"AUT","BRA",0.000273839678430176
"AUT","BGR",0.491865702098895
"AUT","CMR",0.000351329919982101
"AUT","CAN",0.0194226275305545
"AUT","CPV",1.19761190744423e-06
"AUT","LKA",2.06088469508279e-05
"AUT","TCD",0.00027992961251237
"AUT","CHL",0.000398581024336462
"AUT","CHN",0.00976690218035368
"AUT","COL",0.00020020079052776
"AUT","COM",3.59283572233268e-06
"AUT","COG",0.00211248516956878
"AUT","COK",0.000119761190744423
"AUT","CRI",0.000324953885492662
"AUT","CUB",7.9840793829615e-05
"AUT","CYP",0.0409901650050987
"AUT","AZE",0.00540853103400031
"AUT","BEN",1.19112078599466e-06
"AUT","DNK",0.480834199490212
"AUT","DMA",0.000119112078599466
"AUT","DOM",0.000399203969148075
"AUT","BLR",0.0194396106794269
"AUT","ECU",2.39522381488845e-06
"AUT","EGY",0.0199822177079126
"AUT","SLV",0.000279442778403653
"AUT","GNQ",0.000838328335210958
"AUT","EST",0.00231340145871087
"AUT","FIN",0.020494102490736
"AUT","FRA",1.4667417627758
"AUT","DJI",0
"AUT","GEO",0.00474402436557372
"AUT","GAB",0
"AUT","GMB",0.000612166845372462
"AUT","DEU",20.5087869570626
"AUT","BIH",0.225408309329827
"AUT","GHA",0.000339948685142172
"AUT","GRC",0.752340262011238
"AUT","GRD",0
"AUT","GTM",0.000120958802651867
"AUT","GUY",1.19761190744423e-06
"AUT","HTI",3.08385066166888e-05
"AUT","HKG",0.00310650865871601
"AUT","HUN",2.01774671398697
"AUT","HRV",1.10150529414783
"AUT","ISL",0.000396367890001404
"AUT","IND",5.94569415122698e-05
"AUT","IDN",0.000382497070829489
"AUT","IRN",0.00377245092576147
"AUT","IRQ",0.000234548289214724
"AUT","IRL",0.0749116279839512
"AUT","ISR",0.236492915297287
"AUT","ITA",50.0234870864424
"AUT","CIV",2.39522381488845e-06
"AUT","KAZ",0.00505048110095144
"AUT","JAM",1.19761190744423e-06
"AUT","JPN",0.00859625527656386
"AUT","JOR",0.000363084123841986
"AUT","KGZ",0.000506748869324422
"AUT","KEN",9.94017883178707e-05
"AUT","KHM",0
"AUT","PRK",0.000898208930583169
"AUT","KOR",0.000601236229592829
"AUT","KWT",0.0025358970806857
"AUT","LVA",0.0217377007480896
"AUT","LAO",0
"AUT","LBN",0.00154576676105324
"AUT","LBR",0
"AUT","LBY",0.00510025911988233
"AUT","LTU",0.0429648452890736
"AUT","MDG",1.43713428893307e-05
"AUT","MYS",0.00278914578148243
"AUT","MDV",0.0203028245637049
"AUT","MLT",0.0498978961543178
"AUT","MUS",0.00019616228030772
"AUT","MEX",0.000681740578312625
"AUT","MNG",0.000575850602032771
"AUT","MAR",0.000164243918735208
"AUT","MOZ",2.37250488981498e-06
"AUT","MDA",0.00149996308984747
"AUT","NAM",4.639813042638e-05
"AUT","NPL",1.4293449431936e-06
"AUT","NLD",2.17423307219199
"AUT","MKD",0.252167440133762
"AUT","NZL",0.000245313110934
"AUT","NGA",0.000328797135192474
"AUT","NOR",0.103634638435872
"AUT","PAK",1.1194588051915e-05
"AUT","PAN",3.86657558689136e-05
"AUT","CZE",2.2129921127681
"AUT","PNG",5.98805953722113e-07
"AUT","PRY",1.88242522037304e-06
"AUT","PER",0.00201065732460914
"AUT","PHL",0.00043563436336983
"AUT","POL",1.06383029740838
"AUT","PRT",0.0430385053550794
"AUT","QAT",0.0001396683011014
"AUT","ZWE",0
"AUT","ROU",0.804934477812274
"AUT","RWA",0
"AUT","RUS",0.0569755184566906
"AUT","KNA",0
"AUT","SAU",0.00147077355217721
"AUT","SEN",5.98805953722113e-06
"AUT","SYC",9.65275197400046e-05
"AUT","SLE",0
"AUT","SVN",3.69587583600447
"AUT","SVK",0.480547625329743
"AUT","SGP",0.00149471289659849
"AUT","ZAF",0.0134395198338465
"AUT","ESP",0.110300891817398
"AUT","TJK",0.000639125554606068
"AUT","SWE",0.107418986435146
"AUT","CHE",5.37799779567882
"AUT","SYR",0.000411339120698032
"AUT","TKM",0.0079868149849574
"AUT","TWN",0.00499454840409195
"AUT","TZA",3.99203969148075e-06
"AUT","THA",0.000169405116771689
"AUT","TGO",4.99297061900324e-06
"AUT","TTO",0.000410780884253369
"AUT","OMN",0.169558724024022
"AUT","TUN",2.28635000512079e-06
"AUT","TUR",0.00585426048495185
"AUT","ARE",0.179899253350895
"AUT","UGA",0
"AUT","GBR",0.665829445966468
"AUT","UKR",0.0150289731559346
"AUT","USA",0.0769451672492975
"AUT","BFA",1.35052418273463e-05
"AUT","URY",0.000805358783876611
"AUT","UZB",0.000161718463387035
"AUT","VEN",0.000185085476605017
"AUT","VNM",0.00120238331445108
"AUT","ETH",0.00155138646490325
"AUT","YEM",0.158029016700642
"AUT","COD",0.000230779165452357
"AUT","ZMB",0
"AUT","BEL",0.75259301728143
"AUT","LUX",0.0769282556650391
"AUT","SRB",0.575153885110963
"AUT","MNE",0.0191500415892839
"AUT","SDN",2.39522381488845e-06
"AUT","PSE",0.000445511629569252
"BHS","CAN",0
"BHS","CUB",3.97378084427091
"BHS","HTI",0.993445211067728
"BHS","JAM",0
"BHS","MEX",0
"BHS","USA",95.0327739446614
"BHR","AFG",0.00261804942571835
"BHR","ATG",0.000334855001321294
"BHR","AUS",9.88379295068924
"BHR","BHS",0.000301124358853973
"BHR","BLZ",0.000180179616366322
"BHR","CAN",0.0132729017396884
"BHR","LKA",0.00060884870365543
"BHR","CHN",0.0611588522821879
"BHR","CYP",0.000766382118239446
"BHR","DNK",0.000555828816543972
"BHR","EGY",0.130090673014377
"BHR","FRA",0.00158223663114358
"BHR","DJI",0.119772749983026
"BHR","GAB",0.00248274971379492
"BHR","DEU",0.000304424351827715
"BHR","GRC",0.000909713777347179
"BHR","HKG",0.0799632022444629
"BHR","ISL",0
"BHR","IND",0.00403214355772363
"BHR","IDN",0.0425093544902058
"BHR","IRN",0.0315383628493512
"BHR","IRQ",1.52334249987274
"BHR","ITA",0.000528526874674545
"BHR","CIV",0.0505953272737662
"BHR","KAZ",0.0243539481462172
"BHR","JAM",0.00640813260597339
"BHR","JPN",0
"BHR","JOR",2.2144630000239
"BHR","KEN",0.300308534591004
"BHR","KHM",0.000121769740731086
"BHR","KOR",0.143365752749428
"BHR","KWT",2.21328991340396
"BHR","LBN",1.95032505241944
"BHR","LBR",0.00494815613118339
"BHR","LBY",0.127878522724429
"BHR","MYS",1.21896529211131
"BHR","MLT",0.00351063565024734
"BHR","MUS",0.0107157371843356
"BHR","MAR",0
"BHR","MOZ",2.88594285532674
"BHR","NLD",0.00024023948848843
"BHR","VUT",0.00380338333050815
"BHR","NZL",4.95962065510676
"BHR","NOR",0.000757725529527969
"BHR","PAK",0.0438321566737303
"BHR","PAN",0.00702315504648387
"BHR","PHL",1.2547357034499
"BHR","POL",0.000121769740731086
"BHR","PRT",0.000961617952548467
"BHR","QAT",0.742520446545087
"BHR","VCT",0
"BHR","SAU",38.9135860612209
"BHR","SEN",0.0245366027573138
"BHR","SYC",0.0284332344607086
"BHR","SVK",0
"BHR","SGP",0.130818255465227
"BHR","ZAF",13.1029942754508
"BHR","ESP",0
"BHR","SWZ",0.0148559083691925
"BHR","CHE",0.000680953550131696
"BHR","SYR",0.130267222638472
"BHR","TWN",1.66579483198366
"BHR","TZA",0.130780701545186
"BHR","THA",0.0357150649564275
"BHR","OMN",2.44810371662476
"BHR","TUR",0.000220357030821633
"BHR","ARE",5.20407748251048
"BHR","TUV",0.000211034550670811
"BHR","GBR",0.00273985216637917
"BHR","USA",0.161100583238895
"BHR","YEM",4.50350016376646
"BHR","ZMB",0.550155688623046
"BHR","BEL",0.0178729929452957
"BHR","LUX",0
"BHR","SDN",6.05548710681687e-05
"BHR","PSE",2.86154324352774
"BRB","ATG",1.85705665366362
"BRB","AUS",0
"BRB","AUT",0.0380673850825437
"BRB","BHS",0.0304074763939187
"BRB","BRA",4.0504224612049e-05
"BRB","BLZ",0.40517001554447
"BRB","CAN",0.784849142410612
"BRB","CPV",0.0919412968429601
"BRB","CHN",0.000459706484214801
"BRB","COL",0
"BRB","COG",0.000162016898448196
"BRB","CRI",8.10084492240981e-05
"BRB","CUB",0.00172060628941428
"BRB","CYP",0
"BRB","DNK",0.367589559297642
"BRB","DMA",7.34426497936272
"BRB","DOM",0.0879263951597619
"BRB","FIN",0
"BRB","FRA",0.317807504358567
"BRB","GAB",0.122727800574509
"BRB","DEU",0.123069909427375
"BRB","GHA",0
"BRB","GRC",0.000190336925412718
"BRB","GRD",2.89486792928743
"BRB","GTM",8.10084492240981e-05
"BRB","GUY",18.258514567848
"BRB","HTI",0.304580133722693
"BRB","HKG",0
"BRB","IND",0
"BRB","ITA",0.000135123849586538
"BRB","CIV",0.0486050695344589
"BRB","JAM",9.46469499847803
"BRB","JPN",0
"BRB","MEX",0.000162016898448196
"BRB","NLD",0.22329847307567
"BRB","NZL",0.000432045062528523
"BRB","NIC",8.10084492240981e-05
"BRB","NGA",5.46642380943101e-05
"BRB","NOR",0
"BRB","PAN",0.116605876340287
"BRB","CZE",0
"BRB","PER",0.000190336925412718
"BRB","KNA",0.898669933839984
"BRB","LCA",37.8193467451149
"BRB","VCT",1.25984423865734
"BRB","SAU",0
"BRB","ESP",0
"BRB","SUR",1.54879724768914
"BRB","SWE",0
"BRB","CHE",0.000532341237758359
"BRB","TTO",6.89075298095732
"BRB","TUR",0.000106547698347143
"BRB","ARE",0.000162016898448196
"BRB","GBR",0.708615079659291
"BRB","UKR",0.0947732995394123
"BRB","USA",7.89252351493432
"BRB","VEN",0
"BRB","BEL",4.0504224612049e-05
"BRB","LUX",0
"BGD","AFG",0.180900322576413
"BGD","AUS",1.59202517942017
"BGD","AUT",0.00942288829919445
"BGD","BHR",1.12991793056864
"BGD","BTN",1.22409622709203
"BGD","BOL",0.0330996888479318
"BGD","SLB",0.0204038139047618
"BGD","BRN",0.330795079626265
"BGD","MMR",0.529723277037292
"BGD","CAN",0.753847762095464
"BGD","CPV",0.0370095918615452
"BGD","LKA",0.239444130133995
"BGD","CHN",0.159357144182187
"BGD","COM",0.0869757685570581
"BGD","CRI",0
"BGD","CYP",0.248108626485471
"BGD","BEN",0.263761152510277
"BGD","DNK",0.0104636214431307
"BGD","EGY",0.000286991521802877
"BGD","SLV",0.000478319203004795
"BGD","FJI",0.0507183720670287
"BGD","FIN",0.0662410739949512
"BGD","FRA",0.173168273215971
"BGD","DJI",0.0363522594283644
"BGD","GEO",0.000193660945606819
"BGD","GMB",0.0908471125245834
"BGD","DEU",0.0178787033154574
"BGD","GHA",0.504871881558373
"BGD","GRC",0.0763909325878061
"BGD","GTM",4.78319203004795e-05
"BGD","GIN",0.101164511435514
"BGD","GUY",0.0098424870146759
"BGD","HND",3.22768242678032e-05
"BGD","HKG",0.114384306086427
"BGD","IND",18.3296020894491
"BGD","IDN",0.000223215628068904
"BGD","IRQ",0.0996338899858987
"BGD","IRL",0.0329539153765399
"BGD","ITA",0.807257468797497
"BGD","CIV",0.367066382186968
"BGD","JAM",0.0138312025148549
"BGD","JPN",0.149665326790559
"BGD","JOR",0.303086088009836
"BGD","KEN",0.00904023293679062
"BGD","KHM",0.14269696351156
"BGD","KOR",0.187566212692196
"BGD","KWT",0.565679811118991
"BGD","LAO",0.0209982130119105
"BGD","LBN",0.14906845507127
"BGD","LBR",0.0853558673375052
"BGD","MDG",0.131757807659701
"BGD","MYS",8.55426552874983
"BGD","MDV",0.137071450686029
"BGD","MLI",0.00179369701126798
"BGD","MRT",0.341519910945423
"BGD","MUS",0.591050224598606
"BGD","MEX",0.000331928465897275
"BGD","MNG",0.00999184186174964
"BGD","MOZ",0.839521581880765
"BGD","NAM",4.75726686999349e-05
"BGD","NPL",3.25884719130759
"BGD","NLD",0.0885835868002284
"BGD","NCL",0.000239159601502397
"BGD","VUT",0.00430461357544261
"BGD","NZL",0.108940358113224
"BGD","NIC",0.0904396615983846
"BGD","NER",0.340572838923474
"BGD","NOR",0.00102177537064642
"BGD","PAK",0.0148251546333715
"BGD","PNG",0.0535924260516804
"BGD","PER",0
"BGD","PHL",0.369316349052615
"BGD","PRT",0.16358538347064
"BGD","TLS",0.00129146184811295
"BGD","QAT",3.01962911560669
"BGD","RWA",0.00196110873231966
"BGD","RUS",4.78319203004795e-05
"BGD","SAU",19.1023022390588
"BGD","SEN",0.0754641225187258
"BGD","SLE",0.319775831078746
"BGD","SGP",3.13551347923082
"BGD","SOM",0.102551637124228
"BGD","ZAF",0.418725543128228
"BGD","ESP",0.00712695612477144
"BGD","SUR",0.0593668881807107
"BGD","SWZ",0.0215570298368844
"BGD","SWE",0.0414301969599042
"BGD","CHE",0.00830719903625075
"BGD","TZA",0.000382655362403836
"BGD","THA",0.00573564537450589
"BGD","TGO",0.0337530028813042
"BGD","TTO",0.0208604855991212
"BGD","OMN",1.93879081343804
"BGD","TUR",0
"BGD","ARE",6.90152046632625
"BGD","UGA",0.0222896748600234
"BGD","GBR",11.0300655798184
"BGD","UKR",0.0335400709000569
"BGD","USA",7.8154330065814
"BGD","BFA",0.0864642457053136
"BGD","VEN",0.481530552580741
"BGD","VNM",0.0131537780826319
"BGD","ETH",0.0112524592506878
"BGD","COD",0.0208290513425551
"BGD","BEL",0.696194539760531
"BGD","SDN",0.0256857412013575
"BGD","PSE",0.0107143501473074
"BTN","BHR",0.00693926487411944
"BTN","BGD",1.11819004060827
"BTN","CAN",0.100747129642705
"BTN","LKA",0
"BTN","IND",98.7659408913999
"BTN","SGP",0.000694010077906121
"BTN","THA",0.000902150408407325
"BTN","ARE",0.0065865129886917
"BOL","ARG",0.147166060771148
"BOL","AUS",0.000945299868347669
"BOL","BRA",1.41866746342065
"BOL","CAN",4.48604404411445
"BOL","CHL",10.518826488735
"BOL","CHN",0.115955066684674
"BOL","COL",0.0141995316282379
"BOL","CRI",0.0487898368017481
"BOL","CUB",0
"BOL","DEU",0.130792668569188
"BOL","GTM",1.38685994018474
"BOL","HKG",0.00638914529546701
"BOL","ISR",0.0495619175525307
"BOL","ITA",0.000781310517889536
"BOL","JPN",0.00031509995611589
"BOL","KWT",0.00285135409880346
"BOL","LBN",0
"BOL","MYS",0.00411862258716055
"BOL","MEX",0.661936573751855
"BOL","NOR",0.000633634244178547
"BOL","PAN",0.00190090273253564
"BOL","PRY",12.441502084469
"BOL","PER",51.1716816200139
"BOL","QAT",0.00285135409880346
"BOL","RUS",0.0133063191277495
"BOL","ZAF",0.00327377692825583
"BOL","ESP",0.110113153565492
"BOL","CHE",0
"BOL","ARE",0.0146369510405244
"BOL","GBR",0.0377408396688847
"BOL","USA",1.96207606786044
"BOL","URY",12.3547686035421
"BOL","VEN",2.78296281241554
"BOL","COD",0
"BOL","BEL",0.108351455754532
"BWA","BRA",0
"BWA","CAN",0
"BWA","CHN",0.000190246784397356
"BWA","AZE",3.91660900366655
"BWA","FRA",0.456592282553655
"BWA","GHA",0
"BWA","IND",0.0381761880690695
"BWA","KEN",0
"BWA","MWI",0.208240314954179
"BWA","NAM",6.48582216718475
"BWA","NGA",0
"BWA","ZWE",15.3557102553453
"BWA","SGP",0.0194051720085303
"BWA","ZAF",61.6640756052908
"BWA","SWZ",2.55229723978502
"BWA","CHE",0
"BWA","GBR",9.5123392198678e-05
"BWA","USA",0
"BWA","COD",8.48263494399138
"BWA","ZMB",0.820151456974135
"BRA","ARM",0.000393812991134977
"BRA","AFG",4.11169746841824e-06
"BRA","ALB",0.000621809986002595
"BRA","DZA",7.29198638722405
"BRA","ATG",0.000425713097896556
"BRA","ARG",0.13320655820253
"BRA","AUS",0.0113104893866933
"BRA","AUT",4.76230431556121e-05
"BRA","BHS",0.0234193127478382
"BRA","BHR",0.000671928058110172
"BRA","BRB",0.00130949507881497
"BRA","BGD",5.33864464012639
"BRA","BOL",0.0660799558612272
"BRA","BWA",0.0012295599888095
"BRA","BLZ",0.000916366207054842
"BRA","SLB",0.00165815996267359
"BRA","BGR",1.0278369047836
"BRA","MMR",0.0105887219274937
"BRA","BDI",0.000413791047595825
"BRA","CMR",0.0086974750280074
"BRA","CAN",0.0139665860796151
"BRA","CPV",0.0196944633450887
"BRA","CAF",0
"BRA","LKA",0.229380643655983
"BRA","CHL",0.0859027235717647
"BRA","CHN",0.0693137468995334
"BRA","COL",0.696445388746
"BRA","COM",3.61192775609119e-05
"BRA","COG",0.0433374069539387
"BRA","COK",3.31631992534717e-06
"BRA","CRI",0.0122810878224349
"BRA","CUB",0.104577655376034
"BRA","CYP",0.00158726396290365
"BRA","AZE",0.000552719987557862
"BRA","BEN",0.000870049507853563
"BRA","DNK",0.00137754278923439
"BRA","DMA",0.000414539990668397
"BRA","DOM",0.0120394988384719
"BRA","BLR",0.000729314023582599
"BRA","ECU",0.469913488757182
"BRA","EGY",2.85642332371729
"BRA","SLV",0.0900689776280901
"BRA","GNQ",0.0131719145107099
"BRA","EST",0.00163743296314017
"BRA","FRO",1.8015076667638e-05
"BRA","FJI",0.00428821896395681
"BRA","FIN",0.000224287479829171
"BRA","FRA",0.00361679111647808
"BRA","PYF",0.00107780397573783
"BRA","DJI",1.79864952789174
"BRA","GEO",0.00047660864780777
"BRA","GAB",0.00415981658423083
"BRA","GMB",0.00346926191117263
"BRA","DEU",0.389818823668879
"BRA","BIH",0.00012776257322153
"BRA","GHA",0.00602602870142278
"BRA","KIR",0.000319886692799113
"BRA","GRC",0.513090368879222
"BRA","GRD",5.51222101412719e-05
"BRA","GTM",0.00228009595834814
"BRA","GIN",0.0015613882258276
"BRA","GUY",0.00339297688983466
"BRA","HTI",0.00707403933656299
"BRA","HND",0.0051150693136108
"BRA","HKG",0.00652384046257439
"BRA","HUN",0.00192752024087838
"BRA","HRV",0.307779522494418
"BRA","ISL",1.98080463833744e-05
"BRA","IND",0.570731112917071
"BRA","IDN",6.43742797039288
"BRA","IRN",2.12912663707709
"BRA","IRQ",0.00137216444179448
"BRA","IRL",0.000124304983909119
"BRA","ISR",1.37613183490886
"BRA","ITA",0.392627167270096
"BRA","CIV",0.00102573820227572
"BRA","JAM",0.00374761887472368
"BRA","JPN",0.0746380563508396
"BRA","JOR",0.00216470841224641
"BRA","KEN",1.22738981721061
"BRA","PRK",0.00302780009184197
"BRA","KOR",2.60431443704404
"BRA","KWT",0.00968828698337287
"BRA","LVA",0.000307414768494499
"BRA","LAO",0
"BRA","LBN",0.0052452096341659
"BRA","LBR",0.00403218403273326
"BRA","LBY",1.14176401202756
"BRA","LTU",0.00105201262314768
"BRA","MAC",1.37880419660437e-05
"BRA","MDG",0.0017234770618451
"BRA","MYS",0.00785631423827047
"BRA","MDV",0.000586966158494272
"BRA","MLI",0.3305816740208
"BRA","MLT",0.00228441995442967
"BRA","MRT",1.09021253323652
"BRA","MUS",0.00344959994247531
"BRA","MEX",0.0107116642350144
"BRA","MNG",0.000946656179828277
"BRA","MAR",2.58376166225502
"BRA","MOZ",0.71872012282075
"BRA","NAM",0.0066715868876496
"BRA","NLD",0.00241625597066371
"BRA","NCL",0.00321352074814906
"BRA","MKD",0.000165815996267359
"BRA","VUT",0.000576500427998156
"BRA","NZL",0.00101524202724371
"BRA","NIC",0.00263581557032437
"BRA","NER",0.000787625982269953
"BRA","NGA",0.610265882157784
"BRA","NOR",0.000919620832794586
"BRA","PAK",6.71158896046153
"BRA","PAN",0.0141760637889129
"BRA","CZE",0.00154761596516201
"BRA","PNG",0.00196942027566688
"BRA","PRY",0.921708357565406
"BRA","PER",0.0350852803548606
"BRA","PHL",7.04409787092059
"BRA","POL",0.00147968383270748
"BRA","PRT",0.163569839157966
"BRA","GNB",0.00136357975671944
"BRA","QAT",0.0018191659188663
"BRA","ROU",1.30762040748791
"BRA","RWA",0.000646743049831577
"BRA","RUS",0.0224609327629405
"BRA","LCA",3.98386224509737
"BRA","VCT",0.000632861296363578
"BRA","STP",0.00586140914171386
"BRA","SAU",2.05718102233985
"BRA","SEN",0.0468694753595674
"BRA","SYC",0.000918473291519605
"BRA","SLE",0.00413704245093714
"BRA","SVN",0.00141772676808592
"BRA","SVK",0.000303111641176732
"BRA","SGP",0.00198628046071824
"BRA","SOM",0.000292941593405667
"BRA","ZAF",2.85260181237433
"BRA","ESP",2.46979932427957
"BRA","SUR",0.00537298446281952
"BRA","TJK",8.29079981336793e-05
"BRA","SWZ",0.000769783349744775
"BRA","SWE",7.16562518828994e-05
"BRA","CHE",0.00312496765073296
"BRA","SYR",0.497637115651477
"BRA","TWN",0.023208787867309
"BRA","TZA",0.481891178602914
"BRA","THA",3.31221181804751
"BRA","TGO",0.00050920339926916
"BRA","TTO",0.00227209042073826
"BRA","OMN",0.244443219068994
"BRA","TUN",2.18767623235567
"BRA","TUR",1.64550583924299
"BRA","ARE",1.5975574573137
"BRA","UGA",0.0016060463638467
"BRA","TUV",1.15009570581781e-05
"BRA","GBR",0.0894048906615758
"BRA","UKR",0.00130648600386916
"BRA","USA",1.80342670473927
"BRA","BFA",0.00025342211429528
"BRA","URY",0.435458846335945
"BRA","UZB",8.29079981336793e-05
"BRA","VEN",1.04260821797331
"BRA","VNM",10.7618589219138
"BRA","ETH",0.200824729806115
"BRA","YEM",0.682763889266747
"BRA","COD",0.128965955918573
"BRA","ZMB",0.00459473766486172
"BRA","BEL",0.158935691481264
"BRA","LUX",0.000361496284789279
"BRA","MNE",5.60231886575756e-05
"BRA","SDN",1.00545578677156
"BRA","SSD",0.00127678317125866
"BRA","PSE",0.526522502892831
"BLZ","BHR",0.0768371377430495
"BLZ","BRB",0
"BLZ","CRI",0
"BLZ","DNK",0.018527535301299
"BLZ","FJI",0.0384185688715247
"BLZ","GHA",0.00047471388798598
"BLZ","GRD",0.000882263585776142
"BLZ","GUY",7.91189813309967e-05
"BLZ","HND",0
"BLZ","JAM",0.0221533147726791
"BLZ","KOR",8.02057805251038e-05
"BLZ","MRT",99.8224696796439
"BLZ","MEX",0
"BLZ","VCT",0.00270982511058664
"BLZ","THA",0
"BLZ","USA",0.0173676363213975
"SLB","AUS",0
"SLB","FJI",93.2863313740641
"SLB","KIR",0
"SLB","IDN",0
"SLB","KOR",0.0472838685124034
"SLB","PNG",0
"SLB","TUR",0.046643165687032
"BRN","AUS",0.000909743196085224
"BRN","BHR",0
"BRN","BGD",0
"BRN","CAN",0.0028506728885483
"BRN","CHL",0
"BRN","CHN",0.636370839659883
"BRN","EGY",0
"BRN","FRA",0.00228053831083864
"BRN","DEU",0
"BRN","HKG",0.00638550727034819
"BRN","IDN",0.0086635734529366
"BRN","ITA",0
"BRN","JPN",0.00455860449342705
"BRN","JOR",0
"BRN","KOR",0.00228053831083864
"BRN","MYS",76.9633125061817
"BRN","MUS",0
"BRN","NPL",0
"BRN","NLD",0
"BRN","NZL",15.0288916759079
"BRN","NOR",0
"BRN","PHL",0.446007988212094
"BRN","SAU",4.60668738789405
"BRN","SGP",0.449730807346255
"BRN","CHE",0.0034084468250068
"BRN","SYR",1.68866754548882
"BRN","TWN",0.00114026915541932
"BRN","THA",0
"BRN","TUR",0
"BRN","ARE",0.130806486040379
"BRN","GBR",0.0112126466949566
"BRN","USA",0.00583422267054655
"BRN","VNM",0
"BGR","ARM",0.00180315500566919
"BGR","AFG",0.0182746820554372
"BGR","ALB",0.331497985606412
"BGR","DZA",0.780177379883042
"BGR","ATG",0.000553952457374763
"BGR","ARG",0.000151508186436982
"BGR","AUS",0.00091031858936433
"BGR","AUT",0.0102266761724325
"BGR","BHS",8.85908545073955e-05
"BGR","BHR",0.00043860908212537
"BGR","BRB",4.5134306557924e-05
"BGR","BGD",1.184352639886
"BGR","BOL",0
"BGR","BRA",0.00117024461289604
"BGR","BLZ",7.01446862516562e-06
"BGR","BRN",5.71004724813963e-05
"BGR","MMR",3.91095166889386e-05
"BGR","CMR",0
"BGR","CAN",0.0101922797680885
"BGR","LKA",0.0370340818786904
"BGR","TCD",0.110351273541778
"BGR","CHL",0.000762902334464827
"BGR","CHN",0.00234627965518926
"BGR","COL",0.000364807096780303
"BGR","COM",5.10026381719918e-05
"BGR","COG",0.000136883308411285
"BGR","CRI",0.00077378489506171
"BGR","CYP",0.433346144551991
"BGR","AZE",0.00657784493197455
"BGR","BEN",4.24336810786118e-05
"BGR","DNK",0.00315855233916848
"BGR","DMA",0
"BGR","DOM",5.91219498406817e-05
"BGR","BLR",0.00520970432188918
"BGR","ECU",0.000151508186436982
"BGR","EGY",1.02257926407255
"BGR","SLV",0.000168649312376776
"BGR","EST",0.000683051225841884
"BGR","FIN",0.00112276275679488
"BGR","FRA",0.545705425269068
"BGR","DJI",2.46908821028025
"BGR","GEO",0.0442413820454068
"BGR","GAB",0.000606775985546794
"BGR","GMB",0.00183779077979339
"BGR","DEU",0.748639509053921
"BGR","BIH",0.0348712908729771
"BGR","GHA",0.0069643739495762
"BGR","GRC",8.48561739746963
"BGR","GTM",0
"BGR","GIN",4.90646663915775e-05
"BGR","HND",1.16907810419427e-05
"BGR","HKG",0.000289456801211949
"BGR","HUN",0.0588655917511801
"BGR","HRV",0.134898247192595
"BGR","ISL",1.36883308411285e-05
"BGR","IND",0.617507992387006
"BGR","IDN",2.39846079743504
"BGR","IRN",0.284831278815293
"BGR","IRQ",0.0154921048964984
"BGR","IRL",0.843559657244891
"BGR","ISR",1.63611822368969
"BGR","ITA",8.3337087470904
"BGR","CIV",6.44714456932805e-05
"BGR","KAZ",0.000342512022571356
"BGR","JAM",1.18513686936177e-05
"BGR","JPN",0.00395472954891081
"BGR","JOR",0.0905737516315978
"BGR","KGZ",0.000398811853197796
"BGR","KEN",0.313807766713936
"BGR","KHM",9.25884164497594e-05
"BGR","PRK",0.257100713905687
"BGR","KOR",2.7166085772147
"BGR","KWT",0.00111031254423484
"BGR","LVA",0.0032960543326378
"BGR","LBN",1.21447872317011
"BGR","LBR",5.98433416895363e-05
"BGR","LBY",3.54775588695407
"BGR","LTU",0.00664877754153915
"BGR","MDG",0.56887706689939
"BGR","MYS",0.0174959965348034
"BGR","MDV",0.000152941431228182
"BGR","MLI",2.38212510741717e-05
"BGR","MLT",0.0135335032849903
"BGR","MRT",0.517259859142088
"BGR","MUS",0.000986902204859134
"BGR","MEX",0.00822457647289374
"BGR","MNG",0.000307972612508704
"BGR","MAR",1.41806914158331
"BGR","MOZ",0.0161965053716243
"BGR","MDA",0.00344671254312357
"BGR","NLD",1.23058274202503
"BGR","MKD",0.442374039222173
"BGR","NZL",0.000937742197578757
"BGR","NIC",0.000106763488463115
"BGR","NGA",0.134450072397501
"BGR","NOR",0.000609437187059477
"BGR","PAK",4.01017374909802
"BGR","PAN",0.000372407260688658
"BGR","CZE",0.0512615234064268
"BGR","PRY",0.000479921657011006
"BGR","PER",0.000195573116881309
"BGR","PHL",2.06239041328756
"BGR","POL",0.079764987851224
"BGR","PRT",2.09653465190093
"BGR","QAT",0.000912038698639302
"BGR","ZWE",0.0109392256932987
"BGR","ROU",9.30913896433361
"BGR","RWA",3.91095166889386e-06
"BGR","RUS",0.00813948514831516
"BGR","KNA",0
"BGR","VCT",0.000289722605893002
"BGR","STP",3.50723431258281e-05
"BGR","SAU",0.00548053784540081
"BGR","SEN",0.394805897874171
"BGR","SYC",7.16770778590001e-05
"BGR","SLE",0
"BGR","SVN",0.0206864790809009
"BGR","SVK",0.0316467284507351
"BGR","SGP",0.00122033748990376
"BGR","SOM",0.130871976246332
"BGR","ZAF",0.000987855842584532
"BGR","ESP",21.3847764830223
"BGR","SUR",0.000228968443160695
"BGR","TJK",0.000689749657968553
"BGR","SWE",0.144700384824331
"BGR","CHE",0.0228735037956011
"BGR","SYR",1.9037059003082
"BGR","TKM",0.00100706303476568
"BGR","TWN",0.00226781856001463
"BGR","TZA",7.15417988212291e-05
"BGR","THA",0.904251259659791
"BGR","TGO",3.55541060808532e-05
"BGR","TON",1.47660345715197e-05
"BGR","TTO",0.000231812771647163
"BGR","OMN",0.000524664716990826
"BGR","TUN",2.3649067575127
"BGR","TUR",1.09293159256664
"BGR","ARE",0.214982677866406
"BGR","UGA",0.466635598237323
"BGR","GBR",0.431602048591685
"BGR","UKR",0.0157130146311138
"BGR","USA",0.0352320772311934
"BGR","BFA",0.00362297304489805
"BGR","URY",0.00134533332951733
"BGR","VNM",1.49729390277081
"BGR","ETH",1.83709825882079
"BGR","YEM",0.329206966467407
"BGR","COD",0.000105121640312389
"BGR","BEL",0.243798032864767
"BGR","LUX",5.37631399042857e-05
"BGR","SRB",0.384725734418366
"BGR","MNE",0.0212263975601025
"BGR","SDN",4.06888863509632
"BGR","PSE",0.00110551465320109
"BDI","AUS",0.0203286339577933
"BDI","BGD",0.9147885281007
"BDI","COG",0.000618236203057066
"BDI","EGY",0.0309118101528533
"BDI","KEN",0.978959063134482
"BDI","RWA",1.27893754021655
"BDI","ZAF",0.00512404441106466
"BDI","TZA",0.758664619304847
"BDI","ARE",0
"BDI","USA",0.0100626738091077
"BDI","COD",95.9952433565542
"BDI","BEL",0.00636149415534984
"CMR","CAN",0.282421178038937
"CMR","CAF",35.298900259064
"CMR","TCD",23.3820101184046
"CMR","COG",7.737908133254
"CMR","CYP",0.00175402817630397
"CMR","EGY",0.000195954101439953
"CMR","GNQ",0.853767278537043
"CMR","FIN",0.0121491542892771
"CMR","FRA",0.3540700102088
"CMR","GAB",9.51784347430144
"CMR","DEU",0.0109040403330633
"CMR","GHA",0.0966494484066978
"CMR","GIN",0.0193298896813396
"CMR","IDN",0
"CMR","IRL",0.102875903255975
"CMR","ITA",0.00193298896813396
"CMR","CIV",0.039668757120771
"CMR","KOR",0.026519121728207
"CMR","KWT",0.00077956807835732
"CMR","MDG",0
"CMR","MAR",0
"CMR","NLD",0.26587803021214
"CMR","NGA",3.16437268421014
"CMR","SEN",0.0109925471539486
"CMR","SWZ",0.019489201958933
"CMR","SWE",0
"CMR","CHE",0.0233881044325702
"CMR","TZA",0.000391908202879906
"CMR","THA",0
"CMR","TUN",14.9033449443128
"CMR","TUR",9.66494484066978e-05
"CMR","ARE",0.000195954101439953
"CMR","GBR",0.370570523322953
"CMR","UKR",0.00313526562303925
"CMR","USA",0.962034802376212
"CMR","ETH",0.000195954101439953
"CMR","COD",0.563885806542044
"CMR","BEL",1.17873420722093
"CMR","LUX",0
"CAN","ARM",0.000109894497658616
"CAN","AFG",0.00284086276180063
"CAN","ALB",2.67016026296897e-05
"CAN","DZA",3.69751721534616
"CAN","ATG",0.000101950070671998
"CAN","ARG",0.00765349210961706
"CAN","AUS",0.220412866422263
"CAN","AUT",0.000680978084912371
"CAN","BHS",0.016208796235958
"CAN","BHR",0.0098497759938727
"CAN","BRB",0.00125536481753861
"CAN","BGD",3.21212128978904
"CAN","BTN",0
"CAN","BOL",0.0740839069501065
"CAN","BWA",0.0403156964393173
"CAN","BRA",0.703326162316646
"CAN","BLZ",2.69704783075422e-05
"CAN","BRN",5.66897968833318e-05
"CAN","BGR",0.0168017528545566
"CAN","MMR",0.0656374802463307
"CAN","BDI",0.0277703469982071
"CAN","CMR",0.439925672808344
"CAN","LKA",2.49429471342986
"CAN","TCD",0.00221361792026266
"CAN","CHL",1.12338396476376
"CAN","CHN",4.04449192605959
"CAN","COL",3.44061457587438
"CAN","COM",0.0120105635890334
"CAN","COG",0.0141273249787989
"CAN","COK",3.36843024612948e-05
"CAN","CRI",0.347244888846596
"CAN","CUB",0.694804941445588
"CAN","CYP",0.0620937265412543
"CAN","BEN",1.3948291545443e-05
"CAN","DNK",0.00364512159264348
"CAN","DMA",5.40511875155687e-05
"CAN","DOM",0.406806054977652
"CAN","BLR",0
"CAN","ECU",2.02773087456764
"CAN","EGY",0.48875649559682
"CAN","SLV",0.0546200080788693
"CAN","GNQ",0.00885927345528115
"CAN","FRO",0
"CAN","FJI",1.33924214836991e-05
"CAN","FIN",0.00580826545788933
"CAN","FRA",0.0468690852616903
"CAN","PYF",8.67275663409804e-05
"CAN","DJI",0.00786547391621145
"CAN","GEO",0.000139251452684636
"CAN","GAB",0.0132614177611424
"CAN","GMB",0.032795493763697
"CAN","DEU",0.107240938262297
"CAN","BIH",2.09322852683079e-05
"CAN","GHA",1.35865642485948
"CAN","GRC",0.16648838724406
"CAN","GRD",4.1641165834056e-05
"CAN","GTM",0.404022859282922
"CAN","GIN",0.0175789213507848
"CAN","GUY",0.0908033967287918
"CAN","HTI",0.120331465580368
"CAN","HND",0.000526079097687509
"CAN","HKG",0.0204682140337534
"CAN","HUN",4.01187757739681e-05
"CAN","HRV",0
"CAN","ISL",0.00344280366466157
"CAN","IND",0.347690538129145
"CAN","IDN",5.92411900735926
"CAN","IRN",3.50281354404111
"CAN","IRQ",2.00721922538194
"CAN","IRL",0.0341589246957184
"CAN","ISR",0.0702212432515141
"CAN","ITA",4.21731645446383
"CAN","CIV",0.0812636561427715
"CAN","KAZ",0.000592627355947026
"CAN","JAM",0.378743926198085
"CAN","JPN",7.15223706995864
"CAN","JOR",0.0102509356279928
"CAN","KEN",0.360434873273647
"CAN","KHM",0.000242778524558781
"CAN","PRK",0.0790775987997562
"CAN","KOR",1.88823508377119
"CAN","KWT",0.0891558409693523
"CAN","LVA",0.0232536974850661
"CAN","LAO",0.000132766038393849
"CAN","LBN",0.0395228892633955
"CAN","LBR",0.000740859722241926
"CAN","LBY",0.220086262837466
"CAN","LTU",6.89644041429071e-06
"CAN","MAC",0.000442999686070786
"CAN","MDG",1.0609908329678e-05
"CAN","MWI",0.103023024393709
"CAN","MYS",0.848871452445545
"CAN","MDV",0.000248355909924449
"CAN","MLI",0.0472278504441288
"CAN","MLT",0.00272164563385006
"CAN","MRT",0.0609095457591058
"CAN","MUS",5.96336367125852e-05
"CAN","MEX",4.05404577026945
"CAN","MNG",0.00029094910417474
"CAN","MAR",3.12770565311044
"CAN","MOZ",0.384826582612822
"CAN","NAM",0.0415916399896049
"CAN","NPL",0.000958004372822915
"CAN","NLD",0.305637942979448
"CAN","NCL",1.5189975319728e-05
"CAN","MKD",2.86467524901307e-06
"CAN","NZL",0.0665500723212016
"CAN","NIC",0.0216757884809693
"CAN","NER",0.110913782063312
"CAN","NGA",2.06031376799328
"CAN","NOR",0.0253285117188898
"CAN","PAK",0.384415408281263
"CAN","PAN",0.0133879621920293
"CAN","CZE",9.42863353145506e-06
"CAN","PNG",0
"CAN","PRY",1.37408376468017e-05
"CAN","PER",3.7764029538842
"CAN","PHL",1.47071522237455
"CAN","POL",0.0305670941852817
"CAN","PRT",0.149429456490722
"CAN","TLS",0.003073135507523
"CAN","ERI",0.00640556682349325
"CAN","QAT",0.010370746371035
"CAN","ZWE",0.0644929177963623
"CAN","ROU",0.42082460866314
"CAN","RWA",0.0347960857719976
"CAN","RUS",0.011554808897497
"CAN","KNA",0.000489203389046402
"CAN","LCA",0.00167145336247848
"CAN","VCT",0.00119452491083685
"CAN","SAU",0.934772032524809
"CAN","SEN",0.0921067333737932
"CAN","SYC",9.09821204124219e-06
"CAN","SLE",4.30438086541521e-06
"CAN","SVN",9.53813506954591e-05
"CAN","SGP",0.0713493769641929
"CAN","SOM",0.0152672345526677
"CAN","ZAF",0.533661972926956
"CAN","ESP",0.553257223719449
"CAN","SUR",1.63613782068584e-05
"CAN","SWZ",0.0241774364305254
"CAN","SWE",0.00114435243704043
"CAN","CHE",0.125057423919234
"CAN","SYR",1.85673395769365e-05
"CAN","TKM",0.0176097066946708
"CAN","TWN",0.0760161588530213
"CAN","TZA",0.258503587725833
"CAN","THA",0.873704529291824
"CAN","TGO",0.172428691864907
"CAN","TON",0.0410139376693388
"CAN","TTO",0.00930757141694673
"CAN","OMN",0.122358594512735
"CAN","TUN",0.736789604387138
"CAN","TUR",0.673416737173586
"CAN","ARE",1.33417120979618
"CAN","UGA",0.0410783214314288
"CAN","GBR",1.84363074393515
"CAN","UKR",0.0456910857534823
"CAN","USA",13.3374840764681
"CAN","BFA",0.0174167114489482
"CAN","URY",8.11656549563413e-05
"CAN","VEN",3.12543847884831
"CAN","VNM",0.868050762020262
"CAN","ETH",0.198134009481905
"CAN","YEM",0.015466048232538
"CAN","COD",0.0430505766319304
"CAN","ZMB",0.00912503566500595
"CAN","BEL",1.05003499565423
"CAN","MNE",0.000115242581532112
"CAN","SDN",1.24314753652339
"CAN","SSD",9.60354846100937e-06
"CPV","FRA",0.201994827140651
"CPV","DEU",0.574813356842122
"CPV","GIN",84.6132592115591
"CPV","NLD",0.916210090064005
"CPV","PRT",1.57202207304303
"CPV","GNB",5.7037631652549
"CPV","SEN",0.554888498822087
"CPV","ESP",0.235901390365169
"CPV","USA",5.12861475124843
"CPV","LUX",0.498532635660469
"CAF","FRA",20.2191780821918
"CAF","COD",79.7808219178082
"LKA","DZA",0.00244985041682675
"LKA","AUS",0.127951203624118
"LKA","AUT",0.000179655697233962
"LKA","BHS",0.0040932917381147
"LKA","BHR",0.012203763872397
"LKA","BRB",0.00326646722243567
"LKA","BGD",0.00471983992598798
"LKA","BWA",0.00568530643428288
"LKA","BLZ",0.0145238439711414
"LKA","SLB",0.0067123098219733
"LKA","BGR",0.0236259805198131
"LKA","MMR",0.08121977800332
"LKA","CAN",0.173801442172269
"LKA","CPV",0.0235806268787631
"LKA","TCD",0
"LKA","CHL",5.5105036476049e-06
"LKA","CHN",0.0506385269218484
"LKA","COL",0.075721844500582
"LKA","COM",0
"LKA","COG",0.00517190643552315
"LKA","CYP",0.00299776523396109
"LKA","AZE",0
"LKA","BEN",0.0209026681675696
"LKA","DNK",0.00168116392768363
"LKA","BLR",8.16616805608918e-06
"LKA","EGY",0.0013610280093482
"LKA","SLV",0
"LKA","FJI",0.0113431762721868
"LKA","FIN",0.0089827848616981
"LKA","FRA",0.0376710046231719
"LKA","PYF",0.0223970769218339
"LKA","GAB",0.0133380744916123
"LKA","GMB",0.161091230925379
"LKA","DEU",0.0502986910985684
"LKA","GHA",1.7719367101077
"LKA","KIR",0.00571631763926243
"LKA","GRC",0
"LKA","GTM",0.0198002354799976
"LKA","GIN",0.0150012507190358
"LKA","GUY",0.0074536698931954
"LKA","HTI",0.000659073202998377
"LKA","HKG",2.19082588103626
"LKA","HUN",0.0293982050019211
"LKA","ISL",0
"LKA","IND",0.677649575166883
"LKA","IDN",55.1946586553739
"LKA","IRN",0
"LKA","IRQ",0.00645975824439661
"LKA","IRL",0.00192371587492729
"LKA","ISR",0.0128483589094195
"LKA","ITA",0.0503778343240485
"LKA","CIV",0.050030004884341
"LKA","JPN",0.0173291873285569
"LKA","JOR",0.0318594573042279
"LKA","KEN",0.00545284555193614
"LKA","KHM",1.67333157111105
"LKA","PRK",0.417721737258383
"LKA","KOR",1.10678543096075
"LKA","KWT",0.0498648141801444
"LKA","LVA",0.000406095349130722
"LKA","LBN",0.01512224500254
"LKA","LBR",0.083267149200719
"LKA","LBY",0.0253151209738765
"LKA","LTU",0.000816616805608918
"LKA","MAC",0.131724672590992
"LKA","MDG",0
"LKA","MWI",0
"LKA","MYS",4.26385496048163
"LKA","MDV",5.35602659785738
"LKA","MLI",0.0129570862364102
"LKA","MLT",0.00988811684171582
"LKA","MRT",0.257857589268749
"LKA","MUS",0.00590759967906118
"LKA","MNG",0.0058878071684403
"LKA","MAR",0.000408308402804459
"LKA","MOZ",0.00043269625428904
"LKA","MDA",0.00336171705255331
"LKA","NAM",0
"LKA","NPL",0.00244985041682675
"LKA","NLD",0.0120935493733375
"LKA","NCL",0.0046792142961391
"LKA","MKD",0.000522734343005026
"LKA","VUT",0.00807225712344416
"LKA","NZL",0.0322538575382668
"LKA","NER",0
"LKA","NGA",0.0103334690581753
"LKA","NOR",0.00758840613348669
"LKA","PAK",0.0189786879908036
"LKA","CZE",0.000856864348171072
"LKA","PNG",0.0583761985337782
"LKA","PHL",0.619611218087357
"LKA","POL",0
"LKA","PRT",0.0020470525176699
"LKA","GNB",0.0911435090260176
"LKA","TLS",0.000408308402804459
"LKA","QAT",0.14803795664057
"LKA","ROU",0.181249095879053
"LKA","RUS",0.000247302425029603
"LKA","KNA",0.00163323361121784
"LKA","LCA",0.0119661582581893
"LKA","SAU",0.420958075502198
"LKA","SEN",0.0488234772653432
"LKA","SYC",0.133197676966756
"LKA","SLE",0.250873604055682
"LKA","SGP",10.6188657778138
"LKA","SOM",0.0054754156816078
"LKA","ZAF",0.0152617470539177
"LKA","ESP",0.00408308402804459
"LKA","SUR",0
"LKA","SWZ",0.00444330277451875
"LKA","SWE",0.00062346278276144
"LKA","CHE",0.0381195419156575
"LKA","SYR",0
"LKA","TWN",0.136045409076214
"LKA","TZA",0.0175844818807787
"LKA","THA",11.2071912765252
"LKA","TGO",0.0461967872620823
"LKA","TON",0.00245801658488284
"LKA","TTO",0.00723745203443759
"LKA","OMN",0.0672942694380241
"LKA","TUN",0.00489970083365351
"LKA","TUR",0.00579389623579528
"LKA","ARE",0.415548884811156
"LKA","UGA",0.00274383246684597
"LKA","GBR",0.298931276781029
"LKA","UKR",0.00285815881963121
"LKA","USA",0.204297124834587
"LKA","BFA",0.0130658688897427
"LKA","VNM",0.203480567228164
"LKA","ETH",0.0150257492232041
"LKA","YEM",0.0159417210734954
"LKA","ZMB",0.000840699255686523
"LKA","BEL",0.00507655037882917
"LKA","SRB",0.00124942371258164
"CHL","ARG",4.26789542446546
"CHL","AUS",0.0105716331802272
"CHL","AUT",0.00316012194865944
"CHL","BHS",0.0192211813031099
"CHL","BHR",0.0384423626062198
"CHL","BRB",0.0117462774630116
"CHL","BOL",6.69367235779191
"CHL","BRA",4.12609070831116
"CHL","BLZ",0.0320353021718498
"CHL","CAN",0.115480595992649
"CHL","TCD",0.000832917856468096
"CHL","CHN",0.0749865684463547
"CHL","COL",4.30976902190711
"CHL","COG",0.0832917856468096
"CHL","CRI",1.65433241428978
"CHL","CUB",1.88255592532747
"CHL","BEN",0.0531490839826734
"CHL","DNK",0.00579934467501238
"CHL","DMA",0.0128141208687399
"CHL","DOM",1.48758611007554
"CHL","ECU",3.82154819879682
"CHL","SLV",0.60607966450977
"CHL","EST",0.00320353021718498
"CHL","FJI",0.0765200957568251
"CHL","FIN",0
"CHL","FRA",0.0251652202065408
"CHL","PYF",0.96485387800181
"CHL","GEO",0.0128141208687399
"CHL","DEU",0.0238635219888425
"CHL","GRC",0.0128141208687399
"CHL","GRD",0.0128141208687399
"CHL","GTM",3.09676259499672
"CHL","GUY",0.0896988460811795
"CHL","HTI",9.79714482930423
"CHL","HND",1.30673971188251
"CHL","HKG",0
"CHL","IND",0.0448494230405898
"CHL","IDN",0.00427137362291331
"CHL","ISR",0.0277639285489365
"CHL","ITA",0.0284487870026452
"CHL","CIV",0
"CHL","JAM",0.026543536085247
"CHL","JPN",0.598070020410887
"CHL","KEN",0.0384423626062198
"CHL","KOR",0.198416301545683
"CHL","KWT",0.0320353021718498
"CHL","LVA",0.0525804356649888
"CHL","LBN",0.0320353021718498
"CHL","MDV",0
"CHL","MEX",1.73633381158551
"CHL","MNG",0.0961059065155495
"CHL","MAR",0.00320353021718498
"CHL","MOZ",0.00640706043436997
"CHL","NLD",0.0541364484585553
"CHL","NZL",0.0819021770036934
"CHL","NIC",0.632162394952833
"CHL","NGA",0.0469851098520464
"CHL","NOR",0.000384423626062198
"CHL","PAK",0.156440795269941
"CHL","PAN",1.15656814545907
"CHL","PNG",0.397237746930938
"CHL","PRY",6.92163204577586
"CHL","PER",15.1171082155261
"CHL","PHL",0.044710516581308
"CHL","POL",0.0320353021718498
"CHL","PRT",0.0352388323890348
"CHL","ROU",0.00640706043436997
"CHL","LCA",0.00640706043436997
"CHL","SAU",0.0640706043436997
"CHL","SLE",0.0256282417374799
"CHL","ZAF",0.0830536602880409
"CHL","ESP",0.0483055760242031
"CHL","SUR",0.0391356505322641
"CHL","SWE",0.0534591007296277
"CHL","CHE",0.027763971957205
"CHL","TWN",0.372415010728352
"CHL","TZA",0.0832917856468096
"CHL","THA",0.158040824047793
"CHL","TGO",0.00640706043436997
"CHL","TTO",0.0234925549260232
"CHL","TUR",0.662722717233151
"CHL","ARE",0.0435680109537158
"CHL","GBR",0.000653294441309404
"CHL","USA",13.0293405606413
"CHL","URY",1.08519240908054
"CHL","VEN",9.34830808698906
"CHL","VNM",0.0320353021718498
"CHL","ZMB",0.102061520957254
"CHL","BEL",0.0531838105974938
"CHN","ARM",0.0215371497542924
"CHN","AFG",0.25783227910948
"CHN","ALB",0.00296442957113653
"CHN","DZA",0.00599831278151422
"CHN","ATG",0.00229358373196952
"CHN","ARG",0.0037333560737259
"CHN","AUS",0.840498527911607
"CHN","AUT",0.000811361619724509
"CHN","BHS",0.00765286614002811
"CHN","BHR",0.00271675560673638
"CHN","BRB",0.000637091739945964
"CHN","BGD",0.764806679589551
"CHN","BTN",0.000326402719634225
"CHN","BOL",0.0016909926961811
"CHN","BWA",0.000439489124281054
"CHN","BRA",0.0675075510688695
"CHN","BLZ",0.0013975241377592
"CHN","SLB",0.000929815942693068
"CHN","BRN",0.00512061332821118
"CHN","BGR",0.000819328390633897
"CHN","MMR",0.777548606740965
"CHN","CMR",0.00569437896452851
"CHN","CAN",0.211335022520384
"CHN","CPV",0.00100069806430038
"CHN","CAF",2.74024340737099e-06
"CHN","LKA",0.546012431434473
"CHN","TCD",5.02130420221504e-05
"CHN","CHL",0.0412567378903632
"CHN","COL",0.0138314743958323
"CHN","COM",0.00304824082545237
"CHN","COG",0.00503168579179022
"CHN","COK",4.08808670937054e-05
"CHN","CRI",0.00778980922484799
"CHN","CUB",0.0270368038626499
"CHN","CYP",0.00300297807034145
"CHN","AZE",0.00284939643643127
"CHN","BEN",0.0463801682043245
"CHN","DNK",0.00827527080726
"CHN","DMA",0.000749650579663981
"CHN","DOM",0.00953332647165693
"CHN","BLR",0.00249526638936541
"CHN","ECU",0.00744108588547441
"CHN","EGY",0.00935111812962967
"CHN","SLV",0.00174815944621392
"CHN","GNQ",0.00300596904348007
"CHN","EST",0.00104396033340287
"CHN","FRO",0
"CHN","FJI",0.00556531412772646
"CHN","FIN",0.00280803354573745
"CHN","FRA",0.0625718511244313
"CHN","PYF",0.00338009024299212
"CHN","DJI",0.0967268251085584
"CHN","GEO",0.000709818963405234
"CHN","GAB",0.00288575033230239
"CHN","GMB",0.00945971170558856
"CHN","DEU",0.0448919294359864
"CHN","GHA",0.486463597874158
"CHN","KIR",0.00050691049884102
"CHN","GRC",0.00321178787180231
"CHN","GRD",0
"CHN","GTM",0.0101234011054997
"CHN","GIN",0.0493517368892813
"CHN","GUY",0.000580627468424483
"CHN","HTI",0.00787807523967308
"CHN","HND",0.00345812348672301
"CHN","HKG",18.0858195764974
"CHN","HUN",0.00228486545077642
"CHN","HRV",0.00080135410864337
"CHN","ISL",0.000137012170368549
"CHN","IND",0.0275905866527001
"CHN","IDN",8.50333104471685
"CHN","IRN",0.0432441584156403
"CHN","IRQ",0.0175983330217545
"CHN","IRL",0.00587809548336479
"CHN","ISR",0.054642428523287
"CHN","ITA",0.0633288248003828
"CHN","CIV",0.00475834376957448
"CHN","KAZ",0.0251943074026667
"CHN","JAM",0.000291698539407947
"CHN","JPN",3.5189185633496
"CHN","JOR",0.0180049406661707
"CHN","KGZ",0.0943330313024245
"CHN","KEN",0.184764869252511
"CHN","KHM",0.0204900612182447
"CHN","PRK",13.8099001673352
"CHN","KOR",20.9600946919381
"CHN","KWT",0.0138469738511919
"CHN","LVA",0.000905436776010851
"CHN","LAO",0.0150282428602367
"CHN","LBN",0.0119654092091079
"CHN","LSO",0
"CHN","LBR",0.0381351956192884
"CHN","LBY",0.00822888391084853
"CHN","LTU",0.00342745263974965
"CHN","MAC",0.867159103192255
"CHN","MDG",0.140531137802394
"CHN","MWI",0.000450463712489346
"CHN","MYS",1.30281055618733
"CHN","MDV",0.0188810978333573
"CHN","MLI",0.0019384437306939
"CHN","MLT",0.0023340002004757
"CHN","MRT",0.00842624847766579
"CHN","MUS",0.036857600913022
"CHN","MEX",0.0565203489267899
"CHN","MNG",1.34152565884078
"CHN","MAR",0.00697483129491389
"CHN","MOZ",0.076439557164611
"CHN","MDA",0.0525492913687265
"CHN","NAM",0.00102759127776412
"CHN","NPL",0.00999840223834696
"CHN","NLD",0.13256816728936
"CHN","NCL",0.00212009207124034
"CHN","MKD",0
"CHN","VUT",0.00466484729986199
"CHN","NZL",0.0970206688844508
"CHN","NIC",0.00258233688102124
"CHN","NER",0.00079869979621393
"CHN","NGA",0.0699461163436749
"CHN","NOR",0.00265213506464715
"CHN","PAK",0.0325836962998926
"CHN","PAN",0.0182045370356366
"CHN","CZE",0.00650947897962164
"CHN","PNG",0.155841824165674
"CHN","PRY",0.0149274759616535
"CHN","PER",0.0111383544324832
"CHN","PHL",13.8026332073879
"CHN","POL",0.0112109282457996
"CHN","PRT",0.0283038472353556
"CHN","GNB",0.00215485890947136
"CHN","TLS",0.000262328179851979
"CHN","ERI",4.75124046622211e-05
"CHN","QAT",0.00405219183594043
"CHN","ZWE",0.0935935465466734
"CHN","ROU",0.0120266595817309
"CHN","RWA",4.36953718400295e-05
"CHN","RUS",0.428270105775735
"CHN","LCA",0.00247718004026337
"CHN","SAU",0.111300333819432
"CHN","SEN",0.000519776977171742
"CHN","SYC",0.000781067767374845
"CHN","SLE",0.0337377276126737
"CHN","SVN",0.00517223913594832
"CHN","SVK",0.0015557787641353
"CHN","SGP",0.417899383040325
"CHN","SOM",0.000240456358996804
"CHN","ZAF",0.0322529354523164
"CHN","ESP",0.04701874802336
"CHN","SUR",0.000984699784918259
"CHN","TJK",0.0285388724809419
"CHN","SWZ",0.000411036511105648
"CHN","SWE",0.00767268843633453
"CHN","CHE",0.00137441632974383
"CHN","SYR",0.0103910642663554
"CHN","TKM",0.00116595129143467
"CHN","TWN",0.0817565899019306
"CHN","TZA",0.00389652322028328
"CHN","THA",2.41664188434482
"CHN","TGO",0.0821189295568953
"CHN","TON",0.00116494597855859
"CHN","TTO",0.00196120766008643
"CHN","OMN",0.00228768640453376
"CHN","TUN",0.00306980656582216
"CHN","TUR",0.0328351419680954
"CHN","ARE",0.199198711472549
"CHN","UGA",0.00107953429956163
"CHN","GBR",0.291813186257108
"CHN","UKR",0.0176961428965088
"CHN","USA",1.09693835539691
"CHN","BFA",0.00179275155228387
"CHN","URY",0.0127740321285178
"CHN","UZB",0.0141603024907968
"CHN","VEN",0.00423768747626508
"CHN","VNM",5.34024490262463
"CHN","ETH",0.477973993752884
"CHN","YEM",0.175137492691646
"CHN","COD",0.00381147510358431
"CHN","ZMB",0.00092644659149655
"CHN","BEL",0.0365844324342164
"CHN","LUX",0
"CHN","SRB",0.00156891683268509
"CHN","MNE",0.00063573647051007
"CHN","SDN",0.00675266078280184
"CHN","SSD",0.000356633891877558
"CHN","PSE",0.00461374782499053
"COL","AFG",0.274189710438788
"COL","ATG",0.158076522241304
"COL","ARG",0.101597469122998
"COL","AUS",0.505940664289313
"COL","AUT",0.0604252288293793
"COL","BHS",0.0362551372976276
"COL","BHR",0.000241700915317517
"COL","BRB",0.115379227848389
"COL","BOL",0.368968397553068
"COL","BRA",1.08018473666512
"COL","BLZ",0.0241700915317517
"COL","SLB",0.00425997863247124
"COL","CMR",0.0380851585136031
"COL","CAN",0.430662361065394
"COL","CPV",0.00677517878249415
"COL","CAF",0.0956732789798506
"COL","CHL",0.876378798721382
"COL","CHN",0.0100195345901594
"COL","COG",0.437102677523101
"COL","CRI",1.09172381540439
"COL","CUB",3.59358183969147
"COL","BEN",0.136518215950643
"COL","DNK",7.4508073488801e-05
"COL","DMA",0.118217951953175
"COL","DOM",2.04199639422826
"COL","ECU",15.5615840750271
"COL","SLV",0.368751721227468
"COL","GNQ",0.099231958744393
"COL","FJI",0.00782506713340462
"COL","FRA",0.748899281097676
"COL","PYF",0.065230958630905
"COL","GAB",0.4621464613255
"COL","GMB",0.0986945404213195
"COL","DEU",0.0033462741576399
"COL","GHA",0.36460995065844
"COL","GRC",0.0419955340364186
"COL","GRD",0.0625922972633057
"COL","GTM",1.05912755671559
"COL","GIN",0.0427395196663804
"COL","GUY",0.992757670352943
"COL","HTI",4.32199795446172
"COL","HND",0.265051711834847
"COL","HKG",0.175041571416229
"COL","HRV",0.0135956764866103
"COL","ISR",0.43260415842766
"COL","ITA",0.062682542734934
"COL","CIV",0.0560595060464567
"COL","JAM",0.72783551004933
"COL","JPN",0.0147800109716662
"COL","KOR",0.0340731151454556
"COL","KWT",0.00102722889009945
"COL","LBN",0.154114546129332
"COL","LBR",0.0543827059464414
"COL","MDG",0.0241700915317517
"COL","MYS",0.000211488300902828
"COL","MLI",0.0789455614655841
"COL","MLT",0.0090637843244069
"COL","MRT",0.0838400050007638
"COL","MUS",0.00455455162301447
"COL","MEX",0.508559788687292
"COL","MOZ",0.0332338758561586
"COL","NPL",0
"COL","NLD",0.31045443851091
"COL","NZL",0.0364051103820875
"COL","NIC",0.0156669190525952
"COL","NER",0.0431436133841768
"COL","NGA",0.940952453550528
"COL","NOR",6.04252288293793e-05
"COL","PAN",3.05256355223517
"COL","PNG",0.00287019836939552
"COL","PRY",0.0121061945959661
"COL","PER",2.85659594922114
"COL","PHL",0.0129789297675315
"COL","POL",0.0120850457658759
"COL","PRT",0.0401662975636747
"COL","ROU",0.000105744150451414
"COL","RUS",0.000908702479703358
"COL","KNA",0.114183540744584
"COL","LCA",0.343289457986256
"COL","VCT",0.0896408269683842
"COL","STP",0.00256807222524862
"COL","SAU",0.00151063072073448
"COL","SEN",0.0261036988542919
"COL","SLE",0.766935131871131
"COL","SVK",6.04252288293793e-05
"COL","SGP",0.152765049352142
"COL","ZAF",0.0732776750013883
"COL","ESP",2.10646750449013
"COL","SUR",1.37853293070953
"COL","SWE",0.014134468110339
"COL","CHE",0.00238981780020195
"COL","TWN",0.0226594608110172
"COL","THA",0.0241700915317517
"COL","TGO",0.0648546273581835
"COL","TTO",0.560378719090346
"COL","OMN",0.0151063072073448
"COL","TUN",0.019275647996572
"COL","ARE",0.00457936912771225
"COL","GBR",0.317504242068468
"COL","UKR",0.0211488300902828
"COL","USA",19.3675288778799
"COL","BFA",0.0421264553655489
"COL","URY",0.00927527262530972
"COL","VEN",27.2529806365633
"COL","VNM",0.209403630508214
"COL","YEM",0.0151063072073448
"COL","COD",0.146093097002232
"COL","BEL",0.23263713099311
"COM","MDG",0
"COM","TUR",100
"COG","CAN",0.00108922792084218
"COG","CAF",0.0331845536208883
"COG","CHN",0.162498636971171
"COG","EGY",0.326768376252654
"COG","FRA",0.0151032225430489
"COG","GAB",0.381229772294763
"COG","DEU",0
"COG","ITA",0.000272306980210545
"COG","MAR",9.95772755601357
"COG","POL",0.0161613085816014
"COG","ESP",0.00571844658442144
"COG","CHE",0.0163384188126327
"COG","GBR",0.00636268504979761
"COG","USA",0.0125261210896851
"COG","COD",0.0049846690578017
"COG","BEL",0.00367614423284236
"COK","FJI",60.3269754768392
"COK","NAM",39.6730245231608
"CRI","ARM",0.0144742482512973
"CRI","ATG",0.00711385726486222
"CRI","ARG",0.0222446341546253
"CRI","AUS",0.0335155027271486
"CRI","AUT",0
"CRI","BHS",0.0133918796160172
"CRI","BRB",0.447002459472285
"CRI","BOL",0.0462711223847337
"CRI","BRA",0.000121888406326714
"CRI","BLZ",0.125515848712599
"CRI","CMR",0
"CRI","CAN",0.0532068080583538
"CRI","CHL",0.951452566470489
"CRI","CHN",0.000512947043291588
"CRI","COL",0.740147344237235
"CRI","CUB",0.172769197942722
"CRI","DMA",0.166811358430381
"CRI","DOM",2.69485318155581
"CRI","ECU",0.0327666394759985
"CRI","SLV",6.35788840335275
"CRI","FRA",0.44400268250162
"CRI","DEU",0.000127916762466179
"CRI","GRD",0.0201157243129843
"CRI","GTM",17.7872273991532
"CRI","GIN",0.232797772259704
"CRI","GUY",0.249499621974865
"CRI","HTI",0.412643042251896
"CRI","HND",6.57068101007483
"CRI","HKG",0.000384710282468691
"CRI","IND",0.020568668567633
"CRI","ITA",0.0021159065535778
"CRI","CIV",0
"CRI","JAM",0.980539632804873
"CRI","JPN",0
"CRI","KOR",0.00196425313881248
"CRI","LVA",7.92274641123641e-05
"CRI","LBN",0.0304721015816785
"CRI","LTU",1.52360507908392e-05
"CRI","MUS",0.00131030036801217
"CRI","MEX",0.199741723173131
"CRI","NLD",0.00738948463355703
"CRI","NIC",42.4942676337899
"CRI","PAN",11.394419971835
"CRI","CZE",0
"CRI","PER",0.00721636208172996
"CRI","PHL",0.397291360094559
"CRI","RUS",1.52360507908392e-05
"CRI","KNA",0.00152360507908392
"CRI","LCA",0.0368235528361523
"CRI","SAU",0.0352232472477213
"CRI","ESP",0.00697430224950666
"CRI","SUR",0.0153171480087908
"CRI","CHE",0.00534023580218915
"CRI","TWN",0
"CRI","TTO",1.2576034646667
"CRI","OMN",0.000136381235127756
"CRI","TUR",0.00914163047450355
"CRI","ARE",0.000456998943504089
"CRI","GBR",0.00251272147434659
"CRI","USA",4.97209969666018
"CRI","VEN",0.475186418278318
"CRI","COD",0.0116708149057829
"CRI","BEL",0.00457081523725177
"CUB","BHS",0.0093723454463152
"CUB","BHR",0.349477287828702
"CUB","CHL",0.000805176818236708
"CUB","DOM",7.02020444591538
"CUB","FRA",0.000161035363647342
"CUB","GUY",0.200203179060211
"CUB","HTI",29.054423627147
"CUB","HND",0.0019324243637681
"CUB","ITA",0
"CUB","JAM",0.144146288923352
"CUB","LBY",0
"CUB","MLI",0.335339343002905
"CUB","MEX",0.0174738643914351
"CUB","PAN",0
"CUB","ESP",0.222005141606043
"CUB","TJK",0.000966212181884049
"CUB","SWE",0.000161035363647342
"CUB","CHE",0.000160162543248169
"CUB","TTO",0.233276089625659
"CUB","VEN",62.4098923404186
"CUB","BEL",0
"CYP","AFG",0.434738764733979
"CYP","DZA",0.211331343967906
"CYP","ATG",0.392472495940398
"CYP","ARG",0.513233263922058
"CYP","AUS",0.141373279906698
"CYP","AUT",0.000612097848698253
"CYP","BHR",1.44171603072347
"CYP","BGD",1.20692573665624
"CYP","BRN",0.723351312889835
"CYP","BGR",3.0804280406223
"CYP","CMR",0.0966086143853287
"CYP","CAN",0.0910024173772423
"CYP","CAF",0.00313977996752318
"CYP","LKA",0.000244839139479301
"CYP","CHN",0.0146320059412128
"CYP","AZE",0.145510090210869
"CYP","DNK",0.183629354609476
"CYP","EGY",2.72856775115109
"CYP","FIN",0.0121756049036455
"CYP","FRA",0.0275015231659774
"CYP","GEO",0.170226236404918
"CYP","DEU",0.0752705796913857
"CYP","BIH",0.265673689559654
"CYP","GRC",3.12229670971451
"CYP","HKG",0.0434238409803705
"CYP","IND",5.43272504957497
"CYP","IDN",0.265673689559654
"CYP","IRN",0.0604412620153486
"CYP","IRQ",0.0122419569739651
"CYP","IRL",0
"CYP","ISR",2.48508803762793
"CYP","ITA",0.00446724792293854
"CYP","JPN",0.0330546993405392
"CYP","JOR",1.84489982036612
"CYP","KGZ",0
"CYP","KEN",0.295863881555069
"CYP","KWT",10.2010686738818
"CYP","LBN",4.00572865691986
"CYP","LBY",0.159145440661546
"CYP","MYS",0.00734517418437904
"CYP","MLT",0.225644563756986
"CYP","NPL",0.265673689559654
"CYP","NLD",0.00498859746689076
"CYP","NZL",0.0302314961591892
"CYP","NGA",0.183629354609476
"CYP","PAK",0.935191514044645
"CYP","PAN",0
"CYP","CZE",0.0144564573208815
"CYP","PHL",0.00244839139479301
"CYP","POL",3.06048924349127e-05
"CYP","PRT",0.00608017196373598
"CYP","QAT",3.7487521813089
"CYP","ZWE",0.00489678278958603
"CYP","ROU",0.00146903483687581
"CYP","RUS",0.0969580824456932
"CYP","SAU",10.1672353159054
"CYP","SVK",0
"CYP","SGP",0.0100651528969989
"CYP","ZAF",0.000634141480948874
"CYP","ESP",0
"CYP","SWE",0.102799262546147
"CYP","CHE",0.00592055376457341
"CYP","SYR",0.0153024462174563
"CYP","TWN",0.196506111319056
"CYP","TZA",0.265773217665133
"CYP","THA",0
"CYP","OMN",2.20698813929409
"CYP","ARE",25.2419696275938
"CYP","UGA",0.000165216655095789
"CYP","GBR",12.8230135598059
"CYP","UKR",0.915031294525611
"CYP","USA",0.198150625839047
"CYP","VNM",0.103566102901697
"CYP","ETH",0.0121756049036455
"CYP","YEM",0.234115907670429
"CYP","ZMB",0
"CYP","BEL",0.00244839139479301
"CYP","SRB",1.98785162751526
"CYP","SDN",0
"CYP","PSE",0.0121756049036455
"AZE","AFG",0.564294429806463
"AZE","AUT",0
"AZE","BRN",0.000143011431729797
"AZE","BGR",0.00429034295189392
"AZE","CHN",0.0691698624799786
"AZE","BLR",0
"AZE","FRA",0.00164463146489267
"AZE","DJI",0.115267213974217
"AZE","GEO",77.134403091451
"AZE","DEU",0
"AZE","IRN",5.57621370419188
"AZE","IRQ",5.27170599953686
"AZE","ISR",0.286342518339971
"AZE","KAZ",1.49449772612764
"AZE","JPN",0
"AZE","KGZ",0.660372338865987
"AZE","KWT",0.00328926292978534
"AZE","LBY",0.22552902783789
"AZE","MDV",0.00228818290767676
"AZE","MNG",0.524771147175956
"AZE","QAT",0.155882460585479
"AZE","RUS",1.87933119768145
"AZE","SAU",0.165960697091446
"AZE","SOM",0.115267213974217
"AZE","TJK",1.33766044969053
"AZE","CHE",0.00325050644422171
"AZE","TKM",1.62985227808685
"AZE","TUR",0.707327642681147
"AZE","ARE",0.00439643883112436
"AZE","GBR",0.0158027632061426
"AZE","UKR",0.789208586000886
"AZE","USA",0.00362269789391777
"AZE","UZB",0.915416174502432
"AZE","YEM",0.285593829164405
"AZE","LUX",0.000858068590378784
"AZE","PSE",0.0563465041015401
"BEN","TCD",0.755746434032992
"BEN","CHN",2.35775448506078
"BEN","COG",1.2148901775034
"BEN","GNQ",0.468868421849513
"BEN","FRA",1.63232585592567
"BEN","GAB",0.599856225333679
"BEN","GHA",0.193798947697799
"BEN","IND",3.28513791585136
"BEN","CIV",0.87973608336653
"BEN","KWT",0.00173654971055375
"BEN","LBR",0.168607682262505
"BEN","MLI",0.823877852026514
"BEN","NER",36.4694036967681
"BEN","NGA",17.4616139947099
"BEN","SEN",0.253709912711903
"BEN","ESP",0
"BEN","TGO",2.4469753149304
"BEN","TUR",3.63194548213121
"BEN","ARE",6.47521267681603
"BEN","USA",0.0342603845334182
"BEN","BFA",20.8445419067777
"DNK","ARM",0.0053599463300658
"DNK","AFG",0.000944289906766591
"DNK","ALB",0.00101793892973641
"DNK","DZA",0.000431258411188667
"DNK","ATG",0.000511624151856372
"DNK","ARG",0.00511525379073157
"DNK","AUS",0.0997905913797249
"DNK","AUT",0.0308703350677765
"DNK","BHS",0.000492831271106338
"DNK","BHR",0.00281335015786493
"DNK","BRB",0.00149148361140498
"DNK","BGD",0.706552127646675
"DNK","BTN",0.00583264738754401
"DNK","BOL",7.21263657295307e-05
"DNK","BWA",8.2374884184397e-05
"DNK","BRA",0.0140591927052632
"DNK","BLZ",0.00164807778850614
"DNK","BRN",0.000879632272663901
"DNK","BGR",0.0642969911264251
"DNK","MMR",0.00101137131447322
"DNK","BDI",0.00055455190840317
"DNK","CMR",0.00041844220462444
"DNK","CAN",0.114187636902439
"DNK","CPV",1.13684823369413e-05
"DNK","CAF",0.000412008363823098
"DNK","LKA",0.00293569212025088
"DNK","TCD",0.00161171669273338
"DNK","CHL",0.0324286616799384
"DNK","CHN",0.36853217655276
"DNK","COL",0.0121206684822853
"DNK","COM",0.000548033982722257
"DNK","COG",0.000331960920957177
"DNK","CRI",0.00848129036665233
"DNK","CUB",0.0433496872969774
"DNK","CYP",0.123996216811568
"DNK","AZE",0.00367174136166947
"DNK","BEN",0.00153885987227958
"DNK","DMA",8.46953034571969e-05
"DNK","DOM",0.0137193460365391
"DNK","BLR",1.11999989678476
"DNK","ECU",0.00411088642577332
"DNK","EGY",0.0649482291720492
"DNK","SLV",0.00189163894003325
"DNK","GNQ",4.17675469103985e-05
"DNK","EST",0.667801084344649
"DNK","FRO",0.371971761509702
"DNK","FJI",0.00028657178019079
"DNK","FIN",0.996145223071586
"DNK","FRA",5.03501640698821
"DNK","PYF",0.0013381118773505
"DNK","DJI",0.000426301056554366
"DNK","GEO",0.00585256417671739
"DNK","GAB",9.78443460030631e-05
"DNK","GMB",0.00066407709867731
"DNK","DEU",23.1471121704954
"DNK","BIH",0.00517581781176292
"DNK","GHA",0.00653649875353098
"DNK","GRC",0.0395925917433959
"DNK","GRD",0.000301654505463989
"DNK","GTM",0.00636675585334808
"DNK","GIN",0.000247712189115798
"DNK","GUY",0.00205053241214212
"DNK","HTI",0.00112594932831332
"DNK","HND",0.0016289870663072
"DNK","HKG",0.477740915718323
"DNK","HUN",0.0109638482930074
"DNK","HRV",0.0102146374179529
"DNK","ISL",1.74580603551225
"DNK","IND",0.00942515820750389
"DNK","IDN",0.000742395148758433
"DNK","IRN",0.446449266452066
"DNK","IRQ",0.0562570769192984
"DNK","IRL",4.75621385414927
"DNK","ISR",0.0768047738868784
"DNK","ITA",1.58441653895199
"DNK","CIV",0.00157549194088686
"DNK","KAZ",0.00244711007763537
"DNK","JAM",0.00207518759386401
"DNK","JPN",0.159284446810754
"DNK","JOR",0.0109625571703349
"DNK","KGZ",0.000171711026187194
"DNK","KEN",0.0106452372622526
"DNK","KHM",2.70715581826657e-06
"DNK","PRK",0.000518796071045066
"DNK","KOR",1.70609640608541
"DNK","KWT",0.00356341925648023
"DNK","LVA",0.375105810446828
"DNK","LAO",0.000508171820743182
"DNK","LBN",0.00314967475141285
"DNK","LBR",0.000863532112997806
"DNK","LBY",0.00373779456303719
"DNK","LTU",0.970115461111654
"DNK","MAC",0.000696125781839975
"DNK","MDG",0.000134519861731484
"DNK","MWI",8.72477646572768e-05
"DNK","MYS",0.0315275843941984
"DNK","MDV",0.000296433562100189
"DNK","MLI",0.000271810811338886
"DNK","MLT",0.0145286081218441
"DNK","MRT",0.180712427832677
"DNK","MUS",0.00239767868722382
"DNK","MEX",0.0873775407793863
"DNK","MNG",0.00134414733173451
"DNK","MAR",0.888755817029561
"DNK","MOZ",0.000180559327772837
"DNK","MDA",0.000336170742146888
"DNK","NAM",0.000287435845531449
"DNK","NPL",0.00110873851798512
"DNK","NLD",13.6854066618614
"DNK","NCL",0.00210005075804659
"DNK","MKD",0.00133484922245753
"DNK","NZL",0.0125408687436333
"DNK","NIC",0.000513006027561515
"DNK","NER",0.000944742132497108
"DNK","NGA",0.00963150559308887
"DNK","NOR",5.33717826306519
"DNK","PAK",0.000794301261701608
"DNK","PAN",0.00968778647931639
"DNK","CZE",0.0223893438288366
"DNK","PNG",0.000234362346552791
"DNK","PRY",0.00204796337651866
"DNK","PER",0.00858043226664515
"DNK","PHL",0.450492508744477
"DNK","POL",2.08572702796872
"DNK","PRT",1.50299841639915
"DNK","GNB",1.04418867275996e-05
"DNK","ERI",0.00470777750609417
"DNK","QAT",0.00318762323920723
"DNK","ZWE",0.000479514642724103
"DNK","ROU",0.00765719909289301
"DNK","RWA",0.000983415787043774
"DNK","RUS",0.152391673088733
"DNK","KNA",0.000232041927279992
"DNK","LCA",0.0016077190675828
"DNK","VCT",0.000574531009895027
"DNK","SAU",0.0142446277337606
"DNK","SEN",0.000900583932245892
"DNK","SYC",0.000826704223943024
"DNK","SLE",0.00066598562780819
"DNK","SVN",0.00208108451756646
"DNK","SVK",0.0121504915009164
"DNK","SGP",0.0253518360913893
"DNK","SOM",0.000545251366114631
"DNK","ZAF",0.0283921880246449
"DNK","ESP",13.9731226585746
"DNK","SUR",0.00104676691639641
"DNK","TJK",0.00105487329169333
"DNK","SWZ",0.000232041927279992
"DNK","SWE",5.29556632759298
"DNK","CHE",0.0505724727386971
"DNK","SYR",0.422913957101311
"DNK","TKM",0.00141639115577605
"DNK","TWN",0.014975905809562
"DNK","TZA",0.0011668152852485
"DNK","THA",0.493469632797268
"DNK","TGO",0.000757458682164209
"DNK","TON",0.000116020963639996
"DNK","TTO",0.0103272369208026
"DNK","OMN",0.00722689308833368
"DNK","TUN",0.269603339784273
"DNK","TUR",0.00433888076779679
"DNK","ARE",0.0321783050760773
"DNK","UGA",0.00020046630323244
"DNK","GBR",5.9252485582628
"DNK","UKR",0.00610431223180045
"DNK","USA",1.99196659616137
"DNK","BFA",0.0174321791327719
"DNK","URY",0.00484259239855071
"DNK","UZB",0.000845314232845912
"DNK","VEN",0.0033847765565341
"DNK","VNM",0.370737880991
"DNK","ETH",0.38400110937006
"DNK","YEM",0.000727442009424104
"DNK","COD",0.000273854750664006
"DNK","ZMB",0.000635794880747177
"DNK","BEL",0.523269360198428
"DNK","LUX",0.00238545646895636
"DNK","SRB",0.00280953207875916
"DNK","MNE",1.04418867275996e-05
"DNK","SDN",6.76788954566642e-06
"DMA","ATG",4.30185264493984
"DMA","BHS",79.0403716736314
"DMA","BRB",0.140346349495317
"DMA","CAN",0.409534816792032
"DMA","CRI",0
"DMA","FRA",0.00160074171887872
"DMA","DEU",0.0194727591516345
"DMA","GRD",0.00320148343775744
"DMA","GTM",0.00324545985860576
"DMA","KWT",0.067785255095595
"DMA","LCA",1.05323527931718
"DMA","VCT",14.4066754699085
"DMA","SUR",0.438005151649232
"DMA","TTO",0
"DMA","ARE",0.00649091971721151
"DMA","USA",0.108181995286859
"BLR","ARM",0.0743327150285716
"BLR","AFG",0.467903361034366
"BLR","DZA",0.058031475169192
"BLR","ATG",1.68924916029095e-05
"BLR","ARG",4.19259430144502e-05
"BLR","AUS",0.00310034886045368
"BLR","BHR",0.00277871310668101
"BLR","BGR",0.0315946986741059
"BLR","MMR",0
"BLR","CMR",0
"BLR","CAN",0.0242825760139322
"BLR","CHN",0.225831970463871
"BLR","COM",0.159558911372595
"BLR","AZE",0.440155871919069
"BLR","BEN",0.341150991260591
"BLR","DNK",2.77312230253243
"BLR","EGY",2.50334514115407e-05
"BLR","EST",0.0449547871112514
"BLR","FIN",0
"BLR","FRA",0.00418893086953114
"BLR","GEO",1.02415597534183
"BLR","GAB",0.0100133805646163
"BLR","DEU",0.192381948106645
"BLR","GHA",0
"BLR","GRC",0.00166889676076938
"BLR","GIN",2.56671979961099
"BLR","HKG",0.00103575057198603
"BLR","IND",0
"BLR","IRQ",0.043302494516425
"BLR","IRL",0.00250334514115407
"BLR","ISR",0.244615154412147
"BLR","ITA",0.000668589892550177
"BLR","KAZ",0.375647619860148
"BLR","JOR",0.00425906647176125
"BLR","KGZ",0.207104772158557
"BLR","KEN",2.50334514115407e-05
"BLR","KOR",0.0160198146320902
"BLR","KWT",0.00578567837399652
"BLR","LVA",0.843046723059835
"BLR","LBN",0.010581551717927
"BLR","LBY",0.00165987386364814
"BLR","LTU",6.27627087923585
"BLR","MDG",0.0864668980020962
"BLR","MYS",0.000690760439762349
"BLR","MLI",0
"BLR","MNG",0.152328522764368
"BLR","MDA",1.54783759165777
"BLR","NZL",0.00227305774056741
"BLR","NOR",8.17218205160983
"BLR","PAN",0.0375939057014259
"BLR","CZE",0.0460207294987658
"BLR","POL",0.123198532447618
"BLR","QAT",0.113976286656768
"BLR","ROU",0.00940748963085889
"BLR","RUS",60.1581998549959
"BLR","SVK",0.00337849832058191
"BLR","SGP",0.00366196201836299
"BLR","ZAF",0.117347051065532
"BLR","ESP",0.032112626537131
"BLR","TJK",0.278819074946745
"BLR","SWE",0.0031926809129499
"BLR","CHE",0.00176431559385971
"BLR","TKM",0.196356636050546
"BLR","TWN",0.0124835512945502
"BLR","TUR",0
"BLR","ARE",0.00852734163338179
"BLR","GBR",0.00399909386299362
"BLR","UKR",9.56882170094294
"BLR","USA",0.24384696709121
"BLR","UZB",0.0473963061854144
"BLR","VEN",2.32963193304986
"BLR","VNM",0.0131376095738419
"BLR","YEM",0.000926237702227004
"BLR","BEL",1.68924916029095e-05
"BLR","SRB",0.158305237482731
"BLR","SDN",5.00669028230813e-05
"BLR","PSE",0.0475106821479702
"ECU","ARG",1.01370357159745
"ECU","AUS",0
"ECU","BOL",0.175493826708327
"ECU","BRA",4.245643892035
"ECU","CAN",0.00480080385836654
"ECU","CHL",2.53288610935343
"ECU","CHN",0
"ECU","COL",9.66658520763357
"ECU","CRI",2.09743414536187
"ECU","CUB",1.95927543430266
"ECU","DNK",0
"ECU","DOM",0.0460496447689559
"ECU","SLV",2.61520668851718
"ECU","FRA",0.0244894331433419
"ECU","DEU",0.0416752138296893
"ECU","GTM",6.26028215511891
"ECU","HTI",1.72611358609369
"ECU","HND",3.51532795331269
"ECU","ITA",0.0491435874447586
"ECU","JAM",0.421123145470749
"ECU","KOR",0
"ECU","MEX",1.9088427584218
"ECU","NLD",0.332206317210186
"ECU","NIC",1.42668970380668
"ECU","NOR",0
"ECU","PAN",0.610105132415926
"ECU","PER",27.0720761742487
"ECU","PRT",0.22035268586757
"ECU","ESP",2.97555421106251
"ECU","CHE",0
"ECU","TUR",0
"ECU","ARE",0.00273730044555987
"ECU","GBR",0.0145024283221489
"ECU","USA",16.7511785049993
"ECU","URY",0.421123145470749
"ECU","VEN",11.7430602955369
"ECU","BEL",0.0842246290941499
"EGY","ARM",0.000134801585094329
"EGY","ALB",0.00368355056301966
"EGY","DZA",0.148626348314492
"EGY","AUS",0.182725129177859
"EGY","AUT",0.0023360369211444
"EGY","BHR",0.0390245975387271
"EGY","BGD",0.0366850757485249
"EGY","BOL",0.00249160732009517
"EGY","BRA",0.079558587611287
"EGY","BRN",0.00985668462254141
"EGY","BGR",0.00261307688029006
"EGY","BDI",0.117413210143925
"EGY","CMR",0.0462277294288932
"EGY","CAN",0.018910778301837
"EGY","CPV",0.017511371384473
"EGY","CAF",0.0372601098149544
"EGY","LKA",0.00261162899803159
"EGY","TCD",0.0701845241635204
"EGY","CHL",0.00053096866645571
"EGY","CHN",0.0072241414993311
"EGY","COL",0.573838412754077
"EGY","COM",0.265825155612055
"EGY","COG",0.0449532575663124
"EGY","CYP",0.00385549634973535
"EGY","BEN",0.142842478785449
"EGY","DNK",0.000592727134101892
"EGY","DOM",0.0521373944145967
"EGY","BLR",0.00672181345727818
"EGY","GNQ",0.0303029820368324
"EGY","EST",0.00522615376058013
"EGY","FIN",2.37013775990028e-05
"EGY","FRA",0.0761959160252416
"EGY","PYF",1.18506887995014e-05
"EGY","DJI",1.4022201041785
"EGY","GEO",0.00117557467974322
"EGY","GAB",0.0591196002628015
"EGY","GMB",0.277560771894926
"EGY","DEU",0.0299127983757396
"EGY","GHA",0.1359019279725
"EGY","GRC",0.00141987814337023
"EGY","GTM",0.0075433327512924
"EGY","GIN",0.336893175656283
"EGY","HTI",0.24519366843666
"EGY","HND",0.027001300650964
"EGY","HKG",0.233009338677592
"EGY","HUN",0.0332540813486078
"EGY","HRV",0.0115125346936961
"EGY","ISL",8.88801659962607e-06
"EGY","IND",0.0135449828782754
"EGY","IDN",0.00849694386924252
"EGY","IRN",0.000374220023208646
"EGY","IRQ",0.436657480191109
"EGY","IRL",0.00225163087190527
"EGY","ISR",0.288530576572731
"EGY","ITA",0.0424054051946696
"EGY","CIV",0.112601263774564
"EGY","KAZ",0.000302192564387286
"EGY","JAM",0.0276022627826802
"EGY","JPN",0.0868032344298542
"EGY","JOR",1.04586148394089
"EGY","KEN",1.91716383692022
"EGY","KHM",0.00441992153396039
"EGY","KOR",0.0364417708661351
"EGY","KWT",0.110730581705772
"EGY","LBN",0.851960178701604
"EGY","LBR",0.0383868780163118
"EGY","LBY",3.48522524080021
"EGY","LTU",0.00576536010095744
"EGY","MAC",0.00118506887995014
"EGY","MDG",9.47640498816333
"EGY","MWI",0.0806602279632455
"EGY","MYS",0.0149718340766384
"EGY","MDV",0.00277306117908333
"EGY","MLI",0.0278296226721267
"EGY","MLT",0.000783333741215824
"EGY","MRT",0.282277289834674
"EGY","MUS",0.0150034055819541
"EGY","MEX",0.384193433636663
"EGY","MNG",0.00151096282193643
"EGY","MAR",0.229949366071659
"EGY","MOZ",0.631404570774685
"EGY","NAM",0.0235030379930614
"EGY","NLD",0.0518573231359685
"EGY","NZL",0.0428694501203574
"EGY","NER",0.167301318715748
"EGY","NGA",0.0680995473305719
"EGY","NOR",0.000682599674851282
"EGY","PAK",0.0470057280183803
"EGY","CZE",0.0229229354784856
"EGY","PNG",0
"EGY","PER",0.022650624554369
"EGY","PHL",0.024984241424622
"EGY","POL",0.038672093425234
"EGY","GNB",0.328485300632702
"EGY","ERI",17.7088956068099
"EGY","QAT",0.0429100785841721
"EGY","ZWE",1.74117332229717
"EGY","ROU",0.0187530450562793
"EGY","RWA",0.282147519889811
"EGY","RUS",0.0635658622810062
"EGY","VCT",0.00243827922049742
"EGY","STP",0.0174682980024114
"EGY","SAU",1.56627598036523
"EGY","SEN",0.224399413268323
"EGY","SYC",0.00351228402310101
"EGY","SLE",0.0492042365318128
"EGY","SGP",0.00998631290559206
"EGY","SOM",20.6031064118365
"EGY","ZAF",0.365960531193448
"EGY","ESP",1.27234381454823
"EGY","TJK",0.00438031084751571
"EGY","SWZ",0.013840247630008
"EGY","SWE",0.00629649428672722
"EGY","CHE",0.00451332542398155
"EGY","SYR",2.52883939826729
"EGY","TWN",0.000213312398391026
"EGY","TZA",0.0780488180106743
"EGY","THA",0.00763695479859285
"EGY","TGO",0.0533694496927923
"EGY","OMN",0.098390574707439
"EGY","TUN",0.375143688918157
"EGY","TUR",0.213640013198617
"EGY","ARE",0.629493040576107
"EGY","UGA",0.678046727462132
"EGY","GBR",0.0304867645620957
"EGY","UKR",0.117448889421814
"EGY","USA",0.280505008175776
"EGY","BFA",0.205402133583678
"EGY","URY",0.019750419374502
"EGY","VEN",0.721806243173188
"EGY","ETH",2.2171851909516
"EGY","YEM",11.8921627880898
"EGY","COD",0.11652701927041
"EGY","ZMB",0.327922077492792
"EGY","BEL",0.00411066953994779
"EGY","SRB",0.00325600886335082
"EGY","MNE",0
"EGY","SDN",5.75043186214279
"EGY","PSE",3.16439070421258
"SLV","AUS",0.00046259555665882
"SLV","BOL",0.00277557333995292
"SLV","BLZ",0.123317661883463
"SLV","BGR",0.00138778666997646
"SLV","CAN",0.0111001621607702
"SLV","CHL",0
"SLV","CHN",0
"SLV","COL",0.0963320270004781
"SLV","CRI",1.9439714363692
"SLV","CUB",0.202774136305827
"SLV","DOM",1.47471636535954
"SLV","ECU",0.00110975921854554
"SLV","FIN",0.00277557333995292
"SLV","FRA",0.018041226709694
"SLV","DEU",0.000166158306448672
"SLV","GRC",0.00971450668983521
"SLV","GTM",48.4282496762359
"SLV","HTI",0.275094012656084
"SLV","HND",34.6247083259355
"SLV","IRN",0.00416336000992938
"SLV","ITA",0.00289865948694927
"SLV","JPN",0.00416336000992938
"SLV","JOR",0.0111022933598117
"SLV","KHM",0.00971450668983521
"SLV","MLI",0.0022343365386621
"SLV","MEX",0.408453449806731
"SLV","NLD",0.00304190426958539
"SLV","NIC",6.30696059269305
"SLV","PAN",0.198891991638403
"SLV","PRY",0.13322752031774
"SLV","PER",0.00202616853816563
"SLV","PRT",0.0082712085530597
"SLV","ROU",0.00138778666997646
"SLV","ESP",0.00657290461567601
"SLV","SWE",5.55114667990584e-05
"SLV","USA",5.67189041976743
"SLV","VEN",0.00824704183048303
"EST","ARM",0.000571476899549216
"EST","AFG",0
"EST","ALB",0.000100036452697054
"EST","DZA",8.13269867047626
"EST","ATG",0.000168487557752107
"EST","AUS",2.00582738061658e-05
"EST","AUT",0.00307193199766393
"EST","BHS",0.000207251025649926
"EST","BRB",0
"EST","BOL",0.00101230917803885
"EST","BRA",0.000547214327066721
"EST","BLZ",0.00022764433235191
"EST","BGR",0.010378651763455
"EST","MMR",0
"EST","BDI",1.84744745781319
"EST","CMR",0.00648053968529717
"EST","CAN",0.00144437752738676
"EST","CHN",5.31083787946194e-05
"EST","COL",0
"EST","CUB",0
"EST","CYP",0.00111424866528779
"EST","AZE",0.00306397395481549
"EST","DNK",0.8995931668523
"EST","BLR",0.0588313578109157
"EST","EGY",0.00180551979034376
"EST","FRO",0
"EST","FIN",2.75821665056961
"EST","FRA",0.238747018736249
"EST","DJI",0.0167904891846336
"EST","GEO",0.000317456819233639
"EST","GAB",0.00677510967099249
"EST","GMB",0.0101626645064887
"EST","DEU",2.5762616966384
"EST","BIH",0
"EST","GRC",0.000238376984385664
"EST","HND",0
"EST","HKG",0.00118196206760249
"EST","HUN",0.00191931848803184
"EST","HRV",0.000447924415061436
"EST","ISL",0.00158151631064471
"EST","IND",0
"EST","IDN",1.47284992847663e-06
"EST","IRN",0
"EST","IRQ",5.15244581778551
"EST","IRL",0.853433497338304
"EST","ISR",0.0101646552816668
"EST","ITA",0.215197247791578
"EST","KAZ",0.00838744398213313
"EST","JAM",0
"EST","JPN",0.000326238282303079
"EST","KEN",6.45520271249179
"EST","KHM",0.000450343422704955
"EST","KOR",2.06268375515254
"EST","KWT",0.000257341073663921
"EST","LVA",2.2602040327868
"EST","LBN",0.00309298484980092
"EST","LBR",0.000852401274591942
"EST","LBY",0.585222087400483
"EST","LTU",1.33811654763781
"EST","MYS",5.15113077320652e-05
"EST","MDV",2.83685462872243e-05
"EST","MLT",0.287462856327863
"EST","MRT",1.84053608524607
"EST","MEX",0
"EST","MNG",0
"EST","MAR",8.0196721091608
"EST","MDA",0.00034191563683023
"EST","NLD",3.25432220504989
"EST","MKD",0.000149308138353812
"EST","VUT",0
"EST","NZL",0.00166627882402854
"EST","NGA",8.97782002302072
"EST","NOR",0.74140445539307
"EST","PAN",0.00192724840915774
"EST","CZE",0.0107148833368581
"EST","PER",0
"EST","PHL",0
"EST","POL",0.188292770246612
"EST","PRT",0.263047104693972
"EST","ROU",0.00266682305392345
"EST","RUS",0.178506602101871
"EST","VCT",0.000301392032342061
"EST","STP",0.00638275431916662
"EST","SAU",16.3384076071514
"EST","SVN",0.000547463173963978
"EST","SVK",0.00363585224643313
"EST","SGP",4.90949976158876e-05
"EST","ESP",1.93879839404536
"EST","SWE",1.68335292400359
"EST","CHE",0
"EST","SYR",0.00225877451943206
"EST","TWN",0.00511815350145628
"EST","TZA",2.14395804467802
"EST","THA",0.0955290463609941
"EST","TON",0
"EST","TUR",2.22996256051285
"EST","ARE",0.00742272097528546
"EST","UGA",1.02711051056183
"EST","GBR",0.895471451442847
"EST","UKR",0.0750409946514232
"EST","USA",0.00158043507424804
"EST","URY",0.0279610038564656
"EST","VNM",0.00847745106366814
"EST","YEM",4.32993601226055e-05
"EST","BEL",0.0209550977924226
"EST","LUX",8.75010431409536e-05
"EST","SRB",0.000820923291603505
"EST","SDN",10.2709429302746
"FRO","CAN",1.55449009091555
"FRO","DNK",2.59081681819259
"FRO","ISL",6.12080473297999
"FRO","IRL",1.18008546535967
"FRO","KWT",44.3029675910933
"FRO","NAM",3.07896462113253
"FRO","SWE",41.1718706803264
"FJI","AUS",12.5711175100195
"FJI","BRA",0.0041909809299514
"FJI","BLZ",0
"FJI","SLB",2.51329714421296
"FJI","BRN",0
"FJI","CAN",0.085916533935569
"FJI","CHN",0.00483406650984303
"FJI","COK",0.558317631827257
"FJI","FRA",0.159714045409121
"FJI","PYF",4.19003484620755
"FJI","KIR",6.82649628941179
"FJI","HKG",0.00366186958754504
"FJI","IND",0.0704084796231836
"FJI","IDN",0.00450379960817142
"FJI","ITA",0
"FJI","CIV",0.037378098212656
"FJI","JPN",0.00491973884867024
"FJI","KOR",0.104824582187671
"FJI","LBR",3.14323569746355e-05
"FJI","MYS",0
"FJI","MOZ",0.0281755445582031
"FJI","NAM",0.0817241281340524
"FJI","NCL",1.03171053325476
"FJI","VUT",18.6983161031547
"FJI","NZL",5.78846100295458
"FJI","PNG",7.23820926534039
"FJI","PHL",0
"FJI","QAT",0.363754826894504
"FJI","SAU",0.021445726440781
"FJI","SVN",0.165884476889987
"FJI","SGP",0.00459960157062167
"FJI","ZAF",0.0202577707487261
"FJI","TWN",0.0130915766799357
"FJI","THA",0.0251152198655868
"FJI","TGO",0.0744154662684054
"FJI","TON",15.6053019818288
"FJI","OMN",0.00942970709239066
"FJI","TUR",0
"FJI","ARE",0.00764372738369501
"FJI","TUV",1.14222781162253
"FJI","GBR",0.0441870509090197
"FJI","UKR",0.0908880657040559
"FJI","USA",1.12102106479554
"FJI","VNM",0.0775161106962556
"FJI","YEM",0.028289121277172
"FIN","ARM",0.000270004360964182
"FIN","AFG",1.78701520068261e-06
"FIN","ALB",0
"FIN","DZA",13.7231861308892
"FIN","ATG",0
"FIN","ARG",0
"FIN","AUS",0.0153401762654999
"FIN","AUT",0.0518638708153985
"FIN","BHR",2.86998947290352e-05
"FIN","BRB",0
"FIN","BTN",0
"FIN","BRA",0.000116032878872373
"FIN","BRN",0
"FIN","BGR",0.00407890525616531
"FIN","MMR",0
"FIN","CAN",0.0575389646028546
"FIN","CHL",0.000261320471836366
"FIN","CHN",0.00564495098465977
"FIN","COL",0
"FIN","CYP",0.000470178770512131
"FIN","AZE",0.00177781362736547
"FIN","BEN",5.29645469117979e-06
"FIN","DNK",2.70282341389231
"FIN","DOM",0
"FIN","BLR",0.116664805849615
"FIN","ECU",0.00491120579169126
"FIN","EGY",0.00201932717677135
"FIN","EST",3.89412258469787
"FIN","FRO",0.000176548489705993
"FIN","FRA",0.0668864137737201
"FIN","PYF",0
"FIN","GEO",0.00260931395327345
"FIN","GMB",8.23318810531362e-05
"FIN","DEU",6.50403466524688
"FIN","BIH",0.000711115171080585
"FIN","GHA",4.74097285771459e-05
"FIN","GRC",0.0183353416187988
"FIN","HKG",0.000429156365343047
"FIN","HUN",0.00867497701746888
"FIN","HRV",0.00327667107197164
"FIN","ISL",0.0400115580664321
"FIN","IND",0.000818185029245332
"FIN","IDN",4.43524254627251e-06
"FIN","IRN",9.93493549054245
"FIN","IRQ",0
"FIN","IRL",1.01897285515577
"FIN","ISR",0.00840131178721206
"FIN","ITA",1.502819323264
"FIN","KAZ",0.00451554442726979
"FIN","JAM",0
"FIN","JPN",0.00146013423663839
"FIN","KGZ",0
"FIN","KEN",0.000178701520068261
"FIN","KHM",0
"FIN","KOR",0.00310445639315929
"FIN","KWT",0.00068096967025117
"FIN","LVA",0.636792728599976
"FIN","LBN",0.000418003668066498
"FIN","LTU",0.770449751168564
"FIN","MWI",0.000532918075268627
"FIN","MYS",0.0042852183653771
"FIN","MLT",0.000490570360298769
"FIN","MEX",4.18740482901585e-05
"FIN","MNG",0
"FIN","MAR",7.53461038454207
"FIN","MDA",0.00231120632621618
"FIN","NAM",0
"FIN","NPL",0
"FIN","NLD",4.73484115968684
"FIN","MKD",0.0001774097018509
"FIN","NZL",0.000176971266577129
"FIN","NGA",4.41313810121989e-05
"FIN","NOR",2.92687075849838
"FIN","PAK",0
"FIN","PAN",0.000238268693424348
"FIN","CZE",0.138838777503169
"FIN","PER",2.29513036617791e-05
"FIN","PHL",0.00149760964389844
"FIN","POL",1.2871888231487
"FIN","PRT",0.970328710871327
"FIN","ERI",0
"FIN","QAT",0.000164852152262971
"FIN","ZWE",0.000522468701243751
"FIN","ROU",0.0125126109338487
"FIN","RUS",2.33961916327891
"FIN","SAU",8.84354687543768
"FIN","SVN",0.00106089135747191
"FIN","SVK",0.237771604465596
"FIN","SGP",0.00122481770667911
"FIN","SOM",0.000101321608848342
"FIN","ZAF",1.04796007052016
"FIN","ESP",9.76256299786672
"FIN","SWE",7.13349053185436
"FIN","CHE",0.0201425196226073
"FIN","SYR",0
"FIN","TWN",0.0561030612273654
"FIN","TZA",0
"FIN","THA",3.32643190970438e-06
"FIN","TUR",0.00388657290087353
"FIN","ARE",0.000709679176722893
"FIN","GBR",6.89026011080222
"FIN","UKR",0.123611301938198
"FIN","USA",0.123052310665243
"FIN","URY",8.87048509254501e-06
"FIN","VEN",1.19134346712174e-06
"FIN","VNM",4.56241533231696
"FIN","COD",1.19852023499597e-05
"FIN","BEL",0.122194397223824
"FIN","LUX",0.00364022238390267
"FIN","SRB",0.000595033001220064
"FIN","PSE",0.000375273192143348
"FRA","ARM",0.00353981346052483
"FRA","AFG",0.0280180924073695
"FRA","ALB",0.0890536382920578
"FRA","DZA",16.921413468806
"FRA","ATG",0.000256661714514384
"FRA","ARG",7.16787564107531e-05
"FRA","AUS",0.0222136241325978
"FRA","AUT",0.0516982807403664
"FRA","BHS",4.83323798143778e-05
"FRA","BHR",0.00338233315278723
"FRA","BRB",0.000200271704614716
"FRA","BGD",0.361223800726698
"FRA","BOL",0.0241065266865953
"FRA","BWA",0.00262446225772189
"FRA","BRA",0.0139619613562593
"FRA","BRN",5.1981115735278e-05
"FRA","BGR",0.00477417007946176
"FRA","MMR",0.000878367813968303
"FRA","BDI",0.00537910735120921
"FRA","CMR",1.30179875609883
"FRA","CAN",0.0195741001116949
"FRA","CPV",0.0655755628973284
"FRA","CAF",0.0973512725951142
"FRA","LKA",0.121677957906611
"FRA","TCD",0.123490635720267
"FRA","CHL",0.000386678939853754
"FRA","CHN",1.44117000754021
"FRA","COL",0.00205115730668789
"FRA","COM",0.0246801840256196
"FRA","COG",0.308838952144853
"FRA","CRI",0.000450360057153491
"FRA","CUB",1.67435604836162
"FRA","CYP",0.166329966354463
"FRA","AZE",0.00124994099164285
"FRA","BEN",0.165841510632531
"FRA","DNK",0.0831327975907293
"FRA","DMA",7.6373380373967e-05
"FRA","DOM",0.00273365572442272
"FRA","BLR",0.00134409619538958
"FRA","ECU",0.00145433193061487
"FRA","EGY",4.73651399546067
"FRA","SLV",9.40591557824664e-05
"FRA","GNQ",0.0415032020692205
"FRA","EST",0.00500963471165328
"FRA","FJI",5.27270575802759e-05
"FRA","FIN",0.0389818151523571
"FRA","PYF",0.0670772680605842
"FRA","DJI",0.0120131093957764
"FRA","GEO",0.00155519821858809
"FRA","GAB",0.469165002661083
"FRA","GMB",0.0733046747684102
"FRA","DEU",3.59128816955445
"FRA","BIH",0.00113805236213006
"FRA","GHA",0.276017407591325
"FRA","GRC",0.804945866981584
"FRA","GRD",1.05681228057126e-05
"FRA","GTM",3.74293971022151e-05
"FRA","GIN",0.265644748010306
"FRA","GUY",7.77060843085727e-06
"FRA","HTI",0.0299953987002978
"FRA","HND",1.86918287984097e-05
"FRA","HKG",0.00685085551052917
"FRA","HUN",0.0115803573566579
"FRA","HRV",0.00916914282234541
"FRA","ISL",0.00301752151248365
"FRA","IND",0.105549419592245
"FRA","IDN",0.10358900036865
"FRA","IRN",0.314262320641861
"FRA","IRQ",0.000913638390881487
"FRA","IRL",0.458506319468278
"FRA","ISR",0.145189176854044
"FRA","ITA",9.69928613398544
"FRA","CIV",2.1060982783161
"FRA","KAZ",0.000384808301518864
"FRA","JAM",5.46938720276384e-05
"FRA","JPN",0.0599402697159637
"FRA","JOR",0.00872116912357563
"FRA","KGZ",1.40334868676676e-05
"FRA","KEN",0.000731235034265379
"FRA","KHM",0.000481405690544277
"FRA","PRK",0.0203653421051528
"FRA","KOR",0.110304848033129
"FRA","KWT",0.00234368784904175
"FRA","LVA",0.00753172913325231
"FRA","LAO",3.40976946505134e-05
"FRA","LBN",0.0309912771271829
"FRA","LSO",0.0635067377123542
"FRA","LBR",0.00459714359259781
"FRA","LBY",0.399828958320467
"FRA","LTU",0.00412185287054067
"FRA","MAC",0.00106761292235149
"FRA","MDG",0.111628488500907
"FRA","MYS",0.00152269822236461
"FRA","MDV",0.00018414833657447
"FRA","MLI",0.623159542530864
"FRA","MLT",0.0304984239665854
"FRA","MRT",0.874402155403686
"FRA","MUS",0.501954652211942
"FRA","MEX",0.21107441847889
"FRA","MNG",0.00260069518376034
"FRA","MAR",6.86510191580523
"FRA","MOZ",0.015340128093974
"FRA","MDA",0.000299255337577362
"FRA","NAM",0.0482276996994973
"FRA","NPL",0.00700753504614612
"FRA","NLD",10.5996361432532
"FRA","NCL",0.0228782434404903
"FRA","MKD",0.00111562066747106
"FRA","VUT",0.000282356343665841
"FRA","NZL",0.000758495001333696
"FRA","NER",0.0771768094836616
"FRA","NGA",0.415490222821883
"FRA","NOR",0.0667523400674764
"FRA","PAK",0.0510111319124844
"FRA","PAN",0.00187979669983093
"FRA","CZE",0.0309858892433199
"FRA","PNG",0
"FRA","PRY",1.4059260029959e-05
"FRA","PER",0.0277642816656815
"FRA","PHL",0.0858444784444201
"FRA","POL",0.102998927225361
"FRA","PRT",3.51996734378643
"FRA","GNB",0.0190157353204238
"FRA","ERI",0.239057124995703
"FRA","QAT",0.00707977753118096
"FRA","ZWE",0.00109412671208278
"FRA","ROU",0.127565246112881
"FRA","RWA",0.000277374481400968
"FRA","RUS",0.011460301152095
"FRA","KNA",7.95762493973425e-05
"FRA","LCA",0.00168154680597856
"FRA","VCT",1.52222739783585e-05
"FRA","STP",0.000534385238229464
"FRA","SAU",0.414915596267661
"FRA","SEN",1.53966233114202
"FRA","SYC",0.000275826872483727
"FRA","SLE",0.00771968802356691
"FRA","SVN",0.00672197574099037
"FRA","SVK",0.00665037618174382
"FRA","SGP",0.00565124422885627
"FRA","SOM",0.0356105626606628
"FRA","ZAF",0.0275867302872589
"FRA","ESP",6.62416035571798
"FRA","SUR",0.00434446091442039
"FRA","TJK",4.77658641547426e-05
"FRA","SWZ",0.0288690848349408
"FRA","SWE",0.0854796172147263
"FRA","CHE",0.66520988509822
"FRA","SYR",0.175529953114131
"FRA","TKM",4.48821810582832e-05
"FRA","TWN",0.00838499726696798
"FRA","TZA",0.000767399115775619
"FRA","THA",0.246305206705583
"FRA","TGO",0.191276616654848
"FRA","TON",0.000823735411381739
"FRA","TTO",0.00571670797229494
"FRA","OMN",0.00468451054106318
"FRA","TUN",1.00428259829906
"FRA","TUR",0.093944825427358
"FRA","ARE",0.0369402094167598
"FRA","UGA",0.00457775077889014
"FRA","GBR",2.03936152278269
"FRA","UKR",0.0154382917381038
"FRA","USA",0.133694356237022
"FRA","BFA",0.311102763199281
"FRA","URY",0.000131455810892263
"FRA","UZB",3.73977490209177e-05
"FRA","VEN",0.00015033705579374
"FRA","VNM",0.0355762308712174
"FRA","ETH",0.207351193126455
"FRA","YEM",1.35731619980969
"FRA","COD",0.417785994040506
"FRA","ZMB",1.97164691529214e-06
"FRA","BEL",10.7324951767565
"FRA","LUX",0.288220223955533
"FRA","SRB",0.0066255041193537
"FRA","MNE",0.00970377414472256
"FRA","SDN",1.15979230311303e-06
"FRA","PSE",0.0153023912901726
"PYF","CHL",0.344750776452067
"PYF","COK",0.286271285699819
"PYF","FJI",0
"PYF","FRA",31.7702981247049
"PYF","JPN",2.48759875849498
"PYF","KOR",0.0690999655137495
"PYF","NLD",0.136327303235799
"PYF","NCL",0.412352639732457
"PYF","NZL",64.4933011461662
"PYF","CHE",0
"PYF","TON",0
"PYF","USA",0
"DJI","AUS",0.0319961543815418
"DJI","FRA",0.00037132473122529
"DJI","KOR",0.000188212672832599
"DJI","TUR",0.712829230189103
"DJI","USA",0.35194239635364
"DJI","ETH",18.5666129866102
"DJI","YEM",80.3360596950615
"GEO","ARM",17.5542589233504
"GEO","ALB",0
"GEO","AUT",2.29245750461197e-05
"GEO","BOL",0
"GEO","BLZ",0
"GEO","BGR",0.000206511245590494
"GEO","CAN",5.26019210466353e-05
"GEO","CAF",0.179882414014582
"GEO","CHN",0.00853781500682401
"GEO","CYP",0.000384364132509791
"GEO","AZE",0.762766895962929
"GEO","FRA",0.000197197806995065
"GEO","DEU",0.00228469419389161
"GEO","GHA",1.73439035067948e-05
"GEO","GRC",0.0018372605533968
"GEO","HND",0
"GEO","HKG",0
"GEO","IDN",0.359764828029165
"GEO","IRN",0.0867615804597735
"GEO","IRQ",0.101877625110901
"GEO","IRL",0.012375564156484
"GEO","ISR",0
"GEO","ITA",8.76698684110588e-06
"GEO","KAZ",0.0114039428428521
"GEO","JPN",1.92182066254896e-06
"GEO","KHM",0
"GEO","KOR",0
"GEO","LVA",1.97197806995065e-06
"GEO","LBR",0
"GEO","LTU",0.0005919498025641
"GEO","MYS",0.0539609228008663
"GEO","MLT",2.90648976575055e-05
"GEO","MOZ",5.41196313973395
"GEO","NOR",0
"GEO","PAN",0
"GEO","CZE",67.4786693268108
"GEO","PHL",0
"GEO","POL",0
"GEO","PRT",0
"GEO","QAT",0
"GEO","ROU",0.00949796505739683
"GEO","RUS",0.659937018900502
"GEO","VCT",0
"GEO","SAU",0
"GEO","SLE",0.0443940573048809
"GEO","SVK",0.00233786315762824
"GEO","SGP",3.50679473644235e-05
"GEO","ZAF",0
"GEO","TUR",1.45945717913255
"GEO","ARE",0.00819336033142468
"GEO","GBR",0.498188016079662
"GEO","UKR",0.359044541260241
"GEO","USA",0.000574529870987139
"GEO","UZB",0.001862984703735
"GEO","VEN",0.130679961412004
"GAB","BRN",0.00967450903095645
"GAB","CMR",90.434010207765
"GAB","CAN",0.00161241817182608
"GAB","TCD",6.36227874845194
"GAB","COG",0.320735755588168
"GAB","BEN",0.0161241817182608
"GAB","EGY",0.00161241817182608
"GAB","GMB",0.483725451547823
"GAB","GHA",0
"GAB","IDN",0
"GAB","MLI",0.441011663933731
"GAB","NER",0.330502028254919
"GAB","STP",0.0249924816633042
"GAB","SYC",0.00161241817182608
"GAB","USA",0.327320888880693
"GAB","SDN",1.22866264693147
"GMB","BWA",0.036003328152903
"GMB","FRA",1.59207315970038
"GMB","GEO",0.455268325608656
"GMB","GIN",6.63812638518797
"GMB","LBR",1.24149407423804
"GMB","MLI",1.27749011267867
"GMB","MRT",7.10393675623279
"GMB","NER",0.651784388974969
"GMB","GNB",24.3669418584824
"GMB","SAU",1.11128859815941
"GMB","SEN",48.3585722078633
"GMB","SLE",3.07009035973498
"GMB","ARE",0
"GMB","GBR",0
"GMB","BEL",4.09693044498552
"DEU","ARM",0.0220957750674322
"DEU","AFG",0.00490677724470125
"DEU","ALB",0.0242166971702249
"DEU","DZA",5.31568236658683
"DEU","ATG",2.06745725647378e-05
"DEU","ARG",0.00111945843156043
"DEU","AUS",0.0506335910649388
"DEU","AUT",2.3721211532534
"DEU","BHS",2.20991481807739e-05
"DEU","BHR",0.039299289730747
"DEU","BRB",0.0001349473567934
"DEU","BGD",0.18460106605997
"DEU","BTN",1.70495607094778e-06
"DEU","BOL",6.82300046893889e-05
"DEU","BWA",0.0610754802696597
"DEU","BRA",0.0108645501729524
"DEU","BLZ",3.24753537323387e-05
"DEU","SLB",8.52478035473892e-05
"DEU","BRN",0.000324381453898303
"DEU","BGR",0.0446611093962863
"DEU","MMR",0.0119343097347537
"DEU","BDI",0.0525631221007609
"DEU","CMR",0.223438703687535
"DEU","CAN",0.0929941824215459
"DEU","CPV",0.0246578342587944
"DEU","CAF",0.0159389467362853
"DEU","LKA",0.0551435611222549
"DEU","TCD",0.00408374363602706
"DEU","CHL",0.0119426751660054
"DEU","CHN",0.0141741222777244
"DEU","COL",0.000604426834206793
"DEU","COM",0.00745203157188759
"DEU","COG",0.0584209137107831
"DEU","COK",3.72890658447679e-05
"DEU","CRI",0.00120059569061157
"DEU","CUB",0.658873391012004
"DEU","CYP",0.0472609713942397
"DEU","AZE",0.00189713193196409
"DEU","BEN",0.0131777058027165
"DEU","DNK",1.83436247851269
"DEU","DOM",0.0299998306198719
"DEU","BLR",0.00489229946815155
"DEU","ECU",0.0202909202299309
"DEU","EGY",0.425932698838369
"DEU","SLV",9.57724914327364e-05
"DEU","GNQ",0.000285697681164902
"DEU","EST",0.0560032106809796
"DEU","FRO",0.0251922861993808
"DEU","FJI",7.45032139527752e-06
"DEU","FIN",0.250928035968046
"DEU","FRA",5.41957230711418
"DEU","PYF",3.6255333091105e-05
"DEU","DJI",0.00807119808397637
"DEU","GEO",0.00333954710529269
"DEU","GAB",0.0119937872679276
"DEU","GMB",0.0117790168449977
"DEU","BIH",0.00689274757958564
"DEU","GHA",0.0347442231686642
"DEU","KIR",1.82673864744405e-06
"DEU","GRC",0.555632275873909
"DEU","GRD",7.30695458977622e-05
"DEU","GTM",0.000484081481132698
"DEU","GIN",1.06690044404115
"DEU","GUY",0.0406422203753004
"DEU","HTI",0.114316421951616
"DEU","HND",1.83819816420259e-05
"DEU","HKG",0.00496464392916974
"DEU","HUN",0.182974643210821
"DEU","HRV",0.0677288731510668
"DEU","ISL",0.135118272599658
"DEU","IND",0.000449066560139048
"DEU","IDN",0.0361441596552155
"DEU","IRN",5.07215898831837
"DEU","IRQ",0.318942360397688
"DEU","IRL",0.345204849452002
"DEU","ISR",0.662211229485846
"DEU","ITA",4.99594196116997
"DEU","CIV",0.111607793145592
"DEU","KAZ",0.00314354704935147
"DEU","JAM",8.30714572574748e-05
"DEU","JPN",0.0215911376684882
"DEU","JOR",0.371650941537016
"DEU","KGZ",0.00012419373602322
"DEU","KEN",0.698746402391031
"DEU","KHM",3.55072324596938e-05
"DEU","PRK",0.000244182395306632
"DEU","KOR",0.0376210556193781
"DEU","KWT",0.0291907853547036
"DEU","LVA",0.0378161385406067
"DEU","LAO",4.11973058775954e-05
"DEU","LBN",0.0926691193872607
"DEU","LSO",0.021477319964525
"DEU","LBR",0.0376976213363257
"DEU","LBY",1.88155976765546
"DEU","LTU",0.0285924442439699
"DEU","MAC",4.42223982791261e-05
"DEU","MDG",0.0665178765613536
"DEU","MWI",0.174671666681781
"DEU","MYS",0.025704944326626
"DEU","MDV",0.00491316444787965
"DEU","MLI",0.0689675271869667
"DEU","MLT",0.0225688912561783
"DEU","MRT",0.198049922159066
"DEU","MUS",0.0574003425378966
"DEU","MEX",0.00352280361520691
"DEU","MNG",0.00356050282340711
"DEU","MAR",2.26229157460916
"DEU","MOZ",0.716462535385814
"DEU","MDA",0.00158616556844323
"DEU","NAM",0.126866920711898
"DEU","NPL",3.73099863385622e-05
"DEU","NLD",17.9334857723387
"DEU","NCL",8.46300622531971e-05
"DEU","MKD",0.00926733945887611
"DEU","VUT",5.81746000032183e-05
"DEU","NZL",0.00411576538041513
"DEU","NIC",2.37476024167727e-06
"DEU","NER",0.00708447687281819
"DEU","NGA",1.0233505952566
"DEU","NOR",1.37327897383783
"DEU","PAK",0.126837259333765
"DEU","PAN",0.00015878292252492
"DEU","CZE",0.294955438596384
"DEU","PNG",1.2178257649627e-05
"DEU","PRY",0.000230153752996206
"DEU","PER",0.000490055173036332
"DEU","PHL",0.00814938170729102
"DEU","POL",1.94103255851026
"DEU","PRT",0.94932484177621
"DEU","GNB",0.000991834926871047
"DEU","ERI",0.249083945381165
"DEU","QAT",0.00432398299806491
"DEU","ZWE",0.124501231851309
"DEU","ROU",0.123892447227787
"DEU","RWA",0.0667264530685659
"DEU","RUS",0.194232627988796
"DEU","KNA",5.27724498150505e-05
"DEU","LCA",3.18731515428712e-05
"DEU","STP",0.000173175483845862
"DEU","SAU",4.4632323698485
"DEU","SEN",0.122881961531278
"DEU","SYC",9.43547813941301e-05
"DEU","SLE",0.040554534531405
"DEU","SVN",0.0551314725165107
"DEU","SVK",0.0887539719296743
"DEU","SGP",0.00817759384576078
"DEU","SOM",0.00151296715923774
"DEU","ZAF",2.82485783822153
"DEU","ESP",2.48051975030506
"DEU","SUR",0.0651320067374677
"DEU","TJK",0.0147580690098066
"DEU","SWZ",0.01890600242436
"DEU","SWE",0.6175824483381
"DEU","CHE",1.45445371847511
"DEU","SYR",0.0432583595582
"DEU","TKM",0.00122515186152927
"DEU","TWN",0.00251700482628673
"DEU","TZA",0.560212660000833
"DEU","THA",0.00775453197612817
"DEU","TGO",0.013657539352165
"DEU","TON",3.31857520952337e-06
"DEU","TTO",0.00477867834948967
"DEU","OMN",0.422693219462079
"DEU","TUN",0.150116766040257
"DEU","TUR",1.30776319242792
"DEU","ARE",0.690519351197806
"DEU","UGA",0.324707620568436
"DEU","GBR",5.35493669209912
"DEU","UKR",0.0607449727231194
"DEU","USA",0.259839446210083
"DEU","BFA",0.0568987772949644
"DEU","URY",0.0139933268019614
"DEU","UZB",0.000117983455160711
"DEU","VEN",0.063433745887936
"DEU","VNM",0.0109305076793893
"DEU","ETH",0.210381102943077
"DEU","YEM",0.907091685789863
"DEU","COD",0.33825315862701
"DEU","ZMB",0.0373744727247431
"DEU","BEL",9.96401031243005
"DEU","LUX",0.242230193841204
"DEU","SRB",0.0159010648742224
"DEU","MNE",0.00118999545529943
"DEU","SDN",1.83102060316396
"DEU","PSE",0.000321211713097382
"BIH","ALB",0.546820121947251
"BIH","DZA",0.0233207667592098
"BIH","AUS",0.0799045050248089
"BIH","AUT",0.16655841412783
"BIH","BHR",0.00189257757634371
"BIH","BGR",0.365117169783568
"BIH","CAN",0.0430947632314243
"BIH","CHN",0.000882255591771811
"BIH","COG",0.00792799582293686
"BIH","AZE",0
"BIH","DNK",0.308374840422004
"BIH","BLR",0
"BIH","EST",0
"BIH","FIN",0.0111811895420869
"BIH","FRA",0.0546743466805372
"BIH","DEU",0.187243642120234
"BIH","GRC",0.0053403491003396
"BIH","HUN",0.0672733791005603
"BIH","HRV",17.3616373927158
"BIH","IRN",3.99328197931675e-05
"BIH","IRQ",0.00314393579269156
"BIH","IRL",0.0106691923540656
"BIH","ISR",0.029853776077372
"BIH","ITA",2.74661206503519
"BIH","JPN",0.00158865526982032
"BIH","JOR",1.5973127917267e-05
"BIH","KWT",0.00658891526587264
"BIH","LBN",0
"BIH","LBY",0.792180396326941
"BIH","MYS",0
"BIH","MLT",0.000203657380945154
"BIH","MAR",0.00514334718935998
"BIH","NLD",0.156420367121947
"BIH","MKD",4.69259261870266
"BIH","NZL",0.0813305896900156
"BIH","NOR",0
"BIH","PAK",0
"BIH","CZE",0.0805554394499374
"BIH","POL",0.00601388266085103
"BIH","PRT",0
"BIH","QAT",0.0109341038668789
"BIH","ROU",0.0334912929348951
"BIH","RUS",0.0530490396886605
"BIH","SAU",0.0391471063925542
"BIH","SVN",1.07550207479502
"BIH","SVK",0.00929524939920474
"BIH","ESP",0.0236987974532518
"BIH","SUR",0.00559059477104345
"BIH","SWE",0.899985066601634
"BIH","CHE",0.431513205437435
"BIH","TUN",0
"BIH","TUR",51.7217385406483
"BIH","ARE",0.0127857999033205
"BIH","GBR",0.387795036836484
"BIH","UKR",0
"BIH","USA",0.466046486019966
"BIH","BFA",0.000714894871419145
"BIH","VNM",0.0614007037139744
"BIH","ETH",0
"BIH","BEL",0.0154550040895766
"BIH","LUX",0.00100325528231582
"BIH","SRB",3.98006896948583
"BIH","MNE",7.47699137599644
"BIH","PSE",0.0281845842100176
"GHA","AUS",0.00156128524053239
"GHA","AUT",0.00252404930451896
"GHA","BTN",0.0376723776793875
"GHA","BWA",0.00169474652975022
"GHA","BRA",0
"GHA","CMR",0.114969817947877
"GHA","CAN",0.0129202488331761
"GHA","CHN",0.0385513998252398
"GHA","COG",0.0998318008503768
"GHA","CYP",0.000366582522459225
"GHA","BEN",3.8997802867387
"GHA","DNK",0
"GHA","EGY",5.022983690585e-05
"GHA","FRA",1.1196217033892e-05
"GHA","GAB",0.0665545339002512
"GHA","GMB",0.0694846077197591
"GHA","DEU",0.00800147689488264
"GHA","GIN",0.049988159698244
"GHA","HKG",0
"GHA","ISL",0.00123314930224958
"GHA","IND",0.000196427248387917
"GHA","IDN",0
"GHA","IRQ",3.41900479023537
"GHA","IRL",0.0405489093059876
"GHA","ITA",0.0109460660936373
"GHA","CIV",0.358927717367406
"GHA","JPN",0.000212535281000001
"GHA","KEN",0.0312234927920849
"GHA","KOR",6.24810166389841e-05
"GHA","LBN",0.052213915463631
"GHA","LBR",0.337607059273525
"GHA","MDG",0.0174851559635676
"GHA","MLI",1.1286201404535
"GHA","MLT",0.0150815085309815
"GHA","MAR",5.16042477553913
"GHA","MOZ",0.00740508946547367
"GHA","NAM",5.022983690585e-05
"GHA","NLD",0.0367800380474178
"GHA","NZL",0.00348804699424255
"GHA","NER",20.5258380514586
"GHA","NGA",0.171671357563283
"GHA","NOR",0.000374818037724276
"GHA","PAK",2.5114918452925e-05
"GHA","POL",0
"GHA","PRT",2.5114918452925e-05
"GHA","QAT",2.06848602125427
"GHA","ZWE",0
"GHA","KNA",0.000101072232798357
"GHA","SEN",0.39663118156459
"GHA","SLE",0.040096840773835
"GHA","ZAF",0.0250199604663082
"GHA","ESP",0.0865531384947631
"GHA","SWZ",7.43238237143471e-05
"GHA","SWE",0.000405939437351918
"GHA","CHE",0.00013918701419033
"GHA","THA",2.5114918452925e-05
"GHA","TGO",32.8951430935246
"GHA","TTO",0.00020275702458337
"GHA","TUR",0.615608804414421
"GHA","ARE",0.0279374768265897
"GHA","GBR",0.47930733674384
"GHA","USA",0.231822884441775
"GHA","BFA",27.2152245653933
"GHA","ETH",0.123873039523912
"GHA","BEL",0.0355142957205676
"GHA","SRB",0.0001004596738117
"KIR","MAR",1.13967510119176
"KIR","TUV",2.48144156838259
"GRC","ARM",0.0654046048437322
"GRC","ALB",4.91691261987813
"GRC","DZA",6.1169407358427
"GRC","ATG",0.0115444342944906
"GRC","ARG",0.00529794089490774
"GRC","AUS",0.148736489802637
"GRC","AUT",0.206201972878157
"GRC","BHS",0.0112705796958347
"GRC","BHR",0.0434645758784065
"GRC","BGD",0.000834515125310992
"GRC","BOL",0.000877866560392083
"GRC","BRA",0.0111392617814344
"GRC","BGR",3.65230438109877
"GRC","MMR",0.00215146634347121
"GRC","CMR",0.00535760140278031
"GRC","CAN",0.131586557751142
"GRC","LKA",0.00648638754330646
"GRC","TCD",0.00699870149808117
"GRC","CHL",0.0175261874631852
"GRC","CHN",0.18208916942585
"GRC","COL",0.00623724191158575
"GRC","COG",0.0063035631456638
"GRC","CRI",0.000469052674978517
"GRC","CUB",0.142736460834002
"GRC","CYP",3.16407937855693
"GRC","AZE",0.00369723712699374
"GRC","BEN",0.00166903025062198
"GRC","DNK",0.238212699977116
"GRC","DOM",0.0105620255721752
"GRC","BLR",0.005487312162052
"GRC","EGY",0.650438897119713
"GRC","SLV",6.79084370264156e-05
"GRC","EST",0.0592325687131868
"GRC","FIN",0.0352486059742585
"GRC","FRA",2.51829309987224
"GRC","PYF",0.000120625368113134
"GRC","DJI",0.0646261959034721
"GRC","GEO",0.0316773172888552
"GRC","GAB",0.00467854796540452
"GRC","GMB",0.00392483216116946
"GRC","DEU",1.76134142384842
"GRC","BIH",0.00919979959550916
"GRC","GHA",0.00611330130415366
"GRC","GTM",0.000298118655334675
"GRC","GIN",0.00565903641886796
"GRC","GUY",0.0015115435332068
"GRC","HTI",0.0441404840671701
"GRC","HKG",0.215971463246297
"GRC","HUN",0.0657696756332335
"GRC","HRV",0.00855503276477126
"GRC","ISL",0.00496940372807678
"GRC","IND",0.0391439823438861
"GRC","IDN",0.00295184385842574
"GRC","IRN",0.00100762612874441
"GRC","IRQ",0.00578473641609676
"GRC","IRL",0.0132996529173673
"GRC","ISR",0.171742105372908
"GRC","ITA",37.5048705670815
"GRC","KAZ",0.000594998446487967
"GRC","JAM",0.00064636989705906
"GRC","JPN",0.472845918819509
"GRC","JOR",0.039131457186171
"GRC","KEN",0.00936744008217899
"GRC","PRK",0.00122864311132261
"GRC","KOR",0.0514826466015631
"GRC","KWT",0.0143453124070909
"GRC","LVA",0.0206989895813788
"GRC","LBN",0.0655845888359101
"GRC","LBR",0.00126062591891988
"GRC","LBY",0.207010005073504
"GRC","LTU",0.0111947716346004
"GRC","MDG",0.0148379009719652
"GRC","MYS",0.00404478240263989
"GRC","MDV",0.00108517312294986
"GRC","MLI",0.00694241952824775
"GRC","MLT",0.0236274748446922
"GRC","MRT",0.00098213322335812
"GRC","MUS",0.00164112056147171
"GRC","MEX",0.0051455960990628
"GRC","MNG",2.80700542150061e-05
"GRC","MAR",0.296114774484106
"GRC","MOZ",0.0104126270107171
"GRC","MDA",0.0100662743217422
"GRC","NAM",0.00497995204860381
"GRC","NLD",1.43353845684812
"GRC","NCL",0
"GRC","MKD",0.829920518177162
"GRC","NZL",0.00190293349133438
"GRC","NGA",3.58804574831584
"GRC","NOR",0.0621707751863177
"GRC","PAK",0.00868578515425959
"GRC","PAN",0.0123771369020683
"GRC","CZE",0.188203400398805
"GRC","PRY",0.000759020187145386
"GRC","PER",0.00220008533036534
"GRC","PHL",0.00417188394207247
"GRC","POL",0.879944812730101
"GRC","PRT",0.475058494121262
"GRC","ERI",0.000224511090623209
"GRC","QAT",0.0178477891711665
"GRC","ZWE",0.0083496449994293
"GRC","ROU",1.22447332974892
"GRC","RUS",0.141459103820413
"GRC","STP",0.0024899760243019
"GRC","SAU",0.0638096167135041
"GRC","SEN",0.00679518281121995
"GRC","SYC",0.001503451265325
"GRC","SLE",0.0027311404101087
"GRC","SVN",0.0090670051543529
"GRC","SVK",0.0635551473541362
"GRC","SGP",0.0106494133181133
"GRC","SOM",0.0228625071322266
"GRC","ZAF",0.0556446933644713
"GRC","ESP",2.56054577845281
"GRC","SUR",0.0048710535961308
"GRC","SWE",0.094113518431813
"GRC","CHE",0.0240174451140781
"GRC","TKM",0
"GRC","TWN",0.00746056566084364
"GRC","TZA",0.00354756306657826
"GRC","THA",0.00827040035690457
"GRC","TGO",6.34182152139514e-05
"GRC","TTO",0.0534213037941136
"GRC","OMN",0.00363714443091058
"GRC","TUN",12.3485575001226
"GRC","TUR",6.60096498883763
"GRC","ARE",0.062771030875436
"GRC","UGA",0.0110597839301707
"GRC","GBR",2.35378697096968
"GRC","UKR",0.0441024141546559
"GRC","USA",0.796281315526372
"GRC","URY",0.00193033102557326
"GRC","UZB",0.0022481948497846
"GRC","VEN",2.27595034175725e-06
"GRC","VNM",0.00636273594544158
"GRC","ETH",0.00549217993331756
"GRC","YEM",0.0673327881229028
"GRC","COD",0.00580864909412129
"GRC","ZMB",0.00342459595732758
"GRC","BEL",1.6779239684274
"GRC","LUX",0.0540818283428274
"GRC","SRB",0.1380848909498
"GRC","MNE",0.0197509320622681
"GRC","SDN",0.0085768541000976
"GRC","PSE",0.000336840650580073
"GRD","ATG",14.6493619394628
"GRD","BRB",0.313390760844915
"GRD","DMA",23.3523784815733
"GRD","DOM",0.149624979110712
"GRD","KNA",25.2841525620091
"GRD","LCA",35.0683527816449
"GRD","VCT",0.0381881467463233
"GRD","SVK",0.361393052993843
"GRD","TTO",0.228860511815142
"GRD","GBR",0.00154973453165068
"GRD","USA",0.552747049267233
"GTM","AFG",0
"GTM","ALB",0.06802511792208
"GTM","BHR",0.00437304329499085
"GTM","BRA",0.0389492389473852
"GTM","BLZ",0.69218275330149
"GTM","CAN",0.00097971554246969
"GTM","CHL",0.305274151756792
"GTM","COL",0.0433605150975613
"GTM","COG",0.000314119084016883
"GTM","CRI",9.22148690308545
"GTM","CUB",1.44049872078995
"GTM","DNK",0.0102690802289418
"GTM","DOM",4.77469725975167
"GTM","ECU",0.0988611468230085
"GTM","SLV",26.6941200391078
"GTM","FRA",0.38729813769932
"GTM","GMB",0.00485893699443428
"GTM","DEU",0
"GTM","BIH",0
"GTM","GUY",0.171962197448479
"GTM","HTI",0.343321353877215
"GTM","HND",36.5289884955792
"GTM","ITA",0.00265238610510833
"GTM","JAM",0.151763234845253
"GTM","JOR",0.00218652164749543
"GTM","KOR",0
"GTM","MYS",0
"GTM","MLI",0.00364420274582571
"GTM","MEX",3.62938398381141
"GTM","NLD",0.00485893699443428
"GTM","NIC",10.8629054974886
"GTM","PAN",2.92517986814568
"GTM","PRY",0.00149412312578854
"GTM","PER",0.106379799669964
"GTM","ZWE",0.0279388877179971
"GTM","SAU",0.00387905136722337
"GTM","ESP",0.153293964596637
"GTM","CHE",0.00188891175658633
"GTM","TWN",0
"GTM","TTO",0.0111138911385985
"GTM","OMN",0.00553918817365508
"GTM","ARE",0.0066749646961041
"GTM","USA",1.19034762240922
"GTM","URY",0.0352090721959194
"GTM","VEN",0.0438449650362059
"GTM","COD",0
"GTM","BEL",0
"GIN","AUS",0.00460662856038657
"GIN","COG",0.00357013713429959
"GIN","DNK",11.3605202979723
"GIN","GNQ",0.0652413769864748
"GIN","FRA",0.0293852809748602
"GIN","GMB",0.404041585930475
"GIN","HND",0.000629978302787283
"GIN","IRL",0.00443387998937208
"GIN","CIV",2.90545306620642
"GIN","KOR",5.75828570048322e-05
"GIN","LBR",2.54786976625053
"GIN","MYS",0.153537431827096
"GIN","MLI",29.5874695227612
"GIN","MRT",14.9204829003567
"GIN","MAR",19.956086735859
"GIN","NLD",5.21210684000378e-05
"GIN","NER",0.0205347646429969
"GIN","PAK",0.00258373811227373
"GIN","SAU",0.0416968547200302
"GIN","SEN",6.24828616388477
"GIN","SLE",0.294070110909522
"GIN","ZAF",0.000114541509597688
"GIN","ESP",0
"GIN","SWE",0.000115165714009664
"GIN","TUR",0.0780314034134248
"GIN","USA",0.00761217280405342
"GIN","BEL",11.363516791252
"GUY","ARM",0
"GUY","ATG",2.92972370365252
"GUY","AUS",0
"GUY","BHS",0.000455062002672018
"GUY","BRB",10.5934234779045
"GUY","BRA",43.4905411509689
"GUY","CAN",3.58676590113328
"GUY","CAF",0.243809642082
"GUY","CUB",0
"GUY","CYP",0
"GUY","DMA",0.0387697268601254
"GUY","DOM",0.0264389173706903
"GUY","FRA",1.06089628264126
"GUY","DEU",0.083859664449044
"GUY","BIH",0.538983328639039
"GUY","GRC",0.0452595541952929
"GUY","GRD",0.212422079586046
"GUY","HTI",0.0682593004008027
"GUY","HKG",0.000682593004008027
"GUY","JAM",0.404385607445461
"GUY","JPN",0
"GUY","LAO",0
"GUY","NLD",0.00494032082033633
"GUY","KNA",0.144279072808149
"GUY","LCA",0.0501343904835374
"GUY","VCT",0.0844410444756865
"GUY","SVK",0.0204777901202408
"GUY","ZAF",0.181038216781171
"GUY","SUR",23.1558050947124
"GUY","TON",0
"GUY","TTO",5.29612543373119
"GUY","TUR",0
"GUY","GBR",0.311890704424367
"GUY","USA",7.31870892516759
"GUY","VEN",0.107483014139697
"HND","ARG",0.209050111859746
"HND","BRA",0.0160357212257487
"HND","BLZ",0.211132005890086
"HND","CAN",0.770825464617169
"HND","LKA",0
"HND","CHL",0.0268004432712242
"HND","CHN",0.0460618890538424
"HND","COL",0
"HND","CRI",7.29373452712834
"HND","CUB",0.856278706770147
"HND","DMA",2.37750211962525
"HND","DOM",4.3123074340847
"HND","ECU",0.0635654068943025
"HND","SLV",43.7683702312568
"HND","FRA",0.0070864444698219
"HND","DEU",0.0140960711134127
"HND","GTM",20.5791592913712
"HND","HTI",0.433791636474098
"HND","IND",0.249141671447764
"HND","ISR",0.0404635979226831
"HND","ITA",0.00521951523298463
"HND","JAM",0.0212859075762275
"HND","MEX",0.957103688066173
"HND","NLD",0.000142593089941538
"HND","NIC",12.8599999224428
"HND","NOR",7.0864444698219e-05
"HND","PAN",0.313792485420027
"HND","PER",0.0493362488969444
"HND","PRT",0.0192288462176113
"HND","SAU",0.00354322223491095
"HND","ESP",0.100546276620232
"HND","SYR",0.0106296667047329
"HND","TTO",0.0673212224633081
"HND","ARE",0.0248025556443767
"HND","USA",4.05974646086408
"HND","VEN",0.171592971611184
"HND","YEM",0.0602347779934862
"HKG","ARM",9.53815719152557e-05
"HKG","AUS",2.34301754243814
"HKG","AUT",0.00474188580073437
"HKG","BHS",0.00590327275779275
"HKG","BHR",0.0195742061884488
"HKG","BRB",0.000953815719152557
"HKG","BGD",0.0016416551430165
"HKG","BRA",0.0047341492954568
"HKG","BLZ",0.018024273738891
"HKG","SLB",0.0115838204981308
"HKG","BRN",0.024102314343333
"HKG","BGR",0.000114457886298307
"HKG","MMR",0.0386863482975298
"HKG","BDI",0.000120816657759324
"HKG","CMR",0.000165328057986443
"HKG","CAN",4.64141284322601
"HKG","LKA",0.000391064444852548
"HKG","CHL",0.000379458394502969
"HKG","CHN",42.9715980101623
"HKG","COL",0.000362449973277972
"HKG","COG",0.000489263521195653
"HKG","CRI",0.0172245207597707
"HKG","CUB",0.000948645986257421
"HKG","CYP",0.00911320514754541
"HKG","AZE",0.00225223844776216
"HKG","BEN",0.00190763143830511
"HKG","DNK",0.0348666155713873
"HKG","DOM",0.0308490886184992
"HKG","ECU",0.0132810438076039
"HKG","EGY",0.00310943924443734
"HKG","FJI",0.00602375397038354
"HKG","FIN",0.0144486080983823
"HKG","FRA",0.926137859835985
"HKG","DJI",0.00107261618108278
"HKG","GEO",0.000408951720669718
"HKG","DEU",0.17392616269771
"HKG","GHA",0.0142299626408752
"HKG","GRC",0.0136366291141304
"HKG","GTM",0.0452882207410926
"HKG","GIN",0.00381526287661023
"HKG","GUY",0.011444516080195
"HKG","HTI",0.00953815719152557
"HKG","HND",0.00706185513475552
"HKG","HUN",0.0057022153833348
"HKG","HRV",0.0171423948529743
"HKG","IND",0.0185617398496009
"HKG","IDN",0.473952205114806
"HKG","IRL",0.0294382285634806
"HKG","ISR",0.0110567293028082
"HKG","ITA",0.0819637299256108
"HKG","CIV",0.00189729197251484
"HKG","JAM",0.0349617168811162
"HKG","JPN",0.186937656632162
"HKG","JOR",0.000103498052560619
"HKG","KGZ",0.000438755230810176
"HKG","KEN",0.00421426286145681
"HKG","KHM",0.272840509184914
"HKG","PRK",0.0583706786590442
"HKG","KOR",0.255694110138825
"HKG","KWT",0.0152297118470973
"HKG","LVA",0.00017168682944746
"HKG","LBN",9.53126421433206e-05
"HKG","LSO",0.000267068401362716
"HKG","MAC",21.8257974957611
"HKG","MDG",0.0335958452516783
"HKG","MYS",1.96964270396576
"HKG","MDV",0.00763052575322046
"HKG","MLI",0.0102453766515802
"HKG","MLT",0.00218343668826061
"HKG","MRT",0.0114096004995647
"HKG","MUS",0.0330793137393393
"HKG","MEX",0.0429943317695759
"HKG","MNG",0.00377907474634428
"HKG","MAR",0
"HKG","MOZ",0.0536226150275001
"HKG","NAM",0.0267068401362716
"HKG","NPL",0.0146451590706453
"HKG","NLD",1.74915143879967
"HKG","VUT",0.00524745121299269
"HKG","NZL",0.57683898677942
"HKG","NIC",0.00823538450195135
"HKG","NER",0
"HKG","NGA",0.00889919113001902
"HKG","NOR",0.0420249678437534
"HKG","PAK",0.000966533262074591
"HKG","PAN",0.131222963496172
"HKG","CZE",0.000476907859576279
"HKG","PNG",0.00913027675439468
"HKG","PRY",0.00161714414692743
"HKG","PER",0.0192204676850748
"HKG","PHL",1.25346828428755
"HKG","POL",0.00515683958129534
"HKG","PRT",0.021736053333606
"HKG","QAT",0.0104919729106781
"HKG","ZWE",0.00572289431491534
"HKG","ROU",0.0303566715602375
"HKG","RWA",3.81526287661023e-05
"HKG","RUS",0.0574183880110957
"HKG","SAU",0.0133997753397622
"HKG","SEN",0.00303566715602375
"HKG","SYC",0.0276174321886636
"HKG","SVN",0.0042540181074204
"HKG","SGP",6.21090707328423
"HKG","ZAF",0.198300541545383
"HKG","ESP",0.0608508885639072
"HKG","SUR",0.0161623450892575
"HKG","TJK",9.53815719152557e-05
"HKG","SWZ",0.00381526287661023
"HKG","SWE",0.174792170503639
"HKG","CHE",0.123266803317523
"HKG","SYR",0.00286144715745767
"HKG","TWN",1.11005579088847
"HKG","THA",0.202465816487901
"HKG","TGO",0.00695673723255442
"HKG","TON",0.00120943833188544
"HKG","TTO",0.0211882231169504
"HKG","OMN",0
"HKG","TUN",0.00043281003798077
"HKG","TUR",0.0190024453621458
"HKG","ARE",0.137971051092372
"HKG","TUV",0.00189729197251484
"HKG","GBR",1.74159041070571
"HKG","UKR",0.00926155063297133
"HKG","USA",8.15502140357582
"HKG","BFA",0.000286144715745767
"HKG","VEN",0.0309188972450265
"HKG","VNM",0.713069367657092
"HKG","ETH",0.00318021288777175
"HKG","YEM",0
"HKG","COD",0.000627260924609812
"HKG","ZMB",7.63052575322046e-05
"HKG","BEL",0.0465352792640155
"HKG","SDN",0.000152610515064409
"HUN","ARM",6.74147182254023e-07
"HUN","AFG",6.9369745053939e-05
"HUN","ALB",0.231585496939855
"HUN","DZA",0.637572834120467
"HUN","AUS",0.00266392502747024
"HUN","AUT",9.63076501689708
"HUN","BHS",0.00232597464086124
"HUN","BHR",0.0131173751031948
"HUN","BGD",1.94389277892283
"HUN","BOL",0.00106785644451891
"HUN","BWA",8.23656219272338e-06
"HUN","BRA",0.000813176344719765
"HUN","SLB",4.71903027577816e-05
"HUN","BGR",0.269606174397833
"HUN","CMR",9.43806055155633e-06
"HUN","CAN",0.00426733769575025
"HUN","LKA",0.00181548384268149
"HUN","CHL",6.25793716787926e-07
"HUN","CHN",0.0160028826099904
"HUN","COL",0
"HUN","COG",0.000830431992215059
"HUN","CRI",0.000101122077338104
"HUN","CUB",6.27925166776986e-07
"HUN","CYP",0.590784015843927
"HUN","AZE",0.000968102027290926
"HUN","BEN",7.98142762903293e-06
"HUN","DNK",0.0197798115643142
"HUN","DOM",6.44934137689682e-06
"HUN","BLR",0.039530341552872
"HUN","EGY",0.000866671620487263
"HUN","EST",0.00944444885595627
"HUN","FIN",0.00961500862731309
"HUN","FRA",0.322864406718017
"HUN","PYF",1.17975756894454e-07
"HUN","GEO",0.000403416896431342
"HUN","GMB",0
"HUN","DEU",4.38883060886452
"HUN","BIH",8.60180152674105
"HUN","GHA",1.52792992465744e-06
"HUN","GRC",4.00649267727788
"HUN","GIN",0.00167583123939829
"HUN","HKG",0.00069322751500411
"HUN","HRV",2.14834865542027
"HUN","ISL",0.00107579193940068
"HUN","IND",2.73429948764346
"HUN","IDN",1.44889575906311e-05
"HUN","IRN",0.000384428320026807
"HUN","IRQ",0.0360869773104303
"HUN","IRL",0.0132520869666497
"HUN","ISR",0.589902536924659
"HUN","ITA",22.1929906524829
"HUN","CIV",9.3869057518189e-07
"HUN","KAZ",0.00017206987945305
"HUN","JAM",4.71903027577816e-05
"HUN","JPN",0.000173765678826429
"HUN","JOR",1.03100966605502
"HUN","KGZ",4.60577354915949e-05
"HUN","KEN",0.0638578153822306
"HUN","KHM",4.8737735449839e-06
"HUN","KOR",0.0422090033283026
"HUN","KWT",0.00316975473206028
"HUN","LVA",0.0147708854689017
"HUN","LBN",0.0526031484307909
"HUN","LBY",0.898253096726861
"HUN","LTU",0.0310016948578636
"HUN","MAC",0.000884466487460211
"HUN","MYS",0.00055792420803343
"HUN","MLI",5.63214345109134e-06
"HUN","MLT",0.0718552722331434
"HUN","MRT",3.75476230072756e-06
"HUN","MUS",2.35951513788908e-05
"HUN","MEX",1.118883357257e-05
"HUN","MNG",0.00448169025020838
"HUN","MAR",0.161904554950236
"HUN","MOZ",9.31017355221275e-05
"HUN","MDA",0.021054201608854
"HUN","NPL",0
"HUN","NLD",2.33937565059159
"HUN","MKD",0.441988471268667
"HUN","NZL",0.000387982299738565
"HUN","NGA",0.00028314181654669
"HUN","NOR",0.00845879039240085
"HUN","PAK",0
"HUN","PAN",0.0303061069274448
"HUN","CZE",0.653591394746489
"HUN","PNG",0
"HUN","PHL",0.00233068940823704
"HUN","POL",2.0783166346934
"HUN","PRT",0.00425223113841477
"HUN","QAT",0.00103236466315653
"HUN","ROU",18.3732694711627
"HUN","RUS",0.0434455334309219
"HUN","VCT",4.71903027577816e-05
"HUN","SAU",0.00156580156681669
"HUN","SEN",2.35951513788908e-05
"HUN","SYC",0.000966505997539119
"HUN","SLE",0.000512698980368419
"HUN","SVN",3.48559867609378
"HUN","SVK",2.31264251073932
"HUN","SGP",0.000349742701492341
"HUN","ZAF",0.00576320147963198
"HUN","ESP",1.05726678333718
"HUN","SUR",0.00109735038374252
"HUN","TJK",0.00028314181654669
"HUN","SWE",0.030838065941813
"HUN","CHE",0.819732814362011
"HUN","SYR",0.000396398543165366
"HUN","TKM",0.00100480815384252
"HUN","TWN",9.81236022123512e-05
"HUN","THA",2.16401245503542e-05
"HUN","TGO",0.00512059545371701
"HUN","OMN",0.00061819296612694
"HUN","TUN",0.793801766597575
"HUN","TUR",0.629436641359641
"HUN","ARE",0.00410981668216514
"HUN","GBR",0.08426820216447
"HUN","UKR",0.233517913130995
"HUN","USA",0.00930508370776932
"HUN","URY",0.00288009666904336
"HUN","UZB",0.000434474765769928
"HUN","VNM",7.48575588914854e-05
"HUN","YEM",3.67808202324314
"HUN","COD",0.000286300625430476
"HUN","ZMB",4.94219308963271e-06
"HUN","BEL",0.423359156611587
"HUN","LUX",0.00253842337498516
"HUN","SRB",0.583758224185164
"HUN","MNE",0.0314104226766066
"HRV","ARM",0.0015324128535211
"HRV","ALB",2.11222855318735
"HRV","DZA",4.78675110299576
"HRV","ARG",0
"HRV","AUS",0.0163915034188733
"HRV","AUT",1.62826970536022
"HRV","BHR",2.29861928028164e-05
"HRV","BRA",1.27701071126758e-05
"HRV","BGR",0.0219012994371164
"HRV","CAN",0.0115042446828947
"HRV","CHL",3.06482570704219e-05
"HRV","CHN",0.00091769811899725
"HRV","CYP",0.629528061696947
"HRV","AZE",0.00150317468810081
"HRV","BEN",0
"HRV","DNK",0.00471291810788362
"HRV","BLR",0.00102160856901406
"HRV","EGY",0.000700896450384292
"HRV","EST",5.80434245240646e-05
"HRV","FIN",0.0030930435403199
"HRV","FRA",0.808906103535813
"HRV","GEO",0.704061686805797
"HRV","DEU",0.56666594205122
"HRV","BIH",20.2392433444971
"HRV","GHA",2.18513351863348
"HRV","GRC",0.618377525062685
"HRV","HND",0.492419829218504
"HRV","HKG",0.00543503624019198
"HRV","HUN",0.503141590700517
"HRV","ISL",7.38688650458127e-05
"HRV","IND",0.000133782733701106
"HRV","IRN",9.24708027237662e-05
"HRV","IRQ",0.00151856161322089
"HRV","IRL",0.00185983770774338
"HRV","ISR",0.36300216326381
"HRV","ITA",29.8458234980807
"HRV","CIV",0
"HRV","KAZ",0.000508520200308017
"HRV","JAM",0.000510804284507032
"HRV","JPN",0.00041176500934428
"HRV","JOR",0.00615638350497359
"HRV","KOR",7.40666212535196e-05
"HRV","KWT",0.00102160856901406
"HRV","LVA",4.06272825065739e-05
"HRV","LBN",2.99397039742901
"HRV","LBY",1.34259276745699
"HRV","LTU",0.0106320797159867
"HRV","MYS",2.64400049704182e-05
"HRV","MDV",7.66206426760548e-06
"HRV","MLT",0.267950554140318
"HRV","MAR",2.32870051864076
"HRV","MDA",0.000901590326556721
"HRV","NLD",0.200240068238271
"HRV","MKD",1.65605341665009
"HRV","NZL",0.0007331301189719
"HRV","NOR",0.000122207313787474
"HRV","PAK",0.324149851240125
"HRV","PAN",0
"HRV","CZE",0.0134136116553512
"HRV","POL",0.467928986295961
"HRV","PRT",0.00189476464284327
"HRV","QAT",0.00032180669923943
"HRV","ROU",1.98049145530387
"HRV","RUS",0.0310290100611382
"HRV","SAU",0.036486068969958
"HRV","SVN",4.10746443043282
"HRV","SVK",0.098072658909645
"HRV","SGP",0.0034986535854555
"HRV","ZAF",0.636216332967878
"HRV","ESP",0.0619398746395571
"HRV","SWE",0.0366992475820464
"HRV","CHE",1.13377702820231
"HRV","SYR",5.70429264302233
"HRV","TKM",0.000231177006809416
"HRV","TWN",5.23574391619708e-05
"HRV","TZA",0.000806420151597755
"HRV","THA",0
"HRV","OMN",0.00139807132669575
"HRV","TUN",4.02744039910744
"HRV","TUR",0.998124477184609
"HRV","ARE",0.00656156155748982
"HRV","GBR",0.0601180965847123
"HRV","UKR",0.42035453260775
"HRV","USA",0.0520496981426721
"HRV","VEN",0.000255402142253516
"HRV","VNM",7.30630084994069e-05
"HRV","YEM",0.000275834313633797
"HRV","COD",2.11295784223806
"HRV","BEL",0.00187442720904625
"HRV","LUX",0.0485490526847812
"HRV","SRB",2.13451310949897
"HRV","MNE",0.486129871431352
"HRV","PSE",0.00063850535563379
"ISL","AUS",0
"ISL","AUT",0.232557376276308
"ISL","CAN",0.0237842771191678
"ISL","CHL",0.0317123694922238
"ISL","CHN",0.0158561847461119
"ISL","DNK",0.665504270018789
"ISL","FRO",86.8951874793592
"ISL","FIN",0
"ISL","FRA",1.49048136613452
"ISL","DEU",0.0198202309326399
"ISL","IRL",0
"ISL","ITA",1.59618926444193
"ISL","JPN",0
"ISL","KOR",0.25369895593779
"ISL","MEX",0.206130401699455
"ISL","NLD",1.77906392851375
"ISL","NOR",0.749456866098745
"ISL","CZE",0
"ISL","POL",0.0158561847461119
"ISL","PRT",0.0317123694922238
"ISL","SVN",0.0158561847461119
"ISL","SVK",0
"ISL","ESP",2.6360907140411
"ISL","SWE",1.06748505192512
"ISL","CHE",0.0118921385595839
"ISL","GBR",0.787913884041264
"ISL","USA",1.00202900548104
"ISL","BEL",0.451901265264189
"ISL","LUX",0.0198202309326399
"IND","ARM",0.000236306808062611
"IND","AFG",0.757508974887673
"IND","ALB",0.000274040272571066
"IND","DZA",0.123381268719091
"IND","ATG",0.000558364690061823
"IND","ARG",2.57977142524622e-05
"IND","AUS",0.441724779675025
"IND","AUT",0.00520550341043263
"IND","BHS",0.000765223215591255
"IND","BHR",0.185909501949642
"IND","BRB",0.000375703960655686
"IND","BGD",30.9038614613059
"IND","BTN",0.173399799400816
"IND","BOL",3.09638600852465e-05
"IND","BWA",0.010411050612703
"IND","BRA",0.00123916655489318
"IND","BLZ",0.000766157929108552
"IND","SLB",0.00672318320667989
"IND","BRN",0.0191562415947821
"IND","BGR",0.00112007998095041
"IND","MMR",0.382857363929008
"IND","BDI",0.0216751983150604
"IND","CMR",0.108065429651173
"IND","CAN",0.382803289480834
"IND","CPV",0.00595085525332851
"IND","CAF",0.00781558284807444
"IND","LKA",2.96920849624221
"IND","TCD",0.0347744170925497
"IND","CHL",0.00435328470423133
"IND","CHN",0.372181387948057
"IND","COL",0.00205250705690367
"IND","COM",0.01287900072042
"IND","COG",0.237016509372975
"IND","CRI",0.00605908458793179
"IND","CUB",0.0252863227504541
"IND","CYP",0.00115328853403661
"IND","AZE",0.00043252505354211
"IND","BEN",0.0883576038850569
"IND","DNK",0.00854663019836436
"IND","DMA",0.000968605818169164
"IND","DOM",0.102241158014834
"IND","BLR",0.000426741253740767
"IND","ECU",0.00310000232043347
"IND","EGY",0.00198648912224848
"IND","SLV",0.006197678858265
"IND","GNQ",0.0214826196712498
"IND","EST",0.00094849339494002
"IND","FJI",0.00582104406052233
"IND","FIN",0.00192003367576046
"IND","FRA",0.0165909362470103
"IND","DJI",2.18513766131433
"IND","GEO",0.000522143830609036
"IND","GAB",0.0165308958355085
"IND","GMB",0.0564533062683682
"IND","DEU",0.04514819261965
"IND","BIH",3.55322984584796e-05
"IND","GHA",0.214033596681219
"IND","KIR",0.000473463406189981
"IND","GRC",0.000598091500653694
"IND","GRD",1.56278441602352e-05
"IND","GTM",0.00556531674665155
"IND","GIN",0.195407435364109
"IND","GUY",0.00343823504439307
"IND","HTI",0.349655207069218
"IND","HND",0.0075536082875827
"IND","HKG",0.0629714471409705
"IND","HUN",0.000219521304875322
"IND","HRV",0.000171804784561582
"IND","ISL",0.000203041705477026
"IND","IDN",6.94960014296205
"IND","IRN",0.104621516732797
"IND","IRQ",0.315166258734914
"IND","IRL",0.00994734508064993
"IND","ISR",0.0383647953167721
"IND","ITA",0.00781155158982308
"IND","CIV",0.061158596414344
"IND","KAZ",0.000635071139856114
"IND","JAM",0.00149120253377861
"IND","JPN",0.0269508745869297
"IND","JOR",0.082044837292782
"IND","KGZ",6.51973219133465e-05
"IND","KEN",0.173618181534925
"IND","KHM",0.00523492913370999
"IND","PRK",0.31187002094193
"IND","KOR",5.44871945914073
"IND","KWT",0.116416239426446
"IND","LVA",0.000592774137625345
"IND","LAO",0.0011674898064929
"IND","LBN",0.0109127375996416
"IND","LSO",0.109433701642612
"IND","LBR",0.0347130096073477
"IND","LBY",0.0273915963568727
"IND","LTU",0.000684405763395483
"IND","MAC",0.00411603313679468
"IND","MDG",0.36126326681273
"IND","MWI",0.0315831548261232
"IND","MYS",2.64484959696939
"IND","MDV",0.232928129929497
"IND","MLI",0.0108111393223503
"IND","MLT",0.000666675609590543
"IND","MRT",0.0459972350605543
"IND","MUS",0.0394007223518438
"IND","MEX",0.00952964009718647
"IND","MNG",0.00959373158875998
"IND","MAR",0.00212359487007568
"IND","MOZ",0.121143196020754
"IND","MDA",0.0110179783616748
"IND","NAM",0.14796121754099
"IND","NPL",3.40370109975715
"IND","NLD",0.0431252573816045
"IND","NCL",8.57373865045582e-05
"IND","MKD",0.0100360286892618
"IND","VUT",0.00146664265748024
"IND","NZL",0.101449595367028
"IND","NIC",0.00608754174853765
"IND","NER",0.0375833740045438
"IND","NGA",0.0494838968140532
"IND","NOR",0.0116961294042402
"IND","PAK",0.243467627133554
"IND","PAN",0.00699912622753195
"IND","CZE",0.00152508984894161
"IND","PNG",0.00726817194090619
"IND","PRY",0.001817541185389
"IND","PER",0.0010783478948062
"IND","PHL",5.10358033999606
"IND","POL",0.00352635261277183
"IND","PRT",0.00282878552611739
"IND","GNB",0.0102386474756537
"IND","TLS",0.00173268473148721
"IND","ERI",0.134863097989141
"IND","QAT",1.14291533391523
"IND","ZWE",0.00101083304282776
"IND","ROU",0.00263205500831188
"IND","RWA",0.0643933446486534
"IND","RUS",0.0401368141263232
"IND","KNA",0
"IND","LCA",7.78418245749322e-06
"IND","VCT",0.000891860691307838
"IND","STP",0.00383583044799846
"IND","SAU",0.425520277401636
"IND","SEN",0.0717691025940648
"IND","SYC",0.0233540203502624
"IND","SLE",0.0582064655598609
"IND","SVN",0.000137815092556375
"IND","SVK",5.00726157138466e-05
"IND","SGP",0.570151076919093
"IND","SOM",0.807549492371521
"IND","ZAF",0.426895004871246
"IND","ESP",0.00966547130309935
"IND","SUR",0.00165733703444741
"IND","TJK",0.000673769688690442
"IND","SWZ",0.000335381672369525
"IND","SWE",0.0122307237019564
"IND","CHE",0.00590172356259126
"IND","SYR",0.0295680687269567
"IND","TKM",0.000228421918661655
"IND","TWN",0.445128658502742
"IND","TZA",1.0811445548785
"IND","THA",1.18682235828424
"IND","TGO",0.137404970661684
"IND","TON",0.00468354115844143
"IND","TTO",0.00325475722570366
"IND","OMN",2.34258557490684
"IND","TUN",0.00219586715668651
"IND","TUR",0.487610072594107
"IND","ARE",9.42881514031026
"IND","UGA",0.272881878685322
"IND","GBR",0.754577242720111
"IND","UKR",0.0015511924482719
"IND","USA",1.92343376687743
"IND","BFA",0.0653522079314063
"IND","URY",0.00207919331935133
"IND","UZB",0.00016744750405956
"IND","VEN",0.0131924423792331
"IND","VNM",1.90512205305189
"IND","ETH",1.10631881429538
"IND","YEM",4.9468354469849
"IND","COD",0.149482876695633
"IND","ZMB",0.0033405357331618
"IND","BEL",0.00420757538646018
"IND","LUX",0.00011861019628283
"IND","SRB",3.0456255821554e-06
"IND","SDN",1.32113139803461
"IND","SSD",0.0457359537118416
"IND","PSE",0.000609125116431079
"IDN","ARM",0.0059968823522492
"IDN","AFG",0.00203311932210038
"IDN","DZA",0.0217905618841926
"IDN","ARG",0.00428903227837317
"IDN","AUS",4.10511826215183
"IDN","AUT",0.00531799469658162
"IDN","BHS",0.005839682409785
"IDN","BHR",0.112355519476214
"IDN","BRB",0.00021115235831991
"IDN","BGD",0.0706974129801203
"IDN","BTN",0.00480718975828232
"IDN","BWA",0.0019809213432779
"IDN","BRA",0.0435887993348814
"IDN","BLZ",0.00518313054563403
"IDN","SLB",0.194765352419396
"IDN","BRN",0.846258745703016
"IDN","BGR",0.00743896601261543
"IDN","MMR",1.21765320240706
"IDN","CMR",0.0166640017767397
"IDN","CAN",0.164493976769008
"IDN","CPV",0.00329925559874859
"IDN","CAF",0.00263940447899887
"IDN","LKA",0.0633736093306461
"IDN","CHL",0.00761303229411237
"IDN","CHN",5.75214150365633
"IDN","COL",0.007616661475271
"IDN","COM",0.000970507179106321
"IDN","COG",0.00395553028966498
"IDN","COK",0.00364376811131503
"IDN","CRI",0.00659851119749718
"IDN","CUB",0.00824813899687147
"IDN","CYP",0.00931910061101269
"IDN","AZE",0.00115176744720151
"IDN","BEN",0.0594501121928399
"IDN","DNK",0.0144160855527733
"IDN","DMA",0.00263940447899887
"IDN","DOM",0.0166229694087349
"IDN","BLR",0.00656274690916386
"IDN","EGY",0.0349190757840852
"IDN","SLV",0.00175960298599925
"IDN","GNQ",0.00563512856266259
"IDN","EST",0.0293802868667081
"IDN","FRO",0.00721902160008025
"IDN","FJI",0.216211319320574
"IDN","FIN",0.0177357092749832
"IDN","FRA",0.0224419389309317
"IDN","PYF",0.0473526178392572
"IDN","DJI",0.0114680336398084
"IDN","GEO",0.00803698663855157
"IDN","GAB",0.0153557682504016
"IDN","GMB",0.00306103155649132
"IDN","DEU",0.0642404291998054
"IDN","BIH",5.93866007774746e-05
"IDN","GHA",0.0651034458620304
"IDN","KIR",0.0622933674526597
"IDN","GRC",0.00131374152477722
"IDN","GRD",0
"IDN","GTM",0.00405478513086202
"IDN","GIN",0.00742219852210183
"IDN","GUY",0.00739155265364883
"IDN","HTI",0.0527880895799774
"IDN","HND",0.0112174690357452
"IDN","HKG",2.10760335551332
"IDN","HUN",0.00192016675847168
"IDN","HRV",0.00941858792008389
"IDN","IND",1.26341933600493
"IDN","IRN",0.124306930015186
"IDN","IRQ",0.267317131394663
"IDN","IRL",0.0495033507058633
"IDN","ISR",0.127560566390798
"IDN","ITA",0.00718088154116479
"IDN","CIV",0.100701682501208
"IDN","JAM",0.00561203377347135
"IDN","JPN",4.36987026190303
"IDN","JOR",0.470163124180385
"IDN","KGZ",0.000890799011662119
"IDN","KEN",0.0302209902707244
"IDN","KHM",0.251594668400833
"IDN","PRK",0.00472453401740798
"IDN","KOR",5.82917679964684
"IDN","KWT",0.169682638586963
"IDN","LVA",0.0037413558489809
"IDN","LAO",0.00297969912789837
"IDN","LBN",0.0840534125137047
"IDN","LBR",0.0128431493927814
"IDN","LBY",0.0945246153983338
"IDN","LTU",0.0747828126901491
"IDN","MAC",0.0111312170679494
"IDN","MDG",0.0301935417484059
"IDN","MWI",0.00400944495432745
"IDN","MYS",12.0129537341938
"IDN","MDV",0.428052118244633
"IDN","MLI",0.0634378705768292
"IDN","MLT",0.0753518088930414
"IDN","MRT",0.0060931305095951
"IDN","MUS",0.215388110749738
"IDN","MEX",0.114720155959334
"IDN","MNG",0.0485412138604057
"IDN","MAR",0.0199705930780791
"IDN","MOZ",0.0135162961576606
"IDN","MDA",0.00328137345458193
"IDN","NAM",0.170578966200236
"IDN","NPL",0.0142148316885139
"IDN","NLD",0.755626281015967
"IDN","NCL",0.0786534351531881
"IDN","VUT",0.10267535155126
"IDN","NZL",0.740157346022619
"IDN","NER",0.00450311730833641
"IDN","NGA",0.150781804481094
"IDN","NOR",0.0281743468838063
"IDN","PAK",0.748971097239482
"IDN","PAN",0.0272926746906172
"IDN","CZE",0.021174246907741
"IDN","PNG",4.65945030367921
"IDN","PRY",0.00152425608662185
"IDN","PER",0.00452388384235715
"IDN","PHL",9.99997227576408
"IDN","POL",0.015692833256335
"IDN","PRT",0.115172067127703
"IDN","TLS",10.0989979937173
"IDN","ERI",0.0151649523605352
"IDN","QAT",0.0895201522401725
"IDN","ZWE",0.0037391563452484
"IDN","ROU",0.00217998313687313
"IDN","RWA",0.0045939228364147
"IDN","RUS",0.0135592763169305
"IDN","STP",0.00501486851009786
"IDN","SAU",0.834975072092618
"IDN","SEN",0.0023500892685265
"IDN","SYC",0.0292369643260989
"IDN","SLE",0.00396877457201241
"IDN","SVN",0.00441770324672436
"IDN","SVK",0.00328137345458193
"IDN","SGP",6.52997424583907
"IDN","SOM",0.00586442682677562
"IDN","ZAF",0.246240327866915
"IDN","ESP",0.139449958270902
"IDN","SUR",0.0137585862962369
"IDN","TJK",0.0322602821838612
"IDN","SWZ",0.00131970223949944
"IDN","SWE",0.048065217484343
"IDN","CHE",0.0024132763508848
"IDN","SYR",0.0830972510138145
"IDN","TWN",3.43352901441833
"IDN","TZA",0.0172711218672058
"IDN","THA",7.28140194246186
"IDN","TGO",0.0135181857042276
"IDN","TON",0.219781626770828
"IDN","TTO",0.0178301911732116
"IDN","OMN",0.0787960141720476
"IDN","TUN",0.00536548881995759
"IDN","TUR",0.165812841934501
"IDN","ARE",0.629054020440376
"IDN","UGA",0.0106077278105991
"IDN","TUV",0.00221489499917239
"IDN","GBR",0.405154994210887
"IDN","UKR",0.00552759250050197
"IDN","USA",2.75020474287873
"IDN","BFA",0.00109535285878453
"IDN","URY",0.00709339953730947
"IDN","UZB",0.00254174651327591
"IDN","VEN",0.00597825114493244
"IDN","VNM",6.06696302019216
"IDN","ETH",0.0128865973133332
"IDN","YEM",0.269504112911862
"IDN","COD",0.0156846611164508
"IDN","ZMB",0.00552955238350264
"IDN","BEL",0.0486936516459565
"IDN","SDN",0.0187273079464078
"IDN","PSE",0.0375351596247343
"IRN","ARM",0.4937342665637
"IRN","AFG",16.1015148949726
"IRN","ALB",0.00385262003247475
"IRN","DZA",0.0135592718206238
"IRN","AUS",0.0381382119454678
"IRN","AUT",0.00389077953735807
"IRN","BHR",0.0247702101750193
"IRN","BGD",5.58670319487267
"IRN","BOL",0.00156055494986319
"IRN","CMR",0.145097719016872
"IRN","CAN",0.0213180828329884
"IRN","CAF",0.00546194232452117
"IRN","LKA",2.39163292901635
"IRN","TCD",0.0514132017780978
"IRN","CHN",0.0355074421069158
"IRN","COG",0.0268731121897831
"IRN","CYP",0.000130046245821933
"IRN","AZE",4.0001575847048
"IRN","BEN",0.0862845512958329
"IRN","DNK",0.0018617290656663
"IRN","BLR",0.00122107433536337
"IRN","EGY",0.00195069368732899
"IRN","EST",0.00312110989972638
"IRN","FRA",0.00491602902820985
"IRN","DJI",0.0877407112820205
"IRN","GEO",0.0804014033789425
"IRN","GAB",0.0101436071741107
"IRN","GMB",0.00449260086846861
"IRN","DEU",0.0237998064441916
"IRN","BIH",0.00273097116226059
"IRN","GHA",0.0120367553976635
"IRN","GRC",1.95069368732899e-05
"IRN","GIN",0.0192813584438299
"IRN","HKG",0.000189217287670912
"IRN","HUN",0.000130046245821933
"IRN","HRV",0.0147449182457941
"IRN","ISL",3.49221747926702e-05
"IRN","IND",2.8057222130894
"IRN","IDN",1.31632175649029e-05
"IRN","IRQ",38.9136520213073
"IRN","ITA",1.70052956398739
"IRN","CIV",0.734922814525201
"IRN","KAZ",0.15459875744283
"IRN","JPN",0.000502164289223834
"IRN","JOR",0.0220943417379525
"IRN","KGZ",0.0698353772890058
"IRN","KEN",0.467666181191982
"IRN","KHM",0.00293969538680479
"IRN","PRK",0.00359317777206
"IRN","KOR",0.00485425366302338
"IRN","KWT",0.0769238416534221
"IRN","LBN",0.0390638939733264
"IRN","LBR",0.00396250911019429
"IRN","LBY",0.00405679263841519
"IRN","LTU",7.80277474931596e-06
"IRN","MDG",0.0391080758637362
"IRN","MYS",0.0576351168699158
"IRN","MDV",0.00460172869987114
"IRN","MLI",0.0687310902839116
"IRN","MRT",0.00347769670577012
"IRN","MUS",0.00735931705106317
"IRN","MEX",0.000717855276937068
"IRN","MNG",0.00227060745205094
"IRN","MAR",0.020855639792561
"IRN","MOZ",0.0138141254574055
"IRN","MDA",0.0143568940814311
"IRN","NLD",0.00662550000038938
"IRN","NZL",0.00332278642833339
"IRN","NER",0.243630746209479
"IRN","NGA",0.0870816851909474
"IRN","NOR",0.00107670494052244
"IRN","PAK",1.05816434403799
"IRN","PHL",0.000201772565468761
"IRN","ERI",0.0136548558113029
"IRN","QAT",0.0646663586434414
"IRN","ZWE",0.00110055600351378
"IRN","ROU",0.152878157266181
"IRN","RWA",0.0100886282734381
"IRN","RUS",0.0424799772091969
"IRN","KNA",0.0111189540177752
"IRN","SAU",0.0501380454734862
"IRN","SEN",0.0772144694617425
"IRN","SLE",0.00273487254963524
"IRN","SGP",0.00626181585047824
"IRN","SOM",1.85835331011316
"IRN","ZAF",0.114997553771208
"IRN","ESP",3.88094650133095e-05
"IRN","TJK",1.83837594662869
"IRN","SWE",0.00836364552881688
"IRN","CHE",0.00106409019035607
"IRN","SYR",0.00563625187181737
"IRN","TKM",2.19867694057478
"IRN","TWN",0.00656345869665247
"IRN","TZA",0.814743632783391
"IRN","THA",0.00544785926765655
"IRN","TGO",0.0760768106299238
"IRN","OMN",4.51290784138791
"IRN","TUN",0.00468166484958958
"IRN","TUR",1.76553168037672
"IRN","ARE",7.74410893889414
"IRN","UGA",0.0522642781813297
"IRN","GBR",0.0117289683320838
"IRN","UKR",0.0120634217504196
"IRN","USA",0.0224934423005496
"IRN","BFA",0.059586766920989
"IRN","UZB",0.311088752470419
"IRN","VNM",0.219815780743142
"IRN","ETH",0.0219257351187941
"IRN","YEM",1.79269213802873
"IRN","ZMB",0.00426826580799302
"IRN","BEL",0.000306025248582792
"IRN","SDN",0.0462289319773539
"IRL","ARM",1.21850669149983e-05
"IRL","AFG",0.00335393966835328
"IRL","ALB",0.0145428278302581
"IRL","DZA",0
"IRL","ARG",0.00152313336437479
"IRL","AUS",0.224570092391315
"IRL","AUT",0.0433740184015173
"IRL","BHS",0
"IRL","BHR",0.00458773901981118
"IRL","BGD",0.00249184618411715
"IRL","BRA",0.000121850669149983
"IRL","BRN",6.09253345749915e-06
"IRL","BGR",0.0248239862952533
"IRL","CAN",0.0996467653104756
"IRL","LKA",2.43701338299966e-05
"IRL","CHL",0.00182776003724974
"IRL","CHN",0.0051889247388126
"IRL","COL",0.000609253345749915
"IRL","CRI",9.13880018624872e-06
"IRL","CYP",0.0166853781976296
"IRL","AZE",0.00243092084954216
"IRL","BEN",0.00274164005587462
"IRL","DNK",0.282521976338947
"IRL","DMA",0.00121850669149983
"IRL","BLR",6.09253345749915e-06
"IRL","ECU",0.000609253345749915
"IRL","EGY",0.00111374483570625
"IRL","EST",0.00185009932659391
"IRL","FRO",0.00135554741696661
"IRL","FIN",0.0403122540378238
"IRL","FRA",0.654972238410302
"IRL","GEO",0.00313500059848932
"IRL","DEU",2.17658119657805
"IRL","BIH",4.81211077557758e-05
"IRL","GHA",0.000304626672874957
"IRL","GRC",0.033635782417135
"IRL","HKG",0.00778864433867835
"IRL","HUN",0.00122155295822858
"IRL","ISL",0.00904888916219412
"IRL","IND",1.5210694980274e-05
"IRL","IDN",0
"IRL","IRN",0
"IRL","IRQ",2.43701338299966e-05
"IRL","ISR",0.0330009690392263
"IRL","ITA",0.0509731991840911
"IRL","CIV",0.00852954684049881
"IRL","KAZ",0.00913880018624872
"IRL","JPN",0.000547133327397834
"IRL","JOR",0.00408199741652443
"IRL","KEN",0.00243701338299966
"IRL","KHM",6.09253345749915e-06
"IRL","KOR",0.00268929532501838
"IRL","KWT",0.0164421866015576
"IRL","LBN",0.00477915731644683
"IRL","LSO",1.23336652920105e-05
"IRL","LBY",0.00350003663935242
"IRL","LTU",0.00048082189133225
"IRL","MAC",2.43701338299966e-05
"IRL","MYS",0.018071586265634
"IRL","MLT",0.0302565761984176
"IRL","MRT",0
"IRL","MUS",0.00365399694113512
"IRL","MEX",0.000822430100771963
"IRL","MAR",0.00234384770425662
"IRL","MDA",0
"IRL","NLD",2.54822839049188
"IRL","NZL",0.000611870328278407
"IRL","NGA",0.0606339992013937
"IRL","NOR",0.0374632597432462
"IRL","PAK",0.00860500052408784
"IRL","CZE",0.0100359257378655
"IRL","PHL",8.1233779433322e-05
"IRL","POL",0.0237678073053241
"IRL","PRT",0.0390109056809887
"IRL","ERI",0.00487402676599932
"IRL","QAT",0.0335147747580084
"IRL","ZWE",0.00670178680324906
"IRL","ROU",0.000708442762405541
"IRL","RUS",0.0176483357786432
"IRL","SAU",0.0574418542714778
"IRL","SYC",0.0027267802181734
"IRL","SLE",0.00467094231741601
"IRL","SVK",0.0728989501272342
"IRL","SGP",0.00203617256319548
"IRL","ZAF",0.040813524995682
"IRL","ESP",0.0827029010401371
"IRL","SWZ",0
"IRL","SWE",0.109666526847108
"IRL","CHE",0.0888677857715588
"IRL","SYR",0
"IRL","TWN",0.000612654597490416
"IRL","TZA",1.21850669149983e-05
"IRL","THA",0.00485167096572438
"IRL","TGO",0
"IRL","OMN",0.00872755417786753
"IRL","TUN",0.0152333892546299
"IRL","TUR",0.00226957809783484
"IRL","ARE",0.0600533510432187
"IRL","UGA",0
"IRL","GBR",92.0358703817519
"IRL","UKR",4.47033450844958e-05
"IRL","USA",0.561631133029058
"IRL","URY",0.0208486494915621
"IRL","VNM",0.00164434285904618
"IRL","YEM",0.0113321122309484
"IRL","ZMB",0
"IRL","BEL",0.166275145364116
"IRL","LUX",0.000584998788435372
"IRL","SRB",6.09253345749915e-06
"IRL","MNE",0.000164498403352477
"ISR","ARG",0.456170469897031
"ISR","AUS",3.22616033643092
"ISR","AUT",0.113476949636609
"ISR","BRA",0.294386720093053
"ISR","BGR",0.0913064799300956
"ISR","CMR",0.0314591991640971
"ISR","CAN",3.64873760360003
"ISR","LKA",0.0110011358720421
"ISR","CHL",0.0881780632406491
"ISR","CHN",0.476694790223479
"ISR","COL",0.0288007907650519
"ISR","COG",0.00284063843055922
"ISR","CRI",0.00840696116500025
"ISR","CUB",0.00478759286049307
"ISR","CYP",0.250198830316487
"ISR","AZE",0.0539254803428748
"ISR","DNK",0.777947965319936
"ISR","BLR",0.0369077257371261
"ISR","ECU",0.0114423469365784
"ISR","EGY",0.0555181623825022
"ISR","SLV",0
"ISR","GNQ",0.0764477767906039
"ISR","EST",0.0534090180679863
"ISR","FIN",0.0319170262464925
"ISR","FRA",5.97515824187984
"ISR","DJI",0.0143627785814792
"ISR","GEO",0.0693031483736995
"ISR","DEU",3.52289313625819
"ISR","BIH",0.000813890786283822
"ISR","GHA",0.0040956929625914
"ISR","GRC",0.408846046276516
"ISR","GTM",0.0403951201428143
"ISR","GIN",0.000718138929073961
"ISR","GUY",0.00476164384769907
"ISR","HTI",0.000355371730213835
"ISR","HKG",0.0722700706548117
"ISR","HUN",0.143155047879212
"ISR","HRV",0.0223984093733973
"ISR","IND",0.0436594393725957
"ISR","IRL",0.0471045509512744
"ISR","ITA",2.35406321339382
"ISR","CIV",0.0156075527252074
"ISR","KAZ",0.0597358069523704
"ISR","JAM",0.0207781530145399
"ISR","JPN",0.182510223621327
"ISR","JOR",4.5753231738307
"ISR","KEN",0.0334837894786814
"ISR","KHM",0.00695474319899315
"ISR","KOR",0.0586548544307468
"ISR","LVA",0.121618157525581
"ISR","LBR",0.00184322325128983
"ISR","LTU",0.0510223473190308
"ISR","MAC",0.0222144308726879
"ISR","MYS",0.066308161117829
"ISR","MLT",0.171172662895624
"ISR","MUS",0.0147121820387504
"ISR","MEX",0.244984323118006
"ISR","MAR",0.0191503714419723
"ISR","MDA",0.0402157800281418
"ISR","NPL",0.00698054393171404
"ISR","NLD",2.3736683353875
"ISR","MKD",0
"ISR","NZL",0.0744926448831382
"ISR","NER",0.00478759286049307
"ISR","NGA",0.0117892616476226
"ISR","NOR",0.0457158462832488
"ISR","PAN",0.0871439109603821
"ISR","CZE",0.0443818551086994
"ISR","PNG",0.00346990199081373
"ISR","PER",0.0129226083714122
"ISR","PHL",0.033647152347333
"ISR","POL",0.146525975448727
"ISR","PRT",0.0404728374361324
"ISR","GNB",0.00422904036010221
"ISR","ROU",0.155498999162821
"ISR","RUS",1.0000032099579
"ISR","SEN",0.00478759286049307
"ISR","SVN",0.307045128313173
"ISR","SVK",0.0776505092087703
"ISR","SGP",0.0704169690861514
"ISR","ZAF",1.62560508732454
"ISR","ESP",0.761933785666744
"ISR","SWE",0.298351227398562
"ISR","CHE",0.245808245556736
"ISR","TWN",0.0869262663879029
"ISR","TZA",0.030202380353597
"ISR","THA",0.131754903473441
"ISR","TUR",0.27668965877846
"ISR","ARE",0.246848287887023
"ISR","UGA",0.00360799707640066
"ISR","GBR",7.03805851496625
"ISR","UKR",0.416277578153087
"ISR","USA",49.4591073453147
"ISR","URY",0.058370505541717
"ISR","UZB",0.0309362985720685
"ISR","VEN",0.155845683871251
"ISR","VNM",0.00966198516878207
"ISR","ETH",2.28579663899791
"ISR","ZMB",0.0798375006567196
"ISR","BEL",3.86419090040294
"ISR","LUX",0.11046494746406
"ISR","SRB",0.0069673358842019
"ITA","ARM",0.102606980748814
"ITA","AFG",0.00507571798566653
"ITA","ALB",0.667260502791717
"ITA","DZA",1.34413680644071
"ITA","ATG",0.00747596207236883
"ITA","ARG",0.0598809113989017
"ITA","AUS",1.15969432352716
"ITA","AUT",1.80864453021206
"ITA","BHS",0.00283680301878824
"ITA","BHR",0.0400158965224751
"ITA","BRB",0.00246062113963285
"ITA","BGD",0.00478770257278402
"ITA","BTN",0.000539444145296896
"ITA","BOL",0.002433172367796
"ITA","BWA",0.000442976959120614
"ITA","BRA",0.683391775331601
"ITA","BLZ",0.00066176169730085
"ITA","SLB",8.96548087923212e-05
"ITA","BRN",0.00298830600297395
"ITA","BGR",0.101317255425138
"ITA","MMR",0.00168985971466165
"ITA","BDI",0.0037682485015251
"ITA","CMR",0.0526198980967342
"ITA","CAN",1.18677212860909
"ITA","CPV",0.0130263368683713
"ITA","CAF",0.00195015466519451
"ITA","LKA",0.00748165765053257
"ITA","TCD",0.0104121122912728
"ITA","CHL",0.105096183282342
"ITA","CHN",0.530998478292764
"ITA","COL",0.123136210617577
"ITA","COM",0.00209228537500279
"ITA","COG",0.0478785339356305
"ITA","COK",0.00036938249160188
"ITA","CRI",0.0381117539011466
"ITA","CUB",1.9473929517763
"ITA","CYP",0.109829443612382
"ITA","AZE",0.0255377673744529
"ITA","BEN",0.175886265005638
"ITA","DNK",1.52472683917069
"ITA","DMA",0.00235909709240298
"ITA","DOM",0.0725584595096798
"ITA","BLR",0.0344664673767452
"ITA","ECU",0.0345463659805678
"ITA","EGY",0.107734000187068
"ITA","SLV",0.00595133501579389
"ITA","GNQ",0.00448619698568479
"ITA","EST",0.0511713725918727
"ITA","FJI",0.000771956134799332
"ITA","FIN",0.343071682647516
"ITA","FRA",12.4933534550485
"ITA","PYF",0.0272261903950998
"ITA","DJI",0.120310509636434
"ITA","GEO",0.178643915576215
"ITA","GAB",0.0344184950615624
"ITA","GMB",0.00724121688435365
"ITA","DEU",16.8948870437069
"ITA","BIH",0.0889108428186362
"ITA","GHA",0.182897594214887
"ITA","GRC",0.880578502124241
"ITA","GRD",0.000769040850656779
"ITA","GTM",0.013291634442565
"ITA","GIN",0.0408004813697624
"ITA","GUY",0.0015396879271381
"ITA","HTI",0.00863905227374137
"ITA","HND",0.00868393117944156
"ITA","HKG",0.335559645389626
"ITA","HUN",0.416235614461886
"ITA","HRV",0.782860291042472
"ITA","ISL",0.0303678526271146
"ITA","IND",0.127007814172088
"ITA","IDN",0.0469471050138662
"ITA","IRN",0.00841821002148894
"ITA","IRQ",0.107472124332614
"ITA","IRL",0.526849137652005
"ITA","ISR",1.02474919423783
"ITA","CIV",0.0377943589027666
"ITA","KAZ",0.0286996449396107
"ITA","JAM",0.00484410677592452
"ITA","JPN",3.08927493268404
"ITA","JOR",0.104985232582679
"ITA","KGZ",0.000506030694596617
"ITA","KEN",0.109136846772199
"ITA","KHM",0.00824014548686709
"ITA","PRK",0.00411992736150039
"ITA","KOR",0.638041253501139
"ITA","KWT",0.0965858429487485
"ITA","LVA",0.145415885637526
"ITA","LAO",0.00083429576548057
"ITA","LBN",0.298375597536903
"ITA","LBR",0.0128900694449556
"ITA","LBY",2.81094302209161
"ITA","LTU",0.118519085055601
"ITA","MAC",0.000791609696933462
"ITA","MDG",0.0187560593644593
"ITA","MWI",0.000293012986095007
"ITA","MYS",0.0997711139920513
"ITA","MDV",0.00956716046399028
"ITA","MLI",0.11220250401158
"ITA","MLT",0.485366381222995
"ITA","MRT",0.0598146733243852
"ITA","MUS",0.023641387671517
"ITA","MEX",0.225629392924566
"ITA","MNG",0.00724880402111648
"ITA","MAR",0.299591545107759
"ITA","MOZ",0.0095892468756359
"ITA","MDA",0.028489051931687
"ITA","NAM",0.0096880794576551
"ITA","NPL",0.00764373985514751
"ITA","NLD",2.38311707933798
"ITA","NCL",0.0138588451413557
"ITA","MKD",0.109984651589342
"ITA","VUT",0.000258082105435558
"ITA","NZL",0.101549218299385
"ITA","NIC",0.0016708511917291
"ITA","NER",0.0129646157135903
"ITA","NGA",0.0692531621515556
"ITA","NOR",0.433383331783255
"ITA","PAK",0.0123360105272201
"ITA","PAN",0.0360335535909921
"ITA","CZE",0.741740865084076
"ITA","PNG",0.000280548137838088
"ITA","PRY",0.00299011214572976
"ITA","PER",0.0384281956953124
"ITA","PHL",0.0742941438835358
"ITA","POL",1.00552342092882
"ITA","PRT",0.579780873204336
"ITA","GNB",0.00530129244374196
"ITA","ERI",0.0970828049930352
"ITA","QAT",0.0622853658857453
"ITA","ZWE",0.00236020150879858
"ITA","ROU",0.516549880130097
"ITA","RWA",0.0245857374462516
"ITA","RUS",1.26310899095357
"ITA","KNA",0.00139309949204992
"ITA","LCA",0.000138634610219718
"ITA","VCT",0.000266345615925685
"ITA","STP",0.00234884107035215
"ITA","SAU",0.642510134084355
"ITA","SEN",0.0787865748416725
"ITA","SYC",0.0104340515580542
"ITA","SLE",0.00647791432927774
"ITA","SVN",0.722359932359159
"ITA","SVK",0.192477868462333
"ITA","SGP",0.162177035015452
"ITA","SOM",0.143332419322945
"ITA","ZAF",0.470762093085588
"ITA","ESP",2.14910139812944
"ITA","SUR",0.00427157704095396
"ITA","TJK",0.0473793734597303
"ITA","SWZ",5.68234703613304e-05
"ITA","SWE",1.85185158933622
"ITA","CHE",1.71266207735449
"ITA","SYR",0.0245036469749918
"ITA","TKM",0.00231101962309284
"ITA","TWN",0.153280681929669
"ITA","TZA",0.038779845473115
"ITA","THA",0.135646254295043
"ITA","TGO",0.123896315110582
"ITA","TON",0.00064750886389941
"ITA","TTO",0.00683133233937129
"ITA","OMN",0.0322065972566917
"ITA","TUN",4.28713141559437
"ITA","TUR",0.394819674020609
"ITA","ARE",0.366106679858542
"ITA","UGA",0.0339560888752297
"ITA","TUV",3.80887566999653e-05
"ITA","GBR",9.67795564103788
"ITA","UKR",0.312898619197104
"ITA","USA",7.23900289218327
"ITA","BFA",0.232285789581881
"ITA","URY",0.024640485834767
"ITA","UZB",0.00497298368289789
"ITA","VEN",0.233256234049223
"ITA","VNM",0.0580193495959328
"ITA","ETH",0.0358045817961234
"ITA","YEM",0.769761659245951
"ITA","COD",0.0113734430380974
"ITA","ZMB",0.00363790421206258
"ITA","BEL",2.19715174576403
"ITA","LUX",0.122019605777856
"ITA","SRB",0.376905271943035
"ITA","MNE",0.120150025436505
"ITA","SDN",0.00504561264540939
"ITA","PSE",0.0107237533785679
"CIV","BHS",0
"CIV","CMR",0.213005175438564
"CIV","CAN",0.00171279101702874
"CIV","CPV",0.00682607262533283
"CIV","CAF",0.0463610350119446
"CIV","TCD",0.00069198373591973
"CIV","CHN",0
"CIV","COM",7.00422561967531e-05
"CIV","COG",0.381664161538017
"CIV","BEN",1.72608160725162
"CIV","ECU",0
"CIV","GNQ",0.0599839699907915
"CIV","FRA",0.0202073878187044
"CIV","GAB",0.15487217283979
"CIV","GMB",0.366464647481299
"CIV","DEU",0.000113767877088881
"CIV","GHA",12.2191091058454
"CIV","GTM",0
"CIV","GIN",0.423154165769334
"CIV","ISL",0.000128495191287859
"CIV","IND",0
"CIV","ISR",0.00170456784986883
"CIV","ITA",0.0009787537979708
"CIV","KEN",0
"CIV","LBN",5.50586517252121e-05
"CIV","LBR",0.693163877613095
"CIV","MLI",15.6610007045169
"CIV","MRT",0.0676112491967605
"CIV","MOZ",0.00830380483103675
"CIV","NLD",0.00459732240726812
"CIV","NER",3.27726110956566
"CIV","NGA",0.353919501180602
"CIV","PAN",0
"CIV","GNB",0.021205207112561
"CIV","RWA",0.0368135347509296
"CIV","STP",0
"CIV","SEN",2.21381794381812
"CIV","SLE",0.214123289446802
"CIV","ZAF",0.108872107784704
"CIV","CHE",0.00113035261968286
"CIV","TGO",3.65615088448831
"CIV","TUN",1.38396747183946e-05
"CIV","TUR",4.55071508355522e-06
"CIV","GBR",0.0318942430005177
"CIV","USA",0.00174480229717007
"CIV","BFA",57.2703781358285
"CIV","COD",0.196523381001203
"CIV","ZMB",0.0750802353472907
"CIV","BEL",0.000274108072390014
"CIV","SDN",2.73042905013313e-05
"KAZ","ARM",0.0111503056022501
"KAZ","AFG",10.1247917843918
"KAZ","ALB",0.164389866577361
"KAZ","DZA",0.199252668470579
"KAZ","AUT",0
"KAZ","BGD",0.966715441806357
"KAZ","BGR",0.00682739286568882
"KAZ","LKA",0.0375282714279745
"KAZ","CHN",2.23285144389367
"KAZ","CYP",0.0769810695958451
"KAZ","AZE",5.055952018777
"KAZ","DNK",0.0281498647046041
"KAZ","DMA",0.0210204032308443
"KAZ","BLR",0.366744346086076
"KAZ","EGY",2.71441483195822
"KAZ","EST",0.0810576571227714
"KAZ","FIN",0.0609942398038324
"KAZ","FRA",2.16662578868593
"KAZ","GEO",1.06764823638194
"KAZ","DEU",0.331850416192932
"KAZ","GHA",0.000949702087633772
"KAZ","GRC",0.487146738313099
"KAZ","HKG",4.30425591228266e-06
"KAZ","HUN",0
"KAZ","IND",2.51032701916398
"KAZ","IDN",0.480788477705417
"KAZ","IRN",3.4710539221729
"KAZ","IRQ",0.239880463583337
"KAZ","IRL",0.0537329148796825
"KAZ","ISR",0.45275774573883
"KAZ","ITA",1.68274210215382
"KAZ","JPN",4.27672608865806e-06
"KAZ","JOR",2.15170788381251
"KAZ","KGZ",3.53863795034778
"KAZ","KEN",0.351261413021275
"KAZ","PRK",0.0109064198002257
"KAZ","KOR",0.00112574020032149
"KAZ","LVA",0.134193708443756
"KAZ","LBN",0.116342645196245
"KAZ","LBY",0.318333829683174
"KAZ","LTU",0.110876949035788
"KAZ","MYS",0.00935833202720157
"KAZ","MDV",0.00513207130638967
"KAZ","MNG",0.296638514515639
"KAZ","MAR",0.428350897623467
"KAZ","MOZ",0.053681465864836
"KAZ","MDA",0.124411294954738
"KAZ","NLD",0.0488340068382758
"KAZ","NGA",0.573322930904189
"KAZ","NOR",0.451393455860794
"KAZ","PAK",0.376129506045299
"KAZ","CZE",0.0132919434883025
"KAZ","POL",0.133737859116346
"KAZ","PRT",0.118448205751474
"KAZ","ROU",0.134614399386914
"KAZ","RUS",7.42817964447396
"KAZ","KNA",0.0132022534356874
"KAZ","SAU",0.733591102713606
"KAZ","ZAF",0
"KAZ","ESP",0.309783009636369
"KAZ","TJK",10.18255313178
"KAZ","SWE",0.332601113543766
"KAZ","CHE",0.127882606480039
"KAZ","SYR",0.180405136597863
"KAZ","TKM",1.22615910708377
"KAZ","TZA",0.357589898450967
"KAZ","OMN",0.267842801480477
"KAZ","TUN",2.46676698583907
"KAZ","TUR",3.19073082494416
"KAZ","ARE",0.487786248084197
"KAZ","GBR",0.254496092017718
"KAZ","UKR",1.60298409183444
"KAZ","USA",0.106292725841977
"KAZ","UZB",19.2467744516206
"KAZ","VNM",0.150373025123567
"KAZ","ETH",0.123118390640288
"KAZ","YEM",3.022571886433
"KAZ","BEL",0.200120510947779
"KAZ","LUX",0.00246339422706704
"KAZ","SDN",2.56993275569224
"JAM","ATG",0.856459233393489
"JAM","ARG",0.12440809711245
"JAM","AUS",0.000608217363660867
"JAM","AUT",0.000552924876055334
"JAM","BHS",0.210019041210402
"JAM","BHR",0
"JAM","BRB",4.04276064942445
"JAM","BRA",0
"JAM","BLZ",0.0566571066606968
"JAM","CMR",0
"JAM","CAN",7.81379505947162
"JAM","CPV",0.0004146936570415
"JAM","CHN",0.0028157586930013
"JAM","COL",0.000592419510059286
"JAM","CRI",0.0820913627974348
"JAM","CUB",0.0663481755490178
"JAM","CYP",0.000138231219013833
"JAM","DNK",0.04146936570415
"JAM","DMA",0.137023217702008
"JAM","DOM",0.0657920664849906
"JAM","ECU",0
"JAM","SLV",0
"JAM","EST",0.327259601437628
"JAM","FRA",0.153443283708544
"JAM","DEU",0.0442612617178798
"JAM","GHA",0.152054340915217
"JAM","GRC",0.007464485826747
"JAM","GRD",2.79768781751915
"JAM","GTM",0.00152054340915217
"JAM","GUY",17.4323249709285
"JAM","HTI",0.112074586508492
"JAM","HND",0.000138231219013833
"JAM","HUN",0
"JAM","HRV",0.110146306491649
"JAM","IND",0.0552924876055334
"JAM","IRL",0.000967618533096834
"JAM","ITA",0.00228081511372825
"JAM","JPN",0.000184308292018445
"JAM","KEN",0
"JAM","KOR",0.000138231219013833
"JAM","MUS",0.130490270749059
"JAM","MNG",0.0204582204140473
"JAM","NLD",1.39415942975059
"JAM","NZL",0.0138231219013833
"JAM","NIC",0.0337975330488823
"JAM","NGA",0.000276462438027667
"JAM","PAN",0.550527369817695
"JAM","PHL",0.000552924876055334
"JAM","POL",0.000138231219013833
"JAM","KNA",0.176675465665832
"JAM","LCA",0.324151634184903
"JAM","VCT",0.366069233659398
"JAM","SLE",0.0466389885290576
"JAM","SVK",0.640883386148689
"JAM","SGP",0.460928066392956
"JAM","ZAF",0.00315534297494179
"JAM","ESP",0
"JAM","SUR",3.9357989895269
"JAM","SWE",0.000276462438027667
"JAM","CHE",0.000967618533096834
"JAM","TWN",0
"JAM","TON",0
"JAM","TTO",8.33952791779107
"JAM","ARE",0.000138231219013833
"JAM","GBR",11.5236277088572
"JAM","UKR",0.00304108681830434
"JAM","USA",37.334435329333
"JAM","BEL",0.000276462438027667
"JAM","LUX",0
"JPN","DZA",0.00170864982616368
"JPN","ARG",0.00117742905588523
"JPN","AUS",0.426312282433357
"JPN","AUT",0.000362957200757732
"JPN","BHR",0.0148106911173681
"JPN","BGD",0.00197069291703982
"JPN","BRA",0.0516636352328657
"JPN","BRN",0.00506848666073126
"JPN","BGR",0.0329404127990383
"JPN","MMR",0.294955529363448
"JPN","CAN",0.334022702880217
"JPN","LKA",0.00139122865339808
"JPN","CHL",0.000473513118151461
"JPN","CHN",2.70647583450901
"JPN","COL",0.00343448280582744
"JPN","CUB",0.00078827716681593
"JPN","CYP",0.000547064353770255
"JPN","AZE",0.000315047749688402
"JPN","BEN",0
"JPN","DNK",0.00230563911646368
"JPN","BLR",0.000394138583407965
"JPN","EGY",0.000394138583407965
"JPN","SLV",0.0118885943278642
"JPN","EST",0.0013766211830112
"JPN","FJI",0.000374968627784444
"JPN","FIN",0.00170673989604274
"JPN","FRA",0.0628831038950195
"JPN","PYF",0.000973568838725069
"JPN","DJI",0.00395749026738777
"JPN","GEO",0
"JPN","GMB",0.00183712611698956
"JPN","DEU",0.0707731574126322
"JPN","GRC",0.0095075481215015
"JPN","HTI",0.00174266173062289
"JPN","HKG",53.1838824295747
"JPN","HUN",5.54801068633664e-05
"JPN","HRV",0.000133444063239554
"JPN","ISL",0
"JPN","IND",0.00447435611531417
"JPN","IDN",0.784498596730999
"JPN","IRQ",0.00133706413172457
"JPN","IRL",0.015106698273242
"JPN","ISR",0.00654847734362108
"JPN","ITA",0.0851372573942178
"JPN","KAZ",0
"JPN","JOR",0.000788154736847242
"JPN","KGZ",0.000260689917538009
"JPN","KEN",0.000848383300785644
"JPN","KHM",0.0457161318111504
"JPN","PRK",0.00888422733308553
"JPN","KOR",0.555787163438045
"JPN","KWT",0.00615990789650808
"JPN","LVA",0.000528145701766673
"JPN","LAO",0.00180300681782097
"JPN","LBN",0.00231589940243606
"JPN","LTU",0.000752944307431401
"JPN","MAC",0.0480374577523808
"JPN","MYS",1.99168878433189
"JPN","MLI",0.00469100090552041
"JPN","MRT",0.00792572955190948
"JPN","MUS",0.000619454473589518
"JPN","MEX",0.0129969087049346
"JPN","MNG",0.00672054549156441
"JPN","MOZ",5.15172420874116e-05
"JPN","NPL",0.000275943034689593
"JPN","NLD",0.22464287747824
"JPN","NCL",0.000931681322244991
"JPN","VUT",0.000313066317300425
"JPN","NZL",0.0698877334325041
"JPN","NGA",0.000197069291703982
"JPN","NOR",0.00411483634432423
"JPN","PAN",0.00136088490999763
"JPN","CZE",0.00119890376705965
"JPN","PNG",0
"JPN","PRY",0.000284755878634503
"JPN","PER",0.000316466824325468
"JPN","PHL",0.179895849126424
"JPN","POL",0.0102129576353626
"JPN","PRT",0.0237352732677643
"JPN","QAT",0.00364589931473926
"JPN","RUS",0.0224374250115364
"JPN","SAU",0.288083850513477
"JPN","SLE",0.0297214858196606
"JPN","SVN",0.0020137904139122
"JPN","SVK",7.13315659671854e-05
"JPN","SGP",13.5608033961767
"JPN","ZAF",0.00127948239301004
"JPN","ESP",0.0622232629900923
"JPN","TJK",0.000491395232218388
"JPN","SWE",0.0122849994277978
"JPN","CHE",0.0237971591900946
"JPN","SYR",0.000392527662767333
"JPN","TWN",5.78261028157894
"JPN","TZA",0.000660622445516781
"JPN","THA",4.8408292323341
"JPN","OMN",0.0220672950035671
"JPN","TUR",0.000955786064764315
"JPN","ARE",0.0515310740378214
"JPN","GBR",0.182810296483674
"JPN","UKR",0.00114813401655738
"JPN","USA",3.86138175236339
"JPN","URY",0.00028660426091031
"JPN","VEN",0.0525412506413067
"JPN","VNM",9.79845853859741
"JPN","ETH",7.8827716681593e-05
"JPN","COD",0.015851459103819
"JPN","BEL",0.025732228305719
"JPN","SRB",0.000394138583407965
"JOR","AFG",0.00576957494185962
"JOR","DZA",0.0566159068962087
"JOR","ARG",0.00818835828287
"JOR","AUS",0.0145638513081537
"JOR","AUT",0.00116976546898143
"JOR","BHR",0.0309394372062769
"JOR","CAN",0.0374019805678781
"JOR","TCD",0.0209416549812773
"JOR","CHN",0.00467589177980382
"JOR","COG",0.0924114720495329
"JOR","CYP",0.0131883289892158
"JOR","DNK",0.0390409225272552
"JOR","EGY",1.13651267987029
"JOR","FRA",0.000140371856277772
"JOR","DJI",0.0218356220876533
"JOR","DEU",0.0437775216477934
"JOR","GRC",0.0535873048446127
"JOR","HKG",0.0405518695913562
"JOR","IND",0.0683992619645824
"JOR","IRN",0
"JOR","IRQ",10.8007697779752
"JOR","ISR",0.229496718980246
"JOR","CIV",0.0240035874234989
"JOR","KEN",0.0144349058872308
"JOR","KOR",0.0173577186611429
"JOR","KWT",0.166337156545147
"JOR","LBN",0.542350670120624
"JOR","LBR",0.00870305508922184
"JOR","LBY",0.177789401111866
"JOR","MDG",0.0462228862447859
"JOR","MYS",0.0314666911156005
"JOR","MAR",0.206145429067659
"JOR","NLD",0.0281618064692165
"JOR","NZL",0.000698055166042577
"JOR","NOR",0.0896098837513224
"JOR","POL",27.791732158378
"JOR","QAT",0.0538415204469152
"JOR","ROU",0.996559247018186
"JOR","RUS",45.0108755042668
"JOR","SAU",0.66876924024639
"JOR","SOM",0.020594890846887
"JOR","ZAF",0.0307995972216818
"JOR","ESP",0.00115806781429162
"JOR","SWE",0.0194332122931126
"JOR","SYR",7.90893568625897
"JOR","TWN",0.0198860129726843
"JOR","TZA",0.0304139021935172
"JOR","OMN",0.0972812056969026
"JOR","TUN",0.0615981483116433
"JOR","TUR",0.0853395930899313
"JOR","ARE",0.103358420599578
"JOR","GBR",0.0534067497556355
"JOR","USA",0.297188130486586
"JOR","ETH",0.00467906187592572
"JOR","YEM",1.4050056707956
"JOR","BEL",0.0252259923385845
"JOR","SDN",0.0856928416559389
"JOR","PSE",1.01728422926647
"KGZ","ARM",0.145932273741358
"KGZ","AFG",31.3435912538571
"KGZ","BGR",0.000742856102005958
"KGZ","CHN",1.20581750605009
"KGZ","AZE",0.648662559256745
"KGZ","BLR",0
"KGZ","FRA",0.000187877931213296
"KGZ","GEO",0.214914151042317
"KGZ","DEU",0.840082749568022
"KGZ","IND",0.570679216060386
"KGZ","IRN",1.17296418437027
"KGZ","IRQ",0.113384331487224
"KGZ","ITA",0.0170057531233715
"KGZ","KAZ",18.7190841252677
"KGZ","PRK",0
"KGZ","KOR",11.8324109993401
"KGZ","LVA",0
"KGZ","MNG",0.723413681946603
"KGZ","PAK",0.619997173003876
"KGZ","POL",0
"KGZ","PRT",0.000563633793639887
"KGZ","QAT",0
"KGZ","RUS",2.70304824641556
"KGZ","TJK",20.5485862449571
"KGZ","CHE",0
"KGZ","SYR",0
"KGZ","TKM",0.994761348355686
"KGZ","TUR",0.567136775121588
"KGZ","ARE",1.02483926084337
"KGZ","USA",0.00034011506246743
"KGZ","UZB",5.82276354521022
"KEN","DZA",0.00045655084046764
"KEN","AUS",0.0281640309092925
"KEN","BHS",0
"KEN","BHR",0.184669575861155
"KEN","BWA",0.000820793587507396
"KEN","BDI",0.0369327176618298
"KEN","CMR",0.00115073265117868
"KEN","CAN",0.00241839720341047
"KEN","CAF",0.00326808072934746
"KEN","TCD",0.0184117224188589
"KEN","CHN",0.00742697614049626
"KEN","COM",0.0503172664682061
"KEN","COG",0.00101264473303724
"KEN","DMA",0
"KEN","EGY",0.715642195026358
"KEN","FRA",0.00308738694345867
"KEN","DJI",0.00413253355023291
"KEN","DEU",0.00267266580658943
"KEN","GHA",0
"KEN","GIN",0.00920586120942946
"KEN","HKG",0
"KEN","HUN",0.00066711308601665
"KEN","IND",0.0109098187178415
"KEN","IRN",0.077971523852532
"KEN","ISR",0.124990148128026
"KEN","ITA",0.000176009080846951
"KEN","CIV",0
"KEN","JPN",0.000824286326177641
"KEN","JOR",9.08112054263502e-05
"KEN","KWT",0
"KEN","LBN",0.123880205674889
"KEN","MWI",0.00800909925220363
"KEN","MYS",0.108324795044289
"KEN","MDV",9.20586120942946e-05
"KEN","MLI",0.000124241704127259
"KEN","MLT",0.0184117224188589
"KEN","MUS",0.0070776191130273
"KEN","MEX",0.000499960592512104
"KEN","MOZ",9.15596494271169e-05
"KEN","NLD",9.20586120942946e-05
"KEN","NZL",0.00920586120942946
"KEN","NER",0.0217946893023241
"KEN","NGA",0.00119676195722583
"KEN","NOR",0.00216337738421592
"KEN","PAK",0.0184571280215721
"KEN","POL",0.000184117224188589
"KEN","ERI",0.428355885753046
"KEN","QAT",0.0118308414311182
"KEN","ZWE",0.0671404164954379
"KEN","RWA",5.03369115015975
"KEN","SAU",0.0998923259689853
"KEN","SEN",0.0276175836282884
"KEN","SYC",0.0290612905255449
"KEN","SLE",0.00920586120942946
"KEN","SGP",0.00569066921916222
"KEN","SOM",3.80043327134896
"KEN","ZAF",0.00236264366938299
"KEN","ESP",0
"KEN","SUR",0.00621208520636297
"KEN","SWE",0.00935355415891407
"KEN","CHE",0.0143001868808697
"KEN","TZA",3.25492132497058
"KEN","THA",0
"KEN","OMN",0
"KEN","ARE",2.47440934464032
"KEN","UGA",40.609815528208
"KEN","GBR",0.0418080378567059
"KEN","UKR",1.91651560462973
"KEN","USA",0.0224255248673624
"KEN","ETH",0.061981780080228
"KEN","YEM",0.109497357312157
"KEN","COD",1.26812922507567
"KEN","ZMB",0.10697210725357
"KEN","LUX",0.0001816224108527
"KEN","SRB",19.7775828239913
"KEN","SDN",0.00619129509523056
"KEN","SSD",13.7314020391814
"KHM","AUS",31.438653262385
"KHM","AUT",2.9570332523994
"KHM","MMR",0.0432923856227544
"KHM","CAN",1.52500087689686
"KHM","LKA",10.5168819707959
"KHM","CHN",1.9703350214637
"KHM","DNK",0.219492395107365
"KHM","FRA",7.4708763544854
"KHM","DEU",2.52330650091794
"KHM","GRC",0.991619718719176
"KHM","HKG",0.243877388596188
"KHM","ITA",2.77920003222001
"KHM","JPN",0.199825023755605
"KHM","KOR",3.48349684529317
"KHM","LBN",0.0203474212426945
"KHM","MYS",1.19906499770655
"KHM","MUS",0.268412790861077
"KHM","NLD",5.81389151121591
"KHM","NZL",0.77608816626391
"KHM","NOR",0.471769288671289
"KHM","CZE",1.24383042225359
"KHM","PRT",0.906795973783146
"KHM","SGP",0.35862849096906
"KHM","ZAF",0
"KHM","ESP",3.56073145197627
"KHM","SWE",0.867075209974269
"KHM","TWN",0.476216241850298
"KHM","THA",0.273808891464715
"KHM","ARE",0.0541154820284429
"KHM","GBR",3.96544626013485
"KHM","USA",4.40052734239834
"KHM","VNM",7.00105629863291
"KHM","BEL",1.97930272991413
"KOR","ARM",0.0236032002985795
"KOR","AFG",0.0022985575342737
"KOR","ALB",0.000475770543075122
"KOR","DZA",0.0136094453685383
"KOR","ARG",0.104031919582732
"KOR","AUS",3.65951995302057
"KOR","AUT",0.0962264521285079
"KOR","BHR",0.0627086927907775
"KOR","BRB",0.0050722444786919
"KOR","BGD",0.0364210334870705
"KOR","BTN",0.0017445860496994
"KOR","BOL",0.0112792297473848
"KOR","BWA",0
"KOR","BRA",0.263056428730045
"KOR","BLZ",0
"KOR","SLB",0.000144266426748626
"KOR","BRN",0.0219141846288727
"KOR","BGR",0.00174345274166874
"KOR","MMR",0.081382517981884
"KOR","BDI",0.00016574629948423
"KOR","CMR",0.00589857460696271
"KOR","CAN",3.07371848491721
"KOR","LKA",0.0226245144527496
"KOR","CHL",0.0907835471337513
"KOR","CHN",12.2789734756554
"KOR","COL",0.0100002722371277
"KOR","COG",0.000893995429395913
"KOR","CRI",0.0101184127728415
"KOR","CUB",3.82491460348224e-05
"KOR","CYP",0.00150765383953925
"KOR","AZE",0.00915064461517035
"KOR","BEN",0.00523975293395551
"KOR","DNK",0.031997462187529
"KOR","DMA",0.00312177989543469
"KOR","DOM",0.00722435064741971
"KOR","ECU",0.00600975454341579
"KOR","EGY",0.00784816720498131
"KOR","SLV",0.00115039403130659
"KOR","GNQ",0.000509988613797632
"KOR","EST",0.000250744401783836
"KOR","FJI",0.00807678918668652
"KOR","FIN",0.00685139987853388
"KOR","FRA",0.401999206444173
"KOR","PYF",0.00428853433383025
"KOR","DJI",0.00358658821713193
"KOR","GEO",0.0244082646722709
"KOR","GAB",0.00932848414059151
"KOR","GMB",3.82491460348224e-05
"KOR","DEU",1.07104086626123
"KOR","GHA",0.0769271368650093
"KOR","KIR",0.00130231374246959
"KOR","GRC",0.00566930048011612
"KOR","GTM",0.0524899514261409
"KOR","GIN",0.00663340508432307
"KOR","HTI",0.0033188188567005
"KOR","HND",0.00220254709263822
"KOR","HKG",11.9113642139912
"KOR","HUN",0.00612696248787434
"KOR","ISL",0
"KOR","IND",0.270937463140886
"KOR","IDN",4.58503541127977
"KOR","IRN",0.00770776287286472
"KOR","IRQ",0.0165824236006385
"KOR","IRL",0.0464251887821724
"KOR","ISR",0.037840054660224
"KOR","ITA",0.158324959688118
"KOR","CIV",0.00223060512186616
"KOR","KAZ",0.167332187857563
"KOR","JAM",0.00382491460348224
"KOR","JPN",6.45747532847109
"KOR","JOR",0.009985482970202
"KOR","KGZ",0.01013014984663
"KOR","KEN",0.0199893872458208
"KOR","KHM",0.097248858052803
"KOR","KWT",0.171851340010011
"KOR","LVA",0.00474034416524899
"KOR","LAO",0.032172084051049
"KOR","LBN",0.0104740120881282
"KOR","LBR",0.00130616054005334
"KOR","LBY",0.0506754858603577
"KOR","LTU",0.0234895019870888
"KOR","MAC",0.0218773219533671
"KOR","MDG",0.082378016487708
"KOR","MWI",0.00664501342948672
"KOR","MYS",1.02125369115114
"KOR","MDV",0.00234594762346911
"KOR","MLT",0.000826785063913207
"KOR","MRT",0.00382491460348224
"KOR","MUS",0.00714170640516855
"KOR","MEX",0.0650882124658866
"KOR","MNG",0.384059287410093
"KOR","MAR",0.00468747603666012
"KOR","MOZ",0.000861728728191934
"KOR","MDA",0.00601149078513959
"KOR","NAM",0.000241622654219976
"KOR","NPL",0.0264666641763548
"KOR","NLD",0.952344413496937
"KOR","NCL",0.00704587489871093
"KOR","VUT",0.000735827880566201
"KOR","NZL",1.09507406241041
"KOR","NIC",0.00764574774321077
"KOR","NER",0.000985891606490158
"KOR","NGA",0.0122095573148584
"KOR","NOR",0.0167288810386375
"KOR","PAK",0.00610286835205488
"KOR","PAN",0.00842846883495114
"KOR","CZE",0.0358382681536942
"KOR","PNG",0.00904857158660828
"KOR","PRY",0.0712630513224577
"KOR","PER",0.0853800597733538
"KOR","PHL",2.34245691066131
"KOR","POL",0.115867900167577
"KOR","PRT",0.0191208164391321
"KOR","GNB",0
"KOR","TLS",0.00230401735261612
"KOR","ERI",0
"KOR","QAT",0.0840336757145207
"KOR","ZWE",0.00165221971759679
"KOR","ROU",0.015419847803705
"KOR","RWA",0.000205348735088186
"KOR","RUS",2.91877856334522
"KOR","KNA",0.0114125500770568
"KOR","SAU",0.846204284977716
"KOR","SEN",0.012715909019768
"KOR","SYC",0.00243607325356597
"KOR","SLE",0.000887755078011925
"KOR","SVN",0.0070920239778122
"KOR","SVK",0.023190352161958
"KOR","SGP",4.34723829360061
"KOR","SOM",0.0152167334360757
"KOR","ZAF",0.0698579566768822
"KOR","ESP",0.118889063301396
"KOR","SUR",0.00310526400401225
"KOR","TJK",0.0115798857719499
"KOR","SWZ",0.000725372422941868
"KOR","SWE",0.214207807090006
"KOR","CHE",0.0495261759668225
"KOR","TKM",0.00568319425302589
"KOR","TWN",4.1887399701371
"KOR","TZA",0.00550538299748354
"KOR","THA",4.28489063857326
"KOR","TGO",0.00760057868053446
"KOR","TON",0.00382491460348224
"KOR","TTO",0.000521010725437296
"KOR","OMN",0.015602249354644
"KOR","TUN",0.000335694131179693
"KOR","TUR",0.0372797552032223
"KOR","ARE",0.35985974658233
"KOR","UGA",0.000620099163557137
"KOR","GBR",0.926828536019781
"KOR","UKR",0.0188238461610942
"KOR","USA",26.1907550828044
"KOR","BFA",0.00127497153449408
"KOR","URY",0.0126802113798722
"KOR","UZB",0.0107292882672105
"KOR","VEN",0.00398070126760555
"KOR","VNM",2.84952333619013
"KOR","ETH",0.00274896589517553
"KOR","YEM",0.00789765179898177
"KOR","ZMB",0.00161607903335682
"KOR","BEL",0.0428523533816526
"KOR","SRB",0.00512963547378118
"KOR","SDN",0.0114726163898839
"KWT","AFG",0.0241234136997061
"KWT","ALB",0.000765409953930422
"KWT","DZA",0.00128263520890248
"KWT","AUS",0.00340249403952922
"KWT","AUT",0
"KWT","BHR",1.34126323822981
"KWT","BGD",0.00384790562670744
"KWT","BRA",0.00577185844006116
"KWT","CAN",0.00260374947407203
"KWT","LKA",0.000233921610049974
"KWT","CHN",0.000114881012613081
"KWT","COM",0.00422595279559696
"KWT","DNK",2.56527041780496e-05
"KWT","EGY",0.0154696407920975
"KWT","FRA",0.00679796660718314
"KWT","DJI",0.00760693054259743
"KWT","GEO",0
"KWT","DEU",0.000247831308047151
"KWT","GRC",0.000265703618884839
"KWT","HKG",0.00107974247951593
"KWT","IND",0
"KWT","IRN",0.116492854049626
"KWT","IRQ",7.02714779244534
"KWT","IRL",8.10945241834548e-05
"KWT","ITA",0
"KWT","JPN",0.00276060289900895
"KWT","JOR",1.16235471048712
"KWT","KOR",0.00203938998215494
"KWT","LBN",0.0241761519826858
"KWT","LBY",0.102760909363473
"KWT","MYS",0.00042754506963416
"KWT","MLT",0
"KWT","MNG",0.0011589368033899
"KWT","MAR",0.000431820520330501
"KWT","NLD",0.00322796527573791
"KWT","NER",0.00012756832565507
"KWT","NOR",0.0113256688946089
"KWT","PAK",0.022503834740194
"KWT","CZE",0
"KWT","POL",0.00641317604451239
"KWT","QAT",4.73067297716463
"KWT","ZWE",0
"KWT","RWA",0.000282179745958545
"KWT","SAU",77.2602348707687
"KWT","SVK",0
"KWT","SGP",0.000801647005564049
"KWT","SOM",0.00179568929246347
"KWT","ZAF",0.00192395281335372
"KWT","ESP",0.00459500297948456
"KWT","SWE",2.56527041780496e-05
"KWT","CHE",0.00199561875216008
"KWT","SYR",0.0351681889595415
"KWT","TKM",0.00639927213980885
"KWT","THA",1.28263520890248e-05
"KWT","OMN",0.0786222621981762
"KWT","TUN",0.000637841628275352
"KWT","TUR",0.0134202226186752
"KWT","ARE",7.78610140305211
"KWT","GBR",0.0146693320373612
"KWT","USA",0.0202828672111311
"KWT","ETH",0.000178595655917099
"KWT","YEM",0.079811367578126
"KWT","BEL",0
"KWT","SDN",0.028436022581368
"KWT","PSE",0.00379660021835134
"LVA","ARM",5.81512429594968e-05
"LVA","AFG",0.0243058537645521
"LVA","DZA",7.39048467920668
"LVA","ATG",0
"LVA","AUS",0.000472445007293442
"LVA","AUT",0.00106064137942918
"LVA","BHS",1.63428164495223e-06
"LVA","BHR",0.410895826100876
"LVA","BRA",0.000817149218373578
"LVA","BLZ",0
"LVA","BGR",0.00040474025750977
"LVA","MMR",0
"LVA","BDI",0.134962929250726
"LVA","CMR",0.0564606763628564
"LVA","CAN",0.000611760133011246
"LVA","TCD",0.00951398244912113
"LVA","CHL",0.00320882827537833
"LVA","CHN",0.00167128151200687
"LVA","COM",0.00717163642846163
"LVA","COG",0.228170051595149
"LVA","COK",0
"LVA","CRI",0.000214215262526009
"LVA","CYP",0.00135009659986708
"LVA","AZE",0.000691335054097685
"LVA","BEN",0.0939165076596984
"LVA","DNK",1.80175653588138
"LVA","DMA",0
"LVA","BLR",0.191548640843063
"LVA","EGY",0.360760589814312
"LVA","GNQ",0.0112249682949179
"LVA","EST",1.24486383255514
"LVA","FRO",0.274739536311394
"LVA","FIN",0.406725611219334
"LVA","FRA",0.552959037501952
"LVA","PYF",0.00558875479327935
"LVA","DJI",0.454796908771601
"LVA","GEO",0.000169760236192029
"LVA","GAB",0.00525640807489866
"LVA","GMB",0.0438880938068569
"LVA","DEU",3.56807205009193
"LVA","BIH",0
"LVA","GHA",0.521093910444215
"LVA","GRC",0.0223928215891941
"LVA","GTM",0.0134602704841556
"LVA","GIN",0.0118975512936671
"LVA","GUY",0.00304599107879936
"LVA","HTI",1.25104869184882
"LVA","HKG",0.0336951416098749
"LVA","HUN",0.000339535481093043
"LVA","HRV",9.79956131354482e-05
"LVA","ISL",0.0155571613649738
"LVA","IND",0.00675262694700677
"LVA","IDN",0.540468808154402
"LVA","IRN",9.88142033502337
"LVA","IRQ",0.00136894097911536
"LVA","IRL",0.277979967834611
"LVA","ISR",0.216771686323823
"LVA","ITA",0.41438362824982
"LVA","CIV",0.0250200348433962
"LVA","KAZ",0.00149434351615874
"LVA","JPN",0.0617544719977218
"LVA","JOR",0.0173365584649175
"LVA","KGZ",0.000149105751178197
"LVA","KEN",3.79072800697491
"LVA","KHM",0
"LVA","KOR",0.210546571800929
"LVA","KWT",0.000238031774651871
"LVA","LBN",0.0922392689516405
"LVA","LBR",0.00155255858313514
"LVA","LBY",2.1458251668543
"LVA","LTU",2.82511285980277
"LVA","MDG",0.531781652199267
"LVA","MWI",0.305915972968311
"LVA","MYS",0.00174219065789328
"LVA","MDV",0.0011752025023372
"LVA","MLI",0.0227166046605308
"LVA","MLT",0.427926586177924
"LVA","MRT",1.4665292726936
"LVA","MUS",0.00119238041874815
"LVA","MEX",0.00584391369365232
"LVA","MNG",0.000213415760143579
"LVA","MAR",3.29424194379771
"LVA","MOZ",1.77066302785471
"LVA","MDA",0.00622119919503417
"LVA","NAM",0.103736462922463
"LVA","NLD",3.29256572311841
"LVA","MKD",0.000236332615617442
"LVA","VUT",0
"LVA","NZL",0.0330006141963792
"LVA","NER",0.183400309393494
"LVA","NGA",11.7076677794697
"LVA","NOR",0.523481325560817
"LVA","PAK",0.000448559801461075
"LVA","PAN",0.0048675054799942
"LVA","CZE",0.0185961100400258
"LVA","PNG",5.61009378606399e-05
"LVA","PER",0
"LVA","PHL",0.204294080015299
"LVA","POL",0.180580412357847
"LVA","PRT",0.557611238570711
"LVA","GNB",0.0092984384796995
"LVA","ERI",0.00269901613663861
"LVA","QAT",0.000250497661979371
"LVA","ZWE",0.0967234326296866
"LVA","ROU",0.0464032269547138
"LVA","RWA",0.118022762206963
"LVA","RUS",0.0572171012446774
"LVA","KNA",0
"LVA","VCT",0
"LVA","STP",0.0121590554384446
"LVA","SAU",11.2236396852262
"LVA","SEN",0.120150045001902
"LVA","SYC",0.00062779313068334
"LVA","SLE",0.255075104153046
"LVA","SVN",7.49696558924304e-05
"LVA","SVK",0.00058188947530336
"LVA","SGP",0.124563839647683
"LVA","SOM",0.00666383459083875
"LVA","ZAF",3.57968902244342
"LVA","ESP",4.5009798577837
"LVA","SUR",0.006163179951746
"LVA","TJK",0.00111794921632548
"LVA","SWE",0.925507016809402
"LVA","CHE",0.209841492967642
"LVA","SYR",0.00857507579106436
"LVA","TKM",0.000173956709707896
"LVA","TWN",0.0150655269535666
"LVA","TZA",0.87177054767352
"LVA","THA",0.354657882997703
"LVA","TGO",0.0190140006799517
"LVA","OMN",0.791962468843257
"LVA","TUN",0.423738610204195
"LVA","TUR",4.08666876944799
"LVA","ARE",0.611585102285953
"LVA","UGA",0.655727732996043
"LVA","GBR",0.830487241060088
"LVA","UKR",0.0997211470304209
"LVA","USA",0.00947793566540762
"LVA","BFA",0.0280078782935128
"LVA","URY",0.00209449692759544
"LVA","UZB",0.000493766735992339
"LVA","VEN",0.0167750118835671
"LVA","VNM",0.0265966945910096
"LVA","ETH",1.13456148092041
"LVA","YEM",0.978416902942237
"LVA","COD",0.485901153846175
"LVA","BEL",0.171566306193124
"LVA","LUX",7.1446505772886e-06
"LVA","SDN",1.83559147022481
"LVA","PSE",0.000704027655146386
"LBN","ARM",0.0145094539365203
"LBN","AFG",0
"LBN","ALB",0.000751372704985609
"LBN","DZA",2.47000924778962
"LBN","ATG",0.00161929593150854
"LBN","ARG",0.00323859186301708
"LBN","AUS",0.33218782821617
"LBN","AUT",0.00569452899830904
"LBN","BHR",0.180494137851355
"LBN","BRB",0
"LBN","BGD",0.0483025310347891
"LBN","BOL",0.000223622828864765
"LBN","BRA",0.0240084950952134
"LBN","BRN",0
"LBN","BGR",0.0171834642132618
"LBN","CMR",0.0155277931571544
"LBN","CAN",0.264890444640964
"LBN","CAF",0.046932383659928
"LBN","TCD",0.00304604594110132
"LBN","CHL",0.001387273611023
"LBN","CHN",0.00972429959104235
"LBN","COL",0.011661464694906
"LBN","COM",0.00594711479835471
"LBN","COG",0.0690207349167498
"LBN","CYP",0.0301647391276651
"LBN","AZE",0.00352948334771921
"LBN","BEN",0.0391354517124807
"LBN","DNK",0.065636000934797
"LBN","DMA",0.00582444747531963
"LBN","DOM",0.000330026085777393
"LBN","BLR",0.00321182984642448
"LBN","EGY",5.45728021932972
"LBN","GNQ",0.0130699369278141
"LBN","FIN",0
"LBN","FRA",0.148087085514076
"LBN","DJI",2.52324826949073
"LBN","GEO",0
"LBN","GAB",0.0662421614921087
"LBN","GMB",0.0198911465015916
"LBN","DEU",0.456581599558707
"LBN","BIH",0.00178413443950641
"LBN","GHA",0.0767707628160123
"LBN","GRC",0.00311369224553287
"LBN","GIN",0.0569086618081803
"LBN","GUY",0.000894491315459058
"LBN","HTI",0.0178898263091812
"LBN","HKG",0.00273662397622489
"LBN","HUN",0.000178898263091812
"LBN","HRV",0.00135962679949777
"LBN","IND",0.118465557144944
"LBN","IDN",0.0580793211127566
"LBN","IRN",0.0820714662945795
"LBN","IRQ",18.3030171299556
"LBN","IRL",0.00502346322761807
"LBN","ITA",0.13618763603128
"LBN","CIV",0.15657544007598
"LBN","JAM",0
"LBN","JPN",0.00162797419413549
"LBN","JOR",7.92875239876662
"LBN","KEN",0.00696337421277511
"LBN","PRK",0.000822932010222333
"LBN","KOR",0
"LBN","KWT",0.525259845011794
"LBN","LBR",0.164469551816551
"LBN","LBY",1.66624437076236
"LBN","MDG",0.0653536202297458
"LBN","MWI",0.000918354113587456
"LBN","MYS",0.0733206225564398
"LBN","MDV",0.0131810688824795
"LBN","MLI",0.0157417202786404
"LBN","MLT",0.000844399801793351
"LBN","MRT",0.00612575651131766
"LBN","MEX",0.000588247224619868
"LBN","MAR",0.0418005784375205
"LBN","MOZ",0.00713156836182866
"LBN","MDA",0
"LBN","NAM",0
"LBN","NLD",0.953630916640788
"LBN","NZL",0.00251955286536951
"LBN","NER",0.0228550638353206
"LBN","NGA",0.0592092604366783
"LBN","NOR",0.00838700406489508
"LBN","PAK",0.0330064871308687
"LBN","PAN",0.0146501458068198
"LBN","CZE",0.126041816167628
"LBN","PRY",0.0130824782166829
"LBN","PER",0.000858711662840696
"LBN","PHL",0.281228069580328
"LBN","POL",0.000310090322692473
"LBN","PRT",0
"LBN","GNB",0.00357796526183623
"LBN","ERI",0
"LBN","QAT",0.220529713596226
"LBN","ZWE",0.00121314677631221
"LBN","ROU",0.00499780053842808
"LBN","RUS",0.041773544383521
"LBN","KNA",0.00644033747130522
"LBN","VCT",0.0134442044713496
"LBN","STP",0.00918105886187177
"LBN","SAU",7.19627964077082
"LBN","SEN",0.0511216750066527
"LBN","SYC",7.15593052367246e-05
"LBN","SLE",0.0421299151006848
"LBN","SVN",0.0122724208480983
"LBN","SGP",0.00422885313957505
"LBN","SOM",0.0137885149450897
"LBN","ZAF",0.00836715673573772
"LBN","ESP",0.0242057591888621
"LBN","SUR",0.00357796526183623
"LBN","SWZ",0.00542061737168189
"LBN","SWE",0.271847599316757
"LBN","CHE",0.0494876537955928
"LBN","SYR",29.2345747360572
"LBN","TZA",0.00311334153133542
"LBN","THA",0.003719144595745
"LBN","TGO",0.0233166057321473
"LBN","TTO",0.00271169042039328
"LBN","OMN",2.45063224187604
"LBN","TUN",9.82821278379008
"LBN","TUR",3.19593153780713
"LBN","ARE",0.730191948383398
"LBN","UGA",0.00342757436424523
"LBN","GBR",0.172695213737982
"LBN","UKR",0
"LBN","USA",0.309043765649663
"LBN","BFA",0.0187801839035418
"LBN","URY",0.00507881018077406
"LBN","VEN",0.185240463934294
"LBN","VNM",0
"LBN","ETH",0.00357796526183623
"LBN","YEM",2.13912500703583
"LBN","COD",0.00679328580607714
"LBN","ZMB",0.022464681537283
"LBN","BEL",0.0262813184141259
"LBN","LUX",0.0184265210984566
"LBN","SRB",0.0367600538856367
"LBN","MNE",0.000264711251078941
"LBN","SDN",0.0713374843190012
"LBY","CAN",7.21047021546696e-05
"LBY","FRA",0.116498043106864
"LBY","ITA",87.6823451102698
"LBY","JOR",0.0998650124842174
"LBY","MYS",0.0766517275862101
"LBY","NLD",0
"LBY","NER",0.405178157993717
"LBY","CZE",0
"LBY","POL",0
"LBY","TZA",7.17138907608774e-05
"LBY","TUN",11.4836891852133
"LBY","TUR",0.135628944752934
"LTU","ARM",8.37868828366029e-05
"LTU","AFG",0.00275583544679062
"LTU","ALB",0.104172215705429
"LTU","DZA",3.47735691866496
"LTU","AUS",0.00128943271590251
"LTU","AUT",0.0167399572604569
"LTU","BHS",0
"LTU","BHR",0.424946108441762
"LTU","BRB",0.000889015479607673
"LTU","BWA",0.00658510434785646
"LTU","BRA",0.000150793497562882
"LTU","BLZ",1.25661247969068e-05
"LTU","BGR",0.00693034725687638
"LTU","CMR",0.155628679959635
"LTU","CAN",0.00379490021330386
"LTU","CPV",0.00165949556193432
"LTU","LKA",0.172535618645221
"LTU","CHL",7.97025390130557e-05
"LTU","CHN",2.0111920719223
"LTU","COG",0.0722812380398258
"LTU","CUB",2.55762647818985
"LTU","CYP",0.00205159420634802
"LTU","AZE",0.000635485395631043
"LTU","BEN",0.0115094701472174
"LTU","DNK",0.587790256125489
"LTU","BLR",1.18389401510202
"LTU","EGY",1.76708323421031
"LTU","GNQ",5.81624852547595e-05
"LTU","EST",0.380985736813048
"LTU","FRO",0.215591986783884
"LTU","FIN",0.145786815263077
"LTU","FRA",0.385519347354586
"LTU","DJI",0.00257555091971943
"LTU","GEO",0.0023298040664918
"LTU","GAB",0.000777888544656713
"LTU","GMB",0.00229485148190134
"LTU","DEU",2.01416009545647
"LTU","BIH",6.91086397465228e-05
"LTU","GHA",0.355151668422372
"LTU","GRC",0.00881976965416562
"LTU","GIN",0.370909536222397
"LTU","HTI",0.47378279295334
"LTU","HKG",5.82076166037145e-05
"LTU","HUN",0.00276168560871314
"LTU","HRV",0.000800401233692226
"LTU","ISL",0.00492216650322649
"LTU","IND",0.439853864887365
"LTU","IDN",0.206381322124594
"LTU","IRN",16.383316124426
"LTU","IRQ",0.00578600907977994
"LTU","IRL",0.0777477879156378
"LTU","ISR",0.483578744758793
"LTU","ITA",0.392203645685235
"LTU","CIV",0.00180025634620554
"LTU","KAZ",0.00498654329562255
"LTU","JPN",0.00708284829873011
"LTU","JOR",0.00840296608162691
"LTU","KGZ",0.000596302031256166
"LTU","KEN",1.93799349700425
"LTU","KOR",0.265689380230904
"LTU","KWT",0.000111732531326714
"LTU","LVA",7.3983878932487
"LTU","LBN",0.222493383773193
"LTU","LBR",1.25661247969068e-05
"LTU","LBY",1.27842279025205
"LTU","MDG",0.000481550051454156
"LTU","MWI",0.924388737366594
"LTU","MYS",0.207295578861143
"LTU","MLT",0.0138859421591422
"LTU","MRT",0.6915583589074
"LTU","MUS",0.000228643517262504
"LTU","MNG",8.24337786677087e-05
"LTU","MAR",1.51419851477767
"LTU","MOZ",0.986643401348012
"LTU","MDA",0.0264746319942899
"LTU","NAM",0.999546911455806
"LTU","NLD",1.5703127066852
"LTU","MKD",0.000104283695904933
"LTU","NZL",0.000416931404170207
"LTU","NGA",5.95340859201712
"LTU","NOR",0.358323680198388
"LTU","PAK",0.000401167225845669
"LTU","PAN",0.000232744144899711
"LTU","CZE",0.0213434402014739
"LTU","PER",0.000184731118460166
"LTU","PHL",0.241058758227056
"LTU","POL",0.591998098232648
"LTU","PRT",0.628750844836798
"LTU","GNB",0.000940945368828625
"LTU","QAT",6.45919001106869e-05
"LTU","ZWE",0.176985540814266
"LTU","ROU",0.00477304271337479
"LTU","RUS",0.409413317426503
"LTU","VCT",0
"LTU","STP",0.000926057791257992
"LTU","SAU",12.8324335567705
"LTU","SEN",0.266350395033802
"LTU","SLE",0.0448137101593597
"LTU","SVN",0.000174066100439763
"LTU","SVK",0.00345055740752072
"LTU","SGP",0.00196514870415444
"LTU","SOM",0.00565788507321613
"LTU","ZAF",3.53654223879148
"LTU","ESP",4.95610062213376
"LTU","SUR",6.74170072035818e-05
"LTU","TJK",0.00102327637962651
"LTU","SWE",0.396862797773331
"LTU","CHE",0.0438042527893806
"LTU","TKM",0.000207724603520274
"LTU","TWN",0.0407757762308906
"LTU","TZA",1.01163421769325
"LTU","THA",0.055966502629702
"LTU","TGO",0.00326519902579225
"LTU","OMN",1.13201032759758
"LTU","TUN",0
"LTU","TUR",4.77681854021809
"LTU","ARE",0.857537906790322
"LTU","UGA",0.322248530408299
"LTU","GBR",0.511367132078393
"LTU","UKR",0.450504692920051
"LTU","USA",0.038786575276571
"LTU","BFA",0.00422504404818088
"LTU","UZB",0.000970471321061267
"LTU","VNM",0.53794837743935
"LTU","YEM",1.30061923091303
"LTU","COD",0.814394752115396
"LTU","BEL",0.152852990590796
"LTU","LUX",0.000412976355172883
"LTU","SRB",0.000855619488968953
"LTU","MNE",2.4623170140445e-05
"LTU","SDN",4.20068378498944
"LTU","PSE",0.0140487307041197
"MAC","AUS",1.22616645320578
"MAC","CAN",3.63519159076568
"MAC","CHN",26.4507120382758
"MAC","DNK",1.22806822358687
"MAC","FRA",0
"MAC","HKG",49.3807558938889
"MAC","IDN",0
"MAC","JPN",0.87528981789525
"MAC","PRK",0
"MAC","KOR",2.94750636938707
"MAC","MYS",2.17882694639998
"MAC","PHL",0.0815788177096993
"MAC","PRT",0
"MAC","SGP",1.46578714400976
"MAC","ZAF",0.346122209357818
"MAC","TWN",2.19443604376448
"MAC","THA",0.526314952965802
"MAC","GBR",0.350876635310535
"MAC","USA",7.11236686347657
"MAC","VNM",0
"MDG","COM",2.62914951528522
"MDG","BEN",1.44821685149455
"MDG","FRA",13.3702297560831
"MDG","GAB",2.09886500216602
"MDG","DEU",4.75156302979519
"MDG","HKG",28.1577813190316
"MDG","ITA",0
"MDG","JAM",0
"MDG","KEN",2.09886500216602
"MDG","MUS",16.8411270133614
"MDG","MAR",0
"MDG","MOZ",22.5448816330223
"MDG","PAN",0
"MDG","ZWE",5.83054459235856
"MDG","SYC",0
"MDG","ZAF",0
"MDG","ESP",0.209886500216602
"MDG","CHE",0.00839546000866408
"MDG","THA",0
"MDG","BEL",0.0104943250108301
"MWI","COG",0.0481804114759561
"MWI","DNK",0.000108373283265701
"MWI","DEU",0.0290736358319229
"MWI","HKG",0.0685767856674442
"MWI","IND",0.174441814991538
"MWI","IDN",0
"MWI","CIV",10.7392265673408
"MWI","JPN",0.557244686778523
"MWI","KEN",0.449683840442257
"MWI","MYS",0.015973090344784
"MWI","MOZ",7.07245632476103
"MWI","ZWE",29.283912978809
"MWI","ZAF",50.1220278959752
"MWI","TZA",0
"MWI","GBR",0.00244373049082768
"MWI","USA",0.000803006857932602
"MWI","COD",0.480628982772343
"MWI","ZMB",0.955217874177196
"MYS","AFG",0.00557293424818735
"MYS","ALB",0.00492010740105961
"MYS","DZA",0.133604302829273
"MYS","ATG",0.000627812672339469
"MYS","ARG",0.0147358395718689
"MYS","AUS",2.94066886876016
"MYS","AUT",0.00545883748933176
"MYS","BHS",0.0285061243412174
"MYS","BHR",0.194730375099252
"MYS","BRB",0.0011676181104299
"MYS","BGD",0.288690323274702
"MYS","BTN",0.0119892516175737
"MYS","BOL",0.00546848159965987
"MYS","BWA",0.000604742447633018
"MYS","BRA",0.120958025849816
"MYS","SLB",0.11789806163205
"MYS","BRN",3.59007572297323
"MYS","BGR",0.00385523310366049
"MYS","MMR",2.73201413405777
"MYS","CMR",0.00754677870827416
"MYS","CAN",0.453043091732765
"MYS","CPV",0.000483793958106415
"MYS","CAF",0.00604742447633018
"MYS","LKA",0.0705314301580224
"MYS","CHL",0.0292305065473922
"MYS","CHN",3.53556945366875
"MYS","COL",0.00608534422421207
"MYS","COM",0.012088161896749
"MYS","COG",0.0162453889329566
"MYS","COK",0.00111644759563019
"MYS","CRI",0.0029373204599318
"MYS","CUB",0.0121922473757166
"MYS","CYP",0.00106169048032283
"MYS","AZE",0.00545912534186225
"MYS","BEN",0.0284575255891719
"MYS","DNK",0.00351971734184871
"MYS","DOM",0.00839482711329622
"MYS","ECU",0.00668007811385395
"MYS","EGY",0.0256613994559463
"MYS","SLV",0.00314698666018259
"MYS","GNQ",0.0102507721427948
"MYS","EST",0.107255724952698
"MYS","FJI",0.0344009632911098
"MYS","FIN",0.112885553148481
"MYS","FRA",0.189403731258156
"MYS","PYF",0.0372673590595889
"MYS","DJI",0.0369448668503966
"MYS","GEO",0.0197852275611963
"MYS","GAB",0.00807635327992735
"MYS","GMB",0.00646097527321153
"MYS","DEU",0.034401657531709
"MYS","BIH",0.00139555949453773
"MYS","GHA",0.130324151488131
"MYS","KIR",0.00873633824413348
"MYS","GRC",0.0350611063677697
"MYS","GTM",0.00356642981937421
"MYS","GIN",0.00562493575332144
"MYS","GUY",0.0173181588222162
"MYS","HTI",0.00170568382665723
"MYS","HND",0.00564736408789603
"MYS","HKG",1.74958552507593
"MYS","HUN",0.00276506854517743
"MYS","ISL",0.00430229119575893
"MYS","IND",0.770274330347761
"MYS","IDN",8.89888479793995
"MYS","IRN",0.0561025459969846
"MYS","IRQ",0.321756337315375
"MYS","IRL",0.015526263881479
"MYS","ITA",0.0421207343744562
"MYS","CIV",0.00168039482624131
"MYS","KAZ",0.0142312179455485
"MYS","JAM",0.00374940317532471
"MYS","JPN",2.96409998719189
"MYS","JOR",0.159162771288456
"MYS","KEN",0.0140751286215706
"MYS","KHM",0.409430993970869
"MYS","PRK",0.00275157813673023
"MYS","KOR",2.91218704150284
"MYS","KWT",0.169106863874487
"MYS","LVA",0.0289913529395269
"MYS","LAO",0.00485189517600952
"MYS","LBN",0.111780897956085
"MYS","LBR",0.00896161491987245
"MYS","LBY",0.134814649080964
"MYS","LTU",0.00341912076161745
"MYS","MAC",0.0322900427158386
"MYS","MDG",0.0169258623090343
"MYS","MWI",0.00330793929755058
"MYS","MDV",0.619523175581747
"MYS","MLI",0.00168978995463611
"MYS","MLT",0.00799652798890942
"MYS","MRT",0.00512449446394256
"MYS","MUS",0.831730634923077
"MYS","MEX",0.0188361734704379
"MYS","MNG",0.0273152749843935
"MYS","MAR",0.0183440928020468
"MYS","MOZ",0.0051258900234371
"MYS","NAM",0.102288585809937
"MYS","NPL",0.0259089755152025
"MYS","NLD",0.0682747902846666
"MYS","NCL",0.0521954052345691
"MYS","VUT",0.0205423809719542
"MYS","NZL",0.486805277404944
"MYS","NER",0.0154568786440467
"MYS","NGA",0.120460368475609
"MYS","NOR",0.00406619854236616
"MYS","PAK",0.110426053454241
"MYS","PAN",0.0119995415501172
"MYS","CZE",0.00377059500468621
"MYS","PNG",0.504619091231573
"MYS","PRY",0.0371634585979785
"MYS","PER",0.00665639589212847
"MYS","PHL",2.34256604841556
"MYS","POL",0.00356642981937421
"MYS","PRT",0.0187737798586191
"MYS","GNB",0.00130639874905338
"MYS","TLS",0.0287012585592822
"MYS","QAT",0.170213890841847
"MYS","ROU",0.0445462590656445
"MYS","RWA",0.00186074599271698
"MYS","RUS",0.18020962066128
"MYS","LCA",0.00162536162463828
"MYS","STP",0.000902461806467735
"MYS","SAU",1.2949095330384
"MYS","SEN",0.00321660957274342
"MYS","SYC",0.0894514561020478
"MYS","SLE",0.00610453904082886
"MYS","SVK",0.00093037299635849
"MYS","SGP",34.8171340197242
"MYS","SOM",0.00260707721698077
"MYS","ZAF",0.490109727536344
"MYS","ESP",0.0830666680970634
"MYS","SUR",0.0124934355055768
"MYS","SWE",0.00943997952464929
"MYS","CHE",0.00804721427211913
"MYS","SYR",0.0233323591891764
"MYS","TKM",0.00405332502080182
"MYS","TWN",2.95194864484024
"MYS","TZA",0.00566193993150565
"MYS","THA",11.2521456592961
"MYS","TGO",0.01300299407976
"MYS","TON",0.0169651574457225
"MYS","TTO",0.0209737291500355
"MYS","OMN",0.382411697477385
"MYS","TUN",0.00546555369819098
"MYS","TUR",0.0968198732114025
"MYS","ARE",1.3522938461108
"MYS","UGA",0.00664193282100326
"MYS","TUV",0.00194698977488141
"MYS","GBR",0.935251731156576
"MYS","UKR",0.0142559730530594
"MYS","USA",2.43362294288872
"MYS","BFA",0.00326095735223651
"MYS","URY",0.00679383735749961
"MYS","UZB",0.00408433745401377
"MYS","VEN",0.00962005678234678
"MYS","VNM",3.14920601350723
"MYS","ETH",0.0113134617025209
"MYS","YEM",0.344984987115325
"MYS","COD",0.0118615673788336
"MYS","ZMB",0.00139555949453773
"MYS","BEL",0.0257439755031668
"MYS","MNE",0.000465186498179245
"MYS","SDN",0.00130949999237457
"MYS","PSE",0.0117130637480833
"MDV","AUS",0.0169239597772972
"MDV","LKA",0.0303851581367463
"MDV","CHN",0
"MDV","IND",4.00671307898288
"MDV","IRL",0.00338479195545944
"MDV","MYS",95.9037321138053
"MDV","SGP",0.0253767667880177
"MDV","THA",0.0134841305542693
"MDV","USA",0
"MLI","AUS",0.793687880892614
"MLI","BHR",0.0145863533843629
"MLI","MMR",0.0256846657420303
"MLI","CAN",0
"MLI","BEN",0.0164889212171058
"MLI","FRA",12.2807863659738
"MLI","GMB",0.171231104946868
"MLI","GIN",24.1654082677367
"MLI","IND",0.665898741460044
"MLI","ITA",4.63631547590647
"MLI","CIV",3.00571129337046
"MLI","KOR",0
"MLI","MDG",0.00157687984330776
"MLI","MRT",1.8478740203395
"MLI","NLD",0.860194399537365
"MLI","NER",8.32517215064717
"MLI","SEN",3.45430611006945
"MLI","ZAF",0
"MLI","ESP",6.17786404448344
"MLI","CHE",0.00475641958185745
"MLI","THA",0
"MLI","USA",0.225507738821054
"MLI","BFA",33.3250465982137
"MLI","ZMB",0.00190256783274298
"MLT","DZA",0.138343197776851
"MLT","AUS",0.0123484948206755
"MLT","AUT",0
"MLT","BHS",0.383136039741776
"MLT","BHR",0.210234758888793
"MLT","BRA",0.00843329219975424
"MLT","BGR",0.0992152023500499
"MLT","MMR",0.0620095014687812
"MLT","CMR",0.108073702559876
"MLT","CAN",2.63937915769142
"MLT","CHN",0.0287228010803394
"MLT","CRI",0.0620095014687812
"MLT","CUB",0.512611878808591
"MLT","CYP",0.804730759688038
"MLT","EGY",0.21985186884386
"MLT","FRA",0.702914904849516
"MLT","GAB",0.111617102643806
"MLT","GMB",0.0964592245069929
"MLT","DEU",0.103369838948458
"MLT","GHA",0.276331911504655
"MLT","GRC",0.106931940310609
"MLT","GTM",0.0026003659233819
"MLT","GIN",0.452652555979157
"MLT","HKG",0.20401125983229
"MLT","HUN",0.00413396676458541
"MLT","ISL",0.00334750479473746
"MLT","IRL",2.20605002425336
"MLT","ISR",6.25794914619028
"MLT","ITA",25.8470047105477
"MLT","JPN",0.0125665867746218
"MLT","JOR",0.327683009561627
"MLT","KEN",0.136420903231319
"MLT","KWT",0.531968238645861
"MLT","LBN",0.687536328495896
"MLT","LBR",0.223234205287612
"MLT","LBY",1.22491552632277
"MLT","MAC",0.0992152023500499
"MLT","MYS",0.101695582408801
"MLT","MDV",0.00992152023500499
"MLT","MUS",0.508902187580371
"MLT","NPL",0.0992152023500499
"MLT","NLD",0.337858768752654
"MLT","NCL",0.186028504406344
"MLT","NZL",0.166929577953959
"MLT","NGA",0.112538386665628
"MLT","NOR",0.00248038005875125
"MLT","PER",0.167239625461303
"MLT","PHL",0.0225107934126032
"MLT","PRT",0.240596865698871
"MLT","QAT",0.230861373968272
"MLT","SAU",0.872949091843678
"MLT","SYC",0.0607515944389859
"MLT","SLE",2.14704117768492
"MLT","SGP",0.0703187746655978
"MLT","ESP",3.31430487777597
"MLT","SWE",0
"MLT","CHE",0.208893098766105
"MLT","TZA",0.0165358670583416
"MLT","TGO",0
"MLT","TTO",0.373824279604547
"MLT","OMN",1.26167914024826
"MLT","TUN",18.8448465252467
"MLT","TUR",20.1204258228363
"MLT","ARE",0.897181653387357
"MLT","GBR",4.18909490714249
"MLT","USA",0.0977579790655335
"MLT","ETH",0.0868133020562936
"MLT","YEM",0.0980990313236118
"MLT","BEL",0.108268589564492
"MLT","SDN",0
"MRT","FRA",0.492870748830304
"MRT","PYF",0.124624924384456
"MRT","KIR",3.1125084246599
"MRT","GIN",57.9394820466557
"MRT","ITA",1.63914986362934
"MRT","CIV",5.26194125178813
"MRT","NER",0.273191643938223
"MRT","SEN",26.5866505353505
"MRT","ESP",4.56958056076338
"MUS","ATG",0.00011333663551779
"MUS","AUS",0.0336169385140453
"MUS","AUT",0.00157477810636217
"MUS","BGD",0.0188025683087583
"MUS","BGR",0.000415567663565231
"MUS","MMR",0.711799119036933
"MUS","BDI",2.58581724274021
"MUS","CAN",0.00528292056011299
"MUS","LKA",0.0111800908749256
"MUS","CHN",0.00787402554075755
"MUS","COM",7.7347908471806
"MUS","FRA",20.4772438425292
"MUS","DEU",0.00265565039539775
"MUS","GHA",0.0136787951136685
"MUS","HKG",0.00968083761714458
"MUS","HUN",0.00015111551402372
"MUS","IND",0.0251599140306729
"MUS","IRL",0.0959060489391169
"MUS","ITA",0.151422454613858
"MUS","JPN",0.00033850830704636
"MUS","KEN",0.479630613484916
"MUS","KOR",0.00602074000969811
"MUS","MDG",43.1012646658349
"MUS","MWI",3.0968622047074
"MUS","MYS",0.00744925926762489
"MUS","MOZ",0.0549724863556525
"MUS","NAM",0.0484658987063718
"MUS","NLD",0.0101808300315638
"MUS","NZL",0
"MUS","NGA",0.0838561077965245
"MUS","PAK",0.00942424326956874
"MUS","PRT",0
"MUS","ZWE",1.43482336157673
"MUS","RWA",0.192043724477513
"MUS","RUS",0.0529093193475551
"MUS","SAU",0.00515681691605946
"MUS","SYC",11.038974854843
"MUS","SGP",0.0822528431774368
"MUS","SOM",0.000280423707934261
"MUS","ZAF",2.63739272156133
"MUS","ESP",0.00215371345837018
"MUS","CHE",0.000350803871840779
"MUS","TWN",2.51808302636111
"MUS","TZA",0.0513919957047976
"MUS","THA",0.000774467009371567
"MUS","TGO",0.0472235981324126
"MUS","OMN",1.07887876943033
"MUS","TUN",0.0118562713711111
"MUS","TUR",0.078065626126685
"MUS","ARE",0.0416536280565407
"MUS","UGA",0.0537271217741042
"MUS","GBR",0.064527871590651
"MUS","USA",0.0061579571964666
"MUS","BFA",0.0225444689620753
"MUS","ETH",0.0216426902035923
"MUS","YEM",0.0210909547665504
"MUS","ZMB",1.50833064360943
"MUS","BEL",0.0467198797523335
"MUS","LUX",7.93151685055394e-05
"MUS","SDN",0.156521272248959
"MEX","AFG",0.000894439326646561
"MEX","DZA",22.4814769782516
"MEX","ATG",0.010729119498703
"MEX","ARG",0.121241668797936
"MEX","AUS",0.00381894136155372
"MEX","AUT",3.99415418084456e-05
"MEX","BHS",0.00126548188747909
"MEX","BRB",0.0103139658590036
"MEX","BGD",0
"MEX","BOL",0.0572428824281048
"MEX","BRA",0.0432968178720928
"MEX","BLZ",0.13812018012276
"MEX","CAN",0.525282815222106
"MEX","CAF",0
"MEX","CHL",0.246340457920713
"MEX","CHN",0.000679188833702914
"MEX","COL",0.253414236677368
"MEX","COG",0.0108368408982076
"MEX","CRI",0.250346269220785
"MEX","CUB",0.608298779323782
"MEX","AZE",0
"MEX","DNK",4.47627328451217e-05
"MEX","DMA",0.00447748195652662
"MEX","DOM",0.406047844650891
"MEX","ECU",0.304821587117349
"MEX","EGY",0.00120395348734465
"MEX","SLV",0.160410378099018
"MEX","GNQ",0.00380098150907281
"MEX","EST",0.000932249716363892
"MEX","FIN",4.87875996352669e-06
"MEX","FRA",0.00365249089407431
"MEX","GEO",0
"MEX","DEU",0.00465311474435242
"MEX","GRC",0
"MEX","GRD",0.00377945434187853
"MEX","GTM",3.90330130721571
"MEX","GIN",0
"MEX","GUY",0.0809397142833626
"MEX","HTI",1.06786686775848
"MEX","HND",0.246254310065779
"MEX","HKG",0.00279772864719637
"MEX","HRV",1.42410143933183
"MEX","IND",9.13166738585534e-05
"MEX","IDN",0.00926435530201397
"MEX","IRN",2.94400330229072e-05
"MEX","IRL",0.00492902597527212
"MEX","ISR",0.00573411632417817
"MEX","ITA",8.25468977953127
"MEX","CIV",0.0741148424161118
"MEX","KAZ",0
"MEX","JAM",0.124447061716115
"MEX","JPN",0.128295694825545
"MEX","JOR",0
"MEX","KEN",8.34134268982372e-06
"MEX","PRK",0.00262833827755035
"MEX","KOR",0.00511113459543898
"MEX","LBN",5.36663595987936e-06
"MEX","LBY",2.79326113320312
"MEX","MDG",0
"MEX","MRT",0
"MEX","MAR",0.304701835282206
"MEX","MOZ",0
"MEX","NPL",9.20001031965851e-06
"MEX","NLD",0.746771192448221
"MEX","NZL",0.00026487600968647
"MEX","NIC",0.184907689701786
"MEX","NGA",1.12815997479123
"MEX","NOR",2.68441977758275e-05
"MEX","PAK",2.20800247671804e-05
"MEX","PAN",0.88045769965797
"MEX","CZE",0.000899517236534073
"MEX","PRY",0.00104738709786602
"MEX","PER",1.23375458973339
"MEX","PHL",0.194134000131512
"MEX","POL",0.000240632605247116
"MEX","PRT",0.552655641183711
"MEX","ZWE",0
"MEX","RUS",0.000621569591426656
"MEX","KNA",0.000195150398541068
"MEX","LCA",0.0184409210817353
"MEX","VCT",0.00182700801342812
"MEX","SAU",0
"MEX","SEN",0.0120324433890164
"MEX","SGP",8.94318128905822e-05
"MEX","ZAF",0.00175529409825603
"MEX","ESP",0.179480581277777
"MEX","SUR",0.0100439047795925
"MEX","SWE",0.000840772967047767
"MEX","CHE",5.7186093674887
"MEX","SYR",0
"MEX","TWN",0.000410003387379485
"MEX","TZA",0
"MEX","THA",2.03281665146946e-07
"MEX","TON",0
"MEX","TTO",0.388180544854745
"MEX","TUN",1.3467448249304
"MEX","TUR",7.23469692834147
"MEX","ARE",0.0266035528304468
"MEX","GBR",0.0194209163245192
"MEX","USA",31.4045084912012
"MEX","URY",0.0312312903348898
"MEX","UZB",0
"MEX","VEN",4.56593750031414
"MEX","VNM",0.000650501328470226
"MEX","ETH",1.05142975081812e-05
"MEX","YEM",0
"MEX","ZMB",0
"MEX","BEL",0
"MNG","CHN",3.41947221329048
"MNG","DEU",0.300197694260497
"MNG","HKG",0
"MNG","KAZ",2.41037426752393
"MNG","JPN",0.00027273968219083
"MNG","KGZ",0.027273968219083
"MNG","PRK",19.4384306285546
"MNG","KOR",0.0960043681311722
"MNG","LBN",0.00309548452307641
"MNG","NOR",45.5258023601804
"MNG","CZE",0
"MNG","RUS",1.19707678691984
"MNG","SWE",0.0467141938823249
"MNG","CHE",0.00163643809314498
"MNG","GBR",0.072040725449502
"MNG","USA",27.4616081312898
"MAR","DZA",0.0625574216240809
"MAR","ARG",0.000673575132082888
"MAR","BHR",0.00996962189418205
"MAR","BRA",0
"MAR","CMR",0.12796098205611
"MAR","CAN",0.133562779572297
"MAR","CPV",0.0710833256188987
"MAR","CAF",1.29720346765011
"MAR","TCD",1.02380360278315
"MAR","CHN",0.00662349753859879
"MAR","COM",0.0939594886345402
"MAR","COG",0.416381450059564
"MAR","CUB",13.1289887693163
"MAR","CYP",0.000158574635999895
"MAR","AZE",0.000232198574142704
"MAR","BEN",1.31915655426261
"MAR","DNK",0.00146924504287601
"MAR","BLR",0.104115470416241
"MAR","EGY",0.0025425743868626
"MAR","GNQ",0.139339055460916
"MAR","FRA",0.402057062512924
"MAR","DJI",0.00506754510133593
"MAR","GAB",0.0981815383180374
"MAR","GMB",5.31260587317282
"MAR","DEU",0.00768830908936198
"MAR","GHA",0.0353135331508695
"MAR","GRC",0
"MAR","GIN",31.5561002748271
"MAR","GUY",0.013544916824991
"MAR","HKG",0.00200861205599867
"MAR","ISL",6.28871138303155e-05
"MAR","IND",5.80496435356759e-05
"MAR","IDN",0
"MAR","IRQ",0.0058678514673979
"MAR","IRL",0.000375387694864037
"MAR","ITA",0.0902292113493442
"MAR","CIV",0.198960680749202
"MAR","JPN",0.00780187209119484
"MAR","JOR",0.112795617358133
"MAR","KHM",0
"MAR","KOR",0.00547279794817346
"MAR","KWT",0.00379476245145582
"MAR","LBN",0.0831849463972766
"MAR","LBR",3.73888473586537
"MAR","LBY",18.042294957643
"MAR","MDG",0.698609368599538
"MAR","MYS",4.8112509434492e-05
"MAR","MLI",1.36796126560826
"MAR","MLT",0.00386997623571173
"MAR","MRT",0.728001216336583
"MAR","NLD",0.139901975691775
"MAR","NER",1.73237641077627
"MAR","NGA",0.00323465513701572
"MAR","NOR",0.00385572789115051
"MAR","PAK",0.00739008144913797
"MAR","POL",0.0134715026416578
"MAR","PRT",0.0104948393655184
"MAR","GNB",1.07617682961762
"MAR","QAT",0.0091076115120904
"MAR","ROU",0.0298826665000874
"MAR","RWA",0.114526125999924
"MAR","RUS",0.146792685875221
"MAR","STP",0.00791410140203048
"MAR","SAU",0.202085098694087
"MAR","SEN",0.988081394847977
"MAR","SLE",0.262647607761117
"MAR","SGP",1.44599721815381e-05
"MAR","SOM",0.0458104503999697
"MAR","ESP",0.497101603787638
"MAR","SWZ",0.000174148930607028
"MAR","SWE",0.00865637740349147
"MAR","CHE",2.67748060653602
"MAR","SYR",0.00709495643213816
"MAR","THA",0
"MAR","TGO",0.482932794067584
"MAR","OMN",0.00757552043236761
"MAR","TUN",0.0801376246687297
"MAR","TUR",0.163663713743396
"MAR","ARE",0.015750808523217
"MAR","UGA",0.0458104503999697
"MAR","GBR",0.012557577214293
"MAR","USA",0.069857879683605
"MAR","BFA",2.85912121220315
"MAR","VEN",0.000466691341514572
"MAR","YEM",0.241612291336072
"MAR","COD",0.0175050614094468
"MAR","BEL",0.185563280893838
"MAR","SRB",1.92450037737968e-05
"MAR","SDN",0.000493421970053245
"MAR","PSE",0.0453243323920338
"MDA","ARM",0.00286536926958383
"MDA","AFG",0.000981902241913461
"MDA","ALB",2.62684581299571
"MDA","AUS",0.00181617904973951
"MDA","AUT",0.0560292622478355
"MDA","BHS",0.0214990491837834
"MDA","BGD",0.356767360965159
"MDA","BLZ",1.16431095879067e-05
"MDA","BGR",0.0394445601871241
"MDA","MMR",2.14125550311297
"MDA","CMR",7.60556947173176e-05
"MDA","CAN",0.0161351958609763
"MDA","LKA",0.000459413755013336
"MDA","CHN",0.030705926754751
"MDA","CRI",0.0103848838557354
"MDA","CYP",0.38432237707009
"MDA","AZE",0.0354246892610479
"MDA","DNK",0.00261021057555342
"MDA","BLR",0.156790959822682
"MDA","EGY",1.5341742575047
"MDA","EST",0.0956286505311831
"MDA","FRA",1.85265473859962
"MDA","GEO",0.0669551674215304
"MDA","DEU",1.27888443368163
"MDA","BIH",0.0134798101253989
"MDA","GHA",0.0398165303238723
"MDA","GRC",4.75086413063694
"MDA","HKG",0.659952800298774
"MDA","HUN",2.53779909251966
"MDA","ISL",0.0643986670382477
"MDA","IND",0.212992344913694
"MDA","IDN",7.29286999301332
"MDA","IRQ",0.00349384791750492
"MDA","IRL",0.0271942797580969
"MDA","ISR",0.512046524987238
"MDA","ITA",10.6758255331551
"MDA","KAZ",0.00508564795054116
"MDA","JPN",3.14269299445936e-06
"MDA","JOR",0.00419494612292349
"MDA","KGZ",0
"MDA","KHM",0.301114207443126
"MDA","KOR",0.00630575309165274
"MDA","LVA",0.0554505077764947
"MDA","LAO",0.000381893994483338
"MDA","LBN",2.62426965877865
"MDA","LBR",0.00504018749752032
"MDA","LBY",0.191725478898042
"MDA","LTU",0.0199325362072784
"MDA","MDG",2.32862191758133e-06
"MDA","MYS",5.66726294914655
"MDA","MDV",0.000624070673911796
"MDA","MLT",3.99273465380409e-05
"MDA","MNG",0.00197855242263827
"MDA","NLD",1.50910046682312
"MDA","NCL",0.000698586575274399
"MDA","MKD",0.00263042982927681
"MDA","NZL",8.94380891219613
"MDA","NGA",0.00132032862726861
"MDA","NOR",0.0054008094150917
"MDA","PAK",1.29139097522203
"MDA","PAN",1.55955195701139
"MDA","CZE",0.0053817481616986
"MDA","PHL",0.483158194534194
"MDA","POL",0.514183908882427
"MDA","PRT",0.0118888033909541
"MDA","ZWE",0.10625167346613
"MDA","ROU",6.81273232047862
"MDA","RWA",0.0250232070499879
"MDA","RUS",0.14641491301869
"MDA","SAU",0.0904385636697715
"MDA","SEN",0.0531771421427936
"MDA","SLE",0.0027943463010976
"MDA","SVK",0.37134550407776
"MDA","SGP",0.0831665424675621
"MDA","SOM",0.0101171996158981
"MDA","ZAF",0.000582155479395333
"MDA","ESP",0.289928052718913
"MDA","TJK",0.00634290736772292
"MDA","SWZ",0.472768307051237
"MDA","SWE",0.00321387215100103
"MDA","CHE",11.3462339472283
"MDA","SYR",1.37083626753611
"MDA","TWN",1.09144688266941
"MDA","THA",0.805272162823419
"MDA","OMN",0.219981643648344
"MDA","TUN",1.23520047010532
"MDA","TUR",5.50259592062122
"MDA","ARE",0.0385686208916462
"MDA","GBR",4.48304790141381
"MDA","UKR",2.43815052287089
"MDA","USA",1.92808988167896
"MDA","VNM",0.283635691231702
"MDA","YEM",0.00242991697099612
"MDA","BEL",0.0027943463010976
"MDA","SRB",0.016246781041409
"MDA","MNE",0.00012180144073506
"MDA","SDN",0.0109729208408954
"NAM","ATG",0.000876898321950767
"NAM","AUS",1.32413570378965
"NAM","BWA",0.572482949148647
"NAM","BRA",0
"NAM","BGR",0.00769505759860364
"NAM","CAN",0.000104010119189917
"NAM","CHN",0.0577256161504042
"NAM","COM",0.00031033913611951
"NAM","CYP",0.000365303833252393
"NAM","DNK",0.00391926477581628
"NAM","DMA",0
"NAM","SLV",0.000156015178784876
"NAM","FRO",0.00201043949897584
"NAM","FIN",0
"NAM","FRA",0.00211698645034112
"NAM","GMB",0.000141216991095254
"NAM","DEU",0.00621791659693762
"NAM","GHA",0.000311184746844631
"NAM","GRC",7.75847840298774e-05
"NAM","HKG",0.000778490373814778
"NAM","IND",0.088694629139202
"NAM","IDN",0.00783648599238018
"NAM","ITA",3.87923920149387e-05
"NAM","JPN",3.84752879930182e-05
"NAM","LAO",0.00715894039887675
"NAM","LSO",0
"NAM","LBR",0.0012036211658695
"NAM","LTU",0.00101156182992633
"NAM","MWI",0.0184617961562103
"NAM","MYS",0
"NAM","MLT",0.00039003794696219
"NAM","MRT",0
"NAM","MEX",0
"NAM","NPL",0.000307802303944146
"NAM","NLD",0.00010330544358565
"NAM","VUT",0.00223058015774908
"NAM","NZL",0.00511171683335814
"NAM","NGA",0
"NAM","NOR",0.00623919780018651
"NAM","PAN",0.00805782459968067
"NAM","PRY",0.000936091072709256
"NAM","PRT",0
"NAM","ZWE",0.571693975757258
"NAM","RUS",0.00791449358177262
"NAM","KNA",0.0078007589392438
"NAM","VCT",0.000155310503180608
"NAM","SEN",0
"NAM","SYC",0.000155592373422315
"NAM","SVN",0
"NAM","SGP",0.00124671207907047
"NAM","SOM",0.0117011384088657
"NAM","ZAF",25.4251316035739
"NAM","ESP",0.0150733282793087
"NAM","SWZ",0
"NAM","TWN",0.00775847840298774
"NAM","TZA",0
"NAM","TUR",0
"NAM","ARE",0.00232754352089632
"NAM","UGA",0.000155733308543169
"NAM","GBR",0.0134364373181552
"NAM","USA",0.00182573395630292
"NAM","VEN",0
"NAM","COD",0.900129193474516
"NAM","ZMB",16.3222088566162
"NAM","LUX",0.00077288820276085
"NAM","SDN",0.000234022768177314
"NPL","AUS",0.911321882323675
"NPL","BHR",0.095360395623206
"NPL","BGD",57.9482213891643
"NPL","BTN",0.413385036433498
"NPL","CAN",0.145416600213158
"NPL","CHN",4.81910904990614
"NPL","EGY",1.17681840264122
"NPL","DEU",0.876507865735674
"NPL","HKG",0.106500025846971
"NPL","IND",20.8018312871388
"NPL","ITA",0.303786558716242
"NPL","JPN",0.477219373552783
"NPL","PRK",0
"NPL","KOR",0.194782661262514
"NPL","KWT",0.081828407221453
"NPL","MYS",0.661883154586561
"NPL","MLI",0.0707608064642029
"NPL","NZL",0.0232127772474574
"NPL","PAK",0.0224494944366126
"NPL","CZE",0.00739230654952523
"NPL","PRT",0.0499725746158997
"NPL","QAT",0.899111019927123
"NPL","RUS",0.0371763627870305
"NPL","SAU",0.132413532328409
"NPL","SVN",0.0979703277647922
"NPL","SGP",0.894920804458949
"NPL","ZAF",0.0404090899859027
"NPL","TWN",5.83551057320186
"NPL","THA",0.0401236694381064
"NPL","OMN",0.0489851638823961
"NPL","ARE",0.533467810366931
"NPL","GBR",0.897572157509766
"NPL","USA",1.31071489491703
"NPL","BEL",0.0438645437518235
"NLD","ARM",0.0131139120094885
"NLD","AFG",0.0239430035816408
"NLD","ALB",0.00765313099873809
"NLD","DZA",0.965318037244137
"NLD","ATG",2.98362954073037e-05
"NLD","ARG",0.00121659265870807
"NLD","AUS",0.345562776980042
"NLD","AUT",0.53721619454143
"NLD","BHS",0.000369199823508095
"NLD","BHR",0.0180350786797462
"NLD","BRB",0.0013015830507498
"NLD","BGD",0.08305484855774
"NLD","BOL",3.85774599306231e-05
"NLD","BWA",0.000675953256122244
"NLD","BRA",0.0164975602158037
"NLD","BLZ",0.00011055758515974
"NLD","SLB",2.24524899067119e-05
"NLD","BRN",0.00153660069052941
"NLD","BGR",0.0546006452330506
"NLD","MMR",0.0123342821832062
"NLD","BDI",0.0156225184171274
"NLD","CMR",0.277886142367716
"NLD","CAN",0.14271187139351
"NLD","CPV",0.00826051889961632
"NLD","CAF",0.00340529852395057
"NLD","LKA",0.0137898489695907
"NLD","TCD",0.0825403150767219
"NLD","CHL",0.468971597899507
"NLD","CHN",0.0338012784168186
"NLD","COL",0.00809690939737973
"NLD","COM",0.00213449803235887
"NLD","COG",0.88992268773786
"NLD","CRI",0.00680631675344334
"NLD","CUB",0.152769184310271
"NLD","CYP",0.0531222533186555
"NLD","AZE",0.00107472384502079
"NLD","BEN",0.0356669092779993
"NLD","DNK",1.55768183905251
"NLD","DMA",6.9456686256129e-05
"NLD","DOM",0.005001639625486
"NLD","BLR",0.0147662224617863
"NLD","ECU",0.000522969454863541
"NLD","EGY",0.148852352817844
"NLD","SLV",0.000859039686141509
"NLD","GNQ",0.0059038823215432
"NLD","EST",0.060326671314151
"NLD","FRO",0.0450967238459084
"NLD","FJI",0.000151481409175803
"NLD","FIN",0.535778911215607
"NLD","FRA",6.37960763346046
"NLD","PYF",0.368987001833408
"NLD","DJI",0.0519230538091981
"NLD","GEO",0.00174603289570584
"NLD","GAB",0.0178519442259686
"NLD","GMB",0.31629120266315
"NLD","DEU",27.4630914946785
"NLD","BIH",0.013913610092047
"NLD","GHA",0.0505863288389878
"NLD","KIR",2.75553285218737e-05
"NLD","GRC",0.437135263727548
"NLD","GRD",0.000859076018251875
"NLD","GTM",0.000121340109024482
"NLD","GIN",0.0346613192624278
"NLD","GUY",0.0935801718858549
"NLD","HTI",0.570257535074673
"NLD","HND",0.00418483794829418
"NLD","HKG",0.0747582874126251
"NLD","HUN",0.147120564045438
"NLD","HRV",0.0488456403338586
"NLD","ISL",0.12642961036079
"NLD","IND",0.0475161009499189
"NLD","IDN",0.190854040229135
"NLD","IRN",0.0926796475423702
"NLD","IRQ",0.18106257306887
"NLD","IRL",1.63743301996567
"NLD","ISR",0.476011722971941
"NLD","ITA",1.10572901754976
"NLD","CIV",0.0114625897313735
"NLD","KAZ",0.00238999196972258
"NLD","JAM",0.000110287692475985
"NLD","JPN",0.117296877676384
"NLD","JOR",0.0469582905393939
"NLD","KGZ",0.000192632157722357
"NLD","KEN",0.00663457788493973
"NLD","KHM",0.000312293723247901
"NLD","PRK",0.000357198703061325
"NLD","KOR",0.130123885994799
"NLD","KWT",0.0857798997373479
"NLD","LVA",0.037523094419068
"NLD","LAO",0.000255141930758089
"NLD","LBN",0.103127068502312
"NLD","LSO",0.00102056772303236
"NLD","LBR",0.0435724765338647
"NLD","LBY",2.17885137432331
"NLD","LTU",0.0961188866464554
"NLD","MAC",3.53796810651217e-05
"NLD","MDG",0.0182658110895869
"NLD","MWI",0.00829152456336212
"NLD","MYS",0.098070150657454
"NLD","MDV",0.00139989506992322
"NLD","MLI",0.0940856723547505
"NLD","MLT",0.0653206005941311
"NLD","MRT",0.573959686954262
"NLD","MUS",0.00269523713784271
"NLD","MEX",0.00448612354496757
"NLD","MNG",0.00127460523968195
"NLD","MAR",0.286473696901508
"NLD","MOZ",0.00111373081024444
"NLD","MDA",0.00101769208049766
"NLD","NAM",0.000394359932660381
"NLD","NPL",0.0018581465162878
"NLD","NCL",0.00137283945766959
"NLD","MKD",0.00290171264677295
"NLD","VUT",0
"NLD","NZL",0.0483546040678215
"NLD","NIC",0
"NLD","NER",0.040524590881205
"NLD","NGA",0.012751538227885
"NLD","NOR",0.770216651332078
"NLD","PAK",0.0037864145124408
"NLD","PAN",0.00302158082760433
"NLD","CZE",0.267758091268382
"NLD","PNG",6.17443472434576e-05
"NLD","PRY",0.00112890098683224
"NLD","PER",0.00192301032651442
"NLD","PHL",0.0259934960816639
"NLD","POL",0.834702309355122
"NLD","PRT",0.615117089692807
"NLD","GNB",0.754029618646378
"NLD","ERI",0.0114539054769793
"NLD","QAT",0.0262386199044258
"NLD","ZWE",0.000885160266469577
"NLD","ROU",0.165123915112652
"NLD","RWA",0.00119471958424589
"NLD","RUS",0.145843889264965
"NLD","KNA",0.000263343656732197
"NLD","LCA",8.43244081155485e-05
"NLD","STP",0.047140675501964
"NLD","SAU",1.35353751888565
"NLD","SEN",0.0875453534157829
"NLD","SYC",0.000450272661898382
"NLD","SLE",0.59489074047533
"NLD","SVN",0.049884158256595
"NLD","SVK",0.0494418247444961
"NLD","SGP",0.0341822275084282
"NLD","SOM",0.0127717810543479
"NLD","ZAF",0.372451282542843
"NLD","ESP",3.26990507355565
"NLD","SUR",0.635228685259716
"NLD","TJK",0.526659133380021
"NLD","SWE",1.46034597417439
"NLD","CHE",0.618802528578131
"NLD","SYR",0.0834152901948671
"NLD","TKM",0.000408148067321884
"NLD","TWN",0.0084573871425458
"NLD","TZA",0.163462329406223
"NLD","THA",0.146992316095926
"NLD","TGO",0.00145820800781168
"NLD","TTO",0.036888850563935
"NLD","OMN",0.0271020707362024
"NLD","TUN",0.120784599479992
"NLD","TUR",0.235834733394797
"NLD","ARE",0.447941678196803
"NLD","UGA",0.00125044161390529
"NLD","GBR",8.50778249145807
"NLD","UKR",0.0904384463008004
"NLD","USA",0.622986756297831
"NLD","BFA",0.0299005844749535
"NLD","URY",0.00302395611789246
"NLD","UZB",0.000165063968387714
"NLD","VEN",0.00424076229375017
"NLD","VNM",0.00170623132083113
"NLD","ETH",0.00310533199924845
"NLD","YEM",1.33207316590836
"NLD","COD",0.774229205053062
"NLD","ZMB",0.00130143363023155
"NLD","BEL",21.4122712298654
"NLD","LUX",0.138898295189322
"NLD","SRB",0.0424240598859515
"NLD","MNE",0.00367187509650504
"NLD","SDN",0.00649156936815091
"NLD","PSE",0.0192261351449656
"NCL","AUS",2.17967119266816
"NCL","BRN",0.259484665793829
"NCL","CAN",0
"NCL","FJI",2.09894262997675
"NCL","FRA",1.14312137018375
"NCL","PYF",92.4111182953811
"NCL","ITA",0
"NCL","JPN",0
"NCL","KOR",0.0129742332896914
"NCL","VUT",1.89468761270665
"NCL","NZL",0
"NCL","ESP",0
"NCL","USA",0
"MKD","ARM",0.00854503221507715
"MKD","AFG",0.00189414880767544
"MKD","ALB",7.96678445531273
"MKD","DZA",0.354946396493946
"MKD","AUS",0.337014901120565
"MKD","AUT",0.214030270235109
"MKD","BHR",0.00140518307536824
"MKD","BRB",0.010852190913148
"MKD","BGD",0.00337482457957796
"MKD","BRA",0.0014953806376385
"MKD","BGR",2.621007244396
"MKD","CAN",0.191585411579249
"MKD","LKA",0.0469050481074221
"MKD","CHL",4.27251610753858e-05
"MKD","CHN",0.0759724572522151
"MKD","COG",0.0339665030549317
"MKD","CYP",0.212455135963463
"MKD","AZE",0.321790376797596
"MKD","BEN",4.27251610753858e-05
"MKD","DNK",0.136966185117418
"MKD","BLR",0.0276431792157746
"MKD","EGY",0.0231997624639345
"MKD","EST",0.00502020642635783
"MKD","FIN",0.0424089948834279
"MKD","FRA",0.228347267155596
"MKD","GMB",0.00854503221507715
"MKD","DEU",0.776498113650885
"MKD","BIH",5.89584276192322
"MKD","GHA",0.0171043061505128
"MKD","GRC",11.9789004077737
"MKD","HKG",0.0436907497156895
"MKD","HUN",1.37831935438464
"MKD","HRV",9.43196093918248
"MKD","ISL",0.000726327738281558
"MKD","IND",0.000309072348592312
"MKD","IRN",0.00126039225172388
"MKD","IRQ",0.376004722096708
"MKD","IRL",0.00147401805710081
"MKD","ISR",0.524989025388202
"MKD","ITA",1.54450755077396
"MKD","JPN",0.033453801122027
"MKD","JOR",0.0519965210287445
"MKD","KEN",0.0293182023667151
"MKD","KHM",0.00512499306801968
"MKD","KOR",0.00739145286604174
"MKD","KWT",0.0119345616603911
"MKD","LVA",0.0546882061764938
"MKD","LBN",0.0539671949611916
"MKD","LBY",0.380924845964796
"MKD","LTU",0.00444341675184012
"MKD","MYS",0.00122478795082773
"MKD","MDV",0.0185854450677928
"MKD","MLT",0.0630786202019475
"MKD","MRT",0.0226496760150889
"MKD","MUS",0.0113204639716242
"MKD","MNG",0.0769907402578451
"MKD","MAR",0.130247653538313
"MKD","MDA",0.0137005349848404
"MKD","NLD",0.289258495872021
"MKD","NZL",0.00516974449012168
"MKD","NOR",0.320570691632834
"MKD","PAK",0.0341801288603086
"MKD","PAN",0.000811778060432329
"MKD","CZE",1.9981062261343
"MKD","PHL",0.00635180727987402
"MKD","POL",0.0660246155818295
"MKD","PRT",0.0514765592920473
"MKD","QAT",0.0806719933978188
"MKD","ROU",15.8378408337731
"MKD","RUS",0.055205179338991
"MKD","SAU",0.0731586333001943
"MKD","SYC",0.033453801122027
"MKD","SVN",2.08543837935548
"MKD","SVK",0.557889131386984
"MKD","SGP",0.00732736512442866
"MKD","ZAF",0.00126697277562935
"MKD","ESP",0.217462926234159
"MKD","SUR",0.0062805986780817
"MKD","SWE",0.320438141998821
"MKD","CHE",0.270247325092084
"MKD","SYR",0.0331974501555747
"MKD","TWN",0.00918590963120794
"MKD","TTO",0.00895092124529332
"MKD","OMN",0.00153810579871389
"MKD","TUN",0.0241183534270553
"MKD","TUR",1.67633949694321
"MKD","ARE",0.0487102440560294
"MKD","GBR",0.31914513659343
"MKD","UKR",0.00224307095645775
"MKD","USA",0.603448704542175
"MKD","VEN",0.00014953806376385
"MKD","YEM",0.152438034071842
"MKD","BEL",0.178522465678359
"MKD","LUX",0.0478949055655074
"MKD","SRB",17.2116175312271
"MKD","MNE",1.97982554556932
"MKD","SDN",0.0478735429849697
"MKD","PSE",0.341432721371208
"VUT","AUS",6.78463994003252
"VUT","BHS",0
"VUT","SLB",0
"VUT","FJI",81.1922045197507
"VUT","KIR",7.53642610824873
"VUT","IDN",0.0161817477778601
"VUT","NCL",0.086302654815254
"VUT","SGP",0.0323634955557202
"VUT","SWE",0.0323634955557202
"VUT","ARE",3.15443219825755
"VUT","TUV",0
"NZL","AUS",69.3192831274812
"NZL","AUT",1.76025947035092
"NZL","BHR",0.00796884811767365
"NZL","BRA",0.00317239614230628
"NZL","SLB",0.376773503619098
"NZL","BRN",0.0302359670821266
"NZL","CAN",0.152939177597728
"NZL","LKA",0.002345768550216
"NZL","CHL",0.0112051797880652
"NZL","CHN",1.72586538815477
"NZL","COK",3.18600590258914
"NZL","DNK",0.00873465037397504
"NZL","FJI",3.42279220745794
"NZL","FIN",0.0533157707929569
"NZL","FRA",0.00274303580468807
"NZL","PYF",1.04331054918794
"NZL","DEU",0.0789780656919475
"NZL","GHA",0.000693641237967098
"NZL","KIR",0.0126277998527395
"NZL","HKG",0.540241618304842
"NZL","HUN",0.00378349766163872
"NZL","HRV",0.0151339906465549
"NZL","ISL",0.000756699532327743
"NZL","IND",0.00947972940761302
"NZL","IDN",0.220296374468383
"NZL","IRL",0
"NZL","ISR",0.0194850129574394
"NZL","ITA",0.00607251374693014
"NZL","JPN",4.39783735255383
"NZL","KEN",0.0128638920495716
"NZL","KHM",0.0150485030808261
"NZL","KOR",0.14281023656177
"NZL","KWT",0.0151570607542478
"NZL","LVA",0.0116910077744636
"NZL","LAO",0
"NZL","LBN",0.000597156920904712
"NZL","LTU",0.000189174883081936
"NZL","MAC",0.00351993449797361
"NZL","MYS",1.01906637342045
"NZL","MDV",8.82816121049034e-05
"NZL","MUS",0.0328458009487792
"NZL","MEX",0.0841441420908963
"NZL","MNG",0
"NZL","NPL",3.78349766163872e-05
"NZL","NLD",0.0826312044283947
"NZL","NCL",0.628123861212128
"NZL","VUT",0.124825138074524
"NZL","NOR",0.000151339906465549
"NZL","PAK",0.00176310991032364
"NZL","PAN",0.17782439009702
"NZL","PNG",0.826886438698595
"NZL","PER",0.00306463310592736
"NZL","PHL",0.0775801435020606
"NZL","TLS",0.0110833411378321
"NZL","QAT",0.0156724982270136
"NZL","RUS",0
"NZL","SAU",0.626420674650756
"NZL","SYC",0.0206389797442392
"NZL","SVN",0.00189174883081936
"NZL","SGP",0.918219088858084
"NZL","ZAF",0.0391385448954769
"NZL","ESP",0.00698055318572343
"NZL","SWE",0.00997028534200778
"NZL","CHE",0.18665255130751
"NZL","TWN",0.431071262944937
"NZL","THA",0.313930145029408
"NZL","TON",0.693786453808612
"NZL","TTO",0.0227009859698323
"NZL","OMN",0.00515816847870078
"NZL","TUR",0.00247819096837336
"NZL","ARE",0.202936351460852
"NZL","TUV",0.0179295424054821
"NZL","GBR",4.57767852680474
"NZL","UKR",0.0370237290960922
"NZL","USA",0.57895550077554
"NZL","URY",0.00200525376066852
"NZL","VNM",0.716740451591441
"NZL","BEL",0.0153155985343135
"NIC","ATG",0.0462656079836797
"NIC","BHS",0.14475877843439
"NIC","BRB",0.124478519558168
"NIC","BRA",1.92631268073693
"NIC","CAN",0.00158144260016941
"NIC","CHL",1.82621290218925
"NIC","COL",4.88998034636959
"NIC","CRI",42.7730078800421
"NIC","CUB",0
"NIC","DMA",4.84302548455128
"NIC","DOM",8.01529787302567
"NIC","ECU",0.143002788313192
"NIC","SLV",7.40592055053724
"NIC","DEU",2.10298218107635e-05
"NIC","GRC",0.0871284324777648
"NIC","GTM",3.74965699684908
"NIC","GUY",1.20208798117192
"NIC","HTI",0.192244116083094
"NIC","HND",13.5768470282255
"NIC","ITA",0.0462656079836797
"NIC","JAM",1.38627055934967
"NIC","LBR",0
"NIC","MEX",1.49398654320479
"NIC","NLD",0.0197259728584961
"NIC","NCL",0.0504715723458323
"NIC","PAN",2.62854304005665
"NIC","PRY",0
"NIC","RUS",0.0723754140679505
"NIC","LCA",0.0284463389693594
"NIC","ESP",0.00962640093387698
"NIC","SUR",0.93747791159112
"NIC","SWE",0.000504715723458324
"NIC","CHE",0.000336477148972216
"NIC","TWN",0
"NIC","TTO",0.812699375678937
"NIC","USA",1.56527367219734
"NIC","VEN",0.000165958919005266
"NER","DZA",8.58012098216787
"NER","BRN",0.133593196592249
"NER","TCD",4.69703416713059
"NER","CHN",1.0170918678508
"NER","COL",0.233227451125078
"NER","BEN",10.7490807222041
"NER","EGY",5.0967147756659
"NER","FRA",0.543177535335401
"NER","GHA",0.446083357113318
"NER","ISL",0.0106789125973021
"NER","IND",1.33721343543417
"NER","IRN",0.634011816025344
"NER","ITA",2.76548278481656
"NER","CIV",0.00531051615611093
"NER","LBY",1.4221186044212
"NER","MYS",0.210267789040878
"NER","MLI",1.71005372926698
"NER","MDA",0.632052713076091
"NER","NGA",6.12227306508121
"NER","SEN",0.236537914030241
"NER","SGP",3.2371844384421
"NER","ESP",0.558931825430675
"NER","THA",4.3949831707974
"NER","TUN",6.68343907020833
"NER","TUR",34.351893883268
"NER","ARE",2.58770831254973
"NER","GBR",1.44233618799973
"NER","BFA",0.0546086501996391
"NER","BEL",0.106789125973021
"NGA","ATG",7.0620845392331e-05
"NGA","AUS",0.00671567876644145
"NGA","AUT",0.00755619122647335
"NGA","BHS",6.96639233680447e-05
"NGA","BHR",0.000353104226961655
"NGA","BWA",3.48319616840223e-05
"NGA","CMR",1.10885934736708
"NGA","CAN",0.252540789045342
"NGA","CAF",1.05012622945182
"NGA","LKA",0
"NGA","TCD",0.0353104226961655
"NGA","CHL",0
"NGA","CHN",0.00696639233680447
"NGA","COG",0.0328955342756765
"NGA","CYP",0.000468180935539402
"NGA","BEN",6.70102008198515
"NGA","DNK",0.000127844782444653
"NGA","EGY",0.018749011498723
"NGA","FIN",0.000238273584047296
"NGA","FRA",0.00176328831675161
"NGA","GEO",0.000333072659253261
"NGA","GMB",0.046003998976936
"NGA","DEU",0.0198105004936975
"NGA","GHA",46.6650418801249
"NGA","GRC",0.0012539506206248
"NGA","HUN",0.000316454113431489
"NGA","ISL",0.000141241690784662
"NGA","IND",0.0137819737625814
"NGA","IDN",0.000470805635948873
"NGA","IRL",0.0510810478865682
"NGA","ISR",0.00885918410084283
"NGA","ITA",0.0073257484543248
"NGA","CIV",0.336512812157657
"NGA","KEN",0.000175116730444398
"NGA","KHM",0.00169490028941594
"NGA","KOR",6.14343939591823e-05
"NGA","KWT",0.000564966763138648
"NGA","LSO",0.000208991770104134
"NGA","MDG",0.00212207028105736
"NGA","MWI",0.0158190693678821
"NGA","MYS",0.0170816960815271
"NGA","MLI",0.0730147453230873
"NGA","MUS",0.000178083188719686
"NGA","MAR",0.411017147871464
"NGA","NAM",0.000522479425260335
"NGA","NLD",0.018553077613156
"NGA","MKD",0.00522479425260335
"NGA","NZL",0.000835967080416536
"NGA","NER",7.73130084835414
"NGA","NOR",0.00469883801065478
"NGA","PAK",4.66339999835537e-05
"NGA","CZE",6.96639233680447e-05
"NGA","POL",0
"NGA","QAT",29.3965224828257
"NGA","RUS",0.00167158966890433
"NGA","SAU",1.18727765273587
"NGA","SEN",0.0380687982772721
"NGA","SLE",0.0390523705799348
"NGA","SVN",0
"NGA","SGP",0.00010497434606421
"NGA","ZAF",1.50381080792656
"NGA","SWZ",0.000153585984897956
"NGA","SWE",0.00404938779173197
"NGA","CHE",0.0046283926009669
"NGA","THA",3.53104226961655e-05
"NGA","TGO",0.145287110539733
"NGA","TTO",7.02380765826165e-05
"NGA","OMN",0.00052420188490405
"NGA","TUR",0.0470342485689119
"NGA","ARE",0.0826699769072335
"NGA","UGA",0.00101385888473136
"NGA","GBR",0.404560794973604
"NGA","UKR",0.000211862536176993
"NGA","USA",2.43751854185172
"NGA","BFA",0.0189299271766346
"NGA","ETH",0.00127117521706196
"NGA","COD",0.00115532385732169
"NGA","BEL",0.0192924570855354
"NGA","LUX",7.0620845392331e-05
"NGA","SDN",6.96639233680447e-05
"NOR","AFG",0.587288919236727
"NOR","ARG",0.0267904964796456
"NOR","AUS",0.673530452049568
"NOR","AUT",0.248776547871081
"NOR","BHR",0.0685379442033475
"NOR","BGD",0.244084283771084
"NOR","BRA",0.04250595108713
"NOR","BRN",8.98447349924238e-05
"NOR","BGR",0.10695670144175
"NOR","MMR",0.115899708140227
"NOR","BDI",0.0107813681990909
"NOR","CMR",0.234126648833352
"NOR","CAN",0.465085542684797
"NOR","CAF",0.136114773513522
"NOR","LKA",0.0390442459148655
"NOR","TCD",0.569016654952018
"NOR","CHL",0.0112734040671049
"NOR","CHN",0.206842180226725
"NOR","COL",0.0177892575284999
"NOR","CUB",0.0111340687847754
"NOR","CYP",0.0120036333508299
"NOR","AZE",0.01265527267179
"NOR","DNK",15.7756535428165
"NOR","ECU",0.00829306672652291
"NOR","EGY",0.0258096100319145
"NOR","GNQ",0.00299482449974746
"NOR","EST",0.150978277864163
"NOR","FRO",1.20149624188058
"NOR","FIN",14.8610664461839
"NOR","FRA",1.17902711177626
"NOR","PYF",0.000718757879939391
"NOR","DJI",0.98215634691718
"NOR","GEO",0
"NOR","GMB",0.113803330990404
"NOR","DEU",0.926030845638503
"NOR","BIH",0.00898447349924238
"NOR","GHA",0.0136430225496339
"NOR","GRC",0.144829845615969
"NOR","GIN",0.254598065618531
"NOR","HTI",0.518104638456311
"NOR","HKG",0.0613324679758808
"NOR","HUN",0.0402685197903543
"NOR","HRV",0.00936540056671026
"NOR","ISL",1.69553485358718
"NOR","IND",0.0492735587946545
"NOR","IDN",0.296487625474999
"NOR","IRQ",0.34473424816593
"NOR","IRL",0.0117247379165113
"NOR","ISR",0.0108584301465844
"NOR","ITA",3.59658922858376
"NOR","CIV",0.101824032991414
"NOR","JPN",0.467009446275847
"NOR","JOR",0.00898447349924238
"NOR","KEN",1.50406569946269
"NOR","KHM",0.348121504241895
"NOR","PRK",0.116798155490151
"NOR","KOR",0.266247098128263
"NOR","KWT",0.0276182715366711
"NOR","LVA",0.183037167053362
"NOR","LBN",0.0245270648191818
"NOR","LBR",0.322380878099815
"NOR","LBY",0.00107813681990909
"NOR","LTU",0.400725812393254
"NOR","MDG",0.0239585959979797
"NOR","MWI",0.559328397695335
"NOR","MYS",0.0909073353631279
"NOR","MLI",0.0933262184733803
"NOR","MLT",0.359104823882446
"NOR","MRT",0.125782628989393
"NOR","MEX",0.0274026441726893
"NOR","MNG",0.974194496417851
"NOR","MAR",4.94955115804485
"NOR","MOZ",0.161720522986363
"NOR","NAM",0.000606269349948876
"NOR","NPL",0.015902518093659
"NOR","NLD",1.30098207615779
"NOR","NZL",0.159578426619953
"NOR","NGA",0.040976924165787
"NOR","PAK",0.809334228643753
"NOR","PAN",0.0172798938818762
"NOR","CZE",0.0771613765522812
"NOR","PHL",0.189399518850696
"NOR","POL",0.0915468689464867
"NOR","PRT",0.0736592059835387
"NOR","GNB",0.0449223674962119
"NOR","ERI",0.703390047585687
"NOR","QAT",0.0190530734673933
"NOR","ZWE",0.0329430694972221
"NOR","ROU",0.0109585972227601
"NOR","RWA",0.148243812737499
"NOR","RUS",0.121635023147362
"NOR","SAU",0.0640695570626926
"NOR","SEN",0.00898447349924238
"NOR","SLE",0.549849778153634
"NOR","SVN",0.0161720522986363
"NOR","SGP",0.615417819417953
"NOR","SOM",0.58068121231659
"NOR","ZAF",0.160431132618593
"NOR","ESP",0.379526450247845
"NOR","TJK",0.218256965981595
"NOR","SWZ",0.161720522986363
"NOR","SWE",21.1996367595273
"NOR","CHE",0.0424564460468365
"NOR","SYR",0.0126082111439368
"NOR","TWN",0.054610558348804
"NOR","TZA",0.125902421969383
"NOR","THA",0.778989677391357
"NOR","TGO",1.16816124437149
"NOR","TTO",0.00408385159056472
"NOR","TUN",0.00636614122232032
"NOR","TUR",0.107202369092151
"NOR","ARE",1.31586193804949
"NOR","UGA",0.773102987934808
"NOR","GBR",1.03482219505978
"NOR","UKR",0.0188727509450752
"NOR","USA",3.69880367336029
"NOR","BFA",0.475997405989862
"NOR","URY",0.0100433531327895
"NOR","VEN",0.0260525383311364
"NOR","VNM",0.0359102494631257
"NOR","ETH",1.48356983016156
"NOR","YEM",1.0601678729106
"NOR","COD",0.319517241522057
"NOR","ZMB",0.390824597217044
"NOR","BEL",0.0892017810713669
"NOR","LUX",0.00902558711781035
"NOR","SRB",0
"NOR","SDN",0.985731509969378
"PAK","AFG",50.2000320741456
"PAK","ALB",0.00119860270073733
"PAK","DZA",0.00953645546848782
"PAK","AUS",0.0534624321949835
"PAK","AUT",0.000246702691802247
"PAK","BHR",0.0247773474740573
"PAK","BGD",6.12069183181299
"PAK","BWA",7.28860630114613e-05
"PAK","BRA",0
"PAK","BLZ",0.000116369194246343
"PAK","SLB",0.00174515080479017
"PAK","BRN",0.000212237947861693
"PAK","BGR",0.000690069321880815
"PAK","MMR",0.340432483916978
"PAK","BDI",6.98215165478059e-06
"PAK","CMR",0.00294278034580236
"PAK","CAN",0.0866013878502995
"PAK","CPV",0.00267316438094692
"PAK","LKA",4.12732941481868
"PAK","CHL",0.000724378308933424
"PAK","CHN",0.00817660881708475
"PAK","COM",0.0364439517942587
"PAK","COG",0.00333757256099624
"PAK","CYP",0.000310364630267972
"PAK","AZE",0.00900609261639083
"PAK","BEN",0.00482360843297672
"PAK","DNK",0.00301860554565802
"PAK","DOM",0.000794413699388369
"PAK","BLR",0.00366145105013172
"PAK","ECU",0.000770364065910792
"PAK","EGY",4.01176025864763
"PAK","SLV",0.000891388027926988
"PAK","GNQ",0.000919122685889033
"PAK","FJI",0.000733589137330844
"PAK","FIN",8.43009138517727e-05
"PAK","FRA",0.00910535537212573
"PAK","DJI",0.312949614499122
"PAK","GEO",0.000277540528277528
"PAK","GAB",0.00203928755367988
"PAK","GMB",0.00212427419992908
"PAK","DEU",0.00672309046144201
"PAK","BIH",0.00104164620215629
"PAK","GHA",0.00453896259140188
"PAK","GRC",0.00142652758841291
"PAK","GTM",0.00406710333890969
"PAK","GIN",0.00231243443402957
"PAK","GUY",0.00451756460035202
"PAK","HTI",0.00197158068095326
"PAK","HKG",0.0144179776841856
"PAK","HRV",0.000498060151374349
"PAK","IND",1.65272026712543
"PAK","IDN",6.28876066938472
"PAK","IRN",0.0628110587100849
"PAK","IRQ",1.99895368315293
"PAK","IRL",0.00332531290344449
"PAK","ITA",0.00382035668170168
"PAK","CIV",0.00488285139057656
"PAK","KAZ",0.22507189767391
"PAK","JAM",0.000698215165478059
"PAK","JPN",0.00504542451612109
"PAK","JOR",0.0195201185110473
"PAK","KGZ",0.000104732274821709
"PAK","KEN",4.62166135956192
"PAK","KHM",0.0026402246456108
"PAK","PRK",0.00255304411104744
"PAK","KOR",0.00953651420497137
"PAK","KWT",0.0927889734277002
"PAK","LAO",0.00186190710794149
"PAK","LBN",0.0054182998760576
"PAK","LBR",0.0017564766179543
"PAK","LBY",0.00293019155370031
"PAK","MDG",0.106494819966168
"PAK","MWI",0.00020840153148793
"PAK","MYS",1.54517035567324
"PAK","MDV",0.0037908826075913
"PAK","MLI",0.000599301350368667
"PAK","MRT",0.00385302046352051
"PAK","MUS",0.0430616627413156
"PAK","MEX",0.000675020482909971
"PAK","MAR",0.00178453696774659
"PAK","MOZ",0.0523188612430781
"PAK","NAM",0.00460283210385248
"PAK","NLD",0.138057307974309
"PAK","NZL",0.00595120474606362
"PAK","NER",0.000405399997841935
"PAK","NGA",0.00178741768347091
"PAK","NOR",0.00965388866471648
"PAK","PAN",0.00286651770149594
"PAK","CZE",0.00298460177329916
"PAK","PRY",0.000267649146766589
"PAK","PER",1.05331465794793
"PAK","PHL",0.503051264944726
"PAK","POL",7.5390838960788e-05
"PAK","PRT",0.00530051903518322
"PAK","GNB",0.000581845971231716
"PAK","ERI",0.0759439868380457
"PAK","QAT",0.646583602513632
"PAK","ZWE",0.0109886105599408
"PAK","ROU",6.59425434062611e-06
"PAK","RWA",0
"PAK","RUS",0.000432311556625165
"PAK","STP",0.000930953553970745
"PAK","SAU",0.248182034109001
"PAK","SEN",0.0120488983938082
"PAK","SYC",0.000414383131983147
"PAK","SLE",0.00244839312997179
"PAK","SVN",0.000468967852812763
"PAK","SGP",0.568539187508438
"PAK","SOM",0.243156268949956
"PAK","ZAF",0.332247656164114
"PAK","ESP",0.00154035390026646
"PAK","SUR",0.00448845443118247
"PAK","TJK",0.0207099290581718
"PAK","SWE",0.00230730803079414
"PAK","CHE",0.000475726096261812
"PAK","TKM",0.120355075672033
"PAK","TWN",0.188479681558275
"PAK","TZA",0.549665018147728
"PAK","THA",1.41739685836754
"PAK","TGO",0.00690844665989595
"PAK","TON",0.0026402246456108
"PAK","TTO",0.0011319781833946
"PAK","OMN",0.444021384259941
"PAK","TUN",0.00066369230451831
"PAK","TUR",0.00797893221437666
"PAK","ARE",3.62227545096444
"PAK","UGA",0.0216130405553307
"PAK","GBR",0.126632184537879
"PAK","UKR",0.000233791703150634
"PAK","USA",0.197322299788037
"PAK","URY",0.000643521644182277
"PAK","UZB",0.204765334517908
"PAK","VEN",0.00667348000181464
"PAK","VNM",2.22270409450394
"PAK","ETH",0.0508661101142887
"PAK","YEM",1.73869267449712
"PAK","COD",0.00137531874010637
"PAK","ZMB",0.000473622620582617
"PAK","BEL",0.00292323385818896
"PAK","MNE",0.449284333161029
"PAK","SDN",0.0283753216229676
"PAK","SSD",0.00798530299055292
"PAN","ATG",0.00884413562615404
"PAN","BHS",0.00336538026487575
"PAN","BHR",0.00384878510683252
"PAN","BRB",0.018553084520398
"PAN","BOL",0.00310863412474934
"PAN","BRA",0.00510704177637392
"PAN","BLZ",0.0816480406045227
"PAN","CAN",0.0843920149771237
"PAN","CHL",0.0567425016313132
"PAN","COL",0.513450298247258
"PAN","CRI",2.23801485981256
"PAN","CUB",1.02928377567926
"PAN","DNK",0.00191396224147362
"PAN","DMA",0.0831559628370449
"PAN","DOM",11.8435208360829
"PAN","ECU",0.02222194674622
"PAN","SLV",0.119534383606433
"PAN","FJI",0.00846560222190256
"PAN","DEU",0.000518105687458223
"PAN","GRD",0.0623281342595165
"PAN","GTM",0.130223189626086
"PAN","GUY",0.0598985134422327
"PAN","HTI",0.0622453336293257
"PAN","HND",0.0730721396573079
"PAN","ISR",75.7932341195133
"PAN","ITA",0.0204250915006921
"PAN","JAM",1.03975774115182
"PAN","MEX",0.0579920663742357
"PAN","NLD",0.029445572945748
"PAN","NIC",0.0355218536880905
"PAN","NGA",0.103059505310118
"PAN","PRY",0.0607170522302232
"PAN","PER",0.0211486609612254
"PAN","LCA",0.00214643784804121
"PAN","VCT",0.00473696628533233
"PAN","SVK",0.000222045294624953
"PAN","ESP",0.0407638153382309
"PAN","SUR",0.0962196276708129
"PAN","CHE",7.40150982083176e-05
"PAN","TTO",0.266982127334241
"PAN","UGA",0.000222045294624953
"PAN","USA",2.28835881017012
"PAN","URY",0.0274020341366794
"PAN","VEN",3.59811374944424
"CZE","ARM",0.00130481482429952
"CZE","AFG",1.27388310869103e-06
"CZE","ALB",0.00950474258343247
"CZE","DZA",1.95709715479926
"CZE","ARG",1.58764170728054e-06
"CZE","AUS",0.0935989044576746
"CZE","AUT",7.25549889275111
"CZE","BHR",0.000288008471000496
"CZE","BRA",1.27011336582443e-06
"CZE","BGR",0.0880246650826867
"CZE","MMR",0
"CZE","CMR",0.00134092653567245
"CZE","CAN",0.00054504779785459
"CZE","TCD",0.00137285335795037
"CZE","CHL",0.0159180780091214
"CZE","CHN",0.000730552737145688
"CZE","COL",0.00056165665751309
"CZE","COG",0.00162826793617369
"CZE","CRI",0
"CZE","CUB",0.291304650068789
"CZE","CYP",0.000521413263918585
"CZE","AZE",0.00190807833945364
"CZE","BEN",0.00230181234051289
"CZE","DNK",0.0606311727917959
"CZE","DOM",0.000102151042298084
"CZE","BLR",1.20322192598267
"CZE","EGY",0.000477667018429369
"CZE","EST",0.0636154761557948
"CZE","FIN",0.0261872981315138
"CZE","FRA",0.401215923460354
"CZE","GEO",0.000317988540066054
"CZE","GMB",0.000191560933667493
"CZE","DEU",60.3842933045303
"CZE","BIH",0.0439649807913103
"CZE","GHA",0.00144752471463224
"CZE","KIR",1.60504052051101e-05
"CZE","GRC",0.0261177938419978
"CZE","GIN",0.00066535497627176
"CZE","HTI",1.28403241640881e-06
"CZE","HKG",0.000252429100044005
"CZE","HUN",0.69087227410204
"CZE","HRV",0.156400720209445
"CZE","ISL",0.00216596554454406
"CZE","IND",0.774605826240066
"CZE","IDN",0.0166496885747795
"CZE","IRN",1.66866218089044e-05
"CZE","IRQ",0.00239747758853902
"CZE","IRL",0.0238304462258013
"CZE","ISR",0.027195390312932
"CZE","ITA",1.72097585926866
"CZE","KAZ",0.00362873334119701
"CZE","JPN",0.000215254953866808
"CZE","JOR",3.11832442884863
"CZE","KGZ",0.000555596302888652
"CZE","PRK",0
"CZE","KOR",0.00130305893440334
"CZE","KWT",0.000674483885019313
"CZE","LVA",0.0689783179728947
"CZE","LAO",0.000100050135600504
"CZE","LBN",0.00527640150772129
"CZE","LSO",1.28403241640881e-06
"CZE","LBY",0.000606304056623035
"CZE","LTU",0.12856707906829
"CZE","MYS",5.16655273334109e-05
"CZE","MDV",2.98070668660031e-06
"CZE","MLI",0.00148906699104198
"CZE","MLT",0.00200559869551898
"CZE","MUS",0.00773629530886308
"CZE","MEX",3.78789562840599e-05
"CZE","MNG",0.0133563890249469
"CZE","MAR",4.15170481305515e-05
"CZE","MDA",0.0118629468941272
"CZE","NAM",2.14005402734802e-05
"CZE","NPL",0
"CZE","NLD",0.563132541581518
"CZE","NCL",0
"CZE","MKD",0.00184332480718805
"CZE","NZL",0.000130318850977556
"CZE","NGA",0.193950127913037
"CZE","NOR",0.032731946367231
"CZE","PAK",0
"CZE","PRY",1.28403241640881e-05
"CZE","PER",9.63024312306607e-07
"CZE","PHL",0.000107617966900263
"CZE","POL",12.4325468703311
"CZE","PRT",0.0496293530673285
"CZE","QAT",0.000645226289245427
"CZE","ROU",0.343781718224048
"CZE","RWA",0
"CZE","RUS",0.11564530330909
"CZE","SAU",0.00596066321142782
"CZE","SEN",0.00379990080953501
"CZE","SYC",3.76955230817158e-05
"CZE","SVN",0.705835591096308
"CZE","SVK",4.94204126528846
"CZE","SGP",2.18256512767447e-05
"CZE","ZAF",0.000313220395300243
"CZE","ESP",0.200131386131393
"CZE","TJK",0.00087113204525954
"CZE","SWE",0.0398262506823603
"CZE","CHE",0.318695622220669
"CZE","SYR",0
"CZE","TKM",0
"CZE","TWN",0.000156553183077536
"CZE","THA",0.000277993018152507
"CZE","TGO",0
"CZE","OMN",2.27915753912564e-05
"CZE","TUN",1.39638525284458e-05
"CZE","TUR",0.0169647692491554
"CZE","ARE",0.00424788336473561
"CZE","GBR",0.550684405569083
"CZE","UKR",0.261963970148809
"CZE","USA",0.0106030657352144
"CZE","BFA",0.00460923270517025
"CZE","URY",6.42016208204405e-07
"CZE","UZB",0.000120741549957605
"CZE","VNM",0.000405367264980916
"CZE","ETH",0
"CZE","YEM",9.69444474388651e-05
"CZE","COD",0.00204331662578659
"CZE","BEL",0.446338248880216
"CZE","LUX",0.00399599695099976
"CZE","SRB",0.0113135910622439
"CZE","MNE",0.000192451317934562
"CZE","PSE",0.000501735666711742
"PNG","AUS",48.037991285503
"PNG","SLB",15.0293317474064
"PNG","FJI",31.9765587972688
"PNG","KIR",0.0411041100531263
"PNG","IDN",0.103899746006398
"PNG","IRL",0.0292243094597372
"PNG","KOR",0.00073060773649343
"PNG","MYS",1.65762817613089
"PNG","NLD",0.0076050523465346
"PNG","VUT",0.913259670616788
"PNG","NZL",2.17826043713617
"PNG","SGP",0.0182651934123358
"PNG","THA",0.00108997170444345
"PNG","TON",0.00505089521895594
"PRY","DZA",2.35400278535782
"PRY","ARG",0.417260913805079
"PRY","AUS",0.00120762569457844
"PRY","BOL",0.357607981317782
"PRY","BRA",36.217372212339
"PRY","CMR",1.35643086057169
"PRY","CAN",0.000438788802683341
"PRY","LKA",1.07360059602695
"PRY","CHL",0.435712714305366
"PRY","CHN",0.000137501935521307
"PRY","COL",6.935453311688
"PRY","COG",3.05876361568543
"PRY","BEN",0.000196577921251152
"PRY","ECU",0.178704073761391
"PRY","FRA",1.99278167422184e-06
"PRY","DEU",0.00106072034464124
"PRY","GHA",0.198414088647454
"PRY","ISR",0.00288455147343612
"PRY","ITA",5.97834502266553e-06
"PRY","CIV",0.423884643928652
"PRY","JPN",1.98198068953771e-06
"PRY","KEN",5.03674164031562
"PRY","LBN",0.541129332674875
"PRY","LBY",2.57198771820368
"PRY","MYS",1.72035386502886
"PRY","MLI",0.315658777393677
"PRY","MUS",0.0008210260497794
"PRY","MAR",4.00318461490661
"PRY","MOZ",0.901882221124791
"PRY","NLD",2.59737570272834
"PRY","NIC",7.572570362043e-05
"PRY","NGA",4.06577524105267
"PRY","PER",1.02714084672074
"PRY","ROU",1.13605593983984
"PRY","RWA",0.653864610315473
"PRY","SGP",0.23899878859807
"PRY","ESP",0.00231211329270428
"PRY","CHE",0.973462402526444
"PRY","SYR",0.336672633145884
"PRY","TWN",0.0282117777590046
"PRY","TZA",1.69892063404382
"PRY","TGO",0.00344011362189516
"PRY","OMN",0.0915960602596549
"PRY","TUR",4.62936144103355
"PRY","ARE",3.26129629980936
"PRY","UGA",1.46153020207343
"PRY","GBR",0.0530306746021377
"PRY","USA",0.00209449904740257
"PRY","BFA",0.184885855330582
"PRY","URY",1.56269907254402
"PRY","VEN",0.00707287720694468
"PRY","VNM",0.864111934833417
"PRY","YEM",5.94583891920941
"PRY","COD",1.03167750286019
"PRY","BEL",0.0343617126248545
"PER","ATG",0.0116181560115848
"PER","ARG",0.608178935443418
"PER","AUS",0.00246500571091804
"PER","AUT",0.00085418140569758
"PER","BHS",0.0312956103805127
"PER","BRB",0.0489154694507553
"PER","BOL",12.5604217693148
"PER","BRA",0.786141832540534
"PER","BLZ",0.0199693565746895
"PER","CAN",0.0112198486264658
"PER","CHL",23.9209520658363
"PER","CHN",0.00528127878772722
"PER","COL",11.7963921524848
"PER","CRI",0.848576645539969
"PER","CUB",0.377802825159382
"PER","CYP",2.49616957183618e-05
"PER","DNK",0.00203437820104649
"PER","DOM",1.94717114101133
"PER","ECU",13.3269300587241
"PER","SLV",0.996326617840731
"PER","GNQ",0.000740382939352119
"PER","FIN",0
"PER","FRA",0.00176157739825585
"PER","GAB",0.0561638153663141
"PER","DEU",0.000591267414418758
"PER","GRC",0.00371364737390342
"PER","GRD",0.0132917560908774
"PER","GTM",0.806869458802611
"PER","GIN",0
"PER","GUY",0.377610636569266
"PER","HTI",12.3871472059939
"PER","HND",0.800113424332973
"PER","HKG",4.37339791468846e-05
"PER","ISL",0.103591037231202
"PER","IND",0.000467113585203759
"PER","IRL",0
"PER","ISR",0.0991360206929109
"PER","ITA",0.0107895724012952
"PER","JAM",0.269935790251275
"PER","JPN",0.114757687673539
"PER","KEN",7.01298841207376
"PER","KOR",0.0046199337688311
"PER","KWT",0.000539601125290528
"PER","LVA",0
"PER","MYS",0
"PER","MLT",0.000873659350142664
"PER","MEX",0.611623821405207
"PER","NLD",0.0277770808282705
"PER","NCL",0
"PER","NZL",0.0148466543516524
"PER","NIC",2.1163448889695
"PER","NOR",0.000806715074908883
"PER","PAN",4.32950902864973
"PER","CZE",0.000329407663694799
"PER","PRY",0.0961138973098057
"PER","PHL",0
"PER","POL",0.00050755447960669
"PER","PRT",0.00251308843235374
"PER","KNA",0.0143151158994225
"PER","LCA",0.0156093917251355
"PER","VCT",0.00603851305790237
"PER","SAU",0
"PER","SVN",0.00376465901365484
"PER","SGP",0.000155181659093801
"PER","ESP",0.0886438863423553
"PER","SUR",0.15252518479005
"PER","SWE",0.00259290889565477
"PER","CHE",0.00106811383155509
"PER","TWN",3.76465901365484e-05
"PER","THA",0.00530520203220779
"PER","TTO",0.2217405073815
"PER","ARE",0.00067402529797548
"PER","GBR",0.000871170600445701
"PER","UKR",0
"PER","USA",1.74518950999567
"PER","URY",0.0335100465526029
"PER","VEN",0.953070576428312
"PER","ZMB",5.15897716686034e-05
"PER","BEL",0.0089962370798014
"PER","LUX",0
"PHL","AFG",0.0504199405197414
"PHL","ALB",0
"PHL","DZA",0.00710678952749036
"PHL","ARG",0
"PHL","AUS",1.37763673775892
"PHL","AUT",0.00501590289207393
"PHL","BHS",0.0161844728433434
"PHL","BHR",0.590129369109158
"PHL","BGD",0.00749445211730964
"PHL","BTN",0
"PHL","BRA",0.00709390323641603
"PHL","BLZ",0
"PHL","SLB",0.019408679247663
"PHL","BRN",0.302257507647205
"PHL","MMR",4.46483800137591
"PHL","BDI",0
"PHL","CAN",4.27641793401969
"PHL","LKA",0.003962534505355
"PHL","CHL",0.0832132246124551
"PHL","CHN",1.04447438967246
"PHL","COL",0.00227004903565313
"PHL","COM",0
"PHL","COG",0
"PHL","COK",0.00253443706962506
"PHL","CRI",0.0250511431428543
"PHL","CYP",0.0737249752768665
"PHL","BEN",0.443262640374639
"PHL","DNK",0.0094085983143759
"PHL","DMA",0.002377520703213
"PHL","EGY",0.00416066123062275
"PHL","FJI",0.0143987836939212
"PHL","FIN",0.0143019467960229
"PHL","FRA",0.0703440465326766
"PHL","PYF",0.0224878665538049
"PHL","DEU",0.0181884457408938
"PHL","BIH",0.00354695161820802
"PHL","GHA",0.0533243929149202
"PHL","KIR",0.0239771996447201
"PHL","GRC",0.0256385325057498
"PHL","GIN",0.105845675352114
"PHL","GUY",0.0168328465787481
"PHL","HND",0.00247340759509706
"PHL","HKG",4.72539569427373
"PHL","HUN",0
"PHL","ISL",0.000472926882427735
"PHL","IND",0.0120579924997953
"PHL","IDN",1.81060763987903
"PHL","IRN",0.0384445097709542
"PHL","IRQ",0.00910384248673391
"PHL","IRL",0.0189041836367471
"PHL","ISR",0.161555208617424
"PHL","ITA",0.835342525816227
"PHL","JAM",0.000792506901071001
"PHL","JPN",1.39655283194069
"PHL","JOR",0.072418656806232
"PHL","KEN",0.019020165625704
"PHL","KHM",0.0153263102892487
"PHL","PRK",0.0482534256738199
"PHL","KOR",3.00039662148176
"PHL","KWT",1.09734195394592
"PHL","LVA",0.000344740501965885
"PHL","LAO",0.0157550371932915
"PHL","LBN",0.149918217104432
"PHL","LBR",0.0389200139115968
"PHL","LBY",0
"PHL","MAC",0.156858217023585
"PHL","MYS",0.954469240340108
"PHL","MDV",0.0388179007934087
"PHL","MLI",0.00709390323641603
"PHL","MLT",0.0237011844944016
"PHL","MUS",0.0240723971200316
"PHL","MEX",0.0123515099947407
"PHL","MNG",0.0317737279019637
"PHL","MOZ",0.00472926882427735
"PHL","NPL",0.00689481003931771
"PHL","NLD",0.77200669805617
"PHL","NCL",0.00860353223577323
"PHL","VUT",0.0339750849522587
"PHL","NZL",0.535503177548359
"PHL","NER",0.014265124219278
"PHL","NGA",0.0145979771177278
"PHL","NOR",1.02150783254968
"PHL","PAK",0.0394380696592245
"PHL","PAN",0.0060081848898126
"PHL","PNG",0.205940527012438
"PHL","PER",0.00118231720606934
"PHL","PRT",0.0547617901619197
"PHL","TLS",0.0407514651442442
"PHL","QAT",1.73672297062346
"PHL","ROU",0
"PHL","RUS",0.00620492956036263
"PHL","KNA",0
"PHL","SAU",3.66180860369084
"PHL","SYC",0.0171688351413593
"PHL","SLE",0.011887603516065
"PHL","SGP",5.26989294653849
"PHL","SOM",0.0154403754424083
"PHL","ZAF",0.0301002298865332
"PHL","ESP",0.0906658880497853
"PHL","SUR",0.00973356975895403
"PHL","SWE",0.031247376604457
"PHL","CHE",0.0814492263636198
"PHL","TWN",3.28097459618463
"PHL","TZA",0.0251779442470257
"PHL","THA",26.6585615338941
"PHL","TGO",2.15201060941231e-05
"PHL","TON",0.0123745845096957
"PHL","TTO",0.0422580529789079
"PHL","OMN",0.182966261544628
"PHL","TUR",0.200202126876726
"PHL","ARE",6.68018879997207
"PHL","UGA",0.002377520703213
"PHL","TUV",0.010848291925193
"PHL","GBR",0.741090962843555
"PHL","USA",13.1191996505667
"PHL","URY",0.0343076237473636
"PHL","VNM",6.29628353658709
"PHL","YEM",0.0231237866093356
"PHL","COD",0.002377520703213
"PHL","BEL",0.289873867507975
"POL","ARM",0.00542887784991186
"POL","AFG",0.00229499164729714
"POL","ALB",0.00192785272377903
"POL","DZA",7.31743399692358
"POL","ATG",0
"POL","ARG",0.00232440993877242
"POL","AUS",0.041296625954249
"POL","AUT",0.200456089554678
"POL","BHS",0.000345892521246681
"POL","BHR",0.0513095363403146
"POL","BRB",6.83862685594453e-05
"POL","BGD",0.368574064150349
"POL","BWA",1.78525172256352e-06
"POL","BRA",0.908228478315097
"POL","BLZ",0.00201609620025628
"POL","BRN",0.00018254198863212
"POL","BGR",0.153177213296852
"POL","MMR",0.000161565280891998
"POL","BDI",0.0807959451675088
"POL","CMR",0.00126891229310508
"POL","CAN",0.0364785617444481
"POL","CPV",1.3593192062351e-05
"POL","CAF",0.00110973472591601
"POL","LKA",0.000193093842309385
"POL","TCD",0
"POL","CHL",0.00382096047327313
"POL","CHN",0.00828598239647534
"POL","COL",0.00859862004853009
"POL","COG",0.357303566020075
"POL","COK",8.92625861281759e-06
"POL","CRI",0.000493109567130658
"POL","CUB",2.38476624155216
"POL","CYP",0.00544526046419293
"POL","AZE",0.0203119926798385
"POL","BEN",0.002829762211136
"POL","DNK",0.566156953997202
"POL","DOM",0.000521377564638085
"POL","BLR",0.120799110162204
"POL","ECU",6.72816742941126e-05
"POL","EGY",4.44249740491988
"POL","SLV",0.000336519949703223
"POL","GNQ",0.0136922517615908
"POL","EST",0.100012452190187
"POL","FRO",0.00835307754260562
"POL","FIN",0.10483854684959
"POL","FRA",0.648743484237521
"POL","PYF",8.36836744951649e-05
"POL","DJI",0.000272250887690936
"POL","GEO",0.0069655513457149
"POL","GAB",0.00278321469259735
"POL","GMB",0.159655420226554
"POL","DEU",22.6946668972379
"POL","BIH",0.0124748231164593
"POL","GHA",0.0397452963669652
"POL","GRC",0.237823954378206
"POL","GRD",0
"POL","GTM",0.00250269975856873
"POL","GIN",0.524300748427937
"POL","HTI",1.08459736163366
"POL","HND",0.00054784912236168
"POL","HKG",0.00470673573344959
"POL","HUN",0.777349286443008
"POL","HRV",0.156781206626694
"POL","ISL",0.0590230581258871
"POL","IND",0.00396877242163661
"POL","IDN",0.316735723158195
"POL","IRN",0.15977478426323
"POL","IRQ",0.0121709702926758
"POL","IRL",0.492237722370832
"POL","ISR",0.0834691775604689
"POL","ITA",0.68837056956498
"POL","CIV",0.000211552329123777
"POL","KAZ",0.0229295745905147
"POL","JAM",0
"POL","JPN",0.0142152324178529
"POL","JOR",0.243040901386386
"POL","KGZ",0.000827153876514801
"POL","KEN",2.95845794595858
"POL","PRK",0.000111911153077995
"POL","KOR",0.0172596856580543
"POL","KWT",0.0234322340534804
"POL","LVA",0.183412120471447
"POL","LBN",0.0107814055667061
"POL","LSO",0.161591890335018
"POL","LBR",6.17871266906739e-05
"POL","LBY",0.174267352811247
"POL","LTU",1.0803190336995
"POL","MAC",8.21215792379218e-05
"POL","MDG",0.000357050344512703
"POL","MWI",0.0969566219107793
"POL","MYS",0.141376289268189
"POL","MDV",0.00033335353594031
"POL","MLI",0.000110974682111738
"POL","MLT",0.0096589836202341
"POL","MRT",0.551470976118624
"POL","MUS",0.00302627502129618
"POL","MEX",0.00381753765223676
"POL","MNG",0.00511019361854348
"POL","MAR",3.26153352371301
"POL","MOZ",3.94788960309873
"POL","MDA",0.0145210230443136
"POL","NAM",0.532114419258422
"POL","NPL",0.000259826092081157
"POL","NLD",1.08007553765557
"POL","NCL",0.000312062001104103
"POL","MKD",0.00658703784501682
"POL","NZL",0.00126682143833279
"POL","NIC",4.46312930640879e-06
"POL","NER",0.000336380451714062
"POL","NGA",2.68460734784127
"POL","NOR",1.21337686463875
"POL","PAK",0.000703177915839388
"POL","PAN",0.000495172202138028
"POL","CZE",1.91342643405246
"POL","PNG",0.0634275585354721
"POL","PRY",0.000159277927122464
"POL","PER",0.000757075745848237
"POL","PHL",0.00470853279815216
"POL","PRT",0.586245902985074
"POL","GNB",9.55109671571482e-05
"POL","QAT",0.00616653569069462
"POL","ZWE",0.833152233347906
"POL","ROU",0.520345389296642
"POL","RWA",0.126580314095764
"POL","RUS",0.736960977176399
"POL","LCA",0.00299214135508987
"POL","VCT",0
"POL","STP",1.32079598986407e-06
"POL","SAU",14.3231293252765
"POL","SEN",0.121096923912418
"POL","SYC",0.000707600727807889
"POL","SLE",1.50524781079288e-05
"POL","SVN",0.0722282979865277
"POL","SVK",0.846434954377383
"POL","SGP",0.0029672800362682
"POL","SOM",0.000227619594626848
"POL","ZAF",3.3644564299083
"POL","ESP",3.08581848190325
"POL","SUR",0.000118910516520749
"POL","TJK",0.00410595360377329
"POL","SWE",0.550546844427224
"POL","CHE",0.0577019518653097
"POL","SYR",0.000270579633241308
"POL","TKM",0.00816813838873465
"POL","TWN",0.00219177244862271
"POL","TZA",1.78380189728366
"POL","THA",0.000447508178440498
"POL","TGO",0.00229838020867562
"POL","TTO",0.00480167641186203
"POL","OMN",0.101039375948784
"POL","TUN",0.175996625415306
"POL","TUR",0.673352851117124
"POL","ARE",0.172439383693248
"POL","UGA",0.786191884527802
"POL","GBR",2.05953371405098
"POL","UKR",0.297407564266119
"POL","USA",0.178854123029036
"POL","BFA",0.000619805894366252
"POL","URY",0.131195675182687
"POL","UZB",0.00316397751813125
"POL","VEN",0.00046828483154992
"POL","VNM",0.00332131867563918
"POL","ETH",0.0424252220715762
"POL","YEM",0.161008092805474
"POL","COD",0.221279259224683
"POL","ZMB",3.12419051448616e-05
"POL","BEL",0.730193834086571
"POL","LUX",0.0474369772032516
"POL","SRB",0.0468778339956316
"POL","MNE",0.00255619018187802
"POL","SDN",0.914653954595701
"POL","PSE",0.00190768093834994
"PRT","ARM",0.00883830990564555
"PRT","AFG",0
"PRT","ALB",0.00370721788974766
"PRT","DZA",0.0273774511836103
"PRT","ATG",0.00182808594574783
"PRT","ARG",0.00696398645936832
"PRT","AUS",0.16075588918572
"PRT","AUT",0.102207911052484
"PRT","BHS",0.0262902433375689
"PRT","BHR",0.00079276659715333
"PRT","BOL",0.00271173216478277
"PRT","BWA",0.0268740216365275
"PRT","BRA",0.199600856901634
"PRT","BRN",0.00279502108127253
"PRT","BGR",0.0141272233327706
"PRT","MMR",0.00316691577815702
"PRT","CMR",0.0131519587402994
"PRT","CAN",0.411542823778046
"PRT","CPV",1.77233344871589
"PRT","CAF",9.6742593490024e-06
"PRT","TCD",0.00693523139007161
"PRT","CHL",0.122155582483046
"PRT","CHN",0.0940226688375746
"PRT","COL",0.02607357472279
"PRT","COM",0.00383580183835
"PRT","COG",0.00564853867188155
"PRT","CRI",0.00550234249386456
"PRT","CUB",0.0539275887696865
"PRT","CYP",0.0806284846703984
"PRT","AZE",0.0224189385946574
"PRT","BEN",0.00218716474236071
"PRT","DNK",0.101710727228862
"PRT","DMA",0.00705806246373773
"PRT","DOM",0.0672385908307867
"PRT","BLR",0.000871628195823033
"PRT","ECU",0.0200812810408687
"PRT","EGY",0.00466867828405354
"PRT","SLV",0.00244036367839251
"PRT","GNQ",0.0513441488753207
"PRT","EST",0.0370425268300296
"PRT","FIN",0.0754444080345051
"PRT","FRA",4.82941826835516
"PRT","PYF",0.00957042359845617
"PRT","DJI",0.000402675953977576
"PRT","GEO",0.021203808577055
"PRT","GAB",0.0174261960950101
"PRT","GMB",0.0238366719723979
"PRT","DEU",1.72430206668629
"PRT","GHA",0.0167751369950066
"PRT","GRC",0.144393466661417
"PRT","GRD",0.00639194010270224
"PRT","GTM",0.00609139241236774
"PRT","GIN",0.0217460518634048
"PRT","GUY",0.0106100851529851
"PRT","HTI",0.00482978868063274
"PRT","HND",0.00163672405660103
"PRT","HKG",0.112616939776007
"PRT","HUN",0.0213765090666295
"PRT","HRV",0.016845878373155
"PRT","ISL",5.81085463882022e-06
"PRT","IND",0.0113443254604256
"PRT","IDN",0.000292660780583074
"PRT","IRN",0.00560166387182269
"PRT","IRQ",0.00965546133922965
"PRT","IRL",0.551795251235656
"PRT","ISR",0.169239545840119
"PRT","ITA",0.929419251086163
"PRT","CIV",0.0118237132457605
"PRT","KAZ",0.00145271365970505
"PRT","JPN",0.28672192608747
"PRT","JOR",0.0117142105246552
"PRT","KEN",0.0155095395242322
"PRT","KHM",0.00280444600404037
"PRT","KOR",0.127284970667055
"PRT","KWT",0.00560217352056657
"PRT","LVA",0.00444951889921686
"PRT","LBN",0.0066847819803811
"PRT","LBR",0.00437640366512288
"PRT","LBY",0.0440461268105782
"PRT","LTU",0.00507737301616105
"PRT","MAC",0.0261781685724342
"PRT","MDG",0.011945490413067
"PRT","MWI",0.00290070304734603
"PRT","MYS",0.00640995375208258
"PRT","MDV",0.00416413087301688
"PRT","MLI",0.024373822127894
"PRT","MLT",0.0148860650418303
"PRT","MRT",0.0164409291890268
"PRT","MUS",0.017566378206877
"PRT","MEX",0.030034688252582
"PRT","MNG",0.00767032812324269
"PRT","MAR",0.131127752528577
"PRT","MOZ",0.258431020100051
"PRT","MDA",0.0113560831439441
"PRT","NAM",0.0078452757915624
"PRT","NPL",0.00290542731941011
"PRT","NLD",0.842863606402316
"PRT","NCL",0.00290542731941011
"PRT","NZL",0.0099912803135648
"PRT","NIC",0.000464868371105617
"PRT","NER",0.00309912247403745
"PRT","NGA",0.00716675109153202
"PRT","NOR",0.0061759864686651
"PRT","PAK",0.00215725616330169
"PRT","PAN",0.00886809715680838
"PRT","CZE",0.0163095905519107
"PRT","PRY",0.00642680523053516
"PRT","PER",0.040483872095652
"PRT","PHL",0.0114360847544559
"PRT","POL",0.693102936003826
"PRT","GNB",0.713405916566108
"PRT","TLS",0.0156329312115166
"PRT","QAT",0.00229165579818472
"PRT","ZWE",0.000581085463882022
"PRT","ROU",0.0743103924389023
"PRT","RWA",0.000867754292730486
"PRT","RUS",0.0755920622946728
"PRT","STP",3.07491108291559
"PRT","SAU",0.0336318947362972
"PRT","SEN",0.014648344013002
"PRT","SYC",0.00350933889114842
"PRT","SLE",0.00347519421480527
"PRT","SVN",0.0287894649500058
"PRT","SVK",0.0116616967412021
"PRT","SGP",0.0178048113589926
"PRT","SOM",0.0265850536619412
"PRT","ZAF",0.623159824442542
"PRT","ESP",60.8386438392404
"PRT","SUR",0.0115064543616077
"PRT","SWE",0.0323695263907982
"PRT","CHE",0.326872222343269
"PRT","SYR",0.0049730837261231
"PRT","TWN",0.00788983476226527
"PRT","TZA",0.00238128823098853
"PRT","THA",0.010269523403187
"PRT","TGO",0.0133593842792908
"PRT","TTO",0.0101212615729999
"PRT","OMN",0.0132692261485115
"PRT","TUN",0.00123829994748113
"PRT","TUR",0.00237802795834519
"PRT","ARE",0.0402629127911485
"PRT","UGA",0.00530626038884686
"PRT","GBR",2.98565899696087
"PRT","UKR",0.0323640501306563
"PRT","USA",0.891287743653165
"PRT","BFA",0.0123479448511767
"PRT","URY",0.0156186334645742
"PRT","VEN",0.532264207453085
"PRT","VNM",0.00980394481651439
"PRT","ETH",0.0294085463561866
"PRT","COD",0.0105072957298527
"PRT","ZMB",0.00348651278329213
"PRT","BEL",0.70206049202416
"PRT","LUX",0.452607636746223
"PRT","SRB",0.00191379631412999
"PRT","SDN",0.000800445226497485
"PRT","PSE",0.0055528526928566
"QAT","AFG",1.28235835677326
"QAT","AUS",0.0363992487422565
"QAT","BHR",2.84463678982965
"QAT","BGD",0.136903028065605
"QAT","LKA",0.0149930238866914
"QAT","DNK",0.025999463387326
"QAT","EGY",0.0720185135828931
"QAT","FRA",0.0139002009134192
"QAT","DEU",0.0265145205075465
"QAT","GRC",0.311336880434444
"QAT","GIN",0.124121015455592
"QAT","IND",1.28479290002175
"QAT","IDN",0.129292724432909
"QAT","IRN",0.65008953347675
"QAT","IRQ",1.8465960337535
"QAT","ITA",0.407272081963662
"QAT","JOR",1.5463114919885
"QAT","KOR",0.059418990431344
"QAT","KWT",1.10992606381616
"QAT","LBN",0.1889667773506
"QAT","LBY",0.12999731693663
"QAT","MYS",0.197249262231847
"QAT","MLT",0.181996243711282
"QAT","MRT",0.0439700951947448
"QAT","PAK",0.0519989267746521
"QAT","PHL",0.0166991946344531
"QAT","SAU",72.2417768231179
"QAT","SGP",0.189284548569778
"QAT","SOM",0.310302538638981
"QAT","ESP",0.037959216545496
"QAT","SWE",0.00256471671354653
"QAT","SYR",0.0953313657535288
"QAT","OMN",0.373822609738236
"QAT","TUR",1.24910358694303
"QAT","ARE",10.5193670835088
"QAT","GBR",0.047304931514859
"QAT","USA",0.00130666679815166
"QAT","VNM",0.15515126931949
"QAT","BEL",0.212557238967702
"QAT","SDN",1.80440926218567
"ZWE","ARG",53.616465924792
"ZWE","AUS",0.000775529691843659
"ZWE","BWA",5.7293721616147
"ZWE","CHN",0.418786033595576
"ZWE","COG",0.193882422960915
"ZWE","FRA",0
"ZWE","KEN",0.186127126042478
"ZWE","MWI",1.47884628021043
"ZWE","MYS",0
"ZWE","MUS",0.193882422960915
"ZWE","MAR",0
"ZWE","MOZ",2.21527368917978
"ZWE","NAM",0.103998531676235
"ZWE","NGA",0
"ZWE","SGP",0
"ZWE","ZAF",13.9350245994528
"ZWE","SWZ",1.13227335009174
"ZWE","CHE",0.0175954866669786
"ZWE","TZA",5.55405361748978
"ZWE","THA",0
"ZWE","TUR",0.000775529691843659
"ZWE","UGA",0.0673159772520296
"ZWE","GBR",0.0528647035308215
"ZWE","COD",2.91596736662229
"ZWE","ZMB",11.9307944481684
"ROU","ARM",0.0223868689209742
"ROU","ALB",0.08915351714703
"ROU","DZA",0.256831116783688
"ROU","ATG",1.6436522988791e-05
"ROU","ARG",0.00127092631805249
"ROU","AUS",0.00645059706592219
"ROU","AUT",0.281231728123464
"ROU","BHS",8.78034459840588e-06
"ROU","BHR",0.102658314722442
"ROU","BGD",1.96458313764373
"ROU","BOL",0.000182425940315265
"ROU","BRA",0.000895844454404109
"ROU","BLZ",1.44105789526715e-05
"ROU","BGR",0.224755090157941
"ROU","MMR",0.109077070685591
"ROU","CMR",0.00329226954763552
"ROU","CAN",0.0393751155499712
"ROU","CPV",0.00279532320082261
"ROU","LKA",2.29622203003035
"ROU","CHL",0.000260681227516357
"ROU","CHN",0.00344729957861878
"ROU","COL",0.000152825247665924
"ROU","COM",0.000140485513574494
"ROU","COG",0.25512000959633
"ROU","CRI",0.000183030338333003
"ROU","CYP",0.278294426161099
"ROU","AZE",0.000968926189278174
"ROU","BEN",0.00275649926747785
"ROU","DNK",0.0363467806084448
"ROU","DMA",0
"ROU","BLR",0.00266627108290408
"ROU","EGY",15.4466164450393
"ROU","SLV",0.000150636861377663
"ROU","EST",0.00178027788632331
"ROU","FIN",0.000624894304074298
"ROU","FRA",0.642894238049479
"ROU","DJI",2.18956510347517
"ROU","GEO",0.0417895734001415
"ROU","GAB",0.00102236357807864
"ROU","GMB",0.00232874082710285
"ROU","DEU",1.21919498787417
"ROU","BIH",0.0213687024130681
"ROU","GHA",0.00520170181963552
"ROU","GRC",1.47251226361116
"ROU","GTM",0.000234213047480369
"ROU","GIN",0.000681575718719094
"ROU","GUY",0.00080236128912501
"ROU","HND",6.41776191530068e-05
"ROU","HKG",0.000337866954898096
"ROU","HUN",0.359841974715663
"ROU","HRV",0.0156889953462864
"ROU","ISL",0.00014729398319321
"ROU","IND",0.142121969575816
"ROU","IDN",0.939687122420442
"ROU","IRN",0.249963685681726
"ROU","IRQ",0.891702156786752
"ROU","IRL",0.150691038980507
"ROU","ISR",2.72785724369036
"ROU","ITA",4.4164220820728
"ROU","CIV",0.125488237637746
"ROU","KAZ",0.000343971163302678
"ROU","JPN",0.302840221214133
"ROU","JOR",6.41857061664005
"ROU","KEN",0.808964446782321
"ROU","KHM",0.0105265090072806
"ROU","PRK",0.000214642399881512
"ROU","KOR",3.10140169649509
"ROU","KWT",0.0647022210464099
"ROU","LVA",0.00309534810468656
"ROU","LBN",0.911786783759452
"ROU","LBR",0.022287573757517
"ROU","LBY",2.85315875887678
"ROU","LTU",0.00296011567910506
"ROU","MDG",0.0207789701102972
"ROU","MYS",0.493163532459659
"ROU","MDV",0.000163428659797413
"ROU","MLI",0.00631028203443345
"ROU","MLT",0.0314632625328281
"ROU","MRT",0.291185736149929
"ROU","MUS",0.000130118359711316
"ROU","MEX",0.00620252537063053
"ROU","MNG",0.000383198569349826
"ROU","MAR",1.74025582922776
"ROU","MOZ",0.00446906610501887
"ROU","MDA",0.0867468949049098
"ROU","NAM",0.00180315601534545
"ROU","NLD",1.14081421170964
"ROU","MKD",0.0142336490144008
"ROU","NZL",0.000779802785467871
"ROU","NER",0.00142354422264115
"ROU","NGA",0.393561228279236
"ROU","NOR",0.00091337744300462
"ROU","PAK",2.65737720292557
"ROU","PAN",9.25442835405385e-05
"ROU","CZE",0.0912353334933672
"ROU","PER",0
"ROU","PHL",3.68459061574466
"ROU","POL",0.0826785281336809
"ROU","PRT",0.479503666567601
"ROU","GNB",0.000672948177975814
"ROU","ERI",0.235553019748399
"ROU","QAT",0.330225868905301
"ROU","RUS",0.00310410637500498
"ROU","VCT",1.57623053634033e-05
"ROU","STP",0.00279532320082261
"ROU","SAU",0.205636062656944
"ROU","SEN",0.03701817217061
"ROU","SYC",6.40182329779675e-05
"ROU","SLE",0.000655845900344381
"ROU","SVN",0.00395778830142531
"ROU","SVK",0.0433541387085266
"ROU","SGP",0.00015879644619169
"ROU","SOM",0.531159641515957
"ROU","ZAF",0.414878872284159
"ROU","ESP",7.33069470478373
"ROU","SUR",0.000135973685898325
"ROU","TJK",4.68426094960738e-05
"ROU","SWE",0.00876777404653504
"ROU","CHE",0.0337387316835731
"ROU","SYR",2.25637886005305
"ROU","TWN",0.000144745819388472
"ROU","TZA",0.283084522152106
"ROU","THA",2.08320281597772
"ROU","TGO",0.00043456005900769
"ROU","TTO",0.000755376689585095
"ROU","OMN",0.366737039892602
"ROU","TUN",1.74211526868599
"ROU","TUR",1.76719326452861
"ROU","ARE",0.756523089021177
"ROU","UGA",0.213175482872301
"ROU","GBR",0.666727958231343
"ROU","UKR",0.0131279814879186
"ROU","USA",0.0254103629410268
"ROU","BFA",0.00926960232539454
"ROU","URY",0.000352690133644965
"ROU","UZB",0.000321999567498937
"ROU","VEN",0.000233331134153437
"ROU","VNM",4.30675393417199
"ROU","ETH",4.43042937790672
"ROU","YEM",0.940100332536745
"ROU","COD",0.378431444632705
"ROU","BEL",0.298767831801277
"ROU","LUX",0.00112637139204754
"ROU","SRB",0.037829240052965
"ROU","MNE",0.00291668741088212
"ROU","SDN",6.69994807725922
"ROU","PSE",0.00066404603695073
"RWA","AUS",0.00562070377992389
"RWA","BDI",0.476939337515107
"RWA","CAN",0.00365345745695053
"RWA","COG",0.0185467011168892
"RWA","EGY",0.0196724632297336
"RWA","FRA",0.0281035188996194
"RWA","KEN",0.864754125705103
"RWA","MYS",0.00562070377992389
"RWA","ZAF",0
"RWA","TZA",8.32952984523076
"RWA","ARE",0.619877424785903
"RWA","UGA",6.53693044638413
"RWA","GBR",0.0239723016213754
"RWA","USA",0.0551174396651104
"RWA","ETH",0.000427343343707125
"RWA","COD",82.842079107229
"RWA","BEL",0.000533966859092769
"RWA","SSD",0.168621113397717
"RUS","ARM",0.818653462705772
"RUS","AFG",0.0886841516433238
"RUS","ALB",0.723673118645002
"RUS","DZA",0.945731765842604
"RUS","AUS",8.31834324837027e-05
"RUS","AUT",0.0824966308272401
"RUS","BHS",0.00266487942939549
"RUS","BHR",0.00678120526942358
"RUS","BGD",4.22706318026429
"RUS","BRA",0.260923713454297
"RUS","BLZ",0.00612581126175554
"RUS","BGR",0.0161686481061636
"RUS","MMR",0.0223736471212758
"RUS","BDI",0.133189824743718
"RUS","CMR",1.03083639564921
"RUS","CAN",0.00129674593532984
"RUS","CPV",0.0489233440026615
"RUS","CAF",5.12293227882151e-05
"RUS","LKA",0.729707797297646
"RUS","TCD",0.00326871607807293
"RUS","CHL",7.9057526058079e-05
"RUS","CHN",0.198770340748407
"RUS","COL",0.10797085636099
"RUS","COG",0.28877319287936
"RUS","CUB",0.0260104551252316
"RUS","CYP",0.150337311590176
"RUS","AZE",3.06858096371008
"RUS","BEN",0.0511814583446152
"RUS","DNK",0.0685855518027601
"RUS","DOM",0.0416539275044095
"RUS","BLR",0.726658417283105
"RUS","ECU",0.150294703985084
"RUS","EGY",17.7312037990044
"RUS","GNQ",0.00010728942051017
"RUS","EST",0.0335896679929859
"RUS","FIN",0.0711179455920433
"RUS","FRA",0.0153639027758066
"RUS","DJI",0.412057650771705
"RUS","GEO",1.98738905040428
"RUS","GAB",0.0657898661068107
"RUS","GMB",0.0850468754277358
"RUS","DEU",0.0457668130387264
"RUS","BIH",0.15478038164625
"RUS","GHA",0.750903836682606
"RUS","KIR",2.05368397970929
"RUS","GRC",0.983144788772918
"RUS","GIN",0.167565005275734
"RUS","HTI",0.148131601662771
"RUS","HKG",0.0264629112980111
"RUS","HUN",0.0139275647448421
"RUS","HRV",0.0199466059469802
"RUS","ISL",0.00281859635760697
"RUS","IND",1.42927132885753
"RUS","IDN",1.16733939093741
"RUS","IRN",1.96555062810106
"RUS","IRQ",0.538101656944182
"RUS","IRL",0.0698304081030259
"RUS","ISR",1.82661838708928
"RUS","ITA",1.33593400922381
"RUS","CIV",0.345061995614464
"RUS","KAZ",0.709396052078417
"RUS","JPN",0.0629320540610268
"RUS","JOR",1.00605199292627
"RUS","KGZ",0.14152078159089
"RUS","KEN",1.71686285372196
"RUS","KHM",3.22747602477e-05
"RUS","PRK",0.0768741349111621
"RUS","KOR",0.279387670501726
"RUS","KWT",0.00911224739634376
"RUS","LVA",0.93011420215451
"RUS","LAO",0.00870781573808093
"RUS","LBN",1.33580263412461
"RUS","LSO",0.00224306415146596
"RUS","LBR",0.0375205301359712
"RUS","LBY",1.28364945758602
"RUS","LTU",0.148537789854717
"RUS","MAC",2.80485199333731e-06
"RUS","MDG",0.1580213495449
"RUS","MWI",0.22123793641
"RUS","MYS",0.167089738781546
"RUS","MDV",3.67377839900759e-06
"RUS","MLI",0.360015087741853
"RUS","MLT",0.0308984777802125
"RUS","MRT",0.24551023488785
"RUS","MUS",0.000454693350125182
"RUS","MEX",1.18611478143326
"RUS","MNG",0.506749862412575
"RUS","MAR",1.10347283459029
"RUS","MOZ",0.729319149288645
"RUS","MDA",0.0571293143496429
"RUS","NAM",0.151447398882157
"RUS","NPL",9.50992987322052e-05
"RUS","NLD",0.0568448992383273
"RUS","NZL",1.02878796973172e-05
"RUS","NIC",0.360798056914138
"RUS","NER",0.00962591772782333
"RUS","NGA",2.80401822027315
"RUS","NOR",0.0890690377639217
"RUS","PAK",1.76206951959571
"RUS","PAN",1.38424967542838e-05
"RUS","CZE",0.0001609747605745
"RUS","PNG",2.48940275696552e-06
"RUS","PER",0.554565484360039
"RUS","PHL",0.886772636467299
"RUS","POL",0.0161877379067723
"RUS","PRT",0.100709424802534
"RUS","ERI",0.163490196408499
"RUS","QAT",0.20696359914866
"RUS","ZWE",0.0508594210050887
"RUS","ROU",0.253361640795318
"RUS","RWA",0.18417864903849
"RUS","KNA",3.85796512090905e-07
"RUS","SAU",0.39968146639816
"RUS","SEN",0.787848754885524
"RUS","SYC",6.42530445000586e-05
"RUS","SLE",0.0141565416651514
"RUS","SVN",3.33789308253863e-07
"RUS","SVK",0.000213115376062213
"RUS","SGP",0.00143651047442603
"RUS","SOM",0.0492221579095828
"RUS","ZAF",1.87642853223872
"RUS","ESP",0.509148132802837
"RUS","TJK",0.100315408163043
"RUS","SWE",0.0293501498512816
"RUS","CHE",0.18246085005924
"RUS","SYR",0.864110436436403
"RUS","TKM",0.0441673313834905
"RUS","TWN",0.00313737230969441
"RUS","TZA",1.51420851424672
"RUS","THA",0.263321767971875
"RUS","TGO",0.23186414916838
"RUS","TON",0.000162126235437591
"RUS","TTO",0.00010728942051017
"RUS","OMN",0.75767185195599
"RUS","TUN",0.810382538887154
"RUS","TUR",10.9663104828606
"RUS","ARE",1.34470057704408
"RUS","UGA",0.446783550307637
"RUS","GBR",0.0104712882387401
"RUS","UKR",0.509989250361669
"RUS","USA",0.00938292529225693
"RUS","BFA",0.227452030042186
"RUS","UZB",0.0742995496697566
"RUS","VEN",0.668520046948818
"RUS","VNM",1.11391060863072
"RUS","ETH",0.375251500891587
"RUS","YEM",3.03586183450553
"RUS","COD",0.411851321997845
"RUS","ZMB",0.0546927143626326
"RUS","BEL",0.0352082015122444
"RUS","LUX",3.75119970245265e-06
"RUS","SRB",0.00727653488602688
"RUS","MNE",0.00532131703287075
"RUS","SDN",4.04049331079696
"RUS","SSD",0.00369004080274645
"RUS","PSE",0.00961457952858439
"KNA","ATG",0.00535404349173475
"KNA","CAN",5.38322084046355e-05
"KNA","DMA",0.137533268702943
"KNA","FIN",5.35404349173475e-05
"KNA","FRA",0
"KNA","DEU",0.000215328833618542
"KNA","GRD",0.00267702174586738
"KNA","HND",0
"KNA","NLD",5.38322084046355e-05
"KNA","LCA",0.0374783044421433
"KNA","VCT",0.00443981989823236
"KNA","GBR",0.0127231476300522
"KNA","USA",0.00149262032394671
"KNA","VEN",99.7979252400797
"LCA","ATG",2.01856254620721
"LCA","BHS",0
"LCA","BRB",43.987459181068
"LCA","BGD",2.32452805263701
"LCA","BRA",0.692502453464976
"LCA","CAN",0.0314347319662286
"LCA","DMA",21.3511159694902
"LCA","FRA",0.0420185403533655
"LCA","GRD",9.37769034043328
"LCA","GUY",1.94743794632034
"LCA","HTI",7.74656890871162
"LCA","JAM",0.00086562806683122
"LCA","KOR",0
"LCA","MEX",0.888134396568832
"LCA","NGA",0
"LCA","KNA",1.03932372794879
"LCA","VCT",7.87968827374544
"LCA","SUR",0.0307403528123477
"LCA","TTO",0.117170852116149
"LCA","GBR",0.108536622677724
"LCA","USA",0.416221475411622
"VCT","ATG",21.2083146951966
"VCT","BRB",11.6458790968186
"VCT","CMR",0
"VCT","CAN",0
"VCT","CUB",1.95181816610805
"VCT","DMA",12.793578383199
"VCT","GRD",6.32169999627979
"VCT","GUY",0.0176732456901583
"VCT","HTI",0.1816720242612
"VCT","JAM",0.00825781928459998
"VCT","KNA",8.79199675688832
"VCT","LCA",35.5429678721051
"VCT","SUR",1.25024291421512
"VCT","TTO",0.285214793626505
"VCT","GBR",0.000198817208119267
"VCT","USA",0.00048541911877084
"STP","GNQ",99.9417249417249
"STP","ITA",0.0582750582750583
"SAU","ARM",0.0170251368781115
"SAU","AFG",0.0110438173648996
"SAU","DZA",0.663302803293326
"SAU","AUS",0.0324213346381359
"SAU","AUT",0.00184431749993824
"SAU","BHR",4.93003317961724
"SAU","BGD",0.0335551575755522
"SAU","BWA",0.00441752694595985
"SAU","BRN",0.00899242828936953
"SAU","BGR",0.0366074936103011
"SAU","BDI",0.017657223330247
"SAU","CMR",0.0956394583800308
"SAU","CAN",0.0322386306102476
"SAU","LKA",0.0298163116156057
"SAU","TCD",0.0198864582695619
"SAU","CHN",0.161499943441163
"SAU","COL",0.0971631460278548
"SAU","COM",0.0110438173648996
"SAU","COG",0.0427947922889861
"SAU","CUB",0.0237442073345342
"SAU","CYP",0.0074159233605301
"SAU","AZE",0.0839330119732372
"SAU","BEN",0.0157815850853972
"SAU","DNK",0.0496380009391086
"SAU","EGY",1.50639753664579
"SAU","FRA",0.0580483747856684
"SAU","DJI",0.478974539205558
"SAU","GAB",0.044238931529834
"SAU","GMB",0.0388424861495226
"SAU","DEU",0.0475854663974266
"SAU","GHA",0.056581606568501
"SAU","GRC",0.00901911751466803
"SAU","GIN",0.0201105130813698
"SAU","GUY",0.00907249596526505
"SAU","HKG",0.0651732531544235
"SAU","HUN",0
"SAU","HRV",0.126178232185359
"SAU","IND",0.0386742138387991
"SAU","IDN",0.0262318471486741
"SAU","IRN",0.00165657260473494
"SAU","IRQ",16.4988071189141
"SAU","ITA",0.110302434743928
"SAU","CIV",0.109150341835167
"SAU","JPN",0.0508672990244516
"SAU","JOR",12.9507362185655
"SAU","KEN",0.203738114002929
"SAU","KOR",0.0319620345448379
"SAU","KWT",7.32911035767696
"SAU","LBN",3.00987013397523
"SAU","LSO",0.0242963982027792
"SAU","LBR",0.110103647197426
"SAU","LBY",0.42924882009196
"SAU","LTU",0.00773067215542974
"SAU","MAC",0.00440555532822012
"SAU","MDG",0.0344198974539372
"SAU","MYS",0.0435546488243533
"SAU","MDV",0.00764316461792638
"SAU","MLI",0.0474884146690684
"SAU","MLT",0.142649307629954
"SAU","MRT",0.30559896727195
"SAU","MUS",0.0136915725781343
"SAU","MNG",0.0364445973041688
"SAU","MAR",0.172579859654884
"SAU","MOZ",0.0631268391589947
"SAU","NPL",0.019373943337776
"SAU","NLD",0.123722494238408
"SAU","NZL",0.0060740995506948
"SAU","NIC",0.0193266803885744
"SAU","NER",0.0218170612043592
"SAU","NGA",0.0321529145074367
"SAU","NOR",0.0109333791912506
"SAU","PAK",0.0966652419567028
"SAU","CZE",0.00485927964055584
"SAU","PHL",0.0437286408248606
"SAU","PRT",0.00993943562840967
"SAU","ERI",0.0509765250718044
"SAU","QAT",4.21563905092024
"SAU","ROU",0.0159678933864718
"SAU","RUS",0.00773067215542974
"SAU","STP",0.010123499251158
"SAU","SEN",0.0762123735299256
"SAU","SYC",0.00543216644296838
"SAU","SLE",0.0165151085510937
"SAU","SGP",0.0619908537768645
"SAU","SOM",0.700950894858435
"SAU","ZAF",0.56801368058897
"SAU","ESP",0.138576006594673
"SAU","SUR",0.0121481991013896
"SAU","SWZ",0.0121481991013896
"SAU","SWE",0.0506354424590079
"SAU","CHE",0.0139199985268694
"SAU","SYR",1.50102523477614
"SAU","TWN",0.130296797907313
"SAU","TZA",0.0586055492139106
"SAU","THA",0.0320270703582089
"SAU","OMN",5.12671059389242
"SAU","TUN",0.106791057035688
"SAU","TUR",0.303904636910416
"SAU","ARE",17.1213387082231
"SAU","UGA",0.00410553910540144
"SAU","GBR",0.0967524459638147
"SAU","USA",0.145326034158118
"SAU","UZB",0.00311987840558415
"SAU","VEN",0.0325571735917241
"SAU","VNM",0.0745844205738497
"SAU","ETH",0.234742551360549
"SAU","YEM",13.3504636390022
"SAU","ZMB",0.0176401787394901
"SAU","BEL",0.0583285898280412
"SAU","LUX",0.0121481991013896
"SAU","SRB",0.238489215784514
"SAU","SDN",0.429569420317343
"SAU","SSD",0.0242605057963433
"SAU","PSE",1.52301959996231
"SEN","BHS",0.130068685973845
"SEN","BWA",0.162722411963096
"SEN","BRA",0.702370904258763
"SEN","CMR",0.0109746951871503
"SEN","CPV",0.0485423385847667
"SEN","CHN",0.00208109897558152
"SEN","COG",0.0291431756797132
"SEN","BEN",1.66204692601589
"SEN","BLR",0
"SEN","FIN",0.197704402680244
"SEN","FRA",0.0728324782299701
"SEN","GEO",0.26013737194769
"SEN","GAB",0.0948467102223895
"SEN","GMB",7.51745351734368
"SEN","GHA",0.0572302218284918
"SEN","GRC",0.124865938534891
"SEN","GIN",2.09639879727558
"SEN","IRN",0.104054948779076
"SEN","ITA",0.169743991968113
"SEN","CIV",0.099497936768749
"SEN","LBN",0.0751870040787181
"SEN","LBR",0.104270334063297
"SEN","MLI",65.9883646258477
"SEN","MLT",0.0208109897558152
"SEN","MRT",1.06098737562996
"SEN","MAR",0.423103918251993
"SEN","NLD",0.0194574294464939
"SEN","NER",4.80411758304472
"SEN","NGA",2.34840483112655
"SEN","PNG",0.0052027474389538
"SEN","GNB",4.63873276537907
"SEN","SAU",0.106783218777552
"SEN","SLE",0.285688379511158
"SEN","ZAF",0
"SEN","ESP",0.0187595603387996
"SEN","CHE",0.020000263528878
"SEN","TGO",0.177182454448816
"SEN","TUR",0.142765786654607
"SEN","ARE",0.00247650778094201
"SEN","GBR",1.14867071503366
"SEN","USA",0.051366736431136
"SEN","BFA",3.97711972119339
"SEN","BEL",0.000476918515237432
"SYC","AUS",0
"SYC","CAN",0
"SYC","FRA",0.51445187009864
"SYC","DEU",0.21684761607731
"SYC","IND",0
"SYC","IRL",0
"SYC","ITA",0
"SYC","MDV",0.0195162854469579
"SYC","MUS",0.035651550249386
"SYC","NLD",0.144565077384873
"SYC","ZWE",98.139707005178
"SYC","SGP",0.464449591435683
"SYC","ZAF",0
"SYC","SWZ",0
"SYC","SWE",0
"SYC","TWN",0
"SYC","ARE",0.428308322089465
"SYC","GBR",0.0361412693462183
"SYC","USA",0
"SYC","BEL",0.000361412693462183
"SLE","AUS",0.0725415115949317
"SLE","BHR",0.0302095484804045
"SLE","BRN",0.419696941388476
"SLE","CMR",0.518956886395519
"SLE","CAN",0.36575131910204
"SLE","GMB",97.6576576892672
"SLE","GHA",0
"SLE","GIN",0.172082149270782
"SLE","HKG",0.212858607179002
"SLE","MAC",0.0388408480462343
"SLE","THA",0
"SLE","USA",0.511404499275418
"SVN","ARM",0.011999826473774
"SVN","ALB",0.708892610381391
"SVN","ATG",0
"SVN","AUS",0.174534590334449
"SVN","AUT",3.48389152753121
"SVN","BHR",0.00211161969413821
"SVN","BGD",0.00773369353457216
"SVN","BRA",9.71979875428177e-06
"SVN","BGR",0.202585133196909
"SVN","CMR",0
"SVN","CAN",0.0606523607951773
"SVN","LKA",9.6671169182152e-06
"SVN","CHL",0
"SVN","CHN",0.0125166412122936
"SVN","COL",1.8846817801414
"SVN","CYP",0.000219634964714527
"SVN","AZE",0.0072216085273931
"SVN","DNK",0.0526370038240752
"SVN","BLR",0.0156792009762795
"SVN","EGY",0.00193342338364304
"SVN","EST",0.00180790890921444
"SVN","FIN",0.00174113468200007
"SVN","FRA",0.0976843060488252
"SVN","GEO",0.00639535831759973
"SVN","DEU",0.77993226861602
"SVN","BIH",1.18739330014275
"SVN","GRC",0.0377904944814445
"SVN","HTI",0.00772579125916218
"SVN","HKG",0.0113959723422588
"SVN","HUN",0.927834489135648
"SVN","HRV",7.4513969749203
"SVN","ISL",0.00278175898982298
"SVN","IRN",0.0183675221446089
"SVN","IRQ",0.00305775912897573
"SVN","IRL",0.0870107428571173
"SVN","ISR",1.35974252203284
"SVN","ITA",60.7920676269323
"SVN","KAZ",0.00199536217090416
"SVN","JPN",0.400870142497173
"SVN","JOR",0.0965898516692518
"SVN","KGZ",0.000901997324397348
"SVN","KEN",0
"SVN","KOR",5.83187925256906e-05
"SVN","KWT",0.00392935000279077
"SVN","LVA",0.000189536075708495
"SVN","LBN",0.886817806685023
"SVN","LBY",0.0766476198617086
"SVN","LTU",0.037718468096217
"SVN","MDG",0.0666372544406017
"SVN","MYS",0.0168989830381058
"SVN","MDV",0.00139950614556739
"SVN","MLT",0.00429089004967262
"SVN","MNG",0.00773369353457216
"SVN","MOZ",0.0210938071610538
"SVN","MDA",0.282023222739169
"SVN","NLD",0.200586859499338
"SVN","MKD",0.162563219894561
"SVN","NZL",0.0557068270935102
"SVN","NOR",2.3018669746336e-05
"SVN","PAN",0.208415790419031
"SVN","CZE",0.551472891220466
"SVN","PNG",0
"SVN","POL",0.803024482285326
"SVN","PRT",0.215646695095413
"SVN","QAT",0
"SVN","ROU",0.0402932139954186
"SVN","RUS",0.159711995354089
"SVN","KNA",0.000971979875428177
"SVN","SAU",0.0109234601742717
"SVN","SEN",0.00139206483622299
"SVN","SVK",0.108086283908561
"SVN","SGP",0.00284789225469855
"SVN","SOM",0.132315699464792
"SVN","ZAF",0.00429615104939254
"SVN","ESP",0.251708169690929
"SVN","TJK",0.00174956377577072
"SVN","SWE",0.228223447779302
"SVN","CHE",0.203381252072375
"SVN","TKM",0.000975219808346271
"SVN","TZA",0.0193342338364304
"SVN","THA",8.8149383019173
"SVN","OMN",0.000287642824923461
"SVN","TUN",4.43072000366774
"SVN","TUR",0.550514854071879
"SVN","ARE",0.00866629900572419
"SVN","GBR",0.03973021185149
"SVN","UKR",0.282240882135031
"SVN","USA",0.157247463392621
"SVN","UZB",0.00172585694954076
"SVN","VNM",0.00636889813374313
"SVN","BEL",0.139156785626892
"SVN","LUX",0.00450348041523252
"SVN","SRB",0.601381180826729
"SVN","MNE",0.0562131110622615
"SVK","ARM",0.00151921792201213
"SVK","ALB",0
"SVK","DZA",7.05706157034647
"SVK","ARG",0
"SVK","AUS",0.000579893218621906
"SVK","AUT",16.4477424443664
"SVK","BHR",3.4723995465427e-05
"SVK","BRA",0.000456874364291123
"SVK","BLZ",0.00031619188702194
"SVK","BGR",0.066202930213492
"SVK","CAN",0.00121369712654321
"SVK","CPV",1.01833135916889e-06
"SVK","CAF",0
"SVK","LKA",0
"SVK","CHL",0.000244842458946189
"SVK","CHN",0.00208755099931403
"SVK","CUB",0.000255092005471807
"SVK","CYP",0.140620907806479
"SVK","AZE",0.000441789636178993
"SVK","DNK",0.0162422798499808
"SVK","BLR",0.0101803179312814
"SVK","EGY",2.08295050739091e-06
"SVK","EST",0.0326083793814907
"SVK","FIN",0.0011564058686695
"SVK","FRA",0.111567757060255
"SVK","GEO",0.00184560885294756
"SVK","GAB",0.000152749703875334
"SVK","DEU",11.6000841000621
"SVK","BIH",0.0482507074649876
"SVK","GRC",0.149299382947448
"SVK","GTM",0.00010997978679024
"SVK","HKG",4.73524082013534e-05
"SVK","HUN",14.9793266870315
"SVK","HRV",0.102990969264177
"SVK","ISL",2.03666271833778e-06
"SVK","IND",2.57128668190145e-05
"SVK","IRN",1.22199763100267e-05
"SVK","IRQ",0.000669807451493338
"SVK","IRL",0.024925901708268
"SVK","ISR",0.00499677013455618
"SVK","ITA",8.54562726211059
"SVK","KAZ",0.00125627593401686
"SVK","JPN",0.000101679972257177
"SVK","JOR",1.79190241536677
"SVK","KEN",0
"SVK","PRK",0.0762440418931557
"SVK","KOR",0.0218729872607673
"SVK","KWT",0.000957943999103298
"SVK","LVA",0.0325910158863041
"SVK","LBN",0.000116307988807933
"SVK","LBY",0.00352624623190114
"SVK","LTU",0.0742483677646714
"SVK","MAC",0.000319246881099447
"SVK","MYS",0
"SVK","MDV",0
"SVK","MLT",0.00177300504669533
"SVK","MEX",1.52749703875334e-06
"SVK","MNG",0.00378804984134449
"SVK","MAR",2.66186118687904
"SVK","MDA",0.0581150618180664
"SVK","NPL",0.000152749703875334
"SVK","NLD",1.46334524427426
"SVK","MKD",0.0639005080448831
"SVK","NGA",1.97941585492784
"SVK","NOR",0.00254512225825684
"SVK","PAN",2.12690509081698e-05
"SVK","CZE",11.0005360613057
"SVK","PNG",0
"SVK","POL",17.6335159674234
"SVK","PRT",0.00849446070720775
"SVK","QAT",0.000107571155184029
"SVK","ROU",1.5543188654119
"SVK","RUS",0.0133167071415
"SVK","KNA",0.000152749703875334
"SVK","SAU",0.00247358637757281
"SVK","SEN",0.00301359849380062
"SVK","SYC",0
"SVK","SVN",0.260259204692033
"SVK","SGP",0.000458249111626001
"SVK","SOM",0.0693127653574142
"SVK","ZAF",0.000507129016866107
"SVK","ESP",0.0939904343084305
"SVK","SWE",0.00473940862490424
"SVK","CHE",0.89664901901728
"SVK","SYR",0.00753399623450155
"SVK","TWN",0.000366369543811232
"SVK","THA",5.04074022788601e-05
"SVK","TUN",0.0673981575176337
"SVK","TUR",0.000285517122640622
"SVK","ARE",0.155815435671571
"SVK","UGA",0.000168024674262867
"SVK","GBR",0.0630151666216633
"SVK","UKR",0.0518540958908662
"SVK","USA",0.0039864443855933
"SVK","UZB",0.00159623440549724
"SVK","YEM",0.00890194724244669
"SVK","BEL",0.231559856162624
"SVK","LUX",0.00965085599700585
"SVK","SRB",0.0125411788737338
"SVK","MNE",0.00010539729567398
"SVK","PSE",0.00262882240369449
"SGP","ARM",0.00392456697408212
"SGP","AFG",0.00952361585710595
"SGP","DZA",0.0310891113796872
"SGP","ARG",0
"SGP","AUS",1.20059921803671
"SGP","AUT",0.00114817514278329
"SGP","BHS",7.84913394816425e-05
"SGP","BHR",0.215201594740847
"SGP","BRB",0.00137843176791579
"SGP","BGD",0.207540451321574
"SGP","BTN",7.31853154787431e-05
"SGP","BRA",0.0160061283722954
"SGP","SLB",0.0313054750097994
"SGP","BRN",5.17565822628827
"SGP","BGR",0.00403358272336218
"SGP","MMR",2.47553639636753
"SGP","CMR",8.72125994240472e-05
"SGP","CAN",0.506266177780065
"SGP","LKA",0.175994082929474
"SGP","CHL",0.0114437465877587
"SGP","CHN",0.815287506301406
"SGP","COL",0.00182596948509575
"SGP","COM",0.00762586969363868
"SGP","COG",0.0216179294390643
"SGP","COK",0.0248041850353799
"SGP","CYP",0.0563718940862782
"SGP","AZE",0.013770869449057
"SGP","BEN",0.0348850397696189
"SGP","DNK",0.0196593264580644
"SGP","BLR",0.00223226143328658
"SGP","ECU",0
"SGP","EGY",0.0225048162417264
"SGP","SLV",0
"SGP","GNQ",0
"SGP","FJI",0.0108785357828846
"SGP","FIN",0.00819656625481289
"SGP","FRA",0.247357674601773
"SGP","PYF",0.361567367662183
"SGP","DJI",0.00244665021046831
"SGP","GAB",0.00377630555506124
"SGP","GMB",0.000556912716192062
"SGP","DEU",0.154227824389771
"SGP","GHA",0.00413790240959633
"SGP","KIR",0.0219840549431188
"SGP","GRC",0.124402232133446
"SGP","GIN",0.0112130484973775
"SGP","GUY",0.00439987564094318
"SGP","HKG",4.63273728106673
"SGP","HUN",0.00454320919357384
"SGP","IND",0.249396570457658
"SGP","IDN",10.4251522200133
"SGP","IRN",0.0176038631937439
"SGP","IRQ",0.0086961863200703
"SGP","IRL",0.0364425871799536
"SGP","ISR",0.0153731043460965
"SGP","ITA",0.0244700328290981
"SGP","CIV",0.000729810428397514
"SGP","KAZ",0.105799784676297
"SGP","JPN",3.06383383146401
"SGP","JOR",0.0605348486113211
"SGP","KGZ",6.54094495680354e-05
"SGP","KEN",0.0105553284999958
"SGP","KHM",0.620840890699048
"SGP","PRK",0.0120257855138282
"SGP","KOR",2.99554338167791
"SGP","KWT",0.46381561743739
"SGP","LVA",0.00268970658448309
"SGP","LAO",0.00798365406493441
"SGP","LBN",0.074312955159122
"SGP","LBR",0.00565700153716685
"SGP","LBY",0.0206662130847803
"SGP","LTU",0.0196228348704106
"SGP","MAC",0.0118777046059803
"SGP","MDG",0.19669963353762
"SGP","MWI",0.00784913394816425
"SGP","MYS",25.6760692547656
"SGP","MDV",2.95686226848632
"SGP","MLT",0.00534018181649074
"SGP","MRT",5.20439414449192e-05
"SGP","MUS",0.254084349199127
"SGP","MEX",0.00654094495680354
"SGP","MNG",0.0133024190250247
"SGP","MAR",0.00274065593690068
"SGP","MOZ",0.00112504253257021
"SGP","NPL",0.0079186824509773
"SGP","NLD",0.867328099117693
"SGP","NCL",0.0618429489719914
"SGP","VUT",0.207414213823402
"SGP","NZL",0.135040707662521
"SGP","NER",0.878030925362451
"SGP","NGA",0.0302360711183329
"SGP","NOR",0.0200645460597145
"SGP","PAK",0.027269684883457
"SGP","CZE",0.000265750262310023
"SGP","PNG",1.18472007423874
"SGP","PER",0.00950917066602618
"SGP","PHL",1.30290383531959
"SGP","POL",0.00146653405065181
"SGP","PRT",0.00708314320576351
"SGP","TLS",0.0805528450266665
"SGP","QAT",0.230770477943758
"SGP","RUS",0.0182471969906464
"SGP","SAU",0.480457931104609
"SGP","SEN",0.00373482639192054
"SGP","SYC",0.581024916305851
"SGP","SVN",0.00750900481041046
"SGP","ZAF",0.130209613094559
"SGP","ESP",0.132861999309618
"SGP","SUR",0
"SGP","TJK",0.0110847213867964
"SGP","SWZ",0.00195519303180333
"SGP","SWE",0.051923972553764
"SGP","CHE",0.0239042837942128
"SGP","SYR",0.00719503945248389
"SGP","TKM",0.00491224966255946
"SGP","TWN",3.50477667164343
"SGP","TZA",0.0101245218092816
"SGP","THA",19.2597448387664
"SGP","TGO",0.0196228348704106
"SGP","TON",0.00140175936564792
"SGP","TTO",0.000274719688185749
"SGP","OMN",0.095880226825393
"SGP","TUN",0.00825031190551486
"SGP","TUR",0.0128323823915193
"SGP","ARE",0.706879064181261
"SGP","UGA",0.000495126489250505
"SGP","TUV",0.0061027016446977
"SGP","GBR",1.0566517721801
"SGP","UKR",0.0043751654044397
"SGP","USA",3.04607196875556
"SGP","BFA",0.00261637798272142
"SGP","UZB",0.0180922537505186
"SGP","VEN",0.0104655119308857
"SGP","VNM",1.43227626224956
"SGP","ETH",0
"SGP","YEM",0.0072196610582969
"SGP","COD",3.90329560836894e-05
"SGP","ZMB",0
"SGP","BEL",0.0239483719225875
"SGP","LUX",5.23275596544283e-05
"ZAF","ARM",0
"ZAF","AFG",0
"ZAF","DZA",6.82300018527379e-07
"ZAF","ARG",0.00011021271708489
"ZAF","AUS",0.211341383083062
"ZAF","AUT",4.60876096525608e-05
"ZAF","BHS",0
"ZAF","BHR",0.00163671478251972
"ZAF","BRB",0
"ZAF","BGD",0.00740606777111561
"ZAF","BWA",16.962733815711
"ZAF","BRA",0.00169865708460823
"ZAF","BLZ",0.000209201691317582
"ZAF","BGR",0
"ZAF","MMR",0
"ZAF","BDI",0.0869926710666627
"ZAF","CMR",0.00077699919318559
"ZAF","CAN",0.0444289183881927
"ZAF","CPV",0.00170575004631845
"ZAF","CAF",0
"ZAF","LKA",0.000742268226964717
"ZAF","TCD",8.5713939827502e-05
"ZAF","CHL",8.46762880566273e-05
"ZAF","CHN",0.00387782215957536
"ZAF","COL",0.00558806026488349
"ZAF","COM",0.00221974793383154
"ZAF","COG",0.0340648983534391
"ZAF","CRI",0.00172280754678163
"ZAF","CUB",0.00193090905243248
"ZAF","CYP",0.0107346850089403
"ZAF","BEN",0.00289199735161056
"ZAF","DNK",0.000703348064170953
"ZAF","DOM",0
"ZAF","ECU",1.36460003705476e-05
"ZAF","EGY",0.000111153884319119
"ZAF","GNQ",0.000693627770528743
"ZAF","EST",0
"ZAF","FJI",0
"ZAF","FIN",0.00023745751017428
"ZAF","FRA",0.0355258457424572
"ZAF","PYF",1.71129720094062e-05
"ZAF","DJI",0.00679882467685679
"ZAF","GEO",0.00076208428119522
"ZAF","GAB",0.00193477600311515
"ZAF","GMB",0.00123535873056427
"ZAF","DEU",0.002308111604487
"ZAF","BIH",2.20785999220221
"ZAF","GHA",0.0670833495207883
"ZAF","KIR",0.00168263690205939
"ZAF","GRC",0.00365617861134059
"ZAF","GRD",0.000341150009263689
"ZAF","GIN",0.0020572493511432
"ZAF","GUY",0.00506667395668767
"ZAF","HND",0
"ZAF","HKG",0.00856434573446815
"ZAF","HUN",0
"ZAF","ISL",7.16415019453748e-05
"ZAF","IND",0.00164015032028239
"ZAF","IDN",0.0108077062555353
"ZAF","IRN",3.41150009263689e-06
"ZAF","IRL",0.00159106350500574
"ZAF","ISR",0.00945154387573183
"ZAF","ITA",0.00030308666694736
"ZAF","CIV",0.00150254801362509
"ZAF","JAM",2.01916428247127e-05
"ZAF","JPN",5.72745145148908
"ZAF","JOR",0.000749996877185875
"ZAF","KEN",1.50452779362337
"ZAF","PRK",7.50530020380117e-05
"ZAF","KOR",0.00126601092021775
"ZAF","KWT",0.00362513257370894
"ZAF","LAO",6.82300018527379e-06
"ZAF","LBN",2.72920007410952e-05
"ZAF","LSO",18.5277576332321
"ZAF","LBR",0.0037941328027786
"ZAF","LBY",0.000742976644836257
"ZAF","MDG",0.0415058919065658
"ZAF","MWI",2.89197915596284
"ZAF","MYS",0.00706224069205546
"ZAF","MDV",0.000663806267279937
"ZAF","MLI",0.0927534941169303
"ZAF","MLT",1.36460003705476e-05
"ZAF","MRT",7.63596651267904e-05
"ZAF","MUS",0.218715926346444
"ZAF","MEX",1.15103458410107e-06
"ZAF","MOZ",2.19239367371141
"ZAF","MDA",0
"ZAF","NAM",8.09969490402975
"ZAF","NPL",0.0155536052100618
"ZAF","NLD",0.00189909303892175
"ZAF","NCL",0.00284945545237497
"ZAF","NZL",0.0229365766464778
"ZAF","NGA",0.0366888894960763
"ZAF","NOR",0.000228968052287928
"ZAF","PAK",0.00170660138046532
"ZAF","PAN",2.27433339509126e-06
"ZAF","CZE",0.000170575004631845
"ZAF","PNG",0.00457428708023521
"ZAF","PHL",0.00263101459681907
"ZAF","POL",0
"ZAF","PRT",0.0135885851866871
"ZAF","ERI",0.000148338839103531
"ZAF","QAT",0.00386840997360765
"ZAF","ZWE",19.6355252069607
"ZAF","ROU",2.21747506021398e-05
"ZAF","RWA",0.00107357561380828
"ZAF","RUS",0.000345606223476836
"ZAF","LCA",0
"ZAF","VCT",0.000810439290299594
"ZAF","STP",0.000246815361909222
"ZAF","SAU",0.00352990737107933
"ZAF","SEN",0.000476215211756945
"ZAF","SYC",0.10282966860466
"ZAF","SLE",0.000961999644529764
"ZAF","SVN",0
"ZAF","SGP",0.00124159440474197
"ZAF","SOM",0.123718021582828
"ZAF","ESP",0.00692844928332689
"ZAF","SWZ",7.3414293310218
"ZAF","SWE",0.00163847970221535
"ZAF","CHE",0.000150271331037312
"ZAF","TWN",0.0113892520334372
"ZAF","TZA",0.102064174294208
"ZAF","THA",0.000157416361417388
"ZAF","TGO",8.86712666354484e-05
"ZAF","TON",0.00538443808659005
"ZAF","TTO",0
"ZAF","OMN",0.0032415848632139
"ZAF","TUN",0
"ZAF","TUR",0.000113393085734936
"ZAF","ARE",0.0576820255635434
"ZAF","UGA",0.114148451445334
"ZAF","GBR",0.146545922606353
"ZAF","UKR",0.00740360236906131
"ZAF","USA",0.0349516660711008
"ZAF","BFA",2.44490839972311e-05
"ZAF","URY",0.000103322688781265
"ZAF","VNM",0.000141923951008317
"ZAF","ETH",0.0010848923295334
"ZAF","YEM",0.00311769658894974
"ZAF","COD",2.0391334570801
"ZAF","ZMB",10.6317154789576
"ZAF","BEL",0.000771803358356153
"ZAF","LUX",7.27152725900956e-05
"ZAF","SDN",0.000166900528320083
"ZAF","SSD",0
"ESP","ARM",0.0032697886499349
"ESP","AFG",0.00557570938938369
"ESP","ALB",0.0425001666812811
"ESP","DZA",5.54361751166121
"ESP","ATG",0.000829108125434351
"ESP","ARG",0.0112125867943958
"ESP","AUS",0.194363521085989
"ESP","AUT",0.322880114146508
"ESP","BHS",4.65700864567038e-05
"ESP","BHR",0.0104285597992426
"ESP","BRB",4.8175951506935e-07
"ESP","BGD",0.000325089754071187
"ESP","BOL",0.000372506727624842
"ESP","BRA",0.0284701710395739
"ESP","BLZ",0.00012622099294817
"ESP","SLB",0.0114008062845826
"ESP","BRN",0.000257048076869685
"ESP","BGR",0.0423726328294685
"ESP","MMR",0.000766759043998717
"ESP","BDI",9.58296704772094e-05
"ESP","CMR",0.187929724122825
"ESP","CAN",0.193217627297262
"ESP","CPV",0.0258105852938231
"ESP","CAF",0.000606398578625218
"ESP","LKA",0.000472774504276105
"ESP","TCD",0.00879047880031533
"ESP","CHL",0.213242992594312
"ESP","CHN",0.246489603062636
"ESP","COL",0.113339967201
"ESP","COM",0.00415525695002794
"ESP","COG",0.0160005740901126
"ESP","CRI",0.0119281464928301
"ESP","CUB",1.04980292981799
"ESP","CYP",0.0588963527697347
"ESP","AZE",0.00199596949116324
"ESP","BEN",0.181413791494499
"ESP","DNK",0.172002375342598
"ESP","DMA",0.00164375227471941
"ESP","DOM",0.226045929503721
"ESP","BLR",0.000501252590546686
"ESP","ECU",0.0623984518753791
"ESP","EGY",0.204569039879014
"ESP","SLV",0.00228912687050126
"ESP","GNQ",0.36006925885623
"ESP","EST",0.014515061420961
"ESP","FRO",0.000570277930033312
"ESP","FJI",0.000849823784582333
"ESP","FIN",0.111079411265645
"ESP","FRA",19.3413663463172
"ESP","PYF",0.00136321916753657
"ESP","DJI",0.00603332674048004
"ESP","GEO",0.00812386718323639
"ESP","GAB",0.0323875762821329
"ESP","GMB",0.00982756423052908
"ESP","DEU",3.71326942020602
"ESP","BIH",0.0108520553731565
"ESP","GHA",0.0148604710293931
"ESP","GRC",0.589471377119123
"ESP","GRD",6.60010535645009e-05
"ESP","GTM",0.00651037821054219
"ESP","GIN",0.0124769864211659
"ESP","GUY",0.000546435403572075
"ESP","HTI",0.0143470607184444
"ESP","HND",0.0021424739958353
"ESP","HKG",0.0189023334245077
"ESP","HUN",0.069325066271508
"ESP","HRV",0.0379098688131874
"ESP","ISL",0.00812856616830035
"ESP","IND",0.0108616226941733
"ESP","IDN",0.0281863178487638
"ESP","IRN",0.00288275197700068
"ESP","IRQ",0.0463269108343798
"ESP","IRL",0.230713527482275
"ESP","ISR",0.185056681762175
"ESP","ITA",11.8781971174888
"ESP","CIV",0.488104923763097
"ESP","KAZ",0.00164417588405599
"ESP","JAM",0.00131732112907548
"ESP","JPN",0.0922381807095756
"ESP","JOR",0.0548252140186148
"ESP","KEN",0.000763967885167779
"ESP","KHM",5.12592124033788e-05
"ESP","PRK",0.00371072328924148
"ESP","KOR",0.0787086376966899
"ESP","KWT",0.0304647412442619
"ESP","LVA",0.0207223191557842
"ESP","LAO",0.000215828262751069
"ESP","LBN",0.108769506254603
"ESP","LBR",0.00528921690344383
"ESP","LBY",3.65360254846045
"ESP","LTU",0.0258820487810318
"ESP","MAC",0.000818185038484031
"ESP","MDG",0.00387043268098143
"ESP","MWI",4.14313182959641e-05
"ESP","MYS",0.00540296908258654
"ESP","MDV",0.00168032351466229
"ESP","MLI",0.810348298112312
"ESP","MLT",0.105266660831188
"ESP","MRT",0.95769690254429
"ESP","MUS",0.00874080536396512
"ESP","MEX",0.14167381074246
"ESP","MNG",0.00206383303331051
"ESP","MAR",0.895156640797365
"ESP","MOZ",0.00844257199175623
"ESP","MDA",0.00164559415157388
"ESP","NAM",0.0020300872225507
"ESP","NPL",0.00636541610610267
"ESP","NLD",1.39744941734909
"ESP","NCL",0.00451927132585193
"ESP","MKD",0.00680068483084801
"ESP","NZL",0.026218203613915
"ESP","NIC",0.000691423344957677
"ESP","NER",0.00361303212088734
"ESP","NGA",0.0773405680274184
"ESP","NOR",0.360729633649069
"ESP","PAK",0.002003146199266
"ESP","PAN",0.0560374529409341
"ESP","CZE",0.123966697987483
"ESP","PNG",0.00249046560501107
"ESP","PRY",0.0160148759667954
"ESP","PER",0.0157325285081561
"ESP","PHL",0.0110401558180628
"ESP","POL",0.51249116461553
"ESP","PRT",23.8124661096893
"ESP","GNB",0.00660706640896817
"ESP","ERI",0.243716263557547
"ESP","QAT",0.00784813489222326
"ESP","ZWE",0.0242655875614183
"ESP","ROU",0.102891003183104
"ESP","RWA",0.00149848620720571
"ESP","RUS",0.0596284745983123
"ESP","KNA",0.00927928882765284
"ESP","STP",0.00390552734045416
"ESP","SAU",0.468971475792563
"ESP","SEN",0.588769207700307
"ESP","SYC",0.00155271091706851
"ESP","SLE",0.00734558854898666
"ESP","SVN",0.0170425341089066
"ESP","SVK",0.059358550759562
"ESP","SGP",0.00708310920922725
"ESP","SOM",0.00184754774029096
"ESP","ZAF",0.0458596004056154
"ESP","SUR",0.000630478938487526
"ESP","TJK",0.0551830614019941
"ESP","SWE",0.696118841310475
"ESP","CHE",0.30160745138875
"ESP","SYR",0.321297076026533
"ESP","TKM",0.000433583563562415
"ESP","TWN",0.0054671499975085
"ESP","TZA",0.0018177626427563
"ESP","THA",0.0120314719805466
"ESP","TGO",0.00589058264115237
"ESP","TTO",0.0120018683305591
"ESP","OMN",0.0433891286473479
"ESP","TUN",7.04101224835511
"ESP","TUR",1.20202088656179
"ESP","ARE",0.175409225880151
"ESP","UGA",0.000754804619002021
"ESP","GBR",4.21565732806089
"ESP","UKR",0.0239314625435411
"ESP","USA",0.913138085389769
"ESP","BFA",0.032188155866042
"ESP","URY",0.0225511523314044
"ESP","UZB",0.000769169147155405
"ESP","VEN",0.271644537394292
"ESP","VNM",0.0106034921111739
"ESP","ETH",0.0166264967277515
"ESP","YEM",0.0172483887109552
"ESP","COD",0.00410868653199503
"ESP","ZMB",0.00040332906601606
"ESP","BEL",2.16121081917017
"ESP","LUX",0.0833478897239786
"ESP","SRB",0.00603437509262509
"ESP","MNE",0.0014418060718625
"ESP","SDN",0.00243218314833841
"ESP","PSE",0.00220425624980588
"SUR","AUS",0.0984645603331297
"SUR","BRB",1.91194319589205
"SUR","BRA",14.8762802577755
"SUR","DMA",5.26548751392055
"SUR","FRA",1.20142370330519
"SUR","PYF",0.0122044933575082
"SUR","DEU",0.0511212379992287
"SUR","GUY",2.86226140286439
"SUR","HTI",3.27175923195063
"SUR","IND",0.0511212379992287
"SUR","JAM",39.1781239737222
"SUR","MRT",2.94195421651561
"SUR","NLD",2.24463370560048
"SUR","VCT",0.69524883678951
"SUR","SYC",0.296948384583596
"SUR","TZA",0.00621881433682925
"SUR","TTO",7.14038794242098
"SUR","USA",14.7619035099003
"SUR","VEN",1.25134351028638
"SUR","BEL",0.0989617284169684
"SUR","SDN",1.78220854202965
"SWZ","BHR",0.0292416590223327
"SWZ","BRB",0.000115003539525479
"SWZ","FRA",0
"SWZ","GUY",0.00221555011688242
"SWZ","HKG",0.0188835811900837
"SWZ","IDN",0.000102256159240727
"SWZ","KOR",0.0108732382659307
"SWZ","LSO",0.000511280796203636
"SWZ","MWI",0
"SWZ","MRT",82.3130963500387
"SWZ","MUS",6.81707728271514e-05
"SWZ","MOZ",1.75763932848692
"SWZ","NZL",0
"SWZ","QAT",0.00182176691286867
"SWZ","ZWE",6.2775120818507
"SWZ","SGP",0.0082827488984989
"SWZ","ZAF",9.52539595711442
"SWZ","TWN",0
"SWZ","TUR",0
"SWZ","ARE",0.0542410268348284
"SWZ","GBR",0
"SWZ","USA",0
"SWZ","BEL",0
"SWE","ARM",1.2682648769844
"SWE","AFG",0
"SWE","ALB",3.93479001335104e-07
"SWE","DZA",12.4684623810091
"SWE","ATG",2.6551835049442e-07
"SWE","ARG",3.08171900774648e-06
"SWE","AUS",0.0368745677620986
"SWE","AUT",0.107270651473633
"SWE","BHS",0
"SWE","BHR",0.00107733750811484
"SWE","BGD",0.121980953300965
"SWE","BOL",0.000123590794614475
"SWE","BRA",0.0933518882709762
"SWE","BGR",0.00262274716364886
"SWE","CMR",1.53753039427387
"SWE","CAN",0.156532389259055
"SWE","LKA",0
"SWE","CHL",0.00085356685312657
"SWE","CHN",0.035103344866932
"SWE","COL",2.41584377093427e-05
"SWE","CRI",0.000118043700400531
"SWE","CUB",0
"SWE","CYP",0.000842998660525547
"SWE","AZE",0.000393352640192399
"SWE","DNK",13.7841906110544
"SWE","DOM",0
"SWE","BLR",0.00118079465402441
"SWE","ECU",0
"SWE","EGY",0.205535584585191
"SWE","SLV",0
"SWE","EST",0.157991690182388
"SWE","FRO",0.464412474412302
"SWE","FIN",2.43326221105314
"SWE","FRA",2.71656808792634
"SWE","DJI",0.602424262211283
"SWE","GEO",0.000993337738870471
"SWE","GMB",1.63651009037665e-05
"SWE","DEU",8.30196129313513
"SWE","BIH",0.00129837233772966
"SWE","GHA",1.76105845719492e-06
"SWE","GRC",0.120355375428621
"SWE","GTM",1.18043700400531e-06
"SWE","GUY",0.00052688437786906
"SWE","HKG",0.00749455440531651
"SWE","HUN",0.0309187681018288
"SWE","HRV",0.00427442026461578
"SWE","ISL",0.470883700301207
"SWE","IND",0.000313178437405844
"SWE","IDN",0.00164613059864236
"SWE","IRN",0.751038162374565
"SWE","IRQ",0.00190410566876972
"SWE","IRL",0.996799800361585
"SWE","ISR",0.00816271795663132
"SWE","ITA",1.74730483420569
"SWE","CIV",0
"SWE","KAZ",2.03654707506734e-05
"SWE","JPN",0.041048803561696
"SWE","JOR",0.00122053276305374
"SWE","KGZ",2.67117858629929e-05
"SWE","KEN",2.67629701233291e-06
"SWE","KOR",0.00641264986524531
"SWE","KWT",0.00222140969465936
"SWE","LVA",0.186448675379412
"SWE","LBN",0.000347872385818162
"SWE","LBY",0.561889622554711
"SWE","LTU",1.09383637898605
"SWE","MAC",0
"SWE","MDG",1.92089794497954
"SWE","MYS",0.00456814797681752
"SWE","MLI",1.18043700400531e-05
"SWE","MLT",0.0383919329828164
"SWE","MRT",2.51090787112133
"SWE","MUS",0
"SWE","MEX",0.000812619311565206
"SWE","MNG",0
"SWE","MAR",4.3924726965516
"SWE","MDA",0
"SWE","NPL",0.00130556332642988
"SWE","NLD",4.29685247354533
"SWE","NCL",0.000236087400801063
"SWE","MKD",1.05039699258847e-05
"SWE","NZL",0.000507829292040916
"SWE","NER",7.9655505148326e-05
"SWE","NGA",1.76745648973695e-06
"SWE","NOR",8.30000724282483
"SWE","PAK",0
"SWE","PAN",6.93386776742958e-07
"SWE","CZE",0.0336089172908447
"SWE","PER",4.04179710761656e-05
"SWE","PHL",0.000153953084578201
"SWE","POL",1.24490668134512
"SWE","PRT",1.03962221183049
"SWE","ERI",0.867506265819997
"SWE","QAT",0.00209918899301353
"SWE","ZWE",6.43002270474439e-06
"SWE","ROU",0.172994509685939
"SWE","RUS",0.221315116805574
"SWE","VCT",0.000197005019018047
"SWE","SAU",0.229327459709469
"SWE","SEN",0.000143984523342209
"SWE","SLE",5.90218502002656e-07
"SWE","SVN",0.00260477858590519
"SWE","SVK",0.009585335614975
"SWE","SGP",0.00783500767622188
"SWE","SOM",9.31553538120182e-05
"SWE","ZAF",0.000931970476574171
"SWE","ESP",12.4594618208115
"SWE","TJK",0.000466736473941396
"SWE","CHE",0.0923542166059562
"SWE","SYR",0.000375692470868249
"SWE","TKM",0
"SWE","TWN",0.0306306710944936
"SWE","TZA",0.0413382736740607
"SWE","THA",0.00222539499545594
"SWE","TGO",0.427388573807886
"SWE","TTO",0
"SWE","OMN",0.731559621257634
"SWE","TUN",2.29859969370841
"SWE","TUR",0.0274115737258843
"SWE","ARE",0.400506970201883
"SWE","UGA",0
"SWE","GBR",2.05310802856875
"SWE","UKR",0.00214731575546526
"SWE","USA",0.311739557963743
"SWE","BFA",0.000420977745200767
"SWE","URY",0
"SWE","UZB",0.000216019971732972
"SWE","VEN",0
"SWE","VNM",0.000120168487007741
"SWE","ETH",3.93015847759386
"SWE","YEM",0.000413743169903862
"SWE","COD",0.833407718925377
"SWE","ZMB",6.58997351829524e-07
"SWE","BEL",0.509662558257151
"SWE","LUX",0.00214685967406975
"SWE","SRB",0.00337825253188092
"SWE","MNE",0
"CHE","ARM",0.00761659077247793
"CHE","ALB",0.00876408600883695
"CHE","DZA",0.00207901237049361
"CHE","ARG",0.00116236336192591
"CHE","AUS",0.100567470092725
"CHE","AUT",26.7922460611989
"CHE","BHS",2.50670165239084e-05
"CHE","BHR",0.0135506290798624
"CHE","BGD",5.51329220719136e-06
"CHE","BTN",0
"CHE","BOL",1.69639760221273e-06
"CHE","BWA",0
"CHE","BRA",0.0387490342668748
"CHE","BLZ",0
"CHE","BRN",0.000694674818106112
"CHE","BGR",0.00834426670608354
"CHE","MMR",0
"CHE","CMR",0.000775510823708416
"CHE","CAN",0.315080248786896
"CHE","CPV",0.00318037772147088
"CHE","LKA",0.00384819329398224
"CHE","TCD",0
"CHE","CHL",0.0011026197701714
"CHE","CHN",0.165652939988628
"CHE","COL",0.00180688963270352
"CHE","COG",4.94403358092038e-05
"CHE","COK",0
"CHE","CRI",0.00475466319948183
"CHE","CUB",0
"CHE","CYP",0.00446304036351021
"CHE","AZE",0.00265239476004152
"CHE","BEN",0
"CHE","DNK",0.265957812204433
"CHE","DOM",0
"CHE","BLR",0.0111453331085283
"CHE","ECU",0.000615074233924451
"CHE","EGY",0.00548241777083109
"CHE","SLV",0
"CHE","EST",0.000246923070146022
"CHE","FIN",0.254395000018644
"CHE","FRA",13.7354018482845
"CHE","PYF",0.00347232820854003
"CHE","DJI",0
"CHE","GEO",0.00466108194787582
"CHE","GAB",0
"CHE","GMB",0.000735105627625515
"CHE","DEU",43.9128476746108
"CHE","BIH",0.00619230440887611
"CHE","GHA",0.000270598195002873
"CHE","GRC",0.0412807380484171
"CHE","GTM",8.48198801106363e-06
"CHE","GIN",0.00318436022276466
"CHE","HTI",0.000243839915505049
"CHE","HND",0.00176425350630124
"CHE","HKG",0.117670647888089
"CHE","HUN",0.149888602520775
"CHE","HRV",0.0110734797706817
"CHE","ISL",0.000946702495479835
"CHE","IND",0.00776134368590385
"CHE","IDN",0.0131628222859023
"CHE","IRN",0.00251949983282999
"CHE","IRQ",0
"CHE","IRL",0.0551955554619747
"CHE","ISR",0.0349846249039312
"CHE","ITA",3.04405428443134
"CHE","CIV",0.000405861977008526
"CHE","KAZ",0.000815940080898334
"CHE","JAM",0
"CHE","JPN",0.397809823927085
"CHE","JOR",0.00462675482027499
"CHE","KGZ",4.41063376575309e-05
"CHE","KEN",0.00095859898808951
"CHE","KHM",0.000798324711601309
"CHE","PRK",0.00741679742994524
"CHE","KOR",0.0411993181728872
"CHE","KWT",0.0649479214729774
"CHE","LVA",0.00305287503900927
"CHE","LAO",0.00154342299458772
"CHE","LBN",0.00635628803272508
"CHE","LSO",0
"CHE","LBR",0
"CHE","LBY",0.00921933353735994
"CHE","LTU",0.00405515970936473
"CHE","MAC",0.00334699246916571
"CHE","MDG",0.00028297980782472
"CHE","MWI",0
"CHE","MYS",0.0112314849209211
"CHE","MDV",0.000699400497140847
"CHE","MLI",0.000735105627625515
"CHE","MLT",0.00267941684931127
"CHE","MRT",0
"CHE","MUS",0.000924395326739085
"CHE","MEX",0.00433935441790366
"CHE","MNG",0.000621453117988562
"CHE","MAR",0.00480111420010398
"CHE","MOZ",0
"CHE","MDA",0.00964790549105045
"CHE","NAM",1.47021125525103e-05
"CHE","NPL",0
"CHE","NLD",0.860050286960942
"CHE","NCL",0
"CHE","MKD",0.00106130874988434
"CHE","NZL",0.00121076421910371
"CHE","NIC",0
"CHE","NER",1.31601836750519e-05
"CHE","NGA",0.00136684008251487
"CHE","NOR",0.311038460925417
"CHE","PAK",0
"CHE","PAN",0.00179365773140626
"CHE","CZE",0.690749389370087
"CHE","PNG",0
"CHE","PRY",3.43049292891907e-05
"CHE","PER",0.000780980999964161
"CHE","PHL",0.0144792717741137
"CHE","POL",0.158311147238574
"CHE","PRT",0.207415388190979
"CHE","ERI",0.0820455200991517
"CHE","QAT",0.0220620248684774
"CHE","ROU",0.0174128935291419
"CHE","RWA",0.000110265844143827
"CHE","RUS",0.0311651969867905
"CHE","KNA",0
"CHE","LCA",0.000132319012972593
"CHE","STP",0
"CHE","SAU",0.136266962128621
"CHE","SEN",0.00726165494775721
"CHE","SYC",0
"CHE","SLE",0.00339971411605507
"CHE","SVN",0.0139571485977687
"CHE","SVK",0.0160927905946793
"CHE","SGP",0.0679087780726554
"CHE","ZAF",0.0259688151724578
"CHE","ESP",0.460972908392873
"CHE","SUR",0
"CHE","SWZ",0
"CHE","SWE",0.607326264074504
"CHE","SYR",0.00110265844143827
"CHE","TWN",0.0167282141605898
"CHE","TZA",0.000945135806947091
"CHE","THA",0.0306426254459459
"CHE","TGO",0.00133375994118935
"CHE","TTO",0
"CHE","OMN",4.393558141418e-05
"CHE","TUN",0.00159315119696384
"CHE","TUR",0.0879462986800934
"CHE","ARE",0.158695599875408
"CHE","UGA",0
"CHE","GBR",3.68118654170694
"CHE","UKR",0.0137211727562008
"CHE","USA",1.29543491008158
"CHE","BFA",0.00084969160472612
"CHE","URY",0.000249517560596465
"CHE","VEN",0.00059176003023854
"CHE","VNM",0.00833286454780549
"CHE","ETH",0
"CHE","YEM",0.00275664610359568
"CHE","COD",0.00422222559574582
"CHE","ZMB",0
"CHE","BEL",1.0606486380703
"CHE","LUX",0.117555030388046
"CHE","SRB",0.0261213466795723
"CHE","SDN",2.92448526112264e-05
"SYR","ARM",0.000197109846887817
"SYR","DZA",15.9564464823785
"SYR","ATG",1.98152222744133e-05
"SYR","AUS",0.0152641784666679
"SYR","AUT",0.00169781025201712
"SYR","BHR",0.00669324608441971
"SYR","BRA",0.00115388386233011
"SYR","BRN",2.67832125247564e-05
"SYR","BGR",0.0050955061828349
"SYR","BDI",4.24248989721412e-05
"SYR","CAN",0.0557830992053354
"SYR","CHL",0.000665116444364783
"SYR","CHN",0.000678997987441639
"SYR","CYP",0.00307585796328516
"SYR","DNK",0.0077523133117674
"SYR","BLR",0.000453250527267274
"SYR","EGY",17.5468907404035
"SYR","FRA",0.0871986427376247
"SYR","DJI",0.0760058940687297
"SYR","GMB",0.00398846673181164
"SYR","DEU",0.0466695316876534
"SYR","GHA",0.00848135063283952
"SYR","GRC",0.000739160413678651
"SYR","GRD",4.68706219183237e-05
"SYR","GIN",0.000177586973741384
"SYR","HKG",0.00247075135540878
"SYR","HUN",0.00348429906745462
"SYR","ISL",3.09053352292779e-05
"SYR","IRQ",14.280212505241
"SYR","IRL",5.42983059699047e-05
"SYR","ITA",17.7575477570612
"SYR","CIV",0.244983991463348
"SYR","JPN",5.20784687981374e-05
"SYR","JOR",10.068482309862
"SYR","PRK",5.15374979069192
"SYR","KOR",2.49843461901743
"SYR","KWT",0.0865757639181886
"SYR","LBN",1.3805598379524
"SYR","LBY",0.0498501635826631
"SYR","LTU",0
"SYR","MAC",0.000424067531641976
"SYR","MYS",0.00268813813457313
"SYR","MLI",0.0107132850099026
"SYR","MLT",0.000607322046064411
"SYR","MRT",0.0168432927765062
"SYR","MAR",0.01250106444593
"SYR","NLD",0.024697319239185
"SYR","NZL",0.000135476602106932
"SYR","NER",0.0277479646470912
"SYR","NOR",0.00675649048972733
"SYR","CZE",0.00244399838589726
"SYR","POL",1.56235406394412e-05
"SYR","PRT",1.13133807903836
"SYR","QAT",0.00943633053968103
"SYR","ROU",0.00181921805639022
"SYR","RUS",0.00351473866028001
"SYR","VCT",0.000456054558644781
"SYR","SAU",0.582523074992024
"SYR","SYC",5.65665319628549e-05
"SYR","SVN",0.00155834384038859
"SYR","SGP",0
"SYR","ZAF",0.000645515947484369
"SYR","ESP",0.00463438854053368
"SYR","SWE",0.0287536999407528
"SYR","CHE",0.000670696280307441
"SYR","TZA",5.57983594265758e-05
"SYR","TTO",0.00254467872110493
"SYR","OMN",0.00411827579323752
"SYR","TUN",6.93971600706226
"SYR","TUR",3.57810294810003
"SYR","ARE",0.0639042395937046
"SYR","UGA",7.11799559601023e-05
"SYR","GBR",0.01394884328626
"SYR","UKR",0.000540418452176351
"SYR","USA",0.0248060068393904
"SYR","VEN",0.0156062718788816
"SYR","YEM",2.02893146774768
"SYR","ZMB",0
"SYR","BEL",0.0343584475334634
"SYR","LUX",0.000550171823946037
"SYR","SDN",0.00175485840396581
"TWN","ARG",0.0313067830682954
"TWN","AUS",2.8772770583386
"TWN","AUT",0.00652799915458875
"TWN","BHR",0.00121095307861497
"TWN","BGD",0.000134642230106815
"TWN","BRA",0.069411607309545
"TWN","BLZ",0.011890633442739
"TWN","SLB",0.000799024836244799
"TWN","BRN",0.0360239282398684
"TWN","MMR",0.093571137465863
"TWN","CMR",0.00162267712534406
"TWN","CAN",3.59880133146778
"TWN","LKA",0.00249844305912734
"TWN","TCD",0
"TWN","CHL",0.085669453128572
"TWN","CHN",16.8494023673712
"TWN","COL",0.0158601598579871
"TWN","COM",0.00381286133980705
"TWN","COG",0
"TWN","CRI",0.0277125529074867
"TWN","CYP",0
"TWN","BEN",0.0492454251970087
"TWN","DNK",0.0140652200081128
"TWN","DMA",0
"TWN","DOM",0.00527134329161894
"TWN","ECU",0
"TWN","SLV",0.000978684183237988
"TWN","FJI",0.00787278846626785
"TWN","FRA",0.452863443905887
"TWN","PYF",0.00510656834832014
"TWN","DJI",0.0551879559145046
"TWN","GAB",0
"TWN","DEU",0.189739361258708
"TWN","GHA",0.00553799362806264
"TWN","KIR",0.000423767943202035
"TWN","GTM",0.00549786329433168
"TWN","GIN",0.000695433053718881
"TWN","GUY",0.019980725797147
"TWN","HTI",3.61316894188368e-05
"TWN","HND",0.000446280512631028
"TWN","HKG",35.7298025117021
"TWN","HUN",0.00610854724321946
"TWN","IND",0.00191659695620231
"TWN","IDN",0.213646896126816
"TWN","IRL",0.0230012103273666
"TWN","ISR",0.0618768289928468
"TWN","ITA",0.093066102209957
"TWN","CIV",0.00178437194408749
"TWN","JPN",3.66607820899408
"TWN","JOR",0.00153525222015624
"TWN","KEN",0.0656521657372548
"TWN","KHM",0.0328480047292375
"TWN","PRK",0.45492506855022
"TWN","KOR",3.84788052761707
"TWN","KWT",0.00225040369682772
"TWN","LVA",2.42190615722993e-05
"TWN","LAO",0
"TWN","LBN",0.00130743551902494
"TWN","LSO",0.000296384363256256
"TWN","LBR",0.00242190615722993
"TWN","LTU",0.00307582081968202
"TWN","MAC",1.46359730093741
"TWN","MDG",0.00692438722587207
"TWN","MWI",0
"TWN","MYS",1.5242228135722
"TWN","MDV",1.21095307861497e-05
"TWN","MLT",0.00449237338440871
"TWN","MRT",0.0326957331226041
"TWN","MUS",0.0136490623635268
"TWN","MEX",0.00371414076931681
"TWN","MNG",0.00489225043760447
"TWN","MAR",0
"TWN","MOZ",0.000969582891807025
"TWN","NAM",0.00216398855030458
"TWN","NLD",1.06980612379919
"TWN","NZL",0.50341490661105
"TWN","NIC",0.00183646190119984
"TWN","NGA",0.0464771120737399
"TWN","NOR",0.0179116828345647
"TWN","PAN",0.00950312657450312
"TWN","CZE",0.00242190615722993
"TWN","PNG",0.000334734997340723
"TWN","PRY",0.0110210950921823
"TWN","PER",0.00616512949072747
"TWN","PHL",1.46507488684999
"TWN","POL",0.00700462517376404
"TWN","PRT",0.106215850441879
"TWN","QAT",0.00942764711431844
"TWN","ZWE",0
"TWN","RUS",0.0483860620073652
"TWN","KNA",7.84330042788556e-05
"TWN","LCA",0.0012308730926724
"TWN","VCT",2.41096710502926e-05
"TWN","STP",8.0620814718991e-05
"TWN","SAU",0.0721468057339919
"TWN","SEN",0.00320647685916691
"TWN","SYC",0.00122204527754645
"TWN","SGP",2.18075981952889
"TWN","SOM",4.84381231445987e-05
"TWN","ZAF",0.07897963637466
"TWN","ESP",0.196660263302549
"TWN","SUR",0.00217761524348441
"TWN","SWZ",0.000240201391153578
"TWN","SWE",0.0106814331457304
"TWN","CHE",0.00358451135988096
"TWN","TZA",0.00242190615722993
"TWN","THA",0.907664281468932
"TWN","TGO",4.81755858917824e-05
"TWN","TON",0.000276702330956839
"TWN","TTO",0.026239427940399
"TWN","TUR",0.00209494882600389
"TWN","ARE",0.156954603941484
"TWN","TUV",0.000180740489985689
"TWN","GBR",0.678183021957029
"TWN","UKR",0.00903370996646766
"TWN","USA",18.57525448683
"TWN","BFA",5.97272250156976e-06
"TWN","URY",0.0206999247231327
"TWN","VEN",0.00243175130421054
"TWN","VNM",1.36929256109553
"TWN","ETH",0.0551879559145046
"TWN","ZMB",0.00242190615722993
"TWN","BEL",0.0424735205452053
"TWN","LUX",0
"TZA","ATG",0.112941303325807
"TZA","ARG",0.277903299050949
"TZA","AUS",1.82239575456826
"TZA","BWA",0.000339920427485437
"TZA","BRA",0.00108165954720429
"TZA","BGR",0.0432663818881718
"TZA","BDI",3.30342225217625
"TZA","CMR",0.00973493592483865
"TZA","CAN",0.103036986647697
"TZA","CHN",0.00306430583812381
"TZA","COL",0.0432663818881718
"TZA","COM",0.301238555425966
"TZA","COG",4.49330779854938
"TZA","CRI",0.0270414886801073
"TZA","DNK",0.000992511782324819
"TZA","EGY",0.0545881480278651
"TZA","FRA",0.000584096155490319
"TZA","DJI",0.0168727002995219
"TZA","GMB",0.0208338326523333
"TZA","DEU",1.82158599570393e-05
"TZA","GIN",0.226748825767025
"TZA","HKG",0.0035133134139001
"TZA","IND",0.0848239199872905
"TZA","ITA",0.0284440801808777
"TZA","JPN",0.198502356464964
"TZA","KEN",3.4827903659698
"TZA","LBN",0.0438607003207016
"TZA","MDG",0.00073992644849964
"TZA","MWI",0.91234536354092
"TZA","MLI",0.0595507069394891
"TZA","MOZ",0.0267739839725642
"TZA","NLD",0.00614079520411449
"TZA","NZL",0.0109651750801754
"TZA","PAK",0.0552874706410543
"TZA","PRT",0
"TZA","QAT",0
"TZA","ZWE",0.0757661901057052
"TZA","RWA",4.78158273121592
"TZA","RUS",8.31499032583837
"TZA","STP",0
"TZA","SAU",0.0843744072408465
"TZA","SEN",0
"TZA","SYC",0.00258026319074989
"TZA","SOM",1.84649685280342
"TZA","ZAF",0.0957338743948205
"TZA","ESP",0
"TZA","SUR",0.0198502356464964
"TZA","CHE",0.000360553182401431
"TZA","TWN",0.0108165954720429
"TZA","OMN",0.0997795174136937
"TZA","TUR",0
"TZA","ARE",0.22857987925536
"TZA","UGA",27.7337721591937
"TZA","GBR",0.00305597727572613
"TZA","USA",0.0206067350890003
"TZA","VNM",0.00551836550972599
"TZA","ETH",0.0969838534123806
"TZA","COD",36.2620161612516
"TZA","ZMB",0.270996145960046
"TZA","BEL",0.164183438578529
"TZA","SDN",0.661198076273135
"TZA","SSD",0.0648995728322576
"THA","ARM",0.000135992003499564
"THA","AFG",0.000458177478730633
"THA","ALB",0.00247729529942622
"THA","DZA",0.0129501651639979
"THA","ATG",0.000102666972106468
"THA","ARG",0.0103113179275573
"THA","AUS",5.38635555915294
"THA","AUT",0.0186907962023368
"THA","BHR",0.1094286137042
"THA","BRB",0.00183652015209379
"THA","BGD",0.0463512244556683
"THA","BTN",0.0178750830293851
"THA","BWA",0.000289483300252884
"THA","BRA",0.117873289089535
"THA","BLZ",0.000870487589747717
"THA","SLB",0.00117672915436641
"THA","BRN",0.152821981320337
"THA","BGR",0.00526348618008384
"THA","MMR",6.13059233277371
"THA","CMR",0.00205788294254806
"THA","CAN",4.01565462451354
"THA","CAF",0
"THA","LKA",0.0951520135611644
"THA","TCD",0
"THA","CHL",0.0600199085173109
"THA","CHN",1.80262178042225
"THA","COL",0.00963021426159135
"THA","COM",0.000814491312044648
"THA","COG",0.00332199104299484
"THA","COK",0.000149874303156074
"THA","CRI",0.00059202728615515
"THA","CUB",0.00071477358087132
"THA","CYP",0.0581525089779563
"THA","AZE",0.000560438318945308
"THA","BEN",0.0300552234928441
"THA","DNK",0.159129867024308
"THA","DMA",0.000358360596404149
"THA","DOM",0.000240653422972924
"THA","BLR",0.000585452148255909
"THA","ECU",0.0163635394574837
"THA","EGY",0.036271837811314
"THA","SLV",0.000369510674743354
"THA","EST",0.0276389820528221
"THA","FRO",0.00374484875630399
"THA","FJI",0.0053429988285624
"THA","FIN",0.107534917862583
"THA","FRA",1.71403701516143
"THA","PYF",0.0499790040289968
"THA","DJI",0.000733456743952483
"THA","GEO",0.00206488738976427
"THA","GAB",0.000724511640556215
"THA","GMB",0.00160203254391135
"THA","DEU",0.731395210249299
"THA","GHA",0.264825605093641
"THA","KIR",0.00411056321078018
"THA","GRC",0.0664319348021084
"THA","GTM",0.000505079768222317
"THA","GIN",0.00602804471716576
"THA","GUY",0
"THA","HTI",0.00241065667499585
"THA","HND",0.00101561024145933
"THA","HKG",3.48649857376867
"THA","HUN",0.0101724940035579
"THA","HRV",0.000736148621879665
"THA","ISL",0.0579361168978638
"THA","IND",0.397460141002028
"THA","IDN",2.39000147932691
"THA","IRN",0.0252689145380272
"THA","IRQ",0.0126451899091943
"THA","IRL",0.084233182269462
"THA","ISR",0.658160004023712
"THA","ITA",0.357038628833766
"THA","CIV",0.427606174843486
"THA","KAZ",0.007056883607077
"THA","JAM",0.00303676630444283
"THA","JPN",8.08921558516787
"THA","JOR",0.0373467407743395
"THA","KGZ",0.00782202340644456
"THA","KEN",0.00560999703331506
"THA","KHM",5.28159831569682
"THA","PRK",0.119073744560986
"THA","KOR",2.44565504726605
"THA","KWT",0.0877685573944405
"THA","LVA",0.0150701366998747
"THA","LAO",7.07988975183588
"THA","LBN",0.0423076217662914
"THA","LBR",0.0332122335928968
"THA","LBY",0.0217521051713843
"THA","LTU",0.0104561442060595
"THA","MAC",0.00923487122789521
"THA","MDG",0.00700753519287345
"THA","MWI",0
"THA","MYS",9.48238619485812
"THA","MDV",0.0893966954631717
"THA","MLI",0.000484955372307789
"THA","MLT",0.0102827952350524
"THA","MRT",0.00038808115456245
"THA","MUS",0.0140331946853768
"THA","MEX",0.0234224611831701
"THA","MNG",0.0151056355791986
"THA","MAR",0.00481522998410654
"THA","MOZ",0.00269090937667408
"THA","MDA",0.00219857147311851
"THA","NAM",0.00130748475704663
"THA","NPL",0.0181944526118666
"THA","NLD",4.48270776921615
"THA","NCL",0.0252849118093477
"THA","MKD",0.00115092179803841
"THA","VUT",0.00176073532560604
"THA","NZL",1.86496294580026
"THA","NER",2.42477686153894e-05
"THA","NGA",0.0284297690727252
"THA","NOR",0.190253442328657
"THA","PAK",0.109324148226291
"THA","PAN",0.00141311962788126
"THA","CZE",0.126737673962012
"THA","PNG",0.0286490024319723
"THA","PRY",0.0110825643714098
"THA","PER",0.00281181869954957
"THA","PHL",1.44195306114409
"THA","POL",0.262054886583214
"THA","PRT",0.0508462410986856
"THA","GNB",0.00359334402372639
"THA","TLS",0.00144010646446096
"THA","QAT",0.0710292338271087
"THA","ZWE",0.001433121029647
"THA","ROU",0.00300855211591711
"THA","RWA",0.00130941196542998
"THA","RUS",0.183276400821331
"THA","KNA",0.0022991558916038
"THA","LCA",0.000243023017496249
"THA","VCT",0
"THA","STP",0
"THA","SAU",0.740540313283035
"THA","SEN",0.00272547562424606
"THA","SYC",0.00934241530397764
"THA","SLE",0.00560816155661082
"THA","SVN",0.023000662231287
"THA","SVK",0.00469466431918409
"THA","SGP",2.84163500585181
"THA","SOM",0.000415503530635115
"THA","ZAF",0.257742411639547
"THA","ESP",0.364479194589243
"THA","SUR",0.0082360202428451
"THA","SWZ",0.00406005243619795
"THA","SWE",0.682777154063234
"THA","CHE",0.344561392243272
"THA","SYR",0.0402506897073311
"THA","TKM",0.000247892047338696
"THA","TWN",1.30705751093363
"THA","TZA",0.000776730191763366
"THA","TGO",0.0452079916525015
"THA","TON",0.00106501263549827
"THA","TTO",0.00168288034993027
"THA","OMN",0.0325898978058526
"THA","TUN",0.00880259532152046
"THA","TUR",0.0209584016658397
"THA","ARE",0.555757935975447
"THA","UGA",0.000954227599493054
"THA","GBR",3.29549950414495
"THA","UKR",0.0514855162017237
"THA","USA",14.8295791731823
"THA","BFA",0.00280998041946451
"THA","URY",0.0308445551065885
"THA","UZB",0.000138699184091965
"THA","VEN",0.00158679734953433
"THA","VNM",2.83580549347707
"THA","ETH",9.59900019259506e-05
"THA","YEM",0.00150274398293985
"THA","COD",0.00247222068832375
"THA","ZMB",0.00105042780439306
"THA","BEL",0.552158953289008
"THA","LUX",5.74044706910746e-05
"THA","SRB",0.00219078102537059
"THA","MNE",0
"THA","SDN",0.000169230435719033
"THA","SSD",7.08930745060382e-06
"THA","PSE",0.0019332190847648
"TGO","CMR",0.307485715260077
"TGO","CAN",1.5809182330434
"TGO","CHN",0.191056842868734
"TGO","COG",0.173970598506723
"TGO","BEN",36.0595329987511
"TGO","DNK",0.129897812402815
"TGO","GNQ",0.0570072965387365
"TGO","FRA",0.0865661212187944
"TGO","GAB",0.278931975444186
"TGO","GMB",0.0515140465225853
"TGO","DEU",0.342930224743431
"TGO","GHA",5.64180397572494
"TGO","GIN",0.000948111285691754
"TGO","IND",0.79590245342239
"TGO","IDN",0.500392067448426
"TGO","ITA",0.183355758276281
"TGO","CIV",0.0577509156324697
"TGO","JPN",0.613117674541286
"TGO","JOR",0.166269199875603
"TGO","LBR",0.147308401610256
"TGO","MLI",1.0182335221542
"TGO","MAR",1.30417403652426
"TGO","NLD",0.0476767794972969
"TGO","NER",16.6970755692194
"TGO","NGA",1.98731205625492
"TGO","PHL",0.0105345698410195
"TGO","STP",0.245345801670264
"TGO","SEN",0.206029849665739
"TGO","ZAF",0.0124834652616081
"TGO","TUR",0.290701454762933
"TGO","UGA",0.228620149828954
"TGO","GBR",0.413232062774625
"TGO","USA",3.87095480960388
"TGO","BFA",26.2492933847528
"TGO","COD",0.0516720650702006
"TON","AUS",0
"TON","BHS",4.71965425247796
"TON","CHN",0
"TON","COK",0
"TON","FJI",93.7203540903452
"TON","FRA",0
"TON","GHA",0.160025231953013
"TON","IDN",0
"TON","NZL",1.39996642522381
"TON","PNG",0
"TON","USA",0
"TTO","ALB",0.00047421115890953
"TTO","ATG",3.46192140135105
"TTO","BHS",0.0218861800858536
"TTO","BRB",15.3286578037188
"TTO","BRA",0
"TTO","BLZ",0.535624599207899
"TTO","CAN",0.30598094647476
"TTO","CHN",0.000105380257535451
"TTO","COL",0.0189723017316569
"TTO","CRI",0.0110648699245516
"TTO","CUB",0.060853671726478
"TTO","CYP",0.000114304737340283
"TTO","DNK",0.057835412656484
"TTO","DMA",0.802921462855873
"TTO","DOM",1.83374034813682
"TTO","FRO",0.0526901287677256
"TTO","FRA",0.00653354423571423
"TTO","GEO",0
"TTO","GAB",0.00888649721878221
"TTO","DEU",0.0269452653990037
"TTO","GHA",0
"TTO","GRC",0.0155101033382513
"TTO","GRD",5.7242288620836
"TTO","GTM",5.26901287677256e-05
"TTO","GUY",18.397256786338
"TTO","HTI",0.447212965395631
"TTO","HKG",0
"TTO","IND",0.0104474244345665
"TTO","IRL",0.0368830901374079
"TTO","ITA",0.000437894475757069
"TTO","JAM",30.4049284627234
"TTO","JPN",2.94150854367249e-05
"TTO","LBR",0.00262939449635407
"TTO","MLT",0.000602081105553157
"TTO","MEX",0.000415809363066713
"TTO","MAR",0
"TTO","NLD",0.0101131887833514
"TTO","VUT",0.00323332713398407
"TTO","NGA",5.26901287677256e-05
"TTO","NOR",0.000661982214003187
"TTO","PAN",0.0488489677544184
"TTO","PER",0
"TTO","RUS",0.00205220198008063
"TTO","KNA",0.592756901447684
"TTO","LCA",6.06620451374513
"TTO","VCT",3.82103279059493
"TTO","SVN",0.000262736685454242
"TTO","SGP",0.13655153780609
"TTO","ESP",0.00047421115890953
"TTO","SUR",6.67781373738457
"TTO","CHE",0.00047421115890953
"TTO","ARE",0
"TTO","UGA",0
"TTO","GBR",0.0265629560832672
"TTO","USA",3.86067114133214
"TTO","VEN",1.0093309375677
"TTO","COD",0.116946383362513
"TTO","BEL",0.000978836944993927
"TTO","LUX",0
"TTO","MNE",0
"OMN","AFG",0.00413191348675548
"OMN","DZA",0.0963865424620503
"OMN","ARG",0.00964113146909611
"OMN","AUS",0.067800754965313
"OMN","AUT",0.00413191348675548
"OMN","BHR",0.857989574084047
"OMN","BGD",0.0042375286045233
"OMN","BWA",0.0676192233122519
"OMN","SLB",0.018809388394708
"OMN","BRN",0.00864641155561794
"OMN","BGR",0.00134537890086365
"OMN","MMR",0.487658401789566
"OMN","BDI",0.0107429750655642
"OMN","CMR",0.304942978990171
"OMN","CAN",0.0559218844746899
"OMN","LKA",0.0112452072214042
"OMN","CHL",0.00364985691330067
"OMN","CHN",0.0720007252343169
"OMN","COL",0.137700589298449
"OMN","COM",0.0104995727924556
"OMN","COG",0.034607552633503
"OMN","CYP",0.0142939046607794
"OMN","AZE",0.00229550749264193
"OMN","BEN",0.0775862236450975
"OMN","DNK",0.0105887717058688
"OMN","EGY",0.136297494967722
"OMN","GNQ",0.0147994913956508
"OMN","FJI",0.0174363469844663
"OMN","FIN",0.00757517472571837
"OMN","FRA",0.00546872178202135
"OMN","DJI",1.9802899180941
"OMN","GEO",0.0252505824190612
"OMN","GAB",0.0204363246644523
"OMN","GMB",0.0446949266226824
"OMN","DEU",0.0961380493504107
"OMN","GHA",0.0500206130282363
"OMN","GRC",0.00011250475068951
"OMN","GIN",0.0298002782694775
"OMN","HKG",0.00882258242434694
"OMN","IND",0.0847493551663752
"OMN","IDN",0.434521534892913
"OMN","IRN",0.0141788129194568
"OMN","IRQ",0.354142741072476
"OMN","ITA",0.0366330579346352
"OMN","CIV",0.011607616221126
"OMN","JPN",0.049582025048593
"OMN","JOR",0.557204478445763
"OMN","KEN",0.944693224617717
"OMN","KHM",0.0128548419587948
"OMN","KOR",0.0151865470184839
"OMN","KWT",0.46552977799026
"OMN","LBN",0.0456464128383303
"OMN","LBR",0.22715497765386
"OMN","LBY",0.104136602542834
"OMN","MDG",0.0153733952259905
"OMN","MYS",0.207786884093823
"OMN","MDV",0.0937724648633483
"OMN","MLI",0.0192822629381922
"OMN","MRT",0.104777930824454
"OMN","MUS",0.0336571604257696
"OMN","MEX",0.000543456733217342
"OMN","MAR",0.0118409617117737
"OMN","MOZ",0.0342877901283046
"OMN","MDA",0.0218853684348482
"OMN","NAM",0.0105593344661529
"OMN","NPL",0.0087045644120982
"OMN","NLD",0.0881222184723685
"OMN","VUT",0.00699364616091575
"OMN","NZL",0.0670673797749373
"OMN","NER",0.0246571097502319
"OMN","NGA",0.0313617542135419
"OMN","NOR",1.54900099096976e-05
"OMN","PAK",0.0545176523185988
"OMN","PAN",0.000616427743755797
"OMN","CZE",0.00505011648381225
"OMN","PNG",0.0438135863428923
"OMN","PRY",0.0101002329676245
"OMN","PHL",0.115240857378795
"OMN","POL",0.0922794012042056
"OMN","PRT",0.0108613212296293
"OMN","ERI",0.10396907093164
"OMN","QAT",2.35674074184521
"OMN","ZWE",0.0108691346643468
"OMN","RWA",0.0198207211882921
"OMN","RUS",0.00184146564929155
"OMN","SAU",4.61550224051388
"OMN","SEN",0.457018759385718
"OMN","SYC",0.0144185271154763
"OMN","SLE",0.0483730248350246
"OMN","SVK",0.00642742097939741
"OMN","SGP",0.130242254659929
"OMN","SOM",40.9442624174556
"OMN","ZAF",0.36791769266123
"OMN","ESP",0.0112580122962629
"OMN","SUR",0.00642742097939741
"OMN","SWE",0.00177271654774588
"OMN","CHE",0.00297038669547866
"OMN","SYR",0.115078038228135
"OMN","TWN",0.00819799339458015
"OMN","TZA",2.02999117573967
"OMN","THA",0.00433391814610797
"OMN","TGO",0.0576202166262541
"OMN","TON",0.00547937638493629
"OMN","TUN",0.0287396648491855
"OMN","TUR",0.0844046267584197
"OMN","ARE",9.70457459201684
"OMN","UGA",0.0778780466094466
"OMN","GBR",0.0633822425714695
"OMN","UKR",0.0068543853730288
"OMN","USA",0.137624903492599
"OMN","UZB",0.00505011648381225
"OMN","VEN",0.0246571097502319
"OMN","VNM",0.00505011648381225
"OMN","ETH",0.0403156097321497
"OMN","YEM",25.9128197274359
"OMN","ZMB",0.0430104685206658
"OMN","BEL",0.00229550749264193
"OMN","SDN",0.107406548127635
"OMN","PSE",0.00767107592763319
"TUN","AFG",0.0430638119005181
"TUN","ALB",0.000627514377889317
"TUN","DZA",4.32544739686968
"TUN","ATG",0.0272968754381853
"TUN","ARG",0
"TUN","AUS",0.00360848260012037
"TUN","AUT",0.00100637618353999
"TUN","BHR",0.0720931841857062
"TUN","BRA",0
"TUN","CMR",1.29977611733063
"TUN","CAN",0.131214161368672
"TUN","CPV",0.0512320126549256
"TUN","CAF",0.0487044264050212
"TUN","TCD",0.847374068933964
"TUN","CHN",0.0293035133663881
"TUN","COM",0.0232155783624241
"TUN","COG",0.327559573031486
"TUN","CRI",0.00255084594612008
"TUN","CYP",0.378858525958805
"TUN","BEN",2.92316310077004
"TUN","DNK",0.000681864945686994
"TUN","DOM",0.0234051384031169
"TUN","EGY",0.163788438031231
"TUN","GNQ",0.41752973265897
"TUN","EST",0.00658890096783783
"TUN","FRA",0.890127698691882
"TUN","PYF",0.00564762940100386
"TUN","DJI",0.0925310359002668
"TUN","GAB",0.411474328599811
"TUN","GMB",0.114852127245838
"TUN","DEU",0.0135858809530726
"TUN","GHA",0.224779551171228
"TUN","GRC",0.000155309808527606
"TUN","GIN",0.407832321455025
"TUN","HTI",0.0252765852459563
"TUN","HKG",0.0524740829837137
"TUN","HUN",0.00374467929569723
"TUN","IND",0.0025946635405355
"TUN","IDN",0
"TUN","IRQ",0.0196367678887829
"TUN","IRL",0.000192960671200965
"TUN","ITA",0.124230211372282
"TUN","CIV",4.76980792886614
"TUN","JPN",0.936360568525932
"TUN","JOR",0.179553287008047
"TUN","KEN",0.0338449624627458
"TUN","KOR",0.0681765093241045
"TUN","KWT",0.0340815744965724
"TUN","LBN",0.368349079027431
"TUN","LBR",0.0599469917053351
"TUN","LBY",52.1416233124604
"TUN","MAC",0.126382926229781
"TUN","MDG",0.936406136655883
"TUN","MYS",0.0633890379201117
"TUN","MDV",0.0125612690593994
"TUN","MLI",1.37725009083301
"TUN","MLT",0.00443649186706673
"TUN","MRT",1.20450058765329
"TUN","MUS",0.0230372595707359
"TUN","MEX",0.00470635783416988
"TUN","MAR",0.297472409466227
"TUN","MOZ",0.00327562505258224
"TUN","MDA",0.00552997045514961
"TUN","NLD",0.0119155850926501
"TUN","NCL",0.0133269572762663
"TUN","NZL",0.0645930430798517
"TUN","NER",10.0135686056247
"TUN","NGA",0.368436608287968
"TUN","NOR",0.00280850947177292
"TUN","PAK",0
"TUN","PAN",0.0105622435693358
"TUN","CZE",0.00704808971560125
"TUN","POL",0.00764334012471451
"TUN","PRT",0.00178841597698455
"TUN","GNB",0.0532462190187348
"TUN","QAT",0.047387095970368
"TUN","ROU",0.000941271566833976
"TUN","RWA",0.0185491273178705
"TUN","RUS",0.00544304951032612
"TUN","STP",0
"TUN","SAU",0.0541522994917983
"TUN","SEN",1.44115764411491
"TUN","SYC",0.00564762940100386
"TUN","SLE",0.0577703085845519
"TUN","SGP",0.120440928813761
"TUN","SOM",0.328595608197432
"TUN","ZAF",0.0172858350140139
"TUN","ESP",0.00283014794746396
"TUN","SUR",0.0513241768552894
"TUN","SWE",0.0229290378681601
"TUN","CHE",0.0163883906984659
"TUN","SYR",0.0334086590901368
"TUN","TWN",0.0108246230185907
"TUN","TZA",2.56851313514115
"TUN","THA",0.00468084911962153
"TUN","TGO",0.396429860087274
"TUN","OMN",0.0231594013610024
"TUN","TUR",0.0120804361673417
"TUN","ARE",0.116254245991292
"TUN","GBR",0.0255684240719253
"TUN","USA",0.0985135466279123
"TUN","BFA",0.564874935440328
"TUN","VEN",0.122365303688417
"TUN","VNM",0.0136399943345771
"TUN","ETH",6.01376100932163
"TUN","YEM",0.28687447299588
"TUN","COD",0.021222689312504
"TUN","BEL",0.0982518188927499
"TUN","LUX",0.00329445048391892
"TUN","SDN",0.00813229723868067
"TUN","PSE",0.0520617303615872
"TUR","ARM",9.3110598361855e-07
"TUR","AFG",0.0826369780668458
"TUR","ALB",0.570689273062728
"TUR","DZA",0.756675763101788
"TUR","ATG",0.00352866756949829
"TUR","ARG",0.000513053031768808
"TUR","AUS",0.0342784996741529
"TUR","AUT",0.0201359488580852
"TUR","BHS",0.00892844270570149
"TUR","BHR",0.0277811786168477
"TUR","BRB",0.00265016033578201
"TUR","BGD",0.785942819377904
"TUR","BTN",5.99011516127934e-05
"TUR","BOL",0.0180466405412427
"TUR","BWA",0.00501555335955451
"TUR","BRA",0.0206849390966647
"TUR","BLZ",0.000922264121573267
"TUR","SLB",0.000719483340909944
"TUR","BRN",0.000277622160015734
"TUR","BGR",0.207367155361371
"TUR","MMR",0.153331504630721
"TUR","BDI",0.00154439824314564
"TUR","CMR",0.463665247718536
"TUR","CAN",0.191009256889318
"TUR","CPV",0.0117050313855549
"TUR","CAF",0.0125055239195899
"TUR","LKA",0.287953090431535
"TUR","TCD",0.237011509258209
"TUR","CHL",0.0837438832285568
"TUR","CHN",0.337021721426664
"TUR","COL",0.0261561568297233
"TUR","COM",0.0621030861353947
"TUR","COG",0.372210927473438
"TUR","COK",3.4098497358533e-06
"TUR","CRI",0.0294510376144068
"TUR","CUB",0.392442115370362
"TUR","CYP",0.334735597578411
"TUR","AZE",0.655864133337953
"TUR","BEN",2.46185515894617
"TUR","DNK",0.0304417971811202
"TUR","DMA",0.00149624114821983
"TUR","DOM",0.107898173904921
"TUR","BLR",0.00412959718451289
"TUR","ECU",0.0136142777156213
"TUR","EGY",0.9941363075913
"TUR","SLV",0.0170539026259234
"TUR","GNQ",0.209947294429513
"TUR","EST",0.00166366223758214
"TUR","FRO",0
"TUR","FJI",0.0115842172136421
"TUR","FIN",0.00165297390851145
"TUR","FRA",0.0774585825227127
"TUR","PYF",0.000622235556183564
"TUR","DJI",1.2485686816754
"TUR","GEO",0.347930205033913
"TUR","GAB",0.0871409924978147
"TUR","GMB",0.628702447980331
"TUR","DEU",0.622150011099508
"TUR","BIH",0.0970247293483195
"TUR","GHA",1.53840528270891
"TUR","KIR",0.00856433507994353
"TUR","GRC",0.0313080898307291
"TUR","GRD",0.00052620903738801
"TUR","GTM",0.0048332426397405
"TUR","GIN",0.34474458926573
"TUR","GUY",0.00842373884955633
"TUR","HTI",0.543836130032172
"TUR","HND",0.0377533302391015
"TUR","HKG",0.0668433658064294
"TUR","HUN",0.0128038264829576
"TUR","HRV",0.465139311292297
"TUR","ISL",0.033247350753116
"TUR","IND",0.0337270304968372
"TUR","IDN",3.48392974059582
"TUR","IRN",0.0583945869577129
"TUR","IRQ",32.7600703147299
"TUR","IRL",0.00129525317716154
"TUR","ISR",2.36432898964655
"TUR","ITA",1.38662388617948
"TUR","CIV",0.147193207702724
"TUR","KAZ",0.036580747737341
"TUR","JAM",0.00627572506272307
"TUR","JPN",0.678757716173174
"TUR","JOR",0.31828332173976
"TUR","KGZ",0.00834754059051481
"TUR","KEN",0.712832426859161
"TUR","KHM",0.00777604214319721
"TUR","PRK",0.0175154872938326
"TUR","KOR",0.301931733944223
"TUR","KWT",0.0746407572231265
"TUR","LVA",0.00415411707339134
"TUR","LAO",0.00074488478689484
"TUR","LBN",0.905154749983125
"TUR","LBR",0.1461301524857
"TUR","LBY",2.58064974697163
"TUR","LTU",0.0106001459817968
"TUR","MAC",0.00017970345483838
"TUR","MDG",1.14359953310126
"TUR","MWI",0.030968610929274
"TUR","MYS",0.281240632507994
"TUR","MDV",0.130734324094845
"TUR","MLI",0.0663953835499388
"TUR","MLT",0.00633375918147552
"TUR","MRT",0.153766553215679
"TUR","MUS",0.102434562774901
"TUR","MEX",0.0289364393623492
"TUR","MNG",0.0218194833266291
"TUR","MAR",0.22456265401286
"TUR","MOZ",0.120646867660285
"TUR","MDA",0.0307625488171853
"TUR","NAM",0.00987500305802707
"TUR","NPL",0.00625945428958583
"TUR","NLD",0.140421234045957
"TUR","NCL",0.000890972179595261
"TUR","MKD",0.403993393857562
"TUR","VUT",0.00438635435567915
"TUR","NZL",0.0049949200754261
"TUR","NIC",0.00343891750927724
"TUR","NER",0.524064836687307
"TUR","NGA",0.0560455041768464
"TUR","NOR",0.0341534017582147
"TUR","PAK",0.113882020974847
"TUR","PAN",0.0434746198024004
"TUR","CZE",0.0352830865279286
"TUR","PNG",0.0322355844252597
"TUR","PRY",0.000954559424672949
"TUR","PER",0.0506630928618522
"TUR","PHL",1.74732170135557
"TUR","POL",0.0640630529447786
"TUR","PRT",0.157586978176148
"TUR","GNB",0.04971699407894
"TUR","TLS",0.0252074305254973
"TUR","ERI",0.74740448491807
"TUR","QAT",0.0788662083927533
"TUR","ZWE",0.0401695795318383
"TUR","ROU",0.399043010002804
"TUR","RWA",0.0583347263804812
"TUR","RUS",0.0708071829864899
"TUR","KNA",0.00124601141036623
"TUR","LCA",0.000760403219955149
"TUR","VCT",0.00155078536103887
"TUR","STP",0.0142048017390699
"TUR","SAU",0.867210698469338
"TUR","SEN",0.462625287019065
"TUR","SYC",0.00548603776453628
"TUR","SLE",0.468335942651618
"TUR","SVN",0.0241317034418402
"TUR","SVK",0.0372890910571806
"TUR","SGP",0.15798084950317
"TUR","SOM",2.17845371030364
"TUR","ZAF",0.130770368545341
"TUR","ESP",0.145924712441777
"TUR","SUR",0.0114037725829003
"TUR","TJK",0.0202066831974574
"TUR","SWE",0.037295875927156
"TUR","CHE",0.0209850603198365
"TUR","SYR",4.7819469522251
"TUR","TKM",0.0782041700166773
"TUR","TWN",0.0749048628700021
"TUR","TZA",0.540285393465724
"TUR","THA",0.596704712102613
"TUR","TGO",1.03044172452132
"TUR","TON",0.0101611995194844
"TUR","TTO",0.0580485296854517
"TUR","OMN",0.221898833428864
"TUR","TUN",1.14265853573187
"TUR","ARE",0.856167630448364
"TUR","UGA",0.115329859563822
"TUR","TUV",0.000750485511346891
"TUR","GBR",0.224698483542709
"TUR","UKR",0.330668258574169
"TUR","USA",0.36054078281765
"TUR","BFA",0.0934177607213362
"TUR","URY",0.00369445313385606
"TUR","UZB",0.00902111004866599
"TUR","VEN",1.65785220353296
"TUR","VNM",0.128037192903309
"TUR","ETH",0.101988679234509
"TUR","YEM",3.09180021454311
"TUR","COD",0.242281617889933
"TUR","ZMB",0.00336018948839909
"TUR","BEL",0.121163056827707
"TUR","LUX",0.000591009079350628
"TUR","SRB",0.0662133148435102
"TUR","MNE",0.00458735479217024
"TUR","SDN",4.30159142497876
"TUR","SSD",0.0951509661461619
"TUR","PSE",0.884402418562405
"ARE","ARM",0.00422028416585034
"ARE","AFG",0.441949692465687
"ARE","ALB",0.00267837933755031
"ARE","DZA",0.0651561524944736
"ARE","ATG",0.00325609347793566
"ARE","ARG",0.0163213381840491
"ARE","AUS",0.358420834114227
"ARE","AUT",0.00322139932788042
"ARE","BHS",0.00630926914994195
"ARE","BHR",2.41088887139708
"ARE","BRB",0.00238350167886696
"ARE","BGD",0.0813017952430955
"ARE","BTN",0.00104890774105088
"ARE","BOL",0.0378695468399607
"ARE","BWA",0.00515101829425152
"ARE","BRA",0.00237732535764834
"ARE","BLZ",0.00432761574352385
"ARE","SLB",0.0107424487431287
"ARE","BRN",0.0343671843961781
"ARE","BGR",5.67500399730229e-05
"ARE","MMR",0.137497137865909
"ARE","BDI",0.00562186058083783
"ARE","CMR",0.164510144506029
"ARE","CAN",0.808873420093775
"ARE","CPV",0.00349935284543839
"ARE","CAF",0.0147579234350506
"ARE","LKA",7.37562074220482
"ARE","TCD",0.0489196001597122
"ARE","CHL",0.00687119375797708
"ARE","CHN",0.0923816780857526
"ARE","COL",0.00723148579665421
"ARE","COM",0.341870589523158
"ARE","COG",0.10868257226084
"ARE","CRI",0.00699861522373191
"ARE","CYP",0.0154393031808341
"ARE","AZE",0.0563768943160101
"ARE","BEN",0.206002577599665
"ARE","DNK",0.0135125115060459
"ARE","DMA",0.0088407660310915
"ARE","DOM",0.0110751597617941
"ARE","ECU",0.00612455333355917
"ARE","EGY",1.50734431700708
"ARE","SLV",0.00660971053803443
"ARE","GNQ",0.0703672556395578
"ARE","EST",1.00147129364158e-05
"ARE","FJI",0.0336226773726097
"ARE","FIN",0.00350514952774553
"ARE","FRA",0.0778916292584458
"ARE","DJI",1.75090161299897
"ARE","GEO",0.0229519579409402
"ARE","GAB",0.0579087132406897
"ARE","GMB",0.0283264321707085
"ARE","DEU",0.0130188623749171
"ARE","BIH",0.00939713897200349
"ARE","GHA",0.468364217049285
"ARE","GRC",0.00552856181433986
"ARE","GTM",0.00489942011767097
"ARE","GIN",0.044974040982585
"ARE","GUY",0.0072996129847653
"ARE","HTI",0.0180484095058919
"ARE","HND",0.0167568402343873
"ARE","HKG",0.0786104039465093
"ARE","HUN",3.67145829572004e-05
"ARE","HRV",0.000123514792882462
"ARE","ISL",0.000810079001967856
"ARE","IND",0.588756107055787
"ARE","IDN",3.4847538682535
"ARE","IRN",0.761199499908712
"ARE","IRQ",4.54564441027282
"ARE","IRL",0.0391752239601116
"ARE","ISR",0.00609729105945449
"ARE","ITA",0.0523276391921961
"ARE","CIV",0.0334817017248675
"ARE","KAZ",0.00169453452323376
"ARE","JAM",0.0127885622519408
"ARE","JPN",0.159309654601559
"ARE","JOR",1.00752276135241
"ARE","KGZ",0.000101683261483944
"ARE","KEN",1.03655873221159
"ARE","KHM",0.00744018988116906
"ARE","KOR",0.0534502244778674
"ARE","KWT",2.55819686089074
"ARE","LVA",0.00669984295446217
"ARE","LAO",0.000697691667903634
"ARE","LBN",0.576698886770134
"ARE","LBR",0.0495511941655146
"ARE","LBY",0.849767750536178
"ARE","LTU",0.000488183330470946
"ARE","MAC",0.00100147129364158
"ARE","MDG",0.291212820031001
"ARE","MWI",0.071907868487372
"ARE","MYS",0.315910442437748
"ARE","MDV",0.390539319140495
"ARE","MLI",0.0335944817018049
"ARE","MLT",0.032611117809284
"ARE","MRT",0.117109942410367
"ARE","MUS",0.0972691955107639
"ARE","MEX",0.00562775171515217
"ARE","MNG",0.00361113857298926
"ARE","MAR",1.17421877492636
"ARE","MOZ",0.378197124564917
"ARE","MDA",0.000667647529094387
"ARE","NAM",0.0315356633892443
"ARE","NPL",0.0131190897227006
"ARE","NLD",0.0646503227882321
"ARE","NCL",0.00701029905549106
"ARE","MKD",6.64028843299837e-06
"ARE","VUT",0.00422583794387353
"ARE","NZL",0.257714407632675
"ARE","NER",0.0826284311263962
"ARE","NGA",0.0820215001189819
"ARE","NOR",0.0319190206296187
"ARE","PAK",0.879401633369689
"ARE","CZE",0.00404427490748925
"ARE","PNG",0.0371613776848797
"ARE","PRY",0.00156563345572634
"ARE","PHL",1.2330467925024
"ARE","POL",0.0107891207431639
"ARE","PRT",0.00973619022973806
"ARE","GNB",0.00133529505818877
"ARE","TLS",0.01308589157025
"ARE","ERI",0.413028902287641
"ARE","QAT",5.84166089340473
"ARE","ZWE",0.00938454594543846
"ARE","ROU",0.00153225107927162
"ARE","RWA",3.32466142649988
"ARE","RUS",1.54057386058693
"ARE","KNA",0.00235345754005771
"ARE","LCA",0.00266892099755481
"ARE","VCT",0.00238683991651243
"ARE","STP",0.0135505742504997
"ARE","SAU",6.57267310520932
"ARE","SEN",0.0570014572153137
"ARE","SYC",0.354627790295481
"ARE","SLE",0.0280599208332477
"ARE","SVN",0.00267059011637755
"ARE","SVK",0.00333823764547193
"ARE","SGP",0.291223879987411
"ARE","SOM",13.1146095031655
"ARE","ZAF",0.931693600670764
"ARE","ESP",0.015501187515965
"ARE","SUR",0.0267627472381023
"ARE","TJK",0.00843347389820047
"ARE","SWZ",0.00650956340867027
"ARE","SWE",0.016496801473191
"ARE","CHE",0.0147788195361712
"ARE","SYR",0.151806083881544
"ARE","TKM",0.0394580448226997
"ARE","TWN",0.980855709564242
"ARE","TZA",0.971906078154626
"ARE","THA",0.141671340028288
"ARE","TGO",0.134414551928222
"ARE","TON",0.00522965233656708
"ARE","TTO",0.0164047067421483
"ARE","OMN",7.47337735172738
"ARE","TUN",0.0556880517266764
"ARE","TUR",0.0308187797428688
"ARE","UGA",0.064728575476737
"ARE","GBR",0.197595570212645
"ARE","UKR",0.00311624484204805
"ARE","USA",1.36889792464846
"ARE","BFA",0.00496335143960328
"ARE","URY",0.000176926595210012
"ARE","UZB",0.00373616125931844
"ARE","VEN",0.595684859722799
"ARE","VNM",0.121343313294012
"ARE","ETH",0.208446769510614
"ARE","YEM",9.33068226389772
"ARE","COD",0.0638823882536496
"ARE","ZMB",0.0194976743192871
"ARE","BEL",0.225092203694772
"ARE","SRB",0.00166953497160234
"ARE","SDN",0.419244785509471
"ARE","SSD",0.042524386769814
"ARE","PSE",0.0939279176721523
"UGA","AUS",0.0200035811117984
"UGA","BHR",0.00329204044904689
"UGA","BRA",0.0896933176237326
"UGA","BDI",1.01949103585929
"UGA","CAN",0.000749070620938568
"UGA","CAF",0.25224371632003
"UGA","COG",0.169786772604075
"UGA","DNK",0
"UGA","EGY",0.0717727406086388
"UGA","FRA",0.0140592796913921
"UGA","DEU",0.00646321668849367
"UGA","GHA",0.000306780715498756
"UGA","HKG",0.0327331327283974
"UGA","IND",0.227966824167316
"UGA","IRN",0
"UGA","JOR",0
"UGA","KEN",5.31781696118623
"UGA","MOZ",0.183669244753785
"UGA","NLD",0.00136388053034989
"UGA","RWA",6.00224791794665
"UGA","SOM",0.0278413478928758
"UGA","ZAF",0.00612382358127101
"UGA","ESP",0.0763773096995938
"UGA","SWE",0.00909253686899926
"UGA","CHE",0
"UGA","TZA",0.0642960042156097
"UGA","THA",1.80865096526977e-05
"UGA","OMN",0.0995595825623432
"UGA","TUR",0
"UGA","ARE",3.34395838610229
"UGA","GBR",0.00607079434330622
"UGA","ETH",0.029915717775708
"UGA","YEM",0.0254591032331979
"UGA","COD",14.1808219796574
"UGA","BEL",0.000641196336413725
"UGA","SDN",12.8953666015397
"UGA","SSD",50.3583951358816
"TUV","AUS",97.3094081228167
"TUV","NZL",2.69059187718333
"GBR","ARM",6.38078310266536e-05
"GBR","AFG",0.0106382024059326
"GBR","ALB",0.0350910195593636
"GBR","DZA",2.7105697810073
"GBR","ATG",0.00292500238541451
"GBR","ARG",0.000876524705850805
"GBR","AUS",0.795757219278281
"GBR","AUT",0.0445246556307472
"GBR","BHS",0.0378047587560771
"GBR","BHR",0.0461984315638027
"GBR","BRB",0.00645740206262174
"GBR","BGD",0.0289813780636226
"GBR","BOL",0.000256509748960731
"GBR","BWA",0.00182715211026554
"GBR","BRA",0.0182648292781164
"GBR","BLZ",0.00224192523377395
"GBR","BRN",0.00188690448314869
"GBR","BGR",0.0129043481895612
"GBR","MMR",0.000481692212257257
"GBR","BDI",2.17345611847606e-05
"GBR","CMR",0.00052511812401545
"GBR","CAN",0.228928773089865
"GBR","CPV",0.0111665662571963
"GBR","CAF",0.000650515416259886
"GBR","LKA",0.000893382056137137
"GBR","TCD",0.00236182231541066
"GBR","CHL",0.00223581567486275
"GBR","CHN",0.151635758475291
"GBR","COL",0.0011646123251338
"GBR","COM",0.000602559785691331
"GBR","COG",0.00040423184691741
"GBR","CRI",0.00214311897620803
"GBR","CUB",1.03802131728118
"GBR","CYP",0.0731853858135123
"GBR","AZE",0.000554988443705552
"GBR","BEN",0.0164084346991324
"GBR","DNK",0.64984803179341
"GBR","DMA",0.000634372564907204
"GBR","DOM",0.000891286419788963
"GBR","BLR",0.185071056314985
"GBR","ECU",0.000241518684775047
"GBR","EGY",0.0227007151728151
"GBR","SLV",5.32785365150769e-05
"GBR","GNQ",9.10881055220407e-05
"GBR","EST",0.0248575429788973
"GBR","FRO",0.0208182333167827
"GBR","FJI",0
"GBR","FIN",0.133720441877743
"GBR","FRA",5.10767507963399
"GBR","PYF",6.10059878168819e-06
"GBR","DJI",0.0229513738322582
"GBR","GEO",0.000177973071403289
"GBR","GAB",0.000248921511655327
"GBR","GMB",0.00141212485463744
"GBR","DEU",3.38486591271816
"GBR","BIH",0.000451242908904741
"GBR","GHA",0.061157242281829
"GBR","GRC",0.691900412788972
"GBR","GRD",0.000979229476502749
"GBR","GTM",0.000108035258795717
"GBR","GIN",0.000643325340693968
"GBR","GUY",0.000459304128319061
"GBR","HTI",4.13826044957842e-05
"GBR","HND",0.000193663775343691
"GBR","HKG",0.131620712293031
"GBR","HUN",0.0296757519675615
"GBR","HRV",0.0112450076141726
"GBR","ISL",0.230541412899039
"GBR","IND",0.0192407417575087
"GBR","IDN",0.0986229297818943
"GBR","IRN",0.00248816769526141
"GBR","IRQ",0.0124202353099627
"GBR","IRL",19.1499314482725
"GBR","ISR",0.403874739522047
"GBR","ITA",3.69806565796968
"GBR","CIV",0.00185112727499358
"GBR","KAZ",0.000379027971912294
"GBR","JAM",0.00365620159042766
"GBR","JPN",0.280615206519717
"GBR","JOR",0.0264927502205783
"GBR","KGZ",0.000171268342135914
"GBR","KEN",0.0181260319098899
"GBR","KHM",0.000432695113885295
"GBR","PRK",0.0177274502580385
"GBR","KOR",0.533840884007962
"GBR","KWT",0.106417270271139
"GBR","LVA",0.0095817022885653
"GBR","LBN",0.0590185058798874
"GBR","LBR",0.00165981628330078
"GBR","LBY",0.0097621288392583
"GBR","LTU",0.0233815404761284
"GBR","MAC",0.00927549397986406
"GBR","MDG",0.000219570312053429
"GBR","MWI",9.4779473621756e-05
"GBR","MYS",0.0539704515850671
"GBR","MDV",0.000175024071828588
"GBR","MLI",0.000388925488048494
"GBR","MLT",0.0586022622063572
"GBR","MRT",0.366193528133997
"GBR","MUS",0.00470573420650803
"GBR","MEX",0.00475247459719955
"GBR","MNG",0.00153329848699759
"GBR","MAR",0.845409548111551
"GBR","MOZ",0.000216113594038804
"GBR","MDA",8.69382447390425e-06
"GBR","NAM",0.000253811375613149
"GBR","NPL",0.0051499054792691
"GBR","NLD",13.0498710780183
"GBR","NCL",1.73876489478085e-05
"GBR","MKD",0.000243218457042445
"GBR","NZL",0.0238234079068225
"GBR","NIC",7.26959225317929e-06
"GBR","NER",0.00070637323850472
"GBR","NGA",0.509561146860763
"GBR","NOR",0.300703666577199
"GBR","PAK",0.006200651568189
"GBR","PAN",0.00351725241761633
"GBR","CZE",0.063569346987816
"GBR","PNG",1.73876489478085e-05
"GBR","PRY",4.45317009163318e-05
"GBR","PER",9.77707425933693e-05
"GBR","PHL",0.21372168958784
"GBR","POL",0.589108417471575
"GBR","PRT",7.14876109919118
"GBR","GNB",9.3582810586955e-05
"GBR","TLS",0.00055744142832676
"GBR","ERI",0.165249782978354
"GBR","QAT",0.0377067881466064
"GBR","ZWE",0.0010671172807844
"GBR","ROU",0.0180759292369711
"GBR","RWA",0.000945636136303206
"GBR","RUS",0.0671149819364983
"GBR","KNA",0.000731624846863015
"GBR","LCA",0.00279912489924348
"GBR","VCT",0.00117635723434854
"GBR","STP",0
"GBR","SAU",0.237720604477829
"GBR","SEN",0.000239490204266136
"GBR","SYC",0.000649509168726542
"GBR","SLE",0.00221410622702905
"GBR","SVN",0.00482676369144587
"GBR","SVK",0.00535147315977998
"GBR","SGP",0.0717113593864789
"GBR","SOM",0.000769934755213932
"GBR","ZAF",0.212737768680335
"GBR","ESP",26.4990077728421
"GBR","SUR",0.00430654352912017
"GBR","SWE",0.501804903110891
"GBR","CHE",0.0576694351880118
"GBR","SYR",0.000312159795134437
"GBR","TKM",8.69382447390425e-06
"GBR","TWN",0.0213703144636426
"GBR","TZA",0.00239870103048405
"GBR","THA",0.523212404343144
"GBR","TGO",0.000522753304280882
"GBR","TON",0.000298632870678611
"GBR","TTO",0.0142594814264413
"GBR","OMN",0.0240487405816927
"GBR","TUN",1.50771825253111
"GBR","TUR",0.0622576956709406
"GBR","ARE",0.244277481594935
"GBR","UGA",0.00153357152106381
"GBR","UKR",0.0166148171078487
"GBR","USA",1.49795371388057
"GBR","BFA",0.00119540086516183
"GBR","URY",0.000242507583212988
"GBR","UZB",0.000163851496758176
"GBR","VEN",0.000504114256208258
"GBR","VNM",0.269056992966077
"GBR","ETH",0.186594811712103
"GBR","YEM",0.00564221926020044
"GBR","COD",0.000707844591725304
"GBR","ZMB",0.000339908039294718
"GBR","BEL",3.95000729244196
"GBR","LUX",0.000788928534151237
"GBR","SRB",0.00105801001862111
"GBR","MNE",0.000217871665454361
"GBR","SDN",0.00362807419815732
"GBR","SSD",7.71841977683207e-05
"GBR","PSE",0.00379618000745817
"UKR","ARM",0.0635793617217936
"UKR","AFG",0.0513170770646499
"UKR","ALB",0.0837714339004369
"UKR","DZA",0.676779754647096
"UKR","ATG",1.05540035377292e-06
"UKR","AUS",0.000290481059775596
"UKR","AUT",0.0524407234259904
"UKR","BHS",1.20493562637522e-06
"UKR","BHR",0.0251808360811743
"UKR","BRB",6.59304550282741e-05
"UKR","BGD",6.8250862748569
"UKR","BRA",0.319214619779185
"UKR","BLZ",0.00253695750888623
"UKR","BGR",0.00576442121316867
"UKR","MMR",0.144236256827954
"UKR","BDI",0.065029307341615
"UKR","CMR",0.0673164706430103
"UKR","CAN",0.0773114030876816
"UKR","CPV",0.0128257663327342
"UKR","CAF",0.0125633347922114
"UKR","LKA",0.174976575149865
"UKR","TCD",0.0265669688574299
"UKR","CHL",0.000390647402165157
"UKR","CHN",0.30544154805719
"UKR","COL",0.115402237409963
"UKR","COM",0.00161886172586198
"UKR","COG",0.0361768459644575
"UKR","COK",7.72810022294238e-07
"UKR","CUB",0.0895021143206154
"UKR","CYP",0.0655210028634999
"UKR","AZE",0.139918700243121
"UKR","BEN",0.00530920743319488
"UKR","DNK",0.0107359589450622
"UKR","DMA",6.26828129107757e-07
"UKR","DOM",0.00104126054373216
"UKR","BLR",0.22548117939603
"UKR","ECU",0.137695763346654
"UKR","EGY",12.4657647412456
"UKR","SLV",0.19989758439962
"UKR","GNQ",0.000489222344548005
"UKR","EST",0.0402790484084403
"UKR","FRO",0
"UKR","FIN",0.000429223326442395
"UKR","FRA",0.0288915873325679
"UKR","DJI",0.846368390358163
"UKR","GEO",0.283495390813398
"UKR","GAB",0.00607107726160969
"UKR","GMB",0.0306975977760655
"UKR","DEU",0.108895402649172
"UKR","BIH",0.000189137092850689
"UKR","GHA",0.0505843313999359
"UKR","GRC",0.280823977944808
"UKR","GTM",0
"UKR","GIN",0.0251233414955477
"UKR","GUY",0.000834298819720258
"UKR","HTI",0.000366916758411004
"UKR","HND",8.73611329550009e-08
"UKR","HKG",0.0249371556655863
"UKR","HUN",0.418806321454684
"UKR","HRV",2.9120377651667e-07
"UKR","ISL",0
"UKR","IND",2.55684788809738
"UKR","IDN",7.60963587280204
"UKR","IRN",0.43790198768082
"UKR","IRQ",0.0277219707905188
"UKR","IRL",0.0311222194481248
"UKR","ISR",3.68111367281855
"UKR","ITA",2.08365402295694
"UKR","CIV",0.171619797227205
"UKR","KAZ",0.159950001145832
"UKR","JPN",0.364441619837539
"UKR","JOR",1.1008210730059
"UKR","KGZ",0.0281786101329608
"UKR","KEN",1.71527517235793
"UKR","KHM",0.00494577473073657
"UKR","PRK",0.133488676148277
"UKR","KOR",3.96690054237499
"UKR","KWT",0.00357208429840528
"UKR","LVA",0.0218449771956244
"UKR","LAO",0.0225512242986882
"UKR","LBN",1.77442051104581
"UKR","LBR",8.85524484047409e-06
"UKR","LBY",2.10344337733267
"UKR","LTU",0.0480784856085262
"UKR","MDG",0.0381471867970966
"UKR","MWI",0.181965559845666
"UKR","MYS",0.668017072707594
"UKR","MDV",0.00012354280218201
"UKR","MLI",0.0783111696532933
"UKR","MLT",0.0207451665115767
"UKR","MRT",0.767012371771865
"UKR","MUS",0.000509833131841866
"UKR","MEX",1.23090103287121
"UKR","MNG",0.024068964417712
"UKR","MAR",3.87278875333282
"UKR","MOZ",0.321334434002599
"UKR","MDA",0.340221925183347
"UKR","NAM",0.312628054360396
"UKR","NPL",0.0388693666427863
"UKR","NLD",0.595041177100916
"UKR","NCL",0.022353092929194
"UKR","MKD",0.000675266085282127
"UKR","VUT",5.2814004925767e-05
"UKR","NZL",0.00181089960182638
"UKR","NER",0.000210437309085506
"UKR","NGA",0.559625320970795
"UKR","NOR",0.001105555668981
"UKR","PAK",3.55124571182384
"UKR","PAN",0.0431403465915837
"UKR","CZE",0.00242858809948248
"UKR","PNG",1.33883336284664e-05
"UKR","PRY",0
"UKR","PER",0.729990514983504
"UKR","PHL",3.8036521297249
"UKR","POL",0.0785659818303311
"UKR","PRT",0.425160597371471
"UKR","GNB",0.000192194492501002
"UKR","ERI",0.20545414153489
"UKR","QAT",0.0717822092215621
"UKR","ZWE",0.0275312693230946
"UKR","ROU",0.0514975878536292
"UKR","RWA",0.0258200834227709
"UKR","RUS",0.230548484260077
"UKR","KNA",7.53695488690466e-06
"UKR","VCT",0.00352600317473521
"UKR","STP",0.000214034775739752
"UKR","SAU",0.700411765584302
"UKR","SEN",0.400121370919638
"UKR","SYC",0.000147246452443237
"UKR","SLE",0.0146476064949063
"UKR","SVN",9.21731953609013e-05
"UKR","SVK",0.00121794134361311
"UKR","SGP",0.119022927553958
"UKR","SOM",0.232164514137786
"UKR","ZAF",0.932583637730588
"UKR","ESP",6.1345183220659
"UKR","SUR",0.000620264043980506
"UKR","TJK",0.0170387393025933
"UKR","SWE",0.00102465896843232
"UKR","CHE",0.306958536106039
"UKR","SYR",1.15999159570431
"UKR","TKM",0.0278402944627301
"UKR","TWN",0.0640492739919162
"UKR","TZA",0.335097066432903
"UKR","THA",4.64743091433978
"UKR","TGO",0.00396377049270882
"UKR","OMN",0.251723659499949
"UKR","TUN",4.12839946127197
"UKR","TUR",2.6367531933615
"UKR","ARE",0.418675495373734
"UKR","UGA",0.287336772773048
"UKR","TUV",3.36148359386742e-07
"UKR","GBR",0.407869285505546
"UKR","USA",0.0586563008163937
"UKR","BFA",0.027274905518405
"UKR","URY",3.82737763587909e-05
"UKR","UZB",0.0168595527774546
"UKR","VEN",0.024402764670647
"UKR","VNM",0.742448416048383
"UKR","ETH",1.32550963529603
"UKR","YEM",2.00307736659537
"UKR","COD",0.0751161231838889
"UKR","ZMB",0.122793806708558
"UKR","BEL",0.18807608347821
"UKR","LUX",0.0687741639073081
"UKR","SRB",0.00160860844691688
"UKR","MNE",0.0002716480029049
"UKR","SDN",0.588494122863866
"UKR","SSD",0.00838343640176075
"UKR","PSE",0.16402109945659
"USA","ARM",0.0183353933968579
"USA","AFG",0.0882597529760595
"USA","ALB",0.0189897476882708
"USA","DZA",1.06641290828162
"USA","ATG",0.00138379170143144
"USA","ARG",0.00526093755870357
"USA","AUS",0.0282422280371568
"USA","AUT",0.000326146947666698
"USA","BHS",0.0276140369242119
"USA","BHR",0.00457387817460254
"USA","BRB",0.0767478547510025
"USA","BGD",0.537220518261916
"USA","BTN",0.00314967452581678
"USA","BOL",0.0696826025364852
"USA","BWA",0.0194004426701708
"USA","BRA",2.14397559943299
"USA","BLZ",0.0659721934909285
"USA","BRN",0.000447398558884156
"USA","BGR",0.0102475304395728
"USA","MMR",0.114358224474129
"USA","BDI",0.014818380999013
"USA","CMR",0.0436651523016119
"USA","CAN",1.83876018970881
"USA","CPV",0.0125568419633892
"USA","CAF",0.0111406716355162
"USA","LKA",0.482337502185032
"USA","TCD",0.0258789932075149
"USA","CHL",1.05459300026739
"USA","CHN",3.11142684222646
"USA","COL",2.38034995159329
"USA","COG",0.0554558189231712
"USA","COK",1.13626261401345e-05
"USA","CRI",0.577656929470491
"USA","CUB",0.464088938328689
"USA","CYP",0.0317703934979011
"USA","AZE",0.0188984145638585
"USA","BEN",0.000853766635376502
"USA","DNK",0.000791186462532476
"USA","DMA",0.00201893864918426
"USA","DOM",1.30109976343576
"USA","BLR",3.9388476062479e-05
"USA","ECU",0.718819550540706
"USA","EGY",5.2625356305672
"USA","SLV",0.770030720175418
"USA","GNQ",0.00014623258076278
"USA","EST",0.000139901432323439
"USA","FRO",7.70704372004424e-06
"USA","FJI",7.76268899342891e-05
"USA","FIN",0.00290938275720304
"USA","FRA",0.00998295743652079
"USA","PYF",0.00113389731678938
"USA","DJI",0.208569774808353
"USA","GEO",0.0603887609296646
"USA","GAB",0.00887239715539533
"USA","GMB",0.00171635280320938
"USA","DEU",0.0395383329579253
"USA","BIH",0.11550000439753
"USA","GHA",0.174749895021232
"USA","KIR",4.24260956030436e-05
"USA","GRC",0.00532984696477676
"USA","GRD",0.0574379482446297
"USA","GTM",1.47481414721158
"USA","GIN",0.0294387977904264
"USA","GUY",0.092081224973146
"USA","HTI",0.4443082163765
"USA","HND",0.790931403825688
"USA","HKG",0.0291557933253869
"USA","HUN",0.000102343806364189
"USA","HRV",0.0111693641864929
"USA","ISL",0.00545122923877165
"USA","IND",0.0170369143841562
"USA","IDN",2.39159101596069
"USA","IRN",2.55783335862458
"USA","IRQ",1.99319316875164
"USA","IRL",0.0116891619147076
"USA","ISR",0.99671618713978
"USA","ITA",2.07747683627814
"USA","CIV",0.0249168437848914
"USA","KAZ",0.00188543338054629
"USA","JAM",0.643293001534606
"USA","JPN",10.7143361603439
"USA","JOR",0.458974221896407
"USA","KGZ",0.0236907835117436
"USA","KEN",0.187371695709577
"USA","KHM",0.00179125566454019
"USA","PRK",0.0932643682595018
"USA","KOR",4.86172209871573
"USA","KWT",0.00739033338189936
"USA","LVA",0.0051614492487136
"USA","LAO",2.11943702301217e-05
"USA","LBN",0.11482095013784
"USA","LSO",0.0142136475002252
"USA","LBR",0.0538305466153195
"USA","LBY",0.099345099577345
"USA","LTU",0.000665725455429564
"USA","MAC",1.32906820205809e-05
"USA","MDG",0.0371526229953292
"USA","MWI",0.0714327347192301
"USA","MYS",0.654214122512187
"USA","MDV",9.62095957718856e-05
"USA","MLI",0.0218432474215165
"USA","MLT",0.0555767867158951
"USA","MRT",0.0366431555836684
"USA","MUS",0.0165697317215731
"USA","MEX",10.4662017111151
"USA","MNG",0.0367736925857312
"USA","MAR",0.771150534958439
"USA","MOZ",0.280334452718426
"USA","MDA",0.0251917599463679
"USA","NAM",0.0613146011414324
"USA","NPL",0.000156533902931564
"USA","NLD",0.107697552973125
"USA","NCL",0.000318947046980602
"USA","MKD",0.126699819917883
"USA","VUT",0.00018397346910765
"USA","NZL",0.00834082401090543
"USA","NIC",0.262046153197741
"USA","NER",0.0138758826540923
"USA","NGA",7.70389700997706
"USA","NOR",0.00801891974428713
"USA","PAK",0.22096728144332
"USA","PAN",0.445053927972505
"USA","CZE",4.06413023171313e-05
"USA","PNG",0.000200113056010191
"USA","PRY",0.00146000242140761
"USA","PER",1.68493404606179
"USA","PHL",7.14050111993162
"USA","POL",0.000361650520207395
"USA","PRT",0.138470609564934
"USA","TLS",0
"USA","ERI",0.179454982432857
"USA","QAT",0.00301977844638561
"USA","ZWE",0.0189495007688748
"USA","ROU",0.186057715960495
"USA","RWA",0.0178540769115922
"USA","RUS",0.0665142102853616
"USA","KNA",0.000896522496816839
"USA","LCA",0.00726547053936484
"USA","VCT",0.0877899019170478
"USA","STP",5.13437404466091e-05
"USA","SAU",0.224947642715878
"USA","SEN",0.0220605941146337
"USA","SYC",4.24753924863505e-05
"USA","SLE",0.0356883033399843
"USA","SVN",5.89163808432428e-05
"USA","SVK",5.15891544404046e-06
"USA","SGP",0.235396920452993
"USA","SOM",0.0173196589290356
"USA","ZAF",0.591902833236684
"USA","ESP",0.633194093315208
"USA","SUR",0.0147678157810592
"USA","TJK",0.0720187540955973
"USA","SWE",0.00727696201876955
"USA","CHE",0.0119174557903208
"USA","SYR",0.0494839462074582
"USA","TKM",0.00236631305762171
"USA","TWN",3.53466103080828
"USA","TZA",0.0911136803557726
"USA","THA",1.81640174005716
"USA","TGO",0.0139689304970909
"USA","TON",0.000471088342749228
"USA","TTO",0.447504078366588
"USA","OMN",0.0545372959866156
"USA","TUN",0.183886904880575
"USA","TUR",0.236371393882103
"USA","ARE",0.157706114162393
"USA","UGA",0.0679193018698505
"USA","TUV",1.09395115285338e-05
"USA","GBR",0.280316326777873
"USA","UKR",0.0102956328616424
"USA","BFA",0.015883336898766
"USA","URY",0.00541159723322903
"USA","UZB",0.0266123605247881
"USA","VEN",1.96404169329348
"USA","VNM",0.50485025049282
"USA","ETH",1.054851693826
"USA","YEM",1.9883518428974
"USA","COD",0.12035051607618
"USA","ZMB",0.0167032008117534
"USA","BEL",0.283014166001573
"USA","LUX",1.09339766597376e-05
"USA","SRB",0
"USA","MNE",1.6133411520626e-05
"USA","SDN",0.311774705289163
"USA","PSE",0.04205302737953
"BFA","BGR",19.9076600357577
"BFA","CAN",0.0146239977567976
"BFA","BEN",5.81789395853088
"BFA","FRA",0.00779946547029207
"BFA","DEU",0.0146239977567976
"BFA","GHA",5.11839921487917
"BFA","CIV",20.8516426577877
"BFA","MLI",2.82243156706194
"BFA","NER",7.50936340097023
"BFA","NGA",3.50975946163143
"BFA","SEN",34.4111782446403
"BFA","SVN",0.00877439865407858
"BFA","TGO",0
"BFA","ARE",0.00584959910271906
"URY","DZA",6.25398390714297
"URY","ARG",0.111424486344991
"URY","AUS",0.000225853868922152
"URY","AUT",0.00113196449817785
"URY","BGD",3.83155214068127
"URY","BOL",0.271772097168401
"URY","BRA",23.3041812219409
"URY","MMR",0.0767144742503901
"URY","CAN",0.00626177846655354
"URY","LKA",3.36638528798291
"URY","CHL",0.321255950352665
"URY","CHN",0.585922879594573
"URY","COL",0.0702339557550567
"URY","COG",3.17639580566621
"URY","CRI",0.00171671093228448
"URY","CUB",0.00795070302291585
"URY","DOM",0.000565982249088925
"URY","ECU",0.521922492105029
"URY","EGY",4.1567078691038
"URY","SLV",0.00115443976253523
"URY","FRA",0.0352022114770159
"URY","DEU",0.0229992032542455
"URY","GRC",0
"URY","GTM",0.000834823817406164
"URY","GIN",0.00176916015452729
"URY","HTI",0.111662622584482
"URY","HKG",0.0592802313854114
"URY","IDN",1.50489117411077
"URY","ISR",0.00707423908289814
"URY","ITA",0.000195263875935679
"URY","JPN",0.00305582208509258
"URY","KEN",3.23509055328485
"URY","MYS",0.11997952905053
"URY","MDV",0
"URY","MRT",7.00692334975563
"URY","MEX",0.00671540507095963
"URY","MAR",4.84310976509036
"URY","MOZ",4.02549363842367
"URY","NLD",0.00474142517510087
"URY","NZL",7.97590161317726e-06
"URY","NER",1.18575099864992
"URY","NGA",1.89462546926609
"URY","NOR",0.106717563584312
"URY","PAK",5.0497974883869
"URY","PAN",0.0388963878479526
"URY","PRY",0.612669787971874
"URY","PER",0.169580580930271
"URY","PHL",0.223624061008192
"URY","PRT",0.0514445654049933
"URY","SEN",1.95807727248973
"URY","SGP",0.0672208549722227
"URY","ZAF",0.435225694195366
"URY","ESP",0.0232303879762367
"URY","CHE",0.675010089546219
"URY","TWN",0.451829239749472
"URY","THA",2.30111074773056
"URY","TUN",6.59181535911606
"URY","TUR",0.0147102796400836
"URY","ARE",0.841193801906073
"URY","GBR",0.0161653579920473
"URY","USA",0.130529264472594
"URY","VEN",0.293347499729545
"URY","VNM",4.27601687287043
"URY","YEM",5.51774538897742
"VEN","ATG",0.130969851757527
"VEN","ARG",3.57666099541016
"VEN","BHS",0.535186156822127
"VEN","BRB",0.130709398171532
"VEN","BRA",26.0741249320298
"VEN","CAN",0.0638956993802192
"VEN","CHL",4.69313298094356
"VEN","CHN",0
"VEN","COL",19.3158306918112
"VEN","CRI",0.407625182881298
"VEN","CUB",0.687450387354619
"VEN","DMA",0.120605331114845
"VEN","DOM",8.11802442378503
"VEN","ECU",4.6150986352516
"VEN","SLV",1.23130198819079
"VEN","FRA",0.298953052013673
"VEN","DJI",0.625640155158261
"VEN","DEU",1.36930493792569
"VEN","GRD",0.188833956779409
"VEN","GTM",1.39938136901954
"VEN","GUY",1.92387928238676
"VEN","HTI",4.54217630036895
"VEN","HND",0.152271768365687
"VEN","IND",0.0736624024390469
"VEN","ITA",0.017291789348591
"VEN","JAM",1.39145796237893
"VEN","JPN",0.10552966472549
"VEN","KOR",0.065327887687208
"VEN","KWT",0.0301513327787114
"VEN","MEX",0.174877730116526
"VEN","NLD",0.00376891659733892
"VEN","NIC",0.0587950989184871
"VEN","NOR",0.000226134995840335
"VEN","PAN",0.806049551742139
"VEN","CZE",0.116836414517507
"VEN","PRY",0.361815993344536
"VEN","PER",0.546923639939554
"VEN","LCA",0.0451725252154406
"VEN","VCT",0.00749697773020804
"VEN","ESP",0.0304209107517713
"VEN","SUR",0.93518158171369
"VEN","TTO",2.83374636436536
"VEN","TUR",0
"VEN","GBR",0.161859136363225
"VEN","USA",9.13782256065183
"VEN","BFA",1.06283448044958
"VEN","URY",1.83169346630672
"VNM","ARM",0.000239474882383073
"VNM","DZA",0.00723455447426833
"VNM","ARG",0.00714825748929313
"VNM","AUS",1.21603227134421
"VNM","AUT",0.00307913042403485
"VNM","BHR",0.00476898292903883
"VNM","BGD",0.00460682276761865
"VNM","BWA",3.31691239268543e-05
"VNM","BRA",0.0543726374609319
"VNM","SLB",0.00398889427372207
"VNM","BRN",0.00652610628260314
"VNM","BGR",0.00170500549783276
"VNM","MMR",1.74429429724181
"VNM","CMR",0.00254524003218821
"VNM","CAN",1.01099053766312
"VNM","LKA",0.00485851009995101
"VNM","CHL",0.0457770340295836
"VNM","CHN",6.74884451419992
"VNM","COL",0.0203852219582489
"VNM","COG",0.0116614939216568
"VNM","CRI",0.0137341247086531
"VNM","CYP",0.318035675245385
"VNM","AZE",0.0103027333944231
"VNM","BEN",0.0146423254845991
"VNM","DNK",0.0495308542475502
"VNM","DOM",0.00192470475077434
"VNM","BLR",0.00868872575509607
"VNM","ECU",0.00137283318475036
"VNM","SLV",0.00100981555066201
"VNM","EST",0.000959291147900397
"VNM","FJI",0.00125674125100637
"VNM","FIN",0.00814088130957094
"VNM","FRA",2.25561261751779
"VNM","GMB",0.04180852213757
"VNM","DEU",1.59457147987197
"VNM","BIH",0.000103192829994658
"VNM","GHA",0.00935485950975613
"VNM","KIR",0.00112896122112405
"VNM","GRC",0.00808583040172862
"VNM","GTM",0.00288755651074337
"VNM","GUY",0.00190605107202676
"VNM","HTI",0.00116245744195202
"VNM","HND",0.0266689544309713
"VNM","HKG",4.52521237169417
"VNM","HUN",0.0239104838407918
"VNM","HRV",0.00111411202058257
"VNM","ISL",0.00208878920744994
"VNM","IND",0.120148967795445
"VNM","IDN",2.91569899301772
"VNM","IRQ",0.0244124752101648
"VNM","IRL",0.0452737018126083
"VNM","ISR",0.0953658481001654
"VNM","ITA",0.0199381978498008
"VNM","CIV",0.0181207217292996
"VNM","KAZ",0.00235395909118476
"VNM","JPN",4.57587548559801
"VNM","JOR",0.00885173353861319
"VNM","KEN",0.0359354662448569
"VNM","KHM",12.9067623878519
"VNM","KOR",5.09500842800008
"VNM","KWT",0.155361544003233
"VNM","LVA",0.000755449020048
"VNM","LAO",2.75265019421259
"VNM","LBN",0.00383877926841625
"VNM","LBY",0.00346310223517786
"VNM","LTU",0.0080436054377944
"VNM","MAC",0.186005480566882
"VNM","MDG",0.0038319551781052
"VNM","MYS",2.71863465337026
"VNM","MDV",0.117719707751624
"VNM","MLI",0.00999761274413981
"VNM","MLT",0.00105199690167609
"VNM","MUS",0.0109623784787496
"VNM","MEX",0.0290566847612073
"VNM","MNG",0.298770487259782
"VNM","MAR",0.0300261222148001
"VNM","MOZ",0.000707734487866962
"VNM","MDA",0.000636086117292855
"VNM","NAM",0.00539551082543497
"VNM","NPL",0.036685784159667
"VNM","NLD",1.28174249689316
"VNM","NCL",0.0746254650757622
"VNM","VUT",0.00193486556239983
"VNM","NZL",0.146180113232316
"VNM","NIC",0.00508889867986722
"VNM","NGA",0.0422657408255534
"VNM","NOR",0.0829113352079062
"VNM","PAK",0.0624501993024465
"VNM","PAN",0.00919703885767097
"VNM","CZE",0.0557755376995976
"VNM","PNG",0.00314069705220893
"VNM","PER",0.000787872396332616
"VNM","PHL",11.125113979898
"VNM","POL",0.207468399422005
"VNM","PRT",0.00638959975684518
"VNM","TLS",0.000531594887385372
"VNM","QAT",0.0198740419125698
"VNM","ROU",0.00907517760519346
"VNM","RUS",1.14660892417225
"VNM","SAU",0.221677157964175
"VNM","SEN",0.170773244203648
"VNM","SVN",0.00975402709434043
"VNM","SVK",0.00428742887367831
"VNM","SGP",4.90516293093948
"VNM","ZAF",0.213666232752802
"VNM","ESP",0.0496833812803864
"VNM","SUR",0.083814930409546
"VNM","TJK",0.000675367708501622
"VNM","SWZ",0.00143364324528293
"VNM","SWE",0.140493608514111
"VNM","CHE",0.0742671953405858
"VNM","TWN",1.44665379294401
"VNM","TZA",0.0029704768236376
"VNM","THA",17.8964805726943
"VNM","TGO",0.00525914887151346
"VNM","TTO",0.000490165942474625
"VNM","OMN",0.0386261129893924
"VNM","TUR",0.00161487240696126
"VNM","ARE",0.133945641671437
"VNM","UGA",0.0247515373658615
"VNM","GBR",2.54432483336966
"VNM","UKR",0.041166012686093
"VNM","USA",5.16108613568128
"VNM","UZB",0.00590269080061342
"VNM","VEN",0.0015025283545041
"VNM","ETH",0.00832064602596298
"VNM","YEM",0.00513200056312718
"VNM","ZMB",0.000243240242130265
"VNM","BEL",0.221857646788211
"VNM","SRB",0.000652326103894801
"VNM","MNE",0.000226161289430801
"ETH","ALB",0.00549781327664214
"ETH","AUS",0.00317381366694902
"ETH","AUT",0.000247799221359936
"ETH","BHR",0.758789731623806
"ETH","BRA",0.00130420642821019
"ETH","BGR",0.000782523856926114
"ETH","MMR",3.91261928463057e-05
"ETH","CAN",0.544078022350347
"ETH","CHN",0.00137913202718044
"ETH","COG",0
"ETH","DNK",0.00314965852412761
"ETH","EGY",0.0143219891434779
"ETH","GNQ",0.00119614360987277
"ETH","FIN",0.0580972361020073
"ETH","FRA",0.0086383896628222
"ETH","DJI",2.55429150598529
"ETH","GEO",0
"ETH","DEU",0.0494643209747704
"ETH","BIH",0.00723834567656655
"ETH","GHA",0.000166286319596799
"ETH","GRC",0.00443430185591464
"ETH","GIN",0.00258884975999723
"ETH","HKG",0.000508640507001974
"ETH","ISL",0.0704271471233502
"ETH","IND",0.00013694167496207
"ETH","ISR",0.00991966508609779
"ETH","ITA",0.00334823190530083
"ETH","CIV",0.00133029055677439
"ETH","KAZ",0
"ETH","JAM",0
"ETH","JPN",0
"ETH","KEN",0.0358627290571864
"ETH","PRK",0.000117378578538917
"ETH","KOR",1.35015408015255e-05
"ETH","KWT",0.353617889960185
"ETH","LBN",0.000332572639193598
"ETH","LSO",0.000195630964231528
"ETH","LBR",7.82523856926114e-05
"ETH","MAC",0
"ETH","MWI",0.00013694167496207
"ETH","MYS",0
"ETH","MLI",0
"ETH","MOZ",0.000156080639213447
"ETH","NAM",0.000234757157077834
"ETH","NPL",0
"ETH","NLD",0.162064278220684
"ETH","NZL",0.000264022276930355
"ETH","NER",0.00391261928463057
"ETH","NGA",0.00408445643402548
"ETH","NOR",0.651082613441208
"ETH","PAK",0.0156504771385223
"ETH","PHL",7.82523856926114e-05
"ETH","POL",0
"ETH","PRT",0.000115788082894758
"ETH","QAT",0.0290843486618795
"ETH","ZWE",3.91261928463057e-05
"ETH","RWA",7.82523856926114e-05
"ETH","STP",0
"ETH","SAU",0.145040219001171
"ETH","SVN",0.00215194060654681
"ETH","SOM",1.19104547300393
"ETH","ZAF",0.0179241330750644
"ETH","ESP",0
"ETH","SWZ",0.00460012238750137
"ETH","SWE",1.33732089212896
"ETH","CHE",0.165556835824243
"ETH","SYR",0.00195630964231528
"ETH","TWN",0.000195630964231528
"ETH","TZA",0
"ETH","OMN",0.00199543583516159
"ETH","TUN",0
"ETH","TUR",0.084044122564294
"ETH","ARE",4.38094465027571
"ETH","UGA",7.82523856926114e-05
"ETH","GBR",0.324551133461848
"ETH","UKR",0.027388334992414
"ETH","USA",3.60317117465733
"ETH","URY",0.00391261928463057
"ETH","YEM",0.00195630964231528
"ETH","COD",0.00385960276315861
"ETH","ZMB",0
"ETH","BEL",0.00694548241195545
"ETH","SDN",83.0992044719898
"ETH","SSD",0.141007565010276
"YEM","DZA",0.107044306672792
"YEM","AUS",6.0458293741835
"YEM","BHR",0.0214540989633238
"YEM","BOL",0
"YEM","BDI",0.0266585334273216
"YEM","CMR",0.01851287043564
"YEM","CAN",0.0181820770482949
"YEM","CHN",0.010444269148536
"YEM","COM",0.0165060752804166
"YEM","CUB",0.00149909097186158
"YEM","DNK",1.1107722261384e-05
"YEM","EGY",56.5169659226488
"YEM","FRA",0.0111902023670647
"YEM","DJI",1.49173440173721
"YEM","DEU",0
"YEM","GHA",0.540601290152541
"YEM","GIN",0.016661583392076
"YEM","HKG",0.0045143107768312
"YEM","ISL",0.0066646333568304
"YEM","IND",0.681288683145727
"YEM","IDN",0.0244369889750448
"YEM","IRN",0.139401914380369
"YEM","IRQ",1.56573018762116
"YEM","ITA",0.0430241115739497
"YEM","JPN",0.0044430889045536
"YEM","JOR",0.490710865887738
"YEM","KEN",0.131323341730124
"YEM","KHM",0.0033323166784152
"YEM","KWT",0.0167287535044176
"YEM","LBN",0.23603442989346
"YEM","LBR",0.131996766206113
"YEM","LBY",0.131931293859451
"YEM","MDG",0.0505401362892972
"YEM","MYS",0.00471993909869438
"YEM","MRT",0.0077754055829688
"YEM","MUS",0.0160173355009157
"YEM","MAR",0.0188831278443528
"YEM","MOZ",0.0255477612011832
"YEM","NLD",0.000455416612716744
"YEM","NGA",0.199428045480888
"YEM","PAK",2.63355515682335
"YEM","PRT",0.0233262167489064
"YEM","ERI",1.31451393384289
"YEM","QAT",5.84807007081642
"YEM","ROU",0.757077063464119
"YEM","KNA",0.032230455895024
"YEM","SAU",1.42572124538671
"YEM","SEN",0.0172395461764082
"YEM","SLE",0.068497620611868
"YEM","SVK",0.00887507008684582
"YEM","SGP",0.0207966261598414
"YEM","SOM",8.74070814224707
"YEM","ZAF",0.0580747584480076
"YEM","ESP",0.0233262167489064
"YEM","CHE",0.00303405627436003
"YEM","SYR",1.06323886430667
"YEM","TWN",0.0088199529067358
"YEM","TZA",0.016396563373677
"YEM","THA",0
"YEM","OMN",2.90085048225444
"YEM","TUN",0.0322123945580136
"YEM","TUR",2.06424042160587
"YEM","ARE",0.759890927692932
"YEM","UGA",0.0924951170529935
"YEM","GBR",0.0400421045609269
"YEM","USA",0.0518799778725473
"YEM","VNM",0.00674590937337711
"YEM","ETH",0.730153993660867
"YEM","ZMB",0.0405431862540516
"YEM","BEL",0.00402165770764472
"YEM","SDN",2.22956762930132
"YEM","PSE",0.0322123945580136
"COD","BDI",0.0731382292481514
"COD","CAN",0.0241494153177858
"COD","COG",78.1203767282113
"COD","FRA",0.0453089030247982
"COD","DEU",0.00137996658958776
"COD","IRL",0.0275993317917552
"COD","NLD",0.0490056427912142
"COD","RWA",0.0995436468563676
"COD","ZAF",0
"COD","TUR",3.68032414759487
"COD","ARE",0.00137996658958776
"COD","UGA",1.62150898550005
"COD","ZMB",0.745181958377392
"COD","BEL",0.0452041901128512
"ZMB","BWA",0.80785481498995
"ZMB","BDI",0.153210606633983
"ZMB","COL",0.281607613364424
"ZMB","COG",0.50180043878937
"ZMB","CRI",0.0367852244033804
"ZMB","DEU",0.107011561900743
"ZMB","IND",0.100323339281947
"ZMB","ITA",0.00182460776539295
"ZMB","KEN",0.083962162413706
"ZMB","LBY",0
"ZMB","MWI",0.744892007941936
"ZMB","MUS",0.406171717307156
"ZMB","MAR",0.00613699547988464
"ZMB","MOZ",0.0314965215546861
"ZMB","NAM",5.19465178011529
"ZMB","ZWE",10.4717082771996
"ZMB","RWA",0.0286797968104417
"ZMB","KNA",0.184109864396539
"ZMB","ZAF",0.927328967243738
"ZMB","ESP",0.0367852244033804
"ZMB","CHE",0.0355954924952291
"ZMB","TZA",4.14995070590347
"ZMB","ARE",0.0127476481907442
"ZMB","UGA",0.0601733325514587
"ZMB","GBR",0.474863805934547
"ZMB","USA",0.00615394571440618
"ZMB","COD",75.0834711473456
"BEL","ARM",0.00106642977971361
"BEL","AFG",0.0564217167251862
"BEL","ALB",0.00121179368146233
"BEL","DZA",0.311837859929939
"BEL","ARG",0.00376120762433193
"BEL","AUS",0.123512698812528
"BEL","AUT",0.317930618210042
"BEL","BHS",0.000627648140100693
"BEL","BHR",0.00960296010485301
"BEL","BRB",9.44926862297049e-05
"BEL","BGD",5.53980212644031e-05
"BEL","BOL",2.92022902271182e-05
"BEL","BWA",4.64036392650098e-05
"BEL","BRA",0.0691722037314372
"BEL","SLB",0.0105766560461006
"BEL","BRN",0.000159233000873124
"BEL","BGR",0.0158707885155028
"BEL","MMR",0.286717672248538
"BEL","BDI",0.00606393698290288
"BEL","CMR",0.0150437374017496
"BEL","CAN",0.133245072105292
"BEL","CPV",0.0340554811905002
"BEL","CAF",0.029065216471814
"BEL","LKA",0.0185958856871589
"BEL","TCD",0.349782797263269
"BEL","CHL",0.0455733226886997
"BEL","CHN",0.103551851103981
"BEL","COL",0.00230262619516921
"BEL","COM",0.0523246907823632
"BEL","COG",0.2122003181275
"BEL","COK",0.000549376418884598
"BEL","CRI",0.000621928233515092
"BEL","CUB",0.21967688632814
"BEL","CYP",0.0753715553255356
"BEL","AZE",0.00179035810021951
"BEL","BEN",0.0118526522247643
"BEL","DNK",0.380266821583517
"BEL","DMA",0.000425054618200529
"BEL","DOM",0.00244290995905005
"BEL","BLR",0.00191294593008947
"BEL","ECU",0.000541435055332221
"BEL","EGY",0.0368136325288376
"BEL","SLV",0.000121415582779085
"BEL","GNQ",0.0610685287093265
"BEL","EST",0.0287805211552498
"BEL","FRO",4.60702797875312e-05
"BEL","FJI",0.0722421010905859
"BEL","FIN",0.454504218026062
"BEL","FRA",16.0628494107605
"BEL","PYF",0.0151159802015032
"BEL","DJI",0.369444893555096
"BEL","GEO",0.0050627058546464
"BEL","GAB",0.00318557184400572
"BEL","GMB",0.13447210462662
"BEL","DEU",10.8030714176017
"BEL","BIH",0.00276680107467787
"BEL","GHA",0.0533184538520388
"BEL","GRC",0.188837243440542
"BEL","GRD",1.06675032793126e-06
"BEL","GTM",0.000632743631560962
"BEL","GIN",0.243324256705456
"BEL","GUY",0.00455157548167167
"BEL","HTI",0.163490669264729
"BEL","HND",6.29382693479443e-05
"BEL","HKG",0.0281736969854888
"BEL","HUN",0.0769891660353293
"BEL","HRV",0.0288691262811115
"BEL","ISL",0.0551154238200676
"BEL","IND",0.00813511050209193
"BEL","IDN",1.35327045908236
"BEL","IRN",0.0100724235045761
"BEL","IRQ",0.0638320301378558
"BEL","IRL",0.297272924194027
"BEL","ISR",0.0634789890971161
"BEL","ITA",1.45456773494513
"BEL","CIV",0.0307498248490047
"BEL","KAZ",0.00906733290584702
"BEL","JAM",0.000729352438497001
"BEL","JPN",0.151131971303178
"BEL","JOR",0.0211877586703475
"BEL","KGZ",0.000742947155473791
"BEL","KEN",0.00530204374108162
"BEL","KHM",6.68424599112808e-05
"BEL","PRK",0.126059750896519
"BEL","KOR",0.106912958326356
"BEL","KWT",0.0383996843539604
"BEL","LVA",0.0188782477020097
"BEL","LAO",5.33375163965629e-05
"BEL","LBN",0.071635899487512
"BEL","LSO",5.33375163965629e-05
"BEL","LBR",0.0781239384383601
"BEL","LBY",1.77841552905108
"BEL","LTU",0.0302110318338417
"BEL","MAC",0.00128964742349619
"BEL","MDG",0.033247671026383
"BEL","MWI",0.0618705645820163
"BEL","MYS",0.0100618836386081
"BEL","MDV",0.00276478380223894
"BEL","MLI",0.0607624861475795
"BEL","MLT",0.0187422825672247
"BEL","MRT",0.0907678551348525
"BEL","MUS",0.00600934270374008
"BEL","MEX",0.0118244428271192
"BEL","MNG",0.0011360852730261
"BEL","MAR",0.577405562922102
"BEL","MOZ",0.000275941568804561
"BEL","MDA",0.000950604995055445
"BEL","NAM",0.00316549008932635
"BEL","NPL",7.96416848173495e-05
"BEL","NLD",41.5207497088121
"BEL","NCL",0.00307662496240404
"BEL","MKD",0.000844129476052574
"BEL","NZL",0.0185796264667019
"BEL","NIC",0.000336864514270292
"BEL","NER",0.0125220236697612
"BEL","NGA",0.012559111662336
"BEL","NOR",0.407864795007028
"BEL","PAK",0.00382493260397846
"BEL","PAN",0.00802547940442404
"BEL","CZE",0.24548780008865
"BEL","PNG",0.0656746439405182
"BEL","PRY",0.00012513801923809
"BEL","PER",0.0007443549775752
"BEL","PHL",0.0560923034551984
"BEL","POL",0.383280587579828
"BEL","PRT",0.157849858300059
"BEL","GNB",0.0871627452450075
"BEL","ERI",0.0233900815516592
"BEL","QAT",0.0188034328011314
"BEL","ZWE",8.88341575381421e-05
"BEL","ROU",0.139499187228913
"BEL","RWA",0.0340175644138434
"BEL","RUS",0.245876713631494
"BEL","KNA",0.012202631587001
"BEL","STP",0.107046272603658
"BEL","SAU",0.242869809849354
"BEL","SEN",0.00890688849885797
"BEL","SYC",0.00157235538264442
"BEL","SLE",0.0709888715617094
"BEL","SVN",0.0259345702417079
"BEL","SVK",0.0247415205119919
"BEL","SGP",0.0323882804883247
"BEL","SOM",0.0689463951048025
"BEL","ZAF",0.0412069387613808
"BEL","ESP",0.992633040703128
"BEL","SUR",0.0761614275046812
"BEL","TJK",0.049077024478212
"BEL","SWE",1.12422666299899
"BEL","CHE",0.463966063212273
"BEL","SYR",0.00910631851076864
"BEL","TKM",0.00277368419641226
"BEL","TWN",0.0183396755795914
"BEL","TZA",0.000520876706167863
"BEL","THA",0.0659038397273822
"BEL","TGO",0.0229241379387259
"BEL","TTO",0.00425809707393911
"BEL","OMN",0.0729402454550171
"BEL","TUN",0.421872878411692
"BEL","TUR",0.11578831671836
"BEL","ARE",0.183506236994419
"BEL","UGA",0.0068027756523208
"BEL","GBR",5.65758852736366
"BEL","UKR",0.0252093459182328
"BEL","USA",0.587949311665388
"BEL","BFA",0.01942992048414
"BEL","URY",0.000976156463409194
"BEL","UZB",0.000160131077003903
"BEL","VEN",0.212243173356753
"BEL","VNM",0.00477507973544868
"BEL","ETH",0.296746748296178
"BEL","YEM",0.0285020064597314
"BEL","COD",1.17175814940948
"BEL","ZMB",0.00117476361683813
"BEL","LUX",1.17541972983141
"BEL","SRB",0.0145303329656262
"BEL","MNE",0.00054291390663372
"BEL","SDN",0.00120631393824663
"BEL","PSE",0.00252316931136541
"LUX","AFG",0.000150439111514037
"LUX","DZA",6.2682963130849e-06
"LUX","ARG",0
"LUX","AUS",0.000344756297219669
"LUX","AUT",0.0871329185051951
"LUX","BRA",6.2682963130849e-06
"LUX","BGR",0.00103244640209992
"LUX","CMR",0
"LUX","CAN",1.25365926261698e-05
"LUX","CPV",3.39494053971208
"LUX","CAF",1.25365926261698e-05
"LUX","TCD",0
"LUX","CHN",0.000144867292569073
"LUX","COL",0.000175512296766377
"LUX","COG",0.000179204193059179
"LUX","CYP",0.0150956958480752
"LUX","AZE",0.0263517842289363
"LUX","DNK",1.20663477547226
"LUX","DOM",1.25365926261698e-05
"LUX","BLR",0
"LUX","ECU",1.25365926261698e-05
"LUX","EST",0
"LUX","FIN",0.0633614699839218
"LUX","FRA",17.8754325885234
"LUX","PYF",0.00065968055162991
"LUX","GEO",0.000692360790505718
"LUX","DEU",20.7617804383667
"LUX","GHA",0.00182010546839514
"LUX","GRC",0.0332480480159289
"LUX","HKG",0.000189839831196285
"LUX","HUN",0.244179495367635
"LUX","HRV",0.000319014946687344
"LUX","ISL",0.00399913057961596
"LUX","IND",0
"LUX","IRL",0.303747208256313
"LUX","ISR",0.0128596464944588
"LUX","ITA",0.117575493949113
"LUX","KAZ",0
"LUX","JPN",0.0126552599123788
"LUX","JOR",0
"LUX","KEN",0.00125365926261698
"LUX","KOR",0.00620561334995405
"LUX","KWT",0
"LUX","LVA",0.000125365926261698
"LUX","LBN",2.08943210436163e-06
"LUX","LTU",0.0383923239945603
"LUX","MDG",0
"LUX","MYS",2.50731852523396e-06
"LUX","MLI",0
"LUX","MLT",0.0189590890285566
"LUX","MEX",0
"LUX","MAR",0
"LUX","NAM",0
"LUX","NLD",10.1888750818999
"LUX","NCL",0.000196429267480501
"LUX","NZL",0
"LUX","NER",0.00155207433397731
"LUX","NGA",0.00805153955448653
"LUX","NOR",2.14119769010393
"LUX","PAN",0
"LUX","CZE",0.0444219694409143
"LUX","PER",7.335095794011e-05
"LUX","PHL",0
"LUX","POL",0.45719761002339
"LUX","PRT",0.00371268571010811
"LUX","QAT",8.2444800649066e-06
"LUX","ROU",0.0417986041673111
"LUX","RUS",0.00400675906953473
"LUX","SAU",0.00933474686944603
"LUX","SVN",0.00232211304063134
"LUX","SVK",0.00125365926261698
"LUX","SGP",0
"LUX","ZAF",1.25365926261698e-05
"LUX","ESP",0.146666533131194
"LUX","SWE",0.220892966277807
"LUX","CHE",0.0205545759859965
"LUX","TWN",0.00226949698490011
"LUX","THA",6.21167213681493e-05
"LUX","TGO",6.2682963130849e-06
"LUX","OMN",0.000347499738559949
"LUX","TUN",6.2682963130849e-06
"LUX","TUR",0.0139433478066514
"LUX","ARE",7.99004876620024e-05
"LUX","GBR",0.392146348158912
"LUX","UKR",0
"LUX","USA",0.00311469095709256
"LUX","UZB",0
"LUX","ETH",0
"LUX","COD",0.00043312738415715
"LUX","BEL",41.2054059689213
"LUX","SRB",3.13414815654245e-05
"SRB","ARM",0.00066486719621033
"SRB","ALB",4.88670361334171
"SRB","DZA",0.00577908894334533
"SRB","AUS",0.0192639298687533
"SRB","AUT",0.465556589371184
"SRB","BHS",0.00129519583677337
"SRB","BHR",0.00340112602710441
"SRB","BWA",0.000149156172169219
"SRB","BRA",0.000126641370706729
"SRB","BGR",0.249031074853411
"SRB","MMR",0.0161705492722473
"SRB","CMR",0.00164318465497781
"SRB","CAN",0.0131888227664082
"SRB","CAF",0.00681606071643727
"SRB","CHN",0.00214968614206179
"SRB","COM",0.000785853541432803
"SRB","COG",0.0035490159935675
"SRB","CYP",1.0333497113292
"SRB","AZE",0.00211512675677518
"SRB","DNK",0.000828668801045556
"SRB","BLR",0.00566804081790924
"SRB","EGY",0.00156166453760908
"SRB","FIN",0
"SRB","FRA",0.0363070856483839
"SRB","DJI",0.00066269488642086
"SRB","GEO",0.000959884025697597
"SRB","GMB",0.000847333418490603
"SRB","DEU",0.958142953526491
"SRB","BIH",18.3669005889218
"SRB","GHA",0.000106470479807025
"SRB","KIR",0.0011033149720662
"SRB","GRC",0.130102536610652
"SRB","HTI",0.00489764207112315
"SRB","HKG",8.80253466844123e-05
"SRB","HUN",0.109636847038694
"SRB","HRV",1.18673976466206
"SRB","ISL",0
"SRB","IND",1.29207582271309e-05
"SRB","IDN",0.00330774920630369
"SRB","IRN",0.0027081527042344
"SRB","IRQ",0.00273353251860801
"SRB","IRL",0.00198546930747655
"SRB","ISR",0.0316260481507062
"SRB","ITA",6.60399165474616
"SRB","KAZ",0.000828237632435836
"SRB","JPN",1.419606397427e-06
"SRB","JOR",0.00934864827949097
"SRB","KGZ",0.00167319724022891
"SRB","KEN",5.75642594121497e-06
"SRB","KHM",0.0185059889968584
"SRB","KWT",0.00325953718903723
"SRB","LVA",0.00713883657102001
"SRB","LBN",0.0303518896165292
"SRB","LSO",0.00335187010513361
"SRB","LBR",0.000817275983037389
"SRB","LBY",1.26803080021469
"SRB","LTU",0.00661913452899346
"SRB","MDG",0.00569012564243404
"SRB","MYS",0.00228530109866234
"SRB","MLI",0.0319979281980046
"SRB","MLT",0.000685751790326323
"SRB","MRT",0.00128656119786155
"SRB","MEX",0.00012776457576843
"SRB","MNG",0.0011369084234544
"SRB","MAR",0.00178406043983164
"SRB","MDA",0.00195490038471833
"SRB","NAM",0.000863463891182246
"SRB","NLD",0.142728521028141
"SRB","MKD",16.0560060485607
"SRB","NZL",9.78202408249011e-05
"SRB","NER",0.00115128518824299
"SRB","NGA",0.000134796307456784
"SRB","NOR",0.00184838212969601
"SRB","PAN",0.000417340880738086
"SRB","CZE",0.00288038450039344
"SRB","POL",0.0179912932773927
"SRB","PRT",0.0205337649149888
"SRB","QAT",0.0424234805305415
"SRB","ZWE",0.00152695438118848
"SRB","ROU",30.6764381587682
"SRB","RWA",0.00526863904301336
"SRB","RUS",0.0858527577999352
"SRB","SAU",0.00164977275966697
"SRB","SEN",0.00121316676711106
"SRB","SYC",0.00153913153606458
"SRB","SLE",0.000460457525042355
"SRB","SVN",0.616435090227041
"SRB","SVK",0.00669367377740305
"SRB","SGP",0.00319268698777817
"SRB","SOM",8.68260912799925e-05
"SRB","ZAF",0.000505126376341614
"SRB","ESP",0.00140580345522432
"SRB","SWZ",0.00213525962250352
"SRB","SWE",0.0437948071478966
"SRB","CHE",0.418517807323131
"SRB","SYR",0.00155649701432175
"SRB","TWN",0.00286261290030609
"SRB","TZA",0
"SRB","THA",2.839212794854e-06
"SRB","OMN",0.00337156519388912
"SRB","TUN",0.027225211489855
"SRB","TUR",0.00793744146991654
"SRB","ARE",0.0231444804251245
"SRB","UGA",1.30260587016653e-05
"SRB","GBR",0.22155127972253
"SRB","UKR",0.0112875834547624
"SRB","USA",0.0584716596825804
"SRB","UZB",0.000781563522099919
"SRB","VEN",0.00958234318263224
"SRB","VNM",0.000214906568472026
"SRB","ETH",5.03646046670539
"SRB","YEM",0.0024605439312477
"SRB","ZMB",0
"SRB","BEL",0.00745826881053482
"SRB","LUX",0.000259033317328311
"SRB","MNE",10.5082277315483
"SRB","SDN",0.0066721500679069
"SRB","PSE",0.00438927478017642
"MNE","ALB",77.1186605049217
"MNE","AUT",0.70419193165008
"MNE","CHN",0.00458089045432492
"MNE","CYP",0.00501450552055892
"MNE","DNK",0.000145425093788093
"MNE","EST",0.00303205408958995
"MNE","FRA",0.00167100920775478
"MNE","DEU",0.140449368292544
"MNE","BIH",4.5434448861205
"MNE","GRC",0.0150097219768737
"MNE","HRV",0.037221360628414
"MNE","ISL",0.00107768270721826
"MNE","ITA",0.0470848028356184
"MNE","LBR",0.00417831123127739
"MNE","NLD",0.000864865496796664
"MNE","MKD",4.06020696913354
"MNE","NOR",0.0122032935409252
"MNE","PAN",0.00355138719891043
"MNE","POL",0.00305392696954994
"MNE","SLE",0.000654412922046416
"MNE","SVN",0.152696348477497
"MNE","SWZ",0.106014893371519
"MNE","SWE",0
"MNE","CHE",0.158169620189158
"MNE","TGO",0
"MNE","TUR",0.00540910409821564
"MNE","GBR",0.00317018822339137
"MNE","UKR",0.000654412922046416
"MNE","USA",0.110328382942009
"MNE","LUX",0.0322407432928201
"MNE","SRB",12.7250189964913
