"","ARM","AFG","ALB","DZA","ATG","ARG","AUS","AUT","BHS","BHR","BRB","BGD","BMU","BTN","BOL","BWA","BRA","ARB","BLZ","SLB","BRN","BGR","MMR","BDI","CMR","CAN","CPV","CAF","LKA","TCD","CHL","CHN","COL","COM","COG","COK","CRI","CUB","CYP","AZE","BEN","DNK","DMA","DOM","BLR","ECU","EGY","SLV","GNQ","EST","FRO","FJI","FIN","FRA","PYF","DJI","GEO","GAB","GMB","DEU","BIH","GHA","KIR","GRC","GRL","GRD","GTM","GIN","GUY","HTI","HND","HKG","HUN","HRV","ISL","IND","IDN","IRN","IRQ","IRL","ISR","ITA","CIV","KAZ","JAM","JPN","JOR","KGZ","KEN","KHM","PRK","KOR","KWT","LVA","LAO","LBN","LSO","LBR","LBY","LTU","MAC","MDG","MWI","MYS","MDV","MLI","MLT","MRT","MUS","MEX","MNG","MAR","MOZ","MDA","NAM","NPL","NLD","ANT","NCL","MKD","VUT","NZL","NIC","NER","NGA","NOR","PAK","PAN","CZE","PNG","PRY","PER","PHL","POL","PRT","GNB","TLS","ERI","QAT","ZWE","ROU","RWA","RUS","KNA","LCA","VCT","STP","SAU","SEN","SYC","SLE","SVN","SVK","SGP","SOM","ZAF","ESP","SUR","TJK","SWZ","SWE","CHE","SYR","TKM","TWN","TZA","THA","TGO","TON","TTO","OMN","TUN","TUR","ARE","UGA","TUV","GBR","UKR","USA","BFA","URY","UZB","VEN","VNM","ETH","YEM","COD","ZMB","BEL","LUX","SRB","MNE","SDN","SSD","PSE"
"ARM",0,0,0,0,0,0,18620000,0,0,0,0,0,0,0,0,0,0,0,0,0,0,0,0,0,0,0,0,0,0,0,0,0,0,0,0,0,0,0,0,0,0,0,0,0,0,0,0,0,0,0,0,0,0,45080000,0,0,18350000,0,0,8820000,0,0,0,0,0,0,0,0,0,0,0,0,0,0,0,0,0,0,0,0,0,0,0,0,0,0,0,0,0,0,0,0,0,0,0,25480000,0,0,0,0,0,0,0,0,0,0,0,0,0,0,0,0,0,0,0,0,0,0,0,0,0,0,0,0,0,0,0,0,0,0,0,0,0,0,0,0,0,0,0,0,0,0,2078580000,0,0,0,0,0,0,0,0,0,0,0,0,0,0,0,0,0,0,0,0,0,0,0,0,0,0,0,0,0,0,0,0,0,9310000,0,192570000,0,0,0,0,0,0,0,0,0,0,0,0,0,0,0,0
"AFG",0,0,0,0,0,0,0,0,0,0,0,0,0,0,0,0,0,0,0,0,0,0,0,0,0,0,0,0,0,0,0,0,0,0,0,0,0,0,0,0,0,0,0,0,0,0,0,0,0,0,0,0,0,0,0,0,0,0,0,0,0,0,0,0,0,0,0,0,0,0,0,0,0,0,0,0,0,0,0,0,0,0,0,0,0,0,0,0,0,0,0,0,0,0,0,0,0,0,0,0,0,0,0,0,0,0,0,0,0,0,0,0,0,0,0,0,0,0,0,0,0,0,0,0,0,0,0,0,0,0,0,0,0,0,0,0,0,0,0,0,0,0,0,0,0,0,0,0,0,0,0,0,0,0,0,0,0,0,0,0,0,0,0,0,0,0,0,0,0,0,0,0,0,0,0,0,0,0,0,0,0,0,0,0,0,0,0,0,0,0,0,0,0,0,0
"ALB",0,0,0,0,0,0,0,0,0,0,0,0,0,0,0,0,0,0,0,0,0,0,0,0,0,0,0,0,0,0,0,0,0,0,0,0,0,0,0,0,0,0,0,0,0,0,0,0,0,0,0,0,0,0,0,0,0,0,0,0,0,0,0,49800000,0,0,0,0,0,0,0,0,0,0,0,0,0,0,0,0,0,0,0,0,0,0,0,0,0,0,0,0,0,0,0,0,0,0,0,0,0,0,0,0,0,0,0,0,0,0,0,0,0,0,0,0,0,0,0,0,0,0,0,0,0,0,0,0,0,0,0,0,0,0,0,0,0,0,0,0,0,0,0,0,0,0,0,0,0,0,0,0,0,0,0,0,0,0,0,0,0,0,0,0,0,0,0,0,0,0,0,0,0,0,0,0,0,0,0,0,0,0,0,0,0,0,0,0,0,0,0,0,0,0,0
"DZA",0,0,0,0,0,0,0,0,0,0,0,0,0,0,0,0,0,0,0,0,0,0,0,0,0,0,0,0,0,0,0,0,0,0,0,0,0,0,0,0,0,0,0,0,0,0,0,0,0,0,0,0,0,0,0,0,0,0,0,0,0,0,0,0,0,0,0,0,0,0,0,0,0,0,0,0,0,0,0,0,0,0,0,0,0,0,0,0,0,0,0,0,0,0,0,0,0,0,0,0,0,0,0,0,0,0,0,0,0,0,0,0,0,0,0,0,0,0,0,0,0,0,0,0,0,0,0,0,0,0,0,0,0,0,0,0,0,0,0,0,0,0,0,0,0,0,0,0,0,0,0,0,0,0,0,0,0,0,0,0,0,0,0,0,0,0,0,0,0,0,0,0,0,0,0,0,0,0,0,0,0,0,0,0,0,0,0,0,0,0,0,0,0,0,0
"ATG",0,0,0,0,0,0,0,0,0,0,0,0,0,0,0,0,0,0,0,0,0,0,0,0,0,0,0,0,0,0,0,0,0,0,0,0,0,0,0,0,0,0,0,0,0,0,0,0,0,0,0,0,0,0,0,0,0,0,0,0,0,0,0,0,0,0,0,0,0,0,0,0,0,0,0,0,0,0,0,0,0,0,0,0,0,0,0,0,0,0,0,0,0,0,0,0,0,0,0,0,0,0,0,0,0,0,0,0,0,0,0,0,0,0,0,0,0,0,0,0,0,0,0,0,0,0,0,0,0,0,0,0,0,0,0,0,0,0,0,0,0,0,0,0,0,0,0,0,0,0,0,0,0,0,0,0,0,0,0,0,0,0,0,0,0,0,0,0,0,0,0,0,0,0,0,0,0,0,0,0,0,0,0,0,0,0,0,0,0,0,0,0,0,0,0
"ARG",0,0,0,0,0,0,0,0,0,0,0,0,0,0,35180610000,0,2426111760000,0,0,0,0,0,0,0,0,0,0,0,0,0,141541910000,0,23030000,0,0,0,0,0,4900000,0,0,0,0,0,0,0,0,0,0,0,0,0,10290000,24500000,0,0,0,0,0,51450000,0,0,0,4900000,0,0,0,0,0,0,0,0,20580000,0,0,0,0,0,0,0,0,24010000,0,0,0,0,0,0,0,0,0,0,0,0,0,0,0,0,0,0,0,0,0,0,0,0,0,0,0,4410000,0,0,0,0,0,0,16170000,0,0,0,0,0,0,0,0,0,0,0,0,0,83333990000,18563800000,0,0,0,0,0,0,0,0,0,0,0,0,0,0,0,0,0,0,0,0,0,0,0,0,147490000,0,0,0,0,11760000,0,0,0,0,0,0,0,0,0,0,0,0,0,0,258720000,0,328240000,0,42021540000,0,739680000,0,0,0,0,0,0,0,0,0,0,0,0
"AUS",0,0,0,0,0,0,0,0,3430000,3714140000,5100480000,1141880000,0,0,0,0,89082460000,0,0,3340950000,160540000,0,22853530000,0,0,2002860000,0,0,30440120000,0,32433080000,5576541860000,152942440000,0,0,413310000,0,0,0,10290000,0,0,0,0,0,0,102510000,0,0,0,0,18589350000,625620000,813460000,1629110000,1.9173e+10,0,0,0,29950000,0,10290000,1433600000,0,0,0,0,44590000,0,0,0,9735830000,0,0,0,271470000,151764910000,551843760000,0,0,471360000,247850000,0,0,7350000,5169927410000,0,0,8820000,15312430000,0,751469140000,701825460000,0,0,8820000,0,0,26560000,0,265600000,1.472e+09,7.36e+08,92879160000,3920000,0,58720000,0,25855120000,0,0,0,0,0,0,8802560000,418720000,0,1.279e+09,0,686170000,131835710000,0,0,21560000,199200000,2264750000,0,0,39581880000,0,128460760000,535761650000,0,0,0,0,0,190902270000,0,0,0,445280000,0,0,0,0,2872723840000,0,0,15680000,0,0,69018420000,0,354489310000,0,0,0,0,962830000,1186360000,0,0,777527250000,0,520954120000,0,409390000,10290000,154684140000,0,22050000,840132930000,0,179990000,7354930000,0,2458990000,0,0,0,0,672339370000,0,0,0,0,10290000,0,0,0,0,0,0
"AUT",0,0,8980220000,5390000,0,0,75460000,0,0,0,0,0,0,0,0,0,349600000,0,0,0,0,10290000,0,0,0,31850000,0,0,0,0,0,11270000,145040000,0,0,0,0,0,0,3602720000,0,0,0,0,143520000,0,0,0,0,44100000,0,0,6370000,3530220000,0,0,0,0,0,244208510000,704430000,0,0,144060000,0,0,0,0,0,0,0,11270000,105366430000,20738680000,0,490000,3670000,4900000,0,2450000,253880000,691574830000,0,0,0,324240000,0,0,0,0,0,8820000,0,1053870000,0,0,0,0,0,5e+07,0,0,0,23030000,101430000,0,2450000,0,0,0,16170000,0,0,0,0,0,19103230000,0,0,10901120000,0,14210000,0,0,0,0,0,0,47652420000,0,47840000,0,980000,13849900000,0,0,0,0,0,0,86791510000,0,21621310000,0,0,0,0,594280000,0,0,172960000,11187110000,53628720000,13470000,0,115810000,51450000,0,0,0,1235940000,20507900000,115390000,329460000,2940000,0,70650000,0,0,0,111720000,1210720000,3.68e+08,135730000,0,0,72760000,115640000,784490000,0,0,2844640000,0,0,0,0,0,0,65660000,490000,0,0,0,0,0
"BHS",0,0,0,0,0,0,0,0,0,0,0,0,0,0,0,0,0,0,0,0,0,0,0,0,0,0,0,0,0,0,0,0,0,0,0,0,0,0,0,0,0,0,0,0,0,0,0,0,0,0,0,0,0,0,0,0,0,0,0,0,0,0,0,0,0,0,0,0,0,0,0,0,0,0,0,0,0,0,0,0,0,0,0,0,0,0,0,0,0,0,0,0,0,0,0,0,0,0,0,0,0,0,0,0,0,0,0,0,0,0,0,0,0,0,0,0,0,0,0,0,0,0,0,0,0,0,0,0,0,0,0,0,0,0,0,0,0,0,0,0,0,0,0,0,0,0,0,0,0,0,0,0,0,0,0,0,0,0,0,0,0,0,0,0,0,0,0,0,0,0,0,0,0,0,0,0,0,0,1584660000,0,0,0,0,0,0,0,0,0,0,0,0,0,0,0,0
"BHR",0,0,0,0,0,0,0,0,0,0,0,0,0,0,0,0,0,0,0,0,0,0,0,0,0,0,0,0,0,0,0,0,0,0,0,0,0,0,0,0,0,0,0,0,0,0,0,0,0,0,0,0,0,0,0,0,0,0,0,0,0,0,0,0,0,0,0,0,0,0,0,0,0,0,0,0,0,0,0,0,0,0,0,0,0,0,0,0,0,0,0,0,0,0,0,0,0,0,0,0,0,0,0,0,0,0,0,0,0,0,0,0,0,0,0,0,0,0,0,0,0,0,0,0,0,0,0,0,0,0,0,0,0,0,0,0,0,0,0,0,0,0,0,0,0,0,0,0,0,0,0,0,0,0,0,0,0,0,0,0,0,0,0,0,0,0,0,0,0,0,0,0,0,0,0,0,0,0,0,0,0,0,0,0,0,0,0,0,0,0,0,0,0,0,0
"BRB",0,0,0,0,490000,0,0,0,980000,0,0,0,0,0,0,0,0,0,0,0,0,0,0,0,0,0,0,0,0,0,0,0,0,0,0,0,0,0,0,0,0,0,7350000,0,0,0,0,0,0,0,0,0,0,0,0,0,0,0,0,3430000,0,0,0,0,0,0,0,0,0,0,0,0,0,0,0,0,0,0,0,1960000,0,0,0,0,980000,0,0,0,0,0,0,0,0,0,0,0,0,0,0,0,0,0,0,0,0,0,0,0,0,0,0,0,0,0,0,0,0,0,0,0,0,0,0,0,0,0,0,0,0,0,0,0,0,0,0,0,0,0,0,0,0,0,0,0,18130000,1960000,0,0,0,0,0,0,0,0,0,0,0,0,0,0,0,0,0,0,0,0,0,0,0,25970000,0,0,0,0,0,0,4900000,0,2450000,0,0,0,0,0,0,0,0,0,0,0,0,0,0,0,0
"BGD",0,0,0,0,0,0,0,0,0,0,0,0,0,0,0,0,0,0,0,0,0,0,0,0,0,0,0,0,0,0,0,0,0,0,0,0,0,0,0,0,0,0,0,0,0,0,0,0,0,0,0,0,0,0,0,0,0,0,0,0,0,0,0,0,0,0,0,0,0,0,0,0,0,0,0,0,0,0,0,0,0,0,0,0,0,0,0,0,0,0,0,0,0,0,0,0,0,0,0,0,0,0,0,0,0,0,0,0,0,0,0,0,0,0,0,0,0,0,0,0,0,0,0,0,0,0,0,0,0,0,0,0,0,0,0,0,0,0,0,0,0,0,0,0,0,0,0,0,0,0,0,0,0,0,0,0,0,0,0,0,0,0,0,0,0,0,0,0,0,0,0,0,0,0,0,0,0,0,0,0,0,0,0,0,0,0,0,0,0,0,0,0,0,0,0
"BMU",0,0,0,0,0,0,0,0,0,0,0,0,0,0,0,0,0,0,0,0,0,0,0,0,0,0,0,0,0,0,0,0,0,0,0,0,0,0,0,0,0,0,0,0,0,0,0,0,0,0,0,0,0,0,0,0,0,0,0,0,0,0,0,0,0,0,0,0,0,0,0,0,0,0,0,0,0,0,0,0,0,0,0,0,0,0,0,0,0,0,0,0,0,0,0,0,0,0,0,0,0,0,0,0,0,0,0,0,0,0,0,0,0,0,0,0,0,0,0,0,0,0,0,0,0,0,0,0,0,0,0,0,0,0,0,0,0,0,0,0,0,0,0,0,0,0,0,0,0,0,0,0,0,0,0,0,0,0,0,0,0,0,0,0,0,0,0,0,0,0,0,0,0,0,0,0,0,0,0,0,0,0,0,0,0,0,0,0,0,0,0,0,0,0,0
"BTN",0,0,0,0,0,0,0,0,0,0,0,0,0,0,0,0,0,0,0,0,0,0,0,0,0,0,0,0,0,0,0,0,0,0,0,0,0,0,0,0,0,0,0,0,0,0,0,0,0,0,0,0,0,0,0,0,0,0,0,0,0,0,0,0,0,0,0,0,0,0,0,0,0,0,0,0,0,0,0,0,0,0,0,0,0,0,0,0,0,0,0,0,0,0,0,0,0,0,0,0,0,0,0,0,0,0,0,0,0,0,0,0,0,0,0,0,0,0,0,0,0,0,0,0,0,0,0,0,0,0,0,0,0,0,0,0,0,0,0,0,0,0,0,0,0,0,0,0,0,0,0,0,0,0,0,0,0,0,0,0,0,0,0,0,0,0,0,0,0,0,0,0,0,0,0,0,0,0,0,0,0,0,0,0,0,0,0,0,0,0,0,0,0,0,0
"BOL",0,0,0,0,0,120540000,0,0,0,0,0,0,0,0,0,0,86730000,0,0,0,0,0,0,0,0,0,0,0,0,0,116620000,0,0,0,0,0,0,0,0,0,0,0,0,0,0,0,0,0,0,0,0,0,0,0,0,0,0,0,0,0,0,0,0,0,0,0,0,0,0,0,0,0,0,0,0,0,0,0,0,0,0,0,0,0,0,0,0,0,0,0,0,0,0,0,0,0,0,0,0,0,0,0,0,0,0,0,0,0,0,0,0,0,0,0,0,0,0,0,0,0,0,0,0,0,0,0,0,0,0,0,0,1108650000,0,0,0,0,0,0,0,0,0,0,0,0,0,0,0,0,0,0,0,0,0,0,0,0,0,0,0,0,0,0,0,0,0,0,0,0,0,0,0,0,0,0,0,0,0,0,124950000,0,0,0,0,0,0,0,0,0,0,0,0,0,0,0,0
"BWA",0,0,0,0,0,0,0,0,0,0,0,0,0,0,0,0,0,0,0,0,0,0,0,0,0,0,0,0,0,0,0,0,0,0,0,0,0,0,0,0,0,0,0,0,0,0,0,0,0,0,0,0,0,0,0,0,0,0,0,0,0,0,0,0,0,0,0,0,0,0,0,0,0,0,0,0,0,0,0,0,0,0,0,0,0,0,0,0,0,0,0,0,0,0,0,0,0,0,0,0,0,0,0,0,0,0,0,0,0,0,0,0,0,0,111700000,0,0,0,0,0,0,0,0,0,0,0,0,0,0,0,0,0,0,0,0,0,0,0,0,0,0,0,0,0,0,0,0,0,0,0,0,0,0,0,0,332650000,0,0,0,0,0,0,0,0,0,0,0,0,0,0,0,0,0,0,0,0,0,0,0,0,0,0,0,0,0,0,0,14210000,0,0,0,0,0,0,0
"BRA",0,0,0,0,0,4010650000,0,0,0,0,0,0,0,0,4097710000,0,0,0,0,0,0,0,0,0,0,0,21070000,0,0,0,49980000,0,0,0,0,0,0,0,0,0,0,0,0,0,0,0,0,0,0,0,0,0,1960000,80850000,0,0,0,0,0,85260000,0,0,0,0,0,0,0,0,0,0,0,0,0,0,0,0,0,0,0,0,0,37240000,0,0,0,217100000,0,0,0,0,0,0,0,0,0,0,0,0,0,0,0,0,0,0,0,0,0,0,0,0,0,0,0,0,0,0,5880000,0,0,0,0,0,0,0,0,0,0,0,0,0,32535640000,0,0,0,93088380000,0,0,0,0,0,0,0,0,0,0,0,0,186431280000,0,0,0,0,0,0,0,0,30870000,6370000,0,0,0,35770000,0,0,0,0,0,0,0,0,0,0,0,0,0,0,74480000,0,598290000,0,993290000,0,36750000,0,0,0,0,0,0,0,0,0,0,0,0
"ARB",0,0,0,0,0,0,0,0,0,0,0,0,0,0,0,0,0,0,0,0,0,0,0,0,0,0,0,0,0,0,0,0,0,0,0,0,0,0,0,0,0,0,0,0,0,0,0,0,0,0,0,0,0,0,0,0,0,0,0,0,0,0,0,0,0,0,0,0,0,0,0,0,0,0,0,0,0,0,0,0,0,0,0,0,0,0,0,0,0,0,0,0,0,0,0,0,0,0,0,0,0,0,0,0,0,0,0,0,0,0,0,0,0,0,0,0,0,0,0,0,0,0,0,0,0,0,0,0,0,0,0,0,0,0,0,0,0,0,0,0,0,0,0,0,0,0,0,0,0,0,0,0,0,0,0,0,0,0,0,0,0,0,0,0,0,0,0,0,0,0,0,0,0,0,0,0,0,0,0,0,0,0,0,0,0,0,0,0,0,0,0,0,0,0,0
"BLZ",0,0,0,0,0,0,0,0,0,0,0,0,0,0,0,0,0,0,0,0,0,0,0,0,0,0,0,0,0,0,0,0,0,0,0,0,0,0,0,0,0,0,0,0,0,0,0,0,0,0,0,0,0,0,0,0,0,0,0,0,0,0,0,0,0,0,0,0,0,0,0,0,0,0,0,0,0,0,0,0,0,0,0,0,0,0,0,0,0,0,0,0,0,0,0,0,0,0,0,0,0,0,0,0,0,0,0,0,0,0,0,0,0,0,0,0,0,0,0,0,0,0,0,0,0,0,0,0,0,0,0,0,0,0,0,0,0,0,0,0,0,0,0,0,0,0,0,0,0,0,0,0,0,0,0,0,0,0,0,0,0,0,0,0,0,0,0,0,0,0,0,0,0,0,0,0,0,0,0,0,0,0,0,0,0,0,0,0,0,0,0,0,0,0,0
"SLB",0,0,0,0,0,0,0,0,0,0,0,0,0,0,0,0,0,0,0,0,0,0,0,0,0,0,0,0,0,0,0,0,0,0,0,0,0,0,0,0,0,0,0,0,0,0,0,0,0,0,0,0,0,0,0,0,0,0,0,0,0,0,0,0,0,0,0,0,0,0,0,0,0,0,0,0,0,0,0,0,0,0,0,0,0,0,0,0,0,0,0,0,0,0,0,0,0,0,0,0,0,0,0,0,0,0,0,0,0,0,0,0,0,0,0,0,0,0,0,0,0,0,0,0,0,0,0,0,0,0,0,0,0,0,0,0,0,0,0,0,0,0,0,0,0,0,0,0,0,0,0,0,0,0,0,0,0,0,0,0,0,0,0,0,0,0,0,0,0,0,0,0,0,0,0,0,0,0,0,0,0,0,0,0,0,0,0,0,0,0,0,0,0,0,0
"BRN",0,0,0,0,0,0,0,0,0,0,0,0,0,0,0,0,0,0,0,0,0,0,0,0,0,0,0,0,0,0,0,0,0,0,0,0,0,0,0,0,0,0,0,0,0,0,0,0,0,0,0,0,0,0,0,0,0,0,0,0,0,0,0,0,0,0,0,0,0,0,0,0,0,0,0,0,0,0,0,0,0,0,0,0,0,0,0,0,0,0,0,0,0,0,0,0,0,0,0,0,0,0,0,0,0,0,0,0,0,0,0,0,0,0,0,0,0,0,0,0,0,0,0,0,0,0,0,0,0,0,0,0,0,0,0,0,0,0,0,0,0,0,0,0,0,0,0,0,0,0,0,0,0,0,0,0,0,0,0,0,0,0,0,0,0,0,0,0,0,0,0,0,0,0,0,0,0,0,0,0,0,0,0,0,0,0,0,0,0,0,0,0,0,0,0
"BGR",220800000,0,9310000,55171760000,490000,0,0,0,490000,0,0,0,0,0,0,0,0,0,0,0,0,0,0,0,0,0,0,0,0,0,0,0,0,0,0,0,0,0,14654970000,0,0,13230000,0,0,0,0,0,0,0,0,0,0,2940000,3446160000,0,0,2675360000,0,0,5446440000,0,0,0,232400000,0,0,0,0,0,0,0,0,0,0,0,0,51740000,0,0,0,24455120000,980000,0,0,0,0,0,0,0,490000,0,0,0,0,0,8820000,0,980000,0,0,0,0,0,0,0,0,2940000,0,0,0,0,50563600000,0,0,0,0,490000,0,0,11706320000,0,0,0,0,0,0,0,980000,0,0,0,0,0,490000,8744880000,0,0,0,0,0,150744320000,0,490000,0,0,3430000,0,477575360000,0,490000,0,0,0,490000,0,0,0,0,0,0,980000,0,0,0,0,0,0,0,0,0,0,113411200000,0,0,0,0,8820000,76850000,41160000,0,0,0,0,0,0,0,0,0,490000,0,0,0,0,0,0
"MMR",0,0,0,0,0,0,0,0,0,0,0,0,0,0,0,0,0,0,0,0,0,0,0,0,0,0,0,0,0,0,0,0,0,0,0,0,0,0,0,0,0,0,0,0,0,0,0,0,0,0,0,0,0,0,0,0,0,0,0,0,0,0,0,0,0,0,0,0,0,0,0,0,0,0,0,0,0,0,0,0,0,0,0,0,0,0,0,0,0,0,0,0,0,0,0,0,0,0,0,0,0,0,0,0,0,0,0,0,0,0,0,0,0,0,0,0,0,0,0,0,0,0,0,0,0,0,0,0,0,0,0,0,0,0,0,0,0,0,0,0,0,0,0,0,0,0,0,0,0,0,0,0,0,0,0,0,0,0,0,0,0,0,0,0,0,0,0,0,0,0,0,0,0,0,0,0,0,0,0,0,0,0,0,0,0,0,0,0,0,0,0,0,0,0,0
"BDI",0,0,0,0,0,0,0,0,0,0,0,0,0,0,0,0,0,0,0,0,0,0,0,0,0,0,0,0,0,0,0,0,0,0,14210000,0,0,0,0,0,0,0,0,0,0,0,0,0,0,0,0,0,0,0,0,0,0,0,0,0,0,0,0,0,0,0,0,0,0,0,0,0,0,0,0,0,0,0,0,0,0,0,0,0,0,0,0,0,0,0,0,0,0,0,0,0,0,0,0,0,0,0,0,0,0,0,0,0,0,0,0,0,0,0,0,0,0,0,0,0,0,0,0,0,0,0,0,0,0,0,0,0,0,0,0,0,0,0,0,0,0,2535260000,0,0,0,0,0,0,0,0,0,0,0,0,0,0,0,0,0,0,0,0,0,0,0,14700000,0,0,0,0,0,0,0,0,0,0,0,0,0,0,0,0,0,0,0,0,29400000,0,0,0,0,0,0,0,0
"CMR",0,0,0,0,0,0,0,0,0,0,0,0,0,0,0,0,0,0,0,0,0,0,0,0,0,0,0,14210000,0,227870000,0,0,0,0,391510000,0,0,0,0,0,0,0,0,0,0,0,0,0,1996260000,0,0,0,0,114930000,0,0,0,1960000,0,0,0,0,0,0,0,0,0,0,0,0,0,0,0,0,0,0,0,0,0,0,0,0,0,0,0,0,0,0,0,0,0,0,0,0,0,0,0,0,0,0,0,0,0,0,0,0,0,0,0,0,0,0,0,0,0,0,0,0,0,0,0,0,0,0,0,0,0,0,0,0,0,0,0,0,0,0,0,0,0,0,0,0,0,0,0,0,43120000,0,0,0,0,0,0,0,0,0,0,0,0,0,0,0,0,0,0,0,0,0,0,0,0,0,0,0,0,0,0,0,8330000,0,0,0,0,0,0,0,1107680000,0,0,0,0,0,0,0,0
"CAN",0,0,0,0,0,0,0,0,0,0,41380000,0,0,0,0,0,435115840000,0,0,0,0,0,0,0,0,0,0,0,0,0,55924960000,3793712520000,46649720000,0,0,0,37040140000,0,0,0,0,0,0,5063680000,0,1504640000,0,21233600000,0,0,0,0,0,0,0,0,0,0,0,0,0,0,0,0,0,0,54690560000,0,24220000,6.44e+08,0,6694780000,0,0,0,0,0,366020040000,0,0,0,1376320000,0,0,228360000,3465449360000,0,0,0,0,0,243373560000,0,13220240000,0,0,0,13455960000,0,0,0,0,0,4025920000,0,0,0,0,0,418269240000,0,51496520000,0,0,0,0,318720000,0,138400000,0,0,31140000,0,0,0,770240000,0,301020000,0,0,0,0,20199520000,0,0,0,0,0,0,0,0,0,2929280000,0,0,0,0,1326187280000,0,0,0,0,1.104e+09,9560640000,0,329342280000,0,0,0,0,0,262280000,0,0,1291680000,0,69200000,0,0,24220000,0,3.1291e+10,0,181451280000,0,0,30208680000,0,5254709240000,0,0,0,3582540000,0,0,0,250240000,0,570280000,0,0,0,0,0,0
"CPV",0,0,0,0,0,0,0,0,0,0,0,0,0,0,0,0,0,0,0,0,0,0,0,0,0,0,0,0,0,0,0,0,0,0,0,0,0,0,0,0,0,0,0,0,0,0,0,0,0,0,0,0,0,0,0,0,0,0,0,0,0,0,0,0,0,0,0,0,0,0,0,0,0,0,0,0,0,0,0,0,0,0,0,0,0,0,0,0,0,0,0,0,0,0,0,0,0,0,0,0,0,0,0,0,0,0,0,0,0,0,0,0,0,0,0,0,0,0,0,0,0,0,0,0,0,0,0,0,0,0,0,0,0,0,0,0,0,0,0,0,0,0,0,0,0,0,0,0,0,0,0,0,0,0,0,0,0,0,0,0,0,0,0,0,0,0,0,0,0,0,0,0,0,0,0,0,0,0,0,0,0,0,0,0,0,0,0,0,0,0,0,0,0,0,0
"CAF",0,0,0,0,0,0,0,0,0,0,0,0,0,0,0,0,0,0,0,0,0,0,0,0,980000,0,0,0,0,0,0,0,0,0,31360000,0,0,0,0,0,0,0,0,0,0,0,0,0,0,0,0,0,0,0,0,0,0,0,0,0,0,0,0,0,0,0,0,0,0,0,0,0,0,0,0,0,0,0,0,0,0,0,0,0,0,0,0,0,0,0,0,0,0,0,0,0,0,0,0,0,0,0,0,0,0,0,0,0,0,0,0,0,0,0,0,0,0,0,0,0,0,0,0,0,0,0,0,0,0,0,0,0,0,0,0,0,0,0,0,0,0,0,0,0,0,0,0,0,0,0,0,0,0,0,0,0,0,0,0,0,0,0,0,0,0,0,0,0,0,0,0,0,0,0,0,0,0,0,0,0,0,0,0,0,0,0,42630000,0,0,0,0,0,0,0,0
"LKA",0,0,0,0,0,0,0,0,0,0,0,0,0,0,0,0,0,0,0,0,0,0,0,0,0,0,0,0,0,0,0,0,0,0,0,0,0,0,0,0,0,0,0,0,0,0,0,0,0,0,0,0,0,38220000,0,0,0,0,0,4410000,0,0,0,0,0,0,0,0,0,0,0,0,0,0,0,490000,0,0,0,0,0,1470000,0,0,0,17150000,0,0,0,0,0,0,0,0,0,7240000,0,0,0,0,0,0,0,9800000,37240000,0,0,0,0,0,0,0,0,0,0,0,0,0,0,0,0,0,0,0,0,0,0,0,0,0,0,0,0,0,0,0,0,0,0,0,0,0,0,0,0,0,0,0,0,0,0,0,0,3430000,0,0,0,0,0,0,0,10290000,0,0,0,0,0,0,0,0,0,0,0,0,0,0,18620000,0,99960000,0,0,0,0,0,0,0,0,0,0,0,0,0,0,0,0
"TCD",0,0,0,0,0,0,0,0,0,0,0,0,0,0,0,0,0,0,0,0,0,0,0,0,0,0,0,0,0,0,0,0,0,0,0,0,0,0,0,0,0,0,0,0,0,0,0,0,0,0,0,0,0,0,0,0,0,0,0,0,0,0,0,0,0,0,0,0,0,0,0,0,0,0,0,0,0,0,0,0,0,0,0,0,0,0,0,0,0,0,0,0,0,0,0,0,0,0,0,0,0,0,0,0,0,0,0,0,0,0,0,0,0,0,0,0,0,0,0,0,0,0,0,0,0,0,0,0,0,0,0,0,0,0,0,0,0,0,0,0,0,0,0,0,0,0,0,0,0,0,0,0,0,0,0,0,0,0,0,0,0,0,0,0,0,0,0,0,0,0,0,0,0,0,0,0,0,0,0,0,0,0,0,0,0,0,0,0,0,0,0,0,0,0,0
"CHL",0,0,0,0,0,7007750000,8820000,0,0,0,0,0,0,0,78353640000,0,89670000,0,0,0,0,0,0,0,0,15910000,0,0,0,0,0,3617440000,30584740000,0,0,0,168820000,0,0,0,0,0,0,0,0,40236750000,0,0,0,0,0,0,0,0,0,0,0,0,0,0,0,0,0,0,0,0,0,0,0,0,0,0,0,0,0,0,0,0,0,0,0,80740000,0,0,0,14634360000,0,0,0,0,0,25690000,0,0,0,0,0,0,0,0,0,0,0,0,0,0,0,0,0,1631180000,0,0,0,0,0,0,1703840000,0,0,0,0,0,3670000,0,0,0,0,25740000,0,0,10741880000,96953460000,0,0,0,0,0,0,0,0,0,0,0,0,0,0,0,0,0,0,0,0,0,0,0,0,0,0,0,0,7340000,0,0,0,0,0,0,0,0,0,0,0,0,0,0,0,0,0,2324200000,0,0,0,133982110000,0,0,0,0,0,0,0,0,0,0,0,0
"CHN",0,0,0,0,0,0,121520000,15680000,0,0,0,42140000,0,0,0,0,0,0,0,0,0,0,6081740000,0,0,702660000,0,0,0,3920000,0,0,0,0,0,0,1470000,490000,5390000,0,0,31360000,0,8820000,0,0,0,0,0,0,0,17640000,32830000,3499120000,0,0,0,0,0,256760000,0,0,12740000,31360000,0,0,0,0,0,0,0,30443230000,0,0,980000,0,37240000,0,0,39690000,7840000,4063570000,0,90750000,0,825230000,0,215100000,0,128380000,25245160000,11579860000,0,0,1470000,1470000,0,0,0,0,6731170000,1470000,0,787280000,0,0,0,0,0,0,8709170000,0,0,0,0,0,779100000,0,0,0,8820000,19600000,0,0,0,19600000,0,13230000,8820000,5880000,0,0,30380000,16660000,90160000,0,0,0,0,0,0,0,432250000,0,0,0,0,0,0,0,0,19110000,0,1449510000,0,328790000,241080000,0,0,0,15680000,191100000,0,0,0,0,77910000,0,0,9310000,0,0,0,0,0,0,2192750000,0,7251810000,0,0,0,0,661170000,0,0,0,0,208250000,7840000,0,0,0,0,0
"COL",0,0,0,0,0,0,0,0,0,0,0,0,0,0,0,0,0,0,0,0,0,0,0,0,0,0,0,0,0,0,0,0,0,0,0,0,0,0,0,0,0,0,0,0,0,149438980000,0,0,0,0,0,0,0,0,0,0,0,0,0,2940000,0,0,0,0,0,0,0,0,0,0,0,0,0,0,0,0,0,0,0,0,0,0,0,0,0,2450000,0,0,0,0,0,0,0,0,0,0,0,0,0,0,0,0,0,0,0,0,0,0,0,0,0,0,0,0,0,0,29890000,0,0,0,0,0,0,0,0,0,0,0,0,0,0,0,0,0,0,0,0,0,0,0,0,0,0,0,0,0,0,0,0,0,0,0,0,0,0,0,92120000,0,0,0,0,0,0,0,0,0,0,0,0,0,0,0,0,0,0,0,0,0,332220000,0,0,0,19938920000,0,0,0,0,0,4410000,0,0,0,0,0,0
"COM",0,0,0,0,0,0,0,0,0,0,0,0,0,0,0,0,0,0,0,0,0,0,0,0,0,0,0,0,0,0,0,0,0,0,0,0,0,0,0,0,0,0,0,0,0,0,0,0,0,0,0,0,0,0,0,0,0,0,0,0,0,0,0,0,0,0,0,0,0,0,0,0,0,0,0,0,0,0,0,0,0,0,0,0,0,0,0,0,0,0,0,0,0,0,0,0,0,0,0,0,0,0,0,0,0,0,0,0,0,0,0,0,0,0,0,0,0,0,0,0,0,0,0,0,0,0,0,0,0,0,0,0,0,0,0,0,0,0,0,0,0,0,0,0,0,0,0,0,0,0,0,0,0,0,0,0,0,0,0,0,0,0,0,0,0,0,0,0,0,0,0,0,0,0,0,0,0,0,0,0,0,0,0,0,0,0,0,0,0,0,0,0,0,0,0
"COG",0,0,0,0,0,0,0,0,0,0,0,0,0,0,0,0,0,0,0,0,0,0,0,0,0,0,0,0,0,0,0,0,0,0,0,0,0,0,0,0,0,0,0,0,0,0,0,0,0,0,0,0,0,0,0,0,0,0,0,0,0,0,0,0,0,0,0,0,0,0,0,0,0,0,0,0,0,0,0,0,0,0,0,0,0,0,0,0,0,0,0,0,0,0,0,0,0,0,0,0,0,0,0,0,0,0,0,0,0,0,0,0,0,0,0,0,0,0,0,0,0,0,0,0,0,0,0,0,0,0,0,0,0,0,0,0,0,0,0,0,0,0,0,0,0,0,0,0,0,0,0,0,0,0,0,0,0,0,0,0,0,0,0,0,0,0,0,0,0,0,0,0,0,0,0,0,0,0,0,0,0,0,0,0,0,0,0,0,0,0,0,0,0,0,0
"COK",0,0,0,0,0,0,0,0,0,0,0,0,0,0,0,0,0,0,0,0,0,0,0,0,0,0,0,0,0,0,0,0,0,0,0,0,0,0,0,0,0,0,0,0,0,0,0,0,0,0,0,0,0,0,0,0,0,0,0,0,0,0,0,0,0,0,0,0,0,0,0,0,0,0,0,0,0,0,0,0,0,0,0,0,0,0,0,0,0,0,0,0,0,0,0,0,0,0,0,0,0,0,0,0,0,0,0,0,0,0,0,0,0,0,0,0,0,0,0,0,0,0,0,0,0,0,0,0,0,0,0,0,0,0,0,0,0,0,0,0,0,0,0,0,0,0,0,0,0,0,0,0,0,0,0,0,0,0,0,0,0,0,0,0,0,0,0,0,0,0,0,0,0,0,0,0,0,0,0,0,0,0,0,0,0,0,0,0,0,0,0,0,0,0,0
"CRI",0,0,0,0,0,0,0,0,0,0,0,0,0,0,0,0,0,0,0,0,0,0,0,0,0,490000,0,0,0,0,0,0,0,0,0,0,0,0,0,0,0,0,0,0,0,0,0,0,0,0,0,0,0,0,0,0,0,0,0,0,0,0,0,0,0,0,0,0,0,0,0,0,0,0,0,0,0,0,0,0,0,0,0,0,0,0,0,0,0,0,0,0,0,0,0,0,0,0,0,0,0,0,0,0,0,0,0,0,0,0,0,0,0,0,0,0,0,0,0,0,0,0,6780000,0,0,0,0,22020000,0,0,0,0,0,0,0,0,0,0,0,0,0,0,0,0,0,0,0,0,0,0,0,0,0,0,0,0,0,0,0,0,0,0,0,0,0,0,0,0,0,0,0,0,0,0,0,0,0,0,103390000,0,0,0,0,0,0,0,0,0,0,0,0,0,0,0,0
"CUB",0,0,0,0,0,0,0,0,0,0,0,0,0,0,0,0,0,0,0,0,0,0,0,0,0,65170000,0,0,0,0,9800000,0,0,0,0,0,0,0,16660000,0,0,7350000,0,0,0,0,0,0,0,0,0,0,0,9310000,0,0,0,0,0,7350000,0,0,0,0,0,0,0,0,0,0,0,0,0,0,0,0,0,0,0,0,0,554680000,0,0,18620000,23030000,0,0,0,0,0,0,0,0,0,0,0,0,0,0,0,0,0,0,0,0,0,0,0,0,0,0,0,0,0,0,490000,0,0,0,0,0,0,0,0,0,0,5390000,0,0,0,0,0,0,0,0,0,0,0,0,0,0,0,0,0,0,0,0,0,0,0,0,0,0,0,0,59780000,0,0,0,0,0,0,0,0,0,0,0,0,0,0,0,0,0,0,0,10780000,0,0,0,0,0,0,0,0,0,0,0,0,0,0,0,0,0,0
"CYP",0,0,0,0,0,0,1470000,0,0,0,0,0,0,0,0,0,0,0,0,0,0,0,0,0,0,13230000,0,0,0,0,0,0,0,0,0,0,0,0,0,0,0,1960000,0,0,0,0,12740000,0,0,0,0,0,10780000,0,0,0,0,0,0,2450000,0,0,0,1876210000,0,0,0,0,0,0,0,0,0,0,0,0,0,0,0,0,11270000,2450000,0,0,0,6370000,8820000,0,0,0,0,0,32830000,0,0,30380000,0,0,0,0,0,0,0,0,0,0,3430000,0,0,0,0,0,0,0,0,0,0,0,0,1960000,0,0,0,0,0,0,0,0,0,0,0,0,0,0,0,0,0,0,490000,0,0,0,0,0,0,0,0,0,0,0,0,0,0,0,0,0,0,0,0,0,9310000,0,1960000,0,0,0,0,0,0,0,30380000,0,0,0,0,0,377300000,0,28420000,0,0,0,0,0,0,6860000,0,0,3430000,0,0,0,0,0,0
"AZE",0,0,0,0,0,0,0,0,0,0,0,0,0,0,0,0,0,0,0,0,0,0,0,0,0,0,0,0,0,0,0,0,0,0,0,0,0,0,0,0,0,0,0,0,0,0,0,0,0,0,0,0,0,0,0,0,0,0,0,0,0,0,0,0,0,0,0,0,0,0,0,0,0,0,0,0,0,0,0,0,0,0,0,0,0,0,0,0,0,0,0,0,0,0,0,0,0,0,0,0,0,0,0,0,0,0,0,0,0,0,0,0,0,0,0,0,0,0,0,0,0,0,0,0,0,0,0,0,0,0,0,0,0,0,0,0,0,0,0,0,0,0,120050000,0,0,0,0,0,0,0,0,0,0,0,0,0,0,0,0,0,0,0,0,0,0,0,0,0,0,0,0,0,0,0,0,0,0,0,0,0,0,0,0,0,0,0,0,0,0,0,0,0,0,0,0
"BEN",0,0,0,0,0,0,0,0,0,0,0,0,0,0,0,0,0,0,0,0,0,0,0,0,0,0,0,0,0,0,0,0,0,0,0,0,0,0,0,0,0,0,0,0,0,0,0,0,0,0,0,0,0,0,0,0,0,0,0,0,0,0,0,0,0,0,0,0,0,0,0,0,0,0,0,0,0,0,0,0,0,0,0,0,0,0,0,0,0,0,0,0,0,0,0,0,0,0,0,0,0,0,0,0,0,0,0,0,0,0,0,0,0,0,0,0,0,0,0,0,0,0,0,0,0,0,0,0,0,0,0,0,0,0,0,0,0,0,0,0,0,0,0,0,0,0,0,0,0,0,0,0,0,0,0,0,0,0,0,0,0,0,0,0,0,0,0,0,0,0,0,0,0,0,0,0,0,0,0,0,0,0,0,0,0,0,0,0,0,0,0,0,0,0,0
"DNK",0,0,0,0,0,0,0,24438520000,0,0,0,0,0,0,0,0,0,0,0,62560000,0,0,0,0,1659680000,0,0,0,16309760000,0,268398760000,141038160000,504188480000,0,0,0,0,0,0,0,0,0,117760000,2829920000,4.316e+09,0,9041760000,0,0,43764640000,3339730000,0,1.31108e+11,143664680000,0,0,0,0,658720000,2414117730000,0,0,0,29593680000,0,0,0,0,80960000,8291040000,0,0,8416200000,604240000,12148890000,3680000,0,0,0,0,0,0,0,12508320000,0,81515680000,0,0,0,0,0,7382080000,0,9.8416e+10,0,0,0,1659680000,0,93717680000,0,0,0,26650560000,0,0,0,0,0,0,0,32768400000,0,0,0,496800000,226513640000,0,0,0,0,0,0,0,0,45544250000,36800000,16479040000,125509280000,0,0,1.2201e+11,0,634103400000,25336800000,0,0,0,0,0,0,0,881670920000,0,0,1457280000,0,0,0,0,0,0,121077080000,0,0,0,199200000,0,0,0,353493490000,0,0,0,0,0,5284480000,0,0,0,0,0,31201360000,0,0,0,45382160000,95293960000,0,0,0,0,0,27644160000,0,0,0,0,57641840000,79680000,0,0,0,0,0
"DMA",0,0,0,0,0,0,0,0,0,0,0,0,0,0,0,0,0,0,0,0,0,0,0,0,0,0,0,0,0,0,0,0,0,0,0,0,0,0,0,0,0,0,0,0,0,0,0,0,0,0,0,0,0,490000,0,0,0,0,0,4410000,0,0,0,0,0,0,0,0,0,0,0,0,0,0,0,0,0,0,0,0,0,0,0,0,0,0,0,0,0,0,0,0,0,0,0,0,0,0,0,0,0,0,0,0,0,0,0,0,0,0,0,0,0,0,0,0,0,0,0,0,0,0,0,0,0,0,0,0,0,0,0,0,0,0,0,0,0,0,0,0,0,0,0,0,0,490000,0,0,0,0,0,0,0,0,0,0,0,0,0,0,0,0,0,0,0,0,0,0,0,0,0,0,0,0,0,0,0,0,1960000,0,0,0,0,0,0,0,0,0,0,0,0,0,0,0,0
"DOM",0,0,0,0,0,0,0,0,0,0,0,0,0,0,0,0,0,0,0,0,0,0,0,0,0,0,0,0,0,0,0,0,0,0,0,0,0,0,0,0,0,0,0,0,0,0,0,0,0,0,0,0,0,0,0,0,0,0,0,0,0,0,0,0,0,0,0,0,0,0,0,0,0,0,0,0,0,0,0,0,0,0,0,0,0,0,0,0,0,0,0,0,0,0,0,0,0,0,0,0,0,0,0,0,0,0,0,0,0,0,0,0,0,0,0,0,0,0,0,0,0,0,0,0,0,0,0,0,0,0,0,0,0,0,0,0,0,0,0,0,0,0,0,0,0,0,0,0,0,0,0,0,0,0,0,0,0,0,0,0,0,0,0,0,0,0,0,0,0,0,0,0,0,0,0,0,0,0,0,0,0,0,0,0,0,0,0,0,0,0,0,0,0,0,0
"BLR",0,0,0,0,0,0,0,0,0,0,0,0,0,0,0,0,0,0,0,0,0,0,0,0,0,36720000,0,0,0,0,0,0,0,0,0,0,0,0,0,0,0,0,0,0,0,0,0,0,0,0,0,0,0,0,0,0,0,0,0,0,0,0,0,0,0,0,0,0,0,0,0,0,0,0,0,0,0,0,0,0,0,0,0,1556640000,0,0,0,0,0,0,0,0,0,59780000,0,0,0,0,0,965040000,0,0,0,0,0,0,0,0,0,0,0,0,0,0,0,0,0,0,0,0,0,0,0,0,0,0,0,0,0,0,0,0,0,0,0,0,0,0,0,0,0,0,264201850000,0,0,0,0,0,0,0,0,0,0,0,0,0,0,0,0,0,0,1693200000,0,0,0,0,0,0,0,0,0,0,0,0,0,0,0,0,0,0,0,0,0,0,0,0,0,0,0,0,0,0,0,0,0
"ECU",0,0,0,0,0,0,0,0,0,0,0,0,0,0,0,0,0,0,0,0,0,0,0,0,0,0,0,0,0,0,0,0,16600000,0,0,0,0,0,0,0,0,0,0,0,0,0,0,0,0,0,0,0,0,0,0,0,0,0,0,0,0,0,0,0,0,0,0,0,0,0,0,0,0,0,0,0,0,0,0,0,0,0,0,0,0,0,0,0,0,0,0,0,0,0,0,0,0,0,0,0,0,0,0,0,0,0,0,0,0,0,0,0,0,0,0,0,0,0,0,0,0,0,0,0,0,0,0,0,0,0,0,0,0,0,0,0,0,0,0,0,0,0,0,0,0,0,0,0,0,0,0,0,0,0,0,0,50390000,0,0,0,0,0,0,0,0,0,0,0,0,0,0,0,0,0,0,0,490000,0,550340000,0,0,0,0,0,0,0,0,0,0,0,0,0,0,0,0
"EGY",0,0,0,0,0,0,0,0,0,0,0,0,0,0,0,0,0,0,0,0,0,0,0,0,0,3920000,0,0,0,0,0,0,0,0,0,0,0,0,0,0,0,0,0,0,0,0,0,0,0,0,0,0,0,0,0,0,0,0,0,0,0,0,0,0,0,0,0,0,0,0,0,1470000,0,0,0,0,0,0,0,0,0,2450000,0,0,0,18130000,0,0,0,0,0,0,252350000,0,0,0,0,0,149400000,0,0,0,0,0,0,0,0,0,0,0,0,980000,0,0,0,0,0,0,0,0,0,0,0,0,0,0,0,0,0,0,0,0,0,0,0,0,0,0,7840000,0,0,0,0,0,0,0,0,412090000,0,0,0,0,0,0,0,0,0,0,0,0,0,0,0,0,0,0,0,0,0,0,0,0,0,15190000,0,0,3920000,0,3920000,0,0,0,0,0,0,0,0,0,0,0,0,0,0,0,0
"SLV",0,0,0,0,0,0,0,0,0,0,0,0,0,0,0,0,0,0,0,0,0,0,0,0,0,0,0,0,0,0,0,0,0,0,0,0,0,0,0,0,0,0,0,0,0,0,0,0,0,0,0,0,0,0,0,0,0,0,0,0,0,0,0,0,0,0,61740000,0,0,0,11040000,0,0,0,0,0,0,0,0,0,0,0,0,0,0,0,0,0,0,0,0,0,0,0,0,0,0,0,0,0,0,0,0,0,0,0,0,0,0,0,0,0,0,0,0,0,0,0,0,0,0,0,0,0,0,0,0,0,0,0,0,0,0,0,0,0,0,0,0,0,0,0,0,0,0,0,0,0,0,0,0,0,0,0,0,0,0,0,0,0,0,0,0,0,0,0,0,0,0,0,0,0,0,0,0,0,0,0,8044820000,0,0,0,0,0,0,0,0,0,0,0,0,0,0,0,0
"GNQ",0,0,0,0,0,0,0,0,0,0,0,0,0,0,0,0,0,0,0,0,0,0,0,0,0,0,0,0,0,0,0,0,0,0,0,0,0,0,0,0,0,0,0,0,0,0,0,0,0,0,0,0,0,0,0,0,0,0,0,0,0,0,0,0,0,0,0,0,0,0,0,0,0,0,0,0,0,0,0,0,0,0,0,0,0,0,0,0,0,0,0,0,0,0,0,0,0,0,0,0,0,0,0,0,0,0,0,0,0,0,0,0,0,0,0,0,0,0,0,0,0,0,0,0,0,0,0,0,0,0,0,0,0,0,0,0,0,0,0,0,0,0,0,0,0,0,0,0,0,0,0,0,0,0,0,0,0,0,0,0,0,0,0,0,0,0,0,0,0,0,0,0,0,0,0,0,0,0,0,0,0,0,0,0,0,0,0,0,0,0,0,0,0,0,0
"EST",0,0,0,0,8330000,0,490000,0,1470000,0,0,0,0,0,0,0,0,0,0,0,0,0,0,0,0,285050000,0,0,0,0,0,980000,0,0,0,0,0,0,10780000,0,0,1470000,0,0,0,0,0,0,0,0,0,0,606860000,10290000,0,0,0,0,0,64790000,0,0,0,0,0,0,0,0,0,0,0,0,0,0,0,0,0,0,0,0,0,0,0,21830000,0,5880000,0,0,0,0,0,0,0,15005920000,0,0,0,10290000,0,37358820000,0,0,0,0,0,0,6420000,0,0,8066660000,0,0,0,0,0,0,95060000,0,0,0,0,0,0,0,0,4410000,0,490000,0,0,0,0,0,0,0,0,0,0,0,0,0,0,8848830000,0,0,490000,0,0,0,0,0,0,0,490000,0,234880000,0,0,0,0,227850000,0,0,0,0,0,0,0,0,0,0,0,0,0,0,0,34790000,3880150000,1463930000,0,0,0,3.303e+09,0,0,0,0,0,724220000,980000,0,0,0,0,0
"FRO",0,0,0,0,0,0,0,0,0,0,0,0,0,0,0,0,0,0,0,0,0,0,0,0,0,0,0,0,0,0,0,0,0,0,0,0,0,0,0,0,0,0,0,0,0,0,0,0,0,0,0,0,0,0,0,0,0,0,0,0,0,0,0,0,0,0,0,0,0,0,0,0,0,0,0,0,0,0,0,0,0,0,0,0,0,0,0,0,0,0,0,0,0,0,0,0,0,0,0,0,0,0,0,0,0,0,0,0,0,0,0,0,0,0,0,0,0,0,0,0,0,0,0,0,0,0,0,0,0,0,0,0,0,0,0,0,0,0,0,0,0,0,0,0,0,0,0,0,0,0,0,0,0,0,0,0,0,0,0,0,0,0,0,0,0,0,0,0,0,0,0,0,0,0,0,0,0,0,0,0,0,0,0,0,0,0,0,0,0,0,0,0,0,0,0
"FJI",0,0,0,0,0,0,62720000,0,0,0,0,0,0,0,0,0,0,0,0,45080000,0,0,0,0,0,14210000,0,0,0,0,0,0,0,0,0,2940000,0,0,0,0,0,0,0,0,0,0,0,0,0,0,0,0,0,0,980000,0,0,0,0,0,0,0,7840000,0,0,0,0,0,0,0,0,9310000,0,0,0,0,490000,0,0,0,0,0,0,0,0,5880000,0,0,0,0,0,0,0,0,0,0,0,0,0,0,0,0,0,0,0,0,0,0,0,0,0,0,0,0,0,0,0,0,0,0,4410000,16170000,0,0,0,0,0,0,0,490000,0,0,0,0,0,0,0,0,0,0,0,0,0,0,0,0,0,0,0,0,0,0,0,0,0,0,0,0,0,0,0,0,0,0,980000,0,0,0,9310000,0,0,0,0,0,0,8330000,490000,0,0,0,0,0,0,0,0,0,0,0,0,0,0,0,0,0,0
"FIN",0,0,0,363330000,0,0,3480000,14210000,0,0,0,0,0,0,0,0,0,0,0,0,0,0,0,0,0,11500000,0,0,0,0,0,0,0,0,0,0,0,0,77070000,0,0,1336440000,0,0,3399120000,0,0,0,0,57885490000,0,0,0,3538270000,0,0,0,0,0,74489900000,6370000,0,0,24500000,0,0,0,0,0,0,0,0,0,38220000,20580000,0,0,0,0,0,4410000,910670000,0,147200000,0,3672640000,158772360000,0,0,0,0,576190000,0,15860920000,0,258370000,0,0,0,53539220000,0,0,0,0,0,0,0,0,490000,0,0,0,0,6960000,0,0,43445900000,0,0,0,0,0,0,0,0,32150780000,0,300940000,3430000,0,0,0,0,29410000,2940000,0,0,0,0,0,0,0,632047580000,0,0,0,0,191245330000,0,0,0,0,0,0,0,0,166443490000,0,0,0,35283180000,86660000,440400000,0,0,0,417060000,0,0,0,0,1.02256e+11,0,0,0,0,7882210000,14766880000,8871620000,0,0,0,9310000,0,0,0,0,0,40370000,0,0,0,0,0,0
"FRA",5213330000,0,594180000,1017347660000,66240000,54787350000,87220000,35411050000,3978080000,0,0,0,0,0,0,0,903005200000,0,0,0,0,38106960000,1950400000,20092800000,230557820000,8072160000,490000,13801960000,8833960000,59780000,1470000,2758609460000,274860960000,0,1245270000,0,8541280000,115492960000,151245780000,4979040000,16192670000,89168870000,0,2604420000,15879560000,0,18185330000,0,8330000,0,0,0,18458120000,0,27979960000,608090000,4360800000,33751170000,1707520000,4915045690000,45080000,16534240000,0,742913870000,0,0,3.312e+10,10055020000,11334400000,7786540000,49963360000,605480000,56144070000,28814840000,4831490000,840260000,15198400000,81015130000,116774360000,1364210000,97507710000,3759970820000,78298500000,20457120000,0,552799190000,348278240000,0,1321120000,17087440000,0,94570000,1.36618e+11,1222660000,42938240000,2611040000,0,2520800000,138198320000,5.99e+09,0,26619820000,0,2216330000,0,6027100000,61013840000,51940000,1124880000,47549500000,980000,1748321300000,10204640000,0,0,2690080000,3539754380000,0,5014090000,230300000,0,111080000,29248640000,4003790000,39283720000,62560000,10780000,2.3368e+10,121217650000,0,0,82711160000,131799200000,193670580000,363288150000,9.2e+08,0,2.1344e+10,0,9.379e+10,157554480000,3.0912e+10,873063610000,0,4401280000,1965120000,0,1508328250000,11417320000,2001920000,0,96821770000,128666170000,80267170000,0,355665600000,534527040000,9119040000,0,0,40598670000,359521900000,497259840000,0,5556490000,11650880000,75289120000,19392850000,0,0,0,560412720000,175916840000,1095150000,26492320000,0,265951780000,68865730000,4963820000,38124230000,35716560000,33200000,592998330000,137864810000,25929280000,0,45309630000,0,7207692060000,46817480000,0,0,0,0,0
"PYF",0,0,0,0,0,0,0,0,0,0,0,0,0,0,0,0,0,0,0,0,0,0,0,0,0,0,0,0,0,0,490000,0,0,0,0,0,0,0,0,0,0,0,0,0,0,0,0,0,0,0,0,0,0,37240000,0,0,0,0,0,0,0,0,0,0,0,0,0,0,0,0,0,0,0,0,0,0,0,0,0,0,0,0,0,0,0,20090000,0,0,0,0,0,0,0,0,0,0,0,0,0,0,0,0,0,0,0,0,0,0,0,0,0,0,0,0,0,0,0,0,1960000,0,0,0,0,0,0,0,0,0,0,0,0,0,0,0,0,0,0,0,0,0,0,0,0,0,0,0,0,0,0,0,0,0,0,0,0,0,0,0,0,0,0,0,0,0,0,0,0,0,0,0,0,0,0,0,0,0,0,0,118090000,0,0,0,0,0,0,0,0,0,0,0,0,0,0,0,0
"DJI",0,0,0,0,0,0,0,0,0,0,0,0,0,0,0,0,0,0,0,0,0,0,0,0,0,0,0,0,0,0,0,0,0,0,0,0,0,0,0,0,0,0,0,0,0,0,0,0,0,0,0,0,0,0,0,0,0,0,0,0,0,0,0,0,0,0,0,0,0,0,0,0,0,0,0,0,0,0,0,0,0,0,0,0,0,0,0,0,0,0,0,0,0,0,0,0,0,0,0,0,0,0,0,0,0,0,0,0,0,0,0,0,0,0,0,0,0,0,0,0,0,0,0,0,0,0,0,0,0,0,0,0,0,0,0,0,0,0,0,0,0,0,0,0,0,0,0,0,0,0,0,0,0,0,0,0,0,0,0,0,0,0,0,0,0,0,0,0,0,0,0,0,0,0,0,0,0,0,0,0,0,0,0,0,0,0,0,0,0,0,0,0,0,0,0
"GEO",26560000,0,0,0,0,0,0,0,0,0,0,0,0,0,0,0,0,0,0,0,0,0,0,0,0,0,0,0,0,0,0,0,0,0,0,0,0,0,0,1066060000,0,0,0,0,0,0,0,0,0,0,0,0,0,0,0,0,0,0,0,0,0,0,0,0,0,0,0,0,0,0,0,0,0,0,0,0,0,0,0,0,0,0,0,0,0,0,0,0,0,0,0,0,0,0,0,0,0,0,0,0,0,0,0,0,0,0,0,0,0,0,0,0,0,0,0,0,0,0,0,0,0,0,0,0,0,0,0,0,0,0,0,0,0,0,0,0,0,0,0,0,0,0,0,0,0,0,0,0,0,0,0,0,0,0,0,0,0,0,0,0,0,0,0,0,0,0,0,0,0,0,0,0,0,0,0,0,0,0,0,0,0,0,0,0,0,0,0,0,0,0,0,0,0,0,0
"GAB",0,0,0,0,0,0,0,0,0,0,0,0,0,0,0,0,0,0,0,0,0,0,0,0,0,0,0,0,0,0,0,0,0,0,0,0,0,0,0,0,0,0,0,0,0,0,0,0,490000,0,0,0,0,0,0,0,0,0,0,0,0,0,0,0,0,0,0,0,0,0,0,0,0,0,0,0,0,0,0,0,0,0,0,0,0,0,0,0,0,0,0,0,0,0,0,0,0,0,0,0,0,0,0,0,0,0,0,0,0,0,0,0,0,0,0,0,0,0,0,0,0,0,0,0,0,0,0,0,0,0,0,0,0,0,0,0,0,0,0,0,0,0,0,0,0,0,0,0,0,0,0,0,0,0,0,0,0,0,0,0,0,0,0,0,0,0,0,0,0,0,0,0,0,0,0,0,0,0,0,0,0,0,0,0,0,0,0,0,0,0,0,0,0,0,0
"GMB",0,0,0,0,0,0,0,0,0,0,0,0,0,0,0,0,0,0,0,0,0,0,0,0,0,0,0,0,0,0,0,0,0,0,0,0,0,0,0,0,0,0,0,0,0,0,0,0,0,0,0,0,0,0,0,0,0,0,0,0,0,0,0,0,0,0,0,0,0,0,0,0,0,0,0,0,0,0,0,0,0,0,0,0,0,0,0,0,0,0,0,0,0,0,0,0,0,0,0,0,0,0,0,0,0,0,0,0,0,0,0,0,0,0,0,0,0,0,0,0,0,0,0,0,0,0,0,0,0,0,0,0,0,0,0,0,0,0,0,0,0,0,0,0,0,0,0,0,0,0,0,0,0,0,0,0,0,0,0,0,0,0,0,0,0,0,0,0,0,0,0,0,0,0,0,0,0,0,0,0,0,0,0,0,0,0,0,0,0,0,0,0,0,0,0
"DEU",118580000,0,1013640000,491051040000,58880000,2460060000,3579790000,444496360000,1587510000,266310000,201440000,128380000,0,9.2e+07,35270000,0,270978950000,0,0,0,4410000,653780000,0,0,415010000,12233170000,21560000,0,244240000,1195110000,1701300000,4147440000,226380000,147200000,0,0,25091550000,794770000,174666040000,18522220000,2098180000,637460120000,94930000,246940000,505100000,234190000,149124090000,32452840000,0,24406030000,0,0,82456790000,312339260000,0,93590000,131940000,4193140000,9.8e+07,0,23230880000,7844410000,73500000,49599210000,0,0,22187800000,854070000,0,7350000,94560000,2059470000,60360670000,28549580000,20846930000,196470000,4160000,3099110930000,302764080000,4741080000,204808070000,841525190000,105840000,44604270000,3920000,467409280000,1167964120000,266990000,31850000,225890000,4900000,4674190000,470767440000,6836060000,0,24264370000,0,812910000,91045570000,47806630000,0,0,0,4204960000,120050000,8820000,473340000,0,195040000,374580000,2192270000,501492740000,20090000,454110000,92839010000,0,2519769340000,0,176640000,2689750000,0,1168760000,10614680000,0,2276260000,128946510000,13230000,17915500000,54532880000,4900000,44100000,636510000,176600000,183077300000,61538390000,0,0,129930000,35280000,0,24307420000,0,1176111390000,0,0,0,1960000,16743860200000,18620000,490000,1983030000,34984910000,54337040000,1198530000,0,41327370000,779001570000,0,116620000,0,21666610000,388534360000,578623340000,217070000,38835970000,1848550000,121372970000,695800000,0,76930000,423850000,644672040000,754120000,135641560000,227360000,0,326614730000,55134070000,127455010000,116620000,416600000,285260000,226262760000,7522530000,2940000,490000,0,0,216027490000,20583410000,0,0,0,0,0
"BIH",0,0,0,0,0,0,0,0,0,0,0,0,0,0,0,0,0,0,0,0,0,0,0,0,0,0,0,0,0,0,0,0,0,0,0,0,0,0,0,0,0,0,0,0,0,0,0,0,0,0,0,0,0,0,0,0,0,0,0,0,0,0,0,0,0,0,0,0,0,0,0,0,0,0,0,0,0,0,0,0,0,0,0,0,0,0,0,0,0,0,0,0,0,0,0,0,0,0,0,0,0,0,0,0,0,0,0,0,0,0,0,0,0,0,0,0,0,0,0,0,0,0,0,0,0,0,0,0,0,0,0,0,0,0,0,0,0,0,0,0,0,0,0,0,0,0,0,0,0,0,0,0,0,0,0,0,0,0,0,0,0,0,0,0,0,0,0,0,0,0,0,0,0,0,0,0,0,0,0,0,0,0,0,0,0,0,0,0,0,0,0,0,0,0,0
"GHA",0,0,0,0,0,0,0,0,0,0,0,0,0,0,0,0,0,0,0,0,0,0,0,0,0,0,0,0,0,0,0,0,0,0,0,0,0,0,0,0,490000,0,0,0,0,0,0,0,0,0,0,0,0,0,0,0,0,0,0,2940000,0,0,0,0,0,0,0,0,0,0,0,0,0,0,0,0,0,0,0,0,0,980000,0,0,0,1470000,0,0,0,0,0,0,0,0,0,0,0,0,0,0,0,0,0,0,0,0,0,0,0,0,0,0,0,0,0,0,2450000,0,0,0,0,0,0,0,0,0,0,0,0,0,0,0,0,0,0,0,0,0,0,0,0,0,0,0,0,0,0,0,5390000,0,0,0,0,0,0,0,490000,0,0,0,0,0,0,0,0,0,0,0,0,0,0,0,0,0,0,0,4.9e+07,0,11760000,0,0,0,0,0,0,0,0,0,0,0,0,0,0,0,0
"KIR",0,0,0,0,0,0,0,0,0,0,0,0,0,0,0,0,0,0,0,0,0,0,0,0,0,0,0,0,0,0,0,0,0,0,0,0,0,0,0,0,0,0,0,0,0,0,0,0,0,0,0,0,0,0,0,0,0,0,0,0,0,0,0,0,0,0,0,0,0,0,0,0,0,0,0,0,0,0,0,0,0,0,0,0,0,0,0,0,0,0,0,0,0,0,0,0,0,0,0,0,0,0,0,0,0,0,0,0,0,0,0,0,0,0,0,0,0,0,0,0,0,0,0,0,0,0,0,0,0,0,0,0,0,0,0,0,0,0,0,0,0,0,0,0,0,0,0,0,0,0,0,0,0,0,0,0,0,0,0,0,0,0,0,0,0,0,0,0,0,0,0,0,0,0,0,0,0,0,0,0,0,0,0,0,0,0,0,0,0,0,0,0,0,0,0
"GRC",0,0,20264930000,0,0,0,31850000,8330000,12740000,2940000,0,0,0,0,0,0,0,0,0,0,0,8860870000,0,0,0,52920000,0,0,0,0,0,34790000,0,1470000,0,0,0,0,413670000,0,0,16170000,0,0,0,0,11760000,0,0,0,0,0,980000,73990000,0,0,0,69580000,0,122390000,55370000,0,0,0,0,0,0,507640000,0,0,0,139650000,0,0,0,0,0,0,0,0,728140000,172970000,2940000,0,0,33320000,0,0,0,0,0,0,0,0,0,159740000,0,10290000,0,0,0,0,0,0,0,13720000,980000,0,0,0,0,490000,20090000,0,130830000,0,352310000,0,0,1629890000,0,0,0,0,1470000,2450000,0,1470000,0,0,0,0,0,490000,0,0,0,0,0,0,0,0,0,0,0,0,0,11760000,0,0,61250000,8820000,21070000,157780000,0,0,7840000,0,0,0,5390000,11760000,0,0,0,0,0,0,0,0,0,0,17640000,58310000,0,0,12250000,2940000,368970000,0,0,0,0,0,0,0,0,0,7350000,0,0,0,0,0,0
"GRL",0,0,0,0,0,0,0,0,0,0,0,0,0,0,0,0,0,0,0,0,0,0,0,0,0,0,0,0,0,0,0,0,0,0,0,0,0,0,0,0,0,0,0,0,0,0,0,0,0,0,0,0,0,0,0,0,0,0,0,0,0,0,0,0,0,0,0,0,0,0,0,0,0,0,0,0,0,0,0,0,0,0,0,0,0,0,0,0,0,0,0,0,0,0,0,0,0,0,0,0,0,0,0,0,0,0,0,0,0,0,0,0,0,0,0,0,0,0,0,0,0,0,0,0,0,0,0,0,0,0,0,0,0,0,0,0,0,0,0,0,0,0,0,0,0,0,0,0,0,0,0,0,0,0,0,0,0,0,0,0,0,0,0,0,0,0,0,0,0,0,0,0,0,0,0,0,0,0,0,0,0,0,0,0,0,0,0,0,0,0,0,0,0,0,0
"GRD",0,0,0,0,0,0,0,0,0,0,0,0,0,0,0,0,0,0,0,0,0,0,0,0,0,0,0,0,0,0,0,0,0,0,0,0,0,0,0,0,0,0,0,0,0,0,0,0,0,0,0,0,0,0,0,0,0,0,0,0,0,0,0,0,0,0,0,0,0,0,0,0,0,0,0,0,0,0,0,0,0,0,0,0,0,0,0,0,0,0,0,0,0,0,0,0,0,0,0,0,0,0,0,0,0,0,0,0,0,0,0,0,0,0,0,0,0,0,0,0,0,0,0,0,0,0,0,0,0,0,0,0,0,0,0,0,0,0,0,0,0,0,0,0,0,0,0,0,0,0,0,0,0,0,0,0,0,0,0,0,0,0,0,0,0,0,0,0,0,0,0,0,0,0,0,0,0,0,0,0,0,0,0,0,0,0,0,0,0,0,0,0,0,0,0
"GTM",0,0,0,0,0,0,0,0,0,0,0,0,0,0,0,0,0,0,57820000,0,0,0,0,0,0,0,0,0,0,0,0,0,0,0,0,0,0,0,0,0,0,0,0,0,0,0,0,299890000,0,0,0,0,0,329280000,0,0,0,0,0,21560000,0,0,0,0,0,0,0,0,0,0,0,0,0,0,0,0,0,0,0,0,0,0,0,0,0,0,0,0,0,0,0,0,0,0,0,0,0,0,0,0,0,0,0,0,0,0,0,0,0,661010000,0,0,0,0,0,0,0,0,0,0,0,0,0,0,0,0,0,0,0,0,0,0,0,0,0,0,0,0,0,0,0,0,0,0,0,0,0,0,0,0,0,0,0,0,0,0,0,0,0,0,0,0,0,0,0,0,0,0,0,0,0,0,0,0,0,0,0,0,606510000,0,0,0,0,0,0,0,0,0,0,0,0,0,0,0,0
"GIN",0,0,0,0,0,0,0,0,0,0,0,0,0,0,0,0,0,0,0,0,0,0,0,0,9800000,0,0,0,0,0,0,0,0,0,0,0,0,0,0,0,0,0,0,0,0,0,0,0,0,0,0,0,0,0,0,0,0,0,0,0,0,0,0,0,0,0,0,0,0,0,0,0,0,0,0,0,0,0,0,0,0,9800000,0,0,0,0,0,0,0,0,0,0,0,0,0,0,0,0,0,0,0,0,0,0,0,0,0,0,0,0,0,0,0,0,0,0,0,0,0,0,0,0,0,0,0,0,0,0,0,0,0,0,0,0,0,0,0,0,0,0,0,0,0,0,0,0,0,0,0,0,123970000,0,0,0,0,0,0,0,0,0,0,0,0,0,0,0,0,0,0,0,0,0,0,0,0,0,0,0,0,0,0,0,0,0,0,0,0,0,0,0,0,0,0,0,0
"GUY",0,0,0,0,0,0,0,0,0,0,0,0,0,0,0,0,0,0,0,0,0,0,0,0,0,0,0,0,0,0,0,0,0,0,0,0,0,0,0,0,0,0,0,0,0,0,0,0,0,0,0,0,0,0,0,0,0,0,0,0,0,0,0,0,0,0,0,0,0,0,0,0,0,0,0,0,0,0,0,0,0,0,0,0,0,0,0,0,0,0,0,0,0,0,0,0,0,0,0,0,0,0,0,0,0,0,0,0,0,0,0,0,0,0,0,0,0,0,0,0,0,0,0,0,0,0,0,0,0,0,0,0,0,0,0,0,0,0,0,0,0,0,0,0,0,0,0,0,0,0,0,0,0,0,0,0,0,0,0,0,0,0,0,0,0,0,0,0,0,36260000,0,0,0,0,0,0,2940000,0,80850000,0,0,0,0,0,0,0,0,0,0,0,0,0,0,0,0
"HTI",0,0,0,0,0,0,0,0,0,0,0,0,0,0,0,0,0,0,0,0,0,0,0,0,0,0,0,0,0,0,0,0,0,0,0,0,0,0,0,0,0,0,0,0,0,0,0,0,0,0,0,0,0,0,0,0,0,0,0,0,0,0,0,0,0,0,0,0,0,0,0,0,0,0,0,0,0,0,0,0,0,0,0,0,0,0,0,0,0,0,0,0,0,0,0,0,0,0,0,0,0,0,0,0,0,0,0,0,0,0,0,0,0,0,0,0,0,0,0,0,0,0,0,0,0,0,0,0,0,0,0,0,0,0,0,0,0,0,0,0,0,0,0,0,0,0,0,0,0,0,0,0,0,0,0,0,0,0,0,0,0,0,0,0,0,0,0,0,0,0,0,0,0,0,0,0,0,0,0,0,0,0,0,0,0,0,0,0,0,0,0,0,0,0,0
"HND",0,0,0,0,0,0,0,0,0,0,0,0,0,0,0,0,0,0,0,0,0,0,0,0,0,0,0,0,0,0,0,0,0,0,0,0,0,0,0,0,0,0,0,0,0,0,0,6860000,0,0,0,0,0,0,0,0,0,0,0,0,0,0,0,0,0,0,14700000,0,0,0,0,0,0,0,0,0,0,0,0,0,0,0,0,0,0,0,0,0,0,0,0,0,0,0,0,0,0,0,0,0,0,0,0,0,0,0,0,0,0,0,0,0,0,0,0,0,0,0,0,0,0,0,0,0,0,0,0,0,0,0,0,0,0,0,0,0,0,0,0,0,0,0,0,0,0,0,0,0,0,0,0,0,0,0,0,0,0,0,0,0,0,0,0,0,0,0,0,0,0,0,0,0,0,0,0,0,0,0,263620000,0,0,0,0,0,0,0,0,0,0,0,0,0,0,0,0
"HKG",0,0,0,0,0,0,38250000,0,0,0,0,0,0,0,0,0,0,0,0,0,0,0,0,0,0,90160000,0,0,0,0,0,35084500000,0,0,0,0,0,5880000,0,0,8330000,0,0,0,0,0,0,0,0,0,0,0,0,0,0,0,0,0,0,0,0,0,0,0,0,0,0,0,0,0,0,0,0,0,0,0,4900000,0,0,0,0,0,0,0,0,1795360000,0,0,0,965790000,490000,124080000,0,0,0,0,0,0,0,0,4486440000,0,0,119740000,0,0,0,0,0,0,0,0,0,0,0,0,10780000,0,0,0,0,10780000,0,0,0,0,490000,0,0,0,0,0,31850000,0,0,0,0,0,0,0,0,0,0,0,0,0,0,0,0,0,0,0,0,226610000,0,0,0,0,0,0,0,0,0,0,273420000,0,2940000,0,0,0,0,0,0,100450000,0,0,31080000,0,82520000,0,0,0,0,980000,0,0,0,0,0,0,0,0,0,0,0
"HUN",11124640000,0,2748960000,0,0,0,2940000,20747950000,0,0,0,0,0,0,0,0,0,0,0,0,0,4742040000,0,0,0,490000,0,0,0,0,0,0,0,0,0,0,0,0,0,0,0,0,0,0,0,0,0,0,0,0,0,0,980000,11760000,0,0,36696960000,0,0,2691160000,71116610000,0,0,0,0,0,0,0,0,0,0,0,0,116644600000,0,0,0,0,0,0,0,4078910000,0,1611840000,0,154560000,0,51520000,0,0,0,0,0,0,0,0,0,0,0,0,0,0,0,0,0,0,0,0,0,0,309120000,0,0,4095840000,0,0,0,0,0,14526280000,0,1470000,0,0,0,0,0,0,11919290000,0,0,0,0,3680000,0,0,0,0,0,0,180428760000,0,166229280000,0,0,0,0,54846400000,0,0,0,293806520000,15039900000,0,0,0,0,0,456320000,0,0,44185880000,0,375360000,0,0,0,0,0,0,0,0,7.36e+08,0,0,0,490000,13306880000,3920000,0,0,279680000,0,0,0,0,0,0,172160000,0,0,0,0,0,0
"HRV",0,0,0,0,0,0,8330000,44960000,0,0,0,0,0,0,0,0,0,0,0,0,0,0,0,0,0,45080000,0,0,0,0,0,0,0,0,0,0,0,0,490000,0,0,0,0,0,0,0,0,0,0,0,0,0,0,0,0,0,0,0,0,24500000,32504090000,0,0,0,0,0,0,0,0,0,0,0,408360000,0,0,0,0,0,0,0,0,606130000,0,0,0,0,0,0,0,0,0,0,0,0,0,0,0,0,0,0,0,0,0,0,0,0,0,0,0,0,0,0,0,0,0,0,0,0,73600000,0,0,0,0,0,0,0,0,0,0,0,0,0,0,0,0,0,0,0,0,0,1089280000,0,0,0,0,0,0,0,0,0,0,7591110000,0,0,0,0,0,0,0,0,0,22050000,0,9960000,0,0,0,0,0,0,0,0,9960000,0,0,0,0,0,52430000,0,0,0,0,0,0,0,0,0,659210000,0,0,0,0,0,0
"ISL",0,0,0,0,0,0,0,0,0,0,0,0,0,0,0,0,0,0,0,0,0,0,0,0,0,0,0,0,0,0,0,0,0,0,0,0,0,0,0,0,0,0,0,0,0,0,0,0,0,0,0,0,490000,0,0,0,0,0,0,3430000,0,0,0,0,0,0,0,0,0,0,0,0,0,0,0,0,0,0,0,0,0,0,0,0,0,0,0,0,0,0,0,0,0,0,0,0,0,0,0,12740000,0,0,0,0,0,0,0,0,0,0,0,0,0,0,0,0,1470000,0,0,0,0,0,0,0,0,4410000,0,0,0,0,0,0,0,0,0,0,0,0,0,0,0,0,0,0,0,0,0,0,0,0,0,0,0,0,0,0,0,0,0,0,980000,0,0,0,0,0,0,0,0,0,0,0,0,0,0,0,0,0,490000,0,0,0,0,0,0,0,0,0,0,0,0,0,0,0,0
"IND",0,0,0,0,0,0,121030000,0,0,110060000,0,262640000,0,6.86e+08,0,0,0,0,0,0,0,0,0,0,0,110740000,0,0,51450000,0,0,0,0,0,84770000,0,0,0,0,0,4900000,0,0,0,0,0,0,0,0,0,0,0,0,4.9e+07,0,0,0,0,0,56840000,0,0,0,0,0,0,0,0,0,0,0,89180000,0,0,0,0,14210000,0,0,0,0,2450000,0,0,0,426300000,0,0,27200000,0,0,0,0,0,0,0,0,0,0,0,0,0,0,87050000,0,0,0,0,5880000,0,0,0,0,0,0,3379830000,0,0,8330000,0,0,111230000,0,0,0,107260000,0,0,0,0,0,0,85360000,0,0,0,0,0,16660000,0,0,0,0,0,0,0,0,0,0,0,0,9310000,0,424830000,0,3680000,4.9e+07,0,0,0,0,0,0,0,7840000,6860000,771770000,0,0,0,4900000,0,0,1010610000,0,0,333160000,4900000,1517260000,0,0,0,0,0,0,76120000,0,0,0,0,0,0,0,0,0
"IDN",0,0,0,0,0,0,1168060000,0,0,0,0,0,0,0,0,0,353280000,0,0,0,0,117440000,0,0,0,0,0,0,0,0,0,0,0,0,0,0,0,0,0,0,0,0,0,0,0,0,0,0,0,0,0,0,0,4410000,0,0,0,0,0,55050000,0,0,0,11010000,0,0,0,0,0,0,0,605280000,0,0,0,58720000,0,0,0,0,0,0,0,0,0,103880000,0,0,0,513030000,0,106430000,0,0,0,0,0,0,0,0,0,0,0,1769600000,638580000,0,0,0,0,0,0,0,0,0,0,0,4884550000,0,0,0,0,0,0,0,25970000,0,0,0,0,0,0,0,7340000,0,18620000,0,0,0,0,0,0,0,0,0,0,0,0,572520000,0,0,0,4900000,0,3428760000,0,0,7340000,0,0,0,0,0,0,0,384050000,980000,678950000,0,29360000,22050000,0,0,0,0,0,0,126180000,0,176900000,0,0,0,0,0,8330000,0,0,0,179830000,0,0,0,0,0,0
"IRN",0,0,0,0,0,0,0,0,0,0,0,0,0,0,0,0,0,0,0,0,0,0,0,0,0,0,0,0,0,0,0,0,0,0,0,0,0,0,0,31140000,0,0,0,0,0,0,0,0,0,0,0,0,0,0,0,0,0,0,0,0,0,0,0,0,0,0,0,0,0,0,0,0,0,0,0,0,0,0,3460000,0,0,0,0,0,0,0,0,0,0,0,0,0,0,0,0,0,0,0,0,0,0,0,0,0,0,0,0,0,0,0,0,0,0,0,0,0,0,0,0,0,0,0,0,0,0,0,0,0,0,0,0,0,0,0,0,0,0,0,0,0,0,0,0,0,0,0,0,0,0,0,0,0,0,0,0,0,0,0,0,0,0,0,0,6920000,0,0,0,0,0,0,0,0,0,0,0,0,0,0,0,0,0,0,0,0,0,0,0,0,0,0,0,0,0,0,0
"IRQ",0,0,0,0,0,0,0,0,0,0,0,0,0,0,0,0,0,0,0,0,0,0,0,0,0,0,0,0,0,0,0,0,0,0,0,0,0,0,0,0,0,0,0,0,0,0,0,0,0,0,0,0,0,0,0,0,0,0,0,0,0,0,0,0,0,0,0,0,0,0,0,0,0,0,0,0,0,0,0,0,0,0,0,0,0,0,0,0,0,0,0,0,0,0,0,0,0,0,0,0,0,0,0,0,0,0,0,0,0,0,0,0,0,0,0,0,0,0,0,0,0,0,0,0,0,0,0,0,0,0,0,0,0,0,0,0,0,0,0,0,0,0,0,0,0,0,0,0,0,0,0,0,0,0,0,0,0,0,0,0,0,0,0,0,0,0,0,0,0,0,0,0,0,0,0,0,0,0,0,0,0,0,0,0,0,0,0,0,0,0,0,0,0,0,0
"IRL",0,0,0,24890040000,19600000,526750000,3779850000,0,0,158760000,12740000,0,0,0,0,0,161746720000,0,0,0,0,0,0,0,22646630000,11208190000,0,0,0,0,0,0,0,0,664930000,0,1960000,0,238140000,28420000,0,1388450000,0,0,0,8.3e+10,2450000,7840000,0,221760000,0,0,655130000,6150800000,0,0,10780000,101920000,0,61861130000,0,7616300000,0,190120000,0,0,20580000,0,0,0,0,869930000,490000,0,1667860000,0,0,0,0,0,1167690000,10937290000,0,2940000,92120000,1631940000,23520000,0,262150000,0,0,157780000,0,52430000,0,42140000,0,0,0,22540000,0,0,0,260190000,0,0,122010000,0,0,0,0,136765550000,0,0,0,0,71030950000,0,1960000,0,0,399840000,0,0,355250000,776650000,0,0,188160000,0,0,0,0,12788640000,458640000,0,0,16660000,63210000,0,83790000,0,21832450000,0,0,0,0,175510930000,0,21560000,0,0,0,554680000,0,1344070000,4826740000,0,0,0,1998220000,1470000,0,0,48510000,48020000,12771500000,0,0,13454080000,105350000,0,0,838880000,7840000,0,133907140000,0,76560270000,0,1960000,0,99812640000,0,980000,0,0,0,53222960000,0,0,0,0,0,0
"ISR",0,0,0,0,0,6370000,24500000,0,0,0,0,0,0,0,0,0,0,0,0,0,0,0,0,0,0,31360000,0,0,0,0,0,0,0,0,0,0,0,0,1470000,0,0,0,0,0,0,0,0,0,0,0,0,0,0,212660000,0,0,0,0,0,5390000,0,0,0,16170000,0,0,0,0,0,0,0,2450000,0,0,0,0,0,0,0,0,0,980000,0,0,0,3920000,103900000,0,0,0,0,0,0,0,0,0,0,0,0,0,0,0,0,0,0,0,0,0,0,0,0,0,0,0,0,0,54880000,0,0,0,0,490000,0,0,0,0,0,0,0,0,0,0,0,0,0,0,0,0,0,0,0,0,0,0,0,0,0,0,0,0,0,0,0,0,0,4900000,0,0,0,0,0,0,0,0,0,0,5880000,0,0,0,0,0,0,0,0,0,38220000,0,267540000,0,0,0,0,0,0,0,0,0,91140000,0,0,0,0,0,0
"ITA",0,0,4366590000,3225140000,0,2450000,661880000,4818380000,0,2940000,490000,0,0,0,0,0,4900000,0,0,0,0,12740000,0,490000,308280000,346340000,0,0,0,0,0,4.9e+07,19340000,0,6370000,0,9800000,44100000,12740000,7840000,0,39700000,0,4410000,0,0,0,0,0,28420000,0,0,6370000,13421850000,0,0,0,0,0,7419100000,149010000,0,0,6236820000,0,0,490000,0,0,5880000,0,357700000,490000,1179710000,5880000,0,0,0,0,70940000,54880000,0,308280000,980000,0,2107540000,0,0,490000,0,0,5140000,36700000,490000,0,0,0,0,13840000,0,0,0,0,1470000,490000,0,108670000,0,0,0,0,52920000,0,0,0,0,426080000,0,0,76440000,0,31850000,0,0,0,26920000,0,490000,44070000,0,2450000,0,0,72250000,2027360000,0,0,46510000,0,0,32660000,0,233430000,0,0,0,0,1470000,0,0,0,371040000,0,9800000,0,7350000,4526740000,0,0,0,88090000,271430000,0,12740000,14680000,0,3920000,0,0,0,0,1002400000,64190000,0,0,0,13357260000,0,5416920000,0,0,0,0,0,0,0,0,0,4469640000,3920000,0,0,0,0,0
"CIV",0,0,0,0,0,0,0,0,0,0,0,0,0,0,0,0,0,0,0,0,0,0,0,0,0,0,0,0,0,0,0,0,0,0,0,0,0,0,0,0,0,0,0,0,0,0,0,0,0,0,0,0,0,120290000,0,0,0,0,0,0,0,0,0,0,0,0,0,0,0,0,0,0,0,0,0,0,0,0,0,0,0,0,0,0,0,0,0,0,0,0,0,0,0,0,0,0,0,0,0,0,0,0,0,0,0,0,0,0,0,0,0,0,0,0,0,0,0,0,0,0,0,0,0,0,0,0,0,0,0,0,0,0,0,0,0,0,0,0,0,0,0,0,0,0,0,0,0,0,66060000,0,0,0,0,0,0,0,0,0,0,0,0,0,0,0,0,0,0,11010000,0,0,0,0,0,0,0,0,0,0,0,300940000,0,0,0,0,0,0,0,0,0,0,0,0,0,0,0
"KAZ",0,30241880000,0,0,0,0,0,3476040000,0,0,0,0,0,0,0,0,0,0,0,0,0,0,0,0,0,0,0,0,0,0,0,0,0,0,0,0,0,0,0,13289960000,0,6860000,1646720000,0,203067800000,0,0,0,0,10404880000,0,0,0,0,0,0,0,0,0,0,0,0,0,0,0,0,0,0,0,0,0,0,0,0,0,0,0,619226480000,7466680000,0,0,0,0,0,0,0,0,14719520000,0,0,0,0,0,9870360000,0,0,0,0,0,0,0,0,0,0,0,0,0,0,0,0,1168640000,0,0,0,0,0,0,0,0,0,0,0,0,0,0,0,0,0,0,0,0,0,0,0,0,0,0,0,0,0,0,0,1748199950000,0,0,0,0,230544120000,0,0,0,0,0,0,0,0,0,0,14834120000,0,0,7479960000,0,2.876e+09,0,0,0,0,0,0,0,0,3.68e+08,0,0,0,0,16095360000,0,0,0,13524910000,0,0,0,0,0,0,980000,0,0,0,0,0,0
"JAM",0,0,0,0,490000,0,0,0,36260000,0,9310000,0,0,0,0,0,0,0,11760000,0,0,0,0,0,0,152880000,0,0,0,0,0,0,0,0,0,0,0,3920000,0,0,0,0,5390000,0,0,0,0,0,0,0,0,0,0,10780000,0,0,0,0,0,0,0,0,0,0,0,0,0,0,0,0,0,0,0,0,0,0,0,0,0,0,0,0,0,0,0,31850000,0,0,0,0,0,0,0,0,0,0,0,0,0,0,0,0,0,0,0,0,0,0,0,0,0,0,0,0,0,0,0,0,0,0,0,0,0,0,0,0,0,0,0,0,0,0,0,0,0,0,0,0,0,0,0,0,0,11270000,0,0,0,0,0,0,0,0,0,0,0,0,0,0,0,0,0,0,0,0,0,0,0,0,0,0,0,0,0,0,0,0,283220000,0,5973100000,0,0,0,5390000,0,0,0,0,0,0,0,0,0,0,0,0
"JPN",0,0,0,0,0,25480000,586530000,0,0,0,0,0,0,0,0,0,5880000,0,0,0,0,0,0,0,0,1213070000,0,0,0,0,1470000,178340000,0,0,0,0,0,0,0,0,0,0,0,0,0,0,0,0,0,0,0,490000,0,16170000,0,0,0,0,0,49980000,0,0,0,61250000,0,0,0,0,0,0,0,1691970000,0,0,0,4410000,37240000,0,0,19110000,22050000,139650000,0,0,0,0,0,0,0,0,136220000,884450000,0,0,0,980000,0,0,0,0,0,0,0,82320000,0,0,0,490000,0,65170000,2450000,0,0,0,0,0,22050000,0,0,0,0,113190000,0,0,0,0,0,0,0,0,0,490000,22540000,73500000,0,0,0,0,0,0,0,0,247940000,0,0,0,0,0,0,0,0,0,0,478240000,0,0,0,0,0,0,0,0,0,0,21394380000,0,41650000,0,0,0,0,0,0,0,0,0,27440000,0,16709490000,0,8330000,0,0,0,0,0,0,0,0,0,0,0,0,0,0
"JOR",0,0,0,0,0,0,0,0,0,0,0,0,0,0,0,0,0,0,0,0,0,0,0,0,0,0,0,0,0,0,0,0,0,0,0,0,0,0,0,0,0,0,0,0,0,0,9800000,0,0,0,0,0,0,0,0,0,0,0,0,0,0,0,0,0,0,0,0,0,0,0,0,0,0,0,0,0,0,0,384650000,0,0,0,0,0,0,0,0,0,0,0,0,0,141610000,0,0,0,0,0,0,0,0,0,0,14700000,0,0,0,0,0,0,0,0,0,0,0,0,90650000,0,0,0,0,0,0,0,0,0,0,0,0,0,0,0,0,0,0,0,0,0,0,0,0,0,0,0,0,0,0,0,0,0,0,0,0,237160000,0,0,0,0,0,0,0,0,935900000,0,0,0,0,0,0,0,37730000,0,52430000,226380000,0,0,0,0,36260000,0,0,0,0,0,0,0,0,0,0,0,0,0,0,0,0
"KGZ",0,0,0,0,0,0,0,0,0,0,0,0,0,0,0,0,0,0,0,0,0,0,0,0,0,0,0,0,0,0,0,0,0,0,0,0,0,0,0,0,0,0,0,0,0,0,0,0,0,0,0,0,0,0,0,0,0,0,0,0,0,0,0,0,0,0,0,0,0,0,0,0,0,0,0,0,0,0,0,0,0,0,0,1637680000,0,0,0,0,0,0,0,0,0,0,0,0,0,0,0,0,0,0,0,0,0,0,0,0,0,0,0,0,0,0,0,0,0,0,0,0,0,0,0,0,0,0,0,0,0,0,0,0,0,0,0,0,0,0,0,0,0,0,0,0,0,0,0,0,0,0,0,0,0,0,0,0,0,0,490000,0,0,0,0,0,0,0,0,0,0,0,0,0,0,0,0,0,0,0,0,0,0,0,0,0,0,0,0,0,0,0,0,0,0,0,0
"KEN",0,0,0,0,0,0,0,0,0,0,0,0,0,0,0,0,0,0,0,0,0,0,0,0,0,0,0,0,0,0,0,0,0,0,0,0,0,0,0,0,0,0,0,0,0,0,0,0,0,0,0,0,0,0,0,0,0,0,0,490000,0,0,0,0,0,0,0,0,0,0,0,0,0,0,0,0,0,0,0,0,0,0,0,0,0,0,0,0,0,0,0,0,0,0,0,0,0,0,0,0,0,0,0,0,0,0,0,0,8820000,0,0,0,0,0,0,0,0,0,0,0,0,0,0,0,0,0,0,0,0,0,0,0,0,0,0,0,0,0,0,0,0,0,0,0,0,0,0,0,0,480680000,0,0,0,0,0,0,0,0,0,0,0,0,0,0,0,3932340000,0,0,0,0,0,0,0,0,22600650000,0,165130000,0,0,0,0,0,0,0,0,0,851230000,0,0,0,0,0,0,0,0
"KHM",0,0,0,0,0,0,0,0,0,0,0,0,0,0,0,0,0,0,0,0,0,0,0,0,0,0,0,0,0,0,0,27930000,0,0,0,0,0,0,0,0,0,0,0,0,0,0,0,0,0,0,0,0,0,8330000,0,0,0,0,0,0,0,0,0,0,0,0,0,0,0,0,0,0,0,0,0,0,0,0,0,0,0,0,0,0,0,20580000,0,0,0,0,0,0,0,0,0,0,0,0,0,0,0,0,0,12740000,0,0,0,0,0,0,0,0,0,0,0,0,0,0,0,0,0,0,0,0,0,0,0,0,0,0,0,0,0,0,0,0,0,0,0,0,0,0,0,0,0,0,0,0,0,0,0,0,0,1470000,0,0,0,0,0,0,0,0,0,0,0,0,0,0,0,0,0,0,0,0,0,0,0,0,17150000,0,0,0,0,0,0,0,0,0,0,0,0,0,0,0,0
"PRK",0,0,0,0,0,0,0,0,0,0,0,0,0,0,0,0,0,0,0,0,0,0,0,0,0,0,0,0,0,0,0,0,0,0,0,0,0,0,0,0,0,0,0,0,0,0,0,0,0,0,0,0,0,0,0,0,0,0,0,0,0,0,0,0,0,0,0,0,0,0,0,0,0,0,0,0,0,0,0,0,0,0,0,0,0,0,0,0,0,0,0,0,0,0,0,0,0,0,0,0,0,0,0,0,0,0,0,0,0,0,0,0,0,0,0,0,0,0,0,0,0,0,0,0,0,0,0,0,0,0,0,0,0,0,0,0,0,0,0,0,0,0,0,0,0,0,0,0,0,0,0,0,0,0,0,0,0,0,0,0,0,0,0,0,0,0,0,0,0,0,0,0,0,0,0,0,0,0,0,0,0,0,0,0,0,0,0,0,0,0,0,0,0,0,0
"KOR",0,0,0,0,0,0,76620000,0,0,0,0,0,0,0,0,0,0,0,0,0,0,0,0,0,0,8820000,0,0,0,0,3430000,1580800000,0,0,0,0,0,0,0,0,0,0,4410000,0,0,0,0,0,0,0,0,0,0,17640000,0,0,0,0,0,10290000,0,7840000,0,0,0,0,19110000,0,0,8330000,0,25158560000,0,0,0,0,93590000,0,0,0,0,0,0,0,0,2185830000,0,0,0,51450000,0,0,0,0,0,0,0,0,0,0,0,0,0,0,0,0,0,0,0,0,6987830000,0,0,0,0,0,4410000,0,0,0,0,27930000,0,0,0,0,0,0,0,0,0,0,17640000,0,0,0,0,0,0,0,0,0,490000,0,0,0,0,0,0,0,0,0,0,465010000,0,0,490000,0,0,0,0,5390000,0,0,509110000,0,1960000,0,0,0,0,0,0,13720000,0,0,33810000,0,1.965e+09,0,1960000,0,0,4410000,0,0,0,0,0,0,0,0,0,0,0
"KWT",0,0,0,0,0,0,0,0,0,0,0,0,0,0,0,0,0,0,0,0,0,0,0,0,0,0,0,0,0,0,0,0,0,0,0,0,0,0,0,0,0,0,0,0,0,0,0,0,0,0,0,0,0,0,0,0,0,0,0,0,0,0,0,0,0,0,0,0,0,0,0,0,0,0,0,0,0,0,0,0,0,0,0,0,0,0,0,0,0,0,0,0,0,0,0,0,0,0,0,0,0,0,0,0,0,0,0,0,0,0,0,0,0,0,0,0,0,0,0,0,0,0,0,0,0,0,0,0,0,0,0,0,0,0,0,0,0,0,0,0,0,0,0,0,0,0,0,0,0,0,0,0,0,0,0,0,0,0,0,0,0,0,0,0,0,0,0,0,0,0,0,0,0,0,0,0,0,0,0,0,0,0,0,0,0,0,0,0,0,0,0,0,0,0,0
"LVA",0,0,0,0,0,0,3920000,0,0,0,0,0,0,0,0,0,0,0,0,0,0,0,0,0,0,1960000,0,0,0,0,0,0,0,0,0,0,0,0,490000,0,0,12740000,0,0,19564760000,0,0,0,0,593820000,0,0,0,0,0,0,0,0,0,6860000,0,0,0,0,0,0,0,0,0,0,0,0,0,0,0,0,0,0,0,0,28420000,0,0,27680000,0,0,0,0,0,0,0,0,0,0,0,0,0,490000,0,2685690000,0,0,0,0,0,0,490000,0,0,0,0,0,0,0,0,0,0,0,0,0,0,0,0,0,0,490000,0,0,0,0,0,0,0,0,0,0,0,0,0,0,0,0,736210000,0,0,0,0,0,0,0,0,0,0,980000,0,0,0,0,0,0,980000,0,0,0,0,0,0,0,0,0,0,0,0,0,0,0,34300000,51900000,70070000,0,0,15190000,0,0,0,0,0,0,0,0,0,0,0,0,0
"LAO",0,0,0,0,0,0,0,0,0,0,0,0,0,0,0,0,0,0,0,0,0,0,0,0,0,0,0,0,0,0,0,0,0,0,0,0,0,0,0,0,0,0,0,0,0,0,0,0,0,0,0,0,0,0,0,0,0,0,0,0,0,0,0,0,0,0,0,0,0,0,0,0,0,0,0,0,0,0,0,0,0,0,0,0,0,0,0,0,0,0,0,0,0,0,0,0,0,0,0,0,0,0,0,0,0,0,0,0,0,0,0,0,0,0,0,0,0,0,0,0,0,0,0,0,0,0,0,0,0,0,0,0,0,0,0,0,0,0,0,0,0,0,0,0,0,0,0,0,0,0,0,0,0,0,0,0,0,0,0,0,0,0,0,0,0,0,0,0,0,0,0,0,0,0,0,0,0,0,0,0,0,0,0,0,0,0,0,0,0,0,0,0,0,0,0
"LBN",0,0,0,0,0,0,4900000,0,0,19920000,0,0,0,0,0,0,0,0,0,0,0,0,0,0,0,17150000,0,0,0,0,0,0,0,0,0,0,0,0,0,0,0,0,0,0,0,0,0,0,0,0,0,0,0,38710000,0,0,0,0,0,490000,0,0,0,0,0,0,0,0,0,0,0,0,0,0,0,0,0,0,2450000,0,0,0,0,0,0,0,0,0,0,0,0,0,0,0,0,0,0,490000,0,0,0,0,0,0,0,0,0,0,0,0,0,0,0,0,0,0,490000,0,0,0,0,0,0,0,490000,0,0,980000,0,0,0,0,0,0,0,0,0,0,0,0,0,0,0,0,0,0,0,490000,0,0,0,0,0,0,0,0,0,0,0,0,0,1960000,0,0,0,0,0,0,0,0,0,0,0,5390000,0,0,17150000,0,59290000,0,0,0,0,0,0,980000,0,0,0,0,0,0,0,0,0
"LSO",0,0,0,0,0,0,0,0,0,0,0,0,0,0,0,0,0,0,0,0,0,0,0,0,0,0,0,0,0,0,0,0,0,0,0,0,0,0,0,0,0,0,0,0,0,0,0,0,0,0,0,0,0,0,0,0,0,0,0,0,0,0,0,0,0,0,0,0,0,0,0,0,0,0,0,0,0,0,0,0,0,0,0,0,0,0,0,0,0,0,0,0,0,0,0,0,0,0,0,0,0,0,0,0,0,0,0,0,0,0,0,0,0,0,0,0,0,0,0,0,0,0,0,0,0,0,0,0,0,0,0,0,0,0,0,0,0,0,0,0,0,0,0,0,0,0,0,0,0,0,0,0,0,0,0,0,0,0,0,0,0,0,0,0,0,0,0,0,0,0,0,0,0,0,0,0,0,0,0,0,0,0,0,0,0,0,0,0,0,0,0,0,0,0,0
"LBR",0,0,0,0,0,0,0,0,0,0,0,0,0,0,0,0,0,0,0,0,0,0,0,0,0,0,0,0,0,0,0,0,0,0,0,0,0,0,0,0,0,0,0,0,0,0,0,0,0,0,0,0,0,0,0,0,0,0,0,0,0,0,0,0,0,0,0,0,0,0,0,0,0,0,0,0,0,0,0,0,0,0,0,0,0,0,0,0,0,0,0,0,0,0,0,0,0,0,0,0,0,0,0,0,0,0,0,0,0,0,0,0,0,0,0,0,0,0,0,0,0,0,0,0,0,0,0,0,0,0,0,0,0,0,0,0,0,0,0,0,0,0,0,0,0,0,0,0,0,0,0,0,0,0,0,0,0,0,0,0,0,0,0,0,0,0,0,0,0,0,0,0,0,0,0,0,0,0,0,0,0,0,0,0,0,0,0,0,0,0,0,0,0,0,0
"LBY",0,0,0,0,0,0,0,0,0,0,0,0,0,0,0,0,0,0,0,0,0,0,0,0,0,0,0,0,0,0,0,0,0,0,0,0,0,0,0,0,0,0,0,0,0,0,0,0,0,0,0,0,0,0,0,0,0,0,0,0,0,0,0,0,0,0,0,0,0,0,0,0,0,0,0,0,0,0,0,0,0,0,0,0,0,0,0,0,0,0,0,0,0,0,0,0,0,0,0,0,0,0,0,0,0,0,0,0,0,0,0,0,0,0,0,0,0,0,0,0,0,0,0,0,0,0,0,0,0,0,0,0,0,0,0,0,0,0,0,0,0,0,0,0,0,0,0,0,0,0,0,0,0,0,0,0,0,0,0,0,0,0,0,0,0,0,0,0,0,0,0,0,0,0,0,0,0,0,0,0,0,0,0,0,0,0,0,0,0,0,0,0,0,0,0
"LTU",0,0,0,0,0,0,0,0,0,0,0,0,0,0,0,0,0,0,0,0,0,0,0,0,0,0,0,0,0,0,0,0,0,0,0,0,0,0,0,0,0,10922240000,0,0,7433480000,0,0,0,0,917610000,0,0,0,0,0,0,0,0,0,162300000,0,0,0,0,0,0,0,0,0,0,0,0,0,0,0,0,0,0,0,0,21070000,0,0,0,0,0,0,0,0,0,0,0,0,114660000,0,0,0,0,0,0,0,0,0,0,0,0,0,0,0,0,0,0,0,0,0,0,0,0,0,0,0,0,0,0,0,0,0,0,0,0,0,0,0,44160000,0,0,0,0,0,0,0,0,9460970000,0,0,0,0,0,0,0,0,0,0,0,0,0,0,0,0,0,15364960000,0,0,0,0,0,0,0,0,0,0,0,0,0,0,0,28940000,0,491590000,0,0,0,0,0,0,0,0,0,0,0,0,0,0,0,0
"MAC",0,0,0,0,0,0,0,0,0,0,0,0,0,0,0,0,0,0,0,0,0,0,0,0,0,0,0,0,0,0,0,69090000,0,0,0,0,0,0,0,0,0,35770000,0,0,0,0,0,0,0,0,0,0,0,0,0,0,0,0,0,3920000,0,0,0,0,0,0,0,0,0,0,0,246690000,0,0,0,0,0,0,0,20090000,0,0,0,0,0,0,0,0,0,0,0,0,0,0,0,0,0,0,0,0,0,0,0,9800000,0,0,0,0,0,0,0,0,0,0,0,0,410620000,0,0,0,0,0,0,0,0,0,0,0,0,0,0,0,35280000,0,3920000,0,0,0,0,0,0,0,0,0,0,0,0,0,0,0,0,0,0,25470000,0,0,0,0,0,0,0,0,0,0,0,0,7350000,0,0,0,0,0,0,0,0,0,13950000,0,0,0,0,0,0,0,0,0,0,0,0,0,0,0,0,0,0
"MDG",0,0,0,0,0,0,0,0,0,0,0,0,0,0,0,0,0,0,0,0,0,0,0,0,0,0,0,0,0,0,0,0,0,2940000,0,0,0,0,0,0,0,0,0,0,0,0,0,0,0,0,0,0,0,28910000,0,0,0,0,0,0,0,0,0,0,0,0,0,0,0,0,0,0,0,0,0,0,0,0,0,0,0,0,0,0,0,0,0,0,0,0,0,0,0,0,0,0,0,0,0,0,0,0,0,0,0,0,0,0,0,0,0,0,0,0,0,0,0,0,0,0,0,0,0,0,0,0,0,0,0,0,0,0,0,0,0,0,0,0,0,0,0,0,0,0,0,0,0,0,0,0,0,0,0,0,0,0,0,0,0,0,0,0,0,0,0,0,0,0,0,0,0,0,0,0,0,0,0,0,0,0,0,0,0,0,0,0,0,0,0,0,0,0,0,0,0
"MWI",0,0,0,0,0,0,0,0,0,0,0,0,0,0,0,0,0,0,0,0,0,0,0,0,0,0,0,0,0,0,0,0,0,0,0,0,0,0,0,0,0,0,0,0,0,0,0,0,0,0,0,0,0,0,0,0,0,0,0,0,0,0,0,0,0,0,0,0,0,0,0,0,0,0,0,0,0,0,0,0,0,0,0,0,0,0,0,0,0,0,0,0,0,0,0,0,0,0,0,0,0,0,0,0,0,0,0,0,0,0,0,0,1470000,0,0,0,0,0,0,0,0,0,0,0,0,0,0,0,0,0,0,0,0,0,0,0,0,0,0,0,0,0,0,0,0,0,0,0,0,0,0,0,0,0,0,0,0,0,0,0,0,0,0,0,0,2450000,0,0,0,0,0,0,0,0,0,0,0,0,0,0,0,0,0,0,0,0,0,0,0,0,0,0,0,0,0
"MYS",0,0,0,0,0,0,72420000,0,0,0,0,2450000,0,0,0,0,0,0,0,0,1655460000,0,0,0,0,14700000,0,0,77420000,0,0,0,0,0,0,0,0,0,0,0,0,0,0,0,0,0,0,0,0,0,0,0,0,4410000,0,0,0,0,0,32830000,0,0,0,0,0,0,0,0,0,0,0,2996280000,0,0,0,116130000,437310000,0,0,0,0,0,0,0,0,210210000,0,0,0,581140000,0,12250000,0,0,0,0,0,0,0,0,0,0,0,0,246040000,0,0,0,0,32830000,0,0,0,0,0,9800000,12740000,0,0,0,0,980000,0,0,0,3920000,0,0,0,0,0,0,396870000,0,0,0,0,0,0,0,0,0,0,0,0,0,0,0,0,0,0,0,0,33077890000,0,0,0,0,0,0,980000,15190000,0,0,78890000,0,844030000,0,0,0,0,0,0,0,0,0,99710000,0,6.1e+07,0,0,0,0,706090000,0,0,0,0,0,0,0,0,0,0,0
"MDV",0,0,0,0,0,0,0,0,0,0,0,0,0,0,0,0,0,0,0,0,0,0,0,0,0,0,0,0,0,0,0,0,0,0,0,0,0,0,0,0,0,0,0,0,0,0,0,0,0,0,0,0,0,0,0,0,0,0,0,0,0,0,0,0,0,0,0,0,0,0,0,0,0,0,0,0,0,0,0,0,0,0,0,0,0,0,0,0,0,0,0,0,0,0,0,0,0,0,0,0,0,0,0,0,0,0,0,0,0,0,0,0,0,0,0,0,0,0,0,0,0,0,0,0,0,0,0,0,0,0,0,0,0,0,0,0,0,0,0,0,0,0,0,0,0,0,0,0,0,0,0,0,0,0,0,0,0,0,0,0,0,0,0,0,0,0,0,0,0,0,0,0,0,0,0,0,0,0,0,0,0,0,0,0,0,0,0,0,0,0,0,0,0,0,0
"MLI",0,0,0,0,0,0,0,0,0,0,0,0,0,0,0,0,0,0,0,0,0,0,0,0,0,0,0,0,0,0,0,0,0,0,0,0,0,0,0,0,0,0,0,0,0,0,0,0,0,0,0,0,0,0,0,0,0,0,0,0,0,0,0,0,0,0,0,0,0,0,0,0,0,0,0,0,0,0,0,0,0,0,0,0,0,0,0,0,0,0,0,0,0,0,0,0,0,0,0,0,0,0,0,0,0,0,0,0,0,0,0,0,0,0,0,0,0,0,0,0,0,0,0,0,0,0,0,0,0,0,0,0,0,0,0,0,0,0,0,0,0,0,0,0,0,0,0,0,0,0,0,0,0,0,0,0,0,0,0,0,0,0,0,0,0,0,0,0,0,0,0,0,0,0,0,0,0,0,0,0,0,0,0,0,0,0,0,0,0,0,0,0,0,0,0
"MLT",0,0,0,0,0,0,0,0,0,0,0,0,0,0,0,0,0,0,0,0,0,0,0,0,0,0,0,0,0,0,0,0,0,0,0,0,0,0,0,0,0,0,0,0,0,0,0,0,0,0,0,0,0,92610000,0,0,0,0,0,3430000,0,0,0,0,0,0,0,0,0,0,0,0,0,0,0,0,0,0,0,0,0,454720000,0,0,0,0,0,0,0,0,0,0,0,0,0,0,0,0,11760000,0,0,0,0,0,0,0,0,0,0,0,0,0,0,0,0,0,0,0,0,0,0,0,0,0,0,0,0,0,0,0,0,0,0,0,0,0,0,0,0,0,0,0,0,0,0,0,0,0,0,0,0,0,0,0,0,0,0,0,0,0,0,0,0,0,0,0,0,0,0,0,0,0,0,71880000,0,0,3430000,0,0,0,0,0,0,0,0,0,0,0,0,0,0,0,0,0,0
"MRT",0,0,0,0,0,0,0,0,0,0,0,0,0,0,0,0,0,0,0,0,0,0,0,0,0,0,0,0,0,0,0,0,0,0,0,0,0,0,0,0,0,0,0,0,0,0,0,0,0,0,0,0,0,0,0,0,0,0,0,0,0,0,0,0,0,0,0,0,0,0,0,0,0,0,0,0,0,0,0,0,0,0,0,0,0,0,0,0,0,0,0,0,0,0,0,0,0,0,0,0,0,0,0,0,0,0,0,0,0,0,0,0,0,0,0,0,0,0,0,0,0,0,0,0,0,0,0,0,0,0,0,0,0,0,0,0,0,0,0,0,0,0,0,0,0,0,0,0,0,0,0,0,0,0,0,0,0,0,0,0,0,0,0,0,0,0,0,0,0,0,0,0,0,0,0,0,0,0,0,0,0,0,0,0,0,0,0,0,0,0,0,0,0,0,0
"MUS",0,0,0,0,0,0,0,0,0,0,0,0,0,0,0,0,0,0,0,0,0,0,0,0,0,0,0,0,0,0,0,0,0,0,0,0,0,0,0,0,0,0,0,0,0,0,0,0,0,0,0,0,0,10770000,0,0,0,0,0,0,0,0,0,0,0,0,0,0,0,0,0,0,0,0,0,0,0,0,0,0,0,0,0,0,0,0,0,0,14680000,0,0,0,0,0,0,0,0,0,0,0,0,183250000,0,3670000,0,0,0,0,0,0,0,0,0,0,0,0,0,0,0,0,0,0,0,0,0,0,0,0,0,0,0,0,0,0,0,0,0,0,0,0,0,0,0,0,0,0,0,0,0,284310000,0,0,0,0,0,0,0,0,0,0,0,0,0,0,0,0,0,0,0,0,0,0,0,0,0,0,1470000,0,0,0,0,0,0,0,0,0,0,0,0,0,0,0,0,0,0
"MEX",0,0,0,0,0,595350000,4920090000,40180000,257740000,0,0,0,0,0,179830000,0,1059870000,0,770770000,0,0,0,0,0,0,37582020000,0,0,82810000,0,1691480000,7522970000,1601320000,0,0,0,1859580000,0,123970000,0,45570000,156310000,4410000,687470000,0,320950000,0,2194220000,0,0,0,0,175910000,913360000,0,0,0,0,0,3.418e+09,0,0,0,301840000,0,0,1967840000,0,0,8330000,608580000,1582210000,0,0,23030000,41650000,283710000,0,0,2355920000,61250000,493920000,0,0,122500000,5510540000,0,0,0,26460000,10290000,2090830000,0,0,0,9310000,0,0,0,0,4088560000,0,0,1093680000,0,0,0,0,0,0,0,31850000,0,0,0,0,440510000,0,0,0,0,491960000,1104460000,0,0,28910000,0,401800000,0,0,78890000,205310000,48020000,0,13230000,0,0,0,0,0,0,0,89180000,0,0,0,0,0,0,0,0,0,0,6.86e+08,0,4410000,11844280000,109270000,0,0,141120000,52430000,0,0,4877950000,0,326830000,0,0,197960000,0,0,9310000,26460000,0,0,0,0,964565410000,0,139650000,0,3346210000,140140000,0,0,0,0,30929290000,0,0,0,0,0,0
"MNG",0,0,0,0,0,0,0,0,0,0,0,0,0,0,0,0,0,0,0,0,0,0,0,0,0,0,0,0,0,0,0,0,0,0,0,0,0,0,0,0,0,0,0,0,0,0,0,0,0,0,0,0,0,0,0,0,0,0,0,0,0,0,0,0,0,0,0,0,0,0,0,0,0,0,0,0,0,0,0,0,0,0,0,0,0,2450000,0,0,0,0,0,0,0,0,0,0,0,0,0,0,0,0,0,0,0,0,0,0,0,0,0,0,0,0,0,0,0,0,0,0,0,0,0,0,0,0,0,0,0,0,0,0,0,0,0,0,0,0,0,0,0,0,0,0,0,0,0,0,0,0,0,0,0,0,0,0,0,0,0,0,0,0,0,0,0,0,0,0,0,0,0,0,0,0,0,0,0,0,0,0,0,0,0,0,0,0,0,0,0,0,0,0,0,0,0
"MAR",0,0,0,0,0,0,0,0,0,0,0,0,0,0,0,0,0,0,0,0,0,0,0,0,0,0,0,0,0,0,0,0,0,0,0,0,0,0,0,0,0,0,0,0,0,0,0,0,9310000,0,0,0,0,16660000,0,0,0,0,0,9800000,0,0,0,0,0,0,0,0,0,0,0,0,0,0,0,0,0,0,0,0,0,0,0,0,0,0,0,0,0,0,0,0,0,0,0,0,0,0,41160000,0,0,0,0,0,0,0,0,34800000,0,0,0,0,0,0,0,0,20580000,0,0,0,0,0,0,0,0,0,0,0,0,0,0,0,0,0,0,0,0,0,0,0,0,0,0,0,0,0,0,0,11270000,0,14700000,0,0,0,0,0,13720000,0,0,0,0,0,0,0,0,0,0,0,0,0,0,0,0,0,0,0,33810000,0,47040000,0,0,0,0,0,0,0,0,0,0,0,0,0,0,0,0
"MOZ",0,0,0,0,0,0,0,0,0,0,0,0,0,0,0,0,0,0,0,0,0,0,0,0,0,0,0,0,0,0,0,0,0,0,0,0,0,0,0,0,0,0,0,0,0,0,0,0,0,0,0,0,0,0,0,0,0,0,0,0,0,0,0,0,0,0,0,0,0,0,0,0,0,0,0,0,0,0,0,0,0,0,0,0,0,0,0,0,0,0,0,0,0,0,0,0,0,0,0,0,0,0,0,0,0,0,0,0,0,0,0,0,0,0,0,0,0,0,0,0,0,0,0,0,0,0,0,0,0,0,0,0,0,0,0,0,0,0,0,0,0,0,0,0,0,0,0,0,0,0,0,0,0,0,0,0,0,0,0,0,0,0,0,0,0,0,0,0,0,0,0,0,0,0,0,0,0,0,0,0,0,0,0,0,0,0,0,0,0,0,0,0,0,0,0
"MDA",0,0,0,0,0,0,0,0,0,0,0,0,0,0,0,0,0,0,0,0,0,0,0,0,0,0,0,0,0,0,0,0,0,0,0,0,0,0,12274040000,0,0,0,0,0,3960760000,0,0,0,0,0,0,0,0,3462760000,0,0,0,0,0,3054510000,0,0,0,0,0,0,0,0,0,0,0,0,69132360000,0,0,0,0,0,0,0,4410000,0,0,0,0,0,0,0,0,0,0,0,0,0,0,0,0,551120000,0,192560000,0,0,0,0,0,0,0,0,0,0,0,0,0,0,0,0,0,0,0,0,0,0,0,0,0,0,0,0,0,0,0,0,0,0,0,0,0,0,0,0,21129080000,0,54880000,0,0,0,0,0,0,0,0,0,0,0,0,0,0,0,0,0,0,5902960000,0,66400000,0,0,0,0,0,0,0,0,14461920000,0,0,0,47608800000,91158500000,66061360000,0,0,0,0,0,0,0,0,0,0,0,0,0,0,0,0
"NAM",0,0,0,0,0,0,16660000,0,0,0,0,0,0,0,0,7101940000,0,0,0,0,0,0,0,0,0,490000,0,0,0,0,0,0,0,0,0,0,0,0,0,0,0,0,0,0,0,0,0,0,0,0,0,0,0,10290000,0,0,0,0,0,173460000,0,0,0,0,0,0,0,0,0,0,0,0,0,0,0,0,0,0,0,490000,0,490000,0,0,0,0,0,0,19110000,0,0,0,0,0,0,0,30380000,0,0,0,0,0,40670000,0,0,3920000,0,0,4410000,0,0,0,176890000,0,0,0,0,0,0,0,0,47040000,0,0,20580000,0,0,0,0,0,0,0,0,0,0,0,0,0,0,379750000,0,0,0,0,0,0,0,0,0,0,0,0,0,0,0,65348770000,0,0,0,16660000,19600000,0,0,0,0,150920000,0,0,0,0,0,0,0,10290000,0,0,324870000,0,29400000,0,0,0,0,0,0,0,0,383670000,9310000,0,0,0,0,0,0
"NPL",0,0,0,0,0,0,0,0,0,0,0,0,0,0,0,0,0,0,0,0,0,0,0,0,0,0,0,0,0,0,0,0,0,0,0,0,0,0,0,0,0,0,0,0,0,0,0,0,0,0,0,0,0,0,0,0,0,0,0,0,0,0,0,0,0,0,0,0,0,0,0,0,0,0,0,0,0,0,0,0,0,0,0,0,0,0,0,0,0,0,0,0,0,0,0,0,0,0,0,0,0,0,0,0,0,0,0,0,0,0,0,0,0,0,0,0,0,0,0,0,0,0,0,0,0,0,0,0,0,0,0,0,0,0,0,0,0,0,0,0,0,0,0,0,0,0,0,0,0,0,0,0,0,0,0,0,0,0,0,0,0,0,0,0,0,0,0,0,0,0,0,0,0,0,0,0,0,0,0,0,0,0,0,0,0,0,0,0,0,0,0,0,0,0,0
"NLD",20090000,0,8394190000,436100000,56840000,575260000,9586600000,1673970000,9310000,3908730000,244510000,36700000,0,0,81830000,0,11794130000,0,85750000,0,2940000,1133860000,0,10780000,128870000,30126340000,142100000,10290000,3430000,29400000,707560000,23727270000,2951270000,87710000,1011580000,0,22262520000,2430400000,20026190000,68110000,235200000,2674100000,0,20543300000,42630000,303310000,15355890000,255290000,200410000,185220000,0,0,364990000,185951210000,4026650000,1152970000,171500000,3790150000,116620000,716775040000,1119160000,437350000,0,61485770000,0,0,88200000,413560000,3670000,560560000,504640000,27793030000,65346290000,9603020000,11266830000,419440000,2705140000,105004960000,0,19716370000,50234010000,40976290000,329770000,338100000,1960000,99836820000,3845350000,17640000,131810000,8820000,0,1261260000,63580000,2033150000,8820000,8410390000,0,281750000,0,53900000,0,52920000,4191520000,34790000,21070000,64190000,2296630000,17640000,44370000,1186780000,758520000,2125670000,81830000,12740000,2148570000,0,0,0,52920000,319480000,0,2084460000,172480000,51940000,6199970000,6183520000,9310000,28443170000,314510000,0,638960000,324870000,980000,5409710000,6910020000,14700000,0,51940000,204820000,0,37583210000,9310000,138454090000,150920000,0,0,20580000,311754640000,169050000,16660000,583590000,1213260000,14903590000,3164390000,0,20386670000,47966650000,900130000,1960000,0,4048360000,10133710000,165620000,171500000,19412330000,1531740000,16296250000,14210000,0,9271630000,18350000,49873330000,1237460000,16074890000,67130000,0,86695040000,756400000,369268670000,55860000,1629740000,313600000,63378620000,980000,8330000,5880000,27440000,0,360603360000,1993150000,0,0,0,0,0
"ANT",0,0,0,0,0,0,0,0,0,0,0,0,0,0,0,0,0,0,0,0,0,0,0,0,0,0,0,0,0,0,0,0,0,0,0,0,0,0,0,0,0,0,0,0,0,0,0,0,0,0,0,0,0,0,0,0,0,0,0,0,0,0,0,0,0,0,0,0,0,0,0,0,0,0,0,0,0,0,0,0,0,0,0,0,0,0,0,0,0,0,0,0,0,0,0,0,0,0,0,0,0,0,0,0,0,0,0,0,0,0,0,0,0,0,0,0,0,0,0,0,0,0,0,0,0,0,0,0,0,0,0,0,0,0,0,0,0,0,0,0,0,0,0,0,0,0,0,0,0,0,0,0,0,0,0,0,0,0,0,0,0,0,0,0,0,0,0,0,0,0,0,0,0,0,0,0,0,0,0,0,0,0,0,0,0,0,0,0,0,0,0,0,0,0,0
"NCL",0,0,0,0,0,0,0,0,0,0,0,0,0,0,0,0,0,0,0,0,0,0,0,0,0,0,0,0,0,0,0,0,0,0,0,0,0,0,0,0,0,0,0,0,0,0,0,0,0,0,0,0,0,980000,0,0,0,0,0,0,0,0,0,0,0,0,0,0,0,0,0,0,0,0,0,0,0,0,0,0,0,0,0,0,0,0,0,0,0,0,0,0,0,0,0,0,0,0,0,0,0,0,0,0,0,0,0,0,0,0,0,0,0,0,0,0,0,0,0,0,1470000,0,0,0,0,0,0,0,0,0,0,0,0,0,0,0,0,0,0,0,0,0,0,0,0,0,0,0,0,0,0,0,0,0,0,0,0,0,0,0,0,0,0,0,0,0,0,0,0,0,0,0,0,0,0,0,0,0,0,0,0,0,0,0,0,0,0,0,0,0,0,0,0,0,0
"MKD",0,0,1382670000,0,0,0,84770000,0,0,0,0,0,0,0,0,0,0,0,0,0,0,3164880000,0,0,0,4900000,0,0,0,0,0,0,0,0,0,0,0,0,0,0,0,0,0,0,0,0,0,0,0,0,0,0,0,1470000,0,0,0,0,0,8330000,0,0,0,22540000,0,0,0,0,0,0,0,0,0,0,0,0,0,0,0,0,0,0,0,0,0,0,0,0,0,0,0,0,0,0,0,0,0,0,0,0,0,0,0,0,0,0,0,0,0,0,0,0,0,0,0,0,490000,0,0,0,0,0,0,0,0,0,0,0,0,0,0,0,0,0,0,0,0,0,0,0,0,0,0,0,0,0,0,0,0,0,0,0,0,0,0,0,0,0,0,0,0,3430000,0,0,0,0,0,0,0,0,0,0,0,0,0,0,0,0,5390000,0,0,0,0,0,0,0,0,0,0,0,0,0,0,0,0
"VUT",0,0,0,0,0,0,0,0,0,0,0,0,0,0,0,0,0,0,0,0,0,0,0,0,0,0,0,0,0,0,0,0,0,0,0,0,0,0,0,0,0,0,0,0,0,0,0,0,0,0,0,0,0,0,0,0,0,0,0,0,0,0,0,0,0,0,0,0,0,0,0,0,0,0,0,0,0,0,0,0,0,0,0,0,0,0,0,0,0,0,0,0,0,0,0,0,0,0,0,0,0,0,0,0,0,0,0,0,0,0,0,0,0,0,0,0,0,0,0,0,0,0,0,0,0,0,0,0,0,0,0,0,0,0,0,0,0,0,0,0,0,0,0,0,0,0,0,0,0,0,0,0,0,0,0,0,0,0,0,0,0,0,0,0,0,0,0,0,0,0,0,0,0,0,0,0,0,0,0,0,0,0,0,0,0,0,0,0,0,0,0,0,0,0,0
"NZL",0,0,0,0,0,0,1340090000,0,0,166110000,0,0,0,0,0,0,0,0,0,14460000,0,0,0,0,0,252270000,0,0,0,0,0,33200000,0,0,0,565950000,0,0,0,0,0,0,0,0,0,0,0,0,0,0,0,53480000,0,0,40230000,0,0,0,0,3920000,0,0,0,0,0,0,0,0,0,0,0,4410000,0,0,0,0,0,0,0,0,0,6860000,0,0,0,4616950000,0,0,0,5390000,0,3430000,0,0,0,0,0,0,0,0,0,0,0,103040000,0,0,0,0,0,0,0,0,0,0,0,0,3430000,0,490000,0,67710000,0,0,0,0,0,0,0,0,490000,0,0,0,0,0,0,0,0,0,0,0,0,0,0,0,0,0,0,0,0,0,0,0,38220000,0,490000,0,0,0,0,0,490000,0,0,490000,0,980000,0,76040000,0,6370000,0,0,19110000,0,0,499160000,0,3058090000,0,51217640000,0,0,0,0,0,0,0,9310000,0,0,0,0,0,0
"NIC",0,0,0,0,0,0,0,0,0,0,0,0,0,0,0,0,0,0,0,0,0,0,0,0,0,0,0,0,0,0,0,0,0,0,0,0,0,0,0,0,0,0,0,0,0,0,0,0,0,0,0,0,0,0,0,0,0,0,0,0,0,0,0,0,0,0,0,0,0,0,0,0,0,0,0,0,0,0,0,0,0,0,0,0,0,0,0,0,0,0,0,0,0,0,0,0,0,0,0,0,0,0,0,0,0,0,0,0,0,0,0,0,0,0,0,0,0,0,0,0,0,0,0,0,0,0,0,0,0,0,0,0,0,0,0,0,0,0,0,0,0,0,0,0,0,0,0,0,0,0,0,0,0,0,0,0,0,0,0,0,0,0,0,0,0,0,0,0,0,0,0,0,0,0,0,0,0,0,56380000,0,0,0,0,0,0,0,0,0,0,0,0,0,0,0,0
"NER",0,0,0,0,0,0,0,0,0,0,0,0,0,0,0,0,0,0,0,0,0,0,0,0,0,0,0,0,0,0,0,0,0,0,0,0,0,0,0,0,0,0,0,0,0,0,0,0,0,0,0,0,0,0,0,0,0,0,0,0,0,0,0,0,0,0,0,0,0,0,0,0,0,0,0,0,0,0,0,0,0,0,0,0,0,0,0,0,0,0,0,0,0,0,0,0,0,0,0,0,0,0,0,0,0,0,0,0,0,0,0,0,0,0,0,0,0,0,0,0,0,0,0,0,0,0,0,0,0,0,0,0,0,0,0,0,0,0,0,0,0,0,0,0,0,0,0,0,0,0,0,0,0,0,0,0,0,0,0,0,0,0,0,0,0,0,0,0,0,0,0,0,0,0,0,0,0,0,0,0,0,0,0,0,0,0,0,0,0,0,0,0,0,0,0
"NGA",0,0,0,0,0,0,0,0,0,0,0,0,0,0,0,0,0,0,0,0,0,0,0,0,0,0,0,0,0,0,0,0,0,0,0,0,0,0,0,0,0,0,0,0,0,0,0,0,0,0,0,0,0,0,0,0,0,0,0,0,0,0,0,0,0,0,0,0,0,0,0,0,0,0,0,0,0,0,0,0,0,0,0,0,0,0,0,0,0,0,0,0,0,0,0,0,0,0,0,0,0,0,0,0,0,0,0,0,0,0,0,0,0,0,0,0,0,0,0,0,0,0,0,0,0,0,0,0,0,0,0,0,0,0,0,0,0,0,0,0,0,0,0,0,0,0,0,0,0,0,0,0,0,0,0,0,0,0,0,0,0,0,0,0,0,0,0,0,0,0,0,0,0,0,0,0,0,0,0,0,0,0,0,0,0,0,0,0,0,0,0,0,0,0,0
"NOR",0,0,0,0,0,0,0,0,0,0,0,0,0,0,0,0,0,0,0,0,0,0,0,0,0,0,0,0,0,0,0,0,0,0,0,0,0,0,0,0,0,541200000,0,0,0,0,0,0,0,3320000,0,0,37510000,490000,0,0,0,0,0,40930000,490000,0,0,0,0,0,0,0,0,0,0,0,0,0,1056040000,0,0,0,0,0,0,31360000,0,0,0,4900000,0,0,0,0,0,0,0,0,0,0,0,0,0,0,0,0,0,0,0,0,0,0,0,0,0,0,0,980000,0,0,30870000,0,0,490000,0,0,0,0,0,0,0,0,5390000,0,0,0,0,0,0,0,0,0,0,0,0,0,0,0,0,0,0,0,0,0,0,0,0,490000,0,0,12250000,0,0,0,1172320000,5390000,0,0,0,0,0,0,0,0,0,0,0,0,0,0,34790000,0,198940000,0,0,0,0,0,0,0,0,0,3920000,0,0,0,0,0,0
"PAK",0,35480840000,0,0,0,0,0,0,0,0,0,215800000,0,0,0,0,0,0,0,0,0,0,0,0,0,0,0,0,0,0,0,0,0,0,0,0,0,0,0,0,0,0,0,0,0,0,0,0,0,0,0,0,0,0,0,0,0,0,0,0,0,0,0,0,0,0,0,0,0,0,0,0,0,0,0,0,0,0,0,0,0,0,0,0,0,0,0,0,0,0,0,0,0,0,0,0,0,0,0,0,0,0,0,0,0,0,0,0,0,0,0,0,0,0,0,0,0,0,0,0,0,0,0,0,0,0,0,0,0,0,0,0,0,0,0,0,0,0,0,0,0,0,0,0,0,0,0,0,0,0,0,0,0,0,0,0,0,0,0,0,0,0,0,0,0,0,0,0,0,0,0,0,0,0,0,0,0,0,0,0,0,0,0,0,0,0,0,0,0,0,0,0,0,0,0
"PAN",0,0,0,0,0,0,0,0,0,0,0,0,0,0,0,0,0,0,0,0,0,0,0,0,0,9310000,0,0,0,0,133770000,0,109270000,0,0,0,0,7840000,0,0,0,0,0,0,0,42630000,0,26460000,0,0,0,0,0,0,0,0,0,0,0,0,0,0,0,0,0,0,0,0,0,0,0,0,0,0,0,0,0,0,0,0,0,0,0,0,0,0,0,0,0,0,0,0,0,0,0,0,0,0,0,0,0,0,0,0,0,0,0,0,0,0,0,0,0,0,0,0,0,0,0,0,0,0,28910000,0,0,0,0,0,0,0,0,24010000,0,0,0,0,0,0,0,0,0,0,0,0,0,0,0,0,0,0,0,0,0,0,0,0,0,0,0,0,0,0,0,0,0,0,0,0,0,0,0,0,0,0,0,0,0,0,97020000,0,0,0,25970000,0,0,0,0,0,0,0,0,0,0,0,0
"CZE",45570000,0,33810000,0,0,20580000,490690000,83531250000,0,80960000,0,0,0,0,0,0,62617140000,0,670640000,0,0,463050000,0,0,0,1667960000,0,0,0,0,0,33810000,0,0,490000,0,490000,4900000,55860000,2096310000,0,355250000,0,0,159737950000,490000,2450000,0,0,489510000,0,0,2246160000,1403850000,0,0,0,0,0,221298210000,751480000,0,72280000,514500000,0,0,0,0,0,0,1960000,118090000,12672820000,15741220000,277830000,0,980000,0,0,242060000,735490000,4407740000,0,4046530000,0,24829370000,1470000,125350000,0,0,490000,112210000,490000,3470790000,0,0,0,0,0,22958650000,1.84e+08,0,0,0,0,0,0,0,0,427120000,503580000,0,0,32125400000,49980000,0,3403050000,0,0,0,0,0,0,0,490000,173030000,8820000,0,0,0,0,0,26980000,937676110000,490000,0,0,0,0,0,58635750000,0,24225120000,0,0,0,0,0,0,0,0,75227760000,100578040000,1960000,0,0,1981070000,0,18620000,0,4953790000,26369420000,490000,2534910000,0,0,490000,0,0,732320000,0,0,490000,1960000,0,0,18863040000,23081610000,14390740000,1470000,0,109270000,7360000,229500000,0,0,0,0,5423090000,115640000,0,0,0,0,0
"PNG",0,0,0,0,0,0,3680000,0,0,0,0,0,0,0,0,0,0,0,0,0,0,0,0,0,0,0,0,0,0,0,0,0,0,0,0,0,0,0,0,0,0,0,0,0,0,0,0,0,0,0,0,0,0,0,0,0,0,0,0,0,0,0,0,0,0,0,0,0,0,0,0,0,0,0,0,0,490000,0,0,0,0,0,0,0,0,0,0,0,0,0,0,0,0,0,0,0,0,0,0,0,0,0,0,0,0,0,0,0,0,0,0,0,0,0,0,0,0,0,0,0,0,0,0,0,0,0,0,0,0,0,0,0,0,0,0,0,0,0,0,0,0,0,0,0,0,0,0,0,0,0,0,0,0,0,0,0,0,0,0,0,0,0,0,0,0,0,0,0,0,0,0,0,0,0,0,0,0,0,0,0,0,0,0,0,0,0,0,0,0,0,0,0,0,0,0
"PRY",0,0,0,0,0,177380000,0,0,0,0,0,0,0,0,62390000,0,0,0,0,0,0,0,0,0,0,3670000,0,0,0,0,12250000,0,0,0,0,0,0,0,0,0,0,0,0,0,0,0,0,0,0,0,0,0,0,0,0,0,0,0,0,0,0,0,0,0,0,0,0,0,0,0,0,0,0,0,0,0,0,0,0,0,0,0,0,0,0,0,0,0,0,0,0,0,0,0,0,0,0,0,0,0,0,0,0,0,0,0,0,0,0,0,0,0,0,0,0,0,0,0,0,0,0,0,0,0,0,0,0,0,0,0,0,0,0,0,0,0,0,0,0,0,0,0,0,0,0,0,0,0,0,0,0,0,0,0,0,0,0,0,0,0,0,0,0,0,0,0,0,0,0,0,0,0,0,0,0,0,0,0,0,0,0,0,0,0,0,0,0,0,0,0,0,0,0,0,0
"PER",0,0,0,0,0,92960000,4900000,0,0,0,0,0,0,0,368970000,0,0,0,0,0,0,0,0,0,0,0,0,0,0,0,1724800000,0,1769910000,0,0,0,4900000,0,0,0,0,0,0,0,0,932510000,0,0,0,0,0,0,0,42630000,0,0,0,0,0,0,0,0,0,0,0,0,0,0,0,0,0,0,0,0,0,0,0,0,0,0,0,73990000,0,0,0,144550000,0,0,0,0,0,0,0,0,0,0,0,0,0,0,0,0,0,0,0,0,0,0,0,490000,0,0,0,0,0,0,0,0,0,0,0,0,0,0,0,6370000,0,15190000,0,0,0,0,0,0,0,0,0,0,0,0,0,0,0,0,0,0,0,0,0,0,0,0,0,4900000,0,0,134260000,0,0,0,7350000,0,0,0,0,0,0,0,0,0,0,0,0,0,0,0,45570000,0,1782710000,0,0,0,33307680000,0,0,0,0,0,0,0,0,0,0,0,0
"PHL",0,0,0,0,0,0,370930000,0,0,78400000,16660000,30380000,0,0,0,0,0,0,15190000,0,37240000,0,0,0,0,10290000,0,0,8330000,0,0,490000,0,0,0,0,0,0,490000,0,0,0,0,0,0,0,0,0,0,0,0,0,0,490000,0,0,0,0,0,1470000,0,0,0,0,0,0,0,0,0,0,0,3557400000,0,0,0,0,0,0,0,0,61740000,9800000,0,0,0,1030960000,18620000,0,0,188650000,0,800660000,23520000,0,24500000,0,0,0,0,0,8330000,0,0,1352150000,230300000,0,0,0,0,0,0,0,0,0,0,7350000,16660000,0,0,0,0,23520000,0,0,8330000,0,0,16660000,0,0,0,0,0,0,0,0,0,0,0,0,0,0,0,0,0,0,0,0,0,0,0,0,0,1335740000,0,0,0,0,0,0,0,4410000,18620000,0,4970070000,0,18620000,0,0,0,0,0,13720000,283220000,0,0,14700000,0,1943830000,0,0,0,0,2940000,0,0,0,0,980000,0,0,0,0,0,0
"POL",0,0,0,0,0,0,62720000,0,0,0,0,0,0,0,0,0,0,0,0,0,0,0,0,0,0,1538600000,0,0,0,0,0,0,0,0,0,0,0,0,0,0,0,0,0,0,0,0,0,0,0,0,0,0,0,0,0,0,0,0,0,553210000,0,0,0,0,0,0,0,0,0,0,0,0,0,0,0,0,0,0,0,0,0,0,0,0,0,0,0,0,0,0,0,0,0,651360000,0,0,0,0,0,7.728e+09,0,0,0,0,0,0,0,0,0,0,0,0,0,0,0,0,0,0,0,0,0,0,0,0,0,0,0,0,0,0,0,0,0,0,0,0,0,0,0,0,0,0,49606740000,0,0,0,0,0,0,0,0,0,0,0,0,0,0,0,0,0,43610000,0,0,0,0,0,0,0,0,0,0,0,0,0,0,0,348390000,0,2850330000,0,0,0,0,0,0,0,0,0,0,0,0,0,0,0,0
"PRT",0,0,0,0,152880000,0,21070000,0,0,0,0,0,0,0,0,0,5390000,0,0,2450000,0,0,0,0,0,257250000,10565450000,490000,0,0,0,9310000,0,0,0,0,0,0,43120000,4410000,0,490000,0,0,0,0,0,0,9800000,0,0,0,0,5843250000,0,0,0,0,0,2460780000,0,0,0,0,0,0,44590000,21070000,0,0,0,0,2940000,13720000,2940000,0,251370000,0,0,0,20090000,204330000,0,0,0,14210000,0,0,0,0,0,0,0,0,0,0,0,0,0,0,67620000,0,0,0,0,0,0,15680000,0,0,0,11270000,192570000,0,24990000,0,247450000,0,0,0,0,0,0,0,0,2450000,0,0,0,0,0,0,0,0,0,5808760000,0,0,0,0,0,0,0,0,0,0,4487390000,4410000,14210000,0,0,55370000,6370000,7840000,0,18620000,61528980000,0,0,5390000,21560000,6500830000,0,0,0,0,0,0,0,0,0,0,0,0,0,0,1063300000,0,1713040000,0,0,0,0,0,0,0,490000,0,651700000,2360820000,0,0,0,0,0
"GNB",0,0,0,0,0,0,0,0,0,0,0,0,0,0,0,0,0,0,0,0,0,0,0,0,0,0,0,0,0,0,0,0,0,0,0,0,0,0,0,0,0,0,0,0,0,0,0,0,0,0,0,0,0,0,0,0,0,0,0,0,0,0,0,0,0,0,0,0,0,0,0,0,0,0,0,0,0,0,0,0,0,0,0,0,0,0,0,0,0,0,0,0,0,0,0,0,0,0,0,0,0,0,0,0,0,0,0,0,0,0,0,0,0,0,0,0,0,0,0,0,0,0,0,0,0,0,0,0,0,0,0,0,0,0,0,0,0,0,0,0,0,0,0,0,0,0,0,0,0,0,0,0,0,0,0,0,0,0,0,0,0,0,0,0,0,0,0,0,0,0,0,0,0,0,0,0,0,0,0,0,0,0,0,0,0,0,0,0,0,0,0,0,0,0,0
"TLS",0,0,0,0,0,0,0,0,0,0,0,0,0,0,0,0,0,0,0,0,0,0,0,0,0,0,0,0,0,0,0,0,0,0,0,0,0,0,0,0,0,0,0,0,0,0,0,0,0,0,0,0,0,0,0,0,0,0,0,0,0,0,0,0,0,0,0,0,0,0,0,0,0,0,0,0,0,0,0,0,0,0,0,0,0,0,0,0,0,0,0,0,0,0,0,0,0,0,0,0,0,0,0,0,0,0,0,0,0,0,0,0,0,0,0,0,0,0,0,0,0,0,0,0,0,0,0,0,0,0,0,0,0,0,0,0,0,0,0,0,0,0,0,0,0,0,0,0,0,0,0,0,0,0,0,0,0,0,0,0,0,0,0,0,0,0,0,0,0,0,0,0,0,0,0,0,0,0,0,0,0,0,0,0,0,0,0,0,0,0,0,0,0,0,0
"ERI",0,0,0,0,0,0,0,0,0,0,0,0,0,0,0,0,0,0,0,0,0,0,0,0,0,0,0,0,0,0,0,0,0,0,0,0,0,0,0,0,0,0,0,0,0,0,0,0,0,0,0,0,0,0,0,0,0,0,0,0,0,0,0,0,0,0,0,0,0,0,0,0,0,0,0,0,0,0,0,0,0,0,0,0,0,0,0,0,0,0,0,0,0,0,0,0,0,0,0,0,0,0,0,0,0,0,0,0,0,0,0,0,0,0,0,0,0,0,0,0,0,0,0,0,0,0,0,0,0,0,0,0,0,0,0,0,0,0,0,0,0,0,0,0,0,0,0,0,0,0,0,0,0,0,0,0,0,0,0,0,0,0,0,0,0,0,0,0,0,0,0,0,0,0,0,0,0,0,0,0,0,0,0,0,0,0,0,0,0,0,0,0,0,0,0
"QAT",0,0,0,0,0,0,0,0,0,0,0,0,0,0,0,0,0,0,0,0,0,0,0,0,0,0,0,0,0,0,0,0,0,0,0,0,0,0,0,0,0,0,0,0,0,0,0,0,0,0,0,0,0,0,0,0,0,0,0,0,0,0,0,0,0,0,0,0,0,0,0,0,0,0,0,0,0,0,0,0,0,0,0,0,0,0,0,0,0,0,0,0,0,0,0,0,0,0,0,0,0,0,0,0,0,0,0,0,0,0,0,0,0,0,0,0,0,0,0,0,0,0,0,0,0,0,0,0,0,0,0,0,0,0,0,0,0,0,0,0,0,0,0,0,0,0,0,338640000,0,0,0,0,0,0,0,0,0,0,0,0,0,0,0,0,0,0,0,0,0,0,0,0,0,0,0,0,0,0,0,0,0,0,0,0,0,0,0,0,0,0,0,0,0,0,0
"ZWE",0,0,0,0,0,0,0,0,0,0,0,0,0,0,0,11883210000,500480000,0,0,0,0,0,0,9.2e+08,0,0,0,0,0,0,0,0,0,0,0,0,0,0,0,0,0,0,0,0,0,0,0,0,0,0,0,0,0,0,0,0,0,0,0,0,0,0,0,0,0,0,0,0,0,0,0,0,0,0,0,0,0,0,0,0,0,0,0,0,0,0,0,0,0,0,0,0,0,0,0,0,4463840000,0,0,0,0,0,1442560000,0,0,0,0,0,0,0,0,0,10893290000,0,0,0,0,0,0,0,0,0,0,0,0,0,0,0,0,0,0,0,0,0,0,0,0,0,0,0,0,0,0,0,0,0,0,0,0,0,0,0,0,0,0,1788480000,0,0,0,0,0,0,0,0,0,0,0,0,0,0,0,0,0,0,0,0,0,0,0,0,0,0,0,0,0,0,7507200000,16240080000,0,0,0,0,0,0,0
"ROU",0,0,0,73670800000,0,0,0,0,490000,0,0,0,0,0,0,0,490000,0,0,0,0,39840000,0,0,0,0,0,0,0,0,0,0,0,0,0,0,0,0,13388200000,0,0,0,0,0,0,0,0,0,0,0,0,0,0,1960000,0,0,0,0,0,4900000,0,0,0,66400000,0,0,0,0,0,0,0,490000,0,0,0,0,0,0,0,0,32101080000,2616650000,0,0,0,490000,0,0,0,0,0,0,0,0,0,1985850000,0,980000,24793760000,0,0,0,0,0,0,0,2450000,0,0,0,0,128802720000,0,896210000,0,0,2450000,0,0,0,0,0,0,0,490000,0,0,2450000,0,0,0,0,0,1960000,0,0,0,0,0,0,0,0,0,0,0,490000,0,726947200000,0,0,0,0,0,0,0,0,0,0,0,0,0,0,8462680000,0,0,0,0,0,0,0,0,102684280000,0,0,0,0,4900000,0,980000,0,0,0,0,0,0,0,0,0,0,0,0,0,0,0,0
"RWA",0,0,0,0,0,0,0,0,0,0,0,0,0,0,0,0,0,0,0,0,0,0,0,0,0,0,0,0,0,0,0,0,0,0,0,0,0,0,0,0,0,0,0,0,0,0,0,0,0,0,0,0,0,0,0,0,0,0,0,0,0,0,0,0,0,0,0,0,0,0,0,0,0,0,0,0,0,0,0,0,0,0,0,0,0,0,0,0,0,0,0,0,0,0,0,0,0,0,0,0,0,0,0,0,0,0,0,0,0,0,0,0,0,0,0,0,0,0,0,0,0,0,0,0,0,0,0,0,0,0,0,0,0,0,0,0,0,0,0,0,0,0,0,0,0,0,0,0,0,0,0,0,0,0,0,0,0,0,0,0,0,0,0,0,0,0,0,0,0,0,0,0,0,0,0,0,0,0,0,0,0,0,0,0,0,0,0,0,0,0,0,0,0,0,0
"RUS",26581640000,0,0,342145920000,0,0,4950000,0,0,0,0,0,0,0,0,0,0,0,0,0,0,980000,0,0,0,35280000,0,0,0,0,0,27930000,0,0,0,0,0,7840000,523915920000,12435450000,0,3.901e+09,0,0,0,0,9963320000,0,0,82626740000,0,0,18860000,8820000,0,0,107890000,0,0,1283680000,0,0,0,319200650000,0,0,0,0,0,0,0,0,10290000,0,0,0,0,746541840000,140688320000,0,1029902970000,265780750000,0,77030490000,0,11270000,0,5138940000,0,0,0,0,0,1415760000,0,76160800000,0,0,141448600000,1961410000,0,0,0,0,0,0,98730160000,0,0,0,2108490000,172789400000,0,1694570000,0,0,13455960000,0,0,0,0,0,0,0,0,0,0,0,0,0,0,0,0,2450000,0,0,0,0,0,0,0,0,0,0,0,0,0,2124262160000,0,0,0,0,0,0,0,0,0,0,2888200000,0,1470000,8192130000,361010160000,1168640000,0,0,0,0,0,0,0,118517360000,4.98e+09,8330000,0,0,146510000,172178450000,832770000,0,0,1769380000,0,0,0,0,0,0,0,0,0,0,0,0,0
"KNA",0,0,0,0,0,0,0,0,0,0,0,0,0,0,0,0,0,0,0,0,0,0,0,0,0,0,0,0,0,0,0,0,0,0,0,0,0,0,0,0,0,0,0,0,0,0,0,0,0,0,0,0,0,0,0,0,0,0,0,0,0,0,0,0,0,0,0,0,0,0,0,0,0,0,0,0,0,0,0,0,0,0,0,0,0,0,0,0,0,0,0,0,0,0,0,0,0,0,0,0,0,0,0,0,0,0,0,0,0,0,0,0,0,0,0,0,0,0,0,0,0,0,0,0,0,0,0,0,0,0,0,0,0,0,0,0,0,0,0,0,0,0,0,0,0,0,0,0,0,0,0,0,0,0,0,0,0,0,0,0,0,0,0,0,0,0,0,0,0,0,0,0,0,0,0,0,0,0,1470000,0,0,0,0,0,0,0,0,0,0,0,0,0,0,0,0
"LCA",0,0,0,0,410130000,0,0,0,0,0,0,0,0,0,0,0,0,0,80360000,0,0,0,0,0,0,0,0,0,0,0,0,0,0,0,0,0,0,0,0,0,0,0,367500000,0,0,0,0,0,0,0,0,0,0,0,0,0,0,0,0,0,0,0,0,0,0,428750000,0,0,323400000,0,0,0,0,0,0,0,0,0,0,0,0,0,0,0,0,0,0,0,0,0,0,0,0,0,0,0,0,0,0,0,0,0,0,0,0,0,0,0,0,0,0,0,0,0,0,0,0,0,0,0,0,0,0,0,0,0,0,0,0,0,0,0,0,0,0,0,0,0,0,0,0,0,0,189630000,0,181790000,0,0,0,0,0,0,0,0,0,0,0,0,0,0,0,0,0,0,0,0,0,0,0,0,0,0,0,0,0,0,3430000,0,2450000,0,0,0,0,0,0,0,0,0,0,0,0,0,0,0,0
"VCT",0,0,0,0,0,0,0,0,0,0,0,0,0,0,0,0,0,0,0,0,0,0,0,0,0,0,0,0,0,0,0,0,0,0,0,0,0,0,0,0,0,0,0,0,0,0,0,0,0,0,0,0,0,0,0,0,0,0,0,0,0,0,0,0,0,0,0,0,0,0,0,0,0,0,0,0,0,0,0,0,0,0,0,0,0,0,0,0,0,0,0,0,0,0,0,0,0,0,0,0,0,0,0,0,0,0,0,0,0,0,0,0,0,0,0,0,0,0,0,0,0,0,0,0,0,0,0,0,0,0,0,0,0,0,0,0,0,0,0,0,0,0,0,0,0,0,0,0,0,0,0,0,0,0,0,0,0,0,0,0,0,0,0,0,0,0,0,0,0,0,0,0,0,0,0,0,0,0,0,0,0,0,0,0,0,0,0,0,0,0,0,0,0,0,0
"STP",0,0,0,0,0,0,0,0,0,0,0,0,0,0,0,0,0,0,0,0,0,0,0,0,0,0,0,0,0,0,0,0,0,0,0,0,0,0,0,0,0,0,0,0,0,0,0,0,0,0,0,0,0,0,0,0,0,0,0,0,0,0,0,0,0,0,0,0,0,0,0,0,0,0,0,0,0,0,0,0,0,0,0,0,0,0,0,0,0,0,0,0,0,0,0,0,0,0,0,0,0,0,0,0,0,0,0,0,0,0,0,0,0,0,0,0,0,0,0,0,0,0,0,0,0,0,0,0,0,0,0,0,0,0,0,0,0,0,0,0,0,0,0,0,0,0,0,0,0,0,0,0,0,0,0,0,0,0,0,0,0,0,0,0,0,0,0,0,0,0,0,0,0,0,0,0,0,0,0,0,0,0,0,0,0,0,0,0,0,0,0,0,0,0,0
"SAU",0,0,0,0,0,0,0,0,0,0,0,0,0,0,0,0,0,0,0,0,0,0,0,0,0,0,0,0,0,0,0,0,0,0,0,0,0,0,0,0,0,0,0,0,0,0,0,0,0,0,0,0,0,0,0,0,0,0,0,0,0,0,0,0,0,0,0,0,0,0,0,0,0,0,0,0,0,0,0,0,0,0,0,0,0,0,0,0,0,0,0,0,6920000,0,0,0,0,0,0,0,0,0,0,0,0,0,0,0,0,0,0,0,0,0,0,0,0,0,0,0,0,0,0,0,0,0,0,0,0,0,0,0,0,0,0,0,0,0,6920000,0,0,0,0,0,0,0,0,0,0,0,0,0,0,0,0,0,0,0,0,0,0,0,0,0,0,0,0,0,0,0,0,0,0,0,0,0,0,0,0,0,0,0,0,0,0,0,0,0,0,0,0,0,0,0,0
"SEN",0,0,0,0,0,0,0,0,0,0,0,0,0,0,0,0,0,0,0,0,0,0,0,0,0,0,0,0,0,0,0,0,0,0,0,0,0,0,0,0,0,0,0,0,0,0,0,0,0,0,0,0,0,0,0,0,0,0,0,0,0,0,0,0,0,0,0,0,0,0,0,0,0,0,0,0,0,0,0,0,0,0,0,0,0,0,0,0,0,0,0,0,0,0,0,0,0,0,0,0,0,0,0,0,0,39200000,0,0,0,0,0,0,0,0,0,0,0,0,0,0,0,0,0,0,0,0,0,0,0,0,0,0,0,0,0,0,0,0,0,0,0,0,0,0,0,0,0,0,0,0,0,0,0,0,0,0,0,0,0,0,0,0,0,0,0,0,0,0,0,0,0,0,0,0,0,0,0,0,0,0,0,0,0,0,0,0,0,0,0,0,0,0,0,0,0
"SYC",0,0,0,0,0,0,0,0,0,0,0,0,0,0,0,0,0,0,0,0,0,0,0,0,0,0,0,0,0,0,0,0,0,0,0,0,0,0,0,0,0,0,0,0,0,0,0,0,0,0,0,0,0,0,0,0,0,0,0,0,0,0,0,0,0,0,0,0,0,0,0,0,0,0,0,0,0,0,0,0,0,0,0,0,0,0,0,0,0,0,0,0,0,0,0,0,0,0,0,0,0,0,0,0,0,0,0,0,1470000,0,0,0,0,0,0,0,0,0,0,0,0,0,0,0,0,0,0,0,0,0,0,0,0,0,0,0,0,0,0,0,0,0,0,0,0,0,0,0,0,0,0,0,0,5390000,0,0,0,0,0,0,0,0,0,0,0,0,0,0,0,0,0,0,0,0,0,0,0,0,0,0,0,0,0,0,0,0,0,0,0,0,0,0,0,0,0
"SLE",0,0,0,0,0,0,0,0,0,0,0,0,0,0,0,0,0,0,0,0,0,0,0,0,0,0,0,0,0,0,0,0,0,0,0,0,0,0,0,0,0,0,0,0,0,0,0,0,0,0,0,0,0,0,0,0,0,0,0,0,0,0,0,0,0,0,0,0,0,0,0,0,0,0,0,0,0,0,0,0,0,0,0,0,0,0,0,0,0,0,0,0,0,0,0,0,0,0,0,0,0,0,0,0,0,0,0,0,0,0,0,0,0,0,0,0,0,0,0,0,0,0,0,0,0,0,0,0,0,0,0,0,0,0,0,0,0,0,0,0,0,0,0,0,0,0,0,0,0,0,0,0,0,0,0,0,0,0,0,0,0,0,0,0,0,0,0,0,0,0,0,0,0,0,0,0,0,0,0,0,0,0,0,0,0,0,0,0,0,0,0,0,0,0,0
"SVN",0,0,46060000,0,0,0,9310000,2904640000,0,0,0,0,0,0,0,0,0,0,0,0,0,14830400000,0,0,0,9310000,0,0,0,0,0,0,0,0,0,0,0,0,0,441600000,0,0,0,0,625600000,0,0,0,0,0,0,0,16170000,1470000,0,0,0,0,0,3158620000,56444460000,0,0,0,0,0,0,0,0,0,0,0,16698810000,22812210000,0,0,0,0,0,0,24010000,9261980000,0,13770560000,0,0,0,0,0,0,0,0,0,9310000,0,0,0,0,0,6739550000,0,0,0,0,0,0,0,0,0,0,0,0,0,3.68e+08,0,0,7541340000,0,0,11143630000,0,0,0,0,0,0,0,86320000,61531910000,0,0,980000,0,273014280000,0,0,0,0,0,0,39861420000,0,48978260000,0,0,0,0,0,0,0,0,0,0,0,0,0,32830000,0,0,0,66150000,0,0,165600000,0,0,0,0,0,0,0,0,0,0,0,0,8330000,27895630000,51470000,0,0,0,0,0,0,0,0,0,0,0,0,0,0,0,0
"SVK",0,0,228160000,0,0,33810000,18620000,3250310000,0,0,0,0,0,0,0,0,0,0,0,0,0,15178420000,0,0,0,55860000,0,0,0,0,0,0,0,0,0,0,0,0,6860000,441600000,29400000,0,0,0,993600000,0,0,0,0,19110000,0,0,41160000,2940000,0,0,28420000,0,0,3649370000,37253350000,0,0,0,0,0,0,0,0,0,0,0,30578870000,16185470000,0,0,0,0,0,0,39200000,316050000,0,2.1896e+10,0,0,0,0,0,0,0,0,0,167090000,0,0,0,0,0,10733800000,0,0,0,0,0,0,0,0,0,0,0,0,0,10307680000,0,0,7518310000,0,0,24578720000,0,0,0,0,0,0,88320000,86320000,97538970000,0,0,980000,0,571799550000,0,0,0,0,0,0,80466430000,0,54768290000,0,0,0,0,0,0,0,0,154560000,0,0,0,0,32830000,0,0,0,298410000,1.84e+08,0,533600000,0,0,0,0,0,0,0,0,0,0,0,0,20090000,48364250000,194060000,0,0,10780000,0,0,0,0,0,0,0,0,0,0,0,0,0
"SGP",0,0,0,0,0,0,295510000,980000,0,0,0,1515680000,0,130830000,0,0,0,0,0,0,11420750000,0,7350000,0,0,190120000,0,0,400330000,0,0,4674110000,0,0,0,0,0,0,0,0,0,24500000,0,0,0,0,0,0,0,0,0,21560000,288610000,4410000,0,0,0,0,0,32830000,0,0,0,0,0,0,0,0,0,0,0,1655820000,0,0,0,620340000,17150000,0,0,100450000,0,1470000,0,0,0,168560000,0,0,0,939820000,405230000,1624350000,0,0,2.45e+08,0,0,0,0,0,63700000,0,0,22658810000,1163310000,0,10780000,0,73080000,0,198940000,0,0,0,0,17150000,490000,0,0,0,13720000,10780000,0,0,154350000,0,65170000,0,0,0,0,0,306450000,5390000,0,0,0,0,149940000,0,0,0,5880000,0,0,0,0,0,0,18130000,0,0,0,0,0,20090000,0,0,0,0,141120000,20090000,0,0,1472860000,0,609380000,0,0,0,179830000,0,980000,69580000,0,0,3933870000,0,138180000,0,0,0,0,73060000,0,0,0,0,38220000,0,0,0,0,0,0
"SOM",0,0,0,0,0,0,0,0,0,0,0,0,0,0,0,0,0,0,0,0,0,0,0,0,0,0,0,0,0,0,0,0,0,0,0,0,0,0,0,0,0,0,0,0,0,0,0,0,0,0,0,0,0,0,0,0,0,0,0,0,0,0,0,0,0,0,0,0,0,0,0,0,0,0,0,0,0,0,0,0,0,0,0,0,0,0,0,0,0,0,0,0,0,0,0,0,0,0,0,0,0,0,0,0,0,0,0,0,0,0,0,0,0,0,0,0,0,0,0,0,0,0,0,0,0,0,0,0,0,0,0,0,0,0,0,0,0,0,0,0,0,0,0,0,0,0,0,0,0,0,0,0,0,0,0,0,0,0,0,0,0,0,0,0,0,0,0,0,0,0,0,0,0,0,0,0,0,0,0,0,0,0,0,0,0,0,0,0,0,0,0,0,0,0,0
"ZAF",0,0,0,490000,0,0,40670000,2450000,0,31360000,0,0,0,0,0,0,0,0,0,0,0,0,0,0,11520000,29400000,0,0,0,0,0,166110000,0,254310000,5880000,0,0,1470000,0,0,0,68110000,9310000,0,0,0,0,0,0,0,0,0,0,18190000,0,0,0,41420000,0,291550000,0,5390000,0,0,0,0,0,0,0,0,0,126420000,0,9310000,0,0,0,0,0,698250000,1470000,3430000,0,0,0,3430000,7840000,0,7.5e+07,0,0,0,0,0,0,1960000,0,0,0,0,0,0,1866690000,30870000,9800000,22050000,0,0,36750000,44100000,0,0,2355300000,0,0,0,1768900000,0,0,0,0,17150000,0,0,256270000,0,0,0,31850000,0,0,0,0,0,14700000,0,0,0,0,90460000,0,0,0,0,0,0,0,0,0,47040000,0,0,0,12740000,0,0,0,0,0,0,0,490000,0,0,490000,850200000,0,0,0,0,0,0,980000,28910000,8820000,0,842830000,0,99230000,0,8820000,0,0,2450000,0,0,414810000,1187590000,91140000,0,0,0,0,0,0
"ESP",0,0,0,47368020000,0,56840000,19110000,19110000,0,0,0,0,0,0,0,0,225400000,0,0,0,0,0,0,0,0,14210000,0,0,0,0,35280000,14700000,490000,0,0,0,0,93100000,653170000,0,0,87710000,0,8820000,0,0,0,13230000,2345140000,0,0,0,58800000,54550230000,0,0,0,0,0,21034050000,0,0,0,70513940000,0,0,4900000,121030000,0,0,0,1741460000,127960000,0,136220000,0,0,0,0,1029490000,18620000,34224560000,0,0,0,22879680000,7840000,0,12740000,0,0,69090000,6860000,4410000,0,173460000,0,0,77383050000,0,0,0,0,0,0,0,866810000,2926120000,0,42630000,0,120591980000,0,0,0,0,1322510000,0,0,0,0,0,0,0,0,86240000,0,0,5390000,0,0,0,0,65170000,950941960000,0,0,0,0,0,40938400000,0,0,0,0,0,17640000,0,80360000,0,44590000,0,0,26950000,0,0,0,0,0,0,39200000,709030000,0,0,267540000,0,0,0,0,0,0,25970000,61250000,66390000,0,0,38886420000,0,161700000,0,17640000,0,25800480000,0,0,0,0,0,9886060000,8330000,0,0,0,0,0
"SUR",0,0,0,0,0,0,0,0,0,0,0,0,0,0,0,0,0,0,0,0,0,0,0,0,0,0,0,0,0,0,0,0,0,0,0,0,0,0,0,0,0,0,0,0,0,0,0,0,0,0,0,0,0,0,0,0,0,0,0,0,0,0,0,0,0,0,0,0,0,0,0,0,0,0,0,0,0,0,0,0,0,0,0,0,0,0,0,0,0,0,0,0,0,0,0,0,0,0,0,0,0,0,0,0,0,0,0,0,0,0,0,0,0,0,0,0,0,0,0,0,0,0,0,0,0,0,0,0,0,0,0,0,0,0,0,0,0,0,0,0,0,0,0,0,0,0,0,0,0,0,0,0,0,0,0,0,0,0,0,0,0,0,0,0,0,0,0,0,0,0,0,0,0,0,0,0,0,0,0,0,0,0,0,0,0,0,0,0,0,0,0,0,0,0,0
"TJK",0,0,0,0,0,0,0,0,0,0,0,0,0,0,0,0,0,0,0,0,0,0,0,0,0,0,0,0,0,0,0,0,0,0,0,0,0,0,0,0,0,0,0,0,0,0,0,0,0,0,0,0,0,0,0,0,0,0,0,0,0,0,0,0,0,0,0,0,0,0,0,0,0,0,0,0,0,0,0,0,0,0,0,0,0,0,0,0,0,0,0,0,0,0,0,0,0,0,0,0,0,0,0,0,0,0,0,0,0,0,0,0,0,0,0,0,0,0,0,0,0,0,0,0,0,0,0,0,0,0,0,0,0,0,0,0,0,0,0,0,0,0,0,0,0,0,0,0,0,0,0,0,0,0,0,0,0,0,0,0,0,0,0,0,0,0,0,0,0,0,0,0,0,0,0,0,0,0,0,0,0,0,0,0,0,0,0,0,0,0,0,0,0,0,0
"SWZ",0,0,0,0,0,0,0,0,0,0,0,0,0,0,0,15680000,0,0,0,0,0,0,0,0,0,0,0,0,0,0,0,0,0,0,0,0,0,0,0,0,0,0,0,0,0,0,0,0,0,0,0,0,0,0,0,0,0,0,0,0,0,0,0,0,0,0,0,0,0,0,0,0,0,0,0,0,0,0,0,0,0,0,0,0,0,0,0,0,559580000,0,0,0,0,0,0,0,0,0,0,0,0,0,0,0,0,0,0,0,0,0,0,0,269590000,0,0,0,0,0,0,0,0,0,0,0,0,0,0,0,0,0,0,0,0,0,0,0,0,0,0,0,0,0,0,0,0,0,0,0,0,0,0,0,0,0,0,704880000,0,0,0,0,0,0,0,0,0,79380000,0,0,0,0,0,0,0,0,0,0,0,0,0,0,0,0,0,0,0,0,0,43610000,0,0,0,0,0,0,0
"SWE",0,0,0,0,0,0,0,435920000,0,0,0,0,0,0,0,0,0,0,0,0,0,0,0,0,0,0,0,0,0,0,26563320000,0,218973920000,0,0,0,0,0,3430000,0,0,406105500000,0,0,0,0,223870000,0,0,89089450000,0,0,96859600000,209250000,0,0,0,0,0,115235960000,0,0,0,24010000,0,0,0,0,0,0,0,980000,15976480000,1470000,1589020000,0,0,552252120000,0,0,490000,52672310000,0,0,0,1470000,1.65419e+11,0,0,0,0,0,0,86253370000,0,0,0,0,7.7356e+10,107258840000,0,0,0,0,0,0,0,0,0,0,0,94749480000,0,0,0,0,13559930000,0,0,1470000,0,58880000,0,0,0,120218900000,0,0,9671500000,0,0,91145400000,0,182210800000,19777550000,0,0,0,0,0,0,0,368817580000,0,0,0,0,416298120000,0,0,0,0,4.98e+09,1960000,0,0,145336170000,0,0,0,0,22540000,0,0,490000,0,0,0,0,0,0,160369280000,0,231340920000,0,0,32542160000,36879110000,30380000,0,10290000,0,62729280000,0,0,0,0,0,16943610000,0,0,0,0,0,0
"CHE",0,0,0,0,0,0,1470000,109830000,0,0,0,0,0,0,0,0,0,0,0,0,0,0,0,0,0,4900000,0,0,0,0,0,0,0,0,0,0,0,0,0,0,0,490000,0,0,0,0,0,0,0,0,0,0,0,1104260000,0,0,0,0,0,97460000,0,0,0,0,0,0,0,0,0,0,0,490000,0,0,0,0,0,0,0,0,0,1271550000,0,0,0,2940000,0,0,0,0,0,0,0,0,0,0,0,0,0,0,0,0,0,0,0,0,0,0,0,0,0,0,0,0,0,0,21710000,0,0,0,0,0,0,0,0,0,0,0,0,0,0,0,3950000,14720000,0,0,0,0,0,0,0,0,0,0,0,0,0,0,0,0,0,0,0,0,0,0,1470000,0,0,0,0,0,0,0,0,0,490000,0,0,0,0,0,0,0,0,0,8820000,0,490000,0,0,0,490000,0,0,0,0,0,53970000,0,0,0,0,0,0
"SYR",0,0,0,0,0,0,0,0,0,0,0,0,0,0,0,0,0,0,0,0,0,0,0,0,0,0,0,0,0,0,0,0,0,0,0,0,0,0,0,0,0,0,0,0,0,0,0,0,0,0,0,0,0,0,0,0,0,0,0,0,0,0,0,0,0,0,0,0,0,0,0,0,0,0,0,0,0,0,0,0,0,0,0,0,0,0,0,0,0,0,0,0,0,0,0,0,0,0,0,0,0,0,0,0,0,0,0,0,0,0,0,0,0,0,0,0,0,0,0,0,0,0,0,0,0,0,0,0,0,0,0,0,0,0,0,0,0,0,0,0,0,0,0,0,0,0,0,0,0,0,0,0,0,0,0,0,0,0,0,0,0,0,0,0,0,0,0,0,0,0,0,0,0,0,0,0,0,0,0,0,0,0,0,0,0,0,0,0,0,0,0,0,0,0,0
"TKM",0,0,0,0,0,0,0,0,0,0,0,0,0,0,0,0,0,0,0,0,0,0,0,0,0,0,0,0,0,0,0,0,0,0,0,0,0,0,0,0,0,0,0,0,0,0,0,0,0,0,0,0,0,0,0,0,0,0,0,0,0,0,0,0,0,0,0,0,0,0,0,0,0,0,0,0,0,0,0,0,0,0,0,0,0,0,0,0,0,0,0,0,0,0,0,0,0,0,0,0,0,0,0,0,0,0,0,0,0,0,0,0,0,0,0,0,0,0,0,0,0,0,0,0,0,0,0,0,0,0,0,0,0,0,0,0,0,0,0,0,0,0,0,0,0,0,0,0,0,0,0,0,0,0,0,0,0,0,0,0,0,0,0,0,0,0,0,0,0,0,0,0,0,0,0,0,0,0,0,0,0,0,0,0,0,0,0,0,0,0,0,0,0,0,0
"TWN",0,0,0,0,0,3670000,190860000,0,0,0,0,0,0,0,0,0,80740000,0,0,0,36700000,0,0,0,0,289470000,0,0,0,0,0,80450000,0,0,0,0,0,0,0,0,0,0,0,0,0,0,0,0,0,0,0,0,0,0,0,0,0,0,0,80740000,0,0,0,0,0,0,0,0,0,0,0,2600970000,0,0,0,0,3670000,0,0,0,18350000,0,0,0,0,558890000,0,0,0,3670000,0,0,0,0,0,0,0,0,0,0,62650000,0,0,29360000,0,0,0,0,0,0,0,0,0,0,0,0,0,0,0,0,0,22020000,0,0,0,0,0,16660000,0,0,0,0,77070000,0,0,0,0,0,0,0,0,0,0,0,0,0,0,77070000,3670000,0,0,0,0,25690000,0,11010000,2450000,0,0,0,0,0,0,0,0,0,29360000,0,0,0,0,0,0,0,0,0,40370000,0,4486860000,0,3670000,0,0,14680000,0,0,0,0,0,0,0,0,0,0,0
"TZA",0,0,0,0,0,0,0,0,0,0,0,0,0,0,0,0,0,0,0,0,0,0,0,25970000,0,0,0,0,0,0,0,0,0,0,0,0,0,0,0,0,0,0,0,0,0,0,0,0,0,0,0,0,0,0,0,0,0,0,0,0,0,0,0,0,0,0,0,0,0,0,0,0,0,0,0,0,0,0,0,0,0,0,0,0,0,0,0,0,11788560000,0,0,0,0,0,0,0,0,0,0,0,0,0,0,0,0,0,0,0,0,0,0,0,0,0,0,0,2940000,0,0,0,0,0,0,0,0,0,0,0,0,0,0,0,0,0,0,0,0,0,0,0,0,0,0,0,0,0,0,0,0,0,0,0,0,0,0,0,0,0,0,0,0,490000,0,0,0,0,0,0,0,0,0,0,0,0,7.36e+08,0,490000,0,0,0,0,0,0,0,0,0,0,980000,0,0,0,0,0,0,0
"THA",0,0,0,0,0,0,116620000,490000,0,0,0,1321200000,0,0,0,0,0,0,0,0,135790000,0,2829490000,0,0,40180000,0,0,0,0,0,51450000,0,0,0,0,0,0,0,0,0,15680000,0,0,0,0,0,0,0,0,0,150470000,0,300860000,0,0,0,0,0,267050000,0,0,0,0,0,0,0,0,0,0,0,1005350000,7340000,0,0,3920000,169540000,0,0,0,7350000,0,0,0,18350000,585330000,0,0,0,7412670000,0,0,0,0,1142230000,0,0,0,0,0,0,0,0,8174220000,73400000,0,980000,0,447740000,0,0,0,0,0,0,0,267540000,0,0,0,0,60270000,0,0,0,4900000,190840000,0,0,0,0,0,0,0,2450000,0,0,0,0,0,0,0,0,0,0,0,0,605550000,0,0,0,0,0,2426150000,0,15680000,208740000,0,0,14700000,215600000,351820000,0,0,1617120000,0,0,0,0,0,0,0,0,5880000,0,0,1110340000,0,2395120000,0,0,0,0,974780000,0,0,0,0,0,0,0,0,0,0,0
"TGO",0,0,0,0,0,0,0,0,0,0,0,0,0,0,0,0,0,0,0,0,0,0,0,0,0,0,0,0,0,0,0,0,0,0,0,0,0,0,0,0,635090000,0,0,0,0,0,0,0,0,0,0,0,0,12250000,0,0,0,0,0,0,0,258080000,0,0,0,0,0,4900000,0,0,0,0,0,0,0,0,0,0,0,0,0,0,25480000,0,0,0,0,0,0,0,0,0,0,0,0,0,0,0,0,0,0,0,0,0,0,20090000,0,0,0,0,0,0,0,0,0,0,0,0,0,0,0,0,0,0,122990000,0,0,0,0,0,0,0,0,0,0,0,0,0,0,0,0,0,0,0,0,0,0,0,47040000,0,0,0,0,0,0,0,0,0,0,0,0,0,0,0,0,0,0,0,0,0,0,0,0,0,0,0,0,0,0,39200000,0,0,0,0,0,0,0,0,0,0,0,0,0,0,0
"TON",0,0,0,0,0,0,0,0,0,0,0,0,0,0,0,0,0,0,0,0,0,0,0,0,0,0,0,0,0,0,0,0,0,0,0,0,0,0,0,0,0,0,0,0,0,0,0,0,0,0,0,0,0,0,0,0,0,0,0,0,0,0,0,0,0,0,0,0,0,0,0,0,0,0,0,0,0,0,0,0,0,0,0,0,0,0,0,0,0,0,0,0,0,0,0,0,0,0,0,0,0,0,0,0,0,0,0,0,0,0,0,0,0,0,0,0,0,0,0,0,0,490000,0,0,0,0,0,0,0,0,0,0,0,0,0,0,0,0,0,0,0,0,0,0,0,0,0,0,0,0,0,0,0,0,0,0,0,0,0,0,0,0,0,0,0,0,0,0,0,0,0,0,0,0,0,0,0,0,0,0,0,0,0,0,0,0,0,0,0,0,0,0,0,0,0
"TTO",2450000,0,0,0,192770000,0,0,0,144380000,0,1153600000,0,0,0,0,0,0,0,125070000,0,0,0,0,0,0,264600000,0,0,0,0,0,0,0,0,0,0,0,0,0,0,0,0,0,123630000,0,0,0,0,0,0,0,0,0,1495480000,0,0,0,0,0,11270000,0,0,0,546350000,0,322180000,0,0,1578650000,0,0,0,0,0,0,0,0,0,0,0,0,1470000,0,0,363820000,21070000,0,0,0,0,0,0,0,0,0,0,0,0,0,0,0,0,0,0,0,0,0,0,0,0,0,0,0,0,0,0,4900000,0,0,0,0,0,0,0,0,0,0,0,0,0,0,0,0,0,0,0,0,0,0,0,0,0,0,261160000,418470000,440330000,0,0,0,0,0,0,0,0,0,0,0,148410000,0,0,0,0,0,0,0,0,0,0,0,0,0,0,0,0,0,0,120540000,0,754350000,0,0,0,0,0,0,0,0,0,0,0,0,0,0,0,0
"OMN",0,0,0,0,0,0,0,0,0,0,0,0,0,0,0,0,0,0,0,0,0,0,0,0,0,0,0,0,0,0,0,0,0,0,0,0,0,0,0,0,0,0,0,0,0,0,0,0,0,0,0,0,0,0,0,0,0,0,0,0,0,0,0,0,0,0,0,0,0,0,0,0,0,0,0,0,0,0,0,0,0,0,0,0,0,0,0,0,0,0,0,0,0,0,0,0,0,0,0,0,0,0,0,0,0,0,0,0,0,0,0,0,0,0,0,0,0,0,0,0,0,0,0,0,0,0,0,0,0,0,0,0,0,0,0,0,0,0,0,0,0,0,0,0,0,0,0,49800000,0,0,0,0,0,0,0,0,0,0,0,0,0,0,0,0,0,0,0,0,0,0,0,0,0,15548260000,0,0,0,0,0,0,0,0,0,0,0,120060000,0,0,0,0,0,0,0,0,0
"TUN",0,0,0,980000,0,0,0,0,0,0,0,0,0,0,0,0,0,0,0,0,0,0,0,0,0,0,0,0,0,0,0,0,0,0,0,0,0,0,0,0,0,0,0,0,0,0,0,0,0,0,0,0,0,52430000,0,0,0,0,0,0,0,0,0,0,0,0,0,0,0,0,0,0,0,0,0,0,0,0,0,0,0,10380000,0,0,0,980000,0,0,0,0,0,0,0,0,0,0,0,0,75139880000,0,0,0,0,0,0,0,0,0,0,0,0,0,0,0,0,0,0,0,0,0,0,0,0,0,0,490000,0,0,0,0,0,0,0,0,0,0,0,0,0,0,0,0,0,0,0,0,0,0,0,0,0,0,0,0,0,0,0,0,0,0,0,0,0,0,0,0,0,0,0,0,0,0,0,0,0,0,0,0,0,0,0,0,0,0,0,0,0,0,0,0,0,0,0,0,0
"TUR",0,0,365050000,0,0,0,16170000,265610000,0,0,0,0,0,0,0,0,0,0,0,0,0,64190000,0,0,0,0,0,0,0,0,0,0,0,0,0,0,0,0,159153440000,0,0,0,0,0,0,0,91555640000,0,0,0,0,0,6860000,457330000,0,0,0,0,0,1898440000,35280000,0,0,25480000,0,0,0,0,0,0,0,0,6860000,3051910000,0,0,0,0,0,0,78144340000,85750000,0,0,0,43610000,244510000,0,0,0,0,0,6860000,0,0,1328880000,0,0,0,0,0,0,0,0,0,0,490000,0,0,0,0,235268480000,0,0,0,0,220990000,0,0,4105750000,0,5880000,0,45570000,90650000,0,0,0,39690000,0,0,0,0,0,0,0,0,0,0,0,0,0,0,0,0,0,0,276060940000,0,0,0,319730000,0,0,0,980000,0,0,0,0,56620000,22548500000,286700920000,571080000,490000,0,0,0,0,0,80850000,0,0,221480000,0,0,1627780000,3694720000,45570000,0,0,0,0,0,0,0,0,0,23030000,0,0,0,0,0,0
"ARE",0,0,0,0,0,0,0,0,0,0,0,0,0,0,0,0,0,0,0,0,0,0,0,0,0,0,0,0,0,0,0,0,0,0,0,0,0,0,0,0,0,0,0,0,0,0,0,0,0,0,0,0,0,0,0,0,0,0,0,0,0,0,0,0,0,0,0,0,0,0,0,0,0,0,0,0,0,0,0,0,0,0,0,0,0,0,0,0,0,0,0,0,0,0,0,0,0,0,0,0,0,0,0,0,0,0,0,0,0,0,0,0,0,0,0,0,0,0,0,0,0,0,0,0,0,0,0,0,0,0,0,0,0,0,0,0,0,0,0,0,0,0,0,0,0,0,0,0,0,0,0,0,0,0,0,0,0,0,0,0,0,0,0,0,0,0,0,0,0,0,0,0,0,0,0,0,0,0,0,0,0,0,0,0,0,0,0,0,0,0,0,0,0,0,0
"UGA",0,0,0,0,0,0,0,0,0,0,0,0,0,0,0,0,0,0,0,0,0,10780000,0,0,0,0,0,0,0,0,0,0,0,0,194530000,0,0,0,0,0,0,0,0,0,0,0,0,0,0,0,0,0,0,0,0,0,0,0,0,0,0,0,0,0,0,0,0,0,0,0,0,0,0,0,0,0,0,0,0,0,0,0,0,0,0,0,0,0,5880000,0,0,0,0,0,0,0,0,0,0,0,0,0,0,0,0,0,0,0,0,0,0,0,0,0,0,0,0,0,0,0,0,0,0,0,0,0,0,0,0,0,0,0,0,0,0,0,0,0,0,0,0,183750000,0,0,0,0,0,0,0,0,0,0,0,0,0,7840000,0,0,0,0,0,1470000,0,0,0,0,0,0,0,0,0,0,0,0,0,0,980000,0,0,0,0,0,0,0,0,0,659540000,0,0,0,0,0,0,0,0
"TUV",0,0,0,0,0,0,0,0,0,0,0,0,0,0,0,0,0,0,0,0,0,0,0,0,0,0,0,0,0,0,0,0,0,0,0,0,0,0,0,0,0,0,0,0,0,0,0,0,0,0,0,0,0,0,0,0,0,0,0,0,0,0,0,0,0,0,0,0,0,0,0,0,0,0,0,0,0,0,0,0,0,0,0,0,0,0,0,0,0,0,0,0,0,0,0,0,0,0,0,0,0,0,0,0,0,0,0,0,0,0,0,0,0,0,0,0,0,0,0,0,0,0,0,0,0,0,0,0,0,0,0,0,0,0,0,0,0,0,0,0,0,0,0,0,0,0,0,0,0,0,0,0,0,0,0,0,0,0,0,0,0,0,0,0,0,0,0,0,0,0,0,0,0,0,0,0,0,0,0,0,0,0,0,0,0,0,0,0,0,0,0,0,0,0,0
"GBR",0,0,5390000,301294510000,2121390000,138890000,8693540000,12553370000,8446790000,721710000,7493760000,5630000,0,0,0,0,15501790000,0,26950000,0,9310000,6370000,4.416e+09,0,69282450000,25716490000,14210000,0,25262450000,0,33310000,77737210000,12250000,0,14210000,0,10575200000,0,346119280000,7340000,0,110548690000,1343930000,358200000,3.68e+09,7340000,1608650000,26950000,7840000,22550680000,0,0,142880500000,213562080000,4650000,0,4900000,0,0,762783140000,14210000,16887040000,0,228771250000,0,4489600000,0,0,761750000,3920000,14690000,4239150000,38327050000,40982830000,36965200000,432730000,1097260000,0,114732560000,57167080000,276691910000,398436140000,149920000,3670000,150883580000,825976640000,235702050000,0,166920000,5910080000,0,9199980000,103030000,378560000,0,393430000,0,584530000,2.656e+10,37903640000,91312030000,490000,0,95565230000,0,165150000,31328590000,0,12239660000,1470000,0,462499070000,471040000,0,5390000,10469600000,748689550000,0,2723100000,3680000,0,10383310000,0,0,103147040000,57577280000,1658840000,2499210000,17792450000,0,0,0,15399810000,109653270000,222619930000,213640000,0,0,63700000,0,9329210000,0,523346430000,4235880000,4625760000,978880000,9800000,1209041660000,34300000,6712320000,168530000,317100000,13875590000,27598090000,0,166710170000,514584570000,0,58880000,0,12047720000,6217370000,7350000,73400000,2967120000,38474890000,255289440000,58880000,0,32589580000,394280000,541930240000,4741890000,11293480000,1470000,0,0,10085590000,225418210000,9310000,33810000,0,98314290000,47858890000,364320000,102760000,429640000,0,481921330000,12490000,0,0,0,0,0
"UKR",0,0,0,0,0,0,0,0,0,0,0,0,0,0,0,0,0,0,0,0,0,0,0,0,0,0,0,0,0,0,0,0,0,0,0,0,0,0,0,0,0,0,0,0,0,0,0,0,0,0,0,0,0,0,0,0,0,0,0,0,0,0,0,0,0,0,0,0,0,0,0,0,0,0,0,0,0,0,0,0,0,0,0,0,0,0,0,0,0,0,0,0,0,0,0,0,0,0,0,0,0,0,0,0,0,0,0,0,0,0,0,0,0,0,0,0,0,0,0,0,0,0,0,0,0,0,0,0,0,0,0,0,0,0,0,0,0,0,0,0,0,0,0,0,0,0,0,0,0,0,0,0,0,0,0,0,0,0,0,0,0,0,0,0,0,0,0,0,0,0,0,0,0,0,0,0,0,0,0,0,0,0,0,0,0,0,0,0,0,0,0,0,0,0,0
"USA",0,0,0,0,24990000,2421790000,1510670000,22050000,5992950000,1866900000,118510000,0,0,0,2450000,0,131320000,0,479220000,508620000,0,0,4410000,0,0,450631850000,0,0,0,0,4410000,187982670000,2215370000,0,0,0,1848310000,0,79870000,0,0,239610000,1.494e+10,219345890000,0,274400000,68470000,974440000,0,0,0,1960000,83300000,157780000,776650000,0,0,31850000,0,37794260000,13720000,25730000,0,69090000,0,3920000,1525910000,0,11040000,2286150000,2727640000,17501550000,51450000,0,467950000,539490000,132120000,0,0,81968880000,205550000,179340000,0,0,13147490000,2694862730000,1.66e+11,0,9310000,101430000,0,10886600000,0,3430000,0,0,0,0,0,0,18620000,0,0,1334760000,0,0,0,0,0,1345039330000,0,132433390000,0,0,0,0,7010790000,0,0,0,0,165620000,483960000,11270000,0,1217160000,216530000,8838360000,0,0,6559030000,150430000,10996200000,586530000,0,0,0,0,224910000,0,0,0,219120000,132010000,980000,11010000,0,1379722200000,0,0,0,0,0,1679910000,0,46550000,128577400000,113680000,0,9800000,1429330000,106330000,0,0,218851470000,0,172320000,0,0,2734660000,338590000,61244040000,412340000,3025750000,8820000,0,128527950000,0,0,0,27440000,0,2021670000,54390000,0,0,0,0,33078810000,0,0,0,0,0,0
"BFA",0,0,0,0,0,0,0,0,0,0,0,0,0,0,0,0,0,0,0,0,0,0,0,0,0,0,0,0,0,0,0,0,0,0,0,0,0,0,0,0,441600000,0,0,0,0,0,0,0,0,0,0,0,0,0,0,0,0,0,0,0,0,0,0,0,0,0,0,0,0,0,0,0,0,0,0,0,0,0,0,0,0,0,0,0,0,0,0,0,0,0,0,0,0,0,0,0,0,0,0,0,0,0,0,0,0,0,0,0,0,0,0,0,0,0,0,0,0,0,0,0,0,0,0,0,0,0,0,0,0,0,0,0,0,0,0,0,0,0,0,0,0,0,0,0,0,0,0,0,0,0,0,0,0,0,0,0,0,0,0,0,0,0,0,0,0,0,0,0,0,0,0,0,0,0,0,0,0,0,0,0,0,0,0,0,0,0,0,0,0,0,0,0,0,0,0
"URY",0,0,0,0,0,96583840000,0,0,0,0,0,0,0,0,0,0,1079745710000,0,0,0,0,0,0,0,0,0,0,0,0,0,8218600000,0,0,0,0,0,0,0,0,0,0,0,0,0,0,0,0,0,0,0,0,0,0,0,0,0,0,0,0,0,0,0,0,0,0,0,0,0,0,0,0,0,0,0,0,0,0,0,0,0,0,0,0,0,0,0,0,0,0,0,0,0,0,0,0,0,0,0,0,0,0,0,0,0,0,0,0,0,0,0,0,0,0,0,0,0,0,0,0,0,0,0,0,0,0,0,0,0,0,0,81431970000,0,0,0,0,0,0,0,0,0,0,0,0,0,0,0,0,0,0,0,0,0,0,0,0,0,0,0,0,0,0,0,0,0,0,0,0,0,0,0,0,0,0,0,0,0,0,0,0,0,0,0,0,0,0,0,0,0,0,0,0,0,0,0,0
"UZB",0,0,0,0,0,0,0,0,0,0,0,0,0,0,0,0,0,0,0,0,0,0,0,0,0,0,0,0,0,0,0,0,0,0,0,0,0,0,0,0,0,0,0,0,0,0,0,0,0,0,0,0,0,0,0,0,0,0,0,0,0,0,0,0,0,0,0,0,0,0,0,0,0,0,0,0,0,0,0,0,0,0,0,0,0,0,0,0,0,0,0,0,0,0,0,0,0,0,0,0,0,0,0,0,0,0,0,0,0,0,0,0,0,0,0,0,0,0,0,0,0,0,0,0,0,0,0,0,0,0,0,0,0,0,0,0,0,0,0,0,0,0,0,0,0,0,0,0,0,0,0,0,0,0,0,0,0,0,0,0,0,0,0,0,0,0,0,0,0,0,0,0,0,0,0,0,0,0,0,0,0,0,0,0,0,0,0,0,0,0,0,0,0,0,0
"VEN",0,0,0,0,0,0,0,0,0,0,0,0,0,0,0,0,0,0,0,0,0,0,0,0,0,0,0,0,0,0,0,0,31424100000,0,0,0,0,0,0,0,0,0,0,0,0,11010000,0,0,0,0,0,0,0,0,0,0,0,0,0,490000,0,0,0,0,0,0,0,0,16170000,0,0,0,0,0,0,0,0,0,0,0,0,44590000,0,0,0,44040000,0,0,0,0,0,0,0,0,0,0,0,0,0,0,0,0,0,0,0,0,0,0,0,0,0,0,0,0,0,0,0,0,0,0,0,0,0,0,0,0,0,0,0,0,0,0,0,0,0,0,0,0,0,0,0,0,0,0,0,0,0,0,0,0,0,0,0,0,0,0,86730000,0,0,0,0,0,0,0,0,0,0,0,0,277340000,0,0,0,0,0,0,0,0,130340000,0,0,0,0,0,0,0,0,0,0,0,0,0,0,0,0
"VNM",0,0,0,0,0,0,0,0,0,0,0,0,0,0,0,0,0,0,0,0,0,0,0,0,0,0,0,0,0,0,0,0,0,0,0,0,0,0,0,0,0,0,0,0,0,0,0,0,0,0,0,0,0,0,0,0,0,0,0,0,0,0,0,0,0,0,0,0,0,0,0,0,0,0,0,0,0,0,0,0,0,0,0,0,0,0,0,0,0,0,0,0,0,0,0,0,0,0,0,0,0,0,0,0,0,0,0,0,0,0,0,0,0,0,0,0,0,0,0,0,0,0,0,0,0,0,0,0,0,0,0,0,0,0,0,0,0,0,0,0,0,0,0,0,0,0,0,0,0,0,0,0,0,0,0,0,0,0,0,0,0,0,0,0,0,0,0,0,0,0,0,0,0,0,0,0,0,0,0,0,0,0,0,0,0,0,0,0,0,0,0,0,0,0,0
"ETH",0,0,0,0,0,0,0,0,0,0,0,0,0,0,0,0,0,0,0,0,0,0,0,0,0,0,0,0,0,0,0,0,0,0,0,0,0,0,0,0,0,0,0,0,0,0,0,0,0,0,0,0,0,0,0,64240000,0,0,0,0,0,0,0,0,0,0,0,0,0,0,0,0,0,0,16740000,0,0,0,0,0,8.3e+07,0,0,0,0,0,0,0,4900000,0,0,0,0,0,0,0,0,0,0,0,0,0,0,0,0,0,0,0,0,0,0,0,0,0,0,0,0,0,0,0,0,0,0,0,0,0,0,0,0,0,0,0,0,0,0,0,0,0,0,0,0,0,0,0,0,0,0,0,0,0,0,0,0,0,0,0,0,0,0,0,0,0,0,0,0,0,0,0,0,0,0,0,0,0,0,0,0,0,3320000,0,0,0,0,0,0,0,0,0,0,0,0,0,0,0,0
"YEM",0,0,0,0,0,0,0,0,0,0,0,0,0,0,0,0,0,0,0,0,0,0,0,0,0,0,0,0,0,0,0,0,0,0,0,0,0,0,0,0,0,0,0,0,0,0,0,0,0,0,0,0,0,0,0,0,0,0,0,0,0,0,0,0,0,0,0,0,0,0,0,0,0,0,0,0,0,0,0,0,0,0,0,0,0,0,0,0,0,0,0,0,0,0,0,0,0,0,0,0,0,0,0,0,0,0,0,0,0,0,0,0,0,0,0,0,0,0,0,0,0,0,0,0,0,0,0,0,0,0,0,0,0,0,0,0,0,0,0,0,0,0,0,0,0,0,0,0,0,0,0,0,0,0,0,0,0,0,0,0,0,0,0,0,0,0,0,0,0,0,0,0,0,0,0,0,0,0,0,0,0,0,0,0,0,0,0,0,0,0,0,0,0,0,0
"COD",0,0,0,0,0,0,0,0,0,0,0,0,0,0,0,0,0,0,0,0,0,0,0,0,0,0,0,0,0,0,0,0,0,0,0,0,0,0,0,0,0,0,0,0,0,0,0,0,0,0,0,0,0,0,0,0,0,0,0,0,0,0,0,0,0,0,0,0,0,0,0,0,0,0,0,0,0,0,0,0,0,0,0,0,0,0,0,0,0,0,0,0,0,0,0,0,0,0,0,0,0,0,0,0,0,0,0,0,0,0,0,0,0,0,0,0,0,0,0,0,0,0,0,0,0,0,0,0,0,0,0,0,0,0,0,0,0,0,0,0,0,0,0,0,0,0,0,0,0,0,0,0,0,0,0,0,0,0,0,0,0,0,0,0,0,0,0,0,0,0,0,0,0,0,0,0,0,0,0,0,0,0,0,0,0,0,0,0,0,0,0,0,0,0,0
"ZMB",0,0,0,0,0,0,0,0,0,0,0,0,0,0,0,0,0,0,0,0,0,0,0,0,0,0,0,0,0,0,0,0,0,0,0,0,0,0,0,0,0,0,0,0,0,0,0,0,0,0,0,0,0,0,0,0,0,0,0,0,0,0,0,0,0,0,0,0,0,0,0,0,0,0,0,0,0,0,0,0,0,0,0,0,0,0,0,0,0,0,0,0,0,0,0,0,0,0,0,0,0,0,0,0,0,0,0,0,0,0,0,0,0,0,0,0,0,0,0,0,0,0,0,0,0,0,0,0,0,0,0,0,0,0,0,0,0,0,0,0,0,0,0,0,0,0,0,0,0,0,0,0,0,0,0,8.3e+07,0,0,0,0,0,0,0,0,0,0,0,0,0,0,0,0,0,0,0,0,0,0,0,0,0,0,0,0,0,0,0,0,0,0,0,0,0,0,0
"BEL",7.36e+08,0,11040980000,249278560000,0,8021860000,1221570000,1740450000,1.564e+09,22540000,36750000,0,0,0,0,0,623154950000,0,0,0,0,381480000,655040000,14720490000,48661370000,3714200000,0,0,490000,4427040000,5460120000,395680000,199200000,0,25984480000,0,8885940000,31850000,1799570000,3086030000,6812870000,4762910000,0,1561780000,95550000,0,1121640000,0,10290000,11760000,0,0,290810000,454447110000,15680000,56350000,2.76e+09,2.1988e+10,22540000,217700160000,49490000,31762080000,0,160518050000,0,0,1.104e+10,40670000,0,4758240000,14164320000,14135060000,12136110000,504110000,4641410000,17150000,9346440000,0,0,8088560000,4122910000,81392790000,20504450000,26261840000,0,162054910000,5348380000,0,2281600000,1156240000,0,202030000,9960000,208500000,1144480000,742700000,0,106720000,159396520000,3778810000,0,0,0,6788080000,13720000,0,1768570000,0,0,0,8820000,325072070000,27257760000,0,20512320000,0,1682788340000,0,5554070000,7450650000,0,4775790000,0,0,22090990000,1318630000,490000,19325390000,919490000,0,0,0,357624360000,3487220000,1333640000,121440000,0,7187040000,42140000,0,22786260000,9325120000,337474280000,0,2807840000,0,0,288282240000,0,0,5058750000,8820000,3330400000,56978600000,0,54278410000,29142650000,0,0,0,5665180000,1080450000,0,1.104e+09,15998070000,11481600000,31588380000,5554830000,0,14210000,99960000,44524320000,195680000,208740000,68720320000,0,49843960000,116274250000,18506510000,0,4900000,3028640000,709897760000,54435540000,16964800000,0,38399050000,0,0,16004890000,0,0,0,0,0
"LUX",0,0,0,0,0,0,0,607560000,0,0,0,0,0,0,0,0,0,0,0,0,0,0,0,0,0,0,0,0,0,0,0,0,0,0,0,0,0,0,0,0,0,0,0,0,0,0,0,0,0,0,0,0,0,3644280000,0,0,0,0,0,26927170000,0,0,0,0,0,0,0,0,0,0,0,0,0,0,0,0,0,0,0,0,0,343790000,0,0,0,0,0,0,0,0,0,0,0,0,0,0,0,0,0,0,0,0,0,0,0,0,0,0,0,0,0,0,0,0,0,0,52291020000,0,0,0,0,0,0,0,0,0,0,0,0,0,0,0,0,0,0,0,0,0,0,0,0,0,0,0,0,0,0,17489760000,0,0,0,0,0,0,0,0,4.9e+07,0,0,0,169320000,120730000,0,0,0,0,0,0,0,0,0,0,0,0,0,0,23520000,0,0,0,0,0,0,0,0,0,0,0,25825450000,0,0,0,0,0,0
"SRB",0,0,0,0,0,0,0,0,0,0,0,0,0,0,0,0,0,0,0,0,0,0,0,0,0,0,0,0,0,0,0,0,0,0,0,0,0,0,0,0,0,0,0,0,0,0,0,0,0,0,0,0,0,0,0,0,0,0,0,0,0,0,0,0,0,0,0,0,0,0,0,0,0,0,0,0,0,0,0,0,0,0,0,0,0,0,0,0,0,0,0,0,0,0,0,0,0,0,0,0,0,0,0,0,0,0,0,0,0,0,0,0,0,0,0,0,0,0,0,0,0,0,0,0,0,0,0,0,0,0,0,0,0,0,0,0,0,0,0,0,0,0,0,0,0,0,0,0,0,0,0,0,0,0,0,0,0,0,0,0,0,0,0,0,0,0,0,0,0,0,0,0,0,0,0,0,0,0,0,0,0,0,0,0,0,0,0,0,0,0,0,0,0,0,0
"MNE",0,0,0,0,0,0,0,0,0,0,0,0,0,0,0,0,0,0,0,0,0,0,0,0,0,0,0,0,0,0,0,0,0,0,0,0,0,0,0,0,0,0,0,0,0,0,0,0,0,0,0,0,0,0,0,0,0,0,0,0,0,0,0,0,0,0,0,0,0,0,0,0,0,0,0,0,0,0,0,0,0,0,0,0,0,0,0,0,0,0,0,0,0,0,0,0,0,0,0,0,0,0,0,0,0,0,0,0,0,0,0,0,0,0,0,0,0,0,0,0,0,0,0,0,0,0,0,0,0,0,0,0,0,0,0,0,0,0,0,0,0,0,0,0,0,0,0,0,0,0,0,0,0,0,0,0,0,0,0,0,0,0,0,0,0,0,0,0,0,0,0,0,0,0,0,0,0,0,0,0,0,0,0,0,0,0,0,0,0,0,0,0,0,0,0
"SDN",0,0,0,0,0,0,0,0,0,0,0,0,0,0,0,0,0,0,0,0,0,0,0,0,0,0,0,0,0,0,0,0,0,0,0,0,0,0,0,0,0,0,0,0,0,0,0,0,0,0,0,0,0,0,0,0,0,0,0,0,0,0,0,0,0,0,0,0,0,0,0,0,0,0,0,0,0,0,0,0,0,0,0,0,0,0,0,0,0,0,0,0,0,0,0,0,0,0,0,0,0,0,0,0,0,0,0,0,0,0,0,0,0,0,0,0,0,0,0,0,0,0,0,0,0,0,0,0,0,0,0,0,0,0,0,0,0,0,0,0,0,0,0,0,0,0,0,0,0,0,0,0,0,0,0,0,0,0,0,0,0,0,0,0,0,0,0,0,0,0,0,0,0,0,0,0,0,0,0,0,0,0,0,0,0,0,0,0,0,0,0,0,0,0,0
"SSD",0,0,0,0,0,0,0,0,0,0,0,0,0,0,0,0,0,0,0,0,0,0,0,0,0,0,0,0,0,0,0,0,0,0,0,0,0,0,0,0,0,0,0,0,0,0,0,0,0,0,0,0,0,0,0,0,0,0,0,0,0,0,0,0,0,0,0,0,0,0,0,0,0,0,0,0,0,0,0,0,0,0,0,0,0,0,0,0,0,0,0,0,0,0,0,0,0,0,0,0,0,0,0,0,0,0,0,0,0,0,0,0,0,0,0,0,0,0,0,0,0,0,0,0,0,0,0,0,0,0,0,0,0,0,0,0,0,0,0,0,0,0,0,0,0,0,0,0,0,0,0,0,0,0,0,0,0,0,0,0,0,0,0,0,0,0,0,0,0,0,0,0,0,0,0,0,0,0,0,0,0,0,0,0,0,0,0,0,0,0,0,0,0,0,0
"PSE",0,0,0,0,0,0,0,0,0,0,0,0,0,0,0,0,0,0,0,0,0,0,0,0,0,0,0,0,0,0,0,0,0,0,0,0,0,0,0,0,0,0,0,0,0,0,0,0,0,0,0,0,0,0,0,0,0,0,0,0,0,0,0,0,0,0,0,0,0,0,0,0,0,0,0,0,0,0,0,0,0,0,0,0,0,0,0,0,0,0,0,0,0,0,0,0,0,0,0,0,0,0,0,0,0,0,0,0,0,0,0,0,0,0,0,0,0,0,0,0,0,0,0,0,0,0,0,0,0,0,0,0,0,0,0,0,0,0,0,0,0,0,0,0,0,0,0,0,0,0,0,0,0,0,0,0,0,0,0,0,0,0,0,0,0,0,0,0,0,0,0,0,0,0,0,0,0,0,0,0,0,0,0,0,0,0,0,0,0,0,0,0,0,0,0
