"","ARM","AFG","ALB","DZA","ATG","ARG","AUS","AUT","BHS","BHR","BRB","BGD","BMU","BTN","BOL","BWA","BRA","ARB","BLZ","SLB","BRN","BGR","MMR","BDI","CMR","CAN","CPV","CAF","LKA","TCD","CHL","CHN","COL","COM","COG","COK","CRI","CUB","CYP","AZE","BEN","DNK","DMA","DOM","BLR","ECU","EGY","SLV","GNQ","EST","FRO","FJI","FIN","FRA","PYF","DJI","GEO","GAB","GMB","DEU","BIH","GHA","KIR","GRC","GRL","GRD","GTM","GIN","GUY","HTI","HND","HKG","HUN","HRV","ISL","IND","IDN","IRN","IRQ","IRL","ISR","ITA","CIV","KAZ","JAM","JPN","JOR","KGZ","KEN","KHM","PRK","KOR","KWT","LVA","LAO","LBN","LSO","LBR","LBY","LTU","MAC","MDG","MWI","MYS","MDV","MLI","MLT","MRT","MUS","MEX","MNG","MAR","MOZ","MDA","NAM","NPL","NLD","ANT","NCL","MKD","VUT","NZL","NIC","NER","NGA","NOR","PAK","PAN","CZE","PNG","PRY","PER","PHL","POL","PRT","GNB","TLS","ERI","QAT","ZWE","ROU","RWA","RUS","KNA","LCA","VCT","STP","SAU","SEN","SYC","SLE","SVN","SVK","SGP","SOM","ZAF","ESP","SUR","TJK","SWZ","SWE","CHE","SYR","TKM","TWN","TZA","THA","TGO","TON","TTO","OMN","TUN","TUR","ARE","UGA","TUV","GBR","UKR","USA","BFA","URY","UZB","VEN","VNM","ETH","YEM","COD","ZMB","BEL","LUX","SRB","MNE","SDN","SSD","PSE"
"ARM",0,0,0,0,0,0,0,0,0,0,0,0,0,0,0,0,0,0,0,0,0,0,0,0,0,0,0,0,0,0,0,0,0,0,0,0,0,0,6370000,0,0,0,0,0,0,0,0,0,0,0,0,0,0,15925000,0,0,244610000,0,0,5635000,0,0,0,8575000,0,0,0,0,0,0,0,0,0,0,0,0,0,0,0,0,0,0,0,0,0,0,0,0,0,0,0,0,0,0,0,0,0,0,0,0,0,0,0,0,0,0,0,0,0,0,0,0,0,0,0,0,0,0,0,0,0,0,0,0,0,0,0,0,0,0,0,0,0,0,0,0,0,0,0,0,0,0,1074815000,0,0,0,0,0,0,0,0,0,0,0,0,0,0,0,0,0,0,0,0,0,0,0,0,0,0,0,0,0,0,0,0,0,0,0,94815000,0,0,0,0,0,0,0,0,0,735000,0,0,0,0,0,0
"AFG",0,0,0,0,0,0,0,0,0,0,0,0,0,0,0,0,0,0,0,0,0,0,0,0,0,0,0,0,0,0,0,0,0,0,0,0,0,0,0,0,0,0,0,0,0,0,0,0,0,0,0,0,0,0,0,0,0,0,0,0,0,0,0,0,0,0,0,0,0,0,0,0,0,0,0,0,0,0,0,0,0,0,0,0,0,0,0,0,0,0,0,0,0,0,0,0,0,0,0,0,0,0,0,0,0,0,0,0,0,0,0,0,0,0,0,0,0,0,0,0,0,0,0,0,0,0,0,0,0,0,0,0,0,0,0,0,0,0,0,0,0,0,0,0,0,0,0,0,0,0,0,0,0,0,0,0,0,0,0,0,0,0,0,0,0,0,0,0,0,0,0,0,0,0,0,0,0,0,0,0,0,0,0,0,0,0,0,0,0,0,0,0,0,0,0
"ALB",0,0,0,0,0,0,0,0,0,0,0,0,0,0,0,0,0,0,0,0,0,0,0,0,0,0,0,0,0,0,0,0,0,0,0,0,0,0,0,0,0,0,0,0,0,0,0,0,0,0,0,0,0,0,0,0,0,0,0,0,0,0,0,37730000,0,0,0,0,0,0,0,0,0,0,0,0,0,0,0,0,0,42140000,0,0,0,0,0,0,0,0,0,0,0,0,0,0,0,0,0,0,0,0,0,0,0,0,0,0,0,0,0,0,0,0,0,0,0,0,0,1960000,0,0,0,0,0,0,0,0,0,0,0,0,0,0,0,0,0,0,0,0,0,0,0,0,0,0,0,0,0,0,0,0,0,0,0,0,0,0,0,0,0,0,0,0,0,0,0,0,0,0,0,0,0,0,0,0,4165000,0,6370000,0,0,0,0,0,0,0,0,0,0,0,173460000,245000,0,0,0
"DZA",0,0,0,0,0,0,0,0,0,0,0,0,0,0,0,0,0,0,0,0,0,0,0,0,0,0,0,0,0,0,0,0,0,0,0,0,0,0,0,0,0,0,0,0,0,0,0,0,0,0,0,0,0,490000,0,0,0,0,0,0,0,0,0,0,0,0,0,0,0,0,0,0,0,0,0,0,0,0,0,0,0,0,0,0,0,0,0,0,0,0,0,0,0,0,0,0,0,0,0,0,0,0,0,0,0,0,0,0,0,0,0,0,0,0,0,0,0,0,0,0,0,0,0,0,0,0,0,0,0,0,0,0,0,0,0,0,0,0,0,0,0,0,0,0,0,0,0,0,0,0,0,0,0,0,0,0,0,0,0,0,0,0,7350000,0,0,0,0,0,0,0,0,0,0,0,0,0,0,0,0,0,0,0,0,0,0,0,0,0,245000,0,0,0,0,0,0
"ATG",0,0,0,0,0,0,0,0,0,0,0,0,0,0,0,0,0,0,0,0,0,0,0,0,0,0,0,0,0,0,0,0,0,0,0,0,0,0,0,0,0,0,0,0,0,0,0,0,0,0,0,0,0,0,0,0,0,0,0,0,0,0,0,0,0,0,0,0,0,0,0,0,0,0,0,0,0,0,0,0,0,0,0,0,0,0,0,0,0,0,0,0,0,0,0,0,0,0,0,0,0,0,0,0,0,0,0,0,0,0,0,0,0,0,0,0,0,0,0,0,0,0,0,0,0,0,0,0,0,0,0,0,0,0,0,0,0,0,0,0,0,0,0,0,0,0,0,0,0,0,0,0,0,0,0,0,0,0,0,0,0,0,0,0,0,0,0,0,0,0,0,0,0,0,0,0,0,0,0,0,0,0,0,0,0,0,0,0,0,0,0,0,0,0,0
"ARG",0,0,0,0,0,0,50500000,0,0,0,0,0,0,0,117626790000,0,1635146295000,0,0,0,0,0,0,0,4045420000,408415000,0,0,0,0,211460465000,3675000,475325150000,0,4655000,0,38710000,0,0,0,0,0,0,17395000,0,60464560000,0,0,0,0,0,0,0,0,0,0,149700000,0,0,0,0,0,0,0,0,0,11270000,0,0,0,13230000,0,0,0,0,0,0,0,0,0,0,11150000,0,0,0,25411475000,0,0,0,0,0,5475275000,0,0,0,0,0,0,0,0,0,0,0,0,0,0,0,0,0,28175000,0,0,0,0,0,0,43493660000,0,0,0,0,0,0,0,0,0,0,19110000,0,0,58430995000,158923535000,0,0,0,0,0,0,0,0,166985000,0,2.6145e+10,0,0,0,82800000,0,0,0,0,0,0,0,0,0,429865000,0,0,0,490000,0,0,0,8085000,0,0,0,0,0,0,0,0,0,0,0,50470000,0,265655000,0,2391935000,0,65403530000,0,0,0,0,0,0,0,0,0,0,0,0
"AUS",0,0,0,0,0,0,0,0,0,188105000,0,11010000,0,0,0,0,0,0,0,125120000,44040000,0,18044865000,0,0,378010000,0,0,7516385000,0,0,2092664630000,0,0,0,7340000,0,0,0,0,0,3670000,0,0,0,0,0,0,0,0,0,9920190000,0,228160000,928510000,0,0,0,0,275250000,0,0,67895000,0,0,0,0,0,0,0,0,6151745000,0,0,0,20530260000,79731265000,29360000,0,0,0,185335000,0,0,0,1853545260000,0,0,0,23791200000,0,383180215000,213150640000,0,180320000,0,0,0,0,0,78020000,0,0,59635415000,0,0,0,0,14843130000,0,0,0,0,0,0,0,0,0,1464890000,0,656880000,36089215000,0,0,0,3670000,810080000,0,0,29851520000,0,0,289215495000,0,0,0,0,0,59130860000,0,25690000,0,3616480000,0,0,0,0,3542091750000,0,0,0,0,0,83691955000,0,2134875000,0,0,0,0,71565000,3670000,0,0,175444895000,0,478315475000,0,5505000,0,61561975000,0,0,484589615000,0,0,431225000,0,1168895000,0,0,0,0,479050705000,0,0,0,0,0,0,0,0,0,0,0
"AUT",4655000,0,2829610000,0,0,0,205800000,0,245000,0,0,0,0,0,0,0,0,0,0,0,0,54902885000,0,0,0,472605000,0,0,0,0,2085000,3675000,13965000,0,0,0,0,71760000,0,12332505000,0,3673585000,0,0,1.84e+08,0,0,0,0,455600000,0,0,30135000,470545000,0,0,12490000,0,0,110594700000,1868435000,0,0,190585000,0,0,0,0,0,0,0,12740000,40434270000,32129710000,47775000,5390000,1835000,980000,1715000,690740000,5593740000,228502160000,0,0,0,285745000,498640000,79120000,0,0,0,177965000,0,1075815000,0,0,0,0,27494580000,145850000,0,0,0,1960000,0,0,76195000,0,0,0,98245000,0,0,265300000,0,0,901170000,0,0,3914635000,0,28665000,0,0,0,4415000,0,0,9325880000,0,0,0,0,176110000,0,0,0,0,0,0,47987390000,0,5226275000,0,7360000,0,0,0,0,0,0,14288600000,2819490000,5390000,0,7600000,13230000,0,0,0,1425885000,9751855000,50715000,1.84e+08,2695000,0,245000,0,0,0,40915000,20730080000,390555000,243530000,0,0,138905000,3963355000,361270000,0,0,1835000,0,0,0,0,0,0,36750000,10205000,20125005000,0,0,0,0
"BHS",0,0,0,0,0,0,0,0,0,0,0,0,0,0,0,0,0,0,0,0,0,0,0,0,0,245000,0,0,0,0,0,0,0,0,0,0,0,0,0,0,0,0,0,0,0,0,0,0,0,0,0,0,0,0,0,0,0,0,0,0,0,0,0,0,0,0,0,0,0,0,0,0,0,0,0,0,0,0,0,0,0,0,0,0,0,0,0,0,0,0,0,0,0,0,0,0,0,0,0,0,0,0,0,0,0,0,0,0,0,0,0,0,0,0,0,0,0,0,0,0,0,0,0,0,0,0,0,0,0,0,0,0,0,0,0,0,0,0,0,0,0,0,0,0,0,0,0,0,0,0,0,0,0,0,0,0,0,0,0,0,0,0,0,0,0,0,0,0,0,0,0,0,0,0,0,0,735000,0,440515000,0,0,0,0,0,0,0,0,0,0,0,0,0,0,0,0
"BHR",0,0,0,0,0,0,0,0,0,0,0,0,0,0,0,0,0,0,0,0,0,0,0,0,0,0,0,0,0,0,0,0,0,0,0,0,0,0,0,0,0,0,0,0,0,0,0,0,0,0,0,0,0,0,0,0,0,0,0,0,0,0,0,0,0,0,0,0,0,0,0,0,0,0,0,0,0,0,0,0,0,0,0,0,0,0,0,0,0,0,0,0,0,0,0,0,0,0,0,0,0,0,0,0,0,0,0,0,0,0,0,0,0,0,0,0,0,0,0,0,0,0,0,0,0,0,0,0,0,0,0,0,0,0,0,0,0,0,490000,0,0,0,0,0,0,0,0,0,0,0,0,0,0,0,0,0,0,0,0,0,0,0,0,0,0,0,1960000,0,0,0,0,0,0,12740000,0,0,0,0,0,0,0,0,0,0,0,0,0,0,0,0,0,0,0,0,0
"BRB",0,0,0,0,2205000,0,0,0,980000,0,0,0,0,0,0,0,0,0,0,0,0,0,0,0,0,0,0,0,0,0,0,0,0,0,0,0,0,0,0,0,0,0,0,0,0,0,0,0,0,0,0,0,0,0,0,0,0,0,0,0,0,0,0,0,0,0,0,0,0,0,0,0,0,0,0,0,0,0,0,0,0,0,0,0,0,0,0,0,0,0,0,0,0,0,0,0,0,0,0,0,0,0,0,0,0,0,0,0,0,0,0,0,0,0,0,0,0,0,0,0,0,0,0,0,0,0,0,0,0,0,0,0,0,0,0,0,0,0,0,0,0,0,0,0,9800000,0,0,0,0,0,0,0,0,0,0,0,11760000,0,0,0,0,0,0,0,0,0,0,0,0,0,0,0,0,0,0,0,12985000,0,3430000,0,0,0,0,0,0,0,0,0,0,0,0,0,0,0,0
"BGD",0,0,0,0,0,0,0,0,0,0,0,0,0,0,0,0,0,0,0,0,0,0,0,0,0,0,0,0,0,0,0,0,0,0,0,0,0,0,0,0,0,0,0,0,0,0,0,0,0,0,0,0,0,0,0,0,0,0,0,245000,0,0,0,0,0,0,0,0,0,0,0,0,0,0,0,0,0,0,0,0,0,0,0,0,0,0,0,0,0,0,0,0,0,0,0,0,0,0,0,0,0,0,0,0,0,0,0,0,0,0,0,0,0,0,0,0,0,0,0,0,0,0,0,0,0,0,0,0,0,0,0,0,0,0,0,0,0,0,0,0,0,0,0,0,0,0,0,0,0,0,0,0,0,1225000,0,0,0,0,0,0,0,0,0,0,0,0,0,0,0,0,0,0,0,0,0,0,0,0,0,0,0,0,0,0,0,0,0,0,0,0,0,0,0,0,0
"BMU",0,0,0,0,0,0,0,0,0,0,0,0,0,0,0,0,0,0,0,0,0,0,0,0,0,0,0,0,0,0,0,0,0,0,0,0,0,0,0,0,0,0,0,0,0,0,0,0,0,0,0,0,0,0,0,0,0,0,0,0,0,0,0,0,0,0,0,0,0,0,0,0,0,0,0,0,0,0,0,0,0,0,0,0,0,0,0,0,0,0,0,0,0,0,0,0,0,0,0,0,0,0,0,0,0,0,0,0,0,0,0,0,0,0,0,0,0,0,0,0,0,0,0,0,0,0,0,0,0,0,0,0,0,0,0,0,0,0,0,0,0,0,0,0,0,0,0,0,0,0,0,0,0,0,0,0,0,0,0,0,0,0,0,0,0,0,0,0,0,0,0,0,0,0,0,0,0,0,0,0,0,0,0,0,0,0,0,0,0,0,0,0,0,0,0
"BTN",0,0,0,0,0,0,0,0,0,0,0,0,0,0,0,0,0,0,0,0,0,0,0,0,0,0,0,0,0,0,0,0,0,0,0,0,0,0,0,0,0,0,0,0,0,0,0,0,0,0,0,0,0,0,0,0,0,0,0,0,0,0,0,0,0,0,0,0,0,0,0,0,0,0,0,0,0,0,0,0,0,0,0,0,0,0,0,0,0,0,0,0,0,0,0,0,0,0,0,0,0,0,0,0,0,0,0,0,0,0,0,0,0,0,0,0,0,0,0,0,0,0,0,0,0,0,0,0,0,0,0,0,0,0,0,0,0,0,0,0,0,0,0,0,0,0,0,0,0,0,0,0,0,0,0,0,0,0,0,0,0,0,0,0,0,0,0,0,0,0,0,0,0,0,0,0,0,0,0,0,0,0,0,0,0,0,0,0,0,0,0,0,0,0,0
"BOL",0,0,0,0,0,0,3920000,0,0,0,0,0,0,0,0,0,490000,0,0,0,0,0,0,0,0,0,0,0,0,0,1815450000,0,0,0,0,0,0,0,0,0,0,0,0,0,0,0,0,0,0,0,0,0,0,0,0,0,0,0,0,0,0,0,0,0,0,0,0,0,0,0,0,0,0,0,0,0,0,0,0,0,0,2695000,0,0,0,0,0,0,0,0,0,0,0,0,0,0,0,0,0,0,0,0,0,0,0,0,0,0,0,0,0,0,0,0,0,0,0,0,0,0,0,0,0,0,0,0,0,0,0,0,0,42385000,0,0,0,0,0,0,0,0,0,0,0,0,0,0,0,0,0,0,0,0,0,0,0,0,215355000,0,0,0,0,2450000,0,0,0,0,0,0,0,0,0,0,0,0,0,0,17885000,0,40915000,0,0,0,0,0,0,0,0,0,0,0,0,0,0,0,0
"BWA",0,0,0,0,0,0,0,0,0,0,0,0,0,0,0,0,0,0,0,0,0,0,0,0,0,0,0,0,0,0,0,0,0,0,0,0,0,0,0,0,0,0,0,0,0,0,0,0,0,0,0,0,0,4655000,0,0,0,0,0,0,0,0,0,0,0,0,0,0,0,0,0,0,0,0,0,0,0,0,0,0,0,0,0,0,0,0,0,0,0,0,0,0,0,0,0,0,0,0,0,0,0,0,0,0,0,0,0,0,0,0,0,0,0,0,9555000,0,0,0,0,0,0,0,0,0,0,0,0,0,0,0,0,0,0,0,0,0,0,0,0,3675000,0,0,0,0,0,0,0,0,0,0,0,0,0,0,0,304360000,0,0,0,0,0,0,0,0,0,0,0,0,0,0,0,0,0,0,0,0,0,0,0,0,0,0,0,0,0,0,6860000,45815000,0,0,0,0,0,0,0
"BRA",0,0,0,0,0,18620000,104125000,0,0,0,0,0,0,0,26683565000,0,0,0,0,0,0,0,0,0,490000,5856970000,2695000,0,0,0,74970000,0,165375000,0,0,0,0,0,0,0,0,0,0,300125000,0,1373960000,0,0,490000,0,0,0,0,13720000,0,0,0,0,0,67865000,0,0,0,0,0,0,6125000,0,0,0,0,0,0,0,0,0,0,0,0,0,0,11515000,0,0,0,68845000,0,0,0,0,0,0,0,0,0,7350000,0,0,0,0,0,0,0,0,0,0,0,0,0,0,0,0,0,0,0,0,52185000,0,0,0,0,12740000,0,0,0,0,0,35035000,0,0,15255770000,1460690000,0,0,31115000,11515000,0,0,0,0,0,0,0,0,0,0,0,0,0,0,2695000,2450000,0,1470000,0,0,48755000,80850000,0,0,0,15435000,0,0,0,0,0,0,0,0,0,0,0,0,0,0,426545000,0,1202705000,0,313355000,0,0,0,0,0,0,0,4410000,6125000,0,0,0,0,0
"ARB",0,0,0,0,0,0,0,0,0,0,0,0,0,0,0,0,0,0,0,0,0,0,0,0,0,0,0,0,0,0,0,0,0,0,0,0,0,0,0,0,0,0,0,0,0,0,0,0,0,0,0,0,0,0,0,0,0,0,0,0,0,0,0,0,0,0,0,0,0,0,0,0,0,0,0,0,0,0,0,0,0,0,0,0,0,0,0,0,0,0,0,0,0,0,0,0,0,0,0,0,0,0,0,0,0,0,0,0,0,0,0,0,0,0,0,0,0,0,0,0,0,0,0,0,0,0,0,0,0,0,0,0,0,0,0,0,0,0,0,0,0,0,0,0,0,0,0,0,0,0,0,0,0,0,0,0,0,0,0,0,0,0,0,0,0,0,0,0,0,0,0,0,0,0,0,0,0,0,0,0,0,0,0,0,0,0,0,0,0,0,0,0,0,0,0
"BLZ",0,0,0,0,0,0,0,0,0,0,0,0,0,0,0,0,0,0,0,0,0,0,0,0,0,0,0,0,0,0,0,0,0,0,0,0,0,0,0,0,0,0,0,0,0,0,0,0,0,0,0,0,0,0,0,0,0,0,0,0,0,0,0,0,0,0,0,0,0,0,0,0,0,0,0,0,0,0,0,0,0,0,0,0,0,0,0,0,0,0,0,0,0,0,0,0,0,0,0,0,0,0,0,0,0,0,0,0,0,1715000,0,0,0,0,0,0,0,0,0,0,0,0,0,0,0,0,0,0,0,0,0,0,0,0,0,0,0,0,0,0,0,0,0,0,0,0,0,0,0,0,0,0,0,0,0,0,0,0,0,0,0,0,0,0,0,0,0,0,0,0,0,0,0,0,0,0,0,0,6370000,0,0,0,0,0,0,0,0,0,0,0,0,0,0,0,0
"SLB",0,0,0,0,0,0,0,0,0,0,0,0,0,0,0,0,0,0,0,0,0,0,0,0,0,0,0,0,0,0,0,0,0,0,0,0,0,0,0,0,0,0,0,0,0,0,0,0,0,0,0,0,0,0,0,0,0,0,0,0,0,0,0,0,0,0,0,0,0,0,0,0,0,0,0,0,0,0,0,0,0,0,0,0,0,0,0,0,0,0,0,0,0,0,0,0,0,0,0,0,0,0,0,0,0,0,0,0,0,0,0,0,0,0,0,0,0,0,0,0,0,0,0,0,0,0,0,0,0,0,0,0,0,0,0,0,0,0,0,0,0,0,0,0,0,0,0,0,0,0,0,0,0,0,0,0,0,0,0,0,0,0,0,0,0,0,0,0,0,0,0,0,0,0,0,0,0,0,0,0,0,0,0,0,0,0,0,0,0,0,0,0,0,0,0
"BRN",0,0,0,0,0,0,0,0,0,0,0,0,0,0,0,0,0,0,0,0,0,0,0,0,0,0,0,0,0,0,0,0,0,0,0,0,0,0,0,0,0,0,0,0,0,0,0,0,0,0,0,0,0,0,0,0,0,0,0,0,0,0,0,0,0,0,0,0,0,0,0,0,0,0,0,0,0,0,0,0,0,0,0,0,0,0,0,0,0,0,0,0,0,0,0,0,0,0,0,0,0,0,0,0,0,0,0,0,0,0,0,0,0,0,0,0,0,0,0,0,0,0,0,0,0,0,0,0,0,0,0,0,0,0,0,0,0,0,0,0,0,0,0,0,0,0,0,0,0,0,0,0,0,0,0,0,0,0,0,0,0,0,0,0,0,0,0,0,0,0,0,0,0,0,0,0,0,0,0,0,0,0,0,0,0,0,0,0,0,0,0,0,0,0,0
"BGR",20335000,0,122090000,0,3675000,0,0,1536235000,1225000,0,245000,0,0,0,0,0,0,0,0,0,0,0,0,0,0,0,0,0,0,0,0,0,0,0,0,0,0,0,8908705000,0,0,0,0,0,245000,0,0,0,0,0,0,0,0,490000,0,0,1591600000,0,0,26705000,0,0,0,108850900000,0,0,0,0,0,0,0,245000,1835000,0,0,0,0,0,0,0,31591705000,44799400000,0,0,0,0,0,0,0,0,0,0,0,0,0,9.13e+09,0,2695000,0,0,0,0,0,0,0,0,4728285000,0,0,0,0,11927100000,0,245000,0,0,1960000,0,0,6510010000,0,0,0,0,0,490000,0,1225000,490000,0,0,0,0,4329280000,2695000,0,0,0,0,0,109069360000,0,1225000,0,0,980000,0,170966720000,0,0,0,0,490000,0,0,0,48045155000,0,0,0,0,245000,24011900000,0,0,0,7840000,0,0,0,0,17146140000,4583110000,0,0,0,32770000,735000,69280000,4410000,0,0,0,0,0,0,0,0,1715000,0,3705365000,0,0,0,0
"MMR",0,0,0,0,0,0,0,0,0,0,0,0,0,0,0,0,0,0,0,0,0,0,0,0,0,0,0,0,0,0,0,0,0,0,0,0,0,0,0,0,0,0,0,0,0,0,0,0,0,0,0,0,0,0,0,0,0,0,0,0,0,0,0,0,0,0,0,0,0,0,0,0,0,0,0,0,0,0,0,0,0,0,0,0,0,0,0,0,0,0,0,0,0,0,0,0,0,0,0,0,0,0,0,0,0,0,0,0,0,0,0,0,0,0,0,0,0,0,0,0,0,0,0,0,0,0,0,0,0,0,0,0,0,0,0,0,0,0,0,0,0,0,0,0,0,0,0,0,0,0,0,0,0,0,0,0,0,0,0,0,0,0,0,0,0,0,0,0,0,0,0,0,0,0,0,0,0,0,0,0,0,0,0,0,0,0,0,0,0,0,0,0,0,0,0
"BDI",0,0,0,0,0,0,0,0,0,0,0,0,0,0,0,0,0,0,0,0,0,0,0,0,0,0,0,0,0,0,0,0,0,0,0,0,0,0,0,0,0,0,0,0,0,0,0,0,0,0,0,0,0,0,0,0,0,0,0,0,0,0,0,0,0,0,0,0,0,0,0,0,0,0,0,0,0,0,0,0,0,0,0,0,0,0,0,0,0,0,0,0,0,0,0,0,0,0,0,0,0,0,0,0,0,0,0,0,0,0,0,0,0,0,0,0,0,0,0,0,0,0,0,0,0,0,0,0,0,0,0,0,0,0,0,0,0,0,0,0,0,1225000,0,0,0,0,0,0,0,0,0,0,0,0,0,0,0,0,0,0,0,0,0,0,0,0,0,0,0,0,0,0,0,0,0,0,0,0,0,0,0,0,0,0,0,0,275380000,0,0,0,0,0,0,0,0
"CMR",0,0,0,0,0,0,0,0,0,0,0,0,0,0,0,0,0,0,0,0,0,0,0,0,0,0,0,21070000,0,1667715000,0,0,0,0,692125000,0,0,0,0,0,0,0,0,0,0,0,0,0,2348465000,0,0,0,0,395675000,0,0,0,1663350000,0,0,0,0,0,0,0,0,0,0,0,0,0,0,0,0,0,0,0,0,0,0,0,0,0,0,0,735000,0,0,0,0,0,0,0,0,0,0,0,0,0,0,0,0,0,0,0,0,0,0,0,0,0,0,0,0,0,0,0,0,0,0,0,0,0,0,0,0,0,0,0,0,0,0,0,0,0,0,0,0,0,0,0,0,0,0,0,0,0,0,0,0,0,0,0,0,0,0,0,0,0,0,0,0,0,0,0,0,0,0,0,0,0,0,0,0,0,0,0,0,14455000,0,0,0,0,0,0,0,0,0,16415000,0,0,0,0,0,0
"CAN",0,0,0,0,0,0,0,0,0,0,953120000,0,0,0,0,0,140318400000,0,5356240000,0,0,0,0,0,0,0,0,0,66240000,0,15053040000,1372510120000,262890880000,0,0,0,4.9036e+10,0,0,0,0,0,0,20690800000,0,78137800000,0,1173920000,0,0,0,0,0,0,0,0,0,0,0,0,0,0,0,0,0,0,31484240000,0,0,176640000,16801040000,0,0,29440000,0,0,0,0,0,0,0,0,0,0,568560000,1571831160000,6364440000,0,0,0,829840000,7.3278e+10,0,0,0,0,0,0,0,0,0,0,0,132800000,0,0,0,0,0,237309440000,11620000,0,0,0,0,0,0,0,0,0,0,0,16068720000,0,327520000,0,0,29368060000,62640000,90160000,0,86142540000,11172480000,0,0,0,0,0,0,0,0,0,69920000,0,0,0,0,1669586500000,0,0,0,0,0,23920000,125120000,200472040000,95680000,0,0,0,0,132800000,0,0,550160000,0,18416560000,0,0,0,0,0,0,0,0,0,16600000,1180260000,2204930810000,0,0,0,92329740000,52000380000,0,0,0,0,13460000,0,0,0,0,0,0
"CPV",0,0,0,0,0,0,0,0,0,0,0,0,0,0,0,0,0,0,0,0,0,0,0,0,0,0,0,0,0,0,0,0,0,0,0,0,0,0,0,0,0,0,0,0,0,0,0,0,0,0,0,0,0,0,0,0,0,0,0,0,0,0,0,0,0,0,0,0,0,0,0,0,0,0,0,0,0,0,0,0,0,0,0,0,0,0,0,0,0,0,0,0,0,0,0,0,0,0,0,0,0,0,0,0,0,0,0,0,0,0,0,0,0,0,0,0,2205000,0,0,0,0,0,0,0,0,0,0,0,0,0,0,0,0,0,3185000,0,0,0,0,0,0,0,0,0,0,0,0,0,0,0,0,0,0,0,0,0,980000,0,0,0,0,0,0,0,0,0,0,0,0,0,0,0,0,0,0,0,0,0,0,0,0,0,0,0,0,0,0,0,0,0,0,0,0,0,0
"CAF",0,0,0,0,0,0,0,0,0,0,0,0,0,0,0,0,0,0,0,0,0,0,0,0,0,0,0,0,0,0,0,0,0,0,0,0,0,0,0,0,0,0,0,0,0,0,0,0,0,0,0,0,0,0,0,0,0,0,0,0,0,0,0,0,0,0,0,0,0,0,0,0,0,0,0,0,0,0,0,0,0,0,0,0,0,0,0,0,0,0,0,0,0,0,0,0,0,0,0,0,0,0,0,0,0,0,0,0,0,0,0,0,0,0,0,0,0,0,0,0,0,0,0,0,0,0,0,0,0,0,0,0,0,0,0,0,0,0,0,0,0,0,0,0,0,0,0,0,0,0,0,0,0,0,0,0,0,0,0,0,0,0,0,0,0,0,0,0,0,0,0,0,0,0,0,0,0,0,0,0,0,0,0,0,0,0,0,0,0,0,0,0,0,0,0
"LKA",0,0,0,0,0,0,0,0,0,0,0,0,0,0,0,0,0,0,0,0,0,0,0,0,0,0,0,0,0,0,0,0,0,0,0,0,0,0,0,0,0,0,0,0,0,0,0,0,0,0,0,0,0,0,0,0,0,0,0,0,0,0,0,0,0,0,0,0,0,0,0,0,0,0,0,0,0,0,0,0,0,0,0,0,0,0,0,0,0,0,0,0,0,0,0,0,0,0,0,0,0,0,0,0,0,0,0,0,0,0,0,0,0,0,0,0,0,0,0,0,0,0,0,0,0,0,0,0,0,0,0,0,0,0,0,0,0,0,0,0,0,0,0,0,0,0,0,0,0,0,0,0,0,0,0,0,0,0,0,0,0,0,0,0,0,0,0,0,0,0,0,0,0,0,0,0,0,0,0,0,0,0,0,0,0,0,0,0,0,0,0,0,0,0,0
"TCD",0,0,0,0,0,0,0,0,0,0,0,0,0,0,0,0,0,0,0,0,0,0,0,0,0,0,0,0,0,0,0,0,0,0,0,0,0,0,0,0,0,0,0,0,0,0,0,0,0,0,0,0,0,0,0,0,0,0,0,0,0,0,0,0,0,0,0,0,0,0,0,0,0,0,0,0,0,0,0,0,0,0,0,0,0,0,0,0,0,0,0,0,0,0,0,0,0,0,0,0,0,0,0,0,0,0,0,0,0,0,0,0,0,0,0,0,0,0,0,0,0,0,0,0,0,0,0,0,0,0,0,0,0,0,0,0,0,0,0,0,0,0,0,0,0,0,0,0,0,0,0,0,0,0,0,0,0,0,0,0,0,0,0,0,0,0,0,0,0,0,0,0,0,0,0,0,0,0,0,0,0,0,0,0,0,0,0,0,0,0,0,0,0,0,0
"CHL",0,0,0,0,0,2258295000,735000,0,0,0,0,0,0,0,15039220000,0,46490000,0,0,0,0,0,0,0,0,21320000,0,0,0,0,0,0,1948770000,0,0,0,805565000,18350000,0,0,0,1225000,0,2691490000,0,3487660000,0,139460000,0,0,0,0,1660000,0,0,0,0,0,0,1660000,0,0,0,0,0,0,115850000,0,0,5505000,203685000,0,0,0,0,0,0,0,0,0,0,0,0,0,0,7105000,0,0,0,0,0,29360000,0,0,0,0,0,0,0,0,0,0,0,0,0,0,0,0,0,3832955000,0,0,0,0,0,0,28220000,0,0,0,0,490000,22020000,0,0,0,3430000,61520000,0,0,3422400000,137012835000,0,0,0,0,0,0,0,0,0,0,0,0,0,0,0,0,0,0,0,0,0,0,0,0,735000,0,0,0,0,0,0,0,0,0,0,0,0,0,0,0,0,0,0,0,1470000,0,1956110000,0,0,0,46772800000,0,0,0,0,0,0,0,0,0,0,0,0
"CHN",0,0,0,0,0,0,303145000,0,0,1660000,1960000,0,0,0,0,0,0,0,0,0,0,0,15816710000,0,0,558355000,0,0,8329680000,0,735000,0,0,0,0,0,1960000,0,11760000,0,0,5880000,0,0,0,0,0,0,13230000,0,0,0,26460000,2142280000,3920000,0,0,0,0,80795000,0,8330000,0,13720000,0,0,0,4655000,6615000,0,0,43463605000,0,0,2450000,6127555000,1941200000,41705000,0,301350000,0,1431290000,3185000,130490000,0,103014690000,0,0,7105000,9207310000,6812770000,102918470000,0,9065000,10535000,0,0,490000,0,0,6299080000,0,0,7210380000,0,0,0,0,0,19355000,14022720000,0,0,0,0,8330000,594860000,0,0,0,0,16905000,0,0,0,17640000,0,1225000,490000,1960000,0,0,4080380000,1960000,31360000,0,0,0,0,0,2205000,0,58847650000,0,0,0,0,72357410000,0,0,0,23520000,0,2523300000,0,12495000,235935000,0,2561280000,0,26460000,58800000,0,379040000,94014260000,36800000,13920080000,0,17150000,0,0,0,0,63945000,0,0,2673195000,0,4548830000,0,0,9464960000,0,100776965000,0,0,0,490000,220500000,245000,0,0,0,0,0
"COL",0,0,0,0,0,0,980000,0,0,0,0,0,0,0,0,0,0,0,0,0,0,0,0,0,0,3920000,0,0,0,0,0,0,0,0,0,0,245000,0,0,0,0,0,0,3670000,0,12427850000,0,20185000,0,0,0,0,0,0,0,0,0,0,0,490000,0,0,0,0,0,0,0,0,0,0,10645000,0,0,0,0,0,0,0,0,0,0,490000,0,0,0,0,0,0,0,0,0,0,0,0,0,0,0,0,0,0,0,0,0,0,0,0,0,0,0,0,0,0,0,0,0,0,0,0,0,0,0,0,0,0,0,0,0,40615000,0,0,0,14315000,0,0,0,0,0,0,0,0,0,0,0,0,0,0,0,0,0,0,0,0,0,0,0,0,97020000,0,0,0,0,735000,0,0,0,0,0,0,0,0,0,0,0,0,0,0,5145000,0,349295000,0,0,0,0,0,0,0,0,0,0,0,0,0,0,0,0
"COM",0,0,0,0,0,0,0,0,0,0,0,0,0,0,0,0,0,0,0,0,0,0,0,0,0,0,0,0,0,0,0,0,0,0,0,0,0,0,0,0,0,0,0,0,0,0,0,0,0,0,0,0,0,0,0,0,0,0,0,0,0,0,0,0,0,0,0,0,0,0,0,0,0,0,0,0,0,0,0,0,0,0,0,0,0,0,0,0,0,0,0,0,0,0,0,0,0,0,0,0,0,0,0,0,0,0,0,0,0,0,0,0,0,0,0,0,0,0,0,0,0,0,0,0,0,0,0,0,0,0,0,0,0,0,0,0,0,0,0,0,0,0,0,0,0,0,0,0,0,0,0,0,0,0,0,0,0,0,0,0,0,0,0,0,0,0,0,0,0,0,0,0,0,0,0,0,0,0,0,0,0,0,0,0,0,0,0,0,0,0,0,0,0,0,0
"COG",0,0,0,0,0,0,0,0,0,0,0,0,0,0,0,0,0,0,0,0,0,0,0,0,0,0,0,0,0,0,0,0,0,0,0,0,0,0,0,0,0,0,0,0,0,0,0,0,0,0,0,0,0,0,0,0,0,0,0,0,0,0,0,0,0,0,0,0,0,0,0,0,0,0,0,0,0,0,0,0,0,0,0,0,0,0,0,0,0,0,0,0,0,0,0,0,0,0,0,0,0,0,0,0,0,0,0,0,0,0,0,0,0,0,0,0,0,0,0,0,0,0,0,0,0,0,0,0,0,0,0,0,0,0,0,0,0,0,0,0,0,0,0,0,0,0,0,0,0,0,0,0,0,0,0,0,0,0,0,0,0,0,0,0,0,0,0,0,0,0,0,0,0,0,0,0,0,0,0,0,0,0,0,0,0,0,0,0,0,0,0,0,0,0,0
"COK",0,0,0,0,0,0,0,0,0,0,0,0,0,0,0,0,0,0,0,0,0,0,0,0,0,0,0,0,0,0,0,0,0,0,0,0,0,0,0,0,0,0,0,0,0,0,0,0,0,0,0,0,0,0,0,0,0,0,0,0,0,0,0,0,0,0,0,0,0,0,0,0,0,0,0,0,0,0,0,0,0,0,0,0,0,0,0,0,0,0,0,0,0,0,0,0,0,0,0,0,0,0,0,0,0,0,0,0,0,0,0,0,0,0,0,0,0,0,0,0,0,0,0,0,0,0,0,0,0,0,0,0,0,0,0,0,0,0,0,0,0,0,0,0,0,0,0,0,0,0,0,0,0,0,0,0,0,0,0,0,0,0,0,0,0,0,0,0,0,0,0,0,0,0,0,0,0,0,0,0,0,0,0,0,0,0,0,0,0,0,0,0,0,0,0
"CRI",0,0,0,0,0,0,39935000,0,0,0,0,0,0,0,0,0,0,0,0,0,0,0,0,0,0,0,0,0,0,0,0,0,0,0,0,0,0,0,0,0,0,0,0,6985000,0,0,0,340060000,0,0,0,0,0,0,0,0,0,0,0,0,0,0,0,0,0,0,150185000,0,0,0,240345000,0,0,0,0,0,0,0,0,0,0,0,0,0,0,0,0,0,0,0,0,0,0,0,0,0,0,0,0,0,0,0,0,0,0,0,0,0,0,10405000,0,0,0,0,0,0,0,0,0,0,0,0,286405000,0,0,0,0,7585000,0,0,0,0,0,0,0,0,0,0,0,0,0,0,0,0,0,0,0,0,0,0,0,0,0,0,0,0,0,0,0,0,0,0,0,0,0,0,0,0,0,0,0,0,0,0,0,0,0,0,489020000,0,0,0,0,0,0,0,0,0,0,0,0,0,0,0,0
"CUB",0,0,0,0,0,0,0,0,0,0,0,0,0,0,0,0,0,0,0,0,0,0,0,0,0,0,0,0,0,0,0,0,0,0,0,0,0,0,0,0,0,0,0,0,0,0,0,0,0,0,0,0,0,0,0,0,0,0,0,0,0,0,0,0,0,0,0,0,0,0,0,0,0,0,0,0,0,0,0,0,0,0,0,0,0,0,0,0,0,0,0,0,0,0,0,0,0,0,0,0,0,0,0,0,0,0,0,0,0,0,0,0,0,0,0,0,0,0,0,0,0,0,0,0,0,0,0,0,0,0,0,0,0,0,0,0,0,0,0,0,0,0,0,0,0,0,0,0,0,0,0,0,0,0,0,0,0,0,0,0,0,0,0,0,0,0,0,0,0,0,0,0,0,0,0,0,0,0,0,0,0,0,0,0,0,0,0,0,0,0,0,0,0,0,0
"CYP",0,0,0,0,0,0,735000,0,0,0,0,0,0,0,0,0,0,0,0,0,0,0,0,0,0,0,0,0,0,0,0,0,0,0,0,0,0,0,0,0,0,490000,0,0,0,0,490000,0,0,0,0,0,980000,0,0,0,0,0,0,245000,0,0,0,337365000,0,0,0,0,0,0,0,0,0,0,0,0,0,0,0,0,0,0,0,0,0,2450000,490000,0,0,0,0,0,0,0,0,490000,0,0,0,0,0,0,0,0,0,0,0,0,0,0,0,0,0,0,0,0,0,0,0,0,0,0,0,0,0,0,0,0,0,0,0,0,0,0,0,0,0,0,0,0,0,0,0,0,0,0,0,0,0,0,0,0,0,0,0,0,0,0,0,0,1715000,490000,1470000,0,0,0,0,0,0,0,0,0,0,1960000,0,0,173460000,0,24010000,0,0,0,0,0,0,0,0,0,0,0,0,0,0,0,0
"AZE",0,0,0,0,0,0,0,0,0,0,0,0,0,0,0,0,0,0,0,0,0,0,0,0,0,0,0,0,0,0,0,0,0,0,0,0,0,0,0,0,0,0,0,0,0,0,0,0,0,0,0,0,0,0,0,0,1103720000,0,0,0,0,0,0,0,0,0,0,0,0,0,0,0,0,0,0,0,0,9.13e+08,0,0,0,0,0,0,0,0,0,0,0,0,0,0,0,0,0,0,0,0,0,0,0,0,0,0,0,0,0,0,0,0,0,0,0,0,0,0,0,0,0,0,0,0,0,0,0,0,0,0,0,0,0,0,0,0,0,0,0,0,0,0,0,0,4900000,0,0,0,0,0,0,0,0,0,0,0,0,0,0,0,0,0,0,0,0,0,0,0,0,0,0,0,0,0,0,0,0,0,0,0,0,0,0,0,0,0,0,0,0,0,0,0,0,0,0,0,0
"BEN",0,0,0,0,0,0,0,0,0,0,0,0,0,0,0,0,0,0,0,0,0,0,0,0,0,0,0,0,0,0,0,0,0,0,0,0,0,0,0,0,0,0,0,0,0,0,0,0,0,0,0,0,0,0,0,0,0,0,0,0,0,0,0,0,0,0,0,0,0,0,0,0,0,0,0,0,0,0,0,0,0,0,0,0,0,0,0,0,0,0,0,0,0,0,0,0,0,0,0,0,0,0,0,0,0,0,0,0,0,0,0,0,0,0,0,0,0,0,0,0,0,0,0,0,0,0,0,0,0,0,0,0,0,0,0,0,0,0,0,0,0,0,0,0,0,0,0,0,0,0,0,0,0,0,0,0,0,0,0,0,0,0,0,0,0,0,0,0,0,0,0,0,0,0,0,0,0,0,0,0,0,0,0,0,0,0,0,0,0,0,0,0,0,0,0
"DNK",0,0,0,0,0,1862080000,29360000,370180000,0,0,226320000,0,0,0,0,0,0,0,0,0,0,0,0,0,0,868180000,0,0,5951820000,0,0,0,26033780000,0,0,0,0,0,0,0,0,0,986240000,439760000,279680000,0,780160000,0,0,43426060000,1615080000,0,1.0624e+10,4041770000,0,0,0,0,0,1131171110000,0,0,0,31320000,0,0,1915440000,0,141680000,4680960000,0,0,0,0,9368980000,5094960000,0,399255000,0,522900000,1228300000,0,0,5654320000,0,29274400000,3670000,0,0,0,0,3670000,0,27437500000,0,0,0,4373680000,0,44062200000,0,0,9956240000,7768450000,0,0,0,0,390080000,0,0,0,0,0,7934080000,1512480000,126394020000,0,0,0,0,0,0,0,8863280000,34445205000,0,2765520000,0,0,97520000,0,0,78273600000,0,0,0,0,0,0,1660000,0,199825980000,0,0,0,0,1.73e+08,0,0,0,0,0,0,0,0,44086280000,0,0,0,79879105000,0,0,0,813100000,4710400000,14795440000,0,0,16561840000,0,23455800000,3.881e+10,301020000,0,0,56912160000,33200000,5183175000,0,0,0,75552240000,27149200000,0,0,0,0,70044280000,0,6815000,0,0,0,0
"DMA",0,0,0,0,0,0,0,0,0,0,0,0,0,0,0,0,0,0,0,0,0,0,0,0,0,0,0,0,0,0,0,0,0,0,0,0,0,0,0,0,0,0,0,0,0,0,0,0,0,0,0,0,0,9800000,0,0,0,0,0,0,0,0,0,0,0,0,0,0,0,0,0,0,0,0,0,0,0,0,0,0,0,0,0,0,0,0,0,0,0,0,0,0,0,0,0,0,0,0,0,0,0,0,0,0,0,0,0,0,0,0,0,0,0,0,0,0,0,0,0,0,0,0,0,0,0,0,0,0,0,0,0,0,0,0,0,0,0,0,0,0,0,0,0,490000,8330000,0,0,0,0,0,0,0,0,0,0,0,0,0,0,0,0,0,0,0,0,0,0,0,0,0,0,0,0,0,0,0,0,0,0,0,0,0,0,0,0,0,0,0,0,0,0,0,0,0,0
"DOM",0,0,0,0,0,0,0,0,0,0,0,0,0,0,0,0,0,0,0,0,0,0,0,0,0,0,0,0,0,0,0,0,0,0,0,0,0,0,0,0,0,0,0,0,0,0,0,0,0,0,0,0,0,0,0,0,0,0,0,0,0,0,0,0,0,0,0,0,0,0,0,0,0,0,0,0,0,0,0,0,0,0,0,0,0,0,0,0,0,0,0,0,0,0,0,0,0,0,0,0,0,0,0,0,0,0,0,0,0,0,0,0,0,0,0,0,0,0,0,0,0,0,0,0,0,0,0,0,0,0,0,0,0,0,0,0,0,0,0,0,0,0,0,0,0,0,0,0,0,0,0,0,0,0,0,0,0,0,0,0,0,0,0,0,0,0,0,0,0,0,0,0,0,0,0,0,0,0,0,0,0,0,0,0,0,0,0,0,0,0,0,0,0,0,0
"BLR",40370000,0,0,0,0,0,245000,0,0,0,0,0,0,0,0,0,0,0,0,0,0,0,0,0,0,38550000,0,0,0,0,0,0,0,0,0,0,0,0,0,1191645000,0,0,0,0,0,0,0,0,0,7340000,0,0,0,0,0,0,9201840000,0,0,1470000,0,0,0,0,0,0,0,0,0,0,0,0,0,0,0,0,0,0,0,0,0,0,0,2446280000,0,0,0,8.28e+08,0,0,0,0,0,29645000,0,0,0,0,0,18350000,0,0,0,0,0,0,0,0,0,0,0,0,0,451630000,0,0,0,0,0,0,0,0,0,0,0,0,0,0,0,0,0,0,0,1715000,0,0,0,0,0,0,0,0,78961100000,0,0,0,0,0,0,0,0,0,0,0,0,0,0,0,1306400000,0,0,0,0,93840000,0,0,0,0,0,0,0,0,0,0,0,0,0,14191540000,5390000,0,0,16099750000,0,0,0,0,0,0,0,0,0,0,0,0,0
"ECU",0,0,0,0,0,0,0,0,0,0,0,0,0,0,0,0,0,0,0,0,0,0,0,0,0,0,0,0,0,0,0,0,3985660000,0,0,0,0,0,0,0,0,0,0,0,0,0,0,0,0,0,0,0,0,0,0,0,0,0,0,0,0,0,0,0,0,0,0,0,0,0,245000,0,0,0,0,0,0,0,0,0,0,273910000,0,0,0,0,0,0,0,0,0,0,0,0,0,0,0,0,0,0,0,0,0,0,0,0,0,0,0,0,0,0,0,0,0,0,7360000,0,0,0,0,0,0,0,0,0,0,0,0,0,0,0,0,0,0,0,0,0,0,0,0,0,0,0,0,0,0,0,0,0,0,0,0,0,0,0,227035000,0,0,0,0,0,0,0,0,0,0,0,0,0,0,0,0,0,0,0,0,0,202640000,0,0,0,0,0,0,0,0,0,0,0,0,0,0,0,0
"EGY",0,0,0,0,0,0,0,0,0,0,0,0,0,0,0,0,0,0,0,0,0,0,0,0,0,0,0,0,0,0,0,735000,0,0,0,0,0,0,0,0,0,0,0,0,0,0,0,0,0,0,0,0,0,0,0,0,0,0,0,0,0,0,0,0,0,0,0,0,0,0,0,0,0,0,0,0,0,0,44820000,0,0,2205000,0,0,0,0,32830000,0,0,0,0,0,0,0,0,0,0,1616840000,144980000,0,0,0,0,0,0,0,0,0,0,0,0,0,0,0,0,0,0,0,0,0,0,0,0,0,0,0,0,0,0,0,0,0,0,0,0,0,0,0,0,0,0,0,0,0,0,0,0,74700000,0,0,0,0,0,0,0,0,0,0,0,0,0,0,0,0,0,1960000,0,0,0,0,0,0,0,0,0,0,0,0,4655000,0,0,0,0,0,0,0,0,0,0,0,0,0,0,0,0
"SLV",0,0,0,0,0,0,830305000,0,0,0,0,0,0,0,0,0,0,0,0,0,0,0,0,0,0,38465000,0,0,0,0,0,0,0,0,0,0,0,0,0,0,0,0,0,0,0,0,0,0,0,0,0,0,0,0,0,0,0,0,0,0,0,0,0,0,0,0,0,0,0,0,2939130000,0,0,0,0,0,0,0,0,0,0,0,0,0,0,13720000,0,0,0,0,0,0,0,0,0,0,0,0,0,0,0,0,0,0,0,0,0,0,0,0,0,0,0,0,0,0,0,0,0,0,0,100695000,0,0,0,0,0,0,0,0,0,0,0,0,0,0,0,0,0,0,0,0,0,0,0,0,0,0,0,0,0,0,0,0,0,0,0,0,0,0,0,0,0,0,0,0,0,0,0,0,0,0,0,4900000,0,0,0,0,3749970000,0,0,0,0,0,0,0,0,0,0,0,0,0,0,0,0
"GNQ",0,0,0,0,0,0,0,0,0,0,0,0,0,0,0,0,0,0,0,0,0,0,0,0,0,0,0,0,0,0,0,0,0,0,0,0,0,0,0,0,0,0,0,0,0,0,0,0,0,0,0,0,0,0,0,0,0,0,0,0,0,0,0,0,0,0,0,0,0,0,0,0,0,0,0,0,0,0,0,0,0,0,0,0,0,0,0,0,0,0,0,0,0,0,0,0,0,0,0,0,0,0,0,0,0,0,0,0,0,0,0,0,0,0,0,0,0,0,0,0,0,0,0,0,0,0,0,0,0,0,0,0,0,0,0,0,0,0,0,0,0,0,0,0,0,0,0,0,0,0,0,0,0,0,0,0,0,0,0,0,0,0,0,0,0,0,0,0,0,0,0,0,0,0,0,0,0,0,0,0,0,0,0,0,0,0,0,0,0,0,0,0,0,0,0
"EST",202400000,0,0,0,0,0,0,0,0,0,0,0,0,0,0,0,0,0,0,0,0,0,0,0,0,17150000,0,0,0,0,0,0,0,0,0,0,0,0,0,1214400000,0,14929915000,0,0,99600000,0,0,0,0,0,0,0,2031910000,0,0,0,0,0,0,54166565000,0,3675000,0,0,0,0,0,8820000,0,0,0,0,0,0,2450000,0,0,0,0,3675000,0,18620000,0,802240000,0,0,0,0,0,0,0,0,0,7806050000,0,0,0,0,0,4024745000,0,0,0,0,0,0,980000,0,0,0,0,0,0,0,0,0,46318980000,0,0,0,0,0,0,0,0,0,0,0,0,0,0,0,0,0,0,0,0,0,0,0,0,0,785920000,0,0,0,0,246363920000,0,0,0,0,0,0,0,0,245000,0,101200000,0,20825000,0,0,101200000,0,0,0,0,0,0,0,0,0,0,0,0,33810000,0,10290000,0,0,303600000,0,0,0,0,0,0,3185000,0,0,0,0,0,0
"FRO",0,0,0,0,0,0,0,0,0,0,0,0,0,0,0,0,0,0,0,0,0,0,0,0,0,0,0,0,0,0,0,0,0,0,0,0,0,0,0,0,0,0,0,0,0,0,0,0,0,0,0,0,0,0,0,0,0,0,0,0,0,0,0,0,0,0,0,0,0,0,0,0,0,0,0,0,0,0,0,0,0,0,0,0,0,0,0,0,0,0,0,0,0,0,0,0,0,0,0,0,0,0,0,0,0,0,0,0,0,0,0,0,0,0,0,0,0,0,0,0,0,0,0,0,0,0,0,0,0,0,0,0,0,0,0,0,0,0,0,0,0,0,0,0,0,0,0,0,0,0,0,0,0,0,0,0,0,0,0,0,0,0,0,0,0,0,0,0,0,0,0,0,0,0,0,0,0,0,0,0,0,0,0,0,0,0,0,0,0,0,0,0,0,0,0
"FJI",0,0,0,0,0,0,9065000,0,0,0,0,0,0,0,0,0,0,0,0,0,0,0,0,0,0,0,0,0,0,0,0,0,0,0,0,0,0,0,0,0,0,0,0,0,0,0,0,0,0,0,0,0,0,0,0,0,0,0,0,0,0,0,0,0,0,0,0,0,0,0,0,0,0,0,0,0,0,0,0,0,0,0,0,0,0,490000,0,0,0,0,0,0,0,0,0,0,0,0,0,0,0,0,0,0,0,0,0,0,0,0,0,0,0,0,0,0,0,0,0,0,490000,4165000,0,0,0,0,0,0,0,0,0,0,0,0,0,0,0,0,0,0,0,0,0,0,0,0,0,0,0,0,0,0,0,0,0,0,0,0,0,0,0,0,0,0,0,0,0,0,28665000,0,0,0,0,0,0,980000,0,0,2695000,0,0,0,0,0,0,0,0,0,0,0,0,0,0,0,0
"FIN",0,0,0,0,0,0,0,5880000,0,0,0,0,0,0,0,0,0,0,0,0,0,0,0,0,0,17005000,0,0,0,0,0,0,0,0,0,0,7.36e+08,0,15863320000,0,0,52428855000,0,0,3.68e+08,0,0,0,0,37182250000,0,0,0,6072685000,0,0,0,0,0,104893020000,23765000,0,0,11770000,0,0,0,0,0,0,0,0,0,1225000,179240000,0,0,0,0,0,0,4410000,0,34590160000,0,2423795000,0,0,0,0,0,36700000,0,539950000,0,490000,0,0,0,35700935000,0,0,0,803580000,0,0,0,0,0,0,0,15939320000,0,13720000,0,0,6668555000,0,0,0,0,0,0,0,0,92528845000,0,189005000,4160000,0,0,0,0,4342485000,0,0,0,0,0,0,0,0,445091665000,0,0,0,136160000,173124820000,0,0,0,97255000,113770000,0,0,0,23030000,0,0,0,74208935000,49470000,0,0,2046420000,0,0,0,0,0,33083800000,77880560000,0,0,0,0,51509210000,281155000,3986970000,0,0,9175000,0,408480000,0,0,0,0,5426345000,490000,0,0,0,0,0
"FRA",1225000,5145000,226925000,135378160000,35325000,33200000,317035000,1259385000,4782160000,9310000,0,22020000,0,31280000,0,0,1435311250000,0,0,0,0,260435000,6465760000,0,41963125000,6355080000,0,830695000,4636800000,1311525000,0,39789380000,73920000,245000,3616445000,0,3140880000,3.68e+09,348605705000,0,4261260000,19349265000,0,3032320000,242360000,0,0,0,646085000,26460000,0,245000,197470000,0,5683740000,286405000,0,17792120000,0,2904687395000,0,6250480000,0,215520900000,0,0,0,20580000,2620230000,5960095000,0,1018050000,32822950000,165115000,39935000,299910000,4483565000,89638515000,0,63832015000,12495000,1502576895000,10204895000,0,0,266423195000,170323780000,0,735000,6076415000,0,64435000,3.652e+10,15190000,13058480000,0,0,857685000,20034540000,4511135000,0,4242860000,0,12046600000,0,190125000,99962750000,30135000,11025000,0,0,531135570000,9948880000,0,8118080000,0,3249620915000,0,4011790000,6370000,0,908265000,3.036e+09,53185000,23063330000,94475000,0,14028160000,66118050000,0,0,780160000,980720000,100779040000,401021005000,490000,0,5705840000,0,0,10903190000,0,110298720000,0,5223760000,0,0,1116637670000,1638660000,0,0,16634780000,18707800000,12320075000,0,28884225000,1095484575000,4193360000,245000,0,42025475000,235648195000,735000,0,1470000,11352800000,120370960000,1963080000,0,1715000,0,261896820000,132242560000,419100000,6421600000,0,91750040000,78775000,4279350000,6325025000,9190000,0,160081840000,81504455000,8465840000,0,1291555000,0,5270653075000,52047195000,18136145000,0,0,0,62560000
"PYF",0,0,0,0,0,0,0,0,0,0,0,0,0,0,0,0,0,0,0,0,0,0,0,0,0,0,0,0,0,0,0,0,0,0,0,0,0,0,0,0,0,0,0,0,0,0,0,0,0,0,0,0,0,69335000,0,0,0,0,0,0,0,0,0,0,0,0,0,0,0,0,0,0,0,0,0,0,0,0,0,0,0,0,0,0,0,37240000,0,0,0,0,0,0,0,0,0,0,0,0,0,0,0,0,0,0,0,0,0,0,0,0,0,0,0,0,0,0,0,0,0,0,0,0,0,0,0,0,0,0,0,0,0,0,0,0,0,0,0,0,0,0,0,0,0,0,0,0,0,0,0,0,0,0,0,0,0,0,0,0,0,0,0,0,0,0,0,0,0,0,0,0,0,0,0,0,0,0,0,0,184485000,0,0,0,0,0,0,0,0,0,0,0,0,0,0,0,0
"DJI",0,0,0,0,0,0,0,0,0,0,0,0,0,0,0,0,0,0,0,0,0,0,0,0,0,0,0,0,0,0,0,0,0,0,0,0,0,0,0,0,0,0,0,0,0,0,0,0,0,0,0,0,0,0,0,0,0,0,0,0,0,0,0,0,0,0,0,0,0,0,0,0,0,0,0,0,0,0,0,0,0,0,0,0,0,0,0,0,0,0,0,0,0,0,0,0,0,0,0,0,0,0,0,0,0,0,0,0,0,0,0,0,0,0,0,0,0,0,0,0,0,0,0,0,0,0,0,0,0,0,0,0,0,0,0,0,0,0,0,0,0,0,0,0,0,0,0,0,0,0,0,0,0,0,0,0,0,0,0,0,0,0,0,0,0,0,0,0,0,0,0,0,0,0,0,0,0,0,0,0,0,0,0,0,0,0,0,0,0,0,0,0,0,0,0
"GEO",8816565000,0,0,0,0,0,0,0,0,0,0,0,0,0,0,0,0,0,0,0,0,0,0,0,0,0,0,0,0,0,0,0,0,0,0,0,0,0,0,34055000,0,0,0,0,0,0,0,0,0,0,0,0,0,0,0,0,0,0,0,0,0,0,0,15680000,0,0,0,0,0,0,0,0,0,0,0,0,0,0,0,0,2695000,0,0,0,0,0,0,0,0,0,0,0,0,0,0,0,0,245000,0,0,0,0,0,0,0,0,0,0,0,0,0,0,0,0,0,0,0,0,0,0,0,0,0,0,0,0,0,0,0,0,0,0,0,0,0,0,0,0,0,0,0,0,0,0,0,0,0,0,0,0,0,0,0,0,0,0,0,0,0,0,0,0,0,0,0,0,0,0,0,0,0,0,0,0,0,0,0,0,0,0,0,0,0,0,0,0,0,0,0,0,0,0,0,0,0
"GAB",0,0,0,0,0,0,0,0,0,0,0,0,0,0,0,0,0,0,0,0,0,0,0,0,0,0,0,0,0,0,0,0,0,0,62965000,0,0,0,0,0,0,0,0,0,0,0,0,0,0,0,0,0,0,0,0,0,0,0,0,0,0,0,0,0,0,0,0,0,0,0,0,0,0,0,0,0,0,0,0,0,0,0,0,0,0,0,0,0,0,0,0,0,0,0,0,0,0,0,0,0,0,0,0,0,0,0,0,0,0,0,0,0,0,0,0,0,0,0,0,0,0,0,0,0,0,0,0,0,0,0,0,0,0,0,0,0,0,0,0,0,0,0,0,0,0,0,52430000,0,0,0,0,0,0,0,0,0,0,0,0,0,0,0,0,0,0,0,0,0,0,0,0,0,0,0,0,0,0,0,0,0,0,0,0,0,0,0,0,0,0,0,0,0,0,0,0
"GMB",0,0,0,0,0,0,0,0,0,0,0,0,0,0,0,0,0,0,0,0,0,0,0,0,0,0,0,0,0,0,0,0,0,0,0,0,0,0,0,0,0,0,0,0,0,0,0,0,0,0,0,0,0,0,0,0,0,0,0,0,0,0,0,0,0,0,0,0,0,0,0,0,0,0,0,0,0,0,0,0,0,0,0,0,0,0,0,0,0,0,0,0,0,0,0,0,0,0,0,0,0,0,0,0,0,0,0,0,0,0,0,0,0,0,0,0,0,0,0,0,0,0,0,0,0,0,0,0,0,0,0,0,0,0,0,0,0,0,0,0,0,0,0,0,0,0,0,0,0,0,0,0,0,0,0,0,0,0,0,0,0,0,0,0,0,0,0,0,0,0,0,0,0,0,0,0,0,0,0,0,0,0,0,0,0,0,0,0,0,0,0,0,0,0,0
"DEU",520640000,795025000,734450000,8710470000,754400000,304815000,3892105000,185607910000,698195000,574400000,8330000,17495000,0,0,65210000,1852880000,20946585000,0,0,2800480000,0,1007640000,0,4655000,8322405000,18782085000,289980000,0,18375000,678525000,4.35e+08,2810225000,31982735000,0,95305000,0,406120000,9112740000,1556190000,267080000,891800000,189589820000,53360000,182700000,751650000,12375000,2151640000,136210000,1526150000,4300275000,14715000,735000,12842870000,191621455000,1960000,10045000,20230580000,40915000,1291265000,0,154695000,2196130000,0,23116135000,0,245000,568290000,360150000,980000,0,5653775000,718920000,19941995000,1111150000,25750860000,2806485000,37955000,888185000,2.51e+08,98631325000,2989520000,742687595000,795270000,20652530000,490000,132521520000,1001976900000,3920000,6102220000,955770000,14455000,3086520000,41665310000,1122135000,0,880135000,33120000,951690000,9441630000,3486665000,0,1835000,0,4267450000,36995000,19845000,597920000,245000,263130000,287375000,708255000,55801980000,1485595000,176820000,40086225000,1493220000,2189468545000,0,2205000,64315000,0,2211795000,796395000,12005000,3737745000,54556620000,735000,420980000,25282015000,362480000,6860000,110135000,43125000,161546400000,76371465000,38710000,0,0,25970000,0,14077880000,2695000,100191525000,4655000,0,0,3185000,2460024295000,8820000,5635000,703640000,33135125000,1119485000,2790645000,735000,20519325000,541738160000,99360000,399280000,3315680000,27121660000,235664160000,51955000,46730000,957370000,16689655000,84508215000,713145000,0,411875000,730350000,434234270000,3624830000,128357905000,5194225000,0,76209855000,7504865000,112256725000,851865000,66590000,1530555000,64378620000,11784790000,1280640000,1960000,736480000,486005000,160731365000,12888865000,4450050000,52615000,0,0,0
"BIH",0,0,0,0,0,0,7350000,3920000,0,0,0,0,0,0,0,0,0,0,0,0,0,0,0,0,0,0,0,0,0,0,0,0,0,0,0,0,0,0,0,0,0,0,0,0,0,0,0,0,0,0,0,0,0,0,0,0,0,0,0,0,0,0,0,0,0,0,0,0,0,0,0,0,0,2204835000,0,0,0,0,0,0,0,0,0,0,0,0,0,0,0,0,0,0,0,0,0,0,0,0,0,0,0,0,0,0,0,0,0,0,0,0,0,0,0,0,0,0,5390000,0,0,4410000,0,0,0,0,0,0,0,0,0,0,0,0,0,0,0,0,0,0,0,0,0,0,0,0,0,0,0,0,0,0,0,25235000,0,0,0,0,0,0,0,0,0,1225000,0,0,0,0,0,0,0,0,0,0,0,0,0,0,1470000,0,10290000,0,0,0,0,0,0,0,0,0,0,0,30625000,5515000,0,0,0
"GHA",0,0,0,0,0,0,0,0,0,0,0,0,0,0,0,0,0,0,0,0,0,0,0,0,0,0,0,0,0,0,0,0,0,0,0,0,0,0,0,0,0,0,0,0,0,0,0,0,0,0,0,0,0,0,0,0,0,0,0,17885000,0,0,0,0,0,0,0,0,0,0,0,0,0,0,0,0,0,0,0,0,0,980000,0,0,0,0,0,0,0,0,0,0,0,0,0,0,0,0,0,0,0,0,0,0,0,0,0,0,0,0,0,2133460000,0,0,0,0,2695000,0,0,0,0,0,0,0,0,0,0,0,0,0,0,0,0,0,0,0,0,0,0,0,0,0,0,0,0,0,0,0,0,0,0,0,0,0,0,113340000,245000,0,0,0,0,245000,0,0,0,0,0,0,0,0,0,0,0,0,0,0,21805000,0,33810000,0,0,0,0,0,0,0,0,0,8575000,0,0,0,0,0,0
"KIR",0,0,0,0,0,0,0,0,0,0,0,0,0,0,0,0,0,0,0,0,0,0,0,0,0,0,0,0,0,0,0,0,0,0,0,0,0,0,0,0,0,0,0,0,0,0,0,0,0,0,0,0,0,0,0,0,0,0,0,0,0,0,0,0,0,0,0,0,0,0,0,0,0,0,0,0,0,0,0,0,0,0,0,0,0,0,0,0,0,0,0,0,0,0,0,0,0,0,0,0,0,0,0,0,0,0,0,0,0,0,0,0,0,0,0,0,0,0,0,0,0,0,0,0,0,0,0,0,0,0,0,0,0,0,0,0,0,0,0,0,0,0,0,0,0,0,0,0,0,0,0,0,0,0,0,0,0,0,0,0,0,0,0,0,0,0,0,0,0,0,0,0,0,0,0,0,0,0,0,0,0,0,0,0,0,0,0,0,0,0,0,0,0,0,0
"GRC",0,0,6146100000,0,2695000,0,198695000,14945000,245000,0,0,0,0,0,0,0,490000,0,0,0,0,1202855000,0,0,0,51940000,0,0,0,0,0,0,0,0,0,0,0,0,1514730000,0,0,7840000,0,0,0,0,0,0,0,0,0,0,2695000,2692995000,0,0,2940000,0,0,99225000,0,0,0,0,0,0,0,0,0,0,0,0,0,0,0,0,0,0,0,0,1724310000,5341560000,4410000,0,0,3920000,0,0,0,0,0,0,0,0,0,0,0,0,0,0,0,0,0,0,0,0,8820000,0,0,0,0,0,0,0,0,0,155575000,0,0,911280000,0,0,0,0,0,245000,0,12495000,4655000,0,0,0,0,6365000,0,0,0,0,0,0,60280000,0,0,0,0,0,0,0,0,0,4410000,0,0,54635000,0,490000,17150000,0,0,0,55860000,5635000,0,0,0,0,0,0,0,0,0,0,1715000,0,0,0,79625000,0,262395000,0,0,0,0,27195000,0,0,4655000,0,12985000,1225000,488285000,0,0,0,0
"GRL",0,0,0,0,0,0,0,0,0,0,0,0,0,0,0,0,0,0,0,0,0,0,0,0,0,0,0,0,0,0,0,0,0,0,0,0,0,0,0,0,0,0,0,0,0,0,0,0,0,0,0,0,0,0,0,0,0,0,0,0,0,0,0,0,0,0,0,0,0,0,0,0,0,0,0,0,0,0,0,0,0,0,0,0,0,0,0,0,0,0,0,0,0,0,0,0,0,0,0,0,0,0,0,0,0,0,0,0,0,0,0,0,0,0,0,0,0,0,0,0,0,0,0,0,0,0,0,0,0,0,0,0,0,0,0,0,0,0,0,0,0,0,0,0,0,0,0,0,0,0,0,0,0,0,0,0,0,0,0,0,0,0,0,0,0,0,0,0,0,0,0,0,0,0,0,0,0,0,0,0,0,0,0,0,0,0,0,0,0,0,0,0,0,0,0
"GRD",0,0,0,0,0,0,0,0,0,0,0,0,0,0,0,0,0,0,0,0,0,0,0,0,0,0,0,0,0,0,0,0,0,0,0,0,0,0,0,0,0,0,0,0,0,0,0,0,0,0,0,0,0,0,0,0,0,0,0,0,0,0,0,0,0,0,0,0,0,0,0,0,0,0,0,0,0,0,0,0,0,0,0,0,0,0,0,0,0,0,0,0,0,0,0,0,0,0,0,0,0,0,0,0,0,0,0,0,0,0,0,0,0,0,0,0,0,0,0,0,0,0,0,0,0,0,0,0,0,0,0,0,0,0,0,0,0,0,0,0,0,0,0,0,0,0,0,0,0,0,0,0,0,0,0,0,0,0,0,0,0,0,0,0,0,0,0,0,0,147200000,0,0,0,0,0,0,0,0,0,0,0,0,0,0,0,0,0,0,0,0,0,0,0,0,0
"GTM",0,0,0,0,0,0,0,0,0,0,0,0,0,0,0,0,0,0,321440000,0,0,0,0,0,0,3430000,0,0,0,0,0,0,0,0,0,0,0,245000,0,0,0,0,0,0,0,0,0,1925285000,0,0,0,0,0,0,0,0,0,0,0,0,0,0,0,0,0,0,0,0,0,6615000,16660000,0,0,0,0,0,0,0,0,0,0,15190000,0,0,0,0,0,0,0,0,0,0,0,0,0,0,0,0,0,0,0,0,0,0,0,0,0,0,0,4934300000,0,0,0,0,0,0,0,0,0,0,0,0,1690255000,0,0,0,0,0,0,0,0,0,0,0,0,0,0,0,0,0,0,0,0,0,0,0,0,0,0,0,0,0,0,0,0,0,16660000,0,0,0,0,0,0,0,0,0,0,0,0,0,0,0,0,0,0,0,0,0,1347390000,0,0,0,0,0,0,0,0,0,0,0,0,0,0,0,0
"GIN",0,0,0,0,0,0,0,0,0,0,0,0,0,0,0,0,0,0,0,0,0,0,0,0,0,0,0,0,0,0,0,0,0,0,0,0,0,0,0,0,0,0,0,0,0,0,0,0,0,0,0,0,0,0,0,0,0,0,0,0,0,0,0,0,0,0,0,0,0,0,0,0,0,0,0,0,0,0,0,0,0,0,0,0,0,0,0,0,0,0,0,0,0,0,0,0,0,0,0,0,0,0,0,0,0,0,0,0,0,0,0,0,0,0,0,0,0,0,0,0,0,0,0,0,0,0,0,0,0,0,0,0,0,0,0,0,0,0,0,0,0,0,0,0,0,0,0,0,0,0,0,0,0,0,0,0,0,0,0,0,0,0,0,0,0,0,0,0,0,0,0,0,0,0,0,0,0,0,0,0,0,0,0,0,0,0,0,0,0,0,0,0,0,0,0
"GUY",0,0,0,0,17640000,0,0,0,0,0,0,0,0,0,0,0,0,0,0,0,0,0,0,0,0,0,0,0,0,0,0,0,0,0,0,0,0,0,0,0,0,0,0,245000,0,0,0,0,0,0,0,0,0,0,0,0,0,0,0,0,0,0,0,0,0,1715000,0,0,0,0,0,0,0,0,0,0,0,0,0,0,0,0,0,0,0,0,0,0,0,0,0,0,0,0,0,0,0,0,0,0,0,0,0,0,0,0,0,0,0,0,0,0,0,0,0,0,0,0,0,0,0,0,0,0,0,0,0,0,0,0,0,0,0,0,0,0,0,0,0,0,0,0,0,7185000,58515000,0,0,0,0,0,0,0,0,0,0,0,0,5145000,0,0,0,0,0,0,0,0,0,0,0,20035000,0,0,0,0,0,0,3185000,0,0,0,0,0,338560000,0,0,0,0,0,0,0,0,0,0,0,0
"HTI",0,0,0,0,0,0,0,0,0,0,0,0,0,0,0,0,0,0,0,0,0,0,0,0,0,0,0,0,0,0,0,0,0,0,0,0,0,0,0,0,0,0,0,0,0,0,0,0,0,0,0,0,0,0,0,0,0,0,0,0,0,0,0,0,0,0,0,0,0,0,0,0,0,0,0,0,0,0,0,0,0,0,0,0,0,0,0,0,0,0,0,0,0,0,0,0,0,0,0,0,0,0,0,0,0,0,0,0,0,0,0,0,0,0,0,0,0,0,0,0,0,0,0,0,0,0,0,0,0,0,0,0,0,0,0,0,0,0,0,0,0,0,0,0,0,0,0,0,0,0,0,0,0,0,0,0,0,0,0,0,0,0,0,0,0,0,0,0,0,0,0,0,0,0,0,0,0,0,0,0,0,0,0,0,0,0,0,0,0,0,0,0,0,0,0
"HND",0,0,0,0,0,0,0,0,0,0,0,0,0,0,0,0,0,0,0,0,0,0,0,0,0,0,0,0,0,0,0,0,0,0,0,0,0,0,0,0,0,0,0,0,0,0,0,3687535000,0,0,0,0,0,0,0,0,0,0,0,0,0,0,0,0,0,0,0,0,0,0,0,0,0,0,0,0,0,0,0,0,0,0,0,0,0,0,0,0,0,0,0,0,0,0,0,0,0,0,0,0,0,0,0,0,0,0,0,0,0,0,0,0,0,0,0,0,0,0,0,0,0,0,0,0,0,0,0,0,0,0,0,0,0,0,0,0,0,0,0,0,0,0,0,0,0,0,0,0,0,0,0,0,0,0,0,0,0,0,0,0,0,0,0,0,0,0,0,0,0,0,0,0,0,0,0,0,0,0,490000,0,0,0,0,0,0,0,0,0,0,0,0,0,0,0,0
"HKG",0,0,0,0,0,0,245000,0,0,1225000,0,0,0,0,0,0,0,0,0,0,0,0,0,0,0,0,0,0,0,0,0,769160000,0,0,0,0,0,0,0,0,0,0,0,0,0,0,0,0,0,0,0,0,4410000,4165000,0,0,0,0,0,6125000,0,0,0,0,0,0,0,0,0,0,0,0,0,0,0,0,7105000,0,0,0,0,245000,0,0,0,1060360000,0,0,0,5145000,5145000,24010000,0,0,0,0,0,0,0,0,1433585000,0,0,245000,0,0,0,0,0,0,0,0,0,0,0,0,245000,0,0,0,0,0,0,0,0,0,0,0,0,0,0,0,18620000,0,0,0,0,0,0,0,0,0,0,0,0,0,0,0,0,0,0,0,0,9010000,0,1715000,0,0,0,0,0,0,0,0,482515000,0,1948340000,0,4410000,0,0,0,0,2622235000,0,0,13720000,0,22895000,0,0,0,0,107065000,0,0,0,0,0,0,0,0,0,0,0
"HUN",956840000,0,41430000,0,0,0,10780000,152750860000,0,0,0,0,0,0,0,0,490000,0,0,0,41500000,1729845000,0,0,0,980000,0,0,0,0,0,0,0,0,0,0,0,0,0,3093040000,0,0,0,0,0,0,0,0,0,0,0,0,0,252320000,0,0,3394800000,0,0,8625470000,61727100000,0,0,30479260000,0,0,0,0,0,0,0,0,0,111932505000,0,0,0,0,0,0,245000,203895595000,0,312620000,0,32015000,0,36800000,0,0,0,0,0,0,0,0,0,0,0,0,0,0,0,0,0,0,0,0,0,0,0,0,82800000,55200000,0,0,3580620000,0,0,1.84e+08,0,0,0,0,0,0,0,0,29394735000,0,0,0,0,6266640000,0,0,0,0,0,0,250562710000,0,669265000,0,0,0,0,154768440000,0,0,0,106175260000,32885805000,0,0,0,0,0,0,0,2.822e+09,7016820000,0,20240000,0,0,1470000,0,0,0,0,63886760000,29440000,0,0,0,1573200000,60720000,1470000,0,0,1.66e+08,0,0,0,0,0,0,2205000,0,21965405000,8085000,0,0,0
"HRV",0,0,12234435000,0,0,0,16905000,20830000,490000,0,0,0,0,0,0,0,0,0,0,0,0,3188425000,0,0,0,7470000,0,0,0,0,0,0,0,0,0,0,0,0,735000,0,0,245000,0,0,0,0,0,0,0,0,0,0,0,0,0,0,0,0,0,68595000,52786015000,0,0,0,0,0,0,0,0,0,0,0,7312325000,0,0,0,0,0,0,0,0,2570000,0,0,0,0,0,0,0,0,0,0,0,0,0,0,0,1960000,0,0,0,0,7350000,0,0,0,1225000,0,0,0,0,0,0,0,0,0,0,0,0,1647105000,0,0,0,0,0,245000,0,490000,2695000,0,0,0,0,245000,0,0,0,0,0,0,2490100000,0,0,0,0,245000,0,0,0,0,0,11737180000,0,0,0,0,0,0,0,0,170520000,44345000,0,0,0,0,0,0,0,0,0,0,24900000,0,0,0,37730000,0,44040000,0,0,0,0,0,0,0,0,0,0,0,32339230000,204925000,0,0,0
"ISL",0,0,0,0,0,0,0,0,0,0,0,0,0,0,0,0,0,0,0,0,0,0,0,0,0,0,0,0,0,0,0,0,0,0,0,0,0,0,0,0,0,245000,0,0,0,0,0,0,0,0,6860000,0,0,0,0,0,0,0,0,0,0,0,0,0,0,0,0,0,0,0,0,0,0,0,0,0,0,0,0,0,0,0,0,0,0,0,0,0,0,0,0,0,0,0,0,0,0,0,0,0,0,0,0,0,0,0,0,0,0,0,0,0,0,0,0,0,0,0,0,0,0,0,0,0,0,0,0,0,0,0,0,0,0,0,0,0,0,0,0,0,0,0,0,0,0,0,0,0,0,0,0,0,0,0,0,0,0,0,0,0,980000,0,0,0,0,0,0,0,0,0,0,0,0,0,0,0,245000,0,2695000,0,0,0,0,0,0,0,0,0,0,490000,0,0,0,0,0
"IND",0,0,0,0,0,0,183030000,0,0,325040000,0,270710000,0,2850055000,0,37485000,0,0,0,0,0,0,0,0,0,95670000,0,0,21580000,0,0,24255000,0,0,735000,0,0,0,0,0,0,0,0,0,0,0,0,0,0,0,0,0,0,52745000,0,0,0,0,0,735000,0,7840000,0,0,0,0,0,0,0,0,0,22540000,0,0,0,0,0,0,0,0,0,2450000,0,0,0,176400000,0,0,0,0,0,6125000,4377020000,0,0,0,0,0,0,0,3920000,0,0,1249365000,0,0,0,0,4415000,0,0,0,0,0,0,1215345000,4535000,0,0,0,0,32100000,0,0,0,20580000,66400000,0,0,0,0,0,735000,0,0,0,0,0,81445000,0,0,0,78025000,0,0,0,0,357841060000,0,0,48510000,0,0,979945000,0,69415000,0,0,0,0,0,0,0,0,6125000,0,667525000,0,7595000,0,2665695000,0,4410000,198386440000,4165000,0,307330000,0,827990000,4165000,0,0,0,735000,0,1.577e+10,0,490000,0,0,0,0,0,0,0
"IDN",0,0,0,0,0,0,87710000,0,0,0,0,0,0,0,0,0,0,0,0,0,0,0,0,0,0,3670000,0,0,40480000,0,0,7595000,0,0,0,0,0,0,0,0,43365000,3680000,0,0,0,0,0,0,0,0,0,0,0,0,0,0,0,0,0,71760000,0,8820000,0,0,0,0,0,0,0,0,0,3430000,0,0,0,0,0,0,0,0,0,0,0,0,0,110740000,0,0,0,31850000,0,65210000,0,0,0,0,0,0,0,0,0,0,0,930835000,96530000,0,0,0,0,0,0,0,0,0,4410000,0,170395000,0,0,0,0,0,0,0,0,0,0,0,0,0,0,0,0,0,0,0,0,0,0,0,0,0,0,0,0,0,0,0,0,0,17150000,0,0,1031465000,0,4410000,0,0,0,0,0,0,0,0,102655000,0,277340000,0,0,0,0,0,0,0,0,0,65975000,0,38955000,0,0,0,0,65950000,0,0,0,0,0,0,0,0,0,0,0
"IRN",0,0,0,0,0,0,0,0,0,0,0,0,0,0,0,0,0,0,0,0,0,0,0,0,0,0,0,0,0,0,0,0,0,0,0,0,0,0,0,0,0,0,0,0,0,0,0,0,0,0,0,0,0,0,0,0,0,0,0,0,0,0,0,0,0,0,0,0,0,0,0,0,0,0,0,0,0,0,0,0,0,0,0,0,0,0,0,0,0,0,0,0,0,0,0,0,0,0,0,0,0,0,0,0,0,0,0,0,0,0,0,0,0,0,0,0,0,0,0,0,0,0,0,0,0,0,0,0,0,0,0,0,0,0,0,0,0,0,0,0,0,0,0,0,0,0,0,0,0,0,0,0,0,0,0,0,0,0,0,0,0,0,0,0,0,0,0,0,0,0,0,0,0,0,0,0,0,0,0,0,0,0,0,0,0,0,0,0,0,0,0,0,0,0,0
"IRQ",0,0,0,0,0,0,0,0,0,0,0,0,0,0,0,0,0,0,0,0,0,0,0,0,0,0,0,0,0,0,0,0,0,0,0,0,0,0,0,0,0,0,0,0,0,0,0,0,0,0,0,0,0,0,0,0,0,0,0,0,0,0,0,0,0,0,0,0,0,0,0,0,0,0,0,0,0,0,0,0,0,0,0,0,0,0,0,0,0,0,0,0,0,0,0,0,0,0,0,0,0,0,0,0,0,0,0,0,0,0,0,0,0,0,0,0,0,0,0,0,0,0,0,0,0,0,0,0,0,0,0,0,0,0,0,0,0,0,0,0,0,0,0,0,0,0,0,0,0,0,0,0,0,0,0,0,0,0,0,0,0,0,0,0,0,0,0,0,0,0,0,0,0,0,0,0,0,0,0,0,0,0,0,0,0,0,0,0,0,0,0,0,0,0,0
"IRL",0,0,0,0,5145000,33320000,47285000,258230000,0,75460000,0,0,0,0,0,0,41160000,0,0,0,9065000,35035000,0,0,83300000,4758145000,0,0,0,0,0,286895000,0,0,0,0,0,0,93590000,11270000,0,269500000,0,0,22785000,0,0,0,0,170865000,0,0,166600000,7517420000,0,0,8330000,15680000,0,9463610000,9310000,6860000,0,102655000,0,0,0,0,0,0,0,275380000,109515000,105595000,44345000,0,0,0,0,0,604935000,3835475000,0,28665000,7105000,887640000,0,0,14945000,0,0,8225875000,0,0,0,0,0,0,0,4.9e+07,0,0,0,245000,0,0,50960000,0,0,1715000,0,0,0,0,0,0,593390000,0,0,0,0,245000,0,9163200000,4054610000,493675000,0,0,103145000,0,0,0,0,206535000,196980000,0,0,0,43365000,0,37240000,0,738185000,0,0,0,0,8330000,0,735000,0,110985000,47040000,194530000,0,444780000,1774780000,0,0,0,608580000,474075000,0,0,33565000,0,1575100000,0,0,245000,32095000,0,125440000,558845000,0,0,271168345000,72765000,28919065000,0,0,0,0,0,245000,0,0,0,1747585000,0,0,0,0,0,0
"ISR",0,0,0,0,0,0,245000,490000,0,0,0,0,0,0,0,0,0,0,0,0,0,0,0,0,0,8820000,0,0,0,0,0,0,0,0,0,0,4655000,0,245000,4655000,0,0,0,0,0,0,0,0,0,0,0,0,0,75460000,0,0,0,0,0,3430000,0,0,0,0,0,0,0,0,0,0,18130000,0,10535000,0,0,0,0,0,0,0,0,0,0,0,0,7105000,735000,0,0,0,0,0,0,0,0,0,0,0,0,0,0,0,0,0,0,0,0,0,0,0,0,0,0,0,0,0,245000,0,0,0,0,0,0,0,0,0,0,0,0,0,0,0,0,0,0,0,0,0,0,0,121030000,0,0,0,0,0,0,0,0,0,0,0,0,0,0,245000,0,0,0,0,0,735000,0,0,0,0,0,0,0,0,0,0,0,0,0,0,7840000,0,45080000,0,0,0,0,0,0,0,0,0,0,0,10780000,0,0,0,0
"ITA",99225000,48755000,6628195000,985205000,0,0,1905120000,8788805000,1470000,20825000,490000,0,0,0,0,275870000,0,0,0,0,0,23045000,0,0,40480000,268845000,490000,0,0,0,0,29645000,950355000,0,5145000,0,2940000,0,24730000,0,0,5871575000,0,245000,28220000,0,2940000,0,0,9065000,0,0,12005000,7724475000,245000,0,0,0,490000,7675800000,143150000,2695000,0,3308935000,0,0,735000,6370000,0,0,1225000,69335000,249670000,140555000,58310000,9065000,0,0,0,142775000,512715000,0,0,0,0,1426700000,3915000,0,0,0,0,15185000,42585000,490000,0,43760000,29400000,6370000,56885000,143130000,0,0,0,490000,0,0,2685365000,0,0,2450000,0,23520000,192570000,0,0,0,4218295000,0,0,0,0,96530000,0,0,3430000,57690000,486765000,2940000,2774270000,0,0,28665000,0,1157210000,1286760000,0,0,0,0,0,1822255000,0,85260000,0,0,0,0,0,0,0,2450000,568405000,8300000,23520000,0,5221440000,1816375000,0,0,21560000,104820000,5481725000,0,735000,11380000,129850000,1470000,0,0,0,0,458750000,333630000,239760000,0,0,14146875000,0,4593780000,0,0,0,0,0,0,0,158310000,13475000,1704575000,9685000,17390000,37720000,0,0,0
"CIV",0,0,0,0,0,0,0,0,0,0,0,0,0,0,0,0,0,0,0,0,0,0,0,0,0,0,0,0,0,0,0,0,0,0,0,0,0,0,0,0,0,0,0,0,0,0,0,0,0,0,0,0,0,23030000,0,0,0,1225000,0,0,0,8575000,0,0,0,0,0,0,0,0,0,0,0,0,0,0,0,0,0,0,0,0,0,0,0,0,0,0,0,0,0,0,0,0,0,0,0,0,0,0,0,0,0,0,0,0,0,0,0,0,0,0,0,0,0,0,0,0,0,0,0,0,0,0,0,0,0,0,0,0,0,0,0,0,0,0,0,0,0,0,0,0,0,0,0,0,0,0,0,0,0,0,0,0,0,0,0,0,0,0,0,0,0,0,0,0,0,3.68e+08,0,0,0,0,0,0,0,0,0,0,0,0,0,0,0,0,0,0,0,0,0,0,0,0,0,0,0
"KAZ",0,14216240000,0,0,0,0,0,8.3e+09,0,0,0,0,0,0,0,0,0,0,0,0,0,0,0,0,0,0,0,0,0,0,0,0,0,0,0,0,0,0,0,23091320000,0,0,0,0,52548960000,0,7825240000,0,0,2705800000,0,0,0,0,0,0,8409300000,0,0,33279680000,0,0,0,0,0,0,0,0,0,0,0,0,0,0,0,0,0,465551980000,0,0,17981120000,0,0,0,0,0,9.96e+09,22670470000,0,0,0,0,0,0,0,6140340000,0,0,26060340000,0,0,0,0,0,0,0,0,0,0,0,594420000,0,0,0,0,0,0,0,0,0,0,0,0,0,0,0,0,0,0,0,0,0,0,0,0,0,0,0,0,0,0,0,131067825000,0,0,0,0,771880080000,0,0,0,0,0,0,0,0,0,0,20395170000,0,0,0,29074900000,1319280000,0,0,0,0,0,0,0,0,10987540000,0,0,0,0,10260460000,0,0,0,95207615000,0,0,0,0,0,0,0,0,0,0,0,0,0
"JAM",0,0,0,0,20825000,5635000,20090000,0,13720000,0,14925000,0,0,0,0,0,0,0,37485000,0,0,0,0,0,0,323645000,0,0,0,0,0,0,0,0,0,0,0,6860000,0,0,0,0,0,31195000,0,0,0,0,0,0,0,0,0,0,0,0,0,0,0,0,0,0,0,0,0,0,0,0,0,0,0,0,0,0,0,0,0,0,0,150185000,0,0,0,0,0,19355000,0,0,0,0,0,0,0,0,0,0,0,0,0,0,0,0,0,0,0,0,0,0,0,2695000,0,0,0,0,0,0,16905000,0,0,0,0,0,5390000,0,0,0,0,0,0,0,0,0,0,0,0,0,0,0,0,0,0,0,0,9800000,19845000,0,0,0,0,0,0,0,0,0,0,0,0,12495000,0,0,0,0,0,0,0,0,0,0,0,67895000,0,0,0,0,0,0,386610000,0,7299100000,0,0,0,0,0,0,0,0,0,0,0,0,0,0,0,0
"JPN",0,0,0,0,0,22050000,570605000,0,0,0,0,0,0,0,0,0,980000,0,0,0,0,0,0,0,0,112210000,0,0,4655000,0,0,41160000,0,0,0,0,0,0,0,0,0,0,0,0,0,0,0,0,0,0,0,0,735000,0,0,0,0,0,0,0,0,0,0,0,0,0,0,0,0,0,0,933695000,0,0,0,490000,7840000,0,0,0,0,88445000,0,0,0,0,0,0,0,0,6370000,1469510000,0,0,0,245000,0,0,0,0,0,0,0,9555000,0,0,0,0,0,245000,11515000,0,0,0,0,0,17150000,0,0,0,0,89425000,0,0,0,0,0,3675000,0,0,0,245000,490000,0,0,0,0,0,2450000,0,0,0,790125000,0,0,0,0,0,0,0,0,0,0,455945000,0,0,0,0,0,0,0,0,0,0,5055470000,0,1770370000,0,0,0,0,0,0,0,0,0,38220000,0,571585000,0,735000,0,0,16190000,0,0,0,0,0,0,0,0,0,0,0
"JOR",0,0,0,0,0,0,0,0,0,0,0,0,0,0,0,0,0,0,0,0,0,0,0,0,0,0,0,0,0,0,0,0,0,0,0,0,0,0,0,0,0,0,0,0,0,0,0,0,0,0,0,0,0,0,0,0,0,0,0,0,0,0,0,0,0,0,0,0,0,0,0,0,0,0,0,0,0,0,0,0,0,0,0,0,0,0,0,0,0,0,0,0,0,0,0,0,0,0,0,0,0,0,0,0,0,0,0,0,0,0,0,0,0,0,0,0,0,0,0,0,0,0,0,0,0,0,0,0,0,0,0,0,0,0,0,0,0,0,0,0,0,0,0,0,0,0,0,0,0,0,0,0,0,0,0,0,0,0,0,0,0,0,1502585000,0,0,0,0,0,0,0,0,0,873915000,0,0,0,0,0,0,0,0,0,0,0,0,0,0,0,0,0,0,0,0,0,120785000
"KGZ",0,0,0,0,0,0,0,0,0,0,0,0,0,0,0,0,0,0,0,0,0,0,0,0,0,0,0,0,0,0,0,41160000,0,0,0,0,0,0,0,0,0,0,0,0,0,0,0,0,0,0,0,0,0,0,0,0,0,0,0,0,0,0,0,0,0,0,0,0,0,0,0,0,0,0,0,0,0,0,0,0,0,0,0,13720000,0,0,0,0,0,0,0,0,0,0,0,0,0,0,0,0,0,0,0,0,0,0,0,0,0,0,0,0,0,0,0,0,0,0,0,0,0,0,0,0,0,0,0,0,0,0,0,0,0,0,0,0,0,0,0,0,0,0,735000,0,0,0,0,0,0,0,0,0,0,0,0,0,0,0,0,0,0,0,0,0,0,0,0,0,0,0,0,0,0,980000,0,0,0,0,0,0,0,0,0,0,0,0,0,0,0,0,0,0,0,0,0
"KEN",0,0,0,0,0,0,13965000,0,0,0,0,0,0,0,0,0,0,0,0,0,0,5145000,0,2205000,0,19355000,0,0,0,0,0,0,0,0,0,0,0,0,0,0,0,0,0,0,0,0,0,0,0,0,0,0,0,0,0,20335000,0,0,0,0,0,0,0,0,0,0,0,0,0,0,0,0,0,0,0,0,0,0,0,0,0,0,0,0,0,9800000,0,0,0,0,0,0,0,0,0,0,0,0,0,0,0,0,0,0,0,0,0,0,0,0,0,0,0,0,0,0,0,0,0,0,0,0,0,0,0,0,0,0,0,0,0,0,0,0,0,0,0,0,0,0,0,13230000,0,0,0,0,0,0,0,0,0,0,0,0,980000,0,0,0,0,0,0,980000,0,0,0,711280000,0,0,0,0,0,0,0,0,42528100000,0,260190000,0,52920000,0,0,0,0,0,0,0,3920000,0,0,0,0,0,0,0,0
"KHM",0,0,0,0,0,0,0,0,0,0,0,0,0,0,0,0,0,0,0,0,0,0,0,0,0,0,0,0,0,0,0,0,0,0,0,0,0,0,0,0,0,0,0,0,0,0,0,0,0,0,0,0,0,0,0,0,0,0,0,0,0,0,0,0,0,0,0,0,0,0,0,0,0,0,0,0,0,0,0,0,0,0,0,0,0,0,0,0,0,0,0,0,0,0,0,0,0,0,0,0,0,0,0,0,0,0,0,0,0,0,0,0,0,0,0,0,0,0,0,0,0,0,0,0,0,0,0,0,0,0,0,0,0,0,0,0,0,0,0,0,0,0,0,0,0,0,0,0,0,0,0,0,0,0,0,0,0,0,0,0,0,0,0,0,0,0,0,0,0,0,0,0,0,0,0,0,0,0,0,0,0,0,0,0,0,0,0,0,0,0,0,0,0,0,0
"PRK",0,0,0,0,0,0,0,0,0,0,0,0,0,0,0,0,0,0,0,0,0,0,0,0,0,0,0,0,0,0,0,0,0,0,0,0,0,0,0,0,0,0,0,0,0,0,0,0,0,0,0,0,0,0,0,0,0,0,0,0,0,0,0,0,0,0,0,0,0,0,0,0,0,0,0,0,0,0,0,0,0,0,0,0,0,0,0,0,0,0,0,0,0,0,0,0,0,0,0,0,0,0,0,0,0,0,0,0,0,0,0,0,0,0,0,0,0,0,0,0,0,0,0,0,0,0,0,0,0,0,0,0,0,0,0,0,0,0,0,0,0,0,0,0,0,0,0,0,0,0,0,0,0,0,0,0,0,0,0,0,0,0,0,0,0,0,0,0,0,0,0,0,0,0,0,0,0,0,0,0,0,0,0,0,0,0,0,0,0,0,0,0,0,0,0
"KOR",0,0,0,0,0,4165000,94815000,0,0,245000,0,0,0,0,0,0,0,0,0,0,0,0,0,0,0,30650000,0,0,0,0,0,1143905000,4410000,0,0,0,0,0,0,0,0,0,0,0,0,0,0,0,0,0,0,0,0,30135000,0,0,0,0,0,17150000,0,245000,0,0,0,0,0,0,0,0,0,18125590000,0,0,0,4165000,5390000,0,370930000,0,0,0,0,0,0,2570790000,0,0,0,47040000,0,0,0,0,0,0,0,0,0,0,0,4410000,0,15190000,0,0,0,0,0,0,4836545000,0,0,0,0,0,16660000,0,0,0,0,36015000,0,0,0,0,0,0,0,0,8820000,0,27195000,0,0,0,0,0,0,0,0,0,246225000,0,0,0,0,0,0,0,0,0,0,1263710000,0,0,2205000,0,0,1225000,0,0,0,0,1232350000,0,10045000,0,0,0,245000,0,7350000,0,0,0,36995000,0,1622040000,0,2450000,0,0,0,0,0,0,0,0,0,0,0,0,0,0
"KWT",0,0,0,0,0,0,0,0,0,0,0,0,0,0,0,0,0,0,0,0,0,0,0,0,0,0,0,0,0,0,0,0,0,0,0,0,0,0,0,0,0,0,0,0,0,0,0,0,0,0,0,0,0,0,0,0,0,0,0,0,0,0,0,0,0,0,0,0,0,0,0,0,0,0,0,0,0,0,0,0,0,0,0,0,0,0,0,0,0,0,0,0,0,0,0,0,0,0,0,0,0,0,0,0,0,0,0,0,0,0,0,0,0,0,0,0,0,0,0,0,0,0,0,0,0,0,0,0,0,0,0,0,0,0,0,0,0,0,0,0,0,0,0,0,0,0,0,0,0,0,0,0,0,0,0,0,0,0,0,0,0,0,0,0,0,0,0,0,0,0,0,0,0,0,0,0,0,0,0,0,0,0,0,0,0,0,0,0,0,0,0,0,0,0,0
"LVA",0,0,0,0,0,0,1960000,0,0,0,0,0,0,0,0,0,0,0,0,0,0,0,0,0,0,20580000,0,0,0,0,0,0,0,0,0,0,0,0,2251205000,4250400000,0,69208400000,0,0,175725000,0,0,0,0,7506635000,0,0,24255000,0,0,0,0,0,0,56546395000,0,0,0,0,0,0,0,0,0,0,0,0,0,0,0,0,0,0,0,52615000,0,0,0,1587545000,0,0,0,0,0,0,0,0,0,0,0,0,0,245000,0,44837455000,0,0,0,0,0,0,245000,0,0,0,0,0,0,0,0,0,2468420000,0,0,0,0,0,0,0,0,0,0,245000,1660000,0,0,0,0,1960000,8668520000,0,0,0,0,0,0,0,5352170000,0,0,0,0,0,0,0,0,0,0,0,0,0,34516380000,0,607200000,0,16505190000,0,0,1113200000,0,0,0,0,0,0,0,40545500000,0,0,0,0,21880000,0,41400000,0,0,1619200000,0,0,0,0,0,0,0,0,0,0,0,0,0
"LAO",0,0,0,0,0,0,0,0,0,0,0,0,0,0,0,0,0,0,0,0,0,0,0,0,0,0,0,0,0,0,0,0,0,0,0,0,0,0,0,0,0,0,0,0,0,0,0,0,0,0,0,0,0,0,0,0,0,0,0,0,0,0,0,0,0,0,0,0,0,0,0,0,0,0,0,0,0,0,0,0,0,0,0,0,0,0,0,0,0,0,0,0,0,0,0,0,0,0,0,0,0,0,0,0,0,0,0,0,0,0,0,0,0,0,0,0,0,0,0,0,0,0,0,0,0,0,0,0,0,0,0,0,0,0,0,0,0,0,0,0,0,0,0,0,0,0,0,0,0,0,0,0,0,0,0,0,0,0,0,0,0,0,0,0,0,0,0,0,0,0,0,0,0,0,0,0,0,0,0,0,0,0,0,0,0,0,0,0,0,0,0,0,0,0,0
"LBN",0,0,0,0,0,0,12740000,5145000,0,0,0,0,0,0,0,0,0,0,0,0,0,29880000,0,0,0,2450000,0,1470000,0,0,0,0,0,0,245000,0,0,0,0,0,1470000,0,0,0,0,0,0,0,0,0,0,0,0,34055000,0,0,0,490000,0,3185000,0,0,0,0,0,0,0,0,0,0,0,0,0,0,0,0,0,0,0,1715000,0,490000,1715000,0,0,2695000,1735410000,0,0,0,0,0,0,0,0,0,0,0,0,0,0,0,0,0,0,0,0,0,0,0,0,0,0,0,0,0,490000,0,0,0,0,0,0,735000,980000,0,0,0,0,0,0,0,0,0,0,0,0,0,3460000,490000,0,0,0,0,0,0,0,12280000,0,0,0,0,0,0,0,0,15190000,0,0,0,10060000,2450000,668115000,0,0,0,0,0,0,0,0,0,0,40195000,0,0,40670000,0,70560000,980000,0,0,0,0,0,0,490000,0,735000,0,0,0,0,0,0
"LSO",0,0,0,0,0,0,0,0,0,0,0,0,0,0,0,0,0,0,0,0,0,0,0,0,0,0,0,0,0,0,0,0,0,0,0,0,0,0,0,0,0,0,0,0,0,0,0,0,0,0,0,0,0,0,0,0,0,0,0,0,0,0,0,0,0,0,0,0,0,0,0,0,0,0,0,0,0,0,0,0,0,0,0,0,0,0,0,0,0,0,0,0,0,0,0,0,0,0,0,0,0,0,0,0,0,0,0,0,0,0,0,0,0,0,0,0,0,0,0,0,0,0,0,0,0,0,0,0,0,0,0,0,0,0,0,0,0,0,0,0,0,0,0,0,0,0,0,0,0,0,0,0,0,0,0,0,0,0,0,0,0,0,0,0,0,0,0,0,0,0,0,0,0,0,0,0,0,0,0,0,0,0,0,0,0,0,0,0,0,0,0,0,0,0,0
"LBR",0,0,0,0,0,0,0,0,0,0,0,0,0,0,0,0,0,0,0,0,0,0,0,0,0,0,0,0,0,0,0,0,0,0,0,0,0,0,0,0,0,0,0,0,0,0,0,0,0,0,0,0,0,0,0,0,0,0,0,0,0,0,0,0,0,0,0,0,0,0,0,0,0,0,0,0,0,0,0,0,0,0,0,0,0,0,0,0,0,0,0,0,0,0,0,0,0,0,0,0,0,0,0,0,0,0,0,0,0,0,0,0,0,0,0,0,0,0,0,0,0,0,0,0,0,0,0,0,0,0,0,0,0,0,0,0,0,0,0,0,0,0,0,0,0,0,0,0,0,0,0,0,0,0,0,0,0,0,0,0,0,0,0,0,0,0,0,0,0,0,0,0,0,0,0,0,0,0,0,0,0,0,0,0,0,0,0,0,0,0,0,0,0,0,0
"LBY",0,0,0,0,0,0,0,0,0,0,0,0,0,0,0,0,0,0,0,0,0,0,0,0,0,0,0,0,0,0,0,0,0,0,0,0,0,0,0,0,0,0,0,0,0,0,0,0,0,0,0,0,0,0,0,0,0,0,0,0,0,0,0,0,0,0,0,0,0,0,0,0,0,0,0,0,0,0,0,0,0,0,0,0,0,0,0,0,0,0,0,0,0,0,0,0,0,0,0,0,0,0,0,0,0,0,0,0,0,0,0,0,0,0,0,0,0,0,0,0,0,0,0,0,0,0,0,0,0,0,0,0,0,0,0,0,0,0,0,0,0,0,0,0,0,0,0,0,0,0,0,0,0,0,0,0,0,0,0,0,0,0,0,0,0,0,0,0,0,0,0,0,0,0,0,0,0,0,0,0,0,0,0,0,0,0,0,0,0,0,0,0,0,0,0
"LTU",0,0,0,0,0,0,11025000,0,0,0,0,0,0,0,0,0,0,0,0,0,0,0,0,0,0,42385000,0,0,0,0,0,0,0,0,4655000,0,0,0,0,196020000,0,21301270000,0,0,20006650000,0,0,0,0,24943620000,0,0,581035000,0,0,0,62790000,0,0,22524015000,0,0,0,0,0,0,0,0,0,0,0,0,0,0,1960000,0,0,0,0,271360000,125300000,14945000,0,1096640000,0,0,0,0,0,0,0,0,0,92399035000,0,0,0,0,0,0,0,0,0,0,0,0,0,0,0,0,0,0,0,8.28e+08,0,0,209631255000,0,0,0,0,0,0,0,0,9555000,0,0,0,0,0,0,0,22911620000,24617800000,0,0,0,0,0,0,0,7983190000,0,0,0,0,478549780000,0,0,0,0,0,0,0,0,76684415000,0,0,0,595560000,1715000,0,0,0,0,0,0,0,0,0,39574400000,0,14210000,18130000,0,15826575000,1869380000,432450000,0,0,0,0,0,0,0,0,0,0,0,0,0,0,0,0
"MAC",0,0,0,0,0,0,11270000,0,0,0,0,0,0,0,0,0,0,0,0,0,0,0,0,0,0,0,0,0,0,0,0,8575000,0,0,0,0,0,0,0,0,0,0,0,0,0,0,0,0,0,0,0,0,0,0,0,0,0,0,0,0,0,0,0,0,0,0,0,0,0,0,0,144725000,0,0,0,0,0,0,0,0,0,0,0,0,0,0,0,0,0,0,0,0,0,0,0,0,0,0,0,0,0,0,0,0,0,0,0,0,0,0,0,0,0,0,0,0,0,0,0,0,0,0,0,0,0,0,0,0,0,0,0,0,0,0,0,0,0,0,0,0,0,0,0,0,0,0,0,0,0,0,0,0,0,0,0,0,0,0,0,0,0,0,0,0,0,0,0,0,0,0,0,0,0,0,0,0,0,0,0,0,0,0,0,0,0,0,0,0,0,0,0,0,0,0,0
"MDG",0,0,0,0,0,0,0,0,0,0,0,0,0,0,0,0,0,0,0,0,0,0,0,0,0,0,0,0,0,0,0,0,0,8330000,0,0,0,0,0,0,0,0,0,0,0,0,0,0,0,0,0,0,0,62865000,0,0,0,0,0,0,0,0,0,0,0,0,0,0,0,0,0,0,0,0,0,0,0,0,0,0,0,0,0,0,0,0,0,0,0,0,0,0,0,0,0,0,0,0,0,0,0,0,0,0,0,0,0,0,0,0,0,0,0,0,0,0,0,0,0,0,0,0,0,0,0,0,0,0,0,0,0,0,0,0,0,0,0,0,0,0,0,0,0,0,0,0,0,0,0,0,0,0,0,0,0,0,0,0,0,0,0,0,0,0,0,0,0,0,0,0,0,0,0,0,0,0,0,0,0,0,0,0,0,0,0,0,0,0,0,0,0,0,0,0,0
"MWI",0,0,0,0,0,0,0,0,0,0,0,0,0,0,0,0,0,0,0,0,0,0,0,0,0,0,0,0,0,0,0,0,0,0,0,0,0,0,0,0,0,0,0,0,0,0,0,0,0,0,0,0,0,0,0,0,0,0,0,0,0,0,0,0,0,0,0,0,0,0,0,0,0,0,0,0,0,0,0,0,0,0,0,0,0,0,0,0,0,0,0,0,0,0,0,0,0,0,0,0,0,0,0,0,0,0,0,0,0,0,0,0,3920000,0,0,0,0,0,0,0,0,0,0,0,0,0,0,0,0,0,0,0,0,0,0,0,0,0,0,0,0,0,0,0,0,0,0,0,0,0,0,0,0,0,0,0,0,0,0,0,0,0,0,0,0,0,0,0,0,0,0,0,0,0,0,0,0,0,0,0,0,0,0,0,0,0,0,0,0,0,0,0,0,0,0
"MYS",0,0,0,0,0,0,652680000,0,0,0,0,245000,0,0,0,0,0,0,0,0,565965000,735000,587770000,0,0,980000,0,0,162925000,0,1225000,1901685000,0,0,0,0,0,0,0,0,0,490000,0,0,0,0,0,0,0,0,0,7340000,0,5390000,0,0,0,0,490000,4900000,0,0,5385000,3920000,0,0,0,0,0,0,0,1209190000,0,4165000,0,182915000,22065870000,0,0,3320000,0,735000,0,0,0,980000,0,0,0,143570000,0,13230000,0,245000,535815000,0,0,8085000,0,735000,0,0,0,0,111180000,0,0,0,1960000,0,980000,0,0,0,245000,0,1470000,0,0,0,0,490000,0,0,0,0,0,0,0,0,0,0,3060145000,11515000,0,2695000,16660000,0,0,0,6370000,0,10535000,0,0,0,0,0,0,3675000,81340000,245000,0,42509590000,0,0,0,0,0,0,0,0,0,0,360405000,0,18189675000,0,0,0,0,0,245000,735000,0,0,70620000,11270000,5265000,0,0,0,245000,1419775000,0,0,0,0,0,0,490000,0,0,0,0
"MDV",0,0,0,0,0,0,0,0,0,0,0,0,0,0,0,0,0,0,0,0,0,0,0,0,0,0,0,0,0,0,0,0,0,0,0,0,0,0,0,0,0,0,0,0,0,0,0,0,0,0,0,0,0,0,0,0,0,0,0,0,0,0,0,0,0,0,0,0,0,0,0,0,0,0,0,0,0,0,0,0,0,0,0,0,0,0,0,0,0,0,0,0,0,0,0,0,0,0,0,0,0,0,0,0,0,0,0,0,0,0,0,0,0,0,0,0,0,0,0,0,0,0,0,0,0,0,0,0,0,0,0,0,0,0,0,0,0,0,0,0,0,0,0,0,0,0,0,0,0,0,0,0,0,0,0,0,0,0,0,0,0,0,0,0,0,0,0,0,0,0,0,0,0,0,0,0,0,0,0,0,0,0,0,0,0,0,0,0,0,0,0,0,0,0,0
"MLI",0,0,0,0,0,0,0,0,0,0,0,0,0,0,0,0,0,0,0,0,0,0,0,0,0,0,0,0,0,0,0,0,0,0,0,0,0,0,0,0,0,0,0,0,0,0,0,0,0,0,0,0,0,34300000,0,0,0,0,0,0,0,0,0,0,0,0,0,0,0,0,0,0,0,0,0,0,0,0,0,0,0,0,0,0,0,0,0,0,0,0,0,0,0,0,0,0,0,0,0,0,0,0,0,0,0,0,0,0,0,0,0,0,0,0,0,0,0,0,0,0,0,0,0,0,0,0,0,0,0,0,0,0,0,0,0,0,0,0,0,0,0,0,0,0,0,0,0,0,34300000,0,0,0,0,0,0,0,0,0,0,0,0,0,0,0,0,0,0,0,0,0,0,0,0,0,0,0,0,0,0,55200000,0,0,0,0,0,0,0,0,0,0,0,0,0,0,0
"MLT",0,0,0,0,0,0,0,0,0,0,0,0,0,0,0,0,0,0,0,0,0,0,0,0,0,0,0,0,0,0,0,0,0,0,0,0,0,0,0,0,0,0,0,0,0,0,0,0,0,0,0,0,0,0,0,0,0,0,22020000,0,0,0,0,0,0,0,0,0,0,0,0,0,0,0,0,0,0,0,0,0,0,74970000,0,0,0,0,5505000,0,0,0,0,0,0,0,0,0,0,0,1835000,0,0,0,0,0,0,0,0,0,0,0,0,0,0,0,0,0,0,0,0,0,0,0,0,0,0,0,0,0,0,0,0,0,0,0,0,0,0,0,1835000,0,0,0,0,0,0,0,0,11010000,0,0,0,0,0,0,0,0,0,0,0,0,0,0,0,0,0,0,0,0,0,0,0,0,0,245000,0,0,980000,0,9800000,0,0,0,0,0,0,1835000,0,0,0,0,0,0,0,0,0
"MRT",0,0,0,0,0,0,0,0,0,0,0,0,0,0,0,0,0,0,0,0,0,0,0,0,0,0,0,0,0,0,0,0,0,0,0,0,0,0,0,0,0,0,0,0,0,0,0,0,0,0,0,0,0,0,0,0,0,0,0,0,0,0,0,0,0,0,0,0,0,0,0,0,0,0,0,0,0,0,0,0,0,0,0,0,0,0,0,0,0,0,0,0,0,0,0,0,0,0,0,0,0,0,0,0,0,0,0,0,0,0,0,0,0,0,0,0,0,0,0,0,0,0,0,0,0,0,0,0,0,0,0,0,0,0,0,0,0,0,0,0,0,0,0,0,0,0,0,0,0,0,0,0,0,0,0,0,0,0,0,0,0,0,0,0,0,0,0,0,0,0,0,0,0,0,0,0,0,0,0,0,0,0,0,0,0,0,0,0,0,0,0,0,0,0,0
"MUS",0,0,0,0,0,0,7105000,0,0,0,0,0,0,0,0,0,0,0,0,0,0,0,0,0,0,0,0,0,0,0,0,0,0,245000,0,0,0,0,0,0,0,0,0,0,0,0,0,0,0,0,0,0,0,613580000,0,0,0,0,0,0,0,0,0,0,0,0,0,0,0,0,0,0,0,0,0,245000,0,0,0,0,0,0,0,0,0,0,0,0,0,0,0,0,0,0,0,0,0,0,0,0,0,18350000,0,9310000,0,0,0,0,0,0,0,0,0,0,0,0,245000,0,0,0,0,0,0,0,0,0,0,0,0,0,0,0,0,0,0,0,0,0,0,27930000,0,0,0,0,0,0,0,0,0,3430000,0,0,0,27930000,0,52920000,735000,0,0,0,0,0,0,0,0,0,0,4655000,0,0,0,0,0,0,0,0,7350000,0,0,46550000,0,0,0,0,0,0,0,0,0,0,0,0,0,0,0
"MEX",0,0,0,0,4900000,1042965000,17410190000,961870000,120785000,16170000,16905000,0,0,0,104860000,0,55125000,0,671300000,0,0,0,0,0,0,33776925000,0,0,38955000,0,3162215000,4302935000,936880000,0,0,0,1552320000,79135000,1317365000,0,0,391020000,0,382200000,0,574770000,0,1104460000,0,0,0,0,320215000,1765470000,0,0,0,0,0,2633015000,0,0,0,72520000,0,0,3470620000,0,0,0,1835295000,869505000,194775000,0,0,237650000,215355000,0,0,1872045000,448595000,5102615000,0,0,16905000,3166135000,0,0,0,0,0,1295315000,0,2695000,0,0,0,0,0,0,0,0,0,711725000,33810000,0,0,0,0,0,0,0,0,0,0,0,1547665000,0,0,0,0,3591455000,332465000,0,0,637245000,0,621075000,0,0,72275000,55370000,0,138915000,177870000,0,0,0,0,0,0,0,1233085000,2450000,2450000,0,0,0,0,0,0,0,0,1025815000,0,42630000,8557850000,7105000,0,0,976815000,536060000,0,0,653170000,0,208005000,0,0,24990000,2450000,0,182770000,519645000,0,0,24092810000,0,803543730000,0,212905000,0,43365000,72030000,0,0,0,0,4925480000,0,0,0,0,0,0
"MNG",0,0,0,0,0,0,0,0,0,0,0,0,0,0,0,0,0,0,0,0,0,0,0,0,0,0,0,0,0,0,0,0,0,0,0,0,0,0,0,0,0,0,0,0,0,0,0,0,0,0,0,0,0,0,0,0,0,0,0,0,0,0,0,0,0,0,0,0,0,0,0,0,0,0,0,0,0,0,0,0,0,0,0,0,0,1225000,0,0,0,0,0,10290000,0,0,0,0,0,0,0,0,0,0,0,0,0,0,0,0,0,0,0,0,0,0,0,0,0,0,0,0,0,0,0,0,0,0,0,0,0,0,0,0,0,0,0,0,0,0,0,0,0,0,0,0,0,0,0,0,0,0,0,0,0,0,0,0,0,0,0,0,0,0,0,0,0,0,0,0,0,0,0,0,0,0,0,0,0,0,0,0,0,0,0,0,0,0,0,0,0,0,0,0,0,0,0
"MAR",0,0,0,0,0,0,0,0,0,0,0,0,0,0,0,0,0,0,0,0,0,0,0,0,0,0,0,0,0,0,0,0,0,0,0,0,0,0,0,0,0,0,0,0,0,0,0,0,0,0,0,0,0,16660000,0,0,0,0,0,0,0,0,0,0,0,0,0,0,0,0,0,490000,0,0,0,0,0,0,0,0,0,8575000,0,0,0,3430000,0,0,0,0,0,0,0,0,0,0,0,0,0,0,0,0,0,0,0,0,0,31540000,0,0,0,0,0,0,0,0,0,0,0,0,0,0,0,0,0,0,0,0,0,0,0,0,0,0,0,0,0,0,0,0,0,0,0,0,0,0,0,0,0,0,0,0,0,0,0,0,20825000,0,0,0,0,0,13720000,0,0,0,0,0,0,0,0,0,0,0,0,0,35280000,0,31605000,0,0,0,0,0,0,0,0,0,38220000,0,0,0,0,0,0
"MOZ",0,0,0,0,0,0,0,0,0,0,0,0,0,0,0,0,0,0,0,0,0,0,0,0,0,0,0,0,0,0,0,0,0,0,0,0,0,0,0,0,0,0,0,0,0,0,0,0,0,0,0,0,0,0,0,0,0,0,0,0,0,0,0,0,0,0,0,0,0,0,0,0,0,0,0,0,0,0,0,0,0,0,0,0,0,0,0,0,0,0,0,0,0,0,0,0,0,0,0,0,0,0,0,0,0,0,0,0,0,0,0,0,0,0,0,0,0,0,0,0,0,0,0,0,0,0,0,0,0,0,0,0,0,0,0,0,0,0,0,0,0,0,0,0,0,0,0,0,0,0,0,0,0,0,0,0,0,0,0,0,0,0,0,0,0,0,0,0,0,0,0,0,0,0,0,0,0,0,0,0,0,0,0,0,0,0,0,0,0,0,0,0,0,0,0
"MDA",0,0,0,0,0,0,490000,0,0,0,0,0,0,0,0,0,0,0,0,0,0,0,0,0,0,0,0,0,0,0,0,0,0,0,0,0,0,0,0,0,0,0,0,0,2787140000,0,0,0,0,0,0,0,0,0,0,0,0,0,0,5121100000,0,0,0,0,0,0,0,0,0,0,0,0,16616600000,0,0,0,0,0,0,0,0,2257845000,0,0,0,0,0,0,0,0,0,0,0,0,0,0,0,0,0,0,0,0,0,0,0,0,0,0,0,0,0,0,0,0,0,0,0,0,0,0,0,0,0,0,0,0,0,5491280000,1.66e+08,0,0,0,0,1948840000,0,0,0,0,0,0,4863485000,0,0,0,0,0,0,0,0,0,0,0,0,0,0,0,0,0,0,0,0,98725180000,0,0,0,0,0,0,0,0,0,0,0,0,0,0,1922280000,18451635000,7021800000,0,0,0,0,0,0,0,0,0,0,0,0,0,0,0,0
"NAM",0,0,0,0,0,0,0,0,0,0,0,0,0,0,0,0,0,0,0,0,0,0,0,0,0,0,0,0,0,0,0,0,0,0,0,0,0,0,0,0,0,0,0,0,0,0,0,0,0,0,0,0,0,0,0,0,0,0,0,0,0,0,0,0,0,0,0,0,0,0,0,0,0,0,0,0,0,0,0,0,0,0,0,0,0,0,0,0,0,0,0,0,0,0,0,0,0,0,0,0,0,0,0,0,0,0,0,0,0,0,0,0,0,0,0,0,0,0,0,0,0,0,0,0,0,0,0,0,0,0,0,0,0,0,0,0,0,0,0,0,0,0,0,0,0,0,0,0,0,0,0,0,0,0,0,0,0,0,0,0,0,0,0,0,0,0,0,0,0,0,0,0,0,0,0,0,0,0,0,0,0,0,0,0,0,0,0,0,0,0,0,0,0,0,0
"NPL",0,0,0,0,0,0,0,0,0,0,0,0,0,0,0,0,0,0,0,0,0,0,0,0,0,0,0,0,0,0,0,0,0,0,0,0,0,0,0,0,0,0,0,0,0,0,0,0,0,0,0,0,0,0,0,0,0,0,0,0,0,0,0,0,0,0,0,0,0,0,0,0,0,0,0,0,0,0,0,0,0,0,0,0,0,0,0,0,0,0,0,0,0,0,0,0,0,0,0,0,0,0,0,0,0,0,0,0,0,0,0,0,0,0,0,0,0,0,0,0,0,0,0,0,0,0,0,0,0,0,0,0,0,0,0,0,0,0,0,0,0,0,0,0,0,0,0,0,0,0,0,0,0,0,0,0,0,0,0,0,0,0,0,0,0,0,0,0,0,0,0,0,0,0,0,0,0,0,0,0,0,0,0,0,0,0,0,0,0,0,0,0,0,0,0
"NLD",138915000,364560000,93835000,12070345000,93590000,136955000,6369010000,1412800000,3920000,2189810000,8330000,62720000,0,0,9065000,0,2270815000,0,40670000,0,5635000,738925000,4410000,980000,70805000,26750325000,287140000,490000,333085000,4410000,210335000,1056685000,852600000,91385000,1926555000,0,57085000,413560000,55815940000,115030000,385630000,3038845000,4410000,187245000,0,77665000,343490000,16500980000,866075000,294490000,0,0,1116455000,125678705000,16415000,741615000,242550000,5069350000,15925000,475639765000,20825000,83055000,0,41279015000,0,0,9925000,458640000,42470000,399225000,692125000,3177865000,960035000,7700450000,652430000,213395000,186990000,98397250000,128870000,30880335000,37961180000,35990495000,1243375000,75705000,8330000,53733595000,274890000,0,570605000,30380000,1960000,3810930000,61949605000,318500000,0,2189875000,0,610730000,23275000,303065000,0,0,5145000,20098875000,61740000,464765000,1848350000,0,57820000,2382380000,49735000,18825065000,14210000,131565000,245000,0,0,0,11025000,134995000,0,1395045000,5880000,487060000,33320000,1395740000,6615000,1018710000,702525000,0,2205000,59210000,11025000,2535160000,3977900000,7595000,0,0,786925000,0,25327735000,0,11700715000,240835000,21315000,9065000,33320000,210255590000,984165000,4165000,822710000,633815000,377245000,5885715000,0,19108840000,45826105000,1992140000,0,0,2442335000,1179050000,273365000,0,23884335000,1060605000,30288490000,125440000,0,239120000,3670000,1116350000,2831210000,12665145000,251860000,0,55407525000,294365000,413024235000,288120000,173705000,34300000,115213715000,152390000,77910000,0,40915000,0,189633835000,902940000,337730000,1237740000,0,0,4655000
"ANT",0,0,0,0,0,0,0,0,0,0,0,0,0,0,0,0,0,0,0,0,0,0,0,0,0,0,0,0,0,0,0,0,0,0,0,0,0,0,0,0,0,0,0,0,0,0,0,0,0,0,0,0,0,0,0,0,0,0,0,0,0,0,0,0,0,0,0,0,0,0,0,0,0,0,0,0,0,0,0,0,0,0,0,0,0,0,0,0,0,0,0,0,0,0,0,0,0,0,0,0,0,0,0,0,0,0,0,0,0,0,0,0,0,0,0,0,0,0,0,0,0,0,0,0,0,0,0,0,0,0,0,0,0,0,0,0,0,0,0,0,0,0,0,0,0,0,0,0,0,0,0,0,0,0,0,0,0,0,0,0,0,0,0,0,0,0,0,0,0,0,0,0,0,0,0,0,0,0,0,0,0,0,0,0,0,0,0,0,0,0,0,0,0,0,0
"NCL",0,0,0,0,0,0,0,0,0,0,0,0,0,0,0,0,0,0,0,0,0,0,0,0,0,0,0,0,0,0,0,0,0,0,0,0,0,0,0,0,0,0,0,0,0,0,0,0,0,0,0,0,0,0,0,0,0,0,0,0,0,0,0,0,0,0,0,0,0,0,0,0,0,0,0,0,0,0,0,0,0,0,0,0,0,0,0,0,0,0,0,0,0,0,0,0,0,0,0,0,0,0,0,0,0,0,0,0,0,0,0,0,0,0,0,0,0,0,0,0,0,0,0,0,0,0,0,0,0,0,0,0,0,0,0,0,0,0,0,0,0,0,0,0,0,0,0,0,0,0,0,0,0,0,0,0,0,0,0,0,0,0,0,0,0,0,0,0,0,0,0,0,0,0,0,0,0,0,0,0,0,0,0,0,0,0,0,0,0,0,0,0,0,0,0
"MKD",0,0,375090000,0,0,0,3430000,0,0,0,0,0,0,0,0,0,0,0,0,0,0,0,0,0,0,0,0,0,0,0,0,0,0,0,0,0,0,0,0,0,0,0,0,0,0,0,0,0,0,0,0,0,0,0,0,0,0,0,0,980000,0,0,0,240700000,0,0,0,0,0,0,0,0,4900000,0,0,0,0,0,0,0,0,14700000,0,0,0,0,0,0,0,0,0,0,0,0,0,0,0,0,0,0,0,0,0,0,0,0,0,0,0,0,0,0,0,0,0,0,245000,0,0,0,0,0,0,0,0,0,0,0,1383270000,0,0,0,0,0,0,0,0,0,0,0,0,0,0,0,0,0,0,0,0,0,0,245000,0,0,0,0,0,0,0,0,0,735000,0,0,0,0,0,0,0,0,0,0,0,0,0,0,0,0,20580000,0,0,0,0,0,0,0,0,0,5145000,0,0,0,0,0,0
"VUT",0,0,0,0,0,0,0,0,0,0,0,0,0,0,0,0,0,0,0,0,0,0,0,0,0,0,0,0,0,0,0,0,0,0,0,0,0,0,0,0,0,0,0,0,0,0,0,0,0,0,0,0,0,0,0,0,0,0,0,0,0,0,0,0,0,0,0,0,0,0,0,0,0,0,0,0,0,0,0,0,0,0,0,0,0,0,0,0,0,0,0,0,0,0,0,0,0,0,0,0,0,0,0,0,0,0,0,0,0,0,0,0,0,0,0,0,0,0,0,0,0,0,0,0,0,0,0,0,0,0,0,0,0,0,0,0,0,0,0,0,0,0,0,0,0,0,0,0,0,0,0,0,0,0,0,0,0,0,0,0,0,0,0,0,0,0,0,0,0,0,0,0,0,0,0,0,0,0,0,0,0,0,0,0,0,0,0,0,0,0,0,0,0,0,0
"NZL",0,0,0,0,0,0,2854965000,0,0,76195000,0,0,0,0,0,0,0,0,0,245000,0,0,0,0,0,80850000,0,0,0,0,0,2940000,0,0,0,371060000,0,0,0,0,0,67380000,0,0,0,0,0,490000,0,0,0,15680000,0,5435000,1960000,0,0,0,0,17365000,0,0,245000,0,0,0,0,0,0,0,0,241240000,0,0,0,490000,3772760000,0,0,0,980000,0,0,0,0,56115000,0,0,0,0,0,245000,0,0,0,0,0,0,0,0,0,0,0,2288510000,32340000,0,0,0,0,0,0,0,0,0,0,0,37635000,0,245000,0,5635000,0,0,0,0,0,0,0,0,245000,0,0,2178400000,0,0,0,0,0,0,0,0,0,0,0,0,0,0,245000,0,0,0,0,0,1448335000,0,11010000,0,0,0,0,13445000,490000,0,0,17270000,0,111935000,0,103925000,0,0,0,0,0,0,0,129360000,0,2168250000,0,0,0,0,174205000,0,0,0,0,490000,0,0,0,0,0,0
"NIC",0,0,0,0,0,0,0,0,0,0,0,0,0,0,0,0,0,0,0,0,0,0,0,0,0,0,0,0,0,0,0,0,0,0,0,0,715300000,0,0,0,0,0,0,0,0,0,0,0,0,0,0,0,0,0,0,0,0,0,0,0,0,0,0,0,0,0,980000,0,0,0,245000,0,0,0,0,0,0,0,0,0,0,0,0,0,0,0,0,0,0,0,0,0,0,0,0,0,0,0,0,0,0,0,0,0,0,0,0,0,0,0,0,0,0,0,0,0,0,0,0,0,0,0,0,0,0,0,0,0,0,0,0,0,0,0,0,0,0,0,0,0,0,0,0,0,0,0,0,0,0,0,0,0,0,0,0,0,0,0,0,0,0,0,0,0,0,0,0,0,0,0,0,0,0,0,0,0,0,0,419330000,0,0,0,0,0,0,0,0,0,0,0,0,0,0,0,0
"NER",0,0,0,0,0,0,0,0,0,0,0,0,0,0,0,0,0,0,0,0,0,0,0,0,0,0,0,0,0,0,0,0,0,0,0,0,0,0,0,0,0,0,0,0,0,0,0,0,0,0,0,0,0,161480000,0,0,0,0,0,0,0,0,0,0,0,0,0,0,0,0,0,0,0,0,0,0,0,0,0,0,0,0,0,0,0,0,0,0,0,0,0,0,0,0,0,0,0,0,0,0,0,0,0,0,0,0,0,0,0,0,0,0,0,0,0,0,0,0,0,0,0,0,0,0,0,0,0,0,0,0,0,0,0,0,0,0,0,0,0,0,0,0,0,0,0,0,0,0,0,0,0,0,0,0,0,0,0,0,0,0,0,0,0,0,0,0,0,0,0,0,0,0,0,0,0,0,0,0,0,0,0,0,0,0,0,0,0,0,0,0,0,0,0,0,0
"NGA",0,0,0,0,0,0,0,0,0,0,0,0,0,0,0,0,0,0,0,0,0,0,0,0,0,0,0,0,0,0,0,0,0,0,0,0,0,0,0,0,0,0,0,0,0,0,0,0,0,0,0,0,0,0,0,0,0,0,0,0,0,0,0,0,0,0,0,0,0,0,0,0,0,0,0,0,0,0,0,0,0,0,0,0,0,0,0,0,0,0,0,0,0,0,0,0,0,0,0,0,0,0,0,0,0,0,0,0,0,0,0,0,0,0,0,0,0,0,0,0,0,0,0,0,0,0,0,0,0,0,0,0,0,0,0,0,0,0,0,0,0,0,0,0,0,0,0,0,0,0,0,0,0,0,0,0,0,0,0,0,0,0,0,0,0,0,0,0,0,0,0,0,0,0,0,0,0,0,0,0,0,0,0,0,0,0,0,0,0,0,0,0,0,0,0
"NOR",0,0,0,0,0,0,0,0,0,0,0,0,0,0,0,0,0,0,0,0,0,0,0,0,0,245000,0,0,0,0,0,0,0,0,0,0,0,0,0,0,0,40550000,0,0,0,0,0,0,0,0,0,0,36505000,0,0,0,0,0,0,11270000,0,0,0,0,0,0,0,0,0,0,0,0,0,0,845760000,0,0,0,0,0,0,26705000,0,0,0,1960000,0,0,0,0,0,0,0,0,0,0,0,0,0,1835000,0,0,0,0,0,0,0,0,0,0,0,0,0,0,0,0,735000,0,0,0,0,0,0,0,245000,0,0,0,0,0,0,0,0,0,0,0,0,0,0,0,0,0,980000,0,0,0,0,0,0,0,0,0,0,0,0,0,2940000,0,0,0,844825000,735000,0,0,0,0,2695000,0,0,0,0,0,0,0,0,0,5150000,0,76990000,0,0,0,0,0,0,0,0,0,980000,0,0,0,0,0,0
"PAK",0,991020000,0,0,0,0,1840000,0,0,0,0,0,0,0,0,0,0,0,0,0,0,0,0,0,0,0,0,0,0,0,0,0,0,0,0,0,0,0,0,0,0,0,0,0,0,0,0,0,0,0,0,0,0,0,0,0,0,0,0,0,0,0,0,0,0,0,0,0,0,0,0,0,0,0,0,0,0,0,0,0,0,0,0,0,0,0,0,0,0,0,1840000,0,0,0,0,0,0,0,0,0,0,0,0,0,0,0,0,0,0,0,0,0,0,0,0,0,0,0,0,0,0,0,0,0,0,0,0,0,0,0,0,0,0,0,0,0,0,0,0,0,0,0,0,0,0,0,0,9200000,0,0,0,0,0,0,0,0,0,0,0,0,0,0,0,0,0,0,0,0,0,0,0,0,0,0,0,0,0,0,0,0,0,0,0,0,0,0,0,0,0,0,0,0,0,0,0
"PAN",0,0,0,0,0,0,0,0,0,0,0,0,0,0,0,0,0,0,0,0,0,0,0,0,0,0,0,0,0,0,0,0,0,0,0,0,0,0,0,0,0,0,0,0,0,0,0,0,0,0,0,0,0,0,0,0,0,0,0,0,0,0,0,0,0,0,0,0,0,0,3430000,0,0,0,0,0,0,0,0,0,0,0,0,0,0,0,0,0,0,0,0,0,0,0,0,0,0,0,0,0,0,0,0,0,0,0,0,0,0,0,0,0,0,0,0,0,0,0,0,0,0,0,0,0,0,0,0,0,0,0,0,0,0,0,0,0,0,0,0,0,0,0,0,0,0,0,0,0,0,0,0,0,0,0,0,0,0,0,0,0,0,0,0,0,0,0,0,0,0,0,0,0,0,0,0,0,0,0,0,0,0,0,0,0,0,0,0,0,0,0,0,0,0,0,0
"CZE",82810000,0,57575000,0,0,11515000,537040000,147227985000,0,2205000,0,0,0,0,0,0,2205000,0,0,0,0,437425000,0,0,0,1768415000,0,0,579600000,0,0,8575000,14945000,0,0,0,0,33665565000,1694225000,312395000,404495000,940555000,0,0,1262055000,0,0,0,0,403270000,0,0,2644285000,692580000,0,0,3346420000,0,0,705468065000,76445000,0,0,534100000,0,0,0,8575000,0,0,17050000,29645000,25622805000,27383575000,239795000,245000,0,0,0,337120000,477260000,21781565000,0,4193960000,0,28777115000,490000,29440000,0,0,980000,156070000,0,773710000,0,0,0,4655000,0,3189860000,0,0,0,0,0,0,17395000,0,0,64400000,213030000,980000,7840000,40835330000,0,0,967380000,0,0,13720000,0,113835000,0,0,0,281045000,0,0,0,0,0,737840000,3680000,557593545000,7595000,0,0,0,0,0,122548735000,0,20802880000,0,0,0,0,230896040000,0,0,0,30569660000,91815425000,0,0,825160000,1100050000,0,7340000,0,6791645000,5872975000,2940000,0,245000,0,0,2695000,0,143520000,0,27760180000,37975000,30870000,0,0,30457550000,6983055000,9688565000,0,0,147200000,0,4076995000,0,0,0,0,3714185000,25970000,12030475000,6661975000,0,0,0
"PNG",0,0,0,0,0,0,0,0,0,0,0,0,0,0,0,0,0,0,0,0,0,0,0,0,0,0,0,0,0,0,0,0,0,0,0,0,0,0,0,0,0,0,0,0,0,0,0,0,0,0,0,0,0,0,0,0,0,0,0,0,0,0,0,0,0,0,0,0,0,0,0,0,0,0,0,0,0,0,0,0,0,0,0,0,0,0,0,0,0,0,0,0,0,0,0,0,0,0,0,0,0,0,0,0,0,0,0,0,0,0,0,0,0,0,0,0,0,0,0,0,0,0,0,0,0,0,0,0,0,0,0,0,0,0,0,0,0,0,0,0,0,0,0,0,0,0,0,0,0,0,0,0,0,0,0,0,0,0,0,0,0,0,0,0,0,0,0,0,0,0,0,0,0,0,0,0,0,0,0,0,0,0,0,0,0,0,0,0,0,0,0,0,0,0,0
"PRY",0,0,0,0,0,296205000,0,0,0,0,0,0,0,0,257880000,0,0,0,0,0,0,0,0,0,0,3670000,0,0,0,0,0,0,0,0,0,0,0,0,0,0,0,0,0,0,0,0,0,0,0,0,0,0,0,0,0,0,0,0,0,0,0,0,0,0,0,0,0,0,0,0,0,0,0,0,0,0,0,0,0,0,0,0,0,0,0,0,0,0,0,0,0,0,0,0,0,0,0,0,0,0,0,0,0,0,0,0,0,0,0,0,0,0,0,0,0,0,0,0,0,0,0,0,0,0,0,0,0,0,0,0,0,0,0,0,0,0,0,0,0,0,0,0,0,0,0,0,0,0,0,0,0,0,0,0,0,0,9555000,0,0,0,0,0,0,0,0,0,0,0,0,0,0,0,0,0,0,0,0,0,15670000,0,0,0,0,0,0,0,0,0,0,0,0,0,0,0,0
"PER",0,0,0,0,0,0,0,0,0,0,0,0,0,0,7340000,0,36995000,0,0,0,0,0,0,0,0,1960000,0,0,0,0,1338925000,0,0,0,0,0,4655000,0,0,0,0,0,0,0,0,190360000,0,0,0,0,0,0,0,0,0,0,0,0,0,490000,0,0,0,0,0,0,0,0,0,0,735000,0,0,0,0,0,0,0,0,0,0,12930000,0,0,0,40425000,0,0,0,0,0,0,0,0,0,0,0,0,0,0,0,0,0,0,0,0,0,0,0,0,0,0,0,0,0,0,0,0,0,0,0,0,0,0,0,0,0,2450000,0,0,0,0,0,0,0,0,0,0,0,0,0,0,0,0,0,0,0,0,0,0,0,0,0,0,0,0,121710000,0,0,0,4165000,2450000,0,0,0,0,0,0,0,0,0,0,0,0,0,0,375340000,0,970930000,0,0,0,34860000,0,0,0,0,0,1715000,0,0,0,0,0,0
"PHL",0,0,0,0,0,0,186475000,0,0,61245000,0,0,0,4165000,0,0,0,0,0,23030000,20185000,0,0,0,47710000,122025000,0,0,99830000,0,0,2205000,0,0,0,0,8330000,0,0,0,365165000,0,0,0,0,0,0,0,23275000,0,0,0,0,0,9175000,0,0,0,0,0,0,42205000,35770000,3670000,0,0,0,0,0,0,0,2589970000,0,0,1470000,8820000,2040520000,0,0,0,51570000,23005000,0,0,0,224390000,0,0,0,0,0,444760000,18350000,0,0,65260000,0,0,0,0,0,0,0,2340185000,132665000,0,0,0,14680000,0,0,0,0,0,0,12495000,2450000,0,0,0,0,33555000,0,0,23855000,0,110100000,27440000,0,13340000,0,0,0,0,0,0,0,0,77520000,0,0,0,10290000,0,0,0,0,120015000,0,0,0,0,0,1302165000,0,31360000,1960000,0,0,0,0,5145000,0,0,5298025000,0,434820000,0,1835000,71565000,0,0,0,342140000,0,0,32430000,0,1198855000,0,9175000,0,0,42310000,0,0,0,0,2695000,0,0,0,0,0,0
"POL",0,0,2205000,0,0,0,181545000,19110000,735000,0,0,0,0,0,0,0,980000,0,0,0,0,245000,0,0,0,1788255000,0,0,0,0,0,12740000,245000,0,0,0,0,3.68e+09,11515000,607445000,26460000,21046155000,0,0,260350000,0,0,0,0,571455000,0,0,40670000,2602790000,0,0,0,0,0,237016850000,0,4655000,0,81745000,0,0,0,0,0,0,735000,5145000,2374635000,110005000,4405860000,55200000,0,0,0,2177050000,325605000,1537825000,0,7595000,0,0,4410000,0,0,117760000,7840000,1715000,0,13965000,0,7105000,0,0,38535000,948255000,0,0,0,29440000,0,0,4900000,0,0,23520000,0,0,0,16600000,0,0,17526060000,0,0,0,0,0,0,4165000,0,1999375000,0,13230000,14141770000,0,0,0,0,0,490000,0,0,0,0,58880000,15435000,0,13720000,0,0,0,0,0,0,0,0,135730000,710745000,2940000,0,367190000,7338535000,0,0,0,3403070000,5635000,0,0,0,0,0,0,0,0,8820000,148581620000,18645000,153125000,0,0,27928610000,153540000,5884500000,0,0,0,0,7360000,0,0,0,0,758145000,5635000,72365000,0,0,0,0
"PRT",0,0,0,0,255780000,0,233730000,3430000,0,0,0,0,0,0,0,0,3185000,0,0,0,0,0,0,0,0,123970000,5884400000,0,0,0,0,7350000,0,0,735000,0,0,0,0,0,0,735000,0,0,0,0,0,0,32095000,27930000,0,0,0,5943210000,0,0,0,5390000,1715000,1293310000,0,0,0,0,0,0,0,595840000,0,0,0,490000,735000,38710000,0,1470000,245000,0,0,245000,0,386855000,0,0,0,4410000,0,0,0,0,0,10045000,0,0,0,0,0,0,0,0,46060000,0,0,0,0,0,1715000,4165000,0,0,0,735000,23765000,0,6.37e+08,0,99960000,0,245000,0,0,0,0,0,0,14210000,0,37975000,0,0,0,0,0,8575000,0,2210390000,15435000,0,0,0,0,0,0,0,0,0,3621980000,0,0,0,0,0,0,0,0,17150000,150831305000,0,0,0,42385000,3776675000,0,0,0,0,0,0,0,0,0,0,0,0,0,0,1767935000,0,769055000,0,0,0,0,0,0,0,5880000,0,453005000,1863470000,0,0,0,0,0
"GNB",0,0,0,0,0,0,0,0,0,0,0,0,0,0,0,0,0,0,0,0,0,0,0,0,0,0,0,0,0,0,0,0,0,0,0,0,0,0,0,0,0,0,0,0,0,0,0,0,0,0,0,0,0,0,0,0,0,0,0,0,0,0,0,0,0,0,0,0,0,0,0,0,0,0,0,0,0,0,0,0,0,0,0,0,0,0,0,0,0,0,0,0,0,0,0,0,0,0,0,0,0,0,0,0,0,0,0,0,0,0,0,0,0,0,0,0,0,0,0,0,0,0,0,0,0,0,0,0,0,0,0,0,0,0,0,0,0,0,0,0,0,0,0,0,0,0,0,0,0,0,0,0,0,0,0,0,0,0,0,0,0,0,0,0,0,0,0,0,0,0,0,0,0,0,0,0,0,0,0,0,0,0,0,0,0,0,0,0,0,0,0,0,0,0,0
"TLS",0,0,0,0,0,0,0,0,0,0,0,0,0,0,0,0,0,0,0,0,0,0,0,0,0,0,0,0,0,0,0,0,0,0,0,0,0,0,0,0,0,0,0,0,0,0,0,0,0,0,0,0,0,0,0,0,0,0,0,0,0,0,0,0,0,0,0,0,0,0,0,0,0,0,0,0,0,0,0,0,0,0,0,0,0,0,0,0,0,0,0,0,0,0,0,0,0,0,0,0,0,0,0,0,0,0,0,0,0,0,0,0,0,0,0,0,0,0,0,0,0,0,0,0,0,0,0,0,0,0,0,0,0,0,0,0,0,0,0,0,0,0,0,0,0,0,0,0,0,0,0,0,0,0,0,0,0,0,0,0,0,0,0,0,0,0,0,0,0,0,0,0,0,0,0,0,0,0,0,0,0,0,0,0,0,0,0,0,0,0,0,0,0,0,0
"ERI",0,0,0,0,0,0,0,0,0,0,0,0,0,0,0,0,0,0,0,0,0,0,0,0,0,0,0,0,0,0,0,0,0,0,0,0,0,0,0,0,0,0,0,0,0,0,0,0,0,0,0,0,0,0,0,0,0,0,0,0,0,0,0,0,0,0,0,0,0,0,0,0,0,0,0,0,0,0,0,0,0,0,0,0,0,0,0,0,0,0,0,0,0,0,0,0,0,0,0,0,0,0,0,0,0,0,0,0,0,0,0,0,0,0,0,0,0,0,0,0,0,0,0,0,0,0,0,0,0,0,0,0,0,0,0,0,0,0,0,0,0,0,0,0,0,0,0,0,0,0,0,0,0,0,0,0,0,0,0,0,0,0,0,0,0,0,0,0,0,0,0,0,0,0,0,0,0,0,0,0,0,0,0,0,0,0,0,0,0,0,0,0,0,0,0
"QAT",0,0,0,0,0,0,0,0,0,25250000,0,0,0,0,0,0,0,0,0,0,0,0,0,0,0,0,0,0,0,0,0,0,0,0,0,0,0,0,0,0,0,0,0,0,0,0,0,0,0,0,0,0,0,0,0,0,0,0,0,0,0,0,0,0,0,0,0,0,0,0,0,0,0,0,0,0,0,0,0,0,0,0,0,0,0,0,0,0,0,0,0,0,0,0,0,0,0,0,0,0,0,0,0,0,0,0,0,0,0,0,0,0,0,0,0,0,0,0,0,0,0,0,0,0,0,0,0,0,0,0,0,0,0,0,0,0,0,0,0,0,0,0,0,0,0,0,0,20820000,0,0,0,0,0,0,0,0,0,0,0,0,0,0,0,0,0,0,0,0,0,0,0,0,0,962800000,0,0,0,0,0,0,0,0,0,0,0,0,0,0,0,0,0,0,0,0,0
"ZWE",0,0,0,0,0,0,0,0,0,0,0,0,0,0,0,4235680000,0,0,0,0,0,0,0,9200000,0,0,0,0,0,0,0,0,0,0,4.508e+09,0,0,0,0,0,0,0,0,0,0,0,0,0,0,0,0,0,0,0,0,0,0,0,0,0,0,0,0,0,0,0,0,0,0,0,0,0,0,0,0,0,0,0,0,0,0,0,0,0,0,0,0,0,0,0,0,0,0,0,0,0,2035040000,0,0,0,0,0,14720000,0,0,0,0,0,0,0,0,0,0,0,0,0,0,0,0,0,0,0,0,0,0,0,0,0,0,0,0,0,0,0,0,0,0,0,0,0,0,0,0,0,0,0,0,0,0,0,0,0,0,0,0,0,0,0,0,0,0,0,0,0,0,0,0,0,0,0,0,0,0,0,0,0,0,0,0,0,0,0,0,0,0,0,3.128e+09,8866960000,0,0,0,0,0,0,0
"ROU",0,0,0,0,490000,0,0,368035000,2205000,0,0,0,0,0,0,0,0,0,0,0,0,848960000,0,0,0,0,0,0,0,0,0,0,0,0,0,0,0,0,123105845000,0,245000,0,0,0,0,0,0,0,0,0,0,0,0,0,0,0,0,0,0,56945000,0,0,0,81431170000,0,0,0,0,0,0,0,8820000,905535000,3430000,0,0,0,0,7595000,980000,25387190000,10943220000,0,0,0,0,0,0,0,0,0,245000,0,0,0,0,0,3920000,0,0,0,0,0,0,0,0,8167445000,0,0,0,0,0,0,1479800000,0,0,1470000,0,0,0,0,0,0,0,0,0,0,735000,17885000,0,0,0,0,0,0,0,0,0,0,0,0,0,66645000,0,0,2450000,0,97183040000,0,0,0,0,0,735000,0,0,720245000,0,0,0,0,549460000,3017880000,0,0,0,0,0,0,0,0,38855620000,26939270000,0,0,0,2338100000,66400000,36505000,0,0,0,0,0,0,0,0,0,980000,0,5732205000,0,0,0,0
"RWA",0,0,0,0,0,0,0,0,0,0,0,0,0,0,0,0,0,0,0,0,0,0,0,0,0,0,0,0,0,0,0,0,0,0,0,0,0,0,0,0,0,0,0,0,0,0,0,0,0,0,0,0,0,0,0,0,0,0,0,0,0,0,0,0,0,0,0,0,0,0,0,0,0,0,0,0,0,0,0,0,0,0,0,0,0,0,0,0,0,0,0,0,0,0,0,0,0,0,0,0,0,0,0,0,0,0,0,0,0,0,0,0,0,0,0,0,0,0,0,0,0,0,0,0,0,0,0,0,0,0,0,0,0,0,0,0,0,0,0,0,0,0,0,0,0,0,0,0,0,0,0,0,0,0,0,0,0,0,0,0,0,0,0,0,0,0,0,0,0,0,0,0,0,0,24010000,0,0,0,0,0,0,0,0,0,0,0,379995000,0,1960000,0,0,0,0,0,0
"RUS",18168425000,0,0,16070460000,0,0,27210000,0,0,13475000,0,0,0,0,0,0,0,0,2695000,0,0,490000,0,0,0,63205000,0,0,0,0,0,247695000,0,0,6370000,0,0,15190000,96957765000,3715980000,0,3372585000,0,0,0,0,81064440000,0,0,1030225000,0,0,34545000,27195000,0,0,20500525000,0,0,21260595000,0,0,0,228071845000,0,0,0,0,0,0,0,0,48578240000,0,0,0,0,38329400000,41405000,38465000,320340510000,41409190000,12985000,279746375000,0,95317810000,492263040000,14175650000,0,0,16660000,119335000,76844720000,23001330000,0,81441260000,0,0,114448700000,9855775000,0,0,0,0,0,0,4165000,0,0,5880000,1629905000,21028880000,0,9895610000,0,0,1225000,0,0,0,0,4410000,0,0,0,634120000,0,0,4655000,0,0,0,0,88690000,81095000,0,0,0,0,0,4.6e+09,0,0,0,0,0,0,2404715840000,0,0,0,0,0,0,0,0,210210000,0,6174215000,0,0,4708035000,155186760000,5392615000,8820000,0,0,0,0,0,0,386909480000,19130375000,104745865000,0,0,474810000,291593805000,1689265000,0,0,2145350000,0,0,0,0,0,0,1960000,0,3495290000,0,0,0,0
"KNA",0,0,0,0,218540000,0,0,0,0,0,35035000,0,0,0,0,0,0,0,0,0,0,0,0,0,0,0,0,0,0,0,0,0,0,0,0,0,0,0,0,0,0,0,92365000,0,0,0,0,0,0,0,0,0,0,24745000,0,0,0,0,0,0,0,0,0,0,0,84770000,0,0,0,0,0,0,0,0,0,0,0,0,0,0,0,0,0,0,0,0,0,0,0,0,0,0,0,0,0,0,0,0,0,0,0,0,0,0,0,0,0,0,0,0,0,0,0,0,0,0,0,0,0,0,0,0,0,0,0,0,0,0,0,0,0,0,0,0,0,0,0,0,0,0,0,0,0,0,1.96e+08,144795000,0,0,0,0,0,0,0,0,0,0,0,0,0,0,0,0,0,0,0,0,0,0,0,86730000,0,0,0,0,0,0,16560000,0,52675000,0,0,0,0,0,0,0,0,0,0,0,0,0,0,0,0
"LCA",0,0,0,0,701680000,0,0,0,735000,0,2243220000,0,0,0,0,0,0,0,92365000,0,0,0,0,0,0,0,0,0,0,0,0,0,0,0,0,0,0,0,0,0,0,0,331730000,0,0,0,0,0,0,0,0,0,0,93100000,0,0,0,0,0,0,0,0,0,0,0,378525000,0,0,55125000,0,0,0,0,0,0,0,0,0,0,0,0,0,0,0,12495000,0,0,0,0,0,0,0,0,0,0,0,0,0,0,0,0,0,0,0,0,0,0,0,0,0,0,0,0,0,0,0,0,0,0,0,0,0,0,0,0,0,0,0,0,0,0,0,0,0,0,0,0,0,0,0,0,0,0,170275000,0,272195000,0,0,0,0,0,0,0,0,0,0,0,0,0,0,0,0,0,0,0,0,0,0,0,5036710000,0,0,0,0,0,0,4410000,0,980000,0,0,0,0,0,0,0,0,0,0,0,0,0,0,0,0
"VCT",0,0,0,0,0,0,0,0,0,0,1960000,0,0,0,0,0,0,0,0,0,0,0,0,0,0,0,0,0,0,0,0,0,0,0,0,0,0,0,0,0,0,0,0,0,0,0,0,0,0,0,0,0,0,0,0,0,0,0,0,0,0,0,0,0,0,11515000,0,0,0,0,0,0,0,0,0,0,0,0,0,0,0,0,0,0,0,0,0,0,0,0,0,0,0,0,0,0,0,0,0,0,0,0,0,0,0,0,0,0,0,0,0,0,0,0,0,0,0,0,0,0,0,0,0,0,0,0,0,0,0,0,0,0,0,0,0,0,0,0,0,0,0,0,0,0,735000,0,0,0,0,0,0,0,0,0,0,0,0,0,0,0,0,0,0,0,0,0,0,0,0,0,0,0,0,0,0,0,31525000,0,7350000,0,0,0,0,0,0,0,0,0,0,0,0,0,0,0,0
"STP",0,0,0,0,0,0,0,0,0,0,0,0,0,0,0,0,0,0,0,0,0,0,0,0,0,0,0,0,0,0,0,0,0,0,0,0,0,0,0,0,0,0,0,0,0,0,0,0,0,0,0,0,0,0,0,0,0,0,0,0,0,0,0,0,0,0,0,0,0,0,0,0,0,0,0,0,0,0,0,0,0,0,0,0,0,0,0,0,0,0,0,0,0,0,0,0,0,0,0,0,0,0,0,0,0,0,0,0,0,0,0,0,0,0,0,0,0,0,0,0,0,0,0,0,0,0,0,0,0,0,0,0,0,0,0,0,0,0,0,0,0,0,0,0,0,0,0,0,0,0,0,0,0,0,0,0,0,0,0,0,0,0,0,0,0,0,0,0,0,0,0,0,0,0,0,0,0,0,0,0,0,0,0,0,0,0,0,0,0,0,0,0,0,0,0
"SAU",0,0,0,0,0,0,0,0,0,0,0,0,0,0,0,0,0,0,0,0,0,0,0,0,0,0,0,0,0,0,0,0,0,0,0,0,0,0,0,0,0,0,0,0,0,0,1840000,0,0,0,0,0,0,0,0,0,0,0,0,3680000,0,0,0,0,0,0,0,0,0,0,0,0,0,0,0,0,0,0,0,0,0,0,0,0,0,0,0,0,0,0,0,0,122945000,0,0,0,0,0,0,0,0,0,0,0,0,0,0,0,0,0,0,0,0,0,0,0,0,0,0,0,0,0,0,0,0,0,0,0,0,0,0,0,0,0,0,0,0,0,6640000,0,0,0,0,0,0,0,0,0,0,0,0,0,0,0,0,0,0,0,0,0,0,0,0,0,0,0,0,0,0,0,0,0,0,0,0,0,0,0,0,0,0,0,0,0,0,9951700000,0,0,0,0,0,0,0,0,0
"SEN",0,0,0,0,0,0,0,0,0,0,0,0,0,0,0,0,0,0,0,0,0,0,0,0,0,0,0,0,0,0,0,0,0,0,16560000,0,0,0,0,0,0,0,0,0,0,0,0,0,0,0,0,0,0,2940000,0,0,0,0,2139615000,0,0,0,0,0,0,0,0,1310190000,0,0,0,0,0,0,0,0,0,0,0,0,0,0,148900000,0,0,0,0,0,0,0,0,0,0,0,0,0,0,0,0,0,0,0,0,0,0,6370000,0,1071750000,0,0,0,0,0,0,0,0,0,0,0,0,0,0,0,0,0,0,0,0,0,0,0,0,0,0,0,1175135000,0,0,0,0,0,0,0,0,0,0,0,0,0,0,0,0,0,0,0,0,0,0,0,0,0,0,0,0,0,0,0,0,0,0,0,0,0,0,0,0,0,0,0,126695000,0,0,0,0,0,0,0,0,0,0,0,0,0,0,0
"SYC",0,0,0,0,0,0,0,0,0,0,0,0,0,0,0,0,0,0,0,0,0,0,0,0,0,0,0,0,0,0,0,0,0,0,0,0,0,0,0,0,0,0,0,0,0,0,0,0,0,0,0,0,0,0,0,0,0,0,0,0,0,0,0,0,0,0,0,0,0,0,0,0,0,0,0,0,0,0,0,0,0,0,0,0,0,0,0,0,0,0,0,0,0,0,0,0,0,0,0,0,0,0,0,735000,0,0,0,0,4165000,0,0,0,0,0,0,0,3430000,0,0,0,0,0,0,0,0,0,0,0,0,0,0,0,0,0,0,0,0,0,0,0,0,0,0,0,0,0,0,0,0,0,0,0,0,5880000,0,0,0,0,0,0,0,0,0,0,0,0,0,0,0,0,0,0,0,980000,0,0,490000,0,0,0,0,0,0,0,0,0,0,0,0,0,0,0,0,0,0
"SLE",0,0,0,0,0,0,0,0,0,0,0,0,0,0,0,0,0,0,0,0,0,0,0,0,0,0,0,0,0,0,0,0,0,0,0,0,0,0,0,0,0,0,0,0,0,0,0,0,0,0,0,0,0,0,0,0,0,0,0,0,0,0,0,0,0,0,0,0,0,0,0,0,0,0,0,0,0,0,0,0,0,0,0,0,0,0,0,0,0,0,0,0,0,0,0,0,0,0,0,0,0,0,0,0,0,0,0,0,0,0,0,0,0,0,0,0,0,0,0,0,0,0,0,0,0,0,0,0,0,0,0,0,0,0,0,0,0,0,0,0,0,0,0,0,0,0,0,0,0,0,0,0,0,0,0,0,0,0,0,0,0,0,0,0,0,0,0,0,0,0,0,0,0,0,0,0,0,0,0,0,0,0,0,0,0,0,0,0,0,0,0,0,0,0,0
"SVN",0,0,0,0,0,0,2940000,1004830000,0,0,0,0,0,0,0,0,0,0,0,0,0,735000,0,0,0,85015000,0,0,0,0,0,0,0,0,0,0,0,0,245000,0,0,980000,0,0,0,0,0,0,0,0,0,0,0,12005000,0,0,0,0,0,28665000,3286535000,0,0,13965000,0,0,0,0,0,0,0,0,84525000,4967150000,0,0,0,0,0,0,0,12548490000,0,0,0,0,29360000,0,0,0,0,0,0,0,0,0,0,0,0,0,0,0,0,0,0,0,8330000,0,0,0,0,0,0,0,0,0,30625000,0,0,867300000,0,0,0,0,0,0,0,0,0,0,0,0,0,22785000,0,0,0,0,0,0,27545000,0,66400000,0,0,0,0,0,0,0,0,0,0,0,0,0,490000,0,0,0,980000,9800000,0,0,0,0,0,4655000,0,0,0,0,0,0,0,0,0,0,12985000,0,0,0,0,0,0,0,0,0,1715000,0,1683650000,462125000,0,0,0
"SVK",2848320000,0,1251200000,0,0,0,5390000,82686915000,0,0,0,0,0,0,0,0,0,0,0,0,0,6296480000,0,0,0,182525000,0,0,0,0,0,0,0,0,0,0,0,4132640000,202520000,2434320000,0,169865000,0,0,220800000,0,0,0,0,15435000,0,0,4900000,0,0,0,1085600000,0,0,5617955000,8380880000,0,0,0,0,0,0,0,0,0,0,0,90498940000,9160010000,0,0,0,0,0,2940000,490000,44255985000,0,861920000,0,0,0,0,0,0,0,0,33047280000,22785000,0,0,0,0,0,199785000,0,0,0,0,0,0,0,0,0,0,0,0,0,2226630000,0,0,843280000,0,0,14793600000,0,0,0,0,0,0,0,0,139564060000,0,0,0,0,298440440000,90160000,0,0,0,0,0,115697815000,0,24655620000,0,0,0,0,0,0,0,0,8173900000,0,0,0,0,0,0,533600000,0,0,3920000,0,1736960000,0,0,0,0,0,0,0,155985220000,0,0,0,0,67130000,10606245000,239730000,0,0,434240000,0,0,0,0,0,0,4.15e+08,0,13081025000,0,0,0,0
"SGP",0,8330000,0,0,0,0,2555375000,0,0,2695000,0,507690000,0,0,0,0,0,0,0,8330000,1785785000,0,206345000,0,0,208740000,0,0,213665000,0,0,121520000,0,0,0,0,0,0,10070000,0,12985000,102900000,0,0,0,0,0,0,0,0,0,45080000,2450000,9065000,1740000,0,0,0,0,66640000,0,12985000,0,6860000,0,0,0,0,0,0,0,56255000,0,0,0,636265000,7059185000,0,0,249410000,0,16905000,0,6125000,0,61495000,0,0,0,4211330000,274890000,162680000,0,2205000,210700000,0,0,13230000,0,0,0,6615000,0,13705485000,433400000,0,0,0,36520000,0,547330000,0,0,0,0,27685000,166600000,0,0,0,2940000,329525000,0,0,0,12250000,147765000,0,0,6615000,0,0,1337550000,0,0,12740000,0,0,53655000,0,0,0,4655000,0,0,0,0,0,0,31635000,0,0,0,0,0,11025000,29645000,0,0,0,103635000,18130000,0,0,349615000,0,5655135000,0,0,0,144305000,0,490000,437325000,0,0,3234770000,0,518945000,0,0,0,0,1021630000,0,0,0,0,10535000,0,0,0,0,0,0
"SOM",0,0,0,0,0,0,0,0,0,0,0,0,0,0,0,0,0,0,0,0,0,0,0,0,0,0,0,0,0,0,0,0,0,0,0,0,0,0,0,0,0,0,0,0,0,0,0,0,0,0,0,0,0,0,0,0,0,0,0,0,0,0,0,0,0,0,0,0,0,0,0,0,0,0,0,0,0,0,0,0,0,0,0,0,0,0,0,0,0,0,0,0,0,0,0,0,0,0,0,0,0,0,0,0,0,0,0,0,0,0,0,0,0,0,0,0,0,0,0,0,0,0,0,0,0,0,0,0,0,0,0,0,0,0,0,0,0,0,0,0,0,0,0,0,0,0,0,0,0,0,0,0,0,0,0,0,0,0,0,0,0,0,0,0,0,0,0,0,0,0,0,0,0,0,0,0,0,0,0,0,0,0,0,0,0,0,0,0,0,0,0,0,0,0,0
"ZAF",0,0,490000,0,0,0,12985000,0,0,2450000,0,0,0,0,0,0,735000,0,0,0,0,0,0,0,0,1094415000,0,0,0,0,0,0,0,216580000,980000,0,0,0,0,0,4410000,0,0,0,0,0,0,0,0,0,0,0,0,16665000,0,0,0,0,0,980000,0,38515000,0,3680000,0,0,0,1715000,0,0,0,245000,0,0,0,4316885000,0,0,0,245000,0,980000,0,0,0,980000,0,0,0,0,0,0,0,0,0,0,0,3430000,0,0,0,245000,42385000,0,0,490000,0,245000,104615000,0,0,7840000,1860980000,0,0,0,12740000,0,0,0,0,66490000,0,0,490000,0,0,9065000,0,0,0,0,0,0,0,0,0,0,0,706675000,0,245000,0,0,0,0,0,0,4410000,245000,0,0,0,735000,0,0,735000,0,0,0,36750000,245000,0,0,245000,1672805000,0,0,0,0,21805000,0,13475000,56595000,117110000,0,359415000,0,290575000,269010000,0,0,0,0,0,0,365430000,3110730000,245000,0,0,0,0,0,0
"ESP",0,2695000,0,0,0,3675000,132790000,58635000,0,0,0,1.84e+08,0,0,0,0,6615000,0,0,0,0,0,0,0,0,23765000,0,0,0,0,0,59780000,0,0,0,0,0,0,50247910000,4410000,0,132300000,0,980000,0,0,0,0,8404725000,17395000,0,0,104370000,61162590000,0,0,0,0,0,3041585000,23520000,9310000,0,26957960000,0,0,0,0,0,0,5145000,3185000,36260000,5079600000,13965000,0,0,0,0,9465525000,16905000,16861650000,18130000,0,0,72275000,7.885e+10,0,0,0,0,0,8.3e+07,0,0,59780000,0,15680000,21805000,28220000,0,0,0,0,0,0,7727845000,2872780000,0,133525000,0,228439720000,0,0,8820000,0,424660000,0,0,0,0,25725000,0,0,0,355005000,0,0,131140000,0,0,0,0,20335000,166538210000,67130000,0,0,0,0,7350000,0,0,0,0,0,0,625212440000,735000,0,0,0,245000,0,0,0,0,0,0,0,667380000,637730000,0,0,0,0,0,0,0,0,19920000,135031040000,160340000,4410000,0,0,43714320000,2695000,287385000,0,1225000,0,0,1087440000,0,0,0,0,191750000,5390000,0,0,0,0,0
"SUR",0,0,0,0,0,0,0,0,0,0,0,0,0,0,0,0,0,0,0,0,0,0,0,0,0,0,0,0,0,0,0,0,0,0,0,0,0,0,0,0,0,0,0,0,0,0,0,0,0,0,0,0,0,0,0,0,0,0,0,0,0,0,0,0,0,0,0,0,0,0,0,0,0,0,0,0,0,0,0,0,0,0,0,0,0,0,0,0,0,0,0,0,0,0,0,0,0,0,0,0,0,0,0,0,0,0,0,0,0,0,0,0,0,0,0,0,0,0,0,0,0,0,0,0,0,0,0,0,0,0,0,0,0,0,0,0,0,0,0,0,0,0,0,0,0,0,0,0,0,0,0,0,0,0,0,0,0,0,0,0,0,0,0,0,0,0,0,0,0,0,0,0,0,0,0,0,0,0,0,0,0,0,0,0,0,0,0,0,0,0,0,0,0,0,0
"TJK",0,0,0,0,0,0,0,0,0,0,0,0,0,0,0,0,0,0,0,0,0,0,0,0,0,0,0,0,0,0,0,0,0,0,0,0,0,0,0,0,0,0,0,0,0,0,0,0,0,0,0,0,0,0,0,0,0,0,0,0,0,0,0,0,0,0,0,0,0,0,0,0,0,0,0,0,0,0,0,0,0,0,0,0,0,0,0,0,0,0,0,0,0,0,0,0,0,0,0,0,0,0,0,0,0,0,0,0,0,0,0,0,0,0,0,0,0,0,0,0,0,0,0,0,0,0,0,0,0,0,0,0,0,0,0,0,0,0,0,0,0,0,0,0,0,0,0,0,0,0,0,0,0,0,0,0,0,0,0,0,0,0,0,0,0,0,0,0,0,0,0,0,0,0,0,0,0,0,0,0,0,0,0,0,0,0,0,0,0,0,0,0,0,0,0
"SWZ",0,0,0,0,0,0,0,0,0,0,0,0,0,0,0,0,0,0,0,0,0,0,0,0,0,0,0,0,0,0,0,0,0,0,0,0,0,0,0,0,0,0,0,0,0,0,0,0,0,0,0,0,0,0,0,0,0,0,0,0,0,0,0,0,0,0,0,0,0,0,0,0,0,0,0,0,0,0,0,0,0,0,0,0,0,0,0,0,0,0,0,0,0,0,0,0,0,0,0,0,0,0,0,0,0,0,0,0,203595000,0,0,0,0,0,0,0,0,0,0,0,0,0,0,0,0,0,0,0,0,0,0,0,0,0,0,0,0,0,0,0,0,0,0,0,0,0,0,0,0,0,0,0,0,0,0,150360000,0,0,0,0,0,0,0,0,0,0,0,0,0,0,0,0,0,0,0,0,0,0,0,0,0,0,0,0,0,0,0,0,0,0,0,0,0,0,0
"SWE",0,0,0,0,0,0,2940000,205715000,0,0,0,0,0,0,0,0,0,0,0,0,0,0,0,0,0,0,0,0,0,0,0,6860000,16734460000,0,0,0,6.072e+09,0,245000,0,0,149922065000,0,0,0,0,0,0,0,90890000,2695000,0,398055000,30135000,0,0,0,0,0,228832165000,0,735000,0,12005000,0,0,17481840000,0,0,0,16547120000,0,187350000,0,12627825000,0,0,0,0,24500000,1715000,64205000,245000,1.748e+09,0,40425000,0,0,0,0,0,0,0,398550000,0,0,0,0,0,9356855000,0,0,0,0,0,0,41500000,0,0,0,0,0,0,0,0,0,63418950000,0,0,0,0,20240000,6.072e+09,0,0,100082695000,0,0,19680000,0,0,245000,0,67997025000,21896830000,0,0,0,0,0,0,0,110944415000,0,0,0,0,2119670000,0,0,1960000,0,980000,1470000,0,4.554e+10,170348605000,0,0,0,0,44590000,0,0,0,0,0,0,0,0,0,0,3.32e+10,0,0,0,12793835000,0,87540000,0,0,0,185862080000,0,0,0,0,0,94967645000,0,0,0,0,0,0
"CHE",0,0,0,0,0,0,5635000,300905000,0,0,0,0,0,0,0,0,0,0,0,0,0,0,0,0,0,1470000,0,0,0,0,0,490000,0,0,6125000,0,7840000,0,0,0,0,980000,0,0,0,0,0,0,0,0,0,0,3185000,512785000,0,0,0,0,0,1342415000,0,0,0,0,0,0,0,0,0,0,0,980000,172235000,0,0,0,0,0,0,0,0,352310000,0,0,0,980000,0,0,0,0,0,0,0,0,0,0,0,0,0,0,0,0,0,0,0,0,0,0,0,0,0,0,0,0,0,0,0,0,0,0,0,0,0,0,0,0,0,0,245000,0,0,0,0,77280000,0,0,0,0,0,0,0,0,18865000,0,0,0,0,0,0,0,0,0,0,0,0,0,1225000,0,0,0,0,0,0,0,2695000,0,0,0,0,0,0,0,0,0,0,0,7105000,0,6370000,0,0,0,0,0,0,0,0,0,3675000,0,0,0,0,0,0
"SYR",0,0,0,0,0,0,0,0,0,0,0,0,0,0,0,0,0,0,0,0,0,0,0,0,0,0,0,0,0,0,0,0,0,0,0,0,0,0,0,0,0,0,0,0,0,0,0,0,0,0,0,0,0,0,0,0,0,0,0,0,0,0,0,0,0,0,0,0,0,0,0,0,0,0,0,0,0,0,667320000,0,0,0,0,0,0,0,0,0,0,0,0,0,0,0,0,0,0,0,0,0,0,0,0,0,0,0,0,0,0,0,0,0,0,0,0,0,0,0,0,0,0,0,0,0,0,0,0,0,0,0,0,0,0,0,0,0,0,0,0,0,0,0,0,0,0,0,0,0,0,0,0,0,0,0,0,0,0,0,0,0,0,0,0,0,0,0,0,0,0,0,0,0,0,0,0,0,0,0,0,0,0,0,0,0,0,0,0,0,0,0,0,0,0,0,0
"TKM",0,0,0,0,0,0,0,0,0,0,0,0,0,0,0,0,0,0,0,0,0,0,0,0,0,0,0,0,0,0,0,0,0,0,0,0,0,0,0,0,0,0,0,0,0,0,0,0,0,0,0,0,0,0,0,0,0,0,0,0,0,0,0,0,0,0,0,0,0,0,0,0,0,0,0,0,0,0,0,0,0,0,0,0,0,0,0,0,0,0,0,0,0,0,0,0,0,0,0,0,0,0,0,0,0,0,0,0,0,0,0,0,0,0,0,0,0,0,0,0,0,0,0,0,0,0,0,0,0,0,0,0,0,0,0,0,0,0,0,0,0,0,0,0,0,0,0,0,0,0,0,0,0,0,0,0,0,0,0,0,0,0,0,0,0,0,0,0,0,0,0,0,0,0,0,0,0,0,0,0,0,0,0,0,0,0,0,0,0,0,0,0,0,0,0
"TWN",0,0,0,0,0,0,0,0,0,0,0,0,0,0,0,0,0,0,0,0,0,0,0,0,0,490000,0,0,0,0,0,0,0,0,0,0,0,0,0,0,0,0,0,0,0,0,0,0,0,0,0,0,0,0,0,0,0,0,0,0,0,0,0,0,0,0,0,0,0,0,0,49975000,0,0,0,0,0,0,0,0,0,0,0,0,0,11270000,0,0,0,16415000,0,0,0,0,0,0,0,0,0,0,0,0,0,0,0,0,0,0,0,0,0,0,0,0,0,0,0,0,0,0,0,0,0,0,0,0,0,0,0,0,0,0,0,0,0,0,0,0,0,0,0,0,0,0,0,0,0,0,0,0,0,0,0,1225000,0,245000,0,0,0,0,0,0,0,0,0,0,0,0,0,0,0,0,0,0,0,0,1960000,0,29890000,0,0,0,0,245000,0,0,0,0,0,0,0,0,0,0,0
"TZA",0,0,0,0,0,0,0,0,0,0,0,0,0,0,0,0,0,0,0,0,0,0,0,1470000,0,0,0,0,0,0,0,0,0,0,48020000,0,0,0,0,0,0,0,0,0,0,0,0,0,0,0,0,0,0,0,0,0,0,0,0,0,0,0,0,0,0,0,0,0,0,0,0,0,0,0,0,0,0,0,0,0,0,0,0,0,0,0,0,0,599270000,0,0,0,0,0,0,0,0,0,0,0,0,0,0,0,0,0,0,0,0,0,0,0,0,0,0,0,2450000,0,0,0,0,0,0,0,0,0,0,0,0,0,0,0,0,0,0,0,0,0,0,0,0,0,0,0,0,0,0,0,0,0,0,0,0,0,0,0,0,0,0,0,0,1225000,0,0,0,0,0,0,0,0,3430000,0,0,0,92610000,0,4900000,0,0,0,0,0,0,0,0,0,306250000,980000,0,0,0,0,0,0,0
"THA",0,0,0,0,0,0,1509445000,2205000,0,10535000,0,0,0,0,0,0,0,0,0,17150000,0,0,4187910000,0,0,252350000,0,0,0,0,0,61245000,0,0,0,0,0,0,245000,0,0,37240000,0,0,0,0,0,0,0,0,0,3795000,12740000,364315000,0,0,0,0,0,78645000,0,0,0,0,0,0,0,65170000,0,0,0,245490000,0,0,490000,17875000,0,0,0,16415000,24010000,39200000,0,0,0,684775000,0,0,25480000,19192280000,37730000,184975000,0,0,653085000,0,0,1835000,0,0,0,0,0,1091520000,0,0,0,0,0,26705000,0,0,0,0,0,0,396655000,0,0,0,3670000,110250000,0,0,0,19355000,1835000,0,0,0,0,0,72275000,735000,0,0,0,0,0,0,0,0,32585000,0,0,0,0,0,0,0,0,0,0,2251915000,0,71785000,55125000,0,0,25480000,305270000,306985000,0,0,1690460000,4410000,0,0,0,0,0,0,0,2875065000,0,0,1351175000,0,1757995000,0,0,0,0,59770000,0,0,0,0,40425000,0,0,0,0,0,0
"TGO",0,0,0,0,0,0,0,0,0,0,0,0,0,0,0,0,0,0,0,0,0,0,0,0,0,0,0,0,0,0,0,0,0,0,0,0,0,0,0,0,180565000,0,0,0,0,0,0,0,0,0,0,0,0,24500000,0,0,0,0,0,0,0,199675000,0,0,0,0,0,0,0,0,0,0,0,0,0,0,0,0,0,0,0,0,37240000,0,0,0,0,0,0,0,0,0,0,0,0,0,0,0,0,0,0,0,0,0,0,31605000,0,0,0,0,0,0,0,0,0,0,0,0,0,0,0,0,0,14700000,0,0,0,0,0,0,0,0,0,0,0,2695000,0,0,0,0,0,0,0,0,0,0,0,0,50715000,0,0,0,0,0,0,0,0,0,0,0,0,0,0,0,0,0,0,0,0,0,0,0,0,0,0,0,0,0,0,40425000,0,0,0,0,0,0,0,0,0,0,0,0,0,0,0
"TON",0,0,0,0,0,0,0,0,0,0,0,0,0,0,0,0,0,0,0,0,0,0,0,0,0,0,0,0,0,0,0,0,0,0,0,0,0,0,0,0,0,0,0,0,0,0,0,0,0,0,0,0,0,0,0,0,0,0,0,0,0,0,0,0,0,0,0,0,0,0,0,0,0,0,0,0,0,0,0,0,0,0,0,0,0,0,0,0,0,0,0,0,0,0,0,0,0,0,0,0,0,0,0,0,0,0,0,0,0,0,0,0,0,0,0,0,0,0,0,0,0,0,0,0,0,0,0,0,0,0,0,0,0,0,0,0,0,0,0,0,0,0,0,0,0,0,0,0,0,0,0,0,0,0,0,0,0,0,0,0,0,0,0,0,0,0,0,0,0,0,0,0,0,0,0,0,0,0,0,0,0,0,0,0,0,0,0,0,0,0,0,0,0,0,0
"TTO",0,0,0,0,61975000,0,0,0,39200000,0,341895000,0,0,0,0,0,0,0,8330000,0,0,0,0,0,0,185955000,0,0,0,0,0,0,396360000,0,0,0,0,0,0,0,0,0,20190000,74235000,0,0,0,0,0,0,0,0,0,714420000,0,0,0,0,0,0,0,0,0,694820000,0,199180000,0,0,1429075000,0,0,0,0,0,2940000,0,0,0,0,0,0,0,0,0,82320000,5390000,0,0,0,0,0,0,0,0,0,0,0,0,0,0,0,0,0,0,0,0,0,0,0,0,0,0,0,0,0,0,0,0,0,0,0,0,0,0,0,0,0,0,0,0,0,0,0,0,0,0,0,0,0,0,0,0,0,78425000,127490000,103010000,0,0,0,0,0,0,0,0,0,0,0,134015000,0,0,4900000,0,0,0,0,0,0,0,0,0,0,0,0,0,0,0,74235000,0,482390000,0,0,0,0,0,0,0,0,0,0,0,0,0,0,0,0
"OMN",0,0,0,0,0,0,0,0,0,0,0,0,0,0,0,0,0,0,0,0,0,0,0,0,0,0,0,0,0,0,0,0,0,0,0,0,0,0,0,0,0,0,0,0,0,0,0,0,0,0,0,0,0,0,0,0,0,0,0,0,0,0,0,0,0,0,0,0,0,0,0,0,0,0,0,0,0,9960000,0,0,0,0,0,0,0,0,0,0,0,0,0,0,0,0,0,0,0,0,0,0,0,0,0,0,0,0,0,0,0,0,0,0,0,0,0,0,0,0,0,0,0,0,0,0,0,0,0,0,0,0,0,0,0,0,0,0,0,0,0,0,0,0,0,0,0,0,0,0,0,0,0,0,0,0,0,0,0,0,0,0,0,0,0,0,0,0,0,0,0,0,0,0,0,0,0,0,0,0,0,0,0,0,0,0,0,0,0,0,0,0,0,0,0,0,0
"TUN",0,0,0,0,0,0,0,0,0,0,0,0,0,0,0,0,0,0,0,0,0,0,0,0,0,0,0,0,0,0,0,0,0,0,0,0,0,0,0,0,0,0,0,0,0,0,0,0,0,0,0,0,0,27685000,0,0,0,0,0,0,0,0,0,0,0,0,0,0,0,0,0,0,0,0,0,0,0,0,0,0,0,0,0,0,0,735000,0,0,0,0,0,0,0,0,0,0,0,0,0,0,0,0,0,0,0,0,83790000,0,0,0,0,0,0,0,0,0,0,0,0,0,0,0,0,0,0,0,0,0,0,0,0,0,0,0,0,0,0,0,0,0,0,0,0,0,0,0,0,0,0,0,0,0,0,0,0,0,0,0,0,0,0,0,0,0,0,0,0,0,0,0,0,0,0,0,0,0,0,0,0,0,0,0,0,0,0,0,0,0,0,0,0,0,0,0,0
"TUR",0,0,29890000,282975000,0,6615000,19115000,281995000,0,314580000,0,2450000,0,0,0,128625000,0,0,0,0,0,107555000,0,0,0,30380000,0,0,0,0,3920000,0,0,4410000,8330000,0,7105000,0,107449330000,5337975000,4410000,54635000,0,0,0,0,0,0,4410000,0,0,0,8330000,289835000,0,4655000,1298145000,0,4165000,691025000,9800000,39935000,0,68845000,0,0,0,12005000,0,0,661745000,2450000,0,220745000,0,4655000,0,0,18568005000,13720000,784245000,473830000,9065000,0,0,51450000,25480000,0,11025000,0,0,14455000,0,4655000,0,5707435000,0,26460000,9.047e+09,4165000,0,8330000,0,0,0,0,53165000,0,0,0,3185000,8330000,0,7501550000,14700000,0,210945000,0,0,7350000,0,6125000,0,0,0,12985000,0,9310000,0,0,0,0,0,0,245000,9310000,0,0,120295000,0,142590000,2695000,264355000,0,0,0,0,5.51784e+11,11760000,0,195020000,25480000,0,33565000,0,368480000,59535000,22295000,0,0,47285000,358560000,334825450000,923400000,1470000,9800000,0,13475000,0,4410000,295225000,32544300000,0,620585000,35035000,0,1652820000,0,194530000,0,14210000,0,0,0,4410000,0,4165000,0,136465000,0,0,0,0,0,0
"ARE",0,0,0,0,0,0,0,0,0,327920000,0,0,0,0,0,0,0,0,0,0,0,0,0,0,0,0,0,0,23765000,0,0,0,0,0,0,0,0,0,0,0,0,0,0,0,0,0,0,0,0,0,0,0,0,0,0,0,0,0,0,0,0,0,0,0,0,0,0,0,0,0,0,0,0,0,0,0,0,527620000,650830000,0,0,0,0,0,0,68060000,29440000,0,0,0,0,0,1225000,0,0,0,0,0,0,0,0,0,0,0,0,0,0,0,0,0,0,0,0,0,0,0,8820000,0,0,0,0,0,0,0,0,0,6860000,0,0,0,0,0,0,0,0,0,0,0,7370400000,0,0,0,0,0,0,0,0,3680000,0,245000,0,0,0,0,49800000,0,0,0,0,0,0,0,0,0,0,0,0,0,0,0,205145000,0,0,0,0,0,0,490000,0,0,0,0,0,0,0,0,0,0,2205000,0,0,0,0,0,0
"UGA",0,0,0,0,0,6125000,0,0,0,0,0,0,0,0,0,0,0,0,0,0,0,0,0,4655000,0,0,0,0,0,0,0,0,11025000,0,3246005000,0,0,0,0,0,0,0,0,0,0,0,0,0,0,0,0,0,0,0,0,0,0,0,0,0,0,0,0,0,0,0,0,0,0,0,0,0,0,0,0,0,0,0,0,0,0,0,0,0,0,0,0,0,839310000,0,0,0,0,0,0,0,0,0,0,0,0,0,0,0,0,0,0,0,0,0,0,0,0,0,0,0,735000,0,0,0,0,0,0,0,0,0,0,0,0,0,0,0,0,0,0,0,0,0,0,0,0,120050000,0,0,0,0,0,0,0,0,0,0,0,0,0,0,0,0,0,0,3185000,0,0,0,0,0,0,0,0,0,0,0,0,0,0,0,8330000,0,4900000,0,0,0,0,0,0,0,871465000,0,0,0,0,0,0,0,0
"TUV",0,0,0,0,0,0,0,0,0,0,0,0,0,0,0,0,0,0,0,0,0,0,0,0,0,0,0,0,0,0,0,0,0,0,0,0,0,0,0,0,0,0,0,0,0,0,0,0,0,0,0,0,0,0,0,0,0,0,0,0,0,0,0,0,0,0,0,0,0,0,0,0,0,0,0,0,0,0,0,0,0,0,0,0,0,0,0,0,0,0,0,0,0,0,0,0,0,0,0,0,0,0,0,0,0,0,0,0,0,0,0,0,0,0,0,0,0,0,0,0,0,0,0,0,0,0,0,0,0,0,0,0,0,0,0,0,0,0,0,0,0,0,0,0,0,0,0,0,0,0,0,0,0,0,0,0,0,0,0,0,0,0,0,0,0,0,0,0,0,0,0,0,0,0,0,0,0,0,0,0,0,0,0,0,0,0,0,0,0,0,0,0,0,0,0
"GBR",0,12845000,11760000,40754660000,864795000,59100000,12273205000,1496350000,449520000,20580000,6022305000,2205000,0,0,0,7360000,3530440000,0,18130000,0,15675000,34665000,0,0,471040000,23070515000,0,0,463910000,0,30355000,10929250000,0,0,0,0,980000,0,19432140000,0,3185000,25364695000,912640000,402490000,4165000,11040000,39830000,0,0,22785000,0,0,2150590000,156089080000,0,7840000,0,29440000,0,422909040000,0,2387905000,0,3352065000,0,356960000,0,16560000,9.2e+07,0,327285000,1403830000,683905000,206845000,1687665000,10770000,841040000,36700000,3675000,349976600000,9833500000,44260005000,5750000,5505000,25179530000,347332835000,60190000,0,14085000,0,0,3693600000,18350000,59045000,0,507085000,0,0,0,34545000,31280000,0,3694720000,13073265000,0,0,6323975000,0,3882400000,831225000,0,12075995000,912640000,0,0,0,269299155000,0,0,11035000,0,1548810000,0,0,14712635000,13034935000,434895000,0,22340695000,0,0,0,90280000,33475310000,126605710000,0,0,0,28165000,0,8161500000,0,13413710000,107085000,1470000,2975280000,2205000,301805000,245000,2472960000,1835000,1470000,735000,7527250000,0,2387725000,288904075000,245000,0,5520000,35747750000,1499205000,217510000,0,8203625000,29322240000,97908520000,4165000,0,24733155000,35415000,70698700000,136290000,506655000,1547930000,0,0,55850000,79226595000,0,1715000,0,0,9857205000,0,45875000,0,0,69847130000,61740000,10900000,0,0,0,0
"UKR",6373475000,0,0,104434400000,0,0,20825000,33902180000,0,0,0,0,0,0,0,0,0,0,0,0,0,263120000,0,0,0,127720000,0,0,0,0,0,0,0,0,0,0,0,0,71470485000,14910685000,0,0,0,0,48638035000,0,0,0,0,148960000,0,0,0,28083095000,0,0,28197840000,0,0,20648305000,0,0,0,27063800000,0,0,0,0,0,0,0,0,21890420000,104400000,0,0,0,1.81604e+11,0,0,253390035000,131075000,0,21436565000,0,99462220000,770928900000,0,0,0,0,0,128015880000,675615000,0,3009580000,0,0,286457900000,167090000,0,0,0,0,0,0,0,0,0,0,0,83675620000,0,20587315000,0,0,630489580000,0,0,0,0,0,0,0,0,0,0,50743260000,236970000,0,0,0,0,5792075000,40425000,0,0,0,0,0,16683280000,0,164279630000,0,0,0,0,4503996660000,0,5220000,0,0,134260000,0,0,0,124950000,0,0,0,0,1786579820000,342514440000,2267705000,0,0,0,0,0,0,0,362711660000,3680000,63976760000,0,0,1154508380000,0,20626515000,0,0,1714800000,0,33320000,0,0,0,0,0,0,0,0,0,0,0
"USA",0,0,5505000,0,22640000,1700755000,3012315000,0,1914275000,200655000,58820000,7840000,0,0,0,0,2861295000,0,144570000,76195000,0,0,0,0,0,473543890000,0,0,0,0,134900000,6507780000,5280505000,0,0,0,295410000,0,19600000,0,0,384405000,0,157891650000,0,306850000,0,102655000,0,0,0,12005000,54390000,325775000,906360000,0,0,0,0,496885000,93590000,0,0,231685000,0,0,627670000,0,550795000,486570000,1012705000,3241980000,0,0,36995000,581380000,0,0,0,297460000,15179705000,39690000,55360000,0,4277195000,945282750000,54575000,0,0,125440000,0,19428070000,0,0,0,0,0,0,0,0,0,0,0,1005200000,0,0,12005000,0,0,922979275000,0,27150960000,0,0,0,0,688725000,0,0,0,0,307235000,330770000,0,30870000,1225000,0,5118460000,0,0,997885000,40495000,6675815000,22295000,0,0,0,0,197960000,0,0,0,16560000,4410000,0,0,0,381707655000,0,0,0,0,0,573865000,0,53692880000,16660000,27195000,0,0,981960000,70380000,0,0,59929980000,0,13965000,0,15435000,573890000,230790000,36476840000,113760000,18554465000,0,0,1440100000,0,0,0,0,0,1071305000,1733345000,0,0,0,0,280430000,0,0,0,0,0,0
"BFA",0,0,0,0,0,0,0,0,0,0,0,0,0,0,0,0,0,0,0,0,0,0,0,0,0,0,0,0,0,0,0,0,0,0,0,0,0,0,0,0,0,0,0,0,0,0,0,0,0,0,0,0,0,0,0,0,0,0,0,0,0,0,0,0,0,0,0,0,0,0,0,0,0,0,0,0,0,0,0,0,0,0,0,0,0,0,0,0,0,0,0,0,0,0,0,0,0,0,0,0,0,0,0,0,0,0,0,0,0,0,0,0,0,0,0,0,0,0,0,0,0,0,0,0,0,0,0,0,0,0,0,0,0,0,0,0,0,0,0,0,0,0,0,0,0,0,0,0,0,0,0,0,0,0,0,0,0,0,0,0,0,0,0,0,0,0,0,0,0,0,0,0,0,0,0,0,0,0,0,0,0,0,0,0,0,0,0,0,0,0,0,0,0,0,0
"URY",0,0,0,0,0,6261440000,0,0,0,0,0,0,0,0,204240000,0,922795410000,0,0,0,0,0,0,0,0,34865000,0,0,0,0,29333530000,0,207500000,0,0,0,0,1835000,0,0,0,0,0,5067355000,0,2752640000,0,3670000,0,0,0,0,0,0,0,0,0,0,0,0,0,0,0,0,0,0,4346080000,0,0,0,0,0,0,0,0,0,0,0,0,0,770700000,0,0,0,0,0,0,0,0,0,0,0,0,0,0,0,0,0,0,0,0,0,0,0,0,0,0,0,0,19806990000,0,0,0,0,0,0,26138360000,0,0,0,0,0,0,0,45875000,0,0,36700000,0,0,32090270000,13988180000,0,0,0,0,0,0,0,0,0,0,24109840000,0,0,0,174800000,0,0,0,0,0,0,0,0,0,30380000,0,0,0,0,0,0,0,0,0,0,0,0,0,0,0,0,0,0,0,0,0,859530000,0,0,0,1941200000,0,0,0,0,0,0,0,0,0,0,0,0
"UZB",0,0,0,0,0,0,0,0,0,0,0,0,0,0,0,0,0,0,0,0,0,0,0,0,0,0,0,0,0,0,0,0,0,0,0,0,0,0,0,0,0,0,0,0,0,0,0,0,0,0,0,0,0,0,0,0,0,0,0,0,0,0,0,0,0,0,0,0,0,0,0,0,0,0,0,0,0,0,0,0,0,0,0,0,0,0,0,0,0,0,0,0,0,0,0,0,0,0,0,0,0,0,0,0,0,0,0,0,0,0,0,0,0,0,0,0,0,0,0,0,0,0,0,0,0,0,0,0,0,0,0,0,0,0,0,0,0,0,0,0,0,0,0,0,0,0,0,0,0,0,0,0,0,0,0,0,0,0,0,0,0,0,0,0,0,0,0,0,0,0,0,0,0,0,0,0,0,0,0,0,0,0,0,0,0,0,0,0,0,0,0,0,0,0,0
"VEN",0,0,0,0,0,0,0,0,0,0,0,0,0,0,0,0,0,0,0,0,0,0,0,0,0,245000,0,0,0,0,0,0,811800000,0,0,0,18375000,0,0,0,0,0,245000,0,0,0,0,0,0,0,0,0,0,37730000,0,0,0,0,0,0,0,0,0,0,0,0,0,0,645085000,5145000,62230000,0,0,0,0,0,0,0,0,0,0,0,0,0,0,0,0,0,0,0,0,0,0,0,0,0,0,0,0,0,0,0,0,0,0,0,0,245000,0,0,0,0,0,0,0,0,5145000,0,0,0,0,0,0,0,0,0,0,0,0,0,0,11010000,0,0,31115000,0,0,0,0,0,0,0,0,0,0,0,0,0,0,0,0,0,0,0,0,0,0,0,0,0,0,0,0,0,0,0,0,0,0,0,0,0,0,0,0,0,0,0,350350000,0,0,0,0,0,0,0,0,0,0,0,0,0,0,0,0
"VNM",0,0,0,0,0,0,0,0,0,0,0,0,0,0,0,0,0,0,0,0,0,0,0,0,0,0,0,0,0,0,0,0,0,0,0,0,0,0,0,0,0,0,0,0,0,0,0,0,0,0,0,0,0,0,0,0,0,0,0,0,0,0,0,0,0,0,0,0,0,0,0,0,0,0,0,0,0,0,0,0,0,0,0,0,0,0,0,0,0,0,0,0,0,0,0,0,0,0,0,0,0,0,0,0,0,0,0,0,0,0,0,0,0,0,0,0,0,0,0,0,0,0,0,0,0,0,0,0,0,0,0,0,0,0,0,0,0,0,0,0,0,0,0,0,0,0,0,0,0,0,0,0,0,0,0,0,0,0,0,0,0,0,0,0,0,0,0,0,0,0,0,0,0,0,0,0,0,0,0,0,0,0,0,0,0,0,0,0,0,0,0,0,0,0,0
"ETH",0,0,0,0,0,0,17395000,0,0,0,0,0,0,0,0,0,0,0,0,0,0,0,0,0,0,11395000,0,0,0,0,0,0,0,0,0,0,0,0,0,0,0,0,0,0,0,0,0,0,0,0,0,0,0,3920000,0,55140000,0,0,0,0,0,0,0,0,0,0,0,0,0,0,0,0,0,0,0,0,0,0,0,0,244705000,0,0,0,0,0,0,0,0,0,0,0,0,0,0,0,0,0,0,0,0,0,0,0,0,0,0,0,0,0,0,0,0,0,0,0,0,0,0,0,0,0,0,0,0,0,0,0,0,0,0,0,0,0,0,0,0,0,0,0,0,0,0,0,0,0,0,0,0,0,0,0,0,490000,735000,0,0,0,0,0,490000,0,0,0,0,0,0,0,0,0,0,0,0,16660000,0,0,14945000,0,158840000,0,0,0,0,0,0,1660000,0,0,0,0,0,0,0,0,0
"YEM",0,0,0,0,0,0,0,0,0,0,0,0,0,0,0,0,0,0,0,0,0,0,0,0,0,0,0,0,0,0,0,0,0,0,0,0,0,0,0,0,0,0,0,0,0,0,0,0,0,0,0,0,0,0,0,0,0,0,0,0,0,0,0,0,0,0,0,0,0,0,0,0,0,0,0,0,0,0,0,0,0,0,0,0,0,0,0,0,0,0,0,0,0,0,0,0,0,0,0,0,0,0,0,0,0,0,0,0,0,0,0,0,0,0,0,0,0,0,0,0,0,0,0,0,0,0,0,0,0,0,0,0,0,0,0,0,0,0,13280000,0,0,0,0,0,0,0,0,1002640000,0,0,0,0,0,0,0,0,0,0,0,0,0,0,0,0,0,0,0,0,0,0,19920000,0,0,0,0,0,0,0,0,0,0,0,0,0,0,0,0,0,0,0,0,0,0,0,0
"COD",0,0,0,0,0,0,0,0,0,0,0,0,0,0,0,0,0,0,0,0,0,0,0,0,0,0,0,0,0,0,0,0,0,0,0,0,0,0,0,0,0,0,0,0,0,0,0,0,0,0,0,0,0,0,0,0,0,0,0,0,0,0,0,0,0,0,0,0,0,0,0,0,0,0,0,0,0,0,0,0,0,0,0,0,0,0,0,0,0,0,0,0,0,0,0,0,0,0,0,0,0,0,0,0,0,0,0,0,0,0,0,0,0,0,0,0,0,0,0,0,0,0,0,0,0,0,0,0,0,0,0,0,0,0,0,0,0,0,0,0,0,0,0,0,0,0,0,0,0,0,0,0,0,0,0,0,0,0,0,0,0,0,0,0,0,0,0,0,0,0,0,0,0,0,0,0,0,0,0,0,0,0,0,0,0,0,0,0,0,0,0,0,0,0,0
"ZMB",0,0,0,0,0,0,0,0,0,0,0,0,0,0,0,0,0,0,0,0,0,0,0,0,0,0,0,0,0,0,0,0,0,0,0,0,0,0,0,0,0,0,0,0,0,0,0,0,0,0,0,0,0,0,0,0,0,0,0,0,0,0,0,0,0,0,0,0,0,0,0,0,0,0,0,0,0,0,0,0,0,0,0,0,0,0,0,0,0,0,0,0,0,0,0,0,0,0,0,0,0,0,0,0,0,0,0,0,0,0,0,0,0,0,0,0,0,0,0,0,0,0,0,0,0,0,0,0,0,0,0,0,0,0,0,0,0,0,0,0,0,0,0,0,0,0,0,0,0,0,0,0,0,0,0,0,0,0,0,0,0,0,0,0,0,0,0,0,0,0,0,0,0,0,0,0,0,0,0,0,0,0,0,0,0,0,980000,0,0,0,0,0,0,0,0
"BEL",245000,20580000,4655000,32947110000,9.2e+07,28175000,789995000,1297985000,5392850000,96775000,201040000,1835000,0,0,0,1770080000,855978600000,0,0,0,735000,140545000,3.91e+09,37822300000,223006860000,9211210000,21805000,7681080000,3281680000,27307940000,23520000,123381250000,6270210000,0,38379360000,3185000,13107120000,490000,648040000,23520000,18955105000,2323120000,2940000,1707495000,4410000,19372200000,9777815000,0,7185930000,37975000,0,0,482440000,248265300000,3119405000,40425000,1664330000,27399905000,1424105000,114160915000,2450000,85888335000,0,24851635000,0,0,12709980000,8024460000,4793200000,7366010000,6278110000,3703420000,335260000,169540000,131565000,5767230000,6616640000,10790000,0,6539370000,3055505000,19236655000,102992310000,521850000,20355920000,155536165000,1698800000,0,2261835000,13728145000,0,912060000,9800000,84280000,24413120000,4198990000,347760000,5.84e+08,0,36015000,2450000,21266720000,0,26657810000,980000,3833020000,264485000,7105000,1779280000,259700000,6860000,173884925000,30996640000,4655000,27670895000,0,1147137880000,0,1535775000,14595000,0,4120805000,10489715000,2262035000,238212235000,242450000,0,28887255000,642315000,0,0,64144885000,117606040000,423480000,655240000,31850000,0,6270720000,51205000,0,680180000,29199205000,13521875000,0,6436320000,0,0,5055220000,6235455000,1442560000,4798720000,4165000,245000,126875060000,0,18019605000,19867585000,2561280000,0,0,4734900000,1634720000,3185000,0,60173630000,51025775000,71076060000,20313940000,3920000,232815000,40670000,16864940000,1836665000,989310000,17390085000,0,25576110000,389060000,39312415000,23258975000,5390000,833245000,692114160000,47776310000,95473920000,3680000,89300060000,1.84e+09,0,8651535000,0,0,0,0,0
"LUX",0,0,0,0,0,0,0,245000,0,0,0,0,0,0,0,0,0,0,0,0,0,0,0,0,0,0,0,0,0,0,0,1225000,0,0,0,0,0,0,0,0,0,0,0,0,0,0,0,0,0,0,0,0,0,1601435000,0,0,0,0,0,22948005000,0,0,0,0,0,0,0,0,0,0,0,0,0,0,0,0,0,0,0,0,0,16170000,0,0,0,0,0,0,0,0,0,0,0,0,0,0,0,0,0,0,0,0,0,0,0,0,0,0,0,0,0,0,0,0,0,0,40915850000,0,0,0,0,0,0,0,0,0,0,0,0,0,0,0,0,0,0,0,0,0,0,0,0,0,0,0,0,0,0,0,0,0,0,0,0,0,0,0,6615000,0,0,0,0,0,0,0,0,0,0,0,0,0,0,0,0,0,0,0,0,0,0,0,0,0,0,0,0,0,0,0,20477590000,0,0,0,0,0,0
"SRB",0,0,3273585000,0,0,0,12495000,604200000,0,0,0,0,0,0,0,0,0,0,0,0,0,115150000,0,0,0,0,0,0,0,0,0,0,0,0,0,0,0,0,0,0,0,0,0,0,0,0,0,0,0,0,0,0,0,19110000,0,0,0,0,0,17640000,62510850000,0,0,222440000,0,0,0,0,0,0,0,0,505315000,7744715000,0,0,0,0,0,0,1715000,118295000,0,1660000,0,0,0,0,0,0,0,0,0,0,0,0,0,0,0,0,0,0,0,245000,0,0,0,0,0,0,0,0,0,0,0,0,0,0,0,29174500000,0,0,0,0,0,0,0,0,0,0,0,0,0,0,0,0,0,0,0,0,33140535000,0,69720000,0,0,0,0,0,0,0,0,1173950000,0,0,0,0,13635000,0,0,0,0,28175000,0,0,0,0,0,0,0,0,0,0,0,0,0,0,1960000,1905000,21070000,0,0,0,0,0,0,0,0,0,0,0,0,0,0,0,0
"MNE",0,0,225155000,0,0,0,5635000,0,0,0,0,0,0,0,0,0,0,0,0,0,0,0,0,0,0,2695000,0,0,0,0,0,0,0,0,0,0,0,0,1225000,0,0,0,0,0,0,0,0,0,0,0,0,0,0,15435000,0,0,0,0,0,4165000,1469265000,0,0,0,0,0,0,0,0,0,0,0,0,154840000,0,0,0,0,0,0,0,0,0,0,0,0,0,0,0,0,0,0,0,0,0,0,0,0,0,0,0,0,0,0,0,0,0,0,0,0,0,0,0,0,0,0,1960000,0,0,0,0,0,0,0,0,0,0,0,0,0,0,0,0,0,0,0,0,0,0,0,0,0,0,0,0,0,0,0,0,0,0,35770000,0,0,0,0,0,0,0,0,0,0,0,0,0,0,0,0,0,0,0,0,0,0,0,0,0,0,15925000,0,0,0,0,0,0,0,0,0,0,0,7170385000,0,0,0,0
"SDN",0,0,0,0,0,0,0,0,0,0,0,0,0,0,0,0,0,0,0,0,0,0,0,0,0,0,0,0,0,0,0,0,0,0,0,0,0,0,0,0,0,0,0,0,0,0,0,0,0,0,0,0,0,0,0,0,0,0,0,0,0,0,0,0,0,0,0,0,0,0,0,0,0,0,0,0,0,0,0,0,0,0,0,0,0,0,0,0,0,0,0,0,0,0,0,0,0,0,0,0,0,0,0,0,0,0,0,0,0,0,0,0,0,0,0,0,0,0,0,0,0,0,0,0,0,0,0,0,0,0,0,0,0,0,0,0,0,0,0,0,0,0,0,0,0,0,0,0,0,0,0,0,0,0,0,0,0,0,0,0,0,0,0,0,0,0,0,0,0,0,0,0,0,0,0,0,0,0,0,0,0,0,0,0,0,0,0,0,0,0,0,0,0,0,0
"SSD",0,0,0,0,0,0,0,0,0,0,0,0,0,0,0,0,0,0,0,0,0,0,0,0,0,0,0,0,0,0,0,0,0,0,0,0,0,0,0,0,0,0,0,0,0,0,0,0,0,0,0,0,0,0,0,0,0,0,0,0,0,0,0,0,0,0,0,0,0,0,0,0,0,0,0,0,0,0,0,0,0,0,0,0,0,0,0,0,0,0,0,0,0,0,0,0,0,0,0,0,0,0,0,0,0,0,0,0,0,0,0,0,0,0,0,0,0,0,0,0,0,0,0,0,0,0,0,0,0,0,0,0,0,0,0,0,0,0,0,0,0,0,0,0,0,0,0,0,0,0,0,0,0,0,0,0,0,0,0,0,0,0,0,0,0,0,0,0,0,0,0,0,0,0,0,0,0,0,0,0,0,0,0,0,0,0,0,0,0,0,0,0,0,0,0
"PSE",0,0,0,0,0,0,0,0,0,0,0,0,0,0,0,0,0,0,0,0,0,0,0,0,0,0,0,0,0,0,0,0,0,0,0,0,0,0,0,0,0,0,0,0,0,0,0,0,0,0,0,0,0,0,0,0,0,0,0,0,0,0,0,0,0,0,0,0,0,0,0,0,0,0,0,0,0,0,0,0,0,0,0,0,0,0,0,0,0,0,0,0,0,0,0,0,0,0,0,0,0,0,0,0,0,0,0,0,0,0,0,0,0,0,0,0,0,0,0,0,0,0,0,0,0,0,0,0,0,0,0,0,0,0,0,0,0,0,0,0,0,0,0,0,0,0,0,0,0,0,0,0,0,0,0,0,0,0,0,0,0,0,0,0,0,0,0,0,0,0,0,0,0,0,0,0,0,0,0,0,0,0,0,0,0,0,0,0,0,0,0,0,0,0,0
