"","ARM","AFG","ALB","DZA","ATG","ARG","AUS","AUT","BHS","BHR","BRB","BGD","BMU","BTN","BOL","BWA","BRA","ARB","BLZ","SLB","BRN","BGR","MMR","BDI","CMR","CAN","CPV","CAF","LKA","TCD","CHL","CHN","COL","COM","COG","COK","CRI","CUB","CYP","AZE","BEN","DNK","DMA","DOM","BLR","ECU","EGY","SLV","GNQ","EST","FRO","FJI","FIN","FRA","PYF","DJI","GEO","GAB","GMB","DEU","BIH","GHA","KIR","GRC","GRL","GRD","GTM","GIN","GUY","HTI","HND","HKG","HUN","HRV","ISL","IND","IDN","IRN","IRQ","IRL","ISR","ITA","CIV","KAZ","JAM","JPN","JOR","KGZ","KEN","KHM","PRK","KOR","KWT","LVA","LAO","LBN","LSO","LBR","LBY","LTU","MAC","MDG","MWI","MYS","MDV","MLI","MLT","MRT","MUS","MEX","MNG","MAR","MOZ","MDA","NAM","NPL","NLD","ANT","NCL","MKD","VUT","NZL","NIC","NER","NGA","NOR","PAK","PAN","CZE","PNG","PRY","PER","PHL","POL","PRT","GNB","TLS","ERI","QAT","ZWE","ROU","RWA","RUS","KNA","LCA","VCT","STP","SAU","SEN","SYC","SLE","SVN","SVK","SGP","SOM","ZAF","ESP","SUR","TJK","SWZ","SWE","CHE","SYR","TKM","TWN","TZA","THA","TGO","TON","TTO","OMN","TUN","TUR","ARE","UGA","TUV","GBR","UKR","USA","BFA","URY","UZB","VEN","VNM","ETH","YEM","COD","ZMB","BEL","LUX","SRB","MNE","SDN","SSD","PSE"
"ARM",0,0,0,0,0,0,4846100,0,0,0,0,0,0,0,0,0,0,0,0,0,0,0,0,0,0,0,0,0,0,0,0,12299000,0,0,0,0,0,0,0,0,0,0,0,0,0,0,0,0,0,0,0,0,0,31360000,0,0,123902000,0,0,0,0,0,0,0,0,0,0,0,0,0,0,0,0,0,0,0,0,0,0,0,0,0,0,0,0,0,9800,0,0,0,0,0,0,0,0,0,0,0,0,0,0,0,0,0,0,0,0,0,0,0,0,0,0,0,0,0,0,0,0,0,0,0,0,0,0,0,0,0,24500,0,0,0,0,46491200,0,0,0,0,0,0,0,0,2737497700,0,0,0,0,0,0,0,0,0,0,2327500,0,0,4076800,0,0,0,0,102900,0,0,0,0,0,0,0,0,0,0,0,0,0,0,0,9466800,140125300,0,0,0,0,0,0,0,0,0,8932700,0,0,0,0,0,0
"AFG",0,0,0,0,0,0,0,0,0,0,0,0,0,0,0,0,0,0,0,0,0,0,0,0,0,0,0,0,0,0,0,0,0,0,0,0,0,0,0,0,0,0,0,0,0,0,0,0,0,0,0,0,0,0,0,0,0,0,0,0,0,0,0,0,0,0,0,0,0,0,0,0,0,0,0,0,0,0,0,0,0,0,0,0,0,0,0,0,0,0,0,0,0,0,0,0,0,0,0,0,0,0,0,0,0,0,0,0,0,0,0,0,0,0,0,0,0,0,0,0,0,0,0,0,0,0,0,0,0,0,0,0,0,0,0,0,0,0,0,0,0,0,0,0,0,0,0,0,0,0,0,0,0,0,0,0,0,0,0,0,0,0,0,0,0,0,0,0,0,0,0,0,0,0,0,0,0,0,21040600,0,0,0,0,0,0,0,0,0,0,0,0,0,0,0,0
"ALB",0,0,0,0,0,0,0,0,0,0,0,0,0,0,0,0,0,0,0,0,0,0,0,0,0,0,0,0,0,0,0,0,0,0,0,0,0,0,0,0,0,0,0,0,0,0,0,0,0,0,0,0,0,0,0,0,0,0,0,0,0,0,0,0,0,0,0,0,0,0,0,0,0,0,0,0,0,0,0,0,0,0,0,0,0,0,0,0,0,0,0,0,0,0,0,0,0,0,0,0,0,0,0,0,0,0,0,0,0,0,0,0,0,0,0,0,0,0,0,0,0,0,0,0,0,0,0,0,0,0,0,0,0,0,0,0,0,0,0,0,0,0,0,0,0,0,0,0,0,0,0,0,0,0,0,0,0,0,0,0,0,0,0,0,0,0,0,0,0,0,0,0,0,0,0,0,0,0,0,0,0,0,0,0,0,0,0,0,0,0,541454900,0,0,0,0
"DZA",0,0,0,0,0,0,0,0,0,0,0,0,0,0,0,0,0,0,0,0,0,0,0,0,0,85437600,0,0,0,0,0,0,0,0,0,0,0,0,0,0,0,0,0,0,0,0,0,0,0,0,0,0,0,0,0,0,0,0,0,0,0,0,0,0,0,0,0,0,0,0,0,0,0,0,0,0,0,0,0,0,0,0,0,0,0,0,0,0,0,0,0,0,0,0,0,0,0,0,0,0,0,0,0,0,0,0,0,0,0,0,0,0,0,0,0,0,0,0,0,0,0,0,0,0,0,0,0,0,0,0,0,0,0,0,0,0,0,0,0,0,0,0,0,0,0,0,0,0,0,0,0,0,0,0,0,0,0,0,0,0,0,0,0,0,0,0,0,0,0,0,0,0,0,0,0,0,1724900,0,0,0,0,0,0,0,0,0,0,0,0,0,0,0,0,0,0
"ATG",0,0,0,0,0,0,0,0,0,0,3008600,0,0,0,0,0,0,0,0,0,0,0,0,0,0,0,0,0,0,0,0,0,0,0,0,0,0,0,0,0,0,0,39200,0,0,0,0,0,0,0,0,0,0,0,0,0,0,0,0,0,0,0,0,0,0,0,0,0,0,0,0,0,0,0,0,0,0,0,0,0,0,0,0,0,0,0,0,0,0,0,0,0,0,0,0,0,0,0,0,0,0,0,0,0,0,0,0,0,0,0,0,0,0,0,0,0,0,0,0,0,0,0,0,0,0,0,0,0,0,0,0,0,0,0,0,0,0,0,0,0,0,0,0,0,14700,0,0,0,0,0,0,0,0,0,0,0,0,0,0,0,0,0,0,0,0,0,0,0,0,0,0,0,0,0,0,0,0,0,0,0,0,0,0,0,0,0,0,0,0,0,0,0,0,0,0
"ARG",0,0,0,268166360000,0,0,210788200,0,0,0,0,0,0,0,296522202800,0,5868864117600,0,0,0,0,0,0,0,0,828100,0,0,0,0,859794378400,415650574700,884363188000,0,0,0,231676900,115772800,0,0,0,0,0,0,0,243836898300,3.1872e+10,0,0,0,0,0,0,519917300,0,0,0,0,0,51688300,0,0,0,0,0,0,0,0,0,0,474418000,0,0,0,0,0,0,1.162e+11,0,0,24201100,176336300,0,0,0,34515600,6.889e+11,0,0,0,0,9025800,563407320000,0,0,0,0,0,263611320000,0,0,0,0,0,0,0,0,0,0,222308100,0,1000904901600,0,0,0,0,0,0,0,0,0,0,0,0,0,0,0,125474300,0,0,88020342100,505759203200,1940400,0,0,0,0,0,0,0,0,0,0,0,0,0,0,4200693013600,0,0,0,21074900,0,0,0,0,486026100,0,0,0,17287200,24201100,0,0,21463268800,0,0,0,0,0,234346947600,264943934800,0,829824040000,0,0,377941900,0,14636384100,0,836724050300,0,132550104000,0,0,0,0,0,0,0,0,0,0,0,0
"AUS",0,0,0,0,0,13468900,0,0,0,0,0,3320579300,0,0,0,0,15120400,0,0,14006883600,281745900,0,128706900,0,0,1002056800,0,0,2041727700,0,4624200,11438648802000,0,0,0,0,0,0,0,0,0,0,0,0,0,0,3418605000,0,0,0,0,15906033900,210364400,0,5593646100,0,0,0,0,121144000,0,0,5027900,0,0,0,426380600,0,0,0,0,3414060800,0,0,0,10843449900,124854461100,0,0,0,0,878598000,0,0,513800,1471786843800,0,0,22974200,86521070200,0,1314768809500,73131529800,220530300,4585758400,0,0,18350000,0,0,29555100,0,0,111335899200,39709400,0,0,0,17494705700,0,31397440000,0,0,0,0,0,187720500,0,8810627100,0,1555558300,128777047000,0,0,329859600,0,6252713800,0,13468900,99623136900,0,5897323000,196993937900,419187400,0,0,38791900,0,54821648900,0,0,0,430376000,0,0,0,0,182898554500,0,188638000,0,0,367000,200093686700,0,398297353300,0,0,0,0,460328100,0,0,0,72286042600,0,1051910909600,0,12328000,0,137352888300,0,0,344696005100,22937500,0,1725303700,0,4675924500,0,19781300,0,0,954036995300,0,0,0,0,5872000,0,0,0,0,0,0
"AUT",37968000,0,4059231000,98000,0,39200,487354000,0,0,0,0,0,0,0,0,0,101087000,0,196000,0,0,43192396000,0,0,0,2103570000,0,0,0,0,5586000,1698936000,0,0,0,0,0,702929000,7513000,113261000,0,147625000,0,833000,240317000,0,0,0,0,239199000,0,0,151796000,2354329000,0,0,62034900,0,0,128504608200,44736284000,58800,0,344677000,0,0,4900,0,36946000,0,0,181289000,42722001000,74549968200,0,73500,0,145063000,0,183786700,388815000,408837494400,0,82441000,0,498024000,28984000,139598000,181300,0,0,312081000,0,3205126000,0,13377000,0,38024000,0,90371000,0,0,0,88200,441000,0,175880000,0,0,14185500,143888000,0,0,22162032000,49000,0,6720299000,0,0,1174400,0,362208000,0,0,294000,19891000,63700,0,57067003800,0,14063000,0,98000,3766781000,4016000,0,0,0,98000,0,153997964800,0,17879155000,0,0,0,0,20435000,0,0,0,52350721700,15963979000,19894000,0,2204200,92020600,0,734000,0,282978000,13573198900,0,0,152142000,0,6928600,0,0,0,46599000,368000,40960800,206521000,0,0,1081574600,6084111000,1431441000,0,0,298027000,0,33271000,0,0,0,0,717479000,1391700,11307307000,69580000,0,0,0
"BHS",0,0,0,0,0,0,0,0,0,0,0,0,0,0,0,0,0,0,0,0,0,0,0,0,0,0,0,0,0,0,0,0,0,0,0,0,0,0,0,0,0,0,0,0,0,0,0,0,0,0,0,0,0,0,0,0,0,0,0,0,0,0,0,0,0,0,0,0,0,0,0,0,0,0,0,0,0,0,0,0,0,0,0,0,0,0,0,0,0,0,0,0,0,0,0,0,0,0,0,0,0,0,0,0,0,0,0,0,0,0,0,0,0,0,0,0,0,0,0,0,0,0,0,0,0,0,0,0,0,0,0,0,0,0,0,0,0,0,0,0,0,0,0,0,3532800,0,0,0,0,0,0,0,0,0,0,0,0,0,0,0,0,0,0,0,0,0,0,0,0,0,0,0,0,0,0,0,1494500,0,226184000,0,0,0,0,0,0,0,0,0,0,0,0,0,0,0,0
"BHR",0,0,0,0,0,0,0,0,0,0,0,0,0,0,0,0,0,0,0,0,0,0,0,0,0,0,0,0,0,0,0,0,0,0,0,0,0,0,0,0,0,3871000,0,0,0,0,0,0,0,0,0,0,0,0,0,0,0,0,0,0,0,0,0,0,0,0,0,0,0,0,0,0,0,0,0,0,0,0,0,4762800,0,0,0,0,0,0,0,0,0,0,0,0,0,0,0,0,0,0,0,0,0,0,0,0,0,0,0,0,0,0,0,0,0,0,0,0,0,0,0,0,0,0,0,0,0,0,0,0,0,0,0,0,0,0,0,0,0,0,0,0,0,0,0,0,0,0,0,935200,0,0,0,0,0,0,0,0,0,0,0,0,0,0,0,0,0,0,0,0,0,0,0,0,0,0,0,0,1421000,0,0,0,0,0,0,0,0,0,0,0,588000,0,0,0,0,0,0
"BRB",0,0,0,0,193241300,0,29400,0,68600,0,0,0,0,0,0,0,0,0,4900,0,0,0,0,0,0,11568900,0,0,0,0,0,0,9800,0,0,0,0,156800,1759100,0,0,0,3077200,0,0,0,0,0,0,0,0,0,0,0,0,0,0,0,0,44100,0,0,0,0,0,28405300,0,0,53532500,25837700,0,9800,0,0,0,0,0,0,0,9800,0,0,0,0,122500,0,0,0,0,0,0,0,0,0,0,0,0,0,0,0,0,0,0,0,0,0,0,0,0,34300,0,0,0,0,0,0,0,0,0,0,0,0,0,0,0,0,0,9800,0,0,0,0,0,0,0,0,0,0,0,0,0,0,0,2240200,52493700,2802800,0,0,0,0,0,0,0,0,0,0,0,0,0,0,4963700,0,0,0,0,0,0,0,0,37347800,0,0,0,0,0,0,189086100,0,117604900,0,0,0,0,0,0,0,0,0,4900,0,0,0,0,0,0
"BGD",0,0,0,0,0,0,0,0,0,0,0,0,0,0,0,0,0,0,0,0,0,0,0,0,0,0,0,0,0,0,0,0,0,0,0,0,0,0,0,0,0,0,0,0,0,0,0,0,0,0,0,0,0,0,0,0,0,0,0,0,0,0,0,0,0,0,0,0,0,0,0,0,0,0,0,0,0,0,0,0,0,0,0,0,0,0,0,0,0,0,0,0,0,0,0,0,0,0,0,0,0,0,0,0,0,0,0,0,4550800,0,0,0,0,0,0,0,0,0,0,0,0,0,0,0,0,0,0,0,0,0,0,0,0,0,0,0,0,0,0,0,0,0,0,0,0,0,0,0,0,0,0,0,0,509600,0,0,0,0,0,0,0,0,0,0,0,0,0,0,0,0,44957500,0,0,0,0,0,1004500,0,0,0,0,0,0,2107000,0,0,0,0,3342200,0,0,0,0,0,0
"BMU",0,0,0,0,0,0,0,0,0,0,0,0,0,0,0,0,0,0,0,0,0,0,0,0,0,0,0,0,0,0,0,0,0,0,0,0,0,0,0,0,0,0,0,0,0,0,0,0,0,0,0,0,0,0,0,0,0,0,0,0,0,0,0,0,0,0,0,0,0,0,0,0,0,0,0,0,0,0,0,0,0,0,0,0,0,0,0,0,0,0,0,0,0,0,0,0,0,0,0,0,0,0,0,0,0,0,0,0,0,0,0,0,0,0,0,0,0,0,0,0,0,0,0,0,0,0,0,0,0,0,0,0,0,0,0,0,0,0,0,0,0,0,0,0,0,0,0,0,0,0,0,0,0,0,0,0,0,0,0,0,0,0,0,0,0,0,0,0,0,0,0,0,0,0,0,0,0,0,0,0,0,0,0,0,0,0,0,0,0,0,0,0,0,0,0
"BTN",0,0,0,0,0,0,0,0,0,0,0,0,0,0,0,0,0,0,0,0,0,0,0,0,0,0,0,0,0,0,0,0,0,0,0,0,0,0,0,0,0,0,0,0,0,0,0,0,0,0,0,0,0,0,0,0,0,0,0,0,0,0,0,0,0,0,0,0,0,0,0,0,0,0,0,0,0,0,0,0,0,0,0,0,0,0,0,0,0,0,0,0,0,0,0,0,0,0,0,0,0,0,0,0,0,0,0,0,0,0,0,0,0,0,0,0,0,0,0,0,0,0,0,0,0,0,0,0,0,0,0,0,0,0,0,0,0,0,0,0,0,0,0,0,0,0,0,0,0,0,0,0,0,0,0,0,0,0,0,0,0,0,0,0,0,0,0,0,0,0,0,0,0,0,0,0,0,0,0,0,0,0,0,0,0,0,0,0,0,0,0,0,0,0,0
"BOL",0,0,0,0,0,0,0,0,0,0,0,0,0,0,0,0,0,0,0,0,0,0,0,0,0,0,0,0,0,0,3990481600,0,0,0,0,0,0,0,0,0,0,0,0,0,0,40077100,0,0,0,0,0,0,0,0,0,0,0,0,0,0,0,0,0,0,0,0,0,0,0,0,0,0,0,0,0,0,0,0,0,0,0,0,0,0,0,0,0,0,0,0,0,0,0,0,0,0,0,0,0,0,0,0,0,0,0,0,0,0,0,7506800,0,0,0,0,0,0,0,0,0,0,0,0,0,0,0,0,0,4900,0,0,0,283327800,0,0,0,0,0,0,0,0,0,0,0,0,0,0,0,0,0,0,0,0,0,0,0,0,116785600,0,0,0,0,0,0,0,0,0,0,0,0,0,0,0,0,0,0,0,0,0,23279900,0,0,0,0,0,0,0,0,0,0,0,0,0,0,0,0
"BWA",0,0,0,0,0,0,0,0,0,0,0,0,0,0,0,0,0,0,0,0,0,0,0,0,0,0,0,0,0,0,0,0,0,0,0,0,0,0,0,0,0,0,0,0,0,0,0,0,0,0,0,0,0,0,0,0,0,0,0,0,0,0,0,0,0,0,0,0,0,0,0,0,0,0,0,0,0,0,0,0,0,0,0,0,0,0,0,0,490000,0,0,0,0,0,0,0,235520000,0,0,0,0,0,0,0,0,0,0,0,0,0,0,0,0,0,45083100,0,0,0,0,0,0,0,0,0,9800,0,0,0,0,0,0,0,0,0,0,0,0,0,0,10642800,0,0,0,0,0,0,0,0,0,0,0,0,0,0,0,415714300,0,0,0,33120000,0,0,0,0,0,0,0,0,0,0,0,0,0,0,0,0,14700,0,0,0,0,0,0,0,0,0,8771000,186839500,0,0,0,0,0,0,0
"BRA",0,0,0,0,0,0,32585000,7369600,0,0,0,0,0,0,20924053500,0,0,0,0,0,0,0,0,0,0,12372500,333200,0,0,0,10388000,27082300,2503517800,0,0,0,339418100,4165896700,0,0,0,3601500,0,0,0,7125216000,0,0,0,5145000,0,0,4708900,79380700,0,0,0,0,0,25264400,0,0,0,0,0,0,0,0,0,0,0,0,0,0,0,0,0,0,0,62577900,0,24500,0,0,0,38631600,0,0,0,0,0,0,0,0,0,0,0,0,78121558800,0,0,0,0,0,0,0,0,0,0,91708400,0,0,0,0,0,0,139062000,0,0,0,0,720300,0,0,0,539000,0,27327300,0,0,134975431900,3527455100,0,182250600,10250800,0,0,0,0,0,0,0,0,0,0,0,0,0,0,0,0,0,0,411600,0,0,0,653978500,0,0,31830400,5556600,0,0,0,0,2209900,0,0,0,0,0,0,0,0,0,214340700,0,557894500,0,594255100,0,0,0,0,0,0,0,622300,0,0,0,0,0,0
"ARB",0,0,0,0,0,0,0,0,0,0,0,0,0,0,0,0,0,0,0,0,0,0,0,0,0,0,0,0,0,0,0,0,0,0,0,0,0,0,0,0,0,0,0,0,0,0,0,0,0,0,0,0,0,0,0,0,0,0,0,0,0,0,0,0,0,0,0,0,0,0,0,0,0,0,0,0,0,0,0,0,0,0,0,0,0,0,0,0,0,0,0,0,0,0,0,0,0,0,0,0,0,0,0,0,0,0,0,0,0,0,0,0,0,0,0,0,0,0,0,0,0,0,0,0,0,0,0,0,0,0,0,0,0,0,0,0,0,0,0,0,0,0,0,0,0,0,0,0,0,0,0,0,0,0,0,0,0,0,0,0,0,0,0,0,0,0,0,0,0,0,0,0,0,0,0,0,0,0,0,0,0,0,0,0,0,0,0,0,0,0,0,0,0,0,0
"BLZ",0,0,0,0,0,0,0,0,0,0,0,0,0,0,0,0,0,0,0,0,0,0,0,0,0,34300,0,0,0,0,0,0,0,0,0,0,0,0,0,0,0,0,0,0,0,0,0,0,0,0,0,0,0,0,0,0,0,0,0,0,0,0,0,0,0,0,0,0,0,0,0,7825300,0,0,0,0,0,0,0,53900,0,0,0,0,0,0,0,0,0,0,0,0,0,0,0,0,0,0,0,0,0,0,0,0,0,0,0,0,0,0,0,0,0,0,0,0,0,0,0,0,0,0,0,0,0,0,0,0,0,0,0,0,0,0,0,0,0,0,0,0,0,0,0,0,0,0,0,0,0,0,0,0,0,0,0,0,0,0,0,0,0,0,0,0,0,0,0,0,0,0,0,0,0,0,0,0,0,0,0,0,0,0,0,0,0,0,0,0,0,0,0,0,0,0,0
"SLB",0,0,0,0,0,0,0,0,0,0,0,0,0,0,0,0,0,0,0,0,0,0,0,0,0,0,0,0,0,0,0,0,0,0,0,0,0,0,0,0,0,0,0,0,0,0,0,0,0,0,0,0,0,0,0,0,0,0,0,0,0,0,214644500,0,0,0,0,0,0,0,0,0,0,0,0,0,0,0,0,0,0,0,0,0,0,0,0,0,0,0,0,0,0,0,0,0,0,0,0,0,0,0,0,0,0,0,0,0,0,0,0,0,0,0,0,0,1185800,0,0,0,0,0,0,0,0,0,0,0,0,0,0,0,0,0,0,0,0,0,0,0,0,0,0,0,0,0,0,0,0,0,0,0,0,0,0,0,0,0,0,0,0,0,0,0,0,0,4900,0,0,0,0,0,0,0,0,0,0,0,0,0,0,0,0,0,0,0,0,0,0,0,0,0,0,0,0
"BRN",0,0,0,0,0,0,0,0,0,0,0,0,0,0,0,0,0,0,0,0,0,0,0,0,0,0,0,0,0,0,0,0,0,0,0,0,0,0,0,0,0,0,0,0,0,0,0,0,0,0,0,0,0,0,0,0,0,0,0,0,0,0,0,0,0,0,0,0,0,0,0,0,0,0,0,0,0,0,0,0,0,0,0,0,0,0,0,0,0,0,0,0,0,0,0,0,0,0,0,0,0,0,0,0,0,0,0,0,0,0,0,0,0,0,0,0,0,0,0,0,0,0,0,0,0,0,0,0,0,0,0,0,0,0,0,0,0,0,0,0,0,0,0,0,0,0,0,0,0,0,0,0,0,36700,0,0,0,0,0,0,0,0,0,0,0,0,0,0,0,0,0,0,0,0,0,0,0,0,0,0,0,0,0,0,0,0,0,0,0,0,0,0,0,0,0
"BGR",7458000,0,774224000,102953200000,3430000,0,69923000,13377000,1666000,196000,0,0,0,0,0,0,0,0,0,0,0,0,0,0,0,49000,0,0,0,0,0,517391000,0,0,0,0,0,0,132474503000,0,0,8967000,0,0,0,0,0,0,0,0,0,0,0,15927119000,0,0,0,0,0,22050000,147098000,0,0,237693385000,0,0,0,0,0,0,0,1078000,193354000,812763000,0,0,0,145269920000,1308976000,0,54284675400,1264690000,0,0,0,0,0,0,0,0,0,0,0,0,0,43179588000,0,3479000,742315812000,0,0,0,0,31850000,0,0,11270000,0,0,0,0,0,0,33200000,0,0,30478000,0,0,6238674000,0,0,0,0,0,98000,258960000,1127000,0,0,0,0,0,15557000,294000,0,0,0,0,0,391072331000,0,196000,0,0,49000,0,1049443036000,0,0,0,264600000,0,128919000,0,0,68232595000,0,0,0,0,833000,54353380000,0,0,0,13671000,0,0,0,8820000,9.13e+10,180734000,832656000,0,0,125858000,0,73990000,0,0,0,0,169148000,0,0,0,0,6468000,0,3265654000,1098776000,0,0,0
"MMR",0,0,0,0,0,0,0,0,0,0,0,0,0,0,0,0,0,0,0,0,0,0,0,0,0,0,0,0,0,0,0,0,0,0,0,0,0,0,0,0,0,0,0,0,0,0,0,0,0,0,0,0,0,0,0,0,0,0,0,0,0,0,0,0,0,0,0,0,0,0,0,0,0,0,0,0,0,0,0,0,0,0,0,0,0,0,0,0,0,0,0,0,0,0,0,0,0,0,0,0,0,0,0,0,0,0,0,0,0,0,0,0,0,0,0,0,0,0,0,0,0,0,0,0,0,0,0,0,0,0,0,0,0,0,0,0,0,0,0,0,0,0,0,0,0,0,0,0,0,0,0,0,0,0,0,0,0,0,0,0,0,0,0,0,0,0,0,0,0,0,0,0,0,0,0,0,0,0,0,0,0,0,0,0,0,0,0,0,0,0,0,0,0,0,0
"BDI",0,0,0,0,0,0,0,0,0,0,0,0,0,0,0,0,0,0,0,0,0,0,0,0,0,0,0,0,0,0,0,0,0,0,0,0,0,0,0,0,0,0,0,0,0,0,0,0,0,0,0,0,0,0,0,0,0,0,0,0,0,0,0,0,0,0,0,0,0,0,0,0,0,0,0,0,0,0,0,0,0,0,0,0,0,0,0,0,0,0,0,0,0,0,0,0,0,0,0,0,0,0,0,0,0,0,0,0,0,0,0,0,0,0,0,0,0,0,0,0,0,0,0,0,0,0,0,0,0,0,0,0,0,0,0,0,0,0,0,0,0,22064700,0,0,0,0,0,0,0,0,0,0,0,0,0,0,0,0,0,0,0,0,0,0,0,790159300,0,0,0,0,0,0,0,0,0,0,0,0,0,0,0,0,0,0,0,0,11134828600,0,0,0,0,0,0,0,0
"CMR",0,0,0,0,0,0,0,0,0,0,0,0,0,0,0,0,0,0,0,0,0,0,0,0,0,0,0,1214914500,0,0,0,0,0,0,141149400,0,0,0,0,0,0,0,0,0,0,0,0,0,1440065900,0,0,0,0,148866900,0,0,0,686000,0,1857100,0,0,0,0,0,0,0,0,0,0,0,0,0,0,0,0,0,0,0,0,0,0,0,0,0,0,0,0,0,0,0,0,0,0,0,0,0,0,0,0,0,0,0,0,0,0,0,0,0,0,0,0,0,0,0,0,0,0,0,0,0,0,0,0,294000,0,0,0,0,0,0,0,0,0,0,0,0,0,0,0,0,0,0,0,0,0,0,0,0,0,0,0,0,0,0,1749300,0,0,0,0,0,0,0,0,0,0,0,0,0,0,0,0,0,0,0,0,798700,0,32800600,0,0,0,0,0,0,0,0,0,32879000,0,0,0,0,0,0
"CAN",0,0,0,0,0,0,4035856000,0,0,0,139440000,0,0,0,0,0,6458473600,0,9030057600,0,0,0,0,0,0,0,0,0,0,0,0,4705832888000,156303320000,0,0,0,84600032000,0,0,0,0,0,0,0,0,49430097600,0,0,0,0,0,0,0,0,0,0,0,0,0,0,0,0,0,0,0,796800,44754430400,0,0,0,2565990400,571040000,0,0,0,13133841600,0,0,0,0,0,0,0,0,56440000,2562475161600,0,0,0,0,0,250632209600,0,0,0,0,0,0,0,0,0,0,0,195880000,0,0,0,0,0,425013798400,0,0,0,0,0,0,0,0,0,0,0,0,0,0,0,0,0,19254312000,0,0,0,33654958400,0,0,0,0,0,0,0,0,0,0,0,0,33672000,0,0,2.1912e+11,0,0,0,0,0,13652800,0,3703110400,0,0,0,0,0,0,0,0,886440000,0,0,0,0,0,0,0,0,424960000,0,0,0,0,5671754951800,0,0,0,37403814400,0,0,0,0,0,0,0,0,0,0,0,0
"CPV",0,0,0,0,0,0,0,0,0,0,0,0,0,0,0,0,0,0,0,0,0,0,0,0,0,0,0,0,0,0,0,0,0,0,0,0,0,0,0,0,0,0,0,0,0,0,0,0,0,0,0,0,0,0,0,0,0,0,0,0,0,0,0,0,0,0,0,0,0,0,0,0,0,0,0,0,0,0,0,0,0,0,0,0,0,0,0,0,0,0,0,0,0,0,0,0,0,0,0,0,0,0,0,0,0,0,0,0,0,0,0,0,0,0,0,0,0,0,0,0,0,0,0,0,0,0,0,0,0,0,0,0,0,0,0,0,0,0,0,0,0,0,0,0,0,0,0,0,0,0,0,0,0,0,0,0,0,0,0,0,0,0,0,0,0,0,0,0,0,0,0,0,0,2209900,0,0,0,0,0,0,0,0,0,0,0,0,0,0,0,0,0,0,0,0,0
"CAF",0,0,0,0,0,0,0,0,0,0,0,0,0,0,0,0,0,0,0,0,0,0,0,0,0,0,0,0,0,0,0,0,0,0,0,0,0,0,0,0,0,0,0,0,0,0,0,0,0,0,0,0,0,0,0,0,0,0,0,0,0,0,0,0,0,0,0,0,0,0,0,0,0,0,0,0,0,0,0,0,0,0,0,0,0,0,0,0,0,0,0,0,0,0,0,0,0,0,0,0,0,0,0,0,0,0,0,0,0,0,0,0,0,0,0,0,0,0,0,0,0,0,0,0,0,0,0,0,0,0,0,0,0,0,0,0,0,0,0,0,0,0,0,0,0,0,0,0,0,0,0,0,0,0,0,0,0,0,0,0,0,0,0,0,0,0,0,0,0,0,0,0,0,0,0,0,0,0,0,0,0,0,0,0,0,0,0,0,0,0,0,0,0,0,0
"LKA",0,0,0,0,0,0,91795600,0,0,0,0,4248300,0,0,0,0,0,0,0,0,0,269500,0,0,0,36857800,0,0,0,0,9800,44109800,0,0,0,0,0,0,33200,0,0,358700,0,0,0,0,0,0,0,0,0,0,0,103211200,0,0,0,0,0,42828000,0,0,0,0,0,0,0,0,0,0,0,3812200,0,0,0,7957600,0,0,0,39200,0,32349800,0,0,0,81599700,0,0,17640000,0,0,3605500,0,0,0,1251200,0,0,0,0,0,0,0,392249900,1010463700,0,0,0,0,0,0,0,0,1199400,0,0,156800,0,0,0,0,1995200,0,0,17640000,0,0,0,0,0,0,0,0,0,0,0,0,0,0,0,0,0,249900,0,0,0,0,39200,0,3550200,0,0,0,223234200,0,2993900,0,0,0,0,9020900,29263500,0,0,0,0,15160600,0,0,0,0,0,0,90261700,0,0,105987900,0,129704700,0,0,0,0,35892500,0,0,0,8820000,0,0,911400,0,0,0,0
"TCD",0,0,0,0,0,0,0,0,0,0,0,0,0,0,0,0,0,0,0,0,0,0,0,0,0,0,0,0,0,0,0,0,0,0,0,0,0,0,0,0,0,0,0,0,0,0,0,0,0,0,0,0,0,0,0,0,0,0,0,0,0,0,0,0,0,0,0,0,0,0,0,0,0,0,0,0,0,0,0,0,0,0,0,0,0,0,0,0,0,0,0,0,0,0,0,0,0,0,0,0,0,0,0,0,0,0,0,0,0,0,0,0,0,0,0,0,0,0,0,0,0,0,0,0,0,0,0,0,0,0,0,0,0,0,0,0,0,0,0,0,0,0,0,0,0,0,0,0,0,0,0,0,0,0,0,0,0,0,0,0,0,0,0,0,0,0,0,0,0,0,0,0,0,0,0,0,0,0,0,0,0,0,0,0,0,0,0,0,0,0,0,0,0,0,0
"CHL",0,0,0,0,0,212684500,101493700,0,0,0,0,0,0,0,6142692900,0,374612300,0,73840400,0,0,0,0,0,0,56676400,0,0,0,0,0,1908400,9098213400,0,0,0,4368622900,355512900,0,0,0,0,0,1353612700,0,40469377500,0,0,0,0,0,0,181300,3346700,0,0,0,0,0,108230700,0,0,0,0,0,0,787850400,0,0,0,320244200,28748300,0,0,0,0,0,0,0,0,137792900,2327500,0,0,32678400,568885400,0,0,0,0,0,1498333200,0,0,0,0,0,0,0,0,0,0,0,0,0,0,0,0,0,7029041700,0,0,0,0,0,0,7722400,0,0,0,0,779100,69189200,0,0,0,0,143070700,0,0,6447219400,199853293200,36800000,0,0,0,0,0,0,0,0,0,0,0,0,0,0,0,0,0,0,0,0,27910400,0,0,10446800,0,0,0,10327400,954200,0,0,0,0,0,0,0,0,0,0,0,0,0,0,23402500,0,25230933400,0,35041200,0,597476000,38700200,0,0,0,0,0,0,0,0,0,0,0
"CHN",0,0,0,0,0,16130800,11129553800,0,0,15650600,0,0,0,0,0,0,10388000,0,7820400,0,0,0,240993125900,0,36115520000,1526682500,0,0,29342682900,0,158388200,0,40660200,0,0,0,12730200,0,8570100,0,0,82040700,0,0,0,0,0,16233700,0,0,0,0,105443100,4791024000,6223000,0,0,0,0,277071700,0,17076500,0,37783900,0,0,0,0,0,3910200,0,84411208000,0,0,0,66722263000,48068466500,0,0,182235900,44349900,3093438600,0,327256300,0,8931438600,0,0,0,170741205400,17456844300,79901127500,0,16674700,102358700,0,0,366471000,8820000,0,11906816700,0,0,21868832400,0,0,13259400,0,4405100,43737400,95877334500,0,201375400,0,9569700,25950400,2531011700,0,0,0,102258100,1948387000,8957200,0,0,46545100,1945654200,117364800,20305600,1856780800,12808600,19281500,329461857300,150145800,80810800,0,43585500,0,13832700,0,35201600,0,3335509800,0,0,0,0,0,0,8609300,12936000,52459400,0,268463451300,0,7389200,330436400,0,3649550400,0,72549400,0,0,58880000,46173420000,0,555279284700,43311100,0,0,8398600,0,39190200,16239295800,0,0,4940003900,0,8230899000,0,343627200,0,0,392815699300,0,0,0,0,465444100,0,0,0,0,1185408000,0
"COL",0,0,0,0,0,0,309810600,0,0,0,0,0,0,0,0,0,9.2e+07,0,0,0,0,0,0,0,0,0,0,0,0,0,10471300,0,0,0,0,0,10873100,0,0,0,0,0,0,0,0,1435210700,0,17836200,0,0,0,0,0,0,0,0,0,0,0,0,0,0,0,0,0,0,0,0,0,0,0,0,0,0,0,0,0,0,0,0,0,0,0,0,198180000,0,0,0,0,0,0,39200,0,0,0,0,0,0,0,0,0,0,0,0,0,0,0,0,0,2557800,0,0,0,0,0,0,0,0,0,0,0,0,68600,0,0,0,0,1993576700,0,0,0,1.84e+10,0,0,0,0,0,0,0,0,0,0,0,0,0,0,0,0,0,0,0,0,0,0,0,0,177296700,0,0,0,117516700,1101000,0,0,0,0,0,0,0,0,0,0,0,0,0,0,37431100,0,551566300,0,0,0,0,0,0,0,0,0,0,0,0,0,0,0,0
"COM",0,0,0,0,0,0,0,0,0,0,0,0,0,0,0,0,0,0,0,0,0,0,0,0,0,0,0,0,0,0,0,0,0,0,0,0,0,0,0,0,0,0,0,0,0,0,0,0,0,0,0,0,0,0,0,0,0,0,0,0,0,0,0,0,0,0,0,0,0,0,0,0,0,0,0,0,0,0,0,0,0,0,0,0,0,0,0,0,0,0,0,0,0,0,0,0,0,0,0,0,0,0,0,0,0,0,0,0,0,0,0,0,0,0,0,0,0,0,0,0,0,0,0,0,0,0,0,0,0,0,0,0,0,0,0,0,0,0,0,0,0,0,0,0,0,0,0,0,0,0,0,0,0,0,0,0,0,0,0,0,0,0,0,0,0,0,0,0,0,0,0,0,0,0,0,0,0,0,0,0,0,0,0,0,0,0,0,0,0,0,0,0,0,0,0
"COG",0,0,0,0,0,0,0,0,0,0,0,0,0,0,0,0,0,0,0,0,0,0,0,0,0,0,0,0,0,0,0,0,0,0,0,0,0,0,0,0,0,0,0,0,0,0,0,0,0,0,0,0,0,1911000,0,0,0,0,0,1082900,0,0,0,0,0,0,0,0,0,0,0,0,0,0,0,0,0,0,0,0,0,0,0,0,0,0,0,0,0,0,0,0,0,0,0,0,0,0,0,0,0,0,0,0,0,0,0,0,0,0,0,0,0,0,0,0,0,0,0,0,0,0,0,0,0,0,0,0,0,0,0,0,0,0,0,0,0,0,0,0,0,0,0,0,0,0,0,0,0,0,0,0,0,0,0,0,0,0,0,0,0,0,0,0,0,0,0,0,0,0,0,0,0,0,0,0,0,0,0,0,0,0,0,0,0,0,0,0,0,0,0,0,0,0,0
"COK",0,0,0,0,0,0,0,0,0,0,0,0,0,0,0,0,0,0,0,0,0,0,0,0,0,0,0,0,0,0,0,0,0,0,0,0,0,0,0,0,0,0,0,0,0,0,0,0,0,0,0,0,0,0,0,0,0,0,0,0,0,0,0,0,0,0,0,0,0,0,0,0,0,0,0,0,0,0,0,0,0,0,0,0,0,0,0,0,0,0,0,0,0,0,0,0,0,0,0,0,0,0,0,0,0,0,0,0,0,0,0,0,0,0,0,0,0,0,0,0,0,0,0,0,0,0,0,0,0,0,0,0,0,0,0,0,0,0,0,0,0,0,0,0,0,0,0,0,0,0,0,0,0,0,0,0,0,0,0,0,0,0,0,0,0,0,0,0,0,0,0,0,0,0,0,0,0,0,0,0,0,0,0,0,0,0,0,0,0,0,0,0,0,0,0
"CRI",0,0,0,0,0,0,17306800,0,0,0,0,0,0,0,0,0,0,0,0,0,0,0,0,0,0,0,0,0,0,0,14700,67110400,0,0,0,0,0,0,0,0,0,0,0,5835300,0,0,0,1118420100,0,0,0,0,0,0,0,0,0,0,0,0,0,0,0,0,0,0,898669800,0,0,0,758495500,0,0,0,0,0,0,0,0,0,0,0,0,0,0,0,0,0,0,0,0,0,0,0,0,0,0,0,0,0,0,0,0,0,0,0,0,0,0,0,0,0,0,0,0,0,0,0,0,0,0,0,748445600,0,0,0,0,1131186500,0,0,0,0,0,0,0,0,0,0,0,0,0,0,0,0,0,0,0,0,0,0,0,0,0,0,0,0,0,0,0,0,0,5042100,0,0,0,0,0,0,0,0,0,0,0,0,0,0,0,0,1729680400,0,0,0,0,0,0,0,0,0,0,0,0,0,0,0,0
"CUB",0,0,0,0,0,0,25146800,0,347900,0,0,0,0,0,0,0,25004700,0,0,0,0,0,0,0,0,5002900,0,0,0,0,12426400,0,0,0,0,0,51827300,0,0,0,0,9898000,0,59726100,0,7472500,0,2866500,0,0,0,0,0,28371000,0,0,0,0,0,85848000,0,0,0,0,0,0,0,0,0,0,245000,0,0,0,0,0,0,0,0,0,0,20090000,0,0,0,3704400,0,0,0,0,0,0,0,0,0,0,0,0,0,0,0,0,0,0,19600,0,0,0,0,54679100,0,0,0,0,0,0,9947000,0,0,0,0,0,0,0,0,171500,0,0,2450000,0,0,0,0,0,0,0,0,0,0,0,0,0,0,0,0,0,0,0,0,0,0,0,0,0,0,0,60515000,0,0,0,0,7570500,0,0,0,0,0,0,0,0,0,0,0,0,0,0,34986000,0,0,0,0,0,0,0,0,0,0,0,0,0,0,0,0,0,0
"CYP",0,0,0,0,0,0,7301000,0,0,0,0,0,0,0,0,0,0,0,0,0,0,2695000,0,0,0,0,0,0,0,0,0,68751900,0,0,0,0,0,0,0,0,0,0,0,0,0,0,25823000,0,0,0,0,0,8428000,1911000,0,0,0,0,98000,4900,0,0,0,42532000,0,0,0,0,0,0,0,0,0,0,0,0,0,0,0,0,13475000,0,0,0,0,735000,0,0,0,0,0,0,0,0,0,14945000,0,0,0,0,0,0,0,0,0,0,0,0,0,0,0,0,0,0,0,0,0,0,0,0,0,0,0,0,0,0,0,0,0,0,0,0,0,0,0,0,0,0,0,0,0,0,0,0,0,0,0,0,0,0,0,0,0,0,0,4900,0,0,0,0,5586000,0,147000,0,0,0,0,0,0,0,0,0,0,0,0,0,605101000,0,26019000,0,0,0,0,0,0,0,0,0,0,0,0,98000,0,0,0
"AZE",0,0,0,0,0,0,0,0,0,0,0,0,0,0,0,0,0,0,0,0,0,0,0,0,0,0,0,0,0,0,0,0,0,0,0,0,0,0,0,0,0,0,0,0,0,0,0,0,0,0,0,0,0,0,0,0,8467200,0,0,0,0,0,0,0,0,0,0,0,0,0,0,0,0,0,0,0,0,0,0,0,0,0,0,0,0,0,0,0,0,0,0,0,0,0,0,0,0,0,0,0,0,0,0,0,0,0,0,0,0,0,0,0,0,0,0,0,0,0,0,0,0,0,0,0,0,0,0,0,0,0,0,0,0,0,0,0,0,0,0,0,0,0,0,0,0,0,0,0,0,0,0,0,0,0,0,0,0,0,0,0,0,0,0,0,0,0,0,0,0,0,0,0,0,0,0,0,0,0,0,0,0,0,0,0,0,0,0,0,0,0,0,0,0,0,0
"BEN",0,0,0,0,0,0,0,0,0,0,0,0,0,0,0,0,0,0,0,0,0,0,0,0,0,0,0,0,0,0,0,0,0,0,0,0,0,0,0,0,0,0,0,0,0,0,0,0,0,0,0,0,0,0,0,0,0,36700000,0,0,0,0,0,0,0,0,0,0,0,0,0,0,0,0,0,0,0,0,0,0,0,0,0,0,0,0,0,0,0,0,0,0,0,0,0,0,0,0,0,0,0,0,0,0,0,0,0,0,0,0,0,0,0,0,0,0,0,0,0,0,0,0,0,9652100,0,0,0,0,0,0,0,0,0,0,0,0,0,0,0,0,0,0,0,0,0,0,0,0,0,0,0,0,0,0,0,0,0,0,0,0,0,0,0,0,0,0,0,376758400,0,0,0,0,0,0,0,0,0,0,0,0,0,0,0,0,0,0,0,0,0,0,0,0,0,0,0
"DNK",406700,0,0,6296500,0,0,241619000,423821000,2450000,182348600,0,32977000,0,0,0,0,1399881000,0,3790032000,0,0,14103800,0,0,0,295295972000,8232000,0,2447349500,0,46697000,149124104000,498344274000,0,2227883000,0,8428000,882000,6085010000,2415700,332277000,0,1638704000,12775120000,1938000,0,3430000,0,70364000,48577116800,3470067800,0,1376666000,137403180700,0,0,18914000,698495000,0,2651190125700,53900,3482381000,0,1764341800,0,0,0,5874708000,1258349600,0,0,27685000,370792000,2254000,43929414800,1347049000,10769960000,252365050000,0,84033400,2712462000,36456789800,111867000,955500,1568000,43615659000,2548000,1176000,1358770000,67019968000,1875500,55694214000,0,10119259400,2.208e+09,142100000,0,11510691000,0,21980717000,1033900,49000,25226498000,93090403000,0,10437000,4546800,5488000,0,13475000,0,7318779200,0,63700,40541971000,0,299859870000,0,0,0,0,28325700,0,460061000,117600,181226524600,9446000,0,86212800,0,0,158530833000,21279176000,235113982000,13593378000,156653000,0,3703920000,150332000,205200,163472000,17444000,249285771000,39690000,0,8233632000,0,370106043000,1274000,0,541450000,3860000,125037000,256678000,0,138082000,114347407600,6664000,1680700,0,301297546000,4750584000,0,735000,1028973000,28640500,11128873000,189973000,27342000,9368936000,191884000,98000,146173497500,964554000,35856899000,0,97944231800,10247008000,238756828000,810852000,28763000,39845659500,0,252980181000,265643376000,0,2605673000,78400,158266064800,1655000,2205000,0,178605000,0,0
"DMA",0,0,0,0,2401000,0,0,0,0,0,0,0,0,0,0,0,0,0,0,0,0,0,0,0,0,0,0,0,0,0,0,0,0,0,0,0,0,0,0,0,0,0,0,0,0,0,0,0,0,0,0,0,0,0,0,0,0,0,0,0,0,0,0,0,0,0,0,0,0,0,0,0,0,0,0,0,0,0,0,98000,0,0,0,0,0,0,0,0,0,0,0,0,0,0,0,0,0,0,0,0,0,0,0,0,0,0,0,0,0,0,0,0,0,0,0,0,0,0,0,0,0,0,0,0,0,0,0,0,0,0,0,0,0,0,0,0,0,0,0,0,0,0,0,0,101978800,0,0,0,0,0,0,0,0,0,0,0,0,0,0,0,0,0,0,0,0,0,0,0,0,49000,0,0,0,0,0,0,0,0,0,0,0,0,0,0,0,0,0,0,0,0,0,0,0,0,0
"DOM",0,0,0,0,0,0,0,0,0,0,0,0,0,0,0,0,0,0,0,0,0,0,0,0,0,0,0,0,0,0,0,0,0,0,0,0,0,0,0,0,0,0,0,0,0,0,0,0,0,0,0,0,0,0,0,0,0,0,0,0,0,0,0,0,0,0,0,0,0,0,0,0,0,0,0,0,0,0,0,0,0,0,0,0,0,0,0,0,0,0,0,0,0,0,0,0,0,0,0,0,0,0,0,0,0,0,0,0,0,0,0,0,0,0,0,0,0,0,0,0,0,0,0,0,0,0,0,0,0,0,0,0,0,0,0,0,0,0,0,0,0,0,0,0,0,0,0,0,0,0,0,0,0,0,0,0,0,0,0,0,0,0,0,0,0,0,0,0,0,0,0,0,0,0,0,0,0,0,0,0,0,0,0,0,0,0,0,0,0,0,0,0,0,0,0
"BLR",5070432400,0,0,0,0,0,0,0,0,0,0,0,0,0,0,0,0,0,0,0,0,0,0,0,0,200582000,0,0,0,0,0,39871300,0,0,0,0,0,0,0,34398171700,0,0,0,0,0,0,0,0,0,126816900,0,0,0,0,0,0,2296251500,0,0,83107800,0,0,0,0,0,0,0,0,0,0,0,0,0,0,0,0,0,0,0,0,0,0,0,47378773800,0,0,0,12340512000,0,0,0,19600,0,1011340700,340988800,0,0,0,0,21360575700,0,0,0,0,0,0,0,0,0,0,0,0,0,14849568700,0,0,0,0,0,0,0,57241800,0,0,0,0,0,0,0,0,0,0,0,172784600,0,0,0,0,0,0,0,0,785046832700,0,0,0,0,251541800,0,0,0,0,0,835000,0,0,0,0,14615091000,0,0,0,0,4144300500,0,0,0,0,0,0,0,0,0,125770900,0,0,0,8419956500,11040000,0,0,29910966400,0,256422400,0,0,0,0,0,0,0,0,0,0,0
"ECU",0,0,0,0,0,0,0,0,0,0,0,0,0,0,0,0,0,0,0,0,0,0,0,0,0,0,0,0,0,0,0,0,0,0,0,0,0,0,0,0,0,0,0,0,0,0,0,0,0,0,0,0,0,0,0,0,0,0,0,0,0,0,0,0,0,0,0,0,0,0,0,0,0,0,0,0,0,0,0,0,0,421839200,0,0,0,0,0,0,0,0,0,0,0,0,0,0,0,0,0,0,0,0,0,0,0,0,0,0,0,0,0,0,0,0,0,0,0,0,0,0,0,0,0,0,0,0,0,0,0,0,0,84740600,0,0,970200,0,0,0,0,0,0,0,0,0,0,0,0,0,0,0,0,0,0,0,0,0,411600,0,0,0,0,0,0,0,0,0,0,0,0,0,0,0,0,0,0,0,0,0,7217700,0,0,0,0,0,0,0,0,0,0,0,0,0,0,0,0
"EGY",0,0,0,1467225900,0,0,0,0,0,13114000,0,0,0,0,0,0,0,0,0,0,0,0,0,23021601600,0,0,0,0,0,0,0,0,0,0,0,0,0,0,0,0,0,0,0,0,0,0,0,0,0,0,0,0,0,0,0,0,0,0,0,0,0,0,0,0,0,0,0,0,0,0,0,984900,0,0,0,0,0,0,0,0,0,1840000,0,0,0,0,0,0,0,0,0,27552700,40636800,0,0,4614312000,0,0,0,0,0,0,0,0,0,0,0,0,0,0,0,0,0,0,0,0,529200,0,0,0,0,0,0,73400,0,0,0,0,0,0,0,0,0,0,0,0,0,0,459600,0,0,18478552800,69693300,0,0,0,0,47710000,1978367500,0,0,0,0,50935500,0,0,0,0,0,0,0,17478300,0,0,0,0,0,0,0,0,18953200,0,0,40067300,0,0,0,0,0,0,0,0,0,0,34533854000,0,0,0,0,0,0,0,7688400,0,10642800
"SLV",0,0,0,0,0,0,1786642900,0,0,0,0,0,0,0,0,0,0,0,0,0,0,0,0,0,0,0,0,0,0,0,0,0,0,0,0,0,7315700,0,0,0,0,0,0,0,0,0,0,0,0,0,0,0,0,0,0,0,0,0,0,14700,0,0,0,0,0,0,8050900,0,0,0,309283100,0,0,0,0,0,0,0,0,0,0,0,0,0,0,0,0,0,0,0,0,0,0,0,0,0,0,0,0,0,0,0,0,0,0,0,0,0,0,0,0,0,0,0,0,0,0,0,0,0,0,0,0,0,0,0,0,29400,0,0,0,0,0,0,0,0,0,0,0,0,0,0,0,0,0,0,0,0,0,0,0,0,0,0,0,0,0,0,0,0,0,0,0,0,0,0,0,0,0,0,0,0,0,0,0,0,0,0,5570839400,0,0,0,0,0,0,0,0,0,0,0,0,0,0,0,0
"GNQ",0,0,0,0,0,0,0,0,0,0,0,0,0,0,0,0,0,0,0,0,0,0,0,0,0,0,0,0,0,0,0,0,0,0,0,0,0,0,0,0,0,0,0,0,0,0,0,0,0,0,0,0,0,0,0,0,0,0,0,0,0,0,0,0,0,0,0,0,0,0,0,0,0,0,0,0,0,0,0,0,0,0,0,0,0,0,0,0,0,0,0,0,0,0,0,0,0,0,0,0,0,0,0,0,0,0,0,0,0,0,0,0,0,0,0,0,0,0,0,0,0,0,0,0,0,0,0,0,0,0,0,0,0,0,0,0,0,0,0,0,0,0,0,0,0,0,0,0,0,0,0,0,0,0,0,0,0,0,0,0,0,0,0,0,0,0,0,0,0,0,0,0,0,0,0,0,0,0,0,0,0,0,0,0,0,0,0,0,0,0,0,0,0,0,0
"EST",0,0,0,94122049000,0,196000,42091000,0,0,0,0,0,0,0,0,0,323400,0,0,0,0,24500,0,9212000,0,6615000,0,0,0,0,0,51606800,0,0,0,0,0,0,0,0,0,17312362000,0,0,6223000,0,0,0,0,0,0,0,8657245000,7350000,0,0,212593000,0,588000,131982949000,0,19600,0,2989000,0,0,0,0,0,0,0,3283000,2009000,0,395121300,1813000,0,2.2908e+11,0,18286973800,6614000,130795700,0,0,0,122500,0,0,0,0,0,30821000,1.4608e+11,85920379400,0,3038000,0,0,0,22862407600,0,0,0,0,0,0,0,0,0,8633800,0,132300,196000,0,0,0,2112724000,0,0,0,0,588000,0,0,0,3.0935e+10,0,0,53709000,0,0,98000,0,7878663100,0,0,0,0,0,0,0,0,14232259000,0,0,0,0,931652473000,0,980000,980000,24206000,0,314344800,0,196000,54243535000,0,0,0,854314000,4998000,0,0,0,0,392000,49000,0,0,0,0,0,3234000,0,0,8660900,40817000,1555800,0,49000,0,196000,0,0,0,0,0,11201400,0,0,0,0,0,0
"FRO",0,0,0,0,0,0,0,0,0,0,0,0,0,0,0,0,0,0,0,0,0,0,0,0,0,0,0,0,0,0,0,0,0,0,0,0,0,0,0,0,0,49931000,0,0,0,0,0,0,0,0,0,0,0,0,0,0,0,0,0,0,0,0,0,0,0,0,0,0,0,0,0,0,0,0,35186900,0,0,0,0,0,0,0,0,4900,0,0,0,0,0,0,0,0,0,0,0,0,0,0,0,0,0,0,0,0,0,0,0,0,0,0,0,0,0,0,0,0,0,0,0,0,0,0,0,0,0,735000,0,0,0,0,0,0,0,0,0,0,0,0,0,0,0,0,0,0,0,0,0,0,0,0,0,0,0,0,0,0,0,0,0,0,9800,0,0,0,0,0,0,0,0,0,0,0,0,0,0,0,0,0,0,0,0,0,0,0,0,0,0,0,0,0,0,0,0,0,0
"FJI",0,0,0,0,0,0,886900,0,0,0,0,0,0,0,0,0,0,0,0,3964100,0,0,0,0,0,0,0,0,0,0,0,4900,0,0,0,53978400,0,0,0,0,0,0,0,0,0,0,0,0,0,0,0,0,0,0,20854400,0,0,0,0,0,0,0,17370500,0,0,0,0,0,0,0,0,445900,0,0,0,0,0,0,0,0,0,0,0,0,0,0,0,0,0,0,0,0,0,0,0,0,0,0,0,0,0,0,0,0,0,0,0,0,0,4630500,0,0,0,0,0,0,0,0,181300,0,31727500,2327500,0,0,0,0,0,0,0,828100,0,0,0,0,0,0,0,0,0,0,0,0,0,0,0,0,0,0,0,0,0,0,0,78400,0,0,0,0,0,0,0,0,0,0,0,0,0,0,3199700,0,0,0,0,0,0,720300,63700,0,4454100,0,0,0,0,0,0,0,0,0,0,0,0,0,0,0,0
"FIN",4404000,259700,0,196516776000,0,0,112877600,98000,0,4900,0,0,0,0,0,0,0,0,0,0,0,0,673440000,0,0,60060300,0,0,0,0,0,387790200,0,0,0,0,3126528000,0,222601000,1468000,9800,60897456000,0,0,65326000,0,0,0,0,51374150000,0,0,0,1792969000,0,0,232576000,0,0,134362734600,0,0,0,100335000,0,94208000,0,0,0,0,0,4277800,139827000,0,1540882900,1421000,0,73400,0,53949000,106149000,468064000,0,55420000,0,31344518700,0,0,0,0,0,541988000,4404000,2150355000,0,845568000,0,0,52291992000,40880373000,0,0,0,107702000,0,0,0,0,0,0,73600,34863652000,0,147200000,0,0,286067609200,0,0,0,0,664000,0,0,46736000,73071408300,0,0,42939000,0,0,0,0,71234809000,29380753000,0,0,0,0,0,115618000,0,202134388400,49312000,0,0,0,638393172000,0,0,0,53582000,0,490000,0,17184300,60209398100,0,0,0,175937953000,69012000,0,0,334254000,0,4593700,0,0,106720000,0,0,855968000,20580000,0,0,50047126200,268159000,4354747400,0,0,11744000,0,649590000,0,0,0,0,49184856000,0,20580000,0,0,0,0
"FRA",784000,49000,32095000,933431118400,6411000,324154000,4093445400,65517558200,10918600000,123840000,0,44040000,0,0,0,22333920000,274501732400,0,0,0,35721000,2634502000,0,3628480000,570026254600,9917215000,6126096000,22909827000,39200,24678608000,151494200,17059340415000,67772329400,20972000,13455005000,0,4936357000,54324755000,135361144000,0,14620154000,1949235000,0,226582169000,479076000,181300,116064960000,0,294490000,13198000,0,0,524255000,0,7184865000,285082000,1911000,12162822000,1438880000,3319460830200,5145000,81369253000,0,74457189000,0,32193000,77281104000,6676603000,64386000,28721169000,93541000,2295258000,32384788000,31432092800,1685656400,13482546600,188477200,172588000,0,84828373000,15314173800,2056677427300,14219027000,73334400,12572508000,504257248000,348661896000,0,0,13084829600,0,3066115000,1740000,2763100,5467003000,3561940500,0,17591000,139657128000,3139425600,0,136296000,0,154016000,294000,4055878000,49915806000,15386000,17435000,258221859300,50764000,1081470866000,12850658000,0,25518224000,24500,6828178577000,0,4769337000,48559000,12660000,527609000,0,1525084000,294811765000,293051000,0,183000278800,547138000,392000,0,26756166400,1121687000,597998800,255972803300,0,0,3628480000,495000,0,3040458600,7308480000,15743091100,0,6846254000,1792266000,1960000,699729918000,5001748000,1176000,625756800,3440203500,410846000,44159208000,0,153197893000,1416756168800,12843617000,0,0,1064447000,557217593000,0,0,2188369600,65189825000,46226830200,26515010000,0,9898000,98000,307125726000,102857357000,635182000,833000,0,98272127000,1322644600,21419589000,37888495000,73316421400,0,334638938000,584165506000,81853670000,0,54281122000,11698720000,10884707786900,86337933400,12545645500,0,9133760000,0,0
"PYF",0,0,0,0,0,0,842800,0,0,0,0,0,0,0,0,0,0,0,0,0,0,0,0,0,0,0,0,0,0,0,5213600,0,0,0,0,39200,0,0,0,0,0,0,0,0,0,0,0,0,0,0,0,0,0,78316200,0,0,0,0,0,0,0,0,0,0,0,0,0,0,0,0,0,0,0,0,0,0,0,0,0,0,0,0,0,0,0,60108300,0,0,0,0,0,0,0,0,0,0,0,0,0,0,0,0,0,0,0,0,0,0,0,0,0,0,0,0,0,0,0,0,14700,0,0,7158900,0,0,0,0,0,0,0,0,0,0,0,0,0,0,0,0,0,0,0,0,0,0,0,0,0,0,0,0,0,0,0,0,0,0,0,0,0,0,0,0,0,0,0,0,0,0,0,0,0,0,0,0,0,0,0,0,117325600,0,0,0,0,0,0,0,0,0,0,0,0,0,0,0,0
"DJI",0,0,0,0,0,0,51410800,0,0,0,0,0,0,0,0,0,0,0,0,0,0,0,0,0,0,0,0,0,0,0,0,0,0,0,0,0,0,0,0,0,0,0,0,0,0,0,0,0,0,0,0,0,0,0,0,0,0,0,0,0,0,0,0,0,0,0,0,0,0,0,0,0,0,0,0,0,0,0,0,0,0,0,0,0,0,0,0,0,0,0,0,0,0,0,0,0,0,0,0,0,0,0,0,0,0,0,0,0,0,0,0,0,0,0,0,0,0,0,0,0,0,0,0,0,0,0,0,0,0,0,0,0,0,0,0,0,0,0,0,0,0,0,0,0,0,0,0,0,0,0,0,0,0,0,0,4267900,0,0,0,0,0,0,0,0,0,0,0,0,0,0,0,0,0,0,0,0,0,0,0,0,0,0,0,0,0,0,0,0,0,0,0,0,0,0,0
"GEO",190139600,0,0,0,0,0,42081200,0,0,0,0,0,0,0,0,0,0,0,0,0,0,0,0,0,0,0,0,0,0,0,0,5174400,0,0,0,0,0,44100,42581000,4979259700,0,0,0,0,4900000,0,0,0,0,886900,0,0,0,0,0,0,0,0,0,2401000,0,0,0,4640300,0,0,0,0,0,0,0,0,0,0,0,0,29400,617400,0,0,15288000,0,0,0,0,0,0,11941300,0,0,0,999600,0,5684000,0,79680000,0,0,0,3503500,0,0,0,0,0,0,882000,0,0,0,0,0,0,39200,0,0,14028700,0,0,0,0,0,0,0,0,0,0,0,0,0,0,0,0,24304000,0,0,0,0,0,0,0,0,291951800,0,0,0,0,66400000,0,0,0,0,0,28052500,0,0,0,0,0,0,0,0,0,0,0,0,0,0,0,0,0,0,0,0,0,0,0,27048000,0,0,0,1092700,0,0,0,0,0,0,112700,0,0,0,0,0,0
"GAB",0,0,0,0,0,0,0,0,0,0,0,0,0,0,0,0,0,0,0,0,0,0,0,0,0,0,0,0,0,0,0,0,0,0,0,0,0,0,0,0,0,0,0,0,0,0,0,0,0,0,0,0,0,58800,0,0,0,0,0,0,0,0,0,0,0,0,0,0,0,0,0,0,0,0,0,0,0,0,0,196000,0,0,0,0,0,0,0,0,0,0,0,0,0,0,0,0,0,0,0,0,0,0,0,0,0,0,0,0,0,0,0,0,0,0,0,0,0,0,0,0,0,0,0,0,0,0,0,0,0,0,0,0,0,0,1288700,0,0,0,0,0,0,0,0,0,0,0,25156600,0,0,0,0,0,0,0,0,0,0,0,0,0,0,4900,0,0,0,0,0,0,0,0,0,0,0,0,0,0,0,0,0,0,0,0,0,0,0,0,0,0,0,0,0,0,0,0,0
"GMB",0,0,0,0,0,0,0,0,0,0,0,0,0,0,0,0,0,0,0,0,0,0,0,0,0,0,0,0,0,0,0,0,0,0,0,0,0,0,0,0,0,0,0,0,0,0,0,0,0,0,0,0,0,0,0,0,0,0,0,0,0,0,0,0,0,0,0,0,0,0,0,0,0,0,0,0,0,0,0,0,0,0,0,0,0,0,0,0,0,0,0,0,0,0,0,0,0,0,0,0,0,0,0,0,0,0,0,0,0,0,0,0,0,0,0,0,0,0,0,0,0,0,0,0,0,0,0,0,0,0,0,0,0,0,0,0,0,0,0,0,0,0,0,0,0,0,0,0,98509600,0,0,0,0,0,0,0,0,0,0,0,0,0,0,0,0,0,0,0,0,0,0,0,0,0,0,0,0,0,0,0,0,0,0,0,0,0,0,0,0,0,0,0,0,0,0
"DEU",5852803000,258818000,2420465600,8124673000,0,2168341900,37957042200,280018075800,2658664000,1595519000,87808000,402007000,0,0,278993000,151616000,38684214200,0,0,0,0,6460350200,6607585400,0,8172695000,61494400000,0,268079000,27788306200,0,8382865200,202926465200,2978396000,74284000,24347794000,0,13734566000,21591016500,3140259200,40371621400,3271597000,270704094800,0,55665529000,2530004000,890383400,398965100,416441000,4833439000,22118646600,54338000,0,19777935600,305787052000,4847174000,2526136000,55752008000,11587124000,26754000,0,717132000,1150211100,0,69543683000,0,0,44493547000,961968000,0,0,141681000,4466642000,16592166000,7011167000,3447183000,4134496000,28081121100,620288283000,592144000,6604987300,40697016000,1142763247200,2994843100,2932226000,17984004000,1007397791200,183192854000,230375000,1043500000,80540209200,61543400,47744335100,37738000,3452817800,104751343000,4925658800,967840000,312386000,214245784000,19689752000,8183000,0,117600,55623079000,30971000,81805500,9732954400,5132100,151442000,7982916900,2803101000,180799900,5630579000,1085335200,85065296000,1028952000,4397873479000,0,2064480000,687741000,0,5714853800,51178931000,56546000,51070112700,23905089000,12504700,508933200,44122108200,1930810000,715311000,2078659200,49925936700,178008859100,6516436000,0,0,0,358545000,103236000,14967945500,9384368000,151959406200,2842000,686000,656600,0,4980313744000,706286000,6866882000,11350641000,44187842000,9147687800,18118764300,0,18334069500,168388549000,82740000,184715400,253552000,34743413500,523358742000,9996000,4597972000,192885957000,24165579000,173114811500,3569052000,0,6321000,2887266200,92052055000,9050844000,9535954000,4839931000,0,126855249000,16883171800,459676159000,7780738000,665846000,77563354000,74667856000,324400054900,45191061000,1617000,2802521000,203136000,304273462000,23500562000,2193422800,242226200,8555400,0,15414000
"BIH",0,0,0,0,0,0,25872000,14499100,0,0,0,0,0,0,0,0,0,0,0,0,0,0,0,0,0,0,0,0,0,0,0,0,0,0,0,0,0,0,0,0,0,0,0,0,0,0,0,0,0,0,0,0,0,0,0,0,0,0,0,847700,0,0,0,0,0,0,0,0,0,0,0,0,0,692683600,9216900,0,0,0,0,0,220720500,0,0,0,0,0,0,0,0,0,0,0,0,0,0,0,0,0,0,0,0,0,0,0,0,0,0,0,0,0,0,0,0,0,0,0,3773000,0,0,58800,0,0,0,0,0,0,0,0,0,0,0,0,0,0,0,0,0,0,0,0,0,0,0,0,0,0,0,0,0,0,0,25631900,0,0,0,0,0,0,0,0,31159100,4189500,0,0,0,0,0,0,0,0,0,0,0,0,0,0,4900,0,6149500,0,0,0,0,0,0,0,0,0,0,0,1318652700,6747300,0,0,0
"GHA",0,0,0,0,0,0,0,0,0,0,0,0,0,0,0,0,0,0,0,0,0,0,0,0,0,0,0,0,0,0,0,0,0,0,0,0,0,0,0,0,14680000,0,0,0,0,0,0,0,0,0,0,0,0,147000,0,0,0,0,0,26555000,0,0,0,0,0,0,0,0,0,0,0,0,0,0,0,0,0,0,0,4312000,0,0,58011100,0,0,2861600,0,0,0,0,0,0,0,0,0,0,0,0,0,0,0,0,0,0,0,0,0,0,0,0,0,0,14700,0,0,0,308700,0,0,0,0,0,0,14680000,0,0,0,0,0,0,0,0,0,0,0,0,0,0,0,0,0,0,0,0,0,0,0,0,0,0,0,0,0,24500,0,63700,31562000,0,0,0,0,313600,0,0,0,0,0,27861400,0,0,0,0,0,0,9800,0,25676000,0,49720300,241614100,0,0,0,0,0,0,0,0,2156000,0,0,0,0,0,0
"KIR",0,0,0,0,0,0,0,0,0,0,0,0,0,0,0,0,0,0,0,0,0,0,0,0,0,0,0,0,0,0,0,0,0,0,0,0,0,0,0,0,0,0,0,0,0,0,0,0,0,0,0,0,0,0,0,0,0,0,0,0,0,0,0,0,0,0,0,0,0,0,0,0,0,0,0,0,0,0,0,0,0,0,0,0,0,0,0,0,0,0,0,0,0,0,0,0,0,0,0,0,0,0,0,0,0,0,0,0,0,0,0,0,0,0,0,0,0,0,0,0,0,0,0,0,0,0,0,0,0,0,0,0,0,0,0,0,0,0,0,0,0,0,0,0,0,0,0,0,0,0,0,0,0,0,0,0,0,0,0,0,0,0,0,0,0,0,0,0,0,0,0,0,0,0,0,2327500,0,0,0,0,0,0,0,0,0,0,0,0,0,0,0,0,0,0,0
"GRC",0,0,11211775000,0,0,0,507395000,85897000,637000,0,0,0,0,0,0,0,12450900,0,0,0,0,14451308600,0,19600,17689000,137249000,0,0,0,0,0,7719068000,0,0,0,0,0,0,32508183000,0,0,6762000,0,0,0,0,0,0,0,14700,0,0,47285000,71246000,0,0,24500,0,0,472765100,19600,0,0,0,0,0,0,0,0,0,0,8477000,57967000,0,0,14700,0,0,214130000,0,903515900,3182501000,0,0,0,7595000,4900,0,0,0,0,8232000,0,0,0,31722988000,0,686000,16311492000,0,0,0,0,0,0,0,7212371000,0,0,0,0,1666000,0,0,0,0,226086000,0,0,6511656000,49000,1911000,0,0,0,65317000,0,144942000,32879000,0,0,0,0,76146000,25333000,0,0,0,0,0,582384400,0,1372000,0,0,0,0,0,0,0,0,1421000,56300,3528000,0,10927000,107800000,0,0,0,197151800,80654000,0,0,2107000,0,0,98000,0,0,0,0,30857000,0,0,0,399668000,0,1340335000,0,0,19600,0,0,210602000,0,0,0,37520000,6468000,3671188000,0,0,0,53900
"GRL",0,0,0,0,0,0,0,0,0,0,0,0,0,0,0,0,0,0,0,0,0,0,0,0,0,0,0,0,0,0,0,0,0,0,0,0,0,0,0,0,0,0,0,0,0,0,0,0,0,0,0,0,0,0,0,0,0,0,0,0,0,0,0,0,0,0,0,0,0,0,0,0,0,0,0,0,0,0,0,0,0,0,0,0,0,0,0,0,0,0,0,0,0,0,0,0,0,0,0,0,0,0,0,0,0,0,0,0,0,0,0,0,0,0,0,0,0,0,0,0,0,0,0,0,0,0,0,0,0,0,0,0,0,0,0,0,0,0,0,0,0,0,0,0,0,0,0,0,0,0,0,0,0,0,0,0,0,0,0,0,0,0,0,0,0,0,0,0,0,0,0,0,0,0,0,0,0,0,0,0,0,0,0,0,0,0,0,0,0,0,0,0,0,0,0
"GRD",0,0,0,0,0,0,0,0,0,0,0,0,0,0,0,0,0,0,0,0,0,0,0,0,0,0,0,0,0,0,0,0,0,0,0,0,0,0,0,0,0,0,0,0,0,0,0,0,0,0,0,0,0,0,0,0,0,0,0,0,0,0,0,0,0,0,0,0,0,0,0,0,0,0,0,0,0,0,0,98000,0,0,0,0,0,0,0,0,0,0,0,0,0,0,0,0,0,0,0,0,0,0,0,0,0,0,0,0,0,0,0,0,0,0,0,0,0,0,0,0,0,0,0,0,0,0,0,0,0,0,0,0,0,0,0,0,0,0,0,0,0,0,0,0,0,297361400,0,0,0,0,0,0,0,0,0,0,0,0,0,0,0,0,0,0,0,0,0,0,0,0,0,0,0,0,0,0,0,0,0,0,0,0,0,0,0,0,0,0,0,0,0,0,0,0,0
"GTM",0,0,0,0,0,0,360703700,0,20673100,0,0,0,0,0,0,0,0,0,296401000,0,0,0,0,0,0,0,0,0,0,0,0,0,0,0,0,0,179893600,267780100,0,0,0,0,0,334131000,0,0,0,5795779800,0,0,0,0,0,0,0,0,0,0,0,5507600,0,0,0,0,0,0,0,0,0,0,764340600,0,0,0,0,0,0,0,0,0,0,0,0,0,0,0,0,0,0,0,0,0,0,0,0,0,0,0,0,0,0,0,0,0,0,0,0,0,0,1326483900,0,0,0,0,0,0,0,0,0,0,0,0,1923379000,0,0,0,0,37371600,0,0,0,0,0,0,0,0,0,0,0,0,0,0,0,0,0,0,0,0,0,0,0,0,0,0,0,0,0,0,0,0,0,0,0,0,0,0,0,0,0,0,0,0,0,0,0,0,0,0,3969631700,0,0,0,0,0,0,0,0,0,0,0,0,0,0,0,0
"GIN",0,0,0,0,0,0,0,0,0,0,0,0,0,0,0,0,0,0,0,0,0,0,0,0,0,0,0,0,0,0,0,0,0,0,0,0,0,0,0,0,0,0,0,0,0,0,0,0,0,0,0,0,0,0,0,0,0,0,0,0,0,0,0,0,0,0,0,0,0,0,0,0,0,0,0,0,0,0,0,0,0,0,0,0,0,0,0,0,0,0,0,0,0,0,0,0,0,0,0,0,0,0,0,0,0,0,0,0,0,0,0,0,0,0,0,0,0,0,0,0,0,0,0,0,0,0,0,0,0,0,0,0,0,0,0,0,0,0,0,0,0,0,0,0,0,0,0,0,0,0,0,0,0,0,0,0,0,0,0,0,0,0,0,0,0,0,0,0,0,0,0,0,0,0,0,0,0,0,0,0,0,0,0,0,0,0,0,0,0,0,0,0,0,0,0
"GUY",0,0,0,0,107155700,0,0,0,828100,0,686000,0,0,0,0,0,0,0,0,0,0,0,0,0,0,0,0,0,0,0,0,0,0,0,0,0,0,0,0,0,0,0,0,0,0,0,0,0,0,0,0,0,0,9809800,0,0,0,0,0,0,0,0,0,0,0,22172500,0,0,0,0,0,0,0,0,0,0,0,0,0,0,0,0,0,0,0,0,0,0,0,0,0,0,0,0,0,0,0,0,0,0,0,0,0,0,0,0,0,0,0,0,0,0,0,0,0,0,9604000,0,0,0,0,0,0,0,0,0,0,0,0,0,0,0,0,0,0,0,0,0,0,0,0,0,0,1719900,0,0,0,0,0,0,0,0,0,0,0,0,0,25043900,0,0,0,0,0,0,0,0,0,0,0,21300300,0,0,0,0,0,0,0,0,1038800,0,0,0,102900,0,0,0,0,0,0,0,0,0,0,0,0
"HTI",0,0,0,0,0,0,0,0,0,0,0,0,0,0,0,0,0,0,0,0,0,0,0,0,0,0,0,0,0,0,0,0,0,0,0,0,0,0,0,0,0,0,0,0,0,0,0,0,0,0,0,0,0,0,0,0,0,0,0,0,0,0,0,0,0,0,0,0,0,0,0,0,0,0,0,0,0,0,0,0,0,0,0,0,0,0,0,0,0,0,0,0,0,0,0,0,0,0,0,0,0,0,0,0,0,0,0,0,0,0,0,0,0,0,0,0,0,0,0,0,0,0,0,0,0,0,0,0,0,0,0,0,0,0,0,0,0,0,0,0,0,0,0,0,0,0,0,0,0,0,0,0,0,0,0,0,0,0,0,0,0,0,0,0,0,0,0,0,0,0,0,0,0,0,0,0,0,0,0,0,0,0,0,0,0,0,0,0,0,0,0,0,0,0,0
"HND",0,0,0,0,0,0,0,0,0,0,0,0,0,0,0,0,0,0,0,0,0,0,0,0,0,0,0,0,0,0,0,0,0,0,0,0,0,0,0,0,0,0,0,0,0,0,0,886508000,0,0,0,0,0,0,0,0,0,0,0,0,0,0,0,0,0,0,49000,0,0,0,0,0,0,0,0,0,0,0,0,0,0,0,0,0,0,0,0,0,0,0,0,0,0,0,0,0,0,0,0,0,0,0,0,0,0,0,0,0,0,0,0,0,0,0,0,0,1191657600,0,0,0,0,0,0,0,0,0,0,362600,0,0,0,0,0,0,0,0,0,0,0,0,0,0,0,0,0,0,0,0,0,0,0,0,0,0,0,0,7369600,0,0,0,0,0,0,0,0,0,0,0,0,0,0,0,0,0,0,0,0,0,391715800,0,0,0,0,0,0,0,0,0,0,0,0,0,0,0,0
"HKG",0,0,0,0,0,0,830433200,784000,0,444464300,0,0,0,8771000,0,0,0,0,4267900,17659600,0,0,12225500,0,0,35074200,0,0,43948100,0,0,7204892900,0,0,0,0,0,0,0,0,0,0,0,0,0,0,81496800,0,0,65787400,0,0,0,2562700,0,63386400,0,0,0,11627700,0,0,0,0,0,0,0,0,0,0,0,0,0,0,0,0,37837800,27165600,0,1453200,26313000,2851800,0,0,0,792437800,0,0,27165600,0,509600,2299766000,0,0,0,2121700,0,7320600,0,13769000,4817065000,0,0,494610900,49147000,0,0,774200,0,0,0,0,12887000,0,0,0,21154500,0,0,0,0,1328000,0,0,0,0,0,22167600,0,19129600,0,0,48784400,0,0,0,0,0,1950606700,0,0,0,235200,0,0,0,0,0,0,0,0,0,0,1204488600,0,340995900,0,0,0,0,0,0,0,0,1640861100,0,7119700,0,774200,0,105252000,0,0,6112255100,0,35084000,26351100,181104000,463097600,0,0,0,0,129987200,0,0,0,9055200,9844100,0,0,0,0,0,0
"HUN",10690100000,0,0,0,0,0,20696000,684753191700,0,0,0,0,0,0,0,0,4116000,0,0,0,0,469004000,0,0,14700,0,0,0,0,0,0,266070000,0,0,0,0,0,0,49218668000,2353360000,0,2156000,0,0,132800000,0,734000,0,0,0,0,0,0,7502204000,0,0,47904400000,0,0,94739670000,86336778000,0,0,771900000,0,0,0,0,0,0,0,0,0,156050925000,60720000,0,1835000,0,0,0,0,1088697906000,0,0,0,19533400,0,0,0,0,0,0,0,0,0,0,0,0,440400,183500,0,0,0,0,0,0,224567000,0,0,1274000,0,0,0,0,0,0,301787821000,0,0,14138940000,0,0,0,0,0,0,0,0,58652424000,0,0,0,0,3098187000,0,0,0,0,0,0,1809612689700,0,76544000,0,0,0,0,0,0,0,0,114592657000,81210811000,33026000,0,367000,29400,0,0,0,367000,1761781000,0,0,0,0,0,0,0,0,0,0,19920000,0,0,0,41378900,851730700,411100,0,0,0,0,0,0,0,0,0,120357147000,0,13611243000,164787000,0,0,0
"HRV",0,0,40738704000,0,0,0,1256115000,6817861400,0,0,0,0,0,0,0,0,343000,0,0,0,0,0,0,0,0,122073800,0,0,0,0,0,1519000,0,0,0,0,0,0,0,0,0,0,0,0,0,0,0,0,0,0,0,0,0,0,0,0,0,0,0,171576000,99982012300,0,0,11180208000,0,0,0,0,0,0,0,0,22052389000,0,0,0,0,0,0,734000,0,30209466400,0,0,0,1029000,0,0,0,0,0,10192000,0,0,0,62560000,0,0,0,0,0,0,0,0,0,0,0,0,0,0,0,4316000,0,0,0,0,1102000,0,0,651327000,0,0,0,0,0,0,0,0,0,0,0,0,0,0,0,0,0,0,0,0,9144276000,0,0,0,0,0,0,0,0,0,0,48454887700,13612000,0,0,0,0,0,0,0,840546000,109858000,0,0,0,0,0,0,0,0,4753244000,0,126824000,7405924000,0,0,0,0,317147000,0,0,290178000,0,0,0,0,0,0,36965968000,0,23032339400,26841164000,0,0,0
"ISL",0,0,0,0,0,0,64096900,803600,0,0,0,0,0,0,0,0,0,0,0,0,0,0,0,0,0,157922100,0,0,0,0,0,10618300,0,0,0,0,0,0,0,0,0,55110300,0,0,0,0,0,0,0,8898400,14411100,0,2268700,1675800,0,0,0,0,0,627200,0,0,0,377300,0,0,0,0,0,0,0,98000,0,0,0,0,0,0,0,0,0,0,0,0,0,0,0,0,0,0,0,0,0,0,0,0,0,0,0,0,0,0,0,0,0,0,0,0,0,0,0,0,0,0,0,0,13744500,0,0,0,0,0,0,0,0,11475800,0,0,0,0,0,0,0,0,0,0,0,0,0,0,0,0,0,0,0,0,0,0,0,0,0,0,0,0,0,0,24500,0,0,0,34040300,0,0,0,0,0,0,0,0,0,0,0,0,0,0,0,208533000,0,732966500,0,0,0,0,0,0,0,0,0,147000,421400,0,0,0,0,0
"IND",0,0,0,0,0,0,360696000,0,0,5571854900,0,0,0,7648588400,0,0,0,0,22951600,0,10009600,0,0,0,0,198618800,0,0,257136600,0,10422300,188654900,0,0,9833200,0,0,0,0,0,32614400,184000,0,0,0,0,0,0,0,0,0,0,9800000,43597100,0,0,0,0,0,8328100,0,0,0,4857600,0,0,0,0,28538500,392000,0,117590600,0,0,0,0,0,1047959640000,0,0,0,16027900,0,0,0,202080900,487814950000,0,13350100,686000,0,112361463000,1050796200,0,0,0,0,0,59760000,0,0,0,0,4218240700,49880300,0,0,0,24269000,0,0,0,19987100,0,0,47684489400,12887300,0,0,0,0,149762100,0,0,0,54353500,8184312400,23520000,0,0,0,0,3606400,4900000,0,0,0,0,1658923800,0,0,0,0,0,0,0,0,1732300800,0,46621900,7938700,0,0,14476923000,0,68325600,407200,265600,0,0,294400,0,0,0,16544602200,1593560400,29204416300,0,0,0,131944738600,0,8330000,147687602000,0,0,224695100,240100,2688078100,0,0,0,0,3498876100,0,0,102900,498000,23870000,0,0,0,0,0,0
"IDN",0,0,0,0,0,0,724283700,0,0,0,0,0,0,0,0,0,0,0,0,0,0,0,0,0,0,0,0,0,0,0,0,0,0,0,0,0,0,0,0,0,0,0,0,0,0,0,0,0,0,0,0,0,0,1641500,0,0,0,0,0,0,0,0,0,0,0,0,0,0,0,0,0,0,0,0,0,0,0,0,0,0,0,0,0,0,0,183176700,0,0,18046700,0,0,17297000,0,0,0,0,0,0,0,0,0,0,0,951972000,0,0,0,0,0,0,0,0,0,0,0,0,167712400,0,0,0,0,7149100,0,0,0,0,0,0,0,1254400,0,0,84431900,0,0,0,4579667400,0,0,0,0,0,0,0,0,0,0,0,0,0,0,0,0,472369800,0,0,0,0,0,0,0,156800,0,0,278447400,0,2901887800,0,0,0,0,0,0,0,0,0,0,0,0,0,0,0,0,0,0,0,0,0,0,0,0,0,86254700,0,0
"IRN",0,0,0,0,0,0,85598100,0,0,220800,0,0,0,0,0,0,0,0,0,0,0,0,0,0,0,73500,0,0,0,0,0,0,0,0,0,0,0,0,0,0,0,0,0,0,1200236800,0,0,0,0,0,0,0,0,0,0,0,5544400,0,0,14714000,0,0,0,0,0,0,0,0,0,0,0,0,0,0,0,0,0,0,10790000,0,0,0,0,0,0,0,0,0,0,0,0,0,0,0,0,1269100,0,0,0,0,0,0,0,0,0,0,0,0,0,0,0,0,0,0,0,0,27840000,0,0,0,0,698900,0,0,0,929600,0,0,0,0,0,0,0,0,0,0,0,0,1496800,0,0,0,1617772700,0,0,0,0,41168000,34430398600,0,0,0,0,421400,0,0,0,0,0,0,27390000,0,0,0,0,0,0,0,0,0,102060372000,0,0,33200000,0,0,7501900,0,0,0,0,0,0,0,0,0,0,0,0,0,0,0,0,0,0
"IRQ",0,0,0,0,0,0,0,0,0,0,0,0,0,0,0,0,0,0,0,0,0,0,0,0,0,0,0,0,0,0,0,0,0,0,0,0,0,0,0,0,0,0,0,0,0,0,0,0,0,0,0,0,0,0,0,0,0,0,0,0,0,0,0,0,0,0,0,0,0,0,0,0,0,0,0,0,0,0,0,0,0,0,0,0,0,0,0,0,0,0,0,0,0,0,0,0,0,0,0,0,0,0,0,0,0,0,0,0,0,0,0,0,0,0,0,0,0,0,0,0,0,0,0,0,0,0,0,0,0,0,0,0,0,0,0,0,0,0,0,0,0,0,0,0,0,0,0,0,0,0,0,0,0,0,0,0,0,0,0,0,0,0,0,0,0,0,0,0,0,0,0,0,0,0,0,0,0,0,0,0,0,0,0,0,0,0,0,0,0,0,0,0,0,0,0
"IRL",0,0,0,0,0,0,7776300,1670606000,0,52920000,0,0,0,0,0,0,254457000,0,0,0,0,0,0,0,0,7825790000,0,0,0,0,0,551691000,0,0,0,0,0,0,394891000,33957000,0,411061000,0,0,156065000,0,0,0,0,6223000,0,0,300566000,8349894000,0,0,22834000,0,0,9553775000,0,0,0,195608000,0,0,0,0,0,0,0,433330000,0,38465000,0,0,14308000,0,0,0,700417700,4878538000,0,62230000,0,1635865000,0,0,9193008000,0,0,1551286100,0,1666000,0,0,0,0,0,123162000,0,0,0,0,0,0,239980000,98000,0,2940000,0,0,0,0,0,0,12063909000,0,0,0,0,0,0,0,49000,475202000,0,0,11809000,0,0,0,0,279986000,319823000,0,0,0,125881000,0,151704000,0,4599434000,0,0,0,0,0,0,0,0,40180000,0,505484000,0,383346600,26078611000,0,0,0,1047899000,1154787900,0,0,392000,0,343392000,0,0,0,0,0,277487000,734323800,0,0,846995022000,243873000,55008309000,0,0,0,0,0,0,0,0,0,40711859000,196000,0,0,0,0,0
"ISR",0,0,0,0,0,0,10025400,0,0,0,0,0,0,0,0,0,0,0,0,0,0,0,0,0,0,58216900,0,0,0,0,0,42644700,0,0,0,0,0,0,0,0,0,0,0,0,0,0,0,0,0,0,0,0,0,68595100,0,0,0,0,0,51116800,3596600,0,0,0,0,0,0,0,0,0,0,2910600,0,0,0,0,0,0,0,0,0,13421100,0,0,0,15395800,93750658000,0,0,0,0,0,0,0,0,0,0,0,0,0,0,0,0,0,0,0,0,0,0,0,0,0,0,0,0,0,450800,0,0,0,0,7109900,0,0,0,0,0,0,0,0,0,0,0,0,0,0,0,0,0,0,0,0,9981300,0,0,0,0,0,0,0,0,0,0,0,0,0,0,0,0,0,0,862400,0,0,0,0,13484800,0,0,0,0,0,0,0,0,0,19634300,0,161473100,0,0,0,0,0,0,0,0,0,450800,0,0,0,0,0,0
"ITA",0,0,8104853000,530532000,490000,2744000,4270544000,8694655000,0,19943000,0,735000,0,0,5782000,0,212168000,0,0,0,0,1830143400,0,0,9506000,3141459000,25760000,0,1941190000,0,45227000,11220086000,595666000,0,166078000,0,95746000,20414000,1042042800,36618000,0,2779802600,0,686000,0,0,5537000,0,151459000,21065700,0,0,108425300,35232586600,0,441000,0,62769000,0,15103636400,21242000,1436924000,0,3188309400,0,0,2205000,0,0,0,185972000,1102110000,4436139900,944589000,67571000,365219000,1675355000,0,0,422789900,2467473000,0,0,0,0,2784060000,33200000,0,103419000,0,0,224087000,137992000,2422600,0,81549000,0,37779000,40370000,5219500,0,0,0,5309143000,6223000,0,1382666400,0,12446000,6517000,0,3304000,49000,7595000,0,0,18956654800,0,980000,17346000,0,116981000,0,0,52087000,1146970000,1320099000,11809000,5477336600,0,159789000,445018000,671044000,3250422800,7474577600,0,0,0,1242603000,0,3036344700,0,1160445000,0,0,0,0,784000,0,0,0,4338410000,707000300,854745000,0,33746000,5335615400,0,0,0,3219166800,4080202000,73400000,0,1683555000,0,68992000,0,0,0,8330212000,551234000,2521631000,1994365000,5390000,0,108468545400,33026000,20267228000,0,41062000,0,0,1417716000,0,0,206062000,0,2845634600,20947200,354673000,20433000,0,0,0
"CIV",0,0,0,0,0,0,0,0,0,0,0,0,0,0,0,0,0,0,0,0,0,0,0,0,0,0,0,0,0,0,0,0,0,0,0,0,0,0,0,0,0,0,0,0,0,0,0,0,0,0,0,0,0,10394800,0,0,0,0,0,14700,0,0,0,0,0,0,0,0,0,0,0,0,0,0,0,0,0,0,0,0,0,0,0,0,0,0,0,0,0,0,0,0,0,0,0,0,0,0,0,0,0,0,0,0,0,0,0,0,0,0,0,0,0,0,0,0,0,0,0,0,0,0,0,0,0,0,0,0,0,0,0,0,0,0,0,0,0,0,0,0,0,0,0,0,0,0,0,0,0,0,0,0,0,0,0,151900,0,0,0,0,0,0,0,0,0,0,0,0,0,0,0,0,0,0,0,0,0,0,0,0,0,0,0,0,0,0,0,0,19600,0,0,0,0,0,0
"KAZ",0,60623598400,0,0,0,0,0,0,0,0,0,0,0,0,0,0,0,0,0,0,0,0,0,0,0,0,0,0,0,0,0,5777100,0,0,0,0,0,0,0,34353434400,0,0,0,0,123734800,0,0,0,0,0,0,0,0,29400,0,0,3.32e+09,0,0,24500,0,0,0,0,0,0,0,0,0,0,0,0,0,0,0,0,0,3460194204400,0,0,4.316e+09,0,0,0,0,0,237898086000,34849341900,0,0,0,0,0,0,0,0,0,0,41695348800,0,0,0,0,0,0,0,0,0,0,0,0,0,0,0,0,0,9800,0,0,0,0,0,0,0,0,0,0,0,34300,0,0,0,0,0,0,0,0,0,0,0,0,0,311776109800,0,0,0,0,13078210400,0,0,0,0,0,0,0,0,0,0,50554906000,0,0,0,0,1987200000,0,0,0,0,0,0,0,0,0,0,0,0,0,0,0,0,0,271105843700,0,0,0,0,0,0,0,0,0,0,0,0,0
"JAM",0,0,0,0,92928500,0,0,0,11456200,0,40919900,0,0,0,0,0,23613100,0,164355800,0,0,0,0,0,0,2028585300,0,0,0,0,0,0,0,0,0,0,0,0,0,0,0,18291700,24073700,0,0,0,0,0,0,0,0,0,15381100,35681800,0,0,0,0,0,0,0,0,0,0,0,0,0,0,607600,342632500,8075200,8065400,10633000,0,0,0,0,0,0,846004600,0,9089500,0,0,0,59245900,0,0,0,0,0,0,0,0,0,0,0,0,0,0,0,0,0,0,0,0,0,0,0,0,0,0,0,0,0,0,14518700,0,0,0,0,0,0,0,0,90968500,0,180741400,0,0,0,0,0,0,0,0,0,0,0,0,0,0,0,0,55909000,6936300,0,0,0,0,0,0,0,0,0,0,0,137351900,0,0,40542600,0,0,0,0,0,0,0,0,57114400,0,0,0,0,0,0,1106513100,0,1381153000,0,0,0,0,0,0,0,0,0,0,0,0,0,0,0,0
"JPN",0,0,0,0,0,18404400,3330461400,0,0,0,0,0,0,0,0,0,4454600,0,0,0,0,0,0,0,0,586275200,0,0,0,0,0,376658100,0,0,0,0,0,0,0,0,0,28973700,0,220500,0,0,0,0,0,26509000,0,0,0,84657300,0,0,0,0,0,1440600,0,0,0,0,0,0,0,0,0,0,0,1582367600,0,0,0,0,7967400,0,0,5194000,0,61289200,0,0,0,0,0,0,0,813400,0,38644310600,0,0,0,411600,0,0,0,0,1788500,0,0,30159500,0,0,0,0,205800,8790600,2675400,0,0,0,0,0,8442700,0,0,0,0,695427600,0,0,0,210700,0,13171200,3973900,0,0,0,9809800,0,1136800,0,0,0,10829000,0,0,0,2046289000,0,0,0,0,0,0,0,0,0,0,2682647100,0,1690500,10118500,0,0,0,23681700,4032700,0,0,8733265100,0,41339600,0,0,0,0,0,0,558600,0,0,116218200,0,4119768900,0,0,0,0,31129700,0,0,0,0,509600,0,0,0,0,0,0
"JOR",0,0,0,0,0,0,0,0,0,0,0,0,0,0,0,0,0,0,0,0,0,0,0,0,0,0,0,0,0,0,0,0,0,0,0,0,0,0,0,0,0,0,0,0,0,0,0,0,0,0,0,0,0,0,0,0,0,0,0,0,0,0,0,0,0,0,0,0,0,0,0,0,0,0,0,0,0,0,1233354500,0,2257790300,0,0,0,0,0,0,0,0,0,0,0,0,0,0,0,0,0,0,24103399200,0,0,0,0,0,0,0,0,0,0,0,0,0,0,0,0,0,0,0,0,0,0,0,0,0,0,0,0,0,0,0,0,0,0,0,0,0,0,0,0,0,0,0,0,0,0,0,0,0,0,0,0,0,0,0,0,0,0,0,0,0,0,272219500,0,0,0,0,0,0,0,0,0,741889400,0,0,0,0,0,0,0,0,0,0,0,0,0,0,0,0,0,0,0,0,0,314908300
"KGZ",0,0,0,0,0,0,0,0,0,0,0,0,0,0,0,0,0,0,0,0,0,0,0,0,0,0,0,0,0,0,0,0,0,0,0,0,0,0,0,0,0,0,0,0,0,0,0,0,0,0,0,0,0,0,0,0,145648400,0,0,0,0,0,0,0,0,0,0,0,0,0,0,0,0,0,0,0,0,0,0,0,0,0,0,0,0,0,0,0,0,0,0,0,0,0,0,0,0,0,0,0,0,0,0,0,0,0,0,0,0,0,0,0,0,0,0,0,0,0,0,0,0,0,0,0,0,0,0,0,0,0,0,0,0,0,0,0,0,0,0,0,0,0,0,0,0,0,0,0,0,0,0,0,0,0,0,0,0,0,210643200,0,0,0,0,0,0,0,0,0,0,0,0,0,0,0,0,0,0,0,0,0,0,0,0,0,0,0,0,0,0,0,0,0,0,0,0
"KEN",0,0,0,0,0,0,34721400,0,0,0,0,0,0,0,0,0,0,0,0,0,0,0,0,81153800,0,49312600,0,0,0,0,0,0,0,0,0,0,0,0,0,0,0,0,0,0,0,0,0,0,0,0,0,0,0,3618800,0,0,0,0,0,792600,0,0,0,0,0,0,0,0,0,0,88200,0,0,0,0,0,0,0,0,2009000,0,1225000,0,0,0,10138100,0,0,0,0,0,0,0,0,0,0,0,0,0,0,0,0,183500,0,0,0,0,0,0,0,0,0,0,0,0,0,17591000,0,0,0,0,0,0,0,0,0,0,0,0,0,0,0,0,0,0,0,0,0,0,0,0,2758304400,0,0,0,0,0,0,0,6316100,0,0,0,24500,0,58800,0,0,0,0,9212000,5198900,0,0,0,637440000,0,0,0,0,0,0,0,0,55503594000,0,246029000,0,114272900,0,0,0,0,0,2180500,0,0,0,1029000,0,0,0,0,0,0
"KHM",0,0,0,0,0,0,14700,0,0,0,0,0,0,0,0,0,0,0,0,0,0,0,0,0,0,0,0,0,0,0,0,33883500,0,0,0,0,0,0,0,0,0,5929000,0,0,0,0,0,0,0,0,0,0,0,25636800,0,0,0,0,0,274400,0,0,0,0,0,0,0,0,0,0,0,5439000,150920000,0,0,0,0,0,0,0,0,0,0,0,0,1940400,0,0,0,0,0,34554800,0,0,0,0,0,0,0,0,0,0,0,350389200,0,0,0,0,0,0,0,0,0,0,0,0,274400,0,0,0,0,7026600,0,0,0,0,0,0,0,0,0,0,0,0,0,0,0,0,0,0,0,0,0,0,0,0,0,0,0,0,0,0,0,131315100,0,0,0,0,0,0,0,0,0,0,0,0,177380000,0,0,0,0,0,0,0,0,0,23956100,0,0,0,0,0,0,70520800,0,0,0,0,88200,0,0,0,0,0,0
"PRK",0,0,0,0,0,0,0,0,0,0,0,0,0,0,0,0,0,0,0,0,0,0,0,0,0,0,0,0,0,0,0,0,0,0,0,0,0,0,0,0,0,0,0,0,0,0,0,0,0,0,0,0,0,0,0,0,0,0,0,0,0,0,0,0,0,0,0,0,0,0,0,0,0,0,0,0,0,0,0,0,0,0,0,0,0,0,0,0,0,0,0,0,0,0,0,0,0,0,0,0,0,0,0,0,0,0,0,0,0,0,0,0,0,0,0,0,0,0,0,0,0,0,0,0,0,0,0,0,0,0,0,0,0,0,0,0,0,0,0,0,0,0,0,0,0,0,0,0,0,0,0,0,0,0,0,0,0,0,0,0,0,0,0,0,0,0,0,0,0,0,0,0,0,0,0,0,0,0,0,0,0,0,0,0,0,0,0,0,0,0,0,0,0,0,0
"KOR",0,0,0,0,0,0,3582763400,2719500,0,265600,0,2087400,0,0,0,0,3944500,0,0,0,0,132800,0,0,0,75809200,240100,0,36800,0,36157100,22505645700,0,0,0,0,0,0,0,0,0,0,0,213032400,0,0,0,0,0,0,0,0,0,128360200,0,0,0,0,0,53046100,0,33359200,88200,0,0,0,8878800,891800,0,0,758521600,55310673300,0,0,0,314944200,736000,0,8389221400,2107000,0,10789800,738800,9019200,0,3694154600,0,8467200,803600,13290100,0,0,996000,0,0,0,0,0,220800,2783200,1984500,88200,0,8201985300,0,0,0,0,1940400,13945400,3238231400,0,25279100,0,215600,0,69259800,0,0,0,343000,329366500,0,0,0,0,0,11123000,0,0,17532200,2410800,4752423400,8731800,0,0,0,0,3120800,132800,22579200,5880000,1096776800,0,0,0,0,0,833000,1048600,588000,0,8148700,7159367200,0,2254000,63700,0,0,0,3880800,0,0,0,3560634100,0,24700900,0,0,0,749700,0,0,108228200,6428800,0,176971000,0,4411427900,0,10388000,0,0,38908681200,0,0,0,0,21999100,0,0,0,0,0,0
"KWT",0,0,0,0,0,0,0,0,0,0,0,0,0,0,0,0,0,0,0,0,0,0,0,0,0,0,0,0,0,0,0,0,0,0,0,0,0,0,0,0,0,0,0,0,0,0,0,0,0,0,0,0,0,0,0,0,0,0,0,0,0,0,0,0,0,0,0,0,0,0,0,0,0,0,0,0,0,0,0,0,0,0,0,0,0,0,0,0,0,0,0,0,0,0,0,0,0,0,0,0,0,0,0,0,0,0,0,0,0,0,0,0,0,0,0,0,0,0,0,0,0,0,0,0,0,0,0,0,0,0,0,0,0,0,0,0,0,0,0,0,0,0,0,0,0,0,0,24355400,0,0,0,0,0,0,0,0,0,0,0,0,0,0,0,0,0,0,0,0,0,0,0,0,0,0,0,0,0,0,0,0,0,0,0,0,0,0,0,0,0,0,0,0,0,0,0
"LVA",0,0,0,9.4122e+10,1465100,0,208201000,80344000,1225000,0,107800,0,0,0,0,0,0,0,0,0,0,10829000,0,0,0,128674700,0,0,0,0,0,569331000,0,0,0,63700,0,0,360297000,0,0,17681760000,0,0,314335000,0,0,0,0,20399644400,196000,0,234382000,107287223000,0,0,1617000,0,0,46312649800,0,29939000,0,57554000,0,0,0,0,0,0,0,0,0,931000,3898719000,0,0,1.6268e+11,0,48186000,284102000,48461000,49000,22344000,0,0,0,5.52e+08,0,0,0,0,0,0,0,0,0,931000,0,100483035000,0,0,0,198793000,0,0,43512000,0,0,0,0,0,0,9506000,0,0,125424815000,0,0,0,0,44002000,0,0,0,15690000,0,686000,127787700,0,0,0,0,122938000,98000,0,0,0,8.964e+10,0,13524400,0,25273600000,93100,0,117600,0,525295048000,0,0,0,0,0,191492000,0,0,256217000,0,0,0,4887522100,7105000,0,0,12402800,0,147000,0,0,0,12152000,0,9800,67963000,0,0,593856600,114905000,161200000,0,0,44857000,0,47236000,0,0,0,0,0,0,0,0,0,0,0
"LAO",0,0,0,0,0,0,0,0,0,0,0,0,0,0,0,0,0,0,0,0,0,0,0,0,0,0,0,0,0,0,0,0,0,0,0,0,0,0,0,0,0,0,0,0,0,0,0,0,0,0,0,0,0,0,0,0,0,0,0,0,0,0,0,0,0,0,0,0,0,0,0,0,0,0,0,0,0,0,0,0,0,0,0,0,0,0,0,0,0,0,0,0,0,0,0,0,0,0,0,0,0,0,0,0,0,0,0,0,0,0,0,0,0,0,0,0,0,0,0,0,0,0,0,0,0,0,0,0,0,0,0,0,0,0,0,0,0,0,0,0,0,0,0,0,0,0,0,0,0,0,0,0,0,0,0,0,0,0,0,0,0,0,0,0,0,0,0,0,0,0,0,0,0,0,0,0,0,0,0,0,0,0,0,0,0,0,0,0,0,0,0,0,0,0,0
"LBN",0,0,0,0,0,0,55139700,0,0,14700,0,0,0,0,0,0,33471900,0,0,0,0,0,0,0,230300,11475200,0,56521500,0,0,0,774200,0,0,392000,0,0,0,4900,0,1347500,6693400,0,1759100,0,0,15126800,0,235200,0,0,0,0,221984700,0,0,0,965300,284200,5282200,0,191100,0,0,0,0,0,475300,0,0,0,11221000,0,0,0,0,0,0,42679000,0,0,0,4370800,0,0,4919600,51933900,0,0,0,0,0,0,0,0,0,0,8677900,0,0,0,0,0,235200,0,313600,44100,225400,0,3126200,0,77510000,627200,0,0,0,1842400,0,0,0,0,0,0,607600,184347800,0,0,784000,0,0,833000,0,0,0,0,0,0,0,47363400,0,0,0,0,0,0,0,0,7497000,79247700,0,4356100,0,0,935900,0,24500,5899600,0,0,0,45541600,7438200,2080941800,0,0,220500,0,0,0,0,0,0,160357800,183750400,0,0,143937500,0,259896000,515200,0,0,1984500,0,0,0,0,196000,2234400,0,0,0,16826600,0,0
"LSO",0,0,0,0,0,0,0,0,0,0,0,0,0,0,0,0,0,0,0,0,0,0,0,0,0,0,0,0,0,0,0,0,0,0,0,0,0,0,0,0,0,0,0,0,0,0,0,0,0,0,0,0,0,0,0,0,0,0,0,0,0,0,0,0,0,0,0,0,0,0,0,0,0,0,0,0,0,0,0,0,0,0,0,0,0,0,0,0,0,0,0,0,0,0,0,0,0,0,0,0,0,0,0,0,0,0,0,0,0,0,0,0,0,0,0,0,0,0,0,0,0,0,0,0,0,0,0,0,0,0,0,0,0,0,0,0,0,0,0,0,0,0,0,0,0,0,0,0,0,0,0,0,0,0,0,0,0,0,0,0,0,0,0,0,0,0,0,0,0,0,0,0,0,0,0,0,0,0,0,0,0,0,0,0,0,0,0,0,0,0,0,0,0,0,0
"LBR",0,0,0,0,0,0,0,0,0,0,0,0,0,0,0,0,0,0,0,0,0,0,0,0,0,0,0,0,0,0,0,0,0,0,0,0,0,0,0,0,0,0,0,0,0,0,0,0,0,0,0,0,0,0,0,0,0,0,0,0,0,0,0,0,0,0,0,0,0,0,0,0,0,0,0,0,0,0,0,0,0,0,0,0,0,0,0,0,0,0,0,0,0,0,0,0,0,0,0,0,0,0,0,0,0,0,0,0,0,0,0,0,0,0,0,0,0,0,0,0,0,0,0,0,0,0,0,0,0,0,0,0,0,0,0,0,0,0,0,0,0,0,0,0,0,0,0,0,0,0,0,0,0,0,0,0,0,0,0,0,0,0,0,0,0,0,0,0,0,0,0,0,0,0,0,0,0,0,0,0,0,0,0,0,0,0,0,0,0,0,0,0,0,0,0
"LBY",0,0,0,0,0,0,0,0,0,0,0,0,0,0,0,0,0,0,0,0,0,0,0,0,0,0,0,0,0,0,0,0,0,0,0,0,0,0,0,0,0,0,0,0,0,0,0,0,0,0,0,0,0,0,0,0,0,0,0,0,0,0,0,0,0,0,0,0,0,0,0,0,0,0,0,0,0,0,0,0,0,0,0,0,0,0,0,0,0,0,0,0,0,0,0,0,0,0,0,0,0,0,0,0,0,0,0,0,0,0,0,0,0,0,0,0,0,0,0,0,0,0,0,0,0,0,0,0,0,0,0,0,0,0,0,0,0,0,0,0,0,0,0,0,0,0,0,0,0,0,0,0,0,0,0,0,0,0,0,0,0,0,0,0,0,0,0,0,0,0,0,0,0,0,0,0,0,0,0,0,0,0,0,0,0,0,0,0,0,0,0,0,0,0,0
"LTU",0,0,0,0,0,0,9413000,294000,0,0,0,0,0,0,0,0,5929000,0,0,0,0,27440000,956800000,0,0,83300000,0,0,0,0,0,884891000,0,0,0,0,0,0,539000,2989000,0,16155553000,0,0,5933813600,0,0,0,0,94206621600,0,0,29374919000,18122023000,0,0,1025437000,0,0,67061176000,0,23814000,0,21237800,0,0,0,0,0,0,0,53949000,3822000,0,46060000,0,0,653500168000,0,388042000,255696000,152019000,0,33873000,0,0,0,228198000,896553000,0,0,115885000,0,351272070000,0,0,0,0,0,0,0,0,0,0,0,0,196000,0,0,10584000,49000,0,0,2695000,0,0,4054373000,0,0,0,0,0,0,0,0,997106000,0,0,11809000,0,0,0,0,129521011600,0,0,0,0,0,0,0,0,56808980900,0,0,0,0,1253586184000,0,0,0,2940000,0,0,0,3686624000,51989000,0,0,0,23594571500,13230000,0,10620848000,0,72863000,0,0,0,0,0,0,22191504000,103249650000,0,0,1248294000,256228100,272211000,0,0,0,0,13671000,0,0,2984173000,0,399392000,0,0,0,0,0,0
"MAC",0,0,0,0,0,0,0,0,0,0,0,0,0,0,0,0,0,0,0,0,0,0,0,0,0,0,0,0,0,0,0,0,0,0,0,0,0,0,0,0,0,0,0,0,0,0,0,0,0,0,0,0,0,0,0,0,0,0,0,0,0,0,0,0,0,0,0,0,0,0,0,61495000,0,0,0,0,0,0,0,0,0,0,0,0,0,0,0,0,0,0,0,0,0,0,0,0,0,0,0,0,0,0,0,0,0,0,0,0,0,0,0,0,0,0,0,0,0,0,0,0,0,0,0,0,0,0,0,0,0,0,0,0,0,0,0,0,0,0,0,0,0,0,0,0,0,0,0,0,0,0,0,0,0,0,0,0,0,0,0,0,0,0,0,0,0,0,0,0,0,0,0,0,0,0,0,0,0,0,0,0,0,0,0,0,0,0,0,0,0,0,0,0,0,0,0
"MDG",0,0,0,0,0,0,0,0,0,0,0,0,0,0,0,0,0,0,0,0,0,0,0,0,0,0,0,0,0,0,0,0,0,47113500,0,0,0,0,0,0,0,0,0,0,0,0,0,0,0,0,0,0,0,413809900,0,0,0,0,0,0,0,0,0,0,0,0,0,0,0,0,0,0,0,0,0,0,0,0,0,0,0,0,0,0,0,0,0,0,0,0,0,0,0,0,0,0,0,0,0,0,0,0,0,0,0,0,0,0,0,0,0,0,0,0,0,0,0,0,0,0,0,0,0,0,0,0,0,0,0,0,0,0,0,0,0,0,0,0,0,0,0,0,0,0,0,0,0,0,0,0,0,0,0,0,0,0,0,0,0,0,0,2298100,0,0,0,0,0,0,0,0,0,0,0,0,0,0,0,0,0,0,0,0,0,0,0,0,0,0,0,0,0,0,0,0,0
"MWI",0,0,0,0,0,0,0,0,0,0,0,0,0,0,0,0,0,0,0,0,0,0,0,0,0,0,0,0,0,0,0,0,0,0,0,0,0,0,0,0,0,0,0,0,0,0,0,0,0,0,0,0,0,0,0,0,0,0,0,93100,0,0,0,0,0,0,0,0,0,0,0,0,0,0,0,0,0,0,0,0,0,0,0,0,0,0,0,0,0,0,0,0,0,0,0,0,0,0,0,0,0,0,0,0,0,0,0,0,0,0,0,0,1189166200,0,0,0,0,0,0,0,0,0,0,0,0,0,0,0,0,0,0,0,0,0,0,0,0,0,0,185046400,0,0,0,0,0,0,0,0,0,0,0,0,0,0,0,0,0,0,0,0,0,0,0,0,0,24696000,0,0,0,0,0,0,0,0,0,0,0,0,660600,0,0,0,0,0,0,0,0,128040500,0,0,0,0,0,0,0
"MYS",0,0,0,0,0,641900,3976874300,0,0,0,0,0,0,0,0,0,0,0,0,0,158098500,0,0,0,0,0,0,0,1568000,0,0,530968900,0,0,0,5737900,0,0,0,0,0,0,0,0,0,0,0,0,0,0,0,0,0,7080500,0,0,0,0,0,0,0,0,0,18644500,0,0,0,36975400,0,0,0,11107896900,0,0,0,276198300,3778070100,0,0,0,0,0,0,0,0,37803500,0,0,377300,1017769200,0,8119300,0,11289600,0,0,0,269500,279300,0,0,0,0,0,220857700,0,0,0,0,0,0,0,0,0,0,0,11289600,0,0,0,0,0,0,0,0,0,15288000,377300,0,5254608100,0,0,459178700,0,0,0,9393300,0,0,0,0,0,0,0,0,0,0,749700,0,0,99670900,0,0,58139371400,0,377300,0,0,0,0,0,0,0,0,801816400,0,17141972100,0,0,0,0,0,10348800,104913900,0,0,0,0,0,0,0,0,0,4621038100,0,0,0,0,10348800,0,0,0,0,0,0
"MDV",0,0,0,0,0,0,0,0,0,0,0,0,0,0,0,0,0,0,0,0,0,0,0,0,0,0,0,0,0,0,0,0,0,0,0,0,0,0,0,0,0,0,0,0,0,0,0,0,0,0,0,0,0,0,0,0,0,0,0,0,0,0,0,0,0,0,0,0,0,0,0,0,0,0,0,0,0,0,0,0,0,0,0,0,0,0,0,0,0,0,0,0,0,0,0,0,0,0,0,0,0,0,0,0,0,0,0,0,0,0,0,0,0,0,0,0,0,0,0,0,0,0,0,0,0,0,0,0,0,0,0,0,0,0,0,0,0,0,0,0,0,0,0,0,0,0,0,0,0,0,0,0,0,0,0,0,0,0,0,0,0,0,0,0,0,0,0,0,0,0,0,0,0,0,0,0,0,0,0,0,0,0,0,0,0,0,0,0,0,0,0,0,0,0,0
"MLI",0,0,0,0,0,0,0,0,0,0,0,0,0,0,0,0,0,0,0,0,0,0,0,0,0,0,0,0,0,0,0,0,0,0,0,0,0,0,0,0,0,0,0,0,0,0,0,0,0,0,0,0,0,343000,0,0,0,0,0,0,0,0,0,0,0,0,0,0,0,0,0,0,0,0,0,0,0,0,0,98000,0,0,0,0,0,0,0,0,0,0,0,0,0,0,0,0,0,0,0,0,0,0,0,0,0,0,0,0,0,0,0,0,0,0,0,0,220500,0,0,0,0,0,0,0,0,0,0,0,0,0,0,0,0,0,0,0,0,0,0,0,0,0,0,0,0,0,0,0,372872000,0,0,0,0,0,0,0,0,0,0,0,0,0,0,0,0,0,0,0,0,0,0,0,0,0,0,0,0,0,122803800,0,0,0,0,0,0,0,0,0,0,0,0,0,0,0,0
"MLT",0,0,0,0,0,0,35966000,0,0,0,0,0,0,0,0,0,0,0,0,0,0,0,0,0,9212000,0,0,0,0,0,0,367500000,0,0,0,0,0,0,0,0,0,0,0,0,0,0,0,0,0,0,0,0,0,0,0,0,3283000,0,0,0,0,0,0,0,0,0,0,0,0,0,0,25578000,0,0,0,0,0,0,0,0,0,211533000,0,0,0,2499000,0,0,0,0,0,0,0,0,0,0,0,0,0,0,0,0,0,0,0,0,0,0,0,0,0,0,0,0,0,0,2940000,0,0,0,0,0,0,0,14700,0,0,0,0,0,0,0,0,0,0,0,0,0,0,0,0,0,49000,0,0,0,0,0,0,0,0,0,0,0,0,0,980000,0,0,0,0,98000,0,0,0,0,0,0,0,0,8771000,784000,0,0,0,0,8134000,0,53900,0,0,0,0,0,0,0,0,0,0,0,0,0,0,0,0
"MRT",0,0,0,0,0,0,0,0,0,0,0,0,0,0,0,0,0,0,0,0,0,0,0,0,0,0,0,0,0,0,0,0,0,0,0,0,0,0,0,0,0,0,0,0,0,0,0,0,0,0,0,0,0,0,0,0,0,0,0,0,0,0,0,0,0,0,0,0,0,0,0,0,0,0,0,0,0,0,0,0,0,0,0,0,0,0,0,0,0,0,0,0,0,0,0,0,0,0,0,0,0,0,0,0,0,0,0,0,0,0,0,0,14604705600,0,0,0,0,0,0,0,0,0,0,0,0,0,0,0,0,0,0,0,0,0,0,0,0,0,0,0,0,0,0,0,0,0,0,0,0,0,0,0,0,0,0,0,0,0,0,0,0,0,0,0,0,0,0,0,0,0,0,0,0,0,0,0,0,0,0,0,0,0,0,0,0,0,0,0,0,0,0,0,0,0,0
"MUS",0,0,0,0,0,0,193047200,0,0,0,0,0,0,39200,0,9275700,0,0,0,0,0,0,0,0,0,0,0,0,0,0,0,41356000,0,0,0,0,0,0,0,0,0,0,0,0,0,0,0,0,0,0,0,0,0,1521481100,0,0,0,0,0,0,0,0,0,0,0,0,0,0,0,0,0,235200,0,0,0,0,0,0,0,0,0,0,0,0,0,0,0,0,18629800,0,0,1614800,0,0,0,0,0,0,0,0,0,72833700,0,3381000,0,0,0,0,0,0,0,0,0,0,0,0,617400,0,0,0,0,0,0,0,0,0,0,0,0,0,0,0,0,0,0,0,0,0,0,0,0,0,0,0,0,0,0,0,0,353770200,0,0,0,220500,0,28121100,0,0,0,0,0,622300,0,0,0,0,0,0,0,0,0,0,0,25122300,0,0,13857200,0,1151500,0,0,0,0,0,0,0,0,83824300,0,0,0,0,0,0,0
"MEX",56075600,0,350653800,0,27057800,10617408200,87811209500,3027185700,371179900,91179200,45089800,0,0,0,1201146800,0,12859942200,0,1008473900,0,0,370322400,0,0,9016000,62081750500,0,0,245475300,0,76156094000,16542052100,11095564900,0,0,0,2371765100,3339301000,343274400,147284200,0,776635300,0,2448172300,322263200,413207200,0,1567612900,0,1464208200,0,230442100,2025944200,3555699200,0,28052500,231451500,0,0,6107095400,138802300,35064400,0,2165643200,0,4508000,19797327200,0,249939200,9917600,4086389300,1408250200,323341200,445209100,55306300,2162360200,904236200,0,0,6544097000,1149491000,19397669200,49093100,427833700,31864700,7501684400,189365400,0,42081200,131957000,0,3528529200,0,965785100,0,2575469400,0,20957300,0,27655600,0,0,0,456890700,139772500,0,34569500,0,0,0,0,463143100,0,0,0,0,2557354100,0,0,0,0,11697133000,434713300,0,0,3750930400,0,9533572300,324046800,0,4010385400,2682411900,300879600,1273211100,550353300,0,0,0,712185600,0,971449500,0,2651282200,27057800,4508000,4508000,0,0,22544900,0,0,103698700,0,1347990000,0,892329200,13991268900,27052900,0,0,279657700,5661298300,0,0,1146389300,0,493562300,0,0,189791700,119168000,0,1088049900,4747673700,0,0,48547607500,1857364600,2225192740200,0,3660647900,0,0,832299300,0,0,0,0,8437800000,0,138792500,0,0,0,0
"MNG",0,0,0,0,0,0,690900,0,0,0,0,0,0,0,0,0,0,0,0,0,0,0,2532300,0,0,0,0,0,0,0,0,2922337200,0,0,0,0,0,0,0,0,0,0,0,0,0,0,0,0,0,0,0,0,0,0,0,0,0,0,0,0,0,0,0,0,0,0,0,0,0,0,0,29400,0,0,0,0,0,0,0,0,0,0,0,0,0,34300,0,0,0,0,0,4900,0,0,0,0,0,0,0,0,524300,0,0,0,0,0,0,0,0,0,0,0,0,0,0,0,0,0,0,0,0,0,0,0,0,0,0,0,0,0,0,0,0,0,0,0,0,0,0,0,0,0,25024300,0,0,0,0,0,0,0,0,0,0,24500,0,0,0,0,0,0,0,416500,0,0,0,0,0,0,0,0,0,0,0,0,0,0,0,0,0,0,0,0,0,0,0,0,0,0,0,0,0,0,0,0,0
"MAR",0,0,0,0,0,0,0,0,0,0,0,0,0,0,0,0,0,0,0,0,0,0,0,0,0,0,0,0,0,0,0,0,0,0,0,0,0,0,0,0,0,0,0,0,0,0,0,0,0,0,0,0,0,246449800,0,0,0,0,0,0,0,0,0,0,0,0,0,0,0,0,0,0,0,0,0,0,0,0,0,0,0,0,0,0,0,10633000,0,0,0,0,0,0,0,0,0,0,0,0,0,0,0,0,0,0,0,0,0,0,0,0,0,0,0,0,0,0,0,0,0,0,0,0,0,0,0,0,0,0,0,0,0,0,0,0,0,0,0,0,0,0,0,0,0,0,0,0,0,0,0,0,0,0,0,0,0,0,0,0,0,0,0,0,0,0,0,0,0,0,0,0,0,0,0,0,0,0,42938700,0,35265300,0,0,0,0,0,0,0,0,0,146186600,0,0,0,0,0,0
"MOZ",0,0,0,0,0,0,0,0,0,0,0,0,0,0,0,0,0,0,0,0,0,0,0,0,0,0,0,0,0,0,0,0,0,0,0,0,0,0,0,0,0,0,0,0,0,0,0,0,0,0,0,0,0,0,0,0,0,0,0,0,0,0,0,0,0,0,0,0,0,0,0,0,0,0,0,0,0,0,0,0,0,0,0,0,0,0,0,0,0,0,0,0,0,0,0,0,0,0,0,0,0,0,0,0,0,0,0,0,0,0,0,0,0,0,0,0,0,0,0,0,0,0,0,0,0,0,0,0,0,0,0,0,0,0,0,0,0,0,0,0,0,0,0,0,0,0,0,0,0,0,0,0,0,0,0,0,0,0,0,0,0,0,0,0,0,0,0,0,0,0,0,0,0,0,0,0,0,0,0,0,0,0,0,0,0,0,0,0,0,0,0,0,0,0,0
"MDA",0,0,0,0,0,0,11176900,0,0,0,0,0,0,0,0,0,0,0,0,0,0,0,0,0,8878800,3430000,0,0,0,0,0,84167300,0,0,0,0,0,0,108071912900,0,0,0,0,0,590817500,0,0,0,0,4165000,0,0,0,21954529200,0,0,157390900,0,0,0,0,0,0,41196751200,0,0,0,0,0,0,0,5311600,0,0,0,0,0,44100,0,0,15186321600,18257941600,0,0,0,0,0,0,0,0,0,0,0,1970121200,0,18257875200,0,0,59760000,17537100,0,0,0,0,0,0,0,0,0,0,0,0,0,0,0,0,11176900,0,0,0,0,18909724000,0,0,0,0,0,0,0,0,0,0,0,17860500,0,0,0,0,0,0,111238558700,0,110147100,0,0,0,0,0,0,0,0,11176900,0,16762900,0,0,0,0,0,0,0,82611261200,0,0,4707892800,0,0,0,0,0,0,0,16952829400,136784000,0,0,151585143100,75230529200,0,0,0,0,0,0,0,0,0,0,0,0,0,0,0,0,0
"NAM",0,0,0,0,0,0,37769200,0,0,0,0,0,0,0,0,3832613400,0,0,0,0,0,0,0,0,35740600,0,0,0,0,0,0,65057300,0,0,0,0,0,0,171500,0,0,0,0,0,0,0,0,0,0,0,0,0,0,128800000,0,0,0,0,0,940800,0,117600,0,196000,0,0,0,0,0,0,0,0,0,0,0,0,0,0,0,0,0,0,0,0,0,0,0,0,80134600,0,0,0,0,0,0,0,313992000,0,0,14700,0,0,129134600,5105800,0,0,0,0,13416200,0,0,0,3713563000,0,0,0,323400,0,0,0,0,13083000,0,0,0,0,0,294000,0,0,0,0,0,0,0,0,0,0,0,1480863300,0,0,269500,0,0,0,0,0,0,0,0,0,0,0,0,78798500800,14700,0,0,680316000,0,0,0,0,0,2619677200,0,0,0,0,0,0,0,0,8932700,0,128723000,0,0,0,0,0,0,0,0,0,54908337000,4469574200,0,0,0,0,0,0,0
"NPL",0,0,0,0,0,0,11158100,0,0,0,0,0,0,0,0,0,0,0,0,0,0,0,0,0,0,550500,0,0,0,0,0,5358200,0,0,0,0,0,0,0,0,0,4900,0,0,0,0,0,0,0,0,0,0,0,0,0,0,0,0,0,0,0,0,0,0,0,0,0,0,0,0,0,75546400,0,0,0,0,0,0,0,0,0,0,0,0,0,116755500,0,0,0,0,0,183500,0,0,0,0,0,0,0,0,0,0,0,0,0,0,0,0,0,0,0,0,0,0,0,0,0,0,0,0,0,0,0,0,0,0,0,0,0,0,0,0,0,0,0,0,0,0,146800,0,0,0,0,0,0,0,0,0,0,0,0,0,0,73400,0,0,0,0,0,0,0,0,0,0,0,0,0,0,0,0,0,0,0,0,0,0,198842100,0,15949200,0,0,0,0,0,0,0,0,0,5399800,0,0,0,0,0,0
"NLD",34398000,12167200,213933000,1914871000,227899000,507737000,31045090000,4663544000,107556000,5918715000,3927193000,1480893000,0,0,45962000,7644000,17331581000,0,47481000,0,2940000,1650960000,137053000,1271501000,3845324000,63755699000,358500400,153419000,19731642000,183668400,1407836000,74461121200,6538805000,135681000,9806410000,20188000,770905000,28131783000,12899482000,287308600,754269800,10292307200,0,5214995000,32181000,564284000,124984000,1749393000,10928259000,1387088000,0,72912000,5875161600,196616064000,931000,797475000,883470000,6817718000,22658000,440210812000,1673010000,1946939800,13230000,46464073000,0,245000,1848832000,997449000,7840000,646369000,33811990000,9633251000,3488253000,451917000,825776000,528071600,2981339000,11984288000,2388324000,50473692000,21655991000,63456478800,2353066000,25801000,56840000,78107781400,470645000,56203000,6839618800,48876605000,0,21928896000,21507000,1177137000,419979000,4022289000,0,2530356600,784000,2487160000,0,96236000,0,19334542000,40670000,5194644200,9070908400,321000,4310722000,829619000,143129000,22680370000,1391567000,159677000,37468288000,0,0,0,13769000,156672000,18522000,4027969000,434055000,1206439000,4888407800,3264943000,6713000,2675229000,3831729500,2695000,4645151000,752363000,2400302000,6435767000,2448871000,19894000,0,3744241000,2296084000,1862000,12404355400,10633000,13902054000,264600000,10192000,245000,0,2180785000,3475717000,980245000,2038771800,4318162600,733687200,27553245000,749900,6456101000,81156187800,6625270000,1530221000,240002000,6777598800,4840896000,391804000,28518000,85717659000,4451192000,13576927000,1384431000,0,394450000,4655882000,101675000,84303085400,28113066200,1047326000,0,131921893200,2061255000,562261504000,1394442000,777973000,1599311000,228861635000,26269221000,21818207300,4116000,4249368000,10094000,337735001200,3884423800,3082152000,1243522000,1271581000,0,0
"ANT",0,0,0,0,0,0,0,0,0,0,0,0,0,0,0,0,0,0,0,0,0,0,0,0,0,0,0,0,0,0,0,0,0,0,0,0,0,0,0,0,0,0,0,0,0,0,0,0,0,0,0,0,0,0,0,0,0,0,0,0,0,0,0,0,0,0,0,0,0,0,0,0,0,0,0,0,0,0,0,0,0,0,0,0,0,0,0,0,0,0,0,0,0,0,0,0,0,0,0,0,0,0,0,0,0,0,0,0,0,0,0,0,0,0,0,0,0,0,0,0,0,0,0,0,0,0,0,0,0,0,0,0,0,0,0,0,0,0,0,0,0,0,0,0,0,0,0,0,0,0,0,0,0,0,0,0,0,0,0,0,0,0,0,0,0,0,0,0,0,0,0,0,0,0,0,0,0,0,0,0,0,0,0,0,0,0,0,0,0,0,0,0,0,0,0
"NCL",0,0,0,0,0,0,88200,0,0,0,0,0,0,0,0,0,0,0,0,0,0,0,0,0,0,0,0,0,0,0,0,0,0,0,0,0,0,0,0,0,0,0,0,0,0,0,0,0,0,0,0,0,0,1705200,0,0,0,0,0,0,0,0,0,0,0,0,0,0,0,0,0,0,0,0,0,0,0,0,0,0,0,98000,0,0,0,852600,0,0,0,0,0,0,0,0,0,0,0,0,0,0,0,0,0,0,0,0,0,0,0,0,0,0,0,0,0,0,0,0,0,0,52625300,58800,0,0,0,0,0,0,0,0,0,0,0,0,0,0,0,0,0,0,0,0,0,0,0,0,0,0,0,0,0,0,0,0,0,0,0,0,0,0,0,0,0,0,0,0,0,0,0,0,0,0,0,0,0,0,0,0,0,0,0,0,0,0,0,0,0,0,0,0,0,0,0,0,0
"MKD",0,0,15163891600,0,0,0,79482900,0,0,0,0,0,0,0,0,0,0,0,0,0,0,0,0,0,0,0,0,0,0,0,0,0,0,0,0,0,0,0,0,0,0,0,0,0,0,0,0,0,0,0,0,0,0,0,0,0,0,0,0,6997200,0,0,0,721345200,0,0,0,0,0,0,0,0,8927800,235200,0,0,0,0,0,0,0,0,0,0,0,0,0,0,0,0,0,0,0,0,0,0,0,0,0,0,0,0,0,0,0,0,0,0,0,0,0,0,0,0,0,0,421400,0,0,0,0,0,0,0,0,0,0,0,0,0,0,0,0,6311200,0,0,0,0,0,0,0,0,0,0,0,0,0,0,0,0,0,0,0,0,0,0,0,0,0,0,0,13332900,0,0,0,0,0,0,0,0,0,0,0,4944100,0,0,0,0,33628700,0,0,0,0,0,0,0,0,0,0,0,6220308200,0,0,0,0
"VUT",0,0,0,0,0,0,0,0,0,0,0,0,0,0,0,0,0,0,0,0,0,0,0,0,0,0,0,0,0,0,0,0,0,0,0,0,0,0,0,0,0,0,0,0,0,0,0,0,0,0,0,9251200,0,0,0,0,0,0,0,0,0,0,0,0,0,0,0,0,0,0,0,0,0,0,0,0,0,0,0,0,0,0,0,0,0,0,0,0,0,0,0,0,0,0,0,0,0,0,0,0,0,0,0,0,0,0,0,0,0,0,0,0,0,0,0,0,0,0,0,0,0,0,0,0,0,0,0,0,0,0,0,0,0,0,0,0,0,0,0,0,0,0,0,0,0,0,0,0,0,0,0,0,0,0,0,0,0,0,0,0,0,0,0,0,0,0,0,0,0,0,0,0,0,0,0,0,0,0,0,0,0,0,0,0,0,0,0,0,0,0,0,0,0,0,0
"NZL",0,0,0,0,0,0,32756635300,49000,0,7149100,137200,0,0,0,0,0,37720200,0,0,31863100,11046700,0,186200,0,0,275203600,0,0,0,0,0,4125664400,6227900,0,0,1863933800,0,0,0,0,0,30728600,0,0,0,0,0,0,0,0,0,120020800,6786500,28483800,1193827300,0,0,0,0,569162400,0,0,6786500,0,0,0,0,0,0,0,0,167864200,0,0,0,294000,854800,0,0,37411500,0,0,0,0,0,156465700,0,0,0,347900,0,156460700,0,0,0,0,0,0,0,0,6283300,0,0,36684900,0,0,0,0,0,0,0,0,0,0,0,0,521938200,0,644123500,0,16364200,0,0,0,0,34858600,0,0,0,64669000,0,0,24284800,0,0,0,161700,0,0,0,0,0,0,0,0,0,0,0,0,0,0,276800,0,253055600,0,0,0,0,0,0,51856700,1700300,0,0,73123500,0,16401900,0,545311900,0,0,0,220500,156471700,0,494900,295367100,0,2975382900,0,0,0,0,28036733200,0,0,0,0,6036800,0,0,0,0,0,0
"NIC",0,0,0,0,0,0,0,0,0,0,0,0,0,0,0,0,0,0,0,0,0,0,0,0,0,0,0,0,0,0,0,0,0,0,0,0,2930171800,0,0,0,0,0,0,9800,0,0,0,0,0,0,0,0,0,0,0,0,0,0,0,0,0,0,0,0,0,0,0,0,0,0,31864700,0,0,0,0,0,0,0,0,0,0,0,0,0,0,0,0,0,0,0,0,0,0,0,0,0,0,0,0,0,0,0,0,0,0,0,0,0,0,0,0,0,0,0,0,0,0,0,0,0,0,0,0,0,0,0,0,0,0,0,0,0,0,0,0,0,0,0,0,0,0,0,0,0,0,0,0,0,0,0,0,0,0,0,0,0,4855900,0,0,0,0,0,0,0,0,0,0,0,0,0,0,0,0,0,0,0,0,0,446280700,0,0,0,19600,0,0,0,0,0,0,0,0,0,0,0,0
"NER",0,0,0,0,0,0,0,0,0,0,0,0,0,0,0,0,0,0,0,0,0,0,0,0,0,0,0,0,0,0,0,0,0,0,0,0,0,0,0,0,0,0,0,0,0,0,0,0,0,0,0,0,0,0,0,0,0,0,0,0,0,0,0,0,0,0,0,0,0,0,0,0,0,0,0,0,0,0,0,0,0,0,0,0,0,0,0,0,0,0,0,0,0,0,0,0,0,0,0,0,0,0,0,0,0,0,0,0,0,0,0,0,0,0,0,0,0,0,0,0,0,0,0,0,256900,0,0,0,0,0,0,0,0,13720000,0,0,0,0,0,0,0,0,0,0,0,0,0,0,0,0,0,0,0,0,0,0,0,0,0,0,0,0,0,0,0,0,0,0,0,0,0,0,0,0,0,0,0,0,0,0,0,0,0,0,0,0,0,0,0,0,0,0,0,0,0
"NGA",0,0,0,0,0,0,0,882000,0,0,0,0,0,0,0,0,0,0,0,0,0,0,0,0,1535263000,0,0,0,0,0,0,0,0,0,4900000,0,0,0,0,0,2282376100,0,0,0,0,0,0,0,0,0,0,0,0,0,0,0,0,0,0,10572400,0,0,0,0,0,0,0,0,0,0,0,0,0,0,0,0,0,0,0,15044000,0,0,14014000,0,0,984900,0,0,0,0,0,0,0,0,0,0,0,0,0,0,0,0,256900,0,0,0,3969000,0,0,0,0,0,14700,0,39200,0,23495500,0,0,0,0,0,0,15848300,0,0,0,0,0,0,0,0,0,0,0,0,0,0,0,0,392000,98000,0,0,0,0,0,0,1120854700,0,0,0,0,9800,0,103117600,68600,0,0,0,0,10441900,0,0,0,0,0,5091100,0,0,0,0,0,0,2082500,0,2402372000,0,23162300,735000,0,0,0,0,73600,0,0,0,200900,0,0,0,0,0,0
"NOR",0,0,0,0,0,0,10652600,1239700,0,0,0,0,0,0,0,0,0,0,0,0,0,0,0,0,0,8197700,0,0,0,0,0,5566400,0,0,0,0,0,0,0,0,0,998813000,0,0,0,0,0,0,0,9143400,0,0,592397400,17223500,0,0,0,0,0,44292700,0,0,0,4831400,0,0,0,0,0,0,0,3616200,401800,0,401444600,0,0,0,0,2680300,0,202730200,0,0,0,4816700,0,0,0,0,0,641900,0,980000,0,0,0,0,0,1087800,0,0,0,583100,0,0,0,0,0,3376100,0,0,0,0,0,0,6698300,0,0,0,0,0,0,0,0,0,0,0,759500,0,0,0,0,7200600,0,0,0,0,0,0,0,0,27601700,0,0,0,0,0,0,0,0,0,818300,7232400,0,0,27616400,0,0,0,384712800,6507200,0,0,2935100,0,4498200,0,0,0,0,0,0,0,0,0,66758600,715400,76493900,0,0,0,0,0,0,0,0,0,36063100,0,0,0,0,0,0
"PAK",0,6796032000,0,0,0,0,0,0,0,0,0,0,0,0,0,0,0,0,0,0,0,0,0,0,0,0,0,0,0,0,0,0,0,0,0,0,0,0,0,0,0,0,0,0,0,0,0,0,0,0,0,0,0,0,0,0,0,0,0,0,0,0,0,0,0,0,0,0,0,0,0,0,0,0,0,265600000,0,0,0,0,0,0,0,0,0,0,0,0,0,0,0,0,0,0,0,0,0,0,0,0,0,0,0,0,0,0,0,0,0,0,0,0,0,0,0,0,0,0,0,0,0,0,0,0,0,73600,0,0,0,0,0,0,0,0,0,0,0,0,0,0,0,0,0,0,0,0,0,0,0,0,0,0,0,0,0,9200000,0,0,0,0,0,0,0,0,0,0,0,0,0,0,0,0,0,1201840000,0,0,1104000,0,0,0,0,0,0,0,0,0,0,0,0,0,0,0,0,0,0
"PAN",0,0,0,0,0,0,0,0,274400,0,0,0,0,0,0,0,0,0,0,0,0,0,0,0,0,0,0,0,0,0,9295300,0,0,0,0,0,12259800,0,0,0,0,0,0,4155200,0,0,0,14700,0,0,0,0,0,294000,36700,0,0,0,0,49000,0,0,0,0,0,0,11230500,0,0,0,264600,0,0,0,0,0,0,3.1042e+10,0,78400,1035749500,0,0,0,1112300,0,0,0,0,0,0,0,0,0,0,0,0,0,0,0,0,0,0,36539300,0,0,0,0,0,0,0,0,0,0,9800,0,4655000,0,0,0,0,0,0,0,0,0,0,0,0,0,0,0,22368500,49000,0,0,0,0,0,0,9800,36700,0,0,0,0,0,0,0,0,0,0,0,0,0,0,73500,0,0,0,0,0,0,0,0,0,0,0,0,0,0,0,0,0,0,0,0,0,0,0,0,0,0,0,0,0,0,0,4900,0,0,0,0,0,0
"CZE",218382000,1509200,188782200,63504000,0,29400,1114623000,377689516000,0,0,0,0,0,0,0,0,21616472000,0,0,0,0,6935796300,117600,0,16219000,4755793000,41013000,0,18547200000,5292000,17248000,3246622000,6566000,0,26558000,0,0,92059107000,107966000,4198953000,7154000,5527249000,0,33418000,6239247000,58880000,539000,0,0,1632103000,0,0,4354728000,6792069800,0,0,2188146000,30576000,0,1752079009000,138184000,49000,0,1558799000,0,0,0,0,0,0,0,65620800,223763687000,3216256000,1148084000,7791000,4238125000,122500,15190000,39520012800,2083099000,48193026000,5439000,5044875000,0,72191863000,1019200,221927000,25676000,4949000,59714000,5620006000,0,1431283100,0,109272500,0,7546000,0,2058689000,0,0,0,98000,7105000,6223000,0,0,0,9318531000,418251000,1166200,0,9232797000,0,0,1095195000,0,0,9590851000,0,575327000,0,7154000,49000,876268000,49000,1587655000,0,0,9716700,2058000,22448000,938628765600,6860000,0,0,184000,24647000,0,35720185000,0,69822793000,0,0,0,0,1029000,0,0,0,79562798000,359417480200,50090600,0,116286800,14854946000,184368000,23863000,0,26879284000,2705023000,0,22426898000,28714000,0,51009000,0,0,0,0,0,135485000,161798000,0,0,238064633800,8007298000,11717836000,0,0,612824000,0,4593354600,181300,0,0,0,198678000,43124800,3069293000,215747000,0,0,0
"PNG",0,0,0,0,0,0,71623300,0,0,0,0,0,0,0,0,0,0,0,0,0,0,0,0,0,0,0,0,0,0,0,0,0,0,0,0,0,0,0,0,0,0,0,0,0,0,0,0,0,0,0,0,25573100,0,0,0,0,0,0,0,294000,0,0,0,0,0,0,0,0,0,0,0,0,0,0,0,0,0,0,0,0,0,0,0,0,0,0,0,0,0,0,0,0,0,0,0,0,0,0,0,0,0,0,0,0,0,0,0,0,0,0,0,0,0,0,0,0,1092700,0,0,0,0,0,0,0,0,0,0,0,0,0,0,0,0,0,0,0,0,0,0,0,0,0,0,0,0,0,0,0,0,0,0,0,0,44100,0,0,0,0,0,0,0,0,0,0,0,0,0,0,0,0,0,0,0,0,0,0,0,0,0,0,0,0,0,0,0,0,0,0,19600,0,0,0,0,0,0
"PRY",0,0,0,0,0,0,0,0,0,0,0,0,0,0,1325418000,0,1926332800,0,0,0,0,0,0,0,0,1284500,0,0,0,0,19600,0,0,0,0,0,0,0,0,0,0,0,0,0,0,72144700,0,0,0,0,0,0,0,183500,0,0,0,0,0,183500,0,0,0,0,0,0,0,0,0,0,0,0,0,0,0,0,0,0,0,0,0,0,0,0,0,0,0,0,0,0,0,0,0,0,0,0,0,0,0,0,0,0,0,0,0,0,0,0,0,0,0,0,0,0,0,0,0,0,0,0,0,0,0,0,0,0,0,0,0,0,0,327525800,0,0,0,0,0,0,0,0,0,0,0,0,0,0,0,0,0,0,0,0,0,0,0,0,0,0,0,0,0,0,0,0,0,0,0,0,0,0,0,0,0,0,0,0,0,0,1284500,0,561863400,0,0,0,0,0,0,0,0,0,0,0,0,0,0
"PER",0,0,0,0,0,27366500,4924500,0,0,0,0,0,0,0,47726000,0,0,0,0,0,0,0,0,0,0,66400,0,0,0,0,6559389800,0,0,0,0,0,13773900,0,0,0,0,0,0,0,0,0,0,0,0,0,0,0,0,38100,0,0,0,0,0,0,0,0,0,0,0,0,8021300,0,0,0,8383900,1842400,0,0,0,0,0,0,0,0,0,1095600,0,0,0,71804600,0,0,0,0,0,0,0,0,0,0,0,0,0,0,0,0,0,0,0,0,0,0,0,0,0,0,0,0,0,0,332000,0,0,0,0,0,0,0,0,0,0,27925100,0,0,0,0,0,0,0,0,0,0,0,0,0,0,0,0,0,0,0,0,0,0,0,0,0,9800,0,0,278282300,0,0,0,0,23892400,0,0,411600,0,0,0,0,0,0,0,0,0,0,0,428279600,0,1408335300,0,0,0,3.32e+08,0,0,0,0,0,11882500,0,0,0,0,0,0
"PHL",0,20808900,0,0,0,0,700015800,0,0,129184000,0,393167100,0,0,0,0,0,0,0,0,0,0,71968700,0,0,1393818000,0,0,0,0,0,28215100,0,0,0,0,0,0,0,0,0,0,0,0,0,0,0,0,0,0,0,0,0,0,0,0,0,0,0,0,0,0,0,0,0,0,0,0,0,0,0,1061150800,0,0,0,0,0,0,0,0,0,236150700,0,0,0,55572500,26901100,0,6606000,0,8687700,2524121700,511304400,0,0,50242300,0,0,0,0,85395200,0,0,60705396600,115522400,0,0,0,0,0,0,0,0,0,0,0,172636800,0,0,0,0,373495900,0,0,1210916500,265964900,1158875900,0,0,477100,0,0,0,0,0,0,0,0,426454000,0,0,0,0,0,0,0,0,730917200,0,0,0,0,0,871201000,0,0,27488300,0,0,0,66060000,72849500,0,0,842120800,0,3242980800,0,0,0,208492700,0,0,3922138800,6716100,7560700,363109800,0,6736563200,0,0,0,0,815547400,0,70464000,0,0,0,0,0,0,0,0,0
"POL",0,0,0,99153034000,0,68600,340727000,2576166200,0,0,0,0,0,0,0,0,17395000,0,0,0,0,11091724000,0,0,6664000,5852797000,3185000,18179000,1510270000,0,487013000,1068097000,0,0,0,1078000,156261000,9800,4014821400,2159077200,269549000,39849519000,0,1081692000,409088000,0,0,0,9065000,1191090200,0,0,26950000,58911320800,0,0,72814000,8085000,0,1050298291000,408807000,0,0,289260000,0,0,0,0,0,0,0,32046000,38731052000,2388852000,3489774000,56440000,0,0,97069000,41102083000,3937395000,34948101000,38269000,59760000,0,9310000,0,66400000,0,68277984000,0,15023051000,0,1156241200,5188432000,24681300,1868704000,0,91304980000,35316949000,0,0,29400,11019036000,0,9114000,2175943000,0,4427776000,27097000,4165000,0,2149120000,19122000,0,0,43962207800,0,0,281456000,0,0,0,0,82467000,299424800,0,95158000,34718835000,0,345597000,20678000,142100,0,149646000,0,0,0,0,0,9847102000,0,10105169000,0,0,0,0,0,26558000,0,0,3941889000,12453789500,10878000,0,107800,36698563000,0,0,0,1818520000,50041600,0,9207360000,795025000,0,0,32095000,0,0,0,0,48793000,26558000,0,0,46033935600,4700842300,13777238000,0,133868000,0,0,103377000,0,0,0,0,4842976800,65415000,1440656000,237699000,17934000,0,0
"PRT",0,0,0,11809000,5782000,5439000,220794000,6664000,0,0,0,0,0,0,0,0,285180000,0,0,0,0,0,0,0,9604000,268667000,5911094000,0,98000,0,28861000,8185940000,0,0,41601000,0,19600000,1106175000,931000,0,847651000,882000,0,24500,0,0,0,0,316556000,7791000,0,0,0,14935092200,0,0,0,0,0,2828203000,0,58800,0,49000,0,0,0,29547000,0,0,407974000,375046000,0,0,2107000,5243000,0,0,1118229000,206192000,13083000,3090797000,121765000,0,0,81491900,0,0,490000,0,0,289100000,0,0,0,0,0,47824000,0,0,189140000,0,0,0,0,27734000,19992000,0,37191000,37485000,0,84825500,2289279200,0,317715200,0,258573000,0,1078000,0,0,18424000,0,27538000,123201983000,4067000,0,9408000,1960000,0,0,0,3822000,96821200,0,7791500400,0,0,0,0,0,0,0,0,0,0,13580725600,49000,49343000,0,14602000,1862000,11711000,24892000,0,206633000,164787326000,0,0,15876000,34104000,14473375000,0,0,111818000,11711000,1274000,368774000,0,0,0,0,2646000,102900,0,0,5530883400,0,1093925000,120834000,0,0,0,11809000,3797994000,0,6294200,0,1219551000,5449829000,2254000,0,0,0,0
"GNB",0,0,0,0,0,0,0,0,0,0,0,0,0,0,0,0,0,0,0,0,0,0,0,0,0,0,0,0,0,0,0,0,0,0,0,0,0,0,0,0,0,0,0,0,0,0,0,0,0,0,0,0,0,0,0,0,0,0,0,0,0,0,0,0,0,0,0,0,0,0,0,0,0,0,0,0,0,0,0,0,0,0,0,0,0,0,0,0,0,0,0,0,0,0,0,0,0,0,0,0,0,0,0,0,0,0,0,0,0,0,0,0,0,0,0,0,0,0,0,0,0,0,0,0,0,0,0,0,0,0,0,0,0,0,0,0,0,0,0,0,0,0,0,0,0,0,0,0,0,0,0,0,0,0,0,0,0,0,0,0,0,0,0,0,0,0,0,0,0,0,0,0,0,0,0,0,0,0,0,0,0,0,0,0,0,0,0,0,0,0,0,0,0,0,0
"TLS",0,0,0,0,0,0,0,0,0,0,0,0,0,0,0,0,0,0,0,0,0,0,0,0,0,0,0,0,0,0,0,0,0,0,0,0,0,0,0,0,0,0,0,0,0,0,0,0,0,0,0,0,0,0,0,0,0,0,0,0,0,0,0,0,0,0,0,0,0,0,0,0,0,0,0,0,0,0,0,0,0,0,0,0,0,0,0,0,0,0,0,0,0,0,0,0,0,0,0,0,0,0,0,0,0,0,0,0,0,0,0,0,0,0,0,0,0,0,0,0,0,0,0,0,0,0,0,0,0,0,0,0,0,0,0,0,0,0,0,0,0,0,0,0,0,0,0,0,0,0,0,0,0,0,0,0,0,0,0,0,0,0,0,0,0,0,0,0,0,0,0,0,0,0,0,0,0,0,0,0,0,0,0,0,0,0,0,0,0,0,0,0,0,0,0
"ERI",0,0,0,0,0,0,0,0,0,0,0,0,0,0,0,0,0,0,0,0,0,0,0,0,0,0,0,0,0,0,0,0,0,0,0,0,0,0,0,0,0,0,0,0,0,0,0,0,0,0,0,0,0,0,0,0,0,0,0,0,0,0,0,0,0,0,0,0,0,0,0,0,0,0,0,0,0,0,0,0,0,0,0,0,0,0,0,0,0,0,0,0,0,0,0,0,0,0,0,0,0,0,0,0,0,0,0,0,0,0,0,0,0,0,0,0,0,0,0,0,0,0,0,0,0,0,0,0,0,0,0,0,0,0,0,0,0,0,0,0,0,0,0,0,0,0,0,0,0,0,0,0,0,0,0,0,0,0,0,0,0,0,0,0,0,0,0,0,0,0,0,0,0,0,0,0,0,0,0,0,0,0,0,0,0,0,0,0,0,0,0,0,0,0,0
"QAT",0,0,0,0,0,0,0,0,0,159360000,0,0,0,0,0,0,0,0,0,0,0,0,0,0,0,0,0,0,0,0,0,0,0,0,0,0,0,0,0,0,0,0,0,0,0,0,0,0,0,0,0,0,0,0,0,0,0,0,0,0,0,0,0,0,0,0,0,0,0,0,0,0,0,0,0,0,0,0,0,0,0,6642700,0,0,0,0,0,0,0,0,0,0,3532800,0,0,0,0,0,0,0,0,0,0,0,0,0,0,0,0,0,0,274400,0,0,0,0,0,0,0,0,0,0,0,0,0,0,0,0,0,0,0,0,0,0,0,0,0,0,0,0,0,0,0,0,0,0,0,2401000,0,0,0,0,0,0,0,0,0,0,0,0,0,0,0,0,0,0,0,0,0,0,367000,0,0,8446190100,0,0,0,0,0,0,0,0,0,0,0,0,0,0,0,0,0,0,0,0,0
"ZWE",0,0,0,0,0,0,0,0,0,0,0,0,0,0,0,0,0,0,0,0,0,0,0,0,0,0,0,0,0,0,0,0,0,0,0,0,0,0,0,0,0,0,0,0,0,0,0,0,0,0,0,0,0,0,0,0,0,0,0,0,0,0,0,0,0,0,0,0,0,0,0,0,0,0,0,0,0,0,0,0,0,0,0,0,0,0,0,0,0,0,0,0,0,0,0,0,0,0,0,0,0,0,2209900000,0,0,0,0,0,0,0,0,0,15868588700,0,0,0,1161300,0,0,0,0,0,0,0,0,0,0,0,0,0,0,0,0,0,0,0,0,0,0,0,0,0,0,0,0,0,0,0,0,0,0,0,0,0,0,4616300,0,0,0,4739840000,0,0,0,0,0,0,0,0,0,0,0,0,0,0,0,0,104300,0,0,0,0,0,0,0,0,0,0,46682972600,0,0,0,0,0,0,0
"ROU",0,0,1482593000,523008038000,0,0,0,4681043000,0,0,0,0,0,0,0,0,0,0,0,0,0,10297914000,0,0,0,353168000,0,0,0,0,0,97265000,0,0,0,0,0,0,228741180500,0,0,228935000,0,0,66400000,0,1.4608e+10,0,0,0,0,0,0,154302100,0,0,0,0,0,11545500000,3969000,5341000,0,34040161000,0,0,0,0,0,0,0,490000,28037807800,6321000,0,0,0,9.13e+10,0,5733000,278489996000,97809727100,0,66400000,0,644501494000,1786066044000,0,0,0,0,0,124835652000,0,0,41879476000,0,0,1022965040000,0,0,0,0,0,0,0,1.0458e+10,0,0,0,0,0,0,10932349000,0,0,35968445000,0,0,2309174000,0,0,0,0,0,0,0,0,13664874000,0,0,0,0,796585000,2107000,0,0,0,114402884000,0,0,0,0,0,0,0,0,3791001428000,0,0,0,0,608678000,0,0,0,91995125700,0,0,0,0,818513500,41319392000,0,0,0,0,0,0,0,0,615741144000,502721053900,285573452000,0,0,6115070000,43160000,11352435000,0,0,0,0,0,0,0,0,0,113729000,1176000,5096000,0,0,0,0
"RWA",0,0,0,0,0,0,9800,0,0,0,0,0,0,0,0,0,0,0,0,0,0,0,0,1183497000,0,0,0,0,0,0,0,0,0,0,0,0,0,0,0,0,0,0,0,0,0,0,0,0,0,0,0,0,0,0,0,0,0,0,0,0,0,734000,0,0,0,0,0,0,0,0,0,0,0,0,0,0,0,0,0,0,0,0,0,0,0,807400,0,0,0,0,0,0,0,0,0,0,0,0,0,0,735000,0,0,0,0,0,0,0,0,0,0,0,0,0,0,0,0,0,0,0,0,0,0,0,0,0,0,0,0,0,0,0,0,0,0,0,0,0,0,0,0,0,0,0,0,0,0,0,0,0,0,0,0,0,0,0,0,0,0,0,0,0,0,0,0,5669300,0,0,0,0,0,0,0,896700,350241900,0,807400,0,0,0,0,0,0,0,450800,0,368454000,0,57765800,0,0,0,0,0,0
"RUS",15885803200,0,0,810433380800,0,0,23949400,0,0,374080700,0,0,0,0,0,0,43169000,0,34300,0,0,92615800,0,9303040000,0,619130300,0,0,0,0,2360045800,9668113700,93580200,0,0,0,96123300,18102900,400096536700,542310862000,16870700,2018800,0,0,108947085800,0,245594530800,19996900,0,3077674100,0,0,198681400,10190465700,0,0,29443700500,0,0,61498075500,0,0,0,12435948800,0,0,49813400,0,0,0,0,51314000,0,0,0,260136800,0,4134098760400,335360900,217114100,720642050400,456140200,124558000,256061844500,0,273616665000,1746952066900,37585700700,0,0,4238500,36656405300,1260943536400,471780647800,0,306859591500,0,0,1172226098000,6575155200,0,0,0,1240241600,0,0,0,0,0,82824700,24644150000,120804773600,0,7277991000,0,0,10358600,0,0,0,0,188452100,0,0,25215400,17922664500,0,210896000,23899000,0,210817600,0,2045969600,3624354800,186440100,0,0,0,0,0,36813700,14837760000,0,0,0,0,0,15727582650800,0,29329600,145049800,0,0,33231800,0,0,83124103600,0,7676989600,0,0,0,25986203200,10357983000,65161081100,4900,0,32751600,0,0,128333537600,1028759057300,1034138866100,438030949300,0,0,10544792800,124926512700,2651237100,0,45628800,76026043900,0,22888855200,0,0,8007680000,0,169525300,0,514813400,3025600,202203400,0,0
"KNA",0,0,0,0,289462600,0,0,0,0,0,31879400,0,0,0,0,0,0,0,114258200,0,0,0,0,0,0,0,0,0,0,0,0,0,0,0,0,0,0,0,0,0,0,0,59005800,12348000,0,0,0,0,0,0,0,0,0,0,0,0,0,0,0,0,0,0,0,0,0,0,0,0,0,0,0,0,0,0,0,0,0,0,0,49000,0,0,0,0,0,0,0,0,0,0,0,0,0,0,0,0,0,0,0,0,0,0,0,0,0,0,0,0,0,0,0,0,0,0,0,0,0,0,0,0,0,0,0,0,0,0,0,0,0,0,0,0,0,0,0,0,0,0,0,0,0,0,0,0,255040100,5316500,0,0,0,0,0,0,0,0,0,0,0,0,0,0,0,0,0,0,0,0,0,0,0,101155600,0,0,0,0,0,0,0,0,22348900,0,0,0,0,0,0,0,0,0,0,0,0,0,0,0,0
"LCA",0,0,0,0,214767000,0,0,0,0,0,962389400,0,0,0,0,0,0,0,168751100,0,0,0,0,0,0,0,0,0,0,0,0,0,0,0,0,0,0,0,0,0,0,0,215286400,0,0,0,0,0,0,0,0,0,0,62560000,0,0,0,0,0,0,0,0,0,0,0,54747700,0,0,888521900,0,0,0,0,0,0,0,0,0,0,49000,0,0,0,0,6938400,0,0,0,0,0,0,0,0,0,0,0,0,0,0,0,0,0,0,0,0,0,0,0,0,0,0,0,0,0,0,0,83300,0,0,0,0,0,0,0,0,0,0,0,0,0,0,0,0,0,0,0,0,0,0,0,0,0,0,170814000,0,201081300,0,0,0,0,0,0,0,0,0,0,0,14700,0,0,0,0,0,0,0,0,0,0,0,2875726700,0,0,0,0,0,0,1112300,0,83300,0,0,0,0,0,0,0,0,0,0,0,0,0,0,0,0
"VCT",0,0,0,0,2299643500,0,0,0,0,0,745388000,0,0,0,0,0,0,0,1505245700,0,0,0,0,0,0,0,0,0,0,0,0,0,0,0,0,0,0,0,0,0,0,0,130276300,0,0,0,0,0,0,0,0,0,0,0,0,0,0,0,0,0,0,0,0,0,0,99127000,0,0,5350800,0,0,0,0,0,0,0,0,0,0,0,0,0,0,0,0,0,0,0,0,0,0,0,0,0,0,0,0,0,0,0,0,0,0,0,0,0,0,0,0,0,0,0,0,0,0,0,0,0,0,0,0,0,0,0,0,0,0,0,0,0,0,0,0,0,0,0,0,0,0,0,0,0,0,0,77576800,0,0,0,0,0,0,0,0,0,0,0,0,6399400,0,0,0,0,0,0,0,0,0,0,0,12857600,0,0,0,0,0,0,607600,0,460600,0,0,0,0,0,0,0,0,0,0,0,0,0,0,0,0
"STP",0,0,0,0,0,0,0,0,0,0,0,0,0,0,0,0,0,0,0,0,0,0,0,0,0,0,0,0,0,0,0,0,0,0,0,0,0,0,0,0,0,0,0,0,0,0,0,0,0,0,0,0,0,0,0,0,0,0,0,0,0,0,0,0,0,0,0,0,0,0,0,0,0,0,0,0,0,0,0,0,0,0,0,0,0,0,0,0,0,0,0,0,0,0,0,0,0,0,0,0,0,0,0,0,0,0,0,0,0,0,0,0,0,0,0,0,0,0,0,0,0,0,0,0,0,0,0,0,0,0,0,0,0,0,0,0,0,0,0,0,0,0,0,0,0,0,0,0,0,0,0,0,0,0,0,0,0,0,0,0,0,0,0,0,0,0,0,0,0,0,0,0,0,0,0,0,0,0,0,0,0,0,0,0,0,0,0,0,0,0,0,0,0,0,0
"SAU",0,0,0,0,0,0,0,0,0,0,0,0,0,0,0,0,0,0,0,0,0,0,0,0,0,0,0,0,0,0,0,0,0,0,0,0,0,0,0,0,0,0,0,0,0,0,0,0,0,0,0,0,0,0,0,0,0,0,0,0,0,0,0,0,0,0,0,0,0,0,0,0,0,0,0,0,0,0,0,0,0,0,0,0,0,0,0,0,0,0,0,0,0,0,0,0,0,0,0,0,0,0,0,0,0,0,0,0,0,0,0,0,0,0,0,0,0,0,0,0,0,0,0,0,0,0,0,0,0,0,0,0,0,0,0,0,0,0,0,0,0,0,0,0,0,0,0,0,0,0,0,0,0,0,0,0,0,0,0,0,0,0,0,0,0,0,0,0,0,0,0,0,0,0,0,0,0,0,0,0,0,0,0,0,0,0,0,0,0,0,0,0,0,0,0
"SEN",1421000,0,0,0,0,0,0,0,0,0,0,0,0,0,0,336428900,0,0,0,0,0,0,0,0,0,0,81877700,0,0,0,0,0,0,0,0,0,0,0,0,0,156709000,0,0,0,0,0,0,0,0,0,0,0,0,11015200,0,0,0,23711500,30889761700,0,0,0,0,0,0,0,0,37816157100,0,0,0,0,0,0,0,0,0,0,0,0,0,53949000,9200000,0,0,0,0,0,0,0,0,0,0,0,0,0,0,0,0,0,0,0,0,0,0,4024095300,0,5108126200,0,0,0,0,0,0,0,0,25058600,0,0,0,0,0,0,0,0,0,0,0,0,0,0,0,0,0,0,26921732600,0,0,0,0,0,0,0,0,0,0,0,651700,0,0,0,0,0,0,0,4003300,0,0,0,0,0,0,0,0,0,0,0,27194700,0,0,0,0,0,2405200,0,0,99090000,0,0,46083500,0,0,0,0,0,0,0,0,0,0,0,0,0,0,0
"SYC",0,0,0,0,0,0,0,0,0,0,0,0,0,0,0,0,0,0,0,0,0,0,0,0,0,0,0,0,0,0,0,0,0,0,0,0,0,0,0,0,0,0,0,0,0,0,0,0,0,0,0,0,0,0,0,0,0,0,0,0,0,0,0,0,0,0,0,0,0,0,0,0,0,0,0,0,0,0,0,0,0,0,0,0,0,269500,0,0,0,0,0,0,0,0,0,0,0,0,0,0,0,0,0,0,0,0,0,0,0,0,0,0,0,0,0,0,0,0,0,0,0,0,0,0,0,0,0,0,0,0,0,0,0,0,0,0,0,0,0,0,0,0,0,0,0,0,0,0,0,0,0,0,0,0,0,0,0,0,0,0,0,0,0,0,0,0,0,0,0,0,0,0,0,0,0,0,0,0,0,0,0,0,0,0,0,0,0,0,0,0,0,0,0,0,0
"SLE",0,0,0,0,0,0,54615400,0,0,0,0,0,0,0,0,0,0,0,0,0,0,0,0,0,0,0,0,0,0,0,0,0,0,0,0,0,0,0,0,0,0,0,0,0,0,0,0,0,0,0,0,0,0,0,0,0,0,0,0,0,0,0,0,0,0,0,0,0,0,0,0,0,0,0,0,0,0,0,0,147000,0,0,0,0,0,0,0,0,0,0,0,0,0,0,0,0,0,0,0,0,0,0,0,0,0,0,0,0,0,0,0,0,0,0,0,0,357700,0,0,0,0,0,0,0,0,0,0,0,0,0,0,0,0,0,0,0,0,0,0,0,0,0,0,0,0,0,0,0,0,0,0,0,0,0,0,0,0,0,0,0,0,0,0,0,0,0,0,0,0,0,0,0,0,0,0,0,0,0,0,0,0,0,0,0,0,0,0,0,0,0,0,0,0,0,0
"SVN",0,0,0,0,0,0,170961000,6215114000,0,0,0,0,0,0,0,9114000,0,0,0,0,0,11319000,0,0,45325000,72618000,0,18179000,0,0,0,1521236800,0,0,0,0,0,0,18424000,1730000,0,0,0,0,0,0,0,0,17395000,0,0,0,7497000,39445000,0,17885000,0,17934000,0,198921000,11423118000,8967000,0,784000,0,0,0,0,0,0,0,32438000,5328756000,22196131000,1421000,0,0,0,0,0,83643000,81959273600,0,0,0,1470000,4404000,0,0,0,0,18767000,0,0,0,8575000,0,0,0,71001000,0,0,0,294343000,0,25725000,411433400,0,0,0,0,0,0,555600,0,0,18884800,0,0,844332800,0,0,0,0,0,0,0,0,54908200,0,0,0,0,269015400,0,0,0,0,3187200,0,417804000,0,26352000,0,0,0,0,0,0,0,0,0,4465000,238140000,0,0,0,0,0,0,9653000,54831000,0,0,261905000,0,0,0,0,0,0,0,0,30576000,0,0,129409000,0,36407000,0,0,0,0,82075000,0,0,0,0,1862000,0,4261825000,371548200,0,0,0
"SVK",0,0,0,0,0,0,5390000,278394100000,0,0,0,0,0,0,0,0,6174000,0,0,0,0,57437444000,0,0,0,284543000,0,0,0,0,0,222803000,0,0,0,0,0,0,1032498200,0,0,0,0,0,0,0,0,0,0,3335000,0,0,0,1656200,0,0,1878001000,0,0,29386520000,251324000,0,0,704154000,0,0,0,0,0,0,0,77273000,378496086000,22319568000,0,0,0,0,0,103978000,17444000,212839331000,0,455584000,0,1519000,0,71760000,0,0,0,5243000,0,147200000,0,77648000,0,0,0,29340000,0,0,0,0,0,0,66787000,0,0,4116000,0,0,0,35971632000,0,0,18304311000,0,0,2.208e+10,0,0,0,0,1.472e+10,0,0,0,105735381800,0,0,0,0,918991905000,0,0,0,0,0,0,240157585000,0,23327333000,0,0,0,0,0,0,0,0,39392202000,0,0,0,0,0,0,0,0,16037000,36676000,0,8795200000,0,0,0,0,0,0,0,0,0,0,0,0,88487200,956126000,232260000,0,0,0,0,297929000,0,0,0,0,165668000,0,6907471000,0,0,0,0
"SGP",0,54252800,0,0,0,0,4230831800,0,0,0,2018800,1157576200,0,7521500,0,0,264600,0,0,12355400,227680400,0,104595600,0,0,440088600,0,0,5379030600,0,0,2317008300,0,0,0,0,0,0,0,0,0,108829000,0,0,0,0,0,0,0,0,0,138625300,31394300,11793800,4792200,0,0,0,0,183887200,0,0,77797300,0,0,0,0,0,0,0,0,648124800,0,0,0,1694082700,14350946000,0,0,193559800,0,4214000,0,0,0,229084800,0,0,0,39109160600,0,302728900,0,0,396900,0,0,0,0,5179300,0,0,0,49183788600,601875600,0,0,0,56440000,40336800,22133300,0,0,0,0,0,401711800,0,0,0,21022000,148215200,9800,0,0,68457900,114767500,0,0,1058826300,0,0,11754823300,0,0,0,2135108900,0,139591200,0,0,0,29865500,0,0,0,0,0,0,70056300,0,0,0,0,0,38288600,269500,0,0,0,68457900,41826400,0,0,731720800,0,6394877500,0,177041900,0,684079200,0,308700,1516760700,0,0,411002200,0,584094700,0,0,0,0,9767443800,0,0,0,0,61803700,0,0,0,0,0,0
"SOM",0,0,0,0,0,0,0,0,0,0,0,0,0,0,0,0,0,0,0,0,0,0,0,0,0,0,0,0,0,0,0,0,0,0,0,0,0,0,0,0,0,0,0,0,0,0,0,0,0,0,0,0,0,0,0,0,0,0,0,0,0,0,0,0,0,0,0,0,0,0,0,0,0,0,0,0,0,0,0,0,0,0,0,0,0,0,0,0,0,0,0,0,0,0,0,0,0,0,0,0,0,0,0,0,0,0,0,0,0,0,0,0,0,0,0,0,0,0,0,0,0,0,0,0,0,0,0,0,0,0,0,0,0,0,0,0,0,0,0,0,0,0,0,0,0,0,0,0,0,0,0,0,0,0,0,0,0,0,0,0,0,0,0,0,0,0,0,0,0,0,0,0,0,0,0,0,0,0,0,0,0,0,0,0,0,0,0,0,0,0,0,0,0,0,0
"ZAF",0,0,0,0,308700,0,58383500,0,245000,0,0,0,0,0,0,30807086700,210700,0,0,0,0,0,0,0,0,78845900,0,0,0,0,0,960400,249900,0,33888400,0,161700,0,24500,0,0,58800,0,0,0,0,0,0,0,0,0,0,0,61069700,0,0,0,9800,0,12651800,0,23566200,0,11348400,0,0,0,0,0,0,0,3194800,0,0,0,436100,0,0,0,338100,0,1107400,0,0,0,5982900,0,0,182660900,0,0,4625600,0,0,0,0,11620803000,269500,0,0,0,29400,634233300,117600,617400,0,161700,7609700,342463500,0,0,0,37842368900,0,37845947700,0,59402700,0,0,0,0,5703600,0,0,1043700,641900,0,396444300,4900,798700,0,0,161700,269500,137200,0,0,4900,0,2374698000,411600,0,3410400,0,0,4900,0,14788200,0,41287400,6894300,0,0,13176100,0,0,382200,0,0,3699612600,28341600,847700,0,0,20849500,464231100,0,0,0,0,0,0,0,10922100,103043700,0,88202600,9800,2783200,0,0,0,0,0,161700,0,688843100,17772029400,5772200,0,0,0,0,0,0
"ESP",0,784000,2699900,31930489000,1416100,180712000,885087000,95334400,828100,0,5831000,0,0,0,0,0,1440208000,0,49000,0,0,97510000,0,0,316785000,1019004000,66146000,9261000,176400,71099000,4452699000,17448691700,83287000,0,3696476000,0,486647000,1714902000,52217981000,184132300,1381164000,1.001e+09,0,232790200,0,35035000,14700,14112000,56765158000,185810000,0,0,379287000,156113995500,0,3691040000,1452199000,0,4900,3413974200,111132000,98637000,0,3138152200,0,0,10539900,621957000,0,0,71638000,706605400,268912000,23128000,1788400,43659000,1702700,0,0,1606034000,567138600,19887559400,3435219000,0,0,612524600,2440200,0,9261000,0,0,16557250000,4347300,339374000,0,110923000,0,25480000,20335000,29325000,0,0,0,65538000,0,23765000,11386010000,5757667500,865000,164823700,0,9219820800,30390000,0,294000,0,2280855400,0,98000,368000,0,309435000,9408000,0,2179300,1518107000,49000,209059000,5635000,0,421008000,96746000,47824000,792521700,605975233300,339322000,0,11073120000,23226000,0,148471200,0,170226000,0,16464000,19600,32634000,1411722800,18865000,4312000,18487700,205016000,28763000,2081430000,0,9702000,0,0,0,0,3251600200,2532353400,0,0,8142131000,22816000,12555636000,17248000,0,0,0,31302080000,343000,5364194000,0,0,35491168000,128821000,2551438400,196441000,161406000,0,0,4240947300,588800,0,5537000,0,3406494800,9433800,49490000,17346000,3871000,0,0
"SUR",0,0,0,0,0,0,0,0,0,0,0,0,0,0,0,0,0,0,0,0,0,0,0,0,0,0,0,0,0,0,0,0,0,0,0,0,0,0,0,0,0,0,0,0,0,0,0,0,0,0,0,0,0,324233000,0,0,0,0,0,0,0,0,0,0,0,0,0,0,114444400,0,0,0,0,0,0,0,0,0,0,0,0,0,0,0,0,0,0,0,0,0,0,0,0,0,0,0,0,0,0,0,0,0,0,0,0,0,0,0,0,0,0,0,0,0,0,0,180126500,0,0,10677100,0,0,0,0,0,0,0,0,0,0,0,0,0,0,0,0,0,0,0,0,0,0,0,0,588000,0,0,0,0,0,0,0,0,0,0,0,0,0,0,0,0,0,0,0,0,0,0,0,0,548800,0,0,0,0,0,0,0,0,0,0,0,0,0,0,0,0,0,0,142100,0,0,0,0,0,0
"TJK",0,0,0,0,0,0,0,0,0,0,0,0,0,0,0,0,0,0,0,0,0,0,0,0,0,0,0,0,0,0,0,0,0,0,0,0,0,0,0,0,0,0,0,0,0,0,0,0,0,0,0,0,0,0,0,0,0,0,0,0,0,0,0,0,0,0,0,0,0,0,0,0,0,0,0,0,0,0,0,0,0,0,0,0,0,0,0,0,0,0,0,0,0,0,0,0,0,0,0,0,0,0,0,0,0,0,0,0,0,0,0,0,0,0,0,0,0,0,0,0,0,0,0,0,0,0,0,0,0,0,0,0,0,0,0,0,0,0,0,0,0,0,0,0,0,0,0,0,0,0,0,0,0,0,0,0,0,0,0,0,0,0,0,0,0,0,0,0,0,0,0,0,0,0,0,0,0,0,0,0,0,0,0,0,0,0,0,0,0,0,0,0,0,0,0
"SWZ",0,0,0,0,0,0,0,0,0,0,0,0,0,0,0,9800,0,0,0,0,0,0,0,0,0,0,0,0,0,0,0,0,0,0,0,0,0,0,0,0,0,0,0,0,0,0,0,0,0,0,0,0,0,0,0,0,0,0,0,0,0,0,0,0,0,0,0,0,0,0,0,0,0,0,0,0,0,0,0,0,0,0,0,0,0,0,0,0,0,0,0,0,0,0,0,0,30106400,0,0,0,0,0,0,0,0,0,0,0,0,0,0,0,364784000,0,0,0,0,0,0,0,0,0,0,0,0,0,0,0,0,0,0,0,0,0,0,0,0,0,0,0,0,0,0,0,0,0,0,0,0,0,0,0,0,0,0,18487200,0,0,0,0,0,0,0,0,0,0,0,0,0,0,0,0,0,0,0,0,0,0,0,0,0,0,0,0,0,0,0,0,0,0,0,0,0,0,0
"SWE",0,0,0,0,0,0,139895000,421400,0,0,0,0,0,0,0,2184448000,784000,0,0,0,0,0,2914560000,0,0,144275000,0,0,5637760000,0,166000,370118000,0,0,0,0,23358800000,0,9555000,0,0,239306361000,0,0,0,0,0,0,0,13919186700,0,0,7555845300,53333164000,0,0,0,0,0,1412145711000,0,2175248000,0,9848800,0,5083920000,52629152000,0,0,0,0,54337000,8085000,0,26995948700,0,0,0,0,13075034000,46913744000,82309600,0,0,21408032000,383074000,0,0,4900,22125264000,0,7723986300,1.4608e+11,314679600,0,1.518e+09,0,0,0,1298399000,0,0,0,1813000,0,0,411600,0,0,11274900,0,9.13e+10,9087760000,0,0,0,382615750100,0,0,368000,0,0,33663536000,0,43423516000,126128909400,0,42363056000,7399000,0,0,129293348000,0,214300018000,26386798900,0,0,0,0,0,0,0,119924666000,5542448000,0,0,0,0,0,0,0,0,4851000,32280000,0,36904074000,158814756200,0,0,2623472000,0,211357400,0,0,91777000,30593680000,2205002000,11662000,0,34092992000,0,0,149942706000,14700,0,0,166198908300,6125000,267082600,0,89706068000,2.988e+10,33124048000,0,5951296000,0,0,0,190870417500,1862000,6027000,0,0,0,0
"CHE",0,0,0,0,0,0,1504300,148879100,0,0,0,0,0,0,0,0,0,0,0,0,0,0,0,0,0,10040100,0,0,0,0,0,580909700,0,0,0,0,0,0,0,14700,0,289100,0,0,0,0,0,0,0,0,0,0,2033500,1908616200,0,0,0,0,0,5178021500,0,0,0,0,0,0,0,39200,0,0,0,1734600,145236000,0,0,0,0,0,0,0,0,1092606200,0,0,0,4630500,0,0,0,0,0,14700,0,0,0,0,0,0,0,0,0,0,0,0,0,0,0,0,0,4900,0,0,0,0,0,0,3621100,0,0,0,0,0,0,0,0,7962500,0,0,2058000,0,0,0,0,53360000,2964500,0,0,0,0,0,0,0,8398600,0,0,0,0,0,0,0,0,0,0,10745700,0,58800,2758700,0,0,0,5056800,0,0,0,3307500,0,0,0,0,0,0,0,0,1656200,0,0,210910900,0,78904700,0,0,0,0,0,0,0,0,0,12991500,0,13230000,0,0,0,0
"SYR",0,0,0,0,0,0,0,0,0,0,0,0,0,0,0,0,0,0,0,0,0,0,0,0,0,0,0,0,0,0,0,0,0,0,0,0,0,0,0,0,0,0,0,0,0,0,0,0,0,0,0,0,0,0,0,0,0,0,0,0,0,0,0,0,0,0,0,0,0,0,0,0,0,0,0,0,0,0,0,0,0,0,0,0,0,0,0,0,0,0,0,0,0,0,0,1427600,0,0,0,0,0,0,0,0,0,0,0,0,0,0,0,0,0,0,0,0,0,0,0,0,0,0,0,0,0,0,0,0,0,0,0,0,0,0,0,0,0,0,2097600,0,0,0,0,0,0,0,0,0,0,0,0,0,0,0,0,0,0,0,0,0,0,0,0,0,0,0,0,0,0,0,0,0,0,0,0,0,0,0,0,0,0,0,0,0,0,0,0,0,0,0,0,0,0,0,0
"TKM",0,0,0,0,0,0,0,0,0,0,0,0,0,0,0,0,0,0,0,0,0,0,0,0,0,0,0,0,0,0,0,0,0,0,0,0,0,0,0,0,0,0,0,0,0,0,0,0,0,0,0,0,0,0,0,0,0,0,0,0,0,0,0,0,0,0,0,0,0,0,0,0,0,0,0,0,0,0,0,0,0,0,0,0,0,0,0,0,0,0,0,0,0,0,0,0,0,0,0,0,0,0,0,0,0,0,0,0,0,0,0,0,0,0,0,0,0,0,0,0,0,0,0,0,0,0,0,0,0,0,0,0,0,0,0,0,0,0,0,0,0,0,0,0,0,0,0,0,0,0,0,0,0,0,0,0,0,0,0,0,0,0,0,0,0,0,0,0,0,0,0,0,0,0,0,0,0,0,0,0,0,0,0,0,0,0,0,0,0,0,0,0,0,0,0
"TWN",0,0,0,0,0,0,33514300,83300,0,0,0,4900,0,0,0,0,700700,0,58800,0,0,0,0,0,0,27037900,0,0,0,0,39200,3984346200,0,0,0,0,9800,0,0,0,0,0,0,0,0,0,0,0,0,0,0,0,0,0,0,0,0,0,0,0,0,0,0,0,0,0,0,0,0,0,0,167473200,0,0,0,0,73400,0,0,0,0,9800,0,0,0,1744316700,0,0,0,0,0,122240300,0,0,0,0,0,0,0,0,3476800,0,0,6585500,0,0,0,0,0,0,0,0,0,0,0,0,101996500,0,0,0,0,15691200,0,0,0,0,0,78400,0,0,0,0,4459000,0,0,0,0,0,0,0,0,0,0,0,0,0,0,0,68600,0,0,0,0,483777000,0,332000,392000,0,0,0,0,0,0,0,0,0,73500,0,0,0,0,0,0,0,0,0,5380200,0,217426400,0,543900,0,0,3379100,0,0,0,0,2907200,0,0,0,0,0,0
"TZA",0,0,0,0,0,0,0,0,0,0,0,0,0,0,0,0,0,0,0,0,0,0,0,0,0,0,0,0,0,0,0,0,0,0,0,0,0,0,0,0,0,0,0,0,0,0,0,0,0,0,0,0,0,0,0,0,0,0,0,0,0,0,0,0,0,0,0,0,0,0,0,1195200,0,0,0,0,0,0,0,0,0,4900,0,0,0,0,0,0,2832050800,0,0,0,0,0,0,0,0,0,0,0,0,0,0,0,0,0,0,0,0,0,0,0,744800,0,0,0,308700,0,0,0,0,0,0,0,0,0,0,0,0,0,0,0,0,0,0,0,0,0,0,0,0,0,0,0,0,0,0,4900,0,0,0,0,0,0,0,1724800,0,0,0,0,0,0,0,0,0,0,0,0,0,0,0,0,0,0,2723688000,0,53900,0,24500,0,0,0,0,0,0,0,7359900,0,9800,0,0,0,0,0,0
"THA",0,0,0,0,0,0,5896080700,46956700,0,76841800,0,0,0,18899300,0,0,5047000,0,0,0,6640000,0,137894163500,0,0,508134900,0,0,35505400,0,28748300,1682145500,0,0,0,0,0,0,0,0,0,210435400,0,0,0,0,0,0,0,17860500,0,0,93335200,1076289900,0,33200,0,0,0,205143400,0,0,0,0,0,0,0,0,0,0,0,1100581100,0,0,12803700,93200,1048600,0,0,115189200,392823200,102939200,0,0,0,6477261000,0,0,0,70005295500,0,448443100,0,0,2443399000,0,0,0,0,0,0,0,0,8009687600,25597600,0,0,0,0,13288800,4993100,0,0,0,0,3880800,1681430100,0,867300,0,0,151973500,0,0,4900,216589800,0,0,8800400,49000,0,0,208191200,8535800,0,0,30517200,0,0,0,0,0,203918400,0,0,0,0,0,0,0,0,0,25607400,6490152600,0,43521800,142825200,0,0,3880800,1321334000,886181000,0,0,4659444300,0,0,0,0,0,0,0,0,6628563200,0,0,4521002400,0,3262875100,0,0,0,0,418537300,0,0,0,0,355705700,0,0,0,0,0,0
"TGO",0,0,0,0,0,0,0,0,0,0,0,0,0,0,0,0,0,0,0,0,0,0,0,0,0,0,0,0,0,0,0,0,0,0,0,0,0,0,0,0,2743941200,0,0,0,0,0,0,0,0,0,0,0,0,25063500,0,0,0,0,0,0,0,0,0,0,0,0,0,0,0,0,0,0,0,0,0,0,0,0,0,0,0,0,38577700,0,0,867300,0,0,0,0,0,0,0,0,0,0,0,0,0,0,0,0,0,0,0,804545700,0,0,0,0,0,0,0,0,0,0,8070300,0,0,0,0,0,0,895749400,0,0,0,0,0,0,0,0,0,0,0,0,0,0,0,0,0,0,0,0,0,0,0,0,0,0,0,0,0,0,0,0,0,0,0,0,0,0,0,0,0,0,0,0,0,0,0,0,0,0,0,0,0,0,0,250194000,0,0,0,0,0,0,0,0,784000,0,0,0,0,0,0
"TON",0,0,0,0,0,0,0,0,0,0,0,0,0,0,0,0,0,0,0,0,0,0,0,0,0,0,0,0,0,0,0,0,0,0,0,0,0,0,0,0,0,0,0,0,0,0,0,0,0,0,0,83300,0,0,0,0,0,0,0,0,0,0,0,0,0,0,0,0,0,0,0,0,0,0,0,0,0,0,0,0,0,0,0,0,0,0,0,0,0,0,0,0,0,0,0,0,0,0,0,0,0,0,0,0,0,0,0,0,0,0,0,0,0,0,0,0,0,0,0,0,0,0,0,0,0,0,0,0,0,0,0,0,0,0,0,0,0,0,0,0,0,0,0,0,0,0,0,0,0,0,0,0,0,0,0,0,0,0,0,0,0,0,0,0,0,0,0,0,0,0,0,0,0,0,0,0,0,0,0,0,0,0,0,0,0,0,0,0,0,0,0,0,0,0,0
"TTO",0,0,0,0,156584400,0,0,0,24710700,0,2385217100,0,0,0,0,0,0,0,808500,0,0,0,0,0,0,242501000,0,0,0,0,0,0,0,0,0,0,0,9800,0,0,0,0,195951000,0,0,0,0,0,0,0,0,0,0,1678980100,0,0,0,0,0,0,0,0,0,55943300,0,263761200,0,0,8698842600,0,0,14655900,0,0,0,0,0,0,0,49000,0,14700,0,0,296572500,0,0,0,0,0,0,0,0,0,0,0,0,0,0,0,0,0,0,0,0,0,0,0,0,0,0,0,0,0,0,0,441147000,0,0,0,0,0,0,0,0,0,0,14700,0,0,0,0,0,0,0,0,0,0,63700,0,0,0,0,173527400,67953200,53762800,0,0,0,0,0,0,0,0,0,0,0,0,0,0,13847400,739900,0,0,0,0,0,0,0,0,0,0,0,4478600,0,0,102297300,0,925134700,0,0,0,0,0,0,0,0,0,0,0,0,0,0,0,0
"OMN",0,0,0,0,0,0,0,0,0,0,0,0,0,0,0,0,0,0,0,0,0,0,0,0,0,0,0,0,0,0,0,0,0,0,0,0,0,0,0,0,0,0,0,0,0,0,0,0,0,0,0,0,0,0,0,0,0,0,0,0,0,0,0,0,0,0,0,0,0,0,0,0,0,0,0,0,0,0,0,0,0,0,0,0,0,0,0,0,0,0,0,0,0,0,0,0,0,0,0,0,0,0,0,0,0,0,0,0,0,0,0,0,0,0,0,0,0,0,0,0,0,0,0,0,0,0,0,0,0,0,0,0,0,0,0,0,0,0,0,0,0,0,0,0,0,0,0,0,0,0,0,0,0,0,0,0,0,0,0,0,0,0,0,0,0,0,0,0,0,0,0,0,0,29400000,0,0,0,0,0,0,0,0,0,0,0,1904152800,0,0,0,0,0,0,0,0,0
"TUN",0,0,0,55507200,0,0,0,0,0,0,0,0,0,0,0,0,0,0,0,0,0,0,0,0,0,0,0,0,0,0,0,0,0,0,0,0,0,0,0,0,13514200,0,0,0,0,0,0,0,0,0,0,0,0,223038200,0,0,0,0,0,0,0,0,0,0,0,0,0,0,0,0,0,0,0,0,0,0,0,0,0,0,0,0,0,0,0,4782400,0,0,0,0,0,0,0,0,0,0,0,0,0,0,0,0,0,0,0,0,3969000,0,0,0,0,0,0,0,0,0,132300,0,0,0,0,0,0,0,0,0,0,0,0,0,0,0,0,0,0,0,0,0,0,0,0,0,0,0,0,0,0,0,415912000,0,0,0,0,0,0,0,0,0,0,0,1249500,0,0,0,0,0,0,0,0,0,0,0,17801700,0,0,0,0,0,0,177904300,0,0,0,0,0,0,0,0,0,0,0,0,0,0,0
"TUR",0,0,124293400,76489000,0,0,303868600,462643300,0,2451043700,0,0,0,0,17179400,0,0,0,0,0,0,505096900,0,0,24108000,3067199100,0,0,0,0,947258200,256147500,0,26190500,396052300,0,97245400,0,0,4965063600,1604637300,108490900,0,0,0,0,0,0,377118700,1651300,0,16067100,27302800,540832600,0,87406200,1576324300,2866500,0,405377000,0,229883500,0,18353100,0,0,0,25646600,0,0,0,3072300,0,0,66282300,0,0,0,40398700300,0,698269600,33751200,1142038100,0,0,160024200,61823300,0,503896400,0,0,183358000,0,0,0,6580876400,0,0,0,9339400,0,0,0,0,0,8883700,36529500,0,6443500,0,0,123872000,115110800,0,0,0,475216700,0,0,0,0,10495800,0,72426900,0,24759700,0,52376100,0,0,40037900,0,0,17277400,0,0,0,0,930848100,7207900,777879900,0,159764500,0,0,0,0,0,155428000,50925700,1653617700,0,0,166129600,0,169554700,102792200,0,0,0,260395800,469924700,257517300,392445900,0,30615200,8922900,78346100,0,0,1263494400,0,0,4132952800,0,0,1931589800,205657900,225752800,36372700,156515800,1840000,0,0,0,0,0,0,75068000,0,73406900,0,14268800,0,0
"ARE",0,218226400,0,3386400,0,0,82878600,98000,0,1415923100,0,17140200,0,0,0,0,754600,0,0,0,14935200,0,93100,7399000,0,0,735000,0,19541200,0,0,3705448600,0,0,3920000,0,0,0,6874700,215600,0,0,0,0,0,0,1568000,0,0,0,0,0,0,24500,0,720300,0,0,0,4008200,0,1391600,0,0,0,0,0,0,0,0,0,2352000,0,0,0,80335500,686000,146675800,45697400,4900,0,5919200,0,19600,0,0,14611800,0,77385700,22848700,0,0,45404399300,0,0,0,0,0,0,0,0,0,19600,655433800,20325200,0,0,15371300,0,0,220500,2180500,5277300,0,0,8981700,41684300,0,0,0,0,113234100,0,0,9305100,0,3225232900,9192400,0,0,0,0,0,24500,0,0,0,33712000,297737423800,0,0,1347500,0,0,0,0,0,61868400,107800,86411500,0,0,0,65076900,1871100,2641100,0,0,14700,0,24500,588000,0,916300,4900,21736400,96833800,215600,0,0,91070554100,0,1470000,0,10412500,0,13372100,0,11113200,0,279300,970200,0,235200,0,19443200,42311500,4218900,58800,0,0,0,87148700,0,0
"UGA",0,0,0,0,0,0,0,0,0,0,0,0,0,0,0,0,0,0,0,0,0,0,0,218598800,0,0,0,0,0,0,0,0,0,0,0,0,0,0,0,0,0,0,0,0,0,0,0,0,0,0,0,0,0,0,0,0,0,0,0,513800,0,0,0,0,0,0,0,0,0,0,0,0,0,0,0,0,0,0,0,0,0,0,0,0,0,0,0,0,850971200,0,0,0,0,0,0,0,0,0,0,0,0,0,0,0,0,0,0,0,0,0,0,298900,68600,0,0,0,0,0,0,0,0,0,0,0,0,0,0,0,0,0,0,0,0,0,0,0,0,0,0,0,0,265361500,0,0,0,0,0,0,0,0,0,0,0,0,661500,583100,0,0,0,0,0,0,0,0,0,0,0,0,0,0,0,0,0,8785700,0,0,9800,0,0,0,0,0,0,0,0,0,13438681900,0,0,0,0,0,839809600,12614773600,0
"TUV",0,0,0,0,0,0,0,0,0,0,0,0,0,0,0,0,0,0,0,0,0,0,0,0,0,0,0,0,0,0,0,0,0,0,0,0,0,0,0,0,0,0,0,0,0,0,0,0,0,0,0,0,0,0,0,0,0,0,0,0,0,0,0,0,0,0,0,0,0,0,0,0,0,0,0,0,0,0,0,0,0,0,0,0,0,0,0,0,0,0,0,0,0,0,0,0,0,0,0,0,0,0,0,0,0,0,0,0,0,0,0,0,0,0,0,0,0,0,0,0,0,0,0,0,0,0,0,0,0,0,0,0,0,0,0,0,0,0,0,0,0,0,0,0,0,0,0,0,0,0,0,0,0,0,0,0,0,0,0,0,0,0,0,0,0,0,0,0,0,0,0,0,0,0,0,0,0,0,0,0,0,0,0,0,0,0,0,0,0,0,0,0,0,0,0
"GBR",14102000,0,7938000,881958580000,13720000,464329500,15860421000,3170368600,2254000,938564000,13119882000,155608000,0,0,0,0,3271859000,0,0,0,15925000,1044900200,217070000,0,4753000,53557952000,0,0,3501547000,0,188138000,4536254500,3078346000,0,73400000,0,139011000,0,17299282000,21805000,9114000,5775648600,48088000,178482000,154669000,0,1740308000,15494000,343000,501749400,294000,0,4350214600,194098584800,0,0,53263000,0,0,817593492600,22020000,456823000,0,3088207000,0,242880000,12921000,0,945665000,0,0,1622445000,2221486800,1100772400,38604679000,1194920000,6249644000,5635000,0,361149242000,108723669000,143763228800,37534000,56399000,639525000,1067116693200,2.28e+08,0,27930000,1835000,0,106666596000,104626480000,738457100,0,169083400,0,0,54777012000,416663200,637000,0,0,47230324000,1421000,0,2881143000,0,9231280000,2548537000,0,252359000,0,11956000,0,0,1495318139800,0,0,55080000,0,6514054000,0,0,6072946000,11001201000,1528338000,122855000,844674800,0,21511000,44064000,1160622400,9822751000,970767234000,0,0,0,378651300,0,1302610600,5138000,29363100000,354033000,0,8953000,0,704497579000,577793000,254114000,8281000,521784600,392746600,25458945000,12880000,17719460000,1850364656400,11466000,0,0,59310100400,2095420000,0,0,26502153200,0,73170680000,0,0,34720514000,317959000,344125466000,2277722000,223806196000,94035000,0,0,187151000,416763769000,91750000,42890000,0,0,97743280000,1061609000,146608000,142763000,1078000,781472760000,3654486600,165170000,5733000,0,0,0
"UKR",8078803400,0,0,637263243200,0,0,6938400,218124000,0,363340800,0,0,0,0,0,0,0,0,0,0,0,24500,0,0,0,207617900,0,0,0,0,10280200,3127470470800,0,0,4405100,0,0,0,230382131900,23194055700,0,151900,0,0,54342234400,0,77935439600,0,0,763527800,0,0,29400,10476200,0,0,25326890500,0,0,2469980300,0,58177700,0,20220176700,0,0,0,0,0,0,0,34300,0,0,0,0,0,1018322585900,0,0,840850918400,33913276400,0,264600,0,699475116000,5.15264e+11,0,0,0,0,114410100,120469752400,948316600,0,78763298200,0,4900,2199647607200,8074247600,0,0,0,0,0,0,0,0,0,38639264000,74778900,83956492000,0,57112408600,0,0,41219710000,0,0,0,0,154266700,0,0,0,303800,12473140400,5620300,11554200,0,0,0,418320000,11136715900,20212500,0,0,0,123787328800,0,1011438000,9536168000,46986045300,0,0,0,0,17042679371200,0,0,8138900,0,8461020000,14753900,0,136286000,534109023400,0,28650300,0,88200,11766584700,1.5936e+10,6441537600,3612654900,0,0,0,0,0,5330990400,269703553200,1309384667500,107893215900,0,0,17568588400,0,494197200,0,0,0,0,29423750400,0,0,0,0,50979600,0,0,9437400,0,0,645574000
"USA",0,0,0,0,121899400,798185400,23972482100,573300,2942969200,390152700,303151300,7712600,0,0,168511000,0,3844520600,0,525232700,0,0,0,994700,0,0,1065123288000,0,0,0,0,54065861300,13360801000,11858603600,0,0,5924100,5125949000,0,75415900,0,0,2365381900,0,4250541500,0,816647700,0,665498400,67267200,0,0,3528000,710357900,785705200,138469100,0,0,0,0,1142715100,0,0,76533100,40474900,0,0,3191812100,8428000,0,211041200,6961224200,2599839600,8731600,17948700,112180700,27226500,9927400,0,0,724540500,3510723600,1624536200,15062600,0,534714600,805252032000,78130500,0,16336600,430959900,0,46234677100,0,51800500,0,277617800,0,15288000,1195200,104865200,0,0,0,13161763200,0,0,102601100,0,0,3081110216000,20761300,137704497200,0,0,0,0,2440507200,0,0,0,416500,1315916100,153874700,0,0,1382980600,17615978400,37798317400,47636600,0,18982212900,1864580100,2858685700,98665500,34940400,0,0,0,241278600,0,0,0,313193500,4968600,52184100,37507300,0,355612200,0,0,39498900,0,0,2857840100,0,16641719200,270406500,8383900,0,0,15598805800,831230900,0,0,144945902900,0,270139800,0,0,7770165800,9806387200,0,1468794600,5744202400,0,0,21367009800,15199800,0,0,571732000,0,0,1559405400,0,0,0,0,2636379400,0,0,0,0,0,0
"BFA",0,0,0,0,0,0,0,0,0,0,0,0,0,0,0,0,0,0,0,0,0,0,0,0,0,0,0,0,0,0,0,0,0,0,0,0,0,0,0,0,0,0,0,0,0,0,0,0,0,0,0,0,0,0,0,0,0,0,0,0,0,0,0,0,0,0,0,0,0,0,0,0,0,0,0,0,0,0,0,0,0,0,375360000,0,0,0,0,0,0,0,0,0,0,0,0,0,0,0,0,0,0,0,0,0,0,6860000,0,0,0,0,0,0,0,0,0,0,0,0,0,0,0,0,0,9555000,0,0,0,0,0,0,0,0,0,0,0,0,0,0,0,0,0,0,0,0,0,0,0,0,0,0,0,0,0,0,0,0,0,0,0,0,0,0,0,0,0,0,0,883200000,0,0,0,0,0,0,0,0,0,0,0,0,0,0,0,0,0,0,0,0,0,0,0,0,0,0,0
"URY",0,0,0,0,0,0,0,0,0,0,0,0,0,0,15132896000,0,1305877692800,0,0,0,0,0,0,0,0,0,0,0,0,0,3436272000,6438600,0,0,0,0,0,0,0,0,0,0,0,1097192000,0,0,0,0,0,0,0,0,0,0,0,0,0,0,0,0,0,0,0,0,0,0,0,0,0,0,0,0,0,0,0,0,0,0,0,0,0,0,0,0,0,0,0,0,0,0,0,0,0,0,0,0,0,0,0,0,0,0,0,0,0,0,0,0,0,154163800,0,0,0,0,0,0,0,0,0,0,0,0,0,0,0,0,0,2503900,0,0,69983978800,0,0,0,0,0,0,0,0,0,0,0,0,0,0,0,0,0,0,0,0,0,0,0,0,0,6634600,0,0,0,0,0,0,0,0,0,0,0,0,0,0,0,0,54781062400,0,0,33200,0,1694365400,0,0,0,0,3672318400,0,0,0,0,0,0,0,0,0,0,0
"UZB",0,0,0,0,0,0,0,0,0,0,0,0,0,0,0,0,0,0,0,0,0,0,0,0,0,0,0,0,0,0,0,0,0,0,0,0,0,0,0,0,0,0,0,0,0,0,0,0,0,0,0,0,0,0,0,0,0,0,0,0,0,0,0,0,0,0,0,0,0,0,0,0,0,0,0,0,0,0,0,0,0,0,0,0,0,0,0,0,0,0,0,0,0,0,0,0,0,0,0,0,0,0,0,0,0,0,0,0,0,0,0,0,0,0,0,0,0,0,0,0,0,0,0,0,0,0,0,0,0,0,0,0,0,0,0,0,0,0,0,0,0,0,0,0,0,0,0,0,0,0,0,0,0,0,0,0,0,0,0,0,0,0,0,0,0,0,0,0,0,0,0,0,0,0,0,0,0,0,0,0,0,0,0,0,0,0,0,0,0,0,0,0,0,0,0
"VEN",0,0,0,0,0,0,0,0,0,0,0,0,0,0,0,0,0,0,0,0,0,0,0,0,0,0,0,0,0,0,0,0,44207800,0,0,0,0,0,0,0,0,0,0,0,0,0,0,0,0,0,0,0,0,0,0,0,0,0,0,0,0,0,0,0,0,0,0,0,0,0,0,0,0,0,0,0,0,0,0,0,0,0,0,0,0,0,0,0,0,0,0,0,0,0,0,0,0,0,0,0,0,0,0,0,0,0,0,0,0,0,0,0,0,0,0,0,0,0,0,0,0,0,0,0,0,0,0,0,0,0,0,0,0,0,1288700,0,0,0,0,0,0,0,0,0,0,0,0,0,0,0,0,0,0,0,0,0,25455500,13279000,0,0,0,0,0,0,0,0,0,0,0,0,0,0,0,0,0,0,0,0,31217900,0,0,0,0,0,0,0,0,0,0,0,0,0,0,0,0
"VNM",0,0,0,0,0,0,4563717900,0,0,356592600,0,0,0,0,0,0,0,0,0,0,0,0,0,0,0,67169200,0,0,5654600,0,15537900,880090700,0,0,0,0,0,0,0,0,0,10260600,0,0,0,0,0,0,0,0,0,22035300,0,238762300,0,0,0,0,0,99592500,0,0,5443900,0,0,0,0,0,0,0,0,9108374800,0,0,0,2817500,661259900,0,0,0,0,0,0,406700,0,9432598000,0,0,1087721600,5273704800,0,714199500,0,0,2099519200,0,0,450800,0,0,0,0,0,4118391200,0,0,0,0,1587600,19315800,0,0,0,0,0,0,251659100,0,0,0,8859200,272459600,0,0,519400,0,0,54909400,0,61352900,0,0,53904900,0,0,0,553881300,0,159955600,0,0,0,15160600,0,0,0,0,0,0,0,3361400,0,0,19709490500,0,114297400,2038400,0,0,0,14048300,6272000,0,0,94579800,0,206982400,11784500,0,0,108196900,0,0,2837531200,0,0,223239100,0,431454800,0,52547600,0,4120900,0,0,0,0,0,318500,0,0,0,154776300,0,0
"ETH",0,0,0,0,0,0,30294400,0,0,0,0,0,0,0,0,0,0,0,0,0,0,0,0,0,0,16302400,0,0,0,0,0,4312000,0,0,0,0,0,0,0,0,0,0,0,0,0,0,0,0,0,0,0,0,0,12387200,0,281808800,0,0,0,49950000,0,0,0,0,0,0,0,0,0,0,0,0,0,0,8624000,0,0,29400,0,0,208293800,25872000,0,0,0,0,0,0,5194000,0,0,440400,0,0,0,12504800,0,0,0,0,0,0,0,0,0,0,0,0,0,0,0,0,293600,0,623900,0,7987100,0,0,0,0,0,0,0,0,220500,0,0,0,0,0,0,0,0,0,0,0,0,0,256900,0,0,0,0,0,0,0,0,0,63700,0,0,0,0,0,26778400,0,0,0,4385400,0,13082800,0,0,0,0,0,0,0,0,0,0,0,0,10231200,0,21855000,0,212730200,1468000,0,0,0,0,0,0,0,0,58800,0,0,0,191296000,292588800,0
"YEM",0,0,0,0,0,0,0,0,0,0,0,0,0,0,0,0,0,0,0,0,0,0,0,0,0,0,0,0,0,0,0,0,0,0,0,0,0,0,0,0,0,0,0,0,0,0,0,0,0,0,0,0,0,0,0,0,0,0,0,0,0,0,0,0,0,0,0,0,0,0,0,0,0,0,0,0,0,0,0,0,0,0,0,0,0,0,0,0,0,0,0,0,0,0,0,0,0,0,0,0,0,0,0,0,0,0,0,0,0,0,0,0,0,0,0,0,0,0,0,0,0,0,0,0,0,0,0,0,0,0,0,0,0,0,0,0,0,0,0,0,0,0,0,0,0,0,0,2229758000,0,0,0,0,0,0,0,0,0,0,0,0,0,0,0,0,0,0,0,0,0,0,5732000,0,0,33200,0,0,0,0,0,0,0,0,0,0,0,0,0,0,0,0,0,0,0,0,0
"COD",0,0,0,0,0,0,0,0,0,0,0,0,0,0,0,0,0,0,0,0,0,0,0,411600,0,0,0,0,0,0,0,0,0,0,4733400,0,0,0,0,0,0,0,0,0,0,0,0,0,0,0,0,0,0,744800,0,0,0,0,0,122500,0,0,0,0,0,0,0,0,0,0,0,0,0,0,0,0,0,0,0,24500,0,0,0,0,0,0,0,0,0,0,0,0,0,0,0,0,0,0,0,0,0,205800,0,0,0,0,0,0,0,0,0,0,0,0,0,0,970200,0,0,0,0,0,0,0,0,0,0,0,0,0,0,0,0,0,0,0,0,0,0,0,0,196000,0,0,0,0,0,0,0,0,0,0,0,0,0,0,0,0,0,0,0,191100,0,0,0,0,0,0,0,0,0,0,0,0,19600,0,0,0,0,0,0,0,0,0,0,0,0,1519000,1274000,0,0,0,0,0,0
"ZMB",0,0,0,0,0,0,0,0,0,0,0,0,0,0,0,0,0,0,0,0,0,0,0,0,0,0,0,0,0,0,0,0,0,0,0,0,0,0,0,0,0,0,0,0,0,0,0,0,0,0,0,0,0,0,0,0,0,0,0,0,0,0,0,0,0,0,0,0,0,0,0,0,0,0,0,0,0,0,0,0,0,0,0,0,0,0,0,0,0,0,0,0,0,0,0,0,0,0,0,0,0,0,0,0,0,0,0,0,0,0,0,0,986720000,0,0,0,0,0,0,0,0,0,0,0,0,0,0,0,0,0,0,0,0,0,0,0,0,0,0,40865075200,0,515200000,0,0,0,0,0,0,0,0,0,0,0,0,0,730100,0,0,0,0,0,0,0,0,0,3326640000,0,0,0,0,0,0,0,3052700,35990460000,0,1778700,0,0,0,0,0,0,0,0,0,111744500,0,245000,0,0,0,0,0,0
"BEL",74024000,12838000,47840000,131915183000,4312000,354198000,2277114000,6277965100,7924551000,221284000,0,1862123000,0,0,0,17248528000,927419232000,0,490000,0,0,367119000,7240032000,67137417000,36749304000,40309156700,595900000,502544000,18466115000,50797141000,919857000,207536518000,87002431000,0,122100319000,27489000,14754245000,22009819000,8418919400,544667000,65309774000,13288494700,0,21280802000,292138000,909262000,6119397000,38717280000,4314062000,843498900,0,0,1690084800,218081796200,5007255000,8526000,527715000,113833271000,1508251000,185820077200,0,34695406000,0,2475451200,0,0,34501492000,9106881000,19045472000,23600673000,55096846000,3866884000,1331813500,271458200,818552000,8780701000,60348207000,7241381000,5888000,6977307400,5523146000,55605793200,184313552000,746809000,382352000,283282276000,148474000,123648000,6654132000,5943503000,1617000,66823809000,996000,678916000,2155695000,6538461000,7951744000,7669977000,0,1907814500,53900,84523313000,0,78627572000,1078000,9481163000,858013600,1621900,12726490000,155949963000,26460000,30770573000,114618122000,27059000,16693216000,15092000,1962568037300,0,8342049000,1421000,0,10058347000,213440000,1683998000,496387988900,4180927000,2899104000,105347442000,701036600,750720000,39739000,120767970000,244463999000,3170440400,2464434400,9163000,0,0,757246000,257600000,1110581900,37747675000,24701702000,0,6694704000,0,147000,6517000,6368650000,1744400,3772367000,2332432600,420233800,87542338000,0,380318615000,43565910400,10161278000,0,2067792000,6592393400,7668502000,0,0,19730828000,82754671800,129045950200,34623577900,0,600695000,113827000,75657856000,2348674100,5491384000,3623338000,0,63376415500,5564319000,217794902000,50495678000,250557800,208432000,505363755000,345655495000,129304194000,0,245353562700,2605440000,0,18986870800,2630590300,78008000,6378061000,0,0
"LUX",0,0,0,0,0,0,0,1710132000,0,0,0,0,0,0,0,0,0,0,0,0,0,0,0,0,0,210700,0,0,0,0,0,45819900,2842000,0,0,0,0,0,537236000,0,0,0,0,0,0,0,0,0,0,0,0,0,0,12558842000,0,0,0,0,0,56683315700,0,0,0,6640000,0,0,0,0,0,0,0,4900,2989000,0,1323000,0,0,0,0,2793000,0,231231000,0,0,0,833000,0,0,0,0,0,0,0,0,0,0,0,0,0,0,0,0,0,0,0,0,0,0,0,0,0,0,0,0,0,0,32587603000,0,0,0,0,0,0,0,0,0,0,0,0,0,0,0,0,49000,49000,0,0,0,0,0,0,0,3479000,0,0,0,0,0,0,0,0,0,0,0,0,0,505778000,0,0,0,0,367500,0,0,14700,0,0,0,0,0,0,0,0,49000,0,0,1130479000,0,17767400,0,0,0,0,0,0,0,0,0,39841245000,0,0,0,0,0,0
"SRB",0,0,18400505200,0,0,0,42532000,95966500,0,0,0,0,0,0,0,0,0,0,0,0,0,11146860700,0,0,0,0,0,0,0,0,4032700,21119000,0,0,0,0,0,0,86720200,0,0,455700,0,0,0,0,0,0,0,0,0,0,0,32335700,0,0,0,0,0,22265600,146969391800,0,0,6664150400,0,0,0,0,0,0,0,0,10058176100,70493322800,0,0,0,339370400,0,0,163728600,378786100,0,0,0,0,0,0,0,0,0,0,0,0,0,0,0,0,0,0,0,0,53900,0,0,0,0,0,0,0,0,0,0,3320000,0,0,117600,0,0,27187849400,0,0,0,0,0,0,0,749700,112072800,0,0,0,0,7742000,0,0,0,0,0,0,53426518100,0,36800,0,0,0,0,0,0,0,0,472195500,56462700,0,0,0,0,0,0,0,646800,145667200,0,0,0,0,0,0,0,0,0,0,33266400,0,0,0,0,106746900,28459200,0,0,6640000,0,0,0,0,0,0,0,0,0,16297842300,0,0,0
"MNE",0,0,2337780200,0,0,0,58393300,0,0,0,0,0,0,0,0,0,0,0,0,0,0,0,0,0,0,23147600,0,0,0,0,0,0,0,0,0,0,0,0,98000,0,0,0,0,0,0,0,0,0,0,0,0,0,0,48260100,0,0,0,0,0,33045600,2401698500,0,0,0,0,0,0,0,0,0,0,0,0,1141219800,0,0,0,0,0,0,0,2293200,0,0,0,0,0,0,0,0,0,0,0,0,0,0,0,122500,0,0,0,0,0,0,0,0,0,0,0,0,0,0,0,0,0,0,0,0,0,145657400,0,0,0,0,0,0,0,0,0,0,0,0,0,5292000,0,0,0,0,0,0,0,0,0,0,0,0,0,0,0,0,0,0,0,0,0,0,0,0,0,0,29355900,0,0,0,0,0,0,0,0,0,0,0,0,0,0,0,249900,0,101072300,0,0,0,0,0,0,0,0,0,0,0,5341000,0,0,0,0
"SDN",0,0,0,0,0,0,0,0,0,0,0,0,0,0,0,0,0,0,0,0,0,0,0,0,0,0,0,0,0,0,0,0,0,0,0,0,0,0,0,0,0,0,0,0,0,0,0,0,0,0,0,0,0,0,0,0,0,0,0,0,0,0,0,0,0,0,0,0,0,0,0,0,0,0,0,0,0,0,0,0,0,0,0,0,0,0,0,0,0,0,0,0,0,0,0,0,0,0,0,0,0,0,0,0,0,0,0,0,0,0,0,0,0,0,0,0,0,0,0,0,0,0,0,0,0,0,0,0,0,0,0,0,0,0,0,0,0,0,0,0,0,0,0,0,0,0,0,0,0,0,0,0,0,0,0,0,0,0,0,0,0,0,0,0,0,0,0,0,0,0,0,0,0,0,0,0,0,0,0,0,0,0,0,0,0,0,0,0,0,0,0,0,0,0,0
"SSD",0,0,0,0,0,0,0,0,0,0,0,0,0,0,0,0,0,0,0,0,0,0,0,0,0,0,0,0,0,0,0,0,0,0,0,0,0,0,0,0,0,0,0,0,0,0,0,0,0,0,0,0,0,0,0,0,0,0,0,0,0,0,0,0,0,0,0,0,0,0,0,0,0,0,0,0,0,0,0,0,0,0,0,0,0,0,0,0,0,0,0,0,0,0,0,0,0,0,0,0,0,0,0,0,0,0,0,0,0,0,0,0,0,0,0,0,0,0,0,0,0,0,0,0,0,0,0,0,0,0,0,0,0,0,0,0,0,0,0,0,0,0,0,0,0,0,0,0,0,0,0,0,0,0,0,0,0,0,0,0,0,0,0,0,0,0,0,0,0,0,0,0,0,0,0,0,0,0,0,0,0,0,0,0,0,0,0,0,0,0,0,0,0,0,0
"PSE",0,0,0,0,0,0,0,0,0,0,0,0,0,0,0,0,0,0,0,0,0,0,0,0,0,0,0,0,0,0,0,0,0,0,0,0,0,0,0,0,0,0,0,0,0,0,0,0,0,0,0,0,0,0,0,0,0,0,0,0,0,0,0,0,0,0,0,0,0,0,0,0,0,0,0,0,0,0,0,0,0,0,0,0,0,0,0,0,0,0,0,0,0,0,0,0,0,0,0,0,0,0,0,0,0,0,0,0,0,0,0,0,0,0,0,0,0,0,0,0,0,0,0,0,0,0,0,0,0,0,0,0,0,0,0,0,0,0,0,0,0,0,0,0,0,0,0,0,0,0,0,0,0,0,0,0,0,0,0,0,0,0,0,0,0,0,0,0,0,0,0,0,0,0,0,0,0,0,0,0,0,0,0,0,0,0,0,0,0,0,0,0,0,0,0
