"","ARM","AFG","ALB","DZA","ATG","ARG","AUS","AUT","BHS","BHR","BRB","BGD","BMU","BTN","BOL","BWA","BRA","ARB","BLZ","SLB","BRN","BGR","MMR","BDI","CMR","CAN","CPV","CAF","LKA","TCD","CHL","CHN","COL","COM","COG","COK","CRI","CUB","CYP","AZE","BEN","DNK","DMA","DOM","BLR","ECU","EGY","SLV","GNQ","EST","FRO","FJI","FIN","FRA","PYF","DJI","GEO","GAB","GMB","DEU","BIH","GHA","KIR","GRC","GRL","GRD","GTM","GIN","GUY","HTI","HND","HKG","HUN","HRV","ISL","IND","IDN","IRN","IRQ","IRL","ISR","ITA","CIV","KAZ","JAM","JPN","JOR","KGZ","KEN","KHM","PRK","KOR","KWT","LVA","LAO","LBN","LSO","LBR","LBY","LTU","MAC","MDG","MWI","MYS","MDV","MLI","MLT","MRT","MUS","MEX","MNG","MAR","MOZ","MDA","NAM","NPL","NLD","ANT","NCL","MKD","VUT","NZL","NIC","NER","NGA","NOR","PAK","PAN","CZE","PNG","PRY","PER","PHL","POL","PRT","GNB","TLS","ERI","QAT","ZWE","ROU","RWA","RUS","KNA","LCA","VCT","STP","SAU","SEN","SYC","SLE","SVN","SVK","SGP","SOM","ZAF","ESP","SUR","TJK","SWZ","SWE","CHE","SYR","TKM","TWN","TZA","THA","TGO","TON","TTO","OMN","TUN","TUR","ARE","UGA","TUV","GBR","UKR","USA","BFA","URY","UZB","VEN","VNM","ETH","YEM","COD","ZMB","BEL","LUX","SRB","MNE","SDN","SSD","PSE"
"ARM",0,0,0,0,0,12044200,3273200,0,0,0,0,0,0,0,0,0,4900,0,0,0,0,382200,0,0,0,1470000,0,0,0,0,0,8143800,0,0,0,0,0,0,0,0,0,0,0,0,0,0,0,0,0,0,0,0,0,52895500,0,0,23512650,0,0,14700,0,0,0,3214400,0,0,0,0,0,0,0,0,0,0,0,0,0,0,21454650,0,0,0,0,0,0,0,0,0,0,0,0,0,0,3692150,0,0,0,0,0,3601500,0,0,0,0,0,0,0,0,0,0,0,0,0,0,0,0,0,0,0,0,0,0,0,0,0,0,0,0,4900,0,0,0,0,22179850,0,0,0,0,0,0,0,0,738368750,0,0,0,0,0,0,0,0,0,0,0,0,0,0,0,0,0,0,0,0,0,0,0,0,0,0,0,0,0,0,281750,0,0,0,11490500,102405100,0,11772250,0,0,0,0,0,0,0,24762150,0,0,0,0,0,0
"AFG",0,0,0,0,0,0,0,0,0,0,0,0,0,0,0,0,0,0,0,0,0,0,0,0,0,0,0,0,0,0,0,0,0,0,0,0,0,0,0,0,0,0,0,0,0,0,0,0,0,0,0,0,0,0,0,0,0,0,0,0,0,0,0,0,0,0,0,0,0,0,0,0,0,0,0,0,0,0,0,0,0,0,0,0,0,0,0,0,0,0,0,0,0,0,0,0,0,0,0,0,0,0,0,0,0,0,0,0,0,0,0,0,9780400,0,0,0,0,0,0,0,0,0,0,0,0,0,2536480000,0,0,0,0,0,0,0,0,0,0,0,0,0,0,0,0,0,0,0,0,0,0,0,0,0,0,0,0,0,0,0,0,0,0,0,0,0,0,0,0,0,0,0,0,0,0,0,0,0,0,0,0,0,0,313600,0,0,0,0,0,0,0,0,0,0,0,0,0
"ALB",0,0,0,0,0,0,0,0,0,0,0,0,0,0,0,0,0,0,0,0,0,0,0,0,0,0,0,0,0,0,0,4542300,0,0,0,0,0,0,0,0,0,0,0,0,0,0,0,0,0,0,0,0,0,249900,0,0,0,0,0,0,0,0,0,0,0,0,0,0,0,0,0,0,0,2381400,0,0,0,0,0,0,0,7100100,0,0,0,0,0,0,0,0,0,0,0,0,0,0,0,0,0,0,0,0,0,0,0,0,0,0,0,0,0,0,0,0,0,0,0,0,0,0,0,0,0,0,0,0,0,0,0,0,0,0,0,2793000,0,0,0,0,0,0,0,0,0,0,0,0,0,0,337711950,0,0,4571700,0,0,0,0,0,0,0,0,0,534100,0,0,0,0,0,0,0,0,0,0,0,0,0,0,837900,0,0,0,0,0,0,0,0,0,0,0,0,0,497350,19489750,0,0,0
"DZA",0,0,0,0,0,0,0,0,0,0,0,0,0,0,0,0,0,0,0,0,0,0,0,0,0,0,0,0,0,0,0,0,0,0,0,0,0,0,0,0,0,0,0,0,0,0,0,0,0,0,0,0,0,46298450,0,0,0,0,0,0,0,0,0,0,0,0,0,0,0,0,0,0,0,0,0,0,0,0,0,0,0,0,0,0,0,0,0,0,0,0,0,0,0,0,0,0,0,0,0,0,0,0,0,0,0,0,0,33200000,0,0,0,0,0,0,0,0,177850,0,0,0,0,0,0,460000,0,0,0,0,0,0,0,0,0,0,0,0,0,0,0,0,0,0,0,0,0,0,0,0,0,0,0,0,0,0,0,0,0,0,0,0,0,2450,0,0,0,0,0,2238950,0,0,0,0,0,0,0,0,0,0,0,0,0,0,0,0,0,0,0,0,26950,0,0,0,0,0,0
"ATG",0,0,0,0,0,0,0,0,0,0,0,0,0,0,0,0,0,0,0,0,0,0,0,0,0,0,0,0,0,0,0,0,0,0,0,0,0,0,0,0,0,0,0,0,0,0,0,0,0,0,0,0,0,0,0,0,0,0,0,0,0,0,0,0,0,0,0,0,0,0,0,0,0,0,0,0,0,0,0,0,0,0,0,0,0,0,0,0,2450,0,0,0,0,0,0,0,0,0,0,0,0,0,0,0,98000,0,0,0,0,0,0,0,0,0,0,0,0,0,0,0,0,0,0,0,0,0,0,0,0,0,0,0,0,0,0,0,0,0,0,0,0,0,0,0,0,58800,0,0,49545000,0,0,0,0,0,0,0,0,0,0,0,0,0,0,0,0,0,0,0,0,0,0,0,0,0,0,0,0,0,0,0,0,0,0,0,0,0,0,0,0,0,0,0,0,0,0
"ARG",0,0,0,0,0,0,0,0,0,0,0,0,0,0,0,0,3367070702400,0,0,0,0,0,0,0,0,0,0,0,0,0,246239327950,3831155500000,511824480000,0,0,0,0,0,0,0,0,0,0,0,0,0,0,0,0,0,0,0,0,0,0,0,0,0,0,0,0,0,0,0,0,0,0,0,0,0,0,0,0,0,0,0,0,0,0,0,0,0,0,0,0,0,0,0,0,0,0,0,215275440000,0,0,0,0,0,0,0,0,0,0,0,0,0,0,0,0,0,0,0,0,0,0,0,0,0,0,0,0,0,0,0,0,0,0,0,0,0,8347507600,0,0,0,0,0,0,0,0,0,0,0,0,0,0,0,0,932763960000,0,0,0,0,0,0,0,0,0,0,0,0,0,0,0,0,0,0,0,0,0,0,88843200000,0,0,227894760000,0,0,0,0,0,0,4694596900,0,0,0,0,0,0,0,0,0,0,0,0,0,0
"AUS",0,0,0,0,0,0,0,0,52848000,1258574900,0,579676500,0,0,0,0,205177487550,0,0,1657340400,226273850,0,45577529700,0,0,320813050,0,0,3080677650,0,12771600,2510889626300,159186250,0,439907200,81620800,0,0,0,0,3784880000,0,0,132560400,0,64651854000,647388000,263726200,0,0,0,7284843850,185224900,0,74707850,0,0,2337756800,0,3739850,0,198290100,46131900,0,0,0,165094950,0,33562150,0,0,7684593150,73400,0,0,10558765050,53590645950,319528420000,107977776000,0,29837100,367734000,5510614150,0,7248250,3467517162050,1.0458e+11,0,18056400,134023998750,0,351483230000,902597343200,67014200,0,18882150,0,146800,0,33525450,41522400,10854160000,143864000,22485503950,6606000,0,0,0,7252229600,534014548000,19561100,0,0,0,0,74965600,193825000,0,11216158750,0,724041700,124546344500,0,0,5342914450,80850,4893017150,0,0,25169265750,110100,257302844000,959281494100,189720650,0,0,169982350,0,935536701600,0,0,0,0,0,0,0,0,6209655111600,146341250,0,342557800,0,0,114991519350,0,54434866400,6640000,0,0,0,0,0,0,0,104712339900,11479760000,3383753914700,437920000,8734600,0,250118840000,0,5835300,781284131850,0,0,591054000,0,1891644000,2971600000,7688650,0,0,2850089544400,94953646400,0,18284443400,0,13817550,0,0,0,0,0,0
"AUT",0,0,2163318050,0,7350,0,80977400,0,264600,0,0,0,0,0,0,0,1106000,0,0,0,0,30575025500,0,0,0,640361400,0,0,0,0,153607900,554938500,2300000,0,0,0,0,88559200,296800,379092800,0,302190100,0,262150,269511100,0,0,0,0,90793300,0,0,18762950,2000094850,0,0,28687550,0,0,71943462200,18273884200,0,0,121300650,0,0,0,0,0,0,0,32001900,11348601900,43350659550,4900,4900,4900,201236600,0,95997800,143151050,210648626550,0,256891800,0,439788450,0,0,0,0,0,1015484600,120050,1805401500,0,24540450,0,0,0,1123377650,0,0,0,235241650,9055200,0,19691150,0,0,26466250,43386550,0,0,0,161700,0,34578343450,0,2450,5159600500,0,12643250,0,0,26950,249900,66150,855050,50447680800,0,5762400,0,7350,34773917900,95497100,0,0,0,85750,0,44150214500,0,6550353400,0,0,0,0,47159200,17150,0,0,16309369650,2037929150,169545000,0,13422550,23431450,0,0,0,382672300,4670043200,0,0,56935550,0,1308000,0,0,0,34300,4900,82568400,106736900,0,0,870934500,550423150,1482818050,0,0,0,0,40300050,0,0,0,0,250508550,5011450,3107012000,1658450,0,0,0
"BHS",0,0,0,0,0,0,0,0,0,0,0,0,0,0,0,0,0,0,0,0,0,0,0,0,0,0,0,0,0,0,0,0,0,0,0,0,0,0,0,0,0,0,0,0,0,0,0,0,0,0,0,0,0,0,0,0,0,0,0,0,0,0,0,0,0,0,0,0,0,0,0,0,0,0,0,0,0,0,0,22050,0,0,0,0,0,0,0,0,0,0,0,0,0,0,0,0,0,0,0,0,0,0,0,0,0,0,0,0,0,0,0,0,0,0,0,0,29400,0,0,0,0,0,0,0,0,0,0,0,0,0,0,0,0,0,0,0,0,0,0,0,0,0,0,0,0,0,0,0,0,0,0,0,0,0,0,0,0,0,0,0,0,0,0,0,0,0,0,0,0,0,0,0,0,0,0,0,0,0,61250,0,0,0,0,0,0,0,0,0,0,0,0,0,0,0,0
"BHR",0,0,0,0,0,0,0,0,0,0,0,0,0,0,0,0,0,0,0,0,0,0,0,0,0,0,0,0,0,0,0,0,0,0,0,0,0,0,0,0,0,0,0,0,0,0,0,0,0,0,0,0,0,0,0,0,0,0,0,0,0,0,0,0,0,0,0,0,0,0,0,0,0,0,0,0,0,0,0,0,0,0,0,0,0,0,0,0,0,0,0,0,0,0,0,0,0,0,0,0,0,0,0,0,0,0,0,0,0,0,0,0,0,0,0,0,0,0,0,0,0,0,0,0,0,0,0,0,0,0,0,0,0,0,0,0,0,0,0,0,0,0,0,0,0,0,0,0,0,0,0,0,0,0,0,0,0,0,0,0,0,0,0,0,0,0,0,0,0,0,0,0,0,6313650,0,0,1960000,0,0,0,0,0,0,0,0,0,0,0,1119650,0,0,0,0,0,0
"BRB",0,0,0,0,51570050,0,0,0,325850,0,0,0,0,0,0,0,0,0,0,0,0,0,0,0,0,0,0,0,0,0,0,0,0,0,0,0,0,0,0,0,0,0,4900,0,0,0,0,0,0,0,0,0,0,21395850,0,0,0,0,0,0,0,0,0,0,0,5468400,0,0,0,0,0,0,0,0,0,0,0,0,0,31850,0,0,0,0,4900,0,0,0,0,0,0,0,0,0,0,0,0,0,0,0,0,0,0,0,0,0,0,0,0,26950,0,0,0,0,0,0,0,0,0,0,0,0,0,0,0,0,0,0,0,0,0,0,0,0,0,0,0,0,0,0,0,0,0,2160700,44100,177450,0,0,0,0,0,0,0,0,0,0,0,2450,0,0,0,0,0,0,0,0,0,0,0,19085500,0,0,0,0,0,0,40390700,0,42593250,0,0,0,0,0,0,0,0,0,0,0,0,0,0,0,0
"BGD",0,0,0,0,0,0,0,0,0,6860000,0,0,0,0,0,0,0,0,0,0,0,0,0,0,0,0,0,0,0,0,0,0,0,0,0,0,0,0,0,0,0,18350,0,0,0,0,0,0,0,0,0,0,0,0,0,0,0,0,0,0,0,0,0,0,0,0,0,0,0,0,0,0,0,0,0,0,0,0,0,0,0,0,0,0,0,0,0,0,0,0,0,0,0,0,0,0,0,0,0,0,0,0,0,39840000,0,0,0,0,8808000,0,0,0,0,0,0,0,564400,0,0,0,0,0,0,0,0,0,0,0,0,0,0,0,0,0,0,0,0,0,45838300,0,0,0,0,0,0,0,0,0,0,0,0,0,0,10770600,0,0,0,0,0,0,0,0,0,0,0,0,0,0,0,0,0,0,0,0,0,0,0,0,0,0,0,0,0,0,0,0,0,0,0,0,0,0,0,0,0
"BMU",0,0,0,0,0,0,0,0,0,0,0,0,0,0,0,0,0,0,0,0,0,0,0,0,0,0,0,0,0,0,0,0,0,0,0,0,0,0,0,0,0,0,0,0,0,0,0,0,0,0,0,0,0,0,0,0,0,0,0,0,0,0,0,0,0,0,0,0,0,0,0,0,0,0,0,0,0,0,0,0,0,0,0,0,0,0,0,0,0,0,0,0,0,0,0,0,0,0,0,0,0,0,0,0,0,0,0,0,0,0,0,0,0,0,0,0,0,0,0,0,0,0,0,0,0,0,0,0,0,0,0,0,0,0,0,0,0,0,0,0,0,0,0,0,0,0,0,0,0,0,0,0,0,0,0,0,0,0,0,0,0,0,0,0,0,0,0,0,0,0,0,0,0,0,0,0,0,0,0,0,0,0,0,0,0,0,0,0,0,0,0,0,0,0,0
"BTN",0,0,0,0,0,0,0,0,0,0,0,0,0,0,0,0,0,0,0,0,0,0,0,0,0,0,0,0,0,0,0,0,0,0,0,0,0,0,0,0,0,0,0,0,0,0,0,0,0,0,0,0,0,0,0,0,0,0,0,0,0,0,0,0,0,0,0,0,0,0,0,0,0,0,0,717435950,0,0,0,0,0,0,0,0,0,0,0,0,0,0,0,0,0,0,0,0,0,0,0,0,0,0,0,0,0,0,0,0,0,0,0,0,0,0,0,0,0,0,0,0,0,0,0,0,0,0,0,0,0,0,0,0,0,0,0,0,0,0,0,0,0,0,0,0,0,0,0,0,0,0,0,0,0,121800,0,0,0,0,0,0,0,0,0,0,0,0,0,0,0,0,0,0,0,0,0,0,0,0,0,0,0,0,0,0,0,0,0,0,0,0,0,0,0,0,0
"BOL",0,0,0,0,0,0,0,0,0,0,0,0,0,0,0,0,2450,0,0,0,0,0,0,0,0,0,0,0,0,0,29130500,0,0,0,0,0,0,0,0,0,0,0,0,0,0,0,0,0,0,0,0,0,0,0,0,0,0,0,0,0,0,0,0,0,0,0,0,0,0,0,0,0,0,0,0,0,0,0,0,0,0,0,0,0,0,0,0,0,0,0,0,0,0,0,0,0,0,0,0,0,0,0,0,0,0,0,0,0,0,0,0,0,0,0,0,0,0,0,0,0,0,0,0,0,0,0,0,0,0,0,0,0,0,0,0,0,0,0,0,0,0,0,0,0,0,0,0,0,0,0,0,0,0,0,0,0,26409400,0,0,0,0,0,0,0,0,0,0,0,0,0,0,0,0,0,0,0,0,0,4740750,0,0,0,0,0,0,0,0,0,0,0,0,0,0,0,0
"BWA",0,0,0,0,0,0,0,0,0,0,0,0,0,0,0,0,0,0,0,0,0,0,0,0,0,0,0,0,0,0,0,0,0,0,0,0,0,0,0,0,0,0,0,0,0,0,0,0,0,0,0,0,0,0,0,0,0,0,0,110400,0,0,0,0,0,0,0,0,0,0,0,0,0,0,0,0,0,0,0,0,0,2450,0,0,0,0,0,0,0,0,0,0,0,0,0,0,0,0,0,0,0,0,0,0,0,0,0,0,0,0,0,0,0,0,87238200,0,0,0,0,0,0,0,0,0,0,0,0,0,0,0,0,0,0,0,0,0,0,0,0,9800,0,0,0,0,0,0,0,0,0,0,0,0,0,0,0,141145950,0,0,0,0,0,0,0,0,0,0,0,0,0,0,0,0,0,0,0,0,0,0,0,0,0,0,0,0,0,0,0,17292100,0,0,0,0,0,0,0
"BRA",0,7350,0,0,2736100,15499659550,11343500,0,9015450,322850,450800,4900,0,0,11769349200,0,0,0,0,0,0,6580700,0,0,41650,144550,588000,0,0,0,5324883900,61725300,718048350,7350,22050,0,0,0,6790300,0,0,1109850,0,0,0,695910250,0,0,0,0,0,0,0,95676250,0,0,0,0,0,11865350,230300,0,0,5208700,0,0,0,0,4601100,0,3670100,14656150,0,394450,49000,597800,2450,82750,0,21447300,0,416500,0,0,0,5573750,95550,0,0,0,36750,1313200,0,0,0,173950,0,27607600,0,0,0,0,0,2450,0,0,13366900,0,0,78537200,0,0,0,0,0,0,60007850,0,0,0,46550,553700,0,0,0,10527650,0,31804250,17150,0,81905569950,371886050,1391600,186200,68524050,0,0,0,51450,0,0,0,0,0,2450,0,0,0,98000,0,0,524300,9800,19121700,0,78400,53900,0,0,9800,36750,4164450,0,0,14700,0,1984500,0,0,0,0,0,624750,26950,0,2450,32964200,0,243783750,0,6649271750,0,206890250,837900,0,0,0,0,18402739800,7350,0,0,0,0,0
"ARB",0,0,0,0,0,0,0,0,0,0,0,0,0,0,0,0,0,0,0,0,0,0,0,0,0,0,0,0,0,0,0,0,0,0,0,0,0,0,0,0,0,0,0,0,0,0,0,0,0,0,0,0,0,0,0,0,0,0,0,0,0,0,0,0,0,0,0,0,0,0,0,0,0,0,0,0,0,0,0,0,0,0,0,0,0,0,0,0,0,0,0,0,0,0,0,0,0,0,0,0,0,0,0,0,0,0,0,0,0,0,0,0,0,0,0,0,0,0,0,0,0,0,0,0,0,0,0,0,0,0,0,0,0,0,0,0,0,0,0,0,0,0,0,0,0,0,0,0,0,0,0,0,0,0,0,0,0,0,0,0,0,0,0,0,0,0,0,0,0,0,0,0,0,0,0,0,0,0,0,0,0,0,0,0,0,0,0,0,0,0,0,0,0,0,0
"BLZ",0,0,0,0,0,0,0,0,2910600,0,0,0,0,0,0,0,0,0,0,0,0,0,0,0,0,0,0,0,0,0,0,0,0,0,0,0,0,0,0,0,0,0,0,142100,0,0,0,0,0,0,0,0,0,0,0,0,0,0,0,0,0,0,0,0,0,0,0,0,0,0,58065000,0,0,0,0,0,0,0,0,0,0,0,0,0,0,0,0,0,0,0,0,0,0,0,0,0,0,0,0,0,0,0,0,0,0,0,0,0,0,18833537100,0,0,0,0,0,0,0,0,0,0,0,0,0,0,0,0,0,0,0,0,0,0,0,0,0,0,0,0,0,0,0,0,0,0,0,48830950,0,0,0,0,0,0,0,0,0,0,14112000,0,0,0,0,0,0,0,0,0,0,0,0,0,0,0,0,0,0,0,0,0,0,0,0,0,0,0,0,0,0,0,0,0,0,0,0,0,0
"SLB",0,0,0,0,0,0,0,0,0,0,0,0,0,0,0,0,0,0,0,0,0,0,0,0,0,0,0,0,0,0,0,0,0,0,0,0,0,0,0,0,0,0,0,0,0,0,0,0,0,0,0,0,0,0,0,0,0,0,0,0,0,0,5142550,0,0,0,0,0,0,0,0,0,0,0,0,0,0,0,0,0,0,0,0,0,0,0,0,0,0,0,0,0,0,0,0,0,0,0,0,0,0,0,0,0,0,0,0,0,0,0,0,0,0,0,0,0,0,0,0,0,0,0,0,0,0,0,0,0,0,0,0,0,0,0,0,0,0,0,0,0,0,0,0,0,0,0,0,0,0,0,0,0,0,0,0,0,0,0,0,0,0,0,0,0,0,0,0,0,0,0,0,0,0,0,0,0,0,0,0,0,0,0,0,0,0,0,0,0,0,0,0,0,0,0,0
"BRN",0,0,0,0,0,0,0,0,0,0,0,0,0,0,0,0,0,0,0,0,0,0,0,0,0,0,0,0,0,0,0,0,0,0,0,0,0,0,0,0,0,0,0,0,0,0,0,0,0,0,0,0,0,0,0,0,0,0,0,0,0,0,0,0,0,0,0,0,0,0,0,0,0,0,0,0,0,0,0,0,0,0,0,0,0,0,0,0,0,0,0,0,0,0,0,0,0,0,0,0,0,0,0,2427100,0,0,0,0,0,0,0,0,0,0,0,0,0,0,0,0,0,0,0,0,0,0,0,0,0,0,0,0,0,0,0,0,0,0,0,0,0,0,0,0,0,0,0,0,0,0,0,0,0,0,0,0,0,0,0,0,0,0,0,0,0,0,0,0,0,0,0,0,0,0,0,0,0,0,0,0,0,0,0,0,0,0,0,0,0,0,0,0,0,0,0
"BGR",69387600,0,0,5.478e+10,460600,0,3292800,1766450,0,0,0,0,0,0,0,0,0,0,0,0,0,0,0,0,0,0,0,0,0,0,0,6507200,0,0,0,0,0,0,102685148350,0,0,3670100,0,0,0,0,0,0,0,0,0,0,0,262150000,0,0,7468750,0,0,171004500,0,0,0,291550873600,0,0,0,0,0,0,0,144550,29169750,25983600,0,0,0,0,0,281750,88657280000,4471203900,0,0,0,0,0,0,0,0,0,0,0,5679100,0,9135179200,0,276850,243482541800,0,0,0,0,0,0,0,2849350,0,0,0,0,95557070000,0,4047400,0,0,94986500,0,0,688167350,0,0,0,0,0,0,0,110250,490000,0,0,0,0,15334550,10029891500,0,0,0,45716400,0,106591748700,0,1058400,0,0,0,0,0,0,0,0,15353250,0,68600,0,0,104254372700,0,0,0,0,557200,10809388800,0,0,0,0,0,0,0,786275600,128771512000,41090179200,0,0,0,121904650,0,29181950,0,0,0,0,0,0,0,0,0,635821350,0,82672800,10128300,0,0,0
"MMR",0,0,0,0,0,0,0,0,0,0,0,0,0,0,0,0,0,0,0,0,0,0,0,0,0,0,0,0,0,0,0,0,0,0,0,0,0,0,0,0,0,0,0,0,0,0,0,0,0,0,0,0,0,0,0,0,0,0,0,0,0,0,0,0,0,0,0,0,0,0,0,0,0,0,0,0,0,0,0,0,0,0,0,0,0,0,0,0,0,0,0,0,0,0,0,0,0,0,0,0,0,0,0,0,0,0,0,0,0,0,0,0,0,0,0,0,0,0,0,0,0,0,0,0,0,0,0,0,0,0,0,0,0,0,0,0,0,0,0,0,0,0,0,0,0,0,0,0,0,0,0,0,0,0,0,0,0,0,0,0,0,0,0,0,0,0,0,0,0,0,0,0,0,0,0,0,0,0,0,0,0,0,0,0,0,0,0,0,0,0,0,0,0,0,0
"BDI",0,0,0,0,0,0,0,0,0,0,0,0,0,0,0,0,0,0,0,0,0,0,0,0,0,0,0,0,0,0,0,0,0,0,0,0,0,0,0,0,0,0,0,0,0,0,0,0,0,0,0,0,0,0,0,0,0,0,0,0,0,0,0,0,0,0,0,0,0,0,0,0,0,0,0,0,0,0,0,0,0,0,0,0,0,0,0,0,0,0,0,0,0,0,0,0,0,0,0,0,0,0,0,0,0,0,0,0,0,0,0,0,0,0,0,0,0,0,0,0,0,0,0,0,0,0,0,0,0,0,0,0,0,0,0,0,0,0,0,0,0,0,0,0,0,0,0,0,0,0,0,0,0,0,0,0,0,0,0,0,0,0,0,0,0,1685845000,0,0,0,0,0,0,0,0,0,0,0,0,0,0,0,0,0,0,0,0,9852742450,0,0,0,0,0,0,0,0
"CMR",0,0,0,0,0,0,0,0,0,0,0,0,0,0,0,0,0,0,0,0,0,0,0,0,0,36700,0,5465283550,0,0,0,0,0,0,279856150,0,0,0,0,0,6422500,0,0,0,0,0,0,0,0,0,0,0,926100,120309700,0,0,0,0,0,5018200,0,0,0,0,0,0,0,0,0,0,0,0,0,0,0,0,0,0,0,200900,0,0,0,0,0,0,0,0,0,0,0,0,0,0,0,0,0,0,0,0,0,0,0,0,0,0,0,0,0,0,0,19600,0,0,0,0,9800,0,0,0,0,0,0,0,0,0,0,0,0,0,0,0,0,0,0,0,0,0,0,0,0,0,0,0,0,0,0,0,256900,0,0,0,0,0,0,29400,0,0,0,0,0,0,0,0,0,0,0,0,0,0,0,0,0,4900,0,0,6889400,0,40172650,0,0,0,0,0,0,0,12250,0,18240250,0,0,0,0,0,0
"CAN",0,0,0,0,0,16410702400,1854168000,0,0,0,0,0,0,0,0,0,42431498400,0,3357319200,0,0,0,0,0,0,0,0,0,0,0,0,8934735860000,31251829600,0,0,0,0,1232800,0,0,0,0,0,0,0,0,0,0,0,0,0,0,0,3735200,0,0,0,0,0,0,0,0,0,0,0,0,2930733600,0,79680000,0,0,0,0,0,0,0,0,0,0,0,0,0,0,584480000,0,1356692688000,0,0,0,0,0,71835487200,0,0,0,0,0,0,0,1030860000,0,0,0,205840000,0,0,0,0,0,393208142400,0,0,0,0,0,0,0,0,0,0,0,39560000,938400000,0,0,0,0,19920000,0,0,0,1696056800,0,0,0,0,0,0,0,0,0,0,4980000,0,0,0,0,0,0,0,0,0,0,7672800,0,0,0,0,0,0,0,0,0,0,36800000,0,0,0,0,0,0,0,0,0,0,0,0,238230800,1653217316050,0,0,0,204180000,177620000,0,0,0,0,4980000,0,0,0,0,0,0
"CPV",0,0,0,0,0,0,0,0,0,0,0,0,0,0,0,0,0,0,0,0,0,0,0,0,0,0,0,0,0,0,0,0,0,0,0,0,0,0,0,0,0,0,0,0,0,0,0,0,0,0,0,0,0,0,0,0,0,0,0,0,0,0,0,0,0,0,0,0,0,0,0,0,0,0,0,0,0,0,0,0,0,0,0,0,0,0,0,0,0,0,0,0,0,0,0,0,0,0,0,0,0,0,0,0,0,0,0,0,0,0,0,0,0,0,0,0,0,0,0,0,0,0,0,0,0,0,0,0,0,0,0,0,0,0,4483500,0,0,0,0,0,0,0,0,0,0,0,0,0,0,0,0,0,0,0,0,0,0,0,0,0,0,0,0,0,0,0,0,0,0,0,0,0,0,0,0,0,0,0,0,0,0,0,0,0,0,0,0,0,0,0,0,0,0,0,0
"CAF",0,0,0,0,0,0,0,0,0,0,0,0,0,0,0,0,0,0,0,0,0,0,0,0,0,0,0,0,0,0,0,0,0,0,0,0,0,0,0,0,0,0,0,0,0,0,0,0,0,0,0,0,0,7350,0,0,0,0,0,0,0,0,0,0,0,0,0,0,0,0,0,0,0,0,0,0,0,0,0,0,0,0,0,0,0,0,0,0,0,0,0,0,0,0,0,0,0,0,0,0,0,0,0,0,0,0,0,0,0,0,0,0,0,0,0,0,0,0,0,0,0,0,0,0,0,0,0,0,0,0,0,0,0,0,0,0,0,0,0,0,0,0,0,0,0,0,0,0,0,0,0,0,0,0,0,0,0,0,0,0,0,0,0,0,0,0,0,0,0,0,0,0,0,0,0,0,0,0,0,0,0,0,0,0,0,0,0,0,0,0,0,0,0,0,0
"LKA",0,0,0,0,0,0,80569350,0,0,22079400,0,739900,0,0,0,4140500,0,0,0,0,0,0,0,0,0,33340150,0,0,0,0,0,70074900,0,0,0,0,0,0,0,0,0,0,0,0,0,0,0,0,0,0,0,37891700,0,34975150,0,0,0,0,0,9034250,0,0,0,0,0,0,0,0,0,0,0,4527600,0,2535750,0,9030700,0,0,22344000,0,0,23186800,0,0,0,29803950,0,0,0,0,0,28721350,0,0,0,0,0,0,0,0,0,0,0,50781150,522402750,0,0,0,0,0,0,0,0,0,0,0,64077300,0,0,0,0,511600,0,0,0,166000,0,0,0,0,0,0,0,0,0,0,0,0,782628000,0,0,149205000,0,0,0,0,0,0,0,0,0,0,0,5926550,0,0,0,0,0,24500,92000,20197400,0,0,0,0,4172350,0,7955150,0,48510000,0,0,291361350,2642927700,0,50129450,0,9080600,0,0,0,0,0,0,0,0,4743200,2450,0,0,0,899637550,0,0
"TCD",0,0,0,0,0,0,0,0,0,0,0,0,0,0,0,0,0,0,0,0,0,0,0,0,0,0,0,0,0,0,0,0,0,0,0,0,0,0,0,0,0,0,0,0,0,0,0,0,0,0,0,0,0,0,0,0,0,0,0,0,0,0,0,0,0,0,0,0,0,0,0,0,0,0,0,0,0,0,0,0,0,0,0,0,0,0,0,0,0,0,0,0,0,0,0,0,0,0,0,0,0,0,0,0,0,0,0,0,0,0,0,0,0,0,0,0,0,0,0,0,0,0,0,0,0,0,0,0,0,0,0,0,0,0,0,0,0,0,0,0,0,0,0,0,0,0,0,0,0,0,0,0,0,0,0,0,0,0,0,0,0,0,0,0,0,0,0,0,0,0,0,0,0,0,0,0,0,0,0,0,0,0,0,0,0,0,0,0,0,0,0,0,0,0,0
"CHL",0,0,0,0,0,5703832050,1374450,0,0,0,0,2671906800,0,0,27352249600,0,2810971050,0,0,0,0,0,0,0,0,169752100,0,0,0,0,0,0,800979150,0,0,0,2781493000,66060000,0,0,0,0,0,915427800,0,7046136650,2848507200,190197750,0,0,0,0,1467550,6474000,0,0,0,0,0,901600,0,0,0,0,0,0,8064108650,0,0,0,448584100,0,0,0,0,0,0,0,0,0,0,0,0,0,0,176178350,0,0,0,0,0,361495000,0,0,0,0,0,0,0,0,0,0,0,0,0,0,0,0,0,159838250,0,0,0,0,0,0,837900,0,0,0,0,110100,0,0,0,0,0,5317422950,0,0,3540965400,32529118550,0,0,0,0,0,0,78042550,0,0,0,0,0,0,0,0,0,0,0,0,0,0,350350,0,0,1418550,0,0,0,0,102900,0,0,0,0,0,0,0,0,0,0,0,50010062400,0,0,0,0,5478623250,0,224520450,0,29481700,0,0,0,0,0,0,0,0,0,0,0,0
"CHN",0,0,0,0,0,7401450,2903211100,0,0,5154800,0,135714150,0,0,0,0,18638625200,0,0,0,0,0,149433347200,0,35136640000,558101900,0,0,25619258400,0,0,0,21834400,0,0,0,34023150,161330050,6029450,0,0,38386600,0,15623650,0,0,0,1903650,6178900,1460200,0,28503300,108909850,1923714450,0,12588100,0,0,7320600,135579750,0,0,201336100,18348050,0,0,0,0,0,0,0,35376446550,11289600,0,6568450,506485950,10841503700,149450,0,0,254564800,1155067200,0,143163300,88349450,13094153100,49347900,0,204971900,26195410600,5701638700,45494957700,0,0,88480172000,0,0,578327400,0,5595800,3620670900,0,0,46274558450,0,0,2381400,0,6296500,48449711350,37128240950,0,0,0,0,2991450,360447700,0,0,0,36558900,142401600,0,0,7984550,26021450,4795904800,4334050,0,3949376000,0,2998800,151714412850,5201350,49683550,0,152654600,0,0,0,6899200,0,4670922550,0,0,0,0,0,0,0,21297850,18642050,0,105240266000,0,18962646550,175701750,0,0,0,62244700,5821250,0,0,195424472100,0,288822332350,0,4745650,0,4123350,0,2594550,15060500350,0,0,1146541700,0,1716682350,0,37391900,0,0,158773099100,0,0,3199700,0,212320700,0,0,0,0,0,0
"COL",0,0,0,0,0,0,11463550,0,0,0,6325920000,0,0,0,0,0,0,0,0,0,0,0,0,0,0,58463100,0,0,0,0,3753400,1396500,0,0,0,0,0,0,0,0,0,0,0,15324668900,0,34482677050,0,6.44e+08,0,0,0,0,0,0,0,0,0,0,0,0,0,0,0,0,0,0,18186504800,0,0,0,10537992800,0,0,0,0,0,0,0,0,0,41650,0,0,0,0,0,0,0,0,0,0,0,0,0,0,0,0,0,0,0,0,0,0,0,0,0,0,0,0,61455129350,0,0,0,0,0,0,0,0,0,0,0,171500,0,0,2.024e+10,0,0,17486523750,0,0,0,39289273050,0,0,0,0,0,0,0,0,0,0,0,0,0,2458865600,0,0,0,0,0,0,0,10184250,0,0,129505950,0,0,0,0,2359350,0,0,0,0,0,0,0,0,0,0,0,0,0,0,8920450,0,3097058600,0,0,0,0,0,0,0,0,0,0,0,0,0,0,0,0
"COM",0,0,0,0,0,0,0,0,0,0,0,0,0,0,0,0,0,0,0,0,0,0,0,0,0,0,0,0,0,0,0,0,0,0,0,0,0,0,0,0,0,0,0,0,0,0,0,0,0,0,0,0,0,0,0,0,0,0,0,0,0,0,0,0,0,0,0,0,0,0,0,0,0,0,0,0,0,0,0,0,0,0,0,0,0,0,0,0,0,0,0,0,0,0,0,0,0,0,0,0,0,0,0,0,0,0,0,0,0,0,0,0,0,0,0,0,0,0,0,0,0,0,0,0,0,0,0,0,0,0,0,0,0,0,0,0,0,0,0,0,0,0,0,0,0,0,0,0,0,0,0,0,0,0,0,0,0,0,0,0,0,0,0,0,0,0,0,0,0,0,0,0,0,0,0,0,0,0,0,0,0,0,0,0,0,0,0,0,0,0,0,0,0,0,0
"COG",0,0,0,0,0,0,0,0,0,0,0,0,0,0,0,0,0,0,0,0,0,0,0,0,0,0,0,0,0,0,0,0,0,0,0,0,0,0,0,0,0,0,0,0,0,0,0,0,0,0,0,0,0,950600,0,0,0,0,0,0,0,0,0,0,0,0,0,0,0,0,0,0,0,0,0,0,0,0,0,0,0,0,0,0,0,0,0,0,0,0,0,0,0,0,0,0,0,0,0,0,0,0,0,0,0,0,0,0,0,0,0,0,0,0,0,0,0,0,0,0,0,0,0,0,0,0,0,0,0,0,0,0,0,0,0,0,0,0,0,0,0,0,0,0,0,0,0,0,0,0,0,0,0,0,0,0,0,0,0,0,0,0,0,0,0,0,0,0,0,0,0,0,0,0,0,0,0,0,0,0,0,0,0,0,0,0,0,0,0,0,0,0,0,0,0
"COK",0,0,0,0,0,0,0,0,0,0,0,0,0,0,0,0,0,0,0,0,0,0,0,0,0,0,0,0,0,0,0,0,0,0,0,0,0,0,0,0,0,0,0,0,0,0,0,0,0,0,0,0,0,0,0,0,0,0,0,0,0,0,0,0,0,0,0,0,0,0,0,0,0,0,0,0,0,0,0,0,0,0,0,0,0,0,0,0,0,0,0,0,0,0,0,0,0,0,0,0,0,0,0,0,0,0,0,0,0,0,0,0,0,0,0,0,0,0,0,0,0,0,0,0,0,0,0,0,0,0,0,0,0,0,0,0,0,0,0,0,0,0,0,0,0,0,0,0,0,0,0,0,0,0,0,0,0,0,0,0,0,0,0,0,0,0,0,0,0,0,0,0,0,0,0,0,0,0,0,0,0,0,0,0,0,0,0,0,0,0,0,0,0,0,0
"CRI",0,0,0,0,0,0,0,0,0,0,0,0,0,0,0,0,0,0,0,0,0,0,0,0,0,0,0,0,0,0,0,0,0,0,0,0,0,0,0,0,0,0,0,13193650,0,0,0,627182200,0,0,0,0,0,0,0,0,0,0,0,9800,0,0,0,0,0,0,480718800,0,0,0,19372150,0,0,0,0,0,0,0,0,0,0,0,0,0,0,71050,0,0,0,0,0,0,0,0,0,0,0,0,0,0,0,0,0,0,0,0,0,0,0,7340000,0,0,0,0,0,0,0,0,0,0,0,0,283949100,0,0,0,0,3640727250,0,0,0,0,0,0,0,0,0,0,0,0,0,0,0,0,0,0,0,0,0,0,0,0,0,0,0,0,166600,0,0,0,0,0,0,0,0,0,0,0,0,0,0,0,0,0,0,0,0,0,246639050,0,0,0,2450,0,0,0,0,0,0,0,0,0,0,0,0
"CUB",0,0,0,0,0,0,0,0,0,0,0,0,0,0,0,0,0,0,0,0,0,0,0,0,0,0,0,0,0,0,0,0,0,0,0,0,0,0,0,0,0,0,0,0,0,0,0,0,0,0,0,0,0,0,0,0,0,0,0,7947800,0,0,0,0,0,0,0,0,0,0,0,0,0,0,0,0,0,0,0,0,0,49000,0,0,0,0,0,0,0,0,0,0,0,0,0,0,0,0,0,0,0,0,0,44100,215600,0,0,0,0,0,0,0,0,0,0,0,5071500,0,0,0,0,0,0,0,0,0,0,0,0,0,0,0,0,0,0,0,0,0,0,0,0,0,0,0,0,0,0,0,0,0,0,0,0,0,0,0,20758850,0,0,0,0,2450,0,0,0,0,0,0,0,0,0,0,0,0,0,0,0,0,0,0,0,0,0,0,0,0,0,0,0,0,0,0,0,0,0
"CYP",0,0,0,0,4387950,0,4304650,0,0,0,0,0,0,0,0,0,0,0,0,0,0,0,0,0,0,0,0,0,0,0,0,261645300,0,0,0,0,0,0,0,0,0,0,0,0,0,0,0,0,0,0,0,0,2538200,962850,0,0,0,0,0,0,0,0,0,108288350,0,0,0,0,0,0,0,0,0,0,0,0,0,0,0,0,3456950,0,0,0,0,0,4194400,0,0,0,0,0,0,45523450,0,75545750,0,0,0,0,0,0,0,0,0,0,0,0,0,0,0,0,0,0,0,0,0,0,0,0,0,0,0,0,0,0,0,0,0,0,0,0,0,0,0,0,0,0,0,0,0,0,0,0,0,0,0,0,0,0,0,0,0,0,0,0,0,0,0,0,3378550,455700,0,0,0,0,0,0,0,0,0,0,0,12117700,0,0,231809200,0,6053950,0,0,0,0,0,0,0,0,0,0,0,0,0,0,0,0
"AZE",0,2089458600,0,0,0,0,0,0,0,0,0,0,0,0,0,0,0,0,0,0,0,34300,0,0,0,0,0,0,0,0,0,0,0,0,0,0,0,0,0,0,0,0,0,0,0,0,0,0,0,0,0,0,0,0,0,0,7350,0,0,0,0,0,0,0,0,0,0,0,0,0,0,0,0,0,0,0,0,2822680600,54855795600,0,0,0,0,0,0,0,0,0,0,0,0,0,0,0,0,0,0,0,0,0,0,0,0,0,0,0,0,0,0,0,0,0,0,0,0,0,0,0,0,0,0,0,0,0,0,0,0,0,0,0,0,0,0,7215250,0,0,0,0,0,0,0,0,0,0,0,0,0,0,0,0,0,0,0,0,0,0,0,0,0,0,0,0,0,0,0,0,0,0,0,0,0,0,587474000,0,0,0,0,2450,0,0,0,0,0,0,0,0,0,0,0,0,0,0,0,0,0
"BEN",0,0,0,0,0,0,0,0,0,0,0,0,0,0,0,0,0,0,0,0,0,0,0,0,0,2844250,0,0,0,0,0,0,0,0,37323900,0,0,0,0,0,0,0,0,0,0,0,0,0,0,0,0,0,0,98704650,0,0,0,26057000,0,0,0,13909300,0,0,0,0,0,0,0,0,0,0,0,0,0,0,0,0,0,0,0,0,0,0,0,0,0,0,0,0,0,0,0,0,0,0,0,0,0,0,0,0,0,0,0,0,0,0,0,0,0,0,0,0,0,0,0,0,0,0,0,0,0,1201676000,0,0,0,0,0,0,0,0,0,0,0,0,0,0,0,0,0,0,0,0,0,0,0,0,0,0,0,0,0,0,0,0,0,0,0,0,0,0,0,0,0,0,0,2715800,0,0,0,0,0,0,0,0,0,0,0,204808100,0,0,0,0,0,0,28534250,0,0,0,0,0,0,0,0
"DNK",330750,421400,3505950,206800309250,24923850,19063450,139522600,852784450,0,25480000,0,12869850,0,0,0,0,154315700,0,2198008800,0,0,1784402900,4.048e+09,2450,41490750,44001528300,0,0,41650,0,36708850,95334298550,46626280000,4917150,769056800,0,0,0,2268324200,0,0,0,0,7959973100,0,646933400,17150,1032000800,41498100,24926300,1841671900,0,11037615750,117497336150,0,0,220500,470528000,9109100,1038129194500,0,4151082300,40018300,36093400,0,3288036400,0,4443903100,730671850,0,1979453600,72409750,193979350,3665200,35505613150,2812393100,4803723400,13281952650,1401400,58562521850,5421850,20751328500,3330507750,200900,1604750,17721352100,0,9800,9855734500,70506334400,0,16226773100,0,124819350,0,67005050,0,4981743150,0,27029590550,0,51450,0,18732700,0,279300,883522900,0,977550,62446850,0,75400471800,0,0,9724252800,0,413940124050,0,5051900,0,0,9111550,0,730766400,12880014700,104440699400,31850,25759300,91518750,9800,14582400,0,0,207103600850,67254950,64537900,0,0,46403000,0,22279111150,0,22625776400,4184878550,0,0,0,86913680500,95550,0,13646500,27062700,84407400,97122350,0,67624900,221624000,0,90650,0,204236094100,3197212050,0,51450,220379950,110250,32034145650,613088350,2410800,16363856000,37129750,186200,120736238800,339971800,0,0,20956423400,688611700,56783603800,8422323350,44808050,21953459900,0,49232137250,2994611000,0,1342836450,0,209935506650,5024950,16226350,26950,32467400,0,0
"DMA",0,0,0,0,0,0,0,0,0,0,0,0,0,0,0,0,0,0,0,0,0,0,0,0,0,0,0,0,0,0,0,0,0,0,0,0,0,0,0,0,0,0,0,0,0,0,0,0,0,0,0,0,0,360150,0,0,0,0,0,0,0,0,0,0,0,0,0,0,0,0,0,0,0,0,0,0,0,0,0,0,0,0,0,0,0,0,0,0,0,0,0,0,0,0,0,0,0,0,0,0,0,0,0,0,0,0,0,0,0,0,0,0,0,0,0,0,0,0,0,0,0,0,0,0,0,0,0,0,0,0,0,0,0,0,0,0,0,0,0,0,0,0,0,0,0,0,0,0,0,0,0,0,0,0,0,0,0,0,0,0,0,0,0,0,0,0,0,0,0,0,0,0,0,0,0,0,0,0,0,0,0,0,0,0,0,0,0,0,0,0,0,0,0,0,0
"DOM",0,0,0,0,0,0,0,0,0,0,0,0,0,0,0,0,0,0,0,0,0,0,0,0,0,0,0,0,0,0,0,0,0,0,0,0,0,0,0,0,0,0,0,0,0,0,0,0,0,0,0,0,0,0,0,0,0,0,0,0,0,0,0,0,0,0,0,0,0,0,0,0,0,0,0,0,0,0,0,0,0,0,0,0,0,0,0,0,0,0,0,0,0,0,0,0,0,0,0,0,0,0,0,0,0,0,0,0,0,0,0,0,0,0,0,0,0,0,0,0,0,0,0,0,0,0,0,0,0,0,0,0,0,0,0,0,0,0,0,0,0,0,0,0,0,0,0,0,0,0,0,0,0,0,0,0,0,0,0,0,0,0,0,0,0,0,0,0,0,0,0,0,0,0,0,0,0,0,0,0,0,0,0,0,0,0,0,0,0,0,0,0,0,0,0
"BLR",1327430600,1302850,0,0,0,0,886900,0,0,0,0,0,0,0,0,0,1913600000,0,0,0,0,10892700,0,0,0,98426750,0,0,2610260800,0,0,273858550,0,0,0,0,0,0,0,580463550,0,2050101400,0,0,0,0,0,0,0,167861350,0,0,0,0,0,0,9114287300,0,0,55556200,0,0,0,1764000,0,0,0,0,0,0,0,20811500,0,0,31280000,0,0,1849175000,0,0,71606800,0,0,22559989800,0,128836700,0,1584575850,0,0,0,0,0,324345600,0,31280000,0,273240000,111861600,18701938300,0,0,0,55050,0,0,0,0,0,0,735705950,0,0,11035207750,0,0,12316150,0,0,0,0,0,0,0,0,0,198002400,0,207281600,0,0,0,0,396813950,0,0,0,0,0,0,513800,0,246699823050,0,0,0,0,0,0,0,0,0,0,2222500,0,0,0,0,5456957000,0,0,63737600,341320000,4263985250,0,0,0,0,0,0,0,0,0,31850,0,0,225522500,89013358900,8624000,0,31132800,1379572750,0,8134140350,0,0,0,0,0,0,30453500,0,0,0,0
"ECU",0,0,0,0,0,0,0,0,0,0,0,0,0,0,0,0,0,0,0,0,0,0,0,0,0,0,0,0,0,0,0,0,0,0,0,0,0,0,0,0,0,0,0,0,0,0,0,0,0,0,0,0,0,0,0,0,0,0,0,227850,0,0,0,0,0,0,0,0,0,0,0,0,0,0,0,0,0,0,0,0,0,134024000,0,0,0,0,0,0,0,0,0,0,0,0,0,0,0,0,0,0,0,0,0,0,0,0,0,0,0,23030000,0,0,0,0,0,0,0,0,0,0,0,0,0,0,0,0,0,0,0,0,0,579140800,0,0,0,0,0,0,0,0,0,0,0,0,0,0,0,0,0,0,0,0,0,0,0,0,25492250,0,0,0,0,0,0,0,0,0,0,0,0,0,0,0,0,0,0,0,6235250,0,102830950,0,0,0,0,0,0,0,0,0,0,0,0,0,0,0,0
"EGY",0,0,0,21044319200,0,0,3912650,0,0,9319800,0,0,0,0,0,0,0,0,0,0,0,0,0,0,0,0,0,0,0,0,0,0,0,0,0,0,0,0,0,0,0,0,0,0,0,0,0,0,0,0,0,0,0,27097800,0,0,0,0,0,0,0,0,0,0,0,0,0,0,0,0,0,0,0,0,0,0,0,0,0,0,0,2288300,0,0,0,0,9057650,0,0,0,0,0,0,0,0,0,0,0,0,0,0,0,0,0,0,0,0,0,0,0,0,0,0,0,0,0,0,0,0,0,0,0,0,0,0,0,0,0,0,0,0,0,0,0,0,0,0,0,0,0,0,0,0,0,0,0,0,0,2135792400,0,0,0,0,0,0,0,0,0,0,0,0,42197200,0,0,0,0,0,0,0,0,0,0,0,28998400,0,0,0,0,0,0,0,0,0,0,0,0,0,0,0,0,0,0,0,0,0
"SLV",0,0,0,0,0,0,85411900,0,0,0,0,0,0,0,0,0,0,0,0,0,0,0,0,0,0,0,0,0,0,0,0,0,0,0,0,0,0,0,0,0,0,0,0,0,0,0,0,0,0,0,0,0,0,0,0,0,0,0,0,0,0,0,0,0,0,0,61759600,0,0,0,2333842100,0,0,0,0,0,0,0,0,0,0,0,0,0,0,0,0,0,0,0,0,0,0,0,0,0,0,0,0,0,0,0,0,0,0,0,0,0,0,0,0,0,0,0,0,0,0,0,0,0,0,0,0,0,0,0,0,0,0,0,0,0,0,0,0,0,0,0,0,0,0,0,0,0,0,0,0,0,0,0,0,0,0,0,0,0,0,0,0,0,0,0,0,0,0,0,0,0,0,0,0,0,0,0,0,0,0,0,1438916850,0,0,0,0,0,0,0,0,0,0,0,0,0,0,0,0
"GNQ",0,0,0,0,0,0,0,0,0,0,0,0,0,0,0,0,0,0,0,0,0,0,0,0,0,0,0,0,0,0,0,0,0,0,0,0,0,0,0,0,0,0,0,0,0,0,0,0,0,0,0,0,0,0,0,0,0,0,0,0,0,0,0,0,0,0,0,0,0,0,0,0,0,0,0,0,0,0,0,0,0,0,0,0,0,0,0,0,0,0,0,0,0,0,0,0,0,0,0,0,0,0,0,0,0,0,0,0,0,0,0,0,0,0,0,0,0,0,0,0,0,0,0,0,0,0,0,0,0,0,0,0,0,0,0,0,0,0,0,0,0,0,0,0,0,0,0,0,0,0,0,0,0,0,0,0,0,0,0,0,0,0,0,0,0,0,0,0,0,0,0,0,0,0,0,0,0,0,0,0,0,0,0,0,0,0,0,0,0,0,0,0,0,0,0
"EST",0,0,0,241430184200,0,0,4187050,1911000,0,0,0,0,0,0,0,0,0,0,0,0,0,449526150,0,0,0,1692950,0,0,0,0,267050,83625850,0,0,0,0,0,0,31590300,0,0,1672067350,2195200,0,24500,9800,0,0,0,0,0,0,34124069000,51347100,0,0,135180650,0,1222550,7856471600,0,0,0,6056400,0,0,0,0,0,0,0,4904900,3060050,379750,151980850,0,0,0,24693550,15871300,37096600,97304200,0,0,0,3145800,0,0,0,0,0,4995550,0,23870901550,0,0,0,0,0,7061285200,0,0,0,382200,0,0,3238900,0,0,693350,0,87176028800,0,0,0,0,30144406300,0,0,0,0,2734200,0,0,0,4198554650,0,0,842534950,0,0,0,0,2947809000,656600,0,0,0,0,0,55257050,0,5619012050,0,0,0,0,436764691600,0,0,2450,1582700,12083400,1438150,0,0,21665750,0,0,0,2584547500,12801250,0,0,6688500,0,1526350,0,0,0,0,0,423850,6958000,0,0,54358350,62227550,267998150,0,0,0,0,0,0,0,0,0,7125900,3140900,5899600,0,0,0,0
"FRO",0,0,0,0,0,0,0,0,0,0,0,0,0,0,0,0,0,0,0,0,0,0,0,0,0,0,0,0,0,0,0,0,0,0,0,0,0,0,0,0,0,16368450,0,0,0,0,0,0,0,0,0,0,0,0,0,0,0,0,0,0,0,0,0,0,0,0,0,0,0,0,0,0,0,0,66799250,0,0,0,0,0,0,0,0,0,0,0,0,0,0,0,0,0,0,0,0,0,0,0,0,0,0,0,0,0,0,0,0,0,0,0,0,0,0,0,0,0,0,0,0,0,0,0,0,0,0,1531250,0,0,0,0,0,0,0,0,0,0,0,0,0,0,0,0,0,0,0,0,0,0,0,0,0,0,0,0,0,0,0,0,0,0,0,1376900,0,0,0,0,0,0,0,0,0,0,0,0,0,0,0,0,0,0,0,0,0,0,0,0,0,0,0,0,0,0,0,0,0
"FJI",0,0,0,0,0,0,2094750,0,0,0,0,0,0,0,0,0,0,0,0,0,0,0,0,0,0,0,0,0,0,0,0,32536000,0,0,0,2619050,0,0,0,0,0,0,0,0,0,0,0,0,0,0,0,0,0,0,0,0,0,0,0,0,0,0,21547750,0,0,0,0,0,0,0,0,95550,0,0,0,0,0,0,0,0,0,0,0,0,0,210700,0,0,0,0,0,0,0,0,0,0,0,0,0,0,0,0,0,0,0,0,0,0,0,0,0,0,0,0,0,0,0,0,0,0,1862000,1962450,0,0,0,0,0,0,0,63700,0,0,88200,0,0,0,0,0,0,0,0,0,0,0,0,0,0,0,0,0,0,0,0,107800,0,0,0,0,0,0,0,0,0,0,0,0,0,0,39200,0,0,0,0,0,0,8285900,0,0,24500,0,0,0,0,0,0,0,0,0,0,0,0,0,0,0,0
"FIN",6606000,102900,0,0,0,0,376050,16813950,0,0,0,0,0,0,0,0,60050,0,0,0,0,20329400,0,0,0,674550,0,0,0,0,0,5806350,0,0,0,0,0,0,94686000,46425500,0,45973502950,0,0,173821150,0,31110100,0,0,12190098000,0,0,0,2286127500,0,0,0,0,171500,65896363750,0,0,0,177837700,0,0,0,0,0,0,0,2381300,228858000,0,406649000,0,35500,0,0,5496566550,15880900,2014137100,0,178687500,0,17127424500,2202000,1303400,0,0,0,9995507150,18400,2336154150,0,8220800,0,0,0,10334446650,0,0,0,6967800,0,0,0,0,0,35500,0,5.478e+10,0,0,0,0,43297338100,0,0,51450,0,282200,0,0,0,11153479850,27783000,0,54059100,0,0,0,0,3307862200,8625969600,0,0,0,0,0,0,0,34365453900,0,0,0,0,17150,0,0,0,18165700,0,3221750,0,196213150,46876908700,0,0,0,76222984350,55183300,0,0,128511050,0,13274100,0,0,0,0,4.565e+10,489106050,43286600,0,0,22059231100,1214427850,308608850,0,0,0,0,16586950,0,0,0,0,8460168800,0,17065200,0,0,0,0
"FRA",7242350,0,36750,320732847650,13977250,1608851450,1541083250,48181487700,4047080000,833459300,0,9459450,0,0,0,0,300873321950,0,1595997600,0,33200,1411982300,10062960000,941479650,227961309500,6317316650,3346960000,16911085050,4780679400,9656020500,1047097700,9246142509600,191511968400,1085350,10189557900,0,125349850,5683024550,12298015800,154600000,10115850750,10926529900,8707300,2560250,170105000,11070555100,10137000,0,1053708300,656883650,0,4625600,656603900,0,10162465950,135424200,1001350,18322288500,0,1624064697450,0,52851400,0,8180059250,0,0,0,11240348900,0,21714147700,0,2061110200,10619100200,3852120200,217092050,39503845300,19718764750,232750,75950,43247883100,561808600,543937753400,32706120700,88649450,14244377200,206949195200,62181000,0,4087800,7532665300,0,2514429350,239200,959066100,3017657750,3246167600,0,0,0,1192582450,798700,12485425600,5533303200,10640377800,4662350,2903014450,5869576100,6200950,27361700,770783597950,0,761620359000,3928400,3320000,0,0,2590538302850,0,2660545500,0,19291300,82705550,0,8920450,211520186600,60113200,61250,13371562850,4176890350,9800,14614250,197154450,385627200,19445003150,152552584100,0,0,7350,11201171700,0,25360887650,36962845350,7401868550,227850,2998374300,265112950,975100,764027146500,4870858750,107800,2815974200,115261950,28052911600,20093397500,0,66254140350,838112818150,6529810400,0,0,22007075050,217262937350,0,144550,429425700,26483672000,6165900,8724707850,0,0,234276250,20381663850,139388422800,446715850,500437500,0,91254227900,504739000,36958868700,35994356200,32006950,0,12878684550,152075855950,26862931400,0,39191262000,0,6023911733700,16522068300,531027100,0,160185900,0,0
"PYF",0,0,0,0,0,0,0,0,0,0,0,0,0,0,0,0,0,0,0,0,0,0,0,0,0,0,0,0,0,0,0,0,0,0,0,2450,0,0,0,0,0,0,0,0,0,0,0,0,0,0,0,0,0,340550,0,0,0,0,0,0,0,0,0,0,0,0,0,0,0,0,0,0,0,0,0,0,0,0,0,0,0,0,0,0,0,11100950,0,0,0,0,0,0,0,0,0,0,0,0,0,0,0,0,0,0,0,0,0,0,0,0,0,0,0,0,0,0,41650,0,0,0,0,0,0,0,0,0,0,0,0,0,0,0,0,0,0,0,0,0,0,0,0,0,0,0,0,0,0,0,0,0,0,0,0,117600,0,0,0,0,0,0,0,220500,0,0,0,0,0,0,0,0,0,0,0,0,0,0,0,0,1666000,0,0,0,0,0,0,0,0,0,0,0,0,0,0,0,0
"DJI",0,0,0,0,0,0,332000,0,0,0,0,0,0,0,0,0,0,0,0,0,0,0,0,0,0,0,0,0,0,0,0,0,0,0,0,0,0,0,0,0,0,0,0,0,0,0,0,0,0,0,0,0,0,0,0,0,0,0,0,0,0,0,0,0,0,0,0,0,0,0,0,0,0,0,0,0,0,0,0,0,0,0,0,0,0,0,0,0,0,0,0,0,0,0,0,0,0,0,0,0,0,0,0,0,0,0,0,0,0,0,0,0,0,0,0,0,0,0,0,0,0,0,0,0,0,0,0,0,0,0,0,0,0,0,0,0,0,0,0,0,0,0,0,0,0,0,0,0,0,0,0,0,0,0,0,0,0,0,0,0,0,0,0,0,0,0,0,0,0,0,0,0,0,0,0,0,0,0,0,0,0,0,0,0,0,0,0,0,0,0,0,0,0,0,0
"GEO",327420200,0,0,0,0,0,0,2352000,0,0,0,0,0,0,0,0,0,0,0,0,0,0,0,0,0,0,0,0,0,0,0,503940500,0,0,0,0,0,0,0,166242300,0,56350,0,0,0,0,0,0,0,35743050,0,0,367500,147000,0,0,0,0,0,6801200,0,0,0,0,0,0,0,0,0,0,0,8246700,0,0,0,0,0,0,1984463600,0,364601650,0,0,191100,0,318500,49800000,0,0,0,0,137200,0,89221650,0,0,0,0,0,9871050,0,0,0,0,0,0,64545250,0,0,0,0,0,0,141663900,0,0,34300,0,0,0,0,0,0,0,0,0,0,0,0,0,0,0,0,46652900,0,0,0,0,0,0,0,0,426559700,0,0,0,0,667336600,0,0,0,210700,0,12191200,0,0,0,0,0,0,5505150,0,238210000,0,0,0,0,0,0,0,0,0,1217745800,0,0,0,1876700,1668450,7470050,0,0,13261850,0,0,0,0,0,0,3354050,0,0,0,0,0,0
"GAB",0,0,0,0,0,0,0,0,0,0,0,0,0,0,0,0,0,0,0,0,0,0,0,0,0,0,0,0,0,0,0,0,0,0,0,0,0,0,0,0,245000,0,0,0,0,0,0,0,0,0,0,0,0,12250,0,0,0,0,0,0,0,0,0,0,0,0,0,0,0,0,0,0,0,0,0,0,0,0,0,41650,0,0,0,0,0,0,0,0,0,0,0,0,0,0,0,0,0,0,0,0,0,0,0,0,0,0,0,0,0,0,0,0,0,0,0,0,0,0,0,0,0,0,0,0,0,0,0,0,0,0,0,0,0,0,0,0,0,0,0,0,0,0,0,0,0,0,9800,0,0,0,0,0,0,0,0,2450,0,0,0,0,0,7350,0,0,0,0,0,0,0,0,0,0,0,0,0,0,0,0,0,0,0,0,0,0,0,0,0,0,0,0,0,0,0,0,0
"GMB",0,0,0,0,0,0,0,0,0,0,0,0,0,0,0,0,0,0,0,0,0,0,0,0,0,0,0,0,0,0,0,0,0,0,0,0,0,0,0,0,0,0,0,0,0,0,0,0,0,0,0,0,0,0,0,0,0,0,0,0,0,0,0,0,0,0,0,0,0,0,0,0,0,0,0,0,0,0,0,0,0,0,0,0,0,0,0,0,0,0,0,0,0,0,0,0,0,0,0,0,0,0,0,0,0,0,0,0,0,0,0,0,0,0,0,0,0,0,0,0,0,0,0,0,0,0,0,0,0,0,0,0,0,0,0,0,0,0,0,0,0,0,0,0,0,0,0,0,132381300,0,0,0,0,0,0,0,0,0,0,0,0,0,0,0,0,0,0,0,0,0,0,0,0,0,0,0,0,0,0,0,0,0,0,0,0,0,0,0,0,0,0,0,0,0,0
"DEU",586743800,31823050,1535017750,580446316550,4650100,6069694000,23058479150,112580780200,1087851600,2656481750,9611350,170326600,0,0,175401200,2058000,137796801700,0,0,0,0,4796260800,5442876200,0,2404021300,41476323550,690900,41125700,23936289000,0,18368738050,93021971900,36249378200,4625600,8322756850,0,1304666000,6447108000,542226700,14221770000,204077000,47538689900,0,1230372800,3651541800,2244775650,122303400,376085000,3935064700,3030809000,12256100,0,8020775150,183829047550,461960750,0,2029321600,9375403750,47444250,0,447607800,8260389000,0,10615764100,0,0,11450869050,851037450,13295133400,16715150,290927000,2127153900,6284405100,9290203200,1118183750,3260459100,12656941800,1590831246650,615436000,10796473900,15914751450,467833228300,19666318350,1434970250,20629319350,150659165650,1129597650,851533000,349446550,135072524050,0,51343720400,28769800,4829265550,3707048000,1315173350,0,21944650,4591300,12984064900,1421000,38768800,0,52562696700,19033150,569549500,836010050,3020850,792884050,7549945250,769375950,448368709250,36767458900,1785499400,44988194750,5737488000,3991262268100,0,205800,287630350,0,3214127950,22413302500,689650400,3432450,7999357500,4998000,1043448100,15595868350,0,1372518850,4216189250,1734755950,88806355450,85980806500,0,0,0,52089650,9736300,11297606750,267341550,137930471450,169050,367500,0,5229750,1695237031500,3906285850,3841600,150177650,2121109450,5272995550,19052979850,0,8997299450,41333200750,13428450,0,0,19544607250,222339435550,0,69920000,5107270150,3990628600,84479164350,14626573900,0,17463600,44668333450,100292619500,292042295400,3357134000,2165300,0,63777286400,18929324750,289421243900,19330719300,651595450,299223700,26641300,96994034050,51756400,0,7097784100,1892660800,279927941000,12205974100,2921760500,134004950,8865000,0,0
"BIH",0,0,21364000,0,0,0,18068750,0,0,0,0,0,0,0,0,0,0,0,0,0,0,0,0,0,0,0,0,0,0,0,0,31850,0,0,0,0,0,0,0,0,0,0,0,0,0,0,0,0,0,0,0,0,7350,0,0,0,0,0,0,173950,0,0,0,0,0,0,0,0,0,0,0,0,0,777641350,0,0,0,0,0,0,0,148810550,0,0,0,0,0,0,0,0,0,0,0,0,0,0,0,0,0,0,0,0,0,0,0,0,47892600,0,0,0,0,0,0,0,0,0,0,0,0,19173700,0,0,0,0,0,0,0,0,0,0,0,0,0,0,0,0,0,0,0,0,0,0,0,0,0,0,0,0,0,0,0,21182700,0,0,0,0,0,0,0,0,10640350,5517400,0,0,0,0,0,0,0,0,0,0,0,66400,0,0,357700,0,9748550,0,0,0,0,0,0,0,0,0,0,0,1893993300,66400,0,0,0
"GHA",0,0,0,0,0,0,0,0,0,0,0,0,0,0,0,0,0,0,0,0,0,0,0,0,0,0,0,0,0,0,0,0,0,0,0,0,0,0,0,0,45930050,0,0,0,0,0,0,0,0,0,0,0,0,63417600,0,0,0,0,0,3357250,0,0,0,0,0,0,0,0,0,0,0,0,0,0,0,0,0,0,0,205850,369950,0,0,0,0,465500,0,0,0,0,0,0,0,0,0,0,0,0,0,0,0,0,0,0,0,0,0,0,0,0,0,0,0,0,0,0,551950,0,0,0,0,0,0,9055200,0,0,0,0,0,0,0,0,0,0,0,0,0,0,0,0,0,0,0,0,0,0,0,0,287984900,0,0,0,0,63700,0,7350,0,0,0,0,49800,0,0,0,0,0,0,285968850,0,0,0,0,0,0,0,0,13161400,0,21385800,0,0,0,0,0,0,0,0,0,4275100,0,0,0,0,0,0
"KIR",0,0,0,0,0,0,0,0,0,0,0,0,0,0,0,0,0,0,0,0,0,0,0,0,0,0,0,0,0,0,0,0,0,0,0,0,0,0,0,0,0,0,0,0,0,0,0,0,0,0,0,0,0,0,0,0,0,0,0,0,0,0,0,0,0,0,0,0,0,0,0,0,0,0,0,0,0,0,0,0,0,0,0,0,0,0,0,0,0,0,0,0,0,0,0,0,0,0,0,0,0,0,0,0,0,0,0,0,0,0,0,0,0,0,0,0,0,0,0,0,0,0,0,0,0,0,0,0,0,0,0,0,0,0,0,0,0,0,0,0,0,0,0,0,0,0,0,0,0,0,0,0,0,0,0,0,0,0,0,0,0,0,0,0,0,0,0,0,0,0,0,0,0,0,0,7817950,0,0,0,0,0,0,0,0,0,0,0,0,0,0,0,0,0,0,0
"GRC",0,0,17353500950,0,0,0,198628850,268787350,7416150,0,0,0,0,0,0,0,1668450,0,0,0,0,20312704100,0,0,0,48750100,0,0,0,0,0,27579650,9604000,0,0,301350,0,0,13599677600,0,0,21904150,0,0,0,0,1140800,0,0,15339350,0,0,81861850,155066600,0,0,3324900,0,0,951271150,14700,0,0,0,0,0,367500,0,0,0,0,997150,151113550,3474100,0,0,0,0,107354100,9155250,8989849900,31665780250,0,0,0,5955950,4802000,0,4713800,0,0,165786600,0,110100,0,0,0,11289600,144550,2423050,0,0,0,0,0,0,3764811300,0,0,418950,0,0,26141500,7350,0,0,375127300,0,0,11549637300,0,3434900,0,0,0,240773300,0,34623400,8036000,0,29772400,0,5042100,165683250,4123350,0,0,0,0,0,2690206850,0,2450,0,0,0,0,0,0,10015600,0,0,117600,9060100,0,2785650,789938050,0,0,0,593871800,45910550,0,0,11247950,0,333200,0,0,0,0,78400,1231828850,15697150,0,0,651799150,0,386837850,0,13832700,0,0,19600,0,0,0,0,336130400,639450,111923350,9800,0,0,4900
"GRL",0,0,0,0,0,0,0,0,0,0,0,0,0,0,0,0,0,0,0,0,0,0,0,0,0,0,0,0,0,0,0,0,0,0,0,0,0,0,0,0,0,0,0,0,0,0,0,0,0,0,0,0,0,0,0,0,0,0,0,0,0,0,0,0,0,0,0,0,0,0,0,0,0,0,0,0,0,0,0,0,0,0,0,0,0,0,0,0,0,0,0,0,0,0,0,0,0,0,0,0,0,0,0,0,0,0,0,0,0,0,0,0,0,0,0,0,0,0,0,0,0,0,0,0,0,0,0,0,0,0,0,0,0,0,0,0,0,0,0,0,0,0,0,0,0,0,0,0,0,0,0,0,0,0,0,0,0,0,0,0,0,0,0,0,0,0,0,0,0,0,0,0,0,0,0,0,0,0,0,0,0,0,0,0,0,0,0,0,0,0,0,0,0,0,0
"GRD",0,0,0,0,0,0,0,0,0,0,0,0,0,0,0,0,0,0,5316500,0,0,0,0,0,0,0,0,0,0,0,0,0,0,0,0,0,0,0,0,0,0,0,0,0,0,0,0,0,0,0,0,0,0,0,0,0,0,0,0,0,0,0,0,0,0,0,0,0,0,0,0,0,0,0,0,0,0,0,0,0,0,0,0,0,0,0,0,0,0,0,0,0,0,0,0,0,0,0,0,0,0,0,0,0,0,0,0,0,0,0,0,0,0,0,0,0,0,0,0,0,0,0,0,0,0,0,0,0,0,0,0,0,0,0,0,0,0,0,0,0,0,0,0,0,10988250,547352050,0,0,0,0,0,0,0,0,0,0,0,0,0,0,0,0,0,0,0,0,0,0,0,79745050,0,0,0,0,0,0,0,0,0,0,0,0,0,0,0,0,0,0,0,0,0,0,0,0,0
"GTM",0,0,0,0,0,0,44790900,0,0,0,0,0,0,0,0,0,0,0,439226200,0,0,0,0,0,0,0,0,0,0,0,0,0,0,0,0,0,70160750,0,0,0,0,0,0,128063950,0,0,0,2793821650,0,0,0,0,0,0,0,0,0,0,0,0,0,0,0,0,0,0,0,0,0,0,2521475950,0,0,0,0,0,0,0,0,0,0,0,0,0,0,0,0,0,0,0,0,0,0,0,0,0,0,0,0,0,0,0,0,0,0,0,0,0,0,610050,0,0,0,0,0,0,0,0,0,0,0,0,612712650,0,0,0,0,715400,0,0,0,0,0,0,0,0,0,0,0,0,0,0,0,0,0,0,0,0,0,0,0,0,0,0,0,0,0,0,0,0,0,0,0,0,0,0,0,0,0,0,0,0,0,0,0,0,0,0,4524018650,0,0,0,0,0,0,0,0,0,0,0,0,0,0,0,0
"GIN",0,0,0,0,0,0,0,0,0,0,0,0,0,0,0,0,0,0,0,0,0,0,0,0,0,0,0,0,0,0,0,0,0,0,0,0,0,0,0,0,0,0,0,0,0,0,0,0,0,0,0,0,0,0,0,0,0,0,0,0,0,0,0,0,0,0,0,0,0,0,0,0,0,0,0,0,0,0,0,0,0,0,0,0,0,0,0,0,0,0,0,0,0,0,0,0,0,0,0,0,0,0,0,0,0,0,0,0,0,0,0,0,0,0,0,0,0,0,0,0,0,0,0,0,0,0,0,0,0,0,0,0,0,0,0,0,0,0,0,0,0,0,0,0,0,0,0,0,0,0,0,0,0,0,0,0,0,0,0,0,0,0,0,0,0,0,0,0,0,0,0,0,0,0,0,0,0,0,0,0,0,0,0,0,0,0,0,0,0,0,0,0,0,0,0
"GUY",0,0,0,0,11637500,0,0,0,0,0,0,0,0,0,0,0,0,0,0,0,0,0,0,0,0,9804900,0,0,0,0,0,0,0,0,0,0,0,0,0,0,0,0,1592500,0,0,0,0,0,0,0,0,0,0,49000,0,0,0,0,0,2450,0,0,0,0,0,0,4900,0,0,0,0,0,0,0,0,0,0,0,0,24500,0,0,0,0,4900,0,0,0,0,0,0,0,0,0,0,0,0,0,0,0,0,0,0,0,0,0,0,0,0,0,0,0,0,0,0,0,0,0,0,0,0,0,0,0,0,0,0,6382250,0,0,0,0,0,0,0,0,0,0,0,0,0,0,0,8893500,2450,0,0,0,0,0,0,0,0,0,0,0,0,15520200,0,0,0,0,0,0,0,0,0,0,0,12997250,0,0,0,0,0,0,1764000,0,17150,0,0,0,0,0,0,0,0,0,4900,0,0,0,0,0,0
"HTI",0,0,0,0,0,0,0,0,0,0,0,0,0,0,0,0,0,0,0,0,0,0,0,0,0,0,0,0,0,0,0,0,0,0,0,0,0,0,0,0,0,0,0,0,0,0,0,0,0,0,0,0,0,0,0,0,0,0,0,0,0,0,0,0,0,0,0,0,0,0,0,0,0,0,0,0,0,0,0,0,0,0,0,0,0,0,0,0,0,0,0,0,0,0,0,0,0,0,0,0,0,0,0,0,0,0,0,0,0,0,0,0,0,0,0,0,0,0,0,0,0,0,0,0,0,0,0,0,0,0,0,0,0,0,0,0,0,0,0,0,0,0,0,0,0,0,0,0,0,0,0,0,0,0,0,0,0,0,0,0,0,0,0,0,0,0,0,0,0,0,0,0,0,0,0,0,0,0,0,0,0,0,0,0,0,0,0,0,0,0,0,0,0,0,0
"HND",0,0,0,0,0,0,0,0,0,0,0,0,0,0,0,0,0,0,0,0,0,0,0,0,0,0,0,0,0,0,0,0,0,0,0,0,0,0,0,0,0,0,0,0,0,0,0,3383429600,0,0,0,0,0,0,0,0,0,0,0,0,0,0,0,0,0,0,497350,0,0,0,0,0,0,0,0,0,0,0,0,0,0,0,0,0,0,0,0,0,0,0,0,0,0,0,0,0,0,0,0,0,0,0,0,0,0,0,0,0,0,0,0,0,0,0,0,0,0,0,0,0,0,0,4900,0,0,0,0,352800,0,0,0,0,0,0,0,0,0,0,0,0,0,0,0,0,0,0,0,0,0,0,0,0,0,0,0,0,5453700,0,0,0,0,0,0,0,0,0,0,0,0,0,0,0,0,0,0,0,0,0,358207150,0,0,0,0,0,0,0,0,0,0,0,0,0,0,0,0
"HKG",0,0,0,0,0,0,441243950,134750,0,153000050,0,0,0,0,0,0,0,0,0,4385500,0,0,0,0,0,127353000,0,0,4385500,0,0,1846768600,0,0,0,0,0,0,0,0,0,0,0,0,0,0,0,0,0,0,0,0,0,0,0,0,0,0,0,0,0,0,17542000,0,0,0,0,0,0,0,0,0,0,0,0,0,3439800,0,0,1211000,7974750,48568800,0,0,0,89224100,0,0,616755650,0,0,3271333100,0,36208550,0,28665000,0,0,0,0,3235821950,0,0,49730100,24798900,0,0,0,0,0,0,0,0,0,0,0,7406350,0,0,0,26158650,0,0,0,0,4716250,0,0,0,45173100,0,0,0,0,0,0,0,0,82234250,0,0,0,2844450,0,0,0,0,0,0,0,0,0,0,1009387750,0,185744300,0,0,0,0,0,2356900,0,0,1069953150,0,8254050,0,0,0,0,0,0,3123634850,0,39469500,7891150,0,353552950,0,0,0,0,139728400,0,0,0,0,0,0,0,0,0,0,0
"HUN",0,0,83033200,0,0,0,9309650,291112647550,0,0,0,0,0,0,0,0,0,0,0,0,0,2516401050,0,0,0,550500,0,0,0,0,0,1128433250,0,0,0,0,0,0,5346262400,960940000,0,6218100,0,0,256375000,0,0,0,0,227850,0,0,1484700,70035800,0,0,460000,0,0,37602069850,4239619500,0,0,5219919800,0,0,0,0,0,0,0,0,0,62111172600,0,0,0,0,0,134900,4900,835419250550,0,0,0,0,0,0,16600,0,0,0,0,73500,0,0,0,0,0,8576050,0,0,0,0,0,0,0,0,0,0,0,0,0,8805750,0,0,33421623400,0,0,6086900,0,0,0,0,0,1173550,0,0,7053721500,0,0,0,0,3165646700,2293200,0,0,0,0,0,1459557846000,0,20586450,0,0,0,0,0,0,0,0,44165267300,65580413450,845350,0,0,44560600,0,0,0,916300,10045753050,0,0,2450,0,0,0,0,0,0,0,0,0,0,0,106500550,419600000,5810000,0,0,0,0,5715850,0,0,0,0,23383733550,632100,977239850,231188850,0,0,0
"HRV",0,0,5350089400,0,0,0,42796600,52138461050,0,0,0,0,0,0,0,0,36877280000,0,0,0,0,98863150,0,0,0,75330700,0,0,0,0,0,7203000,0,0,787704000,0,0,0,11386358300,0,0,10074400,0,0,0,0,0,0,0,1038800,0,0,2305450,14628188000,0,0,0,0,0,845780950,72207020200,0,0,11621535700,0,0,0,0,0,0,0,0,10698435700,0,0,0,0,332000,0,6583150,0,227409185350,0,0,0,1112300,0,0,0,0,0,0,0,129850,0,572755200,0,0,10778380000,369950,0,0,0,347900,0,0,22266642400,0,0,0,0,0,0,0,0,0,7347550,0,0,2308938300,0,0,0,0,0,1166200,0,0,16961350,0,0,0,0,641350,19600,0,0,0,0,0,71337766350,0,19600,0,0,0,0,0,0,0,0,33327124200,130656400,26950,0,0,3388350,0,0,0,513042250,37875450,0,0,0,0,0,0,0,0,0,0,9268835000,0,0,0,364158200,7350,120441500,0,0,0,0,0,479740000,0,907561600,0,25589456450,1229900,29076521400,192638550,0,0,0
"ISL",0,0,0,0,0,0,0,0,0,0,0,0,0,0,0,0,0,0,0,0,0,0,0,0,0,49894250,0,0,0,0,1011850,21175350,0,0,0,0,0,0,0,0,0,74815650,0,0,0,0,0,0,0,2158450,17402350,0,374850,15481550,0,0,0,0,0,12080950,0,0,0,0,0,0,0,0,0,0,0,78400,0,0,0,0,0,0,0,2496550,0,524300,0,0,0,0,0,0,0,0,0,0,0,0,0,0,0,0,0,0,0,0,0,0,0,0,0,0,0,0,0,0,0,0,0,0,74913650,0,0,0,0,0,0,0,0,5872650,0,0,0,0,0,0,0,58800,0,0,0,0,0,0,0,0,0,0,0,0,0,0,0,0,0,0,0,0,0,0,0,0,0,0,2535750,6156850,0,0,21028350,0,0,0,0,0,0,0,0,0,0,0,54838350,0,899414600,0,0,0,0,0,0,0,0,0,0,0,0,0,0,0,0
"IND",0,0,0,0,0,0,151730250,0,0,1029677550,0,1287493200,0,16382964900,0,135550,0,0,0,0,1855000,0,0,0,0,116310850,0,0,153421400,0,0,42959600,0,0,0,0,0,0,0,0,83000,3416800,0,0,0,0,0,0,0,0,0,365200,0,5728850,0,88511150,0,0,0,7376050,0,85750,0,0,0,0,0,1328000,0,0,0,31733100,0,0,0,0,0,0,0,4121600,2760000,979400,49800,0,0,57400750,0,0,76641200,602613200,0,4652550,192762700,0,0,2075000,0,0,0,0,0,16600,1092650,415681450,79850150,0,0,1660000,21214800,0,0,0,0,0,0,43593801850,78433450,0,0,0,0,147940650,0,0,798450,19577950,0,0,0,1251950,0,11040000,0,0,0,0,0,0,589716400,0,0,0,0,0,0,0,0,165966200,0,194892800,0,0,0,2283933800,0,16489300,0,0,0,0,54981950,0,0,0,0,1062400,9316500,14028700,0,830000,77228950,0,345450,9873821650,31464000,0,102853900,0,848087050,0,0,0,0,2972718000,0,0,453700,348600,16259200,0,0,0,0,0,0
"IDN",0,0,0,0,0,0,186633650,0,0,0,0,0,0,0,0,0,0,0,0,8962100,0,0,0,0,0,0,0,0,0,0,0,52338500,0,0,0,0,0,0,0,0,0,0,0,0,0,0,0,0,0,0,0,0,0,0,0,0,0,0,0,0,0,0,0,0,0,0,0,0,0,0,0,117600,0,0,0,0,0,0,0,0,0,0,0,0,0,52390800,0,0,28544950,8535800,0,205383500,0,0,0,0,0,0,0,0,0,0,0,688881200,0,0,0,0,0,0,0,0,0,0,0,0,81854500,0,0,0,0,64214500,0,0,0,0,0,0,0,0,0,0,13609750,0,0,0,135962750,0,0,0,0,0,819872900,0,0,0,0,0,0,0,0,0,0,411435850,0,0,0,0,0,0,0,0,0,0,59285100,0,1165058300,0,0,0,0,0,0,423850,0,0,0,0,0,0,0,0,0,13207950,0,0,0,0,0,0,0,0,0,0,0
"IRN",0,0,0,0,0,0,926100,4074750,0,0,0,0,0,0,0,0,0,0,0,0,0,0,0,0,0,11421200,0,0,53900,0,0,0,0,0,0,0,0,0,0,0,0,0,0,0,0,0,0,0,0,0,0,0,188650,2435800,0,0,0,0,0,2836200,0,0,0,0,0,0,0,0,0,0,0,0,0,0,0,0,0,0,0,0,0,0,0,4596291000,0,0,0,0,0,0,0,0,12748800,0,0,122500,0,0,0,0,0,0,0,3895500,0,0,0,0,0,0,0,0,0,0,0,0,17378750,0,0,0,0,0,53900,0,0,1185200,240700000,0,0,0,0,0,0,0,0,0,0,0,0,0,0,0,0,0,0,0,0,0,17262725800,0,0,0,0,0,0,0,0,0,0,0,381800,4900,0,0,0,0,0,0,0,0,55200,0,0,183750,0,0,4532600,0,0,0,0,0,0,0,0,0,0,0,0,0,0,0,0,0,0
"IRQ",0,0,0,0,0,0,0,0,0,0,0,0,0,0,0,0,0,0,0,0,0,0,0,0,0,0,0,0,0,0,0,0,0,0,0,0,0,0,0,0,0,0,0,0,0,0,0,0,0,0,0,0,0,0,0,0,0,0,0,0,0,0,0,0,0,0,0,0,0,0,0,0,0,0,0,0,0,0,0,0,0,0,0,0,0,0,0,0,0,0,0,0,0,0,0,0,0,0,0,0,0,0,0,0,0,0,0,0,0,0,0,0,0,0,0,0,0,0,0,0,0,0,0,0,0,0,0,0,0,0,0,0,0,0,0,0,0,0,0,0,0,0,0,0,0,0,0,0,0,0,0,0,0,0,0,0,0,0,0,0,0,0,0,0,0,0,0,0,0,0,0,0,0,0,0,0,0,0,0,0,0,0,0,0,0,0,0,0,0,0,0,0,0,0,0
"IRL",0,0,0,0,0,287040000,60495400,436026500,2450,2380100,2450,0,0,0,0,0,66777200,0,2450,0,0,22983450,2450,0,0,2122991150,0,0,2450,4900,5681550,239556100,0,0,7350,0,0,0,48476650,0,0,122007550,0,0,29493100,46550,1041250,0,2450,187450,0,0,88939900,20020235300,0,0,2861600,4900,2450,4144682850,2450,2450,0,76653150,0,2450,0,2450,2450,2450,0,149442650,65748200,228445350,2004100,88358250,0,0,0,0,304579100,2716702900,4900,0,2450,560569800,0,0,66150,2450,0,504425600,0,19097750,0,0,0,2450,0,46429950,0,0,0,3013500,0,2450,53447850,0,20800,656600,0,2450,0,0,0,0,8329469700,0,0,0,0,7350,0,0,271739200,216893050,0,2450,68060800,0,0,0,0,101868550,94337250,0,0,0,10370850,0,70177800,0,2010002050,2450,2450,2450,0,1911000,0,17150,2450,13237350,0,709142700,0,109778700,955149100,0,0,0,228043550,615372000,0,0,26543300,7350,99406300,2450,0,2450,0,0,113719200,226774450,7350,0,356300657300,97514900,23021245050,4900,0,0,0,0,2450,0,4900,0,20968460200,32967200,9545200,0,0,0,0
"ISR",0,0,0,0,0,0,6970250,872200,0,0,0,0,0,0,0,0,0,0,0,0,0,0,0,0,0,35483350,0,0,0,0,13239800,54284650,0,0,0,0,0,0,153017200,0,0,0,0,0,0,0,0,0,0,33518450,0,0,0,24705800,0,0,0,0,0,4875500,0,0,0,0,0,0,0,0,0,0,0,11703650,1254400,0,0,0,0,0,0,0,0,1048600,0,0,0,2861600,0,0,0,0,0,0,0,0,0,0,0,0,0,0,0,0,0,0,0,0,0,0,0,0,0,0,0,0,0,0,4289950,0,0,0,0,0,0,0,0,0,0,0,0,0,0,0,0,0,0,0,0,0,0,0,0,0,14489300,0,0,0,0,0,0,0,0,2307900,0,0,0,0,0,0,0,0,0,1964900,0,0,0,0,0,0,0,0,0,0,0,0,0,0,12436200,0,86622200,0,0,0,0,0,0,0,0,0,4632950,0,0,0,0,0,0
"ITA",0,639450,5254571750,176160000,0,3564750,11832291050,4565827350,1195600,18354400,0,0,0,0,0,0,10390550,0,0,0,0,4858722350,0,0,6747300,3427526500,10708800,0,1541400000,0,229825850,3665367550,204873900,0,497591200,0,59336300,262150,23461111100,34518650,0,1435256350,0,26271350,156800,51746450,0,7580300,0,13820100,0,0,190663900,19452641250,0,3422650,6355300,0,0,5751031500,180160200,744800,0,9779673150,0,0,9287950,3987400,0,0,13181000,456640200,4917869250,2088693550,154425950,257773050,135551450,0,95868350,1779842700,666102550,0,0,2851800,842800,1508489100,46201150,0,7678300,1131900,0,257244900,76467200,467100,0,15213224500,0,0,6726487700,44541900,0,0,0,364659100,2842000,0,1117921450,0,0,91492800,0,10939578400,0,25783800,0,0,7549427400,0,1621900,46242000,0,1689477850,0,0,6039250,1171702400,975265800,23894850,1528587100,0,183154650,44788450,672104100,1718418950,991033950,0,0,0,141525050,0,2476151450,0,951645900,0,0,0,0,10561850,0,494900,32504150,3101919750,111767400,453364800,0,156713900,8235067750,0,0,0,2424723350,2300365100,0,0,1070136550,965300,31548650,0,0,13908650,1453200,208899900,890012800,1130241800,4128750,0,86112367550,413168150,15247756250,0,4184600,0,2579850,54887350,0,0,0,0,2915344800,2657950,488546600,54926550,0,0,0
"CIV",0,0,0,0,0,0,0,0,0,0,0,0,0,0,0,0,0,0,0,0,0,0,0,0,0,0,0,0,0,0,0,0,0,0,0,0,0,0,0,0,41650,0,0,0,0,0,0,0,0,0,0,0,0,29650,0,0,0,0,0,0,0,44100,0,0,0,0,0,6115200,0,0,0,0,0,0,0,0,0,0,0,122500,0,0,0,0,0,0,0,0,0,0,0,0,0,0,0,0,0,34513150,0,0,0,0,0,0,0,0,0,0,0,0,0,24500,0,0,0,0,227088400,0,0,0,0,0,0,0,0,0,0,0,0,0,0,0,0,0,0,0,0,0,0,0,0,0,0,0,0,0,0,0,100106600,0,0,0,0,0,0,0,0,0,0,0,0,0,0,0,0,0,0,0,0,0,0,0,0,0,0,0,0,0,0,0,0,0,0,0,0,0,0,0,25658850,0,0,0,0,0,0
"KAZ",0,8831200000,0,0,0,0,0,4900,0,0,0,0,0,0,0,0,0,0,0,0,0,0,0,0,0,0,0,0,0,0,0,326957612850,0,0,0,0,0,0,0,4183957150,0,7350,0,0,0,0,0,0,0,0,0,0,0,12250,0,0,0,0,0,0,0,0,0,0,0,0,0,0,0,0,0,0,0,0,0,0,0,1059519999600,0,4900,0,0,0,0,0,0,0,3745063250,0,0,0,0,0,0,0,0,0,0,0,0,0,0,0,0,0,0,0,0,0,0,0,0,0,0,0,0,66150,0,0,0,0,0,0,0,0,0,0,0,2324056350,0,0,0,0,0,0,0,0,0,0,0,0,0,49413223700,0,0,0,0,0,43030750,0,0,0,0,0,0,0,0,0,54700027500,0,0,0,0,1.079e+09,0,0,0,0,0,0,0,0,4714400000,35628248000,0,0,3583691000,58863700,0,0,0,141068285800,0,0,0,0,0,0,0,0,0,0,0,0,0
"JAM",0,0,0,0,2770950,0,0,0,213150,0,13440700,0,0,0,0,0,0,0,206047450,0,0,0,0,0,0,1293428500,0,0,0,0,0,0,0,0,0,0,0,0,0,0,0,0,4544750,0,0,0,0,19600,0,0,0,0,0,16922150,0,0,0,0,0,0,0,0,0,0,0,0,7350,0,25024300,0,276850,0,0,0,0,0,0,0,0,22050,0,0,0,0,0,0,0,0,0,0,0,2450,0,0,0,0,0,0,0,0,0,0,0,0,1421000,0,0,0,0,0,0,0,0,0,0,0,13286350,0,0,0,0,0,0,0,0,0,0,7350,0,0,0,0,0,0,0,0,0,0,0,0,0,0,0,0,2638650,0,0,0,0,0,0,0,0,2484300,0,0,0,70307650,0,0,0,90650,0,0,0,0,0,0,0,55068550,0,0,0,0,0,0,627676800,0,9154863600,0,0,0,0,0,0,0,0,0,0,0,0,0,0,0,0
"JPN",0,0,0,0,0,0,3616996250,0,0,0,0,0,0,0,0,0,4277700,0,0,0,0,0,0,0,0,280691600,0,0,122500,0,1085350,3466693650,0,0,0,0,0,0,0,0,0,5191550,0,0,0,0,0,0,0,1440600,0,0,578200,148234800,0,0,0,0,0,61250,0,0,0,0,0,0,0,0,0,0,0,1177738800,0,0,0,1029000,2303000,0,0,1261750,6325900,32452700,0,0,0,0,0,0,0,32996600,0,3411402050,0,0,8854300,0,0,0,0,0,2050650,0,0,50254400,0,0,0,0,0,6480250,531650,0,0,0,0,2692550,4537400,0,0,0,0,791416150,0,0,0,0,0,0,441000,0,215600,0,1722350,2660700,1788500,0,0,0,0,0,0,0,869157100,0,0,0,0,369950,0,0,0,0,0,1575734100,0,793800,12438650,0,0,0,14528500,5546800,0,0,8815748700,0,11084050,0,0,0,0,0,0,1879150,0,0,86578100,1212750,1429680950,0,0,0,0,32565400,0,0,0,0,0,0,0,0,0,0,0
"JOR",0,0,0,0,0,0,0,0,0,0,0,0,0,0,0,0,0,0,0,0,0,0,0,0,0,0,0,0,0,0,0,0,0,0,0,0,0,0,0,0,0,0,0,0,0,0,0,0,0,0,0,0,0,0,0,0,0,0,0,1911000,0,0,0,0,0,0,0,0,0,0,0,0,0,0,0,0,0,0,66718400,0,44244550,0,0,0,0,0,0,0,0,0,0,0,0,0,0,0,0,0,0,0,0,0,0,0,0,0,0,0,0,0,0,0,0,0,0,0,124950,0,0,0,0,0,0,0,0,0,0,0,0,0,0,0,0,0,0,0,0,0,0,0,0,0,0,0,0,0,0,0,0,0,0,0,0,0,0,0,0,0,0,0,0,0,177142350,0,0,0,0,0,0,0,0,0,1000643700,0,0,0,0,0,0,0,0,0,0,0,0,0,0,0,0,0,0,0,0,0,101243800
"KGZ",0,0,0,0,0,0,0,0,0,0,0,0,0,0,0,0,0,0,0,0,0,0,0,0,0,0,0,0,0,0,0,12708150,0,0,0,0,0,0,0,0,0,0,0,0,71050,0,0,0,0,0,0,0,0,0,0,0,0,0,0,0,0,0,0,0,0,0,0,0,0,0,0,22050,0,0,0,0,0,0,0,0,0,0,0,49376300,0,0,0,0,0,0,0,0,0,0,0,0,0,0,0,0,0,0,0,0,0,0,0,0,0,0,0,0,0,0,0,0,0,0,0,0,0,0,0,0,0,0,0,0,0,0,0,0,0,0,0,0,0,0,0,0,0,0,15868650,0,0,0,0,0,0,0,0,0,0,0,0,0,0,0,4799550,0,0,0,0,16600,0,0,0,0,0,0,0,0,0,0,0,0,0,0,0,0,0,36800000,0,0,0,0,0,0,0,0,0,0,0,0,0
"KEN",0,0,0,0,0,0,0,0,0,0,0,0,0,0,0,0,0,0,0,0,0,0,0,76300350,0,17168550,0,0,0,0,0,803600,0,646800,10260600,0,0,0,0,0,0,605150,0,0,0,0,0,0,0,0,0,0,0,2029350,0,27295450,0,0,0,155950,0,431200,0,0,0,0,0,0,0,0,0,28518000,0,0,0,24500,0,0,0,264600,66732000,521850,0,0,0,730100,0,0,0,0,0,0,0,0,0,0,0,53900,0,0,0,0,0,164150,0,0,0,0,0,0,0,0,0,0,0,0,392000,0,0,0,0,1128800,0,0,0,2494100,0,53900,0,0,0,0,0,0,0,0,0,0,0,0,0,2586664150,78400,0,0,0,0,0,0,188322250,0,0,0,98000,94224550,2276050,0,0,0,0,0,431200,0,0,0,4225654800,0,0,0,0,0,0,257250,1134350,79135916800,0,95528150,0,49448200,0,0,0,0,0,0,0,178211550,0,7176050,0,0,0,0,6459731250,0
"KHM",0,0,0,0,0,0,7773850,0,0,0,0,0,0,0,0,0,0,0,0,0,0,0,465404000,0,0,0,0,0,0,0,0,98955500,0,0,0,0,0,0,0,0,0,0,0,0,0,0,0,0,8876350,0,0,0,0,21395850,0,0,0,0,0,19600,0,0,0,0,0,0,0,0,0,0,0,676200,0,0,0,0,0,0,0,0,0,0,0,0,0,3407950,0,0,0,0,0,9346750,0,0,294400000,0,0,0,0,0,0,0,0,0,0,0,0,0,0,0,0,0,0,0,0,0,0,0,0,0,0,0,0,0,0,0,0,0,0,0,0,0,0,0,0,0,0,0,0,0,0,0,3003700,0,0,0,0,0,0,0,0,0,0,231625450,0,0,0,0,0,0,0,0,0,0,0,0,2102131850,0,0,0,0,0,0,0,0,0,345327500,0,15822100,0,0,0,0,5608297450,0,0,0,0,3778590900,0,0,0,0,0,0
"PRK",0,0,0,0,0,0,0,0,0,0,0,0,0,0,0,0,0,0,0,0,0,0,0,0,0,0,0,0,0,0,0,0,0,0,0,0,0,0,0,0,0,0,0,0,0,0,0,0,0,0,0,0,0,0,0,0,0,0,0,0,0,0,0,0,0,0,0,0,0,0,0,0,0,0,0,0,0,0,0,0,0,0,0,0,0,0,0,0,0,0,0,0,0,0,0,0,0,0,0,0,0,0,0,0,0,0,0,0,0,0,0,0,0,0,0,0,0,0,0,0,0,0,0,0,0,0,0,0,0,0,0,0,0,0,0,0,0,0,0,0,0,0,0,0,0,0,0,0,0,0,0,0,0,0,0,0,0,0,0,0,0,0,0,0,0,0,0,0,0,0,0,0,0,0,0,0,0,0,0,0,0,0,0,0,0,0,0,0,0,0,0,0,0,0,0
"KOR",0,0,0,110400,0,0,1096867800,12196100,0,0,0,0,0,0,63700,0,867300,0,0,0,0,0,0,0,0,28812500,0,0,4351200,0,0,7683623500,5465950,0,0,0,0,0,0,0,0,0,0,23772350,0,0,0,0,0,0,0,0,0,62729550,0,235200,0,0,0,22471850,0,98000,3694600,0,0,0,3393550,66150,0,0,0,25216640700,0,0,0,199450,14044450,0,4944515300,607600,0,7394100,0,188650,0,2400100100,0,0,0,13155800,0,0,173950,0,0,0,0,0,0,0,1430800,0,0,34746850,0,0,0,0,63700,0,1636212900,18400,0,0,0,0,247156500,0,0,0,0,118689600,0,0,394400,0,0,71050,0,0,208250,0,8110200,0,0,0,0,0,1527200,0,0,0,1225592900,0,0,0,0,0,139650,0,0,0,102900,2788793100,0,1077550,12259800,0,0,0,0,7822850,0,0,606989950,0,23671900,0,0,0,0,0,0,1859200,0,0,83186250,0,2369108150,0,4434500,0,0,32287850,0,0,0,0,406700,0,0,0,0,0,0
"KWT",0,0,0,0,0,0,0,0,0,0,0,0,0,0,0,0,0,0,0,0,0,0,0,0,0,0,0,0,0,0,0,0,0,0,0,0,0,0,0,0,0,0,0,0,0,0,0,0,0,0,0,0,0,0,0,0,0,0,0,0,0,0,0,0,0,0,0,0,0,0,0,0,0,0,0,0,0,0,0,0,0,0,0,0,0,0,0,0,0,0,0,0,0,0,0,0,0,0,0,0,0,0,0,0,0,0,0,0,0,0,0,0,0,0,0,0,0,0,0,0,0,0,0,0,0,0,0,0,0,0,0,0,0,0,0,0,0,0,0,0,0,0,0,0,0,0,0,36800,0,0,0,0,0,0,0,0,0,0,0,0,0,0,0,0,0,0,0,0,0,0,552000,0,0,3606400,0,0,0,0,0,0,0,0,0,0,0,0,0,0,0,0,0,0,0,0,0
"LVA",0,0,0,125727536800,0,0,72711100,3765650,0,0,0,0,0,0,0,0,0,0,0,0,0,744064600,0,0,0,0,0,0,0,0,123484900,1603730800,0,0,0,0,0,0,97284600,7384300,0,5503294950,0,0,569629800,0,0,0,0,8589010500,0,0,63450050,29674400,0,0,51682150,0,0,10252428150,7014350,13237350,0,12867750,0,0,0,0,0,0,0,117639200,68690650,4441850,0,4086600,0,0,45721900,50428350,833994700,32313050,0,170588600,0,46550,0,16370700,0,0,0,8418200,0,0,0,0,0,0,0,47315982150,0,0,0,0,0,0,50007650,0,0,0,2595000,0,0,2873850,0,0,49247509500,0,0,0,0,10684450,0,0,21680845000,30182050,0,0,17147550,4880400,0,0,0,135612150,41169250,0,0,0,0,0,716507900,0,5590842000,0,0,0,0,1.6434e+11,0,0,0,6773150,44391550,151354600,0,0,484388650,0,0,0,9502800,3476650,0,2805250,106908200,10525200,3104150,0,0,0,9937200,42117337400,7188300,789860400,0,0,1653158850,928483850,36022750,0,0,49351750,0,11360650,0,0,0,0,8638971650,63700,0,0,0,0,0
"LAO",0,0,0,0,0,0,0,0,0,0,0,0,0,0,0,0,0,0,0,0,0,0,0,0,0,0,0,0,0,0,0,0,0,0,0,0,0,0,0,0,0,0,0,0,0,0,0,0,0,0,0,0,0,0,0,0,0,0,0,0,0,0,0,0,0,0,0,0,0,0,0,0,0,0,0,0,0,0,0,0,0,0,0,0,0,0,0,0,0,0,0,0,0,0,0,0,0,0,0,0,0,0,0,0,0,0,0,0,0,0,0,0,0,0,0,0,0,0,0,0,0,0,0,0,0,0,0,0,0,0,0,0,0,0,0,0,0,0,0,0,0,0,0,0,0,0,0,0,0,0,0,0,0,0,0,0,0,0,0,0,0,0,0,0,0,0,0,0,0,0,0,0,0,0,0,0,0,0,0,0,0,0,0,0,0,0,0,0,0,0,0,0,0,0,0
"LBN",0,0,0,0,0,0,25612300,0,0,0,0,0,0,0,0,0,2729300,0,0,0,0,0,0,0,0,10248350,0,0,0,0,0,0,0,0,14700,0,0,0,14802900,0,0,0,0,0,0,0,0,0,0,0,0,0,0,88195100,0,147000,0,0,0,5007800,0,318500,0,7364700,0,0,0,4167450,0,0,0,1274000,0,0,0,0,0,0,0,0,0,3025750,5049450,0,0,1141700,6228858050,0,0,0,0,0,0,0,0,0,0,352800,0,0,0,0,0,0,0,0,0,0,0,0,0,0,0,0,0,0,4953900,0,0,0,0,0,0,0,0,1489600,0,908950,0,0,0,0,0,0,0,0,0,0,2567247250,0,0,0,0,0,0,0,0,796800,294000,0,0,0,0,583100,0,98000,4596200,0,0,0,12898700,6737500,64898050,0,0,0,0,0,0,605150,0,0,443952250,73014900,0,0,38373950,124950,78387750,0,0,0,1095150,0,0,0,0,0,8067850,0,0,0,0,0,0
"LSO",0,0,0,0,0,0,0,0,0,0,0,0,0,0,0,0,0,0,0,0,0,0,0,0,0,0,0,0,0,0,0,0,0,0,0,0,0,0,0,0,0,0,0,0,0,0,0,0,0,0,0,0,0,0,0,0,0,0,0,0,0,0,0,0,0,0,0,0,0,0,0,0,0,0,0,0,0,0,0,0,0,0,0,0,0,0,0,0,0,0,0,0,0,0,0,0,0,0,0,0,0,0,0,0,0,0,0,0,0,0,0,0,0,0,0,0,0,0,0,0,0,0,0,0,0,0,0,0,0,0,0,0,0,0,0,0,0,0,0,0,0,0,0,0,0,0,0,0,0,0,0,0,0,0,0,0,0,0,0,0,0,0,0,0,0,0,0,0,0,0,0,0,0,0,0,0,0,0,0,0,0,0,0,0,0,0,0,0,0,0,0,0,0,0,0
"LBR",0,0,0,0,0,0,0,0,0,0,0,0,0,0,0,0,0,0,0,0,0,0,0,0,0,0,0,0,0,0,0,0,0,0,0,0,0,0,0,0,0,0,0,0,0,0,0,0,0,0,0,0,0,0,0,0,0,0,0,0,0,0,0,0,0,0,0,0,0,0,0,0,0,0,0,0,0,0,0,0,0,0,0,0,0,0,0,0,0,0,0,0,0,0,0,0,0,0,0,0,0,0,0,0,0,0,0,0,0,0,0,0,0,0,0,0,0,0,0,0,0,0,0,0,0,0,0,0,0,0,0,0,0,0,0,0,0,0,0,0,0,0,0,0,0,0,0,0,0,0,0,0,0,0,0,0,0,0,0,0,0,0,0,0,0,0,0,0,0,0,0,0,0,0,0,0,0,0,0,0,0,0,0,0,0,0,0,0,0,0,0,0,0,0,0
"LBY",0,0,0,0,0,0,0,0,0,0,0,0,0,0,0,0,0,0,0,0,0,0,0,0,0,0,0,0,0,0,0,0,0,0,0,0,0,0,0,0,0,0,0,0,0,0,0,0,0,0,0,0,0,0,0,0,0,0,0,0,0,0,0,0,0,0,0,0,0,0,0,0,0,0,0,0,0,0,0,0,0,0,0,0,0,0,0,0,0,0,0,0,0,0,0,0,0,0,0,0,0,0,0,0,0,0,0,0,0,0,0,0,0,0,0,0,0,0,0,0,0,0,0,0,0,0,0,0,0,0,0,0,0,0,0,0,0,0,0,0,0,0,0,0,0,0,0,0,0,0,0,0,0,0,0,0,0,0,0,0,0,0,0,0,0,0,0,0,0,0,0,0,0,0,0,0,0,0,0,0,0,0,0,0,0,0,0,0,0,0,0,0,0,0,0
"LTU",0,0,0,154798701800,0,0,2457350,0,0,0,0,0,0,0,0,0,9223460000,0,0,0,0,10203100,0,1323000,0,739900,0,0,0,0,5439000,1054506950,0,0,0,0,0,0,19477500,17123850,0,806274300,0,0,2448059850,0,1632776000,0,0,71376867050,0,0,9444494500,45924635800,0,0,173028700,0,0,21349614000,0,2421918400,0,104400,0,0,33254412000,0,0,0,2090092800,1233200,0,0,37764300,0,0,0,0,368791850,125133400,78885100,6161350400,93616250,0,97730500,0,1178450,7394996800,0,0,1197038150,0,150950516000,0,5585400,0,0,0,0,0,0,0,0,0,0,0,0,0,6752200,0,64508977800,0,211893150,0,0,9749253400,0,0,0,0,29289750,0,0,0,409441900,0,0,29019650,0,0,0,0,107481737500,9182600,0,0,0,0,0,9618700,163914800,26822176800,0,0,0,0,492033993200,0,0,0,0,0,2153550,0,0,46961445250,0,917500,0,380826900,6468000,0,4900,51668050,5821200,0,101531200,0,0,0,4.565e+10,0,62372100,34924750,0,69902125200,2644713550,92271650,2345632000,0,2802800,0,3033100,0,0,694024300,0,5378400,0,0,0,0,0,0
"MAC",0,0,0,0,0,0,0,0,0,0,0,0,0,0,0,0,0,0,0,0,0,0,0,0,0,0,0,0,0,0,0,0,0,0,0,0,0,0,0,0,0,0,0,0,0,0,0,0,0,0,0,0,0,0,0,0,0,0,0,0,0,0,0,0,0,0,0,0,0,0,0,0,0,0,0,0,0,0,0,0,0,0,0,0,0,0,0,0,0,0,0,0,0,0,0,0,0,0,0,0,0,0,0,0,0,0,0,0,0,0,0,0,0,0,0,0,0,0,0,0,0,0,0,0,0,0,0,0,0,0,0,0,0,0,0,0,0,0,0,0,0,0,0,0,0,0,0,0,0,0,0,0,0,0,0,0,0,0,0,0,0,0,0,0,0,0,0,0,0,0,0,0,0,0,0,0,0,0,0,0,0,0,0,0,0,0,0,0,0,0,0,0,0,0,0
"MDG",0,0,0,0,0,0,0,0,0,0,0,0,0,0,0,0,0,0,0,0,0,0,0,0,0,0,0,0,0,0,0,16370900,0,24443650,0,0,0,0,0,0,0,0,0,0,0,0,0,0,0,0,0,0,0,283349850,0,0,0,0,0,7350,0,0,0,0,0,0,0,0,0,0,0,0,0,0,0,0,0,0,0,0,0,0,0,0,0,0,0,0,0,0,0,0,0,0,0,0,0,0,0,0,0,0,0,0,0,0,0,0,0,0,0,0,0,0,0,0,0,0,0,0,0,0,0,0,0,0,0,0,0,0,0,0,0,0,0,0,0,0,0,0,0,0,0,0,0,0,0,0,0,0,0,0,0,0,0,0,0,0,0,0,0,0,0,0,0,0,0,0,0,0,0,0,0,0,0,0,0,0,0,4900,0,0,0,0,0,0,0,0,0,0,0,0,0,0,0
"MWI",0,0,0,0,0,0,0,0,0,0,0,0,0,0,0,4900,0,0,0,0,0,0,0,0,0,0,0,0,0,0,0,0,0,0,0,0,0,0,0,0,0,9800,0,0,0,0,0,0,0,0,0,0,0,7350,0,0,0,0,0,0,0,0,0,0,0,0,0,0,0,0,0,0,0,0,0,0,0,0,0,0,0,0,0,0,0,0,0,0,0,0,0,0,0,0,0,0,0,0,0,0,0,0,0,0,0,0,0,0,0,0,0,0,9800,0,0,0,0,0,0,0,0,0,0,0,0,0,0,0,0,0,0,0,0,0,0,0,0,0,0,0,0,0,0,0,0,0,0,0,0,0,0,0,0,0,0,5615500,0,0,0,0,0,2450,0,0,0,0,0,0,0,0,0,0,0,0,0,0,722750,0,0,0,0,0,0,0,0,0,0,0,0,0,0,0,0,0,0
"MYS",0,0,0,0,0,0,24232950,0,0,0,0,0,0,0,0,0,0,0,0,0,12090750,0,5563950,0,0,0,0,0,4890200,0,0,350617050,0,0,0,0,0,0,0,0,0,0,0,0,0,0,0,0,0,0,0,0,0,0,0,0,0,0,0,0,0,0,0,0,0,0,0,0,0,0,0,6835389750,0,0,0,7364700,227197000,0,0,0,0,0,0,0,0,0,0,0,0,26129250,0,205800,0,0,24174150,0,0,0,0,0,0,0,0,0,71885450,0,0,0,0,0,0,0,0,0,0,0,8648500,0,0,0,0,3748500,0,0,0,0,0,0,0,11970700,0,0,89993900,0,0,0,57942500,0,0,0,0,0,0,0,0,0,0,0,0,0,0,0,0,13234664450,0,0,0,0,0,0,0,0,0,0,221578000,0,700473750,0,0,0,0,0,0,10030300,0,0,0,0,0,0,0,0,0,35010650,0,0,0,0,0,0,0,0,0,0,0
"MDV",0,0,0,0,0,0,0,0,0,0,0,0,0,0,0,0,0,0,0,0,0,0,0,0,0,0,0,0,0,0,0,0,0,0,0,0,0,0,0,0,0,0,0,0,0,0,0,0,0,0,0,0,0,0,0,0,0,0,0,0,0,0,0,0,0,0,0,0,0,0,0,0,0,0,0,0,0,0,0,0,0,0,0,0,0,0,0,0,0,0,0,0,0,0,0,0,0,0,0,0,0,0,0,0,0,0,0,0,0,0,0,0,0,0,0,0,0,0,0,0,0,0,0,0,0,0,0,0,0,0,0,0,0,0,0,0,0,0,0,0,0,0,0,0,0,0,0,0,0,0,0,0,0,0,0,0,0,0,0,0,0,0,0,0,0,0,0,0,0,0,0,0,0,0,0,0,0,0,0,0,0,0,0,0,0,0,0,0,0,0,0,0,0,0,0
"MLI",0,0,0,0,0,0,0,0,0,0,0,0,0,0,0,0,0,0,0,0,0,0,0,0,0,0,0,0,0,0,0,0,0,0,0,0,0,0,0,0,954200,0,0,0,0,0,0,0,0,0,0,0,0,0,0,0,0,0,0,0,0,0,0,0,0,0,0,0,0,0,0,0,0,0,0,0,0,0,0,51450,0,0,0,0,0,0,0,0,0,0,0,0,0,0,0,0,0,0,0,0,0,0,0,0,127400,0,0,0,0,0,0,0,0,0,0,0,2450,0,0,0,0,0,0,5145000,0,0,0,0,0,0,0,0,0,0,0,0,0,0,0,0,0,0,0,0,0,0,0,0,0,0,0,0,0,0,0,0,0,0,0,0,0,0,0,0,0,0,0,0,0,0,0,0,0,0,0,0,0,0,0,0,0,0,0,0,0,0,0,0,0,0,0,0,0,0,0
"MLT",0,0,0,0,0,0,0,634550,0,0,0,0,0,0,0,0,0,0,0,0,0,0,0,0,0,0,0,0,0,0,0,94770900,0,0,0,0,0,0,0,0,0,0,0,0,0,0,0,0,0,0,0,0,0,891800,0,0,0,0,0,1085350,0,4900,0,5512500,0,0,0,0,0,0,0,0,0,0,0,0,0,0,0,0,0,111607300,0,0,0,0,0,0,0,0,0,0,0,0,0,0,0,0,0,0,0,0,0,0,0,0,0,0,0,0,0,0,0,0,0,0,17150,0,0,0,0,0,0,0,4900,0,0,0,0,0,0,0,0,0,0,0,0,0,0,0,0,0,0,0,0,0,0,0,0,0,0,0,0,0,0,0,0,0,0,0,31357550,637000,0,0,475300,0,0,0,0,0,0,0,0,0,0,0,25842600,0,0,0,0,0,0,0,0,0,0,0,0,0,0,0,0,0,0
"MRT",0,0,0,0,0,0,0,0,0,0,0,0,0,0,0,0,0,0,0,0,0,0,0,0,0,0,0,0,0,0,0,0,0,0,0,0,0,0,0,0,0,0,0,0,0,0,0,0,0,0,0,0,0,0,0,0,0,0,0,0,0,0,0,0,0,0,0,0,0,0,0,0,0,0,0,0,0,0,0,0,0,0,0,0,0,0,0,0,0,0,0,0,0,0,0,0,0,0,0,0,0,0,0,0,0,0,0,0,0,0,0,0,0,0,0,0,0,0,0,0,0,0,0,0,0,0,0,0,0,0,0,0,0,0,0,0,0,0,0,0,0,0,0,0,0,0,0,0,0,0,0,0,0,0,0,0,0,0,0,0,0,0,0,0,0,0,0,0,0,0,0,0,0,0,0,0,0,0,0,0,0,0,0,0,0,0,0,0,0,0,0,0,0,0,0
"MUS",0,0,0,0,0,0,57880950,0,0,0,0,0,0,0,0,3628450,0,0,0,0,0,0,0,161700,0,0,0,0,0,0,0,17708600,0,0,0,0,0,0,0,0,0,0,0,0,0,0,0,0,0,0,0,0,0,742757250,0,0,0,0,0,0,0,0,0,0,0,0,0,0,0,0,0,0,0,0,0,0,0,0,0,0,0,0,0,0,0,0,0,0,0,0,0,0,0,0,0,0,0,0,0,0,0,110100,0,110100,0,0,0,0,0,0,0,0,0,0,0,0,9800,0,0,0,0,0,0,0,0,0,0,0,0,0,0,0,0,0,0,0,0,0,0,0,0,0,0,0,0,0,0,0,0,87056700,0,0,0,0,0,0,0,0,0,0,0,465500,0,0,0,0,0,0,0,0,0,0,0,0,0,0,9033850,0,0,0,0,0,0,0,0,0,0,0,0,0,0,0,0,0,0
"MEX",0,0,0,0,0,0,31425209200,0,0,0,0,0,0,0,0,0,0,0,0,0,0,0,0,0,0,5761630700,0,0,0,0,0,9280972400,306700800,0,0,0,1890542500,0,0,0,0,57109500,0,256054400,0,0,0,360397450,0,0,0,0,0,27221950,0,0,0,0,0,36723050,0,0,0,0,0,0,5640855500,0,0,0,0,1250673550,0,0,0,0,0,0,0,0,232701000,0,0,0,0,566930000,0,0,0,0,0,0,0,0,0,0,0,0,0,0,0,0,0,0,0,0,0,0,0,0,0,0,0,0,0,0,7109201750,0,0,0,0,235452350,0,0,0,0,0,4766957650,0,0,0,390679450,0,0,0,0,0,0,0,0,0,0,0,0,0,0,0,0,0,0,0,0,0,1056251350,0,0,1240819650,0,0,0,0,4459000,0,0,0,0,0,0,0,0,0,0,0,0,0,0,14058447900,0,1593977945350,0,0,0,0,0,0,0,0,0,871215100,0,0,0,0,0,0
"MNG",0,0,0,0,0,0,0,0,0,0,0,0,0,0,0,0,0,0,0,0,0,0,0,0,0,0,0,0,0,0,0,164294550,0,0,0,0,0,0,0,0,0,0,0,0,0,0,0,0,0,0,0,0,0,0,0,0,0,0,0,0,0,0,0,0,0,0,0,0,0,0,0,0,0,0,0,0,0,0,0,0,0,0,0,0,0,0,0,0,0,0,0,0,0,0,0,0,0,0,0,0,0,0,0,0,0,0,0,0,0,0,0,0,0,0,0,0,0,0,0,0,0,0,0,0,0,0,0,0,0,0,0,0,0,0,0,0,0,0,0,0,0,0,5475750,0,0,0,0,0,0,0,0,0,0,0,0,0,0,0,0,0,0,0,0,0,0,0,0,0,0,0,0,0,0,0,0,0,0,0,0,0,0,0,0,0,0,0,0,0,0,0,0,0,0,0,0
"MAR",0,0,0,0,0,0,0,0,0,0,0,0,0,0,0,0,0,0,0,0,0,0,0,0,0,0,0,0,0,0,0,0,0,0,0,0,0,0,9800,0,19600,0,0,0,0,0,0,0,0,0,0,0,0,38393950,0,0,0,0,0,0,0,0,0,0,0,0,0,0,0,0,0,0,0,0,0,0,0,0,0,0,0,0,0,0,0,1766450,0,0,0,0,0,0,0,0,0,0,0,0,12806150,0,0,0,0,0,0,0,0,0,0,0,0,0,0,0,0,0,0,0,0,0,0,0,0,0,0,0,0,0,0,0,0,0,0,0,0,0,0,0,0,0,0,0,0,0,0,0,0,0,0,0,0,0,0,0,0,0,2590105700,0,0,0,0,0,0,0,0,0,0,0,0,0,0,0,0,0,0,0,7607250,0,12681200,0,0,0,0,0,0,0,0,0,0,0,0,0,0,0,0
"MOZ",0,0,0,0,0,0,0,0,0,0,0,0,0,0,0,0,0,0,0,0,0,0,0,0,0,0,0,0,0,0,0,0,0,0,0,0,0,0,0,0,0,0,0,0,0,0,0,0,0,0,0,0,0,0,0,0,0,0,0,0,0,0,0,0,0,0,0,0,0,0,0,0,0,0,0,0,0,0,0,0,0,0,0,0,0,0,0,0,0,0,0,0,0,0,0,0,0,0,0,0,0,0,0,0,0,0,0,0,0,0,0,0,0,0,0,0,0,0,0,0,0,0,0,0,0,0,0,0,0,0,0,0,0,0,0,0,0,0,0,0,0,0,0,0,0,0,0,0,0,0,0,0,0,0,0,0,0,0,0,0,0,0,0,0,0,0,0,0,0,0,0,0,0,0,0,0,0,0,0,0,0,0,0,0,0,0,0,0,0,0,0,0,0,0,0
"MDA",0,73500,0,0,0,0,0,0,0,0,0,0,0,0,0,0,0,0,0,0,0,0,0,0,0,377300,0,0,0,0,9361450,383584250,0,0,0,0,0,0,9968565600,0,0,0,0,0,0,0,0,0,0,2366678600,0,0,0,5835900,0,0,2450,0,0,11260200,0,0,0,14703234200,0,0,0,0,0,0,0,29635200,0,0,0,0,0,0,0,2418150,1591214150,15086380750,0,0,0,0,0,2070250,0,0,0,0,0,9831850,0,12538295400,0,0,0,0,0,0,0,0,0,0,0,0,0,0,0,0,0,0,0,0,111264300,0,0,5740350,0,0,0,0,0,3309950,0,6240150,22050,0,0,0,0,96628000,0,0,0,0,0,0,75592672200,0,0,0,0,0,0,0,0,11289600,0,0,1558342850,0,0,0,0,0,0,3353581800,0,99050772400,0,0,45457300,0,0,0,0,0,0,0,44104639600,3641558600,0,0,2846900,1269928900,5279750,0,0,0,0,0,0,0,0,0,0,0,86656500,0,0,0,0
"NAM",0,0,0,0,0,0,16270450,61250,117600,0,0,0,0,0,0,1914672550,2450,0,0,0,0,0,0,8797950,0,19600,0,0,0,0,0,4549650,0,0,0,17150,0,0,2450,0,0,2450,0,0,0,0,0,0,0,0,0,0,39200,24500,0,19600,0,0,0,2467150,0,0,0,4900,0,0,0,0,0,0,0,0,0,0,0,66150,0,0,0,0,0,2450,0,0,0,46550,0,0,27964300,0,0,1626800,0,0,0,0,0,4900,0,61350,0,0,1908550,0,0,0,7350,0,7068250,0,0,0,0,0,0,0,22050,0,0,0,0,0,0,0,0,9800,0,4900,0,0,0,0,0,0,0,0,0,0,0,94988950,0,0,53900,0,0,2450,0,0,0,24500,0,0,0,26950,0,26469066750,2450,0,0,2205000,29400,732550,0,0,0,1743910000,0,0,0,0,0,0,0,9065000,0,0,16287600,0,6249950,0,0,0,0,0,0,0,3278581050,358172850,4900,0,0,0,0,0,0
"NPL",0,0,0,0,0,0,81395000,0,0,0,0,0,0,0,0,0,0,0,0,0,0,0,0,0,0,0,0,0,0,0,0,0,0,0,0,0,0,0,0,0,0,0,0,0,0,0,0,0,0,0,0,0,0,0,0,0,0,0,0,0,0,0,0,0,0,0,0,0,0,0,0,72360600,0,0,0,134196300,0,0,0,0,0,0,0,0,0,37977600,0,0,0,0,0,3317300,0,0,0,0,0,0,0,0,0,0,0,0,0,0,0,0,0,0,0,0,0,0,0,0,0,0,0,0,0,0,0,0,0,0,3670000,0,0,0,0,0,0,0,0,0,0,0,0,0,0,0,0,0,0,0,0,0,0,0,0,0,0,36750,0,0,0,0,0,0,0,0,0,0,0,0,0,0,0,0,0,0,0,0,0,0,58683300,0,3358750,0,0,0,0,0,0,0,0,0,7906150,0,0,0,0,0,0
"NLD",2434900,37448400,442365000,61250,66848250,412216950,8224713100,1992539950,23642500,1340212400,108777500,46279600,0,0,0,0,94751086900,0,0,0,0,1379185150,30242800,349231950,21221638100,37923301650,668495150,598650000,1023895450,8502918500,42252965400,28845220900,26208265250,229594400,9780879050,10623200,14893949750,13003486900,24745326800,7178500,5129045550,4685599700,0,8736271250,155658300,3956001850,147332300,1373761800,5484804800,559152200,0,22535100,2873113750,140124121950,218050,234653650,2252562050,6935012700,40356400,407006881650,108322900,33033413400,0,12087481600,0,4538050,55780416650,4639160950,128000950,1639167600,2488292500,4912382650,1972266600,388131500,424132450,301143950,603149800,0,3018366550,24906302200,41038147050,32769826800,18998868950,29784450,283156300,64902387300,2770053900,0,1188723050,85733875250,36800,36970235100,0,851866750,37587900,650405000,0,538899550,133037500,1113441100,1210300,979733950,2768464000,6671200800,9089800,5629596650,8554682300,9929850,4953827650,6903663400,28020300,4961804250,1263036800,142760150,28289952000,2563175200,0,0,44100,531180850,4613350,2676737700,6748477050,368212950,9168931200,2155558650,1468000,1368583550,1723644900,1484700,21983888600,20172761050,476671300,5062194500,2805337100,0,0,1032434650,1035037500,330600,3289039950,5047127200,8843893950,0,115150,343821150,1127107800,1891998250,2331718400,564148400,179022700,613814000,586928700,5014072850,37261750,77848442400,26730165650,2817170650,2011450,0,5218840750,2399149750,0,0,35362088100,3228352200,6612918950,13009780200,0,8997051050,1078742350,660466900,2787155900,17136480250,3091793600,0,92449277400,1513341750,256952245400,25344262350,480665600,188650,27687339500,8068219700,24580929050,275250,26746509100,0,415042451500,2456661550,893386550,88040750,58493750,0,0
"ANT",0,0,0,0,0,0,0,0,0,0,0,0,0,0,0,0,0,0,0,0,0,0,0,0,0,0,0,0,0,0,0,0,0,0,0,0,0,0,0,0,0,0,0,0,0,0,0,0,0,0,0,0,0,0,0,0,0,0,0,0,0,0,0,0,0,0,0,0,0,0,0,0,0,0,0,0,0,0,0,0,0,0,0,0,0,0,0,0,0,0,0,0,0,0,0,0,0,0,0,0,0,0,0,0,0,0,0,0,0,0,0,0,0,0,0,0,0,0,0,0,0,0,0,0,0,0,0,0,0,0,0,0,0,0,0,0,0,0,0,0,0,0,0,0,0,0,0,0,0,0,0,0,0,0,0,0,0,0,0,0,0,0,0,0,0,0,0,0,0,0,0,0,0,0,0,0,0,0,0,0,0,0,0,0,0,0,0,0,0,0,0,0,0,0,0
"NCL",0,0,0,0,0,0,0,0,0,0,0,0,0,0,0,0,0,0,0,0,0,0,0,0,0,0,0,0,0,0,0,0,0,0,0,0,0,0,0,0,0,4900,0,0,0,0,0,0,0,0,0,0,0,4449300,0,0,0,0,0,0,0,0,0,0,0,0,0,0,0,0,0,0,0,0,0,0,0,0,0,0,0,0,0,0,0,0,0,0,0,0,0,0,0,0,0,0,0,0,0,0,0,0,0,0,0,0,0,0,0,0,0,0,0,0,0,0,147000,0,0,0,0,0,0,0,0,0,0,0,0,0,0,0,0,0,0,0,0,0,0,0,0,0,0,0,0,0,0,0,0,0,0,0,0,9800,0,0,0,0,0,0,0,0,0,0,0,0,0,0,0,0,0,0,0,0,0,0,0,0,0,0,0,0,0,0,0,0,0,0,22050,0,0,0,0,0,0
"MKD",0,0,3819248650,0,0,0,44229850,1305850,0,0,0,0,0,0,0,0,0,0,0,0,0,5657050,0,0,0,0,0,0,0,0,0,0,0,0,0,0,0,0,3410400,0,0,0,0,0,0,0,0,0,0,0,0,0,0,0,0,0,0,0,0,15412950,0,0,0,15664280800,0,0,0,0,0,0,0,0,808500,60877600,0,0,0,0,0,0,0,0,0,0,0,0,0,0,0,0,0,0,0,0,0,0,0,0,0,0,0,0,0,0,0,0,51386300,0,0,0,0,0,0,0,0,0,41031250,0,0,0,0,0,0,0,0,0,0,0,132300,0,0,0,0,6820800,0,0,0,0,0,0,0,0,1816650,0,0,0,0,0,0,0,0,957950,0,0,0,0,0,0,0,0,105350,19947900,0,0,0,0,0,0,0,0,0,0,0,0,0,0,9667700,0,20486900,0,0,0,0,0,0,0,0,0,0,0,132084400,22524100,0,0,0
"VUT",0,0,0,0,0,0,0,0,0,0,0,0,0,0,0,0,0,0,0,0,0,0,0,0,0,0,0,0,0,0,0,7350,0,0,0,0,0,0,0,0,0,0,0,0,0,0,0,0,0,0,0,0,0,0,0,0,0,0,0,0,0,0,776650,0,0,0,0,0,0,0,0,0,0,0,0,0,0,0,0,0,0,0,0,0,0,0,0,0,0,0,0,0,0,0,0,0,0,0,0,0,0,0,0,0,0,0,0,0,0,0,0,0,0,0,0,0,0,0,0,0,0,0,0,0,0,0,0,0,0,0,0,0,0,0,0,0,0,0,0,0,0,0,0,0,0,0,0,0,0,0,0,0,0,0,0,0,0,0,0,0,0,0,0,0,0,0,0,0,0,0,0,0,0,0,0,0,0,0,0,0,0,0,0,0,0,0,0,0,0,0,0,0,0,0,0
"NZL",0,0,0,0,0,0,28790038400,0,0,744200,0,0,0,0,0,0,0,0,0,6158950,1266150,0,120050,0,0,19352550,0,0,78400,0,0,2405618200,0,0,0,1218826250,0,0,0,0,0,68559050,0,0,0,0,0,0,0,0,0,222223000,13927400,339255550,89861600,0,0,0,0,54597050,0,0,6823250,0,0,0,0,0,0,0,0,163659700,0,0,0,203632800,13798700,0,0,0,0,0,0,0,0,363965700,0,0,0,0,0,72482550,0,0,0,0,0,0,0,0,0,0,0,52634350,0,0,0,0,0,0,0,0,0,0,0,0,7648900,0,145077150,0,13237250,0,0,0,0,0,0,0,0,81147450,0,0,20181200,0,0,0,210700,0,0,0,0,0,66451450,0,0,0,0,70849350,0,0,0,0,0,225636950,0,0,0,0,0,0,0,3390800,0,0,615873500,0,126197950,0,586685100,0,0,0,0,16726150,0,24066350,349137300,0,899948750,0,0,0,0,16452150,0,0,0,0,105350,0,0,0,0,0,0
"NIC",0,0,0,0,0,0,60468450,0,14700,0,0,0,0,0,0,0,0,0,0,0,0,0,0,0,0,26460000,0,0,0,0,0,7350,0,0,0,0,1427181850,161876400,0,0,0,0,0,0,0,0,0,584731700,0,0,0,0,0,0,0,0,0,0,0,0,0,0,0,0,0,0,0,0,0,0,5157289200,19600,0,0,0,0,0,0,0,0,0,0,0,0,0,0,0,0,0,0,0,0,0,0,0,0,0,24500,0,0,0,0,0,0,0,0,0,0,0,0,0,0,0,0,0,0,0,0,0,0,0,0,0,0,0,0,0,426401550,0,0,0,0,0,0,61250,0,0,0,0,0,0,0,0,0,0,0,0,0,0,0,0,0,0,0,0,0,41267800,0,0,0,0,0,0,0,0,0,0,0,0,0,0,0,0,0,0,0,73500,0,1378079500,0,0,0,0,0,0,0,0,0,0,0,0,0,0,0,0
"NER",0,0,0,0,0,0,0,0,0,0,0,0,0,0,0,0,0,0,0,0,0,0,0,0,0,0,0,0,0,492450,0,0,0,0,0,0,0,0,0,0,17622550,0,0,0,0,0,0,0,0,0,0,0,0,0,0,0,0,0,0,0,0,0,0,0,0,0,0,0,0,0,0,0,0,0,0,0,0,0,0,0,0,0,0,0,0,0,0,0,784000,0,0,0,0,0,0,0,0,0,0,0,0,0,0,0,0,13024200,0,0,0,0,0,0,0,0,0,0,0,0,0,0,0,0,0,0,0,0,0,0,0,0,0,0,0,0,0,0,0,0,0,0,0,0,0,0,0,0,2450,0,121110000,0,0,0,0,0,0,0,0,0,0,0,0,0,0,0,0,0,0,0,0,0,0,0,0,0,0,0,0,0,0,0,0,0,0,0,0,0,0,0,0,0,0,0,0,0,0
"NGA",0,0,0,0,0,0,0,7653800,0,36800,0,0,0,0,0,0,0,0,0,0,0,0,0,0,0,4900,0,62475000,0,0,0,0,0,0,0,0,0,0,164150,0,959627650,779100,0,0,0,0,0,0,0,0,0,0,6739950,2758800,0,0,26950,0,0,49747250,0,0,0,0,0,0,0,0,0,0,0,0,0,0,0,921200,0,0,0,6000050,196000,2601900,4900,0,0,830550,0,0,41650,0,0,19600,0,0,0,0,0,0,0,0,0,0,0,0,0,0,3302600,0,0,0,0,0,39200,0,0,0,79176500,0,0,0,0,0,0,13965000,0,0,0,0,0,0,0,0,0,0,0,0,0,0,0,0,0,0,0,0,0,0,0,0,844100,0,0,0,0,73500,0,43254800,0,0,0,0,162200,1438150,0,0,0,0,0,529200,0,0,0,0,0,57650,24500,0,1402120300,17150,73620050,0,0,0,0,0,0,0,0,0,6322200,0,0,0,0,0,0
"NOR",0,0,0,0,0,494900,166864600,889350,0,58800,0,0,0,0,0,0,0,0,0,0,0,1504300,0,0,0,205800,0,0,0,0,2170700,41358450,0,0,0,0,0,0,0,0,0,215122250,0,0,0,0,0,0,0,497350,0,0,111151600,165264750,0,0,1594950,0,0,48227750,0,0,0,264600,0,0,0,0,0,0,0,3260950,0,0,77625750,0,0,0,0,22165150,0,41015450,0,0,0,10966200,0,0,0,0,0,651700,0,894250,0,0,0,0,0,444450,0,0,0,0,0,0,0,0,0,394450,0,0,0,0,0,0,31298100,0,0,0,0,22045100,0,0,0,0,0,0,5973100,0,0,0,0,3905300,1876700,0,0,0,0,0,0,0,13109950,0,0,0,0,0,0,0,0,0,0,3444700,0,0,22552250,0,0,0,2522438250,25382150,0,0,14945000,0,2648450,0,0,0,0,0,0,0,0,0,270960200,1984500,23620450,0,0,0,0,0,0,0,0,0,64699600,66150,0,0,0,0,0
"PAK",0,3110440000,0,0,0,0,0,0,0,87980000,0,0,0,0,0,0,0,0,0,0,0,0,0,0,0,0,0,0,0,0,0,0,0,0,0,0,0,0,0,0,0,0,0,0,0,0,0,0,0,0,0,0,0,0,0,0,0,0,0,0,0,0,0,0,0,0,0,0,0,0,0,0,0,0,0,0,0,0,0,0,0,0,0,0,0,0,0,0,0,0,0,0,0,0,0,0,0,0,0,0,0,0,0,0,0,0,0,0,0,0,0,0,0,0,0,0,0,0,0,0,0,0,0,0,0,0,0,0,0,0,0,0,0,0,0,0,0,0,0,0,0,0,0,0,0,0,0,0,0,0,0,0,0,0,0,0,0,0,0,0,0,0,0,0,0,0,0,0,0,0,64740000,0,0,79680000,0,0,0,0,1660000,0,0,0,0,0,0,0,0,0,0,0,0,0,0,0,0
"PAN",0,0,0,0,11051950,0,0,0,0,0,0,0,0,0,0,0,0,0,16789850,0,0,0,0,0,0,0,0,0,0,0,272707050,14927850,3741150,0,0,0,64469300,15283100,0,0,0,0,0,2175600,0,0,0,171500,0,0,0,0,0,0,0,0,0,0,0,0,0,0,0,0,0,0,0,0,15270850,2506350,727650,0,0,0,0,0,0,0,0,0,3437350,0,0,0,0,0,0,0,0,0,0,0,0,0,0,0,0,0,0,0,0,0,0,0,0,0,0,0,0,0,0,0,0,0,0,0,0,0,0,0,0,0,759500,0,0,0,0,0,0,0,0,0,0,0,0,0,0,0,0,0,0,0,0,0,93100,0,0,0,0,0,0,0,0,0,0,0,0,0,0,0,0,0,0,0,0,0,0,0,0,350350,0,0,0,0,0,0,0,0,36776950,0,102101300,0,15604050,0,0,0,0,0,0,0,0,0,0,0,0
"CZE",72625700,406700,528948250,17708600,0,1719900,588918750,204147236450,0,32509050,0,0,0,0,5017600,0,83608700,0,0,0,0,3589081150,0,0,15317400,3578722150,0,0,0,0,70615250,834363250,10089100,0,0,0,0,25717697150,88079950,75691550,0,374300350,0,13413750,1575961150,41963900,3880800,0,0,782198300,0,0,2213287550,6223347100,0,0,2034354250,0,0,1265667351650,120717300,46550,0,789941150,0,0,0,0,0,0,8070300,166257000,22238658550,8781726950,553526050,80231100,83300,0,85426600,2772946150,682900650,8409669800,0,312722850,171500,51757856650,6784050,1.15e+08,39200,16539950,0,6261656100,0,826882350,0,24500,0,0,0,1812957900,0,0,0,0,14467250,151900,12864950,0,0,37815750,270735100,7112350,0,3341600050,0,0,14602588950,0,0,7142067400,0,37957850,0,0,9800,363682900,44100,1369550,0,0,5017600,9976400,34907600,479791711450,26412700,0,0,0,0,0,32983944500,0,40550376150,0,0,0,0,0,88200,0,0,24948915800,178092495400,133906450,0,798893550,1756749600,0,0,0,13291102450,5032051500,2371024000,3096800,158358200,0,0,0,0,0,0,26950,385505300,319257100,0,0,7846212950,5658723500,7023947500,0,10985800,59984000,5238100,1201035200,0,0,0,5980000,796347950,18536700,4111984200,162454850,0,0,0
"PNG",0,0,0,0,0,0,0,0,0,0,0,0,0,0,0,0,0,0,0,0,0,0,0,0,0,0,0,0,0,0,0,0,0,0,0,0,0,0,0,0,0,0,0,0,0,0,0,0,0,0,0,0,0,0,0,0,0,0,0,0,0,0,0,0,0,0,0,0,0,0,0,0,0,0,0,0,0,0,0,0,0,0,0,0,0,0,0,0,0,0,0,0,0,0,0,0,0,0,0,0,0,0,0,0,0,0,0,0,0,0,0,0,0,0,0,0,2450,0,0,0,0,0,0,0,0,0,0,0,0,0,0,0,0,0,0,0,0,0,0,0,0,0,0,0,0,0,0,0,0,0,0,0,0,0,0,0,0,0,0,0,0,0,0,0,0,0,0,0,0,0,0,0,0,0,0,0,0,0,0,0,0,0,0,0,0,0,0,0,2450,0,0,0,0,0,0
"PRY",0,0,0,0,0,232162000,0,0,0,0,0,0,0,0,970715000,0,652871100,0,0,0,0,0,0,0,0,0,0,0,0,0,0,0,0,0,0,0,0,0,0,0,0,0,0,0,0,9800,0,0,0,0,0,0,0,0,0,0,0,0,0,0,0,0,0,0,0,0,0,0,0,0,0,0,0,0,0,0,0,0,0,0,0,0,0,0,0,0,0,0,0,0,0,0,0,0,0,0,0,0,0,0,0,0,0,0,0,0,0,0,0,0,0,0,0,0,0,0,0,0,0,0,0,0,0,0,0,0,0,0,0,0,0,0,0,0,0,0,0,0,0,0,0,0,0,0,0,0,0,0,0,0,0,0,0,0,0,0,5637450,0,0,0,0,0,0,0,0,0,0,0,0,0,0,0,0,0,0,0,0,0,0,0,2187850,0,0,0,0,0,0,0,0,0,0,0,0,0,0
"PER",0,0,0,0,0,530863650,4559450,0,0,0,0,0,0,0,0,0,523089700,0,0,0,0,0,0,0,0,1364700,0,0,0,0,5244911400,0,22313600,0,0,0,5772200,4900,0,0,0,0,0,0,0,222487150,0,0,0,0,0,0,0,0,0,0,0,0,0,0,0,0,0,0,0,0,373409600,0,0,0,9200000,242550,0,0,0,0,0,0,0,0,0,879800,0,0,0,22045100,0,0,0,0,0,0,0,0,0,0,0,0,0,0,0,0,0,0,0,0,0,0,0,9321250,0,0,0,0,0,0,1290050,0,0,0,0,0,0,0,0,0,0,58867400,0,0,0,0,0,0,0,0,0,0,0,0,0,0,0,0,0,0,0,0,0,0,0,0,0,68600,0,0,411303250,0,0,0,0,18400,0,0,0,0,0,0,0,0,0,0,0,0,0,0,14283500,0,933903950,0,0,0,0,0,0,0,0,0,21362850,0,0,0,0,0,0
"PHL",0,0,0,0,0,0,0,0,0,275250,0,0,0,0,0,0,0,0,0,0,0,0,0,0,0,0,0,0,0,0,0,1215200,0,0,0,0,0,0,1543800,0,0,1037500,0,0,0,0,0,0,0,0,0,0,0,0,0,0,0,0,0,0,0,0,0,0,0,0,0,0,0,0,0,121843750,0,0,0,44040000,5025698000,0,0,0,0,996000,0,0,0,14630300,0,0,0,0,0,615711250,1411000,0,0,0,0,0,0,0,0,0,0,42425200,38548250,0,411600,0,0,0,0,0,0,0,0,0,5088150,0,0,0,0,893950,0,0,1012600,880800,0,0,0,0,0,0,0,0,0,0,0,0,0,0,0,166000,0,0,0,0,0,0,0,0,0,0,0,171604350,0,0,605550,0,0,0,0,908950,0,0,264791550,0,12734050,0,0,0,0,0,0,62404200,0,0,5193050,0,43830500,0,0,0,0,1540359600,0,0,0,0,213150,0,0,0,0,0,0
"POL",235200,0,4900,73199882250,0,56909600,155983800,635831250,0,323823850,0,4515350,0,0,0,60720000,72765166050,0,0,0,0,2746805250,0,13041350,0,4199952150,0,0,717716850,0,441706400,3655169700,312159300,14112000,344098400,0,76364050,491470200,3529690400,132364600,6394500,17945792450,0,15846600,2023572500,125193800,4662350,0,0,1202511350,0,0,3535515950,16219779700,0,40106500,61315650,1009534400,4900,1083416445650,192746400,12382523600,0,622909000,0,29808000,5519760800,18414200,0,0,35059500,595016800,24594949300,4490877550,3694372100,262545200,3258500,0,702510150,6925320400,13019259850,21401488450,1032240000,62024500,0,9322803600,555091200,215600,7350,36724928000,0,10222117850,415200,1926393350,0,18816000,117760000,9800,3844050,9807531050,0,2366700,0,981504100,152650,355403050,135429100,8325100,29440000,615791650,241300,49782123350,6943056000,40918600,29440000,0,152000111750,0,2942450,1149538050,0,820750,7824011200,201377750,18299872100,2532755850,19766600,540529150,17093639100,0,73808700,45271100,0,0,9309084350,0,0,0,1822500,117760000,4656121950,238015050,5622651600,36800000,0,0,0,5081300,258965200,2776507400,0,2208956500,7225905150,343276150,0,6189749750,2048094650,0,1457750,264960000,3289857600,308780700,0,3452626450,1142905400,743171150,4748100,58966600,0,869105600,139569150,0,616377300,134100750,40219950,0,18223920000,4055301750,9068818600,3844142350,259962150,4169900,8043350,52488950,11123209100,0,0,382720000,5153706550,40250900,2757310050,194321750,54069050,0,0
"PRT",0,0,0,0,36818600,6852650,140900250,6254850,0,0,0,0,0,0,0,0,64696850,0,0,0,0,4297300,0,6549884800,2682750,147721750,4299168750,0,0,2450,3787700,6460708800,143347050,0,11532150,0,28353850,37526650,416500,0,98871250,1205400,0,66069150,0,6374900,0,49374850,77838400,8979250,0,0,22050,15273217500,0,0,0,2873850,20504050,2111979900,0,295266650,0,49000,0,0,0,50288700,0,0,659603700,11037250,342595700,0,1117200,6818350,0,0,48637400,53686700,65961350,264430850,958481500,0,0,4628050,0,0,0,0,0,56808150,0,9060100,0,0,0,2663150,0,289100,97223350,0,0,1813000,0,0,1169850,0,2450,2450,0,204300050,195262100,0,15890700,0,76680950,0,0,0,0,0,13445600,32484550,25664320000,3422650,0,406707350,176400,0,74095350,449310400,0,30529750,0,5207459750,0,0,0,0,33354300,685404900,4613350,0,0,0,4701529750,0,292878400,0,0,3675000,0,33547850,0,4014194050,70640223200,3292800,0,5654600,54790550,5859675200,0,0,12553800,0,0,68536300,0,0,0,1404104000,0,20180650,0,0,2232633400,0,666589050,518985950,73629850,0,105350,12840450,7034765800,0,0,0,524871950,2458874900,0,0,60566450,0,0
"GNB",0,0,0,0,0,0,0,0,0,0,0,0,0,0,0,0,0,0,0,0,0,0,0,0,0,0,0,0,0,0,0,0,0,0,0,0,0,0,0,0,0,0,0,0,0,0,0,0,0,0,0,0,0,0,0,0,0,0,0,0,0,0,0,0,0,0,0,0,0,0,0,0,0,0,0,0,0,0,0,0,0,0,0,0,0,0,0,0,0,0,0,0,0,0,0,0,0,0,0,0,0,0,0,0,0,0,0,0,0,0,0,0,0,0,0,0,0,0,0,0,0,0,0,0,0,0,0,0,0,0,0,0,0,0,0,0,0,0,0,0,0,0,0,0,0,0,0,0,0,0,0,0,0,0,0,0,0,0,0,0,0,0,0,0,0,0,0,0,0,0,0,0,0,0,0,0,0,0,0,0,0,0,0,0,0,0,0,0,0,0,0,0,0,0,0
"TLS",0,0,0,0,0,0,0,0,0,0,0,0,0,0,0,0,0,0,0,0,0,0,0,0,0,0,0,0,0,0,0,0,0,0,0,0,0,0,0,0,0,0,0,0,0,0,0,0,0,0,0,0,0,0,0,0,0,0,0,0,0,0,0,0,0,0,0,0,0,0,0,0,0,0,0,0,0,0,0,0,0,0,0,0,0,0,0,0,0,0,0,0,0,0,0,0,0,0,0,0,0,0,0,0,0,0,0,0,0,0,0,0,0,0,0,0,0,0,0,0,0,0,0,0,0,0,0,0,0,0,0,0,0,0,0,0,0,0,0,0,0,0,0,0,0,0,0,0,0,0,0,0,0,0,0,0,0,0,0,0,0,0,0,0,0,0,0,0,0,0,0,0,0,0,0,0,0,0,0,0,0,0,0,0,0,0,0,0,0,0,0,0,0,0,0
"ERI",0,0,0,0,0,0,0,0,0,0,0,0,0,0,0,0,0,0,0,0,0,0,0,0,0,0,0,0,0,0,0,0,0,0,0,0,0,0,0,0,0,0,0,0,0,0,0,0,0,0,0,0,0,0,0,0,0,0,0,0,0,0,0,0,0,0,0,0,0,0,0,0,0,0,0,0,0,0,0,0,0,0,0,0,0,0,0,0,0,0,0,0,0,0,0,0,0,0,0,0,0,0,0,0,0,0,0,0,0,0,0,0,0,0,0,0,0,0,0,0,0,0,0,0,0,0,0,0,0,0,0,0,0,0,0,0,0,0,0,0,0,0,0,0,0,0,0,0,0,0,0,0,0,0,0,0,0,0,0,0,0,0,0,0,0,0,0,0,0,0,0,0,0,0,0,0,0,0,0,0,0,0,0,0,0,0,0,0,0,0,0,0,0,0,0
"QAT",0,0,0,0,0,0,0,0,0,0,0,0,0,0,0,0,0,0,0,0,0,0,0,0,0,0,0,0,0,0,0,0,0,0,0,0,0,0,0,0,0,0,0,0,0,0,0,0,0,0,0,0,0,0,0,0,0,0,0,0,0,0,0,0,0,0,0,0,0,0,0,0,0,0,0,0,0,0,0,0,0,0,0,0,0,0,0,0,0,0,0,0,0,0,0,0,0,0,0,0,0,0,0,0,0,0,0,0,0,0,0,0,0,0,0,0,0,0,0,0,0,0,0,0,0,0,0,0,0,0,0,0,0,0,0,0,0,0,0,0,0,0,0,0,0,0,0,0,0,0,0,0,0,0,0,0,43847650,0,0,0,0,0,0,0,0,0,0,0,0,0,0,0,0,0,0,0,0,0,0,0,0,0,0,0,0,0,0,0,0,0,0,0,0,0,0
"ZWE",0,0,0,0,0,0,0,0,0,0,0,0,0,0,0,0,0,0,0,0,0,0,0,0,0,0,0,0,0,0,0,0,0,0,0,0,0,0,0,0,0,0,0,0,0,0,0,0,0,0,0,0,0,0,0,0,0,0,0,0,0,0,0,0,0,0,0,0,0,0,0,0,0,0,0,0,0,0,0,0,0,0,0,0,0,0,0,0,0,0,0,0,0,0,0,0,0,0,0,0,0,0,0,0,0,0,0,0,0,0,0,0,99452900,0,66240000,0,0,0,0,0,0,0,0,0,0,0,0,0,0,0,0,0,0,0,0,0,0,0,0,0,0,0,0,0,0,0,0,0,0,0,0,0,0,0,0,505242800,0,0,0,0,0,0,0,0,0,16265600000,0,0,0,0,0,0,0,0,0,0,0,0,0,0,0,0,0,0,0,0,0,1803200000,0,0,0,0,0,0,0
"ROU",0,0,510704950,0,494900,0,693350,6872345600,0,1363773000,0,0,0,0,0,0,0,0,0,0,0,8539321700,617437000,0,0,543900,0,0,0,0,0,72074100,0,0,0,0,0,0,225973356650,0,0,33087250,0,0,0,0,0,0,0,0,0,0,0,16913659250,0,0,0,0,0,7222492400,128884700,0,0,60299569200,0,0,0,0,0,0,0,0,17804754550,345533650,0,0,0,322283737800,329435027150,22295000,244161879800,24268244450,0,0,0,0,919207404000,0,0,0,0,0,149730340000,0,0,81534236600,0,0,237664092400,0,0,0,0,0,0,0,4973821900,0,0,0,0,71272847000,0,3973006450,0,0,2126146550,0,0,1321245800,0,0,0,0,0,53900,0,0,81972100,0,0,0,0,7743250,0,0,0,0,0,0,0,0,0,0,0,0,0,1677675016000,0,0,0,671300,88886850,154350,0,0,89069190550,0,0,0,8557850,2646900,15659012400,0,0,0,0,0,0,0,710268400,591930519000,485054514450,81394053750,0,0,744980350,20733400,26293400,0,0,210700,0,0,0,0,0,0,3551187500,1609650,461066600,2450,0,0,0
"RWA",0,0,0,0,0,0,0,0,0,0,0,0,0,0,0,0,0,0,0,0,0,0,0,0,0,0,0,0,0,0,0,0,0,0,9800,0,0,0,0,0,0,0,0,0,0,0,0,0,0,0,0,0,0,0,0,0,0,0,0,0,0,0,0,0,0,0,0,0,0,0,0,0,0,0,0,0,0,0,0,0,0,0,0,0,0,0,0,0,0,0,0,0,0,0,0,0,0,0,0,0,0,0,0,0,0,0,0,0,0,0,0,0,0,0,0,0,0,0,0,0,0,0,0,0,0,0,0,0,0,0,0,0,0,0,0,0,0,0,0,0,0,0,0,0,0,0,0,0,0,0,0,0,0,0,0,0,0,0,0,0,0,0,0,0,0,7911050,0,0,0,0,0,0,38964800,134750,526750,0,71050,0,32052800,0,0,0,0,0,0,0,1527341750,0,0,0,0,0,26362000,8246700,0
"RUS",95276484150,0,66809050,7.8518e+10,0,193572050,35314800,0,93100,300619900,0,0,0,0,0,0,213579626450,0,0,0,0,180269150,0,0,0,230640900,0,0,0,0,508688600,194691160650,47912200,0,4179700,0,73017350,0,9199988300,155657628200,0,9332050,0,49805968000,474070327100,0,2595000,24881817100,9106650,1434782350,0,0,726927250,232433950,0,8293250,133850622250,0,0,2221168850,0,21868700,0,82234450,0,0,19698000,9261000,0,0,34056517350,232750,0,0,0,10995600,107800,0,105824675500,78478400,475980566050,88871300,0,329526319150,0,25671350,805301729400,73853430650,88190200,0,0,152987750,276286083600,262043172900,4556925600,34089726800,0,86500,1149843903000,5069919600,0,0,0,0,0,0,146800,0,38857000,325899000,13898594200,41607974800,0,9872273000,0,0,118429350,0,0,13565650,0,271250000,0,0,12360163200,1593751950,0,34720077550,5812750,0,0,1918880800,0,1045662850,202635700,0,0,0,43379154400,0,22018150,0,0,16600,0,0,0,6457929905200,54706050,30571100,0,380600,29716050,4844000,0,8271200,216399100,0,3452116250,0,5811700,1401400,0,4792004700,389721500,0,20182950,0,0,0,45227122400,1157745486400,2645436732700,286225601900,0,0,934819550,138377454600,800335900,3603950,13764100,45714302200,0,114843750,498019600,0,74274200,0,6041700,0,271002650,224900,0,0,0
"KNA",0,0,0,0,0,0,0,0,0,0,695800,0,0,0,0,0,0,0,503538700,0,0,0,0,0,0,0,0,0,0,0,0,0,0,0,0,0,0,0,0,0,0,0,0,0,0,0,0,0,0,0,0,0,0,0,0,0,0,0,0,0,0,0,0,0,0,104554650,0,0,0,0,0,0,0,0,0,0,0,0,0,19600,0,0,0,0,0,0,0,0,0,0,0,0,0,0,0,0,0,0,0,0,0,0,0,0,0,0,0,0,0,0,0,0,0,0,0,0,0,0,0,0,0,0,0,0,0,0,0,0,0,0,0,0,0,0,0,0,0,0,0,0,0,0,0,0,96904850,249503100,0,0,0,0,0,0,0,0,0,0,0,0,0,0,0,0,0,0,0,0,0,0,0,105350,0,0,0,0,0,0,0,0,0,0,0,0,0,0,0,0,0,0,0,0,0,0,0,0,0
"LCA",0,0,0,0,44028950,0,0,0,4900,0,286510350,0,0,0,0,0,0,0,751032800,0,0,0,0,0,0,12250,0,0,0,0,0,0,7350,0,0,0,0,0,0,0,0,0,233977450,0,0,0,0,0,0,0,0,0,0,5456150,0,0,0,0,0,0,0,0,0,0,0,135764300,0,0,647868200,218960000,0,0,0,0,0,0,0,0,0,181300,0,0,0,0,125561600,0,0,0,0,0,0,0,0,0,0,0,0,0,0,0,0,0,0,0,0,0,0,0,0,0,0,0,0,0,0,0,100450,0,0,0,0,0,0,0,0,0,0,4900,0,0,0,0,0,0,0,0,0,0,49000,0,0,0,0,60274900,0,52841600,0,0,0,0,0,0,0,0,0,0,9800,78101100,0,0,0,0,0,0,0,0,0,0,0,1287019300,0,0,0,0,0,0,2513700,0,115150,0,0,0,0,0,0,0,0,0,0,0,0,0,0,0,0
"VCT",0,0,0,0,37421300,0,0,0,0,0,6028750,0,0,0,0,0,0,0,0,0,0,0,0,0,0,0,0,0,0,0,0,0,0,0,0,0,0,0,0,0,0,0,137165700,0,0,0,0,0,0,0,0,0,0,0,0,0,0,0,0,0,0,0,0,0,0,16321900,0,0,12450900,0,0,0,0,0,0,0,0,0,0,0,0,0,0,0,0,0,0,0,0,0,0,0,0,0,0,0,0,0,0,0,0,0,0,0,0,0,0,0,0,0,0,0,0,0,0,0,0,0,0,0,0,0,0,0,0,0,0,0,0,0,0,0,0,0,0,0,0,0,0,0,0,0,0,0,0,0,0,0,0,0,0,0,0,0,0,0,0,15290450,0,0,0,0,0,0,0,0,0,0,0,0,0,0,0,0,0,0,242550,0,0,0,0,0,0,0,0,0,0,0,0,0,0,0,0,0,0
"STP",0,0,0,0,0,0,0,0,0,0,0,0,0,0,0,0,0,0,0,0,0,0,0,0,0,0,0,0,0,0,0,0,0,0,0,0,0,0,0,0,0,0,0,0,0,0,0,0,0,0,0,0,0,0,0,0,0,0,0,0,0,0,0,0,0,0,0,0,0,0,0,0,0,0,0,0,0,0,0,0,0,0,0,0,0,0,0,0,0,0,0,0,0,0,0,0,0,0,0,0,0,0,0,0,0,0,0,0,0,0,0,0,0,0,0,0,0,0,0,0,0,0,0,0,0,0,0,0,0,0,0,0,0,0,0,0,0,0,0,0,0,0,0,0,0,0,0,0,0,0,0,0,0,0,0,0,0,0,0,0,0,0,0,0,0,0,0,0,0,0,0,0,0,0,0,0,0,0,0,0,0,0,0,0,0,0,0,0,0,0,0,0,0,0,0
"SAU",0,0,0,0,0,0,0,0,0,162269050,0,0,0,0,0,0,0,0,0,0,0,0,0,0,0,0,0,0,0,0,0,0,0,0,0,0,0,0,0,0,0,0,0,0,0,0,23304500,0,0,0,0,0,0,0,0,0,0,0,0,0,0,0,0,0,0,0,0,0,0,0,0,0,0,0,0,0,0,0,0,0,0,0,0,0,0,0,0,0,0,0,0,0,27286450,0,0,132560400,0,0,0,0,0,0,0,0,0,0,0,0,0,0,0,0,0,0,0,0,0,0,0,0,0,0,0,0,0,0,0,0,0,0,0,0,0,0,0,0,0,0,1214400,0,0,0,0,0,0,0,0,0,0,0,0,0,0,0,0,0,0,0,0,0,0,0,0,0,0,0,0,0,0,0,0,0,0,106652450,0,0,0,0,0,0,0,0,0,0,0,48057000,0,0,0,0,0,0,0,0,0
"SEN",0,0,0,0,0,0,0,0,0,0,0,0,0,0,0,0,0,0,0,0,0,0,0,0,0,18496800,0,0,0,0,0,0,0,0,0,0,0,0,0,0,0,0,0,0,0,0,0,0,0,0,0,0,0,32424450,0,0,0,0,1902639850,0,0,183500,0,0,0,0,0,12076538700,0,0,0,0,0,0,0,0,0,0,0,152616950,0,86556950,18400,0,0,0,0,0,0,0,0,0,0,0,0,0,0,7340000,0,0,0,0,0,0,0,25712412600,0,9121142750,0,0,0,0,0,0,0,0,45875000,0,0,0,0,0,0,22056700,0,0,0,0,0,0,0,0,0,0,0,2357364300,0,0,0,0,0,0,0,0,0,0,0,0,0,0,131936500,0,0,0,0,0,0,0,0,0,0,0,0,0,0,0,0,0,0,0,0,0,0,0,0,0,157314550,0,41159050,137901000,0,0,6642700,0,0,0,0,0,0,0,0,0,0,0,0
"SYC",0,0,0,0,0,0,0,0,0,0,0,0,0,0,0,0,0,0,0,0,0,0,0,0,0,0,0,0,0,0,0,0,0,0,0,0,0,0,0,0,0,0,0,0,0,0,0,0,0,0,0,0,0,0,0,0,0,0,0,164150,0,0,0,0,0,0,0,0,0,0,0,0,0,0,0,0,0,0,0,470400,0,0,0,0,0,0,0,0,0,0,0,0,0,0,0,0,0,0,0,0,0,0,0,0,0,0,0,0,0,0,0,0,0,0,0,0,0,0,0,0,0,0,0,0,0,0,0,0,0,0,0,0,0,0,0,0,0,0,0,0,0,0,0,0,0,0,0,0,0,0,0,0,0,0,0,0,0,0,0,0,0,0,0,0,0,0,0,0,0,0,0,0,0,0,0,0,0,0,0,0,0,0,0,0,0,0,0,0,0,0,0,0,0,0,0
"SLE",0,0,0,0,0,0,0,0,0,0,0,0,0,0,0,0,0,0,0,0,0,0,0,0,0,0,0,0,0,0,0,0,0,0,0,0,0,0,0,0,0,0,0,0,0,0,0,0,0,0,0,0,0,0,0,0,0,0,0,0,0,0,0,0,0,0,0,0,0,0,0,0,0,0,0,0,0,0,0,46550,0,0,0,0,0,0,0,0,0,0,0,0,0,0,0,0,0,0,0,0,0,0,0,0,0,0,0,0,0,0,0,0,0,0,0,0,0,0,0,0,0,0,0,0,0,0,0,0,0,0,0,0,0,0,0,0,0,0,0,0,0,0,0,0,0,0,0,0,41893050,0,0,0,0,0,0,0,0,0,0,0,0,0,0,0,0,0,0,0,0,0,0,0,0,0,0,0,0,0,0,0,0,0,0,0,0,0,0,0,0,0,0,0,0,0,0
"SVN",0,0,100409400,0,0,0,8683900,11009383350,0,0,0,0,0,0,0,0,0,0,0,0,0,16235250,0,0,0,1413650,0,0,0,0,0,12126500,0,0,0,0,0,0,55200,0,0,36800,0,0,0,0,0,0,0,7350,0,0,0,15422750,0,0,0,0,0,867692900,7331805100,0,0,3698400,0,0,0,0,0,0,0,3171050,1165153250,24634981400,0,0,0,0,0,4939200,17127950,68666803800,0,1227450,0,0,0,0,0,0,0,445900,0,0,0,0,0,0,0,0,0,0,0,0,0,0,0,0,0,91750,0,0,0,81419500,0,0,10565700,0,0,48275000,0,10564400,0,0,0,0,0,0,7350,0,0,91750,0,7362250,0,0,0,0,0,0,97341400,0,10872600,0,0,0,0,0,0,0,0,0,854016100,154350,0,0,0,0,0,0,0,8124200,0,0,0,0,0,0,0,0,0,0,0,0,0,0,1544700,0,2018500,0,0,0,0,0,0,0,0,0,36800,0,11639321250,127982600,0,0,0
"SVK",0,0,49588000,0,0,0,2450,149572662500,0,0,0,0,0,0,0,0,0,0,9800,0,0,3109452800,0,0,0,134708800,0,0,0,0,0,0,0,0,0,0,0,0,0,42655550,0,0,0,0,130298350,0,0,0,0,0,0,0,36800,2403450,0,0,0,0,0,70674395150,0,0,0,8458000,0,0,0,0,0,0,0,0,148132619750,13546490300,0,0,0,0,0,205371200,37044000,42613252750,0,38414550,0,22050,0,0,0,0,0,0,0,2293750,0,0,0,0,0,0,0,0,0,0,0,0,6247650,0,159250,828100,0,0,0,2793120000,0,0,17980133050,0,0,0,0,0,0,0,0,0,0,0,55863090700,0,0,0,0,625843207550,0,0,0,0,0,0,82083872400,0,4012532100,0,0,0,0,0,0,0,0,79938992450,0,68600,0,0,83300,0,0,0,0,10644625150,0,0,0,0,0,0,0,0,0,0,0,0,0,0,111075450,3866391500,3001250,0,0,0,4280150,176123150,0,0,0,0,44036900,0,3896999600,0,0,0,0
"SGP",0,0,0,0,0,0,1467107550,0,0,26619250,1496950,167038550,0,0,0,0,0,0,0,0,140580800,0,4978400,0,0,154216050,0,0,34409550,0,0,8378110650,552000,0,0,8070300,0,0,0,0,0,4138050,0,0,0,0,0,0,0,0,0,65165100,6499850,1672250,0,0,0,0,0,90650,0,0,263237800,1656200,0,0,0,0,0,0,0,764742900,0,0,0,206592350,5950694850,0,0,0,147933450,2217250,0,13303500,0,47691700,0,0,0,54353200,0,2076583250,0,0,5230750,0,0,0,0,0,0,0,0,3222477500,272225300,0,406700,0,18625200,0,1460200,0,0,0,0,13604850,4841200,0,0,0,0,68059850,0,0,0,3535350,1362200,0,17400,300915150,0,0,2765949350,0,0,0,10477700,0,17363150,0,0,0,0,0,0,0,0,0,0,11742000,0,0,0,0,0,0,0,0,0,0,0,0,0,0,2460569300,0,2038486150,0,78253000,0,117477500,0,22050,484611000,0,0,508781550,0,1608550,0,24024700,0,0,2995733350,0,0,4900,0,4953900,0,0,0,0,0,0
"SOM",0,0,0,0,0,0,0,0,0,0,0,0,0,0,0,0,0,0,0,0,0,0,0,0,0,0,0,0,0,0,0,0,0,0,0,0,0,0,0,0,0,0,0,0,0,0,0,0,0,0,0,0,0,0,0,0,0,0,0,0,0,0,0,0,0,0,0,0,0,0,0,0,0,0,0,0,0,0,0,0,0,0,0,0,0,0,0,0,0,0,0,0,0,0,0,0,0,0,0,0,0,0,0,0,0,0,0,0,0,0,0,0,0,0,0,0,0,0,0,0,0,0,0,0,0,0,0,0,0,0,0,0,0,0,0,0,0,0,0,0,0,0,0,0,0,0,0,0,0,0,0,0,0,0,0,0,0,0,0,0,0,0,0,0,0,0,0,0,0,0,0,0,0,0,0,0,0,0,0,0,0,0,0,0,0,0,0,0,0,0,0,0,0,0,0
"ZAF",0,0,0,19600,117600,0,17150000,269500,813400,14700,0,2450,0,0,0,41329466750,0,0,2450,0,0,0,0,0,453250,14700,0,0,0,0,0,14308000,0,29400,0,80850,75950,2450,619850,0,0,77850,0,0,0,4679500,0,0,0,0,0,0,360150,139650,0,0,7350,0,0,976550,0,2450,0,3856300,0,0,0,180750,51450,0,0,4128250,4900,0,0,90650,0,0,0,120050,0,98000,0,0,0,2601900,0,0,193836000,0,0,276850,8300000,0,0,0,31044350700,583100,0,0,0,0,846820000,0,0,0,575750,0,166473250,0,0,464800,18977588450,0,12539115100,0,35697550,0,0,0,73500,6877150,0,0,18400,289100,0,17821300,0,0,0,0,0,0,200900,0,0,0,0,2856303200,0,16600,573300,0,0,0,0,0,0,230300,19600,0,0,5186650,0,0,0,0,0,12704355900,3520650,355250,0,0,1332800,902575850,0,0,0,0,0,0,0,9261050,3461730750,0,35397600,14700,7222300,24500,0,0,4900,98000,2450,0,933802350,23936168450,2181600,2450,0,0,8810200,0,0
"ESP",19945450,0,0,181964802950,319423650,57459850,696481150,97095850,4900,1264165700,3175200,23424450,0,0,0,0,55791668500,0,0,0,0,147308700,0,0,68149200,456692500,88737350,960400,4640300,47944050,4408473300,19919092900,429012150,0,0,0,3316280300,10887370050,191387100,1078000,30732800,279733700,0,324654050,56200550,1426230750,1126700,123132100,16257588800,97056800,0,0,305921900,90646571400,0,0,238110600,12688550,40995850,1914158250,97296850,161896000,0,7851267800,0,0,107261000,280378000,0,0,344185800,566491450,71616000,154742000,11593400,214394600,0,0,39143650,1345252750,710823400,7253504050,74399150,128389800,0,395251200,64403150,6705650,95400550,4755450,0,1562178800,15898000,258631800,23777250,1901200,0,242809700,24420833150,139099200,1225000,0,0,13974800,20670600,40515650,130487000,642250,0,1275171950,0,109452948500,0,11936400,0,0,1762105600,0,460600,0,0,249214000,102532500,0,365050,493364350,0,795715900,25823000,0,185300850,307657300,36449200,259939350,467130826450,4858350,0,0,2619050,0,162437050,25604950,759169200,0,0,0,0,17304050,404110350,18536700,0,43710700,9917850,1227332400,0,9249578200,0,0,0,0,1176577250,641146700,0,0,1038744300,100644450,829211100,412902950,0,8170750,36438850,52418255850,204146700,267813650,0,0,26851092150,658268450,1802737600,695650700,1224889750,0,246806600,5555534700,196046000,0,200900,139650,15165685350,10114100,110904150,69898500,48593300,0,0
"SUR",0,0,0,0,0,0,0,0,0,0,0,0,0,0,0,0,0,0,0,0,0,0,0,0,0,0,0,0,0,0,0,0,0,0,0,0,0,0,0,0,0,0,0,0,0,0,0,0,0,0,0,0,0,512086750,0,0,0,0,0,0,0,0,0,0,0,0,0,0,31384500,0,0,0,0,0,0,0,0,0,0,0,0,0,0,0,0,0,0,0,0,0,0,0,0,0,0,0,0,0,0,0,0,0,0,0,0,0,0,0,0,0,0,0,0,0,0,0,58057650,0,0,0,0,0,0,0,0,0,0,0,0,0,0,0,0,0,0,0,0,0,0,0,0,0,0,0,0,0,0,0,0,0,0,0,0,0,0,0,0,0,0,0,0,0,0,0,0,0,0,0,0,0,0,0,0,0,0,0,0,0,0,0,0,0,118974450,0,0,0,0,0,0,0,0,0,0,0,0
"TJK",0,0,0,0,0,0,0,0,0,0,0,0,0,0,0,0,0,0,0,0,0,0,0,0,0,0,0,0,0,0,0,0,0,0,0,0,0,0,0,0,0,0,0,0,0,0,0,0,0,0,0,0,0,0,0,0,0,0,0,0,0,0,0,0,0,0,0,0,0,0,0,0,0,0,0,0,0,0,0,0,0,0,0,0,0,0,0,0,0,0,0,0,0,0,0,0,0,0,0,0,0,0,0,0,0,0,0,0,0,0,0,0,0,0,0,0,0,0,0,0,0,0,0,0,0,0,0,0,0,0,0,0,0,0,0,0,0,0,0,0,0,0,0,0,0,0,0,0,0,0,0,0,0,0,0,0,0,0,0,0,0,0,0,0,0,0,0,0,0,0,0,0,0,0,0,0,0,0,0,0,0,0,0,0,0,0,0,0,0,0,0,0,0,0,0
"SWZ",0,0,0,0,0,0,0,0,0,0,0,0,0,0,0,0,0,0,0,0,0,0,0,0,0,0,0,0,0,0,0,0,0,0,0,0,0,0,0,0,0,0,0,0,0,0,0,0,0,0,0,0,0,0,0,0,0,0,0,0,0,0,0,0,0,0,0,0,0,0,0,0,0,0,0,0,0,0,0,0,0,0,0,0,0,0,0,0,0,0,0,0,0,0,0,0,0,0,0,0,0,0,0,0,0,0,0,0,0,0,0,0,23130350,0,0,0,0,0,0,0,0,0,0,0,0,0,0,0,0,0,0,0,0,0,0,0,0,0,0,0,0,0,0,0,0,0,0,0,0,0,0,0,0,0,0,578650800,0,0,0,0,0,0,0,0,0,0,0,0,0,0,0,0,0,0,0,0,0,0,0,0,0,0,0,0,0,0,0,0,0,0,0,0,0,0,0
"SWE",0,0,0,0,0,0,4667250,33138400,0,0,0,0,0,0,0,0,102129400650,0,0,0,0,3711400,0,0,0,1621700,0,0,0,0,0,124792350,0,0,696440000,0,30943832000,0,88200,0,0,146825959200,0,0,0,0,0,19830455550,0,265068450,117097600,0,4830309500,49040226250,0,0,0,1928099200,0,397286293000,0,20936274400,0,585200,0,0,5526605600,0,0,0,29170127200,14486850,19349550,0,10381748250,0,0,0,0,41427073450,4740750,295180950,974132800,0,0,6634398600,0,0,5238020000,0,0,1493150,0,243356400,0,0,0,0,0,17082885700,0,0,0,102561600,0,0,291550,0,0,245000,421400,2.49e+10,0,0,0,0,333420749500,0,0,0,0,1569900,18772232000,0,5888184000,63918895450,0,0,5718300,0,0,0,0,68966506350,25536041750,0,0,0,0,0,9843376300,0,58368650,0,0,0,0,5.395e+10,0,0,0,0,1124550,747072100,0,8731800,22338171750,0,0,0,0,703398600,0,0,50146600,0,225400,0,0,0,0,0,68600,24500000,17263836800,0,124975285100,9960120050,45321400,0,0,0,0,8548936850,2762782050,0,0,0,121507324450,120050,1929550,0,0,0,0
"CHE",0,0,0,0,0,0,0,51697200,0,0,0,0,0,0,0,0,0,0,0,0,0,68600,0,0,0,0,0,0,0,0,0,14124250,0,0,0,0,0,0,0,0,0,309332100,0,0,0,0,0,0,0,0,0,0,0,889999300,0,0,0,0,0,2925481800,0,0,0,12250,0,0,0,0,0,0,0,3621100,10559800,41798800,0,18400,0,0,0,810950,16600,198670800,128800,0,0,2304300,0,0,0,0,0,92000,0,29400,0,0,0,0,0,0,0,0,0,0,0,0,0,0,0,0,0,0,0,0,0,0,38043800,0,0,0,0,0,0,0,102900,526750,0,0,1171100,0,0,0,0,14720000,56350,0,0,0,2450,0,12250,0,276850,0,0,0,0,0,0,0,0,0,0,12622400,0,0,7795900,0,0,0,369803000,0,0,0,18014850,0,237650,12250,0,0,0,0,0,1597400,0,0,216722450,0,2213600,0,0,0,0,5750150,0,0,0,0,62890900,8565200,0,659050,0,0,0
"SYR",0,0,0,0,0,0,0,0,0,0,0,0,0,0,0,0,0,0,0,0,0,0,0,0,0,0,0,0,0,0,0,0,0,0,0,0,0,0,0,0,0,0,0,0,292560000,0,0,0,0,0,0,0,0,0,0,0,0,0,0,0,0,0,0,0,0,0,0,0,0,0,0,0,0,0,0,0,0,0,0,0,0,0,0,0,0,0,74845200200,0,0,0,0,0,0,0,0,4917556700,0,0,0,0,0,0,0,0,0,0,0,0,0,0,0,5540017600,0,0,0,0,0,0,0,0,0,0,0,0,0,5998400,0,0,0,0,0,0,0,0,0,0,0,0,0,0,0,0,0,0,0,0,0,0,0,0,0,0,0,0,0,0,0,0,0,0,0,0,0,0,0,0,0,0,0,0,0,0,580343104800,16600,0,0,0,0,1104000,0,0,0,0,0,0,0,0,0,45632000,0,0,0,0,0,0
"TKM",0,0,0,0,0,0,0,0,0,0,0,0,0,0,0,0,0,0,0,0,0,0,0,0,0,0,0,0,0,0,0,0,0,0,0,0,0,0,0,0,0,0,0,0,0,0,0,0,0,0,0,0,0,0,0,0,0,0,0,0,0,0,0,0,0,0,0,0,0,0,0,0,0,0,0,0,0,0,0,0,0,0,0,0,0,0,0,0,0,0,0,0,0,0,0,0,0,0,0,0,0,0,0,0,0,0,0,0,0,0,0,0,0,0,0,0,0,0,0,0,0,0,0,0,0,0,0,0,0,0,0,0,0,0,0,0,0,0,0,0,0,0,0,0,0,0,0,0,0,0,0,0,0,0,0,0,0,0,0,0,0,0,0,0,0,0,0,0,0,0,0,0,0,0,0,0,0,0,0,0,0,0,0,0,0,0,0,0,0,0,0,0,0,0,0
"TWN",0,0,0,0,0,2386300,21708450,0,0,0,0,0,0,0,0,0,0,0,0,0,0,0,0,0,0,11997650,0,0,0,0,0,871304900,0,0,0,0,0,0,4356100,0,0,88200,0,0,0,0,0,0,0,0,0,0,0,9719150,749700,0,0,0,0,404250,0,0,0,0,0,0,0,0,0,0,0,227948250,0,0,0,0,0,0,0,0,0,793800,0,0,0,641238500,0,0,0,432400,0,70993650,0,4240950,0,0,0,0,0,0,30514200,0,0,10110200,0,0,0,0,0,0,0,0,0,0,0,0,2231950,0,0,0,0,26950,0,0,19600,0,0,0,0,0,0,0,1234150,0,0,0,0,0,0,0,0,0,16922150,0,0,0,0,0,0,0,0,0,0,148386700,0,605400,0,0,0,0,0,399350,0,0,0,0,394450,0,0,0,0,0,0,0,0,0,9819600,0,456328550,0,24500,0,0,399250,0,0,0,0,14700,0,0,0,0,0,0
"TZA",0,0,0,0,0,0,0,0,0,0,0,0,0,0,0,0,0,0,0,0,0,0,0,3603950,0,0,0,0,0,0,0,0,0,0,0,0,0,0,0,0,0,4410000,0,0,0,0,0,0,0,0,0,0,0,0,0,0,0,0,0,1470000,0,0,0,0,0,0,0,0,0,0,0,0,0,0,0,0,0,0,0,0,0,0,0,0,0,0,0,0,87984400,0,0,0,0,0,0,0,0,0,0,0,0,0,0,0,0,0,0,0,0,0,0,0,9.2e+07,0,0,0,0,0,0,0,0,0,0,0,0,0,0,0,0,0,0,0,0,0,0,0,0,0,0,0,0,1559641650,0,0,0,0,0,0,0,0,0,0,0,0,0,5142550,0,0,0,0,0,0,0,0,0,0,0,0,0,0,0,0,0,0,3970036500,0,0,0,0,0,0,0,0,0,0,0,490000,498000,0,0,0,0,0,0,0
"THA",0,0,0,0,0,0,1049651050,35358400,0,69388900,0,20295100,0,0,0,0,0,0,0,0,2324000,0,36923496000,0,0,160972250,0,0,4988200,0,6597850,721525000,11123000,0,0,0,0,0,0,0,62004650,84255750,0,0,0,0,0,0,0,9765700,0,0,113011150,649154450,0,0,0,2450,4832307350,357150800,0,62885450,25712750,0,0,0,0,155020800,70280500,0,640525100,9835598850,0,0,7631750,37999500,2699907650,0,0,39729200,1848365750,47321750,0,0,0,1537057600,0,0,0,5898524450,0,974343550,0,0,997608950,0,0,247578200,0,0,0,0,0,1224513450,33652200,0,0,3812836400,583100,22395450,3900400,36750,0,0,0,1739500,867673450,0,416500,0,4385500,150628400,0,0,0,48218450,0,0,12267150,0,2450,0,3261625600,8538250,0,0,0,0,0,0,0,0,347231150,0,0,0,0,0,247578200,0,92337200,0,27618850,7055621800,0,5951050,92999550,0,0,0,523573500,465820950,0,0,3337558750,0,0,184857900,0,0,0,0,0,11401530700,0,0,5479936800,0,1128951550,0,0,0,0,1618078500,0,0,0,0,0,0,0,0,0,0,0
"TGO",0,0,0,0,0,0,0,0,0,0,0,0,0,0,0,0,0,0,0,0,0,0,0,0,561255800,0,0,0,0,0,0,0,0,0,0,0,0,0,0,0,4549848300,0,0,0,0,0,0,0,0,0,0,0,0,8266300,0,0,0,0,0,0,0,0,0,0,0,0,0,0,0,0,0,0,0,0,0,0,0,0,0,2450,0,0,40836600,0,0,0,0,0,0,0,0,0,0,0,0,0,0,0,0,0,0,0,0,0,0,918071350,0,4802000,0,0,0,0,0,0,0,0,46407900,0,0,0,0,0,0,1121884400,0,0,0,0,0,0,0,0,0,0,0,0,0,0,0,0,0,0,0,0,0,0,0,0,6149500,0,0,0,0,0,0,0,0,0,0,0,0,0,0,0,0,0,0,0,0,0,0,0,0,0,0,0,0,0,52205750,1423574950,0,0,0,0,0,0,0,0,8330000,0,0,0,0,0,0
"TON",0,0,0,0,0,0,0,0,0,0,0,0,0,0,0,0,0,0,0,0,0,0,0,0,0,0,0,0,0,0,0,0,0,0,0,0,0,0,0,0,0,0,0,0,0,0,0,0,0,0,0,0,0,0,0,0,0,0,0,0,0,0,0,0,0,0,0,0,0,0,0,0,0,0,0,0,0,0,0,0,0,0,0,0,0,0,0,0,0,0,0,0,0,0,0,0,0,0,0,0,0,0,0,0,0,0,0,0,0,0,0,0,0,0,0,0,0,0,0,0,0,0,0,0,0,0,0,0,0,0,0,0,0,0,0,0,0,0,0,0,0,0,0,0,0,0,0,0,0,0,0,0,0,0,0,0,0,0,0,0,0,0,0,0,0,0,0,0,0,0,0,0,0,0,0,0,0,0,0,0,0,0,0,0,0,0,0,0,0,0,0,0,0,0,0
"TTO",0,0,0,0,281750000,0,0,0,20320300,0,234545850,0,0,0,0,0,0,0,943250,0,0,0,0,0,0,257482750,0,0,0,0,0,0,0,0,0,0,10324300,273797300,0,0,0,0,165284350,0,0,0,0,0,0,0,0,0,0,524084400,0,0,0,0,0,13570550,0,0,0,0,0,415489150,0,0,1951841500,0,0,0,0,0,0,0,0,0,0,0,0,0,0,0,44273950,0,0,0,0,0,0,0,0,0,0,0,0,0,0,0,0,0,0,0,0,0,0,0,0,0,0,0,0,0,0,0,250166400,0,0,0,0,0,0,0,0,0,0,0,0,0,0,0,0,0,0,0,0,0,0,0,0,0,66400,8708150,7509250,95224150,0,0,0,0,0,0,0,0,0,0,0,12149550,0,0,8663200,0,0,0,0,0,0,0,0,0,0,0,0,0,0,0,50202950,0,11872700,0,0,0,0,0,0,0,0,0,0,0,0,0,0,0,0
"OMN",0,0,0,0,0,0,0,0,0,146800,0,0,0,0,0,0,0,0,0,0,0,0,0,0,0,0,0,0,0,0,0,0,0,0,0,0,0,0,0,0,0,0,0,0,0,0,0,0,0,0,0,0,0,0,0,0,0,0,0,0,0,0,0,0,0,0,0,0,0,0,0,0,0,0,0,2082500,0,0,0,0,0,0,0,0,0,0,0,0,0,0,0,0,0,0,0,0,0,0,0,0,0,0,0,0,0,0,0,0,0,0,0,0,0,0,0,0,0,0,0,0,0,0,0,0,0,0,0,0,0,0,0,0,0,0,0,0,0,0,42785500,0,0,0,0,0,0,0,0,0,0,0,0,0,0,166000,0,0,0,0,0,0,0,0,0,0,0,0,0,0,0,0,0,0,0,65856500,0,0,0,0,2219700,0,0,0,0,0,0,119520000,0,0,0,0,0,0,0,0,0
"TUN",0,0,0,0,0,0,0,0,0,0,0,0,0,0,0,0,0,0,0,0,0,0,0,0,0,190900000,0,0,0,0,0,0,0,0,0,0,0,0,0,0,0,0,0,0,0,0,0,0,0,0,0,0,0,63295750,0,0,0,0,0,2450,0,0,0,0,0,0,0,0,0,0,0,0,0,0,0,0,0,0,0,0,0,20751500,0,0,0,1673350,0,0,0,0,0,0,0,0,0,0,0,0,0,0,0,0,0,0,0,0,0,0,0,0,0,0,0,0,0,0,0,0,0,0,0,0,0,0,0,0,0,0,0,0,0,0,0,0,0,0,0,0,0,0,0,0,0,0,0,0,0,0,1095696350,0,0,0,0,0,0,0,0,0,0,0,0,71800,0,0,0,0,0,0,0,0,0,0,0,0,0,0,0,0,0,0,0,0,0,0,0,0,0,0,2450,0,0,0,0,0,0
"TUR",0,235200,46589200,0,3219550,0,23718450,137944800,7053000,85906800,17150,0,0,0,0,0,2960950,0,56350,0,0,580223700,0,0,0,2152709650,0,0,0,0,11782050,3049620350,49000,51450,0,102900,0,0,104982244800,2053269900,41196750,11975600,0,0,0,0,137200,0,0,3390800,0,0,38749200,193327050,0,78400,7496389150,0,0,37446500,47929700,4321800,0,2930200,0,0,0,82200,0,0,0,23042250,39200,872200,0,24500,0,6640000,31228004150,18735150,13211366400,3033100,105249550,49000,0,44986900,0,0,0,0,151900,147465500,128800,276850,0,5134391650,0,16652300,6664000,4255100,0,0,0,0,0,0,21388350,0,0,61250,2450,2450,0,410500,0,0,57460650,0,0,0,53900,0,0,0,0,18326000,5520000,20783050,14700,0,0,0,1055950,0,3640150,0,0,0,43046550,0,577104850,0,3947200,102900,0,51450,0,7350,93016700,78400,41650,0,33021100,37511950,29400,0,7386150,0,0,0,63866650,110149550,138785421850,63584850,5314050,73500,1754450,2450,0,0,225662150,88200,0,17429300,0,0,2100056700,14700,49823200,4221350,0,0,28834050,49000,1433250,0,0,0,32284450,1521450,32645700,0,0,0,0
"ARE",0,97366250,5728100,0,0,2664010150,816440100,0,0,4934862700,0,33852550,0,0,0,0,274400,0,0,0,13328000,0,1447950,49548800,0,266116950,0,521850,142612050,0,0,2433023950,0,271950,2501450,0,257250,0,100486750,4581500,48441400,10873100,0,0,0,0,27119050,0,0,0,0,0,7989450,0,0,16454200,0,0,2364250,59044400,0,90240850,0,49482650,0,0,0,2158450,0,0,0,4647772500,0,0,0,173790750,2636200,1992000,15239100,13021750,0,4669771050,0,0,0,659050,10086650,0,366561650,0,0,502250,49470803750,0,0,10875550,0,0,17150,15145900,0,0,0,11319000,69835950,763600,0,0,0,565685400,0,0,0,0,10652600,810950,829969600,0,0,0,0,90049750,0,0,63700,0,460373650,0,1043700,0,0,0,10731000,573300,0,0,0,232750,6556200,0,2813700000,2423050,29713600,0,0,0,0,75441500,0,257487800,19600,0,0,227088050,5184200,71050,48323800,0,0,0,987350,33200,0,8502550,78211350,74903850,75200300,0,0,0,119138686100,0,0,0,222950,0,158142600,0,63922400,0,0,0,0,19678400,36750,45319200,19188400,2806750,195223350,4735850,0,0,5955950,4489600,0
"UGA",0,0,0,0,0,0,0,0,0,0,0,0,0,0,0,0,0,0,0,0,0,0,0,300296500,0,0,0,0,0,0,0,0,0,0,0,0,0,0,0,0,0,0,0,0,0,0,0,0,0,0,0,0,480200,0,0,0,0,0,0,0,0,0,0,0,0,0,0,0,0,0,0,0,0,0,0,0,0,0,0,0,0,0,0,0,0,0,0,0,2722282350,0,0,0,0,0,0,0,0,0,0,0,0,0,0,0,0,0,0,0,0,0,0,0,0,0,0,0,429250,0,0,0,0,0,0,0,0,0,0,0,0,0,0,0,0,0,0,0,0,0,0,0,0,0,0,0,0,0,0,0,0,0,0,0,0,0,2959600,0,0,0,0,0,0,0,0,0,0,872540900,0,0,0,0,0,0,0,122500,0,0,367500,0,0,0,0,0,0,0,0,0,3518491550,0,0,0,0,0,72608200,3048260600,0
"TUV",0,0,0,0,0,0,0,0,0,0,0,0,0,0,0,0,0,0,0,0,0,0,0,0,0,0,0,0,0,0,0,0,0,0,0,0,0,0,0,0,0,0,0,0,0,0,0,0,0,0,0,0,0,0,0,0,0,0,0,0,0,0,0,0,0,0,0,0,0,0,0,0,0,0,0,0,0,0,0,0,0,0,0,0,0,0,0,0,0,0,0,0,0,0,0,0,0,0,0,0,0,0,0,0,0,0,0,0,0,0,0,0,0,0,0,0,0,0,0,0,0,0,0,0,0,0,0,0,0,0,0,0,0,0,0,0,0,0,0,0,0,0,0,0,0,0,0,0,0,0,0,0,0,0,0,0,0,0,0,0,0,0,0,0,0,0,0,0,0,0,0,0,0,0,0,0,0,0,0,0,0,0,0,0,0,0,0,0,0,0,0,0,0,0,0
"GBR",0,0,79189100,263767360000,12220450,4890864000,11093323150,568060300,0,163091200,77937300,10724350,0,0,26130400,0,5037221850,0,0,0,25734800,389837650,1171269800,0,2744948800,25754465950,0,0,4755444750,0,1127724400,15155760100,6628745400,0,0,0,84578500,0,555062200,0,0,16834760450,0,771931650,138474000,160382550,129979050,1195600,169050,5013908900,302271100,3586800,1442271650,115274565000,0,345450,14616700,0,0,107031406450,0,18203250,0,1900704850,0,268051200,0,0,58083500,0,8405950,1880860350,557828850,795083700,6673918750,959352400,7218681100,0,0,615750172350,51526669300,18240881200,7688752800,51089850,139625150,259046962400,54623250,965300,74617900,4630500,0,13623592000,575600,161415200,0,106047450,0,539000,0,377714100,0,3312000,0,4455302050,0,0,331893500,0,3202688550,3733317450,0,305336962900,216972800,0,0,48318400,1178999644100,0,734000,79443450,0,2809974000,0,0,768966900,5124199850,817997200,90208650,830084550,0,43222300,2268022800,611569800,19059364400,602485629350,0,0,0,96071750,0,993999550,4715950,10894942900,99084000,681100,840350,0,110885147900,0,0,6239000,1232744950,1184142650,1889301950,0,6918127700,301031605550,0,0,50040500,9353583150,3613278350,0,0,18131566700,458150,30375212900,115718400,0,9610032350,54859300,133251894300,2569876550,884606100,54425450,0,0,543894850,189294912950,11338006400,253943300,0,0,20423733900,840350,0,0,0,285697989250,10246900,289854700,945700,3324650,0,0
"UKR",1016402500,0,65674700,405521290300,44100,0,64035650,2633750,4900,1406582850,0,35373604000,0,0,0,0,45415800000,0,0,0,0,193037700,0,0,19176150,16037700,0,0,0,0,523604200,8952925501200,0,9427600,29777300,4900,0,0,173299959100,1953555600,23787550,9800,0,0,27001448400,0,50668669600,0,268049600,228827550,0,0,0,373994250,0,4794650,18756871650,9606450,23769900,1110680350,0,32298350,0,6550491350,0,0,0,4794650,0,0,0,145091450,0,4843650,0,10940107600,0,180071023200,4054738800,74303600,494813146300,10180007050,28642950,37146700,0,374850,405064584600,7350,700919600,0,0,4666108000,70550184000,187586700,0,183017636500,0,134750,1214707556400,6710929750,0,0,0,93690400,24372600,139086500,3461850,0,4814250,225851200,2690100,239315045400,0,47167361150,0,0,4622550550,0,0,12534200,0,129132150,0,57761200,4814250,3993500,1741403600,47311950,6093150,0,11571350,34182400,58800,4007489300,27297900,14281050,0,10134720000,146684472400,0,50939247850,12492550,0,0,0,0,0,1696393292200,0,850423050,0,0,4180466250,120914850,0,2359199950,119380021100,0,0,0,8403500,1303400,4696953400,8574644400,1647446850,4804450,0,69556350,0,0,46020749200,1094019846000,1554859963750,157067806100,190347850,0,114574250,0,2258786800,81651150,271611900,2337300,0,15793513400,16883513700,0,373451050,0,9800,0,0,16600,0,0,0
"USA",0,6999650,0,0,34158750,287785650,2963686250,0,1931138600,39699800,299732800,2160900,0,0,36767150,0,1699535250,0,79535550,0,0,0,0,0,0,741283623650,0,0,1411200,0,44201470100,5263936700,1954571650,0,0,0,3907120650,13854750,63055650,0,0,1631234500,0,4510784650,0,497658300,0,1642065400,12191200,0,0,0,96571650,1188825750,35811650,0,14912200,0,0,191798900,0,46456900,16172450,12423950,0,32209400,6970600800,0,377701800,191766150,22782436450,413721150,208250,19920000,191345000,292160000,41745950,0,165575900,1481706100,82525650,504709250,0,0,792866650,90903613050,43470350,0,4204200,0,0,29193117750,88602850,40772900,0,0,0,0,0,111658600,0,0,0,209478000,0,0,50538600,0,0,1386604943700,0,902604500,0,0,0,137200,2567463000,0,0,0,0,684993950,625570150,0,0,157868150,1119650,17592742650,30738800,0,5949836300,978491850,2609000,3292800,35563800,0,0,0,83763450,0,0,0,168516650,0,87844900,0,0,150842500,0,0,0,5676650,0,1412997000,0,2381131250,244708600,24213350,0,0,3123260000,201725650,0,0,14564079300,8410850,170931100,0,0,1037408700,1770600400,0,488562200,867208200,0,0,9980510550,30720550,0,0,687952650,0,173175800,12551400,0,0,0,0,600558700,226365300,0,0,0,0,0
"BFA",0,0,0,0,0,0,0,0,0,0,0,0,0,0,0,0,0,0,0,0,0,0,0,0,0,0,0,0,0,0,0,0,0,0,0,0,0,0,0,0,0,0,0,0,0,0,0,0,0,0,0,0,0,0,0,0,0,0,0,0,0,0,0,0,0,0,0,0,0,0,0,0,0,0,0,0,0,0,0,0,0,0,0,0,0,0,0,0,0,0,0,0,0,0,0,0,0,0,0,0,0,0,0,0,0,0,0,0,0,0,0,0,0,0,0,0,0,0,0,0,0,0,0,0,0,0,0,0,0,0,0,0,0,0,0,0,0,0,0,0,0,0,0,0,0,0,0,0,0,0,0,0,0,0,0,0,0,0,0,0,0,0,0,0,0,0,0,0,0,0,0,0,0,0,0,0,0,0,0,0,0,0,0,0,0,0,0,0,0,0,0,0,0,0,0
"URY",0,0,0,0,0,29953610800,0,0,0,0,0,0,0,0,44807013150,0,1233620139850,0,0,0,0,0,0,0,0,0,0,0,0,0,8293400,87443886400,53031500,0,0,0,0,539028000,0,0,0,0,0,9269404800,0,0,0,0,0,0,0,0,0,0,0,0,0,0,0,33200,0,0,0,0,0,0,0,0,0,0,0,0,0,0,0,0,0,0,0,36800,0,0,0,0,0,0,0,0,0,0,0,0,0,0,0,0,0,0,0,0,0,0,0,0,0,0,0,16515000,0,9307750,0,0,0,0,0,0,445900,0,0,0,0,0,0,91750000,0,0,0,0,0,0,114066457600,16788256650,0,0,0,0,0,0,0,0,0,0,657559200,0,0,0,0,45299408000,0,0,0,0,0,64225000,0,558207000,1862000,0,0,0,0,0,0,0,0,0,0,0,0,0,0,0,0,0,0,0,21500,0,3819500,0,0,0,0,0,0,0,0,0,49800,0,0,0,0,0,0
"UZB",0,0,0,0,0,0,0,0,0,0,0,0,0,0,0,0,0,0,0,0,0,0,0,0,0,0,0,0,0,0,0,0,0,0,0,0,0,0,0,0,0,0,0,0,0,0,0,0,0,0,0,0,0,0,0,0,0,0,0,0,0,0,0,0,0,0,0,0,0,0,0,0,0,0,0,0,0,0,0,0,0,0,0,0,0,0,0,0,0,0,0,0,0,0,0,0,0,0,0,0,0,0,0,0,0,0,0,0,0,0,0,0,0,0,0,0,0,0,0,0,0,0,0,0,0,0,0,0,0,0,0,0,0,0,0,0,0,0,0,0,0,0,0,0,0,0,0,0,0,0,0,0,0,0,0,0,0,0,0,0,0,0,0,0,0,0,0,0,0,0,0,0,0,0,0,0,0,0,0,0,0,0,0,0,0,0,0,0,0,0,0,0,0,0,0
"VEN",0,0,0,0,0,0,0,0,0,0,0,0,0,0,0,0,0,0,0,0,0,0,0,0,0,0,0,0,0,0,33346950,0,0,0,0,0,0,0,0,0,0,0,0,40378450,0,0,0,0,0,0,0,0,0,0,0,0,0,0,0,0,0,0,0,0,0,0,0,0,0,0,0,0,0,0,0,0,0,0,0,0,0,0,0,0,0,0,0,0,0,0,0,0,0,0,0,0,0,0,0,0,0,0,0,0,220500,0,0,0,0,0,0,0,0,0,0,0,0,0,0,0,0,0,0,0,0,0,0,0,0,0,0,14361900,0,0,0,0,0,0,0,0,0,0,0,0,0,0,0,0,0,0,0,0,0,0,0,0,6425800,0,0,0,0,0,0,0,0,0,0,0,0,4900,0,0,0,0,0,0,0,0,6862900,0,0,0,0,0,0,0,0,0,0,0,0,0,0,0,0
"VNM",3572100,0,0,0,0,0,6337086700,226000,0,0,0,0,0,0,0,0,13737150,0,0,0,0,0,9730792400,0,0,494539850,0,0,188015250,0,275250,1338790250,0,0,0,0,0,0,306250,0,0,41015450,0,0,0,0,0,0,0,0,0,0,22544900,73786650,0,0,0,0,0,85563800,0,0,0,0,0,0,0,0,0,0,0,4526360450,12250,0,22050,140100800,531663500,0,0,2450,0,56129500,0,0,0,1083889800,0,0,471896950,43770540350,0,203212800,0,47532450,1914233750,0,0,0,0,0,1070650,0,0,309530550,387100,0,0,0,259634150,0,38313100,0,0,0,0,1002050,323348550,0,0,0,0,214257400,0,0,0,46550,0,0,3785250,0,0,2712150,9563547900,11257750,0,0,0,0,1481492950,0,0,0,239151050,0,0,0,0,0,0,0,0,0,0,5341763150,0,13982150,29948800,0,0,0,5081300,13656300,0,0,1338177650,0,3967261950,0,0,38828600,0,0,0,1256041500,0,0,187460200,399350,3657896550,0,0,0,0,0,0,0,0,0,14511350,0,0,0,0,0,0
"ETH",0,0,0,0,0,0,7905750,0,0,0,0,0,0,0,0,0,0,0,0,0,0,0,0,0,0,9393000,0,0,0,0,0,0,0,0,0,0,0,0,0,0,0,0,0,0,0,0,0,0,0,0,0,0,0,0,0,151569250,0,0,0,7401000,0,0,0,0,0,0,0,0,0,0,0,0,0,0,0,0,0,0,0,0,119171750,4101300,0,0,0,0,0,0,1906100,0,0,0,0,0,0,0,0,0,0,0,0,0,0,0,0,0,0,0,0,0,0,0,0,0,0,0,41502500,0,0,0,0,0,0,0,0,625600,0,0,0,0,0,0,0,0,0,0,0,0,0,0,0,0,0,0,0,0,0,0,0,0,0,0,0,0,0,10036900,0,0,0,0,20291250,11671800,0,0,0,0,0,0,0,0,0,0,3973900,0,0,0,23693550,0,49856300,0,0,0,0,0,0,0,0,0,12331600,0,0,0,9408000,223547800,0
"YEM",0,0,0,0,0,0,0,0,0,0,0,0,0,0,0,0,0,0,0,0,0,0,0,0,0,0,0,0,0,0,7350,0,0,0,0,0,0,0,0,0,0,0,0,0,0,0,0,0,0,0,0,0,0,0,0,0,0,0,0,0,0,0,0,0,0,0,0,0,0,0,0,0,0,0,0,0,0,0,0,0,0,0,0,0,0,0,0,0,0,0,0,0,42031200,0,0,0,0,0,0,0,0,0,0,0,0,0,0,0,0,0,0,0,0,0,0,0,0,0,0,0,0,0,0,0,0,0,0,0,0,0,0,0,0,0,0,0,0,0,0,0,0,0,0,0,0,0,0,36536600,0,0,0,0,0,0,0,0,0,0,0,0,0,0,0,0,0,0,0,0,0,0,42064400,0,0,2705800,0,0,0,0,171994550,0,0,0,0,0,0,0,0,0,0,0,0,0,0,0,0
"COD",0,0,0,0,0,0,0,0,0,0,0,0,0,0,0,0,0,0,0,0,0,0,0,1100050,0,0,0,0,0,0,0,0,0,0,0,0,0,0,0,0,0,0,0,0,0,0,0,0,0,0,0,0,0,61250,0,0,0,85750,0,0,0,0,0,0,0,0,0,0,0,0,0,0,0,0,0,0,0,0,0,7350,0,0,0,0,0,0,0,0,0,0,0,0,0,0,0,0,0,0,0,0,0,0,0,0,0,0,0,0,0,0,0,0,0,0,0,0,46550,0,0,0,0,0,0,0,0,0,0,0,0,0,0,0,0,0,0,0,0,0,0,0,0,972650,0,0,0,0,0,0,0,0,0,0,0,0,0,0,0,0,0,0,0,29400,0,0,0,0,0,0,0,0,0,0,0,0,428750,0,0,0,0,0,0,0,0,0,0,0,0,0,11799050,0,0,0,0,0,0
"ZMB",0,0,0,0,0,0,0,0,0,0,0,0,0,0,0,0,0,0,0,0,0,0,0,99360000,0,0,0,0,0,0,0,0,0,0,0,0,0,0,0,0,0,0,0,0,0,0,0,0,0,0,0,0,0,0,0,0,0,0,0,0,0,0,0,0,0,0,0,0,0,0,0,0,0,0,0,0,0,0,0,0,0,0,0,0,0,0,0,0,0,0,0,0,0,0,0,0,0,0,0,0,0,0,0,0,0,0,0,0,0,0,0,0,17150,0,2695000,0,0,0,0,0,0,0,0,0,0,0,0,0,0,0,0,0,0,0,0,0,0,0,0,22050000,0,0,0,0,0,0,0,0,0,0,0,0,0,0,0,763038050,0,0,0,0,0,0,0,0,0,1379448000,0,0,0,0,0,0,0,2450,0,0,0,0,0,0,0,0,0,0,0,0,4696650,0,0,0,0,0,0,0,0
"BEL",179904850,4365900,62011950,31056040800,4476150,3248745750,5830085350,2876873400,2792320150,213740450,12426400,987384600,0,0,152044200,0,216018539750,0,55365850,2230816000,0,316128150,7949780800,40554160250,57015075900,9385489100,64802500,519677150,5108576000,6240745850,3932703250,21538706200,17292880450,13913550,45396342150,0,27801592700,193035500,3088649750,70466900,14858098000,5902637850,0,19184037900,1809969050,7937906600,83580950,316231300,5223760000,1011645500,0,0,1763124400,359982197800,1659387050,20249250,350645250,52663543100,28275450,113075452350,0,17414795750,0,1395900500,0,0,88434752550,9415004400,2830882650,19350092650,118227200,4633297900,1798862850,164239550,724079450,3150150200,18942079900,0,460643150,29099535750,3803510200,38534725650,85831477100,269644550,677193600,53720774600,115017000,16634400,2204254950,57210094050,0,35672274300,1245000,1242494100,6546993300,4260034400,0,4461551650,0,874016200,196000,13249587150,5568104350,17947188200,0,2981025900,573631950,0,9567092250,282470107000,12779200,9308339000,43131968650,106353600,7364900,38670500,1077573357300,0,9156237850,49600800,956800,4556075750,15550150,145182100,377831844200,3430452350,1369550,17464490850,580831050,2167851200,301710150,8954254150,49876028600,2870282550,1887805850,0,0,0,428294300,0,1307463200,36035897550,47264937100,3123750,4443600000,0,0,0,2179300600,3550050,3719798600,1214251900,691877900,27325646350,0,205918278850,98877404000,5242796750,0,0,5181982000,2653416650,169238150,0,2317013950,88643139450,22619582500,14044618950,0,23532250,333151000,11057669300,1555204800,7772843350,86485000,0,61581810600,5520728400,83359249800,45204748050,516405550,1361624250,64763577700,75373849700,63239040700,0,79243213200,3381000,0,13010385200,496136950,45984050,0,0,0
"LUX",0,0,0,0,0,0,0,0,0,0,0,0,0,0,0,0,0,0,0,0,0,0,0,0,23284800,17150,0,0,0,0,0,2450,0,0,0,0,0,0,0,0,0,0,0,0,0,0,0,0,0,0,0,0,0,3063946800,0,0,0,0,0,27751936000,0,0,0,0,0,0,0,0,0,0,0,0,0,0,0,0,0,0,0,0,0,1195600,4900,0,0,4900,0,0,0,0,0,0,0,0,0,0,0,0,0,0,0,0,0,0,0,0,0,0,0,0,0,0,0,0,0,0,4791112050,0,0,0,0,0,0,0,0,4900,0,0,61250,0,0,0,0,0,44041200,0,0,0,0,0,0,0,4900,0,0,0,0,0,0,0,0,0,0,0,0,0,0,0,0,0,75950,39200,0,0,874650,0,0,0,0,0,0,0,0,173950,0,0,24500,0,8013950,0,0,0,0,0,0,0,0,0,10753893700,0,0,0,0,0,0
"SRB",0,0,11631116550,0,0,0,40317200,203984550,0,0,0,0,0,0,0,0,0,0,0,0,0,11831167300,0,0,0,6345500,0,0,0,0,49800,38315550,0,0,0,0,0,0,627200,0,0,4900,0,0,830000,0,0,0,0,0,0,0,992250,47074300,0,0,0,0,0,187687800,70145259150,0,0,8695922950,0,0,0,0,0,0,0,5931450,6468726700,49604534400,0,17054450,0,0,166000,0,0,7606014350,0,0,0,0,0,0,4900,0,0,0,0,0,0,0,0,0,4280150,0,0,0,0,0,0,0,2555350,0,0,0,0,0,0,0,0,4895100,2597000,0,0,10876045950,0,0,0,0,0,1428350,0,0,1325450,0,0,0,0,61889450,0,0,0,0,337511200,0,258064930350,0,34819400,0,0,0,0,0,0,0,0,804077250,37849500,210700,0,0,0,0,0,0,4392850,586168100,0,0,0,0,0,0,0,0,0,0,498896400,2219700,0,0,29066800,25494700,29471050,0,0,46480000,0,94084900,0,0,0,0,1991850,240100,0,24715137350,0,0,0
"MNE",0,0,940422700,0,0,0,27863850,2450,0,0,0,0,0,0,0,0,0,0,0,0,0,1251950,0,0,0,0,0,0,0,0,0,0,0,0,0,0,0,0,0,0,0,0,0,0,0,0,0,0,0,0,0,0,0,0,0,0,0,0,0,27587000,1462831300,0,0,9457000,0,0,0,0,0,0,0,0,2499000,4900,0,0,0,0,0,0,0,5710950,0,0,0,0,0,0,0,0,0,0,0,0,0,0,0,0,0,0,0,0,0,0,0,0,0,0,0,0,0,0,0,0,0,0,0,0,0,45844400,0,0,0,0,0,0,0,14700,0,0,0,0,0,0,0,0,0,0,0,0,0,0,0,0,0,0,0,0,0,0,0,0,0,0,0,0,0,0,0,0,1501850,0,0,0,0,0,0,0,0,0,0,198450,0,0,0,0,4900,0,13171200,0,0,0,0,0,0,0,0,0,14700,0,97189050,0,0,0,0
"SDN",0,0,0,0,0,0,0,0,0,0,0,0,0,0,0,0,0,0,0,0,0,0,0,0,0,0,0,0,0,0,0,0,0,0,0,0,0,0,0,0,0,0,0,0,0,0,0,0,0,0,0,0,0,0,0,0,0,0,0,0,0,0,0,0,0,0,0,0,0,0,0,0,0,0,0,0,0,0,0,0,0,0,0,0,0,0,0,0,0,0,0,0,0,0,0,0,0,0,0,0,0,0,0,0,0,0,0,0,0,0,0,0,0,0,0,0,0,0,0,0,0,0,0,0,0,0,0,0,0,0,0,0,0,0,0,0,0,0,0,0,0,0,0,0,0,0,0,0,0,0,0,0,0,0,0,0,0,0,0,0,0,0,0,0,0,0,0,0,0,0,0,0,0,0,0,0,0,0,0,0,0,0,0,0,0,0,0,0,0,0,0,0,0,0,0
"SSD",0,0,0,0,0,0,0,0,0,0,0,0,0,0,0,0,0,0,0,0,0,0,0,0,0,0,0,0,0,0,0,0,0,0,0,0,0,0,0,0,0,0,0,0,0,0,0,0,0,0,0,0,0,0,0,0,0,0,0,0,0,0,0,0,0,0,0,0,0,0,0,0,0,0,0,0,0,0,0,0,0,0,0,0,0,0,0,0,0,0,0,0,0,0,0,0,0,0,0,0,0,0,0,0,0,0,0,0,0,0,0,0,0,0,0,0,0,0,0,0,0,0,0,0,0,0,0,0,0,0,0,0,0,0,0,0,0,0,0,0,0,0,0,0,0,0,0,0,0,0,0,0,0,0,0,0,0,0,0,0,0,0,0,0,0,0,0,0,0,0,0,0,0,0,0,0,0,0,0,0,0,0,0,0,0,0,0,0,0,0,0,0,0,0,0
"PSE",0,0,0,0,0,0,0,0,0,0,0,0,0,0,0,0,0,0,0,0,0,0,0,0,0,0,0,0,0,0,0,0,0,0,0,0,0,0,0,0,0,0,0,0,0,0,0,0,0,0,0,0,0,0,0,0,0,0,0,0,0,0,0,0,0,0,0,0,0,0,0,0,0,0,0,0,0,0,0,0,0,0,0,0,0,0,0,0,0,0,0,0,0,0,0,0,0,0,0,0,0,0,0,0,0,0,0,0,0,0,0,0,0,0,0,0,0,0,0,0,0,0,0,0,0,0,0,0,0,0,0,0,0,0,0,0,0,0,0,0,0,0,0,0,0,0,0,0,0,0,0,0,0,0,0,0,0,0,0,0,0,0,0,0,0,0,0,0,0,0,0,0,0,0,0,0,0,0,0,0,0,0,0,0,0,0,0,0,0,0,0,0,0,0,0
