"","ARM","AFG","ALB","DZA","ATG","ARG","AUS","AUT","BHS","BHR","BRB","BGD","BMU","BTN","BOL","BWA","BRA","ARB","BLZ","SLB","BRN","BGR","MMR","BDI","CMR","CAN","CPV","CAF","LKA","TCD","CHL","CHN","COL","COM","COG","COK","CRI","CUB","CYP","AZE","BEN","DNK","DMA","DOM","BLR","ECU","EGY","SLV","GNQ","EST","FRO","FJI","FIN","FRA","PYF","DJI","GEO","GAB","GMB","DEU","BIH","GHA","KIR","GRC","GRL","GRD","GTM","GIN","GUY","HTI","HND","HKG","HUN","HRV","ISL","IND","IDN","IRN","IRQ","IRL","ISR","ITA","CIV","KAZ","JAM","JPN","JOR","KGZ","KEN","KHM","PRK","KOR","KWT","LVA","LAO","LBN","LSO","LBR","LBY","LTU","MAC","MDG","MWI","MYS","MDV","MLI","MLT","MRT","MUS","MEX","MNG","MAR","MOZ","MDA","NAM","NPL","NLD","ANT","NCL","MKD","VUT","NZL","NIC","NER","NGA","NOR","PAK","PAN","CZE","PNG","PRY","PER","PHL","POL","PRT","GNB","TLS","ERI","QAT","ZWE","ROU","RWA","RUS","KNA","LCA","VCT","STP","SAU","SEN","SYC","SLE","SVN","SVK","SGP","SOM","ZAF","ESP","SUR","TJK","SWZ","SWE","CHE","SYR","TKM","TWN","TZA","THA","TGO","TON","TTO","OMN","TUN","TUR","ARE","UGA","TUV","GBR","UKR","USA","BFA","URY","UZB","VEN","VNM","ETH","YEM","COD","ZMB","BEL","LUX","SRB","MNE","SDN","SSD","PSE"
"ARM",0,0,0,0,0,24088400,6546400,0,0,0,0,0,0,0,0,0,9800,0,0,0,0,764400,0,0,0,2940000,0,0,0,0,0,16287600,0,0,0,0,0,0,0,0,0,0,0,0,0,0,0,0,0,0,0,0,0,105791000,0,0,47025300,0,0,29400,0,0,0,6428800,0,0,0,0,0,0,0,0,0,0,0,0,0,0,42909300,0,0,0,0,0,0,0,0,0,0,0,0,0,0,7384300,0,0,0,0,0,7203000,0,0,0,0,0,0,0,0,0,0,0,0,0,0,0,0,0,0,0,0,0,0,0,0,0,0,0,0,9800,0,0,0,0,44359700,0,0,0,0,0,0,0,0,1476737500,0,0,0,0,0,0,0,0,0,0,0,0,0,0,0,0,0,0,0,0,0,0,0,0,0,0,0,0,0,0,563500,0,0,0,22981000,204810200,0,23544500,0,0,0,0,0,0,0,49524300,0,0,0,0,0,0
"AFG",0,0,0,0,0,0,0,0,0,0,0,0,0,0,0,0,0,0,0,0,0,0,0,0,0,0,0,0,0,0,0,0,0,0,0,0,0,0,0,0,0,0,0,0,0,0,0,0,0,0,0,0,0,0,0,0,0,0,0,0,0,0,0,0,0,0,0,0,0,0,0,0,0,0,0,0,0,0,0,0,0,0,0,0,0,0,0,0,0,0,0,0,0,0,0,0,0,0,0,0,0,0,0,0,0,0,0,0,0,0,0,0,19560800,0,0,0,0,0,0,0,0,0,0,0,0,0,5072960000,0,0,0,0,0,0,0,0,0,0,0,0,0,0,0,0,0,0,0,0,0,0,0,0,0,0,0,0,0,0,0,0,0,0,0,0,0,0,0,0,0,0,0,0,0,0,0,0,0,0,0,0,0,0,627200,0,0,0,0,0,0,0,0,0,0,0,0,0
"ALB",0,0,0,0,0,0,0,0,0,0,0,0,0,0,0,0,0,0,0,0,0,0,0,0,0,0,0,0,0,0,0,9084600,0,0,0,0,0,0,0,0,0,0,0,0,0,0,0,0,0,0,0,0,0,499800,0,0,0,0,0,0,0,0,0,0,0,0,0,0,0,0,0,0,0,4762800,0,0,0,0,0,0,0,14200200,0,0,0,0,0,0,0,0,0,0,0,0,0,0,0,0,0,0,0,0,0,0,0,0,0,0,0,0,0,0,0,0,0,0,0,0,0,0,0,0,0,0,0,0,0,0,0,0,0,0,0,5586000,0,0,0,0,0,0,0,0,0,0,0,0,0,0,675423900,0,0,9143400,0,0,0,0,0,0,0,0,0,1068200,0,0,0,0,0,0,0,0,0,0,0,0,0,0,1675800,0,0,0,0,0,0,0,0,0,0,0,0,0,994700,38979500,0,0,0
"DZA",0,0,0,0,0,0,0,0,0,0,0,0,0,0,0,0,0,0,0,0,0,0,0,0,0,0,0,0,0,0,0,0,0,0,0,0,0,0,0,0,0,0,0,0,0,0,0,0,0,0,0,0,0,92596900,0,0,0,0,0,0,0,0,0,0,0,0,0,0,0,0,0,0,0,0,0,0,0,0,0,0,0,0,0,0,0,0,0,0,0,0,0,0,0,0,0,0,0,0,0,0,0,0,0,0,0,0,0,66400000,0,0,0,0,0,0,0,0,355700,0,0,0,0,0,0,920000,0,0,0,0,0,0,0,0,0,0,0,0,0,0,0,0,0,0,0,0,0,0,0,0,0,0,0,0,0,0,0,0,0,0,0,0,0,4900,0,0,0,0,0,4477900,0,0,0,0,0,0,0,0,0,0,0,0,0,0,0,0,0,0,0,0,53900,0,0,0,0,0,0
"ATG",0,0,0,0,0,0,0,0,0,0,0,0,0,0,0,0,0,0,0,0,0,0,0,0,0,0,0,0,0,0,0,0,0,0,0,0,0,0,0,0,0,0,0,0,0,0,0,0,0,0,0,0,0,0,0,0,0,0,0,0,0,0,0,0,0,0,0,0,0,0,0,0,0,0,0,0,0,0,0,0,0,0,0,0,0,0,0,0,4900,0,0,0,0,0,0,0,0,0,0,0,0,0,0,0,196000,0,0,0,0,0,0,0,0,0,0,0,0,0,0,0,0,0,0,0,0,0,0,0,0,0,0,0,0,0,0,0,0,0,0,0,0,0,0,0,0,117600,0,0,99090000,0,0,0,0,0,0,0,0,0,0,0,0,0,0,0,0,0,0,0,0,0,0,0,0,0,0,0,0,0,0,0,0,0,0,0,0,0,0,0,0,0,0,0,0,0,0
"ARG",0,0,0,0,0,0,0,0,0,0,0,0,0,0,0,0,6734141404800,0,0,0,0,0,0,0,0,0,0,0,0,0,492478655900,7.662311e+12,1023648960000,0,0,0,0,0,0,0,0,0,0,0,0,0,0,0,0,0,0,0,0,0,0,0,0,0,0,0,0,0,0,0,0,0,0,0,0,0,0,0,0,0,0,0,0,0,0,0,0,0,0,0,0,0,0,0,0,0,0,0,430550880000,0,0,0,0,0,0,0,0,0,0,0,0,0,0,0,0,0,0,0,0,0,0,0,0,0,0,0,0,0,0,0,0,0,0,0,0,0,16695015200,0,0,0,0,0,0,0,0,0,0,0,0,0,0,0,0,1865527920000,0,0,0,0,0,0,0,0,0,0,0,0,0,0,0,0,0,0,0,0,0,0,177686400000,0,0,455789520000,0,0,0,0,0,0,9389193800,0,0,0,0,0,0,0,0,0,0,0,0,0,0
"AUS",0,0,0,0,0,0,0,0,105696000,2517149800,0,1159353000,0,0,0,0,410354975100,0,0,3314680800,452547700,0,91155059400,0,0,641626100,0,0,6161355300,0,25543200,5021779252600,318372500,0,879814400,163241600,0,0,0,0,7569760000,0,0,265120800,0,129303708000,1294776000,527452400,0,0,0,14569687700,370449800,0,149415700,0,0,4675513600,0,7479700,0,396580200,92263800,0,0,0,330189900,0,67124300,0,0,15369186300,146800,0,0,21117530100,107181291900,639056840000,215955552000,0,59674200,735468000,11021228300,0,14496500,6935034324100,2.0916e+11,0,36112800,268047997500,0,702966460000,1805194686400,134028400,0,37764300,0,293600,0,67050900,83044800,21708320000,287728000,44971007900,13212000,0,0,0,14504459200,1068029096000,39122200,0,0,0,0,149931200,387650000,0,22432317500,0,1448083400,249092689000,0,0,10685828900,161700,9786034300,0,0,50338531500,220200,514605688000,1918562988200,379441300,0,0,339964700,0,1871073403200,0,0,0,0,0,0,0,0,12419310223200,292682500,0,685115600,0,0,229983038700,0,108869732800,13280000,0,0,0,0,0,0,0,209424679800,22959520000,6767507829400,875840000,17469200,0,500237680000,0,11670600,1562568263700,0,0,1182108000,0,3783288000,5943200000,15377300,0,0,5700179088800,189907292800,0,36568886800,0,27635100,0,0,0,0,0,0
"AUT",0,0,4326636100,0,14700,0,161954800,0,529200,0,0,0,0,0,0,0,2212000,0,0,0,0,61150051000,0,0,0,1280722800,0,0,0,0,307215800,1109877000,4600000,0,0,0,0,177118400,593600,758185600,0,604380200,0,524300,539022200,0,0,0,0,181586600,0,0,37525900,4000189700,0,0,57375100,0,0,143886924400,36547768400,0,0,242601300,0,0,0,0,0,0,0,64003800,22697203800,86701319100,9800,9800,9800,402473200,0,191995600,286302100,421297253100,0,513783600,0,879576900,0,0,0,0,0,2030969200,240100,3610803000,0,49080900,0,0,0,2246755300,0,0,0,470483300,18110400,0,39382300,0,0,52932500,86773100,0,0,0,323400,0,69156686900,0,4900,10319201000,0,25286500,0,0,53900,499800,132300,1710100,100895361600,0,11524800,0,14700,69547835800,190994200,0,0,0,171500,0,88300429000,0,13100706800,0,0,0,0,94318400,34300,0,0,32618739300,4075858300,339090000,0,26845100,46862900,0,0,0,765344600,9340086400,0,0,113871100,0,2616000,0,0,0,68600,9800,165136800,213473800,0,0,1741869000,1100846300,2965636100,0,0,0,0,80600100,0,0,0,0,501017100,10022900,6214024000,3316900,0,0,0
"BHS",0,0,0,0,0,0,0,0,0,0,0,0,0,0,0,0,0,0,0,0,0,0,0,0,0,0,0,0,0,0,0,0,0,0,0,0,0,0,0,0,0,0,0,0,0,0,0,0,0,0,0,0,0,0,0,0,0,0,0,0,0,0,0,0,0,0,0,0,0,0,0,0,0,0,0,0,0,0,0,44100,0,0,0,0,0,0,0,0,0,0,0,0,0,0,0,0,0,0,0,0,0,0,0,0,0,0,0,0,0,0,0,0,0,0,0,0,58800,0,0,0,0,0,0,0,0,0,0,0,0,0,0,0,0,0,0,0,0,0,0,0,0,0,0,0,0,0,0,0,0,0,0,0,0,0,0,0,0,0,0,0,0,0,0,0,0,0,0,0,0,0,0,0,0,0,0,0,0,0,122500,0,0,0,0,0,0,0,0,0,0,0,0,0,0,0,0
"BHR",0,0,0,0,0,0,0,0,0,0,0,0,0,0,0,0,0,0,0,0,0,0,0,0,0,0,0,0,0,0,0,0,0,0,0,0,0,0,0,0,0,0,0,0,0,0,0,0,0,0,0,0,0,0,0,0,0,0,0,0,0,0,0,0,0,0,0,0,0,0,0,0,0,0,0,0,0,0,0,0,0,0,0,0,0,0,0,0,0,0,0,0,0,0,0,0,0,0,0,0,0,0,0,0,0,0,0,0,0,0,0,0,0,0,0,0,0,0,0,0,0,0,0,0,0,0,0,0,0,0,0,0,0,0,0,0,0,0,0,0,0,0,0,0,0,0,0,0,0,0,0,0,0,0,0,0,0,0,0,0,0,0,0,0,0,0,0,0,0,0,0,0,0,12627300,0,0,3920000,0,0,0,0,0,0,0,0,0,0,0,2239300,0,0,0,0,0,0
"BRB",0,0,0,0,103140100,0,0,0,651700,0,0,0,0,0,0,0,0,0,0,0,0,0,0,0,0,0,0,0,0,0,0,0,0,0,0,0,0,0,0,0,0,0,9800,0,0,0,0,0,0,0,0,0,0,42791700,0,0,0,0,0,0,0,0,0,0,0,10936800,0,0,0,0,0,0,0,0,0,0,0,0,0,63700,0,0,0,0,9800,0,0,0,0,0,0,0,0,0,0,0,0,0,0,0,0,0,0,0,0,0,0,0,0,53900,0,0,0,0,0,0,0,0,0,0,0,0,0,0,0,0,0,0,0,0,0,0,0,0,0,0,0,0,0,0,0,0,0,4321400,88200,354900,0,0,0,0,0,0,0,0,0,0,0,4900,0,0,0,0,0,0,0,0,0,0,0,38171000,0,0,0,0,0,0,80781400,0,85186500,0,0,0,0,0,0,0,0,0,0,0,0,0,0,0,0
"BGD",0,0,0,0,0,0,0,0,0,13720000,0,0,0,0,0,0,0,0,0,0,0,0,0,0,0,0,0,0,0,0,0,0,0,0,0,0,0,0,0,0,0,36700,0,0,0,0,0,0,0,0,0,0,0,0,0,0,0,0,0,0,0,0,0,0,0,0,0,0,0,0,0,0,0,0,0,0,0,0,0,0,0,0,0,0,0,0,0,0,0,0,0,0,0,0,0,0,0,0,0,0,0,0,0,79680000,0,0,0,0,17616000,0,0,0,0,0,0,0,1128800,0,0,0,0,0,0,0,0,0,0,0,0,0,0,0,0,0,0,0,0,0,91676600,0,0,0,0,0,0,0,0,0,0,0,0,0,0,21541200,0,0,0,0,0,0,0,0,0,0,0,0,0,0,0,0,0,0,0,0,0,0,0,0,0,0,0,0,0,0,0,0,0,0,0,0,0,0,0,0,0
"BMU",0,0,0,0,0,0,0,0,0,0,0,0,0,0,0,0,0,0,0,0,0,0,0,0,0,0,0,0,0,0,0,0,0,0,0,0,0,0,0,0,0,0,0,0,0,0,0,0,0,0,0,0,0,0,0,0,0,0,0,0,0,0,0,0,0,0,0,0,0,0,0,0,0,0,0,0,0,0,0,0,0,0,0,0,0,0,0,0,0,0,0,0,0,0,0,0,0,0,0,0,0,0,0,0,0,0,0,0,0,0,0,0,0,0,0,0,0,0,0,0,0,0,0,0,0,0,0,0,0,0,0,0,0,0,0,0,0,0,0,0,0,0,0,0,0,0,0,0,0,0,0,0,0,0,0,0,0,0,0,0,0,0,0,0,0,0,0,0,0,0,0,0,0,0,0,0,0,0,0,0,0,0,0,0,0,0,0,0,0,0,0,0,0,0,0
"BTN",0,0,0,0,0,0,0,0,0,0,0,0,0,0,0,0,0,0,0,0,0,0,0,0,0,0,0,0,0,0,0,0,0,0,0,0,0,0,0,0,0,0,0,0,0,0,0,0,0,0,0,0,0,0,0,0,0,0,0,0,0,0,0,0,0,0,0,0,0,0,0,0,0,0,0,1434871900,0,0,0,0,0,0,0,0,0,0,0,0,0,0,0,0,0,0,0,0,0,0,0,0,0,0,0,0,0,0,0,0,0,0,0,0,0,0,0,0,0,0,0,0,0,0,0,0,0,0,0,0,0,0,0,0,0,0,0,0,0,0,0,0,0,0,0,0,0,0,0,0,0,0,0,0,0,243600,0,0,0,0,0,0,0,0,0,0,0,0,0,0,0,0,0,0,0,0,0,0,0,0,0,0,0,0,0,0,0,0,0,0,0,0,0,0,0,0,0
"BOL",0,0,0,0,0,0,0,0,0,0,0,0,0,0,0,0,4900,0,0,0,0,0,0,0,0,0,0,0,0,0,58261000,0,0,0,0,0,0,0,0,0,0,0,0,0,0,0,0,0,0,0,0,0,0,0,0,0,0,0,0,0,0,0,0,0,0,0,0,0,0,0,0,0,0,0,0,0,0,0,0,0,0,0,0,0,0,0,0,0,0,0,0,0,0,0,0,0,0,0,0,0,0,0,0,0,0,0,0,0,0,0,0,0,0,0,0,0,0,0,0,0,0,0,0,0,0,0,0,0,0,0,0,0,0,0,0,0,0,0,0,0,0,0,0,0,0,0,0,0,0,0,0,0,0,0,0,0,52818800,0,0,0,0,0,0,0,0,0,0,0,0,0,0,0,0,0,0,0,0,0,9481500,0,0,0,0,0,0,0,0,0,0,0,0,0,0,0,0
"BWA",0,0,0,0,0,0,0,0,0,0,0,0,0,0,0,0,0,0,0,0,0,0,0,0,0,0,0,0,0,0,0,0,0,0,0,0,0,0,0,0,0,0,0,0,0,0,0,0,0,0,0,0,0,0,0,0,0,0,0,220800,0,0,0,0,0,0,0,0,0,0,0,0,0,0,0,0,0,0,0,0,0,4900,0,0,0,0,0,0,0,0,0,0,0,0,0,0,0,0,0,0,0,0,0,0,0,0,0,0,0,0,0,0,0,0,174476400,0,0,0,0,0,0,0,0,0,0,0,0,0,0,0,0,0,0,0,0,0,0,0,0,19600,0,0,0,0,0,0,0,0,0,0,0,0,0,0,0,282291900,0,0,0,0,0,0,0,0,0,0,0,0,0,0,0,0,0,0,0,0,0,0,0,0,0,0,0,0,0,0,0,34584200,0,0,0,0,0,0,0
"BRA",0,14700,0,0,5472200,30999319100,22687000,0,18030900,645700,901600,9800,0,0,23538698400,0,0,0,0,0,0,13161400,0,0,83300,289100,1176000,0,0,0,10649767800,123450600,1436096700,14700,44100,0,0,0,13580600,0,0,2219700,0,0,0,1391820500,0,0,0,0,0,0,0,191352500,0,0,0,0,0,23730700,460600,0,0,10417400,0,0,0,0,9202200,0,7340200,29312300,0,788900,98000,1195600,4900,165500,0,42894600,0,833000,0,0,0,11147500,191100,0,0,0,73500,2626400,0,0,0,347900,0,55215200,0,0,0,0,0,4900,0,0,26733800,0,0,157074400,0,0,0,0,0,0,120015700,0,0,0,93100,1107400,0,0,0,21055300,0,63608500,34300,0,163811139900,743772100,2783200,372400,137048100,0,0,0,102900,0,0,0,0,0,4900,0,0,0,196000,0,0,1048600,19600,38243400,0,156800,107800,0,0,19600,73500,8328900,0,0,29400,0,3969000,0,0,0,0,0,1249500,53900,0,4900,65928400,0,487567500,0,13298543500,0,413780500,1675800,0,0,0,0,36805479600,14700,0,0,0,0,0
"ARB",0,0,0,0,0,0,0,0,0,0,0,0,0,0,0,0,0,0,0,0,0,0,0,0,0,0,0,0,0,0,0,0,0,0,0,0,0,0,0,0,0,0,0,0,0,0,0,0,0,0,0,0,0,0,0,0,0,0,0,0,0,0,0,0,0,0,0,0,0,0,0,0,0,0,0,0,0,0,0,0,0,0,0,0,0,0,0,0,0,0,0,0,0,0,0,0,0,0,0,0,0,0,0,0,0,0,0,0,0,0,0,0,0,0,0,0,0,0,0,0,0,0,0,0,0,0,0,0,0,0,0,0,0,0,0,0,0,0,0,0,0,0,0,0,0,0,0,0,0,0,0,0,0,0,0,0,0,0,0,0,0,0,0,0,0,0,0,0,0,0,0,0,0,0,0,0,0,0,0,0,0,0,0,0,0,0,0,0,0,0,0,0,0,0,0
"BLZ",0,0,0,0,0,0,0,0,5821200,0,0,0,0,0,0,0,0,0,0,0,0,0,0,0,0,0,0,0,0,0,0,0,0,0,0,0,0,0,0,0,0,0,0,284200,0,0,0,0,0,0,0,0,0,0,0,0,0,0,0,0,0,0,0,0,0,0,0,0,0,0,116130000,0,0,0,0,0,0,0,0,0,0,0,0,0,0,0,0,0,0,0,0,0,0,0,0,0,0,0,0,0,0,0,0,0,0,0,0,0,0,37667074200,0,0,0,0,0,0,0,0,0,0,0,0,0,0,0,0,0,0,0,0,0,0,0,0,0,0,0,0,0,0,0,0,0,0,0,97661900,0,0,0,0,0,0,0,0,0,0,28224000,0,0,0,0,0,0,0,0,0,0,0,0,0,0,0,0,0,0,0,0,0,0,0,0,0,0,0,0,0,0,0,0,0,0,0,0,0,0
"SLB",0,0,0,0,0,0,0,0,0,0,0,0,0,0,0,0,0,0,0,0,0,0,0,0,0,0,0,0,0,0,0,0,0,0,0,0,0,0,0,0,0,0,0,0,0,0,0,0,0,0,0,0,0,0,0,0,0,0,0,0,0,0,10285100,0,0,0,0,0,0,0,0,0,0,0,0,0,0,0,0,0,0,0,0,0,0,0,0,0,0,0,0,0,0,0,0,0,0,0,0,0,0,0,0,0,0,0,0,0,0,0,0,0,0,0,0,0,0,0,0,0,0,0,0,0,0,0,0,0,0,0,0,0,0,0,0,0,0,0,0,0,0,0,0,0,0,0,0,0,0,0,0,0,0,0,0,0,0,0,0,0,0,0,0,0,0,0,0,0,0,0,0,0,0,0,0,0,0,0,0,0,0,0,0,0,0,0,0,0,0,0,0,0,0,0,0
"BRN",0,0,0,0,0,0,0,0,0,0,0,0,0,0,0,0,0,0,0,0,0,0,0,0,0,0,0,0,0,0,0,0,0,0,0,0,0,0,0,0,0,0,0,0,0,0,0,0,0,0,0,0,0,0,0,0,0,0,0,0,0,0,0,0,0,0,0,0,0,0,0,0,0,0,0,0,0,0,0,0,0,0,0,0,0,0,0,0,0,0,0,0,0,0,0,0,0,0,0,0,0,0,0,4854200,0,0,0,0,0,0,0,0,0,0,0,0,0,0,0,0,0,0,0,0,0,0,0,0,0,0,0,0,0,0,0,0,0,0,0,0,0,0,0,0,0,0,0,0,0,0,0,0,0,0,0,0,0,0,0,0,0,0,0,0,0,0,0,0,0,0,0,0,0,0,0,0,0,0,0,0,0,0,0,0,0,0,0,0,0,0,0,0,0,0,0
"BGR",138775200,0,0,1.0956e+11,921200,0,6585600,3532900,0,0,0,0,0,0,0,0,0,0,0,0,0,0,0,0,0,0,0,0,0,0,0,13014400,0,0,0,0,0,0,205370296700,0,0,7340200,0,0,0,0,0,0,0,0,0,0,0,524300000,0,0,14937500,0,0,342009000,0,0,0,583101747200,0,0,0,0,0,0,0,289100,58339500,51967200,0,0,0,0,0,563500,177314560000,8942407800,0,0,0,0,0,0,0,0,0,0,0,11358200,0,18270358400,0,553700,486965083600,0,0,0,0,0,0,0,5698700,0,0,0,0,191114140000,0,8094800,0,0,189973000,0,0,1376334700,0,0,0,0,0,0,0,220500,980000,0,0,0,0,30669100,20059783000,0,0,0,91432800,0,213183497400,0,2116800,0,0,0,0,0,0,0,0,30706500,0,137200,0,0,208508745400,0,0,0,0,1114400,21618777600,0,0,0,0,0,0,0,1572551200,257543024000,82180358400,0,0,0,243809300,0,58363900,0,0,0,0,0,0,0,0,0,1271642700,0,165345600,20256600,0,0,0
"MMR",0,0,0,0,0,0,0,0,0,0,0,0,0,0,0,0,0,0,0,0,0,0,0,0,0,0,0,0,0,0,0,0,0,0,0,0,0,0,0,0,0,0,0,0,0,0,0,0,0,0,0,0,0,0,0,0,0,0,0,0,0,0,0,0,0,0,0,0,0,0,0,0,0,0,0,0,0,0,0,0,0,0,0,0,0,0,0,0,0,0,0,0,0,0,0,0,0,0,0,0,0,0,0,0,0,0,0,0,0,0,0,0,0,0,0,0,0,0,0,0,0,0,0,0,0,0,0,0,0,0,0,0,0,0,0,0,0,0,0,0,0,0,0,0,0,0,0,0,0,0,0,0,0,0,0,0,0,0,0,0,0,0,0,0,0,0,0,0,0,0,0,0,0,0,0,0,0,0,0,0,0,0,0,0,0,0,0,0,0,0,0,0,0,0,0
"BDI",0,0,0,0,0,0,0,0,0,0,0,0,0,0,0,0,0,0,0,0,0,0,0,0,0,0,0,0,0,0,0,0,0,0,0,0,0,0,0,0,0,0,0,0,0,0,0,0,0,0,0,0,0,0,0,0,0,0,0,0,0,0,0,0,0,0,0,0,0,0,0,0,0,0,0,0,0,0,0,0,0,0,0,0,0,0,0,0,0,0,0,0,0,0,0,0,0,0,0,0,0,0,0,0,0,0,0,0,0,0,0,0,0,0,0,0,0,0,0,0,0,0,0,0,0,0,0,0,0,0,0,0,0,0,0,0,0,0,0,0,0,0,0,0,0,0,0,0,0,0,0,0,0,0,0,0,0,0,0,0,0,0,0,0,0,3371690000,0,0,0,0,0,0,0,0,0,0,0,0,0,0,0,0,0,0,0,0,19705484900,0,0,0,0,0,0,0,0
"CMR",0,0,0,0,0,0,0,0,0,0,0,0,0,0,0,0,0,0,0,0,0,0,0,0,0,73400,0,10930567100,0,0,0,0,0,0,559712300,0,0,0,0,0,12845000,0,0,0,0,0,0,0,0,0,0,0,1852200,240619400,0,0,0,0,0,10036400,0,0,0,0,0,0,0,0,0,0,0,0,0,0,0,0,0,0,0,401800,0,0,0,0,0,0,0,0,0,0,0,0,0,0,0,0,0,0,0,0,0,0,0,0,0,0,0,0,0,0,0,39200,0,0,0,0,19600,0,0,0,0,0,0,0,0,0,0,0,0,0,0,0,0,0,0,0,0,0,0,0,0,0,0,0,0,0,0,0,513800,0,0,0,0,0,0,58800,0,0,0,0,0,0,0,0,0,0,0,0,0,0,0,0,0,9800,0,0,13778800,0,80345300,0,0,0,0,0,0,0,24500,0,36480500,0,0,0,0,0,0
"CAN",0,0,0,0,0,32821404800,3708336000,0,0,0,0,0,0,0,0,0,84862996800,0,6714638400,0,0,0,0,0,0,0,0,0,0,0,0,17869471720000,62503659200,0,0,0,0,2465600,0,0,0,0,0,0,0,0,0,0,0,0,0,0,0,7470400,0,0,0,0,0,0,0,0,0,0,0,0,5861467200,0,159360000,0,0,0,0,0,0,0,0,0,0,0,0,0,0,1168960000,0,2713385376000,0,0,0,0,0,143670974400,0,0,0,0,0,0,0,2061720000,0,0,0,411680000,0,0,0,0,0,786416284800,0,0,0,0,0,0,0,0,0,0,0,79120000,1876800000,0,0,0,0,39840000,0,0,0,3392113600,0,0,0,0,0,0,0,0,0,0,9960000,0,0,0,0,0,0,0,0,0,0,15345600,0,0,0,0,0,0,0,0,0,0,73600000,0,0,0,0,0,0,0,0,0,0,0,0,476461600,3306434632100,0,0,0,408360000,355240000,0,0,0,0,9960000,0,0,0,0,0,0
"CPV",0,0,0,0,0,0,0,0,0,0,0,0,0,0,0,0,0,0,0,0,0,0,0,0,0,0,0,0,0,0,0,0,0,0,0,0,0,0,0,0,0,0,0,0,0,0,0,0,0,0,0,0,0,0,0,0,0,0,0,0,0,0,0,0,0,0,0,0,0,0,0,0,0,0,0,0,0,0,0,0,0,0,0,0,0,0,0,0,0,0,0,0,0,0,0,0,0,0,0,0,0,0,0,0,0,0,0,0,0,0,0,0,0,0,0,0,0,0,0,0,0,0,0,0,0,0,0,0,0,0,0,0,0,0,8967000,0,0,0,0,0,0,0,0,0,0,0,0,0,0,0,0,0,0,0,0,0,0,0,0,0,0,0,0,0,0,0,0,0,0,0,0,0,0,0,0,0,0,0,0,0,0,0,0,0,0,0,0,0,0,0,0,0,0,0,0
"CAF",0,0,0,0,0,0,0,0,0,0,0,0,0,0,0,0,0,0,0,0,0,0,0,0,0,0,0,0,0,0,0,0,0,0,0,0,0,0,0,0,0,0,0,0,0,0,0,0,0,0,0,0,0,14700,0,0,0,0,0,0,0,0,0,0,0,0,0,0,0,0,0,0,0,0,0,0,0,0,0,0,0,0,0,0,0,0,0,0,0,0,0,0,0,0,0,0,0,0,0,0,0,0,0,0,0,0,0,0,0,0,0,0,0,0,0,0,0,0,0,0,0,0,0,0,0,0,0,0,0,0,0,0,0,0,0,0,0,0,0,0,0,0,0,0,0,0,0,0,0,0,0,0,0,0,0,0,0,0,0,0,0,0,0,0,0,0,0,0,0,0,0,0,0,0,0,0,0,0,0,0,0,0,0,0,0,0,0,0,0,0,0,0,0,0,0
"LKA",0,0,0,0,0,0,161138700,0,0,44158800,0,1479800,0,0,0,8281000,0,0,0,0,0,0,0,0,0,66680300,0,0,0,0,0,140149800,0,0,0,0,0,0,0,0,0,0,0,0,0,0,0,0,0,0,0,75783400,0,69950300,0,0,0,0,0,18068500,0,0,0,0,0,0,0,0,0,0,0,9055200,0,5071500,0,18061400,0,0,44688000,0,0,46373600,0,0,0,59607900,0,0,0,0,0,57442700,0,0,0,0,0,0,0,0,0,0,0,101562300,1044805500,0,0,0,0,0,0,0,0,0,0,0,128154600,0,0,0,0,1023200,0,0,0,332000,0,0,0,0,0,0,0,0,0,0,0,0,1565256000,0,0,298410000,0,0,0,0,0,0,0,0,0,0,0,11853100,0,0,0,0,0,49000,184000,40394800,0,0,0,0,8344700,0,15910300,0,97020000,0,0,582722700,5285855400,0,100258900,0,18161200,0,0,0,0,0,0,0,0,9486400,4900,0,0,0,1799275100,0,0
"TCD",0,0,0,0,0,0,0,0,0,0,0,0,0,0,0,0,0,0,0,0,0,0,0,0,0,0,0,0,0,0,0,0,0,0,0,0,0,0,0,0,0,0,0,0,0,0,0,0,0,0,0,0,0,0,0,0,0,0,0,0,0,0,0,0,0,0,0,0,0,0,0,0,0,0,0,0,0,0,0,0,0,0,0,0,0,0,0,0,0,0,0,0,0,0,0,0,0,0,0,0,0,0,0,0,0,0,0,0,0,0,0,0,0,0,0,0,0,0,0,0,0,0,0,0,0,0,0,0,0,0,0,0,0,0,0,0,0,0,0,0,0,0,0,0,0,0,0,0,0,0,0,0,0,0,0,0,0,0,0,0,0,0,0,0,0,0,0,0,0,0,0,0,0,0,0,0,0,0,0,0,0,0,0,0,0,0,0,0,0,0,0,0,0,0,0
"CHL",0,0,0,0,0,11407664100,2748900,0,0,0,0,5343813600,0,0,54704499200,0,5621942100,0,0,0,0,0,0,0,0,339504200,0,0,0,0,0,0,1601958300,0,0,0,5562986000,132120000,0,0,0,0,0,1830855600,0,14092273300,5697014400,380395500,0,0,0,0,2935100,12948000,0,0,0,0,0,1803200,0,0,0,0,0,0,16128217300,0,0,0,897168200,0,0,0,0,0,0,0,0,0,0,0,0,0,0,352356700,0,0,0,0,0,722990000,0,0,0,0,0,0,0,0,0,0,0,0,0,0,0,0,0,319676500,0,0,0,0,0,0,1675800,0,0,0,0,220200,0,0,0,0,0,10634845900,0,0,7081930800,65058237100,0,0,0,0,0,0,156085100,0,0,0,0,0,0,0,0,0,0,0,0,0,0,700700,0,0,2837100,0,0,0,0,205800,0,0,0,0,0,0,0,0,0,0,0,100020124800,0,0,0,0,10957246500,0,449040900,0,58963400,0,0,0,0,0,0,0,0,0,0,0,0
"CHN",0,0,0,0,0,14802900,5806422200,0,0,10309600,0,271428300,0,0,0,0,37277250400,0,0,0,0,0,298866694400,0,70273280000,1116203800,0,0,51238516800,0,0,0,43668800,0,0,0,68046300,322660100,12058900,0,0,76773200,0,31247300,0,0,0,3807300,12357800,2920400,0,57006600,217819700,3847428900,0,25176200,0,0,14641200,271159500,0,0,402672200,36696100,0,0,0,0,0,0,0,70752893100,22579200,0,13136900,1012971900,21683007400,298900,0,0,509129600,2310134400,0,286326600,176698900,26188306200,98695800,0,409943800,52390821200,11403277400,90989915400,0,0,176960344000,0,0,1156654800,0,11191600,7241341800,0,0,92549116900,0,0,4762800,0,12593000,96899422700,74256481900,0,0,0,0,5982900,720895400,0,0,0,73117800,284803200,0,0,15969100,52042900,9591809600,8668100,0,7898752000,0,5997600,303428825700,10402700,99367100,0,305309200,0,0,0,13798400,0,9341845100,0,0,0,0,0,0,0,42595700,37284100,0,210480532000,0,37925293100,351403500,0,0,0,124489400,11642500,0,0,390848944200,0,577644664700,0,9491300,0,8246700,0,5189100,30121000700,0,0,2293083400,0,3433364700,0,74783800,0,0,317546198200,0,0,6399400,0,424641400,0,0,0,0,0,0
"COL",0,0,0,0,0,0,22927100,0,0,0,12651840000,0,0,0,0,0,0,0,0,0,0,0,0,0,0,116926200,0,0,0,0,7506800,2793000,0,0,0,0,0,0,0,0,0,0,0,30649337800,0,68965354100,0,1.288e+09,0,0,0,0,0,0,0,0,0,0,0,0,0,0,0,0,0,0,36373009600,0,0,0,21075985600,0,0,0,0,0,0,0,0,0,83300,0,0,0,0,0,0,0,0,0,0,0,0,0,0,0,0,0,0,0,0,0,0,0,0,0,0,0,0,122910258700,0,0,0,0,0,0,0,0,0,0,0,343000,0,0,4.048e+10,0,0,34973047500,0,0,0,78578546100,0,0,0,0,0,0,0,0,0,0,0,0,0,4917731200,0,0,0,0,0,0,0,20368500,0,0,259011900,0,0,0,0,4718700,0,0,0,0,0,0,0,0,0,0,0,0,0,0,17840900,0,6194117200,0,0,0,0,0,0,0,0,0,0,0,0,0,0,0,0
"COM",0,0,0,0,0,0,0,0,0,0,0,0,0,0,0,0,0,0,0,0,0,0,0,0,0,0,0,0,0,0,0,0,0,0,0,0,0,0,0,0,0,0,0,0,0,0,0,0,0,0,0,0,0,0,0,0,0,0,0,0,0,0,0,0,0,0,0,0,0,0,0,0,0,0,0,0,0,0,0,0,0,0,0,0,0,0,0,0,0,0,0,0,0,0,0,0,0,0,0,0,0,0,0,0,0,0,0,0,0,0,0,0,0,0,0,0,0,0,0,0,0,0,0,0,0,0,0,0,0,0,0,0,0,0,0,0,0,0,0,0,0,0,0,0,0,0,0,0,0,0,0,0,0,0,0,0,0,0,0,0,0,0,0,0,0,0,0,0,0,0,0,0,0,0,0,0,0,0,0,0,0,0,0,0,0,0,0,0,0,0,0,0,0,0,0
"COG",0,0,0,0,0,0,0,0,0,0,0,0,0,0,0,0,0,0,0,0,0,0,0,0,0,0,0,0,0,0,0,0,0,0,0,0,0,0,0,0,0,0,0,0,0,0,0,0,0,0,0,0,0,1901200,0,0,0,0,0,0,0,0,0,0,0,0,0,0,0,0,0,0,0,0,0,0,0,0,0,0,0,0,0,0,0,0,0,0,0,0,0,0,0,0,0,0,0,0,0,0,0,0,0,0,0,0,0,0,0,0,0,0,0,0,0,0,0,0,0,0,0,0,0,0,0,0,0,0,0,0,0,0,0,0,0,0,0,0,0,0,0,0,0,0,0,0,0,0,0,0,0,0,0,0,0,0,0,0,0,0,0,0,0,0,0,0,0,0,0,0,0,0,0,0,0,0,0,0,0,0,0,0,0,0,0,0,0,0,0,0,0,0,0,0,0
"COK",0,0,0,0,0,0,0,0,0,0,0,0,0,0,0,0,0,0,0,0,0,0,0,0,0,0,0,0,0,0,0,0,0,0,0,0,0,0,0,0,0,0,0,0,0,0,0,0,0,0,0,0,0,0,0,0,0,0,0,0,0,0,0,0,0,0,0,0,0,0,0,0,0,0,0,0,0,0,0,0,0,0,0,0,0,0,0,0,0,0,0,0,0,0,0,0,0,0,0,0,0,0,0,0,0,0,0,0,0,0,0,0,0,0,0,0,0,0,0,0,0,0,0,0,0,0,0,0,0,0,0,0,0,0,0,0,0,0,0,0,0,0,0,0,0,0,0,0,0,0,0,0,0,0,0,0,0,0,0,0,0,0,0,0,0,0,0,0,0,0,0,0,0,0,0,0,0,0,0,0,0,0,0,0,0,0,0,0,0,0,0,0,0,0,0
"CRI",0,0,0,0,0,0,0,0,0,0,0,0,0,0,0,0,0,0,0,0,0,0,0,0,0,0,0,0,0,0,0,0,0,0,0,0,0,0,0,0,0,0,0,26387300,0,0,0,1254364400,0,0,0,0,0,0,0,0,0,0,0,19600,0,0,0,0,0,0,961437600,0,0,0,38744300,0,0,0,0,0,0,0,0,0,0,0,0,0,0,142100,0,0,0,0,0,0,0,0,0,0,0,0,0,0,0,0,0,0,0,0,0,0,0,14680000,0,0,0,0,0,0,0,0,0,0,0,0,567898200,0,0,0,0,7281454500,0,0,0,0,0,0,0,0,0,0,0,0,0,0,0,0,0,0,0,0,0,0,0,0,0,0,0,0,333200,0,0,0,0,0,0,0,0,0,0,0,0,0,0,0,0,0,0,0,0,0,493278100,0,0,0,4900,0,0,0,0,0,0,0,0,0,0,0,0
"CUB",0,0,0,0,0,0,0,0,0,0,0,0,0,0,0,0,0,0,0,0,0,0,0,0,0,0,0,0,0,0,0,0,0,0,0,0,0,0,0,0,0,0,0,0,0,0,0,0,0,0,0,0,0,0,0,0,0,0,0,15895600,0,0,0,0,0,0,0,0,0,0,0,0,0,0,0,0,0,0,0,0,0,98000,0,0,0,0,0,0,0,0,0,0,0,0,0,0,0,0,0,0,0,0,0,88200,431200,0,0,0,0,0,0,0,0,0,0,0,10143000,0,0,0,0,0,0,0,0,0,0,0,0,0,0,0,0,0,0,0,0,0,0,0,0,0,0,0,0,0,0,0,0,0,0,0,0,0,0,0,41517700,0,0,0,0,4900,0,0,0,0,0,0,0,0,0,0,0,0,0,0,0,0,0,0,0,0,0,0,0,0,0,0,0,0,0,0,0,0,0
"CYP",0,0,0,0,8775900,0,8609300,0,0,0,0,0,0,0,0,0,0,0,0,0,0,0,0,0,0,0,0,0,0,0,0,523290600,0,0,0,0,0,0,0,0,0,0,0,0,0,0,0,0,0,0,0,0,5076400,1925700,0,0,0,0,0,0,0,0,0,216576700,0,0,0,0,0,0,0,0,0,0,0,0,0,0,0,0,6913900,0,0,0,0,0,8388800,0,0,0,0,0,0,91046900,0,151091500,0,0,0,0,0,0,0,0,0,0,0,0,0,0,0,0,0,0,0,0,0,0,0,0,0,0,0,0,0,0,0,0,0,0,0,0,0,0,0,0,0,0,0,0,0,0,0,0,0,0,0,0,0,0,0,0,0,0,0,0,0,0,0,0,6757100,911400,0,0,0,0,0,0,0,0,0,0,0,24235400,0,0,463618400,0,12107900,0,0,0,0,0,0,0,0,0,0,0,0,0,0,0,0
"AZE",0,4178917200,0,0,0,0,0,0,0,0,0,0,0,0,0,0,0,0,0,0,0,68600,0,0,0,0,0,0,0,0,0,0,0,0,0,0,0,0,0,0,0,0,0,0,0,0,0,0,0,0,0,0,0,0,0,0,14700,0,0,0,0,0,0,0,0,0,0,0,0,0,0,0,0,0,0,0,0,5645361200,109711591200,0,0,0,0,0,0,0,0,0,0,0,0,0,0,0,0,0,0,0,0,0,0,0,0,0,0,0,0,0,0,0,0,0,0,0,0,0,0,0,0,0,0,0,0,0,0,0,0,0,0,0,0,0,0,14430500,0,0,0,0,0,0,0,0,0,0,0,0,0,0,0,0,0,0,0,0,0,0,0,0,0,0,0,0,0,0,0,0,0,0,0,0,0,0,1174948000,0,0,0,0,4900,0,0,0,0,0,0,0,0,0,0,0,0,0,0,0,0,0
"BEN",0,0,0,0,0,0,0,0,0,0,0,0,0,0,0,0,0,0,0,0,0,0,0,0,0,5688500,0,0,0,0,0,0,0,0,74647800,0,0,0,0,0,0,0,0,0,0,0,0,0,0,0,0,0,0,197409300,0,0,0,52114000,0,0,0,27818600,0,0,0,0,0,0,0,0,0,0,0,0,0,0,0,0,0,0,0,0,0,0,0,0,0,0,0,0,0,0,0,0,0,0,0,0,0,0,0,0,0,0,0,0,0,0,0,0,0,0,0,0,0,0,0,0,0,0,0,0,0,2403352000,0,0,0,0,0,0,0,0,0,0,0,0,0,0,0,0,0,0,0,0,0,0,0,0,0,0,0,0,0,0,0,0,0,0,0,0,0,0,0,0,0,0,0,5431600,0,0,0,0,0,0,0,0,0,0,0,409616200,0,0,0,0,0,0,57068500,0,0,0,0,0,0,0,0
"DNK",661500,842800,7011900,413600618500,49847700,38126900,279045200,1705568900,0,50960000,0,25739700,0,0,0,0,308631400,0,4396017600,0,0,3568805800,8.096e+09,4900,82981500,88003056600,0,0,83300,0,73417700,190668597100,93252560000,9834300,1538113600,0,0,0,4536648400,0,0,0,0,15919946200,0,1293866800,34300,2064001600,82996200,49852600,3683343800,0,22075231500,234994672300,0,0,441000,941056000,18218200,2076258389000,0,8302164600,80036600,72186800,0,6576072800,0,8887806200,1461343700,0,3958907200,144819500,387958700,7330400,71011226300,5624786200,9607446800,26563905300,2802800,117125043700,10843700,41502657000,6661015500,401800,3209500,35442704200,0,19600,19711469000,141012668800,0,32453546200,0,249638700,0,134010100,0,9963486300,0,54059181100,0,102900,0,37465400,0,558600,1767045800,0,1955100,124893700,0,150800943600,0,0,19448505600,0,827880248100,0,10103800,0,0,18223100,0,1461532800,25760029400,208881398800,63700,51518600,183037500,19600,29164800,0,0,414207201700,134509900,129075800,0,0,92806000,0,44558222300,0,45251552800,8369757100,0,0,0,173827361000,191100,0,27293000,54125400,168814800,194244700,0,135249800,443248000,0,181300,0,408472188200,6394424100,0,102900,440759900,220500,64068291300,1226176700,4821600,32727712000,74259500,372400,241472477600,679943600,0,0,41912846800,1377223400,113567207600,16844646700,89616100,43906919800,0,98464274500,5989222000,0,2685672900,0,419871013300,10049900,32452700,53900,64934800,0,0
"DMA",0,0,0,0,0,0,0,0,0,0,0,0,0,0,0,0,0,0,0,0,0,0,0,0,0,0,0,0,0,0,0,0,0,0,0,0,0,0,0,0,0,0,0,0,0,0,0,0,0,0,0,0,0,720300,0,0,0,0,0,0,0,0,0,0,0,0,0,0,0,0,0,0,0,0,0,0,0,0,0,0,0,0,0,0,0,0,0,0,0,0,0,0,0,0,0,0,0,0,0,0,0,0,0,0,0,0,0,0,0,0,0,0,0,0,0,0,0,0,0,0,0,0,0,0,0,0,0,0,0,0,0,0,0,0,0,0,0,0,0,0,0,0,0,0,0,0,0,0,0,0,0,0,0,0,0,0,0,0,0,0,0,0,0,0,0,0,0,0,0,0,0,0,0,0,0,0,0,0,0,0,0,0,0,0,0,0,0,0,0,0,0,0,0,0,0
"DOM",0,0,0,0,0,0,0,0,0,0,0,0,0,0,0,0,0,0,0,0,0,0,0,0,0,0,0,0,0,0,0,0,0,0,0,0,0,0,0,0,0,0,0,0,0,0,0,0,0,0,0,0,0,0,0,0,0,0,0,0,0,0,0,0,0,0,0,0,0,0,0,0,0,0,0,0,0,0,0,0,0,0,0,0,0,0,0,0,0,0,0,0,0,0,0,0,0,0,0,0,0,0,0,0,0,0,0,0,0,0,0,0,0,0,0,0,0,0,0,0,0,0,0,0,0,0,0,0,0,0,0,0,0,0,0,0,0,0,0,0,0,0,0,0,0,0,0,0,0,0,0,0,0,0,0,0,0,0,0,0,0,0,0,0,0,0,0,0,0,0,0,0,0,0,0,0,0,0,0,0,0,0,0,0,0,0,0,0,0,0,0,0,0,0,0
"BLR",2654861200,2605700,0,0,0,0,1773800,0,0,0,0,0,0,0,0,0,3827200000,0,0,0,0,21785400,0,0,0,196853500,0,0,5220521600,0,0,547717100,0,0,0,0,0,0,0,1160927100,0,4100202800,0,0,0,0,0,0,0,335722700,0,0,0,0,0,0,18228574600,0,0,111112400,0,0,0,3528000,0,0,0,0,0,0,0,41623000,0,0,62560000,0,0,3698350000,0,0,143213600,0,0,45119979600,0,257673400,0,3169151700,0,0,0,0,0,648691200,0,62560000,0,546480000,223723200,37403876600,0,0,0,110100,0,0,0,0,0,0,1471411900,0,0,22070415500,0,0,24632300,0,0,0,0,0,0,0,0,0,396004800,0,414563200,0,0,0,0,793627900,0,0,0,0,0,0,1027600,0,493399646100,0,0,0,0,0,0,0,0,0,0,4445000,0,0,0,0,10913914000,0,0,127475200,682640000,8527970500,0,0,0,0,0,0,0,0,0,63700,0,0,451045000,178026717800,17248000,0,62265600,2759145500,0,16268280700,0,0,0,0,0,0,60907000,0,0,0,0
"ECU",0,0,0,0,0,0,0,0,0,0,0,0,0,0,0,0,0,0,0,0,0,0,0,0,0,0,0,0,0,0,0,0,0,0,0,0,0,0,0,0,0,0,0,0,0,0,0,0,0,0,0,0,0,0,0,0,0,0,0,455700,0,0,0,0,0,0,0,0,0,0,0,0,0,0,0,0,0,0,0,0,0,268048000,0,0,0,0,0,0,0,0,0,0,0,0,0,0,0,0,0,0,0,0,0,0,0,0,0,0,0,46060000,0,0,0,0,0,0,0,0,0,0,0,0,0,0,0,0,0,0,0,0,0,1158281600,0,0,0,0,0,0,0,0,0,0,0,0,0,0,0,0,0,0,0,0,0,0,0,0,50984500,0,0,0,0,0,0,0,0,0,0,0,0,0,0,0,0,0,0,0,12470500,0,205661900,0,0,0,0,0,0,0,0,0,0,0,0,0,0,0,0
"EGY",0,0,0,42088638400,0,0,7825300,0,0,18639600,0,0,0,0,0,0,0,0,0,0,0,0,0,0,0,0,0,0,0,0,0,0,0,0,0,0,0,0,0,0,0,0,0,0,0,0,0,0,0,0,0,0,0,54195600,0,0,0,0,0,0,0,0,0,0,0,0,0,0,0,0,0,0,0,0,0,0,0,0,0,0,0,4576600,0,0,0,0,18115300,0,0,0,0,0,0,0,0,0,0,0,0,0,0,0,0,0,0,0,0,0,0,0,0,0,0,0,0,0,0,0,0,0,0,0,0,0,0,0,0,0,0,0,0,0,0,0,0,0,0,0,0,0,0,0,0,0,0,0,0,0,4271584800,0,0,0,0,0,0,0,0,0,0,0,0,84394400,0,0,0,0,0,0,0,0,0,0,0,57996800,0,0,0,0,0,0,0,0,0,0,0,0,0,0,0,0,0,0,0,0,0
"SLV",0,0,0,0,0,0,170823800,0,0,0,0,0,0,0,0,0,0,0,0,0,0,0,0,0,0,0,0,0,0,0,0,0,0,0,0,0,0,0,0,0,0,0,0,0,0,0,0,0,0,0,0,0,0,0,0,0,0,0,0,0,0,0,0,0,0,0,123519200,0,0,0,4667684200,0,0,0,0,0,0,0,0,0,0,0,0,0,0,0,0,0,0,0,0,0,0,0,0,0,0,0,0,0,0,0,0,0,0,0,0,0,0,0,0,0,0,0,0,0,0,0,0,0,0,0,0,0,0,0,0,0,0,0,0,0,0,0,0,0,0,0,0,0,0,0,0,0,0,0,0,0,0,0,0,0,0,0,0,0,0,0,0,0,0,0,0,0,0,0,0,0,0,0,0,0,0,0,0,0,0,0,2877833700,0,0,0,0,0,0,0,0,0,0,0,0,0,0,0,0
"GNQ",0,0,0,0,0,0,0,0,0,0,0,0,0,0,0,0,0,0,0,0,0,0,0,0,0,0,0,0,0,0,0,0,0,0,0,0,0,0,0,0,0,0,0,0,0,0,0,0,0,0,0,0,0,0,0,0,0,0,0,0,0,0,0,0,0,0,0,0,0,0,0,0,0,0,0,0,0,0,0,0,0,0,0,0,0,0,0,0,0,0,0,0,0,0,0,0,0,0,0,0,0,0,0,0,0,0,0,0,0,0,0,0,0,0,0,0,0,0,0,0,0,0,0,0,0,0,0,0,0,0,0,0,0,0,0,0,0,0,0,0,0,0,0,0,0,0,0,0,0,0,0,0,0,0,0,0,0,0,0,0,0,0,0,0,0,0,0,0,0,0,0,0,0,0,0,0,0,0,0,0,0,0,0,0,0,0,0,0,0,0,0,0,0,0,0
"EST",0,0,0,482860368400,0,0,8374100,3822000,0,0,0,0,0,0,0,0,0,0,0,0,0,899052300,0,0,0,3385900,0,0,0,0,534100,167251700,0,0,0,0,0,0,63180600,0,0,3344134700,4390400,0,49000,19600,0,0,0,0,0,0,68248138000,102694200,0,0,270361300,0,2445100,15712943200,0,0,0,12112800,0,0,0,0,0,0,0,9809800,6120100,759500,303961700,0,0,0,49387100,31742600,74193200,194608400,0,0,0,6291600,0,0,0,0,0,9991100,0,47741803100,0,0,0,0,0,14122570400,0,0,0,764400,0,0,6477800,0,0,1386700,0,174352057600,0,0,0,0,60288812600,0,0,0,0,5468400,0,0,0,8397109300,0,0,1685069900,0,0,0,0,5895618000,1313200,0,0,0,0,0,110514100,0,11238024100,0,0,0,0,873529383200,0,0,4900,3165400,24166800,2876300,0,0,43331500,0,0,0,5169095000,25602500,0,0,13377000,0,3052700,0,0,0,0,0,847700,13916000,0,0,108716700,124455100,535996300,0,0,0,0,0,0,0,0,0,14251800,6281800,11799200,0,0,0,0
"FRO",0,0,0,0,0,0,0,0,0,0,0,0,0,0,0,0,0,0,0,0,0,0,0,0,0,0,0,0,0,0,0,0,0,0,0,0,0,0,0,0,0,32736900,0,0,0,0,0,0,0,0,0,0,0,0,0,0,0,0,0,0,0,0,0,0,0,0,0,0,0,0,0,0,0,0,133598500,0,0,0,0,0,0,0,0,0,0,0,0,0,0,0,0,0,0,0,0,0,0,0,0,0,0,0,0,0,0,0,0,0,0,0,0,0,0,0,0,0,0,0,0,0,0,0,0,0,0,3062500,0,0,0,0,0,0,0,0,0,0,0,0,0,0,0,0,0,0,0,0,0,0,0,0,0,0,0,0,0,0,0,0,0,0,0,2753800,0,0,0,0,0,0,0,0,0,0,0,0,0,0,0,0,0,0,0,0,0,0,0,0,0,0,0,0,0,0,0,0,0
"FJI",0,0,0,0,0,0,4189500,0,0,0,0,0,0,0,0,0,0,0,0,0,0,0,0,0,0,0,0,0,0,0,0,65072000,0,0,0,5238100,0,0,0,0,0,0,0,0,0,0,0,0,0,0,0,0,0,0,0,0,0,0,0,0,0,0,43095500,0,0,0,0,0,0,0,0,191100,0,0,0,0,0,0,0,0,0,0,0,0,0,421400,0,0,0,0,0,0,0,0,0,0,0,0,0,0,0,0,0,0,0,0,0,0,0,0,0,0,0,0,0,0,0,0,0,0,3724000,3924900,0,0,0,0,0,0,0,127400,0,0,176400,0,0,0,0,0,0,0,0,0,0,0,0,0,0,0,0,0,0,0,0,215600,0,0,0,0,0,0,0,0,0,0,0,0,0,0,78400,0,0,0,0,0,0,16571800,0,0,49000,0,0,0,0,0,0,0,0,0,0,0,0,0,0,0,0
"FIN",13212000,205800,0,0,0,0,752100,33627900,0,0,0,0,0,0,0,0,120100,0,0,0,0,40658800,0,0,0,1349100,0,0,0,0,0,11612700,0,0,0,0,0,0,189372000,92851000,0,91947005900,0,0,347642300,0,62220200,0,0,24380196000,0,0,0,4572255000,0,0,0,0,343000,131792727500,0,0,0,355675400,0,0,0,0,0,0,0,4762600,457716000,0,813298000,0,71000,0,0,10993133100,31761800,4028274200,0,357375000,0,34254849000,4404000,2606800,0,0,0,19991014300,36800,4672308300,0,16441600,0,0,0,20668893300,0,0,0,13935600,0,0,0,0,0,71000,0,1.0956e+11,0,0,0,0,86594676200,0,0,102900,0,564400,0,0,0,22306959700,55566000,0,108118200,0,0,0,0,6615724400,17251939200,0,0,0,0,0,0,0,68730907800,0,0,0,0,34300,0,0,0,36331400,0,6443500,0,392426300,93753817400,0,0,0,152445968700,110366600,0,0,257022100,0,26548200,0,0,0,0,9.13e+10,978212100,86573200,0,0,44118462200,2428855700,617217700,0,0,0,0,33173900,0,0,0,0,16920337600,0,34130400,0,0,0,0
"FRA",14484700,0,73500,641465695300,27954500,3217702900,3082166500,96362975400,8094160000,1666918600,0,18918900,0,0,0,0,601746643900,0,3191995200,0,66400,2823964600,20125920000,1882959300,455922619000,12634633300,6693920000,33822170100,9561358800,19312041000,2094195400,18492285019200,383023936800,2170700,20379115800,0,250699700,11366049100,24596031600,309200000,20231701500,21853059800,17414600,5120500,340210000,22141110200,20274000,0,2107416600,1313767300,0,9251200,1313207800,0,20324931900,270848400,2002700,36644577000,0,3248129394900,0,105702800,0,16360118500,0,0,0,22480697800,0,43428295400,0,4122220400,21238200400,7704240400,434184100,79007690600,39437529500,465500,151900,86495766200,1123617200,1087875506800,65412241400,177298900,28488754400,413898390400,124362000,0,8175600,15065330600,0,5028858700,478400,1918132200,6035315500,6492335200,0,0,0,2385164900,1597400,24970851200,11066606400,21280755600,9324700,5806028900,11739152200,12401900,54723400,1541567195900,0,1523240718000,7856800,6640000,0,0,5181076605700,0,5321091000,0,38582600,165411100,0,17840900,423040373200,120226400,122500,26743125700,8353780700,19600,29228500,394308900,771254400,38890006300,305105168200,0,0,14700,22402343400,0,50721775300,73925690700,14803737100,455700,5996748600,530225900,1950200,1528054293000,9741717500,215600,5631948400,230523900,56105823200,40186795000,0,132508280700,1676225636300,13059620800,0,0,44014150100,434525874700,0,289100,858851400,52967344000,12331800,17449415700,0,0,468552500,40763327700,278776845600,893431700,1000875000,0,182508455800,1009478000,73917737400,71988712400,64013900,0,25757369100,304151711900,53725862800,0,78382524000,0,12047823467400,33044136600,1062054200,0,320371800,0,0
"PYF",0,0,0,0,0,0,0,0,0,0,0,0,0,0,0,0,0,0,0,0,0,0,0,0,0,0,0,0,0,0,0,0,0,0,0,4900,0,0,0,0,0,0,0,0,0,0,0,0,0,0,0,0,0,681100,0,0,0,0,0,0,0,0,0,0,0,0,0,0,0,0,0,0,0,0,0,0,0,0,0,0,0,0,0,0,0,22201900,0,0,0,0,0,0,0,0,0,0,0,0,0,0,0,0,0,0,0,0,0,0,0,0,0,0,0,0,0,0,83300,0,0,0,0,0,0,0,0,0,0,0,0,0,0,0,0,0,0,0,0,0,0,0,0,0,0,0,0,0,0,0,0,0,0,0,0,235200,0,0,0,0,0,0,0,441000,0,0,0,0,0,0,0,0,0,0,0,0,0,0,0,0,3332000,0,0,0,0,0,0,0,0,0,0,0,0,0,0,0,0
"DJI",0,0,0,0,0,0,664000,0,0,0,0,0,0,0,0,0,0,0,0,0,0,0,0,0,0,0,0,0,0,0,0,0,0,0,0,0,0,0,0,0,0,0,0,0,0,0,0,0,0,0,0,0,0,0,0,0,0,0,0,0,0,0,0,0,0,0,0,0,0,0,0,0,0,0,0,0,0,0,0,0,0,0,0,0,0,0,0,0,0,0,0,0,0,0,0,0,0,0,0,0,0,0,0,0,0,0,0,0,0,0,0,0,0,0,0,0,0,0,0,0,0,0,0,0,0,0,0,0,0,0,0,0,0,0,0,0,0,0,0,0,0,0,0,0,0,0,0,0,0,0,0,0,0,0,0,0,0,0,0,0,0,0,0,0,0,0,0,0,0,0,0,0,0,0,0,0,0,0,0,0,0,0,0,0,0,0,0,0,0,0,0,0,0,0,0
"GEO",654840400,0,0,0,0,0,0,4704000,0,0,0,0,0,0,0,0,0,0,0,0,0,0,0,0,0,0,0,0,0,0,0,1007881000,0,0,0,0,0,0,0,332484600,0,112700,0,0,0,0,0,0,0,71486100,0,0,735000,294000,0,0,0,0,0,13602400,0,0,0,0,0,0,0,0,0,0,0,16493400,0,0,0,0,0,0,3968927200,0,729203300,0,0,382200,0,637000,99600000,0,0,0,0,274400,0,178443300,0,0,0,0,0,19742100,0,0,0,0,0,0,129090500,0,0,0,0,0,0,283327800,0,0,68600,0,0,0,0,0,0,0,0,0,0,0,0,0,0,0,0,93305800,0,0,0,0,0,0,0,0,853119400,0,0,0,0,1334673200,0,0,0,421400,0,24382400,0,0,0,0,0,0,11010300,0,476420000,0,0,0,0,0,0,0,0,0,2435491600,0,0,0,3753400,3336900,14940100,0,0,26523700,0,0,0,0,0,0,6708100,0,0,0,0,0,0
"GAB",0,0,0,0,0,0,0,0,0,0,0,0,0,0,0,0,0,0,0,0,0,0,0,0,0,0,0,0,0,0,0,0,0,0,0,0,0,0,0,0,490000,0,0,0,0,0,0,0,0,0,0,0,0,24500,0,0,0,0,0,0,0,0,0,0,0,0,0,0,0,0,0,0,0,0,0,0,0,0,0,83300,0,0,0,0,0,0,0,0,0,0,0,0,0,0,0,0,0,0,0,0,0,0,0,0,0,0,0,0,0,0,0,0,0,0,0,0,0,0,0,0,0,0,0,0,0,0,0,0,0,0,0,0,0,0,0,0,0,0,0,0,0,0,0,0,0,0,19600,0,0,0,0,0,0,0,0,4900,0,0,0,0,0,14700,0,0,0,0,0,0,0,0,0,0,0,0,0,0,0,0,0,0,0,0,0,0,0,0,0,0,0,0,0,0,0,0,0
"GMB",0,0,0,0,0,0,0,0,0,0,0,0,0,0,0,0,0,0,0,0,0,0,0,0,0,0,0,0,0,0,0,0,0,0,0,0,0,0,0,0,0,0,0,0,0,0,0,0,0,0,0,0,0,0,0,0,0,0,0,0,0,0,0,0,0,0,0,0,0,0,0,0,0,0,0,0,0,0,0,0,0,0,0,0,0,0,0,0,0,0,0,0,0,0,0,0,0,0,0,0,0,0,0,0,0,0,0,0,0,0,0,0,0,0,0,0,0,0,0,0,0,0,0,0,0,0,0,0,0,0,0,0,0,0,0,0,0,0,0,0,0,0,0,0,0,0,0,0,264762600,0,0,0,0,0,0,0,0,0,0,0,0,0,0,0,0,0,0,0,0,0,0,0,0,0,0,0,0,0,0,0,0,0,0,0,0,0,0,0,0,0,0,0,0,0,0
"DEU",1173487600,63646100,3070035500,1160892633100,9300200,12139388000,46116958300,225161560400,2175703200,5312963500,19222700,340653200,0,0,350802400,4116000,275593603400,0,0,0,0,9592521600,10885752400,0,4808042600,82952647100,1381800,82251400,47872578000,0,36737476100,186043943800,72498756400,9251200,16645513700,0,2609332000,12894216000,1084453400,28443540000,408154000,95077379800,0,2460745600,7303083600,4489551300,244606800,752170000,7870129400,6061618000,24512200,0,16041550300,367658095100,923921500,0,4058643200,18750807500,94888500,0,895215600,16520778000,0,21231528200,0,0,22901738100,1702074900,26590266800,33430300,581854000,4254307800,12568810200,18580406400,2236367500,6520918200,25313883600,3181662493300,1230872000,21592947800,31829502900,935666456600,39332636700,2869940500,41258638700,301318331300,2259195300,1703066000,698893100,270145048100,0,102687440800,57539600,9658531100,7414096000,2630346700,0,43889300,9182600,25968129800,2842000,77537600,0,105125393400,38066300,1139099000,1672020100,6041700,1585768100,15099890500,1538751900,896737418500,73534917800,3570998800,89976389500,11474976000,7982524536200,0,411600,575260700,0,6428255900,44826605000,1379300800,6864900,15998715000,9996000,2086896200,31191736700,0,2745037700,8432378500,3469511900,177612710900,171961613000,0,0,0,104179300,19472600,22595213500,534683100,275860942900,338100,735000,0,10459500,3390474063000,7812571700,7683200,300355300,4242218900,10545991100,38105959700,0,17994598900,82666401500,26856900,0,0,39089214500,444678871100,0,139840000,10214540300,7981257200,168958328700,29253147800,0,34927200,89336666900,200585239000,584084590800,6714268000,4330600,0,127554572800,37858649500,578842487800,38661438600,1303190900,598447400,53282600,193988068100,103512800,0,14195568200,3785321600,559855882000,24411948200,5843521000,268009900,17730000,0,0
"BIH",0,0,42728000,0,0,0,36137500,0,0,0,0,0,0,0,0,0,0,0,0,0,0,0,0,0,0,0,0,0,0,0,0,63700,0,0,0,0,0,0,0,0,0,0,0,0,0,0,0,0,0,0,0,0,14700,0,0,0,0,0,0,347900,0,0,0,0,0,0,0,0,0,0,0,0,0,1555282700,0,0,0,0,0,0,0,297621100,0,0,0,0,0,0,0,0,0,0,0,0,0,0,0,0,0,0,0,0,0,0,0,0,95785200,0,0,0,0,0,0,0,0,0,0,0,0,38347400,0,0,0,0,0,0,0,0,0,0,0,0,0,0,0,0,0,0,0,0,0,0,0,0,0,0,0,0,0,0,0,42365400,0,0,0,0,0,0,0,0,21280700,11034800,0,0,0,0,0,0,0,0,0,0,0,132800,0,0,715400,0,19497100,0,0,0,0,0,0,0,0,0,0,0,3787986600,132800,0,0,0
"GHA",0,0,0,0,0,0,0,0,0,0,0,0,0,0,0,0,0,0,0,0,0,0,0,0,0,0,0,0,0,0,0,0,0,0,0,0,0,0,0,0,91860100,0,0,0,0,0,0,0,0,0,0,0,0,126835200,0,0,0,0,0,6714500,0,0,0,0,0,0,0,0,0,0,0,0,0,0,0,0,0,0,0,411700,739900,0,0,0,0,931000,0,0,0,0,0,0,0,0,0,0,0,0,0,0,0,0,0,0,0,0,0,0,0,0,0,0,0,0,0,0,1103900,0,0,0,0,0,0,18110400,0,0,0,0,0,0,0,0,0,0,0,0,0,0,0,0,0,0,0,0,0,0,0,0,575969800,0,0,0,0,127400,0,14700,0,0,0,0,99600,0,0,0,0,0,0,571937700,0,0,0,0,0,0,0,0,26322800,0,42771600,0,0,0,0,0,0,0,0,0,8550200,0,0,0,0,0,0
"KIR",0,0,0,0,0,0,0,0,0,0,0,0,0,0,0,0,0,0,0,0,0,0,0,0,0,0,0,0,0,0,0,0,0,0,0,0,0,0,0,0,0,0,0,0,0,0,0,0,0,0,0,0,0,0,0,0,0,0,0,0,0,0,0,0,0,0,0,0,0,0,0,0,0,0,0,0,0,0,0,0,0,0,0,0,0,0,0,0,0,0,0,0,0,0,0,0,0,0,0,0,0,0,0,0,0,0,0,0,0,0,0,0,0,0,0,0,0,0,0,0,0,0,0,0,0,0,0,0,0,0,0,0,0,0,0,0,0,0,0,0,0,0,0,0,0,0,0,0,0,0,0,0,0,0,0,0,0,0,0,0,0,0,0,0,0,0,0,0,0,0,0,0,0,0,0,15635900,0,0,0,0,0,0,0,0,0,0,0,0,0,0,0,0,0,0,0
"GRC",0,0,34707001900,0,0,0,397257700,537574700,14832300,0,0,0,0,0,0,0,3336900,0,0,0,0,40625408200,0,0,0,97500200,0,0,0,0,0,55159300,19208000,0,0,602700,0,0,27199355200,0,0,43808300,0,0,0,0,2281600,0,0,30678700,0,0,163723700,310133200,0,0,6649800,0,0,1902542300,29400,0,0,0,0,0,735000,0,0,0,0,1994300,302227100,6948200,0,0,0,0,214708200,18310500,17979699800,63331560500,0,0,0,11911900,9604000,0,9427600,0,0,331573200,0,220200,0,0,0,22579200,289100,4846100,0,0,0,0,0,0,7529622600,0,0,837900,0,0,52283000,14700,0,0,750254600,0,0,23099274600,0,6869800,0,0,0,481546600,0,69246800,16072000,0,59544800,0,10084200,331366500,8246700,0,0,0,0,0,5380413700,0,4900,0,0,0,0,0,0,20031200,0,0,235200,18120200,0,5571300,1579876100,0,0,0,1187743600,91821100,0,0,22495900,0,666400,0,0,0,0,156800,2463657700,31394300,0,0,1303598300,0,773675700,0,27665400,0,0,39200,0,0,0,0,672260800,1278900,223846700,19600,0,0,9800
"GRL",0,0,0,0,0,0,0,0,0,0,0,0,0,0,0,0,0,0,0,0,0,0,0,0,0,0,0,0,0,0,0,0,0,0,0,0,0,0,0,0,0,0,0,0,0,0,0,0,0,0,0,0,0,0,0,0,0,0,0,0,0,0,0,0,0,0,0,0,0,0,0,0,0,0,0,0,0,0,0,0,0,0,0,0,0,0,0,0,0,0,0,0,0,0,0,0,0,0,0,0,0,0,0,0,0,0,0,0,0,0,0,0,0,0,0,0,0,0,0,0,0,0,0,0,0,0,0,0,0,0,0,0,0,0,0,0,0,0,0,0,0,0,0,0,0,0,0,0,0,0,0,0,0,0,0,0,0,0,0,0,0,0,0,0,0,0,0,0,0,0,0,0,0,0,0,0,0,0,0,0,0,0,0,0,0,0,0,0,0,0,0,0,0,0,0
"GRD",0,0,0,0,0,0,0,0,0,0,0,0,0,0,0,0,0,0,10633000,0,0,0,0,0,0,0,0,0,0,0,0,0,0,0,0,0,0,0,0,0,0,0,0,0,0,0,0,0,0,0,0,0,0,0,0,0,0,0,0,0,0,0,0,0,0,0,0,0,0,0,0,0,0,0,0,0,0,0,0,0,0,0,0,0,0,0,0,0,0,0,0,0,0,0,0,0,0,0,0,0,0,0,0,0,0,0,0,0,0,0,0,0,0,0,0,0,0,0,0,0,0,0,0,0,0,0,0,0,0,0,0,0,0,0,0,0,0,0,0,0,0,0,0,0,21976500,1094704100,0,0,0,0,0,0,0,0,0,0,0,0,0,0,0,0,0,0,0,0,0,0,0,159490100,0,0,0,0,0,0,0,0,0,0,0,0,0,0,0,0,0,0,0,0,0,0,0,0,0
"GTM",0,0,0,0,0,0,89581800,0,0,0,0,0,0,0,0,0,0,0,878452400,0,0,0,0,0,0,0,0,0,0,0,0,0,0,0,0,0,140321500,0,0,0,0,0,0,256127900,0,0,0,5587643300,0,0,0,0,0,0,0,0,0,0,0,0,0,0,0,0,0,0,0,0,0,0,5042951900,0,0,0,0,0,0,0,0,0,0,0,0,0,0,0,0,0,0,0,0,0,0,0,0,0,0,0,0,0,0,0,0,0,0,0,0,0,0,1220100,0,0,0,0,0,0,0,0,0,0,0,0,1225425300,0,0,0,0,1430800,0,0,0,0,0,0,0,0,0,0,0,0,0,0,0,0,0,0,0,0,0,0,0,0,0,0,0,0,0,0,0,0,0,0,0,0,0,0,0,0,0,0,0,0,0,0,0,0,0,0,9048037300,0,0,0,0,0,0,0,0,0,0,0,0,0,0,0,0
"GIN",0,0,0,0,0,0,0,0,0,0,0,0,0,0,0,0,0,0,0,0,0,0,0,0,0,0,0,0,0,0,0,0,0,0,0,0,0,0,0,0,0,0,0,0,0,0,0,0,0,0,0,0,0,0,0,0,0,0,0,0,0,0,0,0,0,0,0,0,0,0,0,0,0,0,0,0,0,0,0,0,0,0,0,0,0,0,0,0,0,0,0,0,0,0,0,0,0,0,0,0,0,0,0,0,0,0,0,0,0,0,0,0,0,0,0,0,0,0,0,0,0,0,0,0,0,0,0,0,0,0,0,0,0,0,0,0,0,0,0,0,0,0,0,0,0,0,0,0,0,0,0,0,0,0,0,0,0,0,0,0,0,0,0,0,0,0,0,0,0,0,0,0,0,0,0,0,0,0,0,0,0,0,0,0,0,0,0,0,0,0,0,0,0,0,0
"GUY",0,0,0,0,23275000,0,0,0,0,0,0,0,0,0,0,0,0,0,0,0,0,0,0,0,0,19609800,0,0,0,0,0,0,0,0,0,0,0,0,0,0,0,0,3185000,0,0,0,0,0,0,0,0,0,0,98000,0,0,0,0,0,4900,0,0,0,0,0,0,9800,0,0,0,0,0,0,0,0,0,0,0,0,49000,0,0,0,0,9800,0,0,0,0,0,0,0,0,0,0,0,0,0,0,0,0,0,0,0,0,0,0,0,0,0,0,0,0,0,0,0,0,0,0,0,0,0,0,0,0,0,0,12764500,0,0,0,0,0,0,0,0,0,0,0,0,0,0,0,17787000,4900,0,0,0,0,0,0,0,0,0,0,0,0,31040400,0,0,0,0,0,0,0,0,0,0,0,25994500,0,0,0,0,0,0,3528000,0,34300,0,0,0,0,0,0,0,0,0,9800,0,0,0,0,0,0
"HTI",0,0,0,0,0,0,0,0,0,0,0,0,0,0,0,0,0,0,0,0,0,0,0,0,0,0,0,0,0,0,0,0,0,0,0,0,0,0,0,0,0,0,0,0,0,0,0,0,0,0,0,0,0,0,0,0,0,0,0,0,0,0,0,0,0,0,0,0,0,0,0,0,0,0,0,0,0,0,0,0,0,0,0,0,0,0,0,0,0,0,0,0,0,0,0,0,0,0,0,0,0,0,0,0,0,0,0,0,0,0,0,0,0,0,0,0,0,0,0,0,0,0,0,0,0,0,0,0,0,0,0,0,0,0,0,0,0,0,0,0,0,0,0,0,0,0,0,0,0,0,0,0,0,0,0,0,0,0,0,0,0,0,0,0,0,0,0,0,0,0,0,0,0,0,0,0,0,0,0,0,0,0,0,0,0,0,0,0,0,0,0,0,0,0,0
"HND",0,0,0,0,0,0,0,0,0,0,0,0,0,0,0,0,0,0,0,0,0,0,0,0,0,0,0,0,0,0,0,0,0,0,0,0,0,0,0,0,0,0,0,0,0,0,0,6766859200,0,0,0,0,0,0,0,0,0,0,0,0,0,0,0,0,0,0,994700,0,0,0,0,0,0,0,0,0,0,0,0,0,0,0,0,0,0,0,0,0,0,0,0,0,0,0,0,0,0,0,0,0,0,0,0,0,0,0,0,0,0,0,0,0,0,0,0,0,0,0,0,0,0,0,9800,0,0,0,0,705600,0,0,0,0,0,0,0,0,0,0,0,0,0,0,0,0,0,0,0,0,0,0,0,0,0,0,0,0,10907400,0,0,0,0,0,0,0,0,0,0,0,0,0,0,0,0,0,0,0,0,0,716414300,0,0,0,0,0,0,0,0,0,0,0,0,0,0,0,0
"HKG",0,0,0,0,0,0,882487900,269500,0,306000100,0,0,0,0,0,0,0,0,0,8771000,0,0,0,0,0,254706000,0,0,8771000,0,0,3693537200,0,0,0,0,0,0,0,0,0,0,0,0,0,0,0,0,0,0,0,0,0,0,0,0,0,0,0,0,0,0,35084000,0,0,0,0,0,0,0,0,0,0,0,0,0,6879600,0,0,2422000,15949500,97137600,0,0,0,178448200,0,0,1233511300,0,0,6542666200,0,72417100,0,57330000,0,0,0,0,6471643900,0,0,99460200,49597800,0,0,0,0,0,0,0,0,0,0,0,14812700,0,0,0,52317300,0,0,0,0,9432500,0,0,0,90346200,0,0,0,0,0,0,0,0,164468500,0,0,0,5688900,0,0,0,0,0,0,0,0,0,0,2018775500,0,371488600,0,0,0,0,0,4713800,0,0,2139906300,0,16508100,0,0,0,0,0,0,6247269700,0,78939000,15782300,0,707105900,0,0,0,0,279456800,0,0,0,0,0,0,0,0,0,0,0
"HUN",0,0,166066400,0,0,0,18619300,582225295100,0,0,0,0,0,0,0,0,0,0,0,0,0,5032802100,0,0,0,1101000,0,0,0,0,0,2256866500,0,0,0,0,0,0,10692524800,1921880000,0,12436200,0,0,512750000,0,0,0,0,455700,0,0,2969400,140071600,0,0,920000,0,0,75204139700,8479239000,0,0,10439839600,0,0,0,0,0,0,0,0,0,124222345200,0,0,0,0,0,269800,9800,1670838501100,0,0,0,0,0,0,33200,0,0,0,0,147000,0,0,0,0,0,17152100,0,0,0,0,0,0,0,0,0,0,0,0,0,17611500,0,0,66843246800,0,0,12173800,0,0,0,0,0,2347100,0,0,14107443000,0,0,0,0,6331293400,4586400,0,0,0,0,0,2919115692000,0,41172900,0,0,0,0,0,0,0,0,88330534600,131160826900,1690700,0,0,89121200,0,0,0,1832600,20091506100,0,0,4900,0,0,0,0,0,0,0,0,0,0,0,213001100,839200000,11620000,0,0,0,0,11431700,0,0,0,0,46767467100,1264200,1954479700,462377700,0,0,0
"HRV",0,0,10700178800,0,0,0,85593200,104276922100,0,0,0,0,0,0,0,0,73754560000,0,0,0,0,197726300,0,0,0,150661400,0,0,0,0,0,14406000,0,0,1575408000,0,0,0,22772716600,0,0,20148800,0,0,0,0,0,0,0,2077600,0,0,4610900,29256376000,0,0,0,0,0,1691561900,144414040400,0,0,23243071400,0,0,0,0,0,0,0,0,21396871400,0,0,0,0,664000,0,13166300,0,454818370700,0,0,0,2224600,0,0,0,0,0,0,0,259700,0,1145510400,0,0,21556760000,739900,0,0,0,695800,0,0,44533284800,0,0,0,0,0,0,0,0,0,14695100,0,0,4617876600,0,0,0,0,0,2332400,0,0,33922700,0,0,0,0,1282700,39200,0,0,0,0,0,142675532700,0,39200,0,0,0,0,0,0,0,0,66654248400,261312800,53900,0,0,6776700,0,0,0,1026084500,75750900,0,0,0,0,0,0,0,0,0,0,18537670000,0,0,0,728316400,14700,240883000,0,0,0,0,0,959480000,0,1815123200,0,51178912900,2459800,58153042800,385277100,0,0,0
"ISL",0,0,0,0,0,0,0,0,0,0,0,0,0,0,0,0,0,0,0,0,0,0,0,0,0,99788500,0,0,0,0,2023700,42350700,0,0,0,0,0,0,0,0,0,149631300,0,0,0,0,0,0,0,4316900,34804700,0,749700,30963100,0,0,0,0,0,24161900,0,0,0,0,0,0,0,0,0,0,0,156800,0,0,0,0,0,0,0,4993100,0,1048600,0,0,0,0,0,0,0,0,0,0,0,0,0,0,0,0,0,0,0,0,0,0,0,0,0,0,0,0,0,0,0,0,0,0,149827300,0,0,0,0,0,0,0,0,11745300,0,0,0,0,0,0,0,117600,0,0,0,0,0,0,0,0,0,0,0,0,0,0,0,0,0,0,0,0,0,0,0,0,0,0,5071500,12313700,0,0,42056700,0,0,0,0,0,0,0,0,0,0,0,109676700,0,1798829200,0,0,0,0,0,0,0,0,0,0,0,0,0,0,0,0
"IND",0,0,0,0,0,0,303460500,0,0,2059355100,0,2574986400,0,32765929800,0,271100,0,0,0,0,3710000,0,0,0,0,232621700,0,0,306842800,0,0,85919200,0,0,0,0,0,0,0,0,166000,6833600,0,0,0,0,0,0,0,0,0,730400,0,11457700,0,177022300,0,0,0,14752100,0,171500,0,0,0,0,0,2656000,0,0,0,63466200,0,0,0,0,0,0,0,8243200,5520000,1958800,99600,0,0,114801500,0,0,153282400,1205226400,0,9305100,385525400,0,0,4150000,0,0,0,0,0,33200,2185300,831362900,159700300,0,0,3320000,42429600,0,0,0,0,0,0,87187603700,156866900,0,0,0,0,295881300,0,0,1596900,39155900,0,0,0,2503900,0,22080000,0,0,0,0,0,0,1179432800,0,0,0,0,0,0,0,0,331932400,0,389785600,0,0,0,4567867600,0,32978600,0,0,0,0,109963900,0,0,0,0,2124800,18633000,28057400,0,1660000,154457900,0,690900,19747643300,62928000,0,205707800,0,1696174100,0,0,0,0,5945436000,0,0,907400,697200,32518400,0,0,0,0,0,0
"IDN",0,0,0,0,0,0,373267300,0,0,0,0,0,0,0,0,0,0,0,0,17924200,0,0,0,0,0,0,0,0,0,0,0,104677000,0,0,0,0,0,0,0,0,0,0,0,0,0,0,0,0,0,0,0,0,0,0,0,0,0,0,0,0,0,0,0,0,0,0,0,0,0,0,0,235200,0,0,0,0,0,0,0,0,0,0,0,0,0,104781600,0,0,57089900,17071600,0,410767000,0,0,0,0,0,0,0,0,0,0,0,1377762400,0,0,0,0,0,0,0,0,0,0,0,0,163709000,0,0,0,0,128429000,0,0,0,0,0,0,0,0,0,0,27219500,0,0,0,271925500,0,0,0,0,0,1639745800,0,0,0,0,0,0,0,0,0,0,822871700,0,0,0,0,0,0,0,0,0,0,118570200,0,2330116600,0,0,0,0,0,0,847700,0,0,0,0,0,0,0,0,0,26415900,0,0,0,0,0,0,0,0,0,0,0
"IRN",0,0,0,0,0,0,1852200,8149500,0,0,0,0,0,0,0,0,0,0,0,0,0,0,0,0,0,22842400,0,0,107800,0,0,0,0,0,0,0,0,0,0,0,0,0,0,0,0,0,0,0,0,0,0,0,377300,4871600,0,0,0,0,0,5672400,0,0,0,0,0,0,0,0,0,0,0,0,0,0,0,0,0,0,0,0,0,0,0,9192582000,0,0,0,0,0,0,0,0,25497600,0,0,245000,0,0,0,0,0,0,0,7791000,0,0,0,0,0,0,0,0,0,0,0,0,34757500,0,0,0,0,0,107800,0,0,2370400,481400000,0,0,0,0,0,0,0,0,0,0,0,0,0,0,0,0,0,0,0,0,0,34525451600,0,0,0,0,0,0,0,0,0,0,0,763600,9800,0,0,0,0,0,0,0,0,110400,0,0,367500,0,0,9065200,0,0,0,0,0,0,0,0,0,0,0,0,0,0,0,0,0,0
"IRQ",0,0,0,0,0,0,0,0,0,0,0,0,0,0,0,0,0,0,0,0,0,0,0,0,0,0,0,0,0,0,0,0,0,0,0,0,0,0,0,0,0,0,0,0,0,0,0,0,0,0,0,0,0,0,0,0,0,0,0,0,0,0,0,0,0,0,0,0,0,0,0,0,0,0,0,0,0,0,0,0,0,0,0,0,0,0,0,0,0,0,0,0,0,0,0,0,0,0,0,0,0,0,0,0,0,0,0,0,0,0,0,0,0,0,0,0,0,0,0,0,0,0,0,0,0,0,0,0,0,0,0,0,0,0,0,0,0,0,0,0,0,0,0,0,0,0,0,0,0,0,0,0,0,0,0,0,0,0,0,0,0,0,0,0,0,0,0,0,0,0,0,0,0,0,0,0,0,0,0,0,0,0,0,0,0,0,0,0,0,0,0,0,0,0,0
"IRL",0,0,0,0,0,574080000,120990800,872053000,4900,4760200,4900,0,0,0,0,0,133554400,0,4900,0,0,45966900,4900,0,0,4245982300,0,0,4900,9800,11363100,479112200,0,0,14700,0,0,0,96953300,0,0,244015100,0,0,58986200,93100,2082500,0,4900,374900,0,0,177879800,40040470600,0,0,5723200,9800,4900,8289365700,4900,4900,0,153306300,0,4900,0,4900,4900,4900,0,298885300,131496400,456890700,4008200,176716500,0,0,0,0,609158200,5433405800,9800,0,4900,1121139600,0,0,132300,4900,0,1008851200,0,38195500,0,0,0,4900,0,92859900,0,0,0,6027000,0,4900,106895700,0,41600,1313200,0,4900,0,0,0,0,16658939400,0,0,0,0,14700,0,0,543478400,433786100,0,4900,136121600,0,0,0,0,203737100,188674500,0,0,0,20741700,0,140355600,0,4020004100,4900,4900,4900,0,3822000,0,34300,4900,26474700,0,1418285400,0,219557400,1910298200,0,0,0,456087100,1230744000,0,0,53086600,14700,198812600,4900,0,4900,0,0,227438400,453548900,14700,0,712601314600,195029800,46042490100,9800,0,0,0,0,4900,0,9800,0,41936920400,65934400,19090400,0,0,0,0
"ISR",0,0,0,0,0,0,13940500,1744400,0,0,0,0,0,0,0,0,0,0,0,0,0,0,0,0,0,70966700,0,0,0,0,26479600,108569300,0,0,0,0,0,0,306034400,0,0,0,0,0,0,0,0,0,0,67036900,0,0,0,49411600,0,0,0,0,0,9751000,0,0,0,0,0,0,0,0,0,0,0,23407300,2508800,0,0,0,0,0,0,0,0,2097200,0,0,0,5723200,0,0,0,0,0,0,0,0,0,0,0,0,0,0,0,0,0,0,0,0,0,0,0,0,0,0,0,0,0,0,8579900,0,0,0,0,0,0,0,0,0,0,0,0,0,0,0,0,0,0,0,0,0,0,0,0,0,28978600,0,0,0,0,0,0,0,0,4615800,0,0,0,0,0,0,0,0,0,3929800,0,0,0,0,0,0,0,0,0,0,0,0,0,0,24872400,0,173244400,0,0,0,0,0,0,0,0,0,9265900,0,0,0,0,0,0
"ITA",0,1278900,10509143500,352320000,0,7129500,23664582100,9131654700,2391200,36708800,0,0,0,0,0,0,20781100,0,0,0,0,9717444700,0,0,13494600,6855053000,21417600,0,3082800000,0,459651700,7330735100,409747800,0,995182400,0,118672600,524300,46922222200,69037300,0,2870512700,0,52542700,313600,103492900,0,15160600,0,27640200,0,0,381327800,38905282500,0,6845300,12710600,0,0,11502063000,360320400,1489600,0,19559346300,0,0,18575900,7974800,0,0,26362000,913280400,9835738500,4177387100,308851900,515546100,271102900,0,191736700,3559685400,1332205100,0,0,5703600,1685600,3016978200,92402300,0,15356600,2263800,0,514489800,152934400,934200,0,30426449000,0,0,13452975400,89083800,0,0,0,729318200,5684000,0,2235842900,0,0,182985600,0,21879156800,0,51567600,0,0,15098854800,0,3243800,92484000,0,3378955700,0,0,12078500,2343404800,1950531600,47789700,3057174200,0,366309300,89576900,1344208200,3436837900,1982067900,0,0,0,283050100,0,4952302900,0,1903291800,0,0,0,0,21123700,0,989800,65008300,6203839500,223534800,906729600,0,313427800,16470135500,0,0,0,4849446700,4600730200,0,0,2140273100,1930600,63097300,0,0,27817300,2906400,417799800,1780025600,2260483600,8257500,0,172224735100,826336300,30495512500,0,8369200,0,5159700,109774700,0,0,0,0,5830689600,5315900,977093200,109853100,0,0,0
"CIV",0,0,0,0,0,0,0,0,0,0,0,0,0,0,0,0,0,0,0,0,0,0,0,0,0,0,0,0,0,0,0,0,0,0,0,0,0,0,0,0,83300,0,0,0,0,0,0,0,0,0,0,0,0,59300,0,0,0,0,0,0,0,88200,0,0,0,0,0,12230400,0,0,0,0,0,0,0,0,0,0,0,245000,0,0,0,0,0,0,0,0,0,0,0,0,0,0,0,0,0,69026300,0,0,0,0,0,0,0,0,0,0,0,0,0,49000,0,0,0,0,454176800,0,0,0,0,0,0,0,0,0,0,0,0,0,0,0,0,0,0,0,0,0,0,0,0,0,0,0,0,0,0,0,200213200,0,0,0,0,0,0,0,0,0,0,0,0,0,0,0,0,0,0,0,0,0,0,0,0,0,0,0,0,0,0,0,0,0,0,0,0,0,0,0,51317700,0,0,0,0,0,0
"KAZ",0,17662400000,0,0,0,0,0,9800,0,0,0,0,0,0,0,0,0,0,0,0,0,0,0,0,0,0,0,0,0,0,0,653915225700,0,0,0,0,0,0,0,8367914300,0,14700,0,0,0,0,0,0,0,0,0,0,0,24500,0,0,0,0,0,0,0,0,0,0,0,0,0,0,0,0,0,0,0,0,0,0,0,2119039999200,0,9800,0,0,0,0,0,0,0,7490126500,0,0,0,0,0,0,0,0,0,0,0,0,0,0,0,0,0,0,0,0,0,0,0,0,0,0,0,0,132300,0,0,0,0,0,0,0,0,0,0,0,4648112700,0,0,0,0,0,0,0,0,0,0,0,0,0,98826447400,0,0,0,0,0,86061500,0,0,0,0,0,0,0,0,0,109400055000,0,0,0,0,2.158e+09,0,0,0,0,0,0,0,0,9428800000,71256496000,0,0,7167382000,117727400,0,0,0,282136571600,0,0,0,0,0,0,0,0,0,0,0,0,0
"JAM",0,0,0,0,5541900,0,0,0,426300,0,26881400,0,0,0,0,0,0,0,412094900,0,0,0,0,0,0,2586857000,0,0,0,0,0,0,0,0,0,0,0,0,0,0,0,0,9089500,0,0,0,0,39200,0,0,0,0,0,33844300,0,0,0,0,0,0,0,0,0,0,0,0,14700,0,50048600,0,553700,0,0,0,0,0,0,0,0,44100,0,0,0,0,0,0,0,0,0,0,0,4900,0,0,0,0,0,0,0,0,0,0,0,0,2842000,0,0,0,0,0,0,0,0,0,0,0,26572700,0,0,0,0,0,0,0,0,0,0,14700,0,0,0,0,0,0,0,0,0,0,0,0,0,0,0,0,5277300,0,0,0,0,0,0,0,0,4968600,0,0,0,140615300,0,0,0,181300,0,0,0,0,0,0,0,110137100,0,0,0,0,0,0,1255353600,0,18309727200,0,0,0,0,0,0,0,0,0,0,0,0,0,0,0,0
"JPN",0,0,0,0,0,0,7233992500,0,0,0,0,0,0,0,0,0,8555400,0,0,0,0,0,0,0,0,561383200,0,0,245000,0,2170700,6933387300,0,0,0,0,0,0,0,0,0,10383100,0,0,0,0,0,0,0,2881200,0,0,1156400,296469600,0,0,0,0,0,122500,0,0,0,0,0,0,0,0,0,0,0,2355477600,0,0,0,2058000,4606000,0,0,2523500,12651800,64905400,0,0,0,0,0,0,0,65993200,0,6822804100,0,0,17708600,0,0,0,0,0,4101300,0,0,100508800,0,0,0,0,0,12960500,1063300,0,0,0,0,5385100,9074800,0,0,0,0,1582832300,0,0,0,0,0,0,882000,0,431200,0,3444700,5321400,3577000,0,0,0,0,0,0,0,1738314200,0,0,0,0,739900,0,0,0,0,0,3151468200,0,1587600,24877300,0,0,0,29057000,11093600,0,0,17631497400,0,22168100,0,0,0,0,0,0,3758300,0,0,173156200,2425500,2859361900,0,0,0,0,65130800,0,0,0,0,0,0,0,0,0,0,0
"JOR",0,0,0,0,0,0,0,0,0,0,0,0,0,0,0,0,0,0,0,0,0,0,0,0,0,0,0,0,0,0,0,0,0,0,0,0,0,0,0,0,0,0,0,0,0,0,0,0,0,0,0,0,0,0,0,0,0,0,0,3822000,0,0,0,0,0,0,0,0,0,0,0,0,0,0,0,0,0,0,133436800,0,88489100,0,0,0,0,0,0,0,0,0,0,0,0,0,0,0,0,0,0,0,0,0,0,0,0,0,0,0,0,0,0,0,0,0,0,0,249900,0,0,0,0,0,0,0,0,0,0,0,0,0,0,0,0,0,0,0,0,0,0,0,0,0,0,0,0,0,0,0,0,0,0,0,0,0,0,0,0,0,0,0,0,0,354284700,0,0,0,0,0,0,0,0,0,2001287400,0,0,0,0,0,0,0,0,0,0,0,0,0,0,0,0,0,0,0,0,0,202487600
"KGZ",0,0,0,0,0,0,0,0,0,0,0,0,0,0,0,0,0,0,0,0,0,0,0,0,0,0,0,0,0,0,0,25416300,0,0,0,0,0,0,0,0,0,0,0,0,142100,0,0,0,0,0,0,0,0,0,0,0,0,0,0,0,0,0,0,0,0,0,0,0,0,0,0,44100,0,0,0,0,0,0,0,0,0,0,0,98752600,0,0,0,0,0,0,0,0,0,0,0,0,0,0,0,0,0,0,0,0,0,0,0,0,0,0,0,0,0,0,0,0,0,0,0,0,0,0,0,0,0,0,0,0,0,0,0,0,0,0,0,0,0,0,0,0,0,0,31737300,0,0,0,0,0,0,0,0,0,0,0,0,0,0,0,9599100,0,0,0,0,33200,0,0,0,0,0,0,0,0,0,0,0,0,0,0,0,0,0,73600000,0,0,0,0,0,0,0,0,0,0,0,0,0
"KEN",0,0,0,0,0,0,0,0,0,0,0,0,0,0,0,0,0,0,0,0,0,0,0,152600700,0,34337100,0,0,0,0,0,1607200,0,1293600,20521200,0,0,0,0,0,0,1210300,0,0,0,0,0,0,0,0,0,0,0,4058700,0,54590900,0,0,0,311900,0,862400,0,0,0,0,0,0,0,0,0,57036000,0,0,0,49000,0,0,0,529200,133464000,1043700,0,0,0,1460200,0,0,0,0,0,0,0,0,0,0,0,107800,0,0,0,0,0,328300,0,0,0,0,0,0,0,0,0,0,0,0,784000,0,0,0,0,2257600,0,0,0,4988200,0,107800,0,0,0,0,0,0,0,0,0,0,0,0,0,5173328300,156800,0,0,0,0,0,0,376644500,0,0,0,196000,188449100,4552100,0,0,0,0,0,862400,0,0,0,8451309600,0,0,0,0,0,0,514500,2268700,158271833600,0,191056300,0,98896400,0,0,0,0,0,0,0,356423100,0,14352100,0,0,0,0,12919462500,0
"KHM",0,0,0,0,0,0,15547700,0,0,0,0,0,0,0,0,0,0,0,0,0,0,0,930808000,0,0,0,0,0,0,0,0,197911000,0,0,0,0,0,0,0,0,0,0,0,0,0,0,0,0,17752700,0,0,0,0,42791700,0,0,0,0,0,39200,0,0,0,0,0,0,0,0,0,0,0,1352400,0,0,0,0,0,0,0,0,0,0,0,0,0,6815900,0,0,0,0,0,18693500,0,0,588800000,0,0,0,0,0,0,0,0,0,0,0,0,0,0,0,0,0,0,0,0,0,0,0,0,0,0,0,0,0,0,0,0,0,0,0,0,0,0,0,0,0,0,0,0,0,0,0,6007400,0,0,0,0,0,0,0,0,0,0,463250900,0,0,0,0,0,0,0,0,0,0,0,0,4204263700,0,0,0,0,0,0,0,0,0,690655000,0,31644200,0,0,0,0,11216594900,0,0,0,0,7557181800,0,0,0,0,0,0
"PRK",0,0,0,0,0,0,0,0,0,0,0,0,0,0,0,0,0,0,0,0,0,0,0,0,0,0,0,0,0,0,0,0,0,0,0,0,0,0,0,0,0,0,0,0,0,0,0,0,0,0,0,0,0,0,0,0,0,0,0,0,0,0,0,0,0,0,0,0,0,0,0,0,0,0,0,0,0,0,0,0,0,0,0,0,0,0,0,0,0,0,0,0,0,0,0,0,0,0,0,0,0,0,0,0,0,0,0,0,0,0,0,0,0,0,0,0,0,0,0,0,0,0,0,0,0,0,0,0,0,0,0,0,0,0,0,0,0,0,0,0,0,0,0,0,0,0,0,0,0,0,0,0,0,0,0,0,0,0,0,0,0,0,0,0,0,0,0,0,0,0,0,0,0,0,0,0,0,0,0,0,0,0,0,0,0,0,0,0,0,0,0,0,0,0,0
"KOR",0,0,0,220800,0,0,2193735600,24392200,0,0,0,0,0,0,127400,0,1734600,0,0,0,0,0,0,0,0,57625000,0,0,8702400,0,0,15367247000,10931900,0,0,0,0,0,0,0,0,0,0,47544700,0,0,0,0,0,0,0,0,0,125459100,0,470400,0,0,0,44943700,0,196000,7389200,0,0,0,6787100,132300,0,0,0,50433281400,0,0,0,398900,28088900,0,9889030600,1215200,0,14788200,0,377300,0,4800200200,0,0,0,26311600,0,0,347900,0,0,0,0,0,0,0,2861600,0,0,69493700,0,0,0,0,127400,0,3272425800,36800,0,0,0,0,494313000,0,0,0,0,237379200,0,0,788800,0,0,142100,0,0,416500,0,16220400,0,0,0,0,0,3054400,0,0,0,2451185800,0,0,0,0,0,279300,0,0,0,205800,5577586200,0,2155100,24519600,0,0,0,0,15645700,0,0,1213979900,0,47343800,0,0,0,0,0,0,3718400,0,0,166372500,0,4738216300,0,8869000,0,0,64575700,0,0,0,0,813400,0,0,0,0,0,0
"KWT",0,0,0,0,0,0,0,0,0,0,0,0,0,0,0,0,0,0,0,0,0,0,0,0,0,0,0,0,0,0,0,0,0,0,0,0,0,0,0,0,0,0,0,0,0,0,0,0,0,0,0,0,0,0,0,0,0,0,0,0,0,0,0,0,0,0,0,0,0,0,0,0,0,0,0,0,0,0,0,0,0,0,0,0,0,0,0,0,0,0,0,0,0,0,0,0,0,0,0,0,0,0,0,0,0,0,0,0,0,0,0,0,0,0,0,0,0,0,0,0,0,0,0,0,0,0,0,0,0,0,0,0,0,0,0,0,0,0,0,0,0,0,0,0,0,0,0,73600,0,0,0,0,0,0,0,0,0,0,0,0,0,0,0,0,0,0,0,0,0,0,1104000,0,0,7212800,0,0,0,0,0,0,0,0,0,0,0,0,0,0,0,0,0,0,0,0,0
"LVA",0,0,0,251455073600,0,0,145422200,7531300,0,0,0,0,0,0,0,0,0,0,0,0,0,1488129200,0,0,0,0,0,0,0,0,246969800,3207461600,0,0,0,0,0,0,194569200,14768600,0,11006589900,0,0,1139259600,0,0,0,0,17178021000,0,0,126900100,59348800,0,0,103364300,0,0,20504856300,14028700,26474700,0,25735500,0,0,0,0,0,0,0,235278400,137381300,8883700,0,8173200,0,0,91443800,100856700,1667989400,64626100,0,341177200,0,93100,0,32741400,0,0,0,16836400,0,0,0,0,0,0,0,94631964300,0,0,0,0,0,0,100015300,0,0,0,5190000,0,0,5747700,0,0,98495019000,0,0,0,0,21368900,0,0,43361690000,60364100,0,0,34295100,9760800,0,0,0,271224300,82338500,0,0,0,0,0,1433015800,0,11181684000,0,0,0,0,3.2868e+11,0,0,0,13546300,88783100,302709200,0,0,968777300,0,0,0,19005600,6953300,0,5610500,213816400,21050400,6208300,0,0,0,19874400,84234674800,14376600,1579720800,0,0,3306317700,1856967700,72045500,0,0,98703500,0,22721300,0,0,0,0,17277943300,127400,0,0,0,0,0
"LAO",0,0,0,0,0,0,0,0,0,0,0,0,0,0,0,0,0,0,0,0,0,0,0,0,0,0,0,0,0,0,0,0,0,0,0,0,0,0,0,0,0,0,0,0,0,0,0,0,0,0,0,0,0,0,0,0,0,0,0,0,0,0,0,0,0,0,0,0,0,0,0,0,0,0,0,0,0,0,0,0,0,0,0,0,0,0,0,0,0,0,0,0,0,0,0,0,0,0,0,0,0,0,0,0,0,0,0,0,0,0,0,0,0,0,0,0,0,0,0,0,0,0,0,0,0,0,0,0,0,0,0,0,0,0,0,0,0,0,0,0,0,0,0,0,0,0,0,0,0,0,0,0,0,0,0,0,0,0,0,0,0,0,0,0,0,0,0,0,0,0,0,0,0,0,0,0,0,0,0,0,0,0,0,0,0,0,0,0,0,0,0,0,0,0,0
"LBN",0,0,0,0,0,0,51224600,0,0,0,0,0,0,0,0,0,5458600,0,0,0,0,0,0,0,0,20496700,0,0,0,0,0,0,0,0,29400,0,0,0,29605800,0,0,0,0,0,0,0,0,0,0,0,0,0,0,176390200,0,294000,0,0,0,10015600,0,637000,0,14729400,0,0,0,8334900,0,0,0,2548000,0,0,0,0,0,0,0,0,0,6051500,10098900,0,0,2283400,12457716100,0,0,0,0,0,0,0,0,0,0,705600,0,0,0,0,0,0,0,0,0,0,0,0,0,0,0,0,0,0,9907800,0,0,0,0,0,0,0,0,2979200,0,1817900,0,0,0,0,0,0,0,0,0,0,5134494500,0,0,0,0,0,0,0,0,1593600,588000,0,0,0,0,1166200,0,196000,9192400,0,0,0,25797400,13475000,129796100,0,0,0,0,0,0,1210300,0,0,887904500,146029800,0,0,76747900,249900,156775500,0,0,0,2190300,0,0,0,0,0,16135700,0,0,0,0,0,0
"LSO",0,0,0,0,0,0,0,0,0,0,0,0,0,0,0,0,0,0,0,0,0,0,0,0,0,0,0,0,0,0,0,0,0,0,0,0,0,0,0,0,0,0,0,0,0,0,0,0,0,0,0,0,0,0,0,0,0,0,0,0,0,0,0,0,0,0,0,0,0,0,0,0,0,0,0,0,0,0,0,0,0,0,0,0,0,0,0,0,0,0,0,0,0,0,0,0,0,0,0,0,0,0,0,0,0,0,0,0,0,0,0,0,0,0,0,0,0,0,0,0,0,0,0,0,0,0,0,0,0,0,0,0,0,0,0,0,0,0,0,0,0,0,0,0,0,0,0,0,0,0,0,0,0,0,0,0,0,0,0,0,0,0,0,0,0,0,0,0,0,0,0,0,0,0,0,0,0,0,0,0,0,0,0,0,0,0,0,0,0,0,0,0,0,0,0
"LBR",0,0,0,0,0,0,0,0,0,0,0,0,0,0,0,0,0,0,0,0,0,0,0,0,0,0,0,0,0,0,0,0,0,0,0,0,0,0,0,0,0,0,0,0,0,0,0,0,0,0,0,0,0,0,0,0,0,0,0,0,0,0,0,0,0,0,0,0,0,0,0,0,0,0,0,0,0,0,0,0,0,0,0,0,0,0,0,0,0,0,0,0,0,0,0,0,0,0,0,0,0,0,0,0,0,0,0,0,0,0,0,0,0,0,0,0,0,0,0,0,0,0,0,0,0,0,0,0,0,0,0,0,0,0,0,0,0,0,0,0,0,0,0,0,0,0,0,0,0,0,0,0,0,0,0,0,0,0,0,0,0,0,0,0,0,0,0,0,0,0,0,0,0,0,0,0,0,0,0,0,0,0,0,0,0,0,0,0,0,0,0,0,0,0,0
"LBY",0,0,0,0,0,0,0,0,0,0,0,0,0,0,0,0,0,0,0,0,0,0,0,0,0,0,0,0,0,0,0,0,0,0,0,0,0,0,0,0,0,0,0,0,0,0,0,0,0,0,0,0,0,0,0,0,0,0,0,0,0,0,0,0,0,0,0,0,0,0,0,0,0,0,0,0,0,0,0,0,0,0,0,0,0,0,0,0,0,0,0,0,0,0,0,0,0,0,0,0,0,0,0,0,0,0,0,0,0,0,0,0,0,0,0,0,0,0,0,0,0,0,0,0,0,0,0,0,0,0,0,0,0,0,0,0,0,0,0,0,0,0,0,0,0,0,0,0,0,0,0,0,0,0,0,0,0,0,0,0,0,0,0,0,0,0,0,0,0,0,0,0,0,0,0,0,0,0,0,0,0,0,0,0,0,0,0,0,0,0,0,0,0,0,0
"LTU",0,0,0,309597403600,0,0,4914700,0,0,0,0,0,0,0,0,0,18446920000,0,0,0,0,20406200,0,2646000,0,1479800,0,0,0,0,10878000,2109013900,0,0,0,0,0,0,38955000,34247700,0,1612548600,0,0,4896119700,0,3265552000,0,0,142753734100,0,0,18888989000,91849271600,0,0,346057400,0,0,42699228000,0,4843836800,0,208800,0,0,66508824000,0,0,0,4180185600,2466400,0,0,75528600,0,0,0,0,737583700,250266800,157770200,12322700800,187232500,0,195461000,0,2356900,14789993600,0,0,2394076300,0,301901032000,0,11170800,0,0,0,0,0,0,0,0,0,0,0,0,0,13504400,0,129017955600,0,423786300,0,0,19498506800,0,0,0,0,58579500,0,0,0,818883800,0,0,58039300,0,0,0,0,214963475000,18365200,0,0,0,0,0,19237400,327829600,53644353600,0,0,0,0,984067986400,0,0,0,0,0,4307100,0,0,93922890500,0,1835000,0,761653800,12936000,0,9800,103336100,11642400,0,203062400,0,0,0,9.13e+10,0,124744200,69849500,0,139804250400,5289427100,184543300,4691264000,0,5605600,0,6066200,0,0,1388048600,0,10756800,0,0,0,0,0,0
"MAC",0,0,0,0,0,0,0,0,0,0,0,0,0,0,0,0,0,0,0,0,0,0,0,0,0,0,0,0,0,0,0,0,0,0,0,0,0,0,0,0,0,0,0,0,0,0,0,0,0,0,0,0,0,0,0,0,0,0,0,0,0,0,0,0,0,0,0,0,0,0,0,0,0,0,0,0,0,0,0,0,0,0,0,0,0,0,0,0,0,0,0,0,0,0,0,0,0,0,0,0,0,0,0,0,0,0,0,0,0,0,0,0,0,0,0,0,0,0,0,0,0,0,0,0,0,0,0,0,0,0,0,0,0,0,0,0,0,0,0,0,0,0,0,0,0,0,0,0,0,0,0,0,0,0,0,0,0,0,0,0,0,0,0,0,0,0,0,0,0,0,0,0,0,0,0,0,0,0,0,0,0,0,0,0,0,0,0,0,0,0,0,0,0,0,0
"MDG",0,0,0,0,0,0,0,0,0,0,0,0,0,0,0,0,0,0,0,0,0,0,0,0,0,0,0,0,0,0,0,32741800,0,48887300,0,0,0,0,0,0,0,0,0,0,0,0,0,0,0,0,0,0,0,566699700,0,0,0,0,0,14700,0,0,0,0,0,0,0,0,0,0,0,0,0,0,0,0,0,0,0,0,0,0,0,0,0,0,0,0,0,0,0,0,0,0,0,0,0,0,0,0,0,0,0,0,0,0,0,0,0,0,0,0,0,0,0,0,0,0,0,0,0,0,0,0,0,0,0,0,0,0,0,0,0,0,0,0,0,0,0,0,0,0,0,0,0,0,0,0,0,0,0,0,0,0,0,0,0,0,0,0,0,0,0,0,0,0,0,0,0,0,0,0,0,0,0,0,0,0,0,9800,0,0,0,0,0,0,0,0,0,0,0,0,0,0,0
"MWI",0,0,0,0,0,0,0,0,0,0,0,0,0,0,0,9800,0,0,0,0,0,0,0,0,0,0,0,0,0,0,0,0,0,0,0,0,0,0,0,0,0,19600,0,0,0,0,0,0,0,0,0,0,0,14700,0,0,0,0,0,0,0,0,0,0,0,0,0,0,0,0,0,0,0,0,0,0,0,0,0,0,0,0,0,0,0,0,0,0,0,0,0,0,0,0,0,0,0,0,0,0,0,0,0,0,0,0,0,0,0,0,0,0,19600,0,0,0,0,0,0,0,0,0,0,0,0,0,0,0,0,0,0,0,0,0,0,0,0,0,0,0,0,0,0,0,0,0,0,0,0,0,0,0,0,0,0,11231000,0,0,0,0,0,4900,0,0,0,0,0,0,0,0,0,0,0,0,0,0,1445500,0,0,0,0,0,0,0,0,0,0,0,0,0,0,0,0,0,0
"MYS",0,0,0,0,0,0,48465900,0,0,0,0,0,0,0,0,0,0,0,0,0,24181500,0,11127900,0,0,0,0,0,9780400,0,0,701234100,0,0,0,0,0,0,0,0,0,0,0,0,0,0,0,0,0,0,0,0,0,0,0,0,0,0,0,0,0,0,0,0,0,0,0,0,0,0,0,13670779500,0,0,0,14729400,454394000,0,0,0,0,0,0,0,0,0,0,0,0,52258500,0,411600,0,0,48348300,0,0,0,0,0,0,0,0,0,143770900,0,0,0,0,0,0,0,0,0,0,0,17297000,0,0,0,0,7497000,0,0,0,0,0,0,0,23941400,0,0,179987800,0,0,0,115885000,0,0,0,0,0,0,0,0,0,0,0,0,0,0,0,0,26469328900,0,0,0,0,0,0,0,0,0,0,443156000,0,1400947500,0,0,0,0,0,0,20060600,0,0,0,0,0,0,0,0,0,70021300,0,0,0,0,0,0,0,0,0,0,0
"MDV",0,0,0,0,0,0,0,0,0,0,0,0,0,0,0,0,0,0,0,0,0,0,0,0,0,0,0,0,0,0,0,0,0,0,0,0,0,0,0,0,0,0,0,0,0,0,0,0,0,0,0,0,0,0,0,0,0,0,0,0,0,0,0,0,0,0,0,0,0,0,0,0,0,0,0,0,0,0,0,0,0,0,0,0,0,0,0,0,0,0,0,0,0,0,0,0,0,0,0,0,0,0,0,0,0,0,0,0,0,0,0,0,0,0,0,0,0,0,0,0,0,0,0,0,0,0,0,0,0,0,0,0,0,0,0,0,0,0,0,0,0,0,0,0,0,0,0,0,0,0,0,0,0,0,0,0,0,0,0,0,0,0,0,0,0,0,0,0,0,0,0,0,0,0,0,0,0,0,0,0,0,0,0,0,0,0,0,0,0,0,0,0,0,0,0
"MLI",0,0,0,0,0,0,0,0,0,0,0,0,0,0,0,0,0,0,0,0,0,0,0,0,0,0,0,0,0,0,0,0,0,0,0,0,0,0,0,0,1908400,0,0,0,0,0,0,0,0,0,0,0,0,0,0,0,0,0,0,0,0,0,0,0,0,0,0,0,0,0,0,0,0,0,0,0,0,0,0,102900,0,0,0,0,0,0,0,0,0,0,0,0,0,0,0,0,0,0,0,0,0,0,0,0,254800,0,0,0,0,0,0,0,0,0,0,0,4900,0,0,0,0,0,0,10290000,0,0,0,0,0,0,0,0,0,0,0,0,0,0,0,0,0,0,0,0,0,0,0,0,0,0,0,0,0,0,0,0,0,0,0,0,0,0,0,0,0,0,0,0,0,0,0,0,0,0,0,0,0,0,0,0,0,0,0,0,0,0,0,0,0,0,0,0,0,0,0
"MLT",0,0,0,0,0,0,0,1269100,0,0,0,0,0,0,0,0,0,0,0,0,0,0,0,0,0,0,0,0,0,0,0,189541800,0,0,0,0,0,0,0,0,0,0,0,0,0,0,0,0,0,0,0,0,0,1783600,0,0,0,0,0,2170700,0,9800,0,11025000,0,0,0,0,0,0,0,0,0,0,0,0,0,0,0,0,0,223214600,0,0,0,0,0,0,0,0,0,0,0,0,0,0,0,0,0,0,0,0,0,0,0,0,0,0,0,0,0,0,0,0,0,0,34300,0,0,0,0,0,0,0,9800,0,0,0,0,0,0,0,0,0,0,0,0,0,0,0,0,0,0,0,0,0,0,0,0,0,0,0,0,0,0,0,0,0,0,0,62715100,1274000,0,0,950600,0,0,0,0,0,0,0,0,0,0,0,51685200,0,0,0,0,0,0,0,0,0,0,0,0,0,0,0,0,0,0
"MRT",0,0,0,0,0,0,0,0,0,0,0,0,0,0,0,0,0,0,0,0,0,0,0,0,0,0,0,0,0,0,0,0,0,0,0,0,0,0,0,0,0,0,0,0,0,0,0,0,0,0,0,0,0,0,0,0,0,0,0,0,0,0,0,0,0,0,0,0,0,0,0,0,0,0,0,0,0,0,0,0,0,0,0,0,0,0,0,0,0,0,0,0,0,0,0,0,0,0,0,0,0,0,0,0,0,0,0,0,0,0,0,0,0,0,0,0,0,0,0,0,0,0,0,0,0,0,0,0,0,0,0,0,0,0,0,0,0,0,0,0,0,0,0,0,0,0,0,0,0,0,0,0,0,0,0,0,0,0,0,0,0,0,0,0,0,0,0,0,0,0,0,0,0,0,0,0,0,0,0,0,0,0,0,0,0,0,0,0,0,0,0,0,0,0,0
"MUS",0,0,0,0,0,0,115761900,0,0,0,0,0,0,0,0,7256900,0,0,0,0,0,0,0,323400,0,0,0,0,0,0,0,35417200,0,0,0,0,0,0,0,0,0,0,0,0,0,0,0,0,0,0,0,0,0,1485514500,0,0,0,0,0,0,0,0,0,0,0,0,0,0,0,0,0,0,0,0,0,0,0,0,0,0,0,0,0,0,0,0,0,0,0,0,0,0,0,0,0,0,0,0,0,0,0,220200,0,220200,0,0,0,0,0,0,0,0,0,0,0,0,19600,0,0,0,0,0,0,0,0,0,0,0,0,0,0,0,0,0,0,0,0,0,0,0,0,0,0,0,0,0,0,0,0,174113400,0,0,0,0,0,0,0,0,0,0,0,931000,0,0,0,0,0,0,0,0,0,0,0,0,0,0,18067700,0,0,0,0,0,0,0,0,0,0,0,0,0,0,0,0,0,0
"MEX",0,0,0,0,0,0,62850418400,0,0,0,0,0,0,0,0,0,0,0,0,0,0,0,0,0,0,11523261400,0,0,0,0,0,18561944800,613401600,0,0,0,3781085000,0,0,0,0,114219000,0,512108800,0,0,0,720794900,0,0,0,0,0,54443900,0,0,0,0,0,73446100,0,0,0,0,0,0,11281711000,0,0,0,0,2501347100,0,0,0,0,0,0,0,0,465402000,0,0,0,0,1133860000,0,0,0,0,0,0,0,0,0,0,0,0,0,0,0,0,0,0,0,0,0,0,0,0,0,0,0,0,0,0,14218403500,0,0,0,0,470904700,0,0,0,0,0,9533915300,0,0,0,781358900,0,0,0,0,0,0,0,0,0,0,0,0,0,0,0,0,0,0,0,0,0,2112502700,0,0,2481639300,0,0,0,0,8918000,0,0,0,0,0,0,0,0,0,0,0,0,0,0,28116895800,0,3187955890700,0,0,0,0,0,0,0,0,0,1742430200,0,0,0,0,0,0
"MNG",0,0,0,0,0,0,0,0,0,0,0,0,0,0,0,0,0,0,0,0,0,0,0,0,0,0,0,0,0,0,0,328589100,0,0,0,0,0,0,0,0,0,0,0,0,0,0,0,0,0,0,0,0,0,0,0,0,0,0,0,0,0,0,0,0,0,0,0,0,0,0,0,0,0,0,0,0,0,0,0,0,0,0,0,0,0,0,0,0,0,0,0,0,0,0,0,0,0,0,0,0,0,0,0,0,0,0,0,0,0,0,0,0,0,0,0,0,0,0,0,0,0,0,0,0,0,0,0,0,0,0,0,0,0,0,0,0,0,0,0,0,0,0,10951500,0,0,0,0,0,0,0,0,0,0,0,0,0,0,0,0,0,0,0,0,0,0,0,0,0,0,0,0,0,0,0,0,0,0,0,0,0,0,0,0,0,0,0,0,0,0,0,0,0,0,0,0
"MAR",0,0,0,0,0,0,0,0,0,0,0,0,0,0,0,0,0,0,0,0,0,0,0,0,0,0,0,0,0,0,0,0,0,0,0,0,0,0,19600,0,39200,0,0,0,0,0,0,0,0,0,0,0,0,76787900,0,0,0,0,0,0,0,0,0,0,0,0,0,0,0,0,0,0,0,0,0,0,0,0,0,0,0,0,0,0,0,3532900,0,0,0,0,0,0,0,0,0,0,0,0,25612300,0,0,0,0,0,0,0,0,0,0,0,0,0,0,0,0,0,0,0,0,0,0,0,0,0,0,0,0,0,0,0,0,0,0,0,0,0,0,0,0,0,0,0,0,0,0,0,0,0,0,0,0,0,0,0,0,0,5180211400,0,0,0,0,0,0,0,0,0,0,0,0,0,0,0,0,0,0,0,15214500,0,25362400,0,0,0,0,0,0,0,0,0,0,0,0,0,0,0,0
"MOZ",0,0,0,0,0,0,0,0,0,0,0,0,0,0,0,0,0,0,0,0,0,0,0,0,0,0,0,0,0,0,0,0,0,0,0,0,0,0,0,0,0,0,0,0,0,0,0,0,0,0,0,0,0,0,0,0,0,0,0,0,0,0,0,0,0,0,0,0,0,0,0,0,0,0,0,0,0,0,0,0,0,0,0,0,0,0,0,0,0,0,0,0,0,0,0,0,0,0,0,0,0,0,0,0,0,0,0,0,0,0,0,0,0,0,0,0,0,0,0,0,0,0,0,0,0,0,0,0,0,0,0,0,0,0,0,0,0,0,0,0,0,0,0,0,0,0,0,0,0,0,0,0,0,0,0,0,0,0,0,0,0,0,0,0,0,0,0,0,0,0,0,0,0,0,0,0,0,0,0,0,0,0,0,0,0,0,0,0,0,0,0,0,0,0,0
"MDA",0,147000,0,0,0,0,0,0,0,0,0,0,0,0,0,0,0,0,0,0,0,0,0,0,0,754600,0,0,0,0,18722900,767168500,0,0,0,0,0,0,19937131200,0,0,0,0,0,0,0,0,0,0,4733357200,0,0,0,11671800,0,0,4900,0,0,22520400,0,0,0,29406468400,0,0,0,0,0,0,0,59270400,0,0,0,0,0,0,0,4836300,3182428300,30172761500,0,0,0,0,0,4140500,0,0,0,0,0,19663700,0,25076590800,0,0,0,0,0,0,0,0,0,0,0,0,0,0,0,0,0,0,0,0,222528600,0,0,11480700,0,0,0,0,0,6619900,0,12480300,44100,0,0,0,0,193256000,0,0,0,0,0,0,151185344400,0,0,0,0,0,0,0,0,22579200,0,0,3116685700,0,0,0,0,0,0,6707163600,0,198101544800,0,0,90914600,0,0,0,0,0,0,0,88209279200,7283117200,0,0,5693800,2539857800,10559500,0,0,0,0,0,0,0,0,0,0,0,173313000,0,0,0,0
"NAM",0,0,0,0,0,0,32540900,122500,235200,0,0,0,0,0,0,3829345100,4900,0,0,0,0,0,0,17595900,0,39200,0,0,0,0,0,9099300,0,0,0,34300,0,0,4900,0,0,4900,0,0,0,0,0,0,0,0,0,0,78400,49000,0,39200,0,0,0,4934300,0,0,0,9800,0,0,0,0,0,0,0,0,0,0,0,132300,0,0,0,0,0,4900,0,0,0,93100,0,0,55928600,0,0,3253600,0,0,0,0,0,9800,0,122700,0,0,3817100,0,0,0,14700,0,14136500,0,0,0,0,0,0,0,44100,0,0,0,0,0,0,0,0,19600,0,9800,0,0,0,0,0,0,0,0,0,0,0,189977900,0,0,107800,0,0,4900,0,0,0,49000,0,0,0,53900,0,52938133500,4900,0,0,4410000,58800,1465100,0,0,0,3487820000,0,0,0,0,0,0,0,18130000,0,0,32575200,0,12499900,0,0,0,0,0,0,0,6557162100,716345700,9800,0,0,0,0,0,0
"NPL",0,0,0,0,0,0,162790000,0,0,0,0,0,0,0,0,0,0,0,0,0,0,0,0,0,0,0,0,0,0,0,0,0,0,0,0,0,0,0,0,0,0,0,0,0,0,0,0,0,0,0,0,0,0,0,0,0,0,0,0,0,0,0,0,0,0,0,0,0,0,0,0,144721200,0,0,0,268392600,0,0,0,0,0,0,0,0,0,75955200,0,0,0,0,0,6634600,0,0,0,0,0,0,0,0,0,0,0,0,0,0,0,0,0,0,0,0,0,0,0,0,0,0,0,0,0,0,0,0,0,0,7340000,0,0,0,0,0,0,0,0,0,0,0,0,0,0,0,0,0,0,0,0,0,0,0,0,0,0,73500,0,0,0,0,0,0,0,0,0,0,0,0,0,0,0,0,0,0,0,0,0,0,117366600,0,6717500,0,0,0,0,0,0,0,0,0,15812300,0,0,0,0,0,0
"NLD",4869800,74896800,884730000,122500,133696500,824433900,16449426200,3985079900,47285000,2680424800,217555000,92559200,0,0,0,0,189502173800,0,0,0,0,2758370300,60485600,698463900,42443276200,75846603300,1336990300,1197300000,2047790900,17005837000,84505930800,57690441800,52416530500,459188800,19561758100,21246400,29787899500,26006973800,49490653600,14357000,10258091100,9371199400,0,17472542500,311316600,7912003700,294664600,2747523600,10969609600,1118304400,0,45070200,5746227500,280248243900,436100,469307300,4505124100,13870025400,80712800,814013763300,216645800,66066826800,0,24174963200,0,9076100,111560833300,9278321900,256001900,3278335200,4976585000,9824765300,3944533200,776263000,848264900,602287900,1206299600,0,6036733100,49812604400,82076294100,65539653600,37997737900,59568900,566312600,129804774600,5540107800,0,2377446100,171467750500,73600,73940470200,0,1703733500,75175800,1300810000,0,1077799100,266075000,2226882200,2420600,1959467900,5536928000,13342401600,18179600,11259193300,17109364600,19859700,9907655300,13807326800,56040600,9923608500,2526073600,285520300,56579904000,5126350400,0,0,88200,1062361700,9226700,5353475400,13496954100,736425900,18337862400,4311117300,2936000,2737167100,3447289800,2969400,43967777200,40345522100,953342600,10124389000,5610674200,0,0,2064869300,2070075000,661200,6578079900,10094254400,17687787900,0,230300,687642300,2254215600,3783996500,4663436800,1128296800,358045400,1227628000,1173857400,10028145700,74523500,155696884800,53460331300,5634341300,4022900,0,10437681500,4798299500,0,0,70724176200,6456704400,13225837900,26019560400,0,17994102100,2157484700,1320933800,5574311800,34272960500,6183587200,0,184898554800,3026683500,513904490800,50688524700,961331200,377300,55374679000,16136439400,49161858100,550500,53493018200,0,830084903000,4913323100,1786773100,176081500,116987500,0,0
"ANT",0,0,0,0,0,0,0,0,0,0,0,0,0,0,0,0,0,0,0,0,0,0,0,0,0,0,0,0,0,0,0,0,0,0,0,0,0,0,0,0,0,0,0,0,0,0,0,0,0,0,0,0,0,0,0,0,0,0,0,0,0,0,0,0,0,0,0,0,0,0,0,0,0,0,0,0,0,0,0,0,0,0,0,0,0,0,0,0,0,0,0,0,0,0,0,0,0,0,0,0,0,0,0,0,0,0,0,0,0,0,0,0,0,0,0,0,0,0,0,0,0,0,0,0,0,0,0,0,0,0,0,0,0,0,0,0,0,0,0,0,0,0,0,0,0,0,0,0,0,0,0,0,0,0,0,0,0,0,0,0,0,0,0,0,0,0,0,0,0,0,0,0,0,0,0,0,0,0,0,0,0,0,0,0,0,0,0,0,0,0,0,0,0,0,0
"NCL",0,0,0,0,0,0,0,0,0,0,0,0,0,0,0,0,0,0,0,0,0,0,0,0,0,0,0,0,0,0,0,0,0,0,0,0,0,0,0,0,0,9800,0,0,0,0,0,0,0,0,0,0,0,8898600,0,0,0,0,0,0,0,0,0,0,0,0,0,0,0,0,0,0,0,0,0,0,0,0,0,0,0,0,0,0,0,0,0,0,0,0,0,0,0,0,0,0,0,0,0,0,0,0,0,0,0,0,0,0,0,0,0,0,0,0,0,0,294000,0,0,0,0,0,0,0,0,0,0,0,0,0,0,0,0,0,0,0,0,0,0,0,0,0,0,0,0,0,0,0,0,0,0,0,0,19600,0,0,0,0,0,0,0,0,0,0,0,0,0,0,0,0,0,0,0,0,0,0,0,0,0,0,0,0,0,0,0,0,0,0,44100,0,0,0,0,0,0
"MKD",0,0,7638497300,0,0,0,88459700,2611700,0,0,0,0,0,0,0,0,0,0,0,0,0,11314100,0,0,0,0,0,0,0,0,0,0,0,0,0,0,0,0,6820800,0,0,0,0,0,0,0,0,0,0,0,0,0,0,0,0,0,0,0,0,30825900,0,0,0,31328561600,0,0,0,0,0,0,0,0,1617000,121755200,0,0,0,0,0,0,0,0,0,0,0,0,0,0,0,0,0,0,0,0,0,0,0,0,0,0,0,0,0,0,0,0,102772600,0,0,0,0,0,0,0,0,0,82062500,0,0,0,0,0,0,0,0,0,0,0,264600,0,0,0,0,13641600,0,0,0,0,0,0,0,0,3633300,0,0,0,0,0,0,0,0,1915900,0,0,0,0,0,0,0,0,210700,39895800,0,0,0,0,0,0,0,0,0,0,0,0,0,0,19335400,0,40973800,0,0,0,0,0,0,0,0,0,0,0,264168800,45048200,0,0,0
"VUT",0,0,0,0,0,0,0,0,0,0,0,0,0,0,0,0,0,0,0,0,0,0,0,0,0,0,0,0,0,0,0,14700,0,0,0,0,0,0,0,0,0,0,0,0,0,0,0,0,0,0,0,0,0,0,0,0,0,0,0,0,0,0,1553300,0,0,0,0,0,0,0,0,0,0,0,0,0,0,0,0,0,0,0,0,0,0,0,0,0,0,0,0,0,0,0,0,0,0,0,0,0,0,0,0,0,0,0,0,0,0,0,0,0,0,0,0,0,0,0,0,0,0,0,0,0,0,0,0,0,0,0,0,0,0,0,0,0,0,0,0,0,0,0,0,0,0,0,0,0,0,0,0,0,0,0,0,0,0,0,0,0,0,0,0,0,0,0,0,0,0,0,0,0,0,0,0,0,0,0,0,0,0,0,0,0,0,0,0,0,0,0,0,0,0,0,0
"NZL",0,0,0,0,0,0,57580076800,0,0,1488400,0,0,0,0,0,0,0,0,0,12317900,2532300,0,240100,0,0,38705100,0,0,156800,0,0,4811236400,0,0,0,2437652500,0,0,0,0,0,137118100,0,0,0,0,0,0,0,0,0,444446000,27854800,678511100,179723200,0,0,0,0,109194100,0,0,13646500,0,0,0,0,0,0,0,0,327319400,0,0,0,407265600,27597400,0,0,0,0,0,0,0,0,727931400,0,0,0,0,0,144965100,0,0,0,0,0,0,0,0,0,0,0,105268700,0,0,0,0,0,0,0,0,0,0,0,0,15297800,0,290154300,0,26474500,0,0,0,0,0,0,0,0,162294900,0,0,40362400,0,0,0,421400,0,0,0,0,0,132902900,0,0,0,0,141698700,0,0,0,0,0,451273900,0,0,0,0,0,0,0,6781600,0,0,1231747000,0,252395900,0,1173370200,0,0,0,0,33452300,0,48132700,698274600,0,1799897500,0,0,0,0,32904300,0,0,0,0,210700,0,0,0,0,0,0
"NIC",0,0,0,0,0,0,120936900,0,29400,0,0,0,0,0,0,0,0,0,0,0,0,0,0,0,0,52920000,0,0,0,0,0,14700,0,0,0,0,2854363700,323752800,0,0,0,0,0,0,0,0,0,1169463400,0,0,0,0,0,0,0,0,0,0,0,0,0,0,0,0,0,0,0,0,0,0,10314578400,39200,0,0,0,0,0,0,0,0,0,0,0,0,0,0,0,0,0,0,0,0,0,0,0,0,0,49000,0,0,0,0,0,0,0,0,0,0,0,0,0,0,0,0,0,0,0,0,0,0,0,0,0,0,0,0,0,852803100,0,0,0,0,0,0,122500,0,0,0,0,0,0,0,0,0,0,0,0,0,0,0,0,0,0,0,0,0,82535600,0,0,0,0,0,0,0,0,0,0,0,0,0,0,0,0,0,0,0,147000,0,2756159000,0,0,0,0,0,0,0,0,0,0,0,0,0,0,0,0
"NER",0,0,0,0,0,0,0,0,0,0,0,0,0,0,0,0,0,0,0,0,0,0,0,0,0,0,0,0,0,984900,0,0,0,0,0,0,0,0,0,0,35245100,0,0,0,0,0,0,0,0,0,0,0,0,0,0,0,0,0,0,0,0,0,0,0,0,0,0,0,0,0,0,0,0,0,0,0,0,0,0,0,0,0,0,0,0,0,0,0,1568000,0,0,0,0,0,0,0,0,0,0,0,0,0,0,0,0,26048400,0,0,0,0,0,0,0,0,0,0,0,0,0,0,0,0,0,0,0,0,0,0,0,0,0,0,0,0,0,0,0,0,0,0,0,0,0,0,0,0,4900,0,242220000,0,0,0,0,0,0,0,0,0,0,0,0,0,0,0,0,0,0,0,0,0,0,0,0,0,0,0,0,0,0,0,0,0,0,0,0,0,0,0,0,0,0,0,0,0,0
"NGA",0,0,0,0,0,0,0,15307600,0,73600,0,0,0,0,0,0,0,0,0,0,0,0,0,0,0,9800,0,124950000,0,0,0,0,0,0,0,0,0,0,328300,0,1919255300,1558200,0,0,0,0,0,0,0,0,0,0,13479900,5517600,0,0,53900,0,0,99494500,0,0,0,0,0,0,0,0,0,0,0,0,0,0,0,1842400,0,0,0,12000100,392000,5203800,9800,0,0,1661100,0,0,83300,0,0,39200,0,0,0,0,0,0,0,0,0,0,0,0,0,0,6605200,0,0,0,0,0,78400,0,0,0,158353000,0,0,0,0,0,0,27930000,0,0,0,0,0,0,0,0,0,0,0,0,0,0,0,0,0,0,0,0,0,0,0,0,1688200,0,0,0,0,147000,0,86509600,0,0,0,0,324400,2876300,0,0,0,0,0,1058400,0,0,0,0,0,115300,49000,0,2804240600,34300,147240100,0,0,0,0,0,0,0,0,0,12644400,0,0,0,0,0,0
"NOR",0,0,0,0,0,989800,333729200,1778700,0,117600,0,0,0,0,0,0,0,0,0,0,0,3008600,0,0,0,411600,0,0,0,0,4341400,82716900,0,0,0,0,0,0,0,0,0,430244500,0,0,0,0,0,0,0,994700,0,0,222303200,330529500,0,0,3189900,0,0,96455500,0,0,0,529200,0,0,0,0,0,0,0,6521900,0,0,155251500,0,0,0,0,44330300,0,82030900,0,0,0,21932400,0,0,0,0,0,1303400,0,1788500,0,0,0,0,0,888900,0,0,0,0,0,0,0,0,0,788900,0,0,0,0,0,0,62596200,0,0,0,0,44090200,0,0,0,0,0,0,11946200,0,0,0,0,7810600,3753400,0,0,0,0,0,0,0,26219900,0,0,0,0,0,0,0,0,0,0,6889400,0,0,45104500,0,0,0,5044876500,50764300,0,0,29890000,0,5296900,0,0,0,0,0,0,0,0,0,541920400,3969000,47240900,0,0,0,0,0,0,0,0,0,129399200,132300,0,0,0,0,0
"PAK",0,6220880000,0,0,0,0,0,0,0,175960000,0,0,0,0,0,0,0,0,0,0,0,0,0,0,0,0,0,0,0,0,0,0,0,0,0,0,0,0,0,0,0,0,0,0,0,0,0,0,0,0,0,0,0,0,0,0,0,0,0,0,0,0,0,0,0,0,0,0,0,0,0,0,0,0,0,0,0,0,0,0,0,0,0,0,0,0,0,0,0,0,0,0,0,0,0,0,0,0,0,0,0,0,0,0,0,0,0,0,0,0,0,0,0,0,0,0,0,0,0,0,0,0,0,0,0,0,0,0,0,0,0,0,0,0,0,0,0,0,0,0,0,0,0,0,0,0,0,0,0,0,0,0,0,0,0,0,0,0,0,0,0,0,0,0,0,0,0,0,0,0,129480000,0,0,159360000,0,0,0,0,3320000,0,0,0,0,0,0,0,0,0,0,0,0,0,0,0,0
"PAN",0,0,0,0,22103900,0,0,0,0,0,0,0,0,0,0,0,0,0,33579700,0,0,0,0,0,0,0,0,0,0,0,545414100,29855700,7482300,0,0,0,128938600,30566200,0,0,0,0,0,4351200,0,0,0,343000,0,0,0,0,0,0,0,0,0,0,0,0,0,0,0,0,0,0,0,0,30541700,5012700,1455300,0,0,0,0,0,0,0,0,0,6874700,0,0,0,0,0,0,0,0,0,0,0,0,0,0,0,0,0,0,0,0,0,0,0,0,0,0,0,0,0,0,0,0,0,0,0,0,0,0,0,0,0,1519000,0,0,0,0,0,0,0,0,0,0,0,0,0,0,0,0,0,0,0,0,0,186200,0,0,0,0,0,0,0,0,0,0,0,0,0,0,0,0,0,0,0,0,0,0,0,0,700700,0,0,0,0,0,0,0,0,73553900,0,204202600,0,31208100,0,0,0,0,0,0,0,0,0,0,0,0
"CZE",145251400,813400,1057896500,35417200,0,3439800,1177837500,408294472900,0,65018100,0,0,0,0,10035200,0,167217400,0,0,0,0,7178162300,0,0,30634800,7157444300,0,0,0,0,141230500,1668726500,20178200,0,0,0,0,51435394300,176159900,151383100,0,748600700,0,26827500,3151922300,83927800,7761600,0,0,1564396600,0,0,4426575100,12446694200,0,0,4068708500,0,0,2531334703300,241434600,93100,0,1579882300,0,0,0,0,0,0,16140600,332514000,44477317100,17563453900,1107052100,160462200,166600,0,170853200,5545892300,1365801300,16819339600,0,625445700,343000,103515713300,13568100,2.3e+08,78400,33079900,0,12523312200,0,1653764700,0,49000,0,0,0,3625915800,0,0,0,0,28934500,303800,25729900,0,0,75631500,541470200,14224700,0,6683200100,0,0,29205177900,0,0,14284134800,0,75915700,0,0,19600,727365800,88200,2739100,0,0,10035200,19952800,69815200,959583422900,52825400,0,0,0,0,0,65967889000,0,81100752300,0,0,0,0,0,176400,0,0,49897831600,356184990800,267812900,0,1597787100,3513499200,0,0,0,26582204900,10064103000,4742048000,6193600,316716400,0,0,0,0,0,0,53900,771010600,638514200,0,0,15692425900,11317447000,14047895000,0,21971600,119968000,10476200,2402070400,0,0,0,11960000,1592695900,37073400,8223968400,324909700,0,0,0
"PNG",0,0,0,0,0,0,0,0,0,0,0,0,0,0,0,0,0,0,0,0,0,0,0,0,0,0,0,0,0,0,0,0,0,0,0,0,0,0,0,0,0,0,0,0,0,0,0,0,0,0,0,0,0,0,0,0,0,0,0,0,0,0,0,0,0,0,0,0,0,0,0,0,0,0,0,0,0,0,0,0,0,0,0,0,0,0,0,0,0,0,0,0,0,0,0,0,0,0,0,0,0,0,0,0,0,0,0,0,0,0,0,0,0,0,0,0,4900,0,0,0,0,0,0,0,0,0,0,0,0,0,0,0,0,0,0,0,0,0,0,0,0,0,0,0,0,0,0,0,0,0,0,0,0,0,0,0,0,0,0,0,0,0,0,0,0,0,0,0,0,0,0,0,0,0,0,0,0,0,0,0,0,0,0,0,0,0,0,0,4900,0,0,0,0,0,0
"PRY",0,0,0,0,0,464324000,0,0,0,0,0,0,0,0,1941430000,0,1305742200,0,0,0,0,0,0,0,0,0,0,0,0,0,0,0,0,0,0,0,0,0,0,0,0,0,0,0,0,19600,0,0,0,0,0,0,0,0,0,0,0,0,0,0,0,0,0,0,0,0,0,0,0,0,0,0,0,0,0,0,0,0,0,0,0,0,0,0,0,0,0,0,0,0,0,0,0,0,0,0,0,0,0,0,0,0,0,0,0,0,0,0,0,0,0,0,0,0,0,0,0,0,0,0,0,0,0,0,0,0,0,0,0,0,0,0,0,0,0,0,0,0,0,0,0,0,0,0,0,0,0,0,0,0,0,0,0,0,0,0,11274900,0,0,0,0,0,0,0,0,0,0,0,0,0,0,0,0,0,0,0,0,0,0,0,4375700,0,0,0,0,0,0,0,0,0,0,0,0,0,0
"PER",0,0,0,0,0,1061727300,9118900,0,0,0,0,0,0,0,0,0,1046179400,0,0,0,0,0,0,0,0,2729400,0,0,0,0,10489822800,0,44627200,0,0,0,11544400,9800,0,0,0,0,0,0,0,444974300,0,0,0,0,0,0,0,0,0,0,0,0,0,0,0,0,0,0,0,0,746819200,0,0,0,18400000,485100,0,0,0,0,0,0,0,0,0,1759600,0,0,0,44090200,0,0,0,0,0,0,0,0,0,0,0,0,0,0,0,0,0,0,0,0,0,0,0,18642500,0,0,0,0,0,0,2580100,0,0,0,0,0,0,0,0,0,0,117734800,0,0,0,0,0,0,0,0,0,0,0,0,0,0,0,0,0,0,0,0,0,0,0,0,0,137200,0,0,822606500,0,0,0,0,36800,0,0,0,0,0,0,0,0,0,0,0,0,0,0,28567000,0,1867807900,0,0,0,0,0,0,0,0,0,42725700,0,0,0,0,0,0
"PHL",0,0,0,0,0,0,0,0,0,550500,0,0,0,0,0,0,0,0,0,0,0,0,0,0,0,0,0,0,0,0,0,2430400,0,0,0,0,0,0,3087600,0,0,2075000,0,0,0,0,0,0,0,0,0,0,0,0,0,0,0,0,0,0,0,0,0,0,0,0,0,0,0,0,0,243687500,0,0,0,88080000,10051396000,0,0,0,0,1992000,0,0,0,29260600,0,0,0,0,0,1231422500,2822000,0,0,0,0,0,0,0,0,0,0,84850400,77096500,0,823200,0,0,0,0,0,0,0,0,0,10176300,0,0,0,0,1787900,0,0,2025200,1761600,0,0,0,0,0,0,0,0,0,0,0,0,0,0,0,332000,0,0,0,0,0,0,0,0,0,0,0,343208700,0,0,1211100,0,0,0,0,1817900,0,0,529583100,0,25468100,0,0,0,0,0,0,124808400,0,0,10386100,0,87661000,0,0,0,0,3080719200,0,0,0,0,426300,0,0,0,0,0,0
"POL",470400,0,9800,146399764500,0,113819200,311967600,1271662500,0,647647700,0,9030700,0,0,0,121440000,145530332100,0,0,0,0,5493610500,0,26082700,0,8399904300,0,0,1435433700,0,883412800,7310339400,624318600,28224000,688196800,0,152728100,982940400,7059380800,264729200,12789000,35891584900,0,31693200,4047145000,250387600,9324700,0,0,2405022700,0,0,7071031900,32439559400,0,80213000,122631300,2019068800,9800,2166832891300,385492800,24765047200,0,1245818000,0,59616000,11039521600,36828400,0,0,70119000,1190033600,49189898600,8981755100,7388744200,525090400,6517000,0,1405020300,13850640800,26038519700,42802976900,2064480000,124049000,0,18645607200,1110182400,431200,14700,73449856000,0,20444235700,830400,3852786700,0,37632000,235520000,19600,7688100,19615062100,0,4733400,0,1963008200,305300,710806100,270858200,16650200,58880000,1231583300,482600,99564246700,13886112000,81837200,58880000,0,304000223500,0,5884900,2299076100,0,1641500,15648022400,402755500,36599744200,5065511700,39533200,1081058300,34187278200,0,147617400,90542200,0,0,18618168700,0,0,0,3645000,235520000,9312243900,476030100,11245303200,73600000,0,0,0,10162600,517930400,5553014800,0,4417913000,14451810300,686552300,0,12379499500,4096189300,0,2915500,529920000,6579715200,617561400,0,6905252900,2285810800,1486342300,9496200,117933200,0,1738211200,279138300,0,1232754600,268201500,80439900,0,36447840000,8110603500,18137637200,7688284700,519924300,8339800,16086700,104977900,22246418200,0,0,765440000,10307413100,80501800,5514620100,388643500,108138100,0,0
"PRT",0,0,0,0,73637200,13705300,281800500,12509700,0,0,0,0,0,0,0,0,129393700,0,0,0,0,8594600,0,13099769600,5365500,295443500,8598337500,0,0,4900,7575400,12921417600,286694100,0,23064300,0,56707700,75053300,833000,0,197742500,2410800,0,132138300,0,12749800,0,98749700,155676800,17958500,0,0,44100,30546435000,0,0,0,5747700,41008100,4223959800,0,590533300,0,98000,0,0,0,100577400,0,0,1319207400,22074500,685191400,0,2234400,13636700,0,0,97274800,107373400,131922700,528861700,1916963000,0,0,9256100,0,0,0,0,0,113616300,0,18120200,0,0,0,5326300,0,578200,194446700,0,0,3626000,0,0,2339700,0,4900,4900,0,408600100,390524200,0,31781400,0,153361900,0,0,0,0,0,26891200,64969100,51328640000,6845300,0,813414700,352800,0,148190700,898620800,0,61059500,0,10414919500,0,0,0,0,66708600,1370809800,9226700,0,0,0,9403059500,0,585756800,0,0,7350000,0,67095700,0,8028388100,141280446400,6585600,0,11309200,109581100,11719350400,0,0,25107600,0,0,137072600,0,0,0,2808208000,0,40361300,0,0,4465266800,0,1333178100,1037971900,147259700,0,210700,25680900,14069531600,0,0,0,1049743900,4917749800,0,0,121132900,0,0
"GNB",0,0,0,0,0,0,0,0,0,0,0,0,0,0,0,0,0,0,0,0,0,0,0,0,0,0,0,0,0,0,0,0,0,0,0,0,0,0,0,0,0,0,0,0,0,0,0,0,0,0,0,0,0,0,0,0,0,0,0,0,0,0,0,0,0,0,0,0,0,0,0,0,0,0,0,0,0,0,0,0,0,0,0,0,0,0,0,0,0,0,0,0,0,0,0,0,0,0,0,0,0,0,0,0,0,0,0,0,0,0,0,0,0,0,0,0,0,0,0,0,0,0,0,0,0,0,0,0,0,0,0,0,0,0,0,0,0,0,0,0,0,0,0,0,0,0,0,0,0,0,0,0,0,0,0,0,0,0,0,0,0,0,0,0,0,0,0,0,0,0,0,0,0,0,0,0,0,0,0,0,0,0,0,0,0,0,0,0,0,0,0,0,0,0,0
"TLS",0,0,0,0,0,0,0,0,0,0,0,0,0,0,0,0,0,0,0,0,0,0,0,0,0,0,0,0,0,0,0,0,0,0,0,0,0,0,0,0,0,0,0,0,0,0,0,0,0,0,0,0,0,0,0,0,0,0,0,0,0,0,0,0,0,0,0,0,0,0,0,0,0,0,0,0,0,0,0,0,0,0,0,0,0,0,0,0,0,0,0,0,0,0,0,0,0,0,0,0,0,0,0,0,0,0,0,0,0,0,0,0,0,0,0,0,0,0,0,0,0,0,0,0,0,0,0,0,0,0,0,0,0,0,0,0,0,0,0,0,0,0,0,0,0,0,0,0,0,0,0,0,0,0,0,0,0,0,0,0,0,0,0,0,0,0,0,0,0,0,0,0,0,0,0,0,0,0,0,0,0,0,0,0,0,0,0,0,0,0,0,0,0,0,0
"ERI",0,0,0,0,0,0,0,0,0,0,0,0,0,0,0,0,0,0,0,0,0,0,0,0,0,0,0,0,0,0,0,0,0,0,0,0,0,0,0,0,0,0,0,0,0,0,0,0,0,0,0,0,0,0,0,0,0,0,0,0,0,0,0,0,0,0,0,0,0,0,0,0,0,0,0,0,0,0,0,0,0,0,0,0,0,0,0,0,0,0,0,0,0,0,0,0,0,0,0,0,0,0,0,0,0,0,0,0,0,0,0,0,0,0,0,0,0,0,0,0,0,0,0,0,0,0,0,0,0,0,0,0,0,0,0,0,0,0,0,0,0,0,0,0,0,0,0,0,0,0,0,0,0,0,0,0,0,0,0,0,0,0,0,0,0,0,0,0,0,0,0,0,0,0,0,0,0,0,0,0,0,0,0,0,0,0,0,0,0,0,0,0,0,0,0
"QAT",0,0,0,0,0,0,0,0,0,0,0,0,0,0,0,0,0,0,0,0,0,0,0,0,0,0,0,0,0,0,0,0,0,0,0,0,0,0,0,0,0,0,0,0,0,0,0,0,0,0,0,0,0,0,0,0,0,0,0,0,0,0,0,0,0,0,0,0,0,0,0,0,0,0,0,0,0,0,0,0,0,0,0,0,0,0,0,0,0,0,0,0,0,0,0,0,0,0,0,0,0,0,0,0,0,0,0,0,0,0,0,0,0,0,0,0,0,0,0,0,0,0,0,0,0,0,0,0,0,0,0,0,0,0,0,0,0,0,0,0,0,0,0,0,0,0,0,0,0,0,0,0,0,0,0,0,87695300,0,0,0,0,0,0,0,0,0,0,0,0,0,0,0,0,0,0,0,0,0,0,0,0,0,0,0,0,0,0,0,0,0,0,0,0,0,0
"ZWE",0,0,0,0,0,0,0,0,0,0,0,0,0,0,0,0,0,0,0,0,0,0,0,0,0,0,0,0,0,0,0,0,0,0,0,0,0,0,0,0,0,0,0,0,0,0,0,0,0,0,0,0,0,0,0,0,0,0,0,0,0,0,0,0,0,0,0,0,0,0,0,0,0,0,0,0,0,0,0,0,0,0,0,0,0,0,0,0,0,0,0,0,0,0,0,0,0,0,0,0,0,0,0,0,0,0,0,0,0,0,0,0,198905800,0,132480000,0,0,0,0,0,0,0,0,0,0,0,0,0,0,0,0,0,0,0,0,0,0,0,0,0,0,0,0,0,0,0,0,0,0,0,0,0,0,0,0,1010485600,0,0,0,0,0,0,0,0,0,32531200000,0,0,0,0,0,0,0,0,0,0,0,0,0,0,0,0,0,0,0,0,0,3606400000,0,0,0,0,0,0,0
"ROU",0,0,1021409900,0,989800,0,1386700,13744691200,0,2727546000,0,0,0,0,0,0,0,0,0,0,0,17078643400,1234874000,0,0,1087800,0,0,0,0,0,144148200,0,0,0,0,0,0,451946713300,0,0,66174500,0,0,0,0,0,0,0,0,0,0,0,33827318500,0,0,0,0,0,14444984800,257769400,0,0,120599138400,0,0,0,0,0,0,0,0,35609509100,691067300,0,0,0,644567475600,658870054300,44590000,488323759600,48536488900,0,0,0,0,1838414808000,0,0,0,0,0,299460680000,0,0,163068473200,0,0,475328184800,0,0,0,0,0,0,0,9947643800,0,0,0,0,142545694000,0,7946012900,0,0,4252293100,0,0,2642491600,0,0,0,0,0,107800,0,0,163944200,0,0,0,0,15486500,0,0,0,0,0,0,0,0,0,0,0,0,0,3355350032000,0,0,0,1342600,177773700,308700,0,0,178138381100,0,0,0,17115700,5293800,31318024800,0,0,0,0,0,0,0,1420536800,1183861038000,970109028900,162788107500,0,0,1489960700,41466800,52586800,0,0,421400,0,0,0,0,0,0,7102375000,3219300,922133200,4900,0,0,0
"RWA",0,0,0,0,0,0,0,0,0,0,0,0,0,0,0,0,0,0,0,0,0,0,0,0,0,0,0,0,0,0,0,0,0,0,19600,0,0,0,0,0,0,0,0,0,0,0,0,0,0,0,0,0,0,0,0,0,0,0,0,0,0,0,0,0,0,0,0,0,0,0,0,0,0,0,0,0,0,0,0,0,0,0,0,0,0,0,0,0,0,0,0,0,0,0,0,0,0,0,0,0,0,0,0,0,0,0,0,0,0,0,0,0,0,0,0,0,0,0,0,0,0,0,0,0,0,0,0,0,0,0,0,0,0,0,0,0,0,0,0,0,0,0,0,0,0,0,0,0,0,0,0,0,0,0,0,0,0,0,0,0,0,0,0,0,0,15822100,0,0,0,0,0,0,77929600,269500,1053500,0,142100,0,64105600,0,0,0,0,0,0,0,3054683500,0,0,0,0,0,52724000,16493400,0
"RUS",190552968300,0,133618100,1.57036e+11,0,387144100,70629600,0,186200,601239800,0,0,0,0,0,0,427159252900,0,0,0,0,360538300,0,0,0,461281800,0,0,0,0,1017377200,389382321300,95824400,0,8359400,0,146034700,0,18399976600,311315256400,0,18664100,0,99611936000,948140654200,0,5190000,49763634200,18213300,2869564700,0,0,1453854500,464867900,0,16586500,267701244500,0,0,4442337700,0,43737400,0,164468900,0,0,39396000,18522000,0,0,68113034700,465500,0,0,0,21991200,215600,0,211649351000,156956800,951961132100,177742600,0,659052638300,0,51342700,1610603458800,147706861300,176380400,0,0,305975500,552572167200,524086345800,9113851200,68179453600,0,173000,2299687806000,10139839200,0,0,0,0,0,0,293600,0,77714000,651798000,27797188400,83215949600,0,19744546000,0,0,236858700,0,0,27131300,0,542500000,0,0,24720326400,3187503900,0,69440155100,11625500,0,0,3837761600,0,2091325700,405271400,0,0,0,86758308800,0,44036300,0,0,33200,0,0,0,12915859810400,109412100,61142200,0,761200,59432100,9688000,0,16542400,432798200,0,6904232500,0,11623400,2802800,0,9584009400,779443000,0,40365900,0,0,0,90454244800,2315490972800,5290873465400,572451203800,0,0,1869639100,276754909200,1600671800,7207900,27528200,91428604400,0,229687500,996039200,0,148548400,0,12083400,0,542005300,449800,0,0,0
"KNA",0,0,0,0,0,0,0,0,0,0,1391600,0,0,0,0,0,0,0,1007077400,0,0,0,0,0,0,0,0,0,0,0,0,0,0,0,0,0,0,0,0,0,0,0,0,0,0,0,0,0,0,0,0,0,0,0,0,0,0,0,0,0,0,0,0,0,0,209109300,0,0,0,0,0,0,0,0,0,0,0,0,0,39200,0,0,0,0,0,0,0,0,0,0,0,0,0,0,0,0,0,0,0,0,0,0,0,0,0,0,0,0,0,0,0,0,0,0,0,0,0,0,0,0,0,0,0,0,0,0,0,0,0,0,0,0,0,0,0,0,0,0,0,0,0,0,0,0,193809700,499006200,0,0,0,0,0,0,0,0,0,0,0,0,0,0,0,0,0,0,0,0,0,0,0,210700,0,0,0,0,0,0,0,0,0,0,0,0,0,0,0,0,0,0,0,0,0,0,0,0,0
"LCA",0,0,0,0,88057900,0,0,0,9800,0,573020700,0,0,0,0,0,0,0,1502065600,0,0,0,0,0,0,24500,0,0,0,0,0,0,14700,0,0,0,0,0,0,0,0,0,467954900,0,0,0,0,0,0,0,0,0,0,10912300,0,0,0,0,0,0,0,0,0,0,0,271528600,0,0,1295736400,437920000,0,0,0,0,0,0,0,0,0,362600,0,0,0,0,251123200,0,0,0,0,0,0,0,0,0,0,0,0,0,0,0,0,0,0,0,0,0,0,0,0,0,0,0,0,0,0,0,200900,0,0,0,0,0,0,0,0,0,0,9800,0,0,0,0,0,0,0,0,0,0,98000,0,0,0,0,120549800,0,105683200,0,0,0,0,0,0,0,0,0,0,19600,156202200,0,0,0,0,0,0,0,0,0,0,0,2574038600,0,0,0,0,0,0,5027400,0,230300,0,0,0,0,0,0,0,0,0,0,0,0,0,0,0,0
"VCT",0,0,0,0,74842600,0,0,0,0,0,12057500,0,0,0,0,0,0,0,0,0,0,0,0,0,0,0,0,0,0,0,0,0,0,0,0,0,0,0,0,0,0,0,274331400,0,0,0,0,0,0,0,0,0,0,0,0,0,0,0,0,0,0,0,0,0,0,32643800,0,0,24901800,0,0,0,0,0,0,0,0,0,0,0,0,0,0,0,0,0,0,0,0,0,0,0,0,0,0,0,0,0,0,0,0,0,0,0,0,0,0,0,0,0,0,0,0,0,0,0,0,0,0,0,0,0,0,0,0,0,0,0,0,0,0,0,0,0,0,0,0,0,0,0,0,0,0,0,0,0,0,0,0,0,0,0,0,0,0,0,0,30580900,0,0,0,0,0,0,0,0,0,0,0,0,0,0,0,0,0,0,485100,0,0,0,0,0,0,0,0,0,0,0,0,0,0,0,0,0,0
"STP",0,0,0,0,0,0,0,0,0,0,0,0,0,0,0,0,0,0,0,0,0,0,0,0,0,0,0,0,0,0,0,0,0,0,0,0,0,0,0,0,0,0,0,0,0,0,0,0,0,0,0,0,0,0,0,0,0,0,0,0,0,0,0,0,0,0,0,0,0,0,0,0,0,0,0,0,0,0,0,0,0,0,0,0,0,0,0,0,0,0,0,0,0,0,0,0,0,0,0,0,0,0,0,0,0,0,0,0,0,0,0,0,0,0,0,0,0,0,0,0,0,0,0,0,0,0,0,0,0,0,0,0,0,0,0,0,0,0,0,0,0,0,0,0,0,0,0,0,0,0,0,0,0,0,0,0,0,0,0,0,0,0,0,0,0,0,0,0,0,0,0,0,0,0,0,0,0,0,0,0,0,0,0,0,0,0,0,0,0,0,0,0,0,0,0
"SAU",0,0,0,0,0,0,0,0,0,324538100,0,0,0,0,0,0,0,0,0,0,0,0,0,0,0,0,0,0,0,0,0,0,0,0,0,0,0,0,0,0,0,0,0,0,0,0,46609000,0,0,0,0,0,0,0,0,0,0,0,0,0,0,0,0,0,0,0,0,0,0,0,0,0,0,0,0,0,0,0,0,0,0,0,0,0,0,0,0,0,0,0,0,0,54572900,0,0,265120800,0,0,0,0,0,0,0,0,0,0,0,0,0,0,0,0,0,0,0,0,0,0,0,0,0,0,0,0,0,0,0,0,0,0,0,0,0,0,0,0,0,0,2428800,0,0,0,0,0,0,0,0,0,0,0,0,0,0,0,0,0,0,0,0,0,0,0,0,0,0,0,0,0,0,0,0,0,0,213304900,0,0,0,0,0,0,0,0,0,0,0,96114000,0,0,0,0,0,0,0,0,0
"SEN",0,0,0,0,0,0,0,0,0,0,0,0,0,0,0,0,0,0,0,0,0,0,0,0,0,36993600,0,0,0,0,0,0,0,0,0,0,0,0,0,0,0,0,0,0,0,0,0,0,0,0,0,0,0,64848900,0,0,0,0,3805279700,0,0,367000,0,0,0,0,0,24153077400,0,0,0,0,0,0,0,0,0,0,0,305233900,0,173113900,36800,0,0,0,0,0,0,0,0,0,0,0,0,0,0,14680000,0,0,0,0,0,0,0,51424825200,0,18242285500,0,0,0,0,0,0,0,0,91750000,0,0,0,0,0,0,44113400,0,0,0,0,0,0,0,0,0,0,0,4714728600,0,0,0,0,0,0,0,0,0,0,0,0,0,0,263873000,0,0,0,0,0,0,0,0,0,0,0,0,0,0,0,0,0,0,0,0,0,0,0,0,0,314629100,0,82318100,275802000,0,0,13285400,0,0,0,0,0,0,0,0,0,0,0,0
"SYC",0,0,0,0,0,0,0,0,0,0,0,0,0,0,0,0,0,0,0,0,0,0,0,0,0,0,0,0,0,0,0,0,0,0,0,0,0,0,0,0,0,0,0,0,0,0,0,0,0,0,0,0,0,0,0,0,0,0,0,328300,0,0,0,0,0,0,0,0,0,0,0,0,0,0,0,0,0,0,0,940800,0,0,0,0,0,0,0,0,0,0,0,0,0,0,0,0,0,0,0,0,0,0,0,0,0,0,0,0,0,0,0,0,0,0,0,0,0,0,0,0,0,0,0,0,0,0,0,0,0,0,0,0,0,0,0,0,0,0,0,0,0,0,0,0,0,0,0,0,0,0,0,0,0,0,0,0,0,0,0,0,0,0,0,0,0,0,0,0,0,0,0,0,0,0,0,0,0,0,0,0,0,0,0,0,0,0,0,0,0,0,0,0,0,0,0
"SLE",0,0,0,0,0,0,0,0,0,0,0,0,0,0,0,0,0,0,0,0,0,0,0,0,0,0,0,0,0,0,0,0,0,0,0,0,0,0,0,0,0,0,0,0,0,0,0,0,0,0,0,0,0,0,0,0,0,0,0,0,0,0,0,0,0,0,0,0,0,0,0,0,0,0,0,0,0,0,0,93100,0,0,0,0,0,0,0,0,0,0,0,0,0,0,0,0,0,0,0,0,0,0,0,0,0,0,0,0,0,0,0,0,0,0,0,0,0,0,0,0,0,0,0,0,0,0,0,0,0,0,0,0,0,0,0,0,0,0,0,0,0,0,0,0,0,0,0,0,83786100,0,0,0,0,0,0,0,0,0,0,0,0,0,0,0,0,0,0,0,0,0,0,0,0,0,0,0,0,0,0,0,0,0,0,0,0,0,0,0,0,0,0,0,0,0,0
"SVN",0,0,200818800,0,0,0,17367800,22018766700,0,0,0,0,0,0,0,0,0,0,0,0,0,32470500,0,0,0,2827300,0,0,0,0,0,24253000,0,0,0,0,0,0,110400,0,0,73600,0,0,0,0,0,0,0,14700,0,0,0,30845500,0,0,0,0,0,1735385800,14663610200,0,0,7396800,0,0,0,0,0,0,0,6342100,2330306500,49269962800,0,0,0,0,0,9878400,34255900,137333607600,0,2454900,0,0,0,0,0,0,0,891800,0,0,0,0,0,0,0,0,0,0,0,0,0,0,0,0,0,183500,0,0,0,162839000,0,0,21131400,0,0,96550000,0,21128800,0,0,0,0,0,0,14700,0,0,183500,0,14724500,0,0,0,0,0,0,194682800,0,21745200,0,0,0,0,0,0,0,0,0,1708032200,308700,0,0,0,0,0,0,0,16248400,0,0,0,0,0,0,0,0,0,0,0,0,0,0,3089400,0,4037000,0,0,0,0,0,0,0,0,0,73600,0,23278642500,255965200,0,0,0
"SVK",0,0,99176000,0,0,0,4900,299145325000,0,0,0,0,0,0,0,0,0,0,19600,0,0,6218905600,0,0,0,269417600,0,0,0,0,0,0,0,0,0,0,0,0,0,85311100,0,0,0,0,260596700,0,0,0,0,0,0,0,73600,4806900,0,0,0,0,0,141348790300,0,0,0,16916000,0,0,0,0,0,0,0,0,296265239500,27092980600,0,0,0,0,0,410742400,74088000,85226505500,0,76829100,0,44100,0,0,0,0,0,0,0,4587500,0,0,0,0,0,0,0,0,0,0,0,0,12495300,0,318500,1656200,0,0,0,5586240000,0,0,35960266100,0,0,0,0,0,0,0,0,0,0,0,111726181400,0,0,0,0,1251686415100,0,0,0,0,0,0,164167744800,0,8025064200,0,0,0,0,0,0,0,0,159877984900,0,137200,0,0,166600,0,0,0,0,21289250300,0,0,0,0,0,0,0,0,0,0,0,0,0,0,222150900,7732783000,6002500,0,0,0,8560300,352246300,0,0,0,0,88073800,0,7793999200,0,0,0,0
"SGP",0,0,0,0,0,0,2934215100,0,0,53238500,2993900,334077100,0,0,0,0,0,0,0,0,281161600,0,9956800,0,0,308432100,0,0,68819100,0,0,16756221300,1104000,0,0,16140600,0,0,0,0,0,8276100,0,0,0,0,0,0,0,0,0,130330200,12999700,3344500,0,0,0,0,0,181300,0,0,526475600,3312400,0,0,0,0,0,0,0,1529485800,0,0,0,413184700,11901389700,0,0,0,295866900,4434500,0,26607000,0,95383400,0,0,0,108706400,0,4153166500,0,0,10461500,0,0,0,0,0,0,0,0,6444955000,544450600,0,813400,0,37250400,0,2920400,0,0,0,0,27209700,9682400,0,0,0,0,136119700,0,0,0,7070700,2724400,0,34800,601830300,0,0,5531898700,0,0,0,20955400,0,34726300,0,0,0,0,0,0,0,0,0,0,23484000,0,0,0,0,0,0,0,0,0,0,0,0,0,0,4921138600,0,4076972300,0,156506000,0,234955000,0,44100,969222000,0,0,1017563100,0,3217100,0,48049400,0,0,5991466700,0,0,9800,0,9907800,0,0,0,0,0,0
"SOM",0,0,0,0,0,0,0,0,0,0,0,0,0,0,0,0,0,0,0,0,0,0,0,0,0,0,0,0,0,0,0,0,0,0,0,0,0,0,0,0,0,0,0,0,0,0,0,0,0,0,0,0,0,0,0,0,0,0,0,0,0,0,0,0,0,0,0,0,0,0,0,0,0,0,0,0,0,0,0,0,0,0,0,0,0,0,0,0,0,0,0,0,0,0,0,0,0,0,0,0,0,0,0,0,0,0,0,0,0,0,0,0,0,0,0,0,0,0,0,0,0,0,0,0,0,0,0,0,0,0,0,0,0,0,0,0,0,0,0,0,0,0,0,0,0,0,0,0,0,0,0,0,0,0,0,0,0,0,0,0,0,0,0,0,0,0,0,0,0,0,0,0,0,0,0,0,0,0,0,0,0,0,0,0,0,0,0,0,0,0,0,0,0,0,0
"ZAF",0,0,0,39200,235200,0,34300000,539000,1626800,29400,0,4900,0,0,0,82658933500,0,0,4900,0,0,0,0,0,906500,29400,0,0,0,0,0,28616000,0,58800,0,161700,151900,4900,1239700,0,0,155700,0,0,0,9359000,0,0,0,0,0,0,720300,279300,0,0,14700,0,0,1953100,0,4900,0,7712600,0,0,0,361500,102900,0,0,8256500,9800,0,0,181300,0,0,0,240100,0,196000,0,0,0,5203800,0,0,387672000,0,0,553700,16600000,0,0,0,62088701400,1166200,0,0,0,0,1693640000,0,0,0,1151500,0,332946500,0,0,929600,37955176900,0,25078230200,0,71395100,0,0,0,147000,13754300,0,0,36800,578200,0,35642600,0,0,0,0,0,0,401800,0,0,0,0,5712606400,0,33200,1146600,0,0,0,0,0,0,460600,39200,0,0,10373300,0,0,0,0,0,25408711800,7041300,710500,0,0,2665600,1805151700,0,0,0,0,0,0,0,18522100,6923461500,0,70795200,29400,14444600,49000,0,0,9800,196000,4900,0,1867604700,47872336900,4363200,4900,0,0,17620400,0,0
"ESP",39890900,0,0,363929605900,638847300,114919700,1392962300,194191700,9800,2528331400,6350400,46848900,0,0,0,0,111583337000,0,0,0,0,294617400,0,0,136298400,913385000,177474700,1920800,9280600,95888100,8816946600,39838185800,858024300,0,0,0,6632560600,21774740100,382774200,2156000,61465600,559467400,0,649308100,112401100,2852461500,2253400,246264200,32515177600,194113600,0,0,611843800,181293142800,0,0,476221200,25377100,81991700,3828316500,194593700,323792000,0,15702535600,0,0,214522000,560756000,0,0,688371600,1132982900,143232000,309484000,23186800,428789200,0,0,78287300,2690505500,1421646800,14507008100,148798300,256779600,0,790502400,128806300,13411300,190801100,9510900,0,3124357600,31796000,517263600,47554500,3802400,0,485619400,48841666300,278198400,2450000,0,0,27949600,41341200,81031300,260974000,1284500,0,2550343900,0,218905897000,0,23872800,0,0,3524211200,0,921200,0,0,498428000,205065000,0,730100,986728700,0,1591431800,51646000,0,370601700,615314600,72898400,519878700,934261652900,9716700,0,0,5238100,0,324874100,51209900,1518338400,0,0,0,0,34608100,808220700,37073400,0,87421400,19835700,2454664800,0,18499156400,0,0,0,0,2353154500,1282293400,0,0,2077488600,201288900,1658422200,825805900,0,16341500,72877700,104836511700,408293400,535627300,0,0,53702184300,1316536900,3605475200,1391301400,2449779500,0,493613200,11111069400,392092000,0,401800,279300,30331370700,20228200,221808300,139797000,97186600,0,0
"SUR",0,0,0,0,0,0,0,0,0,0,0,0,0,0,0,0,0,0,0,0,0,0,0,0,0,0,0,0,0,0,0,0,0,0,0,0,0,0,0,0,0,0,0,0,0,0,0,0,0,0,0,0,0,1024173500,0,0,0,0,0,0,0,0,0,0,0,0,0,0,62769000,0,0,0,0,0,0,0,0,0,0,0,0,0,0,0,0,0,0,0,0,0,0,0,0,0,0,0,0,0,0,0,0,0,0,0,0,0,0,0,0,0,0,0,0,0,0,0,116115300,0,0,0,0,0,0,0,0,0,0,0,0,0,0,0,0,0,0,0,0,0,0,0,0,0,0,0,0,0,0,0,0,0,0,0,0,0,0,0,0,0,0,0,0,0,0,0,0,0,0,0,0,0,0,0,0,0,0,0,0,0,0,0,0,0,237948900,0,0,0,0,0,0,0,0,0,0,0,0
"TJK",0,0,0,0,0,0,0,0,0,0,0,0,0,0,0,0,0,0,0,0,0,0,0,0,0,0,0,0,0,0,0,0,0,0,0,0,0,0,0,0,0,0,0,0,0,0,0,0,0,0,0,0,0,0,0,0,0,0,0,0,0,0,0,0,0,0,0,0,0,0,0,0,0,0,0,0,0,0,0,0,0,0,0,0,0,0,0,0,0,0,0,0,0,0,0,0,0,0,0,0,0,0,0,0,0,0,0,0,0,0,0,0,0,0,0,0,0,0,0,0,0,0,0,0,0,0,0,0,0,0,0,0,0,0,0,0,0,0,0,0,0,0,0,0,0,0,0,0,0,0,0,0,0,0,0,0,0,0,0,0,0,0,0,0,0,0,0,0,0,0,0,0,0,0,0,0,0,0,0,0,0,0,0,0,0,0,0,0,0,0,0,0,0,0,0
"SWZ",0,0,0,0,0,0,0,0,0,0,0,0,0,0,0,0,0,0,0,0,0,0,0,0,0,0,0,0,0,0,0,0,0,0,0,0,0,0,0,0,0,0,0,0,0,0,0,0,0,0,0,0,0,0,0,0,0,0,0,0,0,0,0,0,0,0,0,0,0,0,0,0,0,0,0,0,0,0,0,0,0,0,0,0,0,0,0,0,0,0,0,0,0,0,0,0,0,0,0,0,0,0,0,0,0,0,0,0,0,0,0,0,46260700,0,0,0,0,0,0,0,0,0,0,0,0,0,0,0,0,0,0,0,0,0,0,0,0,0,0,0,0,0,0,0,0,0,0,0,0,0,0,0,0,0,0,1157301600,0,0,0,0,0,0,0,0,0,0,0,0,0,0,0,0,0,0,0,0,0,0,0,0,0,0,0,0,0,0,0,0,0,0,0,0,0,0,0
"SWE",0,0,0,0,0,0,9334500,66276800,0,0,0,0,0,0,0,0,204258801300,0,0,0,0,7422800,0,0,0,3243400,0,0,0,0,0,249584700,0,0,1392880000,0,61887664000,0,176400,0,0,293651918400,0,0,0,0,0,39660911100,0,530136900,234195200,0,9660619000,98080452500,0,0,0,3856198400,0,794572586000,0,41872548800,0,1170400,0,0,11053211200,0,0,0,58340254400,28973700,38699100,0,20763496500,0,0,0,0,82854146900,9481500,590361900,1948265600,0,0,13268797200,0,0,10476040000,0,0,2986300,0,486712800,0,0,0,0,0,34165771400,0,0,0,205123200,0,0,583100,0,0,490000,842800,4.98e+10,0,0,0,0,666841499000,0,0,0,0,3139800,37544464000,0,11776368000,127837790900,0,0,11436600,0,0,0,0,137933012700,51072083500,0,0,0,0,0,19686752600,0,116737300,0,0,0,0,1.079e+11,0,0,0,0,2249100,1494144200,0,17463600,44676343500,0,0,0,0,1406797200,0,0,100293200,0,450800,0,0,0,0,0,137200,4.9e+07,34527673600,0,249950570200,19920240100,90642800,0,0,0,0,17097873700,5525564100,0,0,0,243014648900,240100,3859100,0,0,0,0
"CHE",0,0,0,0,0,0,0,103394400,0,0,0,0,0,0,0,0,0,0,0,0,0,137200,0,0,0,0,0,0,0,0,0,28248500,0,0,0,0,0,0,0,0,0,618664200,0,0,0,0,0,0,0,0,0,0,0,1779998600,0,0,0,0,0,5850963600,0,0,0,24500,0,0,0,0,0,0,0,7242200,21119600,83597600,0,36800,0,0,0,1621900,33200,397341600,257600,0,0,4608600,0,0,0,0,0,184000,0,58800,0,0,0,0,0,0,0,0,0,0,0,0,0,0,0,0,0,0,0,0,0,0,76087600,0,0,0,0,0,0,0,205800,1053500,0,0,2342200,0,0,0,0,29440000,112700,0,0,0,4900,0,24500,0,553700,0,0,0,0,0,0,0,0,0,0,25244800,0,0,15591800,0,0,0,739606000,0,0,0,36029700,0,475300,24500,0,0,0,0,0,3194800,0,0,433444900,0,4427200,0,0,0,0,11500300,0,0,0,0,125781800,17130400,0,1318100,0,0,0
"SYR",0,0,0,0,0,0,0,0,0,0,0,0,0,0,0,0,0,0,0,0,0,0,0,0,0,0,0,0,0,0,0,0,0,0,0,0,0,0,0,0,0,0,0,0,585120000,0,0,0,0,0,0,0,0,0,0,0,0,0,0,0,0,0,0,0,0,0,0,0,0,0,0,0,0,0,0,0,0,0,0,0,0,0,0,0,0,0,149690400400,0,0,0,0,0,0,0,0,9835113400,0,0,0,0,0,0,0,0,0,0,0,0,0,0,0,11080035200,0,0,0,0,0,0,0,0,0,0,0,0,0,11996800,0,0,0,0,0,0,0,0,0,0,0,0,0,0,0,0,0,0,0,0,0,0,0,0,0,0,0,0,0,0,0,0,0,0,0,0,0,0,0,0,0,0,0,0,0,0,1160686209600,33200,0,0,0,0,2208000,0,0,0,0,0,0,0,0,0,91264000,0,0,0,0,0,0
"TKM",0,0,0,0,0,0,0,0,0,0,0,0,0,0,0,0,0,0,0,0,0,0,0,0,0,0,0,0,0,0,0,0,0,0,0,0,0,0,0,0,0,0,0,0,0,0,0,0,0,0,0,0,0,0,0,0,0,0,0,0,0,0,0,0,0,0,0,0,0,0,0,0,0,0,0,0,0,0,0,0,0,0,0,0,0,0,0,0,0,0,0,0,0,0,0,0,0,0,0,0,0,0,0,0,0,0,0,0,0,0,0,0,0,0,0,0,0,0,0,0,0,0,0,0,0,0,0,0,0,0,0,0,0,0,0,0,0,0,0,0,0,0,0,0,0,0,0,0,0,0,0,0,0,0,0,0,0,0,0,0,0,0,0,0,0,0,0,0,0,0,0,0,0,0,0,0,0,0,0,0,0,0,0,0,0,0,0,0,0,0,0,0,0,0,0
"TWN",0,0,0,0,0,4772600,43416900,0,0,0,0,0,0,0,0,0,0,0,0,0,0,0,0,0,0,23995300,0,0,0,0,0,1742609800,0,0,0,0,0,0,8712200,0,0,176400,0,0,0,0,0,0,0,0,0,0,0,19438300,1499400,0,0,0,0,808500,0,0,0,0,0,0,0,0,0,0,0,455896500,0,0,0,0,0,0,0,0,0,1587600,0,0,0,1282477000,0,0,0,864800,0,141987300,0,8481900,0,0,0,0,0,0,61028400,0,0,20220400,0,0,0,0,0,0,0,0,0,0,0,0,4463900,0,0,0,0,53900,0,0,39200,0,0,0,0,0,0,0,2468300,0,0,0,0,0,0,0,0,0,33844300,0,0,0,0,0,0,0,0,0,0,296773400,0,1210800,0,0,0,0,0,798700,0,0,0,0,788900,0,0,0,0,0,0,0,0,0,19639200,0,912657100,0,49000,0,0,798500,0,0,0,0,29400,0,0,0,0,0,0
"TZA",0,0,0,0,0,0,0,0,0,0,0,0,0,0,0,0,0,0,0,0,0,0,0,7207900,0,0,0,0,0,0,0,0,0,0,0,0,0,0,0,0,0,8820000,0,0,0,0,0,0,0,0,0,0,0,0,0,0,0,0,0,2940000,0,0,0,0,0,0,0,0,0,0,0,0,0,0,0,0,0,0,0,0,0,0,0,0,0,0,0,0,175968800,0,0,0,0,0,0,0,0,0,0,0,0,0,0,0,0,0,0,0,0,0,0,0,1.84e+08,0,0,0,0,0,0,0,0,0,0,0,0,0,0,0,0,0,0,0,0,0,0,0,0,0,0,0,0,3119283300,0,0,0,0,0,0,0,0,0,0,0,0,0,10285100,0,0,0,0,0,0,0,0,0,0,0,0,0,0,0,0,0,0,7940073000,0,0,0,0,0,0,0,0,0,0,0,980000,996000,0,0,0,0,0,0,0
"THA",0,0,0,0,0,0,2099302100,70716800,0,138777800,0,40590200,0,0,0,0,0,0,0,0,4648000,0,73846992000,0,0,321944500,0,0,9976400,0,13195700,1443050000,22246000,0,0,0,0,0,0,0,124009300,168511500,0,0,0,0,0,0,0,19531400,0,0,226022300,1298308900,0,0,0,4900,9664614700,714301600,0,125770900,51425500,0,0,0,0,310041600,140561000,0,1281050200,19671197700,0,0,15263500,75999000,5399815300,0,0,79458400,3696731500,94643500,0,0,0,3074115200,0,0,0,11797048900,0,1948687100,0,0,1995217900,0,0,495156400,0,0,0,0,0,2449026900,67304400,0,0,7625672800,1166200,44790900,7800800,73500,0,0,0,3479000,1735346900,0,833000,0,8771000,301256800,0,0,0,96436900,0,0,24534300,0,4900,0,6523251200,17076500,0,0,0,0,0,0,0,0,694462300,0,0,0,0,0,495156400,0,184674400,0,55237700,14111243600,0,11902100,185999100,0,0,0,1047147000,931641900,0,0,6675117500,0,0,369715800,0,0,0,0,0,22803061400,0,0,10959873600,0,2257903100,0,0,0,0,3236157000,0,0,0,0,0,0,0,0,0,0,0
"TGO",0,0,0,0,0,0,0,0,0,0,0,0,0,0,0,0,0,0,0,0,0,0,0,0,1122511600,0,0,0,0,0,0,0,0,0,0,0,0,0,0,0,9099696600,0,0,0,0,0,0,0,0,0,0,0,0,16532600,0,0,0,0,0,0,0,0,0,0,0,0,0,0,0,0,0,0,0,0,0,0,0,0,0,4900,0,0,81673200,0,0,0,0,0,0,0,0,0,0,0,0,0,0,0,0,0,0,0,0,0,0,1836142700,0,9604000,0,0,0,0,0,0,0,0,92815800,0,0,0,0,0,0,2243768800,0,0,0,0,0,0,0,0,0,0,0,0,0,0,0,0,0,0,0,0,0,0,0,0,12299000,0,0,0,0,0,0,0,0,0,0,0,0,0,0,0,0,0,0,0,0,0,0,0,0,0,0,0,0,0,104411500,2847149900,0,0,0,0,0,0,0,0,16660000,0,0,0,0,0,0
"TON",0,0,0,0,0,0,0,0,0,0,0,0,0,0,0,0,0,0,0,0,0,0,0,0,0,0,0,0,0,0,0,0,0,0,0,0,0,0,0,0,0,0,0,0,0,0,0,0,0,0,0,0,0,0,0,0,0,0,0,0,0,0,0,0,0,0,0,0,0,0,0,0,0,0,0,0,0,0,0,0,0,0,0,0,0,0,0,0,0,0,0,0,0,0,0,0,0,0,0,0,0,0,0,0,0,0,0,0,0,0,0,0,0,0,0,0,0,0,0,0,0,0,0,0,0,0,0,0,0,0,0,0,0,0,0,0,0,0,0,0,0,0,0,0,0,0,0,0,0,0,0,0,0,0,0,0,0,0,0,0,0,0,0,0,0,0,0,0,0,0,0,0,0,0,0,0,0,0,0,0,0,0,0,0,0,0,0,0,0,0,0,0,0,0,0
"TTO",0,0,0,0,563500000,0,0,0,40640600,0,469091700,0,0,0,0,0,0,0,1886500,0,0,0,0,0,0,514965500,0,0,0,0,0,0,0,0,0,0,20648600,547594600,0,0,0,0,330568700,0,0,0,0,0,0,0,0,0,0,1048168800,0,0,0,0,0,27141100,0,0,0,0,0,830978300,0,0,3903683000,0,0,0,0,0,0,0,0,0,0,0,0,0,0,0,88547900,0,0,0,0,0,0,0,0,0,0,0,0,0,0,0,0,0,0,0,0,0,0,0,0,0,0,0,0,0,0,0,500332800,0,0,0,0,0,0,0,0,0,0,0,0,0,0,0,0,0,0,0,0,0,0,0,0,0,132800,17416300,15018500,190448300,0,0,0,0,0,0,0,0,0,0,0,24299100,0,0,17326400,0,0,0,0,0,0,0,0,0,0,0,0,0,0,0,100405900,0,23745400,0,0,0,0,0,0,0,0,0,0,0,0,0,0,0,0
"OMN",0,0,0,0,0,0,0,0,0,293600,0,0,0,0,0,0,0,0,0,0,0,0,0,0,0,0,0,0,0,0,0,0,0,0,0,0,0,0,0,0,0,0,0,0,0,0,0,0,0,0,0,0,0,0,0,0,0,0,0,0,0,0,0,0,0,0,0,0,0,0,0,0,0,0,0,4165000,0,0,0,0,0,0,0,0,0,0,0,0,0,0,0,0,0,0,0,0,0,0,0,0,0,0,0,0,0,0,0,0,0,0,0,0,0,0,0,0,0,0,0,0,0,0,0,0,0,0,0,0,0,0,0,0,0,0,0,0,0,0,85571000,0,0,0,0,0,0,0,0,0,0,0,0,0,0,332000,0,0,0,0,0,0,0,0,0,0,0,0,0,0,0,0,0,0,0,131713000,0,0,0,0,4439400,0,0,0,0,0,0,239040000,0,0,0,0,0,0,0,0,0
"TUN",0,0,0,0,0,0,0,0,0,0,0,0,0,0,0,0,0,0,0,0,0,0,0,0,0,381800000,0,0,0,0,0,0,0,0,0,0,0,0,0,0,0,0,0,0,0,0,0,0,0,0,0,0,0,126591500,0,0,0,0,0,4900,0,0,0,0,0,0,0,0,0,0,0,0,0,0,0,0,0,0,0,0,0,41503000,0,0,0,3346700,0,0,0,0,0,0,0,0,0,0,0,0,0,0,0,0,0,0,0,0,0,0,0,0,0,0,0,0,0,0,0,0,0,0,0,0,0,0,0,0,0,0,0,0,0,0,0,0,0,0,0,0,0,0,0,0,0,0,0,0,0,0,2191392700,0,0,0,0,0,0,0,0,0,0,0,0,143600,0,0,0,0,0,0,0,0,0,0,0,0,0,0,0,0,0,0,0,0,0,0,0,0,0,0,4900,0,0,0,0,0,0
"TUR",0,470400,93178400,0,6439100,0,47436900,275889600,14106000,171813600,34300,0,0,0,0,0,5921900,0,112700,0,0,1160447400,0,0,0,4305419300,0,0,0,0,23564100,6099240700,98000,102900,0,205800,0,0,209964489600,4106539800,82393500,23951200,0,0,0,0,274400,0,0,6781600,0,0,77498400,386654100,0,156800,14992778300,0,0,74893000,95859400,8643600,0,5860400,0,0,0,164400,0,0,0,46084500,78400,1744400,0,49000,0,13280000,62456008300,37470300,26422732800,6066200,210499100,98000,0,89973800,0,0,0,0,303800,294931000,257600,553700,0,10268783300,0,33304600,13328000,8510200,0,0,0,0,0,0,42776700,0,0,122500,4900,4900,0,821000,0,0,114921300,0,0,0,107800,0,0,0,0,36652000,11040000,41566100,29400,0,0,0,2111900,0,7280300,0,0,0,86093100,0,1154209700,0,7894400,205800,0,102900,0,14700,186033400,156800,83300,0,66042200,75023900,58800,0,14772300,0,0,0,127733300,220299100,277570843700,127169700,10628100,147000,3508900,4900,0,0,451324300,176400,0,34858600,0,0,4200113400,29400,99646400,8442700,0,0,57668100,98000,2866500,0,0,0,64568900,3042900,65291400,0,0,0,0
"ARE",0,194732500,11456200,0,0,5328020300,1632880200,0,0,9869725400,0,67705100,0,0,0,0,548800,0,0,0,26656000,0,2895900,99097600,0,532233900,0,1043700,285224100,0,0,4866047900,0,543900,5002900,0,514500,0,200973500,9163000,96882800,21746200,0,0,0,0,54238100,0,0,0,0,0,15978900,0,0,32908400,0,0,4728500,118088800,0,180481700,0,98965300,0,0,0,4316900,0,0,0,9295545000,0,0,0,347581500,5272400,3984000,30478200,26043500,0,9339542100,0,0,0,1318100,20173300,0,733123300,0,0,1004500,98941607500,0,0,21751100,0,0,34300,30291800,0,0,0,22638000,139671900,1527200,0,0,0,1131370800,0,0,0,0,21305200,1621900,1659939200,0,0,0,0,180099500,0,0,127400,0,920747300,0,2087400,0,0,0,21462000,1146600,0,0,0,465500,13112400,0,5627400000,4846100,59427200,0,0,0,0,150883000,0,514975600,39200,0,0,454176100,10368400,142100,96647600,0,0,0,1974700,66400,0,17005100,156422700,149807700,150400600,0,0,0,238277372200,0,0,0,445900,0,316285200,0,127844800,0,0,0,0,39356800,73500,90638400,38376800,5613500,390446700,9471700,0,0,11911900,8979200,0
"UGA",0,0,0,0,0,0,0,0,0,0,0,0,0,0,0,0,0,0,0,0,0,0,0,600593000,0,0,0,0,0,0,0,0,0,0,0,0,0,0,0,0,0,0,0,0,0,0,0,0,0,0,0,0,960400,0,0,0,0,0,0,0,0,0,0,0,0,0,0,0,0,0,0,0,0,0,0,0,0,0,0,0,0,0,0,0,0,0,0,0,5444564700,0,0,0,0,0,0,0,0,0,0,0,0,0,0,0,0,0,0,0,0,0,0,0,0,0,0,0,858500,0,0,0,0,0,0,0,0,0,0,0,0,0,0,0,0,0,0,0,0,0,0,0,0,0,0,0,0,0,0,0,0,0,0,0,0,0,5919200,0,0,0,0,0,0,0,0,0,0,1745081800,0,0,0,0,0,0,0,245000,0,0,735000,0,0,0,0,0,0,0,0,0,7036983100,0,0,0,0,0,145216400,6096521200,0
"TUV",0,0,0,0,0,0,0,0,0,0,0,0,0,0,0,0,0,0,0,0,0,0,0,0,0,0,0,0,0,0,0,0,0,0,0,0,0,0,0,0,0,0,0,0,0,0,0,0,0,0,0,0,0,0,0,0,0,0,0,0,0,0,0,0,0,0,0,0,0,0,0,0,0,0,0,0,0,0,0,0,0,0,0,0,0,0,0,0,0,0,0,0,0,0,0,0,0,0,0,0,0,0,0,0,0,0,0,0,0,0,0,0,0,0,0,0,0,0,0,0,0,0,0,0,0,0,0,0,0,0,0,0,0,0,0,0,0,0,0,0,0,0,0,0,0,0,0,0,0,0,0,0,0,0,0,0,0,0,0,0,0,0,0,0,0,0,0,0,0,0,0,0,0,0,0,0,0,0,0,0,0,0,0,0,0,0,0,0,0,0,0,0,0,0,0
"GBR",0,0,158378200,527534720000,24440900,9781728000,22186646300,1136120600,0,326182400,155874600,21448700,0,0,52260800,0,10074443700,0,0,0,51469600,779675300,2342539600,0,5489897600,51508931900,0,0,9510889500,0,2255448800,30311520200,13257490800,0,0,0,169157000,0,1110124400,0,0,33669520900,0,1543863300,276948000,320765100,259958100,2391200,338100,10027817800,604542200,7173600,2884543300,230549130000,0,690900,29233400,0,0,214062812900,0,36406500,0,3801409700,0,536102400,0,0,116167000,0,16811900,3761720700,1115657700,1590167400,13347837500,1918704800,14437362200,0,0,1231500344700,103053338600,36481762400,15377505600,102179700,279250300,518093924800,109246500,1930600,149235800,9261000,0,27247184000,1151200,322830400,0,212094900,0,1078000,0,755428200,0,6624000,0,8910604100,0,0,663787000,0,6405377100,7466634900,0,610673925800,433945600,0,0,96636800,2357999288200,0,1468000,158886900,0,5619948000,0,0,1537933800,10248399700,1635994400,180417300,1660169100,0,86444600,4536045600,1223139600,38118728800,1204971258700,0,0,0,192143500,0,1987999100,9431900,21789885800,198168000,1362200,1680700,0,221770295800,0,0,12478000,2465489900,2368285300,3778603900,0,13836255400,602063211100,0,0,100081000,18707166300,7226556700,0,0,36263133400,916300,60750425800,231436800,0,19220064700,109718600,266503788600,5139753100,1769212200,108850900,0,0,1087789700,378589825900,22676012800,507886600,0,0,40847467800,1680700,0,0,0,571395978500,20493800,579709400,1891400,6649300,0,0
"UKR",2032805000,0,131349400,811042580600,88200,0,128071300,5267500,9800,2813165700,0,70747208000,0,0,0,0,90831600000,0,0,0,0,386075400,0,0,38352300,32075400,0,0,0,0,1047208400,17905851002400,0,18855200,59554600,9800,0,0,346599918200,3907111200,47575100,19600,0,0,54002896800,0,101337339200,0,536099200,457655100,0,0,0,747988500,0,9589300,37513743300,19212900,47539800,2221360700,0,64596700,0,13100982700,0,0,0,9589300,0,0,0,290182900,0,9687300,0,21880215200,0,360142046400,8109477600,148607200,989626292600,20360014100,57285900,74293400,0,749700,810129169200,14700,1401839200,0,0,9332216000,141100368000,375173400,0,366035273000,0,269500,2429415112800,13421859500,0,0,0,187380800,48745200,278173000,6923700,0,9628500,451702400,5380200,478630090800,0,94334722300,0,0,9245101100,0,0,25068400,0,258264300,0,115522400,9628500,7987000,3482807200,94623900,12186300,0,23142700,68364800,117600,8014978600,54595800,28562100,0,20269440000,293368944800,0,101878495700,24985100,0,0,0,0,0,3392786584400,0,1700846100,0,0,8360932500,241829700,0,4718399900,238760042200,0,0,0,16807000,2606800,9393906800,17149288800,3294893700,9608900,0,139112700,0,0,92041498400,2188039692000,3109719927500,314135612200,380695700,0,229148500,0,4517573600,163302300,543223800,4674600,0,31587026800,33767027400,0,746902100,0,19600,0,0,33200,0,0,0
"USA",0,13999300,0,0,68317500,575571300,5927372500,0,3862277200,79399600,599465600,4321800,0,0,73534300,0,3399070500,0,159071100,0,0,0,0,0,0,1482567247300,0,0,2822400,0,88402940200,10527873400,3909143300,0,0,0,7814241300,27709500,126111300,0,0,3262469000,0,9021569300,0,995316600,0,3284130800,24382400,0,0,0,193143300,2377651500,71623300,0,29824400,0,0,383597800,0,92913800,32344900,24847900,0,64418800,13941201600,0,755403600,383532300,45564872900,827442300,416500,39840000,382690000,584320000,83491900,0,331151800,2963412200,165051300,1009418500,0,0,1585733300,181807226100,86940700,0,8408400,0,0,58386235500,177205700,81545800,0,0,0,0,0,223317200,0,0,0,418956000,0,0,101077200,0,0,2773209887400,0,1805209000,0,0,0,274400,5134926000,0,0,0,0,1369987900,1251140300,0,0,315736300,2239300,35185485300,61477600,0,11899672600,1956983700,5218000,6585600,71127600,0,0,0,167526900,0,0,0,337033300,0,175689800,0,0,301685000,0,0,0,11353300,0,2825994000,0,4762262500,489417200,48426700,0,0,6246520000,403451300,0,0,29128158600,16821700,341862200,0,0,2074817400,3541200800,0,977124400,1734416400,0,0,19961021100,61441100,0,0,1375905300,0,346351600,25102800,0,0,0,0,1201117400,452730600,0,0,0,0,0
"BFA",0,0,0,0,0,0,0,0,0,0,0,0,0,0,0,0,0,0,0,0,0,0,0,0,0,0,0,0,0,0,0,0,0,0,0,0,0,0,0,0,0,0,0,0,0,0,0,0,0,0,0,0,0,0,0,0,0,0,0,0,0,0,0,0,0,0,0,0,0,0,0,0,0,0,0,0,0,0,0,0,0,0,0,0,0,0,0,0,0,0,0,0,0,0,0,0,0,0,0,0,0,0,0,0,0,0,0,0,0,0,0,0,0,0,0,0,0,0,0,0,0,0,0,0,0,0,0,0,0,0,0,0,0,0,0,0,0,0,0,0,0,0,0,0,0,0,0,0,0,0,0,0,0,0,0,0,0,0,0,0,0,0,0,0,0,0,0,0,0,0,0,0,0,0,0,0,0,0,0,0,0,0,0,0,0,0,0,0,0,0,0,0,0,0,0
"URY",0,0,0,0,0,59907221600,0,0,0,0,0,0,0,0,89614026300,0,2467240279700,0,0,0,0,0,0,0,0,0,0,0,0,0,16586800,174887772800,106063000,0,0,0,0,1078056000,0,0,0,0,0,18538809600,0,0,0,0,0,0,0,0,0,0,0,0,0,0,0,66400,0,0,0,0,0,0,0,0,0,0,0,0,0,0,0,0,0,0,0,73600,0,0,0,0,0,0,0,0,0,0,0,0,0,0,0,0,0,0,0,0,0,0,0,0,0,0,0,33030000,0,18615500,0,0,0,0,0,0,891800,0,0,0,0,0,0,183500000,0,0,0,0,0,0,228132915200,33576513300,0,0,0,0,0,0,0,0,0,0,1315118400,0,0,0,0,90598816000,0,0,0,0,0,128450000,0,1116414000,3724000,0,0,0,0,0,0,0,0,0,0,0,0,0,0,0,0,0,0,0,43000,0,7639000,0,0,0,0,0,0,0,0,0,99600,0,0,0,0,0,0
"UZB",0,0,0,0,0,0,0,0,0,0,0,0,0,0,0,0,0,0,0,0,0,0,0,0,0,0,0,0,0,0,0,0,0,0,0,0,0,0,0,0,0,0,0,0,0,0,0,0,0,0,0,0,0,0,0,0,0,0,0,0,0,0,0,0,0,0,0,0,0,0,0,0,0,0,0,0,0,0,0,0,0,0,0,0,0,0,0,0,0,0,0,0,0,0,0,0,0,0,0,0,0,0,0,0,0,0,0,0,0,0,0,0,0,0,0,0,0,0,0,0,0,0,0,0,0,0,0,0,0,0,0,0,0,0,0,0,0,0,0,0,0,0,0,0,0,0,0,0,0,0,0,0,0,0,0,0,0,0,0,0,0,0,0,0,0,0,0,0,0,0,0,0,0,0,0,0,0,0,0,0,0,0,0,0,0,0,0,0,0,0,0,0,0,0,0
"VEN",0,0,0,0,0,0,0,0,0,0,0,0,0,0,0,0,0,0,0,0,0,0,0,0,0,0,0,0,0,0,66693900,0,0,0,0,0,0,0,0,0,0,0,0,80756900,0,0,0,0,0,0,0,0,0,0,0,0,0,0,0,0,0,0,0,0,0,0,0,0,0,0,0,0,0,0,0,0,0,0,0,0,0,0,0,0,0,0,0,0,0,0,0,0,0,0,0,0,0,0,0,0,0,0,0,0,441000,0,0,0,0,0,0,0,0,0,0,0,0,0,0,0,0,0,0,0,0,0,0,0,0,0,0,28723800,0,0,0,0,0,0,0,0,0,0,0,0,0,0,0,0,0,0,0,0,0,0,0,0,12851600,0,0,0,0,0,0,0,0,0,0,0,0,9800,0,0,0,0,0,0,0,0,13725800,0,0,0,0,0,0,0,0,0,0,0,0,0,0,0,0
"VNM",7144200,0,0,0,0,0,12674173400,452000,0,0,0,0,0,0,0,0,27474300,0,0,0,0,0,19461584800,0,0,989079700,0,0,376030500,0,550500,2677580500,0,0,0,0,0,0,612500,0,0,82030900,0,0,0,0,0,0,0,0,0,0,45089800,147573300,0,0,0,0,0,171127600,0,0,0,0,0,0,0,0,0,0,0,9052720900,24500,0,44100,280201600,1063327000,0,0,4900,0,112259000,0,0,0,2167779600,0,0,943793900,87541080700,0,406425600,0,95064900,3828467500,0,0,0,0,0,2141300,0,0,619061100,774200,0,0,0,519268300,0,76626200,0,0,0,0,2004100,646697100,0,0,0,0,428514800,0,0,0,93100,0,0,7570500,0,0,5424300,19127095800,22515500,0,0,0,0,2962985900,0,0,0,478302100,0,0,0,0,0,0,0,0,0,0,10683526300,0,27964300,59897600,0,0,0,10162600,27312600,0,0,2676355300,0,7934523900,0,0,77657200,0,0,0,2512083000,0,0,374920400,798700,7315793100,0,0,0,0,0,0,0,0,0,29022700,0,0,0,0,0,0
"ETH",0,0,0,0,0,0,15811500,0,0,0,0,0,0,0,0,0,0,0,0,0,0,0,0,0,0,18786000,0,0,0,0,0,0,0,0,0,0,0,0,0,0,0,0,0,0,0,0,0,0,0,0,0,0,0,0,0,303138500,0,0,0,14802000,0,0,0,0,0,0,0,0,0,0,0,0,0,0,0,0,0,0,0,0,238343500,8202600,0,0,0,0,0,0,3812200,0,0,0,0,0,0,0,0,0,0,0,0,0,0,0,0,0,0,0,0,0,0,0,0,0,0,0,83005000,0,0,0,0,0,0,0,0,1251200,0,0,0,0,0,0,0,0,0,0,0,0,0,0,0,0,0,0,0,0,0,0,0,0,0,0,0,0,0,20073800,0,0,0,0,40582500,23343600,0,0,0,0,0,0,0,0,0,0,7947800,0,0,0,47387100,0,99712600,0,0,0,0,0,0,0,0,0,24663200,0,0,0,18816000,447095600,0
"YEM",0,0,0,0,0,0,0,0,0,0,0,0,0,0,0,0,0,0,0,0,0,0,0,0,0,0,0,0,0,0,14700,0,0,0,0,0,0,0,0,0,0,0,0,0,0,0,0,0,0,0,0,0,0,0,0,0,0,0,0,0,0,0,0,0,0,0,0,0,0,0,0,0,0,0,0,0,0,0,0,0,0,0,0,0,0,0,0,0,0,0,0,0,84062400,0,0,0,0,0,0,0,0,0,0,0,0,0,0,0,0,0,0,0,0,0,0,0,0,0,0,0,0,0,0,0,0,0,0,0,0,0,0,0,0,0,0,0,0,0,0,0,0,0,0,0,0,0,0,73073200,0,0,0,0,0,0,0,0,0,0,0,0,0,0,0,0,0,0,0,0,0,0,84128800,0,0,5411600,0,0,0,0,343989100,0,0,0,0,0,0,0,0,0,0,0,0,0,0,0,0
"COD",0,0,0,0,0,0,0,0,0,0,0,0,0,0,0,0,0,0,0,0,0,0,0,2200100,0,0,0,0,0,0,0,0,0,0,0,0,0,0,0,0,0,0,0,0,0,0,0,0,0,0,0,0,0,122500,0,0,0,171500,0,0,0,0,0,0,0,0,0,0,0,0,0,0,0,0,0,0,0,0,0,14700,0,0,0,0,0,0,0,0,0,0,0,0,0,0,0,0,0,0,0,0,0,0,0,0,0,0,0,0,0,0,0,0,0,0,0,0,93100,0,0,0,0,0,0,0,0,0,0,0,0,0,0,0,0,0,0,0,0,0,0,0,0,1945300,0,0,0,0,0,0,0,0,0,0,0,0,0,0,0,0,0,0,0,58800,0,0,0,0,0,0,0,0,0,0,0,0,857500,0,0,0,0,0,0,0,0,0,0,0,0,0,23598100,0,0,0,0,0,0
"ZMB",0,0,0,0,0,0,0,0,0,0,0,0,0,0,0,0,0,0,0,0,0,0,0,198720000,0,0,0,0,0,0,0,0,0,0,0,0,0,0,0,0,0,0,0,0,0,0,0,0,0,0,0,0,0,0,0,0,0,0,0,0,0,0,0,0,0,0,0,0,0,0,0,0,0,0,0,0,0,0,0,0,0,0,0,0,0,0,0,0,0,0,0,0,0,0,0,0,0,0,0,0,0,0,0,0,0,0,0,0,0,0,0,0,34300,0,5390000,0,0,0,0,0,0,0,0,0,0,0,0,0,0,0,0,0,0,0,0,0,0,0,0,44100000,0,0,0,0,0,0,0,0,0,0,0,0,0,0,0,1526076100,0,0,0,0,0,0,0,0,0,2758896000,0,0,0,0,0,0,0,4900,0,0,0,0,0,0,0,0,0,0,0,0,9393300,0,0,0,0,0,0,0,0
"BEL",359809700,8731800,124023900,62112081600,8952300,6497491500,11660170700,5753746800,5584640300,427480900,24852800,1974769200,0,0,304088400,0,432037079500,0,110731700,4461632000,0,632256300,15899561600,81108320500,114030151800,18770978200,129605000,1039354300,10217152000,12481491700,7865406500,43077412400,34585760900,27827100,90792684300,0,55603185400,386071000,6177299500,140933800,29716196000,11805275700,0,38368075800,3619938100,15875813200,167161900,632462600,10447520000,2023291000,0,0,3526248800,719964395600,3318774100,40498500,701290500,105327086200,56550900,226150904700,0,34829591500,0,2791801000,0,0,176869505100,18830008800,5661765300,38700185300,236454400,9266595800,3597725700,328479100,1448158900,6300300400,37884159800,0,921286300,58199071500,7607020400,77069451300,171662954200,539289100,1354387200,107441549200,230034000,33268800,4408509900,114420188100,0,71344548600,2490000,2484988200,13093986600,8520068800,0,8923103300,0,1748032400,392000,26499174300,11136208700,35894376400,0,5962051800,1147263900,0,19134184500,564940214000,25558400,18616678000,86263937300,212707200,14729800,77341000,2155146714600,0,18312475700,99201600,1913600,9112151500,31100300,290364200,755663688400,6860904700,2739100,34928981700,1161662100,4335702400,603420300,17908508300,99752057200,5740565100,3775611700,0,0,0,856588600,0,2614926400,72071795100,94529874200,6247500,8887200000,0,0,0,4358601200,7100100,7439597200,2428503800,1383755800,54651292700,0,411836557700,197754808000,10485593500,0,0,10363964000,5306833300,338476300,0,4634027900,177286278900,45239165000,28089237900,0,47064500,666302000,22115338600,3110409600,15545686700,172970000,0,123163621200,11041456800,166718499600,90409496100,1032811100,2723248500,129527155400,150747699400,126478081400,0,158486426400,6762000,0,26020770400,992273900,91968100,0,0,0
"LUX",0,0,0,0,0,0,0,0,0,0,0,0,0,0,0,0,0,0,0,0,0,0,0,0,46569600,34300,0,0,0,0,0,4900,0,0,0,0,0,0,0,0,0,0,0,0,0,0,0,0,0,0,0,0,0,6127893600,0,0,0,0,0,55503872000,0,0,0,0,0,0,0,0,0,0,0,0,0,0,0,0,0,0,0,0,0,2391200,9800,0,0,9800,0,0,0,0,0,0,0,0,0,0,0,0,0,0,0,0,0,0,0,0,0,0,0,0,0,0,0,0,0,0,9582224100,0,0,0,0,0,0,0,0,9800,0,0,122500,0,0,0,0,0,88082400,0,0,0,0,0,0,0,9800,0,0,0,0,0,0,0,0,0,0,0,0,0,0,0,0,0,151900,78400,0,0,1749300,0,0,0,0,0,0,0,0,347900,0,0,49000,0,16027900,0,0,0,0,0,0,0,0,0,21507787400,0,0,0,0,0,0
"SRB",0,0,23262233100,0,0,0,80634400,407969100,0,0,0,0,0,0,0,0,0,0,0,0,0,23662334600,0,0,0,12691000,0,0,0,0,99600,76631100,0,0,0,0,0,0,1254400,0,0,9800,0,0,1660000,0,0,0,0,0,0,0,1984500,94148600,0,0,0,0,0,375375600,140290518300,0,0,17391845900,0,0,0,0,0,0,0,11862900,12937453400,99209068800,0,34108900,0,0,332000,0,0,15212028700,0,0,0,0,0,0,9800,0,0,0,0,0,0,0,0,0,8560300,0,0,0,0,0,0,0,5110700,0,0,0,0,0,0,0,0,9790200,5194000,0,0,21752091900,0,0,0,0,0,2856700,0,0,2650900,0,0,0,0,123778900,0,0,0,0,675022400,0,516129860700,0,69638800,0,0,0,0,0,0,0,0,1608154500,75699000,421400,0,0,0,0,0,0,8785700,1172336200,0,0,0,0,0,0,0,0,0,0,997792800,4439400,0,0,58133600,50989400,58942100,0,0,92960000,0,188169800,0,0,0,0,3983700,480200,0,49430274700,0,0,0
"MNE",0,0,1880845400,0,0,0,55727700,4900,0,0,0,0,0,0,0,0,0,0,0,0,0,2503900,0,0,0,0,0,0,0,0,0,0,0,0,0,0,0,0,0,0,0,0,0,0,0,0,0,0,0,0,0,0,0,0,0,0,0,0,0,55174000,2925662600,0,0,18914000,0,0,0,0,0,0,0,0,4998000,9800,0,0,0,0,0,0,0,11421900,0,0,0,0,0,0,0,0,0,0,0,0,0,0,0,0,0,0,0,0,0,0,0,0,0,0,0,0,0,0,0,0,0,0,0,0,0,91688800,0,0,0,0,0,0,0,29400,0,0,0,0,0,0,0,0,0,0,0,0,0,0,0,0,0,0,0,0,0,0,0,0,0,0,0,0,0,0,0,0,3003700,0,0,0,0,0,0,0,0,0,0,396900,0,0,0,0,9800,0,26342400,0,0,0,0,0,0,0,0,0,29400,0,194378100,0,0,0,0
"SDN",0,0,0,0,0,0,0,0,0,0,0,0,0,0,0,0,0,0,0,0,0,0,0,0,0,0,0,0,0,0,0,0,0,0,0,0,0,0,0,0,0,0,0,0,0,0,0,0,0,0,0,0,0,0,0,0,0,0,0,0,0,0,0,0,0,0,0,0,0,0,0,0,0,0,0,0,0,0,0,0,0,0,0,0,0,0,0,0,0,0,0,0,0,0,0,0,0,0,0,0,0,0,0,0,0,0,0,0,0,0,0,0,0,0,0,0,0,0,0,0,0,0,0,0,0,0,0,0,0,0,0,0,0,0,0,0,0,0,0,0,0,0,0,0,0,0,0,0,0,0,0,0,0,0,0,0,0,0,0,0,0,0,0,0,0,0,0,0,0,0,0,0,0,0,0,0,0,0,0,0,0,0,0,0,0,0,0,0,0,0,0,0,0,0,0
"SSD",0,0,0,0,0,0,0,0,0,0,0,0,0,0,0,0,0,0,0,0,0,0,0,0,0,0,0,0,0,0,0,0,0,0,0,0,0,0,0,0,0,0,0,0,0,0,0,0,0,0,0,0,0,0,0,0,0,0,0,0,0,0,0,0,0,0,0,0,0,0,0,0,0,0,0,0,0,0,0,0,0,0,0,0,0,0,0,0,0,0,0,0,0,0,0,0,0,0,0,0,0,0,0,0,0,0,0,0,0,0,0,0,0,0,0,0,0,0,0,0,0,0,0,0,0,0,0,0,0,0,0,0,0,0,0,0,0,0,0,0,0,0,0,0,0,0,0,0,0,0,0,0,0,0,0,0,0,0,0,0,0,0,0,0,0,0,0,0,0,0,0,0,0,0,0,0,0,0,0,0,0,0,0,0,0,0,0,0,0,0,0,0,0,0,0
"PSE",0,0,0,0,0,0,0,0,0,0,0,0,0,0,0,0,0,0,0,0,0,0,0,0,0,0,0,0,0,0,0,0,0,0,0,0,0,0,0,0,0,0,0,0,0,0,0,0,0,0,0,0,0,0,0,0,0,0,0,0,0,0,0,0,0,0,0,0,0,0,0,0,0,0,0,0,0,0,0,0,0,0,0,0,0,0,0,0,0,0,0,0,0,0,0,0,0,0,0,0,0,0,0,0,0,0,0,0,0,0,0,0,0,0,0,0,0,0,0,0,0,0,0,0,0,0,0,0,0,0,0,0,0,0,0,0,0,0,0,0,0,0,0,0,0,0,0,0,0,0,0,0,0,0,0,0,0,0,0,0,0,0,0,0,0,0,0,0,0,0,0,0,0,0,0,0,0,0,0,0,0,0,0,0,0,0,0,0,0,0,0,0,0,0,0
