"","ARM","AFG","ALB","DZA","ATG","ARG","AUS","AUT","BHS","BHR","BRB","BGD","BMU","BTN","BOL","BWA","BRA","ARB","BLZ","SLB","BRN","BGR","MMR","BDI","CMR","CAN","CPV","CAF","LKA","TCD","CHL","CHN","COL","COM","COG","COK","CRI","CUB","CYP","AZE","BEN","DNK","DMA","DOM","BLR","ECU","EGY","SLV","GNQ","EST","FRO","FJI","FIN","FRA","PYF","DJI","GEO","GAB","GMB","DEU","BIH","GHA","KIR","GRC","GRL","GRD","GTM","GIN","GUY","HTI","HND","HKG","HUN","HRV","ISL","IND","IDN","IRN","IRQ","IRL","ISR","ITA","CIV","KAZ","JAM","JPN","JOR","KGZ","KEN","KHM","PRK","KOR","KWT","LVA","LAO","LBN","LSO","LBR","LBY","LTU","MAC","MDG","MWI","MYS","MDV","MLI","MLT","MRT","MUS","MEX","MNG","MAR","MOZ","MDA","NAM","NPL","NLD","ANT","NCL","MKD","VUT","NZL","NIC","NER","NGA","NOR","PAK","PAN","CZE","PNG","PRY","PER","PHL","POL","PRT","GNB","TLS","ERI","QAT","ZWE","ROU","RWA","RUS","KNA","LCA","VCT","STP","SAU","SEN","SYC","SLE","SVN","SVK","SGP","SOM","ZAF","ESP","SUR","TJK","SWZ","SWE","CHE","SYR","TKM","TWN","TZA","THA","TGO","TON","TTO","OMN","TUN","TUR","ARE","UGA","TUV","GBR","UKR","USA","BFA","URY","UZB","VEN","VNM","ETH","YEM","COD","ZMB","BEL","LUX","SRB","MNE","SDN","SSD","PSE"
"ARM",0,0,0,0,0,0,0,0,0,0,0,0,0,0,0,0,0,0,0,0,0,0,0,0,0,666400,0,0,0,0,0,12490100,0,0,0,0,0,0,0,0,0,0,0,0,2053100,0,0,0,0,0,0,0,0,60123000,0,0,8026200,0,0,9800,0,0,0,0,0,0,0,0,0,0,0,0,0,0,0,0,0,0,19457900,0,4900,0,0,0,0,0,0,0,0,0,0,0,0,0,0,0,0,0,0,0,0,0,0,0,0,0,0,0,0,0,0,0,0,0,0,0,9800,0,0,0,0,0,0,0,0,0,0,0,0,0,0,0,0,57746500,0,0,0,0,0,0,0,0,2603022100,0,0,0,0,0,0,0,0,0,0,0,0,0,328300,0,0,0,0,93100,36456000,0,0,0,0,0,0,0,0,0,0,0,0,0,9800,21986300,146376700,0,9662800,0,0,0,0,0,0,0,18752300,0,0,0,0,0,0
"AFG",0,0,0,0,0,0,0,0,0,0,0,0,0,0,0,0,0,0,0,0,0,0,0,0,0,0,0,0,0,0,0,0,0,0,0,0,0,0,0,0,0,0,0,0,0,0,0,0,0,0,0,0,0,0,0,0,0,0,0,0,0,0,0,0,0,0,0,0,0,0,0,0,0,0,0,0,0,0,0,0,0,0,0,0,0,0,0,0,0,0,0,0,0,0,0,0,0,0,0,0,0,0,0,0,0,0,0,0,0,0,0,0,0,0,0,0,0,0,0,0,0,0,0,0,0,0,9960000,0,0,0,0,0,0,0,0,0,0,0,0,0,0,0,0,0,0,0,0,0,0,0,0,0,0,0,0,0,0,0,0,0,0,0,0,0,0,0,0,0,0,0,0,0,0,0,0,0,0,0,0,0,0,0,0,0,0,0,0,0,0,0,0,0,0,0,0
"ALB",0,0,0,0,0,0,0,0,0,0,0,0,0,0,0,0,0,0,0,0,0,0,0,0,0,0,0,0,0,0,0,21114100,0,0,0,0,0,0,0,0,0,0,0,0,0,0,0,0,0,0,0,0,0,0,0,0,0,0,0,0,0,0,0,0,0,0,0,0,0,0,0,0,0,0,0,0,0,0,153360200,0,0,7114800,0,0,0,0,0,0,0,0,0,0,0,0,0,0,0,0,0,0,0,0,0,0,0,0,0,0,0,0,0,0,0,0,0,0,0,0,0,0,0,0,0,0,0,0,0,0,0,0,0,0,0,0,0,0,0,0,0,0,0,0,0,0,0,0,0,0,0,0,0,0,0,0,0,0,0,0,0,0,0,0,0,0,0,0,0,0,0,0,0,0,0,0,0,0,0,0,0,0,0,0,0,0,0,0,0,0,0,0,298831400,0,0,0,0
"DZA",0,0,0,0,0,0,0,0,0,0,0,0,0,0,0,0,0,0,0,0,0,0,0,0,0,52737900,0,0,0,0,0,4900,0,0,0,0,0,0,0,0,0,0,0,0,0,0,0,0,0,0,0,0,0,40803100,0,0,0,0,0,0,0,0,0,0,0,0,0,0,0,0,0,0,0,0,0,0,0,0,0,0,0,0,0,0,0,0,0,0,0,0,0,0,0,0,0,0,0,0,0,0,0,0,0,0,0,0,0,0,0,0,0,0,0,0,0,0,0,0,0,0,0,0,0,0,0,0,0,0,0,0,0,0,0,0,0,0,0,0,0,0,0,0,0,0,0,0,0,0,0,0,0,0,0,0,0,0,0,0,0,0,0,9800,0,0,0,0,0,0,0,0,0,0,0,0,0,0,0,0,9800,0,0,0,0,0,0,0,0,0,19600,0,0,0,0,0,0
"ATG",0,0,0,0,0,0,0,0,0,0,19600,0,0,0,0,0,0,0,0,0,0,0,0,0,0,0,0,0,0,0,0,0,0,0,0,0,0,0,0,0,0,0,0,0,0,0,0,0,0,0,0,0,0,0,0,0,0,0,0,0,0,0,0,0,0,0,0,0,0,0,0,0,0,0,0,0,0,0,0,0,0,0,0,0,0,0,0,0,0,0,0,0,0,0,0,0,0,0,0,0,0,0,0,0,0,0,0,0,0,0,0,0,0,0,0,0,0,0,0,0,0,0,0,0,0,0,0,0,0,0,0,0,0,0,0,0,0,0,0,0,0,0,0,0,44100,7100100,0,0,0,0,0,0,0,0,0,0,0,0,0,0,0,0,0,0,0,0,0,0,0,0,0,0,0,0,0,0,0,0,9800,0,0,0,0,0,0,0,0,0,0,0,0,0,0,0,0
"ARG",0,0,0,2.5066e+10,0,0,126728700,0,0,0,0,0,0,0,261664850400,0,6623032457400,0,0,0,0,0,0,0,0,1333328400,0,0,0,0,570925799600,104712755700,1786138083300,0,0,0,173950000,0,0,0,0,41002000,0,0,0,201023192400,0,0,0,0,0,0,0,122549000,0,0,0,0,0,1414117100,0,0,0,0,0,0,0,0,0,0,277869200,1386700,0,10172400,0,918442476000,0,0,0,0,18874800,158647300,0,0,0,3454500,6.5736e+10,0,0,0,0,9025800,665444200000,0,0,0,0,0,0,0,0,0,0,0,0,0,0,0,0,937008100,0,262303671600,0,0,0,0,1313989600,0,0,0,0,12014800,17409700,0,0,0,0,69839700,0,0,104714618400,877078216100,0,0,0,0,0,0,173948080000,0,0,0,0,0,0,0,0,8651989753200,0,0,0,17404800,0,0,0,1.25496e+11,280480900,0,0,0,0,11294500,0,0,0,0,0,0,0,0,484364760000,9.13e+10,0,635042727600,0,0,402045000,0,1056826500,0,236351964700,0,0,193590328800,0,0,0,0,2335686400,0,0,0,0,0,0
"AUS",0,0,0,0,0,199808400,0,0,0,686121700,0,6510286400,0,0,0,0,74537700,0,0,6736025400,273304900,0,43707812900,0,0,921830600,0,0,359128500,0,33213500,17399246938500,3670000,0,0,54462800,21542900,0,0,0,0,0,0,0,0,146800,9133695100,0,0,0,0,17056250100,436876800,0,454801400,0,0,0,0,42291835800,0,179830000,1761600,0,0,0,0,0,0,0,0,9382323500,0,0,220500,21559582400,85755116500,124368992800,0,660600,0,834150100,0,0,0,3605710199700,136800681400,0,6936300,98571972300,0,970706044600,1522987472000,283617600,94944000,26424000,0,0,0,0,37243700,0,0,56265287100,3890200,0,0,0,16306427800,0,162665300,0,0,0,0,151392000,2415556800,0,3050212100,0,2316911000,151041457700,0,0,105924567600,0,5155170000,10569600,0,25154301600,0,6142112000,418413318300,273965500,0,0,998486100,0,69179500,0,0,0,0,0,0,0,0,2882226480100,0,157002600,0,0,0,169215022700,93585000,95925128100,0,0,0,0,55563800,0,0,0,169106552500,10728082000,631664119200,0,10459500,0,84322705800,0,413829200,1726844663700,6128402000,0,1448220800,0,2233946800,0,22617500,0,0,1371333582000,0,0,0,0,0,0,0,0,0,0,0
"AUT",46368000,0,2403581200,0,264600,0,260709400,0,24500,0,0,0,0,0,0,0,63344600,0,0,0,0,19651591900,0,0,0,2048503800,0,0,0,0,3069000,2202053600,0,0,0,0,0,151326500,464800,229064400,0,333581400,0,4047400,358169200,0,0,0,0,342519800,0,0,127806800,2466016200,0,0,139293000,0,0,342258682500,58055765000,4900,0,397847300,0,0,0,0,18463200,0,0,315121200,16471770800,110568146700,49000,65883000,0,108066000,0,106413500,545046600,420403980700,0,6409200,0,421956800,7407400,52992000,83300,13411300,0,1570187400,0,3336957300,0,26411000,0,0,0,353495000,0,0,0,176400,127400,0,15651500,0,0,11613000,0,132300,0,16455500,436100,0,70705301000,0,0,3901461900,0,245308700,0,0,205800,12304900,808500,0,93970134900,0,0,0,9800,60908222500,5805800,0,0,0,68600,0,140626811900,0,19734500500,0,0,0,0,157496400,193500,0,0,47622711200,9858201800,38501700,0,6546700,34306700,0,0,0,437625600,19721096900,0,0,143976300,0,3763200,0,0,0,75827500,0,127066200,298619800,0,0,1856619500,2419865200,1988394800,0,0,3706700,0,0,0,0,0,0,576034000,15555100,5133018400,189733900,0,0,0
"BHS",0,0,0,0,0,0,18580800,0,0,0,0,0,0,0,0,0,0,0,0,0,0,0,0,0,0,0,0,0,0,0,0,0,0,0,0,0,0,0,0,0,0,0,0,0,0,0,0,0,0,0,0,0,0,0,0,0,0,0,0,0,0,0,0,0,0,0,0,0,0,0,0,0,0,0,0,0,0,0,0,0,0,0,0,0,110400000,0,0,0,0,0,0,0,0,0,0,0,0,0,0,0,0,0,0,0,0,0,0,0,0,0,0,0,0,0,0,0,0,0,0,0,0,0,0,0,0,0,0,0,0,0,0,0,0,0,0,0,0,0,0,0,0,0,0,0,0,0,0,0,0,0,0,0,0,0,0,0,0,0,0,0,0,0,0,0,0,0,0,0,0,0,0,0,0,0,0,0,0,0,188022800,0,0,0,0,0,0,0,0,0,0,0,0,0,0,0,0
"BHR",0,0,0,0,0,0,0,0,0,0,0,0,0,0,0,0,0,0,0,0,0,0,0,0,0,0,0,0,0,0,0,0,0,0,0,0,0,0,0,0,0,0,0,0,0,0,0,0,0,0,0,0,0,0,0,0,0,0,0,0,0,0,0,0,0,0,0,0,0,0,0,0,0,0,0,0,0,0,0,0,0,0,0,0,0,0,0,0,0,0,0,0,0,0,0,0,0,0,0,0,0,0,0,0,0,0,0,0,0,0,0,0,0,0,0,0,0,0,0,0,0,0,0,0,0,0,0,0,0,0,0,0,0,0,0,0,0,0,0,0,0,0,0,0,0,0,0,166000,0,0,0,0,0,0,0,0,0,0,0,0,0,0,0,0,0,0,0,0,0,0,0,0,0,0,0,0,0,0,3273200,0,0,0,0,0,0,0,0,0,0,0,0,0,0,0,0
"BRB",0,29400,0,0,170196600,0,0,0,0,2013900,0,0,0,0,0,0,19600,0,0,0,0,0,0,0,0,23152500,0,0,0,0,0,0,0,0,0,0,0,4409519800,0,0,0,10770200,9623600,450800,0,0,0,0,0,0,0,0,0,19080600,0,0,0,0,0,14700,0,0,0,0,0,14102200,0,0,597800,0,0,0,0,0,0,0,0,0,0,247600,0,0,0,0,39200,0,0,0,0,0,0,0,0,0,0,0,0,0,0,0,0,0,0,0,0,0,0,0,0,0,0,0,0,0,0,0,0,0,0,0,0,0,0,0,0,39200,0,0,0,0,0,0,0,0,0,0,0,0,0,0,0,0,0,10158900,30904300,129403500,0,0,0,0,0,0,0,0,0,0,0,8334900,0,0,588000,0,0,0,0,0,0,0,0,898679600,0,0,0,0,0,0,81467400,0,47174800,0,0,0,0,0,0,0,0,0,14700,0,0,0,0,0,0
"BGD",0,0,0,0,0,0,9334500,0,0,0,0,0,0,0,0,0,0,0,0,0,0,0,0,0,0,0,0,0,0,0,0,0,0,0,0,0,0,0,0,0,0,0,0,0,0,0,0,0,0,0,0,0,0,0,0,0,0,0,0,0,0,0,0,0,0,0,0,0,0,0,0,0,0,0,0,0,0,0,0,0,0,0,0,0,0,0,0,0,0,0,0,0,0,0,0,0,0,0,0,0,0,0,0,4444300,0,0,0,0,3890200,0,0,0,0,0,0,0,0,0,0,0,0,0,0,0,0,0,0,0,0,0,0,0,0,0,0,0,0,0,10129200,0,0,0,0,0,0,0,0,0,0,0,0,0,0,3445200,0,0,0,0,0,0,0,0,0,0,0,0,0,0,0,0,4404000,0,0,0,0,0,0,0,0,0,0,0,0,0,0,0,0,0,367000,0,0,0,0,0,0
"BMU",0,0,0,0,0,0,0,0,0,0,0,0,0,0,0,0,0,0,0,0,0,0,0,0,0,0,0,0,0,0,0,0,0,0,0,0,0,0,0,0,0,0,0,0,0,0,0,0,0,0,0,0,0,0,0,0,0,0,0,0,0,0,0,0,0,0,0,0,0,0,0,0,0,0,0,0,0,0,0,0,0,0,0,0,0,0,0,0,0,0,0,0,0,0,0,0,0,0,0,0,0,0,0,0,0,0,0,0,0,0,0,0,0,0,0,0,0,0,0,0,0,0,0,0,0,0,0,0,0,0,0,0,0,0,0,0,0,0,0,0,0,0,0,0,0,0,0,0,0,0,0,0,0,0,0,0,0,0,0,0,0,0,0,0,0,0,0,0,0,0,0,0,0,0,0,0,0,0,0,0,0,0,0,0,0,0,0,0,0,0,0,0,0,0,0
"BTN",0,0,0,0,0,0,0,0,0,0,0,0,0,0,0,0,0,0,0,0,0,0,0,0,0,0,0,0,0,0,0,0,0,0,0,0,0,0,0,0,0,0,0,0,0,0,0,0,0,0,0,0,0,0,0,0,0,0,0,0,0,0,0,0,0,0,0,0,0,0,0,0,0,0,0,0,0,0,0,0,0,0,0,0,0,0,0,0,0,0,0,0,0,0,0,0,0,0,0,0,0,0,0,0,0,0,0,0,0,0,0,0,0,0,0,0,0,0,0,0,0,0,0,0,0,0,0,0,0,0,0,0,0,0,0,0,0,0,0,0,0,0,0,0,0,0,0,0,0,0,0,0,0,0,0,0,0,0,0,0,0,0,0,0,0,0,0,0,0,0,0,0,0,0,0,0,0,0,0,0,0,0,0,0,0,0,0,0,0,0,0,0,0,0,0
"BOL",0,0,0,0,0,0,0,0,0,0,0,0,0,0,0,0,0,0,0,0,0,0,0,0,0,0,0,0,0,0,1892404500,0,14700,0,0,0,0,0,0,0,0,0,0,0,0,0,0,0,0,0,0,0,0,0,0,0,0,0,0,4900,0,0,0,0,0,0,0,0,0,0,0,0,0,0,0,0,0,0,0,0,0,0,0,0,0,0,0,0,0,0,0,0,0,0,0,0,0,0,0,0,0,0,0,0,0,0,0,0,0,0,0,0,0,0,0,0,0,0,0,0,0,0,0,0,0,0,0,0,0,0,0,0,0,0,0,0,0,0,0,0,0,0,0,0,0,0,0,0,0,0,0,0,0,0,0,0,89140800,0,0,0,0,0,0,0,0,0,0,0,0,0,0,0,0,0,0,0,0,0,24534300,0,0,0,0,0,0,0,0,0,0,0,0,0,0,0,0
"BWA",0,0,0,0,0,0,0,0,0,0,0,0,0,0,0,0,0,0,0,0,0,0,0,0,0,0,0,0,0,0,0,0,0,0,0,0,0,0,0,0,0,0,0,0,0,0,0,0,0,0,0,0,0,0,0,0,0,0,0,0,0,0,0,0,0,0,0,0,0,0,0,0,0,0,0,0,0,0,0,0,0,0,0,0,0,0,0,0,0,0,0,0,0,0,0,0,0,0,0,0,0,0,0,0,0,0,0,0,0,0,0,0,0,0,21222800,0,0,0,0,0,0,0,0,0,0,0,0,0,0,0,0,0,0,0,0,0,0,0,0,480200,0,0,0,0,0,0,0,0,0,0,0,0,0,0,0,52346700,0,0,0,0,0,0,0,0,0,0,0,0,0,0,0,0,0,0,55200000,0,0,0,0,0,0,0,0,0,0,0,0,161700000,0,0,0,0,0,0,0
"BRA",0,0,0,0,0,26951824200,0,0,0,0,0,0,0,0,17749176900,0,0,0,36985200,0,0,0,0,0,0,1259300,833000,0,0,0,1617000,55218100,4292879100,0,0,0,84186900,0,0,0,0,1244600,0,320538400,0,5085392000,0,0,0,0,0,0,0,176400,0,0,0,0,0,5541900,0,0,0,0,0,0,0,0,0,1009400,0,387100,0,0,0,0,0,0,0,51131500,0,0,0,0,0,34329400,0,0,0,0,0,0,0,0,0,0,0,0,0,0,0,0,0,0,0,0,0,0,0,15199800,0,0,0,0,0,0,77616000,0,0,0,0,63700,0,0,0,1768900,0,10309600,0,0,129604071500,3319398400,0,833000,9589300,0,0,0,0,0,980000,0,0,0,0,0,0,0,0,0,0,0,0,406700,0,4900,0,93202900,0,0,0,0,0,0,0,0,0,0,0,0,0,0,0,0,0,0,80399200,0,346469200,0,5624058300,0,0,0,0,0,0,0,1479800,0,0,0,0,0,0
"ARB",0,0,0,0,0,0,0,0,0,0,0,0,0,0,0,0,0,0,0,0,0,0,0,0,0,0,0,0,0,0,0,0,0,0,0,0,0,0,0,0,0,0,0,0,0,0,0,0,0,0,0,0,0,0,0,0,0,0,0,0,0,0,0,0,0,0,0,0,0,0,0,0,0,0,0,0,0,0,0,0,0,0,0,0,0,0,0,0,0,0,0,0,0,0,0,0,0,0,0,0,0,0,0,0,0,0,0,0,0,0,0,0,0,0,0,0,0,0,0,0,0,0,0,0,0,0,0,0,0,0,0,0,0,0,0,0,0,0,0,0,0,0,0,0,0,0,0,0,0,0,0,0,0,0,0,0,0,0,0,0,0,0,0,0,0,0,0,0,0,0,0,0,0,0,0,0,0,0,0,0,0,0,0,0,0,0,0,0,0,0,0,0,0,0,0
"BLZ",0,0,0,0,0,0,0,0,0,0,0,0,0,0,0,0,0,0,0,0,0,0,0,0,0,0,0,0,0,0,0,0,0,0,0,0,0,0,0,0,0,0,0,0,0,0,0,0,0,0,0,0,0,0,0,0,0,0,0,36800,0,0,0,0,0,0,0,0,0,0,44624300,0,0,0,0,0,0,0,0,4900,0,0,0,0,0,0,0,0,0,0,0,0,0,0,0,0,0,0,0,0,0,0,0,0,98000,0,0,0,0,0,0,0,0,0,0,0,0,0,0,0,0,0,0,0,0,0,0,0,0,0,0,0,0,0,0,0,0,0,0,0,0,0,0,151900,0,120716400,0,0,0,0,0,0,0,0,0,0,0,0,0,0,0,0,0,0,0,0,0,0,0,0,0,0,0,0,0,0,0,0,0,0,0,0,0,0,0,0,0,0,0,0,0,0,0,0,0
"SLB",0,0,0,0,0,0,68600,0,0,0,0,0,0,0,0,0,0,0,0,0,0,0,0,0,0,0,0,0,0,0,0,0,0,0,0,0,0,0,0,0,0,0,0,0,0,0,0,0,0,0,0,0,0,0,0,0,0,0,0,0,0,0,216447700,0,0,0,0,0,0,0,0,0,0,0,0,0,0,0,0,0,0,0,0,0,0,0,0,0,0,0,0,0,0,0,0,0,0,0,0,0,0,0,0,0,0,0,0,0,0,0,0,0,0,0,0,0,102900,0,0,0,28650300,0,0,0,0,0,0,0,0,0,0,0,0,0,0,0,0,0,0,0,0,0,0,0,0,0,0,0,0,0,0,0,0,4900,0,0,0,0,0,0,0,0,0,0,0,0,0,0,0,0,0,0,0,0,0,0,0,0,0,0,0,0,0,0,0,0,0,0,0,0,0,0,0,0,0
"BRN",0,0,0,0,0,0,0,0,0,0,0,0,0,0,0,0,0,0,0,0,0,0,0,0,0,0,0,0,0,0,0,0,0,0,0,0,0,0,0,0,0,0,0,0,0,0,0,0,0,0,0,0,0,0,0,0,0,0,0,0,0,0,0,0,0,0,0,0,0,0,0,0,0,0,0,0,0,0,0,0,0,0,0,0,0,0,0,0,0,0,0,0,0,0,0,0,0,0,0,0,0,0,0,367000,0,0,0,0,0,0,0,0,0,0,0,0,0,0,0,0,0,0,0,0,0,0,0,0,0,0,0,0,0,0,0,0,0,0,0,0,0,0,0,0,0,0,0,0,0,0,0,0,0,0,0,0,0,0,0,0,0,0,0,0,0,0,0,0,0,0,0,0,0,0,0,0,0,0,0,0,0,0,0,0,0,0,0,0,0,0,0,0,0,0,0
"BGR",0,0,0,0,235200,0,2352000,21452200,450800,0,0,0,0,0,0,0,0,0,0,0,0,0,0,0,0,0,0,0,0,0,0,64067500,0,0,0,0,0,0,228599083000,0,0,6061300,0,0,0,0,0,0,0,0,0,0,872200,14438777200,0,0,34664000,0,0,8098157000,380700600,0,0,642266647100,0,0,0,0,0,0,0,8888600,32604600,679674100,0,0,0,0,2037064000,3307500,0,698505300,0,0,0,0,0,0,0,0,1470000,0,0,19600,0,12575164000,0,671300,633052852400,0,0,0,0,0,0,0,0,0,0,0,0,0,0,0,0,0,48575400,0,0,4946653900,0,0,0,0,0,235200,0,274400,0,0,0,0,0,46878300,52115700000,0,0,0,0,0,56151976600,0,0,0,0,0,0,0,0,0,0,171524500,0,8844500,0,0,687456343800,0,0,0,0,0,67571296000,0,0,112700,0,0,0,0,0,0,36040023200,0,0,0,783302200,0,48294400,0,0,0,0,36206100,0,0,0,0,73793400,0,4219757500,1881639200,0,0,0
"MMR",0,0,0,0,0,0,0,0,0,0,0,0,0,0,0,0,0,0,0,0,0,0,0,0,0,0,0,0,0,0,0,0,0,0,0,0,0,0,0,0,0,0,0,0,0,0,0,0,0,0,0,0,0,0,0,0,0,0,0,0,0,0,0,0,0,0,0,0,0,0,0,0,0,0,0,0,0,0,0,0,0,0,0,0,0,0,0,0,0,0,0,0,0,0,0,0,0,0,0,0,0,0,0,0,0,0,0,0,0,0,0,0,0,0,0,0,0,0,0,0,0,0,0,0,0,0,0,0,0,0,0,0,0,0,0,0,0,0,0,0,0,0,0,0,0,0,0,0,0,0,0,0,0,0,0,0,0,0,0,0,0,0,0,0,0,0,0,0,0,0,0,0,0,0,0,0,0,0,0,0,0,0,0,0,0,0,0,0,0,0,0,0,0,0,0
"BDI",0,0,0,0,0,0,0,0,0,0,0,0,0,0,0,0,0,0,0,0,0,0,0,0,0,0,0,0,0,0,0,0,0,0,0,0,0,0,0,0,0,0,0,0,0,0,0,0,0,0,0,0,0,0,0,0,0,0,0,803600,0,0,0,0,0,0,0,98000,0,0,0,0,0,0,0,0,0,0,0,0,0,0,0,0,0,0,0,0,40826800,0,0,0,0,0,0,0,0,0,0,0,0,0,0,0,0,0,0,0,0,0,0,0,0,0,0,0,0,0,0,0,0,0,0,0,0,0,0,0,0,0,0,0,0,0,0,0,0,0,0,0,0,2856700,0,0,0,0,0,0,0,0,0,0,0,0,0,0,0,0,0,0,0,0,0,0,0,48382600,0,0,0,0,0,0,0,0,24059000,0,0,0,0,0,0,0,0,0,0,0,13017011700,0,0,0,0,0,0,0,0
"CMR",0,0,0,0,0,0,0,0,0,0,0,0,0,0,0,0,0,0,0,0,0,0,0,0,0,0,0,1030974700,0,3.43e+09,0,0,0,0,2.058e+09,0,0,0,0,0,0,0,0,0,0,0,0,0,1957123700,0,0,0,0,173543300,0,0,0,0,0,0,0,0,0,0,0,0,0,0,0,0,0,0,0,0,0,0,0,0,0,0,0,0,1915440000,0,0,0,0,0,0,0,0,0,0,0,0,0,0,0,0,0,0,0,0,0,0,0,0,0,0,0,0,0,0,0,0,0,24500,0,0,0,0,0,0,0,490000,0,0,0,0,0,0,0,0,0,0,0,0,0,0,0,0,0,0,0,0,0,0,0,0,0,0,0,0,0,0,9800,0,0,0,0,0,2273600,0,0,0,0,0,29400,0,0,0,0,0,0,0,0,494900,0,28674800,0,0,0,0,0,0,0,0,0,58412900,0,0,0,0,0,0
"CAN",0,0,0,0,0,195297600,1156374000,0,0,0,0,0,0,0,0,0,64378340800,0,12027417600,0,0,0,0,0,0,0,0,0,0,0,0,6478856240800,7.36e+09,0,0,0,0,0,0,0,0,0,0,0,0,2635174400,0,0,0,0,0,0,0,11481600,0,0,0,0,0,0,0,0,0,0,0,0,78445308800,0,0,0,3326425600,125230400,0,0,26560000,1397216000,0,0,0,0,0,0,91001200,0,9.2e+08,1839012942400,0,0,0,0,0,228891630400,0,0,0,0,0,0,0,0,19920000,0,0,220282000,0,0,0,0,0,767186484800,0,0,0,0,0,0,0,0,0,0,0,0,0,0,0,0,0,5075419200,0,0,0,141782260000,0,0,0,0,0,0,0,0,0,0,0,0,49827200,796800,0,681572295200,0,0,0,0,0,7360000,0,0,0,0,0,0,0,0,0,0,114274400,0,30577200,0,0,0,0,0,0,0,0,0,0,0,4070608279300,0,0,0,0,0,0,0,0,0,0,0,0,0,0,0,0
"CPV",0,0,0,0,0,0,0,0,0,0,0,0,0,0,0,0,0,0,0,0,0,0,0,0,0,0,0,0,0,0,0,0,0,0,0,0,0,0,0,0,0,0,0,0,0,0,0,0,0,0,0,0,0,0,0,0,0,0,0,0,0,0,0,0,0,0,0,0,0,0,0,0,0,0,0,0,0,0,0,0,0,0,0,0,0,0,0,0,0,0,0,0,0,0,0,0,0,0,0,0,102900,0,0,0,0,0,0,0,0,0,0,0,0,0,0,0,0,0,0,0,0,0,0,0,0,0,0,0,0,0,0,0,0,0,0,0,0,0,0,0,0,0,0,0,0,0,0,0,0,0,0,0,0,0,0,0,0,0,0,0,0,0,0,0,0,0,0,0,0,0,0,0,0,0,0,0,0,0,0,0,0,0,0,0,0,0,0,0,0,0,0,0,0,0,0
"CAF",0,0,0,0,0,0,0,0,0,0,0,0,0,0,0,0,0,0,0,0,0,0,0,0,0,0,0,0,0,0,0,0,0,0,0,0,0,0,0,0,0,0,0,0,0,0,0,0,0,0,0,0,0,0,0,0,0,0,0,0,0,0,0,0,0,0,0,0,0,0,0,0,0,0,0,0,0,0,0,0,0,0,0,0,0,0,0,0,0,0,0,0,0,0,0,0,0,0,0,0,0,0,0,0,0,0,0,0,0,0,0,0,0,0,0,0,0,0,0,0,0,0,0,0,0,0,0,0,0,0,0,0,0,0,0,0,0,0,0,0,0,0,0,0,0,0,0,0,0,0,0,0,0,0,0,0,0,0,0,0,0,0,0,0,0,0,0,0,0,0,0,0,0,0,0,0,0,0,0,0,0,0,0,0,0,0,0,0,0,0,0,0,0,0,0
"LKA",0,0,0,0,0,0,60157000,0,0,199200,0,4116000,0,0,0,0,0,0,0,0,0,0,186200,0,0,63345400,0,0,0,0,93100,8927800,0,0,0,0,0,0,0,0,0,132800,0,0,0,0,0,0,0,0,0,0,0,62133200,0,0,0,0,0,75364700,0,0,0,0,0,0,0,0,0,0,0,7879600,0,5096000,0,539906500,0,0,0,0,0,167004200,0,0,0,59595800,31574400,0,0,0,0,9848100,0,0,0,18861200,0,0,0,0,0,0,0,213840900,1031127800,0,0,0,0,0,0,0,0,0,0,0,95300100,0,0,0,0,1137200,0,0,0,99600,0,0,0,0,0,0,0,0,0,0,0,0,1862000,0,0,0,0,0,0,0,0,5378400,0,9078000,0,0,0,17885000,0,0,0,0,0,0,0,21123300,0,0,0,0,2783200,0,0,0,0,0,0,96358500,296930200,0,170078800,0,68605100,0,0,0,0,0,0,0,0,0,14700,0,0,0,90179600,0,0
"TCD",0,0,0,0,0,0,0,0,0,0,0,0,0,0,0,0,0,0,0,0,0,0,0,0,0,0,0,0,0,0,0,0,0,0,0,0,0,0,0,0,0,0,0,0,0,0,0,0,0,0,0,0,0,0,0,0,0,0,0,0,0,0,0,0,0,0,0,0,0,0,0,0,0,0,0,0,0,0,0,0,0,0,0,0,0,0,0,0,0,0,0,0,0,0,0,0,0,0,0,0,0,0,0,0,0,0,0,0,0,0,0,0,0,0,0,0,0,0,0,0,0,0,0,0,0,0,0,0,0,0,0,0,0,0,0,0,0,0,0,0,0,0,0,0,0,0,0,0,0,0,0,0,0,0,0,0,0,0,0,0,0,0,0,0,0,0,0,0,0,0,0,0,0,0,0,0,0,0,0,0,0,0,0,0,0,0,0,0,0,0,0,0,0,0,0
"CHL",0,0,0,0,0,383245300,3356500,0,0,0,0,0,0,0,8757838800,0,774543400,0,0,0,0,0,0,0,0,124801400,0,0,0,3303000,0,15640800,19530480000,0,0,0,5567544900,330300000,0,0,0,0,0,1643036900,0,104864661800,0,18400000,0,0,0,0,25862800,2337300,0,0,0,0,0,63596200,0,0,0,0,0,0,625710800,0,0,0,479302000,0,0,0,0,0,0,0,0,0,0,0,0,0,0,220200000,0,0,0,0,0,1489308400,0,0,0,0,0,0,0,0,0,0,0,0,0,0,0,0,0,6583079200,0,0,0,0,0,0,0,0,0,0,0,683300,0,0,0,0,0,4892704200,0,0,9939308400,82616525600,40480000,0,0,0,0,0,0,0,0,0,0,0,0,0,0,0,0,0,0,0,0,0,0,0,3391400,0,0,0,0,0,0,0,0,0,0,0,0,0,0,0,0,0,0,0,127001900,0,12117569800,0,33926400,0,0,0,0,0,0,0,284200,0,0,0,0,0,0
"CHN",0,0,0,0,0,192815000,15750419700,0,0,13024200,0,8535800,0,0,0,0,7991900,0,0,13749400,23920000,0,219304736800,0,73770850000,1498263400,0,0,8227100,0,67301500,0,67899300,0,0,0,48742700,4973500,10838800,0,0,139292300,22603700,12499900,0,59324300,0,14190400,0,0,0,18580800,104541500,5209388500,0,217089600,5203800,0,0,346302600,0,11534600,9643200,31325700,0,0,0,7080500,0,0,14744100,88983727600,8445100,0,0,60968648600,29596772800,0,0,20825000,60433300,2998079700,0,344111700,0,9244297500,0,0,239041600,107414067900,25573419800,54111395000,0,0,31291334400,0,0,624558900,0,0,10582128700,0,0,60116416100,0,0,18022200,0,6090700,55262200,93232782800,0,0,0,0,0,1863318400,0,0,0,32638900,2563003900,10152800,0,0,36598100,5957478400,70971600,0,55346204600,4655000,10128300,309890806900,113699600,120427300,0,42245900,0,46109000,0,47662300,0,3143075500,0,0,0,0,0,17640000,0,20080200,40380900,0,275251632700,0,5345900,462506100,0,0,0,73137400,12688700,0,0,228156832200,17855600,944087948500,16650200,0,0,0,0,0,20069380800,0,0,4636329900,0,6972247300,0,87886400,0,0,328618978600,0,0,17272500,0,336738800,0,0,0,0,37632000,0
"COL",0,0,0,0,0,7849800,259747400,0,0,0,0,0,0,0,0,0,0,0,0,0,0,0,0,0,0,0,0,0,0,0,96347400,4027800,0,0,0,0,0,0,0,0,0,0,0,7.36e+09,0,7431037400,0,0,0,0,0,0,0,0,0,0,0,0,0,0,0,0,0,0,0,0,0,0,0,27818600,0,0,0,0,0,0,0,0,0,0,0,0,0,0,0,0,0,0,0,0,0,0,0,0,0,0,0,0,0,0,0,0,0,0,0,0,0,0,0,0,0,0,0,0,0,0,0,0,0,0,0,0,0,0,0,0,0,29445387500,0,0,0,3.2752e+10,0,0,0,0,0,0,0,0,14700,0,0,0,0,0,0,0,0,0,0,0,0,0,0,0,117296200,0,0,0,20702500,0,0,0,0,0,0,0,0,0,0,0,0,0,0,0,22819300,0,3380856800,0,0,0,36700000,0,0,0,0,0,0,0,0,0,0,0,0
"COM",0,0,0,0,0,0,0,0,0,0,0,0,0,0,0,0,0,0,0,0,0,0,0,0,0,0,0,0,0,0,0,0,0,0,0,0,0,0,0,0,0,0,0,0,0,0,0,0,0,0,0,0,0,0,0,0,0,0,0,0,0,0,0,0,0,0,0,0,0,0,0,0,0,0,0,0,0,0,0,0,0,0,0,0,0,0,0,0,0,0,0,0,0,0,0,0,0,0,0,0,0,0,0,0,0,0,0,0,0,0,0,0,0,0,0,0,0,0,0,0,0,0,0,0,0,0,0,0,0,0,0,0,0,0,0,0,0,0,0,0,0,0,0,0,0,0,0,0,0,0,0,0,0,0,0,0,0,0,0,0,0,0,0,0,0,0,0,0,0,0,0,0,0,0,0,0,0,0,0,0,0,0,0,0,0,0,0,0,0,0,0,0,0,0,0
"COG",0,0,0,0,0,0,0,0,0,0,0,0,0,0,0,0,0,0,0,0,0,0,0,0,0,0,0,0,0,0,0,0,0,0,0,0,0,0,0,0,0,0,0,0,0,0,0,0,0,0,0,0,0,0,0,0,0,0,0,0,0,0,0,0,0,0,0,0,0,0,0,0,0,0,0,0,0,0,0,0,0,0,0,0,0,0,0,0,0,0,0,0,0,0,0,0,0,0,0,0,0,0,0,0,0,0,0,0,0,0,0,0,0,0,0,0,0,0,0,0,0,0,0,0,0,0,0,0,0,0,0,0,0,0,0,0,0,0,0,0,0,0,0,0,0,0,0,0,0,0,0,0,0,0,0,0,0,0,0,0,0,0,0,0,0,0,0,0,0,0,0,0,0,0,0,0,0,0,0,0,0,0,0,0,0,0,0,0,0,0,0,0,0,0,0
"COK",0,0,0,0,0,0,0,0,0,0,0,0,0,0,0,0,0,0,0,0,0,0,0,0,0,0,0,0,0,0,0,0,0,0,0,0,0,0,0,0,0,0,0,0,0,0,0,0,0,0,0,0,0,0,0,0,0,0,0,0,0,0,0,0,0,0,0,0,0,0,0,0,0,0,0,0,0,0,0,0,0,0,0,0,0,0,0,0,0,0,0,0,0,0,0,0,0,0,0,0,0,0,0,0,0,0,0,0,0,0,0,0,0,0,0,0,0,0,0,0,0,0,0,0,0,0,0,0,0,0,0,0,0,0,0,0,0,0,0,0,0,0,0,0,0,0,0,0,0,0,0,0,0,0,0,0,0,0,0,0,0,0,0,0,0,0,0,0,0,0,0,0,0,0,0,0,0,0,0,0,0,0,0,0,0,0,0,0,0,0,0,0,0,0,0
"CRI",0,0,0,0,0,0,30482900,0,0,0,0,0,0,0,0,0,0,0,0,0,0,0,0,0,0,0,0,0,0,0,308700,34300,19600,0,0,0,0,0,0,0,0,0,0,3161100,0,0,0,1477340900,0,0,0,0,0,112700,0,0,0,0,0,1283800,0,0,0,0,0,0,1300530900,0,0,0,429133700,0,0,0,0,20808900,0,0,0,0,0,0,0,0,0,0,0,0,0,0,0,0,0,0,0,0,0,0,0,0,0,0,0,0,0,0,0,0,0,14700,0,0,0,0,0,0,4900,0,0,0,0,0,730078700,0,0,0,0,693346500,0,0,0,0,0,0,0,0,0,0,0,0,0,0,0,0,0,0,0,0,0,0,0,0,0,0,0,0,4900,0,0,0,0,10015600,0,0,0,0,0,0,0,0,0,0,0,0,0,0,0,0,2053115000,0,0,0,0,0,0,0,0,0,0,0,0,0,0,0,0
"CUB",0,0,0,0,0,0,27199900,0,333200,0,0,0,0,0,0,0,0,0,0,0,0,0,0,0,0,0,0,0,0,0,5002900,0,0,0,0,0,0,0,0,0,0,0,0,0,0,0,0,16988300,0,0,0,0,0,25004700,0,0,0,0,0,55002500,0,0,0,0,0,0,0,0,0,0,0,0,0,0,0,0,0,0,0,0,0,0,0,0,0,0,0,0,0,0,0,0,0,0,0,0,0,0,0,0,0,0,0,0,813400,0,0,0,0,10005800,0,0,0,0,0,0,0,0,0,0,0,0,0,0,0,171500,0,0,0,0,0,0,0,0,0,0,0,0,0,0,0,0,0,0,0,0,0,0,0,0,0,0,0,73500,0,0,49960400,0,0,0,44100,4483500,0,0,0,0,0,0,0,0,0,0,0,0,0,0,14631400,0,0,0,0,0,0,0,0,0,0,0,0,0,0,0,0,0,0
"CYP",0,0,0,0,0,0,11245500,0,0,0,0,0,0,0,0,0,0,0,0,0,0,1347500,0,0,0,4218900,0,0,0,0,0,198503900,0,0,0,0,0,0,0,0,0,0,0,0,0,0,8315300,0,0,0,0,0,5154800,2254000,0,0,0,0,264600,2156000,0,0,0,25338000,0,0,0,0,0,0,0,49000,0,0,0,0,0,0,0,0,17782100,0,0,0,0,490000,0,0,0,0,0,0,0,0,0,38915800,0,0,0,0,0,0,0,0,0,0,0,0,0,0,0,0,0,0,0,0,147000,0,0,0,0,0,0,0,0,0,0,0,0,0,0,0,0,0,0,0,0,0,0,0,0,0,0,0,0,0,0,0,0,0,0,0,0,14700,0,9800,0,0,0,0,3738700,0,0,0,0,0,0,0,0,0,0,0,0,2229500,4900,0,693060900,0,15856400,0,0,0,0,0,0,0,0,0,0,0,0,0,0,0,0
"AZE",0,0,0,0,0,0,0,0,0,0,0,0,0,0,0,0,0,0,0,0,0,0,0,0,0,0,0,0,0,0,0,0,0,0,0,0,0,0,0,0,0,0,0,0,0,0,0,0,0,0,0,0,0,0,0,0,0,0,0,0,0,0,0,0,0,0,0,0,0,0,0,0,0,0,0,0,0,24335666400,0,534100,0,0,0,0,0,0,0,0,0,0,0,0,0,0,0,0,0,0,0,0,0,0,0,0,0,0,0,0,0,0,0,0,0,0,0,0,0,0,0,0,0,0,0,0,0,0,0,0,0,0,0,0,0,0,0,0,0,0,0,0,0,0,0,0,0,0,0,0,0,0,0,0,0,0,0,0,0,0,0,0,0,0,0,0,0,0,0,0,0,0,0,0,0,0,0,0,0,36800000,0,0,0,0,0,0,0,0,0,0,0,0,0,0,0,0,0
"BEN",0,0,0,0,0,0,0,0,0,0,0,0,0,0,0,0,0,0,0,0,0,0,0,0,0,0,0,0,0,0,0,6532600,0,0,0,0,0,0,0,0,0,0,0,0,0,0,92478400,0,0,0,0,0,0,203283000,0,0,0,0,0,0,0,0,0,0,0,0,0,0,0,0,0,0,0,0,0,0,0,0,0,0,0,0,0,0,0,0,0,0,0,0,0,0,0,0,0,0,0,0,0,0,0,0,0,0,0,0,0,0,0,0,0,0,0,0,0,0,0,0,0,0,0,0,0,0,116855200,0,0,0,0,0,0,0,0,0,0,0,0,0,0,0,0,0,0,0,0,0,0,0,0,0,0,0,0,0,0,0,0,0,0,0,0,0,0,0,0,0,0,667341200,0,0,0,0,0,0,0,0,0,0,0,2.76e+08,0,0,0,0,0,0,0,0,0,0,0,0,0,0,0
"DNK",338100,9800,38685500,6129900,0,19840100,252947800,272964900,7590100,222391400,0,103929000,0,0,0,0,751334400,0,4201161600,0,0,21197400,0,0,8810200,190883354400,33200,29400,1327900,9153200,48069000,50796089600,108726100,0,5042505600,0,10696700,1591400,14082490300,2528400,335517700,0,121440000,13738728000,114533544800,0,7670100,0,199101700,26048365900,4390289300,4890200,2643214400,290991654500,0,0,20001800,769309800,0,2403379870300,0,12772499200,0,42164500,0,933257800,0,5705991200,1078240000,0,698905600,33731600,689285400,2474500,59628827800,11897200,16680217100,2557484200,93193100,39787718700,527002600,39083742300,119858900,1048600,0,41042906600,5845700,1205400,1152186000,131215920000,2106900,36615680900,0,3189364500,0,46099200,0,14210926500,0,53552485200,0,166600,10426622500,32415770000,0,27743800,8996600,12738900,8976800,926100,308700,29423022000,0,0,29583031700,0,743517716100,0,0,0,0,341897500,0,433311900,29400,140435377700,31425200,5919200,212533600,0,19516700,764400,15667375600,138838920700,47001363400,129075800,0,29400,174542900,58800,20201604300,24500,279748475300,867431100,5644800,0,0,219150365300,21495200,12372500,117884200,260063200,241438300,48426700,0,550897200,349021442400,0,2151100,0,282721308500,47033760100,212057300,1582700,434195000,3329800,27140574700,45962000,90988100,21340009600,195103300,2212600,304824034100,1181306700,9800,0,41107837100,508914000,28647089100,1562443400,137489100,58377984900,0,264907404200,83323104100,0,6181575700,34300,422688989300,2969400,2069400,0,6125000,0,0
"DMA",0,0,0,0,0,0,0,0,6433700,0,0,0,0,0,0,0,0,0,0,0,0,0,0,0,0,0,0,0,0,0,0,0,0,0,0,0,0,0,0,0,0,0,0,0,0,0,0,0,0,0,0,0,0,0,0,0,0,0,0,0,0,0,0,0,0,0,0,0,53900,0,0,0,0,0,0,0,0,0,0,58800,0,0,0,0,0,0,0,0,0,0,0,0,0,0,0,0,0,0,0,0,0,0,0,6987400,0,0,0,0,0,0,0,0,0,0,0,0,0,0,0,0,0,0,0,0,0,0,0,0,0,0,0,0,0,0,0,0,0,0,0,0,0,0,0,5380200,25156600,0,0,0,0,0,0,0,0,0,0,0,0,0,0,0,0,0,0,0,0,0,0,0,0,0,0,0,0,0,0,0,0,0,0,0,0,0,0,0,0,0,0,0,0,0,0,0,0,0,0
"DOM",0,0,0,0,0,0,0,0,0,0,0,0,0,0,0,0,0,0,0,0,0,0,0,0,0,0,0,0,0,0,0,0,0,0,0,0,0,0,0,0,0,0,0,0,0,0,0,0,0,0,0,0,0,0,0,0,0,0,0,0,0,0,0,0,0,0,0,0,0,0,0,0,0,0,0,0,0,0,0,0,0,0,0,0,0,0,0,0,0,0,0,0,0,0,0,0,0,0,0,0,0,0,0,0,0,0,0,0,0,0,0,0,0,0,0,0,0,0,0,0,0,0,0,0,0,0,0,0,0,0,0,0,0,0,0,0,0,0,0,0,0,0,0,0,0,0,0,0,0,0,0,0,0,0,0,0,0,0,0,0,0,0,0,0,0,0,0,0,0,0,0,0,0,0,0,0,0,0,0,0,0,0,0,0,0,0,0,0,0,0,0,0,0,0,0
"BLR",5957137100,0,0,0,0,0,0,0,0,0,0,0,0,0,0,0,95716800,0,0,0,0,16135700,0,0,0,263148800,0,0,0,0,0,537882800,0,0,0,0,0,0,0,1458577400,0,0,0,0,0,0,0,0,0,279309800,0,0,0,0,0,0,7406187600,0,0,81487000,0,0,0,5331200,0,0,0,0,0,0,0,1240800,0,0,0,0,0,0,0,0,121227700,0,0,49433004300,0,0,0,3943274500,0,0,0,0,0,855355800,21960400000,0,0,0,136157000,20416712200,0,0,0,268419200,0,0,0,0,0,0,213997700,0,0,5121323000,0,0,0,0,0,0,0,0,0,0,0,0,0,0,0,0,0,0,0,177796500,0,0,0,0,0,0,0,0,1331828052000,0,0,0,0,252422600,0,0,0,0,11040000,166600,0,0,0,0,14825989300,0,0,0,0,6099513700,0,0,0,0,0,0,0,0,0,256900,0,0,0,28946860500,11387600,0,0,3172306200,0,5612036800,0,0,0,0,0,0,0,0,0,0,0
"ECU",0,0,0,0,0,0,0,0,0,0,0,0,0,0,0,0,0,0,0,0,0,0,0,0,0,0,0,0,0,0,112700,0,0,0,0,0,0,0,0,0,0,0,0,0,0,0,0,0,0,0,0,0,0,0,0,0,0,0,0,0,0,0,0,0,0,0,0,0,0,0,0,0,0,0,0,0,0,0,0,0,0,242858000,0,0,0,0,0,0,0,0,0,0,0,0,0,0,0,0,0,0,0,0,0,0,0,0,0,0,0,0,0,0,0,0,0,0,0,0,0,0,0,112700,0,0,0,0,0,0,0,0,0,6634600,0,0,2714600,0,0,0,0,0,0,0,0,0,0,0,0,0,0,0,0,0,0,0,0,44100,4655000,0,0,0,0,0,0,0,0,0,0,0,0,0,0,0,0,0,0,0,0,0,99803200,0,0,0,0,0,0,0,0,0,0,0,0,0,0,0,0
"EGY",0,0,0,14902601600,0,0,1136800,0,0,0,0,0,0,0,0,0,0,0,0,4248300,0,0,0,19439048000,0,0,0,0,0,0,0,0,0,0,0,0,0,0,0,0,0,0,0,0,0,0,0,0,0,0,0,0,0,0,0,0,0,0,0,0,0,0,0,0,0,0,0,0,0,0,0,0,0,0,0,0,0,0,95780300,0,12877200,0,0,0,0,0,0,0,0,0,0,6708100,0,0,0,5227984000,0,0,0,0,0,0,0,0,0,0,0,0,0,0,0,0,0,0,0,0,0,0,0,0,0,0,0,0,0,0,0,0,0,0,0,0,0,0,0,0,0,0,71502400,0,0,14349240000,844136700,0,0,0,0,0,856083900,0,0,0,0,66400,0,0,0,0,0,0,0,0,39895800,0,0,0,0,0,0,0,16238600,3614017600,0,20349700,0,0,0,0,0,0,0,0,0,0,17662233600,0,0,0,0,0,0,0,732400800,0,32793300
"SLV",0,0,0,0,0,0,1470142100,0,0,0,0,0,0,0,0,0,0,0,0,0,0,0,0,0,0,0,0,0,0,0,0,0,0,0,0,0,22510600,0,0,0,0,0,0,97372800,0,0,0,0,0,0,0,0,0,0,0,0,0,0,0,0,0,0,0,0,0,0,83268400,0,0,0,8834634700,0,0,0,0,0,0,0,0,0,0,0,0,0,0,0,0,0,0,0,0,0,0,0,0,0,0,0,0,0,0,0,0,0,0,0,0,0,0,0,0,0,0,0,0,0,0,0,0,0,0,0,40096700,0,0,0,0,9800,0,0,0,0,0,0,0,0,0,0,0,0,0,0,0,0,0,0,0,0,0,0,0,0,0,0,0,0,0,0,0,0,0,0,0,0,0,0,0,0,0,0,0,0,0,0,0,0,0,0,4676858900,0,0,0,14700,0,0,0,0,0,0,0,0,0,0,0,0
"GNQ",0,0,0,0,0,0,0,0,0,0,0,0,0,0,0,0,0,0,0,0,0,0,0,0,0,0,0,0,0,0,0,0,0,0,0,0,0,0,0,0,0,0,0,0,0,0,0,0,0,0,0,0,0,0,0,0,0,0,0,0,0,0,0,0,0,0,0,0,0,0,0,0,0,0,0,0,0,0,0,0,0,0,0,0,0,0,0,0,0,0,0,0,0,0,0,0,0,0,0,0,0,0,0,0,0,0,0,0,0,0,0,0,0,0,0,0,0,0,0,0,0,0,0,0,0,0,0,0,0,0,0,0,0,0,0,0,0,0,0,0,0,0,0,0,0,0,0,0,0,0,0,0,0,0,0,0,0,0,0,0,0,0,0,0,0,0,0,0,0,0,0,0,0,0,0,0,0,0,0,0,0,0,0,0,0,0,0,0,0,0,0,0,0,0,0
"EST",0,0,0,0,98000,0,27949600,13166300,0,558457900,0,0,0,0,0,9408000,945700,0,0,0,0,246250800,0,0,1195600,16086700,0,0,0,0,0,218687000,0,0,0,0,0,0,0,0,0,5933510200,0,0,50352400,0,0,0,0,0,0,0,6905630400,224630700,0,33947200,7083100,2288300,0,4950707300,0,34300,0,49000,0,0,0,0,0,0,0,10407600,5786900,597800,395003700,7619500,0,206186110000,0,0,4738300,66267600,0,0,0,5042100,0,0,0,0,0,17684100,0,46076392600,0,0,0,0,0,23154298800,5659500,18718000,0,4900,0,0,421400,0,72157400,6992300,0,24500,0,0,0,0,95714472400,0,0,0,0,2508800,0,0,0,6960360800,0,0,235727500,0,0,0,0,2741067400,0,0,0,0,0,0,0,0,268285900,0,0,0,0,1461351385600,0,15131200,1519000,18061400,0,0,0,656600,10535586600,0,0,0,4378957100,12431300,0,0,0,0,0,0,0,0,0,9.13e+10,0,20741700,0,0,65928700,29248100,265217400,0,0,0,0,0,0,0,0,0,14087500,249900,4900,0,0,0,0
"FRO",0,0,0,0,0,0,0,0,0,0,0,0,0,0,0,0,0,0,0,0,0,0,0,0,0,0,0,0,0,0,0,0,0,0,0,0,0,0,0,0,0,39062800,0,0,0,0,0,0,0,0,0,0,0,0,0,0,0,0,0,0,0,0,0,0,0,0,0,0,0,0,0,0,0,0,67639600,0,0,0,0,0,0,0,0,0,0,0,0,0,0,0,0,0,0,0,0,0,0,0,0,0,0,0,0,0,0,0,0,0,0,0,0,0,0,0,0,0,0,0,0,0,0,7776300,0,0,0,0,0,0,0,0,0,0,0,0,0,0,0,0,0,0,0,0,0,0,0,0,0,0,0,0,0,0,0,0,0,0,0,0,0,0,0,730100,0,0,0,0,0,0,0,0,0,0,0,0,0,0,0,0,0,0,0,0,0,0,0,0,0,0,0,0,0,0,0,0,0
"FJI",0,0,0,0,0,132300,10098900,0,0,0,0,0,0,0,0,0,0,0,0,0,0,0,0,0,0,0,0,0,0,0,0,70050400,0,0,0,16973600,0,0,0,0,0,0,0,0,0,0,0,0,0,0,0,0,0,0,13803300,0,0,0,0,0,0,0,28380800,0,0,0,0,0,0,0,0,2053100,0,0,0,0,0,0,0,0,0,0,0,0,0,245000,0,0,0,0,0,0,0,0,0,0,0,0,0,0,0,0,0,0,0,0,0,0,0,1484700,0,0,0,0,0,0,0,0,0,0,9545200,20491800,0,0,0,0,0,0,0,1465100,0,0,0,0,0,0,0,0,0,0,0,0,0,0,0,0,0,0,0,0,0,0,0,1881600,0,0,156800,0,0,0,0,0,0,0,0,0,0,0,4988200,0,0,0,0,0,0,700700,19600,0,2141300,0,0,0,0,0,0,0,0,0,0,0,0,0,0,0,0
"FIN",8808000,421400,0,1.98702e+11,0,0,88349400,38491100,0,0,0,0,0,0,0,0,105400,0,0,0,0,22260700,0,0,0,39575900,0,0,0,0,99600,45739500,4900,0,0,0,3922880000,0,176160000,61989000,0,14739376300,0,0,120700000,0,0,0,0,57627635900,0,0,0,2264275800,0,0,0,0,6860000,97983294100,0,0,0,150161900,0,0,0,0,0,0,0,1095100,75969000,19600,1376155500,2479400,0,0,0,7349033600,66069800,1090193900,0,114357200,0,34565803700,0,24500,9800,617400,0,11455369100,0,3758205600,0,257560600,0,0,0,65744869000,0,0,0,144096700,0,0,0,0,0,0,0,174222179200,0,0,0,0,70761893300,0,0,0,0,664000,36700,0,0,19614886300,0,0,114724200,0,0,0,0,4151562200,2094432700,0,0,0,0,0,42463800,0,229448375300,0,0,0,0,0,0,19462800,0,45385800,22533800,2832200,1162000,6860000,104780415600,0,0,0,121407857900,55580400,0,0,99156400,0,9131100,0,0,0,0,88751236000,177376000,39200,0,0,78900243900,682422900,1460914900,0,0,0,9800,854916600,2.988e+10,0,0,0,13586974900,105400,13720000,0,0,0,0
"FRA",558600,0,59002500,1535415675300,2023400,518507200,2893906200,833236500,10419552000,1342377200,0,74592700,0,0,0,3315864000,148356085000,0,0,0,0,3435621000,34300,3753600000,499496899800,13507870700,7267264000,32048775200,0,13310441100,1294787200,2662106261400,82431980600,36960700,2539523500,0,1389608100,44682587600,116920380100,328300,17689224900,3840194700,1749840000,18538467500,138266000,13296944800,9023773600,0,3926736700,352649900,0,0,501149000,0,14544356300,335307000,283100,54380924200,563040000,2508520221600,5071500,32048652400,0,60699371400,0,0,11040552000,7174984500,10726100,41771092800,130937800,5413516400,6386453900,105881300,156844100,248103114800,36287462100,219810170700,127400,56257192100,276469166400,1836943066100,81155799600,132834300,30509248000,527086986000,1499554594400,0,13099747000,29399463600,0,30705292700,0,624616600,207593400,2563212900,0,8869000,398967852800,4113210900,622300,49227315000,0,15094520700,0,3196965800,65056166100,18077400,29231200,128707361700,0,3085731437300,61129436800,0,10918633600,653098800,6351369197100,0,4248295900,0,1720400,196854500,9354100,2257071300,332607206100,1451421600,0,53777680800,674743500,245000,0,37742091600,6704884600,2870646700,523341591100,0,0,555680000,264761454200,0,4449971800,5623776000,10636799400,0,8314071400,9108515200,2964500,5327495682400,7724105100,49068600,1878235700,47921600,324993100,38895072300,0,271112664500,2438892152200,10518571200,0,0,1502520000,366598814300,0,0,1448968500,15228502400,60600001200,31197864100,0,4900,378945300,1754440635000,85132135800,443112800,0,0,104366081600,1325266900,26107279800,19054921400,73393574800,0,84280349100,645242246300,92834452800,0,70329522900,5505280000,11031485660200,132455450300,4183625100,69600,965300,0,0
"PYF",0,0,0,0,0,0,0,0,0,0,0,0,0,0,0,0,0,0,0,0,0,0,0,0,0,0,0,0,0,0,3753400,10260600,0,0,0,44100,0,0,0,0,0,0,0,0,0,0,0,0,0,0,0,0,0,6879600,0,0,0,0,0,9800,0,0,0,0,0,0,0,0,0,0,0,0,0,0,0,0,0,0,0,0,0,0,0,0,0,61367600,0,0,0,0,0,0,0,0,0,0,0,0,0,0,0,0,0,0,0,0,0,0,0,0,0,0,0,0,0,0,0,0,0,0,0,0,0,0,0,0,0,0,0,0,0,0,0,0,0,0,0,0,0,0,0,0,0,0,0,0,0,0,0,0,0,0,0,220500,0,0,0,0,0,0,0,0,0,0,0,0,0,0,0,0,0,0,0,0,0,0,0,0,81462500,0,0,0,0,0,0,0,0,0,0,0,0,0,0,0,0
"DJI",0,0,0,0,0,0,31776500,0,0,0,0,0,0,0,0,0,0,0,0,0,0,0,0,0,0,0,0,0,0,0,0,0,0,0,0,0,0,0,0,0,0,0,0,0,0,0,0,0,0,0,0,0,0,9226200,0,0,0,0,0,0,0,0,0,0,0,0,0,0,0,0,0,0,0,0,0,0,0,0,0,0,0,0,0,0,0,0,0,0,0,0,0,0,0,0,0,0,0,0,0,0,0,0,0,0,0,0,0,0,0,0,0,0,0,0,0,0,0,0,0,0,0,0,0,0,0,0,0,0,0,0,0,0,0,0,0,0,0,0,0,0,0,0,0,0,0,0,0,0,0,0,0,0,0,0,0,0,0,0,0,0,0,0,0,0,0,0,0,0,0,0,0,0,0,0,0,0,0,0,0,0,0,0,0,0,0,0,0,0,0,0,0,0,0,0,0
"GEO",491832700,0,7011900,0,0,0,114346400,0,0,0,0,0,0,0,0,0,0,0,0,0,0,0,0,0,0,0,0,0,0,0,0,132780200,0,0,0,0,0,0,48603100,653790800,0,0,0,0,0,0,0,0,0,6845300,0,0,0,0,0,0,0,0,0,14543200,0,0,0,32266500,0,0,0,0,0,0,0,99033900,0,0,0,0,0,0,40478900,0,121975700,0,0,0,0,0,0,18125100,0,0,0,0,0,147000,0,0,0,0,0,12666500,0,0,0,0,0,0,12024600,0,0,0,0,0,0,0,0,0,6615000,0,0,0,0,0,0,0,0,0,0,84069300,49000,0,0,0,0,49955500,0,0,0,0,0,0,0,0,519992900,0,0,0,0,0,0,0,0,0,0,21040600,0,0,0,0,0,0,0,0,0,0,24338300,0,0,0,0,0,0,0,333992000,28052500,0,0,41233500,916084400,31487400,0,0,0,0,0,0,0,0,0,0,0,0,0,0,0,0
"GAB",0,0,0,0,0,0,0,0,0,0,0,0,0,0,0,0,0,0,0,0,0,0,0,0,0,0,0,0,0,0,0,0,0,0,377300,0,0,0,0,0,0,0,0,0,0,0,0,0,0,0,0,0,0,34300,0,0,0,0,0,0,0,0,0,0,0,0,0,0,0,0,0,0,0,0,0,0,0,0,0,0,0,0,0,0,0,0,0,0,0,0,0,0,0,0,0,0,0,0,0,0,0,0,0,0,0,0,0,0,0,0,0,0,0,0,0,0,4900,0,0,0,0,0,0,0,0,0,0,0,0,0,0,0,0,0,0,0,0,0,0,0,0,0,0,0,0,0,0,0,0,0,0,0,0,0,0,0,0,0,0,0,0,39200,0,0,0,0,0,0,0,0,0,0,0,0,0,0,0,0,0,0,0,0,0,0,0,0,4900,0,588731300,0,0,0,0,0,0
"GMB",0,0,0,0,0,0,0,0,0,0,0,0,0,0,0,0,0,0,0,0,0,0,0,0,0,0,0,0,0,0,0,0,0,0,0,0,0,0,0,0,0,0,0,0,0,0,0,0,0,0,0,0,0,0,0,0,0,0,0,0,0,0,0,0,0,0,0,0,0,0,0,0,0,0,0,0,0,0,0,0,0,0,0,0,0,0,0,0,0,0,0,0,0,0,0,0,0,0,0,0,0,0,0,0,0,0,0,0,0,0,0,0,0,0,0,0,0,0,0,0,0,0,0,0,0,0,0,0,0,0,0,0,0,0,0,0,0,0,0,0,0,0,0,0,0,0,0,0,31560900,0,0,0,0,0,0,0,0,0,0,0,0,0,0,0,0,0,0,0,0,0,0,0,0,0,0,0,0,0,0,0,0,0,0,0,0,0,0,0,0,0,0,0,0,0,0
"DEU",320385800,202443500,3228353100,208782808900,387100,12114787700,44058909600,322750377200,4368934200,3172575700,45922800,432209400,0,0,886805400,186200,70322686200,0,0,0,0,6314260600,2594057400,1528800,329517400,83892314100,1901200,331455600,32105555100,55492500,22951662600,241620399300,12544245400,55752200,2949197600,0,43704674600,42428555100,1861194000,27934331500,1298678400,153990294100,0,1602851300,3827227000,2421125600,428759900,715725900,6939017400,3250433800,25336500,0,18448123900,331982868500,3973689300,7188300,13334802600,565327700,34918600,0,1031061300,3781869200,0,34703919300,0,0,11585871600,1151613100,5244905300,0,121590600,4478356500,10049170700,10870736200,685018800,6667439400,17376350300,1383269230600,1484943300,26085774100,37096092500,1157587403800,4275529300,3662945300,32398399400,374161895900,190470057700,634330500,1265641200,70244199900,34146500,124777764900,101399000,6987853000,41361253600,5311933700,0,641944100,214952400,20904019300,8932700,0,0,70124713700,48076900,166301100,4435280300,5661700,342428600,55419250500,1840515900,13611284400,1885008100,935945800,108618507200,8342216200,6102339722900,0,0,677485400,0,8302087400,57573584100,115047100,23894155100,18589825800,9523100,16076231900,26665748200,4898153600,1184369900,3437310400,29616268800,233844493100,76697307300,0,0,0,116816000,0,25561815800,7519477100,144846800800,1690500,646800,548800,0,8333008210000,3998470200,4330894100,2932782300,7971541600,11448049300,20440956900,0,23167595000,353401978000,310732800,88883100,106131200,33672752400,451958109000,36500100,1597320500,12949267100,16720356100,220869581700,2932414800,0,5929646100,2677109500,141176600,84348442200,7837352800,76523300,0,125442998700,26187546900,565765484400,15893239500,1252618400,33596132100,1139853800,362574953600,104361567700,0,6294959100,842800,792188311000,17545376900,2891498100,470122100,14135100,0,15560800
"BIH",0,0,0,0,0,0,32604600,9579500,0,0,0,0,0,0,0,0,0,0,0,0,0,0,0,0,0,0,0,0,0,0,0,186200,0,0,0,0,0,0,0,0,0,436100,0,0,0,0,0,0,0,0,0,0,0,0,0,0,0,0,0,837900,0,0,0,0,0,0,0,0,0,0,0,0,0,838054900,0,48549200,0,0,0,0,0,140723100,0,0,0,0,0,0,0,0,0,0,0,0,0,0,0,0,0,0,0,0,0,0,0,0,128389800,0,0,0,0,0,0,0,0,0,73500,0,0,29615600,0,0,0,0,0,0,0,0,0,0,0,0,0,3434900,0,0,0,0,0,0,0,0,0,0,0,0,0,0,0,0,0,39425400,436100,0,0,0,0,0,0,0,14116900,147000,0,0,0,0,0,0,0,0,0,0,381800000,0,0,0,0,0,7962500,0,0,0,0,0,0,0,0,0,0,0,1019621200,8893500,0,0,0
"GHA",0,0,0,0,0,0,2126600,0,0,0,0,0,0,0,0,0,0,0,0,0,0,0,0,0,0,3670100,0,0,0,0,0,0,0,0,0,0,0,0,0,0,0,0,0,0,0,0,0,0,0,0,0,0,0,8615689600,0,0,0,0,0,5066600,0,0,0,0,0,0,0,0,0,0,0,0,0,0,0,0,0,0,0,0,0,1131900,205426500,0,0,2058000,0,0,0,0,0,0,0,0,0,0,0,0,0,0,0,0,0,0,0,0,0,0,0,0,0,49123774000,0,0,0,0,49117600,0,0,0,0,0,0,0,0,0,0,0,0,0,0,0,0,0,0,0,0,0,73600,0,0,0,0,0,0,0,0,0,0,0,0,0,0,0,0,0,39631200,0,0,0,0,480200,0,0,0,0,0,68198200,0,0,0,0,0,0,0,0,48872600,0,213360700,264809800,0,0,0,0,0,0,0,0,240100,0,0,0,0,0,0
"KIR",0,0,0,0,0,0,0,0,0,0,0,0,0,0,0,0,0,0,0,0,0,0,0,0,0,0,0,0,0,0,0,0,0,0,0,0,0,0,0,0,0,0,0,0,0,0,0,0,0,0,0,0,0,0,0,0,0,0,0,0,0,0,0,0,0,0,0,0,0,0,0,0,0,0,0,0,0,0,0,0,0,0,0,0,0,0,0,0,0,0,0,0,0,0,0,0,0,0,0,0,0,0,0,0,0,0,0,0,0,0,0,0,0,0,0,0,0,0,0,0,0,0,0,0,0,0,0,0,0,0,0,0,0,0,0,0,0,0,0,0,0,0,0,0,0,0,0,0,0,0,0,0,0,0,0,0,0,0,0,0,0,0,0,0,0,0,0,0,0,0,0,0,0,0,0,5434100,0,0,0,0,0,0,0,0,0,0,0,0,0,0,0,0,0,0,0
"GRC",0,0,15224038000,0,200900,0,603180200,179771100,19541200,7085400,14700,0,0,0,0,0,9800,0,1298500,0,0,7646508000,0,0,0,139346200,0,0,0,0,0,57619100,0,259700,0,19600,5821200,1764000,7848301100,14700,0,18328400,0,0,0,0,0,0,0,3317700,0,0,70138600,162606500,0,0,4900,0,0,819691400,29400,0,0,0,0,0,0,0,0,0,0,8241800,80600100,29400,0,0,0,0,144917500,19732300,953817800,5215969900,0,1104000,19634300,8565200,9800,0,0,0,0,2964500,0,2562700,0,20942600,0,14033600,0,0,0,0,0,0,0,0,889908600,0,0,0,0,6370000,0,53900,156800,0,324739800,0,0,1089993100,9800,2224600,0,0,0,50381800,0,63161000,30972900,0,0,0,0,29272600,10192000,0,0,0,0,0,618227500,0,1523900,0,0,0,0,0,0,0,0,365334700,402300,12019700,0,17145100,453367600,0,0,0,261020700,76479200,13411300,0,2567600,279300,0,49000,0,0,0,0,2696904600,19438300,0,0,782767900,14700,1542263500,0,11431700,0,0,0,0,0,0,0,54478700,4900,1027628000,19364800,0,0,53900
"GRL",0,0,0,0,0,0,0,0,0,0,0,0,0,0,0,0,0,0,0,0,0,0,0,0,0,0,0,0,0,0,0,0,0,0,0,0,0,0,0,0,0,0,0,0,0,0,0,0,0,0,0,0,0,0,0,0,0,0,0,0,0,0,0,0,0,0,0,0,0,0,0,0,0,0,0,0,0,0,0,0,0,0,0,0,0,0,0,0,0,0,0,0,0,0,0,0,0,0,0,0,0,0,0,0,0,0,0,0,0,0,0,0,0,0,0,0,0,0,0,0,0,0,0,0,0,0,0,0,0,0,0,0,0,0,0,0,0,0,0,0,0,0,0,0,0,0,0,0,0,0,0,0,0,0,0,0,0,0,0,0,0,0,0,0,0,0,0,0,0,0,0,0,0,0,0,0,0,0,0,0,0,0,0,0,0,0,0,0,0,0,0,0,0,0,0
"GRD",0,0,0,0,0,0,0,0,0,0,0,0,0,0,0,0,0,0,0,0,0,0,0,0,0,0,0,0,0,0,0,0,0,0,0,0,0,0,0,0,0,0,0,0,0,0,0,0,0,0,0,0,0,0,0,0,0,0,0,0,0,0,0,0,0,0,0,0,0,0,0,0,0,0,0,0,0,0,0,0,0,0,0,0,0,0,0,0,0,0,0,0,0,0,0,0,0,0,0,0,0,0,0,0,0,0,0,0,0,0,0,0,0,0,0,0,0,0,0,0,0,0,0,0,0,0,0,0,0,0,0,0,0,0,0,0,0,0,0,0,0,0,0,0,70349300,507007900,0,0,0,0,0,0,0,0,0,0,0,0,0,0,0,0,0,0,0,0,0,0,0,38489500,0,0,0,0,0,0,0,0,12181400,0,0,0,0,0,0,0,0,0,0,0,0,0,0,0,0
"GTM",0,0,0,0,9898000,0,30056600,0,0,0,0,0,0,0,0,0,0,0,348100900,0,0,0,0,0,0,0,0,0,0,0,0,0,0,0,0,0,135440500,26671292900,0,0,0,0,0,168168000,0,0,0,9020301400,0,0,0,0,0,896400,0,0,0,0,0,205800,0,0,0,0,0,0,0,0,0,0,2120303500,0,0,0,0,0,0,0,0,0,0,0,0,0,0,0,0,0,0,0,0,0,0,0,0,0,0,0,0,0,0,0,0,0,0,0,0,0,0,245000,0,0,0,0,0,0,0,0,0,0,0,0,2805112800,0,0,0,0,49813400,0,0,0,0,0,0,0,0,0,0,0,0,0,0,0,0,0,0,0,0,0,0,0,0,0,0,0,0,0,0,0,0,0,0,0,0,0,0,0,0,0,0,0,0,0,0,0,0,0,0,3907424700,0,0,0,0,0,0,0,0,0,0,0,0,0,0,0,0
"GIN",0,0,0,0,0,0,0,0,0,0,0,0,0,0,0,0,0,0,0,0,0,0,0,0,0,0,0,0,0,0,0,0,0,0,0,0,0,0,0,0,0,0,0,0,0,0,0,0,0,0,0,0,0,0,0,0,0,0,0,0,0,0,0,0,0,0,0,0,0,0,0,0,0,0,0,0,0,0,0,0,0,0,0,0,0,0,0,0,0,0,0,0,0,0,0,0,0,0,0,0,0,0,0,0,0,0,0,0,0,0,0,0,0,0,0,0,0,0,0,0,0,0,0,0,0,0,0,0,0,0,0,0,0,0,0,0,0,0,0,0,0,0,0,0,0,0,0,0,0,0,0,0,0,0,0,49000,0,0,0,0,0,0,0,0,0,0,0,0,0,0,0,0,0,0,0,0,0,0,0,0,0,0,0,0,0,0,0,0,0,0,0,0,0,0,0
"GUY",0,0,0,0,57428000,4900,0,0,0,0,0,0,0,0,0,0,0,0,0,0,0,0,0,0,0,0,0,0,0,0,0,0,0,0,0,0,0,0,0,0,0,0,0,0,0,0,0,0,0,0,0,0,0,0,0,0,0,0,0,0,0,0,0,0,0,0,0,0,0,0,0,0,0,0,0,0,0,0,0,0,0,0,0,0,0,0,0,0,0,0,0,0,0,0,0,0,0,0,0,0,0,0,0,0,0,0,0,0,0,0,0,0,0,0,0,0,4655000,0,0,0,0,0,0,0,0,0,0,0,0,0,0,0,0,0,0,0,0,0,0,0,0,0,0,19261900,0,0,0,0,0,0,0,0,0,0,0,0,0,2450000,0,0,0,0,0,0,0,0,0,0,0,14210000,0,0,0,0,0,0,2082500,0,198200,0,0,0,0,0,0,0,0,0,4900,0,0,0,0,0,0
"HTI",0,0,0,0,0,0,0,0,0,0,0,0,0,0,0,0,0,0,0,0,0,0,0,0,0,0,0,0,0,0,0,0,0,0,0,0,0,0,0,0,0,0,0,0,0,0,0,0,0,0,0,0,0,0,0,0,0,0,0,0,0,0,0,0,0,0,0,0,0,0,0,0,0,0,0,0,0,0,0,0,0,0,0,0,0,0,0,0,0,0,0,0,0,0,0,0,0,0,0,0,0,0,0,0,0,0,0,0,0,0,0,0,0,0,0,0,0,0,0,0,0,0,0,0,0,0,0,0,0,0,0,0,0,0,0,0,0,0,0,0,0,0,0,0,0,0,0,0,0,0,0,0,0,0,0,0,0,0,0,0,0,0,0,0,0,0,0,0,0,0,0,0,0,0,0,0,0,0,0,0,0,0,0,0,0,0,0,0,0,0,0,0,0,0,0
"HND",0,0,0,0,0,0,0,0,0,0,0,0,0,0,0,0,0,0,0,0,0,0,0,0,0,0,0,0,0,0,0,0,0,0,0,0,0,0,0,0,0,0,0,0,0,0,0,728880200,0,0,0,0,0,0,0,0,0,0,0,1352400,0,0,0,0,0,0,0,0,0,0,0,0,0,0,0,0,0,0,0,0,0,0,0,0,0,0,0,0,0,0,0,0,0,0,0,0,0,0,0,0,0,0,0,0,0,0,0,0,0,0,0,0,0,0,0,0,0,0,0,0,0,0,0,0,0,0,0,0,0,0,0,0,0,0,0,0,0,0,0,0,0,0,0,0,0,0,0,0,0,0,0,0,0,0,0,0,823200,0,0,0,0,0,0,0,0,0,0,0,0,0,0,0,0,0,0,0,0,0,719457200,0,0,0,0,0,0,0,0,0,0,0,0,0,0,0,0
"HKG",0,0,0,0,0,0,557170900,0,0,503558300,0,0,0,0,0,0,0,0,0,105242200,0,0,0,0,0,42605500,0,0,58991100,0,0,7548582400,0,9055200,0,0,0,0,0,0,0,132300,0,0,0,0,0,0,0,46084500,0,0,0,12009900,0,745535000,0,0,0,28655200,0,0,35128100,0,0,0,0,0,0,0,0,0,0,0,0,0,26969600,45276000,45276000,2525800,26313000,588975100,0,0,0,299527200,0,0,814683800,29400000,0,4518231200,0,37254700,0,4027800,0,9055200,0,14788200,6008096800,0,0,707834400,30698500,0,0,0,0,0,0,0,0,0,0,0,16473800,0,0,0,0,4713800,0,0,0,0,0,11083800,0,8535800,0,0,102885300,0,0,0,0,0,3063122300,0,0,0,0,0,0,0,0,0,0,0,0,0,0,1607562600,0,268916900,3503500,0,0,0,4713800,0,0,0,2090006800,0,156574600,0,0,0,187591600,0,0,2176016500,0,109603200,32359000,36220800,704467500,0,0,0,0,2997939100,0,0,0,0,8820000,0,0,0,0,0,0
"HUN",12659200,0,7360000,0,0,0,14714700,712821900400,0,0,0,0,0,0,0,0,0,0,0,0,0,12526299600,0,1185572000,0,2905700,0,0,0,0,0,1176739900,0,0,0,0,0,0,14290541600,1644592000,0,1229900,0,0,0,0,0,0,0,0,0,0,0,256943800,0,0,36098488000,0,0,75275435100,126844644200,0,0,10672106800,0,0,0,0,0,0,0,0,0,79579541500,0,0,293600,0,0,0,0,1775159687500,0,0,0,0,0,0,0,0,0,4900,0,0,0,0,0,0,0,173000,0,0,0,0,0,0,0,0,0,1764000,0,0,0,58880000,0,0,199128239500,0,0,2087601400,0,0,0,0,0,2760000,0,0,72168320400,0,0,0,0,56078942700,0,0,0,0,0,0,2028115659400,0,66517600,0,0,0,0,66400,0,0,0,109940335200,122663285100,0,0,0,133138526800,0,0,0,0,42785542500,0,0,0,0,0,0,0,0,0,0,5776800,0,0,0,2245400,731211800,11718900,0,0,0,0,0,0,0,0,0,89856670300,0,11189415300,189705600,0,0,0
"HRV",0,0,33769041600,0,0,0,3271891700,8462467000,0,0,0,0,0,0,0,0,0,0,0,0,0,7347812500,0,125120000,0,165718700,0,0,0,0,0,31850000,0,0,0,0,0,0,0,0,0,2920400,0,0,0,0,0,0,0,0,0,0,0,0,0,0,14741417600,0,0,1862508700,150369871100,0,0,8970994600,0,0,0,0,0,0,0,396900,10363820200,0,0,0,0,0,0,8118800,4900,153254163800,0,0,0,3361400,0,0,0,0,0,0,0,0,0,1196736000,0,7104240000,0,0,0,0,0,0,0,0,10329250400,0,0,2548000,0,1992000,0,9296000,0,0,256900,0,0,12963113200,0,0,0,0,0,1700300,0,0,0,0,0,0,0,40443700,0,0,0,0,0,0,7375393600,0,107800,0,0,0,0,0,0,0,0,50432436200,519811600,0,0,0,0,0,0,0,908793200,192168200,0,0,0,0,0,0,0,0,0,0,28027216800,0,0,0,1136800,39840000,361853500,0,0,0,27634628800,1575040000,0,0,0,0,37280177600,450800,37203454000,27953649700,0,0,0
"ISL",0,0,0,0,0,0,5218500,0,0,0,0,0,0,0,0,0,0,0,0,0,0,0,0,0,0,104384700,0,0,0,0,0,37406600,0,0,0,0,0,0,0,0,0,213292100,0,0,0,0,0,0,0,2944900,20846800,0,8197700,30566200,0,0,0,0,5865300,744800,0,0,0,0,0,0,0,0,0,0,0,0,0,0,0,0,0,0,0,5909400,0,0,0,0,0,181300,0,0,0,0,0,0,0,0,0,0,0,0,0,0,0,0,0,0,0,0,0,0,0,0,0,0,0,0,0,0,16130800,0,0,0,0,0,0,0,0,41463800,0,0,0,0,0,0,0,0,0,0,0,0,0,0,0,0,0,0,0,0,0,0,0,0,0,0,0,0,0,0,39200,0,0,0,11916800,4645200,0,0,0,0,0,0,0,0,0,0,49000,0,0,0,289374400,0,1490271300,0,0,0,0,0,0,0,0,0,0,156800,0,0,0,0,0
"IND",0,0,0,0,0,0,293606900,0,0,3673553100,0,63843600,0,19976091800,0,33200,0,0,0,0,0,0,0,0,0,80936200,0,0,105848000,0,0,629317600,0,0,1509200,0,0,0,0,0,0,0,0,0,0,0,29440000,0,0,0,0,0,0,41959800,0,0,0,0,0,5511000,0,0,0,0,0,0,0,1470000,0,0,0,97983600,0,0,0,0,0,0,0,0,0,857500,2352000,0,9960000,204888600,8.3e+07,0,9932500,0,0,35520100,213532200,0,0,14720000,0,5216200,132800000,0,0,0,0,9094414000,25976800,0,0,0,33131900,0,0,0,283600,0,0,66494345100,22644100,0,0,0,0,244582800,0,490000,785600,2273199000,316960000,0,0,0,0,0,9586000,0,166000,0,0,0,815780400,0,0,73600,0,0,0,0,0,1868711000,0,145608200,0,0,0,13057277200,0,9217600,8790600,664000,0,0,0,5753300,0,0,6727700,0,15495952800,0,0,534800,2598644600,0,0,20958522700,0,0,316943600,0,2287374700,0,0,0,0,337418400,0,0,0,2872400,99422100,0,0,0,0,0,0
"IDN",0,0,0,0,0,0,475172600,0,0,0,0,0,0,0,0,0,0,0,0,0,0,0,0,0,0,0,0,0,0,0,0,26504100,0,0,0,0,0,0,0,0,0,0,0,0,0,0,0,0,0,0,0,0,0,0,0,0,0,0,0,0,0,0,0,0,0,0,0,0,0,0,0,965300,0,0,0,0,0,0,0,1376900,0,0,0,0,0,172083100,0,0,0,796558700,0,0,0,0,0,0,0,14121800,0,0,0,0,0,1870878800,0,0,0,0,0,0,0,0,11113200,0,0,0,187821900,0,0,0,0,35485800,0,0,0,0,0,0,0,1568000,0,0,75033700,0,0,0,3191085800,0,0,0,0,0,0,0,0,0,0,0,0,4782400,0,0,0,586819100,0,0,0,0,0,0,0,0,0,0,171637200,0,2041393900,0,0,0,0,0,0,97441400,0,0,78189300,0,0,0,0,0,0,0,0,0,0,0,0,0,0,0,0,0,0
"IRN",0,5278800,0,0,0,0,0,0,0,0,0,0,0,0,0,0,0,0,0,0,0,0,0,0,0,0,0,0,0,0,0,0,0,0,0,0,0,0,0,0,0,0,0,0,0,0,0,0,0,0,0,0,0,0,0,0,5478000,0,0,0,0,0,0,0,0,0,0,0,0,0,0,0,0,0,0,0,0,0,16035600,0,0,0,0,0,0,0,0,0,0,0,0,0,0,0,0,0,0,0,0,0,0,0,0,0,0,0,0,0,0,0,0,0,0,0,0,0,0,0,0,0,0,0,0,0,0,0,0,0,0,0,0,0,0,0,0,0,0,0,0,0,0,0,0,0,0,0,0,0,0,0,0,0,0,0,0,0,0,0,0,0,2191200,0,0,0,0,0,0,0,0,0,0,0,0,0,0,0,0,0,0,0,0,0,0,0,0,0,0,0,0,0,0,0,0,0,0
"IRQ",0,0,0,0,0,0,0,0,0,0,0,0,0,0,0,0,0,0,0,0,0,0,0,0,0,0,0,0,0,0,0,0,0,0,0,0,0,0,0,0,0,0,0,0,0,0,0,0,0,0,0,0,0,0,0,0,0,0,0,0,0,0,0,0,0,0,0,0,0,0,0,0,0,0,0,0,0,0,0,0,0,0,0,0,0,0,0,0,0,0,0,0,0,0,0,0,0,0,0,0,0,0,0,0,0,0,0,0,0,0,0,0,0,0,0,0,0,0,0,0,0,0,0,0,0,0,0,0,0,0,0,0,0,0,0,0,0,0,0,0,0,0,0,0,0,0,0,0,0,0,0,0,0,0,0,0,0,0,0,0,0,0,0,0,0,0,0,0,0,0,0,0,0,0,0,0,0,0,0,0,0,0,0,0,0,0,0,0,0,0,0,0,0,0,0
"IRL",0,0,0,0,0,0,652751500,1632885800,4900,35760200,4900,40370000,0,0,0,0,241832900,0,4900,0,0,86808400,0,0,53900,7701129100,0,0,0,14700,0,579572000,0,0,9800,0,0,0,1141254100,0,4900,451054900,4900,78400,164791900,0,0,0,4900,945700,0,0,276026800,15824290700,0,0,28557200,14700,4900,12215107100,9800,14700,0,231255500,0,4900,0,4900,5083300,4900,0,391015100,15170400,107114000,102900,110052000,57227100,0,0,0,959895700,4891505500,19600,19668600,230300,1711618200,0,0,9800,4900,0,1672365100,0,176400,0,0,0,4900,0,28643800,0,0,0,7149100,0,4900,132157900,0,4900,6502300,0,0,0,0,0,0,4237548700,0,0,2146200,0,44100,0,0,9800,345156000,0,14700,128669100,0,0,0,1955100,253837900,688239300,0,0,0,102978400,0,213840900,0,4414272800,4900,4900,4900,0,0,0,4900,4900,83525400,0,770407400,0,312468000,13828300200,0,0,0,743427300,1302478800,0,0,6644400,14700,346155600,4900,0,338100,0,0,268196600,624343300,4900,0,803858744500,185563500,53697506600,9800,0,0,0,108397800,9800,0,4900,0,5477048500,159514600,12661600,0,0,0,0
"ISR",0,0,0,0,0,0,2062900,1303400,0,0,0,0,0,0,0,0,0,0,0,0,0,0,0,0,0,28400400,0,0,0,0,4414900,0,0,0,0,0,0,0,127919400,0,0,3851400,0,0,0,0,0,0,0,0,0,0,0,58991100,0,0,0,0,0,6619900,0,0,0,0,0,0,0,0,0,0,0,142100,0,0,294000,0,0,0,0,0,0,21251300,0,0,0,11039700,23110818800,0,0,0,0,0,0,3724000,0,0,0,0,0,0,0,0,0,0,0,0,0,0,0,313600,0,0,0,0,0,0,632100,0,0,0,0,0,0,0,0,0,0,0,0,0,0,0,0,0,0,0,0,0,0,0,0,0,4248300,0,0,0,0,0,0,0,0,323400,0,0,0,744800,0,0,0,0,0,1014300,0,0,0,0,298900,0,0,0,0,0,0,0,0,0,19521600,0,290533800,0,0,0,0,0,0,0,0,0,2288300,0,0,0,0,0,0
"ITA",0,0,4644408900,530955200,931000,0,12473133600,8426367700,0,4620700,0,0,0,0,5120500,0,79840600,0,0,0,0,6174803000,0,0,0,3736815100,41372000,0,987046500,0,25627000,4389513100,396086600,0,783840000,0,78689100,0,421936300,1146600,0,16673405700,0,18296600,0,0,0,5218500,31021900,45237000,0,0,60067100,34929261400,0,0,0,17929100,21540400,34068602200,52788000,294419100,0,2126934500,0,0,8824900,0,0,0,183603100,887252900,3091884700,1667343500,102904900,357073600,691868400,863200,0,408174600,2235071500,0,279300,68344800,0,2832890000,3046100,0,49784000,421400,0,1343462400,187680000,860600,0,318456000,0,0,7874051900,4205400,0,0,0,3058888500,372400,10770200,2147174700,0,0,67379900,0,0,0,22059800,0,0,7649325800,0,3096800,0,0,842112500,279300,0,11132800,1429316200,968880000,34961500,4431243900,0,417641700,264526500,818008200,2525442000,3900593700,10770200,0,0,24774400,0,4640191400,0,787563200,0,0,0,0,9387400,5385100,0,0,8437998400,1787071400,471027200,0,294618500,30239380200,0,0,0,2734586200,3553173200,73400000,0,1578433400,955500,93521400,0,0,494900,1010143200,631406800,3160579600,2460848600,441000,0,135871212300,10731000,22587965800,5502700,45619000,0,10941700,2037166500,0,0,244119000,0,2355229100,52152300,156057300,13724900,0,0,0
"CIV",0,0,0,0,0,0,0,0,0,0,0,0,0,0,0,0,0,0,0,0,0,0,0,0,0,0,0,0,0,0,0,0,0,0,0,0,0,0,0,0,0,0,0,0,0,0,0,0,0,0,0,0,0,12431400,0,0,0,0,0,240100,0,0,0,0,0,0,0,42315100,0,0,0,0,0,0,0,0,0,0,0,0,0,0,0,0,0,0,0,0,0,0,0,0,0,0,0,0,0,1641500,0,0,0,0,0,0,0,0,0,0,0,0,0,0,0,0,0,0,0,0,0,0,0,0,0,0,0,0,0,0,0,0,0,0,0,0,0,0,0,0,0,0,0,0,0,0,0,0,0,0,0,0,1195200,0,0,0,0,0,0,0,0,0,0,365200,0,0,0,0,0,0,0,0,0,0,0,0,0,0,0,0,24956000,0,0,0,0,0,0,0,0,0,630800,0,0,0,0,0,0
"KAZ",0,105457708400,0,0,0,0,0,0,0,0,0,0,0,0,0,0,0,0,0,0,0,0,0,0,0,0,0,0,0,0,0,129477600,0,0,0,0,0,0,0,0,0,0,0,0,226158400,0,0,0,0,0,0,0,0,0,0,0,0,0,0,20371254400,0,0,0,0,0,0,0,0,0,0,0,0,0,0,0,0,0,4874567955200,0,14700,0,0,0,0,0,0,0,18173079800,0,0,0,0,0,0,0,0,0,0,0,0,0,0,0,0,0,0,0,0,0,0,0,0,0,0,0,0,212480000,0,0,0,0,0,0,0,0,0,0,0,219129800,0,0,0,0,0,0,0,0,0,0,0,0,0,333376119600,0,0,0,0,0,0,0,0,0,0,0,0,0,0,0,23273065500,0,0,0,0,1314800000,0,0,0,0,0,0,0,0,9301810000,0,0,0,5443472000,821744700,1.08232e+11,0,0,247347445500,0,0,0,0,0,0,0,0,0,0,0,0,0
"JAM",0,0,0,0,48813800,0,196842800,0,10892700,0,25541800,0,0,0,0,0,125293000,0,161597100,0,0,0,0,0,0,2252608400,0,0,0,0,0,0,0,0,0,0,0,0,0,0,0,3425100,23010400,5007800,0,0,0,0,0,0,0,0,69090000,9069900,0,0,0,0,0,896700,0,0,0,0,0,0,0,0,88660600,0,14543200,0,0,0,0,7105000,0,0,0,161700,0,0,0,0,0,41400100,0,0,0,0,0,9192400,0,0,0,0,0,0,0,0,0,0,0,0,0,0,0,0,0,7364700,0,0,0,0,0,0,359552200,0,0,0,0,0,0,0,14700,23833600,0,98073500,0,0,0,0,0,0,0,0,0,0,0,0,0,0,0,0,39739000,0,0,0,0,0,0,0,0,1754200,0,0,0,112920500,0,0,456307600,0,0,0,39200,0,0,0,0,55004700,0,0,0,735000,0,0,714648300,0,15823667700,0,0,0,0,0,0,0,0,0,16993200,0,0,0,0,0,0
"JPN",0,0,0,0,0,27606600,5294435300,0,0,0,0,0,0,0,0,0,10147900,0,0,0,0,0,0,0,0,757471400,1166200,0,6051500,0,774200,1026256600,0,0,0,0,0,0,0,0,0,25695600,0,455700,0,0,0,0,0,17444000,0,0,0,164708600,0,0,0,0,0,3297700,0,0,0,0,0,0,0,0,0,0,0,1734594300,0,0,0,2058000,0,0,0,6183800,9280600,23299500,0,0,0,0,0,0,0,53929400,0,65591145200,0,0,0,8673000,0,0,0,0,3544000,0,0,106898400,0,0,0,0,0,21285600,2601900,0,0,0,0,0,8472100,0,0,0,0,1128832600,0,0,0,0,0,9055200,5576200,0,0,0,12842900,0,5674200,0,0,0,0,0,372400,0,1275058400,0,0,0,0,0,0,0,0,0,0,2944890200,0,2337300,8922900,0,0,0,25024300,17282300,0,0,12725069700,0,54341400,0,0,0,0,0,0,8315300,445900,0,143231900,0,4677829100,0,0,0,0,37627100,0,0,0,0,0,891800,0,0,0,0,0
"JOR",0,0,0,0,0,0,0,0,0,0,0,0,0,0,0,0,0,0,0,0,0,0,0,0,0,0,0,0,0,0,0,0,0,0,0,0,0,0,0,0,0,0,0,0,0,0,0,0,0,0,0,0,0,0,0,0,0,0,0,0,0,0,0,0,0,0,0,0,0,0,0,0,0,0,0,0,0,0,654870300,0,242535300,0,0,0,0,0,0,0,0,0,0,0,0,0,0,0,0,0,0,0,0,0,0,0,0,0,0,0,0,0,0,0,0,0,0,0,0,0,0,0,0,0,0,0,0,0,0,0,0,0,0,0,0,0,0,0,0,0,0,0,9.96e+08,0,0,0,0,0,0,0,0,0,0,0,0,1920800,0,0,0,0,0,0,0,0,1013712000,0,0,0,0,0,0,0,0,0,1238646500,0,0,0,0,0,17502800,0,0,0,0,0,0,0,0,0,0,0,0,0,0,0,419885900
"KGZ",0,0,0,0,0,0,0,0,0,0,0,0,0,0,0,0,0,0,0,0,0,0,0,0,0,0,0,0,0,0,0,201554500,0,0,0,0,0,0,0,0,0,0,0,0,0,0,0,0,0,0,0,0,0,0,0,0,0,0,0,0,0,0,0,0,0,0,0,0,0,0,0,0,0,0,0,0,0,0,0,0,0,0,0,2392392000,0,0,0,0,0,0,0,0,0,0,0,0,0,0,0,0,0,0,0,0,0,0,0,0,0,0,0,0,0,0,0,0,0,0,0,0,0,0,0,0,0,0,0,0,0,0,0,0,0,0,0,0,0,0,0,0,0,0,491780000,0,0,0,0,0,0,0,0,0,0,0,0,0,0,0,4302200,0,0,0,0,0,0,0,0,0,0,0,0,0,0,0,0,0,0,0,0,0,0,33200,0,0,0,0,0,0,0,0,0,0,0,0,0
"KEN",0,0,0,0,0,0,9045400,0,0,0,0,0,0,0,0,0,0,0,0,0,0,0,0,790757100,0,68053000,0,0,0,0,0,9800,0,0,0,0,0,0,0,0,0,19600,0,0,0,0,0,0,0,0,0,0,0,0,0,36632400,0,0,0,254800,0,0,0,0,0,0,0,0,0,0,0,0,0,0,0,0,0,0,0,0,0,0,0,0,0,20883800,0,0,0,0,0,0,0,0,0,34300,0,0,0,0,0,0,0,0,0,0,0,0,0,0,0,0,0,0,0,0,1176000,0,0,0,0,0,0,0,0,0,0,39200,0,0,0,0,0,0,0,0,0,0,0,161700,0,2239423200,0,0,0,0,0,0,0,30086000,0,0,0,0,304118500,7056000,0,0,0,0,26842200,0,0,0,0,6722050000,0,0,0,0,0,0,0,578200,82356593900,0,399413000,0,236516400,0,0,0,0,0,0,0,908798100,294000,0,0,0,0,0,13421884000,0
"KHM",0,0,0,0,0,0,49205800,0,0,0,0,0,0,0,0,0,0,0,0,0,0,0,0,0,0,0,0,0,3265340400,0,0,7203000,0,0,0,0,0,0,0,0,0,0,0,0,0,0,0,0,0,0,0,0,0,53782400,0,0,0,0,0,191100,0,0,0,0,0,0,0,0,0,0,0,63004200,0,0,0,0,0,0,0,0,0,984900,0,0,0,49862400,0,0,0,0,0,19139400,0,0,0,0,0,0,0,0,0,0,0,589875100,29556800,0,0,0,0,0,0,0,0,0,0,0,7541100,0,0,0,0,8236900,0,0,0,0,0,0,0,0,0,0,0,0,0,0,7389200,0,0,0,0,0,0,0,0,0,0,0,0,0,0,0,0,736729700,0,0,0,0,0,0,0,0,0,0,0,0,444910200,0,0,0,0,0,0,0,0,0,22593900,0,17669400,0,0,0,0,36000300,0,0,0,0,0,0,0,0,0,0,0
"PRK",0,0,0,0,0,0,0,0,0,0,0,0,0,0,0,0,0,0,0,0,0,0,0,0,0,0,0,0,0,0,0,0,0,0,0,0,0,0,0,0,0,0,0,0,0,0,0,0,0,0,0,0,0,0,0,0,0,0,0,0,0,0,0,0,0,0,0,0,0,0,0,0,0,0,0,0,0,0,0,0,0,0,0,0,0,0,0,0,0,0,0,0,0,0,0,0,0,0,0,0,0,0,0,0,0,0,0,0,0,0,0,0,0,0,0,0,0,0,0,0,0,0,0,0,0,0,0,0,0,0,0,0,0,0,0,0,0,0,0,0,0,0,0,0,0,0,0,0,0,0,0,0,0,0,0,0,0,0,0,0,0,0,0,0,0,0,0,0,0,0,0,0,0,0,0,0,0,0,0,0,0,0,0,0,0,0,0,0,0,0,0,0,0,0,0
"KOR",0,0,0,236000,0,13156500,2989296100,13181000,0,132800,0,8775900,0,0,0,0,1969800,0,0,0,929600,1293600,0,0,0,91086200,215600,0,9319800,0,33104400,47378829300,0,0,0,0,0,0,0,0,0,0,0,474947200,0,0,332000,0,0,11245500,0,0,0,147318000,0,0,0,0,0,67416700,0,35970900,0,0,0,0,8628900,132300,0,0,0,54964466300,0,0,0,24460800,3025600,0,10315516700,2714600,26509000,18624900,588000,1104000,0,5679131800,0,0,39200,112899700,0,0,265600,12578300,23954300,0,0,0,0,0,1180900,0,0,1362244200,0,0,0,0,83300,9525600,1621336500,0,0,0,127400,0,83490900,0,0,0,0,167139500,0,0,0,0,0,5762400,0,0,27846700,3949400,208183500,12333300,0,0,0,0,0,0,23397500,0,1989968400,0,0,0,0,0,1298500,382200,0,0,0,6417334600,0,1514100,763600,0,0,0,7227500,1112300,0,0,3162043200,0,63894600,0,0,0,0,0,0,86702100,10241000,0,185374700,0,4910561600,0,14087500,0,0,487907800,0,0,0,0,5301800,0,0,0,0,0,0
"KWT",0,0,0,0,0,0,0,0,0,4452800,0,0,0,0,0,0,0,0,0,0,0,0,0,0,0,7178500,0,0,0,0,0,0,0,0,0,0,0,0,0,0,0,0,0,0,0,0,0,0,0,0,0,0,0,0,0,0,0,0,0,0,0,0,0,0,0,0,0,0,0,0,0,0,0,0,0,0,0,5073000,0,0,0,0,0,0,0,0,0,0,0,0,0,0,0,0,0,0,0,0,0,0,0,0,0,0,0,0,0,0,0,0,0,0,0,0,0,0,0,0,0,0,0,0,0,0,0,0,0,0,0,0,0,0,0,0,0,0,0,0,0,0,0,0,0,0,0,0,0,30286400,0,0,0,0,0,0,0,0,0,0,0,0,0,0,0,0,0,0,0,0,0,0,956800,0,0,11702400,0,0,0,0,0,0,0,0,0,0,0,0,0,0,0,0,0,0,0,0,0
"LVA",0,0,0,0,4900,0,300443500,58256100,0,0,0,0,0,0,0,0,0,0,0,0,0,0,0,0,0,185463900,0,0,0,0,0,1011663800,0,0,0,0,0,0,206167500,0,0,14128741900,0,0,733356100,0,0,0,0,24776764300,0,0,57179100,7070700,0,0,15498700,0,0,9546171500,0,20594700,0,26053000,0,0,0,0,0,0,0,57276100,0,0,3665200,0,0,0,0,12733362500,668712800,125013700,0,67595500,0,0,0,0,61387200,0,0,0,0,0,0,0,0,0,0,146644316400,0,0,0,0,0,0,31193400,0,0,0,0,0,0,970200,0,0,958371400,0,0,0,0,27778100,0,0,8937600,57342900,0,14831200,288595300,0,0,0,0,1370048600,34300,0,0,0,0,0,151576600,0,14763040500,24500,0,0,0,404552225600,0,0,0,69227200,0,303515800,0,46559800,470363900,0,0,0,1687773200,612500,0,20090000,65669800,0,0,0,0,0,42252700,22533836000,49000,883641500,0,0,23918111200,414623300,112718500,0,0,93634900,0,29610700,0,0,0,0,651700,0,0,0,0,0,0
"LAO",0,0,0,0,0,0,0,0,0,0,0,0,0,0,0,0,0,0,0,0,0,0,0,0,0,0,0,0,0,0,0,0,0,0,0,0,0,0,0,0,0,0,0,0,0,0,0,0,0,0,0,0,0,0,0,0,0,0,0,0,0,0,0,0,0,0,0,0,0,0,0,0,0,0,0,0,0,0,0,0,0,0,0,0,0,0,0,0,0,0,0,0,0,0,0,0,0,0,0,0,0,0,0,0,0,0,0,0,0,0,0,0,0,0,0,0,0,0,0,0,0,0,0,0,0,0,0,0,0,0,0,0,0,0,0,0,0,0,0,0,0,0,0,0,0,0,0,0,0,0,0,0,0,0,0,0,0,0,0,0,0,0,0,0,0,0,0,0,0,0,0,0,0,0,0,0,0,0,0,0,0,0,0,0,0,0,0,0,0,0,0,0,0,0,0
"LBN",4782400,0,0,0,0,0,58584400,0,0,35280000,0,0,0,0,0,0,19845000,0,0,0,0,0,0,0,284200,11652200,0,965300,0,0,0,0,0,0,1146600,0,0,0,1176000,0,906500,0,0,1087800,0,0,0,0,0,0,0,0,1332800,202864900,0,0,0,127400,137200,11911900,0,0,0,0,0,0,0,2370800,0,0,0,21907900,0,0,0,0,0,0,134647100,0,0,2102100,3474100,0,0,6536600,1332402200,0,0,0,0,0,0,0,0,0,0,5595800,0,0,0,0,0,0,0,240100,0,401800,0,0,0,0,220500,0,0,0,8633800,0,0,0,0,4606000,0,0,0,744800,0,2646000,0,0,372400,0,0,0,0,0,0,0,33909600,0,0,0,0,0,0,0,0,883200,235606700,0,857500,0,0,0,0,215600,8202600,0,0,0,40062400,12054000,1758904000,0,0,0,0,382200,0,0,0,0,211273300,233989700,0,0,126782600,0,542145800,0,0,0,622300,0,0,0,0,137200,11333700,0,0,0,0,0,0
"LSO",0,0,0,0,0,0,0,0,0,0,0,0,0,0,0,0,0,0,0,0,0,0,0,0,0,0,0,0,0,0,0,0,0,0,0,0,0,0,0,0,0,0,0,0,0,0,0,0,0,0,0,0,0,0,0,0,0,0,0,0,0,0,0,0,0,0,0,0,0,0,0,0,0,0,0,0,0,0,0,0,0,0,0,0,0,0,0,0,0,0,0,0,0,0,0,0,0,0,0,0,0,0,0,0,0,0,0,0,0,0,0,0,0,0,0,0,0,0,0,0,0,0,0,0,0,0,0,0,0,0,0,0,0,0,0,0,0,0,0,0,0,0,0,0,0,0,0,0,0,0,0,0,0,0,0,0,0,0,0,0,0,0,0,0,0,0,0,0,0,0,0,0,0,0,0,0,0,0,0,0,0,0,0,0,0,0,0,0,0,0,0,0,0,0,0
"LBR",0,0,0,0,0,0,0,0,0,0,0,0,0,0,0,0,0,0,0,0,0,0,0,0,0,0,0,0,0,0,0,0,0,0,0,0,0,0,0,0,0,0,0,0,0,0,0,0,0,0,0,0,0,0,0,0,0,0,0,0,0,0,0,0,0,0,0,0,0,0,0,0,0,0,0,0,0,0,0,0,0,0,0,0,0,0,0,0,0,0,0,0,0,0,0,0,0,0,0,0,0,0,0,0,0,0,0,0,0,0,0,0,0,0,0,0,0,0,0,0,0,0,0,0,0,0,0,0,0,0,0,0,0,0,0,0,0,0,0,0,0,0,0,0,0,0,0,0,0,0,0,0,0,0,0,0,0,0,0,0,0,0,0,0,0,0,0,0,0,0,0,0,0,0,0,0,0,0,0,0,0,0,0,0,0,0,0,0,0,0,0,0,0,0,0
"LBY",0,0,0,0,0,0,0,0,0,0,0,0,0,0,0,0,0,0,0,0,0,0,0,0,0,0,0,0,0,0,0,0,0,0,0,0,0,0,0,0,0,0,0,0,0,0,0,0,0,0,0,0,0,0,0,0,0,0,0,0,0,0,0,0,0,0,0,0,0,0,0,0,0,0,0,0,0,0,0,0,0,0,0,0,0,0,0,0,0,0,0,0,0,0,0,0,0,0,0,0,0,0,0,0,0,0,0,0,0,0,0,0,0,0,0,0,0,0,0,0,0,0,0,0,0,0,0,0,0,0,0,0,0,0,0,0,0,0,0,0,0,0,0,0,0,0,0,0,0,0,0,0,0,0,0,0,0,0,0,0,0,0,0,0,0,0,1636600,0,0,0,0,0,0,0,0,0,0,0,0,0,0,0,0,0,0,0,0,0,0,0,0,0,0,0,0
"LTU",7144100,0,0,0,0,0,15111600,3850221900,0,0,0,9633400,0,0,0,0,0,0,0,0,0,59488700,956800000,0,0,3724000,0,0,0,0,99700300,781285400,0,0,0,0,0,0,58011100,10397800,0,2869840800,0,0,14006454600,0,0,0,0,136327277400,0,0,32391224200,754635900,0,0,941641300,0,0,38813640000,0,0,0,20566800,0,0,0,0,0,0,0,69521200,7658700,0,44286200,40562200,0,0,0,571267600,15025995000,173112100,0,96485300,0,0,0,2131500,117727400,0,0,704061400,0,260387378800,0,0,0,0,0,0,0,0,5637171200,23426900,0,0,0,0,0,25141900,0,5943052800,0,95500300,0,0,3271007600,0,0,0,0,12705700,0,0,3667782400,420700800,365764400,0,5864400,0,0,0,0,151308505400,0,0,0,0,0,0,0,0,24399473700,0,0,0,0,489215977200,0,0,0,2940000,0,54840800,0,77503300,41461300,0,2669400,0,11122309900,6688500,0,5.06e+09,26072900,215732300,0,0,0,0,0,0,51046457600,221323800,27327300,0,1203640000,483041300,261852400,0,0,0,0,0,0,0,12016672000,0,511753100,21883400,0,0,0,0,0
"MAC",0,0,0,0,0,0,0,0,0,0,0,0,0,0,0,0,0,0,0,0,0,0,0,0,0,0,0,0,0,0,0,0,0,0,0,0,0,0,0,0,0,0,0,0,0,0,0,0,0,0,0,0,0,0,0,0,0,0,0,0,0,0,0,0,0,0,0,0,0,0,0,32496800,0,0,0,0,0,0,0,0,0,0,0,0,0,0,0,0,0,0,0,0,0,0,0,0,0,0,0,0,0,0,0,0,0,0,0,0,0,0,0,0,0,0,0,0,0,0,0,0,0,0,0,0,0,0,0,0,0,0,0,0,0,0,0,0,0,0,0,0,0,0,0,0,0,0,0,0,0,0,0,0,0,0,0,0,0,0,0,0,0,0,0,0,0,0,0,0,0,0,0,0,0,0,0,0,0,0,0,0,0,0,0,0,0,0,0,0,0,0,0,0,0,0,0
"MDG",0,0,0,0,0,0,0,0,0,0,0,0,0,0,0,0,0,0,0,0,0,0,0,0,0,0,0,0,0,0,0,0,0,46138400,0,0,0,0,0,0,0,0,0,0,0,0,0,0,0,0,0,0,0,480278400,0,0,0,0,0,0,0,0,0,0,0,0,0,0,0,0,0,0,0,0,0,0,0,0,0,0,0,0,0,0,0,0,0,0,0,0,0,0,0,0,0,0,0,0,0,0,0,0,0,0,0,0,0,0,264600,0,0,0,0,0,0,0,0,0,0,0,0,0,0,0,0,0,0,0,0,0,0,0,0,0,0,0,0,0,0,0,0,0,0,0,0,0,0,0,0,0,0,0,0,0,0,0,0,0,0,0,0,2998800,0,0,0,0,0,0,0,0,0,0,0,0,0,0,0,0,24500,0,0,0,0,0,0,0,0,0,0,0,0,0,0,0,0
"MWI",0,0,0,0,0,0,0,0,0,0,0,0,0,0,0,0,0,0,0,0,0,0,0,0,0,0,0,0,0,0,0,0,0,0,0,0,0,0,0,0,0,0,0,0,0,0,0,0,0,0,0,0,0,0,0,0,0,0,0,0,0,0,0,0,0,0,0,0,0,0,0,0,0,0,0,403700,0,0,0,0,0,0,0,0,0,0,0,0,0,0,0,0,0,0,0,0,0,0,0,0,0,0,0,0,0,0,0,0,0,0,0,0,448788200,0,0,0,0,0,0,0,0,0,0,0,0,0,0,0,0,0,0,0,0,0,0,0,0,0,0,179830000,0,0,0,0,0,0,0,0,0,0,0,0,0,0,0,99168400,0,0,0,0,0,0,0,0,0,0,0,0,0,0,0,0,0,0,0,0,359800,0,0,0,0,0,0,0,0,0,0,1578200,0,0,0,0,0,0,0
"MYS",0,0,0,0,0,0,1941742600,0,0,0,0,38788400,0,0,0,0,0,0,0,35681800,156006200,0,138797400,0,0,0,0,0,1588604500,0,0,774920300,651700,0,0,11475800,0,0,0,0,0,29400,0,0,0,0,298900,0,0,0,0,0,0,12857600,0,2641100,0,0,0,0,0,0,0,0,0,0,0,36975400,0,0,0,27780530400,0,308700,0,61769400,1010741500,0,0,0,0,0,0,0,0,321043100,0,0,0,1452835300,0,109578700,0,0,25293800,0,0,0,0,0,0,0,0,0,317319100,0,0,0,0,0,0,0,0,0,641900,0,132951700,0,0,0,0,69825000,0,0,0,0,42238000,0,485100,9872309300,0,0,1998607100,0,0,0,0,0,0,0,0,0,416500,0,0,0,0,357700,0,9094400,0,0,0,53080573600,0,343000,0,0,0,0,9241400,0,0,0,564930800,0,6887588500,0,0,0,0,0,0,160901300,0,0,10530100,0,0,0,0,0,0,344842400,739900,0,0,0,784000,0,0,0,0,0,0
"MDV",0,0,0,0,0,0,0,0,0,0,0,0,0,0,0,0,0,0,0,0,0,0,0,0,0,0,0,0,0,0,0,0,0,0,0,0,0,0,0,0,0,0,0,0,0,0,0,0,0,0,0,0,0,0,0,0,0,0,0,0,0,0,0,0,0,0,0,0,0,0,0,0,0,0,0,0,0,0,0,0,0,0,0,0,0,0,0,0,0,0,0,0,0,0,0,0,0,0,0,0,0,0,0,0,0,0,0,0,0,0,0,0,0,0,0,0,0,0,0,0,0,0,0,0,0,0,0,0,0,0,0,0,0,0,0,0,0,0,0,0,0,0,0,0,0,0,0,0,0,0,0,0,0,0,0,0,0,0,0,0,0,0,0,0,0,0,0,0,0,0,0,0,0,0,0,0,0,0,0,0,0,0,0,0,0,0,0,0,0,0,0,0,0,0,0
"MLI",0,0,0,0,0,0,0,0,0,0,0,0,0,0,0,0,0,0,0,0,0,0,0,0,0,0,0,0,0,0,0,0,0,0,0,0,0,0,0,0,0,0,0,0,0,0,0,0,0,0,0,0,0,0,0,0,0,0,0,0,0,0,0,0,0,0,0,0,0,0,0,0,0,0,0,0,0,0,0,0,0,0,0,0,0,0,0,0,0,0,0,0,0,0,0,0,0,0,0,0,0,0,0,0,0,0,0,0,0,0,0,0,0,0,0,0,0,0,0,0,0,0,0,0,0,0,0,0,0,0,0,0,0,0,0,0,0,0,0,0,0,0,0,0,0,0,0,0,0,0,0,0,0,0,0,0,0,0,0,0,0,0,0,0,0,0,0,0,0,0,0,0,0,0,0,0,0,0,0,264656000,0,0,0,0,0,0,0,0,0,0,0,0,0,0,0
"MLT",0,0,0,0,0,0,68232500,548800,0,0,0,0,0,0,0,0,0,0,0,0,0,0,0,0,0,0,0,0,0,0,0,889472500,0,0,0,0,0,0,0,0,0,0,0,0,0,0,343000,0,0,0,0,0,0,0,0,0,0,9118900,0,0,0,0,0,9054723000,0,0,0,0,0,0,0,0,0,0,0,0,0,0,0,0,23118200,239668800,0,0,0,1685600,0,0,0,0,0,68320700,0,0,0,0,0,0,0,0,0,0,0,0,0,0,0,0,0,0,0,0,0,0,0,0,0,0,0,0,0,0,0,0,0,0,0,0,0,0,0,0,0,0,0,0,0,0,0,0,0,0,29400,0,0,0,0,0,0,0,0,0,0,0,0,0,0,0,0,0,0,24500,0,0,0,0,7011900,0,0,0,0,88200,0,161700,0,0,4865700,0,5870200,0,0,0,0,4547200,0,0,0,0,0,0,0,0,0,0,0
"MRT",0,0,0,0,0,0,0,0,0,0,0,0,0,0,0,0,0,0,0,0,0,0,0,0,0,0,0,0,0,0,0,0,0,0,0,0,0,0,0,0,0,0,0,0,0,0,0,0,0,0,0,0,0,0,0,0,0,0,0,0,0,0,0,0,0,0,0,0,0,0,0,0,0,0,0,0,0,0,0,0,0,0,0,0,0,0,0,0,0,0,0,0,0,0,0,0,0,0,0,0,0,0,0,0,0,0,0,0,0,0,0,0,0,0,0,0,0,0,0,0,0,0,0,0,0,0,0,0,0,0,0,0,0,0,0,0,0,0,0,0,0,0,0,0,0,0,0,0,0,0,0,0,0,0,0,0,0,0,0,0,0,0,0,0,0,0,0,0,0,0,0,0,0,0,0,0,0,0,0,0,0,0,0,0,0,0,0,0,0,0,0,0,0,0,0
"MUS",0,0,0,0,0,0,137170600,0,0,0,0,0,0,0,0,0,0,0,0,0,0,0,0,0,0,0,0,0,0,0,0,46554900,0,0,0,0,0,0,0,0,0,0,0,0,0,0,0,0,0,0,0,0,0,1361639900,0,0,0,0,0,0,0,0,0,0,0,0,0,0,0,0,0,196000,0,0,0,0,0,0,0,0,0,0,0,0,0,0,0,0,25421200,0,0,0,0,0,0,0,0,0,0,0,0,170978400,0,911400,0,0,0,0,0,0,0,0,73500,0,0,0,5517400,0,0,0,0,0,0,0,0,0,0,0,0,0,0,0,0,0,0,0,0,0,0,0,0,0,0,0,0,0,0,0,0,386298600,0,0,0,186200,0,9314900,0,0,0,0,0,622300,0,0,0,3439800,0,0,0,0,0,0,0,1274000,0,0,17003000,0,12303900,0,0,0,0,0,0,0,0,0,279300,0,0,0,0,0,0
"MEX",217060200,0,787719100,0,90772500,20056234100,61539011800,3911111400,180349400,538652100,36078700,0,0,0,1425199300,0,12207335700,0,1471675800,0,0,626901100,4900,0,13524000,49408733500,0,0,119182700,0,61844517000,56971756100,25463462500,0,0,0,1942738900,3800915300,385277200,159769400,0,825571600,4958800,1094321900,1012168500,1931031200,0,331524200,23044700,1876067900,0,77150500,1553099100,1070252500,53042500,21021000,426373500,0,0,5831083300,0,0,0,2598920800,0,9016000,10392908800,0,518865900,26259100,4237980600,933567600,649485200,1257800600,153889400,2501028600,1100647800,0,2223335800,9685820200,3865820700,25038833400,33315100,483076300,24098200,4150878200,203345100,0,21040600,352589300,0,2001307000,0,1585297000,21040600,1340953600,0,19511800,0,0,0,0,0,307876800,103399800,0,440044500,0,21040600,0,0,744883300,0,90826400,0,41718600,2948834700,0,0,39979100,0,8803261600,119560000,0,0,4624419100,0,5655055700,568311800,0,9574810700,5944910300,280848400,3686480700,700352100,0,0,0,684701500,0,2093956200,0,5644540300,40581800,9574600,26915700,0,0,9016000,7011900,0,0,0,3180913400,0,9078862100,17714377100,18036900,0,7011900,67571000,7878563000,0,0,1570842000,0,570962700,0,0,170039800,181986000,0,3433557400,6444930800,0,0,87529782900,4360715800,2581197296200,0,6155561300,1617220500,0,608183100,0,0,0,0,22571477600,0,174097000,140277200,0,0,0
"MNG",0,0,0,0,0,0,504700,0,0,0,0,0,0,0,0,0,0,0,0,0,0,0,0,0,0,0,0,0,0,0,0,259764300,0,0,0,0,0,0,0,0,0,0,0,0,0,0,0,0,0,0,0,0,0,0,0,0,0,0,0,0,0,0,0,0,0,0,0,0,0,0,0,8099700,0,0,0,0,0,0,0,0,0,0,0,0,0,3155600,0,0,0,0,0,0,0,0,0,0,0,0,0,0,0,0,0,0,0,0,0,0,0,0,0,0,0,0,0,0,0,0,0,0,0,0,0,0,0,0,0,0,0,0,0,0,0,0,0,0,0,0,0,0,0,0,71853600,0,0,0,0,0,0,0,0,0,0,0,0,0,0,0,0,0,0,0,0,0,0,0,0,0,0,0,0,0,0,0,0,0,0,0,0,0,0,0,0,0,0,0,0,0,0,0,0,0,0,0,0
"MAR",0,0,0,0,0,0,0,0,0,0,0,0,0,0,0,0,0,0,0,0,0,0,0,0,0,0,0,0,0,0,0,0,0,0,0,0,0,0,0,0,0,0,0,0,0,0,0,0,0,0,0,0,0,176963500,0,0,0,0,0,0,0,166600,0,0,0,0,0,0,0,0,0,0,0,0,0,0,0,0,0,0,0,0,0,0,0,17693900,0,0,0,0,0,0,0,0,0,0,0,0,0,0,0,0,0,0,0,0,0,0,0,0,0,0,0,0,0,0,0,0,0,0,0,0,0,0,0,0,0,0,0,0,0,0,0,0,0,0,0,0,0,0,0,0,0,0,0,0,0,0,0,0,0,0,0,303800,0,0,777478100,0,0,0,0,0,0,0,0,0,0,0,0,0,0,0,0,0,0,0,48309100,0,42527100,0,0,0,0,0,0,0,0,0,2871400,0,0,0,0,0,0
"MOZ",0,0,0,0,0,0,0,0,0,0,0,0,0,0,0,0,0,0,0,0,0,0,0,0,0,0,0,0,0,0,0,0,0,0,0,0,0,0,0,0,0,0,0,0,0,0,0,0,0,0,0,0,0,0,0,0,0,0,0,0,0,0,0,0,0,0,0,0,0,0,0,0,0,0,0,0,0,0,0,0,0,0,0,0,0,0,0,0,0,0,0,0,0,0,0,0,0,0,0,0,0,0,0,0,0,0,0,0,0,0,0,0,0,0,0,0,0,0,0,0,0,0,0,0,0,0,0,0,0,0,0,0,0,0,0,0,0,0,0,0,0,0,0,0,0,0,0,0,0,0,0,0,0,0,0,0,0,0,0,0,0,0,0,0,0,0,0,0,0,0,0,0,0,0,0,0,0,0,0,0,0,0,0,0,0,0,0,0,0,0,0,0,0,0,0
"MDA",0,0,15185100,0,0,0,11172000,70819700,0,225760000,0,0,0,0,0,0,0,0,0,0,0,274364800,0,0,0,0,0,0,0,0,0,1439095700,0,0,0,0,0,0,94694368000,0,0,58800,0,0,7991900,0,0,0,0,0,0,0,8540700,115814779000,0,0,540960000,0,0,101087000,31737300,0,0,106460140200,0,0,0,0,0,0,0,162337000,11348400,0,0,0,0,0,0,6645378400,921825900,585417600,0,0,0,0,0,14327600,0,0,0,0,0,4870600,0,11528334800,0,0,17131797600,0,0,0,0,16762900,0,0,33200,0,0,0,0,0,0,0,0,0,0,0,0,7217700,0,0,0,0,0,10760400,4232236400,0,0,0,0,0,0,124435500,0,0,0,0,0,0,94034560700,0,0,0,0,0,0,0,0,0,0,0,0,30174200,0,0,42830707100,0,0,2845605200,0,87835082000,50233525600,0,0,0,22353800,0,0,0,8172910400,0,18279061100,0,0,0,224984700800,41689980900,2744000,0,0,539000,0,0,0,0,0,0,0,0,0,0,0,0,0
"NAM",0,0,0,0,24500,0,30370200,0,0,0,0,0,0,0,0,4380041400,0,0,0,0,0,0,0,0,0,0,0,0,0,0,0,0,0,0,0,0,0,0,0,0,0,78400,0,0,0,0,0,0,0,0,0,0,0,53900,0,0,0,0,0,866200,0,0,0,215600,0,0,0,0,0,0,0,58800,0,0,0,0,0,0,0,0,0,0,0,0,0,93100,0,0,18330900,0,0,0,0,0,0,0,249454100,0,0,0,0,0,50318100,9800,0,0,0,0,17017700,0,0,0,87102400,0,0,0,750862100,0,0,0,0,0,0,0,0,0,0,240100,0,0,0,0,0,0,0,0,0,0,0,474471900,0,0,19600,83300,0,0,0,0,0,0,0,0,0,0,0,170021648500,53900,0,0,1397230100,0,0,0,0,0,1714524700,0,0,0,0,0,0,0,8869000,0,0,32614400,0,0,0,0,0,0,0,0,0,43379023700,2473211300,19600,0,0,0,0,0,0
"NPL",0,0,0,0,0,880800,27125600,770700,0,0,0,0,0,0,0,0,0,0,0,0,0,0,0,0,0,1101000,0,0,0,0,0,4226800,0,0,0,0,0,0,0,0,0,24500,0,0,0,0,0,0,0,0,0,0,0,259400,0,0,0,0,0,9800,0,0,0,0,0,0,844100,0,0,0,0,285871300,0,0,0,0,0,0,0,53900,0,0,0,0,0,145028100,0,0,0,0,0,4037000,0,0,0,0,0,0,0,0,0,0,0,403700,0,0,0,0,0,0,0,66400,0,0,0,0,0,0,0,0,0,0,0,0,0,0,0,0,0,0,0,0,0,0,403700,0,0,0,0,0,0,0,0,0,0,0,0,0,0,0,0,0,0,0,0,0,0,0,0,0,0,1064300,0,0,0,0,0,0,0,0,0,0,0,23921800,0,0,220200,0,43683700,0,0,0,0,0,0,0,0,0,23627800,0,0,0,0,0,0
"NLD",0,14863100,474348200,1243798800,283974600,1988169200,26587837900,2113561100,13994400,4064435200,527860600,1354339900,0,0,10476200,103961100,2479638600,0,24402000,0,0,2579532700,179364500,21971600,2856067900,64742533800,705560800,117599700,1154685200,109686500,4711733100,58829405600,22306771100,210053200,4493226900,130104800,22555449700,22256760500,37570953000,68242300,606291700,45667329500,62209600,8663474000,33618900,1569665500,90313500,972415900,9775925300,1466689800,0,117609800,7099579800,206850007100,235200,702645300,5763153800,2839463300,66786900,517675275000,1578013100,7873515300,9079700,34227019900,0,0,11103702400,1004457000,171837600,811498800,73011489300,10202168500,6674685700,584281300,1792241700,740080700,6036566200,19730830300,5552589400,39703365900,45789177900,74476486600,9232763900,51958600,983566700,99906303800,594633400,7791000,6821471300,115478158600,0,81034788900,6.96e+08,1553182200,1028710900,2801915100,161920000,2479030600,12573400,1791137300,25024300,201527200,0,20405723300,9545200,5637145400,8867857000,45525900,739095200,3833394400,80232600,103943627500,9404744500,767704300,40001919700,197542400,0,0,11216100,252060800,46162900,4600647000,607236900,1186780000,3542130700,3607961300,3327600,2398281300,2793287400,21765800,8445318700,37272585300,2259559700,14312900000,21352953900,122500,0,11191177800,2986492900,121440000,8433671100,1202004300,30072987500,111685700,57331500,689448000,0,112010763800,1438916300,1632346800,619325100,974247200,754781800,27408825400,65354300,8248191700,105740060500,5896067200,442607200,454915500,9512347900,13052700700,539475300,0,87114483800,6035407400,15414339300,3142608100,0,6359744900,4841859700,61392100,56960326800,29085087400,1193233700,0,150679412900,500253100,553570006400,1868031300,998751200,1188225500,202813589100,13966973100,68790128400,0,6723661700,181412600,456829894100,1891726400,3864015900,1133688500,3236400,0,0
"ANT",0,0,0,0,0,0,0,0,0,0,0,0,0,0,0,0,0,0,0,0,0,0,0,0,0,0,0,0,0,0,0,0,0,0,0,0,0,0,0,0,0,0,0,0,0,0,0,0,0,0,0,0,0,0,0,0,0,0,0,0,0,0,0,0,0,0,0,0,0,0,0,0,0,0,0,0,0,0,0,0,0,0,0,0,0,0,0,0,0,0,0,0,0,0,0,0,0,0,0,0,0,0,0,0,0,0,0,0,0,0,0,0,0,0,0,0,0,0,0,0,0,0,0,0,0,0,0,0,0,0,0,0,0,0,0,0,0,0,0,0,0,0,0,0,0,0,0,0,0,0,0,0,0,0,0,0,0,0,0,0,0,0,0,0,0,0,0,0,0,0,0,0,0,0,0,0,0,0,0,0,0,0,0,0,0,0,0,0,0,0,0,0,0,0,0
"NCL",0,0,0,0,0,0,0,0,0,0,0,0,0,0,0,0,0,0,0,0,0,0,0,0,0,0,0,0,0,0,0,0,0,0,0,0,0,0,0,0,0,33075000,0,0,0,0,0,0,0,0,0,0,0,1362200,4900,0,0,0,0,0,0,0,0,0,0,0,0,0,0,0,0,0,0,0,0,0,0,0,0,0,0,0,0,0,0,6982500,0,0,0,0,0,0,0,0,0,0,0,0,0,0,0,0,0,0,0,0,0,0,0,0,0,0,0,0,0,0,9800,0,0,0,0,191100,0,0,0,0,0,0,0,0,0,0,0,0,0,0,0,0,0,0,0,0,0,0,0,0,0,0,0,0,0,0,0,19600,0,0,0,0,0,0,0,0,0,0,0,0,0,0,0,0,0,0,0,0,0,0,0,0,0,0,0,0,0,0,0,0,0,0,53900,0,0,0,0,0,0
"MKD",0,0,10540769400,0,0,0,126875700,0,0,0,0,0,0,0,0,0,0,0,235200,0,0,0,0,0,0,0,0,0,0,0,0,0,0,0,0,0,0,0,0,0,0,0,0,0,0,0,0,0,0,0,0,0,0,2758700,0,0,0,0,0,7021700,10740800,0,0,1246958800,0,0,0,0,0,0,0,0,10128300,0,0,0,0,0,0,0,0,0,0,0,0,0,0,0,0,0,0,0,0,0,0,0,0,0,0,0,0,0,0,0,0,0,0,0,0,0,0,0,0,0,0,0,2891000,0,0,0,0,1396500,0,0,0,0,0,0,0,0,0,0,0,583100,0,0,0,0,0,0,3675000,0,24500,0,0,0,0,0,0,225400,0,0,0,0,0,0,0,0,0,0,0,18943400,0,0,0,0,0,0,0,0,0,0,0,372400,0,0,0,0,45898300,0,0,0,0,0,0,0,0,0,0,0,4027501100,0,0,0,0
"VUT",0,0,0,0,0,0,357700,0,0,0,0,0,0,0,0,0,0,0,0,0,0,0,0,0,0,0,0,0,0,0,0,0,0,0,0,0,0,0,0,0,0,0,0,0,0,0,0,0,0,0,0,0,0,0,0,0,0,0,0,0,0,0,23730700,0,0,0,0,0,0,0,0,0,0,0,0,0,0,0,0,0,0,0,0,0,0,0,0,0,0,0,0,0,0,0,0,0,0,0,0,0,0,0,0,0,0,0,0,0,0,0,0,0,0,0,0,0,0,0,0,0,0,0,0,0,0,0,0,0,0,0,0,0,0,0,0,0,0,0,0,0,0,0,0,0,0,0,0,0,0,0,0,0,0,0,0,0,0,0,0,0,0,0,0,0,0,0,0,0,0,0,0,0,0,0,0,0,0,0,0,0,0,0,0,0,0,0,0,0,0,0,0,0,0,0,0
"NZL",0,0,0,0,0,4083600,41968279900,896700,0,0,0,0,0,0,0,0,18247600,0,0,16967100,8184100,0,93100,0,0,119182700,0,0,0,0,0,2565314500,0,0,0,946515300,0,0,0,0,0,37272200,0,0,0,0,0,0,0,0,0,103595900,7933600,29480200,4465400,0,0,0,0,250573800,0,0,132300,0,0,0,0,0,0,0,0,156417100,0,0,0,36130200,931000,0,0,11867800,0,0,0,0,0,314680700,0,0,0,1225000,0,168119000,0,0,0,0,0,0,0,0,622800,0,0,28504900,98000,0,0,0,0,0,0,0,0,0,0,0,414834000,0,131438400,0,10954100,0,0,0,0,35392700,0,0,0,118520900,210700,0,16425400,0,0,0,401800,0,0,0,0,0,0,0,0,0,0,0,0,0,0,138400,0,129034300,0,0,0,0,0,0,72745400,1768900,0,0,234347100,0,40247700,0,366218300,0,0,0,107800,102711300,0,186200,138099500,0,987429000,0,0,0,0,2628005500,0,0,0,0,127400,0,0,0,0,0,0
"NIC",0,0,0,0,0,0,0,0,63700,0,0,0,0,0,0,0,0,0,0,0,0,0,0,0,0,0,0,0,0,0,0,0,0,0,0,0,633231900,323400,0,0,0,0,0,0,0,0,0,5517400,0,0,0,0,0,0,0,0,0,0,0,0,0,0,0,0,0,0,9800,0,0,0,86485000,9800,0,0,0,0,0,0,0,0,0,0,0,0,0,0,0,0,0,0,0,0,0,0,0,0,0,0,0,0,0,0,0,0,0,0,0,0,0,0,0,0,0,0,0,0,0,0,0,0,0,0,0,0,0,0,0,34300,0,0,0,0,0,0,0,0,0,0,0,0,0,0,0,0,0,0,0,0,0,0,0,0,0,0,0,0,0,0,0,0,0,0,0,0,0,0,0,0,0,0,0,0,0,0,0,0,0,0,443861000,0,0,0,0,0,0,0,0,0,0,24500,0,0,0,0,0
"NER",0,0,0,0,0,0,0,0,0,0,0,0,0,0,0,0,0,0,0,0,0,0,0,0,0,0,0,0,0,980000,0,0,0,0,0,0,0,0,0,0,0,0,0,0,0,0,0,0,0,0,0,0,0,0,0,0,0,0,0,0,0,0,0,0,0,0,0,0,0,0,0,0,0,0,0,0,0,0,0,0,0,0,0,0,0,0,0,0,0,0,0,0,0,0,0,0,0,0,0,0,0,0,0,0,0,0,0,0,0,0,0,0,0,0,0,0,0,0,0,0,0,0,0,0,0,0,0,0,0,0,0,0,0,0,0,0,0,0,0,0,0,0,0,0,0,0,0,0,0,0,0,0,0,0,0,0,0,0,0,0,0,0,0,0,0,0,0,0,0,0,0,0,0,0,0,0,0,0,0,128800000,0,0,0,0,0,0,0,0,0,0,0,0,0,0,0
"NGA",0,0,0,0,0,0,0,29306900,34300,0,0,0,0,0,0,0,0,0,0,0,0,0,0,0,2992317300,0,0,0,0,0,0,0,0,0,0,0,0,0,112700,0,600028300,0,0,0,0,0,0,0,0,0,0,0,0,1695900,0,0,0,0,0,57420700,0,2327500,0,0,0,0,0,0,0,0,0,0,0,0,0,122500,0,0,0,22908700,0,1835000,14357000,0,0,872200,0,0,0,0,0,0,0,0,0,0,0,0,0,0,0,0,0,0,0,0,0,0,60041200,4900,0,0,1.225e+10,0,14700,0,7624600,0,0,0,0,0,0,196000,0,0,0,0,0,0,0,0,0,0,0,0,0,0,0,0,0,0,0,0,0,0,98000,0,189775700,0,0,0,0,24500,0,373597200,10337200,0,0,0,171500,11167100,0,0,0,0,0,0,0,0,0,0,0,0,0,0,2701063500,0,63249200,24500,0,0,0,0,0,0,0,0,9287600,0,0,0,0,0,0
"NOR",0,0,0,0,0,0,12210800,8790600,0,0,0,0,0,0,0,0,0,0,0,0,0,725200,0,0,0,10652600,0,0,0,0,0,17130400,0,0,0,0,0,0,0,0,0,972295000,0,0,0,0,0,0,0,12730200,0,0,1016645900,194103700,0,0,7031500,0,0,152551700,0,0,0,61852700,0,0,0,0,0,0,0,1680700,0,39611600,5254800,0,0,0,0,9873500,0,141771700,0,0,0,19791100,0,0,0,0,0,63700,0,6066200,0,0,0,0,0,27342000,0,0,0,0,0,0,0,0,0,4508000,0,0,0,0,0,0,31139500,0,0,0,0,5855500,0,0,0,0,0,0,27234200,0,0,0,0,7820400,2915500,0,0,0,0,0,0,0,18943400,0,0,0,0,0,0,0,0,0,0,20070400,0,0,45766000,0,0,0,2543507700,24500000,0,0,1896300,0,3028200,0,0,0,0,0,0,0,0,0,283665800,0,57761200,0,0,0,0,0,0,0,0,0,15792700,2650900,0,0,0,0,0
"PAK",0,25796400,0,0,0,0,0,0,0,0,0,0,0,0,0,0,0,0,0,0,0,0,0,0,0,0,0,0,0,0,0,0,0,0,0,0,0,0,0,0,0,0,0,0,0,0,0,0,0,0,0,0,0,0,0,0,0,0,0,0,0,0,0,0,0,0,0,0,0,0,0,0,0,0,0,0,0,0,0,0,0,0,0,0,0,0,0,0,0,0,0,0,0,0,0,0,0,0,0,0,0,0,0,0,0,0,0,0,0,0,0,0,0,0,0,0,0,0,0,0,0,0,0,0,0,0,0,0,0,0,0,0,0,0,0,0,0,0,0,0,0,0,0,0,0,0,0,0,0,0,0,0,0,0,0,0,0,0,0,0,0,0,0,0,0,0,0,0,0,0,0,0,0,77555200,0,0,0,0,0,0,0,0,0,0,0,0,0,0,0,0,0,0,0,0,0
"PAN",0,0,0,0,0,401800,0,0,0,0,0,0,0,0,0,0,9011100,0,31173800,0,0,0,0,0,0,0,0,0,0,0,378167300,199797500,143991400,0,0,0,62745500,360409700,0,0,0,0,0,137697600,0,215600,0,0,0,0,0,0,0,0,0,0,0,0,0,0,0,0,0,0,0,739900,0,0,490000,0,13475000,0,0,0,0,0,0,0,0,14700,16737043700,215600,0,0,6531700,0,0,0,0,0,0,0,0,0,0,0,0,0,0,0,0,0,0,27939800,0,0,0,0,0,0,0,0,0,0,0,0,0,0,0,0,0,0,4209100,0,0,0,0,0,0,0,568400,0,8570100,0,0,0,0,0,0,0,0,0,0,0,0,0,0,0,0,0,0,0,0,0,0,0,8006600,0,0,0,0,0,0,0,0,0,39200,0,0,5512500,0,0,0,0,0,0,0,0,3116400,0,55022100,0,9951900,0,0,0,0,0,392000,0,0,0,0,0,0
"CZE",187566300,1323000,2627499600,126312200,0,79458400,1339521700,533400244900,0,0,0,0,0,0,5919200,0,13093912700,0,0,0,0,10075834000,39200,0,45555300,5197809200,6139700,0,10432800000,0,124832400,2705594000,1025940500,0,9030700,0,39200,109308126200,127334600,1509783100,19007100,3409057400,0,42355600,2980304200,58880000,66595900,0,33403300,1271123200,0,0,4309736200,7509689100,0,0,2493436600,8241800,0,2182156991200,153482700,13058500,0,4172609100,0,0,0,0,0,0,0,231206500,164892169900,6945855500,1373228500,185227600,372214000,107800,18247600,33378755100,1911805600,143099649400,25617200,1945686700,0,122119782800,107800,375360000,21290500,744800,39200,16733049300,0,1159644300,245000,2903434100,0,0,0,1783432700,0,0,0,63700,30365300,0,8383900,0,0,18597580300,519195300,0,0,4841425000,0,0,1035078000,0,0,21698885800,0,474347800,0,0,354162000,664167500,83300,1006928200,0,0,17468500,34300,41743900,1174071943300,19382500,0,0,0,29341200,0,26731833000,0,56347560500,5238100,0,0,0,0,0,10476200,0,12184841900,424732154700,90831100,0,3140865600,3624558900,61456000,0,0,24762238200,35959546200,334144000,162002700,51949800,0,38580349500,0,0,0,0,0,1322386300,319034100,0,0,204795989700,4955662700,15153149300,73500,0,210155400,0,3583424600,0,0,0,0,227414700,43262100,6631258300,571751600,0,0,0
"PNG",0,0,0,0,0,0,10030300,0,0,0,0,0,0,0,0,0,0,0,0,0,0,0,0,0,0,0,0,0,0,0,0,0,0,0,0,0,0,0,0,0,0,0,0,0,0,0,0,0,0,0,0,4557000,0,0,0,0,0,0,0,0,0,0,0,0,0,0,0,0,0,0,0,0,0,0,0,0,0,0,0,0,0,0,0,0,0,0,0,0,0,0,0,0,0,0,0,0,0,0,0,0,0,0,0,0,0,0,0,0,0,0,0,0,0,0,0,0,147000,0,0,0,0,0,0,0,0,0,0,0,0,0,0,0,0,0,0,0,0,0,0,0,0,0,0,0,0,0,0,0,82575000,0,0,0,0,9800,0,0,0,0,0,0,0,0,0,0,0,0,0,0,0,0,0,0,0,0,0,0,0,0,0,0,0,0,0,0,0,0,0,0,245000,0,0,0,0,0,0
"PRY",0,0,0,0,0,0,0,0,0,0,0,0,0,0,1669299500,0,0,0,0,0,0,0,0,0,0,0,0,0,0,0,24500,0,0,0,0,0,0,0,0,0,0,0,0,0,0,0,0,0,0,0,0,0,0,844200,0,0,0,0,0,63700,0,0,0,0,0,0,0,0,0,0,0,0,0,0,0,0,0,0,0,0,0,0,0,0,0,0,0,0,0,0,0,0,0,0,0,0,0,0,0,0,0,0,0,0,0,0,0,0,0,0,0,0,0,0,0,0,0,0,0,0,0,0,0,0,0,0,0,0,0,0,0,0,0,0,0,0,0,0,0,0,0,0,0,0,0,0,0,0,0,0,0,0,0,0,0,0,0,0,0,0,0,0,0,0,0,0,0,0,0,0,0,0,0,0,0,0,0,0,1981800,0,0,0,0,0,0,0,0,0,0,0,0,0,0,0,0
"PER",0,0,0,0,0,69104700,11363100,0,0,0,0,0,0,0,0,0,4704000,0,0,0,0,0,0,0,0,697200,0,0,0,0,8099128400,0,416500,0,0,0,16189600,0,0,0,0,0,0,186200,0,0,0,970200,0,0,0,0,0,14700,0,0,0,0,0,24500,0,0,0,0,0,0,0,0,0,0,0,0,0,0,0,0,0,0,0,0,0,1195200,0,0,0,55570900,0,0,0,0,0,0,0,0,0,0,0,0,0,0,0,0,0,0,0,0,0,0,0,3792600,0,0,0,0,0,0,35451800,0,0,0,0,0,0,0,0,0,0,82604200,0,0,0,0,0,0,0,0,0,0,0,0,0,0,0,0,0,0,0,0,0,0,0,0,0,151900,0,0,318246400,0,0,0,2283400,28819600,0,0,0,0,0,0,0,0,0,0,0,0,0,0,78331400,0,1629536000,0,0,0,0,0,0,0,0,0,3682742600,0,0,0,0,0,0
"PHL",0,0,0,0,0,0,279507200,0,0,9064900,0,0,0,0,0,0,0,0,0,5831000,0,0,59564100,0,85951400,1108389300,0,0,0,0,0,322004800,0,0,0,0,0,0,0,0,0,0,0,0,0,0,0,0,0,0,0,17836200,0,513800,0,0,0,0,0,0,0,0,519635300,0,0,0,0,0,0,0,0,471739300,0,0,0,0,29580200,0,0,0,0,10790000,28662700,0,0,130660800,0,0,41287500,87199200,10358600,2975708400,4440700,0,0,0,0,0,0,0,14249200,0,0,24817787800,178105200,0,0,0,0,0,0,0,0,0,0,0,1321200,0,0,0,0,0,0,0,0,0,1980148500,0,0,2033500,17821300,173077200,0,0,0,0,0,0,21469500,0,0,0,0,0,0,0,0,45792400,0,0,0,0,0,1748852300,0,0,0,0,0,0,0,0,0,0,1443792700,0,1366072600,0,0,0,0,0,0,881927100,51196500,0,0,0,772442800,0,0,0,0,35049300,0,0,0,0,784000,0,0,0,0,0,0
"POL",1141700,0,0,1100680800,0,308700,338173500,205816000,0,53351200,0,0,0,0,0,0,1063656200,0,574963200,0,0,16303727800,8366075200,0,3900400,8053787300,5556600,45481800,621920000,0,4938732300,4432473000,9800,27312600,1323822300,6022100,205373700,1797205800,5598622400,8413300,1296378200,24810557900,0,1.242e+09,320244300,41458900,4868640000,0,779580200,19574041400,0,0,5953860100,25257942100,0,26087600,231667100,16562000,0,747672082400,663180700,5448800,0,853205800,0,0,0,110833100,0,0,1080286100,78439200,30205355500,3999653900,1735787300,4900,0,0,4770585800,13548291800,2280955300,48065650200,191908500,159360000,0,752514800,6080251800,0,0,72515430400,0,2739349900,0,2321666500,0,16569700,0,26283600,588000,28442244700,9094400,18193700,5014073600,27865303800,0,54581100,758270100,0,52728900,394224600,37609600,0,0,10236100,0,1921291200,35601915800,0,0,1146874400,0,0,55200000,46662700,0,1804157900,73600,15062900400,27806419000,0,96427100,42404600,0,0,21231700,0,0,0,2310700,0,4174984700,5665912000,16399483000,0,284200,0,0,76358074400,45143700,0,0,4209475700,12251691100,33574800,0,288880000,11911093200,0,102900,0,6464898100,82361300,375360000,19465360000,974906200,1356043200,0,32790800,0,2296504000,124905900,0,240916200,21588400,0,0,64943303800,5542311600,13850426000,33266100,388883600,66240000,37656500,2325505100,33155953600,0,0,0,12988774000,33600900,2662479100,448712600,0,0,0
"PRT",0,0,0,80526600,0,0,199263400,9618700,0,27528200,0,0,0,0,0,0,147411600,0,0,0,0,2107000,0,11175718400,1876800000,277531100,8036310800,0,0,0,188062000,54481900500,2320483200,0,42801500,0,831079200,19600,0,0,682050600,999600,0,0,3949400,0,0,499280600,269889600,7324400,0,0,4125800,15127669400,0,0,9800,4900,0,3294703000,0,166874400,0,205800,0,0,160666100,11686500,29164800,0,954265200,22628200,235200,117600,592900,0,0,0,226943500,401094400,123205600,43264300,51915500,0,0,9089500,0,0,0,0,0,46231500,0,0,0,156800,0,0,0,1063300,211577100,0,0,117600,0,28175000,0,0,93374400,24500,0,18086100,2890657000,0,39621400,0,176737000,0,548800,0,0,0,329642600,123195800,80941232000,6159300,0,170897300,700700,0,0,206637900,0,165577300,0,7544177700,0,0,0,0,5997600,1876064000,0,0,0,0,12760720200,0,249993100,0,0,171892000,0,12989900,0,224508200,264563315700,0,0,46677400,15616300,17700134900,0,0,79282000,81575200,1670900,230525400,0,0,0,3042900,0,95716600,4047400,0,5378990000,0,997733100,468180300,5831000,0,0,0,54070749400,0,206192000,0,2472278300,3487933900,8486800,0,0,0,0
"GNB",0,0,0,0,0,0,0,0,0,0,0,0,0,0,0,0,0,0,0,0,0,0,0,0,0,0,0,0,0,0,0,0,0,0,0,0,0,0,0,0,0,0,0,0,0,0,0,0,0,0,0,0,0,0,0,0,0,0,0,0,0,0,0,0,0,0,0,0,0,0,0,0,0,0,0,0,0,0,0,0,0,0,0,0,0,0,0,0,0,0,0,0,0,0,0,0,0,0,0,0,0,0,0,0,0,0,0,0,0,0,0,0,0,0,0,0,0,0,0,0,0,0,0,0,0,0,0,0,0,0,0,0,0,0,0,0,0,0,0,0,0,0,0,0,0,0,0,0,0,0,0,0,0,0,0,0,0,0,0,0,0,0,0,0,0,0,0,0,0,0,0,0,0,0,0,0,0,0,0,0,0,0,0,0,0,0,0,0,0,0,0,0,0,0,0
"TLS",0,0,0,0,0,0,0,0,0,0,0,0,0,0,0,0,0,0,0,0,0,0,0,0,0,0,0,0,0,0,0,0,0,0,0,0,0,0,0,0,0,0,0,0,0,0,0,0,0,0,0,0,0,0,0,0,0,0,0,0,0,0,0,0,0,0,0,0,0,0,0,0,0,0,0,0,0,0,0,0,0,0,0,0,0,0,0,0,0,0,0,0,0,0,0,0,0,0,0,0,0,0,0,0,0,0,0,0,0,0,0,0,0,0,0,0,0,0,0,0,0,0,0,0,0,0,0,0,0,0,0,0,0,0,0,0,0,0,0,0,0,0,0,0,0,0,0,0,0,0,0,0,0,0,0,0,0,0,0,0,0,0,0,0,0,0,0,0,0,0,0,0,0,0,0,0,0,0,0,0,0,0,0,0,0,0,0,0,0,0,0,0,0,0,0
"ERI",0,0,0,0,0,0,0,0,0,0,0,0,0,0,0,0,0,0,0,0,0,0,0,0,0,0,0,0,0,0,0,0,0,0,0,0,0,0,0,0,0,0,0,0,0,0,0,0,0,0,0,0,0,0,0,0,0,0,0,0,0,0,0,0,0,0,0,0,0,0,0,0,0,0,0,0,0,0,0,0,0,0,0,0,0,0,0,0,0,0,0,0,0,0,0,0,0,0,0,0,0,0,0,0,0,0,0,0,0,0,0,0,0,0,0,0,0,0,0,0,0,0,0,0,0,0,0,0,0,0,0,0,0,0,0,0,0,0,0,0,0,0,0,0,0,0,0,0,0,0,0,0,0,0,0,0,0,0,0,0,0,0,0,0,0,0,0,0,0,0,0,0,0,0,0,0,0,0,0,0,0,0,0,0,0,0,0,0,0,0,0,0,0,0,0
"QAT",0,0,0,0,0,0,0,0,0,0,0,0,0,0,0,0,0,0,0,0,0,0,0,0,0,0,0,0,0,0,0,0,0,0,0,0,0,0,0,0,0,0,0,0,0,0,0,0,0,0,0,0,0,0,0,0,0,0,0,0,0,0,0,0,0,0,0,0,0,0,0,0,0,0,0,0,0,0,0,0,0,0,0,0,0,0,0,0,0,0,0,0,0,0,0,0,0,0,0,0,0,0,0,0,0,0,0,0,0,0,0,0,0,0,0,0,0,0,0,0,0,0,0,0,0,0,0,0,0,0,0,0,0,0,0,0,0,0,0,0,0,0,0,0,0,0,0,0,0,0,0,0,0,0,0,0,0,0,0,0,0,0,0,0,0,0,0,0,0,0,0,0,0,501320000,0,0,0,0,0,0,0,0,0,0,0,0,0,0,0,0,0,0,0,0,0
"ZWE",0,0,0,0,0,0,0,0,0,0,0,0,0,0,0,36800,0,0,0,0,0,0,0,0,0,0,0,0,0,0,0,0,0,0,0,0,0,0,0,0,0,0,0,0,0,0,0,0,0,0,0,0,0,0,0,0,0,0,0,0,0,0,0,0,0,0,0,0,0,0,0,0,0,0,0,0,0,0,0,0,0,0,0,0,0,0,0,0,0,0,0,0,0,0,0,0,0,0,0,0,0,0,4900000,343000,0,0,0,0,0,0,0,0,176440000,0,0,0,0,0,0,0,0,0,0,0,0,0,0,0,0,0,0,0,0,0,0,0,0,0,0,0,0,0,0,0,0,0,0,0,0,0,0,0,0,0,0,33523600,0,0,0,0,0,0,0,0,0,0,0,0,0,0,0,0,0,0,0,0,103200,0,0,0,0,0,0,0,0,0,0,29020960000,0,0,0,0,0,0,0
"ROU",0,0,1141758800,116275961600,0,0,465500,15716277100,0,826547200,0,0,0,0,0,0,0,0,0,0,0,12547574000,0,0,0,3111290800,0,0,0,0,9114000,43502200,0,0,0,0,0,0,227792452900,0,0,74134000,0,0,0,0,0,0,0,0,0,0,0,14324263800,0,0,0,0,0,17889066900,22015700,0,0,261246514100,0,0,0,0,0,0,0,0,33672996000,62945900,0,0,0,618932095600,0,9216900,382538504600,28505361200,0,0,0,111030011400,692333477600,0,0,0,0,0,0,0,0,79076839600,0,0,818940117200,0,0,0,0,0,0,0,1.0458e+10,0,0,0,0,0,0,4603872700,0,0,3480180300,0,0,2347447900,0,0,0,0,0,0,0,0,381722400,0,0,0,0,15140700,65405859200,0,0,0,0,0,0,0,13681300,0,0,0,0,4041894292800,0,0,0,450800,630880200,313600,0,0,822292427500,0,0,0,0,2023700,162880727200,0,0,0,0,0,0,0,82026000,2.573e+11,218970437800,89644747600,0,0,7415088200,0,1636651400,0,0,0,0,57435269600,0,0,0,0,112667700,877100,5928784300,6536600,0,0,0
"RWA",0,0,0,0,0,0,0,0,0,0,0,0,0,0,0,0,0,0,0,0,0,0,0,1488271900,0,0,0,0,0,0,0,0,0,0,0,0,0,0,0,0,0,0,0,0,0,0,0,0,0,0,0,0,0,0,0,0,0,0,0,0,0,0,0,0,0,0,0,0,0,0,0,0,0,0,0,0,0,0,0,0,0,0,0,0,0,0,0,0,0,0,0,0,0,0,0,0,0,0,0,0,0,0,0,0,0,0,0,0,0,0,0,0,0,0,0,0,0,0,0,0,0,0,0,0,0,0,0,0,0,0,0,0,0,0,0,0,0,0,0,0,0,0,0,0,0,0,0,0,0,0,0,0,0,0,0,0,0,0,0,0,0,0,0,0,0,2744000,0,0,0,0,0,0,0,58800,6345890400,0,0,0,0,0,0,0,0,0,1247800,0,281784300,0,19597800,0,0,0,0,0,0
"RUS",17005486400,0,0,696955349200,0,91816200,81582700,0,0,686181300,0,0,0,0,0,0,90993000,0,0,0,0,131443700,0,0,48377700,625988500,0,0,0,0,3375600200,23219336400,79041900,0,297488800,0,439436900,138099000,387811471300,211696091300,12357800,5418244900,0,0,111886425200,0,255088286600,57423100,93663500,2999394700,0,0,412114500,178389400,0,46060000,22499583500,0,0,29980186400,0,9461900,0,275566500,0,0,24019800,0,0,0,4900,13071000,0,0,3167412800,10051073800,0,5382373475600,1714641000,271205200,453298606600,10513099800,11990300,179319319400,0,71012971700,1842825384000,20014984500,792344700,0,0,68080600,418152672000,373920435200,6645380800,959168250600,0,0,1315202794400,6795162400,0,0,0,7132134400,0,0,0,0,0,1280683600,17927934200,137323154200,0,10364406500,0,0,11021998400,0,0,0,0,575108400,0,0,42203700,19271407300,0,189737800,33312600,0,188895000,11069100,2330360000,1774940300,269686200,0,0,0,373442051700,0,132736100,2001920000,0,0,0,0,0,10020649859600,141590400,39333500,308121800,0,10980900,61410100,0,126189700,538650800,0,6557371900,0,450800,0,530519523200,12823372400,142734172800,0,1743077400,0,0,0,94740700800,182271320000,809622787600,199522607900,0,0,23754777700,173570237000,2651820100,48710900,179491900,57943259000,0,75714759200,0,0,3157198900,0,152714200,0,514269600,659200,23132900,0,0
"KNA",0,0,0,0,201684000,0,0,0,0,0,0,0,0,0,0,0,0,0,372517600,0,0,0,0,0,0,617400,0,0,0,0,0,0,0,0,0,0,0,0,0,0,0,0,309640800,10490900,0,0,0,0,0,0,0,0,0,0,0,0,0,0,0,0,0,0,0,0,0,0,0,0,0,0,0,0,0,0,0,0,0,0,0,0,0,0,0,0,0,0,0,0,0,0,0,0,0,0,0,0,0,0,0,0,0,0,0,0,0,0,0,0,0,0,0,0,0,0,0,0,0,0,0,0,0,0,0,0,0,0,0,0,0,0,0,0,0,0,0,0,0,0,0,0,0,0,0,0,487084500,9937200,0,0,0,0,0,0,0,0,0,0,0,0,0,0,0,0,0,0,0,0,0,0,0,36800000,0,0,0,0,0,0,0,0,24117800,0,0,0,0,0,0,0,0,0,0,0,0,0,0,0,0
"LCA",0,0,0,0,191139200,0,0,0,63347200,0,878021200,0,0,0,0,0,0,0,697186700,0,0,0,0,0,0,0,0,0,0,0,0,0,0,0,0,0,0,0,0,0,0,0,633682700,4042500,0,0,0,0,0,0,0,0,0,6631000,0,0,0,0,0,0,0,0,0,0,0,140389900,0,0,1123178000,0,0,0,0,0,0,0,0,0,0,0,0,0,0,0,54635000,0,0,0,0,0,0,0,0,0,0,0,0,0,0,0,0,0,0,0,0,0,0,0,0,0,0,0,0,0,0,0,0,0,0,0,0,0,0,0,0,0,0,0,0,0,0,0,0,0,0,0,0,0,0,0,0,0,0,205711800,0,222832400,0,0,0,0,0,0,0,0,0,0,0,0,0,0,0,0,0,0,0,0,0,0,0,2711905000,0,0,0,0,0,0,818300,0,11760000,0,0,0,0,0,0,0,0,0,0,0,0,0,0,0,0
"VCT",0,0,0,0,1703685900,0,0,0,0,0,211959300,0,0,0,0,0,0,0,750993600,0,0,0,0,0,0,0,0,0,0,0,0,0,0,0,0,0,0,0,0,0,0,0,173330400,24500,0,0,0,0,0,0,0,0,0,36800,0,0,0,0,0,0,0,0,0,0,0,72103500,0,0,41091400,0,0,0,0,0,0,0,0,0,0,14700,0,0,0,0,0,0,0,0,0,0,0,0,0,0,0,0,0,0,0,0,0,0,0,0,0,0,0,0,0,0,0,0,0,0,0,0,0,0,0,0,0,0,0,0,0,0,0,0,0,0,0,0,0,0,0,0,0,0,0,0,0,0,0,5066600,17801700,0,0,0,0,0,0,0,0,0,0,0,0,0,0,0,0,0,0,0,0,0,0,0,0,39200,0,0,0,0,0,0,1401400,0,64371300,0,0,0,0,0,0,0,0,0,0,0,0,0,0,0,0
"STP",0,0,0,0,0,0,0,0,0,0,0,0,0,0,0,0,0,0,0,0,0,0,0,0,0,0,0,0,0,0,0,0,0,0,0,0,0,0,0,0,0,0,0,0,0,0,0,0,0,0,0,0,0,0,0,0,0,0,0,0,0,0,0,0,0,0,0,0,0,0,0,0,0,0,0,0,0,0,0,0,0,0,0,0,0,0,0,0,0,0,0,0,0,0,0,0,0,0,0,0,0,0,0,0,0,0,0,0,0,0,0,0,0,0,0,0,0,0,0,0,0,0,0,0,0,0,0,0,0,0,0,0,0,0,0,0,0,0,0,0,0,0,0,0,0,0,0,0,0,0,0,0,0,0,0,0,0,0,0,0,0,0,0,0,0,0,0,0,0,0,0,0,0,0,0,0,0,0,0,0,0,0,0,0,0,0,0,0,0,0,0,0,0,0,0
"SAU",0,0,0,0,0,0,0,0,0,0,0,0,0,0,0,0,0,0,0,0,0,0,0,0,0,0,0,0,0,0,0,0,0,0,0,0,0,0,0,0,0,0,0,0,0,0,0,0,0,0,0,0,0,0,0,0,0,0,0,0,0,0,0,0,0,0,0,0,0,0,0,0,0,0,0,4498800000,0,0,0,0,0,0,0,0,0,0,0,0,0,0,0,2127040000,90869200,0,0,0,0,0,0,0,0,0,0,0,0,0,0,0,0,0,0,0,0,0,0,0,0,0,0,0,0,0,0,0,0,0,875840000,0,0,0,0,0,0,0,0,0,0,0,0,0,0,0,0,0,0,0,0,0,0,0,0,0,0,0,0,0,0,0,0,0,0,0,0,0,0,0,3.956e+09,0,0,0,0,0,275227200,834521300,0,0,0,0,0,0,0,0,0,0,0,0,0,0,0,0,0,0,62560000,0,0
"SEN",0,0,0,0,0,0,0,0,0,0,0,0,0,0,0,0,0,0,0,0,0,0,0,0,513800,0,0,0,0,0,0,201850000,0,0,0,0,0,0,0,0,10826500,0,0,0,0,0,0,0,0,0,0,0,0,4047400,0,0,0,0,41760060400,0,0,0,0,168820000,0,0,0,28235671900,0,0,0,0,0,0,0,0,0,0,0,0,0,135202800,0,0,0,1705200,0,0,0,0,0,0,0,0,0,0,0,0,0,0,0,0,0,0,0,5457941700,0,1960492700,0,0,0,0,0,0,0,0,0,0,0,0,0,0,0,249560000,0,0,0,0,0,0,0,0,0,0,0,16398425100,0,0,0,0,0,0,0,0,0,0,0,945700,0,0,696859600,0,0,0,0,303800,0,0,0,0,0,0,0,0,0,0,0,0,0,0,0,0,0,0,0,0,4642550000,0,9211700,206364100,0,0,0,0,0,0,110100,0,0,0,0,0,0,0,0
"SYC",0,0,0,0,0,0,0,0,0,0,0,0,0,0,0,0,0,0,0,0,0,0,0,0,0,0,0,0,0,0,0,0,0,0,0,0,0,0,0,0,0,0,0,0,0,0,0,0,0,0,0,0,0,0,0,0,0,0,0,0,0,0,0,0,0,0,0,0,0,0,0,0,0,0,0,0,0,0,0,0,0,0,0,0,0,0,0,0,0,0,0,0,0,0,0,0,0,0,0,0,0,0,0,0,0,0,0,0,0,0,0,0,0,0,0,0,0,0,0,0,0,0,0,0,0,0,0,0,0,0,0,0,0,0,0,0,0,0,0,0,0,0,0,0,0,0,0,0,0,0,0,0,0,0,0,0,0,0,0,0,0,0,0,0,0,0,0,0,0,0,0,0,0,0,0,0,0,0,0,0,0,0,0,0,0,0,0,0,0,0,0,0,0,0,0
"SLE",0,0,0,0,0,0,17836000,0,0,0,0,0,0,0,0,0,0,0,0,0,0,0,0,0,0,0,0,0,0,0,0,0,0,0,0,0,0,0,0,0,0,0,0,0,0,0,0,0,0,0,0,0,0,0,0,0,0,0,0,0,0,9633400,0,0,0,0,0,22760500,0,0,0,0,0,0,0,0,0,0,0,44100,0,0,0,0,0,0,0,0,0,0,0,0,0,0,0,0,0,0,0,0,0,0,0,0,0,0,0,0,0,0,0,0,0,0,0,0,44962400,0,0,0,0,0,0,0,0,0,0,0,0,0,0,0,0,0,0,0,0,0,0,0,0,0,0,0,0,0,0,0,165737200,0,0,0,0,0,0,0,0,0,0,0,0,0,0,0,0,0,0,0,0,0,0,0,0,0,0,0,0,0,0,0,0,0,0,0,0,0,0,0,0,0,0,0,0,0,0
"SVN",0,0,7360000,0,0,0,58834300,13749330500,0,0,0,0,0,0,0,0,0,0,0,0,0,110632200,0,0,0,45864000,0,0,0,0,0,179501700,0,0,0,0,0,0,156368800,34600,254800,0,0,0,0,0,0,0,0,0,0,0,5821200,1479800,0,17208800,0,0,0,1680338900,9622270400,0,0,0,0,0,0,0,0,0,0,12999700,2621943900,29694529100,0,0,0,0,0,0,0,88107006200,0,0,0,142100,13138600,0,0,0,0,9393300,0,0,0,0,0,0,0,0,0,0,0,24181500,0,0,260748600,0,49000,0,0,0,0,3017400,0,0,433200,0,0,708474600,0,0,0,0,0,1680700,0,136322900,0,0,0,0,0,7625500,0,0,0,0,0,0,219226700,0,18417600,0,0,0,0,1749300,0,0,0,0,1932672000,33158300,0,8315300,500843700,0,0,0,5429200,26660900,0,0,0,0,0,0,0,0,0,0,734000,0,0,0,19281500,0,61470500,0,0,0,0,0,0,0,0,0,1024100,0,7464452900,386123300,0,0,0
"SVK",0,0,213440000,0,0,0,0,280597824200,0,0,0,0,0,0,0,0,0,0,0,0,0,41272083200,0,0,0,309626100,0,0,0,0,0,33883500,0,0,0,0,0,607600,122617600,0,0,599857600,0,931000,0,0,0,0,0,187459200,0,0,0,14700,0,0,0,0,0,78139832900,0,0,0,10380008800,0,0,0,0,0,0,0,70839300,384618889600,61476241400,0,0,0,0,0,51807700,518101500,155601174000,0,70472000,0,0,0,110952000,0,0,0,36647100,0,0,0,0,0,0,0,984446400,0,0,0,0,0,0,93394000,0,0,4125800,0,0,0,4036960000,0,0,154417901900,0,0,27944080000,0,0,0,0,1.656e+10,0,0,2391200,118399702200,0,0,0,0,1080116442100,0,0,0,0,0,0,218042175700,0,23310219300,0,0,0,0,0,0,0,0,94935967100,0,661500,0,0,0,0,0,0,0,19417829400,0,5229832000,0,0,0,0,0,0,0,0,0,0,0,0,119481600,1750649600,163407900,0,0,0,0,429498900,0,0,0,0,3898344000,0,3331037000,0,0,0,0
"SGP",0,0,0,0,0,0,2512349200,0,0,0,1705200,771456200,0,2327500,0,0,29400,0,0,10476200,200927000,0,73847200,0,0,465642100,0,0,1729336200,0,0,6335571500,0,0,0,0,0,0,0,0,0,94550400,0,0,0,0,0,0,0,0,0,116234500,24828300,1593600,26259100,0,0,0,0,64346800,0,0,128247700,0,0,0,0,0,0,0,0,1615513800,0,0,0,937899500,17795911300,0,0,20457500,0,0,0,0,0,238884800,0,0,0,23917109400,0,1973550600,5001600,0,485100,0,19600,0,0,0,0,0,1979600,49799445800,582185000,0,0,0,49526900,0,0,0,0,0,0,1166200,394102100,0,1308300,0,19601500,122372600,0,0,0,58025800,349659100,0,0,619188600,0,0,7001480200,0,0,0,749514100,0,73279500,0,0,0,0,0,0,0,0,6149500,0,134125300,0,0,0,0,0,0,0,0,0,0,27381200,26156200,0,0,282810000,0,4080949100,0,132260800,0,893137700,0,387100,1771772400,0,0,49852600,0,682276500,0,0,0,0,14732437300,0,0,0,0,15366400,0,0,0,0,0,0
"SOM",0,0,0,0,0,0,0,0,0,0,0,0,0,0,0,0,0,0,0,0,0,0,0,0,0,0,0,0,0,0,0,0,0,0,0,0,0,0,0,0,0,0,0,0,0,0,0,0,0,0,0,0,0,0,0,0,0,0,0,0,0,0,0,0,0,0,0,0,0,0,0,0,0,0,0,0,0,0,0,0,0,0,0,0,0,0,0,0,0,0,0,0,0,0,0,0,0,0,0,0,0,0,0,0,0,0,0,0,0,0,0,0,0,0,0,0,0,0,0,0,0,0,0,0,0,0,0,0,0,0,0,0,0,0,0,0,0,0,0,0,0,0,0,0,0,0,0,0,0,0,0,0,0,0,0,0,0,0,0,0,0,0,0,0,0,0,0,0,0,0,0,0,0,0,0,0,0,0,0,0,0,0,0,0,0,0,0,0,0,0,0,0,0,0,0
"ZAF",0,0,0,0,9800,2490000,65120900,1773800,88200,0,0,0,0,0,0,66385288100,53900,0,0,0,0,0,0,0,0,61465600,0,14700,0,0,0,229814900,793800,26313000,0,0,318500,19600,1700300,0,0,29400,0,0,0,0,0,0,0,0,4900,0,1710100,41057100,156800,0,0,14700,0,9313600,0,17698800,0,16797200,0,0,0,0,58800,0,0,5894700,0,0,0,1719900,0,0,0,269500,0,2151100,0,0,0,7869400,0,0,21042400,0,0,1097600,0,0,0,0,48481429800,137200,0,0,0,78400,1360130000,0,29400,19600,39200,19600,408517900,0,0,0,63801159500,0,25477920800,0,17139000,0,0,0,117600,5625200,0,0,240100,1043700,0,233396800,0,592900,0,0,39200,0,156800,0,0,307234900,0,4460114500,524300,3841600,3341800,0,0,9800,710500,1087800,160860500,39126500,5120500,0,0,13176100,14700,0,411600,0,0,21439015000,12426400,1225000,0,0,4444300,960579500,392000,0,0,0,0,0,215600,16223900,34339200,0,93810500,19600,16439500,19600,4341400,0,0,0,29400,0,466587800,42296578200,11701700,2760000,0,0,2254000,0,0
"ESP",0,2097200,0,9115148400,14518700,406974400,1789039000,121028200,132300,1858070200,89474000,44722300,0,0,16483600,31698100,1262382100,0,0,0,0,185468900,0,0,170691500,1450434300,30324800,0,217100,0,4097444700,41656129900,624313800,9251200,1397517700,0,1542232700,1377549600,752502900,15459500,173430600,970174100,0,233146200,0,64987300,0,20448000,34210817400,263535500,0,0,377027600,79249363500,0,14201120000,449761200,0,0,11561373800,176184400,67139800,0,637769100,0,0,1880846300,130957400,0,0,163787400,642907000,236310000,211170400,4762800,54512500,3743600,0,25813200,781496100,694795500,10740680500,5811608400,14548100,34206900,603364000,109967600,0,9172800,45535700,0,8988467900,15377300,375144000,0,191506300,0,19546100,9393300,581483200,0,121110000,0,102821600,0,65914500,246214600,9293926900,449800,284780700,0,49479937300,9368800,22887900,191100,0,30665037900,0,0,0,0,363903400,6600300,18365200,10647700,1418951800,0,466235400,50146700,29400,307568800,108130800,146848000,1342780100,501389921800,3004617800,0,3753600000,4444300,0,330946800,0,472458000,0,0,0,15341900,0,2114587400,2579200,18531800,667987600,28133200,1440982200,0,2680300,0,0,0,0,3559257600,1647406100,375360000,0,1463997500,10245900,68541600,65351300,0,0,9800,31232795100,37025400,365863400,0,0,59959370000,169677200,2807532300,149631300,627665500,0,37563400,19646335200,13967324600,0,902834400,0,19649112700,3890600,91193900,23804200,0,0,0
"SUR",0,0,0,0,0,0,0,0,0,0,0,0,0,0,0,0,0,0,0,0,0,0,0,0,0,0,0,0,0,0,58800,0,0,0,0,0,0,0,0,0,0,0,0,0,0,0,0,0,0,0,0,0,0,482434400,0,0,0,0,0,0,0,0,0,0,0,0,0,0,76919200,0,0,0,0,0,0,0,0,0,0,0,0,0,0,0,0,0,0,0,0,0,0,0,0,0,0,0,0,0,0,0,0,0,0,0,0,0,0,0,0,0,0,0,0,0,0,0,150155600,0,0,0,0,0,0,0,0,0,0,2670500,0,0,0,0,0,0,0,0,0,0,0,0,0,0,0,0,0,0,0,0,0,0,0,0,0,0,0,0,0,0,0,0,0,0,0,0,0,0,0,0,0,1239700,0,0,0,0,0,0,0,0,0,0,0,0,1666000,0,0,0,0,0,98000,0,4900,0,0,0,0
"TJK",0,0,0,0,0,0,0,0,0,0,0,0,0,0,0,0,0,0,0,0,0,0,0,0,0,0,0,0,0,0,0,0,0,0,0,0,0,0,0,0,0,0,0,0,0,0,0,0,0,0,0,0,0,0,0,0,0,0,0,0,0,0,0,0,0,0,0,0,0,0,0,0,0,0,0,0,0,0,0,0,0,0,0,0,0,0,0,0,0,0,0,0,0,0,0,0,0,0,0,0,0,0,0,0,0,0,0,0,0,0,0,0,0,0,0,0,0,0,0,0,0,0,0,0,0,0,0,0,0,0,0,0,0,0,0,0,0,0,0,0,0,0,0,0,0,0,0,0,0,0,0,0,0,0,0,0,0,0,0,0,0,0,0,0,0,0,0,0,0,0,0,0,0,0,0,0,0,0,0,0,0,0,0,0,0,0,0,0,0,0,0,0,0,0,0
"SWZ",0,0,0,0,0,0,9800,0,0,0,0,0,0,0,0,0,0,0,0,0,0,0,0,0,0,0,0,0,0,0,0,0,0,0,0,0,0,0,0,0,0,0,0,0,0,0,0,0,0,0,0,0,0,0,0,0,0,0,0,0,0,0,0,0,0,0,0,0,0,0,0,0,0,0,0,0,0,0,0,0,0,0,0,0,0,0,0,0,0,0,0,0,0,0,0,0,0,0,0,0,0,0,0,0,0,0,0,0,0,0,0,0,217394300,0,0,0,0,0,0,0,0,0,0,0,0,0,0,0,0,0,0,0,0,0,0,0,0,0,0,0,0,0,0,0,0,0,0,0,0,0,0,0,0,0,0,1391600,0,0,0,0,0,0,0,0,0,0,0,0,0,0,0,0,0,0,0,0,0,0,0,0,0,0,0,0,0,0,0,0,0,0,0,0,0,0,0
"SWE",0,0,0,0,0,0,16929500,200900,0,0,0,0,0,0,0,0,31036600,0,0,0,0,5904500,0,0,0,123114900,0,0,0,0,5987100,320002700,220800,0,0,0,88392864000,0,5394900,0,0,268590844800,0,0,5.7768e+10,4900,0,0,0,738101300,0,0,21154340900,195549438300,0,3.984e+10,0,0,0,1093117830100,0,29710148800,0,9893100,0,6210920000,121553675200,0,0,0,37798825600,20311700,15513400,4900,29079941700,0,0,0,36800,104490955900,28747428900,569250700,0,0,3319654400,3706667500,0,0,0,0,0,1950200,0,162784900,0,912206300,0,0,0,13749463400,0,0,1042028800,19600,0,971520000,999600,0,0,88200,0,81470310000,34601825600,0,0,0,350101238100,0,0,587200,0,12685000,51960900800,0,34616697700,94273723800,0,36859174400,9231400,0,0,123532448000,1852200,51935947700,5203800,0,0,0,0,0,612300,0,197571976800,4142649600,0,0,0,3122000,0,0,0,976600,5674200,6340600,0,240544300,244833357000,0,0,0,0,811530500,0,0,71319500,14434910400,529200,0,0,24644260800,0,0,136067260800,3052700,15564707200,0,209326377700,0,27940507200,0,0,0,1.9872e+10,0,11051106400,0,1039305600,7648512000,285144170000,24500,8207500,0,0,0,0
"CHE",0,0,0,0,0,0,735000,44225600,0,0,0,0,0,0,0,0,0,0,0,0,0,0,0,0,4297300,6845300,0,0,0,0,0,84936600,4900,0,0,0,0,0,0,117600,0,61970300,0,0,0,0,0,0,0,0,0,0,0,2499820300,0,0,0,0,0,4776094200,0,0,0,0,0,0,0,0,0,0,0,1739500,0,0,0,0,0,0,0,259700,0,1265724000,0,0,0,6342300,0,0,0,0,0,2915500,0,0,0,0,0,0,0,4900,0,0,0,0,0,0,0,0,0,1293600,0,0,0,0,0,0,6071100,0,0,0,0,102900,0,0,450800,3890600,0,0,254800,0,0,0,0,42803300,1411200,0,0,0,0,0,0,0,1871800,0,368000,0,0,0,0,0,0,210700,0,754600,0,58800,7193200,0,0,0,64234100,0,0,0,2136400,0,891800,44100,0,0,0,0,0,0,0,0,198507600,0,51517000,0,0,0,0,0,0,0,0,0,15784600,58800,0,0,0,0,0
"SYR",0,0,0,0,0,0,0,0,0,0,0,0,0,0,0,0,0,0,0,0,0,0,0,0,0,0,0,0,0,0,0,0,0,0,0,0,0,0,0,0,0,0,0,0,0,0,0,0,0,0,0,0,0,0,0,0,0,0,0,0,0,0,0,0,0,0,0,0,0,0,0,0,0,0,0,0,0,0,0,0,0,0,0,0,0,0,0,0,0,0,0,0,0,0,0,0,0,0,0,0,0,0,0,0,0,0,0,0,0,0,0,0,0,0,0,0,0,0,0,0,0,0,0,0,0,0,0,0,0,0,0,0,0,0,0,0,0,0,0,0,0,0,0,0,0,0,0,0,0,0,0,0,0,0,0,0,0,0,0,0,0,0,0,0,0,0,0,0,0,0,0,0,0,0,0,0,0,0,0,0,0,0,0,0,0,0,0,0,0,0,0,0,0,0,0
"TKM",0,0,0,0,0,0,0,0,0,0,0,0,0,0,0,0,0,0,0,0,0,0,0,0,0,0,0,0,0,0,0,0,0,0,0,0,0,0,0,0,0,0,0,0,0,0,0,0,0,0,0,0,0,0,0,0,0,0,0,0,0,0,0,0,0,0,0,0,0,0,0,0,0,0,0,0,0,0,0,0,0,0,0,0,0,0,0,0,0,0,0,0,0,0,0,0,0,0,0,0,0,0,0,0,0,0,0,0,0,0,0,0,0,0,0,0,0,0,0,0,0,0,0,0,0,0,0,0,0,0,0,0,0,0,0,0,0,0,0,0,0,0,0,0,0,0,0,0,0,0,0,0,0,0,0,0,0,0,0,0,0,0,0,0,0,0,0,0,0,0,0,0,0,0,0,0,0,0,0,0,0,0,0,0,0,0,0,0,0,0,0,0,0,0,0
"TWN",0,0,0,0,0,0,11044600,14700,0,0,0,0,0,0,0,0,0,0,0,0,0,0,0,0,0,14880300,0,0,0,0,245000,3562186700,0,0,0,0,4900,0,0,0,0,0,0,0,0,0,0,0,0,0,0,323400,0,18237800,333200,0,0,0,0,0,0,0,186200,0,0,0,0,0,0,0,0,468566600,0,0,0,0,0,0,0,0,0,0,0,0,0,1352855700,0,0,0,0,0,247925300,0,0,0,0,0,0,0,0,19820700,0,0,39732000,0,0,0,0,0,0,0,0,0,0,331200,0,553700,0,0,0,0,5861900,0,0,0,0,0,36700,0,0,299200,7761600,57136700,0,0,0,0,0,0,0,0,0,0,0,0,0,0,0,0,0,0,0,0,445129100,0,365200,0,0,0,0,4900,137200,0,0,0,0,25602400,0,0,0,0,0,0,0,0,0,5875600,0,195654900,0,88200,0,0,19240600,0,0,0,0,1086800,0,0,0,0,0,0
"TZA",0,0,0,0,0,0,0,0,0,0,0,0,0,0,0,0,0,0,0,0,0,0,0,0,0,0,0,0,0,0,0,0,0,0,0,0,0,0,0,0,0,0,0,0,0,0,0,0,0,0,0,0,0,19872000,0,0,0,0,0,0,0,0,0,0,0,0,0,0,0,0,0,0,0,0,0,0,0,0,0,0,0,0,0,0,0,0,0,0,2738301300,0,0,0,0,0,0,0,0,0,0,0,0,0,0,0,0,0,0,0,107800,0,0,0,0,0,0,0,0,0,0,0,0,0,0,0,0,0,0,0,0,0,0,0,0,0,0,0,0,0,0,0,0,0,0,0,0,0,0,0,0,0,0,0,0,0,0,25048800,0,0,0,0,0,0,0,0,0,0,0,0,0,0,0,0,0,110400,33200000,0,0,0,0,0,0,0,0,0,0,0,190370000,0,0,0,0,0,916320000,0,0
"THA",0,0,0,0,0,9089500,2293797800,66140200,0,64033200,0,9055200,0,566807500,0,0,77684600,0,0,0,4648000,0,122487544200,0,0,525343700,0,0,26665800,0,4900,612338300,5497800,0,0,0,0,0,4267900,0,0,162983800,0,0,0,0,0,0,0,13543600,0,0,63053200,1230345900,318500,45309200,0,0,0,87837400,0,0,0,0,0,0,0,0,0,0,0,1353811200,0,0,12803700,34530300,5708500,0,13793500,128061500,1856874600,1069175100,0,28694400,0,4153431100,0,0,90552000,73008349600,0,624304100,0,0,3190840800,0,0,98000,0,0,0,0,0,5852030800,36823500,0,4267900,0,0,17728200,0,0,0,0,0,10971100,760230100,0,73500,0,0,152203800,0,0,945584000,142928100,0,0,27023500,0,0,4900,404955600,38420900,12818400,0,0,0,43727600,0,0,0,146745200,0,0,0,0,0,0,0,0,0,34143200,5700767800,0,29620500,216545700,9800,0,0,826659400,888448400,0,0,4614614200,5159700,0,0,8535800,0,0,0,12803700,10496470700,0,0,4561527600,0,3038998300,0,9800,0,0,1388905000,0,0,0,0,213757600,0,0,0,0,0,0
"TGO",0,0,0,0,0,0,0,0,0,0,0,0,0,0,0,0,0,0,0,0,0,0,0,0,0,0,0,0,0,0,0,0,0,0,0,0,0,0,0,0,6334715100,0,0,0,0,0,0,0,0,0,0,0,0,63700000,0,0,0,15395800,0,0,0,0,0,0,0,0,0,210508900,0,0,0,0,0,0,0,0,0,0,0,0,0,0,33128900,0,0,1421000,0,0,0,0,0,0,0,0,0,0,0,0,0,0,0,0,0,0,0,1246334600,0,0,0,0,0,0,0,0,0,0,0,0,0,0,0,0,0,985027400,0,0,0,0,0,0,0,0,0,0,0,0,0,0,0,0,0,0,0,0,0,0,0,0,0,0,0,0,0,0,0,1955100,0,0,0,0,0,0,0,0,0,0,0,0,0,0,0,0,0,0,0,0,0,0,0,0,0,0,0,0,0,0,0,0,0,0,0,0,0,0,0
"TON",0,0,0,0,0,0,0,0,0,0,0,0,0,0,0,0,0,0,0,0,0,0,0,0,0,0,0,0,0,0,0,0,0,0,0,0,0,0,0,0,0,0,0,0,0,0,0,0,0,0,0,0,0,0,0,0,0,0,0,0,0,0,0,0,0,0,0,0,0,0,0,0,0,0,0,0,0,0,0,0,0,0,0,0,0,0,0,0,0,0,0,0,0,0,0,0,0,0,0,0,0,0,0,0,0,0,0,0,0,0,0,0,0,0,0,0,0,0,0,0,0,0,0,0,0,0,0,0,0,0,0,0,0,0,0,0,0,0,0,0,0,0,0,0,0,0,0,0,0,0,0,0,0,0,0,0,0,0,0,0,0,0,0,0,0,0,0,0,0,0,0,0,0,0,0,0,0,0,0,0,0,0,0,0,110100,0,0,0,0,0,0,0,0,0,0
"TTO",0,0,0,0,711489800,0,0,0,34182400,0,1069047700,0,0,0,0,0,0,0,0,7085400,0,0,0,0,0,380681000,0,0,0,0,0,0,0,0,0,0,0,5512500,0,0,0,0,829442600,29400,0,0,0,0,0,0,0,0,0,1223843600,0,0,0,0,0,6752200,0,0,0,50788500,0,1080827600,0,0,6982754800,0,0,0,0,0,0,14342300,0,0,0,0,0,0,0,0,13171200,0,0,0,0,0,0,0,0,0,0,0,0,0,0,0,0,0,0,0,0,0,0,0,0,0,0,0,0,0,0,0,1024158800,0,0,0,0,0,0,0,0,0,0,0,0,0,0,0,0,0,0,0,0,0,0,0,0,0,0,505138000,1935500,6291600,0,0,0,0,0,0,0,0,0,0,0,411644800,0,0,7693000,0,0,0,0,0,0,0,0,0,0,0,0,4419800,0,0,146034700,0,567645400,0,0,0,813400,0,0,0,0,0,0,0,0,0,0,0,0
"OMN",0,0,0,0,0,0,0,0,0,0,0,0,0,0,0,0,0,0,0,0,0,0,0,0,0,0,0,0,0,0,0,0,0,0,0,0,0,0,0,0,0,0,0,0,0,0,0,0,0,0,0,0,0,367000,0,0,0,0,0,0,0,0,0,0,0,0,0,0,0,0,0,0,0,0,0,0,0,0,0,0,0,0,0,0,0,0,0,0,0,0,0,0,0,0,0,0,0,0,0,0,0,0,0,0,0,0,0,0,0,0,0,0,0,0,0,0,0,0,0,0,0,0,0,0,0,0,0,0,0,0,0,0,0,0,0,0,0,0,544749000,0,0,0,0,0,0,0,0,0,0,0,0,0,0,0,0,0,0,0,0,0,0,0,0,0,0,0,0,0,0,0,0,0,110318600,25564000,0,0,0,0,0,0,0,0,0,0,0,742474000,0,0,0,0,0,0,0,0,0
"TUN",0,0,0,52155600,0,0,0,0,0,0,0,0,0,0,0,0,0,0,0,0,0,0,0,0,0,0,0,0,0,0,0,0,0,0,0,0,0,0,0,0,0,0,0,0,0,0,0,0,0,0,0,0,0,159460700,0,0,0,0,0,0,0,0,0,0,0,0,0,0,0,0,0,0,0,0,0,0,0,0,0,0,0,13038900,0,0,0,6164200,0,0,0,0,0,0,0,0,0,0,0,0,0,0,0,0,0,0,0,0,0,0,0,0,0,0,0,0,0,0,0,0,0,0,0,0,0,0,0,0,0,0,0,0,0,0,0,0,0,0,0,0,0,0,0,0,0,0,0,0,0,0,1623301400,0,0,0,0,0,0,0,13793500,0,0,0,2940000,0,0,0,0,0,0,0,0,0,0,0,59951500,0,0,0,0,0,0,0,0,0,0,0,0,0,0,0,0,0,0,0,0,0,0
"TUR",0,0,83995800,0,970200,0,335246300,408209200,269500,772504600,0,0,0,0,11613000,0,0,0,0,0,0,636784400,0,0,0,3031968100,0,0,0,0,129085600,690684400,0,26651100,63660800,0,70006300,0,36330534800,2390508000,493552500,90993000,0,0,0,0,0,0,0,0,0,0,37975000,447365100,0,18438700,1228544000,0,0,345714600,641900,109568900,0,3320000,0,0,0,82398400,0,0,0,7305900,0,0,23083900,0,0,0,14904354400,0,473286100,1891400,631492400,0,0,124955100,26842200,0,26778500,0,0,185058300,0,0,0,7178994900,0,7928200,0,0,0,19242300,0,0,0,0,23867900,0,0,0,0,0,0,38509100,0,0,288737400,0,0,15371300,0,16179800,0,102831400,0,21359100,0,95716600,0,0,6404300,0,23578800,0,210700,0,0,0,218035300,0,1219448300,0,0,58800,0,0,0,478400,9221800,6183800,118413400,6953100,0,4116000,0,0,30659300,0,0,0,200797100,315104300,0,86553600,0,0,0,18311300,0,0,705036500,0,0,374399200,0,0,2252652500,155692600,170451400,16861000,14259000,0,0,0,387100,0,0,5713400,42051800,0,13426000,0,0,0,0
"ARE",9545200,173303200,0,0,0,0,208156900,0,0,2407911700,0,36367800,0,0,0,0,965300,0,0,0,10731000,0,1401400,6762000,0,0,0,0,9427600,0,0,33371000,0,19600,0,0,0,0,0,0,0,98000,0,0,0,0,26822600,0,0,0,0,0,0,23255400,0,19707800,0,0,627200,34995800,0,485100,0,0,0,0,0,34300,0,0,0,122500,0,0,0,109304300,3371200,16084400,194317400,5292000,0,3528000,0,0,0,0,8070300,0,72603300,98000,0,66400,62122200,0,0,17169600,0,58800,0,0,0,0,0,380795300,40474000,0,0,0,26763800,3650500,0,254800,1837500,0,0,7345100,318289300,0,0,0,0,18296600,0,0,675148800,58800,3654616000,0,818300,0,0,0,161700,284200,73500,0,0,18208400,26916520600,0,0,18379900,16939300,0,0,0,0,48890000,0,207853100,15425200,0,0,294014700,162656000,1396500,52743600,0,0,0,176400,196000,0,6394500,12558700,24789100,24857700,0,0,0,103732520300,0,20658400,0,21128800,0,64248800,0,12965400,0,0,0,1107400,116791500,2641100,0,42561400,12465600,21834400,0,0,0,5855500,0,0
"UGA",0,0,0,0,0,0,0,0,0,0,0,0,0,0,0,0,0,0,0,0,0,0,0,62426000,0,0,0,158916800,0,0,0,0,0,0,0,0,0,0,0,0,0,0,0,0,0,0,0,0,0,0,0,0,0,0,0,0,0,0,0,0,0,0,0,0,0,0,0,0,0,0,0,0,0,0,0,0,0,0,0,0,0,0,0,0,0,0,0,0,273557200,0,0,0,0,0,0,0,0,0,0,0,0,0,0,0,0,0,0,0,0,0,0,0,0,0,0,0,0,0,0,0,0,0,0,0,34300,0,0,0,0,0,0,0,0,0,0,0,0,0,0,0,0,1353894500,0,0,0,0,0,0,0,0,0,0,0,0,0,24500,0,0,0,0,0,0,0,0,0,9800,0,0,0,0,0,0,0,1445500,0,0,68600,0,0,0,0,0,0,0,0,0,9180115700,0,0,0,0,0,59324300,7643887300,0
"TUV",0,0,0,0,0,0,0,0,0,0,0,0,0,0,0,0,0,0,0,0,0,0,0,0,0,0,0,0,0,0,0,0,0,0,0,0,0,0,0,0,0,0,0,0,0,0,0,0,0,0,0,0,0,0,0,0,0,0,0,0,0,0,0,0,0,0,0,0,0,0,0,0,0,0,0,0,0,0,0,0,0,0,0,0,0,0,0,0,0,0,0,0,0,0,0,0,0,0,0,0,0,0,0,0,0,0,0,0,0,0,0,0,0,0,0,0,0,0,0,0,0,0,0,0,0,0,0,0,0,0,0,0,0,0,0,0,0,0,0,0,0,0,0,0,0,0,0,0,0,0,0,0,0,0,0,0,0,0,0,0,0,0,0,0,0,0,0,0,0,0,0,0,0,0,0,0,0,0,0,0,0,0,0,0,0,0,0,0,0,0,0,0,0,0,0
"GBR",504700,0,115782100,797132310800,11818800,620975200,19416402900,3677956100,2793000,789115400,9625929700,0,0,0,88740200,0,4762095200,0,5096100,11956000,35059500,801199200,2071910600,1027600,725200,58236956900,460600,0,5042615700,0,301868900,33576131600,12330389200,0,10629900800,0,64180200,0,14842799500,150380100,4361000,6639198600,3790400,94066200,153227900,92368000,423707000,7016800,790026400,2791405700,111567300,0,3707900800,390664973700,0,0,28644800,0,1275120000,881446916000,2597000,359167500,23123100,56307573200,0,375360000,10723900,1154184700,919021000,0,0,2011984800,2041605500,1798599000,23168376200,1898626100,9207085800,81855400,0,1000070973200,19197357000,63454729600,7291200,64846600,660121300,701630998900,9319800,0,37424000,5425242500,0,28091255300,0,106628600,0,127671300,0,0,156039004000,915726300,0,6955200,0,39134863200,0,607200000,10015712700,0,8313892800,4265538900,0,343683500,8452500,774200,0,0,1250345633400,0,0,196430100,0,8952807800,0,1533700,5364472300,12068132100,3148860000,105770900,981021700,0,89684700,1480194500,1598213300,21232326200,1147737992000,0,0,0,309146400,0,1832346000,5872000,29287641200,980321600,3131100,1899400,0,220734976500,2797883100,24549000,0,573426000,1273254100,19451151300,0,7383872900,2245487485300,0,0,1151500,101246104500,2798818400,0,0,38129674200,0,214407990600,0,0,18840425600,291208300,525904160600,2804778900,5166111100,171860200,0,0,239041600,432606131500,16877768000,88554800,0,0,140803706300,3769202700,33868800,11697542400,0,844955978700,2545587200,402956200,1999200,1372000,0,0
"UKR",26403775500,0,59525200,1217970385100,269500,0,3773000,19555025700,465500,2105112400,0,17208854800,0,0,0,0,0,0,0,0,0,0,0,0,0,164091200,0,0,0,0,220455900,3630937015000,4900,0,15930161300,0,0,0,498111093400,46878728000,2690080000,1666255800,0,0,240042349600,0,28604754800,0,2064480000,723991700,0,0,14700,3234000,0,0,65726297400,0,250240000,13165101000,0,232696100,0,167435331600,0,0,0,4879680000,0,0,0,12323500,9800,0,5210129400,1961393800,3316613600,441447202400,0,0,1095924166800,190051292700,0,18766800,0,180339616700,1207667928000,0,0,0,3263400,19859700,453646592800,699264300,0,328017001300,80960000,357700,3999030370400,8019152900,0,0,0,24500,0,4066400000,529200,0,0,38466247000,26690300,636003170400,0,118732829100,0,0,61939711800,0,0,58902900,0,277766300,0,0,9800,88200,135641796800,543900,249402000,0,0,0,182166800,97895290100,22579200,0,0,1.564e+09,385898374000,0,100644634600,32149216000,7506800,0,0,0,0,13584181321600,1501440000,0,0,0,17160380800,15939700,0,3997294200,828458236400,0,1960000,0,0,310805744000,0,2732332100,44100,9069900,0,0,0,0,59076710800,985631507200,953785057000,247750192100,0,93100,24703685800,0,533702100,50798720000,12279400,5807040000,0,65029678200,8861550400,0,17288824000,0,19091399400,0,4900,0,0,0,0
"USA",0,0,0,0,364306700,6220238000,13154878400,0,3829052400,677988500,449401900,4096400,0,0,246842400,0,1589279900,0,378214300,0,0,0,539000,0,0,1111246903300,0,7212800,671300,96138000,87866906700,6541897900,15029529400,0,0,813400,8755403800,697941300,130393900,0,0,2505649300,2744000,7953245100,0,101947900,0,245552900,0,1981800,0,5816300,657914500,2224744400,186097100,0,0,0,0,2421656700,0,0,101670100,2523500,0,14152400,27544921200,0,191778700,470438200,12349748400,2070760700,61262000,0,66015100,249429000,70348700,0,146191500,938357300,397756700,1427944800,0,5610500,584521700,181984302400,60936400,0,15107600,0,0,43819531000,152958400,48737200,0,141916600,0,12156900,0,38018700,0,0,0,1313637200,0,0,124087600,0,0,2860757091600,0,766262000,0,0,0,112435400,4872031200,0,0,0,1063300,1631281500,152800800,0,0,1392670500,1696520000,25219244200,8334900,0,15811248900,121714300,1780346700,27656600,1768900,0,0,0,307746900,0,0,0,1240889400,11039700,50444200,0,0,687460600,0,0,38401300,5586000,697300,2765271500,0,215336000,710643400,24284400,0,0,15218279200,495077800,0,0,42214451100,0,566347900,0,0,6564387400,7812739500,42355700,1004852800,4218951200,0,0,27407238500,14886200,0,0,3530330900,0,19667900,1561951000,0,0,0,0,2703720100,0,0,0,0,0,0
"BFA",0,0,0,0,0,0,0,0,0,0,0,0,0,0,0,0,0,0,0,0,0,0,0,0,0,0,0,0,0,0,0,0,0,0,0,0,0,0,0,0,0,0,0,0,0,0,0,0,0,0,0,0,0,0,0,0,0,0,0,0,0,0,0,0,0,0,0,0,0,0,0,0,0,0,0,0,0,0,0,0,0,0,0,0,0,0,0,0,0,0,0,0,0,0,0,0,0,0,0,0,0,0,0,0,0,0,0,0,0,0,0,0,0,0,0,0,0,0,0,0,0,0,0,12250000,0,0,0,0,0,0,0,0,0,0,0,0,0,0,0,0,0,0,0,0,0,0,0,0,0,0,0,0,0,0,0,0,0,0,0,0,0,0,0,0,0,0,0,0,0,0,0,0,0,0,0,0,0,0,0,0,0,0,0,0,0,0,0,0,0,0,0,0,0,0,0
"URY",0,0,0,0,0,19382200,2641100,0,0,0,8855404800,0,0,0,21124193600,0,1864978124200,0,0,0,0,0,0,0,0,0,0,0,0,0,1030558200,421400,171345200,0,0,0,0,2741011200,0,0,0,0,0,70990696000,0,0,0,0,0,0,0,0,0,0,0,0,0,0,0,0,0,0,0,0,0,0,48089393600,0,0,0,0,0,0,0,0,126143068000,0,0,0,0,0,1764000,0,0,0,0,0,0,0,0,0,0,0,0,0,0,0,0,0,0,0,0,0,0,0,0,0,0,0,54105800,0,0,0,0,0,0,0,0,0,0,0,0,0,0,0,0,0,0,0,0,94265254900,0,0,0,0,0,0,0,0,0,0,39840000,0,0,0,0,0,0,0,0,0,0,0,0,0,19920000,13141800,0,0,0,0,0,0,0,0,0,0,0,0,0,0,0,0,0,0,0,0,0,14822500,0,0,0,0,0,0,0,0,0,0,0,0,0,0,0,0
"UZB",0,0,0,0,0,0,0,0,0,0,0,0,0,0,0,0,0,0,0,0,0,0,0,0,0,0,0,0,0,0,0,0,0,0,0,0,0,0,0,0,0,0,0,0,0,0,0,0,0,0,0,0,0,0,0,0,0,0,0,0,0,0,0,0,0,0,0,0,0,0,0,0,0,0,0,0,0,0,0,0,0,0,0,0,0,0,0,0,0,0,0,0,0,0,0,0,0,0,0,0,0,0,0,0,0,0,0,0,0,0,0,0,0,0,0,0,0,0,0,0,0,0,0,0,0,0,0,0,0,0,0,0,0,0,0,0,0,0,0,0,0,0,0,0,0,0,0,0,0,0,0,0,0,0,0,0,0,0,0,0,0,0,0,0,0,0,0,0,0,0,0,0,0,0,0,0,0,0,0,0,0,0,0,0,0,0,0,0,0,0,0,0,0,0,0
"VEN",0,0,0,0,0,0,5091100,0,0,0,0,0,0,0,19600,0,0,0,0,0,0,0,0,0,0,0,0,0,0,0,21413000,0,0,0,0,0,0,0,0,0,0,0,0,0,0,0,0,0,0,0,0,0,0,0,0,0,0,0,0,0,0,0,0,0,0,0,0,0,0,0,0,0,0,0,0,0,0,0,0,0,0,0,0,0,0,0,0,0,0,0,0,0,0,0,0,0,0,0,0,0,0,0,0,0,0,0,0,0,0,0,0,0,0,0,0,0,0,0,0,0,0,0,0,0,0,0,0,136028900,0,0,0,0,0,0,0,0,0,0,0,0,0,0,0,0,0,0,0,0,0,0,0,0,0,0,0,0,0,0,0,0,0,0,0,0,0,0,0,0,0,0,0,0,0,0,0,0,0,0,0,0,0,0,0,0,0,0,0,0,0,0,0,0,0,0,0
"VNM",0,0,0,0,0,6507200,7840409900,0,0,192516100,0,176404900,0,0,0,0,0,0,0,0,0,0,1725404800,0,6365100,105531300,0,0,423347200,0,16331700,439441800,0,0,0,0,0,0,0,0,0,7541100,0,0,0,0,0,0,5768730800,11265100,0,17360700,0,344734600,0,0,0,0,0,117771500,0,0,32447800,0,0,0,0,0,0,0,45040800,772318400,0,0,0,635084100,71089200,0,0,0,3439800,7281400,0,0,0,8736450100,0,0,151650100,41157553600,0,1217429500,0,13666100,3246010500,0,0,0,0,0,0,0,0,2327946100,0,0,0,0,4449200,0,0,0,0,0,0,0,283945200,0,0,0,0,304554600,0,0,264600,0,0,64964200,0,7046200,0,0,833220500,0,0,0,529200,0,190296400,0,0,0,28851200,0,0,0,0,0,0,0,0,0,0,18286819600,0,16968700,14832300,0,0,0,29801800,16223900,0,0,114184700,0,10938810900,0,0,0,0,0,0,4704088200,0,0,279344100,0,982249100,0,0,0,0,0,0,0,0,0,0,0,0,0,0,0,0
"ETH",0,0,0,0,0,0,32595100,0,0,0,0,0,0,0,0,0,0,0,0,0,0,0,0,0,0,1873700,0,0,0,0,0,0,0,0,0,0,0,0,0,0,0,0,0,0,0,0,0,0,0,0,0,0,0,19967000,0,338055900,0,0,0,5710400,0,0,0,0,0,0,0,0,0,0,0,0,0,0,0,0,146800,0,0,0,311222300,17088800,0,0,0,0,0,0,0,0,0,0,0,0,0,8614200,0,0,0,0,0,0,0,0,0,0,0,0,0,0,0,0,0,0,0,0,16495700,0,0,0,0,1427600,0,0,0,73400,0,0,0,0,0,0,0,0,0,0,0,0,0,0,0,0,0,0,0,0,0,0,0,0,0,0,0,0,0,8844200,0,0,0,0,2065600,30404300,0,0,0,0,0,0,0,0,0,0,664000,0,6664000,0,57805300,0,224952600,0,0,0,0,0,0,0,0,0,0,0,0,0,20442800,2696321800,0
"YEM",0,0,0,0,0,0,0,0,0,830000,0,0,0,0,0,0,0,0,0,0,0,0,0,0,0,0,0,0,0,0,0,0,0,0,0,0,0,0,0,0,0,0,0,0,0,0,0,0,0,0,0,0,0,0,0,0,0,0,0,0,0,0,0,0,0,0,0,0,0,0,0,0,0,0,0,0,0,0,0,0,0,0,0,0,0,0,0,0,0,0,0,0,0,0,0,0,0,0,0,0,0,0,0,0,0,0,0,0,0,0,0,0,0,0,0,0,0,0,0,0,0,0,0,0,0,0,0,0,0,0,0,0,0,0,0,0,0,0,0,0,0,0,0,0,0,0,0,0,0,0,0,0,0,0,0,0,0,0,0,0,0,0,0,0,0,0,0,0,0,0,32038000,0,0,4083600,0,0,0,0,0,0,0,0,0,0,0,0,0,0,0,0,0,0,0,0,0
"COD",0,0,0,0,0,0,0,0,0,0,0,0,0,0,0,0,0,0,0,0,0,0,0,7173600,0,0,0,0,0,0,0,0,0,0,4.416e+09,0,0,0,0,0,0,0,0,0,0,0,0,0,0,0,0,0,0,793800,0,0,0,0,0,0,0,0,0,0,0,0,0,0,0,0,0,0,0,0,9800,0,0,0,0,0,0,0,0,0,0,0,0,0,0,0,0,0,0,0,0,0,0,0,0,0,0,0,0,0,0,0,0,0,0,0,0,0,0,0,0,0,0,0,0,0,0,0,0,0,0,0,0,0,0,0,0,0,0,0,0,0,0,0,0,0,0,2116800,0,0,0,0,0,0,0,0,0,0,0,0,0,0,0,0,0,0,0,14700,0,0,0,3601500,0,0,0,0,0,0,0,0,0,0,0,0,0,0,0,0,0,0,0,0,0,0,0,0,0,0,0,0,0
"ZMB",0,0,0,0,0,0,494900,0,0,0,0,0,0,0,0,0,0,0,0,0,0,0,0,0,0,0,0,0,0,0,0,0,0,0,0,0,0,0,0,0,0,0,0,0,0,0,0,0,0,0,0,0,0,0,0,0,0,0,0,0,0,0,0,0,0,0,0,0,0,0,0,0,0,0,0,0,0,0,0,0,0,0,0,0,0,0,0,0,0,0,0,0,0,0,0,0,0,0,0,0,0,0,0,0,0,0,0,0,0,0,0,0,0,0,0,0,0,0,0,0,0,0,0,0,0,0,0,0,0,0,0,0,0,0,0,0,0,0,0,10982560000,0,0,0,0,0,0,0,0,0,0,0,0,0,0,0,54158300,0,0,0,0,0,0,0,0,0,601949200,0,0,0,0,0,0,0,1166200,0,0,0,0,0,0,0,0,0,0,0,0,2940000,0,0,0,0,0,0,0,0
"BEL",103588100,23226300,36162000,92290045800,0,3411152500,10596524000,7304899300,8948656000,457233700,0,3276020200,0,0,170568000,4588960000,568370287200,0,76606600,4128960000,0,349445900,10259472000,63950009300,51044268600,48936381600,480778200,158012300,15573976700,43051584000,2058670300,82862570700,2656113300,32408600,95803892600,0,6230800600,554611400,5504312800,164978100,30911350000,12489988900,0,612216900,874004400,1324664500,1150115100,74661842300,6600336000,1685329200,3523200,0,1528414300,587274683200,4739441900,116620000,1545404700,100978748000,192379100,210492281000,2479400,67575131400,0,1649537900,0,0,88583743000,14974437400,17347960200,44818499000,3389872700,10263642000,1333983600,328351100,1241463100,11493037300,108540434500,5518785600,131365100,26570018900,5038781400,83299431700,180605534500,680317600,7871200000,258684007300,212197600,181387000,5783255300,61666821400,186200,169003642700,8300000,734579000,13237612200,6855866300,2502400000,2594619200,0,581197000,0,90525518300,4307219200,81582580700,29400,5989382600,656238100,441000,15414130700,241440634500,14371700,38009262900,29673051000,80984400,8346004200,340504800,2342766913800,0,16741432700,72311100,0,9904293700,0,1224661200,618000801700,4149212800,5976000,60980941600,489407300,0,134735300,93568375900,188376579800,3675504200,3046025600,45354400,0,4900,835121700,0,1147721300,35884363100,42358860800,0,7007004200,0,0,0,1974429200,1594845500,9476195600,2521490000,609254200,93317955600,0,351871492200,42450981800,10258129300,0,0,5636779900,5105891000,0,0,7180620100,116289172500,54796986100,54946924800,0,404265800,231725900,58551486400,3908289900,8681784000,14092660400,0,52772817500,11186394600,275834403900,20423489900,787806700,1346789000,254110697600,413217311700,139971001000,0,132349788000,154560000,0,24758106900,1515515300,89131000,0,0,0
"LUX",0,0,0,0,0,0,0,1220100,0,0,0,0,0,0,0,0,0,0,0,0,0,0,0,0,0,240100,0,0,0,0,0,39557700,0,0,0,0,0,0,0,0,4900,0,0,0,0,0,0,0,0,0,0,0,0,9260922400,0,0,0,0,0,61696751900,0,0,0,0,0,0,0,0,0,0,0,49000,0,0,1700300,0,0,0,0,0,0,27224400,0,0,0,578200,0,0,0,0,0,0,0,0,0,0,0,0,0,0,0,0,0,0,0,0,0,0,0,0,0,0,0,0,0,0,22459116600,0,0,0,0,0,0,0,0,245000,0,0,0,0,0,0,0,0,0,0,0,0,0,0,0,0,34300,0,0,0,0,0,0,0,0,0,0,0,0,0,58800,0,0,0,0,396900,0,0,3008600,0,0,0,0,0,0,0,0,0,0,0,1371289500,0,56996800,0,0,0,0,0,0,0,0,0,36806115500,0,0,0,0,0,0
"SRB",0,0,20717177200,0,0,0,47961200,17448696600,0,0,0,0,0,0,0,0,9800,0,0,0,0,53324791600,0,0,0,15500700,0,0,0,0,2582300,6247500,0,0,0,0,0,0,0,0,0,259700,0,0,0,0,0,0,0,0,0,0,0,22844400,0,0,0,0,0,557765100,93306696000,0,0,17599814500,0,0,0,0,0,0,0,0,34332680400,53510268800,0,0,0,79680000,0,0,14239400,443724700,0,132800000,0,0,0,0,0,0,0,0,0,0,0,0,0,0,0,0,0,0,0,0,0,0,9310000,0,0,0,0,0,0,0,0,13940500,5757500,0,0,43114428800,0,0,0,0,0,1504300,0,0,189120400,0,0,0,0,12793900,0,0,0,0,0,0,46629513100,0,15317400,0,0,0,0,0,0,0,0,1009840600,566371400,0,0,3234000,833000,0,0,147000,5091100,405089900,0,0,401800,0,0,0,0,0,0,4900,49800000,798700,166000,0,11745300,43510300,76910900,0,0,4980000,0,0,0,0,0,0,470400,0,0,18016717000,0,0,0
"MNE",0,0,2616761700,0,0,0,60333700,0,0,0,0,0,0,0,0,0,0,0,0,0,0,0,0,0,0,9314900,0,0,0,0,0,0,0,0,0,0,0,0,0,0,0,0,0,0,0,0,0,0,0,0,0,0,0,25533900,0,0,0,0,0,39783100,3021647000,0,0,0,0,0,0,0,0,0,0,0,0,804957300,0,0,0,0,0,0,0,896700,0,0,0,0,0,0,0,0,0,0,0,0,0,0,0,0,0,0,0,0,0,0,0,0,0,0,0,0,0,0,0,0,0,0,0,0,0,132422500,0,0,0,0,0,0,0,0,0,0,0,0,0,0,0,0,0,0,0,0,0,0,0,0,0,0,0,0,0,0,0,0,0,0,0,0,58800,0,0,0,18938500,0,0,0,0,0,0,0,0,0,0,0,0,0,0,0,0,29400,38107300,0,0,0,0,0,0,0,0,0,0,0,64337000,0,0,0,0
"SDN",0,0,0,0,0,0,0,0,0,0,0,0,0,0,0,0,0,0,0,0,0,0,0,0,0,0,0,0,0,0,0,0,0,0,0,0,0,0,0,0,0,0,0,0,0,0,0,0,0,0,0,0,0,0,0,0,0,0,0,0,0,0,0,0,0,0,0,0,0,0,0,0,0,0,0,0,0,0,0,0,0,0,0,0,0,0,0,0,0,0,0,0,0,0,0,0,0,0,0,0,0,0,0,0,0,0,0,0,0,0,0,0,0,0,0,0,0,0,0,0,0,0,0,0,0,0,0,0,0,0,0,0,0,0,0,0,0,0,0,0,0,0,0,0,0,0,0,0,0,0,0,0,0,0,0,0,0,0,0,0,0,0,0,0,0,0,0,0,0,0,0,0,0,0,0,0,0,0,0,0,0,0,0,0,0,0,0,0,0,0,0,0,0,0,0
"SSD",0,0,0,0,0,0,0,0,0,0,0,0,0,0,0,0,0,0,0,0,0,0,0,0,0,0,0,0,0,0,0,0,0,0,0,0,0,0,0,0,0,0,0,0,0,0,0,0,0,0,0,0,0,0,0,0,0,0,0,0,0,0,0,0,0,0,0,0,0,0,0,0,0,0,0,0,0,0,0,0,0,0,0,0,0,0,0,0,0,0,0,0,0,0,0,0,0,0,0,0,0,0,0,0,0,0,0,0,0,0,0,0,0,0,0,0,0,0,0,0,0,0,0,0,0,0,0,0,0,0,0,0,0,0,0,0,0,0,0,0,0,0,0,0,0,0,0,0,0,0,0,0,0,0,0,0,0,0,0,0,0,0,0,0,0,0,0,0,0,0,0,0,0,0,0,0,0,0,0,0,0,0,0,0,0,0,0,0,0,0,0,0,0,0,0
"PSE",0,0,0,0,0,0,0,0,0,0,0,0,0,0,0,0,0,0,0,0,0,0,0,0,0,0,0,0,0,0,0,0,0,0,0,0,0,0,0,0,0,0,0,0,0,0,0,0,0,0,0,0,0,0,0,0,0,0,0,0,0,0,0,0,0,0,0,0,0,0,0,0,0,0,0,0,0,0,0,0,0,0,0,0,0,0,0,0,0,0,0,0,0,0,0,0,0,0,0,0,0,0,0,0,0,0,0,0,0,0,0,0,0,0,0,0,0,0,0,0,0,0,0,0,0,0,0,0,0,0,0,0,0,0,0,0,0,0,0,0,0,0,0,0,0,0,0,0,0,0,0,0,0,0,0,0,0,0,0,0,0,0,0,0,0,0,0,0,0,0,0,0,0,0,0,0,0,0,0,0,0,0,0,0,0,0,0,0,0,0,0,0,0,0,0
