"","ARM","AFG","ALB","DZA","ATG","ARG","AUS","AUT","BHS","BHR","BRB","BGD","BMU","BTN","BOL","BWA","BRA","ARB","BLZ","SLB","BRN","BGR","MMR","BDI","CMR","CAN","CPV","CAF","LKA","TCD","CHL","CHN","COL","COM","COG","COK","CRI","CUB","CYP","AZE","BEN","DNK","DMA","DOM","BLR","ECU","EGY","SLV","GNQ","EST","FRO","FJI","FIN","FRA","PYF","DJI","GEO","GAB","GMB","DEU","BIH","GHA","KIR","GRC","GRL","GRD","GTM","GIN","GUY","HTI","HND","HKG","HUN","HRV","ISL","IND","IDN","IRN","IRQ","IRL","ISR","ITA","CIV","KAZ","JAM","JPN","JOR","KGZ","KEN","KHM","PRK","KOR","KWT","LVA","LAO","LBN","LSO","LBR","LBY","LTU","MAC","MDG","MWI","MYS","MDV","MLI","MLT","MRT","MUS","MEX","MNG","MAR","MOZ","MDA","NAM","NPL","NLD","ANT","NCL","MKD","VUT","NZL","NIC","NER","NGA","NOR","PAK","PAN","CZE","PNG","PRY","PER","PHL","POL","PRT","GNB","TLS","ERI","QAT","ZWE","ROU","RWA","RUS","KNA","LCA","VCT","STP","SAU","SEN","SYC","SLE","SVN","SVK","SGP","SOM","ZAF","ESP","SUR","TJK","SWZ","SWE","CHE","SYR","TKM","TWN","TZA","THA","TGO","TON","TTO","OMN","TUN","TUR","ARE","UGA","TUV","GBR","UKR","USA","BFA","URY","UZB","VEN","VNM","ETH","YEM","COD","ZMB","BEL","LUX","SRB","MNE","SDN","SSD","PSE"
"ARM",0,0,0,0,0,0,0,0,0,0,0,0,0,0,0,0,0,0,0,0,0,0,0,0,0,2450,0,0,0,0,0,18181450,0,0,0,0,0,0,0,0,0,0,0,0,0,0,0,0,0,0,0,0,0,41101200,0,0,13999300,0,0,0,0,0,0,818300,0,0,0,0,0,0,0,0,0,0,0,0,0,0,0,0,0,0,0,0,0,0,0,0,0,0,0,0,0,1928150,0,0,0,0,0,0,0,0,0,0,0,0,0,0,0,0,0,0,0,0,0,0,4900,0,0,0,0,0,0,0,0,0,0,0,2016350,0,0,0,0,30992500,0,0,0,0,0,0,0,0,882850150,0,0,0,0,0,0,0,0,0,0,0,0,0,0,0,0,0,0,19600,0,0,0,0,0,0,0,0,0,0,0,0,0,0,0,29145200,85299200,0,14479500,0,0,0,0,0,0,0,15251250,0,0,0,0,0,0
"AFG",0,0,0,0,0,0,0,0,0,0,0,0,0,0,0,0,0,0,0,0,0,0,0,0,0,0,0,0,0,0,0,0,0,0,0,0,0,0,0,0,0,0,0,1107400,0,0,0,0,0,0,0,0,0,0,0,0,0,0,0,0,0,0,0,0,0,0,0,0,0,0,0,0,0,0,0,0,0,0,0,0,0,0,0,0,0,0,0,0,0,0,0,0,0,0,0,0,0,0,0,0,0,0,0,0,0,0,0,0,0,0,0,0,0,0,0,0,0,0,0,0,0,0,0,0,0,0,3177240000,0,0,0,0,0,0,0,0,0,0,0,0,0,0,0,0,0,0,0,0,0,0,0,0,0,0,0,0,0,0,0,0,0,0,0,0,0,0,0,0,0,0,0,0,0,0,0,0,0,0,0,0,0,0,0,0,0,0,0,0,0,4900,0,0,0,0,0,0
"ALB",0,0,0,0,0,0,0,0,0,0,0,0,0,0,0,0,0,0,0,0,0,0,0,0,0,0,0,0,0,0,0,0,0,0,0,0,0,0,0,0,0,0,0,0,0,0,0,0,0,0,0,0,0,0,0,0,0,0,0,0,0,0,0,0,0,0,0,0,0,0,0,0,0,0,0,0,0,0,0,0,0,0,0,0,0,0,0,0,0,0,0,0,0,0,0,0,0,0,0,0,0,0,0,0,0,0,0,0,0,0,0,0,0,0,0,0,0,0,0,0,0,0,0,0,0,0,0,0,0,0,0,0,0,0,0,0,0,0,0,0,0,0,0,0,0,0,0,0,0,0,0,0,0,0,0,0,0,0,0,0,0,0,0,0,0,0,0,0,0,0,0,0,0,0,0,0,0,0,0,0,0,0,0,0,0,0,0,0,0,0,0,0,0,0,0
"DZA",0,0,0,0,0,0,0,0,0,0,0,0,0,0,0,0,0,0,0,0,0,0,0,0,0,0,0,0,0,0,0,0,0,0,0,0,0,0,0,0,0,0,0,0,0,0,0,0,0,0,0,0,0,48655300,0,0,0,0,0,0,0,0,0,0,0,0,0,0,0,0,0,0,0,0,0,0,0,0,0,0,0,0,0,0,0,0,0,0,0,0,0,0,0,0,0,0,0,0,0,0,0,0,0,0,0,0,0,0,0,0,0,0,0,0,0,0,17150,0,0,0,0,0,0,0,0,0,0,0,0,0,0,0,0,0,0,0,0,0,0,0,0,0,0,0,0,0,0,0,0,0,0,0,0,0,0,0,0,0,0,0,0,0,0,0,0,0,0,0,0,0,0,0,0,0,0,0,0,0,0,0,0,0,0,0,0,0,0,0,31850,0,0,0,0,0,0
"ATG",0,0,0,0,0,0,0,0,0,0,0,0,0,0,0,0,0,0,0,0,0,0,0,0,0,0,0,0,0,0,0,0,0,0,0,0,0,0,0,0,0,0,0,0,0,0,0,0,0,0,0,0,0,0,0,0,0,0,0,0,0,0,0,0,0,0,0,0,0,0,0,0,0,0,0,0,0,0,0,0,0,0,0,0,0,0,0,0,0,0,0,0,0,0,0,0,0,0,0,0,0,0,0,0,0,0,0,0,0,0,0,0,0,0,0,0,0,0,0,0,0,0,0,0,0,0,0,0,0,0,0,0,0,0,0,0,0,0,0,0,0,0,0,0,0,0,0,0,0,0,0,0,0,0,0,0,0,0,0,0,0,0,0,0,0,0,0,0,0,1445500,0,0,0,0,0,0,0,0,0,0,0,0,0,0,0,0,0,0,0,0,0,0,0,0,0
"ARG",0,0,0,0,0,0,0,0,0,0,0,0,0,0,9150204350,0,3570987060000,0,0,0,0,0,0,0,0,0,0,0,0,0,89551343500,0,1012890500000,0,0,0,0,0,0,0,0,0,0,0,0,137674258000,0,0,0,0,0,0,0,0,0,0,0,0,0,0,0,0,0,0,0,0,0,0,0,0,0,0,0,0,0,0,0,0,0,0,0,0,0,0,0,0,2.822e+11,0,0,0,0,0,765301500000,0,0,0,0,0,0,0,0,0,0,0,0,0,0,0,0,0,0,0,0,0,0,0,0,0,0,0,0,0,0,0,0,0,0,0,0,0,24858652500,377422580000,0,0,0,0,0,0,116565864000,0,0,0,0,0,0,0,0,2568596020000,0,0,0,0,0,0,0,0,0,0,0,0,0,0,0,0,0,0,0,0,0,0,159975860000,210745300000,0,625489660000,0,0,0,0,122825850,0,91274241400,0,0,146033520000,0,0,0,0,0,0,0,0,0,0,0
"AUS",0,0,0,0,0,7419118550,0,0,22020000,185113650,0,4343536750,0,0,0,0,84199983150,0,0,691345600,165058250,0,48866863100,0,0,445776550,0,0,385350,0,43195900,10498716122700,236678300,0,0,40314950,14973600,0,0,0,0,176400,0,74868000,0,0,2056163500,328832000,0,0,0,8531849750,176215050,5863650,310607950,0,0,0,0,901932200,0,134120150,10643000,0,0,0,377716400,0,10569600,0,1761600,4084234800,0,0,0,20445288950,43305932250,0,0,0,0,346964250,17836200,0,41397600,2695009295800,3523200,0,8000600,147281649450,0,405424319850,75986849250,134230250,30467600,28772800,0,0,0,0,50411900,91107750,0,42181855000,3725050,0,0,0,10496390400,4747200,59325550,0,0,0,0,9.2e+07,36599950,0,3267008350,0,906816150,42803744200,0,0,40373816800,110250,5998553500,0,2339750,12537133350,44040000,3688350,301749395850,86979000,423850,0,297332700,0,122453127000,0,0,0,0,0,0,0,0,115169172950,0,0,0,0,0,100711458350,0,6932600,24500,0,0,0,0,1643400,0,0,102792272050,0,1308397063650,0,0,220200,421811450,0,222934150,251891314700,1816650,2330450,556231850,0,1898878350,0,1137700,0,0,1202182093200,12407359200,0,0,0,60193600,0,0,0,1288000,0,0
"AUT",42356800,0,2742188000,2450,0,9800,120606100,0,19600,2450,0,0,0,0,0,0,1710100,0,0,0,0,26043028350,0,0,0,868017850,0,0,0,0,66400,671270000,920000,0,171500,0,0,206770600,6524350,222017700,2450,224462950,0,7857150,191772650,0,68600,0,0,261653850,0,3689700,25789300,2556166450,0,0,6996750,7350,0,54643096200,20391074550,0,0,212706850,0,0,0,0,0,0,0,58866150,23620867500,26213926250,0,36923950,4900,156332750,36700,107463350,203776300,214315854250,0,31850,0,390262000,71050,26496000,82050,0,0,1954975050,58800,1988201350,0,24554100,0,0,0,1373374950,0,0,0,137200,0,88200,39661900,0,0,8940050,36267150,56350,0,114549550,0,0,4441688150,0,0,2974585000,0,41733300,0,0,160450,5027900,80850,4900,50895328250,0,3951850,0,149400,52364847700,202120350,0,0,0,0,0,34935947800,0,8658411800,0,0,0,0,106973750,0,0,0,20093297550,11369476900,30296700,0,15754300,698924000,0,0,0,157299700,3485376650,0,1835000,21288050,0,2263950,0,0,0,20283550,0,131496600,184780350,0,0,1126751950,884595200,997432100,0,0,0,0,3020850,0,0,0,0,584584150,6519750,3665750300,27546900,0,0,0
"BHS",0,0,0,0,0,0,0,0,0,0,0,0,0,0,0,0,0,0,0,0,0,0,0,0,0,0,0,0,0,0,0,0,0,0,0,0,0,0,0,0,0,0,0,0,0,0,0,0,0,0,0,0,0,0,0,0,0,0,0,0,0,0,0,0,0,0,0,0,0,0,0,0,0,0,0,41650,0,0,0,0,0,0,0,0,0,0,0,0,0,0,0,0,0,0,0,0,0,0,0,0,0,0,0,0,0,0,0,0,0,0,0,0,0,0,0,0,0,0,0,0,0,0,0,0,0,0,0,0,0,0,0,0,0,0,0,0,0,0,0,0,0,0,0,0,0,0,0,0,0,0,0,0,0,0,0,0,0,0,0,0,0,0,0,0,0,0,0,0,0,0,0,0,0,0,0,0,90650,0,105460250,0,0,0,0,0,0,0,0,0,0,0,0,0,0,0,0
"BHR",0,0,0,0,0,0,0,0,0,0,0,0,0,0,0,0,0,0,0,0,0,0,0,0,0,0,0,0,0,0,0,0,0,0,0,0,0,0,0,0,0,0,0,0,0,0,0,0,0,0,0,0,0,0,0,0,0,0,0,0,0,0,0,0,0,0,0,0,0,0,0,0,0,0,0,0,0,0,0,0,0,0,0,0,0,0,0,0,0,0,0,0,0,0,0,0,0,0,0,0,0,0,0,0,0,0,0,0,0,0,0,0,0,0,0,0,0,0,0,0,0,0,0,0,0,0,0,0,1712550,0,0,0,0,0,0,0,0,0,0,0,0,0,0,0,0,0,0,249000,0,0,0,0,0,0,0,0,0,0,0,0,0,0,0,0,0,0,0,0,0,0,0,0,0,0,0,0,24203550,0,0,0,0,0,0,0,0,0,0,0,0,0,0,0,0,0,0
"BRB",0,0,0,0,60931500,0,0,0,0,0,0,0,0,0,0,0,0,0,46550,0,0,0,0,0,0,9295300,0,0,0,0,0,17150,0,0,0,0,0,2450,0,0,0,0,4900,120050,0,0,0,0,0,0,0,0,0,21001400,0,0,0,0,0,0,0,0,0,0,0,2062900,0,0,0,0,0,0,0,0,0,0,0,0,0,82100,0,0,0,0,232750,0,0,0,0,0,0,0,0,0,0,0,0,0,0,0,0,0,0,0,0,0,0,0,0,29400,0,0,0,0,0,0,0,0,0,0,0,0,0,0,0,0,0,0,0,0,0,0,0,0,0,0,0,0,0,0,0,0,0,2817900,6730150,612500,0,0,0,0,0,0,0,0,0,0,0,0,0,0,0,0,0,0,0,0,0,0,0,60816350,0,0,0,0,0,0,19244750,0,47436900,0,0,0,0,0,0,0,0,0,0,0,0,0,0,0,0
"BGD",0,0,0,0,0,0,0,0,0,0,0,0,0,0,0,0,0,0,0,0,0,0,0,0,0,0,0,0,0,0,0,0,0,0,0,0,0,0,532150,0,0,0,0,0,0,0,0,0,0,0,0,0,0,0,0,0,0,0,0,0,0,0,0,0,0,0,0,0,0,0,0,0,0,0,0,0,0,0,0,146800,0,0,0,0,0,0,0,0,0,0,0,0,1840000,0,0,0,0,0,0,0,0,0,0,0,0,0,0,0,12909500,0,0,0,0,0,0,0,0,0,0,0,0,0,0,0,0,0,0,0,0,0,0,0,0,0,0,0,0,0,108888900,0,0,0,0,0,0,0,0,0,0,0,0,0,0,15451200,0,0,0,0,0,0,0,0,0,0,0,0,0,0,0,0,0,0,0,5216050,0,0,0,0,0,0,0,0,0,0,0,0,0,0,0,0,0,0,0,0,0
"BMU",0,0,0,0,0,0,0,0,0,0,0,0,0,0,0,0,0,0,0,0,0,0,0,0,0,0,0,0,0,0,0,0,0,0,0,0,0,0,0,0,0,0,0,0,0,0,0,0,0,0,0,0,0,0,0,0,0,0,0,0,0,0,0,0,0,0,0,0,0,0,0,0,0,0,0,0,0,0,0,0,0,0,0,0,0,0,0,0,0,0,0,0,0,0,0,0,0,0,0,0,0,0,0,0,0,0,0,0,0,0,0,0,0,0,0,0,0,0,0,0,0,0,0,0,0,0,0,0,0,0,0,0,0,0,0,0,0,0,0,0,0,0,0,0,0,0,0,0,0,0,0,0,0,0,0,0,0,0,0,0,0,0,0,0,0,0,0,0,0,0,0,0,0,0,0,0,0,0,0,0,0,0,0,0,0,0,0,0,0,0,0,0,0,0,0
"BTN",0,0,0,0,0,0,0,0,0,0,0,0,0,0,0,0,0,0,0,0,0,0,0,0,0,0,0,0,0,0,0,0,0,0,0,0,0,0,0,0,0,0,0,0,0,0,0,0,0,0,0,0,0,0,0,0,0,0,0,0,0,0,0,0,0,0,0,0,0,0,0,0,0,0,0,234795750,0,0,0,0,0,0,0,0,0,0,0,0,0,0,0,0,0,0,0,0,0,0,0,0,0,0,0,0,0,0,0,0,0,0,0,0,0,0,0,0,0,0,0,0,0,0,0,0,0,0,0,0,0,0,0,0,0,0,0,0,0,0,0,0,0,0,0,0,0,0,0,0,0,0,0,0,0,14700,0,0,0,0,0,0,0,0,0,0,0,0,1046150,0,0,0,0,0,0,0,0,0,0,0,0,0,0,0,0,0,0,0,0,0,0,0,0,0,0,0,0
"BOL",0,0,0,0,0,5945400,0,0,0,0,0,0,0,0,0,0,0,0,0,0,0,0,0,0,0,0,0,0,0,0,147073500,0,0,0,0,0,0,0,0,0,0,0,0,0,0,0,0,0,0,0,0,0,0,0,0,0,0,0,0,0,0,0,0,0,0,0,0,0,0,0,0,0,0,0,0,0,0,0,0,0,0,0,0,0,0,0,0,0,0,0,0,0,0,0,0,0,0,0,0,0,0,0,0,0,0,0,0,0,0,0,0,0,0,0,0,0,0,0,0,0,0,0,0,0,0,0,0,0,0,0,0,0,0,0,0,0,0,0,0,0,0,0,0,0,0,0,0,0,0,0,0,0,0,0,0,0,25161500,0,0,0,0,0,0,0,0,0,0,0,0,0,0,0,0,0,0,0,0,0,9065000,0,0,0,0,0,0,0,0,0,0,0,0,0,0,0,0
"BWA",0,0,0,0,0,0,0,0,0,0,0,0,0,0,0,0,0,0,0,0,0,0,0,0,0,0,0,0,0,0,0,0,0,0,0,0,0,0,0,0,0,0,0,0,0,0,0,0,0,0,0,0,0,0,0,0,0,0,0,0,0,0,0,0,0,0,0,0,0,0,0,0,0,0,0,0,0,0,0,0,0,0,0,0,0,0,0,0,0,0,0,0,0,0,0,0,0,0,0,0,0,0,0,0,0,0,0,0,0,0,0,0,0,0,213638050,0,0,0,0,0,0,0,0,0,0,0,0,0,0,0,0,0,0,0,0,0,0,0,0,61250,0,0,0,0,0,0,0,0,0,0,0,0,0,0,0,164154750,0,0,0,0,0,0,0,0,0,0,0,0,0,0,0,0,0,0,0,0,0,0,0,0,0,0,0,0,0,0,0,43482050,0,0,0,0,0,0,0
"BRA",0,0,0,0,504700,11477604950,955500,392000,2701800,1050500,136900,0,0,0,7373757650,0,0,0,0,0,0,80850,0,0,0,504700,73600,0,0,0,7112350,68070800,485980100,147000,0,0,5884900,9800,2623100,0,0,875450,0,0,0,1431888000,2450,0,4900,0,0,0,0,38536050,0,0,0,0,0,9684350,4900,2450,0,3763200,0,0,0,0,9800,0,0,8649700,0,0,0,507150,0,26400,0,9493750,0,2925300,12250,0,0,6872250,39200,0,0,0,0,411600,0,0,0,303800,0,11916550,0,0,34300,0,0,318500,232750,0,4750550,0,0,68600,0,0,0,0,0,0,31543900,0,0,0,0,3633350,0,0,0,9194850,0,20041000,0,0,55339827400,2744606150,911400,71050,17480750,0,0,0,7350,0,0,0,0,0,0,0,0,0,0,0,0,0,0,7922200,0,0,2040850,2910600,0,0,29400,18463200,0,0,63700,0,548800,0,0,0,0,0,300800,29400,0,46550,26204100,0,361104950,0,4363942400,0,0,24500,0,0,0,0,901600,0,0,0,0,0,0
"ARB",0,0,0,0,0,0,0,0,0,0,0,0,0,0,0,0,0,0,0,0,0,0,0,0,0,0,0,0,0,0,0,0,0,0,0,0,0,0,0,0,0,0,0,0,0,0,0,0,0,0,0,0,0,0,0,0,0,0,0,0,0,0,0,0,0,0,0,0,0,0,0,0,0,0,0,0,0,0,0,0,0,0,0,0,0,0,0,0,0,0,0,0,0,0,0,0,0,0,0,0,0,0,0,0,0,0,0,0,0,0,0,0,0,0,0,0,0,0,0,0,0,0,0,0,0,0,0,0,0,0,0,0,0,0,0,0,0,0,0,0,0,0,0,0,0,0,0,0,0,0,0,0,0,0,0,0,0,0,0,0,0,0,0,0,0,0,0,0,0,0,0,0,0,0,0,0,0,0,0,0,0,0,0,0,0,0,0,0,0,0,0,0,0,0,0
"BLZ",0,0,0,0,0,0,0,0,7350,0,0,0,0,0,0,0,156800,0,0,0,0,0,0,0,0,0,0,0,0,0,0,0,0,0,0,0,0,0,0,0,0,0,0,0,0,0,0,0,0,0,0,0,0,6044150,0,0,0,0,0,0,0,0,0,0,0,0,13280000,0,0,0,41052200,0,0,0,0,0,0,0,0,0,0,0,0,0,0,0,0,0,0,0,0,0,0,0,0,0,0,0,0,0,0,0,0,0,0,0,0,0,0,1111677700,0,0,0,0,0,0,0,0,0,0,0,0,0,0,0,0,0,13347600,0,0,0,0,0,0,0,0,0,0,0,0,0,0,0,0,1021650,139245750,0,0,0,0,0,0,0,0,0,0,0,0,0,0,0,0,0,0,0,0,0,0,0,0,0,0,0,0,0,0,90650,0,1798300,0,0,0,0,0,0,0,0,0,0,0,0,0,0,0,0
"SLB",0,0,0,0,0,0,0,0,0,0,0,0,0,0,0,0,0,0,0,0,0,0,0,0,0,0,0,0,0,0,0,0,0,0,0,0,0,0,0,0,0,0,0,0,0,0,0,0,0,0,0,9800,0,0,0,0,0,0,0,0,0,0,7016800,0,0,0,0,0,0,0,0,0,0,0,0,0,0,0,0,0,0,0,0,0,0,0,0,0,0,0,0,0,0,0,0,0,0,0,0,0,0,0,0,0,0,0,0,0,0,0,0,0,0,0,0,0,2450,0,0,0,38854550,0,0,0,0,0,0,0,0,0,0,0,0,0,0,0,0,0,0,0,0,0,0,0,0,0,0,0,0,0,0,0,0,0,0,0,0,0,0,0,0,0,0,0,0,0,0,0,0,0,0,0,0,0,0,0,0,0,0,0,0,0,0,0,0,0,0,0,0,0,0,0,0,0,0
"BRN",0,0,0,0,0,0,0,0,0,0,0,0,0,0,0,0,0,0,0,0,0,0,0,0,0,0,0,0,0,0,0,0,0,0,0,0,0,0,0,0,0,0,0,0,0,0,0,0,0,0,0,0,0,0,0,0,0,0,0,0,0,0,0,0,0,0,0,0,0,0,0,0,0,0,0,0,0,0,0,0,0,0,0,0,0,0,0,0,0,0,0,0,0,0,0,0,0,0,0,0,0,0,0,1523050,0,0,0,0,0,0,0,0,0,0,0,0,0,0,0,0,0,0,0,0,0,0,0,0,0,0,0,0,0,0,0,0,0,0,0,0,0,0,0,0,0,0,0,0,0,0,0,0,0,0,0,0,0,0,0,0,0,0,0,0,0,0,0,0,0,0,0,0,0,0,0,0,0,0,0,0,0,0,0,0,0,0,0,0,0,0,0,0,0,0,0
"BGR",14168000,0,0,28887320000,953050,0,1234800,5002900,144550,0,0,38180000,0,0,0,0,0,0,0,0,0,0,0,0,0,0,0,0,0,0,0,58800,0,0,0,0,0,0,86022368750,0,0,2582300,0,0,0,0,0,0,0,88200,0,0,0,8320200,0,0,9435200,0,0,132406000,227504550,0,0,172476823950,0,0,0,0,0,0,0,524300,14574800,181714200,0,0,0,29382000,40480000,0,42133796500,8280479000,0,0,0,0,0,0,0,0,0,0,0,0,0,24197488000,0,220500,223427666800,0,0,0,0,0,0,3667650,6284250,0,0,0,0,0,0,33709150,0,0,30318750,0,0,5384155200,0,0,0,0,0,0,562507600,105350,71050,0,0,0,0,7095200,9385968300,0,0,0,0,0,41056028400,0,634550,0,0,0,0,1.0956e+11,0,0,0,920000,0,286650,0,0,55496061550,0,0,0,0,0,0,0,0,0,0,0,0,0,375193200,4.565e+10,25280770800,2562973600,0,0,99146250,477100,26584950,0,0,0,0,0,0,0,0,0,40437300,0,3750729250,528455200,0,0,0
"MMR",0,0,0,0,0,0,0,0,0,0,0,0,0,0,0,0,0,0,0,0,0,0,0,0,0,0,0,0,0,0,0,0,0,0,0,0,0,0,0,0,0,0,0,0,0,0,0,0,0,0,0,0,0,0,0,0,0,0,0,0,0,0,0,0,0,0,0,0,0,0,0,0,0,0,0,0,0,0,0,0,0,0,0,0,0,0,0,0,0,0,0,0,0,0,0,0,0,0,0,0,0,0,0,0,0,0,0,0,0,0,0,0,0,0,0,0,0,0,0,0,0,0,0,0,0,0,0,0,0,0,0,0,0,0,0,0,0,0,0,0,0,0,0,0,0,0,0,0,0,0,0,0,0,0,0,0,0,0,0,0,0,0,0,0,0,0,0,0,0,0,0,0,0,0,0,0,0,0,0,0,0,0,0,0,0,0,0,0,0,0,0,0,0,0,0
"BDI",0,0,0,0,0,0,0,0,0,0,0,0,0,0,0,0,0,0,0,0,0,0,0,0,0,0,0,0,0,0,0,0,0,0,0,0,0,0,0,0,0,0,0,0,0,0,0,0,0,0,0,0,0,0,0,0,0,0,0,0,0,0,0,0,0,0,0,0,0,0,0,0,0,0,0,0,0,0,0,0,0,0,0,0,0,0,0,0,0,0,0,0,0,0,0,0,0,0,0,0,0,0,0,0,0,0,0,0,0,0,0,0,0,0,0,0,0,0,0,0,0,0,0,0,0,0,0,0,0,0,0,0,0,0,0,0,0,0,0,0,0,375685650,0,0,0,0,0,0,0,0,0,0,0,0,0,0,0,0,0,0,0,0,0,0,0,158818800,0,0,0,0,0,0,0,0,4606000,0,0,0,0,0,0,0,0,0,0,0,4473758800,0,0,0,0,0,0,0,0
"CMR",0,0,0,0,0,0,0,0,0,0,0,0,0,0,0,0,0,0,0,0,0,0,0,0,0,0,0,1590517150,0,54880000,0,0,0,0,67524450,0,0,0,4900,0,0,0,0,0,0,0,0,0,294862400,0,0,0,0,90532400,0,0,0,552857500,0,5752600,0,0,0,0,0,0,0,0,0,0,0,0,0,0,0,0,0,0,0,213150,0,0,0,0,0,0,0,0,0,0,0,0,0,0,0,0,0,0,0,12250,0,0,0,0,0,0,0,0,0,0,0,0,0,0,0,0,2474500,0,0,0,0,0,0,0,0,0,0,0,0,0,0,0,0,0,0,0,0,0,0,0,0,0,0,0,0,0,0,0,0,0,0,0,0,0,0,36750,0,0,0,0,0,68600,0,0,0,0,0,0,0,0,0,0,0,0,0,0,4691750,0,18340700,0,0,0,0,0,0,0,0,0,10390450,0,0,0,0,0,0
"CAN",0,0,0,0,0,58502355200,330799200,0,0,0,0,0,0,0,0,0,20686770400,0,6128727200,0,0,0,292160000,0,0,0,0,0,0,0,0,5331973671200,50286456800,0,0,0,1026039200,0,0,0,0,0,0,0,0,275650400,0,0,0,0,0,0,0,35144000,0,0,0,0,0,41500000,0,0,0,0,0,0,0,0,0,0,1195172000,18260000,0,0,0,0,60867220000,0,0,0,0,0,0,0,0,1490604253600,0,0,0,0,0,91553768800,340769780000,0,0,0,0,0,0,0,0,0,0,137780000,73040000,0,0,0,0,309810754400,0,0,0,0,0,0,0,0,0,0,0,0,0,0,0,0,0,1781296800,0,0,0,0,0,0,0,0,0,0,0,0,0,0,0,0,4986400,0,0,0,0,0,0,0,0,4416000,0,224940000,0,0,0,0,0,0,0,0,402980000,0,0,0,0,94392000,27014840000,0,0,33241500000,0,0,0,0,1727301197300,498000,0,0,81340000,132800000,0,0,0,0,0,0,0,0,0,0,0
"CPV",0,0,0,0,0,0,0,0,0,0,0,0,0,0,0,0,0,0,0,0,0,0,0,0,0,0,0,0,0,0,0,0,0,0,0,0,0,0,0,0,0,0,0,0,0,0,0,0,0,0,0,0,0,0,0,0,0,0,0,0,0,0,0,0,0,0,0,0,0,0,0,0,0,0,0,0,0,0,0,0,0,0,0,0,0,0,0,0,0,0,0,0,0,0,0,0,0,0,0,0,0,0,0,0,0,0,0,0,0,0,0,0,0,0,0,0,0,0,0,0,0,0,0,0,0,0,0,0,0,0,0,0,0,0,4579050,0,0,0,0,0,0,0,0,0,0,0,0,0,0,0,0,0,0,0,0,0,0,0,0,0,0,0,0,0,0,0,0,0,0,0,0,0,0,0,0,0,0,0,0,0,0,0,0,0,0,0,0,0,0,0,0,0,0,0,0
"CAF",0,0,0,0,0,0,0,0,0,0,0,0,0,0,0,0,0,0,0,0,0,0,0,0,2548000,0,0,0,0,0,0,6615000,0,0,0,0,0,0,0,0,0,0,0,0,0,0,0,0,0,0,0,0,0,0,0,0,0,0,0,0,0,0,0,0,0,0,0,0,0,0,0,0,0,0,0,0,0,0,0,0,0,0,0,0,0,0,0,0,0,0,0,0,0,0,0,0,0,0,0,0,0,0,0,0,0,0,0,0,0,0,0,0,0,0,0,0,0,0,0,0,0,0,0,0,0,0,0,0,0,0,0,0,0,0,0,0,0,0,0,0,0,0,0,0,0,0,0,0,0,0,0,0,0,0,0,0,0,0,0,0,0,0,0,0,0,0,0,0,0,0,0,0,0,0,0,0,0,0,0,0,0,0,0,0,0,0,0,0,0,0,0,0,0,0,0
"LKA",0,0,0,0,0,0,76745550,0,0,1560400,0,1122100,0,0,0,0,0,0,0,0,0,0,0,0,0,55268550,0,0,0,0,0,55825700,0,0,0,0,0,0,1114750,0,0,33200,0,0,0,0,0,0,4410000,0,0,29743000,0,43358200,0,0,0,0,0,616400,1879150,0,0,0,0,0,0,0,0,0,24500,2180500,0,7840000,0,254800,0,0,14383950,12250,0,43617100,0,0,0,25109500,20387200,0,0,68600,0,12276950,0,0,0,6704500,0,0,0,0,0,0,0,25227650,568411150,0,0,0,0,0,0,0,0,0,0,0,34030500,0,0,0,0,1485650,0,0,0,116000,0,0,0,0,0,0,4679500,0,0,0,0,0,302414350,0,0,40483800,0,0,0,0,0,0,0,0,0,0,0,715400,0,0,0,0,0,0,0,13029350,0,0,0,0,6769350,0,0,477173400,49795800,0,0,156736300,619516800,0,45297950,0,44225950,0,0,0,0,0,0,0,0,257600,8412700,0,0,0,521906350,0,0
"TCD",0,0,0,0,0,0,0,0,0,0,0,0,0,0,0,0,0,0,0,0,0,0,0,0,0,0,0,0,0,0,0,0,0,0,0,0,0,0,0,0,0,0,0,0,0,0,0,0,0,0,0,0,0,0,0,0,0,0,0,0,0,0,0,0,0,0,0,0,0,0,0,0,0,0,0,0,0,0,0,0,0,0,0,0,0,0,0,0,0,0,0,0,0,0,0,0,0,0,0,0,0,0,0,0,0,0,0,0,0,0,0,0,0,0,0,0,0,0,0,0,0,0,0,0,0,0,0,0,0,0,0,0,0,0,0,0,0,0,0,0,0,0,0,0,0,0,0,0,0,0,0,0,0,0,0,0,0,0,0,0,0,0,0,0,0,0,0,0,0,0,0,0,0,0,0,0,0,0,0,0,0,0,0,0,0,0,0,0,0,0,0,0,0,0,0
"CHL",0,0,0,0,0,2128284200,1560650,0,0,0,2920080000,584979650,0,0,9839145150,0,1534297400,0,0,0,0,0,0,0,0,80449700,0,0,0,0,0,28561400,7539690150,0,0,0,8509055100,198180000,0,0,0,0,19818000,752276600,0,32478621550,135643200,177934000,0,0,0,0,3260950,0,0,0,0,0,0,23325150,0,0,0,0,0,0,15142698350,0,338100,0,323033400,0,0,0,0,2760000,0,0,0,0,0,19600,0,0,0,82575000,0,0,0,0,0,451410000,0,0,0,0,0,0,0,0,0,0,0,0,0,0,0,0,0,2690823350,0,0,0,0,0,0,0,0,0,0,0,0,302324050,0,0,256900,0,34363850200,0,0,5700018000,12245266750,12696000,0,0,0,0,0,0,0,0,0,0,0,0,0,0,0,0,0,0,0,0,0,0,0,4606050,0,0,0,0,0,0,0,0,0,0,0,0,0,0,0,0,25730590200,0,0,3961650,0,5685711850,0,28028100,0,29440000,0,0,0,0,0,0,0,0,0,0,0,0
"CHN",0,0,0,0,0,74634350,8674003600,0,1144150,5233200,0,91248400,0,0,0,0,19227600,0,0,4760350,0,0,136760663150,0,68977920000,776527150,2552900,0,12147079250,0,30242800,0,46155550,0,0,0,30568650,3579450,5203800,0,20521200,64253700,5561500,10162600,0,9001300,0,10106250,2359350,0,0,12085850,89437250,2695795050,1412177750,16909900,0,0,0,177903100,0,2611700,43338050,21055300,0,0,0,4228700,0,0,0,37187552850,9341850,0,7092750,25092089100,12998594850,0,0,0,143841950,1727583200,0,162966650,0,4258338750,9699550,0,67294150,91640868450,24144791300,145638796200,29440000,0,75391836050,0,0,452463550,0,0,5069775200,0,0,50474361850,3574550,0,13935600,0,9114000,28635600,47512657900,0,0,0,0,0,735878850,0,0,0,10206700,952848950,1964900,0,0,26023900,1438438400,35162400,0,23251436000,2356900,5387550,267763773600,24830750,76043100,0,96806850,0,0,2.3e+07,23130450,0,3590455500,0,0,0,0,9702000,0,19401550,0,32469850,0,107700885600,0,8138900,227328150,0,0,0,47733350,12281850,14207550,0,218175809150,7749350,421520469450,0,0,0,0,0,0,11176601100,0,0,2428858050,0,3378439700,0,52792600,0,0,141421987050,10856000,0,37854950,0,247342600,0,0,0,0,0,0
"COL",0,0,0,0,0,1969800,6289150,0,0,0,2.208e+09,0,0,0,0,0,0,0,0,0,0,0,0,0,0,0,0,0,0,0,43494850,0,0,0,0,0,0,0,0,0,0,0,0,98331200800,0,14813529950,0,9872300,0,0,0,0,0,0,0,0,0,0,0,0,0,0,0,0,0,0,764520000,0,0,7431750,0,0,0,0,0,0,0,0,0,0,0,0,0,0,0,0,0,0,0,0,0,0,0,0,0,0,0,0,0,0,0,0,0,0,0,0,0,0,0,1288075950,0,0,0,0,0,0,0,0,0,0,0,311150,0,0,0,0,0,927372350,0,0,0,96535992900,0,0,0,0,0,0,0,0,0,0,296450,0,0,110400000,0,0,0,0,0,0,0,0,0,0,74435050,0,0,0,0,0,0,0,0,0,0,0,0,0,0,0,0,0,0,0,3642050,0,2807878600,0,0,0,0,0,0,0,0,0,637000,0,0,0,0,0,0
"COM",0,0,0,0,0,0,0,0,0,0,0,0,0,0,0,0,0,0,0,0,0,0,0,0,0,0,0,0,0,0,0,0,0,0,0,0,0,0,0,0,0,0,0,0,0,0,0,0,0,0,0,0,0,0,0,0,0,0,0,0,0,0,0,0,0,0,0,0,0,0,0,0,0,0,0,0,0,0,0,0,0,0,0,0,0,0,0,0,0,0,0,0,0,0,0,0,0,0,0,0,0,0,0,0,0,0,0,0,0,0,0,0,0,0,0,0,0,0,0,0,0,0,0,0,0,0,0,0,0,0,0,0,0,0,0,0,0,0,0,0,0,0,0,0,0,0,0,0,0,0,0,0,0,0,0,0,0,0,0,0,0,0,0,0,0,0,0,0,0,0,0,0,0,0,0,0,0,0,0,0,0,0,0,0,0,0,0,0,0,0,0,0,0,0,0
"COG",0,0,0,0,0,0,0,0,0,0,0,0,0,0,0,0,0,0,0,0,0,0,0,0,0,0,0,0,0,0,0,0,0,0,0,0,0,0,0,0,0,0,0,0,0,0,0,0,0,0,0,0,0,833000,0,0,0,0,0,0,0,0,0,0,0,0,0,0,0,0,0,0,0,0,0,0,0,0,0,0,0,0,0,0,0,0,0,0,0,0,0,0,0,0,0,0,0,0,0,0,0,0,0,0,0,0,0,0,0,0,0,0,0,0,0,0,0,0,0,0,0,0,0,0,0,0,0,0,0,0,0,0,0,0,0,0,0,0,0,0,0,0,0,0,0,0,0,0,0,0,0,0,0,0,0,0,0,0,0,0,0,0,0,0,0,0,0,0,0,0,0,0,0,0,0,0,0,0,0,0,0,0,0,0,0,0,0,0,0,0,0,0,0,0,0
"COK",0,0,0,0,0,0,0,0,0,0,0,0,0,0,0,0,0,0,0,0,0,0,0,0,0,0,0,0,0,0,0,0,0,0,0,0,0,0,0,0,0,0,0,0,0,0,0,0,0,0,0,0,0,0,0,0,0,0,0,0,0,0,0,0,0,0,0,0,0,0,0,0,0,0,0,0,0,0,0,0,0,0,0,0,0,0,0,0,0,0,0,0,0,0,0,0,0,0,0,0,0,0,0,0,0,0,0,0,0,0,0,0,0,0,0,0,0,0,0,0,0,2158450,0,0,0,0,0,0,0,0,0,0,0,0,0,0,0,0,0,0,0,0,0,0,0,0,0,0,0,0,0,0,0,0,0,0,0,0,0,0,0,0,0,0,0,0,0,0,0,0,0,0,0,0,0,0,0,0,0,0,0,0,0,0,0,0,0,0,0,0,0,0,0,0,0
"CRI",0,0,0,0,0,90650,0,0,1866900,0,0,0,0,0,0,0,1278900,0,0,0,0,0,0,0,0,8545600,0,0,0,0,139650,58800,0,0,0,0,0,0,0,0,0,0,0,2697450,0,0,0,720706700,0,0,0,0,0,100450,0,0,0,0,0,85750,0,0,0,0,0,0,539635100,0,0,0,141784250,0,0,0,0,0,0,0,0,0,0,0,0,0,0,12250,0,0,0,0,0,0,0,475300,0,0,0,0,0,0,0,0,0,0,0,0,0,0,0,0,0,0,0,0,0,0,0,0,0,0,0,0,554712550,0,0,0,0,860450200,0,0,0,0,0,0,0,0,0,0,0,0,0,0,8964550,0,0,0,0,0,0,0,0,0,0,0,0,0,262150,0,0,0,0,0,0,0,0,0,0,0,0,0,0,0,0,0,0,0,0,0,515293800,0,0,0,0,0,0,0,0,0,12539100,0,0,0,0,0,0
"CUB",0,0,0,0,0,0,0,0,0,0,0,0,0,0,0,0,0,0,0,0,0,0,0,0,0,0,0,0,0,0,0,0,0,0,0,0,0,0,0,0,0,0,0,0,0,0,0,0,0,0,0,0,0,2501450,0,0,0,0,0,17505250,0,0,0,0,0,0,0,0,0,0,0,0,0,0,0,0,0,0,0,0,0,0,0,0,0,0,0,0,0,0,0,0,0,0,0,0,0,0,0,0,984900,0,0,0,926100,0,0,0,0,4958800,0,0,0,0,0,0,0,0,0,0,0,0,0,0,0,524300,0,0,0,0,0,0,0,0,0,0,0,0,796250,0,0,0,0,0,0,0,0,0,0,0,0,0,0,12250,0,0,9978850,0,0,0,0,1822800,0,0,0,0,0,0,0,0,0,0,0,0,0,0,0,0,0,0,0,0,0,0,0,0,0,0,0,0,0,0,0,0,0
"CYP",0,0,0,0,0,0,26670700,0,0,0,0,0,0,0,0,0,0,0,0,0,0,0,0,0,0,1398950,0,0,0,0,0,157662400,0,0,0,0,0,0,0,0,0,0,0,0,0,0,0,0,0,0,0,0,2753800,1599850,0,0,0,0,0,747250,0,0,0,15516600,0,0,0,0,0,0,0,0,0,0,0,13800850,0,0,0,0,13078100,0,0,0,0,24446350,4076800,0,0,0,0,88035850,0,32810400,0,36068900,0,0,0,0,0,0,0,0,0,0,0,0,0,0,0,0,0,0,0,0,0,0,0,0,0,0,0,0,0,0,0,0,0,0,0,0,0,0,0,0,0,0,0,53900,0,0,0,0,0,0,0,0,0,0,0,0,0,12250,0,0,0,0,0,0,2815050,0,23471000,0,0,0,0,0,0,0,0,0,0,5990250,0,0,259849450,0,6627250,0,0,0,0,0,0,0,0,0,0,0,0,0,0,0,0
"AZE",0,0,0,0,0,0,0,0,0,0,0,0,0,0,0,0,0,0,0,0,0,0,0,0,0,0,0,0,0,0,0,0,0,0,0,0,0,0,0,0,0,0,0,0,0,0,0,0,0,0,0,0,0,0,0,0,14771050,0,0,0,0,0,0,0,0,0,0,0,0,0,0,0,0,0,0,0,0,37239278000,60585850000,0,0,0,0,247450,0,4900,0,0,0,0,0,0,0,0,0,0,0,0,0,0,0,0,0,0,0,0,0,0,0,0,0,0,0,0,0,0,0,0,0,0,0,0,0,0,0,0,0,0,0,0,0,0,0,0,0,0,0,0,0,0,0,0,0,0,0,0,0,0,0,0,0,0,0,0,0,0,0,0,0,0,0,0,0,0,0,0,0,0,0,0,0,0,44100,920000,0,0,0,0,271950,0,0,0,0,0,0,0,0,0,0,0,0,0,0,0,0
"BEN",0,0,0,0,0,0,0,0,0,0,0,0,0,0,0,0,0,0,0,0,0,0,0,0,0,0,0,0,0,0,0,0,0,0,621826450,0,0,0,0,0,0,0,0,0,0,0,0,0,0,0,0,0,0,732550,0,0,0,67638100,0,0,0,0,0,0,0,0,0,0,0,0,0,0,0,0,0,98851450,0,0,0,0,0,0,0,0,0,0,0,0,0,0,0,0,0,0,0,0,0,0,0,0,0,0,0,0,0,0,0,0,0,0,0,0,0,0,0,0,0,0,0,0,0,0,0,157865750,36750,0,0,0,0,0,0,0,0,0,0,0,0,0,0,0,0,0,0,0,0,0,0,0,17872900,0,0,0,0,0,0,0,0,0,0,0,0,0,0,0,0,0,0,0,0,0,0,0,0,0,0,0,0,0,0,0,0,0,0,0,0,0,0,0,0,0,0,0,0,0,0
"DNK",49000,1896300,14342300,2864050,0,94099600,111916000,5139552200,0,87967250,0,41135500,0,0,0,0,451515400,0,2154640000,0,0,10400050,1.472e+09,0,36409450,4279060900,0,0,11238102100,0,83116250,3221664850,46617334250,0,2672760950,0,0,0,4691071200,316050,28366100,0,48760000,5822893500,12815226950,241040000,2430400,0,96779900,3843134700,1981475750,1624350,1145875800,82799389000,0,3655877600,1354850,235741450,0,1017304102450,0,925117550,17671850,45763700,0,2286917600,0,4026254050,597540000,0,400696800,31651550,279603550,10395350,24199378250,87470343550,6631700900,96283677450,325850,18565322500,22701700,20136656950,292412400,164150,7678300,19210174600,438550,124950,1359566000,84694556000,0,12923813750,0,2894293500,0,4610900,0,4865284700,0,61305652850,0,66150,1087329600,7384865750,0,6262200,83474850,3650500,17953600,11466000,53900,3619325550,0,7764050,15076367550,1112994950,119479523950,0,124950,0,0,80242400,0,355152000,66150,84215793450,8895950,12627300,71737550,0,16591400,0,529200,43104400950,12965102850,69148800,0,0,76979000,0,73506450,17150,23788937200,2147304500,0,19600,0,109552124300,857500,2131500,0,102953900,87865850,536550,0,199143350,58410463300,0,404250,0,225067474750,30576465800,510739250,178850,159441100,149450,36069911000,27239100,12085850,19292952000,63908250,45651357300,82731318450,350274050,0,0,28016532050,362656850,1886917250,3086740300,50541050,19921920800,0,86767800300,9386843750,0,2097991200,7350,116436075150,4414900,171500,0,4130700,0,0
"DMA",0,0,0,0,41650,0,0,0,0,0,0,0,0,0,0,0,0,0,0,0,0,0,0,0,0,0,0,0,0,0,0,0,0,0,0,0,0,0,0,0,0,0,0,0,0,0,0,0,0,0,0,0,0,14700,0,0,0,0,0,0,0,0,0,0,0,0,0,0,0,0,0,0,0,0,0,0,0,0,0,0,0,0,0,0,0,0,0,0,0,0,0,0,0,0,0,0,0,0,0,0,0,0,0,0,0,0,0,0,0,0,0,0,0,0,0,0,0,0,0,0,0,0,0,0,0,0,0,0,0,0,0,0,0,0,0,0,0,0,0,0,0,0,0,0,0,0,0,0,0,0,0,0,0,0,0,0,0,0,0,0,0,0,0,0,0,0,0,0,0,0,0,0,0,0,0,0,0,0,0,0,0,0,0,0,0,0,0,0,0,0,0,0,0,0,0
"DOM",0,0,0,0,0,0,0,0,0,0,0,0,0,0,0,0,0,0,0,0,0,0,0,0,0,0,0,0,0,0,0,0,0,0,0,0,0,0,0,0,0,0,0,0,0,0,0,0,0,0,0,0,0,0,0,0,0,0,0,0,0,0,0,0,0,0,0,0,0,0,0,0,0,0,0,0,0,0,0,0,0,0,0,0,0,0,0,0,0,0,0,0,0,0,0,0,0,0,0,0,0,0,0,0,0,0,0,0,0,0,0,0,0,0,0,0,0,0,0,0,0,0,0,0,0,0,0,0,0,0,0,0,0,0,0,0,0,0,0,0,0,0,0,0,0,0,0,0,0,0,0,0,0,0,0,0,0,0,0,0,0,0,0,0,0,0,0,0,0,0,0,0,0,0,0,0,0,0,0,0,0,0,0,0,0,0,0,0,0,0,0,0,0,0,0
"BLR",1776576550,0,0,0,0,7350,0,0,0,0,0,0,0,0,0,0,191360000,0,0,0,0,11123000,0,0,0,36791750,0,0,5026732800,0,0,18915000,0,0,0,0,0,0,0,738966400,0,0,0,0,0,0,0,0,0,205937200,0,0,0,0,0,0,5489259550,0,0,42191450,0,0,0,0,0,0,0,0,0,0,0,31280000,26950,0,0,0,93840000,9.2e+08,0,0,55060850,0,0,14996199100,0,62560000,0,1247625100,7350,1967383200,0,0,0,629225300,0,31280000,0,1062600000,0,13481326150,0,0,0,14021296800,0,0,0,0,0,48723200,7350,0,0,5298629650,0,0,147000,0,0,0,0,0,0,0,0,0,0,0,7350,0,0,0,0,41496800,0,0,0,0,0,0,0,0,379038659200,0,0,0,0,0,0,0,0,0,4416000,0,0,0,0,0,4580356900,0,164150,374650,0,2796000700,0,0,0,0,0,0,0,0,0,36700,0,0,291052650,30109162450,35815000,62412800,0,1222885350,0,1731940200,0,0,0,0,0,0,0,0,0,0,0
"ECU",0,0,0,0,0,0,0,0,0,0,0,0,0,0,0,0,0,0,0,0,0,0,0,0,0,0,0,0,0,0,85750,0,0,0,0,0,0,0,0,0,0,0,0,0,0,0,0,0,0,0,0,0,0,0,0,0,0,0,0,247450,0,0,0,0,0,0,0,0,0,0,77850400,0,0,0,0,0,0,0,0,0,0,150645000,0,0,0,0,0,0,0,0,0,0,0,0,0,0,0,0,0,0,0,0,0,0,0,0,0,0,0,193550,0,0,0,0,0,0,0,0,0,0,0,0,0,0,0,0,0,0,0,0,0,256900,0,0,0,0,0,0,0,0,0,0,0,0,0,0,0,0,0,0,0,0,0,0,0,2450,65245950,0,0,0,0,0,0,0,0,0,0,0,0,0,0,0,0,0,0,0,6046600,0,49725350,0,0,0,0,0,0,0,0,0,0,0,0,0,0,0,0
"EGY",0,0,0,8776616000,0,0,918750,0,0,13874350,0,0,0,0,0,0,0,0,0,4427150,0,0,0,888131200,0,0,0,0,0,0,0,0,0,0,0,0,0,0,0,0,0,0,0,0,0,0,0,0,0,0,0,0,0,0,0,0,0,0,0,0,0,0,0,0,0,0,0,0,0,0,0,0,0,0,0,0,0,0,10674650,0,0,0,0,0,0,0,10760400,0,0,0,0,0,0,0,0,49440800,0,0,144145600,0,0,0,0,0,0,0,0,0,0,0,0,0,0,0,0,0,0,0,0,0,0,0,0,0,0,0,0,0,0,0,0,0,0,0,0,0,0,0,0,0,0,0,0,0,0,0,0,970200,1873296950,0,0,0,0,0,0,399350,0,0,0,0,0,0,61024600,0,0,0,0,0,0,0,17751850,0,0,10851050,0,0,0,0,0,0,0,0,0,0,0,0,0,0,0,0,0,0,46993600,0,9736300
"SLV",0,0,0,0,0,0,361019750,0,0,0,0,0,0,0,0,0,0,0,0,0,0,0,0,0,0,0,0,0,0,0,0,0,0,0,0,0,5593350,0,0,0,0,0,0,0,0,0,0,0,0,0,0,0,0,0,0,0,0,0,0,0,0,0,0,0,0,0,216801600,0,0,0,5067903950,0,0,0,0,0,0,0,0,0,0,7448000,0,0,0,0,0,0,0,0,0,0,0,0,0,0,0,0,0,0,0,0,0,0,0,0,0,0,0,105350,0,0,0,0,0,0,6284250,0,0,0,0,0,0,0,0,0,0,14700,0,0,0,0,0,0,0,0,0,0,0,0,0,0,0,0,0,0,0,0,0,0,0,0,0,0,0,0,0,0,0,0,0,0,0,0,0,0,0,0,0,0,0,0,0,0,0,0,0,0,1864810150,0,0,0,0,0,0,0,0,0,0,0,0,0,0,0,0
"GNQ",0,0,0,0,0,0,0,0,0,0,0,0,0,0,0,0,0,0,0,0,0,0,0,0,0,0,0,0,0,0,0,0,0,0,0,0,0,0,0,0,0,0,0,0,0,0,0,0,0,0,0,0,0,0,0,0,0,0,0,0,0,0,0,0,0,0,0,0,0,0,0,0,0,0,0,0,0,0,0,0,0,0,0,0,0,0,0,0,0,0,0,0,0,0,0,0,0,0,0,0,0,0,0,0,0,0,0,0,0,0,0,0,0,0,0,0,0,0,0,0,0,0,0,0,0,0,0,0,0,0,0,0,0,0,0,0,0,0,0,0,0,0,0,0,0,0,0,0,0,0,0,0,0,0,0,0,0,0,0,0,0,0,0,0,0,0,0,0,0,0,0,0,0,0,0,0,0,0,0,0,0,0,0,0,0,0,0,0,0,0,0,0,0,0,0
"EST",0,0,0,0,0,0,3111500,1901200,0,582965250,0,0,0,0,0,0,1582700,0,0,0,0,366689850,0,0,0,3665200,0,0,0,0,0,91573650,107800,0,0,0,0,0,55847750,2878750,0,7520099100,845250,0,23005500,0,0,0,0,0,0,0,3132470600,59735900,0,0,1321200,0,0,3307273550,0,0,0,3050900,0,0,0,0,0,0,0,36750,4723600,8998850,172805850,0,0,0,0,10820634400,11532850,39770400,0,3349150,0,2540650,1703973400,0,0,0,0,28606200,0,23843703200,0,0,0,0,0,17496621350,0,0,0,0,0,0,1425900,0,0,463050,0,0,0,0,0,245000,40338006850,0,0,0,0,0,0,0,0,4428439200,0,0,1004679550,0,0,0,0,2396517250,382200,0,0,0,0,0,2760000,0,1192176350,0,0,0,0,727612030000,0,0,0,3498600,11543850,0,0,2261350,31352650,0,0,0,2408245950,9327150,0,0,0,0,0,7350,0,0,0,0,0,186269031600,0,0,29666500,33731600,256184250,0,0,0,0,0,0,0,0,0,62957950,196000,441000,0,0,0,0
"FRO",0,0,0,0,0,0,0,0,0,0,0,0,0,0,0,0,0,0,0,0,0,0,0,0,0,0,0,0,0,0,0,0,0,0,0,0,0,0,0,0,0,15062600,0,0,0,0,0,0,0,0,0,0,0,0,0,0,0,0,0,0,0,0,0,0,0,0,0,0,0,0,0,0,0,0,58055200,0,0,0,0,0,0,0,0,0,0,0,0,0,0,0,0,0,0,0,0,0,0,0,0,0,0,0,0,0,0,0,0,0,0,0,0,0,0,0,0,0,0,0,0,0,0,0,0,0,0,4900,0,0,0,0,0,0,0,0,0,0,0,0,0,0,0,0,0,0,0,0,0,0,0,0,0,0,0,0,0,0,0,0,0,0,0,1406300,0,0,0,0,0,0,0,0,0,0,0,0,0,0,0,0,0,0,0,0,0,0,0,0,0,0,0,0,0,0,0,0,0
"FJI",0,0,0,0,0,0,813400,0,0,0,0,0,0,0,0,0,0,0,0,0,0,0,0,0,0,0,0,0,0,0,0,43825600,0,0,0,2026150,0,0,0,0,0,0,0,0,0,0,0,0,0,0,0,0,0,0,0,0,0,0,0,0,0,0,36781850,0,0,0,0,0,0,0,0,1428350,0,0,0,0,4365900,0,0,0,0,0,0,0,0,1443050,0,0,0,0,0,0,0,0,0,0,0,0,0,0,0,0,0,0,0,0,0,0,0,0,0,0,0,0,0,0,0,0,313600,0,1548400,3314850,0,0,0,0,0,0,0,129850,0,0,0,0,0,0,0,0,0,0,0,0,0,0,0,0,0,0,0,0,0,0,0,1523900,0,0,0,0,0,0,0,0,0,0,0,0,0,0,426300,0,0,0,0,0,0,2564550,394450,0,323400,0,0,0,0,0,0,0,0,0,0,0,0,0,0,0,0
"FIN",4404000,262150,0,0,0,0,22187800,12067250,0,0,0,0,0,0,0,0,18400,0,0,0,0,8459350,0,0,0,840100,0,0,0,0,33200,15896250,0,0,0,0,1199680000,0,86979000,46425500,0,13105543900,0,0,91581750,0,0,0,0,17730476750,0,0,0,1197472700,0,0,1578100,0,5007800,54274649750,0,17150,0,57673600,0,0,0,0,0,0,0,1985800,72115500,0,1070064000,987350,18350,0,0,2458900,9762200,1030088300,0,187510250,0,22978530550,0,5590900,0,137200,0,2703560250,0,2618213950,0,8220800,0,0,0,8064631850,0,0,0,0,0,0,0,0,0,0,0,0,0,0,0,0,26295930050,0,0,0,0,166000,0,0,0,18092325450,0,0,64775500,0,0,0,0,18093319650,901218750,0,0,0,0,0,0,0,45288393000,0,0,0,0,1.0956e+11,0,0,0,31450350,0,791350,0,14700,24410097200,0,0,0,60625764000,76933750,0,0,15013600,0,1591250,0,0,0,0,0,24974350,1114750,0,0,3590496150,929007700,719851050,0,0,0,0,87893650,14108340000,0,0,0,602987550,36800,24818500,0,0,0,0
"FRA",1225750,0,18490650,520923257250,0,326674850,1612033850,117336849200,4974256000,1035061350,0,40270650,0,0,0,0,243817349200,0,0,31280000,0,1414948800,2439840000,1876800000,205840266050,7296280700,3847440000,18043648950,0,7279568600,2871781600,3011238414750,51715754400,5850600,3945855350,0,507930950,24859673900,101214129500,10379900,5611490250,3851815050,730100,11091150,256934350,640549650,2018577900,0,366765000,5434250,0,0,385868800,0,8949525150,192694950,4319850,9973295700,684480000,2171364694150,0,46528050,0,8560796400,0,193550,331052800,4735943950,0,29627192900,0,4773544500,10081136800,36682176550,131814900,176771639150,18262073600,441581423650,0,144743463100,106378450,794469437000,22911893050,52917850,13274312000,262499492700,279018136400,0,4639450,16968446750,0,2179259100,138706180400,445541050,32670750,4508532900,0,19600,251123870400,2028480300,1558200,34419035700,1257364000,17744701900,0,4161754450,8038552450,245961250,12753200,244762652800,0,871536645550,2748721200,22576000,0,565553700,3808246202800,0,2228840500,1840000,553700,75011750,0,619640200,208995830000,299347250,662750,29961322800,54150842750,105350,8793050,5109900,16384836900,130505701550,204755642850,0,0,1.84e+09,159177503400,0,53085065750,14395792000,3689432050,632100,4074324150,3559990650,433650,2513109321850,4531996700,9949450,2660497850,108605800,16315788400,14082917350,0,89269801350,779347145050,5087156800,0,0,22482540300,209958962350,0,44100,529050700,39864740800,32722675000,9095427100,0,0,5804276300,764499459800,104674961200,60296985100,10041550950,0,81279995850,921386050,12984489150,19939419950,20555051100,0,5521536150,231167656650,77849870800,0,22841342200,0,6230094314850,48410004100,8827986300,0,1122100,0,0
"PYF",0,0,0,0,0,0,0,0,0,0,0,0,0,0,0,0,0,0,0,0,0,0,0,0,0,0,0,0,0,0,1063300,0,0,0,0,34300,0,0,0,0,0,0,0,0,0,0,0,0,0,0,0,0,0,2131500,0,0,0,0,0,0,0,0,0,0,0,0,0,0,0,0,0,0,0,0,0,0,0,0,0,0,0,0,0,0,0,15574650,0,0,0,0,0,0,0,0,0,0,0,0,0,0,0,0,0,0,0,0,0,0,0,0,0,0,0,0,0,0,0,0,0,0,0,0,0,0,0,0,0,0,0,0,0,0,0,0,0,0,0,0,0,0,0,0,0,0,0,0,0,0,0,0,0,0,0,0,0,0,0,0,0,0,0,0,0,0,0,0,0,0,0,0,0,0,0,0,0,0,0,0,21675150,0,0,0,0,0,0,0,0,0,0,0,0,0,0,0,0
"DJI",0,0,0,0,0,0,4120900,0,0,0,0,0,0,0,0,0,0,0,0,0,0,0,0,0,0,0,0,0,0,0,0,0,0,0,0,0,0,0,0,0,0,0,0,0,0,0,0,0,0,0,0,0,0,2133950,0,0,0,0,0,0,0,0,0,0,0,0,0,0,0,0,0,0,0,0,0,0,0,0,0,0,0,0,0,0,0,0,0,0,0,0,0,0,0,0,0,0,0,0,0,0,0,0,0,0,0,0,0,0,0,0,0,0,0,0,0,0,0,0,0,0,0,0,0,0,0,0,0,0,0,0,0,0,0,0,0,0,0,0,0,0,0,0,0,0,0,0,0,0,0,0,0,0,0,0,0,0,0,0,0,0,0,0,0,0,0,0,0,0,0,0,0,0,0,78400,0,0,0,0,2133950,0,0,0,0,0,0,0,0,0,0,0,0,0,0,0,0
"GEO",3824690400,0,7014350,0,0,0,53615800,3038000,0,0,0,0,0,0,0,0,0,0,3505950,0,0,0,0,0,0,0,0,0,0,0,0,129597650,0,0,0,0,0,0,0,154969850,0,12250,0,0,0,0,0,0,0,74568200,0,0,0,563500,0,0,0,0,0,4248300,0,0,0,22226400,0,0,0,0,0,0,0,67634700,7350,0,0,0,0,1951263600,12847115250,53900,292552050,17150,0,0,0,22050,0,5804050,0,0,0,0,0,7075600,0,0,0,0,0,10241000,0,0,0,0,0,0,100386300,0,0,0,0,0,0,62078100,0,0,7489650,0,0,0,0,0,0,0,0,0,0,17850700,21153300,0,0,0,0,45883600,0,0,0,0,0,0,0,0,619308550,0,0,0,0,126143400,0,0,0,0,0,22596350,0,0,0,0,0,0,808500,0,0,0,0,0,0,0,0,0,0,0,0,6291600,0,0,0,250804050,15013600,0,0,0,0,0,0,0,0,0,13555850,0,0,0,0,0,0
"GAB",0,0,0,0,0,0,0,0,0,0,0,0,0,0,0,0,0,0,0,0,0,0,0,0,2499000,0,0,0,0,0,0,0,0,0,0,0,0,0,0,0,0,0,0,0,0,0,0,0,0,0,0,0,0,0,0,0,0,0,0,0,0,324060800,0,0,0,0,0,0,0,0,0,0,0,0,0,0,0,0,0,0,0,0,0,0,0,0,0,0,0,0,0,0,0,0,0,0,0,0,0,0,0,0,0,0,0,31850,0,0,0,0,0,0,0,0,0,0,0,0,0,0,0,0,0,0,0,0,0,0,0,0,0,0,0,0,0,0,0,0,0,0,0,0,0,0,0,0,2450,0,0,0,0,0,0,0,0,0,0,0,0,0,0,0,0,0,0,0,0,0,0,0,0,0,0,0,0,0,0,0,0,0,0,0,0,0,0,0,9800,0,0,0,0,0,0,0,0
"GMB",0,0,0,0,0,0,0,0,0,0,0,0,0,0,0,0,0,0,0,0,0,0,0,0,0,0,0,0,0,0,0,0,0,0,0,0,0,0,0,0,0,0,0,0,0,0,0,0,0,0,0,0,0,0,0,0,0,0,0,0,0,0,0,0,0,0,0,0,0,0,0,0,0,0,0,0,0,0,0,0,0,0,0,0,0,0,0,0,0,0,0,0,0,0,0,0,0,0,0,0,0,0,0,0,0,0,0,0,0,0,0,0,0,0,0,0,0,0,0,0,0,0,0,0,0,0,0,0,0,0,0,0,0,0,0,0,0,0,0,0,0,0,0,0,0,0,0,0,26793200,0,0,0,0,0,0,0,0,0,0,0,0,0,0,0,0,0,0,0,0,0,0,0,0,0,0,0,0,0,0,0,0,0,0,0,0,0,0,0,0,0,0,0,0,0,0
"DEU",416596100,78005550,1579480700,1261023800,950600,14499685000,21387196200,141473656950,1960299400,2005897950,30601650,46748550,0,0,183707850,1374450,72311106550,0,0,0,0,4390425850,7115826850,0,22434716400,50812884950,1891400,41547100,26065187350,0,12148145450,103127410800,21972036750,9251200,1506162350,0,8757917400,13138360150,599085750,17757495250,772847250,76172627500,350350,869541000,2377410300,1578644050,284307500,261898450,4676946950,2492310850,28670450,9177700,8517168150,154743782650,219858150,117600,4026259750,827229950,188134850,0,534362850,7301900750,0,10156390800,0,0,238233850,219181900,6797137550,64164000,198295600,2022048250,6189086950,7950146100,3751254600,5729895550,15669381650,763442577250,733934250,12477072050,10481957500,622592590950,1605749600,1913792400,19463691650,352406875000,1268023050,455541650,622935300,89556300550,0,59579353950,127859326800,3846155500,4345748800,2242230650,0,317463650,0,10989177300,5135200,21620000,612204800,37452979200,19891600,589903750,523730850,3234000,598098050,11711950700,1054683550,12071547100,27870966500,1408725100,49877676850,5398446600,2058004056450,0,1692950,235216950,0,4265123400,35419563450,357636500,13852663350,23334269550,4008200,5502497450,27829002000,411547200,1094802900,2180414050,3294516750,167713008350,3488915900,5081300,0,0,56509630000,0,10134732150,4481765000,113994529000,0,441000,0,0,1913297989400,2492952950,19166600,263098150,2816333200,4690928050,21304874000,4831400,7495210900,38283312500,2126529300,75072000,0,16418905750,219267600650,32521300,0,6726849450,23154500,87637302250,1435752800,0,2947350,977260700,206126350,123988381100,39629949500,27660500,0,182028642700,19264609000,299751505250,7323873500,907852250,303592600,2881250,96617232700,9640674900,0,5491306750,7350,244911084450,12061931000,2626896450,200459450,5488700,0,0
"BIH",0,0,1952650,0,0,0,23076550,2011450,0,0,0,0,0,0,0,0,0,0,0,0,0,0,0,0,0,0,0,0,0,0,0,26950,0,0,0,0,0,0,0,0,0,0,0,0,0,0,0,0,0,0,0,0,0,0,0,0,0,0,0,1254400,0,0,0,0,0,0,0,0,0,0,0,0,0,634840500,0,54453700,0,0,0,0,0,217454650,0,0,0,0,0,0,0,0,0,0,0,0,0,0,0,0,0,0,0,0,0,0,0,0,132520500,0,0,0,0,0,0,0,0,0,8790600,0,0,16123450,0,0,0,0,0,0,0,0,0,0,0,0,0,720300,0,0,0,0,0,0,0,0,0,0,0,0,0,0,0,0,0,18215750,0,0,0,0,0,0,0,0,8116850,796250,0,0,0,0,0,0,0,0,0,0,0,0,0,0,0,0,3358250,0,0,0,0,0,0,0,0,0,0,0,744777600,3246250,0,0,0
"GHA",0,0,0,0,0,0,3721550,0,0,0,0,0,0,0,0,0,0,0,0,0,0,0,0,0,0,10015600,0,0,0,0,0,4184600,0,0,0,0,0,0,0,0,0,0,0,0,0,0,0,0,0,0,0,0,0,0,0,0,0,0,0,23615550,0,0,0,0,0,0,0,0,0,0,0,0,0,0,0,0,0,0,0,117600,0,0,42664300,0,0,2519350,0,0,0,0,0,85750,0,0,0,0,0,0,0,0,0,0,0,0,0,0,0,0,0,0,0,3261449800,0,0,0,0,15074850,0,0,0,0,0,0,0,0,0,0,0,0,0,0,0,0,0,0,0,0,0,0,0,0,0,0,0,0,0,0,0,0,0,0,0,0,0,0,6360200,43612450,0,0,0,0,24500,0,0,0,0,0,2224600,0,0,0,0,0,102900,0,0,20246800,0,80207450,50053500,0,0,0,0,0,0,0,0,17150,0,0,0,0,0,0
"KIR",0,0,0,0,0,0,0,0,0,0,0,0,0,0,0,0,0,0,0,0,0,0,0,0,0,0,0,0,0,0,0,0,0,0,0,0,0,0,0,0,0,0,0,0,0,0,0,0,0,0,0,0,0,0,0,0,0,0,0,0,0,0,0,0,0,0,0,0,0,0,0,0,0,0,0,0,0,0,0,0,0,0,0,0,0,0,0,0,0,0,0,0,0,0,0,0,0,0,0,0,0,0,0,0,0,0,0,0,0,0,0,0,0,0,0,0,0,0,0,0,0,0,0,0,0,0,0,0,0,0,0,0,0,0,0,0,0,0,0,0,0,0,0,0,0,0,0,0,0,0,0,0,0,0,0,0,0,0,0,0,0,0,0,0,0,0,0,0,0,0,0,0,0,0,0,1163750,0,0,0,0,0,0,0,0,0,0,0,0,0,0,0,0,0,0,0
"GRC",2094750,0,11771328600,0,0,0,343188650,13040098800,7597450,0,102900,0,0,0,0,0,0,0,0,0,0,3578707650,0,0,0,83383300,0,0,0,0,0,26337500,0,0,0,0,8290800,0,3708131750,2450,0,10612150,0,0,0,0,2450,0,0,19634500,0,0,52854350,107459650,0,0,19600,0,0,1149552050,14700,0,0,0,0,0,122500,0,0,0,0,3474100,138785150,75313000,0,4900,0,0,101006150,14315750,5798988900,2868329150,0,0,0,4069450,4900,0,0,10309600,0,3447150,0,5579850,0,67524450,0,12573400,350350,416500,0,0,0,0,0,0,370305250,0,0,387100,0,0,0,34300,0,0,478443800,0,0,2226189700,134750,3275650,0,0,0,25832800,0,35681800,7713750,0,0,0,0,75919750,8339800,0,0,0,0,0,583133050,0,796250,0,0,0,0,0,0,0,2450,325455550,3001303400,12281850,0,10000900,180144100,0,0,0,370133300,45155950,0,0,1489600,0,122500,0,0,0,0,134750,4478483250,7026600,0,0,719063450,4900,365856050,0,37534000,0,0,53900,0,0,0,0,104486850,80850,68930750,0,0,0,26950
"GRL",0,0,0,0,0,0,0,0,0,0,0,0,0,0,0,0,0,0,0,0,0,0,0,0,0,0,0,0,0,0,0,0,0,0,0,0,0,0,0,0,0,0,0,0,0,0,0,0,0,0,0,0,0,0,0,0,0,0,0,0,0,0,0,0,0,0,0,0,0,0,0,0,0,0,0,0,0,0,0,0,0,0,0,0,0,0,0,0,0,0,0,0,0,0,0,0,0,0,0,0,0,0,0,0,0,0,0,0,0,0,0,0,0,0,0,0,0,0,0,0,0,0,0,0,0,0,0,0,0,0,0,0,0,0,0,0,0,0,0,0,0,0,0,0,0,0,0,0,0,0,0,0,0,0,0,0,0,0,0,0,0,0,0,0,0,0,0,0,0,0,0,0,0,0,0,0,0,0,0,0,0,0,0,0,0,0,0,0,0,0,0,0,0,0,0
"GRD",0,0,0,0,0,0,0,0,0,0,7350,0,0,0,0,0,0,0,0,0,0,0,0,0,0,0,0,0,0,0,0,0,0,0,0,0,0,0,0,0,0,0,0,0,0,0,0,0,0,0,0,0,0,0,0,0,0,0,0,0,0,0,0,0,0,0,0,0,0,0,0,0,0,0,0,0,0,0,0,0,0,0,0,0,0,0,0,0,0,0,0,0,0,0,0,0,0,0,0,0,0,0,0,0,0,0,0,0,0,0,0,0,0,0,0,0,0,0,0,0,0,0,0,0,0,0,0,0,0,0,0,0,0,0,0,0,0,0,0,0,0,0,0,26849550,24108000,380477650,0,0,0,0,0,0,0,0,0,0,0,0,0,0,0,0,0,0,0,0,0,0,0,93100,0,0,0,0,0,0,0,0,0,0,0,0,0,0,0,0,0,0,0,0,0,0,0,0,0
"GTM",0,0,0,0,0,0,0,0,0,0,0,0,0,0,0,0,0,0,255547250,0,0,0,0,0,0,0,0,0,0,0,0,0,0,0,0,0,81513150,5965468250,0,0,0,0,0,26614350,0,0,0,3433338100,0,0,0,0,0,0,0,0,0,0,0,0,0,0,0,0,0,0,0,0,0,0,1057980250,0,0,0,0,0,0,0,0,0,0,0,0,0,0,0,0,0,0,0,0,0,0,0,0,0,0,0,0,0,0,0,0,0,0,0,0,0,0,759500,0,0,0,0,0,0,0,0,0,0,0,0,1096384800,0,0,0,0,7654525200,0,0,0,0,0,0,0,0,0,0,0,0,0,0,0,0,0,0,0,0,0,0,0,0,0,0,0,0,0,0,0,0,0,0,0,0,0,0,0,0,0,0,0,0,0,0,0,0,0,0,2921081400,0,0,0,0,0,0,0,0,0,4326700,0,0,0,0,0,0
"GIN",0,0,0,0,0,0,0,0,0,0,0,0,0,0,0,0,0,0,0,0,0,0,0,0,0,0,0,0,0,0,0,0,0,0,0,0,0,0,0,0,0,0,0,0,0,0,0,0,0,0,0,0,0,2513700,0,0,0,0,0,0,0,0,0,0,0,0,0,0,0,0,0,0,0,0,0,0,0,0,0,4900,0,0,0,0,0,0,0,0,0,0,0,0,0,0,0,0,0,0,0,0,0,0,0,0,0,0,0,0,0,0,0,0,0,0,0,0,0,0,0,0,0,0,0,0,0,0,0,0,0,0,0,0,0,0,0,0,0,0,0,0,0,0,0,0,0,0,0,0,0,0,53900,0,0,0,0,0,0,0,0,0,0,0,0,0,0,0,0,0,0,0,0,0,0,0,0,0,0,0,0,0,0,0,0,0,0,0,0,0,0,0,0,0,0,0,0
"GUY",0,0,0,0,24377500,0,0,0,0,0,0,0,0,0,0,0,0,0,0,0,0,0,0,0,0,0,0,0,0,0,0,0,0,0,0,0,0,0,0,0,0,0,1837500,0,0,0,0,0,0,0,0,0,0,0,0,0,0,0,0,0,0,0,0,0,0,0,0,0,0,0,0,0,0,0,0,0,0,0,0,0,0,0,0,0,12250,0,0,0,0,0,0,0,0,0,0,0,0,0,0,0,0,0,0,0,0,0,0,0,0,0,0,0,0,0,0,0,0,0,0,0,0,0,0,0,0,0,0,0,0,0,0,0,0,0,0,0,0,0,0,0,0,0,0,3087000,22050,0,0,0,0,0,0,0,0,0,0,0,0,4753000,0,0,0,0,0,0,0,0,0,0,0,5367950,0,0,0,0,0,0,1031450,0,171500,0,0,0,0,0,0,0,0,0,0,0,0,0,0,0,0
"HTI",0,0,0,0,0,0,0,0,0,0,0,0,0,0,0,0,0,0,0,0,0,0,0,0,0,0,0,0,0,0,0,0,0,0,0,0,0,0,0,0,0,0,0,0,0,0,0,0,0,0,0,0,0,0,0,0,0,0,0,0,0,0,0,0,0,0,0,0,0,0,0,0,0,0,0,0,0,0,0,0,0,0,0,0,0,0,0,0,0,0,0,0,0,0,0,0,0,0,0,0,0,0,0,0,0,0,0,0,0,0,0,0,0,0,0,0,0,0,0,0,0,0,0,0,0,0,0,0,0,0,0,0,0,0,0,0,0,0,0,0,0,0,0,0,0,0,0,0,0,0,0,0,0,0,0,0,0,0,0,0,0,0,0,0,0,0,0,0,0,0,0,0,0,0,0,0,0,0,0,0,0,0,0,0,0,0,0,0,0,0,0,0,0,0,0
"HND",0,0,0,0,0,0,0,0,0,0,0,0,0,0,0,0,0,0,0,0,0,0,0,0,0,0,0,0,0,0,0,0,9800,0,0,0,0,0,0,0,0,0,0,0,0,0,0,197318150,0,0,0,0,0,0,0,0,0,0,0,0,0,0,0,0,0,0,0,0,0,0,0,0,0,0,0,0,0,0,0,0,0,0,0,0,0,0,0,0,0,0,0,0,0,0,0,0,0,0,0,0,0,0,0,0,0,0,0,0,0,34439650,0,0,0,0,0,0,0,0,0,0,0,0,0,0,0,0,0,0,0,0,0,0,0,0,0,0,0,0,0,0,0,0,0,0,0,0,0,0,0,0,0,0,0,0,0,0,12250000,0,0,0,0,0,0,0,0,0,0,0,0,0,0,2450,0,0,0,0,0,0,134852900,0,0,0,0,0,0,0,0,0,0,0,0,0,0,0,0
"HKG",0,0,0,0,0,3621100,451600600,0,0,239595300,0,0,0,0,0,0,0,0,0,30696050,0,0,0,0,0,102248300,0,0,17684100,0,0,3217172300,0,0,0,0,0,0,0,0,0,4588850,0,0,0,0,0,0,0,4155200,0,0,0,18455850,0,0,0,0,0,24500,0,0,30081100,0,0,0,0,0,0,0,0,0,0,0,0,27055350,9748550,0,0,1297500,17542000,2356900,0,0,0,98443450,0,0,216121850,0,0,2361312450,0,60740400,0,720300,0,0,0,0,3415461500,0,0,289594900,17083850,0,0,0,0,0,0,0,0,0,0,0,14006650,0,0,0,17000550,9677500,0,0,0,0,0,0,0,0,0,0,21771700,0,0,0,0,0,666368150,0,0,0,28067200,0,0,0,0,0,0,0,0,0,0,910917350,0,118403600,1734600,0,0,0,0,4557000,0,0,1287636700,11270000,5701150,0,0,0,0,0,0,2769391800,0,39469500,16408300,0,618478100,0,0,0,0,295715000,0,0,0,0,656600,0,0,0,21927500,0,0
"HUN",0,0,11040000,0,0,0,6850200,283189724400,0,0,0,0,0,0,0,0,0,0,0,0,0,2381899150,0,0,0,0,0,0,0,0,0,690505550,0,0,0,0,0,0,3343339600,746856000,0,3562300,0,0,0,0,0,0,0,0,0,0,0,0,0,0,8427000,0,0,13129957600,9148303500,0,0,0,0,0,0,0,0,0,0,0,0,14849634900,0,2450,55050,0,0,34600,0,487581458100,0,0,0,2450,0,0,0,0,0,4900,0,0,0,4587500,0,0,0,0,0,0,0,0,0,0,0,0,0,0,460600,0,0,830000,0,0,76165307250,0,0,12909600,0,0,0,0,0,803350,0,0,3438965400,0,0,0,0,9814756000,0,0,0,0,0,0,615073136700,0,34050150,0,0,0,0,0,0,0,0,34425680400,69304126800,0,0,0,5238100,0,0,0,0,345516150,0,0,0,0,0,0,0,0,0,0,18260000,0,0,0,54952250,216752700,10334550,0,0,0,0,5715850,0,0,0,0,7021150,0,1854948150,368222250,0,0,0
"HRV",0,0,12055882400,0,0,0,757946700,34420423550,0,0,0,0,0,0,0,0,0,0,0,0,0,136248500,0,0,0,100905250,0,0,0,0,0,4900,0,0,0,0,0,0,0,0,0,3003700,0,0,0,0,0,0,0,0,0,0,0,15925000,0,0,0,0,0,387355950,73974867150,0,0,8187255200,0,0,0,0,0,0,0,0,9170679900,0,0,0,0,0,547800,2631300,2450,46440202750,0,0,0,1403850,0,0,0,0,0,0,0,0,0,0,0,2715840000,0,284200,0,0,0,0,0,0,7331439800,0,0,0,0,0,0,0,0,0,712900,0,0,4850476600,0,0,0,0,0,945700,0,0,0,0,0,0,0,1269100,173950,0,0,0,0,0,417462150,0,49000,0,0,0,0,0,0,0,0,33056189850,96670450,0,0,0,0,0,0,0,458848250,59816750,0,0,0,0,0,0,0,0,0,0,12977972800,0,0,0,43810900,2450,183098150,0,0,0,0,0,0,0,0,0,137200,475300,27363570650,761224400,0,0,0
"ISL",0,0,0,0,0,0,0,445900,0,0,0,0,0,0,0,0,0,0,0,0,0,0,0,0,0,59946650,0,0,0,0,0,15721650,0,0,0,0,0,0,0,0,0,103794250,0,0,0,0,0,0,0,1215200,8311800,0,2499000,28547400,0,0,0,0,0,401800,0,0,0,0,0,0,0,0,0,0,0,0,0,0,0,0,0,0,0,1423450,0,0,0,0,0,0,0,0,0,0,0,1396500,0,0,0,0,0,0,0,0,0,0,0,0,0,0,0,0,0,0,0,0,0,0,0,0,8187900,0,0,0,0,0,0,0,0,11363100,0,0,0,0,0,0,0,0,0,0,0,0,0,0,0,0,0,0,0,0,0,0,0,0,0,0,0,0,0,0,29400,0,0,0,3300150,2327500,0,0,0,0,0,0,0,0,0,0,0,0,0,0,92274350,0,875632450,0,0,0,0,0,0,0,0,0,2450,171500,0,0,0,0,0
"IND",0,0,0,0,0,0,121180000,4165000,0,1996071600,0,433817600,0,21078630100,0,204700,0,0,0,0,5682000,0,0,0,12148600,129800650,0,0,63577000,0,0,127669800,0,0,0,0,0,0,0,0,0,5152350,0,0,0,0,11040000,0,0,0,0,0,0,27896600,0,0,0,0,0,6433800,0,102900,0,0,0,0,0,0,33200000,0,0,52512950,0,0,0,0,0,0,0,0,0,830000,0,0,0,65407650,24010000,0,123579650,0,0,7866950,219252200,0,0,92000,0,2236850,0,0,61250,201000,284400,2751933850,101885150,98000,0,0,31854200,0,0,0,0,0,0,42901939250,129364850,0,0,0,0,211020800,0,0,7613800,34978200,0,34300,0,0,0,0,2158000,0,0,0,1808100,0,2522046350,0,0,154350,0,0,0,0,0,331052800,857500,119855850,0,0,0,6301714300,0,763600,0,66400,0,0,1286250,1018100,0,0,2383850,0,34513300,1176000,0,514600,1608358050,0,0,13232077900,48925850,0,231759850,0,1123767500,367500,0,0,0,2950212800,0,0,16600,0,3253300,0,0,0,0,0,0
"IDN",0,0,0,0,0,0,211878450,0,0,0,0,0,0,0,0,0,0,0,0,0,0,0,0,0,0,0,0,0,320950,0,0,43142050,0,0,0,0,0,0,0,0,0,0,0,0,0,0,0,0,0,0,0,0,0,0,0,0,0,0,0,0,0,0,9800,0,0,0,0,0,0,0,0,7889000,0,0,0,0,0,0,0,0,0,0,0,0,0,99183350,0,0,0,655987500,0,637085750,0,0,0,0,0,0,0,0,0,0,0,1676841250,0,0,0,0,0,0,0,0,16645300,0,0,0,141453200,0,0,0,0,54674200,0,0,0,0,0,0,0,0,0,0,48299300,0,0,0,395606400,0,0,0,0,0,299311600,0,0,0,0,0,0,4407550,0,0,0,402062150,0,0,3381000,0,0,0,0,0,0,0,62541150,0,1021569150,0,0,0,0,0,0,99896300,0,0,23566550,0,12470500,0,0,0,0,15675100,0,0,0,0,0,0,0,0,0,0,0
"IRN",0,0,0,0,0,0,1222550,138400,0,0,0,0,0,0,0,0,0,0,0,0,0,0,0,0,0,3814300,0,0,144550,0,0,0,0,0,0,0,0,0,0,0,0,0,0,0,3200515250,0,0,0,0,0,0,0,0,0,0,0,0,0,0,2074800,0,0,0,0,0,0,0,0,0,0,51450,0,0,0,0,0,0,0,1502200400,0,0,0,0,0,0,0,0,0,0,0,0,0,0,0,0,0,0,0,0,0,0,0,0,0,36750,0,0,0,0,0,0,0,0,0,0,0,8198400,0,0,0,0,948150,0,0,0,1490400,0,0,0,0,0,0,0,0,0,0,0,0,1288000,0,0,0,4107828700,0,0,0,0,0,9164246900,0,0,0,0,0,0,0,249000,0,0,0,0,0,0,0,0,0,0,0,0,0,0,0,0,83000,0,0,0,0,0,0,0,0,0,0,0,0,0,0,0,0,0,0,0,0,0
"IRQ",0,0,0,0,0,0,0,0,0,0,0,0,0,0,0,0,0,0,0,0,0,0,0,0,0,0,0,0,0,0,0,0,0,0,0,0,0,0,0,0,0,0,0,0,0,0,0,0,0,0,0,0,0,0,0,0,0,0,0,0,0,0,0,0,0,0,0,0,0,0,0,0,0,0,0,0,0,0,0,0,0,0,0,0,0,0,0,0,0,0,0,0,0,0,0,0,0,0,0,0,0,0,0,0,0,0,0,0,0,0,0,0,0,0,0,0,0,0,0,0,0,0,0,0,0,0,0,0,0,0,0,0,0,0,0,0,0,0,0,0,0,0,0,0,0,0,0,0,0,0,0,0,0,0,0,0,0,0,0,0,0,0,0,0,0,0,0,0,0,0,0,0,0,0,0,0,0,0,0,0,0,0,0,0,0,0,0,0,0,0,0,0,0,0,0
"IRL",0,0,3606400,0,0,48212900,76888350,736563100,0,25754950,2450,0,0,0,0,0,73566150,0,0,0,0,26474700,0,0,3792850,3522100000,0,0,0,9800,0,262135300,0,0,7350,0,0,0,173467350,0,2450,232541750,0,29400,70582050,0,0,0,0,0,0,0,114128350,24687432050,0,0,22863400,2450,0,5556181450,2954700,4900,0,155337350,0,0,0,4900,0,9800,0,199846500,55972700,45084900,12049100,63668150,18955650,0,0,0,371305700,2422371350,12250,2864050,0,764292200,1969800,0,12250,2450,0,609648200,0,3937150,0,4232550,0,4900,0,7737100,0,0,0,1999200,0,4900,80320800,0,0,100794850,0,0,0,0,0,0,4313546650,0,0,0,0,46550,0,0,3763300,152987800,0,2450,136401300,0,0,0,0,442019150,210261450,0,0,0,40050150,0,161244300,0,2495816200,2450,0,0,0,0,0,0,4900,22123500,0,630323750,0,137329850,4892463800,0,0,0,343112700,679716450,0,0,83526950,7350,183088500,2450,0,2450,0,0,165926250,235837000,2450,0,401440501500,98828100,24373548700,4900,0,0,0,0,232750,0,4900,0,2534738150,3704400,9449650,0,0,0,0
"ISR",0,0,0,0,0,0,7626850,188650,0,0,0,0,0,0,0,0,0,0,0,0,0,0,0,0,0,59245900,0,0,0,0,5113150,0,0,0,0,0,0,0,252315700,0,0,193550,0,0,0,0,0,0,0,0,0,0,0,38739400,0,0,0,0,0,9104200,0,0,0,0,0,0,0,0,0,0,0,0,384650,0,0,0,0,0,0,0,0,2643550,0,0,0,6303850,4926050000,0,0,0,0,62050800,0,0,0,0,0,0,0,0,0,0,0,0,0,0,0,0,0,0,0,0,0,0,0,0,9030700,0,0,0,0,0,0,0,0,0,0,0,0,0,0,0,0,1928150,0,0,0,0,0,0,0,0,1349950,0,0,0,0,0,0,0,0,1908550,0,188650,0,1734600,0,0,0,0,0,5838350,0,0,384650,0,188650,0,0,0,0,0,0,0,0,0,16152850,2842000,103140100,0,0,0,0,0,0,0,0,0,4730950,0,0,0,0,0,0
"ITA",0,0,3366165800,94117150,345450,148918350,12478663400,6061520550,0,60072900,0,0,0,0,0,0,6480250,0,0,0,0,5796973300,0,0,7350,2284056150,16026400,0,1148906100,0,107733850,1787997750,116652850,0,195960000,0,14082600,673750,656049000,1129450,0,2602881850,0,34397400,139650,23637600,146800000,7036400,0,20490600,0,0,50469350,21741373000,0,2280950,1012000,0,0,11774391850,63719250,291550,0,805398900,0,0,6024550,0,0,0,93038800,401030050,1261020900,1404145850,61183850,50371400,1004075300,0,6640000,552258900,1332301850,0,0,0,0,1948091900,6432500,0,0,0,0,521342450,114445950,1510600,0,553395050,0,0,40284750,40120800,0,639450,0,516608100,4417350,0,1110997150,0,316050,96003250,0,0,110250,13974800,0,0,8265099250,0,58800,24589000,0,1763995050,0,0,3329550,821626800,1333678000,10748150,541222400,0,239240050,22410150,356919150,2074556800,1430152900,0,0,0,86914300,0,4646202000,0,439736950,0,0,0,0,120481600,0,2905700,0,4223664700,10603150,373982700,0,394691750,6227941900,0,0,0,1066187700,2240265200,0,0,1019431700,1984500,73164350,323400,0,17796800,0,321805750,1176602400,1533353150,0,0,77292647700,1021523300,14810029150,0,31293850,0,3204600,512756750,485100,0,313536000,0,2347018050,5799100,309001050,0,0,0,16441600
"CIV",0,0,0,0,0,0,0,0,0,0,0,0,0,0,0,0,0,0,0,0,0,0,0,0,0,0,0,0,0,0,0,0,0,0,0,0,0,0,0,0,0,0,0,0,0,0,0,0,0,0,0,0,0,142100,0,0,0,0,0,0,0,0,0,0,0,0,0,0,0,0,0,0,0,0,0,0,0,0,0,0,0,0,0,0,0,0,0,0,0,0,0,0,0,0,0,0,0,39952150,0,0,0,0,0,0,0,0,0,0,0,0,0,0,0,0,0,0,0,0,0,0,0,0,0,0,0,0,0,0,0,0,0,0,0,0,0,0,0,0,0,0,0,0,0,0,0,0,0,0,0,0,0,0,0,0,0,0,0,0,0,0,0,0,0,0,0,0,0,0,0,0,0,0,0,0,0,0,0,0,0,0,0,0,0,0,0,0,0,0,0,0,0,0,0,0,0
"KAZ",0,24989938800,0,0,0,0,0,0,0,0,0,0,0,0,0,0,0,0,0,0,0,0,0,0,0,0,0,0,0,0,0,58587228750,0,0,0,0,0,0,0,16079206650,0,7350,0,0,15138868000,0,0,0,0,0,0,0,0,4900,0,0,0,0,0,10185627200,0,0,0,0,0,0,0,0,0,0,0,0,0,0,0,0,0,5053480331600,11213466000,22050,5.644e+09,0,0,0,0,0,0,8634378550,0,0,0,0,0,0,0,0,0,0,0,0,0,0,0,0,0,0,0,0,0,0,0,0,0,0,0,0,73040000,0,0,0,0,0,0,0,0,0,0,0,214140000,0,0,0,0,107900000,0,0,0,0,0,0,0,0,134495551000,0,0,0,0,0,0,0,0,0,0,0,0,0,0,0,14113229650,0,0,0,0,2354627000,0,0,0,0,0,0,0,0,0,41644486400,0,0,17028514850,131163200,0,0,0,293463152800,0,0,0,0,0,0,0,0,0,0,0,0,0
"JAM",0,0,0,0,24049200,0,3714200,0,9973950,0,50281350,0,0,0,0,0,0,0,83491100,0,0,0,0,0,0,1013666650,0,0,0,0,0,0,2450,0,0,0,0,0,0,0,0,0,16588950,0,0,0,0,0,0,0,0,0,0,0,0,0,0,0,0,0,0,0,0,0,0,0,4728500,0,36429050,0,0,0,0,0,0,0,0,0,0,7350,0,0,0,0,0,6683600,0,0,0,0,0,1712550,0,0,0,0,0,0,0,0,0,0,0,0,0,0,0,0,0,16816800,0,0,0,0,0,0,15817200,0,0,0,0,0,0,0,0,0,0,3969000,0,0,0,0,0,0,0,0,0,0,0,0,0,0,0,0,7915950,0,0,0,0,0,0,0,0,0,0,0,0,121233350,0,0,0,0,0,0,0,0,0,0,0,16018100,0,0,0,0,0,0,769557250,0,8852456450,0,0,0,0,0,0,0,0,0,0,0,0,0,0,0,0
"JPN",0,0,0,0,0,20425650,3231062450,0,0,0,0,0,0,0,0,0,23987950,0,0,0,0,0,0,0,0,492952250,0,0,4753000,0,1820350,1238469000,0,0,0,0,0,0,0,0,0,24321150,0,0,0,0,0,0,0,6208300,0,205800,0,308668150,0,0,0,0,0,1239700,0,0,0,0,0,0,0,0,0,0,0,855936200,0,0,0,1176000,186200,0,0,2525950,7261800,117122250,0,0,0,0,0,0,5791800,1291150,0,31551631650,0,0,144550,1538600,0,0,0,0,1391600,0,0,72948750,0,0,0,0,0,13075650,492450,0,0,0,0,0,8682800,0,0,0,0,636608000,0,0,0,0,0,0,1960000,0,592900,0,8085000,1479800,3594150,0,0,0,0,0,0,0,795720800,0,0,0,0,0,0,0,0,0,0,1848187400,0,1354850,12789000,0,0,0,27959400,3219300,0,0,6576826500,0,18899750,0,0,0,0,0,0,4454100,0,0,231221200,441000,2301356050,0,0,0,0,29917500,0,0,0,0,1759100,1467550,0,0,0,0,0
"JOR",0,0,0,0,0,0,0,0,0,0,0,0,0,0,0,0,0,0,0,0,0,0,0,0,0,0,0,0,0,0,0,0,0,0,0,0,0,0,0,0,0,0,0,0,0,0,0,0,0,0,0,0,0,2328150000,0,0,0,0,0,0,0,0,0,0,0,0,0,0,0,0,0,0,0,0,0,0,0,0,1059568650,0,167691950,0,0,0,0,0,0,0,0,0,0,0,0,0,0,22814400,0,0,0,0,0,0,0,0,0,0,0,0,0,0,0,0,0,0,0,0,0,0,0,0,0,0,0,0,0,0,0,0,0,0,0,0,0,0,0,0,0,0,0,0,0,0,8.715e+10,0,0,0,0,0,0,0,0,0,0,0,0,0,0,0,0,0,0,0,435823150,0,0,0,0,0,0,0,0,0,606433800,0,0,0,0,0,6615000,0,0,0,0,0,0,0,0,0,0,0,0,0,0,0,228482100
"KGZ",0,0,0,0,0,0,0,0,0,0,0,0,0,0,0,0,0,0,0,0,0,0,0,0,0,0,0,0,0,0,0,102141100,0,0,0,0,0,0,0,0,0,0,0,0,0,0,0,0,0,0,0,0,0,0,0,0,0,0,0,0,0,0,0,0,0,0,0,0,0,0,0,0,0,0,0,0,0,0,0,0,0,0,0,804550,0,0,0,0,0,0,0,0,0,0,0,0,0,0,0,0,0,0,0,0,0,0,0,0,0,0,0,0,0,0,0,0,0,0,0,0,0,0,0,0,0,0,0,0,0,0,0,0,0,0,0,0,0,0,0,0,0,0,1406300,0,0,0,0,0,0,0,0,0,0,0,0,0,0,0,182878050,0,0,0,0,0,0,0,0,0,0,0,0,0,0,0,0,0,0,0,0,0,0,0,0,0,0,0,0,0,0,0,0,0,0,0,0
"KEN",0,0,0,0,0,0,0,0,0,0,0,0,0,0,0,0,0,0,0,0,0,0,0,826304150,0,18425250,0,0,0,0,0,0,0,0,0,0,0,0,0,0,0,31850,0,0,0,0,0,0,0,0,0,0,0,215800,0,18316200,0,0,0,230000,0,0,0,0,0,0,0,0,0,0,0,0,0,0,0,0,0,0,0,0,83083000,0,0,0,0,3819550,0,0,0,0,0,22050,0,0,0,0,0,0,0,0,0,0,0,0,0,0,0,0,0,0,0,0,0,0,0,0,0,0,0,0,0,0,0,0,0,0,0,0,3395700,0,0,0,0,0,0,0,0,0,0,0,0,774519800,0,0,0,0,0,0,0,164440900,0,0,0,894250,154360950,2450,0,0,0,0,4473700,0,0,0,0,3605199000,0,0,0,0,0,0,0,489130250,68876450650,0,181089050,0,52175200,166000,0,0,0,9800,0,0,144687200,0,0,0,0,0,0,7455952700,0
"KHM",0,0,0,0,0,0,9324700,0,0,0,0,0,0,0,0,0,0,0,0,0,0,0,12029500,0,0,0,0,0,0,0,0,112842100,0,0,0,0,0,0,0,0,0,0,0,0,0,0,0,0,0,0,0,0,0,65789850,0,0,0,0,0,36750,0,0,0,0,0,0,0,0,0,0,0,27349350,0,0,0,0,0,0,0,0,0,426300,0,0,0,11794300,0,0,0,0,0,12691000,0,0,0,0,0,0,0,0,0,0,0,32398800,0,0,0,0,0,0,0,0,0,0,0,0,3643150,0,0,0,0,215600,0,0,0,0,0,0,0,0,0,0,0,0,0,0,0,0,0,0,0,0,0,0,0,0,0,0,0,0,0,0,0,334064850,0,0,0,0,0,0,0,0,0,0,0,0,1283442300,0,0,0,0,0,0,0,0,0,2327500,0,22694350,0,0,0,0,413595750,0,0,0,0,174930000,0,0,0,0,0,0
"PRK",0,0,0,0,0,0,0,0,0,0,0,0,0,0,0,0,0,0,0,0,0,0,0,0,0,0,0,0,0,0,0,0,0,0,0,0,0,0,0,0,0,0,0,0,0,0,0,0,0,0,0,0,0,0,0,0,0,0,0,0,0,0,0,0,0,0,0,0,0,0,0,0,0,0,0,0,0,0,0,0,0,0,0,0,0,0,0,0,0,0,0,0,0,0,0,0,0,0,0,0,0,0,0,0,0,0,0,0,0,0,0,0,0,0,0,0,0,0,0,0,0,0,0,0,0,0,0,0,0,0,0,0,0,0,0,0,0,0,0,0,0,0,0,0,0,0,0,0,0,0,0,0,0,0,0,0,0,0,0,0,0,0,0,0,0,0,0,0,0,0,0,0,0,0,0,0,0,0,0,0,0,0,0,0,0,0,0,0,0,0,0,0,0,0,0
"KOR",0,0,0,83000,0,12989900,1087308500,0,0,0,0,0,0,0,0,0,3082100,0,0,0,0,0,0,0,0,47047400,203350,0,13720000,0,1600050,54299796600,0,0,0,0,0,0,0,0,0,5326300,0,61078500,0,0,0,0,0,0,0,0,0,110143550,0,0,3946950,0,0,45807000,0,22050,0,0,0,0,23216200,159250,0,0,0,27806682300,0,0,0,98362600,9645600,0,6452307950,2374050,1940400,13511750,14700,15187550,0,1537124300,0,0,83000,454996800,0,0,2689200,13139350,40881700,0,0,0,0,0,614950,0,0,378292750,0,0,0,0,129850,3371200,972765150,0,210150,0,0,0,91594100,0,0,0,0,138223800,0,0,0,186200,0,583100,485100,0,5196450,3018400,44492300,891800,0,0,0,0,0,0,0,0,4390092700,0,0,0,0,0,149450,0,0,0,0,3061304700,0,5783050,3142500,0,0,0,2915500,9775500,0,0,1091497050,0,18737800,0,0,17150,0,0,0,106138900,0,0,99971950,0,2693054750,0,6335700,0,0,5404397000,0,0,0,0,29400,0,0,0,0,0,0
"KWT",0,0,0,0,0,0,0,0,0,1306400,0,0,0,0,0,0,0,0,0,0,0,0,0,0,0,0,0,0,0,0,0,0,0,0,0,0,0,0,0,0,0,0,0,0,0,0,0,0,0,0,0,0,0,0,0,0,0,0,0,0,0,0,0,0,0,0,0,0,0,0,0,0,0,0,0,0,0,0,0,0,0,0,0,0,0,0,110400,0,0,0,0,0,0,0,0,0,0,0,0,0,0,0,0,0,0,0,0,0,0,0,0,0,0,0,0,0,0,0,0,0,0,0,0,0,0,0,0,0,0,0,0,0,0,0,0,0,0,0,0,0,0,0,0,0,0,0,0,0,0,0,0,0,0,0,0,0,0,0,0,0,0,0,0,0,0,0,0,0,0,0,809600,0,0,1104000,0,0,0,0,0,0,0,0,0,0,0,0,0,0,0,0,0,0,0,0,0
"LVA",0,0,0,0,0,0,76133750,3207050,0,0,0,0,0,0,0,0,0,0,0,0,0,64760850,0,0,0,340850,0,0,0,0,0,628635700,0,0,0,0,0,0,201605600,11671800,0,8619058650,0,0,943695900,0,0,0,0,13879484900,0,0,48555650,31857350,0,0,96730900,0,0,11027571950,0,4157650,0,14188550,0,0,0,0,0,0,0,1082900,0,0,14700,24642100,0,3.652e+10,0,40571700,580985650,295153350,0,60054400,0,210700,0,3510800,0,0,0,16792300,71117720000,0,0,0,0,0,0,74796097850,0,0,0,0,0,0,108040100,0,0,0,0,0,0,2028600,0,0,55780824950,0,0,0,0,11186700,0,0,0,26847400,0,2822400,533700650,298800,0,1712550,0,3187956200,37306350,0,0,0,0,0,421098650,0,10027158850,0,0,0,0,30851100000,0,17644900,0,37992150,0,182001500,0,0,66993425750,0,117600,0,3323815900,3812200,0,0,124290950,0,0,0,0,0,17098889350,0,133156912250,13203210250,0,0,9505599350,805675150,38212650,0,0,34260150,0,5292000,0,0,0,0,4065200,0,0,0,0,0,0
"LAO",0,0,0,0,0,0,0,0,0,0,0,0,0,0,0,0,0,0,0,0,0,0,0,0,0,0,0,0,0,0,0,0,0,0,0,0,0,0,0,0,0,0,0,0,0,0,0,0,0,0,0,0,0,0,0,0,0,0,0,0,0,0,0,0,0,0,0,0,0,0,0,0,0,0,0,0,0,0,0,0,0,0,0,0,0,0,0,0,0,0,0,0,0,0,0,0,0,0,0,0,0,0,0,0,0,0,0,0,0,0,0,0,0,0,0,0,0,0,0,0,0,0,0,0,0,0,0,0,0,0,0,0,0,0,0,0,0,0,0,0,0,0,0,0,0,0,0,0,0,0,0,0,0,0,0,0,0,0,0,0,0,0,0,0,0,0,0,0,0,0,0,0,0,0,0,0,0,0,0,0,0,0,0,0,0,0,0,0,0,0,0,0,0,0,0
"LBN",0,0,0,0,0,0,32202800,0,0,3234000,0,0,0,0,0,0,4926950,0,0,0,0,0,0,0,0,10860850,0,75950,0,0,0,0,0,0,154350,0,0,0,294000,0,117600,0,0,0,0,0,0,0,0,0,0,0,1038800,123068400,0,0,0,0,102900,8974350,0,51450,0,0,0,0,0,124950,0,0,0,11691400,0,0,0,0,0,0,23656300,0,0,3072300,1771350,0,0,3258500,3784559200,0,0,0,0,0,0,0,0,0,0,1176000,0,0,0,0,0,0,0,0,0,22050,0,0,0,0,0,0,0,0,3910200,0,0,0,0,899150,0,0,39200,186200,0,237650,0,0,0,0,0,0,0,0,0,0,21832200,0,0,0,0,0,0,0,0,0,16600,0,460600,0,0,2327500,0,58800,4307100,0,0,0,17997600,11858000,530520550,0,0,1666000,0,41650,0,0,2573000,0,255623200,134125250,0,0,91357700,0,149067800,0,0,0,0,0,0,0,0,58800,7906150,933450,0,0,0,0,0
"LSO",0,0,0,0,0,0,0,0,0,0,0,0,0,0,0,0,0,0,0,0,0,0,0,0,0,0,0,0,0,0,0,0,0,0,0,0,0,0,0,0,0,0,0,0,0,0,0,0,0,0,0,0,0,0,0,0,0,0,0,0,0,0,0,0,0,0,0,0,0,0,0,0,0,0,0,0,0,0,0,0,0,0,0,0,0,0,0,0,0,0,0,0,0,0,0,0,0,0,0,0,0,0,0,0,0,0,0,0,0,0,0,0,0,0,0,0,0,0,0,0,0,0,0,0,0,0,0,0,0,0,0,0,0,0,0,0,0,0,0,0,0,0,0,0,0,0,0,0,0,0,0,0,0,0,0,0,0,0,0,0,0,0,0,0,0,0,0,0,0,0,0,0,0,0,0,0,0,0,0,0,0,0,0,0,0,0,0,0,0,0,0,0,0,0,0
"LBR",0,0,0,0,0,0,0,0,0,0,0,0,0,0,0,0,0,0,0,0,0,0,0,0,0,0,0,0,0,0,0,0,0,0,0,0,0,0,0,0,0,0,0,0,0,0,0,0,0,0,0,0,0,0,0,0,0,0,0,0,0,0,0,0,0,0,0,0,0,0,0,0,0,0,0,0,0,0,0,0,0,0,0,0,0,0,0,0,0,0,0,0,0,0,0,0,0,0,0,0,0,0,0,0,0,0,0,0,0,0,0,0,0,0,0,0,0,0,0,0,0,0,0,0,0,0,0,0,0,0,0,0,0,0,0,0,0,0,0,0,0,0,0,0,0,0,0,0,0,0,0,0,0,0,0,0,0,0,0,0,0,0,0,0,0,0,0,0,0,0,0,0,0,0,0,0,0,0,0,0,0,0,0,0,0,0,0,0,0,0,0,0,0,0,0
"LBY",0,0,0,0,0,0,0,0,0,0,0,0,0,0,0,0,0,0,0,0,0,0,0,0,0,0,0,0,0,0,0,0,0,0,0,0,0,0,0,0,0,0,0,0,0,0,0,0,0,0,0,0,0,0,0,0,0,0,0,0,0,0,0,0,0,0,0,0,0,0,0,0,0,0,0,0,0,0,0,0,0,0,0,0,0,0,0,0,0,0,0,0,0,0,0,0,0,0,0,0,0,0,0,0,0,0,0,0,0,0,0,0,0,0,0,0,0,0,0,0,0,0,0,0,0,0,0,0,0,0,0,0,0,0,0,0,0,0,0,0,0,0,0,0,0,0,0,0,0,0,0,0,0,0,0,0,0,0,0,0,0,0,0,0,0,0,0,0,0,0,0,0,0,0,0,0,0,0,0,0,0,0,0,0,0,0,0,0,0,0,0,0,0,0,0
"LTU",0,0,0,0,0,0,7308350,88200,0,0,0,0,0,0,0,0,9266497600,0,0,0,0,29871050,0,19580400,0,1269100,0,0,0,0,283903550,617733200,0,0,282844800,0,0,0,26981850,13798400,0,635734150,0,0,1553141450,0,0,0,0,65185622700,0,0,2252455500,70610400,0,0,330809150,0,0,16605627900,0,0,0,7799600,0,1109556800,0,0,0,0,0,7722400,0,0,31798550,7445550,9800,0,0,275417050,113748750,28878150,0,72028350,0,2396100,0,38779650,0,1259300,0,911162350,0,167695304750,0,0,0,0,0,0,0,0,102966400,0,0,498000,0,0,0,8842050,0,0,0,128578450,0,0,807329150,0,0,0,0,16642850,0,0,12886274400,360433600,0,0,397844750,0,0,0,0,131583479200,6864900,0,0,0,0,0,7139095600,0,17349578800,624606400,0,0,0,638716075200,2450,5715850,0,1078000,0,4074350,0,8641150,17243700,0,4679250,0,4747014600,4777500,0,620080000,2450,453485200,3434900,0,0,0,0,43878365000,38968500000,4405100,34873300,0,12208910850,538326800,483859150,0,0,6542450,0,0,0,0,17470950,0,5117518250,0,0,0,0,0,0
"MAC",0,0,0,0,0,0,0,0,0,0,0,0,0,0,0,0,0,0,0,0,0,0,0,0,0,0,0,0,0,0,0,0,0,0,0,0,0,0,0,0,0,0,0,0,0,0,0,0,0,0,0,0,0,0,0,0,0,0,0,0,0,0,0,0,0,0,0,0,0,0,0,0,0,0,0,0,0,0,0,0,0,0,0,0,0,0,0,0,0,0,0,0,0,0,0,0,0,0,0,0,0,0,0,0,0,0,0,0,0,0,0,0,0,0,0,0,0,0,0,0,0,0,0,0,0,0,0,0,0,0,0,0,0,0,0,0,0,0,0,0,0,0,0,0,0,0,0,0,0,0,0,0,0,0,0,0,0,0,0,0,0,0,0,0,0,0,0,0,0,0,0,0,0,0,0,0,0,0,0,0,0,0,0,0,0,0,0,0,0,0,0,0,0,0,0
"MDG",0,0,0,0,0,0,0,0,0,0,0,0,0,0,0,0,0,0,0,0,0,0,0,0,0,0,0,0,0,0,0,8846950,0,20288450,0,0,0,0,0,0,4900,0,0,0,0,0,0,0,0,0,0,0,0,257465600,0,0,0,0,0,0,0,0,0,0,0,0,0,0,0,0,0,0,0,0,0,0,0,0,0,0,0,0,2450,0,0,0,0,0,0,0,0,0,0,0,0,0,0,0,0,0,0,0,0,0,0,7350,0,0,0,0,0,0,0,0,0,0,0,0,0,0,0,0,0,0,0,0,0,0,0,0,0,0,0,0,0,0,0,0,0,0,0,0,0,0,0,0,0,0,0,0,0,0,0,0,0,0,0,0,0,0,0,1577800,0,0,0,0,0,4900,0,0,0,0,0,0,0,0,0,0,0,0,0,0,0,0,0,0,0,0,9800,0,0,0,0,0,0
"MWI",0,0,0,0,0,0,0,0,0,0,0,0,0,0,0,0,0,0,0,0,0,0,0,0,0,0,0,0,0,0,0,0,0,0,0,0,0,0,0,0,0,0,0,0,0,0,0,0,0,0,0,0,0,0,0,0,0,0,0,0,0,0,0,0,0,0,0,0,0,0,0,0,0,0,0,0,0,0,0,0,0,0,0,0,0,0,0,0,0,0,0,0,0,0,0,0,0,0,0,0,0,0,0,0,0,0,0,0,0,0,0,0,0,0,0,0,0,0,0,0,0,0,0,0,0,0,0,0,0,0,0,0,0,0,0,0,0,0,0,0,0,0,0,0,0,0,0,0,0,0,0,0,0,0,0,12250,0,0,0,0,0,0,0,0,0,0,0,0,0,0,0,0,0,0,0,0,490000,0,0,0,0,0,0,0,0,0,0,0,0,0,0,0,0,0,0
"MYS",0,0,0,0,0,0,557644500,1563100,0,0,0,345450,0,0,0,0,173950,0,0,0,128811200,0,9236500,0,0,1511650,0,0,65013200,0,0,1578177300,0,0,0,0,0,0,0,0,0,0,0,0,0,0,0,0,0,0,0,2545550,0,627200,0,470400,0,0,0,36701000,0,18401950,0,44100,0,0,0,0,0,0,44100,12018898850,31850,53900,0,1327461450,595861600,0,0,0,0,1519000,0,0,0,868858200,0,0,25492250,0,0,134416800,0,0,12389650,0,0,0,0,0,0,0,0,0,149067800,0,0,0,0,29400,0,0,0,0,0,7215250,80850,0,0,0,0,10858400,0,0,0,0,15410500,0,0,30757300,0,0,11951100,0,26950,0,20788250,0,0,0,0,0,235200,0,0,0,0,0,0,0,0,0,0,15372996200,0,384650,66150,0,0,0,129850,886900,0,0,350494550,0,1680291100,0,0,0,0,0,0,127321600,0,0,20935250,124950,12436200,0,0,0,0,755430550,338100,0,0,0,56350,0,68600,0,0,0,0
"MDV",0,0,0,0,0,0,0,0,0,0,0,0,0,0,0,0,0,0,0,0,0,0,0,0,0,0,0,0,0,0,0,0,0,0,0,0,0,0,0,0,0,0,0,0,0,0,0,0,0,0,0,0,0,0,0,0,0,0,0,0,0,0,0,0,0,0,0,0,0,0,0,0,0,0,0,0,0,0,0,0,0,0,0,0,0,0,0,0,0,0,0,0,0,0,0,0,0,0,0,0,0,0,0,0,0,0,0,0,0,0,0,0,0,0,0,0,0,0,0,0,0,0,0,0,0,0,0,0,0,0,0,0,0,0,0,0,0,0,0,0,0,0,0,0,0,0,0,0,0,0,0,0,0,0,0,0,0,0,0,0,0,0,0,0,0,0,0,0,0,0,0,0,0,0,0,0,0,0,0,0,0,0,0,0,0,0,0,0,0,0,0,0,0,0,0
"MLI",0,0,0,0,0,0,0,0,0,0,0,0,0,0,0,0,0,0,0,0,0,0,0,0,0,0,0,0,0,0,0,0,0,0,0,0,0,0,0,0,0,0,0,0,0,0,0,0,0,0,0,0,0,953050,0,0,0,0,0,0,0,0,0,0,0,0,0,0,0,0,0,0,0,0,0,0,0,0,0,0,0,0,0,0,0,0,0,0,0,0,0,0,0,0,0,0,0,0,0,0,0,0,0,0,0,0,0,0,0,0,0,0,0,0,0,0,0,0,0,0,0,0,0,0,0,0,0,0,0,0,0,0,0,0,0,0,0,0,0,0,0,0,0,0,0,0,0,0,0,0,0,0,0,0,0,0,0,0,0,0,0,0,0,0,0,0,0,0,0,0,0,0,0,0,0,0,0,0,0,0,0,0,0,0,0,0,0,0,0,0,0,0,0,0,0
"MLT",0,0,0,0,0,0,2450,0,0,0,0,0,0,0,0,0,0,0,0,0,0,0,0,0,0,0,0,0,0,0,0,196203350,0,0,0,0,0,0,0,0,0,0,0,0,0,0,0,0,0,0,0,0,0,0,0,0,0,0,0,0,0,0,0,3719100,0,0,0,0,0,0,0,0,0,0,0,0,0,0,0,0,0,233203250,0,0,0,269500,0,0,0,0,0,0,0,0,0,0,0,0,0,0,0,0,0,0,0,0,0,0,0,0,0,0,0,0,0,0,0,0,0,0,0,0,0,0,0,0,0,0,0,0,0,0,0,0,0,0,0,0,0,0,0,0,0,0,0,0,0,0,0,0,0,0,0,0,0,0,3719100,0,0,0,0,68600,0,0,0,0,0,0,0,0,0,75950,0,0,0,0,6637050,0,0,0,0,0,0,0,0,0,0,0,0,0,0,0,0,0,0
"MRT",0,0,0,0,0,0,0,0,0,0,0,0,0,0,0,0,0,0,0,0,0,0,0,0,0,0,0,0,0,0,0,0,0,0,0,0,0,0,0,0,0,0,0,0,0,0,0,0,0,0,0,0,0,0,0,0,0,0,0,0,0,0,0,0,0,0,0,0,0,0,0,0,0,0,0,0,0,0,0,0,0,0,0,0,0,0,0,0,0,0,0,0,0,0,0,0,0,0,0,0,0,0,0,0,0,0,0,0,0,0,0,0,0,0,0,0,0,0,0,0,0,0,0,0,0,0,0,0,0,0,0,0,0,0,0,0,0,0,0,0,0,0,0,0,0,0,0,0,0,0,0,0,0,0,0,0,0,0,0,0,0,0,0,0,0,0,0,0,0,0,0,0,0,0,0,0,0,0,0,0,0,0,0,0,0,0,0,0,0,0,0,0,0,0,0
"MUS",0,0,0,0,0,0,123682650,0,0,0,0,0,0,0,0,0,0,0,0,0,0,0,0,0,0,0,0,0,0,0,0,15513400,0,36700,0,0,0,0,0,0,0,0,0,0,0,0,0,0,0,0,0,0,0,981541800,0,0,0,0,0,0,0,0,0,0,0,0,0,0,0,0,0,0,0,0,0,14798000,0,0,0,0,0,0,0,0,0,0,0,0,0,0,0,0,0,0,0,0,0,0,0,0,0,0,0,0,0,0,0,0,0,0,0,0,0,0,0,0,1173550,0,0,0,0,0,0,0,0,0,0,0,0,0,0,0,0,0,0,0,0,0,0,0,0,0,0,0,0,0,0,0,0,88028500,0,0,0,267050,0,0,0,0,0,0,0,367500,0,0,0,0,0,0,0,0,0,0,0,0,0,0,10922100,0,0,0,0,0,0,0,0,0,0,0,198450,0,0,0,0,0,0
"MEX",24896900,0,216398700,0,18061400,6823027050,41975526600,1140558300,20891150,275286900,0,0,0,0,585586750,0,8818057150,0,547366750,0,0,287928900,0,0,1754200,31714191600,0,0,45589600,0,30982432950,56441463400,15667512350,0,0,0,1564894450,1106312200,124918150,112386400,0,524410250,0,2345176750,434715750,1600401250,0,1294709850,3505950,325063550,0,31556000,585929750,307889050,21341950,7014350,170431800,1754200,0,4686264450,0,16128350,0,718398800,0,0,33215142450,0,383057500,2327500,875984050,1616159650,223538000,396841200,34628300,981188250,721076650,0,979012650,371356300,1520989400,12731145700,7188300,129752000,6012300,4315777900,59966200,0,7014350,139730850,0,754237400,0,1791621300,7014350,119584500,0,7014350,0,0,0,0,0,138113850,2104550,0,132547450,0,3505950,0,0,278268550,0,0,0,13852300,7343576100,0,0,121912000,0,4105153850,17885000,0,0,847508900,0,5854764450,142406250,0,2226065100,3269637700,151145400,1417905650,197482250,0,0,0,182510300,0,656720050,0,2866176600,3758300,1979600,0,0,0,1754200,1754200,0,0,0,3425526300,0,4989126100,11859003100,13075650,0,0,2118941300,2218438250,0,0,35069300,0,119814800,0,0,41907250,63121800,0,1014469050,1304090900,0,0,61200620250,2202758250,1455647337750,3505950,3221534400,806618400,0,309626100,0,0,0,0,11142007100,0,95207000,10520300,0,0,0
"MNG",0,0,0,0,0,0,0,0,0,0,0,0,0,0,0,0,0,0,0,0,0,0,0,0,0,0,0,0,0,0,0,266270900,0,0,0,0,0,0,0,0,0,0,0,0,0,0,0,0,0,0,0,0,0,0,0,0,0,0,0,0,0,0,0,0,0,0,0,0,0,0,0,0,0,0,0,0,0,0,0,0,0,0,0,0,0,1626800,0,0,0,0,0,0,0,0,0,0,0,0,0,0,0,0,0,0,0,0,0,0,0,0,0,0,0,0,0,0,0,0,0,0,0,0,0,0,0,0,0,0,0,0,0,0,0,0,0,0,0,0,0,0,0,0,25340350,0,0,0,0,0,0,0,0,0,0,0,0,0,0,0,0,0,0,0,0,0,0,0,0,0,0,0,0,0,0,0,0,0,0,0,0,0,0,0,0,0,0,0,0,0,0,0,0,0,0,0,0
"MAR",0,0,0,0,0,0,0,0,0,0,0,0,0,0,0,0,0,0,0,0,0,0,0,0,0,0,0,0,0,0,0,0,0,0,0,0,0,0,0,0,0,0,0,0,0,0,0,0,0,0,0,0,0,47422200,0,0,0,0,0,0,0,0,0,0,0,0,0,0,0,0,0,0,0,0,0,0,0,0,0,0,0,0,0,0,0,5296900,0,0,0,0,0,0,0,0,0,0,0,0,0,0,0,0,0,0,0,0,0,0,0,0,0,0,0,0,0,0,8467200,0,0,0,0,0,0,0,0,0,0,0,0,0,0,0,0,0,0,0,0,0,0,0,0,0,0,0,0,0,0,0,0,0,0,0,0,0,0,0,1632724100,0,0,0,0,0,0,0,0,0,0,0,0,0,0,0,0,0,0,0,21023450,0,36203650,0,0,0,0,0,0,0,0,0,0,0,0,0,0,0,0
"MOZ",0,0,0,0,0,0,0,0,0,0,0,0,0,0,0,0,0,0,0,0,0,0,0,0,0,0,0,0,0,0,0,0,0,0,0,0,0,0,0,0,0,0,0,0,0,0,0,0,0,0,0,0,0,0,0,0,0,0,0,0,0,0,0,0,0,0,0,0,0,0,0,0,0,0,0,0,0,0,0,0,0,0,0,0,0,0,0,0,0,0,0,0,0,0,0,0,0,0,0,0,0,0,0,0,0,0,0,0,0,0,0,0,0,0,0,0,0,0,0,0,0,0,0,0,0,0,0,0,0,0,0,0,0,0,0,0,0,0,0,0,0,0,0,0,0,0,0,0,0,0,0,0,0,0,0,0,0,0,0,0,0,0,0,0,0,0,0,0,0,0,0,0,0,0,0,0,0,0,0,0,0,0,0,0,0,0,0,0,0,0,0,0,0,0,0
"MDA",837900,303800,0,0,0,0,0,0,0,0,0,1715000,0,0,0,0,0,0,0,0,0,3827196400,0,0,0,0,0,0,0,0,0,478409050,0,0,0,0,0,0,27541591200,0,0,0,0,0,0,0,4493703000,0,0,3836700,0,0,0,18934723600,0,0,222458450,0,0,30958200,0,0,0,46908578800,0,0,0,0,0,0,0,17463600,3557400,0,0,0,0,0,0,0,9683536350,35614092500,0,0,0,352800,0,5421850,0,0,0,0,0,42789250,0,612905200,0,0,0,0,0,0,0,2793000,0,0,0,0,0,0,0,0,0,0,0,0,68396650,0,0,5796700,0,0,0,0,0,4610900,0,0,24500,0,0,0,0,25636800,0,0,0,0,0,0,5695703300,0,0,0,0,0,0,9367878000,0,0,0,0,4014544000,2793000,0,0,10955983400,0,627200,0,0,42642063400,8826834200,0,0,0,2793000,0,0,0,0,0,44993700,1134112000,0,0,8502935000,7205868350,5167050,0,0,0,0,5409600,0,0,0,0,5576200,0,35583800,0,0,0,0
"NAM",0,0,0,0,208250,0,0,0,208250,0,0,0,0,0,0,1813852600,0,0,51450,0,0,0,0,0,0,0,0,0,0,0,0,0,0,0,0,0,0,0,1376900,0,0,0,0,0,0,0,0,0,0,0,24500,0,0,36750,0,0,0,0,0,4646550,0,39200,0,2053100,0,0,0,0,0,0,0,254800,0,0,0,0,0,0,0,0,0,0,0,0,0,0,0,0,0,0,0,0,0,0,0,0,0,529200,0,1254400,0,0,362369700,0,0,0,409150,0,0,0,0,0,0,0,0,0,811394900,0,0,0,0,0,0,0,0,0,0,1367100,0,0,0,0,0,0,0,0,0,0,0,43360100,0,0,176400,0,0,0,0,0,0,49000,0,0,0,5239300,0,123721989000,93100,0,0,16407650,0,0,0,0,0,34466600,0,0,0,0,0,0,0,0,71246000,0,1815450,0,0,0,0,0,0,0,0,0,29318766150,332340050,0,51450,0,0,0,0,0
"NPL",0,0,0,0,0,0,261578750,0,0,0,0,36700,0,0,0,0,0,0,0,0,0,0,0,0,0,275250,0,0,0,0,0,29340200,0,0,0,0,0,0,0,0,0,0,0,0,0,0,0,0,0,0,0,0,0,665500,0,0,0,0,0,2411200,0,0,0,0,0,0,0,0,0,0,0,241210050,0,0,0,183721750,0,0,0,0,18350,0,0,0,0,72661450,3303000,0,0,0,0,3528650,0,0,0,0,0,0,0,0,0,0,0,0,0,0,0,0,0,0,0,0,0,0,0,0,0,0,0,0,0,0,0,0,0,0,0,0,91750,0,0,0,0,0,0,0,0,0,5174700,0,0,0,0,0,0,0,0,0,0,0,0,0,0,0,0,0,0,0,0,0,0,1945100,0,0,0,0,0,0,0,0,0,0,0,0,0,0,125734200,917500,24219700,0,0,0,0,0,0,0,0,0,16321800,0,0,0,0,0,0
"NLD",0,3368950,301143250,68426300,128914100,1047592750,13256683300,950326450,12198550,2725261250,126046000,114814350,0,0,6945750,29440000,38196808250,0,29625400,0,0,917571900,63043400,3379900,2096479500,34782531450,615030850,211796450,1525394650,2824075750,4520253050,23618832300,15372120650,170431800,6053989850,40206950,11854183900,15905970600,16902214600,43205750,1732763750,25696183500,0,4860155500,59642850,1155729750,295923200,1256147250,3334797600,904031750,0,49855050,3441699000,129022975300,774200,222344850,3670637500,6347901950,31230800,384212513350,269402050,23850202050,0,15855183900,0,0,33495120850,1402313400,124869900,1046483850,1211691850,6365601100,3448343350,364482050,878732350,411313000,571002750,3794965250,4012818650,27333460850,35126129250,42526451600,10837985300,55978750,465909750,75086850250,2777349500,0,2122328300,66751843700,0,21161011750,500751850,1328661200,301391650,1475030200,0,756807250,0,1083446700,340550,86477650,1197472000,10966824850,9672600,2823529600,7450487100,20606550,1644397250,4318386700,48071250,88612842450,17619095000,81787600,38969530750,2072189600,0,0,1994300,68305200,18130000,2527255850,7341833250,419447350,30239199900,1984521050,3504900,1013934150,1741828450,6066200,6433498400,16651644950,698921700,4816148150,3973952750,11524800,0,4303192150,1683433100,0,4871634950,632636550,12676206650,17150,1183350,497480800,322092000,111804741000,1507533000,984204200,80706800,403954850,259678300,7153659850,46151700,46536829300,35436661500,2873904900,0,0,4063630750,2800887500,0,0,40249857650,4798252350,6828583700,4176994900,0,7772510500,2429074550,18840500,3029673000,16810899650,3400638250,0,77719658950,1009603900,255669209500,18748408600,460764900,168665350,45126837550,7212351200,73372579550,0,19202849450,90331500,310733784950,1351538900,893270400,95885650,53224600,0,0
"ANT",0,0,0,0,0,0,0,0,0,0,0,0,0,0,0,0,0,0,0,0,0,0,0,0,0,0,0,0,0,0,0,0,0,0,0,0,0,0,0,0,0,0,0,0,0,0,0,0,0,0,0,0,0,0,0,0,0,0,0,0,0,0,0,0,0,0,0,0,0,0,0,0,0,0,0,0,0,0,0,0,0,0,0,0,0,0,0,0,0,0,0,0,0,0,0,0,0,0,0,0,0,0,0,0,0,0,0,0,0,0,0,0,0,0,0,0,0,0,0,0,0,0,0,0,0,0,0,0,0,0,0,0,0,0,0,0,0,0,0,0,0,0,0,0,0,0,0,0,0,0,0,0,0,0,0,0,0,0,0,0,0,0,0,0,0,0,0,0,0,0,0,0,0,0,0,0,0,0,0,0,0,0,0,0,0,0,0,0,0,0,0,0,0,0,0
"NCL",0,0,0,0,0,0,0,0,0,0,0,0,0,0,0,0,0,0,0,0,0,0,0,0,0,4900,0,0,0,0,0,0,0,0,0,0,0,0,0,0,0,2450,0,0,0,0,0,0,0,0,0,0,0,1668450,0,0,0,0,0,0,0,0,0,0,0,0,0,0,0,0,0,0,0,0,0,0,0,0,0,0,0,0,0,0,0,311150,0,0,0,0,0,0,0,0,0,0,0,0,0,0,0,0,0,0,0,0,0,0,0,0,0,0,0,0,0,0,4900,0,0,0,0,0,0,0,0,0,0,0,0,0,0,0,0,0,0,0,0,0,0,0,0,0,0,0,0,0,0,0,0,0,0,0,0,0,0,0,0,0,0,0,0,0,0,0,0,0,0,0,0,0,0,0,0,0,0,0,0,0,0,0,0,0,0,0,0,0,0,0,7350,0,0,0,0,0,0
"MKD",0,0,6335815650,0,0,0,42409500,656600,0,0,0,0,0,0,0,0,0,0,0,0,0,8930250,0,0,0,0,0,0,0,0,0,0,0,0,0,0,0,0,0,0,0,0,0,0,0,0,0,0,0,0,0,0,0,0,0,0,0,0,0,3853850,0,0,0,12693399000,0,0,0,0,0,0,0,0,6463100,30260400,0,0,0,0,0,531650,0,0,0,0,0,0,0,0,0,0,0,0,0,0,0,0,0,0,0,0,0,0,0,0,0,0,1411200,0,0,0,0,0,0,0,0,0,818300,0,0,0,0,176400,0,0,0,0,0,0,524300,0,0,0,0,0,0,0,0,0,0,0,0,0,0,0,0,0,0,0,0,0,0,0,0,0,0,0,0,0,0,0,0,13166300,0,0,0,0,0,0,0,0,0,0,0,0,0,0,0,0,24681300,0,0,0,0,0,0,0,0,0,0,0,985207500,4463900,0,0,0
"VUT",0,0,0,0,0,0,0,0,0,0,0,0,0,0,0,0,0,0,0,0,0,0,0,0,0,0,0,0,0,0,0,0,0,0,0,0,0,0,0,0,0,0,0,0,0,0,0,0,0,0,0,0,0,0,0,0,0,0,0,0,0,0,0,0,0,0,0,0,0,0,0,0,0,0,0,0,0,0,0,0,0,0,0,0,0,0,0,0,0,0,0,0,0,0,0,0,0,0,0,0,0,0,0,0,0,0,0,0,0,0,0,0,0,0,0,0,0,0,0,0,0,0,0,0,0,0,0,0,0,0,0,0,0,0,0,0,0,0,0,0,0,0,0,0,0,0,0,0,0,0,0,0,0,0,0,0,0,0,0,0,0,0,0,0,0,0,0,0,0,0,0,0,0,0,0,0,0,0,0,0,0,0,0,0,0,0,0,0,0,0,0,0,0,0,0
"NZL",0,0,0,0,0,1693200,17328508450,0,0,0,0,0,0,0,0,0,7180950,0,0,5004300,1156050,0,0,0,0,152750150,0,0,0,0,0,1981755950,0,0,0,1216188100,0,0,0,0,0,50563600,0,0,0,0,0,0,0,0,0,165499600,12487000,147940300,3090000,0,0,0,0,116741500,0,0,21792750,0,0,0,0,0,0,0,0,153042900,0,0,0,42679000,23120850,0,0,453250,0,0,0,0,0,278301200,0,0,0,771750,0,192976700,0,0,0,0,0,0,0,0,865000,0,0,23213150,0,0,0,0,0,0,0,0,0,0,0,0,0,0,31413700,0,19145050,0,0,0,0,82589500,0,0,332000,137688550,0,38060000,113399200,0,0,0,1942850,0,0,0,0,0,5639900,0,0,0,0,0,0,0,0,0,0,236877000,0,736000,0,0,0,0,33082350,6343050,0,0,188516500,0,102905500,0,353416850,0,0,0,0,68443200,0,0,286279250,0,1131044100,0,0,0,0,4355750,0,0,0,0,0,0,0,0,0,0,0
"NIC",0,0,0,0,0,0,0,0,0,0,0,0,0,0,0,0,0,0,0,0,0,0,0,0,0,0,0,0,0,0,0,4187050,0,0,0,0,631379900,0,0,0,0,0,0,0,0,0,0,221930800,0,0,0,0,0,0,0,0,0,0,0,18350,0,0,0,0,0,0,7350,0,0,0,1287675900,0,0,0,0,0,0,0,0,0,0,0,0,0,0,0,0,0,0,0,0,0,0,0,0,0,0,0,0,0,0,0,0,0,0,0,73500,0,0,0,0,0,0,0,0,0,0,0,0,0,0,0,0,0,0,0,0,0,0,0,0,0,0,0,0,0,0,0,0,0,0,0,0,0,0,0,0,0,0,0,0,0,0,4900,0,0,8920450,0,0,0,0,0,0,0,0,0,0,0,0,0,0,0,0,0,0,0,0,0,267963850,0,0,0,0,0,0,0,0,0,0,0,0,0,0,0,0
"NER",0,0,0,0,0,0,0,0,0,0,0,0,0,0,0,0,0,0,0,0,0,0,0,0,0,0,0,0,0,0,0,0,0,0,0,0,0,0,0,0,0,0,0,0,0,0,0,0,0,0,0,0,0,0,0,0,0,0,0,0,0,0,0,0,0,0,0,0,0,0,0,0,0,0,0,0,0,0,0,0,0,0,0,0,0,0,0,0,0,0,0,0,0,0,0,0,0,0,0,0,0,0,0,0,0,0,0,0,0,0,0,0,0,0,0,0,0,0,0,0,0,0,0,0,0,0,0,0,0,0,0,0,0,0,0,0,0,0,0,0,0,0,0,0,0,0,0,0,0,0,0,0,0,0,0,0,0,0,0,0,0,0,0,0,0,0,0,0,0,0,0,0,0,0,0,0,0,0,0,0,0,0,0,0,0,0,0,0,0,0,0,0,0,0,0
"NGA",0,0,0,0,0,0,0,7715050,0,0,0,0,0,0,0,0,0,0,0,0,0,0,0,0,139103650,2450,0,81727100,0,0,0,0,0,0,0,0,0,0,12250,0,371767400,0,0,0,0,0,0,0,0,0,0,0,17150,122500,0,0,0,0,0,41689200,0,142391550,0,0,0,0,0,0,0,0,0,0,0,0,0,0,0,0,0,5474550,0,2789200,1778700,0,0,0,0,0,0,18350,0,0,0,0,0,0,0,0,0,0,0,0,0,0,0,0,0,0,0,0,0,0,0,0,0,0,36660600,0,0,0,0,0,0,561050,0,0,0,0,0,0,0,0,0,0,0,0,0,0,0,0,0,0,1504700,0,7350,0,316050,0,79620650,0,0,0,0,17150,0,132268800,0,0,0,0,0,1837500,0,0,0,0,0,0,0,0,0,0,0,30650,26950,0,1558709700,0,23801750,0,0,0,0,0,26950,0,0,0,10342550,0,0,0,0,0,0
"NOR",0,0,0,0,0,0,6737500,15094450,0,0,0,0,0,0,0,0,0,0,0,0,0,1024100,0,0,0,4151800,0,0,0,0,0,53983300,0,0,0,0,0,0,0,0,0,815205600,0,0,222950,0,0,0,0,4753300,0,0,213791700,96939150,0,0,13573000,0,0,236747300,0,0,0,1778700,0,0,0,0,0,0,0,43993350,485100,5412050,112566200,0,0,0,0,25774000,0,77243600,0,0,0,15520750,0,0,0,0,0,754600,0,5671750,0,0,0,0,0,0,0,0,0,0,0,0,0,0,0,328300,0,0,0,0,0,0,22084300,0,0,0,0,26950,0,0,0,0,0,0,776650,0,0,0,0,1719900,607600,0,0,0,0,0,0,0,10806950,0,0,0,0,0,0,0,0,31850,0,7874300,0,0,42963200,0,0,0,2675538150,20722100,0,0,10133200,0,3667650,0,0,0,0,0,0,17150,0,0,225191650,539000,49284200,0,0,0,0,3471650,0,0,0,0,24049200,441000,0,0,0,0,0
"PAK",0,0,0,0,0,0,0,0,0,0,0,0,0,0,0,0,0,0,0,0,0,0,0,0,0,0,0,0,0,0,0,0,0,0,0,0,0,0,0,0,0,0,0,0,0,0,0,0,0,0,0,0,0,0,0,0,0,0,0,0,0,0,0,0,0,0,0,0,0,0,0,0,0,0,0,0,0,0,0,0,0,0,0,0,0,0,0,0,0,0,0,0,0,0,0,0,0,0,0,0,0,0,0,0,0,0,0,0,0,0,0,0,0,0,0,0,0,0,0,0,0,0,0,0,0,0,0,0,0,0,0,0,0,0,0,0,0,0,0,0,0,0,0,0,0,0,0,0,0,0,0,0,0,0,0,0,0,0,0,0,0,0,0,0,0,0,0,0,0,0,0,0,0,0,0,0,0,0,1660000,0,0,0,0,0,0,0,0,0,0,0,0,0,0,0,0
"PAN",0,0,0,0,0,166600,0,0,0,0,0,0,0,0,0,0,1663550,0,131966800,0,0,0,0,0,0,0,0,0,0,0,605787000,21270900,81837350,0,0,0,61789000,92565900,0,0,0,0,0,34383300,0,686000,0,392000,0,0,0,0,0,0,0,0,0,0,0,0,0,0,0,0,0,286650,2511250,0,26124450,0,32640250,0,0,0,0,0,0,0,0,0,0,0,0,0,7546000,0,0,0,0,0,0,0,0,0,0,0,0,0,0,0,0,0,0,0,0,0,0,0,0,0,0,0,0,0,0,0,2300550,0,0,0,0,0,2565150,0,0,0,0,0,0,0,536550,0,0,0,0,0,0,0,0,0,0,0,0,0,14700,0,0,0,0,0,0,0,0,0,0,0,3525550,0,0,0,0,0,0,0,0,0,0,0,0,0,0,0,0,8783250,0,0,0,0,93136750,0,239480150,0,5179300,0,0,0,0,0,0,0,0,0,0,0,0
"CZE",138783200,967750,43734950,0,0,27954500,647700950,215668962850,0,17353350,0,0,0,0,8481900,0,111521550,0,0,0,0,4487934950,12250,0,14469700,2823617900,485760000,0,0,0,106039300,905170200,10692288450,0,4456550,0,0,49814367850,1166255800,406138400,0,754457900,0,35789600,2177967150,27545850,97010200,0,3606400,617914650,0,0,2162867350,1569283600,0,0,1589285450,2619050,0,647314784400,121662350,0,0,1769108700,0,0,0,0,0,0,2702350,88138750,19150437050,5225235950,621479850,37606350,2381400,105350,31509450,14693915900,910911650,44023231900,5238100,452175550,0,71855096050,154350,118454500,3466750,0,0,9610715450,0,1807218150,0,1033643800,0,0,0,1780644200,0,0,0,31850,11671800,0,19034050,0,0,34559700,277202450,0,0,2769732900,0,0,2430390850,0,0,7997838250,0,87117100,0,0,12241174050,290981600,68600,9201198050,0,0,8361850,1018448400,24714150,455636025650,34560800,0,0,0,0,0,44216744400,0,36262657150,0,0,0,0,0,2736650,423850,0,12404832750,272636973950,72360300,0,2242430650,1977309750,0,0,0,13564432100,1202163550,362296000,0,154884100,0,15827000,0,0,0,0,61250,3190906750,367735200,0,0,36398861450,3478711650,6452484750,0,7223400,230932250,0,1945912950,1859504000,0,0,0,6796136150,16211650,5350586800,216175750,0,0,0
"PNG",0,0,0,0,0,0,0,0,0,0,0,0,0,0,0,0,0,0,0,0,0,0,0,0,0,0,0,0,0,0,0,0,0,0,0,0,0,0,0,0,0,0,0,0,0,0,0,0,0,0,0,0,0,0,0,0,0,0,0,0,0,0,0,0,0,0,0,0,0,0,0,0,0,0,0,0,0,0,0,0,0,0,0,0,0,0,0,0,0,0,0,0,0,0,0,0,0,0,0,0,0,0,0,0,0,0,0,0,0,0,0,0,0,0,0,0,58800,0,0,0,0,0,0,0,0,0,0,0,0,0,0,0,0,0,0,0,0,0,0,0,0,0,0,0,0,0,0,0,0,0,0,0,0,14700,0,0,0,0,0,0,0,0,0,0,0,0,0,0,0,0,0,0,0,0,0,0,0,0,0,0,0,0,0,0,0,0,0,0,4900,0,0,0,0,0,0
"PRY",0,0,0,0,0,47983250,0,0,0,0,0,0,0,0,812169550,0,210814450,0,0,0,0,0,0,0,0,367000,0,0,0,0,0,0,0,0,0,0,0,0,0,0,0,0,0,0,0,0,0,0,0,0,0,0,0,0,0,0,0,0,0,291550,0,0,0,0,0,0,0,0,0,0,0,0,0,0,0,0,0,0,0,0,0,0,0,0,0,29400,0,0,0,0,0,0,0,0,0,0,0,0,0,0,0,0,0,0,0,0,0,0,0,0,0,0,0,0,0,0,0,0,0,0,0,0,0,0,0,0,0,0,0,0,0,0,0,0,0,0,0,0,0,0,0,0,0,0,0,0,0,0,0,0,0,0,0,0,0,0,2878750,0,0,0,0,0,0,0,0,0,0,0,0,0,0,0,0,0,0,0,14700,0,0,0,6421450,0,0,0,0,0,0,0,0,0,0,0,0,0,0
"PER",0,0,0,0,0,14893550,2797900,2450,0,0,0,0,0,0,0,0,97583500,0,0,0,0,0,0,0,0,2065350,0,0,0,0,8253249850,0,173025600,0,0,0,5767300,0,0,0,0,0,0,0,0,318422100,0,659050,0,0,0,0,0,2891000,0,0,0,0,0,0,0,0,0,0,0,0,0,0,0,0,0,467950,0,0,0,0,0,0,0,0,0,4163050,0,0,0,16956450,0,0,0,0,0,0,0,0,0,0,0,0,0,0,0,0,0,0,0,0,0,0,0,13732250,0,0,0,0,0,0,9643200,0,0,0,0,0,0,0,0,0,0,81580100,0,0,0,0,0,0,0,0,0,0,0,0,0,0,0,0,0,0,0,0,0,0,0,0,0,29400,0,0,235053150,0,0,0,0,16600,0,0,0,0,0,0,0,0,0,0,0,0,0,0,27319950,0,767725600,0,0,0,0,0,0,0,0,0,10118500,0,0,0,0,0,0
"PHL",0,0,0,0,0,0,0,0,0,0,0,0,0,0,0,0,0,0,0,0,0,0,0,0,0,0,0,0,0,0,0,3074750,0,0,0,0,0,0,0,0,0,0,0,0,0,0,0,0,0,0,0,0,0,0,0,0,0,0,0,2663150,0,0,0,0,0,0,0,0,0,0,0,170412350,0,0,0,0,0,0,0,541450,0,1293600,0,0,0,9266750,0,0,0,0,0,665258500,0,0,0,0,0,0,0,0,73502450,0,0,4598454950,45222100,0,1617000,0,0,0,0,0,0,0,0,7350,78300,0,0,0,0,0,0,0,2373800,0,93566650,0,0,0,5796700,297930600,0,0,0,0,0,0,715650,0,0,0,0,0,0,0,0,0,0,0,0,0,0,90691650,0,0,3046100,0,0,0,0,0,0,0,231095900,0,182160350,0,0,0,0,0,0,89746100,0,0,0,0,40040700,0,0,0,0,26435100,0,0,0,0,13222650,0,0,0,0,0,0
"POL",63700,0,10319400,938740550,0,146440850,175400400,446579600,0,211288000,0,1457750,0,0,13553400,68080000,3271162750,0,0,0,0,3225368250,463643200,0,4667250,4679207800,0,0,3400272800,0,3607310200,3104505400,500456600,9363900,4706450,0,411035250,3540049600,4395084550,120050,38224900,13605240400,0,8202600,420704350,100928550,3910815850,0,140701050,774362050,0,0,958197000,15625329600,0,4204200,14873950,0,0,428174577400,201708500,143520000,0,468907500,0,0,0,17463600,0,0,137413150,96136450,23734989750,4739666350,318305200,556299050,739900,0,3391769250,6854491850,11545589300,33847979150,19577950,44237800,0,2968225000,2636598400,17150,42264950,2090792000,0,10766758900,0,2168679150,298900,9408000,117760000,8984150,0,9361835850,0,0,0,1476314950,0,27917750,229153650,967750,227313600,9367822550,17150,39277200,2628403200,21290500,14720000,0,30687629900,0,0,1077708450,0,3961650,157688000,96150250,425040000,19115892950,4483500,129009650,57576926550,0,75090050,32197900,418950,0,14107200,0,0,0,546350,206080000,3703288250,3253600,4317492800,0,0,0,0,0,18970350,3724273400,0,2155592500,4899279550,80070900,0,3310043200,6384490100,0,166600,176640000,22328149200,49384900,281520000,9492670250,568485750,37720000,2452450,9408000,0,625563200,94138800,33188724000,123903900,55689050,50883650,0,25509207900,4286941950,8386018150,143035900,450671150,918750,0,156145150,28694776150,0,0,175885600,4625347550,33200,2159917900,247756250,27052900,0,0
"PRT",0,0,0,1955915950,2702350,5608050,38065650,20876450,0,13764100,0,0,0,0,0,0,159986050,0,0,0,0,820750,0,8426758400,2450,140352050,4127037400,0,0,0,47066950,14220128300,1208109700,0,0,0,655507300,46550,237650,0,128678900,828100,0,7673400,0,18896850,0,157400250,35177850,29899800,0,0,0,11193237300,0,0,0,4900,0,1816067450,0,155214850,0,16091600,0,0,119356650,2649800,15736350,0,1275830150,11889850,0,58800,117600,9118900,0,0,21844200,54495850,125640900,66201450,881745800,2450,0,8895950,0,0,0,0,0,0,0,5632550,595350,0,0,2663150,0,531650,118736800,0,0,2310350,0,178850,0,0,0,9795100,0,3480000,393601500,0,17169600,0,93205600,0,0,0,0,0,421652350,75501650,22508536000,2668050,0,402478650,183750,0,17368050,1086528450,0,83300,0,4408298100,0,0,0,0,32232200,8328117700,3986150,0,0,0,5292187050,0,226164400,0,0,1288700,0,235200,0,199523100,123046059250,0,0,5808950,13690600,5783888350,0,0,56479850,56070700,0,121527350,0,0,0,156400000,0,22152900,0,0,2528914750,0,496968900,375281200,47265400,0,661500,6796300,10330212350,0,20565300,0,792505050,2317728950,0,0,28018200,0,0
"GNB",0,0,0,0,0,0,0,0,0,0,0,0,0,0,0,0,0,0,0,0,0,0,0,0,0,0,0,0,0,0,0,0,0,0,0,0,0,0,0,0,0,0,0,0,0,0,0,0,0,0,0,0,0,0,0,0,0,0,0,0,0,0,0,0,0,0,0,0,0,0,0,0,0,0,0,0,0,0,0,0,0,0,0,0,0,0,0,0,0,0,0,0,0,0,0,0,0,0,0,0,0,0,0,0,0,0,0,0,0,0,0,0,0,0,0,0,0,0,0,0,0,0,0,0,0,0,0,0,0,0,0,0,0,0,0,0,0,0,0,0,0,0,0,0,0,0,0,0,0,0,0,0,0,0,0,0,0,0,0,0,0,0,0,0,0,0,0,0,0,0,0,0,0,0,0,0,0,0,0,0,0,0,0,0,0,0,0,0,0,0,0,0,0,0,0
"TLS",0,0,0,0,0,0,0,0,0,0,0,0,0,0,0,0,0,0,0,0,0,0,0,0,0,0,0,0,0,0,0,0,0,0,0,0,0,0,0,0,0,0,0,0,0,0,0,0,0,0,0,0,0,0,0,0,0,0,0,0,0,0,0,0,0,0,0,0,0,0,0,0,0,0,0,0,0,0,0,0,0,0,0,0,0,0,0,0,0,0,0,0,0,0,0,0,0,0,0,0,0,0,0,0,0,0,0,0,0,0,0,0,0,0,0,0,0,0,0,0,0,0,0,0,0,0,0,0,0,0,0,0,0,0,0,0,0,0,0,0,0,0,0,0,0,0,0,0,0,0,0,0,0,0,0,0,0,0,0,0,0,0,0,0,0,0,0,0,0,0,0,0,0,0,0,0,0,0,0,0,0,0,0,0,0,0,0,0,0,0,0,0,0,0,0
"ERI",0,0,0,0,0,0,0,0,0,0,0,0,0,0,0,0,0,0,0,0,0,0,0,0,0,0,0,0,0,0,0,0,0,0,0,0,0,0,0,0,0,0,0,0,0,0,0,0,0,0,0,0,0,0,0,0,0,0,0,0,0,0,0,0,0,0,0,0,0,0,0,0,0,0,0,0,0,0,0,0,0,0,0,0,0,0,0,0,0,0,0,0,0,0,0,0,0,0,0,0,0,0,0,0,0,0,0,0,0,0,0,0,0,0,0,0,0,0,0,0,0,0,0,0,0,0,0,0,0,0,0,0,0,0,0,0,0,0,0,0,0,0,0,0,0,0,0,0,0,0,0,0,0,0,0,0,0,0,0,0,0,0,0,0,0,0,0,0,0,0,0,0,0,0,0,0,0,0,0,0,0,0,0,0,0,0,0,0,0,0,0,0,0,0,0
"QAT",0,0,0,0,0,0,0,0,0,0,0,0,0,0,0,0,0,0,0,0,0,0,0,0,0,0,0,0,0,0,0,0,0,0,0,0,0,0,0,0,0,0,0,0,0,0,0,0,0,0,0,0,0,0,0,0,0,0,0,0,0,0,0,0,0,0,0,0,0,0,0,0,0,0,0,0,0,0,0,0,0,0,0,0,0,0,0,0,0,0,0,0,0,0,0,0,0,0,0,0,0,0,0,0,0,0,0,0,0,0,0,0,0,0,0,0,0,0,0,0,0,0,0,0,0,0,0,0,0,0,0,0,0,0,0,0,0,0,0,0,0,0,0,0,0,0,0,0,0,0,0,0,0,0,0,0,0,0,0,0,0,0,0,0,0,0,0,0,0,0,0,0,0,0,0,0,0,0,0,0,0,0,0,0,0,0,0,0,0,0,0,0,0,0,0
"ZWE",0,0,0,0,0,0,0,0,0,0,0,0,0,0,0,0,0,0,0,0,0,0,0,0,0,0,0,0,0,0,0,0,0,0,0,0,0,0,0,0,0,0,0,0,0,0,0,0,0,0,0,0,0,0,0,0,0,0,0,7350,0,0,0,0,0,0,0,0,0,0,0,0,0,0,0,0,0,0,0,0,0,0,0,0,0,0,0,0,0,0,0,0,0,0,0,0,0,0,0,0,0,0,0,0,0,0,0,0,0,0,0,0,83000,0,0,0,0,0,0,0,0,0,0,0,0,0,0,0,0,0,0,0,0,0,0,0,0,0,0,0,0,0,0,0,0,0,0,0,0,0,0,0,0,0,0,6558650,0,0,0,12250,0,0,0,0,0,1.38e+08,0,0,0,0,0,0,0,53900,0,0,4900,0,0,0,0,0,0,0,0,0,0,1641468900,0,0,0,0,0,0,0
"ROU",0,0,615087200,0,0,940800,1249500,6489468400,0,1778710200,0,0,0,0,0,0,0,0,0,0,0,10653200000,2614865200,0,3087000,12250,0,0,0,0,0,169772750,0,0,0,0,0,0,87213079600,0,0,55919450,0,0,0,0,0,0,0,0,0,0,0,8921093300,0,0,0,0,0,5292235750,51065350,0,0,63877820700,0,0,0,0,0,0,0,0,17323834050,291260900,0,0,0,0,15241450,11478250,13936570550,5317445650,3616200,0,0,125389311800,189242855200,0,0,0,0,0,61834585000,483345800,0,59453912600,0,0,425304881600,0,0,0,0,0,0,0,46231000,0,0,0,0,9114000,0,4366695000,0,0,107273067350,0,0,1541312150,0,0,0,0,0,0,0,0,117140450,0,0,0,0,1984500,394482400,0,0,0,1.18275e+11,0,0,0,7636650,0,0,0,0,2127955162000,0,0,0,10706500,136428550,0,0,0,136238439050,0,0,0,110250,830550,0,0,0,0,0,0,0,0,1018237800,253986889000,173698764100,38180000,0,0,326965650,348600,25519200,0,0,12250,0,330904400,0,0,0,0,97238409000,759500,2193461150,0,0,0,0
"RWA",0,0,0,0,0,0,0,0,0,0,0,0,0,0,0,0,0,0,0,0,0,0,0,408272900,0,0,0,0,0,0,0,0,0,0,0,0,0,0,0,0,0,0,0,0,0,0,0,0,0,0,0,0,0,0,0,0,0,0,0,695800,0,0,0,0,0,0,0,0,0,0,0,0,0,0,0,0,0,0,0,0,0,0,0,0,0,0,0,0,17150,0,0,0,0,0,0,0,0,0,0,0,0,0,0,0,0,0,0,0,0,0,0,0,0,0,0,0,0,0,0,0,0,0,0,0,0,0,0,0,0,0,0,0,0,0,0,0,0,0,0,0,0,0,0,0,0,0,0,0,0,0,0,0,0,0,0,0,0,0,0,0,0,0,0,0,0,25725000,0,0,0,0,0,0,0,404250,28520450,0,110100,0,367000,0,0,0,0,0,0,0,407069600,0,6275700,0,0,0,0,2586799500,0
"RUS",74144021400,111236600,0,96240160000,0,11083800,37618650,0,0,360145100,0,0,0,0,0,0,31855323800,0,0,0,0,64104150,0,0,9733850,432681500,0,0,20111600,0,1573946150,23613161500,32298350,0,50648850,0,51646000,1725628550,125527814450,65414898550,0,2932650,0,207926900,494691990550,0,24790938000,60534600,22429750,1463582250,0,0,361644500,35310685350,0,23600850,31821853850,0,0,2497387500,0,0,0,8000692100,0,0,23169650,32259150,0,0,22638000,69508950,83300,0,2450,87269000,0,3590672522000,19712336550,9934355050,437842594650,185714900,0,275347979050,0,26898664800,1671603306550,30980838250,1904343350,0,18400000,673597350,125567380000,329126402950,0,399092725400,0,57075200,674311256000,5738383650,0,0,0,0,0,0,0,0,97916700,83747824700,10536026400,24436479400,0,22304149200,0,940688800,36975602450,0,0,0,0,515583250,0,0,0,65001066750,8980334400,238865100,10468898950,146800,38332700,0,0,3172140800,158213650,0,0,0,163970694750,0,13902433150,0,0,0,0,0,0,5588715265650,56749350,16956450,4488400,0,33400850,24902750,0,32217500,240839900,0,21641253900,0,1624350,313600,113404526200,6721015550,2616600,7475525000,9589000,0,4179700,0,56911648450,86061500,1197651325400,48698429250,0,0,10273557300,127497997800,761687050,26780950,55115200,68127790200,0,7390893400,0,0,23358300,0,9118900,0,258995650,2998800,0,0,0
"KNA",0,0,0,0,47270300,0,0,0,0,0,2450,0,0,0,0,0,0,0,385742700,0,0,0,0,0,0,0,0,0,0,0,0,0,0,0,0,0,0,0,0,0,0,0,0,0,0,0,0,0,0,0,0,0,0,0,0,0,0,0,0,0,0,0,0,0,0,46618600,0,0,0,0,0,0,0,0,0,0,0,0,0,2450,0,0,0,0,0,0,0,0,0,0,0,0,0,0,0,0,0,0,0,0,0,0,0,0,0,0,0,0,0,0,0,0,0,0,0,0,0,0,0,0,0,0,0,0,0,0,0,0,0,0,0,0,0,0,0,0,0,0,0,0,0,0,0,0,306465600,189024850,0,0,0,0,0,0,0,0,0,0,0,0,0,0,0,0,0,0,0,0,0,0,0,66738000,0,0,0,0,0,0,0,0,0,0,0,0,0,0,0,0,0,0,0,0,0,0,0,0,0
"LCA",0,0,0,0,104325900,0,0,0,9800,0,353686900,0,0,0,0,0,0,0,367801350,0,0,0,0,0,0,0,0,0,0,0,0,0,0,0,0,0,0,0,0,0,0,0,576943150,0,0,0,0,0,0,0,0,0,0,7435750,0,0,0,0,0,0,0,0,0,0,0,114807000,0,0,587429150,0,0,0,0,0,0,0,0,0,0,0,0,0,0,0,125616800,0,0,0,0,0,0,0,0,0,0,0,0,0,0,0,0,0,0,0,0,0,0,0,0,0,0,0,0,0,0,0,0,0,0,0,0,0,0,0,0,0,0,0,0,0,0,0,0,0,0,0,0,0,0,0,0,0,0,93494450,0,96556950,0,0,0,0,0,0,0,0,0,0,0,0,0,0,0,0,0,0,0,0,0,0,0,1368398500,0,0,0,0,0,0,3023300,0,13053600,0,0,0,0,0,0,0,0,0,0,0,0,0,0,0,0
"VCT",0,0,0,0,693381850,0,0,0,0,0,65195850,0,0,0,0,0,0,0,140674100,0,0,0,0,0,0,0,0,0,0,0,0,0,0,0,0,0,0,0,0,0,0,0,574872900,0,0,0,0,0,0,0,0,0,0,0,0,0,0,0,0,0,0,0,0,0,0,17615500,0,0,0,0,0,0,0,0,0,0,0,0,0,4900,0,0,0,0,0,0,0,0,0,0,0,0,0,0,0,0,0,0,0,0,0,0,0,0,0,0,0,0,0,0,0,0,0,0,0,0,0,0,0,0,0,0,0,0,0,0,0,0,0,0,0,0,0,0,0,0,0,0,0,0,0,0,0,0,1879150,0,0,0,0,0,0,0,0,0,0,0,0,0,0,0,0,0,0,0,0,0,0,0,0,1146600,0,0,0,0,0,0,325850,0,0,0,0,0,0,0,0,0,0,0,0,0,0,0,0,0,0
"STP",0,0,0,0,0,0,0,0,0,0,0,0,0,0,0,0,0,0,0,0,0,0,0,0,0,0,0,0,0,0,0,0,0,0,0,0,0,0,0,0,0,0,0,0,0,0,0,0,0,0,0,0,0,0,0,0,0,0,0,0,0,0,0,0,0,0,0,0,0,0,0,0,0,0,0,0,0,0,0,0,0,0,0,0,0,0,0,0,0,0,0,0,0,0,0,0,0,0,0,0,0,0,0,0,0,0,0,0,0,0,0,0,0,0,0,0,0,0,0,0,0,0,0,0,0,0,0,0,0,0,0,0,0,0,0,0,0,0,0,0,0,0,0,0,0,0,0,0,0,0,0,0,0,0,0,0,0,0,0,0,0,0,0,0,0,0,0,0,0,0,0,0,0,0,0,0,0,0,0,0,0,0,0,0,0,0,0,0,0,0,0,0,0,0,0
"SAU",0,0,0,0,0,0,0,0,0,89126450,0,0,0,0,0,0,0,0,0,0,0,0,0,0,0,0,0,0,0,0,0,0,0,0,0,0,0,0,0,0,0,0,0,0,0,0,0,0,0,0,0,0,0,0,0,0,0,0,0,0,0,0,0,0,0,0,0,0,0,0,0,0,0,0,0,0,0,0,0,0,0,0,0,0,0,0,16313150,0,0,0,0,0,73913800,0,0,0,0,0,0,0,0,0,0,0,0,0,0,0,0,0,0,0,0,0,0,0,0,0,0,0,0,0,0,0,0,0,0,0,0,0,0,0,0,0,0,0,0,0,0,0,0,0,0,0,0,0,0,0,0,0,0,0,0,0,0,0,0,0,0,0,0,0,0,0,0,0,0,0,0,0,4404000,0,0,443868150,0,0,0,0,0,0,0,0,0,0,0,1376250,0,0,0,0,0,0,0,0,0
"SEN",0,0,0,0,0,0,0,0,0,0,0,0,0,0,0,121568750,0,0,0,0,0,0,0,0,0,0,0,0,0,0,0,0,0,0,0,0,0,0,0,0,79345400,0,0,0,0,0,0,0,0,0,0,0,0,1359600,0,0,0,0,10235646650,110100,0,49896750,0,0,0,0,0,16513752200,0,0,0,0,0,0,0,0,0,0,0,201850000,0,610009050,2134400,0,0,2006550,0,0,0,0,0,0,0,0,0,0,0,0,0,0,0,0,0,0,0,6670445650,0,865661250,0,0,0,0,0,0,0,0,0,0,0,0,0,0,0,0,0,0,0,0,0,0,0,0,0,0,0,14624167400,0,0,0,0,49000,0,0,0,0,0,0,0,0,0,382799350,0,0,0,0,0,91750000,117440000,0,0,0,0,0,0,0,0,0,0,0,0,0,0,0,0,0,0,91107750,0,0,404800,0,0,0,0,0,0,0,0,0,0,0,0,0,0,0
"SYC",0,0,0,0,0,0,0,0,0,0,0,0,0,0,0,0,0,0,0,0,0,0,0,0,0,0,0,0,0,0,0,0,0,0,0,0,0,0,0,0,0,0,0,0,0,0,0,0,0,0,0,0,0,0,0,0,0,0,0,0,0,0,0,0,0,0,0,0,0,0,0,242550,0,0,0,0,0,0,0,0,0,0,0,0,0,0,0,0,0,0,0,0,0,0,0,0,0,0,0,0,0,0,0,0,0,0,0,0,0,0,0,0,0,0,0,0,0,0,0,0,0,0,0,0,0,0,0,0,0,0,0,0,0,0,0,0,0,0,0,0,0,0,0,0,0,0,0,0,0,0,0,0,0,0,0,0,0,0,0,0,0,0,0,0,0,0,0,0,0,0,0,0,0,0,0,0,0,0,0,0,0,0,0,0,0,0,0,0,0,0,0,0,0,0,0
"SLE",0,0,0,0,0,0,0,0,0,0,0,0,0,0,0,0,0,0,0,0,0,0,0,0,0,0,0,0,0,0,0,0,0,0,0,0,0,0,0,0,0,0,0,0,0,0,0,0,0,0,0,0,0,0,0,0,0,0,0,0,0,0,0,0,0,0,0,0,0,0,0,0,0,0,0,0,0,0,0,2450,0,0,0,0,0,0,0,0,0,0,0,0,0,0,0,0,0,13595050,0,0,0,0,0,0,0,0,0,0,0,0,0,0,0,0,0,0,2450,0,0,0,0,0,0,0,0,0,0,0,0,0,0,0,0,0,0,0,0,0,0,0,0,0,0,0,0,0,0,0,0,0,0,0,0,0,0,2450,0,0,0,0,0,0,0,0,0,0,0,0,0,0,0,0,0,0,0,0,0,0,105350,0,0,0,0,0,0,0,0,0,2450,0,0,0,0,0,0
"SVN",0,0,10226700,0,0,0,372400,3251197450,0,0,0,0,0,0,0,0,0,0,0,0,0,63500700,0,0,0,666400,0,0,0,0,0,4760350,0,0,0,0,0,0,0,0,0,41512200,0,0,0,0,0,0,0,0,0,0,22050,57650,0,0,0,0,0,197568300,6394983600,0,0,4176800,0,0,0,0,0,0,0,7350,1332361950,18566665750,0,0,0,12250,0,2222150,4128750,64708060400,0,0,0,1342600,13542300,0,0,0,0,0,0,0,0,0,0,0,0,2450,0,0,0,0,0,0,0,0,0,0,0,0,0,2628400,0,0,1445300,0,0,8372350,0,0,0,0,22050,88200,0,0,7350,0,0,0,0,2450,0,0,0,0,0,0,19164300,0,11544700,0,0,0,0,0,0,0,0,0,1054016950,9800,0,0,0,0,0,0,4900,1614550,0,0,0,0,165150,0,0,0,0,0,17150,0,0,0,1149100,0,0,0,0,0,0,0,0,0,0,0,0,0,6929374650,151075550,0,0,0
"SVK",0,0,108468000,0,0,0,0,125177591300,0,0,0,0,0,0,0,0,735000,0,0,0,0,9828477950,0,0,0,137734100,0,0,0,0,0,4410000,0,0,0,0,0,0,0,245000,0,577431000,0,98000,72250500,0,0,0,0,0,0,0,0,7350,0,0,72989200,0,0,33130149250,0,0,0,8646000,0,0,0,0,0,0,0,0,117605255100,13138149350,0,0,0,0,0,7015700,184989700,53812311050,0,72036000,0,173950,0,36800000,0,0,0,22640450,0,0,0,0,0,0,0,119520000,0,0,0,0,0,0,39513600,0,0,0,0,0,0,1838160000,0,0,1033921650,0,0,6064640000,0,0,0,0,0,0,0,2386300,71596043900,0,0,0,0,525636238000,0,0,0,0,0,0,98306657200,0,7255117100,0,0,0,0,0,0,0,0,69273577750,0,24500,0,0,394450,0,0,0,0,1884200,0,251896000,0,0,0,0,0,0,0,0,0,0,0,0,102361450,1274156500,51570050,0,2450,0,0,213270050,0,0,0,0,0,0,1678283700,0,0,0,0
"SGP",0,0,0,0,0,0,2102856150,0,0,23233350,563500,345109800,0,16600,0,0,0,0,0,2619050,109000150,0,8869500,0,0,254449900,0,0,145597500,0,7815500,7107358550,0,0,0,18034450,0,0,0,0,0,34736100,0,0,0,0,0,0,4365900,0,0,150843950,10267950,830000,0,0,0,0,0,7112350,0,0,159945800,0,0,0,0,0,0,0,0,988357100,0,0,0,555753100,9815698300,0,0,0,27506150,98000,0,0,0,109397400,0,0,0,7662371200,0,1270931300,0,0,1438150,0,0,0,0,0,0,0,0,14086290450,404354700,0,0,0,10268700,16503200,0,0,0,0,0,1744400,89721450,0,164150,0,7739550,59960950,0,0,7350,25715950,10089100,7815500,0,1179755850,0,0,197185900,0,0,0,53579450,0,32158700,0,0,0,0,0,0,0,0,0,0,9713650,0,0,0,0,0,247450,0,0,0,0,3422650,0,0,0,177352000,0,1194548350,0,99222550,0,524868400,0,245000,1204591500,0,0,9953800,0,488152700,0,0,0,0,2013244200,0,0,0,0,52432450,0,0,0,0,0,0
"SOM",0,0,0,0,0,0,0,0,0,0,0,0,0,0,0,0,0,0,0,0,0,0,0,0,0,0,0,0,0,0,0,0,0,0,0,0,0,0,0,0,0,0,0,0,0,0,0,0,0,0,0,0,0,0,0,0,0,0,0,0,0,0,0,0,0,0,0,0,0,0,0,0,0,0,0,0,0,0,0,0,0,0,0,0,0,0,0,0,0,0,0,0,0,0,0,0,0,0,0,0,0,0,0,0,0,0,0,0,0,0,0,0,0,0,0,0,0,0,0,0,0,0,0,0,0,0,0,0,0,0,0,0,0,0,0,0,0,0,0,0,0,0,0,0,0,0,0,0,0,0,0,0,0,0,0,0,0,0,0,0,0,0,0,0,0,0,0,0,0,0,0,0,0,0,0,0,0,0,0,0,0,0,0,0,0,0,0,0,0,0,0,0,0,0,0
"ZAF",0,0,0,0,19600,0,21021000,921200,149450,83000,2450,0,0,0,0,46669399450,112700,0,4900,0,0,0,0,0,0,116940950,0,0,19600,0,0,8864100,0,17561600,2088900,2450,105350,0,607600,0,0,2837300,19600,0,0,0,0,0,0,0,4900,0,1744400,666400,0,0,17150,0,0,1995900,0,64500,0,7602350,0,0,0,9800,39200,0,0,2621500,0,0,0,139650,0,0,0,12250,0,828100,0,0,0,4542300,0,0,19619600,0,36750,259700,116200,0,0,0,28732853150,999600,0,0,0,20850,1096927200,0,404250,93100,257250,0,172139400,0,0,0,29904755150,0,15882890250,0,3087200,0,0,0,0,3670100,0,0,253600,980000,0,33528250,0,249900,0,0,58800,0,171500,0,0,0,49800,1705632400,0,0,791350,17150,0,0,0,0,1330750,1401650,10566850,0,0,403597100,136150,0,34300,0,0,18027869150,8703650,215600,0,0,1599850,800546700,0,2539800,1222550,0,49800,0,193550,734500,3004254450,2450,43810500,107800,13372200,1243500,149400,0,0,0,0,0,439768900,27574636700,1847300,9800,0,0,1612100,0,0
"ESP",0,0,13056050,92095066400,36806350,359873150,765463950,59036500,151900,1686884950,13592600,92323350,0,0,5517400,0,17079552850,0,0,0,0,258654800,0,0,91015050,670204850,59284150,0,0,46905250,2571392300,23194572650,662589000,0,4689300,0,999043100,2365711000,18150786200,423850,46420150,532639200,0,109716400,14677950,190727600,171500,54073950,13128149850,154444350,0,0,255526900,140421973700,0,1094800000,218366050,193550,23023250,1881720050,127091300,152529650,0,35626208500,0,0,803194650,338783550,0,0,123119850,351146250,62227550,257634650,8866550,139329050,955650,0,476064900,586700650,441306250,19784015600,34126050,109167100,4150300,255508050,585489400,2947350,19759250,24779300,0,1960406700,0,461099800,12029500,27384050,0,1102500,56799323600,78206450,134750,0,0,46265800,5071500,208646900,4508099500,2905458300,0,124317350,0,26262758750,0,16177350,0,2450,13243866450,0,0,2472050,0,221499600,21748650,8707300,19590200,6040996150,2915500,578494000,29226400,2109450,182997850,79720550,49955350,558894250,277733689750,381431100,0,0,2202550,0,84924350,31127250,474675250,0,0,0,32295900,293600,179724700,1208000,2450,20979350,11799200,656122250,0,357700,0,0,0,0,1315465350,616918250,0,0,706237000,16379750,56011900,302187400,0,19688200,0,48391209100,37433050400,514223150,2450,0,30882007550,1514100,1622013000,197293600,882901600,0,1538600,407185100,9175250,0,23304400,0,15134389300,2446700,85538050,28481250,25793600,0,0
"SUR",0,0,0,0,0,0,0,0,0,0,0,0,0,0,0,0,0,0,0,0,0,0,0,0,0,0,0,0,0,0,0,0,0,0,0,0,0,0,0,0,0,0,0,0,0,0,0,0,0,0,0,0,0,573300,0,0,0,0,0,0,0,0,0,0,0,0,0,0,4922050,0,0,0,0,0,0,0,0,0,0,0,0,0,0,0,0,0,0,0,0,0,0,0,0,0,0,0,0,0,0,0,0,0,0,0,0,0,0,0,0,0,0,0,0,0,0,0,0,0,0,0,0,0,0,0,0,0,0,0,0,0,0,0,0,0,0,0,0,0,0,0,0,0,0,0,0,0,0,0,0,0,0,0,0,0,0,0,0,0,0,0,0,0,0,0,0,0,0,0,0,0,0,0,0,0,0,0,0,0,0,0,0,0,17164700,0,0,0,0,0,0,0,0,0,0,0,0
"TJK",0,0,0,0,0,0,0,0,0,0,0,0,0,0,0,0,0,0,0,0,0,0,0,0,0,0,0,0,0,0,0,0,0,0,0,0,0,0,0,0,0,0,0,0,0,0,0,0,0,0,0,0,0,0,0,0,0,0,0,0,0,0,0,0,0,0,0,0,0,0,0,0,0,0,0,0,0,0,0,0,0,0,0,0,0,0,0,0,0,0,0,0,0,0,0,0,0,0,0,0,0,0,0,0,0,0,0,0,0,0,0,0,0,0,0,0,0,0,0,0,0,0,0,0,0,0,0,0,0,0,0,0,0,0,0,0,0,0,0,0,0,0,0,0,0,0,0,0,0,0,0,0,0,0,0,0,0,0,0,0,0,0,0,0,0,0,0,0,0,0,0,0,0,0,0,0,0,0,0,0,0,0,0,0,0,0,0,0,0,0,0,0,0,0,0
"SWZ",0,0,0,0,0,0,0,0,0,0,0,0,0,0,0,0,0,0,0,0,0,0,0,0,0,0,0,0,0,0,0,0,0,0,0,0,0,0,0,0,0,0,0,0,0,0,0,0,0,0,0,0,0,0,0,0,0,0,0,0,0,0,0,0,0,0,0,0,0,0,0,0,0,0,0,0,0,0,0,0,0,0,0,0,0,0,0,0,0,0,0,0,0,0,0,0,5520000,0,0,0,0,0,0,0,0,0,0,0,0,0,0,0,21244300,0,0,0,0,0,0,0,0,0,0,0,0,0,0,0,0,0,0,0,0,0,0,0,0,0,0,0,0,0,0,0,0,0,0,0,0,0,0,0,0,0,0,19381950,0,0,0,0,0,0,0,0,0,0,0,0,0,0,0,0,0,0,0,0,0,0,0,0,0,0,0,0,0,0,0,0,0,0,0,0,0,0,0
"SWE",0,0,0,0,0,0,12575850,18350,0,0,0,0,0,0,0,0,18403931600,0,0,0,0,15111600,0,0,0,8383900,0,0,0,0,6703200,195888900,0,0,0,0,22094425600,0,1185800,0,0,118725787550,0,0,31850,0,0,33259177600,0,6324717850,88200,0,5031128750,14577423600,0,0,0,0,0,346398250750,0,22478470400,0,4273350,0,0,44261018450,0,0,0,63227331200,41972200,12901700,142100,10778410300,0,0,0,0,14186184500,1169141250,421637650,0,0,0,4760003050,0,0,4900,0,0,457900,0,181841000,0,2837100,0,0,0,126208525100,0,0,0,19600,0,0,791350,0,0,536550,4432050,0,9201932000,0,0,0,97527864400,0,0,0,0,2722750,12897553600,0,7350,82104070700,0,0,5943700,0,0,0,294000,37074168800,7310953950,0,0,0,0,0,4591800,0,9241798500,0,0,0,0,2202000,0,0,0,394450,3011050,2910550,0,114862150,53318487950,0,0,0,0,630980550,0,0,36544200,2391889600,2450,0,0,0,0,0,82049128800,9351650,15410220800,0,123007999900,91850,33101150,0,0,0,0,558376200,29400,0,0,0,55079151050,4900,345450,0,0,0,0
"CHE",0,0,0,0,0,0,992250,39774300,0,0,0,0,0,0,0,0,0,0,0,0,0,0,0,0,17150,2462250,0,0,0,0,0,6203400,0,0,0,0,0,0,0,0,41650,412861200,0,0,0,0,0,0,0,102900,0,0,220500,565826700,0,0,0,0,7350,2439464950,0,68600,0,173950,0,0,0,4900,0,0,0,2663150,0,29400,0,0,0,0,0,2026150,0,307875200,0,0,0,2672950,0,0,0,0,0,0,7350,0,0,0,0,0,0,176400,0,0,0,0,0,0,0,0,0,16600,0,0,0,0,0,0,4053600,0,0,0,0,84550,0,14700,357700,1582700,0,0,3995950,0,0,0,0,16677600,5556600,0,0,0,0,0,0,0,80850,0,0,0,0,0,0,0,0,0,0,173950,0,4900,839800,0,0,0,250691350,0,0,0,8464750,0,0,19600,0,0,0,0,0,51450,0,0,97390800,0,10872550,0,0,0,0,0,0,0,0,0,10731250,71050,85407000,0,0,0,0
"SYR",0,0,0,0,0,0,0,0,0,0,0,0,0,0,0,0,0,0,0,0,0,0,0,0,0,0,0,0,0,0,0,0,0,0,0,0,0,0,0,0,0,0,0,0,0,0,0,0,0,0,0,0,0,0,0,0,0,0,0,0,0,0,0,0,0,0,0,0,0,0,0,0,0,0,0,0,0,0,0,0,0,0,0,0,0,0,0,0,0,0,0,0,0,0,0,0,0,0,0,0,0,0,0,0,0,0,0,0,0,0,0,0,0,0,0,0,0,0,0,0,0,0,0,0,0,0,0,0,0,0,0,0,0,0,0,0,0,0,0,0,0,0,0,0,0,0,0,0,0,0,0,0,0,0,0,0,0,0,0,0,0,0,0,0,0,0,0,0,0,0,0,0,87150066400,0,0,0,0,0,0,0,0,0,0,0,0,0,0,0,0,0,0,0,0,0,0
"TKM",0,0,0,0,0,0,0,0,0,0,0,0,0,0,0,0,0,0,0,0,0,0,0,0,0,0,0,0,0,0,0,0,0,0,0,0,0,0,0,0,0,0,0,0,0,0,0,0,0,0,0,0,0,0,0,0,0,0,0,0,0,0,0,0,0,0,0,0,0,0,0,0,0,0,0,0,0,0,0,0,0,0,0,0,0,0,0,0,0,0,0,0,0,0,0,0,0,0,0,0,0,0,0,0,0,0,0,0,0,0,0,0,0,0,0,0,0,0,0,0,0,0,0,0,0,0,0,0,0,0,0,0,0,0,0,0,0,0,0,0,0,0,0,0,0,0,0,0,0,0,0,0,0,0,0,0,0,0,0,0,0,0,0,0,0,0,0,0,0,0,0,0,0,0,0,0,0,0,0,0,0,0,0,0,0,0,0,0,0,0,0,0,0,0,0
"TWN",0,0,0,0,0,2131500,2291300,0,0,0,0,0,0,0,0,0,4900,0,0,0,0,0,0,0,0,3812450,0,0,0,0,2594550,1105161050,0,0,0,0,912200,0,2675400,0,0,0,0,0,0,0,0,0,0,0,0,112700,0,11104750,36750,0,0,0,0,63700,0,0,213150,0,0,0,0,0,0,0,0,115115400,0,0,0,17150,0,0,0,0,0,0,0,0,0,1061038650,0,0,0,222950,0,76937350,0,8726900,0,0,0,0,0,4900,28871200,0,0,11904400,0,0,0,0,0,0,0,0,0,0,0,0,49000,0,0,0,0,547800,0,0,0,0,0,0,0,0,0,0,18910650,0,0,0,0,0,0,0,0,0,671300,0,0,0,0,0,0,0,0,0,0,141967700,0,653400,0,0,0,0,2300550,63700,0,0,0,0,4206650,0,0,0,0,0,0,165150,0,0,8246700,0,209008650,0,90650,0,0,8712200,0,0,0,0,121454700,0,0,0,0,0,0
"TZA",0,0,0,0,0,0,0,0,0,0,0,0,0,0,0,0,0,0,0,0,0,0,0,0,0,0,0,0,0,0,0,93100,0,0,0,0,0,0,0,0,0,443450,0,0,0,0,0,0,0,0,0,0,0,0,0,0,0,0,0,0,0,0,0,0,0,0,0,0,0,0,0,0,0,0,0,0,0,0,0,0,0,0,0,0,0,0,0,0,335427050,0,0,49000,0,0,0,0,0,0,0,0,0,0,0,0,0,0,0,0,0,0,0,0,0,0,0,0,0,0,0,0,0,0,0,0,0,0,0,0,0,0,0,0,0,0,0,0,0,0,0,0,0,1341286400,0,0,0,0,0,0,0,0,0,0,0,0,0,29400,0,0,0,0,0,0,0,0,0,0,0,0,0,0,0,0,0,0,1350486000,0,0,0,0,0,0,0,0,0,0,0,0,0,4900,0,0,0,0,0,0
"THA",0,0,0,0,0,2450,1845085200,40104050,0,46447100,0,0,0,4169900,0,0,3880800,0,0,0,1328000,0,39089429400,0,0,357714700,0,0,8403500,0,21942200,601207950,15082200,0,0,7350,0,0,0,0,0,96340250,0,0,0,0,0,0,0,11336150,0,0,95148200,1061695250,0,0,0,0,0,103371650,0,0,4267900,0,0,0,0,0,0,0,0,877953950,0,0,11213650,38112200,15263500,0,17649800,117445650,1186110050,176583750,0,25323200,0,2315947050,0,0,22934450,14510472900,0,425422900,0,0,2538796500,203350,0,2450,0,0,0,0,0,2719889550,57048250,0,0,0,872200,12490100,0,0,0,0,0,16422350,767888800,0,178850,0,0,120113700,0,0,43575000,67254950,0,0,29059450,0,0,6404300,288410400,34802250,3817100,0,0,0,128850400,0,0,0,263090800,0,0,0,0,0,0,18117750,0,0,32545800,2335129450,0,24632300,178962700,0,0,0,586282550,525086450,0,0,2174431350,10370850,0,0,12936000,0,0,0,7631750,9021051900,0,0,3098382700,0,1851666100,0,0,0,0,1080932650,0,0,0,0,2940000,0,0,0,0,0,0
"TGO",0,0,0,0,0,0,0,0,0,0,0,0,0,0,0,0,0,0,0,0,0,0,0,0,0,0,0,0,0,0,0,17640000,0,0,0,0,0,0,0,0,3083579800,0,0,0,0,0,0,0,0,0,0,0,0,40052600,0,0,0,0,0,0,0,140179200,0,0,0,0,0,138094250,0,0,0,0,0,0,0,0,0,0,0,0,0,0,56463900,0,0,2744000,0,0,0,0,0,0,0,0,0,0,0,0,0,0,0,0,0,0,0,524241200,0,0,0,0,0,0,0,0,0,0,0,0,0,0,0,0,0,659777650,1357300,0,0,0,0,0,0,0,0,0,14221250,0,0,0,0,0,0,0,0,0,0,0,0,0,0,0,0,0,0,0,0,0,0,0,0,0,0,0,0,0,0,0,0,0,0,0,0,0,0,0,0,0,0,0,0,258933150,0,0,0,0,0,0,0,0,12294500,0,0,0,0,0,0
"TON",0,0,0,0,0,0,0,0,0,0,0,0,0,0,0,0,0,0,0,0,0,0,0,0,0,0,0,0,0,0,0,0,0,0,0,0,0,0,0,0,0,0,0,0,0,0,0,0,0,0,0,0,0,0,0,0,0,0,0,0,0,0,0,0,0,0,0,0,0,0,0,0,0,0,0,0,0,0,0,0,0,0,0,0,0,0,0,0,0,0,0,0,0,0,0,0,0,0,0,0,0,0,0,0,0,0,0,0,0,0,0,0,0,0,0,0,0,0,0,0,0,0,0,0,0,0,0,0,0,0,0,0,0,0,0,0,0,0,0,0,0,0,0,0,0,0,0,0,0,0,0,0,0,0,0,0,0,0,0,0,0,0,0,0,0,0,0,0,0,0,0,0,0,0,0,0,0,0,0,0,0,0,0,0,0,0,0,0,0,0,0,0,0,0,0
"TTO",0,0,4900,0,494434500,0,0,0,24749900,0,492763600,0,0,0,0,0,0,0,5532100,0,0,0,0,0,0,281541750,0,0,0,0,0,0,0,0,0,0,0,358415400,0,0,0,0,343639450,0,0,0,0,0,0,0,0,0,0,805660450,0,0,0,0,0,6360200,0,0,0,60319000,0,774623700,0,0,2413742450,2450,16522800,0,0,0,0,9883300,0,0,0,0,0,0,0,0,76780550,0,0,0,0,0,0,0,0,0,0,0,0,0,0,0,0,0,0,0,0,0,0,0,0,0,0,0,0,0,0,0,99327900,0,0,0,0,0,0,0,0,0,0,0,1688050,0,0,0,0,0,0,0,0,0,0,0,0,0,0,224696650,51856700,16789850,0,0,0,0,0,0,0,0,0,0,31850,0,0,0,5801600,0,0,0,0,0,0,0,0,0,0,0,26950,0,0,0,62313300,0,48424250,0,0,0,0,0,0,0,0,0,14700,0,0,0,0,0,0
"OMN",0,0,0,0,0,0,0,0,0,0,0,0,0,0,0,0,0,0,0,0,0,0,0,0,0,0,0,0,0,0,0,0,0,0,0,0,0,0,0,0,0,0,0,0,0,0,0,0,0,0,0,0,0,0,0,0,0,0,0,0,0,0,0,0,0,0,0,0,0,0,0,0,0,0,0,0,0,1835000,0,0,0,0,0,0,0,0,0,0,0,0,0,0,0,0,0,0,0,0,0,0,0,0,0,0,0,0,0,0,0,0,0,0,0,0,0,0,0,0,0,0,0,0,0,0,0,0,0,0,0,0,0,0,0,0,0,0,0,0,322610800,0,0,0,0,0,0,0,0,0,0,0,0,0,0,0,0,0,0,0,0,0,0,0,0,0,0,0,0,0,0,0,0,0,0,49119400,0,0,0,0,0,0,0,0,0,0,0,0,0,0,0,0,0,0,0,0,0
"TUN",0,0,0,0,0,0,0,0,0,0,0,0,0,0,0,0,0,0,0,0,0,0,0,0,0,0,0,0,0,0,0,0,0,0,0,0,0,0,0,0,0,0,0,0,0,0,0,0,0,0,0,0,0,66064250,0,0,0,0,0,75950,0,0,0,0,0,0,0,0,0,0,0,0,0,0,0,0,0,0,0,0,0,3207050,0,0,0,2496550,0,0,0,0,0,0,0,0,0,0,0,0,622500000,0,0,0,0,0,0,0,0,0,0,0,0,0,0,0,0,0,0,0,0,0,0,0,0,0,0,0,0,0,0,0,0,0,0,0,0,0,0,0,0,0,0,0,0,0,0,0,0,0,964092150,0,0,0,0,0,0,0,0,0,0,0,1215200,0,0,0,0,0,0,0,0,0,0,0,19308450,0,0,0,0,0,0,0,0,0,0,0,0,0,0,0,0,0,0,0,0,0,0
"TUR",0,0,49935900,2119065950,1092700,0,33207300,224611100,2648450,201241200,78400,0,0,0,0,0,68600,0,46550,0,0,322204400,0,0,0,1912869350,0,0,0,0,0,585128600,0,0,0,166600,14570150,68600,27973315150,1082747150,162297800,5652185100,0,0,0,0,306250,0,0,485100,0,0,35836150,256189150,0,0,6170653050,0,0,283465000,5012700,18218200,0,4400200,0,0,0,4147850,0,0,0,5642350,1614550,1227450,0,0,68600,0,63312688350,183750,388864000,10199350,146436500,0,0,51092300,0,0,0,0,0,95319700,0,935900,0,4358079850,0,5867750,0,7063350,0,4620700,0,635200,0,0,10995600,0,0,0,0,83000,0,20714750,0,0,85365500,0,0,95550,68600,7009450,0,2619050,36750,16478700,0,10155250,9506000,0,0,0,3123750,1298500,3113950,0,0,0,857449800,0,687514100,368000,17191650,0,0,313600,0,27342400,0,0,0,350350,0,13163850,0,10946600,12664050,0,0,0,74156600,120262050,17728205400,43297750,2692550,0,1296200,0,0,0,205971500,3660300,0,14138950,0,0,1611656550,149731750,72346050,13149150,0,0,0,255693900,7568200,0,0,0,48451200,2844450,2699900,0,40586700,0,0
"ARE",0,182147700,12027050,0,0,0,686350350,49039200,0,3288485200,0,49400500,0,0,0,0,0,0,0,0,8575000,0,4214000,12468050,0,0,0,0,21025900,0,0,1298139850,0,1087800,6223000,0,0,0,92274350,0,6041700,151900,0,0,0,0,25397700,0,0,7350,0,0,0,12250,0,41630400,9645650,0,2712150,7673400,0,7803250,0,96211500,0,0,0,845250,0,0,0,0,0,0,0,100949750,5911850,2853070300,132284200,110250,0,80850,0,0,0,0,6382250,0,90679300,196000,0,0,64931100,0,0,12531750,0,1527200,0,0,0,0,0,315185950,41257800,0,0,0,12250,338100,0,0,1732150,0,12446000,42772100,491433250,0,0,0,0,24651900,0,5968200,335678150,0,1109911800,1122100,63700,0,0,0,2949800,0,85750,0,0,7974750,0,0,0,5867750,1494500,0,0,0,0,119695200,0,198057150,0,0,0,175385700,0,85750,658101850,0,0,10035200,264600,4900,0,4166600,49325850,42670800,64755950,0,0,0,201399168300,0,268052050,0,11995200,0,17811500,0,210700,0,0,19600,0,32815300,1832600,94420100,50195600,14293300,39151000,0,2450,0,1651300,0,0
"UGA",0,0,0,0,0,0,0,0,0,0,0,0,0,0,0,0,0,0,0,0,0,0,0,238171850,0,0,0,5328750,0,0,0,0,0,0,0,0,0,0,0,0,0,0,0,0,0,0,0,0,0,0,0,0,0,0,0,0,0,0,0,0,0,0,0,0,0,0,0,0,0,0,0,0,0,0,0,0,0,0,0,0,0,0,0,0,0,0,0,0,955931000,0,0,0,0,0,0,0,0,0,0,0,0,0,0,0,0,0,0,0,0,0,0,0,0,0,0,0,0,0,0,0,0,0,0,0,0,0,0,0,0,0,0,0,0,0,0,0,0,0,0,0,0,496347050,0,0,0,0,0,0,0,0,0,0,0,0,2976750,306250,0,0,0,0,29400,0,0,0,0,907488000,0,0,0,0,0,0,0,1531250,0,0,0,0,0,0,0,0,0,0,0,0,5437267850,0,0,0,0,0,176953700,6048090550,0
"TUV",0,0,0,0,0,0,595350,0,0,0,0,0,0,0,0,0,0,0,0,0,0,0,0,0,0,0,0,0,0,0,0,0,0,0,0,0,0,0,0,0,0,0,0,0,0,0,0,0,0,0,0,0,0,0,0,0,0,0,0,0,0,0,0,0,0,0,0,0,0,0,0,0,0,0,0,0,0,0,0,0,0,0,0,0,0,0,0,0,0,0,0,0,0,0,0,0,0,0,0,0,0,0,0,0,0,0,0,0,0,0,0,0,0,0,0,0,0,0,0,0,0,0,0,0,0,0,0,0,0,0,0,0,0,0,0,0,0,0,0,0,0,0,0,0,0,0,0,0,0,0,0,0,0,0,0,0,0,0,0,0,0,0,0,0,0,0,0,0,0,0,0,0,0,0,0,0,0,0,0,0,0,0,0,0,0,0,0,0,0,0,0,0,0,0,0
"GBR",0,0,21601700,85076747000,11093600,2254767450,9356849150,1431259900,42608900,337141200,1701603650,109258650,0,0,1305850,0,2173714550,0,0,0,17326400,414846400,2070710950,0,14772513600,29752498250,607600,0,1910449600,425040000,1102677550,32046013550,5940410800,0,1396560000,0,126696800,0,6693006800,0,2234400,48413722550,0,508124900,120079400,245834550,117593100,3430550,1727250,5518999750,73600000,2503900,1559892350,94043133150,0,0,12269600,0,649250,332333843850,0,279220600,0,1989246750,0,240580000,967750,0,483428200,0,5044550,1550062350,1505289400,772832900,12768990650,809613150,5830851250,0,0,775613874500,11903330900,25880939750,0,35483350,290792450,313289767600,139136700,0,285670400,730100,0,10054938700,18350000,57354700,7266600,70233050,0,0,7.47e+10,32292488050,0,1711200,0,3936087350,558600,0,2579179800,0,5515130250,3959524700,0,25122930900,115568000,46272200,0,215600,936270480100,0,0,104716950,0,3361236300,293600,0,13893455400,7664715350,1048280450,59710100,13791984200,0,62219800,1438701050,640465200,82321361200,354445962100,0,0,0,197956150,0,21001884050,1101000,9151840500,154100000,18400000,0,0,105314288800,182248200,14886200,0,995298600,841933350,5050816850,0,4778565950,813066888400,0,0,0,97303646900,2101321000,0,0,9144912750,3633350,33419893100,333960000,0,13001351650,42093900,177397392800,2745413700,2617848200,20168950,0,0,485017450,193749205850,1700160000,246022800,258176100,0,57676916050,5545208000,0,1739332600,0,347788031700,11094650,394090850,3226650,0,0,0
"UKR",520942800,0,27114150,511651095900,0,0,815850,4167450,39200,345204400,0,0,0,0,0,0,62120688000,0,0,0,0,394450,180475200,8261400,0,90267800,9001300,0,4115555000,4379200000,624617700,1983972957050,0,0,8475040000,0,0,0,130726507700,9869486300,4222800000,922654400,1876298000,0,33863123400,0,423898245600,0,4003840000,270808300,0,0,0,138621000,0,0,20949302550,2934800000,719440000,2475539400,0,0,0,43894178250,0,0,0,1876800000,0,0,0,1070730350,1410102250,0,1960000,149006550,0,168421508400,227471550,0,367899725150,15858139600,6094080000,2373600,0,200189494200,209159850600,0,6695850,0,0,11862900,136059028200,320869150,0,48211280500,0,169050,700888797000,5692440250,0,0,6.624e+09,397653000,0,711395800,509050,0,0,37635151600,0,77587387400,0,46552494950,0,0,7604065400,0,0,0,0,165801300,0,191360000,9523821600,31850,8066293600,151900,403153250,0,0,6071100,313715250,81783749250,51175601300,187680000,0,2909040000,285505441800,0,28245398000,0,102900,0,0,0,0,5889305703200,907120000,7105000,0,0,9554664000,22961400,0,6556524950,646652406600,0,33200000,0,16444400,1936155350,7188300,16593850,568117850,6700750,0,7326880000,0,0,44866579600,242716916600,538215954100,69556620250,67014850,39200,2855877600,0,285992550,15931146050,11581150,123280000,0,20229968400,4414233600,0,13990440000,0,210700,0,0,0,0,0,0
"USA",0,0,0,0,22140650,737874400,4525865650,17277400,2018198550,393457050,154225300,2062900,0,0,1291150,0,26756058800,0,243185800,0,0,0,0,0,0,206603602600,0,0,3585100,18098150,48267023500,4188000950,3735310050,0,0,0,2770034000,71287650,62007050,0,0,1827712250,0,4462298200,0,56441050,0,759538050,3675000,4924500,0,10187100,247244200,1966396800,170354800,0,8703200,0,0,228234650,0,6458200,31335500,1619450,0,686000,7525531200,0,154662100,103105900,14176400400,595582050,147000,0,35787150,92476400,583088000,0,332619100,595394850,145426050,1200983700,0,0,529879350,156849190950,69066900,0,6073550,0,0,55653064900,456707100,44663500,0,172374000,0,0,0,15988700,0,0,0,931582750,0,0,71755600,0,19761700,1555600684350,0,844620350,0,0,0,11872700,2240050950,0,0,0,0,1396970500,63549850,0,2734200,447762350,0,11483494950,0,0,11848790450,821330150,440481850,1479800,50487150,0,0,0,527926550,0,0,0,543914700,1477350,11603450,0,0,1105429450,0,0,0,0,0,1553187800,0,16793830650,485692850,65318550,0,2315250,5831258000,182997700,0,0,26703667050,0,479666200,0,0,1103186050,317951200,1648850,464676800,2288696750,0,71050,14571008050,15329650,0,0,828229850,0,53994500,584614200,0,0,3853850,0,1098589100,691512500,0,0,0,0,0
"BFA",0,0,0,0,0,0,0,0,0,0,0,0,0,0,0,0,0,0,0,0,0,0,0,0,0,0,0,0,0,0,0,0,0,0,0,0,0,0,0,0,0,0,0,0,0,0,0,0,0,0,0,0,0,2450,0,0,0,0,0,0,0,0,0,0,0,0,0,0,0,0,0,0,0,0,0,0,0,0,0,0,0,0,2986550,0,0,0,0,0,0,0,0,0,0,0,0,0,0,0,0,0,0,0,0,0,0,0,0,0,0,0,0,0,0,0,0,0,112700,0,0,0,0,0,0,4410000,0,0,0,0,0,0,0,0,0,0,0,0,0,0,0,0,0,0,0,0,0,0,0,0,0,0,0,0,0,0,0,0,0,0,0,0,0,0,0,0,0,0,0,0,0,0,0,0,0,0,0,0,0,0,0,0,0,0,0,0,0,0,0,0,0,0,0,0,0,0,0
"URY",0,0,0,0,0,2738040000,186200,0,0,0,500424800,0,0,0,132581255200,0,893133766700,0,0,0,0,0,0,0,0,0,0,0,0,0,6786500,0,109737600,0,0,0,0,0,0,0,0,0,0,84516333600,0,0,0,0,0,0,0,0,0,0,0,0,0,0,0,0,0,0,0,0,0,0,4772352800,0,0,0,0,0,0,0,0,0,0,0,0,0,0,823200,0,0,0,0,0,0,0,0,0,0,0,0,0,0,0,0,0,0,0,0,0,0,0,0,0,0,0,25702950,0,0,0,0,0,0,0,0,0,0,0,0,0,0,0,0,0,0,0,0,86762237600,5490284000,0,0,0,0,0,0,0,0,0,0,0,0,0,0,0,0,0,0,0,0,0,0,0,16600000,2528400,0,0,0,0,0,0,0,0,0,0,0,0,0,0,17015830000,0,0,0,0,0,0,682402000,0,0,0,0,0,0,0,0,0,0,0,0,0,0,0,0
"UZB",0,0,0,0,0,0,0,0,0,0,0,0,0,0,0,0,0,0,0,0,0,0,0,0,0,0,0,0,0,0,0,0,0,0,0,0,0,0,0,0,0,0,0,0,0,0,0,0,0,0,0,0,0,0,0,0,0,0,0,0,0,0,0,0,0,0,0,0,0,0,0,0,0,0,0,0,0,0,0,0,0,0,0,0,0,0,0,0,0,0,0,0,0,0,0,0,0,0,0,0,0,0,0,0,0,0,0,0,0,0,0,0,0,0,0,0,0,0,0,0,0,0,0,0,0,0,0,0,0,0,0,0,0,0,0,0,0,0,0,0,0,0,0,0,0,0,0,0,0,0,0,0,0,0,0,0,0,0,0,0,0,0,0,0,0,0,0,0,0,0,0,0,0,0,0,0,0,0,0,0,0,0,0,0,0,0,0,0,0,0,0,0,0,0,0
"VEN",0,0,0,0,0,17150,0,0,0,0,0,0,0,0,0,0,0,0,0,0,0,0,0,0,0,0,0,0,0,0,17549350,0,0,0,0,0,0,0,0,0,0,0,0,5549250,0,0,0,0,0,0,0,0,0,0,0,0,0,0,0,0,0,0,0,0,0,0,0,0,0,0,0,0,0,0,0,0,0,0,0,0,0,0,0,0,0,0,0,0,0,0,0,0,0,0,0,0,0,0,0,0,0,0,0,0,0,0,0,0,0,0,0,0,0,0,0,0,0,0,0,0,0,0,0,0,0,0,0,4900,0,0,4900,0,0,0,0,0,0,0,0,0,0,0,0,0,0,0,0,0,0,0,0,0,0,0,0,0,6994750,0,0,0,0,0,0,0,0,0,0,0,0,0,0,0,0,0,0,0,0,0,57932700,0,7350,0,0,0,0,0,0,0,0,0,0,0,0,0,0
"VNM",0,0,0,0,0,0,4184506900,0,0,0,0,46991000,0,0,0,0,18127550,0,0,0,0,0,23954003200,0,0,758130450,0,0,108725600,0,0,725761050,0,0,0,0,0,0,1078000,0,0,62685700,0,0,0,0,0,0,0,0,0,0,0,185024000,0,0,0,0,0,77919800,0,0,0,0,0,0,0,0,0,0,0,1783766200,0,0,0,60921700,643421450,0,0,0,1680700,92230250,0,0,0,3508221150,0,0,660970800,13436407750,0,613732350,0,50465100,2358183850,0,0,0,0,0,0,0,0,391304200,0,0,0,0,0,0,0,0,0,0,0,0,362820500,0,0,0,0,249588850,0,0,0,0,10799600,5870200,8099700,0,0,0,844267550,0,0,0,0,0,334069750,0,1234800,0,52917550,0,0,0,0,0,0,0,0,0,0,4465977600,0,0,24362800,0,0,0,49548800,0,0,0,430631300,5659500,5533246500,10008250,0,0,0,0,11319000,2090009250,0,0,352430050,0,4297040300,0,0,0,0,0,0,0,0,0,26896100,0,0,0,0,0,0
"ETH",0,0,0,0,0,0,11064050,0,0,0,0,0,0,0,0,0,0,0,0,0,0,0,0,0,0,6896550,0,0,0,0,0,0,0,0,0,0,0,0,0,0,0,0,0,0,0,0,0,0,0,0,0,0,0,4312000,0,179959850,0,0,0,8134600,0,0,0,0,0,0,0,0,0,0,0,0,0,0,0,0,0,0,0,0,155933800,8624000,0,0,0,1986950,0,0,0,0,0,0,0,0,0,66400,0,0,0,0,0,0,0,0,0,0,0,0,0,0,0,0,0,0,0,0,9420950,0,0,0,0,0,0,0,0,331200,0,0,0,0,0,0,0,0,0,0,0,0,0,0,0,0,0,0,0,0,0,1660000,0,0,0,0,0,0,0,23985450,0,0,0,0,1122400,20582500,0,0,0,0,0,0,0,0,0,0,0,0,0,0,23373900,0,84488050,0,0,0,0,0,0,0,0,0,0,0,0,0,0,245499800,0
"YEM",0,0,0,0,0,0,0,0,0,0,0,0,0,0,0,0,0,0,0,0,0,0,0,0,0,0,0,0,0,0,0,0,0,0,0,0,0,0,0,0,0,0,0,0,0,0,0,0,0,0,0,0,0,0,0,0,0,0,0,0,0,0,0,0,0,0,0,0,0,0,0,0,0,0,0,0,0,0,0,0,0,0,0,0,0,0,0,0,0,0,0,0,0,0,0,0,0,0,0,0,0,0,0,0,0,0,0,0,0,0,0,0,0,0,0,0,0,0,0,0,0,0,0,0,0,0,0,0,0,0,0,0,0,0,0,0,0,0,0,0,0,0,0,0,0,0,0,0,0,0,0,0,0,0,0,0,0,0,0,0,0,0,0,0,0,0,0,0,0,0,0,0,0,0,0,0,0,0,0,0,0,0,0,0,0,0,0,0,0,0,0,0,0,0,0
"COD",0,0,0,0,0,0,0,0,0,0,0,0,0,0,0,0,0,0,0,0,0,0,0,0,0,0,0,0,0,0,0,345450,0,0,9.2e+08,0,0,0,0,0,0,0,0,0,0,0,0,0,0,0,0,0,0,56350,0,0,0,0,0,0,0,0,0,0,0,0,0,0,0,0,0,0,0,0,0,0,0,0,0,2450,0,0,0,0,0,0,0,0,1587600,0,0,0,0,0,0,0,0,0,0,0,0,0,3.68e+08,0,0,0,0,0,0,0,0,0,0,0,0,0,0,0,0,0,0,0,0,0,0,0,0,0,0,0,0,0,0,0,0,0,0,0,0,0,0,26950,0,0,0,0,0,0,0,0,0,0,0,0,0,0,0,0,0,0,0,71050,0,0,0,0,0,66150,0,0,0,0,0,2450,1541050,0,12250,0,7350,0,0,0,0,0,0,0,0,0,14085050,0,0,0,0,0,0
"ZMB",0,0,0,0,0,0,0,0,0,0,0,0,0,0,0,0,0,0,0,0,0,0,0,0,0,0,0,0,0,0,0,24500,0,0,0,0,0,0,0,0,0,0,0,0,0,0,0,0,0,0,0,0,0,0,0,0,0,0,0,0,0,0,0,0,0,0,0,0,0,0,0,0,0,0,0,0,0,0,0,0,0,0,0,0,0,0,0,0,0,0,0,0,0,0,0,0,0,0,0,0,0,0,0,0,0,0,0,0,0,0,0,0,0,0,0,0,0,0,0,0,0,0,0,0,0,0,0,0,0,0,0,0,0,0,0,0,0,0,0,0,0,0,0,0,0,0,0,0,0,0,0,0,0,0,0,2572500,0,0,0,0,0,0,0,0,0,99604900,0,0,0,0,0,0,0,0,90650,0,0,0,0,0,0,0,0,0,0,0,330750,0,0,0,0,0,0,0,0
"BEL",199160750,0,105283850,55169923850,0,3298598000,6820083200,496540600,4349112950,374483700,21231700,2377392700,0,0,70258400,0,168342441300,0,0,3409520000,0,114117700,6436136000,35536725200,13339749100,23649736750,164936450,122190000,10019304000,15974512000,1807679650,33378094150,20049246450,8996400,39557452800,0,13529525500,463165150,5455036800,206180150,17588246000,5223875900,0,822329900,316304050,1454148050,545863050,16328763600,1875042500,619267200,0,0,706262050,358029360650,568805500,24882200,677166700,59533063550,504505350,120951565050,0,19884292300,0,410202750,0,0,57393777650,7385747800,4365626300,18458880000,407515200,6046434450,3730040650,295720600,754558800,6420615650,35641506550,966368000,375678100,62086085800,2398815500,38985624850,97216898250,248895500,3904336600,68454928400,141124400,98299850,3422028050,27023911750,0,42411299750,0,245504500,4730430250,3783038600,0,980868750,0,242073800,0,22201496450,5663262400,19205429550,53900,3392707250,416392750,0,16954364850,274060733100,6392050,22036133700,9861397600,260370250,9009044800,254462800,1173764377000,0,8485003950,109139250,13691500,6654730550,0,664433200,309883248150,2280450400,0,17730434750,1665031100,1663286400,86805950,433766700,116614259400,2471148200,1361624000,4628050,0,0,423521700,0,33717117250,29684379850,34794659350,9280600,5004800000,0,0,0,2001218550,94202600,4811780800,1319991750,1139979950,37331072650,0,210324649750,42772161450,4536995500,0,0,3077813050,2045217350,0,0,6241893000,76509473950,24043023400,23959003500,0,312361150,470309350,24339769150,2129645950,5664686650,13550276700,0,50653871800,6912237700,129216552150,28441421350,551832450,1415043450,43588000150,142498378850,160732127650,0,61504075400,0,0,11505840150,822720550,58508450,0,0,0
"LUX",0,0,0,0,0,0,0,0,0,0,0,0,0,0,0,0,345450,0,0,0,0,0,0,0,16429700,73500,0,0,0,0,0,7923300,0,0,0,0,0,0,0,4102250,0,0,0,0,0,0,0,0,0,0,0,0,0,3791855250,0,0,0,0,0,33655975850,0,0,0,0,0,0,0,0,0,0,0,0,0,0,0,0,0,0,0,0,0,18306400,0,0,0,9800,0,0,0,0,0,0,0,0,0,0,0,0,0,0,0,0,0,0,0,0,0,0,0,0,0,0,0,0,0,0,9410338350,0,0,0,0,0,0,17150,0,0,0,0,0,0,0,0,0,0,2450,0,0,0,0,0,0,0,0,0,0,0,0,0,0,0,0,0,0,0,0,0,0,0,0,0,0,176400,0,0,1367100,0,0,0,0,0,0,0,61250,0,0,0,105350,0,32484550,0,0,0,0,0,0,0,0,0,18759173350,0,0,0,0,0,0
"SRB",0,0,15364396000,0,0,0,23542050,236965000,0,0,0,0,0,0,0,0,267050,0,0,0,0,26399430600,0,0,0,8212550,0,0,0,0,0,245453250,0,0,0,0,0,0,0,0,0,1641500,0,0,0,0,0,0,0,2450,0,0,11468450,37360050,0,0,0,0,0,521811050,96664139650,0,0,6697457350,0,0,0,0,0,0,0,10618300,25614805050,19438732000,0,44418500,0,5677200,584950,0,0,30977557550,0,0,0,0,0,0,0,0,0,0,0,0,0,0,0,0,0,0,0,0,0,0,0,0,19430950,0,0,0,0,0,0,0,0,10679550,977550,0,0,17975126900,0,0,0,0,0,340550,0,0,59522750,0,0,0,0,45381350,176400,0,0,0,0,0,48070108250,0,19617150,0,0,0,0,0,0,0,0,415230100,205054600,105350,0,0,79702050,0,0,0,4895100,1694717550,0,0,418950,0,0,0,0,0,0,0,33200000,5395000,0,0,6507200,26173350,45534400,0,36750,0,0,53900,0,0,0,0,1392600,227850,0,25759936550,0,0,0
"MNE",0,0,1286617500,0,0,0,32825100,0,0,0,0,0,0,0,0,0,0,0,0,0,0,0,0,0,0,0,0,0,0,0,0,0,0,0,0,0,0,0,0,0,0,0,0,0,0,0,0,0,0,0,0,0,0,0,0,0,0,0,0,23644950,1684473000,0,0,0,0,0,0,0,0,0,0,0,127400,19600,0,0,0,0,0,0,0,0,0,0,0,0,0,0,0,0,0,0,0,0,0,0,0,0,0,0,0,0,0,0,0,0,0,0,0,0,0,0,0,0,0,0,0,0,0,67725350,0,0,0,0,0,100450,0,0,0,0,0,0,0,0,0,0,0,0,0,0,0,0,0,0,0,0,0,0,0,0,0,19600,0,0,0,0,0,0,0,0,4383050,0,0,0,0,0,0,0,0,0,0,0,22050,0,0,0,22050,0,7122150,0,0,0,0,0,0,0,0,0,19600,0,43338050,0,0,0,0
"SDN",0,0,0,0,0,0,0,0,0,0,0,0,0,0,0,0,0,0,0,0,0,0,0,0,0,0,0,0,0,0,0,0,0,0,0,0,0,0,0,0,0,0,0,0,0,0,0,0,0,0,0,0,0,0,0,0,0,0,0,0,0,0,0,0,0,0,0,0,0,0,0,0,0,0,0,0,0,0,0,0,0,0,0,0,0,0,0,0,0,0,0,0,0,0,0,0,0,0,0,0,0,0,0,0,0,0,0,0,0,0,0,0,0,0,0,0,0,0,0,0,0,0,0,0,0,0,0,0,0,0,0,0,0,0,0,0,0,0,0,0,0,0,0,0,0,0,0,0,0,0,0,0,0,0,0,0,0,0,0,0,0,0,0,0,0,0,0,0,0,0,0,0,0,0,0,0,0,0,0,0,0,0,0,0,0,0,0,0,0,0,0,0,0,0,0
"SSD",0,0,0,0,0,0,0,0,0,0,0,0,0,0,0,0,0,0,0,0,0,0,0,0,0,0,0,0,0,0,0,0,0,0,0,0,0,0,0,0,0,0,0,0,0,0,0,0,0,0,0,0,0,0,0,0,0,0,0,0,0,0,0,0,0,0,0,0,0,0,0,0,0,0,0,0,0,0,0,0,0,0,0,0,0,0,0,0,0,0,0,0,0,0,0,0,0,0,0,0,0,0,0,0,0,0,0,0,0,0,0,0,0,0,0,0,0,0,0,0,0,0,0,0,0,0,0,0,0,0,0,0,0,0,0,0,0,0,0,0,0,0,0,0,0,0,0,0,0,0,0,0,0,0,0,0,0,0,0,0,0,0,0,0,0,0,0,0,0,0,0,0,0,0,0,0,0,0,0,0,0,0,0,0,0,0,0,0,0,0,0,0,0,0,0
"PSE",0,0,0,0,0,0,0,0,0,0,0,0,0,0,0,0,0,0,0,0,0,0,0,0,0,0,0,0,0,0,0,0,0,0,0,0,0,0,0,0,0,0,0,0,0,0,0,0,0,0,0,0,0,0,0,0,0,0,0,0,0,0,0,0,0,0,0,0,0,0,0,0,0,0,0,0,0,0,0,0,0,0,0,0,0,0,0,0,0,0,0,0,0,0,0,0,0,0,0,0,0,0,0,0,0,0,0,0,0,0,0,0,0,0,0,0,0,0,0,0,0,0,0,0,0,0,0,0,0,0,0,0,0,0,0,0,0,0,0,0,0,0,0,0,0,0,0,0,0,0,0,0,0,0,0,0,0,0,0,0,0,0,0,0,0,0,0,0,0,0,0,0,0,0,0,0,0,0,0,0,0,0,0,0,0,0,0,0,0,0,0,0,0,0,0
