"","ARM","AFG","ALB","DZA","ATG","ARG","AUS","AUT","BHS","BHR","BRB","BGD","BMU","BTN","BOL","BWA","BRA","ARB","BLZ","SLB","BRN","BGR","MMR","BDI","CMR","CAN","CPV","CAF","LKA","TCD","CHL","CHN","COL","COM","COG","COK","CRI","CUB","CYP","AZE","BEN","DNK","DMA","DOM","BLR","ECU","EGY","SLV","GNQ","EST","FRO","FJI","FIN","FRA","PYF","DJI","GEO","GAB","GMB","DEU","BIH","GHA","KIR","GRC","GRL","GRD","GTM","GIN","GUY","HTI","HND","HKG","HUN","HRV","ISL","IND","IDN","IRN","IRQ","IRL","ISR","ITA","CIV","KAZ","JAM","JPN","JOR","KGZ","KEN","KHM","PRK","KOR","KWT","LVA","LAO","LBN","LSO","LBR","LBY","LTU","MAC","MDG","MWI","MYS","MDV","MLI","MLT","MRT","MUS","MEX","MNG","MAR","MOZ","MDA","NAM","NPL","NLD","ANT","NCL","MKD","VUT","NZL","NIC","NER","NGA","NOR","PAK","PAN","CZE","PNG","PRY","PER","PHL","POL","PRT","GNB","TLS","ERI","QAT","ZWE","ROU","RWA","RUS","KNA","LCA","VCT","STP","SAU","SEN","SYC","SLE","SVN","SVK","SGP","SOM","ZAF","ESP","SUR","TJK","SWZ","SWE","CHE","SYR","TKM","TWN","TZA","THA","TGO","TON","TTO","OMN","TUN","TUR","ARE","UGA","TUV","GBR","UKR","USA","BFA","URY","UZB","VEN","VNM","ETH","YEM","COD","ZMB","BEL","LUX","SRB","MNE","SDN","SSD","PSE"
"ARM",0,0,0,0,0,0,12250000,0,0,0,0,0,0,0,0,0,0,0,0,0,0,0,0,0,0,0,0,0,0,0,0,0,0,0,0,0,0,0,0,0,0,0,0,0,0,0,0,0,0,0,0,0,0,53900000,0,0,138060000,0,0,0,0,0,0,0,0,0,0,0,0,0,0,0,0,0,0,0,0,0,0,0,0,0,0,0,0,0,0,0,0,0,0,0,0,0,0,8330000,0,0,0,0,0,0,0,0,0,0,0,0,0,0,0,0,0,0,0,0,0,0,0,0,0,0,0,0,0,0,0,0,0,0,0,0,0,28420000,0,0,0,0,0,0,0,0,3872710000,0,0,0,0,0,0,0,0,0,0,0,0,0,0,0,0,0,8330000,0,0,0,0,0,0,0,0,0,0,0,0,0,0,0,0,26950000,129850000,0,0,0,0,0,0,0,0,0,0,0,0,0,0,0,0
"AFG",0,0,0,0,0,0,0,0,0,0,0,0,0,0,0,0,0,0,0,0,0,0,0,0,0,0,0,0,0,0,0,0,0,0,0,0,0,0,0,0,0,0,0,0,0,0,0,0,0,0,0,0,0,0,0,0,0,0,0,0,0,0,0,0,0,0,0,0,0,0,0,0,0,0,0,0,0,0,0,0,0,0,0,0,0,0,0,0,0,0,0,0,0,0,0,0,0,0,0,0,0,0,0,0,0,0,0,0,0,0,0,0,0,0,0,0,0,0,0,0,0,0,0,0,0,0,0,0,0,0,0,0,0,0,0,0,0,0,0,0,0,0,0,0,0,0,0,0,0,0,0,0,0,0,0,0,0,0,0,0,0,0,0,0,0,0,0,0,0,0,0,0,0,0,0,0,0,0,0,0,0,0,0,0,0,0,0,0,0,0,0,0,0,0,0
"ALB",0,0,0,0,0,0,0,0,0,0,0,0,0,0,0,0,0,0,0,0,0,0,0,0,0,0,0,0,0,0,0,0,0,0,0,0,0,0,0,0,0,980000,0,0,0,0,0,0,0,0,0,0,0,0,0,0,0,0,0,2940000,0,0,0,95630000,0,0,0,0,0,0,0,0,0,0,0,0,0,0,0,0,0,980000,0,0,0,0,0,0,0,0,0,0,0,0,0,0,0,0,0,0,0,0,0,0,0,0,0,0,0,0,0,0,0,0,0,0,0,0,0,3430000,0,0,0,0,0,0,0,0,0,0,0,0,0,0,0,0,0,0,0,0,0,0,0,0,0,0,0,0,0,0,23520000,0,0,0,0,0,0,0,0,0,0,0,0,0,0,0,0,0,0,0,0,0,0,0,0,0,490000,0,0,0,0,0,0,0,0,0,0,0,2450000,980000,215110000,0,0,0,0
"DZA",0,0,0,0,0,0,0,0,0,0,0,0,0,0,0,0,0,0,0,0,0,0,0,0,0,29360000,0,0,0,0,0,0,0,0,0,0,0,0,0,0,0,0,0,0,0,0,0,0,0,0,0,0,0,0,0,0,0,0,0,0,0,0,0,0,0,0,0,0,0,0,0,0,0,0,0,0,0,0,0,0,0,0,0,0,0,0,0,0,0,0,0,0,0,0,0,0,0,0,0,0,0,0,0,0,0,0,0,0,0,0,0,0,0,0,0,0,0,0,0,0,0,0,0,0,0,0,0,0,0,0,0,0,0,0,0,0,0,0,0,0,0,0,0,0,0,0,0,0,3670000,0,0,0,0,0,0,0,0,0,0,0,0,0,0,0,0,0,0,0,0,0,0,0,0,0,0,0,0,0,0,0,0,0,0,0,0,0,0,0,0,0,0,0,0,0,0
"ATG",0,0,0,0,0,0,0,0,0,0,0,0,0,0,0,0,0,0,0,0,0,0,0,0,0,0,0,0,0,0,0,0,0,0,0,0,0,0,0,0,0,0,0,0,0,0,0,0,0,0,0,0,0,0,0,0,0,0,0,0,0,0,0,0,0,0,0,0,0,0,0,0,0,0,0,0,0,0,0,0,0,0,0,0,0,0,0,0,0,0,0,0,0,0,0,0,0,0,0,0,0,0,0,0,0,0,0,0,0,0,0,0,0,0,0,0,0,0,0,0,0,0,0,0,0,0,0,0,0,0,0,0,0,0,0,0,0,0,0,0,0,0,0,0,0,0,0,0,0,0,0,0,0,0,0,0,0,0,0,0,0,0,0,0,0,0,0,0,0,0,0,0,0,0,0,0,0,0,0,0,0,0,0,0,0,0,0,0,0,0,0,0,0,0,0
"ARG",0,0,0,421457400000,0,0,109760000,0,0,0,0,0,0,0,281742140000,0,5.104165e+12,0,0,0,0,0,0,0,0,5880000,0,0,3757280000,0,778715230000,401769050000,1114344800000,0,0,0,273910000,185920000,0,0,0,0,62560000,111194520000,0,176735730000,0,41120320000,0,3.652e+10,0,0,0,72070000,0,0,0,0,0,186598750000,0,0,0,0,0,0,0,0,0,0,40031740000,0,0,0,0,1.0956e+11,3691040000,402101800000,0,0,11270000,74970000,0,0,0,20090000,724935280000,0,0,36759520000,0,34790000,468647880000,208505960000,0,0,0,0,0,2.5564e+10,0,0,0,0,0,0,0,0,0,123970000,0,540283520000,0,0,0,0,63078640000,0,0,0,0,5880000,0,0,0,0,0,91140000,0,0,100460580000,584671610000,0,0,0,0,0,0,0,0,0,0,451287600000,0,0,1019360000,0,10977231400000,0,0,0,0,0,0,0,5.229e+10,281260000,0,0,0,10290000,0,0,0,0,0,1733280000,0,0,0,101160400000,885271360000,0,834754240000,0,0,213150000,4.98e+10,7104450000,0,748024010000,0,114057920000,4323480000,0,0,0,0,885932040000,0,0,0,0,0,0
"AUS",0,550500000,0,0,0,11010000,0,0,0,21670000,0,2980040000,0,0,0,0,0,0,0,11039980000,172490000,0,18350000,0,0,1570760000,0,0,2513100000,0,0,6631400480000,0,0,0,18350000,231210000,0,0,0,0,0,0,0,0,6822600000,2730480000,1809310000,0,0,0,17601550000,381680000,0,10161700000,0,0,0,0,73400000,0,0,77070000,0,0,0,4748980000,0,0,0,0,12228710000,0,0,0,8785510000,113155570000,4.1998e+11,0,0,0,954200000,0,0,14680000,4133485480000,348603670000,0,23425040000,7.6912e+10,0,1169589950000,860031510000,0,1188640000,36700000,0,0,0,0,105200000,0,0,137566030000,7340000,0,0,0,18182330000,0,91910000,0,0,0,0,0,121110000,0,6129810000,0,1361300000,151007620000,0,183500000,91750000,99090000,5856040000,0,39840000,85808600000,0,0,498026520000,378010000,0,0,0,0,230740880000,0,0,0,1536500000,0,0,0,0,5999229270000,0,308280000,0,0,0,251581560000,0,177835700000,0,0,0,0,370670000,0,0,0,154570570000,16513680000,1224306020000,0,0,0,224910870000,0,0,1236204670000,5237040000,0,1754260000,0,4745310000,0,105084640000,0,0,1074840880000,0,0,0,0,0,0,0,0,0,0,0
"AUT",58940000,0,12535410000,0,0,0,613970000,0,0,0,0,0,0,0,0,0,102160000,0,0,0,0,61399250000,0,0,0,2325540000,0,0,0,0,11760000,273420000,0,0,0,0,24990000,320160000,0,172550000,0,85990000,0,490000,161780000,0,9310000,0,0,481820000,0,0,303180000,1463230000,0,0,157100000,0,0,99859130000,35469770000,0,0,275330000,0,0,0,0,0,0,0,110740000,99039100000,37690030000,36260000,57400000,0,0,0,121030000,343490000,326528100000,0,549790000,0,780270000,308720000,83370000,0,0,0,221480000,0,2587440000,0,12740000,0,26950000,490000,134800000,0,0,0,53900000,980000,0,25480000,0,0,3920000,143520000,0,0,35962080000,0,0,1078980000,0,0,7850000,0,462560000,0,0,0,82600000,490000,0,103142080000,0,0,0,0,2203570000,11810000,0,0,0,0,0,143283150000,0,16242050000,0,0,0,0,0,0,0,0,50393470000,15384390000,21070000,0,19560000,36630000,0,0,0,673750000,44686990000,39690000,1.288e+09,77420000,0,980000,0,0,0,117600000,0,4300000,285670000,0,0,432180000,535480000,1276440000,0,0,62390000,0,9800000,0,0,0,0,838910000,27050000,12515020000,8330000,0,0,0
"BHS",0,0,0,0,0,0,0,0,0,0,0,0,0,0,0,0,0,0,0,0,0,0,0,0,0,0,0,0,0,0,0,0,0,0,0,0,0,0,0,0,0,0,0,0,0,0,0,0,0,0,0,0,0,0,0,0,0,0,0,0,0,0,0,0,0,0,0,0,0,0,0,0,0,0,0,0,0,0,0,0,0,0,0,0,0,0,0,0,0,0,0,0,0,0,0,0,0,0,0,0,0,0,0,0,0,0,0,0,0,0,0,0,0,0,0,0,0,0,0,0,0,0,0,0,0,0,0,0,0,0,0,0,0,0,0,0,0,0,0,0,0,0,0,0,0,0,0,0,0,0,0,0,0,0,0,0,0,0,0,0,0,0,0,0,0,0,0,0,0,0,0,0,0,0,0,0,26460000,0,1047130000,0,0,0,0,0,0,0,0,0,0,0,0,0,0,0,0
"BHR",0,0,0,0,0,0,0,0,0,0,0,0,0,0,0,0,0,0,0,0,0,0,0,0,0,0,0,0,0,0,0,0,0,0,0,0,0,0,0,0,0,0,0,0,0,0,0,0,0,0,0,0,0,0,0,0,0,0,0,0,0,0,0,0,0,0,0,0,0,0,0,0,0,0,0,0,0,0,0,0,0,0,0,0,0,0,0,0,0,0,0,0,0,0,0,0,0,0,0,0,0,0,0,0,0,0,0,0,0,0,0,0,0,0,0,0,1470000,0,0,0,0,0,0,0,0,0,0,0,0,0,0,0,0,0,0,0,0,0,0,0,0,0,0,0,0,0,0,0,0,0,0,0,0,0,0,0,0,0,0,0,0,0,0,0,0,0,0,0,0,0,0,0,0,0,0,0,0,0,0,0,0,0,0,0,0,0,0,0,0,0,0,0,0,0,0
"BRB",0,0,0,0,66640000,0,0,0,0,0,0,0,0,0,0,0,0,0,16660000,0,0,0,0,0,0,48020000,0,0,0,0,0,0,0,0,0,0,0,0,3430000,0,0,0,980000,0,0,0,0,0,0,0,0,0,0,0,0,0,0,0,0,490000,0,0,0,0,0,26460000,0,0,189630000,0,0,0,0,0,0,0,0,0,0,0,0,0,0,0,0,0,0,0,0,0,0,0,0,0,0,0,0,0,0,0,0,0,0,0,0,0,0,0,0,0,0,0,0,0,0,0,0,0,0,0,0,0,0,0,0,0,0,0,0,0,0,0,0,0,0,0,0,0,0,0,0,0,0,63700000,117600000,2450000,0,0,0,0,0,0,0,0,0,0,0,8820000,0,0,0,490000,0,0,0,0,0,0,0,130340000,0,0,0,0,0,0,297430000,0,136710000,0,0,0,0,0,0,0,0,0,0,0,0,0,0,0,0
"BGD",0,0,0,0,0,0,0,0,0,0,0,0,0,0,0,0,0,0,0,0,0,0,0,0,0,0,0,0,0,0,0,0,0,0,0,0,0,0,0,0,0,0,0,0,0,0,0,0,0,0,0,0,0,0,0,0,0,0,0,0,0,0,0,0,0,0,0,0,0,0,0,0,0,0,0,0,0,0,0,0,0,0,0,0,0,0,0,0,0,0,0,0,0,0,0,0,0,0,0,0,0,0,0,0,0,0,0,0,0,0,0,0,0,0,0,0,0,0,0,0,0,0,0,0,0,0,0,0,0,0,0,0,0,0,0,0,0,0,0,0,0,0,0,0,0,0,0,0,0,0,0,0,0,0,0,0,0,0,0,0,0,0,0,0,0,0,0,0,0,0,0,0,0,0,0,0,0,0,0,0,0,0,0,0,0,0,0,0,0,0,0,0,0,0,0
"BMU",0,0,0,0,0,0,0,0,0,0,0,0,0,0,0,0,0,0,0,0,0,0,0,0,0,0,0,0,0,0,0,0,0,0,0,0,0,0,0,0,0,0,0,0,0,0,0,0,0,0,0,0,0,0,0,0,0,0,0,0,0,0,0,0,0,0,0,0,0,0,0,0,0,0,0,0,0,0,0,0,0,0,0,0,0,0,0,0,0,0,0,0,0,0,0,0,0,0,0,0,0,0,0,0,0,0,0,0,0,0,0,0,0,0,0,0,0,0,0,0,0,0,0,0,0,0,0,0,0,0,0,0,0,0,0,0,0,0,0,0,0,0,0,0,0,0,0,0,0,0,0,0,0,0,0,0,0,0,0,0,0,0,0,0,0,0,0,0,0,0,0,0,0,0,0,0,0,0,0,0,0,0,0,0,0,0,0,0,0,0,0,0,0,0,0
"BTN",0,0,0,0,0,0,0,0,0,0,0,0,0,0,0,0,0,0,0,0,0,0,0,0,0,0,0,0,0,0,0,0,0,0,0,0,0,0,0,0,0,0,0,0,0,0,0,0,0,0,0,0,0,0,0,0,0,0,0,0,0,0,0,0,0,0,0,0,0,0,0,0,0,0,0,478240000,0,0,0,0,0,0,0,0,0,0,0,0,0,0,0,0,0,0,0,0,0,0,0,0,0,0,0,0,0,0,0,0,0,0,0,0,0,0,0,0,0,0,0,0,0,0,0,0,0,0,0,0,0,0,0,0,0,0,0,0,0,0,0,0,0,0,0,0,0,0,0,0,0,0,0,0,0,0,0,0,0,0,0,0,0,0,0,0,0,0,0,0,0,0,0,0,0,0,0,0,0,0,0,0,0,0,0,0,0,0,0,0,0,0,0,0,0,0,0
"BOL",0,0,0,0,0,22050000,0,0,0,0,0,0,0,0,0,0,0,0,0,0,0,0,0,0,0,0,0,0,0,0,3746050000,0,0,0,0,0,0,0,0,0,0,0,0,0,0,142100000,0,0,0,0,0,0,0,0,0,0,0,0,0,0,0,0,0,0,0,0,0,0,0,0,0,0,0,0,0,0,0,0,0,0,0,0,0,0,0,0,0,0,0,0,0,0,0,0,0,0,0,0,0,0,0,0,0,0,0,0,0,0,0,0,0,0,0,0,0,0,0,0,0,0,0,0,0,0,0,0,0,0,0,0,0,0,0,0,0,0,0,0,0,0,0,0,0,0,0,0,0,0,0,0,0,0,0,0,0,0,179610000,0,0,0,0,0,0,0,0,0,0,0,0,0,0,0,0,0,0,0,0,0,49490000,0,0,0,0,0,0,0,0,0,0,0,0,0,0,0,0
"BWA",0,0,0,0,0,0,0,0,0,0,0,0,0,0,0,0,0,0,0,0,0,0,0,0,0,0,0,0,0,0,0,0,0,0,0,0,0,0,0,0,0,0,0,0,0,0,0,0,0,0,0,0,0,0,0,0,0,0,0,0,0,0,0,0,0,0,0,0,0,0,0,0,0,0,0,0,0,0,0,0,0,0,0,0,0,0,0,0,0,0,0,0,0,0,0,0,487380000,0,0,0,0,0,0,0,0,0,0,0,0,0,0,0,0,0,30870000,0,0,0,0,0,0,0,0,0,0,0,0,0,0,0,0,0,0,0,0,0,0,0,0,657140000,0,0,0,0,0,0,0,0,0,0,0,0,0,0,0,869930000,0,0,0,33320000,0,0,0,0,0,0,0,0,0,0,0,0,0,0,0,0,0,0,0,0,0,0,0,0,0,0,125440000,736160000,0,0,0,0,0,0,0
"BRA",0,0,0,0,0,0,91630000,0,0,0,0,0,0,0,19978280000,0,0,0,0,0,0,0,0,0,0,1470000,3430000,0,0,0,0,39200000,1511160000,0,0,0,441490000,0,0,0,0,0,0,211680000,0,0,0,0,15190000,0,0,0,0,4410000,0,0,0,0,0,18620000,0,0,0,0,0,0,0,0,0,0,0,0,0,0,0,0,0,0,0,69580000,0,0,0,0,0,14700000,85493320000,0,0,0,0,15190000,0,0,0,0,0,0,0,0,0,0,0,0,0,0,0,0,0,1960000,0,0,0,0,0,0,143570000,0,0,0,0,1470000,0,0,0,0,0,490000,0,0,75157650000,6560610000,0,0,11270000,0,0,0,0,0,0,0,0,0,0,0,0,0,0,0,0,0,0,980000,0,0,0,1105930000,0,0,0,9800000,0,0,1960000,0,0,0,0,0,0,0,0,0,0,0,91630000,0,512540000,0,599760000,0,0,0,0,0,0,0,980000,0,0,0,0,0,0
"ARB",0,0,0,0,0,0,0,0,0,0,0,0,0,0,0,0,0,0,0,0,0,0,0,0,0,0,0,0,0,0,0,0,0,0,0,0,0,0,0,0,0,0,0,0,0,0,0,0,0,0,0,0,0,0,0,0,0,0,0,0,0,0,0,0,0,0,0,0,0,0,0,0,0,0,0,0,0,0,0,0,0,0,0,0,0,0,0,0,0,0,0,0,0,0,0,0,0,0,0,0,0,0,0,0,0,0,0,0,0,0,0,0,0,0,0,0,0,0,0,0,0,0,0,0,0,0,0,0,0,0,0,0,0,0,0,0,0,0,0,0,0,0,0,0,0,0,0,0,0,0,0,0,0,0,0,0,0,0,0,0,0,0,0,0,0,0,0,0,0,0,0,0,0,0,0,0,0,0,0,0,0,0,0,0,0,0,0,0,0,0,0,0,0,0,0
"BLZ",0,0,0,0,0,0,0,0,0,0,0,0,0,0,0,0,0,0,0,0,0,0,0,0,0,0,0,0,0,0,0,0,0,0,0,0,0,0,0,0,0,0,0,0,0,0,0,0,0,0,0,0,0,0,0,0,0,0,0,0,0,0,0,0,0,0,0,0,0,0,0,0,0,0,0,0,0,0,0,0,0,0,0,0,0,0,0,0,0,0,0,0,0,0,0,0,0,0,0,0,0,0,0,0,0,0,0,0,0,31850000,0,0,0,0,0,0,0,0,0,0,0,0,0,0,0,0,0,0,0,0,0,0,0,0,0,0,0,0,0,0,0,0,0,0,0,0,0,0,0,0,0,0,0,0,0,0,0,0,0,0,0,0,0,0,0,0,0,0,0,0,0,0,0,0,0,0,0,0,490000,0,0,0,0,0,0,0,0,0,0,0,0,0,0,0,0
"SLB",0,0,0,0,0,0,0,0,0,0,0,0,0,0,0,0,0,0,0,0,0,0,0,0,0,0,0,0,0,0,0,0,0,0,0,0,0,0,0,0,0,0,0,0,0,0,0,0,0,0,0,0,0,0,0,0,0,0,0,0,0,0,86240000,0,0,0,0,0,0,0,0,0,0,0,0,0,0,0,0,0,0,0,0,0,0,0,0,0,0,0,0,0,0,0,0,0,0,0,0,0,0,0,0,0,0,0,0,0,0,0,0,0,0,0,7350000,0,0,0,0,0,118090000,0,0,0,0,0,0,0,0,0,0,0,0,0,0,0,0,0,0,0,0,0,0,0,0,0,0,0,0,0,0,0,0,0,0,0,0,0,0,0,0,0,0,0,0,0,0,0,0,0,0,0,0,0,0,0,0,0,0,0,0,0,0,0,0,0,0,0,0,0,0,0,0,0,0
"BRN",0,0,0,0,0,0,0,0,0,0,0,0,0,0,0,0,0,0,0,0,0,0,0,0,0,0,0,0,0,0,0,0,0,0,0,0,0,0,0,0,0,0,0,0,0,0,0,0,0,0,0,0,0,0,0,0,0,0,0,0,0,0,0,0,0,0,0,0,0,0,0,0,0,0,0,0,0,0,0,0,0,0,0,0,0,0,0,0,0,0,0,0,0,0,0,0,0,0,0,0,0,0,0,0,0,0,0,0,0,0,0,0,0,0,0,0,0,0,0,0,0,0,0,0,0,0,0,0,0,0,0,0,0,0,0,0,0,0,0,0,0,0,0,0,0,0,0,0,0,0,0,0,0,0,0,0,0,0,0,0,0,0,0,0,0,0,0,0,0,0,0,0,0,0,0,0,0,0,0,0,0,0,0,0,0,0,0,0,0,0,0,0,0,0,0
"BGR",0,0,123970000,0,3430000,0,490000,0,490000,0,0,0,0,0,0,0,0,0,490000,0,0,0,0,0,0,0,0,0,0,0,0,0,0,0,0,0,0,0,224488490000,0,0,1960000,0,0,0,0,0,0,0,0,0,0,0,6558370000,0,0,0,0,0,15888380000,0,0,0,266436840000,0,0,0,0,0,0,0,1470000,0,26950000,490000,0,0,3.486e+10,490000,0,10050620000,57330000,0,0,490000,0,2.49e+11,0,0,0,0,0,0,0,0,0,0,8330000,141372240000,0,0,0,0,0,0,0,15281260000,0,0,490000,0,0,0,22370000,0,0,40180000,0,0,4840390000,490000,0,0,0,0,1960000,0,2940000,220650000,0,0,0,0,14210000,0,0,0,0,0,0,206727210000,0,0,0,0,0,0,1197464240000,0,0,0,980000,21560000,490000,0,0,35520000,0,0,0,0,0,0,0,0,0,0,0,0,0,0,9.13e+10,179120000,0,0,0,218040000,0,80850000,0,0,0,0,0,0,0,0,0,103880000,0,251860000,139160000,0,0,0
"MMR",0,0,0,0,0,0,0,0,0,0,0,0,0,0,0,0,0,0,0,0,0,0,0,0,0,0,0,0,0,0,0,0,0,0,0,0,0,0,0,0,0,0,0,0,0,0,0,0,0,0,0,0,0,0,0,0,0,0,0,0,0,0,0,0,0,0,0,0,0,0,0,0,0,0,0,0,0,0,0,0,0,0,0,0,0,0,0,0,0,0,0,0,0,0,0,0,0,0,0,0,0,0,0,0,0,0,0,0,0,0,0,0,0,0,0,0,0,0,0,0,0,0,0,0,0,0,0,0,0,0,0,0,0,0,0,0,0,0,0,0,0,0,0,0,0,0,0,0,0,0,0,0,0,0,0,0,0,0,0,0,0,0,0,0,0,0,0,0,0,0,0,0,0,0,0,0,0,0,0,0,0,0,0,0,0,0,0,0,0,0,0,0,0,0,0
"BDI",0,0,0,0,0,0,0,0,0,0,0,0,0,0,0,0,0,0,0,0,0,0,0,0,0,0,0,0,0,0,0,0,0,0,0,0,0,0,0,0,0,0,0,0,0,0,0,0,0,0,0,0,0,0,0,0,0,0,0,0,0,0,0,0,0,0,0,0,0,0,0,0,0,0,0,0,0,0,0,0,0,0,0,0,0,0,0,0,0,0,0,0,0,0,0,0,0,0,0,0,0,0,0,0,0,0,0,0,0,0,0,0,0,0,0,0,0,0,0,0,0,0,0,0,0,0,0,0,0,0,0,0,0,0,0,0,0,0,0,0,0,4410000,0,0,0,0,0,0,0,0,0,0,0,0,0,0,0,0,0,0,0,0,0,0,0,23030000,0,0,0,0,0,0,0,0,0,0,0,0,0,0,0,0,0,0,0,0,2808190000,0,0,0,0,0,0,0,0
"CMR",0,0,0,0,0,0,0,0,0,0,0,0,0,0,0,0,0,0,0,0,0,0,0,0,0,0,0,1162880000,0,0,0,0,0,0,327810000,0,0,0,0,0,0,0,0,0,0,0,0,0,786940000,0,0,0,0,237160000,0,0,0,0,0,0,0,0,0,0,0,0,0,0,0,0,0,0,0,0,0,0,0,0,0,0,0,0,0,0,0,0,0,0,0,0,0,0,0,0,0,0,0,0,0,0,0,0,0,0,0,0,0,0,0,0,0,0,0,0,0,0,0,0,0,0,0,0,0,0,0,0,0,0,0,0,0,0,0,0,0,0,0,0,0,0,0,0,0,0,0,0,0,0,0,0,0,0,0,0,0,0,0,0,0,0,0,1960000,0,0,0,0,0,0,0,0,0,0,0,0,0,0,1960000,0,0,0,0,0,0,0,0,0,0,0,26460000,0,0,0,0,0,0
"CAN",0,0,0,0,0,0,5762880000,0,0,0,0,0,0,0,0,0,7356320000,0,10642560000,0,0,0,0,0,0,0,0,0,0,0,0,2108262320000,4.33546e+11,0,0,0,47479440000,0,0,0,0,0,0,0,0,118710880000,0,0,0,0,0,0,0,7360000,0,0,0,0,0,0,0,0,0,0,0,0,45617280000,0,0,0,1.38e+09,0,0,0,0,2395680000,0,0,0,0,0,0,0,0,0,3658984520000,0,0,0,0,0,222835040000,117325480000,0,0,0,0,0,0,0,0,0,0,86320000,0,0,0,0,0,326232480000,139440000,5.5942e+10,0,0,0,0,0,0,0,0,0,0,0,0,0,378480000,0,22138880000,0,0,0,29656480000,0,0,0,0,0,0,0,0,0,0,0,0,0,0,0,565332920000,0,0,0,0,0,18400000,0,353534440000,0,0,0,0,0,0,0,0,0,0,0,0,0,195040000,34371960000,0,0,304679720000,0,0,225760000,0,5224536920000,0,0,0,112159040000,10072880000,0,0,0,0,0,0,0,0,0,0,0
"CPV",0,0,0,0,0,0,0,0,0,0,0,0,0,0,0,0,0,0,0,0,0,0,0,0,0,0,0,0,0,0,0,0,0,0,0,0,0,0,0,0,0,0,0,0,0,0,0,0,0,0,0,0,0,0,0,0,0,0,0,0,0,0,0,0,0,0,0,0,0,0,0,0,0,0,0,0,0,0,0,0,0,0,0,0,0,0,0,0,0,0,0,0,0,0,0,0,0,0,0,0,0,0,0,0,0,0,0,0,0,0,0,0,0,0,0,0,0,0,0,0,0,0,0,0,0,0,0,0,0,0,0,0,0,0,0,0,0,0,0,0,0,0,0,0,0,0,0,0,0,0,0,0,0,0,0,0,0,0,0,0,0,0,0,0,0,0,0,0,0,0,0,0,0,0,0,0,0,0,0,0,0,0,0,0,0,0,0,0,0,0,0,0,0,0,0
"CAF",0,0,0,0,0,0,0,0,0,0,0,0,0,0,0,0,0,0,0,0,0,0,0,0,0,0,0,0,0,0,0,0,0,0,0,0,0,0,0,0,0,0,0,0,0,0,0,0,0,0,0,0,0,0,0,0,0,0,0,0,0,0,0,0,0,0,0,0,0,0,0,0,0,0,0,0,0,0,0,0,0,0,0,0,0,0,0,0,0,0,0,0,0,0,0,0,0,0,0,0,0,0,0,0,0,0,0,0,0,0,0,0,0,0,0,0,0,0,0,0,0,0,0,0,0,0,0,0,0,0,0,0,0,0,0,0,0,0,0,0,0,0,0,0,0,0,0,0,0,0,0,0,0,0,0,0,0,0,0,0,0,0,0,0,0,0,0,0,0,0,0,0,0,0,0,0,0,0,0,0,0,0,0,0,0,0,0,0,0,0,0,0,0,0,0
"LKA",0,0,0,0,0,0,197980000,0,0,0,0,980000,0,0,0,0,0,0,0,0,0,0,0,0,0,111380000,0,0,0,0,0,8820000,0,0,0,0,0,0,0,0,0,0,0,0,0,0,0,0,0,0,0,0,0,96040000,0,0,0,0,0,65330000,0,2450000,0,0,0,0,0,0,0,0,0,14700000,0,0,0,4410000,0,0,0,0,0,20090000,0,0,0,54880000,3670000,0,0,0,0,15190000,36700000,0,0,36840000,0,0,0,0,0,0,0,63700000,831240000,0,0,0,0,490000,0,0,0,0,0,0,122240000,0,0,0,0,3680000,0,3670000,8820000,0,0,0,0,0,0,0,0,0,0,0,0,0,0,0,0,0,0,0,0,0,0,0,6860000,0,0,0,0,49490000,0,4900000,0,0,0,5140000,980000,13960000,0,0,95420000,0,3920000,0,0,0,0,0,0,17640000,0,0,71760000,0,354740000,0,0,0,0,0,0,0,0,12740000,319290000,0,0,0,52920000,0,0
"TCD",0,0,0,0,0,0,0,0,0,0,0,0,0,0,0,0,0,0,0,0,0,0,0,0,0,0,0,0,0,0,0,0,0,0,0,0,0,0,0,0,0,0,0,0,0,0,0,0,0,0,0,0,0,0,0,0,0,0,0,0,0,0,0,0,0,0,0,0,0,0,0,0,0,0,0,0,0,0,0,0,0,0,0,0,0,0,0,0,0,0,0,0,0,0,0,0,0,0,0,0,0,0,0,0,0,0,0,0,0,0,0,0,0,0,0,0,0,0,0,0,0,0,0,0,0,0,0,0,0,0,0,0,0,0,0,0,0,0,0,0,0,0,0,0,0,0,0,0,0,0,0,0,0,0,0,0,0,0,0,0,0,0,0,0,0,0,0,0,0,0,0,0,0,0,0,0,0,0,0,0,0,0,0,0,0,0,0,0,0,0,0,0,0,0,0
"CHL",0,0,0,0,0,196980000,6860000,0,0,0,0,0,0,0,5164760000,0,26470000,0,0,0,0,0,0,0,0,33520000,0,0,0,0,0,0,21336160000,0,0,0,6367950000,381680000,0,0,0,0,0,12384510000,0,9968200000,0,36800000,0,0,0,0,0,980000,0,0,0,0,0,8820000,0,0,0,0,0,0,555730000,0,0,0,117440000,3430000,0,0,0,0,0,0,0,0,0,2940000,0,0,0,540090000,0,0,0,0,0,895740000,0,0,0,0,0,0,0,0,0,0,0,0,0,0,0,0,0,7993150000,0,0,0,0,0,0,490000,0,0,0,0,0,0,0,0,0,0,148520000,0,0,3378240000,329450640000,0,0,0,0,0,0,0,0,0,0,0,0,0,0,0,0,0,0,0,0,0,0,0,0,11760000,0,0,0,0,0,0,0,2940000,0,0,0,0,0,0,0,0,0,0,0,0,0,9182960000,0,0,0,1406430000,0,0,0,0,0,0,0,0,0,0,0,0
"CHN",0,0,0,15680000,4900000,0,4298040000,11760000,3920000,11760000,0,0,0,0,0,0,10780000,0,0,0,0,0,193087870000,0,44130560000,1446970000,0,0,264960000,0,74970000,0,25480000,0,0,0,53900000,0,13230000,0,8820000,66640000,0,0,0,0,0,12250000,0,0,0,0,90160000,5173910000,0,0,0,0,0,273420000,0,80130000,0,23520000,0,0,0,0,62560000,0,0,82866540000,3320000,0,0,39551220000,53621520000,0,0,176890000,54880000,3254090000,0,267540000,2940000,9130690000,0,8610440000,18249120000,163327350000,17682070000,128833200000,0,0,62230000,0,0,175420000,0,3920000,12689540000,2583360000,0,82260120000,0,0,9800000,0,7350000,100940000,93750340000,0,0,0,0,16170000,7.35e+08,0,0,0,12250000,808390000,0,0,0,47040000,2940000,19600000,0,3920000,0,0,127379890000,11760000,50960000,0,0,0,0,0,58310000,0,42219350000,0,0,0,0,0,0,0,0,56840000,0,191326980000,0,28420000,315070000,0,8107760000,0,80850000,0,0,489440000,115647580000,8820000,402271690000,8330000,8330000,0,0,0,0,8199170000,0,0,4094930000,42140000,7224390000,0,338100000,220800000,0,523260190000,1.012e+10,0,0,0,551250000,0,0,0,94080000,0,0
"COL",0,0,0,0,0,0,58800000,0,0,0,0,0,0,0,0,0,0,0,0,0,0,0,0,0,0,0,0,0,0,0,29400000,0,0,0,0,0,0,0,0,0,0,0,0,0,0,53390180000,0,0,0,0,0,0,0,0,0,0,0,0,0,0,0,0,0,0,0,0,0,0,0,0,0,0,0,0,0,0,0,0,0,0,0,1470000,0,0,0,0,0,0,0,0,0,0,0,0,0,0,0,0,0,0,0,0,0,0,0,0,0,0,0,7350000,0,0,0,0,0,0,0,0,0,0,0,0,0,0,0,0,0,29549870000,0,0,0,3.0728e+10,0,0,0,0,0,0,0,0,0,0,0,0,0,0,0,0,0,0,0,0,0,6860000,0,0,243530000,0,0,0,264110000,0,0,0,0,0,0,0,0,0,0,0,0,0,0,0,17870000,0,403360000,0,0,0,0,0,0,0,0,0,0,0,0,0,0,0,0
"COM",0,0,0,0,0,0,0,0,0,0,0,0,0,0,0,0,0,0,0,0,0,0,0,0,0,0,0,0,0,0,0,0,0,0,0,0,0,0,0,0,0,0,0,0,0,0,0,0,0,0,0,0,0,0,0,0,0,0,0,0,0,0,0,0,0,0,0,0,0,0,0,0,0,0,0,0,0,0,0,0,0,0,0,0,0,0,0,0,0,0,0,0,0,0,0,0,0,0,0,0,0,0,0,0,0,0,0,0,0,0,0,0,0,0,0,0,0,0,0,0,0,0,0,0,0,0,0,0,0,0,0,0,0,0,0,0,0,0,0,0,0,0,0,0,0,0,0,0,0,0,0,0,0,0,0,0,0,0,0,0,0,0,0,0,0,0,0,0,0,0,0,0,0,0,0,0,0,0,0,0,0,0,0,0,0,0,0,0,0,0,0,0,0,0,0
"COG",0,0,0,0,0,0,0,0,0,0,0,0,0,0,0,0,0,0,0,0,0,0,0,0,0,0,0,0,0,0,0,0,0,0,0,0,0,0,0,0,0,0,0,0,0,0,0,0,0,0,0,0,0,0,0,0,0,0,0,0,0,0,0,0,0,0,0,0,0,0,0,0,0,0,0,0,0,0,0,0,0,0,0,0,0,0,0,0,0,0,0,0,0,0,0,0,0,0,0,0,0,0,0,0,0,0,0,0,0,0,0,0,0,0,0,0,0,0,0,0,0,0,0,0,0,0,0,0,0,0,0,0,0,0,0,0,0,0,0,0,0,0,0,0,0,0,0,0,0,0,0,0,0,0,0,0,0,0,0,0,0,0,0,0,0,0,0,0,0,0,0,0,0,0,0,0,0,0,0,0,0,0,0,0,0,0,0,0,0,0,0,0,0,0,0
"COK",0,0,0,0,0,0,0,0,0,0,0,0,0,0,0,0,0,0,0,0,0,0,0,0,0,0,0,0,0,0,0,0,0,0,0,0,0,0,0,0,0,0,0,0,0,0,0,0,0,0,0,0,0,0,0,0,0,0,0,0,0,0,0,0,0,0,0,0,0,0,0,0,0,0,0,0,0,0,0,0,0,0,0,0,0,0,0,0,0,0,0,0,0,0,0,0,0,0,0,0,0,0,0,0,0,0,0,0,0,0,0,0,0,0,0,0,0,0,0,0,0,0,0,0,0,0,0,0,0,0,0,0,0,0,0,0,0,0,0,0,0,0,0,0,0,0,0,0,0,0,0,0,0,0,0,0,0,0,0,0,0,0,0,0,0,0,0,0,0,0,0,0,0,0,0,0,0,0,0,0,0,0,0,0,0,0,0,0,0,0,0,0,0,0,0
"CRI",0,0,0,0,0,0,19600000,0,0,0,0,0,0,0,0,0,0,0,0,0,0,0,0,0,0,0,0,0,0,0,0,286650000,0,0,0,0,0,0,0,0,0,0,0,7340000,0,0,0,726670000,0,0,0,0,0,0,0,0,0,0,0,0,0,0,0,0,0,0,610540000,0,0,0,610050000,0,0,0,0,0,0,0,0,0,0,0,0,0,0,0,0,0,0,0,0,0,0,0,0,0,0,0,0,0,0,0,0,0,0,0,0,0,0,0,0,0,0,0,0,0,0,0,0,0,0,0,571340000,0,0,0,0,1520570000,0,0,0,0,0,0,0,0,0,0,0,0,0,0,0,0,0,0,0,0,0,0,0,0,0,0,0,0,0,0,0,0,0,0,0,0,0,0,0,0,0,0,0,0,0,0,0,0,0,0,1983030000,0,0,0,0,0,0,0,0,0,0,0,0,0,0,0,0
"CUB",0,0,0,0,0,0,0,0,0,0,0,0,0,0,0,0,0,0,0,0,0,0,0,0,0,0,0,0,0,0,0,0,0,0,0,0,0,0,0,0,0,0,0,0,0,0,0,0,0,0,0,0,0,0,0,0,0,0,0,0,0,0,0,0,0,0,0,0,0,0,0,0,0,0,0,0,0,0,0,0,0,0,0,0,0,0,0,0,0,0,0,0,0,0,0,0,0,0,0,0,0,0,0,0,0,0,0,0,0,0,0,0,0,0,0,0,0,0,0,0,0,0,0,0,0,0,0,0,0,0,0,0,0,0,0,0,0,0,0,0,0,0,0,0,0,0,0,0,0,0,0,0,0,0,0,0,0,0,0,0,0,0,0,0,0,0,0,0,0,0,0,0,0,0,0,0,0,0,0,0,0,0,0,0,0,0,0,0,0,0,0,0,0,0,0
"CYP",0,0,0,0,0,0,2450000,0,0,0,0,0,0,0,0,0,0,0,0,0,0,0,0,0,0,0,0,0,0,0,0,0,0,0,0,0,0,0,0,0,0,490000,0,0,0,0,0,0,0,0,0,0,10290000,1960000,0,0,0,0,0,0,0,0,0,18620000,0,0,0,0,0,0,0,0,11760000,0,0,0,0,0,0,0,0,0,0,0,0,980000,0,0,0,0,0,0,0,0,0,24500000,0,0,0,0,0,0,0,0,0,0,0,0,0,0,0,0,0,0,0,0,0,0,0,0,0,0,0,0,0,0,0,0,0,0,0,0,0,0,0,0,0,0,0,0,0,0,0,0,0,0,0,0,0,0,0,0,0,0,0,0,0,0,0,0,5880000,0,0,0,0,0,0,0,0,0,0,0,0,0,0,0,436100000,0,27440000,0,0,0,0,0,0,0,0,0,0,0,0,0,980000,0,0
"AZE",0,0,0,0,0,0,0,0,0,0,0,0,0,0,0,0,0,0,0,0,0,0,0,0,0,0,0,0,0,0,0,0,0,0,0,0,0,0,0,0,0,0,0,0,0,0,0,0,0,0,0,0,0,0,0,0,15680000,0,0,0,0,0,0,0,0,0,0,0,0,0,0,0,0,0,0,0,0,0,0,0,0,0,0,0,0,0,0,0,0,0,0,0,0,0,0,0,0,0,0,0,0,0,0,0,0,0,0,0,0,0,0,0,0,0,0,0,0,0,0,0,0,0,0,0,0,0,0,0,0,0,0,0,0,0,0,0,0,0,0,0,0,0,0,0,0,0,0,0,0,0,0,0,0,0,0,0,0,0,0,0,0,0,0,0,0,0,0,0,0,0,0,0,0,0,0,0,0,0,0,0,0,0,0,0,0,0,0,0,0,0,0,0,0,0,0
"BEN",0,0,0,0,0,0,0,0,0,0,0,0,0,0,0,0,0,0,0,0,0,0,0,0,0,0,0,0,0,0,0,0,0,0,0,0,0,0,0,0,0,0,0,0,0,0,0,0,0,0,0,0,0,0,0,0,0,0,0,0,0,0,0,0,0,0,0,0,0,0,0,0,0,0,0,0,0,0,0,0,0,0,0,0,0,0,0,0,0,0,0,0,0,0,0,0,0,0,0,0,0,0,0,0,0,0,0,0,0,0,0,0,0,0,0,0,0,0,0,0,0,0,0,0,0,0,0,0,0,0,0,0,0,0,0,0,0,0,0,0,0,0,0,0,0,0,0,0,0,0,0,0,0,0,0,0,0,0,0,0,0,0,0,0,0,0,0,0,0,0,0,0,0,0,0,0,0,0,0,0,0,0,0,0,0,0,0,0,0,0,0,0,0,0,0
"DNK",0,0,0,46550000,0,0,341040000,291050000,12740000,257250000,0,0,0,0,0,0,380730000,0,2053440000,0,0,7350000,0,0,8820000,42854270000,6860000,0,18158440000,0,108780000,24803410000,87159310000,0,101920000,0,0,0,5248790000,8820000,8820000,0,1519840000,12096160000,139177720000,0,0,0,46550000,37411810000,3682240000,0,20522880000,100768900000,0,4.3824e+10,9310000,11760000,8820000,2773992990000,0,1357790000,0,100810000,0,1696970000,0,452270000,620440000,26135360000,0,6370000,30650000,4205760000,15299550000,0,4975360000,208544120000,0,80284450000,7077210000,47581610000,35770000,2.0916e+10,0,73728540000,0,7.36e+08,152240000,41208640000,0,1283560000,0,57215110000,11790720000,99960000,0,15861350000,0,43803840000,0,0,34268160000,34604650000,0,0,100260000,0,0,192570000,0,0,0,0,37158180000,390080000,63699920000,0,0,0,0,80360000,0,26950000,0,163933320000,0,1960000,50010000,0,0,85994640000,19280010000,217666940000,66175020000,105350000,0,6134560000,85750000,0,152480000,11270000,900923840000,59780000,0,6465760000,0,668225720000,8330000,1470000,480200000,490000,0,2450000,0,317030000,126505650000,0,0,0,297215220000,1480510000,0,0,1016680000,14329920000,1732250000,318500000,0,11193330000,320950000,0,106370880000,950480000,14700000,0,375091220000,352310000,2186530000,1207850000,104582450000,3.984e+10,0,56383280000,80780580000,0,329280000,0,139818990000,490000,0,0,878570000,21560000,0
"DMA",0,0,0,0,0,0,0,0,0,0,0,0,0,0,0,0,0,0,91140000,0,0,0,0,0,0,0,0,0,0,0,0,0,0,0,0,0,0,0,0,0,0,0,0,0,0,0,0,0,0,0,0,0,0,0,0,0,0,0,0,0,0,0,0,0,0,0,0,0,0,0,0,0,0,0,0,0,0,0,0,0,0,0,0,0,0,0,0,0,0,0,0,0,0,0,0,0,0,0,0,0,0,0,0,0,0,0,0,0,0,0,0,0,0,0,0,0,0,0,0,0,0,0,0,0,0,0,0,0,0,0,0,0,0,0,0,0,0,0,0,0,0,0,0,0,0,0,0,0,0,0,0,0,0,0,0,0,0,0,0,0,0,0,0,0,0,0,0,0,0,0,0,0,0,0,0,0,0,0,0,0,0,0,0,0,0,0,0,0,0,0,0,0,0,0,0
"DOM",0,0,0,0,0,0,0,0,0,0,0,0,0,0,0,0,0,0,0,0,0,0,0,0,0,0,0,0,0,0,0,0,0,0,0,0,0,0,0,0,0,0,0,0,0,0,0,0,0,0,0,0,0,0,0,0,0,0,0,0,0,0,0,0,0,0,0,0,0,0,0,0,0,0,0,0,0,0,0,0,0,0,0,0,0,0,0,0,0,0,0,0,0,0,0,0,0,0,0,0,0,0,0,0,0,0,0,0,0,0,0,0,0,0,0,0,0,0,0,0,0,0,0,0,0,0,0,0,0,0,0,0,0,0,0,0,0,0,0,0,0,0,0,0,0,0,0,0,0,0,0,0,0,0,0,0,0,0,0,0,0,0,0,0,0,0,0,0,0,0,0,0,0,0,0,0,0,0,0,0,0,0,0,0,0,0,0,0,0,0,0,0,0,0,0
"BLR",2636590000,0,0,0,0,0,0,0,0,0,0,0,0,0,0,0,0,0,0,0,0,0,0,0,0,139610000,0,0,0,0,0,11760000,0,0,0,0,0,0,0,2921810000,0,0,0,0,0,0,0,0,0,347410000,0,0,0,0,0,0,535500000,0,0,51940000,0,0,0,0,0,0,0,0,0,0,0,0,0,0,0,0,0,0,0,0,0,0,0,20029670000,0,0,0,27176530000,0,0,0,0,0,2390220000,0,0,0,0,0,23311080000,0,0,0,0,0,0,0,0,0,0,0,0,0,10870440000,0,0,0,0,0,0,0,43610000,0,0,0,10290000,0,0,0,0,0,0,0,64190000,0,0,0,0,0,0,0,0,354875690000,0,0,0,0,0,0,0,0,0,0,0,0,0,0,0,10167410000,0,0,0,0,8820200000,0,0,0,0,0,0,0,0,0,0,0,0,0,5632950000,44160000,0,0,28063680000,0,0,0,0,0,0,0,0,0,0,0,0,0
"ECU",0,0,0,0,0,0,0,0,0,0,0,0,0,0,0,0,0,0,0,0,0,0,0,0,0,0,0,0,0,0,0,0,0,0,0,0,0,0,0,0,0,0,0,0,0,0,0,0,0,0,0,0,0,0,0,0,0,0,0,2450000,0,0,0,0,0,0,0,0,0,0,0,0,0,0,0,0,0,0,0,0,0,302120000,0,0,0,0,0,0,0,0,0,0,0,0,0,0,0,0,0,0,0,0,0,0,0,0,0,0,0,0,0,0,0,0,0,0,0,0,0,0,0,0,0,0,0,0,0,0,0,0,0,490000,0,0,0,0,0,0,0,0,0,0,0,0,0,0,0,0,0,0,0,0,0,0,0,0,0,0,0,0,0,0,0,0,0,0,0,0,0,0,0,0,0,0,0,0,0,0,32390000,0,0,0,0,0,0,0,0,0,0,0,0,0,0,0,0
"EGY",0,0,0,0,0,0,7840000,0,0,0,0,0,0,0,0,0,0,0,0,0,0,0,0,23191360000,0,61250000,0,0,0,0,0,0,0,0,0,0,0,0,0,0,0,0,0,0,0,0,0,0,0,0,0,0,0,0,0,0,0,0,0,0,0,0,0,0,0,0,0,0,0,0,0,0,0,0,0,0,0,0,0,0,15190000,0,0,0,0,0,0,0,0,0,0,0,0,0,0,5002390000,0,0,13230000,0,0,0,0,768320000,0,0,0,0,0,0,0,0,0,0,0,0,0,0,0,0,0,0,0,0,0,0,0,0,0,0,0,0,0,0,0,0,0,0,0,0,0,3854240000,0,0,0,0,0,0,272930000,0,125930000,0,0,45080000,0,0,0,0,0,0,0,0,8820000,0,0,0,0,0,0,0,18130000,0,0,44480000,0,0,0,0,0,0,0,0,0,0,0,0,0,0,0,0,0,0,131810000,0,72800000
"SLV",0,0,0,0,0,0,1979110000,0,0,0,0,0,0,0,0,0,0,0,0,0,0,0,0,0,0,0,0,0,0,0,0,0,0,0,0,0,0,0,0,0,0,0,0,0,0,0,0,0,0,0,0,0,0,0,0,0,0,0,0,0,0,0,0,0,0,0,3430000,0,0,0,24716350000,0,0,0,0,0,0,0,0,0,0,0,0,0,0,0,0,0,0,0,0,0,0,0,0,0,0,0,0,0,0,0,0,0,0,0,0,0,0,0,0,0,0,0,0,0,0,0,0,0,0,0,0,0,0,0,0,0,0,0,0,0,0,0,0,0,0,0,0,0,0,0,0,0,0,0,0,0,0,0,0,0,0,0,0,0,0,0,0,0,0,0,0,0,0,0,0,0,0,0,0,0,0,0,0,0,0,0,7087360000,0,0,0,0,0,0,0,0,0,0,0,0,0,0,0,0
"GNQ",0,0,0,0,0,0,0,0,0,0,0,0,0,0,0,0,0,0,0,0,0,0,0,0,0,0,0,0,0,0,0,0,0,0,0,0,0,0,0,0,0,0,0,0,0,0,0,0,0,0,0,0,0,0,0,0,0,0,0,0,0,0,0,0,0,0,0,0,0,0,0,0,0,0,0,0,0,0,0,0,0,0,0,0,0,0,0,0,0,0,0,0,0,0,0,0,0,0,0,0,0,0,0,0,0,0,0,0,0,0,0,0,0,0,0,0,0,0,0,0,0,0,0,0,0,0,0,0,0,0,0,0,0,0,0,0,0,0,0,0,0,0,0,0,0,0,0,0,0,0,0,0,0,0,0,0,0,0,0,0,0,0,0,0,0,0,0,0,0,0,0,0,0,0,0,0,0,0,0,0,0,0,0,0,0,0,0,0,0,0,0,0,0,0,0
"EST",0,0,0,980000,0,0,15190000,1470000,0,0,0,0,0,0,0,0,490000,0,0,0,0,0,0,0,0,22540000,0,0,0,0,1470000,490000,0,0,0,0,0,0,1960000,3430000,0,24835660000,0,0,4.9e+07,0,0,0,0,0,0,0,30931590000,23030000,0,0,8570000,0,0,1658860000,0,0,0,4410000,0,0,0,0,0,0,0,4900000,0,0,298900000,1960000,0,0,0,35637860000,13720000,21070000,0,0,0,3430000,0,0,0,0,0,7840000,0,59812420000,0,0,0,0,0,20313620000,0,0,0,0,0,0,0,0,0,4900000,0,0,0,0,0,0,12938490000,0,0,0,0,0,0,0,0,489510000,0,0,18620000,0,0,0,0,11547830000,0,0,0,0,0,0,490000,0,9134380000,0,0,0,0,695589800000,0,3920000,0,0,0,563500000,0,980000,1470000,0,0,0,3859610000,6860000,0,0,4410000,0,490000,0,0,0,0,0,0,0,0,0,67620000,125440000,33810000,0,0,0,0,1960000,0,0,0,0,490000,0,0,0,0,0,0
"FRO",0,0,0,0,0,0,0,0,0,0,0,0,0,0,0,0,0,0,0,0,0,0,0,0,0,0,0,0,0,0,0,0,0,0,0,0,0,0,0,0,0,0,0,0,0,0,0,0,0,0,0,0,0,0,0,0,0,0,0,0,0,0,0,0,0,0,0,0,0,0,0,0,0,0,0,0,0,0,0,0,0,0,0,0,0,0,0,0,0,0,0,0,0,0,0,0,0,0,0,0,0,0,0,0,0,0,0,0,0,0,0,0,0,0,0,0,0,0,0,0,0,0,0,0,0,0,0,0,0,0,0,0,0,0,0,0,0,0,0,0,0,0,0,0,0,0,0,0,0,0,0,0,0,0,0,0,0,0,0,0,0,0,0,0,0,0,0,0,0,0,0,0,0,0,0,0,0,0,0,0,0,0,0,0,0,0,0,0,0,0,0,0,0,0,0
"FJI",0,0,0,0,0,0,980000,0,0,0,0,0,0,0,0,0,0,0,0,980000,0,0,0,0,0,0,0,0,0,0,0,0,0,0,0,22540000,0,0,0,0,0,0,0,0,0,0,0,0,0,0,0,0,0,0,4410000,0,0,0,0,0,0,0,10290000,0,0,0,0,0,0,0,0,0,0,0,0,0,0,0,0,0,0,0,0,0,0,6860000,0,0,0,0,0,0,0,0,0,0,0,0,0,0,0,0,0,0,0,0,0,0,0,0,0,0,0,0,0,0,0,0,0,0,19600000,15680000,0,0,0,0,0,0,0,3430000,0,0,0,0,0,0,0,0,0,0,0,0,0,0,0,0,0,0,0,0,0,0,0,0,0,0,0,0,0,0,0,0,0,0,0,0,0,0,2450000,0,0,0,0,0,0,980000,0,0,490000,0,0,0,0,0,0,0,0,0,0,0,0,0,0,0,0
"FIN",11010000,0,0,0,0,0,7840000,4410000,0,0,0,0,0,0,0,0,0,0,0,0,0,0,195040000,0,0,14220000,0,0,0,0,31360000,0,0,0,0,0,3098560000,0,264240000,0,0,338760000,0,0,8.964e+09,0,0,0,0,19242520000,0,0,0,2473220000,0,0,0,0,0,52724840000,0,0,0,19380000,0,0,0,0,0,0,0,0,139460000,0,1410360000,0,0,0,0,39781470000,22020000,193110000,0,33030000,0,41059480000,0,0,0,0,0,3785460000,0,1653670000,0,1159720000,0,0,0,75590970000,0,0,0,0,0,0,0,0,0,0,0,0,0,0,0,0,85238350000,0,0,0,0,0,3680000,0,0,33159820000,0,198180000,0,0,0,0,0,4360410000,1996460000,0,0,0,0,0,0,0,238616560000,0,0,0,0,0,0,0,0,66060000,7108480000,0,0,30870000,84737420000,0,0,0,195661330000,101120000,0,165600000,128450000,0,0,0,0,33120000,0,9.13e+10,7360000,0,0,0,42990310000,861250000,7430860000,0,0,0,0,0,0,0,0,0,631940000,0,0,0,0,0,0
"FRA",0,231770000,137200000,921616180000,1960000,1122740000,1858080000,203137240000,12276480000,92120000,0,176160000,0,0,0,25899840000,428440680000,0,0,0,0,1893490000,0,0,451807650000,7628290000,8308210000,12633680000,0,14209450000,176660000,524445400000,1960000,29400000,5729100000,0,16184640000,43525800000,551483100000,0,4001320000,780250000,0,123259140000,1301440000,0,20982400000,0,9310000,14700000,0,0,1225210000,0,1638870000,282730000,6370000,4503180000,2502400000,5436988320000,0,62967290000,0,171829040000,0,22050000,55895520000,17667670000,0,17224360000,0,1582430000,66934950000,81214580000,9800000,5242610000,1722230000,544121930000,0,472551970000,108189570000,2488116170000,1257360000,11022400000,2318400000,412280230000,171398360000,0,0,10733650000,18620000,2323720000,1.2782e+11,10670000,927110000,26310000,0,490000,94596760000,23227400000,0,4197610000,15680000,1483370000,0,3966760000,75161020000,25480000,393980000,27153050000,980000,1132798420000,36100800000,0,50728800000,0,7494667670000,0,5728050000,113680000,2940000,369220000,0,1160230000,354477600000,188880000,0,45181980000,13542330000,0,0,59552800000,33203410000,34329480000,468197080000,0,0,13325280000,490000,0,57377050000,3687360000,175265180000,0,7865620000,42140000,980000,4559832180000,3606520000,3359330000,490000,163570000,14940980000,41766170000,3670000,149263360000,1310896940000,10473280000,490000,0,29788770000,391129390000,604598560000,0,558040000,43744650000,133777560000,20364960000,0,20090000,980000,968062150000,590459750000,81801340000,4742800000,0,175281020000,571510000,16827860000,29768250000,33393400000,9.96e+09,564245560000,520810290000,48420800000,0,46371180000,7382080000,11792335230000,69709230000,46415940000,19575500000,6756480000,0,0
"PYF",0,0,0,0,0,0,9800000,0,0,0,0,0,0,0,0,0,0,0,0,0,0,0,0,0,0,0,0,0,0,0,11760000,490000,0,0,0,0,0,0,0,0,0,0,0,0,0,0,0,0,0,0,0,0,0,107310000,0,0,0,0,0,0,0,0,0,0,0,0,0,0,0,0,0,0,0,0,0,0,0,0,0,0,0,0,0,0,0,61250000,0,0,0,0,0,0,0,0,0,0,0,0,0,0,0,0,0,0,0,0,0,0,0,0,0,0,0,0,0,0,0,0,0,0,0,0,0,0,0,0,0,0,0,0,0,0,0,0,0,0,0,0,0,0,0,0,0,0,0,0,0,0,0,0,0,0,0,0,0,0,0,0,0,0,0,0,0,0,0,0,0,0,0,0,0,0,0,0,0,0,0,0,91630000,0,0,0,0,0,0,0,0,0,0,0,0,0,0,0,0
"DJI",0,0,0,0,0,0,0,0,0,0,0,0,0,0,0,0,0,0,0,0,0,0,0,0,0,0,0,0,0,0,0,0,0,0,0,0,0,0,0,0,0,0,0,0,0,0,0,0,0,0,0,0,0,0,0,0,0,0,0,0,0,0,0,0,0,0,0,0,0,0,0,0,0,0,0,0,0,0,0,0,0,0,0,0,0,0,0,0,0,0,0,0,0,0,0,0,0,0,0,0,0,0,0,0,0,0,0,0,0,0,0,0,0,0,0,0,0,0,0,0,0,0,0,0,0,0,0,0,0,0,0,0,0,0,0,0,0,0,0,0,0,0,0,0,0,0,0,0,0,0,0,0,0,0,0,0,0,0,0,0,0,0,0,0,0,0,0,0,0,0,0,0,0,0,0,0,0,0,0,0,0,0,0,0,0,0,0,0,0,0,0,0,0,0,0
"GEO",23755130000,0,0,0,0,0,0,0,0,0,0,0,0,0,0,0,0,0,0,0,0,0,0,0,0,0,0,0,0,0,0,0,0,0,0,0,0,0,25480000,2769060000,0,0,0,0,0,0,0,0,0,980000,0,0,0,0,0,0,0,0,0,490000,0,0,0,1470000,0,0,0,0,0,0,0,0,0,0,0,0,0,0,26950000,0,14210000,0,0,0,0,0,0,0,0,0,0,0,0,8330000,0,0,0,0,36520000,0,0,0,0,6860000,0,0,0,0,0,0,0,0,0,0,0,0,23030000,0,0,0,0,0,0,0,0,0,0,0,25480000,0,0,0,0,10780000,0,0,0,0,0,0,0,0,17150000,0,0,0,0,0,0,0,0,0,0,0,0,0,0,0,0,0,0,0,0,0,0,0,0,0,0,0,0,0,0,0,0,0,0,30870000,0,0,0,0,0,0,0,0,0,0,0,0,0,0,0,0,0
"GAB",0,0,0,0,0,0,0,0,0,0,0,0,0,0,0,0,0,0,0,0,0,0,0,0,0,0,0,0,0,0,0,0,0,0,0,0,0,0,0,0,0,0,0,0,0,0,0,0,0,0,0,0,0,0,0,0,0,0,0,0,0,0,0,0,0,0,0,0,0,0,0,0,0,0,0,0,0,0,0,0,0,0,0,0,0,0,0,0,0,0,0,0,0,0,0,0,0,0,0,0,0,0,0,0,0,0,0,0,0,0,0,0,0,0,0,0,0,0,0,0,0,0,0,0,0,0,0,0,0,0,0,0,0,0,0,0,0,0,0,0,0,0,0,0,0,0,0,0,0,0,0,0,0,0,0,0,0,0,0,0,0,0,0,0,0,0,0,0,0,0,0,0,0,0,0,0,0,0,0,0,0,0,0,0,0,0,0,0,0,0,0,0,0,0,0
"GMB",0,0,0,0,0,0,0,0,0,0,0,0,0,0,0,0,0,0,0,0,0,0,0,0,0,0,0,0,0,0,0,0,0,0,0,0,0,0,0,0,0,0,0,0,0,0,0,0,0,0,0,0,0,0,0,0,0,0,0,0,0,0,0,0,0,0,0,0,0,0,0,0,0,0,0,0,0,0,0,0,0,0,0,0,0,0,0,0,0,0,0,0,0,0,0,0,0,0,0,0,0,0,0,0,0,0,0,0,0,0,0,0,0,0,0,0,0,0,0,0,0,0,0,0,0,0,0,0,0,0,0,0,0,0,0,0,0,0,0,0,0,0,0,0,0,0,0,0,0,0,0,0,0,0,0,0,0,0,0,0,0,0,0,0,0,0,0,0,0,0,0,0,0,0,0,0,0,0,0,0,0,0,0,0,0,0,0,0,0,0,0,0,0,0,0
"DEU",648640000,559090000,1542950000,623971550000,490000,1054880000,24483380000,455590540000,3506720000,318990000,44100000,31590000,0,0,128430000,213440000,18503910000,0,0,0,0,5588990000,3920000,0,76930000,47463160000,0,0,46239180000,375360000,4603700000,115297440000,1183110000,0,3389630000,0,808540000,26020180000,3862180000,39249980000,415030000,756083520000,0,18934080000,1701850000,267540000,759720000,201070000,7424480000,7295220000,33100000,0,18647190000,397886920000,6860000,56350000,44812140000,2798970000,25480000,0,4171070000,1592150000,0,98634920000,0,0,11130180000,1054720000,1173730000,5390000,312500000,3806610000,12482040000,4625710000,17009480000,1975440000,30589850000,208387800000,478240000,75390210000,19539480000,1242420550000,3591210000,2346900000,2651310000,336801070000,684255090000,198460000,19506700000,33597870000,36260000,30579860000,2.9e+07,1899670000,25970000,4218220000,154560000,544630000,858780000,16662060000,4900000,0,490000,72035710000,24500000,85750000,5847620000,4410000,121690000,3.088e+09,2497590000,253330000,11119230000,759490000,142895030000,1148160000,4706768610000,0,4316640000,190360000,0,5196450000,24522620000,26460000,28704210000,45699020000,9800000,254850000,29709650000,133290000,448330000,195760000,7426390000,105325760000,5060060000,0,0,0,230700000,516180000,14772620000,0,207310330000,1960000,1470000,980000,0,6096343350000,382200000,23520000,5029850000,32630540000,5331430000,21554210000,4900000,7763970000,77887700000,22080000,0,309120000,80708700000,458756400000,127156330000,10605740000,96919320000,22297010000,169442780000,3946510000,0,207780000,2967950000,170224010000,9000900000,6307310000,1894280000,0,208824030000,18088930000,329324460000,3194310000,1594140000,42316350000,103969050000,184371400000,5819050000,6860000,1833850000,596570000,413226730000,28191220000,1171960000,78890000,140630000,0,0
"BIH",0,0,490000,0,0,0,18130000,40180000,0,0,0,0,0,0,0,0,0,0,0,0,0,0,0,0,0,0,0,0,0,0,0,0,0,0,0,0,0,0,0,0,0,0,0,0,0,0,0,0,0,0,0,0,7350000,1960000,0,0,0,0,0,0,0,0,0,0,0,0,0,0,0,0,0,0,0,2614150000,0,0,0,0,0,0,0,0,0,0,0,0,0,0,0,0,0,0,0,0,0,0,0,0,0,0,0,0,0,0,0,0,0,0,0,0,0,0,0,0,0,0,5880000,0,0,0,0,0,0,0,0,0,0,0,0,0,0,0,0,0,0,0,0,0,0,0,0,0,0,0,0,0,0,0,0,0,0,70560000,0,0,0,0,0,0,0,0,15190000,3430000,0,0,0,0,0,0,0,0,0,0,0,0,0,0,0,0,32340000,0,0,0,0,0,0,0,0,0,0,0,1271840000,27440000,0,0,0
"GHA",0,0,0,0,0,0,0,0,0,0,0,0,0,0,0,0,0,0,0,0,0,0,0,0,0,0,0,0,0,0,0,0,0,0,0,0,0,0,0,0,0,0,0,0,0,0,0,0,0,0,0,0,0,0,0,0,0,0,0,11760000,0,0,0,0,0,0,0,0,0,0,0,0,0,0,0,0,0,0,0,0,0,3430000,0,0,0,1960000,0,0,0,0,0,0,0,0,0,0,0,0,0,0,0,0,0,0,0,0,0,0,0,0,0,4050830000,0,0,0,0,3430000,0,0,0,0,0,0,0,2191360000,0,0,0,0,0,0,0,0,0,0,0,0,0,0,0,0,0,0,0,0,0,0,0,0,0,0,0,0,0,0,0,953540000,0,0,0,0,7840000,0,0,0,0,0,0,0,0,0,0,0,0,0,0,63700000,0,69580000,5880000,0,0,0,0,0,0,0,0,0,0,0,0,0,0,0
"KIR",0,0,0,0,0,0,0,0,0,0,0,0,0,0,0,0,0,0,0,0,0,0,0,0,0,0,0,0,0,0,0,0,0,0,0,0,0,0,0,0,0,0,0,0,0,0,0,0,0,0,0,0,0,0,0,0,0,0,0,0,0,0,0,0,0,0,0,0,0,0,0,0,0,0,0,0,0,0,0,0,0,0,0,0,0,0,0,0,0,0,0,0,0,0,0,0,0,0,0,0,0,0,0,0,0,0,0,0,0,0,0,0,0,0,0,0,0,0,0,0,0,0,0,0,0,0,0,0,0,0,0,0,0,0,0,0,0,0,0,0,0,0,0,0,0,0,0,0,0,0,0,0,0,0,0,0,0,0,0,0,0,0,0,0,0,0,0,0,0,0,0,0,0,0,0,0,0,0,0,0,0,0,0,0,0,0,0,0,0,0,0,0,0,0,0
"GRC",0,0,12772690000,0,0,0,408660000,54390000,0,0,0,0,0,0,0,0,3920000,0,0,0,0,5559320000,0,0,0,141120000,0,0,0,0,1470000,36260000,0,0,0,0,0,0,10243820000,0,0,4410000,0,0,0,0,7350000,0,0,0,0,0,36260000,4.9e+07,0,0,490000,0,0,1993400000,0,0,0,0,0,0,0,0,0,0,0,1470000,5880000,0,0,0,0,0,35770000,490000,7465640000,65170000,0,0,0,11760000,0,0,0,0,0,490000,0,0,0,127400000,0,0,0,0,0,0,0,0,0,0,271950000,0,0,0,0,490000,0,0,0,0,106330000,0,0,101430000,0,0,0,0,0,60760000,0,8330000,0,0,0,0,0,66640000,1470000,0,0,0,0,0,2235870000,0,1960000,0,0,0,0,0,0,0,0,0,0,2450000,0,16170000,23520000,0,0,0,151410000,41160000,0,0,2450000,0,0,0,0,0,0,0,129850000,490000,0,0,357700000,0,703150000,0,0,0,0,0,35280000,0,0,0,19600000,0,491960000,0,0,0,0
"GRL",0,0,0,0,0,0,0,0,0,0,0,0,0,0,0,0,0,0,0,0,0,0,0,0,0,0,0,0,0,0,0,0,0,0,0,0,0,0,0,0,0,0,0,0,0,0,0,0,0,0,0,0,0,0,0,0,0,0,0,0,0,0,0,0,0,0,0,0,0,0,0,0,0,0,0,0,0,0,0,0,0,0,0,0,0,0,0,0,0,0,0,0,0,0,0,0,0,0,0,0,0,0,0,0,0,0,0,0,0,0,0,0,0,0,0,0,0,0,0,0,0,0,0,0,0,0,0,0,0,0,0,0,0,0,0,0,0,0,0,0,0,0,0,0,0,0,0,0,0,0,0,0,0,0,0,0,0,0,0,0,0,0,0,0,0,0,0,0,0,0,0,0,0,0,0,0,0,0,0,0,0,0,0,0,0,0,0,0,0,0,0,0,0,0,0
"GRD",0,0,0,0,0,0,0,0,0,0,0,0,0,0,0,0,0,0,0,0,0,0,0,0,0,0,0,0,0,0,0,0,0,0,0,0,0,0,0,0,0,0,0,0,0,0,0,0,0,0,0,0,0,0,0,0,0,0,0,0,0,0,0,0,0,0,0,0,0,0,0,0,0,0,0,0,0,0,0,0,0,0,0,0,0,0,0,0,0,0,0,0,0,0,0,0,0,0,0,0,0,0,0,0,0,0,0,0,0,0,0,0,0,0,0,0,0,0,0,0,0,0,0,0,0,0,0,0,0,0,0,0,0,0,0,0,0,0,0,0,0,0,0,0,0,0,0,0,0,0,0,0,0,0,0,0,0,0,0,0,0,0,0,0,0,0,0,0,0,0,0,0,0,0,0,0,0,0,0,0,0,0,0,0,0,0,0,0,0,0,0,0,0,0,0
"GTM",0,0,0,0,0,0,945700000,0,0,0,0,0,0,0,0,0,0,0,20580000,0,0,0,0,0,0,0,0,0,0,0,98980000,0,0,0,0,0,164150000,0,0,0,0,0,0,368970000,0,0,0,4860080000,0,0,0,0,0,0,0,0,0,0,0,980000,0,0,0,0,0,0,0,0,0,0,161200000,0,0,0,0,0,0,0,0,0,0,0,0,0,0,0,0,0,0,0,0,0,0,0,0,0,0,0,0,0,0,0,0,0,0,0,0,0,0,8791580000,0,0,0,0,0,0,0,0,0,0,0,0,2760900000,0,0,0,0,0,0,0,0,0,0,0,0,0,0,0,0,0,0,0,0,0,0,0,0,0,0,0,0,0,0,0,0,0,0,0,0,0,0,0,0,0,0,0,0,0,0,0,0,0,0,0,0,0,0,0,3463830000,0,0,0,0,0,0,0,0,0,0,0,0,0,0,0,0
"GIN",0,0,0,0,0,0,0,0,0,0,0,0,0,0,0,0,0,0,0,0,0,0,0,0,0,0,0,0,0,0,0,0,0,0,0,0,0,0,0,0,0,0,0,0,0,0,0,0,0,0,0,0,0,0,0,0,0,0,0,0,0,0,0,0,0,0,0,0,0,0,0,0,0,0,0,0,0,0,0,0,0,0,0,0,0,0,0,0,0,0,0,0,0,0,0,0,0,0,0,0,0,0,0,0,0,0,0,0,0,0,0,0,0,0,0,0,0,0,0,0,0,0,0,0,0,0,0,0,0,0,0,0,0,0,0,0,0,0,0,0,0,0,0,0,0,0,0,0,0,0,0,0,0,0,0,0,0,0,0,0,0,0,0,0,0,0,0,0,0,0,0,0,0,0,0,0,0,0,0,0,0,0,0,0,0,0,0,0,0,0,0,0,0,0,0
"GUY",0,0,0,0,12740000,0,0,0,0,0,0,0,0,0,0,0,0,0,0,0,0,0,0,0,0,0,0,0,0,0,0,0,0,0,0,0,0,0,0,0,0,0,1470000,0,0,0,0,0,0,0,0,0,0,0,0,0,0,0,0,0,0,0,0,0,0,1960000,0,0,0,0,0,0,0,0,0,0,0,0,0,0,0,0,0,0,0,0,0,0,0,0,0,0,0,0,0,0,0,0,0,0,0,0,0,0,0,0,0,0,0,0,0,0,0,0,0,0,0,0,0,0,0,0,0,0,0,0,0,0,0,0,0,0,0,0,0,0,0,0,0,0,0,0,0,980000,9310000,0,0,0,0,0,0,0,0,0,0,0,0,12740000,0,0,0,0,0,0,0,0,0,0,0,2450000,0,0,0,0,0,0,0,0,6640000,0,0,0,0,0,0,0,0,0,0,0,0,0,0,0,0
"HTI",0,0,0,0,0,0,0,0,0,0,0,0,0,0,0,0,0,0,0,0,0,0,0,0,0,0,0,0,0,0,0,0,0,0,0,0,0,0,0,0,0,0,0,0,0,0,0,0,0,0,0,0,0,0,0,0,0,0,0,0,0,0,0,0,0,0,0,0,0,0,0,0,0,0,0,0,0,0,0,0,0,0,0,0,0,0,0,0,0,0,0,0,0,0,0,0,0,0,0,0,0,0,0,0,0,0,0,0,0,0,0,0,0,0,0,0,0,0,0,0,0,0,0,0,0,0,0,0,0,0,0,0,0,0,0,0,0,0,0,0,0,0,0,0,0,0,0,0,0,0,0,0,0,0,0,0,0,0,0,0,0,0,0,0,0,0,0,0,0,0,0,0,0,0,0,0,0,0,0,0,0,0,0,0,0,0,0,0,0,0,0,0,0,0,0
"HND",0,0,0,0,0,0,0,0,0,0,0,0,0,0,0,0,0,0,0,0,0,0,0,0,0,0,0,0,0,0,0,0,0,0,0,0,0,0,0,0,0,0,0,0,0,0,0,132120000,0,0,0,0,0,0,0,0,0,0,0,0,0,0,0,0,0,0,0,0,0,0,0,0,0,0,0,0,0,0,0,0,0,0,0,0,0,0,0,0,0,0,0,0,0,0,0,0,0,0,0,0,0,0,0,0,0,0,0,0,0,0,0,0,0,0,0,0,0,0,0,0,0,0,0,0,0,0,0,0,0,0,0,0,0,0,0,0,0,0,0,0,0,0,0,0,0,0,0,0,0,0,0,0,0,0,0,0,0,0,0,0,0,0,0,0,0,0,0,0,0,0,0,0,0,0,0,0,0,0,243040000,0,0,0,0,0,0,0,0,0,0,0,0,0,0,0,0
"HKG",0,0,0,0,0,0,683640000,0,0,149940000,0,0,0,0,0,0,0,0,0,9800000,0,0,0,0,0,6640000,0,0,41160000,0,0,800580000,0,0,0,0,0,0,0,0,0,0,0,0,0,0,0,0,0,88690000,0,0,0,2450000,0,0,0,0,0,3430000,0,0,0,0,0,0,0,0,0,0,0,0,0,0,0,8330000,34790000,0,0,0,8820000,2940000,0,0,0,166110000,0,0,52430000,0,25970000,955010000,0,0,0,3430000,0,0,0,0,3733640000,0,0,495390000,19110000,0,0,0,0,0,0,0,0,0,0,0,9310000,0,0,0,0,0,0,0,0,0,0,33810000,0,8820000,0,0,17400000,0,0,0,0,0,604660000,0,0,0,0,0,0,0,0,0,0,0,0,0,0,602210000,0,348880000,0,0,0,0,0,0,0,0,1279880000,0,4900000,0,0,0,8330000,0,0,9381540000,0,0,11270000,0,172310000,0,0,0,0,340550000,0,0,0,45080000,0,0,0,0,0,0,0
"HUN",11490960000,0,2461920000,0,0,0,16660000,452944220000,0,0,0,0,0,0,0,0,0,0,0,0,0,8202240000,0,0,0,0,0,0,0,0,0,111230000,0,0,0,0,0,0,80407080000,3234720000,0,0,0,0,0,0,0,0,0,0,0,0,0,17078790000,0,0,110190240000,0,0,19436380000,36428080000,0,0,10072880000,0,0,0,0,0,0,0,0,0,65275730000,0,0,0,0,0,0,0,480594170000,0,44160000,0,58880000,0,0,0,0,0,29400000,0,0,0,0,0,0,0,0,0,0,0,0,0,0,169540000,0,0,0,0,0,0,5719840000,0,0,41978080000,0,0,12815220000,0,0,0,0,0,980000,0,0,74495040000,0,0,0,0,1111790000,0,0,0,0,0,0,1184708150000,0,5.52e+08,0,0,0,0,0,0,0,0,76388800000,196628680000,0,0,0,5390000,0,0,0,0,1210770000,0,1.84e+08,0,0,0,0,0,0,0,0,23945400000,0,0,0,9939540000,975430000,0,0,0,73600000,0,0,0,0,0,0,10539520000,0,53450240000,11270000,0,0,0
"HRV",0,0,32085920000,0,980000,0,119310000,193840000,490000,0,0,0,0,0,0,0,0,0,0,0,0,3963740000,0,0,0,125410000,0,0,0,0,0,0,0,0,0,0,0,0,490000,0,0,0,0,0,0,0,0,0,0,0,0,0,0,1960000,0,0,4813440000,0,0,116020000,102922880000,0,0,9422160000,0,0,0,0,0,0,0,0,3026170000,0,0,0,0,0,0,0,0,19237280000,0,0,360640000,980000,0,0,0,0,0,0,0,0,0,0,0,980000,6772800000,0,0,0,0,0,0,0,11572160000,0,0,0,0,0,0,0,0,0,19110000,0,0,19006810000,0,0,0,0,0,0,0,980000,24990000,0,0,0,0,4410000,0,0,0,0,0,0,14564140000,0,490000,0,0,980000,0,0,0,0,490000,27944590000,191100000,0,0,0,0,0,0,0,667380000,2809150000,0,0,0,0,0,0,0,0,0,0,9283570000,0,0,0,0,0,315330000,0,0,0,0,0,0,0,0,0,0,0,36124470000,26789560000,0,0,0
"ISL",0,0,0,0,0,0,10290000,0,0,0,0,0,0,0,0,0,0,0,0,0,0,0,0,0,0,18130000,0,0,0,0,0,0,0,0,0,0,0,0,0,0,0,1960000,0,0,0,0,0,0,0,0,13230000,0,0,0,0,0,0,0,0,0,0,0,0,0,0,0,0,0,0,0,0,0,0,0,0,0,0,0,0,0,0,0,0,0,0,0,0,0,0,0,0,0,0,0,0,0,0,0,0,0,0,0,0,0,0,0,0,0,0,0,0,0,0,0,0,0,85260000,0,0,0,0,0,0,0,0,5390000,0,0,0,0,0,0,0,0,0,0,0,0,0,0,0,0,0,0,0,0,0,0,0,0,0,0,4410000,0,0,0,0,0,0,0,28910000,0,0,0,0,0,0,0,0,0,0,0,0,0,0,0,70070000,0,168070000,0,0,0,0,0,0,0,0,0,0,0,0,0,0,0,0
"IND",0,0,0,11307920000,0,0,398700000,4900000,0,4822050000,0,815880000,0,9382630000,0,0,0,0,0,0,7360000,0,0,0,0,301340000,0,0,5663930000,0,0,57330000,0,0,0,0,0,0,0,0,0,0,0,0,0,0,800120000,0,0,0,0,14700000,0,33810000,0,0,0,0,0,12250000,0,13230000,0,3680000,0,0,0,3920000,8330000,0,0,115640000,0,0,0,0,0,797246760000,0,0,3339920000,0,9800000,0,0,194560000,323693360000,0,73500000,0,856560000,138560320000,1717020000,0,0,0,0,0,0,0,0,0,0,3265830000,12740000,0,0,0,53120000,0,0,0,24010000,0,0,17569740000,0,0,0,0,0,127050000,0,0,0,27440000,5.092e+09,48020000,0,0,0,0,66400000,7840000,0,0,0,0,35275050000,0,0,0,0,0,0,0,0,834850000,0,32230000,2940000,0,0,13292910000,0,18390000,0,0,0,0,0,13280000,0,0,14492020000,27440000,12100700000,316050000,0,3430000,144741480000,0,0,727409960000,0,0,343060000,0,3682580000,0,0,0,0,2450000,0,0,0,22050000,33200000,0,0,0,184240000,0,0
"IDN",0,0,0,0,0,0,589470000,0,0,0,0,0,0,0,0,0,0,0,0,0,0,0,0,0,0,0,0,0,0,0,0,0,0,0,0,0,0,0,0,0,17640000,0,0,0,0,0,0,0,0,0,0,0,0,980000,0,0,0,0,0,0,0,0,0,0,0,0,0,0,0,0,0,0,0,0,0,0,0,0,0,0,0,0,0,0,0,181300000,0,0,0,25480000,0,62230000,0,0,0,0,0,0,0,0,0,0,0,2016840000,8820000,0,0,0,0,0,0,0,0,0,0,0,93590000,0,0,0,0,3920000,0,0,0,0,0,0,0,0,0,0,18620000,0,0,0,848190000,0,0,0,0,0,0,0,0,0,0,0,0,0,0,0,0,278810000,0,0,0,0,0,0,0,0,0,0,176400000,0,2854740000,0,0,0,0,0,0,0,0,0,0,0,0,0,0,0,0,132300000,0,0,0,0,0,0,0,0,233730000,0,0
"IRN",0,0,0,0,0,0,0,0,0,0,0,0,0,0,0,0,0,0,0,0,0,0,0,0,0,0,0,0,0,0,0,0,0,0,0,0,0,0,0,0,0,0,0,0,0,0,0,0,0,0,0,0,0,0,0,0,0,0,0,0,0,0,0,0,0,0,0,0,0,0,0,0,0,0,0,0,0,0,0,0,0,0,0,0,0,0,0,0,0,0,0,0,0,0,0,0,0,0,0,0,0,0,0,0,0,0,0,0,0,0,0,0,0,0,0,0,0,0,0,0,0,0,0,0,0,0,0,0,0,0,0,0,0,0,0,0,0,0,0,0,0,0,0,0,0,0,0,0,0,0,0,0,0,0,0,0,0,0,0,0,0,0,0,0,0,0,0,0,0,0,0,0,0,0,0,0,0,0,0,0,0,0,0,0,0,0,0,0,0,0,0,0,0,0,0
"IRQ",0,0,0,0,0,0,0,0,0,0,0,0,0,0,0,0,0,0,0,0,0,0,0,0,0,0,0,0,0,0,0,0,0,0,0,0,0,0,0,0,0,0,0,0,0,0,0,0,0,0,0,0,0,0,0,0,0,0,0,0,0,0,0,0,0,0,0,0,0,0,0,0,0,0,0,0,0,0,0,0,0,0,0,0,0,0,0,0,0,0,0,0,0,0,0,0,0,0,0,0,0,0,0,0,0,0,0,0,0,0,0,0,0,0,0,0,0,0,0,0,0,0,0,0,0,0,0,0,0,0,0,0,0,0,0,0,0,0,0,0,0,0,0,0,0,0,0,0,0,0,0,0,0,0,0,0,0,0,0,0,0,0,0,0,0,0,0,0,0,0,0,0,0,0,0,0,0,0,0,0,0,0,0,0,0,0,0,0,0,0,0,0,0,0,0
"IRL",0,0,0,0,0,0,2940000,2113370000,0,60270000,0,0,0,0,0,0,344960000,0,0,0,0,18130000,0,0,490000,8469650000,0,0,0,0,0,530670000,0,0,0,0,0,0,340790000,0,0,596820000,0,0,168070000,0,0,0,0,31360000,0,0,425320000,7245410000,0,0,36750000,0,0,16196790000,0,0,0,271950000,0,0,0,0,0,0,0,454720000,20580000,44100000,7350000,0,21560000,0,0,0,843030000,6958800000,0,0,0,1810550000,0,0,1803200000,0,0,1370530000,0,19001340000,0,490000,0,0,0,200600000,490000,0,0,490000,0,0,189140000,0,0,0,0,0,0,0,0,0,2315250000,0,0,0,0,490000,0,0,490000,540960000,0,0,118950000,0,0,0,0,306250000,391020000,0,0,0,107310000,0,208250000,0,44528170000,0,0,0,0,0,0,0,0,45080000,17150000,521360000,0,400820000,2758210000,0,0,0,10305260000,1064280000,0,0,24500000,0,360640000,0,0,0,11270000,0,214130000,677170000,0,0,723174070000,3.43e+08,55879160000,0,0,0,0,0,0,0,0,0,34569240000,0,9310000,0,0,0,0
"ISR",0,0,0,0,0,0,3920000,0,0,0,0,0,0,0,0,0,0,0,0,0,0,0,0,0,0,49490000,0,0,0,0,0,3430000,0,0,0,0,0,0,0,0,0,0,0,0,0,0,0,0,0,0,0,0,0,57820000,0,0,0,0,0,7840000,0,0,0,0,0,0,0,0,0,0,0,2450000,5390000,0,0,0,0,0,0,0,0,8330000,0,0,0,12740000,21689560000,0,0,0,0,106240000,0,0,0,0,0,0,0,0,0,0,0,0,0,0,0,0,0,0,0,0,0,0,0,0,0,0,0,0,0,0,0,0,0,0,0,0,490000,0,0,0,0,0,0,0,0,0,0,0,1470000,0,11760000,0,0,0,0,0,0,0,0,2450000,0,0,0,0,0,0,0,0,0,0,0,0,0,0,490000,0,0,0,0,0,0,0,0,0,12740000,0,103060000,0,0,0,0,0,0,0,0,0,490000,0,0,0,0,0,0
"ITA",26950000,0,12382490000,1991920000,0,32830000,2322820000,7362580000,0,118090000,0,0,0,0,0,0,170230000,0,0,0,0,191240000,0,0,12250000,2441270000,17640000,0,814990000,0,23520000,1247370000,413070000,0,0,0,33810000,490000,533790000,0,0,7190350000,0,1960000,0,0,16170000,0,3920000,25970000,0,490000,10780000,31108240000,0,0,623400000,9960000,0,11186170000,6640000,1749290000,0,2638310000,0,0,5390000,0,0,0,0,287390000,1913360000,390050000,70070000,185270000,183500000,490000,0,172970000,780270000,0,9310000,15190000,0,2657970000,915590000,0,97510000,0,0,106350000,215120000,6860000,0,5390000,0,0,183840000,0,0,0,0,4680230000,0,0,793490000,0,20580000,7840000,0,20760000,0,15690000,0,0,19612170000,0,490000,25480000,0,25260000,0,45570000,42630000,955800000,93470000,7840000,4404380000,0,167580000,356720000,551160000,5293960000,8103770000,26950000,0,1960000,63700000,0,8513320000,0,702060000,0,0,0,0,0,46550000,9310000,12250000,2817140000,27760000,2014390000,0,18135390000,4651150000,0,0,0,2732820000,5245330000,83690000,0,1404990000,16170000,47750000,18620000,0,0,3920000,590870000,2107130000,2176580000,0,0,98710040000,51450000,20335040000,0,4900000,0,11010000,1081590000,980000,0,312800000,0,4447210000,60690000,82810000,12250000,0,0,0
"CIV",0,0,0,0,0,0,0,0,0,0,0,0,0,0,0,0,0,0,0,0,0,0,0,0,0,0,0,0,0,0,0,0,0,0,0,0,0,0,0,0,0,0,0,0,0,0,0,0,0,0,0,0,0,343980000,0,0,0,0,0,0,0,490000,0,0,0,0,0,0,0,0,0,0,0,0,0,0,0,0,0,0,0,0,0,0,0,0,0,0,0,0,0,0,0,0,0,0,0,0,0,0,0,0,0,0,0,0,0,0,0,0,0,0,0,0,0,0,0,0,0,0,0,0,0,0,0,0,0,0,0,0,0,0,0,0,0,0,0,0,0,0,0,0,0,0,0,0,0,0,0,0,0,0,0,0,0,0,0,0,0,0,0,0,0,0,0,0,0,0,0,0,0,0,0,0,0,0,34300000,0,37730000,24500000,0,0,0,0,0,0,0,0,3430000,0,0,0,0,0,0
"KAZ",0,11829160000,0,0,0,0,0,0,0,0,0,0,0,0,0,0,0,0,0,0,0,0,0,0,0,0,0,0,0,0,0,0,0,0,0,0,0,0,0,103491040000,0,0,0,0,0,0,0,0,0,0,0,0,0,0,0,0,6.474e+09,0,0,0,0,0,0,0,0,0,0,0,0,0,0,0,0,0,0,0,0,1324148800000,0,0,9787360000,0,0,0,0,0,46592880000,65982590000,0,0,0,0,0,0,0,0,0,0,0,0,0,0,0,0,0,0,0,0,0,0,0,0,0,0,0,0,0,0,0,0,0,0,0,0,0,0,0,0,0,0,0,0,0,0,0,0,0,0,0,0,0,0,120585440000,0,0,0,0,0,0,0,0,0,0,0,0,0,0,0,54703510000,0,0,0,0,0,0,0,0,0,0,0,0,0,0,5.976e+09,0,0,0,0,0,0,0,224786410000,0,0,0,0,0,0,0,0,0,0,0,0,0
"JAM",0,0,0,0,149940000,0,0,0,22050000,0,57330000,0,0,0,0,0,69580000,0,280280000,0,0,0,0,0,0,2409820000,0,0,0,0,0,0,0,0,0,0,0,0,0,0,0,21070000,0,33030000,0,0,0,0,0,0,0,0,10780000,41650000,0,0,0,0,0,0,0,0,0,0,0,0,20580000,0,579860000,0,0,0,0,0,0,0,0,0,0,1072610000,0,9310000,0,0,0,58310000,0,0,0,0,0,0,0,0,0,0,0,0,0,0,0,0,0,0,0,0,0,0,0,0,0,0,0,0,0,0,15680000,0,0,0,0,0,0,0,0,63700000,0,182770000,0,0,0,0,0,0,0,0,0,0,0,0,0,0,0,72030000,84280000,0,0,0,0,0,0,0,0,0,0,0,0,259180000,0,0,85260000,0,0,0,0,0,0,0,0,57260000,0,0,0,0,0,0,1851710000,0,10184160000,0,0,0,0,0,0,0,0,0,0,0,0,0,0,0,0
"JPN",0,0,0,0,0,18620000,1343580000,0,0,0,0,0,0,0,0,0,3920000,0,0,0,0,0,0,0,0,446390000,0,0,0,0,0,63700000,0,0,0,0,0,0,0,0,0,490000,0,0,0,0,0,0,0,1470000,0,0,0,23030000,0,0,0,0,0,3920000,0,0,0,0,0,0,0,0,0,0,0,1466080000,0,0,0,0,0,0,0,11270000,0,64680000,0,0,0,0,0,0,0,490000,0,22916810000,0,0,0,490000,0,0,0,0,0,0,0,6370000,0,0,0,0,0,6370000,2940000,0,0,0,0,0,0,0,0,0,0,537530000,0,0,0,5390000,0,7840000,4410000,0,0,0,7350000,0,980000,0,0,0,12250000,0,0,0,2437750000,0,0,0,0,0,0,0,0,0,0,2213820000,0,0,0,0,0,0,11760000,0,0,0,6771800000,0,5390000,0,0,0,0,0,0,0,0,0,72520000,0,2940980000,0,0,0,0,29890000,0,0,0,0,128800000,0,0,0,0,0,0
"JOR",0,0,0,0,0,0,0,0,0,0,0,0,0,0,0,0,0,0,0,0,0,0,0,0,0,0,0,0,0,0,0,0,0,0,0,0,0,0,0,0,0,0,0,0,0,0,0,0,0,0,0,0,0,0,0,0,0,0,0,0,0,0,0,0,0,0,0,0,0,0,0,0,0,0,0,0,0,0,1734110000,0,292040000,0,0,0,0,0,0,0,0,0,0,0,0,0,0,119070000,0,0,0,0,0,0,0,0,0,0,0,0,0,0,0,0,0,0,0,0,0,0,0,0,0,0,0,0,0,0,0,0,0,0,0,0,0,0,0,0,0,0,0,0,0,0,0,0,0,0,0,0,0,0,0,0,0,0,0,0,0,0,0,0,0,0,189630000,0,0,0,0,0,0,0,0,0,2761640000,3810000,0,0,0,0,0,0,0,0,0,0,0,0,0,0,0,0,0,0,35770000,0,587510000
"KGZ",0,14700000,0,0,0,0,0,0,0,0,0,0,0,0,0,0,0,0,0,0,0,0,0,0,0,0,0,0,0,0,0,0,0,0,0,0,0,0,0,0,0,0,0,0,0,0,0,0,0,0,0,0,0,0,0,0,0,0,0,0,0,0,0,0,0,0,0,0,0,0,0,0,0,0,0,0,0,0,0,0,0,0,0,7340000,0,0,0,0,0,0,0,0,0,0,0,0,0,0,0,0,0,0,0,0,0,0,0,0,0,0,0,0,0,0,0,0,0,0,0,0,0,0,0,0,0,0,0,0,0,0,0,0,0,0,0,0,0,0,0,0,0,0,0,0,0,0,0,0,0,0,0,0,0,0,0,0,0,0,0,0,0,0,0,0,0,0,0,0,0,0,0,0,0,0,0,0,0,0,0,0,0,0,0,0,0,0,0,0,0,0,0,0,0,0,0
"KEN",0,0,0,0,0,0,11270000,0,0,0,0,0,0,0,0,0,0,0,0,0,0,0,0,36260000,0,30870000,0,0,0,0,0,0,0,0,0,0,0,0,0,0,0,0,0,0,0,0,0,0,0,0,0,0,0,0,0,37730000,0,0,0,5390000,0,0,0,0,0,0,0,0,0,0,0,0,0,0,0,0,0,0,0,0,0,0,0,0,0,4900000,0,0,0,0,0,0,0,0,0,0,0,0,0,0,0,0,0,0,0,0,0,0,0,0,0,0,0,0,0,0,3320000,0,0,0,0,0,0,0,0,0,0,0,0,0,0,0,0,0,0,0,0,0,0,0,0,459130000,0,0,0,0,0,0,0,17640000,0,0,0,0,100940000,0,0,0,0,0,4410000,0,0,0,0,4163280000,0,0,0,0,0,0,0,12250000,39292830000,0,142100000,0,54880000,0,0,0,0,0,0,0,268520000,0,0,0,10788820000,0,0,0,0
"KHM",0,0,0,0,0,0,490000,0,0,0,0,0,0,0,0,0,0,0,0,0,0,0,0,0,0,0,0,0,0,0,0,980000,0,0,0,0,0,0,0,0,0,0,0,0,0,0,0,0,0,0,0,0,0,48510000,0,0,0,0,0,1470000,0,0,0,0,0,0,0,0,0,0,0,0,0,0,0,0,0,0,0,0,0,490000,0,0,0,8330000,0,0,0,0,0,0,0,0,0,0,0,0,0,0,0,0,0,165620000,0,0,0,0,0,0,0,0,0,0,0,0,0,0,0,0,0,0,0,0,0,0,0,0,0,0,0,0,0,0,0,0,0,0,0,0,0,0,0,0,0,0,0,0,0,0,0,0,0,0,0,0,0,0,0,0,0,0,0,0,0,0,150920000,0,0,0,0,0,0,0,0,0,10290000,0,1470000,0,0,0,0,0,0,0,0,0,0,0,0,0,0,0,0
"PRK",0,0,0,0,0,0,0,0,0,0,0,0,0,0,0,0,0,0,0,0,0,0,0,0,0,0,0,0,0,0,0,0,0,0,0,0,0,0,0,0,0,0,0,0,0,0,0,0,0,0,0,0,0,0,0,0,0,0,0,0,0,0,0,0,0,0,0,0,0,0,0,0,0,0,0,0,0,0,0,0,0,0,0,0,0,0,0,0,0,0,0,0,0,0,0,0,0,0,0,0,0,0,0,0,0,0,0,0,0,0,0,0,0,0,0,0,0,0,0,0,0,0,0,0,0,0,0,0,0,0,0,0,0,0,0,0,0,0,0,0,0,0,0,0,0,0,0,0,0,0,0,0,0,0,0,0,0,0,0,0,0,0,0,0,0,0,0,0,0,0,0,0,0,0,0,0,0,0,0,0,0,0,0,0,0,0,0,0,0,0,0,0,0,0,0
"KOR",0,0,0,0,0,0,3557540000,7840000,0,0,0,0,0,0,2450000,0,0,0,0,0,0,0,9800000,0,0,77810000,980000,0,8330000,0,1960000,11592910000,0,0,0,0,0,0,0,0,0,0,0,3920000,0,0,0,0,0,0,0,0,1960000,102900000,0,0,980000,0,0,11270000,0,1960000,0,0,0,0,6370000,1960000,0,0,0,53046420000,0,0,0,0,980000,0,3669120000,2450000,0,0,490000,0,0,6956910000,8820000,0,8330000,28910000,0,0,0,0,0,0,0,0,0,0,490000,0,0,166110000,0,0,0,0,2450000,4900000,8954750000,0,490000,0,0,0,54880000,0,0,0,0,311640000,0,0,0,0,0,5880000,0,0,39200000,2940000,29400000,0,0,0,0,0,0,0,0,0,939820000,0,0,0,0,0,980000,0,0,0,9310000,10900540000,0,980000,8330000,0,0,0,3920000,10290000,0,0,2961070000,0,0,0,0,0,3920000,0,12740000,170030000,0,0,118580000,0,4145590000,0,12250000,0,0,7350000,0,0,0,0,0,0,0,0,0,0,0
"KWT",0,0,0,0,0,0,0,0,0,0,0,0,0,0,0,0,0,0,0,0,0,0,0,0,0,0,0,0,0,0,0,0,0,0,0,0,0,0,0,0,0,0,0,0,0,0,0,0,0,0,0,0,0,0,0,0,0,0,0,0,0,0,0,0,0,0,0,0,0,0,0,0,0,0,0,0,0,0,0,0,0,0,0,0,0,0,0,0,0,0,0,0,0,0,0,0,0,0,0,0,0,0,0,0,0,0,0,0,0,0,0,0,0,0,0,0,0,0,0,0,0,0,0,0,0,0,0,0,0,0,0,0,0,0,0,0,0,0,0,0,0,0,0,0,0,0,0,8.3e+07,0,0,0,0,0,0,0,0,0,0,0,0,0,0,0,0,0,0,0,0,0,0,0,0,0,0,0,0,0,0,0,0,0,0,0,0,0,0,0,0,0,0,0,0,0,0,0
"LVA",0,0,0,180428720000,1470000,0,86240000,156040000,1470000,0,0,0,0,0,0,0,0,0,0,0,0,0,0,0,0,15740000,0,0,0,0,0,357700000,0,0,0,0,0,0,116130000,0,0,25699760000,0,0,1.1934e+10,0,0,0,0,86454080000,0,0,38220000,109270000,0,0,3430000,0,0,96112610000,0,0,0,111660000,0,0,0,0,0,0,0,490000,0,490000,980000,64680000,0,0,0,1139530000,144550000,62720000,0,21070000,0,0,0,541630000,0,0,0,0,0,0,0,0,0,1960000,0,152846200000,0,0,0,82810000,0,0,15680000,0,0,0,0,0,0,0,0,0,4091990000,0,0,0,0,50960000,0,0,0,10476620000,0,1960000,11270000,0,0,0,0,490000,0,0,0,0,0,0,0,0,3489790000,0,0,490000,0,292883760000,0,0,0,0,0,85750000,0,0,104490000,0,0,0,12740000,0,0,0,52920000,0,0,0,0,0,0,0,0,0,25480000,0,525660000,367500000,175610000,0,0,0,0,441980000,0,0,0,0,0,0,0,0,12740000,0,0
"LAO",0,0,0,0,0,0,0,0,0,0,0,0,0,0,0,0,0,0,0,0,0,0,0,0,0,0,0,0,0,0,0,0,0,0,0,0,0,0,0,0,0,0,0,0,0,0,0,0,0,0,0,0,0,0,0,0,0,0,0,0,0,0,0,0,0,0,0,0,0,0,0,0,0,0,0,0,0,0,0,0,0,0,0,0,0,0,0,0,0,0,0,0,0,0,0,0,0,0,0,0,0,0,0,0,0,0,0,0,0,0,0,0,0,0,0,0,0,0,0,0,0,0,0,0,0,0,0,0,0,0,0,0,0,0,0,0,0,0,0,0,0,0,0,0,0,0,0,0,0,0,0,0,0,0,0,0,0,0,0,0,0,0,0,0,0,0,0,0,0,0,0,0,0,0,0,0,0,0,0,0,0,0,0,0,0,0,0,0,0,0,0,0,0,0,0
"LBN",0,0,0,0,0,0,63700000,0,0,0,0,0,0,0,0,490000,3920000,0,0,0,0,0,0,0,0,73010000,0,122010000,0,0,0,0,0,0,1960000,0,0,0,0,0,7350000,5880000,0,490000,0,0,12072340000,0,0,0,0,0,0,154350000,0,0,0,0,0,6860000,0,1960000,0,0,0,0,0,2940000,0,0,0,4900000,0,0,0,0,0,0,189140000,0,0,5390000,0,0,0,7840000,513680000,0,0,0,0,0,0,0,0,0,0,11270000,980000,0,0,0,0,3430000,0,0,0,0,0,0,0,24990000,0,0,0,0,0,0,0,0,0,0,0,980000,110250000,0,0,0,0,0,980000,0,0,0,0,0,0,0,43120000,0,5880000,0,0,0,0,0,0,0,70070000,0,1960000,0,0,0,0,0,4410000,0,0,0,17640000,980000,1.9284e+10,0,0,0,0,490000,0,0,0,0,250880000,143730000,0,0,113460000,490000,326340000,0,490000,0,5880000,0,0,0,0,490000,5390000,0,0,0,0,0,0
"LSO",0,0,0,0,0,0,0,0,0,0,0,0,0,0,0,0,0,0,0,0,0,0,0,0,0,0,0,0,0,0,0,0,0,0,0,0,0,0,0,0,0,0,0,0,0,0,0,0,0,0,0,0,0,0,0,0,0,0,0,0,0,0,0,0,0,0,0,0,0,0,0,0,0,0,0,0,0,0,0,0,0,0,0,0,0,0,0,0,0,0,0,0,0,0,0,0,0,0,0,0,0,0,0,0,0,0,0,0,0,0,0,0,0,0,0,0,0,0,0,0,0,0,0,0,0,0,0,0,0,0,0,0,0,0,0,0,0,0,0,0,0,0,0,0,0,0,0,0,0,0,0,0,0,0,0,0,0,0,0,0,0,0,0,0,0,0,0,0,0,0,0,0,0,0,0,0,0,0,0,0,0,0,0,0,0,0,0,0,0,0,0,0,0,0,0
"LBR",0,0,0,0,0,0,0,0,0,0,0,0,0,0,0,0,0,0,0,0,0,0,0,0,0,0,0,0,0,0,0,0,0,0,0,0,0,0,0,0,0,0,0,0,0,0,0,0,0,0,0,0,0,0,0,0,0,0,0,0,0,0,0,0,0,0,0,0,0,0,0,0,0,0,0,0,0,0,0,0,0,0,0,0,0,0,0,0,0,0,0,0,0,0,0,0,0,0,0,0,0,0,0,0,0,0,0,0,0,0,0,0,0,0,0,0,0,0,0,0,0,0,0,0,0,0,0,0,0,0,0,0,0,0,0,0,0,0,0,0,0,0,0,0,0,0,0,0,0,0,0,0,0,0,0,0,0,0,0,0,0,0,0,0,0,0,0,0,0,0,0,0,0,0,0,0,0,0,0,0,0,0,0,0,0,0,0,0,0,0,0,0,0,0,0
"LBY",0,0,0,0,0,0,0,0,0,0,0,0,0,0,0,0,0,0,0,0,0,0,0,0,0,0,0,0,0,0,0,0,0,0,0,0,0,0,0,0,0,0,0,0,0,0,0,0,0,0,0,0,0,0,0,0,0,0,0,0,0,0,0,0,0,0,0,0,0,0,0,0,0,0,0,0,0,0,0,0,0,0,0,0,0,0,0,0,0,0,0,0,0,0,0,0,0,0,0,0,0,0,0,0,0,0,0,0,0,0,0,0,0,0,0,0,0,0,0,0,0,0,0,0,0,0,0,0,0,0,0,0,0,0,0,0,0,0,0,0,0,0,0,0,0,0,0,0,0,0,0,0,0,0,0,0,0,0,0,0,0,0,0,0,0,0,0,0,0,0,0,0,0,0,0,0,0,0,0,0,0,0,0,0,0,0,0,0,0,0,0,0,0,0,0
"LTU",0,0,0,0,0,0,4900000,501320000,0,0,0,0,0,0,0,0,16660000,0,0,0,0,3480000,3179520000,0,0,120540000,0,0,0,0,0,17640000,0,0,0,0,0,0,16170000,3670000,0,83773280000,0,0,32014030000,0,0,0,0,109456650000,0,0,14189480000,508620000,0,0,588800000,0,0,33014780000,0,73990000,0,24340000,0,0,0,0,0,0,0,23030000,1470000,0,980000,33320000,9310000,0,0,27822090000,185880000,490000,0,247050000,0,0,174290040000,1960000,2555350000,0,0,6370000,0,473695860000,0,0,0,0,0,0,0,0,0,0,0,0,980000,0,0,0,0,0,0,3430000,0,0,38545640000,0,0,0,0,0,0,0,2450000,69140000,0,0,0,0,0,0,0,112062890000,0,0,0,0,0,0,132800000,0,42394320000,0,0,0,0,4.81151e+11,0,0,0,6860000,0,10780000,0,0,34790000,0,0,0,3340350000,10780000,0,12633440000,0,36750000,0,14210000,0,0,0,0,0,98630000,0,0,1138930000,277080000,257860000,0,0,412140000,0,0,0,0,64190000,0,550760000,0,0,0,0,0,0
"MAC",0,0,0,0,0,0,0,0,0,0,0,0,0,0,0,0,0,0,0,0,0,0,0,0,0,0,0,0,0,0,0,57330000,0,0,0,0,0,0,0,0,0,0,0,0,0,0,0,0,0,0,0,0,0,0,0,0,0,0,0,0,0,0,0,0,0,0,0,0,0,0,0,71540000,0,0,0,0,0,0,0,0,0,0,0,0,0,0,0,0,0,0,0,0,0,0,0,0,0,0,0,0,0,0,0,0,0,0,0,0,0,0,0,0,0,0,0,0,0,0,0,0,0,0,0,0,0,0,0,0,0,0,0,0,0,0,0,0,0,0,0,0,0,0,0,0,0,0,0,0,0,0,0,0,0,0,0,0,0,0,0,0,0,0,0,0,980000,0,0,0,0,0,0,0,0,0,0,0,0,0,0,0,0,0,0,0,0,0,0,0,0,0,0,0,0,0,0
"MDG",0,0,0,0,0,0,0,0,0,0,0,0,0,0,0,0,0,0,0,0,0,0,0,0,0,0,0,0,0,0,0,0,0,27440000,0,0,0,0,0,0,0,0,0,0,0,0,0,0,0,0,0,0,0,159040000,0,0,0,0,0,0,0,0,0,0,0,0,0,0,0,0,0,0,0,0,0,0,0,0,0,0,0,0,0,0,0,0,0,0,0,0,0,0,0,0,0,0,0,0,0,0,0,0,0,0,0,0,0,0,0,0,0,0,0,0,0,0,0,0,0,0,0,0,0,0,0,0,0,0,0,0,0,0,0,0,0,0,0,0,0,0,0,0,0,0,0,0,0,0,0,0,0,0,0,0,0,0,0,0,0,0,0,8820000,0,0,0,0,0,0,0,0,0,0,0,0,0,0,0,0,0,0,0,0,0,0,0,0,0,0,0,0,0,0,0,0,0
"MWI",0,0,0,0,0,0,0,0,0,0,0,0,0,0,0,0,0,0,0,0,0,0,0,0,0,0,0,0,0,0,0,0,0,0,0,0,0,0,0,0,0,0,0,0,0,0,0,0,0,0,0,0,0,0,0,0,0,0,0,0,0,0,0,0,0,0,0,0,0,0,0,0,0,0,0,0,0,0,0,0,0,0,0,0,0,0,0,0,0,0,0,0,0,0,0,0,0,0,0,0,0,0,0,0,0,0,0,0,0,0,0,0,1217390000,0,0,0,0,0,0,0,0,0,0,0,0,0,0,0,0,0,0,0,0,0,0,0,0,0,0,121110000,0,0,0,0,0,0,0,0,0,0,0,0,0,0,0,0,0,0,0,0,0,0,0,0,0,0,0,0,0,0,0,0,0,0,0,0,0,0,0,0,0,0,0,0,0,0,0,30360000,0,0,0,0,0,0,0
"MYS",0,0,0,0,0,0,5217520000,0,0,0,0,0,0,0,0,0,0,0,0,0,209230000,0,36260000,0,0,0,0,0,54390000,0,0,924150000,0,0,0,0,0,0,0,0,0,0,0,0,0,0,0,0,0,0,0,0,0,7350000,0,67130000,0,0,0,0,0,0,0,0,0,0,0,0,0,0,0,3020650000,0,0,0,1290170000,9862380000,0,0,0,0,0,0,0,0,175420000,0,0,0,1013320000,0,21560000,0,0,0,0,0,490000,0,0,0,0,0,0,147490000,0,0,0,0,0,0,0,0,0,0,3430000,33320000,0,0,0,0,30870000,0,0,0,0,0,0,0,801640000,0,0,89670000,0,0,0,8820000,0,0,0,0,0,0,0,0,0,0,0,0,0,126910000,0,0,54947890000,0,490000,0,0,0,0,0,0,0,0,1257260000,4410000,10286340000,0,0,0,0,0,0,0,0,0,0,16660000,3680000,0,0,0,0,2711420000,0,0,0,0,43120000,0,0,0,0,0,0
"MDV",0,0,0,0,0,0,0,0,0,0,0,0,0,0,0,0,0,0,0,0,0,0,0,0,0,0,0,0,0,0,0,0,0,0,0,0,0,0,0,0,0,0,0,0,0,0,0,0,0,0,0,0,0,0,0,0,0,0,0,0,0,0,0,0,0,0,0,0,0,0,0,0,0,0,0,0,0,0,0,0,0,0,0,0,0,0,0,0,0,0,0,0,0,0,0,0,0,0,0,0,0,0,0,0,0,0,0,0,0,0,0,0,0,0,0,0,0,0,0,0,0,0,0,0,0,0,0,0,0,0,0,0,0,0,0,0,0,0,0,0,0,0,0,0,0,0,0,0,0,0,0,0,0,0,0,0,0,0,0,0,0,0,0,0,0,0,0,0,0,0,0,0,0,0,0,0,0,0,0,0,0,0,0,0,0,0,0,0,0,0,0,0,0,0,0
"MLI",0,0,0,0,0,0,0,0,0,0,0,0,0,0,0,0,0,0,0,0,0,0,0,0,0,0,0,0,0,0,0,0,0,0,0,0,0,0,0,0,0,0,0,0,0,0,0,0,0,0,0,0,0,0,0,0,0,0,0,0,0,0,0,0,0,0,0,462420000,0,0,0,0,0,0,0,0,0,0,0,0,0,0,0,0,0,0,0,0,0,0,0,0,0,0,0,0,0,0,0,0,0,0,0,0,0,0,0,0,0,0,0,0,0,0,0,0,0,0,0,0,0,0,0,0,0,0,0,0,0,0,0,0,0,0,0,0,0,0,0,0,0,0,0,0,0,0,0,0,0,0,0,0,0,0,0,0,0,0,0,0,0,0,0,0,0,0,0,0,0,0,0,0,0,0,0,0,0,0,0,22020000,0,0,0,0,0,0,0,0,0,0,0,0,0,0,0
"MLT",0,0,0,0,0,0,75950000,0,0,0,0,0,0,0,0,0,0,0,0,0,0,0,0,0,0,0,0,0,0,0,0,4410000,0,0,0,0,0,0,24500000,0,0,0,0,0,0,0,0,0,0,0,0,0,0,0,0,0,0,0,0,0,0,0,0,11270000,0,0,0,0,0,0,0,20090000,0,0,0,0,0,0,0,5880000,0,396900000,0,0,0,980000,0,0,0,0,0,0,0,0,0,0,0,0,16170000,0,0,0,0,10780000,0,0,0,0,0,0,0,0,0,0,0,0,0,0,0,0,0,4410000,0,0,0,0,0,0,0,0,0,0,0,0,0,0,0,0,0,0,0,0,0,0,0,0,0,0,0,0,0,0,0,146510000,0,0,0,0,0,0,0,0,0,0,0,0,0,0,0,0,0,8330000,0,0,0,0,35280000,0,0,0,0,0,0,0,0,0,0,0,0,0,0,0,0,0,0
"MRT",0,0,0,0,0,0,0,0,0,0,0,0,0,0,0,0,0,0,0,0,0,0,0,0,0,0,0,0,0,0,0,0,0,0,0,0,0,0,0,0,0,0,0,0,0,0,0,0,0,0,0,0,0,0,0,0,0,0,0,0,0,0,0,0,0,0,0,0,0,0,0,0,0,0,0,0,0,0,0,0,0,0,0,0,0,0,0,0,0,0,0,0,0,0,0,0,0,0,0,0,0,0,0,0,0,0,0,0,0,0,0,0,0,0,0,0,0,0,0,0,0,0,0,0,0,0,0,0,0,0,0,0,0,0,0,0,0,0,0,0,0,0,0,0,0,0,0,0,0,0,0,0,0,0,0,0,0,0,0,0,0,0,0,0,0,0,0,0,0,0,0,0,0,0,0,0,0,0,0,0,0,0,0,0,0,0,0,0,0,0,0,0,0,0,0
"MUS",0,0,0,0,0,0,399350000,0,0,0,0,0,0,0,0,0,0,0,0,0,0,0,0,0,0,0,0,0,0,0,0,9310000,0,0,0,0,0,0,0,0,0,0,0,0,0,0,0,0,0,0,0,0,0,1817900000,0,0,0,0,0,0,0,0,0,0,0,0,0,0,0,0,0,0,0,0,0,0,0,0,0,0,0,0,0,0,0,0,0,0,121030000,0,0,0,0,0,0,0,0,0,0,0,0,31360000,0,0,0,0,0,0,0,0,0,0,0,0,9310000,0,2940000,0,0,0,0,0,0,0,0,0,0,0,0,0,0,0,0,0,0,0,0,0,0,18620000,0,0,0,0,0,0,0,0,0,88690000,0,0,0,0,0,159740000,0,0,0,0,0,3430000,0,0,0,167580000,0,0,0,0,0,0,0,980000,0,0,45080000,0,1960000,0,0,0,0,0,0,0,0,81830000,0,0,0,0,0,0,0
"MEX",40670000,34790000,688450000,0,45080000,7822360000,78653330000,3233510000,303800000,332220000,41160000,0,0,0,357210000,0,2049180000,0,1265670000,0,0,185220000,0,0,13230000,76699470000,0,0,185220000,0,47673080000,6829620000,4765250000,0,8820000,0,3038490000,2735180000,469420000,83790000,0,939330000,0,1922760000,27930000,2586710000,0,1820840000,4410000,1196580000,0,245490000,2369640000,5918220000,0,4.9e+07,139650000,0,0,5708500000,320950000,27930000,0,3053190000,0,0,9456530000,0,223930000,0,4709880000,1633170000,449820000,361620000,48510000,1620920000,0,0,5880000,3601990000,908950000,17921260000,14210000,238140000,11760000,6407730000,179340000,42140000,63210000,0,0,3244780000,0,525770000,0,2039870000,0,17150000,0,13720000,0,0,0,329770000,95060000,0,0,0,0,0,0,318010000,0,0,0,0,4737010000,0,0,0,0,9891140000,1005480000,0,35770000,3286920000,0,5553660000,98980000,0,1834560000,1296050000,196980000,913850000,604170000,0,0,0,526260000,0,843290000,0,1172080000,63210000,8820000,4410000,0,0,22540000,0,0,144550000,0,2113370000,0,532630000,15219890000,0,0,0,3235470000,3372670000,322910000,0,733530000,0,487060000,0,0,101920000,175420000,0,672770000,3508890000,0,0,85421210000,1404340000,1852711090000,0,1890420000,0,0,610050000,0,0,0,0,1777720000,0,42140000,0,0,0,0
"MNG",0,0,0,0,0,0,0,0,0,0,0,0,0,0,0,0,0,0,0,0,0,0,0,0,0,0,0,0,0,0,0,0,0,0,0,0,0,0,0,0,0,0,0,0,0,0,0,0,0,0,0,0,0,0,0,0,0,0,0,0,0,0,0,0,0,0,0,0,0,0,0,0,0,0,0,0,0,0,0,0,0,0,0,0,0,0,0,0,0,0,0,0,0,0,0,0,0,0,0,0,0,0,0,0,0,0,0,0,0,0,0,0,0,0,0,0,0,0,0,0,0,0,0,0,0,0,0,0,0,0,0,0,0,0,0,0,0,0,0,0,0,0,0,0,0,0,0,0,0,0,0,0,0,0,0,0,0,0,0,0,0,0,0,0,0,0,0,0,0,0,0,0,0,0,0,0,0,0,0,0,0,0,0,0,0,0,0,0,0,0,0,0,0,0,0
"MAR",0,0,0,907970000,0,0,0,0,0,0,0,0,0,0,0,0,0,0,0,0,0,0,0,0,0,0,0,0,0,0,0,5880000,0,0,0,0,0,0,0,0,0,0,0,0,0,0,0,0,16600000,0,0,0,0,61250000,0,0,0,0,0,0,0,0,0,0,0,0,0,0,0,0,0,0,0,0,0,0,0,0,0,0,0,3430000,0,0,0,10290000,0,0,0,0,0,0,0,0,0,0,0,0,0,0,0,0,0,0,0,0,0,0,73990000,0,0,0,0,0,0,0,0,0,0,0,0,0,0,0,0,0,0,0,0,0,0,0,0,0,0,0,0,0,0,0,0,0,0,0,0,0,0,0,0,0,0,0,0,0,0,0,19600000,0,0,0,0,0,0,0,0,0,0,0,0,0,0,0,0,0,0,0,39200000,0,28910000,0,0,0,0,0,0,0,0,0,323890000,0,0,0,0,0,0
"MOZ",0,0,0,0,0,0,0,0,0,0,0,0,0,0,0,0,0,0,0,0,0,0,0,0,0,0,0,0,0,0,0,0,0,0,0,0,0,0,0,0,0,0,0,0,0,0,0,0,0,0,0,0,0,0,0,0,0,0,0,0,0,0,0,0,0,0,0,0,0,0,0,0,0,0,0,0,0,0,0,0,0,0,0,0,0,0,0,0,0,0,0,0,0,0,0,0,0,0,0,0,0,0,0,0,0,0,0,0,0,0,0,0,0,0,0,0,0,0,0,0,0,0,0,0,0,0,0,0,0,0,0,0,0,0,0,0,0,0,0,0,0,0,0,0,0,0,0,0,0,0,0,0,0,0,0,0,0,0,0,0,0,0,0,0,0,0,0,0,0,0,0,0,0,0,0,0,0,0,0,0,0,0,0,0,0,0,0,0,0,0,0,0,0,0,0
"MDA",0,0,0,0,0,0,0,0,0,0,0,0,0,0,0,0,0,0,0,0,0,0,0,0,0,0,0,0,0,0,0,0,0,0,0,0,0,0,0,0,0,0,0,0,250390000,0,0,0,0,0,0,0,0,0,0,0,402960000,0,0,0,0,0,0,0,0,0,0,0,0,0,0,0,0,0,0,0,0,0,0,0,28976960000,5551040000,0,0,0,0,0,0,0,0,0,3492640000,0,39200000,0,0,0,0,25969040000,22540000,0,0,0,0,0,0,0,0,0,0,0,0,0,0,0,0,0,0,0,0,0,81263640000,0,0,0,0,0,11742840000,0,0,0,0,0,5880000,0,0,0,0,0,0,29932650000,0,109270000,0,0,0,0,0,0,0,0,0,0,0,0,0,0,0,0,0,0,145927280000,0,0,0,0,0,0,0,0,0,0,46133470000,0,0,0,76426400000,49023650000,21070000,0,0,0,0,0,0,0,0,0,0,0,0,0,0,0,0
"NAM",0,0,0,0,0,0,25480000,0,0,0,0,0,0,0,0,8426040000,0,0,0,0,0,0,0,0,982450000,21560000,0,0,0,0,0,36750000,0,0,0,0,0,0,0,0,0,0,0,0,0,0,0,0,0,0,0,0,0,0,0,0,0,0,0,144130000,0,26460000,0,0,0,0,0,0,0,0,0,0,0,0,0,0,0,0,0,0,0,0,0,0,0,0,0,0,123480000,0,0,0,0,0,0,0,310660000,0,0,0,0,0,306250000,0,0,0,0,0,5390000,0,0,0,5849620000,0,0,0,490000,0,0,0,0,17640000,0,0,0,0,0,0,0,0,0,0,0,0,0,0,0,0,0,2530510000,0,0,0,0,0,0,0,0,0,0,0,0,0,0,0,127111950000,490000,0,0,1277430000,0,0,0,0,0,867790000,0,0,0,0,0,0,0,0,91140000,0,341530000,0,0,0,0,0,0,0,0,0,980000,7702310000,0,0,0,0,0,0,0
"NPL",0,0,0,0,0,0,44310000,0,0,0,0,0,0,0,0,0,0,0,0,0,0,0,0,0,0,0,0,0,0,0,0,7340000,0,0,0,0,0,0,0,0,0,0,0,0,0,0,0,0,0,0,0,0,0,0,0,0,0,0,0,0,0,0,0,0,0,0,0,0,0,0,0,48700000,0,0,0,0,0,0,0,0,0,0,0,0,0,142290000,0,0,0,0,0,0,0,0,0,0,0,0,0,0,0,0,0,0,0,0,0,0,0,0,0,0,0,0,0,0,0,0,0,0,0,0,0,0,0,0,0,0,0,0,0,0,0,0,0,0,0,0,11010000,0,0,0,0,0,0,0,0,0,0,0,0,0,0,0,0,0,0,0,0,0,0,0,0,0,0,0,0,0,0,0,0,0,0,0,0,0,66060000,0,207500000,0,0,0,0,0,0,0,0,0,11510000,0,0,0,0,0,0
"NLD",266070000,112360000,132300000,1157380000,233240000,694330000,22306910000,4928570000,72030000,5800610000,1587210000,1053010000,0,0,76440000,0,10911610000,0,37730000,0,85810000,241290000,142590000,9310000,32539160000,63980520000,337610000,60270000,1.338e+09,110740000,948280000,24250230000,3565730000,253330000,12015290000,18620000,354760000,20569780000,3679470000,320950000,655620000,8543350000,62560000,3822330000,127890000,594860000,123970000,14793980000,7083440000,1511990000,0,117110000,6119650000,158123870000,5767540000,1348970000,708050000,9254140000,27440000,591426580000,1863820000,19472130000,9310000,71467490000,0,0,11058620000,874160000,0,733530000,1165710000,9519200000,2460700000,1161360000,1021660000,278870000,4051850000,4603680000,156800000,115522260000,32262370000,53753480000,2084950000,27050000,11760000,71187630000,532140000,174440000,23707540000,9187920000,48020000,14753420000,10290000,2068230000,7350000,3670590000,0,2503410000,120769790000,3759980000,12740000,1876700000,0,14060630000,29400000,3542700000,3886290000,0,95550000,1293600000,245080000,723730000,68110000,101200000,11135680000,0,0,0,23030000,82870000,99470000,2358860000,11041960000,983430000,725560000,3042380000,8330000,2147720000,1206290000,0,1591520000,1088410000,8986270000,8947070000,1375850000,56350000,0,6182400000,2108160000,490000,40961380000,1813490000,1698060000,265090000,64190000,375360000,51940000,550039400000,4302200000,2999400000,2719550000,1985510000,453240000,28653540000,0,10296510000,93504920000,5866860000,1563590000,159740000,4452700000,3070650000,365050000,47530000,81132660000,16424890000,12309170000,4.86e+08,0,92610000,5645290000,183260000,38729420000,25416220000,946680000,0,210516090000,1756160000,601785630000,1084370000,824180000,557130000,113835790000,15957620000,21626550000,22050000,3937840000,16660000,294278380000,3758300000,2020760000,2500960000,4481540000,1221080000,0
"ANT",0,0,0,0,0,0,0,0,0,0,0,0,0,0,0,0,0,0,0,0,0,0,0,0,0,0,0,0,0,0,0,0,0,0,0,0,0,0,0,0,0,0,0,0,0,0,0,0,0,0,0,0,0,0,0,0,0,0,0,0,0,0,0,0,0,0,0,0,0,0,0,0,0,0,0,0,0,0,0,0,0,0,0,0,0,0,0,0,0,0,0,0,0,0,0,0,0,0,0,0,0,0,0,0,0,0,0,0,0,0,0,0,0,0,0,0,0,0,0,0,0,0,0,0,0,0,0,0,0,0,0,0,0,0,0,0,0,0,0,0,0,0,0,0,0,0,0,0,0,0,0,0,0,0,0,0,0,0,0,0,0,0,0,0,0,0,0,0,0,0,0,0,0,0,0,0,0,0,0,0,0,0,0,0,0,0,0,0,0,0,0,0,0,0,0
"NCL",0,0,0,0,0,0,0,0,0,0,0,0,0,0,0,0,0,0,0,0,0,0,0,0,0,0,0,0,0,0,0,0,0,0,0,0,0,0,0,0,0,0,0,0,0,0,0,0,0,0,0,0,0,980000,0,0,0,0,0,0,0,0,0,0,0,0,0,0,0,0,0,0,0,0,0,0,0,0,0,0,0,0,0,0,0,0,0,0,0,0,0,0,0,0,0,0,0,0,0,0,0,0,0,0,0,0,0,0,0,0,0,0,0,0,0,0,0,0,0,0,10290000,0,0,0,0,0,0,0,0,0,0,0,0,0,0,0,0,0,0,0,0,0,0,0,0,0,0,0,0,0,0,0,0,0,0,0,0,0,0,0,0,0,0,0,0,0,0,0,0,0,0,0,0,0,0,0,0,0,0,0,0,0,0,0,0,0,0,0,0,0,0,0,0,0,0
"MKD",0,0,1312070000,0,0,0,38220000,0,0,0,0,0,0,0,0,0,0,0,0,0,0,0,0,0,0,1960000,0,0,0,0,0,0,0,0,0,0,0,0,0,0,0,0,0,0,0,0,0,0,0,0,0,0,0,0,0,0,0,0,0,7840000,0,0,0,1.0043e+10,0,0,0,0,0,0,0,0,490000,3920000,0,0,0,0,0,0,0,0,0,0,0,0,0,0,0,0,0,0,0,0,0,0,0,0,0,0,0,0,0,0,0,0,0,0,0,0,0,0,0,0,0,0,0,0,0,0,0,0,0,0,0,0,0,0,0,0,0,0,0,0,0,0,0,0,0,0,0,0,0,0,0,0,0,0,0,0,0,0,0,0,0,0,0,0,0,0,0,12250000,0,0,0,0,0,0,0,0,0,0,0,0,0,0,0,0,3920000,0,0,0,0,0,0,0,0,0,0,0,536060000,0,0,0,0
"VUT",0,0,0,0,0,0,0,0,0,0,0,0,0,0,0,0,0,0,0,0,0,0,0,0,0,0,0,0,0,0,0,0,0,0,0,0,0,0,0,0,0,0,0,0,0,0,0,0,0,0,0,0,0,0,0,0,0,0,0,0,0,0,0,0,0,0,0,0,0,0,0,0,0,0,0,0,0,0,0,0,0,0,0,0,0,0,0,0,0,0,0,0,0,0,0,0,0,0,0,0,0,0,0,0,0,0,0,0,0,0,0,0,0,0,0,0,0,0,0,0,0,0,0,0,0,0,0,0,0,0,0,0,0,0,0,0,0,0,0,0,0,0,0,0,0,0,0,0,0,0,0,0,0,0,0,0,0,0,0,0,0,0,0,0,0,0,0,0,0,0,0,0,0,0,0,0,0,0,0,0,0,0,0,0,0,0,0,0,0,0,0,0,0,0,0
"NZL",0,0,0,0,0,0,19887310000,0,0,10290000,0,0,0,0,0,0,6860000,0,0,8340000,7340000,0,0,0,0,286650000,0,0,3670000,0,0,459630000,0,0,0,1025800000,0,0,0,0,0,42130000,0,0,0,0,0,0,0,0,0,299290000,34180000,13280000,4791360000,0,0,0,0,272950000,0,0,1960000,0,0,0,0,0,0,0,0,192570000,0,0,0,727080000,490000,0,0,31850000,0,0,0,0,0,198610000,0,0,0,490000,0,228830000,0,0,0,0,0,0,0,0,0,0,0,80320000,0,0,0,0,0,0,0,0,0,0,0,0,25480000,0,3882150000,0,66970000,0,0,0,0,0,0,0,13280000,741860000,0,0,1484400000,0,0,0,2450000,0,0,0,0,0,0,0,0,0,0,0,0,0,0,0,0,96310000,0,0,0,0,0,0,206290000,0,0,0,34790000,0,11270000,0,152880000,0,0,0,0,137690000,0,0,325840000,0,1792800000,0,0,0,0,22481610000,0,0,0,0,1960000,0,0,0,0,0,0
"NIC",0,0,0,0,0,0,0,0,0,0,0,0,0,0,0,0,0,0,0,0,0,0,0,0,0,0,0,0,0,0,0,0,0,0,0,0,1901200000,0,0,0,0,0,0,0,0,0,0,0,0,0,0,0,0,0,0,0,0,0,0,490000,0,0,0,0,0,0,0,0,0,0,0,0,0,0,0,0,0,0,0,0,0,0,0,0,0,0,0,0,0,0,0,0,0,0,0,0,0,0,0,0,0,0,0,0,0,0,0,0,0,0,0,0,0,0,0,0,0,0,0,0,0,0,0,0,0,0,0,0,0,0,0,0,0,0,0,0,0,0,0,0,0,0,0,0,0,0,0,0,0,0,0,0,0,0,0,0,490000,0,0,0,0,0,0,0,0,0,0,0,0,0,0,0,0,0,0,0,0,0,387590000,0,0,0,0,0,0,0,0,0,0,0,0,0,0,0,0
"NER",0,0,0,0,0,0,0,0,0,0,0,0,0,0,0,0,0,0,0,0,0,0,0,0,0,0,0,0,0,0,0,1470000,0,0,0,0,0,0,0,0,0,0,0,0,0,0,0,0,0,0,0,0,0,0,0,0,0,0,0,0,0,0,0,0,0,0,0,0,0,0,0,0,0,0,0,0,0,0,0,0,0,0,0,0,0,0,0,0,0,0,0,0,0,0,0,0,0,0,0,0,0,0,0,341310000,0,0,0,0,0,0,0,0,0,0,0,0,0,0,0,0,0,0,0,0,0,0,0,0,0,0,0,0,0,0,0,0,0,0,0,0,0,0,0,0,0,0,0,0,0,0,0,0,0,0,0,0,0,0,0,0,0,0,0,0,0,0,0,0,0,0,0,0,0,0,0,0,0,0,0,0,0,0,0,0,0,0,0,0,0,0,0,0,0,0,0
"NGA",0,0,0,0,0,0,0,0,0,0,0,0,0,0,0,0,0,0,0,0,0,0,0,0,0,0,0,0,0,0,0,0,0,0,0,0,0,0,0,0,0,0,0,0,0,0,0,0,0,0,0,0,0,0,0,0,0,0,0,0,0,0,0,0,0,0,0,0,0,0,0,0,0,0,0,0,0,0,0,0,0,0,0,0,0,0,0,0,0,0,0,0,0,0,0,0,0,0,0,0,0,0,0,0,0,0,0,0,0,0,0,0,0,0,0,0,0,0,0,0,0,0,0,0,0,0,0,0,0,0,0,0,0,0,0,0,0,0,0,0,0,0,0,0,0,0,0,0,0,0,0,0,0,0,0,0,0,0,0,0,0,0,0,0,0,0,0,0,0,0,0,0,0,0,0,0,0,0,0,0,0,0,0,0,0,0,0,0,0,0,0,0,0,0,0
"NOR",0,0,0,0,0,0,17150000,980000,0,0,0,0,0,0,0,0,2450000,0,0,0,0,0,0,0,0,20090000,0,0,0,0,0,1470000,0,0,0,0,0,0,0,0,0,659130000,0,0,0,0,0,0,0,980000,0,0,236990000,15190000,0,0,0,0,0,43610000,0,0,0,0,0,0,0,0,0,0,0,4410000,0,490000,481760000,0,0,0,0,1960000,0,14210000,0,0,0,8330000,0,0,0,0,0,0,0,490000,0,0,0,0,0,0,0,0,0,0,0,0,0,0,0,0,0,0,0,0,0,0,2940000,0,0,0,0,1470000,0,0,0,0,0,0,980000,0,0,0,0,1470000,0,0,0,0,0,0,0,0,0,0,0,0,0,0,0,0,0,0,0,3430000,0,0,16660000,0,0,0,1115780000,2940000,0,0,3430000,0,0,0,0,0,0,0,0,0,0,0,27440000,0,148470000,0,0,0,0,0,0,0,0,0,3920000,0,0,0,0,0,0
"PAK",0,720440000,0,0,0,0,0,0,0,0,0,0,0,0,0,0,0,0,0,0,0,0,0,0,0,0,0,0,0,0,0,0,0,0,0,0,0,0,0,0,0,7360000,0,0,0,0,0,0,0,0,0,0,0,0,0,0,0,0,0,12250000,0,0,0,0,0,0,0,0,0,0,0,0,0,0,0,0,0,0,0,0,0,0,0,0,0,0,0,0,0,0,0,0,0,0,0,0,0,0,0,0,0,0,0,0,0,0,0,0,0,0,0,0,0,0,0,0,0,0,0,0,0,0,0,0,0,0,0,0,0,0,0,0,0,0,0,0,0,0,0,0,0,0,0,0,0,0,0,0,0,0,0,0,0,0,0,0,0,0,0,0,0,0,0,0,0,0,0,0,0,0,0,0,0,0,0,0,0,0,32040000,0,0,0,0,0,0,0,0,0,0,0,0,0,0,0,0
"PAN",0,0,0,0,0,0,0,0,0,0,0,0,0,0,0,0,0,0,0,0,0,0,0,0,0,0,0,0,0,0,0,0,1960000,0,0,0,5880000,0,0,0,0,0,0,0,0,0,0,0,0,0,0,0,0,0,0,0,0,0,0,0,0,0,0,0,0,0,0,0,0,0,0,0,0,0,0,0,0,0,0,0,0,0,0,0,0,0,0,0,0,0,0,0,0,0,0,0,0,0,0,0,0,0,0,0,0,0,0,0,0,0,0,0,0,0,0,0,0,0,0,0,0,0,0,0,0,0,0,0,0,0,0,0,0,0,0,0,0,0,0,0,0,0,0,0,0,0,0,0,0,0,0,0,0,0,0,0,0,0,0,0,0,0,0,0,0,0,0,0,0,0,0,0,0,0,0,0,0,0,0,0,0,0,0,0,0,0,0,0,0,0,0,0,0,0,0
"CZE",5920760000,490000,801390000,190610000,0,18130000,1132390000,264410360000,0,0,0,0,0,0,0,0,2493390000,0,0,0,0,3249980000,0,0,0,3930290000,0,0,0,0,16170000,1019690000,11760000,0,0,0,6370000,99779520000,5103010000,6525260000,0,4957030000,490000,22050000,3804150000,0,0,0,0,1131900000,0,0,4254670000,5348490000,0,0,3969170000,0,0,1292392440000,2029750000,0,0,1637540000,0,0,0,0,0,0,0,47530000,229335090000,1812920000,986190000,9800000,1470000,0,308210000,44864120000,1445010000,43779340000,0,2433130000,0,55752960000,2940000,281610000,0,0,40480000,1565550000,0,1340150000,0,0,0,0,0,10492850000,0,0,0,0,0,0,0,0,0,42140000,602870000,0,0,21364660000,55200000,0,1057910000,0,0,227630000,0,363910000,0,0,0,729610000,490000,1722720000,0,0,0,6370000,33120000,1106492550000,7620000,0,0,0,29400000,0,78918860000,0,115264050000,0,0,0,0,0,0,115640000,0,65054240000,378532660000,9800000,0,148470000,2959840000,0,2450000,0,25705400000,53162190000,3430000,11558850000,25480000,0,490000,10780000,0,0,0,0,78400000,183750000,0,0,175401120000,24036400000,11204970000,0,0,420990000,0,4861940000,0,0,0,0,261670000,42140000,1394950000,90650000,17150000,0,0
"PNG",0,0,0,0,0,0,0,0,0,0,0,0,0,0,0,0,0,0,0,0,0,0,0,0,0,0,0,0,0,0,0,0,0,0,0,0,0,0,0,0,0,0,0,0,0,0,0,0,0,0,0,0,0,0,0,0,0,0,0,0,0,0,0,0,0,0,0,0,0,0,0,0,0,0,0,0,0,0,0,0,0,0,0,0,0,0,0,0,0,0,0,0,0,0,0,0,0,0,0,0,0,0,0,0,0,0,0,0,0,0,0,0,0,0,0,0,0,0,0,0,0,0,0,0,0,0,0,0,0,0,0,0,0,0,0,0,0,0,0,0,0,0,0,0,0,0,0,0,0,0,0,0,0,0,0,0,0,0,0,0,0,0,0,0,0,0,0,0,0,0,0,0,0,0,0,0,0,0,0,0,0,0,0,0,0,0,0,0,0,0,0,0,0,0,0
"PRY",0,0,0,0,0,3430000,0,0,0,0,0,0,0,0,1239400000,0,13720000,0,0,0,0,0,0,0,0,0,0,0,0,0,0,0,0,0,0,0,0,0,0,0,0,0,0,0,0,51450000,0,0,0,0,0,0,0,0,0,0,0,0,0,0,0,0,0,0,0,0,0,0,0,0,0,0,0,0,0,0,0,0,0,0,0,0,0,0,0,0,0,0,0,0,0,0,0,0,0,0,0,0,0,0,0,0,0,0,0,0,0,0,0,0,0,0,0,0,0,0,0,0,0,0,0,0,0,0,0,0,0,0,0,0,0,0,0,0,0,0,0,0,0,0,0,0,0,0,0,0,0,0,0,0,0,0,0,0,0,0,0,0,0,0,0,0,0,0,0,0,0,0,0,0,0,0,0,0,0,0,0,0,0,0,89670000,0,0,0,0,0,0,0,0,0,0,0,0,0,0
"PER",0,0,0,0,0,20090000,22540000,0,0,0,0,0,0,0,9720130000,0,0,0,0,0,0,0,0,0,0,1470000,0,0,0,0,5357240000,0,0,0,0,0,8820000,0,0,0,0,0,0,59290000,0,0,0,0,0,0,0,0,0,2450000,0,0,0,0,0,1960000,0,0,0,0,0,0,24990000,0,0,0,16660000,1470000,0,0,0,0,0,0,0,0,0,3810000,0,0,0,75950000,0,0,0,0,0,36750000,0,0,0,0,0,0,0,0,0,0,0,0,0,0,0,0,0,0,0,0,0,0,0,0,0,0,0,0,0,0,0,0,0,0,0,17150000,0,0,0,0,0,0,0,0,0,0,0,0,0,0,0,0,0,0,0,0,0,0,0,0,0,0,0,0,273340000,0,0,0,0,9310000,0,0,0,0,0,0,0,0,0,0,0,0,0,0,892290000,0,1546900000,0,0,0,0,0,0,0,0,0,490000,0,0,0,0,0,0
"PHL",0,0,0,0,0,0,303670000,0,0,432460000,0,1277160000,0,0,0,0,0,0,0,0,132120000,0,3670000,0,0,796240000,0,0,0,0,0,11020000,0,0,0,0,3430000,0,22020000,0,0,0,0,0,0,0,0,0,0,0,0,14680000,0,0,0,0,0,0,0,0,0,0,0,980000,0,0,0,0,0,0,0,438520000,0,0,0,0,638680000,0,0,0,17380000,80740000,0,0,0,489260000,0,0,0,0,0,1163900000,333970000,0,0,0,0,0,0,0,55050000,0,0,58304320000,80360000,0,0,0,0,0,0,0,0,0,0,0,95420000,0,0,0,7340000,102760000,0,0,0,106430000,256900000,0,0,73890000,0,0,0,0,0,0,0,0,1515750000,0,0,0,0,0,0,0,0,1056960000,0,0,0,0,0,2584630000,0,0,135790000,0,0,0,0,44040000,0,0,643390000,0,17480780000,0,0,0,0,0,0,3124340000,0,0,589660000,0,6160910000,0,0,0,0,144300000,0,0,0,0,0,0,0,0,0,0,0
"POL",0,0,0,79709880000,0,0,416500000,5722090000,0,0,0,0,0,0,0,0,0,0,0,0,0,11452540000,0,0,23520000,5054040000,0,0,8283680000,0,1960000,277830000,0,0,180590000,0,44100000,0,3865120000,18120000,354270000,38689360000,0,927360000,366120000,0,0,0,0,1775380000,0,0,8133090000,40306340000,0,0,0,0,0,957741800000,5880000,7350000,0,232750000,0,0,308280000,0,0,0,0,0,51796940000,2283650000,7178960000,0,0,0,32340000,299596640000,426790000,24429800000,0,619050000,0,7840000,0,62560000,105840000,22497550000,0,52920000,0,1012600000,0,22050000,0,0,8.715e+10,42932330000,0,0,0,2914290000,0,0,158270000,0,0,0,0,19060120000,0,261920000,0,58880000,117160260000,0,0,41160000,0,0,0,0,81720000,11966210000,0,0,39730520000,0,108780000,2940000,0,0,64952580000,0,0,0,0,0,16304530000,0,9388060000,0,0,0,0,200784080000,0,0,0,3489780000,17696870000,1960000,0,0,14219430000,0,0,0,1947630000,56780000,0,465610000,294470000,0,0,0,0,0,0,268973120000,36520000,158270000,0,0,42127620000,3030540000,13199700000,0,27440000,0,0,6826060000,0,0,0,15190000,8087220000,0,617680000,0,433650000,0,0
"PRT",0,0,0,610540000,25970000,0,269990000,52920000,0,0,0,0,0,0,0,0,93590000,0,0,0,0,0,0,0,0,289590000,5858450000,0,0,0,0,568400000,0,0,73500000,0,0,0,0,0,334180000,0,0,0,0,0,0,0,203350000,315730000,0,0,490000,1.4553e+10,12250000,0,11760000,7350000,0,1954610000,0,33810000,0,0,0,0,0,27930000,0,0,0,4410000,0,0,20090000,20090000,0,0,118090000,24990000,11270000,2940000,47040000,0,0,268030000,0,0,0,0,0,61740000,0,0,0,0,0,0,0,0,158760000,0,0,980000,0,9310000,0,53900000,0,419440000,0,102990000,346430000,0,635040000,0,482530000,0,490000,0,0,0,0,0,72797760000,1960000,0,0,0,0,0,0,3430000,6370000,0,6479760000,53900000,0,0,0,0,0,0,0,0,0,8460170000,0,45080000,0,0,0,0,39200000,0,129850000,81395440000,0,0,20090000,650230000,14287420000,0,0,73010000,0,0,197470000,0,0,0,0,28910000,11270000,0,0,4895940000,0,1177960000,195020000,0,0,0,0,0,0,5880000,0,937370000,4682500000,7350000,0,0,0,0
"GNB",0,0,0,0,0,0,0,0,0,0,0,0,0,0,0,0,0,0,0,0,0,0,0,0,0,0,0,0,0,0,0,0,0,0,0,0,0,0,0,0,0,0,0,0,0,0,0,0,0,0,0,0,0,0,0,0,0,0,0,0,0,0,0,0,0,0,0,0,0,0,0,0,0,0,0,0,0,0,0,0,0,0,0,0,0,0,0,0,0,0,0,0,0,0,0,0,0,0,0,0,0,0,0,0,0,0,0,0,0,0,0,0,0,0,0,0,0,0,0,0,0,0,0,0,0,0,0,0,0,0,0,0,0,0,0,0,0,0,0,0,0,0,0,0,0,0,0,0,0,0,0,0,0,0,0,0,0,0,0,0,0,0,0,0,0,0,0,0,0,0,0,0,0,0,0,0,0,0,0,0,0,0,0,0,0,0,0,0,0,0,0,0,0,0,0
"TLS",0,0,0,0,0,0,0,0,0,0,0,0,0,0,0,0,0,0,0,0,0,0,0,0,0,0,0,0,0,0,0,0,0,0,0,0,0,0,0,0,0,0,0,0,0,0,0,0,0,0,0,0,0,0,0,0,0,0,0,0,0,0,0,0,0,0,0,0,0,0,0,0,0,0,0,0,0,0,0,0,0,0,0,0,0,0,0,0,0,0,0,0,0,0,0,0,0,0,0,0,0,0,0,0,0,0,0,0,0,0,0,0,0,0,0,0,0,0,0,0,0,0,0,0,0,0,0,0,0,0,0,0,0,0,0,0,0,0,0,0,0,0,0,0,0,0,0,0,0,0,0,0,0,0,0,0,0,0,0,0,0,0,0,0,0,0,0,0,0,0,0,0,0,0,0,0,0,0,0,0,0,0,0,0,0,0,0,0,0,0,0,0,0,0,0
"ERI",0,0,0,0,0,0,0,0,0,0,0,0,0,0,0,0,0,0,0,0,0,0,0,0,0,0,0,0,0,0,0,0,0,0,0,0,0,0,0,0,0,0,0,0,0,0,0,0,0,0,0,0,0,0,0,0,0,0,0,0,0,0,0,0,0,0,0,0,0,0,0,0,0,0,0,0,0,0,0,0,0,0,0,0,0,0,0,0,0,0,0,0,0,0,0,0,0,0,0,0,0,0,0,0,0,0,0,0,0,0,0,0,0,0,0,0,0,0,0,0,0,0,0,0,0,0,0,0,0,0,0,0,0,0,0,0,0,0,0,0,0,0,0,0,0,0,0,0,0,0,0,0,0,0,0,0,0,0,0,0,0,0,0,0,0,0,0,0,0,0,0,0,0,0,0,0,0,0,0,0,0,0,0,0,0,0,0,0,0,0,0,0,0,0,0
"QAT",0,0,0,0,0,0,0,0,0,0,0,0,0,0,0,0,0,0,0,0,0,0,0,0,0,0,0,0,0,0,0,0,0,0,0,0,0,0,0,0,0,0,0,0,0,0,0,0,0,0,0,0,0,0,0,0,0,0,0,0,0,0,0,0,0,0,0,0,0,0,0,0,0,0,0,0,0,0,0,0,0,0,0,0,0,0,0,0,0,0,0,0,0,0,0,0,0,0,0,0,0,0,0,0,0,0,0,0,0,0,0,0,0,0,0,0,0,0,0,0,0,0,0,0,0,0,0,0,0,0,0,0,0,0,0,0,0,0,0,0,0,0,0,0,0,0,0,0,0,0,0,0,0,0,0,0,0,0,0,0,0,0,0,0,0,0,0,0,0,0,0,0,0,0,0,0,0,0,0,0,0,0,0,0,0,0,0,0,0,0,0,0,0,0,0
"ZWE",0,0,0,0,0,0,0,0,0,0,0,0,0,0,0,9.2e+08,0,0,0,0,0,0,0,0,0,0,0,0,0,0,0,0,0,0,0,0,0,0,0,0,0,0,0,0,0,0,0,0,0,0,0,0,0,0,0,0,0,0,0,0,0,0,0,0,0,0,0,0,0,0,0,0,0,0,0,0,0,0,0,0,0,0,0,0,0,0,0,0,0,0,0,0,0,0,0,0,0,0,0,0,0,0,671690000,0,0,0,0,0,0,0,0,0,9.8e+07,0,0,0,0,0,0,0,0,0,0,0,0,0,0,0,0,0,0,0,0,0,0,0,0,0,0,0,0,0,0,0,0,0,0,0,0,0,0,0,0,0,0,4.9e+07,0,0,0,0,0,0,0,0,0,0,0,0,0,0,0,0,0,0,0,0,0,0,0,0,0,0,0,0,0,0,0,46716080000,0,0,0,0,0,0,0
"ROU",0,0,1990870000,0,0,0,490000,2898360000,0,0,0,0,0,0,0,0,0,0,0,0,0,14169700000,0,0,0,63700000,0,0,0,0,0,52920000,0,0,0,0,0,0,73877590000,0,0,3086210000,0,0,0,0,14568160000,0,0,0,0,0,0,76650000,0,0,27930000,0,0,27003260000,0,51450000,0,120732140000,0,0,0,0,0,0,0,490000,22941360000,0,0,0,0,691107800000,0,490000,446390000,34081580000,0,0,0,4900000,533968880000,0,0,0,0,0,0,980000,0,6.806e+09,0,0,55981840000,0,0,0,0,0,0,0,15952600000,0,0,0,0,0,0,164810000,0,0,7151280000,0,0,2854740000,0,0,0,0,0,0,0,0,3556940000,0,0,0,0,63700000,2154680000,0,0,0,0,0,0,0,63080000,0,0,0,0,3919243400000,0,0,0,19920000,1092110000,0,0,0,1147130000,0,0,0,3670000,1772880000,165448880000,0,0,0,0,0,0,0,0,338327920000,3175290000,0,0,0,86680000,0,58800000,0,0,0,0,0,0,0,0,0,16170000,1470000,18455720000,0,0,0,0
"RWA",0,0,0,0,0,0,0,0,0,0,0,0,0,0,0,0,0,0,0,0,0,0,0,1780960000,0,3670000,0,0,0,0,0,0,0,0,45080000,0,0,0,0,0,0,0,0,0,0,0,0,0,0,0,0,0,0,0,0,0,0,0,0,0,0,0,0,0,0,0,0,0,0,0,0,0,0,0,0,0,0,0,0,0,0,0,0,0,0,0,0,0,0,0,0,0,0,0,0,0,0,0,0,0,0,0,0,0,0,0,0,0,0,0,0,0,0,0,0,0,0,0,0,0,0,0,0,0,0,0,0,0,0,0,0,0,0,0,0,0,0,0,0,0,0,0,980000,0,0,0,0,0,0,0,0,0,0,0,0,0,0,0,0,0,0,0,0,0,0,56840000,0,0,0,0,0,0,0,490000,267780000,0,0,0,0,0,0,0,0,0,0,0,21003250000,0,91750000,0,0,0,0,0,0
"RUS",5046010000,0,0,147929240000,0,0,19220000,0,0,476280000,0,0,0,0,0,0,48510000,0,9266120000,0,0,44730000,0,40180000,48020000,557950000,0,0,0,0,1694420000,3028680000,68110000,0,0,0,0,17150000,256032440000,7.0455e+10,32830000,14211620000,0,0,243499790000,0,118935680000,25480000,0,2775580000,0,0,143570000,240820000,0,0,0,0,0,3975900000,0,0,30896150000,34806010000,0,0,57330000,0,0,37240000,0,0,0,0,0,82870000,0,2.540464e+12,3.43e+08,180320000,831899790000,23834020000,148960000,118651640000,0,64142250000,1179679110000,30242520000,0,0,322810000,311040000,13671760000,389796030000,0,145718520000,0,0,768945200000,26999730000,0,0,0,0,0,0,0,0,0,74230000,24220600000,8.0178e+10,0,9028560000,0,0,0,0,0,0,0,12250000,0,0,10257840000,53750800000,0,19110000,0,0,0,0,0,2135560000,199430000,0,0,0,0,0,180810000,0,0,0,0,0,0,11316528760000,0,12250000,79380000,0,0,0,0,0,9083800000,0,9810210000,0,4.9e+07,13784640000,202965050000,6185620000,0,7350000,68540000,49980000,0,0,0,264574030000,190039120000,195615810000,0,0,1477380000,46761510000,3061610000,9.8e+07,39200000,26373270000,0,183260000,0,0,0,0,108780000,0,561330000,3670000,262150000,0,0
"KNA",0,0,0,0,0,0,0,0,0,0,0,0,0,0,0,0,0,0,0,0,0,0,0,0,0,0,0,0,0,0,0,0,0,0,0,0,0,0,0,0,0,0,0,0,0,0,0,0,0,0,0,0,0,0,0,0,0,0,0,0,0,0,0,0,0,0,0,0,0,0,0,0,0,0,0,0,0,0,0,0,0,0,0,0,0,0,0,0,0,0,0,0,0,0,0,0,0,0,0,0,0,0,0,0,0,0,0,0,0,0,0,0,0,0,0,0,0,0,0,0,0,0,0,0,0,0,0,0,0,0,0,0,0,0,0,0,0,0,0,0,0,0,0,0,0,0,0,0,0,0,0,0,0,0,0,0,0,0,0,0,0,0,0,0,0,0,0,0,0,0,0,0,0,0,0,0,0,0,0,0,0,0,0,0,0,0,0,0,0,0,0,0,0,0,0
"LCA",0,0,0,0,0,0,0,0,0,0,0,0,0,0,0,0,0,0,0,0,0,0,0,0,0,0,0,0,0,0,0,0,0,0,0,0,0,0,0,0,0,0,0,0,0,0,0,0,0,0,0,0,0,0,0,0,0,0,0,0,0,0,0,0,0,0,0,0,0,0,0,0,0,0,0,0,0,0,0,0,0,0,0,0,0,0,0,0,0,0,0,0,0,0,0,0,0,0,0,0,0,0,0,0,0,0,0,0,0,0,0,0,0,0,0,0,0,0,0,0,0,0,0,0,0,0,0,0,0,0,0,0,0,0,0,0,0,0,0,0,0,0,0,0,0,0,0,0,0,0,0,0,0,0,0,0,0,0,0,0,0,0,0,0,0,0,0,0,0,0,0,0,0,0,0,0,0,0,0,0,0,0,0,0,0,0,0,0,0,0,0,0,0,0,0
"VCT",0,0,0,0,0,0,0,0,0,0,0,0,0,0,0,0,0,0,0,0,0,0,0,0,0,0,0,0,0,0,0,0,0,0,0,0,0,0,0,0,0,0,0,0,0,0,0,0,0,0,0,0,0,0,0,0,0,0,0,0,0,0,0,0,0,0,0,0,0,0,0,0,0,0,0,0,0,0,0,0,0,0,0,0,0,0,0,0,0,0,0,0,0,0,0,0,0,0,0,0,0,0,0,0,0,0,0,0,0,0,0,0,0,0,0,0,0,0,0,0,0,0,0,0,0,0,0,0,0,0,0,0,0,0,0,0,0,0,0,0,0,0,0,0,0,0,0,0,0,0,0,0,0,0,0,0,0,0,0,0,0,0,0,0,0,0,0,0,0,0,0,0,0,0,0,0,0,0,0,0,0,0,0,0,0,0,0,0,0,0,0,0,0,0,0
"STP",0,0,0,0,0,0,0,0,0,0,0,0,0,0,0,0,0,0,0,0,0,0,0,0,0,0,0,0,0,0,0,0,0,0,0,0,0,0,0,0,0,0,0,0,0,0,0,0,0,0,0,0,0,0,0,0,0,0,0,0,0,0,0,0,0,0,0,0,0,0,0,0,0,0,0,0,0,0,0,0,0,0,0,0,0,0,0,0,0,0,0,0,0,0,0,0,0,0,0,0,0,0,0,0,0,0,0,0,0,0,0,0,0,0,0,0,0,0,0,0,0,0,0,0,0,0,0,0,0,0,0,0,0,0,0,0,0,0,0,0,0,0,0,0,0,0,0,0,0,0,0,0,0,0,0,0,0,0,0,0,0,0,0,0,0,0,0,0,0,0,0,0,0,0,0,0,0,0,0,0,0,0,0,0,0,0,0,0,0,0,0,0,0,0,0
"SAU",0,0,0,0,0,0,0,0,0,0,0,0,0,0,0,0,0,0,0,0,0,0,0,0,0,0,0,0,0,0,0,0,0,0,0,0,0,0,0,0,0,0,0,0,0,0,0,0,0,0,0,0,0,0,0,0,0,0,0,0,0,0,0,0,0,0,0,0,0,0,0,0,0,0,0,0,0,0,0,0,0,0,0,0,0,0,0,0,0,0,0,0,0,0,0,0,0,0,0,0,0,0,0,0,0,0,0,0,0,0,0,0,0,0,0,0,0,0,0,0,0,0,0,0,0,0,0,0,0,0,0,0,0,0,0,0,0,0,0,0,0,0,0,0,0,0,0,0,0,0,0,0,0,0,0,0,0,0,0,0,0,0,0,0,0,0,0,0,0,0,0,0,0,0,0,0,0,0,0,0,0,0,0,0,0,0,0,0,0,0,0,0,0,0,0
"SEN",0,0,0,0,0,0,0,0,0,0,0,0,0,0,0,0,0,0,0,0,0,0,0,0,0,0,3680000,0,0,0,0,212860000,0,0,0,0,0,0,0,0,113770000,0,0,0,0,0,0,0,0,0,0,0,0,46360000,0,0,0,11040000,17881440000,0,0,0,0,0,0,0,0,14015730000,0,0,0,0,0,0,0,0,0,2770850000,0,91750000,0,0,47840000,0,0,0,0,0,0,0,0,0,0,0,0,0,0,0,0,0,0,0,0,0,0,10475350000,0,5706850000,0,0,0,0,0,0,0,0,42630000,0,0,0,0,0,0,0,686290000,0,0,0,0,0,0,0,0,0,0,16161710000,0,0,0,0,0,0,0,0,0,0,0,490000,0,0,0,0,0,0,0,7840000,0,0,0,0,0,0,0,0,0,0,0,0,0,0,0,0,0,0,0,0,19370000,0,48440000,0,0,0,0,0,0,0,0,0,490000,0,0,0,0,0,0
"SYC",0,0,0,0,0,0,0,0,0,0,0,0,0,0,0,0,0,0,0,0,0,0,0,0,0,0,0,0,0,0,0,0,0,0,0,0,0,0,0,0,0,0,0,0,0,0,0,0,0,0,0,0,0,0,0,0,0,0,0,0,0,0,0,0,0,0,0,0,0,0,0,0,0,0,0,0,0,0,0,0,0,0,0,0,0,0,0,0,0,0,0,0,0,0,0,0,0,0,0,0,0,0,0,0,0,0,0,0,0,0,0,0,0,0,0,0,0,0,0,0,0,0,0,0,0,0,0,0,0,0,0,0,0,0,0,0,0,0,0,0,0,0,0,0,0,0,0,0,0,0,0,0,0,0,0,0,0,0,0,0,0,0,0,0,0,0,0,0,0,0,0,0,0,0,0,0,0,0,0,0,0,0,0,0,0,0,0,0,0,0,0,0,0,0,0
"SLE",0,0,0,0,0,0,0,0,0,0,0,0,0,0,0,0,0,0,0,0,0,0,0,0,0,0,0,0,0,0,0,0,0,0,0,0,0,0,0,0,0,0,0,0,0,0,0,0,0,0,0,0,0,0,0,0,0,0,0,0,0,0,0,0,0,0,0,0,0,0,0,0,0,0,0,0,0,0,0,0,0,0,0,0,0,0,0,0,0,0,0,0,0,0,0,0,0,0,0,0,0,0,0,0,0,0,0,0,0,0,0,0,0,0,0,0,0,0,0,0,0,0,0,0,0,0,0,0,0,0,0,0,0,0,0,0,0,0,0,0,0,0,0,0,0,0,0,0,0,0,0,0,0,0,0,0,0,0,0,0,0,0,0,0,0,0,0,0,0,0,0,0,0,0,0,0,0,0,0,0,0,0,0,0,0,0,0,0,0,0,0,0,0,0,0
"SVN",0,0,20580000,0,0,0,50470000,11326480000,0,0,0,0,0,0,0,0,0,0,0,0,0,57710000,0,0,0,111230000,0,0,0,0,6860000,151410000,0,0,0,0,0,0,0,0,0,0,0,0,0,0,0,0,0,0,0,0,2450000,52430000,0,0,0,0,0,48020000,8152720000,0,0,0,0,0,0,0,0,0,0,0,7686700000,15912940000,0,36800000,0,0,0,0,0,67843670000,0,0,0,980000,47710000,0,0,0,0,0,0,0,0,0,0,0,0,38220000,0,0,0,120050000,0,0,253820000,0,0,0,0,0,0,0,0,0,980000,0,0,313600000,0,0,0,0,0,0,0,0,15190000,0,0,0,3670000,38710000,0,0,0,0,0,0,90920000,0,26700000,0,0,0,0,0,0,0,0,0,84640000,0,0,0,0,0,0,0,12250000,49980000,0,0,0,0,0,0,0,0,0,0,0,0,0,0,13720000,0,37730000,0,0,0,0,0,0,0,0,0,1960000,0,2004460000,217350000,0,0,0
"SVK",607200000,0,1405760000,0,0,0,16170000,108047700000,0,0,0,0,0,0,0,0,6370000,0,0,0,0,47711200000,0,0,0,360150000,490000,0,0,0,0,0,0,0,0,0,0,0,297440000,1.104e+09,0,490000,0,0,0,0,0,0,0,0,0,0,0,86650000,0,0,2.576e+09,0,0,4431120000,0,0,0,9093770000,0,0,0,0,0,0,0,0,202516370000,36261080000,0,0,0,0,0,65660000,22540000,94357780000,46060000,780160000,0,0,0,9.2e+07,0,0,0,0,0,147200000,0,0,0,0,0,89670000,0,0,0,0,0,0,22540000,0,0,0,0,0,0,35195520000,0,0,9064360000,0,0,1.1776e+10,0,0,0,0,0,980000,0,0,98744870000,0,0,0,0,692325470000,0,0,0,0,0,0,281309480000,0,68980300000,0,0,0,0,0,0,0,0,38289740000,0,0,0,0,15190000,0,0,0,207760000,0,0,8.464e+09,0,0,0,0,0,0,0,0,0,0,0,0,236180000,397440000,209720000,0,0,0,0,571750000,0,0,0,0,0,0,682460000,0,0,0,0
"SGP",0,35770000,0,0,0,0,4541230000,0,4410000,0,3430000,1034980000,0,9800000,0,0,0,0,0,13230000,3572050000,0,283180000,0,17640000,536550000,0,0,1568590000,0,73010000,1000580000,0,0,0,6960000,0,0,0,0,8820000,125930000,0,0,0,0,490000,0,0,0,0,118090000,36750000,3320000,5880000,0,0,0,0,229810000,0,0,43120000,1470000,0,0,0,34790000,0,0,0,668540000,0,0,5390000,690900000,16965700000,0,0,219520000,0,6370000,0,0,0,214130000,0,0,18130000,3483790000,26460000,312130000,8330000,0,490000,0,0,17640000,0,0,0,84280000,0,59469490000,713690000,0,0,0,43160000,0,537040000,4410000,0,0,0,76440000,132300000,0,0,0,15680000,189140000,0,0,0,75460000,86400000,0,0,1324080000,0,0,16929550000,0,0,0,3882860000,0,115150000,0,0,0,65660000,0,0,0,0,0,0,51110000,17640000,0,0,0,0,24500000,3430000,0,0,0,118580000,36750000,0,0,395970000,0,2802750000,25970000,194040000,0,588490000,0,16660000,1.47e+09,0,0,319480000,0,499310000,0,0,0,0,5441160000,0,0,0,0,13720000,0,0,0,0,0,0
"SOM",0,0,0,0,0,0,0,0,0,0,0,0,0,0,0,0,0,0,0,0,0,0,0,0,0,0,0,0,0,0,0,0,0,0,0,0,0,0,0,0,0,0,0,0,0,0,0,0,0,0,0,0,0,0,0,0,0,0,0,0,0,0,0,0,0,0,0,0,0,0,0,0,0,0,0,0,0,0,0,0,0,0,0,0,0,0,0,0,0,0,0,0,0,0,0,0,0,0,0,0,0,0,0,0,0,0,0,0,0,0,0,0,0,0,0,0,0,0,0,0,0,0,0,0,0,0,0,0,0,0,0,0,0,0,0,0,0,0,0,0,0,0,0,0,0,0,0,0,0,0,0,0,0,0,0,0,0,0,0,0,0,0,0,0,0,0,0,0,0,0,0,0,0,0,0,0,0,0,0,0,0,0,0,0,0,0,0,0,0,0,0,0,0,0,0
"ZAF",0,0,0,0,0,0,97020000,0,0,0,0,0,0,0,0,12873320000,0,0,0,0,0,0,0,0,0,68600000,0,0,0,0,0,490000,0,0,128380000,0,0,0,0,0,0,490000,0,0,0,0,0,0,0,0,0,0,0,1960000,0,8820000,0,0,0,5390000,0,8330000,0,3920000,0,0,0,980000,0,0,0,980000,0,980000,0,980000,0,0,0,490000,0,490000,0,0,0,5390000,0,0,156030000,0,0,2940000,0,0,0,0,6063110000,16170000,0,0,0,0,1063300000,0,0,0,0,0,42140000,0,0,0,14408070000,0,13494390000,0,32770000,0,0,0,0,39200000,0,0,0,490000,0,171010000,0,980000,0,7840000,0,0,0,0,0,980000,0,4151670000,1470000,0,1960000,0,0,0,2450000,980000,0,980000,0,0,0,26950000,0,0,490000,0,0,1691350000,37240000,1470000,0,0,6370000,586110000,0,0,0,0,25480000,0,0,54880000,209040000,0,67130000,0,1960000,490000,0,0,0,0,0,0,340060000,18122730000,1470000,0,0,0,0,0,0
"ESP",9800000,1470000,0,5658550000,980000,261660000,755580000,19110000,980000,0,0,0,0,0,29890000,0,1165710000,0,0,0,0,55370000,0,0,83790000,816340000,55160000,0,0,111230000,1090250000,3404030000,45080000,0,67620000,0,18620000,137400000,11044200000,220800000,1027350000,849470000,0,188740000,0,27930000,0,16208430000,48238540000,132080000,0,0,458540000,94587060000,0,0,5880000,0,0,27802680000,980000,142100000,0,770280000,0,0,1960000,17150000,0,40370000,156310000,133770000,161700000,0,1960000,22050000,0,28420000,122500000,790860000,410620000,9965790000,1623020000,0,0,484120000,0,0,0,0,0,35275390000,111420000,101860000,0,52920000,0,1470000,18620000,11270000,0,0,0,131810000,0,8330000,3303890000,4410000,0,224910000,0,51000980000,7350000,0,0,0,36476860000,0,0,0,0,135240000,0,8820000,18620000,1296050000,0,78400000,5390000,0,155330000,6860000,24500000,457170000,566587600000,703510000,0,0,980000,0,79870000,0,0,0,0,0,28910000,7350000,0,17640000,9310000,33320000,0,298900000,0,10780000,0,5880000,0,0,3254870000,1034880000,0,0,500530000,0,37240000,39200000,0,0,0,2189600000,12762080000,62720000,0,0,20495590000,147490000,1877660000,199430000,70560000,0,0,396410000,0,33030000,42630000,0,6327470000,7350000,4900000,0,0,9310000,0
"SUR",0,0,0,0,0,0,0,0,0,0,0,0,0,0,0,0,0,0,0,0,0,0,0,0,0,0,0,0,0,0,0,0,0,0,0,0,0,0,0,0,0,0,0,0,0,0,0,0,0,0,0,0,0,0,0,0,0,0,0,0,0,0,0,0,0,0,0,0,0,0,0,0,0,0,0,0,0,0,0,0,0,0,0,0,0,0,0,0,0,0,0,0,0,0,0,0,0,0,0,0,0,0,0,0,0,0,0,0,0,0,0,0,0,0,0,0,0,0,0,0,0,0,0,0,0,0,0,0,0,0,0,0,0,0,0,0,0,0,0,0,0,0,0,0,0,0,0,0,0,0,0,0,0,0,0,0,0,0,0,0,0,0,0,0,0,0,0,0,0,0,0,0,0,0,0,0,0,0,0,0,0,0,0,0,0,0,0,0,0,0,0,0,0,0,0
"TJK",0,0,0,0,0,0,0,0,0,0,0,0,0,0,0,0,0,0,0,0,0,0,0,0,0,0,0,0,0,0,0,0,0,0,0,0,0,0,0,0,0,0,0,0,0,0,0,0,0,0,0,0,0,0,0,0,0,0,0,0,0,0,0,0,0,0,0,0,0,0,0,0,0,0,0,0,0,0,0,0,0,0,0,0,0,0,0,0,0,0,0,0,0,0,0,0,0,0,0,0,0,0,0,0,0,0,0,0,0,0,0,0,0,0,0,0,0,0,0,0,0,0,0,0,0,0,0,0,0,0,0,0,0,0,0,0,0,0,0,0,0,0,0,0,0,0,0,0,0,0,0,0,0,0,0,0,0,0,0,0,0,0,0,0,0,0,0,0,0,0,0,0,0,0,0,0,0,0,0,0,0,0,0,0,0,0,0,0,0,0,0,0,0,0,0
"SWZ",0,0,0,0,0,0,0,0,0,0,0,0,0,0,0,0,0,0,0,0,0,0,0,0,0,0,0,0,0,0,0,0,0,0,0,0,0,0,0,0,0,0,0,0,0,0,0,0,0,0,0,0,0,0,0,0,0,0,0,0,0,0,0,0,0,0,0,0,0,0,0,0,0,0,0,0,0,0,0,0,0,0,0,0,0,0,0,0,0,0,0,0,0,0,0,0,0,0,0,0,0,0,0,0,0,0,0,0,0,0,0,0,0,0,0,0,0,0,0,0,0,0,0,0,0,0,0,0,0,0,0,0,0,0,0,0,0,0,0,0,0,0,0,0,0,0,0,0,0,0,0,0,0,0,0,0,0,0,0,0,0,0,0,0,0,0,0,0,0,0,0,0,0,0,0,0,0,0,0,0,0,0,0,0,0,0,0,0,0,0,0,0,0,0,0
"SWE",0,0,0,0,2999200000,0,129850000,333050000,0,10780000,0,0,0,0,0,0,75465760000,0,0,0,0,0,0,0,0,23520000,0,0,12228640000,0,0,167090000,0,0,0,0,3.312e+10,548320000,17640000,0,0,506760600000,0,0,44521200000,0,0,0,0,33012860000,0,0,46649390000,32752480000,0,0,0,0,0,657646230000,0,0,0,28170000,0,1633920000,56907520000,0,19600000,0,2.576e+10,21050000,33840000,490000,21356190000,0,0,0,0,129284530000,14164320000,101900000,0,1.0458e+10,7.6268e+10,66900000,0,0,0,6171360000,0,3208960000,8330000,626330000,0,0,0,0,0,31300670000,0,0,0,0,0,0,0,0,0,0,0,2.9216e+10,12938880000,0,0,0,80332700000,0,0,0,0,51520000,76087680000,0,13184430000,468374180000,0,39445920000,5.64e+08,0,0,0,0,168877400000,1960000,0,0,0,0,0,0,0,397863280000,1357920000,0,0,0,188833650000,0,0,0,0,5880000,12250000,0,63700000,27221680000,0,0,0,0,80620000,0,0,88690000,20685280000,0,0,0,67822400000,0,0,5.229e+10,24500000,0,0,53946120000,3430000,496780000,0,0,3.486e+10,110411040000,0,0,0,0,0,167390170000,980000,0,0,0,3643200000,0
"CHE",0,0,0,0,0,0,2450000,1931850000,0,0,0,0,0,0,0,0,0,0,0,0,0,0,0,0,490000,14210000,0,0,0,0,0,980000,0,0,0,0,0,0,0,0,0,1470000,0,0,0,0,0,0,0,0,0,0,980000,1871670000,0,0,0,0,0,6301620000,0,0,0,0,0,0,0,0,0,0,0,1960000,205800000,0,0,0,0,0,0,0,0,733690000,0,0,0,6860000,0,0,0,0,0,490000,0,0,0,0,0,0,0,0,0,0,0,0,0,0,0,0,0,0,0,0,0,0,0,0,5880000,0,0,0,0,0,0,0,0,2450000,0,0,490000,0,0,0,490000,9.2e+07,490000,0,0,0,0,0,0,0,12250000,0,0,0,0,0,0,0,0,0,0,38710000,0,490000,2940000,0,0,0,17200000,0,0,0,3920000,0,0,0,0,0,0,0,0,0,0,0,41650000,0,56350000,0,0,0,0,0,0,0,0,0,15680000,0,0,0,0,0,0
"SYR",0,0,0,0,0,0,0,0,0,0,0,0,0,0,0,0,0,0,0,0,0,0,0,0,0,0,0,0,0,0,0,0,0,0,0,0,0,0,0,0,0,0,0,0,0,0,0,0,0,0,0,0,0,0,0,0,0,0,0,0,0,0,0,0,0,0,0,0,0,0,0,0,0,0,0,0,0,0,0,0,0,0,0,0,0,0,0,0,0,0,0,0,0,0,0,0,0,0,0,0,0,0,0,0,0,0,0,0,0,0,0,0,0,0,0,0,0,0,0,0,0,0,0,0,0,0,0,0,0,0,0,0,0,0,0,0,0,0,0,0,0,0,0,0,0,0,0,0,0,0,0,0,0,0,0,0,0,0,0,0,0,0,0,0,0,0,0,0,0,0,0,0,0,0,0,0,0,0,0,0,0,0,0,0,0,0,0,0,0,0,0,0,0,0,0
"TKM",0,0,0,0,0,0,0,0,0,0,0,0,0,0,0,0,0,0,0,0,0,0,0,0,0,0,0,0,0,0,0,0,0,0,0,0,0,0,0,0,0,0,0,0,0,0,0,0,0,0,0,0,0,0,0,0,0,0,0,0,0,0,0,0,0,0,0,0,0,0,0,0,0,0,0,0,0,0,0,0,0,0,0,0,0,0,0,0,0,0,0,0,0,0,0,0,0,0,0,0,0,0,0,0,0,0,0,0,0,0,0,0,0,0,0,0,0,0,0,0,0,0,0,0,0,0,0,0,0,0,0,0,0,0,0,0,0,0,0,0,0,0,0,0,0,0,0,0,0,0,0,0,0,0,0,0,0,0,0,0,0,0,0,0,0,0,0,0,0,0,0,0,0,0,0,0,0,0,0,0,0,0,0,0,0,0,0,0,0,0,0,0,0,0,0
"TWN",0,0,0,0,0,0,7840000,0,0,0,0,0,0,0,0,0,0,0,0,0,0,0,0,0,0,0,0,0,0,0,490000,2937400000,0,0,0,0,0,0,0,0,0,0,3680000,0,0,0,0,0,0,0,0,0,0,980000,0,0,0,0,0,980000,0,0,490000,0,0,0,0,0,0,0,0,60760000,0,0,0,0,37480000,0,0,0,0,0,0,0,0,3157560000,0,0,0,0,0,42140000,0,0,0,0,0,0,0,0,0,0,0,41350000,0,0,0,0,0,0,0,0,0,0,0,0,26460000,0,0,0,0,2450000,0,0,0,0,0,0,0,0,490000,0,1960000,0,0,0,0,0,0,0,0,0,0,0,0,0,0,0,0,0,0,0,0,886850000,0,0,490000,0,0,0,0,0,0,0,0,0,8820000,0,0,0,0,0,0,0,0,0,0,0,226620000,0,0,0,0,0,0,0,0,0,14720000,0,0,0,0,0,0
"TZA",0,0,0,0,0,0,0,0,0,0,0,0,0,0,0,0,0,0,0,0,0,0,0,66150000,0,0,0,0,0,0,0,0,0,0,0,0,0,0,0,0,0,0,0,0,0,0,0,0,0,0,0,0,0,0,0,0,0,0,0,0,0,0,0,0,0,0,0,0,0,0,0,0,0,0,0,0,0,0,0,0,0,0,0,0,0,0,0,0,4698120000,0,0,0,0,0,0,0,0,0,0,0,0,0,0,0,0,0,0,0,13720000,0,0,0,1127550000,0,0,0,5390000,0,0,0,0,0,0,0,0,0,0,0,0,0,0,0,0,0,0,0,0,0,0,0,0,110150000,0,0,0,0,0,0,0,0,0,0,0,0,0,1470000,0,0,0,0,0,0,0,0,0,0,0,0,0,0,0,0,0,0,1225700000,0,9310000,0,0,0,0,0,0,0,0,0,79390000,2288960000,0,0,0,0,0,0,0
"THA",0,0,0,0,0,0,5799640000,47040000,0,94080000,0,0,0,0,0,0,0,0,0,0,3320000,0,103179300000,0,0,524790000,0,0,24010000,0,0,4126290000,0,0,0,0,0,0,0,0,0,118580000,0,0,0,0,0,0,0,4410000,0,0,89670000,756560000,0,0,0,0,0,24990000,0,0,0,0,0,0,0,0,0,0,0,866810000,0,0,8820000,0,0,0,0,102410000,216090000,119070000,0,0,0,19485830000,0,0,0,63705390000,0,175420000,0,0,2256450000,0,0,0,0,0,0,0,0,4287990000,25480000,0,0,0,0,2940000,4410000,0,0,0,0,12740000,231280000,0,0,0,0,723730000,0,0,0,179830000,0,0,17640000,0,0,0,98490000,12740000,0,0,0,0,0,0,0,0,134260000,0,0,0,0,0,0,0,0,0,16660000,8554420000,0,37240000,93590000,0,0,1470000,1080940000,880530000,0,0,5169010000,0,0,0,0,0,0,0,0,2142770000,0,0,3626490000,0,3703160000,119560000,0,0,0,502740000,0,0,0,0,391510000,0,0,0,0,0,0
"TGO",0,0,0,0,0,0,0,0,0,0,0,0,0,0,0,0,0,0,0,0,0,0,0,0,17640000,0,0,0,0,0,0,0,0,0,0,0,0,0,0,0,1178940000,0,0,0,0,0,0,0,0,0,0,0,0,1547420000,0,0,0,0,0,0,0,26460000,0,0,0,0,0,0,0,0,0,0,0,0,0,0,0,0,0,0,0,0,51940000,0,0,0,0,0,0,0,0,0,0,0,0,0,0,0,0,0,0,0,0,0,0,196490000,0,0,0,0,0,0,0,0,0,0,980000,0,0,0,0,0,0,300860000,0,0,0,0,0,0,0,0,0,0,0,0,0,0,0,0,0,0,0,0,0,0,0,0,0,0,0,0,0,0,0,0,0,0,0,0,0,0,0,0,0,0,0,0,0,0,0,0,0,0,0,0,204820000,0,0,190120000,0,0,0,0,0,0,0,0,0,0,0,0,0,0,0
"TON",0,0,0,0,0,0,0,0,0,0,0,0,0,0,0,0,0,0,0,0,0,0,0,0,0,0,0,0,0,0,0,0,0,0,0,0,0,0,0,0,0,0,0,0,0,0,0,0,0,0,0,0,0,0,0,0,0,0,0,0,0,0,0,0,0,0,0,0,0,0,0,0,0,0,0,0,0,0,0,0,0,0,0,0,0,0,0,0,0,0,0,0,0,0,0,0,0,0,0,0,0,0,0,0,0,0,0,0,0,0,0,0,0,0,0,0,0,0,0,0,0,0,0,0,0,0,0,0,0,0,0,0,0,0,0,0,0,0,0,0,0,0,0,0,0,0,0,0,0,0,0,0,0,0,0,0,0,0,0,0,0,0,0,0,0,0,0,0,0,0,0,0,0,0,0,0,0,0,0,0,0,0,0,0,0,0,0,0,0,0,0,0,0,0,0
"TTO",0,0,0,0,0,0,0,0,0,0,0,0,0,0,0,0,0,0,0,0,0,0,0,0,0,0,0,0,0,0,0,0,0,0,0,0,0,0,0,0,0,0,0,0,0,0,0,0,0,0,0,0,0,0,0,0,0,0,0,0,0,0,0,0,0,0,0,0,0,0,0,0,0,0,0,0,0,0,0,0,0,0,0,0,0,0,0,0,0,0,0,0,0,0,0,0,0,0,0,0,0,0,0,0,0,0,0,0,0,0,0,0,0,0,0,0,0,0,0,0,0,0,0,0,0,0,0,0,0,0,0,0,0,0,0,0,0,0,0,0,0,0,0,0,0,0,0,0,0,0,0,0,0,0,0,0,0,0,0,0,0,0,0,0,0,0,0,0,0,0,0,0,0,0,0,0,0,0,0,0,0,0,0,0,0,0,0,0,0,0,0,0,0,0,0
"OMN",0,0,0,0,0,0,0,0,0,0,0,0,0,0,0,0,0,0,0,0,0,0,0,0,0,0,0,0,0,0,0,0,0,0,0,0,0,0,0,0,0,0,0,0,0,0,0,0,0,0,0,0,0,0,0,0,0,0,0,0,0,0,0,0,0,0,0,0,0,0,0,0,0,0,0,56440000,0,0,0,0,0,0,0,0,0,0,79680000,0,0,0,0,0,0,0,0,0,0,0,0,0,0,0,0,0,0,0,0,0,0,0,0,0,0,0,0,0,0,0,0,0,0,0,0,0,0,0,0,0,0,0,0,0,0,0,0,0,0,0,0,0,0,0,0,0,0,0,0,0,0,0,0,0,0,0,0,0,0,0,0,0,0,0,0,0,0,0,0,0,0,0,0,0,0,471790000,0,0,0,0,0,0,0,0,0,0,0,0,0,0,0,0,0,0,0,0,0
"TUN",0,0,0,0,0,0,0,0,0,0,0,0,0,0,0,0,0,0,0,0,0,0,0,0,0,0,0,0,0,0,0,0,0,0,0,0,0,0,0,0,0,0,0,0,0,0,0,0,0,0,0,0,0,153370000,0,0,0,0,0,0,0,0,0,0,0,0,0,0,0,0,0,0,0,0,0,0,0,0,0,0,0,0,0,0,0,4900000,0,0,0,0,0,0,0,0,0,0,0,0,16600000,0,0,0,0,0,0,0,169050000,0,0,0,0,0,0,0,0,0,0,0,0,0,0,0,0,0,0,0,0,0,0,0,0,0,0,0,0,0,0,0,0,0,0,0,0,0,0,0,0,0,225400000,0,0,0,0,0,0,0,0,0,0,0,2450000,0,0,0,0,0,0,0,0,0,0,0,0,0,0,0,0,0,0,0,0,0,0,0,16660000,0,0,0,0,0,0,0,0,0,0
"TUR",0,0,142100000,341040000,0,19600000,63210000,552720000,0,2852290000,0,0,0,0,0,0,4900000,0,0,0,0,378280000,0,0,105840000,3320240000,0,0,0,0,610050000,203350000,6860000,8820000,203350000,0,113190000,0,45930950000,7311020000,1594460000,166600000,0,0,0,0,17640000,0,122010000,0,0,41650000,29890000,625240000,0,188160000,3665980000,0,0,0,0,240590000,0,22540000,0,0,0,7840000,0,0,101920000,5880000,0,0,132790000,0,0,0,43383620000,9800000,886410000,45080000,1916390000,0,0,125440000,43120000,0,1396500000,0,0,223440000,0,0,0,95227960000,0,43610000,0,0,0,8820000,0,0,0,0,43120000,0,6860000,0,0,212612300000,169540000,73040000,0,0,334670000,0,0,0,0,10290000,0,0,9310000,24500000,0,26950000,0,0,324380000,0,3920000,12740000,0,0,0,0,879060000,0,702170000,41650000,355740000,0,0,0,0,0,126420000,16660000,1396990000,0,0,140140000,0,66150000,172970000,0,0,0,286160000,498330000,0,318010000,0,23520000,5390000,117600000,0,13230000,1598380000,0,0,4383380000,1021160000,0,1824810000,0,225400000,0,210210000,0,0,0,26460000,0,162680000,0,69580000,0,0,0,35280000,0,0
"ARE",0,0,0,0,0,0,0,0,0,0,0,0,0,0,0,0,0,0,0,0,0,0,0,0,0,0,0,0,0,0,0,0,0,0,0,0,0,0,0,0,0,0,0,0,0,0,0,0,0,0,0,0,0,0,0,0,0,0,0,0,0,0,0,0,0,0,0,0,0,0,0,0,0,0,0,0,0,0,0,0,0,0,0,0,0,0,0,0,0,0,0,0,0,0,0,0,0,0,0,0,0,0,0,0,0,0,0,0,0,0,0,0,0,0,0,0,0,0,0,0,0,0,0,0,0,0,0,0,0,0,0,0,0,0,0,0,0,0,0,0,0,0,0,0,0,0,0,0,0,0,0,0,0,0,0,0,0,0,0,0,0,0,0,0,0,0,0,0,0,0,0,0,0,0,0,0,0,0,0,0,0,0,0,0,0,0,0,0,0,0,0,0,0,0,0
"UGA",0,0,0,0,0,0,0,0,0,0,0,0,0,0,0,0,0,0,0,0,0,0,0,865580000,0,0,0,0,0,0,0,449800000,0,0,0,0,6370000,0,0,0,0,0,0,0,0,0,0,0,0,0,0,0,0,0,0,0,0,0,0,2940000,0,0,0,0,0,0,0,0,0,0,0,0,0,0,0,0,0,0,0,0,0,0,0,0,0,0,0,0,1718820000,0,0,0,0,0,0,0,0,0,0,0,0,0,0,0,0,0,0,0,0,0,0,0,0,0,0,0,1470000,0,0,0,0,0,0,0,0,0,0,0,0,0,0,0,26460000,0,0,0,0,0,0,490000,0,1367830000,0,0,0,0,0,0,0,0,0,0,0,0,1960000,980000,0,0,0,0,0,0,0,0,0,9106720000,0,0,0,0,0,0,0,4410000,0,0,980000,0,0,0,0,0,0,0,0,0,21056690000,0,0,0,0,0,20166760000,1.196e+09,0
"TUV",0,0,0,0,0,0,0,0,0,0,0,0,0,0,0,0,0,0,0,0,0,0,0,0,0,0,0,0,0,0,0,0,0,0,0,0,0,0,0,0,0,0,0,0,0,0,0,0,0,0,0,0,0,0,0,0,0,0,0,0,0,0,0,0,0,0,0,0,0,0,0,0,0,0,0,0,0,0,0,0,0,0,0,0,0,0,0,0,0,0,0,0,0,0,0,0,0,0,0,0,0,0,0,0,0,0,0,0,0,0,0,0,0,0,0,0,0,0,0,0,0,0,0,0,0,0,0,0,0,0,0,0,0,0,0,0,0,0,0,0,0,0,0,0,0,0,0,0,0,0,0,0,0,0,0,0,0,0,0,0,0,0,0,0,0,0,0,0,0,0,0,0,0,0,0,0,0,0,0,0,0,0,0,0,0,0,0,0,0,0,0,0,0,0,0
"GBR",0,13230000,9310000,247784880000,6370000,577520000,19974930000,2558350000,4410000,1161790000,12453140000,0,0,0,0,0,6294300000,0,58880000,0,14210000,6398590000,765440000,0,23824320000,41108340000,0,0,5128580000,0,332090000,2056190000,2851900000,0,84420000,0,21560000,0,21207830000,13230000,0,6860160000,22540000,85150000,170200000,0,239430000,515200000,0,343710000,0,0,6195930000,205854510000,0,0,34790000,0,0,521480880000,0,3521810000,0,3334260000,0,172960000,0,0,868450000,0,331200000,1152290000,2426510000,447590000,29696010000,608700000,7167510000,99350000,16660000,549228100000,35445370000,96945960000,9800000,17640000,1014290000,632747200000,80420000,0,11533200000,4900000,0,63104860000,79680000,10579550000,1052480000,205590000,0,0,268252410000,195060000,4900000,0,0,31949510000,0,0,16896300000,0,5983680000,1812420000,0,14957410000,0,0,7003040000,9163200000,917400790000,0,0,18390000,0,6.959e+09,0,4900000,3488460000,10846280000,1948770000,12740000,645110000,0,35770000,16170000,556060000,17145080000,526790850000,0,0,0,296450000,0,755790000,0,56361270000,1285960000,2450000,0,0,452177870000,69720000,0,490000,344930000,144600000,39191190000,0,23144720000,403982440000,0,0,0,115041140000,2086090000,6.4408e+10,0,72840090000,1960000,88050510000,0,0,42864570000,194040000,443467440000,835330000,3417350000,490000,0,0,345300000,369638610000,0,39190000,0,11010000,51738500000,287040000,19600000,645920000,980000,410996430000,490000,86450000,0,490000,0,0
"UKR",12668400000,0,0,250875800000,0,0,4900000,0,0,0,0,0,0,0,0,0,0,0,0,0,0,29890000,0,0,36750000,192570000,0,0,0,0,43120000,344960000,0,0,0,0,0,0,10721810000,36406680000,0,697200000,0,0,67120700000,0,1.06738e+11,0,0,541450000,0,0,0,0,0,0,24660580000,0,0,1046270000,0,0,0,6795390000,0,0,0,0,0,0,0,0,0,0,0,0,0,601248680000,24500000,0,723435950000,259210000,51450000,29880000,0,164281820000,859262480000,33200000,0,0,0,3834600000,433558800000,695310000,0,97402160000,0,0,1254362400000,2530360000,0,0,0,0,0,0,0,0,0,0,150430000,209611520000,0,61314810000,0,0,1921410000,0,0,0,0,24500000,0,0,0,0,0,5390000,26460000,0,0,0,0,1249500000,9310000,0,0,0,0,0,0,0,233231230000,0,0,0,0,10769097280000,0,0,0,0,279790000,12740000,0,0,87220000,0,0,0,0,17230260000,291373160000,929750000,0,0,0,0,0,0,0,265068800000,111951500000,113032940000,0,0,5064620000,0,354530000,0,0,4883720000,0,5390000,0,0,0,0,0,0,0,0,0,0,0
"USA",0,0,0,0,4410000,6589890000,17923360000,22540000,2877320000,460920000,199370000,39690000,0,0,9310000,0,1475830000,0,326390000,52920000,0,0,980000,0,0,889523580000,0,0,404690000,0,51673110000,5356150000,6218800000,0,0,23030000,3111520000,6860000,94570000,0,18620000,1559430000,11040000,39110330000,0,5470850000,11010000,918260000,11760000,0,0,57820000,449330000,347800000,162680000,0,0,0,0,815040000,0,18350000,10290000,48510000,0,0,5085290000,19110000,421320000,451980000,8709500000,3784240000,0,0,10530000,97630000,0,0,0,560410000,408170000,1073590000,18130000,0,608610000,515419310000,113910000,0,0,435610000,0,62123140000,0,23030000,0,199010000,0,20580000,68242600000,276730000,0,0,0,2045130000,0,0,150920000,0,0,2298371630000,51940000,385140000,0,0,0,0,1226620000,0,0,0,2450000,1570170000,1074610000,4900000,20090000,1326180000,95550000,30831730000,0,0,27282220000,19412540000,5531330000,0,0,0,0,0,210700000,0,0,0,411820000,161700000,441980000,45570000,21070000,195223520000,0,0,17640000,33320000,0,2551090000,0,28024290000,453900000,82320000,0,2450000,7596340000,948520000,0,0,62675950000,0,153370000,0,0,3340420000,466970000,0,2657770000,3594640000,33030000,0,11644740000,7340000,0,0,26969870000,0,5390000,1385960000,5880000,0,0,0,375480000,0,0,0,0,0,0
"BFA",0,0,0,0,0,0,0,0,0,0,0,0,0,0,0,0,0,0,0,0,0,0,0,0,0,0,0,0,0,0,0,0,0,0,0,0,0,0,0,0,0,0,0,0,0,0,0,0,0,0,0,0,0,3680000,0,0,0,0,0,0,0,0,0,0,0,0,0,0,0,0,0,0,0,0,0,0,0,0,0,0,0,0,0,0,0,0,0,0,0,0,0,0,0,0,0,0,0,0,0,0,0,0,0,0,0,0,0,0,0,0,0,0,0,0,0,0,0,0,0,0,0,0,0,0,0,0,0,0,0,0,0,0,0,0,0,0,0,0,0,0,0,0,0,0,0,0,0,0,0,0,0,0,0,0,0,0,0,0,0,0,0,0,0,0,0,0,0,0,0,0,0,0,0,0,0,0,0,0,0,0,0,0,0,0,0,0,0,0,0,0,0,0,0,0,0
"URY",0,0,0,0,0,9514010000,0,0,0,22020000,0,0,0,0,147050000,0,1878517270000,0,0,0,0,0,0,0,0,14680000,0,0,0,0,333180000,0,117440000,0,0,0,0,385350000,0,0,0,0,0,11010000,0,2874080000,0,0,0,0,0,0,0,0,0,0,0,0,0,2450000,0,0,0,0,0,0,18350000,0,0,0,0,0,0,0,0,0,0,0,0,0,0,0,0,0,0,0,116966920000,0,0,0,0,3670000,0,0,0,0,0,0,76167440000,0,0,0,0,0,0,0,0,0,0,1834380000,0,0,0,0,0,0,0,0,0,0,0,0,0,0,0,0,0,0,0,0,51979520000,5799280000,110100000,0,0,0,0,0,0,0,0,0,0,0,0,0,0,0,0,0,0,0,0,0,0,0,6860000,0,0,0,0,0,0,0,212860000,0,0,0,0,0,0,0,0,0,0,0,0,0,2871860000,0,0,0,627570000,0,0,0,0,0,0,0,0,0,0,0,0
"UZB",0,0,0,0,0,0,0,0,0,0,0,0,0,0,0,0,0,0,0,0,0,0,0,0,0,0,0,0,0,0,0,0,0,0,0,0,0,0,0,0,0,0,0,0,0,0,0,0,0,0,0,0,0,0,0,0,0,0,0,0,0,0,0,0,0,0,0,0,0,0,0,0,0,0,0,0,0,0,0,0,0,0,0,0,0,0,0,0,0,0,0,0,0,0,0,0,0,0,0,0,0,0,0,0,0,0,0,0,0,0,0,0,0,0,0,0,0,0,0,0,0,0,0,0,0,0,0,0,0,0,0,0,0,0,0,0,0,0,0,0,0,0,0,0,0,0,0,0,0,0,0,0,0,0,0,0,0,0,0,0,0,0,0,0,0,0,0,0,0,0,0,0,0,0,0,0,0,0,0,0,0,0,0,0,0,0,0,0,0,0,0,0,0,0,0
"VEN",0,0,0,0,0,0,0,0,0,0,0,0,0,0,0,0,0,0,0,0,0,0,0,0,0,0,0,0,0,0,0,0,696290000,0,0,0,0,0,0,0,0,0,0,0,0,0,0,0,0,0,0,0,0,0,0,0,0,0,0,0,0,0,0,0,0,0,0,0,9800000,0,0,0,0,0,0,0,0,0,0,0,0,0,0,0,0,0,0,0,0,0,0,0,0,0,0,0,0,0,0,0,0,0,0,0,0,0,0,0,0,0,0,0,0,0,0,0,0,0,0,0,0,0,0,0,0,0,0,0,3855320000,0,0,0,0,0,0,0,0,0,0,0,0,0,0,0,0,0,0,0,0,0,0,0,0,0,0,0,0,0,0,0,0,0,0,0,0,0,0,0,0,0,0,0,0,0,0,0,0,0,62230000,0,0,0,0,0,0,0,0,0,0,0,0,0,0,0,0
"VNM",0,0,0,0,0,0,0,0,0,0,0,0,0,0,0,0,0,0,0,0,0,0,0,0,0,0,0,0,0,0,0,0,0,0,0,0,0,0,0,0,0,0,0,0,0,0,0,0,0,0,0,0,0,0,0,0,0,0,0,0,0,0,0,0,0,0,0,0,0,0,0,0,0,0,0,0,0,0,0,0,0,0,0,0,0,0,0,0,0,0,0,0,0,0,0,0,0,0,0,0,0,0,0,0,0,0,0,0,0,0,0,0,0,0,0,0,0,0,0,0,0,0,0,0,0,0,0,0,0,0,0,0,0,0,0,0,0,0,0,0,0,0,0,0,0,0,0,0,0,0,0,0,0,0,0,0,0,0,0,0,0,0,0,0,0,0,0,0,0,0,0,0,0,0,0,0,0,0,0,0,0,0,0,0,0,0,0,0,0,0,0,0,0,0,0
"ETH",0,0,0,0,0,0,17150000,0,0,0,0,0,0,0,0,0,0,0,0,0,0,0,0,0,0,3680000,0,0,0,0,0,0,0,0,0,0,0,0,0,0,0,0,0,0,0,0,0,0,0,0,0,0,0,13230000,0,183260000,0,0,0,42140000,0,0,0,0,0,0,0,0,0,0,0,0,0,0,0,0,0,0,0,0,192380000,13230000,0,0,0,0,0,0,0,0,0,0,0,0,0,0,0,0,0,0,0,0,0,0,0,0,0,0,0,0,0,0,0,0,0,0,4410000,0,0,0,0,0,0,0,0,0,0,0,0,0,0,0,0,0,0,0,0,0,0,0,0,0,0,0,0,0,0,0,0,0,0,0,0,0,0,4410000,0,0,0,4410000,0,12740000,0,0,0,0,0,0,0,0,0,0,0,0,0,0,490000,0,255320000,0,0,0,0,0,0,0,0,0,0,0,0,0,576240000,241080000,0
"YEM",0,0,0,0,0,0,0,0,0,0,0,0,0,0,0,0,0,0,0,0,0,0,0,0,0,0,0,0,0,0,0,0,0,0,0,0,0,0,0,0,0,0,0,0,0,0,0,0,0,0,0,0,0,0,0,0,0,0,0,0,0,0,0,0,0,0,0,0,0,0,0,0,0,0,0,0,0,0,0,0,0,0,0,0,0,0,0,0,0,0,0,0,0,0,0,0,0,0,0,0,0,0,0,0,0,0,0,0,0,0,0,0,0,0,0,0,0,0,0,0,0,0,0,0,0,0,0,0,0,0,0,0,0,0,0,0,0,0,0,0,0,0,0,0,0,0,0,3157320000,0,0,0,0,0,0,0,0,0,0,0,0,0,0,0,0,0,0,0,0,0,0,0,0,0,0,0,0,0,0,0,0,0,0,0,0,0,0,0,0,0,0,0,0,0,0,0
"COD",0,0,0,0,0,0,0,0,0,0,0,0,0,0,0,0,0,0,0,0,0,0,0,0,0,0,0,0,0,0,0,0,0,0,0,0,0,0,0,0,0,0,0,0,0,0,0,0,0,0,0,0,0,0,0,0,0,0,0,0,0,0,0,0,0,0,0,0,0,0,0,0,0,0,0,0,0,0,0,0,0,0,0,0,0,0,0,0,0,0,0,0,0,0,0,0,0,0,0,0,0,0,0,0,0,0,0,0,0,0,0,0,0,0,0,0,0,0,0,0,0,0,0,0,0,0,0,0,0,0,0,0,0,0,0,0,0,0,0,0,0,0,0,0,0,0,0,0,0,0,0,0,0,0,0,0,0,0,0,0,0,0,0,0,0,0,0,0,0,0,0,0,0,0,0,0,0,0,0,0,0,0,0,0,0,0,0,0,0,0,0,0,0,0,0
"ZMB",0,0,0,0,0,0,0,0,0,0,0,0,0,0,0,220800000,0,0,0,0,0,0,0,0,0,0,0,0,0,0,0,0,0,0,0,0,0,0,0,0,0,0,0,0,0,0,0,0,0,0,0,0,0,66240000,0,0,0,0,0,1470000,0,0,0,0,0,0,0,0,0,0,0,0,0,0,0,0,0,0,0,0,0,0,0,0,0,0,0,0,0,0,0,0,0,0,0,0,0,0,0,0,0,0,14720000,0,0,0,0,0,0,0,0,0,0,0,0,0,0,0,0,0,0,0,0,0,0,0,0,0,0,0,0,0,0,0,0,0,0,0,0,59697760000,0,0,0,0,0,0,0,0,0,0,0,0,0,0,0,400460000,0,0,0,0,0,0,0,0,0,16204920000,0,0,0,0,0,0,0,65660000,458160000,0,0,0,0,0,0,0,0,0,0,0,42140000,0,0,0,0,0,0,0,0
"BEL",0,0,53230000,134719300000,0,249670000,6945010000,5515700000,6373470000,171990000,0,1365430000,0,0,3680000,11242400000,1003339410000,0,0,0,2189600000,477150000,268640000,49181960000,149593070000,35501110000,188650000,7698970000,20151680000,44813040000,674750000,70009200000,1449190000,64190000,145799590000,0,15253980000,0,6036480000,391360000,77820620000,9.228e+09,0,2546960000,122010000,35173670000,5404200000,496800000,12699680000,887330000,29440000,1960000,2944850000,842493460000,433700000,9518890000,1558600000,147269380000,2887070000,728311240000,0,90758610000,0,3113010000,0,0,58631950000,6817310000,18929920000,9145290000,278170000,3609830000,1046590000,196490000,594340000,3286500000,61106400000,5376480000,29400000,29872550000,9375910000,50404730000,182783610000,1469020000,22485280000,248521240000,3118940000,246560000,21788920000,3956240000,0,4601190000,6640000,250880000,938890000,2779590000,11393280000,4381150000,0,1089990000,4410000,85292940000,0,78666460000,0,4394140000,909210000,3430000,14633880000,22418370000,107680000,5823630000,53487440000,25760000,46202890000,1960000,2116333400000,0,1142250000,1470000,0,10578390000,165600000,1042610000,419004840000,2139240000,0,92515230000,1546280000,0,8330000,88662660000,176092520000,3350090000,994470000,80360000,0,0,524300000,0,938340000,59003470000,67068030000,0,8696330000,0,0,18400000,8770310000,6860000,8788780000,1741370000,172720000,54773550000,0,167062380000,30604300000,10421760000,0,8.28e+09,44931010000,6702500000,0,0,124438370000,115110400000,124438770000,38274740000,0,589270000,18130000,101663650000,715870000,3463320000,38529480000,0,61971910000,5233660000,170269100000,52543040000,216922800000,187680000,577595120000,287127040000,87636010000,0,237694700000,43181120000,0,20223520000,214150000,13720000,14906460000,17640000,0
"LUX",0,0,0,0,0,0,0,1294800000,0,0,0,0,0,0,0,0,3430000,0,0,0,0,0,0,0,0,0,0,0,0,0,0,7840000,0,0,0,0,0,0,0,0,0,0,0,0,0,0,0,0,0,0,0,0,0,4076450000,0,0,0,0,0,29949780000,0,0,0,0,0,0,0,0,0,0,0,0,0,0,0,0,0,0,0,1.66e+08,0,32830000,0,0,0,0,0,0,0,0,0,0,0,0,0,0,0,0,0,0,0,0,0,0,0,0,0,0,0,0,0,0,0,0,0,0,41055830000,0,0,0,0,0,0,0,0,0,0,0,0,0,0,0,0,0,0,0,0,0,0,0,0,0,3430000,0,0,0,0,0,0,0,0,0,0,0,0,0,0,0,0,0,0,0,0,0,0,0,0,0,0,0,0,0,0,0,0,0,490000,0,0,0,0,0,0,0,0,0,0,0,24520030000,0,0,0,0,0,0
"SRB",0,0,16651010000,0,0,0,25480000,136710000,0,0,0,0,0,0,0,0,0,0,0,0,0,11682770000,0,0,0,0,0,0,0,0,0,4410000,0,0,0,0,0,0,63700000,0,0,0,0,0,0,0,0,0,0,1960000,0,0,0,35280000,0,0,0,0,0,7350000,126972240000,0,0,4315430000,0,0,0,0,0,0,0,0,24023340000,49431700000,0,0,0,0,0,0,228830000,22031160000,0,199200000,0,0,0,0,0,0,0,0,0,0,0,0,0,0,0,0,0,0,0,0,0,0,0,0,0,0,0,0,0,9960000,0,0,490000,0,0,6338040000,0,0,0,0,0,0,0,0,137200000,0,0,0,0,0,0,0,0,0,0,0,23041780000,0,0,0,0,0,0,0,0,0,0,511170000,42140000,0,0,0,0,0,0,0,0,145040000,0,0,15680000,0,0,0,0,0,0,0,3320000,0,0,0,2035160000,92860000,18620000,0,0,0,0,0,0,0,0,0,0,0,0,16280360000,0,0,0
"MNE",0,0,2306430000,0,0,0,43120000,0,0,0,0,0,0,0,0,0,0,0,0,0,0,0,0,0,0,20090000,0,0,0,0,0,0,0,0,0,0,0,0,0,0,0,0,0,0,0,0,0,0,0,0,0,0,0,50470000,0,0,0,0,0,34300000,1658160000,0,0,0,0,0,0,0,0,0,0,0,0,221480000,0,0,0,0,0,0,0,2450000,0,0,0,0,0,0,0,0,0,0,0,0,0,0,0,0,0,0,0,0,0,0,0,0,0,0,0,0,0,0,0,0,0,0,0,0,0,149940000,0,0,0,0,0,0,0,0,0,0,0,0,0,0,0,0,0,0,0,0,0,0,0,0,0,0,0,0,0,0,0,0,0,0,0,0,0,0,0,0,25970000,0,0,0,0,0,0,0,0,0,0,0,0,0,0,0,0,0,80360000,0,0,0,0,0,0,0,0,0,0,0,3061220000,0,0,0,0
"SDN",0,0,0,0,0,0,0,0,0,0,0,0,0,0,0,0,0,0,0,0,0,0,0,0,0,0,0,0,0,0,0,0,0,0,0,0,0,0,0,0,0,0,0,0,0,0,0,0,0,0,0,0,0,0,0,0,0,0,0,0,0,0,0,0,0,0,0,0,0,0,0,0,0,0,0,0,0,0,0,0,0,0,0,0,0,0,0,0,0,0,0,0,0,0,0,0,0,0,0,0,0,0,0,0,0,0,0,0,0,0,0,0,0,0,0,0,0,0,0,0,0,0,0,0,0,0,0,0,0,0,0,0,0,0,0,0,0,0,0,0,0,0,0,0,0,0,0,0,0,0,0,0,0,0,0,0,0,0,0,0,0,0,0,0,0,0,0,0,0,0,0,0,0,0,0,0,0,0,0,0,0,0,0,0,0,0,0,0,0,0,0,0,0,0,0
"SSD",0,0,0,0,0,0,0,0,0,0,0,0,0,0,0,0,0,0,0,0,0,0,0,0,0,0,0,0,0,0,0,0,0,0,0,0,0,0,0,0,0,0,0,0,0,0,0,0,0,0,0,0,0,0,0,0,0,0,0,0,0,0,0,0,0,0,0,0,0,0,0,0,0,0,0,0,0,0,0,0,0,0,0,0,0,0,0,0,0,0,0,0,0,0,0,0,0,0,0,0,0,0,0,0,0,0,0,0,0,0,0,0,0,0,0,0,0,0,0,0,0,0,0,0,0,0,0,0,0,0,0,0,0,0,0,0,0,0,0,0,0,0,0,0,0,0,0,0,0,0,0,0,0,0,0,0,0,0,0,0,0,0,0,0,0,0,0,0,0,0,0,0,0,0,0,0,0,0,0,0,0,0,0,0,0,0,0,0,0,0,0,0,0,0,0
"PSE",0,0,0,0,0,0,0,0,0,0,0,0,0,0,0,0,0,0,0,0,0,0,0,0,0,0,0,0,0,0,0,0,0,0,0,0,0,0,0,0,0,0,0,0,0,0,0,0,0,0,0,0,0,0,0,0,0,0,0,0,0,0,0,0,0,0,0,0,0,0,0,0,0,0,0,0,0,0,0,0,0,0,0,0,0,0,0,0,0,0,0,0,0,0,0,0,0,0,0,0,0,0,0,0,0,0,0,0,0,0,0,0,0,0,0,0,0,0,0,0,0,0,0,0,0,0,0,0,0,0,0,0,0,0,0,0,0,0,0,0,0,0,0,0,0,0,0,0,0,0,0,0,0,0,0,0,0,0,0,0,0,0,0,0,0,0,0,0,0,0,0,0,0,0,0,0,0,0,0,0,0,0,0,0,0,0,0,0,0,0,0,0,0,0,0
