"","ARM","AFG","ALB","DZA","ATG","ARG","AUS","AUT","BHS","BHR","BRB","BGD","BMU","BTN","BOL","BWA","BRA","ARB","BLZ","SLB","BRN","BGR","MMR","BDI","CMR","CAN","CPV","CAF","LKA","TCD","CHL","CHN","COL","COM","COG","COK","CRI","CUB","CYP","AZE","BEN","DNK","DMA","DOM","BLR","ECU","EGY","SLV","GNQ","EST","FRO","FJI","FIN","FRA","PYF","DJI","GEO","GAB","GMB","DEU","BIH","GHA","KIR","GRC","GRL","GRD","GTM","GIN","GUY","HTI","HND","HKG","HUN","HRV","ISL","IND","IDN","IRN","IRQ","IRL","ISR","ITA","CIV","KAZ","JAM","JPN","JOR","KGZ","KEN","KHM","PRK","KOR","KWT","LVA","LAO","LBN","LSO","LBR","LBY","LTU","MAC","MDG","MWI","MYS","MDV","MLI","MLT","MRT","MUS","MEX","MNG","MAR","MOZ","MDA","NAM","NPL","NLD","ANT","NCL","MKD","VUT","NZL","NIC","NER","NGA","NOR","PAK","PAN","CZE","PNG","PRY","PER","PHL","POL","PRT","GNB","TLS","ERI","QAT","ZWE","ROU","RWA","RUS","KNA","LCA","VCT","STP","SAU","SEN","SYC","SLE","SVN","SVK","SGP","SOM","ZAF","ESP","SUR","TJK","SWZ","SWE","CHE","SYR","TKM","TWN","TZA","THA","TGO","TON","TTO","OMN","TUN","TUR","ARE","UGA","TUV","GBR","UKR","USA","BFA","URY","UZB","VEN","VNM","ETH","YEM","COD","ZMB","BEL","LUX","SRB","MNE","SDN","SSD","PSE"
"ARM",0,0,0,0,0,0,0,0,0,0,0,0,0,0,0,0,0,0,0,0,0,0,0,0,0,0,0,0,0,0,0,0,0,0,0,0,0,0,0,0,0,0,0,0,3301200,0,0,0,0,32664600,0,0,0,78600,0,0,1136437200,0,0,39300,0,0,0,0,0,0,0,0,0,0,0,0,0,0,0,0,0,45423750,0,0,0,19650,0,16840050,0,0,0,0,0,0,0,0,0,0,0,0,0,0,0,0,0,0,0,0,0,0,0,0,0,0,0,0,0,0,0,0,0,0,0,0,0,0,0,0,0,0,0,0,0,0,0,0,0,0,0,0,0,0,0,0,0,0,140477850,0,0,0,0,0,0,0,0,0,0,0,0,0,0,0,0,0,0,78600,0,23697900,0,0,0,0,0,0,0,0,0,766350,0,0,98250,0,15282900,0,0,0,0,0,0,0,0,0,0,0,0,0,0,0,0
"AFG",0,0,0,0,0,0,0,39300,0,0,0,0,0,0,0,0,0,0,0,0,0,0,0,0,0,39300,0,0,0,0,0,0,0,0,0,0,0,0,0,0,0,0,0,0,0,0,0,0,0,0,0,0,0,0,0,0,0,0,0,19650,0,0,0,0,0,0,0,0,0,0,0,0,0,0,0,0,0,0,0,0,0,0,0,0,0,0,0,0,0,0,0,0,0,0,0,0,0,0,0,0,0,0,0,0,0,0,0,0,78600,0,0,0,78600,0,0,0,0,0,0,0,0,0,0,0,0,0,0,0,0,0,0,0,0,0,0,0,0,0,0,0,0,0,0,0,0,0,0,0,0,19650,0,0,0,0,0,0,0,0,0,0,0,0,0,0,0,0,0,0,0,0,0,0,0,0,0,0,0,0,0,0,0,0,0,0,0,0,0,0,0,0,0,0,0,0,0
"ALB",0,0,0,0,0,0,0,0,0,0,0,0,0,0,0,0,0,0,0,0,0,0,0,0,0,0,0,0,0,0,0,0,0,0,0,0,0,0,0,0,0,0,0,0,0,0,0,0,0,0,0,0,0,0,0,0,0,0,0,0,0,0,0,0,0,0,0,0,0,0,0,0,0,0,0,0,0,0,0,0,0,0,0,0,0,0,0,0,0,0,0,0,0,0,0,0,0,0,0,0,0,0,0,0,0,0,0,0,0,0,0,0,0,0,0,0,0,0,0,142403550,0,0,0,0,0,0,0,0,0,0,0,0,0,0,0,0,0,0,0,0,0,0,0,0,0,0,0,0,0,0,0,0,0,0,0,0,0,0,0,0,0,0,0,0,0,0,0,0,0,0,0,0,0,0,0,0,0,0,0,0,0,0,0,0,0,0,0,0,0,0,103433250,0,0,0,0
"DZA",0,0,0,0,0,0,0,0,0,0,0,0,0,0,0,0,0,0,0,0,0,0,0,0,0,3004350,0,0,0,0,0,0,0,0,0,0,0,0,0,0,0,0,0,0,0,0,0,0,0,0,0,0,0,853200000,0,0,0,0,0,4763700000,0,0,0,0,0,0,0,0,0,0,0,0,0,0,0,0,0,0,0,0,0,817650,687750,0,0,0,0,0,0,0,0,0,0,0,0,0,0,0,52996050,0,0,0,0,0,0,0,0,393000,0,0,0,23521050,0,0,0,0,924300000,0,0,0,0,0,0,0,0,0,0,0,0,0,0,0,0,0,0,0,0,0,0,0,0,0,0,0,0,0,0,0,825300,0,0,0,0,0,0,0,284400000,0,0,0,0,0,0,0,0,0,0,0,0,0,0,29023050,9039000,19650,0,0,2349855000,0,0,0,0,0,0,0,0,0,0,0,0,0,0,0,0,0,0
"ATG",0,0,0,0,0,0,0,0,0,0,0,0,0,0,0,0,0,0,0,0,0,0,0,0,0,0,0,0,0,0,0,0,0,0,0,0,0,0,0,0,0,0,0,0,0,0,0,0,0,0,0,0,0,0,0,0,0,0,0,0,0,0,0,0,0,0,0,0,0,0,0,0,0,0,0,0,0,0,0,0,0,0,0,0,0,0,0,0,0,0,0,0,0,0,0,0,0,0,0,0,0,0,0,0,0,0,0,0,0,0,0,0,0,0,0,0,0,0,0,0,0,0,0,0,0,0,0,0,0,0,0,0,0,0,0,0,0,0,0,0,0,0,0,0,0,0,0,0,0,0,0,0,0,0,0,0,0,0,0,0,0,0,0,0,0,0,0,0,0,0,0,0,0,0,0,0,0,0,0,0,0,0,0,0,0,0,0,0,0,0,0,0,0,0,0
"ARG",17842200,0,0,55118250,0,0,2706669600,0,0,1689900,20337750,0,0,0,3661583850,15877200,19055705400,0,0,0,0,39653700,0,0,0,901463400,142010550,0,0,0,11835767250,29416050,677473050,0,0,0,127390950,81351000,0,32245650,0,6052200,0,19473150,0,1758183750,5953950,1218300,10080450,22401000,0,0,0,393000,0,0,23167350,0,2397300,0,0,0,0,0,0,2829600,62801400,0,4224750,9707100,24444600,0,0,0,0,4342650,0,0,355252350,0,3167756850,786000,0,0,20632500,3776769300,341438400,0,0,0,0,14108700,189072300,8233350,0,258535050,0,0,48790950,0,0,20121600,0,0,0,0,0,11102250,2416950,294337350,71191950,13342350,499326150,0,0,0,3254786700,0,0,13401300,0,200705100,6995400,0,98800200,0,0,5580600,0,0,5281014000,788672400,46747350,334050,0,0,0,0,8410200,0,4892850,0,0,1513050,1336200,2692050,0,985624350,0,0,293531700,0,0,0,0,173548800,272820600,30693300,0,0,1061100,0,0,0,23069100,0,2073723450,0,0,124581000,10945050,2554500,0,735853200,0,0,707400,0,829976700,0,6670979850,0,105875850,50854200,8311950,80309550,22715400,0,0,0,0,0,40125300,0,80820450
"AUS",0,0,4595400,0,0,0,0,0,0,2534850,0,9235500,0,0,0,0,0,0,0,32717250,582386700,0,53055000,0,0,1170196800,0,0,2849250,0,58950,1564759800,0,0,0,3478050,0,0,46118550,1120050,0,38317500,0,0,0,0,0,0,0,0,0,760561950,0,1866750,423378900,0,2240100,0,0,1630950,0,0,0,117900,0,0,0,0,0,0,0,7585312650,0,0,0,110040000,3371376600,0,0,1316550,0,1257600,0,2181150,15543150,29853747600,163200,0,19650,1047750,0,124393550,22970850,0,0,0,0,0,0,0,2285700,0,0,7024544350,255450,0,0,0,0,0,0,0,0,0,0,0,65753600,0,460089600,0,96658350,76471841150,0,0,0,0,0,0,1886400,1075796100,0,123598500,6735410850,0,98250,0,44900250,0,3890700,0,42188550,0,0,0,0,0,0,39673350,0,0,0,0,0,5496904500,0,22951200,196500,0,0,0,0,1132800,0,0,788944800,0,4220196150,0,2299050,0,12772500,0,6622050,180681750,0,0,393393000,0,591746700,0,0,0,0,100686600,0,0,0,0,99704100,0,0,0,0,0,0
"AUT",46904550,0,331868850,383764500,0,238347450,1613039700,0,0,117900,0,0,0,0,39300,0,228070500,0,0,0,0,2737881150,0,0,2495550,177383700,0,0,0,0,204556500,224481600,10021500,0,0,0,10414500,98250,268605600,32874450,0,110724750,0,3733500,73556250,0,36784800,0,0,154085100,0,0,903210450,16744506000,0,0,20730900,0,0,119320404000,3490830600,19650,0,3486046650,0,0,0,0,0,0,0,104046750,14917436200,20236612650,53094300,353700,15543150,145494900,2672400,22283100,892896000,15392765650,19650,15205650,589500,3634621200,18372750,786000,196500,0,0,43151400,62526300,48280050,19650,6563100,0,0,148554000,2518251300,0,0,0,687750,4853550,0,66731400,0,21025500,24523200,3413850,746700,0,34682250,1454100,0,2660637450,0,0,1127359800,0,2717250,0,0,373350,2224379550,19650,0,28664204850,0,63469500,15543150,27726150,26714169300,3179882250,0,0,0,903900,0,6607876800,19650,1553221350,0,0,0,0,43878450,111300,196500,0,10527189150,23344951850,23957400,0,218665200,27613102200,0,844950,0,7790265450,20416477400,58950,10453800,13558500,0,196500,0,0,0,0,98250,1262982600,127971800,0,0,4100614350,1001902950,7838679750,0,78349950,36451500,0,78600,2043600,2947500,621450,0,11239120350,156749100,3140590950,1157404650,0,0,0
"BHS",0,0,0,0,0,0,0,0,0,0,0,0,0,0,0,0,0,0,0,0,0,0,0,0,0,0,0,0,0,0,0,0,0,0,0,0,0,0,0,0,0,0,0,0,0,0,0,0,0,0,0,0,0,0,0,0,0,0,0,0,0,0,0,0,0,0,0,0,0,0,0,0,0,0,0,0,0,0,0,0,0,0,0,0,0,0,0,0,0,0,0,0,0,0,0,0,0,0,0,0,0,0,0,0,0,0,0,0,0,0,0,0,0,0,0,0,0,0,0,0,0,0,0,0,0,0,0,0,0,0,0,0,0,0,0,0,0,0,0,0,0,0,0,0,0,0,0,0,0,0,0,0,0,0,0,0,0,0,0,0,0,0,0,0,0,0,0,0,0,0,0,0,0,0,0,0,0,0,0,0,0,0,0,0,0,0,0,0,0,0,0,0,0,0,0
"BHR",0,0,0,0,58950,0,0,0,19650,0,0,0,0,0,0,0,0,0,0,0,0,0,0,0,0,0,0,0,0,0,0,0,0,0,0,0,0,0,78600,0,0,39300,0,0,0,0,0,0,0,0,0,0,0,0,0,0,0,0,0,0,0,0,0,19650,0,0,0,0,0,0,0,0,0,0,0,0,0,0,0,0,0,0,0,0,0,0,0,0,0,0,0,0,59775300,0,0,0,0,451950,0,0,0,0,0,0,0,0,982500,0,0,0,0,0,0,0,0,0,0,0,0,0,923550,0,0,0,0,39300,0,98250,0,0,0,0,0,0,19650,0,0,0,36148500,0,0,0,0,0,0,0,0,4025881200,0,0,0,0,0,235800,0,0,0,0,0,0,0,0,0,0,0,0,0,0,0,0,21850800,0,0,137877450,0,0,1847100,0,589500,0,0,0,0,0,0,0,0,0,19650,0,0,0,0,0,0
"BRB",0,0,0,0,1081650,0,0,0,0,0,0,0,0,0,0,0,0,0,0,0,0,0,0,0,0,0,0,0,0,0,0,0,0,0,0,0,0,0,0,0,0,0,533250,0,0,0,0,0,0,0,0,0,0,0,0,0,0,0,0,0,0,0,0,0,0,0,0,0,0,0,0,0,0,0,0,0,0,0,0,0,0,0,0,0,0,0,0,0,0,0,0,0,0,0,0,0,0,0,0,0,0,0,0,0,0,0,0,0,0,0,0,0,0,0,0,0,0,0,0,0,0,0,0,0,0,0,0,0,0,0,0,0,0,0,0,0,0,0,0,0,0,0,0,0,248850,491250,0,0,0,0,0,0,0,0,0,0,0,0,0,0,0,0,0,0,0,0,0,0,0,52200,0,0,0,0,0,0,98250,0,52779900,0,0,0,0,0,0,0,0,0,0,0,0,0,0,0,0
"BGD",0,0,0,0,0,0,0,0,0,0,0,0,0,0,0,0,0,0,0,0,0,0,0,0,0,0,0,0,943200,0,0,0,0,0,0,0,0,0,0,0,0,0,0,0,0,0,0,0,0,0,0,0,0,1179000,0,0,0,0,0,0,0,0,0,0,0,0,0,0,0,0,0,176850,0,0,0,768315000,0,0,0,0,0,0,0,0,0,0,0,0,0,39300,0,0,0,0,0,157200,0,0,0,0,0,0,0,0,0,0,0,0,31381050,0,0,0,0,0,0,316915200,0,0,0,0,0,844950,0,0,0,0,0,0,0,0,0,0,0,0,0,0,0,0,6838200,0,0,0,0,0,0,0,0,0,0,0,0,0,0,0,0,0,0,0,0,0,0,19650,0,0,0,0,0,0,0,0,0,0,0,3478050,0,0,0,0,0,0,0,0,0,27490350,0,0,0,0,0,0,0,0,0,0,0
"BMU",0,0,0,0,0,0,0,0,0,0,0,0,0,0,0,0,0,0,0,0,0,0,0,0,0,0,0,0,0,0,0,0,0,0,0,0,0,0,0,0,0,0,0,0,0,0,0,0,0,0,0,0,0,0,0,0,0,0,0,0,0,0,0,0,0,0,0,0,0,0,0,0,0,0,0,0,0,0,0,0,0,0,0,0,0,0,0,0,0,0,0,0,0,0,0,0,0,0,0,0,0,0,0,0,0,0,0,0,0,0,0,0,0,0,0,0,0,0,0,0,0,0,0,0,0,0,0,0,0,0,0,0,0,0,0,0,0,0,0,0,0,0,0,0,0,0,0,0,0,0,0,0,0,0,0,0,0,0,0,0,0,0,0,0,0,0,0,0,0,0,0,0,0,0,0,0,0,0,0,0,0,0,0,0,0,0,0,0,0,0,0,0,0,0,0
"BTN",0,0,0,0,0,0,0,0,0,0,0,0,0,0,0,0,0,0,0,0,0,0,0,0,0,0,0,0,0,0,0,0,0,0,0,0,0,0,0,0,0,0,0,0,0,0,0,0,0,0,0,0,0,0,0,0,0,0,0,0,0,0,0,0,0,0,0,0,0,0,0,0,0,0,0,0,0,0,0,0,0,0,0,0,0,0,0,0,0,0,0,0,0,0,0,0,0,0,0,0,0,0,0,0,0,0,0,0,0,0,0,0,0,0,0,0,0,0,0,0,0,0,0,0,0,0,0,0,0,0,0,0,0,0,0,0,0,0,0,0,0,0,0,0,0,0,0,0,0,0,0,0,0,0,0,0,0,0,0,0,0,0,0,0,0,0,0,0,0,0,0,0,0,0,0,0,0,0,0,0,0,0,0,0,0,0,0,0,0,0,0,0,0,0,0
"BOL",0,0,0,0,0,11318400,13899150,53820000,0,0,0,0,0,0,0,0,0,0,0,0,0,0,0,0,0,0,0,0,0,0,10847050,0,0,0,0,0,0,0,0,0,0,40199500,0,0,0,0,0,0,0,0,0,0,0,2829600,0,0,0,0,0,602017200,0,0,0,0,0,0,0,0,0,0,0,0,0,0,0,0,0,0,0,0,0,35235000,0,0,0,628800,0,0,0,0,0,0,0,0,0,0,0,0,0,0,0,0,0,0,0,0,0,0,0,864600,0,0,0,0,0,0,569850,0,0,0,0,0,0,0,0,0,0,0,0,0,0,0,0,0,0,0,0,0,0,0,0,0,0,0,0,0,0,0,0,0,0,0,0,0,0,0,628800,0,0,0,196500,358524000,0,0,2070000,0,0,0,0,0,0,0,0,0,0,0,0,0,84525600,0,0,0,0,0,0,0,0,0,0,0,0,0,0,0,0
"BWA",0,0,0,0,0,0,0,0,0,0,0,0,0,0,0,0,0,0,0,0,0,0,0,0,0,0,0,0,0,0,0,0,0,0,0,0,0,0,0,0,0,0,0,0,0,0,0,0,0,0,0,0,0,0,0,0,0,0,0,0,0,0,0,0,0,0,0,0,0,0,0,0,0,0,0,0,0,0,0,0,0,0,0,0,0,0,0,0,0,0,0,0,0,0,0,0,0,0,0,0,0,0,0,0,0,0,0,0,0,0,0,0,0,0,753550,0,0,0,0,0,0,0,0,0,0,0,0,0,0,0,0,0,0,0,0,0,0,0,0,0,0,0,0,0,0,0,0,0,0,0,0,0,0,0,0,48490850,0,0,0,0,0,0,0,0,0,0,0,0,0,0,0,0,0,0,0,0,0,0,0,0,0,0,0,0,0,0,0,0,0,0,0,0,0,0,0
"BRA",99605850,0,36018450,31872300,471600,134574854150,161933650,1454100,1198650,58950,0,0,0,0,13945555800,113459100,0,0,0,0,0,6052200,0,0,0,1624903500,836421900,0,0,0,34448966650,368242050,4006714200,0,184493850,0,703307550,695277600,0,0,165669150,19374300,235800,1850970450,0,1258046700,100215000,146392500,90252450,0,0,48083550,373350,1865589600,0,11868600,82215600,27175950,502509450,3913320000,0,717480450,0,0,0,0,2927850,343992900,20082300,1124314050,38631900,171147000,338510550,2967150,0,334090650,0,5541300,98387550,2456250,457845000,7259250,86067000,0,517205700,2794177600,133855800,0,107858850,0,0,1276333050,14973300,77617500,0,107465850,0,166278300,55098600,22911900,0,7250850,0,0,0,231712800,0,210372900,262740150,5007162850,26429250,16604250,65827500,0,41422200,8154750,21239179150,0,0,14442750,11986500,14030100,73982250,110138250,98623350,0,25152000,600228900,0,0,21059183300,2072350350,83065350,235800,121399800,41520450,0,0,5836050,6130800,8665650,0,194934300,786000,0,78600,11082600,77499600,125052600,0,336015000,0,16289850,133398600,13774650,1643015100,31285800,413828850,0,0,18726450,180302700,0,1120050,27314400,16407750,770599050,105520500,0,1284897600,24464250,11220150,45666600,649787250,11947200,0,123589050,3812100,83866575500,63666000,15427629500,0,954321900,194672550,116701350,909244800,1472885400,95715150,91787400,0,12576000,0,13735350,0,0
"ARB",0,0,0,0,0,0,0,0,0,0,0,0,0,0,0,0,0,0,0,0,0,0,0,0,0,0,0,0,0,0,0,0,0,0,0,0,0,0,0,0,0,0,0,0,0,0,0,0,0,0,0,0,0,0,0,0,0,0,0,0,0,0,0,0,0,0,0,0,0,0,0,0,0,0,0,0,0,0,0,0,0,0,0,0,0,0,0,0,0,0,0,0,0,0,0,0,0,0,0,0,0,0,0,0,0,0,0,0,0,0,0,0,0,0,0,0,0,0,0,0,0,0,0,0,0,0,0,0,0,0,0,0,0,0,0,0,0,0,0,0,0,0,0,0,0,0,0,0,0,0,0,0,0,0,0,0,0,0,0,0,0,0,0,0,0,0,0,0,0,0,0,0,0,0,0,0,0,0,0,0,0,0,0,0,0,0,0,0,0,0,0,0,0,0,0
"BLZ",0,0,0,0,0,0,0,68931000,0,0,0,0,0,0,0,0,0,0,0,0,0,0,0,0,0,4594350,0,0,0,0,0,0,0,0,0,0,0,0,0,0,0,0,0,0,0,0,0,0,0,0,0,0,0,25875000,0,0,0,0,0,11178000,0,0,0,0,0,0,0,0,0,0,0,0,0,0,0,0,0,0,0,0,0,0,0,0,0,0,0,0,0,0,0,0,0,0,0,0,0,0,0,0,0,0,0,0,0,0,0,0,0,0,0,0,0,0,0,0,0,0,0,0,0,0,0,0,0,0,0,0,0,0,0,0,0,0,0,0,0,0,0,0,0,0,0,0,0,0,0,0,0,0,0,0,0,0,0,0,0,0,0,0,0,62100,0,0,0,0,0,0,0,0,0,0,0,0,0,0,0,0,125421300,0,0,0,0,0,0,0,0,0,0,0,0,0,0,0,0
"SLB",0,0,0,0,0,0,510900,0,0,0,0,0,0,0,0,0,0,0,0,0,0,0,0,0,0,0,0,0,0,0,0,0,0,0,0,0,0,0,0,0,0,0,0,0,0,0,0,0,0,0,0,1966500,0,0,0,0,0,0,0,0,0,0,0,0,0,0,0,0,0,0,0,0,0,0,0,0,2359800000,0,0,0,0,0,0,0,0,0,0,0,0,0,0,0,0,0,0,0,0,0,0,0,0,0,0,6415199100,0,0,0,0,0,0,0,0,0,0,0,0,0,0,0,0,0,25254000,0,0,0,0,0,0,0,0,0,0,0,0,0,0,0,0,0,0,0,0,0,0,0,0,0,0,0,0,0,0,0,61975800,0,0,0,0,0,0,0,0,0,0,0,0,0,0,0,0,0,0,0,0,0,0,0,0,124200000,0,0,0,0,0,0,0,0,0,0,0,0,0,0,0,0
"BRN",0,0,0,0,0,0,3438750,0,0,0,0,0,0,0,0,0,0,0,0,0,0,0,0,0,0,0,0,0,0,0,0,0,0,0,0,0,0,0,0,0,0,0,0,0,0,0,19650,0,0,0,0,0,0,0,0,0,0,0,0,0,0,0,0,0,0,0,0,0,0,0,0,0,0,0,0,0,0,0,0,0,0,0,0,0,0,0,0,0,0,0,0,0,0,0,0,0,0,0,0,0,0,0,0,1338558000,0,0,0,0,0,0,0,0,0,0,0,0,0,0,0,0,0,0,0,0,0,0,0,0,0,0,0,0,2279400,0,0,0,0,0,0,0,0,0,0,0,0,0,0,0,0,0,0,0,0,5167950,0,0,0,0,0,0,0,0,9432000,0,0,0,0,0,0,0,0,0,0,0,0,0,0,0,0,0,0,0,0,0,0,0,0,0,0,0,0,0,0,0,0
"BGR",112005000,0,16113000,636267000,0,0,31554000,3465867000,0,7270500,0,0,0,0,0,0,75652500,0,0,0,0,0,0,0,0,131851500,0,0,0,0,0,40602450,0,0,0,0,0,0,469917000,13165500,0,8442450,0,0,0,0,95892000,0,0,3999900,0,0,11331000,44996250,0,0,67087500,0,0,1097874000,533881950,393000,0,9444667550,0,0,0,0,0,0,0,136764000,3388533600,10521003000,294750,0,0,76212000,130476000,26539800,156001350,375026400,0,2947500,0,32226000,65041500,3144000,0,0,0,0,205932000,19844550,0,438603300,0,0,539196000,624487500,0,0,0,0,0,0,3712800,0,0,16899000,104145000,0,0,11004000,0,0,689715000,0,0,1190056500,0,0,0,0,786000,2436600,13951500,0,2891572200,0,0,0,0,10086122850,23067150,0,0,0,5895000,0,30049850000,0,1704152400,0,0,0,0,475137000,0,0,0,44941350,1887565500,155235000,0,0,3195821850,0,0,0,44998500,1890000,0,0,0,0,0,0,0,0,0,0,53425689000,2156784000,0,0,955579500,19060500,621726000,0,0,0,0,0,0,7860000,0,0,124252500,0,3165379500,79593000,0,0,67792500
"MMR",0,0,0,0,0,0,0,0,0,0,0,0,0,0,0,0,0,0,0,0,0,0,0,0,0,0,0,0,0,0,0,0,0,0,0,0,0,0,0,0,0,0,0,0,0,0,0,0,0,0,0,0,0,0,0,0,0,0,0,0,0,0,0,0,0,0,0,0,0,0,0,0,0,0,0,0,0,0,0,0,0,0,0,0,0,0,0,0,0,0,0,0,0,0,0,0,0,0,0,0,0,0,0,0,0,0,0,0,0,0,0,0,0,0,0,0,0,0,0,0,0,0,0,0,0,0,0,0,0,0,0,0,0,0,0,0,0,0,0,0,0,0,0,0,0,0,0,0,0,0,0,0,0,0,0,0,0,0,0,0,0,0,0,0,0,0,0,0,0,0,0,0,0,0,0,0,0,0,0,0,0,0,0,0,0,0,0,0,0,0,0,0,0,0,0
"BDI",0,0,0,0,0,0,0,0,0,0,0,0,0,0,0,0,0,0,0,0,0,0,0,0,0,0,0,0,0,0,0,0,0,0,0,0,0,0,0,0,0,0,0,0,0,0,0,0,0,0,0,0,0,0,0,0,0,0,0,0,0,0,0,0,0,0,0,0,0,0,0,0,0,0,0,0,0,0,0,0,0,0,0,0,0,0,0,0,0,0,0,0,0,0,0,0,0,0,0,0,0,0,0,0,0,0,0,0,0,0,0,0,0,0,0,0,0,0,0,0,0,0,0,0,0,0,0,0,0,0,0,0,0,0,0,0,0,0,0,0,0,0,0,0,0,0,0,0,0,0,0,0,0,0,0,0,0,0,0,0,0,0,0,0,0,0,0,0,0,0,0,0,0,0,0,0,0,0,0,0,0,0,0,0,0,0,0,0,0,0,0,0,0,0,0
"CMR",0,0,0,0,0,0,0,0,0,0,0,0,0,0,0,0,154759950,0,0,0,0,0,0,0,0,0,0,308707800,0,984406050,0,6202913850,0,0,3473373300,0,0,0,0,0,0,0,0,0,0,0,0,0,981497850,1505552400,0,0,0,69151835850,0,0,0,4233042300,9883950,13315963950,0,3065400,0,0,0,0,0,0,0,0,0,0,0,0,0,0,18825686100,0,0,0,29317800,1111414200,17704650,0,0,467240400,0,0,0,0,0,0,0,0,0,0,0,0,35468250,0,0,0,0,86685025650,0,0,0,0,0,0,0,0,57122550,0,0,0,648368285200,0,0,0,0,0,0,0,7349100,0,0,0,0,0,0,0,0,0,0,0,0,0,0,0,0,0,0,0,0,0,0,132750,21202350,0,0,0,0,13435386600,0,9274800,36143854650,0,0,0,0,1454100,0,0,0,0,7026780600,0,0,0,0,0,764595900,0,0,0,157200,0,19667193450,0,0,0,0,0,0,0,0,0,91321528500,0,0,0,0,0,0
"CAN",0,0,0,53801700,0,0,746640600,23254350,746700,3515250,27218250,3713850,0,0,0,0,528054450,0,0,0,58950,1296900,0,0,0,0,0,0,0,0,109378350,2095161600,1447458300,0,19650,0,823963800,71133000,12065100,3085050,0,2259750,137550,0,0,0,8803200,1532700,0,0,0,0,0,194216850,0,0,0,0,0,483376050,0,5777100,0,0,0,0,56827800,0,1473750,491250,3144000,171364650,0,8036850,4004700,8877900,12241950,0,2711700,67360200,11907900,35212650,0,0,65729250,3433995600,1198650,0,0,0,0,183177300,96026550,0,0,30261000,0,0,2161500,2122200,0,0,78600,120041850,0,0,0,0,19650,36346835400,0,0,0,0,0,0,613697100,0,0,294750,0,65748900,432300,0,0,0,5875350,0,393000,0,1061100,4637400,3674550,3320850,9589200,0,0,0,10846800,0,7172250,0,2456250,0,0,19650,0,15759300,746700,0,2888550,0,0,33915900,0,34171350,1595970000,7742100,0,0,38429850,314400,0,0,630152250,3635250,648450,0,0,52039050,24012300,0,0,118050750,1493400,0,1263187250,2751000,1281243559900,7329450,0,0,0,0,0,4499850,0,0,1681323150,2161500,4008600,0,0,0,0
"CPV",0,0,0,0,0,0,0,0,0,0,0,0,0,0,0,0,0,0,0,0,0,0,0,0,0,0,0,0,0,0,0,0,0,0,0,0,0,0,0,0,0,0,0,0,0,0,0,0,0,0,0,0,0,0,0,0,0,0,0,0,0,0,0,0,0,0,0,0,0,0,0,0,0,0,0,0,0,0,0,0,0,0,0,0,0,0,0,0,0,0,0,0,0,0,0,0,0,0,0,0,0,0,0,0,0,0,0,0,0,0,0,0,0,0,0,0,5993250,0,0,0,0,0,0,0,0,0,0,0,0,0,0,0,0,0,903900,0,0,0,0,0,0,0,0,0,0,0,0,0,0,0,0,0,0,0,0,0,16623900,0,0,0,0,0,0,0,0,0,0,0,0,0,0,0,0,0,0,0,0,0,0,0,0,0,0,0,0,0,0,0,0,0,0,0,0,0,0
"CAF",0,0,0,0,0,0,0,0,0,0,0,0,0,0,0,0,0,0,0,0,0,0,0,0,0,0,0,0,0,0,0,0,0,0,0,0,0,0,0,0,0,0,0,0,0,0,0,0,0,0,0,0,0,0,0,0,0,0,0,0,0,0,0,0,0,0,0,0,0,0,0,0,0,0,0,0,0,0,0,0,0,0,0,0,0,0,0,0,0,0,0,0,0,0,0,0,0,0,0,0,0,0,0,0,0,0,0,0,0,0,0,0,0,0,0,0,0,0,0,0,0,0,0,0,0,0,0,0,0,0,0,0,0,0,0,0,0,0,0,0,0,0,0,0,0,0,0,0,0,0,0,0,0,0,0,0,0,0,0,0,0,0,0,0,0,0,0,0,0,0,0,0,0,0,0,0,0,0,0,0,0,0,0,0,0,0,0,0,0,0,0,0,0,0,0
"LKA",0,0,0,0,0,0,22431150,1221300,0,9499200,0,79989100,0,0,0,0,0,0,1325490750,0,0,0,0,0,0,543800,0,0,0,0,0,58950,602842350,0,0,0,0,0,1764150,0,0,0,0,0,0,0,0,0,0,0,0,0,1014300,0,0,0,0,0,0,12630450,0,0,0,0,0,0,0,0,3654900,0,0,1537500,0,0,0,1572551600,0,0,0,0,0,0,0,0,0,3357450,1886400,0,0,0,0,20700,0,0,0,0,0,0,0,0,0,0,0,1159200,60933000,0,0,0,0,0,0,0,0,0,0,40125300,824781450,0,0,0,0,0,0,0,0,0,393000,0,0,0,0,0,0,0,0,0,0,0,185968800,0,0,0,0,0,0,0,0,41827200,0,0,0,0,0,0,0,0,0,0,0,414000,3539700,1883700,0,0,0,0,1552350,0,0,0,1097100,0,0,1171121100,0,0,6631200,1076400,0,0,0,0,0,0,0,0,0,0,0,0,0,0,0,0,0
"TCD",0,0,0,0,0,0,0,0,0,0,0,0,0,0,0,0,0,0,0,0,0,0,0,0,0,0,0,0,0,0,0,0,0,0,0,0,0,0,0,0,0,0,0,0,0,0,0,0,0,0,0,0,0,0,0,0,0,0,0,0,0,0,0,0,0,0,0,0,0,0,0,0,0,0,0,0,0,0,0,0,0,0,0,0,0,0,0,0,0,0,0,0,0,0,0,0,0,0,0,0,0,0,0,0,0,0,0,0,0,0,0,0,0,0,0,0,0,0,0,0,0,0,0,0,0,0,0,0,0,0,0,0,0,0,0,0,0,0,0,0,0,0,0,0,0,0,0,0,0,0,0,0,0,0,0,0,0,0,0,0,0,0,0,0,0,0,0,0,0,0,0,0,0,0,0,0,0,0,0,0,0,0,0,0,0,0,0,0,0,0,0,0,0,0,0
"CHL",0,0,0,0,0,706515750,0,0,0,0,0,0,0,0,8729178450,0,57771000,0,0,0,0,0,0,0,0,8606700,0,0,0,0,0,39300,680381250,0,0,0,1098690450,230003250,0,0,0,0,0,182568150,0,2446744750,0,194908350,0,0,0,0,0,0,0,0,0,0,0,0,0,0,0,2593800,0,0,72980100,0,0,0,105284700,0,0,0,0,0,0,0,0,0,0,451950,0,0,1650600,0,0,0,0,0,0,0,0,0,0,0,0,0,0,0,0,0,0,0,0,0,0,0,0,1548027000,0,0,0,0,0,0,4106850,0,0,0,0,2240100,292352700,0,0,0,0,640432800,0,0,1455888150,3559240950,0,0,0,0,0,0,0,0,0,0,0,0,0,58950,0,0,0,0,0,0,0,0,0,0,57413250,0,0,0,5816400,39300,0,0,0,0,0,0,0,18156600,0,0,0,0,0,0,0,0,15778950,0,521255550,0,90390000,0,0,0,0,0,0,0,0,0,0,0,0
"CHN",73805400,0,27251250,1286138250,0,741566250,10905387000,0,11416650,93042750,7110000,1006383200,0,0,885764550,0,2356356150,0,0,589500,29632200,271440000,280798500,0,122105100,2589196050,0,0,1171188000,26448900,2619961450,0,1379724300,5226900,0,0,142953750,2229303150,0,0,2262972600,255450,0,122011650,0,234070800,3132169050,396214200,0,8567642700,0,227722500,5600250,5485723650,0,20880000,55632750,0,0,73713312150,0,2820521700,0,447615000,0,0,673579200,205185300,0,38533650,290603850,35987451200,259042500,1013658750,0,4607163300,9635947350,380672700,147768000,7514400,1411282950,294750,36077400,1243741650,0,17928454800,874759050,53505000,111847800,0,2729193350,22899141300,686315550,1549499250,0,116033250,0,0,0,101790000,161444400,38572950,0,13690176300,25230600,0,0,0,94630950,4104966000,563751600,280134750,0,0,471600,87344250,9332781450,0,0,14355000,0,2434949700,405772500,10611000,6137029050,12379500,1248961350,543322500,0,164313300,37767300,2173540200,34080169200,1442550,0,0,4991100,0,226918200,0,90657300,0,4570462050,0,0,0,0,4659879600,93820500,0,101492250,19575000,0,6930751500,0,1976692050,5768164200,0,0,0,4696350,3890700,514822500,0,4813226850,334128600,12692987550,312513600,0,0,158496900,0,89708400,4053555750,400427700,0,7257232500,105034500,18457735300,0,1914852600,645909750,51797400,1838096850,98680000,1404896250,0,0,3235234650,0,0,135720000,89289600,0,420274200
"COL",0,0,0,207393300,39339300,5604666850,36024350,0,0,0,50264700,0,0,0,421031400,0,12601500,0,9549900,0,0,0,0,0,0,392438450,0,0,0,0,1337617600,47140350,0,1296900,0,0,1483438100,62526300,0,0,0,0,79425300,1743151500,0,12112697450,16051500,259273800,1611300,5857479000,0,14894700,98250,265685400,13420350,0,0,0,0,1299368400,0,0,0,0,0,15110850,313236000,0,44802000,42247500,253347450,4101200,8370900,0,0,963670500,19650,0,0,0,4244400,1763853750,7702800,0,438096750,655626300,0,0,24012300,0,0,299313600,805650,0,0,93042750,0,15425250,1179000,0,0,0,0,4254467850,0,0,0,0,2299050,14936228500,0,0,133580700,0,0,0,6907488450,0,0,0,0,2102550,19650,0,4205100,117900,0,2507729350,0,0,29357500,4019091150,0,6700650,373350,0,0,0,0,0,0,0,3468059750,13479900,59618100,6838200,0,10552050,0,0,0,0,0,0,0,9854160600,12546565350,50559450,0,0,13578150,34645500,0,0,0,30850500,0,0,0,1906777150,0,2908200,103686300,683860400,114284400,0,2695179400,0,18276616100,0,328798600,0,3079960650,0,0,0,0,0,2474860650,0,0,0,0,0,2279400
"COM",0,0,0,0,0,0,0,0,0,0,0,0,0,0,0,0,0,0,0,0,0,0,0,0,0,0,0,0,0,0,0,0,0,0,0,0,0,0,0,0,0,0,0,0,0,0,0,0,0,0,0,0,0,0,0,0,0,0,0,0,0,0,0,0,0,0,0,0,0,0,0,0,0,0,0,0,0,0,0,0,0,0,0,0,0,0,0,0,0,0,0,0,0,0,0,0,0,0,0,0,0,0,0,0,0,0,0,0,0,0,0,0,0,0,0,0,0,0,0,0,0,0,0,0,0,0,0,0,0,0,0,0,0,0,0,0,0,0,0,0,0,0,0,0,0,0,0,0,0,0,0,0,0,0,0,0,0,0,0,0,0,0,0,0,0,0,0,0,0,0,0,0,0,0,0,0,0,0,0,0,0,0,0,0,0,0,0,0,0,0,0,0,0,0,0
"COG",0,0,0,0,0,0,0,0,0,0,0,0,0,0,0,0,0,0,0,0,0,0,0,0,914857200,0,0,0,0,0,0,19650,0,0,0,0,0,0,0,0,0,0,0,0,0,0,0,0,0,0,0,0,0,38474700,0,0,0,0,0,0,0,0,0,0,0,0,0,0,0,0,0,0,0,0,0,0,0,0,0,0,0,2544858000,0,0,0,0,0,0,0,0,0,0,0,0,0,0,0,0,0,0,0,0,0,0,0,0,0,0,0,0,0,0,0,0,0,0,285535800,0,0,0,0,0,0,0,0,0,0,0,0,0,0,0,0,0,0,0,0,0,0,0,0,0,0,0,0,0,0,0,0,0,0,0,0,0,0,0,3026100,0,0,0,0,1886400,0,0,0,0,0,0,0,0,0,0,0,0,0,0,0,0,3713850,0,0,0,0,0,0,0,176850,0,0,0,0,0,0,0,0
"COK",0,0,0,0,0,0,0,0,0,0,0,0,0,0,0,0,0,0,0,0,0,0,0,0,0,0,0,0,0,0,0,0,0,0,0,0,0,0,0,0,0,0,0,0,0,0,0,0,0,0,0,0,0,0,0,0,0,0,0,0,0,0,0,0,0,0,0,0,0,0,0,0,0,0,0,0,0,0,0,0,0,0,0,0,0,0,0,0,0,0,0,0,0,0,0,0,0,0,0,0,0,0,0,0,0,0,0,0,0,0,0,0,0,0,0,0,0,0,0,0,0,0,0,0,0,0,0,0,0,0,0,0,0,0,0,0,0,0,0,0,0,0,0,0,0,0,0,0,0,0,0,0,0,0,0,0,0,0,0,0,0,0,0,0,0,0,0,0,0,0,0,0,0,0,0,0,0,0,0,0,0,0,0,0,0,0,0,0,0,0,0,0,0,0,0
"CRI",0,0,0,0,6975750,0,80904600,0,993600,0,19650,0,0,0,0,0,24248100,0,0,0,0,0,0,0,0,1211400,0,0,0,0,96108150,0,44291100,0,0,0,0,87147750,0,0,0,0,0,34446450,0,0,0,666391550,0,0,0,0,0,729150,0,0,0,0,0,183262450,0,0,0,0,0,0,1348726950,0,21870450,0,880622850,0,155250,0,0,0,0,0,0,0,351900,117900,0,0,0,95302800,0,0,0,0,0,2525400,0,8390550,0,0,0,0,0,0,0,0,0,0,0,0,0,0,0,3108964050,0,0,0,0,0,0,225319500,0,3222600,0,0,0,1846511400,0,0,0,0,1737768150,39300,0,0,78580350,707400,0,0,0,0,0,0,0,0,0,5344800,0,0,0,0,0,0,0,0,0,0,98250,0,0,0,0,0,0,0,36949500,0,0,39300,0,0,0,0,0,0,0,0,260700,0,0,2141850,0,1523711500,0,0,0,0,0,0,0,0,0,211833600,0,0,0,0,0,0
"CUB",0,0,0,0,0,0,0,0,0,0,0,0,0,0,0,0,0,0,0,0,0,0,0,0,0,0,0,0,0,0,0,0,0,0,0,0,0,0,0,0,0,0,0,0,0,0,0,1159350,0,0,0,0,0,0,0,0,0,0,0,1189858500,0,0,0,0,0,0,0,0,0,0,0,0,0,0,0,0,0,0,0,0,0,0,0,0,0,3684600,0,0,0,0,0,0,0,0,0,884250,0,0,0,0,0,0,0,0,0,0,0,0,0,0,0,0,0,0,0,0,512631000,0,0,0,0,0,0,0,0,0,0,0,0,0,0,0,0,0,19444500,0,0,0,0,0,0,0,3042900,0,0,0,0,0,0,0,0,0,0,0,0,0,67922100,0,0,0,0,504643200,0,0,0,0,0,0,0,0,0,0,0,0,0,0,129996000,0,0,0,0,0,0,0,0,0,0,0,223146000,0,0,0,0,0,0
"CYP",0,0,0,0,0,0,0,0,0,0,0,0,0,0,0,0,0,0,0,0,0,0,0,0,0,0,0,0,0,0,0,0,0,0,0,0,0,0,0,0,0,0,0,0,0,0,0,0,0,0,0,0,0,0,0,0,0,0,0,3713850,0,0,0,46767000,0,0,0,0,0,0,0,0,9628500,0,0,0,0,0,0,0,0,0,0,0,0,0,0,0,0,0,0,0,0,0,0,0,0,0,0,0,0,0,0,58950,0,0,196500,0,0,0,0,0,0,0,0,0,0,0,0,0,0,0,0,0,0,0,0,0,0,0,0,0,0,0,0,0,0,0,1179000,0,0,0,2554500,0,0,0,0,0,0,0,0,0,0,0,0,0,0,0,0,0,0,0,0,0,0,0,0,0,0,0,0,0,0,5698500,0,0,786000,0,30064500,0,0,0,0,0,0,0,0,0,0,0,0,0,0,0,0
"AZE",0,64000050,0,0,0,0,0,0,0,0,0,0,0,0,0,0,0,0,0,0,0,23540700,0,0,0,0,0,0,0,0,0,0,0,0,0,0,0,0,0,0,0,0,0,0,156787350,0,0,0,0,0,0,0,0,0,0,0,1464756300,0,0,0,0,0,0,0,0,0,0,0,0,0,0,0,0,0,0,0,0,0,564603450,0,33955200,0,0,119629200,0,0,0,26488200,0,0,0,0,0,0,0,0,0,0,0,69069750,0,0,0,0,0,0,0,0,0,0,177360900,0,0,0,0,0,0,0,0,0,0,0,0,0,0,0,0,0,0,0,0,0,0,0,0,0,0,0,0,0,36509700,0,2161951950,0,0,0,0,0,0,0,0,0,0,0,0,0,0,0,1065462300,0,0,0,0,623062200,0,0,0,0,0,0,0,0,0,0,0,0,0,69934350,825300,0,0,1112386500,0,0,0,92748000,0,0,0,0,0,0,0,0,0
"BEN",0,0,0,0,0,0,0,0,0,0,0,0,0,0,0,0,0,0,0,0,0,0,0,0,0,0,0,0,0,0,0,0,0,0,0,0,0,0,0,0,0,0,0,0,0,0,0,0,0,0,0,0,0,4244400,0,0,0,0,0,0,0,0,0,0,0,0,0,0,0,0,0,0,0,0,0,0,0,0,0,0,0,0,0,0,0,0,0,0,0,0,0,0,0,0,0,0,0,0,0,0,0,0,0,0,0,0,0,0,0,0,0,0,0,0,0,0,0,0,0,0,0,0,0,0,0,0,0,0,0,0,0,0,0,0,0,0,0,0,0,0,0,0,0,0,0,0,0,0,0,0,0,0,0,0,0,0,0,0,0,0,0,0,0,0,0,0,0,0,0,0,0,0,0,0,0,0,0,0,0,0,0,0,0,0,0,0,0,0,665550,0,0,0,0,0,0
"DNK",4303350,0,0,17724300,0,0,31341750,528001800,0,982500,0,11389500,0,0,0,0,4499850,0,0,0,0,39300,0,157200,196500,75357600,39300,0,6936450,0,1375500,5462700,6798900,0,0,0,0,550200,209586900,412650,0,0,0,0,825300,98250,15287700,0,0,603648000,1201022400,0,1498504500,934900650,0,0,5325150,0,0,38367847500,111300,0,0,72835950,0,0,4087200,0,0,0,0,451871400,615918750,19650,1626283100,10178700,19650,39300,0,79708500,529567500,729905700,0,805650,39300,89997000,355291650,412650,2809950,0,1709550,13008300,1777500,27719400,0,35880900,0,0,0,339104100,0,58950,0,451950,0,19650,33601500,98250,19650,0,1630950,176850,0,235800,0,0,3810913800,0,9432000,216150,0,3988950,0,0,0,4699466400,307350,0,303362550,0,2947500,451950,117900,1110866400,398462700,0,0,0,39496500,4141200,22106250,78600,652297950,0,0,0,0,34176000,98250,0,0,521157300,75056250,2730603300,0,22872600,921466350,0,432300,0,21427842150,383941350,0,471600,17292000,255450,39300,8842500,0,0,17881500,0,91793250,116917500,0,0,2769136950,6189750,668375100,58950,4991100,2692050,1768500,432300,373350,0,0,98250,1352207700,6268350,27975000,0,0,0,0
"DMA",0,0,0,0,124200,0,0,0,0,0,0,0,0,0,0,0,0,0,0,0,0,0,0,0,0,8485500,0,0,0,0,0,0,0,0,0,0,0,0,0,0,0,0,0,0,0,0,0,0,0,0,0,0,0,236000,0,0,0,0,0,0,0,0,0,0,0,0,0,0,0,0,0,0,0,0,0,0,104328000,0,0,0,0,0,0,0,0,143550,0,0,0,0,0,0,0,0,0,0,0,0,0,0,0,0,0,0,0,0,0,0,0,0,0,65250,0,0,0,0,0,0,0,0,0,28545450,0,0,0,0,0,0,0,0,0,0,0,0,0,0,0,0,0,0,0,0,0,0,0,0,0,0,0,0,0,0,0,0,0,0,0,0,0,0,0,0,0,0,0,0,0,0,0,0,0,0,0,0,0,0,15997500,169650,0,0,0,0,0,0,0,0,0,0,0,0,0,0,0,0,0
"DOM",0,0,0,0,0,0,0,0,0,0,0,0,0,0,0,0,0,0,0,0,0,0,0,0,0,0,0,0,0,0,0,0,0,0,0,0,0,0,0,0,0,0,0,0,0,0,0,0,0,0,0,0,0,0,0,0,0,0,0,0,0,0,0,0,0,0,0,0,0,0,0,0,0,0,0,0,0,0,0,0,0,0,0,0,0,0,0,0,0,0,0,0,0,0,0,0,0,0,0,0,0,0,0,0,0,0,0,0,0,0,0,0,0,0,0,0,0,0,0,0,0,0,0,0,0,0,0,0,0,0,0,0,0,0,0,0,0,0,0,0,0,0,0,0,0,0,0,0,0,0,0,0,0,0,0,0,0,0,0,0,0,0,0,0,0,0,0,0,0,0,0,0,0,0,0,0,0,0,0,0,0,0,0,0,0,0,0,0,0,0,0,0,0,0,0
"BLR",13378950,0,0,0,0,0,0,982500,0,0,0,0,0,0,0,0,0,0,0,0,0,0,0,0,0,14344500,0,0,0,0,0,17547450,0,0,0,0,0,0,0,1025160150,0,0,0,0,0,0,0,0,19650,4421250,0,0,0,0,0,0,88134450,0,0,74257350,0,0,0,0,0,0,0,0,0,0,0,1788150,0,0,0,1689900,0,0,0,0,74178750,0,0,219791250,0,0,0,144682950,0,0,0,78600,0,196529400,0,137550,0,0,0,237508650,0,0,0,0,0,0,0,0,0,0,170994300,0,0,274683750,0,0,0,0,0,0,0,0,0,0,0,589500,0,0,1572000,0,0,0,0,530550,0,0,0,0,0,0,0,0,45058887000,0,0,0,0,0,0,0,0,0,1513050,864600,0,157200,0,0,25412700,0,0,0,0,611948700,0,0,0,0,0,0,0,0,0,393000,0,0,0,682064100,371212050,0,0,36745500,0,137550,0,0,0,0,0,0,16938300,0,0,0,0
"ECU",0,0,51168600,2692345500,0,6376125700,2502505650,0,0,0,1532700,0,0,0,1946924900,0,6039536650,0,0,0,0,888750,0,0,0,32704189800,0,0,0,0,13848937650,18228789800,27011110650,0,0,0,97208550,3479678300,0,0,0,0,0,1552350,0,0,244300,40703500,0,17554428000,0,0,14881350,1825748050,0,0,0,0,0,50568760800,0,0,0,0,0,0,1069148400,0,0,59421600,0,53931350,0,0,0,17193958200,28739176200,0,0,0,20562000,20348567950,0,0,0,20372375250,235800,0,0,0,0,1223779950,0,0,0,20720700,0,0,982500,0,0,0,0,57103821800,0,0,0,0,0,84082517700,0,0,0,0,0,0,134352244900,0,0,0,0,101314150,269455350,0,0,0,0,252132750,109921700,0,21811500,13753766050,0,0,746700,0,0,0,78600,0,0,0,32608950,0,0,0,0,76673700,0,0,0,0,0,690916850,0,47345100,18429500700,0,0,0,4163250,0,1957500,0,85310900,0,517769100,0,0,0,0,103500000,198678600,3823950,0,0,1997418550,0,376806849350,0,60374400,0,4490556000,0,0,0,0,0,38908653300,0,0,0,0,0,0
"EGY",0,0,0,1866985800,0,0,0,0,0,1447115250,0,0,0,0,0,0,0,0,0,0,0,0,0,0,177812850,530550,1572000,0,22538550,0,0,0,0,0,0,0,0,0,20632500,0,0,117900,0,0,0,0,0,0,0,0,0,0,0,3379800,0,0,0,0,49734150,94500,0,0,0,0,0,0,0,13362000,0,0,0,12851100,0,0,0,2338959150,0,156600,51679500,0,32756550,0,0,844950,0,0,1605238800,0,0,0,0,19650,5095225350,0,0,3144707400,0,0,0,0,0,371502900,196500,0,0,0,0,61327650,0,0,0,557578500,97287150,0,0,46688400,31498800,0,0,0,0,0,0,0,0,0,35880900,0,1179000,0,0,0,0,0,14148000,0,0,0,1969244400,23187000,0,42483300,2790300,0,0,0,0,28863885000,282488400,2200800,0,0,0,0,0,2783697600,0,0,0,0,1473750,39300,0,0,0,75868650,0,0,0,0,1057641600,227075400,19650,10262821650,218664900,0,0,0,18510300,0,0,0,0,0,17174100,2036845050,0,58164000,0,0,0,0,439759200,0,0
"SLV",0,0,0,0,0,0,0,0,0,0,0,0,0,0,0,0,0,0,29533950,0,0,0,0,0,0,451950,0,0,0,0,0,0,0,0,0,0,352422750,58950,0,0,0,0,0,599226750,0,0,0,0,0,0,0,0,0,0,0,0,0,0,0,0,0,0,0,0,0,0,2514166200,0,0,0,2671634700,0,0,0,0,0,0,0,0,0,0,0,0,0,0,0,0,0,0,0,0,0,0,0,0,0,0,0,0,0,0,0,0,0,0,0,0,0,0,182745000,0,0,0,0,0,0,0,0,0,0,0,0,1911958350,0,0,0,0,31184550,0,0,0,14069400,0,0,0,0,0,0,0,0,0,0,662400,0,0,0,0,0,0,0,0,0,0,0,0,0,0,0,0,0,0,0,0,0,0,0,0,0,0,0,0,0,0,0,0,0,0,0,1770695600,0,0,0,0,0,0,0,0,0,0,0,0,0,0,0,0
"GNQ",0,0,0,0,0,0,0,0,0,0,0,0,0,0,0,0,0,0,0,0,0,0,0,0,0,0,0,0,0,0,0,0,0,0,0,0,0,0,0,0,0,0,0,0,0,0,0,0,0,0,0,0,0,0,0,0,0,0,0,0,0,0,0,0,0,0,0,0,0,0,0,0,0,0,0,0,0,0,0,0,0,0,0,0,0,0,0,0,0,0,0,0,0,0,0,0,0,0,0,0,0,0,0,0,0,0,0,0,0,0,0,0,0,0,0,0,0,0,0,0,0,0,0,0,0,0,0,0,0,0,0,0,0,0,0,0,0,0,0,0,0,0,0,0,0,0,0,0,0,0,0,0,0,0,0,0,0,0,0,0,0,0,0,0,0,0,0,0,0,0,0,0,0,0,0,0,0,0,0,0,0,0,0,0,0,0,0,0,0,0,0,0,0,0,0
"EST",0,0,0,0,0,0,2102550,0,0,0,0,0,0,0,0,0,0,0,0,0,0,0,0,0,0,0,0,0,0,0,0,373350,0,0,0,0,0,0,23855100,0,0,0,0,0,801388500,0,0,0,0,0,0,0,3276311100,0,0,0,137550,0,0,2397300,0,0,0,0,0,0,0,0,0,0,0,10218000,1375500,0,0,0,0,0,0,0,0,0,0,638862000,0,0,0,0,0,0,0,0,0,1130760300,0,0,0,39300,0,516311100,0,0,0,0,0,0,0,0,0,0,0,0,0,61504500,0,0,570657100,0,0,0,0,0,0,0,0,3542850,0,0,0,0,0,0,0,0,0,0,0,0,0,0,0,0,8547995100,0,0,19650,0,0,0,0,0,0,1867800,0,0,18471000,0,0,0,0,190718400,0,0,0,0,0,0,0,0,0,0,0,0,0,0,0,3930000,185658300,3517350,0,0,262435500,0,0,0,0,0,0,35550,0,0,0,0,0,0
"FRO",0,0,0,0,0,0,0,0,0,0,0,0,0,0,0,0,0,0,0,0,0,0,0,0,0,0,0,0,0,0,0,0,0,0,0,0,0,0,0,0,0,0,0,0,0,0,0,0,0,0,0,0,0,0,0,0,0,0,0,0,0,0,0,0,0,0,0,0,0,0,0,0,0,0,98250,0,0,0,0,0,0,0,0,0,0,0,0,0,0,0,0,0,0,0,0,0,0,0,0,0,0,0,0,0,0,0,0,0,0,0,0,0,0,0,0,0,0,0,0,0,0,0,0,0,0,0,0,0,0,0,0,0,0,0,0,0,0,0,0,0,0,0,0,0,0,0,0,0,0,0,0,0,0,0,0,0,0,0,0,0,0,0,0,0,0,0,0,0,0,0,0,0,0,0,0,0,0,0,0,0,0,0,0,0,0,0,0,0,0,0,0,0,0,0,0
"FJI",0,0,0,0,0,0,10311600,0,0,0,0,0,0,0,0,0,0,0,0,15699900,0,0,0,0,0,12678000,0,0,0,0,0,0,0,0,0,0,0,0,0,0,0,0,0,0,0,0,0,0,0,0,0,0,0,0,0,0,0,0,0,0,0,0,5077200,0,0,0,0,0,0,0,0,0,0,0,0,0,0,0,0,0,0,0,0,0,0,707400,0,0,0,0,0,0,0,0,0,0,0,0,0,0,0,0,0,0,0,0,0,0,0,0,0,0,0,0,0,0,0,0,0,0,5050050,15444750,0,0,0,0,0,0,0,510900,0,0,0,0,0,0,0,0,0,0,0,0,0,0,0,0,0,0,0,0,0,0,0,0,0,0,0,0,0,0,0,0,0,0,0,0,0,0,20156100,0,0,0,0,0,0,33379800,0,1262700,14529750,0,0,0,0,0,0,0,0,0,0,0,0,0,0,0,0
"FIN",0,0,0,19650,0,1984650,25034100,33444300,0,13558500,0,39300,0,0,0,0,3478050,0,0,0,0,0,0,0,0,30673650,0,0,0,0,39300,37721400,39300,0,0,0,0,0,0,146058450,0,1777951650,0,0,0,137550,11986500,0,0,4778194200,4126500,0,0,982500,0,0,6091500,0,0,2553234050,0,0,0,18922950,0,0,0,0,0,0,0,2039750,707400,0,135617700,491250,766389300,0,0,0,119688150,18903300,0,17292000,0,3838293450,1807800,0,1572000,0,0,539451650,1080750,1113394350,0,4126500,0,0,0,640598100,0,0,0,39300,0,0,1965000,0,0,216150,0,0,0,0,0,39300,78428700,0,0,0,0,2023950,0,0,0,1028225550,19669650,0,495769500,0,0,19650,78600,1103380200,151108500,0,0,0,117133650,0,0,0,6015473400,0,0,0,0,5152250,0,0,0,58950,1179000,182410950,0,15209100,147132600,0,0,0,24473496900,2196750,0,982500,118950,19650,98250,0,0,0,0,0,23501400,195772950,0,0,228287100,32422500,117908000,0,0,0,0,19650,19650,0,0,0,1021800,3045750,216150,0,0,0,0
"FRA",29121300,0,60190500,8697499200,1852650,75927600,12754056600,14472415500,0,234971300,23973000,0,0,0,0,786000,2946645100,0,0,0,412650,3660203500,1375500,196500,452550600,19277866650,10803000,8311950,2613450,41304300,337807050,6717592400,354133650,89057400,286724250,117900,15975450,10827150,406575600,42837000,298208400,4710380350,0,67563000,175711000,128107700,1046755650,2161500,26029200,360790650,0,0,5706140750,0,1868745400,500157000,150894900,1463136450,393000,377089314500,55614750,32422500,0,18228133200,0,0,9825000,92203650,1984650,27525900,1179000,3111134400,4587619000,4273030200,2703192750,17585100,2059402100,1695252000,35334750,5370456150,3696304150,160834389150,3263935950,26833650,196500,21466498050,105042900,1257600,2910000,76988700,0,9771624700,1180320600,355478750,1277250,1231939600,0,4342650,1859264000,4789948400,8704950,836600900,786000,79246850,4165800,162972600,482007000,94325550,1244814750,899752750,50127150,3241222400,8626350,24208800,4126500,1965000,209293369550,0,2036309600,64206000,145880100,505809450,1179000,212673600,34978800,10678197450,56746200,11259450,9267799550,19650,22138050,65800350,1265344050,49752778150,25558644500,0,0,0,658052750,1709550,2859590600,2436600,17697279300,0,17881500,0,2751000,2395235400,1782044250,27888900,432300,1625297250,1985978250,1873046500,0,3167613950,219296802800,530550,0,0,23848995750,65082248000,714394300,1572000,2487640100,0,1514971700,195831450,0,247284900,79975500,1214225700,23986906100,3552014650,393000,0,271103741500,2652360200,34911620400,309552000,82412100,126270000,58950,252340500,6519450,54183000,32226000,2947500,316493525000,13461714700,2319711300,23187000,1435500,0,78600
"PYF",0,0,0,0,0,19650,0,0,0,0,0,0,0,0,0,0,0,0,0,0,0,0,0,0,0,0,0,0,0,0,0,0,0,0,0,0,0,0,0,0,0,0,0,0,0,0,0,0,0,0,0,0,0,6111150,0,0,0,0,0,0,0,0,0,0,0,0,0,0,0,0,0,0,0,0,0,0,0,0,0,0,0,0,0,0,0,786000,0,0,0,0,0,0,0,0,0,0,0,0,0,0,0,0,0,0,0,0,0,0,0,0,0,0,0,0,0,0,0,0,0,0,0,0,0,0,0,0,0,0,0,0,0,0,0,0,0,0,0,0,0,0,0,0,0,0,0,0,0,0,0,0,0,0,0,0,0,0,0,0,0,0,0,0,0,0,0,0,0,0,0,0,0,0,0,0,0,0,0,0,0,0,0,0,0,0,0,0,0,0,0,0,0,0,0,0,0
"DJI",0,0,0,0,0,0,0,0,0,0,0,0,0,0,0,0,0,0,0,0,0,0,0,0,0,0,0,0,0,0,0,0,0,0,0,0,0,0,0,0,0,0,0,0,0,0,0,0,0,0,0,0,0,0,0,0,0,0,0,0,0,0,0,0,0,0,0,0,0,0,0,0,0,0,0,0,0,0,0,0,0,0,0,0,0,0,0,0,0,0,0,0,0,0,0,0,0,0,0,0,0,0,0,0,0,0,0,0,0,0,0,0,0,0,0,0,0,0,0,0,0,0,0,0,0,0,0,0,0,0,0,0,0,0,0,0,0,0,0,0,0,0,0,0,0,0,0,0,0,0,0,0,0,0,0,0,0,0,0,0,0,0,0,0,0,0,0,0,0,0,0,0,0,0,0,0,0,0,0,0,0,0,0,0,0,0,0,0,0,0,0,0,0,0,0
"GEO",108630150,0,0,0,0,0,0,0,0,0,0,0,0,0,0,0,0,0,0,0,0,0,0,0,0,0,0,0,0,0,0,393000,0,0,0,0,0,0,0,285966300,0,0,0,0,0,0,0,0,0,0,0,0,0,0,0,0,0,0,0,0,0,0,0,0,0,0,0,0,0,0,0,0,0,0,0,0,0,518010900,645207750,0,0,0,0,3379800,0,0,0,0,0,0,0,0,0,0,0,0,0,0,0,0,0,0,0,0,0,0,0,0,0,0,0,0,0,0,0,0,0,0,0,0,0,0,0,0,0,0,0,0,0,0,0,0,0,0,0,0,0,0,0,0,0,0,27608250,0,0,0,0,0,0,0,0,0,0,0,0,0,0,0,0,0,0,0,0,0,0,0,0,0,0,0,0,0,0,334050,0,0,0,18117300,41088150,0,0,0,0,0,0,0,0,0,0,0,0,0,0,0,0
"GAB",0,0,0,0,0,0,0,0,0,0,0,0,0,0,0,0,0,0,0,0,0,0,0,0,0,0,0,0,0,0,0,0,0,0,0,0,0,0,0,0,0,0,0,0,0,0,0,0,0,0,0,0,0,1242000,0,0,0,0,0,230805000,0,0,0,0,0,0,0,0,0,0,0,0,0,0,0,0,0,0,0,0,0,0,0,0,0,0,0,0,0,0,0,0,0,0,0,0,0,0,0,0,0,0,0,0,0,0,0,0,0,0,0,0,0,0,0,0,0,0,0,0,0,0,0,0,0,0,0,0,0,0,0,0,0,0,0,0,0,0,0,0,0,0,0,0,0,0,0,0,0,0,0,0,0,0,0,0,0,0,0,0,0,116685900,0,0,0,0,0,0,0,0,0,0,0,0,0,0,0,0,0,0,0,0,0,0,0,0,0,0,0,0,0,0,0,0,0
"GMB",0,0,0,0,0,0,0,0,0,0,0,0,0,0,0,0,0,0,0,0,0,0,0,0,0,0,0,0,0,0,0,0,0,0,0,0,0,0,0,0,0,0,0,0,0,0,0,0,0,0,0,0,0,0,0,0,0,0,0,0,0,0,0,0,0,0,0,7074000,0,0,0,0,0,0,0,0,0,0,0,0,0,0,0,0,0,0,0,0,0,0,0,0,0,0,0,0,0,0,0,0,0,0,0,0,0,26292000,0,0,0,0,0,0,0,0,0,0,2279400,0,0,0,0,0,0,0,0,0,0,0,0,0,0,0,0,0,0,0,0,0,0,0,0,0,0,0,0,0,0,0,0,0,0,0,0,0,0,0,0,0,0,0,1473750,0,0,0,0,0,0,0,0,0,0,0,0,0,0,0,0,0,0,0,0,0,0,0,0,0,0,0,0,0,0,0,0,0,0
"DEU",988976550,81016950,2570995500,11487663000,589500,691287000,40757526500,257853641300,373350,329178000,8192850,15975450,0,0,33974850,16171950,9959085600,0,0,0,163821300,36705717200,2731350,0,2692050,32562175900,1768500,0,61465200,0,5787136650,26676029400,1118085000,0,98250,0,240712500,19866150,3203793500,1303840050,62100,113572409500,0,391224300,4427337150,183668550,5742314500,72205500,4323000,4494837050,217643400,3301200,38690133000,565193611150,223440150,0,1725784500,923550,2211900,0,3718296000,28020900,0,39102176500,0,0,366949500,609150,0,11986500,15641400,13294209900,65967730500,40950515500,1207732800,842473800,2233438650,7273908000,956738400,24063405100,13230163500,319843504500,31961850,5817460500,3733500,7058857000,876621450,676071000,222356850,7074000,74925450,11211130500,3579771600,7644952300,44802000,4511819100,0,399765150,1463976000,23313572000,0,252217500,1493400,1563668650,320148600,14383800,789052950,1316550,410999400,5825146050,5032952250,3155641000,8311950,592867200,189622500,93927000,311931900000,0,0,2085953250,0,2545083450,17331300,176850,228417000,26740114200,291625650,162839550,90161233500,0,255057000,419959800,2851243500,395641068000,34224610950,0,0,0,648797700,29632200,72946788950,0,127751744650,0,0,0,0,16528335500,171328350,114087900,1970700,21401590500,49510287500,7498169050,0,8726317500,169290025700,132991200,63312300,0,67535006000,91773006550,1432383450,254089500,3792921150,7696050,1776904000,6105850,0,292453500,1088997000,1043239500,40629961500,11123960000,57854250,0,465168168000,27125789500,111612951500,117900,694529400,588265350,39732300,1470679500,65184750,439921500,4774950,7565250,368412665000,6097907850,8605589100,726578400,10827150,0,258819000
"BIH",0,0,37236750,0,0,0,40523850,205597950,0,471600,0,0,0,0,0,0,0,0,0,0,0,2122200,0,0,0,0,0,0,0,0,0,58950,0,0,0,0,0,0,0,0,0,0,53055000,0,0,0,0,0,0,0,0,0,0,1591650,0,0,0,0,0,11770350,0,0,0,0,0,0,0,0,0,0,0,0,721764150,2036719050,0,0,0,0,0,0,0,707400,0,0,0,0,0,0,0,0,0,0,746700,0,0,0,0,0,0,0,0,0,0,0,0,0,0,0,0,0,0,0,0,0,0,0,26257500,0,0,3530142150,0,0,0,0,0,0,0,0,0,0,0,0,0,156924900,0,0,0,0,294750,0,147414300,0,0,0,0,0,0,1414800,0,0,0,187618650,0,0,0,0,2338350,0,0,0,34576950,942900,0,0,0,0,0,0,0,0,0,0,0,4833900,0,0,18078000,0,4303350,0,0,0,0,0,0,0,0,0,49555800,0,8538999850,3144436800,0,0,0
"GHA",1346654700,0,0,1024374600,0,56640000,5172156750,118456600,0,0,0,0,0,0,0,0,103415788950,0,0,0,0,45211735500,0,0,0,27454252550,0,0,0,0,12723750,88572350800,0,0,0,0,0,0,0,0,0,0,0,0,13996981450,0,0,0,0,3655362150,0,0,0,236238315000,0,0,0,0,0,212358424600,2632079850,0,0,49560000,0,0,0,0,0,0,0,30537000,7110000,0,0,27859726000,31702174200,0,0,0,1527697800,75356865000,3588750,28688692700,152998200,129141311750,898798100,0,0,0,0,19926440500,41994900,7348379000,0,426014250,0,0,0,0,0,0,0,372459403000,0,0,0,0,0,319499100,0,56746650,0,896800000,0,0,658273997000,0,0,1793687600,0,10263786600,0,0,0,22586400,2977470400,0,0,0,0,0,211119300,36242587500,283200000,0,0,0,0,0,0,0,101850772650,0,0,0,0,991260000,16965000,0,0,20700,0,146126066350,0,261828750,105451828500,0,0,0,39150,90157462800,0,0,242168850,0,31919839500,60304050,0,0,0,13974024000,184381014400,7944748500,0,0,128735419500,43594912000,277533898350,3555000,358180000,0,0,126963450,0,3915000,0,0,211479770000,0,17053797700,12775950,0,0,0
"KIR",0,0,0,0,0,0,0,0,0,0,0,0,0,0,0,0,0,0,0,0,0,0,0,0,0,0,0,0,0,0,0,0,0,0,0,0,0,0,0,0,0,0,0,0,0,0,0,0,0,0,0,0,0,0,0,0,0,0,0,0,0,0,0,0,0,0,0,0,0,0,0,0,0,0,0,0,0,0,0,0,0,0,0,0,0,0,0,0,0,0,0,0,0,0,0,0,0,0,0,0,0,0,0,0,0,0,0,0,0,0,0,0,0,0,0,0,0,0,0,0,0,0,0,0,0,0,0,0,0,0,0,0,0,0,0,0,0,0,0,0,0,0,0,0,0,0,0,0,0,0,0,0,0,0,0,0,0,0,0,0,0,0,0,0,0,0,0,0,0,0,0,0,0,0,0,0,0,0,0,0,0,0,0,0,0,0,0,0,0,0,0,0,0,0,0
"GRC",0,0,2527713000,81351000,0,0,104931000,70170150,0,0,0,12772500,0,0,0,0,0,0,0,0,0,4820156450,0,0,130500,116721000,0,0,0,0,0,216936000,0,0,276868500,0,0,0,3463252300,0,0,154449000,0,0,0,0,3063631500,0,0,98250,0,0,62545950,374529000,0,0,0,28885500,0,263223050,0,0,0,0,0,0,0,0,32619000,0,0,11790000,129690000,15327000,0,0,0,0,0,1572000,540964500,202232200,0,0,0,85281000,99036000,0,0,0,0,99232500,38101350,16899000,0,1726383000,0,4323000,1431306000,179601000,0,393000,0,0,1375500,0,48083550,76242000,10611000,18471000,0,0,0,0,0,0,2201716800,0,0,780084000,0,68440950,0,0,0,2495550,27706500,14737500,116328000,0,0,0,0,427954500,84888000,0,0,0,193356000,0,1446392400,0,17547450,0,0,0,0,453129000,0,0,0,36588300,140549850,5305500,0,325797000,258299250,0,0,0,54725250,5305500,0,0,14934000,0,1572000,0,0,0,174688500,53075000,483606150,717618000,0,0,4997924550,1179000,488560500,0,1179000,0,0,0,134469000,225385500,29868000,0,827697300,0,146287650,393000,0,0,12576000
"GRL",0,0,0,0,0,0,0,0,0,0,0,0,0,0,0,0,0,0,0,0,0,0,0,0,0,0,0,0,0,0,0,0,0,0,0,0,0,0,0,0,0,0,0,0,0,0,0,0,0,0,0,0,0,0,0,0,0,0,0,0,0,0,0,0,0,0,0,0,0,0,0,0,0,0,0,0,0,0,0,0,0,0,0,0,0,0,0,0,0,0,0,0,0,0,0,0,0,0,0,0,0,0,0,0,0,0,0,0,0,0,0,0,0,0,0,0,0,0,0,0,0,0,0,0,0,0,0,0,0,0,0,0,0,0,0,0,0,0,0,0,0,0,0,0,0,0,0,0,0,0,0,0,0,0,0,0,0,0,0,0,0,0,0,0,0,0,0,0,0,0,0,0,0,0,0,0,0,0,0,0,0,0,0,0,0,0,0,0,0,0,0,0,0,0,0
"GRD",0,0,0,0,1593900,0,51625800,0,0,0,10211100,0,0,0,0,0,0,0,0,0,0,0,0,0,0,176850,0,0,0,0,0,0,0,0,0,0,0,0,0,0,0,0,0,0,0,0,0,0,0,0,0,0,0,517358250,0,0,0,0,0,254610000,0,0,0,0,0,0,0,0,0,0,0,0,0,0,0,0,0,0,0,0,0,17181000,0,0,0,1925100,0,0,0,0,0,2525400,0,0,0,0,0,0,0,0,0,0,0,0,0,0,0,0,0,0,0,0,0,0,0,0,111789000,0,0,0,0,0,0,0,0,0,0,0,0,0,0,0,0,0,0,0,0,0,0,0,0,0,2048250,0,0,65400,0,0,0,0,0,0,0,0,0,19650,0,0,0,0,0,752838300,0,0,0,0,0,0,0,2167650,0,0,0,0,0,0,15769500,0,23930550,0,0,0,0,0,0,0,0,0,24799350,0,0,0,0,0,0
"GTM",0,0,0,0,0,0,1552350,0,0,0,0,0,0,0,0,0,0,0,226033950,0,0,0,0,0,0,0,0,0,0,0,0,0,2082900,0,0,0,1304296950,187932600,609150,0,0,2401200,0,3697088550,0,15720000,0,6408733050,0,0,0,0,0,16891200,0,0,0,0,0,0,0,0,0,0,0,0,0,0,0,34053450,4759679700,0,0,0,0,0,0,0,0,0,0,0,0,0,0,103500,0,0,0,0,0,0,0,0,0,0,0,0,0,0,0,0,0,0,0,0,0,0,0,161169300,0,0,0,0,0,0,25957800,0,0,0,0,0,1062132450,0,0,0,0,276016950,0,0,0,0,0,0,0,0,0,0,0,0,0,0,0,0,0,0,0,0,0,0,0,0,0,0,0,0,17826300,0,0,0,0,0,0,0,910800,0,0,0,0,0,0,0,0,12674250,0,0,0,0,1767675900,0,0,0,0,0,0,0,0,0,579600,0,0,0,0,0,0
"GIN",0,0,0,0,0,0,0,0,0,0,0,0,0,0,0,0,0,0,0,0,0,0,0,0,0,0,0,0,0,0,0,53820000,0,0,0,0,0,0,0,0,0,0,0,0,0,0,0,0,0,0,0,0,0,3475116000,0,0,0,0,0,45145168200,0,0,0,0,0,0,0,0,0,0,0,0,0,0,0,489348000,0,0,0,0,0,0,0,0,0,0,0,0,0,0,0,0,0,0,0,0,0,0,0,0,0,0,0,0,0,0,0,0,0,0,0,0,0,0,0,0,3819895200,0,0,0,0,0,0,0,0,0,0,0,0,0,0,0,0,0,0,0,0,0,0,0,0,0,0,0,0,0,0,0,0,0,0,0,0,0,0,0,812516400,0,0,0,0,0,0,0,0,0,0,0,0,0,0,0,0,0,0,0,0,0,4647564000,0,0,0,0,269100000,0,0,0,0,2115871200,0,0,0,0,0,0
"GUY",0,0,0,0,0,0,0,0,0,0,707400,0,0,0,0,0,0,0,0,0,0,0,0,0,0,177750,0,0,0,0,0,0,0,0,0,0,0,0,0,0,0,0,0,0,0,0,0,0,0,0,0,0,0,0,0,0,0,0,0,0,0,0,0,0,0,0,0,0,0,0,0,0,0,0,0,0,0,0,0,0,0,0,0,0,0,0,0,0,0,0,0,0,0,0,0,0,0,0,0,0,0,0,0,0,0,0,0,0,0,0,0,0,0,0,0,0,0,0,0,0,0,0,0,0,0,0,0,0,0,0,0,0,0,0,0,0,0,0,0,0,0,0,0,0,0,0,0,0,0,0,0,0,0,0,0,0,0,888750,0,0,0,0,0,0,0,0,0,0,0,0,0,0,0,0,0,0,302400,0,0,0,0,0,0,0,0,0,0,0,0,0,0,0,0,0,0
"HTI",0,0,0,0,0,0,0,0,0,0,0,0,0,0,0,0,0,0,0,0,0,0,0,0,0,0,0,0,0,0,0,0,0,0,0,0,0,0,0,0,0,0,0,0,0,0,0,0,0,0,0,0,0,0,0,0,0,0,0,0,0,0,0,0,0,0,0,0,0,0,0,0,0,0,0,0,0,0,0,0,0,0,0,0,0,0,0,0,0,0,0,0,0,0,0,0,0,0,0,0,0,0,0,0,0,0,0,0,0,0,0,0,0,0,0,0,0,0,0,0,0,0,0,0,0,0,0,0,0,0,0,0,0,0,0,0,0,0,0,0,0,0,0,0,0,0,0,0,0,0,0,0,0,0,0,0,0,0,0,0,0,0,0,0,0,0,0,0,0,0,0,0,0,0,0,0,0,0,0,0,0,0,0,0,0,0,0,0,0,0,0,0,0,0,0
"HND",0,0,0,0,0,0,0,0,0,0,0,0,0,0,0,0,0,0,0,0,0,0,0,0,0,0,0,0,0,0,0,0,0,0,0,0,0,0,0,0,0,0,0,0,0,0,0,604096350,0,0,0,0,0,0,0,0,0,0,0,0,0,0,0,0,0,0,1405957500,0,0,0,0,0,0,0,0,0,0,0,0,0,0,0,0,0,0,0,0,0,0,0,0,0,0,0,0,0,0,0,0,0,0,0,0,0,0,0,0,0,0,451950,0,0,0,0,0,0,122989500,0,0,0,0,0,82800,0,0,0,0,0,0,0,0,0,0,0,0,0,0,0,0,0,0,0,0,0,0,0,0,0,0,0,0,0,0,0,0,0,5698500,0,0,0,0,343395450,0,0,0,0,0,0,0,104400,0,0,884250,0,0,0,4140000,0,319172700,0,0,0,0,0,0,0,0,0,0,0,0,0,0,0,0
"HKG",0,0,0,0,0,0,368260650,0,0,0,0,216150,0,0,0,0,0,0,0,195750,0,0,451950,0,0,24149850,27392100,0,0,0,0,40527997350,0,0,0,0,0,0,0,0,0,0,0,0,0,0,0,0,0,0,0,117900,62683500,0,0,0,0,0,0,0,0,117900,0,0,0,0,0,0,0,0,0,0,0,0,0,98250,56985000,0,0,0,0,884250,0,0,0,1439735850,0,0,0,8410200,825300,2492661450,0,0,0,0,0,0,0,0,8826501600,0,0,173961450,962850,0,0,0,0,0,2515200,0,0,0,0,0,7015050,0,0,0,0,84927300,0,0,373350,0,0,0,0,0,0,0,1887854100,0,0,0,0,0,0,0,0,0,0,0,0,0,0,0,0,0,0,0,0,2844803100,0,133462800,0,0,0,0,0,0,0,0,3735427050,0,284190000,0,0,0,0,0,0,16584600,0,0,22577850,0,1605031650,0,0,0,0,603318300,0,0,0,0,33994500,0,0,0,0,0,0
"HUN",4185450,0,203986650,77440650,0,0,435778050,5539256200,0,5364450,334050,93534000,0,0,0,0,343658850,0,0,0,0,5531701500,0,0,0,1057988250,78600,0,0,0,145213500,93730500,393000,0,0,0,5895000,0,394375500,214243950,373350,856510650,0,786000,23167350,0,18864000,0,0,816437850,0,0,192177000,3328936350,0,0,1375500,0,0,18086278050,214185000,0,0,1508775000,0,0,0,0,0,0,0,64825350,0,4491481050,13990800,118528800,24759000,36549000,70543500,666488100,64059000,2893789800,7172250,294750,0,84357450,2947500,589500,0,0,0,146589000,19650000,176496300,0,17134800,0,0,2554500,2685270750,0,0,0,48535500,0,0,53369400,0,1611300,137550,184513500,26724000,412650,9549900,0,1296900,2445732750,0,2888550,16781100,0,43033500,0,0,1002150,294022950,18117300,0,17075450700,161523000,0,0,0,7339040250,1039117500,0,0,0,25545000,0,17587197950,0,1309869000,0,0,0,0,124227300,0,334050,0,1345214700,14009893200,31852650,0,254467500,3176788350,196500,982500,0,5562824400,466542450,0,0,6681000,0,16525650,0,0,0,7074000,9825000,438031200,271307550,0,0,5725059000,1234386900,686669250,0,32815500,0,0,6739950,0,4912500,0,0,1567912800,21949050,2345993850,24804600,0,0,0
"HRV",0,0,855954000,0,0,0,512730000,4228719300,0,0,0,0,0,0,0,0,0,0,0,0,0,20043000,0,0,0,305098500,0,0,0,0,0,16309500,0,0,0,0,0,0,0,0,0,58950,0,0,0,0,0,0,0,0,0,0,0,19728600,0,0,0,0,0,1083927200,20543582900,0,0,24759000,0,0,0,0,0,0,0,3930000,795355500,0,0,0,19650,0,0,5809650,0,3419100,0,0,0,6288000,422082000,0,0,0,0,78600,0,0,0,0,0,0,39300,0,0,0,0,0,0,0,73294500,0,0,0,0,0,0,0,0,0,57541650,0,0,5255769150,0,471600,0,0,0,3595950,0,0,414829650,0,0,0,0,193565550,0,0,0,0,26134500,0,179404500,0,4460550,0,0,0,0,0,0,0,0,12962464200,635284500,0,0,0,9432000,0,0,0,219935100,165570900,0,0,0,0,0,0,0,0,0,0,2947500,25721850,0,0,32154750,1324650,879454500,0,0,0,0,0,0,0,0,0,8842500,0,15230284500,5797107600,0,0,0
"ISL",0,0,0,0,0,0,19650,216150,0,0,0,0,0,0,0,0,0,0,0,0,0,0,0,0,0,2711700,0,0,0,0,0,0,0,0,0,0,0,0,0,0,0,308328150,0,0,0,0,0,0,0,39300,186740250,0,451950,393000,0,0,0,0,0,10807500,0,0,0,0,0,0,0,0,0,0,0,0,157200,0,0,0,0,0,0,0,0,0,0,0,0,0,0,0,0,0,0,0,0,0,0,0,0,0,0,0,0,0,0,0,0,0,0,0,0,0,0,0,0,0,0,0,5560950,0,0,0,0,0,0,0,0,295732500,0,0,0,0,0,0,0,0,0,0,0,0,0,0,0,0,0,0,0,0,0,0,0,0,0,0,0,58950,0,0,39300,0,0,0,156374700,0,0,0,0,0,0,0,0,0,0,19650,0,0,0,0,2770650,0,195242400,0,0,0,0,0,0,0,0,0,648450,668100,0,0,0,0,0
"IND",0,0,0,779535150,0,0,311820900,98250,0,29868000,0,2005813350,0,1599372450,0,1179000,0,0,0,0,35035950,0,16977600,0,153783300,52421100,0,0,957120150,0,0,7786587600,0,0,352049400,0,0,0,3694200,26448900,1594008000,0,0,49242900,0,0,623576850,0,9078300,0,0,6877500,0,712830600,0,22008000,36765150,451950,135074100,1030962750,0,55000350,39300,0,0,0,1061100,237699000,157200,0,0,2491502100,0,39300,0,0,3461563800,129887700,1376128800,117900,222654150,60973950,19728600,23737200,196500,117900,477829050,0,267748050,0,0,2734081350,883267500,0,0,558040350,0,80093400,232616700,0,0,17447700,13902450,2215015750,336304950,0,0,0,7663500,0,0,262170300,19231500,0,32068800,8643746700,10382934450,0,0,0,0,1807800,12910050,11790000,148421850,0,768727650,0,0,4735650,0,0,1756906500,0,176850,0,0,0,15503850,3556650,307384950,0,30182400,0,0,0,4774950,3311752050,8862150,5501850,293806800,9628500,6288000,11412031950,9825000,346303500,18160050,0,0,0,0,0,0,0,1087961550,185397750,107013900,1317670050,0,1572000,17547450,86381400,687750,4518889950,9730350,0,527234400,0,39243253200,0,0,0,0,71506350,13035150,111828150,13394400,1305300,19699200,216150,0,0,28789050,0,0
"IDN",22617150,0,0,614702850,0,1648485000,60422246000,0,0,515655300,0,1047467900,0,0,208147500,0,19347195600,0,0,60895350,409073700,0,445332000,0,252836550,21365575050,0,0,793997250,0,520399600,78472835750,0,0,0,0,0,0,0,0,2151282000,13050000,0,25974000,0,49518000,8539149800,0,0,46478067700,0,302394150,272746000,15597049200,0,0,22185000,0,79987500,134690041950,66555000,108389400,373350,1002324700,0,0,39150000,0,22794000,6739950,0,816352300,386280000,110272500,0,51527838150,0,534884700,0,0,3858951600,104875500,0,0,0,39040986850,89924700,0,414213000,168361200,0,4820078700,1254716250,220365000,0,296778600,0,0,0,0,0,586861950,0,376596002650,121945050,46531200,0,47729850,32560050,22223121000,37286700,223742250,0,0,0,0,50755292800,0,0,208147500,25957650,10592987900,0,56022150,5586770100,123300,5402583700,7830000,27304800,94908200,0,412650,26922692900,199665000,0,0,337503750,0,89014500,49590000,0,0,37837552500,0,0,0,0,2904099350,125280000,0,44370000,135720000,0,41949791600,3144000,19564914700,30357809000,0,0,0,0,6561900,36540000,0,881247600,190880100,37480758400,109293300,11643000,0,66786300,0,3795209000,20110926900,0,0,10991727450,1123407000,279742573500,21929400,2274615000,0,0,1448275050,104007450,2747848650,0,0,3552881700,0,0,0,0,0,0
"IRN",11986500,3415576950,0,0,0,0,6720300,0,0,31338900,0,0,0,0,0,0,0,0,0,0,0,0,0,0,825300,373350,0,0,0,0,0,48240750,0,0,0,0,0,0,0,290171550,0,0,0,0,0,0,0,0,0,0,0,0,0,0,0,35271750,3183300,0,0,1783257450,0,78600,0,0,0,0,0,707400,0,0,0,14324850,0,0,0,0,0,0,7588727850,0,0,393000,79071600,0,0,0,1296900,177459150,0,0,0,0,0,0,0,2613450,0,0,0,0,0,0,0,30182400,0,0,0,1906050,1179000,0,0,0,0,0,0,0,1848600000,0,0,0,0,3910350,0,0,0,0,3218394900,0,0,0,0,0,0,0,0,0,0,0,4951800,0,137550,0,2593800,0,0,0,0,75416700,5659200,0,0,0,0,0,23521050,156767700,239400000,0,335071500,0,0,0,687750,447568050,0,0,12261600,0,0,0,864600,0,157200,295135650,0,0,0,0,0,0,0,0,0,0,0,236094750,0,0,0,0,0,0,0,0,0
"IRQ",0,0,0,0,0,0,0,0,0,0,0,0,0,0,0,0,0,0,0,0,0,0,0,0,0,0,0,0,0,0,0,0,0,0,0,0,0,0,0,0,0,0,0,0,0,0,0,0,0,0,0,0,0,0,0,0,0,0,0,0,0,0,0,0,0,0,0,0,0,0,0,0,0,0,0,0,0,0,0,0,0,0,0,0,0,0,0,0,0,0,0,0,0,0,0,0,0,0,0,0,0,0,0,0,0,0,0,0,0,0,0,0,0,0,0,0,0,0,0,0,0,0,0,0,0,0,0,0,0,0,0,0,0,0,0,0,0,0,0,0,0,0,0,0,0,0,0,0,0,0,0,0,0,0,0,0,0,0,0,0,0,0,0,0,0,0,0,0,0,0,0,0,0,0,0,0,0,0,0,0,0,0,0,0,0,0,0,0,0,0,0,0,0,0,0
"IRL",0,0,0,0,0,0,710799450,1768500,0,21477450,0,8056500,0,0,0,0,0,0,0,0,0,0,0,393000,0,4864377150,0,0,10611000,0,0,49321500,0,0,0,0,0,0,256039500,0,0,68832000,0,0,19650,0,6091500,0,0,2161500,0,0,10021500,179522400,0,0,0,0,0,617859000,0,0,0,13558500,0,0,0,0,0,0,0,103948500,589500,0,0,163095000,30673650,0,0,0,4519500,16504500,0,0,0,10807500,0,0,1572000,0,0,14953650,1768500,305557500,0,26920500,0,0,0,0,196500,0,0,31263150,0,0,24562500,0,0,0,0,0,196500,0,0,0,83316000,0,0,0,0,254113800,0,0,0,7368750,12379500,11004000,641179500,0,0,0,85870500,74080500,118882500,0,0,0,28296000,19650,0,0,7781400,0,0,0,0,16113000,0,0,0,0,0,114166500,0,10041150,120611700,0,0,0,103594800,19315950,0,2947500,11593500,0,41265000,0,0,0,10807500,0,19650,435444000,39300,0,144377784750,0,30834052950,0,0,0,0,0,0,0,0,393000,160737000,196500,0,0,0,0,0
"ISR",0,0,0,0,0,6818550,1141383900,0,0,0,0,0,0,0,0,0,26518200,0,0,0,0,0,0,0,314400,270018600,0,0,314400,0,0,0,0,0,0,0,0,0,3478050,0,0,0,0,0,0,0,14265900,0,1100400,0,0,0,589500,424478850,0,0,7918950,0,0,14914350,0,0,0,10552050,0,0,0,0,0,0,0,2259750,56760600,314400,0,0,0,0,0,0,0,7570650,0,0,0,410665350,12399150,0,14187300,0,0,21713250,0,8135100,0,0,0,0,0,0,0,0,0,0,0,0,0,0,0,5010750,0,0,0,0,0,510900,3144000,0,0,3242250,0,7977900,0,0,0,0,0,9707100,0,0,0,0,0,6305700,255450,0,0,0,0,0,4971450,0,126078450,0,0,0,0,0,0,0,0,34230300,0,314400,0,42069750,27510000,0,0,0,0,3851400,0,0,0,0,20946000,0,0,0,0,0,0,0,0,0,693289650,17447700,7931236350,0,0,0,0,0,0,0,0,0,73585350,0,0,0,0,0,0
"ITA",2311018500,786000,1628323500,11518896000,786000,4265398000,23370823500,14253631300,786000,2362441500,196500,71133000,0,0,130075500,0,10215985500,0,393000,0,185692500,3299162000,10414500,0,610132500,14889919500,6189750,12576000,228922500,0,3852289500,42092917500,2654677500,0,129688500,0,141087000,119301000,1875568500,1971857850,80368500,2870606400,0,804862500,561400500,1747996500,3509160000,27706500,45391500,920870100,0,0,2035995150,182195706700,947326500,104734500,1681080000,188050500,401646000,86772621450,1409986500,97462500,0,13526609900,0,0,85870500,589500,0,0,6481500,28174176500,14666155700,6460753950,8253000,7182381000,375511500,72167700,370206000,852227400,14622495000,0,369616500,254054850,0,5977301000,3984037500,202395000,289506000,4323000,0,7276632000,5082451200,664750250,393000,7359372000,0,0,12462244500,3071197650,8351250,243763500,0,1799479500,142069500,2554500,3911852850,78993000,1149682500,6787509600,239853000,3182842050,30064500,267043500,786000,11790000,45635641150,0,1196881500,1250566500,0,855561000,3144000,0,305361000,1447350000,604429500,13715700,8386496800,0,13602000,2292400500,655129500,54368107600,9153335900,0,0,196500,2702782500,14444000,7474511150,0,31437889500,0,0,196500,0,17442216600,356451000,40596900,59343000,7892585550,1770988800,7291816500,138532500,6686355000,35643719300,196500,150912000,0,6656034550,10004557500,16702500,275493000,4799955000,103162500,2107978500,0,0,16113000,1693437000,1611418500,15368299500,26857237500,49518000,0,59176527650,3073108500,24643319000,0,231465000,604434000,209862000,77452500,86263500,1508530500,93927000,9432000,76992161050,371158800,1546833000,381597000,287671500,0,1965000
"CIV",0,0,0,6979062000,0,0,15213837450,0,0,0,0,0,0,0,0,0,2923670550,0,0,0,0,30795524000,0,0,0,129289215450,0,0,208800900,0,1765058400,27256114000,0,0,11674200,0,0,94400000,0,0,6032550,0,0,0,0,0,230175000,0,0,233895056150,0,0,0,518705333500,0,10440000,207207000,87914100,0,462924293500,0,35321471250,0,836399150,0,0,0,19650,284400,0,0,0,0,0,0,25511000500,157851960300,259072000,0,0,11147659000,231439806350,0,0,0,10065247850,0,0,0,0,0,51791400,0,0,0,0,0,3320850,0,283200000,0,0,0,265220988400,0,380266800,0,0,0,109026104900,0,1893497150,13989600,0,0,0,1703851862800,0,0,0,0,854408700,0,6897150,0,0,0,0,3964800000,0,0,0,83520000,148045054900,5285348350,0,0,0,0,0,639900000,0,2249099200,0,0,0,0,1635027050,756378000,0,0,0,0,6468382400,0,14147503300,153931797100,0,0,0,0,58911600,148680000,0,297360000,0,0,9078300,0,0,0,5444244900,278979482600,6776952400,0,0,235530776850,120074000,1134644012000,154861650,0,0,0,0,0,0,0,0,768573399350,0,0,0,0,0,0
"KAZ",0,12949350,0,0,0,0,0,0,0,0,0,0,0,0,0,0,0,0,0,0,0,0,0,0,0,0,0,0,0,0,0,6206949200,0,0,0,0,0,0,0,850707450,0,0,0,0,9766050,0,0,0,0,0,0,0,0,314400,0,0,41048850,0,0,920425650,0,0,0,0,0,0,0,0,0,0,0,0,0,0,0,0,0,0,0,0,0,0,0,0,0,0,0,7535616450,0,0,0,26100000,0,0,0,0,0,0,0,0,0,0,0,0,0,0,0,0,0,0,672874950,0,0,0,0,0,0,0,0,0,0,0,0,0,0,0,0,0,0,0,0,0,0,0,0,0,0,0,0,0,0,0,26745634200,0,0,0,0,0,0,0,0,0,0,0,0,0,0,0,1803610650,0,0,0,0,1265325750,0,0,0,0,0,0,0,0,0,0,0,0,157200,982227750,0,0,0,942513300,0,0,0,0,0,0,0,0,0,0,0,0,0
"JAM",0,0,0,0,18746100,0,0,0,165600,0,8115450,0,0,0,0,0,0,0,25505700,0,0,0,0,0,0,6034650,0,0,0,0,0,1316250,0,0,0,0,0,0,0,0,0,0,5344800,0,0,0,0,0,0,0,0,0,0,309961800,0,0,0,0,0,53882100,0,0,0,0,0,14187300,0,0,31616850,0,0,0,0,0,0,0,0,0,0,0,0,0,0,0,0,0,0,0,0,0,0,0,0,0,0,0,0,0,0,0,0,0,0,0,0,0,0,0,0,0,0,0,0,0,0,0,362622600,0,0,0,0,0,0,0,0,0,0,0,0,0,0,0,0,0,0,0,0,0,0,0,0,0,0,2692050,26179350,23580000,0,0,0,0,0,0,0,0,0,0,0,0,0,0,0,492121800,0,0,0,0,0,0,0,44283450,0,0,0,0,0,0,9448700,0,199252950,0,0,0,0,0,0,0,0,0,0,0,0,0,0,0,0
"JPN",0,0,0,0,0,0,179974350,0,0,0,0,0,0,0,0,0,35055600,0,0,0,19021200,0,2692050,0,0,143091300,0,0,0,0,0,1484955050,0,0,0,0,0,0,0,0,0,0,0,0,0,0,0,0,0,96648300,0,0,0,3910350,0,157200,0,0,0,72036000,0,0,0,0,0,0,0,0,0,0,0,7208473200,0,0,0,31145250,114832800,0,0,0,0,0,0,0,0,0,0,0,0,5993250,0,1206783600,393000,0,0,0,0,0,0,0,462698550,0,0,315618300,0,0,0,0,0,0,40105650,0,0,0,0,0,1454100,0,0,0,0,17370600,0,0,0,0,0,0,0,0,0,0,1178567700,0,0,0,0,0,1729200,0,0,0,180973200,0,0,0,0,58950,0,0,0,0,0,2345988650,0,0,0,0,0,0,0,157200,0,0,6046831800,0,1933145400,0,0,0,0,0,0,18883650,0,0,4873200,0,1362642450,0,0,0,0,401076150,0,0,0,0,353700,0,0,0,0,0,0
"JOR",0,0,0,0,0,0,0,0,0,38199600,0,0,0,0,0,0,0,0,0,0,0,0,0,0,0,61701000,0,0,0,0,0,0,0,0,0,0,0,0,9687450,0,0,0,0,11672100,0,0,498913500,0,0,0,0,0,0,0,0,0,0,0,0,8036850,0,0,0,0,0,0,0,0,0,0,0,0,0,0,0,0,0,0,2107885250,0,258554700,7879650,0,0,0,0,0,0,0,0,0,0,152582250,0,0,517482750,0,0,92748000,0,0,0,0,668100,0,0,0,0,0,0,0,143445000,0,0,0,0,28296000,0,0,0,0,0,0,0,0,0,0,0,0,0,0,0,0,0,0,0,0,0,4381950,0,0,0,0,0,0,0,0,836152500,0,0,0,0,0,1748850,0,0,0,0,0,0,5109000,0,482014500,0,0,0,0,0,0,0,50913150,0,26134500,190078450,0,0,3517350,0,45450450,0,0,0,0,0,0,583270950,0,0,0,0,0,0,0,0,698223450
"KGZ",0,22184850,0,0,0,0,0,0,0,0,0,0,0,0,0,0,0,0,0,0,0,0,0,0,0,0,0,0,0,0,0,95204250,0,0,0,0,0,0,0,0,0,0,0,0,0,0,0,0,0,0,0,0,0,0,0,0,0,0,0,0,0,0,0,0,0,0,0,0,0,0,0,0,0,0,0,0,0,0,0,0,0,0,0,35468250,0,0,0,0,0,0,0,0,0,0,0,0,0,0,0,0,0,0,0,0,0,0,0,0,0,0,86027700,0,0,0,0,0,0,0,0,0,0,0,0,0,0,0,0,0,0,0,0,0,0,0,0,0,0,0,0,0,0,0,805650,0,0,0,0,0,0,0,0,0,0,0,0,0,0,0,84259200,0,0,0,0,0,0,0,0,0,0,0,0,0,0,0,0,0,0,0,0,0,0,13676400,0,0,0,0,0,0,0,0,0,0,0,0,0
"KEN",0,0,0,0,0,0,0,0,0,0,0,0,0,0,0,0,0,0,0,0,0,0,0,195750,0,0,0,0,0,0,0,0,0,0,0,0,0,0,0,0,0,0,0,0,0,0,0,0,0,0,0,0,0,0,0,0,0,0,0,0,0,0,0,0,0,0,0,0,0,0,0,0,0,0,39300,0,0,0,0,0,0,0,0,0,0,0,0,0,0,0,0,0,0,0,0,65250,0,0,0,0,0,8154750,17689650,0,0,0,0,0,39300,0,0,0,9117600,0,0,0,13597800,0,0,0,0,0,0,0,0,1257600,0,0,0,0,0,0,0,0,0,0,0,0,78600,17685000,0,56217000,0,0,0,0,0,0,0,609150,0,0,0,0,0,117900,1569060000,0,0,0,39300,176700,0,0,0,347984250,0,0,0,0,0,0,0,0,910487700,0,855232500,0,0,0,0,0,0,0,0,0,0,95546250,0,0,0,0,0,0,0
"KHM",0,0,0,0,0,0,0,0,0,0,0,0,0,0,0,0,0,0,0,0,0,0,0,0,0,0,0,0,0,0,0,931770000,0,0,0,0,0,0,0,0,0,0,0,0,0,0,0,0,0,0,0,0,0,0,0,0,0,0,0,0,0,0,0,0,0,0,0,0,0,0,0,0,0,0,0,0,0,0,0,0,0,0,0,0,0,0,0,0,0,0,0,0,0,0,0,0,0,0,0,0,0,0,0,0,0,0,0,0,0,0,0,0,0,0,0,0,0,0,0,0,0,0,0,0,0,0,0,0,0,0,0,0,0,0,0,0,0,0,0,0,0,0,0,0,0,0,0,0,0,0,0,0,0,0,0,0,0,0,0,0,0,0,0,0,0,0,0,0,0,0,0,0,0,0,0,0,0,0,0,0,0,0,0,31754400,0,0,0,0,0,0,0,0,0,0,0
"PRK",0,0,0,0,0,0,0,0,0,0,0,0,0,0,0,0,0,0,0,0,0,0,0,0,0,0,0,0,0,0,0,0,0,0,0,0,0,0,0,0,0,0,0,0,0,0,0,0,0,0,0,0,0,0,0,0,0,0,0,0,0,0,0,0,0,0,0,0,0,0,0,0,0,0,0,0,0,0,0,0,0,0,0,0,0,0,0,0,0,0,0,0,0,0,0,0,0,0,0,0,0,0,0,0,0,0,0,0,0,0,0,0,0,0,0,0,0,0,0,0,0,0,0,0,0,0,0,0,0,0,0,0,0,0,0,0,0,0,0,0,0,0,0,0,0,0,0,0,0,0,0,0,0,0,0,0,0,0,0,0,0,0,0,0,0,0,0,0,0,0,0,0,0,0,0,0,0,0,0,0,0,0,0,0,0,0,0,0,0,0,0,0,0,0,0
"KOR",0,0,0,0,0,5187600,350477400,157200,0,0,0,903900,0,0,3812100,0,393000,0,0,0,1689900,176850,3071550,0,0,5953950,0,0,0,0,3104700,3695502750,0,0,0,0,0,0,0,0,0,0,0,0,0,0,78600000,0,0,0,0,0,0,41952750,0,0,0,0,0,66338400,0,8036850,0,0,0,0,0,0,0,0,0,1348271550,0,0,0,1689900,3899100,0,0,0,7860000,9942900,0,79032300,0,102969612750,47160000,12831450,727050,6523800,0,0,6877500,0,0,825300,0,0,137550,0,2416950,0,0,113686650,0,0,0,0,0,823629750,626304450,0,0,0,0,0,50201900,0,0,0,0,5285850,0,0,0,0,0,0,0,0,3635250,668100,984995550,0,0,0,0,0,294750,0,0,0,808754700,0,0,0,0,94713000,0,0,0,0,58950,96608250,0,0,21615000,0,393000,0,0,1984650,0,0,653185650,0,161758800,0,0,0,0,0,46059600,527897250,0,0,52701300,0,772009200,0,0,0,0,375034200,0,0,0,0,17881500,0,0,0,1080750,0,0
"KWT",0,0,0,0,0,0,0,0,0,33385450,0,0,0,0,0,0,0,0,0,0,0,0,0,0,0,0,0,0,0,0,0,0,0,0,0,0,0,0,0,0,0,0,0,0,0,0,0,0,0,0,0,0,0,0,0,0,0,0,0,0,0,0,0,0,0,0,0,0,0,0,0,0,0,0,0,15896850,0,1965000,20717250,0,0,0,0,0,0,0,41618700,0,0,0,0,0,0,0,0,71172300,0,0,0,0,0,0,0,0,0,0,0,0,0,0,0,0,0,0,0,0,0,0,0,0,0,0,0,0,0,0,0,0,0,0,0,0,0,0,0,0,0,0,167339100,0,0,0,0,0,0,0,0,2393148300,0,0,0,0,0,9502650,0,0,157200,0,0,0,0,0,0,0,0,0,0,0,0,0,54391200,0,1847100,128000100,0,0,0,0,0,0,0,0,0,0,0,24090900,0,0,0,0,0,0,0,0,0
"LVA",0,0,0,0,0,0,4126500,11691750,0,393000,0,0,0,0,0,0,0,0,0,0,0,224599500,0,0,0,97344600,0,0,0,0,0,3556650,0,0,0,0,0,0,1123650,786000,0,44762700,0,0,1029646950,0,0,0,0,5045571600,0,0,21529800,44173200,0,0,16518600,0,0,1495679600,19650,0,0,52720950,0,0,0,0,0,0,0,14148000,2554500,0,1179000,0,0,0,0,110805150,580587000,32129550,0,432300,0,25741500,0,0,0,0,0,2554500,727050,0,0,451950,0,0,0,5729192200,0,0,0,0,0,0,866400,0,0,2358000,0,0,0,40282500,0,0,56061450,0,0,0,0,2613450,0,0,0,49007100,0,0,32894100,0,0,0,0,709092150,15522300,0,0,0,18117300,0,13558500,0,4576604100,0,0,0,0,3635250,0,0,0,20239500,186576300,14344500,0,0,18297900,0,0,0,188653050,0,0,57181500,393000,0,0,0,0,0,0,0,0,15870600,0,0,463068500,2897850,629584500,0,0,70076700,0,0,0,0,0,0,19650,5895000,0,0,0,0,0
"LAO",0,0,0,0,0,0,0,0,0,0,0,0,0,0,0,0,0,0,0,0,0,0,0,0,0,0,0,0,0,0,0,0,0,0,0,0,0,0,0,0,0,0,0,0,0,0,0,0,0,0,0,0,0,0,0,0,0,0,0,0,0,0,0,0,0,0,0,0,0,0,0,0,0,0,0,0,0,0,0,0,0,0,0,0,0,0,0,0,0,0,0,0,0,0,0,0,0,0,0,0,0,0,0,0,0,0,0,0,0,0,0,0,0,0,0,0,0,0,0,0,0,0,0,0,0,0,0,0,0,0,0,0,0,0,0,0,0,0,0,0,0,0,0,0,0,0,0,0,0,0,0,0,0,0,0,0,0,0,0,0,0,0,0,0,0,0,0,0,0,0,0,0,0,0,0,0,0,0,0,0,0,0,0,0,0,0,0,0,0,0,0,0,0,0,0
"LBN",6673500,0,0,0,0,0,55216500,2004300,0,286182300,0,0,0,0,0,0,314400,0,0,0,19610700,0,0,0,38848050,57075000,0,17978700,0,0,0,0,844950,0,109964250,0,0,0,1866750,47356500,74916000,1355850,0,0,0,0,294003300,0,2456250,0,0,0,0,13362000,0,0,0,68775150,2895000,36090450,0,28242600,0,275100,0,0,0,79418400,0,0,0,9235500,0,0,0,98250,10984350,10263750,1695114750,0,0,117900,173953650,28020900,0,0,1843712400,0,0,0,0,235800,820096800,0,0,0,0,92404800,164313300,0,0,0,1159350,79169850,0,3940500,0,2554500,0,137550,0,97214400,864600,0,0,0,2927850,0,0,0,0,700800,0,923400,34156950,0,0,6683100,0,0,9432000,0,9883950,157200,0,0,0,0,1760476300,0,0,0,294750,0,0,0,0,6013524900,31230150,0,20573550,0,0,609150,0,5148300,0,0,0,0,48581250,6805600,2662985200,0,0,884250,0,8421750,0,0,236762850,18903000,18903300,2400795250,275100,0,44216550,2004300,184945350,536100,510900,0,6150450,0,83433900,667500,0,17887800,8279100,0,0,0,255450,0,0
"LSO",0,0,0,0,0,0,0,0,0,0,0,0,0,0,0,0,0,0,0,0,0,0,0,0,0,0,0,0,0,0,0,0,0,0,0,0,0,0,0,0,0,0,0,0,0,0,0,0,0,0,0,0,0,0,0,0,0,0,0,0,0,0,0,0,0,0,0,0,0,0,0,0,0,0,0,0,0,0,0,0,0,0,0,0,0,0,0,0,0,0,0,0,0,0,0,0,0,0,0,0,0,0,0,0,0,0,0,0,0,0,0,0,0,0,0,0,0,0,0,0,0,0,0,0,0,0,0,0,0,0,0,0,0,0,0,0,0,0,0,0,0,0,0,0,0,0,0,0,0,0,0,0,0,0,0,0,0,0,0,0,0,0,0,0,0,0,0,0,0,0,0,0,0,0,0,0,0,0,0,0,0,0,0,0,0,0,0,0,0,0,0,0,0,0,0
"LBR",0,0,0,0,0,0,0,0,0,0,0,0,0,0,0,0,0,0,0,0,0,0,0,0,0,0,0,0,0,0,0,0,0,0,0,0,0,0,0,0,0,0,0,0,0,0,0,0,0,0,0,0,0,0,0,0,0,0,0,0,0,0,0,0,0,0,0,0,0,0,0,0,0,0,0,0,0,0,0,0,0,0,0,0,0,0,0,0,0,0,0,0,0,0,0,0,0,0,0,0,0,0,0,0,0,0,0,0,0,0,0,0,0,0,0,0,0,0,0,0,0,0,0,0,0,0,0,0,0,0,0,0,0,0,0,0,0,0,0,0,0,0,0,0,0,0,0,0,0,0,0,0,0,0,0,0,0,0,0,0,0,0,0,0,0,0,0,0,0,0,0,0,0,0,0,0,0,0,0,0,0,0,0,0,0,0,0,0,0,0,0,0,0,0,0
"LBY",0,0,0,0,0,0,0,0,0,0,0,0,0,0,0,0,0,0,0,0,0,0,0,0,0,0,0,0,0,0,0,0,0,0,0,0,0,0,0,0,0,0,0,0,0,0,0,0,0,0,0,0,0,41400,0,0,0,0,0,0,0,0,0,0,0,0,0,0,0,0,0,0,0,0,0,0,0,0,0,0,0,0,0,0,0,0,0,0,0,0,0,0,0,0,0,0,0,0,0,0,0,0,0,0,0,0,0,0,0,0,0,0,0,0,0,0,0,0,0,0,0,0,0,0,0,0,0,0,0,0,2574150,0,0,0,0,0,0,0,0,0,0,0,0,0,0,0,0,0,0,0,0,0,0,0,0,0,0,0,0,0,0,0,0,0,0,0,0,0,0,0,0,0,0,0,0,0,0,0,0,0,0,0,0,0,0,0,0,0,0,0,0,0,0,0,0
"LTU",0,1978050,0,0,0,0,243895800,420510000,0,0,0,0,0,0,0,0,0,0,0,0,0,1889544000,0,0,0,60718500,0,0,0,0,0,144054150,0,0,0,0,0,0,99704100,245860800,0,13781100,0,0,3510621800,0,0,0,0,7248911550,0,0,48024600,5768061000,0,0,212106150,0,0,2996947050,0,0,0,60429300,0,0,0,0,0,0,0,25328850,523161600,0,648450,2554500,0,50304000,5698500,245026950,492036000,2161500,0,209064500,0,1748850,0,463280550,0,0,0,0,0,14959708650,0,0,0,0,4519500,0,0,0,0,0,0,0,982500,0,0,0,19650,0,0,327565500,0,0,463347000,0,0,589500,0,0,0,0,0,5988783300,0,0,251755800,0,0,0,0,16206091800,89800500,0,0,0,0,0,138964800,0,7216308800,0,0,0,0,0,0,0,0,13558500,254998050,10728900,0,393000,113772000,0,2721898350,0,18788406450,1572000,0,205539000,825300,0,0,0,0,0,12399150,0,6288000,117900000,0,0,5711831400,64335900,840298500,0,0,38710500,0,0,0,0,0,0,4594405800,0,0,0,0,0,0
"MAC",0,0,0,0,0,0,0,0,0,0,0,0,0,0,0,0,0,0,0,0,0,0,0,0,0,0,0,0,0,0,0,74807550,0,0,0,0,0,0,0,0,0,0,0,0,0,0,0,0,0,0,0,0,0,0,0,0,0,0,0,0,0,0,0,0,0,0,0,0,0,0,0,54548400,0,0,0,0,0,0,0,0,0,0,0,0,0,0,0,0,0,0,0,0,0,0,0,0,0,0,0,0,0,0,0,0,0,0,0,0,0,0,0,0,0,0,0,0,0,0,0,0,0,0,0,0,0,0,0,0,0,0,0,0,0,0,0,0,0,0,0,0,0,0,0,0,0,0,0,0,0,0,0,0,0,0,0,0,0,0,0,0,0,0,0,0,510900,0,0,0,0,0,0,0,0,0,0,0,0,0,0,0,0,0,0,0,0,0,0,0,0,0,0,0,0,0,0
"MDG",0,0,0,573079500,0,0,26979450,0,0,0,0,0,0,0,0,0,0,0,0,0,0,0,0,0,0,730200,0,0,0,0,0,687750,0,0,0,0,0,0,0,0,0,1863000,0,0,0,0,0,0,0,0,0,0,0,2574690100,0,0,0,0,0,6161195700,0,0,0,0,0,0,0,0,0,0,0,58950,0,0,0,812847600,0,0,0,0,0,106025400,0,0,0,221060700,0,0,0,0,0,0,0,0,0,0,0,0,0,0,0,0,0,787697100,0,0,0,0,294750,0,0,0,0,0,0,0,20014624800,0,0,0,0,0,0,0,0,0,0,0,0,0,0,0,0,51750000,0,0,0,0,0,0,0,0,2049300,0,0,0,0,0,0,0,0,0,0,49183200,0,216150,1695537000,0,0,0,0,1259700,0,0,0,0,0,216150,0,0,0,0,26247600,0,0,0,250881150,0,3415865850,0,0,0,0,0,0,0,0,0,1057304400,0,0,0,0,0,0
"MWI",0,0,0,0,0,0,0,0,0,0,0,0,0,0,0,0,0,0,0,0,0,0,0,0,0,0,0,0,0,0,0,0,0,0,0,0,0,0,0,0,0,0,0,0,0,0,0,0,0,0,0,0,0,0,0,0,0,0,0,0,0,0,0,0,0,0,0,0,0,0,0,0,0,0,0,0,0,0,0,0,0,0,0,0,0,0,0,0,0,0,0,0,0,0,0,0,0,0,0,0,0,0,0,0,0,0,0,0,0,0,0,0,0,0,0,0,0,0,0,0,0,0,0,0,0,0,0,0,0,0,0,0,0,0,0,0,0,0,0,58950,0,0,0,0,0,0,0,0,0,0,0,0,0,0,0,0,0,0,0,0,0,0,0,0,0,0,0,0,0,0,0,0,0,0,0,0,0,0,0,0,0,0,0,0,0,0,0,0,0,0,0,0,0,0,0
"MYS",104400000,0,0,693755100,0,844469300,63928285500,0,1984650,312437550,0,3265154350,0,0,381527100,0,6889202100,0,0,39535800,1885299450,14220000,1186942650,0,197914800,36778275000,0,0,2792627650,0,1915374850,127409809100,38907000,0,0,0,0,4479300000,0,0,0,660500950,0,0,0,0,23141464250,0,0,47466135000,0,406736200,56376000,14598213750,33247800,83520000,636204500,0,0,37772494200,0,2358000,1395150,439944900,0,0,87160950,33739050,26134500,290016900,0,7054740950,277338750,335236500,4146150,21484458200,110928995800,10515211750,340683300,0,0,94547250,117883800,137259900,0,149047106000,877186200,406234200,245070200,115306200,87480000,25479884200,1297257000,1163199300,0,574627350,0,0,148775850,234630000,17193750,106233750,0,0,1062932250,0,0,0,455257050,42774560400,749848950,639753750,24795000,100842300,0,71437650,23856047100,0,0,0,18372750,10154274700,214963950,0,168950700,2610000,14068737500,1591650,2633100,1353751200,36540000,2324953050,33446248150,1155273300,58959900,0,4617750,0,335928150,18270000,0,0,53711632500,5220000,0,0,0,9250261000,43626750,4008600,41760000,57420000,0,352012788550,0,19961752400,3397286250,73923300,0,0,0,507461550,2663496450,488057250,10328669550,30265000,37244999100,0,0,0,562203400,0,7494131850,45851554200,0,2790300,1435194000,6382320200,190086339700,0,735719400,691656000,0,11974667350,47887350,1901703850,0,0,1384598050,0,0,0,268870200,0,58725000
"MDV",0,0,0,0,0,0,0,0,0,0,0,0,0,0,0,0,0,0,0,0,0,0,0,0,0,0,0,0,0,0,0,0,0,0,0,0,0,0,0,0,0,0,0,0,0,0,0,0,0,0,0,0,0,0,0,0,0,0,0,0,0,0,0,0,0,0,0,0,0,0,0,0,0,0,0,0,0,0,0,0,0,0,0,0,0,0,0,0,0,0,0,0,0,0,0,0,0,0,0,0,0,0,0,0,0,0,0,0,0,0,0,0,0,0,0,0,0,0,0,0,0,0,0,0,0,0,0,0,0,0,0,0,0,0,0,0,0,0,0,0,0,0,0,0,0,0,0,0,0,0,0,0,0,0,0,0,0,0,0,0,0,0,0,0,0,0,0,0,0,0,0,0,0,0,0,0,0,0,0,0,0,0,0,0,0,0,0,0,0,0,0,0,0,0,0
"MLI",0,0,0,0,0,0,0,0,0,0,0,0,0,0,0,0,0,0,0,0,0,0,0,1279800,0,196500,0,0,0,0,0,0,0,0,0,0,0,0,0,0,0,0,0,0,0,0,0,0,0,0,0,0,0,0,0,0,0,0,0,0,0,0,0,0,0,0,0,0,0,0,0,0,0,0,0,0,0,0,0,0,0,0,530550,0,0,0,0,0,0,0,0,0,0,0,0,0,0,0,0,0,0,0,0,0,0,0,0,0,0,0,0,0,0,0,0,0,0,0,0,0,0,0,0,19650,0,0,0,0,0,0,0,0,0,0,0,0,0,0,0,0,0,0,0,0,0,0,0,0,0,0,0,0,0,0,0,0,0,0,0,0,0,0,0,0,0,0,0,0,0,0,0,0,0,0,0,0,0,0,0,3910500,0,0,0,0,0,0,0,0,0,0,0,0,5502000,0,0
"MLT",0,0,0,0,0,0,196500,0,0,786000,0,0,0,0,0,0,0,0,0,0,0,0,0,0,0,0,0,0,0,0,0,0,0,0,0,0,0,0,0,0,0,0,0,0,0,0,0,0,0,0,0,0,0,0,0,56592000,0,0,2554500,39300,0,0,0,0,0,0,0,0,0,0,0,0,0,0,0,0,0,0,0,0,0,0,0,0,0,0,0,0,0,0,0,0,0,0,0,0,0,2358000,4891278000,0,0,0,0,0,0,0,0,0,0,0,0,0,0,0,0,0,0,0,0,0,0,0,0,196500,393000,0,0,0,0,0,0,0,0,0,0,0,0,0,0,0,0,0,0,0,0,0,0,0,0,0,0,0,0,0,0,0,0,0,0,0,0,0,0,0,0,0,0,0,0,0,0,1179000,0,8842500,0,0,0,0,0,0,0,0,0,0,0,0,0,0,0,0,0,0,0,0,982500
"MRT",0,0,0,0,0,0,766350,0,0,0,0,0,0,0,0,0,0,0,0,0,0,0,0,0,0,0,0,0,0,0,0,0,0,0,0,0,0,0,0,0,0,0,0,0,0,0,0,0,0,0,0,0,0,98250,0,0,0,0,0,0,0,0,0,0,0,0,0,0,0,0,0,0,0,0,0,0,0,0,0,0,0,0,0,0,0,0,0,0,0,0,0,0,0,0,0,0,0,0,0,0,0,0,0,0,0,0,0,0,0,0,0,0,0,0,0,0,0,0,0,0,0,0,0,0,0,0,0,0,0,0,0,0,0,0,0,0,0,0,0,0,0,0,0,0,0,0,0,0,0,0,0,0,0,0,0,0,0,0,0,0,0,0,0,0,0,0,0,0,0,0,0,0,0,0,0,0,0,0,0,0,0,0,0,0,0,0,0,0,0,0,0,0,0,0,0
"MUS",0,0,0,0,0,0,0,0,0,0,0,0,0,0,0,0,0,0,0,0,0,0,0,0,0,0,0,0,0,0,0,628800,0,235800,0,0,0,0,0,0,0,0,0,0,0,0,0,0,0,0,0,0,0,22892250,0,0,0,0,0,491250,0,0,0,0,0,0,0,0,0,0,0,0,0,0,0,0,0,0,0,0,0,0,0,0,0,0,0,0,11731050,0,0,39300,0,0,0,0,0,0,0,0,0,395593800,0,746700,0,0,0,0,0,0,0,0,0,0,0,0,0,0,0,0,0,0,0,0,0,0,0,0,0,0,0,0,0,0,0,0,0,0,0,3458400,0,0,0,0,0,0,0,0,0,4897800,0,0,0,0,0,0,0,0,0,0,0,0,0,0,0,0,0,0,0,0,0,0,0,4853550,0,0,334050,0,0,0,0,0,0,0,569850,0,0,0,0,0,0,0,0,0,0
"MEX",0,0,0,0,0,822647250,195714250,471600,0,0,11318400,0,0,0,215383650,0,953361000,0,487788450,0,0,0,0,0,0,27931251300,0,0,0,0,1952421600,975897600,3293451150,0,46688400,0,2717738850,783751350,0,0,0,314400,0,367074600,0,162561750,0,1303522050,0,0,0,0,0,18007050,0,0,18372750,0,0,54274000,0,5187600,0,0,0,0,5699164650,0,40262850,0,2396221050,9075450,1336200,0,0,26100,0,0,0,0,173254050,22825500,0,0,133237950,321145200,44585850,0,0,0,0,614278650,0,0,0,19119450,0,0,0,0,0,0,0,143002000,0,0,0,26448900,0,0,317033100,0,0,0,0,0,12560313300,0,0,0,0,11421450,1956088500,0,0,0,0,1350780300,0,0,71447400,1600040550,0,0,0,0,0,0,0,45764850,0,0,652500,1080750,0,0,0,0,0,0,0,0,19650,2515200,0,211041000,14072550,0,0,0,0,36156000,0,0,120415200,0,0,0,0,95086350,0,0,0,1830004500,0,0,3564255150,0,744445713500,0,29691150,0,0,166632000,8351250,0,0,23344200,438318150,19650,0,0,0,0,0
"MNG",0,0,0,0,0,0,0,0,0,0,0,0,0,0,0,0,0,0,0,0,0,0,0,0,0,0,0,0,0,0,0,120788550,0,0,0,0,0,0,0,0,0,0,0,0,0,0,0,0,0,0,0,0,0,0,0,0,0,0,0,0,0,0,0,0,0,0,0,0,0,0,0,0,0,0,0,0,0,0,0,0,0,0,0,0,0,0,0,0,0,0,0,13050,0,0,0,0,0,0,0,0,0,0,0,0,0,0,0,0,0,0,0,0,0,0,0,0,0,0,0,0,0,0,0,0,0,0,0,0,0,0,0,0,0,0,0,0,0,0,0,0,0,0,0,0,0,0,0,0,0,0,0,0,0,0,0,0,0,0,0,0,0,0,0,0,0,0,0,0,0,0,0,0,0,0,0,0,0,0,0,0,0,0,0,0,0,0,0,0,0,0,0,0,0,0,0
"MAR",0,0,0,1040664000,0,0,0,0,0,0,0,0,0,0,0,0,0,0,0,0,0,0,0,0,392960700,157200,0,0,0,0,0,0,0,0,685706400,0,0,0,0,0,0,0,0,0,0,0,179620650,0,84553950,0,0,0,0,87992700,0,6052200,0,23422800,80820450,235800,0,340180800,0,0,0,0,0,433675500,0,0,0,0,0,0,0,0,0,0,0,0,0,0,77224500,0,0,0,90390000,0,0,0,0,0,24700050,0,0,26134500,0,296891850,943200,0,0,0,0,0,0,1447910250,0,81095550,0,0,0,0,0,0,0,0,0,0,0,0,0,0,0,438725550,0,0,1179000,0,0,0,0,0,0,0,0,226682400,0,0,0,0,0,0,0,0,0,0,0,0,240437400,0,40420050,0,0,0,0,0,786000,0,0,0,0,4283700,0,0,0,0,0,125936850,0,0,235800,88248150,81744000,451950,0,0,58950,0,58950,29533950,0,0,77479950,0,0,423870150,192019800,0,3281550,0,0,0,0,0,251834400
"MOZ",0,0,0,0,0,0,0,0,0,0,0,0,0,0,0,0,0,0,0,0,0,0,0,0,0,0,0,0,0,0,0,0,0,0,0,0,0,0,0,0,0,0,0,0,0,0,0,0,0,0,0,0,0,0,0,0,0,0,0,0,0,0,0,0,0,0,0,0,0,0,0,0,0,0,0,0,0,0,0,0,0,0,0,0,0,0,0,0,0,0,0,0,0,0,0,0,0,0,0,0,0,0,0,0,0,0,0,0,0,0,0,0,0,0,0,0,0,0,0,0,0,0,0,0,0,0,0,0,0,0,0,0,0,0,0,0,0,0,0,0,0,0,0,0,0,0,0,0,0,0,0,0,0,0,0,0,0,0,0,0,0,0,0,0,0,0,0,0,0,0,0,0,0,0,0,0,0,0,0,0,0,0,0,0,0,0,0,0,0,0,0,0,0,0,0
"MDA",0,0,0,0,0,0,0,0,0,0,0,0,0,0,0,0,0,0,0,0,0,278523900,0,0,0,5777100,0,0,0,0,0,0,0,0,0,0,0,0,1965000,14835750,0,0,0,0,229512000,0,0,0,0,121437000,0,0,0,29475000,0,0,0,0,0,0,180465600,0,0,5757450,0,0,0,0,0,0,0,0,426129900,24680400,0,0,0,0,0,12733200,130810050,36254250,0,3772800,0,0,0,0,0,0,0,0,0,157475100,0,0,0,1159350,0,0,0,0,0,0,0,0,40321800,0,0,0,0,0,0,0,0,0,28610400,0,0,0,0,0,0,0,0,78600,0,0,4617750,0,0,0,0,447273300,0,0,0,0,0,0,3582686250,0,722704500,0,0,0,0,0,0,0,0,0,0,0,0,0,0,0,0,0,412650,0,0,0,3340500,0,0,0,0,0,0,0,393693350,58950,0,0,1729200,229509150,62997900,0,0,0,0,0,0,0,0,0,0,0,250105200,0,0,0,0
"NAM",0,0,0,0,982500,0,0,0,0,0,0,0,0,0,0,589500,0,0,0,0,0,0,0,0,0,0,0,0,0,0,0,589500,0,0,0,0,0,0,19650,0,0,19650,0,0,0,0,0,0,0,0,0,0,0,0,0,0,0,0,0,19630350,0,0,0,0,0,0,0,0,0,0,0,19650,0,0,0,0,707400,0,0,0,0,589500,0,0,0,0,0,0,0,0,0,0,0,0,0,0,0,0,0,0,0,0,0,0,0,0,0,0,0,0,0,0,0,0,0,0,334050,0,0,0,884250,0,0,0,0,727050,0,0,0,0,0,0,0,3045750,0,0,0,0,0,0,0,0,0,0,0,0,0,0,0,0,0,0,0,0,0,66927900,687750,0,0,0,216150,0,0,0,0,261750,0,0,0,0,0,0,0,0,0,0,235800,0,2534850,0,0,0,0,0,0,0,81645600,1333200,0,0,0,0,0,0,0
"NPL",0,0,0,0,0,0,0,0,0,0,0,0,0,0,0,0,0,0,0,0,0,0,0,0,0,0,0,0,0,0,0,7663500,0,0,0,0,0,0,0,0,0,0,0,0,0,0,0,0,0,0,0,0,0,0,0,0,0,0,0,7514100,0,0,0,0,0,0,0,0,0,0,0,0,0,0,0,7231200,0,0,0,0,0,0,0,0,0,0,0,0,0,0,0,0,0,0,0,0,0,0,0,0,0,0,0,0,0,0,0,0,0,0,0,0,0,0,0,0,0,0,0,0,0,0,0,0,0,0,0,0,0,0,0,0,0,0,0,0,0,0,0,0,0,0,0,0,0,0,0,0,0,0,0,0,0,0,0,0,0,0,0,0,0,0,0,0,0,0,0,0,0,0,0,0,0,0,0,0,0,0,0,0,0,0,0,0,0,0,0,0,0,0,0,0,0,0,0
"NLD",253988050,201369750,1311796650,11542830200,19453500,1113528000,20380546300,75115514300,35370000,1717734000,159479400,523476000,0,0,0,0,6337611000,0,0,0,15523500,23596328900,0,8311950,88032000,13857498850,301077300,23129100,3410552250,4512750,2530892500,34522920650,174240450,0,258081600,0,52465500,6032550,5145110300,144600750,5895000,36512416250,3144000,33405000,1182375500,9787500,18538976500,0,51986850,3102725150,49498350,79051950,33564716100,396551889850,180387000,515281950,291971100,20230950,34144650,1608624735200,1225715500,1075246500,0,36157582100,0,0,1086128700,4989600,0,31125150,0,12012195500,25341677350,4565975300,6348271500,5887112000,693055950,2924204000,5490238400,14165653100,12856776500,146638096000,124954350,3534376900,166730250,53336370500,9604366500,74992500,1442110300,0,0,34963069500,2900733000,1719937900,0,10845175500,0,1527006900,7661665500,6351276950,18864000,95865750,0,4892346650,577513500,28190700,1456667550,3045750,548038500,7971557950,1101775500,7028069300,82986750,357496300,20632500,978570000,0,0,276475500,3846552250,0,2044231450,0,39300,3463958700,31204160700,957294000,976683000,44909914500,7270500,255048500,660168000,5875134000,164900704750,11134457000,0,0,117900,2683813500,302806500,11536266150,21811500,97588707500,589500,1965000,0,0,39201327500,236627250,63930000,13112850,4254694600,9941681750,26328990050,1486650,17405007850,67602896100,2046003600,109340000,0,60692219800,178543451500,711541500,17021400,5658267650,192000150,2834101500,20167200,0,41157750,619180800,3437210250,95382235500,75506088700,227959650,0,352066580700,47872184500,160127907650,882750,1110850500,1200571350,152385750,1209352800,455322300,64092150,5304000,19905450,557738583500,2331564900,12213315250,698361000,456284100,0,6196863000
"ANT",0,0,0,0,0,0,0,0,0,0,0,0,0,0,0,0,0,0,0,0,0,0,0,0,0,0,0,0,0,0,0,0,0,0,0,0,0,0,0,0,0,0,0,0,0,0,0,0,0,0,0,0,0,0,0,0,0,0,0,0,0,0,0,0,0,0,0,0,0,0,0,0,0,0,0,0,0,0,0,0,0,0,0,0,0,0,0,0,0,0,0,0,0,0,0,0,0,0,0,0,0,0,0,0,0,0,0,0,0,0,0,0,0,0,0,0,0,0,0,0,0,0,0,0,0,0,0,0,0,0,0,0,0,0,0,0,0,0,0,0,0,0,0,0,0,0,0,0,0,0,0,0,0,0,0,0,0,0,0,0,0,0,0,0,0,0,0,0,0,0,0,0,0,0,0,0,0,0,0,0,0,0,0,0,0,0,0,0,0,0,0,0,0,0,0
"NCL",0,0,0,0,0,0,982500,0,0,0,0,0,0,0,0,0,0,0,0,0,0,0,0,0,0,0,0,0,0,0,0,39300,0,0,0,0,393000,0,0,0,0,0,0,0,0,0,0,0,0,0,0,0,0,393000,1159350,0,0,0,0,0,0,0,0,0,0,0,0,0,0,0,0,0,0,0,0,0,0,0,0,0,0,0,0,0,0,43858800,0,0,0,0,0,0,0,0,0,0,0,0,0,0,0,0,0,0,0,0,0,0,0,0,0,0,0,0,0,0,0,0,0,0,3729750,39300,0,0,0,0,0,0,0,0,0,0,0,0,0,0,0,0,0,0,0,0,0,0,0,0,0,0,0,0,0,0,0,0,0,0,0,0,0,0,0,0,0,0,0,0,0,0,0,0,0,0,0,0,0,0,0,0,275100,0,0,0,0,0,0,0,0,0,0,0,0,0,0,0,0
"MKD",0,0,985340400,66495600,0,0,75521250,35527200,0,0,0,0,0,0,0,0,0,0,0,0,0,600523650,0,0,0,211714200,0,0,0,0,0,0,0,0,0,0,0,0,13637100,0,0,0,0,0,15700350,0,0,0,0,2259750,0,0,0,6622050,0,0,0,0,0,178539900,1916936100,0,0,122105100,0,0,0,0,0,0,0,0,801562800,1999682250,0,0,0,0,41933100,0,152680500,74611050,0,0,0,0,0,0,0,0,0,27922650,334050,0,0,3458400,0,0,14482050,0,0,0,0,0,0,0,0,0,0,25505700,53133600,0,0,0,0,0,0,0,0,0,0,766350,0,0,0,5482350,0,98250,103221450,0,0,3222600,0,0,8862150,0,0,0,0,0,658216050,0,471600,0,0,0,0,1237950,0,0,0,1156933050,86833350,5030400,0,0,9235500,0,0,0,37629750,41422200,0,0,0,0,0,0,0,0,0,0,39732300,0,0,0,5109000,0,156312750,0,0,0,0,0,0,1513050,0,0,1316550,0,6257413800,458611350,0,0,0
"VUT",0,0,0,0,0,0,7162200,0,0,0,0,0,0,0,0,0,0,0,0,0,0,0,0,0,0,0,0,0,0,0,0,0,0,0,0,0,0,0,0,0,0,0,0,0,0,0,0,0,0,0,0,0,0,124200,0,0,0,0,0,0,0,0,0,0,0,0,0,0,0,0,0,0,0,0,0,0,62100000,0,0,0,0,0,0,0,0,0,0,0,0,0,0,0,0,0,0,0,0,0,0,0,0,0,0,5626156500,0,0,0,0,0,0,0,0,0,0,0,0,0,0,337200,0,0,9950700,0,0,0,0,0,0,0,0,0,0,0,0,0,0,0,0,0,0,0,0,0,0,0,0,0,0,0,0,0,0,0,0,0,0,0,0,0,0,0,0,0,0,0,0,0,0,0,0,0,0,0,0,0,0,0,0,0,0,0,0,0,0,0,0,0,0,54430500,0,0,0,0,0,0
"NZL",0,0,0,0,0,0,66750954150,0,0,37531500,0,0,0,0,0,0,2809950,0,0,55151400,13086900,0,0,0,0,86283150,0,0,0,0,0,1088090850,0,0,0,194087850,0,0,0,0,0,3478050,0,0,0,0,0,0,0,0,0,367804500,0,117900,71075100,0,0,0,0,4925550,0,0,6602400,0,0,0,0,0,0,0,0,244319100,0,0,0,27117000,70995450,0,5423400,19650,0,8626350,0,0,0,84102000,0,0,11495250,0,0,270199650,0,0,0,0,0,0,0,0,255450,0,0,1389294000,0,0,0,0,0,52350,0,0,0,0,0,0,42974550,0,76212900,0,35823600,0,0,0,0,235800,8273239500,0,0,129191100,0,0,114205800,0,0,0,0,0,108644850,0,0,0,37845900,0,0,0,0,168813150,0,0,0,0,0,7910913150,0,0,0,0,0,0,510900,0,0,0,25309200,0,12174300,0,102007800,0,0,0,22283100,208643700,0,130500,192974100,0,259843350,0,0,0,0,0,0,0,0,0,0,0,0,0,0,0,0
"NIC",0,0,0,0,0,0,0,0,0,0,0,0,0,0,0,0,0,0,0,0,0,0,0,0,0,641700,0,0,0,0,0,0,0,0,0,0,1021800,0,0,0,0,63300600,0,0,0,0,0,2977943400,0,0,0,0,0,50114700,0,0,0,0,0,3611768100,0,0,0,0,0,0,5377652550,0,0,0,56924700,0,0,0,0,0,0,0,0,0,0,116892900,0,0,0,10577700,0,0,0,0,0,0,0,0,0,0,0,0,0,1035000,0,0,0,0,0,0,0,0,0,0,0,0,0,0,0,0,1449000,0,0,0,0,0,0,0,0,0,0,5687250,0,0,0,0,0,0,0,0,0,0,0,0,0,0,0,0,0,0,0,0,0,0,0,0,0,0,0,0,0,0,0,0,0,0,0,0,828000,0,0,0,0,0,0,0,0,0,0,0,207000,0,186803000,0,0,0,0,0,0,0,0,0,0,0,0,0,0,0,0
"NER",0,0,0,0,0,0,0,0,0,0,0,0,0,0,0,0,0,0,0,0,0,0,0,0,0,0,0,0,0,0,0,0,0,0,0,0,0,0,0,0,0,0,0,0,0,0,0,0,0,0,0,0,0,0,0,0,0,0,0,0,0,0,0,0,0,0,0,0,0,0,0,0,0,0,0,0,0,0,0,0,0,0,0,0,0,0,0,0,0,0,0,0,0,0,0,0,0,0,0,0,0,0,0,0,0,67340550,0,0,0,0,0,0,0,0,0,0,0,0,0,0,0,0,0,0,66011700,0,0,0,0,0,0,0,0,0,0,0,0,0,0,0,0,0,0,0,0,0,0,0,0,0,0,0,0,0,0,0,0,0,0,0,0,0,0,0,0,0,0,0,0,0,0,0,0,0,0,0,0,0,0,336801000,0,0,0,0,0,0,0,0,0,0,0,0,0,0,0
"NGA",1175221800,0,0,0,0,0,0,51897300,0,0,0,0,0,0,0,32700,0,0,0,0,0,0,0,0,825300,25844794650,0,0,51770700,0,0,6070668300,0,0,0,0,0,0,0,0,1080750,0,0,0,0,0,0,0,0,462150000,0,0,0,9944316000,0,0,0,0,26100,52358553600,17775000,0,0,0,0,0,0,0,0,0,0,0,0,78210000,0,6362890200,8906485500,0,0,3967800,0,9018837000,0,0,0,0,0,0,0,0,0,13050,18739800,0,0,0,0,0,0,0,0,0,39300,25877927700,0,0,0,0,0,670770000,0,0,0,0,0,0,367100861000,0,0,0,0,0,0,106663800,0,235800,0,0,0,0,0,0,105445800,0,0,0,0,0,0,0,0,0,17127051700,0,0,0,0,0,0,0,0,0,0,208500600,0,51750150,46453050000,0,0,0,294750,0,0,0,0,0,0,5201983800,0,0,0,0,2082564900,274050,0,0,21603481500,4463409150,46608960200,17842200,1085760000,0,0,0,0,0,0,0,33499825050,0,1670021100,0,0,0,0
"NOR",0,0,0,0,0,0,176850,1436120250,0,0,0,0,0,0,0,0,432300,0,0,0,0,0,0,0,0,353700,0,0,0,0,0,275100,0,0,0,0,0,0,825300,0,0,3490257000,0,0,0,0,0,0,0,471600,13578150,0,206812200,195242400,0,0,0,0,0,1550600700,0,0,0,727050,0,0,0,0,0,0,0,1061100,137550,0,1002150,0,0,0,0,0,0,6681000,0,0,0,0,0,0,0,0,0,0,0,0,0,0,0,0,0,615379050,0,0,0,0,0,216150,0,0,0,0,0,0,0,0,0,0,106964550,0,0,0,0,0,0,0,0,0,0,0,0,0,0,0,0,1234216500,0,0,0,0,0,0,0,0,393000,0,0,0,0,0,0,0,0,0,0,1591650,0,58950,7329450,0,0,0,15516263550,19650,0,0,0,0,0,0,0,0,0,0,0,0,0,0,511616550,19650,37339450,0,0,0,0,0,0,0,0,0,54901100,6366600,0,0,0,0,0
"PAK",0,106110000,0,0,0,0,117900,0,0,0,0,0,0,0,0,0,0,0,0,0,0,0,0,0,0,117450,0,0,0,0,0,0,0,0,0,0,0,0,0,0,0,0,0,0,0,0,0,0,0,0,0,0,0,0,0,196500,0,0,0,0,0,0,0,0,0,0,0,0,0,0,0,0,0,0,0,0,0,0,0,0,0,0,0,0,0,0,0,0,0,0,0,0,0,0,0,0,0,0,0,0,0,0,0,42145050,0,0,0,0,0,0,0,0,294750,0,0,0,0,0,0,0,0,0,0,0,0,196500,0,0,0,0,0,0,0,0,0,0,0,0,648450,5148300,0,0,0,0,0,0,0,0,0,0,0,0,0,0,0,15523500,0,0,0,0,0,0,0,0,0,707400,0,0,0,0,1218300,0,0,24012300,0,0,393000,0,2770650,0,0,0,0,0,0,0,0,0,0,0,0,0,0,0,0
"PAN",0,0,0,0,550200,263783500,0,0,0,1965000,0,0,0,0,0,0,0,0,0,0,0,0,0,0,0,39300,0,0,0,0,0,0,3993300,0,0,0,26625450,0,0,0,0,0,0,1484419950,0,0,0,16525650,0,0,0,0,0,0,0,0,0,0,0,934398000,0,0,0,0,0,0,210611700,0,3399450,0,0,0,39300,0,0,0,0,0,0,0,129807900,0,0,0,0,0,0,0,0,0,0,0,0,0,0,39300,0,0,0,0,0,0,0,0,0,0,0,0,39150,355500,0,0,0,0,0,0,215064000,0,412650,0,0,0,0,0,0,0,0,0,0,0,8999700,0,0,0,0,0,0,0,0,0,0,0,0,0,0,0,0,0,0,0,0,0,0,0,0,91287000,566352000,0,0,0,0,0,0,0,0,0,0,0,0,0,0,0,121500000,0,0,0,0,0,310346100,0,52808500,0,6252300,0,0,0,0,0,383778000,0,0,0,0,0,0
"CZE",8410200,0,0,12988650,0,0,22597500,6186788400,0,0,0,0,0,0,0,0,1375500,0,0,0,0,2522821950,0,0,0,787473750,0,0,0,0,0,39948450,3537000,0,0,0,0,0,46144650,105127500,0,210274650,0,0,231575250,0,17960100,0,0,82746150,137550,0,74136900,6454178400,0,0,56395500,0,0,22522411500,18274500,0,0,562120050,0,0,1080750,0,0,0,0,16348800,22269462300,3550564650,39300,0,0,0,196500,101885250,76045500,421794750,0,0,0,50304000,0,393000,0,0,0,43623000,605809500,1769973750,0,7172250,0,0,0,185596800,0,0,0,1336200,0,0,54504000,0,0,0,19060500,0,0,25623600,0,0,6556856100,0,0,0,0,67989000,0,0,0,33326400,0,0,0,0,0,0,0,41222751750,1967657400,0,0,0,0,0,2565324600,0,515853750,0,0,0,0,181369500,0,0,0,116833350,74328176050,1179000,0,91372500,2001627450,0,0,0,89695200,919816500,0,50893500,6288000,0,0,0,0,0,0,0,95695500,659492700,0,0,10214208000,286890000,1326230700,0,0,1179000,0,13755000,0,0,0,0,17566487400,235800,11054100,0,0,0,0
"PNG",0,0,0,0,0,0,228010500,0,0,0,0,0,0,0,0,0,0,0,0,0,0,0,0,0,0,2070000,0,0,0,0,0,0,0,0,0,0,0,0,0,0,0,0,0,0,0,0,0,0,0,0,0,0,0,407376000,0,0,0,0,0,3863694300,0,0,0,0,0,0,0,0,0,0,0,7886700,0,0,0,124200000,26175605400,0,0,0,0,0,0,0,0,49266000,0,0,0,0,0,0,1572000,0,0,0,0,0,0,0,0,0,0,64756742400,0,0,0,0,0,0,0,0,0,0,0,0,64377000,0,0,0,0,26806500,0,0,0,0,0,0,0,0,0,0,0,0,0,0,0,0,0,0,0,0,1138500,0,0,0,0,0,0,0,0,41400,0,7099313400,0,0,0,0,0,0,0,0,0,0,10350000,0,13206600000,0,0,0,0,0,0,0,0,0,0,0,39820273200,0,0,0,0,0,0,0,0,0,16191540000,0,0,0,0,0,0
"PRY",0,0,0,0,0,0,0,0,0,0,0,0,0,0,0,0,44743050,0,0,0,0,0,0,0,0,6661350,0,0,0,0,0,0,0,0,0,0,0,0,0,0,0,0,0,0,0,0,0,0,0,0,0,0,0,0,0,0,0,0,0,0,0,0,0,0,0,0,0,0,0,0,0,0,0,0,0,0,0,0,0,0,0,0,0,0,0,0,0,0,0,0,0,0,0,0,0,0,0,0,0,0,0,0,0,0,0,0,0,0,0,0,0,0,0,0,0,0,0,0,0,0,0,0,0,0,0,0,0,0,0,0,0,0,0,0,0,0,0,0,0,0,0,0,0,0,0,0,0,0,0,0,0,0,0,0,0,0,0,0,0,0,0,0,0,0,0,0,0,0,0,0,0,0,0,0,0,0,0,0,0,0,0,0,0,0,0,0,0,0,0,0,0,0,0,0,0
"PER",0,0,0,207124200,0,1354134750,1576829850,46349900,0,0,0,0,0,0,3318470850,0,3917641800,0,0,0,0,48096900,0,0,0,8472560050,0,0,0,0,3076062300,124149150,3016361250,0,0,0,1608347850,0,0,0,0,65506800,0,314400,0,3431590050,0,8482500,0,10656918900,0,0,29284150,1012277400,0,0,0,0,0,19882050000,0,0,0,310500,0,0,149393250,0,13067250,0,19575000,470522400,0,1076400,0,3106986150,6405304500,0,0,950850,79467750,20238549250,0,0,0,1052014550,0,0,0,0,0,29652300,0,0,0,254700,0,0,0,0,0,0,0,4244928300,0,0,0,0,0,1979735850,0,0,0,0,0,0,94073247900,0,0,0,0,46842300,0,0,0,36346050,0,2789594250,29796900,0,29730450,0,0,46301850,49834200,0,0,0,0,0,0,0,449250,0,0,0,0,0,0,0,0,17558100,1699800,1093434450,0,16655400,12340778400,0,0,0,12999750,2142778050,0,0,214567350,0,2350100,0,0,0,0,0,0,1474050,0,0,11049274250,0,33899275200,0,3274200,0,2035604400,0,0,0,0,39300,38958758550,103603500,0,0,0,0,0
"PHL",0,0,0,0,0,0,64982550,0,0,43171050,0,0,0,0,0,0,0,0,0,0,1572000,0,0,0,0,62270850,0,0,0,0,0,232806450,0,0,0,0,0,0,0,0,0,0,0,0,0,0,8253000,0,0,0,0,0,0,0,0,0,0,0,0,1180116000,0,64117950,0,0,0,0,0,0,0,0,0,177370350,0,0,0,0,129664950,0,0,0,687750,0,0,0,0,90253500,0,0,0,0,0,557303400,24994800,3045750,0,0,0,0,0,0,0,0,0,7012652100,0,0,0,0,0,0,23776500,0,0,0,0,0,395337150,0,0,0,3320850,1159350,0,0,24955500,0,105156000,0,0,14206950,0,0,0,0,0,0,0,0,7034700,0,0,0,0,0,0,0,0,66377700,0,0,0,0,0,938732250,0,0,41499000,0,0,0,0,0,0,0,184374150,0,2680109550,0,0,0,0,0,0,82530000,17685000,0,727050,0,9359607450,0,0,0,0,825771150,0,0,0,0,0,0,0,0,0,0,0
"POL",1407030000,0,1142487450,3317706000,0,10218000,6072787200,13244355300,0,132244500,0,14737500,0,0,0,1257600,1709157000,0,0,0,0,16244515000,3733500,0,81940500,9922812000,0,0,158575500,0,434265000,10269483000,87874800,0,15523500,0,43230000,19650,1876507150,2083644000,48339000,4826537550,0,0,2355222300,0,3295308000,1965000,0,3402727500,98250,0,3116097000,62768389500,786000,72508500,697962000,0,224796000,132269463250,5379414150,5305500,0,7581028200,0,0,19060500,0,0,0,1827450,2413747200,36113388000,11912148000,165487800,2491614300,5502000,956296500,304764450,1765023600,13771704600,27591708500,0,273328500,0,1042039500,1790704500,176850000,97464000,0,152877000,741800550,2310093300,5007471100,0,3795790500,0,0,5633841000,20387544600,0,1179000,3144000,3320850,122792850,0,596010600,0,6288000,809580000,2824948500,1807800,85674000,3604651800,4323000,0,73591079000,0,0,1495975000,0,440946000,1965000,0,19650,3012165900,317544000,397519500,71541536500,0,11776800,9432000,52269000,0,1089396000,0,0,0,1280397900,0,42605774150,0,41264646000,0,0,0,0,12785095650,264685500,196500,2161500,5168051050,42865104000,3516564000,0,8138047500,7497015950,0,267294000,0,15463916850,9013797300,238354500,247786500,666331500,0,43017000,0,0,393000,1668913800,19650,5504358000,11753844000,4126500,0,283632433100,23530989600,23094641100,0,73491000,1241647500,196500,116347650,22008000,18531000,33012000,18471000,16999487050,42457050,14633119150,624870000,85281000,0,125563500
"PRT",0,0,0,180780000,0,0,16761450,36156000,0,294750,0,0,0,0,0,0,184445250,0,0,0,0,32226000,0,0,0,86640900,458710050,0,0,0,0,44453550,14541000,0,10611000,0,0,46020000,7565250,0,0,19178400,0,982500,0,7663500,47847750,0,786000,6130800,0,0,393000,577717650,0,0,0,0,0,15634500,39300,0,0,744007950,0,0,0,5698500,0,0,0,13047600,19650,0,0,14835750,0,0,96546000,4519500,196500,296577450,2358000,0,0,8446050,47061750,0,0,0,0,0,107682000,19650,0,450574500,0,0,188050500,157200,13950750,9471300,0,1572000,0,391500,1251000,0,0,12576000,0,15042450,245896500,0,235800,0,64197900,0,0,0,0,2358000,0,0,27706500,628800,103359000,0,19257000,0,8881800,61504500,9432000,148367700,0,43389750,0,0,4087200,0,69443100,0,0,0,0,0,91055850,84927300,7270500,0,0,39300,393000,43230000,0,503537400,7488249150,0,0,0,2770650,97280700,0,0,0,0,0,1237950,0,0,0,393000,65631000,1184790000,4912500,0,182007300,30850500,120583500,0,96423050,0,84298500,0,34967700,0,609000,0,138937800,123881700,19650,0,2554500,0,0
"GNB",0,0,0,0,0,0,0,0,0,0,0,0,0,0,0,0,0,0,0,0,0,0,0,0,0,0,0,0,0,0,0,0,0,0,0,0,0,0,0,0,0,0,0,0,0,0,0,0,0,0,0,0,0,0,0,0,0,0,0,0,0,0,0,0,0,0,0,0,0,0,0,0,0,0,0,0,0,0,0,0,0,0,0,0,0,0,0,0,0,0,0,0,0,0,0,0,0,0,0,0,0,0,0,0,0,0,0,0,0,0,0,0,0,0,0,0,0,0,0,0,0,0,0,0,0,0,0,0,0,0,0,0,0,0,0,0,0,0,0,0,0,0,0,0,0,0,0,0,0,0,0,0,0,0,0,0,0,0,0,0,0,0,0,0,0,0,0,0,0,0,0,0,0,0,0,0,0,0,0,0,0,0,0,0,0,0,0,0,0,0,0,0,0,0,0
"TLS",0,0,0,0,0,0,0,0,0,0,0,0,0,0,0,0,0,0,0,0,0,0,0,0,0,0,0,0,0,0,0,0,0,0,0,0,0,0,0,0,0,0,0,0,0,0,0,0,0,0,0,0,0,0,0,0,0,0,0,0,0,0,0,0,0,0,0,0,0,0,0,0,0,0,0,0,0,0,0,0,0,0,0,0,0,0,0,0,0,0,0,0,0,0,0,0,0,0,0,0,0,0,0,0,0,0,0,0,0,0,0,0,0,0,0,0,0,0,0,0,0,0,0,0,0,0,0,0,0,0,0,0,0,0,0,0,0,0,0,0,0,0,0,0,0,0,0,0,0,0,0,0,0,0,0,0,0,0,0,0,0,0,0,0,0,0,0,0,0,0,0,0,0,0,0,0,0,0,0,0,0,0,0,0,0,0,0,0,0,0,0,0,0,0,0
"ERI",0,0,0,0,0,0,0,0,0,0,0,0,0,0,0,0,0,0,0,0,0,0,0,0,0,0,0,0,0,0,0,0,0,0,0,0,0,0,0,0,0,0,0,0,0,0,0,0,0,0,0,0,0,0,0,0,0,0,0,0,0,0,0,0,0,0,0,0,0,0,0,0,0,0,0,0,0,0,0,0,0,0,0,0,0,0,0,0,0,0,0,0,0,0,0,0,0,0,0,0,0,0,0,0,0,0,0,0,0,0,0,0,0,0,0,0,0,0,0,0,0,0,0,0,0,0,0,0,0,0,0,0,0,0,0,0,0,0,0,0,0,0,0,0,0,0,0,0,0,0,0,0,0,0,0,0,0,0,0,0,0,0,0,0,0,0,0,0,0,0,0,0,0,0,0,0,0,0,0,0,0,0,0,0,0,0,0,0,0,0,0,0,0,0,0
"QAT",0,0,0,0,0,0,0,0,0,825300,0,0,0,0,0,0,0,0,0,0,0,0,0,0,0,0,0,0,0,0,0,0,0,0,0,0,0,0,0,0,0,0,0,0,0,0,1532700,0,0,0,0,0,0,707400,0,0,0,0,0,982500,0,0,0,0,0,0,0,0,0,0,0,0,0,0,0,0,0,3871050,0,0,0,884250,0,0,0,0,451950,0,0,0,0,1886400,471600,0,0,0,0,0,0,0,0,0,0,5220000,0,0,0,0,0,0,0,0,0,0,0,0,0,0,0,0,0,0,0,0,0,0,0,0,0,0,0,0,0,18353100,0,0,0,0,0,0,0,0,0,0,0,0,0,17802900,0,0,0,0,0,0,0,0,0,0,0,0,0,0,0,0,0,0,0,0,0,0,0,0,72370950,61838550,0,0,2358000,0,0,0,0,0,0,0,0,0,0,0,0,0,0,0,0,0,0
"ZWE",0,0,0,0,0,0,0,0,0,0,0,0,0,0,0,47336850,0,0,0,0,0,0,0,0,0,0,0,0,0,0,0,0,0,0,0,0,0,0,0,0,0,0,0,0,0,0,0,0,0,0,0,0,0,1102050,0,0,0,0,0,471600,0,0,0,0,0,0,0,0,0,0,0,0,0,0,0,0,0,0,0,0,0,0,0,0,0,0,0,0,3045750,0,0,0,0,0,0,0,0,0,0,0,0,0,4932150,0,0,0,0,0,0,0,0,0,45863100,0,0,0,0,0,0,0,0,0,0,0,0,0,0,0,0,0,0,0,0,0,0,0,0,0,0,0,0,0,0,0,0,0,0,0,0,0,0,0,0,19650,0,6537750,0,0,0,0,0,213300,0,0,0,0,0,0,0,0,0,0,0,746550,0,0,91350,0,1445850,0,0,0,0,0,0,0,0,126428100,0,0,0,0,0,0,0
"ROU",0,0,145213500,30654000,0,0,7624200,357498000,0,0,0,0,0,0,0,0,50500500,0,0,0,0,12021049600,196500,0,0,256091400,0,0,0,0,73707150,306540000,0,0,0,0,66810000,0,238437950,6163500,0,2652750,0,0,0,0,230887500,0,0,40675500,0,0,35763000,86033250,0,0,19257000,0,0,2794682400,650218500,0,0,1503258300,0,0,0,0,0,0,0,71349150,1539693900,147571500,0,15720000,0,2574150,52269000,47899650,174295500,1927633250,0,0,0,0,15130500,0,0,0,0,9274800,0,172939650,0,556291500,0,0,4323000,508345500,0,0,0,5010750,0,0,18864000,0,0,4519500,0,0,0,2032529100,0,0,398010750,0,0,460365000,0,196500,0,0,0,8056500,0,0,526246650,0,0,0,305164500,2054929500,5502000,0,0,0,1768500,0,0,0,269319000,0,0,0,0,272152500,0,0,6217500,50676000,4086141750,0,0,2947500,462559450,0,0,0,18333450,216150,0,0,60738150,0,24759000,0,0,0,0,0,195281700,501952200,0,0,846585900,115002000,31255950,0,0,0,0,0,0,0,0,0,1048510950,3812100,692727000,72115500,0,0,0
"RWA",0,0,0,0,0,0,0,0,0,0,0,0,0,0,0,0,0,0,0,0,0,0,0,0,0,0,0,0,0,0,0,0,0,0,0,0,0,0,0,0,0,0,0,0,0,0,0,0,0,0,0,0,0,0,0,0,0,0,0,0,0,0,0,0,0,0,0,0,0,0,0,0,0,0,0,0,0,0,0,0,0,0,0,0,0,0,0,0,0,0,0,0,0,0,0,0,0,0,0,0,0,0,0,0,0,0,0,0,0,0,0,0,0,0,0,0,0,0,0,0,0,0,0,0,0,0,0,0,0,0,0,0,0,0,0,0,0,0,0,0,0,0,0,0,0,0,0,0,0,0,0,0,0,0,0,0,0,0,0,0,0,864600,0,0,0,71329500,0,0,0,0,0,0,0,40754100,0,0,0,0,0,0,0,0,0,0,0,0,35841600,0,0,0,0,0,0,0,0
"RUS",15977292750,0,0,40046700,0,0,55275450,0,0,0,0,0,0,0,0,0,0,0,0,0,0,364132650,0,0,0,537519000,0,0,0,0,0,15458530050,0,0,0,0,0,10394850,1375500,41887219500,0,0,0,0,76311238300,0,2004300,0,0,2713815000,0,0,0,0,0,0,19568690400,0,0,10330410300,0,0,0,58026450,0,0,0,0,0,0,0,11514900,0,0,0,1311303450,0,14069400,28924800,0,1660779000,769808400,0,173078334700,0,8724600,6661350,41517265800,0,0,24778650,700679700,55216500,7667626500,0,19650,0,0,25545000,4381666200,0,0,0,0,0,0,0,0,0,53644500,20424370350,0,0,5900709150,0,0,4054218100,0,0,0,0,12713550,0,0,0,5069700,0,9333750,127528500,0,0,33463950,0,1178764200,0,0,0,0,1002150,0,0,0,0,0,0,0,0,0,0,0,0,0,58950,1395150,0,0,434972400,0,33064855050,0,4853550,471600,393000,19475716050,1652250600,0,5207250,0,0,0,1375500,0,734693850,3585830250,0,0,224363700,78640852750,3967046700,0,0,16037753550,0,184651050,0,0,0,0,0,0,309408900,27634350,0,0,0
"KNA",0,0,0,0,0,0,0,0,0,0,0,0,0,0,0,0,0,0,0,0,0,0,0,0,0,0,0,0,0,0,0,0,0,0,0,0,0,0,0,0,0,0,0,0,0,0,0,0,0,0,0,0,0,0,0,0,0,0,0,0,0,0,0,0,0,0,0,0,0,0,0,0,0,0,0,0,0,0,0,0,0,0,0,0,0,0,0,0,0,0,0,0,0,0,0,0,0,0,0,0,0,0,0,0,0,0,0,0,0,0,0,0,0,0,0,0,0,0,0,0,0,0,0,0,0,0,0,0,0,0,0,0,0,0,0,0,0,0,0,0,0,0,0,0,0,0,0,0,0,0,0,0,0,0,0,0,0,0,0,0,0,0,0,0,0,0,0,0,0,0,0,0,0,0,0,0,0,0,569850,0,0,0,0,0,0,0,0,0,0,0,0,0,0,0,0
"LCA",0,0,0,0,0,0,0,0,0,0,484200,0,0,0,0,0,0,0,0,0,0,0,0,0,0,19650,0,0,0,0,0,0,0,0,0,0,0,0,0,0,0,0,0,0,0,0,0,0,0,0,0,0,0,78600,0,0,0,0,0,38295000,0,0,0,0,0,0,0,0,0,0,0,0,0,0,0,0,0,0,0,0,0,0,0,0,0,0,0,0,0,0,0,0,0,0,0,0,0,0,0,0,0,0,0,0,0,0,0,0,0,0,0,0,0,0,0,0,0,0,0,0,0,0,0,0,0,0,0,0,0,0,0,0,0,0,0,0,0,0,0,0,0,0,0,0,0,39300,0,0,0,0,0,0,0,0,0,0,0,0,0,0,0,0,0,0,0,0,0,0,0,0,0,0,0,0,0,0,20719650,0,49268100,0,0,0,0,0,0,0,0,0,0,0,0,0,0,0,0
"VCT",0,0,0,0,0,0,0,0,0,0,0,0,0,0,0,0,0,0,0,0,0,0,0,0,0,0,0,0,0,0,0,0,0,0,0,0,0,0,0,0,0,0,0,0,0,0,0,0,0,0,0,0,0,0,0,0,0,0,0,0,0,0,0,0,0,0,0,0,0,0,0,0,0,0,0,0,0,0,0,0,0,0,0,0,0,0,0,0,0,0,0,0,0,0,0,0,0,0,0,0,0,0,0,0,0,0,0,0,0,0,0,0,0,0,0,0,0,0,0,0,0,0,0,0,0,0,0,0,0,0,0,0,0,0,0,0,0,0,0,0,0,0,0,0,0,0,0,0,0,0,0,0,0,0,0,0,0,0,0,0,0,0,0,0,0,0,0,0,0,0,0,0,0,0,0,0,0,0,61050,0,0,0,0,0,0,0,0,0,0,0,0,0,0,0,0
"STP",0,0,0,25937100,0,0,0,0,0,0,0,0,0,0,0,0,0,0,103500000,0,0,0,0,0,0,0,0,0,0,0,0,0,0,0,0,0,0,0,0,0,0,0,0,0,0,0,0,0,0,0,0,0,0,1146274950,0,0,0,1618650,0,785929800,0,0,0,0,0,0,0,0,0,0,0,0,0,0,0,0,0,0,0,0,0,245169600,0,0,0,0,0,0,0,0,0,0,0,0,0,0,0,0,0,0,0,0,0,0,0,0,0,0,0,0,0,0,0,0,0,0,3860851950,0,0,0,0,0,0,0,0,0,0,0,416850,0,0,0,0,0,129416400,0,0,0,0,0,0,0,0,0,0,0,0,0,0,0,0,0,0,0,0,0,2043504000,0,0,0,25875000,622070850,0,0,0,0,0,0,0,0,0,0,0,0,0,0,0,0,9627900,0,0,0,0,0,0,0,0,0,3355821900,0,0,0,0,0,0
"SAU",0,0,0,66810000,0,0,0,0,0,298680000,0,0,0,0,0,0,0,0,0,0,0,0,0,0,0,0,0,0,0,0,0,369420000,0,0,0,0,0,0,0,0,0,0,0,0,0,0,501075000,0,0,0,0,0,0,0,0,0,0,0,0,0,0,0,0,0,0,0,0,0,0,0,0,35370000,0,0,0,1249740000,0,0,145860000,0,0,0,0,0,0,0,3424995000,0,21615000,0,0,0,705435000,0,0,3417135000,0,0,0,0,0,0,0,23580000,0,0,0,0,0,0,0,0,0,0,0,0,66810000,0,0,0,0,0,0,0,0,0,0,0,0,0,0,0,0,0,0,0,0,0,2253855000,0,0,0,0,0,0,0,0,0,0,0,0,0,0,0,35370000,0,0,0,0,0,0,0,0,0,17685000,0,0,0,0,0,520725000,0,259380000,2959560000,0,0,532515000,0,0,0,0,0,0,0,0,560025000,0,0,0,0,0,0,273135000,0,0
"SEN",0,0,0,0,0,0,0,0,0,0,0,0,0,0,0,0,0,0,0,0,0,0,0,0,112299750,0,3851400,0,0,0,0,0,0,0,274176450,0,0,0,0,0,0,0,0,0,0,0,0,0,0,0,0,0,0,123637800,0,0,0,3595950,2416297650,0,0,0,0,0,0,0,0,2737411050,0,0,0,0,0,0,0,0,0,0,0,0,0,0,73687500,0,0,0,0,0,0,0,0,0,0,0,0,0,0,2849250,0,0,0,0,0,0,0,978777900,0,3524385750,0,0,0,0,0,0,0,0,0,0,0,0,0,0,0,319941300,37433250,0,0,0,0,0,0,0,0,0,0,2266650450,0,0,0,0,0,0,0,0,0,0,0,0,0,0,0,0,0,0,0,0,0,0,0,0,0,0,0,0,0,0,0,5089350,0,0,0,0,0,1120050,0,0,54705600,0,707400,371764350,0,0,0,0,0,0,0,0,0,0,0,0,0,0,0
"SYC",0,0,0,0,0,0,0,0,0,0,0,0,0,0,0,0,0,0,0,0,0,0,0,0,0,0,0,0,0,0,0,0,0,0,0,0,0,0,0,0,0,0,0,0,0,0,0,0,0,0,0,0,0,0,0,0,0,0,0,0,0,0,0,0,0,0,0,0,0,0,0,0,0,0,0,0,0,0,0,0,0,0,0,0,0,0,0,0,0,0,0,0,0,0,0,0,0,0,0,0,0,0,0,0,0,0,0,0,0,0,0,0,0,0,0,0,0,0,0,0,0,0,0,0,0,0,0,0,0,0,0,0,0,0,0,0,0,0,0,0,0,0,0,0,0,0,0,0,0,0,0,0,0,0,0,0,0,0,0,0,0,0,0,0,0,0,0,0,0,0,0,0,0,0,0,0,0,0,0,0,0,0,0,0,0,0,0,0,0,0,0,0,0,0,0
"SLE",405181800,0,0,0,0,0,0,0,0,0,0,0,0,0,0,0,0,0,0,0,0,0,0,0,0,39330000,0,0,0,0,0,0,0,0,0,0,0,0,0,0,0,0,0,0,0,0,0,0,0,0,0,0,0,0,0,0,0,0,0,5379102000,0,0,0,0,0,0,0,1002150,0,0,0,0,0,0,0,0,0,0,0,0,0,233082000,0,0,0,0,0,0,0,0,0,0,0,0,0,0,0,0,0,0,0,0,0,0,0,0,0,0,0,234900,0,0,0,0,0,0,13981867200,0,0,0,0,0,0,0,0,0,0,0,0,0,0,0,0,0,0,0,0,0,0,0,0,0,0,0,0,0,0,0,0,0,0,0,0,0,0,0,1014507000,0,0,0,0,0,0,0,0,0,0,0,0,0,0,0,0,0,0,0,2358000,0,0,0,0,0,0,0,0,0,0,0,7633953000,0,0,0,0,0,0
"SVN",5502000,0,2043600,0,0,0,42837000,881603850,0,0,0,0,0,0,0,0,373350,0,0,0,0,89839800,0,0,98250,61897500,0,0,0,0,0,4370850,0,0,0,0,0,0,164550,279226500,0,5365500,0,0,196500,0,0,0,0,1740750,0,0,0,8271785400,0,0,0,0,0,322145400,443220600,0,0,54430500,0,0,0,0,0,0,0,723000,1292605800,2521906800,1139700,0,0,37033500,0,0,26743650,1359995550,0,0,0,11770350,0,0,0,0,0,78600,510900,0,0,0,0,39889500,2358000,19650,0,196500,0,0,0,0,0,0,0,0,196500,0,0,5718150,0,0,543291000,0,0,486072000,0,0,0,0,39300,27195600,0,0,540067050,0,0,0,0,2237106150,697968000,0,0,0,727050,0,468941250,0,54843150,0,0,0,0,10021500,0,0,0,0,186523200,786000,0,0,2678280450,0,0,0,43092450,20759700,0,0,393000,0,0,0,0,0,0,0,78600,0,0,0,707400,27928500,7467000,0,0,0,0,196500,0,0,0,0,11790000,0,791523450,161396550,0,0,0
"SVK",0,0,58950,0,0,0,474154500,13542857150,0,0,0,0,0,0,0,0,39693000,0,0,0,0,10113925000,0,0,0,284335500,117900,0,0,0,2161500,176850,0,0,0,0,0,0,25643250,522000,0,0,0,0,294750,0,943200,0,0,0,0,0,864600000,5854128000,0,0,0,0,0,4372478800,85870500,0,0,183020100,0,0,0,0,0,0,0,393000,30408570750,892699500,334050,733338000,0,0,0,331920450,181782150,3243429000,0,0,0,0,0,0,0,0,0,19650,0,15916500,0,0,0,0,0,1036541500,0,0,0,0,0,0,0,0,0,0,0,117900,0,3144000,0,0,1471922550,0,0,0,0,0,0,0,0,2770650,0,0,41747221800,0,0,0,0,32993069950,128825400,0,0,0,0,0,892817400,0,759295650,0,0,0,0,78600,0,0,0,70025100,0,393000,0,249751500,1883413200,0,0,0,3560973000,3471192150,0,0,0,0,0,0,0,0,0,923550,682051500,98250,0,0,23473120650,90428850,20534100,0,0,0,0,0,0,0,0,0,6441859500,0,276750600,0,0,0,0
"SGP",58910700,3202950,0,0,0,0,116686296450,0,0,180762450,0,801754750,0,5285850,0,0,1709550,0,0,26036250,1582075650,0,770780550,0,23128050,2935007250,0,0,2839950950,0,0,39749162900,0,0,0,0,0,0,9058650,300684300,0,0,0,0,12851100,0,6982620750,0,0,0,0,1591650,0,19650,648450,569850,138139500,0,0,196500,0,0,5128650,2004300,0,0,116007300,0,406637100,0,0,7168290450,0,0,0,24963966750,22362627700,731942850,90841950,0,15577589900,1257600,0,134720400,0,309403727150,351754650,3772800,401124900,404710350,1591650,39622801450,102843150,17822550,0,589202100,0,0,0,2318700,94496850,6855000,0,66302685450,244479000,0,0,0,130059750,356283000,134818650,53408700,0,7054350,0,5895000,3128796300,0,15071550,0,2240100,16019377050,0,0,195006600,0,639973350,0,0,93591900,0,0,16881880600,0,0,0,53172900,0,76811850,0,0,0,29737350000,0,0,0,0,3409866300,0,4121250,0,19650,0,0,0,11979723650,0,490483650,11554200,0,0,1921950,1232898750,42129600,5748322650,23560350,14051361900,0,3654900,0,3104700,0,5220000,19001315250,0,0,127205350,25093050,25755186450,0,0,32740500,0,4265241750,648450,291173700,0,0,0,0,0,0,0,0,0
"SOM",0,0,0,0,0,0,0,0,0,0,0,0,0,0,0,0,0,0,0,0,0,0,0,0,0,0,0,0,0,0,0,0,0,0,0,0,0,0,0,0,0,0,0,0,0,0,0,0,0,0,0,0,0,0,0,0,0,0,0,0,0,0,0,0,0,0,0,0,0,0,0,0,0,0,0,0,0,0,0,0,0,0,0,0,0,0,0,0,0,0,0,0,0,0,0,0,0,0,0,0,0,0,0,0,0,0,0,0,0,0,0,0,0,0,0,0,0,0,0,0,0,0,0,0,0,0,0,0,0,0,0,0,0,0,0,0,0,0,0,0,0,0,0,0,0,0,0,0,0,0,0,0,0,0,0,0,0,0,0,0,0,0,0,0,0,0,0,0,0,0,0,0,0,0,0,0,0,0,0,0,0,0,0,0,0,0,0,0,0,0,0,0,0,0,0
"ZAF",0,0,0,19650,0,0,208995750,719850,6916800,1670250,0,0,0,0,0,5059632800,0,0,0,0,0,176850,0,216150,0,56472150,0,0,19650,0,111300,0,0,39201750,34387500,0,0,0,17154450,0,137550,25791000,0,0,0,0,52200,0,19650,758700,0,0,0,91103700,0,65080800,0,1584900,0,22465200,0,341127750,0,0,0,0,0,0,0,0,0,58950,0,78600,52350,62801400,0,0,0,4814250,2346151050,7250850,2613450,0,0,0,0,0,1575769050,0,0,0,52380000,0,0,0,1121431350,0,0,0,0,304551300,1039881000,1296900,790200,0,0,0,1462615850,0,0,0,6491302500,0,8617026800,0,75168300,0,0,0,0,63666000,0,0,458316600,510900,44428650,0,0,0,0,19650,0,0,138473550,0,0,0,3988950,4121214750,0,24621450,0,0,0,0,19650,393000,0,235342950,0,713400,0,200508600,0,0,58950,0,0,2410353450,3549750,11599650,0,0,216150,575481100,39300,0,0,0,65139750,0,1530050,272112150,493162650,0,178716750,0,175650750,314400,0,0,0,0,21529800,0,1489744500,6039353750,8933100,0,0,0,3458400,0,0
"ESP",1237950,759300,2809950,14024688800,19650,3195295500,2971515150,1419894000,78600,9058650,58950,853203000,0,0,798026550,0,4293073350,0,0,0,0,1000117750,0,0,2043600,1835802000,247268550,0,3340500,0,8960184200,2727456500,937978350,6798900,1906050,0,919512750,960913500,892853900,20475300,10335900,739546650,3930000,936054150,286311000,157789500,4411804800,114490500,669684000,1310315550,0,9787500,3018752550,127606434800,6484500,0,94257000,14148000,11848950,55072962600,301146000,186586000,0,8678560000,0,0,769390500,21477450,0,3360150,100289400,304374600,5045691800,1877198750,95760900,857742900,33739050,2278686650,19257000,1178218650,4874075000,42906316650,345894450,3930000,77067300,4997970700,1244505650,0,16509000,0,0,4375939150,97694250,299520450,0,1874311300,0,23905650,665416300,623818100,6091500,2868900,0,204127400,10807500,27436500,204012150,141145950,45370400,4674466500,1375500,13416574850,510900,27929100,602100,5103000,32097187150,0,158179500,1001818500,0,42285300,63986250,0,41599050,387899100,98187000,104957100,973301350,0,34366350,1308492000,506579100,8922192800,74093643000,28099500,0,0,32501100,0,5755214500,0,17510930300,0,0,0,0,3158272650,542490150,0,173922150,1060741950,768181200,143774000,5109000,2952097000,0,0,1965000,0,8660156150,3853507800,1455321500,0,93897000,569850,203169450,20959500,0,0,90065950,3229526600,3051175350,5297562150,1965000,0,40967321400,3427633500,34564653000,19650,577149000,547522500,692289150,43451100,3930000,92725500,2262300,0,25200265950,9314100,1550092000,5050050,0,0,0
"SUR",0,0,0,0,0,0,0,0,0,0,0,0,0,0,0,0,0,0,0,0,0,0,0,0,0,0,0,0,0,0,0,0,0,0,0,0,0,0,0,0,0,0,0,0,0,0,0,0,0,0,0,0,0,0,0,0,0,0,0,0,0,0,0,0,0,0,0,0,26841900,0,0,0,0,0,0,0,0,0,0,0,0,0,0,0,0,0,0,0,0,0,0,0,0,0,0,0,0,0,0,0,0,0,0,0,0,0,0,0,0,0,0,0,0,0,0,0,39300,0,0,0,0,0,0,0,0,0,0,0,0,0,0,0,0,0,0,0,0,0,0,0,0,0,19650,0,0,0,0,0,0,0,0,0,0,0,0,0,0,0,0,0,0,0,0,0,0,0,0,0,0,0,0,0,0,0,0,0,0,0,0,0,0,0,0,0,0,0,0,0,0,0,0,0,255450,0,0
"TJK",0,0,0,0,0,0,0,0,0,0,0,0,0,0,0,0,0,0,0,0,0,0,0,0,0,0,0,0,0,0,0,0,0,0,0,0,0,0,0,0,0,0,0,0,0,0,0,0,0,0,0,0,0,0,0,0,0,0,0,0,0,0,0,0,0,0,0,0,0,0,0,0,0,0,0,0,0,0,0,0,0,0,0,0,0,0,0,0,0,0,0,0,0,0,0,0,0,0,0,0,0,0,0,0,0,0,0,0,0,0,0,0,0,0,0,0,0,0,0,0,0,0,0,0,0,0,0,0,0,0,0,0,0,0,0,0,0,0,0,0,0,0,0,0,0,0,0,0,0,0,0,0,0,0,0,0,0,0,0,0,0,0,0,0,0,0,0,0,0,0,0,0,0,0,0,0,0,0,0,0,0,0,0,0,0,0,0,0,0,0,0,0,0,0,0
"SWZ",0,0,0,0,0,0,0,0,0,5796750,0,0,0,0,0,0,0,0,0,0,0,0,0,0,0,0,0,0,20236350,0,0,0,0,0,0,0,0,0,0,0,0,0,0,0,0,0,0,0,0,0,0,0,0,0,0,0,0,0,0,0,0,0,0,0,0,0,0,0,0,0,0,1532700,0,0,0,0,19650,0,0,0,0,0,0,0,0,0,0,0,0,0,0,19650,0,0,0,0,0,0,0,0,0,1179000,0,0,0,0,0,0,19650,1120050,0,0,844950,0,16879350,0,0,0,0,0,0,0,0,0,0,0,471600,0,0,0,0,0,0,0,0,0,0,0,5128650,0,0,0,0,0,0,0,0,0,0,471600,0,0,0,510900,0,8139855300,0,0,0,0,0,0,0,0,0,0,0,0,0,0,0,0,0,120945750,294750,0,3537000,0,0,0,0,0,0,0,5128650,0,0,137550,0,0,0,0,0,0,0
"SWE",0,0,0,172920000,0,0,789242250,4642318350,0,52465500,0,251716500,0,0,19650,0,239937600,0,0,0,0,333637350,0,0,0,611802750,0,0,19650,0,238941300,1606843650,19650,0,0,0,4912500,0,22518900,98250,0,42579268200,0,0,19642500,0,62545950,0,0,3097923450,15680700,0,37951571700,19904551950,0,0,119275500,0,0,23087224500,0,1650600,0,179836800,0,0,0,6307650,24955500,0,19650,236908800,501369750,157710900,894391800,275100,3281550,671735250,196500,363976950,56454450,2214676500,0,14934000,0,721443150,41658000,0,98250,0,0,386633400,732512700,3432680850,0,18805050,0,0,0,4547403000,0,0,0,83119500,0,0,22905300,0,0,137550,2161500,39300,0,0,0,196500,22788790500,0,0,4323000,0,668414400,0,0,844950,45964535550,39300,0,1296171000,0,0,188482800,884250,1962175650,149359650,0,0,0,40479000,0,861652500,0,2889060300,0,0,0,0,590659350,0,0,0,744931500,1094898000,169383000,0,5364450,4798366500,0,0,0,0,3579351300,0,0,781107150,2161500,232656000,0,0,0,0,0,119884650,242657850,19650,0,11525171100,5639550,10238557500,0,0,0,19650,216150,510900,19650,0,0,3766507200,324834150,0,1179000,0,0,0
"CHE",22636800,0,30870150,471285600,0,1388844600,13095380750,7855257100,334050,370188750,0,117900,0,0,15268050,7250850,6691558050,0,28767600,0,111395850,2236779150,0,0,294750,32707441900,1866750,0,614215350,0,1659874800,6287503800,386403900,0,7918950,0,135795450,19650,349789650,148495050,0,1023699650,0,14324850,130102650,26665050,515203350,58950,0,556409400,2082900,15798600,978471750,43974143300,7918950,0,32481450,78600,0,122623162800,5914650,2475900,0,1122996450,0,0,24267750,137550,0,0,58950,5984076500,317052750,732430200,516480600,1253617950,814622850,102219300,295536200,129110550,4652707350,43925718850,2082900,98741250,3556650,3990843400,274648050,1002150,93239250,11455950,0,2186602350,2627030250,75632850,0,854056200,0,0,367631850,200194200,19650,10611000,0,1517764500,199192050,0,323340750,0,328239150,139691850,3615600,185908650,137550,13892550,7742100,55177200,11840755300,0,6975750,328272900,0,553324350,78600,0,55314750,782600550,63760500,418938000,1748574900,2220450,200940900,152189250,6864130950,1731608950,1499624250,0,0,0,1595708400,63862500,610152150,766350,6008543950,0,0,0,0,4180464150,2102550,0,43898100,894232200,1472905050,5693965200,0,1692944100,9658029600,0,56808150,0,5567263050,0,5050050,39044550,1965426750,6936450,1983664950,0,0,4303350,400722450,551387700,4600968900,8158893450,14757150,0,53696426550,294946500,27186351000,19650,1950046350,4499850,170797800,220178250,35625450,50343300,117900,3222600,17006450850,460522750,168125400,19650,0,0,0
"SYR",7938600,0,0,0,0,0,0,0,0,1257600,0,0,0,0,0,0,0,0,0,0,0,0,0,0,0,2102550,0,0,0,0,0,0,0,0,0,0,0,0,0,0,0,0,0,0,0,0,0,0,0,0,0,0,0,0,0,0,0,0,0,196500,0,0,0,0,0,0,0,0,0,0,0,0,0,0,0,0,0,0,0,0,0,0,668100,0,0,0,5147172450,0,0,0,0,0,7191900,0,0,87280650,0,0,0,0,0,0,0,0,0,0,0,0,0,0,0,0,0,0,0,0,0,0,0,0,0,0,0,0,0,0,0,0,0,0,0,0,0,0,0,0,0,0,22872600,0,0,0,3183300,0,0,0,0,375315000,0,0,0,0,0,0,0,0,0,0,0,0,9628500,0,0,0,0,70800,0,0,0,0,0,0,0,145056300,0,0,0,0,0,0,0,0,0,0,0,202709400,0,19650,0,0,0,0,2593800,0,0
"TKM",0,0,0,0,0,0,0,0,0,0,0,0,0,0,0,0,0,0,0,0,0,0,0,0,0,0,0,0,0,0,0,0,0,0,0,0,0,0,0,0,0,0,0,0,0,0,0,0,0,0,0,0,0,0,0,0,0,0,0,0,0,0,0,0,0,0,0,0,0,0,0,0,0,0,0,0,0,0,0,0,0,0,0,0,0,0,0,0,0,0,0,0,0,0,0,0,0,0,0,0,0,0,0,0,0,0,0,0,0,0,0,0,0,0,0,0,0,0,0,0,0,0,0,0,0,0,0,0,0,0,0,0,0,0,0,0,0,0,0,0,0,0,0,0,0,0,0,0,0,0,0,0,0,0,0,0,0,0,0,0,0,0,0,0,0,0,0,0,0,0,0,0,0,0,0,0,0,0,0,0,0,0,0,0,0,0,0,0,0,0,0,0,0,0,0
"TWN",0,0,0,0,0,0,113386050,0,0,0,0,0,0,0,0,0,275100,0,786000,0,3078000,0,4853550,0,0,11203200,0,0,0,0,373050,1444819650,786000,0,0,0,19650,0,0,0,0,0,0,0,0,0,0,0,0,0,0,157200,0,78600,0,0,0,0,0,6798900,0,78600,0,0,0,0,0,0,0,19650,0,1235869650,0,0,0,0,392199450,0,0,0,0,0,0,0,0,11843850,176850,0,0,16741800,0,774823050,176850,117900,39300,0,0,0,0,0,23611500,0,0,619031100,0,0,0,0,491250,13050,0,0,0,0,1572000,0,2593800,0,0,0,0,2397300,0,0,746700,0,1965000,39300,0,0,137550,0,309452850,235800,0,0,0,0,235800,0,0,0,6897150,0,0,0,0,3661350,0,0,0,0,0,135457650,0,4539150,137550,0,0,58950,0,58950,0,0,0,0,4414200,0,0,0,0,0,0,4539150,0,0,12659400,0,164651700,0,58950,0,0,184054500,0,0,0,0,0,0,0,0,0,0,0
"TZA",0,0,0,1094926500,0,0,2484000,0,0,0,0,0,0,0,0,0,0,0,0,0,0,0,0,0,0,1241172000,0,0,0,0,0,44271450,0,0,0,0,0,0,0,0,0,0,0,0,0,0,0,0,0,51874200,0,0,0,0,0,0,0,0,0,6971056200,0,0,0,0,0,0,0,0,0,0,0,0,0,0,0,4687018200,55890000,0,0,0,0,777616200,0,0,0,532072800,0,0,98250,0,0,0,0,0,0,0,0,0,0,1076400,0,0,0,17449582500,0,0,0,0,0,0,0,0,0,0,0,0,1380690000,0,0,0,0,0,0,0,0,0,0,0,0,0,0,0,0,0,0,0,0,0,0,0,0,55216500,0,0,0,0,0,0,0,0,0,0,0,259371000,0,6210000,2214734400,0,0,0,2152800,0,0,0,0,0,0,0,0,0,2751000,0,417312000,19650,0,0,9707100,0,954929700,0,0,0,0,0,0,0,7467000,1965000,8145450000,0,0,0,0,0,0
"THA",0,30398550,0,0,0,0,4187706900,0,0,2711700,0,377836200,0,39300,0,0,216150,0,0,0,12399150,3792450,5704583250,0,0,73039050,0,0,951382200,0,0,2357653350,0,0,49989600,0,0,0,0,0,0,14442750,0,0,0,2279400,8194050,0,0,497700000,0,39300,0,38049750000,0,0,0,0,49989600,417090900,0,0,0,14737500,0,0,0,0,0,0,0,553658250,200970000,0,0,124439100,1782592650,41402550,0,569850,29082000,3930000,0,0,0,57179589150,0,0,0,713967750,0,987333900,1807800,0,2358431850,4578450,0,0,0,0,2908200,0,0,7667457650,14580300,0,0,0,1473750,712530000,1768500,275100,3242250,0,0,3222600,9923250,0,0,0,11967300,307154700,0,0,294750,2711700,197164050,0,0,2888550,0,0,701334300,0,0,0,0,0,78600,0,0,0,25525350,0,0,0,0,12752850,0,1395150,0,19650,0,569646750,0,19905450,982500,0,0,0,17003700,1709550,0,0,1310174250,3183300,0,101452950,0,0,1257600,0,0,39096300,0,0,268143900,0,869228850,3851400,0,117900,0,3759845550,0,0,0,0,3890700,0,0,0,0,0,0
"TGO",0,0,0,0,0,0,0,0,0,0,0,0,0,0,0,0,0,0,0,0,0,0,0,0,109411200,0,0,0,0,0,0,4644334800,0,0,7762500,0,0,0,0,0,0,0,0,0,0,0,0,0,0,0,0,0,0,523358100,0,0,0,0,0,3855209400,0,0,0,0,0,0,0,0,0,0,0,0,0,0,0,0,0,0,0,0,0,3310882200,0,0,0,0,0,0,0,0,0,0,0,0,0,0,0,0,0,0,0,0,0,2142387900,0,0,0,0,0,0,0,0,0,0,0,0,11633814000,0,0,0,0,0,0,0,1179000,0,0,0,0,0,0,0,0,0,0,0,0,0,0,0,0,0,0,0,0,0,0,0,0,0,23914050,0,0,0,0,0,755032500,0,0,0,0,0,0,0,0,0,0,0,0,0,0,0,0,0,0,0,0,0,0,0,0,0,0,0,0,0,0,0,13188829650,0,0,0,0,0,0
"TON",0,0,0,0,0,0,0,0,0,0,0,0,0,0,0,0,0,0,0,0,0,0,0,0,0,0,0,0,0,0,0,19650,0,0,0,0,0,0,0,0,0,0,0,0,0,0,0,0,0,0,0,0,0,0,0,0,0,0,0,0,0,0,0,0,0,0,0,0,0,0,0,0,0,0,0,0,0,0,0,0,0,0,0,0,0,0,0,0,0,0,0,0,0,0,0,0,0,0,0,0,0,0,0,0,0,0,0,0,0,0,0,0,0,0,0,0,0,0,0,0,0,0,0,0,0,0,0,0,0,0,0,0,0,0,0,0,0,0,0,0,0,0,0,0,0,0,0,0,0,0,0,0,0,0,0,0,0,0,0,0,0,0,0,0,0,0,0,0,0,0,0,0,0,0,0,0,0,0,0,0,0,0,0,0,0,0,0,0,0,0,0,0,0,0,0
"TTO",0,0,0,0,145252800,0,848700,0,2338350,0,604212300,0,0,0,0,0,0,0,0,0,0,0,0,0,4932150,14697450,0,0,0,0,0,0,311747250,0,0,0,275100,0,0,0,0,19650,8508450,0,0,0,0,0,0,0,0,0,0,112173300,0,0,0,0,0,260731950,0,0,0,117900,0,144682800,0,0,436273950,0,0,0,0,0,0,0,0,0,0,174177600,0,196500,0,0,2561398950,364320000,0,0,0,0,0,1407600,0,0,0,0,0,58950,0,0,0,0,0,0,0,0,20259150,0,0,0,0,0,0,0,0,0,740894400,0,0,0,1159350,0,0,0,0,58950,0,31243500,0,0,0,0,0,0,0,0,0,0,33640800,0,0,0,848700,15693600,430118850,187799700,0,0,0,0,0,0,0,0,0,2235600,0,35527200,0,71829000,0,3933000,0,0,426483600,0,0,0,0,0,0,0,0,0,0,0,7169800,0,195992700,0,0,0,0,0,0,0,0,0,414000,0,0,0,0,0,0
"OMN",0,0,0,0,0,0,0,0,0,121161900,0,89407500,0,0,0,0,0,0,0,0,0,0,0,0,0,28158450,0,0,34383900,0,0,0,0,0,0,0,0,0,0,0,0,0,0,0,0,0,117900,0,0,0,0,0,0,0,0,0,0,0,0,0,0,19080150,0,0,0,0,0,0,0,0,0,0,0,0,0,24582150,0,19650,0,0,0,0,0,0,0,0,420077700,0,0,0,0,0,133403850,0,0,101492250,0,0,0,0,0,0,0,0,0,0,0,0,0,0,0,0,21850800,0,0,0,0,0,0,0,0,0,0,0,40086000,0,121201200,0,0,0,0,0,0,0,0,0,0,0,264174600,0,0,0,0,0,0,0,0,426051300,0,0,0,0,0,72724650,0,0,0,0,0,0,0,0,0,0,0,158477250,0,0,0,0,0,0,7860000,106129650,0,0,0,0,20259150,0,0,0,0,14030100,0,25983150,0,0,0,0,0,0,31164900,0,0
"TUN",0,0,0,2722625400,0,0,0,0,0,9530250,0,0,0,0,0,0,0,0,0,0,0,0,0,0,0,1198650,0,0,0,0,0,0,0,37472550,2908200,0,0,0,0,0,0,0,0,0,0,0,117841050,0,0,0,0,0,0,54469800,0,0,0,0,0,0,0,0,0,0,0,0,0,0,0,0,0,0,0,0,0,0,0,0,0,0,0,58950,0,0,0,0,169284750,0,5895000,0,0,0,0,0,0,78796500,0,0,18373194000,0,0,64903950,0,24778650,0,334050,19650,21929250,0,0,0,368987700,0,0,0,0,0,0,0,0,0,0,0,0,0,0,0,264331800,0,0,0,0,0,0,0,0,0,0,0,0,0,0,0,0,0,0,0,101099250,5050050,0,0,0,0,0,0,0,118480000,0,0,0,0,6779250,9471300,0,0,19650,0,0,0,0,0,0,0,17547450,0,0,0,0,0,0,0,0,0,0,0,126821100,0,0,0,0,0,0,0,0,0
"TUR",0,2820786600,5363463150,34712502450,0,0,470215200,150011850,0,3141466500,23010150,735410250,0,0,1389510450,10886100,1007887800,0,0,0,6661350,10693044300,2259750,5822850,2500717950,5703273450,212102100,26016600,38042400,682365900,432791250,7010937550,2076867450,19591050,795994950,0,771969900,33188850,0,18489256050,1148601450,92355000,32461800,2910931350,63882150,55786350,30691716750,340318350,279855300,137963250,0,0,583605000,4544269350,0,221002200,7642765050,377541750,480992700,3764815800,2886066800,1400114400,0,3890280100,0,707400,1140662850,1083421650,111179700,388893150,315598650,2361517350,798030450,4330034350,0,9577152750,33621150,48742564150,141910280400,3340500,28431081700,1224953100,1481649300,8707330050,488892000,344896800,9248232400,2146590600,996639450,29514300,4912500,1094877900,4959228300,204595800,0,14555456450,0,37531500,30082820250,1269979500,0,195752550,27352800,754147350,112751700,915827550,60568350,3126452550,409820400,481012800,2117495850,2888586450,650709750,686034750,151010250,632494200,2296444350,0,0,3026109150,0,52013550,425736900,4568218500,4883850300,49026750,876158550,1939903350,1602654000,39948450,63862500,604846650,368634000,568238700,52308300,219529800,0,0,6843603750,426306750,9851028350,85758450,4491686250,0,137550,4892850,6897150,44933851400,2260170750,3870450,141519150,74571750,1138058850,2776093050,482124750,9108482400,1695412350,72652500,5623406800,0,862691700,480201600,37863535450,8628135300,400368750,808047300,65859750,102297900,0,196538700,3805870950,5304775200,0,34104730100,782561250,0,3125949600,197482500,3999446550,794036850,136253100,4875803600,217309350,727462650,1020748200,25881557100,769494000,320668350,630869250,0,5959679450,135388500,9185344800,0,11857289100
"ARE",36764400,1685047650,0,90763350,0,0,438493350,4205100,0,6306187650,0,698866500,0,0,0,0,10886100,0,275100,0,57869250,0,0,196500,240614250,121535250,0,0,1495109550,18942600,19650,46708050,0,7211550,96186750,0,0,0,117900,100068000,109489800,2023950,0,0,0,0,26589010350,0,51934950,0,0,15012600,0,107839200,0,11762389200,78600,78796500,1102797300,550692700,0,528795000,0,1670250,0,0,0,23265600,0,0,0,812606100,962850,0,0,12316333200,84691500,6869850750,3179608800,2731350,0,43465800,145855200,39555450,0,68637450,6406561500,569850,1096552050,0,0,15228750,19041223050,0,0,3325821450,0,16289850,5234386650,0,0,4539150,157200,425992350,229827300,0,1866750,106110000,195321000,0,0,10087838400,0,0,26704350,235328400,3601897400,0,0,0,0,8233350,0,33876600,189150900,923550,3751126050,0,2082900,0,0,0,34092750,162682350,1827450,0,0,7231200,14543900400,98250,0,157200,68617800,0,0,0,0,96251423100,1241044800,59519850,1179000,0,0,589480350,2721403200,1129148550,7840350,0,5875350,0,1709550,90645450,3578068500,70366500,6936450,1234648800,16702500,17252700,0,98662650,24640535300,266257350,5325346500,0,25721850,0,176614200,48535500,610584450,0,0,13206600,0,1788150,405402000,16874554500,47002800,2495550,15327000,0,0,0,478174650,0,2102255250
"UGA",0,0,0,726218100,0,0,0,0,0,0,0,0,0,0,0,0,0,0,0,0,0,0,0,5502000,0,435196800,0,0,0,0,0,643625100,0,0,0,0,0,0,0,0,0,0,0,0,0,0,0,0,0,0,0,0,0,0,0,0,62100,0,0,27258877800,0,0,0,0,0,0,0,0,0,0,0,437391000,0,0,0,2404636200,1567942200,0,0,0,0,6434263800,0,0,0,0,0,0,315799200,0,0,0,0,0,0,0,0,0,0,0,0,0,0,35035971300,0,0,0,0,0,158976000,0,0,0,0,0,0,6943358250,0,0,0,0,0,0,0,0,0,0,0,0,0,0,0,580179600,0,44608500,0,0,0,0,0,0,74923950,0,0,0,0,0,0,0,0,0,0,0,4862471400,0,37315950,9969244200,0,0,97641900,0,2184042150,0,0,0,1100400,0,0,0,0,0,0,216150,258711300,0,0,1022911500,0,94971600,0,0,0,0,0,0,0,7395750,0,3288857400,537247800,0,0,0,179872200,0
"TUV",0,0,0,0,0,0,0,0,0,0,0,0,0,0,0,0,0,0,0,0,0,0,0,0,0,0,0,0,0,0,0,0,0,0,0,0,0,0,0,0,0,0,0,0,0,0,0,0,0,0,0,0,0,0,0,0,0,0,0,0,0,0,0,0,0,0,0,0,0,0,0,0,0,0,0,0,0,0,0,0,0,0,0,0,0,0,0,0,0,0,0,0,0,0,0,0,0,0,0,0,0,0,0,0,0,0,0,0,0,0,0,0,0,0,0,0,0,0,0,0,0,0,0,0,0,0,0,0,0,0,0,0,0,0,0,0,0,0,0,0,0,0,0,0,0,0,0,0,0,0,0,0,0,0,0,0,0,0,0,0,0,0,0,0,0,0,0,0,0,0,0,0,0,0,0,0,0,0,0,0,0,0,0,0,0,0,0,0,0,0,0,0,0,0,0
"GBR",2161500,90783000,0,16309500,56985000,367062000,21786922650,1460998550,295456500,935424450,318699000,63174750,0,0,99036000,0,4272312000,0,48928500,0,35763000,73969450,0,0,0,23848375500,0,0,41647500,0,939859500,1775929500,88441000,0,0,0,19453500,0,5423567850,21222000,0,6924109550,23776500,0,0,22150000,4587679500,0,0,212532300,487233000,0,2468807150,53525013200,0,0,589500,0,3930000,56241312000,1768500,247590000,0,2961035900,0,37728000,982500,0,329773500,982500,0,3816724500,1938541700,700023600,1690153000,226505550,13165500,355500,304378500,200233113000,2577649500,6708482500,5305500,4991100,247195500,1542079650,2036643900,0,1096083750,4716000,0,1259815950,3632110500,39247300,0,2105515500,0,589500,2950251000,1530617100,28099500,786000,0,679356000,62094000,0,2741948900,0,14148000,97071000,0,22204500,13755000,1395150,5109000,80230500,69915829500,0,0,0,0,3392062000,0,0,1251385500,8732473000,820405500,91041000,3940137450,0,5423400,89341500,469478850,60995141200,2513493400,589500,0,0,878364750,12772500,181143250,1965000,529555500,31636500,59107500,20695500,0,6481764300,4716000,4519500,62880000,104029650,726660350,4229424700,0,4519796700,11408036550,145141500,0,0,6783077750,6176662950,0,786000,234533400,264292500,227206500,0,0,1310002500,280789050,30103800,626307000,12257438400,10807500,0,0,230101500,10764635050,0,79779000,0,0,82923000,982500,30850500,0,22597500,41913789850,40412250,97464000,0,95499000,0,199209000
"UKR",10805182050,116465550,4008600,1857966450,19650,0,79759350,550200,0,0,0,0,0,0,0,0,0,0,19650,0,0,1081732500,0,0,0,225711300,0,0,0,0,0,3340991250,0,0,0,19650,0,0,4558800,25012819050,0,39300,0,0,24868151400,0,34466100,0,0,969942150,0,0,624712800,1552350,0,0,25234834200,0,0,1838257500,0,2004300,0,125956500,0,0,0,0,0,0,0,18294150,911268750,0,0,0,0,592614000,4326871050,0,2844023100,6248700,0,33716124900,0,60580950,721410450,18854155350,0,0,1965000,71231250,172959300,11747595300,0,190762200,0,157200,216091050,9802389300,23167350,0,0,0,0,0,58950,0,0,5069700,11536868550,0,0,18473240700,0,0,154134600,0,0,196500,0,15051900,0,0,19650,0,115561650,72377100,114595050,0,0,0,14973300,2970267100,0,0,0,0,0,0,5935730700,0,86414981750,0,0,0,0,53742750,0,0,0,6975750,23521050,6071850,0,200450,199565400,0,18396205350,0,0,1198650,19650,18404448150,16564950,0,10394850,0,0,0,0,81822600,185358450,444640200,0,0,8595650,0,2423820600,0,0,6584958900,0,42365400,1414800,288481650,0,0,19650,0,0,844950,0,0,262013100
"USA",84062700,26861550,0,254801550,164140800,1908658050,34579985400,33444300,1730979300,805494000,1668028500,47828100,0,0,1327318200,0,39135278450,0,570940050,0,323812350,2550090150,0,0,0,987430180200,0,0,1318298850,0,15534977250,31032068350,14357795700,0,0,137825100,10066684650,0,0,18746100,0,183075000,59867850,7348621650,312297450,3137748300,537732300,6844943700,589500,1807390050,0,70641750,3011362500,388892400,514577400,48692700,39869850,0,2102550,4893347700,0,5953950,0,347343000,0,64078650,9157218300,0,140582100,287894850,4713593700,24978601600,121535250,0,1092711000,5362384200,7332390050,27510000,25620300,821504250,5323765300,1755346650,0,265648350,2065604100,39750521200,2893887000,1375500,86086650,156590850,0,62963100550,3595156800,28790100,0,725011350,0,0,9766050,4126500,120631350,0,0,39828067050,37158150,0,0,0,1257600,250350654900,81920850,82235250,0,1965000,0,68873250,20066062850,0,11318400,0,12497400,4222080450,2239620750,13224450,125995800,349229100,509662050,18827772150,4735650,4657050,431608050,9396976650,28237893050,67006500,311843250,0,0,0,1362822900,0,0,0,9818962950,65689950,170757300,33562200,0,21840898700,17685000,923550,13798050,0,0,19998571650,0,1878815100,4246724250,108723450,9726750,0,364688250,843965650,0,56454450,21603379200,15012600,5086815000,0,0,5794584150,509377500,34760850,1112543700,21123826250,0,0,20516250900,430315350,0,0,1746312450,913500,3627369300,2884621600,62388750,16073700,24208800,0,1999173300,0,0,0,0,0,0
"BFA",0,0,0,0,0,0,0,0,0,0,0,0,0,0,0,0,0,0,0,0,0,0,0,0,0,0,0,0,0,0,0,0,0,0,0,0,0,0,0,0,0,0,0,0,0,0,0,0,0,0,0,0,0,58950,0,0,0,0,0,0,0,0,0,0,0,0,0,0,0,0,0,0,0,0,0,0,0,0,0,0,0,0,0,0,0,0,0,0,0,0,0,0,0,0,0,0,0,0,0,0,0,0,0,0,0,0,0,0,0,0,0,0,0,0,0,0,0,0,0,0,0,0,0,0,0,0,0,0,0,0,0,0,0,0,0,0,0,0,0,0,0,0,0,0,0,0,0,0,0,0,0,0,0,0,0,0,0,0,0,0,0,0,0,0,0,0,0,0,0,0,0,0,0,0,0,0,0,0,0,0,0,0,0,0,0,0,0,0,0,0,0,0,0,0,0
"URY",0,0,0,0,0,4056252050,0,0,0,0,0,0,0,0,298544850,0,2659905000,0,0,39614400,0,0,0,0,40557600,113734200,0,0,0,0,1300269000,0,0,16977600,64766400,0,0,510900,0,0,0,0,0,0,0,0,0,0,0,0,0,0,0,78285600,0,0,0,39614400,46216800,0,0,41500800,0,0,0,0,0,728150400,0,0,0,0,0,0,0,0,0,0,0,0,0,0,109096800,0,0,0,0,0,0,0,0,0,0,0,0,0,0,67596000,0,0,0,95499000,0,0,0,46216800,0,0,90547200,7132950,0,16977600,0,0,0,0,31504050,0,0,0,0,0,0,0,0,0,0,5020250,0,0,467309700,434915850,0,0,0,20082300,0,0,0,0,0,0,27731250,0,0,0,0,0,43387200,0,0,0,0,0,0,0,0,56592000,0,0,0,0,0,0,0,0,0,0,0,0,0,0,18270000,0,0,0,137550,0,1582335900,128275200,0,0,0,0,0,0,0,0,0,0,0,0,0,0,0
"UZB",0,0,0,0,0,0,0,0,0,0,0,0,0,0,0,0,0,0,0,0,0,0,0,0,0,0,0,0,0,0,0,0,0,0,0,0,0,0,0,0,0,0,0,0,0,0,0,0,0,0,0,0,0,0,0,0,0,0,0,0,0,0,0,0,0,0,0,0,0,0,0,0,0,0,0,0,0,0,0,0,0,0,0,0,0,0,0,0,0,0,0,0,0,0,0,0,0,0,0,0,0,0,0,0,0,0,0,0,0,0,0,0,0,0,0,0,0,0,0,0,0,0,0,0,0,0,0,0,0,0,0,0,0,0,0,0,0,0,0,0,0,0,0,0,0,0,0,0,0,0,0,0,0,0,0,0,0,0,0,0,0,0,0,0,0,0,0,0,0,0,0,0,0,0,0,0,0,0,0,0,0,0,0,0,0,0,0,0,0,0,0,0,0,0,0
"VEN",0,0,0,0,0,0,0,0,0,0,0,0,0,0,0,0,7761750,0,0,0,0,0,0,0,0,972900,0,0,0,0,522000,0,1614861000,0,0,0,497700,0,0,0,0,0,0,0,0,0,0,0,0,0,0,0,0,179096400,0,0,0,0,0,661284400,0,0,0,0,0,0,0,0,0,0,0,0,0,0,0,0,0,0,0,0,39123000,334843200,0,0,0,3380972400,0,0,0,0,0,923550,0,0,0,0,0,0,0,0,0,0,0,0,0,0,0,0,0,0,0,0,0,0,0,0,2439589300,0,0,0,0,0,0,0,0,0,0,208656000,0,0,0,0,0,0,0,0,0,0,0,0,0,0,0,0,0,0,0,0,0,0,0,0,0,0,0,0,445714200,0,0,0,0,0,0,0,0,0,0,0,0,0,0,0,0,0,0,0,391862700,0,3388561950,0,0,0,0,0,0,0,0,0,51750000,0,0,0,0,0,0
"VNM",0,0,0,0,0,0,188057250,0,0,0,0,0,0,0,0,0,0,0,0,0,0,0,2141850,0,0,28009050,0,0,0,0,9353400,742648050,0,0,0,0,0,0,982500,0,0,0,0,0,0,0,0,0,0,0,0,0,587250,149738700,0,0,0,0,19964400,121058700,0,0,0,0,0,0,0,0,0,0,0,188975700,0,0,0,66038100,0,0,0,0,10453800,2277000,0,0,0,1267873200,0,0,0,192315000,0,583917450,0,0,138178800,0,0,0,0,0,0,0,0,8668042850,0,0,0,0,884250,0,8881800,0,0,0,0,0,2556092550,0,2652750,0,0,19355250,0,0,11966850,0,117900,0,0,10552050,0,0,2809950,0,0,0,0,0,2672400,0,0,0,9351450,0,0,0,0,0,0,0,0,0,0,564736700,0,0,687750,36431100,0,0,11593500,1996200,0,0,288304350,0,55491600,0,0,0,0,0,0,584725050,0,0,10159050,0,688290900,0,0,0,0,0,0,0,0,0,1133912600,0,0,0,0,0,0
"ETH",0,0,0,0,0,0,0,0,0,0,0,0,0,0,0,0,0,0,0,0,0,0,0,0,0,0,0,0,0,0,0,21088800,0,0,0,0,0,0,0,0,0,0,0,0,0,0,0,0,0,0,0,0,0,0,0,14796450,0,0,0,0,0,0,0,0,0,0,0,0,0,0,0,0,0,0,0,0,0,0,0,0,0,0,0,0,0,0,0,0,0,0,0,0,0,0,0,0,0,0,0,0,0,0,0,0,0,0,0,0,0,0,0,0,0,0,0,0,0,0,0,0,0,0,0,0,0,0,0,0,0,0,0,0,0,0,0,0,0,0,0,0,0,0,0,0,0,0,0,0,0,0,0,0,0,0,0,0,0,0,0,0,0,0,0,0,0,0,0,0,0,0,0,0,19650,0,0,0,0,0,0,0,0,0,0,0,0,0,0,0,0,0,0,0,0,0,0
"YEM",0,0,0,0,0,0,0,0,0,0,0,0,0,0,0,0,0,0,0,0,0,0,0,0,0,0,0,0,0,0,0,0,0,0,0,0,0,0,0,0,0,0,0,0,0,0,20377050,0,0,0,0,0,0,0,0,9850950,0,0,0,0,0,0,0,0,0,0,0,0,0,0,0,0,0,0,0,0,0,0,0,0,0,0,0,0,0,0,0,0,0,0,0,0,0,0,0,0,0,0,0,0,0,0,0,0,0,0,0,0,0,0,0,0,0,0,0,0,0,0,0,0,0,0,0,0,0,0,0,0,0,0,0,0,0,0,0,0,0,0,0,0,0,0,0,0,0,0,0,64161900,0,0,0,0,0,0,19650,0,0,0,0,0,0,0,0,0,0,0,0,0,0,0,235800,0,0,0,0,0,0,0,0,0,0,0,0,0,0,0,0,0,0,0,0,0,0,0,0
"COD",0,0,0,0,0,0,0,0,0,157200,0,0,0,0,0,0,0,0,0,0,0,0,0,5953950,0,720360000,0,120060000,0,0,0,0,0,0,54627000,0,0,0,0,0,0,0,0,0,0,0,0,0,0,0,0,0,0,0,0,0,0,0,0,6109605000,0,0,0,0,0,0,0,0,0,0,0,0,0,0,0,2053916100,0,0,0,0,0,0,0,0,0,0,0,0,0,0,0,0,0,0,0,0,0,0,0,0,0,0,0,0,0,0,0,0,0,0,0,0,0,0,0,0,1031831550,0,0,0,0,0,0,0,0,0,0,0,0,0,0,0,0,0,0,0,0,0,0,11593500,0,19650,0,0,0,0,0,0,0,0,0,0,0,0,0,0,5808420000,0,0,0,0,88368300,0,0,0,0,0,0,0,0,0,0,0,0,452212200,0,0,0,1898935200,0,0,0,0,0,0,0,0,0,1221714000,0,0,0,0,0,0
"ZMB",0,0,0,0,0,0,0,0,0,0,0,0,0,0,0,0,0,0,0,0,0,0,0,0,0,0,0,0,0,0,0,393000,0,0,0,0,0,0,0,0,0,0,0,0,0,0,0,0,0,0,0,0,0,0,0,0,0,0,0,0,0,0,0,0,0,0,0,0,0,0,0,0,0,0,0,0,0,0,0,0,0,0,0,0,0,0,0,0,0,0,0,0,0,0,0,0,0,0,0,0,0,0,336054300,0,0,0,0,0,0,0,0,0,0,0,746700,0,569850,0,0,0,0,0,0,0,0,0,0,0,0,0,0,0,0,0,0,0,0,0,0,599167800,0,0,0,0,0,0,0,0,0,0,0,0,0,0,0,28449150,0,0,0,0,0,4106850,0,0,0,0,0,0,0,0,0,0,0,10905750,0,0,0,0,0,0,0,0,0,0,0,0,239415600,0,0,0,0,0,0,0,0
"BEL",204914250,216150,194296350,1750379100,0,1704784000,14799807000,80043425250,0,842769300,4716000,1768500,0,0,2751000,3202950,12583603500,0,0,0,0,1282512450,44232150,59879250,89605000,36493588400,11062950,16905150,49950300,5541300,3227014100,22428017200,401272650,0,62447700,0,220192500,3057450,915560800,525064100,10846800,19522276000,5895000,182875200,378704700,902524500,2810728150,22597500,30261000,1451310600,28158450,4185450,2943704250,560389889100,75472050,104813100,2538600450,79602150,8370900,655592824100,1929280700,61905600,0,15497752650,0,0,271525800,2868900,0,1845600,4323000,7820717600,14242801550,1939354800,1393123700,1650696250,5844918150,224734200,347696100,9533605800,7650129500,72963851950,126853350,148458350,786000,30586273000,1278498600,15323550,396974600,5502000,0,13381129500,5925925400,1738897500,589500,7491936900,0,255450,1062177000,8422828300,27903000,12576000,4224750,5952330900,402971250,9548400,1156106650,57459150,287063850,2927409750,873874800,1356356800,7270500,88582200,27510000,6877500,483764353450,0,49186550,279431850,0,3196176800,4323000,55471950,78060450,19062739800,595834500,48535500,17590914850,589500,87110250,390569550,1644091350,48653025550,10788471000,0,0,0,1402947900,33017100,5184765600,104032050,27536900500,0,6736500,0,0,8205896500,151101050,70696200,1788150,930177700,41758287650,4076566650,0,6949304500,63458776950,56867100,0,0,41398756400,11446701050,23796500,50500500,3140643500,5895000,2230087750,11305200,0,19846500,129788250,431130750,8604450500,10649233450,5953950,0,215329477500,3707197200,76407257150,1237950,562091750,3411600,1640775000,1616863650,66598500,41461500,1463206950,17292000,0,25088934950,2488732900,31656150,27115500,0,61074000
"LUX",58950,235800,0,0,0,0,471600,21936000,0,98250,0,0,0,0,0,0,235800,0,0,0,0,451950,0,0,0,687750,0,0,0,0,39300,255450,19650,0,0,0,0,0,2613450,24549300,0,58950,0,0,0,0,235800,0,0,0,0,0,393000,1331255050,864600,0,1041450,0,0,79169400,0,11990550,0,28689000,0,0,0,0,0,0,0,471600,19650,314400,0,196500,0,19650,0,8724600,982500,3184350,0,0,0,118587750,78600,0,39300,0,0,117900,5560950,12969000,0,432300,0,0,39300,0,0,39300,0,39300,0,0,0,0,39300,255450,0,39300,0,0,0,0,267770550,0,648450,0,0,0,0,0,6523800,44821650,19650,0,0,0,0,1454100,19650,727050,903900,0,0,0,39300,0,5384100,0,781126800,0,0,0,0,19650,19650,0,0,3733500,0,648450,0,235800,7625250,0,0,0,3006450,12359850,0,0,98250,0,0,0,0,0,1434450,58950,78600,1395150,0,0,943200,3163650,1611300,0,0,432300,0,0,0,0,117900,0,343342250,0,0,0,0,0,0
"SRB",0,0,148219950,0,0,0,141197550,398167950,0,0,0,0,0,0,0,0,0,0,0,0,0,172487700,0,0,0,77460150,0,0,0,0,5580600,0,0,0,0,0,0,0,15700350,0,0,0,0,0,12241950,0,0,0,0,0,0,0,98250,37570800,0,0,12988650,0,0,321386850,29140616350,0,0,63947850,0,0,0,0,0,0,0,353700,1469189250,3104419950,0,0,0,0,60345150,5777100,45509400,11436150,0,334050,0,687750,0,0,0,0,0,110177550,0,0,0,0,0,0,30575400,0,0,0,0,0,0,0,805650,0,0,0,0,0,0,17095500,0,0,307253850,0,0,17215413500,0,0,0,0,0,0,0,2161500,34701900,0,0,0,0,97875000,0,0,0,0,1591650,0,1587856650,0,522866850,0,0,0,0,0,0,0,0,1143279150,265648350,0,0,19650,13050000,0,0,0,394020750,320090250,0,0,0,0,0,0,0,0,0,0,2847750,23796150,0,0,163566600,7034700,1007528400,0,0,0,0,0,0,0,0,0,0,0,0,10137715050,0,0,39300000
"MNE",0,0,66311850,0,0,0,0,0,0,0,0,0,0,0,0,0,0,0,0,0,0,0,0,0,0,0,0,0,0,0,0,0,0,0,0,0,0,0,19650,0,0,0,0,0,0,0,0,0,0,0,0,0,0,0,0,0,0,0,0,255450,215069250,0,0,0,0,0,0,0,0,0,0,0,0,106267200,0,0,0,0,0,0,0,0,0,0,0,0,0,0,0,0,0,0,0,0,0,0,0,78600,0,0,0,0,0,0,0,0,0,0,0,0,0,0,0,0,0,0,0,0,0,186124800,0,0,0,0,0,0,0,0,0,0,0,0,0,0,0,0,0,0,0,0,0,0,0,0,0,0,0,0,0,0,0,0,0,0,0,0,0,0,0,0,0,0,0,0,0,0,0,0,0,0,0,0,0,0,0,0,0,0,0,0,0,0,0,0,0,0,0,0,0,0,440865900,0,0,0,0
"SDN",0,0,0,0,0,0,0,0,0,0,0,0,0,0,0,0,0,0,0,0,0,0,0,0,0,0,0,0,0,0,0,0,0,0,0,0,0,0,0,0,0,0,0,0,0,0,0,0,0,0,0,0,0,0,0,0,0,0,0,0,0,0,0,0,0,0,0,0,0,0,0,0,0,0,0,0,0,0,0,0,0,0,0,0,0,0,0,0,0,0,0,0,0,0,0,0,0,0,0,0,0,0,0,0,0,0,0,0,0,0,0,0,0,0,0,0,0,0,0,0,0,0,0,0,0,0,0,0,0,0,0,0,0,0,0,0,0,0,0,0,0,0,0,0,0,0,0,0,0,0,0,0,0,0,0,0,0,0,0,0,0,0,0,0,0,0,0,0,0,0,0,0,0,0,0,0,0,0,0,0,0,0,0,0,0,0,0,0,0,0,0,0,0,0,0
"SSD",0,0,0,0,0,0,0,0,0,0,0,0,0,0,0,0,0,0,0,0,0,0,0,0,0,0,0,0,0,0,0,0,0,0,0,0,0,0,0,0,0,0,0,0,0,0,0,0,0,0,0,0,0,0,0,0,0,0,0,0,0,0,0,0,0,0,0,0,0,0,0,0,0,0,0,0,0,0,0,0,0,0,0,0,0,0,0,0,0,0,0,0,0,0,0,0,0,0,0,0,0,0,0,0,0,0,0,0,0,0,0,0,0,0,0,0,0,0,0,0,0,0,0,0,0,0,0,0,0,0,0,0,0,0,0,0,0,0,0,0,0,0,0,0,0,0,0,0,0,0,0,0,0,0,0,0,0,0,0,0,0,0,0,0,0,0,0,0,0,0,0,0,0,0,0,0,0,0,0,0,0,0,0,0,0,0,0,0,0,0,0,0,0,0,0
"PSE",0,0,0,0,0,0,0,0,0,0,0,0,0,0,0,0,0,0,0,0,0,0,0,0,0,0,0,0,0,0,0,0,0,0,0,0,0,0,0,0,0,0,0,0,0,0,0,0,0,0,0,0,0,0,0,0,0,0,0,0,0,0,0,0,0,0,0,0,0,0,0,0,0,0,0,0,0,0,0,0,0,0,0,0,0,0,0,0,0,0,0,0,0,0,0,0,0,0,0,0,0,0,0,0,0,0,0,0,0,0,0,0,0,0,0,0,0,0,0,0,0,0,0,0,0,0,0,0,0,0,0,0,0,0,0,0,0,0,0,0,0,0,0,0,0,0,0,0,0,0,0,0,0,0,0,0,0,0,0,0,0,0,0,0,0,0,0,0,0,0,0,0,0,0,0,0,0,0,0,0,0,0,0,0,0,0,0,0,0,0,0,0,0,0,0
