"","ARM","AFG","ALB","DZA","ATG","ARG","AUS","AUT","BHS","BHR","BRB","BGD","BMU","BTN","BOL","BWA","BRA","ARB","BLZ","SLB","BRN","BGR","MMR","BDI","CMR","CAN","CPV","CAF","LKA","TCD","CHL","CHN","COL","COM","COG","COK","CRI","CUB","CYP","AZE","BEN","DNK","DMA","DOM","BLR","ECU","EGY","SLV","GNQ","EST","FRO","FJI","FIN","FRA","PYF","DJI","GEO","GAB","GMB","DEU","BIH","GHA","KIR","GRC","GRL","GRD","GTM","GIN","GUY","HTI","HND","HKG","HUN","HRV","ISL","IND","IDN","IRN","IRQ","IRL","ISR","ITA","CIV","KAZ","JAM","JPN","JOR","KGZ","KEN","KHM","PRK","KOR","KWT","LVA","LAO","LBN","LSO","LBR","LBY","LTU","MAC","MDG","MWI","MYS","MDV","MLI","MLT","MRT","MUS","MEX","MNG","MAR","MOZ","MDA","NAM","NPL","NLD","ANT","NCL","MKD","VUT","NZL","NIC","NER","NGA","NOR","PAK","PAN","CZE","PNG","PRY","PER","PHL","POL","PRT","GNB","TLS","ERI","QAT","ZWE","ROU","RWA","RUS","KNA","LCA","VCT","STP","SAU","SEN","SYC","SLE","SVN","SVK","SGP","SOM","ZAF","ESP","SUR","TJK","SWZ","SWE","CHE","SYR","TKM","TWN","TZA","THA","TGO","TON","TTO","OMN","TUN","TUR","ARE","UGA","TUV","GBR","UKR","USA","BFA","URY","UZB","VEN","VNM","ETH","YEM","COD","ZMB","BEL","LUX","SRB","MNE","SDN","SSD","PSE"
"ARM",0,0,0,0,0,0,0,0,0,0,0,0,0,0,0,0,0,0,0,0,0,0,0,0,0,0,0,0,0,0,0,0,0,0,0,0,0,0,0,0,0,0,0,0,3930000,0,0,0,0,0,0,0,0,0,0,0,1780290000,0,0,0,0,0,0,0,0,0,0,0,0,0,0,0,0,0,0,0,0,0,0,0,0,0,0,0,0,0,0,0,0,0,0,0,0,0,0,0,0,0,0,0,0,0,0,0,0,0,0,0,0,0,0,0,0,0,0,0,0,0,0,0,0,0,0,0,0,0,0,0,0,0,0,0,0,0,0,0,0,0,0,0,0,0,35370000,0,0,0,0,0,0,0,0,0,0,0,0,0,0,0,0,0,0,0,0,0,0,0,0,0,0,0,0,0,0,0,0,0,0,0,98250000,0,0,0,0,0,0,0,0,0,0,0,0,0,0,0,0
"AFG",0,0,0,0,0,0,0,0,0,0,0,0,0,0,0,0,0,0,0,0,0,0,0,0,0,0,0,0,0,0,0,0,0,0,0,0,0,0,0,0,0,0,0,0,0,0,0,0,0,0,0,0,0,0,0,0,0,0,0,0,0,0,0,0,0,0,0,0,0,0,0,0,0,0,0,0,0,0,0,0,0,0,0,0,0,0,0,0,0,0,0,0,0,0,0,0,0,0,0,0,0,0,0,0,0,0,0,0,0,0,0,0,0,0,0,0,0,0,0,0,0,0,0,0,0,0,0,0,0,0,0,0,0,0,0,0,0,0,0,0,0,0,0,0,0,0,0,0,0,0,0,0,0,0,0,0,0,0,0,0,0,0,0,0,0,0,0,0,0,0,0,0,0,0,0,0,0,0,0,0,0,0,0,0,0,0,0,0,0,0,0,0,0,0,0
"ALB",0,0,0,0,0,0,0,0,0,0,0,0,0,0,0,0,0,0,0,0,0,0,0,0,0,0,0,0,0,0,0,0,0,0,0,0,0,0,0,0,0,0,0,0,0,0,0,0,0,0,0,0,0,0,0,0,0,0,0,0,0,0,0,0,0,0,0,0,0,0,0,0,0,0,0,0,0,0,0,0,0,0,0,0,0,0,0,0,0,0,0,0,0,0,0,0,0,0,0,0,0,0,0,0,0,0,0,0,0,0,0,0,0,0,0,0,0,0,0,172920000,0,0,0,0,0,0,0,0,0,0,0,0,0,0,0,0,0,0,0,0,0,0,0,0,0,0,0,0,0,0,0,0,0,0,0,0,0,0,0,0,0,0,0,0,0,0,0,0,0,0,0,0,0,0,0,0,43230000,0,0,0,0,0,0,0,0,0,0,0,0,0,200430000,3930000,0,0,0
"DZA",0,0,0,0,0,0,0,0,0,0,0,0,0,0,0,0,0,0,0,0,0,0,0,0,0,16980000,0,0,0,0,0,0,0,0,0,0,0,0,0,0,0,0,0,0,0,0,0,0,0,0,0,0,0,2.133e+09,0,0,0,0,0,1.422e+09,0,0,0,0,0,0,0,0,0,0,0,0,0,0,0,0,0,0,0,0,0,0,0,0,0,0,51090000,0,0,0,0,0,0,0,0,0,0,0,0,0,0,0,0,0,0,0,0,0,0,0,0,0,0,0,0,0,1.422e+09,0,0,0,0,0,0,0,0,0,0,0,0,0,0,0,0,0,0,0,0,0,0,0,0,0,0,0,0,0,0,11790000,0,0,0,0,0,0,0,0,4123800000,0,0,0,0,995400000,0,0,0,0,0,0,0,0,0,78600000,0,0,0,0,5545800000,568800000,0,0,0,0,0,0,0,0,0,0,0,0,0,0,0,0,0
"ATG",0,0,0,0,0,0,0,0,0,0,0,0,0,0,0,0,0,0,0,0,0,0,0,0,0,0,0,0,0,0,0,0,0,0,0,0,0,0,0,0,0,27510000,0,0,0,0,0,0,0,0,0,0,0,0,0,0,0,0,0,0,0,0,0,0,0,0,0,0,0,0,0,0,0,0,0,0,0,0,0,0,0,0,0,0,0,0,0,0,0,0,0,0,0,0,0,0,0,0,0,0,0,0,0,0,0,0,0,0,0,0,0,0,0,0,0,0,0,0,0,0,0,0,0,0,0,0,0,0,0,0,0,0,0,0,0,0,0,0,0,0,0,0,0,0,0,0,0,0,0,0,0,0,0,0,0,0,0,0,0,0,0,0,0,0,0,0,0,0,0,0,0,0,0,0,0,0,0,0,7860000,0,0,0,0,0,0,0,0,0,0,0,0,0,0,0,0
"ARG",121830000,0,0,609150000,0,0,3151860000,0,0,0,23580000,0,0,0,9376980000,0,40370280000,0,0,0,0,7860000,0,0,0,2640960000,294750000,0,0,0,31766190000,1006080000,872460000,0,55020000,0,247590000,389070000,0,192570000,102180000,0,0,239730000,0,3450540000,58950000,98250000,66810000,70740000,0,0,0,19650000,0,0,298680000,0,19650000,0,0,0,0,0,0,7860000,98250000,161130000,3930000,27510000,27510000,153270000,0,0,0,377280000,0,0,3383730000,0,6056130000,7860000,165060000,0,62880000,7195830000,3552720000,3930000,47160000,0,0,0,569850000,102180000,0,848880000,0,0,774210000,0,0,129690000,0,0,0,23580000,0,526620000,0,6012870000,911760000,113970000,3041820000,0,750630000,0,5635620000,0,0,0,0,0,27510000,0,1123980000,0,0,192570000,0,0,9954690000,4763160000,345840000,0,0,3930000,0,0,0,0,0,0,35370000,7860000,3930000,0,0,1803870000,23580000,0,1143630000,0,0,0,0,691680000,420510000,74670000,0,0,7860000,31440000,0,0,35370000,7860000,6445200000,125760000,0,188640000,0,51090000,546270000,1713480000,0,0,0,0,2189010000,0,12287520000,0,738840000,569850000,19650000,247590000,0,149340000,0,0,0,0,0,0,137550000
"AUS",0,0,0,0,0,0,0,0,0,3930000,0,0,0,0,0,0,389070000,0,0,23580000,1025730000,0,0,0,0,4751370000,0,0,27510000,0,0,640470000,0,0,0,7860000,0,0,51090000,0,0,0,0,0,0,0,51090000,0,0,0,0,1698690000,0,0,778140000,0,0,0,0,107220000,0,0,0,0,0,0,0,0,0,0,0,12629520000,0,0,0,2397300000,1763070000,0,0,19620000,0,7860000,0,0,0,23562960000,0,0,0,113970000,0,79890000,70740000,0,0,0,0,0,0,0,7860000,0,0,10350300000,3930000,0,0,0,0,0,0,3930000,0,0,0,0,443970000,0,1261530000,0,157200000,145147870000,0,0,0,0,636660000,0,0,2842590000,0,0,4374090000,0,0,0,51090000,0,3930000,0,15720000,0,7860000,0,0,0,0,3930000,0,0,0,0,0,21181680000,0,161130000,3930000,0,0,0,7860000,7860000,0,0,1096470000,0,5344800000,0,0,0,0,0,10470000,322470000,0,0,796470000,3930000,310470000,0,0,0,0,188640000,0,0,0,0,110040000,0,0,0,0,0,0
"AUT",98250000,0,1854960000,636660000,0,687750000,4279770000,0,0,0,0,0,0,0,3930000,0,334050000,0,0,0,0,4214250000,0,0,11790000,365490000,0,0,0,0,337980000,165900000,11790000,0,0,0,11790000,0,1.179e+09,94320000,0,357630000,0,3930000,82530000,0,35370000,0,3930000,389070000,0,0,2216520000,30175890000,0,0,62880000,0,15720000,259623780000,11192640000,7830000,0,4953870000,0,0,0,0,0,0,0,455880000,30106750000,21502340000,176850000,7860000,15720000,98250000,62880000,117900000,1061100000,32669320000,0,341910000,3930000,6818550000,110040000,0,0,0,0,66810000,3930000,318330000,0,3930000,0,0,1689900000,2419470000,0,3930000,0,0,0,0,55020000,0,86460000,27510000,0,0,0,146640000,3930000,0,8528640000,0,0,4700280000,0,47160000,0,0,0,5646030000,0,0,46700850000,0,62880000,3930000,82530000,30905250000,4684560000,0,0,0,3930000,0,11539440000,0,2137920000,0,0,0,0,78600000,0,0,0,41216160000,28244790000,0,0,503040000,52306980000,0,0,0,12809760000,34804080000,0,0,3930000,0,3930000,0,0,0,0,0,2687530000,353700000,0,0,11190270000,1984650000,16616040000,0,102180000,15720000,0,0,0,7860000,0,0,13214400000,428370000,21658270000,7392330000,0,0,0
"BHS",0,0,0,0,0,0,0,0,0,0,0,0,0,0,0,0,0,0,0,0,0,0,0,0,0,0,0,0,0,0,0,0,0,0,0,0,0,0,0,0,0,0,0,0,0,0,0,0,0,0,0,0,0,0,0,0,0,0,0,0,0,0,0,0,0,0,0,0,0,0,0,0,0,0,0,0,0,0,0,0,0,0,0,0,0,0,0,0,0,0,0,0,0,0,0,0,0,0,0,0,0,0,0,0,0,0,0,0,0,0,0,0,0,0,0,0,0,0,0,0,0,0,0,0,0,0,0,0,0,0,0,0,0,0,0,0,0,0,0,0,0,0,0,0,0,0,0,0,0,0,0,0,0,0,0,0,0,0,0,0,0,0,0,0,0,0,0,0,0,0,0,0,0,0,0,0,0,0,0,0,0,0,0,0,0,0,0,0,0,0,0,0,0,0,0
"BHR",0,0,0,0,0,0,0,0,0,0,0,0,0,0,0,0,0,0,0,0,0,0,0,0,0,0,0,0,0,0,0,0,0,0,0,0,0,0,0,0,0,0,0,0,0,0,0,0,0,0,0,0,0,0,0,0,0,0,0,0,0,0,0,0,0,0,0,0,0,0,0,0,0,0,0,0,0,0,0,0,0,0,0,0,0,0,3930000,0,0,0,0,0,558060000,0,0,0,0,0,0,0,0,0,0,0,0,0,0,0,0,0,0,0,0,0,0,0,0,0,0,0,0,0,0,0,0,0,0,0,0,0,0,0,0,0,0,0,0,0,361770000,0,0,0,0,0,0,0,0,3603810000,0,0,0,0,0,0,0,0,0,0,0,0,0,0,0,0,0,0,0,0,0,0,121830000,0,0,1579860000,0,0,0,0,0,0,0,0,0,0,0,0,0,0,0,0,0,0,0,0,0
"BRB",0,0,0,0,0,0,0,0,0,0,0,0,0,0,0,0,0,0,0,0,0,0,0,0,0,0,0,0,0,0,0,0,0,0,0,0,0,0,0,0,0,0,0,0,0,0,0,0,0,0,0,0,0,0,0,0,0,0,0,0,0,0,0,0,0,0,0,0,0,0,0,0,0,0,0,0,0,0,0,0,0,0,0,0,0,0,0,0,0,0,0,0,0,0,0,0,0,0,0,0,0,0,0,0,0,0,0,0,0,0,0,0,0,0,0,0,0,0,0,0,0,0,0,0,0,0,0,0,0,0,0,0,0,0,0,0,0,0,0,0,0,0,0,0,0,0,0,0,0,0,0,0,0,0,0,0,0,0,0,0,0,0,0,0,0,0,0,0,0,0,0,0,0,0,0,0,0,0,157200000,0,0,0,0,0,0,0,0,0,0,0,0,0,0,0,0
"BGD",0,0,0,0,0,0,0,0,0,0,0,0,0,0,0,0,0,0,0,0,0,0,0,0,0,0,0,0,0,0,0,0,0,0,0,0,0,0,0,0,0,0,0,0,0,0,0,0,0,0,0,0,0,0,0,0,0,0,0,0,0,0,0,0,0,0,0,0,0,0,0,0,0,0,0,0,0,0,0,0,0,0,0,0,0,0,0,0,0,0,0,0,0,0,0,0,0,0,0,0,0,0,0,0,0,0,0,0,0,0,0,0,0,0,0,0,0,0,0,0,0,0,0,0,0,0,0,0,0,0,0,0,0,0,0,0,0,0,0,0,0,0,0,0,0,0,0,0,0,0,0,0,0,0,0,0,0,0,0,0,0,0,0,0,0,0,0,0,0,0,0,0,0,0,0,0,0,0,0,0,0,0,0,0,0,0,0,0,0,0,0,0,0,0,0
"BMU",0,0,0,0,0,0,0,0,0,0,0,0,0,0,0,0,0,0,0,0,0,0,0,0,0,0,0,0,0,0,0,0,0,0,0,0,0,0,0,0,0,0,0,0,0,0,0,0,0,0,0,0,0,0,0,0,0,0,0,0,0,0,0,0,0,0,0,0,0,0,0,0,0,0,0,0,0,0,0,0,0,0,0,0,0,0,0,0,0,0,0,0,0,0,0,0,0,0,0,0,0,0,0,0,0,0,0,0,0,0,0,0,0,0,0,0,0,0,0,0,0,0,0,0,0,0,0,0,0,0,0,0,0,0,0,0,0,0,0,0,0,0,0,0,0,0,0,0,0,0,0,0,0,0,0,0,0,0,0,0,0,0,0,0,0,0,0,0,0,0,0,0,0,0,0,0,0,0,0,0,0,0,0,0,0,0,0,0,0,0,0,0,0,0,0
"BTN",0,0,0,0,0,0,0,0,0,0,0,0,0,0,0,0,0,0,0,0,0,0,0,0,0,0,0,0,0,0,0,0,0,0,0,0,0,0,0,0,0,0,0,0,0,0,0,0,0,0,0,0,0,0,0,0,0,0,0,0,0,0,0,0,0,0,0,0,0,0,0,0,0,0,0,0,0,0,0,0,0,0,0,0,0,0,0,0,0,0,0,0,0,0,0,0,0,0,0,0,0,0,0,0,0,0,0,0,0,0,0,0,0,0,0,0,0,0,0,0,0,0,0,0,0,0,0,0,0,0,0,0,0,0,0,0,0,0,0,0,0,0,0,0,0,0,0,0,0,0,0,0,0,0,0,0,0,0,0,0,0,0,0,0,0,0,0,0,0,0,0,0,0,0,0,0,0,0,0,0,0,0,0,0,0,0,0,0,0,0,0,0,0,0,0
"BOL",0,0,0,0,0,405090000,24840000,0,0,0,0,0,0,0,0,0,0,0,0,0,0,0,0,0,0,0,0,0,0,0,3930000,0,0,0,0,0,0,0,0,0,0,153180000,0,0,0,0,0,0,0,0,0,0,0,0,0,0,0,0,0,1789290000,0,0,0,0,0,0,0,0,0,0,0,0,0,0,0,0,0,0,0,0,0,75690000,0,0,0,0,0,0,0,0,0,0,0,0,0,0,0,0,0,0,0,0,0,0,0,0,0,0,0,0,0,0,0,0,0,0,0,0,0,0,0,0,0,0,0,0,0,0,0,0,0,0,0,0,0,0,0,0,0,0,0,0,0,0,0,0,0,0,0,0,0,0,0,0,0,0,0,0,0,0,0,1680930000,0,0,0,0,0,0,0,0,0,0,0,0,0,0,0,0,119010000,0,0,0,0,0,0,0,0,0,53820000,0,0,0,0,0,0
"BWA",0,0,0,0,0,0,0,0,0,0,0,0,0,0,0,0,0,0,0,0,0,0,0,0,0,0,0,0,0,0,0,0,0,0,0,0,0,0,0,0,0,0,0,0,0,0,0,0,0,0,0,0,0,0,0,0,0,0,0,0,0,0,0,0,0,0,0,0,0,0,0,0,0,0,0,0,0,0,0,0,0,0,0,0,0,0,0,0,0,0,0,0,0,0,0,0,0,0,0,0,0,0,0,0,0,0,0,0,0,0,0,0,0,0,15720000,0,0,0,0,0,0,0,0,0,0,0,0,0,0,0,0,0,0,0,0,0,0,0,0,0,0,0,0,0,0,0,0,0,0,0,0,0,0,0,0,133620000,0,0,0,0,0,0,0,0,0,0,0,0,0,0,0,0,0,0,0,0,0,0,0,0,0,0,0,0,0,0,0,0,0,0,0,0,0,0,0
"BRA",125760000,58950000,94320000,0,0,294850400000,172920000,95220000,664170000,3930000,0,0,0,0,24793260000,78600000,0,0,15720000,0,0,0,0,0,954990000,21105840000,282960000,0,0,0,57852200000,283530000,10433610000,0,664170000,0,1649490000,2532210000,0,357630000,176850000,27720000,0,3712080000,0,3261600000,62880000,0,322260000,0,0,47160000,145410000,4442640000,0,110040000,290820000,106110000,334050000,86520000,0,1752780000,0,26100000,0,0,19650000,161130000,153270000,326190000,66810000,319590000,1029660000,0,0,1573110000,0,0,19650000,15720000,888180000,0,168990000,0,1617570000,8006660000,381210000,0,235800000,0,0,3236010000,51090000,27510000,0,106110000,0,361560000,1021800000,149340000,0,1595580000,0,473730000,39300000,66810000,0,0,0,15810470000,27510000,0,589500000,0,27510000,0,13311990000,0,0,7860000,0,23580000,275100000,0,110040000,0,0,1171140000,19650000,0,40429050000,4.953e+09,345840000,27510000,1202580000,15720000,0,0,0,66810000,15720000,0,302610000,0,3930000,11790000,0,168990000,27510000,0,530550000,0,0,131940000,0,6103290000,204300000,907830000,0,3930000,62880000,801270000,0,0,47160000,62880000,2.88e+08,43230000,0,2383770000,15720000,0,19650000,444090000,102180000,0,408720000,7860000,89443870000,0,32280010000,0,7588830000,184710000,404790000,3474120000,1006080000,0,907530000,0,0,0,0,0,0
"ARB",0,0,0,0,0,0,0,0,0,0,0,0,0,0,0,0,0,0,0,0,0,0,0,0,0,0,0,0,0,0,0,0,0,0,0,0,0,0,0,0,0,0,0,0,0,0,0,0,0,0,0,0,0,0,0,0,0,0,0,0,0,0,0,0,0,0,0,0,0,0,0,0,0,0,0,0,0,0,0,0,0,0,0,0,0,0,0,0,0,0,0,0,0,0,0,0,0,0,0,0,0,0,0,0,0,0,0,0,0,0,0,0,0,0,0,0,0,0,0,0,0,0,0,0,0,0,0,0,0,0,0,0,0,0,0,0,0,0,0,0,0,0,0,0,0,0,0,0,0,0,0,0,0,0,0,0,0,0,0,0,0,0,0,0,0,0,0,0,0,0,0,0,0,0,0,0,0,0,0,0,0,0,0,0,0,0,0,0,0,0,0,0,0,0,0
"BLZ",0,0,0,0,0,0,0,0,0,0,0,0,0,0,0,0,0,0,0,0,0,0,0,0,0,0,0,0,0,0,0,0,0,0,0,0,0,0,0,0,0,0,0,0,0,0,0,0,0,0,0,0,0,0,0,0,0,0,0,8280000,0,0,0,0,0,0,0,0,0,0,0,0,0,0,0,0,0,0,0,0,0,0,0,0,0,0,0,0,0,0,0,0,0,0,0,0,0,0,0,0,0,0,0,0,0,0,0,0,0,0,0,0,0,0,0,0,219420000,0,0,0,0,0,0,0,0,0,0,0,0,0,0,0,0,0,0,0,0,0,0,0,0,0,0,0,0,0,0,0,0,0,0,0,0,0,0,0,0,0,0,0,0,8280000,0,0,0,0,0,0,0,0,0,0,0,0,0,0,0,0,115920000,0,0,0,0,0,0,0,0,0,0,0,0,0,0,0,0
"SLB",0,0,0,0,0,0,0,0,0,0,0,0,0,0,0,0,0,0,0,0,0,0,0,0,0,0,0,0,0,0,0,0,0,0,0,0,0,0,0,0,0,0,0,0,0,0,0,0,0,0,0,0,0,0,0,0,0,0,0,49680000,0,0,0,0,0,0,0,0,0,0,0,0,0,0,0,0,7265700000,0,0,0,0,0,0,0,0,0,0,0,0,0,0,0,0,0,0,0,0,0,0,0,0,0,0,20571660000,0,0,0,0,0,0,0,0,0,0,0,0,0,0,0,0,0,2732400000,0,0,0,0,0,0,0,0,0,0,0,0,0,0,0,0,0,0,0,0,0,0,0,0,0,0,0,0,0,0,0,15611940000,0,0,0,0,0,0,0,0,0,0,0,0,0,0,0,0,0,0,0,0,0,0,0,0,0,0,0,0,0,0,0,0,0,0,0,0,0,0,0,0,0
"BRN",0,0,0,0,0,0,0,0,0,0,0,0,0,0,0,0,0,0,0,0,0,0,0,0,0,0,0,0,0,0,0,0,0,0,0,0,0,0,0,0,0,0,0,0,0,0,0,0,0,0,0,0,0,0,0,0,0,0,0,0,0,0,0,0,0,0,0,0,0,0,0,0,0,0,0,0,0,0,0,0,0,0,0,0,0,0,0,0,0,0,0,0,0,0,0,0,0,0,0,0,0,0,0,1245810000,0,0,0,0,0,0,0,0,0,0,0,0,0,0,0,0,0,326190000,0,0,0,0,0,0,0,0,0,0,0,0,0,0,0,0,0,0,0,0,0,0,0,0,0,0,0,0,0,0,0,0,0,0,0,0,0,0,0,0,0,0,0,0,0,0,0,0,0,0,0,0,0,0,0,0,0,0,0,0,0,0,0,0,0,0,0,0,0,0,0,0,0
"BGR",224010000,0,99540000,1513050000,0,0,212220000,31139400000,0,0,0,0,0,0,0,0,172920000,0,0,0,0,0,0,0,0,47160000,0,0,0,0,0,424440000,0,0,0,0,0,0,3240930000,11790000,0,0,0,0,44370000,0,153120000,0,0,0,0,0,0,43230000,0,0,168990000,0,0,272100000,236070000,0,0,13727530000,0,0,0,0,0,0,0,0,4262640000,192570000,0,0,0,57420000,534480000,31440000,66810000,204360000,0,27510000,0,0,172920000,0,0,0,0,0,259380000,0,0,324750000,0,0,1391220000,1654230000,0,0,0,0,0,0,0,0,0,0,227940000,0,0,14400000,0,0,2235780000,0,0,2498600000,0,0,0,0,7860000,3930000,0,0,4605960000,0,0,0,0,9893130000,11790000,0,0,0,62880000,0,60063540000,0,2465640000,0,0,0,0,884250000,0,0,0,0,351060000,0,0,55020000,1344060000,0,0,0,31440000,0,39300000,0,0,0,0,0,0,0,0,0,25762240000,1395150000,0,0,432300000,58950000,334050000,0,0,0,0,0,0,0,0,0,235800000,0,5962390000,15720000,0,0,0
"MMR",0,0,0,0,0,0,0,0,0,0,0,0,0,0,0,0,0,0,0,0,0,0,0,0,0,0,0,0,0,0,0,0,0,0,0,0,0,0,0,0,0,0,0,0,0,0,0,0,0,0,0,0,0,0,0,0,0,0,0,0,0,0,0,0,0,0,0,0,0,0,0,0,0,0,0,0,0,0,0,0,0,0,0,0,0,0,0,0,0,0,0,0,0,0,0,0,0,0,0,0,0,0,0,0,0,0,0,0,0,0,0,0,0,0,0,0,0,0,0,0,0,0,0,0,0,0,0,0,0,0,0,0,0,0,0,0,0,0,0,0,0,0,0,0,0,0,0,0,0,0,0,0,0,0,0,0,0,0,0,0,0,0,0,0,0,0,0,0,0,0,0,0,0,0,0,0,0,0,0,0,0,0,0,0,0,0,0,0,0,0,0,0,0,0,0
"BDI",0,0,0,0,0,0,0,0,0,0,0,0,0,0,0,0,0,0,0,0,0,0,0,0,0,0,0,0,0,0,0,0,0,0,0,0,0,0,0,0,0,0,0,0,0,0,0,0,0,0,0,0,0,0,0,0,0,0,0,0,0,0,0,0,0,0,0,0,0,0,0,0,0,0,0,0,0,0,0,0,0,0,0,0,0,0,0,0,0,0,0,0,0,0,0,0,0,0,0,0,0,0,0,0,0,0,0,0,0,0,0,0,0,0,0,0,0,0,0,0,0,0,0,0,0,0,0,0,0,0,0,0,0,0,0,0,0,0,0,0,0,0,0,0,0,0,0,0,0,0,0,0,0,0,0,0,0,0,0,0,0,0,0,0,0,0,0,0,0,0,0,0,0,0,0,0,0,0,0,0,0,0,0,0,0,0,0,0,0,0,0,0,0,0,0
"CMR",0,0,0,832140000,0,0,0,0,0,0,0,0,0,0,0,0,0,0,0,0,0,0,0,0,0,0,0,432300000,0,255450000,0,3378150000,0,0,4146150000,0,0,0,0,0,0,0,0,0,0,0,0,0,1591650000,2.07e+08,0,0,0,83528380000,0,0,0,5478420000,0,18514080000,0,0,0,0,0,0,0,0,0,0,0,0,0,0,0,0,14328540000,0,0,0,0,3.726e+09,0,0,0,4.14e+08,0,0,0,0,0,0,0,0,0,0,0,0,0,0,0,0,0,59003640000,0,0,0,0,0,2.07e+08,0,0,47160000,0,0,0,523907940000,0,0,0,0,0,0,0,3930000,0,0,0,0,0,0,0,0,70380000,0,0,0,0,0,0,0,0,0,0,0,0,0,0,0,0,0,0,0,4.14e+08,0,3930000,37399500000,0,0,0,0,115890000,0,0,0,0,7683840000,0,0,0,0,0,7269840000,0,0,0,0,0,12019140000,0,0,0,0,0,0,0,0,0,43451680000,0,0,0,0,0,0
"CAN",0,0,0,306540000,0,235800000,805650000,0,0,0,90390000,0,0,3930000,0,0,605220000,0,0,0,0,3930000,0,0,0,0,0,0,0,0,19650000,573780000,179280000,0,0,0,2216520000,110040000,15720000,3930000,0,0,0,0,0,0,141480000,47160000,0,0,0,0,0,216150000,0,0,0,0,0,11790000,0,56880000,0,0,0,0,94320000,0,0,0,0,289500000,43230000,0,0,78600000,3930000,3930000,7860000,330120000,856740000,41910000,0,0,0,6005040000,102180000,0,0,0,0,43230000,188640000,0,0,39300000,0,0,0,0,43230000,0,0,251520000,0,0,3930000,0,0,89740280000,3930000,0,0,0,0,0,1848900000,0,0,0,0,251520000,0,0,0,19650000,3930000,19650000,0,0,0,11790000,23580000,74670000,62880000,0,0,0,19650000,0,7860000,0,0,0,0,0,0,157200000,19650000,0,7860000,0,0,47160000,0,237060000,0,0,0,0,212220000,11790000,0,0,6540000,19650000,0,0,0,184710000,55020000,27510000,0,361980000,7860000,0,777390000,7860000,2327282050000,11790000,0,0,0,0,0,0,0,0,629400000,0,0,0,0,0,0
"CPV",0,0,0,0,0,0,0,0,0,0,0,0,0,0,0,0,0,0,0,0,0,0,0,0,0,0,0,0,0,0,0,0,0,0,0,0,0,0,0,0,0,0,0,0,0,0,0,0,0,0,0,0,0,0,0,0,0,0,0,0,0,0,0,0,0,0,0,0,0,0,0,0,0,0,0,0,0,0,0,0,0,0,0,0,0,0,0,0,0,0,0,0,0,0,0,0,0,0,0,0,0,0,0,0,0,0,0,0,0,0,0,0,0,0,0,0,0,0,0,0,0,0,0,0,0,0,0,0,0,0,0,0,0,0,0,0,0,0,0,0,0,0,0,0,0,0,0,0,0,0,0,0,0,0,0,0,0,0,0,0,0,0,0,0,0,0,0,0,0,0,0,0,0,0,0,0,0,0,0,0,0,0,0,0,0,0,0,0,0,0,0,0,0,0,0
"CAF",0,0,0,0,0,0,0,0,0,0,0,0,0,0,0,0,0,0,0,0,0,0,0,0,0,0,0,0,0,0,0,0,0,0,0,0,0,0,0,0,0,0,0,0,0,0,0,0,0,0,0,0,0,0,0,0,0,0,0,0,0,0,0,0,0,0,0,0,0,0,0,0,0,0,0,0,0,0,0,0,0,0,0,0,0,0,0,0,0,0,0,0,0,0,0,0,0,0,0,0,0,0,0,0,0,0,0,0,0,0,0,0,0,0,0,0,0,0,0,0,0,0,0,0,0,0,0,0,0,0,0,0,0,0,0,0,0,0,0,0,0,0,0,0,0,0,0,0,0,0,0,0,0,0,0,0,0,0,0,0,0,0,0,0,0,0,0,0,0,0,0,0,0,0,0,0,0,0,0,0,0,0,0,0,0,0,0,0,0,0,0,0,0,0,0
"LKA",0,0,0,0,0,0,90390000,0,0,53820000,0,74670000,0,0,0,0,0,0,0,0,0,0,0,0,0,0,0,0,0,0,0,0,2609520000,0,0,0,0,0,4140000,0,0,0,0,0,0,0,0,0,0,0,0,0,0,4140000,0,0,0,0,0,8280000,0,0,0,0,0,0,0,0,43230000,0,0,428370000,0,0,0,11708770000,0,0,0,0,0,16560000,0,0,0,3930000,0,0,0,74670000,0,0,0,0,0,0,0,0,0,0,0,0,0,0,280620000,0,0,0,0,0,7860000,0,0,0,0,0,2654250000,0,0,0,0,0,0,0,0,0,0,0,0,3930000,0,0,0,0,0,0,0,0,195300000,0,0,0,0,0,0,0,0,4140000,0,0,0,0,0,0,0,0,0,0,0,0,0,0,0,0,0,0,0,0,0,0,0,0,0,1565670000,0,0,7.11e+08,0,456300000,0,0,0,0,0,86460000,0,0,0,0,0,0,0,0,0,0
"TCD",0,0,0,0,0,0,0,0,0,0,0,0,0,0,0,0,0,0,0,0,0,0,0,0,0,0,0,0,0,0,0,0,0,0,0,0,0,0,0,0,0,0,0,0,0,0,0,0,0,0,0,0,0,0,0,0,0,0,0,0,0,0,0,0,0,0,0,0,0,0,0,0,0,0,0,0,0,0,0,0,0,0,0,0,0,0,0,0,0,0,0,0,0,0,0,0,0,0,0,0,0,0,0,0,0,0,0,0,0,0,0,0,0,0,0,0,0,0,0,0,0,0,0,0,0,0,0,0,0,0,0,0,0,0,0,0,0,0,0,0,0,0,0,0,0,0,0,0,0,0,0,0,0,0,0,0,0,0,0,0,0,0,0,0,0,0,0,0,0,0,0,0,0,0,0,0,0,0,0,0,0,0,0,0,0,0,0,0,0,0,0,0,0,0,0
"CHL",0,0,0,0,0,2495950000,0,0,0,0,0,0,0,0,15232680000,0,381210000,0,0,0,0,0,0,0,19650000,3930000,0,0,0,0,0,11790000,1654530000,0,78600000,0,2299050000,326190000,0,0,51090000,0,0,381210000,0,8756040000,0,271170000,0,0,0,0,0,0,0,0,133620000,0,0,0,0,0,0,0,0,0,200430000,0,0,3930000,286890000,0,0,0,0,0,0,0,0,0,0,0,0,0,23580000,0,0,0,0,0,0,0,0,0,0,0,0,0,0,0,0,27510000,0,0,0,0,0,0,0,7679220000,0,0,110040000,0,0,0,0,0,0,0,0,0,432300000,0,149340000,0,0,1575930000,0,0,3816030000,5846700000,0,0,0,0,0,0,0,0,0,0,0,0,0,0,0,0,0,0,43230000,0,0,0,0,0,0,0,0,0,0,3930000,0,0,0,0,0,43230000,0,19650000,0,0,0,0,0,0,0,0,133620000,0,2181150000,0,2730030000,0,0,0,121830000,0,0,0,0,0,0,0,0
"CHN",220080000,0,143550000,702090000,0,1278900000,30995310000,0,0,251520000,14220000,1203020000,0,0,1350360000,0,10308100000,0,0,0,31440000,3379950000,11790000,0,108570000,5190390000,0,0,208290000,0,8421730000,0,10750980000,0,27510000,0,1557720000,8536710000,131890000,0,3446610000,62880000,0,60030000,104640000,738840000,13010840000,1490310000,0,23580000,0,326250000,102180000,7986780000,0,5220000,202740000,0,0,93067650000,0,4240470000,0,1169280000,0,0,1058790000,561990000,0,0,39300000,66631800000,1970550000,2988360000,35370000,2316180000,9235350000,794130000,165060000,227940000,1737570000,0,200430000,3023400000,7110000,27511500000,1342590000,250560000,412650000,0,2680080000,21820070000,954990000,1698750000,0,161130000,0,129690000,161130000,2.82e+08,78600000,589500000,0,19136370000,0,0,0,82530000,66810000,6188970000,1886400000,73080000,30060000,7860000,0,172920000,111698730000,0,0,0,0,4824990000,43230000,82530000,4464480000,43230000,4140240000,896040000,5220000,227940000,35370000,4135650000,57919440000,71100000,0,0,0,0,3.93e+08,0,127890000,0,5441430000,0,0,0,0,5499690000,1228710000,0,1489470000,354960000,0,12915180000,51090000,4554720000,4566840000,0,0,0,0,3930000,439290000,0,12000780000,79860000,29151810000,1442310000,0,7860000,153270000,143550000,1091580000,5445600000,55020000,0,59083560000,1341670000,14719500000,0,482380000,386280000,813510000,3277620000,93960000,3609630000,137550000,55020000,895560000,0,41760000,815670000,337980000,0,70740000
"COL",0,0,0,0,82530000,6983600000,19650000,0,0,0,129690000,0,0,0,43230000,0,33040000,0,51090000,0,0,0,0,0,7860000,1523850000,0,0,0,0,1601010000,156600000,0,0,0,0,3743550000,227940000,0,0,0,0,133620000,1709550000,0,22364010000,0,444090000,0,8.28e+08,0,15720000,0,2310570000,0,0,0,0,0,1803550000,0,0,0,0,0,35370000,188640000,0,78600000,0,275100000,0,78600000,0,0,930180000,0,511920000,0,0,188640000,4126110000,0,0,361560000,1106730000,0,0,286890000,0,0,679690000,0,0,0,47160000,0,291610000,0,0,0,7860000,0,6325920000,0,0,47160000,0,3930000,16623550000,0,0,605220000,0,0,0,7811100000,0,0,0,0,35370000,0,0,39300000,0,0,4472100000,0,0,0,5606410000,0,35370000,3930000,0,0,0,0,1682040000,0,0,3100970000,23580000,102180000,23580000,0,23580000,0,0,0,0,0,0,0,13947570000,11154570000,180780000,0,0,39300000,49260000,188800000,0,0,1509120000,0,0,0,4073790000,0,0,4976280000,426990000,691680000,0,6863600000,0,24022990000,0,142900000,0,30756610000,0,0,0,0,172920000,1155300000,0,0,0,0,0,0
"COM",0,0,0,0,0,0,0,0,0,0,0,0,0,0,0,0,0,0,0,0,0,0,0,0,0,0,0,0,0,0,0,0,0,0,0,0,0,0,0,0,0,0,0,0,0,0,0,0,0,0,0,0,0,0,0,0,0,0,0,0,0,0,0,0,0,0,0,0,0,0,0,0,0,0,0,0,0,0,0,0,0,0,0,0,0,0,0,0,0,0,0,0,0,0,0,0,0,0,0,0,0,0,0,0,0,0,0,0,0,0,0,0,0,0,0,0,0,0,0,0,0,0,0,0,0,0,0,0,0,0,0,0,0,0,0,0,0,0,0,0,0,0,0,0,0,0,0,0,0,0,0,0,0,0,0,0,0,0,0,0,0,0,0,0,0,0,0,0,0,0,0,0,0,0,0,0,0,0,0,0,0,0,0,0,0,0,0,0,0,0,0,0,0,0,0
"COG",0,0,0,0,0,0,0,0,0,0,0,0,0,0,0,0,0,0,0,0,0,0,0,0,3930000,0,0,0,0,0,0,3930000,0,0,0,0,0,0,0,0,0,0,0,0,0,0,0,0,0,0,0,0,0,19650000,0,0,0,0,0,3930000,0,0,0,0,0,0,0,0,0,0,0,0,0,0,0,0,0,0,0,0,0,6400440000,0,0,0,0,0,0,0,0,0,0,0,0,0,0,0,0,0,0,0,0,0,0,0,0,0,0,0,0,0,0,0,0,0,0,918450000,0,0,0,0,0,0,0,0,0,0,0,0,0,0,0,0,0,0,0,0,0,0,0,0,0,0,0,0,0,0,0,0,0,0,0,0,0,0,0,39300000,0,0,0,0,31440000,0,0,0,0,0,0,0,0,0,0,0,0,0,0,0,0,7860000,0,0,0,0,0,0,0,0,0,107430000,0,0,0,0,0,0
"COK",0,0,0,0,0,0,0,0,0,0,0,0,0,0,0,0,0,0,0,0,0,0,0,0,0,0,0,0,0,0,0,0,0,0,0,0,0,0,0,0,0,0,0,0,0,0,0,0,0,0,0,0,0,0,0,0,0,0,0,0,0,0,0,0,0,0,0,0,0,0,0,0,0,0,0,0,0,0,0,0,0,0,0,0,0,0,0,0,0,0,0,0,0,0,0,0,0,0,0,0,0,0,0,0,0,0,0,0,0,0,0,0,0,0,0,0,0,0,0,0,0,0,0,0,0,0,0,0,0,0,0,0,0,0,0,0,0,0,0,0,0,0,0,0,0,0,0,0,0,0,0,0,0,0,0,0,0,0,0,0,0,0,0,0,0,0,0,0,0,0,0,0,0,0,0,0,0,0,0,0,0,0,0,0,0,0,0,0,0,0,0,0,0,0,0
"CRI",0,0,0,0,23580000,0,0,0,0,0,0,0,0,0,0,0,0,0,0,0,0,0,0,0,0,0,0,0,0,0,133620000,0,49590000,0,0,0,0,216150000,0,0,0,0,0,55020000,0,0,0,1288230000,0,0,0,0,0,0,0,0,0,0,0,554760000,0,0,0,0,0,0,2555040000,0,55020000,35370000,1194720000,0,0,0,0,0,0,0,0,0,11470000,39150000,0,0,0,173880000,0,0,0,0,0,11790000,0,3930000,0,0,0,0,0,0,0,0,0,0,0,0,0,0,0,6001110000,0,0,0,0,0,0,120060000,0,3930000,0,0,0,3716850000,0,0,0,0,3283290000,0,0,0,86460000,0,0,0,0,0,0,0,0,0,0,28800000,0,0,0,0,0,0,0,0,0,0,0,0,0,0,0,0,0,0,20700000,0,0,0,0,0,0,0,3930000,0,0,0,0,0,0,9440000,0,1970040000,0,0,0,11790000,0,0,0,0,0,314980000,0,0,0,0,0,0
"CUB",0,0,0,0,0,0,0,0,0,0,0,0,0,0,0,0,0,0,0,0,0,0,0,0,0,0,0,0,0,0,0,0,0,0,0,0,0,0,0,0,0,0,0,0,0,0,0,0,0,0,0,0,0,0,0,0,0,0,0,0,0,0,0,0,0,0,0,0,0,0,0,0,0,0,0,0,0,0,0,0,0,0,0,0,0,0,0,0,0,0,0,0,0,0,0,0,0,0,0,0,0,0,0,0,0,0,0,0,0,0,0,0,0,0,0,0,0,0,0,0,0,0,0,0,0,0,0,0,0,0,0,0,0,0,0,0,0,0,0,0,0,0,0,0,0,0,0,0,0,0,0,0,0,0,0,0,0,0,0,0,0,0,0,0,0,0,0,0,0,0,0,0,0,0,0,0,0,0,0,0,0,0,0,0,0,0,0,0,0,0,0,0,0,0,0
"CYP",0,0,0,0,0,0,0,0,0,0,0,0,0,0,0,0,0,0,0,0,0,0,0,0,0,0,0,0,0,0,0,0,0,0,0,0,0,0,0,0,0,0,0,0,0,0,0,0,0,0,0,0,0,0,0,0,0,0,0,0,0,0,0,89070000,0,0,0,0,0,0,0,0,0,0,0,0,0,0,0,0,0,0,0,0,0,0,3930000,0,0,0,0,0,0,0,0,0,0,0,0,0,0,0,0,0,0,0,0,0,0,0,0,0,0,0,0,0,0,0,0,0,0,0,0,0,0,0,0,0,0,0,0,0,0,0,0,0,0,0,0,3930000,0,0,0,0,0,0,0,0,0,0,0,0,0,0,0,0,0,0,0,0,0,0,0,0,0,0,0,0,0,0,0,0,0,0,0,0,7860000,0,0,0,0,0,0,0,0,0,0,0,0,0,0,0,0,0,0
"AZE",0,0,0,0,0,0,0,0,0,0,0,0,0,0,0,0,0,0,0,0,0,188640000,0,0,0,0,0,0,0,0,0,0,0,0,0,0,0,0,0,0,0,0,0,0,365490000,0,66810000,0,0,0,0,0,0,0,0,0,4959660000,0,0,0,0,0,0,0,0,0,0,0,0,0,0,0,0,0,0,0,0,0,2896410000,0,212220000,0,0,149340000,0,0,0,1171140000,0,0,0,0,0,0,0,0,0,0,0,212220000,0,0,0,0,0,0,0,0,0,0,1619160000,0,0,0,0,0,0,0,0,0,0,0,0,0,0,0,0,0,0,0,0,0,0,0,0,0,0,0,0,0,0,0,13248030000,0,0,0,0,0,0,0,0,0,0,0,0,0,0,0,5655270000,0,0,0,0,2306910000,0,0,0,0,0,0,0,0,0,0,0,0,0,1725270000,0,0,0,2943570000,0,0,0,259380000,0,0,0,0,0,0,0,0,0
"BEN",0,0,0,0,0,0,0,0,0,0,0,0,0,0,0,0,0,0,0,0,0,0,0,0,0,0,0,0,0,0,0,0,0,0,0,0,0,0,0,0,0,0,0,0,0,0,0,0,0,0,0,0,0,3930000,0,0,0,0,0,0,0,0,0,0,0,0,0,0,0,0,0,0,0,0,0,0,0,0,0,0,0,0,0,0,0,0,0,0,0,0,0,0,0,0,0,0,0,0,0,0,0,0,0,0,0,0,0,0,0,0,0,0,0,0,0,0,7860000,0,0,0,0,0,0,0,0,0,0,0,0,0,0,0,0,0,0,0,0,0,0,0,0,0,0,0,0,0,0,0,0,0,0,0,0,0,0,0,0,0,0,0,0,7110000,0,0,0,0,0,0,0,0,0,0,0,0,0,0,0,0,0,0,0,0,0,0,0,0,0,0,0,0,0,0,0,0,0
"DNK",7860000,3930000,0,0,0,0,762420000,958920000,0,106110000,0,51090000,0,0,0,0,7860000,0,0,0,0,15720000,0,0,0,176850000,0,0,7860000,0,0,526620000,3930000,0,0,0,0,0,911760000,3930000,0,0,0,0,15720000,0,27510000,0,0,1430520000,2326470000,0,4140900000,2346210000,0,0,0,0,0,69277620000,0,0,0,275100000,0,0,7860000,0,0,0,0,503040000,121830000,0,3107670000,0,0,0,0,297360000,679890000,1898160000,15720000,0,0,208290000,483390000,0,6540000,0,0,157200000,14220000,66810000,0,70740000,0,0,0,620940000,0,0,0,0,0,0,341910000,0,0,0,0,23580000,0,3930000,0,0,10603140000,0,0,0,0,35370000,0,0,11790000,12010080000,0,0,1383660000,0,7860000,0,0,1400370000,565920000,0,0,0,141480000,5220000,19650000,0,286890000,0,0,0,0,44490000,0,0,0,310470000,192570000,6291930000,0,39300000,2505990000,0,0,0,42824050000,888970000,0,0,7860000,43230000,0,24870000,0,0,39300000,0,231870000,455880000,0,0,4173660000,0,3454470000,0,0,0,0,0,0,13050000,0,0,3030030000,102180000,55020000,0,0,0,0
"DMA",0,0,0,0,0,0,0,0,0,0,0,0,0,0,0,0,0,0,0,0,0,0,0,0,0,0,0,0,0,0,0,0,0,0,0,0,0,0,0,0,0,0,0,0,0,0,0,0,0,0,0,0,0,0,0,0,0,0,0,0,0,0,0,0,0,0,0,0,0,0,0,0,0,0,0,0,0,0,0,0,0,0,0,0,0,0,0,0,0,0,0,0,0,0,0,0,0,0,0,0,0,0,0,0,0,0,0,0,0,0,0,0,0,0,0,0,0,0,0,0,0,0,0,0,0,0,0,0,0,0,0,0,0,0,0,0,0,0,0,0,0,0,0,0,0,0,0,0,0,0,0,0,0,0,0,0,0,0,0,0,0,0,0,0,0,0,0,0,0,0,0,0,0,0,0,0,0,0,0,0,0,0,0,0,0,0,0,0,0,0,0,0,0,0,0
"DOM",0,0,0,0,0,0,0,0,0,0,0,0,0,0,0,0,0,0,0,0,0,0,0,0,0,0,0,0,0,0,0,0,0,0,0,0,0,0,0,0,0,0,0,0,0,0,0,0,0,0,0,0,0,0,0,0,0,0,0,0,0,0,0,0,0,0,0,0,0,0,0,0,0,0,0,0,0,0,0,0,0,0,0,0,0,0,0,0,0,0,0,0,0,0,0,0,0,0,0,0,0,0,0,0,0,0,0,0,0,0,0,0,0,0,0,0,0,0,0,0,0,0,0,0,0,0,0,0,0,0,0,0,0,0,0,0,0,0,0,0,0,0,0,0,0,0,0,0,0,0,0,0,0,0,0,0,0,0,0,0,0,0,0,0,0,0,0,0,0,0,0,0,0,0,0,0,0,0,0,0,0,0,0,0,0,0,0,0,0,0,0,0,0,0,0
"BLR",81210000,0,0,0,0,0,0,0,0,0,0,0,0,0,0,0,0,0,0,0,0,7860000,0,0,0,19650000,0,0,0,0,0,0,0,0,0,0,0,0,0,3468870000,0,0,0,0,0,0,0,0,0,204360000,0,0,0,0,0,0,170250000,3930000,0,432300000,0,0,0,0,0,0,0,0,0,0,0,0,0,0,0,0,0,0,0,0,77280000,0,0,1382010000,0,0,0,90390000,0,0,0,0,0,153090000,0,0,0,0,0,817440000,0,0,0,0,0,0,0,0,0,0,377280000,0,0,294750000,0,0,0,0,0,0,0,0,0,0,0,0,0,0,3930000,0,0,0,0,0,0,0,0,0,0,0,0,0,84802110000,0,0,0,0,0,0,0,0,0,0,0,0,0,0,0,47160000,0,0,0,0,1451400000,0,0,0,0,0,0,0,0,0,0,0,0,3930000,2444670000,1370250000,0,0,70740000,0,7860000,0,0,0,0,0,0,0,0,0,0,0
"ECU",0,0,0,4.554e+09,0,14990720000,5979870000,0,0,0,4140000,0,0,0,3032100000,0,7023240000,0,0,0,0,478800000,0,0,0,43659220000,0,0,0,0,33222430000,39747360000,25219590000,0,0,0,604440000,921480000,0,0,0,0,0,1136430000,0,0,0,0,0,11470000,0,0,0,11873530000,0,0,0,0,0,141197390000,0,0,0,0,0,0,2122420000,0,0,7860000,161130000,0,0,0,0,0,27034200000,0,0,0,0,3.5057e+10,0,0,0,35496910000,0,0,77700000,0,0,2902140000,0,0,0,95220000,0,0,493110000,0,0,0,0,148236840000,0,0,0,0,0,156482010000,0,0,0,0,0,0,177630780000,0,0,0,0,31050000,256560000,0,0,0,0,32640000,66850000,0,39300000,29977590000,2.07e+08,0,0,0,0,0,0,0,0,0,190440000,0,0,0,0,26200000,0,0,0,0,0,1047840000,0,93840000,37116480000,0,0,0,11790000,1403460000,0,0,10470000,0,0,0,0,0,0,11830000,1.422e+09,3930000,0,0,6781260000,207850000,510902030000,0,207690000,103500000,2232840000,0,0,0,0,0,55731730000,0,0,0,0,0,0
"EGY",0,0,0,0,0,0,0,0,0,1045380000,0,0,0,0,0,0,0,0,0,0,0,0,0,0,0,0,0,0,0,0,0,0,0,0,0,0,0,0,0,0,0,0,0,0,0,0,0,0,0,0,0,0,0,0,0,0,0,0,0,0,0,0,0,0,0,0,0,0,0,0,0,0,0,0,0,644520000,0,0,876390000,0,2295120000,0,0,0,0,0,5081490000,0,1521490000,0,0,0,3012930000,0,0,4173660000,0,0,1493400000,0,0,0,0,0,0,0,0,0,0,0,0,1560210000,86460000,0,0,0,62880000,0,0,0,0,0,0,0,0,0,0,0,0,0,0,0,0,0,0,0,0,0,970710000,43230000,0,0,0,0,0,0,0,30403470000,11790000,0,0,0,0,0,0,1909980000,0,0,0,0,0,0,227940000,0,0,0,0,0,0,0,856740000,106110000,31320000,8964330000,467670000,0,0,0,43230000,0,0,0,0,0,0,2754930000,0,0,0,0,0,0,1843170000,0,514830000
"SLV",0,0,0,0,0,0,0,0,0,0,0,0,0,0,0,0,0,0,15720000,0,0,0,0,0,0,0,0,0,0,0,0,0,110040000,0,0,0,1159350000,0,0,0,0,0,0,281640000,0,0,0,0,0,0,0,0,0,0,0,0,0,0,0,0,0,0,0,0,0,0,5487510000,0,0,0,6542130000,0,0,0,0,0,0,0,0,0,0,0,0,0,0,0,0,0,0,0,0,0,0,0,0,0,0,0,0,0,0,0,0,0,0,0,0,0,0,518760000,0,0,0,0,0,0,0,0,0,0,0,0,3973140000,0,0,0,0,179460000,0,0,0,0,0,0,0,0,0,0,0,0,0,0,0,0,0,0,0,0,0,0,0,0,0,0,0,0,0,0,0,0,0,0,0,0,0,0,0,0,0,0,0,0,0,0,0,0,0,0,3493620000,0,0,0,58950000,0,0,0,0,0,0,0,0,0,0,0,0
"GNQ",0,0,0,0,0,0,0,0,0,0,0,0,0,0,0,0,0,0,0,0,0,0,0,0,0,0,0,0,0,0,0,0,0,0,0,0,0,0,0,0,0,0,0,0,0,0,0,0,0,0,0,0,0,0,0,0,0,0,0,0,0,0,0,0,0,0,0,0,0,0,0,0,0,0,0,0,0,0,0,0,0,0,0,0,0,0,0,0,0,0,0,0,0,0,0,0,0,0,0,0,0,0,0,0,0,0,0,0,0,0,0,0,0,0,0,0,0,0,0,0,0,0,0,0,0,0,0,0,0,0,0,0,0,0,0,0,0,0,0,0,0,0,0,0,0,0,0,0,0,0,0,0,0,0,0,0,0,0,0,0,0,0,0,0,0,0,0,0,0,0,0,0,0,0,0,0,0,0,0,0,0,0,0,0,0,0,0,0,0,0,0,0,0,0,0
"EST",0,0,0,0,0,0,0,0,0,0,0,0,0,0,0,0,0,0,0,0,0,0,0,0,0,0,0,0,0,0,0,0,0,0,0,0,0,0,0,0,0,0,0,0,552360000,0,0,0,0,0,0,0,8520240000,0,0,0,7860000,0,0,51090000,0,0,0,0,0,0,0,0,0,0,0,0,0,0,0,0,0,0,0,0,0,0,0,716220000,0,0,0,0,0,0,0,0,0,18017130000,0,0,0,0,0,2555070000,0,0,0,0,0,0,0,0,0,0,0,0,0,55020000,0,0,0,0,0,0,0,0,0,0,0,3930000,0,0,0,0,0,0,0,0,0,0,0,0,0,0,0,0,13684920000,0,0,0,0,0,0,0,0,0,0,0,0,0,0,0,0,0,593430000,0,0,0,0,0,0,0,0,0,0,0,0,0,0,0,0,0,0,0,0,229020000,0,0,0,0,0,0,0,0,0,0,0,0,0
"FRO",0,0,0,0,0,0,0,0,0,0,0,0,0,0,0,0,0,0,0,0,0,0,0,0,0,0,0,0,0,0,0,0,0,0,0,0,0,0,0,0,0,0,0,0,0,0,0,0,0,0,0,0,0,0,0,0,0,0,0,0,0,0,0,0,0,0,0,0,0,0,0,0,0,0,0,0,0,0,0,0,0,0,0,0,0,0,0,0,0,0,0,0,0,0,0,0,0,0,0,0,0,0,0,0,0,0,0,0,0,0,0,0,0,0,0,0,0,0,0,0,0,0,0,0,0,0,0,0,0,0,0,0,0,0,0,0,0,0,0,0,0,0,0,0,0,0,0,0,0,0,0,0,0,0,0,0,0,0,0,0,0,0,0,0,0,0,0,0,0,0,0,0,0,0,0,0,0,0,0,0,0,0,0,0,0,0,0,0,0,0,0,0,0,0,0
"FJI",0,0,0,0,0,0,20070000,0,0,0,0,0,0,0,0,0,0,0,0,15720000,0,0,0,0,0,3930000,0,0,0,0,0,0,0,0,0,62880000,0,0,0,0,0,0,0,0,0,0,0,0,0,0,0,0,0,0,0,0,0,0,0,0,0,0,69420000,0,0,0,0,0,0,0,0,0,0,0,0,0,0,0,0,0,0,0,0,0,0,0,0,0,0,0,0,0,0,0,0,0,0,0,0,0,0,0,0,0,0,0,0,0,0,0,0,0,0,0,0,0,0,0,0,0,48450000,157410000,0,0,0,0,0,0,0,0,0,0,0,0,0,0,0,0,0,0,0,0,0,0,0,0,0,0,0,0,0,0,0,0,0,0,0,0,0,0,0,0,0,0,0,0,0,0,2610000,0,0,0,0,0,0,53700000,0,0,56520000,0,0,0,0,0,0,0,0,0,0,0,0,0,0,0,0
"FIN",7860000,0,0,0,0,7860000,39300000,86460000,0,74670000,0,0,0,0,0,0,7860000,0,0,0,0,0,0,0,0,74670000,0,0,0,0,0,19650000,0,0,0,0,0,0,0,377280000,0,3945720000,0,0,7860000,0,7860000,0,0,12262740000,66810000,0,0,23580000,0,0,0,0,0,4999860000,0,0,0,39300000,0,0,0,0,0,0,0,0,0,0,208290000,7860000,628800000,0,0,0,121830000,220080000,0,58950000,0,7486650000,0,0,7860000,0,0,2483760000,0,690360000,0,11790000,0,0,0,1237920000,0,0,0,0,0,0,3930000,0,0,0,0,0,0,0,0,0,129690000,0,0,0,0,3930000,0,0,0,2782440000,0,0,1403010000,0,0,0,0,2699910000,3930000,0,0,0,290820000,0,15720000,0,9361050000,0,0,0,0,0,0,0,0,0,15720000,322260000,0,11790000,247590000,0,0,0,50889570000,0,0,0,0,0,0,0,0,0,0,0,0,463740000,0,0,463740000,110040000,216150000,0,0,0,0,0,0,0,0,0,62880000,0,0,0,0,0,0
"FRA",137550000,15720000,35370000,17962110000,0,62880000,26630250000,41866170000,0,305190000,0,0,0,0,0,0,2370690000,0,0,0,0,13624150000,0,0,965460000,40274930000,0,0,23580000,161130000,837270000,13269550000,640590000,133620000,801720000,0,0,11790000,651030000,74670000,613080000,14514890000,0,94320000,416580000,80240000,2251050000,0,244950000,1445910000,0,20880000,24749350000,0,4245930000,823980000,216910000,2902950000,11790000,838161290000,150600000,318570000,0,39368480000,0,0,15720000,161130000,0,32730000,0,5378120000,6110200000,18119630000,5343750000,222420000,4248600000,3240750000,13080000,6185520000,5933110000,292534180000,5741730000,143970000,0,48411530000,304830000,0,0,94320000,0,25350720000,2009310000,235050000,3930000,2690340000,0,11790000,5244900000,5524520000,11790000,2008800000,3930000,1985250000,11790000,208290000,594540000,182070000,2277840000,2110830000,192570000,5.866e+09,0,91590000,0,47160000,427849340000,0,3677590000,0,239730000,814170000,0,397140000,7860000,28832880000,145410000,51090000,17485800000,0,34020000,45810000,2372850000,116339390000,47021610000,0,0,0,713160000,3930000,4851900000,7860000,34321790000,0,47160000,0,0,4315860000,2648790000,23580000,86460000,3243060000,16147860000,3094500000,0,4.83e+09,433882950000,0,3930000,0,57526220000,166911150000,257130000,3930000,9667320000,0,2625170000,290820000,0,806700000,298680000,3566370000,15112360000,6850210000,3930000,0,516314960000,9580830000,71742660000,290820000,192570000,0,60030000,212970000,35250000,35370000,15720000,3930000,735568180000,12023910000,6812120000,15720000,2610000,0,0
"PYF",0,0,0,0,0,0,0,0,0,0,0,0,0,0,0,0,0,0,0,0,0,0,0,0,0,0,0,0,0,0,0,0,0,0,0,0,0,0,0,0,0,0,0,0,0,0,0,0,0,0,0,0,0,15720000,0,0,0,0,0,0,0,0,0,0,0,0,0,0,0,0,0,0,0,0,0,0,0,0,0,0,0,0,0,0,0,0,0,0,0,0,0,0,0,0,0,0,0,0,0,0,0,0,0,0,0,0,0,0,0,0,0,0,0,0,0,0,0,0,0,0,0,0,0,0,0,0,0,0,0,0,0,0,0,0,0,0,0,0,0,0,0,0,0,0,0,0,0,0,0,0,0,0,0,0,0,0,0,0,0,0,0,0,0,0,0,0,0,0,0,0,0,0,0,0,0,0,0,0,0,0,0,0,0,0,0,0,0,0,0,0,0,0,0,0,0
"DJI",0,0,0,0,0,0,0,0,0,0,0,0,0,0,0,0,0,0,0,0,0,0,0,0,0,0,0,0,0,0,0,0,0,0,0,0,0,0,0,0,0,0,0,0,0,0,0,0,0,0,0,0,0,0,0,0,0,0,0,0,0,0,0,0,0,0,0,0,0,0,0,0,0,0,0,0,0,0,0,0,0,0,0,0,0,0,0,0,0,0,0,0,0,0,0,0,0,0,0,0,0,0,0,0,0,0,0,0,0,0,0,0,0,0,0,0,0,0,0,0,0,0,0,0,0,0,0,0,0,0,0,0,0,0,0,0,0,0,0,0,0,0,0,0,0,0,0,0,0,0,0,0,0,0,0,0,0,0,0,0,0,0,0,0,0,0,0,0,0,0,0,0,0,0,0,0,0,0,0,0,0,0,0,0,0,0,0,0,0,0,0,0,0,0,0
"GEO",14400000,0,0,0,0,0,0,0,0,0,0,0,0,0,0,0,0,0,0,0,0,0,0,0,0,0,0,0,0,0,0,0,0,0,0,0,0,0,0,589500000,0,0,0,0,0,0,0,0,0,0,0,0,0,0,0,0,0,0,0,11790000,0,0,0,0,0,0,0,0,0,0,0,0,0,0,0,0,0,0,0,0,0,0,0,0,0,0,0,0,0,0,0,0,0,0,0,0,0,0,0,0,0,0,0,0,0,0,0,0,0,0,0,0,0,0,0,0,0,0,0,0,0,0,0,0,0,0,0,0,3930000,0,0,0,0,0,0,0,0,0,0,0,0,0,0,0,0,0,0,0,0,0,0,0,0,0,0,0,0,0,0,0,0,0,0,0,0,0,0,0,0,0,0,0,23580000,0,0,0,0,0,0,0,0,0,0,0,0,0,0,0,0,0,0,0,0,0,0
"GAB",0,0,0,0,0,0,0,0,0,0,0,0,0,0,0,0,0,0,0,0,0,0,0,0,0,0,0,0,0,0,0,0,0,0,0,0,0,0,0,0,0,0,0,0,0,0,0,0,0,0,0,0,0,0,0,0,0,0,0,0,0,0,0,0,0,0,0,0,0,0,0,0,0,0,0,0,0,0,0,0,0,0,0,0,0,0,0,0,0,0,0,0,0,0,0,0,0,0,0,0,0,0,0,0,0,0,0,0,0,0,0,0,0,0,0,0,0,0,0,0,0,0,0,0,0,0,0,0,0,0,0,0,0,0,0,0,0,0,0,0,0,0,0,0,0,0,0,0,0,0,0,0,0,0,0,0,0,0,0,0,0,0,0,0,0,0,0,0,0,0,0,0,0,0,0,0,0,0,0,0,0,0,0,0,0,0,0,0,0,0,0,0,0,0,0
"GMB",0,0,0,0,0,0,0,0,0,0,0,0,0,0,0,0,0,0,0,0,0,0,0,0,0,0,0,0,0,0,0,0,0,0,0,0,0,0,0,0,0,0,0,0,0,0,0,0,0,0,0,0,0,0,0,0,0,0,0,0,0,0,0,0,0,0,0,94250000,0,0,0,0,0,0,0,0,0,0,0,0,0,0,0,0,0,0,0,0,0,0,0,0,0,0,0,0,0,0,0,0,0,0,0,0,0,23580000,0,0,0,0,0,0,0,0,0,0,0,0,0,0,0,0,0,0,0,0,0,0,0,0,0,0,0,0,0,11790000,0,0,0,0,0,0,0,0,0,0,0,0,0,0,0,0,0,0,0,0,0,0,0,0,0,0,0,0,0,0,0,0,0,0,0,0,0,0,0,0,0,0,0,0,0,0,0,0,0,0,0,0,0,0,0,0,0,0,0
"DEU",1807590000,424440000,2767920000,18349860000,0,2035740000,65786460000,501595060000,0,603840000,3930000,0,0,0,66810000,0,23421630000,0,0,0,212220000,44651500000,3930000,0,0,58329070000,3930000,0,70740000,0,9615240000,33890430000,589470000,0,0,0,290820000,3930000,6268350000,3812100000,0,182656300000,0,636660000,10092590000,385140000,7228450000,98250000,0,7775130000,47160000,7860000,80915870000,1102351130000,243660000,0,3359970000,0,7860000,0,7744640000,27510000,0,70654390000,0,0,577710000,0,0,3930000,7860000,21182520000,142508380000,63458210000,2146740000,2530770000,4452690000,11086650000,1869300000,42542050000,25820700000,540997380000,15720000,12829680000,0,14511720000,1263300000,1414800000,267240000,3930000,212220000,14873700000,5797590000,12410640000,94320000,5533710000,0,765030000,4081890000,54760120000,0,0,0,19239480000,419190000,31440000,2232240000,0,707400000,9523500000,10532400000,2912550000,0,738840000,3.93e+08,149340000,605141190000,0,0,3795510000,0,3943200000,0,0,275100000,52217490000,589500000,377280000,194734560000,0,385140000,503040000,4689600000,639697910000,62737350000,0,0,0,1147470000,47160000,133156610000,0,273369490000,0,0,0,0,20593360000,60210000,82530000,3930000,40564710000,65707800000,7670850000,0,10486500000,313202600000,432300000,234420000,0,142193290000,165400410000,2073340000,487320000,5513010000,7860000,3320850000,35370000,0,168990000,615630000,1743840000,49446090000,10877480000,31440000,0,723196150000,65927510000,220587610000,0,1425600000,974300000,168990000,2175750000,147990000,987480000,11790000,0,501513720000,18132250000,16723330000,1481610000,45810000,0,320940000
"BIH",0,0,3930000,0,0,0,62880000,538410000,0,0,0,0,0,0,0,0,0,0,0,0,0,3930000,0,0,0,3930000,0,0,0,0,0,0,0,0,0,0,0,0,0,0,0,0,0,0,0,0,0,0,0,0,0,0,0,0,0,0,0,0,0,226350000,0,0,0,0,0,0,0,0,0,0,0,0,0,4910970000,0,0,0,0,0,0,0,0,0,0,0,0,0,0,0,0,0,0,0,0,0,0,0,0,0,0,0,0,0,0,0,0,0,0,0,0,0,0,0,0,0,0,29160000,0,0,3485910000,0,0,0,0,0,0,0,0,0,0,0,0,0,0,0,0,0,0,0,0,0,0,0,0,0,0,0,161130000,0,0,0,275100000,0,0,0,0,0,55020000,0,0,3930000,94320000,0,0,0,0,0,0,0,0,0,0,0,3930000,0,0,0,0,3930000,0,0,0,0,0,0,0,0,0,0,0,15393330000,4368720000,0,0,0
"GHA",0,0,0,1450440000,0,0,0,1450440000,0,0,0,0,0,0,0,0,7.038e+10,0,0,0,1308690000,0,0,0,3930000,11610900000,0,0,4036500000,0,0,134195040000,0,0,0,0,0,0,0,0,522690000,0,0,0,0,208800000,2069010000,0,3930000,187382880000,0,0,0,270094500000,0,0,0,0,23580000,334515030000,0,0,0,0,0,0,0,0,0,0,0,0,28440000,0,0,75122010000,28110600000,17027820000,0,1.863e+10,2434320000,109978770000,833160000,0,14220000,2.03235e+11,0,0,0,0,881640000,27076380000,0,1.035e+09,0,0,0,188640000,0,0,0,0,0,481860630000,0,141480000,4.14e+08,0,0,0,0,0,0,0,0,0,1273567170000,0,0,0,0,5339430000,0,184710000,9388980000,0,0,0,0,0,0,0,0,0,0,0,0,0,0,0,0,0,4457970000,0,0,0,0,14220000,0,0,231120000,0,0,19818990000,0,0,237476650000,0,0,0,0,2.07e+09,0,0,0,0,41360400000,255450000,0,0,0,19393200000,2.52954e+11,0,0,0,312405130000,1.9665e+10,397845390000,129690000,0,0,0,0,0,0,0,0,304518420000,0,0,0,0,0,0
"KIR",0,0,0,0,0,0,0,0,0,0,0,0,0,0,0,0,0,0,0,0,0,0,0,0,0,0,0,0,0,0,0,0,0,0,0,0,0,0,0,0,0,0,0,0,0,0,0,0,0,0,0,0,0,0,0,0,0,0,0,0,0,0,0,0,0,0,0,0,0,0,0,0,0,0,0,0,0,0,0,0,0,0,0,0,0,0,0,0,0,0,0,0,0,0,0,0,0,0,0,0,0,0,0,0,0,0,0,0,0,0,0,0,0,0,0,0,0,0,0,0,0,0,0,0,0,0,0,0,0,0,0,0,0,0,0,0,0,0,0,0,0,0,0,0,0,0,0,0,0,0,0,0,0,0,0,0,0,0,0,0,0,0,0,0,0,0,0,0,0,0,0,0,0,0,0,0,0,0,0,0,0,0,0,0,0,0,0,0,0,0,0,0,0,0,0
"GRC",0,0,4180350000,337980000,0,0,128370000,35370000,0,31440000,0,78600000,0,0,0,0,0,0,0,0,0,8478750000,0,0,0,271170000,0,0,0,0,0,78600000,0,0,0,0,0,0,9201220000,0,0,176850000,0,0,0,0,3254040000,0,0,0,0,0,106110000,927520000,0,0,7860000,0,58950000,349770000,0,31440000,0,0,0,0,0,62880000,62880000,0,0,0,345840000,0,0,5220000,0,0,47160000,39300000,699540000,2267610000,275100000,0,0,1061100000,31440000,0,0,0,0,852810000,117900000,27510000,0,4000740000,0,31440000,432300000,420510000,0,0,0,0,0,0,39300000,1674180000,43230000,0,0,35370000,0,3930000,0,0,2244030000,0,0,1874460000,0,31440000,0,0,0,0,70740000,47160000,243660000,0,0,0,0,506970000,267240000,0,0,0,239730000,0,4154640000,0,43230000,0,0,0,0,813510000,0,0,0,55020000,302610000,23580000,0,365490000,341910000,11790000,0,0,125760000,0,0,0,31440000,180780000,3930000,0,0,0,220080000,49590000,1066320000,1395150000,0,0,216150000,11790000,212220000,0,3930000,0,58950000,0,161130000,1560210000,110040000,7860000,1689900000,0,484650000,0,0,0,0
"GRL",0,0,0,0,0,0,0,0,0,0,0,0,0,0,0,0,0,0,0,0,0,0,0,0,0,0,0,0,0,0,0,0,0,0,0,0,0,0,0,0,0,0,0,0,0,0,0,0,0,0,0,0,0,0,0,0,0,0,0,0,0,0,0,0,0,0,0,0,0,0,0,0,0,0,0,0,0,0,0,0,0,0,0,0,0,0,0,0,0,0,0,0,0,0,0,0,0,0,0,0,0,0,0,0,0,0,0,0,0,0,0,0,0,0,0,0,0,0,0,0,0,0,0,0,0,0,0,0,0,0,0,0,0,0,0,0,0,0,0,0,0,0,0,0,0,0,0,0,0,0,0,0,0,0,0,0,0,0,0,0,0,0,0,0,0,0,0,0,0,0,0,0,0,0,0,0,0,0,0,0,0,0,0,0,0,0,0,0,0,0,0,0,0,0,0
"GRD",0,0,0,0,0,0,0,0,0,0,0,0,0,0,0,0,0,0,0,0,0,0,0,0,0,0,0,0,0,0,0,0,0,0,0,0,0,0,0,0,0,0,0,0,0,0,0,0,0,0,0,0,0,0,0,0,0,0,0,0,0,0,0,0,0,0,0,0,0,0,0,0,0,0,0,0,0,0,0,0,0,0,0,0,0,0,0,0,0,0,0,0,0,0,0,0,0,0,0,0,0,0,0,0,0,0,0,0,0,0,0,0,0,0,0,0,0,0,0,0,0,0,0,0,0,0,0,0,0,0,0,0,0,0,0,0,0,0,0,0,0,0,0,0,0,0,0,0,0,0,0,0,0,0,0,0,0,0,0,0,0,0,0,0,0,0,0,0,0,0,0,0,0,0,0,0,0,0,0,0,0,0,0,0,0,0,0,0,0,0,0,0,0,0,0
"GTM",0,0,0,0,0,0,0,0,0,0,0,0,0,0,0,0,0,0,479460000,0,0,0,0,0,0,0,0,0,0,0,0,0,43230000,0,0,0,2087880000,27510000,0,0,0,0,0,7757820000,0,243660000,0,12532330000,0,0,0,0,0,0,0,0,0,0,0,0,0,0,0,0,0,0,0,0,11790000,0,8524050000,0,0,0,0,0,0,0,0,0,0,0,0,0,0,0,0,0,0,0,0,0,0,0,0,0,0,0,0,0,0,0,0,0,0,0,0,0,0,231870000,0,0,0,0,0,0,0,0,0,0,0,0,2107680000,0,0,0,0,370710000,0,0,0,0,0,0,0,0,0,0,0,0,0,0,0,0,0,0,0,0,0,0,0,0,0,0,0,0,0,0,0,0,0,0,0,0,4140000,0,0,0,0,0,0,0,23580000,0,0,0,0,0,2781240000,0,0,0,0,0,0,0,0,0,0,0,0,0,0,0,0
"GIN",0,0,0,0,0,0,0,0,0,0,0,0,0,0,0,0,0,0,0,0,0,0,0,0,0,0,0,0,0,0,0,0,0,0,0,0,0,0,0,0,0,0,0,0,0,0,0,0,0,0,0,0,0,0,0,0,0,0,0,0,0,0,0,0,0,0,0,0,0,0,0,0,0,0,0,0,0,0,0,0,0,0,0,0,0,0,0,0,0,0,0,0,0,0,0,0,0,0,0,0,0,0,0,0,0,0,0,0,0,0,0,0,0,0,0,0,0,0,0,0,0,0,0,0,0,0,0,0,0,0,0,0,0,0,0,0,0,0,0,0,0,0,0,0,0,0,0,0,0,0,0,0,0,0,0,0,0,0,0,0,0,0,0,0,0,0,0,0,0,0,0,0,0,0,0,0,0,0,0,0,0,0,0,0,0,0,0,0,0,0,0,0,0,0,0
"GUY",0,0,0,0,0,0,0,0,0,0,0,0,0,0,0,0,0,0,0,0,0,0,0,0,0,0,0,0,0,0,0,0,0,0,0,0,0,0,0,0,0,0,0,0,0,0,0,0,0,0,0,0,0,0,0,0,0,0,0,0,0,0,0,0,0,0,0,0,0,0,0,0,0,0,0,0,0,0,0,0,0,0,0,0,0,0,0,0,0,0,0,0,0,0,0,0,0,0,0,0,0,0,0,0,0,0,0,0,0,0,0,0,0,0,0,0,0,0,0,0,0,0,0,0,0,0,0,0,0,0,0,0,0,0,0,0,0,0,0,0,0,0,0,0,0,0,0,0,0,0,0,0,0,0,0,0,0,0,0,0,0,0,0,0,0,0,0,0,0,0,0,0,0,0,0,0,0,0,0,0,0,0,0,0,0,0,0,0,0,0,0,0,0,0,0
"HTI",0,0,0,0,0,0,0,0,0,0,0,0,0,0,0,0,0,0,0,0,0,0,0,0,0,0,0,0,0,0,0,0,0,0,0,0,0,0,0,0,0,0,0,0,0,0,0,0,0,0,0,0,0,0,0,0,0,0,0,0,0,0,0,0,0,0,0,0,0,0,0,0,0,0,0,0,0,0,0,0,0,0,0,0,0,0,0,0,0,0,0,0,0,0,0,0,0,0,0,0,0,0,0,0,0,0,0,0,0,0,0,0,0,0,0,0,0,0,0,0,0,0,0,0,0,0,0,0,0,0,0,0,0,0,0,0,0,0,0,0,0,0,0,0,0,0,0,0,0,0,0,0,0,0,0,0,0,0,0,0,0,0,0,0,0,0,0,0,0,0,0,0,0,0,0,0,0,0,0,0,0,0,0,0,0,0,0,0,0,0,0,0,0,0,0
"HND",0,0,0,0,0,0,0,0,0,0,0,0,0,0,0,0,0,0,0,0,0,0,0,0,0,0,0,0,0,0,0,0,0,0,0,0,0,0,0,0,0,0,0,0,0,0,0,385020000,0,0,0,0,0,0,0,0,0,0,0,0,0,0,0,0,0,0,140760000,0,0,0,0,0,0,0,0,0,0,0,0,0,0,0,0,0,0,0,0,0,0,0,0,0,0,0,0,0,0,0,0,0,0,0,0,0,0,0,0,0,0,3930000,0,0,0,0,0,0,57960000,0,0,0,0,0,0,0,0,0,0,0,0,0,0,0,0,0,0,0,0,0,0,0,0,0,0,0,0,0,0,0,0,0,0,0,0,0,0,0,0,0,0,0,0,0,0,0,0,0,0,0,0,0,0,0,0,0,0,0,0,0,321330000,0,0,0,0,0,0,0,0,0,0,0,0,0,0,0,0
"HKG",0,0,0,0,0,0,6409830000,0,0,0,0,0,0,0,0,0,0,0,0,0,0,0,0,0,0,23580000,0,0,0,0,0,67950210000,0,0,0,0,0,0,0,0,0,0,0,0,0,0,0,0,0,0,0,0,86460000,52140000,0,0,0,0,0,161130000,0,0,0,0,0,0,0,0,0,0,0,0,0,0,0,23580000,62880000,0,0,0,0,0,0,0,0,3635250000,0,0,0,11790000,15720000,5266200000,0,0,0,0,0,0,0,0,14406840000,13050000,0,416580000,0,0,0,0,0,0,3930000,0,0,0,0,0,35370000,0,0,0,0,188640000,0,0,0,0,0,0,0,0,0,0,3407310000,0,0,0,0,0,0,0,0,0,0,0,0,0,0,0,0,0,0,0,0,2346210000,0,1241880000,0,0,0,0,0,39300000,0,0,7435530000,0,320790000,0,0,0,0,0,0,94320000,0,0,0,0,1359780000,0,0,0,0,1199850000,0,0,0,0,27510000,0,0,0,0,0,0
"HUN",3930000,0,475530000,137550000,0,0,451950000,8094660000,0,15720000,0,0,0,0,0,0,750630000,0,0,0,0,5216160000,0,0,0,2090760000,0,0,0,0,302610000,70740000,3930000,0,0,0,0,0,345840000,19650000,0,774210000,0,7860000,31440000,0,7860000,0,0,471600000,0,0,805650000,5046120000,0,0,11790000,0,0,23938500000,4404210000,0,0,981150000,0,0,0,0,0,0,0,86460000,0,12444900000,19650000,39300000,0,0,19650000,593430000,369420000,4002030000,7860000,3930000,0,212220000,3930000,3930000,0,0,0,227940000,23580000,385140000,0,3930000,0,0,7860000,4067550000,0,0,0,11790000,0,0,58950000,0,7860000,0,1273320000,15720000,0,15720000,0,11790000,3590610000,0,3930000,31440000,0,43230000,0,0,0,1344060000,3930000,0,30783060000,0,0,15720000,0,10795710000,698220000,0,0,0,7860000,0,20332040000,0,954990000,0,0,0,0,196500000,0,0,0,2323890000,29790780000,51090000,0,1037520000,3352260000,0,0,0,5643390000,903900000,0,98250000,0,0,7860000,0,0,0,0,0,74670000,534480000,0,0,6960030000,1493370000,2680260000,0,82530000,0,0,0,0,0,0,0,3489840000,11790000,14413270000,106110000,0,0,0
"HRV",0,0,90390000,0,0,0,1819590000,6959360000,0,0,0,0,0,0,0,0,0,0,0,0,0,0,0,0,0,530550000,0,0,0,0,0,0,0,0,0,0,0,0,0,0,0,0,0,0,0,0,0,0,0,0,0,0,0,31440000,0,0,0,0,0,681270000,32783220000,70740000,0,0,0,0,0,0,0,0,0,0,235740000,0,0,0,0,0,0,0,0,0,0,0,0,15720000,841020000,0,0,0,0,0,0,27510000,0,0,0,0,82530000,0,0,0,0,0,0,0,35370000,0,0,0,0,0,0,0,0,0,66810000,0,0,6023880000,0,0,0,0,0,0,0,0,822660000,0,0,0,0,3930000,0,0,0,0,0,0,31440000,0,31440000,0,0,0,0,0,0,0,0,8420250000,1367640000,0,0,0,0,0,0,0,227940000,318330000,0,0,0,0,0,0,0,0,0,0,0,35370000,0,0,216150000,0,2.058e+09,0,0,0,0,0,0,0,0,0,70740000,0,12957810000,4658250000,0,0,0
"ISL",0,0,0,0,0,0,0,0,0,0,0,0,0,0,0,0,0,0,0,0,0,0,0,0,0,0,0,0,0,0,0,0,0,0,0,0,0,0,0,0,0,589500000,0,0,0,0,0,0,0,0,396930000,0,0,0,0,0,0,0,0,23580000,0,0,0,0,0,0,0,0,0,0,0,0,0,0,0,0,0,0,0,0,0,0,0,0,0,0,0,0,0,0,0,0,0,0,0,0,0,0,0,0,0,0,0,0,0,0,0,0,0,0,0,0,0,0,0,0,0,0,0,0,0,0,0,0,0,133620000,0,0,0,0,0,0,0,0,0,0,0,0,0,0,0,0,0,0,0,0,0,0,0,0,0,0,0,0,0,0,0,0,0,0,475530000,0,0,0,0,0,0,0,0,0,0,0,0,0,0,0,11790000,0,440160000,0,0,0,0,0,0,0,0,0,0,0,0,0,0,0,0
"IND",0,0,0,2519130000,0,0,184710000,0,0,1344060000,0,1167210000,0,3352290000,0,0,26100000,0,0,0,51090000,4692600000,0,0,368040000,314400000,0,0,3154530000,0,0,18761670000,106110000,0,172920000,0,0,0,0,0,3556650000,3930000,0,259380000,0,0,3639180000,0,7860000,0,0,23580000,0,568800000,0,0,0,0,298680000,2453800000,0,3930000,0,3930000,0,0,0,55020000,11790000,196500000,0,5254410000,0,0,0,0,8889660000,41760000,31440000,0,349770000,39300000,0,0,7860000,5220000,204570000,0,136230000,0,0,117600000,3303810000,0,0,1858890000,0,157200000,58950000,0,0,43230000,0,372900000,534480000,0,0,0,43230000,208290000,0,672030000,3930000,0,141480000,17828850000,14733330000,0,0,0,0,19650000,15720000,0,74670000,0,302610000,39300000,0,0,0,0,518760000,0,0,0,0,0,2102550000,0,0,0,0,0,0,0,19650000,10422360000,0,66810000,326190000,0,0,3518070000,0,23580000,0,3930000,0,0,0,0,31440000,0,8335530000,35370000,0,2369790000,0,15720000,2985360000,1693830000,14418270000,8158680000,86430000,0,783600000,27510000,23718300000,0,0,0,0,0,0,235800000,3930000,2610000,15720000,0,0,0,3930000,0,0
"IDN",55020000,0,0,1797090000,0,8675460000,109906850000,0,0,1634880000,0,2581870000,0,0,540270000,0,59287500000,0,0,192570000,915690000,1647990000,569850000,0,237510000,62254530000,0,58950000,781470000,0,1129010000,187717580000,13050000,0,0,0,0,0,0,44370000,5415540000,0,0,104400000,0,310470000,8860680000,0,0,67193010000,0,400860000,896430000,99978390000,0,0,0,0,142200000,202256440000,0,463740000,0,1725210000,0,0,258390000,55020000,66810000,0,0,1364790000,558540000,177480000,0,74457780000,0,2171100000,0,0,858280000,2359170000,0,0,0,70469280000,106110000,0,827790000,39300000,23580000,8511530000,2130030000,133110000,0,55930000,0,0,109620000,701910000,7110000,1182360000,0,1130858790000,467580000,0,0,117900000,2597730000,42228810000,109620000,412380000,0,0,0,13050000,48655560000,0,0,0,7860000,14798100000,0,78600000,1.2183e+10,0,1603140000,51090000,23940000,90390000,0,0,42132690000,739890000,88740000,0,1008690000,0,55020000,36540000,247950000,0,48171780000,0,0,0,0,4163490000,0,0,0,0,395280000,326721830000,0,37697430000,48441480000,0,0,0,0,1309140000,268830000,80910000,2833070000,290820000,129517590000,1595580000,244920000,0,45600000,107010000,13443240000,25758060000,0,0,77679600000,1446140000,468768290000,0,6309540000,315470000,0,2661270000,0,8246460000,44370000,0,2693250000,0,0,0,3930000,0,0
"IRN",0,0,0,0,0,0,0,0,0,0,0,0,0,0,0,0,0,0,0,0,0,0,0,0,0,0,0,0,0,0,0,0,0,0,0,0,0,0,0,0,0,0,0,0,0,0,0,0,0,0,0,0,0,0,0,0,0,0,0,0,0,0,0,0,0,0,0,0,0,0,0,0,0,0,0,0,0,0,0,0,0,0,0,0,0,0,0,0,0,0,0,0,0,0,0,0,0,0,0,0,0,0,0,0,0,0,0,0,0,0,0,0,0,0,0,0,0,0,0,0,0,0,0,0,0,0,0,0,0,0,0,0,0,0,0,0,0,0,0,0,0,0,0,0,0,0,0,0,0,0,0,0,0,0,0,0,0,0,0,0,0,0,0,0,0,0,0,0,0,0,0,0,0,0,0,0,0,0,0,0,0,0,0,0,0,0,0,0,0,0,0,0,0,0,0
"IRQ",0,0,0,0,0,0,0,0,0,0,0,0,0,0,0,0,0,0,0,0,0,0,0,0,0,0,0,0,0,0,0,0,0,0,0,0,0,0,0,0,0,0,0,0,0,0,0,0,0,0,0,0,0,0,0,0,0,0,0,0,0,0,0,0,0,0,0,0,0,0,0,0,0,0,0,0,0,0,0,0,0,0,0,0,0,0,0,0,0,0,0,0,0,0,0,0,0,0,0,0,0,0,0,0,0,0,0,0,0,0,0,0,0,0,0,0,0,0,0,0,0,0,0,0,0,0,0,0,0,0,0,0,0,0,0,0,0,0,0,0,0,0,0,0,0,0,0,0,0,0,0,0,0,0,0,0,0,0,0,0,0,0,0,0,0,0,0,0,0,0,0,0,0,0,0,0,0,0,0,0,0,0,0,0,0,0,0,0,0,0,0,0,0,0,0
"IRL",0,0,0,0,0,0,2322630000,11790000,0,27510000,0,0,0,0,0,0,0,0,0,0,0,1799940000,0,0,0,18164460000,0,0,31440000,0,0,86460000,0,0,0,0,0,0,2234850000,0,0,206940000,3930000,0,0,0,3930000,0,0,0,0,0,0,117900000,0,0,0,0,0,2846610000,0,0,0,11790000,0,0,0,0,0,0,0,125760000,0,0,0,200430000,70740000,0,0,0,0,10470000,0,0,0,82530000,19650000,0,3930000,0,0,279030000,0,0,0,58950000,0,0,0,0,0,0,0,66810000,0,0,43230000,0,0,0,0,0,0,0,0,0,227940000,0,0,0,0,334050000,0,0,0,326190000,243660000,0,55020000,0,0,0,141480000,224010000,255450000,0,0,0,47160000,0,0,0,43230000,0,0,0,0,31440000,0,0,0,0,0,349770000,0,15720000,66810000,0,0,0,1485540000,7860000,0,0,31440000,0,78600000,0,0,0,23580000,0,7860000,699540000,0,0,248764170000,0,56006430000,0,0,0,0,0,0,0,0,0,935340000,7860000,0,0,0,0,0
"ISR",0,0,0,0,0,0,944310000,0,0,0,0,0,0,0,0,0,23580000,0,0,0,0,0,0,0,0,630060000,0,0,0,0,0,0,0,0,0,0,0,0,3930000,0,0,0,0,0,0,0,0,0,0,0,0,0,0,605220000,0,0,3930000,0,0,636660000,0,0,0,94320000,0,0,0,0,0,0,0,11790000,137550000,0,0,0,0,0,0,0,0,15720000,0,3930000,0,188640000,27510000,0,0,0,0,0,0,3930000,0,0,0,0,0,0,0,0,0,0,0,0,0,0,0,11790000,0,0,0,0,0,0,15720000,0,0,0,0,0,0,0,0,3930000,0,0,0,0,0,0,0,7860000,0,0,0,0,0,0,7860000,0,145410000,0,0,0,0,0,0,0,0,3930000,3930000,15720000,0,182070000,7860000,0,0,0,0,7860000,0,0,0,0,0,0,0,0,0,0,0,0,0,0,1244460000,43230000,13352250000,0,0,0,0,0,0,0,0,0,261870000,0,0,0,0,0,0
"ITA",5043480000,82530000,2513400000,25078870000,7860000,7887900000,38724340000,31809410000,0,2509950000,0,180780000,0,0,86460000,0,19346910000,0,0,0,212220000,9020430000,15720000,0,326190000,32137830000,0,0,522690000,337980000,5845170000,63680190000,4218060000,0,158490000,0,157200000,350760000,6138630000,4798530000,0,4413300000,0,911730000,487320000,2342280000,5415390000,58950000,86460000,1343460000,0,0,3446610000,389195520000,1682040000,129690000,2364510000,275100000,15720000,200622570000,1568520000,70740000,0,30693940000,0,0,271170000,0,0,0,3930000,52549260000,18005390000,14348550000,7860000,10657170000,593430000,212940000,506970000,1336200000,21630720000,0,613080000,349770000,0,12499110000,6001110000,522690000,482070000,0,0,14267190000,8895210000,1458030000,0,5917650000,0,0,28380450000,5691750000,19650000,476010000,0,5114510000,196500000,0,8234220000,145410000,1663650000,17218320000,672030000,4718610000,15720000,439410000,0,39300000,79525350000,0,1867680000,2133870000,0,1057380000,7860000,0,216150000,1921770000,931410000,39300000,20812620000,0,7860000,1988520000,1.572e+09,104505840000,24099870000,0,0,7860000,3016920000,35370000,13617330000,0,52027860000,0,0,0,0,18388110000,1061100000,66810000,66810000,14718210000,2031750000,12676830000,0,10760130000,74383480000,3930000,267240000,0,10622790000,19794600000,235800000,569850000,6525090000,149340000,4884900000,0,0,35370000,2931780000,2168040000,37485960000,24466650000,51090000,0,100840440000,8841570000,50984990000,0,611730000,1906050000,3517350000,132300000,62880000,3576300000,157200000,3930000,151075230000,2267610000,1565430000,317010000,307830000,0,0
"CIV",0,0,0,11496410000,0,0,17187450000,0,0,0,0,0,0,0,0,0,123745910000,0,0,0,0,8056790000,0,0,0,260608800000,0,0,0,0,0,43982150000,0,0,82530000,0,0,0,0,0,7860000,0,0,0,0,0,0,0,0,515074890000,0,0,0,898845410000,0,0,0,161130000,0,738135310000,0,80347860000,418140000,1384760000,0,0,0,0,0,0,0,0,0,0,0,5183280000,85435220000,1917990000,0,0,12962070000,369197550000,0,0,0,25297380000,0,0,0,0,0,0,0,0,0,297360000,0,7860000,0,898600000,0,0,0,384457740000,0,208290000,0,0,0,156373680000,0,3663920000,0,0,0,0,2256172600000,0,0,0,0,142200000,0,0,0,0,31320000,0,21051200000,0,0,0,294660000,226968460000,8461330000,0,0,0,0,0,0,0,3973290000,0,0,0,0,6928960000,65250000,0,0,0,0,11831210000,0,39116600000,181394200000,0,0,0,0,0,1198880000,0,297360000,0,0,0,0,0,0,14783940000,318689160000,4739420000,0,0,303737310000,6939720000,1879428050000,290820000,0,377600000,0,0,0,0,0,0,951559500000,0,0,0,0,0,0
"KAZ",0,94320000,0,0,0,0,0,0,0,0,0,0,0,0,0,0,0,0,0,0,0,0,0,0,0,0,0,0,0,0,0,4282260000,0,0,0,0,0,0,0,1540560000,0,0,0,0,70740000,0,0,0,0,0,0,0,0,0,0,0,251520000,0,0,2023950000,0,0,0,0,0,0,0,0,0,0,0,0,0,0,0,0,0,0,0,0,0,0,0,0,0,0,0,21075150000,0,0,0,0,0,0,0,0,0,0,0,0,0,0,0,0,0,0,0,0,0,0,1010010000,0,0,0,0,0,0,0,0,0,0,0,0,0,0,0,0,0,0,0,0,0,0,0,0,0,0,0,0,0,0,0,42916800000,0,0,0,0,0,0,0,0,0,0,0,0,0,0,0,6655980000,0,0,0,0,1587720000,0,0,0,0,0,0,0,0,0,0,0,0,0,0,0,0,0,1856250000,0,0,0,0,0,0,0,0,0,0,0,0,0
"JAM",0,0,0,0,39300000,0,0,0,0,0,31440000,0,0,0,0,0,0,0,58950000,0,0,0,0,0,0,15720000,0,0,0,0,0,0,0,0,0,0,0,0,0,0,0,0,19650000,2610000,0,0,0,0,0,0,0,0,0,881820000,0,0,0,0,0,0,0,0,0,0,0,27510000,0,0,98250000,0,0,103500000,0,0,0,0,0,0,0,0,0,0,0,0,0,3930000,0,0,0,0,0,0,0,0,0,0,0,0,0,0,0,0,0,0,0,0,0,0,0,0,0,0,0,0,0,0,1275120000,0,0,0,0,0,0,0,0,0,0,0,0,0,0,0,0,0,0,0,0,0,0,0,0,0,0,7860000,62880000,55020000,0,0,0,0,0,0,0,0,0,0,0,0,0,0,0,310500000,0,0,0,0,0,0,0,90390000,0,0,0,0,0,0,119220000,0,1776960000,0,0,0,0,0,0,0,0,0,0,0,0,0,0,0,0
"JPN",0,0,0,0,0,3930000,188640000,0,0,0,0,0,0,0,0,0,51090000,0,0,0,39300000,0,0,0,0,98250000,0,0,0,0,0,1075500000,0,0,0,0,0,0,0,0,7860000,0,0,0,0,0,0,0,0,78660000,0,0,0,15720000,0,0,0,0,0,688610000,0,0,0,0,0,0,0,0,0,0,0,10481310000,0,0,0,15720000,266670000,0,0,0,0,0,0,0,0,0,0,0,0,0,0,3866080000,0,0,0,0,0,0,0,0,212220000,0,0,1003440000,0,0,0,0,0,0,35370000,0,0,0,0,0,0,0,0,0,0,7860000,0,0,0,0,0,0,0,0,0,0,1863610000,0,0,0,0,0,0,0,0,0,255150000,0,0,0,0,0,0,0,0,0,0,3354550000,0,0,7860000,0,0,0,0,0,0,0,8233520000,0,2924440000,0,0,0,0,0,0,3930000,0,0,7860000,0,1615230000,0,0,0,0,208290000,0,0,0,0,0,0,0,0,0,0,0
"JOR",0,0,0,0,0,0,0,0,0,31440000,0,0,0,0,0,0,0,0,0,0,0,0,0,0,0,3930000,0,0,0,0,0,0,0,0,0,0,0,0,43230000,0,0,0,0,0,0,0,81180000,0,0,0,0,0,0,0,0,0,0,0,0,0,0,0,0,0,0,0,0,0,0,0,0,0,0,0,0,0,0,0,4639950000,0,565920000,0,0,0,0,0,0,0,0,0,0,0,129690000,0,0,385140000,0,0,699540000,0,0,0,0,0,0,0,0,0,0,0,0,294750000,0,0,0,0,127980000,0,0,0,0,0,0,0,0,0,0,0,3930000,0,0,0,0,0,0,0,0,0,35370000,0,0,0,0,0,0,0,0,2067340000,0,0,0,0,0,0,0,0,39300000,0,0,0,3930000,0,272010000,0,0,0,0,0,0,0,83700000,0,0,235800000,0,0,0,0,55020000,0,0,0,0,0,0,263310000,0,0,0,0,0,0,0,0,2051460000
"KGZ",0,0,0,0,0,0,0,0,0,0,0,0,0,0,0,0,0,0,0,0,0,0,0,0,0,0,0,0,0,0,0,0,0,0,0,0,0,0,0,0,0,0,0,0,0,0,0,0,0,0,0,0,0,0,0,0,0,0,0,0,0,0,0,0,0,0,0,0,0,0,0,0,0,0,0,0,0,0,0,0,0,0,0,624870000,0,0,0,0,0,0,0,0,0,0,0,0,0,0,0,0,0,0,0,0,0,0,0,0,0,0,78600000,0,0,0,0,0,0,0,0,0,0,0,0,0,0,0,0,0,0,0,0,0,0,0,0,0,0,0,0,0,0,0,0,0,0,0,0,0,0,0,0,0,0,0,0,0,0,0,5706360000,0,0,0,0,0,0,0,0,0,0,0,0,0,0,0,0,0,0,0,0,0,0,6944310000,0,0,0,0,0,0,0,0,0,0,0,0,0
"KEN",0,0,0,0,0,0,0,0,0,0,0,0,0,0,0,0,0,0,0,0,0,0,0,23580000,0,0,0,0,0,0,0,0,0,0,0,0,0,0,23580000,0,0,0,0,0,0,0,0,0,0,0,0,0,0,0,0,0,0,0,0,0,0,0,0,0,0,0,0,0,0,0,0,0,0,0,0,0,0,0,0,0,0,0,0,0,0,0,0,0,0,0,0,0,0,0,0,0,0,0,0,0,0,0,70740000,0,0,0,0,0,0,0,0,0,0,0,0,0,161130000,0,0,0,0,0,0,0,0,0,0,0,0,0,0,0,0,0,0,0,0,0,0,7860000,0,62880000,0,0,0,0,0,0,0,0,0,0,0,0,7860000,0,27510000,0,0,0,0,0,0,0,0,322050000,0,0,0,0,0,0,0,0,1160610000,0,762420000,0,0,0,0,0,0,0,0,0,821370000,99270000,0,0,27510000,0,0,0,0
"KHM",0,0,0,0,0,0,0,0,0,0,0,0,0,0,0,0,0,0,0,0,0,0,0,0,0,0,0,0,0,0,0,0,0,0,0,0,0,0,0,0,0,0,0,0,0,0,0,0,0,0,0,0,0,0,0,0,0,0,0,0,0,0,0,0,0,0,0,0,0,0,0,0,0,0,0,0,0,0,0,0,0,0,0,0,0,0,0,0,0,0,0,0,0,0,0,0,0,0,0,0,0,0,0,0,0,0,0,0,0,0,0,0,0,0,0,0,0,0,0,0,0,0,0,0,0,0,0,0,0,0,0,0,0,0,0,0,0,0,0,0,0,0,0,0,0,0,0,0,0,0,0,0,0,0,0,0,0,0,0,0,0,0,0,0,0,0,0,0,0,0,0,0,0,0,0,0,0,0,0,0,0,0,0,0,0,0,0,0,0,0,0,0,0,0,0
"PRK",0,0,0,0,0,0,0,0,0,0,0,0,0,0,0,0,0,0,0,0,0,0,0,0,0,0,0,0,0,0,0,0,0,0,0,0,0,0,0,0,0,0,0,0,0,0,0,0,0,0,0,0,0,0,0,0,0,0,0,0,0,0,0,0,0,0,0,0,0,0,0,0,0,0,0,0,0,0,0,0,0,0,0,0,0,0,0,0,0,0,0,0,0,0,0,0,0,0,0,0,0,0,0,0,0,0,0,0,0,0,0,0,0,0,0,0,0,0,0,0,0,0,0,0,0,0,0,0,0,0,0,0,0,0,0,0,0,0,0,0,0,0,0,0,0,0,0,0,0,0,0,0,0,0,0,0,0,0,0,0,0,0,0,0,0,0,0,0,0,0,0,0,0,0,0,0,0,0,0,0,0,0,0,0,0,0,0,0,0,0,0,0,0,0,0
"KOR",0,0,0,0,0,0,894600000,0,0,0,0,0,0,0,0,0,0,0,0,0,0,0,3930000,0,0,7860000,0,0,0,0,0,8476260000,0,0,0,0,0,0,0,0,0,0,0,0,0,0,157200000,0,0,0,0,0,0,106110000,0,0,0,0,0,212220000,0,0,0,0,0,0,7860000,0,0,0,0,2326560000,0,0,0,19650000,7860000,0,0,0,0,0,0,110040000,0,176977420000,208290000,23580000,0,11790000,0,0,0,0,0,0,0,0,78600000,0,0,0,0,145410000,0,0,0,0,0,1461960000,420510000,0,0,0,0,0,267210000,0,0,0,0,43230000,0,0,0,0,0,0,0,0,11790000,0,2595060000,0,0,0,7860000,0,0,0,0,0,1670250000,0,0,0,0,168990000,0,0,0,0,0,272430000,0,133620000,58920000,0,7860000,0,0,3930000,0,7860000,1654530000,0,341910000,0,0,0,0,0,47160000,1151490000,0,0,121830000,0,1815660000,0,0,0,0,449680000,0,0,0,0,8650000,0,0,0,0,0,0
"KWT",0,0,0,0,0,0,0,0,0,43230000,0,0,0,0,0,0,0,0,0,0,0,0,0,0,0,0,0,0,0,0,0,0,0,0,0,0,0,0,0,0,0,0,0,0,0,0,7860000,0,0,0,0,0,0,0,0,0,0,0,0,0,0,0,0,0,0,0,0,0,0,0,0,0,0,0,0,0,0,10440000,373350000,0,0,0,0,0,0,0,0,0,0,0,0,0,0,0,0,19650000,0,0,0,0,0,0,0,0,0,0,0,0,0,0,0,0,0,0,0,0,0,0,0,0,0,0,0,0,0,0,47160000,0,0,0,0,0,0,0,0,0,0,0,11790000,0,0,0,0,0,0,0,0,1886400000,0,0,0,0,0,0,0,0,0,0,0,0,0,0,0,0,0,0,0,0,0,0,0,23580000,0,180780000,0,0,0,0,0,0,0,0,0,0,0,0,0,0,0,0,0,0,0,0,0
"LVA",0,0,0,0,0,0,19650000,11790000,0,0,0,0,0,0,0,0,0,0,0,0,0,507060000,0,0,0,212300000,0,0,0,0,0,27510000,0,0,0,0,0,0,18150000,102180000,0,102180000,0,0,2883590000,0,0,0,0,15839580000,0,0,43230000,0,0,0,39300000,0,0,1917840000,0,0,0,106110000,0,0,0,0,0,0,0,31440000,3930000,0,0,0,0,0,0,153270000,951060000,35370000,0,3930000,0,23580000,0,55020000,0,0,0,11790000,0,0,0,0,0,0,0,12372010000,0,0,0,0,0,0,0,0,0,0,47160000,0,0,3930000,0,0,0,0,0,0,0,0,0,0,0,125760000,0,0,573780000,0,0,0,0,406950000,0,0,0,0,0,0,27510000,0,8911680000,0,0,0,0,31440000,0,0,0,3930000,294750000,3930000,0,11790000,7830000,0,0,0,78600000,39300000,0,62880000,0,0,0,0,0,0,0,0,0,7860000,0,0,632810000,11790000,1080750000,0,0,120120000,0,0,0,0,0,0,0,0,0,0,0,0,0
"LAO",0,0,0,0,0,0,0,0,0,0,0,0,0,0,0,0,0,0,0,0,0,0,0,0,0,0,0,0,0,0,0,0,0,0,0,0,0,0,0,0,0,0,0,0,0,0,0,0,0,0,0,0,0,0,0,0,0,0,0,0,0,0,0,0,0,0,0,0,0,0,0,0,0,0,0,0,0,0,0,0,0,0,0,0,0,0,0,0,0,0,0,0,0,0,0,0,0,0,0,0,0,0,0,0,0,0,0,0,0,0,0,0,0,0,0,0,0,0,0,0,0,0,0,0,0,0,0,0,0,0,0,0,0,0,0,0,0,0,0,0,0,0,0,0,0,0,0,0,0,0,0,0,0,0,0,0,0,0,0,0,0,0,0,0,0,0,0,0,0,0,0,0,0,0,0,0,0,0,0,0,0,0,0,0,0,0,0,0,0,0,0,0,0,0,0
"LBN",23580000,0,0,15720000,0,0,82530000,0,0,516510000,0,0,0,0,0,0,0,0,0,0,27510000,0,0,0,31440000,141480000,0,39300000,0,0,3930000,3930000,0,0,133590000,0,0,0,3930000,82530000,81210000,0,0,0,0,0,1884210000,0,11790000,0,0,0,0,27510000,0,0,0,125490000,19650000,98250000,0,62880000,0,0,0,0,0,65490000,0,0,0,7860000,0,0,0,82530000,19650000,0,1464600000,0,0,0,345840000,39300000,0,0,8243820000,0,0,0,0,0,1446490000,0,0,0,0,94320000,239730000,0,0,0,19650000,204360000,0,7860000,0,3930000,0,0,0,27510000,3930000,0,0,0,3930000,0,0,0,0,0,0,23580000,154560000,0,0,11790000,0,0,35370000,0,19650000,0,0,0,0,0,3620820000,7860000,0,0,0,0,0,0,0,12650230000,106110000,0,51090000,0,0,11790000,0,3930000,11790000,0,0,0,47160000,0,16128720000,0,0,0,0,31440000,0,0,137550000,23580000,117900000,2022260000,0,0,90390000,15720000,361560000,0,7860000,0,27510000,0,0,43230000,0,19650000,3930000,0,0,0,23580000,0,0
"LSO",0,0,0,0,0,0,0,0,0,0,0,0,0,0,0,0,0,0,0,0,0,0,0,0,0,0,0,0,0,0,0,0,0,0,0,0,0,0,0,0,0,0,0,0,0,0,0,0,0,0,0,0,0,0,0,0,0,0,0,0,0,0,0,0,0,0,0,0,0,0,0,0,0,0,0,0,0,0,0,0,0,0,0,0,0,0,0,0,0,0,0,0,0,0,0,0,0,0,0,0,0,0,0,0,0,0,0,0,0,0,0,0,0,0,0,0,0,0,0,0,0,0,0,0,0,0,0,0,0,0,0,0,0,0,0,0,0,0,0,0,0,0,0,0,0,0,0,0,0,0,0,0,0,0,0,0,0,0,0,0,0,0,0,0,0,0,0,0,0,0,0,0,0,0,0,0,0,0,0,0,0,0,0,0,0,0,0,0,0,0,0,0,0,0,0
"LBR",0,0,0,0,0,0,0,0,0,0,0,0,0,0,0,0,0,0,0,0,0,0,0,0,0,0,0,0,0,0,0,0,0,0,0,0,0,0,0,0,0,0,0,0,0,0,0,0,0,0,0,0,0,0,0,0,0,0,0,0,0,0,0,0,0,0,0,0,0,0,0,0,0,0,0,0,0,0,0,0,0,0,0,0,0,0,0,0,0,0,0,0,0,0,0,0,0,0,0,0,0,0,0,0,0,0,0,0,0,0,0,0,0,0,0,0,0,0,0,0,0,0,0,0,0,0,0,0,0,0,0,0,0,0,0,0,0,0,0,0,0,0,0,0,0,0,0,0,0,0,0,0,0,0,0,0,0,0,0,0,0,0,0,0,0,0,0,0,0,0,0,0,0,0,0,0,0,0,0,0,0,0,0,0,0,0,0,0,0,0,0,0,0,0,0
"LBY",0,0,0,0,0,0,0,0,0,0,0,0,0,0,0,0,0,0,0,0,0,0,0,0,0,0,0,0,0,0,0,0,0,0,0,0,0,0,0,0,0,0,0,0,0,0,0,0,0,0,0,0,0,0,0,0,0,0,0,0,0,0,0,0,0,0,0,0,0,0,0,0,0,0,0,0,0,0,0,0,0,0,0,0,0,0,0,0,0,0,0,0,0,0,0,0,0,0,0,0,0,0,0,0,0,0,0,0,0,0,0,0,0,0,0,0,0,0,0,0,0,0,0,0,0,0,0,0,0,0,0,0,0,0,0,0,0,0,0,0,0,0,0,0,0,0,0,0,0,0,0,0,0,0,0,0,0,0,0,0,0,0,0,0,0,0,0,0,0,0,0,0,0,0,0,0,0,0,0,0,0,0,0,0,0,0,0,0,0,0,0,0,0,0,0
"LTU",0,3930000,0,0,0,0,27510000,1292970000,0,0,0,0,0,0,0,0,0,0,0,0,0,4503780000,0,0,0,82530000,0,0,0,0,0,0,0,0,0,0,0,0,39300000,98250000,0,129690000,0,0,9955390000,0,0,0,0,13423830000,0,0,27510000,9530250000,0,0,294750000,0,0,4027260000,0,0,0,74670000,0,0,0,0,0,0,0,0,1112190000,0,0,0,0,0,0,459810000,373350000,15720000,0,482530000,0,0,0,2185080000,0,0,0,0,0,34690480000,0,0,0,0,78600000,0,0,0,0,0,0,0,0,0,0,0,0,0,0,738840000,0,0,487320000,0,0,0,0,0,0,0,0,13778580000,0,0,117900000,0,0,0,0,26342490000,0,0,0,0,0,0,1013940000,0,14252810000,0,0,0,0,0,0,0,0,0,801720000,0,0,0,113970000,0,2575830000,0,33369630000,0,0,0,0,0,0,0,0,0,0,0,58950000,302610000,0,0,3694170000,734910000,1053240000,0,0,51090000,0,0,0,0,0,0,5464380000,0,0,0,0,0,0
"MAC",0,0,0,0,0,0,0,0,0,0,0,0,0,0,0,0,0,0,0,0,0,0,0,0,0,0,0,0,0,0,0,0,0,0,0,0,0,0,0,0,0,0,0,0,0,0,0,0,0,0,0,0,0,0,0,0,0,0,0,0,0,0,0,0,0,0,0,0,0,0,0,0,0,0,0,0,0,0,0,0,0,0,0,0,0,0,0,0,0,0,0,0,0,0,0,0,0,0,0,0,0,0,0,0,0,0,0,0,0,0,0,0,0,0,0,0,0,0,0,0,0,0,0,0,0,0,0,0,0,0,0,0,0,0,0,0,0,0,0,0,0,0,0,0,0,0,0,0,0,0,0,0,0,0,0,0,0,0,0,0,0,0,0,0,0,0,0,0,0,0,0,0,0,0,0,0,0,0,0,0,0,0,0,0,0,0,0,0,0,0,0,0,0,0,0
"MDG",0,0,0,6425280000,0,0,19650000,94400000,0,4140000,0,0,0,0,0,0,0,0,0,0,0,0,0,0,0,7860000,0,0,0,0,0,0,0,0,0,0,0,0,0,0,0,0,0,0,0,0,0,0,0,2922840000,0,0,0,4017570000,0,0,0,0,0,3524820000,0,0,0,94400000,0,0,0,0,0,0,0,99360000,0,0,0,418140000,0,0,0,0,0,107640000,0,0,0,149040000,0,0,0,0,0,0,0,0,0,0,0,0,0,0,0,0,0,0,0,0,0,0,0,0,0,0,0,0,0,0,20430900000,0,0,0,0,0,0,0,0,0,0,0,0,0,0,0,0,0,0,0,0,0,0,0,0,0,0,0,0,0,0,0,0,0,0,0,0,0,0,55020000,2185920000,0,0,0,0,99360000,0,0,0,0,0,0,0,0,0,0,103500000,0,0,0,132210000,0,8457840000,0,0,0,0,0,0,0,0,0,1461420000,0,0,0,0,0,0
"MWI",0,0,0,0,0,0,0,0,0,0,0,0,0,0,0,0,0,0,0,0,0,0,0,0,0,0,0,0,0,0,0,0,0,0,0,0,0,0,0,0,0,0,0,0,0,0,0,0,0,0,0,0,0,0,0,0,0,0,0,0,0,0,0,0,0,0,0,0,0,0,0,0,0,0,0,0,0,0,0,0,0,0,0,0,0,0,0,0,0,0,0,0,0,0,0,0,0,0,0,0,0,0,0,0,0,0,0,0,0,0,0,0,0,0,0,0,0,0,0,0,0,0,0,0,0,0,0,0,0,0,0,0,0,0,0,0,0,0,0,0,0,0,0,0,0,0,0,0,0,0,0,0,0,0,0,0,0,0,0,0,0,0,0,0,0,0,0,0,0,0,0,0,0,0,0,0,0,0,0,0,0,0,0,0,0,0,0,0,0,0,0,0,0,0,0
"MYS",75520000,0,0,1906980000,0,6061460000,89680790000,0,3930000,481990000,0,5532610000,0,0,416580000,0,14717650000,0,0,302610000,3621360000,7.11e+08,1606950000,0,109890000,42380730000,0,0,5590410000,0,3207120000,271284410000,642330000,0,0,0,0,301440000,2.133e+09,0,0,2569770000,0,0,0,0,39789270000,0,0,114870690000,0,644850000,98010000,121775200000,82530000,127890000,1604650000,0,0,60182020000,0,337980000,15720000,1603020000,0,0,589860000,1464660000,0,0,0,16233270000,1776420000,988290000,0,59709930000,132926620000,19875680000,309300000,36540000,0,7001100000,317340000,987570000,0,371302020000,3334590000,469800000,534030000,121830000,0,56709860000,2444910000,540360000,0,1793920000,0,0,1445940000,3892920000,74670000,208230000,0,0,1620450000,11790000,39150000,0,1319820000,52182750000,720870000,1538850000,125460000,232290000,0,261710000,52806300000,0,0,428040000,27510000,19562790000,153990000,0,263310000,5220000,25160470000,0,0,1968760000,109620000,4926360000,47016810000,2920500000,156600000,0,0,0,770100000,109620000,602700000,0,140652300000,0,0,0,83520000,14671060000,28440000,55020000,707310000,1009210000,0,430236660000,0,37290210000,5649200000,267240000,11790000,101790000,112230000,1301400000,6106410000,926550000,17934830000,95130000,56337650000,0,0,0,1450890000,774180000,27878810000,81140190000,0,3930000,69047440000,16164910000,363138490000,0,1284120000,6749420000,514440000,18912930000,3930000,4481440000,0,41760000,2596140000,0,0,0,170790000,0,0
"MDV",0,0,0,0,0,0,0,0,0,0,0,0,0,0,0,0,0,0,0,0,0,0,0,0,0,0,0,0,0,0,0,0,0,0,0,0,0,0,0,0,0,0,0,0,0,0,0,0,0,0,0,0,0,0,0,0,0,0,0,0,0,0,0,0,0,0,0,0,0,0,0,0,0,0,0,0,0,0,0,0,0,0,0,0,0,0,0,0,0,0,0,0,0,0,0,0,0,0,0,0,0,0,0,0,0,0,0,0,0,0,0,0,0,0,0,0,0,0,0,0,0,0,0,0,0,0,0,0,0,0,0,0,0,0,0,0,0,0,0,0,0,0,0,0,0,0,0,0,0,0,0,0,0,0,0,0,0,0,0,0,0,0,0,0,0,0,0,0,0,0,0,0,0,0,0,0,0,0,0,0,0,0,0,0,0,0,0,0,0,0,0,0,0,0,0
"MLI",0,0,0,0,0,0,0,0,0,0,0,0,0,0,0,0,0,0,0,0,0,0,0,0,0,0,0,0,0,0,0,0,0,0,0,0,0,0,0,0,0,0,0,0,0,0,0,0,0,0,0,0,0,0,0,0,0,0,0,0,0,0,0,0,0,0,0,0,0,0,0,0,0,0,0,0,0,0,0,0,0,0,0,0,0,0,0,0,0,0,0,0,0,0,0,0,0,0,0,0,0,0,0,0,0,0,0,0,0,0,0,0,0,0,0,0,0,0,0,0,0,0,0,0,0,0,0,0,0,0,0,0,0,0,0,0,0,0,0,0,0,0,0,0,0,0,0,0,0,0,0,0,0,0,0,0,0,0,0,0,0,0,0,0,0,0,0,0,0,0,0,0,0,0,0,0,0,0,0,0,0,0,0,0,0,0,0,0,0,0,0,0,0,0,0
"MLT",0,0,0,0,149340000,0,0,0,0,0,0,0,0,0,0,0,0,0,0,0,0,0,0,0,0,0,0,0,0,0,0,0,0,0,0,0,0,0,0,0,0,0,0,7860000,0,0,0,0,0,0,0,0,0,0,0,78600000,0,0,0,0,0,0,0,0,0,0,0,0,0,0,0,0,0,0,0,0,0,0,0,0,0,0,0,0,0,0,0,0,0,0,0,0,0,0,0,0,0,0,5989320000,0,0,0,0,0,0,0,0,0,0,0,0,0,0,0,0,0,0,0,0,0,0,0,0,0,0,0,0,0,0,0,0,0,0,0,0,0,0,0,0,0,0,0,0,0,0,0,0,0,0,0,0,0,0,0,0,0,0,0,0,0,0,0,0,0,0,0,0,0,0,0,0,0,0,0,0,0,0,0,0,0,0,0,0,0,0,0,0,0,0,0,0,0,0,0,0
"MRT",0,0,0,0,0,0,0,0,0,0,0,0,0,0,0,0,0,0,0,0,0,0,0,0,0,0,0,0,0,0,0,0,0,0,0,0,0,0,0,0,0,0,0,0,0,0,0,0,0,0,0,0,0,0,0,0,0,0,0,0,0,0,0,0,0,0,0,0,0,0,0,0,0,0,0,0,0,0,0,0,0,0,0,0,0,0,0,0,0,0,0,0,0,0,0,0,0,0,0,0,0,0,0,0,0,0,0,0,0,0,0,0,0,0,0,0,0,0,0,0,0,0,0,0,0,0,0,0,0,0,0,0,0,0,0,0,0,0,0,0,0,0,0,0,0,0,0,0,0,0,0,0,0,0,0,0,0,0,0,0,0,0,0,0,0,0,0,0,0,0,0,0,0,0,0,0,0,0,0,0,0,0,0,0,0,0,0,0,0,0,0,0,0,0,0
"MUS",0,0,0,0,0,0,0,0,0,0,0,0,0,0,0,0,0,0,0,0,0,0,0,0,0,0,0,0,0,0,0,0,0,0,0,0,0,0,0,0,0,0,0,0,0,0,0,0,0,0,0,0,0,31440000,0,0,0,0,0,0,0,0,0,0,0,0,0,0,0,0,0,0,0,0,0,0,0,0,0,0,0,0,0,0,0,0,0,0,15720000,0,0,0,0,0,0,0,0,0,0,0,0,7860000,0,0,0,0,0,0,0,0,0,0,0,0,0,0,0,0,0,0,0,0,0,0,0,0,0,0,0,0,0,0,0,0,0,0,0,0,0,23580000,0,0,0,0,0,0,0,0,0,19650000,0,0,0,0,0,55020000,0,0,0,0,0,0,0,0,0,0,0,0,0,0,0,0,0,3930000,0,0,0,0,0,0,0,0,0,0,0,0,0,3930000,0,0,0,0,0,0,0
"MEX",78600000,0,0,0,0,2848110000,197320000,0,0,0,11790000,0,0,0,243660000,0,14944050000,0,1185540000,0,0,0,0,0,110040000,42188190000,0,0,0,0,4366230000,896040000,10793650000,0,94320000,0,4043970000,3326070000,0,212220000,0,0,0,514770000,0,782070000,0,3104700000,0,376740000,0,0,0,538200000,0,0,408720000,31440000,0,2899540000,0,51090000,0,0,0,0,10166760000,0,3930000,0,4927590000,90390000,0,0,0,196500000,0,0,204360000,0,0,3930000,0,0,110040000,516330000,306540000,0,0,0,0,2055390000,0,149340000,0,66810000,0,0,0,0,0,15720000,0,0,0,0,0,224010000,0,0,558060000,11790000,74670000,0,263310000,3930000,11099880000,0,0,0,0,19650000,4917840000,0,0,0,0,1866750000,0,0,3930000,2483760000,0,0,0,0,0,0,0,0,0,0,92740000,0,0,0,0,0,0,0,573780000,0,0,3930000,0,235800000,141900000,23580000,0,0,0,778110000,0,0,74670000,0,0,0,0,113970000,0,0,133620000,2216520000,0,0,31410000,0,1700902240000,0,15720000,0,2692050000,31440000,0,0,0,66810000,8020320000,0,0,0,0,0,0
"MNG",0,0,0,0,0,0,0,0,0,0,0,0,0,0,0,0,0,0,0,0,0,0,0,0,0,0,0,0,0,0,0,0,0,0,0,0,0,0,0,0,0,0,0,0,0,0,0,0,0,0,0,0,0,0,0,0,0,0,0,0,0,0,0,0,0,0,0,0,0,0,0,0,0,0,0,0,0,0,0,0,0,0,0,0,0,0,0,0,0,0,0,0,0,0,0,0,0,0,0,0,0,0,0,0,0,0,0,0,0,0,0,0,0,0,0,0,0,0,0,0,0,0,0,0,0,0,0,0,0,0,0,0,0,0,0,0,0,0,0,0,0,0,0,0,0,0,0,0,0,0,0,0,0,0,0,0,0,0,0,0,0,0,0,0,0,0,0,0,0,0,0,0,0,0,0,0,0,0,0,0,0,0,0,0,0,0,0,0,0,0,0,0,0,0,0
"MAR",0,0,0,2554500000,0,0,0,0,0,0,0,0,0,0,0,0,0,0,0,0,0,0,0,0,2669760000,0,0,0,0,0,0,0,0,0,947130000,0,0,0,0,0,62880000,0,0,0,0,0,90390000,0,51090000,0,0,0,0,113970000,0,0,0,0,31440000,0,0,2.751e+09,0,0,0,0,0,322260000,0,0,0,0,0,0,0,0,0,0,70740000,0,0,0,0,0,0,0,180780000,0,0,0,0,0,0,0,0,0,0,0,153270000,0,0,0,0,0,0,1021800000,0,430800000,0,0,0,0,0,0,0,0,0,0,0,0,0,0,0,644520000,39300000,0,0,0,0,0,0,0,0,0,0,385140000,0,0,0,0,0,0,0,0,0,0,0,11790000,1140960000,0,0,0,0,0,0,0,0,0,0,0,0,0,0,0,0,0,0,125760000,0,0,0,314400000,3930000,0,0,0,0,0,0,0,0,0,263310000,0,0,1933560000,1234020000,0,0,0,0,0,0,0,94320000
"MOZ",0,0,0,0,0,0,0,0,0,0,0,0,0,0,0,0,0,0,0,0,0,0,0,0,0,0,0,0,0,0,0,0,0,0,0,0,0,0,0,0,0,0,0,0,0,0,0,0,0,0,0,0,0,0,0,0,0,0,0,0,0,0,0,0,0,0,0,0,0,0,0,0,0,0,0,0,0,0,0,0,0,0,0,0,0,0,0,0,0,0,0,0,0,0,0,0,0,0,0,0,0,0,0,0,0,0,0,0,0,0,0,0,0,0,0,0,0,0,0,0,0,0,0,0,0,0,0,0,0,0,0,0,0,0,0,0,0,0,0,0,0,0,0,0,0,0,0,0,0,0,0,0,0,0,0,0,0,0,0,0,0,0,0,0,0,0,0,0,0,0,0,0,0,0,0,0,0,0,0,0,0,0,0,0,0,0,0,0,0,0,0,0,0,0,0
"MDA",7860000,0,0,0,0,0,0,0,0,0,0,0,0,0,0,0,0,0,0,0,0,200430000,0,0,0,62880000,0,0,0,0,0,0,0,0,0,0,0,0,7860000,275100000,0,0,0,0,235800000,0,0,0,0,180780000,0,0,0,0,0,0,0,0,0,0,318330000,0,0,27510000,0,0,0,0,0,0,0,0,876390000,74670000,0,0,0,0,0,7860000,47160000,0,0,55020000,0,0,0,0,0,0,0,0,0,263310000,0,0,0,3930000,0,15720000,0,0,0,0,0,0,106110000,0,0,0,0,0,0,0,0,0,0,0,0,0,0,0,0,0,0,0,0,0,23580000,0,0,0,0,19650000,0,0,0,0,0,0,5250480000,0,2310840000,0,0,0,0,0,0,0,0,0,0,0,0,0,0,0,0,0,0,0,0,0,0,0,0,0,0,0,0,0,572730000,0,0,0,0,351960000,3930000,0,0,0,0,0,0,0,0,0,0,0,487320000,0,0,0,0
"NAM",0,0,0,0,0,0,0,0,0,0,0,0,0,0,0,0,0,0,0,0,0,0,0,0,0,0,0,0,0,0,0,0,0,0,0,0,0,0,0,0,0,0,0,0,0,0,0,0,0,0,0,0,0,0,0,0,0,0,0,0,0,0,0,0,0,0,0,0,0,0,0,0,0,0,0,0,3930000,0,0,0,0,0,0,0,0,0,0,0,0,0,0,0,0,0,0,0,0,0,0,0,0,0,0,0,0,0,0,0,0,0,0,0,0,0,0,0,0,0,0,0,0,0,0,0,0,0,0,0,0,0,0,0,0,0,0,0,0,0,0,0,0,0,0,0,0,0,0,0,0,0,0,0,0,0,0,3835680000,0,0,0,0,0,0,0,0,0,0,0,0,0,0,0,0,0,0,0,0,0,0,0,0,0,0,0,0,0,0,70740000,0,0,0,0,0,0,0,0
"NPL",0,0,0,0,0,0,0,0,0,0,0,0,0,0,0,0,0,0,0,0,0,0,0,0,0,0,0,0,0,0,0,7860000,0,0,0,0,0,0,0,0,0,0,0,0,0,0,0,0,0,0,0,0,0,0,0,0,0,0,0,0,0,0,0,0,0,0,0,0,0,0,0,0,0,0,0,0,0,0,0,0,0,0,0,0,0,0,0,0,0,0,0,0,0,0,0,0,0,0,0,0,0,0,0,0,0,0,0,0,0,0,0,0,0,0,0,0,0,0,0,0,0,0,0,0,0,0,0,0,0,0,0,0,0,0,0,0,0,0,0,0,0,0,0,0,0,0,0,0,0,0,0,0,0,0,0,0,0,0,0,0,0,0,0,0,0,0,0,0,0,0,0,0,0,0,0,0,0,0,0,0,0,0,0,0,0,0,0,0,0,0,0,0,0,0,0
"NLD",6360480000,692970000,2049360000,13258980000,35370000,1545450000,35282940000,151226760000,282960000,2216520000,286890000,201720000,0,0,7860000,0,13957780000,0,0,0,0,58755350000,0,3930000,149340000,30074290000,463740000,0,6633810000,19650000,3554520000,55915220000,301050000,0,506970000,0,117900000,27510000,2757400000,480900000,15720000,78125310000,0,125760000,1028120000,144090000,23625910000,0,43230000,8110300000,251520000,239730000,59099370000,773244920000,235800000,400860000,278520000,55020000,66810000,3177339910000,1515680000,761040000,0,70908920000,0,0,203640000,7860000,0,121830000,0,13465200000,46147510000,4701930000,12164190000,14083600000,1510590000,2409180000,479860000,42657660000,35696400000,286425060000,1.2e+07,1284670000,585570000,93798650000,37221250000,183360000,3189240000,0,3930000,61444820000,5792590000,4871110000,0,18981100000,0,1735740000,22733310000,14874870000,3930000,208290000,0,7361750000,1091220000,0,561870000,19650000,778140000,15498660000,3012960000,15312660000,82530000,575910000,141480000,2114340000,0,0,467670000,8399140000,0,5043580000,610740000,7860000,4559910000,75602500000,2728530000,1583790000,100514020000,0,618930000,1430430000,11792990000,309293860000,19666600000,0,0,0,5575200000,730980000,18841300000,35370000,238982500000,0,0,0,0,96946980000,141480000,200430000,51090000,9864760000,30908790000,46193310000,26190000,17266970000,117032420000,3448320000,534180000,0,118645350000,309475250000,3009060000,55020000,8816780000,682500000,5192430000,35370000,0,376890000,1379310000,4606360000,201769830000,153631510000,428370000,0,793223540000,168040940000,314913140000,0,2887980000,2997240000,727050000,2994410000,2519130000,117660000,39270000,11790000,1222650420000,449100000,17546450000,1245810000,1025730000,0,247560000
"ANT",0,0,0,0,0,0,0,0,0,0,0,0,0,0,0,0,0,0,0,0,0,0,0,0,0,0,0,0,0,0,0,0,0,0,0,0,0,0,0,0,0,0,0,0,0,0,0,0,0,0,0,0,0,0,0,0,0,0,0,0,0,0,0,0,0,0,0,0,0,0,0,0,0,0,0,0,0,0,0,0,0,0,0,0,0,0,0,0,0,0,0,0,0,0,0,0,0,0,0,0,0,0,0,0,0,0,0,0,0,0,0,0,0,0,0,0,0,0,0,0,0,0,0,0,0,0,0,0,0,0,0,0,0,0,0,0,0,0,0,0,0,0,0,0,0,0,0,0,0,0,0,0,0,0,0,0,0,0,0,0,0,0,0,0,0,0,0,0,0,0,0,0,0,0,0,0,0,0,0,0,0,0,0,0,0,0,0,0,0,0,0,0,0,0,0
"NCL",0,0,0,0,0,0,0,0,0,0,0,0,0,0,0,0,0,0,0,0,0,0,0,0,0,0,0,0,0,0,0,0,0,0,0,0,0,0,0,0,0,0,0,0,0,0,0,0,0,0,0,0,0,0,0,0,0,0,0,0,0,0,0,0,0,0,0,0,0,0,0,0,0,0,0,0,0,0,0,0,0,0,0,0,0,70740000,0,0,0,0,0,0,0,0,0,0,0,0,0,0,0,0,0,0,0,0,0,0,0,0,0,0,0,0,0,0,0,0,0,0,7860000,0,0,0,0,0,0,0,0,0,0,0,0,0,0,0,0,0,0,0,0,0,0,0,0,0,0,0,0,0,0,0,0,0,0,0,0,0,0,0,0,0,0,0,0,0,0,0,0,0,0,0,0,0,0,0,0,0,0,0,0,0,0,0,0,0,0,0,0,0,0,0,0,0,0
"MKD",0,0,1997550000,0,0,0,137550000,74670000,0,0,0,0,0,0,0,0,107010000,0,0,0,0,668880000,0,0,0,349770000,0,0,0,0,0,0,0,0,0,0,0,0,23580000,19650000,0,0,0,0,0,0,0,0,0,0,0,0,0,0,0,0,0,0,0,31440000,3910350000,65250000,0,154050000,0,0,0,0,0,0,0,0,577710000,3360150000,0,0,0,0,19650000,0,0,31440000,0,0,0,0,0,0,0,0,0,0,0,0,0,0,0,0,78600000,57420000,0,0,0,0,0,0,0,0,0,0,0,0,0,0,0,0,0,0,0,0,0,3930000,0,0,0,7860000,0,414260000,23580000,0,0,0,0,0,0,0,0,0,0,0,770280000,0,0,0,0,0,0,3930000,0,0,0,1756710000,51090000,0,0,0,7830000,0,0,0,43230000,74670000,0,0,0,0,0,0,0,0,0,0,0,58950000,0,0,0,0,275100000,0,0,0,0,0,0,11790000,0,0,0,0,4541310000,1011270000,0,0,0
"VUT",0,0,0,0,0,0,0,0,0,0,0,0,0,0,0,0,0,0,0,0,0,0,0,0,0,0,0,0,0,0,0,0,0,0,0,0,0,0,0,0,0,0,0,0,0,0,0,0,0,0,0,0,0,0,0,0,0,0,0,0,0,0,0,0,0,0,0,0,0,0,0,0,0,0,0,0,0,0,0,0,0,0,0,0,0,0,0,0,0,0,0,0,0,0,0,0,0,0,0,0,0,0,0,0,0,0,0,0,0,0,0,0,0,0,0,0,0,0,0,0,0,0,0,0,0,0,0,0,0,0,0,0,0,0,0,0,0,0,0,0,0,0,0,0,0,0,0,0,0,0,0,0,0,0,0,0,0,0,0,0,0,0,0,0,0,0,0,0,0,0,0,0,0,0,0,0,0,0,0,0,0,0,0,0,0,0,0,0,0,0,0,0,0,0,0
"NZL",0,0,0,0,0,0,95180310000,0,0,43230000,0,0,0,0,0,0,0,0,0,53640000,7860000,0,0,0,0,168990000,0,0,0,0,0,226560000,0,0,0,328800000,0,0,0,0,0,3930000,0,0,0,0,0,0,0,0,0,447930000,0,0,92940000,0,0,0,0,47160000,0,0,3930000,0,0,0,0,0,0,0,0,353700000,0,0,0,58950000,161130000,0,3930000,0,0,0,0,0,0,35370000,0,0,3930000,0,0,424440000,0,0,0,0,0,0,0,0,0,0,0,1308690000,0,0,0,0,0,0,0,0,0,0,0,0,0,0,90390000,0,19650000,0,0,0,0,7860000,12238020000,0,0,140160000,0,0,613080000,0,0,0,0,0,70740000,0,0,0,0,0,0,0,0,133620000,0,0,0,0,0,8174400000,0,27510000,0,0,0,0,0,0,0,0,7860000,0,36660000,0,102120000,0,0,0,0,70740000,0,0,234480000,0,90360000,0,0,0,0,0,0,0,0,0,0,0,0,0,0,0,0
"NIC",0,0,0,0,0,0,0,66240000,0,0,0,0,0,0,0,0,0,0,0,0,0,0,0,0,0,0,0,0,0,0,0,0,0,0,0,0,1101240000,0,0,0,0,0,0,0,0,4140000,0,9116280000,0,0,0,0,0,49680000,0,0,0,0,0,5982300000,0,0,0,0,0,0,7986060000,0,0,0,281520000,0,0,0,0,0,0,0,0,0,0,0,0,0,0,0,0,0,0,0,0,0,0,0,0,0,0,0,0,4140000,0,0,0,0,0,0,0,0,0,0,0,0,0,0,0,0,418140000,0,0,0,0,0,0,0,0,0,0,442980000,0,0,0,0,0,0,0,0,0,0,0,0,0,0,0,0,0,0,0,0,0,0,0,0,0,0,0,0,0,0,0,0,0,0,0,0,0,0,0,0,0,0,0,0,0,0,0,0,0,0,298080000,0,0,0,0,0,0,0,0,0,0,0,0,0,0,0,0
"NER",0,0,0,0,0,0,0,0,0,0,0,0,0,0,0,0,0,0,0,0,0,0,0,0,0,0,0,0,0,0,0,0,0,0,0,0,0,0,0,0,0,0,0,0,0,0,0,0,0,0,0,0,0,0,0,0,0,0,0,0,0,0,0,0,0,0,0,0,0,0,0,0,0,0,0,0,0,0,0,0,0,0,0,0,0,0,0,0,0,0,0,0,0,0,0,0,0,0,0,0,0,0,0,0,0,0,0,0,0,0,0,0,0,0,0,0,0,0,0,0,0,0,0,0,271170000,0,0,0,0,0,0,0,0,0,0,0,0,0,0,0,0,0,0,0,0,0,0,0,0,0,0,0,0,0,0,0,0,0,0,0,0,0,0,0,0,0,0,0,0,0,0,0,0,0,0,0,0,0,0,0,0,0,0,0,0,0,0,0,0,0,0,0,0,0,0
"NGA",0,0,0,0,0,0,0,0,0,0,0,0,0,0,0,0,0,0,0,0,0,0,0,0,0,0,0,0,0,0,0,0,0,0,0,0,0,0,0,0,0,0,0,0,0,0,0,0,0,0,0,0,0,0,0,0,0,0,0,0,0,0,0,0,0,0,0,0,0,0,0,0,0,0,0,0,0,0,0,0,0,0,0,0,0,0,0,0,0,0,0,0,0,0,0,0,0,0,0,0,0,0,0,0,0,0,0,0,0,0,0,0,0,0,0,0,0,0,0,0,0,0,0,0,0,0,0,0,0,0,0,0,0,0,0,0,0,0,0,0,0,0,0,0,0,0,0,0,0,0,0,0,0,0,0,0,0,0,0,0,0,0,0,0,0,0,0,0,0,0,0,0,0,0,0,0,0,0,0,0,0,0,0,0,0,0,0,0,0,0,0,0,0,0,0
"NOR",0,0,0,0,0,0,0,4896780000,0,0,0,0,0,0,0,0,0,0,0,0,0,0,0,0,0,0,0,0,0,0,0,3930000,0,0,0,0,0,0,0,0,0,6877500000,0,0,0,0,0,0,0,0,23580000,0,487320000,412650000,0,0,0,0,0,6439950000,0,0,0,0,0,0,0,0,0,0,0,3930000,0,0,227940000,0,0,0,0,0,0,82530000,0,0,0,0,0,0,0,0,0,0,0,0,0,0,0,0,0,1638810000,0,0,0,0,0,0,0,0,0,0,0,0,0,0,0,0,412650000,0,0,0,0,0,0,0,0,0,0,0,0,0,0,0,0,448020000,0,0,0,0,0,0,0,0,0,0,0,0,0,0,0,0,0,0,7860000,15720000,0,0,27510000,0,0,0,28135440000,0,0,0,0,0,0,0,0,0,0,0,0,0,0,0,660240000,0,98250000,0,0,0,0,0,0,0,0,0,7860000,0,0,0,0,0,0
"PAK",0,224010000,0,0,0,0,0,0,0,0,0,0,0,0,0,0,0,0,0,0,0,0,0,0,0,27510000,0,0,0,0,0,0,0,0,0,0,0,0,0,0,0,0,0,0,0,0,0,0,0,0,0,0,0,0,0,0,0,0,0,0,0,0,0,0,0,0,0,0,0,0,0,0,0,0,0,0,0,0,0,0,0,0,0,0,0,39300000,0,0,0,0,0,0,0,0,0,0,0,0,0,0,0,82530000,0,0,0,0,0,0,0,0,0,0,0,0,0,0,0,0,0,0,0,2610000,0,0,7860000,0,0,0,0,0,0,0,0,0,0,0,0,0,0,0,0,0,0,0,0,0,0,0,0,0,0,0,0,0,0,0,0,0,0,0,0,0,0,0,0,3930000,0,0,0,0,0,0,0,0,0,0,0,0,0,0,0,0,0,0,0,0,0,0,0,0,0,0,0,0,0
"PAN",0,0,0,0,0,801060000,0,0,0,0,0,0,0,0,0,0,0,0,0,0,0,0,0,0,0,931500000,0,0,0,0,0,0,0,0,0,0,0,0,0,0,0,0,0,0,0,0,0,0,0,0,0,0,0,0,0,0,0,0,0,186300000,0,0,0,0,0,0,0,0,0,0,0,0,0,0,0,0,0,0,0,0,0,252540000,0,0,0,0,0,0,0,0,0,0,0,0,0,0,0,0,0,0,0,0,0,0,0,0,0,0,0,0,0,0,0,0,0,0,844560000,0,0,0,0,0,0,0,0,0,0,0,0,0,0,0,0,0,0,0,0,0,0,0,0,0,0,0,0,0,0,0,0,0,0,0,0,169740000,0,0,1268910000,0,0,0,0,592020000,0,0,0,0,0,0,0,0,0,0,0,0,0,0,4140000,0,169740000,0,484330000,0,0,0,0,0,0,0,0,0,0,0,0,0,0
"CZE",15720000,0,0,0,0,0,23580000,13823410000,0,0,0,0,0,0,0,0,0,0,0,0,0,2330460000,0,0,0,2224380000,0,0,0,0,0,3930000,0,0,0,0,0,0,774210000,251520000,0,117900000,0,0,514770000,0,0,0,0,133620000,0,0,137550000,10375200000,0,0,11790000,0,0,44415510000,43230000,0,0,2306910000,0,0,0,0,0,0,0,15720000,40597350000,4018830000,0,3930000,0,36540000,19650000,15720000,282960000,2114220000,0,0,0,55020000,0,0,0,0,0,7860000,1312620000,117900000,0,11790000,0,0,15720000,311760000,0,0,0,0,0,0,74670000,0,7860000,0,157200000,0,0,27510000,0,0,12941490000,0,0,4140000,0,62880000,0,0,0,35370000,0,0,0,0,0,0,0,54482790000,1642740000,0,0,0,0,0,5627340000,0,1414800000,0,0,0,0,326190000,0,0,0,220080000,155936890000,7860000,0,133620000,1383360000,0,0,0,106110000,2161500000,0,3930000,3930000,0,0,0,0,0,0,0,19650000,951060000,0,0,29625630000,125760000,251520000,0,0,3930000,0,0,0,0,0,0,20683590000,0,39320000,0,0,0,70740000
"PNG",0,0,0,0,0,0,0,0,0,0,0,0,0,0,0,0,0,0,0,0,0,0,0,0,0,0,0,0,0,0,0,0,0,0,0,0,0,0,0,0,0,0,0,0,0,0,0,0,0,0,0,0,0,0,0,0,0,0,0,0,0,0,0,0,0,0,0,0,0,0,0,0,0,0,0,0,0,0,0,0,0,0,0,0,0,0,0,0,0,0,0,0,0,0,0,0,0,0,0,0,0,0,0,0,0,0,0,0,0,0,0,0,0,0,0,0,0,0,0,0,0,0,0,0,0,0,0,0,0,0,0,0,0,0,0,0,0,0,0,0,0,0,0,0,0,0,0,0,0,0,0,0,0,0,0,0,0,0,0,0,0,0,0,0,0,0,0,0,0,0,0,0,0,0,0,0,0,0,0,0,0,0,0,0,0,0,0,0,0,0,0,0,0,0,0
"PRY",0,0,0,0,0,0,0,0,0,0,0,0,0,0,0,0,0,0,0,0,0,0,0,0,0,3930000,0,0,0,0,0,0,0,0,0,0,0,0,0,0,0,0,0,0,0,0,0,0,0,0,0,0,0,0,0,0,0,0,0,0,0,0,0,0,0,0,0,0,0,0,0,0,0,0,0,0,0,0,0,0,0,0,0,0,0,0,0,0,0,0,0,0,0,0,0,0,0,0,0,0,0,0,0,0,0,0,0,0,0,0,0,0,0,0,0,0,0,0,0,0,0,0,0,0,0,0,0,0,0,0,0,0,0,0,0,0,0,0,0,0,0,0,0,0,0,0,0,0,0,0,0,0,0,0,0,0,0,0,0,0,0,0,0,0,0,0,0,0,0,0,0,0,0,0,0,0,0,0,0,0,0,0,0,0,0,0,0,0,0,0,0,0,0,0,0
"PER",0,0,0,2.07e+08,0,307840000,1847800000,35640000,0,0,0,0,0,0,5314770000,0,1772550000,0,0,0,0,1442610000,0,0,0,5364680000,0,0,0,0,2682530000,75690000,5378820000,0,0,0,1842650000,0,0,0,0,0,0,7860000,0,5279540000,0,23580000,0,0,0,0,44640000,21732960000,0,0,0,0,0,44545960000,0,0,0,0,0,0,421650000,0,23580000,0,78300000,0,0,0,0,0,616860000,0,0,4140000,43470000,29790230000,0,0,0,697320000,0,0,0,0,0,195450000,0,0,0,0,0,0,0,0,0,0,0,13873140000,0,0,0,0,0,11737260000,0,0,0,0,0,0,77281490000,0,0,0,0,48480000,0,0,0,54990000,0,1623150000,23490000,0,0,0,0,20700000,32940000,0,0,0,0,0,0,0,0,0,0,0,0,0,0,0,0,72870000,0,1.656e+09,0,13500000,17728890000,0,0,0,24210000,8590500000,0,0,3930000,0,10440000,0,0,0,0,0,8726400000,0,0,0,12716360000,0,68036510000,0,104400000,0,3594650000,0,0,0,0,0,43880670000,0,0,0,0,0,0
"PHL",0,0,0,0,0,0,141480000,0,0,770280000,0,0,0,0,0,0,0,0,0,0,47160000,0,11790000,0,0,191250000,0,0,0,0,0,248910000,0,0,0,0,0,0,0,0,0,0,0,0,0,0,14400000,0,0,0,0,7860000,0,7860000,0,0,0,0,0,307980000,0,0,0,0,0,0,0,0,0,0,0,204750000,0,0,0,0,555870000,0,0,0,3930000,3930000,0,0,0,132630000,2610000,0,0,0,0,306540000,19650000,0,0,0,0,0,0,0,3930000,0,0,1829340000,0,0,0,0,3930000,0,137550000,0,0,0,0,0,1351560000,0,0,0,3930000,11790000,0,0,0,78600000,226110000,0,0,39300000,0,0,0,0,0,0,0,0,31440000,0,0,0,0,0,0,0,0,281610000,0,0,35370000,0,0,1592370000,0,0,425430000,0,0,0,0,0,0,0,66810000,0,1477680000,0,0,0,0,0,0,151920000,0,0,2579250000,0,11623680000,0,0,0,0,86460000,0,0,0,0,0,0,0,0,0,0,0
"POL",2608070000,212220000,1654260000,3257970000,0,0,13550610000,39322230000,0,1257600000,0,39300000,0,0,0,0,1941420000,0,196500000,0,0,24989080000,0,0,337980000,17995380000,0,0,94320000,0,487320000,2220450000,3930000,0,0,0,55020000,0,4123010000,5920130000,27510000,10237650000,0,0,3450680000,0,7324170000,0,0,7191210000,0,0,12142950000,106766080000,47160000,0,2504670000,0,0,182850910000,9925860000,52200000,0,16348800000,0,0,7860000,3930000,3930000,0,0,3340500000,6.2813e+10,25552630000,106110000,5655270000,0,1192080000,255450000,2560800000,22753950000,38741780000,0,695610000,0,2220450000,1634880000,1635990000,11790000,0,165060000,15720000,6103290000,12266270000,0,11275170000,0,0,10219290000,44370800000,0,0,0,0,27510000,0,2287260000,0,7860000,864600000,6170100000,0,0,7802030000,0,0,72008540000,0,43230000,2373880000,0,888180000,3930000,0,3930000,3467340000,326190000,652380000,110852210000,0,0,0,7860000,0,1727010000,0,0,0,3273690000,0,72726400000,0,99225990000,0,0,0,0,26971530000,0,0,0,12586700000,28331010000,1037520000,0,13428810000,14085120000,0,1065030000,0,35028090000,7176180000,212220000,856740000,703470000,0,137550000,0,0,0,3580230000,15720000,41198440000,29887650000,0,0,539027870000,86173170000,41317260000,0,141480000,2538140000,0,212220000,43230000,1374180000,0,3930000,16565900000,75210000,20944080000,1379430000,15720000,0,298680000
"PRT",0,0,0,106110000,0,0,0,7860000,0,3930000,0,0,0,0,0,0,436230000,0,3930000,0,0,43230000,0,0,0,113970000,911580000,0,0,0,0,7860000,19650000,0,0,0,0,0,0,0,0,64170000,0,0,0,51090000,129690000,0,3930000,0,0,0,0,1186860000,0,0,0,0,0,168960000,0,0,0,1147560000,0,0,11790000,7860000,0,0,0,3930000,11790000,0,0,0,0,31440000,137550000,27510000,0,389070000,0,0,0,27480000,133620000,0,0,0,0,0,180780000,31440000,0,204360000,0,0,1340130000,74670000,19650000,66810000,0,0,0,0,0,0,3930000,0,0,11790000,673320000,0,0,0,141480000,0,0,0,0,0,0,0,0,0,0,0,86460000,0,15720000,0,35370000,15720000,0,65490000,39300000,0,7860000,0,51090000,0,23580000,0,0,0,183960000,750630000,0,0,0,0,0,90390000,0,813510000,10381650000,0,0,0,19650000,144660000,0,0,0,0,0,0,0,0,0,0,0,1418730000,0,0,241020000,78600000,212220000,0,51090000,0,125760000,11790000,0,0,0,0,558060000,129690000,0,0,0,0,0
"GNB",0,0,0,0,0,0,0,0,0,0,0,0,0,0,0,0,0,0,0,0,0,0,0,0,0,0,0,0,0,0,0,0,0,0,0,0,0,0,0,0,0,0,0,0,0,0,0,0,0,0,0,0,0,0,0,0,0,0,0,0,0,0,0,0,0,0,0,0,0,0,0,0,0,0,0,0,0,0,0,0,0,0,0,0,0,0,0,0,0,0,0,0,0,0,0,0,0,0,0,0,0,0,0,0,0,0,0,0,0,0,0,0,0,0,0,0,0,0,0,0,0,0,0,0,0,0,0,0,0,0,0,0,0,0,0,0,0,0,0,0,0,0,0,0,0,0,0,0,0,0,0,0,0,0,0,0,0,0,0,0,0,0,0,0,0,0,0,0,0,0,0,0,0,0,0,0,0,0,0,0,0,0,0,0,0,0,0,0,0,0,0,0,0,0,0
"TLS",0,0,0,0,0,0,0,0,0,0,0,0,0,0,0,0,0,0,0,0,0,0,0,0,0,0,0,0,0,0,0,0,0,0,0,0,0,0,0,0,0,0,0,0,0,0,0,0,0,0,0,0,0,0,0,0,0,0,0,0,0,0,0,0,0,0,0,0,0,0,0,0,0,0,0,0,0,0,0,0,0,0,0,0,0,0,0,0,0,0,0,0,0,0,0,0,0,0,0,0,0,0,0,0,0,0,0,0,0,0,0,0,0,0,0,0,0,0,0,0,0,0,0,0,0,0,0,0,0,0,0,0,0,0,0,0,0,0,0,0,0,0,0,0,0,0,0,0,0,0,0,0,0,0,0,0,0,0,0,0,0,0,0,0,0,0,0,0,0,0,0,0,0,0,0,0,0,0,0,0,0,0,0,0,0,0,0,0,0,0,0,0,0,0,0
"ERI",0,0,0,0,0,0,0,0,0,0,0,0,0,0,0,0,0,0,0,0,0,0,0,0,0,0,0,0,0,0,0,0,0,0,0,0,0,0,0,0,0,0,0,0,0,0,0,0,0,0,0,0,0,0,0,0,0,0,0,0,0,0,0,0,0,0,0,0,0,0,0,0,0,0,0,0,0,0,0,0,0,0,0,0,0,0,0,0,0,0,0,0,0,0,0,0,0,0,0,0,0,0,0,0,0,0,0,0,0,0,0,0,0,0,0,0,0,0,0,0,0,0,0,0,0,0,0,0,0,0,0,0,0,0,0,0,0,0,0,0,0,0,0,0,0,0,0,0,0,0,0,0,0,0,0,0,0,0,0,0,0,0,0,0,0,0,0,0,0,0,0,0,0,0,0,0,0,0,0,0,0,0,0,0,0,0,0,0,0,0,0,0,0,0,0
"QAT",0,0,0,0,0,0,0,0,0,0,0,0,0,0,0,0,0,0,0,0,0,0,0,0,0,0,0,0,0,0,0,0,0,0,0,0,0,0,0,0,0,0,0,0,0,0,0,0,0,0,0,0,0,0,0,0,0,0,0,0,0,0,0,0,0,0,0,0,0,0,0,0,0,0,0,0,0,0,0,0,0,0,0,0,0,0,0,0,0,0,0,0,0,0,0,0,0,0,0,0,0,0,0,0,0,0,0,0,0,0,0,0,0,0,0,0,0,0,0,0,0,0,0,0,0,0,0,0,0,0,0,0,0,0,0,0,0,0,0,0,0,0,0,0,0,0,0,0,0,0,0,0,0,0,0,0,0,0,0,0,0,0,0,0,0,0,0,0,0,0,0,0,0,0,0,0,0,0,0,0,0,0,0,0,0,0,0,0,0,0,0,0,0,0,0
"ZWE",0,0,0,0,0,0,0,0,0,0,0,0,0,0,0,129690000,0,0,0,0,0,0,0,0,0,0,0,0,0,0,0,0,0,0,0,0,0,0,0,0,0,0,0,0,0,0,0,0,0,0,0,0,0,0,0,0,0,0,0,0,0,0,0,0,0,0,0,0,0,0,0,0,0,0,0,0,0,0,0,0,0,0,0,0,0,0,0,0,0,0,0,0,0,0,0,0,0,0,0,0,0,0,0,0,0,0,0,0,0,0,0,0,121830000,0,0,0,0,0,0,0,0,0,0,0,0,0,0,0,0,0,0,0,0,0,0,0,0,0,0,0,0,0,0,0,0,0,0,0,0,0,0,0,0,0,0,0,0,0,0,0,0,0,0,0,0,0,0,0,0,0,0,0,0,0,0,0,0,0,0,0,0,0,0,0,0,0,0,422790000,0,0,0,0,0,0,0
"ROU",3930000,0,648450000,2825670000,0,0,11790000,27510000,0,0,0,0,0,0,0,0,153270000,0,0,0,0,20624160000,0,0,0,550200000,0,0,0,0,129690000,471600000,0,0,0,0,0,0,102180000,0,0,7860000,0,66810000,0,0,487320000,0,0,15720000,0,0,70740000,137550000,0,0,51090000,0,0,7081580000,1968930000,0,0,8.52e+08,0,0,0,0,0,0,0,3930000,4380600000,530550000,0,35370000,0,27510000,0,43230000,605220000,3647010000,0,0,0,145410000,0,0,0,0,0,353700000,0,530550000,0,1642740000,0,0,51090000,1237170000,0,23580000,0,0,0,0,43230000,0,0,0,0,0,0,2565240000,0,0,714480000,0,0,628680000,0,11790000,0,0,0,0,0,0,778140000,0,0,0,554130000,2591480000,15720000,0,0,0,0,0,0,0,695610000,0,0,0,0,239730000,0,0,0,77160000,1047630000,27510000,0,7860000,1302090000,0,0,0,27510000,0,31440000,0,27510000,0,43230000,0,0,0,0,0,678150000,1092540000,0,0,1230030000,216990000,267240000,0,0,0,0,0,0,0,0,0,2153640000,7860000,3053610000,613080000,0,0,0
"RWA",0,0,0,0,0,0,0,0,0,0,0,0,0,0,0,0,0,0,0,0,0,0,0,0,0,0,0,0,0,0,0,0,0,0,0,0,0,0,0,0,0,0,0,0,0,0,0,0,0,0,0,0,0,0,0,0,0,0,0,0,0,0,0,0,0,0,0,0,0,0,0,0,0,0,0,0,0,0,0,0,0,0,0,0,0,0,0,0,0,0,0,0,0,0,0,0,0,0,0,0,0,0,0,0,0,0,0,0,0,0,0,0,0,0,0,0,0,0,0,0,0,0,0,0,0,0,0,0,0,0,0,0,0,0,0,0,0,0,0,0,0,0,0,0,0,0,0,0,0,0,0,0,0,0,0,0,0,0,0,0,0,0,0,0,0,0,0,0,0,0,0,0,0,19650000,0,0,0,0,0,0,0,0,0,0,0,0,11790000,0,0,0,0,0,0,0,0
"RUS",30045270000,149340000,0,0,0,0,23580000,0,0,0,0,0,0,0,0,0,853600000,0,0,0,0,801720000,0,0,0,949740000,0,0,0,0,0,180780000,0,0,0,0,0,15720000,0,96127380000,0,0,0,0,94989600000,0,0,0,0,1866080000,0,0,0,0,0,0,0,0,0,20469450000,0,0,28087320000,141480000,0,0,0,0,0,0,0,0,0,3930000,0,2578080000,0,0,0,0,2140470000,825300000,0,404760570000,0,7443420000,7860000,65668560000,0,0,15720000,1426590000,70740000,10159050000,0,0,0,0,0,10123680000,0,0,0,0,0,0,0,0,0,0,50408790000,0,0,10041120000,0,0,6493470000,0,0,0,0,0,0,0,0,3930000,0,0,200430000,0,0,0,0,581640000,0,0,0,0,0,0,3930000,0,0,0,0,0,0,27510000,0,0,0,0,0,0,0,62880000,0,0,50317380000,0,0,0,0,30063180000,3.144e+09,0,0,0,0,0,0,0,738840000,39300000,0,0,0,247258240000,6505380000,0,0,13586730000,0,255450000,0,0,0,0,0,0,137550000,0,0,0,0
"KNA",0,0,0,0,0,0,0,0,0,0,0,0,0,0,0,0,0,0,0,0,0,0,0,0,0,0,0,0,0,0,0,0,0,0,0,0,0,0,0,0,0,0,0,0,0,0,0,0,0,0,0,0,0,0,0,0,0,0,0,0,0,0,0,0,0,0,0,0,0,0,0,0,0,0,0,0,0,0,0,0,0,0,0,0,0,0,0,0,0,0,0,0,0,0,0,0,0,0,0,0,0,0,0,0,0,0,0,0,0,0,0,0,0,0,0,0,0,0,0,0,0,0,0,0,0,0,0,0,0,0,0,0,0,0,0,0,0,0,0,0,0,0,0,0,0,0,0,0,0,0,0,0,0,0,0,0,0,0,0,0,0,0,0,0,0,0,0,0,0,0,0,0,0,0,0,0,0,0,0,0,0,0,0,0,0,0,0,0,0,0,0,0,0,0,0
"LCA",0,0,0,0,0,0,0,0,0,0,0,0,0,0,0,0,0,0,0,0,0,0,0,0,0,0,0,0,0,0,0,0,0,0,0,0,0,0,0,0,0,0,0,0,0,0,0,0,0,0,0,0,0,0,0,0,0,0,0,0,0,0,0,0,0,0,0,0,0,0,0,0,0,0,0,0,0,0,0,0,0,0,0,0,0,0,0,0,0,0,0,0,0,0,0,0,0,0,0,0,0,0,0,0,0,0,0,0,0,0,0,0,0,0,0,0,0,0,0,0,0,0,0,0,0,0,0,0,0,0,0,0,0,0,0,0,0,0,0,0,0,0,0,0,0,0,0,0,0,0,0,0,0,0,0,0,0,0,0,0,0,0,0,0,0,0,0,0,0,0,0,0,0,0,0,0,0,0,0,0,0,0,0,0,0,0,0,0,0,0,0,0,0,0,0
"VCT",0,0,0,0,0,0,0,0,0,0,0,0,0,0,0,0,0,0,0,0,0,0,0,0,0,0,0,0,0,0,0,0,0,0,0,0,0,0,0,0,0,0,0,0,0,0,0,0,0,0,0,0,0,0,0,0,0,0,0,0,0,0,0,0,0,0,0,0,0,0,0,0,0,0,0,0,0,0,0,0,0,0,0,0,0,0,0,0,0,0,0,0,0,0,0,0,0,0,0,0,0,0,0,0,0,0,0,0,0,0,0,0,0,0,0,0,0,0,0,0,0,0,0,0,0,0,0,0,0,0,0,0,0,0,0,0,0,0,0,0,0,0,0,0,0,0,0,0,0,0,0,0,0,0,0,0,0,0,0,0,0,0,0,0,0,0,0,0,0,0,0,0,0,0,0,0,0,0,0,0,0,0,0,0,0,0,0,0,0,0,0,0,0,0,0
"STP",0,0,0,0,0,0,0,0,0,0,0,0,0,0,0,0,0,0,0,0,0,0,0,0,0,0,0,0,0,0,0,0,0,0,0,0,0,0,0,0,0,0,0,0,0,0,0,0,0,0,0,0,0,2868600000,0,0,0,3930000,0,861120000,0,0,0,0,0,0,0,0,0,0,0,0,0,0,0,0,0,0,0,0,0,48840000,0,0,0,0,0,0,0,0,0,0,0,0,0,0,0,0,0,0,0,0,0,0,0,0,0,0,0,0,0,0,0,0,0,0,7940520000,0,0,0,0,0,0,0,0,0,0,0,0,0,0,0,0,0,806670000,0,0,0,0,0,0,0,0,0,0,0,0,0,0,0,0,0,0,0,0,0,2769660000,0,0,0,0,1.2e+07,0,0,0,0,0,0,0,0,0,0,1573200000,0,0,0,0,0,15930000,0,0,0,0,0,0,0,0,0,2877300000,0,0,0,0,0,0
"SAU",0,0,0,0,0,0,0,0,0,341910000,0,0,0,0,0,0,0,0,0,0,0,0,0,0,0,0,0,0,0,0,0,0,0,0,0,0,0,0,0,0,0,0,0,0,0,0,0,0,0,0,0,0,0,0,0,0,0,0,0,0,0,0,0,0,0,0,0,0,0,0,0,15720000,0,0,0,0,0,0,58950000,0,0,0,0,0,0,0,2754930000,0,0,0,0,0,1304760000,0,0,708420000,0,0,0,0,0,0,0,0,0,0,0,0,0,0,0,121830000,0,0,0,0,0,0,0,0,0,0,0,0,0,0,0,0,0,0,0,0,0,0,0,0,0,0,2845320000,0,0,0,0,0,0,0,0,0,0,0,0,0,0,0,0,0,0,0,0,0,0,0,0,0,0,0,0,0,0,0,389070000,0,994290000,1568070000,0,0,0,0,0,0,0,0,0,0,0,0,0,0,0,0,0,0,1591650000,0,0
"SEN",0,0,0,0,0,0,0,0,0,0,0,0,0,0,0,0,0,0,0,0,227940000,0,0,0,448020000,0,0,0,0,0,0,0,0,0,58950000,0,0,0,0,0,102180000,0,0,0,0,0,0,0,0,0,0,0,0,224010000,0,0,0,23580000,5143920000,0,0,0,0,0,0,0,0,8293110000,0,0,0,0,0,0,0,0,0,0,0,0,0,0,133620000,0,0,0,0,0,0,0,0,0,0,0,0,0,0,0,0,0,0,0,0,0,0,1608630000,0,3644190000,0,0,0,0,0,0,0,0,0,0,0,0,0,0,0,7860000,400860000,0,0,0,0,0,0,0,0,0,0,1853520000,0,0,0,0,0,0,0,0,0,0,0,0,0,0,39150000,0,0,0,0,0,0,0,0,0,0,0,0,0,0,0,0,0,0,0,0,0,0,0,0,0,129690000,0,0,77280000,0,0,0,0,0,0,0,0,0,0,0,0,0,0,0
"SYC",0,0,0,0,0,0,0,0,0,0,0,0,0,0,0,0,0,0,0,0,0,0,0,0,0,0,0,0,0,0,0,0,0,0,0,0,0,0,0,0,0,0,0,0,0,0,0,0,0,0,0,0,0,0,0,0,0,0,0,0,0,0,0,0,0,0,0,0,0,0,0,0,0,0,0,0,0,0,0,0,0,0,0,0,0,0,0,0,0,0,0,0,0,0,0,0,0,0,0,0,0,0,0,0,0,0,0,0,0,0,0,0,0,0,0,0,0,0,0,0,0,0,0,0,0,0,0,0,0,0,0,0,0,0,0,0,0,0,0,0,0,0,0,0,0,0,0,0,0,0,0,0,0,0,0,0,0,0,0,0,0,0,0,0,0,0,0,0,0,0,0,0,0,0,0,0,0,0,0,0,0,0,0,0,0,0,0,0,0,0,0,0,0,0,0
"SLE",0,0,0,0,0,0,0,0,0,0,0,0,0,0,0,0,0,0,0,0,0,0,0,0,0,0,0,0,0,0,0,0,0,0,0,0,0,0,0,0,0,0,0,0,0,0,0,0,0,0,0,0,0,0,0,0,0,0,0,0,0,0,0,0,0,0,0,0,0,0,0,0,0,0,0,0,0,0,0,0,0,0,0,0,0,0,0,0,0,0,0,0,0,0,0,0,0,0,0,0,0,0,0,0,0,0,0,0,0,0,0,0,0,0,0,0,0,0,0,0,0,0,0,0,0,0,0,0,0,0,0,0,0,0,0,0,0,0,0,0,0,0,0,0,0,0,0,0,0,0,0,0,0,0,0,0,0,0,0,0,0,0,0,0,0,0,0,0,0,0,0,0,0,0,0,0,0,0,0,0,0,0,0,0,0,0,0,0,0,0,0,0,0,0,0
"SVN",26400000,0,19650000,51090000,0,0,0,1516980000,0,0,0,0,0,0,0,0,0,0,0,0,0,180780000,0,0,0,133620000,0,0,0,0,0,0,0,0,0,0,0,0,0,699540000,0,7860000,0,0,0,0,0,0,0,0,0,0,0,19110270000,0,0,15720000,0,0,1516980000,797990000,0,0,51090000,0,0,0,0,0,0,0,0,2665380000,4770870000,0,0,0,15720000,0,0,86460000,2676330000,0,3930000,0,3930000,0,0,0,0,0,0,0,0,0,0,0,55020000,3930000,0,0,0,0,0,0,0,0,0,0,0,0,0,0,0,0,0,113310000,0,0,1270680000,0,0,0,0,0,55020000,0,0,1068960000,0,0,0,0,3757080000,1316550000,0,0,0,0,0,903900000,0,821370000,0,0,0,0,0,0,0,0,0,943200000,0,0,0,5191740000,0,0,0,0,145410000,0,0,0,0,0,0,0,0,0,0,0,0,0,0,31440000,76290000,11790000,0,0,0,0,0,0,0,0,0,35370000,0,1139700000,298890000,0,0,0
"SVK",0,0,0,0,0,0,1226160000,12214440000,0,0,0,0,0,0,0,0,15720000,0,0,0,0,20906540000,0,0,0,652380000,0,0,0,0,0,0,0,0,0,0,0,0,70740000,94320000,0,0,0,0,0,0,7860000,0,0,0,0,0,0,17146590000,0,0,0,0,0,14206950000,47160000,0,0,1839240000,0,0,0,0,0,0,0,0,34183170000,66810000,0,518760000,0,0,0,102180000,82530000,10178700000,0,0,0,0,0,0,0,0,0,0,0,951060000,0,0,0,0,0,2106480000,0,0,0,0,0,0,0,0,0,0,0,0,0,0,0,0,420510000,0,0,0,0,0,0,0,0,78600000,0,0,89032770000,0,0,0,0,52291360000,1123980000,0,0,0,0,0,2558430000,0,1623090000,0,0,0,0,0,0,0,0,241020000,0,83520000,0,0,3851400000,0,0,0,7714590000,1.1397e+10,0,0,0,0,0,0,0,0,0,0,1387290000,0,0,0,24648960000,66810000,876390000,0,0,0,0,0,0,0,0,0,7349100000,0,58950000,0,0,0,0
"SGP",263310000,0,0,0,0,0,236060120000,0,0,585570000,0,1376760000,0,7860000,0,0,208800000,0,0,43200000,2538750000,31440000,821190000,0,39300000,2449080000,0,0,6076950000,0,200430000,90371690000,0,0,0,0,0,0,0,719190000,0,0,0,0,47160000,0,12375330000,0,0,0,0,64170000,0,0,0,0,0,0,0,6215580000,0,0,444090000,0,0,0,313950000,0,275100000,0,31440000,14657100000,0,0,0,38798410000,29022560000,2605590000,550200000,0,18965190000,0,0,499110000,0,589967670000,15720000,86460000,742890000,318330000,11790000,69318550000,281010000,110040000,3930000,1771980000,0,0,0,23580000,263310000,0,0,126537800000,362850000,0,19650000,0,43230000,7.11e+08,695610000,98250000,0,23580000,0,13050000,7801820000,0,7860000,0,0,42055120000,0,0,227940000,0,1480680000,235800000,0,216150000,0,0,26379690000,0,0,0,23580000,0,3.93e+08,0,0,0,65134050000,0,0,0,0,6306420000,0,31440000,0,0,0,0,0,20163250000,0,1121010000,11790000,0,0,4720000,960480000,62880000,9186370000,0,22476610000,35370000,0,0,3930000,0,0,28155020000,0,0,2279340000,196500000,68667810000,0,0,227660000,0,6403390000,27510000,58950000,3930000,0,480240000,0,0,0,0,0,0
"SOM",0,0,0,0,0,0,0,0,0,0,0,0,0,0,0,0,0,0,0,0,0,0,0,0,0,0,0,0,0,0,0,0,0,0,0,0,0,0,0,0,0,0,0,0,0,0,0,0,0,0,0,0,0,0,0,0,0,0,0,0,0,0,0,0,0,0,0,0,0,0,0,0,0,0,0,0,0,0,0,0,0,0,0,0,0,0,0,0,0,0,0,0,0,0,0,0,0,0,0,0,0,0,0,0,0,0,0,0,0,0,0,0,0,0,0,0,0,0,0,0,0,0,0,0,0,0,0,0,0,0,0,0,0,0,0,0,0,0,0,0,0,0,0,0,0,0,0,0,0,0,0,0,0,0,0,0,0,0,0,0,0,0,0,0,0,0,0,0,0,0,0,0,0,0,0,0,0,0,0,0,0,0,0,0,0,0,0,0,0,0,0,0,0,0,0
"ZAF",0,0,0,0,0,0,558060000,0,0,165060000,0,0,0,0,0,6711090000,11790000,0,0,0,0,0,0,0,0,145410000,0,0,0,0,0,44370000,0,70740000,184710000,0,0,0,51090000,0,0,0,0,0,0,0,27510000,0,0,0,0,0,0,389070000,0,113970000,0,0,15720000,23580000,0,2483970000,0,0,0,0,0,0,0,0,0,47160000,0,0,0,180780000,180780000,0,0,7860000,2782440000,0,0,0,0,0,0,0,3465960000,0,0,0,357630000,0,0,0,1331040000,0,0,0,0,577710000,3753390000,5.1e+07,0,0,0,0,2898780000,0,0,0,12724680000,0,7647330000,0,43140000,0,0,0,0,78600000,0,47160000,668100000,3930000,913080000,0,0,0,0,0,0,55020000,58950000,0,0,0,82530000,8089680000,0,82530000,0,0,0,0,0,389070000,0,448230000,0,0,0,70740000,0,0,0,0,0,1635780000,0,0,0,0,0,1037430000,0,0,0,0,58950000,0,0,1502550000,1594830000,0,1135770000,0,216150000,0,0,0,0,0,0,0,1599480000,8675970000,86430000,0,0,0,55020000,0,0
"ESP",65250000,24870000,0,20442210000,0,10358100000,4291920000,2645850000,0,70740000,0,1127910000,0,0,613350000,0,3596640000,0,0,0,0,1671390000,0,0,133620000,1515450000,349770000,0,0,0,15912930000,2442960000,1864890000,0,3930000,0,1990440000,617010000,904300000,0,0,886050000,27510000,1757730000,0,588180000,7609200000,283290000,1458030000,676760000,0,0,1892940000,230817990000,7860000,7860000,132030000,0,0,90421520000,444790000,11790000,0,14678800000,0,0,1031040000,148020000,0,20070000,215430000,790290000,6799690000,2379380000,27510000,171450000,55020000,2055690000,23580000,994200000,4977360000,80791770000,385110000,47010000,47160000,5569020000,1599620000,0,35580000,0,0,7533430000,591840000,376230000,0,3593240000,0,16560000,2018450000,479860000,0,0,0,90330000,15720000,10470000,343050000,204780000,24840000,7115400000,31440000,26785450000,0,221850000,0,15720000,33935620000,0,281640000,1057050000,0,113970000,19650000,3930000,51090000,1400370000,98250000,241470000,2073600000,0,62880000,2452410000,726810000,12259980000,134075950000,15720000,0,0,251520000,0,5916290000,0,18344880000,0,0,0,0,5774660000,2281830000,0,373350000,817410000,1569170000,136230000,0,5975390000,0,0,0,0,8393490000,9703790000,814350000,0,96840000,0,267240000,0,0,0,137550000,3860330000,2505420000,6307930000,0,0,33339260000,7996710000,65362650000,0,1629840000,1.466e+09,1748100000,62880000,3930000,359190000,7860000,0,44056230000,7860000,4978180000,0,100830000,0,0
"SUR",0,0,0,0,0,0,0,0,0,0,0,0,0,0,0,0,0,0,0,0,0,0,0,0,0,0,0,0,0,0,0,0,0,0,0,0,0,0,0,0,0,0,0,0,0,0,0,0,0,0,0,0,0,0,0,0,0,0,0,0,0,0,0,0,0,0,0,0,0,0,0,0,0,0,0,0,0,0,0,0,0,0,0,0,0,0,0,0,0,0,0,0,0,0,0,0,0,0,0,0,0,0,0,0,0,0,0,0,0,0,0,0,0,0,0,0,0,0,0,0,0,0,0,0,0,0,0,0,0,0,0,0,0,0,0,0,0,0,0,0,0,0,0,0,0,0,0,0,0,0,0,0,0,0,0,0,0,0,0,0,0,0,0,0,0,0,0,0,0,0,0,0,0,0,0,0,0,0,0,0,0,0,0,0,0,0,0,0,0,0,0,0,0,0,0
"TJK",0,0,0,0,0,0,0,0,0,0,0,0,0,0,0,0,0,0,0,0,0,0,0,0,0,0,0,0,0,0,0,0,0,0,0,0,0,0,0,0,0,0,0,0,0,0,0,0,0,0,0,0,0,0,0,0,0,0,0,0,0,0,0,0,0,0,0,0,0,0,0,0,0,0,0,0,0,0,0,0,0,0,0,0,0,0,0,0,0,0,0,0,0,0,0,0,0,0,0,0,0,0,0,0,0,0,0,0,0,0,0,0,0,0,0,0,0,0,0,0,0,0,0,0,0,0,0,0,0,0,0,0,0,0,0,0,0,0,0,0,0,0,0,0,0,0,0,0,0,0,0,0,0,0,0,0,0,0,0,0,0,0,0,0,0,0,0,0,0,0,0,0,0,0,0,0,0,0,0,0,0,0,0,0,0,0,0,0,0,0,0,0,0,0,0
"SWZ",0,0,0,0,0,0,0,0,0,0,0,0,0,0,0,0,0,0,0,0,0,0,0,0,0,0,0,0,0,0,0,0,0,0,0,0,0,0,0,0,0,0,0,0,0,0,0,0,0,0,0,0,0,0,0,0,0,0,0,0,0,0,0,0,0,0,0,0,0,0,0,0,0,0,0,0,0,0,0,0,0,0,0,0,0,0,0,0,0,0,0,0,0,0,0,0,0,0,0,0,0,0,0,0,0,0,0,0,0,0,0,0,0,0,0,0,0,0,0,0,0,0,0,0,0,0,0,0,0,0,0,0,0,0,0,0,0,0,0,0,0,0,0,0,0,0,0,0,0,0,0,0,0,0,0,0,0,0,0,0,0,0,0,0,0,0,0,0,0,0,0,0,0,0,0,0,0,0,0,0,0,0,0,0,0,0,0,0,0,0,0,0,0,0,0
"SWE",0,0,0,518760000,0,0,1139700000,10139400000,0,0,0,703470000,0,0,0,0,534480000,0,0,0,0,459810000,0,0,0,1811730000,0,0,0,0,275100000,3003630000,0,0,0,0,0,0,121830000,0,0,89872500000,0,0,43200000,0,204360000,0,0,6554130000,27510000,0,72062370000,41878080000,0,0,145410000,0,0,38981730000,0,0,0,522690000,0,0,0,0,0,0,0,442710000,954990000,172920000,1376790000,0,1006080000,428370000,0,440160000,70740000,3069330000,0,19650000,0,1646670000,15720000,0,27510000,0,0,51090000,1544490000,2499450000,0,1980690000,0,0,0,7168320000,0,0,0,903900000,0,0,31440000,0,0,0,0,0,0,0,0,0,37234380000,0,0,0,0,1367640000,0,0,0,87159360000,0,0,2382870000,0,0,286890000,0,3890700000,271170000,0,0,0,208290000,0,522690000,0,6333840000,0,0,0,0,1658460000,0,0,0,1312620000,2381580000,310470000,0,0,7156530000,0,0,0,0,7443420000,0,0,1493400000,0,432300000,0,0,0,0,0,318330000,396930000,0,0,23039880000,27510000,21755730000,0,0,0,0,0,0,0,0,0,8368650000,1013940000,0,0,0,0,0
"CHE",43230000,0,35370000,1497330000,0,1958430000,26762550000,17182230000,0,2695980000,3930000,0,0,0,86460000,0,12576210000,0,0,0,267240000,3226530000,0,0,3930000,57069110000,0,0,969210000,0,3218670000,10847190000,593430000,0,11790000,0,385140000,0,667370000,279030000,0,2028670000,0,66810000,188640000,243660000,833160000,0,0,923550000,35370000,31440000,3340500000,85335110000,7860000,0,51090000,3930000,0,234304780000,11790000,0,0,0,0,0,51090000,0,0,0,0,10788060000,542340000,369420000,1040130000,3644400000,1877220000,86460000,573780000,267240000,12132120000,78660040000,0,180780000,7860000,6424840000,542340000,3930000,224010000,0,0,4617750000,4968630000,55020000,0,1965020000,0,0,947130000,397140000,7860000,0,0,3314280000,585570000,0,719190000,0,290820000,1010010000,31440000,475530000,3930000,47160000,0,235800000,23178210000,0,11790000,581640000,0,1108260000,0,0,47160000,1.965e+09,176850000,852810000,2582010000,0,428370000,479460000,14910960000,3477340000,3424320000,0,0,0,2617380000,51090000,958920000,7860000,10859070000,0,0,0,0,7160580000,0,0,0,1020480000,6028620000,7861680000,0,5733870000,18457740000,0,0,0,13008300000,0,43230000,98250000,3810390000,39300000,4561230000,0,0,31440000,609150000,416580000,9122730000,12191790000,11790000,0,116510260000,620940000,48992190000,0,4220820000,11790000,1269390000,345840000,74670000,137550000,0,43230000,18837450000,904690000,212220000,0,0,0,15720000
"SYR",0,0,0,0,0,0,0,0,0,0,0,0,0,0,0,0,0,0,0,0,0,0,0,0,0,0,0,0,0,0,0,0,0,0,0,0,0,0,0,0,0,0,0,0,0,0,0,0,0,0,0,0,0,0,0,0,0,0,0,0,0,0,0,0,0,0,0,0,0,0,0,0,0,0,0,0,0,0,0,0,0,0,0,0,0,0,0,0,0,0,0,0,0,0,0,0,0,0,0,0,0,0,0,0,0,0,0,0,0,0,0,0,0,0,0,0,0,0,0,0,0,0,0,0,0,0,0,0,0,0,0,0,0,0,0,0,0,0,0,0,0,0,0,0,0,0,0,0,0,0,0,0,0,0,0,0,0,0,0,0,0,0,0,0,0,0,0,0,0,0,0,0,0,0,0,0,0,0,0,0,0,0,0,0,0,0,0,0,0,0,0,0,0,0,0
"TKM",0,0,0,0,0,0,0,0,0,0,0,0,0,0,0,0,0,0,0,0,0,0,0,0,0,0,0,0,0,0,0,0,0,0,0,0,0,0,0,0,0,0,0,0,0,0,0,0,0,0,0,0,0,0,0,0,0,0,0,0,0,0,0,0,0,0,0,0,0,0,0,0,0,0,0,0,0,0,0,0,0,0,0,0,0,0,0,0,0,0,0,0,0,0,0,0,0,0,0,0,0,0,0,0,0,0,0,0,0,0,0,0,0,0,0,0,0,0,0,0,0,0,0,0,0,0,0,0,0,0,0,0,0,0,0,0,0,0,0,0,0,0,0,0,0,0,0,0,0,0,0,0,0,0,0,0,0,0,0,0,0,0,0,0,0,0,0,0,0,0,0,0,0,0,0,0,0,0,0,0,0,0,0,0,0,0,0,0,0,0,0,0,0,0,0
"TWN",0,0,0,0,0,0,430980000,0,0,0,0,0,0,0,0,0,0,0,0,0,3930000,0,3930000,0,0,98250000,0,0,0,0,0,4471530000,0,0,0,0,7860000,0,0,0,0,0,0,0,0,0,0,0,0,0,0,0,0,0,0,0,0,0,0,3930000,0,0,0,0,0,0,0,0,0,0,0,2712930000,0,0,0,0,178110000,0,0,0,0,0,0,0,0,269850000,0,0,0,7860000,0,1347990000,0,0,0,0,0,0,0,0,51090000,0,0,1304130000,0,0,0,0,0,0,0,0,0,0,3930000,0,0,0,0,0,0,7860000,0,0,3930000,0,0,0,0,0,0,0,535560000,0,0,0,0,0,0,0,0,0,3930000,0,0,0,0,0,0,0,0,0,0,239730000,0,3930000,0,0,0,0,0,0,0,0,0,0,0,0,0,0,0,0,0,7860000,0,0,7860000,0,255450000,0,0,0,0,463740000,0,0,0,0,0,0,0,0,0,0,0
"TZA",0,0,0,8114400000,0,0,0,0,0,0,0,0,0,0,0,0,0,0,0,0,0,0,0,7830000,0,1246140000,0,0,0,0,0,0,0,0,0,0,0,0,0,0,0,0,0,0,0,0,0,0,0,0,0,0,0,0,0,0,0,0,2.07e+08,7472490000,0,0,0,0,0,0,0,0,0,0,0,0,0,0,0,5295060000,422280000,0,0,0,0,1506960000,0,0,0,0,0,0,7860000,0,0,0,0,0,0,0,0,0,0,0,0,0,0,4148280000,0,0,0,0,0,0,0,0,0,0,0,0,5406630000,0,0,0,0,0,0,0,0,0,0,0,0,0,0,0,0,0,0,0,0,0,0,0,0,0,0,0,0,0,0,0,0,0,0,0,0,0,0,3930000,6098220000,0,0,0,0,123150000,0,0,0,0,844560000,0,0,0,0,0,0,0,0,0,62880000,0,2202480000,0,0,0,0,1676700000,0,0,0,0,32643900000,0,0,0,0,0,0
"THA",0,0,0,0,0,0,18288180000,0,0,3930000,0,113970000,0,0,0,0,27510000,0,0,0,27510000,0,8943570000,0,0,601290000,0,0,921360000,0,0,5051700000,0,0,196500000,0,0,0,0,0,0,0,0,0,0,0,3930000,0,0,0,0,0,0,64431570000,0,0,0,0,396930000,771450000,0,0,0,19650000,0,0,469800000,0,0,0,0,1459020000,373230000,0,0,2389770000,188640000,355110000,0,0,51090000,23580000,0,0,0,18899190000,0,0,0,1701690000,0,1642740000,0,0,5912550000,27450000,0,0,0,0,7860000,0,0,18981330000,176850000,0,0,0,3930000,6906060000,0,0,23580000,0,0,0,23580000,0,0,0,24840000,11790000,0,0,15720000,11790000,576900000,0,0,15720000,0,0,341910000,0,0,0,0,0,0,0,0,0,3930000,0,0,0,0,0,0,0,0,0,0,799550000,0,1488810000,0,0,0,0,78600000,0,0,0,2112780000,0,0,2273910000,0,0,7860000,0,73080000,103470000,0,0,251520000,0,201390000,0,0,0,0,5835090000,0,0,0,0,3930000,0,0,0,0,0,0
"TGO",0,0,0,0,0,0,0,0,0,0,0,0,0,0,0,0,0,0,0,0,0,0,0,0,98250000,418140000,0,0,0,0,0,6374430000,0,0,0,0,0,0,0,0,67860000,0,0,0,0,0,0,0,0,0,0,0,0,74670000,0,0,0,0,0,6458400000,0,1.035e+09,0,0,0,0,0,0,0,0,0,0,0,0,0,216480000,0,0,0,0,0,1502820000,484380000,0,0,0,0,0,0,0,0,0,0,0,0,14220000,0,0,0,0,0,0,0,2007900000,0,0,0,0,0,0,0,0,0,0,0,0,1.035e+09,0,0,0,0,0,0,0,0,0,0,0,0,0,0,0,0,0,0,0,0,0,0,0,0,0,0,0,0,0,0,0,0,0,0,0,0,0,0,0,215280000,0,0,0,0,4.14e+08,0,0,0,0,31440000,0,0,0,0,0,0,0,0,0,0,0,3.105e+09,5377860000,0,0,0,0,0,0,0,0,2728260000,0,0,0,0,0,0
"TON",0,0,0,0,0,0,0,0,0,0,0,0,0,0,0,0,0,0,0,0,0,0,0,0,0,0,0,0,0,0,0,0,0,0,0,0,0,0,0,0,0,0,0,0,0,0,0,0,0,0,0,0,0,0,0,0,0,0,0,0,0,0,0,0,0,0,0,0,0,0,0,0,0,0,0,0,0,0,0,0,0,0,0,0,0,0,0,0,0,0,0,0,0,0,0,0,0,0,0,0,0,0,0,0,0,0,0,0,0,0,0,0,0,0,0,0,0,0,0,0,0,0,0,0,0,0,0,0,0,0,0,0,0,0,0,0,0,0,0,0,0,0,0,0,0,0,0,0,0,0,0,0,0,0,0,0,0,0,0,0,0,0,0,0,0,0,0,0,0,0,0,0,0,0,0,0,0,0,0,0,0,0,0,0,0,0,0,0,0,0,0,0,0,0,0
"TTO",0,0,0,0,0,0,0,0,0,0,0,0,0,0,0,0,0,0,0,0,0,0,0,0,0,0,0,0,0,0,0,0,0,0,0,0,0,0,0,0,0,0,0,0,0,0,0,0,0,0,0,0,0,0,0,0,0,0,0,0,0,0,0,0,0,0,0,0,0,0,0,0,0,0,0,0,0,0,0,0,0,0,0,0,0,0,0,0,0,0,0,0,0,0,0,0,0,0,0,0,0,0,0,0,0,0,0,0,0,0,0,0,0,0,0,0,0,0,0,0,0,0,0,0,0,0,0,0,0,0,0,0,0,0,0,0,0,0,0,0,0,0,0,0,0,0,0,0,0,0,0,0,0,0,0,0,0,0,0,0,0,0,0,0,0,0,0,0,0,0,0,0,0,0,0,0,0,0,0,0,0,0,0,0,0,0,0,0,0,0,0,0,0,0,0
"OMN",0,15720000,0,0,0,0,0,0,0,188640000,0,180780000,0,0,0,0,0,0,0,0,0,0,0,0,0,31440000,0,0,0,0,0,424440000,0,0,0,0,0,0,0,0,0,0,0,0,0,0,31440000,0,0,0,0,0,0,0,0,577710000,0,0,0,0,0,0,0,0,0,0,0,0,0,0,0,0,0,0,0,660240000,0,3930000,0,0,0,0,0,0,0,0,184710000,0,546270000,0,0,0,231870000,0,0,98250000,0,0,0,0,0,0,0,0,0,0,0,0,0,0,0,0,0,0,0,0,0,0,0,0,0,0,0,0,43230000,0,806940000,0,0,0,0,0,0,0,0,0,0,0,656310000,0,0,0,0,0,0,0,0,1379430000,0,0,0,0,0,962850000,0,39300000,0,0,0,0,0,0,0,0,0,538410000,0,0,0,0,0,0,0,589710000,0,0,43230000,0,157200000,0,0,0,0,31440000,0,90390000,0,0,0,0,0,0,345840000,0,0
"TUN",0,0,0,5364450000,0,0,0,0,0,0,0,0,0,0,0,0,0,0,0,0,0,0,0,0,3930000,0,0,0,0,0,0,0,0,0,0,0,0,0,0,0,0,0,0,0,0,0,86460000,0,0,0,0,0,0,74670000,0,0,0,0,0,0,0,0,0,0,0,0,0,0,0,0,0,0,0,0,0,0,0,0,231870000,0,0,0,0,0,0,0,617010000,0,0,0,0,0,23580000,0,0,157200000,0,0,86672880000,0,0,7860000,0,43230000,0,3930000,0,0,0,0,0,1049310000,0,0,0,0,0,0,0,0,0,0,0,0,0,0,0,1143630000,0,0,0,0,0,0,0,0,0,0,0,0,0,0,0,0,0,0,0,365490000,0,0,0,0,0,0,0,0,0,0,0,0,0,0,0,0,0,0,0,0,0,0,0,0,224010000,3930000,0,0,0,0,0,0,0,0,0,0,15720000,695610000,0,0,0,0,0,0,0,0,0
"TUR",0,7923840000,16153470000,89134620000,0,27510000,1201110000,192210000,0,3670230000,117900000,1112190000,0,0,1886400000,0,2299050000,0,0,0,23580000,20228490000,3930000,0,2263680000,10170840000,161130000,0,74670000,90390000,538410000,18412050000,5663130000,31440000,1190730000,0,1281180000,74670000,8213370000,34440160000,1957140000,74670000,0,3572370000,257670000,47160000,42099010000,381210000,593430000,235800000,0,0,208290000,983760000,0,208290000,13643280000,585570000,514830000,7465470000,7155480000,4857480000,0,3439180000,0,0,2566290000,1685970000,334050000,707400000,7142300000,2279400000,1988580000,14225990000,0,21726270000,43230000,75165240000,291939990000,0,67985970000,26190000,2346210000,20959110000,817440000,926430000,17972580000,8247650000,1577040000,55020000,0,1633290000,9810330000,251520000,0,25553550000,0,565920000,75585210000,3603810000,0,255450000,227940000,973170000,149340000,1289040000,19650000,4444830000,711330000,854910000,4161870000,5372860000,353700000,1774620000,125760000,585570000,4668840000,0,0,7022720000,0,318270000,483390000,4511640000,7015050000,86460000,445200000,4574520000,3544860000,184710000,78600000,39300000,656310000,1568070000,695610000,176850000,0,0,7757820000,3930000,28730870000,47160000,13521480000,0,3930000,0,31440000,60521990000,2161500000,5220000,334050000,39300000,2037630000,4185450000,542340000,12566820000,950310000,141480000,33445440000,0,2291190000,940050000,29265510000,24814530000,479460000,1194720000,206970000,239730000,0,503040000,5505930000,9780550000,0,52944180000,1776360000,0,7012410000,4944390000,4839090000,1355850000,373350000,9671780000,3988950000,1214370000,1768500000,57647760000,1725270000,113970000,1284840000,0,0,0,12758070000,0,16248990000
"ARE",0,0,0,0,0,0,0,0,0,0,0,0,0,0,0,0,0,0,0,0,0,0,0,0,0,0,0,0,0,0,0,0,0,0,0,0,0,0,0,0,0,0,0,0,0,0,0,0,0,0,0,0,0,0,0,0,0,0,0,0,0,0,0,0,0,0,0,0,0,0,0,0,0,0,0,0,0,0,0,0,0,0,0,0,0,0,0,0,0,0,0,0,0,0,0,0,0,0,0,0,0,0,0,0,0,0,0,0,0,0,0,0,0,0,0,0,0,0,0,0,0,0,0,0,0,0,0,0,0,0,0,0,0,0,0,0,0,0,0,0,0,0,0,0,0,0,0,0,0,0,0,0,0,0,0,0,0,0,0,0,0,0,0,0,0,0,0,0,0,0,0,0,0,0,0,0,0,0,0,0,0,0,0,0,0,0,0,0,0,0,0,0,0,0,0
"UGA",0,0,0,861120000,0,0,57960000,0,0,0,0,0,0,0,0,0,0,0,0,0,0,0,0,7860000,0,4446360000,0,0,0,0,0,2173500000,0,0,0,0,0,0,0,0,0,0,0,0,0,0,0,0,0,0,0,0,0,0,0,0,0,82800000,0,3.933e+10,0,0,0,0,0,0,0,0,0,0,0,0,0,0,0,4756860000,0,0,0,0,0,15363540000,0,0,0,173880000,0,0,422280000,0,0,0,0,0,0,0,0,0,0,0,0,0,0,31087260000,0,0,0,0,0,0,0,0,0,0,0,0,5332110000,0,0,0,0,0,0,0,0,0,0,0,0,0,0,0,157320000,0,0,0,0,0,0,0,0,3930000,0,0,0,0,0,0,0,0,0,0,0,17516340000,0,49680000,5609700000,0,0,0,0,27824670000,0,0,0,0,0,0,0,0,0,0,1.242e+09,545850000,0,0,25252950000,0,1538910000,0,0,0,0,0,0,0,322340000,0,6520500000,0,0,0,19650000,0,0
"TUV",0,0,0,0,0,0,0,0,0,0,0,0,0,0,0,0,0,0,0,0,0,0,0,0,0,0,0,0,0,0,0,0,0,0,0,0,0,0,0,0,0,0,0,0,0,0,0,0,0,0,0,0,0,0,0,0,0,0,0,0,0,0,0,0,0,0,0,0,0,0,0,0,0,0,0,0,0,0,0,0,0,0,0,0,0,0,0,0,0,0,0,0,0,0,0,0,0,0,0,0,0,0,0,0,0,0,0,0,0,0,0,0,0,0,0,0,0,0,0,0,0,0,0,0,0,0,0,0,0,0,0,0,0,0,0,0,0,0,0,0,0,0,0,0,0,0,0,0,0,0,0,0,0,0,0,0,0,0,0,0,0,0,0,0,0,0,0,0,0,0,0,0,0,0,0,0,0,0,0,0,0,0,0,0,0,0,0,0,0,0,0,0,0,0,0
"GBR",7860000,542340000,0,259380000,86460000,644520000,30348930000,6577110000,597330000,1615170000,711270000,31440000,0,0,220080000,0,298680000,0,94320000,0,58950000,736430000,0,0,23580000,49668690000,0,0,19650000,0,1927380000,2777160000,0,0,0,0,90390000,0,8601270000,47160000,55020000,17202120000,31440000,3930000,0,0,10498560000,0,0,196900000,981090000,0,6434300000,160287520000,0,0,0,0,19650000,83140140000,3930000,23580000,74670000,10662030000,0,121830000,0,0,561990000,0,0,9023370000,3715140000,1812840000,2461170000,637950000,235800000,0,157200000,332098750000,2876760000,12669630000,19650000,0,377280000,3823140000,5724030000,0,2955750000,7860000,0,2159400000,10932960000,86460000,0,3953790000,0,11790000,4743510000,180780000,15720000,0,0,987720000,0,0,7839330000,0,157200000,172920000,0,106110000,0,0,15720000,265920000,130386430000,0,0,0,0,5010750000,0,0,2177220000,6729360000,841020000,121830000,10424980000,0,78600000,149340000,605220000,84323280000,3531480000,0,0,0,1823160000,94320000,3300360000,3930000,896040000,51090000,116580000,41910000,0,14294460000,0,3930000,231870000,496650000,13423470000,6990120000,0,13402110000,23276170000,307710000,0,0,41022250000,6785280000,0,0,263310000,911760000,418260000,0,0,2249070000,357600000,102180000,6338340000,33149400000,86460000,0,0,444090000,51245230000,204360000,605220000,0,0,82530000,0,271170000,0,43230000,162125070000,55020000,404040000,0,432300000,0,1083300000
"UKR",25690350000,306540000,0,0,0,0,55020000,0,0,0,0,0,0,0,0,0,0,0,0,0,0,110040000,0,0,0,514830000,0,0,0,0,0,2401230000,0,0,0,0,0,0,0,66144510000,0,3930000,0,0,90177780000,0,0,0,0,2035740000,0,0,1615230000,0,0,0,56122740000,0,0,4000740000,0,0,0,168990000,0,0,0,0,0,0,0,0,66810000,0,0,0,0,3930000,2648820000,0,6417690000,0,0,23783610000,0,74670000,82530000,51145020000,0,0,0,0,94320000,30826920000,0,102180000,0,0,110040000,13605660000,19650000,0,0,0,0,0,0,0,0,0,29364960000,0,0,48815130000,0,0,375150000,0,0,0,0,113970000,0,0,0,0,23580000,90390000,39300000,0,0,0,220080000,39300000,0,0,0,0,3930000,0,2063250000,0,899963830000,0,0,0,0,0,0,0,0,0,47160000,15720000,0,27510000,35370000,0,50406180000,0,0,7860000,0,54713460000,0,0,0,0,0,0,0,0,113970000,86460000,0,0,35370000,0,4822110000,0,0,18125160000,0,86460000,0,0,0,0,0,0,0,0,0,0,98250000
"USA",224010000,208290000,0,125760000,377280000,3118320000,53560540000,67650000,4491990000,1252290000,2521950000,78210000,0,0,2919990000,0,27658560000,0,2000370000,0,664170000,12151200000,3930000,0,0,1710534620000,0,0,4252260000,0,28350990000,87808210000,32885610000,0,0,243660000,16659870000,70740000,43230000,0,0,2.76e+08,463740000,14691590000,31440000,6663930000,1013490000,12986340000,0,4.482e+09,0,113970000,3721710000,876390000,974610000,70740000,27510000,0,0,8470420000,0,0,0,691680000,0,102180000,14707110000,11790000,292020000,370530000,6870780000,44760910000,389070000,156630000,1654530000,5159820000,6441450000,0,0,1858890000,8641560000,1501260000,4688490000,149340000,6687330000,86841780000,4833690000,0,35370000,168990000,0,135171490000,7367700000,404790000,0,1218180000,0,0,23580000,0,467670000,0,0,21144090000,35370000,0,0,0,0,573616200000,11790000,70740000,0,0,0,51090000,32727360000,0,7860000,0,7860000,6461820000,3648330000,0,133620000,720870000,707400000,53320080000,172920000,70740000,628800000,23254260000,55836670000,1134810000,841020000,0,0,0,2971080000,0,0,0,19992550000,121830000,294750000,141480000,0,32004600000,0,0,0,0,3930000,39950650000,0,3867990000,3552690000,400860000,0,0,930090000,510900000,3930000,0,38727600000,15720000,9669750000,0,0,12995270000,802920000,62880000,1722120000,33209370000,19650000,0,35225400000,220080000,0,0,1544490000,0,23974440000,5212440000,11790000,74670000,0,0,7386480000,0,15720000,0,0,0,0
"BFA",0,0,0,0,0,0,0,0,0,0,0,0,0,0,0,0,0,0,0,0,0,0,0,0,0,0,0,0,0,0,0,0,0,0,0,0,0,0,0,0,0,0,0,0,0,0,0,0,0,0,0,0,0,0,0,0,0,0,0,0,0,0,0,0,0,0,0,0,0,0,0,0,0,0,0,0,0,0,0,0,0,0,0,0,0,0,0,0,0,0,0,0,0,0,0,0,0,0,0,0,0,0,0,0,0,0,0,0,0,0,0,0,0,0,0,0,0,0,0,0,0,0,0,0,0,0,0,0,0,0,0,0,0,0,0,0,0,0,0,0,0,0,0,0,0,0,0,0,0,0,0,0,0,0,0,0,0,0,0,0,0,0,0,0,0,0,0,0,0,0,0,0,0,0,0,0,0,0,0,0,0,0,0,0,0,0,0,0,0,0,0,0,0,0,0
"URY",0,102180000,0,0,0,6524250000,86460000,0,0,0,0,0,0,0,67860000,0,7211580000,0,0,0,0,0,0,0,82530000,668100000,0,0,0,0,2642220000,0,0,0,43230000,0,0,15720000,0,0,31440000,0,0,0,0,0,0,67860000,0,0,0,0,0,43230000,0,0,624870000,239730000,184710000,258390000,0,0,0,0,0,0,0,931410000,78600000,0,0,0,0,0,0,0,0,0,0,0,0,0,43230000,0,0,0,0,0,0,0,0,0,0,0,0,0,0,463740000,195750000,0,0,428370000,0,0,0,0,0,0,0,0,0,0,0,0,0,0,60030000,0,0,1139920000,0,0,0,0,0,0,0,0,0,0,1096470000,1230090000,0,0,0,180780000,0,0,0,0,0,0,526230000,0,0,0,0,0,168990000,0,0,0,0,0,0,0,0,157200000,0,0,0,0,0,0,0,0,0,94320000,0,0,0,0,0,0,0,0,0,0,5207250000,0,0,0,0,0,0,0,0,0,0,0,0,0,0,0,0
"UZB",0,0,0,0,0,0,0,0,0,0,0,0,0,0,0,0,0,0,0,0,0,0,0,0,0,0,0,0,0,0,0,0,0,0,0,0,0,0,0,0,0,0,0,0,0,0,0,0,0,0,0,0,0,0,0,0,0,0,0,0,0,0,0,0,0,0,0,0,0,0,0,0,0,0,0,0,0,0,0,0,0,0,0,0,0,0,0,0,0,0,0,0,0,0,0,0,0,0,0,0,0,0,0,0,0,0,0,0,0,0,0,0,0,0,0,0,0,0,0,0,0,0,0,0,0,0,0,0,0,0,0,0,0,0,0,0,0,0,0,0,0,0,0,0,0,0,0,0,0,0,0,0,0,0,0,0,0,0,0,0,0,0,0,0,0,0,0,0,0,0,0,0,0,0,0,0,0,0,0,0,0,0,0,0,0,0,0,0,0,0,0,0,0,0,0
"VEN",0,0,0,0,0,0,63810000,0,0,0,0,0,0,0,0,0,0,0,0,0,0,0,0,0,0,4140000,0,0,0,0,3930000,0,1742730000,0,0,0,0,0,0,0,0,0,0,0,0,0,0,0,0,0,0,0,0,985320000,0,0,0,0,0,3113280000,0,0,0,0,0,0,0,0,0,0,0,0,0,0,0,0,0,0,0,0,0,558900000,0,0,0,9049620000,0,0,0,0,0,0,0,0,0,0,0,0,0,0,0,0,0,2.07e+08,0,0,0,0,0,0,0,0,0,0,0,0,3113180000,0,0,0,0,0,0,0,0,0,0,0,0,0,0,0,0,0,0,0,0,0,0,0,0,0,0,0,0,0,0,0,0,0,0,0,0,0,0,0,2.07e+08,0,0,0,0,0,0,0,0,0,0,0,0,0,0,0,0,0,0,0,111240000,0,8259690000,0,0,0,0,0,0,0,0,0,2.07e+09,0,0,0,0,0,0
"VNM",0,0,0,0,0,0,0,0,0,0,0,0,0,0,0,0,0,0,0,0,0,0,0,0,0,0,0,0,0,0,0,0,0,0,0,0,0,0,0,0,0,0,0,0,0,0,0,0,0,0,0,0,0,0,0,0,0,0,0,0,0,0,0,0,0,0,0,0,0,0,0,0,0,0,0,0,0,0,0,0,0,0,0,0,0,0,0,0,0,0,0,0,0,0,0,0,0,0,0,0,0,0,0,0,0,0,0,0,0,0,0,0,0,0,0,0,0,0,0,0,0,0,0,0,0,0,0,0,0,0,0,0,0,0,0,0,0,0,0,0,0,0,0,0,0,0,0,0,0,0,0,0,0,0,0,0,0,0,0,0,0,0,0,0,0,0,0,0,0,0,0,0,0,0,0,0,0,0,0,0,0,0,0,0,0,0,0,0,0,0,0,0,0,0,0
"ETH",0,0,0,0,0,0,0,0,0,0,0,0,0,0,0,0,0,0,0,0,0,0,0,0,0,2610000,0,0,0,0,0,0,0,0,0,0,0,0,0,0,0,0,0,0,0,0,0,0,0,0,0,0,0,0,0,0,0,0,0,0,0,0,0,0,0,0,0,0,0,0,0,0,0,0,0,0,0,0,0,0,0,0,0,0,0,0,0,0,0,0,0,0,0,0,0,0,0,0,0,0,0,0,0,0,0,0,0,0,0,0,0,0,0,0,0,0,0,0,0,0,0,0,0,0,0,0,0,0,0,0,0,0,0,0,0,0,0,0,0,0,0,0,0,0,0,0,0,0,0,0,0,0,0,0,0,0,0,0,0,0,0,0,0,0,0,0,0,0,0,0,0,0,0,0,0,0,0,0,0,0,0,0,0,0,0,0,0,0,0,0,0,0,0,0,0
"YEM",10440000,0,0,0,0,0,0,0,0,145410000,0,0,0,0,0,0,0,0,0,0,0,0,0,0,0,0,0,0,0,0,0,0,0,0,0,0,0,0,0,0,0,0,0,0,0,0,0,0,0,0,0,0,0,0,0,196500000,0,0,0,0,0,0,0,0,0,0,0,0,0,0,0,0,0,0,0,0,0,0,0,0,0,0,0,0,0,0,0,0,0,0,0,0,0,0,0,0,0,0,0,0,0,0,0,13050000,0,0,0,0,0,0,0,0,0,0,0,0,106110000,0,0,0,0,0,0,0,0,0,0,0,0,0,0,0,0,0,0,0,0,0,0,0,0,0,0,0,0,0,0,0,0,0,0,0,0,0,701120000,0,0,0,0,0,0,0,0,0,0,0,0,0,0,0,0,0,0,47160000,0,0,0,0,0,0,0,0,0,0,0,0,0,0,0,0,0,0,0,0,0
"COD",0,0,0,0,0,0,0,0,0,0,0,0,0,0,0,0,0,0,0,0,0,0,0,0,0,0,0,0,0,0,0,0,0,0,0,0,0,0,0,0,0,0,0,0,0,0,0,0,0,0,0,0,0,0,0,0,0,0,0,0,0,0,0,0,0,0,0,0,0,0,0,0,0,0,0,0,0,0,0,0,0,0,0,0,0,0,0,0,0,0,0,0,0,0,0,0,0,0,0,0,0,0,0,0,0,0,0,0,0,0,0,0,0,0,0,0,0,0,0,0,0,0,0,0,0,0,0,0,0,0,0,0,0,0,0,0,0,0,0,0,0,0,0,0,0,0,0,0,0,0,0,0,0,0,0,0,0,0,0,0,0,0,0,0,0,0,0,0,0,0,0,0,0,0,0,0,0,0,0,0,0,0,0,0,0,0,0,0,0,0,0,0,0,0,0
"ZMB",0,0,0,0,0,0,0,0,0,0,0,0,0,0,0,0,0,0,0,0,0,0,0,0,0,0,0,0,0,0,0,0,0,0,0,0,0,0,0,0,0,0,0,0,0,0,0,0,0,0,0,0,0,0,0,0,0,0,0,0,0,0,0,0,0,0,0,0,0,0,0,0,0,0,0,0,0,0,0,0,0,0,0,0,0,0,0,0,0,0,0,0,0,0,0,0,0,0,0,0,0,0,865320000,0,0,0,0,0,0,0,0,0,19650000,0,58950000,0,0,0,0,0,0,0,0,0,0,0,0,0,0,0,0,0,0,0,0,0,0,0,0,1785480000,0,0,0,0,0,0,0,0,0,0,0,0,0,0,0,518760000,0,0,0,0,0,7860000,0,0,0,204360000,0,0,0,0,0,0,0,31408560000,0,0,0,0,0,0,0,0,0,0,0,0,1080750000,0,0,0,0,0,0,0,0
"BEL",322230000,0,172920000,2480380000,0,1832340000,30241880000,45299130000,3930000,1096950000,7860000,3930000,0,0,0,0,18245470000,0,0,0,0,1756680000,15720000,133620000,27510000,71752410000,23580000,0,58950000,19650000,5136510000,35279910000,428370000,0,0,0,396220000,7860000,1739400000,1068210000,15720000,26212560000,0,357570000,423120000,1693830000,2798160000,0,0,2861430000,98250000,15720000,6272460000,934187240000,74670000,0,6130770000,102180000,19650000,1219757870000,2497110000,85140000,0,33440660000,0,0,74670000,3930000,3930000,0,0,15187980000,28370240000,2196560000,2152700000,2548260000,12809110000,748700000,1886400000,17015700000,16071140000,159866890000,483390000,555420000,3930000,56471880000,1578510000,11790000,315630000,39300000,94320000,19537570000,7660770000,2069760000,0,14464480000,0,3930000,2676450000,13097100000,62880000,55020000,0,13498260000,708690000,11790000,2095980000,246270000,218760000,4690420000,1799940000,2210400000,0,99480000,0,7860000,1077968100000,0,231870000,129690000,0,4739830000,0,7860000,57630000,40477900000,1218300000,66810000,31063550000,0,82530000,537660000,3056220000,67213430000,15334710000,0,0,0,2187720000,31410000,8420820000,133620000,38205100000,0,0,0,0,14333640000,94140000,95610000,15720000,1875150000,59942580000,7540680000,0,13682880000,116292410000,267240000,0,0,81585870000,22960430000,35370000,74670000,5612780000,0,8897860000,19650000,0,35370000,282960000,1116990000,46629070000,13908750000,0,0,432331660000,6763560000,176457010000,0,730420000,19650000,1579860000,2422890000,149250000,180750000,2619780000,0,0,52056880000,4842330000,94320000,62850000,0,0
"LUX",0,0,0,0,0,0,0,51090000,0,0,0,0,0,0,0,0,0,0,0,0,0,0,0,0,0,0,0,0,0,0,0,0,0,0,0,0,0,0,3930000,31440000,0,0,0,0,0,0,0,0,0,0,0,0,0,14524750000,0,0,0,0,0,128370000,0,7860000,0,47160000,0,0,0,0,0,0,0,0,0,0,0,0,0,0,0,15720000,0,0,0,0,0,15720000,0,0,0,0,0,0,0,0,0,0,0,0,0,0,0,0,0,0,0,0,0,0,0,0,0,0,0,0,0,0,530550000,0,0,0,0,0,0,0,7860000,58950000,0,0,0,0,0,0,0,0,0,0,0,0,0,0,0,0,1.572e+09,0,0,0,0,0,0,0,0,0,0,0,0,0,19650000,0,0,0,0,7860000,0,0,0,0,0,0,0,0,0,0,0,0,0,0,0,78600000,0,0,0,0,0,0,0,0,0,0,861130000,0,0,0,0,0,0
"SRB",0,0,106110000,0,0,0,310470000,322260000,0,58950000,0,0,0,0,0,0,0,0,0,0,0,330120000,0,0,0,239730000,0,0,15720000,0,0,43230000,0,0,0,0,0,0,0,3930000,0,0,0,0,7860000,0,0,0,0,0,0,0,0,56280000,0,0,0,0,0,719190000,59999510000,0,86460000,149340000,0,0,0,0,0,0,0,0,2355270000,6216480000,0,0,0,0,0,7860000,11790000,47160000,0,0,0,0,0,0,0,0,0,0,78600000,0,0,0,0,0,3930000,0,0,0,0,0,0,0,0,0,0,0,0,0,0,31440000,0,0,793110000,0,0,32401410000,0,0,0,0,0,0,0,0,35370000,0,0,0,0,0,0,0,0,0,0,0,1505190000,0,385140000,0,0,0,0,0,0,0,0,1571880000,404790000,0,0,47160000,90450000,0,0,0,558060000,487320000,0,0,0,0,0,0,0,0,0,0,3930000,15720000,0,0,129690000,27510000,1193400000,0,0,0,0,0,0,0,0,0,117900000,0,0,21699780000,0,0,0
"MNE",0,0,0,0,0,0,0,0,0,0,0,0,0,0,0,0,0,0,0,0,0,0,0,0,0,0,0,0,0,0,0,0,0,0,0,0,0,0,0,0,0,0,0,0,0,0,0,0,0,0,0,0,0,0,0,0,0,0,0,0,3930000,0,0,0,0,0,0,0,0,0,0,0,0,0,0,0,0,0,0,0,0,0,0,0,0,0,0,0,0,0,0,0,0,0,0,0,0,0,0,0,0,0,0,0,0,0,0,0,0,0,0,0,0,0,0,0,0,0,0,0,0,0,0,0,0,0,0,0,0,0,0,0,0,0,0,0,0,0,0,0,0,0,0,0,0,0,0,0,0,0,0,0,0,0,0,0,0,0,0,0,0,0,0,0,0,0,0,0,0,0,0,0,0,0,0,0,0,0,0,0,0,0,0,0,0,0,0,0,0,0,4531290000,0,0,0,0
"SDN",0,0,0,0,0,0,0,0,0,0,0,0,0,0,0,0,0,0,0,0,0,0,0,0,0,0,0,0,0,0,0,0,0,0,0,0,0,0,0,0,0,0,0,0,0,0,0,0,0,0,0,0,0,0,0,0,0,0,0,0,0,0,0,0,0,0,0,0,0,0,0,0,0,0,0,0,0,0,0,0,0,0,0,0,0,0,0,0,0,0,0,0,0,0,0,0,0,0,0,0,0,0,0,0,0,0,0,0,0,0,0,0,0,0,0,0,0,0,0,0,0,0,0,0,0,0,0,0,0,0,0,0,0,0,0,0,0,0,0,0,0,0,0,0,0,0,0,0,0,0,0,0,0,0,0,0,0,0,0,0,0,0,0,0,0,0,0,0,0,0,0,0,0,0,0,0,0,0,0,0,0,0,0,0,0,0,0,0,0,0,0,0,0,0,0
"SSD",0,0,0,0,0,0,0,0,0,0,0,0,0,0,0,0,0,0,0,0,0,0,0,0,0,0,0,0,0,0,0,0,0,0,0,0,0,0,0,0,0,0,0,0,0,0,0,0,0,0,0,0,0,0,0,0,0,0,0,0,0,0,0,0,0,0,0,0,0,0,0,0,0,0,0,0,0,0,0,0,0,0,0,0,0,0,0,0,0,0,0,0,0,0,0,0,0,0,0,0,0,0,0,0,0,0,0,0,0,0,0,0,0,0,0,0,0,0,0,0,0,0,0,0,0,0,0,0,0,0,0,0,0,0,0,0,0,0,0,0,0,0,0,0,0,0,0,0,0,0,0,0,0,0,0,0,0,0,0,0,0,0,0,0,0,0,0,0,0,0,0,0,0,0,0,0,0,0,0,0,0,0,0,0,0,0,0,0,0,0,0,0,0,0,0
"PSE",0,0,0,0,0,0,0,0,0,0,0,0,0,0,0,0,0,0,0,0,0,0,0,0,0,0,0,0,0,0,0,0,0,0,0,0,0,0,0,0,0,0,0,0,0,0,0,0,0,0,0,0,0,0,0,0,0,0,0,0,0,0,0,0,0,0,0,0,0,0,0,0,0,0,0,0,0,0,0,0,0,0,0,0,0,0,0,0,0,0,0,0,0,0,0,0,0,0,0,0,0,0,0,0,0,0,0,0,0,0,0,0,0,0,0,0,0,0,0,0,0,0,0,0,0,0,0,0,0,0,0,0,0,0,0,0,0,0,0,0,0,0,0,0,0,0,0,0,0,0,0,0,0,0,0,0,0,0,0,0,0,0,0,0,0,0,0,0,0,0,0,0,0,0,0,0,0,0,0,0,0,0,0,0,0,0,0,0,0,0,0,0,0,0,0
