"","ARM","AFG","ALB","DZA","ATG","ARG","AUS","AUT","BHS","BHR","BRB","BGD","BMU","BTN","BOL","BWA","BRA","ARB","BLZ","SLB","BRN","BGR","MMR","BDI","CMR","CAN","CPV","CAF","LKA","TCD","CHL","CHN","COL","COM","COG","COK","CRI","CUB","CYP","AZE","BEN","DNK","DMA","DOM","BLR","ECU","EGY","SLV","GNQ","EST","FRO","FJI","FIN","FRA","PYF","DJI","GEO","GAB","GMB","DEU","BIH","GHA","KIR","GRC","GRL","GRD","GTM","GIN","GUY","HTI","HND","HKG","HUN","HRV","ISL","IND","IDN","IRN","IRQ","IRL","ISR","ITA","CIV","KAZ","JAM","JPN","JOR","KGZ","KEN","KHM","PRK","KOR","KWT","LVA","LAO","LBN","LSO","LBR","LBY","LTU","MAC","MDG","MWI","MYS","MDV","MLI","MLT","MRT","MUS","MEX","MNG","MAR","MOZ","MDA","NAM","NPL","NLD","ANT","NCL","MKD","VUT","NZL","NIC","NER","NGA","NOR","PAK","PAN","CZE","PNG","PRY","PER","PHL","POL","PRT","GNB","TLS","ERI","QAT","ZWE","ROU","RWA","RUS","KNA","LCA","VCT","STP","SAU","SEN","SYC","SLE","SVN","SVK","SGP","SOM","ZAF","ESP","SUR","TJK","SWZ","SWE","CHE","SYR","TKM","TWN","TZA","THA","TGO","TON","TTO","OMN","TUN","TUR","ARE","UGA","TUV","GBR","UKR","USA","BFA","URY","UZB","VEN","VNM","ETH","YEM","COD","ZMB","BEL","LUX","SRB","MNE","SDN","SSD","PSE"
"ARM",0,0,0,0,0,0,0,0,0,3930000,0,0,0,0,0,0,0,0,0,0,0,27510000,0,0,0,0,0,0,0,0,0,0,0,0,0,0,0,0,0,0,0,0,0,0,0,0,0,0,0,0,0,0,0,0,0,0,145410000,0,0,0,0,0,0,0,0,0,0,0,0,0,0,0,0,0,0,0,0,3930000,0,0,0,0,0,0,0,0,0,0,0,0,0,0,0,0,0,0,0,0,0,0,0,0,0,0,0,0,0,0,0,0,0,0,0,0,0,0,0,0,0,0,0,0,0,0,0,0,0,0,0,0,0,0,0,0,0,0,0,0,0,0,0,0,0,0,0,0,0,0,0,0,0,0,0,0,0,0,0,0,0,0,0,0,0,24885000,0,0,0,0,0,0,0,0,0,1965000,0,0,0,0,0,0,0,0,0,0,0,0,0,0,0,0,0,0,0,0,0
"AFG",0,0,0,0,0,0,0,0,0,0,0,0,0,0,0,0,0,0,0,0,0,0,0,0,0,0,0,0,0,0,0,0,0,0,0,0,0,0,0,0,0,0,0,0,0,0,0,0,0,0,0,0,0,0,0,0,0,0,0,0,0,0,0,0,0,0,0,0,0,0,0,0,0,0,0,0,0,0,0,0,0,0,0,0,0,0,0,0,0,0,0,0,0,0,0,0,0,0,0,0,0,0,0,0,0,0,0,0,0,0,0,0,0,0,0,0,0,0,0,0,0,0,0,0,0,0,0,0,0,0,0,0,0,0,0,0,0,0,0,0,0,0,0,0,0,0,0,0,0,0,0,0,0,0,0,0,0,0,0,0,0,0,0,0,0,0,0,0,0,0,0,0,0,0,0,0,0,0,0,0,0,0,0,0,0,0,0,0,0,0,0,0,0,0,0
"ALB",0,0,0,0,0,0,0,0,0,0,0,0,0,0,0,0,0,0,0,0,0,0,0,0,0,0,0,0,0,0,0,0,0,0,0,0,0,0,0,0,0,0,0,0,0,0,0,0,0,0,0,0,0,0,0,0,0,0,0,0,0,0,0,0,0,0,0,0,0,0,0,0,0,0,0,0,0,0,0,0,0,0,0,0,0,0,0,0,0,0,0,0,0,0,0,0,0,0,0,0,0,0,0,0,0,0,0,0,0,0,0,0,0,0,0,0,0,0,0,43230000,0,0,0,0,0,0,0,0,0,0,0,0,0,0,0,0,0,0,0,0,0,0,0,0,0,0,0,0,0,0,0,0,15720000,0,0,0,0,0,0,0,0,0,0,0,0,0,0,0,0,0,0,0,0,0,0,0,0,0,0,0,0,0,0,0,0,0,0,0,0,0,60915000,0,0,0,0
"DZA",0,0,0,0,0,0,0,0,0,0,0,0,0,0,0,0,0,0,0,0,0,0,0,0,0,5220000,0,0,0,0,0,0,0,0,0,0,0,0,0,0,0,0,0,0,0,0,0,0,0,0,0,0,0,3388500000,0,0,0,0,0,853200000,0,0,0,0,0,0,0,0,0,0,0,0,0,0,0,0,0,0,0,0,0,0,0,0,0,0,0,0,0,0,0,0,0,0,0,0,0,0,0,0,0,0,0,0,0,0,0,0,0,0,0,0,0,0,0,0,0,0,0,0,0,0,0,0,0,0,0,0,0,0,0,0,0,0,0,0,0,0,0,0,0,0,0,0,0,0,0,0,33405000,0,0,0,0,0,0,0,284400000,0,0,0,0,0,0,0,0,0,0,0,0,0,0,0,0,0,0,0,1919700000,71100000,924300000,0,0,0,0,0,0,35370000,0,0,0,0,0,0,0,0,0
"ATG",0,0,0,0,0,0,0,0,0,0,0,0,0,0,0,0,0,0,0,0,0,0,0,0,0,0,0,0,0,0,0,0,0,0,0,0,0,0,0,0,0,0,0,0,0,0,0,0,0,0,0,0,0,0,0,0,0,0,0,0,0,0,0,0,0,0,0,0,0,0,0,0,0,0,0,0,0,0,0,0,0,0,0,0,0,0,0,0,0,0,0,0,0,0,0,0,0,0,0,0,0,0,0,0,0,0,0,0,0,0,0,0,0,0,0,0,0,0,0,0,0,0,0,0,0,0,0,0,0,0,0,0,0,0,0,0,0,0,0,0,0,0,0,0,0,0,0,0,0,0,0,0,0,0,0,0,0,0,0,0,0,0,0,0,0,0,0,0,0,0,0,0,0,0,0,0,0,0,0,0,0,0,0,0,0,0,0,0,0,0,0,0,0,0,0
"ARG",13755000,0,11790000,102180000,0,0,1623090000,0,3930000,31440000,29475000,0,0,0,3293340000,15720000,17474745000,0,0,0,0,27510000,0,0,0,4501815000,23580000,0,0,0,13132095000,856695000,685785000,0,127725000,0,719190000,599325000,0,17685000,7860000,15720000,3930000,66810000,0,2151675000,66810000,618975000,13755000,143445000,0,5895000,78600000,66810000,0,0,222045000,0,35370000,1965000,0,0,0,5895000,0,9825000,3.93e+08,0,3930000,0,170955000,516795000,0,5895000,0,139515000,21615000,3930000,0,0,2222415000,9825000,0,0,7860000,165060000,1742955000,0,66810000,0,0,1444275000,259380000,25545000,0,383175000,0,5895000,161130000,25545000,0,102180000,31440000,29475000,0,0,0,0,9825000,7140810000,1011975000,62880000,449985000,0,7860000,0,3075225000,0,0,0,0,0,113970000,0,601290000,0,19650000,304575000,0,0,4592835000,1778325000,701505000,0,3930000,117900000,0,0,9825000,96285000,3930000,0,19650000,0,5895000,1965000,0,774210000,1965000,0,377280000,0,0,3930000,0,206325000,396930000,78600000,0,0,1965000,21615000,60915000,0,860670000,5895000,1088610000,49125000,0,253485000,0,0,0,884250000,0,0,43230000,29475000,2920545000,0,6423510000,0,884250000,202395000,0,220080000,13755000,9825000,174885000,0,9825000,0,0,0,0
"AUS",0,0,0,0,0,0,0,0,0,3930000,3930000,3930000,0,0,0,0,257415000,0,0,3930000,316365000,0,0,0,0,1234020000,0,0,27510000,0,5235000,445395000,0,0,0,0,0,0,0,0,0,0,0,0,0,0,174885000,0,0,0,0,1345575000,0,0,359595000,0,0,0,0,23580000,0,0,13755000,0,0,0,0,0,0,0,0,6989130000,0,31440000,0,102180000,284925000,0,0,17685000,94320000,1965000,0,0,0,29594295000,112005000,0,3930000,72705000,0,974640000,92355000,0,0,19650000,0,0,0,0,9825000,0,0,2568735000,51090000,0,0,0,0,0,0,108075000,0,0,0,0,513735000,0,556080000,0,62505000,56814495000,0,0,0,0,448020000,0,0,639915000,0,1965000,3931965000,0,37335000,0,35370000,0,3930000,0,0,0,27510000,0,0,0,0,1881705000,0,1965000,0,0,0,10254270000,0,45225000,7860000,0,0,0,58950000,1965000,0,0,1428555000,0,1501260000,0,0,0,1965000,0,13755000,2961255000,0,0,870120000,0,389070000,0,0,0,0,76635000,1965000,0,0,0,33405000,0,1965000,0,0,0,0
"AUT",54360000,0,782070000,345840000,0,43230000,1615230000,0,0,0,0,0,0,0,0,0,0,0,0,0,0,2047530000,0,0,0,322260000,0,0,0,3930000,68775000,29475000,23580000,0,0,1965000,0,0,170955000,75315000,0,209595000,0,0,9825000,0,64845000,0,0,94320000,0,0,697575000,13870095000,0,0,51090000,0,3930000,112251270000,7427700000,0,0,1963020000,0,0,0,0,0,0,0,1965000,20393970000,10748430000,49125000,0,0,167025000,13755000,149340000,298680000,12199275000,0,7860000,0,7681185000,15720000,1965000,0,0,0,3930000,13755000,25545000,0,0,0,0,0,774210000,0,0,0,0,0,0,35370000,0,7860000,0,0,0,0,52950000,0,0,16897035000,0,0,2280705000,0,0,0,0,0,1489680000,0,0,9596400000,0,13755000,1965000,0,11105385000,1923735000,0,0,0,0,0,3861225000,0,4238505000,0,0,0,0,3930000,0,0,0,23936820000,15708210000,3930000,0,149340000,28256700000,0,0,0,5678850000,14997525000,9825000,0,5895000,0,0,0,0,0,0,0,1110225000,139140000,0,0,7999515000,463740000,4550940000,0,11790000,5895000,1965000,0,0,0,0,0,5828190000,37335000,13536885000,1841205000,0,0,0
"BHS",0,0,0,0,0,0,0,0,0,0,0,0,0,0,0,0,0,0,0,0,0,0,0,0,0,0,0,0,0,0,0,0,0,0,0,0,0,0,0,0,0,0,0,0,0,0,0,0,0,0,0,0,0,0,0,0,0,0,0,0,0,0,0,0,0,0,0,0,0,0,0,0,0,0,0,0,0,0,0,0,0,0,0,0,0,0,0,0,0,0,0,0,0,0,0,0,0,0,0,0,0,0,0,0,0,0,0,0,0,0,0,0,0,0,0,0,0,0,0,0,0,0,0,0,0,0,0,0,0,0,0,0,0,0,0,0,0,0,0,0,0,0,0,0,0,0,0,0,0,0,0,0,0,0,0,0,0,0,0,0,0,0,0,0,0,0,0,0,0,0,0,0,0,0,0,0,0,0,0,0,0,0,0,0,0,0,0,0,0,0,0,0,0,0,0
"BHR",0,0,0,0,0,0,0,0,0,0,0,0,0,0,0,0,0,0,0,0,0,0,0,0,0,0,0,0,0,0,0,0,0,0,0,0,0,0,0,0,0,0,0,0,0,0,0,0,0,0,0,0,0,0,0,0,0,0,0,0,0,0,0,0,0,0,0,0,0,0,0,0,0,0,0,0,0,13755000,0,0,0,37335000,0,0,0,0,0,0,0,0,0,0,0,0,0,0,0,0,0,0,0,0,0,0,0,0,0,0,0,0,0,0,0,0,0,0,0,0,0,0,0,0,0,0,0,0,0,0,0,0,0,0,0,0,0,0,0,0,265275000,0,0,0,0,0,0,0,0,117900000,0,0,0,0,0,0,0,0,0,0,0,0,0,0,0,0,0,0,0,0,0,0,9825000,0,0,25545000,0,0,0,0,0,0,0,0,0,0,0,0,0,0,0,0,0,0,0,0,0
"BRB",0,0,0,0,0,0,0,0,0,0,0,0,0,0,0,0,0,0,0,0,0,0,0,0,0,0,0,0,0,0,0,0,0,0,0,0,0,0,0,0,0,0,0,0,0,0,0,0,0,0,0,0,0,0,0,0,0,0,0,0,0,0,0,0,0,0,0,0,0,0,0,0,0,0,0,0,0,0,0,0,0,0,0,0,0,0,0,0,0,0,0,0,0,0,0,0,0,0,0,0,0,0,0,0,0,0,0,0,0,0,0,0,0,0,0,0,0,0,0,0,0,0,0,0,0,0,0,0,0,0,0,0,0,0,0,0,0,0,0,0,0,0,0,0,0,0,0,0,0,0,0,0,0,0,0,0,0,0,0,0,0,0,0,0,0,0,0,0,0,0,0,0,0,0,0,0,0,0,86460000,0,0,0,0,0,0,0,0,0,1965000,0,0,0,0,0,0
"BGD",0,0,0,0,0,0,0,0,0,0,0,0,0,0,0,0,0,0,0,0,0,0,0,0,0,0,0,0,0,0,0,0,0,0,0,0,0,0,0,0,0,0,0,0,0,0,0,0,0,0,0,0,0,0,0,0,0,0,0,0,0,0,0,0,0,0,0,0,0,0,0,0,0,0,0,0,0,0,0,0,0,0,0,0,0,0,0,0,0,0,0,0,0,0,0,0,0,0,0,0,0,0,0,0,0,0,0,0,0,0,0,0,0,0,0,0,0,0,0,0,0,0,0,0,0,0,0,0,0,0,0,0,0,0,0,0,0,0,0,0,0,0,0,0,0,0,0,0,0,0,0,0,0,0,0,0,0,0,0,0,0,0,0,0,0,0,0,0,0,0,0,0,0,0,0,0,0,0,0,0,0,0,0,0,0,0,0,0,0,0,0,0,0,0,0
"BMU",0,0,0,0,0,0,0,0,0,0,0,0,0,0,0,0,0,0,0,0,0,0,0,0,0,0,0,0,0,0,0,0,0,0,0,0,0,0,0,0,0,0,0,0,0,0,0,0,0,0,0,0,0,0,0,0,0,0,0,0,0,0,0,0,0,0,0,0,0,0,0,0,0,0,0,0,0,0,0,0,0,0,0,0,0,0,0,0,0,0,0,0,0,0,0,0,0,0,0,0,0,0,0,0,0,0,0,0,0,0,0,0,0,0,0,0,0,0,0,0,0,0,0,0,0,0,0,0,0,0,0,0,0,0,0,0,0,0,0,0,0,0,0,0,0,0,0,0,0,0,0,0,0,0,0,0,0,0,0,0,0,0,0,0,0,0,0,0,0,0,0,0,0,0,0,0,0,0,0,0,0,0,0,0,0,0,0,0,0,0,0,0,0,0,0
"BTN",0,0,0,0,0,0,0,0,0,0,0,0,0,0,0,0,0,0,0,0,0,0,0,0,0,0,0,0,0,0,0,0,0,0,0,0,0,0,0,0,0,0,0,0,0,0,0,0,0,0,0,0,0,0,0,0,0,0,0,0,0,0,0,0,0,0,0,0,0,0,0,0,0,0,0,0,0,0,0,0,0,0,0,0,0,0,0,0,0,0,0,0,0,0,0,0,0,0,0,0,0,0,0,0,0,0,0,0,0,0,0,0,0,0,0,0,0,0,0,0,0,0,0,0,0,0,0,0,0,0,0,0,0,0,0,0,0,0,0,0,0,0,0,0,0,0,0,0,0,0,0,0,0,0,0,0,0,0,0,0,0,0,0,0,0,0,0,0,0,0,0,0,0,0,0,0,0,0,0,0,0,0,0,0,0,0,0,0,0,0,0,0,0,0,0
"BOL",0,0,10350000,0,0,99150000,0,22770000,0,0,0,0,0,0,0,0,0,0,0,0,0,0,0,0,0,0,0,0,0,0,1965000,0,39300000,0,0,0,0,5895000,0,0,0,2070000,0,0,0,0,0,0,0,0,0,0,0,0,0,0,0,0,0,538210000,0,0,0,0,0,0,0,0,0,0,0,0,0,0,0,0,0,0,0,0,0,76860000,0,0,0,13050000,0,0,0,0,0,0,0,0,0,0,0,0,0,0,0,0,0,0,0,0,0,0,0,0,0,0,0,0,0,0,49680000,0,0,0,0,1305000,0,0,0,0,0,0,0,0,0,0,0,0,0,0,0,0,0,0,0,0,0,0,0,0,0,0,0,0,0,0,0,0,0,0,0,0,0,0,0,972825000,0,0,0,0,0,0,0,0,0,0,0,0,0,0,0,0,16730000,0,0,0,0,0,0,0,0,0,0,0,0,0,0,0,0
"BWA",0,0,0,0,0,0,0,0,0,0,0,0,0,0,0,0,0,0,0,0,0,0,0,0,0,0,0,0,0,0,0,0,0,0,0,0,0,0,0,0,0,0,0,0,0,0,0,0,0,0,0,0,0,0,0,0,0,0,0,0,0,0,0,0,0,0,0,0,0,0,0,0,0,0,0,0,0,0,0,0,0,0,0,0,0,0,0,0,0,0,0,0,0,0,0,0,0,0,0,0,0,0,0,0,0,0,0,0,0,0,0,0,0,0,0,0,0,0,0,0,0,0,0,0,0,0,0,0,0,0,0,0,0,0,0,0,0,0,0,12630000,0,0,0,0,0,0,0,0,0,0,0,0,0,0,0,85800000,0,0,0,0,0,0,0,0,0,0,0,0,0,0,0,0,0,0,0,0,0,0,0,0,0,0,0,0,0,0,0,0,0,0,0,0,0,0,0
"BRA",123795000,0,90390000,90390000,3930000,128005085000,395610000,97290000,0,29475000,1965000,0,0,0,12927765000,225975000,0,0,0,0,0,19650000,0,0,459810000,33606180000,528585000,0,0,0,25641115000,413865000,4489845000,0,243660000,0,1749735000,2239410000,0,284925000,35370000,5895000,0,3265815000,0,1510860000,349770000,0,102180000,166395000,0,55020000,0,4365630000,0,0,47160000,35370000,607185000,70560000,3930000,1351920000,0,43080000,0,3930000,1681995000,147375000,45195000,257415000,432300000,284220000,212205000,102180000,29475000,58230000,17685000,13755000,208290000,43230000,332085000,120300000,33405000,0,1063035000,1844880000,117900000,0,96285000,0,0,4410855000,51090000,0,0,141480000,0,45195000,402825000,13755000,0,239730000,23580000,1343970000,0,76635000,30015000,265275000,29475000,14926550000,131655000,21615000,618975000,0,47160000,17685000,4330125000,0,0,39150000,0,37335000,440160000,21615000,41265000,0,0,1552350000,1965000,0,17217645000,1388820000,1402305000,21615000,1265460000,13755000,37335000,0,0,64845000,3930000,3930000,7860000,0,0,5895000,19650000,239730000,76635000,0,642555000,0,0,3331950000,0,1621695000,267780000,471600000,0,0,15720000,36945000,0,0,78510000,3930000,1615230000,49125000,0,1167210000,1965000,0,136395000,699540000,0,0,220475000,0,99634330000,0,12786970000,27510000,4818735000,88425000,267240000,998220000,809580000,15720000,2806560000,0,0,0,0,0,0
"ARB",0,0,0,0,0,0,0,0,0,0,0,0,0,0,0,0,0,0,0,0,0,0,0,0,0,0,0,0,0,0,0,0,0,0,0,0,0,0,0,0,0,0,0,0,0,0,0,0,0,0,0,0,0,0,0,0,0,0,0,0,0,0,0,0,0,0,0,0,0,0,0,0,0,0,0,0,0,0,0,0,0,0,0,0,0,0,0,0,0,0,0,0,0,0,0,0,0,0,0,0,0,0,0,0,0,0,0,0,0,0,0,0,0,0,0,0,0,0,0,0,0,0,0,0,0,0,0,0,0,0,0,0,0,0,0,0,0,0,0,0,0,0,0,0,0,0,0,0,0,0,0,0,0,0,0,0,0,0,0,0,0,0,0,0,0,0,0,0,0,0,0,0,0,0,0,0,0,0,0,0,0,0,0,0,0,0,0,0,0,0,0,0,0,0,0
"BLZ",0,0,0,0,0,0,0,0,0,0,0,0,0,0,0,0,0,0,0,0,0,0,0,0,0,0,0,0,0,0,0,0,0,0,0,0,0,0,0,0,0,0,0,0,0,0,0,0,0,0,0,0,0,0,0,0,0,0,0,0,0,0,0,0,0,0,0,0,0,0,0,0,0,0,0,0,0,0,0,0,0,0,0,0,0,0,0,0,0,0,0,0,0,0,0,0,0,0,0,0,0,0,0,0,0,0,0,0,0,0,0,0,0,0,0,0,0,0,0,0,0,0,0,0,0,0,0,0,0,0,0,0,0,0,0,0,0,0,0,0,0,0,0,0,0,0,0,0,0,0,0,0,0,0,0,0,0,0,0,0,0,0,0,0,0,0,0,0,0,0,0,0,0,0,0,0,0,0,0,0,0,0,0,0,0,0,0,0,0,0,0,0,0,0,0
"SLB",0,0,0,0,0,0,0,0,0,0,0,0,0,0,0,0,0,0,0,0,0,0,0,0,0,0,0,0,0,0,0,0,0,0,0,0,0,0,0,0,0,0,0,0,0,0,0,0,0,0,0,0,0,0,0,0,0,0,0,0,0,0,0,0,0,0,0,0,0,0,0,0,0,0,0,0,0,0,0,0,0,0,0,0,0,0,0,0,0,0,0,0,0,0,0,0,0,0,0,0,0,0,0,0,0,0,0,0,0,0,0,0,0,0,0,0,0,0,0,0,0,0,0,0,0,0,0,0,0,0,0,0,0,0,0,0,0,0,0,0,0,0,0,0,0,0,0,0,0,0,0,0,0,0,0,0,0,0,0,0,0,0,0,0,0,0,0,0,0,0,0,0,0,0,0,0,0,0,0,0,0,0,0,0,0,0,0,0,0,0,0,0,0,0,0
"BRN",0,0,0,0,0,0,0,0,0,0,0,0,0,0,0,0,0,0,0,0,0,0,0,0,0,0,0,0,0,0,0,0,0,0,0,0,0,0,0,0,0,0,0,0,0,0,0,0,0,0,0,0,0,0,0,0,0,0,0,0,0,0,0,0,0,0,0,0,0,0,0,0,0,0,0,0,0,0,0,0,0,0,0,0,0,0,0,0,0,0,0,0,0,0,0,0,0,0,0,0,0,0,0,0,0,0,0,0,0,0,0,0,0,0,0,0,0,0,0,0,0,0,0,0,0,0,0,0,0,0,0,0,0,0,0,0,0,0,0,0,0,0,0,0,0,0,0,0,0,0,0,0,0,0,0,0,0,0,0,0,0,0,0,0,0,0,0,0,0,0,0,0,0,0,0,0,0,0,0,0,0,0,0,0,0,0,0,0,0,0,0,0,0,0,0
"BGR",17685000,0,151305000,400860000,0,0,13755000,1202580000,0,0,0,0,0,0,0,0,0,0,0,0,0,0,0,0,0,174885000,0,0,7830000,0,0,0,0,0,0,0,0,0,96285000,0,0,0,0,0,0,0,176475000,0,0,0,0,0,0,7860000,0,0,282045000,0,0,102180000,150855000,43230000,0,2865615000,0,0,0,0,0,0,0,0,654345000,192570000,0,106110000,0,0,235800000,0,421680000,339900000,0,0,0,0,0,0,0,0,0,0,7860000,139515000,0,170955000,0,0,237765000,74670000,0,0,0,0,0,0,3930000,0,0,0,0,0,0,0,0,0,237285000,0,0,1362820000,0,0,0,0,0,0,0,0,123060000,0,0,0,49125000,51090000,36540000,0,0,0,3930000,0,8859045000,0,139515000,0,0,0,0,157200000,0,0,0,1554315000,912960000,0,0,0,102180000,0,0,0,0,0,0,0,0,0,0,0,0,0,0,0,963640000,172920000,0,0,25545000,419580000,15720000,0,0,0,98250000,0,0,0,0,0,90390000,27510000,2625405000,127725000,0,0,0
"MMR",0,0,0,0,0,0,0,0,0,0,0,0,0,0,0,0,0,0,0,0,0,0,0,0,0,0,0,0,0,0,0,0,0,0,0,0,0,0,0,0,0,0,0,0,0,0,0,0,0,0,0,0,0,0,0,0,0,0,0,0,0,0,0,0,0,0,0,0,0,0,0,0,0,0,0,0,0,0,0,0,0,0,0,0,0,0,0,0,0,0,0,0,0,0,0,0,0,0,0,0,0,0,0,0,0,0,0,0,0,0,0,0,0,0,0,0,0,0,0,0,0,0,0,0,0,0,0,0,0,0,0,0,0,0,0,0,0,0,0,0,0,0,0,0,0,0,0,0,0,0,0,0,0,0,0,0,0,0,0,0,0,0,0,0,0,0,0,0,0,0,0,0,0,0,0,0,0,0,0,0,0,0,0,0,0,0,0,0,0,0,0,0,0,0,0
"BDI",0,0,0,0,0,0,0,0,0,0,0,0,0,0,0,0,0,0,0,0,0,0,0,0,0,0,0,0,0,0,0,0,0,0,0,0,0,0,0,0,0,0,0,0,0,0,0,0,0,0,0,0,0,0,0,0,0,0,0,0,0,0,0,0,0,0,0,0,0,0,0,0,0,0,0,0,0,0,0,0,0,0,0,0,0,0,0,0,0,0,0,0,0,0,0,0,0,0,0,0,0,0,0,0,0,0,0,0,0,0,0,0,0,0,0,0,0,0,0,0,0,0,0,0,0,0,0,0,0,0,0,0,0,0,0,0,0,0,0,0,0,0,0,0,0,0,0,0,0,0,0,0,0,0,0,0,0,0,0,0,0,0,0,0,0,0,0,0,0,0,0,0,0,0,0,0,0,0,0,0,0,0,0,0,0,0,0,0,0,0,0,0,0,0,0
"CMR",0,0,0,0,0,0,0,0,0,0,0,0,0,0,0,0,336765000,0,0,0,0,0,0,0,0,0,0,300645000,0,780105000,0,416070000,0,0,3269760000,0,0,0,0,0,0,0,0,0,0,0,0,0,1216335000,0,0,0,0,63213445000,0,0,0,4230645000,0,9052110000,0,0,0,0,0,0,0,0,0,0,0,0,0,0,0,838350000,4257990000,0,0,0,0,41400000,7860000,0,0,0,0,0,0,0,0,0,0,0,0,0,0,0,0,0,0,0,0,45691110000,0,17685000,0,0,0,0,0,35370000,0,0,0,0,625826375000,0,0,0,0,0,0,0,25545000,0,0,0,0,0,0,0,0,29475000,0,0,0,0,0,0,0,0,0,0,0,0,0,0,1965000,0,0,0,0,469125000,0,0,38980170000,0,0,0,0,0,0,0,0,0,10374840000,0,0,0,0,0,10174050000,0,0,0,26841035000,0,12658330000,0,0,0,0,0,0,0,100215000,0,933570000,0,0,0,0,0,0
"CAN",0,0,0,0,1965000,43140000,300645000,0,0,29475000,34050000,0,0,0,0,0,11790000,0,0,0,0,0,0,0,0,0,0,0,0,0,17685000,100215000,307545000,0,0,0,205665000,121830000,0,0,0,17685000,0,66810000,0,9825000,3930000,45195000,0,0,0,0,7860000,258375000,0,0,0,0,0,3116280000,0,0,0,0,0,0,267240000,0,1965000,23580000,0,220170000,0,1965000,0,39300000,0,27510000,0,167025000,43230000,74670000,0,0,5895000,585570000,9825000,0,0,0,0,634695000,27510000,5895000,0,27510000,0,0,0,0,0,0,0,1965000,0,0,0,0,0,27181755000,0,0,0,0,0,0,701115000,0,0,0,0,38640000,0,0,0,21615000,0,0,25545000,0,0,0,153270000,39300000,51090000,0,0,0,5895000,0,0,0,0,0,0,0,0,56265000,0,0,0,0,0,43230000,0,7860000,9825000,11790000,0,0,157200000,21635000,5895000,0,90390000,11790000,9825000,0,0,90390000,13755000,0,1965000,51090000,7860000,0,1511085000,1965000,994215965000,0,5895000,0,7860000,0,0,0,0,0,240510000,0,0,0,0,0,0
"CPV",0,0,0,0,0,0,0,0,0,0,0,0,0,0,0,0,0,0,0,0,0,0,0,0,0,0,0,0,0,0,0,0,0,0,0,0,0,0,0,0,0,0,0,0,0,0,0,0,0,0,0,0,0,0,0,0,0,0,0,0,0,0,0,0,0,0,0,0,0,0,0,0,0,0,0,0,0,0,0,0,0,0,0,0,0,0,0,0,0,0,0,0,0,0,0,0,0,0,0,0,0,0,0,0,0,0,0,0,0,0,0,0,0,0,0,0,0,0,0,0,0,0,0,0,0,0,0,0,0,0,0,0,0,0,0,0,0,0,0,0,0,0,0,0,0,0,0,0,0,0,0,0,0,0,0,0,0,0,0,0,0,0,0,0,0,0,0,0,0,0,0,0,0,0,0,0,0,0,0,0,0,0,0,0,0,0,0,0,0,0,0,0,0,0,0
"CAF",0,0,0,0,0,0,0,0,0,0,0,0,0,0,0,0,0,0,0,0,0,0,0,0,51750000,0,0,0,0,0,0,0,0,0,0,0,0,0,0,0,0,0,0,0,0,0,0,0,0,0,0,0,0,2.07e+08,0,0,0,0,0,0,0,0,0,0,0,0,0,0,0,0,0,0,0,0,0,0,0,0,0,0,0,0,0,0,0,0,0,0,0,0,0,0,0,0,0,0,0,0,0,0,0,0,0,51750000,0,0,0,0,0,0,0,0,0,0,0,0,0,0,0,0,0,0,0,0,0,0,0,0,0,0,0,0,0,0,0,0,0,0,0,0,0,0,0,0,0,0,0,0,0,0,0,0,0,0,0,0,0,0,0,0,0,0,0,0,0,0,0,0,0,0,0,0,0,0,0,0,0,0,0,0,0,0,0,0,0,0,0,0,0,0,0,0,0,0,0
"LKA",0,0,0,0,0,0,39510000,0,0,0,0,0,0,0,0,0,0,0,0,0,0,0,0,0,0,3930000,0,0,0,0,0,0,357630000,0,0,0,0,0,0,0,0,0,0,0,0,0,0,0,0,0,0,1965000,1965000,0,0,0,0,0,0,1965000,0,0,0,0,0,0,0,5895000,0,0,0,0,0,0,0,5178315000,0,0,0,0,0,0,0,0,0,0,0,0,0,0,0,0,0,0,0,0,0,0,0,0,0,0,0,0,5895000,0,0,0,0,0,0,0,0,0,0,119865000,28980000,0,0,0,0,25545000,0,0,0,0,3915000,0,0,7860000,0,0,0,0,0,0,0,0,0,0,0,0,0,0,0,0,0,0,0,0,0,0,0,1965000,0,0,0,0,0,0,0,0,0,0,0,0,0,0,0,0,0,0,0,94320000,0,0,0,0,0,0,0,0,0,0,0,0,0,0,0,0,0,0,0,0,0
"TCD",0,0,0,0,0,0,0,0,0,0,0,0,0,0,0,0,0,0,0,0,0,0,0,0,0,0,0,0,0,0,0,0,0,0,0,0,0,0,0,0,0,0,0,0,0,0,0,0,0,0,0,0,0,0,0,0,0,0,0,0,0,0,0,0,0,0,0,0,0,0,0,0,0,0,0,0,0,0,0,0,0,0,0,0,0,0,0,0,0,0,0,0,0,0,0,0,0,0,0,0,0,0,0,0,0,0,0,0,0,0,0,0,0,0,0,0,0,0,0,0,0,0,0,0,0,0,0,0,0,0,0,0,0,0,0,0,0,0,0,0,0,0,0,0,0,0,0,0,0,0,0,0,0,0,0,0,0,0,0,0,0,0,0,0,0,0,0,0,0,0,0,0,0,0,0,0,0,0,0,0,0,0,0,0,0,0,0,0,0,0,0,0,0,0,0
"CHL",0,0,0,0,0,1236695000,0,0,0,0,1965000,0,0,0,8738250000,0,489285000,0,0,0,0,0,0,0,0,41265000,0,0,0,0,0,39825000,1192755000,0,0,0,1294935000,1103010000,0,0,0,0,1965000,758490000,0,3291375000,0,349770000,0,1965000,0,0,0,0,1965000,0,0,0,0,0,0,0,0,0,0,1965000,373350000,0,3930000,3930000,204360000,0,0,0,0,168990000,0,0,0,0,0,0,0,0,1965000,33405000,0,0,0,0,0,123795000,0,0,0,0,0,0,0,0,0,0,0,0,0,0,0,0,0,5385405000,0,13755000,0,0,0,0,0,0,0,0,0,9825000,302610000,0,76635000,0,0,503040000,0,0,1151490000,4059825000,0,0,0,0,0,0,0,0,0,0,0,0,0,1965000,0,0,0,0,106110000,0,0,49125000,0,157200000,0,25545000,0,0,0,3930000,0,0,159165000,0,0,0,0,3930000,0,0,2114340000,47160000,0,0,0,0,907830000,0,1114155000,0,3183300000,0,0,0,0,0,0,0,0,0,0,0,0
"CHN",9825000,0,41760000,561990000,0,1997655000,5445630000,0,0,56985000,14220000,242685000,0,0,84885000,0,4750200000,0,0,0,3930000,250560000,0,0,79860000,2684910000,0,0,13095000,0,4901700000,0,1902555000,0,95550000,0,170715000,2.088e+09,0,37335000,137550000,5895000,0,141480000,356130000,39300000,2268960000,707475000,0,0,0,35955000,37335000,36249300000,0,0,78300000,3930000,45195000,2606025000,19575000,974640000,0,1533555000,0,0,326190000,163095000,0,56985000,0,14323560000,0,173565000,0,3790560000,1494690000,369375000,11790000,7860000,502305000,1965000,212220000,996615000,3555000,4942590000,294750000,483390000,0,0,1019115000,7119515000,37335000,0,0,369420000,0,13755000,187935000,162075000,17685000,210255000,0,2258290000,0,0,2610000,0,263310000,1156485000,933375000,324225000,83520000,0,15720000,82530000,2711790000,0,0,0,0,235815000,7860000,0,5220000,0,3155160000,0,55020000,1965000,0,465195000,6125340000,927420000,3930000,0,0,0,25545000,0,19575000,0,3934665000,0,0,0,0,284250000,228360000,0,0,0,0,1095510000,0,1213770000,748440000,0,9825000,0,1965000,0,1973385000,90390000,1126425000,33405000,2884545000,15720000,0,0,9825000,41760000,1037115000,451950000,0,0,6148410000,512415000,42960015000,0,5.22e+08,1174500000,68775000,770280000,18270000,726090000,20880000,21540000,508770000,0,757890000,213300000,0,0,55020000
"COL",0,0,0,0,53055000,591505000,7860000,0,0,0,104145000,0,0,0,255450000,0,6525000,0,3930000,0,0,0,0,0,0,381240000,0,0,0,0,753695000,0,0,0,693645000,0,1653555000,55020000,0,0,0,0,51090000,852810000,0,9008160000,0,524655000,0,0,0,3930000,0,2285025000,0,0,0,1965000,0,732120000,0,0,0,1965000,0,7860000,198465000,0,131655000,277065000,145410000,0,0,0,0,0,0,0,45195000,0,0,32805000,0,0,956955000,0,0,0,72705000,0,0,113265000,0,0,0,37335000,0,200430000,0,0,0,0,19650000,0,0,0,0,0,0,6795960000,0,0,986430000,0,0,0,3589005000,0,0,0,0,17685000,0,0,0,0,0,1926275000,1965000,0,0,1561405000,3930000,74670000,0,0,0,0,0,506970000,0,0,1975455000,1965000,102180000,1965000,0,0,9825000,0,5895000,0,127725000,0,0,8148855000,2333805000,96285000,0,0,524670000,868215000,303335000,0,0,589500000,0,0,0,907485000,0,0,0,0,438195000,0,1822695000,0,17739970000,0,0,0,29061420000,0,0,51090000,0,953025000,49770000,0,0,0,0,0,0
"COM",0,0,0,0,0,0,0,0,0,0,0,0,0,0,0,0,0,0,0,0,0,0,0,0,0,0,0,0,0,0,0,0,0,0,0,0,0,0,0,0,0,0,0,0,0,0,0,0,0,0,0,0,0,0,0,0,0,0,0,0,0,0,0,0,0,0,0,0,0,0,0,0,0,0,0,0,0,0,0,0,0,0,0,0,0,0,0,0,0,0,0,0,0,0,0,0,0,0,0,0,0,0,0,0,0,0,0,0,0,0,0,0,0,0,0,0,0,0,0,0,0,0,0,0,0,0,0,0,0,0,0,0,0,0,0,0,0,0,0,0,0,0,0,0,0,0,0,0,0,0,0,0,0,0,0,0,0,0,0,0,0,0,0,0,0,0,0,0,0,0,0,0,0,0,0,0,0,0,0,0,0,0,0,0,0,0,0,0,0,0,0,0,0,0,0
"COG",0,0,0,0,0,0,0,0,0,0,0,0,0,0,0,0,0,0,0,0,0,0,0,0,0,0,0,0,0,0,0,0,0,0,0,0,0,0,0,0,0,0,0,0,0,0,0,0,0,0,0,0,0,1965000,0,0,0,0,0,0,0,0,0,0,0,0,0,0,0,0,0,0,0,0,0,0,0,0,0,0,0,351900000,0,0,0,0,0,0,0,0,0,0,0,0,0,0,0,0,0,0,0,0,0,0,0,0,0,0,0,0,0,0,0,0,0,0,0,0,0,0,0,0,0,0,0,0,0,0,0,0,0,0,0,0,0,0,0,0,0,0,0,0,0,0,0,0,0,0,0,0,0,0,0,0,0,0,0,0,0,0,0,5895000,0,0,0,0,0,0,0,0,0,0,0,0,0,0,0,0,0,0,0,0,0,0,0,0,0,0,382740000,0,0,0,0,0,0
"COK",0,0,0,0,0,0,0,0,0,0,0,0,0,0,0,0,0,0,0,0,0,0,0,0,0,0,0,0,0,0,0,0,0,0,0,0,0,0,0,0,0,0,0,0,0,0,0,0,0,0,0,0,0,0,0,0,0,0,0,0,0,0,0,0,0,0,0,0,0,0,0,0,0,0,0,0,0,0,0,0,0,0,0,0,0,0,0,0,0,0,0,0,0,0,0,0,0,0,0,0,0,0,0,0,0,0,0,0,0,0,0,0,0,0,0,0,0,0,0,0,0,0,0,0,0,0,0,0,0,0,0,0,0,0,0,0,0,0,0,0,0,0,0,0,0,0,0,0,0,0,0,0,0,0,0,0,0,0,0,0,0,0,0,0,0,0,0,0,0,0,0,0,0,0,0,0,0,0,0,0,0,0,0,0,0,0,0,0,0,0,0,0,0,0,0
"CRI",0,0,0,0,0,0,0,0,0,0,0,0,0,0,0,0,0,0,0,0,0,0,0,0,0,3555000,0,0,0,0,33405000,0,0,0,0,0,0,0,0,0,0,0,0,75975000,0,0,0,656780000,0,0,0,0,0,0,0,0,0,0,0,337410000,0,0,0,0,0,7830000,3501360000,0,0,0,1545570000,0,0,0,0,0,0,0,0,0,0,11790000,0,0,3930000,26910000,0,0,0,0,0,0,1965000,1965000,0,0,0,0,0,0,0,0,0,0,0,0,0,0,0,686355000,0,0,0,0,0,0,163530000,0,0,0,0,0,2089625000,0,0,0,0,2314515000,0,0,0,23580000,0,0,0,0,0,0,0,0,0,0,0,0,0,0,0,0,0,0,0,0,0,0,0,0,0,0,0,0,0,93150000,0,0,0,0,0,0,0,0,0,0,0,0,0,0,0,0,380710000,0,0,0,0,0,0,0,0,0,171040000,0,0,0,0,0,0
"CUB",0,0,0,0,0,0,0,0,0,0,0,0,0,0,0,0,0,0,0,0,0,0,0,0,0,0,0,0,0,0,0,0,0,0,0,0,0,0,0,0,0,0,0,0,0,0,0,0,0,0,0,0,0,0,0,0,0,0,0,0,0,0,0,0,0,0,0,0,0,0,0,0,0,0,0,0,0,0,0,0,0,0,0,0,0,0,0,0,0,0,0,0,0,0,0,0,0,0,0,0,0,0,0,0,0,0,0,0,0,0,0,0,0,0,0,0,0,0,0,0,0,0,0,0,0,0,0,0,0,0,0,0,0,0,0,0,0,0,0,0,0,0,0,0,0,0,0,0,0,0,0,0,0,0,0,0,0,0,0,0,0,0,0,0,0,0,0,0,0,0,0,0,0,0,0,0,0,0,0,0,0,0,0,0,0,0,0,0,0,0,0,0,0,0,0
"CYP",0,0,0,0,0,0,0,0,0,0,0,0,0,0,0,0,0,0,0,0,0,0,0,0,0,0,0,0,0,0,0,0,0,0,0,0,0,0,0,0,0,0,0,0,0,0,0,0,0,0,0,0,0,0,0,0,0,0,0,0,0,0,0,0,0,0,0,0,0,0,0,0,0,0,0,0,0,0,0,0,0,0,0,0,0,0,43230000,0,0,0,0,0,0,0,0,0,0,0,0,0,0,0,0,0,0,0,0,0,0,0,0,0,0,0,0,0,0,0,0,0,0,0,0,0,0,0,0,0,0,0,0,0,0,0,0,0,0,0,5895000,1965000,0,0,0,0,0,0,0,0,0,0,0,0,0,0,0,0,0,0,0,0,0,0,0,0,0,1965000,0,0,0,0,0,0,0,0,0,0,0,0,0,0,0,0,0,0,0,0,0,0,0,0,0,0,0,0,0
"AZE",0,0,0,0,0,0,0,0,0,0,0,0,0,0,0,0,0,0,0,0,0,0,0,0,0,0,0,0,0,0,0,0,0,0,0,0,0,0,0,0,0,0,0,0,0,0,0,0,0,0,0,0,0,0,0,0,206325000,0,0,0,0,0,0,0,0,0,0,0,0,0,0,0,0,0,0,0,0,0,0,0,19650000,0,0,947130000,0,0,0,80565000,0,0,0,0,0,0,0,0,0,0,0,0,0,0,0,0,0,0,0,0,0,0,0,0,0,0,0,0,0,0,0,0,0,0,0,0,0,0,0,0,0,0,0,0,0,0,0,0,0,0,0,0,0,0,1709550000,0,0,0,0,0,0,0,0,0,0,0,0,0,0,0,1035555000,0,0,0,0,76635000,0,0,0,0,0,0,0,0,0,0,0,0,0,0,9825000,0,0,37335000,0,0,0,0,0,0,0,0,0,0,0,0,0
"BEN",0,0,0,0,0,0,0,0,0,0,0,0,0,0,0,0,0,0,0,0,0,0,0,0,0,0,0,0,0,0,0,0,0,0,0,0,0,0,0,0,0,0,0,0,0,0,0,0,0,0,0,0,0,0,0,0,0,0,0,0,0,0,0,0,0,0,0,0,0,0,0,0,0,0,0,0,0,0,0,0,0,0,0,0,0,0,0,0,0,0,0,0,0,0,0,0,0,0,0,0,0,0,0,0,0,0,0,0,0,0,0,0,0,0,0,0,0,0,0,0,0,0,0,0,1965000,0,0,0,0,0,0,0,0,0,0,0,0,0,0,0,0,0,0,0,0,0,0,0,0,0,0,0,0,0,0,0,0,0,0,0,0,0,0,0,0,0,0,0,0,0,0,0,0,0,0,0,0,0,0,0,0,0,0,0,0,0,0,0,0,0,0,0,0,0,0
"DNK",7860000,21615000,0,3930000,0,0,198465000,123795000,0,196500000,0,0,0,0,0,0,3930000,0,0,0,0,5895000,0,0,0,2833530000,0,0,0,0,0,35370000,0,0,0,0,0,0,11790000,1965000,0,0,0,0,0,0,0,0,0,522690000,1111485000,0,5537370000,1389870000,0,0,1965000,0,0,24933645000,0,9825000,0,125760000,0,0,1965000,0,0,0,0,115935000,180120000,5895000,2005485000,3930000,0,68775000,0,0,180780000,3212775000,3930000,7860000,0,76635000,0,0,3930000,0,0,49125000,0,176850000,0,13755000,0,0,0,72705000,0,0,0,0,0,0,3930000,0,1965000,0,0,0,0,0,0,0,8433975000,0,1965000,1965000,0,3930000,0,0,0,5129865000,0,3930000,449985000,0,0,0,1965000,328155000,1373535000,0,0,0,72705000,0,23580000,0,639915000,0,0,0,0,52980000,0,0,0,29475000,632730000,1076820000,0,13755000,451950000,0,0,0,30766665000,235800000,1965000,0,0,0,11790000,47700000,1305000,0,11790000,0,47160000,84495000,0,0,5354520000,41265000,1577895000,0,13755000,0,5895000,0,1965000,0,0,0,867870000,907830000,0,0,0,0,0
"DMA",0,0,0,0,0,0,0,0,0,0,0,0,0,0,0,0,0,0,0,0,0,0,0,0,0,0,0,0,0,0,0,0,0,0,0,0,0,0,0,0,0,0,0,0,0,0,0,0,0,0,0,0,0,0,0,0,0,0,0,0,0,0,0,0,0,0,0,0,0,0,0,0,0,0,0,0,0,0,0,0,0,0,0,0,0,0,0,0,0,0,0,0,0,0,0,0,0,0,0,0,0,0,0,0,0,0,0,0,0,0,0,0,0,0,0,0,0,0,0,0,0,0,0,0,0,0,0,0,0,0,0,0,0,0,0,0,0,0,0,0,0,0,0,0,0,0,0,0,0,0,0,0,0,0,0,0,0,0,0,0,0,0,0,0,0,0,0,0,0,0,0,0,0,0,0,0,0,0,0,0,0,0,0,0,0,0,0,0,4140000,0,0,0,0,0,0
"DOM",0,0,0,0,0,0,0,0,0,0,0,0,0,0,0,0,0,0,0,0,0,0,0,0,0,0,0,0,0,0,0,0,0,0,0,0,0,0,0,0,0,0,0,0,0,0,0,0,0,0,0,0,0,0,0,0,0,0,0,0,0,0,0,0,0,0,0,0,0,0,0,0,0,0,0,0,0,0,0,0,0,0,0,0,0,0,0,0,0,0,0,0,0,0,0,0,0,0,0,0,0,0,0,0,0,0,0,0,0,0,0,0,0,0,0,0,0,0,0,0,0,0,0,0,0,0,0,0,0,0,0,0,0,0,0,0,0,0,0,0,0,0,0,0,0,0,0,0,0,0,0,0,0,0,0,0,0,0,0,0,0,0,0,0,0,0,0,0,0,0,0,0,0,0,0,0,0,0,0,0,0,0,0,0,0,0,0,0,0,0,0,0,0,0,0
"BLR",204360000,0,0,0,0,0,0,0,0,0,0,0,0,0,0,0,0,0,0,0,0,0,0,0,0,76635000,0,0,0,0,0,0,0,0,0,0,0,0,3930000,1756710000,0,0,0,0,0,0,0,0,0,47160000,0,0,0,0,0,0,186675000,0,0,141480000,0,0,0,29475000,0,0,0,0,0,0,0,0,0,0,0,0,0,0,0,0,157200000,0,0,249555000,0,0,0,58950000,0,0,0,0,0,39300000,0,0,0,0,0,29475000,0,0,0,0,0,0,0,0,0,0,19650000,0,0,64845000,0,0,26100000,0,0,0,0,0,0,0,0,0,0,0,13755000,0,0,0,0,0,0,0,0,0,0,0,0,0,24840855000,0,0,0,0,0,0,0,0,0,0,0,0,0,0,0,135585000,0,0,0,0,477495000,0,0,0,0,0,0,0,0,0,1965000,0,0,0,13755000,779445000,0,0,127725000,0,0,0,23580000,0,0,0,0,0,0,0,0,0
"ECU",0,0,0,19575000,0,4902190000,2366095000,0,0,0,0,0,0,0,861070000,0,331770000,0,0,0,0,0,0,0,0,469785000,0,0,0,0,9803095000,143960000,22166065000,0,0,0,188800000,191970000,0,0,0,1965000,0,0,0,0,0,0,0,0,0,0,2070000,6757965000,0,0,0,0,0,51399820000,0,0,0,0,0,0,497705000,0,0,0,227700000,0,0,0,0,869400000,0,0,0,0,0,19429400000,0,0,104400000,1.6312e+10,0,0,0,0,2610000,310500000,0,0,0,0,0,0,0,51750000,0,0,0,258750000,0,0,0,0,0,39270060000,0,0,0,0,0,0,81674680000,0,0,0,0,0,0,0,0,0,0,63525000,3555000,0,0,3492885000,0,0,0,0,0,0,0,0,0,0,0,0,0,0,0,19650000,0,0,0,0,0,349280000,0,9540000,5301980000,0,0,0,1965000,883890000,0,0,0,0,0,0,0,0,0,0,0,0,0,0,1722945000,13635000,207978595000,0,849785000,0,251595000,0,0,0,0,0,17441310000,103500000,0,0,0,0,0
"EGY",0,15720000,0,0,0,0,0,0,0,0,0,0,0,0,0,0,0,0,0,0,0,0,0,0,0,0,0,0,0,0,0,0,0,0,0,0,0,0,0,0,31440000,0,0,0,0,0,0,0,0,0,0,0,0,0,0,7860000,0,0,0,0,0,0,0,0,0,0,0,0,0,0,0,0,0,0,0,90390000,0,0,102180000,0,0,11790000,0,0,0,0,894075000,0,60915000,0,0,0,3270000,0,0,1501260000,0,0,463740000,0,0,0,0,0,0,0,0,0,0,0,0,561990000,0,0,0,0,0,0,0,0,0,0,0,98250000,9825000,0,0,0,0,0,0,0,0,0,0,0,0,402825000,17685000,0,0,0,0,0,0,0,0,4307280000,0,0,0,0,0,0,0,0,0,0,0,0,0,0,398895000,0,0,0,0,0,0,0,0,0,0,62880000,0,0,3930000,0,61500000,0,0,0,0,0,17685000,557400000,0,0,0,0,0,0,0,0,104145000
"SLV",0,0,0,0,0,0,0,0,0,0,0,0,0,0,0,0,0,0,11790000,0,0,0,0,0,0,0,0,0,0,0,0,0,0,0,0,0,473565000,0,0,0,0,0,0,168990000,0,19650000,0,0,0,0,0,0,0,0,0,0,0,0,0,0,0,0,0,0,0,0,2701500000,0,0,0,2297085000,0,0,0,0,0,0,0,0,0,0,0,0,0,0,0,0,0,0,0,0,0,0,0,0,0,0,0,0,0,0,0,0,0,0,0,0,0,0,5220000,0,0,0,0,0,0,0,0,0,0,0,0,2728695000,0,0,0,0,145275000,0,0,0,0,0,0,0,0,0,0,0,0,0,0,0,0,0,0,0,0,0,0,0,0,0,0,0,0,0,0,0,0,0,0,0,0,0,0,0,0,0,0,0,0,0,0,0,0,0,0,1264850000,0,0,0,0,0,0,0,0,0,0,0,0,0,0,0,0
"GNQ",0,0,0,0,0,0,0,0,0,0,0,0,0,0,0,0,0,0,0,0,0,0,0,0,0,0,0,0,0,0,0,0,0,0,0,0,0,0,0,0,0,0,0,0,0,0,0,0,0,0,0,0,0,0,0,0,0,0,0,0,0,0,0,0,0,0,0,0,0,0,0,0,0,0,0,0,0,0,0,0,0,0,0,0,0,0,0,0,0,0,0,0,0,0,0,0,0,0,0,0,0,0,0,0,0,0,0,0,0,0,0,0,0,0,0,0,0,0,0,0,0,0,0,0,0,0,0,0,0,0,0,0,0,0,0,0,0,0,0,0,0,0,0,0,0,0,0,0,0,0,0,0,0,0,0,0,0,0,0,0,0,0,0,0,0,0,0,0,0,0,0,0,0,0,0,0,0,0,0,0,0,0,0,0,0,0,0,0,0,0,0,0,0,0,0
"EST",0,0,0,0,0,0,0,0,0,0,0,0,0,0,0,0,0,0,0,0,0,51130000,0,0,0,0,0,0,0,0,0,0,0,0,0,0,0,0,0,0,0,0,0,0,44840000,0,0,0,0,0,0,0,569850000,21615000,0,0,0,0,0,265275000,0,0,0,0,0,0,0,0,0,0,0,0,0,0,0,0,0,0,0,0,3930000,0,0,0,0,0,0,0,0,0,0,0,0,2556995000,0,0,0,0,0,1435080000,0,0,0,0,0,0,0,0,0,0,0,0,0,0,0,0,0,0,0,0,0,0,0,0,0,110040000,0,0,488520000,0,0,0,0,0,0,0,0,0,0,0,0,0,4021615000,0,0,0,0,0,0,0,0,0,0,0,0,0,0,0,0,0,11790000,0,0,0,0,0,0,0,0,0,0,0,0,0,0,0,0,153400000,1965000,0,0,0,0,0,0,0,0,0,0,0,0,0,0,0,0
"FRO",0,0,0,0,0,0,0,0,0,0,0,0,0,0,0,0,0,0,0,0,0,0,0,0,0,0,0,0,0,0,0,0,0,0,0,0,0,0,0,0,0,0,0,0,0,0,0,0,0,0,0,0,0,0,0,0,0,0,0,0,0,0,0,0,0,0,0,0,0,0,0,0,0,0,0,0,0,0,0,0,0,0,0,0,0,0,0,0,0,0,0,0,0,0,0,0,0,0,0,0,0,0,0,0,0,0,0,0,0,0,0,0,0,0,0,0,0,0,0,0,0,0,0,0,0,0,0,0,0,0,0,0,0,0,0,0,0,0,0,0,0,0,0,0,0,0,0,0,0,0,0,0,0,0,0,0,0,0,0,0,0,0,0,0,0,0,0,0,0,0,0,0,0,0,0,0,0,0,0,0,0,0,0,0,0,0,0,0,0,0,0,0,0,0,0
"FJI",0,0,0,0,0,0,16455000,0,0,0,0,0,0,0,0,0,0,0,0,1965000,0,0,0,0,0,27510000,0,0,0,0,0,0,0,0,0,0,0,0,0,0,0,0,0,0,0,0,0,0,0,0,0,0,0,0,0,0,0,0,0,0,0,0,0,0,0,0,0,0,0,0,0,0,0,0,0,0,0,0,0,0,0,0,0,0,0,0,0,0,0,0,0,0,0,0,0,0,0,0,0,0,0,0,0,0,0,0,0,0,0,0,0,0,0,0,0,0,0,0,0,0,3270000,1965000,0,0,0,0,0,0,0,0,0,0,0,0,0,0,0,0,0,0,0,0,0,0,0,0,0,0,0,0,0,0,0,0,0,0,0,0,0,0,0,0,0,0,0,0,0,0,0,0,0,0,0,0,0,22245000,0,0,44640000,0,0,0,0,0,0,0,0,0,0,0,0,0,0,0,0
"FIN",0,0,0,0,0,0,1965000,41265000,0,0,0,0,0,0,0,0,0,0,0,0,0,15720000,0,0,0,19650000,0,0,0,0,0,0,0,0,0,0,0,0,1965000,165060000,0,4643295000,0,0,0,0,0,0,0,5842545000,0,0,0,60915000,0,0,0,0,0,1839240000,1965000,0,0,1965000,0,0,0,0,0,0,0,0,39300000,0,39300000,0,137550000,0,0,0,27510000,19650000,0,157200000,0,3672585000,0,0,0,0,0,1033590000,0,1106295000,0,0,0,0,0,550200000,0,0,0,0,0,0,0,0,0,0,0,0,0,3930000,0,0,275745000,0,0,0,0,0,0,0,0,1666320000,0,0,862635000,0,0,0,0,2135955000,0,0,0,0,0,0,66810000,0,2945160000,0,0,0,0,0,0,0,0,0,19650000,33405000,0,0,168990000,0,0,0,22369560000,1965000,0,0,0,0,0,0,0,0,0,1965000,0,0,0,0,284925000,100215000,23580000,0,3930000,0,0,0,0,0,0,0,1965000,0,0,0,0,0,0
"FRA",153855000,0,0,4057320000,0,98250000,8929480000,8713100000,0,41265000,26115000,0,0,0,0,0,1062420000,0,0,0,0,3706935000,0,0,347805000,18503530000,3930000,3930000,0,23580000,412425000,2527350000,190605000,19650000,133620000,0,0,53885000,667135000,11790000,62880000,5987070000,0,9825000,13755000,0,976860000,0,5895000,704070000,0,0,10780725000,0,1706850000,269205000,35370000,768315000,3930000,243347865000,0,19650000,0,13231990000,0,0,0,7860000,0,1965000,0,1860765000,3063005000,8730705000,2491175000,896835000,1854330000,1800915000,0,4360355000,1898715000,154174920000,550200000,3930000,0,23536515000,123495000,0,0,4575000,0,12057990000,758535000,373350000,0,2568825000,0,0,139515000,1074855000,15720000,361860000,0,427470000,1965000,92355000,349020000,37335000,574335000,1084290000,31440000,2567370000,0,54165000,0,1965000,186823320000,0,1226830000,0,13755000,471090000,0,58935000,200430000,15920790000,69815000,39300000,10608660000,0,2610000,15045000,858300000,43063635000,20852850000,0,0,0,245610000,0,1909770000,1965000,5795145000,0,11790000,0,0,1529100000,878985000,3270000,0,1190450000,3504210000,611610000,0,1081380000,212747425000,0,0,0,15719500000,94787220000,1383895000,52200000,4350945000,0,1217770000,64845000,0,450270000,176850000,1404390000,8407630000,1808055000,3930000,0,265657440000,2148960000,41339020000,61530000,31440000,0,1965000,37335000,0,0,33405000,0,388058315000,5884970000,6274815000,0,0,0,0
"PYF",0,0,0,0,0,0,0,0,0,0,0,0,0,0,0,0,0,0,0,0,0,0,0,0,0,0,0,0,0,0,0,0,0,0,0,0,0,0,0,0,0,0,0,0,0,0,0,0,0,0,0,0,0,0,0,0,0,0,0,0,0,0,0,0,0,0,0,0,0,0,0,0,0,0,0,0,0,0,0,0,0,0,0,0,0,1965000,0,0,0,0,0,0,0,0,0,0,0,0,0,0,0,0,0,0,0,0,0,0,0,0,0,0,0,0,0,0,0,0,0,0,0,0,0,0,0,0,0,0,0,0,0,0,0,0,0,0,0,0,0,0,0,0,0,0,0,0,0,0,0,0,0,0,0,0,0,0,0,0,0,0,0,0,0,0,0,0,0,0,0,0,0,0,0,0,0,0,0,0,0,0,0,0,0,0,0,0,0,0,0,0,0,0,0,0,0
"DJI",0,0,0,0,0,0,0,0,0,0,0,0,0,0,0,0,0,0,0,0,0,0,0,0,0,0,0,0,0,0,0,0,0,0,0,0,0,0,0,0,0,0,0,0,0,0,0,0,0,0,0,0,0,0,0,0,0,0,0,0,0,0,0,0,0,0,0,0,0,0,0,0,0,0,0,0,0,0,0,0,0,0,0,0,0,0,0,0,0,0,0,0,0,0,0,0,0,0,0,0,0,0,0,0,0,0,0,0,0,0,0,0,0,0,0,0,0,0,0,0,0,0,0,0,0,0,0,0,0,0,0,0,0,0,0,0,0,0,0,0,0,0,0,0,0,0,0,0,0,0,0,0,0,0,0,0,0,0,0,0,0,0,0,0,0,0,0,0,0,0,0,0,0,0,0,0,0,0,0,0,0,0,0,0,0,0,0,0,0,0,0,0,0,0,0
"GEO",0,0,0,0,0,0,0,0,0,0,0,0,0,0,0,0,0,0,0,0,0,0,0,0,0,0,0,0,0,0,0,0,0,0,0,0,0,0,0,39300000,0,0,0,0,0,0,0,0,0,0,0,0,0,0,0,0,0,0,0,1965000,0,0,0,0,0,0,0,0,0,0,0,0,0,0,0,0,0,0,0,0,0,0,0,0,0,0,0,0,0,0,0,0,0,0,0,0,0,0,0,0,0,0,0,0,0,0,0,0,0,0,0,0,0,19650000,0,0,0,0,0,0,0,0,0,0,0,0,0,0,0,0,0,0,0,0,0,0,0,0,0,0,0,0,0,0,0,0,0,0,0,0,0,0,58950000,0,0,0,0,0,0,0,0,0,0,0,0,0,0,0,0,0,0,0,66810000,0,0,0,0,0,0,0,0,0,0,0,0,0,0,0,0,0,0,0,0,0,0
"GAB",0,0,0,0,0,0,0,0,0,0,0,0,0,0,0,0,0,0,0,0,0,0,0,0,0,0,0,0,0,0,0,0,0,0,0,0,0,0,0,0,0,0,0,0,0,0,0,0,0,0,0,0,0,0,0,0,0,0,0,0,0,0,0,0,0,0,0,0,0,0,0,0,0,0,0,0,0,0,0,0,0,0,0,0,0,0,0,0,0,0,0,0,0,0,0,0,0,0,0,0,0,0,0,0,0,0,0,0,0,0,0,0,0,0,0,0,0,0,0,0,0,0,0,0,0,0,0,0,0,0,0,0,0,0,0,0,0,0,0,0,0,0,0,0,0,0,0,0,0,0,0,0,0,0,0,0,0,0,0,0,0,0,0,0,0,0,0,0,0,0,0,0,0,0,0,0,0,0,0,0,0,0,0,0,0,0,0,0,0,0,0,0,0,0,0
"GMB",0,0,0,0,0,0,0,0,0,0,0,0,0,0,0,0,0,0,0,0,0,0,0,0,0,0,0,0,0,0,0,0,0,0,0,0,0,0,0,0,0,0,0,0,0,0,0,0,0,0,0,0,0,0,0,0,0,0,0,0,0,0,0,0,0,0,0,0,0,0,0,0,0,0,0,0,0,0,0,0,0,0,0,0,0,0,0,0,0,0,0,0,0,0,0,0,0,0,0,0,0,0,0,0,0,0,0,0,0,0,0,0,0,0,0,0,0,0,0,0,0,0,0,0,0,0,0,0,0,0,0,0,0,0,0,0,0,0,0,0,0,0,0,0,0,0,0,0,0,0,0,0,0,0,0,0,0,0,0,0,0,0,0,0,0,0,0,0,0,0,0,0,0,0,0,0,0,0,0,0,0,0,0,0,0,0,0,0,3930000,0,0,0,0,0,0
"DEU",446055000,279030000,931965000,4975140000,0,563295000,30694550000,228800750000,3930000,193200000,0,0,0,0,21615000,0,10248945000,0,0,0,70740000,12907130000,0,0,41265000,23521605000,0,0,5895000,53055000,2110290000,3317545000,178815000,0,4575000,0,113970000,1965000,1656495000,567225000,0,65360210000,0,184710000,4635575000,117900000,2496385000,1965000,0,3782900000,15720000,0,34792775000,496301415000,115935000,7860000,1418730000,0,0,0,2971170000,3930000,0,38596650000,0,0,178815000,5895000,0,26850000,0,2492445000,68685200000,15775125000,417180000,308490000,3193695000,6268245000,440790000,19362950000,11895355000,209850390000,13095000,4121910000,0,3990690000,250110000,428370000,17685000,0,5895000,1382700000,1274580000,4833420000,0,1636055000,0,240375000,750630000,10377180000,414615000,0,0,10605840000,92355000,9825000,672030000,0,644520000,2241045000,1721340000,923535000,0,233835000,176850000,102180000,217115525000,0,31440000,1094235000,0,1784385000,66810000,0,112005000,23778525000,117900000,72705000,85110060000,0,33405000,94320000,1413465000,223857730000,27744350000,0,0,0,268530000,0,35823575000,0,98754715000,56985000,0,0,1965000,4430415000,74670000,11790000,43230000,17181690000,43129100000,2366525000,0,2040675000,119189470000,139515000,49125000,0,59718920000,58051840000,632460000,17685000,1161300000,0,1071525000,0,0,106110000,85140000,145860000,16637505000,3166845000,0,0,266859955000,37454390000,60103520000,0,137550000,94215000,55020000,379245000,61560000,232470000,5895000,0,160482185000,4688995000,6121530000,699540000,0,0,61380000
"BIH",0,0,0,0,0,0,1965000,0,0,0,0,0,0,0,0,0,0,0,0,0,0,0,0,0,0,0,0,0,0,0,0,0,0,0,0,0,0,0,0,0,0,0,0,0,0,0,0,0,0,0,0,0,0,0,0,0,0,0,0,0,0,0,0,0,0,0,0,0,0,0,0,0,0,4865910000,0,0,0,0,0,0,0,0,0,0,0,0,0,0,0,0,0,0,0,0,0,0,0,0,0,0,0,0,0,0,0,0,0,0,0,0,0,0,0,0,0,0,24840000,0,0,33405000,0,0,0,0,0,0,0,0,3397485000,0,0,0,0,0,0,0,0,0,0,0,0,0,0,0,0,0,0,0,0,0,0,45195000,316365000,0,0,0,0,0,0,0,0,5895000,0,0,0,0,0,0,0,0,0,0,0,0,0,0,0,0,0,0,0,0,0,0,0,0,0,0,0,0,3633270000,498450000,0,0,0
"GHA",0,0,0,0,0,0,0,0,0,0,0,0,0,0,0,0,1.4112e+10,0,0,0,0,5044275000,0,0,66810000,348765000,0,0,0,0,0,62453550000,0,0,5895000,0,0,0,0,0,343200000,0,0,0,0,0,0,0,0,68908600000,0,0,0,80816880000,0,0,0,112005000,7860000,47865075000,0,0,0,0,0,0,0,35370000,0,0,0,0,0,1316700000,0,15369750000,15162750000,13972500000,0,24911100000,1103310000,55610910000,3350325000,0,0,96588990000,0,0,0,0,0,1914750000,0,0,0,0,0,23580000,0,0,0,0,0,1.68093e+11,0,0,0,0,0,0,0,0,0,0,0,0,720860775000,0,0,0,0,724500000,0,60915000,1773390000,0,0,0,0,0,0,0,0,0,0,0,0,0,0,0,0,0,0,0,0,0,0,0,19650000,0,15720000,0,0,6934500000,0,94400000,66578130000,0,0,0,0,517500000,0,0,0,0,1.6353e+10,382335000,0,0,0,0,84706650000,4140000,0,0,220544585000,0,57694095000,93615000,2.61e+08,0,0,0,0,0,0,0,45442710000,0,0,0,0,0,0
"KIR",0,0,0,0,0,0,0,0,0,0,0,0,0,0,0,0,0,0,0,0,0,0,0,0,0,0,0,0,0,0,0,0,0,0,0,0,0,0,0,0,0,0,0,0,0,0,0,0,0,0,0,0,0,0,0,0,0,0,0,0,0,0,0,0,0,0,0,0,0,0,0,0,0,0,0,0,0,0,0,0,0,0,0,0,0,0,0,0,0,0,0,0,0,0,0,0,0,0,0,0,0,0,0,0,0,0,0,0,0,0,0,0,0,0,0,0,0,0,0,0,0,0,0,0,0,0,0,0,0,0,0,0,0,0,0,0,0,0,0,0,0,0,0,0,0,0,0,0,0,0,0,0,0,0,0,0,0,0,0,0,0,0,0,0,0,0,0,0,0,0,0,0,0,0,0,0,0,0,0,0,0,0,0,0,0,0,0,0,0,0,0,0,0,0,0
"GRC",25545000,0,1977585000,190605000,0,0,43230000,41265000,1965000,41265000,0,15720000,0,0,0,0,0,0,0,0,0,1085975000,0,0,0,51660000,0,0,0,0,0,35370000,0,0,0,0,0,0,2052880000,0,0,53055000,0,0,0,11790000,1035555000,0,0,0,0,0,41265000,188640000,0,0,0,0,0,154230000,0,31440000,0,0,0,0,0,0,0,0,0,13755000,149340000,3930000,0,35370000,0,0,1965000,0,298680000,373350000,473565000,1965000,0,58950000,25545000,23580000,0,0,0,70740000,78600000,13755000,0,1377465000,0,0,143445000,153270000,0,0,0,0,0,0,19650000,640590000,11790000,0,0,113970000,0,0,0,0,635170000,0,0,2153370000,0,27510000,0,0,0,0,0,0,161130000,0,0,0,0,13755000,84495000,0,0,0,58950000,0,867375000,0,19650000,0,0,0,0,351735000,0,0,0,25545000,157200000,7860000,0,1965000,263310000,62880000,0,0,74670000,0,35370000,0,0,43230000,0,0,0,0,15720000,0,383115000,581640000,0,0,76635000,0,135585000,0,0,0,0,0,98250000,45195000,0,0,420510000,0,214185000,0,0,0,0
"GRL",0,0,0,0,0,0,0,0,0,0,0,0,0,0,0,0,0,0,0,0,0,0,0,0,0,0,0,0,0,0,0,0,0,0,0,0,0,0,0,0,0,0,0,0,0,0,0,0,0,0,0,0,0,0,0,0,0,0,0,0,0,0,0,0,0,0,0,0,0,0,0,0,0,0,0,0,0,0,0,0,0,0,0,0,0,0,0,0,0,0,0,0,0,0,0,0,0,0,0,0,0,0,0,0,0,0,0,0,0,0,0,0,0,0,0,0,0,0,0,0,0,0,0,0,0,0,0,0,0,0,0,0,0,0,0,0,0,0,0,0,0,0,0,0,0,0,0,0,0,0,0,0,0,0,0,0,0,0,0,0,0,0,0,0,0,0,0,0,0,0,0,0,0,0,0,0,0,0,0,0,0,0,0,0,0,0,0,0,0,0,0,0,0,0,0
"GRD",0,0,0,0,0,0,0,0,0,0,0,0,0,0,0,0,0,0,0,0,0,0,0,0,0,0,0,0,0,0,0,0,0,0,0,0,0,0,0,0,0,0,0,0,0,0,0,0,0,0,0,0,0,0,0,0,0,0,0,0,0,0,0,0,0,0,0,0,0,0,0,0,0,0,0,0,0,0,0,0,0,0,0,0,0,0,0,0,0,0,0,0,0,0,0,0,0,0,0,0,0,0,0,0,0,0,0,0,0,0,0,0,0,0,0,0,0,0,0,0,0,0,0,0,0,0,0,0,0,0,0,0,0,0,0,0,0,0,0,0,0,0,0,0,0,0,0,0,0,0,0,0,0,0,0,0,0,0,0,0,0,0,0,0,0,0,0,0,0,0,0,0,0,0,0,0,0,0,0,0,0,0,0,0,0,0,0,0,0,0,0,0,0,0,0
"GTM",0,0,0,0,0,0,0,0,0,0,0,0,0,0,0,0,0,0,0,0,0,0,0,0,0,0,0,0,0,0,0,0,0,0,0,0,0,0,0,0,0,0,0,0,0,0,0,0,0,0,0,0,0,0,0,0,0,0,0,0,0,0,0,0,0,0,0,0,0,0,0,0,0,0,0,0,0,0,0,0,0,0,0,0,0,0,0,0,0,0,0,0,0,0,0,0,0,0,0,0,0,0,0,0,0,0,0,0,0,0,0,0,0,0,0,0,0,0,0,0,0,0,0,0,0,0,0,0,0,0,0,0,0,0,0,0,0,0,0,0,0,0,0,0,0,0,0,0,0,0,0,0,0,0,0,0,0,0,0,0,0,0,0,0,0,0,0,0,0,0,0,0,0,0,0,0,0,0,0,0,0,0,0,0,0,0,0,0,0,0,0,0,0,0,0
"GIN",0,0,0,0,0,0,0,0,0,0,0,0,0,0,0,0,0,0,0,0,0,0,0,0,0,0,0,0,0,0,0,0,0,0,0,0,0,0,0,0,0,0,0,0,0,0,0,0,0,0,0,0,0,19114380000,0,0,0,0,0,600300000,0,0,0,0,0,0,0,0,0,0,0,0,0,0,0,0,0,0,0,0,0,0,0,0,0,0,0,0,0,0,0,0,0,0,0,0,0,0,0,0,0,0,0,0,0,0,0,0,0,0,0,233910000,0,0,0,0,0,0,0,0,0,0,0,0,0,0,0,0,0,0,0,0,0,0,0,0,0,0,0,0,0,0,0,0,0,0,0,0,0,0,0,0,0,0,0,0,2316330000,0,0,0,0,0,0,0,0,0,0,0,0,0,0,0,0,0,0,0,0,0,0,0,0,0,0,0,0,0,0,0,0,0,0,0,0,0,0
"GUY",0,0,0,0,14220000,0,0,0,0,0,0,0,0,0,0,0,0,0,0,0,0,0,0,0,0,0,0,0,0,0,0,0,0,0,0,0,0,0,0,0,0,0,0,0,0,0,0,0,0,0,0,0,0,0,0,0,0,0,0,0,0,0,0,0,0,0,0,0,0,0,0,0,0,0,0,0,0,0,0,0,0,0,0,0,0,0,0,0,0,0,0,0,0,0,0,0,0,0,0,0,0,0,0,0,0,0,0,0,0,0,0,0,0,0,0,0,0,0,0,0,0,0,0,0,0,0,0,0,0,0,0,0,0,0,0,0,0,0,0,0,0,0,0,0,0,0,0,0,0,0,0,0,0,0,0,0,0,0,0,0,0,0,0,0,0,0,0,0,0,0,0,0,0,0,0,0,0,0,0,0,0,0,0,0,0,0,0,0,0,0,0,0,0,0,0
"HTI",0,0,0,0,0,0,0,0,0,0,0,0,0,0,0,0,0,0,0,0,0,0,0,0,0,0,0,0,0,0,0,0,0,0,0,0,0,0,0,0,0,0,0,0,0,0,0,0,0,0,0,0,0,0,0,0,0,0,0,0,0,0,0,0,0,0,0,0,0,0,0,0,0,0,0,0,0,0,0,0,0,0,0,0,0,0,0,0,0,0,0,0,0,0,0,0,0,0,0,0,0,0,0,0,0,0,0,0,0,0,0,0,0,0,0,0,0,0,0,0,0,0,0,0,0,0,0,0,0,0,0,0,0,0,0,0,0,0,0,0,0,0,0,0,0,0,0,0,0,0,0,0,0,0,0,0,0,0,0,0,0,0,0,0,0,0,0,0,0,0,0,0,0,0,0,0,0,0,0,0,0,0,0,0,0,0,0,0,0,0,0,0,0,0,0
"HND",0,0,0,0,0,0,0,0,0,0,0,0,0,0,0,0,0,0,0,0,0,0,0,0,0,0,0,0,0,0,0,0,0,0,0,0,1070095000,0,0,0,0,0,0,0,0,0,0,324110000,0,0,0,0,0,0,0,0,0,0,0,0,0,0,0,0,0,0,315225000,0,0,0,0,0,0,0,0,0,0,0,0,0,0,0,0,0,0,0,0,0,0,0,0,0,0,0,0,0,0,0,0,0,0,0,0,0,0,0,0,0,0,0,0,0,0,0,0,0,220410000,0,0,0,0,0,26100000,0,0,0,0,41400000,0,0,0,0,0,0,0,0,0,0,0,0,0,0,0,0,0,0,0,0,0,0,0,0,0,0,0,0,0,0,0,0,0,0,0,0,0,0,0,0,0,0,0,0,0,0,0,0,0,0,282510000,0,0,0,0,0,0,0,0,0,0,0,0,0,0,0,0
"HKG",0,0,0,0,0,0,1251705000,0,0,0,0,0,0,0,0,0,5895000,0,0,0,0,0,0,0,0,235800000,0,0,0,0,0,9446645000,0,0,0,0,0,0,0,0,0,55020000,0,0,0,0,0,0,0,0,0,0,0,45195000,0,0,0,0,0,7860000,0,0,0,0,0,0,0,0,0,0,0,0,0,0,0,0,7860000,0,0,0,0,0,0,0,0,713295000,0,0,0,0,112005000,978570000,0,0,0,9825000,0,0,0,0,6920700000,0,0,13755000,0,0,0,0,0,0,0,0,0,0,0,0,0,0,0,0,0,23580000,0,0,0,0,0,0,0,0,0,0,1369965000,0,0,0,0,0,0,0,0,0,0,0,0,0,0,0,0,0,0,0,0,581640000,0,45195000,0,0,0,0,1965000,0,0,0,1291005000,0,27510000,0,0,0,0,0,0,0,0,0,273135000,0,2880675000,0,0,0,0,0,0,0,0,0,0,0,0,0,0,0,0
"HUN",9825000,0,88425000,21615000,0,0,336015000,4471050000,0,0,0,0,0,0,0,0,31440000,0,0,0,0,1523340000,0,0,0,62880000,0,0,0,0,64845000,39300000,5895000,0,0,0,0,0,5895000,21615000,0,137550000,0,0,15720000,0,0,0,0,764385000,0,0,251520000,37335000,0,0,13095000,0,0,4372200000,463740000,0,0,64845000,0,0,0,0,0,0,0,0,0,4022985000,5895000,0,45675000,0,0,11790000,190605000,430335000,0,27510000,0,17685000,5895000,0,0,0,0,0,0,233835000,0,0,0,0,0,2503410000,0,27510000,0,0,0,0,39300000,0,90390000,11790000,1090575000,7860000,0,51090000,0,7860000,2116305000,0,0,113970000,0,13755000,0,0,0,7860000,0,0,14751795000,0,0,0,0,5796750000,84495000,0,0,0,0,0,12565125000,0,341850000,0,0,0,0,0,0,0,0,347790000,13931520000,5895000,0,0,206325000,0,0,0,3083625000,277065000,0,0,0,0,0,0,0,0,0,1965000,0,1965000,0,0,554130000,112005000,318330000,0,29475000,0,0,0,0,0,0,0,204360000,0,2029770000,121830000,0,0,0
"HRV",0,0,37335000,0,0,0,312435000,3924105000,0,0,0,0,0,0,0,0,0,0,0,0,0,15720000,0,0,0,286890000,0,0,0,0,0,0,0,0,0,0,0,0,0,21615000,0,0,0,0,0,0,11790000,0,0,0,0,0,0,33405000,0,0,33405000,0,0,214800000,17654445000,0,0,0,0,0,0,0,0,0,0,0,242985000,0,0,0,0,0,0,0,13755000,43230000,0,0,0,11790000,318330000,0,0,0,0,0,0,0,0,0,0,0,1965000,1965000,0,0,0,0,0,0,182745000,0,0,0,0,0,0,0,0,0,81030000,0,0,3111015000,0,0,0,0,0,1965000,0,0,1269390000,0,0,0,0,1965000,0,0,0,0,0,0,200430000,0,55020000,0,0,0,0,0,0,0,0,4883520000,746700000,0,0,0,7860000,0,0,0,98250000,113970000,0,0,0,0,0,0,0,0,0,0,1965000,0,0,0,25545000,0,1207800000,0,0,0,0,0,0,0,0,0,45195000,0,6343005000,1405620000,0,0,0
"ISL",0,0,0,0,0,0,0,0,0,0,0,0,0,0,0,0,0,0,0,0,0,0,0,0,0,0,0,0,0,0,0,0,0,0,0,0,0,0,0,0,0,76635000,0,0,0,0,0,0,0,0,51090000,0,1965000,0,0,0,0,0,0,0,0,0,0,0,0,0,0,0,0,0,0,0,0,0,0,0,0,0,0,0,0,0,0,0,0,0,0,0,0,0,0,0,0,0,0,0,0,0,0,0,0,0,0,0,0,0,0,0,0,0,0,0,0,0,0,0,7860000,0,0,0,0,0,0,0,0,98250000,0,0,0,0,0,0,0,0,0,0,0,0,0,0,0,0,0,0,0,0,0,0,0,0,0,0,0,0,0,0,0,0,0,0,19650000,0,0,0,0,0,0,0,0,0,0,0,0,1965000,0,0,0,0,119865000,0,0,0,0,0,0,0,0,0,0,1965000,0,0,0,0,0
"IND",0,19650000,0,0,0,0,634695000,0,0,87765000,0,874425000,0,131655000,0,0,0,0,0,0,15720000,0,15720000,0,313065000,72705000,0,0,1314645000,0,0,294750000,0,0,127725000,0,0,0,0,0,1689900000,0,0,0,0,0,0,0,0,0,0,55020000,0,6105000,0,0,0,0,74670000,182655000,0,422475000,0,0,0,0,0,186675000,0,31440000,0,51090000,0,0,0,0,0,0,0,0,11790000,1965000,92355000,0,0,422955000,0,0,56325000,0,0,0,31440000,0,0,0,0,47160000,58950000,0,0,76635000,0,575745000,68775000,0,0,0,3930000,0,0,0,22920000,0,204360000,4743090000,2312250000,0,0,0,0,23580000,11790000,0,1550385000,3930000,0,0,0,0,0,1965000,153270000,0,0,0,0,0,66105000,5895000,0,0,135750000,0,0,0,0,129690000,503040000,47160000,82530000,143700000,0,182670000,0,170955000,0,0,0,1965000,0,47610000,0,9825000,3930000,3930000,19650000,1746885000,0,3930000,102180000,0,0,343200000,43230000,0,741195000,0,5856420000,0,0,19650000,0,0,0,43230000,0,9825000,0,0,0,0,0,0,0
"IDN",39855000,0,19575000,145935000,0,1246275000,48423295000,0,0,650415000,0,328120000,0,0,0,0,155069100000,0,0,58950000,365490000,441090000,17685000,0,153630000,3.8385e+10,0,0,551745000,0,817470000,62408970000,1487700000,0,0,7860000,158895000,0,0,0,188265000,195525000,0,0,0,2.61e+08,3293235000,0,0,8347365000,0,271170000,0,73143645000,0,0,0,0,0,22709605000,0,330120000,3930000,80400000,0,0,0,102180000,15720000,0,0,704385000,241425000,193140000,0,10154485000,0,597690000,0,0,145020000,1128495000,0,65250000,0,11217160000,39300000,0,1216680000,5895000,2610000,3520225000,981705000,0,0,55020000,0,0,0,1395045000,0,218115000,0,832213395000,690330000,96285000,0,178815000,7897935000,5969160000,54810000,0,0,0,2693570000,0,54080040000,0,3930000,0,5895000,5204425000,0,0,17775000,0,1617450000,0,22185000,25545000,0,0,25627245000,155295000,71775000,0,340515000,0,33405000,0,0,0,10706340000,0,0,0,0,599460000,0,1965000,26115000,18270000,0,213099420000,0,3198060000,35917305000,0,0,0,17685000,516540000,346095000,0,809990000,0,40170615000,14220000,345840000,0,161130000,0,1854300000,23231940000,45195000,0,8133165000,1100655000,489176725000,0,1158840000,32625000,0,6934215000,0,1076820000,3930000,0,4853115000,0,0,0,0,0,0
"IRN",0,0,0,0,0,0,0,0,0,0,0,0,0,0,0,0,0,0,0,0,0,0,0,0,0,0,0,0,0,0,0,0,0,0,0,0,0,0,0,0,0,0,0,0,0,0,0,0,0,0,0,0,0,0,0,0,0,0,0,0,0,0,0,0,0,0,0,0,0,0,0,0,0,0,0,0,0,0,0,0,0,0,0,0,0,0,0,0,0,0,0,0,0,0,0,0,0,0,0,0,0,0,0,0,0,0,0,0,0,0,0,0,0,0,0,0,0,0,0,0,0,0,0,0,0,0,0,0,0,0,0,0,0,0,0,0,0,0,0,0,0,0,0,0,0,0,0,0,0,0,0,0,0,0,0,0,0,0,0,0,0,0,0,0,0,0,0,0,0,0,0,0,0,0,0,0,0,0,0,0,0,0,0,0,0,0,0,0,0,0,0,0,0,0,0
"IRQ",0,0,0,0,0,0,0,0,0,0,0,0,0,0,0,0,0,0,0,0,0,0,0,0,0,0,0,0,0,0,0,0,0,0,0,0,0,0,0,0,0,0,0,0,0,0,0,0,0,0,0,0,0,0,0,0,0,0,0,0,0,0,0,0,0,0,0,0,0,0,0,0,0,0,0,0,0,0,0,0,0,0,0,0,0,0,0,0,0,0,0,0,0,0,0,0,0,0,0,0,0,0,0,0,0,0,0,0,0,0,0,0,0,0,0,0,0,0,0,0,0,0,0,0,0,0,0,0,0,0,0,0,0,0,0,0,0,0,0,0,0,0,0,0,0,0,0,0,0,0,0,0,0,0,0,0,0,0,0,0,0,0,0,0,0,0,0,0,0,0,0,0,0,0,0,0,0,0,0,0,0,0,0,0,0,0,0,0,0,0,0,0,0,0,0
"IRL",0,0,0,0,7860000,0,345840000,0,0,41265000,5895000,0,0,0,0,0,0,0,0,0,0,0,0,0,0,21980490000,0,0,0,0,0,1965000,68775000,0,0,0,35370000,0,27510000,0,0,99540000,0,0,0,0,0,0,0,0,3930000,0,0,1375500000,45195000,0,0,0,0,1133805000,0,0,0,1965000,0,0,0,0,1965000,0,0,5895000,0,0,0,43230000,23580000,0,0,0,0,19650000,0,0,0,409305000,3930000,0,0,0,0,235800000,0,0,0,1965000,0,0,0,0,0,0,0,0,0,0,17685000,0,0,0,0,0,0,0,0,0,516600000,0,15720000,0,0,76635000,0,0,0,23580000,5895000,0,3930000,0,0,0,0,0,196500000,0,0,0,0,0,0,0,7860000,0,0,0,0,0,0,0,0,0,0,1965000,0,7860000,29475000,0,0,0,64845000,0,0,0,0,0,0,0,0,0,0,0,39300000,45195000,0,0,127195380000,1965000,26765265000,0,0,0,0,0,0,0,0,0,2100585000,0,0,0,0,0,0
"ISR",0,0,0,0,0,0,410130000,0,0,0,0,0,0,0,0,0,147375000,0,0,0,0,11790000,0,0,0,184710000,0,0,0,0,0,165060000,0,0,0,0,0,0,4575000,0,0,0,0,0,1965000,0,0,0,0,0,0,0,0,211110000,0,0,0,0,0,351735000,0,0,0,1965000,0,0,0,0,0,0,0,0,92355000,0,0,0,0,0,0,3930000,0,3930000,0,3930000,0,5895000,21585000,0,13740000,0,0,0,0,3930000,0,0,0,0,0,0,0,0,0,0,0,0,0,0,0,21615000,0,0,0,0,0,0,25545000,0,0,0,0,0,0,0,0,0,0,0,0,0,0,0,7860000,1965000,0,0,0,0,0,0,1965000,0,86460000,0,0,0,0,0,0,0,0,0,0,9825000,0,112005000,0,0,0,0,0,8070000,0,0,0,0,1965000,0,0,0,0,0,1965000,0,0,0,402165000,3930000,7778175000,0,0,0,0,0,0,0,0,0,301920000,0,0,0,0,0,0
"ITA",2312805000,49125000,1221345000,2739720000,0,4160475000,12788535000,10571685000,0,1091880000,0,43230000,0,0,21615000,7860000,4363470000,0,0,0,0,2149635000,1965000,0,68775000,6714315000,9825000,0,167025000,0,502380000,12196095000,690270000,0,41265000,0,17025000,161685000,3702030000,2031810000,0,1149510000,0,155835000,222045000,713295000,2545845000,1965000,31440000,457080000,0,0,1302795000,136673260000,746700000,45195000,1218300000,72705000,0,90788090000,830535000,125760000,0,25431585000,0,0,37335000,0,11790000,0,0,10502910000,11302125000,7063080000,5895000,966405000,23580000,292785000,66810000,1081380000,9958620000,0,133620000,251520000,0,2304285000,1290345000,104145000,92355000,0,0,2910810000,3959100000,617010000,0,4879095000,0,0,8089140000,1184235000,0,109380000,0,145410000,39300000,0,3.257e+09,33405000,461775000,5161350000,112005000,1802535000,66810000,108075000,9825000,23580000,14033475000,0,402825000,715815000,7860000,534480000,0,0,39300000,778470000,318330000,5895000,9395965000,0,0,66810000,35370000,21433545000,14835690000,0,0,0,1418730000,0,4522950000,0,14748300000,0,0,0,0,10084380000,318330000,5895000,0,7510440000,1155195000,1302795000,0,2268915000,43023210000,0,0,0,3855975000,20952360000,1212405000,0,4153350000,62880000,241590000,0,0,0,1927665000,501075000,11401185000,11605290000,1965000,0,50054655000,4671585000,15516785000,0,38925000,426405000,2037705000,9825000,64845000,927480000,104145000,31440000,61894170000,7795155000,1181370000,286230000,0,0,0
"CIV",0,0,0,10356390000,0,0,17353080000,0,0,0,0,0,0,0,0,0,128935575000,0,0,0,0,4430290000,0,0,0,75638220000,0,0,0,0,0,25692730000,0,0,0,0,0,0,0,0,0,209745000,0,0,0,0,1160615000,0,0,94987930000,0,0,0,469992785000,0,0,0,0,0,321903100000,0,2429385000,0,3024955000,0,0,0,0,0,0,0,1508040000,0,0,5058885000,480240000,24454980000,3264390000,0,0,5532240000,218698360000,0,0,0,11426450000,0,0,0,0,0,47200000,0,1968570000,0,99120000,0,0,148680000,11532710000,0,0,0,68620290000,0,154575000,0,0,0,34297710000,0,1234280000,0,0,0,0,1443907745000,0,0,0,0,63945000,0,0,0,0,0,319950000,1.5576e+10,0,0,0,281430000,121109265000,2769220000,17685000,0,0,0,0,0,0,2162355000,0,0,0,0,349280000,926535000,0,16965000,0,0,29310750000,0,21632240000,81800040000,0,0,0,249255000,865440000,1448175000,0,143960000,0,0,54300000,0,0,0,23945805000,137874420000,0,0,0,141493735000,19495495000,968233025000,273135000,0,0,0,0,0,0,0,0,70784460000,0,0,0,0,0,0
"KAZ",0,51090000,0,0,0,0,0,0,0,0,0,0,0,0,0,0,0,0,0,0,0,0,0,0,0,0,0,0,0,0,0,9825000,0,0,0,0,0,0,0,74670000,0,0,0,0,0,0,0,0,0,0,0,0,0,0,0,0,0,0,0,664170000,0,23580000,0,0,0,0,0,0,0,0,0,0,0,0,0,0,0,0,0,0,0,0,0,0,0,0,0,4856460000,0,0,0,0,0,0,0,0,0,0,0,0,0,0,0,0,0,0,0,0,0,0,0,0,0,0,0,0,0,0,0,0,0,0,0,0,0,0,0,0,0,0,0,0,0,0,0,0,0,0,0,0,0,0,1100250000,0,0,0,0,0,0,0,0,0,0,0,0,0,0,0,942540000,0,0,0,0,503040000,0,0,0,0,0,0,0,0,0,0,0,0,0,5.22e+08,0,0,0,29475000,0,0,0,0,0,0,0,0,0,0,0,0,0
"JAM",0,0,0,0,22245000,0,0,0,0,0,28800000,0,0,0,0,0,0,0,46440000,0,0,0,0,0,0,5235000,0,0,0,0,0,0,0,0,0,0,0,0,0,0,0,0,27480000,12405000,0,0,0,0,0,0,0,0,0,743130000,0,0,0,0,0,0,0,0,0,0,0,24210000,0,0,20280000,0,0,0,0,0,0,0,0,0,0,0,0,16560000,0,0,0,0,0,0,0,0,0,0,0,0,0,0,0,0,0,0,0,0,0,0,0,0,0,0,0,0,0,0,0,0,0,0,337410000,0,0,0,0,0,0,0,0,0,0,0,0,0,0,0,0,0,0,0,0,0,0,0,0,0,0,1305000,48420000,39270000,0,0,0,0,0,0,0,0,0,0,0,0,0,0,0,674820000,0,0,0,0,0,0,0,98745000,0,0,0,0,0,0,173895000,0,34875000,0,0,0,0,0,0,0,0,0,51750000,0,0,0,0,0,0
"JPN",0,0,0,0,0,0,51090000,0,0,0,0,16965000,0,0,0,0,74670000,0,0,0,0,0,0,0,0,94320000,0,0,0,0,0,2375610000,0,0,0,0,0,0,0,0,0,0,0,0,0,0,0,0,0,0,0,0,0,1965000,1965000,0,0,0,0,2335995000,0,0,0,0,0,0,0,0,0,0,0,4303350000,0,0,0,2610000,191085000,0,0,0,0,0,0,0,0,0,0,0,0,0,27510000,1622415000,0,0,0,0,0,0,0,0,19650000,0,0,583270000,0,0,0,0,0,0,13755000,0,0,0,0,0,119460000,0,0,0,0,5895000,0,0,0,0,0,0,0,0,0,0,907830000,0,0,0,0,0,0,0,0,0,167985000,0,0,0,0,0,0,0,0,0,0,1212765000,0,0,330045000,0,0,0,0,0,0,0,4449480000,0,495180000,0,0,0,0,0,0,0,0,0,11790000,0,1007355000,0,0,0,0,60915000,0,0,0,0,0,0,0,0,0,0,0
"JOR",0,0,0,277065000,0,0,0,0,0,72705000,0,0,0,0,0,0,0,0,0,0,0,0,0,0,0,0,0,0,0,0,0,0,0,0,0,0,0,0,1965000,0,0,0,0,0,0,0,5895000,0,0,0,0,0,0,1965000,0,0,0,0,0,0,0,0,0,5895000,0,0,0,0,0,0,0,0,0,0,0,45195000,0,0,1991670000,0,74670000,0,0,0,0,0,0,0,0,0,0,0,98250000,0,0,98250000,0,0,37335000,0,0,0,0,0,0,37335000,0,0,0,0,0,39300000,0,0,0,0,0,0,0,0,0,0,0,0,0,0,0,0,0,0,0,0,0,0,0,0,0,0,41265000,0,0,0,5895000,0,0,0,0,478080000,0,0,0,0,0,0,0,0,0,0,0,0,0,0,275100000,0,0,0,0,0,0,0,121830000,82530000,0,131655000,0,0,0,5895000,11790000,0,0,0,0,0,0,76635000,0,0,0,0,0,0,0,0,475530000
"KGZ",0,0,0,0,0,0,0,0,0,0,0,0,0,0,0,0,0,0,0,0,0,0,0,0,0,0,0,0,0,0,0,0,0,0,0,0,0,0,0,0,0,0,0,0,0,0,0,0,0,0,0,0,0,0,0,0,0,0,0,0,0,0,0,0,0,0,0,0,0,0,0,0,0,0,0,0,0,0,0,0,0,0,0,161130000,0,0,0,0,0,0,0,0,0,0,0,0,0,0,0,0,0,0,0,0,0,0,0,0,0,0,0,0,0,0,0,0,0,0,0,0,0,0,0,0,0,0,0,0,0,0,0,0,0,0,0,0,0,0,0,0,0,0,15720000,0,0,0,0,0,0,0,0,0,0,0,0,0,0,0,5759415000,0,0,0,0,0,0,0,0,0,0,0,0,0,0,0,0,0,0,0,0,0,0,1292970000,0,0,0,0,0,0,0,0,0,0,0,0,0
"KEN",0,0,0,0,0,0,0,0,0,0,0,0,0,0,0,0,0,0,0,0,0,0,0,13755000,1965000,0,0,0,0,0,0,0,0,0,0,0,0,0,0,0,0,0,0,0,0,0,0,0,0,0,0,0,0,0,0,0,0,0,0,0,0,0,0,0,0,0,0,0,0,0,0,0,0,0,0,0,0,0,0,0,0,1965000,0,0,0,0,0,0,0,0,0,0,0,0,0,0,0,0,0,0,0,49125000,275025000,0,0,0,0,0,0,0,0,0,0,0,0,0,0,0,0,0,0,0,0,0,0,0,0,0,0,0,0,0,0,0,0,0,0,0,0,1965000,0,123795000,0,0,0,0,0,0,0,0,3930000,0,0,0,10350000,23580000,0,0,0,0,0,1965000,0,0,0,1049175000,0,0,0,0,0,0,0,0,1179585000,0,0,0,1965000,0,0,0,0,0,9825000,0,337980000,148770000,0,0,0,0,0,0,0
"KHM",0,0,0,0,0,0,0,0,0,0,0,0,0,0,0,0,0,0,0,0,0,0,0,0,0,0,0,0,0,0,0,0,0,0,0,0,0,0,0,0,0,0,0,0,0,0,0,0,0,0,0,0,0,0,0,0,0,0,0,0,0,0,0,0,0,0,0,0,0,0,0,0,0,0,0,0,0,0,0,0,0,0,0,0,0,0,0,0,0,0,0,0,0,0,0,0,0,0,0,0,0,0,0,0,0,0,0,0,0,0,0,0,0,0,0,0,0,0,0,0,0,0,0,0,0,0,0,0,0,0,0,0,0,0,0,0,0,0,0,0,0,0,0,0,0,0,0,0,0,0,0,0,0,0,0,0,0,0,0,0,0,0,0,0,0,0,0,0,0,0,0,0,0,0,0,0,0,0,0,0,0,0,0,0,0,0,0,0,0,0,0,0,0,0,0
"PRK",0,0,0,0,0,0,0,0,0,0,0,0,0,0,0,0,0,0,0,0,0,0,0,0,0,0,0,0,0,0,0,0,0,0,0,0,0,0,0,0,0,0,0,0,0,0,0,0,0,0,0,0,0,0,0,0,0,0,0,0,0,0,0,0,0,0,0,0,0,0,0,0,0,0,0,0,0,0,0,0,0,0,0,0,0,0,0,0,0,0,0,0,0,0,0,0,0,0,0,0,0,0,0,0,0,0,0,0,0,0,0,0,0,0,0,0,0,0,0,0,0,0,0,0,0,0,0,0,0,0,0,0,0,0,0,0,0,0,0,0,0,0,0,0,0,0,0,0,0,0,0,0,0,0,0,0,0,0,0,0,0,0,0,0,0,0,0,0,0,0,0,0,0,0,0,0,0,0,0,0,0,0,0,0,0,0,0,0,0,0,0,0,0,0,0
"KOR",0,0,0,0,0,0,444090000,0,0,0,0,0,0,0,0,0,5895000,0,0,0,0,0,0,0,0,25545000,0,0,0,0,0,1199640000,0,0,0,0,0,0,1965000,0,0,0,0,0,0,0,39300000,0,0,0,0,0,0,19650000,0,0,0,0,0,540420000,0,0,0,0,0,0,0,0,0,0,0,793860000,0,0,0,7860000,15720000,0,0,0,74670000,0,0,13095000,0,73228965000,9825000,0,3915000,1965000,0,0,31440000,0,0,0,0,0,0,0,0,0,0,337215000,0,0,0,0,0,477495000,121830000,0,0,0,0,0,511290000,0,0,0,0,58950000,0,0,0,0,0,0,0,0,3930000,0,72705000,0,0,0,0,0,0,0,0,0,153270000,0,0,0,0,0,0,0,0,0,0,201900000,0,39300000,123795000,0,0,0,0,1965000,0,0,487320000,0,68775000,0,0,0,0,0,9825000,518760000,0,0,37335000,0,923550000,0,0,0,0,115275000,0,0,0,0,0,0,0,0,0,0,0
"KWT",0,0,0,0,0,0,0,0,0,7860000,0,0,0,0,0,0,0,0,0,0,0,0,0,0,0,0,0,0,0,0,0,0,0,0,0,0,0,0,0,0,0,0,0,0,0,0,36960000,0,0,0,0,0,0,0,0,0,0,0,0,0,0,0,0,0,0,0,0,0,0,0,0,0,0,0,0,0,0,5895000,0,0,0,0,0,0,0,0,121830000,0,0,0,0,0,0,0,0,47160000,0,0,0,0,0,0,0,0,0,0,0,0,0,0,0,0,0,0,0,0,0,0,0,0,0,0,0,0,0,0,0,0,0,0,0,0,0,0,0,0,0,0,23580000,0,0,0,0,0,0,0,0,145410000,0,0,0,0,0,0,0,0,0,0,0,0,0,0,0,0,0,0,0,0,0,0,47160000,0,0,27510000,0,0,0,0,0,0,0,0,0,0,0,0,0,0,0,0,0,0,0,0,0
"LVA",0,0,0,0,0,0,7860000,0,0,0,0,0,0,0,0,0,0,0,0,0,0,0,0,0,0,21615000,0,0,0,0,0,0,0,0,0,0,0,0,68775000,31440000,0,0,0,0,60915000,0,0,0,0,7053960000,0,0,19650000,0,0,0,49125000,0,0,670065000,0,0,0,21615000,0,0,0,0,0,0,0,0,0,0,0,0,0,0,0,41265000,320295000,0,0,0,0,0,0,0,0,0,0,0,0,0,0,0,0,0,0,3170700000,0,0,0,0,0,0,0,0,0,0,0,0,0,0,0,0,0,0,0,0,0,153850000,0,0,0,0,0,0,21615000,0,0,0,0,259980000,0,0,0,0,0,0,0,0,2745075000,0,0,0,0,1965000,0,0,0,0,13755000,0,0,0,5895000,0,0,0,0,0,0,0,0,0,0,0,0,0,0,0,0,47160000,0,0,121830000,0,334050000,0,0,0,0,0,0,0,0,0,0,0,0,0,0,0,0
"LAO",0,0,0,0,0,0,0,0,0,0,0,0,0,0,0,0,0,0,0,0,0,0,0,0,0,0,0,0,0,0,0,0,0,0,0,0,0,0,0,0,0,0,0,0,0,0,0,0,0,0,0,0,0,0,0,0,0,0,0,0,0,0,0,0,0,0,0,0,0,0,0,0,0,0,0,0,0,0,0,0,0,0,0,0,0,0,0,0,0,0,0,0,0,0,0,0,0,0,0,0,0,0,0,0,0,0,0,0,0,0,0,0,0,0,0,0,0,0,0,0,0,0,0,0,0,0,0,0,0,0,0,0,0,0,0,0,0,0,0,0,0,0,0,0,0,0,0,0,0,0,0,0,0,0,0,0,0,0,0,0,0,0,0,0,0,0,0,0,0,0,0,0,0,0,0,0,0,0,0,0,0,0,0,0,0,0,0,0,0,0,0,0,0,0,0
"LBN",15720000,0,0,3930000,0,0,39300000,0,0,253110000,0,0,0,0,0,0,3930000,0,0,0,19650000,0,0,0,0,39300000,0,13755000,0,0,0,0,0,0,7860000,0,0,0,15720000,7860000,7860000,7860000,0,0,0,0,229425000,1965000,1965000,198465000,0,0,0,9825000,0,0,0,25545000,5895000,33405000,0,20955000,0,5895000,0,0,0,37335000,0,0,0,21615000,0,0,0,43230000,17685000,0,439395000,0,0,0,135585000,5895000,0,9825000,1221705000,0,0,0,0,0,605365000,0,0,0,0,21615000,3930000,0,0,1965000,1965000,86460000,0,1965000,0,0,0,0,0,3930000,0,0,0,0,0,0,0,0,0,1965000,0,9825000,42555000,0,0,0,0,0,9825000,0,0,0,0,0,0,0,1366965000,24885000,0,0,0,0,0,0,0,3259385000,5895000,0,7860000,0,3930000,25545000,0,3930000,0,9825000,0,0,68775000,0,717225000,0,0,1965000,0,7860000,0,0,33405000,3930000,5895000,871510000,0,0,25545000,9825000,151305000,0,0,0,1965000,0,1965000,1965000,1965000,5895000,0,0,0,0,0,0,0
"LSO",0,0,0,0,0,0,0,0,0,0,0,0,0,0,0,0,0,0,0,0,0,0,0,0,0,0,0,0,0,0,0,0,0,0,0,0,0,0,0,0,0,0,0,0,0,0,0,0,0,0,0,0,0,0,0,0,0,0,0,0,0,0,0,0,0,0,0,0,0,0,0,0,0,0,0,0,0,0,0,0,0,0,0,0,0,0,0,0,0,0,0,0,0,0,0,0,0,0,0,0,0,0,0,0,0,0,0,0,0,0,0,0,0,0,0,0,0,0,0,0,0,0,0,0,0,0,0,0,0,0,0,0,0,0,0,0,0,0,0,0,0,0,0,0,0,0,0,0,0,0,0,0,0,0,0,0,0,0,0,0,0,0,0,0,0,0,0,0,0,0,0,0,0,0,0,0,0,0,0,0,0,0,0,0,0,0,0,0,0,0,0,0,0,0,0
"LBR",0,0,0,0,0,0,0,0,0,0,0,0,0,0,0,0,0,0,0,0,0,0,0,0,0,0,0,0,0,0,0,0,0,0,0,0,0,0,0,0,0,0,0,0,0,0,0,0,0,0,0,0,0,0,0,0,0,0,0,0,0,0,0,0,0,0,0,0,0,0,0,0,0,0,0,0,0,0,0,0,0,0,0,0,0,0,0,0,0,0,0,0,0,0,0,0,0,0,0,0,0,0,0,0,0,0,0,0,0,0,0,0,0,0,0,0,0,0,0,0,0,0,0,0,0,0,0,0,0,0,0,0,0,0,0,0,0,0,0,0,0,0,0,0,0,0,0,0,0,0,0,0,0,0,0,0,0,0,0,0,0,0,0,0,0,0,0,0,0,0,0,0,0,0,0,0,0,0,0,0,0,0,0,0,0,0,0,0,0,0,0,0,0,0,0
"LBY",0,0,0,0,0,0,0,0,0,0,0,0,0,0,0,0,0,0,0,0,0,0,0,0,0,0,0,0,0,0,0,0,0,0,0,0,0,0,0,0,0,0,0,0,0,0,0,0,0,0,0,0,0,0,0,0,0,0,0,0,0,0,0,0,0,0,0,0,0,0,0,0,0,0,0,0,0,0,0,0,0,0,0,0,0,0,0,0,0,0,0,0,0,0,0,0,0,0,0,0,0,0,0,0,0,0,0,0,0,0,0,0,0,0,0,0,0,0,0,0,0,0,0,0,0,0,0,0,0,0,0,0,0,0,0,0,0,0,0,0,0,0,0,0,0,0,0,0,0,0,0,0,0,0,0,0,0,0,0,0,0,0,0,0,0,0,0,0,0,0,0,0,0,0,0,0,0,0,0,0,0,0,0,0,0,0,0,0,0,0,0,0,0,0,0
"LTU",0,0,0,0,0,0,23580000,589500000,0,0,0,0,0,0,0,0,0,0,0,0,0,3297270000,0,0,0,29475000,0,0,0,0,0,0,0,0,0,0,0,0,15720000,116735000,0,25545000,0,0,1648545000,0,0,0,0,6382035000,0,0,9825000,3179370000,0,0,0,0,0,3345360000,0,0,0,33405000,0,0,0,0,0,0,0,0,267240000,0,0,0,0,0,0,233835000,76635000,5895000,0,29615000,0,0,0,0,0,0,0,0,0,13085115000,0,0,0,0,0,0,0,0,0,0,0,0,0,0,0,0,45195000,0,0,0,0,0,168990000,0,0,0,0,0,0,0,0,5083455000,0,0,86460000,0,0,0,0,10427025000,0,0,0,0,0,0,1287075000,0,2563095000,0,0,0,0,0,0,0,0,5895000,499110000,0,0,0,78600000,0,0,0,10658160000,0,0,0,0,0,0,0,0,0,0,0,0,0,0,0,618315000,80948175000,363525000,0,0,0,0,0,0,0,0,0,2570865000,0,0,0,0,0,0
"MAC",0,0,0,0,0,0,0,0,0,0,0,0,0,0,0,0,0,0,0,0,0,0,0,0,0,0,0,0,0,0,0,176850000,0,0,0,0,0,0,0,0,0,0,0,0,0,0,0,0,0,0,0,0,0,0,0,0,0,0,0,0,0,0,0,0,0,0,0,0,0,0,0,84495000,0,0,0,0,0,0,0,0,0,0,0,0,0,0,0,0,0,0,0,0,0,0,0,0,0,0,0,0,0,0,0,0,0,0,0,0,0,0,0,0,0,0,0,0,0,0,0,0,0,0,0,0,0,0,0,0,0,0,0,0,0,0,0,0,0,0,0,0,0,0,0,0,0,0,0,0,0,0,0,0,0,0,0,0,0,0,0,0,0,0,0,0,0,0,0,0,0,0,0,0,0,0,0,0,0,0,0,0,0,0,0,0,0,0,0,0,0,0,0,0,0,0,0
"MDG",0,0,0,364320000,26910000,0,103500000,0,0,0,0,0,0,0,0,0,0,0,0,0,0,0,0,0,0,0,0,0,0,0,0,0,0,28980000,0,0,0,0,0,0,0,0,0,0,0,0,0,0,0,0,0,0,0,5089605000,0,0,0,0,0,5840700000,0,0,0,0,0,0,0,0,0,0,0,0,0,0,0,209070000,0,0,0,0,0,366390000,0,0,0,5895000,0,0,0,0,0,0,0,0,0,0,0,0,0,0,0,0,0,1436580000,0,0,0,0,0,0,0,0,0,0,0,0,12475890000,0,0,0,0,0,0,0,0,0,0,0,0,0,0,0,0,0,0,0,0,0,0,0,0,0,0,0,0,0,0,0,0,0,0,0,0,1382760000,0,1965000,4189680000,0,0,0,0,235980000,0,0,0,0,0,0,0,0,0,0,627210000,0,0,0,25545000,0,386745000,0,0,0,0,0,0,0,0,0,730710000,0,0,0,0,0,0
"MWI",0,0,0,0,0,0,0,0,0,0,0,0,0,0,0,0,0,0,0,0,0,0,0,0,0,0,0,0,0,0,0,0,0,0,0,0,0,0,0,0,0,0,0,0,0,0,0,0,0,0,0,0,0,0,0,0,0,0,0,0,0,0,0,0,0,0,0,0,0,0,0,0,0,0,0,0,0,0,0,0,0,0,0,0,0,0,0,0,0,0,0,0,0,0,0,0,0,0,0,0,0,0,0,0,0,0,0,0,0,0,0,0,0,0,0,0,0,0,0,0,0,0,0,0,0,0,0,0,0,0,0,0,0,0,0,0,0,0,0,14220000,0,0,0,0,0,0,0,0,0,0,0,0,0,0,0,0,0,0,0,0,0,0,0,0,0,0,0,0,0,0,0,0,0,0,0,0,89010000,0,0,0,0,0,0,0,0,0,0,0,0,0,0,0,0,0,0
"MYS",186570000,0,130125000,1085445000,0,2880450000,36914800000,359380000,0,341250000,0,1017180000,0,0,0,0,4907205000,0,0,65490000,1564140000,0,345135000,0,127650000,11278875000,0,0,1825020000,0,1066965000,56630190000,0,0,18270000,0,45195000,0,131655000,0,27510000,357705000,0,0,0,19575000,18292440000,1176120000,0,20929635000,0,75975000,7860000,52518195000,13755000,43170000,529330000,0,0,10759840000,0,332085000,17025000,654050000,0,0,759585000,0,56985000,1965000,0,5945970000,1545560000,1848600000,213300000,19818440000,40236965000,9869220000,1965000,75030000,0,2996820000,9825000,318420000,3930000,191157985000,1972175000,293625000,136380000,29475000,1305000,21046095000,727710000,256710000,0,1862785000,0,35370000,488915000,2096865000,53055000,10665000,13755000,0,518760000,0,7860000,0,988170000,16425760000,768315000,809685000,19575000,0,0,19650000,78358315000,0,0,71100000,9825000,13592200000,0,31440000,17685000,0,4366750000,32625000,0,54735000,0,2773005000,28876905000,1557630000,99840000,0,0,19575000,279615000,0,744075000,0,56775885000,0,0,0,0,5958780000,19575000,89430000,662985000,1475055000,19575000,68392920000,0,17450050000,2264805000,222045000,19575000,0,19575000,1356510000,5519975000,102840000,5020350000,136845000,44562040000,23580000,0,0,404115000,449955000,9769360000,9526365000,0,3930000,45787800000,11014510000,308515160000,0,1447110000,1818190000,117450000,12977865000,29475000,5605645000,0,0,7819380000,0,0,0,0,0,3930000
"MDV",0,0,0,0,0,0,0,0,0,0,0,0,0,0,0,0,0,0,0,0,0,0,0,0,0,0,0,0,0,0,0,0,0,0,0,0,0,0,0,0,0,0,0,0,0,0,0,0,0,0,0,0,0,0,0,0,0,0,0,0,0,0,0,0,0,0,0,0,0,0,0,0,0,0,0,0,0,0,0,0,0,0,0,0,0,0,0,0,0,0,0,0,0,0,0,0,0,0,0,0,0,0,0,0,0,0,0,0,0,0,0,0,0,0,0,0,0,0,0,0,0,0,0,0,0,0,0,0,0,0,0,0,0,0,0,0,0,0,0,0,0,0,0,0,0,0,0,0,0,0,0,0,0,0,0,0,0,0,0,0,0,0,0,0,0,0,0,0,0,0,0,0,0,0,0,0,0,0,0,0,0,0,0,0,0,0,0,0,0,0,0,0,0,0,0
"MLI",0,0,0,0,0,0,0,0,0,0,0,0,0,0,0,0,0,0,0,0,0,0,0,0,0,0,0,0,0,0,0,0,0,0,0,0,0,0,0,0,0,0,0,0,0,0,0,0,0,0,0,0,0,0,0,0,0,0,0,0,0,0,0,0,0,0,0,0,0,0,0,0,0,0,0,0,0,0,0,0,0,0,0,0,0,0,0,0,0,0,0,0,0,0,0,0,0,0,0,0,0,0,0,0,0,0,0,0,0,0,0,0,0,0,0,0,0,0,0,0,0,0,0,0,0,0,0,0,0,0,0,0,0,0,0,0,0,0,0,0,0,0,0,0,0,0,0,0,0,0,0,0,0,0,0,0,0,0,0,0,0,1965000,0,0,0,0,0,0,0,0,0,0,0,0,0,0,0,0,0,0,0,0,0,0,0,0,0,0,0,0,0,0,0,0,0
"MLT",0,0,0,0,0,0,0,0,0,0,0,0,0,0,0,0,0,0,0,0,0,0,0,0,0,0,0,0,0,0,0,0,0,0,0,0,0,0,1965000,0,0,0,0,0,0,0,0,0,0,0,0,0,0,0,0,19650000,0,0,1965000,0,0,0,0,0,0,0,0,0,0,0,0,0,0,0,0,0,0,0,0,0,0,27510000,0,0,0,0,0,0,0,0,0,0,0,0,0,0,0,0,137550000,0,0,0,0,0,0,0,0,0,0,0,0,0,0,0,0,0,0,0,0,0,0,0,0,0,0,0,0,0,0,0,0,0,0,0,0,0,0,0,0,0,0,0,0,0,0,0,0,0,0,0,0,0,0,0,0,0,0,0,0,0,0,0,0,0,0,0,0,0,0,0,0,0,0,0,0,0,0,0,0,0,0,0,0,0,0,0,0,0,0,0,0,0,0,0,0
"MRT",0,0,0,0,0,0,0,0,0,0,0,0,0,0,0,0,0,0,0,0,0,0,0,0,0,0,0,0,0,0,0,0,0,0,0,0,0,0,0,0,0,0,0,0,0,0,0,0,0,0,0,0,0,0,0,0,0,0,0,0,0,0,0,0,0,0,0,0,0,0,0,0,0,0,0,0,0,0,0,0,0,0,0,0,0,0,0,0,0,0,0,0,0,0,0,0,0,0,0,0,0,0,0,0,0,0,0,0,0,0,0,0,0,0,0,0,0,0,0,0,0,0,0,0,0,0,0,0,0,0,0,0,0,0,0,0,0,0,0,0,0,0,0,0,0,0,0,0,0,0,0,0,0,0,0,0,0,0,0,0,0,0,0,0,0,0,0,0,0,0,0,0,0,0,0,0,0,0,0,0,0,0,0,0,0,0,0,0,0,0,0,0,0,0,0
"MUS",0,0,0,0,0,0,0,0,0,0,0,0,0,0,0,0,0,0,0,0,0,0,0,0,0,0,0,0,0,0,0,0,0,0,0,0,0,0,0,0,0,0,0,0,0,0,0,0,0,0,0,0,0,13755000,0,0,0,0,0,0,0,0,0,0,0,0,0,0,0,0,0,0,0,0,0,0,0,0,0,0,0,0,0,0,0,0,0,0,9825000,0,0,0,0,0,0,0,0,0,0,0,0,17685000,0,0,0,0,0,0,0,0,0,0,0,0,0,0,0,0,0,0,0,0,0,0,0,0,0,0,0,0,0,0,0,0,0,0,0,0,0,9825000,0,0,0,0,0,0,0,0,0,19650000,0,0,0,0,0,0,0,0,0,0,0,0,0,0,0,0,0,0,0,0,0,0,0,39300000,0,0,0,0,0,0,0,0,0,0,1965000,0,0,3930000,0,0,0,0,0,0,0
"MEX",0,0,0,0,0,229815000,385245000,0,0,0,0,0,0,0,129690000,0,2284635000,0,337980000,0,0,0,0,0,0,11513460000,0,0,0,0,1680075000,1965000,1684005000,0,0,0,1503620000,499110000,0,0,0,0,0,550200000,0,82890000,0,1459995000,0,0,0,0,0,524610000,0,0,0,0,0,167105000,0,0,0,15720000,0,0,3579075000,0,0,0,1997010000,0,0,0,0,0,0,0,0,0,23580000,127725000,0,0,0,890845000,0,0,0,0,0,55020000,0,0,0,0,0,0,0,0,0,0,0,0,0,0,0,0,0,0,84495000,0,0,0,0,0,1781375000,0,0,0,0,56985000,1640775000,0,0,0,0,524655000,7860000,0,0,353700000,0,0,0,0,0,0,0,0,0,0,7860000,0,0,0,0,0,0,0,0,0,0,5895000,0,68775000,398630000,0,0,0,11895000,2061900000,0,0,21615000,0,0,0,0,0,0,0,21615000,27510000,0,0,1127415000,0,665476230000,0,0,0,457845000,0,0,0,0,0,90870000,0,0,0,0,0,0
"MNG",0,0,0,0,0,0,0,0,0,0,0,0,0,0,0,0,0,0,0,0,0,0,0,0,0,0,0,0,0,0,0,0,0,0,0,0,0,0,0,0,0,0,0,0,0,0,0,0,0,0,0,0,0,0,0,0,0,0,0,0,0,0,0,0,0,0,0,0,0,0,0,0,0,0,0,0,0,0,0,0,0,0,0,0,0,0,0,0,0,0,0,0,0,0,0,0,0,0,0,0,0,0,0,0,0,0,0,0,0,0,0,0,0,0,0,0,0,0,0,0,0,0,0,0,0,0,0,0,0,0,0,0,0,0,0,0,0,0,0,0,0,0,0,0,0,0,0,0,0,0,0,0,0,0,0,0,0,0,0,0,0,0,0,0,0,0,0,0,0,0,0,0,0,0,0,0,0,0,0,0,0,0,0,0,0,0,0,0,0,0,0,0,0,0,0
"MAR",0,0,0,76635000,0,0,0,0,0,0,0,0,0,0,0,0,0,0,0,0,0,0,0,0,102180000,0,0,0,0,0,0,0,0,0,438195000,0,0,0,0,0,0,0,0,0,0,0,125760000,0,0,0,0,0,0,90390000,0,0,0,27510000,0,1965000,0,0,0,0,0,0,0,302610000,0,0,0,0,0,0,0,0,0,0,0,0,0,0,0,0,0,0,0,0,0,0,0,0,11790000,0,0,0,0,0,0,0,0,0,0,0,0,251520000,0,13755000,0,0,0,0,0,0,0,0,0,0,0,0,0,0,0,11790000,0,0,0,0,0,0,0,0,0,0,0,127725000,0,0,0,0,0,0,0,0,0,0,0,0,33405000,0,0,0,0,0,0,0,0,0,0,0,0,3930000,0,0,0,0,0,72705000,0,0,0,39300000,1965000,0,0,0,0,0,0,0,0,0,0,0,0,5235000,0,0,0,0,0,0,0,0,0
"MOZ",0,0,0,0,0,0,0,0,0,0,0,0,0,0,0,0,0,0,0,0,0,0,0,0,0,0,0,0,0,0,0,0,0,0,0,0,0,0,0,0,0,0,0,0,0,0,0,0,0,0,0,0,0,0,0,0,0,0,0,0,0,0,0,0,0,0,0,0,0,0,0,0,0,0,0,0,0,0,0,0,0,0,0,0,0,0,0,0,0,0,0,0,0,0,0,0,0,0,0,0,0,0,0,0,0,0,0,0,0,0,0,0,0,0,0,0,0,0,0,0,0,0,0,0,0,0,0,0,0,0,0,0,0,0,0,0,0,0,0,0,0,0,0,0,0,0,0,0,0,0,0,0,0,0,0,0,0,0,0,0,0,0,0,0,0,0,0,0,0,0,0,0,0,0,0,0,0,0,0,0,0,0,0,0,0,0,0,0,0,0,0,0,0,0,0
"MDA",1965000,0,0,0,0,0,0,0,0,0,0,0,0,0,0,0,0,0,0,0,0,72705000,0,0,0,0,0,0,0,0,0,0,0,0,0,0,0,0,11790000,37335000,0,0,0,0,53055000,0,0,0,0,43230000,0,0,0,0,0,0,72705000,0,0,0,31440000,0,0,3930000,0,0,0,0,0,0,0,0,381210000,0,0,0,0,0,0,0,102180000,0,0,0,0,0,0,0,0,0,0,0,0,100215000,0,0,0,0,0,0,0,0,0,0,0,0,51090000,0,0,0,0,0,0,0,0,0,0,0,0,0,0,0,0,0,0,0,0,0,3930000,0,0,0,0,0,0,0,0,0,0,0,3291375000,0,0,0,0,0,0,0,0,0,0,0,27510000,0,0,0,0,0,0,0,0,0,0,0,0,0,0,0,0,0,0,0,35370000,0,0,0,1965000,94320000,7860000,0,0,0,0,0,0,0,0,0,0,0,43230000,0,0,0,0
"NAM",0,0,0,0,0,0,0,0,0,0,0,0,0,0,0,0,0,0,0,0,0,0,0,0,0,0,0,0,0,0,0,0,0,0,0,0,0,0,0,0,0,0,0,0,0,0,0,0,0,0,0,0,0,0,0,0,0,0,0,0,0,0,0,0,0,0,0,0,0,0,0,0,0,0,0,0,0,0,0,0,0,0,0,0,0,0,0,0,0,0,0,0,0,0,0,0,0,0,0,0,0,0,0,0,0,0,0,0,0,0,0,0,0,0,0,0,0,0,0,0,0,0,0,0,0,0,0,0,0,0,0,0,0,0,0,0,0,0,0,0,0,0,0,0,0,0,0,0,0,0,0,0,0,0,0,0,0,0,0,0,0,0,0,0,0,0,0,0,0,0,0,0,0,0,0,0,0,0,0,0,0,0,0,0,0,0,0,0,0,0,0,0,0,0,0
"NPL",0,0,0,0,0,0,0,0,0,0,0,0,0,0,0,0,0,0,0,0,0,0,0,0,0,0,0,0,0,0,0,0,0,0,0,0,0,0,0,0,0,0,0,0,0,0,0,0,0,0,0,0,0,0,0,0,0,0,0,0,0,0,0,0,0,0,0,0,0,0,0,0,0,0,0,3930000,0,0,0,0,0,0,0,0,0,0,0,0,0,0,0,0,0,0,0,0,0,0,0,0,0,0,0,0,0,0,0,0,0,0,0,0,0,0,0,0,0,0,0,0,0,0,0,0,0,0,0,0,0,0,0,0,0,0,0,0,0,0,0,0,0,0,0,0,0,0,0,0,0,0,0,0,0,0,0,0,0,0,0,0,0,0,0,0,0,0,0,0,0,0,0,0,0,0,0,0,0,0,0,0,0,0,0,0,0,0,0,0,0,0,0,0,0,0,0
"NLD",1339140000,306540000,821610000,3347250000,19650000,1871595000,6633885000,116807995000,155235000,1135770000,161130000,23580000,0,0,0,0,3741210000,0,1965000,0,0,30438355000,0,0,431895000,17369740000,245625000,0,1518945000,27510000,2211405000,7582285000,195720000,0,582915000,0,25545000,27510000,3224470000,53055000,55020000,45844505000,0,53055000,214185000,231870000,13855975000,9825000,25545000,2980205000,35370000,39300000,38199755000,360338075000,0,1965000,67335000,0,239730000,1411075005000,2428830000,3394875000,0,55830860000,0,0,210210000,25545000,0,137535000,0,2735265000,24946755000,7642865000,5136155000,3232815000,1958175000,4112295000,115935000,9207885000,8801855000,111258990000,56325000,290145000,220080000,54561975000,9697155000,9825000,501075000,0,56985000,23180200000,3209890000,2833515000,0,9997265000,0,308505000,6692730000,11398770000,0,96285000,0,4864755000,229905000,300645000,1233285000,0,214185000,11016455000,457845000,3957005000,19650000,193395000,55020000,379245000,0,0,37290000,2767840000,1965000,1745405000,418905000,0,1676775000,38503960000,2281365000,604800000,43718110000,0,200805000,1592700000,1271355000,115371155000,11735495000,0,0,0,1527405000,7830000,22580760000,19650000,95109745000,0,0,0,0,33035840000,129690000,72705000,149340000,4746735000,41630450000,17315245000,3915000,5049640000,51068055000,1493325000,0,0,66209075000,139584880000,5680975000,0,2788300000,271170000,1491540000,237495000,0,228840000,598005000,1472325000,44880405000,50744615000,115935000,0,315001250000,48223705000,190745435000,0,1986210000,130555000,1657785000,799215000,310410000,76515000,64845000,259380000,475450225000,8356620000,10891870000,367455000,0,0,0
"ANT",0,0,0,0,0,0,0,0,0,0,0,0,0,0,0,0,0,0,0,0,0,0,0,0,0,0,0,0,0,0,0,0,0,0,0,0,0,0,0,0,0,0,0,0,0,0,0,0,0,0,0,0,0,0,0,0,0,0,0,0,0,0,0,0,0,0,0,0,0,0,0,0,0,0,0,0,0,0,0,0,0,0,0,0,0,0,0,0,0,0,0,0,0,0,0,0,0,0,0,0,0,0,0,0,0,0,0,0,0,0,0,0,0,0,0,0,0,0,0,0,0,0,0,0,0,0,0,0,0,0,0,0,0,0,0,0,0,0,0,0,0,0,0,0,0,0,0,0,0,0,0,0,0,0,0,0,0,0,0,0,0,0,0,0,0,0,0,0,0,0,0,0,0,0,0,0,0,0,0,0,0,0,0,0,0,0,0,0,0,0,0,0,0,0,0
"NCL",0,0,0,0,0,0,0,0,0,0,0,0,0,0,0,0,0,0,0,0,0,0,0,0,0,0,0,0,0,0,0,0,0,0,0,0,0,0,0,0,0,0,0,0,0,0,0,0,0,0,0,0,0,0,0,0,0,0,0,0,0,0,0,0,0,0,0,0,0,0,0,0,0,0,0,0,0,0,0,0,0,0,0,0,0,17685000,0,0,0,0,0,0,0,0,0,0,0,0,0,0,0,0,0,0,0,0,0,0,0,0,0,0,0,0,0,0,0,0,0,0,1965000,0,0,0,0,0,0,0,0,0,0,0,0,0,0,0,0,0,0,0,0,0,0,0,0,0,0,0,0,0,0,0,0,0,0,0,0,0,0,0,0,0,0,0,0,0,0,0,0,0,0,0,0,0,0,0,0,0,0,0,0,0,0,0,0,0,0,0,0,0,0,0,0,0,0
"MKD",0,0,123795000,0,0,0,60915000,0,0,0,0,0,0,0,0,0,0,0,0,0,0,92355000,0,0,0,58950000,0,0,0,0,0,20880000,0,0,0,0,0,0,3930000,1965000,0,0,0,0,0,0,0,0,0,0,0,0,0,3930000,0,0,0,0,0,5895000,915690000,527220000,0,33405000,0,0,0,0,0,0,0,0,0,839700000,0,0,0,0,0,0,0,0,0,0,0,0,0,0,0,0,0,0,0,0,0,0,0,0,0,0,0,0,0,14355000,0,0,0,0,0,0,0,0,0,0,0,0,0,0,0,0,0,0,0,0,0,0,0,0,0,0,0,0,0,0,0,0,0,0,0,0,47160000,0,0,0,0,0,0,0,0,0,0,451950000,0,0,0,0,23490000,0,0,0,1965000,0,0,0,0,0,0,0,0,0,0,0,18945000,0,0,0,0,0,86460000,0,0,0,0,0,0,0,0,0,0,0,1824435000,528585000,0,0,0
"VUT",0,0,0,0,0,0,0,0,0,0,0,0,0,0,0,0,0,0,0,0,0,0,0,0,0,0,0,0,0,0,0,0,0,0,0,0,0,0,0,0,0,0,0,0,0,0,0,0,0,0,0,0,0,834210000,0,0,0,0,0,300150000,0,0,0,0,0,0,0,0,0,0,0,0,0,0,0,0,2.07e+08,0,0,0,0,0,0,0,0,0,0,0,0,0,0,0,0,0,0,0,0,0,0,0,0,0,0,1562850000,0,0,0,0,0,0,0,0,0,0,0,0,155250000,0,0,0,0,0,0,0,0,0,0,0,0,0,0,0,0,0,0,0,0,0,0,0,0,0,0,0,0,0,0,0,0,0,0,0,0,2192130000,0,0,0,0,0,0,0,0,0,0,0,0,0,0,0,0,0,0,0,0,0,0,0,0,0,0,0,0,0,0,0,0,0,0,0,0,0,0,0,0,0
"NZL",0,0,0,0,0,0,47520150000,0,0,0,0,0,0,0,0,0,0,0,0,10455000,0,0,0,0,0,0,0,0,0,0,0,558060000,0,0,0,169635000,0,0,0,0,0,0,0,0,0,0,13755000,0,0,0,0,195795000,0,0,36645000,0,0,0,0,0,0,0,0,0,0,0,0,0,0,0,0,5895000,0,0,0,19650000,0,0,0,0,0,3930000,0,0,0,9479160000,0,0,0,0,0,2688120000,0,0,0,33405000,0,0,0,0,0,0,0,1876575000,0,0,0,0,0,0,0,0,0,0,0,0,2438565000,0,96285000,0,9825000,0,0,0,0,0,2558430000,0,0,1305000,0,0,2629170000,0,0,0,0,0,0,0,0,0,0,0,0,0,0,0,0,0,0,0,0,1919805000,0,0,0,0,0,0,0,0,0,0,9825000,0,658890000,0,33360000,0,0,0,0,64845000,0,0,58950000,0,37335000,0,0,0,0,644520000,0,0,0,0,0,0,0,0,0,0,0
"NIC",0,0,0,0,0,0,0,184230000,0,0,0,0,0,0,0,0,0,0,0,0,0,0,0,0,0,0,0,0,0,0,0,0,0,0,0,0,75315000,0,0,0,0,0,0,13755000,0,0,0,2471130000,0,0,0,0,0,0,0,0,0,0,0,1049490000,0,0,0,0,0,0,946170000,0,0,0,1099035000,0,0,0,0,0,0,0,0,0,0,0,0,0,0,0,0,0,0,0,0,0,0,0,0,0,0,0,0,0,0,0,0,0,0,0,0,0,0,0,0,0,0,0,0,0,0,0,0,0,0,0,0,0,0,0,0,57120000,0,0,0,0,0,0,0,0,0,0,0,0,0,0,0,0,0,0,0,0,0,0,0,0,0,0,0,0,0,0,0,0,0,0,0,0,0,0,0,0,0,0,0,0,0,0,0,0,0,0,44780000,0,0,0,0,0,0,0,0,0,0,0,0,0,0,0,0
"NER",0,0,0,0,0,0,0,0,0,0,0,0,0,0,0,0,0,0,0,0,0,0,0,0,0,0,0,0,0,0,0,4140000,0,0,0,0,0,0,0,0,0,0,0,0,0,0,0,0,0,0,0,0,0,0,0,0,0,0,0,0,0,0,0,0,0,0,0,0,0,0,0,0,0,0,0,0,0,0,0,0,0,0,0,0,0,0,0,0,0,0,0,0,0,0,0,0,0,0,0,0,0,0,0,0,0,0,0,0,0,0,0,0,0,0,0,0,0,0,0,0,0,0,0,0,0,0,0,0,0,0,0,0,0,0,0,0,0,0,0,0,0,0,0,0,0,0,0,0,0,0,0,0,0,0,0,0,0,0,0,0,0,0,0,0,0,0,0,0,0,0,0,0,0,0,0,0,0,0,0,0,0,0,0,0,0,0,0,0,0,0,0,0,0,0,0
"NGA",0,0,0,0,0,0,0,0,0,0,0,0,0,0,0,0,0,0,0,0,0,0,0,0,0,0,0,0,0,0,0,0,0,0,0,0,0,0,0,0,0,0,0,0,0,0,0,0,0,0,0,0,0,0,0,0,0,0,0,0,0,0,0,0,0,0,0,0,0,0,0,0,0,0,0,0,0,0,0,0,0,0,0,0,0,0,0,0,0,0,0,0,0,0,0,0,0,0,0,0,0,0,0,0,0,0,0,0,0,0,0,0,0,0,0,0,0,0,0,0,0,0,0,0,0,0,0,0,0,0,0,0,0,0,0,0,0,0,0,0,0,0,0,0,0,0,0,0,0,0,0,0,0,0,0,0,0,0,0,0,0,0,0,0,0,0,0,0,0,0,0,0,0,0,0,0,0,0,0,0,0,0,0,0,0,0,0,0,0,0,0,0,0,0,0
"NOR",0,0,0,0,0,0,1965000,577695000,0,0,0,0,0,0,0,0,0,0,0,0,0,0,0,0,0,0,0,0,0,0,0,7860000,0,0,0,0,0,0,0,0,0,3155790000,0,0,0,0,0,0,0,0,64845000,0,336015000,45195000,0,0,0,0,0,2016090000,0,0,0,0,0,0,0,0,0,0,0,0,0,0,306540000,0,0,0,0,0,0,78600000,0,0,0,0,0,0,0,0,0,0,0,0,0,0,0,0,0,2387475000,0,0,0,0,0,0,0,0,0,0,0,0,0,0,0,0,62880000,0,0,0,0,0,0,0,0,0,0,0,0,0,0,0,0,214185000,0,0,0,0,0,0,0,0,0,0,0,0,0,0,0,0,0,0,17685000,5895000,0,0,23580000,0,0,0,16940880000,0,0,0,0,0,0,0,0,0,0,0,0,0,0,0,526620000,0,56985000,0,0,0,0,0,0,0,0,0,27510000,0,0,0,0,0,0
"PAK",0,120470000,0,0,0,0,0,0,0,0,0,13755000,0,0,0,0,0,0,0,0,0,0,0,0,0,23580000,0,0,0,0,49125000,0,19650000,0,0,0,0,0,0,0,0,0,0,0,0,0,0,0,0,0,0,0,0,0,0,0,0,0,0,0,0,0,0,0,0,0,0,0,0,11800000,0,0,0,0,0,1965000,0,0,0,0,0,0,0,0,0,0,0,0,0,0,0,0,0,0,0,0,0,0,0,0,0,0,0,0,3930000,0,0,0,0,0,0,0,13710000,0,0,0,0,0,0,0,0,0,0,0,0,0,0,0,0,0,0,0,0,0,0,0,0,0,0,0,0,0,0,0,0,0,0,0,0,0,0,0,0,0,0,1965000,0,0,0,0,0,1965000,0,0,0,0,0,0,0,0,0,0,0,0,0,0,1965000,0,9825000,0,0,0,0,0,0,0,0,0,0,0,0,0,0,0,0
"PAN",0,0,0,0,0,0,0,0,0,0,0,0,0,0,0,0,0,0,0,0,0,0,0,0,0,84870000,0,0,0,0,0,0,0,0,0,0,0,0,0,0,0,0,0,0,0,0,0,0,0,0,0,0,0,0,0,0,0,0,0,26910000,0,0,0,0,0,0,0,0,0,0,175635000,0,0,0,0,0,0,0,0,0,0,0,0,0,0,0,0,0,0,0,0,0,0,0,0,0,0,0,0,0,0,0,0,0,0,0,0,0,0,0,0,0,0,0,0,0,0,0,0,0,0,0,0,0,0,0,0,0,0,0,0,0,0,0,0,0,0,0,0,0,0,0,0,0,0,0,0,0,0,0,0,0,0,0,0,0,2432250000,0,0,0,0,465750000,0,0,0,0,0,0,0,0,0,0,0,0,0,0,0,0,309870000,0,0,0,0,0,0,0,0,0,0,0,0,0,0,0,0
"CZE",7860000,0,0,0,0,0,5895000,1025715000,0,0,0,0,0,0,0,0,0,0,0,0,0,615045000,0,0,0,49125000,0,0,0,0,0,9825000,0,0,0,0,0,0,1965000,145410000,0,3363420000,0,0,55020000,0,0,0,0,9825000,0,0,5895000,5552430000,0,0,1965000,0,0,20072475000,24855000,0,0,620940000,0,0,0,0,0,0,0,0,24183135000,1976790000,3930000,0,0,0,0,196500000,15720000,1059270000,0,1965000,0,9825000,0,0,0,0,0,0,0,0,0,13755000,0,0,0,145410000,0,0,0,0,0,0,172920000,0,0,0,43230000,0,0,3930000,0,0,7054350000,0,0,0,0,0,0,0,0,129690000,0,0,0,0,0,0,0,38333820000,516795000,0,0,0,0,0,1204545000,0,41265000,0,0,0,0,21615000,0,0,0,100215000,53631010000,11790000,0,11790000,241035000,0,0,0,206325000,66810000,0,0,0,0,0,0,0,0,0,0,3930000,365490000,0,0,6855225000,11790000,9825000,0,0,0,0,0,0,0,0,0,6555780000,0,1522875000,0,0,0,13755000
"PNG",0,0,0,0,0,0,0,0,0,0,0,0,0,0,0,0,0,0,0,0,0,0,0,0,0,0,0,0,0,0,0,0,0,0,0,0,0,0,0,0,0,0,0,0,0,0,0,0,0,0,0,0,0,0,0,0,0,0,0,0,0,0,0,0,0,0,0,0,0,0,0,0,0,0,0,0,0,0,0,0,0,0,0,0,0,0,0,0,0,0,0,0,0,0,0,0,0,0,0,0,0,0,0,0,0,0,0,0,0,0,0,0,0,0,0,0,0,0,0,0,0,0,0,0,0,0,0,0,0,0,0,0,0,0,0,0,0,0,0,0,0,0,0,0,0,0,0,0,0,0,0,0,0,0,0,0,0,0,0,0,0,0,0,0,0,0,0,0,0,0,0,0,0,0,0,0,0,0,0,0,0,0,0,0,0,0,0,0,0,0,0,0,0,0,0
"PRY",0,0,0,0,0,0,0,0,0,0,0,0,0,0,0,0,0,0,0,0,0,0,0,0,0,0,0,0,0,0,0,0,0,0,0,0,0,0,0,0,0,0,0,0,0,0,0,0,0,0,0,0,0,0,0,0,0,0,0,0,0,0,0,0,0,0,0,0,0,0,0,0,0,0,0,0,0,0,0,0,0,0,0,0,0,0,0,0,0,0,0,0,0,0,0,0,0,0,0,0,0,0,0,0,0,0,0,0,0,0,0,0,0,0,0,0,0,0,0,0,0,0,0,0,0,0,0,0,0,0,0,0,0,0,0,0,0,0,0,0,0,0,0,0,0,0,0,0,0,0,0,0,0,0,0,0,0,0,0,0,0,0,0,0,0,0,0,0,0,0,0,0,0,0,0,0,0,0,0,0,0,0,0,0,0,0,0,0,0,0,0,0,0,0,0
"PER",0,0,0,0,0,80190000,123120000,0,0,0,0,0,0,0,1837470000,0,339300000,0,0,0,0,0,0,0,0,2935575000,0,0,0,0,715425000,23565000,6207735000,0,0,0,1259730000,1965000,0,0,0,0,0,26100000,0,1332330000,0,25545000,0,0,0,0,7515000,9634340000,0,0,0,0,0,4426870000,0,0,0,0,0,0,75240000,0,47160000,0,5895000,0,0,0,0,0,0,0,0,0,20340000,4589475000,0,0,0,388320000,0,0,0,0,0,0,0,0,0,0,0,0,0,0,0,0,0,0,0,0,0,0,0,245025000,0,0,0,0,0,0,15927400000,0,0,0,0,57895000,58950000,0,0,0,0,60915000,1305000,0,0,0,0,0,0,0,0,0,0,0,0,0,0,0,0,0,0,0,0,0,0,0,0,0,0,15720000,4622310000,19650000,0,0,0,62100000,0,0,0,0,0,0,0,455400000,0,0,130500000,0,0,0,9301295000,0,22698280000,0,208800000,0,3499525000,0,0,0,0,0,7866330000,0,2610000,0,0,0,0
"PHL",0,0,0,1965000,0,0,149985000,0,0,5895000,0,0,0,0,0,0,0,0,0,0,15720000,0,11790000,0,0,115935000,0,0,0,0,0,28080000,0,0,0,0,0,0,0,0,0,0,0,0,0,0,0,0,0,0,0,0,0,784065000,0,0,0,0,0,142200000,0,0,7860000,0,0,0,0,0,0,0,0,89415000,0,0,0,19650000,0,0,0,0,0,5895000,0,0,0,106110000,0,0,0,0,0,39300000,3930000,0,0,0,0,0,0,0,0,0,0,995595000,0,0,0,0,0,0,5895000,0,0,0,0,1965000,784065000,0,0,0,3930000,19650000,0,0,0,1965000,22845000,0,0,137550000,0,0,0,0,0,0,0,0,37335000,0,0,0,0,0,0,0,0,41265000,0,0,0,0,0,333600000,0,55020000,0,0,0,0,1965000,0,0,0,694200000,0,652290000,0,0,0,0,0,0,86460000,0,0,13755000,0,2629665000,0,0,0,0,99825000,0,0,0,0,0,0,0,0,0,0,0
"POL",546090000,0,404760000,1492005000,0,62640000,2535495000,32242365000,0,11790000,0,0,0,0,0,0,129690000,0,0,0,0,8050095000,0,0,70740000,6314835000,0,0,0,0,27510000,174885000,0,0,0,0,0,0,195840000,2843955000,29475000,3796380000,0,0,2098445000,0,143445000,0,0,2046795000,0,0,3562545000,19003545000,1965000,0,639930000,0,60915000,50849385000,3303165000,0,0,9921325000,0,0,0,0,0,0,0,288855000,27306630000,8460585000,44505000,634455000,0,129030000,7860000,713640000,6506115000,15242040000,0,1693830000,0,448020000,131655000,33405000,3930000,0,0,11790000,117900000,4325355000,0,141480000,0,0,64845000,12762925000,0,0,0,0,1965000,0,112005000,0,0,208290000,1265460000,0,0,2726675000,0,0,22923990000,0,0,468840000,0,127765000,0,0,0,819405000,0,1965000,41907675000,0,0,0,0,0,921585000,0,0,0,0,0,11294255000,0,37181220000,0,0,0,0,597360000,15720000,0,0,5841210000,17656785000,3930000,0,844950000,3849315000,0,0,0,10146600000,1186860000,0,0,182745000,0,11790000,29475000,0,0,0,0,24944265000,182745000,0,0,83016875000,22561355000,14383280000,0,219240000,0,0,41265000,31440000,0,0,0,1251460000,55020000,5386635000,628800000,0,0,141480000
"PRT",0,0,0,0,0,0,0,0,0,5895000,0,0,0,0,0,0,180780000,0,0,0,0,0,0,0,0,88425000,592065000,0,0,0,0,3930000,0,0,3930000,0,0,0,5895000,0,0,13755000,0,0,0,0,11790000,0,0,243660000,0,0,0,292785000,0,0,0,0,0,94320000,0,0,0,833160000,0,0,0,0,0,0,0,0,0,0,1965000,0,0,0,0,0,5895000,9825000,0,0,0,26190000,0,0,0,0,0,0,47160000,0,0,96285000,0,0,5895000,0,5895000,0,0,0,0,0,1965000,0,0,0,0,1965000,117900000,0,0,0,267240000,0,0,0,0,0,0,0,0,0,0,0,19650000,0,0,0,0,0,0,11790000,0,0,3930000,0,0,0,3930000,0,0,0,29475000,0,0,0,0,0,0,0,0,332085000,1657710000,0,0,0,11790000,21240000,0,0,0,0,0,0,0,0,0,0,0,51090000,0,0,485750000,0,108075000,0,3930000,0,53055000,0,0,0,0,0,200430000,21615000,0,0,0,0,0
"GNB",0,0,0,0,0,0,0,0,0,0,0,0,0,0,0,0,0,0,0,0,0,0,0,0,0,0,0,0,0,0,0,0,0,0,0,0,0,0,0,0,0,0,0,0,0,0,0,0,0,0,0,0,0,0,0,0,0,0,0,0,0,0,0,0,0,0,0,0,0,0,0,0,0,0,0,0,0,0,0,0,0,0,0,0,0,0,0,0,0,0,0,0,0,0,0,0,0,0,0,0,0,0,0,0,0,0,0,0,0,0,0,0,0,0,0,0,0,0,0,0,0,0,0,0,0,0,0,0,0,0,0,0,0,0,0,0,0,0,0,0,0,0,0,0,0,0,0,0,0,0,0,0,0,0,0,0,0,0,0,0,0,0,0,0,0,0,0,0,0,0,0,0,0,0,0,0,0,0,0,0,0,0,0,0,0,0,0,0,0,0,0,0,0,0,0
"TLS",0,0,0,0,0,0,0,0,0,0,0,0,0,0,0,0,0,0,0,0,0,0,0,0,0,0,0,0,0,0,0,0,0,0,0,0,0,0,0,0,0,0,0,0,0,0,0,0,0,0,0,0,0,0,0,0,0,0,0,0,0,0,0,0,0,0,0,0,0,0,0,0,0,0,0,0,0,0,0,0,0,0,0,0,0,0,0,0,0,0,0,0,0,0,0,0,0,0,0,0,0,0,0,0,0,0,0,0,0,0,0,0,0,0,0,0,0,0,0,0,0,0,0,0,0,0,0,0,0,0,0,0,0,0,0,0,0,0,0,0,0,0,0,0,0,0,0,0,0,0,0,0,0,0,0,0,0,0,0,0,0,0,0,0,0,0,0,0,0,0,0,0,0,0,0,0,0,0,0,0,0,0,0,0,0,0,0,0,0,0,0,0,0,0,0
"ERI",0,0,0,0,0,0,0,0,0,0,0,0,0,0,0,0,0,0,0,0,0,0,0,0,0,0,0,0,0,0,0,0,0,0,0,0,0,0,0,0,0,0,0,0,0,0,0,0,0,0,0,0,0,0,0,0,0,0,0,0,0,0,0,0,0,0,0,0,0,0,0,0,0,0,0,0,0,0,0,0,0,0,0,0,0,0,0,0,0,0,0,0,0,0,0,0,0,0,0,0,0,0,0,0,0,0,0,0,0,0,0,0,0,0,0,0,0,0,0,0,0,0,0,0,0,0,0,0,0,0,0,0,0,0,0,0,0,0,0,0,0,0,0,0,0,0,0,0,0,0,0,0,0,0,0,0,0,0,0,0,0,0,0,0,0,0,0,0,0,0,0,0,0,0,0,0,0,0,0,0,0,0,0,0,0,0,0,0,0,0,0,0,0,0,0
"QAT",0,0,0,0,0,0,0,0,0,0,0,0,0,0,0,0,0,0,0,0,0,0,0,0,0,0,0,0,0,0,0,0,0,0,0,0,0,0,0,0,0,0,0,0,0,0,0,0,0,0,0,0,0,1965000,0,0,0,0,0,0,0,0,0,0,0,0,0,0,0,0,0,0,0,0,0,0,0,0,0,0,0,0,0,0,0,0,0,0,0,0,0,0,0,0,0,0,0,0,0,0,0,0,0,0,0,0,0,0,0,0,0,0,0,0,0,0,0,0,0,0,0,0,0,0,0,0,0,0,0,0,0,0,0,0,0,0,0,0,0,0,0,0,0,0,0,0,0,37335000,0,0,0,0,0,0,0,0,0,0,0,0,0,0,0,0,0,0,0,0,0,0,0,0,0,33405000,0,0,1965000,0,0,0,0,0,0,0,0,0,0,0,1965000,0,0,0,0,0,0
"ZWE",0,0,0,0,0,0,0,0,0,0,0,0,0,0,0,7860000,0,0,0,0,0,0,0,0,0,0,0,0,0,0,0,0,0,0,0,0,0,0,0,0,0,0,0,0,0,0,0,0,0,0,0,0,0,0,0,0,0,0,0,0,0,0,0,0,0,0,0,0,0,0,0,0,0,0,0,0,0,0,0,0,0,0,0,0,0,0,0,0,0,0,0,0,0,0,0,0,0,0,0,0,0,0,21615000,0,0,0,0,0,0,0,0,0,0,0,0,0,0,0,0,0,0,0,0,0,0,0,0,0,0,0,0,0,0,0,0,0,0,0,0,0,0,0,0,0,0,0,0,0,0,0,0,0,0,0,0,13755000,0,0,0,0,0,0,0,0,0,0,0,0,0,0,0,0,0,0,0,0,0,0,0,0,0,0,0,0,0,0,0,27510000,0,0,0,0,0,0,0
"ROU",0,0,391035000,927480000,0,0,0,495180000,0,0,0,0,0,0,0,0,9825000,0,0,0,0,5888340000,0,0,0,35370000,0,0,0,0,0,0,35370000,0,0,0,0,0,47160000,0,0,19650000,0,0,0,0,259380000,0,0,0,0,0,0,0,0,0,1965000,0,0,80565000,72705000,17685000,0,692265000,0,0,0,0,0,0,0,0,666135000,373350000,0,37335000,0,21615000,0,3930000,396930000,1214370000,0,0,0,0,56985000,0,0,0,0,96285000,0,389070000,0,642555000,0,0,0,713295000,0,0,0,0,0,0,3930000,0,0,0,0,0,0,398700000,0,0,109965000,0,0,347805000,0,0,0,0,0,0,0,0,394965000,0,0,0,151305000,2218485000,29475000,0,0,0,0,0,0,0,0,0,0,0,0,100215000,0,0,0,3930000,463740000,0,0,0,121830000,0,0,0,5895000,5895000,25545000,0,0,0,0,0,0,0,0,0,1888365000,548235000,0,0,0,6525000,7860000,0,0,0,60915000,0,0,0,0,0,1182930000,0,3283515000,351735000,0,0,0
"RWA",0,0,0,0,0,0,0,0,0,0,0,0,0,0,0,0,0,0,0,0,0,0,0,0,0,0,0,0,0,0,0,0,0,0,0,0,0,0,0,0,0,0,0,0,0,0,0,0,0,0,0,0,0,0,0,0,0,0,0,0,0,0,0,0,0,0,0,0,0,0,0,0,0,0,0,0,0,0,0,0,0,0,0,0,0,0,0,0,0,0,0,0,0,0,0,0,0,0,0,0,0,0,0,0,0,0,0,0,0,0,0,0,0,0,0,0,0,0,0,0,0,0,0,0,0,0,0,0,0,0,0,0,0,0,0,0,0,0,0,0,0,0,0,0,0,0,0,0,0,0,0,0,0,0,0,0,0,0,0,0,0,0,0,0,0,0,0,0,0,0,0,0,0,0,0,0,0,0,0,0,0,0,0,0,0,0,0,0,0,0,0,0,0,0,0
"RUS",14332785000,0,0,0,0,0,13755000,0,0,0,0,0,0,0,0,0,0,0,0,0,0,27510000,0,0,0,457845000,0,0,0,0,0,7860000,0,0,0,0,0,9825000,3930000,39429660000,0,11790000,0,0,0,0,0,0,0,1547010000,0,0,0,17685000,0,0,12272685000,0,0,8852325000,0,0,0,125760000,0,0,0,0,0,0,0,0,58950000,0,0,0,0,3930000,0,0,1201905000,481425000,0,81601095000,0,5895000,0,22072800000,0,0,0,962850000,0,3607740000,0,0,0,0,0,2661720000,0,0,0,0,0,0,0,0,0,0,14391660000,0,0,4769055000,0,0,7495485000,0,0,0,0,5895000,0,0,0,1965000,0,0,334050000,0,0,0,0,1180965000,0,0,0,0,0,0,34995000,0,0,0,0,0,0,0,0,0,0,0,0,0,0,0,43230000,0,12244530000,0,0,0,0,8106915000,823335000,0,0,0,0,0,0,0,170955000,1965000,0,0,7860000,82927390000,2898330000,0,0,741435000,0,0,0,0,0,0,1965000,0,21615000,0,0,0,0
"KNA",0,0,0,0,0,0,0,0,0,0,0,0,0,0,0,0,0,0,0,0,0,0,0,0,0,0,0,0,0,0,0,0,0,0,0,0,0,0,0,0,0,0,0,0,0,0,0,0,0,0,0,0,0,0,0,0,0,0,0,0,0,0,0,0,0,0,0,0,0,0,0,0,0,0,0,0,0,0,0,0,0,0,0,0,0,0,0,0,0,0,0,0,0,0,0,0,0,0,0,0,0,0,0,0,0,0,0,0,0,0,0,0,0,0,0,0,0,0,0,0,0,0,0,0,0,0,0,0,0,0,0,0,0,0,0,0,0,0,0,0,0,0,0,0,0,0,0,0,0,0,0,0,0,0,0,0,0,0,0,0,0,0,0,0,0,0,0,0,0,0,0,0,0,0,0,0,0,0,0,0,0,0,0,0,0,0,0,0,0,0,0,0,0,0,0
"LCA",0,0,0,0,0,0,0,0,0,0,0,0,0,0,0,0,0,0,0,0,0,0,0,0,0,0,0,0,0,0,0,0,0,0,0,0,0,0,0,0,0,0,0,0,0,0,0,0,0,0,0,0,0,0,0,0,0,0,0,0,0,0,0,0,0,0,0,0,0,0,0,0,0,0,0,0,0,0,0,0,0,0,0,0,0,0,0,0,0,0,0,0,0,0,0,0,0,0,0,0,0,0,0,0,0,0,0,0,0,0,0,0,0,0,0,0,0,0,0,0,0,0,0,0,0,0,0,0,0,0,0,0,0,0,0,0,0,0,0,0,0,0,0,0,0,0,0,0,0,0,0,0,0,0,0,0,0,0,0,0,0,0,0,0,0,0,0,0,0,0,0,0,0,0,0,0,43470000,0,30525000,0,0,0,0,0,0,0,0,0,0,0,0,0,0,0,0
"VCT",0,0,0,0,0,0,0,0,0,0,0,0,0,0,0,0,0,0,0,0,0,0,0,0,0,0,0,0,0,0,0,0,0,0,0,0,0,0,0,0,0,0,0,0,0,0,0,0,0,0,0,0,0,0,0,0,0,0,0,0,0,0,0,0,0,0,0,0,0,0,0,0,0,0,0,0,0,0,0,0,0,0,0,0,0,0,0,0,0,0,0,0,0,0,0,0,0,0,0,0,0,0,0,0,0,0,0,0,0,0,0,0,0,0,0,0,0,0,0,0,0,0,0,0,0,0,0,0,0,0,0,0,0,0,0,0,0,0,0,0,0,0,0,0,0,0,0,0,0,0,0,0,0,0,0,0,0,0,0,0,0,0,0,0,0,0,0,0,0,0,0,0,0,0,0,0,0,0,0,0,0,0,0,0,0,0,0,0,0,0,0,0,0,0,0
"STP",0,0,0,0,0,0,0,0,31050000,0,0,0,0,0,0,0,0,0,0,0,0,0,0,0,0,0,0,0,0,0,0,0,0,0,0,0,0,0,0,0,0,0,0,0,0,0,0,0,0,0,0,0,0,130410000,192510000,0,0,0,0,0,0,0,0,0,0,0,0,0,0,0,0,0,0,0,0,0,0,0,0,0,0,0,0,0,0,0,0,0,0,0,0,0,0,0,0,0,0,0,0,0,0,0,0,0,0,0,0,0,0,0,0,0,0,0,0,0,1583550000,0,0,0,0,0,0,0,0,0,0,0,0,0,0,0,0,0,2022340000,0,0,0,0,0,0,0,0,0,0,0,0,0,0,0,0,0,0,0,0,0,0,0,0,0,0,0,0,0,0,0,0,0,0,0,0,0,0,0,0,0,0,0,0,0,0,0,0,0,0,0,0,0,1190250000,0,0,0,0,0,0
"SAU",0,0,0,0,0,0,0,0,0,0,0,0,0,0,0,0,0,0,0,0,0,0,0,0,0,0,0,0,0,0,0,0,0,0,0,0,0,0,0,0,0,0,0,0,0,0,0,0,0,0,0,0,0,0,0,0,0,0,0,0,0,0,0,0,0,0,0,0,0,0,0,0,0,0,0,0,0,0,0,0,0,0,0,0,0,0,0,0,0,0,0,0,0,0,0,0,0,0,0,0,0,0,0,0,0,0,0,0,0,0,0,0,0,0,0,0,0,0,0,0,0,0,0,0,0,0,0,0,0,0,0,0,0,0,0,0,0,0,0,0,0,0,0,0,0,0,0,0,0,0,0,0,0,0,0,0,0,0,0,0,0,0,0,0,0,0,0,0,0,0,0,0,0,0,0,0,0,0,0,0,0,0,0,0,0,0,0,0,0,0,0,0,0,0,0
"SEN",0,0,0,0,0,0,0,0,0,0,0,0,0,0,0,0,0,0,0,0,0,0,0,0,493215000,0,0,0,0,0,0,0,0,0,182745000,0,0,0,0,0,958920000,0,0,0,0,0,0,0,23580000,0,0,0,0,5880000,0,0,0,257415000,1490775000,0,0,0,0,0,0,0,0,64845000,0,0,0,0,0,0,0,0,0,0,0,0,0,0,78600000,0,0,0,0,0,0,0,0,0,0,0,0,0,0,0,0,0,0,0,0,0,0,86460000,0,784035000,0,0,0,0,0,0,0,0,0,0,0,0,0,0,0,0,314400000,0,0,0,0,0,0,0,0,0,0,157200000,0,0,0,0,0,0,0,0,0,0,0,0,0,0,56985000,0,0,0,0,0,1965000,0,0,0,0,0,0,0,0,0,0,0,0,0,0,0,0,0,0,0,0,0,0,5895000,0,0,0,0,0,0,0,0,0,0,0,0,0,0,0
"SYC",0,0,0,0,0,0,0,0,0,0,0,0,0,0,0,0,0,0,0,0,0,0,0,0,0,0,0,0,0,0,0,0,0,0,0,0,0,0,0,0,0,0,0,0,0,0,0,0,0,0,0,0,0,0,0,0,0,0,0,0,0,0,0,0,0,0,0,0,0,0,0,0,0,0,0,0,0,0,0,0,0,0,0,0,0,0,0,0,0,0,0,0,0,0,0,0,0,0,0,0,0,0,0,0,0,0,0,0,0,0,0,0,0,0,0,0,0,0,0,0,0,0,0,0,0,0,0,0,0,0,0,0,0,0,0,0,0,0,0,0,0,0,0,0,0,0,0,0,0,0,0,0,0,0,0,0,0,0,0,0,0,0,0,0,0,0,0,0,0,0,0,0,0,0,0,0,0,0,0,0,0,0,0,0,0,0,0,0,0,0,0,0,0,0,0
"SLE",0,0,0,0,0,0,0,0,0,0,0,0,0,0,0,0,0,0,0,0,0,0,0,0,0,0,0,0,0,0,0,0,0,0,0,0,0,0,0,0,0,0,0,0,0,0,0,0,0,0,0,0,0,0,0,0,0,0,0,0,0,0,0,0,0,0,0,0,0,0,0,0,0,0,0,0,0,0,0,0,0,0,0,0,0,0,0,0,0,0,0,0,0,0,0,0,0,0,0,0,0,0,0,0,0,0,0,0,0,0,0,0,0,0,0,0,0,0,0,0,0,0,0,0,0,0,0,0,0,0,0,0,0,0,0,0,0,0,0,0,0,0,0,0,0,0,0,0,0,0,0,0,0,0,0,0,0,0,0,0,0,0,0,0,0,0,0,0,0,0,0,0,0,0,0,0,0,0,0,0,0,0,0,0,0,0,0,0,0,0,0,0,0,0,0
"SVN",0,0,1965000,0,0,0,0,732945000,0,0,0,0,0,0,0,0,0,0,0,0,0,47160000,0,0,0,64845000,0,0,0,0,0,0,0,0,0,0,0,0,1965000,0,0,11790000,0,0,3930000,0,3930000,0,0,1965000,0,0,1965000,12175140000,0,0,0,0,0,1013940000,331035000,0,0,56985000,0,0,0,0,0,0,0,0,931410000,2425265000,0,0,0,0,0,3930000,0,1118085000,0,0,0,0,0,0,0,0,0,0,0,0,0,0,0,55020000,0,0,0,0,0,0,0,0,1965000,0,0,0,0,0,0,0,0,0,25545000,0,0,347805000,0,0,0,0,0,47160000,0,0,650415000,0,0,0,0,1473750000,33405000,0,0,0,0,0,341910000,0,74670000,0,0,0,0,0,0,0,0,0,31440000,0,0,0,5895000,0,0,0,0,296715000,0,0,0,0,0,0,0,0,0,0,0,0,0,0,0,0,43230000,0,0,0,0,0,0,0,0,0,23580000,0,853320000,70740000,0,0,0
"SVK",0,0,0,25545000,0,0,39300000,2680260000,0,0,0,0,0,0,0,0,0,0,0,0,0,4169220000,0,0,0,237765000,0,0,0,0,0,0,0,0,0,0,0,0,0,0,0,0,0,0,0,0,1965000,0,0,0,0,0,0,2255820000,0,0,0,0,0,6675105000,11790000,0,0,237195000,0,0,0,0,0,0,0,0,24413715000,888165000,0,0,0,0,0,11790000,0,3283515000,0,0,0,11790000,0,0,0,0,0,0,0,25545000,0,0,0,0,0,1071715000,0,0,0,0,0,0,0,0,0,0,0,0,0,0,0,0,1346025000,0,0,0,0,0,0,0,0,13755000,0,0,39862035000,0,0,0,0,23952305000,750630000,0,0,0,0,0,5665060000,0,5895000,0,0,0,0,0,0,0,0,23580000,0,0,0,0,1609335000,0,0,0,3819960000,5743695000,0,0,0,0,0,0,0,0,0,0,5657235000,0,0,0,9447720000,0,17685000,0,0,0,0,0,0,0,0,0,1972860000,0,82530000,7860000,0,0,0
"SGP",0,7860000,0,0,0,0,106329085000,0,0,188640000,0,334050000,0,0,0,0,224010000,0,0,5895000,1228110000,0,131640000,0,15720000,8462595000,0,0,2279380000,0,575745000,27130700000,0,0,0,0,0,0,9825000,0,5895000,0,0,0,233835000,0,957135000,167025000,0,0,0,58725000,31320000,497700000,1965000,1965000,0,0,0,0,0,1965000,0,1965000,0,0,644520000,0,0,0,33405000,4883595000,0,0,0,11621710000,13036745000,1037475000,0,0,7686815000,1965000,0,451950000,0,267361080000,117900000,0,386760000,294090000,0,20697925000,242400000,194535000,0,1211130000,0,0,9825000,76635000,43230000,149340000,0,37179290000,161115000,0,0,0,5895000,0,257415000,172920000,0,0,0,0,899015000,0,0,0,5895000,22408305000,0,0,26850000,0,2956920000,725085000,0,98250000,0,432300000,9812325000,104400000,0,0,0,0,51090000,0,0,0,3358500000,0,0,0,0,6408075000,0,31440000,0,0,0,0,0,14544510000,2218320000,0,0,0,0,2057400000,2918295000,0,4548820000,0,20975255000,0,0,0,135570000,0,190605000,4168305000,0,0,1965000,931410000,77753280000,0,0,0,0,3193780000,3930000,214185000,0,0,2701800000,0,0,0,0,0,0
"SOM",0,0,0,0,0,0,0,0,0,0,0,0,0,0,0,0,0,0,0,0,0,0,0,0,0,0,0,0,0,0,0,0,0,0,0,0,0,0,0,0,0,0,0,0,0,0,0,0,0,0,0,0,0,0,0,0,0,0,0,0,0,0,0,0,0,0,0,0,0,0,0,0,0,0,0,0,0,0,0,0,0,0,0,0,0,0,0,0,0,0,0,0,0,0,0,0,0,0,0,0,0,0,0,0,0,0,0,0,0,0,0,0,0,0,0,0,0,0,0,0,0,0,0,0,0,0,0,0,0,0,0,0,0,0,0,0,0,0,0,0,0,0,0,0,0,0,0,0,0,0,0,0,0,0,0,0,0,0,0,0,0,0,0,0,0,0,0,0,0,0,0,0,0,0,0,0,0,0,0,0,0,0,0,0,0,0,0,0,0,0,0,0,0,0,0
"ZAF",0,0,0,0,0,0,147375000,0,0,0,0,3930000,0,0,0,0,0,0,0,0,0,0,0,0,0,58950000,0,0,0,0,13755000,0,0,88425000,78600000,0,0,0,72705000,0,3930000,5235000,0,0,0,0,440160000,0,1965000,0,0,0,0,224010000,0,0,0,0,0,3930000,0,483390000,0,27510000,0,0,0,0,0,0,0,0,0,0,0,43230000,53055000,0,0,23580000,0,0,3270000,0,0,3930000,0,0,82530000,0,0,0,90390000,0,0,80565000,0,0,0,0,0,186015000,1087720000,0,9825000,0,0,29475000,2515755000,0,0,0,7450475000,0,0,0,164280000,0,0,0,0,53055000,0,0,192570000,7860000,0,0,0,0,0,0,0,0,0,0,0,0,0,1239760000,0,0,0,0,0,0,0,11611185000,0,328155000,0,5895000,0,296715000,0,0,84495000,0,0,0,0,9825000,0,0,0,298020000,0,0,0,0,0,0,1965000,1271355000,90390000,0,367455000,0,131655000,0,0,0,0,0,1965000,0,325515000,5667705000,0,0,0,0,0,0,0
"ESP",3930000,3930000,9825000,9891910000,0,4690440000,803310000,1429995000,0,70080000,0,485355000,0,0,906330000,0,1083300000,0,0,0,0,3425835000,0,0,80565000,1140995000,29475000,0,5895000,0,4648980000,510720000,466005000,0,0,0,286095000,186675000,622155000,0,0,862950000,0,675330000,4140000,98250000,4272105000,146865000,334050000,542985000,0,0,903990000,108398545000,1965000,0,124320000,0,15720000,35827315000,95535000,0,0,12127050000,0,0,313650000,78600000,0,0,37845000,275745000,1317920000,616275000,1965000,84495000,301290000,311040000,41265000,1233270000,1736370000,43216190000,25545000,9930000,15720000,11365895000,571230000,0,0,0,0,2519840000,265835000,229840000,0,718875000,0,29475000,207900000,1119930000,1965000,0,0,70740000,11790000,0,216765000,88425000,0,2643780000,7860000,13913975000,0,386310000,0,0,11730065000,0,132960000,290400000,0,26760000,6525000,0,1965000,636840000,204360000,34035000,942165000,0,9825000,568905000,1072890000,6306615000,92990080000,3930000,0,0,1965000,0,2170515000,0,11264785000,0,0,0,0,742935000,670245000,13755000,269205000,498060000,1701090000,112005000,0,2366550000,0,0,0,0,2866350000,5522150000,879525000,0,44460000,0,11790000,51090000,0,0,0,1547385000,494880000,887265000,0,0,24900565000,3906450000,22358690000,0,675455000,528525000,820245000,16980000,0,0,7860000,0,26925495000,0,2757595000,0,0,0,0
"SUR",0,0,0,0,0,0,0,0,0,0,0,0,0,0,0,0,0,0,0,0,0,0,0,0,0,0,0,0,0,0,0,0,0,0,0,0,0,0,0,0,0,0,0,0,0,0,0,0,0,0,0,0,0,0,0,0,0,0,0,0,0,0,0,0,0,0,0,0,0,0,0,0,0,0,0,0,0,0,0,0,0,0,0,0,0,0,0,0,0,0,0,0,0,0,0,0,0,0,0,0,0,0,0,0,0,0,0,0,0,0,0,0,0,0,0,0,0,0,0,0,0,0,0,0,0,0,0,0,0,0,0,0,0,0,0,0,0,0,0,0,0,0,0,0,0,0,0,0,0,0,0,0,0,0,0,0,0,0,0,0,0,0,0,0,0,0,0,0,0,0,0,0,0,0,0,0,0,0,0,0,0,0,0,0,0,0,0,0,0,0,0,0,0,0,0
"TJK",0,0,0,0,0,0,0,0,0,0,0,0,0,0,0,0,0,0,0,0,0,0,0,0,0,0,0,0,0,0,0,0,0,0,0,0,0,0,0,0,0,0,0,0,0,0,0,0,0,0,0,0,0,0,0,0,0,0,0,0,0,0,0,0,0,0,0,0,0,0,0,0,0,0,0,0,0,0,0,0,0,0,0,0,0,0,0,0,0,0,0,0,0,0,0,0,0,0,0,0,0,0,0,0,0,0,0,0,0,0,0,0,0,0,0,0,0,0,0,0,0,0,0,0,0,0,0,0,0,0,0,0,0,0,0,0,0,0,0,0,0,0,0,0,0,0,0,0,0,0,0,0,0,0,0,0,0,0,0,0,0,0,0,0,0,0,0,0,0,0,0,0,0,0,0,0,0,0,0,0,0,0,0,0,0,0,0,0,0,0,0,0,0,0,0
"SWZ",0,0,0,0,0,0,0,0,0,0,0,0,0,0,0,0,0,0,0,0,0,0,0,0,0,0,0,0,0,0,0,0,0,0,0,0,0,0,0,0,0,0,0,0,0,0,0,0,0,0,0,0,0,0,0,0,0,0,0,0,0,0,0,0,0,0,0,0,0,0,0,0,0,0,0,0,0,0,0,0,0,0,0,0,0,0,0,0,0,0,0,0,0,0,0,0,0,0,0,0,0,0,0,0,0,0,0,0,0,0,0,0,0,0,0,0,0,0,0,0,0,0,0,0,0,0,0,0,0,0,0,0,0,0,0,0,0,0,0,0,0,0,0,0,0,0,0,0,0,0,0,0,0,0,0,0,0,0,0,0,0,0,0,0,0,0,0,0,0,0,0,0,0,0,0,0,0,0,0,0,0,0,0,0,0,0,0,0,0,0,0,0,0,0,0
"SWE",0,0,0,259380000,0,19650000,503040000,3749220000,0,0,0,212220000,0,0,0,0,37425000,0,0,0,0,224010000,0,0,0,1011975000,0,0,0,0,0,600915000,0,0,0,0,5895000,0,33405000,0,0,31035120000,0,0,51735000,0,0,0,0,1300830000,23580000,0,23644890000,21331320000,0,0,33405000,0,0,21558900000,0,0,0,406755000,0,0,0,0,0,0,0,111630000,817440000,241695000,909795000,0,353700000,0,0,178815000,23580000,980535000,0,5895000,0,579675000,0,0,0,0,25545000,0,591465000,1025730000,0,230535000,0,0,0,2623275000,0,0,0,43230000,0,0,1965000,0,0,0,0,0,0,0,7860000,0,20582715000,0,0,1965000,0,683820000,0,0,0,37887045000,0,0,738180000,0,0,1965000,0,1281360000,196500000,0,0,0,0,0,196500000,0,2142480000,0,0,0,0,438195000,0,0,0,123795000,725085000,139515000,0,0,2719560000,0,0,0,0,3320850000,0,0,691680000,0,23580000,0,0,0,0,0,247590000,80565000,0,0,13862700000,1965000,6560010000,0,0,0,0,27510000,0,0,0,0,3886500000,1019175000,0,5895000,0,0,0
"CHE",56985000,0,35370000,782070000,0,898650000,16523685000,11203725000,9825000,184050000,15720000,3930000,0,0,25545000,0,4730400000,0,11790000,0,106110000,1709550000,0,0,1965000,24322770000,0,0,361185000,0,764385000,1033395000,229905000,0,0,0,200430000,0,3.93e+08,76635000,0,2625240000,3930000,5895000,39300000,11790000,931410000,1965000,0,33405000,0,17685000,1939455000,46717380000,0,0,3930000,1965000,0,72854565000,0,0,0,0,0,0,33405000,0,7860000,1965000,17685000,4464375000,459810000,163095000,539715000,865890000,1059135000,153270000,273135000,190605000,3415170000,24807670000,1965000,157200000,24885000,3300660000,243660000,0,84495000,0,0,1049310000,1450485000,7860000,0,954990000,0,0,351735000,68775000,0,0,0,954990000,115935000,0,224010000,0,88425000,679890000,7860000,143445000,0,5895000,0,92355000,17718990000,0,0,351735000,0,538410000,0,0,0,1750815000,64845000,357630000,1017870000,0,184710000,117900000,6729090000,2843355000,2361270000,0,0,0,687750000,0,976605000,0,3646260000,0,0,0,0,2784840000,0,0,0,499110000,3033960000,3954690000,0,3505560000,10088310000,0,0,0,9952725000,0,233835000,0,1491190000,7860000,1561425000,0,0,39300000,224010000,280995000,3034355000,5275275000,13755000,0,51056205000,123795000,34421670000,0,1538595000,1965000,989055000,263310000,7860000,39300000,0,0,10791310000,406755000,858705000,0,0,0,0
"SYR",0,0,0,1161315000,0,0,0,0,0,47160000,0,0,0,0,0,0,0,0,0,0,0,0,0,0,0,0,0,0,0,0,0,0,0,0,0,0,0,0,0,0,0,0,0,0,0,0,78600000,0,0,0,0,0,0,27510000,0,0,0,0,0,0,0,0,0,0,0,0,0,0,0,0,0,0,0,0,0,0,0,0,4801665000,0,0,0,0,0,0,0,10132770000,0,0,0,0,0,3338535000,0,0,2008230000,0,0,782070000,0,0,0,0,0,0,0,0,0,0,0,0,0,0,0,0,0,0,0,0,0,0,0,0,0,0,0,0,0,0,0,0,0,0,0,0,0,0,0,119865000,0,0,0,0,0,0,0,0,5081490000,0,0,0,0,0,0,0,0,0,0,0,0,0,0,0,0,62880000,0,0,0,0,0,151305000,332085000,0,2692050000,0,0,0,0,0,0,0,0,117900000,0,0,1894260000,0,0,0,0,0,0,0,0,0
"TKM",0,0,0,0,0,0,0,0,0,0,0,0,0,0,0,0,0,0,0,0,0,0,0,0,0,0,0,0,0,0,0,0,0,0,0,0,0,0,0,0,0,0,0,0,0,0,0,0,0,0,0,0,0,0,0,0,0,0,0,0,0,0,0,0,0,0,0,0,0,0,0,0,0,0,0,0,0,0,0,0,0,0,0,0,0,0,0,0,0,0,0,0,0,0,0,0,0,0,0,0,0,0,0,0,0,0,0,0,0,0,0,0,0,0,0,0,0,0,0,0,0,0,0,0,0,0,0,0,0,0,0,0,0,0,0,0,0,0,0,0,0,0,0,0,0,0,0,0,0,0,0,0,0,0,0,0,0,0,0,0,0,0,0,0,0,0,0,0,0,0,0,0,0,0,0,0,0,0,0,0,0,0,0,0,0,0,0,0,0,0,0,0,0,0,0
"TWN",0,0,0,0,0,0,18330000,0,0,0,0,0,0,0,0,0,0,0,0,0,1965000,0,0,0,0,23580000,0,0,0,0,0,218385000,0,0,0,0,0,0,0,0,0,0,0,0,0,0,0,0,0,0,0,0,0,0,0,0,0,0,0,0,0,51090000,0,0,0,0,0,0,0,0,0,244950000,0,0,0,0,1965000,0,0,0,0,0,0,0,0,24885000,0,0,0,0,0,1965000,0,0,0,0,0,0,0,0,51090000,0,0,43230000,0,0,0,0,0,0,0,0,0,0,0,0,0,0,0,0,0,1965000,0,0,1965000,0,0,0,0,0,0,0,78600000,0,0,0,0,0,0,0,0,0,0,0,0,0,0,0,0,0,0,0,0,115935000,0,0,0,0,0,0,0,0,0,0,0,0,0,0,0,0,0,0,0,0,0,0,3930000,0,43230000,0,0,0,0,21615000,0,0,0,0,0,0,0,0,0,0,0
"TZA",0,0,0,4264200000,0,0,0,1965000,0,3930000,3930000,0,0,0,0,0,0,0,0,0,0,0,0,0,0,683100000,0,0,0,0,0,0,0,0,0,0,0,0,1965000,0,0,0,0,0,0,0,0,0,0,0,0,0,0,686505000,0,0,0,0,0,1711890000,0,0,0,211140000,0,0,0,0,0,0,0,0,0,0,0,432630000,0,0,0,0,0,622965000,0,0,0,0,0,0,0,0,0,0,0,0,0,0,0,0,0,0,0,0,0,726570000,0,0,0,0,0,0,0,0,0,0,0,0,6980040000,0,0,0,0,0,0,0,0,0,37260000,0,0,0,0,0,0,0,0,0,0,0,0,0,0,0,0,0,0,0,0,0,0,0,0,0,0,0,0,107430000,6528780000,0,0,0,0,9825000,0,0,0,0,1965000,0,0,0,0,0,0,243945000,0,0,1965000,0,656190000,0,0,0,0,0,0,0,0,0,12014280000,0,0,0,0,0,0
"THA",0,0,0,0,0,0,9936225000,0,0,387105000,0,66765000,0,0,0,0,0,0,0,0,180780000,0,2692110000,0,0,194535000,0,0,204900000,0,0,272760000,0,0,0,0,0,0,0,0,29475000,1965000,0,0,0,0,150090000,0,0,0,0,56985000,5895000,27651495000,0,0,0,0,0,296085000,0,0,1965000,0,0,0,164430000,0,0,0,0,148275000,200970000,0,0,426255000,19650000,382005000,0,0,66810000,0,0,0,0,5569245000,0,0,130500000,937230000,1965000,60915000,36540000,0,1368165000,0,0,0,0,254475000,0,0,0,12270330000,1965000,0,0,0,0,6655500000,0,0,107160000,0,0,0,851835000,0,0,0,17655000,1103040000,0,0,0,5895000,2297715000,0,0,17685000,0,0,41250000,0,0,0,0,0,0,0,0,0,65250000,0,0,0,0,153270000,19650000,1965000,0,0,0,374910000,0,5588670000,1305000,0,0,0,11790000,0,1234530000,0,1322670000,9825000,0,0,0,0,18270000,0,0,617625000,0,0,176850000,0,17685000,0,0,127890000,0,1855555000,0,0,0,0,0,0,0,0,0,0,0
"TGO",0,0,2558520000,113850000,0,0,0,0,0,0,0,0,0,0,0,0,0,0,0,0,0,0,0,0,49125000,0,0,0,0,0,0,320850000,0,0,33405000,0,0,0,0,0,0,0,0,0,0,0,0,0,15720000,776250000,0,0,0,16708410000,0,0,0,0,0,64919340000,0,24028560000,0,0,0,0,0,0,0,0,0,1184040000,0,0,0,0,0,0,0,0,0,0,0,0,0,0,0,0,0,0,0,0,0,0,0,0,0,0,0,0,0,0,0,1215090000,0,0,0,0,0,0,0,0,0,0,0,0,12923010000,0,0,0,0,0,0,0,1055790000,0,0,0,0,0,0,0,0,4038570000,0,0,0,0,0,0,0,0,0,0,0,0,0,0,0,0,0,0,0,0,0,0,614790000,0,0,0,0,0,0,0,0,0,0,0,0,0,0,0,0,0,0,0,10426590000,0,0,0,0,0,0,0,0,0,0,0,3634920000,0,0,0,0,0,0
"TON",0,0,0,0,0,0,0,0,0,0,0,0,0,0,0,0,0,0,0,0,0,0,0,0,0,0,0,0,0,0,0,0,0,0,0,0,0,0,0,0,0,0,0,0,0,0,0,0,0,0,0,0,0,0,0,0,0,0,0,0,0,0,0,0,0,0,0,0,0,0,0,0,0,0,0,0,0,0,0,0,0,0,0,0,0,0,0,0,0,0,0,0,0,0,0,0,0,0,0,0,0,0,0,0,0,0,0,0,0,0,0,0,0,0,0,0,0,0,0,0,0,0,0,0,0,0,0,0,0,0,0,0,0,0,0,0,0,0,0,0,0,0,0,0,0,0,0,0,0,0,0,0,0,0,0,0,0,0,0,0,0,0,0,0,0,0,0,0,0,0,0,0,0,0,0,0,0,0,0,0,0,0,0,0,0,0,0,0,0,0,0,0,0,0,0
"TTO",0,0,0,0,27510000,0,0,0,0,0,237765000,0,0,0,0,0,0,0,0,0,0,0,0,0,0,0,0,0,0,0,0,0,277065000,0,0,0,0,0,0,0,0,0,17685000,0,0,0,0,0,0,0,0,0,0,64170000,0,0,0,0,0,0,0,0,0,0,0,70740000,0,0,113970000,0,0,0,0,0,0,0,0,0,0,56985000,0,0,0,0,1074855000,80730000,0,0,0,0,0,0,0,0,0,0,0,0,0,0,0,0,0,0,0,0,0,0,0,0,0,0,0,0,0,0,51750000,0,0,0,0,0,0,0,0,0,0,0,0,0,0,0,0,0,0,0,0,0,0,0,0,0,0,7860000,141480000,70740000,0,0,0,0,0,0,0,0,0,0,0,80565000,0,0,0,0,0,0,290820000,0,0,0,0,0,0,0,0,0,0,0,0,0,105465000,0,0,0,0,0,0,0,0,0,666540000,0,0,0,0,0,0
"OMN",0,0,0,11790000,0,0,76635000,0,0,231870000,0,7860000,0,0,0,0,0,0,0,0,0,0,0,0,0,0,0,0,0,0,0,0,0,0,0,0,0,0,0,0,0,0,0,0,0,0,17685000,0,0,0,0,0,0,0,0,0,0,0,0,1965000,0,0,0,0,0,0,0,0,0,0,0,0,0,0,0,66810000,0,35370000,1147560000,0,0,0,0,0,0,0,927480000,0,0,0,0,0,353700000,0,0,104145000,0,0,0,0,0,0,0,0,0,0,0,0,0,0,0,9825000,0,0,0,0,0,0,0,0,0,0,0,0,0,0,1965000,0,0,0,0,0,0,0,0,0,0,0,701505000,0,0,0,0,0,0,0,0,2768685000,0,0,0,0,0,0,0,0,0,0,0,0,0,0,60915000,0,0,0,0,0,0,0,0,0,0,3513420000,0,0,5895000,0,0,0,0,0,0,0,0,78600000,0,0,0,0,0,0,0,0,0
"TUN",0,0,0,3164115000,0,0,0,0,0,58950000,0,0,0,0,0,0,0,0,0,0,0,0,0,0,25545000,0,0,0,0,0,0,0,0,0,0,0,0,0,0,0,0,0,0,0,0,0,184710000,0,0,360180000,0,0,0,145410000,0,0,0,0,0,1.041e+09,0,0,0,0,0,0,0,0,0,0,0,0,0,0,0,0,0,0,35370000,0,0,0,17685000,0,0,0,11790000,0,0,0,0,0,0,0,0,21615000,0,0,3475935000,0,0,0,0,41265000,0,0,0,39300000,0,0,0,2047530000,0,0,0,0,14355000,0,0,0,0,0,0,0,0,0,0,1210440000,0,0,0,0,0,0,0,0,0,0,0,0,0,0,0,0,0,0,0,15720000,0,0,0,0,0,0,0,0,0,0,0,0,0,0,0,0,0,0,0,0,0,0,0,0,0,143445000,0,0,0,0,0,0,0,0,0,0,13755000,143160000,0,0,0,0,0,0,0,0,0
"TUR",0,1585755000,9656475000,54895965000,0,106110000,257415000,180825000,0,1257600000,66810000,477495000,0,0,320295000,0,516795000,0,0,0,13755000,9861915000,3930000,0,487950000,1338165000,90390000,0,0,5895000,353700000,1845135000,475530000,0,854775000,0,473565000,0,3162255000,13622155000,823335000,43230000,1965000,1070925000,133620000,0,3548545000,3930000,29475000,76635000,0,3930000,1965000,508275000,13755000,475530000,7570725000,47160000,43230000,4674255000,4451745000,1072890000,0,4631965000,0,0,473565000,182745000,225975000,206325000,4690455000,414585000,1128555000,10649385000,0,2249925000,0,12745765000,116155155000,1965000,15094085000,1025070000,925515000,11738340000,194535000,49125000,6031890000,21864930000,178815000,33405000,0,591465000,3704025000,170955000,0,5476890000,0,141480000,20721570000,1662390000,0,64845000,0,165060000,7860000,194535000,86460000,901935000,123795000,716775000,962850000,6305025000,186675000,2042715000,1965000,49125000,1652640000,0,0,5695785000,0,39300000,0,163095000,4161870000,13755000,263310000,901935000,2167395000,0,0,0,241695000,410685000,1373535000,1965000,0,0,933375000,0,18345360000,13755000,10656335000,0,0,0,55020000,13564795000,670065000,0,43230000,49125000,1527075000,793860000,0,1108260000,241695000,90390000,19126515000,0,709365000,361860000,3918410000,13764795000,410685000,347805000,13755000,51090000,0,196500000,760455000,1917720000,0,12361815000,64845000,0,3838950000,3534270000,921055000,17685000,0,4139220000,949095000,180780000,425745000,12589755000,53055000,41250000,567390000,0,0,0,0,0,3328710000
"ARE",60915000,208290000,0,68700000,0,0,70740000,3930000,0,2992035000,0,123795000,0,0,0,0,1965000,0,27510000,0,15720000,0,27510000,0,60915000,15720000,0,0,53055000,0,35370000,51090000,0,47160000,13755000,0,0,0,0,29475000,11790000,0,0,0,0,0,1063065000,0,11790000,0,0,0,0,231870000,0,178710000,0,41265000,33405000,21615000,0,125760000,0,5895000,0,0,0,51090000,0,0,0,123795000,0,0,0,4321680000,29475000,901215000,935265000,0,0,3930000,68775000,3930000,0,60210000,7.86e+08,0,280995000,0,0,1965000,9502740000,0,0,461775000,0,310470000,573780000,0,0,23580000,0,385140000,108075000,0,11790000,0,25545000,0,0,3037890000,82530000,0,39300000,0,532515000,0,0,0,0,11790000,0,0,66810000,0,1465890000,0,0,17685000,0,33405000,70740000,0,0,0,0,0,4539150000,0,0,33405000,0,0,0,0,0,19034955000,210255000,349770000,33405000,0,0,516795000,542340000,2281365000,9825000,0,0,0,0,5895000,0,0,0,275100000,17685000,27510000,0,0,6170190000,11790000,3930000,0,3930000,0,186675000,0,137550000,0,0,0,0,25545000,1965000,4157940000,0,0,0,0,0,0,0,0,0
"UGA",0,0,0,0,0,0,0,0,0,0,0,0,0,0,0,0,0,0,0,0,0,235980000,0,0,0,0,0,0,0,0,0,1324800000,0,0,0,0,0,0,0,0,0,0,0,0,0,0,62880000,0,0,0,0,0,0,4035000,0,0,0,0,0,817650000,0,0,0,0,0,0,0,0,0,0,0,0,0,0,0,950130000,0,0,0,0,0,49680000,0,0,0,0,0,0,71475000,0,0,0,0,0,0,0,0,0,0,0,0,0,0,517500000,0,0,0,0,0,0,0,0,0,0,0,0,2730330000,0,0,0,0,0,0,0,0,0,0,0,0,0,0,0,0,149040000,0,0,0,0,0,0,0,0,0,0,0,0,0,2070000,0,0,0,0,0,6617790000,0,0,2529540000,0,0,0,0,10824315000,0,0,0,0,0,0,0,0,0,0,51750000,9825000,0,0,11492640000,0,3047040000,0,0,0,0,0,0,0,16350000,0,1854720000,0,0,0,0,0,0
"TUV",0,0,0,0,0,0,0,0,0,0,0,0,0,0,0,0,0,0,0,0,0,0,0,0,0,0,0,0,0,0,0,0,0,0,0,0,0,0,0,0,0,0,0,0,0,0,0,0,0,0,0,0,0,0,0,0,0,0,0,0,0,0,0,0,0,0,0,0,0,0,0,0,0,0,0,0,0,0,0,0,0,0,0,0,0,0,0,0,0,0,0,0,0,0,0,0,0,0,0,0,0,0,0,0,0,0,0,0,0,0,0,0,0,0,0,0,0,0,0,0,0,0,0,0,0,0,0,0,0,0,0,0,0,0,0,0,0,0,0,0,0,0,0,0,0,0,0,0,0,0,0,0,0,0,0,0,0,0,0,0,0,0,0,0,0,0,0,0,0,0,0,0,0,0,0,0,0,0,0,0,0,0,0,0,0,0,0,0,0,0,0,0,0,0,0
"GBR",0,170955000,0,0,70740000,43230000,9167490000,2703790000,294075000,701490000,351720000,76635000,0,0,88425000,0,182745000,0,41265000,0,20045000,94320000,0,0,0,26431890000,0,0,2.088e+09,0,385140000,328155000,39300000,0,0,0,79890000,0,2934750000,25545000,5895000,11116005000,7860000,0,0,0,2662785000,0,0,3930000,495135000,0,2166735000,68549855000,1965000,0,0,0,29475000,26233420000,5895000,227940000,0,5267805000,0,33405000,0,0,222045000,0,0,2858385000,422475000,900435000,1193880000,377880000,1965000,3930000,607185000,142265700000,377235000,6742845000,25545000,0,225975000,9926715000,1141440000,0,2589795000,0,0,1036280000,4817340000,19650000,0,1163595000,0,0,495180000,68625000,1965000,0,0,3294465000,1965000,0,2813355000,0,1965000,163050000,0,384570000,0,0,1305000,15720000,62068270000,0,0,0,0,1516980000,0,0,603075000,6810030000,261345000,7860000,3794100000,0,0,66810000,793860000,25137675000,1348780000,0,0,0,865830000,0,364470000,0,3417505000,5895000,54360000,21615000,0,6675915000,0,1965000,45195000,69855000,155235000,1447800000,0,2514795000,13638605000,100170000,0,0,10370985000,2948200000,1926890000,0,159165000,84495000,70740000,0,0,1134360000,299325000,96570000,2513035000,8403690000,7860000,0,0,19650000,42065945000,5895000,58950000,0,3930000,0,0,162435000,0,9825000,40827315000,9825000,0,0,0,0,598650000
"UKR",17003070000,503040000,0,0,0,0,13755000,0,0,0,0,0,0,0,0,0,0,0,0,0,0,139515000,0,0,0,288855000,0,0,0,0,0,3930000,0,0,0,0,0,0,0,39009165000,0,0,0,0,21653640000,0,0,0,0,2139225000,0,0,1713480000,0,0,0,38109660000,0,0,2046870000,0,0,0,147375000,0,0,0,0,0,0,0,0,0,47160000,0,0,0,0,0,0,2768685000,0,0,84072525000,0,0,0,24837600000,0,0,0,0,0,7846245000,0,0,0,0,0,8221560000,0,0,0,0,0,0,0,0,0,0,15873270000,0,0,24928320000,0,0,248310000,0,0,7860000,0,0,0,0,0,0,0,0,96285000,0,0,0,0,19650000,0,0,0,0,0,0,53055000,0,370327550000,0,0,0,0,0,0,0,0,0,74670000,0,0,0,49125000,0,18964215000,0,304575000,0,0,24440670000,0,0,3930000,0,0,0,0,0,0,0,0,0,56985000,0,1733130000,0,0,740805000,0,0,0,0,0,0,0,0,0,0,0,0,0
"USA",0,0,0,0,241695000,1684185000,11206575000,9825000,2054715000,630105000,1183020000,63990000,0,0,856740000,0,3603845000,0,605220000,0,82530000,0,0,0,0,727350910000,0,0,1029660000,0,6071130000,20274855000,15245760000,0,0,0,5644650000,0,5895000,0,0,1304340000,42855000,6105285000,0,2025960000,353265000,4556895000,27510000,0,0,23580000,1036875000,1401600000,485355000,0,23580000,0,0,4855145000,0,2610000,0,331335000,0,43230000,4766310000,11790000,31425000,218115000,2982750000,13389930000,5895000,0,752595000,678255000,886800000,0,0,98250000,3872295000,501075000,0,0,2583960000,30798465000,1278555000,0,39300000,94320000,0,37185195000,1795440000,43230000,0,440160000,0,0,53055000,0,336015000,0,0,4746015000,1965000,0,0,0,0,261345265000,3930000,7860000,0,0,15720000,53055000,8760510000,0,0,0,0,1651050000,1368630000,0,55020000,401070000,235800000,11391420000,0,0,66810000,11054640000,26474205000,39300000,280995000,0,0,0,1026345000,0,24795000,0,8028245000,66810000,233570000,127725000,0,8101665000,0,9825000,1965000,55020000,23580000,16695450000,0,2144805000,1306725000,428370000,0,0,113970000,269205000,5895000,0,18486840000,0,3622185000,0,19650000,4077250000,252825000,0,198465000,13153485000,0,0,8484850000,159270000,0,3930000,375315000,0,6993435000,1260210000,0,23580000,1965000,0,1817685000,0,251520000,0,0,0,0
"BFA",0,0,0,0,0,0,0,0,0,0,0,0,0,0,0,0,0,0,0,0,0,0,0,0,0,0,0,0,0,0,0,0,0,0,0,0,0,0,0,0,0,0,0,0,0,0,0,0,0,0,0,0,0,0,0,0,0,0,0,0,0,0,0,0,0,0,0,0,0,0,0,0,0,0,0,0,0,0,0,0,0,0,0,0,0,0,0,0,0,0,0,0,0,0,0,0,0,0,0,0,0,0,0,0,0,0,0,0,0,0,0,0,0,0,0,0,0,0,0,0,0,0,0,0,0,0,0,0,0,0,0,0,0,0,0,0,0,0,0,0,0,0,0,0,0,0,0,0,0,0,0,0,0,0,0,0,0,0,0,0,0,0,0,0,0,0,0,0,0,0,0,0,0,0,0,0,0,0,0,0,0,0,0,0,0,0,0,0,0,0,0,0,0,0,0
"URY",0,0,0,0,0,486720000,0,0,0,0,0,0,0,0,0,0,4628250000,0,0,0,0,0,0,0,296715000,157200000,0,0,0,0,483390000,7860000,0,0,21615000,0,0,0,0,0,0,0,0,0,0,0,0,0,0,0,0,0,0,19650000,0,0,0,39300000,92355000,0,0,86460000,0,0,0,0,0,320295000,0,0,0,0,0,0,0,0,0,0,0,0,0,0,0,0,0,0,0,0,0,0,0,0,0,0,0,0,0,139515000,0,0,0,86460000,0,0,0,0,0,0,0,0,0,0,0,0,0,0,0,0,0,0,0,0,15720000,0,0,0,0,110040000,0,0,349770000,84495000,0,0,0,43230000,0,0,0,0,0,0,0,0,0,0,0,0,21615000,0,19650000,0,0,0,0,0,1965000,0,0,0,0,0,0,0,0,0,0,322260000,0,0,0,0,0,0,0,0,0,0,1959105000,98250000,0,0,0,0,0,0,0,0,0,0,0,0,0,0,0
"UZB",0,0,0,0,0,0,0,0,0,0,0,0,0,0,0,0,0,0,0,0,0,0,0,0,0,0,0,0,0,0,0,0,0,0,0,0,0,0,0,0,0,0,0,0,0,0,0,0,0,0,0,0,0,0,0,0,0,0,0,0,0,0,0,0,0,0,0,0,0,0,0,0,0,0,0,0,0,0,0,0,0,0,0,0,0,0,0,0,0,0,0,0,0,0,0,0,0,0,0,0,0,0,0,0,0,0,0,0,0,0,0,0,0,0,0,0,0,0,0,0,0,0,0,0,0,0,0,0,0,0,0,0,0,0,0,0,0,0,0,0,0,0,0,0,0,0,0,0,0,0,0,0,0,0,0,0,0,0,0,0,0,0,0,0,0,0,0,0,0,0,0,0,0,0,0,0,0,0,0,0,0,0,0,0,0,0,0,0,0,0,0,0,0,0,0
"VEN",0,0,0,0,0,24840000,0,0,0,0,0,0,0,0,0,0,0,0,0,0,0,0,0,0,0,0,0,0,0,0,5895000,0,3395295000,0,0,0,0,0,0,0,0,0,0,0,0,0,0,0,0,0,0,0,0,908900000,0,0,0,0,0,1151820000,0,0,0,0,0,0,0,0,0,0,0,0,0,0,0,0,0,0,0,0,0,167670000,0,0,0,7592760000,0,0,0,0,0,0,0,0,0,0,0,0,0,0,0,0,0,0,0,0,0,0,0,0,0,0,0,0,0,0,2557065000,0,0,0,0,0,0,0,0,0,0,0,0,0,0,0,0,0,0,0,0,0,0,0,0,0,0,0,0,0,0,0,0,0,0,0,0,0,0,0,150060000,0,0,0,0,0,0,0,0,0,0,0,0,7860000,0,0,0,0,0,0,76590000,0,2222775000,0,0,0,0,0,0,0,0,0,4140000,0,0,0,0,0,0
"VNM",0,0,0,0,0,0,0,0,0,0,0,0,0,0,0,0,0,0,0,0,0,0,0,0,0,0,0,0,0,0,0,0,0,0,0,0,0,0,0,0,0,0,0,0,0,0,0,0,0,0,0,0,0,0,0,0,0,0,0,0,0,0,0,0,0,0,0,0,0,0,0,0,0,0,0,0,0,0,0,0,0,0,0,0,0,0,0,0,0,0,0,0,0,0,0,0,0,0,0,0,0,0,0,0,0,0,0,0,0,0,0,0,0,0,0,0,0,0,0,0,0,0,0,0,0,0,0,0,0,0,0,0,0,0,0,0,0,0,0,0,0,0,0,0,0,0,0,0,0,0,0,0,0,0,0,0,0,0,0,0,0,0,0,0,0,0,0,0,0,0,0,0,0,0,0,0,0,0,0,0,0,0,0,0,0,0,0,0,0,0,0,0,0,0,0
"ETH",0,0,0,0,0,0,0,0,0,0,0,0,0,0,0,0,0,0,0,0,0,0,0,0,0,0,0,0,0,0,0,0,0,0,0,0,0,0,0,0,0,0,0,0,0,0,0,0,0,0,0,0,0,0,0,0,0,0,0,0,0,0,0,0,0,0,0,0,0,0,0,0,0,0,0,0,0,0,0,0,0,0,0,0,0,0,0,0,0,0,0,0,0,0,0,0,0,0,0,0,0,0,0,0,0,0,0,0,0,0,0,0,0,0,0,0,0,0,0,0,0,0,0,0,0,0,0,0,0,0,0,0,0,0,0,0,0,0,0,0,0,0,0,0,0,0,0,0,0,0,0,0,0,0,0,0,0,0,0,0,0,0,0,0,0,0,0,0,0,0,0,0,0,0,0,0,0,0,0,0,0,0,0,0,0,0,0,0,0,0,0,0,0,0,0
"YEM",0,0,0,0,0,0,0,0,0,0,0,0,0,0,0,0,0,0,0,0,0,0,0,0,0,0,0,0,0,0,0,0,0,0,0,0,0,0,0,0,0,0,0,0,0,0,0,0,0,0,0,0,0,0,0,13755000,0,0,0,0,0,0,0,0,0,0,0,0,0,0,0,0,0,0,0,0,0,0,0,0,0,0,0,0,0,0,0,0,51090000,0,0,0,0,0,0,0,0,0,0,0,0,0,0,21615000,0,0,0,0,0,0,0,0,1965000,0,0,0,0,0,0,0,0,0,0,0,0,0,0,0,0,0,0,0,0,0,0,0,0,0,0,0,0,0,0,0,0,0,0,37335000,0,0,0,0,0,0,9930000,320295000,0,0,0,0,0,0,0,0,0,0,0,0,0,0,33405000,0,0,0,0,0,5895000,0,0,0,0,0,0,0,0,0,0,0,0,0,0,0,0,0,0
"COD",0,0,0,0,0,0,0,0,0,0,0,0,0,0,0,0,0,0,0,0,0,0,0,0,0,0,0,0,0,0,0,0,0,0,0,0,0,0,0,0,0,0,0,0,0,0,0,0,0,0,0,0,0,0,0,0,0,0,0,0,0,0,0,0,0,0,0,0,0,0,0,0,0,0,0,0,0,0,0,0,0,0,0,0,0,0,0,0,0,0,0,0,0,0,0,0,0,0,0,0,0,0,0,0,0,0,0,0,0,0,0,0,0,0,0,0,0,0,0,0,0,0,0,0,0,0,0,0,0,0,0,0,0,0,0,0,0,0,0,0,0,0,0,0,0,0,0,0,0,0,0,0,0,0,0,0,0,0,0,0,0,0,0,0,0,0,0,0,0,0,0,0,0,0,0,0,0,0,0,0,0,0,0,0,0,0,0,0,0,0,0,0,0,0,0
"ZMB",0,0,0,0,0,0,0,0,0,0,0,0,0,0,0,60915000,0,0,0,0,0,0,0,0,0,0,0,0,0,0,0,0,0,0,0,0,0,0,0,0,0,0,0,0,0,0,0,0,0,0,0,0,0,0,0,0,0,0,0,0,0,0,0,0,0,0,0,0,0,0,0,0,0,0,0,0,0,0,0,0,0,0,0,0,0,0,0,0,0,0,0,0,0,0,0,0,0,0,0,0,0,0,66810000,0,0,0,0,0,0,0,0,0,0,0,0,0,0,0,0,0,0,0,0,0,0,0,0,0,0,0,0,0,0,0,0,0,0,0,0,196500000,0,0,0,0,0,0,0,0,0,0,0,0,0,0,0,650415000,0,0,0,3930000,0,0,0,0,0,0,0,0,0,0,0,0,0,0,0,0,0,0,0,0,0,0,0,0,0,0,20925000,0,0,0,0,0,0,0,0
"BEL",94320000,1965000,19650000,730230000,0,168990000,16592350000,22946115000,5895000,419175000,9825000,1965000,0,0,0,0,2649165000,0,0,0,0,421815000,0,23580000,9825000,26680640000,23580000,0,19650000,37335000,1984650000,3875745000,55020000,13080000,0,0,88425000,15720000,819015000,273135000,1965000,30556980000,0,113970000,123795000,581640000,447410000,0,9825000,1027155000,1965000,7860000,3754065000,554252370000,19650000,0,556095000,1965000,9825000,458913175000,396990000,25545000,0,20012080000,0,0,5895000,9825000,1965000,0,1965000,2649240000,6895580000,1700385000,870250000,408585000,278380000,288810000,0,9064850000,4502595000,97589870000,3930000,318330000,5895000,21845260000,695610000,9825000,115935000,0,0,7734590000,1717410000,560970000,0,4958515000,0,0,668100000,4646060000,121140000,3555000,0,1262385000,215115000,13755000,314010000,11790000,267240000,1039485000,461775000,1600515000,0,7860000,0,7860000,404799840000,0,242910000,43230000,0,2357340000,11790000,0,21615000,11080505000,9825000,15030000,10064740000,0,27510000,188265000,736875000,15789460000,12325125000,0,0,15720000,445665000,7860000,2774670000,35370000,8848065000,0,9825000,0,0,2519740000,222045000,14150000,0,2025915000,2921610000,2479355000,0,2517270000,61835835000,78600000,0,0,37193160000,10351830000,113595000,0,1329695000,7860000,964940000,3930000,0,28785000,104145000,391020000,4246275000,3944220000,0,0,209171295000,878490000,52168205000,0,182765000,0,25545000,308505000,58935000,21615000,729015000,0,0,15714460000,1404525000,33405000,0,0,0
"LUX",0,0,0,0,0,0,0,0,0,0,0,0,0,0,0,0,0,0,0,0,0,0,0,0,0,0,0,0,0,0,0,0,0,0,0,0,0,0,0,11790000,0,0,0,0,0,0,0,0,0,0,0,0,0,1071705000,3930000,0,0,0,0,184710000,0,0,0,23580000,0,0,0,0,0,0,0,0,0,0,9825000,0,0,0,0,9825000,1965000,11790000,0,0,0,17685000,0,0,0,0,0,0,0,0,0,0,0,0,0,0,0,0,0,0,0,0,0,0,0,0,0,6540000,0,0,0,0,17685000,0,1965000,0,0,0,0,0,1965000,53055000,0,0,0,0,0,0,0,5895000,0,0,0,0,0,0,0,0,0,0,0,0,0,0,0,0,0,0,0,0,0,0,11790000,0,0,0,0,13755000,0,0,0,0,0,0,0,0,0,0,0,3930000,0,0,11790000,0,0,0,0,0,0,0,0,0,0,0,335325000,0,0,0,0,0,0
"SRB",0,0,231855000,0,0,0,161130000,108075000,0,0,0,0,0,0,0,0,0,0,0,0,0,320070000,0,0,0,110040000,0,0,0,0,0,0,0,15720000,0,0,0,0,9825000,0,0,0,0,0,0,0,0,0,0,0,0,0,0,88425000,0,0,0,0,0,574605000,31712035000,0,251520000,60915000,0,0,0,0,0,0,0,0,711330000,4509150000,0,0,0,1965000,9825000,0,0,11790000,0,0,0,0,0,0,0,0,0,0,0,0,0,0,0,0,0,0,0,0,0,0,0,0,0,0,0,0,0,0,0,0,0,0,377280000,0,0,28671895000,0,0,0,0,0,0,0,0,123795000,0,0,0,0,45195000,0,0,0,0,0,0,361560000,0,9825000,0,0,0,0,0,0,0,0,1710165000,3.93e+08,0,0,0,0,0,0,9825000,222045000,296715000,0,0,0,0,0,0,0,0,0,0,17685000,0,0,0,15720000,1965000,860670000,0,0,0,0,0,0,0,0,0,0,0,0,0,0,0,0
"MNE",0,0,0,0,0,0,0,0,0,0,0,0,0,0,0,0,0,0,0,0,0,0,0,0,0,0,0,0,0,0,0,0,0,0,0,0,0,0,0,0,0,0,0,0,0,0,0,0,0,0,0,0,0,0,0,0,0,0,0,0,31440000,0,0,0,0,0,0,0,0,0,0,0,0,7860000,0,0,0,0,0,0,0,0,0,0,0,0,0,0,0,0,0,0,0,0,0,0,0,0,0,0,0,0,0,0,0,0,0,0,0,0,0,0,0,0,0,0,0,0,0,0,0,0,0,0,0,0,0,0,0,0,0,0,0,0,0,0,0,0,0,0,0,0,0,0,0,0,0,0,0,0,0,0,0,0,0,0,0,0,0,0,0,0,0,0,0,0,0,0,0,0,0,0,0,0,0,0,0,0,0,0,0,0,0,0,0,0,0,0,0,1965000,33405000,0,0,0,0
"SDN",0,0,0,0,0,0,0,0,0,0,0,0,0,0,0,0,0,0,0,0,0,0,0,0,0,0,0,0,0,0,0,0,0,0,0,0,0,0,0,0,0,0,0,0,0,0,0,0,0,0,0,0,0,0,0,0,0,0,0,0,0,0,0,0,0,0,0,0,0,0,0,0,0,0,0,0,0,0,0,0,0,0,0,0,0,0,0,0,0,0,0,0,0,0,0,0,0,0,0,0,0,0,0,0,0,0,0,0,0,0,0,0,0,0,0,0,0,0,0,0,0,0,0,0,0,0,0,0,0,0,0,0,0,0,0,0,0,0,0,0,0,0,0,0,0,0,0,0,0,0,0,0,0,0,0,0,0,0,0,0,0,0,0,0,0,0,0,0,0,0,0,0,0,0,0,0,0,0,0,0,0,0,0,0,0,0,0,0,0,0,0,0,0,0,0
"SSD",0,0,0,0,0,0,0,0,0,0,0,0,0,0,0,0,0,0,0,0,0,0,0,0,0,0,0,0,0,0,0,0,0,0,0,0,0,0,0,0,0,0,0,0,0,0,0,0,0,0,0,0,0,0,0,0,0,0,0,0,0,0,0,0,0,0,0,0,0,0,0,0,0,0,0,0,0,0,0,0,0,0,0,0,0,0,0,0,0,0,0,0,0,0,0,0,0,0,0,0,0,0,0,0,0,0,0,0,0,0,0,0,0,0,0,0,0,0,0,0,0,0,0,0,0,0,0,0,0,0,0,0,0,0,0,0,0,0,0,0,0,0,0,0,0,0,0,0,0,0,0,0,0,0,0,0,0,0,0,0,0,0,0,0,0,0,0,0,0,0,0,0,0,0,0,0,0,0,0,0,0,0,0,0,0,0,0,0,0,0,0,0,0,0,0
"PSE",0,0,0,0,0,0,0,0,0,0,0,0,0,0,0,0,0,0,0,0,0,0,0,0,0,0,0,0,0,0,0,0,0,0,0,0,0,0,0,0,0,0,0,0,0,0,0,0,0,0,0,0,0,0,0,0,0,0,0,0,0,0,0,0,0,0,0,0,0,0,0,0,0,0,0,0,0,0,0,0,0,0,0,0,0,0,0,0,0,0,0,0,0,0,0,0,0,0,0,0,0,0,0,0,0,0,0,0,0,0,0,0,0,0,0,0,0,0,0,0,0,0,0,0,0,0,0,0,0,0,0,0,0,0,0,0,0,0,0,0,0,0,0,0,0,0,0,0,0,0,0,0,0,0,0,0,0,0,0,0,0,0,0,0,0,0,0,0,0,0,0,0,0,0,0,0,0,0,0,0,0,0,0,0,0,0,0,0,0,0,0,0,0,0,0
