"","ARM","AFG","ALB","DZA","ATG","ARG","AUS","AUT","BHS","BHR","BRB","BGD","BMU","BTN","BOL","BWA","BRA","ARB","BLZ","SLB","BRN","BGR","MMR","BDI","CMR","CAN","CPV","CAF","LKA","TCD","CHL","CHN","COL","COM","COG","COK","CRI","CUB","CYP","AZE","BEN","DNK","DMA","DOM","BLR","ECU","EGY","SLV","GNQ","EST","FRO","FJI","FIN","FRA","PYF","DJI","GEO","GAB","GMB","DEU","BIH","GHA","KIR","GRC","GRL","GRD","GTM","GIN","GUY","HTI","HND","HKG","HUN","HRV","ISL","IND","IDN","IRN","IRQ","IRL","ISR","ITA","CIV","KAZ","JAM","JPN","JOR","KGZ","KEN","KHM","PRK","KOR","KWT","LVA","LAO","LBN","LSO","LBR","LBY","LTU","MAC","MDG","MWI","MYS","MDV","MLI","MLT","MRT","MUS","MEX","MNG","MAR","MOZ","MDA","NAM","NPL","NLD","ANT","NCL","MKD","VUT","NZL","NIC","NER","NGA","NOR","PAK","PAN","CZE","PNG","PRY","PER","PHL","POL","PRT","GNB","TLS","ERI","QAT","ZWE","ROU","RWA","RUS","KNA","LCA","VCT","STP","SAU","SEN","SYC","SLE","SVN","SVK","SGP","SOM","ZAF","ESP","SUR","TJK","SWZ","SWE","CHE","SYR","TKM","TWN","TZA","THA","TGO","TON","TTO","OMN","TUN","TUR","ARE","UGA","TUV","GBR","UKR","USA","BFA","URY","UZB","VEN","VNM","ETH","YEM","COD","ZMB","BEL","LUX","SRB","MNE","SDN","SSD","PSE"
"ARM",0,0,0,0,0,0,0,0,0,0,0,0,0,0,0,0,0,0,0,0,0,0,0,0,0,3930000,0,0,0,0,0,122026500,0,0,0,0,0,0,0,0,0,0,0,0,369773700,0,0,0,0,99003600,0,0,0,11988600,0,0,2952844800,0,0,64056000,0,0,0,0,0,0,0,0,0,0,0,2122200,0,0,0,0,0,410920800,0,0,119393400,550200,0,211709100,0,80958000,0,0,0,0,0,23619300,0,413121600,0,1061100,0,0,0,235800,0,0,0,0,0,0,0,0,0,0,37413600,0,0,186635700,0,0,0,0,0,0,0,0,0,0,0,0,0,0,0,0,0,0,0,196500,0,0,0,0,0,0,8017200,0,25581143100,0,0,0,0,39300,0,0,0,0,0,0,0,0,18353100,0,0,0,0,78600,0,114677400,0,0,0,0,0,0,0,0,0,11397000,0,0,117900,2137762800,50672400,0,0,76124100,0,540768000,0,0,0,0,0,0,4205100,0,0,0,20553900
"AFG",0,0,0,0,0,0,0,0,0,0,0,0,0,0,0,0,0,0,0,0,0,0,0,0,0,550200,0,0,0,0,0,0,0,0,0,0,0,0,0,0,0,0,0,0,0,0,0,0,0,0,0,0,0,0,0,0,0,0,0,0,0,0,0,0,0,0,0,0,0,0,0,0,0,0,0,0,0,0,0,0,0,0,0,0,0,0,0,0,0,0,0,0,0,0,0,0,0,0,0,0,0,0,0,0,0,0,0,0,0,0,0,0,0,0,0,0,0,0,0,0,0,0,0,0,0,0,0,0,0,0,0,0,0,0,0,0,0,0,0,0,0,0,0,0,0,0,0,0,0,0,0,0,0,0,0,0,0,0,0,0,0,0,0,0,0,0,0,0,0,0,0,0,0,0,0,0,0,0,0,0,0,0,0,0,0,0,0,0,0,0,0,0,0,0,0
"ALB",0,0,0,0,0,0,0,0,0,0,0,0,0,0,0,0,0,0,0,0,0,0,0,0,0,0,0,0,0,0,0,0,0,0,0,0,0,0,0,0,0,0,0,0,0,0,0,0,0,0,0,0,0,0,0,0,0,0,0,0,0,0,0,0,0,0,0,0,0,0,0,0,0,0,0,0,0,0,0,0,0,0,0,0,0,0,0,0,0,0,0,0,0,0,0,0,0,0,0,0,0,0,0,0,0,0,0,0,0,0,0,0,0,0,0,0,0,0,0,29553600,0,0,0,0,0,0,0,0,0,0,0,0,0,0,0,0,0,0,0,0,0,0,0,0,0,0,0,0,0,0,0,0,0,0,0,0,0,0,0,0,0,0,0,0,0,0,0,0,0,0,0,0,0,0,0,0,0,0,0,0,0,0,0,0,0,0,0,0,0,0,19650000,0,0,0,0
"DZA",0,0,0,0,0,0,0,0,0,16938300,0,0,0,0,0,0,0,0,0,0,0,2559600000,0,0,0,138979800,0,0,0,0,0,0,0,0,0,0,0,0,0,0,0,0,0,0,0,0,0,0,0,355500,0,0,0,17056200,0,0,0,0,0,14525200200,0,0,0,0,0,0,0,0,0,0,0,0,0,0,0,0,0,0,0,0,0,110118600,39300,0,0,0,2317560300,0,37728000,0,0,0,0,0,0,324558900,0,0,747210900,0,0,0,0,0,0,746700,0,0,0,0,0,709247100,0,0,0,0,1683563600,0,0,0,0,0,0,1296900,0,0,0,0,0,0,0,0,0,0,0,0,0,0,0,0,0,0,1015450200,0,0,0,0,0,0,0,0,0,0,26095200,0,0,393000,0,0,0,0,0,0,0,0,0,0,0,0,0,0,167378700,2559600000,24208800,0,0,6566156100,0,0,0,0,0,0,0,3694200,166553400,0,0,0,39300,0,0,0,0,0
"ATG",0,0,0,0,0,0,0,0,0,0,0,0,0,0,0,0,0,0,0,0,0,0,0,0,0,0,0,0,0,0,0,0,0,0,0,0,0,0,0,0,0,0,0,0,0,0,0,0,0,0,0,0,0,0,0,0,0,0,0,0,0,0,0,0,0,0,0,0,0,0,0,0,0,0,0,0,0,0,0,0,0,0,0,0,0,0,0,0,0,0,0,0,0,0,0,0,0,0,0,0,0,0,0,0,0,0,0,0,0,0,0,0,0,0,0,0,0,0,0,0,0,0,0,0,0,0,0,0,0,0,0,0,0,0,0,0,0,0,0,0,0,0,0,0,0,0,0,0,0,0,0,0,0,0,0,0,0,0,0,0,0,0,0,0,0,0,0,0,0,0,0,0,0,0,0,0,0,0,22990500,0,0,0,0,0,0,0,0,0,0,0,0,0,0,0,0
"ARG",0,0,0,0,0,0,1520517000,0,0,0,0,0,0,0,8191574100,0,24895410300,0,0,0,0,0,0,0,0,1700982600,0,0,0,0,12150734700,0,1533014400,0,0,0,0,549728400,0,0,0,0,0,0,0,0,0,0,0,0,0,0,0,0,0,0,0,0,0,0,0,0,0,0,0,0,0,0,0,0,0,0,0,0,0,0,0,0,0,0,1835545800,0,0,0,0,0,0,0,0,0,0,0,0,0,0,0,0,0,0,0,0,0,0,0,0,0,0,0,0,0,0,0,0,0,0,0,0,0,0,0,0,0,0,0,0,0,0,0,0,0,8724364200,777314700,0,0,0,0,0,0,0,0,0,0,0,0,0,0,0,0,0,0,0,0,0,0,0,0,460517400,0,0,0,0,0,0,0,0,0,0,0,0,0,0,0,0,0,0,0,0,0,2307381600,0,15075951600,0,0,0,0,0,0,0,0,0,0,0,0,0,0
"AUS",0,0,0,0,48771300,2043600,0,0,0,91018800,0,18667200,0,0,0,0,0,0,0,60980400,380895600,0,224324400,0,0,948907200,0,0,3353100,0,9432000,6464142300,0,0,0,18353100,0,0,0,0,0,0,0,0,0,0,386712000,0,0,0,0,2683802400,0,314400,587338500,0,34466100,0,0,28860900,0,39300,3537000,196500,0,0,0,0,0,0,0,14353036200,0,0,0,82409100,10189543200,0,0,1100400,57731700,1296900,0,0,471600,65646593100,75966900,0,78600,25977300,0,2319210900,67242300,0,0,34073100,0,0,0,0,0,0,0,43909375500,22767600,0,0,0,3104700,0,1487700,73412400,0,0,0,0,170737200,0,824221200,0,155945100,158619616800,0,0,0,510900,13742265600,0,0,3013671300,0,0,20247360000,0,0,0,31086300,0,3235500,0,47356500,0,2947500,0,0,0,0,1224244200,0,0,0,0,0,15999676800,0,86387700,0,0,0,0,11082600,3458400,0,0,1180139700,0,10024749300,0,0,0,9942900,0,43544400,1327239600,0,864600,1554417800,0,1368886800,0,0,0,0,1309449000,0,0,0,0,20907600,0,0,0,0,0,0
"AUT",14108700,0,80211300,39300,0,600909300,1047148500,0,39300,1729200,0,0,0,0,0,0,4283110500,0,0,0,0,11950177800,0,0,5187600,838386900,0,0,0,0,382585500,1221483300,0,0,4558800,0,0,39300,177786300,15248400,0,762789800,0,0,180858600,0,117900,0,0,204207000,0,0,1525959000,28271082600,0,0,60416700,0,0,279845622300,1028231700,39300,0,7313234100,0,0,0,0,0,0,0,6583200,34819123800,58645885900,144231000,157200,314400,178422000,37610100,460432800,2043089100,28638798200,0,7427700,0,1755727500,1021800,23894400,39300,0,0,63351600,107603400,41736600,0,39300,0,0,423496800,5199272100,0,0,0,7545600,3144000,0,108829500,0,0,21457800,0,11318400,0,102376500,39300,0,12661382400,0,0,414214500,0,64412700,0,0,2436600,3546366000,196500,0,62378435700,0,91765500,0,0,61867290900,5458293000,0,0,0,9903600,0,23431370200,0,20552445900,0,0,0,0,110747400,21261300,0,0,17045713800,23289350600,5384100,0,641179500,52714764500,0,0,0,16285436500,12893927200,78600,15720000,9117600,0,1689900,0,0,0,2829600,1179000,742284900,53369400,0,0,16886915800,11407375200,18421599900,0,199590600,4991100,0,157200,0,432300,235800,0,17686112700,154289100,2650129800,338373000,0,0,0
"BHS",0,0,0,0,0,0,0,0,0,0,0,0,0,0,0,0,0,0,0,0,0,0,0,0,0,0,0,0,0,0,0,0,0,0,0,0,0,0,0,0,0,0,0,0,0,0,0,0,0,0,0,0,0,0,0,0,0,0,0,0,0,0,0,0,0,0,0,0,0,0,0,0,0,0,0,0,0,0,0,0,0,0,0,0,196500,0,0,0,0,0,0,0,0,0,0,0,0,0,0,0,0,0,0,0,0,0,0,0,0,0,0,0,0,0,0,0,0,0,0,0,0,0,0,0,0,0,0,0,0,0,0,0,0,0,0,0,0,0,0,0,0,0,0,0,0,0,0,0,0,0,0,0,0,0,0,0,0,0,0,0,0,0,0,0,0,0,0,0,0,0,0,0,0,0,0,0,0,0,39300,0,0,0,0,0,0,0,0,0,0,0,0,0,0,0,0
"BHR",0,0,0,0,0,0,0,0,0,0,0,0,0,0,0,0,0,0,0,0,0,0,0,0,0,0,0,0,0,0,0,0,0,0,0,0,0,0,0,0,0,0,0,0,0,0,0,0,0,0,0,0,0,0,0,0,0,0,0,0,0,0,0,0,0,0,0,0,0,0,0,0,0,0,0,0,0,0,628800,0,0,0,0,0,0,0,0,0,0,0,0,0,39693000,0,0,0,0,1021800,0,0,0,0,0,0,0,0,0,0,0,0,0,0,0,0,0,0,0,0,0,0,0,0,0,0,0,78600,0,235800,0,0,0,0,0,0,39300,0,0,0,0,0,0,0,0,0,0,0,0,3368135100,0,0,0,0,0,78600,0,0,0,0,0,0,0,0,0,0,0,0,1965000,0,0,0,24799800,0,0,247786500,0,0,825300,0,31581000,0,0,0,0,0,0,0,0,0,0,0,0,0,0,0,0
"BRB",0,0,0,0,355500,0,0,0,0,0,0,0,0,0,0,0,0,0,0,0,0,0,0,0,0,39300,0,0,0,0,0,0,0,0,0,0,0,0,0,0,0,0,71100,0,0,0,0,0,0,0,0,0,0,39300,0,0,0,0,0,0,0,0,0,0,0,0,0,0,0,0,0,0,0,0,0,0,0,0,0,0,0,196500,0,0,0,0,0,0,0,0,0,0,0,0,0,0,0,0,0,0,0,0,0,0,0,0,0,0,0,0,0,0,0,0,0,0,0,0,0,0,0,0,0,0,0,0,0,0,0,0,0,0,0,0,0,0,0,0,0,0,0,0,0,142200,0,786000,0,0,0,0,0,0,0,0,0,0,0,0,0,0,0,0,0,0,0,0,0,0,0,6759600,0,0,0,0,0,0,78600,0,327840600,0,0,0,0,0,0,0,0,0,353700,0,0,0,0,0,0
"BGD",0,0,0,0,0,0,1463217600,0,0,38671200,0,0,0,0,989495400,0,0,0,0,0,2711700,0,17274900,0,0,1375500,5305500,0,0,0,0,46177500,0,47160000,0,0,3183300,0,0,0,0,0,0,0,0,0,0,0,0,0,0,119904300,0,0,0,0,0,0,0,1179000,0,37492200,0,0,0,0,0,0,0,0,0,0,0,0,0,2924234400,67713900,0,0,0,0,5619900,0,0,0,0,0,0,0,11004000,0,0,746700,0,0,0,0,0,0,0,0,50893500,0,0,59185800,0,0,0,142030200,0,6720300,196500,0,0,0,2545578900,78875100,0,0,0,0,15209100,0,28296000,0,550200,120768900,7074000,0,0,0,0,13919313300,0,0,0,0,0,0,0,0,0,0,0,0,0,0,26095200,0,0,0,0,0,9392700,0,39300,0,0,0,0,51286500,0,0,0,0,39300,0,0,0,0,69050100,0,0,127489200,0,0,0,0,9392700,58950000,0,0,0,222595200,0,26527500,55452300,0,15837900,0,0,0,0,0,0
"BMU",0,0,0,0,0,0,0,0,0,0,0,0,0,0,0,0,0,0,0,0,0,0,0,0,0,0,0,0,0,0,0,0,0,0,0,0,0,0,0,0,0,0,0,0,0,0,0,0,0,0,0,0,0,0,0,0,0,0,0,0,0,0,0,0,0,0,0,0,0,0,0,0,0,0,0,0,0,0,0,0,0,0,0,0,0,0,0,0,0,0,0,0,0,0,0,0,0,0,0,0,0,0,0,0,0,0,0,0,0,0,0,0,0,0,0,0,0,0,0,0,0,0,0,0,0,0,0,0,0,0,0,0,0,0,0,0,0,0,0,0,0,0,0,0,0,0,0,0,0,0,0,0,0,0,0,0,0,0,0,0,0,0,0,0,0,0,0,0,0,0,0,0,0,0,0,0,0,0,0,0,0,0,0,0,0,0,0,0,0,0,0,0,0,0,0
"BTN",0,0,0,0,0,0,0,0,0,0,0,0,0,0,0,0,0,0,0,0,0,0,0,0,0,0,0,0,0,0,0,0,0,0,0,0,0,0,0,0,0,0,0,0,0,0,0,0,0,0,0,0,0,0,0,0,0,0,0,0,0,0,0,0,0,0,0,0,0,0,0,0,0,0,0,0,0,0,0,0,0,0,0,0,0,0,0,0,0,0,0,0,0,0,0,0,0,0,0,0,0,0,0,0,0,0,0,0,0,0,0,0,0,0,0,0,0,0,0,0,0,0,0,0,0,0,0,0,0,0,0,0,0,0,0,0,0,0,0,0,0,0,0,0,0,0,0,0,0,0,0,0,0,0,0,0,0,0,0,0,0,0,0,0,0,0,0,0,0,0,0,0,0,0,0,0,0,0,0,0,0,0,0,0,0,0,0,0,0,0,0,0,0,0,0
"BOL",0,0,0,0,0,82608600,0,0,0,0,0,0,0,0,0,0,61425900,0,0,0,0,0,0,0,0,0,0,0,0,0,114059400,235800,353700,0,0,0,0,0,0,0,0,0,0,54273300,0,0,0,0,0,0,0,0,0,215934200,0,0,0,0,0,1978033500,0,0,0,0,0,0,0,0,0,0,0,0,0,0,0,0,0,0,0,0,0,47554200,0,0,0,3400100,0,0,0,0,0,0,0,0,0,0,0,0,0,0,0,0,0,0,0,0,0,0,0,51090000,0,0,0,0,0,0,0,0,0,0,0,0,0,0,0,0,0,0,0,0,570321600,630943200,0,0,0,0,0,0,0,0,0,0,0,0,0,0,0,0,0,0,0,0,0,0,0,0,1242000,0,0,0,943200,702351000,0,0,0,0,0,0,0,0,0,0,0,0,0,0,27397300,0,77936400,0,34898400,0,0,0,0,0,0,0,78600,0,0,0,0,0,0
"BWA",0,0,0,0,0,0,0,0,0,0,0,0,0,0,0,0,0,0,0,0,0,0,0,0,0,0,0,0,0,0,0,0,0,0,0,0,0,0,0,0,0,0,0,0,0,0,0,0,0,0,0,0,0,0,0,0,0,0,0,0,0,0,0,0,0,0,0,0,0,0,0,0,0,0,0,0,0,0,0,0,0,0,0,0,0,0,0,0,0,0,0,0,0,0,0,0,0,0,0,0,0,0,0,0,0,0,0,0,0,0,0,0,0,0,5562600,0,0,0,0,0,0,0,0,0,0,0,0,0,0,0,0,0,0,0,0,0,0,0,0,0,0,0,0,0,0,0,0,0,0,0,0,0,0,0,0,23776500,0,0,0,0,0,0,0,0,0,0,0,0,0,0,0,0,0,0,0,0,0,0,0,0,0,0,0,0,0,0,0,0,0,0,0,0,0,0,0
"BRA",78128400,2397300,0,39300,2973600,248905170900,100311400,8646000,17724300,17187000,4283700,39189300,0,0,29916540600,31243500,0,0,15798600,0,0,668100,982500,0,1415271600,4867440900,126467400,0,0,0,67889978800,806621700,7371340000,1179000,256550400,0,2254758900,2397442800,21495000,0,0,12507900,0,3207862500,0,6243765600,0,32579700,2200800,0,0,29475000,0,7300168700,0,27352800,117900,208683000,497066400,30909900,393000,549453300,26100,30083700,0,0,313685700,689282700,481963800,374253900,47946000,206038800,19650000,0,0,129493500,0,1493100,18313800,903900,796611000,81487500,129061200,0,455782200,8148725400,41382900,0,635553600,0,0,2312527500,23029800,2868900,0,69832200,0,299720400,210856800,82726500,0,46767000,0,3733500,0,1743976800,36299700,8921100,38396100,14644787600,392017500,393000,152178000,0,5855700,5973600,37530245000,0,0,0,0,136094700,186399900,1051628700,145567200,14781600,930000,781381200,2986800,0,38045704800,8421790800,31651500,6855000,465817200,0,0,0,5253000,0,0,0,7113300,0,39300,2318700,628800,76202700,945597300,0,106110000,0,0,284968800,550200,2602207200,43941600,787768500,0,0,635100,295699800,0,0,86137500,44291100,2855700,51325800,0,2103209700,120572400,0,596614200,1069897800,0,0,81402300,0,149010109000,170640600,35535753400,0,1597348500,99900600,239376300,280089900,2000134200,31833000,220682100,353700,1139700,550200,0,0,562422300
"ARB",0,0,0,0,0,0,0,0,0,0,0,0,0,0,0,0,0,0,0,0,0,0,0,0,0,0,0,0,0,0,0,0,0,0,0,0,0,0,0,0,0,0,0,0,0,0,0,0,0,0,0,0,0,0,0,0,0,0,0,0,0,0,0,0,0,0,0,0,0,0,0,0,0,0,0,0,0,0,0,0,0,0,0,0,0,0,0,0,0,0,0,0,0,0,0,0,0,0,0,0,0,0,0,0,0,0,0,0,0,0,0,0,0,0,0,0,0,0,0,0,0,0,0,0,0,0,0,0,0,0,0,0,0,0,0,0,0,0,0,0,0,0,0,0,0,0,0,0,0,0,0,0,0,0,0,0,0,0,0,0,0,0,0,0,0,0,0,0,0,0,0,0,0,0,0,0,0,0,0,0,0,0,0,0,0,0,0,0,0,0,0,0,0,0,0
"BLZ",0,0,0,0,0,0,0,0,0,0,0,0,0,0,0,0,0,0,0,0,0,0,0,0,0,0,0,0,0,0,0,0,0,0,0,0,0,0,0,0,0,0,0,0,0,0,0,0,0,0,0,0,0,385516800,0,0,0,0,0,41814000,0,0,0,0,0,0,0,0,0,0,0,0,0,0,0,0,0,0,0,0,0,0,0,0,0,21920400,0,0,0,0,0,0,0,0,0,0,0,0,0,0,0,0,0,0,0,0,0,0,0,0,0,0,0,0,0,0,349126200,0,0,0,0,0,0,0,0,0,0,0,0,0,0,0,0,0,0,0,0,0,0,0,0,0,0,0,0,0,0,0,0,0,0,0,0,0,0,0,0,0,0,0,0,0,0,0,0,0,0,0,0,0,0,0,0,0,0,0,312777000,0,689092800,0,0,0,0,0,0,0,0,0,0,0,0,0,0,0,0
"SLB",0,0,0,0,0,0,219585600,0,0,0,0,0,0,0,0,0,0,0,0,0,0,0,0,0,0,0,0,0,0,0,0,0,0,0,0,0,0,0,0,0,0,0,0,0,0,0,0,0,0,0,0,7038000,0,0,0,0,0,0,0,0,0,0,0,0,0,0,0,0,0,0,0,0,0,0,0,0,0,0,0,0,0,0,0,0,0,0,0,0,0,0,0,0,0,0,0,0,0,0,0,0,0,0,0,35400312000,0,0,0,0,0,0,0,0,0,0,0,0,75265200,0,0,0,0,59160600,0,0,0,0,0,0,0,0,0,0,0,0,0,0,0,0,0,0,0,0,0,0,0,0,0,0,0,0,0,0,0,1676700000,0,0,0,0,0,0,0,8280000,0,0,0,0,0,0,0,0,0,0,0,0,0,0,37549800,0,0,0,0,0,0,0,0,0,0,0,0,0,0,0,0,0,0
"BRN",0,0,0,0,0,0,0,0,0,0,0,0,0,0,0,0,0,0,0,0,0,0,0,0,0,0,0,0,0,0,0,0,0,0,0,0,0,0,0,0,0,0,0,0,0,0,0,0,0,0,0,0,0,0,0,0,0,0,0,0,0,0,0,0,0,0,0,0,0,0,0,0,0,0,0,0,0,0,0,0,0,0,0,0,0,0,0,0,0,0,0,0,0,0,0,0,0,0,0,0,0,0,0,274251900,0,0,0,0,0,0,0,0,0,0,0,0,0,0,0,0,0,0,0,0,0,0,0,0,0,0,0,0,39300,0,0,0,0,0,0,0,0,0,0,0,0,0,0,0,0,0,0,0,0,39300,0,0,0,0,0,0,0,0,0,0,0,0,0,0,0,0,0,0,0,9039000,0,0,78600,0,0,0,0,0,0,0,0,0,0,0,0,0,0,0,0,0,0
"BGR",271418400,0,701112400,97542600,0,440828100,622236900,16024076700,0,2580000,0,0,0,0,0,0,0,0,0,0,0,0,0,0,0,1180725000,0,0,0,0,13322700,907502100,0,0,0,0,0,0,1397593500,0,0,74474100,0,0,1331994900,13153500,207427200,0,0,28744200,0,0,65340900,5257465500,0,0,308370900,0,0,32991050100,522108600,0,0,21712823000,0,0,0,0,0,0,0,187736100,10276086600,8690635500,982500,12969000,0,78650100,330846000,45037800,2266077300,4066492200,9471300,0,0,287715300,655602600,589500,0,0,0,0,118882500,657960600,0,1798040100,0,0,4539189300,9252071100,0,0,0,2751000,0,0,28453200,5855700,76517100,0,0,111454800,275100,32518500,0,0,5709787600,0,0,3788742000,0,116445900,0,0,104420100,1260167400,0,0,10494783300,0,825300,0,0,47541591100,1885808400,0,0,0,122576700,0,53414809600,0,15441295700,0,0,0,0,1322995200,0,0,0,280142700,12814785900,8842500,0,36156000,3937734000,0,0,0,4247198700,46436700,0,0,0,0,825300,0,0,0,11790000,250560000,152531446400,3203218500,0,0,19553476000,4526131200,2453118300,0,26841900,0,0,0,0,0,0,0,5359968000,0,4072413300,225349800,0,0,62840700
"MMR",0,0,0,0,0,0,0,0,0,0,0,0,0,0,0,0,0,0,0,0,0,0,0,0,0,0,0,0,0,0,0,0,0,0,0,0,0,0,0,0,0,0,0,0,0,0,0,0,0,0,0,0,0,0,0,0,0,0,0,0,0,0,0,0,0,0,0,0,0,0,0,0,0,0,0,0,0,0,0,0,0,0,0,0,0,0,0,0,0,0,0,0,0,0,0,0,0,0,0,0,0,0,0,0,0,0,0,0,0,0,0,0,0,0,0,0,0,0,0,0,0,0,0,0,0,0,0,0,0,0,0,0,0,0,0,0,0,0,0,0,0,0,0,0,0,0,0,0,0,0,0,0,0,0,0,0,0,0,0,0,0,0,0,0,0,0,0,0,0,0,0,0,0,0,0,0,0,0,0,0,0,0,0,0,0,0,0,0,0,0,0,0,0,0,0
"BDI",0,0,0,0,0,0,0,0,0,0,0,0,0,0,0,0,0,0,0,0,0,0,0,0,0,0,0,0,0,0,0,0,0,0,0,0,0,0,0,0,0,0,0,0,0,0,0,0,0,0,0,0,0,0,0,0,0,0,0,0,0,0,0,0,0,0,0,0,0,0,0,0,0,0,0,0,0,0,0,0,0,0,0,0,0,0,0,0,0,0,0,0,0,0,0,0,0,0,0,0,0,0,0,0,0,0,0,0,0,0,0,0,0,0,0,0,0,0,0,0,0,0,0,0,0,0,0,0,0,0,0,0,0,0,0,0,0,0,0,0,0,0,0,0,0,0,0,0,0,0,0,0,0,0,0,0,0,0,0,0,0,0,0,0,0,0,0,0,0,0,0,0,0,0,0,0,0,0,0,0,0,0,0,0,0,0,196500,0,0,0,0,0,0,0,0
"CMR",20575800,0,0,0,0,0,0,0,0,0,0,0,0,0,0,0,3810600000,0,0,0,0,0,0,0,0,20384400,0,2544752700,0,1080632100,0,1256158800,0,0,9013359300,0,0,0,0,0,59696700,0,0,0,0,0,0,0,2053857300,1647471600,0,0,0,282680476500,0,0,0,5130644100,0,57862554600,0,0,0,0,0,0,0,0,0,0,0,0,0,0,0,323044200,197396191500,521640000,15484200,0,0,36780043500,0,0,0,2689509600,0,0,0,0,0,0,393000,0,0,74630700,0,0,0,0,0,0,0,284976226800,0,0,0,0,0,1245974400,0,44016000,0,0,0,0,1376259690700,0,0,0,0,2086560000,0,0,14148000,0,0,0,0,0,0,0,0,0,0,0,0,0,0,0,0,0,246495600,0,0,0,0,0,0,0,0,41400,0,61461432000,0,1965000,56714231700,0,0,0,0,520855800,0,0,0,0,0,0,0,0,0,0,76293963300,0,0,0,0,1422000,61825821600,0,0,0,0,0,0,0,5344800,0,108604677900,0,0,0,0,0,0
"CAN",0,746700,0,49950300,0,0,14120143200,3090900,138663600,7114200,64530600,4008600,0,0,0,0,2380074300,0,78600,0,157200,0,0,0,2004300,0,0,0,4991100,0,1673001000,1718771700,1022259900,0,0,0,1620535500,69443100,5423400,15720000,0,4233300,39300,943200,0,0,92630100,16859700,0,30406500,0,0,1257600,690351600,0,0,0,0,0,458309600,0,0,0,0,0,0,83944800,0,3812100,707400,4912500,705834100,0,0,11397000,23422800,12104400,3812100,746700,113930700,152326800,1218351900,86940000,0,205814100,4156761000,449788500,0,0,0,0,2801579100,84370200,0,943200,21615000,0,628800,65552400,16820400,0,0,0,234385200,0,0,0,0,2529300,91189950400,0,668100,0,0,0,314400,18287519100,0,0,0,0,101160300,0,0,0,0,60600600,0,0,0,0,33994500,507873900,77691200,1532700,0,0,0,10650300,39300,5777100,196500,0,2829600,0,0,0,704570400,2672400,0,157200,0,0,678671700,0,3104700,65906100,12576000,0,0,353700,154370400,0,0,541164900,0,38749800,0,0,194921400,18156600,6916800,2829600,905940600,13401300,0,3456906600,786000,2971541552600,1532700,18195900,0,0,277143600,0,0,0,0,19796663200,5344800,0,0,0,0,0
"CPV",0,0,0,0,0,0,0,0,0,0,0,0,0,0,0,0,0,0,0,0,0,0,0,0,0,0,0,0,0,0,0,0,0,0,0,0,0,0,0,0,0,0,0,0,0,0,0,0,0,0,0,0,0,0,0,0,0,0,0,0,0,0,0,0,0,0,0,0,0,0,0,0,0,0,0,0,0,0,0,0,0,0,0,0,0,0,0,0,0,0,0,0,0,0,0,0,0,0,0,0,0,0,0,0,0,0,0,0,0,0,0,0,0,0,0,0,0,0,0,0,0,0,0,0,0,0,0,0,0,0,0,0,0,0,0,0,0,0,0,0,0,0,0,0,0,0,0,0,0,0,0,0,0,0,0,0,0,0,0,0,0,0,0,0,0,0,0,0,0,0,0,0,0,0,0,0,0,0,0,0,0,0,0,0,0,0,0,0,0,0,0,0,0,0,0
"CAF",0,0,0,0,0,0,0,0,0,0,0,0,0,0,0,0,0,0,0,0,0,0,0,0,0,0,0,0,0,0,0,0,0,0,0,0,0,0,0,0,0,0,0,0,0,0,0,0,0,0,0,0,0,0,0,0,0,0,0,0,0,0,0,0,0,0,0,0,0,0,0,0,0,0,0,0,0,0,0,0,0,0,0,0,0,0,0,0,0,0,0,0,0,0,0,0,0,0,0,0,0,0,0,0,0,0,0,0,0,0,0,0,0,0,0,0,0,0,0,0,0,0,0,0,0,0,0,0,0,0,0,0,0,0,0,0,0,0,0,0,0,0,0,0,0,0,0,0,0,0,0,0,0,0,0,0,0,0,0,0,0,0,0,0,0,0,0,0,0,0,0,0,0,0,0,0,0,0,0,0,0,0,0,0,0,0,0,0,0,0,0,0,0,0,0
"LKA",0,0,0,0,0,0,554310300,1159200,0,2931000,0,0,0,0,0,0,0,0,0,0,0,0,0,0,0,99008100,0,0,0,0,2061900,193140000,0,0,0,0,0,0,4260900,0,0,353700,0,0,0,0,350795000,0,0,0,0,0,0,49266000,0,0,0,0,0,214264500,0,5973600,0,0,0,0,0,0,0,0,0,243817200,0,0,104400,9687981800,0,0,0,0,0,99855000,0,0,0,903900,9896100,0,0,0,0,864600,45645300,0,0,1257600,0,0,0,0,0,0,0,1147975200,4741761600,0,0,0,0,0,196500,2829600,0,0,0,113262600,39300,0,0,0,0,7901900,0,0,0,284400,86886000,0,0,0,0,0,323124600,0,0,0,0,0,164109600,0,0,0,0,0,0,0,0,936000,0,353700,0,0,0,76157700,0,628800,0,0,0,0,3516900,6737100,0,0,39300,0,5606400,0,0,0,0,0,0,3050742300,0,0,241248000,41400,79396200,0,0,0,0,0,0,0,0,0,0,0,0,52200,0,0,0
"TCD",0,0,0,0,0,0,0,0,0,0,0,0,0,0,0,0,0,0,0,0,0,0,0,0,0,0,0,0,0,0,0,0,0,0,0,0,0,0,0,0,0,0,0,0,0,0,0,0,0,0,0,0,0,0,0,0,0,0,0,0,0,0,0,0,0,0,0,0,0,0,0,0,0,0,0,0,0,0,0,0,0,0,0,0,0,0,0,0,0,0,0,0,0,0,0,0,0,0,0,0,0,0,0,0,0,0,0,0,0,0,0,0,0,0,0,0,0,0,0,0,0,0,0,0,0,0,0,0,0,0,0,0,0,0,0,0,0,0,0,0,0,0,0,0,0,0,0,0,0,0,0,0,0,0,0,0,0,0,0,0,0,0,0,0,0,0,0,0,0,0,0,0,0,0,0,0,0,0,0,0,0,0,0,0,0,0,0,0,0,0,0,0,0,0,0
"CHL",0,0,0,0,0,3208195000,4637400,0,0,0,0,0,0,0,13426399200,0,359338500,0,0,0,0,0,0,0,0,3379800,0,0,0,0,0,0,622119000,0,0,0,1648713600,825378600,0,0,0,0,353700,130122300,0,8332468500,0,383646600,0,0,0,10611000,0,0,3144000,0,0,0,0,275100,0,0,0,0,0,0,294907200,0,0,0,417523200,0,0,0,0,0,0,0,0,0,0,0,0,0,0,0,0,0,0,0,0,0,0,0,0,0,0,0,0,0,0,0,0,0,0,0,0,0,0,521668200,40793400,0,0,0,0,0,37540800,0,0,0,0,0,282527700,0,0,117900,0,842788500,0,0,2880375600,11634667500,0,0,0,0,0,0,0,0,0,0,0,0,0,3222600,0,0,0,0,0,0,0,0,0,0,0,0,0,0,0,0,0,0,0,0,1191300900,0,0,40243200,0,0,0,0,0,0,0,0,640314600,0,2679749100,0,41343600,0,0,0,0,0,0,0,0,0,0,0,0
"CHN",6445200,93337500,179812500,961592700,0,2886660000,50704902800,0,335767800,41147100,32062200,612213900,0,0,1100738400,0,1872674400,0,0,0,0,388690800,284885700,0,39508200,5315080500,0,0,9558200700,0,8231296200,0,2648407200,0,0,0,118843200,1593667200,0,39381000,2976739200,0,0,302784000,51325800,663196800,804721200,974827500,0,44361450000,0,475381800,223892100,14148000,0,221850000,0,125760000,25073400,13099392000,0,7817556000,0,336690000,0,0,1570821000,948977100,0,213084600,621684300,56313649200,224199000,1203150300,5109000,8038910100,17822862300,67281600,959564100,15091200,3578702400,5187600,58085400,5221592700,7110000,31254936300,1577902200,521420400,74041200,3890700,7038018900,39095247000,379913100,78167700,0,310919600,0,259749900,332153700,1704543900,180897000,127692900,0,21559163700,0,0,550200,0,56774700,6722676000,1326683300,858322800,33522900,0,0,180622800,28721601600,0,0,0,0,18287133900,204006300,0,9113119800,1886400,3347659200,429726600,0,644716500,142344600,1983381900,63447321300,0,0,0,0,0,866250600,1305000,96309000,0,5502613900,0,0,0,0,9951978300,756804000,0,118843200,39150000,0,8159266800,0,4015675800,5857933800,0,0,0,3812100,2004300,255245500,187920000,6930510300,787296900,23904696300,735342300,0,9432000,371856600,276435300,5176595100,10908155700,171782700,0,6687723600,935384100,93320600900,38238900,542265300,1327185000,24994800,7041313500,455272000,4243828200,434225700,0,220787400,0,454401000,83520000,792317100,0,377240700
"COL",0,0,0,0,33365700,8901083000,99525600,432300,0,191991000,71211600,0,0,0,1975621200,0,33909000,0,51876000,471600,0,0,0,0,0,3689686400,1729200,0,0,0,9590889000,504140400,0,0,0,0,8358745100,175002900,0,0,0,0,209508300,1579231200,0,25696583500,0,950706300,0,2.07e+08,0,16270200,0,2399385900,0,0,0,0,0,12530030400,0,0,0,0,0,36902700,1105938900,59539500,130476000,580264500,1163987400,37100100,7113300,0,0,36992500,1760659200,0,0,0,1965000,814666800,12458100,0,642555000,1935388000,212700000,0,0,0,0,347334600,1729200,70800000,0,17606400,0,0,8528100,19099800,0,11318400,0,14215890600,0,0,0,0,0,42388746300,0,0,2141024700,0,0,0,16524999000,0,0,0,0,6445200,297422400,0,211119600,746700,0,6649683300,3013200,0,756766000,9563728900,0,0,1965000,42129600,0,0,0,0,117900,0,5892990800,13362000,79228800,44173200,0,61505300,0,0,157200,0,7626700,556632300,0,7587218700,3541833200,64766400,0,0,36234600,54443400,0,0,95490000,20514600,0,0,0,5400965300,0,0,1228036000,1559788500,0,0,4883299700,2397300,33777833400,0,479167000,0,211630500,0,0,32815500,0,172527000,7143534100,0,0,0,0,0,0
"COM",0,0,0,0,0,0,0,0,0,0,0,0,0,0,0,0,0,0,0,0,0,0,0,0,0,0,0,0,0,0,0,0,0,0,0,0,0,0,0,0,0,0,0,0,0,0,0,0,0,0,0,0,0,0,0,0,0,0,0,0,0,0,0,0,0,0,0,0,0,0,0,0,0,0,0,0,0,0,0,0,0,0,0,0,0,0,0,0,0,0,0,0,0,0,0,0,0,0,0,0,0,0,0,0,0,0,0,0,0,0,0,0,0,0,0,0,0,0,0,0,0,0,0,0,0,0,0,0,0,0,0,0,0,0,0,0,0,0,0,0,0,0,0,0,0,0,0,0,0,0,0,0,0,0,0,0,0,0,0,0,0,0,0,0,0,0,0,0,0,0,0,0,0,0,0,0,0,0,0,0,0,0,0,0,0,0,0,0,0,0,0,0,0,0,0
"COG",0,0,0,0,0,0,0,0,0,0,0,0,0,0,0,0,0,0,0,0,0,235800,0,0,494730000,5580600,0,3812100,0,0,0,2318700,0,0,0,0,0,0,0,0,0,0,0,0,0,0,0,0,0,0,0,0,0,35370000,0,0,0,0,0,1257600,0,0,0,0,0,0,0,0,0,0,0,0,0,0,0,0,414414000,0,0,0,0,11271849600,0,0,0,0,0,0,0,0,0,0,0,0,0,0,0,0,0,0,0,0,0,0,0,0,0,0,0,0,0,0,0,0,0,0,0,0,0,0,0,0,0,0,159886800,0,0,0,0,0,0,0,0,1414800,0,0,0,0,0,0,0,0,0,0,0,0,0,0,0,0,0,0,0,0,0,0,0,0,0,0,0,2908200,0,0,0,0,0,0,0,0,0,0,0,0,0,0,550200,0,0,0,0,0,0,0,0,0,0,0,417261900,0,0,0,0,0,0
"COK",0,0,0,0,0,0,0,0,0,0,0,0,0,0,0,0,0,0,0,0,0,0,0,0,0,0,0,0,0,0,0,0,0,0,0,0,0,0,0,0,0,0,0,0,0,0,0,0,0,0,0,0,0,0,0,0,0,0,0,0,0,0,0,0,0,0,0,0,0,0,0,0,0,0,0,0,0,0,0,0,0,0,0,0,0,0,0,0,0,0,0,0,0,0,0,0,0,0,0,0,0,0,0,0,0,0,0,0,0,0,0,0,0,0,0,0,0,0,0,0,0,0,0,0,0,0,0,0,0,0,0,0,0,0,0,0,0,0,0,0,0,0,0,0,0,0,0,0,0,0,0,0,0,0,0,0,0,0,0,0,0,0,0,0,0,0,0,0,0,0,0,0,0,0,0,0,0,0,15327000,0,0,0,0,0,0,0,0,0,0,0,0,0,0,0,0
"CRI",0,0,0,0,38828400,0,395100,0,1863000,0,0,0,0,0,0,0,56985000,0,0,0,0,0,0,0,0,25094100,0,0,0,0,285643800,117900,216621600,0,0,0,0,99861300,0,0,0,11544000,0,40949100,0,0,0,990990900,0,0,0,0,0,393000,0,0,0,0,0,52639500,0,0,0,0,0,0,2994093900,0,0,0,1806463200,0,0,0,0,0,0,0,0,0,0,316500,0,0,0,36791100,0,0,0,0,0,235800,0,3497700,0,0,0,0,0,4519500,0,0,0,0,0,0,0,0,0,5523615000,0,0,0,0,0,0,1397332800,0,10335900,0,0,0,4106493700,0,0,0,0,4043521800,0,0,0,203023800,0,1532700,0,0,0,0,0,0,0,0,9444300,0,0,0,0,4716000,0,0,0,0,0,0,0,0,432300,0,0,0,0,42228000,0,0,0,0,0,0,0,903900,0,0,0,78600,0,0,0,0,4074294700,0,6995400,0,0,0,0,0,0,0,21072600,0,0,0,0,0,0
"CUB",0,0,0,0,0,0,0,0,0,0,0,0,0,0,0,0,0,0,0,0,0,0,0,0,0,0,0,0,0,0,0,0,0,0,0,0,0,0,0,0,0,0,0,0,0,0,0,0,0,0,0,0,0,0,0,0,0,0,0,6525000,0,0,0,0,0,0,0,0,0,0,0,0,0,0,0,0,0,0,0,0,0,0,0,0,0,0,0,0,0,0,0,0,0,0,0,0,0,0,0,0,0,0,0,0,0,0,0,0,0,0,0,0,0,0,0,0,258989400,0,0,0,0,786000,0,0,0,0,0,0,0,0,0,0,0,0,0,0,0,0,0,0,0,0,248400,0,0,0,0,0,0,0,0,0,0,0,0,0,1279800000,0,0,0,0,1420565400,0,0,0,0,0,0,0,0,0,0,0,0,0,0,103831200,0,0,0,0,0,0,0,0,0,0,0,4895011800,0,0,0,0,0,0
"CYP",0,0,0,0,0,0,0,0,0,0,0,0,0,0,0,0,0,0,0,0,0,0,0,0,0,0,0,0,0,0,0,39300,0,0,0,0,0,0,0,0,0,0,0,0,0,0,0,0,0,0,0,0,0,0,0,0,0,0,0,3183300,0,0,0,177818700,0,0,0,0,0,0,0,0,0,0,0,0,0,0,0,0,0,0,0,0,0,0,0,0,0,0,0,0,0,0,0,0,0,0,0,0,0,0,0,0,0,0,7663500,39300,0,0,0,0,0,0,0,0,668100,0,0,0,0,0,0,0,0,0,0,0,0,0,0,0,0,78600,0,0,0,0,0,0,0,0,0,0,0,0,0,0,0,0,0,0,0,0,0,0,0,0,0,0,0,0,0,0,0,0,0,0,0,0,196500,0,0,3065400,0,0,1218300,0,611586600,0,0,0,0,0,0,0,0,0,0,0,0,0,0,0,0
"AZE",0,156610500,0,0,0,0,0,0,0,0,0,0,0,0,0,0,0,0,0,0,0,37806600,0,0,0,0,0,0,0,0,0,38710500,0,0,0,0,0,0,0,0,0,0,0,0,432300,0,0,0,0,0,0,0,0,0,0,0,3048308700,0,0,0,0,0,0,0,0,0,0,0,0,0,0,0,0,0,0,0,0,273606600,656585100,0,136764000,0,0,157278600,0,0,63508800,404082600,0,0,0,0,0,0,0,0,0,0,0,0,0,0,0,101354700,0,0,0,0,0,0,160854900,0,0,0,0,0,0,0,0,0,0,0,0,0,0,0,0,0,0,0,0,0,0,0,0,0,0,0,0,0,84023400,0,8333682900,0,0,0,0,0,0,0,0,0,0,0,0,0,0,0,0,0,0,0,0,49360800,0,0,0,0,0,0,0,0,1264359600,737425200,0,0,28099500,171780300,13244100,0,0,705592200,0,0,0,56945700,0,0,0,0,0,0,0,0,0
"BEN",0,0,0,0,0,0,0,0,0,0,0,0,0,0,0,0,0,0,0,0,0,0,0,0,0,0,0,0,0,0,0,0,0,0,0,0,0,0,0,0,0,0,0,0,0,0,0,0,0,0,0,0,0,13519200,0,0,0,0,0,0,0,0,0,0,0,0,0,0,0,0,0,0,0,0,0,0,0,0,0,0,0,48845700,0,0,0,0,0,0,0,0,0,0,0,0,0,0,0,0,0,0,0,0,0,0,0,0,0,0,0,0,0,0,0,0,0,0,0,0,0,0,0,0,0,0,0,0,0,0,0,0,0,0,0,0,0,0,0,0,0,0,0,0,0,0,0,0,0,0,0,0,0,0,0,0,0,0,0,0,0,0,0,550200,0,0,0,0,0,0,0,0,0,0,0,0,0,0,0,0,0,0,0,0,0,0,0,0,0,0,0,0,0,0,0,0,0
"DNK",6327300,0,0,157200,0,0,139904100,964186200,0,393000,0,0,0,0,0,0,7309800,0,0,0,0,41854500,0,39300,0,198889200,117900,0,15877200,0,19846500,394689900,0,0,825300,0,0,0,864600,471600,0,0,0,0,25505700,0,6091500,0,0,1012167300,2925386400,0,2344517400,1602801000,0,0,12418800,0,0,70504788600,117900,0,0,75063000,0,0,4716000,0,0,0,0,1107984900,436691100,50932800,3915950500,169933200,432300,550200,0,103398300,378183900,2032556700,4519500,157200,0,238944000,12379500,196500,39300,0,0,76968300,65198700,148436100,0,241144800,0,471600,0,576609600,0,78600,0,78600,0,78600,146038800,275100,0,0,39300,235800,0,0,0,0,6742412400,0,7938600,0,0,62487000,0,0,707400,11464085100,1139700,0,1263696000,0,0,0,142266000,5290311600,1845188700,0,0,0,121987200,39300,357237000,668100,560260800,0,0,0,0,26570400,275100,0,0,324500100,222961800,1450327200,0,18353100,3225298200,0,235800,0,35886361500,365679900,8646000,550200,22032300,1493400,731700,0,0,0,0,26016600,115333500,229905000,0,0,5293893300,18195900,1389122700,0,103516200,2004300,0,39300,157200,0,0,0,1048091700,6366600,42286800,0,196500,0,0
"DMA",0,0,0,0,227700,0,41441400,0,589500,0,0,0,0,0,0,0,0,0,0,0,0,0,0,0,0,0,0,0,0,0,0,0,0,0,0,0,0,0,0,0,0,0,0,0,0,0,0,0,0,0,0,0,0,2440800,0,0,0,0,0,0,0,0,0,0,0,0,0,0,0,0,0,0,0,0,0,0,0,0,0,0,0,0,0,0,0,28400400,0,0,0,0,0,0,0,0,0,0,0,0,0,0,0,0,0,0,0,0,0,0,0,0,0,0,0,0,0,0,518328000,0,0,0,0,0,0,0,0,0,0,0,0,0,0,0,0,0,0,0,0,0,0,0,0,0,0,0,0,0,0,0,0,0,0,0,0,0,0,0,0,0,0,0,0,0,0,0,0,0,0,0,0,0,0,0,0,0,0,0,0,0,0,0,0,0,0,0,0,0,0,0,0,0,0,1085400,0,0,0
"DOM",0,0,0,0,0,0,0,0,0,0,0,0,0,0,0,0,0,0,0,0,0,0,0,0,0,0,0,0,0,0,0,0,0,0,0,0,0,0,0,0,0,0,0,0,0,0,0,0,0,0,0,0,0,0,0,0,0,0,0,0,0,0,0,0,0,0,0,0,0,0,0,0,0,0,0,0,0,0,0,0,0,0,0,0,0,0,0,0,0,0,0,0,0,0,0,0,0,0,0,0,0,0,0,0,0,0,0,0,0,0,0,0,0,0,0,0,0,0,0,0,0,0,0,0,0,0,0,0,0,0,0,0,0,0,0,0,0,0,0,0,0,0,0,0,0,0,0,0,0,0,0,0,0,0,0,0,0,0,0,0,0,0,0,0,0,0,0,0,0,0,0,0,0,0,0,0,0,0,0,0,0,0,0,0,0,0,0,0,0,0,0,0,0,0,0
"BLR",569946900,0,0,0,0,117900,39300,0,0,0,0,0,0,0,0,0,0,0,0,0,0,96057300,0,0,0,101085000,0,0,0,0,0,1377229200,0,0,0,0,0,0,0,940920300,0,0,0,0,0,0,314400,0,0,47200000,0,0,0,0,0,0,366880800,0,0,605809500,0,0,0,0,0,0,0,0,0,0,0,0,0,0,0,0,0,0,0,0,481032000,0,0,1834919700,0,6484500,3537000,959501400,78600,0,0,0,0,352602000,0,0,0,0,0,2045425800,0,0,0,0,0,0,0,0,0,0,143196000,0,0,512692200,0,0,0,0,0,0,0,39300,0,0,0,0,0,0,432300,0,0,0,0,8842500,0,0,0,0,0,0,0,0,168380701300,0,0,0,0,0,0,0,0,0,0,0,0,0,0,0,310352100,0,0,1925700,0,220551600,0,0,1454100,0,0,0,0,0,0,393000,0,0,0,13725986700,1148881500,0,0,204364200,0,1886400,0,0,0,0,0,0,8370900,0,0,0,0
"ECU",103707000,0,0,4143187800,0,18430706400,6261406700,2122200,0,0,0,766710000,0,0,2538285600,0,3163632500,0,0,0,0,158150900,0,0,0,57805893400,0,0,0,0,23180662800,86327213000,15853460700,0,0,0,62624600,7741960000,0,0,0,0,0,641624400,0,0,982500,610922500,0,47241322800,0,0,0,3356453900,0,0,105892200,0,0,146285175500,0,0,0,12420000,0,0,2680779600,1650600,33365700,0,0,128537500,1242000,0,0,33590115300,532760081400,0,0,0,90979800,37743454500,0,0,41540100,59966991300,0,0,224950000,0,0,2470201200,0,380706400,0,621000,0,0,0,32660700,0,0,0,329140448700,0,0,0,0,0,201939061000,0,0,0,0,0,0,333811066800,0,0,0,0,261166200,540708000,0,0,11335400,0,2610822300,272171600,0,19320000,31634946200,932121000,4518616000,0,0,0,0,837000,0,0,0,1592654800,0,0,0,0,43049000,0,0,0,0,0,1039146600,0,81470700,44134872500,0,0,0,46962300,50906800,0,0,213757500,0,0,0,0,0,0,0,426600000,153879600,0,0,223486100,1768500,443971246300,0,79738500,0,0,112194000,0,0,0,0,76931768000,0,10080000,0,0,0,0
"EGY",0,0,0,248454600,0,0,1797739200,0,0,3336412800,0,0,0,0,0,0,0,0,0,0,0,0,0,0,0,2182604100,0,0,96874500,0,0,0,0,10257300,0,0,0,0,100372200,0,0,0,0,0,0,0,0,0,0,0,0,0,0,3694200,0,0,0,0,0,275100,0,0,0,0,0,0,0,0,0,0,0,0,0,7152600,0,2812897500,0,0,12787998600,0,0,33243300,0,0,0,0,19494332700,0,11515944900,0,0,95263200,11932580400,0,0,10288464900,0,0,8680395300,0,0,0,0,168793500,33601500,0,0,0,0,0,0,8520339000,175356600,0,0,0,649196700,0,0,0,0,329766300,0,0,392607000,0,851473800,0,0,0,0,0,0,149890200,0,0,0,72390600,0,27903000,23226300,35094900,11397000,0,0,0,0,63466749000,0,0,0,0,2790300,51207900,0,5599228200,0,0,0,0,0,1965000,0,0,0,379755900,0,0,0,0,6118499100,402658200,62054700,33558898800,1232251500,0,817164900,0,830762700,0,0,0,44330400,0,34426800,2727629100,0,0,0,0,0,0,1299454500,0,7539351300
"SLV",0,0,0,0,0,0,248400,0,0,0,0,0,0,0,0,0,0,0,177832500,0,0,0,0,0,0,6685200,0,0,0,0,0,0,0,0,0,0,653205300,0,0,0,0,0,0,901542000,0,0,0,0,0,0,0,0,0,0,0,0,0,0,0,0,0,0,0,0,0,0,6845843100,0,0,0,6293185800,0,0,0,0,0,0,0,0,0,0,4762800,0,0,0,1780200,0,0,0,0,0,0,0,0,0,0,0,0,0,0,0,0,0,0,0,0,0,0,0,280326900,0,0,0,0,0,0,20907000,0,0,0,0,0,4866908700,0,0,0,0,118489500,12800200,0,0,0,0,0,0,0,0,0,0,0,0,0,0,0,0,0,0,0,0,0,0,0,0,0,0,0,11318400,0,0,0,0,0,0,0,0,0,0,0,0,109843500,0,0,0,0,0,0,0,0,5582650400,0,0,0,0,0,0,0,0,0,0,0,0,0,0,0,0
"GNQ",0,0,0,0,0,0,0,0,0,0,0,0,0,0,0,0,0,0,0,0,0,0,0,0,0,0,0,0,0,0,0,0,0,0,0,0,0,0,0,0,0,0,0,0,0,0,0,0,0,0,0,0,0,0,0,0,0,0,0,0,0,0,0,0,0,0,0,0,0,0,0,0,0,0,0,0,0,0,0,0,0,0,0,0,0,0,0,0,0,0,0,0,0,0,0,0,0,0,0,0,0,0,0,0,0,0,0,0,0,0,0,0,0,0,0,0,0,0,0,0,0,0,0,0,0,0,0,0,0,0,0,0,0,0,0,0,0,0,0,0,0,0,0,0,0,0,0,0,0,0,0,0,0,0,0,0,0,0,0,0,0,0,0,0,0,0,0,0,0,0,0,0,0,0,0,0,0,0,0,0,0,0,0,0,0,0,0,0,0,0,0,0,0,0,0
"EST",150944400,0,0,0,0,0,0,353700,0,0,0,0,0,0,0,0,0,0,0,0,0,2790300,0,0,0,0,0,0,0,0,0,21418500,0,0,0,0,0,0,0,391781700,0,488184600,0,0,18557643400,0,0,0,0,0,0,0,5260378800,39300,0,0,0,0,0,116956800,0,0,0,0,0,0,0,0,0,0,0,982500,39300,0,0,0,0,0,0,0,0,7506300,0,915148800,0,25977300,0,0,0,0,0,0,0,13015793200,0,0,0,0,0,775408800,0,0,0,0,0,0,0,0,0,0,0,0,0,66731800,0,0,596160000,0,0,0,0,0,0,0,0,1304939400,0,0,0,0,0,0,0,4290363500,0,0,0,0,0,0,9432000,0,30204623600,0,0,0,0,1768500,0,0,0,132684600,88385700,275100,0,0,39300,0,0,0,685797600,0,0,0,1925700,0,0,0,0,0,0,0,0,1021800,0,0,184395600,1156804200,18903300,0,0,0,0,0,0,0,0,0,339763500,0,0,0,0,0,0
"FRO",0,0,0,0,0,0,0,0,0,0,0,0,0,0,0,0,0,0,0,0,0,0,0,0,0,0,0,0,0,0,0,0,0,0,0,0,0,0,0,0,0,0,0,0,0,0,0,0,0,0,0,0,0,0,0,0,0,0,0,0,0,0,0,0,0,0,0,0,0,0,0,0,0,0,903900,0,0,0,0,0,0,0,0,0,0,0,0,0,0,0,0,0,0,0,0,0,0,0,0,0,0,0,0,0,0,0,0,0,0,0,0,0,0,0,0,0,0,0,0,0,0,0,0,0,0,0,0,0,0,0,0,0,0,0,0,0,0,0,0,0,0,0,0,0,0,0,0,0,0,0,0,0,0,0,0,0,0,0,0,0,0,0,0,0,0,0,0,0,0,0,0,0,0,0,0,0,0,0,0,0,0,0,0,0,0,0,0,0,0,0,0,0,0,0,0
"FJI",0,0,0,0,0,0,14205900,0,0,0,0,0,0,0,0,0,0,0,0,0,0,0,0,0,0,4932900,0,0,0,0,0,0,0,0,0,26100,0,0,0,0,0,1283400,0,0,0,0,0,0,0,0,0,0,0,3312000,0,0,0,0,0,0,0,0,28769400,0,0,0,0,0,0,0,0,0,0,0,0,0,0,0,0,0,0,0,0,0,0,2318700,0,0,0,0,0,0,0,0,0,0,0,0,0,0,0,0,0,0,0,0,0,0,0,0,0,0,0,0,0,0,0,0,0,0,22577100,100391400,0,0,0,0,0,0,0,0,0,0,0,0,0,0,0,0,0,0,0,0,0,0,0,0,0,0,0,0,0,0,0,0,0,0,0,0,0,0,0,0,0,0,0,0,0,0,7020900,0,0,0,0,0,0,53829600,0,0,45721800,0,0,0,0,0,0,0,0,0,0,0,0,0,0,0,0
"FIN",0,39300,0,39300,0,0,11161200,121594200,0,2515200,0,0,0,0,0,0,3733500,0,0,0,0,117900,0,0,0,104616600,0,0,0,0,78600,144584700,0,0,0,0,0,0,3065400,0,0,4003255200,0,0,0,0,0,0,0,9086527900,2082900,0,0,49637400,0,0,0,0,0,5865616500,0,39300,0,51129300,0,0,0,0,0,0,0,8159400,4244400,825300,337862100,15916500,1953445800,0,117900,39300,1886400,24994800,0,117900,0,4703740500,0,0,0,0,0,1323231000,1689900,2196804900,0,45223200,0,0,0,1690135800,0,0,0,157200,0,0,0,0,39300,235800,0,0,0,0,0,0,134209500,0,0,0,0,196500,0,0,39300,1891587600,0,0,2200878600,0,0,39300,4755300,5043722700,107053200,0,0,0,93219600,0,0,0,9938629200,0,0,0,0,78600,0,0,0,0,0,419946600,0,1729200,143916600,0,0,0,57132649900,3301200,0,0,29082000,0,275100,0,0,0,0,0,157200,179325900,0,0,459711900,32972700,605900700,0,0,0,0,0,0,0,0,0,8056500,2475600,196500,0,0,0,0
"FRA",65434500,393000,163210800,24733394600,4620900,65390400,32855759800,25058234100,2397300,358138600,0,0,0,0,0,0,2439111300,0,0,0,0,10922538400,0,0,1346928600,41244238200,94398600,35081700,78600,316607100,718697700,9452353300,462798600,303736200,816181800,0,15562800,22361700,1208733900,230494500,1805421000,14452233000,1139700,182941500,195949800,1257600,4114573500,2593800,26109900,293978900,0,0,22939418300,0,4928284800,592979400,625400200,2397851700,1336200,597536253400,65885700,116052900,0,17413555500,0,432300,16506000,155579100,10100100,44369700,0,4006552900,14215307600,26525945900,5862951000,137913300,2703715100,1248919800,213241800,8096205200,13212631300,340869343300,3662310000,123295200,0,31729105200,1038143100,0,112184400,251321400,0,15080460000,1512494100,1174276900,13846500,1764782100,0,7860000,2463407100,3136076100,51011400,1034511000,0,1265880200,27088800,1194764700,719643400,640982700,2444259200,3177745700,2279400,6803930400,6025500,245891700,12654600,707400,331704174700,0,4800211500,193884600,470326200,747936900,0,166683900,101299800,28923373100,34844100,8807400,16575765100,0,15209100,68612400,2646527400,231563988300,40427900100,0,0,0,931895500,0,6615988500,78600,31090826700,628800,1336200,0,296204100,3998582000,5740434600,121698000,71973000,1424986200,16146785700,3359216800,0,6643260800,405084366000,0,0,0,38538397300,150137489000,2196664800,0,3716725000,1257600,2093672100,480993300,0,328573800,341281500,2273462600,19060199200,7145900900,11711400,0,574458780600,2266358600,66248394000,301054500,138611100,3772800,2200800,839274900,0,23647200,77617500,0,715082952200,11578379500,695078400,10178700,62640000,0,1165755900
"PYF",0,0,0,0,0,0,0,0,0,0,0,0,0,0,0,0,0,0,0,0,0,0,0,0,0,0,0,0,0,0,0,0,0,0,0,0,0,0,0,0,0,0,0,0,0,0,0,0,0,0,0,0,0,9399600,0,0,0,0,0,0,0,0,0,0,0,0,0,0,0,0,0,0,0,0,0,0,0,0,0,0,0,0,0,0,0,1965000,0,0,0,0,0,0,0,0,0,0,0,0,0,0,0,0,0,0,0,0,0,0,0,0,0,0,0,0,0,0,0,0,0,0,0,0,0,0,0,0,0,0,0,0,0,0,0,0,0,0,0,0,0,0,0,0,0,0,0,0,0,0,0,0,0,0,0,0,0,0,0,0,0,0,0,0,0,0,0,0,0,0,0,0,0,0,0,0,0,0,0,0,0,0,0,0,0,0,0,0,0,0,0,0,0,0,0,0,0
"DJI",0,0,0,0,0,0,0,0,0,0,0,0,0,0,0,0,0,0,0,0,0,0,0,0,0,0,0,0,0,0,0,0,0,0,0,0,0,0,0,0,0,0,0,0,0,0,0,0,0,0,0,0,0,0,0,0,0,0,0,0,0,0,0,0,0,0,0,0,0,0,0,0,0,0,0,0,0,0,0,0,0,0,0,0,0,0,0,0,0,0,0,0,0,0,0,0,0,0,0,0,0,0,0,0,0,0,0,0,0,0,0,0,0,0,0,0,0,0,0,0,0,0,0,0,0,0,0,0,0,0,0,0,0,0,0,0,0,0,0,0,0,0,0,0,0,0,0,0,0,0,0,0,0,0,0,0,0,0,0,0,0,0,0,0,0,0,0,0,0,0,0,0,0,0,0,0,0,0,0,0,0,0,0,0,0,0,0,0,0,0,0,0,0,0,0
"GEO",177358500,0,0,0,0,0,0,0,0,0,0,0,0,0,0,0,0,0,0,0,0,0,0,0,0,0,0,0,0,0,0,100883100,1886400,0,0,0,0,0,0,578496000,0,0,0,0,0,0,0,0,0,144073800,0,0,0,117900,0,0,0,0,0,0,0,0,0,0,0,0,0,0,0,0,0,53998200,0,0,0,39300,0,876783000,973657500,0,0,0,0,0,0,157200,0,0,0,0,0,0,2475900,39300,0,0,0,0,0,0,0,0,0,0,0,0,0,0,0,0,39300,0,0,0,0,0,471600,0,0,0,0,0,0,0,0,0,0,0,39300,0,0,0,0,0,0,0,0,0,0,0,0,0,102926700,0,0,0,0,335150400,0,0,0,0,0,595552200,0,0,0,0,0,0,0,0,0,0,0,0,0,0,0,0,39300,0,235407000,314400,0,0,0,155903100,15562800,0,0,21693600,0,0,0,0,0,0,0,0,0,0,0,0,0
"GAB",0,0,0,0,0,0,0,0,0,0,0,0,0,0,0,0,0,0,0,0,0,0,0,0,0,0,0,0,0,0,0,0,0,0,0,0,0,0,0,0,0,0,0,0,0,0,0,0,0,0,0,0,0,0,0,0,0,0,0,0,65950200,0,0,0,0,0,0,0,0,0,0,0,0,0,0,0,0,0,0,0,0,0,0,0,0,0,0,0,0,0,0,0,0,0,0,0,0,0,0,0,0,0,0,0,0,0,0,0,0,0,0,0,0,0,0,0,0,0,0,0,0,0,0,0,0,0,0,0,0,0,0,0,0,0,0,0,0,0,0,0,0,0,0,0,0,0,0,0,0,0,0,0,0,0,0,471600,0,0,0,0,0,0,0,0,0,0,0,0,0,0,0,0,0,0,0,0,0,0,0,0,0,0,0,0,0,0,0,0,0,0,0,0,2610000,0,0
"GMB",0,0,0,0,0,0,0,0,0,0,0,0,0,0,0,0,0,0,0,0,0,0,0,0,0,0,0,0,0,0,0,0,0,0,0,0,0,0,0,0,0,0,0,0,0,0,0,0,0,0,0,0,0,0,0,0,0,0,0,0,0,0,0,0,0,0,0,0,0,0,0,0,0,0,0,0,0,0,0,0,0,0,0,0,0,0,0,0,0,0,0,0,0,0,0,0,0,0,0,0,0,0,0,0,0,4951800,0,0,0,0,0,0,0,0,0,0,0,0,0,0,0,0,0,0,0,0,0,0,0,0,0,0,0,0,0,0,0,0,0,0,0,0,0,0,0,0,0,0,0,0,0,0,0,0,0,0,0,0,0,0,0,0,0,0,0,0,0,0,0,0,0,0,0,0,0,0,0,0,0,0,0,0,0,0,0,0,0,0,0,0,0,0,0,0,0
"DEU",2757487200,57692400,4153455900,18830566500,982500,4134674400,88106754900,463872500300,0,1651592700,173561100,34359000,0,0,193709700,9156900,12917124600,0,0,0,207307500,102981875200,124659600,0,206049900,82227249900,22151100,184356300,480285300,0,14682236400,25558102400,9383155500,0,44314500,0,744970800,14030100,6093429900,1739756100,0,176878078300,0,1197242400,9117051000,1100910900,13892823000,172412700,0,18083220300,727639500,305793300,75090162900,1185396177900,553894200,6288000,4252764300,0,8135100,0,12156337800,79936200,0,75984233700,0,0,1112378100,7309800,0,0,110865300,14131187700,148679414200,119630574500,3895657900,3621148300,7631825100,9850221200,5175042900,51136673300,41087671500,754887034200,78639300,12285899400,125651100,17129701200,3753799500,816654000,675872700,113341200,23265600,23464562100,9764392200,17222005500,23619300,10099304700,0,695452800,3945866700,51221272200,471600,45340800,4991100,11144244200,950221500,257336400,1667892000,1139700,2641442500,12144733500,11291125800,5558850900,235800,4010774100,317190300,468809700,688824979400,0,1414800,5815628300,0,4198457400,91018800,2200800,1099691100,45302015800,503904600,1016848200,261004607000,29239200,1232841000,2075736300,12926503500,1038729924500,85630539600,0,0,0,4049396100,1336200,220621925900,51247200,334071917100,0,0,0,0,36417651600,252306000,382192500,9117600,44836021200,102226750700,33736950500,2554500,20762479800,309038476900,814296000,101255100,0,191238848700,260797200700,6193694100,374639400,7423290800,34387500,5286099900,2210400,0,578806800,3209694000,3028473600,54947202000,26859413700,115974300,0,872137191100,71060225300,215337854700,0,5338435200,1228158000,50697000,3965939700,236075100,1145718900,125673000,17331300,985645013000,13349269900,33130042400,1923499200,187712700,0,3022484400
"BIH",0,0,265078500,0,0,0,71679300,454386600,0,0,0,0,0,0,0,0,0,0,0,0,0,0,0,0,0,0,0,0,0,0,0,0,0,0,0,0,0,0,0,0,0,0,0,0,0,0,0,0,0,0,0,0,0,0,0,0,0,0,0,10178700,0,0,0,0,0,0,0,140065200,0,0,0,0,1442703000,2705215500,0,0,0,0,16506000,0,0,0,0,0,0,0,0,0,0,0,0,0,0,0,0,0,0,0,0,0,0,0,0,0,0,0,0,0,0,0,0,0,0,0,0,0,1310612400,0,0,5818836600,0,0,0,0,47906700,0,0,0,0,0,0,0,0,903900,0,0,0,0,2751000,0,158064600,0,1414800,0,0,0,0,0,0,0,0,631440900,0,0,0,0,0,0,0,0,7427700,1257600,0,0,0,0,0,0,0,0,0,599167800,150519000,625813200,0,0,0,0,13401300,0,0,0,0,0,0,0,0,0,16937100,0,13927723500,6000292500,0,0,0
"GHA",0,0,0,3.5789e+10,2488500,1741007200,2813752900,0,0,0,0,0,0,0,0,782100,803892737700,0,0,0,0,28901975200,0,0,81432000,145290180200,0,0,1.332e+09,0,0,136893985100,0,0,393000,0,0,0,355500,0,71290200,0,0,0,0,0,27378455000,0,0,326142577500,0,0,0,373642289500,0,0,103571100,924300,157200,487910406700,0,0,0,4531150000,0,0,0,0,0,0,0,5545800,0,660800000,0,22674416400,86544620000,67860000,0,628800,3829773300,163590612000,4105435200,0,0,433974105800,1615697700,0,3602200,130500000,0,38918890000,2844000,0,0,720704700,0,18545100,33930000,0,0,0,497700,909238482300,0,123441300,0,0,0,3491198000,0,1179798300,0,0,2037600,0,2080503269300,0,0,0,0,21752382300,0,103752000,34992873900,71100,3205440000,9058200000,0,0,0,0,197900000,87163374200,1.636e+09,2358000,0,0,2829300,6114600,0,1596600,29106311200,0,0,0,0,1108904100,135876600,0,21104400,0,0,24848559600,0,10710185400,525947944100,0,0,0,213300,5503208800,548100000,0,770017600,1057200,2031121200,952001100,0,3742800,1066500,32395500000,227789583000,8287642400,39300,0,187387492800,1532002200,719896118300,6450554400,5103400000,0,0,0,2.07e+09,2.61e+08,0,20263500,377845179500,0,0,0,61309800,0,0
"KIR",0,0,0,0,0,0,0,0,0,0,0,0,0,0,0,0,0,0,0,0,0,0,0,0,0,0,0,0,0,0,0,0,0,0,0,0,0,0,0,0,0,0,0,0,0,0,0,0,0,0,0,0,0,0,0,0,0,0,0,0,0,0,0,0,0,0,0,0,0,0,0,0,0,0,0,0,0,0,0,0,0,0,0,0,0,0,0,0,0,0,0,0,0,0,0,0,0,0,0,0,0,0,0,0,0,0,0,0,0,0,0,0,0,0,0,0,0,0,0,0,0,0,0,0,0,0,0,0,0,0,0,0,0,0,0,0,0,0,0,0,0,0,0,0,0,0,0,0,0,0,0,0,0,0,0,0,0,0,0,0,0,0,0,0,0,0,0,0,0,0,0,0,0,0,0,0,0,0,0,0,0,0,0,0,0,0,0,0,0,0,0,0,0,0,0
"GRC",9746400,0,5775265500,0,0,0,677139000,81468900,0,1296900,0,0,0,0,0,0,4126500,0,0,0,0,10092461600,0,0,0,483288000,0,0,2593800,0,16584600,230268900,0,0,626520600,0,1689900,0,14243153000,0,0,313338900,0,0,0,0,6202443900,0,0,9067500,0,0,126035100,12404376900,0,0,2475900,0,0,2015919900,0,0,0,0,0,0,0,0,0,0,0,12851100,356529600,111061800,0,5462700,11711400,0,124984200,35252100,2884266300,319864100,0,0,0,504651300,173863200,0,0,0,0,305478900,146353200,187840800,0,3140659500,0,0,7205144100,113459100,0,151540800,0,0,0,0,397637400,0,232616700,0,8174400,7113300,0,7074000,42561900,0,1671719100,0,0,1792521500,0,917183400,0,0,1650600,264960600,157200,151069200,239572800,0,0,0,0,2194944300,164313300,0,0,0,194535000,0,3123452300,0,187813600,0,0,0,0,699147000,0,0,0,46987800,193041600,47780400,0,1045851600,640808700,0,0,0,218258700,9589200,0,0,5305500,0,0,0,0,0,26684700,37034700,521039400,1466676000,14737500,0,14253596400,74473500,1453480200,0,393000,0,0,0,95813400,105088200,50343300,32147400,1809986400,0,630184200,26252400,0,0,405379500
"GRL",0,0,0,0,0,0,0,0,0,0,0,0,0,0,0,0,0,0,0,0,0,0,0,0,0,0,0,0,0,0,0,0,0,0,0,0,0,0,0,0,0,0,0,0,0,0,0,0,0,0,0,0,0,0,0,0,0,0,0,0,0,0,0,0,0,0,0,0,0,0,0,0,0,0,0,0,0,0,0,0,0,0,0,0,0,0,0,0,0,0,0,0,0,0,0,0,0,0,0,0,0,0,0,0,0,0,0,0,0,0,0,0,0,0,0,0,0,0,0,0,0,0,0,0,0,0,0,0,0,0,0,0,0,0,0,0,0,0,0,0,0,0,0,0,0,0,0,0,0,0,0,0,0,0,0,0,0,0,0,0,0,0,0,0,0,0,0,0,0,0,0,0,0,0,0,0,0,0,0,0,0,0,0,0,0,0,0,0,0,0,0,0,0,0,0
"GRD",0,0,0,0,5614500,0,52536600,0,0,0,7316100,0,0,0,0,0,0,0,0,0,0,0,0,0,0,0,0,0,0,0,0,0,0,0,0,0,0,0,0,0,0,0,51922200,579600,0,0,0,0,0,0,0,0,0,647910000,0,0,0,0,0,206834400,0,0,0,0,0,0,0,0,0,0,0,0,0,0,0,0,0,0,0,0,0,28938600,0,0,0,0,0,0,0,0,0,0,0,0,0,0,0,0,0,0,0,0,0,0,0,0,0,0,0,0,0,0,0,0,0,0,0,0,0,0,0,0,0,0,0,0,0,0,0,0,0,0,0,0,0,0,0,0,0,0,0,0,9232200,39300,0,0,0,0,0,0,0,0,0,0,0,0,0,0,0,0,0,0,0,0,0,0,0,0,0,534000,0,0,0,0,0,0,13267500,0,13139400,0,0,0,0,0,0,0,0,0,573300,0,0,0,0,0,0
"GTM",0,0,0,0,0,0,5226900,471600,0,0,0,0,0,0,0,0,2358000,0,293531700,0,0,0,0,0,0,1965000,0,0,0,0,0,0,0,0,0,0,4614997500,304496400,0,0,0,12420000,0,7606082700,0,0,0,11084646900,0,0,0,0,0,190398600,0,0,0,0,0,16820400,0,0,0,0,0,0,0,0,0,0,12607584300,0,0,0,7847100,0,0,0,0,0,0,2004300,0,0,0,26703000,0,0,0,0,0,8694000,0,0,0,0,0,0,0,0,0,0,0,0,0,0,0,0,0,2369829300,0,0,0,0,0,0,214460900,0,0,0,0,0,3007299000,0,0,0,0,545408700,0,0,0,0,0,0,0,0,0,0,0,0,0,0,0,0,0,0,0,0,0,0,0,0,0,0,0,0,0,0,0,0,0,0,0,0,1366200,0,0,0,0,0,0,0,0,0,0,0,2939400,0,4444420500,0,0,0,0,0,0,0,0,0,18903300,0,0,0,0,0,0
"GIN",589500,0,0,0,0,0,0,0,0,0,0,0,0,0,0,0,0,0,0,0,0,0,0,0,0,39300,0,0,0,0,0,0,0,0,0,0,0,0,0,0,0,0,0,0,0,0,0,0,0,57670200,0,0,0,0,0,0,0,0,0,499325400,0,0,0,0,0,0,0,0,0,0,0,0,0,0,0,3206264400,2601534600,0,0,0,0,0,0,0,0,0,0,0,0,0,0,0,0,0,0,0,0,0,0,0,0,0,0,4544974800,0,0,0,0,0,0,0,0,0,0,0,0,59573192400,0,0,64708200,0,0,0,0,0,0,0,0,0,0,0,0,0,0,0,0,0,0,0,0,0,0,84787200,0,0,0,0,0,0,0,6907500,0,0,0,0,0,5798318400,0,0,0,0,0,0,0,0,746700,322837200,25545000,0,0,0,0,3314401200,0,0,0,0,166635000,0,0,0,0,0,0,0,0,0,0,10393180200,26100,0,0,0,0,0
"GUY",0,0,0,0,0,0,0,0,0,0,0,0,0,0,0,0,0,0,0,0,0,0,0,0,0,0,0,0,0,0,0,0,0,0,0,0,0,0,0,0,0,0,0,0,0,0,0,0,0,0,0,0,0,0,0,0,0,0,0,0,0,0,0,0,0,0,0,0,0,0,0,0,0,0,0,0,0,0,0,0,0,0,0,0,0,0,0,0,0,0,0,0,0,0,0,0,0,0,0,0,0,0,0,0,0,0,0,0,0,0,0,0,0,0,0,0,0,0,0,0,0,0,0,0,0,0,0,0,0,0,0,0,0,0,0,0,0,0,0,0,0,0,0,71100,0,0,0,0,0,0,0,0,0,0,0,0,0,0,0,0,0,0,0,0,0,0,0,0,0,39300,0,0,0,0,0,0,0,0,0,0,0,0,0,0,0,0,0,0,0,0,0,0,0,0,0
"HTI",0,0,0,0,0,0,0,0,0,0,0,0,0,0,0,0,0,0,0,0,0,0,0,0,0,0,0,0,0,0,0,0,0,0,0,0,0,0,0,0,0,0,0,0,0,0,0,0,0,0,0,0,0,0,0,0,0,0,0,0,0,0,0,0,0,0,0,0,0,0,0,0,0,0,0,0,0,0,0,0,0,0,0,0,0,0,0,0,0,0,0,0,0,0,0,0,0,0,0,0,0,0,0,0,0,0,0,0,0,0,0,0,0,0,0,0,0,0,0,0,0,0,0,0,0,0,0,0,0,0,0,0,0,0,0,0,0,0,0,0,0,0,0,0,0,0,0,0,0,0,0,0,0,0,0,0,0,0,0,0,0,0,0,0,0,0,0,0,0,0,0,0,0,0,0,0,0,0,0,0,0,0,0,0,0,0,0,0,0,0,0,0,0,0,0
"HND",0,0,0,0,0,0,0,0,0,0,0,0,0,0,0,0,0,0,0,0,0,0,0,0,0,100585500,0,0,0,0,0,0,0,0,0,0,143486100,0,0,0,0,0,0,0,0,0,0,912577500,0,0,0,0,0,158272200,0,0,0,0,0,0,0,0,0,0,0,0,265273200,0,0,0,0,0,0,0,0,0,0,0,0,0,0,0,0,0,0,0,0,0,0,0,0,0,0,0,0,0,0,0,0,0,0,0,0,0,0,0,0,0,0,0,0,0,0,0,0,0,434989800,0,0,0,0,0,36206700,0,0,0,0,0,0,0,0,0,0,0,0,0,0,0,0,0,0,0,0,0,0,0,0,0,0,0,0,0,0,0,0,0,30847200,0,0,0,4596300,2447443800,0,0,2277000,0,0,0,0,0,0,0,8404200,0,0,0,167007600,0,228096600,0,0,0,0,0,0,0,0,0,0,0,0,0,0,0,0
"HKG",0,0,0,0,0,0,1209771900,0,0,0,0,0,0,0,0,0,0,0,0,903900,2908200,0,0,0,0,11461500,0,0,0,0,0,80186624700,0,0,0,0,0,0,0,0,0,0,0,0,0,0,0,0,0,0,0,0,0,0,0,0,0,0,0,275100,0,0,0,0,0,0,0,0,0,0,0,0,0,0,0,0,622901400,0,0,0,8685300,407305200,0,0,0,6701239500,0,0,0,312356400,0,11820928800,0,0,0,0,0,0,0,0,19805741700,0,0,486809100,0,0,0,0,0,0,47867400,0,0,0,0,0,0,0,0,0,0,22401000,0,0,0,0,0,0,0,0,0,0,2213140200,27117000,0,0,0,0,0,0,0,0,0,0,0,0,0,0,0,0,0,0,0,3930117900,0,0,0,0,0,0,0,0,0,0,5543579400,0,1643368800,0,0,0,0,0,0,0,0,0,12718200,0,5941333500,0,0,0,0,275060700,0,0,0,0,0,0,0,0,0,0,0
"HUN",982500,3301200,543519000,327644100,0,0,885153900,6255307000,0,118253700,0,377594400,0,0,33758700,0,617557200,0,0,0,0,8197188000,35291400,0,0,1895187300,39300,0,19414200,0,219961800,365057700,78600,0,353700,0,0,0,108861000,29186400,0,6443142700,0,299976900,57849600,2790300,13833600,0,0,1064440500,39300,0,1039406400,9672217500,1414800,0,2279400,0,0,53770046100,2495327100,78600,0,6128182000,0,1572000,0,0,0,0,0,260834100,0,11725633800,56277600,893013900,67438800,293453100,89997000,1122171000,559867800,8154209400,19296300,0,0,162780600,57613800,1493400,0,825300,0,68932200,77578200,772245000,0,121947900,0,0,36156000,5518702500,3144000,0,0,109450500,0,0,119786400,0,4794600,0,308898000,218783100,0,20043000,0,63587400,4967139900,0,550200,479411700,0,21772200,0,0,0,287990400,8292300,0,34255685300,0,0,0,0,22949412300,1462353000,0,0,0,117179100,0,36528814700,0,20528315700,0,0,0,0,297736800,0,0,0,1770836400,26883783300,86499300,0,108703800,6508260600,0,0,0,14695884300,1029384600,15602100,0,28728300,0,41304300,0,0,0,24601800,62094000,1990545000,372210300,0,0,15385114900,11370038400,853713900,0,0,786000,0,125720700,0,0,0,0,3476753100,12851100,12920033400,21497100,0,0,0
"HRV",0,0,4471023000,0,0,0,358651800,8062787700,0,0,0,0,0,0,0,0,39300,0,0,0,0,800973300,0,0,0,682012200,0,0,117900,0,0,12851100,11318400,0,0,0,0,0,0,1729200,34898400,6798900,0,0,0,0,56081100,0,0,7702800,0,0,0,105097500,0,0,10335900,0,0,23290131300,54167745600,0,0,0,0,0,0,0,0,0,0,77067300,1723779000,0,589500,1965000,0,0,143169900,1591243800,1558127100,46334700,0,746700,0,16623900,423418200,0,74237700,0,0,52622700,8528100,0,0,0,0,0,149968800,18253800,0,0,0,0,0,0,87835500,0,0,0,0,0,0,0,0,0,1066839600,0,0,15028309200,0,4283700,0,0,0,104852400,0,0,1567401900,0,0,0,117900,834967800,424800,0,0,0,33365700,0,1577737800,0,20278800,0,0,0,0,274274700,0,0,0,37550686200,1994553600,235800,0,0,390572100,0,0,0,5226074700,472188900,0,0,12811800,0,0,0,0,0,31204200,0,11397000,98760900,0,0,3114891600,5737800,2634573900,0,0,0,0,0,0,0,0,0,1819166100,157200,48483636000,14404323900,0,0,51168600
"ISL",0,0,0,0,0,0,78600,0,0,0,0,0,0,0,0,0,0,0,0,0,0,0,0,0,0,4873200,0,0,0,0,0,1650600,0,0,0,0,0,0,0,0,0,314517900,0,0,0,0,0,0,0,0,335504100,0,0,78600,0,0,0,0,0,60246900,0,0,0,39300,0,0,0,0,0,0,0,78600,0,0,0,39300,0,0,0,0,0,8606700,0,0,0,1532700,0,0,0,0,0,0,0,0,0,0,0,0,0,0,0,0,0,0,0,0,0,0,0,0,0,0,0,0,0,0,1807800,0,0,0,0,0,0,0,0,229040400,0,0,39300,0,0,0,0,78600,0,0,0,0,0,0,0,0,39300,0,0,0,0,0,0,0,0,0,0,235800,0,0,0,0,0,0,255096300,864600,0,0,0,0,39300,0,0,0,0,0,0,0,0,0,59028600,0,580618200,0,0,0,0,0,0,0,0,0,432300,550200,0,0,0,0,0
"IND",58674900,13244100,0,487752300,0,0,1143273400,393000,0,332320800,0,4838552100,0,961652700,0,4440900,2809104800,0,0,0,185561700,0,2700342300,0,346140300,313942500,0,0,2500526100,0,0,467993700,0,16702500,144474900,0,16899000,0,117900,0,1653468900,1807800,0,111297600,0,0,1631382300,230848200,2475900,0,0,25898700,0,1051338400,0,47946000,44998500,146982000,241773600,18748788300,0,277834800,0,0,0,117900,315382500,936228600,88700100,1339540500,0,2708987400,284400,0,0,0,15475611600,248400,291944700,0,476316000,5094000,33090600,0,0,43115100,489835200,0,682069000,0,0,15759300,1733483700,39300,0,565788600,0,219829200,189897600,0,0,206642100,3812100,7000344600,807221100,0,0,36195300,38410800,427819800,0,389502300,47258400,0,53919600,13994695900,8615363700,0,0,0,0,108852000,0,236979000,4358959500,0,236709000,51600900,39868800,0,39300000,0,7168054200,3420900,2358000,0,0,0,860832000,196500,4323000,1139700,47702400,0,0,0,120651000,7501584300,2106165000,18352800,1260142800,71100,0,927810000,3676750800,996176400,46426200,78600,0,0,0,84238800,0,0,60011100,657606300,3898481400,7001570100,0,39300,503769600,152366100,15704515800,8967828900,106631100,0,84560100,11829300,116486328300,117600,0,24837600,94948800,1123707000,40942800,482997000,20618400,11305200,147959100,157200,0,0,50957100,0,1611300
"IDN",35291400,0,0,1243195200,0,183222000,135264881800,0,0,1021800000,0,3841161600,0,0,0,0,43955386800,0,0,162898500,817520700,602701200,1231447500,0,901833300,91846845000,0,0,3895347400,0,722451900,204011800900,0,1847100,0,0,0,0,0,83520000,0,240563700,0,147465000,0,239702400,25513851800,0,0,121756296600,0,457411400,76133700,26912079900,0,0,81432000,30563100,13437900,119121383400,385888500,159833100,5659200,691671900,0,0,0,0,56199000,0,0,1474826700,360046200,174870000,0,219757775500,0,1208507100,198399000,0,26473932000,1611300,0,0,0,97725258900,638215200,27302400,692554500,698400300,0,11095259200,1895332200,267342300,13479900,571327200,0,0,204517200,37584000,21339900,154881300,0,571488050000,435448500,943200,0,85988400,67532100,91634010300,0,801270000,37365300,0,0,67888500,280102990800,0,4126500,0,67006500,16333559800,0,1611300,610692300,0,28043724100,2700932400,0,259353600,0,0,81618144900,155452200,38256300,0,801066300,0,908223000,61387200,0,0,89282807000,0,0,0,0,6473683600,28964100,6405900,0,97457400,0,19058908300,0,32458662800,32033227200,0,0,0,0,281783100,1383908400,0,1423128200,145017000,33830259600,7624200,127538400,0,1515643800,19575000,15755098500,36423228900,668100,510900,14277184500,10291232800,829731509900,0,321204300,176142600,0,21222616100,55186500,461433300,0,0,2192592000,0,0,0,44212500,0,31793700
"IRN",57220800,14771508900,0,0,0,0,32697600,707400,0,178146900,0,0,0,0,0,0,0,0,0,0,0,0,0,0,0,2554500,0,0,0,0,0,15287700,0,0,0,0,0,0,0,3230580300,0,0,0,0,0,0,0,0,0,0,0,0,0,0,0,14265900,19492800,0,0,732600,0,0,0,0,0,0,0,0,0,0,0,0,78600,0,0,60168300,0,0,30807138600,0,0,0,229787100,92355000,0,0,0,24012300,136470900,0,0,0,149243700,0,0,110635300,0,0,0,0,0,0,0,38317500,0,12458100,0,0,0,0,16820400,0,0,0,0,0,10689600,0,0,0,0,0,0,19610700,2161500,0,21948814200,0,0,0,0,0,0,0,0,0,0,0,186792900,0,0,391500,424793700,0,0,0,0,0,707400,0,0,0,0,0,157396500,0,0,0,71339000,0,1807800,0,0,1778521500,0,10021500,35920200,0,0,0,135138000,0,156616500,261816600,7074000,0,0,0,0,0,0,0,0,0,0,0,0,0,0,0,0,0,0,0,0
"IRQ",0,0,0,0,0,0,0,0,0,0,0,0,0,0,0,0,0,0,0,0,0,0,0,0,0,0,0,0,0,0,0,0,0,0,0,0,0,0,0,0,0,0,0,0,0,0,0,0,0,0,0,0,0,0,0,0,0,0,0,0,0,0,0,0,0,0,0,0,0,0,0,0,0,0,0,0,0,0,0,0,0,0,0,0,0,0,0,0,0,0,0,0,0,0,0,0,0,0,0,0,0,0,0,0,0,0,0,0,0,0,0,0,0,0,0,0,0,0,0,0,0,0,0,0,0,0,0,0,0,0,0,0,0,0,0,0,0,0,0,0,0,0,0,0,0,0,0,0,0,0,0,0,0,0,0,0,0,0,0,0,0,0,0,0,0,0,0,0,0,0,0,0,0,0,0,0,0,0,0,0,0,0,0,0,0,0,0,0,0,0,0,0,0,0,0
"IRL",0,0,0,0,0,0,890538000,4047900,0,40557600,0,0,0,0,0,0,0,0,0,0,0,2397300,0,0,0,9496923600,0,0,0,0,0,14423100,0,0,0,0,0,0,164756700,0,0,125532000,0,0,0,0,470067300,0,0,39300,0,0,157200,58714200,0,0,680400,0,0,1023791700,196500,0,0,9117600,0,0,0,0,0,0,0,48221100,18942600,0,0,446762400,23658600,0,746700,0,0,9235500,0,0,0,20986200,314400,0,550200,0,0,79071600,27117000,1414800,0,86460000,0,0,0,0,0,0,0,67085100,0,0,32186700,0,0,2751000,0,0,0,0,0,0,1328261400,0,0,0,0,403493100,0,0,0,53526600,982500,0,18667500,196500,0,0,133109100,266218200,272231100,0,0,0,157594800,0,27785100,0,7467000,0,0,0,0,507441600,0,0,0,31440000,78600,323989200,0,980220600,561990000,0,0,0,212455800,96206400,0,0,23855100,0,79896900,0,0,0,24090900,0,0,1220399400,0,0,372241473900,45509400,69376800900,0,0,0,0,0,158182500,0,0,0,721036500,510900,39300,0,0,0,0
"ISR",0,0,0,0,0,14148000,419409600,4794600,0,0,0,0,0,0,0,0,6445200,0,0,0,0,0,0,0,3026100,664484400,0,0,0,0,0,589500,0,0,0,0,0,0,10139400,0,0,7270500,0,6641700,0,0,59932500,0,0,0,0,0,0,671371500,0,0,1807800,0,0,33007200,0,1807800,0,0,0,0,0,0,0,0,0,3008400,60600600,4244400,0,1179000,0,0,0,0,0,42129600,0,0,0,208486500,0,0,0,0,0,0,0,1218300,0,0,0,0,0,589500,0,0,0,0,0,0,0,0,0,14698200,0,0,0,0,0,0,10807500,0,0,5305500,0,0,0,0,0,1768500,0,24798300,0,3575700,0,0,1179000,0,0,0,0,0,0,0,589500,0,69561000,0,0,0,0,0,0,0,0,19828800,1218300,5973600,0,92983800,12693900,0,0,0,0,7742100,0,0,0,0,6012900,0,0,0,0,0,589500,0,0,0,3196818600,15279300,19908357900,0,0,0,0,0,0,0,0,0,131852100,0,0,0,0,0,0
"ITA",2714021400,0,4936970700,8583122100,0,4517706600,73893105300,69671695900,60915000,2326877700,3222600,369223500,0,0,630146400,2986800,29522302600,0,0,0,444600900,9099718100,164667000,0,982460700,44788324700,57062700,0,1208592900,0,15993468900,18092334800,2864549100,48732000,397660200,0,364507500,743099100,6510191700,1473563100,182234100,11083299900,0,2547812100,1837263600,4211124000,12124421900,48928500,74984400,1769327700,0,0,4745572200,435935462500,2053267800,658469400,5828705700,210962400,3261900,253175925900,7120181600,1656475200,0,44730152600,0,1414800,119865000,84377100,0,0,24994800,47512033800,31453286800,17722647200,102101400,11078055200,3137155200,44064300,1689540900,3741489900,55115954600,0,1233234000,344524800,69388800,20978114300,9800730900,2868900,1042738800,77666100,0,11409489300,9838395300,1804566600,13597800,19334163900,0,0,26091965700,4420453400,2358000,942662400,1100400,10033683300,239337000,517502400,12587325200,345014700,3176734800,9366147500,107171100,14088661200,1220933100,817557900,8921100,115856400,87755473500,0,2529701700,4035166800,0,1988535900,17370600,0,356686800,2160760800,1545121000,106768200,32955536600,2397300,113773500,3976266100,3335978700,179004258800,49098104500,0,0,5777100,6301086900,0,29300793700,106935300,71159393400,0,0,668100,0,37018811700,2296541400,136773900,262417800,23213371900,4456772400,21864684900,147414300,23173406700,142128053200,16034400,432300,0,20385721900,18678039600,21379200,47906700,10048364700,10925400,4579296600,0,0,48574800,3369817800,1756354200,31627966800,32117304900,118843200,0,178417967200,11547414000,70044526800,27077700,387243600,285514500,142226700,237018300,139004100,2770217700,303867600,39221400,204482369300,908937900,10484605200,1011706800,505822200,0,4625570700
"CIV",0,0,0,12577080000,0,0,24205296000,0,0,0,0,0,0,0,0,0,293883189900,0,0,0,0,139394442600,0,0,711000,512768988700,0,0,414414000,0,4706160000,113060722500,0,0,1100400,0,0,0,0,0,1296900,0,0,0,0,0,14160000,0,0,538035838200,0,0,0,1269807796800,0,0,310831200,28649700,0,1320363739400,0,56483003100,0,475083000,0,0,0,383528700,0,0,0,0,0,0,0,58951339800,610963628000,24761257200,0,0,34372685000,444801620400,0,0,0,7591333200,0,0,0,0,0,0,0,0,0,50455000,0,30811200,0,426730500,0,0,0,1133813206400,0,3417921000,0,0,0,206874230700,0,759920000,0,0,0,0,4460158294200,0,0,0,0,0,0,225031800,393000,0,157200,0,0,0,0,0,0,214792792300,14925600000,0,0,0,0,0,0,0,2274096000,0,0,0,0,169920000,2309055600,0,0,0,0,15505200000,0,10206532800,343022045000,0,0,0,0,0,1378240000,0,495600000,0,0,169728300,0,0,0,17612595000,551895293800,39929879100,0,0,828474899400,0,2143690886200,2671692600,0,0,0,0,0,0,0,0,1263316331300,0,0,0,0,0,0
"KAZ",2287846200,19374900,0,0,0,0,0,0,0,0,0,0,0,0,0,0,0,0,0,0,0,0,0,0,0,0,0,0,0,0,0,3878634900,0,0,0,0,0,0,0,1246203000,0,510900,0,0,29936700,0,0,0,0,0,0,0,0,0,0,0,192294900,0,0,1150664700,0,0,0,0,0,0,0,0,0,0,0,154449000,0,0,0,0,0,0,0,0,0,0,0,0,0,0,0,15996601200,0,0,0,157200,0,0,0,0,0,0,0,0,0,0,0,0,0,0,0,0,0,0,3464334300,0,0,42915600,0,0,0,0,0,0,0,0,0,0,0,0,0,0,0,0,0,0,0,510900,0,0,0,0,0,0,7074000,0,70874918400,0,0,0,0,0,0,0,0,0,0,0,0,0,0,0,6174417900,0,0,0,0,1166148900,0,0,0,0,0,0,0,0,0,314400,0,0,0,198268500,0,0,0,7052872800,0,0,0,0,0,0,0,0,0,0,0,0,0
"JAM",0,0,0,0,103594800,0,0,0,0,0,89446800,0,0,0,0,0,0,0,13401300,0,0,0,0,0,0,12788100,0,0,0,0,0,4205100,0,0,0,0,0,0,0,0,0,0,22361700,0,0,0,0,0,0,0,0,0,0,185886000,0,0,0,0,0,4140000,0,0,0,0,0,21339900,0,0,28531800,0,0,0,0,0,0,0,0,0,0,0,0,0,0,0,0,353700,0,0,0,0,0,0,0,0,0,0,0,0,0,0,0,0,0,0,0,0,0,0,0,0,1414800,0,0,0,0,0,789552300,0,0,0,0,0,0,0,0,0,0,0,0,0,0,0,0,0,0,0,0,0,0,0,0,0,0,4362300,51090000,89486100,0,0,0,0,0,0,0,0,0,0,0,0,0,0,0,0,0,0,0,0,0,0,0,275257200,0,0,0,0,0,0,95207100,0,46949300,0,0,0,0,0,0,0,0,0,0,0,0,0,0,0,0
"JPN",0,0,0,0,0,3379800,408759300,0,0,0,0,0,0,0,0,0,40321800,0,0,0,40439700,0,746700,0,0,434265000,0,0,0,0,1768500,6644140500,0,0,0,0,0,0,0,0,0,0,0,0,0,0,0,0,0,0,0,0,3026100,30457500,0,0,0,0,0,198391500,0,0,0,0,0,0,0,0,0,0,0,12843717300,0,0,0,105166800,76362000,0,0,0,0,24876900,0,0,0,0,0,0,0,50775600,0,6064364100,4087200,0,0,1729200,0,0,0,353700,545877000,0,0,429156000,0,0,0,0,0,9657000,33758700,0,0,0,0,0,209115300,0,0,0,0,57771000,0,0,0,2672400,0,0,0,0,0,589500,2970726300,471600,13951500,0,0,0,7074000,0,0,0,365588400,0,0,0,0,15169800,0,0,0,0,0,3026886000,0,0,223472400,0,0,0,0,0,0,0,7110007900,0,1166856300,0,0,0,3851400,0,0,78678600,0,0,23346000,0,6635922900,0,0,0,0,921152700,0,0,0,0,2082900,0,0,0,0,0,0
"JOR",0,0,0,0,0,0,313200,746700,0,12733200,0,0,0,0,0,0,0,0,0,0,0,0,0,0,0,499306500,0,0,0,0,0,18864000,196500,0,0,0,0,0,10453800,0,0,0,0,0,0,0,275100,0,0,0,0,0,0,5187600,0,982500,0,0,0,47985300,0,0,0,0,0,0,0,0,0,0,0,0,0,0,0,0,0,0,5758094100,0,516559200,5659200,0,0,0,0,0,0,0,0,0,0,59107200,0,0,1329165300,0,0,446212200,0,0,0,0,0,0,0,0,0,0,80329200,0,381367200,0,0,0,0,153898800,0,0,0,0,0,0,0,0,0,0,1689900,0,0,0,0,0,0,0,0,0,0,547755900,0,3537000,0,0,0,0,0,0,1916814000,0,0,0,0,0,0,0,0,0,0,0,0,37256400,0,0,0,0,0,0,0,0,0,30378900,0,0,364019700,0,0,2161500,0,426247800,0,0,0,0,0,91350000,550907400,0,0,0,0,0,0,7820700,0,2492681100
"KGZ",10532400,707400,0,0,0,0,0,0,0,0,0,0,0,0,0,0,0,0,0,0,0,0,0,0,0,0,0,0,0,0,0,285828900,0,0,0,0,0,0,0,0,0,0,0,0,0,0,0,0,0,0,0,0,0,0,0,0,0,0,0,39300,0,0,0,0,0,0,0,0,0,0,0,0,0,0,0,0,0,0,0,0,0,0,0,1231347600,0,393000,0,0,0,0,0,0,0,0,0,0,0,0,0,0,0,0,0,0,0,0,0,0,0,0,153780900,0,0,0,0,0,0,0,0,0,0,0,0,0,0,0,0,0,0,0,0,0,0,0,0,0,0,0,0,0,0,0,94909500,0,0,0,0,432300,0,0,0,0,0,0,0,0,0,0,209127900,0,0,0,0,132323100,0,0,0,0,0,0,0,0,0,2397300,0,0,0,0,0,0,0,634105500,0,0,0,0,0,0,0,0,0,0,0,0,0
"KEN",0,0,0,0,0,0,0,432300,0,0,0,0,0,0,0,0,0,0,0,0,0,471600,0,17092500,0,0,0,0,0,0,0,3930000,0,234900,0,0,0,0,0,0,0,0,0,0,0,0,0,0,0,0,0,0,510900,9314100,0,0,0,0,0,9589200,0,825300,0,0,0,0,0,0,0,0,0,0,0,0,0,0,0,0,0,39300,0,1689900,0,0,0,0,0,0,0,0,0,0,0,0,0,0,0,0,0,0,0,15562800,314400,0,0,0,0,0,0,0,0,0,39300,0,0,0,101433300,0,0,0,0,0,0,0,0,0,0,0,746700,0,0,0,0,1886400,0,0,0,0,0,0,0,128070000,39300,0,0,0,0,0,0,0,0,0,707400,0,117900,0,3026100,0,0,0,196500,64176900,0,0,0,224396100,0,0,0,0,0,0,157200,157200,406877100,0,3828900,0,4322400,0,0,0,0,0,0,0,312612600,58387200,9392700,903900,0,0,589500,40215900,0
"KHM",0,0,0,0,0,0,0,0,0,0,0,0,0,0,0,0,0,0,0,0,0,0,0,0,0,0,0,0,0,0,0,10112157900,0,0,0,0,0,0,0,0,0,0,0,0,0,0,0,0,0,0,0,0,0,0,0,0,0,0,0,0,0,0,0,0,0,0,0,0,0,0,0,0,0,0,0,0,0,0,0,0,0,0,0,0,0,0,0,0,0,0,0,0,0,0,0,0,0,0,0,0,0,0,0,0,0,0,0,0,0,0,0,0,0,0,0,0,0,0,0,0,0,0,0,0,0,0,0,0,0,0,0,0,0,0,0,0,0,0,0,0,0,0,0,0,0,0,0,0,0,0,0,0,0,0,0,0,0,0,0,0,0,0,0,0,0,0,0,0,0,0,0,0,0,0,0,0,0,0,0,0,0,0,0,314400,0,0,0,0,0,0,0,0,0,0,0
"PRK",0,0,0,0,0,0,0,0,0,0,0,0,0,0,0,0,0,0,0,0,0,0,0,0,0,0,0,0,0,0,0,0,0,0,0,0,0,0,0,0,0,0,0,0,0,0,0,0,0,0,0,0,0,0,0,0,0,0,0,0,0,0,0,0,0,0,0,0,0,0,0,0,0,0,0,0,0,0,0,0,0,0,0,0,0,0,0,0,0,0,0,0,0,0,0,0,0,0,0,0,0,0,0,0,0,0,0,0,0,0,0,0,0,0,0,0,0,0,0,0,0,0,0,0,0,0,0,0,0,0,0,0,0,0,0,0,0,0,0,0,0,0,0,0,0,0,0,0,0,0,0,0,0,0,0,0,0,0,0,0,0,0,0,0,0,0,0,0,0,0,0,0,0,0,0,0,0,0,0,0,0,0,0,0,0,0,0,0,0,0,0,0,0,0,0
"KOR",0,2949300,0,0,0,786000,918991200,0,0,0,0,589500,0,0,0,0,668100,0,0,0,0,0,14305200,0,0,14698200,0,0,11357700,0,3733500,8198159700,0,0,0,0,0,0,0,0,0,0,0,0,0,0,0,0,0,0,0,117900,0,448300,0,0,0,0,0,44867100,0,43387200,0,0,0,0,0,0,0,0,0,1270454100,0,0,0,0,169342900,0,275100,0,0,353700,0,114245100,0,246128930700,82530000,0,33955200,9434100,0,0,25309200,589500,1650600,0,0,0,0,0,196500,0,0,1045002400,39300,0,0,0,23580000,951020700,332054100,393000,0,0,0,0,746700,0,0,0,0,14226600,0,0,0,0,2947500,0,0,0,589500,44979000,480678300,0,0,0,0,0,276475500,0,0,0,1172669700,0,0,0,0,94437900,0,0,0,0,0,224728200,0,1729200,0,0,0,0,0,0,0,0,1424102700,0,399422700,0,0,0,0,0,7624200,761005200,0,0,9903600,0,860235600,0,0,0,0,2166567600,0,0,0,0,0,0,0,0,0,0,0
"KWT",0,0,0,0,0,0,0,0,0,129925800,0,0,0,0,0,0,0,0,0,0,0,0,0,0,0,0,0,0,0,0,0,0,0,0,0,0,0,0,0,0,0,0,0,0,0,0,471600,0,0,0,0,0,0,0,0,0,0,0,0,0,0,0,0,0,0,0,0,0,0,0,0,0,0,0,0,0,0,177085800,294903300,0,0,0,0,0,0,0,29632200,0,0,0,0,0,0,0,0,0,0,0,0,0,0,0,0,0,0,0,0,0,0,0,0,0,0,0,0,0,0,0,0,0,0,0,0,0,0,0,0,0,0,0,0,0,0,0,0,0,0,0,658982400,0,0,0,0,0,0,0,0,7630173600,0,0,0,0,0,3576300,0,0,471600,0,0,0,0,0,0,0,0,0,0,0,0,0,200168400,0,8488800,358887600,0,0,0,0,0,0,0,0,0,0,0,1847100,0,0,0,0,0,0,0,0,0
"LVA",4205100,0,0,0,0,0,16702500,18156600,0,6366600,0,0,0,0,0,0,0,0,0,0,0,2812347300,0,0,0,95892000,0,0,0,0,0,17449200,0,0,0,0,0,0,192098400,34565100,0,143672100,0,0,6791216600,0,0,0,0,12120235500,0,0,716673900,65694900,0,0,517611600,0,0,2959699500,7702800,0,0,888687000,0,0,0,0,0,0,0,93612600,233402700,108114300,4047900,0,0,0,0,271091100,1464868200,98800200,0,539334600,0,73766100,48535500,393000,0,0,0,148554000,0,0,0,0,0,0,0,22101371800,0,0,0,0,0,0,0,0,0,0,0,0,0,44723400,0,0,684841800,0,0,0,0,1296900,0,0,0,71538600,0,0,1915285500,0,0,0,0,1907897100,14423100,0,0,0,58557000,0,764680200,0,12029836900,0,0,0,0,85713300,0,0,0,6563100,6065640600,16034400,0,0,323203200,0,54627000,0,1198374900,29030700,0,0,3537000,0,0,0,0,0,0,0,39850200,128904000,0,0,707058300,315264600,1280118300,0,0,328129000,0,0,0,0,0,0,29199900,15562800,84534300,0,0,0,5580600
"LAO",0,0,0,0,0,0,0,0,0,0,0,0,0,0,0,0,0,0,0,0,0,0,0,0,0,0,0,0,0,0,0,0,0,0,0,0,0,0,0,0,0,0,0,0,0,0,0,0,0,0,0,0,0,0,0,0,0,0,0,0,0,0,0,0,0,0,0,0,0,0,0,0,0,0,0,0,0,0,0,0,0,0,0,0,0,0,0,0,0,0,0,0,0,0,0,0,0,0,0,0,0,0,0,0,0,0,0,0,0,0,0,0,0,0,0,0,0,0,0,0,0,0,0,0,0,0,0,0,0,0,0,0,0,0,0,0,0,0,0,0,0,0,0,0,0,0,0,0,0,0,0,0,0,0,0,0,0,0,0,0,0,0,0,0,0,0,0,0,0,0,0,0,0,0,0,0,0,0,0,0,0,0,0,0,0,0,0,0,0,0,0,0,0,0,0
"LBN",15444300,0,0,11004000,0,0,396615600,275100,0,440081100,0,0,0,0,0,0,864600,0,0,0,41854500,0,0,0,59407800,219096900,0,33955200,0,786000,78600,171898200,5317800,0,294918900,0,0,0,4008600,100529400,82530000,49635900,0,0,0,0,182163500,0,26564700,0,0,668100,0,20318100,0,41187000,0,293204100,17291700,92079900,0,17147100,0,314400,0,0,0,169458300,0,0,0,41775900,0,0,0,0,17331300,0,1338797400,0,0,0,832020000,41540100,0,0,3282926200,0,8528100,0,0,0,1465603600,0,2790300,0,0,327051900,88582200,0,0,0,510900,146078100,5502000,49740600,0,3104700,0,0,0,122537400,11318400,0,0,432300,34151700,0,0,0,0,1336200,0,825300,71977500,0,0,8946900,0,0,16270200,0,0,0,0,0,0,0,4147701000,0,1414800,0,75298800,0,0,0,4323000,11563025500,221297400,0,65078400,0,0,235800,0,1218300,0,0,0,0,87520200,78600,379595000,0,0,0,0,9615000,0,0,282802800,1218300,898476600,1473554900,0,0,153699300,0,404828700,104400,864600,0,54710700,0,131066100,87406200,0,81547500,45627300,0,0,0,8095800,0,0
"LSO",0,0,0,0,0,0,0,0,0,0,0,0,0,0,0,0,0,0,0,0,0,0,0,0,0,0,0,0,0,0,0,0,0,0,0,0,0,0,0,0,0,0,0,0,0,0,0,0,0,0,0,0,0,0,0,0,0,0,0,0,0,0,0,0,0,0,0,0,0,0,0,0,0,0,0,0,0,0,0,0,0,0,0,0,0,0,0,0,0,0,0,0,0,0,0,0,0,0,0,0,0,0,0,0,0,0,0,0,0,0,0,0,0,0,0,0,0,0,0,0,0,0,0,0,0,0,0,0,0,0,0,0,0,0,0,0,0,0,0,0,0,0,0,0,0,0,0,0,0,0,0,0,0,0,0,0,0,0,0,0,0,0,0,0,0,0,0,0,0,0,0,0,0,0,0,0,0,0,0,0,0,0,0,0,0,0,0,0,0,0,0,0,0,0,0
"LBR",0,0,0,0,0,0,0,0,0,0,0,0,0,0,0,0,0,0,0,0,0,0,0,0,0,0,0,0,0,0,0,0,0,0,0,0,0,0,0,0,0,0,0,0,0,0,0,0,0,0,0,0,0,0,0,0,0,0,0,0,0,0,0,0,0,0,0,0,0,0,0,0,0,0,0,0,0,0,0,0,0,0,0,0,0,0,0,0,0,0,0,0,0,0,0,0,0,0,0,0,0,0,0,0,0,0,0,0,0,0,0,0,0,0,0,0,0,0,0,0,0,0,0,0,0,0,0,0,0,0,0,0,0,0,0,0,0,0,0,0,0,0,0,0,0,0,0,0,0,0,0,0,0,0,0,0,0,0,0,0,0,0,0,0,0,0,0,0,0,0,0,0,0,0,0,0,0,0,0,0,0,0,0,0,0,0,0,0,0,0,0,0,0,0,0
"LBY",0,0,0,0,0,0,0,0,0,0,0,0,0,0,0,0,0,0,0,0,0,0,0,0,0,0,0,0,0,0,0,0,0,0,0,0,0,0,0,0,0,0,0,0,0,0,0,0,0,0,0,0,0,0,0,0,0,0,0,0,0,0,0,0,0,0,0,0,0,0,0,0,0,0,0,0,0,0,0,0,0,0,0,0,0,0,0,0,0,0,0,0,0,0,0,0,0,0,0,0,0,0,0,0,0,0,0,0,0,0,0,0,0,0,0,0,0,0,0,0,0,0,0,0,0,0,0,0,0,0,0,0,0,0,0,0,0,0,0,0,0,0,0,0,0,0,0,0,0,0,0,0,0,0,0,0,0,0,0,0,0,0,0,0,0,0,0,0,0,0,0,0,15484200,0,0,0,0,0,0,0,0,0,0,0,0,0,0,0,0,0,0,0,0,0,0
"LTU",59657400,66299100,0,0,0,0,703077000,997119600,0,0,0,0,0,0,0,0,0,0,0,0,0,4113255900,0,0,0,186287100,0,0,0,0,0,142148100,0,0,0,0,0,0,175592400,151813800,0,26710800,0,0,11139501700,0,0,0,0,12081483900,0,0,132991200,9494290500,0,0,190259400,0,1139700,7313833800,0,0,0,396930000,0,0,0,0,0,0,0,26959800,1791411900,155549400,550200,0,0,61661700,3065400,676391100,1189100100,24130200,0,1291895700,0,229944300,15720000,168125400,0,0,0,239022600,0,30745630300,0,45588000,0,0,137392800,0,0,0,0,0,0,0,393000,0,0,0,31479300,26881200,0,636031200,0,0,789651900,0,0,0,0,707400,0,0,0,17223046800,0,0,1287153600,0,0,0,0,46639018800,243895800,0,0,0,0,0,1415428800,0,27855788200,0,0,0,0,550200,0,0,0,8724600,753577500,24994800,0,0,2158316700,0,126043200,0,30229350300,343128300,0,43623000,15470700,0,0,0,0,0,15130500,0,55727400,188600700,0,0,24726274200,847742000,2597630600,0,0,1795440000,0,144348900,0,0,0,0,6422523900,0,157200,6288000,0,0,0
"MAC",0,0,0,0,0,0,0,0,0,0,0,0,0,0,0,0,0,0,0,0,0,0,0,0,0,0,0,0,0,0,0,21536400,0,0,0,0,0,0,0,0,0,0,0,0,0,0,0,0,0,0,0,0,0,0,0,0,0,0,0,0,0,0,0,0,0,0,0,0,0,0,0,26134500,0,0,0,0,0,0,0,0,0,0,0,0,0,0,0,0,0,0,0,0,0,0,0,0,0,0,0,0,0,0,0,0,0,0,0,0,0,0,0,0,0,0,0,0,0,0,0,0,0,0,0,0,0,0,0,0,0,0,0,0,0,0,0,0,0,0,0,0,0,0,0,0,0,0,0,0,0,0,0,0,0,0,0,0,0,0,0,0,0,0,0,0,0,0,0,0,0,0,0,0,0,0,0,0,0,0,0,0,0,0,0,0,0,0,0,0,0,0,0,0,0,0,0
"MDG",0,0,0,209773800,0,0,235800,0,0,0,0,0,0,0,0,0,0,0,0,0,0,0,82800,0,0,10861800,0,0,105156000,0,0,39300,0,117900,0,0,0,0,0,0,0,0,0,0,0,0,828000,0,0,0,0,0,0,7956908000,0,0,0,0,0,1033675200,0,0,0,0,0,0,0,0,0,0,0,0,0,0,0,3660935700,3019053600,0,0,0,0,3487453200,0,0,0,159885300,0,0,0,0,0,4375800,0,0,0,0,0,0,0,0,0,0,0,9652699800,0,0,0,0,12003000,0,0,0,0,0,0,0,51072344100,0,0,0,0,157237200,0,0,0,0,0,0,0,0,0,0,0,0,0,0,0,0,0,0,0,0,2751000,0,0,0,0,0,0,0,0,0,0,78600,0,0,5209030800,0,0,0,0,0,0,0,330400,0,0,0,0,0,0,0,87006600,0,0,0,279585600,0,7744470300,0,0,0,0,0,0,0,0,0,6432000300,82800,0,0,0,0,0
"MWI",0,0,0,0,0,0,0,0,0,0,0,0,0,0,0,0,0,0,0,0,0,0,0,0,0,0,0,0,0,0,0,0,0,0,0,0,0,0,0,0,0,0,0,0,0,0,0,0,0,0,0,0,0,0,0,0,0,0,0,0,0,0,0,0,0,0,0,0,0,0,0,0,0,0,0,0,0,0,0,0,0,0,0,0,0,0,0,0,0,0,0,0,0,0,0,0,0,0,0,0,0,0,0,0,0,0,0,0,0,0,0,0,0,0,0,0,0,0,0,0,0,0,0,0,0,0,0,0,0,0,0,0,0,0,0,0,0,0,0,0,0,0,0,0,0,0,0,0,0,0,0,0,0,0,0,0,0,0,0,0,0,0,0,0,0,0,0,0,0,0,0,0,0,0,0,0,0,0,0,0,0,0,0,0,0,0,0,82726800,0,0,0,0,0,0,0
"MYS",425700000,0,6012900,10542884100,0,2618874300,157127722300,78600,0,1261452000,0,11360141700,0,0,929602200,0,32895899400,0,0,393275100,5815012000,81174600,6651482000,0,199482800,81719014100,0,0,9004557100,0,12848551400,302799627100,1885771200,0,0,0,83613600,203580000,0,1353413400,0,207080400,0,8646000,312840000,0,80835547800,0,0,108020373000,0,221296500,227384100,32985501900,48378300,0,1826445600,41760000,19650000,4411204200,0,3421566000,14796600,1898602500,0,0,671057700,0,106935300,0,0,12593325400,443776200,0,0,32785937600,493114141000,20939224800,4524288900,825300,0,4211121900,150912000,3052691700,0,514277343400,4256943300,535387900,610217100,498481200,0,69041994800,7256770200,580921200,157200,1799055600,0,0,196285500,645910500,127489200,1113327600,0,0,2069184300,0,0,0,969964500,47683777500,609385800,2148486600,114840000,0,0,482545800,42584091900,0,9471300,0,37138500,13326026800,39776400,0,219922800,353700,25326475600,804195900,39300,1464357300,73080000,9175222200,99455366900,731583300,79710000,0,48299700,0,3040854000,0,157200,0,175542552100,0,0,0,0,33193380900,0,45474300,0,0,0,953888227500,0,33325310600,2839883700,0,156600000,0,1611300,406219900,7414139100,940450000,18856872800,53920000,136096858200,423258300,56827800,0,2436081000,3429903000,133415063300,51659656500,4323000,11672100,1210211400,28338083700,455765277700,0,53369400,15045252700,0,41999348200,88779300,5233097700,0,0,12058161900,0,0,0,789651300,0,39189300
"MDV",0,0,0,0,0,0,0,0,0,0,0,0,0,0,0,0,0,0,0,0,0,0,0,0,0,0,0,0,0,0,0,0,0,0,0,0,0,0,0,0,0,0,0,0,0,0,0,0,0,0,0,0,0,0,0,0,0,0,0,0,0,0,0,0,0,0,0,0,0,0,0,0,0,0,0,0,0,0,0,0,0,0,0,0,0,0,0,0,0,0,0,0,0,0,0,0,0,0,0,0,0,0,0,0,0,0,0,0,0,0,0,0,0,0,0,0,0,0,0,0,0,0,0,0,0,0,0,0,0,0,0,0,0,0,0,0,0,0,0,0,0,0,0,0,0,0,0,0,0,0,0,0,0,0,0,0,0,0,0,0,0,0,0,0,0,0,0,0,0,0,0,0,0,0,0,0,0,0,0,0,0,0,0,0,0,0,0,0,0,0,0,0,0,0,0
"MLI",0,0,0,0,0,0,0,0,0,0,0,0,0,0,0,0,0,0,0,0,0,0,0,0,0,0,0,0,0,0,0,0,0,0,0,0,0,0,0,0,0,0,0,0,0,0,0,0,0,0,0,0,0,8095800,0,0,0,0,0,0,0,0,0,0,0,0,0,0,0,0,0,0,0,0,0,0,0,0,0,0,0,0,0,0,0,0,0,0,0,0,0,0,0,0,0,0,0,0,0,0,0,0,0,0,0,0,0,0,0,0,0,0,0,0,0,0,0,0,0,0,0,0,0,0,0,0,0,0,0,0,0,0,0,0,0,0,0,0,0,0,0,0,0,0,0,0,0,0,0,0,0,0,0,0,0,0,0,0,0,0,0,0,0,0,0,0,0,4244400,0,0,0,0,0,0,0,0,0,0,78600,0,0,0,0,0,0,0,0,0,21772200,0,0,0,0,0,0
"MLT",0,0,0,0,0,0,0,0,0,0,0,2947500,0,0,0,0,0,0,0,0,0,0,3537000,0,0,0,0,0,0,0,0,117900,0,0,0,0,0,0,0,0,0,0,0,0,0,0,0,0,0,0,0,0,0,0,0,102297900,0,0,0,0,0,0,0,0,0,0,0,0,0,0,0,0,0,0,0,2986800,0,0,18981900,0,0,0,0,0,0,39300,0,0,0,0,0,0,0,0,0,510900,0,0,1562301000,0,0,0,0,0,0,0,0,0,0,0,0,0,0,0,0,3812100,0,0,0,0,0,0,0,0,33758700,0,0,0,0,0,0,0,9117600,0,0,0,0,0,0,0,0,0,0,0,0,0,0,39300,0,0,0,0,0,0,0,0,0,0,0,0,0,0,1689900,0,235800,0,0,2358000,0,0,0,0,0,111336900,0,0,2397300,0,0,0,0,0,0,0,0,0,0,0,0,0,0,0,0,0,0
"MRT",0,0,0,0,0,0,0,0,0,0,0,0,0,0,0,0,0,0,0,0,0,0,0,0,0,0,0,0,0,0,0,0,0,0,0,0,0,0,0,0,0,0,0,0,0,0,0,0,0,0,0,0,0,0,0,0,0,0,0,0,0,0,0,0,0,0,0,0,0,0,0,0,0,0,0,0,0,0,0,0,0,0,0,0,0,0,0,0,0,0,0,0,0,0,0,0,0,0,0,0,0,0,0,0,0,0,0,0,0,0,0,0,0,0,0,0,0,0,0,0,0,0,0,0,0,0,0,0,0,0,0,0,0,0,0,0,0,0,0,0,0,0,0,0,0,0,0,0,0,0,0,0,0,0,0,0,0,0,0,0,0,0,0,0,0,0,0,0,0,0,0,0,0,0,0,0,0,0,0,0,0,0,0,0,0,0,0,0,0,0,0,0,0,0,0
"MUS",0,0,0,0,0,0,0,0,0,0,0,0,0,0,0,0,0,0,0,0,0,0,0,0,0,0,0,0,0,0,0,0,0,39300,0,0,0,0,0,0,0,0,0,0,0,0,0,0,0,0,0,0,0,22794000,0,0,0,0,0,117900,0,0,0,0,0,0,0,0,0,0,0,0,0,0,0,393000,0,0,0,0,0,0,0,0,0,0,0,0,2986800,0,0,0,0,0,0,0,0,0,0,0,0,0,0,0,0,0,0,0,0,0,0,0,0,0,0,0,0,0,0,0,0,0,0,0,0,0,0,0,0,0,0,0,0,39300,0,0,0,0,0,0,0,0,0,0,0,0,0,0,0,19760400,0,0,0,0,0,39300,0,0,0,0,0,0,0,0,0,252600,0,0,0,0,0,0,0,0,0,0,1257600,0,0,0,0,0,0,0,0,0,0,0,0,0,0,0,0,0,0
"MEX",0,0,28846200,0,0,1588217400,9024600,1218300,0,58910700,16348800,0,0,0,443421900,0,1537888400,0,627633600,0,0,0,0,0,0,54113258100,0,0,0,0,2104521900,1108417200,6787806300,0,186753600,0,9367599600,3196261100,0,0,0,0,0,747079800,0,1119381900,45430800,9447955800,0,2082900,0,0,0,645760600,0,0,95499000,0,34741200,15231630900,0,0,0,0,0,0,20437495600,0,12733200,0,4315307100,31086300,1611300,0,0,37649400,3105900,0,0,0,1168310400,16500000,12288900,0,88739400,445573200,517541700,0,0,0,0,461539200,60404100,0,0,198189900,0,0,0,0,0,52465500,0,196342800,0,0,0,208407900,0,0,624084000,38985600,1221994200,0,0,0,24222258000,0,0,0,0,0,5505812100,0,119550600,0,7663500,5375296800,1179000,0,0,4935451200,393157200,0,0,0,0,0,0,0,0,0,1061100,0,7977900,5305500,0,441692700,0,0,97031700,0,0,522000,0,19099800,29553600,0,0,0,0,1268819400,0,0,87128100,85949100,1515840300,0,0,246568200,48771300,0,0,543912000,0,0,48644700,0,1500726825600,0,66870000,0,298955100,245782200,0,0,0,0,126532200,0,0,0,0,0,0
"MNG",0,0,0,0,0,0,0,0,0,0,0,0,0,0,0,0,0,0,0,0,0,0,0,0,0,0,0,0,0,0,0,281270100,0,0,0,0,0,0,0,0,0,0,0,0,0,0,0,0,0,0,0,0,0,0,0,0,0,0,0,0,0,0,0,0,0,0,0,0,0,0,0,0,0,0,0,0,0,0,0,0,0,0,0,0,0,38435400,0,0,0,0,39300,0,0,0,0,0,0,0,0,0,0,0,0,0,0,0,0,0,0,0,0,0,0,0,0,0,0,0,0,0,0,0,0,0,0,0,0,0,0,0,0,0,0,0,0,0,0,0,0,0,0,0,0,0,0,0,0,0,0,0,0,0,0,0,0,0,0,0,0,0,0,0,0,0,0,0,0,0,0,0,0,0,0,0,0,0,0,0,0,0,0,0,0,0,0,0,0,0,0,0,0,0,0,0,0
"MAR",0,0,0,0,0,0,0,0,0,0,0,0,0,0,0,0,0,0,0,0,0,0,0,0,941352900,1650600,0,558335100,0,0,0,0,0,0,589971600,0,0,0,0,0,13676400,39300,0,0,0,0,0,0,118450200,0,0,0,0,159833100,0,268654800,0,2829600,36706200,20986200,0,91844100,0,0,0,0,0,456233700,0,0,0,0,0,0,0,0,0,0,13676400,1100400,0,3183000,45155700,0,0,0,301234500,0,314400,0,0,0,0,0,0,274982100,0,55295100,95145300,0,0,0,0,0,0,1513010700,0,460908400,0,0,0,0,0,0,0,0,300252000,0,0,0,0,0,0,229197600,93651900,0,0,0,0,0,0,0,0,0,0,37452900,0,0,0,0,0,0,0,0,0,0,0,69914700,261266400,0,4087200,0,0,0,0,0,24366000,0,0,0,0,235800,0,0,0,0,0,8842500,0,0,5148300,774131400,48221100,1454100,0,0,0,0,0,164116800,0,0,0,0,0,59067900,0,0,56159700,0,0,0,0,0,33915900
"MOZ",0,0,0,0,0,0,0,0,0,0,0,0,0,0,0,0,0,0,0,0,0,0,0,0,0,0,0,0,0,0,0,0,0,0,0,0,0,0,0,0,0,0,0,0,0,0,0,0,0,0,0,0,0,0,0,0,0,0,0,0,0,0,0,0,0,0,0,0,0,0,0,0,0,0,0,0,0,0,0,0,0,0,0,0,0,0,0,0,0,0,0,0,0,0,0,0,0,0,0,0,0,0,0,0,0,0,0,0,0,0,0,0,0,0,0,0,0,0,0,0,0,0,0,0,0,0,0,0,0,0,0,0,0,0,0,0,0,0,0,0,0,0,0,0,0,0,0,0,0,0,0,0,0,0,0,0,0,0,0,0,0,0,0,0,0,0,0,0,0,0,0,0,0,0,0,0,0,0,0,0,0,0,0,0,0,0,0,0,0,0,0,0,0,0,0
"MDA",62644200,4558800,253022100,0,0,0,0,0,0,0,0,0,0,0,0,0,0,0,0,0,0,429470400,0,0,0,81272400,0,0,0,0,0,0,0,0,0,0,0,0,7506300,0,0,314400,0,0,269951700,0,0,0,0,158575500,0,0,0,444758100,0,0,6916800,0,0,0,527916900,0,0,398069700,0,0,0,0,0,0,0,0,1060785600,8331600,0,0,0,0,0,8881800,162230400,148200300,0,0,0,0,0,0,0,0,0,0,0,51758100,21968700,0,0,0,825300,39300,0,0,0,0,510900,0,0,0,0,0,17292000,0,0,0,0,0,0,0,0,9982200,0,0,0,0,0,0,0,0,668100,0,0,0,0,3936759600,0,0,0,0,0,0,8788069500,0,86735100,0,0,0,0,0,0,0,0,0,0,0,0,0,17881500,0,0,0,0,0,0,0,0,0,0,0,0,0,0,0,0,0,0,0,38867700,223617000,252541800,0,0,0,0,0,0,0,0,0,708814800,0,885193200,11790000,0,0,0
"NAM",0,0,0,0,0,0,0,0,0,0,0,0,0,0,0,1283700,0,0,6405900,0,0,0,0,0,0,78600,0,0,0,0,0,0,0,0,0,0,0,0,3183300,0,0,2554500,0,0,0,0,0,0,0,0,0,0,0,0,0,0,5148300,0,0,3969300,0,0,0,157200,0,0,0,0,0,0,0,0,0,0,0,589500,0,0,0,0,0,0,0,0,0,0,0,0,0,0,0,0,0,0,0,0,0,78600,0,2043600,0,0,0,0,0,0,37531500,0,0,0,0,0,0,0,0,0,943200,0,0,0,0,0,0,0,0,0,0,2475900,0,0,0,0,0,39300,0,0,0,0,0,52200,0,0,0,0,0,0,0,0,0,668100,0,0,0,1336200,0,10768200,0,0,0,0,0,0,0,0,0,0,0,0,0,0,0,0,0,0,0,0,80250600,39300,78600,0,0,0,0,0,0,0,36113100,0,0,0,0,0,0,0,0
"NPL",0,0,0,0,0,0,0,0,0,0,0,0,0,0,0,0,0,0,0,0,0,0,0,0,0,0,0,0,0,0,0,3324000,0,0,0,0,0,0,0,0,0,0,0,0,0,0,0,0,0,0,0,0,0,0,0,0,0,0,0,0,0,0,0,0,0,0,0,0,0,0,0,0,0,0,0,0,0,0,0,0,0,0,0,0,0,0,0,0,0,0,0,0,0,0,0,0,0,0,0,0,0,0,0,0,0,0,0,0,0,0,0,0,0,0,0,0,0,0,0,0,0,0,0,0,0,0,0,0,0,0,0,0,0,0,0,0,0,0,0,0,0,0,0,0,0,0,0,0,0,0,0,0,0,0,0,0,0,0,0,0,0,0,0,0,0,0,0,0,0,0,0,0,0,0,0,0,0,0,0,0,0,0,0,0,0,0,0,0,0,0,0,0,0,0,0
"NLD",4848342100,2603485200,4296965900,31368155500,25584300,1815447300,37489752000,331234658000,263899500,1286038200,274117500,678657600,0,0,1100400,0,28907217000,0,10925400,0,589512300,75867856600,8606700,798600,152785200,66037575500,673326000,13647900,6485789400,22571100,7808995200,64195055900,226578300,0,1589277900,0,576856800,5541300,3874816300,234960900,2724300,73843662300,8763900,475771500,4990701900,616138800,43543953400,154016700,442475400,13563071900,36038100,135702900,68827106100,959136224700,260896800,2615808000,926088000,498245400,134766300,3777489107300,6575617500,1093264800,0,82703542500,0,0,3243547800,238051200,129111300,110184000,0,27474747100,66649202000,31020039300,13978128900,16383269400,15593751300,17717978300,3138400200,29100277500,42198859000,402371839900,279737400,12029298900,770251500,78988958300,34904694600,277458000,4706826600,0,0,57831377500,6483315900,23163060500,0,23425828200,0,82077300,11132647300,18156176900,28099500,936833400,62211900,12512682900,612240000,122559900,4393008900,772270500,1097773500,23307595100,3114398100,30360230300,1023355200,4321760500,3022500,1681175400,0,0,483665100,7597660500,0,12215877800,0,5737800,3830492400,68867773700,2322402300,1807688700,101491267500,48103200,893884200,1947538500,12816073500,423153965900,35024274100,0,0,13610400,9370747400,42837000,43339638600,0,173704753300,275100,628800,4205100,0,64254983500,352132800,125393100,29230200,18657384400,151998752400,84448075500,18715800,35604951900,225803198800,3790113300,0,0,156088585100,316631703300,4714739100,396480000,10545484400,291095100,8321076800,24523200,0,99481200,1700413300,7448764000,228097400200,125372015600,268419000,0,858609919100,263933534200,392348640700,52384200,1564004400,4498411600,37492200,3113052000,1350709800,1095960900,1081377000,362031600,1508642430900,1797200300,45568313600,1726252500,249751500,0,5335287900
"ANT",0,0,0,0,0,0,0,0,0,0,0,0,0,0,0,0,0,0,0,0,0,0,0,0,0,0,0,0,0,0,0,0,0,0,0,0,0,0,0,0,0,0,0,0,0,0,0,0,0,0,0,0,0,0,0,0,0,0,0,0,0,0,0,0,0,0,0,0,0,0,0,0,0,0,0,0,0,0,0,0,0,0,0,0,0,0,0,0,0,0,0,0,0,0,0,0,0,0,0,0,0,0,0,0,0,0,0,0,0,0,0,0,0,0,0,0,0,0,0,0,0,0,0,0,0,0,0,0,0,0,0,0,0,0,0,0,0,0,0,0,0,0,0,0,0,0,0,0,0,0,0,0,0,0,0,0,0,0,0,0,0,0,0,0,0,0,0,0,0,0,0,0,0,0,0,0,0,0,0,0,0,0,0,0,0,0,0,0,0,0,0,0,0,0,0
"NCL",0,0,0,0,0,0,0,0,0,0,0,0,0,0,0,0,0,0,0,0,0,0,0,0,0,0,0,0,0,0,0,432300,0,0,0,0,0,0,0,0,0,0,0,0,0,0,0,0,0,0,0,0,0,39300,9982200,0,0,0,0,0,0,0,0,0,0,0,0,0,0,0,0,0,0,0,0,0,39300,0,0,0,0,0,0,0,0,69914700,0,0,0,0,0,0,0,0,0,0,0,0,0,0,0,0,0,0,0,0,0,0,0,0,0,0,0,0,0,0,0,0,0,0,0,0,0,0,0,0,0,0,0,0,0,0,0,0,0,0,0,0,0,0,0,0,0,0,0,0,0,0,0,0,0,0,0,0,0,0,0,0,0,0,0,0,0,0,0,0,0,0,0,0,0,0,0,0,0,0,0,0,0,0,0,0,0,0,0,0,0,0,0,0,0,0,0,0,0
"MKD",0,0,1316968900,0,0,0,45417600,21104100,0,0,0,31950900,0,0,0,0,0,0,0,0,0,3057348300,0,0,0,349756200,0,0,0,0,0,39300,0,0,0,0,0,0,31715100,0,39300,0,0,0,0,0,0,0,0,57670200,0,0,30575400,120926100,0,0,0,0,0,675671700,5057659200,0,0,59774100,0,0,0,0,0,0,0,0,1343077500,3373197600,0,0,0,0,505594500,0,297972600,129139800,0,0,0,0,403532400,0,0,1375500,0,0,0,0,0,39300,0,0,23540700,20278800,0,0,0,0,0,0,2004300,0,1179000,0,0,78600,0,0,0,0,42640500,0,0,0,0,0,0,0,0,15248400,0,0,351027600,0,0,0,0,0,20789700,0,0,0,9274800,0,1294542000,0,5934300,0,0,0,0,1375500,0,0,0,2205044400,0,22440300,0,471600,579989400,0,0,0,963753900,73923300,0,0,99232500,0,0,0,0,196500,0,0,510900,7388400,0,0,25741500,50972100,280822200,0,0,0,0,0,0,77263800,0,0,50264700,0,4388025900,767181300,0,0,203849100
"VUT",0,0,0,0,0,0,36039900,0,0,0,0,0,0,0,0,0,0,0,0,0,0,0,0,0,0,0,0,0,0,0,0,0,0,0,0,0,0,0,0,0,0,0,0,0,0,0,0,0,0,0,0,0,0,0,2028600,0,0,0,0,0,0,0,0,0,0,0,0,0,0,0,0,0,0,0,0,0,869400000,0,0,0,0,235607400,0,0,0,21335100,0,0,0,0,0,0,0,0,0,0,0,0,0,0,0,0,0,9501300000,0,0,0,0,0,0,0,0,0,0,0,0,0,0,0,0,0,35181600,0,0,0,0,0,0,0,0,0,0,0,0,0,0,0,0,0,0,0,0,496800,0,0,0,0,0,0,0,0,0,0,2943788400,0,0,0,0,0,0,0,0,0,0,0,0,0,0,0,0,0,0,0,0,0,0,121343400,0,0,0,0,0,0,0,0,0,0,0,204309000,0,0,0,0,0,0
"NZL",0,0,0,0,0,0,52525185000,0,0,49675200,0,0,0,0,0,0,0,0,0,109208100,6956100,0,1965000,0,0,990556500,0,0,1414800,0,0,2570107800,0,0,0,363489000,0,0,0,0,0,10296600,0,0,0,0,0,0,0,0,0,1081273500,0,432300,258617100,0,0,0,0,9864000,0,0,1532700,0,0,0,0,0,0,0,0,480762300,0,0,0,20907600,233599200,0,0,0,0,0,0,0,0,136135200,0,0,29475000,0,0,466608900,157200,0,0,0,0,0,0,0,432300,0,0,2834237400,1611300,0,0,0,0,0,0,0,0,0,0,0,16781100,0,164181000,0,44803800,0,0,0,0,0,919620000,0,0,338674200,0,0,174963600,0,0,0,0,0,348551700,0,0,0,0,0,0,0,0,32658300,0,0,0,0,0,3311229000,0,353700,0,0,0,0,0,2709300,0,0,13479900,0,119281800,0,167522400,0,39064200,0,0,506694900,0,0,316714800,0,51612000,0,0,0,0,24876900,0,0,0,0,0,0,0,0,0,0,0
"NIC",0,0,0,0,0,0,2111400,0,0,0,0,0,0,0,0,0,0,0,0,0,0,0,0,0,0,3549600,0,0,0,0,0,0,0,0,0,0,75521800,0,0,0,0,195397200,0,0,0,0,0,6696905400,0,0,0,0,0,621000,0,0,0,0,0,106461900,0,0,0,0,0,0,14133596700,0,0,0,77760900,0,1117800,0,21528000,0,0,0,0,0,0,864237300,0,0,0,22984200,0,0,0,0,0,0,1283400,0,0,0,0,0,0,0,0,0,0,0,0,0,0,0,0,0,0,0,0,0,0,0,922372600,0,0,0,0,312156000,0,0,0,0,0,0,263842200,0,0,0,0,0,0,0,0,0,0,0,0,0,0,0,0,0,0,0,0,0,0,0,0,0,0,0,209980800,0,0,0,0,0,0,0,1449000,0,0,0,0,0,0,0,289800,0,0,0,0,0,702769500,0,0,0,0,0,0,0,0,0,11528947800,0,0,0,0,0,0
"NER",0,0,0,0,0,0,0,0,0,0,0,0,0,0,0,0,0,0,0,0,0,0,0,0,0,0,0,0,0,67813200,0,159558000,0,0,0,0,0,0,0,0,0,0,0,0,0,0,0,0,0,0,0,0,0,0,0,0,0,0,0,0,0,0,0,0,0,0,0,0,0,0,0,0,0,0,0,123087600,0,19296300,0,0,0,0,0,0,0,0,0,0,0,0,0,0,0,0,0,0,0,0,0,0,0,0,0,0,0,0,0,0,0,0,0,131262000,0,0,0,0,0,0,0,0,0,0,0,0,256680000,0,0,0,0,0,0,0,0,0,0,0,0,0,0,0,0,0,0,0,0,0,0,0,0,0,0,0,0,0,0,0,0,0,0,0,0,0,0,0,0,0,0,0,0,0,0,0,44841300,0,0,0,0,0,0,0,0,0,0,0,0,0,0,0,0,0,0,0,0,0,0
"NGA",4969407600,0,0,0,0,0,37260000,1910700,0,314400,0,0,0,0,0,0,0,0,0,0,0,0,0,0,345171900,22894419300,0,0,0,0,0,13689583200,0,0,0,0,0,0,117900,0,35690700,0,0,0,28320000,0,1491890700,0,0,2004919200,0,0,0,14336843700,0,0,117900,0,1768500,432423338400,57093300,405072600,0,0,0,0,0,0,0,0,0,0,0,0,0,7288000,251418853500,0,0,4401600,0,40091643000,3574200,0,0,0,0,0,0,0,0,39300,0,0,0,39300,0,0,0,0,0,0,0,180745848000,0,0,0,0,0,7.83e+08,0,0,0,0,39300,0,1248358989300,0,0,0,0,0,0,1434327600,0,2436600,71100,0,196500,0,0,0,0,850975500,0,0,0,0,0,0,0,1422000,96872526900,0,0,0,0,4479300,0,0,78300,0,628800,117664200,0,9507300,112218725700,0,0,0,157200,6254323200,0,0,38631900,0,471600,879023100,0,0,0,0,25534427400,19060500,0,0,23368061100,151277300,47171626200,0,2255040000,0,0,13440600,0,0,0,0,213805195100,0,1567570000,21330000,0,0,0
"NOR",0,0,0,0,0,0,353700,157121400,0,0,0,0,0,0,0,0,0,0,0,0,0,0,0,0,0,0,0,0,0,0,39300,1727700,0,0,0,0,0,0,0,0,0,2482393500,0,0,0,0,0,0,0,585648600,17213400,0,1210526400,267240000,0,0,39300,0,0,14373778500,0,0,0,1179000,0,0,0,0,0,0,0,2947500,117900,0,18667500,0,0,0,0,0,0,0,0,0,0,471600,0,0,0,0,0,275100,275100,5226900,0,0,0,0,0,83826900,0,0,0,0,0,0,1061100,0,0,275100,0,0,0,0,1886400,0,142012200,0,0,0,0,39300,0,0,0,0,0,0,0,0,0,0,0,180072600,0,0,0,0,0,0,0,0,838200,0,0,0,0,0,0,0,0,0,0,78600,26100,0,45585900,0,0,0,39824174400,244764000,0,0,0,275100,0,0,0,0,0,0,0,353700,0,0,1139071200,0,40282500,0,0,0,0,0,0,0,0,0,0,0,0,0,0,0,0
"PAK",0,12841200,0,0,0,0,550200,0,0,0,0,0,0,0,0,0,0,0,0,0,0,0,0,0,0,0,0,0,0,0,0,0,0,0,0,0,0,0,0,0,0,0,0,17724300,0,0,0,0,0,0,0,0,0,0,0,0,0,0,0,0,0,0,0,0,0,0,0,9028800,0,0,0,0,0,0,0,0,0,0,6956100,0,0,0,0,0,0,0,0,0,10218000,0,0,0,0,0,0,0,0,0,0,0,0,0,235800,0,2082900,0,0,0,0,0,0,0,17567100,0,6995400,0,0,0,0,0,0,0,0,0,0,0,0,0,0,0,0,0,0,0,0,0,0,0,1429930500,0,0,0,0,0,0,0,0,0,0,0,0,0,0,0,0,0,0,0,0,0,0,0,0,0,0,0,0,0,0,0,0,0,0,0,0,0,0,0,652500,0,0,0,0,0,0,24994800,0,0,0,0,0,0,0,0,0
"PAN",0,0,0,0,0,186700000,18257400,0,0,0,4401600,0,0,0,0,0,348394500,0,9510600,0,0,0,0,0,0,0,0,0,0,0,303081600,0,4170377400,0,0,0,614219700,954479100,0,0,0,0,1532700,684959700,0,814178100,0,627385200,0,0,0,0,0,25585200,0,0,0,0,0,2051908200,0,0,0,0,0,275100,234548400,0,6523800,126663900,460648800,0,0,0,0,0,0,0,0,0,0,58622400,0,0,7152600,351734400,0,0,0,0,0,0,0,0,0,0,0,0,0,0,0,0,0,0,0,0,0,0,0,78600,0,0,0,0,0,0,2176550000,0,0,0,0,4140000,160108200,0,0,0,0,0,0,0,28454700,82913700,0,874820000,0,0,0,0,0,0,0,0,0,0,393000,0,0,0,0,0,0,0,0,0,0,252540000,246714800,0,0,0,0,0,0,0,1117800,0,0,0,0,37374300,0,0,0,0,0,0,0,0,1431890700,0,78537500,0,309538800,0,0,0,0,0,923192100,0,0,0,0,0,0
"CZE",83787600,0,0,37728000,0,0,21222000,11606783100,0,0,0,0,0,0,0,0,0,0,0,0,6288000,1349706000,0,0,0,799912200,0,0,0,0,19571400,3103717500,10021500,0,0,0,0,39300,118489500,15562800,0,1226579100,0,0,371976600,0,0,0,0,141760200,235800,0,223284000,11297934000,0,0,105088200,0,0,51739826100,305714700,0,0,657015600,0,0,0,0,0,0,0,8803200,36653651100,1300991400,2082900,0,314400,62722800,21654300,1532700,390209700,3233181900,0,668100,0,734674200,0,0,0,0,0,29553600,572876100,240589500,0,38356800,0,0,0,854240100,1572000,0,0,13558500,196500,0,46231500,0,14619600,0,116634900,1218300,0,50225400,0,0,10085496900,0,0,3930000,0,92119200,0,0,0,122694600,0,0,0,0,0,2200800,117900,73254908100,2618008800,0,0,0,9274800,0,5363415000,0,7641045600,0,0,0,0,419881200,0,39300,0,892738800,171507523400,39300,0,73215900,3816894600,0,45273600,0,431199600,167614500,0,0,35684400,9510600,0,0,0,0,26448900,0,102533700,1145140500,0,0,14790300000,3562623600,263467200,0,432300,18601500,0,51050700,0,0,0,0,14492569200,9746400,134044500,12025800,0,0,0
"PNG",0,0,0,0,0,0,776180700,0,0,0,0,0,0,0,0,0,0,0,0,39300,0,0,0,0,0,803242800,0,0,0,0,0,62100000,0,0,0,0,0,0,0,0,0,0,0,0,0,0,0,0,0,0,0,0,0,331200,0,0,0,0,0,1125003600,0,0,0,0,0,0,0,0,0,0,0,0,0,0,0,0,49466790000,0,0,0,0,0,0,0,0,76300200,0,0,0,0,0,0,0,0,0,0,0,0,0,0,0,0,0,104842477800,0,0,0,0,0,0,0,0,0,0,0,0,6440763600,0,0,0,0,140760000,0,0,0,0,0,0,0,0,0,0,707400,0,0,0,0,0,0,0,0,0,7203600,0,0,0,0,0,0,0,0,0,0,16506842400,0,82800,87828500,0,0,0,0,8321400,0,0,0,0,78600,0,0,0,0,0,0,2318400,0,0,43552800,0,49883356800,0,0,0,0,0,0,0,0,0,27339152400,0,0,0,0,0,0
"PRY",0,0,0,0,0,0,0,0,0,0,0,0,0,0,0,0,0,0,0,0,0,0,0,0,0,12261600,0,0,0,0,0,0,0,0,0,0,0,0,0,0,0,0,0,0,0,0,0,0,0,0,0,0,0,0,0,0,0,0,0,0,0,0,0,0,0,0,0,0,0,0,0,0,0,0,0,0,0,0,0,0,0,0,0,0,0,0,0,0,0,0,0,0,0,0,0,0,0,0,0,0,0,0,0,0,0,0,0,0,0,0,0,0,0,0,0,0,0,0,0,0,0,0,0,0,0,0,0,0,0,0,0,0,0,0,0,0,0,0,0,0,0,0,0,0,0,0,0,0,0,0,0,0,0,0,0,0,3890700,0,0,0,0,0,0,0,0,0,0,0,0,0,0,0,0,0,0,0,0,0,0,0,2043600,0,0,0,0,0,0,0,0,0,0,0,0,0,0
"PER",0,0,2610000,9532350000,0,8250815500,6426249500,9566700,0,0,0,0,0,0,9032137600,0,5467987700,0,0,0,0,249380400,0,0,0,8902965400,0,0,39861000,0,10549814700,120894600,10627128600,0,0,0,2560442400,0,0,0,0,222350900,0,73264800,0,8622132900,0,39041100,0,5699397000,0,0,194418600,7904511400,0,0,5323200,0,0,53419574900,0,0,0,60536700,0,0,117846300,0,0,0,448722600,31392600,15965100,626400,0,8922028500,97359924600,0,0,18628200,274979600,41605212300,0,0,0,2874897900,0,0,0,0,0,3147487500,9672900,0,0,2218500,0,0,0,2740500,0,0,0,49395542400,0,0,0,0,0,27921361500,0,0,0,0,0,0,174074302200,0,0,130500,0,478183600,0,0,0,71471400,0,453319200,64327900,0,796021500,0,0,22797100,292551600,0,0,0,0,0,0,0,362785800,0,0,0,0,12275100,0,0,0,288800,8329500,2210891400,0,265099800,27892458600,0,0,0,59649800,2830861300,0,0,82743300,0,94889700,0,0,414000,0,0,57165000,18837000,0,0,5384923700,498600,119175654000,0,0,0,57900300,0,0,0,0,0,59357479900,0,0,104700,0,0,0
"PHL",0,0,0,0,0,0,255359100,157200,0,0,0,0,0,0,0,0,0,0,0,0,314400,0,0,0,26409600,42406500,0,0,0,0,0,789615300,0,0,0,0,0,0,0,0,0,0,0,0,0,0,0,0,0,0,0,0,0,0,0,0,0,0,0,5255925300,0,202552200,0,0,0,0,0,0,0,0,0,218801100,0,0,0,42903900,761148000,0,0,0,39221400,0,140104500,0,0,38325600,0,0,107092500,9235500,0,212605200,129155400,0,0,0,0,0,0,0,8954400,0,0,21068776800,157200,0,0,0,45312900,0,33287100,0,0,0,0,0,712532700,0,0,0,15916500,1119900,0,0,314400,0,235800,0,0,0,0,0,0,0,0,0,0,0,79464600,0,0,87285300,0,0,0,0,0,172094700,0,0,0,0,0,3362571600,0,0,13558500,0,0,0,0,0,0,0,53020500,172644900,3140845800,0,0,0,0,0,0,80447100,141087000,0,81186300,0,1253281200,0,0,0,0,5107960800,0,0,0,0,1324800,0,0,0,0,0,0
"POL",1394801400,90154200,4376277600,4134870900,0,1079885400,27583371600,39284751900,0,291723600,6759600,352521000,0,0,0,903900,7320253200,0,12299700,0,0,29886216000,0,0,18195900,13841597100,6838200,0,538920900,0,2204795100,3074107200,601368600,0,116406600,0,146392500,0,793833900,970224900,0,15052362300,0,0,8180118200,41225700,7029198000,20436000,0,7450503000,0,0,7452301800,200851090500,0,0,845369100,0,0,527096493300,8168924100,9510600,0,20419572300,0,320700,65316600,71683200,0,0,15562800,3854465400,95047530300,42034609800,308738400,1529673900,10100100,1651956900,2403933300,9061474200,7406961300,51217321200,0,382389000,0,4461414600,10297019100,5462700,107131800,1336200,0,5825374500,730036800,12270816900,0,2483763000,0,10925400,10059229200,49974718600,0,5855700,510900,329084400,588871200,471600,1569489900,767882700,82294200,1180572000,4228129800,1069706700,0,834407700,2829600,0,237325052700,0,9903600,6786657800,0,1035266700,16820400,6405900,313260300,7537748400,982775100,84259200,118692093600,0,32815500,110668800,482879100,0,5866074000,0,0,0,796953300,0,118955630300,0,86783684700,0,0,0,82800,10306359300,95695500,65824200,362542500,10341200700,75198852600,4171333500,0,17952728400,24184780200,10768200,1283700,0,77324772900,13165911400,562008000,231870000,3934794600,0,709704900,0,0,2240100,844203300,108585900,7147074300,7904420100,82412100,0,609003093700,91229329200,78127076400,0,653362500,208314900,0,440631600,7020900,173270100,180897900,10532400,99733545100,88893000,47291731200,1869186600,3340500,0,2579848500
"PRT",11318400,0,0,319312500,78600,0,257965200,78600,0,38710500,0,0,0,0,0,0,1433205300,0,0,0,0,93809100,0,0,39300,169731600,1223342100,0,0,0,21732900,124698900,5030400,0,0,0,0,393000,42365400,0,0,235800,0,943200,0,0,5109000,0,6170100,9864300,0,0,1768500,3569849400,0,0,117900,0,0,169055400,0,2947500,0,1402321500,0,0,0,7492500,0,0,0,383096400,87543300,0,0,77971200,39300,1179000,92119200,186269100,248376000,1032455100,0,0,0,88975200,17881500,0,2218500,0,0,864600,330709500,0,0,152601900,0,0,101472600,189982600,29326800,0,0,0,39300,0,5881500,218154300,0,72744300,0,127819200,489910800,0,707400,0,416400700,0,0,0,0,0,0,0,84416400,39300,48928500,314400,38323800,0,16466700,20514600,43701600,341006100,0,130504500,0,0,116786400,0,122262300,13951500,222320100,0,0,0,420140100,198425700,550200,0,0,0,47828100,58714200,0,1073636700,22602726500,196500,0,0,17606400,635586000,0,0,0,0,0,2318700,0,0,7742100,19327500,24523200,986862300,0,0,1534179900,56199000,289526100,0,44841300,0,47828100,0,62585400,0,2633100,0,752696100,1756512400,0,0,0,0,83826900
"GNB",0,0,0,0,0,0,0,0,0,0,0,0,0,0,0,0,0,0,0,0,0,0,0,0,0,0,0,0,0,0,0,0,0,0,0,0,0,0,0,0,0,0,0,0,0,0,0,0,0,0,0,0,0,0,0,0,0,0,0,0,0,0,0,0,0,0,0,0,0,0,0,0,0,0,0,0,0,0,0,0,0,0,0,0,0,0,0,0,0,0,0,0,0,0,0,0,0,0,0,0,0,0,0,0,0,0,0,0,0,0,0,0,0,0,0,0,0,0,0,0,0,0,0,0,0,0,0,0,0,0,0,0,0,0,0,0,0,0,0,0,0,0,0,0,0,0,0,0,0,0,0,0,0,0,0,0,0,0,0,0,0,0,0,0,0,0,0,0,0,0,0,0,0,0,0,0,0,0,0,0,0,0,0,0,0,0,0,0,0,0,0,0,0,0,0
"TLS",0,0,0,0,0,0,0,0,0,0,0,0,0,0,0,0,0,0,0,0,0,0,0,0,0,0,0,0,0,0,0,0,0,0,0,0,0,0,0,0,0,0,0,0,0,0,0,0,0,0,0,0,0,0,0,0,0,0,0,0,0,0,0,0,0,0,0,0,0,0,0,0,0,0,0,0,0,0,0,0,0,0,0,0,0,0,0,0,0,0,0,0,0,0,0,0,0,0,0,0,0,0,0,0,0,0,0,0,0,0,0,0,0,0,0,0,0,0,0,0,0,0,0,0,0,0,0,0,0,0,0,0,0,0,0,0,0,0,0,0,0,0,0,0,0,0,0,0,0,0,0,0,0,0,0,0,0,0,0,0,0,0,0,0,0,0,0,0,0,0,0,0,0,0,0,0,0,0,0,0,0,0,0,0,0,0,0,0,0,0,0,0,0,0,0
"ERI",0,0,0,0,0,0,0,0,0,0,0,0,0,0,0,0,0,0,0,0,0,0,0,0,0,0,0,0,0,0,0,0,0,0,0,0,0,0,0,0,0,0,0,0,0,0,0,0,0,0,0,0,0,0,0,0,0,0,0,0,0,0,0,0,0,0,0,0,0,0,0,0,0,0,0,0,0,0,0,0,0,0,0,0,0,0,0,0,0,0,0,0,0,0,0,0,0,0,0,0,0,0,0,0,0,0,0,0,0,0,0,0,0,0,0,0,0,0,0,0,0,0,0,0,0,0,0,0,0,0,0,0,0,0,0,0,0,0,0,0,0,0,0,0,0,0,0,0,0,0,0,0,0,0,0,0,0,0,0,0,0,0,0,0,0,0,0,0,0,0,0,0,0,0,0,0,0,0,0,0,0,0,0,0,0,0,0,0,0,0,0,0,0,0,0
"QAT",0,0,0,0,0,0,0,0,0,0,0,0,0,0,0,0,0,0,0,0,0,0,0,0,0,0,0,0,0,0,0,0,0,0,0,0,0,0,0,0,0,0,0,0,0,0,0,0,0,0,0,0,0,1925700,0,0,0,0,0,0,0,0,0,0,0,0,0,0,0,0,0,0,0,0,0,0,0,0,0,0,0,0,0,0,0,0,0,0,0,0,0,0,41658000,0,0,0,0,0,0,0,0,0,0,0,0,0,0,0,0,0,0,0,0,0,0,0,0,0,0,0,0,0,0,0,0,0,0,0,0,0,0,0,0,0,0,0,0,0,0,0,0,0,0,0,0,0,0,0,0,0,0,0,0,0,0,0,0,0,0,0,0,0,0,0,0,0,0,0,0,0,33169200,0,0,0,0,0,0,0,0,0,0,0,0,0,0,0,0,0,0,0,0,0,0,0,0
"ZWE",0,0,0,0,0,0,213300,0,0,0,0,0,0,0,0,0,0,0,0,0,0,0,0,0,0,0,0,0,0,0,0,0,0,0,0,0,0,0,0,0,0,0,0,0,0,0,0,0,0,0,0,0,0,0,0,0,0,0,0,0,0,0,0,0,0,0,0,0,0,0,0,0,0,0,0,0,0,0,0,0,0,0,0,0,0,284400,0,0,0,0,0,0,0,0,0,0,0,0,0,0,0,0,0,0,0,0,0,0,0,0,0,0,16938300,0,0,0,0,0,0,0,0,0,0,0,0,0,0,0,0,0,0,0,0,0,0,0,0,0,0,0,0,0,0,0,0,0,0,0,0,0,0,0,0,0,0,4416000,0,0,0,0,0,0,0,0,0,0,0,0,0,0,0,0,0,14226600,0,0,0,0,3057300,0,0,0,0,0,0,0,0,71683200,0,0,0,0,0,0,0
"ROU",0,0,365531100,0,0,0,3301200,1363260300,0,0,0,0,0,0,0,0,0,0,0,0,0,63450107700,0,0,0,390917100,0,0,0,0,276986400,528860100,0,0,87639000,0,471600,0,650073000,0,0,41186400,0,0,0,0,23815800,0,0,10611000,0,0,2161500,320106300,0,0,74445300,0,0,6911599800,1618924200,0,0,7303759200,0,0,2633100,0,0,0,0,258030600,5756439600,745521000,4244400,64530600,18864000,756900,81626100,60552600,712509000,3672375300,0,0,0,471600,183177300,0,13637100,0,0,8292300,94673700,194793800,0,618503400,0,0,1052493300,671204700,0,0,0,12025800,0,0,12733200,0,0,0,0,39300,0,3577206900,0,0,2199385200,0,0,801461700,0,943200,0,0,0,6091500,0,0,459428400,0,0,0,727600200,11113930800,2174400,0,0,0,15798600,0,0,0,332522400,0,0,0,0,4234130700,0,0,19818600,236507400,5168067900,24680400,0,3694200,934848200,0,1139700,0,11436300,1401600,0,0,230180100,0,85713300,0,0,0,4283700,0,4349678700,1172829900,0,0,4170633000,398278200,1031664300,0,39300,0,0,0,982500,135506400,62369100,0,2972808600,864600,1139401500,51876000,0,0,134052300
"RWA",0,0,0,0,0,0,0,0,0,0,0,0,0,0,0,0,0,0,0,0,0,0,0,0,0,0,0,0,0,0,0,0,0,0,0,0,0,0,0,0,0,0,0,0,0,0,0,0,0,0,0,0,0,0,0,0,0,0,0,99036000,0,0,0,0,0,0,0,0,0,0,0,0,0,0,0,0,0,0,0,0,0,0,0,0,0,0,0,0,0,0,0,0,0,0,0,0,0,0,0,0,0,0,0,0,0,0,0,0,12615300,0,0,0,0,0,0,0,0,0,0,0,0,0,0,0,0,0,0,0,0,0,0,0,0,0,0,0,0,0,0,0,0,0,0,0,0,0,0,0,0,0,0,0,0,0,0,0,0,0,0,0,0,0,0,0,0,0,0,0,0,0,0,0,0,20121600,353700,0,0,0,353700,0,0,0,0,0,0,0,125997900,0,0,0,0,0,0,0,0
"RUS",63348165300,2815176900,0,1364849700,0,0,69285900,117900,0,0,0,0,0,0,0,0,0,0,0,0,0,962496300,0,0,0,1426666800,0,432300,550200,0,0,334901507600,0,0,0,0,18117300,115974300,11632800,129155146900,0,8213700,0,0,217074826000,9589200,8698583400,0,0,10908343800,0,0,188089800,196500,0,0,74321376900,0,0,25114702100,0,0,0,207123900,0,0,0,0,0,0,0,16584600,382231800,0,0,2082900,0,1147049100,26932329300,0,11466216300,1536079800,0,415757377700,0,293610300,5122479900,113789248200,0,4598100,0,1481374200,1807800,5373523900,17174100,9628342800,0,0,8296937400,6146902800,0,0,0,686242800,17763600,0,0,0,0,571107600,65088212400,1352784600,0,23317600500,0,0,22838687400,0,0,0,0,26632200,0,0,0,1231200,0,1454100,513847500,471300,0,0,44605500,2347074600,0,0,0,0,578849700,0,379755900,0,0,0,0,0,0,77917594800,0,0,0,0,9471300,4107161400,0,746700,881199000,0,61026667800,0,0,1061100,0,18794773300,2518147500,0,1414800,0,0,0,0,1388783400,2092725000,81696093300,4205100,0,3537982500,67373486200,9870796700,0,0,91352333400,0,3490704600,0,424911600,0,0,0,0,1930258800,22715400,0,0,402825000
"KNA",0,0,0,0,0,0,0,0,0,0,0,0,0,0,0,0,0,0,0,0,0,0,0,39300,0,0,0,0,0,0,0,0,0,0,0,0,0,0,0,0,0,0,0,0,0,0,0,0,0,0,0,0,0,0,0,0,0,0,0,0,0,0,0,0,0,0,0,0,0,0,0,0,0,0,0,0,0,0,0,0,0,0,0,0,0,0,0,0,0,0,0,0,0,0,0,0,0,0,0,0,0,0,0,0,0,0,0,0,0,0,0,0,0,0,0,0,0,0,0,0,0,0,0,0,0,0,0,0,0,0,0,0,0,0,0,0,0,0,0,0,0,0,0,0,0,0,0,0,0,0,0,0,0,0,0,0,0,0,0,0,0,0,0,0,0,0,0,0,0,0,0,0,0,0,0,0,0,0,0,0,0,0,0,0,0,0,0,0,0,0,0,0,0,0,0
"LCA",0,0,0,0,377400,0,0,0,0,0,1296900,0,0,0,0,0,0,0,0,0,0,0,0,0,0,0,0,0,0,0,0,0,0,0,0,0,0,0,0,0,0,0,1465400,0,0,0,0,0,0,0,0,0,0,825300,0,0,0,0,0,0,0,0,0,0,0,0,0,0,0,0,0,0,0,0,0,0,0,0,0,0,0,0,0,0,0,0,0,0,0,0,0,0,0,0,0,0,0,0,0,0,0,0,0,0,0,0,0,0,0,0,0,0,0,0,0,0,0,0,0,0,0,0,0,0,0,0,0,0,0,0,0,0,0,0,0,0,0,0,0,0,0,0,0,26100,0,117900,0,0,0,0,0,0,0,0,0,0,0,0,0,0,0,0,0,0,0,0,0,0,0,0,0,0,0,0,0,0,49470900,0,149597700,0,0,0,0,0,0,0,0,0,0,0,0,0,0,0,0
"VCT",0,0,0,0,0,0,0,0,0,0,0,0,0,0,0,0,0,0,0,0,0,0,0,0,0,0,0,0,0,0,0,0,0,0,0,0,0,0,0,0,0,0,0,0,0,0,0,0,0,0,0,0,0,0,0,0,0,0,0,0,0,0,0,0,0,0,0,0,0,0,0,0,0,0,0,0,0,0,0,0,0,0,0,0,0,0,0,0,0,0,0,0,0,0,0,0,0,0,0,0,0,0,0,0,0,0,0,0,0,0,0,0,0,0,0,0,33120000,0,0,0,0,0,0,0,0,0,0,0,0,0,0,0,0,0,0,0,0,0,0,0,0,0,0,0,0,0,0,0,0,0,0,0,0,0,0,0,0,0,0,0,0,0,0,0,0,0,0,0,0,0,0,0,0,0,0,0,52702500,0,0,0,0,0,0,0,0,0,0,0,122833800,0,0,0,0,0,0
"STP",0,0,0,0,0,0,0,0,0,0,0,0,0,0,0,0,0,0,0,0,0,0,0,0,0,0,0,0,0,0,0,0,0,0,0,0,0,0,0,0,0,0,0,0,0,0,0,0,0,0,0,0,0,362701800,0,0,0,4642500,0,1619322000,0,0,0,0,0,0,0,0,0,0,0,0,0,0,0,0,0,0,0,0,0,14708400,0,0,0,0,0,0,0,0,0,0,0,0,0,0,0,0,0,0,0,0,0,0,0,0,0,0,0,0,0,0,0,0,0,0,6682039800,0,0,0,0,0,0,0,0,0,0,0,1340400,0,0,0,0,0,254483700,0,0,0,0,0,0,0,0,0,0,0,0,0,0,0,0,0,0,0,0,0,259743600,0,0,0,0,51874200,0,0,0,0,0,0,0,0,0,0,0,982500,0,0,0,0,4920900,0,0,0,0,0,0,0,0,0,4040805600,0,0,0,0,0,0
"SAU",0,0,0,0,0,0,0,0,0,5456665800,0,0,0,0,0,0,0,0,0,0,0,0,0,0,0,0,0,0,0,0,0,62015400,0,0,0,0,0,0,0,0,0,0,0,0,0,0,2636794200,0,0,0,0,0,0,353700,0,39300000,0,0,748311300,0,0,0,0,0,0,0,0,0,0,0,0,37452900,0,0,0,40282500,0,0,10117582800,0,0,0,57967500,0,0,0,19171189800,0,0,0,0,0,10593330000,0,0,3277620000,0,386672700,466215900,0,0,0,0,0,0,0,0,0,0,0,0,0,0,0,0,0,14541000,0,0,0,0,0,0,0,421728300,0,12693900,0,0,0,0,0,0,0,0,0,0,0,0,0,86460000,0,0,0,0,0,0,0,0,0,90783000,0,0,64701000,254693100,0,0,0,0,0,0,0,0,0,0,0,0,0,0,0,8131759500,0,139554300,33545815500,0,0,0,0,4558800,0,0,0,0,0,0,6370423500,0,0,19257000,0,0,0,162691500,0,947523000
"SEN",0,0,0,0,0,0,0,0,0,0,0,0,0,0,0,0,0,0,0,0,0,0,0,149700,414000,0,2593800,0,0,0,0,0,0,0,1328536500,0,0,0,0,0,0,0,0,0,0,0,0,0,149536500,0,0,0,0,301089900,0,0,0,10139400,5078422500,0,0,0,0,0,0,0,0,10517795400,0,0,0,0,0,0,0,0,0,0,0,0,0,0,805217700,0,0,0,0,0,0,0,0,0,0,0,0,0,0,0,0,0,0,0,0,0,0,2041392600,0,12838978800,0,0,0,0,0,0,0,0,0,0,0,0,0,0,0,354093000,0,0,0,0,0,0,0,0,0,0,0,2916840900,0,0,0,0,0,0,0,0,0,0,0,0,0,0,0,0,0,0,0,0,0,0,0,0,0,0,0,0,0,0,0,102651600,0,0,0,0,0,157200,0,0,0,0,0,173443800,0,0,0,0,0,0,0,0,0,0,0,0,0,0,0
"SYC",0,0,0,0,0,0,0,0,0,0,0,0,0,0,0,0,0,0,0,0,0,0,0,0,0,0,0,0,0,0,0,0,0,0,0,0,0,0,0,0,0,0,0,0,0,0,0,0,0,0,0,0,0,0,0,0,0,0,0,0,0,0,0,0,0,0,0,0,0,0,0,0,0,0,0,0,0,0,0,0,0,0,0,0,0,0,0,0,0,0,0,0,0,0,0,0,0,0,0,0,0,0,0,0,0,0,0,0,0,0,0,0,0,0,0,0,0,0,0,0,0,0,0,0,0,0,0,0,0,0,0,0,0,0,0,0,0,0,0,0,0,0,0,0,0,0,0,0,0,0,0,0,0,0,0,0,0,0,0,0,0,0,0,0,0,0,0,0,0,0,0,0,0,353700,0,0,0,0,0,0,0,0,0,0,0,0,0,0,0,0,0,0,0,0,0
"SLE",39300,0,0,0,0,0,0,0,0,0,0,0,0,0,0,0,0,0,0,0,0,0,0,0,0,207000,0,0,0,0,0,618930000,0,0,0,0,0,0,0,0,0,0,0,0,0,0,0,0,0,0,0,0,0,0,0,0,0,0,0,0,0,0,0,0,0,0,0,0,0,0,0,0,0,0,0,2.07e+08,0,0,0,0,0,417974400,0,0,0,0,0,0,0,0,0,0,0,0,0,0,0,0,0,0,0,0,0,62100000,0,0,0,0,0,0,0,2123820000,0,0,0,0,100094353200,0,0,0,0,1283400,0,0,0,0,0,0,0,0,0,0,0,0,0,0,0,0,0,0,0,0,0,0,0,0,0,0,0,0,0,0,0,0,0,0,0,0,0,724500000,0,0,0,0,0,0,0,0,0,0,0,0,0,0,0,0,109190100,0,4970484000,0,0,0,0,51750000,0,0,0,39300,4898406600,0,0,0,0,0,0
"SVN",26763300,0,24777300,0,0,8488800,1021800,2621164200,0,0,0,0,0,0,0,0,0,0,0,0,0,114441600,0,0,0,136174500,0,0,0,0,78600,2384100,0,0,0,0,0,0,1139700,0,0,370500,0,0,196500,0,196500,0,0,10911700,0,0,4191900,12146425800,0,0,0,0,0,4116645000,1464533700,1100400,0,113935800,0,0,0,0,0,0,0,39300,2479679700,9879717000,0,510900,786000,50895000,1689900,0,1167799500,4509213100,0,0,0,6877500,0,0,0,0,0,0,8567400,18824700,0,0,0,26606100,0,460213500,0,0,0,314400,0,0,39300,0,0,0,0,0,0,10312800,0,0,11030252400,0,0,539233800,0,0,0,0,0,32940900,0,0,1296716100,196500,0,0,0,7576756500,1854809700,0,0,0,0,0,846144600,0,1045500,0,0,0,0,0,0,0,0,0,1466262000,5816400,0,0,4360045000,0,0,0,58792800,45027700,0,0,1925700,0,0,0,0,0,0,0,1375500,786000,0,0,9478800,118728900,3930000,0,0,0,0,0,0,0,0,0,15523200,235800,2408775700,296441400,0,0,0
"SVK",0,0,0,0,0,0,708854100,33895007000,0,0,0,0,0,0,0,0,93966300,0,0,0,0,24042990400,0,0,0,2219022000,0,0,0,0,0,317661900,0,0,0,0,0,0,9314100,1257600,0,866289900,0,0,1375500,0,0,0,0,4205100,0,0,1699489200,13004409300,0,0,2122200,0,0,24067572600,1117338300,0,0,2913584100,0,0,0,0,0,0,0,0,94938065700,2485685700,0,269322900,0,0,0,925593600,117507000,3999521700,0,0,0,0,0,0,0,0,0,552086400,353700,49675200,0,13204800,0,0,0,18231086200,0,0,0,0,0,0,10689600,0,0,0,0,0,0,78600,0,0,6327064200,0,0,550200,0,0,0,0,0,40164600,0,0,76201240800,0,0,0,0,93819934500,1070571300,0,0,0,2593800,0,1810472400,0,1720977700,0,982500,0,0,903900,0,0,0,367533600,0,1532700,0,416973000,4763592300,0,0,0,6200164500,326425800,0,0,6838200,0,0,0,0,0,0,0,0,1414800,0,0,31542659400,164784900,28610400,0,0,0,0,0,0,0,0,0,17004992100,0,828758400,24130200,0,0,0
"SGP",58950000,0,0,0,0,37177800,245536280500,0,550200,2749520100,0,6681636200,0,28492500,0,0,1872586500,0,0,1965000,2648709900,0,1261430400,0,26100,6239853900,0,0,7497426100,0,514122600,130077017600,0,0,0,0,69678900,0,0,0,0,0,0,35626800,0,168243300,17632470300,11161200,0,0,0,827239500,0,87130800,0,0,0,0,0,248700,0,348355200,0,521864700,0,0,63548100,0,1611182100,0,0,24479152200,0,0,0,54433818600,95953175100,316915200,0,353700,31055720500,1139700,0,0,0,427375550400,1061100,0,786106800,2010006300,0,74064623900,547161300,0,10139400,1383949500,0,0,78600000,0,68617800,52200,0,117700658900,699558100,0,0,0,328685100,624688800,1394848200,0,0,0,0,39300,11066772000,0,2318700,0,58439100,24158159000,0,0,509459400,0,4776721700,23815800,0,104497200,0,3694676100,47147767300,13311000,0,0,91959900,0,635598900,0,0,0,44112251900,0,0,0,0,12417700800,0,26900400,0,0,0,0,0,17402941900,43065000,191155200,0,0,0,2444400,0,0,10605289900,0,40904005300,0,0,0,199211700,0,62840700,33489303000,0,0,470207200,5232960000,21076365000,0,0,78620000,0,9791254300,0,0,0,0,0,550200,0,0,0,0,0
"SOM",0,0,0,0,0,0,0,0,0,0,0,0,0,0,0,0,0,0,0,0,0,0,0,0,0,0,0,0,0,0,0,0,0,0,0,0,0,0,0,0,0,0,0,0,0,0,0,0,0,0,0,0,0,0,0,0,0,0,0,0,0,0,0,0,0,0,0,0,0,0,0,0,0,0,0,0,0,0,0,0,0,0,0,0,0,0,0,0,0,0,0,0,0,0,0,0,0,0,0,0,0,0,0,0,0,0,0,0,0,0,0,0,0,0,0,0,0,0,0,0,0,0,0,0,0,0,0,0,0,0,0,0,0,0,0,0,0,0,0,0,0,0,0,0,0,0,0,0,0,0,0,0,0,0,0,0,0,0,0,0,0,0,0,0,0,0,0,0,0,0,0,0,0,0,0,0,0,0,0,0,0,0,0,0,0,0,0,0,0,0,0,0,0,0,0
"ZAF",0,0,0,0,0,0,778100700,353700,0,2043600,0,39300,0,0,0,17892767200,707400,0,0,0,0,0,0,628800,157200,196682800,0,0,628800,0,118265700,6523800,0,103241100,38276700,0,0,0,50028900,0,0,273720300,0,0,0,0,10779000,0,149700,0,0,0,39300,287232000,0,173706000,7977900,5344800,0,75426900,0,495801900,0,0,0,0,0,0,0,0,0,3340512900,0,0,104700,39300,7899300,0,0,0,4536320400,982500,360774000,0,10571700,370323900,48692700,0,7048877100,0,39300,26100,2475900,0,0,0,5897717000,0,58989300,0,0,469810800,2198239500,40345800,1139700,0,0,0,4006904400,0,0,39300,8523197300,0,14900359200,0,70771500,0,0,0,0,241380600,0,0,424793400,0,39300,0,825300,4637100,471600,3654900,78167700,393000,360538200,0,0,0,7624200,5341975500,0,50264700,19139100,0,0,0,0,37387200,270030300,589919400,0,170100,0,164797500,707400,0,0,0,0,6234815200,1454100,1414800,0,0,6563100,1532380200,117900,78600,0,0,196500,0,1660149900,281545300,273519900,0,150497500,2314500,612621000,0,1938600,0,0,0,4820100,0,1616374500,10912197300,117900,628800,0,0,39300,0,34859100
"ESP",123362700,0,6715200,52862969700,0,7480083900,6633042000,5025091500,0,19099800,0,1269029700,0,0,3119386800,0,2933217600,0,0,0,786000,6049493400,31990200,0,77224500,7509069900,736020600,6510300,10426800,1414800,25566878400,8112668700,3495840900,0,1493400,0,2014556100,3810778500,1259662900,7388400,42601200,1159116200,11082600,3568608600,1120359600,518630000,19597501600,511747800,1363724200,8185000200,0,0,3291270000,299796798900,903900,0,1209793800,71015100,45364500,89413026700,300569400,144191700,0,26693063200,0,0,2822281500,130986900,6720300,2475900,61317600,238197000,13667232000,5191323600,1493400,1369921600,127159500,2426333700,372902400,6240863300,10690589500,73301966100,645606900,95263200,10768200,9990728700,2946982600,0,660082800,117900,0,11514726900,446095500,3114555300,0,5806623700,0,264934200,1591866600,3074609600,7742100,20082300,0,1717483900,22518900,99836400,628026600,524283600,142062900,10904440800,0,36540140000,78324900,1743467900,0,96324300,66471832800,0,236900400,2920926500,0,846400500,3340500,0,86970900,604323600,753636600,353500800,9947213200,432300,112555200,1452114000,2921293500,26789917500,147956652500,58950000,0,0,1003371300,0,17586556800,0,36014355500,0,0,0,0,7462575700,2115681300,0,110275800,3994131900,3858452400,1276159200,165374400,7884769800,0,0,4362300,0,14278172800,12188650400,7697081000,262271400,2076365600,0,554612200,54509100,0,32978700,78875100,5643261000,11519271900,13922177100,7545600,0,157791312700,6110993900,67204276000,0,2027029400,1658002500,39024900,142917600,1925700,92165700,143562900,261000,77739217400,115306200,3252635800,13440600,62369100,0,0
"SUR",0,0,0,0,0,0,0,0,0,0,0,0,0,0,0,0,0,0,0,0,0,0,0,0,0,0,0,0,0,0,0,0,0,0,0,0,0,0,0,0,0,0,0,0,0,0,0,0,0,0,0,0,0,0,0,0,0,0,0,0,0,0,0,0,0,0,0,0,20003700,0,0,0,0,0,0,0,0,0,0,0,0,0,0,0,0,0,0,0,0,0,0,0,0,0,0,0,0,0,0,0,0,0,0,0,0,0,0,0,0,0,0,0,0,0,0,0,0,0,0,0,0,0,0,0,0,0,0,0,0,0,0,0,0,0,0,0,0,0,0,0,0,0,0,0,0,0,0,0,0,0,0,0,0,0,0,0,0,0,0,0,0,0,0,0,0,0,0,0,0,0,0,0,0,0,0,0,0,0,0,0,0,0,0,0,0,0,0,0,0,0,0,0,0,0,0
"TJK",0,0,0,0,0,0,0,0,0,0,0,0,0,0,0,0,0,0,0,0,0,0,0,0,0,0,0,0,0,0,0,0,0,0,0,0,0,0,0,0,0,0,0,0,0,0,0,0,0,0,0,0,0,0,0,0,0,0,0,0,0,0,0,0,0,0,0,0,0,0,0,0,0,0,0,0,0,0,0,0,0,0,0,0,0,0,0,0,0,0,0,0,0,0,0,0,0,0,0,0,0,0,0,0,0,0,0,0,0,0,0,0,0,0,0,0,0,0,0,0,0,0,0,0,0,0,0,0,0,0,0,0,0,0,0,0,0,0,0,0,0,0,0,0,0,0,0,0,0,0,0,0,0,0,0,0,0,0,0,0,0,0,0,0,0,0,0,0,0,0,0,0,0,0,0,0,0,0,0,0,0,0,0,0,0,0,0,0,0,0,0,0,0,0,0
"SWZ",0,0,0,0,0,0,0,0,0,0,0,0,0,0,0,0,0,0,0,0,0,0,0,0,0,0,0,0,0,0,0,0,0,0,0,0,0,0,0,0,0,0,0,0,0,0,0,0,0,0,0,0,0,0,0,0,0,0,0,0,0,0,0,0,0,0,0,0,0,0,0,0,0,0,0,0,0,0,0,0,0,0,0,0,0,0,0,0,0,0,0,0,0,0,0,0,0,0,0,0,0,0,0,0,0,0,0,0,0,0,0,0,1493400,0,0,0,0,0,0,0,0,0,0,0,0,0,0,0,0,0,0,0,0,0,0,0,0,0,0,0,0,0,0,0,0,0,0,0,0,0,0,0,0,117900,0,11926867800,0,0,0,0,0,0,0,0,0,0,0,0,0,0,0,0,0,0,0,0,0,0,0,0,0,0,0,0,0,0,0,0,0,0,0,0,0,0,0
"SWE",39300,0,39300,39300,0,39300,1969480200,9787822200,0,182705700,0,170601300,0,0,39300,0,32401500,0,0,0,0,1008438000,0,0,39300,5117960400,0,0,0,0,2626615500,542105100,78600,0,0,0,0,0,46963500,0,0,100069107900,0,0,552975300,39300,0,0,0,6962427900,154009400,0,99357126600,39843217500,0,0,275100,0,0,64336846500,3654900,5748600,0,265668000,0,0,0,0,0,0,0,402677700,662598000,272742000,3775079800,2161500,0,0,10846800,996923100,330277200,6754773300,39300,117900,0,482014500,43151400,0,39300,0,0,247292400,2065765200,5635967700,0,166110900,0,0,0,8693435100,0,0,0,29985900,0,353700,77997300,39300,39300,353700,0,25859400,0,0,0,0,45955701900,0,0,1532700,0,1620299700,0,0,78600,90657686500,157200,39300,7368115800,0,0,653873400,5580600,8538615300,1281022800,0,0,39300,139462500,0,3963159300,0,2970621000,39300,78600,0,0,1064558400,0,0,0,3015135300,5635541400,113066100,0,314400,13503566700,0,0,0,0,3981325800,39300,0,1856649900,10139400,77656800,0,0,78600,55373700,5305500,186675000,825653700,0,0,27948974400,18392400,11610242700,275100,0,0,78600,275100,78600,0,39300,39300,6479266800,461382000,245860800,196500,0,0,0
"CHE",67281600,0,117900000,168282600,0,2634354300,38888326800,17325266400,1375500,938795500,0,19767900,0,0,27627900,0,16435080300,0,0,0,10964700,7416617400,44173200,0,393000,86037649000,0,0,763848300,0,3426763500,19763828200,429312900,0,7545600,0,440662500,235800,250734000,276554100,0,842797200,0,65355900,293571000,72940800,797397000,12458100,0,595468600,0,3026100,177938100,92950849200,0,0,63351600,0,0,321419127900,235800,21890100,0,1042522500,0,0,101551200,0,0,0,39300,7230219900,310964100,3652620600,525519600,2568716100,5802398100,30811200,756800100,53918100,12292804200,109802845900,11829300,19178400,16605300,13472274000,852299100,39300,201805500,111061800,0,3008886600,5255612700,71919000,1296900,1520792300,0,0,387969600,223852800,1414800,27667200,0,2928666600,452578800,0,270541200,0,605652300,390720600,37963800,363446400,0,30300300,6838200,268615500,17755995900,0,0,344228700,0,83748300,39300,0,138021600,689289800,135410400,637131600,2926042200,0,306893700,446133600,8011621800,4393150500,2842224000,0,0,0,4138109700,2043600,2171049900,0,12892883800,0,0,0,0,11717046300,0,0,326425800,666111300,1995902400,12553377900,0,4328226900,22550802500,0,1336200,0,12350664700,0,3261900,0,4608297300,0,3460602600,0,0,1689900,1053711600,1107002400,4247897700,14708164500,0,0,95583652500,958448400,64317735100,1257600,885861300,41540100,1650600,573701400,158418300,74787900,0,275100,25255382400,951247800,144348900,39300,39221400,0,0
"SYR",0,0,0,0,0,0,2711700,275100,0,10807500,0,0,0,0,0,0,0,0,0,0,0,0,0,0,0,35605800,0,0,0,0,0,0,0,0,0,0,0,0,275100,0,0,1990800,0,0,0,0,0,0,0,0,0,0,0,261300,0,0,0,0,0,30100800,0,0,0,261000,0,0,0,0,0,0,0,0,0,0,0,0,0,0,0,52200,0,0,78600,0,0,0,3851273100,0,0,0,0,0,31872300,0,0,740908500,0,0,0,0,0,0,0,0,0,0,4637400,0,0,0,0,0,0,0,0,0,38848200,0,0,0,0,589500,0,0,0,196500,0,0,589500,0,0,0,0,0,0,0,0,0,0,0,0,0,1965000,0,0,0,0,837954600,0,0,0,0,0,0,0,0,0,0,0,0,70750500,0,0,0,0,0,0,0,0,0,2318700,52819200,0,145763700,0,0,0,0,2593800,0,0,0,0,0,0,836657700,0,0,70600800,0,0,0,3339600,0,0
"TKM",0,0,0,0,0,0,0,0,0,0,0,0,0,0,0,0,0,0,0,0,0,0,0,0,0,0,0,0,0,0,0,0,0,0,0,0,0,0,0,0,0,0,0,0,0,0,0,0,0,0,0,0,0,0,0,0,0,0,0,0,0,0,0,0,0,0,0,0,0,0,0,0,0,0,0,0,0,0,0,0,0,0,0,0,0,0,0,0,0,0,0,0,0,0,0,0,0,0,0,0,0,0,0,0,0,0,0,0,0,0,0,0,0,0,0,0,0,0,0,0,0,0,0,0,0,0,0,0,0,0,0,0,0,0,0,0,0,0,0,0,0,0,0,0,0,0,0,0,0,0,0,0,0,0,0,0,0,0,0,0,0,0,0,0,0,0,0,0,0,0,0,0,0,0,0,0,0,0,0,0,0,0,0,0,0,0,0,0,0,0,0,0,0,0,0
"TWN",0,0,0,0,0,0,620031300,0,0,157200,0,9267000,0,0,0,0,314400,0,39300,0,25201800,0,9039000,0,0,86684400,0,0,628800,0,2043000,1826495300,3196200,0,0,0,864600,0,0,0,39300,157200,0,0,0,3144000,0,0,0,0,0,10218300,0,942600,0,0,0,0,0,7885200,0,0,0,0,0,0,0,0,0,0,0,3006654000,393000,0,313200,3026100,4413154200,0,78600,864600,0,1231200,0,0,0,523881000,0,0,0,66948900,0,2376099000,825300,0,0,1414800,0,0,0,0,22336200,0,0,966926400,1332600,0,0,0,5973600,13519200,0,0,0,0,196500,0,2121900,0,0,0,0,20600700,0,0,628800,0,275100,0,78600,0,0,0,3614022000,393000,0,0,0,0,0,0,0,0,10335900,0,0,0,0,786000,0,0,0,0,0,326142000,0,1336200,261000,0,0,0,78600,0,0,0,0,0,464940900,0,0,0,0,0,379200,28383600,0,0,20117100,0,453547200,0,78600,0,0,658931100,0,0,0,0,104400,0,0,0,0,0,0
"TZA",0,0,0,0,0,0,869400,0,0,0,934315200,0,0,0,0,0,0,0,0,0,0,0,0,0,0,0,0,0,0,0,0,178268400,0,0,0,0,0,0,0,0,0,0,0,0,0,0,0,0,0,0,0,0,0,0,0,0,0,0,0,103500000,0,0,0,0,0,0,0,0,0,0,0,248400,2111400,0,0,7585059600,24620704200,0,0,0,79488000,721767600,0,0,0,18298800,0,0,0,0,0,538200,0,0,0,0,0,0,0,0,0,0,0,21359005200,0,0,0,0,248400,0,0,0,0,0,0,0,4854651900,0,0,0,0,0,0,0,0,80700,0,0,0,0,0,0,0,0,0,0,0,0,0,0,0,0,0,0,0,0,0,2359800,0,0,0,0,0,2.07e+08,0,158769000,1370836800,0,0,0,0,3443038200,0,0,248400,0,0,0,0,0,0,0,449024400,0,0,0,0,0,5014740600,0,0,0,0,0,0,0,37335000,0,30563798400,0,0,0,0,0,0
"THA",235800,589500,0,0,0,275100,655838400,323321100,0,10311300,0,394061100,0,73451700,0,0,94044900,0,0,0,16506000,707400,10672546500,0,0,18706800,0,0,293926800,0,196500,23900889900,38042400,0,0,78600,0,0,117900,63862500,0,592801200,0,0,0,0,116878200,0,0,103792800,0,0,91136700,924172200,0,0,0,0,0,953653500,0,99939900,0,1807800,0,0,0,41382900,0,0,0,602016900,471600,37217100,275100,10783860000,2064356700,58478400,943200,4440900,267593700,284296200,0,287518800,0,106642855800,2082900,0,97424700,3951789600,0,5052486600,328705200,628800,4585524000,825300,0,0,6405900,0,1061100,1572000,0,6071914000,39326100,0,0,0,3261900,69678900,39300,982500,0,0,0,173391600,316718700,0,15849000,0,2593800,93573300,39300,0,88935900,226957500,249240600,0,3969300,102415800,0,0,1488628200,9589200,85674000,0,0,0,5580600,0,110511600,0,555191100,0,0,0,0,68814300,0,1689900,0,30182400,0,673915800,0,174570600,93416100,0,0,0,709482900,30614700,0,1611300,861609600,0,0,299937600,0,0,0,314400,54823500,149017500,235800,0,1503185700,189426000,1873698900,0,0,191666100,0,1193506300,5148300,0,0,0,240141600,0,0,0,0,0,0
"TGO",0,0,0,248400000,0,0,0,0,0,0,0,0,0,0,0,0,0,0,0,0,0,0,0,0,0,0,0,0,0,0,0,5955390000,0,0,0,0,0,0,0,0,212102100,0,0,0,0,0,0,0,123795000,0,0,0,0,46884900,0,0,0,0,0,0,0,46081800,0,0,0,0,0,14855400,0,0,0,0,0,0,0,2.07e+08,1036200600,0,0,0,0,9503742600,232380900,0,0,20700000,0,0,0,0,0,0,0,0,0,0,0,121633500,0,0,0,0,0,2659950000,0,65434500,0,0,0,0,0,126270000,0,0,0,0,10915275600,0,0,0,0,0,0,806671800,0,0,0,0,0,0,0,0,0,0,0,0,0,0,0,0,0,0,0,0,0,0,0,0,0,0,0,0,0,0,0,18195900,6256616400,0,0,0,0,0,0,0,0,0,0,0,0,0,0,0,0,0,0,0,0,0,1133100,869198100,0,0,0,0,0,0,72154800,0,13451900400,0,0,0,0,0,0
"TON",0,0,0,0,0,0,0,0,0,0,0,0,0,0,0,0,0,0,0,0,0,0,0,0,0,0,0,0,0,0,0,0,0,0,0,0,0,0,0,0,0,0,0,0,0,0,0,0,0,0,0,0,0,0,0,0,0,0,0,0,0,0,0,0,0,0,0,0,0,0,0,0,0,0,0,0,0,0,0,0,0,0,0,0,0,0,0,0,0,0,0,0,0,0,0,0,0,0,0,0,0,0,0,0,0,0,0,0,0,0,0,0,0,0,0,0,0,0,0,0,0,0,0,0,0,0,0,0,0,0,0,0,0,0,0,0,0,0,0,0,0,0,0,0,0,0,0,0,0,0,0,0,0,0,0,0,0,0,0,0,0,0,0,0,0,0,0,0,0,0,0,0,0,0,0,0,0,0,0,0,0,0,0,0,0,0,0,0,0,0,0,0,0,0,0
"TTO",0,0,314400,0,317805300,0,0,0,19532100,0,1525616400,0,0,0,0,0,0,0,0,0,0,0,0,0,0,1296900,0,0,0,0,0,275100,1454100,0,0,0,0,0,0,0,0,1035000,41461500,0,0,0,0,0,0,0,0,0,0,26578800,0,0,0,0,0,546956700,0,0,0,0,0,634105500,0,0,1439605200,0,0,0,0,0,0,0,0,0,0,877176000,0,0,0,0,9122916300,303048000,0,0,0,0,0,0,0,0,0,0,0,0,0,0,0,0,0,0,0,0,0,0,0,0,0,0,0,0,0,0,623401200,0,0,0,0,0,0,0,0,0,0,189111600,0,0,0,0,0,0,0,0,0,0,0,0,0,0,0,138461400,644289900,449028300,0,0,0,0,0,0,0,0,0,0,0,339458400,0,0,0,398309400,0,0,816536100,0,0,0,0,0,0,0,0,0,0,0,6612600,0,547838100,0,0,0,0,0,0,0,0,0,14117400,0,0,0,0,0,0
"OMN",0,0,0,0,0,0,0,0,0,0,0,302374200,0,0,0,0,0,0,0,0,0,0,0,0,0,0,0,0,0,0,0,0,0,0,0,0,0,0,0,0,0,0,0,0,0,0,0,0,0,0,0,0,0,0,0,0,0,0,0,0,0,314400,0,0,0,0,0,0,0,0,0,0,0,0,0,6287646300,0,5109000,0,0,0,0,0,0,0,0,0,0,11554200,0,0,589500,40321800,0,0,55059300,0,0,0,0,0,0,0,0,35016300,0,0,0,0,0,0,0,0,0,0,0,0,0,0,0,0,0,0,0,0,0,0,0,1768500,0,0,0,0,0,0,0,0,0,21592719000,0,0,0,0,0,0,0,0,225975000,0,0,0,0,0,33483600,677099700,0,0,0,0,0,0,0,0,0,0,99036000,0,0,0,0,0,0,0,1829685300,0,0,0,0,37374300,0,0,0,0,0,0,108325500,0,0,0,0,0,0,0,0,0
"TUN",0,0,0,112044300,0,0,0,0,0,0,0,0,0,0,0,0,0,0,0,0,0,0,0,0,31440000,12458100,0,12379500,0,0,0,78600,0,0,124777500,0,0,0,0,0,0,0,0,0,0,0,3930000,0,88582200,0,0,0,0,152523300,0,1179000,0,0,0,20003700,0,23776500,0,0,0,0,0,0,0,0,0,0,0,0,0,0,0,0,0,0,0,0,129021900,0,0,353700,189465300,0,0,0,0,0,0,0,0,0,0,0,5544438900,0,0,0,0,0,0,189661800,0,67635300,0,0,0,233835000,0,0,0,0,0,0,0,0,0,0,0,0,0,0,0,0,0,0,0,0,0,0,0,0,0,0,9785700,0,0,0,0,0,0,0,0,0,17606400,0,0,0,0,0,0,0,393000,0,0,0,0,1572000,0,0,0,0,0,0,0,0,6681000,0,157200,0,0,0,0,0,0,305793300,0,0,0,0,0,277575900,0,0,0,0,0,0,0,0,0
"TUR",0,10232650800,6758459400,9420245200,45548700,1128303000,1049880600,638658000,1820400,7728148500,27863700,2214555000,0,13204800,2574543000,0,859884000,0,157200,0,98132100,25235744700,247943700,0,2744083200,8737628400,323321100,136371000,1312934400,1488605400,3232539300,7347095700,12687454800,253170600,718987800,78600,2336738700,10100100,9936185100,18390503500,1703537100,188455200,60443400,8486442000,1171200000,5188071600,15060521400,2618991300,619555500,294592800,0,187343100,44447400,11716834500,2161500,455722800,9790121900,965404500,3484691700,8203433600,6552780200,6550602600,0,4346166100,0,21497100,3091927500,2254758900,142108800,1117259700,837876000,16643965200,1198406300,5976651500,2082900,23558078400,6266895900,110953415400,312586372500,16388100,54049607900,4612111800,4442786400,16461754400,411981900,5515479900,14050265800,3371814600,3925273800,41736600,0,3578820000,22531236000,362581800,0,22175908500,0,218230500,65425393500,1031950800,117585600,1467727500,456901800,3627358800,744996900,4763631600,42191100,6905220400,1132350900,3994303500,2940939000,13996633000,1632549300,1826857900,183452400,3644799900,9427938700,0,1139700,5153249800,0,147217800,1474300200,6153107400,15867961200,371320800,4989579900,4664933100,3495315900,166907100,288526500,9129029400,1290533400,3293736600,67831800,252738300,0,12261600,30377215400,904489500,16112148900,691781700,33841830400,0,0,8646000,62015400,153542150900,3946847000,44901000,1507665900,34125300,1825473000,12819149100,5143324500,34787270700,2044681300,244170900,4817154000,0,3071020800,247253700,49670155900,8154045300,1741182600,3639736200,426365700,2331393900,0,426719400,17205789600,5761158000,0,104178937200,1335707700,0,11806800200,19250239100,30899076000,2806413000,315893400,11713311100,950156100,2536264800,5985236400,59927081700,1787988000,360734400,8852584100,140025900,8207736600,369302100,4936109100,145842300,21877563300
"ARE",227814900,4322295300,0,0,0,0,196578600,4126500,0,15374490000,0,1188252900,0,0,0,0,15051900,0,29082000,0,98824500,11279100,0,37688700,74041200,224678100,0,0,1237021800,120061500,19296300,467995500,8881800,421020900,112869000,0,0,0,3615600,83158800,0,1532700,0,0,0,0,54633454500,0,146235300,4912500,0,46491900,39300,633619300,0,1832241300,24916200,14580300,320264700,912434100,0,1634058300,0,0,0,0,0,510576600,0,0,0,275610900,29435700,34741200,0,17962869300,398918100,51634711400,21036757500,5895000,0,787807800,36863400,131772900,0,108350100,30317382300,2672400,911591400,78953700,0,1200615000,50069085900,0,0,5701408200,0,390639900,2675536800,3199500,0,6052200,0,858426900,1867696400,16938300,0,273997800,320491500,18549600,0,15948372300,79292700,0,52386900,22479600,1007715600,0,0,0,0,59343000,0,37845900,514201200,0,11160782000,0,162741300,0,0,0,77421000,399681000,71840400,0,0,42496200,0,11907900,85045200,63901800,116917500,0,0,0,0,262009201800,840764400,883969500,33876600,0,0,1970030400,2095328400,2880965100,400701300,16977600,94594800,3654900,178304100,584312400,469809900,109195800,120336600,3915918000,4405726500,7545600,22676100,0,109587008700,1079963400,1398356100,0,489447300,0,306199200,393000,2849178900,14894700,0,19217700,0,550200,928399200,11677921500,78600000,21876000,441496200,550200,0,0,1145826900,280311000,9199815600
"UGA",0,0,0,0,0,0,0,0,0,0,0,0,0,0,0,0,0,0,0,0,0,293070600,0,108821700,0,1231500,0,0,97290000,0,0,0,0,0,0,0,0,0,0,0,0,0,0,0,0,0,0,0,0,1426478400,0,0,0,993600000,0,0,0,0,0,1600459200,0,0,0,0,0,0,0,0,0,0,0,0,0,0,0,45572043600,71717261400,0,0,0,0,13754487600,0,0,0,13165200,0,0,98467500,0,0,0,0,0,0,0,0,0,0,0,0,0,0,79713009000,0,0,0,0,0,0,0,0,0,0,0,0,25459439400,0,0,0,0,0,0,0,0,0,0,0,0,0,0,0,0,0,0,0,0,0,0,0,0,44304000,0,0,0,0,0,0,0,0,0,0,0,0,0,438508800,11604420000,0,0,0,0,1256440200,0,0,0,0,1359120600,0,0,0,0,0,0,9667800,0,0,30261000,0,159597000,0,0,0,0,0,0,0,471600,0,13447688400,0,0,0,0,18549300,0
"TUV",0,0,0,0,0,0,0,0,0,0,0,0,0,0,0,0,0,0,0,0,0,0,0,0,0,0,0,0,0,0,0,0,0,0,0,0,0,0,0,0,0,0,0,0,0,0,0,0,0,0,0,0,0,0,0,0,0,0,0,0,0,0,0,0,0,0,0,0,0,0,0,0,0,0,0,0,0,0,0,0,0,0,0,0,0,0,0,0,0,0,0,0,0,0,0,0,0,0,0,0,0,0,0,0,0,0,0,0,0,0,0,0,0,0,0,0,0,0,0,0,0,0,0,0,0,0,0,0,0,0,0,0,0,0,0,0,0,0,0,0,0,0,0,0,0,0,0,0,0,0,0,0,0,0,0,0,0,0,0,0,0,0,0,0,0,0,0,0,0,0,0,0,0,0,0,0,0,0,0,0,0,0,0,0,0,0,0,0,0,0,0,0,0,0,0
"GBR",4755300,627070800,2318700,146903400,181094400,453168300,39467790000,2991027200,555680400,2520336300,556644600,53015700,0,0,186360600,0,1109203200,0,182234100,0,117860700,6037737500,5344800,0,48496200,41422183800,0,0,40803900,0,1890817800,5056873500,187696800,0,0,0,113677800,0,6714651200,57591300,0,10090708500,38302500,38160300,0,153811500,7985640900,7113300,1650600,565158100,1469135400,0,5913697100,78210742100,1100400,0,16899000,0,164156100,102194770500,120971700,282095400,0,7451522700,0,62526300,13794300,58753500,952360500,0,0,14740195800,1490126900,1283710800,5078558400,1815384900,102415800,0,1886659200,496188997000,12624417600,13447681300,90232800,3851400,407778600,1267461300,12387462600,0,151197000,6091500,0,5159287200,7090372200,2323183600,0,2936820600,0,1777500,7885859400,8391531200,0,746700,0,2059405800,20986200,0,6619888000,0,46059600,483232800,1572000,41917500,0,3694200,11554200,32579700,164284909300,0,0,17802900,0,6946033500,0,0,528938700,2990917000,1810473300,111808500,9374544600,0,3890700,256451100,2078419800,165812770700,5490156400,0,0,0,6166003800,10335900,4602241000,1572000,194207400,58910700,119123400,49478700,0,24882812400,32304600,32422500,57260100,546026500,6407227200,14111978100,44094600,18590566300,36919030200,258297300,0,0,10521829500,2002296000,0,0,835263300,267515100,926696400,72822900,0,1889202600,1239372900,0,4762910700,24398598900,51247200,0,0,156423000,26767627800,0,288344100,0,78600,504376200,39159000,39732300,4716000,54430500,150217452000,135750100,428645100,0,61465200,0,2050291500
"UKR",16580884200,918873300,75652500,0,78600,0,21575700,173443800,157200,246804000,0,0,0,0,0,0,0,0,0,0,9510600,22521127200,0,0,0,568264500,0,0,0,0,360695400,8252056800,0,0,0,0,0,0,6838200,27539688000,0,3781288800,0,0,47649625500,0,2004300,0,0,2848273200,0,0,1474339500,79071600,0,0,31701729600,0,2986800,4472247900,21772200,1572000,0,11720193700,0,0,0,0,0,0,0,17449200,21286428300,62526300,0,169029300,0,2079939900,8438953200,78600,5986333200,566745300,0,50746576500,0,5359013400,2577058200,6907053600,0,0,0,278794200,305636100,10430164200,0,191901900,0,1375500,1545276000,14652887100,0,0,0,294278400,0,0,2069700,0,0,75573900,12058301100,27117000,0,34992989900,0,9196200,3025018100,0,0,2046901200,0,24523200,0,0,15327000,2358000,16427400,14619600,1148699700,0,0,123323400,78600,20233797000,1611300,0,0,0,457884300,0,41360066700,0,81091525200,0,0,0,0,1256656800,0,0,0,55177200,819955200,24483900,0,158811300,288422700,0,7995702900,0,1724858800,105121900,7348200,4539856800,0,0,1375500,0,0,0,145488600,0,7836420000,4871235000,0,0,2103899900,0,28493691600,0,0,13407470100,0,519978300,0,4919141700,0,0,117900,0,1721850900,0,0,0,994958100
"USA",26566800,0,0,224599500,406699500,8045627400,55356095400,67792500,4407542400,1692872700,3110707500,236664600,0,0,2603782200,0,43665052200,0,3639123600,0,826754100,5180331000,206521500,0,66336300,1701678861900,0,0,274956000,0,29111919900,42098249200,35544650400,0,0,524930100,17248833900,487909500,69207300,56002500,0,120061500,111355800,18720480300,1089474600,8143125600,705794700,14216515500,1650600,2602352700,0,219411900,8803200,606777900,967323000,0,18431700,0,25951500,5638899900,0,57912300,6484500,434736600,0,139868700,23798798400,0,600711600,295177500,5556409500,54080352300,21049500,0,1846274700,19950248400,16784677600,293964000,243935100,2253602100,14804941800,562139100,0,200547900,5389599300,59241699800,6061028400,0,43583700,659493300,0,100353012900,5892579900,100804500,0,4747070700,0,36234600,14580300,604551900,5973600,0,0,12653125500,27274200,66336300,0,0,56592000,467339003300,265432200,746778600,0,0,0,257179200,29926857800,0,28571100,0,8724600,9495241500,3317304600,0,443665500,684841800,602704800,23837798700,16584600,6209400,811555100,19804048200,60540060000,162191100,261266400,0,0,0,2433813900,0,3576300,0,16277985900,270541200,572050800,95459700,0,37166990400,37688700,0,66336300,7860000,0,41046459900,6759600,1151765100,5849657700,88582200,0,0,640904400,729628200,0,0,38257808100,32343900,10006676400,0,84495000,10728334200,894816000,63705300,318082200,28007214900,7191900,0,53990882400,1014945300,0,0,3826934100,9353400,981399600,24378654000,0,10768200,0,0,2860716000,23933700,28689000,0,0,0,0
"BFA",0,0,0,0,0,0,0,0,0,0,0,0,0,0,0,0,0,0,0,0,0,0,0,0,0,0,0,0,0,0,0,0,0,0,0,0,0,0,0,0,0,0,0,0,0,0,0,0,0,0,0,0,0,0,0,0,0,0,0,0,0,0,0,0,0,0,0,0,0,0,0,0,0,0,0,0,0,0,0,0,0,0,0,0,0,0,0,0,0,0,0,0,0,0,0,0,0,0,0,0,0,0,0,0,0,116603100,0,0,0,0,0,0,0,0,0,0,0,0,0,0,0,0,0,0,0,0,0,0,0,0,0,0,0,0,0,0,0,0,0,0,0,0,0,0,0,0,0,0,0,0,0,0,0,0,0,0,0,0,0,0,0,0,0,0,0,0,0,0,0,0,0,0,0,196500,0,0,213300,0,0,0,0,0,0,0,0,0,0,0,0,0,0,0,0,0,0
"URY",0,0,0,0,0,8542186200,0,0,0,0,0,0,0,0,94320000,0,11327768700,0,0,0,0,0,0,0,0,0,0,0,0,0,383017800,0,65250000,0,0,0,0,0,0,0,0,0,0,0,0,0,0,0,0,0,0,0,0,87874800,0,0,0,177832500,34780500,1493400,0,0,0,0,0,0,0,459141900,0,0,0,0,0,0,0,0,0,0,0,0,0,39300,0,0,0,0,0,0,0,0,0,0,0,0,0,0,0,0,0,0,0,210883800,0,0,0,84259200,0,0,0,266220000,0,33955200,0,0,0,0,261000,0,0,0,0,0,0,0,0,0,0,0,0,0,489974100,0,0,0,0,0,0,0,0,0,0,0,0,0,0,0,0,0,34387500,0,92433600,0,0,0,0,0,52200000,0,0,0,0,0,0,0,0,0,0,0,0,0,0,0,0,0,0,0,39300,0,141990900,887354700,0,0,0,0,0,0,0,0,0,0,0,0,0,0,0
"UZB",0,0,0,0,0,0,0,0,0,0,0,0,0,0,0,0,0,0,0,0,0,0,0,0,0,0,0,0,0,0,0,0,0,0,0,0,0,0,0,0,0,0,0,0,0,0,0,0,0,0,0,0,0,0,0,0,0,0,0,0,0,0,0,0,0,0,0,0,0,0,0,0,0,0,0,0,0,0,0,0,0,0,0,0,0,0,0,0,0,0,0,0,0,0,0,0,0,0,0,0,0,0,0,0,0,0,0,0,0,0,0,0,0,0,0,0,0,0,0,0,0,0,0,0,0,0,0,0,0,0,0,0,0,0,0,0,0,0,0,0,0,0,0,0,0,0,0,0,0,0,0,0,0,0,0,0,0,0,0,0,0,0,0,0,0,0,0,0,0,0,0,0,0,0,0,0,0,0,0,0,0,0,0,0,0,0,0,0,0,0,0,0,0,0,0
"VEN",0,0,0,0,0,0,0,0,0,0,0,0,0,0,0,0,0,0,0,0,0,0,0,0,0,28358000,0,0,0,0,45081000,39300,745200000,0,0,0,0,130800,0,0,0,0,0,0,0,30614700,0,0,0,0,0,0,0,51667200,0,0,0,0,0,1017954000,0,0,0,0,0,0,0,0,0,0,0,0,0,0,0,0,0,0,0,0,0,192013200,0,0,0,207252100,0,0,0,0,0,0,0,0,0,0,0,0,0,191160000,0,0,0,1347321600,0,0,0,0,0,0,0,0,0,0,0,0,1978704000,0,0,0,0,0,0,0,0,0,0,4087200,0,0,0,0,0,0,0,0,0,0,0,0,0,0,1035000,0,0,0,0,0,0,0,0,0,0,0,0,0,769388400,0,0,0,0,0,0,0,0,0,0,0,0,0,0,0,0,0,0,0,0,0,919992900,0,0,0,0,0,0,0,0,0,785440800,0,0,0,0,0,0
"VNM",0,0,0,0,0,0,1181751000,0,0,0,0,0,0,0,0,0,0,0,0,0,0,0,759669000,0,668100,190160100,0,0,0,0,0,3271314000,0,0,0,0,0,0,943200,0,0,0,0,0,0,0,0,0,0,0,0,0,0,527304900,0,0,0,0,0,59574000,0,0,0,0,0,0,0,0,0,0,0,376611900,0,0,0,3684600,805471800,0,0,0,1768500,37217100,0,835200,0,2606595900,0,0,0,719666400,0,3347447400,0,0,288540600,0,0,0,0,0,0,0,0,13892277400,0,0,0,0,0,2532700,0,0,0,0,0,0,9936205500,0,0,0,0,70740000,0,0,0,0,2711700,0,0,0,0,0,732198300,0,0,0,0,0,0,0,0,0,47895900,0,0,0,0,0,0,0,0,0,0,921056400,0,0,1218300,0,0,0,44702100,19885800,0,0,610399400,0,730822800,0,0,0,0,0,0,843220800,0,0,15209100,0,2658885000,0,0,0,0,0,0,0,0,0,1080710200,0,0,0,0,0,0
"ETH",0,0,0,0,0,0,0,0,0,0,0,0,0,0,0,0,0,0,0,0,0,0,0,0,0,0,0,0,0,0,0,0,0,0,0,0,0,0,0,0,0,0,0,0,0,0,0,0,0,0,0,0,0,0,0,9156900,0,0,0,0,0,0,0,0,0,0,0,0,0,0,0,0,0,0,0,0,0,0,0,0,0,0,0,0,0,0,0,0,39300,0,0,0,0,0,0,0,0,0,0,0,0,0,0,0,0,0,0,0,0,0,0,0,0,0,0,0,0,0,0,0,0,0,0,0,0,0,0,0,0,0,0,0,0,0,0,0,0,0,0,0,0,0,0,0,0,0,0,0,0,0,0,0,0,0,0,0,0,0,0,0,0,0,0,0,0,0,0,0,0,0,0,0,0,0,0,0,0,0,0,0,0,0,0,0,0,0,0,0,0,0,0,0,0,0,0
"YEM",0,0,0,0,0,0,0,0,0,0,0,0,0,0,0,0,0,0,0,0,0,0,0,0,0,0,0,0,0,0,0,0,0,0,0,0,0,0,0,0,0,0,0,0,0,0,0,0,0,0,0,0,0,0,0,0,0,0,0,0,0,0,0,0,0,0,0,0,0,0,0,0,0,0,0,0,0,0,0,0,0,0,0,0,0,0,0,0,0,0,0,0,0,0,0,0,0,0,0,0,0,0,0,0,0,0,0,0,0,0,0,0,0,0,0,0,0,0,0,0,0,0,0,0,0,0,0,0,0,0,0,0,0,0,0,0,0,0,0,0,0,0,0,0,0,0,0,0,0,0,0,0,0,0,0,0,0,0,0,0,0,0,0,0,0,0,0,0,0,0,0,0,0,0,0,0,0,0,0,0,0,0,0,0,0,0,0,0,0,0,0,0,0,0,0
"COD",0,0,0,0,0,0,0,0,0,0,0,0,0,0,0,0,0,0,0,0,0,0,0,0,0,0,0,0,0,0,0,0,0,0,0,0,0,0,0,0,0,0,0,0,0,0,0,0,0,0,0,0,0,207556200,0,0,0,0,0,1326433800,0,0,0,0,0,0,0,0,0,0,0,0,0,0,0,50483781000,84211326000,0,0,0,0,2749208400,0,0,0,0,0,0,0,0,0,0,0,0,0,0,0,0,0,0,0,0,0,10677888000,0,0,0,0,104824800,0,0,0,0,0,0,0,43130064600,0,0,0,0,0,0,0,0,0,0,0,0,0,0,0,0,0,0,0,0,0,0,0,0,0,0,0,0,0,0,0,0,0,0,0,0,3964919400,0,3301200,10821297600,0,0,0,0,20543632200,0,0,10722600,0,2926152000,0,0,0,0,0,0,3654900,17041760100,0,0,0,18137340000,0,0,0,0,0,0,0,0,0,17001779400,0,0,0,0,0,0
"ZMB",0,0,0,0,0,0,0,0,0,0,0,0,0,0,0,79818300,0,0,0,0,0,0,0,0,0,0,0,0,0,0,0,0,0,0,0,0,0,0,0,0,0,0,0,0,0,0,0,0,0,0,0,0,0,0,0,0,0,0,0,5030400,0,0,0,0,0,0,0,0,0,0,0,0,0,0,0,0,0,0,0,0,0,0,0,0,0,0,0,0,97464000,0,0,0,0,0,0,0,0,0,0,0,0,0,506459100,0,0,0,0,0,0,0,0,0,982382100,0,1422000,0,0,0,0,0,0,0,0,0,0,0,0,0,0,0,0,0,0,0,0,0,0,0,0,70779300,0,0,0,0,0,0,0,0,0,0,0,0,0,0,0,571972200,0,0,0,0,0,0,0,0,0,2867406600,0,0,0,0,0,0,0,131851500,0,0,0,0,0,0,0,0,0,0,0,0,3536269500,0,0,0,0,0,0,0,0
"BEL",602072600,0,1086574200,2268439400,0,1541296800,32045358900,74585123600,825300,2308977400,2161500,148750500,0,0,0,52622700,23523248700,0,0,786000,51640200,5839569300,256730100,223341600,281959800,100981442200,20318100,0,160933500,11279100,9692879600,69109482100,396373700,1768500,19925100,0,555486900,6928200,1357531200,689951700,157200,37667846100,0,491679600,2782382900,1713637200,6607416100,69010800,4912500,7597596000,145619400,7663500,7856435500,1320478961600,74324400,917026200,7209725100,172458900,32736900,1550251393900,5556996200,335443500,0,40071386500,0,0,262265700,40844100,2986800,0,20868300,12365943400,35445890800,12397015800,2199345100,5991828300,9417312000,8929586400,890986500,43904422800,19969175700,195106415200,1118478000,186890700,0,72473023100,4211467100,922101300,536616300,40650900,39300,39812373700,17309519300,5427663400,0,16727448600,0,0,2207966700,21003466600,2475900,45627300,21418500,4052101500,940573500,16057800,1326318500,124148700,355927500,6736930200,2863240800,7959785700,0,528074100,196932300,23093400,1667192379300,0,26797200,1714047900,0,7132524800,14737500,25741500,334310100,45341324800,1052553000,714738600,58305908400,12929700,359232600,984757500,3860287200,178519936900,21545379600,0,0,497700,3695224500,71973000,22957812900,357905100,61679920200,0,27665700,0,0,32525751400,852506400,106050600,7702800,3377115100,33311361400,6547660400,0,23638239700,142914248400,169029300,0,0,79639754300,31068402500,228041400,0,6179003600,6445200,11455271800,48103200,0,67203000,710399100,1094294900,26685728100,22531254400,91762500,0,598035465900,11778990200,181333576300,18549600,1078383300,161187600,267240000,5149488300,146823000,294474900,2208640500,142934100,0,68022257100,8341707000,237092100,68612100,0,0
"LUX",0,0,0,196500,0,39300,196500,20887800,0,78600,0,0,0,0,0,0,275100,0,0,0,0,0,0,0,39300,668100,0,39300,39300,0,0,44919900,0,0,432300,0,0,39300,4480200,65463900,0,39300,0,0,25780800,0,393000,0,0,0,0,0,117900,3287411800,1218300,0,0,0,0,124457700,0,4008600,0,55216500,0,0,0,0,0,0,0,196500,4606800,39300,39300,353700,0,117900,78600,13558500,1414800,7899300,235800,249790800,0,135152700,393000,0,157200,0,0,157200,7231200,27510000,0,628800,0,0,0,0,0,432300,0,817322100,0,39300,0,0,471600,157200,0,117900,0,0,0,0,510860700,0,628800,0,0,39300,0,2028600,12890400,47553000,314400,39300,196500,0,0,117900,0,432300,314400,0,0,0,157200,0,18195900,0,441967800,0,0,0,0,39300,157200,0,0,3261900,39300,393000,0,235800,8883900,0,0,0,117900,19335600,39300,0,78600,0,0,0,0,0,78600,39300,393000,1807800,0,0,275100,42522600,4912500,0,0,0,0,0,0,0,157200,0,585868200,0,0,0,0,0,0
"SRB",707400,0,923703000,0,0,0,456533700,1650281100,0,0,0,0,0,0,0,0,16427400,0,0,0,0,3349583100,0,0,0,407694900,0,0,0,0,27117000,30900900,0,0,0,0,0,0,183531000,13715700,0,59421600,0,0,103752000,0,0,0,0,211410000,0,0,0,3623342100,0,0,0,0,0,2161564800,50822672400,0,0,308507400,0,0,0,0,0,0,0,95642400,5297109900,4013920800,0,0,0,0,101669100,9510600,119747100,766290000,0,105705000,0,0,53934600,0,0,0,0,0,4991100,0,0,17802900,0,0,1257678600,12536700,0,0,0,0,0,0,52229700,0,0,0,0,0,130500,13558500,0,0,2271278400,0,0,37519771200,0,12536700,0,0,0,130500,0,0,342145800,0,0,0,0,859607400,0,0,0,0,0,0,7580706900,0,10268640900,0,0,0,0,2122200,0,0,0,2703537600,491804100,49871700,78600,0,837247200,0,0,0,707675100,961469700,0,0,0,0,0,0,0,0,0,0,549649800,112437300,0,0,3434393100,45380100,2959916100,0,12772500,0,0,0,0,203416800,0,0,182312700,0,0,21682409200,0,0,0
"MNE",0,0,473994900,0,0,0,0,96127800,0,0,0,39300,0,0,0,0,0,0,0,0,0,0,0,0,0,0,0,0,39300,0,0,0,0,0,0,0,0,0,0,0,0,0,0,0,39300,0,0,0,0,0,0,0,0,0,0,0,0,0,0,5934300,1030092300,0,0,0,0,0,0,0,0,0,0,0,21025500,700640400,0,0,0,0,0,0,0,0,0,0,0,0,0,0,0,0,0,0,0,0,0,0,0,0,0,0,0,0,0,0,0,0,0,0,0,0,0,0,0,0,0,0,0,0,0,632730000,0,0,0,0,0,78600,0,0,0,0,0,0,0,0,0,0,0,0,0,0,78600,0,8017200,0,0,0,0,0,0,0,0,0,0,0,0,0,0,0,0,0,0,0,0,0,0,0,0,0,0,0,0,0,39300,0,0,0,0,1611300,0,0,0,0,0,0,0,0,0,0,0,0,4313907300,0,0,0,0
"SDN",0,0,0,0,0,0,0,0,0,0,0,0,0,0,0,0,0,0,0,0,0,0,0,0,0,0,0,0,0,0,0,0,0,0,0,0,0,0,0,0,0,0,0,0,0,0,0,0,0,0,0,0,0,0,0,0,0,0,0,0,0,0,0,0,0,0,0,0,0,0,0,0,0,0,0,0,0,0,0,0,0,0,0,0,0,0,0,0,0,0,0,0,0,0,0,0,0,0,0,0,0,0,0,0,0,0,0,0,0,0,0,0,0,0,0,0,0,0,0,0,0,0,0,0,0,0,0,0,0,0,0,0,0,0,0,0,0,0,0,0,0,0,0,0,0,0,0,0,0,0,0,0,0,0,0,0,0,0,0,0,0,0,0,0,0,0,0,0,0,0,0,0,0,0,0,0,0,0,0,0,0,0,0,0,0,0,0,0,0,0,0,0,0,0,0
"SSD",0,0,0,0,0,0,0,0,0,0,0,0,0,0,0,0,0,0,0,0,0,0,0,0,0,0,0,0,0,0,0,0,0,0,0,0,0,0,0,0,0,0,0,0,0,0,0,0,0,0,0,0,0,0,0,0,0,0,0,0,0,0,0,0,0,0,0,0,0,0,0,0,0,0,0,0,0,0,0,0,0,0,0,0,0,0,0,0,0,0,0,0,0,0,0,0,0,0,0,0,0,0,0,0,0,0,0,0,0,0,0,0,0,0,0,0,0,0,0,0,0,0,0,0,0,0,0,0,0,0,0,0,0,0,0,0,0,0,0,0,0,0,0,0,0,0,0,0,0,0,0,0,0,0,0,0,0,0,0,0,0,0,0,0,0,0,0,0,0,0,0,0,0,0,0,0,0,0,0,0,0,0,0,0,0,0,0,0,0,0,0,0,0,0,0
"PSE",0,0,0,0,0,0,0,0,0,0,0,0,0,0,0,0,0,0,0,0,0,0,0,0,0,0,0,0,0,0,0,0,0,0,0,0,0,0,0,0,0,0,0,0,0,0,0,0,0,0,0,0,0,0,0,0,0,0,0,0,0,0,0,0,0,0,0,0,0,0,0,0,0,0,0,0,0,0,0,0,0,0,0,0,0,0,0,0,0,0,0,0,0,0,0,0,0,0,0,0,0,0,0,0,0,0,0,0,0,0,0,0,0,0,0,0,0,0,0,0,0,0,0,0,0,0,0,0,0,0,0,0,0,0,0,0,0,0,0,0,0,0,0,0,0,0,0,0,0,0,0,0,0,0,0,0,0,0,0,0,0,0,0,0,0,0,0,0,0,0,0,0,0,0,0,0,0,0,0,0,0,0,0,0,0,0,0,0,0,0,0,0,0,0,0
