"","ARM","AFG","ALB","DZA","ATG","ARG","AUS","AUT","BHS","BHR","BRB","BGD","BMU","BTN","BOL","BWA","BRA","ARB","BLZ","SLB","BRN","BGR","MMR","BDI","CMR","CAN","CPV","CAF","LKA","TCD","CHL","CHN","COL","COM","COG","COK","CRI","CUB","CYP","AZE","BEN","DNK","DMA","DOM","BLR","ECU","EGY","SLV","GNQ","EST","FRO","FJI","FIN","FRA","PYF","DJI","GEO","GAB","GMB","DEU","BIH","GHA","KIR","GRC","GRL","GRD","GTM","GIN","GUY","HTI","HND","HKG","HUN","HRV","ISL","IND","IDN","IRN","IRQ","IRL","ISR","ITA","CIV","KAZ","JAM","JPN","JOR","KGZ","KEN","KHM","PRK","KOR","KWT","LVA","LAO","LBN","LSO","LBR","LBY","LTU","MAC","MDG","MWI","MYS","MDV","MLI","MLT","MRT","MUS","MEX","MNG","MAR","MOZ","MDA","NAM","NPL","NLD","ANT","NCL","MKD","VUT","NZL","NIC","NER","NGA","NOR","PAK","PAN","CZE","PNG","PRY","PER","PHL","POL","PRT","GNB","TLS","ERI","QAT","ZWE","ROU","RWA","RUS","KNA","LCA","VCT","STP","SAU","SEN","SYC","SLE","SVN","SVK","SGP","SOM","ZAF","ESP","SUR","TJK","SWZ","SWE","CHE","SYR","TKM","TWN","TZA","THA","TGO","TON","TTO","OMN","TUN","TUR","ARE","UGA","TUV","GBR","UKR","USA","BFA","URY","UZB","VEN","VNM","ETH","YEM","COD","ZMB","BEL","LUX","SRB","MNE","SDN","SSD","PSE"
"ARM",0,0,0,0,0,0,0,668100,0,0,0,0,0,0,0,0,0,0,0,0,0,36431100,0,0,0,5777100,0,0,0,0,0,0,0,0,0,0,0,0,0,0,0,0,0,0,80565000,0,0,0,0,9510600,0,0,0,44094600,0,0,1774421100,0,0,85909800,0,0,0,0,0,0,0,0,0,0,0,0,0,0,0,0,0,2064311100,30378900,0,74827200,0,0,2633100,0,98957400,0,0,0,0,0,22361700,0,319941300,0,1179000,0,0,0,1532700,0,0,0,0,0,0,0,0,0,0,0,0,0,218979600,0,0,39300,0,0,0,0,0,0,0,0,0,0,0,0,0,0,0,0,78600,0,0,0,0,0,0,0,0,20834930700,0,0,0,0,51129300,0,0,0,0,0,0,0,0,0,0,67674600,0,0,39300,0,302727900,0,0,0,0,0,0,0,0,0,13401300,0,0,190369200,780222900,172851300,0,0,107878500,0,536169900,0,0,0,0,42247500,0,314400,0,0,0,0
"AFG",0,0,0,0,0,0,0,0,0,0,0,0,0,0,0,0,0,0,0,0,0,0,0,0,0,550200,0,0,78600,0,0,0,0,0,0,0,0,0,0,0,0,0,0,0,0,0,0,0,0,0,0,0,0,0,0,0,0,0,0,0,0,0,0,0,0,0,0,0,0,0,0,0,0,0,0,0,78600,0,0,0,0,0,0,0,0,0,0,0,157200,0,0,39300,0,0,0,0,0,0,0,0,0,0,0,0,0,0,0,0,0,0,0,0,0,0,0,0,4047900,0,0,0,0,0,0,0,0,0,0,0,0,0,0,0,0,0,0,0,0,0,0,0,0,0,0,0,0,0,0,0,0,0,0,0,0,0,0,0,0,0,0,0,52200,3537000,0,0,0,0,0,0,0,0,0,0,5934300,1650600,0,0,0,0,0,0,0,0,0,0,0,0,0,0,0,0,0,0,0,0,0
"ALB",0,0,0,0,0,0,0,0,0,0,0,0,0,0,0,0,0,0,0,0,0,16702500,0,0,0,289800,0,0,0,0,0,0,13086900,0,0,0,0,0,0,0,0,0,0,0,0,0,0,0,0,0,0,0,0,653205300,0,0,0,0,0,0,0,0,0,0,0,0,0,0,0,0,0,0,0,0,0,157121400,0,0,0,0,0,0,0,0,0,0,0,0,0,0,0,0,0,0,0,0,0,0,0,0,0,0,0,0,0,0,0,0,0,0,0,0,0,0,0,0,119393400,0,0,19217700,0,0,0,0,0,275100,7663500,0,0,0,0,0,0,0,0,0,0,0,0,0,2868900,0,0,0,0,0,0,0,0,0,0,0,0,0,0,0,0,0,0,0,0,314400,0,0,0,0,0,0,0,0,0,0,0,0,0,0,1768500,0,18216900,0,0,0,0,0,0,0,0,0,0,0,4676700,0,0,0,0
"DZA",0,0,0,0,0,0,0,0,0,34977000,0,0,0,0,0,0,0,0,0,0,0,0,0,0,0,53798100,0,0,0,0,0,0,0,0,0,0,0,0,0,0,0,0,0,0,0,0,0,0,0,0,0,0,0,240022800,0,0,0,0,0,14120396400,0,0,0,0,0,0,0,0,0,0,0,0,550200,0,0,0,0,0,0,0,0,19099800,0,0,0,0,683387700,0,0,0,0,39300,0,0,0,272977800,0,0,0,0,0,5148300,0,0,0,0,0,68342700,0,0,0,860277000,13440600,0,0,0,3412800000,0,0,0,0,0,0,1635000,0,0,0,0,0,0,0,0,0,0,0,0,0,0,0,0,0,0,0,0,0,0,0,29082000,94713000,0,0,0,0,0,0,0,391467300,0,0,0,65400,39300,0,0,0,0,0,0,0,0,406047600,0,247825800,13833600,0,0,0,0,0,48260400,0,0,0,0,0,0,0,0,0,0,0,0,0,0,0
"ATG",0,0,0,0,0,0,0,0,0,0,0,0,0,0,0,0,0,0,0,0,0,0,0,0,0,0,0,0,0,0,0,0,0,0,0,0,0,0,0,0,0,0,0,0,0,0,0,0,0,0,0,0,0,0,0,0,0,0,0,0,0,0,0,0,0,0,0,0,0,0,0,0,0,0,0,0,0,0,0,0,0,0,0,0,0,0,0,0,0,0,0,0,0,0,0,0,0,0,0,0,0,0,0,0,0,0,0,0,0,0,0,0,0,0,0,0,0,0,0,0,0,0,0,0,0,0,0,0,0,0,0,0,0,0,0,0,0,0,0,0,0,0,0,0,0,2672400,0,0,0,0,0,0,0,0,0,0,0,0,0,0,0,0,0,0,0,0,0,0,0,0,0,0,0,0,0,0,0,0,0,0,0,0,0,0,0,0,0,0,0,0,0,0,0,0,0
"ARG",0,0,0,0,0,0,0,0,0,0,0,0,0,0,7057127400,0,13207904700,0,0,0,0,0,0,0,0,246961200,0,0,0,0,14050039800,0,0,0,0,0,0,0,0,0,0,0,0,0,0,0,0,0,0,0,0,0,0,0,0,0,0,0,0,0,0,0,0,0,0,0,0,0,0,0,0,0,0,0,0,0,0,0,0,0,0,0,0,0,0,0,0,0,0,0,0,0,0,0,0,0,0,0,0,0,0,0,0,0,0,0,0,0,0,0,0,0,0,0,0,0,0,0,0,0,0,0,0,0,0,0,0,0,0,0,8597739600,760140600,0,0,0,0,0,0,0,0,0,0,0,0,0,0,0,0,0,0,0,0,0,0,0,0,214931700,0,0,0,0,0,0,0,0,0,0,0,0,0,0,0,0,0,0,0,0,0,538567200,0,16412426700,0,0,0,0,0,0,0,0,0,0,0,0,0,0
"AUS",0,0,0,0,0,0,0,0,0,23973000,0,16766400,0,0,0,0,0,0,0,35611200,421335300,0,106424400,39300,0,444827100,0,0,37209600,0,4833900,10482708000,64884300,0,0,76438500,0,0,0,0,0,275100,0,0,0,0,258240300,0,0,157200,0,4521347100,0,52852500,1791424200,0,0,0,0,72718500,0,0,39103500,2318700,0,0,0,0,0,0,0,15009555600,0,0,0,55963200,13492343700,0,0,864600,20789700,14658900,0,0,0,62954979900,14304900,0,313200,9392700,0,10644994500,490503300,0,0,51090000,0,0,0,0,2200800,0,0,53161989600,13637100,0,0,0,1139700,0,471600,0,0,0,0,0,1021800,0,1088434200,0,174829200,180838588600,0,0,0,0,14474700900,0,0,1604400600,0,353700,19006894800,0,0,0,85071000,0,90075600,0,38121000,0,707400,0,0,0,0,224709900,0,0,0,0,0,20026201800,0,111480000,0,0,0,0,8488800,0,0,0,2592699600,0,10428180600,0,6916800,66888600,0,0,29121300,1315960500,0,0,6595271700,0,1393685400,0,0,0,0,3362822400,0,0,0,0,0,0,0,0,0,0,0
"AUT",42326100,0,64019700,117900,0,146667600,340259400,0,39300,707400,0,0,0,39300,0,0,1294895700,0,0,0,0,10065977400,0,0,0,253170600,0,0,0,0,506734200,784552200,39300,0,0,0,0,0,162615900,115109700,0,742321100,0,39300,312585300,0,39300,0,0,176193600,0,78600,916866700,33254906900,0,0,56081100,0,0,282254890000,746507700,39300,0,8716779600,0,0,39300,0,117900,0,0,1528800,43607234400,64760263400,166396200,78600,39300,128275200,3576300,629735700,2335520400,31810144100,0,5737800,0,79054200,8410200,37649400,39300,78600,0,31636500,20553900,58733100,0,20003700,0,0,164863500,6536104300,0,5384100,0,10335900,48181800,0,107824500,0,0,106896000,3104700,10689600,0,27706500,1257600,0,17957342700,0,0,159675900,0,3065400,0,0,1532700,2924640000,157200,0,62920061100,0,74905800,157200,30968400,68618727200,7299470100,0,0,0,1257600,0,35516989500,0,39103500000,0,0,0,0,55530900,0,39300,39300,13701555700,20171926800,9432000,0,149025600,56379536400,0,0,0,16320898500,11645283400,0,12497400,13519200,0,39300,0,0,0,0,157200,3243979200,48574800,39300,0,38701432900,28090421700,25169645700,0,640559700,11161200,39300,0,0,0,196200,78600,19742283700,136948200,2916112100,210058500,0,0,982500
"BHS",0,0,0,0,0,0,0,0,0,0,0,0,0,0,0,0,0,0,0,0,0,0,0,0,0,0,0,0,0,0,0,0,0,0,0,0,0,0,0,0,0,0,0,0,0,0,0,0,0,0,0,0,0,0,0,0,0,0,0,0,0,0,0,0,0,0,0,0,0,0,0,0,0,0,0,0,0,0,0,0,0,0,0,0,0,0,0,0,0,0,0,0,0,0,0,0,0,0,0,0,0,0,0,0,0,0,0,0,0,0,0,0,0,0,0,0,0,0,0,0,0,0,0,0,0,0,0,0,0,0,0,0,0,0,0,0,0,0,0,0,0,0,0,0,0,0,0,0,0,0,0,0,0,0,0,0,0,0,0,0,0,0,0,0,0,0,0,0,0,0,0,0,0,0,0,0,0,0,0,0,0,0,0,0,0,0,0,0,0,0,0,0,0,0,0
"BHR",0,157200,0,0,0,0,0,39300,0,0,0,0,0,0,0,0,0,0,0,0,0,0,0,0,0,0,0,0,39300,0,0,0,0,0,0,0,0,0,0,0,0,0,0,0,0,0,0,0,0,0,0,0,0,668100,0,0,0,0,0,314400,0,0,0,196500,0,0,0,0,0,0,0,0,0,0,0,0,0,0,0,0,0,0,0,0,0,0,0,0,0,0,0,0,5580600,0,0,0,0,314400,0,0,0,0,0,0,39300,0,668100,0,0,0,0,0,0,0,0,1061100,0,0,0,0,393000,10886100,0,0,0,0,589500,0,0,0,0,0,0,196500,0,0,0,0,0,0,0,0,0,0,0,0,0,1798132200,0,0,0,0,0,0,0,0,0,0,0,0,0,0,0,0,0,4637400,0,0,0,0,44595300,0,0,136292400,0,78600,0,0,2448600,0,0,0,0,0,0,0,0,1493400,78600,0,0,0,0,0,0
"BRB",0,0,0,0,142200,0,0,0,0,0,0,0,0,0,0,0,0,0,0,0,0,0,0,0,0,0,0,0,0,0,0,0,0,0,0,0,0,0,0,0,0,0,196500000,0,0,0,0,0,0,0,0,0,0,0,0,0,0,0,0,0,0,0,0,0,0,864600,0,0,0,0,0,0,0,0,0,0,0,0,0,0,0,0,0,0,0,0,0,0,0,0,0,0,0,0,0,0,0,0,0,0,0,0,0,0,0,0,0,0,0,0,0,0,0,0,0,0,0,0,0,0,0,0,0,0,0,0,0,0,0,0,0,0,0,0,0,0,0,0,0,0,0,0,0,142200,0,39300,0,0,0,0,0,0,0,0,0,0,0,0,0,0,0,0,0,0,0,0,0,0,0,0,0,0,0,0,0,0,0,0,75573900,0,0,0,0,0,0,0,0,0,0,0,0,0,0,0,0
"BGD",0,0,0,0,0,0,1630674900,0,0,0,0,0,0,0,797475600,0,0,0,0,0,4323000,0,0,0,0,6838200,0,0,39300,0,0,276986400,0,27863700,0,0,0,0,0,0,0,0,0,0,0,0,0,0,0,0,0,157671600,0,27863700,0,0,0,0,35212800,0,6405900,0,0,0,0,0,39300,0,0,0,0,0,0,0,0,5508602400,111022500,0,0,0,0,11571400,1493400,0,0,0,0,0,0,7663500,0,39300,0,0,0,0,0,0,0,0,0,54234000,0,0,2318700,0,0,92276400,159204300,0,64216200,0,0,0,0,1058034600,170562000,0,0,0,0,1493400,0,0,0,2633100,0,0,0,0,0,47160000,10244566800,0,0,0,0,0,0,0,0,0,0,0,0,0,0,0,0,0,0,0,0,23344200,0,0,0,0,0,0,0,0,0,0,0,0,39300,0,0,0,0,0,0,258869100,0,0,471600,0,22833300,0,0,0,0,307758300,0,0,0,0,16230900,0,0,6052200,0,0,0
"BMU",0,0,0,0,0,0,0,0,0,0,0,0,0,0,0,0,0,0,0,0,0,0,0,0,0,0,0,0,0,0,0,0,0,0,0,0,0,0,0,0,0,0,0,0,0,0,0,0,0,0,0,0,0,0,0,0,0,0,0,0,0,0,0,0,0,0,0,0,0,0,0,0,0,0,0,0,0,0,0,0,0,0,0,0,0,0,0,0,0,0,0,0,0,0,0,0,0,0,0,0,0,0,0,0,0,0,0,0,0,0,0,0,0,0,0,0,0,0,0,0,0,0,0,0,0,0,0,0,0,0,0,0,0,0,0,0,0,0,0,0,0,0,0,0,0,0,0,0,0,0,0,0,0,0,0,0,0,0,0,0,0,0,0,0,0,0,0,0,0,0,0,0,0,0,0,0,0,0,0,0,0,0,0,0,0,0,0,0,0,0,0,0,0,0,0
"BTN",0,0,0,0,0,0,0,0,0,0,0,0,0,0,0,0,0,0,0,0,0,0,0,0,0,0,0,0,0,0,0,0,0,0,0,0,0,0,0,0,0,0,0,0,0,0,0,0,0,0,0,0,0,0,0,0,0,0,0,0,0,0,0,0,0,0,0,0,0,0,0,0,0,0,0,0,0,0,0,0,0,0,0,0,0,0,0,0,0,0,0,0,0,0,0,0,0,0,0,0,0,0,0,0,0,0,0,0,0,0,0,0,0,0,0,0,0,0,0,0,0,0,0,0,0,0,0,0,0,0,0,0,0,0,0,0,0,0,0,0,0,0,0,0,0,0,0,0,0,0,0,0,0,0,0,0,0,0,0,0,0,0,0,0,0,0,0,0,0,0,0,0,0,78600,0,0,0,0,0,0,0,0,0,0,0,0,0,0,0,0,0,0,0,0,0
"BOL",0,0,0,0,0,50893500,0,0,0,0,0,0,0,0,0,0,0,0,0,0,0,0,0,0,0,0,0,0,0,0,22194600,0,235800,0,0,0,0,0,0,0,0,0,0,0,0,0,0,0,0,0,0,0,0,8652000,0,0,0,0,0,2456488100,0,0,0,0,0,0,0,0,0,0,0,0,0,0,0,0,0,0,0,0,0,379479000,0,0,0,10364100,0,0,0,0,0,0,0,0,0,0,0,0,0,0,0,0,0,0,0,0,0,0,0,0,0,0,0,0,0,0,214889700,0,0,0,0,0,0,0,0,0,0,0,0,0,521786100,72901500,0,0,0,0,0,0,0,0,0,0,0,0,0,0,0,0,0,0,0,0,0,0,0,0,0,0,0,0,0,239706000,0,0,0,0,0,0,0,0,0,0,0,0,0,0,0,0,77726300,0,0,0,0,0,0,0,0,0,0,0,0,0,0,0,0
"BWA",0,0,0,0,0,0,0,0,0,0,0,0,0,0,0,0,0,0,0,0,0,0,0,0,0,0,0,0,0,0,0,0,0,0,0,0,0,0,0,0,0,0,0,0,0,0,0,0,0,0,0,0,0,0,0,0,0,0,0,0,0,0,0,0,0,0,0,0,0,0,0,0,0,0,0,0,0,0,0,0,0,0,0,0,0,0,0,0,0,0,0,0,0,0,0,0,0,0,0,0,0,0,0,0,0,0,0,0,0,0,0,0,0,0,419100,0,0,0,0,0,0,0,0,0,0,0,0,0,0,0,0,0,0,0,0,0,0,0,0,0,0,0,0,0,0,0,0,0,0,0,0,0,0,0,0,6445200,0,0,0,0,0,0,0,0,0,0,0,0,0,0,0,0,0,0,0,0,0,0,0,0,0,0,0,0,0,0,0,0,0,0,0,0,0,0,0
"BRA",88542900,0,0,21143400,7781100,262343761500,231437100,3301200,32212800,6667800,2908200,276290100,0,0,28231776800,17488500,0,0,3615600,0,0,157200,5148300,0,500603400,16504467300,162073200,432300,0,943200,112528710900,334048500,7811651100,157200,78600,39300,1800567600,161752800,46779000,0,9078300,12837000,39300,3332702400,0,5638741800,69558900,228568800,7938600,0,0,13165500,0,9314417100,0,108468000,18903300,18667500,806043000,29317800,2043600,1311048000,0,60573300,0,0,735004800,856347000,654462900,135701400,152444700,220615800,1139700,314400,154056000,184227600,39300,2947500,3537000,1611300,488695500,34015800,95656200,0,320473800,7196395100,155117100,0,813790200,0,39300,1422657600,0,0,0,12576000,0,696919500,178657800,108271500,0,1230561600,0,39307200,0,2840721900,64002000,335386200,0,5035105500,396576300,460071900,152858100,0,81468900,0,29401373400,0,0,0,235800,121633500,318251400,1421048700,2412430500,27758400,1925700,886132800,0,0,38228360400,8193263400,303592500,1455900,740154600,0,0,0,88268400,0,0,0,144046500,0,46727700,864600,66967200,15209100,1582964700,0,163684500,0,39300,217761000,860945100,1454217900,66604500,942138900,0,117900,157200,861831600,0,0,39852600,0,216621300,38160300,0,2260189800,479695800,2082900,578824200,1550682600,742259100,39300,226356700,0,154812141800,210019200,30627578100,0,5346402000,44644800,170522700,1291240800,2981926800,0,345691200,275100,0,1100400,30300300,0,465076200
"ARB",0,0,0,0,0,0,0,0,0,0,0,0,0,0,0,0,0,0,0,0,0,0,0,0,0,0,0,0,0,0,0,0,0,0,0,0,0,0,0,0,0,0,0,0,0,0,0,0,0,0,0,0,0,0,0,0,0,0,0,0,0,0,0,0,0,0,0,0,0,0,0,0,0,0,0,0,0,0,0,0,0,0,0,0,0,0,0,0,0,0,0,0,0,0,0,0,0,0,0,0,0,0,0,0,0,0,0,0,0,0,0,0,0,0,0,0,0,0,0,0,0,0,0,0,0,0,0,0,0,0,0,0,0,0,0,0,0,0,0,0,0,0,0,0,0,0,0,0,0,0,0,0,0,0,0,0,0,0,0,0,0,0,0,0,0,0,0,0,0,0,0,0,0,0,0,0,0,0,0,0,0,0,0,0,0,0,0,0,0,0,0,0,0,0,0
"BLZ",0,0,0,0,0,0,0,0,0,0,0,0,0,0,0,0,0,0,0,0,0,0,0,0,0,0,0,0,0,0,0,0,0,0,0,0,0,0,0,0,0,0,0,0,0,0,0,0,0,0,0,0,0,1127197800,0,0,0,0,0,53985600,0,0,0,0,0,0,314400,0,0,0,0,0,0,0,0,0,0,0,0,0,0,18257400,0,0,0,45540000,0,0,0,0,0,0,0,0,0,0,0,0,0,0,0,0,0,0,0,0,0,0,0,0,0,0,0,0,0,0,174832200,0,0,0,0,0,0,0,0,0,0,213300,0,0,0,0,0,0,0,0,0,0,0,0,0,0,0,0,0,0,0,0,0,0,0,0,0,0,0,0,0,0,0,0,0,3065400,0,0,0,0,0,0,0,0,0,0,0,0,0,0,109792800,0,1382052300,0,0,0,0,0,0,0,0,0,0,0,0,0,0,0,0
"SLB",0,0,0,0,0,0,284707800,0,0,0,0,0,0,0,0,0,0,0,0,0,0,0,0,0,0,0,0,0,0,0,0,0,0,0,0,0,0,0,0,0,0,0,0,0,0,0,0,0,0,0,0,41400,0,0,0,0,0,0,0,3974400,0,0,0,0,0,0,0,0,0,0,0,0,0,0,0,0,0,0,0,0,0,0,0,0,0,51750000,0,0,0,0,0,39300,0,0,0,0,0,0,0,0,0,0,0,28267498800,0,0,0,0,0,0,0,0,0,0,0,0,3891600,0,0,0,0,138928500,0,0,0,0,0,0,0,0,0,0,0,0,0,0,0,0,0,0,0,0,0,0,0,0,0,0,0,0,0,0,0,124200000,0,0,0,0,0,0,0,0,0,0,0,0,0,0,0,0,0,0,0,0,0,0,36266400,0,0,0,0,0,0,0,0,0,0,0,12544200,0,0,0,0,0,0
"BRN",0,0,0,0,0,0,0,0,0,0,0,0,0,0,0,0,0,0,0,0,0,0,0,0,0,0,0,0,0,0,0,0,0,0,0,0,0,0,0,0,0,0,0,0,0,0,0,0,0,0,0,0,0,0,0,0,0,0,0,0,0,0,0,0,0,0,0,0,0,0,0,39300,0,0,0,0,0,0,0,0,0,0,0,0,0,0,0,0,0,0,0,0,0,0,0,0,0,0,0,0,0,0,0,37203600,0,0,0,0,0,0,0,0,0,0,0,0,0,0,0,0,0,0,0,0,0,0,0,0,0,0,0,0,0,0,0,0,0,0,0,0,0,0,0,0,0,0,0,0,0,0,0,0,0,703800,0,0,0,0,0,0,0,0,0,0,0,0,0,0,0,0,0,0,0,0,0,0,0,0,0,0,0,0,0,0,0,0,0,0,0,0,0,0,0,0,0
"BGR",295653900,0,2063040300,2307416700,0,0,67596000,17176416300,0,3035400,0,0,0,0,0,0,208840200,0,0,0,0,0,0,0,0,1504797000,0,0,0,0,98110800,1009380300,82150200,0,20318100,0,6641700,0,1634119200,5167200,0,89487900,0,0,2872023300,0,360656100,0,21418500,35340600,0,0,62683500,6084617400,0,0,380801700,0,0,51071128800,3621572400,0,0,18042405600,0,0,0,0,0,0,0,796964700,10953858900,8041379100,0,102146700,6681000,297854700,486624300,133759400,4111644600,6108919200,6029100,471600,0,984622200,770135700,0,0,0,0,0,138021600,339630600,0,1024845000,0,0,4949009700,7864478100,0,0,0,50539800,30693300,15209100,48220800,73176600,54312600,190530000,0,937795200,5580600,347722200,0,0,10426054200,0,0,5048573400,0,0,0,0,84416400,662991000,0,0,10271772600,0,0,274180500,327801300,44427121500,2375388000,0,0,0,91534800,0,53937622500,0,22950086400,0,0,0,0,4819909200,0,0,0,249753900,13909344600,0,0,103803300,5899215000,0,0,0,3626333100,40862400,0,14737500,353700,0,0,0,0,0,50814900,300150000,140843968600,2181471900,0,0,27604047400,14053241400,2712650400,0,6641700,164430000,0,6627000,0,0,91844100,0,6435896700,0,6439488700,384638400,0,0,0
"MMR",0,0,0,0,0,0,0,0,0,0,0,0,0,0,0,0,0,0,0,0,0,0,0,0,0,0,0,0,0,0,0,0,0,0,0,0,0,0,0,0,0,0,0,0,0,0,0,0,0,0,0,0,0,0,0,0,0,0,0,0,0,0,0,0,0,0,0,0,0,0,0,0,0,0,0,0,0,0,0,0,0,0,0,0,0,0,0,0,0,0,0,0,0,0,0,0,0,0,0,0,0,0,0,0,0,0,0,0,0,0,0,0,0,0,0,0,0,0,0,0,0,0,0,0,0,0,0,0,0,0,0,0,0,0,0,0,0,0,0,0,0,0,0,0,0,0,0,0,0,0,0,0,0,0,0,0,0,0,0,0,0,0,0,0,0,0,0,0,0,0,0,0,0,0,0,0,0,0,0,0,0,0,0,0,0,0,0,0,0,0,0,0,0,0,0
"BDI",0,0,0,0,0,0,0,0,0,0,0,0,0,0,0,0,0,0,0,0,0,0,0,0,0,0,0,0,0,0,0,0,0,0,0,0,0,0,0,0,0,0,0,0,0,0,0,0,0,0,0,0,0,0,0,0,0,0,0,0,0,0,0,0,0,0,0,0,0,0,0,0,0,0,0,0,0,0,0,0,0,0,0,0,0,0,0,0,0,0,0,0,0,0,0,0,0,0,0,0,0,0,0,0,0,0,0,0,0,0,0,0,0,0,0,0,0,0,0,0,0,0,0,0,0,0,0,0,0,0,0,0,0,0,0,0,0,0,0,0,0,0,0,0,0,0,0,0,0,0,0,0,0,0,0,0,0,0,0,0,0,0,0,0,0,0,0,0,0,0,0,0,0,0,0,0,0,0,0,0,0,0,0,0,0,0,1729200,0,0,0,0,0,0,0,0
"CMR",0,0,0,0,0,0,621000,0,0,0,0,0,0,0,0,0,4384800000,0,0,0,0,1208010600,0,0,0,4690887300,0,1599981600,0,0,0,248400,0,0,6217692300,0,0,0,0,0,74473500,0,0,0,1477491200,0,167890400,0,0,2156277600,0,0,0,324325211900,0,0,0,0,0,82913243800,0,0,0,0,0,0,0,0,0,0,0,0,71100,0,0,0,93459196500,0,0,157200,0,13570379100,0,0,0,1640847600,0,0,0,0,0,0,207000,0,0,0,0,0,0,4342156200,0,0,0,326707014600,0,0,0,0,0,0,0,61897500,0,0,0,5220000,1510589617700,0,0,0,0,0,0,0,0,0,0,0,0,0,0,0,0,1233760800,0,0,0,0,0,0,0,0,2029576500,0,0,0,0,74827200,27038400,0,0,0,0,135004199400,0,39300,58431476200,0,0,0,0,167966100,0,0,0,39300,0,0,0,0,0,0,67020520800,443611500,0,0,0,0,101193555600,0,1047001500,0,0,0,0,0,0,0,67292564300,0,0,0,0,0,0
"CAN",39300,0,0,130554600,0,0,19364981400,746700,141768300,5289300,141873000,1689900,0,0,0,0,11060923500,0,0,0,2240100,0,0,0,471600,0,0,0,30889800,0,5314498500,2792824200,35802300,0,0,0,1771211700,63980400,36431100,9825000,0,130800,78600,275100,0,5272200,20082300,125288400,0,2994832500,0,0,943200,770168100,0,0,628800,0,0,25353000,0,23029800,0,2200800,0,0,353896500,0,1061100,707400,93612600,1327264100,0,0,108978900,22125900,32619000,0,7860000,343277500,416383500,83584211700,0,0,193749000,4794049800,1140525300,0,275100,0,0,3186791400,9667800,4558800,1375500,24169500,0,5069700,89643300,0,12969000,0,0,1336200,0,0,0,0,1132800,131391468300,0,0,0,0,0,1768500,1914306600,0,0,0,0,77656800,39653700,0,13833600,0,72135600,0,510900,0,0,172566300,474154500,1.827e+09,0,0,0,0,67911300,0,0,0,24326700,0,0,0,0,1881644700,0,0,0,0,393000,542739600,0,393000,588126000,0,0,0,8370900,115042200,0,0,466646100,0,25034100,0,0,140058300,44448300,0,8816483100,988193400,707400,0,4897055100,1532700,3172921319700,628800,0,0,0,17606400,0,0,0,0,998868300,157200,0,0,0,0,0
"CPV",0,0,0,0,0,0,0,0,0,0,0,0,0,0,0,0,0,0,0,0,0,0,0,0,0,0,0,0,0,0,0,0,0,0,0,0,0,0,0,0,0,0,0,0,0,0,0,0,0,0,0,0,0,0,0,0,0,0,0,0,0,0,0,0,0,0,0,0,0,0,0,0,0,0,0,0,0,0,0,0,0,0,0,0,0,0,0,0,0,0,0,0,0,0,0,0,0,0,0,0,0,0,0,0,0,0,0,0,0,0,0,0,0,0,0,0,0,0,0,0,0,0,0,0,0,0,0,0,0,0,0,0,0,0,0,0,0,0,0,0,0,0,0,0,0,0,0,0,0,0,0,0,0,0,0,0,0,0,0,0,0,0,0,0,0,0,0,0,0,0,0,0,0,0,0,0,0,0,0,0,0,0,0,0,0,0,0,0,0,0,0,0,0,0,0
"CAF",0,0,0,0,0,0,0,0,0,0,0,0,0,0,0,0,0,0,0,0,0,0,0,0,41400000,0,0,0,0,0,0,0,0,0,0,0,0,0,0,0,0,0,0,0,0,0,0,0,0,0,0,0,0,0,0,0,0,0,0,0,0,0,0,0,0,0,0,0,0,0,0,0,0,0,0,0,0,0,0,0,0,0,0,0,0,0,0,0,0,0,0,0,0,0,0,0,0,0,0,0,0,0,0,517500000,0,0,0,0,0,0,0,0,0,0,0,0,0,0,0,0,0,0,0,0,0,0,0,0,0,0,0,0,0,0,0,0,0,0,0,0,0,0,0,0,0,0,0,0,0,0,0,0,0,0,0,0,0,0,0,0,0,0,0,0,0,0,0,0,0,0,0,0,0,0,0,0,0,0,0,0,0,0,0,0,0,0,0,0,0,0,0,0,0,0,0
"LKA",0,0,0,0,0,0,284021100,0,0,0,0,907319100,0,0,0,0,0,0,0,0,0,0,0,0,0,1155300,0,0,0,0,0,124200,0,0,0,0,0,0,4511700,93600,0,0,0,0,0,0,287100000,0,0,0,0,0,0,57668100,0,0,0,0,0,297810600,0,0,0,0,0,0,0,0,0,0,0,647596800,0,0,0,4137310500,0,0,0,0,68932200,185430600,0,0,0,8470800,0,0,0,0,0,0,6210000,0,0,0,0,0,0,0,0,0,0,78600,875309100,0,0,0,0,0,0,0,0,0,0,0,0,0,0,0,0,150300,0,0,12143700,2484000,34623300,0,533700,0,0,0,344071500,0,0,0,0,0,162532800,0,0,0,786000,0,1532700,0,0,289483800,0,1100400,0,0,0,13010100,0,0,522000,0,0,5630400,1531800,9397800,0,0,0,0,0,0,0,0,0,0,157200,5139709800,0,0,506688900,0,56433900,0,0,0,0,196500,0,0,0,39300,7467000,0,0,0,0,0,0
"TCD",0,0,0,0,0,0,0,0,0,0,0,0,0,0,0,0,0,0,0,0,0,0,0,0,0,0,0,0,0,0,0,0,0,0,0,0,0,0,0,0,0,0,0,0,0,0,0,0,0,0,0,0,0,0,0,0,0,0,0,0,0,0,0,0,0,0,0,0,0,0,0,0,0,0,0,0,0,0,0,0,0,0,0,0,0,0,0,0,0,0,0,0,0,0,0,0,0,0,0,0,0,0,0,0,0,0,0,0,0,0,0,0,0,0,0,0,0,0,0,0,0,0,0,0,0,0,0,0,0,0,0,0,0,0,0,0,0,0,0,0,0,0,0,0,0,0,0,0,0,0,0,0,0,0,0,0,0,0,0,0,0,0,0,0,0,0,0,0,0,0,0,0,0,0,0,0,0,0,0,0,0,0,0,0,0,0,0,0,0,0,0,0,0,0,0
"CHL",0,0,0,0,0,1269075600,2554500,0,0,0,0,0,0,0,10512828600,0,15335000,0,0,0,0,0,0,0,0,3986100,0,0,0,0,0,0,608992800,0,0,0,658903800,250694700,0,0,0,0,0,48299700,0,7061188200,0,160461900,0,0,0,4716000,0,0,10139400,0,0,0,0,0,0,0,0,0,0,0,115856400,0,0,0,132873300,0,0,0,0,0,0,0,0,0,0,235800,0,0,0,0,0,0,0,0,0,0,0,0,0,0,0,0,0,0,0,0,0,363440000,0,0,0,0,0,80721900,0,0,0,0,0,0,64333600,0,0,0,0,903900,47710200,0,0,1257600,0,333774900,0,0,2067637200,11962335900,0,0,0,0,0,0,0,0,0,0,0,0,1375500,1375500,0,0,0,0,0,0,0,235800,0,49046400,0,0,0,0,0,0,0,0,0,0,3421458000,0,0,72469200,0,0,0,0,0,0,0,0,82031700,0,1008280800,0,254742600,0,0,0,0,0,0,0,0,0,0,0,0
"CHN",0,41760000,307123800,661693800,0,2412228200,45777385800,0,0,90114900,22708800,1153167300,0,0,1114964400,0,1526647800,0,0,8017200,2829600,543522600,368532300,0,203898900,9033152400,0,0,3558778500,0,8932338600,0,2945059800,4991100,0,0,191362500,0,44880900,95265000,2646069000,0,0,733729500,54862800,691021200,848250000,1368998100,0,11130750000,0,564542400,71526000,54941400,0,680688000,39228600,29710800,8370900,36415348800,0,8835229500,0,244162200,0,0,3634174800,702094500,38042400,197757600,644217300,50511121200,356074600,1953244200,0,5779686300,26905499700,520093200,3426939900,59893200,3899935500,5895000,1418101200,3917350800,7110000,23583261900,2323585200,608155500,312980700,1581903600,1524230700,33850897800,2282421300,0,0,57633600,0,741536700,236781600,1186006500,157593000,53330100,0,21000923400,0,0,0,46491900,80325000,10400268900,1000152400,1185294600,0,11986500,0,241364700,20227415400,0,0,0,0,16238728500,410252700,167103600,4870959900,31990200,6096581700,213006000,0,2198324100,0,3728700600,52086356700,44959200,84934800,0,0,0,942769700,6264000,25073400,0,8978275800,0,0,0,0,10003317000,1124166900,0,22636800,285795000,3915000,4808643000,12733200,3744764100,1871215800,0,157628700,0,22597500,786000,1832220000,0,7338005700,2284626900,29666141100,1514739900,0,157200,1104543600,524610000,12011480100,8495093400,3532500,0,13392184200,1580561100,38936381300,110433000,1386864300,2902309800,164521800,9712735800,420001200,2012274600,904993500,0,22297200,0,125280000,250768800,966253200,0,203063100
"COL",0,0,0,0,61229400,5406585100,134994300,0,0,53742900,71761800,0,0,0,1100510700,0,71383500,0,88739400,0,0,0,0,0,0,1222889700,432300,0,0,0,12945931500,36234600,0,0,0,0,9168698600,135663600,0,0,0,0,215678400,1333252500,0,27282570800,104400000,1220815200,0,4556980800,0,21339900,0,4348536300,0,0,0,0,0,10374072400,0,0,0,0,0,30732600,1699436400,8803200,159400800,47553000,1441209600,87540600,15837900,0,0,540581000,312859800,0,7742100,0,7506300,2231600100,7388400,0,471521400,1782864800,0,0,0,0,0,455927200,2397300,188800000,0,0,0,0,0,0,0,0,0,1346576400,0,0,0,0,0,81985407400,0,13204800,3073260000,0,0,35094900,20203864800,0,0,0,0,10375200,1130893200,0,0,196500,0,8302944900,17249100,0,540216700,12142775800,43033500,0,0,8842500,0,0,39300,0,19366500,0,5230433000,14069400,123048300,57338700,0,9982200,0,0,0,0,12196900,52902600,0,2593760700,1578653600,79150200,0,0,41400,67841900,0,0,21604000,0,0,0,0,6469079500,0,0,6.62e+08,196107300,0,0,5638334700,0,39556051600,0,402153700,0,5511299700,0,0,63390900,0,0,10720572800,0,0,0,0,0,0
"COM",0,0,0,0,0,0,0,0,0,0,0,0,0,0,0,0,0,0,0,0,0,0,0,0,0,0,0,0,0,0,0,0,0,0,0,0,0,0,0,0,0,0,0,0,0,0,0,0,0,0,0,0,0,0,0,0,0,0,0,0,0,0,0,0,0,0,0,0,0,0,0,0,0,0,0,0,0,0,0,0,0,0,0,0,0,0,0,0,0,0,0,0,0,0,0,0,0,0,0,0,0,0,0,0,0,0,0,0,0,0,0,0,0,0,0,0,0,0,0,0,0,0,0,0,0,0,0,0,0,0,0,0,0,0,0,0,0,0,0,0,0,0,0,0,0,0,0,0,0,0,0,0,0,0,0,0,0,0,0,0,0,0,0,0,0,0,0,0,0,0,0,0,0,0,0,0,0,0,0,0,0,0,0,0,0,0,0,0,0,0,0,0,0,0,0
"COG",0,0,0,0,0,0,0,0,0,0,0,0,0,0,0,0,0,0,0,0,0,0,0,0,126400500,0,0,0,0,0,0,0,0,0,0,0,0,0,0,0,0,0,0,0,0,0,0,0,0,0,0,0,0,16388100,0,0,0,0,0,0,0,0,0,0,0,0,0,0,0,0,0,0,0,0,0,0,322920000,0,0,0,0,8976937500,0,0,0,0,0,0,0,0,0,0,0,0,0,0,0,0,0,0,0,0,0,0,0,0,0,0,0,0,0,0,0,0,0,0,421700400,0,0,0,0,0,0,0,0,0,0,0,0,0,0,0,0,0,0,0,0,0,0,0,0,0,0,0,0,0,0,0,0,0,0,0,0,0,0,0,786000,0,0,0,0,196500,0,0,0,0,0,0,0,0,0,0,0,0,0,0,3419100,0,0,0,0,0,0,0,0,0,355500,0,968760000,0,0,0,0,0,0
"COK",0,0,0,0,0,0,0,0,0,0,0,0,0,0,0,0,0,0,0,0,0,0,0,0,0,0,0,0,0,0,0,0,0,0,0,0,0,0,0,0,0,0,0,0,0,0,0,0,0,0,0,0,0,0,0,0,0,0,0,0,0,0,0,0,0,0,0,0,0,0,0,0,0,0,0,0,0,0,0,0,0,0,0,0,0,0,0,0,0,0,0,0,0,0,0,0,0,0,0,0,0,0,0,0,0,0,0,0,0,0,0,0,0,0,0,0,0,0,0,0,0,0,0,0,0,0,0,0,0,0,0,0,0,0,0,0,0,0,0,0,0,0,0,0,0,0,0,0,0,0,0,0,0,0,0,0,0,0,0,0,0,0,0,0,0,0,0,0,0,0,0,0,0,0,0,0,0,0,0,0,0,0,0,0,0,0,0,0,0,0,0,0,0,0,0
"CRI",0,0,0,0,18156600,0,130500,0,0,0,0,0,0,0,0,0,27863700,0,0,0,0,0,0,0,0,145694700,0,0,0,0,112444800,431700,71801100,0,0,0,0,61119400,0,0,0,9621300,0,95984700,0,0,0,950828700,0,0,0,0,0,3717000,0,0,0,0,0,315215400,0,0,0,0,0,0,3753371200,0,549600,0,1475645400,0,0,0,0,0,0,0,0,0,0,0,0,0,0,63821400,0,0,0,0,0,6210000,0,7860000,0,0,0,0,0,0,0,0,0,0,0,0,0,0,0,5073826500,0,0,0,0,0,0,1221175800,0,0,0,0,0,4540611900,0,0,1413300,0,4094860200,431700,0,0,112319400,0,39300,0,0,0,0,0,0,0,0,22002000,0,0,0,0,0,0,0,0,0,0,0,0,0,0,0,0,0,0,143653800,0,0,0,0,0,0,0,49360800,0,0,0,0,0,0,5749200,1863000,4346539600,0,0,0,0,0,0,0,0,0,423707400,0,0,0,0,0,0
"CUB",0,0,0,0,0,0,0,0,0,0,0,0,0,0,0,0,0,0,0,0,0,0,0,0,0,0,0,0,0,0,0,0,0,0,0,0,0,0,0,0,0,0,0,0,0,0,0,0,0,0,0,0,0,1281300,0,0,0,0,0,13050000,0,0,0,0,0,0,0,0,0,0,0,0,0,0,0,0,0,0,0,0,0,2235600,0,0,0,993600,0,0,0,0,0,0,0,0,0,0,0,0,0,0,0,0,0,0,0,0,0,0,0,0,0,0,0,0,0,0,1069513200,0,0,0,0,0,0,0,0,0,0,0,0,0,0,0,0,0,0,0,0,0,0,0,0,0,0,0,0,0,0,0,0,0,0,0,0,0,0,0,5385129600,0,0,0,0,0,0,0,0,0,0,0,0,0,0,0,0,4388400,0,0,0,0,0,0,0,0,0,0,0,0,0,0,208283400,0,0,0,0,0,0
"CYP",0,0,0,0,0,0,0,0,0,0,0,0,0,0,0,0,0,0,0,0,0,0,0,0,0,0,0,0,0,0,0,0,0,0,0,0,0,0,0,0,0,0,0,0,0,0,0,0,0,0,0,0,0,0,0,0,0,0,0,5030400,0,0,0,526840800,0,0,0,0,0,0,0,0,0,2161500,0,0,0,0,0,0,0,0,0,0,0,0,0,0,0,0,0,0,0,0,0,0,0,0,0,0,0,0,0,0,0,0,18706800,0,0,0,0,0,0,0,0,0,1847100,0,0,0,0,0,0,0,0,0,0,0,0,0,0,0,0,0,0,0,0,0,17960100,0,0,0,0,0,0,0,0,0,0,0,0,0,39300,0,0,0,0,0,0,0,0,0,0,0,0,0,0,0,0,0,0,0,0,0,0,0,1283700,0,1065658800,0,0,0,0,0,0,0,0,0,0,0,0,0,0,0,0
"AZE",0,982500,0,0,0,0,0,0,0,0,0,0,0,0,0,0,0,0,0,0,0,156414000,0,0,0,0,0,0,0,0,0,184631400,0,0,0,0,0,0,0,0,0,0,0,0,0,0,0,0,0,0,0,0,0,0,0,0,2879039400,0,0,7231200,0,0,0,0,0,0,0,0,0,0,0,0,0,0,0,0,0,110275800,1037166300,0,254074500,0,0,1569366900,0,0,446487300,292588500,0,0,0,0,0,0,0,0,0,0,0,0,0,0,0,189897600,0,0,0,0,0,0,208093500,0,0,0,0,0,0,0,0,0,0,0,0,0,60679200,0,0,0,0,0,0,0,0,0,0,0,0,0,0,0,0,0,6010659900,0,0,0,0,954872100,0,0,0,0,0,0,0,0,0,0,43898100,0,0,0,0,300566400,0,0,0,0,0,0,75849000,0,683505600,891599100,0,0,0,484608300,17331300,0,0,509092200,0,0,0,239415600,0,0,0,0,0,0,0,0,0
"BEN",0,0,0,0,0,0,0,0,0,0,0,0,0,0,0,0,0,0,0,0,0,0,0,0,0,0,0,0,0,0,0,0,0,0,0,0,0,0,0,0,0,0,0,0,0,0,0,0,0,0,0,0,0,4408200,0,0,0,1139700,0,0,0,0,0,0,0,0,0,0,0,0,0,0,0,0,0,0,0,0,0,0,0,0,0,0,0,0,0,0,0,0,0,0,0,0,0,0,0,0,0,0,0,0,0,0,0,1611300,0,0,0,0,0,0,0,0,0,0,0,0,0,0,0,0,0,0,0,0,0,0,0,0,0,0,0,0,0,0,0,0,0,0,0,0,0,0,0,0,0,0,0,0,0,0,0,0,0,0,0,0,0,0,0,0,0,0,0,0,0,266296800,0,0,0,0,0,0,0,0,0,0,0,786000,0,0,0,0,0,0,0,0,0,0,0,0,0,0,0
"DNK",6720300,0,0,0,0,0,212023500,1294738500,0,0,0,13597800,0,0,0,0,20396700,0,0,0,0,552165000,0,0,0,122406300,0,0,1807800,0,21929400,1216177800,0,0,0,0,0,0,28846200,8017200,0,0,0,0,43819500,0,1179000,0,0,432758100,2682462300,0,3098529600,3109804200,0,0,11279100,0,0,60011581000,0,14567100,0,97902900,0,0,10964700,0,0,0,0,302256300,411960600,60404100,4210686000,34426800,0,157200,0,138152100,644323500,1900730700,0,235800,0,145095600,2908200,0,7113300,0,0,51876000,142383900,148239600,0,40007400,0,0,0,246764700,0,0,0,52190400,0,0,148161000,0,0,39300,13479900,0,0,0,0,0,7337522400,0,32697600,2082900,0,37217100,4716000,0,16506000,16238813700,0,0,1102487700,0,0,0,533497500,21328869600,1530342000,0,0,0,41343600,0,538344300,39300,426208500,0,0,0,0,127186800,0,0,0,84245100,217433400,126113700,0,53408700,2235599100,0,0,0,28662350100,330656700,0,0,5423400,39300,6798900,0,0,0,0,0,20403900,154920600,0,0,3891384900,50697000,1873509600,0,11121900,1218300,0,5266200,39300,0,0,0,811622700,17920800,12222300,0,0,0,0
"DMA",0,0,0,0,0,0,20865600,0,0,0,0,0,0,0,0,0,0,0,0,0,0,0,0,0,0,0,0,0,0,0,0,0,0,0,0,0,0,0,0,0,0,0,0,0,0,0,0,0,0,0,0,0,0,6538500,52200,0,0,0,0,0,0,0,0,0,0,0,0,0,0,0,0,0,0,0,0,0,0,0,0,78300,0,0,0,0,0,0,0,0,0,0,0,0,0,0,0,0,0,0,0,0,0,0,0,0,0,0,0,0,0,0,0,0,0,0,0,0,80700,0,0,0,0,0,0,0,0,0,0,0,0,0,0,0,0,0,0,0,0,0,0,0,0,0,0,0,0,0,0,0,0,0,0,0,0,0,0,0,0,0,0,0,0,0,0,0,0,0,0,0,0,0,0,0,0,91500,0,0,0,0,0,0,0,0,0,0,0,0,0,0,0,0,0,858600,0,0,0
"DOM",0,0,0,0,0,0,0,0,0,0,0,0,0,0,0,0,0,0,0,0,0,0,0,0,0,0,0,0,0,0,0,0,0,0,0,0,0,0,0,0,0,0,0,0,0,0,0,0,0,0,0,0,0,0,0,0,0,0,0,0,0,0,0,0,0,0,0,0,0,0,0,0,0,0,0,0,0,0,0,0,0,0,0,0,0,0,0,0,0,0,0,0,0,0,0,0,0,0,0,0,0,0,0,0,0,0,0,0,0,0,0,0,0,0,0,0,0,0,0,0,0,0,0,0,0,0,0,0,0,0,0,0,0,0,0,0,0,0,0,0,0,0,0,0,0,0,0,0,0,0,0,0,0,0,0,0,0,0,0,0,0,0,0,0,0,0,0,0,0,0,0,0,0,0,0,0,0,0,0,0,0,0,0,0,0,0,0,0,0,0,0,0,0,0,0
"BLR",993531300,12418800,0,0,117900,0,0,0,0,0,0,0,0,0,0,0,0,0,0,0,0,139375200,0,0,0,133975800,0,0,0,0,0,8495874000,0,0,0,0,0,0,0,778086600,0,0,0,0,0,0,0,0,0,95191800,0,0,0,10886100,0,0,689850900,0,0,483075600,0,0,0,0,0,0,0,0,0,0,0,2004300,0,0,0,0,0,16623900,217668000,0,943082100,0,0,1943730000,0,2672400,7781400,252810000,0,0,0,0,39300,547617300,0,0,0,0,9628500,1721161500,0,0,0,3104700,0,0,0,0,0,0,99429000,0,0,1444945800,0,0,52852500,0,0,0,0,0,0,0,0,0,0,0,0,0,0,0,0,117467700,0,0,0,0,0,0,2633100,0,205182031600,0,0,0,0,0,0,0,0,0,0,15274500,0,0,0,0,351695700,0,0,0,0,303474600,0,0,550200,0,0,0,0,0,0,13519200,0,0,1925700,28225365300,1251498900,0,0,1583535600,0,112240800,0,56238300,0,0,0,0,7388400,0,0,0,0
"ECU",0,0,0,2071035000,0,25072270800,6188153000,207120000,0,0,0,6624000,0,0,922437500,0,1467107000,0,0,0,0,2071490400,0,0,0,93964321200,0,0,0,0,23044711800,22650476200,13497640900,0,0,0,161820000,1437390000,0,0,0,748800,0,1084158600,0,0,1021800,397391800,0,57908088800,0,0,372600,1306177900,0,0,0,0,0,149637919900,0,0,0,0,0,0,2133793900,0,0,0,0,485942400,0,0,0,43078107600,596426491800,0,0,0,235593000,104017660400,0,0,5109000,53953400500,0,0,0,0,0,2247569000,6091500,0,0,0,0,0,0,0,0,0,0,372372632700,0,0,0,0,0,186521028600,0,0,0,0,0,0,268003870400,0,222600,0,0,191894900,0,0,0,12831600,0,2182118300,176442400,0,45881700,29917056900,946651500,5658044500,3452200,0,0,0,159000,0,0,0,1225606400,0,0,0,0,126655200,0,0,0,0,0,214557200,0,0,41218025800,0,0,0,54585600,1449000,0,0,233888900,0,0,0,0,0,0,0,8901910800,285523200,0,0,491438200,4008300,720486831400,0,22379600,0,858690000,559148400,0,0,0,0,136324278600,2360000,20397000,0,0,0,0
"EGY",0,0,0,314164200,0,0,688536000,0,0,3764114700,0,0,0,0,0,0,60286200,0,0,0,0,0,0,26606100,0,1342959600,0,0,45863100,13990800,0,0,0,0,10768200,0,0,0,46688400,0,0,0,0,0,0,0,0,0,0,0,0,0,0,0,0,0,0,0,60246900,0,0,132519600,0,2358000,0,0,0,10807500,0,0,0,0,0,0,0,6175209000,87254100,0,7781675100,257375700,3227040900,11672100,54116100,0,0,0,11673357600,0,7902011700,0,0,0,15271069200,0,0,3457142400,0,0,4861488600,0,0,125406300,0,56631300,5698500,0,0,38985600,91490400,0,0,8939445600,37728000,0,0,0,3637725900,0,0,0,0,25505700,0,0,26488200,0,2745419400,0,0,0,0,0,0,269676600,0,0,0,46649100,0,52858500,109725600,87363900,18706800,0,0,0,0,61904257500,22872600,0,0,0,0,0,9549900,4412682600,0,0,0,0,0,2318700,0,0,0,97228200,0,0,0,0,8248480500,214617300,52449300,23991549600,1004704500,0,6477936900,0,424636500,0,0,0,35443800,0,1100400,2773715400,1414800,0,0,0,0,0,11303305200,0,8059015200
"SLV",0,0,0,0,0,0,621000,0,0,0,0,0,0,0,0,0,0,0,317465400,0,0,0,0,0,0,15327000,0,0,0,0,0,0,0,0,0,0,820416600,0,0,0,0,0,0,1286917800,0,0,0,0,0,0,0,0,0,0,0,0,0,0,0,0,0,0,0,0,0,0,5096016000,0,0,0,5313668100,0,0,0,0,0,0,0,0,0,0,37860300,0,0,0,6582600,0,0,0,0,0,0,0,0,0,0,0,0,0,0,0,0,0,0,0,0,0,0,0,124148700,0,0,0,0,0,0,162481200,0,0,0,0,0,4511091600,0,0,0,0,39300,3728800,0,0,0,0,0,0,0,0,0,0,0,0,0,0,0,0,0,0,0,0,0,0,0,0,0,0,0,115856400,0,0,0,0,0,0,0,0,0,0,0,0,105952800,0,0,0,0,0,0,0,0,8186710700,0,0,0,0,0,0,0,0,0,0,0,0,0,0,0,0
"GNQ",0,0,0,0,0,0,0,0,0,0,0,0,0,0,0,0,0,0,0,0,0,0,0,0,0,0,0,0,0,0,0,0,0,0,0,0,0,0,0,0,0,0,0,0,0,0,0,0,0,0,0,0,0,0,0,0,0,0,0,0,0,0,0,0,0,0,0,0,0,0,0,0,0,0,0,0,0,0,0,0,0,0,0,0,0,0,0,0,0,0,0,0,0,0,0,0,0,0,0,0,0,0,0,0,0,0,0,0,0,0,0,0,0,0,0,0,0,0,0,0,0,0,0,0,0,0,0,0,0,0,0,0,0,0,0,0,0,0,0,0,0,0,0,0,0,0,0,0,0,0,0,0,0,0,0,0,0,0,0,0,0,0,0,0,0,0,0,0,0,0,0,0,0,0,0,0,0,0,0,0,0,0,0,0,0,0,0,0,0,0,0,0,0,0,0
"EST",103500000,0,0,0,0,0,432300,1218300,0,0,0,0,0,0,0,0,0,0,0,0,0,1807800,0,0,0,825300,0,0,0,0,0,196981200,0,0,0,0,0,0,0,423968400,0,386895000,0,0,57448116600,0,0,0,0,0,0,0,1769218200,0,0,0,0,0,0,1124962500,0,0,0,0,0,0,0,0,0,0,0,393000,17567100,0,0,78600,0,0,0,864600,0,0,0,1023342900,0,105245400,0,0,0,0,0,0,0,21707509900,0,0,0,0,0,1041840600,0,0,0,0,0,0,0,0,0,0,0,0,0,0,0,0,216580500,0,0,0,0,0,0,0,0,182072700,0,0,39150000,0,0,0,0,1609301100,0,0,0,0,0,0,0,0,70973778200,0,0,0,0,0,0,0,0,0,39300,0,0,0,0,0,0,0,561714900,223807500,0,0,0,0,0,0,0,0,0,0,439520000,2633100,0,0,19178400,875673800,14187300,0,787828500,116527500,0,0,0,0,0,0,394065300,0,0,0,0,0,0
"FRO",0,0,0,0,0,0,0,0,0,0,0,0,0,0,0,0,0,0,0,0,0,0,0,0,0,0,0,0,0,0,0,0,0,0,0,0,0,0,0,0,0,1611300,0,0,0,0,0,0,0,0,0,0,0,0,0,0,0,0,0,0,0,0,0,0,0,0,0,0,0,0,0,0,0,0,26448900,0,0,0,0,0,0,0,0,0,0,0,0,0,0,0,0,0,0,0,0,0,0,0,0,0,0,0,0,0,0,0,0,0,0,0,0,0,0,0,0,0,0,0,0,0,0,0,0,0,0,0,0,0,0,0,0,0,0,0,0,0,0,0,0,0,0,0,0,0,0,0,0,0,0,0,0,0,0,0,0,0,0,0,0,0,0,0,0,0,0,0,0,0,0,0,0,0,0,0,0,0,0,0,0,0,0,0,0,0,0,0,0,0,0,0,0,0,0,0,0
"FJI",0,0,0,0,0,0,4179600,0,0,0,0,0,0,0,0,0,0,0,0,0,0,0,0,0,0,783000,0,0,0,0,0,0,0,0,0,2632200,0,0,0,0,0,1242000,0,0,0,0,0,0,0,0,0,0,0,0,0,0,0,0,0,0,0,0,45264900,0,0,0,0,0,0,0,0,0,0,0,0,0,0,0,0,0,0,0,0,0,0,746700,0,0,0,0,0,39300,0,0,0,0,0,0,0,0,0,0,0,0,0,0,0,0,0,0,0,0,0,0,0,0,0,0,0,0,25588800,41689500,0,0,0,0,0,0,0,0,0,0,0,0,0,0,0,0,0,0,0,0,0,0,0,0,0,0,0,0,0,0,0,0,0,0,0,0,0,0,0,0,0,0,0,0,0,0,9229500,0,0,0,0,0,0,95934900,0,0,22163400,0,0,0,0,0,0,0,0,0,0,0,0,0,0,0,0
"FIN",78600,0,0,39300,0,0,24955500,59578800,0,7663500,0,0,0,0,0,0,24837600,0,0,0,0,0,0,0,0,99900600,0,0,78600,0,78600,517266600,157200,0,0,0,0,0,0,39300,0,7969136100,0,0,1100400,0,78600,0,0,9818386500,0,0,0,39024900,0,0,117900,0,0,2406915000,39300,78600,0,8095800,0,0,0,0,0,0,0,7189200,0,0,245271300,1061100,884525100,0,39300,0,53094300,64255500,0,825300,0,3627126000,0,0,39300,78600,0,1557498300,117900,2788394700,0,64373400,0,0,0,1618671000,39300,0,0,314400,0,0,471600,0,0,196500,0,39300,0,39300,0,39300,247406400,0,0,0,0,4205100,0,0,39300,1568816700,39300,39300,2939681400,0,0,78600,20671800,4883182200,104380800,0,0,0,69128700,0,51247200,0,12140027700,39300,0,0,0,83119500,0,0,0,0,1768500,76595700,0,196500,109908900,0,0,0,63293895900,32980600,0,0,98289300,0,157200,0,0,0,0,0,26999100,143562900,47200,0,424125600,32461800,619978000,0,78600,39300,0,0,0,0,0,39300,10964700,4755300,275100,0,0,0,0
"FRA",55098600,198600,194537400,27306490400,2486700,141796200,25638304600,26625597700,157200,323673000,39300,6405900,0,0,39300,0,10562182900,0,0,0,0,7224451800,117900,133069800,2664918400,44519395900,283313700,48612300,6170100,192789900,2265676800,11901101800,325152900,380476200,962893500,0,7820700,4951800,421233300,8790000,1572156600,12052036600,0,181120500,1127889600,6248700,6886466900,2358000,29825100,838405100,0,0,22786738000,0,4898764600,689557800,604710000,2619649500,6130800,572248698300,104702700,186399900,0,7983181900,0,0,5842500,332870700,0,28204200,196500,4071332400,7107082900,24090329000,4572158100,82952700,2934749000,439785000,178932900,16936922200,17083594300,361152737800,3462141000,21943800,78600,29807323900,1262337000,0,50073600,128788800,0,12408245700,1086260400,2782602900,41815200,945350700,0,26095200,1655430000,1310965500,51891300,1138119900,39300,552932900,20750400,1039772100,504083700,1038619200,2158678000,1769302500,9432000,8512649700,93416100,977192500,0,0,367417743800,0,5458203400,24169500,332135400,543192900,117900,280391400,58936800,26186653500,1575600,6012900,17697101400,0,3772800,46334700,384069900,232570479100,38212340300,0,0,39300,1245229900,0,5540742600,209901300,34507127200,510900,11082600,0,2043600,5511993600,8659927700,71683200,33470400,1242210400,9174089100,1396892500,3340500,2191762400,411516550400,0,0,0,41053410400,145894779900,652440000,0,6177790200,9628500,2015161200,703212900,0,80949300,185397000,2206890900,35292512600,8909503100,45548700,0,568921615100,2478082400,69106082500,1315600500,67753200,11554200,39300,403886400,128786100,123789000,174413400,0,809254411400,12243313000,6079313800,4283700,0,0,161837400
"PYF",0,0,0,0,0,0,0,0,0,0,0,0,0,0,0,0,0,0,0,0,0,0,0,0,0,0,0,0,0,0,0,0,0,0,0,0,0,0,0,0,0,0,0,0,0,0,0,0,0,0,0,0,0,235800,0,0,0,0,0,0,0,0,0,0,0,0,0,0,0,0,0,0,0,0,0,0,0,0,0,0,0,0,0,0,0,0,0,0,0,0,0,0,0,0,0,0,0,0,0,0,0,0,0,0,0,0,0,0,0,0,0,0,0,0,0,0,0,0,0,0,0,0,0,0,0,0,0,0,0,0,0,0,0,0,0,0,0,0,0,0,0,0,0,0,0,0,0,0,0,0,0,0,0,0,0,0,0,0,0,0,0,0,0,0,0,0,0,0,0,0,0,0,0,0,0,0,0,0,0,0,0,0,0,0,0,0,0,0,0,0,0,0,0,0,0
"DJI",0,0,0,0,0,0,0,0,0,0,0,0,0,0,0,0,0,0,0,0,0,0,0,0,0,0,0,0,0,0,0,0,0,0,0,0,0,0,0,0,0,0,0,0,0,0,0,0,0,0,0,0,0,0,0,0,0,0,0,0,0,0,0,0,0,0,0,0,0,0,0,0,0,0,0,0,0,0,0,0,0,0,0,0,0,0,0,0,0,0,0,0,0,0,0,0,0,0,0,0,0,0,0,0,0,0,0,0,0,0,0,0,0,0,0,0,0,0,0,0,0,0,0,0,0,0,0,0,0,0,0,0,0,0,0,0,0,0,0,0,0,0,0,0,0,0,0,0,0,0,0,0,0,0,0,0,0,0,0,0,0,314400,0,0,0,0,0,0,0,0,0,0,0,0,0,0,0,0,0,0,0,0,0,0,0,0,0,0,0,0,0,0,0,0,0
"GEO",1463379600,0,0,0,0,0,46098900,0,0,0,0,0,0,0,0,0,0,0,0,0,0,0,0,0,0,78600,0,0,0,0,0,0,14069400,0,0,0,0,0,0,622945500,0,0,0,0,0,0,0,0,0,143877300,0,0,0,0,0,0,0,0,0,0,0,0,0,0,0,0,0,0,0,0,0,0,0,0,0,0,0,1603833000,245546400,0,46098900,0,0,0,0,0,0,0,0,0,0,0,2751000,39300,0,0,0,0,0,0,0,0,0,0,0,0,0,0,0,0,0,0,0,0,0,0,0,0,0,0,0,0,0,0,0,0,0,0,0,0,0,0,0,0,0,0,0,0,5187600,0,0,0,63155100,0,0,0,0,375747300,0,0,0,0,0,70032600,0,0,0,0,0,0,0,0,0,0,0,0,0,0,0,0,0,0,136488900,0,0,0,0,1807800,0,0,0,78993000,0,0,0,80172000,0,0,0,0,0,0,0,0,0
"GAB",0,0,0,0,0,0,0,0,0,0,0,0,0,0,0,0,0,0,0,0,0,0,0,0,0,0,0,0,0,0,0,0,0,0,0,0,0,0,0,0,0,0,0,0,0,0,0,0,0,265539600,0,0,0,124200,0,0,0,0,0,5754600,104700,0,0,0,0,0,0,0,0,0,0,0,0,0,0,0,0,0,0,0,0,0,0,0,0,0,0,0,0,0,0,0,0,0,0,0,0,0,0,0,0,0,0,0,0,0,0,0,0,0,0,0,0,0,0,0,0,0,0,0,0,0,0,0,0,0,0,0,0,0,0,0,0,0,0,0,0,0,0,0,0,0,160480000,0,0,0,0,0,0,0,0,0,0,0,0,0,0,0,0,0,0,0,0,0,0,0,0,0,0,0,0,0,0,0,0,0,0,0,0,0,0,0,0,0,0,0,0,0,0,0,0,0,0,0,0
"GMB",0,0,0,0,0,0,0,0,0,0,0,0,0,0,0,0,0,0,0,0,0,0,0,0,0,0,0,0,0,0,0,0,0,0,0,0,0,0,0,0,0,0,0,0,0,0,0,0,0,0,0,0,0,0,0,0,0,0,0,0,0,0,0,0,0,0,0,0,0,0,0,0,0,0,0,0,0,0,0,0,0,0,0,0,0,0,0,0,0,0,0,0,0,0,0,0,0,0,0,0,0,0,0,0,0,1768500,0,0,0,0,0,0,0,0,0,0,0,0,0,0,0,0,0,0,0,0,0,0,0,0,0,0,0,0,0,0,0,0,0,0,0,0,0,0,0,0,0,0,0,0,0,0,0,0,0,0,0,0,0,0,0,0,0,0,0,0,0,0,0,0,0,0,0,0,0,0,0,0,0,0,0,0,0,0,0,0,0,0,0,0,0,0,0,0,0
"DEU",3208799400,33208500,4595216700,15590264600,0,2622664100,89572154400,477650289700,393000,1211990700,187552500,54509100,0,0,175749600,1454100,18179136200,0,0,0,259301400,110748080600,112751700,0,194190600,77002848300,3419100,239061900,62100900,0,24060223200,17643221300,13025002500,0,123440400,0,414261300,17920800,5585807100,1623011400,0,164442083200,0,1012019100,11909181100,2587472700,14832226800,72036900,0,14967066200,425579700,41343600,79632715100,1160354494700,739822500,8056500,3542046600,0,4951800,0,13725671000,112855500,0,73410195400,0,0,596639700,3261900,0,0,510900,11516498400,161836823300,133317542100,2666277400,1505772300,6823926900,8199954300,2819590500,47066129100,42999334800,720435917500,0,14231744700,55334400,13530989700,3339198600,1100950200,891823800,111612000,0,26723574300,8241274200,15643873500,67281600,5221295900,0,930073800,5364190200,45508694700,707400,134311500,2043600,7166381200,1418510700,325639800,1607397000,1180800,1539363700,15301428500,12798689700,10231415500,0,3322072500,218272200,220669500,727039133000,0,2436600,5543252900,0,2480160000,1021800,0,1423590000,41655866600,9432000,1163869500,279133086000,628800,891992100,3383158500,12886755900,1167390591400,95399986800,0,0,0,3319398900,0,239707227600,18667500,316838990700,0,314400,0,0,35667891600,276632700,180308400,127607100,44495306400,109982417800,11726007900,0,23257537200,318060727600,727165800,138532500,0,178114937300,252193927000,4473080100,439238700,9313903800,16270200,5241879600,35998800,0,648987900,1108108800,4598886600,72327960100,26618867200,30732600,0,778146517000,91882832900,216730238400,0,11190344400,1339150200,68382000,3855275700,262295100,1159618200,41972100,4676700,1088011380900,12045832700,48145137200,2025639900,226062900,0,1238971800
"BIH",0,0,217957800,0,0,0,62927700,694116600,0,0,0,0,0,0,0,0,0,0,0,0,0,0,0,0,0,864600,0,0,0,0,0,0,0,5187600,0,0,0,0,0,0,0,0,0,0,0,0,0,0,0,0,0,0,0,0,0,0,0,0,0,706849800,0,0,0,0,0,0,0,0,0,0,0,0,1544175600,2589484500,0,45666600,0,0,6523800,0,0,379800,0,0,0,0,0,0,0,0,0,0,79661100,0,0,0,0,0,210058500,0,0,0,0,0,0,0,0,0,0,0,0,0,0,0,0,0,1684751500,0,0,4570590000,0,0,0,0,0,0,0,0,0,0,0,0,0,252738300,0,0,0,0,0,0,160383300,0,57535200,0,0,0,0,168597000,0,0,0,459753600,0,0,0,0,0,0,0,0,21772200,0,0,0,0,0,0,0,0,0,0,0,74198400,17292000,0,0,5973600,188954400,38508600,0,0,0,0,0,0,0,0,0,0,0,16731615900,5030741100,0,0,16191600
"GHA",773352600,0,0,0,0,1718874200,7238850500,4272300,0,0,0,0,0,0,0,0,277378239500,0,0,0,0,16782374600,0,0,0,176620494000,0,0,0,0,0,88452426800,69765300,0,0,0,0,0,0,156600,0,3001500,0,125567100,10711099300,0,27093910900,0,0,22605427900,0,0,0,517851064700,0,0,27871200,0,0,421522499600,1670876100,0,0,3978960000,0,0,125436600,0,0,0,0,0,10096200,0,26100,23155230400,97001352900,0,0,220500,8713658500,155638359800,4828500,32943967200,156600000,318967802400,3117202100,0,2658195000,5989834800,0,40154695100,234900,1085694400,0,1372707100,0,0,0,0,0,0,0,552901540300,0,0,0,0,0,0,0,3199043000,0,18932200,0,0,1570121802700,0,0,2833244600,0,27646802300,0,19757700,0,15783900,4724720000,0,0,0,0,0,621759600,136400252400,5380878300,0,0,0,0,0,0,0,190447715200,0,0,0,0,1976907900,73080000,0,0,3199500,0,245815719800,0,6134469700,290350681100,0,28449000,0,522000,224279263900,0,0,1523147300,924300,2452181600,23490000,0,32777100,0,14563080000,219129241600,27952868900,0,0,138917190200,80025189200,585119823000,0,5949260100,3270118700,0,0,0,0,0,0,387880115900,0,11117586500,1171800,0,0,0
"KIR",0,0,0,0,0,0,0,0,0,0,0,0,0,0,0,0,0,0,0,0,0,0,0,0,0,0,0,0,0,0,0,0,0,0,0,0,0,0,0,0,0,0,0,0,0,0,0,0,0,0,0,0,0,0,0,0,0,0,0,0,0,0,0,0,0,0,0,0,0,0,0,0,0,0,0,0,0,0,0,0,0,0,0,0,0,0,0,0,0,0,0,0,0,0,0,0,0,0,0,0,0,0,0,0,0,0,0,0,0,0,0,0,0,0,0,0,0,0,0,0,0,0,0,0,0,0,0,0,0,0,0,0,0,0,0,0,0,0,0,0,0,0,0,0,0,0,0,0,0,0,0,0,0,0,0,0,0,0,0,0,0,0,0,0,0,0,0,0,0,0,0,0,0,0,0,0,0,0,0,0,0,0,0,0,0,0,0,0,0,0,0,0,0,0,0
"GRC",2711700,0,8614626500,10218000,0,0,768354300,63351300,1139700,11082600,0,14973300,0,0,0,0,0,0,0,0,0,10026517100,0,0,0,533041800,0,0,0,0,63390900,103476900,0,0,39300,0,1729200,0,13495913200,3930000,0,387982500,0,0,0,0,8070883800,0,0,53330100,0,0,149193600,11831854500,0,0,2868900,0,0,4081543500,393000,0,0,0,0,0,0,0,0,0,0,786000,151772100,927912300,2358000,0,0,0,119943600,355114800,2983027200,293894800,0,1361100,0,438430800,126978300,0,0,0,0,414536400,187303800,104931000,0,1286249700,0,5226900,5411963700,19414200,0,251716500,0,0,0,0,65974800,0,188443500,0,4362300,47867400,0,432300,0,0,3632457900,0,0,1099855100,0,735342300,0,0,117900,315579000,0,203102400,199644000,0,0,2004300,19021200,2064468600,109489800,0,0,0,150165300,0,5186266900,0,190717200,0,0,0,0,664563000,0,4558800,0,24837600,228097200,117770100,0,1323938400,4058471700,0,0,0,273199800,92205700,0,0,0,0,0,39300,0,0,12065100,163040000,534126300,766545000,0,0,15432388500,225778500,1910195400,0,0,0,0,0,6141900,238118700,704806200,0,1860330900,2397300,403050900,34584000,0,0,346665300
"GRL",0,0,0,0,0,0,0,0,0,0,0,0,0,0,0,0,0,0,0,0,0,0,0,0,0,0,0,0,0,0,0,0,0,0,0,0,0,0,0,0,0,0,0,0,0,0,0,0,0,0,0,0,0,0,0,0,0,0,0,0,0,0,0,0,0,0,0,0,0,0,0,0,0,0,0,0,0,0,0,0,0,0,0,0,0,0,0,0,0,0,0,0,0,0,0,0,0,0,0,0,0,0,0,0,0,0,0,0,0,0,0,0,0,0,0,0,0,0,0,0,0,0,0,0,0,0,0,0,0,0,0,0,0,0,0,0,0,0,0,0,0,0,0,0,0,0,0,0,0,0,0,0,0,0,0,0,0,0,0,0,0,0,0,0,0,0,0,0,0,0,0,0,0,0,0,0,0,0,0,0,0,0,0,0,0,0,0,0,0,0,0,0,0,0,0
"GRD",0,0,0,0,196500,0,0,0,0,0,0,0,0,0,0,0,0,0,0,0,0,0,0,0,0,0,0,0,0,0,0,0,0,0,0,0,0,0,0,0,0,0,372600,0,0,0,0,0,0,0,0,0,0,0,0,0,0,227700000,0,117900,0,0,0,0,0,0,0,0,0,0,0,0,0,0,0,0,0,0,0,0,0,0,0,0,0,0,0,0,0,0,0,0,0,0,0,0,0,0,0,0,0,0,0,0,0,0,0,0,0,0,0,0,0,0,0,0,0,0,0,0,0,0,0,0,0,0,0,0,0,0,0,0,0,0,0,0,0,0,0,0,0,0,0,0,0,0,0,0,0,0,0,0,0,0,0,0,0,0,0,0,0,0,0,0,0,0,0,0,0,0,0,0,0,2395800,0,0,7237300,0,12966300,0,0,0,0,0,0,0,0,0,0,0,0,0,0,0,0
"GTM",0,0,0,0,0,0,13023000,0,0,0,0,0,0,0,0,0,0,0,291999000,0,0,0,0,0,0,2122200,0,0,0,0,0,0,0,0,0,0,4315709400,0,0,0,0,0,0,6761565000,0,0,0,11529475800,0,0,0,0,0,51618900,0,0,0,0,0,92121300,0,0,0,0,0,0,0,0,2868900,0,16064139300,0,0,0,10053600,0,0,0,0,0,0,766369500,0,0,0,20521800,0,0,0,0,0,32747400,0,0,0,0,0,0,0,0,0,0,0,0,0,0,0,0,0,4890141900,0,0,0,0,0,0,395964100,0,0,0,0,2633100,3468873600,0,0,0,0,474986400,0,0,0,0,0,0,0,0,0,0,0,0,0,0,0,0,0,0,0,0,0,0,0,0,0,0,0,0,0,0,0,0,880400,0,0,0,2111400,0,0,0,0,0,0,0,0,0,0,0,3379800,0,3775275000,0,0,0,42758400,0,0,0,0,0,61362600,0,0,0,0,0,0
"GIN",0,0,0,0,0,0,0,0,0,0,0,0,0,0,0,0,0,0,0,0,0,207869400,0,0,0,8777700,0,0,0,0,0,0,0,0,0,0,0,0,0,0,0,0,0,0,768673800,0,0,0,0,0,0,0,0,0,0,0,0,0,0,3293825400,52852500,0,0,0,0,0,0,0,0,0,0,0,0,0,0,3092497200,9374491800,0,0,0,0,0,0,0,0,0,4408200,0,0,0,0,0,0,0,0,0,0,0,0,0,0,0,0,45739009800,0,0,0,0,0,0,0,0,0,0,0,0,116370869100,0,0,0,0,0,0,31440000,0,0,0,0,0,0,0,0,0,0,0,0,0,0,0,0,0,0,0,0,0,0,0,0,0,0,0,0,0,115153200,0,0,1271104200,0,0,0,20617200,869400,0,0,0,0,0,0,0,0,0,0,0,1045846800,0,0,0,0,0,0,0,0,0,0,0,0,0,0,18225522000,0,0,0,0,0,0
"GUY",0,0,0,0,711000,0,0,0,0,0,0,0,0,0,0,0,0,0,0,0,0,0,0,0,0,23422800,0,0,0,0,0,0,0,0,0,0,0,0,0,0,0,0,0,0,0,0,0,0,0,0,0,0,0,0,0,0,0,0,0,0,0,0,0,0,0,0,0,0,0,0,0,0,0,0,0,0,0,0,0,0,0,0,0,0,0,0,0,0,0,0,0,0,0,0,0,0,0,0,0,0,0,0,0,0,0,0,0,0,0,0,0,0,0,0,0,0,0,0,0,0,0,0,0,0,0,0,0,0,0,0,0,0,0,0,0,0,0,0,0,0,0,0,0,0,0,71100,0,0,0,0,0,0,0,0,0,0,0,0,0,0,0,0,0,0,0,0,0,0,0,0,0,0,0,0,0,0,0,0,355500,0,0,0,0,0,0,0,0,0,0,0,0,0,0,0,0
"HTI",0,0,0,0,0,0,0,0,0,0,0,0,0,0,0,0,0,0,0,0,0,0,0,0,0,0,0,0,0,0,0,0,0,0,0,0,0,0,0,0,0,0,0,0,0,0,0,0,0,0,0,0,0,0,0,0,0,0,0,0,0,0,0,0,0,0,0,0,0,0,0,0,0,0,0,0,0,0,0,0,0,0,0,0,0,0,0,0,0,0,0,0,0,0,0,0,0,0,0,0,0,0,0,0,0,0,0,0,0,0,0,0,0,0,0,0,0,0,0,0,0,0,0,0,0,0,0,0,0,0,0,0,0,0,0,0,0,0,0,0,0,0,0,0,0,0,0,0,0,0,0,0,0,0,0,0,0,0,0,0,0,0,0,0,0,0,0,0,0,0,0,0,0,0,0,0,0,0,0,0,0,0,0,0,0,0,0,0,0,0,0,0,0,0,0
"HND",0,0,0,0,0,0,16849800,424800,0,0,0,0,0,0,261000,0,0,0,0,0,0,0,0,0,0,330400,0,0,0,0,1139700,6224400,0,0,0,0,33120000,0,0,0,0,0,0,0,0,0,0,577080300,0,0,0,0,0,0,0,0,0,0,0,0,0,0,0,0,0,0,235800,0,2401200,0,0,0,0,0,0,0,0,0,0,0,0,4181400,0,0,0,0,0,0,0,0,0,4181400,0,0,0,0,0,0,0,0,0,0,0,0,0,0,0,0,0,0,0,0,0,0,0,0,314847000,0,0,0,0,0,17736600,0,0,0,0,0,0,0,0,0,0,0,0,0,0,0,0,0,0,0,0,0,0,0,0,0,0,0,0,0,0,0,0,0,5919800,0,0,0,0,2392506000,0,0,6044400,0,0,0,0,0,0,0,118818000,0,0,0,0,5009400,309900300,0,0,0,0,0,0,0,0,0,0,0,0,0,0,0,0
"HKG",0,0,0,0,0,0,1497644400,0,0,0,0,0,0,0,0,0,0,0,0,943200,0,0,0,0,0,10021500,0,0,0,0,0,80381598300,0,0,0,0,0,0,0,0,0,0,0,0,0,0,0,0,0,0,0,0,0,0,0,0,0,0,0,0,0,0,0,0,0,0,0,0,0,0,0,0,0,0,0,0,98525100,0,0,0,27588600,0,0,0,0,6335002800,0,0,0,6759600,0,9877922100,0,0,0,0,0,0,0,0,12602890500,0,0,341124000,0,0,0,0,0,0,50775600,0,0,0,0,0,0,0,0,0,0,44212500,0,0,0,0,0,0,0,0,0,0,1314860100,0,0,0,0,0,0,0,0,0,0,0,0,0,0,0,0,0,0,0,0,2127505500,0,0,0,0,0,0,0,0,0,0,4090422600,0,1069077900,0,0,0,0,0,0,0,0,0,11711400,0,6480491400,0,0,0,0,7584900,0,0,0,0,2908200,0,0,0,0,0,0
"HUN",471600,0,372524700,775349700,0,18471000,1232000100,6855586200,0,143169900,36234600,211551900,0,0,50146800,0,1686087900,0,0,0,3458400,7944216000,22440300,0,0,2426471700,393000,0,74866500,0,161680200,261030600,0,0,196500,0,11868600,0,164667000,32434200,393000,14365608300,1965000,152248200,66613500,0,6209400,0,0,1253546700,0,0,329161800,6960938100,8528100,0,6798900,0,0,47441406900,2139834300,0,0,5721608600,0,0,0,0,0,0,0,262917000,0,10187522400,98053500,2560508400,104459400,231477000,184277700,1143564300,1892648700,8642065200,21968700,1650600,0,209508300,112437300,0,0,0,0,179758200,325168200,1513246500,0,118725300,0,0,24169500,6225223500,14148000,1021800,0,207464700,0,0,104577300,0,9549900,0,148789800,140929800,0,3041741400,0,86577900,3677616900,0,3026100,871983800,0,74512800,0,0,0,1553018100,38474700,0,38302998000,0,0,19846500,0,22014014400,1179896400,0,0,0,218115000,0,37206324400,0,18701651700,0,0,0,0,153309300,3419100,0,0,2247798600,29425555200,63312300,4087200,110786700,6739794900,0,0,0,15731310600,905938500,0,0,67045800,0,35841600,0,0,0,69010800,54430500,3012698700,376572600,0,0,37867008900,14430791400,1333488300,0,0,32147400,0,141597900,0,0,0,0,3573344400,142266000,19157962600,206010600,0,0,13755000
"HRV",0,0,3117606900,0,0,0,490110300,6099781200,0,0,0,0,0,0,23226300,0,0,0,0,0,0,1173947100,0,0,0,761135400,0,0,0,0,0,49950300,0,0,0,0,0,0,5973600,0,0,9117600,0,0,39300,5148300,456194400,0,0,3969300,0,0,20239500,151056000,0,0,0,0,0,44164435200,57807006000,0,0,117900,0,0,0,0,0,0,0,45077100,2201673900,0,78600,0,0,0,21064800,242716800,1481806500,24397800,0,943200,0,6130800,0,0,31872300,0,0,4283700,29121300,14737500,0,28178100,0,0,306147000,35448600,0,0,0,393000,1454100,0,71054400,0,0,0,0,0,0,0,0,0,3310304400,0,0,14439994500,0,668100,0,0,0,6877500,0,0,1671507600,0,0,8410200,0,1038495000,62251200,0,0,0,55845300,0,1197881700,0,243188400,0,0,0,0,206757300,0,0,0,59382105300,1181004300,196500,0,15641400,4221708000,0,0,0,513454500,562748400,0,0,196500,0,0,0,0,0,31282800,0,14541000,85634700,0,0,809120700,53605200,2897784600,0,0,0,0,0,0,0,0,0,890814000,24287400,48169702200,13262423700,0,0,0
"ISL",0,0,0,0,0,0,1100400,157200,0,0,0,0,0,0,0,0,0,0,0,0,0,0,0,0,0,52426200,0,0,0,0,39300,31322100,0,0,0,0,0,0,0,0,0,292156200,0,0,0,0,0,0,0,39300,205303200,0,117900,9156900,0,0,0,0,0,141401400,0,0,0,39300,0,0,0,0,0,0,0,3458400,39300,0,0,39300,0,0,0,196500,0,39300,0,0,0,314400,0,0,0,0,0,39300,39300,0,0,0,0,0,0,0,0,0,0,117900,0,0,0,0,0,0,0,0,0,0,0,0,3694200,0,0,0,0,0,0,0,0,329019600,0,0,157200,0,0,0,78600,18746100,78600,0,0,0,39300,0,0,0,39300,0,0,0,0,0,0,0,0,0,39300,746700,0,0,117900,0,0,0,312749400,1729200,0,0,39300,0,0,0,0,0,0,0,0,432300,0,0,28060200,39300,884839500,0,0,0,0,157200,0,0,0,0,117900,550200,0,0,0,0,0
"IND",0,0,0,345368400,71100,0,496856300,142200,0,171599700,78600,2943446700,0,1312824600,0,3340500,8589282600,0,0,3183300,45195000,0,1152826200,903900,283980600,370861000,11397000,2790300,2408157300,0,1848600,392459100,0,69612900,180334200,0,0,0,0,0,2428543500,78300,0,322102800,0,11318400,1709628600,153427200,114913200,0,0,24566400,0,5328700,0,61427100,0,78875100,78364200,16478914800,0,1229814900,393000,0,0,0,47356500,1357328100,72312000,1860894300,0,1292041700,3483900,0,0,0,10617288000,5337900,514987200,0,200547900,2777100,93848400,0,183300,67670100,546545100,355500,2153121100,0,0,79307400,1673673300,0,0,0,0,566273700,212259300,0,0,130293900,4620900,5278020200,821833200,241184100,0,1370548200,78788400,295968300,9039000,496123200,44713200,0,53408700,12269630700,26474958300,0,0,0,11475600,57453900,0,1706523900,9428619900,668100,0,153545100,9853200,0,93376800,39300,5811374200,181500,0,78364200,0,0,682541400,786000,0,4977600,66130800,0,0,3144000,0,6411587700,2397182100,21064800,2321844000,0,0,655167300,3214975800,1381513300,18478200,1205100,0,0,1886400,188433900,0,711000,3053700,1463514900,2130987300,6540384600,0,0,872971200,103673400,11263554000,7473726300,41725800,0,61824300,671400,85184904600,131340600,0,0,8292300,931763700,575281500,203377500,221340000,3799800,161097300,275100,0,0,356018700,9432000,0
"IDN",44762700,113535000,41760000,916110000,0,451530000,170051347500,8073000,0,1332152100,0,6721455000,0,0,0,0,61477995000,0,0,170011800,903489600,7352370000,1782144900,0,686430000,78723997800,0,0,4011584000,0,1567229700,329099498700,381060000,0,91350000,0,0,0,0,0,0,409548300,0,78300000,0,2.61e+08,44653890500,0,0,185196091500,0,578760000,589500,59867010000,0,144594000,115622100,88479000,1137600000,165926554800,578402100,106935300,8881800,1954039500,0,0,2947500,0,27352800,0,0,1304516800,386802000,44370000,0,362212884000,0,1772539500,695124600,0,24149619600,3104700,0,0,0,77545397300,1356222600,820710000,528427500,197718300,0,10630683000,2161030200,39150000,8331600,1389886800,0,44409000,122148000,221757600,1807800,247079100,0,413306868800,212973300,10375200,0,4716000,48273900,60249708000,0,749592000,78300000,0,0,58791900,203657340900,0,0,0,179994000,16621805200,0,171662400,1648201500,0,28451720000,0,39300,196393800,44370000,0,103828924800,83520000,161820000,0,1038187500,0,2227947900,78300000,88740000,0,103501460500,0,0,0,0,5951668200,196500,117900,0,203580000,0,21927702300,0,33270316900,67260438300,0,0,0,0,49989600,642060000,7074000,2375207100,324893100,40338715700,18313800,45268200,0,1563471900,0,28042369500,42260594700,1061100,0,138468300,6901650000,613104108700,0,1231920000,33955200,3379800,22203802800,96050100,551457900,0,0,2816094900,0,44370000,0,193710000,0,0
"IRN",0,0,0,0,0,0,7110000,78300,0,0,0,0,0,0,0,0,0,0,0,0,0,0,0,0,0,487800,0,0,0,0,0,0,0,0,0,0,0,0,0,0,0,0,0,0,0,0,0,0,0,0,0,0,0,41400,0,0,26100,0,0,104400,0,0,0,0,0,0,0,0,0,0,0,0,0,0,0,0,0,0,0,0,0,0,0,0,0,0,0,0,0,0,0,0,2949300,0,0,0,0,0,0,0,0,0,0,0,0,0,0,0,0,0,0,0,0,0,0,0,469800,0,0,0,0,0,0,0,0,0,0,0,0,0,0,0,0,0,0,0,0,0,0,0,0,0,0,0,0,0,0,0,0,0,0,0,0,0,0,0,0,0,78300,0,0,104400,0,0,0,0,0,0,0,0,42254100,0,0,0,0,0,0,0,0,0,0,0,0,0,0,0,0,0,0,0,0,0,0,0,0
"IRQ",0,0,0,0,0,0,0,0,0,0,0,0,0,0,0,0,0,0,0,0,0,0,0,0,0,0,0,0,0,0,0,0,0,0,0,0,0,0,0,0,0,0,0,0,0,0,0,0,0,0,0,0,0,0,0,0,0,0,0,0,0,0,0,0,0,0,0,0,0,0,0,0,0,0,0,0,0,0,0,0,0,0,0,0,0,0,0,0,0,0,0,0,0,0,0,0,0,0,0,0,0,0,0,0,0,0,0,0,0,0,0,0,0,0,0,0,0,0,0,0,0,0,0,0,0,0,0,0,0,0,0,0,0,0,0,0,0,0,0,0,0,0,0,0,0,0,0,0,0,0,0,0,0,0,0,0,0,0,0,0,0,0,0,0,0,0,0,0,0,0,0,0,0,0,0,0,0,0,0,0,0,0,0,0,0,0,0,0,0,0,0,0,0,0,0
"IRL",0,0,0,117900,0,39300,704609700,25938000,0,50028900,0,0,0,0,0,0,39300,0,0,0,0,19689300,78600,0,0,12653067300,2436600,0,39300,0,78600,12536700,0,0,0,0,0,0,94359300,0,0,29404200,0,0,0,0,3654428400,0,0,11907900,0,0,137628600,898122900,0,0,235800,0,0,8250703200,0,39300,0,153820200,0,0,0,0,0,0,0,41540100,23697900,173391600,0,220394400,7034700,39300,78600,0,0,195124500,0,0,0,28885500,0,0,0,0,0,78600,35841600,37767300,0,78600,0,0,18313800,17527800,5109000,0,0,6602400,0,0,74368500,0,0,117900,0,0,0,78600,0,0,6673847400,0,0,0,0,383410800,0,0,1179000,64845000,8567400,0,70818600,0,0,0,53055000,1016138700,163605900,0,0,39300,132991200,39300,66534900,0,314400,0,0,0,0,415754700,0,0,0,16034400,108585900,147925200,0,8981975700,357551400,0,0,0,228804600,61308000,0,0,40793400,0,1847100,0,0,11318400,39300,117900,39300,825771600,0,0,405441876500,54076800,69236368800,0,0,0,39300,11082600,0,0,3144000,0,742219800,32422500,39300,117664200,0,0,0
"ISR",0,0,0,0,0,0,332036700,14462400,0,0,0,0,0,0,0,0,30221700,0,0,0,0,0,0,0,0,590059800,0,0,0,0,313731900,8449500,0,0,0,0,0,0,23383500,0,0,11279100,0,0,0,0,0,0,0,0,0,589500,0,950274000,0,0,3615600,0,0,76004100,0,1807800,0,0,0,0,0,0,0,0,0,0,42168900,0,0,0,0,0,0,853200,0,66849300,0,0,0,16899000,20514600,0,0,0,0,0,0,0,0,0,0,0,0,52347600,0,0,0,0,0,0,0,0,0,7702800,0,0,0,0,0,0,36391800,0,0,7977900,0,0,0,0,0,0,0,22243800,0,0,0,0,0,5816400,0,0,0,0,0,0,0,0,85870500,0,0,0,0,0,0,0,0,47002800,0,7034700,0,77971200,589500,0,0,0,40439700,7635300,0,0,0,0,10571700,0,0,0,0,0,0,4008600,0,0,1872841500,1139700,19904393400,0,0,0,0,0,0,0,0,0,216486000,0,0,0,0,0,0
"ITA",2275521000,25780800,5647430400,11630031000,7254300,3535668300,72152911100,72596065800,2240100,2571526500,3062400,173391600,0,0,241971600,3969300,16946801800,0,0,0,626324100,9499195500,27038400,2244600,930147900,59419235300,19819500,0,879809100,0,26731735200,16016174200,4232076300,41658000,299982600,0,208047900,246244800,9519850800,1066310700,24601800,11549442300,0,1670784000,1944760500,3548779200,18182538000,46216800,82765800,1246361700,0,0,3971416100,475073005900,2236759500,262838400,4610922000,206325000,0,292436308700,6850457800,925749300,0,37333382800,0,0,89211000,207278400,12536700,0,15915300,41945159400,36015567600,16596042000,147532200,8859968500,1010678100,221314200,2018327100,7234118500,69449144400,0,1642386300,465547800,124384500,35446264600,16745781600,707400,929268900,38042400,0,13551753300,12491550000,1847042500,0,4436542200,0,1611300,23148928800,3999935700,2043600,615868500,2436600,14415240000,288855000,973732800,11842662200,224913900,2941431300,4515930300,65159400,17541587600,4323000,1144531800,11200500,4912500,69483590000,0,3004142300,5142621600,3458400,3577989900,5855700,12104400,1213112400,2084858100,3398439300,122716200,37933422300,7742100,183056100,4532061300,3554142900,192619500900,43552724700,1768500,0,0,6303195900,0,30007715600,123755700,72158779100,0,0,0,0,62802642100,2677231200,81722700,127369800,22762395800,3533741600,15048919500,132676800,24943164900,137292266100,0,28728300,0,27918463200,19637856500,15837900,3890700,8076295400,14226600,5392577700,0,0,2318700,7120778400,1818260700,31123216800,33458781200,67792500,0,220793755800,14372148900,84585648800,0,231546900,276868500,689962800,305596800,231159900,4237758300,399170100,20357400,210771982600,578131600,10031070300,827068200,705904200,0,7674857700
"CIV",2092048000,0,0,2.832e+09,0,557365500,31157266000,0,0,0,0,0,0,0,0,0,172050355200,0,0,0,0,94140453600,0,0,0,590612665100,0,0,20880000,0,2.832e+09,73213013900,0,0,0,0,0,0,0,1696500,163774200,0,0,0,34827524200,0,6470893600,0,0,270150976500,0,0,0,1235982671900,0,0,0,49242900,0,1319334204300,591279300,21443748900,0,777131000,0,0,0,782502300,0,0,0,0,0,7549110000,2813585600,3566600400,550585700700,0,0,6185700,31787971600,406515986100,0,0,0,16509148600,997325900,0,0,0,0,1026642100,0,212530500,0,380243200,0,54234000,0,1401290100,0,0,0,1388165376000,0,4327716000,0,0,39300,83212855100,11066400,7559357100,0,1197232700,0,0,3876311528000,0,0,0,0,473422000,0,134209500,0,420723700,0,0,0,0,0,0,0,237083598700,13854480000,0,0,0,0,0,78300,0,290454703300,0,0,0,0,6767630000,4717667700,0,0,213300,0,68585363200,0,17663173300,564607883000,0,3393000,0,208800,15257021300,396480000,0,681030000,117900,38394000,383998200,0,0,628800,2077290000,787683150900,29369685400,0,0,764438801100,100688148600,2536789314200,2882183400,8737601400,648063000,0,0,10795500,198240000,187920000,0,1590921747600,0,16019332000,0,0,0,0
"KAZ",376179600,31440000,0,0,0,0,0,0,0,0,0,0,0,0,0,0,0,0,0,0,0,0,0,0,0,0,0,0,0,0,0,6823108800,0,0,0,0,0,0,0,2337957000,0,0,0,0,381524400,0,0,0,0,39300,0,0,0,65400,0,0,156256800,0,0,1284520500,0,0,0,0,0,0,0,0,0,0,0,0,0,0,0,0,0,0,0,275100,0,0,0,0,0,0,0,20250797100,0,0,0,1061100,0,235800,0,0,0,0,0,39300,0,0,0,0,0,0,0,0,0,0,3611787600,0,0,0,0,0,39300,0,0,0,0,0,0,0,0,0,0,0,0,0,0,0,0,0,0,0,0,0,0,0,0,0,59750010000,0,0,0,0,117900,0,0,0,0,0,0,0,0,0,0,4762348800,0,39300,39300,510900,1401477300,0,0,0,0,0,0,0,0,275100,117900,0,0,0,861731100,0,0,0,8766639600,0,0,0,0,0,0,0,0,0,39300,0,0,0
"JAM",0,0,0,0,31479300,0,0,0,196500,0,110040000,0,0,0,0,0,0,0,157877400,0,0,0,0,0,0,2095668700,0,0,0,0,0,0,0,0,0,0,0,0,0,0,0,0,5423400,15877200,0,0,0,0,0,0,0,0,0,310831200,0,0,0,0,0,0,0,0,0,24680400,0,21210600,0,0,74605500,0,0,0,0,0,0,0,0,0,0,0,0,4140000,0,0,0,1117800,0,0,0,0,0,0,0,0,0,0,0,0,0,0,0,0,0,0,0,0,0,0,0,0,0,0,0,0,0,0,52288200,0,0,0,0,0,0,0,0,0,0,0,0,0,0,0,0,0,0,0,0,0,0,0,0,0,0,2318700,23933700,123315300,0,0,0,0,0,0,0,0,0,0,0,0,0,0,0,398433600,0,0,0,0,0,0,0,311356200,0,0,0,0,0,0,144626400,0,32832800,0,0,0,0,0,0,0,0,0,0,0,0,0,0,0,0
"JPN",0,0,0,0,0,1021800,351577800,0,0,0,0,314400,0,0,0,0,31086300,0,0,0,30300300,0,1532700,0,0,488577600,0,0,62133300,0,11357700,12389234500,0,0,0,0,0,0,0,0,0,0,0,0,0,0,0,0,0,79986600,0,0,1689900,25623600,0,0,0,0,0,179150700,0,0,0,0,0,0,0,0,0,0,0,12276809100,0,0,0,129257700,110136300,0,0,0,0,746700,0,0,0,0,0,1336200,0,52544100,0,1182488900,27195600,0,4323000,0,0,0,0,0,237018300,0,0,801169800,0,0,0,0,0,30837000,42208200,0,0,0,0,2436600,564230100,0,7034700,0,0,161287200,0,0,0,0,0,0,0,0,0,0,2950172400,235800,12536700,0,0,0,5344800,0,0,0,458358000,0,0,0,0,8842500,0,0,0,0,3065400,2737347300,0,746700,7309800,0,0,0,3379800,2279400,0,0,9338195700,0,1571921400,0,0,0,0,0,0,47710200,0,0,13659300,0,7777116300,0,0,0,0,956337300,0,0,0,0,2200800,0,0,0,0,0,0
"JOR",0,0,0,0,0,0,4123800,0,0,84691500,0,0,0,0,0,0,0,0,0,0,0,0,0,0,0,653205300,0,0,0,0,0,0,0,0,0,0,0,0,76674300,0,0,0,0,0,0,0,310784400,0,0,0,0,0,0,0,0,0,0,0,0,14383800,0,0,0,0,0,0,0,0,0,0,0,0,0,0,0,24012300,0,0,4509555300,0,1510770600,0,169815300,0,0,0,0,0,61858200,0,0,0,463599000,0,0,198661500,0,0,510035400,0,0,0,0,0,0,0,0,0,0,425776200,0,416226300,0,0,0,0,114189000,0,0,0,0,0,0,0,0,0,62762100,0,0,0,0,0,0,0,0,0,0,0,795982200,0,0,0,0,0,0,0,0,5712785700,0,0,0,0,0,0,0,41225700,0,0,0,0,94909500,0,62642400,0,0,0,0,0,0,0,314253900,261620100,21379200,229865700,0,0,38199600,0,845696700,0,0,0,0,0,0,558825600,0,0,0,0,0,0,235800,0,4196061000
"KGZ",0,85752600,0,0,0,0,0,0,0,0,0,0,0,0,0,0,0,0,0,0,0,0,0,0,0,117900,0,0,0,0,0,162348300,0,0,0,0,0,0,0,0,0,0,0,0,0,0,0,0,0,0,0,0,0,0,0,0,0,0,0,0,0,0,0,0,0,0,0,0,0,0,0,0,0,0,0,0,0,0,0,0,0,0,0,318683700,0,0,0,0,0,0,0,589500,0,78600,0,0,0,0,0,0,0,0,0,0,0,0,0,0,0,0,16427400,0,0,0,0,0,0,0,0,0,0,0,0,0,0,0,0,0,0,0,0,0,0,0,0,0,0,0,0,0,0,0,53325000,0,0,0,0,0,0,0,0,0,0,0,0,0,0,0,163373100,0,0,0,0,2141810700,0,0,0,0,0,0,0,0,0,0,0,0,0,0,0,0,0,2272168800,0,0,0,0,0,0,0,0,0,0,0,0,0
"KEN",0,0,0,0,0,0,0,0,0,0,0,0,0,0,0,0,0,0,0,0,0,0,0,9902400,0,0,0,0,0,0,0,8410200,0,0,287700,0,0,0,0,0,0,39300,0,0,0,0,0,0,0,0,0,0,0,6209400,0,39300,0,0,0,471600,0,0,0,0,0,0,0,0,0,0,0,0,0,0,0,78600,0,0,0,0,0,39300,0,0,0,0,0,0,0,0,0,0,0,0,0,0,0,0,0,0,0,196500,6020100,157200,0,0,0,0,0,0,0,235800,0,0,0,0,314400,0,0,0,0,0,0,0,0,0,0,0,0,0,0,0,0,0,0,0,0,0,0,0,0,642387000,117900,0,0,0,0,0,0,0,0,0,0,471600,8095800,130500,0,0,0,0,0,39300,0,0,0,855482100,0,0,0,0,0,0,1061100,6827700,1749754200,0,3026100,0,26629200,0,0,0,0,0,19610700,0,36234300,44374800,235800,0,0,0,12206400,105505200,0
"KHM",0,0,0,0,0,0,0,0,0,0,0,0,0,0,0,0,0,0,0,0,0,0,0,0,0,0,0,0,0,0,0,4477455000,0,0,0,0,0,0,0,0,0,0,0,0,0,0,0,0,0,0,0,0,0,0,0,0,0,0,0,0,0,0,0,0,0,0,0,0,0,0,0,0,0,0,0,0,0,0,0,0,0,0,0,0,0,7452000,0,0,0,0,0,0,0,0,0,0,0,0,0,0,0,0,0,2732400,0,0,0,0,0,0,0,0,0,0,0,0,0,0,0,0,0,0,0,0,0,0,0,0,0,0,0,0,0,0,0,0,0,0,0,0,0,0,0,0,0,0,0,0,0,0,0,0,0,0,0,0,0,0,0,0,0,0,0,0,0,0,0,0,0,0,0,0,0,0,0,0,0,0,0,0,0,0,0,0,0,0,0,0,0,0,0,0,0,0,0
"PRK",0,0,0,0,0,0,0,0,0,0,0,0,0,0,0,0,0,0,0,0,0,0,0,0,0,0,0,0,0,0,0,0,0,0,0,0,0,0,0,0,0,0,0,0,0,0,0,0,0,0,0,0,0,0,0,0,0,0,0,0,0,0,0,0,0,0,0,0,0,0,0,0,0,0,0,0,0,0,0,0,0,0,0,0,0,0,0,0,0,0,0,0,0,0,0,0,0,0,0,0,0,0,0,0,0,0,0,0,0,0,0,0,0,0,0,0,0,0,0,0,0,0,0,0,0,0,0,0,0,0,0,0,0,0,0,0,0,0,0,0,0,0,0,0,0,0,0,0,0,0,0,0,0,0,0,0,0,0,0,0,0,0,0,0,0,0,0,0,0,0,0,0,0,0,0,0,0,0,0,0,0,0,0,0,0,0,0,0,0,0,0,0,0,0,0
"KOR",0,0,0,39300,0,471600,1032426000,0,0,589500,0,30221700,0,0,0,0,0,0,0,0,0,0,3942900,0,157200,10789500,0,0,0,0,2711700,8137139200,39300,0,0,0,393000,0,0,0,0,0,0,117900,0,0,0,0,0,0,0,1336200,0,3576300,0,0,0,0,0,4362300,0,22440300,0,0,0,0,5069700,0,0,0,0,1042393200,943200,0,0,1729200,245900100,0,3222600,0,0,39300,0,27549300,0,246644259200,41265000,39300,0,16899000,0,0,13440600,3694200,3576300,19099800,0,0,0,0,196500,0,2871000,1287640200,0,4362300,0,0,190919400,864914400,274444800,864600,0,0,0,8174400,0,0,235800,0,0,9432000,0,0,39300,0,0,0,0,0,589500,71958300,1114823100,39300,0,0,0,0,4716000,0,0,0,1151248200,0,0,0,0,28767600,0,0,0,0,432300,326391600,0,39300,1021800,0,0,0,0,0,0,0,1503363000,0,577945800,0,0,0,0,0,0,525244500,0,0,9471300,1611300,523908600,0,0,943200,0,1765309600,0,0,0,0,0,0,0,0,0,0,0
"KWT",0,0,0,0,0,0,0,0,0,27539700,0,0,0,0,0,0,0,0,0,0,0,0,0,0,0,0,0,0,2397300,0,0,0,0,0,0,0,0,0,0,0,0,0,0,0,0,0,78600,0,0,0,0,0,0,0,0,0,0,0,0,393000,0,0,0,0,0,0,0,0,0,0,0,0,0,0,0,0,0,982500,16073700,0,0,0,0,0,0,0,19650000,0,39300,0,0,0,0,0,0,0,0,0,0,0,0,0,0,0,1179000,0,0,0,0,0,0,0,0,0,0,9942900,550200,0,0,0,0,0,0,0,0,117900,0,0,0,0,0,0,0,0,0,0,0,0,351066900,0,0,1965000,0,0,0,0,0,488499000,0,0,0,0,0,0,0,0,0,0,0,0,0,0,0,0,0,0,78600,0,0,0,122930400,0,550200,73807200,0,0,0,0,0,0,0,0,0,0,0,0,0,0,0,0,0,0,0,0,0
"LVA",1218300,0,0,0,0,0,10493100,2082900,0,27981600,0,0,0,0,0,0,0,0,0,0,0,455644200,0,0,0,62251200,0,0,0,0,0,45430800,0,0,0,0,0,0,24366000,85655400,0,334670100,0,0,3982132800,0,0,0,0,18197809800,0,0,366983400,32619000,0,0,272371200,0,0,3062014500,2358000,0,0,308112000,0,0,0,0,0,0,0,208604400,61704300,213792000,3144000,0,0,0,0,393379800,1309869000,50343300,0,1372209300,0,64609200,0,0,0,0,0,0,943200,0,0,0,0,0,79621800,24580444200,0,0,0,0,0,0,0,0,0,0,17980200,0,0,62369100,0,0,994761600,0,0,0,0,2711700,0,0,0,71361300,0,0,507334800,0,0,0,550200,1107395400,8017200,0,0,0,244446000,0,91451100,0,12486070800,0,0,0,0,53683800,0,0,0,16781100,327334500,64569900,0,0,559474800,0,0,0,154289700,1965000,0,43858800,13283400,0,0,0,0,0,0,0,4047900,156964200,0,0,1711002600,362133000,1691707800,0,0,364637400,0,0,0,0,0,0,62290500,4833900,0,0,0,0,0
"LAO",0,0,0,0,0,0,0,0,0,0,0,0,0,0,0,0,0,0,0,0,0,0,0,0,0,0,0,0,0,0,0,0,0,0,0,0,0,0,0,0,0,0,0,0,0,0,0,0,0,0,0,0,0,0,0,0,0,0,0,0,0,0,0,0,0,0,0,0,0,0,0,0,0,0,0,0,0,0,0,0,0,0,0,0,0,0,0,0,0,0,0,0,0,0,0,0,0,0,0,0,0,0,0,0,0,0,0,0,0,0,0,0,0,0,0,0,0,0,0,0,0,0,0,0,0,0,0,0,0,0,0,0,0,0,0,0,0,0,0,0,0,0,0,0,0,0,0,0,0,0,0,0,0,0,0,0,0,0,0,0,0,0,0,0,0,0,0,0,0,0,0,0,0,0,0,0,0,0,0,0,0,0,0,0,0,0,0,0,0,0,0,0,0,0,0
"LBN",17095500,0,0,4716000,0,0,385467000,7610400,0,335601300,0,0,0,0,0,0,2397300,0,0,0,4676700,2436600,0,0,98890200,470059500,0,54351900,0,4401600,0,627228000,3301200,0,437015700,0,0,0,2790300,102376500,139844100,63076500,0,0,0,0,263820900,0,13440600,943200,0,615300,0,118070100,0,24719700,0,212988000,129755400,277311000,0,132965300,0,432300,0,0,0,302696400,0,0,0,18549600,0,0,0,0,13322700,0,1177686000,1061100,0,0,1399603800,47631600,0,39300,4396326500,0,6091500,0,0,1021800,1028705400,0,0,0,0,532092600,322036200,0,0,0,3144000,140143800,1414800,57986700,0,9785700,0,0,0,126113700,18667500,0,0,0,191918400,0,0,0,0,0,0,445200,190354800,0,0,82530000,0,0,23697900,0,0,0,0,0,0,0,2888630300,0,1179000,5384100,0,0,0,0,12851100,7622560800,209085000,0,213099300,0,0,24994800,0,5816400,0,0,0,0,189022500,16309500,255840000,0,0,903900,0,89027400,0,0,163262600,0,444050700,1728258600,33169200,0,233637600,78600,590306400,22793700,8253000,0,2738742300,0,89486100,1078173600,0,175867500,23039700,0,0,0,2122200,0,0
"LSO",0,0,0,0,0,0,0,0,0,0,0,0,0,0,0,0,0,0,0,0,0,0,0,0,0,0,0,0,0,0,0,0,0,0,0,0,0,0,0,0,0,0,0,0,0,0,0,0,0,0,0,0,0,0,0,0,0,0,0,0,0,0,0,0,0,0,0,0,0,0,0,0,0,0,0,0,0,0,0,0,0,0,0,0,0,0,0,0,0,0,0,0,0,0,0,0,0,0,0,0,0,0,0,0,0,0,0,0,0,0,0,0,0,0,0,0,0,0,0,0,0,0,0,0,0,0,0,0,0,0,0,0,0,0,0,0,0,0,0,0,0,0,0,0,0,0,0,0,0,0,0,0,0,0,0,0,0,0,0,0,0,0,0,0,0,0,0,0,0,0,0,0,0,0,0,0,0,0,0,0,0,0,0,0,0,0,0,0,0,0,0,0,0,0,0
"LBR",0,0,0,0,0,0,0,0,0,0,0,0,0,0,0,0,0,0,0,0,0,0,0,0,0,0,0,0,0,0,0,0,0,0,0,0,0,0,0,0,0,0,0,0,0,0,0,0,0,0,0,0,0,0,0,0,0,0,0,0,0,0,0,0,0,0,0,0,0,0,0,0,0,0,0,0,0,0,0,0,0,0,0,0,0,0,0,0,0,0,0,0,0,0,0,0,0,0,0,0,0,0,0,0,0,0,0,0,0,0,0,0,0,0,0,0,0,0,0,0,0,0,0,0,0,0,0,0,0,0,0,0,0,0,0,0,0,0,0,0,0,0,0,0,0,0,0,0,0,0,0,0,0,0,0,0,0,0,0,0,0,0,0,0,0,0,0,0,0,0,0,0,0,0,0,0,0,0,0,0,0,0,0,0,0,0,0,0,0,0,0,0,0,0,0
"LBY",0,0,0,0,0,0,0,0,0,0,0,0,0,0,0,0,0,0,0,0,0,0,0,0,0,0,0,0,0,0,0,0,0,0,0,0,0,0,0,0,0,0,0,0,0,0,0,0,0,0,0,0,0,0,0,0,0,0,0,0,0,0,0,0,0,0,0,0,0,0,0,0,0,0,0,0,0,0,0,0,0,0,0,0,0,0,0,0,0,0,0,0,0,0,0,0,0,0,0,0,0,0,0,0,0,0,0,0,0,0,0,0,0,0,0,0,0,0,0,0,0,0,0,0,0,0,0,0,0,0,0,0,0,0,0,0,0,0,0,0,0,0,0,0,0,0,0,0,0,0,0,0,0,0,0,0,0,0,0,0,0,0,0,0,0,0,0,0,0,0,0,0,0,0,0,0,0,0,0,0,0,0,0,0,0,0,0,0,0,0,0,0,0,0,0
"LTU",13637100,21104100,0,0,0,0,221141100,1047099000,0,0,0,0,0,0,0,0,0,0,0,0,0,3794832200,0,0,0,250773300,0,0,0,0,0,299389800,0,0,0,0,0,0,130866300,150636900,0,55098600,0,0,12799166900,0,0,0,144000,12782441000,0,0,30811200,8224271700,0,0,166356900,0,0,11794668300,0,0,0,687221400,0,0,0,117900,0,0,0,122157300,4522597500,190035900,5344800,0,1342453500,27352800,9628500,1489453500,1428122700,533869200,0,699850200,0,336093600,0,143772000,0,0,0,177164400,0,32521844000,0,0,0,0,136213800,0,0,0,0,0,0,0,707400,0,0,0,23697900,0,0,447941400,0,0,2971481400,0,0,0,0,8213700,0,0,0,19710652500,0,0,2568619800,0,0,0,18824700,47532567200,102219300,0,0,0,0,0,731061300,0,21328462100,0,0,0,0,318605100,0,0,0,96088500,1880920500,14541000,0,117900,2353949400,0,133568400,0,30356063400,335661300,0,3209400,119797500,0,0,0,0,0,117900,2610000,73333800,348984000,0,0,49189608000,2398032600,2906817300,0,0,904663800,0,155510100,0,0,0,0,5806299900,0,88375800,4205100,0,0,29750100
"MAC",0,0,0,0,0,0,0,0,0,0,0,0,0,0,0,0,0,0,0,0,0,0,0,0,0,0,0,0,0,0,0,5305500,0,0,0,0,0,0,0,0,0,0,0,0,0,0,0,0,0,0,0,0,0,0,0,0,0,0,0,0,0,0,0,0,0,0,0,0,0,0,0,29514300,0,0,0,0,0,0,0,0,0,0,0,0,0,0,0,0,0,0,0,0,0,0,0,0,0,0,0,0,0,0,0,0,0,0,0,0,0,0,0,0,0,0,0,0,0,0,0,0,0,0,0,0,0,0,0,0,0,0,0,0,0,0,0,0,0,0,0,0,0,0,0,0,0,0,0,0,0,0,0,0,0,0,0,0,0,0,0,0,0,0,0,0,0,0,0,0,0,0,0,0,0,0,0,0,0,0,0,0,0,0,0,0,0,0,0,0,0,0,0,0,0,0,0
"MDG",0,0,0,2492404200,0,0,0,0,0,10611600,0,0,0,0,0,0,0,0,0,0,0,0,0,0,0,277200,0,0,0,0,0,8916900,0,0,0,0,0,0,0,0,0,0,0,0,0,0,0,0,0,0,0,0,0,4637345600,0,0,0,0,0,5684256600,0,0,0,4140000,0,0,0,0,0,0,0,0,0,0,0,10276038900,5985280800,0,0,0,56778000,2386602000,0,0,0,367972800,0,0,0,0,0,0,0,0,0,0,0,0,0,0,0,0,0,27007248600,0,0,0,0,746700,0,0,0,0,0,0,0,40614586500,0,0,0,0,0,0,0,0,0,0,0,0,0,0,0,417187800,0,0,0,0,0,0,0,0,0,1611300,0,0,0,0,0,0,0,0,0,0,235800,0,0,3579568200,0,0,0,0,1434900,0,0,774800,0,0,0,0,0,0,0,3984211800,0,0,0,242889600,0,2264523900,0,0,0,0,0,0,0,0,0,4769276100,0,0,0,0,0,0
"MWI",0,0,0,0,0,0,0,0,0,0,0,0,0,0,0,0,0,0,0,0,0,0,0,0,0,0,0,0,0,0,0,0,0,0,0,0,0,0,0,0,0,0,0,0,0,0,0,0,0,0,0,0,0,0,0,0,0,0,0,0,0,0,0,0,0,0,0,0,0,0,0,0,0,0,0,0,0,0,0,0,0,0,0,0,0,0,0,0,0,0,0,0,0,0,0,0,0,0,0,0,0,0,0,0,0,0,0,0,0,0,0,0,0,0,0,0,0,0,0,0,0,0,0,0,0,0,0,0,0,0,0,0,0,0,0,0,0,0,0,0,0,0,0,0,0,0,0,0,0,0,0,0,0,0,0,0,0,0,0,0,39300,0,0,0,0,0,0,0,0,0,0,0,0,0,0,0,0,0,0,0,0,0,0,0,0,0,0,0,0,0,0,0,0,0,0
"MYS",592560000,0,0,3964528800,185613900,11014458300,130649957200,0,0,652479300,0,11101052300,0,0,1050882000,0,25630090200,0,0,96599400,5239588500,0,7039018500,0,0,106426818900,0,0,9387693600,0,4946844600,305209704900,810444000,0,65250000,0,13558500,0,0,967487400,3930000,1965000,0,129179100,156420000,133973400,58895467400,26802600,0,151001124200,0,493053600,0,118513262400,42129600,0,2070450500,0,60915000,22455534600,39150000,0,3026100,289466100,0,0,980827800,0,147807300,0,0,8360267500,131708700,0,0,19512630700,179032997400,8705221500,5017813500,0,0,6124055700,96363600,1809146000,0,466489484700,1570314500,78300000,1338697800,929791200,0,66644088100,5267149800,0,0,990861600,0,0,389892900,0,3379800,936990000,0,0,2475856800,0,0,11318400,732893100,88087284800,441783300,1224756300,88740000,0,0,596581200,12740507700,0,4558800,163814400,110550900,26543289100,0,7860000,381915300,0,27747094400,734595600,0,2927999800,146160000,7921167600,103702717500,440762000,0,0,23422800,0,2447906700,0,0,0,105166275600,0,0,0,0,35076380900,69285900,229865700,6091500,0,0,953214558400,0,31172232300,2860058700,1650600,0,78300000,314400,328860000,3091077000,676554000,20677983900,145293400,141552754100,49518000,39575100,140772600,3298057800,339771600,184340855100,54474007800,0,0,5489435700,13719171800,476717231600,0,40754100,11048077600,5220000,34779358500,218437800,4373018300,130500000,0,6008508000,0,0,0,159210000,0,62640000
"MDV",0,0,0,0,0,0,0,0,0,0,0,0,0,0,0,0,0,0,0,0,0,0,0,0,0,0,0,0,157200,0,0,0,0,0,0,0,0,0,0,0,0,0,0,0,0,0,0,0,0,0,0,0,0,0,0,0,0,0,0,0,0,0,0,0,0,0,0,0,0,0,0,0,0,0,0,0,0,0,0,0,0,0,0,0,0,0,0,0,0,0,0,0,0,0,0,0,0,0,0,0,0,0,0,0,0,0,0,0,0,0,0,0,0,0,0,0,0,0,0,0,0,0,0,0,0,0,0,0,0,0,0,0,0,0,0,0,0,0,0,0,0,0,0,0,0,0,0,0,0,275100,0,0,0,0,0,0,1100400,0,0,0,0,0,0,0,0,0,0,0,0,0,0,0,0,0,0,0,0,0,0,0,0,0,0,0,0,0,0,0,0,0,0,0,0,0,0
"MLI",0,0,0,0,0,0,0,0,0,1179000,0,0,0,0,0,0,0,0,0,0,0,0,0,0,0,71100,0,0,0,0,0,0,0,0,6825600,0,0,0,0,0,0,0,0,0,0,0,0,0,0,0,0,0,0,0,0,0,0,0,0,0,0,0,0,0,0,0,0,0,0,0,0,0,0,0,0,0,0,0,0,0,0,0,2358000,0,0,0,0,0,0,0,0,0,0,0,0,0,0,0,0,0,0,0,0,0,0,0,0,0,0,0,0,0,0,0,0,0,0,0,0,0,0,0,0,0,0,0,0,0,0,0,0,0,0,0,0,0,0,0,0,0,0,78300,0,0,0,0,0,26802600,0,0,0,0,0,0,0,0,0,0,0,0,0,0,0,0,0,0,0,0,0,0,0,0,0,0,0,0,0,0,0,259380000,0,0,0,0,0,0,0,0,0,0,0,0,0,0,0
"MLT",0,0,0,0,0,0,0,0,0,0,0,9432000,0,0,0,0,0,0,0,0,0,0,0,0,0,0,0,0,0,0,0,0,0,0,0,0,0,0,0,0,0,0,0,0,0,0,0,0,0,0,0,0,0,39300,0,102140700,0,0,0,39300,0,0,0,0,0,0,196500,0,0,0,0,0,0,0,0,0,0,0,0,0,0,0,0,0,0,0,0,0,0,0,0,0,0,0,0,0,0,0,523122300,0,0,0,0,0,0,0,0,0,0,0,0,0,0,0,0,1179000,0,0,0,0,0,0,0,0,0,0,0,0,0,0,0,0,0,0,0,0,0,0,0,0,0,0,0,0,0,0,0,0,0,0,0,0,0,4716000,0,0,0,0,0,0,0,117900,0,0,39300,0,0,0,0,0,0,0,0,0,0,0,2200800,39300,0,0,0,0,0,0,0,0,0,0,0,0,0,0,0,0,0
"MRT",0,0,0,0,0,0,0,0,0,0,0,0,0,0,0,0,0,0,0,0,0,0,0,0,0,0,0,0,0,0,0,0,0,0,0,0,0,0,0,0,0,0,0,0,0,0,0,0,0,0,0,0,0,0,0,0,0,0,0,0,0,0,0,0,0,0,0,0,0,0,0,0,0,0,0,0,0,0,0,0,0,0,1179000,0,0,0,0,0,0,0,0,0,0,0,0,0,0,0,0,0,0,0,0,0,0,0,0,0,0,0,0,0,0,0,0,0,0,0,0,0,0,0,0,0,0,0,0,0,0,0,0,0,0,0,0,0,0,0,0,0,0,0,0,0,0,0,0,0,0,0,0,0,0,0,0,0,0,0,0,0,0,0,0,0,0,0,0,0,0,0,0,275100,0,0,0,0,0,0,0,0,0,0,0,0,0,0,0,0,0,0,0,0,0,0,0
"MUS",0,0,0,0,0,0,0,275100,0,0,0,0,0,0,0,0,0,0,0,0,0,0,0,0,0,0,0,0,0,0,0,0,0,138700,0,0,0,0,0,0,0,0,0,0,0,0,0,0,0,0,0,0,0,105815100,0,0,0,0,0,589500,0,0,0,0,0,0,0,0,0,0,0,0,0,0,0,39300,0,0,0,39300,0,5462700,0,0,0,0,0,0,0,0,0,0,0,0,0,0,0,0,0,0,0,39300,0,0,0,0,0,0,0,0,0,0,0,0,0,0,903900,0,0,0,0,0,0,0,0,0,0,0,117900,0,0,0,0,393000,0,0,0,0,0,0,0,0,0,0,0,0,0,0,0,12969000,0,0,0,0,0,0,157200,0,0,0,0,668100,0,0,0,0,0,0,0,0,0,0,0,39300,0,0,825300,0,0,0,0,0,0,0,0,0,0,0,0,0,0,0,0,0,0
"MEX",0,0,0,0,0,0,0,0,0,0,0,0,0,0,0,0,102690900,0,1750775700,0,0,0,0,0,0,35895008700,0,0,0,0,1742208300,0,4850406000,0,0,0,5941924200,383371500,0,0,0,0,0,156571200,0,408012600,0,10321516200,0,0,0,0,0,0,0,0,0,0,0,402825000,0,0,0,0,0,0,21847242600,0,0,0,7200506700,0,0,0,0,0,0,0,0,0,0,0,0,0,0,0,0,0,0,0,0,0,0,0,0,0,0,0,0,0,0,0,0,0,0,0,0,0,0,0,0,0,0,0,0,0,0,0,0,0,0,0,4208165400,0,0,0,0,4905268800,0,0,0,577631400,0,0,0,0,0,0,0,0,0,0,0,0,0,0,0,0,0,0,0,0,0,0,0,0,0,0,0,0,0,0,0,0,0,0,0,0,0,0,0,0,0,181094400,0,0,102297900,0,1464761596300,0,0,0,105441900,0,0,0,0,0,0,0,0,0,0,0,0
"MNG",0,0,0,0,0,0,0,0,0,0,0,0,0,0,0,0,0,0,0,0,0,0,0,0,0,0,0,0,0,0,0,132676800,0,0,0,0,0,0,0,0,0,0,0,0,0,0,0,0,0,0,0,0,0,0,0,0,0,0,0,0,0,0,0,0,0,0,0,0,0,0,0,0,0,0,0,0,0,0,0,0,0,0,0,0,0,0,0,0,0,0,0,0,0,0,0,0,0,0,0,0,0,0,0,0,0,0,0,0,0,0,0,0,0,0,0,0,0,0,0,0,0,0,0,0,0,0,0,0,0,0,0,0,0,0,0,0,0,0,0,0,0,0,78600,0,0,0,0,0,0,0,0,0,0,0,0,0,0,0,0,0,0,1296900,0,0,0,0,0,0,0,0,0,0,353700,0,0,0,0,0,0,0,0,0,0,0,0,0,0,0,0,0,0,0,0,0,0
"MAR",0,0,0,0,0,0,0,0,0,78600,0,0,0,0,0,0,0,0,0,0,0,0,0,0,553383300,1572000,825300,1119067500,0,0,0,0,0,0,794449500,0,0,0,78600,0,24444600,0,0,57771000,0,0,0,0,91411800,0,0,0,0,169736700,0,195281700,0,0,0,0,0,55530900,0,0,0,0,0,1369762200,0,0,0,0,0,0,0,0,0,0,0,2790300,0,6523800,135388500,0,0,0,131890800,0,0,0,0,0,2947500,0,0,87010200,0,348473100,870809400,0,0,0,0,0,0,1361745000,0,735590700,0,0,0,0,0,0,0,0,0,0,0,0,0,0,0,71054400,0,0,0,0,0,0,0,0,0,0,0,57260100,0,0,4362300,0,0,0,0,0,0,0,0,21182700,8370900,0,0,0,0,0,0,0,101708400,0,0,0,0,0,0,0,0,0,0,27156300,0,0,0,1112740200,29946600,3005400,0,0,0,0,11554200,113812800,0,0,0,0,0,211787700,0,0,160540500,0,0,0,0,0,159440100
"MOZ",0,0,0,0,0,0,0,0,0,0,0,0,0,0,0,0,0,0,0,0,0,0,0,0,0,0,0,0,0,0,0,0,0,0,0,0,0,0,0,0,0,0,0,0,0,0,0,0,0,0,0,0,0,0,0,0,0,0,0,0,0,0,0,0,0,0,0,0,0,0,0,0,0,0,0,0,0,0,0,0,0,0,0,0,0,0,0,0,0,0,0,0,0,0,0,0,0,0,0,0,0,0,0,0,0,0,0,0,0,0,0,0,0,0,0,0,0,0,0,0,0,0,0,0,0,0,0,0,0,0,0,0,0,0,0,0,0,0,0,0,0,0,0,0,0,0,0,0,0,0,0,0,0,0,0,0,0,0,0,0,0,0,0,0,0,0,0,0,0,0,0,0,0,0,0,0,0,0,0,0,0,0,0,0,0,0,0,0,0,0,0,0,0,0,0
"MDA",0,13755000,183688200,0,0,0,0,0,0,0,0,0,0,0,0,0,0,0,0,0,0,724888500,0,0,78600,76242000,0,0,0,0,0,0,0,0,0,0,0,0,6641700,9549900,0,0,0,0,294199800,0,0,0,0,403964700,0,0,0,396851400,0,0,157200,0,0,105088200,490031700,0,0,374293200,0,0,0,0,0,0,0,1768500,398816400,0,0,0,0,0,1949395000,52308300,288972900,202237800,0,0,0,275100,0,0,0,0,0,0,0,27510000,0,0,0,0,0,314400,0,0,0,0,0,0,0,0,0,0,0,0,0,0,0,0,20357400,0,0,196500,0,0,0,0,0,0,0,0,2082900,0,0,0,0,4890806400,0,0,0,0,589500,0,8676811200,0,25112700,0,0,0,0,0,0,0,0,0,0,0,0,0,0,0,4480200,0,0,0,0,0,0,0,0,0,0,0,0,0,0,78600,0,0,7427700,437605500,188168400,0,0,0,0,0,0,0,0,0,380286300,0,963007200,9903600,0,0,0
"NAM",0,0,0,0,0,0,11790000,0,0,0,0,0,0,0,0,2357700,0,0,0,0,0,0,0,0,0,0,0,0,0,0,0,0,0,0,0,0,0,0,0,0,0,78600,0,0,0,0,0,0,0,0,0,0,0,0,0,0,0,0,0,314400,0,0,0,0,0,0,0,0,0,0,0,0,0,0,0,0,0,0,0,0,0,0,0,0,0,0,0,0,0,0,0,0,0,0,0,0,0,0,0,1100400,0,0,0,0,0,0,117900,0,0,0,0,0,0,0,0,39300,0,0,0,0,0,0,0,0,0,196500,0,39300,0,0,0,0,0,157200,0,0,0,0,0,982500,0,0,0,0,0,0,0,0,0,117900,0,0,0,157200,0,78600,157200,0,0,0,0,0,0,0,0,0,0,0,0,0,0,0,0,0,0,0,39300,0,0,0,0,0,0,0,0,0,16702500,0,0,0,0,0,0,0,0
"NPL",0,0,0,0,0,0,0,0,0,0,0,0,0,0,0,0,0,0,0,0,0,0,0,0,0,3261900,0,0,0,0,0,1336200,0,0,0,0,0,0,0,0,0,0,0,0,0,0,0,0,0,0,0,0,0,0,0,0,0,0,0,0,0,0,0,0,0,0,0,0,0,0,0,0,0,0,0,0,0,0,0,0,0,0,0,0,0,1257600,0,0,0,0,0,0,0,0,0,0,0,0,0,0,0,0,0,0,0,0,0,0,0,0,0,0,0,0,0,0,0,0,0,0,0,0,0,0,0,0,0,0,0,0,0,0,0,0,0,0,0,0,0,0,0,0,0,0,0,0,0,0,0,0,0,0,0,0,0,0,0,0,0,0,0,0,0,0,0,0,0,0,0,0,0,0,0,0,0,0,0,0,123048300,0,0,0,0,0,0,0,0,0,0,0,0,0,0,0,0
"NLD",1459364000,2054912100,3963213600,55547919200,16388100,2410373400,35190717600,246804353500,196159200,1195986000,215232900,1184138700,0,0,6405900,0,33486163200,0,14383800,0,911799300,84082408300,0,4137600,630993600,30554505800,544462200,1073700,4591654800,86224200,4639464300,60336629400,414817200,0,45195000,0,2594507400,0,5960519200,178225500,19217700,69912575300,4047900,155389500,9077446200,778686600,56608996200,127607100,441899100,19599628200,17331300,45548700,58822451100,1299774464800,285121500,3969339300,2796924300,650779800,130391400,3460948832700,7879037100,532776900,0,89824680700,0,0,3833072700,251643300,210647100,107564100,0,16634718300,69206057000,25147627100,11084050900,13094323500,4140018300,11598873700,3547983000,41109980800,50261646300,392903268200,393537000,4329187800,410393100,80370918900,40903518200,249515700,4463326200,0,0,58829356900,6707009400,29923580900,8606700,17342363400,0,185299200,10872662500,18211140200,4401600,1064531700,12261600,9894568000,706010700,80732700,3733196400,945066300,1130780100,41349129000,3394616100,36473301400,804900000,3592491200,0,1595462100,0,0,593063100,4743895500,0,13181547600,6012900,2711700,4865583900,88588073800,2629350900,1063858500,90281909300,0,773186100,2141668500,11456396400,523327787300,33010536200,0,0,9680100,10014347700,11239800,41233379100,5500500,185696992900,0,0,0,0,80120978900,546233800,127684800,68250900,20592846100,74214777900,66307258400,24369900,45490132400,234833028400,4418340600,0,0,157813790600,297669822900,4740360300,791780000,10352578000,228856500,6286635300,28492500,0,16243500,1687490400,4977835500,244827611300,87285059900,378930600,0,911011298700,248214728900,415340428600,22632900,3931837400,13673560400,136253100,4123642200,414418500,2754653800,507085500,165767400,1521429012000,2944620300,38437129300,1457126100,386559300,0,4962297600
"ANT",0,0,0,0,0,0,0,0,0,0,0,0,0,0,0,0,0,0,0,0,0,0,0,0,0,0,0,0,0,0,0,0,0,0,0,0,0,0,0,0,0,0,0,0,0,0,0,0,0,0,0,0,0,0,0,0,0,0,0,0,0,0,0,0,0,0,0,0,0,0,0,0,0,0,0,0,0,0,0,0,0,0,0,0,0,0,0,0,0,0,0,0,0,0,0,0,0,0,0,0,0,0,0,0,0,0,0,0,0,0,0,0,0,0,0,0,0,0,0,0,0,0,0,0,0,0,0,0,0,0,0,0,0,0,0,0,0,0,0,0,0,0,0,0,0,0,0,0,0,0,0,0,0,0,0,0,0,0,0,0,0,0,0,0,0,0,0,0,0,0,0,0,0,0,0,0,0,0,0,0,0,0,0,0,0,0,0,0,0,0,0,0,0,0,0
"NCL",0,0,0,0,0,0,0,0,0,0,0,0,0,0,0,0,0,0,0,0,0,0,0,0,0,1218300,0,0,0,0,0,1336200,0,0,0,0,0,0,0,0,0,0,0,0,0,0,0,0,0,0,0,0,0,80700,0,0,0,0,0,0,0,0,0,0,0,0,0,0,0,0,0,0,0,0,0,0,0,0,0,0,0,186300000,0,0,0,1375500,0,0,0,0,0,0,0,0,0,0,0,0,0,0,0,0,0,0,0,0,0,0,0,0,0,0,0,0,0,0,0,0,0,0,0,0,0,0,0,0,0,0,0,0,0,0,0,0,0,0,0,0,0,0,0,0,0,0,0,0,0,0,0,0,0,0,0,0,0,0,0,0,0,0,0,0,0,0,0,0,0,0,0,0,0,0,0,0,0,0,0,0,0,0,0,0,0,0,0,0,0,0,0,0,0,0,0,0,0
"MKD",0,0,853063700,0,0,0,40164600,2397300,0,1021800,0,668100,0,0,0,0,0,0,0,0,0,2914231000,0,0,0,338935500,0,0,0,0,0,39300,0,0,0,0,0,0,35723700,0,0,0,0,0,0,0,0,0,0,0,0,0,57141900,120336600,0,0,0,0,0,208891500,4122176700,0,0,194102700,0,0,0,0,0,0,0,1375500,1017084000,4196061000,89328900,0,0,0,25859400,0,5187600,196814400,0,0,0,414536400,0,0,1336200,2475900,0,0,0,0,0,14108700,0,0,54116100,0,0,0,0,0,0,0,23737200,0,6445200,7427700,0,0,0,8213700,0,0,116599000,0,0,0,0,2908200,0,0,0,33955200,0,0,348459900,0,0,0,0,11986500,10846800,0,0,0,2711700,0,1106609400,0,6838200,0,0,0,0,16427400,0,0,0,2471773500,89446800,117900,0,0,64334100,0,0,0,1545904200,166984500,0,0,0,0,0,0,0,0,196500,28964100,37728000,74905800,0,0,34387500,0,736008600,0,0,0,0,0,0,0,0,0,193434600,0,3661292700,857683200,0,0,891834900
"VUT",0,0,0,0,0,0,26734800,0,0,0,0,0,0,0,0,0,0,0,0,0,0,0,0,0,0,0,0,0,0,0,0,628800,0,0,0,0,0,0,0,0,0,0,0,0,0,0,0,0,0,0,0,0,0,0,4140000,0,0,0,0,31298400,0,0,0,0,0,0,0,0,0,0,0,0,0,0,0,0,0,0,0,0,0,186134400,0,0,0,8736900,0,0,0,0,0,0,0,0,0,0,0,0,0,0,0,0,0,9109573200,0,0,0,0,0,0,0,0,0,0,0,0,0,0,0,0,0,57711600,0,0,0,0,0,0,0,0,0,0,0,0,0,0,0,0,0,0,0,0,0,0,0,0,0,0,0,0,0,0,0,2147169600,0,0,0,0,0,0,0,0,0,0,0,0,0,0,0,0,0,0,0,67500,0,0,0,0,0,0,0,0,0,0,0,0,0,0,538200,0,0,0,0,0,0
"NZL",0,0,0,0,0,0,84465982200,0,0,4833600,0,0,0,0,0,0,0,0,0,114507900,17645700,0,3930000,0,0,1887736200,0,0,3222600,0,0,2407838700,0,0,0,570192900,0,0,0,0,0,8999700,0,0,0,16182000,0,0,0,0,0,2025193800,0,235800,257092800,0,0,0,0,15877200,0,0,10479300,0,0,0,0,0,0,0,0,431187000,0,0,0,192648600,202905900,0,0,0,0,0,0,0,0,175867500,0,0,0,0,0,471993000,0,0,0,0,0,0,0,0,1218300,0,0,1722557400,0,0,0,0,0,0,0,0,0,0,0,39300,1768500,0,313436400,0,63916200,0,0,0,0,0,0,0,0,226710300,0,0,70032600,0,0,0,1257600,0,752241300,0,0,0,0,0,0,0,0,0,0,0,0,0,0,1273442400,0,157200,0,0,0,0,0,0,0,0,180701400,0,130240200,0,486299400,0,97424700,0,550200,705042000,0,0,794917200,0,948636000,0,0,0,0,53172900,0,0,0,0,2318700,0,0,0,0,0,0
"NIC",0,0,0,0,0,0,0,0,0,0,0,0,0,0,0,0,0,0,0,0,0,0,0,0,0,54151200,0,0,0,0,0,0,0,0,0,0,344399700,0,0,0,0,70173000,0,0,0,0,0,7283750400,0,0,0,0,0,57173400,0,0,0,0,0,607703300,0,0,0,0,0,0,27312076800,0,0,0,39904200,0,0,0,21528000,0,0,0,0,0,0,1447497300,0,0,0,3312000,0,0,0,0,0,0,0,0,0,0,0,0,0,0,0,0,0,0,0,0,0,0,0,0,0,0,0,0,0,0,659705300,0,0,0,0,155167200,0,0,0,0,0,0,0,0,0,0,0,0,0,0,0,0,0,0,0,0,24343200,0,0,0,0,2070000,0,0,0,0,0,0,0,0,198802800,0,0,0,0,0,0,0,2111400,0,0,0,0,0,0,0,0,0,0,0,0,0,1155377600,0,0,0,0,0,0,0,0,0,16868305800,0,0,0,0,0,0
"NER",0,0,0,0,0,0,93960000,0,0,0,0,0,0,0,0,0,0,0,0,0,0,0,0,0,0,4811500,0,0,0,37260000,0,0,0,0,0,0,0,0,0,0,0,0,0,0,0,0,0,0,0,0,0,0,0,0,0,0,0,0,0,0,0,0,0,0,0,0,0,0,0,0,0,0,0,0,0,0,0,0,0,0,0,0,0,0,0,0,0,0,0,0,0,0,0,0,0,0,0,0,0,0,0,0,0,0,0,0,0,0,0,0,0,0,0,0,0,0,0,0,0,0,0,0,0,0,278498700,0,0,0,0,0,0,0,0,0,0,0,0,0,0,0,0,196500,0,0,0,0,0,0,0,0,0,0,0,0,0,0,0,0,0,0,0,0,0,0,0,0,0,0,0,0,0,0,0,0,0,0,0,0,0,0,0,0,0,0,0,0,0,0,1305000,0,0,0,0,0,0
"NGA",2479611600,0,0,0,0,0,0,968400,0,78600,0,0,0,0,0,0,857865600,0,0,0,0,40129309800,0,0,0,102887673900,196500,0,0,0,0,4957194600,0,0,0,0,0,0,939600,0,63253200,0,0,0,1865446200,0,380851200,0,0,3171488400,0,0,39300,11583373800,0,0,209400,0,0,329555019600,346186800,0,0,0,0,0,0,0,0,0,0,0,0,0,0,39300,200055357000,0,0,17972700,12083100,30105817500,1023900,0,0,1242000,0,0,924900,0,0,0,0,0,0,0,0,0,0,529795800,0,0,0,357697529600,0,0,0,0,0,0,0,0,0,0,0,0,942010220700,0,0,0,0,0,0,772119900,0,181500,0,0,0,0,0,0,0,41400,0,0,0,0,0,0,0,355500,86831691800,0,0,0,0,0,786000,0,0,0,0,1765531800,0,8130600,59366960100,0,0,0,91500,171300900,0,0,82412100,0,0,1564257900,0,0,0,0,13419650700,139278000,0,0,4979741100,12300900,112832059200,0,4124191500,0,0,104380800,0,0,0,0,222567706200,0,3952990800,0,0,0,0
"NOR",0,235800,0,0,0,0,0,275100,0,0,0,0,0,0,0,0,0,0,0,0,0,0,0,0,0,432300,0,0,0,0,0,16820100,0,0,0,0,0,0,117900,0,0,2602663800,0,0,0,0,0,0,0,496280400,26488200,0,1026127500,139790100,0,0,0,0,0,9306949500,0,0,0,0,0,0,0,0,0,0,0,432300,0,0,7781400,0,0,0,0,33915900,31754400,9549900,0,0,0,1611300,0,0,0,0,0,78600,0,117900,0,0,0,0,0,134995500,0,0,0,0,0,0,1100400,0,0,0,0,39300,0,0,0,0,20514600,0,0,0,0,157200,0,0,0,0,0,0,84102000,0,0,0,77853300,552322200,0,0,0,0,0,0,0,0,393000,0,0,0,0,0,0,0,0,0,0,78600,0,0,15444900,0,0,0,42623251500,11318400,0,0,11790000,0,0,0,0,0,0,0,0,550200,0,0,836834400,0,44644800,0,5030400,0,0,21025500,0,0,0,0,13248900,0,0,0,0,0,0
"PAK",0,275100,0,0,0,0,1925700,0,0,45391500,0,0,0,0,0,0,0,0,0,0,0,1179000,0,0,0,8528100,0,0,62880000,0,3183300,0,0,628800,0,0,0,0,0,668100,0,0,0,0,0,0,0,0,0,0,0,0,0,0,0,0,0,0,3964200,0,0,0,0,0,0,0,0,1537200,0,0,0,314400,0,0,0,0,0,0,0,0,0,0,0,0,0,0,63548100,0,0,0,0,0,203416800,0,0,0,0,0,0,0,0,0,0,39300,25977300,0,0,0,1336200,0,0,0,40675500,0,0,0,0,0,0,0,0,0,0,0,550200,0,0,0,0,0,0,0,0,0,0,0,0,0,1090221300,0,0,0,0,0,0,0,0,389070000,0,0,0,0,0,0,0,679200,0,0,0,0,0,0,0,0,0,0,0,0,0,39300,23540700,0,39300000,348669600,0,0,0,0,81071700,0,0,0,0,0,0,0,0,0,0,0,0,0,0,0,0
"PAN",0,0,0,0,275100,0,0,0,0,0,9785700,0,0,0,0,0,68342700,0,1689900,0,0,0,0,0,0,0,0,0,0,0,24759000,0,374764800,0,0,0,187711500,1167026900,0,0,0,0,0,12576000,0,402825000,0,125681400,0,0,0,0,0,90127800,0,0,0,0,0,2651587200,0,0,0,0,0,0,3810600,0,825300,16623900,5187600,0,0,0,0,0,0,0,0,0,0,0,0,0,0,46295400,0,0,0,0,0,0,0,0,0,0,0,0,0,0,0,0,0,0,0,0,0,0,0,0,0,0,0,0,0,0,1442520000,0,0,0,0,0,39810900,0,0,0,0,0,0,0,0,42797700,0,0,0,0,0,0,746700,0,0,0,2484000,0,982500,0,0,47734200,0,0,0,0,0,0,0,165807000,433442300,0,0,0,0,0,0,0,6210000,0,0,0,0,7820700,0,0,0,0,0,0,0,0,364808400,0,414099000,0,383685900,0,0,0,0,0,1360344600,0,0,0,0,0,0
"CZE",67085100,0,0,3379800,0,0,15720000,8581766700,0,0,0,0,0,0,0,0,0,0,0,0,0,1488445500,0,0,0,977744700,0,0,39300,0,37256400,1250093700,0,0,0,0,0,39300,17645700,0,0,528061500,0,0,356529600,0,3183300,0,0,1853717100,0,0,181002300,13203569100,0,0,153034200,0,0,33754855200,543977400,0,0,582609600,0,0,0,0,0,0,0,668100,36446979600,2355444900,29514300,0,78600,41775900,1021800,398934300,122262300,3942579000,0,314400,0,652767700,1689900,0,78600,0,0,58281900,1002425100,134479200,1886400,22911900,0,0,57181500,1442872500,1768500,0,0,5187600,4087200,0,71271900,0,21732900,24994800,114237600,39300,0,71447400,0,0,9152759400,0,0,0,0,14698200,0,0,0,269637300,0,0,0,0,943200,786000,0,83870197800,2294176800,0,0,0,62447700,0,2792465100,0,11327025300,0,0,0,0,472071600,0,39300,0,1825621500,173160859700,4558800,0,169933200,649451700,0,55059300,0,1070245800,148398600,0,0,6248700,12143700,0,0,0,2633100,11632800,0,57731700,2776425600,0,0,16881598500,9081053100,357079800,982500,0,24594100,0,188443500,0,0,0,0,10038320100,20043000,191289900,0,0,0,0
"PNG",0,0,0,0,0,0,661992300,0,0,0,0,0,0,0,0,0,0,0,0,0,0,0,0,0,0,3961980000,0,0,0,0,0,10867541400,0,0,0,0,0,0,0,0,0,0,0,0,0,0,0,0,0,43138800,0,0,0,1324800,0,0,0,0,0,196443000,0,0,0,0,0,0,0,0,0,0,0,0,0,0,0,558900000,52081034400,0,0,0,0,0,0,0,0,13869000,0,0,0,0,0,41400,0,0,0,0,0,0,0,0,0,0,0,93105660600,0,0,0,0,0,0,0,0,0,0,0,0,5652259200,0,0,0,0,208904400,0,0,0,0,0,0,0,0,0,0,0,0,0,0,0,0,0,0,0,0,1821600,0,0,0,0,0,21339900,0,0,0,0,37725830700,0,0,0,0,0,0,0,12295800,0,0,0,0,0,0,0,0,0,0,4181400,7191600,0,0,0,0,82216988400,0,0,0,0,0,0,0,0,39300,15619847400,0,0,0,0,0,0
"PRY",0,0,0,0,0,12340200,0,0,0,0,0,0,0,0,7113300,0,7309800,0,0,0,0,0,0,0,0,17292000,0,0,0,0,0,0,0,0,0,0,0,0,0,0,0,0,0,0,0,0,0,0,0,0,0,0,0,0,0,0,0,0,0,0,0,0,0,0,0,0,0,0,0,0,0,0,0,0,0,0,0,0,0,0,0,0,0,0,0,0,0,0,0,0,0,0,0,0,0,0,0,0,0,0,0,0,0,0,0,0,0,0,0,0,0,0,0,0,0,0,0,0,0,0,0,0,0,0,0,0,0,0,0,0,0,0,0,0,0,0,0,0,0,0,0,0,0,0,0,0,0,0,0,0,0,0,0,0,0,0,3497700,0,0,0,0,0,0,0,0,0,0,0,0,0,0,0,0,0,0,0,0,0,0,0,0,0,0,0,0,0,0,0,0,0,0,0,0,0,0
"PER",0,0,0,7044085800,0,21357006000,6832571600,38268000,0,3810000,0,0,0,0,10015462200,0,5067076100,0,0,0,0,14200200,0,0,0,4313444400,0,0,0,0,18555484900,28310700,8724268200,0,0,0,2301233800,275100,0,0,0,689683000,0,582489000,0,7353237000,0,14737500,0,3044334700,0,0,109734300,5713840400,0,0,0,0,0,65045117000,0,0,0,544620900,0,0,1178655100,0,0,130317300,443520000,45336400,19043100,0,0,10422000,92076604200,0,0,15704100,455061600,35181804700,0,0,0,1850036900,0,0,0,0,0,1363882800,8122700,69344400,0,2804400,0,0,0,4218300,0,0,0,38745480300,0,0,0,0,0,28335104100,0,0,0,0,0,0,136357787000,0,0,0,0,531700000,90009900,0,0,98921800,3375000,888243600,13097100,0,823263400,0,5198400,35231400,118254000,0,0,0,0,0,0,0,1055218800,0,0,0,0,11525400,0,0,0,372600,0,474812400,0,188401800,17674360600,0,0,0,95443500,1896232900,0,0,34684500,0,92457900,0,0,0,161100,0,2853782800,148865000,0,0,5225546700,2162400,163352381900,0,737690000,0,342283800,1305000,0,0,0,0,69102653100,0,3523500,0,0,0,0
"PHL",0,3222600,0,0,0,0,149088300,0,0,68146200,0,0,0,0,0,0,0,0,0,0,121161900,0,65355900,0,5659200,348216900,0,0,0,0,0,4142575800,0,0,0,0,0,0,668100,0,0,5226900,0,0,0,0,0,0,0,0,0,510900,0,39300,0,0,0,0,0,3630721500,0,86735100,6916800,589500,0,0,0,0,0,0,0,716429400,0,0,0,99774300,2600083800,0,0,0,258633300,1028100,53841000,0,0,297453600,47317200,0,44212500,14580300,0,858743400,41186400,0,0,471600,0,0,0,0,5109000,0,0,34476120900,0,0,0,0,16938300,0,0,0,0,0,0,0,2437729800,0,0,0,7584900,145959900,0,0,78600,0,0,0,0,23671500,0,0,0,0,0,0,0,0,175184400,0,0,6916800,0,0,0,0,0,258144000,0,0,0,0,0,2798394900,0,0,81036600,0,0,0,550200,0,0,0,448920100,36195300,5563407900,0,0,0,39300,0,0,314972100,0,0,1183104000,0,416298900,0,0,0,0,2297616000,0,0,0,0,0,0,0,0,0,0,0
"POL",1754181000,0,4764023400,2380911900,0,306107700,19379148900,56107524500,0,394689300,44566200,287283000,0,0,0,0,8295522600,0,0,0,16152300,42931004900,0,0,0,13091525700,652500,0,1144180200,0,3156156000,3148991400,292313400,0,40046700,0,652694400,0,631345200,1046046600,0,76603079200,0,510900,16690273800,44919900,9082563300,21339900,0,9228803100,117900,0,4818866700,287213711700,235800,0,808281600,0,471600,666455312400,7513110000,26566800,0,23947614300,0,0,101944200,721351500,0,0,6248700,2542396500,98210030700,36977252800,1450727700,3828426300,8488800,1192215000,3247123200,16760915700,7065589800,59817043700,0,482800500,0,5504082900,5649835500,9903600,62565600,275100,0,6349543800,837247200,17518031200,3497700,618600900,0,0,4664199300,67066885500,0,825300,0,1254298800,600438000,3851400,1258553700,953221500,245349900,1120584500,4182657600,2175687300,0,1293621300,4283700,94830900,189360920800,0,432300,8389957800,0,936636900,2908200,0,1134708900,11436346200,982500,91333200,120837173300,0,50107500,174295500,530982300,0,4936821600,0,0,0,355428600,0,111225145800,78600,109533227900,0,0,0,0,14861334300,33483600,1296600,1173144300,11357026500,66427832300,6532194900,0,12216405000,21481386300,5344800,59469900,0,78962858400,13042025800,566833200,172326000,3799877700,39300,172391700,78600,0,6798900,77460300,113026800,9680974800,7392378300,51443700,0,674845233800,132984425100,77404503100,0,309330300,244755900,40243200,606023100,18549600,505395300,260244600,4598100,140929668500,118738200,56356418200,1850440500,50500500,0,3517319400
"PRT",3576300,0,0,1020188700,1886400,0,212770200,825300,0,589500,0,0,0,0,0,0,2208648900,0,0,0,0,44173200,0,0,0,242477100,1495572300,0,0,0,60338100,70884000,0,0,2986800,0,1925700,393000,373034700,0,5829000,526973700,0,0,0,0,232891800,0,18903300,1768500,0,0,4283700,3896366100,0,0,196500,0,0,576484800,0,0,0,836240700,0,0,196500,2465300,1414800,0,0,444954600,15366300,5135100,314400,0,0,0,174924300,38597100,281663100,1870423200,314400,0,0,197325300,114716700,0,8490000,0,0,5305500,350202300,0,0,91686900,0,196500,1620103200,266508300,23460300,0,0,2829600,2633100,0,32055600,439491900,6366600,23973000,0,807424500,620148000,0,78600,0,456594700,0,0,0,0,207307500,0,0,94713000,27352800,15680700,0,67331400,0,9746400,37649400,255567900,37893100,0,163497000,0,0,26254500,0,349070100,6445200,281427300,0,0,0,265725900,1180562400,75298800,0,0,6890400,21497100,111873900,0,1196391300,28899587700,707400,0,0,510900,1105097400,0,0,0,0,0,3969300,0,0,32108100,628800,32068800,1129016700,8999700,0,1549933000,141480000,312936900,0,0,0,29367900,0,59706900,0,275100,0,952402500,1795836500,65788200,0,0,0,20239500
"GNB",0,0,0,0,0,0,0,0,0,0,0,0,0,0,0,0,0,0,0,0,0,0,0,0,0,0,0,0,0,0,0,0,0,0,0,0,0,0,0,0,0,0,0,0,0,0,0,0,0,0,0,0,0,0,0,0,0,0,0,0,0,0,0,0,0,0,0,0,0,0,0,0,0,0,0,0,0,0,0,0,0,0,0,0,0,0,0,0,0,0,0,0,0,0,0,0,0,0,0,0,0,0,0,0,0,0,0,0,0,0,0,0,0,0,0,0,0,0,0,0,0,0,0,0,0,0,0,0,0,0,0,0,0,0,0,0,0,0,0,0,0,0,0,0,0,0,0,0,0,0,0,0,0,0,0,0,0,0,0,0,0,0,0,0,0,0,0,0,0,0,0,0,0,0,0,0,0,0,0,0,0,0,0,0,0,0,0,0,0,0,0,0,0,0,0
"TLS",0,0,0,0,0,0,0,0,0,0,0,0,0,0,0,0,0,0,0,0,0,0,0,0,0,0,0,0,0,0,0,0,0,0,0,0,0,0,0,0,0,0,0,0,0,0,0,0,0,0,0,0,0,0,0,0,0,0,0,0,0,0,0,0,0,0,0,0,0,0,0,0,0,0,0,0,0,0,0,0,0,0,0,0,0,0,0,0,0,0,0,0,0,0,0,0,0,0,0,0,0,0,0,0,0,0,0,0,0,0,0,0,0,0,0,0,0,0,0,0,0,0,0,0,0,0,0,0,0,0,0,0,0,0,0,0,0,0,0,0,0,0,0,0,0,0,0,0,0,0,0,0,0,0,0,0,0,0,0,0,0,0,0,0,0,0,0,0,0,0,0,0,0,0,0,0,0,0,0,0,0,0,0,0,0,0,0,0,0,0,0,0,0,0,0
"ERI",0,0,0,0,0,0,0,0,0,0,0,0,0,0,0,0,0,0,0,0,0,0,0,0,0,0,0,0,0,0,0,0,0,0,0,0,0,0,0,0,0,0,0,0,0,0,0,0,0,0,0,0,0,0,0,0,0,0,0,0,0,0,0,0,0,0,0,0,0,0,0,0,0,0,0,0,0,0,0,0,0,0,0,0,0,0,0,0,0,0,0,0,0,0,0,0,0,0,0,0,0,0,0,0,0,0,0,0,0,0,0,0,0,0,0,0,0,0,0,0,0,0,0,0,0,0,0,0,0,0,0,0,0,0,0,0,0,0,0,0,0,0,0,0,0,0,0,0,0,0,0,0,0,0,0,0,0,0,0,0,0,0,0,0,0,0,0,0,0,0,0,0,0,0,0,0,0,0,0,0,0,0,0,0,0,0,0,0,0,0,0,0,0,0,0
"QAT",0,0,0,0,0,0,0,0,0,0,0,0,0,0,0,0,0,0,0,0,0,0,0,0,0,0,0,0,0,0,0,0,0,0,0,0,0,0,0,0,0,0,0,0,0,0,0,0,0,0,0,0,0,0,0,0,0,0,0,0,0,0,0,0,0,0,0,0,0,0,0,0,0,0,0,0,0,0,0,0,0,0,0,0,0,0,0,0,0,0,0,0,0,0,0,0,0,0,0,0,0,0,0,0,0,0,0,0,0,0,0,0,0,0,0,0,0,0,0,0,0,0,0,0,0,0,0,0,0,0,0,0,0,0,0,0,0,0,0,0,0,0,0,0,0,0,0,7860000,0,0,0,0,0,0,0,0,0,0,0,0,0,0,0,0,0,0,0,0,0,0,0,0,0,0,0,0,96795900,0,0,0,0,0,0,0,0,0,0,0,0,0,0,0,0,0,0
"ZWE",0,0,0,0,0,0,0,0,0,0,0,0,0,0,0,157200,0,0,0,0,0,0,0,0,0,0,0,0,0,0,0,0,0,0,0,0,0,0,0,0,0,0,0,0,0,0,0,0,0,0,0,0,0,0,0,0,0,0,0,0,0,0,0,0,0,0,0,0,0,0,0,0,0,0,0,0,0,0,0,0,0,0,0,0,0,0,0,0,0,0,0,0,0,0,0,0,0,0,0,0,0,0,0,0,0,0,0,0,0,0,0,0,0,0,0,0,0,0,0,0,0,0,0,0,0,0,0,0,0,0,0,0,0,0,0,0,0,0,0,0,0,0,0,0,0,0,0,0,0,0,0,0,0,0,0,4249200,0,0,0,0,0,1572000,0,0,0,0,0,0,0,0,0,0,0,1296900,0,0,0,0,0,0,0,0,0,0,0,0,0,9825000,0,0,0,0,0,0,0
"ROU",0,0,382425900,0,0,0,235800,802511100,0,0,0,0,0,0,0,0,0,0,0,0,0,58734169800,0,0,0,348525300,0,0,0,0,353228400,518170500,0,0,600189600,0,589500,0,230074500,0,0,22794000,0,0,0,0,10571700,0,0,11357700,0,0,78600,3216807600,0,0,50980200,0,0,13142981100,1294659900,0,0,6818361600,0,0,0,0,0,0,0,141676500,4447040100,1176934500,471600,82412100,13322700,19060500,0,114913500,808086600,5668261500,5580600,943200,0,4991100,330866700,0,12576000,0,0,3576300,21339900,17095500,0,813596700,0,0,884760300,2641418100,0,0,0,28885500,0,0,14776800,0,0,0,0,383725200,0,4723419400,0,0,3255018900,0,0,556618500,0,11711400,0,0,0,10414500,0,0,1257167700,0,0,0,1715130600,28826091600,168374100,0,0,0,16741800,0,0,0,769820400,0,0,0,0,1440148500,26920500,0,24927300,191233800,7139926500,21536400,0,1965000,3027942000,0,0,0,74316300,1716000,0,0,253485000,1060800,75731100,0,0,0,166828500,0,3059362200,651594000,1414800,0,5730556400,498899700,989622300,0,0,0,0,0,0,0,0,0,16967611700,2868900,1390530300,86931600,0,0,6602400
"RWA",0,0,0,0,0,0,0,0,0,0,0,0,0,0,0,0,0,0,0,0,0,0,0,0,0,0,0,0,0,0,0,0,0,0,393000,0,0,0,0,0,0,0,0,0,0,0,0,0,0,0,0,0,0,0,0,0,0,0,0,34466100,0,0,0,0,0,0,0,0,0,0,0,0,0,0,0,0,0,0,0,0,0,0,0,0,0,0,0,0,0,0,0,0,0,0,0,0,0,0,0,0,0,0,0,0,0,0,0,0,0,0,0,0,0,0,0,0,0,0,0,0,0,0,0,0,0,0,0,0,0,0,0,0,0,0,0,0,0,0,0,0,0,0,0,0,0,0,0,0,0,0,0,0,0,0,0,0,0,0,0,0,0,0,0,0,0,0,0,0,0,0,0,0,0,23697900,0,0,1650600,0,943200,0,0,0,0,0,0,0,212865900,0,0,0,0,0,0,11593500,0
"RUS",76245933000,5416640400,0,0,0,0,1192152300,3419100,668100,986272800,0,562265100,0,0,0,0,0,0,0,0,0,967286100,39300,43190700,0,1404208800,0,0,923196300,0,0,402032480700,0,0,0,0,0,0,25623600,157519493800,0,0,0,0,238092387400,0,4623762900,0,0,10149178600,0,0,275100,7231200,0,0,84981311300,0,0,24465492100,6877500,0,0,199065600,0,0,0,0,0,0,0,167496600,167221500,471600,0,226957500,0,0,26472047700,78600,10460538900,623612400,0,471007333900,0,713059200,2950526100,119580510600,0,69993300,0,2364348600,2203118700,7789687900,14698200,2051027700,0,589500,10417971000,7194022200,0,0,0,57653100,236664600,0,1021800,0,39300,507598800,78631702100,278322600,0,37394735100,0,744813600,41064271400,0,0,6838200,0,23108400,0,0,628800,786000,0,432300,423614400,0,0,0,510310500,2263404900,0,0,0,0,6679821000,0,248690400,0,0,39300,0,0,0,104151956100,31872300,0,0,0,78600,4842886500,0,0,752241300,0,63982136500,0,8017200,550200,0,21391466200,2121099600,0,74014800,0,0,0,954597000,1000931700,2550294900,55731840900,0,0,3111231700,76902738300,10860161800,0,293487300,250714557000,0,5678286300,0,8282868000,0,0,295918200,196500,8092223700,13990800,0,0,782187900
"KNA",0,0,0,0,0,0,0,0,0,0,0,0,0,0,0,0,0,0,0,0,0,0,0,0,0,0,0,0,0,0,0,0,0,0,0,0,0,0,0,0,0,0,0,0,0,0,0,0,0,0,0,0,0,0,0,0,0,0,0,0,0,0,0,0,0,0,0,0,0,0,0,0,0,0,0,0,0,0,0,0,0,0,0,0,0,0,0,0,0,0,0,0,0,0,0,0,0,0,0,0,0,0,0,0,0,0,0,0,0,0,0,0,0,0,0,0,0,0,0,0,0,0,0,0,0,0,0,0,0,0,0,0,0,0,0,0,0,0,0,0,0,0,0,0,0,0,0,0,0,0,0,0,0,0,0,0,0,0,0,0,0,0,0,0,0,0,0,0,0,0,0,0,0,0,0,0,0,0,0,0,0,0,0,0,0,0,0,0,0,0,0,0,0,0,0
"LCA",0,0,0,0,236000,0,0,0,0,0,786000,0,0,0,0,0,0,0,0,0,0,0,0,0,0,5176200,0,0,0,0,0,0,0,0,0,0,0,0,0,0,0,0,372600,0,0,0,0,0,0,0,0,0,0,1313100,0,0,0,0,0,0,0,0,0,0,0,0,0,0,0,0,0,0,0,0,0,0,0,0,0,0,0,0,0,0,0,0,0,0,0,0,0,0,0,0,0,0,0,0,0,0,0,0,0,0,0,0,0,0,0,0,0,0,0,0,0,0,0,0,0,0,0,0,0,0,0,0,0,0,0,0,0,0,0,0,0,0,0,0,0,0,0,0,0,1875800,0,654600,0,0,0,0,0,0,0,0,0,0,0,0,0,0,0,0,0,0,0,0,0,0,0,0,0,0,0,0,0,0,112264200,0,48288300,0,0,0,0,0,0,0,0,0,0,0,0,0,0,0,0
"VCT",0,0,0,0,0,0,0,0,0,0,275100,0,0,0,0,0,0,0,0,0,0,0,0,0,0,0,0,0,0,0,0,0,0,0,0,0,0,0,0,0,0,0,0,0,0,0,0,0,0,0,0,0,0,0,0,0,0,0,0,0,0,0,0,0,0,0,0,0,0,0,0,0,0,0,0,0,0,0,0,0,0,0,0,0,0,0,0,0,0,0,0,0,0,0,0,0,0,0,0,0,0,0,0,0,0,0,0,0,0,0,0,0,0,0,0,0,78949800,0,0,0,0,0,0,0,0,0,0,0,0,0,0,0,0,0,0,0,0,0,0,0,0,0,0,0,0,0,0,0,0,0,0,0,0,0,0,0,0,0,0,0,0,0,0,0,0,0,0,0,0,0,0,0,0,0,0,0,2048400,0,0,0,0,0,0,0,0,0,0,0,82800000,0,0,0,0,0,0
"STP",0,0,0,0,0,0,0,0,0,0,0,0,0,0,0,0,0,0,0,0,0,0,0,0,0,0,0,0,0,0,0,0,0,0,0,0,0,0,0,0,0,0,0,0,0,0,0,0,0,0,0,0,0,136590600,0,0,0,37658700,0,4346770200,0,0,0,0,0,0,0,0,0,0,0,0,0,0,0,0,0,0,0,0,0,4584000,0,0,0,0,0,0,0,0,0,0,0,0,0,0,0,0,0,0,0,0,0,0,0,0,0,0,0,0,0,0,0,0,0,0,11856461400,0,0,0,0,0,0,0,0,0,0,0,829500,0,0,0,0,0,276766500,0,0,0,0,0,0,0,0,0,0,0,0,0,0,0,0,0,0,0,0,0,311571600,0,0,0,0,155374200,0,0,0,0,0,0,0,0,0,0,0,0,0,0,0,0,4407900,0,0,0,0,0,0,0,0,0,9844713000,0,0,0,0,0,0
"SAU",0,0,0,0,0,0,2531700,0,0,3530632800,0,1375500,0,0,0,0,0,0,0,0,43544400,0,0,0,0,13912200,0,0,4097700,0,0,0,0,0,0,0,0,0,0,0,0,196500,0,0,0,0,28235349300,0,0,0,0,0,0,0,0,2436600,0,0,0,2554500,0,0,0,0,0,0,0,0,0,0,0,3772800,0,0,0,2295120000,0,0,723049800,0,0,0,0,0,0,0,3791395200,0,0,0,0,0,9638845000,0,0,96855000,0,0,653243400,0,0,0,0,83080200,0,0,0,0,0,0,0,0,0,0,0,0,371784000,0,0,0,0,0,0,0,131419200,0,13440600,0,0,0,0,0,0,0,0,0,0,0,279698100,0,0,0,4833900,0,0,0,31440000,0,0,0,93612600,0,0,0,432553500,22951200,35370000,0,0,0,0,0,78953700,0,0,0,0,0,0,0,5993484900,0,307679700,19535713200,0,0,5069700,0,32265300,0,0,0,0,0,0,1953068700,0,0,0,0,0,0,258173700,0,63705300
"SEN",0,0,0,0,0,0,0,0,0,0,0,0,0,0,0,0,0,0,0,0,0,0,0,3104700,0,0,22204500,0,0,0,0,0,0,0,2270714700,0,0,0,0,0,0,0,0,0,0,0,0,0,0,0,0,0,0,266886300,0,0,0,14226600,4639691400,0,0,0,0,0,0,0,0,7515037200,0,0,0,0,0,0,0,0,0,0,0,0,0,0,1203130200,0,0,0,0,0,0,0,0,0,0,0,0,0,0,0,0,0,0,1179000,0,0,0,2292172500,0,5646591600,0,0,0,93534000,0,0,0,0,0,0,0,0,0,0,0,0,0,0,0,0,0,0,0,0,0,0,0,3088918800,0,0,0,0,0,0,0,0,0,0,0,0,0,0,0,0,0,0,0,0,0,0,0,0,0,0,0,0,0,0,0,0,0,0,0,0,0,117900,0,0,117370200,0,3757500,398187600,0,0,78521400,0,0,0,0,0,589500,0,0,0,0,0,0
"SYC",0,0,0,0,0,0,0,0,0,0,0,0,0,0,0,0,0,0,0,0,0,0,0,0,0,0,0,0,0,0,0,0,0,0,0,0,0,0,0,0,0,0,0,0,0,0,0,0,0,0,0,0,0,0,0,0,0,0,0,0,0,0,0,0,0,0,0,0,0,0,0,0,0,0,0,0,0,0,0,0,0,0,0,0,0,0,0,0,0,0,0,0,0,0,0,0,0,0,0,0,0,0,0,0,157200,0,0,0,0,0,0,0,0,0,0,0,0,0,0,0,0,0,0,0,0,0,0,0,0,0,0,0,0,0,0,0,0,0,0,0,0,0,0,0,0,0,0,0,0,0,0,0,0,0,0,0,0,0,0,0,0,0,0,0,0,0,0,0,0,0,0,0,0,0,0,0,0,0,0,0,0,0,0,0,0,0,0,0,0,0,0,0,0,0,0
"SLE",0,0,0,0,0,0,0,0,0,0,0,0,0,0,0,0,0,0,0,0,0,0,0,0,0,82800,0,0,0,0,0,68068800,0,0,0,0,0,0,0,0,0,0,0,0,0,0,0,0,0,0,0,0,0,1110249900,0,0,0,0,0,207579600,0,0,0,0,0,0,0,0,0,0,0,0,0,0,0,0,0,0,0,0,0,65205000,0,0,0,0,0,0,0,0,0,0,0,0,0,26100,0,0,0,0,0,0,39300,0,0,0,0,0,0,0,0,756900,0,0,0,0,143878289400,0,0,0,0,0,0,0,0,0,0,0,193420800,0,0,0,0,0,0,0,0,0,0,0,0,0,0,0,0,0,0,70875900,0,0,0,0,0,0,0,0,0,0,0,0,0,0,0,0,0,0,0,0,0,0,0,0,0,0,0,0,0,52200,0,0,0,0,0,0,0,0,0,117900,4155525000,0,0,0,0,0,0
"SVN",353700,0,193208100,0,0,0,0,2273547000,0,0,0,0,0,0,0,0,0,0,0,0,0,2560866600,0,0,0,124620300,0,0,0,0,39300,9409200,0,0,0,0,0,0,4637400,0,0,99861300,0,0,41893500,0,0,0,0,10328900,0,0,5586000,17987256000,0,0,0,0,0,2724877800,1594985100,0,0,133660800,0,0,0,0,0,0,0,1331100,2198456700,13173459300,2279400,0,0,0,28374600,0,879494700,2572986300,0,0,0,10532400,32461800,0,0,0,0,39300,11907900,484500,0,19139100,0,0,0,3872307600,0,0,0,3026100,12104400,0,3479100,0,0,0,0,0,0,117900,0,0,28612653000,0,0,497404200,0,0,0,0,0,73648200,0,0,2173922100,0,0,0,0,8973864600,1159743000,0,0,0,0,0,681294900,0,4721100,0,0,0,0,167025000,0,0,0,0,11011186500,5934300,0,0,3346732800,0,0,0,15877200,62024100,0,0,3615600,0,0,0,0,0,0,0,137432100,61371000,0,0,646353300,63926200,0,0,0,0,0,0,0,0,0,0,25322400,117900,3947017500,240160200,0,0,0
"SVK",0,0,0,0,0,0,740608500,32840334300,0,825300,0,0,0,0,0,0,45941700,0,0,0,0,24272821400,0,0,0,182744700,0,0,0,0,141637200,64884300,0,0,0,0,0,0,1362020100,28217400,0,561046800,0,0,0,1925700,0,0,0,3261900,0,0,3536607000,10089567600,0,0,10269900,0,0,33242873900,3272825400,0,0,3186915600,0,0,0,0,0,0,0,0,93321394500,4359968100,0,0,0,0,1179000,1340640900,53290800,3711963600,0,0,0,25898700,4008600,0,0,0,0,184631400,11711400,35723700,0,0,0,0,98171400,17555644300,0,0,0,0,0,0,21811500,0,0,1807800,2200800,0,0,5069700,0,0,5431810200,0,0,2397300,0,0,0,0,0,246096600,0,0,86446686900,0,0,0,0,69404280600,1005176100,0,0,0,3379800,0,3910543200,0,20005923800,0,0,0,0,130358100,0,0,0,351095100,0,0,0,60207600,929366400,0,0,0,7560612600,258751200,0,0,56552700,0,0,0,0,0,0,0,51129300,248886900,0,0,27383601300,772375800,34230300,0,0,0,0,0,0,0,0,0,20339439900,0,5726796000,57456600,0,0,0
"SGP",0,0,0,0,0,118764600,228928112400,39300,0,5045721000,0,6091039000,0,17449200,0,0,239415300,0,0,0,4513576200,0,2914021800,0,275100,15673800,0,0,10475292800,0,3918681600,128361918100,783000,0,0,0,179522400,0,0,0,0,0,0,30143100,0,4331100,13090789200,23501400,0,711000,0,847044300,0,393000,0,70111200,0,0,0,13459800,0,468635200,0,104700,0,0,112515900,15444900,1951453500,0,0,26348341000,3001500,0,0,46864471100,94389056200,15366300,0,393000,33453344700,9390900,0,0,185496000,347452617100,6091500,0,377907300,2225671700,0,75774566100,925041900,0,0,808389600,0,0,195163800,0,113419800,0,0,148819091100,691538100,0,0,0,81866700,2330502000,785598600,0,0,0,0,0,15303489100,0,0,0,171072900,29167252800,0,0,955459200,1100400,3931680300,185142300,0,401174400,0,7611765300,47163780800,8560800,0,0,48417600,0,1339257500,0,0,0,73668274900,0,0,0,0,16530094200,0,25194300,0,0,0,0,0,21142428400,423224100,0,0,0,16230900,0,0,0,9689534000,35094900,38942102900,0,0,0,668342100,0,28440000,32276932700,0,0,465268800,5372884800,52948634100,0,0,0,0,9270599000,0,61779600,0,0,0,0,0,0,0,0,0
"SOM",0,0,0,0,0,0,0,0,0,0,0,0,0,0,0,0,0,0,0,0,0,0,0,0,0,0,0,0,0,0,0,0,0,0,0,0,0,0,0,0,0,0,0,0,0,0,0,0,0,0,0,0,0,0,0,0,0,0,0,0,0,0,0,0,0,0,0,0,0,0,0,0,0,0,0,0,0,0,0,0,0,0,0,0,0,0,0,0,0,0,0,0,0,0,0,0,0,0,0,0,0,0,0,0,0,0,0,0,0,0,0,0,0,0,0,0,0,0,0,0,0,0,0,0,0,0,0,0,0,0,0,0,0,0,0,0,0,0,0,0,0,0,0,0,0,0,0,0,0,0,0,0,0,0,0,0,0,0,0,0,0,0,0,0,0,0,0,0,0,0,0,0,0,0,0,0,0,0,0,0,0,0,0,0,0,0,0,0,0,0,0,0,0,0,0
"ZAF",0,0,0,0,0,51207900,566706000,0,0,24719700,0,0,0,0,0,15324604100,89184300,0,0,0,0,0,0,196500,1886400,147595200,0,39300,0,0,157200,30614700,0,212534400,177882900,0,0,0,29082000,0,0,323467500,0,0,0,0,3419100,0,0,0,0,0,0,303435300,0,255843000,0,23658600,0,138837900,0,343373400,0,0,0,0,0,39300,0,0,0,1440738000,0,0,0,59146500,0,0,136253100,15248400,5785392300,117900,197875500,0,0,57928200,0,0,5760092700,0,0,196500,0,39300,0,29671500,2689713600,0,0,0,0,386566800,3001995300,17618700,6327300,39300,0,0,4620749400,0,0,0,13090339700,0,19765582700,0,140665500,0,0,0,0,253288500,0,0,271693500,0,175160100,0,165600,0,0,0,0,484200,1737020700,0,0,0,26579700,6323865600,0,23016600,0,0,0,0,0,7452000,139829400,685230600,0,222600,0,17338500,1637400,0,13440600,0,0,7486250800,65748900,825300,0,0,1357225500,1973648700,39300,0,0,0,78600,0,697653600,821970300,168128400,0,132438300,3524700,1886714400,0,0,0,0,3065400,550200,0,1798914000,10058685000,1650600,1179000,0,0,1689900,0,0
"ESP",119982900,0,26100000,48416559700,0,7707183800,5584416000,8272391400,196500,51299400,0,880113000,0,0,2020748100,0,509749500,0,628800,0,18549600,5877646300,0,0,69639600,7534769100,157649700,9661500,342460200,88503600,27349457700,9270285600,4773359100,0,1021800,0,2838623400,2995437600,939049600,0,746700,1249303700,0,3523377900,661735200,678868200,26228730000,346696500,1366617900,5358547500,0,0,3101467200,343844572100,1139700,0,714231300,0,118332300,74142516900,400146600,203084400,0,30845920000,0,0,2481263700,102296400,444300,39300,21004800,450297000,11606300600,6016425300,30929100,1549158900,236302500,3563458800,458727700,6025857000,10815256500,92767272400,419409600,39457200,3419100,9622486100,6686790100,0,297229500,0,0,10388119400,1459731000,1913976400,0,6006650200,0,174374100,1114871100,2171546500,10218000,12497400,39300,1648247300,46570500,51576900,873763800,941826300,58527300,4509219600,20475300,51518290200,3261900,1014333100,0,2868900,49459991000,0,336784800,1023424700,0,725827500,1414800,0,233009700,1140250600,1234109000,370002800,16792652100,0,323832000,1642320900,1970306200,23379188500,156480448700,65120100,0,0,619394100,0,18073990500,157200,33095273400,0,0,0,0,10675113500,612810900,0,58989300,3078881400,2405332200,986475400,16466700,8086690600,0,0,0,0,14176012900,8017185200,5619598400,1111452100,2853105800,746700,518986200,16781100,0,68983500,482121000,5508048000,20072603100,16964704100,0,0,116072479000,5800165600,68519501800,1061100,1957559400,864656200,358203300,39332700,9432000,300558300,15169800,0,63736588400,10257300,2681008200,39142800,22001100,0,0
"SUR",0,0,0,0,0,0,0,0,0,0,0,0,0,0,0,0,786000,0,0,0,0,0,0,0,0,0,0,0,0,0,0,0,0,0,0,0,0,0,0,0,0,0,0,0,0,0,0,0,0,0,0,0,0,864600,0,0,0,0,0,0,0,0,0,0,0,0,0,0,64059000,0,0,0,0,0,0,0,0,0,0,0,0,0,0,0,0,0,0,0,0,0,0,0,0,0,0,0,0,0,0,0,0,0,0,0,0,0,0,0,0,0,0,0,0,0,0,0,76752900,0,0,0,0,0,0,0,0,0,0,0,0,0,0,0,0,0,0,0,0,0,0,0,0,0,0,0,0,0,0,0,0,0,0,0,0,0,0,0,0,0,0,0,0,0,0,0,0,0,0,0,0,0,0,0,0,0,0,0,0,0,0,0,0,0,139314600,0,0,0,0,0,0,0,0,0,0,0,0
"TJK",0,0,0,0,0,0,0,0,0,0,0,0,0,0,0,0,0,0,0,0,0,0,0,0,0,0,0,0,0,0,0,0,0,0,0,0,0,0,0,0,0,0,0,0,0,0,0,0,0,0,0,0,0,0,0,0,0,0,0,0,0,0,0,0,0,0,0,0,0,0,0,0,0,0,0,0,0,0,0,0,0,0,0,0,0,0,0,0,0,0,0,0,0,0,0,0,0,0,0,0,0,0,0,0,0,0,0,0,0,0,0,0,0,0,0,0,0,0,0,0,0,0,0,0,0,0,0,0,0,0,0,0,0,0,0,0,0,0,0,0,0,0,0,0,0,0,0,0,0,0,0,0,0,0,0,0,0,0,0,0,0,0,0,0,0,0,0,0,0,0,0,0,0,0,0,0,0,0,0,0,0,0,0,0,0,0,0,0,0,0,0,0,0,0,0
"SWZ",0,0,0,0,0,0,0,0,0,0,0,0,0,0,0,0,0,0,0,0,0,0,0,0,0,39300,0,0,0,0,0,0,0,0,0,0,0,0,0,0,0,0,0,0,0,0,0,0,0,0,0,0,0,0,0,0,0,0,0,0,0,0,0,0,0,0,0,0,0,0,0,0,0,0,0,0,0,0,0,0,0,0,0,0,0,0,0,0,180583500,0,0,0,0,0,0,0,0,0,0,0,0,0,0,0,0,0,0,0,0,0,0,0,13558500,0,0,0,0,0,0,0,0,0,0,0,0,0,0,0,0,0,0,0,78600,0,0,0,0,0,0,0,0,0,0,0,0,0,0,0,0,0,0,0,0,0,0,6043840200,0,0,0,0,0,0,0,0,0,0,0,0,0,0,0,0,0,0,0,0,0,0,0,0,0,0,0,0,0,0,0,0,0,0,0,0,0,0,0
"SWE",3772800,39300,117900,117900,0,39300,1734799200,6010203000,0,108939600,0,86577900,0,0,0,0,11740200,0,0,0,0,609307200,0,0,0,3014231400,0,0,117900,0,2416046100,88149900,78600,0,0,0,0,0,41304300,39300,0,99444183900,0,0,1239807300,0,4205100,0,0,7192052700,186714300,78600,103296537100,29484359700,0,9510600,1061100,157200,0,57349577400,84455700,144831900,0,491839500,0,0,0,0,0,0,0,482234700,1268643300,181408800,3753255900,4584000,52735500,0,46334700,1458973200,201844800,6446826900,39300,0,0,395121600,67281600,39300,1139700,39300,0,171701700,3057697200,4352982300,0,22438500,0,0,0,8368274700,0,0,0,62054700,78600,0,85830900,0,550200,104773800,39300,45470100,0,12890400,0,39300,44041014900,0,0,35574900,0,1704873300,0,0,157200,104194267100,78600,39300,8400099900,0,0,593587200,21339900,15260585700,400506300,0,0,117900,254546100,0,2235135900,0,4363269900,0,0,0,0,1206549300,78600,0,0,2751943200,6659502900,220237200,0,157200,13646072400,0,0,0,0,2607329400,0,0,2026890600,22008000,49151100,0,0,39300,6838200,157200,213163200,1200418500,0,0,29628418500,35952600,14722094700,0,0,314400,0,1257600,78600,0,0,0,12106763100,368791200,450378000,0,0,0,0
"CHE",83198100,0,213713400,634105500,0,587716800,38186044800,17078282100,864600,625080900,0,24366000,0,0,62565600,0,14307558900,0,0,0,18746100,10436075700,28453200,0,157200,83282022900,0,0,233130300,0,3635848800,26128763700,246463200,0,1139700,0,352914000,275100,188718600,256314600,0,911637000,0,115031100,308151300,63705300,652773000,4598100,0,212770200,0,903900,185535300,104499639700,78600,0,64412700,0,0,280473521100,78600,35566500,0,2096775000,0,0,106660200,0,0,0,196500,6580643400,281103900,14306143200,434854500,869040900,4666710900,982500,573085500,1158769200,11231743500,116068647600,3890700,18942600,3602100,10209645400,502411200,0,105952800,92669400,0,3138498000,4079990100,112633800,0,253657000,0,0,341988600,156885600,117900,10335900,0,2710315500,568395900,2947500,218115000,0,470263800,392619600,21064800,373313400,0,1532700,0,202866600,13073998500,0,30575400,361677900,0,252227400,78600,0,111140400,653701800,1686900,328272900,3344508300,1572000,200390700,292902900,6504351900,9466241100,2385274200,0,0,0,3303723300,117900,3431754600,0,10386746700,0,0,117900,0,11263516500,0,0,2334459300,909914400,3243278400,7504869500,0,2774462100,20761235700,0,0,0,16780334600,0,1336200,0,3797358400,0,2214487200,4008600,0,0,666724500,547331100,7062213900,11168171100,11868600,0,81175264200,877608300,61454016600,0,543597600,62997900,109214700,436190700,46334700,100686600,41400,78600,25485859900,1043983100,18195900,39300,25662900,0,0
"SYR",52200,0,0,0,0,0,96431400,10440000,0,164784900,0,0,0,0,0,0,0,0,0,0,0,0,0,0,0,18235200,0,0,0,0,1061100,3694200,0,0,0,0,0,0,5148300,0,0,13479300,0,0,4734600,0,25505700,0,0,0,0,0,0,0,0,0,0,0,0,160081800,0,0,0,678600,0,0,0,0,0,0,0,29592900,261000,0,104400,0,0,0,0,130500,0,0,0,0,0,0,226250100,0,786000,0,0,0,6445200,0,0,3771173700,0,0,0,0,1375500,0,0,0,0,0,1729200,24955500,0,0,0,0,0,0,0,0,179358000,0,0,0,0,26100,0,0,0,117900,0,0,0,0,0,0,0,0,0,0,0,0,13283400,0,943200,0,0,0,0,0,0,2226002100,0,0,0,0,0,0,0,0,0,0,0,0,75781200,0,0,0,0,11672100,0,0,0,0,60522000,54430500,28099500,212035500,0,0,0,0,28924800,0,0,0,377280000,0,0,0,0,0,89642100,0,0,0,0,0,0
"TKM",0,0,0,0,0,0,0,0,0,0,0,0,0,0,0,0,0,0,0,0,0,0,0,0,0,0,0,0,0,0,0,0,0,0,0,0,0,0,0,0,0,0,0,0,0,0,0,0,0,0,0,0,0,0,0,0,0,0,0,0,0,0,0,0,0,0,0,0,0,0,0,0,0,0,0,0,0,0,0,0,0,0,0,0,0,0,0,0,0,0,0,0,0,0,0,0,0,0,0,0,0,0,0,0,0,0,0,0,0,0,0,0,0,0,0,0,0,0,0,0,0,0,0,0,0,0,0,0,0,0,0,0,0,0,0,0,0,0,0,0,0,0,0,0,0,0,0,0,0,0,0,0,0,0,0,0,0,0,0,0,0,0,0,0,0,0,0,0,0,0,0,0,0,0,0,0,0,0,0,0,0,0,0,0,0,0,0,0,0,0,0,0,0,0,0
"TWN",0,0,0,0,0,1807800,1356264600,0,0,0,0,4572000,0,0,0,0,393000,0,0,0,33102900,0,16938300,0,0,164625900,0,0,0,0,1427400,1534979700,3537000,0,0,0,0,0,0,0,0,78600,0,0,0,0,0,0,0,0,0,11967000,314400,6088500,0,0,0,0,0,85896300,0,353700,0,0,0,0,0,0,0,0,0,2423716500,393000,0,0,589500,638675700,0,0,2043000,157200,2751000,0,0,0,211247000,0,0,0,30672000,0,2376221100,1965000,78600,0,26095200,157200,0,0,0,11330700,0,0,942411300,0,0,0,0,10139400,1650600,314400,0,0,0,235800,0,17544000,0,0,0,0,30414600,0,0,196500,1532700,0,982500,2906400,0,0,0,3096632700,0,0,0,0,0,5973600,0,393000,0,4833900,0,0,0,0,628800,0,0,0,0,0,167153400,0,2790300,235800,39300,0,78600,838200,2908200,0,0,0,0,230847300,0,0,0,393000,0,393000,50689800,0,39300,63109200,0,718502400,0,78600,0,0,204165300,0,0,0,0,1096200,0,0,0,0,0,0
"TZA",0,0,0,4.14e+08,0,0,37963800,0,0,0,0,0,0,0,0,0,0,0,0,0,0,0,0,7506300,0,0,0,0,0,0,0,62596800,0,0,0,0,0,0,0,0,0,0,0,0,0,0,0,0,0,0,0,0,0,0,0,0,0,0,0,437380500,0,0,0,0,0,0,0,0,0,0,0,4222800,0,0,0,11685274200,22831520400,0,0,0,745200,206213400,0,0,0,90748800,0,0,0,0,0,5050800,4222800,0,0,0,0,0,0,0,0,0,0,44112279600,0,0,0,0,0,0,0,0,0,0,0,0,11580325200,0,0,0,0,4968000,0,0,0,0,0,0,0,0,0,0,0,0,0,0,0,0,0,0,0,7152600,0,0,0,0,0,5257800,0,0,0,0,0,8445600,0,120349800,5765488200,0,0,0,0,0,0,0,745200,0,1242000,0,0,0,2150700,0,1488412800,496800,0,0,39300,0,1895623200,0,0,0,0,2.07e+09,0,0,196500,510900,5404687200,0,0,0,0,0,0
"THA",0,0,0,39300,0,0,72472500,1414800,0,7124100,0,91241400,0,668100,0,0,393000,0,0,0,13134000,0,10663623600,0,0,9903300,0,0,628800,0,39300,41948593200,1532700,0,99704100,0,39300,0,0,0,0,6483900,39300,0,353700,0,1493400,0,0,78600,0,39300,314400,16623900,0,0,0,0,0,107092500,0,0,0,1689900,0,0,0,0,0,0,0,403317100,510900,0,0,97424700,2458265700,30889800,510900,3144000,84259200,8842500,0,314400,0,120626379700,2161500,0,0,2577071100,0,2237545500,8685300,707400,6516864600,510900,0,0,0,0,39300,78600,0,4385809900,32061300,0,0,0,1493400,78600,864600,0,0,0,0,6052200,45181500,0,1800900,0,4087200,22008000,0,0,3065400,5109000,510900,0,4440900,185496000,0,0,1031847900,510900,628800,0,0,0,78600,0,0,0,40636200,0,0,0,0,943200,0,0,0,0,0,362223900,0,1414800,9746400,0,0,0,31243500,2240100,0,0,834456900,0,0,99979200,0,0,6157200,0,314400,33152400,0,0,168557700,1257600,860395800,0,0,26100,0,333252300,1847100,0,0,0,58399800,0,0,0,0,0,0
"TGO",0,0,0,0,0,0,0,0,0,0,0,0,0,0,0,0,0,0,0,0,0,0,0,0,425972700,0,0,0,0,0,0,13578040800,0,0,0,0,0,0,0,0,194535000,0,0,0,0,0,0,0,0,165600000,0,0,0,1302867000,0,0,0,0,0,621786600,0,0,0,0,0,0,0,0,0,0,0,0,0,0,0,0,2359800000,0,0,0,0,11076694200,500603400,0,0,88596000,0,0,0,0,0,0,0,0,0,0,0,0,0,0,0,0,0,1450780200,0,1247211600,0,0,0,0,0,0,0,0,0,0,6111261000,0,0,0,0,0,0,3222364200,0,0,0,0,0,0,0,0,0,0,0,0,0,0,0,0,0,0,0,0,0,0,74277000,0,185731800,0,0,0,0,0,0,0,9912112200,0,0,0,57960000,4.14e+08,0,0,0,0,0,0,0,0,0,0,0,0,0,0,0,0,662400000,102730200,0,0,0,0,0,0,0,0,17995777500,0,0,0,0,0,0
"TON",0,0,0,0,0,0,0,0,0,0,29946600,0,0,0,0,0,0,0,0,0,0,0,0,0,0,0,0,0,0,0,0,0,0,0,0,0,0,0,0,0,0,0,0,0,0,0,0,0,0,0,0,0,0,0,0,0,0,0,0,0,0,0,0,0,0,0,0,0,0,0,0,0,0,0,0,0,0,0,0,0,0,0,0,0,0,0,0,0,0,0,0,0,0,0,0,0,0,0,0,0,0,0,0,0,0,0,0,0,0,0,0,0,0,0,0,0,0,0,0,0,0,0,0,0,0,0,0,0,0,0,0,0,0,0,0,0,0,0,0,0,0,0,0,0,0,0,0,0,0,0,0,0,0,0,0,0,0,0,0,0,0,0,0,0,0,0,0,0,0,0,0,0,0,0,0,0,0,0,0,0,0,0,0,0,0,0,0,0,0,0,0,0,0,0,0
"TTO",0,0,0,0,305920500,0,0,0,87167400,0,1478921400,0,0,0,0,0,0,0,17685000,0,0,0,0,0,0,43285200,0,0,0,0,0,0,1218300,0,0,0,0,0,61347300,0,0,0,39567600,142855500,0,0,0,0,0,0,0,0,0,21617100,0,0,0,0,0,0,0,0,0,0,0,783720600,0,0,1972245300,0,0,0,0,0,0,0,0,0,0,1159821600,0,0,0,0,8887144800,270342000,0,0,0,0,0,0,0,0,0,0,0,943200,0,0,0,0,0,0,0,0,182273400,0,0,0,0,0,0,0,0,0,51791400,0,0,0,0,0,14694300,0,0,78600,0,245467800,0,0,0,0,0,0,0,0,0,0,0,0,0,0,982500,90721200,816326400,490005300,0,0,0,0,0,0,0,0,0,0,0,270069600,0,0,0,475712100,0,0,29789400,0,0,0,0,0,0,0,0,0,0,0,5939700,0,1127541000,0,0,0,0,0,0,0,0,0,11426400,0,0,0,0,0,0
"OMN",0,0,0,0,0,0,0,0,0,235800,0,0,0,0,0,0,0,0,0,0,0,0,0,0,0,0,0,0,0,0,0,0,0,0,0,0,0,0,0,0,0,0,0,0,0,0,314400,0,0,0,0,0,0,78600,0,0,0,0,0,0,0,0,0,0,0,0,0,0,0,0,0,0,0,0,0,1250250900,0,282911100,83669700,0,0,0,0,0,0,0,30025200,0,39300,0,0,786000,0,0,0,0,0,0,0,0,0,0,0,0,0,0,0,0,0,0,0,0,0,0,0,0,393000,0,0,0,0,0,0,0,0,0,0,0,0,0,0,0,0,0,0,0,0,0,5507244000,0,0,0,2829600,0,0,0,0,1436297100,0,0,0,0,0,3433800,956365500,0,0,0,0,0,0,117900,0,0,0,0,0,0,0,0,0,0,79818300,1085151600,0,0,3261900,0,0,0,0,0,0,0,0,178307207700,0,0,0,0,0,0,0,0,0
"TUN",0,0,0,1788998400,0,0,0,0,0,0,0,0,0,0,0,0,0,0,0,0,0,0,0,0,19060500,36147000,0,17292000,0,79543200,0,0,0,0,0,0,0,0,0,0,0,0,0,0,0,0,0,0,157828800,0,0,0,0,25859400,0,0,0,2358000,0,1179000,0,0,0,0,0,0,0,66259800,0,0,0,0,0,0,0,0,11161200,0,0,0,0,0,0,0,0,0,108389400,0,0,0,0,0,0,0,0,9353400,0,0,4342312500,0,0,42522600,0,0,0,101787000,0,0,2122200,0,0,451753500,0,0,0,0,1139700,0,0,0,0,0,0,0,0,0,0,0,0,0,0,0,0,0,0,0,0,0,0,0,0,0,0,0,0,0,0,74709300,16527900,0,0,0,0,0,0,0,235800,0,0,0,2724600,0,0,0,0,0,0,0,0,0,0,0,0,49085700,0,0,0,0,0,178893600,0,0,0,0,0,0,0,0,0,0,0,0,0,0,0
"TUR",0,7014745800,7950240800,11406349100,23278200,1218300000,1481179800,501303300,17565600,4902039900,31675800,2144763400,0,0,1790193600,903900,11622424800,0,10794300,0,219254700,23673171600,201294600,0,4950778200,10442424000,555584100,60404100,2002701300,5189568000,6909066000,8836945500,9848383500,443657700,4974553200,78600,2872004700,20736900,9599835300,30859310400,2614992000,347094000,550200,9877544100,4473663600,3203971800,18283257600,1832991300,1026319500,329749200,0,566509500,58278600,4010228100,1729200,1078889400,11360060300,1433766900,4760828100,10607208000,9323700600,11680543200,0,4055973000,0,275100,2524592700,6689364900,365136300,687239100,1794909600,5201533800,1240848700,10114673100,157200,17310970200,3019379700,112995265500,354513750700,27443700,70412402500,4245450700,13962701100,20119313100,296322000,14385791100,10978781400,2841815100,3864326400,198975900,157200,6360621700,18207188100,409623900,0,40856930600,0,2135032500,85305367700,765878000,5187600,2240055000,657646200,4929707700,743799300,9144336900,86930100,15277649700,1242127200,4613780700,2590053600,9904904400,2548421100,3897201000,114127200,3189716100,11671627500,0,45116400,6414476300,903900,114795300,2953041300,6459268800,28564179000,628362900,5400800700,4100477700,2812188900,173246100,93612600,6975232200,1405287300,2269052400,99232200,650231400,0,22450800,18631752000,2051420700,18053046900,657200100,11138226700,196500,0,10650300,140065200,42656566400,11110512300,131254200,3910113300,16584600,1438933200,6088251600,7774550100,50048313900,2687036400,268419000,6193996500,0,3293378700,478128600,44496001100,9885520100,2216562300,6886030800,1138140600,2356231500,0,947523000,37245024900,5085315500,0,76027331500,2112047400,78600,13073434200,15101161700,73496383300,4811943300,387812400,8259510600,44564114400,3141576300,5359694400,56602761600,4148295900,383069100,18033220500,264292500,8968745100,358926900,6503921700,713963100,15016746900
"ARE",101983500,2212621800,10846800,97839900,0,0,270777000,29475000,0,25124216200,0,1819557900,0,8135100,0,0,24090900,0,78600,0,126570600,31754400,0,53183400,296464800,702801900,42601200,15248400,2344158600,204045600,7977900,1668560100,0,401135100,78993000,0,0,39300,7152600,1101795300,126966600,0,0,0,0,0,10948267500,0,396458400,0,0,64098300,393000,2593377000,0,1595745900,113301900,43701600,183459900,3062020200,3772800,1764255600,0,48692700,0,0,0,205499400,0,0,0,93693300,943200,56120400,3576300,24327873100,402476400,42877748200,17667323400,8095800,152641200,3217333800,238944000,114520200,0,186552000,54261306000,5423400,1084228800,40950600,0,828444000,68941546200,0,589500,3439716600,0,249839400,3966547200,12340200,0,29568900,196500,862618200,1060153500,66574200,1650600,303110700,272702700,8213700,0,6292244400,116640600,0,48378300,11672100,4453047900,0,0,58085400,0,108035700,0,42724200,699681300,0,4661193800,0,6170100,0,0,0,238551000,2594304900,159785100,0,0,100818000,1093302400,235800,43387200,146870400,402707100,0,0,0,0,164602366900,1263748200,896039400,17315700,0,3694200,529331700,2905717800,2767524900,732310800,0,2347583700,13283400,72980100,501991200,237234600,250731900,140694000,3708518400,8163120300,25898700,30162900,5895000,130744836500,1522442700,4033660500,0,514290900,0,2365584000,285082200,2596258500,17808600,0,97424700,2436600,70936500,1276446900,15086639900,203871000,13963200,292667100,11043300,0,0,3131063400,3179777700,10791937200
"UGA",206627400,0,0,0,0,0,0,0,0,0,0,0,0,0,0,0,0,0,0,0,0,414786600,0,55648800,0,25723800,0,0,0,0,0,229190400,0,0,0,0,0,0,0,0,0,1198500,0,0,0,0,0,0,0,132397200,0,0,0,52200,0,0,0,0,0,132747600,0,0,0,0,0,0,0,0,0,0,0,0,0,0,0,47990134800,84058146000,0,0,209400,0,19183559400,0,0,0,29855100,0,0,41812200,0,0,0,0,0,0,0,0,0,0,0,0,0,0,81113364000,0,0,0,0,0,0,0,0,0,0,0,0,39198974100,0,0,0,0,0,0,103707000,0,4465800,0,0,10722600,0,0,0,0,0,0,0,0,0,0,0,0,0,3063600,0,0,0,0,0,0,0,0,0,0,9847735200,0,239250600,27216649800,0,0,0,0,1864086300,0,0,0,0,0,0,0,0,0,0,6788358000,393000,0,0,1729200,0,710092800,0,0,0,0,0,0,0,141676500,0,3311379000,157200,0,0,0,64334100,0
"TUV",0,0,0,0,0,0,0,0,0,0,0,0,0,0,0,0,0,0,0,0,0,0,0,0,0,0,0,0,0,0,0,0,0,0,0,0,0,0,0,0,0,0,0,0,0,0,0,0,0,0,0,0,0,0,0,0,0,0,0,0,0,0,0,0,0,0,0,0,0,0,0,0,0,0,0,0,0,0,0,0,0,0,0,0,0,0,0,0,0,0,0,0,0,0,0,0,0,0,0,0,0,0,0,0,0,0,0,0,0,0,0,0,0,0,0,0,0,0,0,0,0,0,0,0,0,0,0,0,0,0,0,0,0,0,0,0,0,0,0,0,0,0,0,0,0,0,0,0,0,0,0,0,0,0,0,0,0,0,0,0,0,0,0,0,0,0,0,0,0,0,0,0,0,0,0,0,0,0,0,0,0,0,0,0,0,0,0,0,0,0,0,0,0,0,0
"GBR",12261600,289837500,10846800,32972700,56120400,84652200,29529696100,7874379200,563830200,1749369900,699672900,598303200,0,0,189661800,0,316561500,0,188797200,0,814413900,9758485000,2436600,0,0,50004655500,0,53841000,372917700,0,4665605100,6546923400,150872700,0,0,0,47435100,0,5905408100,42679800,0,6880165800,30339600,27549300,14108700,0,6209810700,0,2868900,524697000,1356449700,0,2333693200,48642782900,0,196500,6602400,0,183216600,72871473300,41697300,503118600,0,5296318000,0,56906400,46767000,0,1082241000,0,0,13773454400,33790749200,934428400,4692620400,4903618200,269534100,22165200,1413070800,481760843300,20313656700,8840669100,68382000,9982200,424319700,2953073700,12657702600,0,573091200,22754700,0,5164557300,7632460200,140918400,75849000,1015628400,0,54784200,7889042700,14541486400,7624200,0,0,2214999600,55059300,16820400,6114851800,0,26291700,254742600,2790300,346847400,0,2161500,0,12576000,186323601100,0,510900,11790000,0,4540392600,0,0,677925000,5480195100,384039600,148278900,5777116000,0,47670900,107642100,1571512200,212135360400,3090200300,0,0,0,7001924300,0,3337934300,22479600,1127595600,35566500,100003200,57060900,0,53676291600,39300,33994500,127220400,229777600,8553363800,14600334900,40400400,10631409300,27016152200,29935500,0,0,15679269000,2339004300,1100400,0,1123547700,466718400,836975100,0,0,2118218700,1117112400,55782300,2635153500,26100742500,22129500,0,0,604821600,31665501200,0,231830700,1965000,21732900,413711100,6838200,55334400,8960400,16623900,81185437200,385394700,755896200,0,232773900,1886400,1417453200
"UKR",15418155300,891324000,65591700,136135200,196500,0,33444300,58425900,78600,291448800,0,0,0,0,0,0,0,0,275100,0,0,27652275300,0,0,0,462120900,0,0,196500,0,440788800,5263056000,0,78600,0,78600,0,0,9396900,25958367900,0,5454132600,0,0,29858508600,0,974158500,0,0,2749977000,0,0,1621007100,1454100,0,0,31631318400,0,22636800,7897071600,326229300,0,0,12519584400,0,0,0,0,0,0,0,34623300,19911531900,273803100,0,0,0,2248943400,10703065500,0,7792801800,452657400,0,35132337000,0,117389100,2931308400,4869152100,0,0,0,109136100,857997600,8908170300,0,51483000,0,1414800,2759095800,16058829300,0,9078300,0,0,2711700,0,1886400,0,0,0,11877246000,239887200,0,26420785500,0,0,1466200200,0,0,2820600300,0,35370000,0,0,393000,79490700,0,6523800,3154689600,0,0,69364500,0,29990672400,0,0,0,0,151855200,0,49385048100,0,67916837600,0,0,0,0,2774638200,0,78600,0,0,1090653600,51836700,0,1254259500,561586500,0,5562211200,0,1869614700,5272797900,22911900,4320917100,314400,2200800,0,261900,0,0,289798200,38238900,9131931600,3126708000,0,0,12864803700,0,4523861100,0,0,15453018300,0,409702500,117900,11008087200,0,0,210372900,0,2688277200,372131700,0,0,1458973200
"USA",11672100,0,0,278204700,233034300,5978203200,46806676500,70229100,3558656700,818074800,2718623400,78993000,0,0,2313826800,0,13606241100,0,4549819200,0,314793000,78993000,39653700,0,18372000,1699989244500,0,0,191600100,0,26304829800,29657829900,28653454200,0,0,76045500,15695249100,54234000,73687500,72665700,0,295064400,94634400,18292600500,344464500,6589822800,847063800,14514436900,0,542045000,0,118803900,3555000,2290458000,1192943400,14383800,4165800,0,0,4310851500,0,70032600,1847100,128471700,0,66336600,21295491300,0,1025766600,283820700,5822790000,29345011800,432300,0,1625212200,3972125400,13148814700,0,168518400,1951677300,10322427600,514756100,0,103241100,3826871400,39346884600,6766164900,0,102730200,458552400,0,90922577400,5796971400,110393700,0,753733800,0,6209400,177793200,510428400,0,0,0,8974506900,8960400,0,0,0,22243800,467095175600,209508300,316600800,0,4598100,0,137353500,23769619900,0,41029200,0,0,8792386200,4206959700,0,516588000,443854200,510271200,18511307100,473565000,2593800,223910700,11938729200,45120112200,0,635435100,0,0,0,1534728300,0,5266200,3576300,9267503700,169186500,747503700,289405200,0,30071775000,903900,3537000,141480000,0,0,30562969200,5698500,2967605100,842472000,4676700,0,8528100,763992000,307748700,0,0,33428775000,17960100,9849564400,0,40832700,10070955900,844900500,28492500,104697000,24533542500,51207900,0,44262910200,1026066800,0,0,1624230000,24483900,3027239700,25610867700,0,28767600,20671800,1611300,15050115600,2829600,3419100,0,0,0,1800900
"BFA",0,0,0,0,0,0,0,0,0,0,0,0,0,0,0,0,0,0,0,0,0,0,0,0,0,0,0,0,0,0,0,0,0,0,0,0,0,0,0,0,0,0,0,0,0,0,0,0,0,0,0,0,0,0,0,0,0,0,0,0,0,0,0,0,0,0,0,0,0,0,0,0,0,0,0,0,0,0,0,0,0,0,353700,0,0,0,0,0,0,0,0,0,0,0,0,0,0,0,0,0,0,0,0,0,0,79857600,0,0,0,0,0,0,0,0,0,0,0,0,0,0,0,0,0,78600,0,0,0,0,0,0,0,0,0,0,0,0,0,0,0,0,0,0,0,0,0,0,0,0,0,0,0,0,0,0,0,0,0,0,0,0,0,0,0,0,0,0,0,353700,0,0,0,0,0,0,0,0,0,0,0,0,0,0,0,0,0,0,0,0,0,0,0,0,0,0,0
"URY",0,0,0,0,0,13599746400,0,0,0,0,0,0,0,0,47160000,0,26269824600,0,0,0,0,0,0,0,0,0,0,0,0,0,360577500,0,652500,0,0,0,0,0,0,0,0,0,0,0,0,0,271440000,0,0,1715370300,0,0,0,434304300,0,0,0,83001600,0,786000,0,0,0,0,0,0,0,374371800,0,0,0,0,0,0,0,0,0,0,0,0,0,0,0,0,0,0,0,0,0,0,0,0,0,0,0,0,0,0,0,0,0,327840600,0,0,0,125760000,0,0,0,1381425300,0,0,0,0,0,0,0,0,0,0,0,0,0,0,0,0,0,0,0,0,239887500,0,0,0,0,0,0,0,0,0,0,0,0,0,0,0,0,0,0,0,0,0,0,0,0,0,39150000,0,0,0,0,0,0,0,0,0,0,0,0,0,0,0,0,0,0,0,668100,0,1296900,259380000,0,0,0,0,0,0,0,0,0,0,0,0,0,0,0
"UZB",0,0,0,0,0,0,0,0,0,0,0,0,0,0,0,0,0,0,0,0,0,0,0,0,0,0,0,0,0,0,0,0,0,0,0,0,0,0,0,0,0,0,0,0,0,0,0,0,0,0,0,0,0,0,0,0,0,0,0,0,0,0,0,0,0,0,0,0,0,0,0,0,0,0,0,0,0,0,0,0,0,0,0,0,0,0,0,0,0,0,0,0,0,0,0,0,0,0,0,0,0,0,0,0,0,0,0,0,0,0,0,0,0,0,0,0,0,0,0,0,0,0,0,0,0,0,0,0,0,0,0,0,0,0,0,0,0,0,0,0,0,0,0,0,0,0,0,0,0,0,0,0,0,0,0,0,0,0,0,0,0,0,0,0,0,0,0,0,0,0,0,0,0,0,0,0,0,0,0,0,0,0,0,0,0,0,0,0,0,0,0,0,0,0,0
"VEN",0,0,0,0,0,0,471600,0,0,0,0,0,0,0,438480000,0,0,0,0,0,0,0,0,0,0,817412400,0,0,0,0,712495800,3798600,0,0,0,0,0,589811200,0,0,0,0,0,9274800,0,45352200,0,39300,0,2929960800,0,0,0,1098217800,0,0,0,0,0,3207198600,0,0,0,0,0,0,0,0,0,0,0,0,0,0,0,0,17965530000,0,0,0,0,696679200,0,0,0,11373697800,0,0,0,0,0,39033000,0,0,0,0,0,0,0,0,0,0,0,6323767200,0,0,0,0,0,0,0,0,0,0,0,0,3669202700,0,0,0,0,39300,0,0,0,0,0,223813500,0,0,0,472023600,0,0,0,0,0,0,0,0,0,0,22117000,0,0,0,0,910800,0,0,0,0,0,0,0,0,1489660100,0,0,0,0,1625444700,0,0,2194200,0,0,0,0,393000,0,0,991200,0,0,0,105073200,18133200,17796343500,0,0,0,0,0,0,0,0,0,293949000,0,0,0,0,0,0
"VNM",1218300,0,0,0,0,0,1012954000,0,0,0,0,0,0,0,0,0,18353100,0,0,0,746700,0,1441449300,0,0,198729600,0,0,78600,0,18051600,9977501000,0,0,0,0,0,0,0,0,0,39300,0,7938600,510900,0,0,0,0,414000,0,0,0,294181800,0,0,0,0,0,15095700,0,0,0,0,0,0,0,0,78600000,0,0,278329800,117900,0,864600,235800,56240400,0,0,674400,26763300,6641700,0,783000,0,10639207300,4323000,0,0,855285900,0,1752436500,0,0,419920500,28964100,0,0,0,0,3890700,0,0,10548657000,4873200,0,39300,0,0,35055600,0,0,0,0,0,78600,3329284800,0,0,0,0,142776900,0,0,0,34701900,0,0,457500,0,0,0,442807200,0,39300,0,0,0,0,0,0,0,73336800,0,0,0,0,134799000,0,0,0,0,0,512272200,0,0,159300,0,0,0,2172000,40602600,0,0,613104300,0,560814600,0,0,0,0,0,1807800,173615400,0,0,22440300,554400,2122253100,0,0,0,0,0,0,0,0,0,7354963500,0,0,196500,0,0,0
"ETH",0,0,0,0,0,0,0,0,0,0,0,0,0,0,0,0,0,0,0,0,0,0,0,0,0,124200,0,0,0,0,0,0,0,0,0,0,0,0,0,0,0,0,0,0,0,0,0,0,0,0,0,0,0,0,0,130500,0,0,0,0,0,0,0,0,0,0,0,0,0,0,0,0,0,0,0,0,0,0,0,0,0,0,0,0,0,0,0,0,0,0,0,0,0,0,0,0,0,0,0,0,0,0,0,0,0,0,0,0,0,0,0,0,0,0,0,0,0,0,0,0,0,0,0,0,0,0,0,0,0,0,0,0,0,0,0,0,0,0,0,0,0,0,0,0,0,0,0,0,0,0,0,0,0,0,0,0,0,0,0,0,0,0,0,0,0,0,0,0,0,0,0,0,0,0,0,0,39300,0,0,0,0,0,0,0,0,0,0,0,0,0,0,0,39300,0,0
"YEM",0,0,0,0,0,0,0,0,0,6288000,0,0,0,0,0,0,0,0,0,0,0,0,0,0,0,2043600,0,0,0,0,0,0,0,0,0,0,0,0,0,0,0,0,0,0,0,0,0,0,0,0,0,0,0,0,0,0,0,0,0,0,0,0,0,0,0,0,0,0,0,0,0,0,0,0,0,0,0,0,0,0,0,0,0,0,0,0,0,0,0,0,0,0,0,0,0,0,0,0,0,0,0,0,0,0,0,0,0,0,0,0,0,0,0,0,0,0,0,0,0,0,0,0,0,0,0,0,0,0,0,0,0,0,0,0,0,0,0,0,0,0,0,0,0,0,0,0,0,0,0,0,0,0,0,0,0,0,0,0,0,0,0,0,0,0,0,0,0,0,0,0,1847100,0,200823000,1493400,0,0,0,0,22086600,0,0,0,0,0,104852400,0,0,0,0,0,0,0,0,0,0
"COD",0,0,0,0,0,0,0,0,0,0,0,0,0,0,0,0,0,0,0,0,0,927070200,0,786000,0,621039300,0,0,0,0,0,0,0,0,13912200,0,0,0,0,0,0,0,0,0,0,0,0,0,0,0,0,0,0,0,0,0,0,0,0,80481600,0,0,0,0,0,0,0,0,0,0,0,0,0,0,0,52212313800,41413537800,0,0,0,0,0,0,0,0,0,0,0,0,0,0,0,0,0,0,0,0,0,0,0,0,0,0,11212527600,0,0,0,0,0,0,0,0,0,0,0,0,27155874600,0,0,0,0,0,0,0,0,0,0,0,0,0,0,0,0,0,0,0,0,0,0,0,0,39300,0,0,0,0,0,0,0,0,0,0,0,6570180000,0,0,10698463800,0,0,0,26100,18735723900,0,0,0,0,0,0,0,0,0,0,3721984200,289800,13718345400,0,3318375600,0,42842376000,0,0,0,0,0,0,0,0,0,49830214200,0,0,0,0,0,0
"ZMB",0,0,0,0,0,0,0,0,0,0,0,0,0,0,0,44409000,0,0,0,0,0,0,0,0,0,0,0,0,0,0,0,0,0,0,0,0,0,0,0,0,0,0,0,0,0,0,0,0,0,0,0,0,0,0,0,0,0,0,0,0,0,0,0,0,0,0,0,0,0,0,0,0,0,0,0,0,0,0,0,0,0,0,0,0,0,0,0,0,0,0,0,0,0,0,0,0,0,0,0,0,0,0,3372843900,0,0,0,0,0,0,0,0,0,896629500,0,0,0,0,0,0,0,0,0,0,0,0,0,0,0,0,0,0,0,0,0,0,0,0,0,0,19714491300,0,41736600,0,0,0,0,0,0,0,0,0,0,0,0,0,4003333800,0,0,0,0,0,0,0,0,0,2437268100,0,0,0,0,0,0,0,17527800,0,0,0,0,0,0,0,0,0,0,5698500,0,9715117200,0,0,0,0,0,0,0,0
"BEL",691797000,1375500,1581709000,3181021900,0,1445274000,31225707900,107308834400,157200,1715801100,1807800,167850300,0,0,0,25073400,20983098100,0,0,0,30654000,7936568400,159072300,298876500,227890800,163069407500,12969000,68421300,20924400,15484200,15134507900,117784680200,442007100,0,18512100,0,417642900,0,1143842400,1097938500,196500,36216650900,12733200,278396100,2260136000,1462313700,5774257900,84180600,3301200,17908672500,228671700,0,8372229500,1225736034300,73977300,1522167600,5878266900,160835400,31361400,2107802842900,6564260100,722866500,0,38793946600,0,0,162702000,65276400,1493400,0,13912200,6177183000,30710386300,16058534700,2107843400,4328839400,6632606900,933713400,593135700,60822066100,26463331800,202356842200,1494131400,241251300,0,72300703500,3878366400,1257313200,388833300,21159900,0,43887437800,21791778900,4882452800,0,7780065800,0,21615000,1804931100,16013276700,314400,79455600,15248400,4972718100,1230461100,46295400,837262300,97739100,303613000,6195433800,4546145400,16142835900,0,507143700,141845100,19688700,1197999729300,0,117924500,2627336100,0,8884342000,8803200,33640800,133291200,49833811100,2102550000,322641000,50034333800,0,199928100,734281200,3594306300,278075963200,20231906000,0,0,0,4049371200,127993000,30830847600,417182100,73363280000,0,27657300,0,0,43430031800,691928500,139384800,10385400,3226390000,64123731800,4489493700,0,31135577400,182556736100,69325200,0,0,77010312200,30689544200,209763800,0,7280680800,6891900,7306611500,34898400,0,0,784296600,801217900,30176765200,20757535500,26645400,0,619215056300,16005632500,170051290600,12497400,1114195700,292023000,400584900,4057751300,30479400,280877100,10597475400,97898700,0,39188627400,8092457800,259129300,786000,0,117110700
"LUX",0,0,39300,471600,0,0,275100,4553700,0,157200,0,0,0,0,0,0,275100,0,0,0,0,0,0,0,39300,3104700,39300,0,0,0,39300,589500,0,0,0,0,0,0,2947500,33320200,0,78600,0,39300,48928500,0,393000,0,0,0,0,0,0,2800179900,275100,0,39300,0,0,335562600,0,746700,0,53801700,0,0,0,0,0,0,0,275100,8352000,471600,39300,196500,39300,0,157200,9156900,393000,5241600,196500,733888200,0,134956200,275100,0,196500,0,0,78600,10218000,56670600,0,432300,0,0,0,0,0,275100,0,381092100,0,0,0,0,432300,78600,0,196500,0,0,0,0,266611200,0,2436600,78600,0,39300,0,1493400,4755300,34308900,157200,0,0,0,0,353700,5069700,1139700,432300,0,0,0,78600,0,8960400,0,982500,0,0,0,0,393000,235800,0,0,157200,0,235800,0,2593800,1493400,0,0,0,78600,39378600,0,0,78600,0,78600,0,0,0,78600,196500,3930000,2397300,0,0,4875300,41579400,4244400,0,0,0,0,117900,39300,0,0,0,903226500,0,0,0,0,0,39300
"SRB",0,0,1137514400,0,0,0,593901600,2584950000,0,0,0,0,0,0,0,0,0,0,0,0,0,4346069100,0,0,0,449183400,0,0,0,0,102455100,2845800,0,0,0,0,0,0,330552300,0,0,5754300,0,0,102573000,0,0,0,0,2515200,0,0,0,2543181600,0,0,0,0,0,2767396200,46613961000,0,0,654345000,0,0,0,0,0,0,0,267600,6960876300,11350157100,4480200,0,0,0,106699500,471600,232420200,821370000,0,0,0,0,53701500,0,0,0,0,0,0,0,0,0,0,0,1047305700,39850200,0,0,0,0,0,0,68146200,0,0,0,5619900,0,0,0,0,0,2115729300,0,0,34830613800,0,1768500,0,0,0,0,0,0,318526500,0,0,0,0,2929359900,0,0,0,0,0,0,8759577000,0,5849480100,0,0,0,0,0,0,0,0,3595124700,458776800,0,0,0,580264500,0,0,0,847818900,1353184200,0,0,0,0,0,0,0,0,0,0,817872300,86931600,0,0,1909573800,664628400,2121165300,0,7506300,0,0,0,0,5737800,0,0,803292000,2016900,0,18297843000,0,0,0
"MNE",0,0,667824900,0,0,0,0,83355300,0,0,0,0,0,0,0,0,0,0,0,0,0,0,0,0,0,0,0,0,0,0,0,10493100,0,0,0,0,0,0,0,0,0,39300,0,0,0,87717600,0,0,0,39300,0,0,0,0,0,0,0,0,0,64648500,844092900,0,0,0,0,0,0,0,0,0,0,0,39300,815239200,0,0,0,0,0,0,0,157200,0,0,0,0,0,0,0,0,0,0,0,0,0,0,0,0,33483600,0,0,0,0,0,0,0,0,0,0,0,0,0,0,0,0,0,0,0,0,380738400,0,0,0,0,0,0,39300,157200,0,0,0,0,0,0,0,0,0,0,0,0,0,0,3930000,0,0,0,0,0,0,0,39300,4598100,0,0,0,0,0,0,0,0,0,0,0,0,0,0,0,0,0,0,0,0,0,0,0,0,0,0,57849600,0,0,0,0,0,0,0,0,0,0,4794600,5412239100,0,0,0,0
"SDN",0,0,0,0,0,0,0,0,0,0,0,0,0,0,0,0,0,0,0,0,0,0,0,0,0,0,0,0,0,0,0,0,0,0,0,0,0,0,0,0,0,0,0,0,0,0,0,0,0,0,0,0,0,0,0,0,0,0,0,0,0,0,0,0,0,0,0,0,0,0,0,0,0,0,0,0,0,0,0,0,0,0,0,0,0,0,0,0,0,0,0,0,0,0,0,0,0,0,0,0,0,0,0,0,0,0,0,0,0,0,0,0,0,0,0,0,0,0,0,0,0,0,0,0,0,0,0,0,0,0,0,0,0,0,0,0,0,0,0,0,0,0,0,0,0,0,0,0,0,0,0,0,0,0,0,0,0,0,0,0,0,0,0,0,0,0,0,0,0,0,0,0,0,0,0,0,0,0,0,0,0,0,0,0,0,0,0,0,0,0,0,0,0,0,0
"SSD",0,0,0,0,0,0,0,0,0,0,0,0,0,0,0,0,0,0,0,0,0,0,0,0,0,0,0,0,0,0,0,0,0,0,0,0,0,0,0,0,0,0,0,0,0,0,0,0,0,0,0,0,0,0,0,0,0,0,0,0,0,0,0,0,0,0,0,0,0,0,0,0,0,0,0,0,0,0,0,0,0,0,0,0,0,0,0,0,0,0,0,0,0,0,0,0,0,0,0,0,0,0,0,0,0,0,0,0,0,0,0,0,0,0,0,0,0,0,0,0,0,0,0,0,0,0,0,0,0,0,0,0,0,0,0,0,0,0,0,0,0,0,0,0,0,0,0,0,0,0,0,0,0,0,0,0,0,0,0,0,0,0,0,0,0,0,0,0,0,0,0,0,0,0,0,0,0,0,0,0,0,0,0,0,0,0,0,0,0,0,0,0,0,0,0
"PSE",0,0,0,0,0,0,0,0,0,0,0,0,0,0,0,0,0,0,0,0,0,0,0,0,0,0,0,0,0,0,0,0,0,0,0,0,0,0,0,0,0,0,0,0,0,0,0,0,0,0,0,0,0,0,0,0,0,0,0,0,0,0,0,0,0,0,0,0,0,0,0,0,0,0,0,0,0,0,0,0,0,0,0,0,0,0,0,0,0,0,0,0,0,0,0,0,0,0,0,0,0,0,0,0,0,0,0,0,0,0,0,0,0,0,0,0,0,0,0,0,0,0,0,0,0,0,0,0,0,0,0,0,0,0,0,0,0,0,0,0,0,0,0,0,0,0,0,0,0,0,0,0,0,0,0,0,0,0,0,0,0,0,0,0,0,0,0,0,0,0,0,0,0,0,0,0,0,0,0,0,0,0,0,0,0,0,0,0,0,0,0,0,0,0,0
