"","1","2","3","4","8","9","10","11","12","13","14","16","17","18","19","20","21","22","23","25","26","27","28","29","32","33","35","37","38","39","40","41","44","45","46","47","48","49","50","52","53","54","55","56","57","58","59","60","61","63","64","66","67","68","70","72","73","74","75","79","80","81","83","84","85","86","89","90","91","93","95","96","97","98","99","100","101","102","103","104","105","106","107","108","109","110","112","113","114","115","116","117","118","119","120","121","122","123","124","126","128","129","130","131","132","133","134","136","137","138","141","143","144","146","147","149","150","151","153","154","155","156","157","158","159","162","165","166","167","168","169","170","171","173","174","175","176","178","179","181","183","184","185","188","189","191","193","194","195","196","197","198","199","200","201","202","203","207","208","209","210","211","212","213","214","215","216","217","219","220","221","222","223","225","226","227","229","230","231","233","234","235","236","237","238","249","250","251","255","256","272","273","276","277","299"
"Armenia",0,0,0,0,0,0,0,222700,0,0,0,0,0,0,0,0,0,0,0,0,0,12143700,0,0,0,2462800,0,0,0,0,0,31191100,0,0,0,0,0,0,0,0,0,0,0,0,115018000,0,0,0,0,36171400,0,0,0,17476100,0,0,996578100,0,0,42665700,0,0,0,0,0,0,0,0,0,0,0,707400,0,0,0,0,0,766795400,10126300,0,45548700,0,0,20174000,0,54194700,0,0,0,0,0,15327000,0,208119700,0,746700,0,0,0,589500,0,0,0,0,0,0,0,0,0,0,12471200,0,0,97542600,0,0,13100,0,0,0,0,0,0,0,0,0,0,0,0,0,0,0,0,26200,0,0,0,0,0,0,0,0,11549569600,0,0,0,0,17056200,0,0,0,0,0,0,0,0,2266300,0,22558200,0,0,39300,0,127201000,0,0,0,0,0,0,0,0,0,8161300,0,0,63456400,607957900,66781400,0,0,61334200,0,240018200,0,0,0,0,14082500,0,1061100,0,0,0,6851300
"Afghanistan",0,0,0,0,0,0,0,0,0,0,0,0,0,0,0,0,0,0,0,0,0,0,0,0,0,183400,0,0,26200,0,0,0,0,0,0,0,0,0,0,0,0,0,0,0,0,0,0,0,0,0,0,0,0,0,0,0,0,0,0,0,0,0,0,0,0,0,0,0,0,0,0,0,0,0,0,0,26200,0,0,0,0,0,0,0,0,0,0,0,52400,0,0,13100,0,0,0,0,0,0,0,0,0,0,0,0,0,0,0,0,0,0,0,0,0,0,0,0,1349300,0,0,0,0,0,0,0,0,0,0,0,0,0,0,0,0,0,0,0,0,0,0,0,0,0,0,0,0,0,0,0,0,0,0,0,0,0,0,0,0,0,0,0,17400,1179000,0,0,0,0,0,0,0,0,0,0,1978100,550200,0,0,0,0,0,0,0,0,0,0,0,0,0,0,0,0,0,0,0,0,0
"Albania",0,0,0,0,0,0,0,0,0,0,0,0,0,0,0,0,0,0,0,0,0,5567500,0,0,0,96600,0,0,0,0,0,0,4362300,0,0,0,0,0,0,0,0,0,0,0,0,0,0,0,0,0,0,0,0,217735100,0,0,0,0,0,0,0,0,0,0,0,0,0,0,0,0,0,0,0,0,0,52373800,0,0,0,0,0,0,0,0,0,0,0,0,0,0,0,0,0,0,0,0,0,0,0,0,0,0,0,0,0,0,0,0,0,0,0,0,0,0,0,0,39797800,0,0,6405900,0,0,0,0,0,91700,2554500,0,0,0,0,0,0,0,0,0,0,0,0,0,956300,0,0,0,0,0,0,0,0,0,0,0,0,0,0,0,0,0,0,0,0,104800,0,0,0,0,0,0,0,0,0,0,0,0,0,0,589500,0,6072300,0,0,0,0,0,0,0,0,0,0,0,1558900,0,0,0,0
"Algeria",0,0,0,0,0,0,0,0,0,17305100,0,0,0,0,0,0,0,0,0,0,0,379200000,0,0,0,47174400,0,0,0,0,0,0,0,0,0,0,0,0,0,0,0,0,0,0,0,0,0,0,0,0,0,0,0,83518400,0,0,0,0,0,8070824200,0,0,0,0,0,0,0,0,0,0,0,0,183400,0,0,0,0,0,0,0,0,43072800,0,0,0,0,592473700,0,12576000,0,0,13100,0,0,0,137451700,0,0,135034800,0,0,1716100,0,0,0,0,0,22780900,0,0,0,448098600,4480200,0,0,0,1259126666.66667,0,0,0,0,0,0,977300,0,0,0,0,0,0,0,0,0,0,0,0,0,0,0,0,0,0,7110000,0,0,0,0,9694000,31571000,0,0,0,0,0,0,0,130620100,0,0,0,21800,13100,0,0,0,0,0,0,0,0,135349200,26632300,651408600,4624300,0,0,995400000,0,0,16086800,0,0,0,0,0,0,0,0,0,0,0,0,0,0,0
"Antigua and Barbuda",0,0,0,0,0,0,0,0,0,0,0,0,0,0,0,0,0,0,0,0,0,0,0,0,0,0,0,0,0,0,0,0,0,0,0,0,0,0,0,0,0,0,0,0,0,0,0,0,0,0,0,0,0,0,0,0,0,0,0,0,0,0,0,0,0,0,0,0,0,0,0,0,0,0,0,0,0,0,0,0,0,0,0,0,0,0,0,0,0,0,0,0,0,0,0,0,0,0,0,0,0,0,0,0,0,0,0,0,0,0,0,0,0,0,0,0,0,0,0,0,0,0,0,0,0,0,0,0,0,0,0,0,0,0,0,0,0,0,0,0,0,0,0,0,0,890800,0,0,0,0,0,0,0,0,0,0,0,0,0,0,0,0,0,0,0,0,0,0,0,0,0,0,0,0,0,0,0,0,6759600,0,0,0,0,0,0,0,0,0,0,0,0,0,0,0,0
"Argentina",0,0,0,0,0,0,506839000,0,0,0,0,0,0,0,3792733900,0,7815001500,0,0,0,0,0,0,0,0,377358600,0,0,0,0,6984296100,0,242887100,0,0,0,0,64569900,0,0,0,0,0,0,0,0,0,0,0,0,0,0,0,0,0,0,0,0,0,0,0,0,0,0,0,0,0,0,0,0,0,0,0,0,0,0,0,0,0,0,611848600,0,0,0,0,0,0,0,0,0,0,0,0,0,0,0,0,0,0,0,0,0,0,0,0,0,0,0,0,0,0,0,0,0,0,0,0,0,0,0,0,0,0,0,0,0,0,0,0,0,4164909200,460923500,0,0,0,0,0,0,0,0,0,0,0,0,0,0,0,0,0,0,0,0,0,0,0,0,130292600,0,0,0,0,0,0,0,0,0,0,0,0,0,0,0,0,0,0,0,0,0,521327600,0,7969882800,0,0,0,0,0,0,0,0,0,0,0,0,0,0
"Australia",0,0,0,0,16257100,0,0,0,0,32514200,0,10986000,0,0,0,0,0,0,0,17669300,180373900,0,71119900,13100,0,280611900,0,0,12743800,0,4388500,4693619200,21628100,0,0,28597300,0,0,0,0,0,91700,0,0,0,0,148383700,0,0,52400,0,1951370400,0,17617500,691029100,0,0,0,0,26977400,0,0,13034500,838400,0,0,0,0,0,0,0,7369588200,0,0,0,45457000,6418707000,0,0,288200,6929900,4886300,0,0,0,29656948700,20697900,0,130600,10899200,0,4189563400,178592300,0,0,24929300,0,0,0,0,733600,0,0,26535858300,4925600,0,0,0,759800,0,157200,16322600,0,0,0,0,864600,0,559332200,0,86834400,89969660433.3333,0,0,0,0,7395041700,0,0,897709733.333333,0,117900,10374964200,0,0,0,35457200,0,31086300,0,21339900,0,235800,0,0,0,0,225134100,0,0,0,0,0,9543983500,0,57139700,0,0,0,0,3877600,0,0,0,1054929900,0,5184540600,0,2305600,22296200,786000,0,19846500,657004300,0,0,2463305900,0,721086900,0,0,0,0,1434454100,0,0,0,0,0,0,0,0,0,0,0
"Austria",15772400,0,36837200,52400,0,85359500,422514300,0,13100,366800,0,0,0,13100,0,0,1134970900,0,0,0,0,5211635100,0,0,0,192596200,0,0,0,0,225267600,385875700,13100,0,13100,0,0,0,86782000,40505200,0,385919333.333333,0,13100,128495600,0,52400,0,0,91481900,0,26200,529985833.333333,16374760466.6667,0,0,30876700,0,0,140209114766.667,385176200,26200,0,4197481600,0,0,13100,0,39300,0,0,2238800,20209645900,32383639566.6667,78508300,78600,39300,49531100,13676400,318603200,1088701700,15468366433.3333,0,3039200,0,47560300,3091600,16610800,13100,26200,0,12523600,23959900,27935500,0,6667900,0,0,124685800,3184833833.33333,0,1794700,0,5908100,16244000,0,54691400,0,0,42732200,1034900,6746500,0,20946900,419200,0,8341571700,0,0,74261400,0,22165200,0,0,890800,1457273400,117900,0,31913033200,0,37793500,52400,10322800,32736806466.6667,3332957800,0,0,0,681200,0,15516130533.3333,0,17276961200,0,0,0,0,46649100,0,13100,13100,7330246333.33333,10567823166.6667,4139600,0,197246700,27665615366.6667,0,0,0,8225459833.33333,5976422366.66667,0,8934200,6012900,0,52400,0,0,0,13100,52400,1200628100,30680200,13100,0,15786295966.6667,11842727500,11476307400,0,224772800,4833900,13100,39300,0,131000,144000,26200,9596165333.33333,60335900,1404723966.66667,113301900,0,0,327500
"Bahamas",0,0,0,0,0,0,0,0,0,0,0,0,0,0,0,0,0,0,0,0,0,0,0,0,0,0,0,0,0,0,0,0,0,0,0,0,0,0,0,0,0,0,0,0,0,0,0,0,0,0,0,0,0,0,0,0,0,0,0,0,0,0,0,0,0,0,0,0,0,0,0,0,0,0,0,0,0,0,0,0,0,0,0,0,0,0,0,0,0,0,0,0,0,0,0,0,0,0,0,0,0,0,0,0,0,0,0,0,0,0,0,0,0,0,0,0,0,0,0,0,0,0,0,0,0,0,0,0,0,0,0,0,0,0,0,0,0,0,0,0,0,0,0,0,0,0,0,0,0,0,0,0,0,0,0,0,0,0,0,0,0,0,0,0,0,0,0,0,0,0,0,0,0,0,0,0,0,0,0,0,0,0,0,0,0,0,0,0,0,0,0,0,0,0,0
"Bahrain",0,52400,0,0,0,0,0,13100,0,0,0,0,0,0,0,0,0,0,0,0,0,0,0,0,0,0,0,0,13100,0,0,0,0,0,0,0,0,0,0,0,0,0,0,0,0,0,0,0,0,0,0,0,0,222700,0,0,0,0,0,104800,0,0,0,65500,0,0,0,0,0,0,0,0,0,0,0,0,0,0,0,0,0,0,0,0,0,0,0,0,0,0,0,0,2502100,0,0,0,0,275100,0,0,0,0,0,0,13100,0,222700,0,0,0,0,0,0,0,0,353700,0,0,0,0,131000,3628700,0,0,0,0,196500,0,0,0,0,0,0,65500,0,0,0,0,0,0,0,0,0,0,0,0,0,1172120100,0,0,0,0,0,0,0,0,0,0,0,0,0,0,0,0,0,1545800,655000,0,0,0,19737400,0,0,87206700,0,26200,157200,0,816200,0,0,0,0,0,0,0,0,497800,26200,0,0,0,0,0,0
"Barbados",0,0,0,0,47400,0,0,0,0,0,0,0,0,0,0,0,0,0,0,0,0,0,0,0,0,13100,0,0,0,0,0,0,0,0,0,0,0,0,0,0,0,0,65523700,0,0,0,0,0,0,0,0,0,0,13100,0,0,0,0,0,0,0,0,0,0,0,288200,0,0,0,0,0,0,0,0,0,0,0,0,0,0,0,65500,0,0,0,0,0,0,0,0,0,0,0,0,0,0,0,0,0,0,0,0,0,0,0,0,0,0,0,0,0,0,0,0,0,0,0,0,0,0,0,0,0,0,0,0,0,0,0,0,0,0,0,0,0,0,0,0,0,0,0,0,0,71100,0,275100,0,0,0,0,0,0,0,0,0,0,0,0,0,0,0,0,0,0,0,0,0,0,0,2253200,0,0,0,0,0,0,26200,0,63063400,0,0,0,0,0,0,0,0,0,0,0,0,0,0,0,0
"Bangladesh",0,0,0,0,0,0,808008000,0,0,0,0,0,0,0,299505300,0,0,0,0,0,2344900,0,563300,0,0,2475900,943200,0,13100,0,0,92328800,0,25007900,0,0,0,0,0,0,0,0,0,0,0,0,0,0,0,0,0,67779400,0,9287900,0,0,0,0,11737600,393000,2135300,1362400,0,0,0,0,13100,0,0,0,0,0,0,0,0,2390972700,59578800,0,0,0,0,3857133.33333333,497800,0,0,0,0,0,0,5777100,0,13100,0,0,0,0,0,0,0,0,0,26252400,0,0,6785800,0,0,30758800,76464700,0,23645500,65500,0,0,0,521943300,56854000,0,0,0,0,1768500,0,0,0,1061100,17881500,0,0,0,0,15720000,6427161300,0,0,0,0,0,0,0,0,0,0,0,0,0,0,8357800,0,0,0,0,0,10126300,0,0,0,0,0,0,9222400,0,0,0,0,0,13100,0,0,0,0,0,0,107420000,0,0,157200,0,10388300,19650000,0,0,0,124607200,0,8842500,18484100,0,10689600,0,0,2017400,0,0,0
"Bermuda",0,0,0,0,0,0,0,0,0,0,0,0,0,0,0,0,0,0,0,0,0,0,0,0,0,0,0,0,0,0,0,0,0,0,0,0,0,0,0,0,0,0,0,0,0,0,0,0,0,0,0,0,0,0,0,0,0,0,0,0,0,0,0,0,0,0,0,0,0,0,0,0,0,0,0,0,0,0,0,0,0,0,0,0,0,0,0,0,0,0,0,0,0,0,0,0,0,0,0,0,0,0,0,0,0,0,0,0,0,0,0,0,0,0,0,0,0,0,0,0,0,0,0,0,0,0,0,0,0,0,0,0,0,0,0,0,0,0,0,0,0,0,0,0,0,0,0,0,0,0,0,0,0,0,0,0,0,0,0,0,0,0,0,0,0,0,0,0,0,0,0,0,0,0,0,0,0,0,0,0,0,0,0,0,0,0,0,0,0,0,0,0,0,0,0
"Bhutan",0,0,0,0,0,0,0,0,0,0,0,0,0,0,0,0,0,0,0,0,0,0,0,0,0,0,0,0,0,0,0,0,0,0,0,0,0,0,0,0,0,0,0,0,0,0,0,0,0,0,0,0,0,0,0,0,0,0,0,0,0,0,0,0,0,0,0,0,0,0,0,0,0,0,0,0,0,0,0,0,0,0,0,0,0,0,0,0,0,0,0,0,0,0,0,0,0,0,0,0,0,0,0,0,0,0,0,0,0,0,0,0,0,0,0,0,0,0,0,0,0,0,0,0,0,0,0,0,0,0,0,0,0,0,0,0,0,0,0,0,0,0,0,0,0,0,0,0,0,0,0,0,0,0,0,0,0,0,0,0,0,0,0,0,0,0,0,0,0,0,0,0,0,26200,0,0,0,0,0,0,0,0,0,0,0,0,0,0,0,0,0,0,0,0,0
"Bolivia (Plurinational State of)",0,0,0,0,0,37623200,0,0,0,0,0,0,0,0,0,0,353700,0,0,0,0,0,0,0,0,0,0,0,0,0,41938900,0,196500,0,0,0,0,0,0,0,0,0,0,0,0,0,0,0,0,0,0,0,0,39313266.6666667,0,0,0,0,0,1079183466.66667,0,0,0,0,0,0,0,0,0,0,0,0,0,0,0,0,0,0,0,0,0,134514400,0,0,0,4588066.66666667,0,0,0,0,0,0,0,0,0,0,0,0,0,0,0,0,0,0,0,0,0,0,0,0,0,0,0,0,0,0,71629900,0,0,0,0,0,0,0,0,0,0,0,0,0,267200700,132120500,0,0,0,0,0,0,0,0,0,0,0,0,0,0,0,0,0,0,0,0,0,0,0,0,414000,0,0,0,0,212382000,0,0,0,0,0,0,0,0,0,0,0,0,0,0,8700000,0,26707866.6666667,0,11632800,0,0,0,0,0,0,0,26200,0,0,0,0,0,0
"Botswana",0,0,0,0,0,0,0,0,0,0,0,0,0,0,0,0,0,0,0,0,0,0,0,0,0,0,0,0,0,0,0,0,0,0,0,0,0,0,0,0,0,0,0,0,0,0,0,0,0,0,0,0,0,0,0,0,0,0,0,0,0,0,0,0,0,0,0,0,0,0,0,0,0,0,0,0,0,0,0,0,0,0,0,0,0,0,0,0,0,0,0,0,0,0,0,0,0,0,0,0,0,0,0,0,0,0,0,0,0,0,0,0,0,0,1657700,0,0,0,0,0,0,0,0,0,0,0,0,0,0,0,0,0,0,0,0,0,0,0,0,0,0,0,0,0,0,0,0,0,0,0,0,0,0,0,0,6969200,0,0,0,0,0,0,0,0,0,0,0,0,0,0,0,0,0,0,0,0,0,0,0,0,0,0,0,0,0,0,0,0,0,0,0,0,0,0,0
"Brazil",42850100,799100,0,7047800,3244300,125598051266.667,78823200,2895100,14955800,7873000,1165900,92109800,0,0,13863205266.6667,10545500,0,0,1283800,0,0,275100,2043600,0,335268300,6455216900,80643600,144100,0,314400,49145386466.6667,291183000,3998830700,445400,28453200,13100,910737800,443289700,21893400,0,3026100,6080800,13100,1603214800,0,3056450700,23186300,87049500,2646200,0,0,5659200,0,4168821300,0,39588200,6340400,75311900,358560100,18988600,812200,541147900,8700,28245300,0,0,339544300,322522000,307719800,94123000,65539300,113012800,510900,104800,51352000,85238100,13100,1480200,7283600,537100,275152400,14884500,37544600,0,194963300,3522810966.66667,63351600,0,357540000,0,13100,891441700,0,956300,0,14867200,0,285027100,109725600,55177200,0,416802700,0,14255200,0,1320624100,31316100,114769100,0,3343035800,211827000,153357300,100316300,0,27156300,0,15551146200,0,0,0,78600,72888400,159413900,684199900,815121300,13346000,951900,422929900,995600,0,18610691500,4393968200,106023700,2757200,325486600,0,0,0,30662900,0,0,0,50386600,0,15575900,288200,22322400,30405100,672423000,0,54561500,0,13100,146398400,287165100,857734600,31490800,488865800,0,39300,120000,350568800,0,0,18670900,0,73041100,12733200,0,1096475000,177688400,694300,308692500,755602400,247419700,13100,92866333.3333333,0,78935970200,70006400,17353255066.6667,0,1946709300,14881600,113681800,510323200,1326990700,0,140255900,209600,0,550200,10100100,0,256982700
"Aruba",0,0,0,0,0,0,0,0,0,0,0,0,0,0,0,0,0,0,0,0,0,0,0,0,0,0,0,0,0,0,0,0,0,0,0,0,0,0,0,0,0,0,0,0,0,0,0,0,0,0,0,0,0,0,0,0,0,0,0,0,0,0,0,0,0,0,0,0,0,0,0,0,0,0,0,0,0,0,0,0,0,0,0,0,0,0,0,0,0,0,0,0,0,0,0,0,0,0,0,0,0,0,0,0,0,0,0,0,0,0,0,0,0,0,0,0,0,0,0,0,0,0,0,0,0,0,0,0,0,0,0,0,0,0,0,0,0,0,0,0,0,0,0,0,0,0,0,0,0,0,0,0,0,0,0,0,0,0,0,0,0,0,0,0,0,0,0,0,0,0,0,0,0,0,0,0,0,0,0,0,0,0,0,0,0,0,0,0,0,0,0,0,0,0,0
"Belize",0,0,0,0,0,0,0,0,0,0,0,0,0,0,0,0,0,0,0,0,0,0,0,0,0,0,0,0,0,0,0,0,0,0,0,0,0,0,0,0,0,0,0,0,0,0,0,0,0,0,0,0,0,421438200,0,0,0,0,0,31933200,0,0,0,0,0,0,104800,0,0,0,0,0,0,0,0,0,0,0,0,0,0,6085800,0,0,0,22486800,0,0,0,0,0,0,0,0,0,0,0,0,0,0,0,0,0,0,0,0,0,0,0,0,0,0,0,0,0,0,98890800,0,0,0,0,0,0,0,0,0,0,71100,0,0,0,0,0,0,0,0,0,0,0,0,0,0,0,0,0,0,0,0,0,0,0,0,0,0,0,0,0,0,0,0,0,1021800,0,0,0,0,0,0,0,0,0,0,0,0,0,0,94709400,0,540248600,0,0,0,0,0,0,0,0,0,0,0,0,0,0,0,0
"Solomon Islands",0,0,0,0,0,0,126918600,0,0,0,0,0,0,0,0,0,0,0,0,0,0,0,0,0,0,0,0,0,0,0,0,0,0,0,0,0,0,0,0,0,0,0,0,0,0,0,0,0,0,0,0,1669800,0,0,0,0,0,0,0,1324800,0,0,0,0,0,0,0,0,0,0,0,0,0,0,0,0,0,0,0,0,0,0,0,0,0,17250000,0,0,0,0,0,13100,0,0,0,0,0,0,0,0,0,0,0,14328813600,0,0,0,0,0,0,0,0,0,0,0,0,9135600,0,0,0,0,65422500,0,0,0,0,0,0,0,0,0,0,0,0,0,0,0,0,0,0,0,0,0,0,0,0,0,0,0,0,0,0,0,600300000,0,0,0,0,0,0,0,2760000,0,0,0,0,0,0,0,0,0,0,0,0,0,0,12088800,0,0,0,0,0,0,0,0,0,0,0,4181400,0,0,0,0,0,0
"Brunei Darussalam",0,0,0,0,0,0,0,0,0,0,0,0,0,0,0,0,0,0,0,0,0,0,0,0,0,0,0,0,0,0,0,0,0,0,0,0,0,0,0,0,0,0,0,0,0,0,0,0,0,0,0,0,0,0,0,0,0,0,0,0,0,0,0,0,0,0,0,0,0,0,0,13100,0,0,0,0,0,0,0,0,0,0,0,0,0,0,0,0,0,0,0,0,0,0,0,0,0,0,0,0,0,0,0,81604000,0,0,0,0,0,0,0,0,0,0,0,0,0,0,0,0,0,0,0,0,0,0,0,0,0,0,0,0,0,0,0,0,0,0,0,0,0,0,0,0,0,0,0,0,0,0,0,0,0,234600,0,0,0,0,0,0,0,0,0,0,0,0,0,0,0,0,0,0,0,3013000,0,0,13100,0,0,0,0,0,0,0,0,0,0,0,0,0,0,0,0,0,0
"Bulgaria",152370300,0,828072933.333333,801653100,0,74958200,229944300,8404579300,0,1465700,0,0,0,0,0,0,69613400,0,0,0,0,0,0,0,0,673916400,0,0,0,0,35205700,523506200,27383400,0,6772700,0,2213900,0,781678600,1722400,0,49375300,0,0,1297666000,4384500,155064700,0,7139500,17259100,0,0,29632200,2842468000,0,0,191596200,0,0,24397994800,1303430800,0,0,9340482100,0,0,0,0,0,0,0,286405300,5141713000,3939725700,26200,38371900,2227000,118859900,264027500,45162866.6666667,1762775300,2677691900,4603500,157200,0,383699000,349748100,0,0,0,0,0,69390700,243568300,0,604457500,0,0,2860581500,4301785000,0,0,0,17763600,10231100,5069700,19715400,24392200,24038500,63510000,0,312598400,1951900,122168800,0,0,4420791500,0,0,2361322200,0,38815300,0,0,52766800,374494000,0,0,5066955500,0,0,91393500,109267100,23002515033.3333,1278971900,0,0,0,48262100,0,26262824333.3333,0,10733334366.6667,0,0,0,0,1871452900,0,0,0,129370200,6916945500,0,0,46653100,2756277800,0,0,0,2022565600,20749900,0,4912500,117900,0,275100,0,0,0,20789700,166170000,74991423766.6667,1407027800,0,0,13458611933.3333,5632428200,1414858900,0,2213900,54810000,0,2209000,0,0,30614700,0,3027245000,0,2776491233.33333,175963500,0,0,0
"Myanmar",0,0,0,0,0,0,0,0,0,0,0,0,0,0,0,0,0,0,0,0,0,0,0,0,0,0,0,0,0,0,0,0,0,0,0,0,0,0,0,0,0,0,0,0,0,0,0,0,0,0,0,0,0,0,0,0,0,0,0,0,0,0,0,0,0,0,0,0,0,0,0,0,0,0,0,0,0,0,0,0,0,0,0,0,0,0,0,0,0,0,0,0,0,0,0,0,0,0,0,0,0,0,0,0,0,0,0,0,0,0,0,0,0,0,0,0,0,0,0,0,0,0,0,0,0,0,0,0,0,0,0,0,0,0,0,0,0,0,0,0,0,0,0,0,0,0,0,0,0,0,0,0,0,0,0,0,0,0,0,0,0,0,0,0,0,0,0,0,0,0,0,0,0,0,0,0,0,0,0,0,0,0,0,0,0,0,0,0,0,0,0,0,0,0,0
"Burundi",0,0,0,0,0,0,0,0,0,0,0,0,0,0,0,0,0,0,0,0,0,0,0,0,0,0,0,0,0,0,0,0,0,0,0,0,0,0,0,0,0,0,0,0,0,0,0,0,0,0,0,0,0,0,0,0,0,0,0,0,0,0,0,0,0,0,0,0,0,0,0,0,0,0,0,0,0,0,0,0,0,0,0,0,0,0,0,0,0,0,0,0,0,0,0,0,0,0,0,0,0,0,0,0,0,0,0,0,0,0,0,0,0,0,0,0,0,0,0,0,0,0,0,0,0,0,0,0,0,0,0,0,0,0,0,0,0,0,0,0,0,0,0,0,0,0,0,0,0,0,0,0,0,0,0,0,0,0,0,0,0,0,0,0,0,0,0,0,0,0,0,0,0,0,0,0,0,0,0,0,0,0,0,0,0,0,641900,0,0,0,0,0,0,0,0
"Cameroon",6858600,0,0,0,0,0,207000,0,0,0,0,0,0,0,0,0,1948800000,0,0,0,0,402670200,0,0,0,1568891200,0,1224338800,0,0,0,82800,0,0,3575697400,0,0,0,0,0,31990200,0,0,0,492497066.666667,0,55963466.6666667,0,0,1267916400,0,0,0,162078551166.667,0,0,0,0,0,42714955133.3333,0,0,0,0,0,0,0,0,0,0,0,0,23700,0,0,107681400,71811922000,0,0,52400,0,6200188700,0,0,0,1234796400,0,0,0,0,0,0,2e+05,0,0,24876900,0,0,0,1447385400,0,0,0,168357858000,0,0,0,0,0,0,0,30549200,0,0,0,1740000,761237650066.667,0,0,0,0,0,0,0,0,0,0,0,0,0,0,0,0,411253600,0,0,0,0,0,0,0,0,758690700,0,0,0,0,24942400,9012800,0,0,13800,0,65488543800,0,13100,29767217833.3333,0,0,0,0,229607300,0,0,0,13100,0,0,0,0,0,0,36361580800,147870500,0,0,0,474000,44498276900,0,349000500,0,0,0,0,0,1781600,0,35851504866.6667,0,0,0,0,0,0
"Canada",13100,0,0,43518200,0,0,10115096800,309800,93189100,2148000,58150900,1899500,0,0,0,0,4184010600,0,26200,0,746700,0,0,0,314400,0,0,0,10296600,0,2076585400,1238084000,12707000,0,0,0,828915600,34164800,12890400,6248700,0,1454700,26200,379900,0,1757400,11239800,46347800,0,1008413000,0,0,733600,384944200,0,0,209600,0,0,152732066.666667,0,7676600,0,733600,0,0,131209600,0,903900,275100,31806800,580439800,0,0,38252000,9628500,13558500,0,2620000,137835533.333333,155156400,28265530000,28980000,0,93534000,2514060300,474521300,0,91700,0,0,1576910400,11465200,1519600,458500,9117600,0,1899500,51731900,0,4323000,0,0,445400,0,0,0,0,1220700,59536648866.6667,0,0,0,0,0,615700,6436132400,0,0,0,0,35540300,13217900,0,4611200,0,35507700,0,170300,0,0,62801400,274471200,614396533.333333,510900,0,0,0,23423100,0,0,65500,8108900,943200,0,0,0,748075500,890800,0,52400,0,131000,321764400,0,235800,202592000,0,0,0,2790300,77712900,0,0,235082300,0,14148000,0,0,67452800,20868300,0,2939770900,464946700,2187700,0,2265972500,694300,1555766083000,209600,0,0,0,5895000,0,0,0,0,6601675833.33333,52400,0,0,0,0,0
"Cape Verde",0,0,0,0,0,0,0,0,0,0,0,0,0,0,0,0,0,0,0,0,0,0,0,0,0,0,0,0,0,0,0,0,0,0,0,0,0,0,0,0,0,0,0,0,0,0,0,0,0,0,0,0,0,0,0,0,0,0,0,0,0,0,0,0,0,0,0,0,0,0,0,0,0,0,0,0,0,0,0,0,0,0,0,0,0,0,0,0,0,0,0,0,0,0,0,0,0,0,0,0,0,0,0,0,0,0,0,0,0,0,0,0,0,0,0,0,0,0,0,0,0,0,0,0,0,0,0,0,0,0,0,0,0,0,0,0,0,0,0,0,0,0,0,0,0,0,0,0,0,0,0,0,0,0,0,0,0,0,0,0,0,0,0,0,0,0,0,0,0,0,0,0,0,0,0,0,0,0,0,0,0,0,0,0,0,0,0,0,0,0,0,0,0,0,0
"Central African Republic",0,0,0,0,0,0,0,0,0,0,0,0,0,0,0,0,0,0,0,0,0,0,0,0,13800000,0,0,0,0,0,0,0,0,0,0,0,0,0,0,0,0,0,0,0,0,0,0,0,0,0,0,0,0,0,0,0,0,0,0,0,0,0,0,0,0,0,0,0,0,0,0,0,0,0,0,0,0,0,0,0,0,0,0,0,0,0,0,0,0,0,0,0,0,0,0,0,0,0,0,0,0,0,0,172500000,0,0,0,0,0,0,0,0,0,0,0,0,0,0,0,0,0,0,0,0,0,0,0,0,0,0,0,0,0,0,0,0,0,0,0,0,0,0,0,0,0,0,0,0,0,0,0,0,0,0,0,0,0,0,0,0,0,0,0,0,0,0,0,0,0,0,0,0,0,0,0,0,0,0,0,0,0,0,0,0,0,0,0,0,0,0,0,0,0,0,0
"Sri Lanka",0,0,0,0,0,0,209424300,0,0,910800,0,302439700,0,0,0,0,0,0,0,0,0,0,0,0,0,32453100,0,0,0,0,0,64421400,0,0,0,0,0,0,2880700,31200,0,0,0,0,0,0,212631666.666667,0,0,0,0,0,0,35630900,0,0,0,0,0,165502900,0,0,0,0,0,0,0,0,0,0,0,252493200,0,0,0,3131775700,0,0,0,0,22977400,95095200,0,0,0,2823600,3298700,0,0,0,0,0,13551600,0,0,0,0,0,0,0,0,0,0,26200,609559300,0,0,0,0,0,0,0,0,0,0,37531500,0,0,0,0,0,89400,0,0,4047900,828000,11541100,0,177900,0,0,0,188902000,0,0,0,0,0,108880800,0,0,0,262000,0,510900,0,0,96806600,0,366800,0,0,0,10284100,0,0,174000,0,0,1876800,1669800,5037000,0,0,0,0,1310000,0,0,0,0,0,52400,2718819200,0,0,228650300,0,18846100,0,0,0,0,65500,0,0,0,13100,2489000,0,0,0,0,0,0
"Chad",0,0,0,0,0,0,0,0,0,0,0,0,0,0,0,0,0,0,0,0,0,0,0,0,0,0,0,0,0,0,0,0,0,0,0,0,0,0,0,0,0,0,0,0,0,0,0,0,0,0,0,0,0,0,0,0,0,0,0,0,0,0,0,0,0,0,0,0,0,0,0,0,0,0,0,0,0,0,0,0,0,0,0,0,0,0,0,0,0,0,0,0,0,0,0,0,0,0,0,0,0,0,0,0,0,0,0,0,0,0,0,0,0,0,0,0,0,0,0,0,0,0,0,0,0,0,0,0,0,0,0,0,0,0,0,0,0,0,0,0,0,0,0,0,0,0,0,0,0,0,0,0,0,0,0,0,0,0,0,0,0,0,0,0,0,0,0,0,0,0,0,0,0,0,0,0,0,0,0,0,0,0,0,0,0,0,0,0,0,0,0,0,0,0,0
"Chile",0,0,0,0,0,873104233.333333,1388600,0,0,0,0,0,0,0,5969198400,0,33005666.6666667,0,0,0,0,0,0,0,0,1878900,0,0,0,0,0,0,281296300,0,0,0,447561500,186308200,0,0,0,0,117900,37885200,0,3905997300,0,90665100,0,0,0,3458400,0,0,4427800,0,0,0,0,0,0,0,0,0,0,0,83538700,0,0,0,129912700,0,0,0,0,0,0,0,0,0,0,78600,0,0,0,0,0,0,0,0,0,0,0,0,0,0,0,0,0,0,0,0,0,121146666.666667,0,0,0,0,0,80158800,13597800,0,0,0,0,0,21444533.3333333,0,0,0,0,301300,61294900,0,0,419200,0,209717900,0,0,1162803600,5840998700,0,0,0,0,0,0,0,0,0,0,0,0,458500,864600,0,0,0,0,0,0,0,78600,0,16348800,0,0,0,0,0,0,0,0,0,0,1245757600,0,0,33640800,0,0,0,0,0,0,0,0,193041400,0,673300700,0,98695400,0,0,0,0,0,0,0,0,0,0,0,0
"China (mainland)",2148400,13920000,130214600,455981200,0,1300846066.66667,23858732100,0,20346900,30392000,15663200,470866200,0,0,457289500,0,869402100,0,0,2672400,943200,255227400,182200200,0,75381700,4016870900,0,0,2946436700,0,4162776400,0,1569814700,1663700,0,0,84262800,9222400,14960300,36143500,1458842200,0,0,335972700,35383100,291533600,422155400,612500600,0,8971650000,0,267803900,26186900,22505800,0,299106000,13076200,9903600,7231200,13445903800,0,4336624000,0,191007400,0,0,1405297800,322404100,12680800,136947400,284381100,26051699400,166715533.333333,878567300,1703000,3383420000,12394090200,195791600,1346896100,22938100,1913610400,3406000,492062200,2332909500,2370000,13007566400,1005117000,360228900,125077300,528598100,1841885833.33333,17695126300,838070900,0,0,54102266.6666667,0,298588700,119141300,733668400,67753200,43153800,0,10640940100,0,0,0,15497300,36401200,4305630200,493623733.333333,549220400,0,3995500,0,109785800,11878910300,0,0,0,0,8339354400,143431900,55701200,3284811900,10663400,2690779800,139718300,0,810562500,29553600,1494030900,27902782300,14986400,28311600,0,0,0,470880166.666667,2523000,40460800,0,3980310366.66667,0,0,0,0,5012784800,445105300,0,26488200,108315000,1305000,3153839300,4244400,1911243000,2287220600,0,52542900,0,8803200,262000,669721833.333333,41760000,3693529400,944863700,13636537100,669174200,0,104800,438528200,239680700,5287093100,4934789500,5527500,0,5525056600,729846600,28621202966.6667,49557300,503592400,1228871600,58639600,4526134900,263395733.333333,1769618400,301664500,0,31143400,0,134067000,97509600,440112000,0,151842100
"Colombia",0,0,0,0,25492600,2872419133.33333,57299000,144100,0,34961000,27916100,0,0,0,697572600,0,23794500,0,37531500,0,0,0,0,0,0,602257400,144100,0,0,0,5914751466.66667,123506800,0,0,0,0,4430860500,63325400,0,0,0,0,105769400,696107800,0,13499323233.3333,34800000,559435500,0,1518993600,0,9667800,0,1661311600,0,0,0,0,0,4923732766.66667,0,0,0,0,0,15471100,741539600,2934400,69914700,29763200,674361800,39817700,5279300,0,0,192524500,449507400,0,2580700,0,2502100,797088066.666667,2462800,0,256236000,924266100,70900000,0,0,0,0,165204433.333333,1375500,62933333.3333333,0,5868800,0,0,0,3956200,0,3772800,0,3001858800,0,0,0,0,0,37238935933.3333,0,4401600,1738094900,0,0,11698300,10267870200,0,0,0,0,4598100,440866200,0,46478800,65500,0,3914490666.66667,5749700,0,264654933.333333,5499134800,14344500,0,655000,2947500,0,0,13100,0,6494800,0,2598634533.33333,6825100,58897600,23815800,0,11737866.6666667,0,0,52400,0,5962500,17778300,0,1410739000,713689333.333333,40099100,0,0,7349800,40342566.6666667,0,0,28837900,0,0,0,0,3096209133.33333,0,0,488333333.333333,127482600,0,0,2488721366.66667,0,18976619933.3333,0,230941233.333333,0,1857627600,0,0,21130300,0,0,4966587933.33333,0,0,0,0,0,0
"Comoros",0,0,0,0,0,0,0,0,0,0,0,0,0,0,0,0,0,0,0,0,0,0,0,0,0,0,0,0,0,0,0,0,0,0,0,0,0,0,0,0,0,0,0,0,0,0,0,0,0,0,0,0,0,0,0,0,0,0,0,0,0,0,0,0,0,0,0,0,0,0,0,0,0,0,0,0,0,0,0,0,0,0,0,0,0,0,0,0,0,0,0,0,0,0,0,0,0,0,0,0,0,0,0,0,0,0,0,0,0,0,0,0,0,0,0,0,0,0,0,0,0,0,0,0,0,0,0,0,0,0,0,0,0,0,0,0,0,0,0,0,0,0,0,0,0,0,0,0,0,0,0,0,0,0,0,0,0,0,0,0,0,0,0,0,0,0,0,0,0,0,0,0,0,0,0,0,0,0,0,0,0,0,0,0,0,0,0,0,0,0,0,0,0,0,0
"Congo",0,0,0,0,0,0,0,0,0,0,0,0,0,0,0,0,0,0,0,0,0,0,0,0,207043500,0,0,0,0,0,0,78600,0,0,0,0,0,0,0,0,0,0,0,0,0,0,0,0,0,0,0,0,0,13113100,0,0,0,0,0,0,0,0,0,0,0,0,0,0,0,0,0,0,0,0,0,0,245778000,0,0,0,0,4818963300,0,0,0,0,0,0,0,0,0,0,0,0,0,0,0,0,0,0,0,0,0,0,0,0,0,0,0,0,0,0,0,0,0,0,140566800,0,0,0,0,0,0,0,40572000,0,0,0,0,0,0,0,0,0,0,0,0,0,0,0,0,0,0,0,0,0,0,0,0,0,0,0,0,0,0,0,262000,0,0,0,0,65500,0,0,0,0,0,0,0,0,0,0,0,0,0,0,1139700,0,0,0,0,0,0,0,0,0,118500,0,322920000,0,0,0,0,0,0
"Cook Islands",0,0,0,0,0,0,0,0,0,0,0,0,0,0,0,0,0,0,0,0,0,0,0,0,0,0,0,0,0,0,0,0,0,0,0,0,0,0,0,0,0,0,0,0,0,0,0,0,0,0,0,0,0,0,0,0,0,0,0,0,0,0,0,0,0,0,0,0,0,0,0,0,0,0,0,0,0,0,0,0,0,0,0,0,0,0,0,0,0,0,0,0,0,0,0,0,0,0,0,0,0,0,0,0,0,0,0,0,0,0,0,0,0,0,0,0,0,0,0,0,0,0,0,0,0,0,0,0,0,0,0,0,0,0,0,0,0,0,0,0,0,0,0,0,0,0,0,0,0,0,0,0,0,0,0,0,0,0,0,0,0,0,0,0,0,0,0,0,0,0,0,0,0,0,0,0,0,0,0,0,0,0,0,0,0,0,0,0,0,0,0,0,0,0,0
"Costa Rica",0,0,0,0,12942800,0,43500,0,0,0,0,0,0,0,0,0,19178400,0,0,0,0,0,0,0,0,56432800,0,0,0,0,77676200,183200,56330000,0,0,0,0,40717433.3333333,0,0,0,6057900,0,42854300,0,0,0,454416500,0,0,0,0,0,1356900,0,0,0,0,0,105232500,0,0,0,0,0,0,1745649433.33333,0,183200,0,762409900,0,0,0,0,0,0,0,0,0,0,0,0,0,0,30971400,0,0,0,0,0,2148600,0,3157100,0,0,0,0,0,890800,0,0,0,0,0,0,0,0,0,2587040400,0,0,0,0,0,0,687046800,0,2947500,0,0,0,2197135733.33333,0,0,471100,0,2052953700,143900,0,0,71958300,0,117900,0,0,0,0,0,0,0,0,7351400,0,0,0,0,1572000,0,0,0,0,0,0,0,0,78600,0,0,0,0,47884600,0,0,0,0,0,0,0,16453600,0,0,0,26200,0,0,1916400,621000,2122638366.66667,0,641900,0,0,0,0,0,0,0,148218600,0,0,0,0,0,0
"Cuba",0,0,0,0,0,0,0,0,0,0,0,0,0,0,0,0,0,0,0,0,0,0,0,0,0,0,0,0,0,0,0,0,0,0,0,0,0,0,0,0,0,0,0,0,0,0,0,0,0,0,0,0,0,427100,0,0,0,0,0,6525000,0,0,0,0,0,0,0,0,0,0,0,0,0,0,0,0,0,0,0,0,0,745200,0,0,0,331200,0,0,0,0,0,0,0,0,0,0,0,0,0,0,0,0,0,0,0,0,0,0,0,0,0,0,0,0,0,0,390976800,0,0,0,0,0,0,0,0,0,0,0,0,0,0,0,0,0,0,0,0,0,0,0,0,0,82800,0,0,0,0,0,0,0,0,0,0,0,0,0,2174243200,0,0,0,0,17694000,0,0,0,0,0,0,0,0,0,0,0,1462800,0,0,34610400,0,0,0,0,0,0,0,0,0,0,0,113022000,0,0,0,0,0,0
"Cyprus",0,0,0,0,0,0,0,0,0,0,0,0,0,0,0,0,0,0,0,0,0,0,0,0,0,0,0,0,0,0,0,0,0,0,0,0,0,0,0,0,0,0,0,0,0,0,0,0,0,0,0,0,0,0,0,0,0,0,0,1912600,0,0,0,204036000,0,0,0,0,0,0,0,0,0,720500,0,0,0,0,0,0,0,0,0,0,0,0,0,0,0,0,0,0,0,0,0,0,0,0,0,0,0,0,0,0,0,0,6563100,0,0,0,0,0,0,0,0,0,838400,0,0,0,0,0,0,0,0,0,0,0,0,0,0,0,0,13100,0,0,0,0,5986700,0,0,0,0,0,0,0,0,0,0,0,0,0,13100,0,0,0,0,0,0,0,0,0,0,0,0,0,0,0,0,0,0,0,0,1021800,0,0,807800,0,455329800,0,0,0,0,0,0,0,0,0,0,0,0,0,0,0,0
"Azerbaijan",0,52531000,0,0,0,0,0,0,0,0,0,0,0,0,0,0,0,0,0,0,0,64740200,0,0,0,0,0,0,0,0,0,74447300,0,0,0,0,0,0,0,0,0,0,0,0,117900,0,0,0,0,0,0,0,0,0,0,0,1437829800,0,0,2410400,0,0,0,0,0,0,0,0,0,0,0,0,0,0,0,0,0,60391000,388716300,0,84691500,0,0,561033700,0,0,169998700,193984800,0,0,0,0,0,0,0,0,0,0,0,0,0,0,0,80434000,0,0,0,0,0,0,89708800,0,0,0,0,0,0,0,0,0,0,0,0,0,20226400,0,0,0,0,0,0,0,0,0,0,0,0,0,0,0,21667400,0,3760879000,0,0,0,0,318290700,0,0,0,0,0,0,0,0,0,0,14632700,0,0,0,0,116642400,0,0,0,0,0,0,25283000,0,522375600,455709700,0,0,0,187264500,9720200,0,0,356699900,0,0,0,98787100,0,0,0,0,0,0,0,0,0
"Benin",0,0,0,0,0,0,0,0,0,0,0,0,0,0,0,0,0,0,0,0,0,0,0,0,0,0,0,0,0,0,0,0,0,0,0,0,0,0,0,0,0,0,0,0,0,0,0,0,0,0,0,0,0,3290300,0,0,0,379900,0,0,0,0,0,0,0,0,0,0,0,0,0,0,0,0,0,0,0,0,0,0,0,0,0,0,0,0,0,0,0,0,0,0,0,0,0,0,0,0,0,0,0,0,0,0,0,537100,0,0,0,0,0,0,0,0,0,0,0,0,0,0,0,0,0,0,0,0,0,0,0,0,0,0,0,0,0,0,0,0,0,0,0,0,0,0,0,0,0,0,0,0,0,0,0,0,0,0,0,0,0,0,0,0,0,0,0,0,0,88765600,0,0,0,0,0,0,0,0,0,0,0,262000,0,0,0,0,0,0,0,0,0,0,0,0,0,0,0
"Denmark",3366700,0,0,26200,0,0,97881900,607329100,0,0,0,4532600,0,0,0,0,7938600,0,0,0,0,195779500,0,0,0,72936400,39300,0,1860200,0,11370800,504991900,0,0,0,0,0,0,9877400,2711700,0,0,0,0,19807200,0,1061100,0,0,262964900,1331310700,0,1404052300,1272932200,0,0,5855700,0,0,32056094133.3333,39300,4855700,0,44201600,0,0,4309900,0,0,0,0,249306100,201532900,27588600,2038377100,34544700,26200,196500,0,71477800,259419300,788196200,1506500,91700,0,86263500,2698600,13100,2384200,0,0,30097000,55897700,78089100,0,42522600,0,0,0,155575600,0,26200,0,17396800,0,0,79084700,13100,0,13100,4493300,13100,0,0,0,0,3511073100,0,12091300,694300,0,18510300,1572000,0,5502000,7485493100,26200,0,602524000,0,0,0,208709200,7900897700,844565600,0,0,0,44317300,0,246716600,196500,180714500,0,0,0,0,47413500,39300,0,0,45085500,111742800,207386100,0,23920600,1140186500,0,39300,0,15460895300,169125900,1886400,26200,5850700,144100,2462800,0,0,0,0,8672200,28223500,92472900,0,0,2057447900,20305000,877097533.333333,0,16754900,510900,0,1755400,39300,0,0,0,405903200,7113300,14161100,0,26200,0,0
"Dominica",0,0,0,0,75900,0,20769000,0,196500,0,0,0,0,0,0,0,0,0,0,0,0,0,0,0,0,0,0,0,0,0,0,0,0,0,0,0,0,0,0,0,0,0,0,0,0,0,0,0,0,0,0,0,0,2665600,17400,0,0,0,0,0,0,0,0,0,0,0,0,0,0,0,0,0,0,0,0,0,0,0,0,26100,0,0,0,0,0,0,0,0,0,0,0,0,0,0,0,0,0,0,0,0,0,0,0,0,0,0,0,0,0,0,0,0,0,0,0,0,103637300,0,0,0,0,0,0,0,0,0,0,0,0,0,0,0,0,0,0,0,0,0,0,0,0,0,0,0,0,0,0,0,0,0,0,0,0,0,0,0,0,0,0,0,0,0,0,0,0,0,0,0,0,0,0,0,0,30500,0,0,0,0,0,0,0,0,0,0,0,0,0,0,0,0,0,620400,0,0,0
"Dominican Republic",0,0,0,0,0,0,0,0,0,0,0,0,0,0,0,0,0,0,0,0,0,0,0,0,0,0,0,0,0,0,0,0,0,0,0,0,0,0,0,0,0,0,0,0,0,0,0,0,0,0,0,0,0,0,0,0,0,0,0,0,0,0,0,0,0,0,0,0,0,0,0,0,0,0,0,0,0,0,0,0,0,0,0,0,0,0,0,0,0,0,0,0,0,0,0,0,0,0,0,0,0,0,0,0,0,0,0,0,0,0,0,0,0,0,0,0,0,0,0,0,0,0,0,0,0,0,0,0,0,0,0,0,0,0,0,0,0,0,0,0,0,0,0,0,0,0,0,0,0,0,0,0,0,0,0,0,0,0,0,0,0,0,0,0,0,0,0,0,0,0,0,0,0,0,0,0,0,0,0,0,0,0,0,0,0,0,0,0,0,0,0,0,0,0,0
"Belarus",467769400,4139600,0,0,39300,39300,13100,0,0,0,0,0,0,0,0,0,0,0,0,0,0,72216000,0,0,0,62332300,0,0,0,0,0,3197775500,0,0,0,0,0,0,0,384256100,0,0,0,0,0,0,0,0,0,47463933.3333333,0,0,0,3628700,0,0,285021900,0,0,241891500,0,0,0,0,0,0,0,0,0,0,0,668100,0,0,0,0,0,5541300,72556000,0,413606300,0,0,932668600,0,3052300,3432200,196495000,26200,0,0,0,13100,248114700,0,0,0,0,3209500,1018821200,0,0,0,1034900,0,0,0,0,0,0,41330500,0,0,559393000,0,0,17617500,0,0,0,0,0,0,0,0,0,0,0,78600,0,0,0,0,42103400,0,0,0,0,0,0,877700,0,97072026766.6667,0,0,0,0,0,0,0,0,0,0,5091500,0,0,0,0,196853700,0,0,641900,0,123271000,0,0,668100,0,0,0,0,0,0,4611200,0,0,641900,12310044000,591990000,0,0,584071800,0,37976900,0,18746100,0,0,0,0,3406000,0,0,0,0
"Ecuador",0,0,0,2071407600,0,10844121766.6667,2995024633.33333,69040000,0,0,0,87858000,0,0,742585366.666667,0,909796900,0,0,0,0,703200600,0,0,0,38531548100,0,0,0,0,11732855866.6667,15783111866.6667,7287464933.33333,0,0,0,68789266.6666667,1778273333.33333,0,0,0,249600,0,385034900,0,0,340600,213934166.666667,0,26052389466.6667,0,0,124200,1196539933.33333,0,0,0,0,0,72923592200,0,0,0,4140000,0,0,1179257433.33333,0,0,0,0,176288933.333333,0,0,0,18708632400,296209106400,0,0,0,108857600,40914526666.6667,0,0,12209200,26344291466.6667,0,0,35510000,0,0,974984466.666667,2030500,92310000,0,0,0,0,0,10886900,0,0,0,165366163100,0,0,0,0,0,96681368600,0,0,0,0,0,0,149389881833.333,0,74200,0,0,98779166.6666667,77448333.3333333,0,0,6714900,0,1159312266.66667,104532333.333333,0,20350000,14890662733.3333,315550500,2771772166.66667,1150733.33333333,0,0,0,53000,0,0,0,696520200,0,0,0,0,55146066.6666667,0,0,0,0,0,228852400,0,131000,21152376733.3333,0,0,0,32186100,17139600,0,0,114375600,0,0,0,0,0,0,0,2967303600,100981700,0,0,218081800,1716000,314663223700,0,23846066.6666667,0,286230000,223780800,0,0,0,0,57125375366.6667,786666.666666667,9115000,0,0,0,0
"Egypt",0,0,0,104721400,0,0,319495900,0,0,1825314700,0,0,0,0,0,0,20095400,0,0,0,0,0,0,8868700,0,1099849800,0,0,42797700,4663600,0,0,0,0,3589400,0,0,0,28924800,0,0,0,0,0,0,0,0,0,0,0,0,0,0,0,0,0,0,0,20082300,91700,0,44173200,0,786000,0,0,0,3602500,0,0,0,0,0,2384200,0,2625056600,29084700,0,4654023900,85791900,1075680300,4282200,18038700,0,0,0,7560468500,0,4741820100,0,0,0,7248646900,0,0,2777134500,0,0,3905700700,0,0,41802100,0,32501100,13100000,0,0,12995200,30496800,0,0,5177729700,71028200,0,0,0,1336016600,0,0,0,0,49452500,0,0,129781700,0,1139307000,0,0,0,0,0,0,139855600,0,0,0,39679900,0,17619500,42509500,29946600,9798800,0,0,0,0,34357382400,7624200,0,0,0,930100,17069300,3183300,2682814500,0,0,0,0,0,1427900,0,0,0,130947600,0,0,0,0,3719090000,176496300,38168000,15076580400,562356800,0,2431700600,0,418466400,0,0,0,26591400,0,589500,1734339400,471600,0,0,0,0,0,4186038300,0,3910808500
"El Salvador",0,0,0,0,0,0,207000,0,0,0,0,0,0,0,0,0,0,0,137523800,0,0,0,0,0,0,7113300,0,0,0,0,0,0,0,0,0,0,381704400,0,0,0,0,0,0,566129600,0,0,0,0,0,0,0,0,0,0,0,0,0,0,0,0,0,0,0,0,0,0,2804665400,0,0,0,2804804600,0,0,0,0,0,0,0,0,0,0,14207700,0,0,0,2787600,0,0,0,0,0,0,0,0,0,0,0,0,0,0,0,0,0,0,0,0,0,0,0,99966100,0,0,0,0,0,0,54160400,0,0,0,0,0,2324234200,0,0,0,0,353700,5210733.33333333,0,0,0,0,0,0,0,0,0,0,0,0,0,0,0,0,0,0,0,0,0,0,0,0,0,0,0,42391600,0,0,0,0,0,0,0,0,0,0,0,0,51745000,0,0,0,0,0,0,0,0,3813609466.66667,0,0,0,0,0,0,0,0,0,0,0,0,0,0,0,0
"Equatorial Guinea",0,0,0,0,0,0,0,0,0,0,0,0,0,0,0,0,0,0,0,0,0,0,0,0,0,0,0,0,0,0,0,0,0,0,0,0,0,0,0,0,0,0,0,0,0,0,0,0,0,0,0,0,0,0,0,0,0,0,0,0,0,0,0,0,0,0,0,0,0,0,0,0,0,0,0,0,0,0,0,0,0,0,0,0,0,0,0,0,0,0,0,0,0,0,0,0,0,0,0,0,0,0,0,0,0,0,0,0,0,0,0,0,0,0,0,0,0,0,0,0,0,0,0,0,0,0,0,0,0,0,0,0,0,0,0,0,0,0,0,0,0,0,0,0,0,0,0,0,0,0,0,0,0,0,0,0,0,0,0,0,0,0,0,0,0,0,0,0,0,0,0,0,0,0,0,0,0,0,0,0,0,0,0,0,0,0,0,0,0,0,0,0,0,0,0
"Estonia",51750000,0,0,0,0,0,144100,406100,0,0,0,0,0,0,0,0,0,0,0,0,0,1113500,0,0,0,275100,0,0,0,0,0,72760600,0,0,0,0,0,0,0,230704100,0,151667300,0,0,23088165133.3333,0,0,0,0,0,0,0,1402962600,13100,0,0,0,0,0,406781200,0,0,0,0,0,0,0,0,0,0,0,288200,5868800,0,0,26200,0,0,0,288200,0,1296900,0,519172500,0,35278300,0,0,0,0,0,0,0,9971135400,0,0,0,0,0,484280500,0,0,0,0,0,0,0,0,0,0,0,0,0,22086600,0,0,72193500,0,0,0,0,0,0,0,0,190581100,0,0,13050000,0,0,0,0,1489913000,0,0,0,0,0,0,2096000,0,31585949766.6667,0,0,0,0,589500,0,0,0,222700,29475000,91700,0,0,0,0,0,0,293610300,74602500,0,0,0,0,0,0,0,0,0,0,146506666.666667,1061100,0,0,63548100,541598666.666667,9772600,0,262609500,38842500,0,0,0,0,0,0,244609600,0,0,0,0,0,0
"Faroe Islands",0,0,0,0,0,0,0,0,0,0,0,0,0,0,0,0,0,0,0,0,0,0,0,0,0,0,0,0,0,0,0,0,0,0,0,0,0,0,0,0,0,537100,0,0,0,0,0,0,0,0,0,0,0,0,0,0,0,0,0,0,0,0,0,0,0,0,0,0,0,0,0,0,0,0,8816300,0,0,0,0,0,0,0,0,0,0,0,0,0,0,0,0,0,0,0,0,0,0,0,0,0,0,0,0,0,0,0,0,0,0,0,0,0,0,0,0,0,0,0,0,0,0,0,0,0,0,0,0,0,0,0,0,0,0,0,0,0,0,0,0,0,0,0,0,0,0,0,0,0,0,0,0,0,0,0,0,0,0,0,0,0,0,0,0,0,0,0,0,0,0,0,0,0,0,0,0,0,0,0,0,0,0,0,0,0,0,0,0,0,0,0,0,0,0,0,0
"Fiji",0,0,0,0,0,0,3912100,0,0,0,0,0,0,0,0,0,0,0,0,0,0,0,0,0,0,365400,0,0,0,0,0,0,0,0,0,886100,0,0,0,0,0,841800,0,0,0,0,0,0,0,0,0,0,0,690000,0,0,0,0,0,0,0,0,20949000,0,0,0,0,0,0,0,0,0,0,0,0,0,0,0,0,0,0,0,0,0,0,733600,0,0,0,0,0,13100,0,0,0,0,0,0,0,0,0,0,0,0,0,0,0,0,0,0,0,0,0,0,0,0,0,0,0,0,13680200,24737600,0,0,0,0,0,0,0,0,0,0,0,0,0,0,0,0,0,0,0,0,0,0,0,0,0,0,0,0,0,0,0,0,0,0,0,0,0,0,0,0,0,0,0,0,0,0,3937800,0,0,0,0,0,0,38966000,0,0,14061600,0,0,0,0,0,0,0,0,0,0,0,0,0,0,0,0
"Finland",26200,0,0,26200,0,0,9825000,39273800,0,3392900,0,0,0,0,0,0,8816300,0,0,0,0,26200,0,0,0,49832400,0,0,26200,0,39300,207019300,52400,0,0,0,0,0,340600,13100,0,3346761800,0,0,366800,0,26200,0,0,4919756900,694300,0,0,24510600,0,0,39300,0,0,1819947900,13100,26200,0,11580400,0,0,0,0,0,0,0,2548600,0,275100,137104600,393000,687867900,0,52400,13100,18300700,23409700,0,314400,0,1972667200,0,0,13100,26200,0,728255200,52400,1372176300,0,31383900,0,0,0,804792700,13100,0,0,117900,0,0,157200,0,0,91700,0,13100,0,13100,0,13100,113777800,0,0,0,0,1427900,0,0,26200,860552100,13100,13100,1420407500,0,0,26200,8436400,2444682700,53421800,0,0,0,37151600,0,17082400,0,5802605400,13100,0,0,0,27719600,0,0,0,0,589500,99424600,0,550200,60334200,0,0,0,32047941400,11596133.3333333,0,0,35435500,0,117900,0,0,0,0,0,9039000,77578200,15733.3333333333,0,214604900,16060600,358745933.333333,0,26200,13100,0,0,0,0,0,13100,5580600,2030500,104800,0,0,0,0
"France",33745600,131700,97608200,13355175966.6667,1522400,54710400,13600828200,13637328366.6667,576400,159586866.666667,13100,2135300,0,0,13100,0,4074374233.33333,0,0,0,0,3591738033.33333,39300,44356600,1172694033.33333,21313072233.3333,125904100,22906900,2082900,96829900,899396400,5449699266.66667,191871200,172404600,462012200,0,4912500,5986700,236329200,13396900,983495400,6583869000,340600,89324500,427537900,2502100,3229258266.66667,1441000,16387800,321379766.666667,0,0,11418769633.3333,0,2535259033.33333,343768700,318237933.333333,1265949800,2043600,280324911633.333,49156100,83329100,0,5073480233.33333,0,0,4200700,146660000,3366700,20104100,65500,1954341566.66667,4279472533.33333,12522493000,2388885500,48904800,1335084766.66667,396250000,103201800,6876396166.66667,8534922533.33333,179646794666.667,1699908500,42697700,26200,14633274300,661195100,0,33499700,68120500,0,6400485000,587917900,1105280533.33333,17728600,650754800,0,11318400,1045249200,863158000,24292500,561304700,13100,450188100,14374400,549042400,298956500,474996800,1071485866.66667,1068318333.33333,3707300,3748618733.33333,31309000,383784833.333333,4218200,235800,163339168466.667,0,2642205433.33333,14536600,175853400,299063400,39300,123148400,27749500,13941075733.3333,1620600,3196400,8395013800,0,2711700,28977200,471523200,112240579100,19578779066.6667,0,0,13100,590650000,0,2729947900,69967100,17152641700,379900,3720400,0,26999100,2469168266.66667,4072943866.66667,48819000,13108700,668726533.333333,5841868600,1003744033.33333,1113500,1588917466.66667,206103803800,0,0,0,20366041833.3333,77557541900,704720000,0,2734606466.66667,3209500,979747966.666667,303538700,0,68808600,99278100,1156194133.33333,14979678266.6667,4200175333.33333,18981900,0,283038356333.333,1211507066.66667,33493568700,495716300,41304300,4323000,406100,254305500,42928700,49145400,72718100,0,394811781400,5984219033.33333,2133590333.33333,1689900,0,0,318500300
"French Polynesia",0,0,0,0,0,0,0,0,0,0,0,0,0,0,0,0,0,0,0,0,0,0,0,0,0,0,0,0,0,0,0,0,0,0,0,0,0,0,0,0,0,0,0,0,0,0,0,0,0,0,0,0,0,1233700,0,0,0,0,0,0,0,0,0,0,0,0,0,0,0,0,0,0,0,0,0,0,0,0,0,0,0,0,0,0,0,235800,0,0,0,0,0,0,0,0,0,0,0,0,0,0,0,0,0,0,0,0,0,0,0,0,0,0,0,0,0,0,0,0,0,0,0,0,0,0,0,0,0,0,0,0,0,0,0,0,0,0,0,0,0,0,0,0,0,0,0,0,0,0,0,0,0,0,0,0,0,0,0,0,0,0,0,0,0,0,0,0,0,0,0,0,0,0,0,0,0,0,0,0,0,0,0,0,0,0,0,0,0,0,0,0,0,0,0,0,0
"Djibouti",0,0,0,0,0,0,0,0,0,0,0,0,0,0,0,0,0,0,0,0,0,0,0,0,0,0,0,0,0,0,0,0,0,0,0,0,0,0,0,0,0,0,0,0,0,0,0,0,0,0,0,0,0,0,0,0,0,0,0,0,0,0,0,0,0,0,0,0,0,0,0,0,0,0,0,0,0,0,0,0,0,0,0,0,0,0,0,0,0,0,0,0,0,0,0,0,0,0,0,0,0,0,0,0,0,0,0,0,0,0,0,0,0,0,0,0,0,0,0,0,0,0,0,0,0,0,0,0,0,0,0,0,0,0,0,0,0,0,0,0,0,0,0,0,0,0,0,0,0,0,0,0,0,0,0,0,0,0,0,0,0,104800,0,0,0,0,0,0,0,0,0,0,0,0,0,0,0,0,0,0,0,0,0,0,0,0,0,0,0,0,0,0,0,0,0
"Georgia",526715000,0,0,0,0,0,15366300,0,0,0,0,0,0,0,0,0,0,0,0,0,0,0,0,0,0,26200,0,0,0,0,0,1296900,5318600,0,0,0,0,0,0,308060000,0,0,0,0,0,0,0,0,0,95983700,0,0,0,0,0,0,0,0,0,0,0,0,0,0,0,0,0,0,0,0,0,0,0,0,0,13100,0,704583500,160448800,0,15366300,0,0,0,0,52400,0,0,0,0,0,0,1742300,26200,0,0,0,0,0,0,0,0,0,0,0,0,0,0,0,0,0,0,0,0,0,0,0,0,0,0,0,0,0,0,0,0,0,0,0,0,0,0,0,0,0,0,0,0,1729200,0,0,0,21051700,0,0,0,0,179574800,0,0,0,0,0,123755700,0,0,0,0,0,0,0,0,0,0,0,0,0,0,0,0,0,0,123965300,52400,0,0,0,602600,5187600,0,0,31374500,0,0,0,26724000,0,0,0,0,0,0,0,0,0
"Gabon",0,0,0,0,0,0,0,0,0,0,0,0,0,0,0,0,0,0,0,0,0,0,0,0,0,0,0,0,0,0,0,0,0,0,0,0,0,0,0,0,0,0,0,0,0,0,0,0,0,88513200,0,0,0,41400,0,0,0,0,0,1918200,34900,0,0,0,0,0,0,0,0,0,0,0,0,0,0,0,0,0,0,0,0,0,0,0,0,0,0,0,0,0,0,0,0,0,0,0,0,0,0,0,0,0,0,0,0,0,0,0,0,0,0,0,0,0,0,0,0,0,0,0,0,0,0,0,0,0,0,0,0,0,0,0,0,0,0,0,0,0,0,0,0,0,53493333.3333333,0,0,0,0,0,0,0,0,0,0,0,0,0,0,0,0,0,0,0,0,0,0,0,0,0,0,0,0,0,0,0,0,0,0,0,0,0,0,0,0,0,0,0,0,0,0,0,0,0,0,0,0
"Gambia",0,0,0,0,0,0,0,0,0,0,0,0,0,0,0,0,0,0,0,0,0,0,0,0,0,0,0,0,0,0,0,0,0,0,0,0,0,0,0,0,0,0,0,0,0,0,0,0,0,0,0,0,0,0,0,0,0,0,0,0,0,0,0,0,0,0,0,0,0,0,0,0,0,0,0,0,0,0,0,0,0,0,0,0,0,0,0,0,0,0,0,0,0,0,0,0,0,0,0,0,0,0,0,0,0,589500,0,0,0,0,0,0,0,0,0,0,0,0,0,0,0,0,0,0,0,0,0,0,0,0,0,0,0,0,0,0,0,0,0,0,0,0,0,0,0,0,0,0,0,0,0,0,0,0,0,0,0,0,0,0,0,0,0,0,0,0,0,0,0,0,0,0,0,0,0,0,0,0,0,0,0,0,0,0,0,0,0,0,0,0,0,0,0,0,0
"Germany",1551081400,25531900,2224664200,8686985166.66667,170300,1518086366.66667,45397890400,235321427200,131000,724553300,87247300,26780000,0,0,89604000,1231400,8380397066.66667,0,0,0,115384800,52882283666.6667,60967400,0,94558900,39011819400,6283300,113970000,108273800,0,10438285600,9716068333.33333,5898840100,0,55499100,0,270213700,6851300,2815782200,840819000,0,84160579466.6667,0,548160400,5425985233.33333,1057156900,7180276800,51680700,0,8583914266.66667,266100300,62356000,39352111033.3333,580746901500,352298300,3995500,1909044500,0,2986800,0,6676775766.66667,50522000,0,36479877666.6667,0,0,400604000,3523900,0,0,25243700,6096103300,79769648900,65526696600,1470381633.33333,1142544400,3850512500,4993762466.66667,1801699400,23371988300,21629192600,368236895933.333,10073900,6881484500,34665000,6953930000,1727925800,510873800,396500600,59578800,812200,13230155800,4416171400,7937645600,30300300,3312129900,0,449657500,2631182300,23595789200,393000,55849300,1807800,4687335400,629865800,162846100,826723800,577000,930694500,7214128466.66667,6272835500,4400072233.33333,0,1814125600,122589800,177793200,362512595666.667,0,812200,2893853533.33333,0,1519356800,16754900,733600,711146200,22258547900,49845500,555793700,138773450633.333,3117800,530274900,1403652900,6500299000,571155159900,46336179900,0,0,0,1796625900,183400,119848709600,16375000,161603840866.667,0,104800,0,0,18604414900,130816600,114860800,43989800,22192634300,52843332233.3333,10279673433.3333,144100,11188587300,154683493400,400282900,66338400,0,91170003366.6667,127325289833.333,2547348300,182628600,4394093766.66667,9458200,2748081600,11999600,0,322803200,901316900,2124808700,33151770033.3333,13566751133.3333,27732700,0,401220038700,42318686333.3333,106974094533.333,0,4755890300,615443000,37020600,1938888400,124701200,526205400,41830700,2384200,532560084333.333,6207473566.66667,22102100333.3333,993294400,121754500,0,904725300
"Bosnia and Herzegovina",0,0,96769700,0,0,0,30638500,308950400,0,0,0,0,0,0,0,0,0,0,0,0,0,0,0,0,0,288200,0,0,0,0,0,0,0,1729200,0,0,0,0,0,0,0,0,0,0,0,0,0,0,0,0,0,0,0,0,0,0,0,0,0,239009500,0,0,0,0,0,0,0,0,0,0,0,0,777550500,1280448900,0,15222200,0,0,3772800,0,0,126600,0,0,0,0,0,0,0,0,0,0,26553700,0,0,0,0,0,70019500,0,0,0,0,0,0,0,0,0,0,0,0,0,0,0,0,0,722694033.333333,0,0,2511296200,0,0,0,0,0,0,0,0,0,0,0,0,0,84246100,0,0,0,0,0,0,84861800,0,19178400,0,0,0,0,56199000,0,0,0,260999700,0,0,0,0,0,0,0,0,8973500,0,0,0,0,0,0,0,0,0,0,0,74905800,129428000,0,0,1991200,62984800,15561000,0,0,0,0,0,0,0,0,0,5645700,0,7570907400,2707523900,0,0,5397200
"Ghana",257784200,0,0,8269666666.66667,829500,1058893800,2985509600,1424100,0,0,0,0,0,0,0,0,92822510966.6667,0,0,0,0,11852383266.6667,0,0,8482500,81130049466.6667,0,0,34500000,0,0,46348989733.3333,23255100,0,0,0,0,0,118500,52200,11030200,1000500,0,41855700,3570366433.33333,0,14006323633.3333,0,0,60996203133.3333,0,0,0,234335864066.667,0,0,9290400,308100,52400,219798426633.333,556958700,0,0,2309070000,0,0,41812200,0,0,0,0,0,3365400,220266666.666667,8700,10923890133.3333,48136257633.3333,0,0,283100,3553465933.33333,84138113266.6667,889527500,10981322400,52200000,181730350766.667,1359651266.66667,0,886586400,1996611600,0,18755827033.3333,291600,361898133.333333,0,655030833.333333,0,2511600,0,0,0,0,118500,316721092000,0,14672000,0,0,0,996692666.666667,0,1356953766.66667,0,6310733.33333333,134100,0,867910176966.667,0,0,944414866.666667,0,13091913866.6667,0,21257900,5868532100,5285000,1963616666.66667,2.967e+09,0,0,0,0,238719866.666667,62802534133.3333,2338959433.33333,0,0,0,930000,711000,0,390000,68097969600,0,0,0,0,901699300,29632200,0,7034800,1066500,0,85574883366.6667,0,3489285433.33333,185593787033.333,0,9483000,0,174000,76295937666.6667,36540000,0,672781633.333333,542000,1231717066.66667,131460900,0,11960600,0,8269860000,123213098133.333,11004251833.3333,0,0,72756996300,26758583066.6667,330018275033.333,2062074200,1983086700,1090039566.66667,0,0,6.9e+08,73080000,0,4147500,202981196933.333,0,3705862166.66667,390600,8776200,0,0
"Kiribati",0,0,0,0,0,0,0,0,0,0,0,0,0,0,0,0,0,0,0,0,0,0,0,0,0,0,0,0,0,0,0,0,0,0,0,0,0,0,0,0,0,0,0,0,0,0,0,0,0,0,0,0,0,0,0,0,0,0,0,0,0,0,0,0,0,0,0,0,0,0,0,0,0,0,0,0,0,0,0,0,0,0,0,0,0,0,0,0,0,0,0,0,0,0,0,0,0,0,0,0,0,0,0,0,0,0,0,0,0,0,0,0,0,0,0,0,0,0,0,0,0,0,0,0,0,0,0,0,0,0,0,0,0,0,0,0,0,0,0,0,0,0,0,0,0,0,0,0,0,0,0,0,0,0,0,0,0,0,0,0,0,0,0,0,0,0,0,0,0,0,0,0,0,0,0,0,0,0,0,0,0,0,0,0,0,0,0,0,0,0,0,0,0,0,0
"Greece",4152700,0,3874722466.66667,3406000,0,0,327945400,32370000,379900,3707300,0,4991100,0,0,0,0,1375500,0,0,0,0,5163476800,0,0,0,243982700,0,0,0,0,21130300,44553100,0,0,99651700,0,1087300,0,7711121366.66667,1310000,0,166597000,0,0,0,0,3854321300,0,0,19910400,0,0,71058000,7174778300,0,0,1205200,0,0,1610464100,131000,0,0,0,0,0,0,0,0,0,0,524000,94724600,324487000,786000,1820900,3903800,0,78459300,121096400,1473291500,150823433.333333,0,453700,0,220381300,74159100,0,0,0,0,165335100,80827000,84809400,0,889070800,0,1742300,3171785100,24510100,0,117638000,0,0,0,0,143389300,0,94765400,0,2737900,18326900,0,2502100,14187300,0,1441982700,0,0,760163233.333333,0,513428300,0,0,589500,149733000,52400,103843700,102232400,0,0,668100,6340400,1016560100,62788300,0,0,0,85778800,0,2293785666.66667,0,97540900,0,0,0,0,320963100,0,1519600,0,16422400,105206100,47061500,0,624188800,1506952800,0,0,0,114694600,32372733.3333333,0,0,1768500,0,0,13100,0,0,4034800,57826666.6666667,265890700,499568000,1414800,0,7337697600,93075500,880000100,0,0,0,0,0,2047300,114402300,251716500,6484500,915371200,799100,239704100,13362000,0,0,158654100
"Greenland",0,0,0,0,0,0,0,0,0,0,0,0,0,0,0,0,0,0,0,0,0,0,0,0,0,0,0,0,0,0,0,0,0,0,0,0,0,0,0,0,0,0,0,0,0,0,0,0,0,0,0,0,0,0,0,0,0,0,0,0,0,0,0,0,0,0,0,0,0,0,0,0,0,0,0,0,0,0,0,0,0,0,0,0,0,0,0,0,0,0,0,0,0,0,0,0,0,0,0,0,0,0,0,0,0,0,0,0,0,0,0,0,0,0,0,0,0,0,0,0,0,0,0,0,0,0,0,0,0,0,0,0,0,0,0,0,0,0,0,0,0,0,0,0,0,0,0,0,0,0,0,0,0,0,0,0,0,0,0,0,0,0,0,0,0,0,0,0,0,0,0,0,0,0,0,0,0,0,0,0,0,0,0,0,0,0,0,0,0,0,0,0,0,0,0
"Grenada",0,0,0,0,559500,0,17512200,0,0,0,1725000,0,0,0,0,0,0,0,0,0,0,0,0,0,0,0,0,0,0,0,0,0,0,0,0,0,0,0,0,0,0,0,215900,0,0,0,0,0,0,0,0,0,0,0,0,0,0,75900000,0,39300,0,0,0,0,0,0,0,0,0,0,0,0,0,0,0,0,0,0,0,0,0,9646200,0,0,0,0,0,0,0,0,0,0,0,0,0,0,0,0,0,0,0,0,0,0,0,0,0,0,0,0,0,0,0,0,0,0,0,0,0,0,0,0,0,0,0,0,0,0,0,0,0,0,0,0,0,0,0,0,0,0,0,0,2898000,0,0,0,0,0,0,0,0,0,0,0,0,0,0,0,0,0,0,0,0,0,0,0,0,0,0,82800,0,0,0,798600,0,0,5885433.33333333,0,5383200,0,0,0,0,0,0,0,0,0,0,0,0,0,0,0,0
"Guatemala",0,0,0,0,0,0,4996000,0,0,0,0,0,0,0,0,0,0,0,136187600,0,0,0,0,0,0,1362400,0,0,0,0,0,0,0,0,0,0,2175537000,68722600,0,0,0,4140000,0,3637267400,0,0,0,5558378600,0,0,0,0,0,53072500,0,0,0,0,0,31880100,0,0,0,0,0,0,0,0,956300,0,7394177600,0,0,0,4630433.33333333,0,0,0,0,0,0,256124600,0,0,0,9614400,0,0,0,0,0,10915800,0,0,0,0,0,0,0,0,0,0,0,0,0,0,0,0,0,2007445200,0,0,0,0,0,0,196450800,0,0,0,0,877700,1629876300,0,0,0,0,257622700,0,0,0,0,0,0,0,0,0,0,0,0,0,0,0,0,0,0,0,0,0,0,0,0,0,0,0,0,0,0,0,0,293466.666666667,0,0,0,703800,0,0,0,0,0,0,0,0,0,0,0,1361200,0,1922862633.33333,0,0,0,14252800,0,0,0,0,0,24606900,0,0,0,0,0,0
"Guinea",196500,0,0,0,0,0,0,0,0,0,0,0,0,0,0,0,0,0,0,0,0,69289800,0,0,0,2939000,0,0,0,0,0,0,0,0,0,0,0,0,0,0,0,0,0,0,256224600,0,0,0,0,0,0,0,0,0,0,0,0,0,0,1167604200,17617500,0,0,0,0,0,0,0,0,0,0,0,0,0,0,1377391800,3610231800,0,0,0,0,0,0,0,0,0,1469400,0,0,0,0,0,0,0,0,0,0,0,0,0,0,0,0,16002328200,0,0,0,0,0,0,0,0,0,0,0,0,50908180100,0,0,0,0,0,0,10480000,0,0,0,0,0,0,0,0,0,0,0,0,0,0,0,0,0,0,0,0,0,0,0,0,0,0,0,0,0,38384400,0,0,2207696400,0,0,0,6872400,289800,0,0,0,248900,107612400,0,0,0,0,0,966690000,348615600,0,0,0,55545000,0,0,0,0,0,0,0,0,0,0,8360509200,0,0,0,0,0,0
"Guyana",0,0,0,0,237000,0,0,0,0,0,0,0,0,0,0,0,0,0,0,0,0,0,0,0,0,7807600,0,0,0,0,0,0,0,0,0,0,0,0,0,0,0,0,0,0,0,0,0,0,0,0,0,0,0,0,0,0,0,0,0,0,0,0,0,0,0,0,0,0,0,0,0,0,0,0,0,0,0,0,0,0,0,0,0,0,0,0,0,0,0,0,0,0,0,0,0,0,0,0,0,0,0,0,0,0,0,0,0,0,0,0,0,0,0,0,0,0,0,0,0,0,0,0,0,0,0,0,0,0,0,0,0,0,0,0,0,0,0,0,0,0,0,0,0,23700,0,23700,0,0,0,0,0,0,0,0,0,0,0,0,0,0,0,0,0,0,0,0,0,0,0,13100,0,0,0,0,0,0,0,0,118500,0,0,0,0,0,0,0,0,0,0,0,0,0,0,0,0
"Haiti",0,0,0,0,0,0,0,0,0,0,0,0,0,0,0,0,0,0,0,0,0,0,0,0,0,0,0,0,0,0,0,0,0,0,0,0,0,0,0,0,0,0,0,0,0,0,0,0,0,0,0,0,0,0,0,0,0,0,0,0,0,0,0,0,0,0,0,0,0,0,0,0,0,0,0,0,0,0,0,0,0,0,0,0,0,0,0,0,0,0,0,0,0,0,0,0,0,0,0,0,0,0,0,0,0,0,0,0,0,0,0,0,0,0,0,0,0,0,0,0,0,0,0,0,0,0,0,0,0,0,0,0,0,0,0,0,0,0,0,0,0,0,0,0,0,0,0,0,0,0,0,0,0,0,0,0,0,0,0,0,0,0,0,0,0,0,0,0,0,0,0,0,0,0,0,0,0,0,0,0,0,0,0,0,0,0,0,0,0,0,0,0,0,0,0
"Honduras",0,0,0,0,0,0,5616600,141600,0,0,0,0,0,0,87000,0,0,0,0,0,0,0,0,0,0,10358133.3333333,0,0,0,0,379900,2074800,0,0,0,0,41473000,0,0,0,0,0,0,0,0,0,0,284914000,0,0,0,0,0,52757400,0,0,0,0,0,0,0,0,0,0,0,0,12577000,0,800400,0,0,0,0,0,0,0,0,0,0,0,0,1393800,0,0,0,0,0,0,0,0,0,1393800,0,0,0,0,0,0,0,0,0,0,0,0,0,0,0,0,0,0,0,0,0,0,0,0,211015800,0,0,0,0,0,12691500,0,0,0,0,0,0,0,0,0,0,0,0,0,0,0,0,0,0,0,0,0,0,0,0,0,0,0,0,0,0,0,0,0,4514666.66666667,0,0,0,0,1197232800,0,0,2014800,0,0,0,0,0,0,0,39606000,0,0,0,55669200,1669800,129100600,0,0,0,0,0,0,0,0,0,0,0,0,0,0,0,0
"Hong Kong SAR, China",0,0,0,0,0,0,696422200,0,0,0,0,0,0,0,0,0,0,0,0,615700,969400,0,0,0,0,4842300,0,0,0,0,0,39633153100,0,0,0,0,0,0,0,0,0,0,0,0,0,0,0,0,0,0,0,0,0,0,0,0,0,0,0,91700,0,0,0,0,0,0,0,0,0,0,0,0,0,0,0,0,212822600,0,0,0,9196200,135768400,0,0,0,3213678900,0,0,0,87350800,0,5430030800,0,0,0,0,0,0,0,0,7831674500,0,0,202395000,0,0,0,0,0,0,23187000,0,0,0,0,0,0,0,0,0,0,19754800,0,0,0,0,0,0,0,0,0,0,726722500,9039000,0,0,0,0,0,0,0,0,0,0,0,0,0,0,0,0,0,0,0,1326113000,0,0,0,0,0,0,0,0,0,0,2321071100,0,649026400,0,0,0,0,0,0,0,0,0,8143200,0,3325683500,0,0,0,0,50683900,0,0,0,0,969400,0,0,0,0,0,0
"Hungary",314400,524000,203325100,265065400,0,6157000,554295100,3219764033.33333,0,86997100,12078200,132323100,0,0,21798400,0,698936400,0,0,0,1152800,4130694100,19243900,0,0,1160733000,144100,0,30785000,0,71421100,131890800,0,0,65500,0,3956200,0,77473400,18143000,131000,6503483100,655000,118070300,34950800,930100,3013000,0,0,579542200,0,0,231969800,3883047600,2973700,0,2462800,0,0,24816682300,1167175000,26200,0,3025126500,0,0,0,0,0,0,0,132781600,0,5395709700,46243000,1105913600,44933000,157278600,70556600,573452400,716190100,4369172500,10964700,550200,0,97450900,49059500,183400,0,0,0,71879700,127096200,609307200,0,55923900,0,0,12340200,3015379400,5672300,340600,0,87953400,0,0,49256000,0,3445300,0,80289900,71434300,0,1019271700,0,42457100,1953402600,0,1008700,371464666.666667,0,28990300,0,0,0,567714700,12824900,0,18607350666.6667,0,0,6615500,0,10876936400,652691900,0,0,0,92748000,0,19010655400,0,10014845200,0,0,0,0,90940200,1139700,0,0,980878500,15174353200,39588200,1362400,48601000,3446356500,0,0,0,7880334533.33333,463332100,0,0,27575500,0,21641200,0,0,0,28597300,18143500,1374766400,191246900,0,0,15148523900,6725046800,603032300,0,0,10977800,0,66482500,0,0,0,0,1772217700,49387000,9034310333.33333,73477900,0,0,4585000
"Croatia",0,0,1854246500,0,0,0,217630300,3362045800,0,0,0,0,0,0,7742100,0,0,0,0,0,0,519197900,0,0,0,388733500,0,0,0,0,0,20658700,3772800,0,0,0,0,0,1991200,0,0,5253100,0,0,13100,1716100,170719200,0,0,1585100,0,0,6746500,78742900,0,0,0,0,0,19170788900,28787969800,0,0,39300,0,0,0,0,0,0,0,26317900,1040536100,0,131000,655000,0,0,9052100,361752100,849744600,18193400,0,563300,0,5672300,70582800,0,13925300,0,0,6445200,12038900,4912500,0,9392700,0,0,152038600,17874600,0,0,0,131000,484700,0,43059700,0,0,0,0,0,0,0,0,0,1273918200,0,0,7211618600,0,668100,0,0,0,20331200,0,0,865713500,0,0,2803400,0,518430000,20774100,0,0,0,21811500,0,782220000,0,85975300,0,0,0,0,111140400,0,0,0,26599573000,788751000,65500,0,5213800,1537379300,0,0,0,1536027400,271593000,0,0,4336100,0,0,0,0,0,13335800,0,4847000,57089800,0,0,1098600600,18248300,1410209900,0,0,0,0,0,0,0,0,0,574846200,8122000,25050570700,6858750300,0,0,0
"Iceland",0,0,0,0,0,0,393000,52400,0,0,0,0,0,0,0,0,0,0,0,0,0,0,0,0,0,18536500,0,0,0,0,13100,10990900,0,0,0,0,0,0,0,0,0,138493200,0,0,0,0,0,0,0,13100,127607100,0,39300,3078500,0,0,0,0,0,57915100,0,0,0,13100,0,0,0,0,0,0,0,1165900,13100,0,0,26200,0,0,0,65500,0,13100,0,0,0,379900,0,0,0,0,0,13100,13100,0,0,0,0,0,0,0,0,0,0,39300,0,0,0,0,0,0,0,0,0,0,0,0,1716100,0,0,0,0,0,0,0,0,138611100,0,0,65500,0,0,0,26200,6248700,26200,0,0,0,13100,0,0,0,26200,0,0,0,0,0,0,0,0,0,13100,248900,0,0,39300,0,0,0,142252900,681200,0,0,13100,0,13100,0,0,0,0,0,0,144100,0,0,12982100,13100,382061500,0,0,0,0,52400,0,0,0,0,183400,340600,0,0,0,0,0
"India",4585000,4414700,0,236468100,23700,0,317605466.666667,47400,0,64575200,26200,1735153900,0,578393400,0,1113500,3799438033.33333,0,0,1061100,60491500,0,936335600,301300,129960000,207775633.333333,3799000,930100,1223568600,0,616200,240409300,0,27553500,77298600,0,5633000,0,13100,0,975936900,458400,0,127227200,0,3772800,847478300,53762400,38304400,0,0,13101300,0,334418766.666667,0,36457700,0,75141600,56107300,6475736100,0,456757000,131000,0,0,39300,91922700,637981700,39889500,799165500,0,756949166.666667,1232400,0,0,0,5997913600,1822800,201171700,0,131917000,2013000,34767400,0,61100,26232000,259314500,118500,880473166.666667,0,0,31688900,819838700,0,0,43308600,0,242533400,107105600,0,0,59651800,2719300,2968057466.66667,415590100,80394700,0,468914500,36058100,234516200,3013000,230822000,29537100,0,32501100,6308564066.66667,11083402000,0,0,0,3825200,39628800,0,623167000,3912236300,222700,21405400,68355800,6821400,0,44225600,13100,2983529633.33333,653100,0,26121400,0,0,347990200,327500,0,1842600,34220200,0,0,1048000,7152600,3213177500,1193296300,9877400,955741600,0,0,397391000,1824450100,590666033.333333,10874100,427900,0,0,628800,87042200,0,237000,4908600,582245500,1264288800,3473320900,0,13100,420805700,66875500,6186834300,4095952100,22649000,0,34342100,223800,49404752400,43793300,0,7886200,34413700,436466500,204531000,176260500,77514300,2061300,82965900,104800,0,0,135658600,3144000,537100
"Indonesia",25269900,37845000,13920000,544898400,0,150510000,76725839066.6667,2691000,0,657253200,0,2960801400,0,0,0,0,25676649500,0,0,86538600,475341500,2607320400,786599400,0,434591100,36814806500,0,0,2058967800,0,547457200,144809250266.667,127020000,0,30450000,0,0,0,0,0,0,216704000,0,50895000,0,166900800,19097483433.3333,0,0,82828275300,0,269706500,25574400,25933263300,0,48198000,50894700,39680700,383679300,72684158000,262270200,87036400,3825200,690068800,0,0,982500,0,18615100,0,0,670240666.666667,186719400,14790000,0,161040977433.333,0,958626500,250114500,0,13957403600,1034900,0,0,0,41719093700,562285700,282670800,211472300,181055100,0,4960330666.66667,1110653800,89114100,4689800,600842000,0,14803000,42078400,86447200,5502000,96612500,0,223266002866.667,190563700,3458400,0,11711400,27681600,30054707100,0,392370000,26375100,0,0,40445200,115664827300,0,1375500,0,72888400,8473197466.66667,0,57757900,734045000,0,14048496833.3333,30310800,13100,97572700,14790000,0,48932970333.3333,79657400,66692100,0,482869700,0,965362400,46562400,29580000,0,54143030600,0,0,0,0,3252136600,9720200,39300,0,100171800,0,11026849566.6667,0,16859536566.6667,27729227000,0,0,0,0,105416400,368212800,2358000,1090298033.33333,143811800,18296594700,8646000,44997900,0,709312600,0,12428158000,17819117800,353700,170300,4804287500,4856337600,325941354100,0,482908100,63901800,1126600,11217557966.6667,50412200,332966800,0,0,1417598000,0,14790000,0,64570000,0,10597900
"Iran (Islamic Republic of)",0,0,0,0,0,0,2370000,26100,0,0,0,0,0,0,0,0,0,0,0,0,0,0,0,0,0,162600,0,0,0,0,0,0,0,0,0,0,0,0,0,0,0,0,0,0,0,0,0,0,0,0,0,0,0,13800,0,0,8700,0,0,34800,0,0,0,0,0,0,0,0,0,0,0,0,0,0,0,0,0,0,0,0,0,0,0,0,0,0,0,0,19079100,0,0,0,983100,0,0,22425733.3333333,0,0,0,0,0,0,0,0,0,0,0,0,0,0,0,0,0,0,0,0,156600,0,0,0,0,0,0,0,0,0,0,0,0,0,0,0,0,0,0,0,0,0,0,0,0,130500,0,0,0,0,0,0,0,0,0,0,0,0,0,0,0,0,19220766.6666667,0,0,34800,0,0,0,0,0,0,0,0,16660500,0,0,0,0,0,0,0,0,0,0,0,0,0,0,0,0,0,0,0,0,0,0,0,0
"Iraq",0,0,0,0,0,0,0,0,0,0,0,0,0,0,0,0,0,0,0,0,0,0,0,0,0,0,0,0,0,0,0,0,0,0,0,0,0,0,0,0,0,0,0,0,0,0,0,0,0,0,0,0,0,0,0,0,0,0,0,0,0,0,0,0,0,0,0,0,0,0,0,0,0,0,0,0,0,0,0,0,0,0,0,0,0,0,0,0,0,0,0,0,0,0,0,0,0,0,0,0,0,0,0,0,0,0,0,0,0,0,0,0,0,0,0,0,0,0,0,0,0,0,0,0,0,0,0,0,0,0,0,0,0,0,0,0,0,0,0,0,0,0,0,0,0,0,0,0,0,0,0,0,0,0,0,0,0,0,0,0,0,0,0,0,0,0,0,0,0,0,0,0,0,0,0,0,0,0,0,0,0,0,0,0,0,0,0,0,0,0,0,0,0,0,0
"Ireland",0,0,0,39300,0,13100,415073500,9995300,0,25283000,0,0,0,0,0,0,13100,0,0,0,0,6563100,26200,0,0,5727411700,812200,0,13100,0,26200,8986600,0,0,0,0,0,0,76926900,0,0,25415500,0,0,0,0,1374818800,0,0,3982400,0,0,45889300,314164200,0,0,152700,0,0,2969156700,0,13100,0,54312600,0,0,0,0,0,0,0,18169700,13493000,57797200,0,139868700,5567500,13100,26200,0,0,67543600,0,0,0,13728800,0,0,183400,0,0,10611000,15733100,12589100,0,8934200,0,0,6104600,5842600,1703000,0,0,14920900,0,0,32073100,0,0,956300,0,0,0,26200,0,0,2444171800,0,0,0,0,198294700,0,0,393000,36981300,3183300,0,27300400,65500,0,0,20933800,413461500,107000800,0,0,13100,72547800,13100,31440000,0,131000,0,0,0,0,226551400,0,0,0,15824800,36195300,98931200,0,3316959300,258528500,0,0,0,116066000,33680100,0,0,20331200,0,13073800,0,0,3772800,3209500,39300,13100,498086700,0,0,196340955266.667,27156300,35982106200,0,0,0,13100,3694200,18182800,0,1048000,0,368358700,10807500,26200,39221400,0,0,0
"Israel",0,0,0,0,0,602600,211706100,6026000,0,0,0,0,0,0,0,0,10073900,0,0,0,0,0,0,0,1008700,325538200,0,0,0,0,104577300,3013000,0,0,0,0,0,0,9209300,0,0,6183200,0,1820900,0,0,6458300,0,0,0,0,196500,0,462954000,0,0,1807800,0,0,33009700,0,1008700,0,0,0,0,0,0,0,0,0,602600,28571100,1414800,0,0,0,0,0,284400,0,26920500,0,0,0,11279100,6838200,0,0,0,0,0,0,406100,0,0,0,0,0,17645700,0,0,0,0,0,0,0,0,0,2567600,0,0,0,0,0,0,14750600,0,0,2659300,0,0,0,0,0,0,0,15680700,0,0,0,0,0,1938800,0,0,0,0,0,0,196500,0,44959200,0,0,0,0,0,0,0,0,20108500,406100,3157100,0,41513900,4427800,0,0,0,13479900,3553800,0,0,0,0,4938700,0,0,0,0,0,0,1336200,0,0,1215103600,5080000,10337864500,0,0,0,0,0,0,0,0,0,91428700,0,0,0,0,0,0
"Italy",1229245600,8593600,2771562300,5930177600,2418100,1997739700,36486332566.6667,37406848833.3333,21051700,1285959700,1492400,94267600,0,0,202362900,1323100,10824283966.6667,0,0,0,296191000,4676885466.66667,56906400,748200,487292300,26994035933.3333,17475500,0,515013400,0,11899781000,8231601800,1921437400,22820200,213948800,0,120648900,172451300,4117689300,603494900,8200600,5821506300,0,966094400,966072600,1851615100,8255580700,22165200,40688600,754892700,0,0,2036849766.66667,234827041666.667,1067820300,160015800,2548332300,109450500,0,138854323466.667,3600257333.33333,404042800,0,20188983133.3333,0,471600,51522300,84550800,4178900,0,8868300,21623346600,17049682100,8465344333.33333,60548200,4677877333.33333,1130252700,75909700,908326200,3242783533.33333,33156417900,0,816090700,216625500,54425500,15582124900,7451323400,497800,489837100,28165000,0,6612887600,5787557900,943725233.333333,0,4358467100,0,537100,12804782900,1946791666.66667,1034900,386546700,812200,6716767200,133855800,474572600,6081764866.66667,133855800,1506485900,2781650566.66667,43963600,8313283366.66667,69076300,532907300,3733500,32514200,37599264866.6667,0,1412157466.66667,2362486900,1152800,1531768300,4611200,4034800,495088300,1031927500,1319527400,58315300,18429462533.3333,3379800,79411100,2220463300,1831770000,93804052566.6667,22821703366.6667,589500,0,1663700,3084325100,0,15274060266.6667,58386700,36097501766.6667,0,0,0,0,27645608633.3333,1330442800,50991200,70232500,11403411433.3333,1936891400,8737400000,44225600,12574856500,69907947466.6667,5344800,9720200,0,12722153733.3333,9817335066.66667,8161300,8894900,4238228066.66667,7021600,2627913800,0,0,7532500,2962634300,926715900,15527461000,17050324166.6667,46229900,0,105326515866.667,6988740100,41180925100,0,140545400,126611500,263720100,133947500,110563100,1976934100,179456900,14829200,104421080466.667,394201200,5219084100,421801800,338264700,0,3481049900
"Cote dIvoire",697349333.333333,0,0,1129833333.33333,0,185788500,13868675333.3333,0,0,0,0,0,0,0,0,0,121033010400,0,0,0,0,55968729000,0,0,0,286041999733.333,0,0,145098000,0,1529520000,47305661266.6667,0,0,183400,0,0,0,0,565500,55023700,0,0,0,11609174733.3333,0,2161684533.33333,0,0,198393213100,0,0,0,633497344633.333,0,0,0,21339900,0,656972709833.333,197093100,24591662600,0,378837666.666667,0,0,0,382493800,0,0,0,0,0,2516370000,937861866.666667,8161860600,276847646833.333,0,0,2061900,16829537200,210400063500,0,0,0,6923769533.33333,332441966.666667,0,0,0,0,342214033.333333,0,70843500,0,143566066.666667,0,18078000,0,609296700,0,0,0,679659012200,0,2337773600,0,0,13100,56765050966.6667,3688800,2582719033.33333,0,399077566.666667,0,0,2036881115900,0,0,0,0,157807333.333333,0,70045700,131000,140241233.333333,52400,0,0,0,0,0,0,117783323100,6743106666.66667,0,0,0,0,0,26100,0,97280794433.3333,0,0,0,0,2284196666.66667,2115617300,0,0,71100,0,26028907733.3333,0,7214404433.33333,245792142866.667,0,1131000,0,69600,5085673766.66667,528640000,0,326130000,39300,12798000,167166800,0,0,209600,5872605000,351309245366.667,19784444833.3333,0,0,395867422100,33562716200,1170288324533.33,1311847100,2912533800,216021000,0,0,3598500,66080000,62640000,0,781106021933.333,0,5339777333.33333,0,0,0,0
"Kazakhstan",373804800,11266000,0,0,0,0,0,0,0,0,0,0,0,0,0,0,0,0,0,0,0,0,0,0,0,0,0,0,0,0,0,2844796000,0,0,0,0,0,0,0,924060900,0,0,0,0,127489200,0,0,0,0,13100,0,0,0,21800,0,0,75639400,0,0,558846000,0,0,0,0,0,0,0,0,0,0,0,51483000,0,0,0,0,0,0,0,91700,0,0,0,0,0,0,0,9287343700,0,0,0,353700,0,78600,0,0,0,0,0,13100,0,0,0,0,0,0,0,0,0,0,1748339000,0,0,12733200,0,0,13100,0,0,0,0,0,0,0,0,0,0,0,0,0,0,0,0,170300,0,0,0,0,0,0,2358000,0,30154547300,0,0,0,0,39300,0,0,0,0,0,0,0,0,0,0,2413749400,0,13100,13100,170300,744682600,0,0,0,0,0,0,0,0,91700,39300,0,0,0,325954200,0,0,0,3958075000,0,0,0,0,0,0,0,0,0,13100,0,0,0
"Jamaica",0,0,0,0,25531900,0,0,0,65500,0,52648900,0,0,0,0,0,0,0,56346200,0,0,0,0,0,0,701718533.333333,0,0,0,0,0,1401700,0,0,0,0,0,0,0,0,0,0,4349200,5292400,0,0,0,0,0,0,0,0,0,150571800,0,0,0,0,0,0,0,0,0,8226800,0,12690100,0,0,32505800,0,0,0,0,0,0,0,0,0,0,0,0,1380000,0,0,0,490500,0,0,0,0,0,0,0,0,0,0,0,0,0,0,0,0,0,0,0,0,0,0,0,0,471600,0,0,0,0,0,121105300,0,0,0,0,0,0,0,0,0,0,0,0,0,0,0,0,0,0,0,0,0,0,0,0,0,0,825300,16872800,54165800,0,0,0,0,0,0,0,0,0,0,0,0,0,0,0,132811200,0,0,0,0,0,0,0,164949300,0,0,0,0,0,0,58719900,0,21616800,0,0,0,0,0,0,0,0,0,0,0,0,0,0,0,0
"Japan",0,0,0,0,0,1336200,176535600,0,0,0,0,104800,0,0,0,0,16768000,0,0,0,15392500,0,510900,0,0,232800100,0,0,20711100,0,4375400,5376966333.33333,0,0,0,0,0,0,0,0,0,0,0,0,0,0,0,0,0,26662200,0,0,1572000,13401300,0,0,0,0,0,82081500,0,0,0,0,0,0,0,0,0,0,0,6095214900,0,0,0,58871400,50095200,0,0,0,0,5554400,0,0,0,0,0,445400,0,28767600,0,1066453466.66667,9576100,0,1441000,0,0,0,0,117900,158012200,0,0,344687200,0,0,0,0,0,12941200,20436000,0,0,0,0,812200,227926900,0,2344900,0,0,69272800,0,0,0,0,0,0,0,0,0,0,1475806700,235800,7270500,0,0,0,4139600,0,0,0,216498700,0,0,0,0,8004100,0,0,0,0,1021800,1402022300,0,248900,5999800,0,0,0,1126600,759800,0,0,4241334833.33333,0,732329300,0,0,0,0,0,0,30667100,0,0,8798100,0,3735465000,0,0,0,0,482895900,0,0,0,0,1061100,0,0,0,0,0,0
"Jordan",0,0,0,0,0,0,1479000,248900,0,31073200,0,0,0,0,0,0,0,0,0,0,0,0,0,0,0,296688800,0,0,0,0,0,0,65500,0,0,0,0,0,29042700,0,0,0,0,0,0,0,103686500,0,0,0,0,0,0,1729200,0,327500,0,0,0,7807600,0,0,0,0,0,0,0,0,0,0,0,0,0,0,0,8004100,0,0,2332947300,0,573465600,0,56605100,0,0,0,0,0,20619400,0,0,0,173292200,0,0,235786900,0,0,292758800,0,0,0,0,0,0,0,0,0,0,168701800,0,214695900,0,0,0,0,54739300,0,0,0,0,0,0,0,0,0,20920700,563300,0,0,0,0,0,0,0,0,0,0,340702300,0,1179000,0,0,0,0,0,0,2263327200,0,0,0,0,0,0,0,13741900,0,0,0,0,34780500,0,20880800,0,0,0,0,0,0,0,105576600,87206700,7126400,142221300,0,0,13453700,0,370245300,0,0,0,0,0,8700000,369911000,0,0,0,0,0,0,2685500,0,1890565800
"Kyrgyzstan",0,28584200,0,0,0,0,0,0,0,0,0,0,0,0,0,0,0,0,0,0,0,0,0,0,0,39300,0,0,0,0,0,116799600,0,0,0,0,0,0,0,0,0,0,0,0,0,0,0,0,0,0,0,0,0,0,0,0,0,0,0,0,0,0,0,0,0,0,0,0,0,0,0,0,0,0,0,0,0,0,0,0,0,0,0,280733000,0,131000,0,0,0,0,0,196500,0,26200,0,0,0,0,0,0,0,0,0,0,0,0,0,0,0,0,21208900,0,0,0,0,0,0,0,0,0,0,0,0,0,0,0,0,0,0,0,0,0,0,0,0,0,0,0,0,0,0,0,44092900,0,0,0,0,144100,0,0,0,0,0,0,0,0,0,0,100940700,0,0,0,0,758044600,0,0,0,0,0,0,0,0,0,340600,0,0,0,0,0,0,0,833618500,0,0,0,0,0,0,0,0,0,0,0,0,0
"Kenya",0,0,0,0,0,0,0,144100,0,0,0,0,0,0,0,0,0,0,0,0,0,157200,0,3387800,0,0,0,0,0,0,0,4113400,0,0,95900,0,0,0,0,0,0,13100,0,0,0,0,0,0,0,0,0,0,170300,5174500,0,13100,0,0,0,3353600,0,0,0,0,0,0,0,0,0,0,0,0,0,0,0,26200,0,0,0,13100,0,576400,0,0,0,0,0,0,0,0,0,0,0,0,0,0,0,0,0,0,0,65500,2006700,52400,0,0,0,0,0,0,0,78600,13100,0,0,0,33915900,0,0,0,0,0,0,0,0,0,0,0,248900,0,0,0,0,628800,0,0,0,0,0,0,0,246459400,52400,0,0,0,0,0,0,0,0,0,235800,157200,2698600,43500,1008700,0,0,0,65500,21405400,0,0,0,328304700,0,0,0,0,0,0,406100,2315200,665559400,0,2285000,0,9360900,0,0,0,0,0,6536900,0,35259200,24658500,3209500,301300,0,0,4068800,40713700,0
"Cambodia",0,0,0,0,0,0,0,0,0,0,0,0,0,0,0,0,0,0,0,0,0,0,0,0,0,0,0,0,0,0,0,3001065000,0,0,0,0,0,0,0,0,0,0,0,0,0,0,0,0,0,0,0,0,0,0,0,0,0,0,0,0,0,0,0,0,0,0,0,0,0,0,0,0,0,0,0,0,0,0,0,0,0,0,0,0,0,2484000,0,0,0,0,0,0,0,0,0,0,0,0,0,0,0,0,0,910800,0,0,0,0,0,0,0,0,0,0,0,0,0,0,0,0,0,0,0,0,0,0,0,0,0,0,0,0,0,0,0,0,0,0,0,0,0,0,0,0,0,0,0,0,0,0,0,0,0,0,0,0,0,0,0,0,0,0,0,0,0,0,0,0,0,0,0,0,0,0,0,0,0,0,0,0,0,0,0,104800,0,0,0,0,0,0,0,0,0,0,0
"Democratic People's Republic of Korea",0,0,0,0,0,0,0,0,0,0,0,0,0,0,0,0,0,0,0,0,0,0,0,0,0,0,0,0,0,0,0,0,0,0,0,0,0,0,0,0,0,0,0,0,0,0,0,0,0,0,0,0,0,0,0,0,0,0,0,0,0,0,0,0,0,0,0,0,0,0,0,0,0,0,0,0,0,0,0,0,0,0,0,0,0,0,0,0,0,0,0,0,0,0,0,0,0,0,0,0,0,0,0,0,0,0,0,0,0,0,0,0,0,0,0,0,0,0,0,0,0,0,0,0,0,0,0,0,0,0,0,0,0,0,0,0,0,0,0,0,0,0,0,0,0,0,0,0,0,0,0,0,0,0,0,0,0,0,0,0,0,0,0,0,0,0,0,0,0,0,0,0,0,0,0,0,0,0,0,0,0,0,0,0,0,0,0,0,0,0,0,0,0,0,0
"Republic of Korea",0,0,0,13100,0,248900,483539100,0,0,196500,0,10087000,0,0,0,0,0,0,0,0,0,0,3056600,0,52400,6268900,0,0,3785900,0,1218300,3894564966.66667,13100,0,0,0,131000,0,0,0,0,0,0,39300,0,0,0,0,0,0,0,484700,0,1328433.33333333,0,0,0,0,0,14326900,0,12484300,0,0,0,0,1689900,0,0,0,0,530681700,314400,0,0,576400,103044333.333333,0,1074200,0,0,13100,0,46596700,0,124133652666.667,27510000,13100,471600,6143900,0,0,9314100,1427900,1598200,6366600,0,0,0,0,91700,0,957000,628761933.333333,13100,1454100,0,0,71499800,432391700,147510300,419200,0,0,0,2724800,248900,0,78600,0,0,6130800,0,0,13100,0,0,0,0,0,393000,25099600,452736000,13100,0,0,0,0,56657500,0,0,0,581506000,0,0,0,0,26710900,0,0,0,0,144100,161746400,0,497800,340600,0,0,0,0,0,0,0,743968800,0,269276100,0,0,0,0,0,0,306513800,0,0,5397200,537100,225515200,0,0,314400,0,909417733.333333,0,0,0,0,0,0,0,0,0,0,0
"Kuwait",0,0,0,0,0,0,0,0,0,29000200,0,0,0,0,0,0,0,0,0,0,0,0,0,0,0,0,0,0,799100,0,0,0,0,0,0,0,0,0,0,0,0,0,0,0,0,0,183400,0,0,0,0,0,0,0,0,0,0,0,0,131000,0,0,0,0,0,0,0,0,0,0,0,0,0,0,0,0,0,38448500,103659000,0,0,0,0,0,0,0,12078200,0,13100,0,0,0,0,0,0,0,0,0,0,0,0,0,0,0,393000,0,0,0,0,0,0,0,0,0,0,3314300,183400,0,0,0,0,0,0,0,0,39300,0,0,0,0,0,0,0,0,0,0,0,0,266349200,0,0,655000,0,0,0,0,0,1212680100,0,0,0,0,0,1192100,0,0,157200,0,0,0,0,0,0,0,0,0,26200,0,0,0,92870400,0,2567600,137812600,0,0,0,0,0,0,0,0,0,0,0,0,0,0,0,0,0,0,0,0,0
"Latvia",746700,0,0,0,0,0,4440900,1951900,0,9982200,0,0,0,0,0,0,0,0,0,0,0,252253600,0,0,0,35304500,0,0,0,0,0,15785500,0,0,0,0,0,0,8580500,39968700,0,134541900,0,0,2268024066.66667,0,0,0,0,8116922600,0,0,207726600,32771300,0,0,166449900,0,0,1350370900,3275000,0,0,151054200,0,0,0,0,0,0,0,85019000,23987200,71264000,1257600,0,0,0,0,186268800,692125400,25479500,0,469520600,0,34112400,2973700,131000,0,0,0,16506000,314400,0,0,0,0,0,26540600,11890389800,0,0,0,0,0,0,0,0,0,0,5993400,0,0,26658500,0,0,355599500,0,0,0,0,1336200,0,0,0,32061900,0,0,255755000,0,0,0,183400,597569600,7467000,0,0,0,98433400,0,219626600,0,6390901700,0,0,0,0,31688900,0,0,0,6353500,611548900,25047200,0,0,245677400,0,3615600,0,117493200,681200,0,14619600,4427800,0,0,0,0,0,0,0,1375500,64962900,0,0,702888500,218004700,852927900,0,0,185857866.666667,0,0,0,0,0,0,30496800,3825200,27955400,0,0,0,1860200
"Lao People's Democratic Republic",0,0,0,0,0,0,0,0,0,0,0,0,0,0,0,0,0,0,0,0,0,0,0,0,0,0,0,0,0,0,0,0,0,0,0,0,0,0,0,0,0,0,0,0,0,0,0,0,0,0,0,0,0,0,0,0,0,0,0,0,0,0,0,0,0,0,0,0,0,0,0,0,0,0,0,0,0,0,0,0,0,0,0,0,0,0,0,0,0,0,0,0,0,0,0,0,0,0,0,0,0,0,0,0,0,0,0,0,0,0,0,0,0,0,0,0,0,0,0,0,0,0,0,0,0,0,0,0,0,0,0,0,0,0,0,0,0,0,0,0,0,0,0,0,0,0,0,0,0,0,0,0,0,0,0,0,0,0,0,0,0,0,0,0,0,0,0,0,0,0,0,0,0,0,0,0,0,0,0,0,0,0,0,0,0,0,0,0,0,0,0,0,0,0,0
"Lebanon",8632700,0,0,1572000,0,0,193687700,2589200,0,189956200,0,0,0,0,0,0,1087300,0,0,0,8541200,812200,0,0,44534900,194167700,0,22204500,0,1729200,0,259039400,1755400,0,169810800,0,0,0,1873300,49675200,61326000,21169600,0,0,0,0,108323900,0,8737000,314400,0,427800,0,42395900,0,21968900,0,116322000,46295300,106388500,0,46085866.6666667,0,248900,0,0,0,129696300,0,0,0,10702700,0,0,0,0,7427700,0,563198100,353700,0,0,620546900,21693600,0,13100,1982027800,0,2947500,0,0,340600,607247433.333333,0,0,0,0,234139100,113528600,0,0,0,1218300,67844900,2305600,21486000,0,3379800,0,0,0,72207200,7506300,0,0,144100,70824100,0,0,0,0,183400,0,148400,77540900,0,0,28121300,0,0,8672200,0,0,0,0,0,0,0,1642153433.33333,0,602600,1794700,25060300,0,0,0,4283700,4332400033.33333,96126200,0,81626400,0,0,8397100,0,2344900,0,0,0,0,78727200,5436500,92390000,0,0,301300,0,32230300,0,0,101882166.666667,0,333774900,849478600,11056400,0,102598100,26200,264037100,7624000,3039200,0,930889000,0,29828700,387691400,0,74932000,22758000,0,0,0,2279400,0,0
"Lesotho",0,0,0,0,0,0,0,0,0,0,0,0,0,0,0,0,0,0,0,0,0,0,0,0,0,0,0,0,0,0,0,0,0,0,0,0,0,0,0,0,0,0,0,0,0,0,0,0,0,0,0,0,0,0,0,0,0,0,0,0,0,0,0,0,0,0,0,0,0,0,0,0,0,0,0,0,0,0,0,0,0,0,0,0,0,0,0,0,0,0,0,0,0,0,0,0,0,0,0,0,0,0,0,0,0,0,0,0,0,0,0,0,0,0,0,0,0,0,0,0,0,0,0,0,0,0,0,0,0,0,0,0,0,0,0,0,0,0,0,0,0,0,0,0,0,0,0,0,0,0,0,0,0,0,0,0,0,0,0,0,0,0,0,0,0,0,0,0,0,0,0,0,0,0,0,0,0,0,0,0,0,0,0,0,0,0,0,0,0,0,0,0,0,0,0
"Liberia",0,0,0,0,0,0,0,0,0,0,0,0,0,0,0,0,0,0,0,0,0,0,0,0,0,0,0,0,0,0,0,0,0,0,0,0,0,0,0,0,0,0,0,0,0,0,0,0,0,0,0,0,0,0,0,0,0,0,0,0,0,0,0,0,0,0,0,0,0,0,0,0,0,0,0,0,0,0,0,0,0,0,0,0,0,0,0,0,0,0,0,0,0,0,0,0,0,0,0,0,0,0,0,0,0,0,0,0,0,0,0,0,0,0,0,0,0,0,0,0,0,0,0,0,0,0,0,0,0,0,0,0,0,0,0,0,0,0,0,0,0,0,0,0,0,0,0,0,0,0,0,0,0,0,0,0,0,0,0,0,0,0,0,0,0,0,0,0,0,0,0,0,0,0,0,0,0,0,0,0,0,0,0,0,0,0,0,0,0,0,0,0,0,0,0
"Libya",0,0,0,0,0,0,0,0,0,0,0,0,0,0,0,0,0,0,0,0,0,0,0,0,0,0,0,0,0,0,0,0,0,0,0,0,0,0,0,0,0,0,0,0,0,0,0,0,0,0,0,0,0,0,0,0,0,0,0,0,0,0,0,0,0,0,0,0,0,0,0,0,0,0,0,0,0,0,0,0,0,0,0,0,0,0,0,0,0,0,0,0,0,0,0,0,0,0,0,0,0,0,0,0,0,0,0,0,0,0,0,0,0,0,0,0,0,0,0,0,0,0,0,0,0,0,0,0,0,0,0,0,0,0,0,0,0,0,0,0,0,0,0,0,0,0,0,0,0,0,0,0,0,0,0,0,0,0,0,0,0,0,0,0,0,0,0,0,0,0,0,0,5161400,0,0,0,0,0,0,0,0,0,0,0,0,0,0,0,0,0,0,0,0,0,0
"Lithuania",22780900,7611100,0,0,0,0,215743900,485404000,0,0,0,0,0,0,0,0,0,0,0,0,0,1914481366.66667,0,0,0,113262600,0,0,0,0,0,124411500,0,0,0,0,0,0,80629600,68591600,0,21510200,0,0,6331923100,0,0,0,48000,6223213066.66667,0,0,20252600,4066685400,0,0,94712000,0,131000,5417066800,0,0,0,286085000,0,0,0,39300,0,0,0,48107500,1912204600,94366100,1781600,0,447484500,14803000,3209500,613707500,705002700,185541300,0,426465700,0,120231800,0,79966600,0,0,0,75691800,0,16211899200,0,11279100,0,0,91202200,0,0,0,0,0,0,0,262000,0,0,0,18392400,0,0,234476900,0,0,1148229900,0,0,0,0,2960600,0,0,0,9935358600,0,0,1054527500,0,0,0,6274900,24259337933.3333,63901800,0,0,0,0,0,311348600,0,11938434200,0,0,0,0,106385100,0,0,0,32540400,756309800,9720200,0,39300,1151934500,0,65066300,0,15344797400,166186600,0,6349100,43434500,0,0,0,0,0,2502100,870000,43020400,171570700,0,0,21447489800,941291666.666667,1410186500,0,0,592353600,0,81770200,0,0,0,0,3008218500,0,29458600,2384200,0,0,9916700
"Macao SAR, China",0,0,0,0,0,0,0,0,0,0,0,0,0,0,0,0,0,0,0,0,0,0,0,0,0,0,0,0,0,0,0,2109100,0,0,0,0,0,0,0,0,0,0,0,0,0,0,0,0,0,0,0,0,0,0,0,0,0,0,0,0,0,0,0,0,0,0,0,0,0,0,0,10637200,0,0,0,0,0,0,0,0,0,0,0,0,0,0,0,0,0,0,0,0,0,0,0,0,0,0,0,0,0,0,0,0,0,0,0,0,0,0,0,0,0,0,0,0,0,0,0,0,0,0,0,0,0,0,0,0,0,0,0,0,0,0,0,0,0,0,0,0,0,0,0,0,0,0,0,0,0,0,0,0,0,0,0,0,0,0,0,0,0,0,0,0,0,0,0,0,0,0,0,0,0,0,0,0,0,0,0,0,0,0,0,0,0,0,0,0,0,0,0,0,0,0,0
"Madagascar",0,0,0,830801400,0,0,0,0,0,3537200,0,0,0,0,0,0,0,0,0,0,0,0,27600,0,0,1482000,0,0,0,0,0,2972300,0,13100,0,0,0,0,0,0,0,0,0,0,0,0,0,0,0,0,0,0,0,2820206166.66667,0,0,0,0,0,2205900800,0,0,0,1380000,0,0,0,0,0,0,0,0,0,0,0,3720078100,2586409800,0,0,0,18926000,1547013000,0,0,0,171759200,0,0,0,0,0,0,0,0,0,0,0,0,0,0,0,0,0,10614490800,0,0,0,0,422900,0,0,0,0,0,0,0,24713614900,0,0,0,0,0,0,0,0,0,0,0,0,0,0,0,139062600,0,0,0,0,0,0,0,0,0,1454100,0,0,0,0,0,0,0,0,0,0,78600,0,0,1678839000,0,0,0,0,478300,0,0,368400,0,0,0,0,0,0,0,1328070600,0,0,0,122407300,0,2234109700,0,0,0,0,0,0,0,0,0,2864188700,27600,0,0,0,0,0
"Malawi",0,0,0,0,0,0,0,0,0,0,0,0,0,0,0,0,0,0,0,0,0,0,0,0,0,0,0,0,0,0,0,0,0,0,0,0,0,0,0,0,0,0,0,0,0,0,0,0,0,0,0,0,0,0,0,0,0,0,0,0,0,0,0,0,0,0,0,0,0,0,0,0,0,0,0,0,0,0,0,0,0,0,0,0,0,0,0,0,0,0,0,0,0,0,0,0,0,0,0,0,0,0,0,0,0,0,0,0,0,0,0,0,0,0,0,0,0,0,0,0,0,0,0,0,0,0,0,0,0,0,0,0,0,0,0,0,0,0,0,0,0,0,0,0,0,0,0,0,0,0,0,0,0,0,0,0,0,0,0,0,13100,0,0,0,0,0,0,0,0,0,0,0,0,0,0,0,0,0,0,0,0,0,0,0,0,0,0,131000,0,0,0,0,0,0,0
"Malaysia",339420000,0,0,2243417200,61871300,3929014800,75089132833.3333,13100,0,391484700,0,5348314366.66667,0,0,515354000,0,14458444400,0,0,74041200,2751565600,0,3528280266.66667,0,45534266.6666667,53114916200,0,0,4992870200,0,4135564266.66667,154441352500,714107000,0,21750000,0,32390700,67860000,0,536196100,1310000,772900,0,45941700,52140000,44657800,33675164533.3333,8934200,0,75555820166.6667,0,188271800,13100,46063055000,20147800,0,1019295166.66667,0,20305000,8512099800,13050000,0,4264100,304067100,0,0,468065300,0,60325500,0,0,5036368666.66667,71344100,0,0,11589106000,110196486200,5460155200,2428990700,52400,0,3073996100,32121200,1000932466.66667,0,248999406866.667,730954866.666667,100136433.333333,561425900,401460100,0,32935236966.6667,3212362400,139035600,13100,707094900,0,0,195366600,5266200,36614500,555576266.666667,0,0,1152261600,0,0,3772800,405736500,40406187066.6667,253777200,569562600,40890000,0,0,342064000,12509473800,0,1519600,54604800,41644900,11568603066.6667,13258800,2620000,150112200,13100,14168903700,392187800,0,1224559333.33333,73080000,4165459000,52723601400,276889966.666667,13100,0,18431700,0,1270840200,0,13100,0,64596879733.3333,0,0,0,0,17882128600,23095300,85370300,2030500,0,0,480467173533.333,0,16132649466.6667,1586170900,550200,0,26100000,419200,244961133.333333,1853361600,408501333.333333,9554846166.66667,66404466.6666667,71043895966.6667,16506000,29501200,46924200,1535024900,216318000,89126907266.6667,28626718833.3333,0,2711700,2203925400,11342569233.3333,250395461000,0,23946800,4714859366.66667,1740000,19226561900,102405700,2382907866.66667,43500000,0,4121755600,0,0,0,86143100,0,20893100
"Maldives",0,0,0,0,0,0,0,0,0,0,0,0,0,0,0,0,0,0,0,0,0,0,0,0,0,0,0,0,52400,0,0,0,0,0,0,0,0,0,0,0,0,0,0,0,0,0,0,0,0,0,0,0,0,0,0,0,0,0,0,0,0,0,0,0,0,0,0,0,0,0,0,0,0,0,0,0,0,0,0,0,0,0,0,0,0,0,0,0,0,0,0,0,0,0,0,0,0,0,0,0,0,0,0,0,0,0,0,0,0,0,0,0,0,0,0,0,0,0,0,0,0,0,0,0,0,0,0,0,0,0,0,0,0,0,0,0,0,0,0,0,0,0,0,0,0,0,0,0,0,91700,0,0,0,0,0,0,366800,0,0,0,0,0,0,0,0,0,0,0,0,0,0,0,0,0,0,0,0,0,0,0,0,0,0,0,0,0,0,0,0,0,0,0,0,0,0
"Mali",0,0,0,0,0,0,0,0,0,393000,0,0,0,0,0,0,0,0,0,0,0,0,0,0,0,23700,0,0,0,0,0,0,0,0,2275200,0,0,0,0,0,0,0,0,0,0,0,0,0,0,0,0,0,0,2698600,0,0,0,0,0,0,0,0,0,0,0,0,0,0,0,0,0,0,0,0,0,0,0,0,0,0,0,0,786000,0,0,0,0,0,0,0,0,0,0,0,0,0,0,0,0,0,0,0,0,0,0,0,0,0,0,0,0,0,0,0,0,0,0,0,0,0,0,0,0,0,0,0,0,0,0,0,0,0,0,0,0,0,0,0,0,0,0,26100,0,0,0,0,0,8934200,0,0,0,0,0,0,0,0,0,0,0,0,0,0,0,0,0,0,0,943200,0,0,0,0,0,0,0,0,0,0,26200,86460000,0,0,0,0,0,0,0,0,2698600,0,0,0,0,0,0
"Malta",0,0,0,0,0,0,0,0,0,0,0,4126500,0,0,0,0,0,0,0,0,0,0,0,0,0,0,0,0,0,0,0,0,0,0,0,0,0,0,0,0,0,0,0,0,0,0,0,0,0,0,0,0,0,13100,0,39745400,0,0,0,13100,0,0,0,0,0,0,65500,0,0,0,0,0,0,0,0,0,0,0,0,0,0,0,0,0,0,13100,0,0,0,0,0,0,0,0,0,0,0,0,440526800,0,0,0,0,0,0,0,0,0,0,0,0,0,0,0,0,1663700,0,0,0,0,0,0,0,0,11252900,0,0,0,0,0,0,0,0,0,0,0,0,0,0,0,0,0,0,0,0,0,0,13100,0,0,0,0,0,1572000,0,0,0,0,0,0,0,39300,0,0,91700,0,0,0,0,0,0,0,0,12851100,0,0,1519600,13100,0,0,0,0,0,0,0,0,0,0,0,0,0,0,0,0,0
"Mauritania",0,0,0,0,0,0,0,0,0,0,0,0,0,0,0,0,0,0,0,0,0,0,0,0,0,0,0,0,0,0,0,0,0,0,0,0,0,0,0,0,0,0,0,0,0,0,0,0,0,0,0,0,0,0,0,0,0,0,0,0,0,0,0,0,0,0,0,0,0,0,0,0,0,0,0,0,0,0,0,0,0,0,393000,0,0,0,0,0,0,0,0,0,0,0,0,0,0,0,0,0,0,0,0,0,0,0,0,0,0,0,0,0,0,0,0,0,0,0,0,0,0,0,0,0,0,0,0,0,0,0,0,0,0,0,0,0,0,0,0,0,0,0,0,0,0,0,0,0,0,0,0,0,0,0,0,0,0,0,0,0,0,0,0,0,0,0,0,0,0,0,0,91700,0,0,0,0,0,0,0,0,0,0,0,0,0,0,0,0,0,0,0,0,0,0,0
"Mauritius",0,0,0,0,0,0,0,91700,0,0,0,0,0,0,0,0,0,0,0,0,0,0,0,0,0,0,0,0,0,0,0,0,0,46233.3333333333,0,0,0,0,0,0,0,0,0,0,0,0,0,0,0,0,0,0,0,39869800,0,0,0,0,0,196500,0,0,0,0,0,0,0,0,0,0,0,0,0,0,0,144100,0,0,0,13100,0,1820900,0,0,0,0,0,0,0,0,0,0,0,0,0,0,0,0,0,0,0,13100,0,0,0,0,0,0,0,0,0,0,0,0,0,0,301300,0,0,0,0,0,0,0,0,0,0,0,39300,0,0,0,0,144100,0,0,0,0,0,0,0,0,0,0,0,0,0,0,0,10150000,0,0,0,0,0,13100,52400,0,0,0,0,222700,0,0,0,0,0,0,0,0,0,0,0,13100,0,0,510900,0,0,0,0,0,0,0,0,0,0,0,0,0,0,0,0,0,0
"Mexico",0,0,0,0,0,0,890800,0,0,0,0,0,0,0,68041400,0,34230300,0,583591900,0,0,0,0,0,0,21761104300,0,0,0,0,580736100,0,2751644700,0,0,0,3613111000,127790500,0,0,0,0,0,163160500,0,332202900,0,5417911100,0,0,0,0,0,91797600,0,0,0,0,0,134275000,0,0,0,0,0,0,10928501100,0,0,0,2400168900,0,0,0,0,0,0,0,0,0,0,0,0,0,16702500,16463400,0,0,0,0,0,0,0,0,0,0,0,0,0,0,0,0,0,0,0,0,0,0,0,0,0,0,0,0,0,0,4899400,0,0,0,0,0,2513195700,0,0,0,0,2832534400,0,0,0,779712000,0,0,0,0,0,0,0,0,0,0,0,0,0,0,0,0,0,0,0,0,0,0,0,0,0,0,0,0,0,0,0,0,0,0,0,0,0,50002700,0,0,0,155759000,0,0,34099300,0,752581790566.667,0,0,0,125314600,0,0,0,0,0,23998200,0,0,0,0,0,0
"Mongolia",0,0,0,0,0,0,0,0,0,0,0,0,0,0,0,0,0,0,0,0,0,0,0,0,0,0,0,0,0,0,0,63993500,0,0,0,0,0,0,0,0,0,0,0,0,0,0,0,0,0,0,0,0,0,0,0,0,0,0,0,0,0,0,0,0,0,0,0,0,0,0,0,0,0,0,0,0,0,0,0,0,0,0,0,0,0,0,0,0,0,0,13100,0,0,0,0,0,0,0,0,0,0,0,0,0,0,0,0,0,0,0,0,0,0,0,0,0,0,0,0,0,0,0,0,0,0,0,0,0,0,0,0,0,0,0,0,0,0,0,0,0,0,0,26200,0,0,0,0,0,0,0,0,0,0,0,0,0,0,0,0,0,0,432300,0,0,0,0,0,0,0,0,0,0,117900,0,0,0,0,0,0,0,0,0,0,0,0,0,0,0,0,0,0,0,0,0,0
"Morocco",0,0,0,0,0,0,0,0,0,26200,0,0,0,0,0,0,0,0,0,0,0,0,0,0,290230500,694300,275100,506511500,0,0,0,0,0,0,382886800,0,0,0,26200,0,8148200,13100,0,19257000,0,0,0,0,41029200,0,0,0,0,77761600,0,123847400,0,943200,6117700,6995400,0,34859100,0,0,0,0,0,535357700,0,0,0,0,0,0,0,0,0,0,0,1192100,0,3209400,57731700,0,0,0,101918000,0,0,0,0,0,982500,0,0,76766000,0,119930500,305845700,0,0,0,0,0,0,743529800,0,359873633.333333,0,0,0,0,0,0,0,0,100084000,0,0,0,0,0,0,41749700,6523800,0,0,0,0,0,0,0,0,0,0,21628100,0,0,1454100,0,0,0,0,0,0,0,0,30365800,80250600,0,0,0,0,0,0,0,37217100,0,0,0,0,78600,0,0,0,0,0,10859900,0,0,0,531506300,26055900,1381700,0,0,0,0,3851400,43976700,0,0,0,0,0,90285200,0,0,65552400,0,0,0,0,0,53146700
"Mozambique",0,0,0,0,0,0,0,0,0,0,0,0,0,0,0,0,0,0,0,0,0,0,0,0,0,0,0,0,0,0,0,0,0,0,0,0,0,0,0,0,0,0,0,0,0,0,0,0,0,0,0,0,0,0,0,0,0,0,0,0,0,0,0,0,0,0,0,0,0,0,0,0,0,0,0,0,0,0,0,0,0,0,0,0,0,0,0,0,0,0,0,0,0,0,0,0,0,0,0,0,0,0,0,0,0,0,0,0,0,0,0,0,0,0,0,0,0,0,0,0,0,0,0,0,0,0,0,0,0,0,0,0,0,0,0,0,0,0,0,0,0,0,0,0,0,0,0,0,0,0,0,0,0,0,0,0,0,0,0,0,0,0,0,0,0,0,0,0,0,0,0,0,0,0,0,0,0,0,0,0,0,0,0,0,0,0,0,0,0,0,0,0,0,0,0
"Republic of Moldova",20881400,5947400,108195800,0,0,0,0,0,0,0,0,0,0,0,0,0,0,0,0,0,0,303238800,0,0,26200,37714900,0,0,0,0,0,0,0,0,0,0,0,0,3563200,3183300,0,104800,0,0,149615100,0,0,0,0,171492100,0,0,0,196172500,0,0,812200,0,0,35029400,251611700,0,0,190081000,0,0,0,0,0,0,0,589500,263414800,13100,0,0,0,0,649798333.333333,20396700,112961300,90874700,0,0,0,91700,0,0,0,0,0,0,0,18680600,7322900,0,0,0,275100,117900,0,0,0,0,170300,0,0,0,0,0,0,0,0,0,0,0,6785800,0,0,3392900,0,0,0,0,0,0,0,0,694300,0,0,0,0,2362283700,0,0,0,0,196500,0,4345925000,0,14842300,0,0,0,0,0,0,0,0,0,0,0,0,0,0,0,1493400,0,0,0,0,0,0,0,0,0,0,0,0,0,0,26200,0,0,2475900,191142100,105913500,0,0,0,0,0,0,0,0,0,264731300,0,469333700,5921200,0,0,0
"Namibia",0,0,0,0,0,0,3930000,0,0,0,0,0,0,0,0,1174500,0,0,510900,0,0,0,0,0,0,0,0,0,0,0,0,0,0,0,0,0,0,0,995600,0,0,170300,0,0,0,0,0,0,0,0,0,0,0,0,0,0,0,0,0,786000,0,0,0,52400,0,0,0,0,0,0,0,0,0,0,0,196500,0,0,0,0,0,0,0,0,0,0,0,0,0,0,0,0,0,0,0,0,0,0,0,864600,0,0,0,0,0,0,419200,0,0,0,0,0,0,0,0,13100,13100,0,0,0,0,0,0,0,0,65500,0,13100,0,0,0,0,0,52400,0,0,0,0,0,344900,0,0,0,0,0,0,0,0,0,104800,0,0,0,497800,0,262000,52400,0,0,0,0,0,0,0,0,0,0,0,0,0,0,0,0,0,0,0,13100,0,26200,0,0,0,0,0,0,0,12239000,0,0,0,0,0,0,0,0
"Nepal",0,0,0,0,0,0,0,0,0,0,0,0,0,0,0,0,0,0,0,0,0,0,0,0,0,1087300,0,0,0,0,0,1266000,0,0,0,0,0,0,0,0,0,0,0,0,0,0,0,0,0,0,0,0,0,0,0,0,0,0,0,0,0,0,0,0,0,0,0,0,0,0,0,0,0,0,0,0,0,0,0,0,0,0,0,0,0,419200,0,0,0,0,0,0,0,0,0,0,0,0,0,0,0,0,0,0,0,0,0,0,0,0,0,0,0,0,0,0,0,0,0,0,0,0,0,0,0,0,0,0,0,0,0,0,0,0,0,0,0,0,0,0,0,0,0,0,0,0,0,0,0,0,0,0,0,0,0,0,0,0,0,0,0,0,0,0,0,0,0,0,0,0,0,0,0,0,0,0,0,0,41016100,0,0,0,0,0,0,0,0,0,0,0,0,0,0,0,0
"Netherlands",1583221500,983066500,2038533400,24193701033.3333,9379600,1150418300,17780466800,142846443400,103022700,613095900,129607000,507084700,0,0,2502100,0,14799752800,0,7218100,0,417536300,43082643933.3333,0,1645400,215021000,27657364666.6667,291780600,3924700,2656025000,32911500,2314741700,30204876633.3333,172170600,0,422182100,0,993101800,0,2695138266.66667,80722900,6960400,35783001900,2554500,148262900,3980956266.66667,377434900,26745242566.6667,93874600,209877300,8767450166.66667,15615200,29422600,30617695366.6667,592610273633.333,134924700,1907006300,1101963100,321150200,73739300,1791910245300,3770215000,273757800,0,44243191733.3333,0,0,1787070300,132490500,94022200,60129000,0,9367914300,34287804266.6667,13477030366.6667,6074403833.33333,7295076533.33333,1795699900,4590147066.66667,1832036100,18544894533.3333,23610139333.3333,199833483633.333,177304100,4046378300,301431500,38547953400,20660450333.3333,131013100,2229045300,0,0,29174580900,3289474800,14051119500,2868900,9825253033.33333,0,69920900,5587300566.66667,9187105633.33333,3759700,521305600,17999400,5521256766.66667,348764900,42892700,2019007033.33333,421612400,547785500,19237373766.6667,1698231600,18103897600,404141400,1545816033.33333,0,801589000,0,0,284684800,2757183100,0,6358432800,2004300,2449700,2273697100,40260550066.6667,1280337400,699284200,47229922133.3333,4873200,432528000,1205290000,6883037000,249241784200,16688495633.3333,0,0,7641300,4854280833.33333,5122100,20842960966.6667,1833500,87217815733.3333,0,0,1218300,0,37734866633.3333,237101633.333333,76158700,27382500,10135437366.6667,54190081100,35934460633.3333,11733900,21133582966.6667,119082454800,2180561400,0,0,78922333566.6667,150179189766.667,2083696000,396086666.666667,5378421866.66667,113397800,3532673900,15327000,0,10095500,893129800,2818488100,121339062266.667,49507240666.6667,195229300,0,443160456466.667,127986716833.333,208055806233.333,22018900,1588155666.66667,5559360000,49871700,1865435200,331770600,1126116433.33333,495672200,109895900,756939440866.667,1267708700,21438684000,809409700,170550400,0,2612581300
"Netherlands Antilles",0,0,0,0,0,0,0,0,0,0,0,0,0,0,0,0,0,0,0,0,0,0,0,0,0,0,0,0,0,0,0,0,0,0,0,0,0,0,0,0,0,0,0,0,0,0,0,0,0,0,0,0,0,0,0,0,0,0,0,0,0,0,0,0,0,0,0,0,0,0,0,0,0,0,0,0,0,0,0,0,0,0,0,0,0,0,0,0,0,0,0,0,0,0,0,0,0,0,0,0,0,0,0,0,0,0,0,0,0,0,0,0,0,0,0,0,0,0,0,0,0,0,0,0,0,0,0,0,0,0,0,0,0,0,0,0,0,0,0,0,0,0,0,0,0,0,0,0,0,0,0,0,0,0,0,0,0,0,0,0,0,0,0,0,0,0,0,0,0,0,0,0,0,0,0,0,0,0,0,0,0,0,0,0,0,0,0,0,0,0,0,0,0,0,0
"New Caledonia",0,0,0,0,0,0,0,0,0,0,0,0,0,0,0,0,0,0,0,0,0,0,0,0,0,406100,0,0,0,0,0,445400,0,0,0,0,0,0,0,0,0,0,0,0,0,0,0,0,0,0,0,0,0,40000,3091600,0,0,0,0,0,0,0,0,0,0,0,0,0,0,0,0,0,0,0,0,0,13100,0,0,0,0,62100000,0,0,0,1820900,0,0,0,0,0,0,0,0,0,0,0,0,0,0,0,0,0,0,0,0,0,0,0,0,0,0,0,0,0,0,0,0,0,0,0,0,0,0,0,0,0,0,0,0,0,0,0,0,0,0,0,0,0,0,0,0,0,0,0,0,0,0,0,0,0,0,0,0,0,0,0,0,0,0,0,0,0,0,0,0,0,0,0,0,0,0,0,0,0,0,0,0,0,0,0,0,0,0,0,0,0,0,0,0,0,0,0,0,0
"The former Yugoslav Republic of Macedonia",0,0,487970200,0,0,0,16217800,3733500,0,340600,0,10846800,0,0,0,0,0,0,0,0,0,1589654133.33333,0,0,0,165417800,0,0,0,0,0,13100,0,0,0,0,0,0,17829100,0,13100,0,0,0,0,0,0,0,0,0,0,0,24326600,76582600,0,0,0,0,0,126510700,2107952700,0,0,66875500,0,0,0,0,0,0,0,458500,546217600,1946817200,29776300,0,0,0,176404600,0,36745500,91948900,0,0,0,138178800,44828200,0,445400,1283800,0,0,0,0,0,4702900,0,0,20383600,3379800,0,0,0,0,0,0,8095800,0,2541400,2475900,0,0,0,2737900,0,0,53079833.3333333,0,0,0,0,969400,0,0,0,14134900,0,0,167073000,0,0,0,0,3995500,6327300,0,0,0,903900,0,599508400,0,4257500,0,0,0,0,5475800,0,0,0,1156690700,29815600,39300,0,0,129008800,0,0,0,661078200,69154500,0,0,15248400,0,0,0,0,65500,65500,9654700,12746300,26462000,0,0,20043000,16990700,288067900,0,0,0,0,0,0,0,0,0,69168000,0,1931703100,425797500,0,0,333434300
"Vanuatu",0,0,0,0,0,0,16529200,0,0,0,0,0,0,0,0,0,0,0,0,0,0,0,0,0,0,0,0,0,0,0,0,209600,0,0,0,0,0,0,0,0,0,0,0,0,0,0,0,0,0,0,0,0,0,0,2056200,0,0,0,0,10432800,0,0,0,0,0,0,0,0,0,0,0,0,0,0,0,0,0,0,0,0,0,103444800,0,0,0,6974200,0,0,0,0,0,0,0,0,0,0,0,0,0,0,0,0,0,4899524400,0,0,0,0,0,0,0,0,0,0,0,0,0,0,0,0,0,27667600,0,0,0,0,0,0,0,0,0,0,0,0,0,0,0,0,0,0,0,0,0,0,0,0,0,0,0,0,0,0,0,1531386000,0,0,0,0,0,0,0,0,0,0,0,0,0,0,0,0,0,0,0,22500,0,0,32154000,0,0,0,0,0,0,0,0,0,0,0,772800,0,0,0,0,0,0
"New Zealand",0,0,0,0,0,0,37458264000,0,0,12615200,0,0,0,0,0,0,0,0,0,55973600,6798900,0,1965000,0,0,784179100,0,0,1336200,0,0,1128370600,0,0,0,254639000,0,0,0,0,0,6157000,0,0,0,5394000,0,0,0,0,0,861983200,0,78600,126500500,0,0,0,0,5397100,0,0,3728900,0,0,0,0,0,0,0,0,228724400,0,0,0,69495500,110157900,0,0,0,0,0,0,0,0,80237500,0,0,4768400,0,0,242847800,52400,0,0,0,0,0,0,0,458500,0,0,927165300,537100,0,0,0,0,0,0,0,0,0,0,13100,589500,0,136403700,0,31667600,0,0,0,0,0,0,0,0,138816900,0,0,45168800,0,0,0,419200,0,303920000,0,0,0,0,0,0,0,0,1755400,0,0,0,0,0,521708700,0,170300,0,0,0,0,0,144100,0,0,60954300,0,80354400,0,183495300,0,45496300,0,183400,316050600,0,0,320396100,0,322198700,0,0,0,0,21824600,0,0,0,0,772900,0,0,0,0,0,0
"Nicaragua",0,0,0,0,0,0,0,0,0,0,0,0,0,0,0,0,0,0,0,0,0,0,0,0,0,18202200,0,0,0,0,0,0,0,0,0,0,122826200,0,0,0,0,23391000,0,0,0,0,0,3576463200,0,0,0,0,0,19057800,0,0,0,0,0,218210666.666667,0,0,0,0,0,0,11588704200,0,0,0,18438900,0,0,0,14352000,0,0,0,0,0,0,655227200,0,0,0,8726100,0,0,0,0,0,0,427800,0,0,0,0,0,0,0,0,0,0,0,0,0,0,0,0,0,0,0,0,0,0,0,408284033.333333,0,0,0,0,104107200,0,0,0,0,0,0,32430000,0,0,0,0,0,0,0,0,0,0,0,0,0,8114400,0,0,0,0,690000,0,0,0,0,0,0,0,0,100381200,0,0,0,0,0,0,0,1117800,0,0,0,0,0,0,0,96600,0,0,0,0,0,506594666.666667,0,0,0,0,0,0,0,0,0,7848391200,0,0,0,0,0,0
"Niger",0,0,0,0,0,0,31320000,0,0,0,0,0,0,0,0,0,0,0,0,0,0,0,0,0,0,1603833.33333333,0,0,0,35024400,0,0,0,0,0,0,0,0,0,0,0,0,0,0,0,0,0,0,0,0,0,0,0,0,0,0,0,0,0,0,0,0,0,0,0,0,0,0,0,0,0,0,0,0,0,0,0,0,0,0,0,0,0,0,0,0,0,0,0,0,0,0,0,0,0,0,0,0,0,0,0,0,0,0,0,0,0,0,0,0,0,0,0,0,0,0,0,0,0,0,0,0,0,0,92832900,0,0,0,0,0,0,0,0,0,0,0,0,0,0,0,0,65500,0,0,0,0,0,0,0,0,0,0,0,0,0,0,0,0,0,0,0,0,0,0,0,0,0,0,0,0,0,0,0,0,0,0,0,0,0,0,0,0,0,0,0,0,0,0,435000,0,0,0,0,0,0
"Nigeria",2135950200,0,0,0,0,0,0,676500,0,131000,0,0,0,0,0,0,285955200,0,0,0,0,13376436600,0,0,0,39031620300,65500,0,0,0,0,3199426800,0,0,0,0,0,0,352500,0,28616900,0,0,0,631255400,0,394910400,0,0,1532862600,0,0,13100,3861216300,0,0,69800,0,0,187584057600,117765600,52147100,0,0,0,0,0,0,0,0,0,0,0,0,0,2442433.33333333,105179701700,0,0,6593500,4027700,15623290900,1316400,0,0,414000,0,0,308300,0,0,13100,0,0,0,0,0,0,0,176598600,0,0,0,152560351666.667,0,0,0,0,0,0,0,0,0,0,0,0,521037619200,0,0,0,0,0,0,401595500,0,60500,23700,0,65500,0,0,0,0,126338966.666667,0,0,0,0,0,0,0,592500,47665744200,0,0,0,0,0,262000,0,0,0,0,609143100,0,4609700,38109667500,0,0,0,30500,204656500,0,0,40348000,0,157200,759118800,0,0,0,0,12984692700,49032900,0,0,2123631200,4218200,43136169100,0,1896730500,0,0,39273800,0,0,0,0,111720463600,0,1583716933.33333,0,0,0,0
"Norway",0,78600,0,0,0,0,65500,39824000,0,0,0,0,0,0,0,0,0,0,0,0,0,0,0,0,0,144100,0,0,0,0,0,5982100,0,0,0,0,0,0,39300,0,0,1343625400,0,0,0,0,0,0,0,278794200,11659000,0,543326900,76543300,0,0,0,0,0,5748346200,0,0,0,340600,0,0,0,0,0,0,0,379900,39300,0,5095900,0,0,0,0,11305300,10584800,3183300,0,0,0,694300,0,0,0,0,0,26200,91700,39300,0,0,0,0,0,62356000,0,0,0,0,0,0,602600,0,0,91700,0,13100,0,0,628800,0,7593500,0,0,0,0,65500,0,0,0,0,0,0,28034000,0,0,0,25951100,244066100,0,0,0,0,0,0,0,0,131000,0,0,0,0,0,0,0,0,0,0,26200,8700,0,8593600,0,0,0,21116379700,85098800,0,0,3930000,91700,0,0,0,0,0,0,0,301300,0,0,335471300,0,21274400,0,1676800,0,0,7008500,0,0,0,0,4416300,0,0,0,0,0,0
"Pakistan",0,4372100,0,0,0,0,641900,0,0,15130500,0,0,0,0,0,0,0,0,0,0,0,393000,0,0,0,2842700,0,0,20960000,0,1061100,0,0,209600,0,0,0,0,0,222700,0,0,0,0,0,0,0,0,0,0,0,0,0,0,0,0,0,0,1321400,0,0,0,0,0,0,0,0,2478300,0,0,0,104800,0,0,0,0,0,0,0,0,0,0,0,0,0,0,21182700,0,3406000,0,0,0,67805600,0,0,0,0,0,0,0,0,0,78600,13100,9353400,0,0,0,445400,0,0,0,16086800,0,0,0,0,0,0,0,0,0,0,0,183400,0,0,0,0,0,0,0,0,0,0,0,0,0,661405900,0,0,0,0,0,0,0,0,129690000,0,0,0,0,0,0,0,226400,0,0,0,0,0,0,0,0,0,0,0,0,0,13100,7846900,0,13100000,116223200,0,0,0,0,27241400,0,0,0,0,0,0,8331600,0,0,0,0,0,0,0,0,0
"Panama",0,0,0,0,91700,0,2732400,0,0,0,4270600,0,0,0,0,0,59460900,0,1310000,0,0,0,0,0,0,0,0,0,0,0,53199100,0,790912000,0,0,0,174221800,476346666.666667,0,0,0,0,510900,110210300,0,269244300,0,138453900,0,0,0,0,0,38322600,0,0,0,0,0,1228862400,0,0,0,0,0,91700,37321400,0,1689900,28413900,31922700,0,0,0,0,0,0,0,0,0,0,0,0,0,602600,15431800,0,0,0,0,0,0,0,0,0,0,0,0,0,0,0,0,0,0,0,0,0,0,0,0,0,0,0,0,0,0,995156666.666667,0,0,0,0,1380000,40203900,0,0,0,0,0,0,0,6707700,32013300,0,0,0,0,0,0,248900,0,0,0,828000,0,458500,0,0,15911400,0,0,0,0,0,0,0,95289000,226290466.666667,0,0,0,0,0,0,0,2401200,0,0,0,0,6170100,0,0,0,0,0,0,0,0,136053900,0,157091466.666667,0,185617900,0,0,0,0,0,522448200,0,0,0,0,0,0
"Czech Republic",35579600,0,0,1126600,0,0,11488700,4886617100,0,0,0,0,0,0,0,0,0,0,0,0,406100,696241900,0,0,0,483717500,0,0,13100,0,17370600,1039485000,0,0,0,0,0,26200,18012500,1716100,0,291601800,0,0,181943400,0,1061100,0,0,640020900,39300,0,98857600,6243382800,0,0,70622100,0,0,20073290200,246092200,0,0,294222300,0,0,0,0,0,0,0,1951900,18552857500,1003027500,10204900,0,26200,14907800,2515200,133056700,58976200,1861246500,0,327500,0,326463333.333333,563300,0,26200,0,0,24208800,429011900,74317300,628800,13100000,0,0,19060500,640418300,1113500,0,0,3654900,1375500,0,32826700,0,9052100,8331600,53731200,419200,0,33798000,0,0,4705608100,0,0,812200,0,18313800,0,0,0,109660100,0,0,0,0,314400,812200,39300,39550216300,1164917500,0,0,0,23553800,0,1599445700,0,5963226300,0,0,0,0,229629900,0,26200,0,796368300,86715661533.3333,1519600,0,74080500,1242764100,0,28204300,0,458823800,77133400,0,0,7899300,5567500,0,0,0,877700,5043500,0,32697600,1127229700,0,0,8076374200,3739697000,164955200,327500,0,11123533.3333333,0,67844900,0,0,0,0,5424592000,8593600,88991400,969400,0,0,0
"Papua New Guinea",0,0,0,0,0,0,369841200,0,0,0,0,0,0,0,0,0,0,0,0,0,0,0,0,0,0,1588380000,0,0,0,0,0,3622513800,0,0,0,0,0,0,0,0,0,0,0,0,0,0,0,0,0,14379600,0,0,0,483000,0,0,0,0,0,100174200,0,0,0,0,0,0,0,0,0,0,0,0,0,0,0,186300000,23626690200,0,0,0,0,0,0,0,0,6844800,0,0,0,0,0,13800,0,0,0,0,0,0,0,0,0,0,0,46747030800,0,0,0,0,0,0,0,0,0,0,0,0,3185978400,0,0,0,0,77224800,0,0,0,0,0,0,0,0,0,0,235800,0,0,0,0,0,0,0,0,0,1738800,0,0,0,0,0,7113300,0,0,0,0,14500404500,0,0,0,0,0,0,0,4098600,0,0,0,0,26200,0,0,0,0,0,1393800,2397200,0,0,7010400,0,33452546800,0,0,0,0,0,0,0,0,13100,9222043200,0,0,0,0,0,0
"Paraguay",0,0,0,0,0,4113400,0,0,0,0,0,0,0,0,2371100,0,2436600,0,0,0,0,0,0,0,0,7676600,0,0,0,0,0,0,0,0,0,0,0,0,0,0,0,0,0,0,0,0,0,0,0,0,0,0,0,0,0,0,0,0,0,0,0,0,0,0,0,0,0,0,0,0,0,0,0,0,0,0,0,0,0,0,0,0,0,0,0,0,0,0,0,0,0,0,0,0,0,0,0,0,0,0,0,0,0,0,0,0,0,0,0,0,0,0,0,0,0,0,0,0,0,0,0,0,0,0,0,0,0,0,0,0,0,0,0,0,0,0,0,0,0,0,0,0,0,0,0,0,0,0,0,0,0,0,0,0,0,0,2017400,0,0,0,0,0,0,0,0,0,0,0,0,0,0,0,0,0,0,0,0,0,0,0,0,0,0,0,0,0,0,0,0,0,0,0,0,0,0
"Peru",0,0,870000,3039132600,0,8840008733.33333,3370328333.33333,15944900,0,1270000,0,0,0,0,5067240733.33333,0,2746441866.66667,0,0,0,0,50812800,0,0,0,2649266633.33333,0,0,237000,0,7999454033.33333,13075200,4733565300,0,0,0,1120153633.33333,91700,0,0,0,281177600,0,212309700,0,3945383400,0,7522500,0,1542690433.33333,0,0,59828700,2933016766.66667,0,0,0,0,0,31958487766.6667,0,0,0,190621600,0,0,410674133.333333,0,0,43439100,193035300,21573200,6347700,208800,0,1040988600,53386411800,0,0,8315700,197724266.666667,17009859433.3333,0,0,0,1067337333.33333,0,0,0,0,0,653408900,3000066.66666667,23114800,0,1326300,0,0,0,2319600,0,0,0,18441077900,0,0,0,0,0,14479645600,0,0,0,0,0,0,78327807600,0,0,43500,0,271749966.666667,30003300,0,0,42757966.6666667,1125000,365083700,14425533.3333333,0,431922433.333333,0,1732800,11901133.3333333,93410700,0,0,0,0,0,0,0,455849600,0,0,0,0,5581800,0,0,0,124200,427500,853696300,0,110206700,10394875733.3333,0,0,0,45784633.3333333,1417981033.33333,0,0,26064300,0,52702800,0,0,0,53700,0,968304433.333333,53885866.6666667,0,0,2555700333.33333,887000,78292066833.3333,0,245896666.666667,0,133381600,435000,0,0,0,0,28599313433.3333,0,1174500,0,0,0,0
"Philippines",0,1074200,0,0,0,0,112254500,52400,0,22715400,0,0,0,0,0,0,0,0,0,0,40387300,0,21785300,0,5502000,125976500,0,0,0,0,0,1561363500,0,0,0,0,0,0,222700,0,0,1742300,0,0,0,0,0,0,0,0,0,170300,0,13100,0,0,0,0,0,2442972300,0,80355400,2305600,196500,0,0,0,0,0,0,0,275594600,0,0,0,45175200,1059362600,0,0,0,99284900,342700,39614400,0,0,104809800,15772400,0,39588200,7218100,0,341055600,41697300,0,0,157200,0,0,0,0,3694200,0,0,15551081900,0,0,0,0,17842200,0,11095700,0,0,0,0,0,955287500,0,0,0,7833800,48970000,0,0,26200,0,78600,0,0,7890500,0,0,0,0,0,0,0,0,60372900,0,0,14030100,0,0,0,0,0,86048000,0,0,0,0,0,953115400,0,0,30732600,0,0,0,183400,0,0,0,158956033.333333,61360400,2482519200,0,0,0,13100,0,0,125662500,25099600,0,414320500,0,167167100,0,0,0,0,1499955300,0,0,0,0,441600,0,0,0,0,0,0
"Poland",791243400,29710800,2394893600,1778835900,0,244983100,10781143900,24998270166.6667,0,203298700,16833500,155038500,0,0,0,0,4032127600,0,4099900,0,5384100,18933588033.3333,0,0,6065300,6400556700,2496900,0,471704800,0,1487583200,1547467600,183858500,0,34832900,0,247000500,0,316918900,496157500,0,28502058833.3333,0,170300,7056590300,16126100,4292313000,12811800,0,4482038500,39300,0,2972121100,133668391666.667,78600,0,427858600,0,157200,313577273033.333,3761061700,9156900,0,12168645600,0,0,47107600,258227200,0,0,5973600,1434673000,48597299500,19543758833.3333,546516500,1525946000,4270600,581214200,1553188300,7129996300,3519292700,29330011766.6667,0,195281700,0,2524632000,3702484200,4309900,33352600,170300,0,3134869300,403728900,7246597333.33333,1165900,520137400,0,3641800,4103639800,31079435800,0,275100,0,484831000,309491700,1283800,718962000,461814300,102363400,586940266.666667,2168651900,806252600,0,551990900,1427900,31610300,100795463533.333,0,3445300,4042664166.66667,0,493525000,4702900,2135300,457190000,5460782900,17842200,40007400,60653089366.6667,0,22217600,76150300,268012900,0,2675122700,0,0,0,192269800,0,57683079700,26200,51428747766.6667,0,0,0,0,6694113100,36850300,17998200,511895600,5551995600,34140821166.6667,2852229100,0,6711911000,11660183500,4611200,19915000,0,38197274700,6726016266.66667,282604400,121605800,1879758300,13100,288770600,26200,0,2344900,298339400,57993700,4458122800,4227276900,29488100,0,322539383000,59063903600,37237730533.3333,0,212560600,127854500,13414400,281053100,7833800,184473300,111991900,1545800,66009518100,55125200,26953578533.3333,912297100,17947000,0,1654126800
"Portugal",3288100,0,0,446500400,628800,0,112751700,288200,0,13034500,0,0,0,0,0,0,1065764200,0,0,0,0,22754700,0,0,0,117072400,707179200,0,0,0,20112700,40461500,1676800,0,995600,0,641900,222700,133501800,0,1943000,175736500,0,314400,0,0,77630600,0,7912400,812200,0,0,1441000,2078116033.33333,0,0,104800,0,0,220924800,0,982500,0,520870500,0,0,65500,939666.666666667,471600,0,0,219241600,27124400,1711700,104800,9156900,13100,393000,69849200,41898400,176679700,784899700,104800,0,0,90259000,40675500,0,2830000,0,0,2004300,180295300,0,0,50828000,0,65500,556396300,110922700,10413700,0,0,943200,890800,0,11744400,202237800,2122200,32226000,0,284225300,282605000,0,262000,0,270901333.333333,0,0,0,0,69102500,0,0,47120700,9130700,6903700,104800,29031500,0,6746500,19388000,93036200,125042133.333333,0,76440400,0,0,45007900,0,145150500,5148300,147584600,0,0,0,159548300,422576600,25283000,0,0,2296800,7165700,45898000,0,539740000,13634477200,301300,0,0,6039100,507292733.333333,0,0,0,0,0,1454100,0,0,10702700,1375500,18864000,540874900,2999900,0,768513633.333333,56526500,143810700,0,8239900,0,25404500,0,31111000,0,877700,0,456745000,883244433.333333,21929400,0,0,0,33784900
"Guinea-Bissau",0,0,0,0,0,0,0,0,0,0,0,0,0,0,0,0,0,0,0,0,0,0,0,0,0,0,0,0,0,0,0,0,0,0,0,0,0,0,0,0,0,0,0,0,0,0,0,0,0,0,0,0,0,0,0,0,0,0,0,0,0,0,0,0,0,0,0,0,0,0,0,0,0,0,0,0,0,0,0,0,0,0,0,0,0,0,0,0,0,0,0,0,0,0,0,0,0,0,0,0,0,0,0,0,0,0,0,0,0,0,0,0,0,0,0,0,0,0,0,0,0,0,0,0,0,0,0,0,0,0,0,0,0,0,0,0,0,0,0,0,0,0,0,0,0,0,0,0,0,0,0,0,0,0,0,0,0,0,0,0,0,0,0,0,0,0,0,0,0,0,0,0,0,0,0,0,0,0,0,0,0,0,0,0,0,0,0,0,0,0,0,0,0,0,0
"Timor-Leste",0,0,0,0,0,0,0,0,0,0,0,0,0,0,0,0,0,0,0,0,0,0,0,0,0,0,0,0,0,0,0,0,0,0,0,0,0,0,0,0,0,0,0,0,0,0,0,0,0,0,0,0,0,0,0,0,0,0,0,0,0,0,0,0,0,0,0,0,0,0,0,0,0,0,0,0,0,0,0,0,0,0,0,0,0,0,0,0,0,0,0,0,0,0,0,0,0,0,0,0,0,0,0,0,0,0,0,0,0,0,0,0,0,0,0,0,0,0,0,0,0,0,0,0,0,0,0,0,0,0,0,0,0,0,0,0,0,0,0,0,0,0,0,0,0,0,0,0,0,0,0,0,0,0,0,0,0,0,0,0,0,0,0,0,0,0,0,0,0,0,0,0,0,0,0,0,0,0,0,0,0,0,0,0,0,0,0,0,0,0,0,0,0,0,0
"Eritrea",0,0,0,0,0,0,0,0,0,0,0,0,0,0,0,0,0,0,0,0,0,0,0,0,0,0,0,0,0,0,0,0,0,0,0,0,0,0,0,0,0,0,0,0,0,0,0,0,0,0,0,0,0,0,0,0,0,0,0,0,0,0,0,0,0,0,0,0,0,0,0,0,0,0,0,0,0,0,0,0,0,0,0,0,0,0,0,0,0,0,0,0,0,0,0,0,0,0,0,0,0,0,0,0,0,0,0,0,0,0,0,0,0,0,0,0,0,0,0,0,0,0,0,0,0,0,0,0,0,0,0,0,0,0,0,0,0,0,0,0,0,0,0,0,0,0,0,0,0,0,0,0,0,0,0,0,0,0,0,0,0,0,0,0,0,0,0,0,0,0,0,0,0,0,0,0,0,0,0,0,0,0,0,0,0,0,0,0,0,0,0,0,0,0,0
"Qatar",0,0,0,0,0,0,0,0,0,0,0,0,0,0,0,0,0,0,0,0,0,0,0,0,0,0,0,0,0,0,0,0,0,0,0,0,0,0,0,0,0,0,0,0,0,0,0,0,0,0,0,0,0,641900,0,0,0,0,0,0,0,0,0,0,0,0,0,0,0,0,0,0,0,0,0,0,0,0,0,0,0,0,0,0,0,0,0,0,0,0,0,0,0,0,0,0,0,0,0,0,0,0,0,0,0,0,0,0,0,0,0,0,0,0,0,0,0,0,0,0,0,0,0,0,0,0,0,0,0,0,0,0,0,0,0,0,0,0,0,0,0,0,0,0,0,0,0,2620000,0,0,0,0,0,0,0,0,0,0,0,0,0,0,0,0,0,0,0,0,0,0,0,0,0,0,0,0,32265300,0,0,0,0,0,0,0,0,0,0,0,0,0,0,0,0,0,0
"Zimbabwe",0,0,0,0,0,0,0,0,0,0,0,0,0,0,0,52400,0,0,0,0,0,0,0,0,0,0,0,0,0,0,0,0,0,0,0,0,0,0,0,0,0,0,0,0,0,0,0,0,0,0,0,0,0,0,0,0,0,0,0,0,0,0,0,0,0,0,0,0,0,0,0,0,0,0,0,0,0,0,0,0,0,0,0,0,0,0,0,0,0,0,0,0,0,0,0,0,0,0,0,0,0,0,0,0,0,0,0,0,0,0,0,0,1925700,0,0,0,0,0,0,0,0,0,0,0,0,0,0,0,0,0,0,0,0,0,0,0,0,0,0,0,0,0,0,0,0,0,0,0,0,0,0,0,0,0,0,1691500,0,0,0,0,0,524000,0,0,0,0,0,0,0,0,0,0,0,3681100,0,0,0,0,0,0,0,0,0,0,0,0,0,18759200,0,0,0,0,0,0,0
"Romania",0,0,197390000,0,0,0,91700,493665200,0,0,0,0,0,0,0,0,0,0,0,0,0,31641512966.6667,0,0,0,163426800,0,0,0,0,167680000,246830200,0,0,229276200,0,353700,0,185316400,0,0,15549700,0,0,0,0,3523900,0,0,6366600,0,0,746700,1114376000,0,0,35097600,0,0,5759877100,740962200,0,0,3353200500,0,0,248900,0,0,0,0,104158100,2593164900,480736500,851500,39457200,8226800,6353500,0,51430000,395620000,2571844900,1860200,314400,0,1663700,161169300,0,8737700,0,0,2567600,15300800,26625700,0,318463700,0,0,621476900,1023105500,0,0,0,12562900,0,0,7296700,0,0,0,0,127921500,0,2093724200,0,0,1502778400,0,0,334201500,0,4113400,0,0,0,3772800,0,0,502280200,0,0,0,679431500,12394419900,56679200,0,0,0,9707100,0,0,0,301944000,0,0,0,0,1304349900,8973500,0,9619100,100398400,3564543000,10886100,0,655000,1175675033.33333,0,379900,0,26606100,947500,0,0,123808100,353600,39941900,0,0,0,55609500,0,1712711900,410423000,471600,0,2827394766.66667,228105300,640750200,0,13100,0,0,0,0,31859200,20789700,0,6396103466.66667,1021800,685137500,46269200,0,0,18903300
"Rwanda",0,0,0,0,0,0,0,0,0,0,0,0,0,0,0,0,0,0,0,0,0,0,0,0,0,0,0,0,0,0,0,0,0,0,131000,0,0,0,0,0,0,0,0,0,0,0,0,0,0,0,0,0,0,0,0,0,0,0,0,31230400,0,0,0,0,0,0,0,0,0,0,0,0,0,0,0,0,0,0,0,0,0,0,0,0,0,0,0,0,0,0,0,0,0,0,0,0,0,0,0,0,0,0,0,0,0,0,0,0,2449700,0,0,0,0,0,0,0,0,0,0,0,0,0,0,0,0,0,0,0,0,0,0,0,0,0,0,0,0,0,0,0,0,0,0,0,0,0,0,0,0,0,0,0,0,0,0,0,0,0,0,0,0,0,0,0,0,0,0,0,0,0,0,0,0,11370800,117900,0,550200,0,366800,0,0,0,0,0,0,0,93862300,0,0,0,0,0,0,3864500,0
"Russian Federation",36355899166.6667,2406116300,0,69914700,0,0,412514600,1179000,222700,328757600,0,187421700,0,0,0,0,0,0,0,0,0,481397200,13100,14396900,0,697127000,0,144100,307915500,0,0,197802071000,0,0,0,0,6039100,4598100,12418800,75337550166.6667,0,2711700,0,0,118991180733.333,0,3091036700,0,0,5866387933.33333,0,0,62788300,2436600,0,0,41365154266.6667,0,0,12706199300,2292500,0,0,102083200,0,0,0,0,0,0,0,55832200,183151100,157200,0,76346800,0,207228900,13860690800,26200,5243363400,570989700,0,230340837400,0,249633600,1449724600,59759892700,0,23331100,0,1039479000,734975500,3411802266.66667,10624100,2066708400,0,196500,4975908200,3575576100,0,0,0,230147700,84455700,0,340600,0,13100,244996200,37102202966.6667,186006900,0,16921128700,0,248271200,18656633366.6667,0,0,2279400,0,11514900,0,0,209600,541400,0,144100,216333300,157100,0,0,184972000,1384237700,0,0,0,0,2398190800,0,191901900,0,0,13100,0,0,0,48553368400,10624100,0,0,0,39300,2338406400,0,0,357412100,0,31733621533.3333,0,2672400,235800,0,10450502266.6667,1066025600,0,25143200,0,0,0,318199000,592670200,1226801900,33731910500,1401700,0,2215710433.33333,37663231300,5054348333.33333,0,97829100,102918749200,0,2461747500,0,2902593200,0,0,98639400,65500,3104503500,12038900,0,0,326006600
"Saint Kitts and Nevis",0,0,0,0,0,0,0,0,0,0,0,0,0,0,0,0,0,0,0,0,0,0,0,13100,0,0,0,0,0,0,0,0,0,0,0,0,0,0,0,0,0,0,0,0,0,0,0,0,0,0,0,0,0,0,0,0,0,0,0,0,0,0,0,0,0,0,0,0,0,0,0,0,0,0,0,0,0,0,0,0,0,0,0,0,0,0,0,0,0,0,0,0,0,0,0,0,0,0,0,0,0,0,0,0,0,0,0,0,0,0,0,0,0,0,0,0,0,0,0,0,0,0,0,0,0,0,0,0,0,0,0,0,0,0,0,0,0,0,0,0,0,0,0,0,0,0,0,0,0,0,0,0,0,0,0,0,0,0,0,0,0,0,0,0,0,0,0,0,0,0,0,0,0,0,0,0,0,0,0,0,0,0,0,0,0,0,0,0,0,0,0,0,0,0,0
"Saint Lucia",0,0,0,0,125866.666666667,0,0,0,0,0,288200,0,0,0,0,0,0,0,0,0,0,0,0,0,0,1725400,0,0,0,0,0,0,0,0,0,0,0,0,0,0,0,0,124200,0,0,0,0,0,0,0,0,0,0,621100,0,0,0,0,0,0,0,0,0,0,0,0,0,0,0,0,0,0,0,0,0,0,0,0,0,0,0,0,0,0,0,0,0,0,0,0,0,0,0,0,0,0,0,0,0,0,0,0,0,0,0,0,0,0,0,0,0,0,0,0,0,0,0,0,0,0,0,0,0,0,0,0,0,0,0,0,0,0,0,0,0,0,0,0,0,0,0,0,0,633966.666666667,0,218200,0,0,0,0,0,0,0,0,0,0,0,0,0,0,0,0,0,0,0,0,0,0,0,0,0,0,0,0,0,0,46625300,0,42040800,0,0,0,0,0,0,0,0,0,0,0,0,0,0,0,0
"Saint Vincent and the Grenadines",0,0,0,0,0,0,0,0,0,0,91700,0,0,0,0,0,0,0,0,0,0,0,0,0,0,0,0,0,0,0,0,0,0,0,0,0,0,0,0,0,0,0,0,0,0,0,0,0,0,0,0,0,0,0,0,0,0,0,0,0,0,0,0,0,0,0,0,0,0,0,0,0,0,0,0,0,0,0,0,0,0,0,0,0,0,0,0,0,0,0,0,0,0,0,0,0,0,0,0,0,0,0,0,0,0,0,0,0,0,0,0,0,0,0,0,0,26316600,0,0,0,0,0,0,0,0,0,0,0,0,0,0,0,0,0,0,0,0,0,0,0,0,0,0,0,0,0,0,0,0,0,0,0,0,0,0,0,0,0,0,0,0,0,0,0,0,0,0,0,0,0,0,0,0,0,0,0,905500,0,0,0,0,0,0,0,0,0,0,0,68544600,0,0,0,0,0,0
"Sao Tome and Principe",0,0,0,0,0,0,0,0,0,0,0,0,0,0,0,0,0,0,0,0,0,0,0,0,0,0,0,0,0,0,0,0,0,0,0,0,0,0,0,0,0,0,0,0,0,0,0,0,0,0,0,0,0,45530200,0,0,0,12775600,0,1448923400,0,0,0,0,0,0,0,0,0,0,0,0,0,0,0,0,0,0,0,0,0,1528000,0,0,0,0,0,0,0,0,0,0,0,0,0,0,0,0,0,0,0,0,0,0,0,0,0,0,0,0,0,0,0,0,0,0,4038403800,0,0,0,0,0,0,0,0,0,0,0,276500,0,0,0,0,0,147455500,0,0,0,0,0,0,0,0,0,0,0,0,0,0,0,0,0,0,0,0,0,103857200,0,0,0,0,51791400,0,0,0,0,0,0,0,0,0,0,0,0,0,0,0,0,1469300,0,0,0,0,0,0,0,0,0,3350571000,0,0,0,0,0,0
"Saudi Arabia",0,0,0,0,0,0,843900,0,0,2029670900,0,458500,0,0,0,0,0,0,0,0,14514800,0,0,0,0,4637400,0,0,1365900,0,0,7860000,0,0,0,0,0,0,0,0,0,65500,0,0,0,0,9571406600,0,0,0,0,0,0,0,0,812200,0,0,249437100,851500,0,0,0,0,0,0,0,0,0,0,0,1755400,0,0,0,778467500,0,0,1799226000,0,0,0,0,0,0,0,4402591600,0,0,0,0,0,4978893833.33333,0,0,483566900,0,128890900,291920000,0,0,0,0,27693400,0,0,0,0,0,0,0,0,0,0,0,0,128775000,0,0,0,0,0,0,0,184382500,0,4480200,0,0,0,0,0,0,0,0,0,0,0,93232700,0,0,0,1611300,0,0,0,10480000,0,0,0,61465200,0,0,0,197052700,7650400,11790000,0,0,0,0,0,26317900,0,0,0,0,0,0,0,3155422900,0,148292000,12065824000,0,0,1689900,0,10755100,0,0,0,0,0,0,1844865200,0,0,0,0,0,0,129556400,0,182116200
"Senegal",0,0,0,0,0,0,0,0,0,0,0,0,0,0,0,0,0,0,0,0,0,0,0,1084800,138000,0,7401500,0,0,0,0,0,0,0,967369500,0,0,0,0,0,0,0,0,0,0,0,0,0,15929600,0,0,0,0,170723400,0,0,0,4742200,2221492200,0,0,0,0,0,0,0,0,4403500900,0,0,0,0,0,0,0,0,0,0,0,0,0,0,503891500,0,0,0,0,0,0,0,0,0,0,0,0,0,0,0,0,0,0,393000,0,0,0,1089885500,0,3928986300,0,0,0,31178000,0,0,0,0,0,0,0,0,0,0,0,90783000,0,0,0,0,0,0,0,0,0,0,0,1453373900,0,0,0,0,0,0,0,0,0,0,0,0,0,0,0,0,0,0,0,0,0,0,0,0,0,0,0,0,0,0,0,0,0,0,0,0,0,39300,0,0,39123400,0,1252500,163501100,0,0,26173800,0,0,0,0,0,196500,0,0,0,0,0,0
"Seychelles",0,0,0,0,0,0,0,0,0,0,0,0,0,0,0,0,0,0,0,0,0,0,0,0,0,0,0,0,0,0,0,0,0,0,0,0,0,0,0,0,0,0,0,0,0,0,0,0,0,0,0,0,0,0,0,0,0,0,0,0,0,0,0,0,0,0,0,0,0,0,0,0,0,0,0,0,0,0,0,0,0,0,0,0,0,0,0,0,0,0,0,0,0,0,0,0,0,0,0,0,0,0,0,0,52400,0,0,0,0,0,0,0,0,0,0,0,0,0,0,0,0,0,0,0,0,0,0,0,0,0,0,0,0,0,0,0,0,0,0,0,0,0,0,0,0,0,0,0,0,0,0,0,0,0,0,0,0,0,0,0,0,0,0,0,0,0,0,0,0,0,0,0,0,117900,0,0,0,0,0,0,0,0,0,0,0,0,0,0,0,0,0,0,0,0,0
"Sierra Leone",13100,0,0,0,0,0,0,0,0,0,0,0,0,0,0,0,0,0,0,0,0,0,0,0,0,96600,0,0,0,0,0,22689600,0,0,0,0,0,0,0,0,0,0,0,0,0,0,0,0,0,0,0,0,0,370083300,0,0,0,0,0,69193200,0,0,0,0,0,0,0,0,0,0,0,0,0,0,0,0,0,0,0,0,0,161059800,0,0,0,0,0,0,0,0,0,0,0,0,0,8700,0,0,0,0,0,0,13100,20700000,0,0,0,0,0,0,0,252300,0,0,0,0,69474016200,0,0,0,0,427800,0,0,0,0,0,0,64473600,0,0,0,0,0,0,0,0,0,0,0,0,0,0,0,0,0,0,23625300,0,0,0,0,0,0,0,0,0,0,0,0,0,0,0,0,0,0,0,0,0,0,0,0,0,0,0,0,745200,17400,143520000,0,0,0,0,0,0,0,0,52400,1888240200,0,0,0,0,0,0
"Slovenia",1637500,0,69242700,0,0,2829600,0,1212435000,0,0,0,0,0,0,0,0,0,0,0,0,0,871202400,0,0,0,64687800,0,0,0,0,39300,3472600,0,0,0,0,0,0,1716100,0,0,33309600,0,0,13977600,0,0,0,0,4471733.33333333,0,0,2062100,8091504700,0,0,0,0,0,1549161000,866533800,366800,0,59354700,0,0,0,0,0,0,0,456800,1140218500,6208048500,759800,65500,262000,16965000,9759500,0,495743300,1679490200,0,0,0,4873200,10820600,0,0,0,0,13100,6628600,161500,0,6379700,0,0,0,1444082000,0,0,0,1048000,4034800,0,1172800,0,0,0,0,0,0,524000,0,0,12535852800,0,0,245561000,0,0,0,0,0,35521000,0,0,961076500,0,0,0,0,4445819200,696893800,0,0,0,0,0,362360500,0,1870000,0,0,0,0,55675000,0,0,0,0,4062209100,2921300,0,0,1855613733.33333,0,0,0,20645600,29908733.3333333,0,0,1847100,0,0,0,0,0,0,0,46269200,20509400,0,0,216853700,33684333.3333333,1231400,0,0,0,0,0,0,0,0,0,11899100,117900,1774059633.33333,131427000,0,0,0
"Slovakia",0,0,0,0,0,0,364311000,16635416733.3333,0,275100,0,0,0,0,0,0,25021000,0,0,0,0,12079044600,0,0,0,499040000,0,0,0,0,47212400,22911900,0,0,0,0,0,0,456954200,9549900,0,344923000,0,0,0,641900,0,0,0,1323100,0,0,1469728300,4835341000,0,0,4130700,0,0,15246247066.6667,1384761700,0,0,1405905100,0,0,0,0,0,0,0,0,47807950900,1849453600,0,46413300,0,0,393000,567020400,41854500,1786224300,0,0,0,8632900,1336200,0,0,0,0,173837000,4021700,22728500,0,0,0,0,32723800,8872596200,0,0,0,0,0,0,8213700,0,0,602600,733600,0,0,1716100,0,0,2988869800,0,0,982500,0,0,0,0,0,95302500,0,0,43685848300,0,0,0,0,35335750200,467342500,0,0,0,1598200,0,1714173200,0,7180468500,0,0,0,0,43452700,0,0,0,155440900,0,0,0,72927700,419396500,0,0,0,3838404800,98446500,0,0,18850900,0,0,0,0,0,0,0,17043100,83433900,0,0,13860245600,290090700,16348800,0,0,0,0,0,0,0,0,0,9642752800,0,2066354700,27195600,0,0,0
"Singapore",19650000,0,0,0,0,45024700,118556417933.333,13100,0,2204026300,0,3314525933.33333,0,12143700,0,0,383720100,0,0,655000,1911367100,0,1161587400,0,100400,1142824600,0,0,4808744700,0,1448362200,63922447600,261000,0,0,0,78521400,0,0,0,0,0,0,21923300,0,29110900,7424014500,11554200,0,237000,0,439752100,0,25152900,0,23370400,0,0,0,4569500,0,222759733.333333,0,36714900,0,0,51731900,5148300,1005533800,0,0,12929855933.3333,1000500,0,0,25006885066.6667,48797912766.6667,14082500,0,248900,15845756400,3510200,0,0,61832000,179772367533.333,2384200,0,190794100,1069140866.66667,0,38060107333.3333,438508400,0,2489000,533768800,0,0,91254600,0,54587700,0,0,68834310033.3333,363381133.333333,0,0,0,69788400,892541500,504845000,0,0,0,0,0,8024748233.33333,0,0,0,63404000,13750945800,0,0,431976200,366800,2019572166.66667,69652700,0,157915500,0,3166678500,24182335600,7290600,0,0,25191300,0,579881966.666667,0,0,0,32694365400,0,0,0,0,7824189100,0,13789400,0,0,0,0,0,10015046433.3333,155429700,48863000,0,0,5410300,375100,0,0,4996242000,11698300,19980039833.3333,0,0,0,265512900,0,30426900,17383617566.6667,0,0,299795333.333333,3156081600,22645015600,0,0,13156666.6666667,0,4712479900,0,20593200,0,0,0,183400,0,0,0,0,0
"Somalia",0,0,0,0,0,0,0,0,0,0,0,0,0,0,0,0,0,0,0,0,0,0,0,0,0,0,0,0,0,0,0,0,0,0,0,0,0,0,0,0,0,0,0,0,0,0,0,0,0,0,0,0,0,0,0,0,0,0,0,0,0,0,0,0,0,0,0,0,0,0,0,0,0,0,0,0,0,0,0,0,0,0,0,0,0,0,0,0,0,0,0,0,0,0,0,0,0,0,0,0,0,0,0,0,0,0,0,0,0,0,0,0,0,0,0,0,0,0,0,0,0,0,0,0,0,0,0,0,0,0,0,0,0,0,0,0,0,0,0,0,0,0,0,0,0,0,0,0,0,0,0,0,0,0,0,0,0,0,0,0,0,0,0,0,0,0,0,0,0,0,0,0,0,0,0,0,0,0,0,0,0,0,0,0,0,0,0,0,0,0,0,0,0,0,0
"South Africa",0,0,0,0,0,17069300,328679000,0,0,8646000,0,13100,0,0,0,7698168000,29728100,0,0,0,0,0,0,170300,681200,77935300,0,13100,0,0,78600,12196100,0,85320300,72053200,0,0,0,24680400,0,0,157703000,0,0,0,0,1480300,0,0,0,0,0,13100,146950100,0,112895800,917000,7925500,0,67309100,0,206341000,0,0,0,0,0,13100,0,0,0,1056829400,0,0,0,19728600,2633100,0,45417700,5082800,2651636500,209600,131262000,0,0,61923700,16230900,0,3009300000,0,13100,65500,248900,13100,0,9890500,1204496600,0,19650000,0,0,183691500,1376445100,18614100,2305600,13100,0,0,2202459800,0,0,13100,5959760033.33333,0,9114066533.33333,0,55669400,0,0,0,0,108428700,0,0,168876300,0,58399800,0,212400,759700,157200,0,563300,292400,699094600,0,0,0,9436300,2661861200,0,14654500,6379700,0,0,0,0,14933300,97175800,338476000,0,130900,0,56258100,781600,0,4480200,0,0,3465294133.33333,22204500,419200,0,0,452408500,976489700,52400,26200,0,0,26200,0,384275400,343614100,97714500,0,61197300,1754900,716810000,0,17400,0,0,1021800,930100,0,887884100,4983562100,589500,602600,0,0,576400,0,11619700
"Spain",70425600,0,9143700,25240507333.3333,0,3720528066.66667,2731771200,3843884100,65500,22169500,0,446370700,0,0,1180802500,0,571068200,0,209600,0,6183200,3212241633.33333,7519400,0,48941600,3630618300,198025500,4632200,115804000,29972800,13385733600,4570732333.33333,2166637900,0,353700,0,1248907200,1553301300,513295400,0,943200,638877966.666667,3694200,1813425600,373234400,320985266.666667,12631296433.3333,189243400,675782933.333333,3476867600,0,0,1708594900,165712122533.333,576400,0,427917000,15156700,40666500,39641968600,177167000,97444900,0,15006203900,0,0,1275610400,54967100,148100,248900,21521500,202285000,6074668766.66667,3058361500,10676500,799806933.333333,95271500,1562047500,177982633.333333,3038679000,4966570533.33333,42518857633.3333,210106400,41461500,2436600,5042899233.33333,2867238066.66667,0,254206700,0,0,5103203200,601673300,1188569933.33333,0,2963359500,0,124502400,707540800,1252707766.66667,5947400,5449600,13100,832056966.666667,23016700,43270500,412909400,409342300,41560100,3627804633.33333,6825100,22228534366.6667,12602200,597994100,0,31780600,27572918333.3333,0,150199200,858594833.333333,0,386850200,471600,0,103267300,553458433.333333,585777866.666667,180515166.666667,7560479133.33333,0,125196700,771302400,1093244333.33333,12692220433.3333,76958143300,31295900,0,0,380478400,0,9486107400,52400,16283782133.3333,0,0,0,0,4605570366.66667,553144000,0,19663100,1727206400,1408305400,551577233.333333,52622700,4120956533.33333,0,0,0,0,7188227466.66667,4538413533.33333,3414707800,455890433.333333,1280436466.66667,248900,287694000,5633000,0,33869500,176073300,2761790500,8651667500,8138221700,0,0,64052309166.6667,3213093366.66667,32533069666.6667,353700,974908333.333333,651878733.333333,129606000,42270400,3144000,116403900,40138400,0,37455271366.6667,41579400,1531687066.66667,16833500,8905700,0,0
"Suriname",0,0,0,0,0,0,0,0,0,0,0,0,0,0,0,0,262000,0,0,0,0,0,0,0,0,0,0,0,0,0,0,0,0,0,0,0,0,0,0,0,0,0,0,0,0,0,0,0,0,0,0,0,0,288200,0,0,0,0,0,0,0,0,0,0,0,0,0,0,21353000,0,0,0,0,0,0,0,0,0,0,0,0,0,0,0,0,0,0,0,0,0,0,0,0,0,0,0,0,0,0,0,0,0,0,0,0,0,0,0,0,0,0,0,0,0,0,0,25584300,0,0,0,0,0,0,0,0,0,0,0,0,0,0,0,0,0,0,0,0,0,0,0,0,0,0,0,0,0,0,0,0,0,0,0,0,0,0,0,0,0,0,0,0,0,0,0,0,0,0,0,0,0,0,0,0,0,0,0,0,0,0,0,0,0,46438200,0,0,0,0,0,0,0,0,0,0,0,0
"Tajikistan",0,0,0,0,0,0,0,0,0,0,0,0,0,0,0,0,0,0,0,0,0,0,0,0,0,0,0,0,0,0,0,0,0,0,0,0,0,0,0,0,0,0,0,0,0,0,0,0,0,0,0,0,0,0,0,0,0,0,0,0,0,0,0,0,0,0,0,0,0,0,0,0,0,0,0,0,0,0,0,0,0,0,0,0,0,0,0,0,0,0,0,0,0,0,0,0,0,0,0,0,0,0,0,0,0,0,0,0,0,0,0,0,0,0,0,0,0,0,0,0,0,0,0,0,0,0,0,0,0,0,0,0,0,0,0,0,0,0,0,0,0,0,0,0,0,0,0,0,0,0,0,0,0,0,0,0,0,0,0,0,0,0,0,0,0,0,0,0,0,0,0,0,0,0,0,0,0,0,0,0,0,0,0,0,0,0,0,0,0,0,0,0,0,0,0
"Swaziland",0,0,0,0,0,0,0,0,0,0,0,0,0,0,0,0,0,0,0,0,0,0,0,0,0,13100,0,0,0,0,0,0,0,0,0,0,0,0,0,0,0,0,0,0,0,0,0,0,0,0,0,0,0,0,0,0,0,0,0,0,0,0,0,0,0,0,0,0,0,0,0,0,0,0,0,0,0,0,0,0,0,0,0,0,0,0,0,0,60194500,0,0,0,0,0,0,0,0,0,0,0,0,0,0,0,0,0,0,0,0,0,0,0,4964900,0,0,0,0,0,0,0,0,0,0,0,0,0,0,0,0,0,0,0,26200,0,0,0,0,0,0,0,0,0,0,0,0,0,0,0,0,0,0,0,0,39300,0,4288847300,0,0,0,0,0,0,0,0,0,0,0,0,0,0,0,0,0,0,0,0,0,0,0,0,0,0,0,0,0,0,0,0,0,0,0,0,0,0,0
"Sweden",1270700,13100,52400,39300,0,26200,937075400,3643796100,0,68932200,0,38081700,0,0,0,0,7656500,0,0,0,0,331128700,0,0,13100,2087092000,0,0,39300,0,1297188200,82687200,39300,0,0,0,0,0,20527700,13100,0,49430530400,0,0,595725900,0,1401700,0,0,3566910300,96295666.6666667,26200,51449309833.3333,16368941100,0,3170200,445400,52400,0,30568732000,28151900,49184800,0,204713700,0,0,0,0,0,0,0,229926400,537938400,111022500,1895029033.33333,1567300,17578500,0,19060500,675422900,116576900,3196170600,26200,39300,0,204530100,28964100,13100,393000,13100,0,95734800,1392805100,2201496300,0,38481100,0,0,0,4320317100,0,0,0,25793900,26200,117900,41548700,0,183400,35029400,13100,21628100,0,4296800,0,13100,22169988100,0,0,12369200,0,869040900,0,0,52400,49687099833.3333,78600,26200,3940197600,0,0,317832200,7899300,6720118300,275414400,0,0,52400,104904800,0,1343397600,0,1993798900,0,26200,0,0,584142100,26200,0,0,1467029700,3246324100,98682300,0,78600,6949516000,0,0,0,0,1420030300,0,0,1021863200,9563000,25055900,0,0,13100,14344500,52400,93363700,581574500,0,0,15321493300,14067100,6998037900,39300,0,104800,13100,445400,39300,0,0,13100,5298303400,202067500,201491100,65500,0,0,0
"Switzerland",34505400,0,91320100,267384100,0,582433700,18787889500,8521729800,445400,381807900,0,12471200,0,0,20868300,0,7334218700,0,0,0,8069600,4780622300,17658800,0,131000,42702863433.3333,0,0,203057700,0,1723006800,12319986700,140934100,0,1624400,0,195215400,117900,110302000,137183200,0,438887600,0,59801500,149641300,36981300,358835200,4401600,0,199411233.333333,0,301300,73434500,50335759366.6667,26200,0,30339600,0,0,148026391733.333,91700,15982000,0,908136300,0,0,52531000,0,0,0,65500,3406838200,150977500,5562705400,239009500,746512300,2476016000,432300,337630600,395761400,5808775800,57353013600,1362400,6563100,5338600,5554835033.33333,302072900,0,63495700,45850000,0,1547293400,2304116300,45745200,0,323019666.666667,0,0,176037800,80551900,510900,7637300,0,1403496100,276252800,982500,112895800,0,256707600,176644600,13899100,177348700,0,5082800,0,117978600,7098272233.33333,0,10191800,186203400,0,99599300,26200,0,64452000,328785866.666667,17146900,171099100,1551184000,524000,125838600,158287300,3512091300,4013018300,1280663900,0,0,0,1763219900,91700,1563354000,0,5686537200,0,0,39300,0,6001943400,0,0,859687500,420018100,1419531300,4690085766.66667,0,1542747700,10918159133.3333,0,0,0,7770076000,0,445400,0,1977509666.66667,0,1319136300,1336200,0,0,383869300,379140200,3073261300,6265912600,3956200,0,41653822666.6667,445937100,31798464266.6667,406100,302348000,26566800,36614500,252738300,43374100,45601100,13800,65500,12592342333.3333,500572100,9379600,26200,12287800,0,0
"Syrian Arab Republic",17400,0,0,0,0,0,33047700,3493100,0,55373700,0,0,0,0,0,0,0,0,0,0,0,0,0,0,0,8239900,0,0,0,0,353700,1231400,0,0,0,0,0,0,1807800,0,0,5121900,0,0,1578200,0,8501900,0,0,0,0,0,0,60900,0,0,0,0,0,57446800,0,0,0,226200,0,0,0,0,0,0,0,9864300,87000,0,34800,0,0,0,0,60900,0,0,26200,0,0,0,642672900,0,262000,0,0,0,7820700,0,0,1459566000,0,0,0,0,458500,0,0,0,0,0,576400,8318500,0,0,0,0,0,0,0,0,71749700,0,0,0,0,205200,0,0,0,104800,0,0,196500,0,0,0,0,0,0,0,0,0,4427800,0,314400,0,0,0,0,0,0,899921200,0,0,0,0,0,0,0,0,0,0,0,0,38910200,0,0,0,0,3890700,0,0,0,0,20946900,18143500,9366500,79036300,0,0,0,0,9641600,0,0,0,125760000,0,0,278885900,0,0,53104600,0,0,0,0,0,0
"Turkmenistan",0,0,0,0,0,0,0,0,0,0,0,0,0,0,0,0,0,0,0,0,0,0,0,0,0,0,0,0,0,0,0,0,0,0,0,0,0,0,0,0,0,0,0,0,0,0,0,0,0,0,0,0,0,0,0,0,0,0,0,0,0,0,0,0,0,0,0,0,0,0,0,0,0,0,0,0,0,0,0,0,0,0,0,0,0,0,0,0,0,0,0,0,0,0,0,0,0,0,0,0,0,0,0,0,0,0,0,0,0,0,0,0,0,0,0,0,0,0,0,0,0,0,0,0,0,0,0,0,0,0,0,0,0,0,0,0,0,0,0,0,0,0,0,0,0,0,0,0,0,0,0,0,0,0,0,0,0,0,0,0,0,0,0,0,0,0,0,0,0,0,0,0,0,0,0,0,0,0,0,0,0,0,0,0,0,0,0,0,0,0,0,0,0,0,0
"Taiwan",0,0,0,0,0,602600,575976200,0,0,0,0,2768600,0,0,0,0,131000,0,0,0,15003400,0,7401500,0,0,70839400,0,0,0,0,554200,829005866.666667,1493400,0,0,0,0,0,0,0,0,26200,0,0,0,0,0,0,0,0,0,6077000,104800,2029500,0,0,0,0,0,30570900,0,117900,0,0,0,0,0,0,0,0,0,1326935600,131000,0,104400,458500,1117368300,0,26200,969200,52400,1327400,0,0,0,197461166.666667,0,0,0,22783700,0,1320325100,655000,26200,0,8908000,52400,0,0,0,7430800,0,0,519423000,0,0,0,0,4296800,3196400,104800,0,0,0,78600,0,5978900,0,0,0,0,14330200,0,0,275100,510900,0,327500,968800,0,0,0,1684219800,131000,0,0,0,0,1991200,0,131000,0,3864500,0,0,0,0,209600,0,0,0,0,0,105500500,0,930100,165600,13100,0,26200,305600,969400,0,0,0,0,144977400,0,0,0,131000,0,131000,23213800,0,13100,24100000,0,308633200,0,52400,0,0,162636100,0,0,0,0,365400,0,0,0,0,0,0
"United Republic of Tanzania",0,0,0,1.38e+08,0,0,12654600,0,0,0,311438400,0,0,0,0,0,0,0,0,0,0,0,0,2502100,0,0,0,0,0,0,0,71870400,0,0,0,0,0,0,0,0,0,0,0,0,0,0,0,0,0,0,0,0,0,0,0,0,0,0,0,145793500,0,0,0,0,0,0,0,0,0,0,0,1490400,703800,0,0,4898047800,14148877800,0,0,0,248400,239775000,0,0,0,32802600,0,0,0,0,0,1683600,1407600,0,0,0,0,0,0,0,0,0,0,17481743400,0,0,0,0,82800,0,0,0,0,0,0,0,5026719000,0,0,0,0,1656000,0,0,0,0,0,0,0,0,0,0,0,0,0,0,0,0,0,0,0,2384200,0,0,0,0,0,2456400,0,0,0,0,0,2815200,0,88306200,1990801800,0,0,0,0,1111799400,0,0,331200,0,414000,0,0,0,716900,0,628286400,165600,0,0,13100,0,1437366600,0,0,0,0,6.9e+08,0,0,12510500,170300,7878544200,0,0,0,0,0,0
"Thailand",0,0,0,13100,0,78600,197522900,108048800,0,5680800,0,142838000,0,13899100,0,0,31217300,0,0,0,6303700,0,5865662800,0,0,7283500,0,0,97779100,0,13100,21597883100,13178600,0,33234700,26200,13100,0,39300,21287500,0,198307600,13100,0,117900,0,39431000,0,0,26200,0,13100,29763200,305871900,0,0,0,0,0,338752900,0,0,0,563300,0,0,0,0,0,0,0,223962933.333333,170300,12405700,0,3185919300,1039923200,20593200,379900,2017400,87861700,96429100,0,95839600,0,53090723233.3333,1388600,0,32173600,1475533100,0,2197433300,108206000,235800,2954738000,170300,0,0,0,0,301300,26200,0,2565596466.66667,15280800,0,0,0,969400,23147700,288200,327500,0,0,0,57640000,99359000,0,600300,0,1467200,36732400,13100,0,12510500,75783500,68211700,0,2423500,81888100,0,0,651026400,3039200,28649700,0,0,0,838400,0,36837200,0,191600600,0,0,0,0,21667400,0,275100,0,9969100,0,288329400,0,56906400,31702000,0,0,0,240201600,10270400,0,0,540637000,0,0,99979200,0,0,2052400,0,17776700,55706000,0,0,520528500,63312300,766085800,0,0,63491300,0,402860000,2017400,0,0,0,87848600,0,0,0,0,0,0
"Togo",0,0,0,0,0,0,0,0,0,0,0,0,0,0,0,0,0,0,0,0,0,0,0,0,141990900,0,0,0,0,0,0,5617483200,0,0,0,0,0,0,0,0,124934700,0,0,0,0,0,0,0,41265000,55200000,0,0,0,438743000,0,0,0,0,0,207262200,0,11037600,0,0,0,0,0,4951800,0,0,0,0,0,0,0,0,994000200,0,0,0,0,5751646800,213451400,0,0,33672000,0,0,0,0,0,0,0,0,0,0,0,33287100,0,0,0,0,0,652643400,0,428706200,0,0,0,0,0,0,0,0,0,0,3279087000,0,0,0,0,0,0,1323558500,0,0,0,0,0,0,0,0,0,0,0,0,0,0,0,0,0,0,0,0,0,0,24759000,0,61910600,0,0,0,0,0,0,6065300,4406657400,0,0,0,19320000,1.38e+08,0,0,0,0,0,0,0,0,0,0,0,0,0,0,0,0,220800000,196644100,0,0,0,0,0,0,0,0,7973220600,0,0,0,0,0,0
"Tonga",0,0,0,0,0,0,0,0,0,0,9982200,0,0,0,0,0,0,0,0,0,0,0,0,0,0,0,0,0,0,0,0,0,0,0,0,0,0,0,0,0,0,0,0,0,0,0,0,0,0,0,0,0,0,0,0,0,0,0,0,0,0,0,0,0,0,0,0,0,0,0,0,0,0,0,0,0,0,0,0,0,0,0,0,0,0,0,0,0,0,0,0,0,0,0,0,0,0,0,0,0,0,0,0,0,0,0,0,0,0,0,0,0,0,0,0,0,0,0,0,0,0,0,0,0,0,0,0,0,0,0,0,0,0,0,0,0,0,0,0,0,0,0,0,0,0,0,0,0,0,0,0,0,0,0,0,0,0,0,0,0,0,0,0,0,0,0,0,0,0,0,0,0,0,0,0,0,0,0,0,0,0,0,0,0,0,0,0,0,0,0,0,0,0,0,0
"Trinidad and Tobago",0,0,104800,0,153888800,0,0,0,35160400,0,728744400,0,0,0,0,0,0,0,5895000,0,0,0,0,0,0,14677300,0,0,0,0,0,0,720500,0,0,0,0,0,20449100,0,0,0,19411700,47618500,0,0,0,0,0,0,0,0,0,7205700,0,0,0,0,0,68481700,0,0,0,0,0,364180000,0,0,920559600,0,0,0,0,0,0,0,0,0,0,562042400,0,0,0,0,4625508400,126049200,0,0,0,0,0,0,0,0,0,0,0,314400,0,0,0,0,0,0,0,0,60757800,0,0,0,0,0,0,0,0,0,121467600,0,0,0,0,0,4898100,0,0,26200,0,123978400,0,0,0,0,0,0,0,0,0,0,0,0,0,0,327500,58144400,428552600,245662300,0,0,0,0,0,0,0,0,0,0,0,173522600,0,0,0,223679100,0,0,160789400,0,0,0,0,0,0,0,0,0,0,0,3686300,0,504984800,0,0,0,0,0,0,0,0,0,8514600,0,0,0,0,0,0
"Oman",0,0,0,0,0,0,0,0,0,78600,0,32658300,0,0,0,0,0,0,0,0,0,0,0,0,0,0,0,0,0,0,0,0,0,0,0,0,0,0,0,0,0,0,0,0,0,0,104800,0,0,0,0,0,0,26200,0,0,0,0,0,0,0,104800,0,0,0,0,0,0,0,0,0,0,0,0,0,1925320100,0,94696700,27889900,0,0,0,0,0,0,0,10008400,0,13100,0,0,458500,10886100,0,0,0,0,0,0,0,0,0,0,0,0,0,0,0,0,0,0,0,0,0,0,0,131000,0,0,0,0,0,0,0,0,0,0,0,0,0,0,0,0,0,0,0,0,0,6017268000,0,0,0,943200,0,0,0,0,554090700,0,0,0,0,0,12305800,433845800,0,0,0,0,0,0,39300,0,0,0,25938000,0,0,0,0,0,0,26606100,743700100,0,0,1087300,0,0,0,0,0,0,0,0,59449373000,0,0,0,0,0,0,0,0,0
"Tunisia",0,0,0,633680900,0,0,0,0,0,0,0,0,0,0,0,0,0,0,0,0,0,0,0,0,6353500,14800000,0,9890500,0,26514400,0,26200,0,0,28348400,0,0,0,0,0,0,0,0,0,0,0,0,0,52609600,0,0,0,0,30339600,0,393000,0,786000,0,7060900,0,0,0,0,0,0,0,22086600,0,0,0,0,0,0,0,0,3720400,0,0,0,0,0,29540500,0,0,0,75377400,0,0,0,0,0,0,0,0,3117800,0,0,2543027300,0,0,14174200,0,0,0,66495600,0,11685200,707400,0,0,195910500,0,0,0,0,379900,0,0,0,0,0,0,0,0,0,0,0,0,0,0,0,0,0,0,0,0,0,3261900,0,0,0,0,0,0,0,0,24903100,5509300,0,0,0,0,0,0,0,209600,0,0,0,908200,524000,0,0,0,0,0,0,0,0,0,0,0,16361900,0,0,0,0,0,119982900,0,0,0,0,0,44016000,0,0,0,0,0,0,0,0,0
"Turkey",0,4000042900,3829293966.66667,5666184100,22942300,560287000,727936100,311291100,6462000,3063721100,14318300,1044255133.33333,0,0,1062305200,301300,4014075800,0,3650500,0,101918000,12448011733.3333,136921200,0,1987256900,4870330300,229040400,48640300,926161100,2021069000,2949151000,4282189100,5985494800,221324500,1825065300,52400,1348107900,6912300,4895254600,13671331966.6667,988620800,173643200,183400,4647513200,1745468700,1449292300,9095372200,942269900,447021400,135723400,0,217106300,32971300,2064338100,1139700,447439100,5309804266.66667,615275800,2179337800,5097825700,4270702300,5178467200,0,2287182033.33333,0,3707300,1278822000,2680808200,153230700,338202700,747158500,4279777000,674362100,4648905600,746700,9784975900,2094925800,58747303433.3333,173889685533.333,9829100,31439107700,2199163033.33333,5381178900,10396782000,175579300,5894733600,5774533866.66667,1695120700,1807513400,66927900,52400,2820330533.33333,9951066900,198831800,0,17265734133.3333,0,780098000,41471558966.6667,381496466.666667,36182200,973495200,259563400,2511909000,361636700,3934497600,34774300,6425571233.33333,650576000,2080944600,1383002700,5471055933.33333,1213934400,1707386200,47500600,1685711400,5896208700,0,15418700,2925197566.66667,301300,56932600,1262250500,3476800300,12289295700,282871000,2571579900,2217644100,1539845200,85180100,65508400,3332965200,663684600,1475120000,37400400,238751800,0,11570800,11485515566.6667,780419400,8896916500,328669000,9729154466.66667,65500,0,3877600,50618400,41283880666.6667,4492827366.66667,56372200,1523241500,5702800,799675333.333333,4168634100,3434096700,24039495400,1293051733.33333,148947000,2656242200,0,1599316800,198103100,21286581700,4631058200,958247500,2912819000,483079800,1244539300,0,392004400,15568884300,2768137533.33333,0,42890219700,853408200,26200,6590478766.66667,7200865166.66667,30479620933.3333,2030255100,185692500,4674620233.33333,15131848400,1499220700,2925756300,30243651500,1645453900,174692400,8098902600,134772800,4024090700,195045900,3217535100,286601800,8416422800
"United Arab Emirates",100987900,1718854300,3615600,32613300,0,0,108101200,10466900,0,11009354233.3333,0,787294000,0,2711700,0,0,8737700,0,26200,0,64127700,10768200,0,23203600,105882500,262235800,14200400,5082800,925092400,91071200,5921200,650074400,0,167902700,40243000,0,0,13100,2973700,379579100,42322200,510900,0,0,0,0,12907632100,0,158156300,301300,0,28309100,131000,942058533.333333,0,875859700,45312900,17462300,107294700,1133214800,1257600,907211800,0,16230900,0,0,0,163425900,0,0,0,44697900,9392700,30116900,1192100,11119441333.3333,164275700,26628338600,10693657800,4663600,50880400,1300175000,85739500,79792100,0,74891000,23172347300,1820900,483483700,27169400,0,537231000,32399689200,0,196500,2161678100,0,181529100,1780368200,5179900,0,10406500,65500,459192100,665845166.666667,27444500,550200,142969400,136488900,3825200,0,3537353700,63595000,0,16126100,8239900,1654162900,0,0,19361800,0,48876100,0,26856700,391082100,0,3335164266.66667,0,52400000,0,0,0,98433400,996842500,77208500,0,0,38108000,364434133.333333,78600,28479400,65423500,140602300,0,0,0,0,97083752933.3333,629665500,467806200,14339300,0,1231400,466098000,1399456500,1426059200,247483400,0,811400300,5646100,71067500,200565100,103865000,117907000,60587500,1798088800,3592845100,11148100,10945100,1965000,63898453766.6667,683217400,1590133700,0,256519600,0,853128400,95158400,932664300,10901100,0,34479200,812200,23711000,545129100,7387239566.66667,87397400,8165200,188351800,3681100,0,0,1321268500,1112063900,5069215300
"Uganda",68875800,0,0,0,0,0,0,0,0,0,0,0,0,0,0,0,0,0,0,0,0,235952400,0,47317200,0,8985100,0,0,32430000,0,0,76396800,0,0,0,0,0,0,0,0,0,399500,0,0,0,0,0,0,0,382646400,0,0,0,331217400,0,0,0,0,0,113146100,0,0,0,0,0,0,0,0,0,0,0,0,0,0,0,23842342800,40486481400,0,0,69800,0,8649771000,0,0,0,14340100,0,0,14068400,0,0,0,0,0,0,0,0,0,0,0,0,0,0,42589435800,0,0,0,0,0,0,0,0,0,0,0,0,17684827400,0,0,0,0,0,0,34569000,0,1488600,0,0,3574200,0,0,0,0,0,0,0,0,0,0,0,0,0,1021200,0,0,0,0,0,0,0,0,0,0,3282578400,0,159486600,10523590200,0,0,0,0,1040175500,0,0,0,0,19678800,0,0,0,0,0,2262786000,1427900,0,0,4047900,0,267775200,0,0,0,0,0,0,0,47225500,0,2684408100,52400,0,0,0,27614700,0
"Tuvalu",0,0,0,0,0,0,0,0,0,0,0,0,0,0,0,0,0,0,0,0,0,0,0,0,0,0,0,0,0,0,0,0,0,0,0,0,0,0,0,0,0,0,0,0,0,0,0,0,0,0,0,0,0,0,0,0,0,0,0,0,0,0,0,0,0,0,0,0,0,0,0,0,0,0,0,0,0,0,0,0,0,0,0,0,0,0,0,0,0,0,0,0,0,0,0,0,0,0,0,0,0,0,0,0,0,0,0,0,0,0,0,0,0,0,0,0,0,0,0,0,0,0,0,0,0,0,0,0,0,0,0,0,0,0,0,0,0,0,0,0,0,0,0,0,0,0,0,0,0,0,0,0,0,0,0,0,0,0,0,0,0,0,0,0,0,0,0,0,0,0,0,0,0,0,0,0,0,0,0,0,0,0,0,0,0,0,0,0,0,0,0,0,0,0,0
"United Kingdom",5109000,223590800,4388500,10990900,64714000,59513300,15928842933.3333,3051576133.33333,288918800,1037907500,329575300,202827300,0,0,93953200,0,252672800,0,99795800,0,292077600,4655984500,1349300,0,16165400,23539432200,0,17947000,136964000,0,2027172600,3193090700,55098600,0,0,0,26881200,0,3095428866.66667,24633600,0,3974192533.33333,15819800,21903200,4702900,10191000,3458353000,1139700,956300,250084566.666667,641391500,0,1519400933.33333,27977797633.3333,248900,65500,5934300,0,115790900,41552747566.6667,54223000,220538500,0,3201135800,0,28911700,18064900,19584500,523528800,0,0,7179301666.66667,11521143966.6667,674291933.333333,2367088200,2069380800,107424900,7388400,743590000,244220688800,9238328800,5013131100,30418200,3982400,209088900,1228334700,6074509100,0,223164700,7794500,0,2500633100,3724611000,219564733.333333,25283000,712429900,0,18853900,5014968200,7103410500,2541400,0,0,1177789200,25296100,5606800,3211897566.66667,0,16768000,135676700,930100,126915900,0,1493400,0,10296600,91543886800,0,170300,6628600,0,2542500700,0,0,289038400,2356615633.33333,410423300,68932200,3778755033.33333,0,17187200,74774600,835800800,99334463100,2056965200,0,0,0,3443949966.66667,1152800,1957060733.33333,8017200,403021500,20187100,52350500,26854100,0,23487976400,13100,20016800,48878200,197221900,3354085666.66667,7632446700,13466800,6142797000,15713342666.6667,59405500,0,0,7266473000,1116902900,366800,0,564419800,199615000,462471500,0,0,964152300,602953100,18594100,1547305000,12995557500,18511500,0,0,246950300,15385217066.6667,0,136842600,655000,7270500,211447100,6222500,18444800,4192000,12942800,52404922366.6667,158044833.333333,342460200,0,89761200,628800,785540200
"Ukraine",7913129200,420863700,29291600,45378400,65500,0,16270200,34728000,78600,169828400,0,0,0,0,0,0,0,0,91700,0,0,13414275600,0,0,0,252508500,0,0,65500,0,201373200,3682331400,0,26200,0,26200,0,0,4416100,13015498400,0,2713665000,0,0,17594860100,0,324732600,0,0,1407583400,0,0,755044700,17187200,0,0,15924902100,0,7545600,3353145400,116000500,0,0,6190525233.33333,0,0,0,0,0,0,0,17344400,10204015100,108808600,0,13100,0,865644100,4975833700,13100,3664202600,274012700,0,19290403200,0,807470900,1419738700,2709983900,0,0,0,106765000,327644100,4693625200,0,33352600,0,903900,1178279500,7966877800,0,3026100,0,25152000,903900,0,978100,0,0,25191300,6197269400,83630400,0,14602805266.6667,0,3065400,964531566.666667,0,0,1510076300,0,15078100,0,0,5109000,26562400,0,2266300,1306201000,0,0,64229300,13100,13835602800,0,0,0,0,126467400,0,23831454500,0,36097069133.3333,0,0,0,0,1187613000,0,26200,0,0,635533400,19715500,0,459417000,207317100,0,2817785000,0,894283200,1757599300,7637300,2045119600,104800,733600,0,87300,0,0,145095600,12746300,4420106000,1956655300,0,0,4978127000,0,4107164000,0,0,7674419800,0,184133600,39300,5161269000,0,0,70150500,0,1331339900,124043900,0,0,685667100
"United States of America",10506200,0,0,167601400,149925900,3230640600,24260219500,44749600,1991033200,507626500,1441804500,48535500,0,0,1170471900,0,7808275033.33333,0,2227419800,0,259157300,27536200,42260600,0,28236100,851952570433.333,0,0,90210800,0,13386455900,16332056400,16163737600,0,0,100699700,8129505900,18078000,47631600,34531600,0,133266300,49681500,9422775100,155208800,3413063700,426388400,7357127666.66667,550200,664751166.666667,0,83132600,1185000,824140300,554766900,4794600,4925600,0,8650500,2143918000,0,26370300,1244500,96809000,0,38447900,11216047400,0,463974900,139974100,2962007600,17658014800,6774200,0,868674100,4405857200,7347783533.33333,0,95957500,1004717600,5886758400,249464866.666667,0,47618500,2216185200,22276368033.3333,3484574400,0,38998700,246594400,0,47350504800,2847056700,54391200,0,1161900800,0,3445300,60731600,182443700,1414800,0,0,5202040100,12078200,22112100,0,0,19126000,232944176300,90953300,230284900,0,1532700,0,87311500,13350291433.3333,0,18602000,0,0,4561284500,2044630300,0,273084600,270148200,219595300,10135135900,161143100,1532700,222576966.666667,7310960800,24778653800,40505200,265115600,0,0,0,864935500,0,1755400,1192100,5111200100,96180200,346553300,111559600,0,16927982300,12864200,1179000,69272100,1519600,0,17563877300,4152700,1117594800,2126186500,17868400,0,2842700,280916400,309767300,0,0,17420785100,11973400,5102780966.66667,0,21222000,5248018600,429716000,17475400,71474200,13052185200,19466600,0,23339857500,482123766.666667,0,0,1338335400,11279100,1326099900,13069880400,0,13178600,6890600,537100,5559367900,943200,10702700,0,0,0,600300
"Burkina Faso",0,0,0,0,0,0,0,0,0,0,0,0,0,0,0,0,0,0,0,0,0,0,0,0,0,0,0,0,0,0,0,0,0,0,0,0,0,0,0,0,0,0,0,0,0,0,0,0,0,0,0,0,0,0,0,0,0,0,0,0,0,0,0,0,0,0,0,0,0,0,0,0,0,0,0,0,0,0,0,0,0,0,117900,0,0,0,0,0,0,0,0,0,0,0,0,0,0,0,0,0,0,0,0,0,0,65447600,0,0,0,0,0,0,0,0,0,0,0,0,0,0,0,0,0,26200,0,0,0,0,0,0,0,0,0,0,0,0,0,0,0,0,0,0,0,0,0,0,0,0,0,0,0,0,0,0,0,0,0,0,0,0,0,0,0,0,0,0,0,117900,0,0,0,0,0,65500,0,0,71100,0,0,0,0,0,0,0,0,0,0,0,0,0,0,0,0,0,0
"Uruguay",0,0,0,0,0,6319944000,0,0,0,0,0,0,0,0,15720000,0,11244401700,0,0,0,0,0,0,0,0,0,0,0,0,0,200168000,0,21967500,0,0,0,0,0,0,0,0,0,0,0,0,0,90480000,0,0,571790100,0,0,0,174059700,0,0,0,57849600,11593500,301300,0,0,0,0,0,0,0,216215500,0,0,0,0,0,0,0,0,0,0,0,0,0,13100,0,0,0,0,0,0,0,0,0,0,0,0,0,0,0,0,0,0,0,148108600,0,0,0,41920000,0,0,0,549215100,0,0,0,0,0,0,0,0,0,0,0,0,0,0,0,0,0,0,0,0,152996300,0,0,0,0,0,0,0,0,0,0,0,0,0,0,0,0,0,11462500,0,0,0,0,0,0,0,30450000,0,0,0,0,0,0,0,0,0,0,0,0,0,0,0,0,0,0,0,222700,0,432300,202526000,0,0,0,0,0,0,0,0,0,0,0,0,0,0,0
"Uzbekistan",0,0,0,0,0,0,0,0,0,0,0,0,0,0,0,0,0,0,0,0,0,0,0,0,0,0,0,0,0,0,0,0,0,0,0,0,0,0,0,0,0,0,0,0,0,0,0,0,0,0,0,0,0,0,0,0,0,0,0,0,0,0,0,0,0,0,0,0,0,0,0,0,0,0,0,0,0,0,0,0,0,0,0,0,0,0,0,0,0,0,0,0,0,0,0,0,0,0,0,0,0,0,0,0,0,0,0,0,0,0,0,0,0,0,0,0,0,0,0,0,0,0,0,0,0,0,0,0,0,0,0,0,0,0,0,0,0,0,0,0,0,0,0,0,0,0,0,0,0,0,0,0,0,0,0,0,0,0,0,0,0,0,0,0,0,0,0,0,0,0,0,0,0,0,0,0,0,0,0,0,0,0,0,0,0,0,0,0,0,0,0,0,0,0,0
"Venezuela (Bolivarian Republic of)",0,0,0,0,0,0,157200,0,0,0,0,0,0,0,146160000,0,0,0,0,0,0,0,0,0,0,281923466.666667,0,0,0,0,252525600,1279300,0,0,0,0,0,196647333.333333,0,0,0,0,0,3091600,0,15117400,0,13100,0,976653600,0,0,0,366072600,0,0,0,0,0,1103676600,0,0,0,0,0,0,0,0,0,0,0,0,0,0,0,0,5988510000,0,0,0,0,276855600,0,0,0,3825789033.33333,0,0,0,0,0,13011000,0,0,0,0,0,0,0,63720000,0,0,0,2453198400,0,0,0,0,0,0,0,0,0,0,0,0,1513612766.66667,0,0,0,0,13100,0,0,0,0,0,74604500,0,0,0,157341200,0,0,0,0,0,0,0,0,0,0,7372333.33333333,0,0,0,0,303600,0,0,0,0,0,0,0,0,636560966.666667,0,0,0,0,541814900,0,0,731400,0,0,0,0,131000,0,0,330400,0,0,0,35024400,6044400,6106597100,0,0,0,0,0,0,0,0,0,130275000,0,0,0,0,0,0
"Viet Nam",406100,0,0,0,0,0,489689933.333333,0,0,0,0,0,0,0,0,0,6117700,0,0,0,248900,0,662782700,0,0,114879500,0,0,26200,0,6017200,4062039266.66667,0,0,0,0,0,0,314400,0,0,13100,0,2646200,170300,0,0,0,0,138000,0,0,0,162198900,0,0,0,0,0,22028500,0,0,0,0,0,0,0,0,26200000,0,0,152984200,39300,0,288200,1306800,243905400,0,0,224800,8921100,14082500,0,539400,0,3912381733.33333,1441000,0,0,433845800,0,1186712600,0,0,201255300,9654700,0,0,0,0,1296900,0,0,6097795633.33333,1624400,0,13100,0,0,12529433.3333333,0,0,0,0,0,26200,2848225700,0,0,0,0,62238100,0,0,0,11567300,903900,0,152500,0,0,0,233813500,0,13100,0,0,0,0,0,0,0,34194600,0,0,0,0,44933000,0,0,0,0,0,337302800,0,0,459200,0,0,0,10216600,20162800,0,0,288064466.666667,0,301799000,0,0,0,0,0,602600,197491600,0,0,11357700,184800,1157205800,0,0,0,0,0,0,0,0,0,2747867033.33333,0,0,65500,0,0,0
"Ethiopia",0,0,0,0,0,0,0,0,0,0,0,0,0,0,0,0,0,0,0,0,0,0,0,0,0,41400,0,0,0,0,0,0,0,0,0,0,0,0,0,0,0,0,0,0,0,0,0,0,0,0,0,0,0,0,0,43500,0,0,0,0,0,0,0,0,0,0,0,0,0,0,0,0,0,0,0,0,0,0,0,0,0,0,0,0,0,0,0,0,13100,0,0,0,0,0,0,0,0,0,0,0,0,0,0,0,0,0,0,0,0,0,0,0,0,0,0,0,0,0,0,0,0,0,0,0,0,0,0,0,0,0,0,0,0,0,0,0,0,0,0,0,0,0,0,0,0,0,0,0,0,0,0,0,0,0,0,0,0,0,0,0,0,0,0,0,0,0,0,0,0,0,0,0,0,0,0,0,13100,0,0,0,0,0,0,0,0,0,0,0,0,0,0,0,13100,0,0
"Yemen",0,0,0,0,0,0,0,0,0,2096000,0,0,0,0,0,0,0,0,0,0,0,0,0,0,0,681200,0,0,0,0,0,0,0,0,0,0,0,0,0,0,0,0,0,0,0,0,0,0,0,0,0,0,0,0,0,0,0,0,0,0,0,0,0,0,0,0,0,0,0,0,0,0,0,0,0,0,0,0,0,0,0,0,0,0,0,0,0,0,0,0,0,0,0,0,0,0,0,0,0,0,0,0,0,0,0,0,0,0,0,0,0,0,0,0,0,0,0,0,0,0,0,0,0,0,0,0,0,0,0,0,0,0,0,0,0,0,0,0,0,0,0,0,0,0,0,0,0,0,0,0,0,0,0,0,0,0,0,0,0,0,0,0,0,0,0,0,0,0,0,0,615700,0,66941000,497800,0,0,0,0,7362200,0,0,0,0,0,34950800,0,0,0,0,0,0,0,0,0,0
"Democratic Republic of the Congo",0,0,0,0,0,0,0,0,0,0,0,0,0,0,0,0,0,0,0,0,0,309023400,0,262000,0,207013100,0,0,0,0,0,0,0,0,4637400,0,0,0,0,0,0,0,0,0,0,0,0,0,0,0,0,0,0,0,0,0,0,0,0,436886800,0,0,0,0,0,0,0,0,0,0,0,0,0,0,0,30847747200,29589228600,0,0,0,0,2.76e+08,0,0,0,0,0,0,0,0,0,0,0,0,0,0,0,0,0,0,0,0,0,6689191200,0,0,0,0,0,0,0,0,0,0,0,0,12327264000,0,0,0,0,0,0,0,0,0,0,0,0,0,0,0,0,0,0,0,0,0,0,0,0,13100,0,0,0,0,0,0,0,0,0,0,0,3384684600,0,0,4945768200,0,0,0,8700,9281296500,0,0,2056200,0,487692000,0,0,0,0,0,1240661400,332400,9845168400,0,1106125200,0,18527328000,0,0,0,0,0,0,0,0,0,20101112600,0,0,0,0,0,0
"Zambia",0,0,0,0,0,0,0,0,0,0,0,0,0,0,0,22309300,0,0,0,0,0,0,0,0,0,0,0,0,0,0,0,0,0,0,0,0,0,0,0,0,0,0,0,0,0,0,0,0,0,0,0,0,0,0,0,0,0,0,0,0,0,0,0,0,0,0,0,0,0,0,0,0,0,0,0,0,0,0,0,0,0,0,0,0,0,0,0,0,0,0,0,0,0,0,0,0,0,0,0,0,0,0,1139490400,0,0,0,0,0,0,0,0,0,528558800,0,0,0,0,0,0,0,0,0,0,0,0,0,0,0,0,0,0,0,0,0,0,0,0,0,0,6580064500,0,13912200,0,0,0,0,0,0,0,0,0,0,0,0,0,1514451700,0,0,0,0,0,0,0,0,0,1248259700,0,0,0,0,0,0,0,49793100,0,0,0,0,0,0,0,0,0,0,1899500,0,4074519200,0,0,0,0,0,0,0,0
"Belgium",315694100,458500,733342533.333333,1456255566.66667,0,702651700,15724019666.6667,50225421133.3333,52400,941083000,786000,82595500,0,0,0,8357800,11221442633.3333,0,0,0,17462300,3534427000,95529500,141261600,153410800,70996553600,7087100,22807100,17716800,6707200,6741305866.66667,51588345833.3333,231894166.666667,589500,8476300,0,241056400,943100,597564600,515699700,65500,18327518766.6667,4244400,154486500,1005296333.33333,768406700,3145885833.33333,38225800,1414800,7800935700,102808100,0,4145770900,627549553033.333,35027900,667183000,3236801200,86252000,16571500,981341819266.667,3090663600,325261500,0,19301688600,0,0,107315200,29985300,497800,0,8004100,3760221133.33333,15825589766.6667,7933844500,1025106200,2222061333.33333,4078623766.66667,1332197700,272774300,29419767933.3333,12409968966.6667,104449302800,706464800,115441366.666667,0,36085672566.6667,1702642300,593392900,210369800,13472300,0,21252372800,10373103600,2605713966.66667,0,5430921366.66667,0,7205000,1166841200,8845478566.66667,524000,32183700,5082800,2336091700,579380900,17789800,504287700,35854700,162345233.333333,3185102000,1901989000,6868353000,0,282389100,60499600,10899000,633324927300,0,43435366.6666667,1177937500,0,4230830533.33333,5266200,16597700,114246900,24253037633.3333,846754000,204407100,26031351700,0,124105900,381195000,1781843500,130477186400,10435809833.3333,0,0,0,2003435600,50003733.3333333,14467994266.6667,200892700,34885809133.3333,0,13462700,0,0,20474768300,384579533.333333,63084400,4837300,1664827166.66667,28745331200,2553851900,0,14939711566.6667,84187174900,58976200,0,0,39192962000,15401481433.3333,110537066.666667,0,3565219466.66667,2297300,4415243566.66667,23475200,0,5279300,355175700,518671333.333333,14826740100,10923163400,18902300,0,325815686933.333,7402311233.33333,88425383633.3333,7034700,528649166.666667,131820700,170863300,2242777166.66667,46616500,171072900,3993243300,32632900,0,29072078033.3333,4252919200,138583733.333333,262000,0,39036900
"Luxembourg",0,0,13100,196500,0,13100,117900,4751000,0,52400,0,0,0,0,0,0,104800,0,0,0,0,0,0,0,26200,1087300,13100,13100,13100,0,13100,13755000,0,0,0,0,0,13100,1467200,22606533.3333333,0,39300,0,13100,16309500,0,209600,0,0,0,0,0,26200,1504134300,157200,0,13100,0,0,137485500,0,1467200,0,25898700,0,0,0,0,0,0,0,117900,3741000,157200,26200,104800,13100,13100,65500,5226900,314400,2493900,104800,255790600,0,71761800,157200,0,78600,0,0,52400,5777100,24601800,0,235800,0,0,0,0,0,183400,0,246712300,0,0,0,0,235800,39300,0,78600,0,0,0,0,174033500,0,903900,26200,0,26200,0,1032400,3523900,18326900,131000,13100,0,0,0,131000,1689900,458500,170300,0,0,0,39300,0,5109000,0,366800,0,0,0,0,131000,104800,0,0,170300,13100,104800,0,903900,2829600,0,0,0,52400,16021300,13100,0,39300,0,26200,0,0,0,26200,78600,1349300,956300,0,0,1651300,13859800,1860200,0,0,0,0,39300,13100,0,52400,0,395780633.333333,0,0,0,0,0,13100
"Serbia",157200,0,572083766.666667,0,0,0,288924600,1206363400,0,0,0,0,0,0,0,0,0,0,0,0,0,2076389300,0,0,0,223069300,0,0,0,0,35723700,5048900,0,0,0,0,0,0,149182800,4571900,0,10433100,0,0,63836300,0,0,0,0,838400,0,0,0,1551524700,0,0,0,0,0,1359848200,23619860000,0,0,265341300,0,0,0,0,0,0,0,7823900,3320547000,4356468800,1493400,0,0,0,60443400,3327400,104171200,419625400,0,35235000,0,0,35878700,0,0,0,0,0,1663700,0,0,0,0,0,667143700,13296500,0,0,0,0,0,0,38907000,0,0,0,1873300,0,0,2227000,0,0,1060293400,0,0,17883338700,0,1663700,0,0,0,43500,0,0,171741000,0,0,0,0,1119631900,0,0,0,0,0,0,4184768800,0,3993938900,0,0,0,0,707400,0,0,0,1648195000,230342800,16623900,26200,0,383934800,0,0,0,411012500,612282200,0,0,0,0,0,0,0,0,0,0,454622400,66417000,0,0,1176768600,229455800,1210837000,0,3275000,0,0,0,0,69718200,0,0,293322100,672300,0,9725440933.33333,0,0,0
"Montenegro",0,0,338097900,0,0,0,0,53081200,0,0,0,13100,0,0,0,0,0,0,0,0,0,0,0,0,0,0,0,0,13100,0,0,3497700,0,0,0,0,0,0,0,0,0,13100,0,0,13100,29239200,0,0,0,13100,0,0,0,0,0,0,0,0,0,23082200,449319400,0,0,0,0,0,0,0,0,0,0,0,13100,400480100,0,0,0,0,0,0,0,52400,0,0,0,0,0,0,0,0,0,0,0,0,0,0,0,0,11161200,0,0,0,0,0,0,0,0,0,0,0,0,0,0,0,0,0,0,0,0,238917800,0,0,0,0,0,26200,13100,52400,0,0,0,0,0,0,0,0,0,0,0,0,0,0,3982400,0,0,0,0,0,0,0,13100,1532700,0,0,0,0,0,0,0,0,0,0,0,0,0,0,0,0,0,0,0,0,13100,0,0,0,0,0,19283200,0,0,0,0,0,0,0,0,0,0,1598200,2586857100,0,0,0,0
"Sudan",0,0,0,0,0,0,0,0,0,0,0,0,0,0,0,0,0,0,0,0,0,0,0,0,0,0,0,0,0,0,0,0,0,0,0,0,0,0,0,0,0,0,0,0,0,0,0,0,0,0,0,0,0,0,0,0,0,0,0,0,0,0,0,0,0,0,0,0,0,0,0,0,0,0,0,0,0,0,0,0,0,0,0,0,0,0,0,0,0,0,0,0,0,0,0,0,0,0,0,0,0,0,0,0,0,0,0,0,0,0,0,0,0,0,0,0,0,0,0,0,0,0,0,0,0,0,0,0,0,0,0,0,0,0,0,0,0,0,0,0,0,0,0,0,0,0,0,0,0,0,0,0,0,0,0,0,0,0,0,0,0,0,0,0,0,0,0,0,0,0,0,0,0,0,0,0,0,0,0,0,0,0,0,0,0,0,0,0,0,0,0,0,0,0,0
"South Sudan",0,0,0,0,0,0,0,0,0,0,0,0,0,0,0,0,0,0,0,0,0,0,0,0,0,0,0,0,0,0,0,0,0,0,0,0,0,0,0,0,0,0,0,0,0,0,0,0,0,0,0,0,0,0,0,0,0,0,0,0,0,0,0,0,0,0,0,0,0,0,0,0,0,0,0,0,0,0,0,0,0,0,0,0,0,0,0,0,0,0,0,0,0,0,0,0,0,0,0,0,0,0,0,0,0,0,0,0,0,0,0,0,0,0,0,0,0,0,0,0,0,0,0,0,0,0,0,0,0,0,0,0,0,0,0,0,0,0,0,0,0,0,0,0,0,0,0,0,0,0,0,0,0,0,0,0,0,0,0,0,0,0,0,0,0,0,0,0,0,0,0,0,0,0,0,0,0,0,0,0,0,0,0,0,0,0,0,0,0,0,0,0,0,0,0
"Occupied Palestinian Territory",0,0,0,0,0,0,0,0,0,0,0,0,0,0,0,0,0,0,0,0,0,0,0,0,0,0,0,0,0,0,0,0,0,0,0,0,0,0,0,0,0,0,0,0,0,0,0,0,0,0,0,0,0,0,0,0,0,0,0,0,0,0,0,0,0,0,0,0,0,0,0,0,0,0,0,0,0,0,0,0,0,0,0,0,0,0,0,0,0,0,0,0,0,0,0,0,0,0,0,0,0,0,0,0,0,0,0,0,0,0,0,0,0,0,0,0,0,0,0,0,0,0,0,0,0,0,0,0,0,0,0,0,0,0,0,0,0,0,0,0,0,0,0,0,0,0,0,0,0,0,0,0,0,0,0,0,0,0,0,0,0,0,0,0,0,0,0,0,0,0,0,0,0,0,0,0,0,0,0,0,0,0,0,0,0,0,0,0,0,0,0,0,0,0,0
