"","ARM","AFG","ALB","DZA","ATG","ARG","AUS","AUT","BHS","BHR","BRB","BGD","BMU","BTN","BOL","BWA","BRA","ARB","BLZ","SLB","BRN","BGR","MMR","BDI","CMR","CAN","CPV","CAF","LKA","TCD","CHL","CHN","COL","COM","COG","COK","CRI","CUB","CYP","AZE","BEN","DNK","DMA","DOM","BLR","ECU","EGY","SLV","GNQ","EST","FRO","FJI","FIN","FRA","PYF","DJI","GEO","GAB","GMB","DEU","BIH","GHA","KIR","GRC","GRL","GRD","GTM","GIN","GUY","HTI","HND","HKG","HUN","HRV","ISL","IND","IDN","IRN","IRQ","IRL","ISR","ITA","CIV","KAZ","JAM","JPN","JOR","KGZ","KEN","KHM","PRK","KOR","KWT","LVA","LAO","LBN","LSO","LBR","LBY","LTU","MAC","MDG","MWI","MYS","MDV","MLI","MLT","MRT","MUS","MEX","MNG","MAR","MOZ","MDA","NAM","NPL","NLD","ANT","NCL","MKD","VUT","NZL","NIC","NER","NGA","NOR","PAK","PAN","CZE","PNG","PRY","PER","PHL","POL","PRT","GNB","TLS","ERI","QAT","ZWE","ROU","RWA","RUS","KNA","LCA","VCT","STP","SAU","SEN","SYC","SLE","SVN","SVK","SGP","SOM","ZAF","ESP","SUR","TJK","SWZ","SWE","CHE","SYR","TKM","TWN","TZA","THA","TGO","TON","TTO","OMN","TUN","TUR","ARE","UGA","TUV","GBR","UKR","USA","BFA","URY","UZB","VEN","VNM","ETH","YEM","COD","ZMB","BEL","LUX","SRB","MNE","SDN","SSD","PSE"
"ARM",0,0,0,0,0,0,0,0,0,7860000,0,0,0,0,0,0,0,0,0,0,0,55020000,0,0,0,0,0,0,0,0,0,0,0,0,0,0,0,0,0,0,0,0,0,0,0,0,0,0,0,0,0,0,0,0,0,0,290820000,0,0,0,0,0,0,0,0,0,0,0,0,0,0,0,0,0,0,0,0,7860000,0,0,0,0,0,0,0,0,0,0,0,0,0,0,0,0,0,0,0,0,0,0,0,0,0,0,0,0,0,0,0,0,0,0,0,0,0,0,0,0,0,0,0,0,0,0,0,0,0,0,0,0,0,0,0,0,0,0,0,0,0,0,0,0,0,0,0,0,0,0,0,0,0,0,0,0,0,0,0,0,0,0,0,0,0,49770000,0,0,0,0,0,0,0,0,0,3930000,0,0,0,0,0,0,0,0,0,0,0,0,0,0,0,0,0,0,0,0,0
"AFG",0,0,0,0,0,0,0,0,0,0,0,0,0,0,0,0,0,0,0,0,0,0,0,0,0,0,0,0,0,0,0,0,0,0,0,0,0,0,0,0,0,0,0,0,0,0,0,0,0,0,0,0,0,0,0,0,0,0,0,0,0,0,0,0,0,0,0,0,0,0,0,0,0,0,0,0,0,0,0,0,0,0,0,0,0,0,0,0,0,0,0,0,0,0,0,0,0,0,0,0,0,0,0,0,0,0,0,0,0,0,0,0,0,0,0,0,0,0,0,0,0,0,0,0,0,0,0,0,0,0,0,0,0,0,0,0,0,0,0,0,0,0,0,0,0,0,0,0,0,0,0,0,0,0,0,0,0,0,0,0,0,0,0,0,0,0,0,0,0,0,0,0,0,0,0,0,0,0,0,0,0,0,0,0,0,0,0,0,0,0,0,0,0,0,0
"ALB",0,0,0,0,0,0,0,0,0,0,0,0,0,0,0,0,0,0,0,0,0,0,0,0,0,0,0,0,0,0,0,0,0,0,0,0,0,0,0,0,0,0,0,0,0,0,0,0,0,0,0,0,0,0,0,0,0,0,0,0,0,0,0,0,0,0,0,0,0,0,0,0,0,0,0,0,0,0,0,0,0,0,0,0,0,0,0,0,0,0,0,0,0,0,0,0,0,0,0,0,0,0,0,0,0,0,0,0,0,0,0,0,0,0,0,0,0,0,0,86460000,0,0,0,0,0,0,0,0,0,0,0,0,0,0,0,0,0,0,0,0,0,0,0,0,0,0,0,0,0,0,0,0,31440000,0,0,0,0,0,0,0,0,0,0,0,0,0,0,0,0,0,0,0,0,0,0,0,0,0,0,0,0,0,0,0,0,0,0,0,0,0,121830000,0,0,0,0
"DZA",0,0,0,0,0,0,0,0,0,0,0,0,0,0,0,0,0,0,0,0,0,0,0,0,0,10440000,0,0,0,0,0,0,0,0,0,0,0,0,0,0,0,0,0,0,0,0,0,0,0,0,0,0,0,6.777e+09,0,0,0,0,0,1706400000,0,0,0,0,0,0,0,0,0,0,0,0,0,0,0,0,0,0,0,0,0,0,0,0,0,0,0,0,0,0,0,0,0,0,0,0,0,0,0,0,0,0,0,0,0,0,0,0,0,0,0,0,0,0,0,0,0,0,0,0,0,0,0,0,0,0,0,0,0,0,0,0,0,0,0,0,0,0,0,0,0,0,0,0,0,0,0,0,66810000,0,0,0,0,0,0,0,568800000,0,0,0,0,0,0,0,0,0,0,0,0,0,0,0,0,0,0,0,3839400000,142200000,1848600000,0,0,0,0,0,0,70740000,0,0,0,0,0,0,0,0,0
"ATG",0,0,0,0,0,0,0,0,0,0,0,0,0,0,0,0,0,0,0,0,0,0,0,0,0,0,0,0,0,0,0,0,0,0,0,0,0,0,0,0,0,0,0,0,0,0,0,0,0,0,0,0,0,0,0,0,0,0,0,0,0,0,0,0,0,0,0,0,0,0,0,0,0,0,0,0,0,0,0,0,0,0,0,0,0,0,0,0,0,0,0,0,0,0,0,0,0,0,0,0,0,0,0,0,0,0,0,0,0,0,0,0,0,0,0,0,0,0,0,0,0,0,0,0,0,0,0,0,0,0,0,0,0,0,0,0,0,0,0,0,0,0,0,0,0,0,0,0,0,0,0,0,0,0,0,0,0,0,0,0,0,0,0,0,0,0,0,0,0,0,0,0,0,0,0,0,0,0,0,0,0,0,0,0,0,0,0,0,0,0,0,0,0,0,0
"ARG",27510000,0,23580000,204360000,0,0,3246180000,0,7860000,62880000,58950000,0,0,0,6586680000,31440000,34949490000,0,0,0,0,55020000,0,0,0,9003630000,47160000,0,0,0,26264190000,1713390000,1371570000,0,255450000,0,1438380000,1198650000,0,35370000,15720000,31440000,7860000,133620000,0,4303350000,133620000,1237950000,27510000,286890000,0,11790000,157200000,133620000,0,0,444090000,0,70740000,3930000,0,0,0,11790000,0,19650000,7.86e+08,0,7860000,0,341910000,1033590000,0,11790000,0,279030000,43230000,7860000,0,0,4444830000,19650000,0,0,15720000,330120000,3485910000,0,133620000,0,0,2888550000,518760000,51090000,0,766350000,0,11790000,322260000,51090000,0,204360000,62880000,58950000,0,0,0,0,19650000,14281620000,2023950000,125760000,899970000,0,15720000,0,6150450000,0,0,0,0,0,227940000,0,1202580000,0,39300000,609150000,0,0,9185670000,3556650000,1403010000,0,7860000,235800000,0,0,19650000,192570000,7860000,0,39300000,0,11790000,3930000,0,1548420000,3930000,0,754560000,0,0,7860000,0,412650000,793860000,157200000,0,0,3930000,43230000,121830000,0,1721340000,11790000,2177220000,98250000,0,506970000,0,0,0,1768500000,0,0,86460000,58950000,5841090000,0,12847020000,0,1768500000,404790000,0,440160000,27510000,19650000,349770000,0,19650000,0,0,0,0
"AUS",0,0,0,0,0,0,0,0,0,7860000,7860000,7860000,0,0,0,0,514830000,0,0,7860000,632730000,0,0,0,0,2468040000,0,0,55020000,0,10470000,890790000,0,0,0,0,0,0,0,0,0,0,0,0,0,0,349770000,0,0,0,0,2691150000,0,0,719190000,0,0,0,0,47160000,0,0,27510000,0,0,0,0,0,0,0,0,13978260000,0,62880000,0,204360000,569850000,0,0,35370000,188640000,3930000,0,0,0,59188590000,224010000,0,7860000,145410000,0,1949280000,184710000,0,0,39300000,0,0,0,0,19650000,0,0,5137470000,102180000,0,0,0,0,0,0,216150000,0,0,0,0,1027470000,0,1112160000,0,125010000,113628990000,0,0,0,0,896040000,0,0,1279830000,0,3930000,7863930000,0,74670000,0,70740000,0,7860000,0,0,0,55020000,0,0,0,0,3763410000,0,3930000,0,0,0,20508540000,0,90450000,15720000,0,0,0,117900000,3930000,0,0,2857110000,0,3002520000,0,0,0,3930000,0,27510000,5922510000,0,0,1740240000,0,778140000,0,0,0,0,153270000,3930000,0,0,0,66810000,0,3930000,0,0,0,0
"AUT",108720000,0,1564140000,691680000,0,86460000,3230460000,0,0,0,0,0,0,0,0,0,0,0,0,0,0,4095060000,0,0,0,644520000,0,0,0,7860000,137550000,58950000,47160000,0,0,3930000,0,0,341910000,150630000,0,419190000,0,0,19650000,0,129690000,0,0,188640000,0,0,1395150000,27740190000,0,0,102180000,0,7860000,224502540000,14855400000,0,0,3926040000,0,0,0,0,0,0,0,3930000,40787940000,21496860000,98250000,0,0,334050000,27510000,298680000,597360000,24398550000,0,15720000,0,15362370000,31440000,3930000,0,0,0,7860000,27510000,51090000,0,0,0,0,0,1548420000,0,0,0,0,0,0,70740000,0,15720000,0,0,0,0,105900000,0,0,33794070000,0,0,4561410000,0,0,0,0,0,2979360000,0,0,19192800000,0,27510000,3930000,0,22210770000,3847470000,0,0,0,0,0,7722450000,0,8477010000,0,0,0,0,7860000,0,0,0,47873640000,31416420000,7860000,0,298680000,56513400000,0,0,0,11357700000,29995050000,19650000,0,11790000,0,0,0,0,0,0,0,2220450000,278280000,0,0,15999030000,927480000,9101880000,0,23580000,11790000,3930000,0,0,0,0,0,11656380000,74670000,27073770000,3682410000,0,0,0
"BHS",0,0,0,0,0,0,0,0,0,0,0,0,0,0,0,0,0,0,0,0,0,0,0,0,0,0,0,0,0,0,0,0,0,0,0,0,0,0,0,0,0,0,0,0,0,0,0,0,0,0,0,0,0,0,0,0,0,0,0,0,0,0,0,0,0,0,0,0,0,0,0,0,0,0,0,0,0,0,0,0,0,0,0,0,0,0,0,0,0,0,0,0,0,0,0,0,0,0,0,0,0,0,0,0,0,0,0,0,0,0,0,0,0,0,0,0,0,0,0,0,0,0,0,0,0,0,0,0,0,0,0,0,0,0,0,0,0,0,0,0,0,0,0,0,0,0,0,0,0,0,0,0,0,0,0,0,0,0,0,0,0,0,0,0,0,0,0,0,0,0,0,0,0,0,0,0,0,0,0,0,0,0,0,0,0,0,0,0,0,0,0,0,0,0,0
"BHR",0,0,0,0,0,0,0,0,0,0,0,0,0,0,0,0,0,0,0,0,0,0,0,0,0,0,0,0,0,0,0,0,0,0,0,0,0,0,0,0,0,0,0,0,0,0,0,0,0,0,0,0,0,0,0,0,0,0,0,0,0,0,0,0,0,0,0,0,0,0,0,0,0,0,0,0,0,27510000,0,0,0,74670000,0,0,0,0,0,0,0,0,0,0,0,0,0,0,0,0,0,0,0,0,0,0,0,0,0,0,0,0,0,0,0,0,0,0,0,0,0,0,0,0,0,0,0,0,0,0,0,0,0,0,0,0,0,0,0,0,530550000,0,0,0,0,0,0,0,0,235800000,0,0,0,0,0,0,0,0,0,0,0,0,0,0,0,0,0,0,0,0,0,0,19650000,0,0,51090000,0,0,0,0,0,0,0,0,0,0,0,0,0,0,0,0,0,0,0,0,0
"BRB",0,0,0,0,0,0,0,0,0,0,0,0,0,0,0,0,0,0,0,0,0,0,0,0,0,0,0,0,0,0,0,0,0,0,0,0,0,0,0,0,0,0,0,0,0,0,0,0,0,0,0,0,0,0,0,0,0,0,0,0,0,0,0,0,0,0,0,0,0,0,0,0,0,0,0,0,0,0,0,0,0,0,0,0,0,0,0,0,0,0,0,0,0,0,0,0,0,0,0,0,0,0,0,0,0,0,0,0,0,0,0,0,0,0,0,0,0,0,0,0,0,0,0,0,0,0,0,0,0,0,0,0,0,0,0,0,0,0,0,0,0,0,0,0,0,0,0,0,0,0,0,0,0,0,0,0,0,0,0,0,0,0,0,0,0,0,0,0,0,0,0,0,0,0,0,0,0,0,172920000,0,0,0,0,0,0,0,0,0,3930000,0,0,0,0,0,0
"BGD",0,0,0,0,0,0,0,0,0,0,0,0,0,0,0,0,0,0,0,0,0,0,0,0,0,0,0,0,0,0,0,0,0,0,0,0,0,0,0,0,0,0,0,0,0,0,0,0,0,0,0,0,0,0,0,0,0,0,0,0,0,0,0,0,0,0,0,0,0,0,0,0,0,0,0,0,0,0,0,0,0,0,0,0,0,0,0,0,0,0,0,0,0,0,0,0,0,0,0,0,0,0,0,0,0,0,0,0,0,0,0,0,0,0,0,0,0,0,0,0,0,0,0,0,0,0,0,0,0,0,0,0,0,0,0,0,0,0,0,0,0,0,0,0,0,0,0,0,0,0,0,0,0,0,0,0,0,0,0,0,0,0,0,0,0,0,0,0,0,0,0,0,0,0,0,0,0,0,0,0,0,0,0,0,0,0,0,0,0,0,0,0,0,0,0
"BMU",0,0,0,0,0,0,0,0,0,0,0,0,0,0,0,0,0,0,0,0,0,0,0,0,0,0,0,0,0,0,0,0,0,0,0,0,0,0,0,0,0,0,0,0,0,0,0,0,0,0,0,0,0,0,0,0,0,0,0,0,0,0,0,0,0,0,0,0,0,0,0,0,0,0,0,0,0,0,0,0,0,0,0,0,0,0,0,0,0,0,0,0,0,0,0,0,0,0,0,0,0,0,0,0,0,0,0,0,0,0,0,0,0,0,0,0,0,0,0,0,0,0,0,0,0,0,0,0,0,0,0,0,0,0,0,0,0,0,0,0,0,0,0,0,0,0,0,0,0,0,0,0,0,0,0,0,0,0,0,0,0,0,0,0,0,0,0,0,0,0,0,0,0,0,0,0,0,0,0,0,0,0,0,0,0,0,0,0,0,0,0,0,0,0,0
"BTN",0,0,0,0,0,0,0,0,0,0,0,0,0,0,0,0,0,0,0,0,0,0,0,0,0,0,0,0,0,0,0,0,0,0,0,0,0,0,0,0,0,0,0,0,0,0,0,0,0,0,0,0,0,0,0,0,0,0,0,0,0,0,0,0,0,0,0,0,0,0,0,0,0,0,0,0,0,0,0,0,0,0,0,0,0,0,0,0,0,0,0,0,0,0,0,0,0,0,0,0,0,0,0,0,0,0,0,0,0,0,0,0,0,0,0,0,0,0,0,0,0,0,0,0,0,0,0,0,0,0,0,0,0,0,0,0,0,0,0,0,0,0,0,0,0,0,0,0,0,0,0,0,0,0,0,0,0,0,0,0,0,0,0,0,0,0,0,0,0,0,0,0,0,0,0,0,0,0,0,0,0,0,0,0,0,0,0,0,0,0,0,0,0,0,0
"BOL",0,0,20700000,0,0,198300000,0,45540000,0,0,0,0,0,0,0,0,0,0,0,0,0,0,0,0,0,0,0,0,0,0,3930000,0,78600000,0,0,0,0,11790000,0,0,0,4140000,0,0,0,0,0,0,0,0,0,0,0,0,0,0,0,0,0,1076420000,0,0,0,0,0,0,0,0,0,0,0,0,0,0,0,0,0,0,0,0,0,153720000,0,0,0,26100000,0,0,0,0,0,0,0,0,0,0,0,0,0,0,0,0,0,0,0,0,0,0,0,0,0,0,0,0,0,0,99360000,0,0,0,0,2610000,0,0,0,0,0,0,0,0,0,0,0,0,0,0,0,0,0,0,0,0,0,0,0,0,0,0,0,0,0,0,0,0,0,0,0,0,0,0,0,1945650000,0,0,0,0,0,0,0,0,0,0,0,0,0,0,0,0,33460000,0,0,0,0,0,0,0,0,0,0,0,0,0,0,0,0
"BWA",0,0,0,0,0,0,0,0,0,0,0,0,0,0,0,0,0,0,0,0,0,0,0,0,0,0,0,0,0,0,0,0,0,0,0,0,0,0,0,0,0,0,0,0,0,0,0,0,0,0,0,0,0,0,0,0,0,0,0,0,0,0,0,0,0,0,0,0,0,0,0,0,0,0,0,0,0,0,0,0,0,0,0,0,0,0,0,0,0,0,0,0,0,0,0,0,0,0,0,0,0,0,0,0,0,0,0,0,0,0,0,0,0,0,0,0,0,0,0,0,0,0,0,0,0,0,0,0,0,0,0,0,0,0,0,0,0,0,0,25260000,0,0,0,0,0,0,0,0,0,0,0,0,0,0,0,171600000,0,0,0,0,0,0,0,0,0,0,0,0,0,0,0,0,0,0,0,0,0,0,0,0,0,0,0,0,0,0,0,0,0,0,0,0,0,0,0
"BRA",247590000,0,180780000,180780000,7860000,256010170000,791220000,194580000,0,58950000,3930000,0,0,0,25855530000,451950000,0,0,0,0,0,39300000,0,0,919620000,67212360000,1057170000,0,0,0,51282230000,827730000,8979690000,0,487320000,0,3499470000,4478820000,0,569850000,70740000,11790000,0,6531630000,0,3021720000,699540000,0,204360000,332790000,0,110040000,0,8731260000,0,0,94320000,70740000,1214370000,141120000,7860000,2703840000,0,86160000,0,7860000,3363990000,294750000,90390000,514830000,864600000,568440000,424410000,204360000,58950000,116460000,35370000,27510000,416580000,86460000,664170000,240600000,66810000,0,2126070000,3689760000,235800000,0,192570000,0,0,8821710000,102180000,0,0,282960000,0,90390000,805650000,27510000,0,479460000,47160000,2687940000,0,153270000,60030000,530550000,58950000,29853100000,263310000,43230000,1237950000,0,94320000,35370000,8660250000,0,0,78300000,0,74670000,880320000,43230000,82530000,0,0,3104700000,3930000,0,34435290000,2777640000,2804610000,43230000,2530920000,27510000,74670000,0,0,129690000,7860000,7860000,15720000,0,0,11790000,39300000,479460000,153270000,0,1285110000,0,0,6663900000,0,3243390000,535560000,943200000,0,0,31440000,73890000,0,0,157020000,7860000,3230460000,98250000,0,2334420000,3930000,0,272790000,1399080000,0,0,440950000,0,199268660000,0,25573940000,55020000,9637470000,176850000,534480000,1996440000,1619160000,31440000,5613120000,0,0,0,0,0,0
"ARB",0,0,0,0,0,0,0,0,0,0,0,0,0,0,0,0,0,0,0,0,0,0,0,0,0,0,0,0,0,0,0,0,0,0,0,0,0,0,0,0,0,0,0,0,0,0,0,0,0,0,0,0,0,0,0,0,0,0,0,0,0,0,0,0,0,0,0,0,0,0,0,0,0,0,0,0,0,0,0,0,0,0,0,0,0,0,0,0,0,0,0,0,0,0,0,0,0,0,0,0,0,0,0,0,0,0,0,0,0,0,0,0,0,0,0,0,0,0,0,0,0,0,0,0,0,0,0,0,0,0,0,0,0,0,0,0,0,0,0,0,0,0,0,0,0,0,0,0,0,0,0,0,0,0,0,0,0,0,0,0,0,0,0,0,0,0,0,0,0,0,0,0,0,0,0,0,0,0,0,0,0,0,0,0,0,0,0,0,0,0,0,0,0,0,0
"BLZ",0,0,0,0,0,0,0,0,0,0,0,0,0,0,0,0,0,0,0,0,0,0,0,0,0,0,0,0,0,0,0,0,0,0,0,0,0,0,0,0,0,0,0,0,0,0,0,0,0,0,0,0,0,0,0,0,0,0,0,0,0,0,0,0,0,0,0,0,0,0,0,0,0,0,0,0,0,0,0,0,0,0,0,0,0,0,0,0,0,0,0,0,0,0,0,0,0,0,0,0,0,0,0,0,0,0,0,0,0,0,0,0,0,0,0,0,0,0,0,0,0,0,0,0,0,0,0,0,0,0,0,0,0,0,0,0,0,0,0,0,0,0,0,0,0,0,0,0,0,0,0,0,0,0,0,0,0,0,0,0,0,0,0,0,0,0,0,0,0,0,0,0,0,0,0,0,0,0,0,0,0,0,0,0,0,0,0,0,0,0,0,0,0,0,0
"SLB",0,0,0,0,0,0,0,0,0,0,0,0,0,0,0,0,0,0,0,0,0,0,0,0,0,0,0,0,0,0,0,0,0,0,0,0,0,0,0,0,0,0,0,0,0,0,0,0,0,0,0,0,0,0,0,0,0,0,0,0,0,0,0,0,0,0,0,0,0,0,0,0,0,0,0,0,0,0,0,0,0,0,0,0,0,0,0,0,0,0,0,0,0,0,0,0,0,0,0,0,0,0,0,0,0,0,0,0,0,0,0,0,0,0,0,0,0,0,0,0,0,0,0,0,0,0,0,0,0,0,0,0,0,0,0,0,0,0,0,0,0,0,0,0,0,0,0,0,0,0,0,0,0,0,0,0,0,0,0,0,0,0,0,0,0,0,0,0,0,0,0,0,0,0,0,0,0,0,0,0,0,0,0,0,0,0,0,0,0,0,0,0,0,0,0
"BRN",0,0,0,0,0,0,0,0,0,0,0,0,0,0,0,0,0,0,0,0,0,0,0,0,0,0,0,0,0,0,0,0,0,0,0,0,0,0,0,0,0,0,0,0,0,0,0,0,0,0,0,0,0,0,0,0,0,0,0,0,0,0,0,0,0,0,0,0,0,0,0,0,0,0,0,0,0,0,0,0,0,0,0,0,0,0,0,0,0,0,0,0,0,0,0,0,0,0,0,0,0,0,0,0,0,0,0,0,0,0,0,0,0,0,0,0,0,0,0,0,0,0,0,0,0,0,0,0,0,0,0,0,0,0,0,0,0,0,0,0,0,0,0,0,0,0,0,0,0,0,0,0,0,0,0,0,0,0,0,0,0,0,0,0,0,0,0,0,0,0,0,0,0,0,0,0,0,0,0,0,0,0,0,0,0,0,0,0,0,0,0,0,0,0,0
"BGR",35370000,0,302610000,801720000,0,0,27510000,2405160000,0,0,0,0,0,0,0,0,0,0,0,0,0,0,0,0,0,349770000,0,0,15660000,0,0,0,0,0,0,0,0,0,192570000,0,0,0,0,0,0,0,352950000,0,0,0,0,0,0,15720000,0,0,564090000,0,0,204360000,301710000,86460000,0,5731230000,0,0,0,0,0,0,0,0,1308690000,385140000,0,212220000,0,0,471600000,0,843360000,679800000,0,0,0,0,0,0,0,0,0,0,15720000,279030000,0,341910000,0,0,475530000,149340000,0,0,0,0,0,0,7860000,0,0,0,0,0,0,0,0,0,474570000,0,0,2725640000,0,0,0,0,0,0,0,0,246120000,0,0,0,98250000,102180000,73080000,0,0,0,7860000,0,17718090000,0,279030000,0,0,0,0,314400000,0,0,0,3108630000,1825920000,0,0,0,204360000,0,0,0,0,0,0,0,0,0,0,0,0,0,0,0,1927280000,345840000,0,0,51090000,839160000,31440000,0,0,0,196500000,0,0,0,0,0,180780000,55020000,5250810000,255450000,0,0,0
"MMR",0,0,0,0,0,0,0,0,0,0,0,0,0,0,0,0,0,0,0,0,0,0,0,0,0,0,0,0,0,0,0,0,0,0,0,0,0,0,0,0,0,0,0,0,0,0,0,0,0,0,0,0,0,0,0,0,0,0,0,0,0,0,0,0,0,0,0,0,0,0,0,0,0,0,0,0,0,0,0,0,0,0,0,0,0,0,0,0,0,0,0,0,0,0,0,0,0,0,0,0,0,0,0,0,0,0,0,0,0,0,0,0,0,0,0,0,0,0,0,0,0,0,0,0,0,0,0,0,0,0,0,0,0,0,0,0,0,0,0,0,0,0,0,0,0,0,0,0,0,0,0,0,0,0,0,0,0,0,0,0,0,0,0,0,0,0,0,0,0,0,0,0,0,0,0,0,0,0,0,0,0,0,0,0,0,0,0,0,0,0,0,0,0,0,0
"BDI",0,0,0,0,0,0,0,0,0,0,0,0,0,0,0,0,0,0,0,0,0,0,0,0,0,0,0,0,0,0,0,0,0,0,0,0,0,0,0,0,0,0,0,0,0,0,0,0,0,0,0,0,0,0,0,0,0,0,0,0,0,0,0,0,0,0,0,0,0,0,0,0,0,0,0,0,0,0,0,0,0,0,0,0,0,0,0,0,0,0,0,0,0,0,0,0,0,0,0,0,0,0,0,0,0,0,0,0,0,0,0,0,0,0,0,0,0,0,0,0,0,0,0,0,0,0,0,0,0,0,0,0,0,0,0,0,0,0,0,0,0,0,0,0,0,0,0,0,0,0,0,0,0,0,0,0,0,0,0,0,0,0,0,0,0,0,0,0,0,0,0,0,0,0,0,0,0,0,0,0,0,0,0,0,0,0,0,0,0,0,0,0,0,0,0
"CMR",0,0,0,0,0,0,0,0,0,0,0,0,0,0,0,0,673530000,0,0,0,0,0,0,0,0,0,0,601290000,0,1560210000,0,832140000,0,0,6539520000,0,0,0,0,0,0,0,0,0,0,0,0,0,2432670000,0,0,0,0,126426890000,0,0,0,8461290000,0,18104220000,0,0,0,0,0,0,0,0,0,0,0,0,0,0,0,1676700000,8515980000,0,0,0,0,82800000,15720000,0,0,0,0,0,0,0,0,0,0,0,0,0,0,0,0,0,0,0,0,91382220000,0,35370000,0,0,0,0,0,70740000,0,0,0,0,1251652750000,0,0,0,0,0,0,0,51090000,0,0,0,0,0,0,0,0,58950000,0,0,0,0,0,0,0,0,0,0,0,0,0,0,3930000,0,0,0,0,938250000,0,0,77960340000,0,0,0,0,0,0,0,0,0,20749680000,0,0,0,0,0,20348100000,0,0,0,53682070000,0,25316660000,0,0,0,0,0,0,0,200430000,0,1867140000,0,0,0,0,0,0
"CAN",0,0,0,0,3930000,86280000,601290000,0,0,58950000,68100000,0,0,0,0,0,23580000,0,0,0,0,0,0,0,0,0,0,0,0,0,35370000,200430000,615090000,0,0,0,411330000,243660000,0,0,0,35370000,0,133620000,0,19650000,7860000,90390000,0,0,0,0,15720000,516750000,0,0,0,0,0,6232560000,0,0,0,0,0,0,534480000,0,3930000,47160000,0,440340000,0,3930000,0,78600000,0,55020000,0,334050000,86460000,149340000,0,0,11790000,1171140000,19650000,0,0,0,0,1269390000,55020000,11790000,0,55020000,0,0,0,0,0,0,0,3930000,0,0,0,0,0,54363510000,0,0,0,0,0,0,1402230000,0,0,0,0,77280000,0,0,0,43230000,0,0,51090000,0,0,0,306540000,78600000,102180000,0,0,0,11790000,0,0,0,0,0,0,0,0,112530000,0,0,0,0,0,86460000,0,15720000,19650000,23580000,0,0,314400000,43270000,11790000,0,180780000,23580000,19650000,0,0,180780000,27510000,0,3930000,102180000,15720000,0,3022170000,3930000,1988431930000,0,11790000,0,15720000,0,0,0,0,0,481020000,0,0,0,0,0,0
"CPV",0,0,0,0,0,0,0,0,0,0,0,0,0,0,0,0,0,0,0,0,0,0,0,0,0,0,0,0,0,0,0,0,0,0,0,0,0,0,0,0,0,0,0,0,0,0,0,0,0,0,0,0,0,0,0,0,0,0,0,0,0,0,0,0,0,0,0,0,0,0,0,0,0,0,0,0,0,0,0,0,0,0,0,0,0,0,0,0,0,0,0,0,0,0,0,0,0,0,0,0,0,0,0,0,0,0,0,0,0,0,0,0,0,0,0,0,0,0,0,0,0,0,0,0,0,0,0,0,0,0,0,0,0,0,0,0,0,0,0,0,0,0,0,0,0,0,0,0,0,0,0,0,0,0,0,0,0,0,0,0,0,0,0,0,0,0,0,0,0,0,0,0,0,0,0,0,0,0,0,0,0,0,0,0,0,0,0,0,0,0,0,0,0,0,0
"CAF",0,0,0,0,0,0,0,0,0,0,0,0,0,0,0,0,0,0,0,0,0,0,0,0,103500000,0,0,0,0,0,0,0,0,0,0,0,0,0,0,0,0,0,0,0,0,0,0,0,0,0,0,0,0,4.14e+08,0,0,0,0,0,0,0,0,0,0,0,0,0,0,0,0,0,0,0,0,0,0,0,0,0,0,0,0,0,0,0,0,0,0,0,0,0,0,0,0,0,0,0,0,0,0,0,0,0,103500000,0,0,0,0,0,0,0,0,0,0,0,0,0,0,0,0,0,0,0,0,0,0,0,0,0,0,0,0,0,0,0,0,0,0,0,0,0,0,0,0,0,0,0,0,0,0,0,0,0,0,0,0,0,0,0,0,0,0,0,0,0,0,0,0,0,0,0,0,0,0,0,0,0,0,0,0,0,0,0,0,0,0,0,0,0,0,0,0,0,0,0
"LKA",0,0,0,0,0,0,79020000,0,0,0,0,0,0,0,0,0,0,0,0,0,0,0,0,0,0,7860000,0,0,0,0,0,0,715260000,0,0,0,0,0,0,0,0,0,0,0,0,0,0,0,0,0,0,3930000,3930000,0,0,0,0,0,0,3930000,0,0,0,0,0,0,0,11790000,0,0,0,0,0,0,0,10356630000,0,0,0,0,0,0,0,0,0,0,0,0,0,0,0,0,0,0,0,0,0,0,0,0,0,0,0,0,11790000,0,0,0,0,0,0,0,0,0,0,239730000,57960000,0,0,0,0,51090000,0,0,0,0,7830000,0,0,15720000,0,0,0,0,0,0,0,0,0,0,0,0,0,0,0,0,0,0,0,0,0,0,0,3930000,0,0,0,0,0,0,0,0,0,0,0,0,0,0,0,0,0,0,0,188640000,0,0,0,0,0,0,0,0,0,0,0,0,0,0,0,0,0,0,0,0,0
"TCD",0,0,0,0,0,0,0,0,0,0,0,0,0,0,0,0,0,0,0,0,0,0,0,0,0,0,0,0,0,0,0,0,0,0,0,0,0,0,0,0,0,0,0,0,0,0,0,0,0,0,0,0,0,0,0,0,0,0,0,0,0,0,0,0,0,0,0,0,0,0,0,0,0,0,0,0,0,0,0,0,0,0,0,0,0,0,0,0,0,0,0,0,0,0,0,0,0,0,0,0,0,0,0,0,0,0,0,0,0,0,0,0,0,0,0,0,0,0,0,0,0,0,0,0,0,0,0,0,0,0,0,0,0,0,0,0,0,0,0,0,0,0,0,0,0,0,0,0,0,0,0,0,0,0,0,0,0,0,0,0,0,0,0,0,0,0,0,0,0,0,0,0,0,0,0,0,0,0,0,0,0,0,0,0,0,0,0,0,0,0,0,0,0,0,0
"CHL",0,0,0,0,0,2473390000,0,0,0,0,3930000,0,0,0,17476500000,0,978570000,0,0,0,0,0,0,0,0,82530000,0,0,0,0,0,79650000,2385510000,0,0,0,2589870000,2206020000,0,0,0,0,3930000,1516980000,0,6582750000,0,699540000,0,3930000,0,0,0,0,3930000,0,0,0,0,0,0,0,0,0,0,3930000,746700000,0,7860000,7860000,408720000,0,0,0,0,337980000,0,0,0,0,0,0,0,0,3930000,66810000,0,0,0,0,0,247590000,0,0,0,0,0,0,0,0,0,0,0,0,0,0,0,0,0,10770810000,0,27510000,0,0,0,0,0,0,0,0,0,19650000,605220000,0,153270000,0,0,1006080000,0,0,2302980000,8119650000,0,0,0,0,0,0,0,0,0,0,0,0,0,3930000,0,0,0,0,212220000,0,0,98250000,0,314400000,0,51090000,0,0,0,7860000,0,0,318330000,0,0,0,0,7860000,0,0,4228680000,94320000,0,0,0,0,1815660000,0,2228310000,0,6366600000,0,0,0,0,0,0,0,0,0,0,0,0
"CHN",19650000,0,83520000,1123980000,0,3995310000,10891260000,0,0,113970000,28440000,485370000,0,0,169770000,0,9500400000,0,0,0,7860000,501120000,0,0,159720000,5369820000,0,0,26190000,0,9803400000,0,3805110000,0,191100000,0,341430000,4.176e+09,0,74670000,275100000,11790000,0,282960000,712260000,78600000,4537920000,1414950000,0,0,0,71910000,74670000,72498600000,0,0,156600000,7860000,90390000,5212050000,39150000,1949280000,0,3067110000,0,0,652380000,326190000,0,113970000,0,28647120000,0,347130000,0,7581120000,2989380000,738750000,23580000,15720000,1004610000,3930000,424440000,1993230000,7110000,9885180000,589500000,966780000,0,0,2038230000,14239030000,74670000,0,0,738840000,0,27510000,375870000,324150000,35370000,420510000,0,4516580000,0,0,5220000,0,526620000,2312970000,1866750000,648450000,167040000,0,31440000,165060000,5423580000,0,0,0,0,471630000,15720000,0,10440000,0,6310320000,0,110040000,3930000,0,930390000,12250680000,1854840000,7860000,0,0,0,51090000,0,39150000,0,7869330000,0,0,0,0,568500000,456720000,0,0,0,0,2191020000,0,2427540000,1496880000,0,19650000,0,3930000,0,3946770000,180780000,2252850000,66810000,5769090000,31440000,0,0,19650000,83520000,2074230000,903900000,0,0,12296820000,1024830000,85920030000,0,1.044e+09,2.349e+09,137550000,1540560000,36540000,1452180000,41760000,43080000,1017540000,0,1515780000,426600000,0,0,110040000
"COL",0,0,0,0,106110000,1183010000,15720000,0,0,0,208290000,0,0,0,510900000,0,13050000,0,7860000,0,0,0,0,0,0,762480000,0,0,0,0,1507390000,0,0,0,1387290000,0,3307110000,110040000,0,0,0,0,102180000,1705620000,0,18016320000,0,1049310000,0,0,0,7860000,0,4570050000,0,0,0,3930000,0,1464240000,0,0,0,3930000,0,15720000,396930000,0,263310000,554130000,290820000,0,0,0,0,0,0,0,90390000,0,0,65610000,0,0,1913910000,0,0,0,145410000,0,0,226530000,0,0,0,74670000,0,400860000,0,0,0,0,39300000,0,0,0,0,0,0,13591920000,0,0,1972860000,0,0,0,7178010000,0,0,0,0,35370000,0,0,0,0,0,3852550000,3930000,0,0,3122810000,7860000,149340000,0,0,0,0,0,1013940000,0,0,3950910000,3930000,204360000,3930000,0,0,19650000,0,11790000,0,255450000,0,0,16297710000,4667610000,192570000,0,0,1049340000,1736430000,606670000,0,0,1.179e+09,0,0,0,1814970000,0,0,0,0,876390000,0,3645390000,0,35479940000,0,0,0,58122840000,0,0,102180000,0,1906050000,99540000,0,0,0,0,0,0
"COM",0,0,0,0,0,0,0,0,0,0,0,0,0,0,0,0,0,0,0,0,0,0,0,0,0,0,0,0,0,0,0,0,0,0,0,0,0,0,0,0,0,0,0,0,0,0,0,0,0,0,0,0,0,0,0,0,0,0,0,0,0,0,0,0,0,0,0,0,0,0,0,0,0,0,0,0,0,0,0,0,0,0,0,0,0,0,0,0,0,0,0,0,0,0,0,0,0,0,0,0,0,0,0,0,0,0,0,0,0,0,0,0,0,0,0,0,0,0,0,0,0,0,0,0,0,0,0,0,0,0,0,0,0,0,0,0,0,0,0,0,0,0,0,0,0,0,0,0,0,0,0,0,0,0,0,0,0,0,0,0,0,0,0,0,0,0,0,0,0,0,0,0,0,0,0,0,0,0,0,0,0,0,0,0,0,0,0,0,0,0,0,0,0,0,0
"COG",0,0,0,0,0,0,0,0,0,0,0,0,0,0,0,0,0,0,0,0,0,0,0,0,0,0,0,0,0,0,0,0,0,0,0,0,0,0,0,0,0,0,0,0,0,0,0,0,0,0,0,0,0,3930000,0,0,0,0,0,0,0,0,0,0,0,0,0,0,0,0,0,0,0,0,0,0,0,0,0,0,0,703800000,0,0,0,0,0,0,0,0,0,0,0,0,0,0,0,0,0,0,0,0,0,0,0,0,0,0,0,0,0,0,0,0,0,0,0,0,0,0,0,0,0,0,0,0,0,0,0,0,0,0,0,0,0,0,0,0,0,0,0,0,0,0,0,0,0,0,0,0,0,0,0,0,0,0,0,0,0,0,0,11790000,0,0,0,0,0,0,0,0,0,0,0,0,0,0,0,0,0,0,0,0,0,0,0,0,0,0,765480000,0,0,0,0,0,0
"COK",0,0,0,0,0,0,0,0,0,0,0,0,0,0,0,0,0,0,0,0,0,0,0,0,0,0,0,0,0,0,0,0,0,0,0,0,0,0,0,0,0,0,0,0,0,0,0,0,0,0,0,0,0,0,0,0,0,0,0,0,0,0,0,0,0,0,0,0,0,0,0,0,0,0,0,0,0,0,0,0,0,0,0,0,0,0,0,0,0,0,0,0,0,0,0,0,0,0,0,0,0,0,0,0,0,0,0,0,0,0,0,0,0,0,0,0,0,0,0,0,0,0,0,0,0,0,0,0,0,0,0,0,0,0,0,0,0,0,0,0,0,0,0,0,0,0,0,0,0,0,0,0,0,0,0,0,0,0,0,0,0,0,0,0,0,0,0,0,0,0,0,0,0,0,0,0,0,0,0,0,0,0,0,0,0,0,0,0,0,0,0,0,0,0,0
"CRI",0,0,0,0,0,0,0,0,0,0,0,0,0,0,0,0,0,0,0,0,0,0,0,0,0,7110000,0,0,0,0,66810000,0,0,0,0,0,0,0,0,0,0,0,0,151950000,0,0,0,1313560000,0,0,0,0,0,0,0,0,0,0,0,674820000,0,0,0,0,0,15660000,7002720000,0,0,0,3091140000,0,0,0,0,0,0,0,0,0,0,23580000,0,0,7860000,53820000,0,0,0,0,0,0,3930000,3930000,0,0,0,0,0,0,0,0,0,0,0,0,0,0,0,1372710000,0,0,0,0,0,0,327060000,0,0,0,0,0,4179250000,0,0,0,0,4629030000,0,0,0,47160000,0,0,0,0,0,0,0,0,0,0,0,0,0,0,0,0,0,0,0,0,0,0,0,0,0,0,0,0,0,186300000,0,0,0,0,0,0,0,0,0,0,0,0,0,0,0,0,761420000,0,0,0,0,0,0,0,0,0,342080000,0,0,0,0,0,0
"CUB",0,0,0,0,0,0,0,0,0,0,0,0,0,0,0,0,0,0,0,0,0,0,0,0,0,0,0,0,0,0,0,0,0,0,0,0,0,0,0,0,0,0,0,0,0,0,0,0,0,0,0,0,0,0,0,0,0,0,0,0,0,0,0,0,0,0,0,0,0,0,0,0,0,0,0,0,0,0,0,0,0,0,0,0,0,0,0,0,0,0,0,0,0,0,0,0,0,0,0,0,0,0,0,0,0,0,0,0,0,0,0,0,0,0,0,0,0,0,0,0,0,0,0,0,0,0,0,0,0,0,0,0,0,0,0,0,0,0,0,0,0,0,0,0,0,0,0,0,0,0,0,0,0,0,0,0,0,0,0,0,0,0,0,0,0,0,0,0,0,0,0,0,0,0,0,0,0,0,0,0,0,0,0,0,0,0,0,0,0,0,0,0,0,0,0
"CYP",0,0,0,0,0,0,0,0,0,0,0,0,0,0,0,0,0,0,0,0,0,0,0,0,0,0,0,0,0,0,0,0,0,0,0,0,0,0,0,0,0,0,0,0,0,0,0,0,0,0,0,0,0,0,0,0,0,0,0,0,0,0,0,0,0,0,0,0,0,0,0,0,0,0,0,0,0,0,0,0,0,0,0,0,0,0,86460000,0,0,0,0,0,0,0,0,0,0,0,0,0,0,0,0,0,0,0,0,0,0,0,0,0,0,0,0,0,0,0,0,0,0,0,0,0,0,0,0,0,0,0,0,0,0,0,0,0,0,0,11790000,3930000,0,0,0,0,0,0,0,0,0,0,0,0,0,0,0,0,0,0,0,0,0,0,0,0,0,3930000,0,0,0,0,0,0,0,0,0,0,0,0,0,0,0,0,0,0,0,0,0,0,0,0,0,0,0,0,0
"AZE",0,0,0,0,0,0,0,0,0,0,0,0,0,0,0,0,0,0,0,0,0,0,0,0,0,0,0,0,0,0,0,0,0,0,0,0,0,0,0,0,0,0,0,0,0,0,0,0,0,0,0,0,0,0,0,0,412650000,0,0,0,0,0,0,0,0,0,0,0,0,0,0,0,0,0,0,0,0,0,0,0,39300000,0,0,1894260000,0,0,0,161130000,0,0,0,0,0,0,0,0,0,0,0,0,0,0,0,0,0,0,0,0,0,0,0,0,0,0,0,0,0,0,0,0,0,0,0,0,0,0,0,0,0,0,0,0,0,0,0,0,0,0,0,0,0,0,3419100000,0,0,0,0,0,0,0,0,0,0,0,0,0,0,0,2071110000,0,0,0,0,153270000,0,0,0,0,0,0,0,0,0,0,0,0,0,0,19650000,0,0,74670000,0,0,0,0,0,0,0,0,0,0,0,0,0
"BEN",0,0,0,0,0,0,0,0,0,0,0,0,0,0,0,0,0,0,0,0,0,0,0,0,0,0,0,0,0,0,0,0,0,0,0,0,0,0,0,0,0,0,0,0,0,0,0,0,0,0,0,0,0,0,0,0,0,0,0,0,0,0,0,0,0,0,0,0,0,0,0,0,0,0,0,0,0,0,0,0,0,0,0,0,0,0,0,0,0,0,0,0,0,0,0,0,0,0,0,0,0,0,0,0,0,0,0,0,0,0,0,0,0,0,0,0,0,0,0,0,0,0,0,0,3930000,0,0,0,0,0,0,0,0,0,0,0,0,0,0,0,0,0,0,0,0,0,0,0,0,0,0,0,0,0,0,0,0,0,0,0,0,0,0,0,0,0,0,0,0,0,0,0,0,0,0,0,0,0,0,0,0,0,0,0,0,0,0,0,0,0,0,0,0,0,0
"DNK",15720000,43230000,0,7860000,0,0,396930000,247590000,0,3.93e+08,0,0,0,0,0,0,7860000,0,0,0,0,11790000,0,0,0,5667060000,0,0,0,0,0,70740000,0,0,0,0,0,0,23580000,3930000,0,0,0,0,0,0,0,0,0,1045380000,2222970000,0,11074740000,2779740000,0,0,3930000,0,0,49867290000,0,19650000,0,251520000,0,0,3930000,0,0,0,0,231870000,360240000,11790000,4010970000,7860000,0,137550000,0,0,361560000,6425550000,7860000,15720000,0,153270000,0,0,7860000,0,0,98250000,0,353700000,0,27510000,0,0,0,145410000,0,0,0,0,0,0,7860000,0,3930000,0,0,0,0,0,0,0,16867950000,0,3930000,3930000,0,7860000,0,0,0,10259730000,0,7860000,899970000,0,0,0,3930000,656310000,2747070000,0,0,0,145410000,0,47160000,0,1279830000,0,0,0,0,105960000,0,0,0,58950000,1265460000,2153640000,0,27510000,903900000,0,0,0,61533330000,471600000,3930000,0,0,0,23580000,95400000,2610000,0,23580000,0,94320000,168990000,0,0,10709040000,82530000,3155790000,0,27510000,0,11790000,0,3930000,0,0,0,1735740000,1815660000,0,0,0,0,0
"DMA",0,0,0,0,0,0,0,0,0,0,0,0,0,0,0,0,0,0,0,0,0,0,0,0,0,0,0,0,0,0,0,0,0,0,0,0,0,0,0,0,0,0,0,0,0,0,0,0,0,0,0,0,0,0,0,0,0,0,0,0,0,0,0,0,0,0,0,0,0,0,0,0,0,0,0,0,0,0,0,0,0,0,0,0,0,0,0,0,0,0,0,0,0,0,0,0,0,0,0,0,0,0,0,0,0,0,0,0,0,0,0,0,0,0,0,0,0,0,0,0,0,0,0,0,0,0,0,0,0,0,0,0,0,0,0,0,0,0,0,0,0,0,0,0,0,0,0,0,0,0,0,0,0,0,0,0,0,0,0,0,0,0,0,0,0,0,0,0,0,0,0,0,0,0,0,0,0,0,0,0,0,0,0,0,0,0,0,0,8280000,0,0,0,0,0,0
"DOM",0,0,0,0,0,0,0,0,0,0,0,0,0,0,0,0,0,0,0,0,0,0,0,0,0,0,0,0,0,0,0,0,0,0,0,0,0,0,0,0,0,0,0,0,0,0,0,0,0,0,0,0,0,0,0,0,0,0,0,0,0,0,0,0,0,0,0,0,0,0,0,0,0,0,0,0,0,0,0,0,0,0,0,0,0,0,0,0,0,0,0,0,0,0,0,0,0,0,0,0,0,0,0,0,0,0,0,0,0,0,0,0,0,0,0,0,0,0,0,0,0,0,0,0,0,0,0,0,0,0,0,0,0,0,0,0,0,0,0,0,0,0,0,0,0,0,0,0,0,0,0,0,0,0,0,0,0,0,0,0,0,0,0,0,0,0,0,0,0,0,0,0,0,0,0,0,0,0,0,0,0,0,0,0,0,0,0,0,0,0,0,0,0,0,0
"BLR",408720000,0,0,0,0,0,0,0,0,0,0,0,0,0,0,0,0,0,0,0,0,0,0,0,0,153270000,0,0,0,0,0,0,0,0,0,0,0,0,7860000,3513420000,0,0,0,0,0,0,0,0,0,94320000,0,0,0,0,0,0,373350000,0,0,282960000,0,0,0,58950000,0,0,0,0,0,0,0,0,0,0,0,0,0,0,0,0,314400000,0,0,499110000,0,0,0,117900000,0,0,0,0,0,78600000,0,0,0,0,0,58950000,0,0,0,0,0,0,0,0,0,0,39300000,0,0,129690000,0,0,52200000,0,0,0,0,0,0,0,0,0,0,0,27510000,0,0,0,0,0,0,0,0,0,0,0,0,0,49681710000,0,0,0,0,0,0,0,0,0,0,0,0,0,0,0,271170000,0,0,0,0,954990000,0,0,0,0,0,0,0,0,0,3930000,0,0,0,27510000,1558890000,0,0,255450000,0,0,0,47160000,0,0,0,0,0,0,0,0,0
"ECU",0,0,0,39150000,0,9804380000,4732190000,0,0,0,0,0,0,0,1722140000,0,663540000,0,0,0,0,0,0,0,0,939570000,0,0,0,0,19606190000,287920000,44332130000,0,0,0,377600000,383940000,0,0,0,3930000,0,0,0,0,0,0,0,0,0,0,4140000,13515930000,0,0,0,0,0,102799640000,0,0,0,0,0,0,995410000,0,0,0,455400000,0,0,0,0,1738800000,0,0,0,0,0,38858800000,0,0,208800000,3.2624e+10,0,0,0,0,5220000,6.21e+08,0,0,0,0,0,0,0,103500000,0,0,0,517500000,0,0,0,0,0,78540120000,0,0,0,0,0,0,163349360000,0,0,0,0,0,0,0,0,0,0,127050000,7110000,0,0,6985770000,0,0,0,0,0,0,0,0,0,0,0,0,0,0,0,39300000,0,0,0,0,0,698560000,0,19080000,10603960000,0,0,0,3930000,1767780000,0,0,0,0,0,0,0,0,0,0,0,0,0,0,3445890000,27270000,415957190000,0,1699570000,0,503190000,0,0,0,0,0,34882620000,2.07e+08,0,0,0,0,0
"EGY",0,31440000,0,0,0,0,0,0,0,0,0,0,0,0,0,0,0,0,0,0,0,0,0,0,0,0,0,0,0,0,0,0,0,0,0,0,0,0,0,0,62880000,0,0,0,0,0,0,0,0,0,0,0,0,0,0,15720000,0,0,0,0,0,0,0,0,0,0,0,0,0,0,0,0,0,0,0,180780000,0,0,204360000,0,0,23580000,0,0,0,0,1788150000,0,121830000,0,0,0,6540000,0,0,3002520000,0,0,927480000,0,0,0,0,0,0,0,0,0,0,0,0,1123980000,0,0,0,0,0,0,0,0,0,0,0,196500000,19650000,0,0,0,0,0,0,0,0,0,0,0,0,805650000,35370000,0,0,0,0,0,0,0,0,8614560000,0,0,0,0,0,0,0,0,0,0,0,0,0,0,797790000,0,0,0,0,0,0,0,0,0,0,125760000,0,0,7860000,0,1.23e+08,0,0,0,0,0,35370000,1114800000,0,0,0,0,0,0,0,0,208290000
"SLV",0,0,0,0,0,0,0,0,0,0,0,0,0,0,0,0,0,0,23580000,0,0,0,0,0,0,0,0,0,0,0,0,0,0,0,0,0,947130000,0,0,0,0,0,0,337980000,0,39300000,0,0,0,0,0,0,0,0,0,0,0,0,0,0,0,0,0,0,0,0,5.403e+09,0,0,0,4594170000,0,0,0,0,0,0,0,0,0,0,0,0,0,0,0,0,0,0,0,0,0,0,0,0,0,0,0,0,0,0,0,0,0,0,0,0,0,0,10440000,0,0,0,0,0,0,0,0,0,0,0,0,5457390000,0,0,0,0,290550000,0,0,0,0,0,0,0,0,0,0,0,0,0,0,0,0,0,0,0,0,0,0,0,0,0,0,0,0,0,0,0,0,0,0,0,0,0,0,0,0,0,0,0,0,0,0,0,0,0,0,2529700000,0,0,0,0,0,0,0,0,0,0,0,0,0,0,0,0
"GNQ",0,0,0,0,0,0,0,0,0,0,0,0,0,0,0,0,0,0,0,0,0,0,0,0,0,0,0,0,0,0,0,0,0,0,0,0,0,0,0,0,0,0,0,0,0,0,0,0,0,0,0,0,0,0,0,0,0,0,0,0,0,0,0,0,0,0,0,0,0,0,0,0,0,0,0,0,0,0,0,0,0,0,0,0,0,0,0,0,0,0,0,0,0,0,0,0,0,0,0,0,0,0,0,0,0,0,0,0,0,0,0,0,0,0,0,0,0,0,0,0,0,0,0,0,0,0,0,0,0,0,0,0,0,0,0,0,0,0,0,0,0,0,0,0,0,0,0,0,0,0,0,0,0,0,0,0,0,0,0,0,0,0,0,0,0,0,0,0,0,0,0,0,0,0,0,0,0,0,0,0,0,0,0,0,0,0,0,0,0,0,0,0,0,0,0
"EST",0,0,0,0,0,0,0,0,0,0,0,0,0,0,0,0,0,0,0,0,0,102260000,0,0,0,0,0,0,0,0,0,0,0,0,0,0,0,0,0,0,0,0,0,0,89680000,0,0,0,0,0,0,0,1139700000,43230000,0,0,0,0,0,530550000,0,0,0,0,0,0,0,0,0,0,0,0,0,0,0,0,0,0,0,0,7860000,0,0,0,0,0,0,0,0,0,0,0,0,5113990000,0,0,0,0,0,2870160000,0,0,0,0,0,0,0,0,0,0,0,0,0,0,0,0,0,0,0,0,0,0,0,0,0,220080000,0,0,977040000,0,0,0,0,0,0,0,0,0,0,0,0,0,8043230000,0,0,0,0,0,0,0,0,0,0,0,0,0,0,0,0,0,23580000,0,0,0,0,0,0,0,0,0,0,0,0,0,0,0,0,306800000,3930000,0,0,0,0,0,0,0,0,0,0,0,0,0,0,0,0
"FRO",0,0,0,0,0,0,0,0,0,0,0,0,0,0,0,0,0,0,0,0,0,0,0,0,0,0,0,0,0,0,0,0,0,0,0,0,0,0,0,0,0,0,0,0,0,0,0,0,0,0,0,0,0,0,0,0,0,0,0,0,0,0,0,0,0,0,0,0,0,0,0,0,0,0,0,0,0,0,0,0,0,0,0,0,0,0,0,0,0,0,0,0,0,0,0,0,0,0,0,0,0,0,0,0,0,0,0,0,0,0,0,0,0,0,0,0,0,0,0,0,0,0,0,0,0,0,0,0,0,0,0,0,0,0,0,0,0,0,0,0,0,0,0,0,0,0,0,0,0,0,0,0,0,0,0,0,0,0,0,0,0,0,0,0,0,0,0,0,0,0,0,0,0,0,0,0,0,0,0,0,0,0,0,0,0,0,0,0,0,0,0,0,0,0,0
"FJI",0,0,0,0,0,0,32910000,0,0,0,0,0,0,0,0,0,0,0,0,3930000,0,0,0,0,0,55020000,0,0,0,0,0,0,0,0,0,0,0,0,0,0,0,0,0,0,0,0,0,0,0,0,0,0,0,0,0,0,0,0,0,0,0,0,0,0,0,0,0,0,0,0,0,0,0,0,0,0,0,0,0,0,0,0,0,0,0,0,0,0,0,0,0,0,0,0,0,0,0,0,0,0,0,0,0,0,0,0,0,0,0,0,0,0,0,0,0,0,0,0,0,0,6540000,3930000,0,0,0,0,0,0,0,0,0,0,0,0,0,0,0,0,0,0,0,0,0,0,0,0,0,0,0,0,0,0,0,0,0,0,0,0,0,0,0,0,0,0,0,0,0,0,0,0,0,0,0,0,0,44490000,0,0,89280000,0,0,0,0,0,0,0,0,0,0,0,0,0,0,0,0
"FIN",0,0,0,0,0,0,3930000,82530000,0,0,0,0,0,0,0,0,0,0,0,0,0,31440000,0,0,0,39300000,0,0,0,0,0,0,0,0,0,0,0,0,3930000,330120000,0,9286590000,0,0,0,0,0,0,0,11685090000,0,0,0,121830000,0,0,0,0,0,3678480000,3930000,0,0,3930000,0,0,0,0,0,0,0,0,78600000,0,78600000,0,275100000,0,0,0,55020000,39300000,0,314400000,0,7345170000,0,0,0,0,0,2067180000,0,2212590000,0,0,0,0,0,1100400000,0,0,0,0,0,0,0,0,0,0,0,0,0,7860000,0,0,551490000,0,0,0,0,0,0,0,0,3332640000,0,0,1725270000,0,0,0,0,4271910000,0,0,0,0,0,0,133620000,0,5890320000,0,0,0,0,0,0,0,0,0,39300000,66810000,0,0,337980000,0,0,0,44739120000,3930000,0,0,0,0,0,0,0,0,0,3930000,0,0,0,0,569850000,200430000,47160000,0,7860000,0,0,0,0,0,0,0,3930000,0,0,0,0,0,0
"FRA",307710000,0,0,8114640000,0,196500000,17858960000,17426200000,0,82530000,52230000,0,0,0,0,0,2124840000,0,0,0,0,7413870000,0,0,695610000,37007060000,7860000,7860000,0,47160000,824850000,5054700000,381210000,39300000,267240000,0,0,107770000,1334270000,23580000,125760000,11974140000,0,19650000,27510000,0,1953720000,0,11790000,1408140000,0,0,21561450000,0,3413700000,538410000,70740000,1536630000,7860000,486695730000,0,39300000,0,26463980000,0,0,0,15720000,0,3930000,0,3721530000,6126010000,17461410000,4982350000,1793670000,3708660000,3601830000,0,8720710000,3797430000,308349840000,1100400000,7860000,0,47073030000,246990000,0,0,9150000,0,24115980000,1517070000,746700000,0,5137650000,0,0,279030000,2149710000,31440000,723720000,0,854940000,3930000,184710000,698040000,74670000,1148670000,2168580000,62880000,5134740000,0,108330000,0,3930000,373646640000,0,2453660000,0,27510000,942180000,0,117870000,400860000,31841580000,139630000,78600000,21217320000,0,5220000,30090000,1716600000,86127270000,41705700000,0,0,0,491220000,0,3819540000,3930000,11590290000,0,23580000,0,0,3058200000,1757970000,6540000,0,2380900000,7008420000,1223220000,0,2162760000,425494850000,0,0,0,3.1439e+10,189574440000,2767790000,104400000,8701890000,0,2435540000,129690000,0,900540000,353700000,2808780000,16815260000,3616110000,7860000,0,531314880000,4297920000,82678040000,123060000,62880000,0,3930000,74670000,0,0,66810000,0,776116630000,11769940000,12549630000,0,0,0,0
"PYF",0,0,0,0,0,0,0,0,0,0,0,0,0,0,0,0,0,0,0,0,0,0,0,0,0,0,0,0,0,0,0,0,0,0,0,0,0,0,0,0,0,0,0,0,0,0,0,0,0,0,0,0,0,0,0,0,0,0,0,0,0,0,0,0,0,0,0,0,0,0,0,0,0,0,0,0,0,0,0,0,0,0,0,0,0,3930000,0,0,0,0,0,0,0,0,0,0,0,0,0,0,0,0,0,0,0,0,0,0,0,0,0,0,0,0,0,0,0,0,0,0,0,0,0,0,0,0,0,0,0,0,0,0,0,0,0,0,0,0,0,0,0,0,0,0,0,0,0,0,0,0,0,0,0,0,0,0,0,0,0,0,0,0,0,0,0,0,0,0,0,0,0,0,0,0,0,0,0,0,0,0,0,0,0,0,0,0,0,0,0,0,0,0,0,0,0
"DJI",0,0,0,0,0,0,0,0,0,0,0,0,0,0,0,0,0,0,0,0,0,0,0,0,0,0,0,0,0,0,0,0,0,0,0,0,0,0,0,0,0,0,0,0,0,0,0,0,0,0,0,0,0,0,0,0,0,0,0,0,0,0,0,0,0,0,0,0,0,0,0,0,0,0,0,0,0,0,0,0,0,0,0,0,0,0,0,0,0,0,0,0,0,0,0,0,0,0,0,0,0,0,0,0,0,0,0,0,0,0,0,0,0,0,0,0,0,0,0,0,0,0,0,0,0,0,0,0,0,0,0,0,0,0,0,0,0,0,0,0,0,0,0,0,0,0,0,0,0,0,0,0,0,0,0,0,0,0,0,0,0,0,0,0,0,0,0,0,0,0,0,0,0,0,0,0,0,0,0,0,0,0,0,0,0,0,0,0,0,0,0,0,0,0,0
"GEO",0,0,0,0,0,0,0,0,0,0,0,0,0,0,0,0,0,0,0,0,0,0,0,0,0,0,0,0,0,0,0,0,0,0,0,0,0,0,0,78600000,0,0,0,0,0,0,0,0,0,0,0,0,0,0,0,0,0,0,0,3930000,0,0,0,0,0,0,0,0,0,0,0,0,0,0,0,0,0,0,0,0,0,0,0,0,0,0,0,0,0,0,0,0,0,0,0,0,0,0,0,0,0,0,0,0,0,0,0,0,0,0,0,0,0,39300000,0,0,0,0,0,0,0,0,0,0,0,0,0,0,0,0,0,0,0,0,0,0,0,0,0,0,0,0,0,0,0,0,0,0,0,0,0,0,117900000,0,0,0,0,0,0,0,0,0,0,0,0,0,0,0,0,0,0,0,133620000,0,0,0,0,0,0,0,0,0,0,0,0,0,0,0,0,0,0,0,0,0,0
"GAB",0,0,0,0,0,0,0,0,0,0,0,0,0,0,0,0,0,0,0,0,0,0,0,0,0,0,0,0,0,0,0,0,0,0,0,0,0,0,0,0,0,0,0,0,0,0,0,0,0,0,0,0,0,0,0,0,0,0,0,0,0,0,0,0,0,0,0,0,0,0,0,0,0,0,0,0,0,0,0,0,0,0,0,0,0,0,0,0,0,0,0,0,0,0,0,0,0,0,0,0,0,0,0,0,0,0,0,0,0,0,0,0,0,0,0,0,0,0,0,0,0,0,0,0,0,0,0,0,0,0,0,0,0,0,0,0,0,0,0,0,0,0,0,0,0,0,0,0,0,0,0,0,0,0,0,0,0,0,0,0,0,0,0,0,0,0,0,0,0,0,0,0,0,0,0,0,0,0,0,0,0,0,0,0,0,0,0,0,0,0,0,0,0,0,0
"GMB",0,0,0,0,0,0,0,0,0,0,0,0,0,0,0,0,0,0,0,0,0,0,0,0,0,0,0,0,0,0,0,0,0,0,0,0,0,0,0,0,0,0,0,0,0,0,0,0,0,0,0,0,0,0,0,0,0,0,0,0,0,0,0,0,0,0,0,0,0,0,0,0,0,0,0,0,0,0,0,0,0,0,0,0,0,0,0,0,0,0,0,0,0,0,0,0,0,0,0,0,0,0,0,0,0,0,0,0,0,0,0,0,0,0,0,0,0,0,0,0,0,0,0,0,0,0,0,0,0,0,0,0,0,0,0,0,0,0,0,0,0,0,0,0,0,0,0,0,0,0,0,0,0,0,0,0,0,0,0,0,0,0,0,0,0,0,0,0,0,0,0,0,0,0,0,0,0,0,0,0,0,0,0,0,0,0,0,0,7860000,0,0,0,0,0,0
"DEU",892110000,558060000,1863930000,9950280000,0,1126590000,61389100000,457601500000,7860000,386400000,0,0,0,0,43230000,0,20497890000,0,0,0,141480000,25814260000,0,0,82530000,47043210000,0,0,11790000,106110000,4220580000,6635090000,357630000,0,9150000,0,227940000,3930000,3312990000,1134450000,0,130720420000,0,369420000,9271150000,235800000,4992770000,3930000,0,7565800000,31440000,0,69585550000,992602830000,231870000,15720000,2837460000,0,0,0,5942340000,7860000,0,77193300000,0,0,357630000,11790000,0,53700000,0,4984890000,137370400000,31550250000,834360000,616980000,6387390000,12536490000,881580000,38725900000,23790710000,419700780000,26190000,8243820000,0,7981380000,500220000,856740000,35370000,0,11790000,2765400000,2549160000,9666840000,0,3272110000,0,480750000,1501260000,20754360000,829230000,0,0,21211680000,184710000,19650000,1344060000,0,1289040000,4482090000,3442680000,1847070000,0,467670000,353700000,204360000,434231050000,0,62880000,2188470000,0,3568770000,133620000,0,224010000,47557050000,235800000,145410000,170220120000,0,66810000,188640000,2826930000,447715460000,55488700000,0,0,0,537060000,0,71647150000,0,197509430000,113970000,0,0,3930000,8860830000,149340000,23580000,86460000,34363380000,86258200000,4733050000,0,4081350000,238378940000,279030000,98250000,0,119437840000,116103680000,1264920000,35370000,2322600000,0,2143050000,0,0,212220000,170280000,291720000,33275010000,6333690000,0,0,533719910000,74908780000,120207040000,0,275100000,188430000,110040000,758490000,123120000,464940000,11790000,0,320964370000,9377990000,12243060000,1399080000,0,0,122760000
"BIH",0,0,0,0,0,0,3930000,0,0,0,0,0,0,0,0,0,0,0,0,0,0,0,0,0,0,0,0,0,0,0,0,0,0,0,0,0,0,0,0,0,0,0,0,0,0,0,0,0,0,0,0,0,0,0,0,0,0,0,0,0,0,0,0,0,0,0,0,0,0,0,0,0,0,9731820000,0,0,0,0,0,0,0,0,0,0,0,0,0,0,0,0,0,0,0,0,0,0,0,0,0,0,0,0,0,0,0,0,0,0,0,0,0,0,0,0,0,0,49680000,0,0,66810000,0,0,0,0,0,0,0,0,6794970000,0,0,0,0,0,0,0,0,0,0,0,0,0,0,0,0,0,0,0,0,0,0,90390000,632730000,0,0,0,0,0,0,0,0,11790000,0,0,0,0,0,0,0,0,0,0,0,0,0,0,0,0,0,0,0,0,0,0,0,0,0,0,0,0,7266540000,996900000,0,0,0
"GHA",0,0,0,0,0,0,0,0,0,0,0,0,0,0,0,0,2.8224e+10,0,0,0,0,10088550000,0,0,133620000,697530000,0,0,0,0,0,124907100000,0,0,11790000,0,0,0,0,0,686400000,0,0,0,0,0,0,0,0,137817200000,0,0,0,161633760000,0,0,0,224010000,15720000,95730150000,0,0,0,0,0,0,0,70740000,0,0,0,0,0,2633400000,0,30739500000,30325500000,2.7945e+10,0,49822200000,2206620000,111221820000,6700650000,0,0,193177980000,0,0,0,0,0,3829500000,0,0,0,0,0,47160000,0,0,0,0,0,3.36186e+11,0,0,0,0,0,0,0,0,0,0,0,0,1441721550000,0,0,0,0,1.449e+09,0,121830000,3546780000,0,0,0,0,0,0,0,0,0,0,0,0,0,0,0,0,0,0,0,0,0,0,0,39300000,0,31440000,0,0,1.3869e+10,0,188800000,133156260000,0,0,0,0,1.035e+09,0,0,0,0,3.2706e+10,764670000,0,0,0,0,169413300000,8280000,0,0,441089170000,0,115388190000,187230000,5.22e+08,0,0,0,0,0,0,0,90885420000,0,0,0,0,0,0
"KIR",0,0,0,0,0,0,0,0,0,0,0,0,0,0,0,0,0,0,0,0,0,0,0,0,0,0,0,0,0,0,0,0,0,0,0,0,0,0,0,0,0,0,0,0,0,0,0,0,0,0,0,0,0,0,0,0,0,0,0,0,0,0,0,0,0,0,0,0,0,0,0,0,0,0,0,0,0,0,0,0,0,0,0,0,0,0,0,0,0,0,0,0,0,0,0,0,0,0,0,0,0,0,0,0,0,0,0,0,0,0,0,0,0,0,0,0,0,0,0,0,0,0,0,0,0,0,0,0,0,0,0,0,0,0,0,0,0,0,0,0,0,0,0,0,0,0,0,0,0,0,0,0,0,0,0,0,0,0,0,0,0,0,0,0,0,0,0,0,0,0,0,0,0,0,0,0,0,0,0,0,0,0,0,0,0,0,0,0,0,0,0,0,0,0,0
"GRC",51090000,0,3955170000,381210000,0,0,86460000,82530000,3930000,82530000,0,31440000,0,0,0,0,0,0,0,0,0,2171950000,0,0,0,103320000,0,0,0,0,0,70740000,0,0,0,0,0,0,4105760000,0,0,106110000,0,0,0,23580000,2071110000,0,0,0,0,0,82530000,377280000,0,0,0,0,0,308460000,0,62880000,0,0,0,0,0,0,0,0,0,27510000,298680000,7860000,0,70740000,0,0,3930000,0,597360000,746700000,947130000,3930000,0,117900000,51090000,47160000,0,0,0,141480000,157200000,27510000,0,2754930000,0,0,286890000,306540000,0,0,0,0,0,0,39300000,1281180000,23580000,0,0,227940000,0,0,0,0,1270340000,0,0,4306740000,0,55020000,0,0,0,0,0,0,322260000,0,0,0,0,27510000,168990000,0,0,0,117900000,0,1734750000,0,39300000,0,0,0,0,703470000,0,0,0,51090000,314400000,15720000,0,3930000,526620000,125760000,0,0,149340000,0,70740000,0,0,86460000,0,0,0,0,31440000,0,766230000,1163280000,0,0,153270000,0,271170000,0,0,0,0,0,196500000,90390000,0,0,841020000,0,428370000,0,0,0,0
"GRL",0,0,0,0,0,0,0,0,0,0,0,0,0,0,0,0,0,0,0,0,0,0,0,0,0,0,0,0,0,0,0,0,0,0,0,0,0,0,0,0,0,0,0,0,0,0,0,0,0,0,0,0,0,0,0,0,0,0,0,0,0,0,0,0,0,0,0,0,0,0,0,0,0,0,0,0,0,0,0,0,0,0,0,0,0,0,0,0,0,0,0,0,0,0,0,0,0,0,0,0,0,0,0,0,0,0,0,0,0,0,0,0,0,0,0,0,0,0,0,0,0,0,0,0,0,0,0,0,0,0,0,0,0,0,0,0,0,0,0,0,0,0,0,0,0,0,0,0,0,0,0,0,0,0,0,0,0,0,0,0,0,0,0,0,0,0,0,0,0,0,0,0,0,0,0,0,0,0,0,0,0,0,0,0,0,0,0,0,0,0,0,0,0,0,0
"GRD",0,0,0,0,0,0,0,0,0,0,0,0,0,0,0,0,0,0,0,0,0,0,0,0,0,0,0,0,0,0,0,0,0,0,0,0,0,0,0,0,0,0,0,0,0,0,0,0,0,0,0,0,0,0,0,0,0,0,0,0,0,0,0,0,0,0,0,0,0,0,0,0,0,0,0,0,0,0,0,0,0,0,0,0,0,0,0,0,0,0,0,0,0,0,0,0,0,0,0,0,0,0,0,0,0,0,0,0,0,0,0,0,0,0,0,0,0,0,0,0,0,0,0,0,0,0,0,0,0,0,0,0,0,0,0,0,0,0,0,0,0,0,0,0,0,0,0,0,0,0,0,0,0,0,0,0,0,0,0,0,0,0,0,0,0,0,0,0,0,0,0,0,0,0,0,0,0,0,0,0,0,0,0,0,0,0,0,0,0,0,0,0,0,0,0
"GTM",0,0,0,0,0,0,0,0,0,0,0,0,0,0,0,0,0,0,0,0,0,0,0,0,0,0,0,0,0,0,0,0,0,0,0,0,0,0,0,0,0,0,0,0,0,0,0,0,0,0,0,0,0,0,0,0,0,0,0,0,0,0,0,0,0,0,0,0,0,0,0,0,0,0,0,0,0,0,0,0,0,0,0,0,0,0,0,0,0,0,0,0,0,0,0,0,0,0,0,0,0,0,0,0,0,0,0,0,0,0,0,0,0,0,0,0,0,0,0,0,0,0,0,0,0,0,0,0,0,0,0,0,0,0,0,0,0,0,0,0,0,0,0,0,0,0,0,0,0,0,0,0,0,0,0,0,0,0,0,0,0,0,0,0,0,0,0,0,0,0,0,0,0,0,0,0,0,0,0,0,0,0,0,0,0,0,0,0,0,0,0,0,0,0,0
"GIN",0,0,0,0,0,0,0,0,0,0,0,0,0,0,0,0,0,0,0,0,0,0,0,0,0,0,0,0,0,0,0,0,0,0,0,0,0,0,0,0,0,0,0,0,0,0,0,0,0,0,0,0,0,38228760000,0,0,0,0,0,1200600000,0,0,0,0,0,0,0,0,0,0,0,0,0,0,0,0,0,0,0,0,0,0,0,0,0,0,0,0,0,0,0,0,0,0,0,0,0,0,0,0,0,0,0,0,0,0,0,0,0,0,0,467820000,0,0,0,0,0,0,0,0,0,0,0,0,0,0,0,0,0,0,0,0,0,0,0,0,0,0,0,0,0,0,0,0,0,0,0,0,0,0,0,0,0,0,0,0,4632660000,0,0,0,0,0,0,0,0,0,0,0,0,0,0,0,0,0,0,0,0,0,0,0,0,0,0,0,0,0,0,0,0,0,0,0,0,0,0
"GUY",0,0,0,0,28440000,0,0,0,0,0,0,0,0,0,0,0,0,0,0,0,0,0,0,0,0,0,0,0,0,0,0,0,0,0,0,0,0,0,0,0,0,0,0,0,0,0,0,0,0,0,0,0,0,0,0,0,0,0,0,0,0,0,0,0,0,0,0,0,0,0,0,0,0,0,0,0,0,0,0,0,0,0,0,0,0,0,0,0,0,0,0,0,0,0,0,0,0,0,0,0,0,0,0,0,0,0,0,0,0,0,0,0,0,0,0,0,0,0,0,0,0,0,0,0,0,0,0,0,0,0,0,0,0,0,0,0,0,0,0,0,0,0,0,0,0,0,0,0,0,0,0,0,0,0,0,0,0,0,0,0,0,0,0,0,0,0,0,0,0,0,0,0,0,0,0,0,0,0,0,0,0,0,0,0,0,0,0,0,0,0,0,0,0,0,0
"HTI",0,0,0,0,0,0,0,0,0,0,0,0,0,0,0,0,0,0,0,0,0,0,0,0,0,0,0,0,0,0,0,0,0,0,0,0,0,0,0,0,0,0,0,0,0,0,0,0,0,0,0,0,0,0,0,0,0,0,0,0,0,0,0,0,0,0,0,0,0,0,0,0,0,0,0,0,0,0,0,0,0,0,0,0,0,0,0,0,0,0,0,0,0,0,0,0,0,0,0,0,0,0,0,0,0,0,0,0,0,0,0,0,0,0,0,0,0,0,0,0,0,0,0,0,0,0,0,0,0,0,0,0,0,0,0,0,0,0,0,0,0,0,0,0,0,0,0,0,0,0,0,0,0,0,0,0,0,0,0,0,0,0,0,0,0,0,0,0,0,0,0,0,0,0,0,0,0,0,0,0,0,0,0,0,0,0,0,0,0,0,0,0,0,0,0
"HND",0,0,0,0,0,0,0,0,0,0,0,0,0,0,0,0,0,0,0,0,0,0,0,0,0,0,0,0,0,0,0,0,0,0,0,0,2140190000,0,0,0,0,0,0,0,0,0,0,648220000,0,0,0,0,0,0,0,0,0,0,0,0,0,0,0,0,0,0,630450000,0,0,0,0,0,0,0,0,0,0,0,0,0,0,0,0,0,0,0,0,0,0,0,0,0,0,0,0,0,0,0,0,0,0,0,0,0,0,0,0,0,0,0,0,0,0,0,0,0,440820000,0,0,0,0,0,52200000,0,0,0,0,82800000,0,0,0,0,0,0,0,0,0,0,0,0,0,0,0,0,0,0,0,0,0,0,0,0,0,0,0,0,0,0,0,0,0,0,0,0,0,0,0,0,0,0,0,0,0,0,0,0,0,0,565020000,0,0,0,0,0,0,0,0,0,0,0,0,0,0,0,0
"HKG",0,0,0,0,0,0,2503410000,0,0,0,0,0,0,0,0,0,11790000,0,0,0,0,0,0,0,0,471600000,0,0,0,0,0,18893290000,0,0,0,0,0,0,0,0,0,110040000,0,0,0,0,0,0,0,0,0,0,0,90390000,0,0,0,0,0,15720000,0,0,0,0,0,0,0,0,0,0,0,0,0,0,0,0,15720000,0,0,0,0,0,0,0,0,1426590000,0,0,0,0,224010000,1957140000,0,0,0,19650000,0,0,0,0,13841400000,0,0,27510000,0,0,0,0,0,0,0,0,0,0,0,0,0,0,0,0,0,47160000,0,0,0,0,0,0,0,0,0,0,2739930000,0,0,0,0,0,0,0,0,0,0,0,0,0,0,0,0,0,0,0,0,1163280000,0,90390000,0,0,0,0,3930000,0,0,0,2582010000,0,55020000,0,0,0,0,0,0,0,0,0,546270000,0,5761350000,0,0,0,0,0,0,0,0,0,0,0,0,0,0,0,0
"HUN",19650000,0,176850000,43230000,0,0,672030000,8942100000,0,0,0,0,0,0,0,0,62880000,0,0,0,0,3046680000,0,0,0,125760000,0,0,0,0,129690000,78600000,11790000,0,0,0,0,0,11790000,43230000,0,275100000,0,0,31440000,0,0,0,0,1528770000,0,0,503040000,74670000,0,0,26190000,0,0,8744400000,927480000,0,0,129690000,0,0,0,0,0,0,0,0,0,8045970000,11790000,0,91350000,0,0,23580000,381210000,860670000,0,55020000,0,35370000,11790000,0,0,0,0,0,0,467670000,0,0,0,0,0,5006820000,0,55020000,0,0,0,0,78600000,0,180780000,23580000,2181150000,15720000,0,102180000,0,15720000,4232610000,0,0,227940000,0,27510000,0,0,0,15720000,0,0,29503590000,0,0,0,0,11593500000,168990000,0,0,0,0,0,25130250000,0,683700000,0,0,0,0,0,0,0,0,695580000,27863040000,11790000,0,0,412650000,0,0,0,6167250000,554130000,0,0,0,0,0,0,0,0,0,3930000,0,3930000,0,0,1108260000,224010000,636660000,0,58950000,0,0,0,0,0,0,0,408720000,0,4059540000,243660000,0,0,0
"HRV",0,0,74670000,0,0,0,624870000,7848210000,0,0,0,0,0,0,0,0,0,0,0,0,0,31440000,0,0,0,573780000,0,0,0,0,0,0,0,0,0,0,0,0,0,43230000,0,0,0,0,0,0,23580000,0,0,0,0,0,0,66810000,0,0,66810000,0,0,429600000,35308890000,0,0,0,0,0,0,0,0,0,0,0,485970000,0,0,0,0,0,0,0,27510000,86460000,0,0,0,23580000,636660000,0,0,0,0,0,0,0,0,0,0,0,3930000,3930000,0,0,0,0,0,0,365490000,0,0,0,0,0,0,0,0,0,162060000,0,0,6222030000,0,0,0,0,0,3930000,0,0,2538780000,0,0,0,0,3930000,0,0,0,0,0,0,400860000,0,110040000,0,0,0,0,0,0,0,0,9767040000,1493400000,0,0,0,15720000,0,0,0,196500000,227940000,0,0,0,0,0,0,0,0,0,0,3930000,0,0,0,51090000,0,2415600000,0,0,0,0,0,0,0,0,0,90390000,0,12686010000,2811240000,0,0,0
"ISL",0,0,0,0,0,0,0,0,0,0,0,0,0,0,0,0,0,0,0,0,0,0,0,0,0,0,0,0,0,0,0,0,0,0,0,0,0,0,0,0,0,153270000,0,0,0,0,0,0,0,0,102180000,0,3930000,0,0,0,0,0,0,0,0,0,0,0,0,0,0,0,0,0,0,0,0,0,0,0,0,0,0,0,0,0,0,0,0,0,0,0,0,0,0,0,0,0,0,0,0,0,0,0,0,0,0,0,0,0,0,0,0,0,0,0,0,0,0,0,15720000,0,0,0,0,0,0,0,0,196500000,0,0,0,0,0,0,0,0,0,0,0,0,0,0,0,0,0,0,0,0,0,0,0,0,0,0,0,0,0,0,0,0,0,0,39300000,0,0,0,0,0,0,0,0,0,0,0,0,3930000,0,0,0,0,239730000,0,0,0,0,0,0,0,0,0,0,3930000,0,0,0,0,0
"IND",0,39300000,0,0,0,0,1269390000,0,0,175530000,0,1748850000,0,263310000,0,0,0,0,0,0,31440000,0,31440000,0,626130000,145410000,0,0,2629290000,0,0,589500000,0,0,255450000,0,0,0,0,0,3379800000,0,0,0,0,0,0,0,0,0,0,110040000,0,12210000,0,0,0,0,149340000,365310000,0,844950000,0,0,0,0,0,373350000,0,62880000,0,102180000,0,0,0,0,0,0,0,0,23580000,3930000,184710000,0,0,845910000,0,0,112650000,0,0,0,62880000,0,0,0,0,94320000,117900000,0,0,153270000,0,1151490000,137550000,0,0,0,7860000,0,0,0,45840000,0,408720000,9486180000,4624500000,0,0,0,0,47160000,23580000,0,3100770000,7860000,0,0,0,0,0,3930000,306540000,0,0,0,0,0,132210000,11790000,0,0,271500000,0,0,0,0,259380000,1006080000,94320000,165060000,287400000,0,365340000,0,341910000,0,0,0,3930000,0,95220000,0,19650000,7860000,7860000,39300000,3493770000,0,7860000,204360000,0,0,686400000,86460000,0,1482390000,0,11712840000,0,0,39300000,0,0,0,86460000,0,19650000,0,0,0,0,0,0,0
"IDN",79710000,0,39150000,291870000,0,2492550000,96846590000,0,0,1300830000,0,656240000,0,0,0,0,310138200000,0,0,117900000,730980000,882180000,35370000,0,307260000,7.677e+10,0,0,1103490000,0,1634940000,124817940000,2975400000,0,0,15720000,317790000,0,0,0,376530000,391050000,0,0,0,5.22e+08,6586470000,0,0,16694730000,0,542340000,0,146287290000,0,0,0,0,0,45419210000,0,660240000,7860000,160800000,0,0,0,204360000,31440000,0,0,1408770000,482850000,386280000,0,20308970000,0,1195380000,0,0,290040000,2256990000,0,130500000,0,22434320000,78600000,0,2433360000,11790000,5220000,7040450000,1963410000,0,0,110040000,0,0,0,2790090000,0,436230000,0,1664426790000,1380660000,192570000,0,357630000,15795870000,11938320000,109620000,0,0,0,5387140000,0,108160080000,0,7860000,0,11790000,10408850000,0,0,35550000,0,3234900000,0,44370000,51090000,0,0,51254490000,310590000,143550000,0,681030000,0,66810000,0,0,0,21412680000,0,0,0,0,1198920000,0,3930000,52230000,36540000,0,426198840000,0,6396120000,71834610000,0,0,0,35370000,1033080000,692190000,0,1619980000,0,80341230000,28440000,691680000,0,322260000,0,3708600000,46463880000,90390000,0,16266330000,2201310000,978353450000,0,2317680000,65250000,0,13868430000,0,2153640000,7860000,0,9706230000,0,0,0,0,0,0
"IRN",0,0,0,0,0,0,0,0,0,0,0,0,0,0,0,0,0,0,0,0,0,0,0,0,0,0,0,0,0,0,0,0,0,0,0,0,0,0,0,0,0,0,0,0,0,0,0,0,0,0,0,0,0,0,0,0,0,0,0,0,0,0,0,0,0,0,0,0,0,0,0,0,0,0,0,0,0,0,0,0,0,0,0,0,0,0,0,0,0,0,0,0,0,0,0,0,0,0,0,0,0,0,0,0,0,0,0,0,0,0,0,0,0,0,0,0,0,0,0,0,0,0,0,0,0,0,0,0,0,0,0,0,0,0,0,0,0,0,0,0,0,0,0,0,0,0,0,0,0,0,0,0,0,0,0,0,0,0,0,0,0,0,0,0,0,0,0,0,0,0,0,0,0,0,0,0,0,0,0,0,0,0,0,0,0,0,0,0,0,0,0,0,0,0,0
"IRQ",0,0,0,0,0,0,0,0,0,0,0,0,0,0,0,0,0,0,0,0,0,0,0,0,0,0,0,0,0,0,0,0,0,0,0,0,0,0,0,0,0,0,0,0,0,0,0,0,0,0,0,0,0,0,0,0,0,0,0,0,0,0,0,0,0,0,0,0,0,0,0,0,0,0,0,0,0,0,0,0,0,0,0,0,0,0,0,0,0,0,0,0,0,0,0,0,0,0,0,0,0,0,0,0,0,0,0,0,0,0,0,0,0,0,0,0,0,0,0,0,0,0,0,0,0,0,0,0,0,0,0,0,0,0,0,0,0,0,0,0,0,0,0,0,0,0,0,0,0,0,0,0,0,0,0,0,0,0,0,0,0,0,0,0,0,0,0,0,0,0,0,0,0,0,0,0,0,0,0,0,0,0,0,0,0,0,0,0,0,0,0,0,0,0,0
"IRL",0,0,0,0,15720000,0,691680000,0,0,82530000,11790000,0,0,0,0,0,0,0,0,0,0,0,0,0,0,43960980000,0,0,0,0,0,3930000,137550000,0,0,0,70740000,0,55020000,0,0,199080000,0,0,0,0,0,0,0,0,7860000,0,0,2.751e+09,90390000,0,0,0,0,2267610000,0,0,0,3930000,0,0,0,0,3930000,0,0,11790000,0,0,0,86460000,47160000,0,0,0,0,39300000,0,0,0,818610000,7860000,0,0,0,0,471600000,0,0,0,3930000,0,0,0,0,0,0,0,0,0,0,35370000,0,0,0,0,0,0,0,0,0,1033200000,0,31440000,0,0,153270000,0,0,0,47160000,11790000,0,7860000,0,0,0,0,0,3.93e+08,0,0,0,0,0,0,0,15720000,0,0,0,0,0,0,0,0,0,0,3930000,0,15720000,58950000,0,0,0,129690000,0,0,0,0,0,0,0,0,0,0,0,78600000,90390000,0,0,254390760000,3930000,53530530000,0,0,0,0,0,0,0,0,0,4201170000,0,0,0,0,0,0
"ISR",0,0,0,0,0,0,820260000,0,0,0,0,0,0,0,0,0,294750000,0,0,0,0,23580000,0,0,0,369420000,0,0,0,0,0,330120000,0,0,0,0,0,0,9150000,0,0,0,0,0,3930000,0,0,0,0,0,0,0,0,422220000,0,0,0,0,0,703470000,0,0,0,3930000,0,0,0,0,0,0,0,0,184710000,0,0,0,0,0,0,7860000,0,7860000,0,7860000,0,11790000,43170000,0,27480000,0,0,0,0,7860000,0,0,0,0,0,0,0,0,0,0,0,0,0,0,0,43230000,0,0,0,0,0,0,51090000,0,0,0,0,0,0,0,0,0,0,0,0,0,0,0,15720000,3930000,0,0,0,0,0,0,3930000,0,172920000,0,0,0,0,0,0,0,0,0,0,19650000,0,224010000,0,0,0,0,0,16140000,0,0,0,0,3930000,0,0,0,0,0,3930000,0,0,0,804330000,7860000,15556350000,0,0,0,0,0,0,0,0,0,603840000,0,0,0,0,0,0
"ITA",4625610000,98250000,2442690000,5479440000,0,8320950000,25577070000,21143370000,0,2183760000,0,86460000,0,0,43230000,15720000,8726940000,0,0,0,0,4299270000,3930000,0,137550000,13428630000,19650000,0,334050000,0,1004760000,24392190000,1380540000,0,82530000,0,34050000,323370000,7404060000,4063620000,0,2299020000,0,311670000,444090000,1426590000,5091690000,3930000,62880000,914160000,0,0,2605590000,273346520000,1493400000,90390000,2436600000,145410000,0,181576180000,1661070000,251520000,0,50863170000,0,0,74670000,0,23580000,0,0,21005820000,22604250000,14126160000,11790000,1932810000,47160000,585570000,133620000,2162760000,19917240000,0,267240000,503040000,0,4608570000,2580690000,208290000,184710000,0,0,5821620000,7918200000,1234020000,0,9758190000,0,0,16178280000,2368470000,0,218760000,0,290820000,78600000,0,6.514e+09,66810000,923550000,10322700000,224010000,3605070000,133620000,216150000,19650000,47160000,28066950000,0,805650000,1431630000,15720000,1068960000,0,0,78600000,1556940000,636660000,11790000,18791930000,0,0,133620000,70740000,42867090000,29671380000,0,0,0,2837460000,0,9045900000,0,29496600000,0,0,0,0,20168760000,636660000,11790000,0,15020880000,2310390000,2605590000,0,4537830000,86046420000,0,0,0,7711950000,41904720000,2424810000,0,8306700000,125760000,483180000,0,0,0,3855330000,1002150000,22802370000,23210580000,3930000,0,100109310000,9343170000,31033570000,0,77850000,852810000,4075410000,19650000,129690000,1854960000,208290000,62880000,123788340000,15590310000,2362740000,572460000,0,0,0
"CIV",0,0,0,20712780000,0,0,34706160000,0,0,0,0,0,0,0,0,0,257871150000,0,0,0,0,8860580000,0,0,0,151276440000,0,0,0,0,0,51385460000,0,0,0,0,0,0,0,0,0,419490000,0,0,0,0,2321230000,0,0,189975860000,0,0,0,939985570000,0,0,0,0,0,643806200000,0,4858770000,0,6049910000,0,0,0,0,0,0,0,3016080000,0,0,10117770000,960480000,48909960000,6528780000,0,0,11064480000,437396720000,0,0,0,22852900000,0,0,0,0,0,94400000,0,3937140000,0,198240000,0,0,297360000,23065420000,0,0,0,137240580000,0,309150000,0,0,0,68595420000,0,2468560000,0,0,0,0,2887815490000,0,0,0,0,127890000,0,0,0,0,0,639900000,3.1152e+10,0,0,0,562860000,242218530000,5538440000,35370000,0,0,0,0,0,0,4324710000,0,0,0,0,698560000,1853070000,0,33930000,0,0,58621500000,0,43264480000,163600080000,0,0,0,498510000,1730880000,2896350000,0,287920000,0,0,108600000,0,0,0,47891610000,275748840000,0,0,0,282987470000,38990990000,1936466050000,546270000,0,0,0,0,0,0,0,0,141568920000,0,0,0,0,0,0
"KAZ",0,102180000,0,0,0,0,0,0,0,0,0,0,0,0,0,0,0,0,0,0,0,0,0,0,0,0,0,0,0,0,0,19650000,0,0,0,0,0,0,0,149340000,0,0,0,0,0,0,0,0,0,0,0,0,0,0,0,0,0,0,0,1328340000,0,47160000,0,0,0,0,0,0,0,0,0,0,0,0,0,0,0,0,0,0,0,0,0,0,0,0,0,9712920000,0,0,0,0,0,0,0,0,0,0,0,0,0,0,0,0,0,0,0,0,0,0,0,0,0,0,0,0,0,0,0,0,0,0,0,0,0,0,0,0,0,0,0,0,0,0,0,0,0,0,0,0,0,0,2200500000,0,0,0,0,0,0,0,0,0,0,0,0,0,0,0,1885080000,0,0,0,0,1006080000,0,0,0,0,0,0,0,0,0,0,0,0,0,1.044e+09,0,0,0,58950000,0,0,0,0,0,0,0,0,0,0,0,0,0
"JAM",0,0,0,0,44490000,0,0,0,0,0,57600000,0,0,0,0,0,0,0,92880000,0,0,0,0,0,0,10470000,0,0,0,0,0,0,0,0,0,0,0,0,0,0,0,0,54960000,24810000,0,0,0,0,0,0,0,0,0,1486260000,0,0,0,0,0,0,0,0,0,0,0,48420000,0,0,40560000,0,0,0,0,0,0,0,0,0,0,0,0,33120000,0,0,0,0,0,0,0,0,0,0,0,0,0,0,0,0,0,0,0,0,0,0,0,0,0,0,0,0,0,0,0,0,0,0,674820000,0,0,0,0,0,0,0,0,0,0,0,0,0,0,0,0,0,0,0,0,0,0,0,0,0,0,2610000,96840000,78540000,0,0,0,0,0,0,0,0,0,0,0,0,0,0,0,1349640000,0,0,0,0,0,0,0,197490000,0,0,0,0,0,0,347790000,0,69750000,0,0,0,0,0,0,0,0,0,103500000,0,0,0,0,0,0
"JPN",0,0,0,0,0,0,102180000,0,0,0,0,33930000,0,0,0,0,149340000,0,0,0,0,0,0,0,0,188640000,0,0,0,0,0,4751220000,0,0,0,0,0,0,0,0,0,0,0,0,0,0,0,0,0,0,0,0,0,3930000,3930000,0,0,0,0,4671990000,0,0,0,0,0,0,0,0,0,0,0,8606700000,0,0,0,5220000,382170000,0,0,0,0,0,0,0,0,0,0,0,0,0,55020000,3244830000,0,0,0,0,0,0,0,0,39300000,0,0,1166540000,0,0,0,0,0,0,27510000,0,0,0,0,0,238920000,0,0,0,0,11790000,0,0,0,0,0,0,0,0,0,0,1815660000,0,0,0,0,0,0,0,0,0,335970000,0,0,0,0,0,0,0,0,0,0,2425530000,0,0,660090000,0,0,0,0,0,0,0,8898960000,0,990360000,0,0,0,0,0,0,0,0,0,23580000,0,2014710000,0,0,0,0,121830000,0,0,0,0,0,0,0,0,0,0,0
"JOR",0,0,0,554130000,0,0,0,0,0,145410000,0,0,0,0,0,0,0,0,0,0,0,0,0,0,0,0,0,0,0,0,0,0,0,0,0,0,0,0,3930000,0,0,0,0,0,0,0,11790000,0,0,0,0,0,0,3930000,0,0,0,0,0,0,0,0,0,11790000,0,0,0,0,0,0,0,0,0,0,0,90390000,0,0,3983340000,0,149340000,0,0,0,0,0,0,0,0,0,0,0,196500000,0,0,196500000,0,0,74670000,0,0,0,0,0,0,74670000,0,0,0,0,0,78600000,0,0,0,0,0,0,0,0,0,0,0,0,0,0,0,0,0,0,0,0,0,0,0,0,0,0,82530000,0,0,0,11790000,0,0,0,0,956160000,0,0,0,0,0,0,0,0,0,0,0,0,0,0,550200000,0,0,0,0,0,0,0,243660000,165060000,0,263310000,0,0,0,11790000,23580000,0,0,0,0,0,0,153270000,0,0,0,0,0,0,0,0,951060000
"KGZ",0,0,0,0,0,0,0,0,0,0,0,0,0,0,0,0,0,0,0,0,0,0,0,0,0,0,0,0,0,0,0,0,0,0,0,0,0,0,0,0,0,0,0,0,0,0,0,0,0,0,0,0,0,0,0,0,0,0,0,0,0,0,0,0,0,0,0,0,0,0,0,0,0,0,0,0,0,0,0,0,0,0,0,322260000,0,0,0,0,0,0,0,0,0,0,0,0,0,0,0,0,0,0,0,0,0,0,0,0,0,0,0,0,0,0,0,0,0,0,0,0,0,0,0,0,0,0,0,0,0,0,0,0,0,0,0,0,0,0,0,0,0,0,31440000,0,0,0,0,0,0,0,0,0,0,0,0,0,0,0,11518830000,0,0,0,0,0,0,0,0,0,0,0,0,0,0,0,0,0,0,0,0,0,0,2585940000,0,0,0,0,0,0,0,0,0,0,0,0,0
"KEN",0,0,0,0,0,0,0,0,0,0,0,0,0,0,0,0,0,0,0,0,0,0,0,27510000,3930000,0,0,0,0,0,0,0,0,0,0,0,0,0,0,0,0,0,0,0,0,0,0,0,0,0,0,0,0,0,0,0,0,0,0,0,0,0,0,0,0,0,0,0,0,0,0,0,0,0,0,0,0,0,0,0,0,3930000,0,0,0,0,0,0,0,0,0,0,0,0,0,0,0,0,0,0,0,98250000,550050000,0,0,0,0,0,0,0,0,0,0,0,0,0,0,0,0,0,0,0,0,0,0,0,0,0,0,0,0,0,0,0,0,0,0,0,0,3930000,0,247590000,0,0,0,0,0,0,0,0,7860000,0,0,0,20700000,47160000,0,0,0,0,0,3930000,0,0,0,2098350000,0,0,0,0,0,0,0,0,2359170000,0,0,0,3930000,0,0,0,0,0,19650000,0,675960000,297540000,0,0,0,0,0,0,0
"KHM",0,0,0,0,0,0,0,0,0,0,0,0,0,0,0,0,0,0,0,0,0,0,0,0,0,0,0,0,0,0,0,0,0,0,0,0,0,0,0,0,0,0,0,0,0,0,0,0,0,0,0,0,0,0,0,0,0,0,0,0,0,0,0,0,0,0,0,0,0,0,0,0,0,0,0,0,0,0,0,0,0,0,0,0,0,0,0,0,0,0,0,0,0,0,0,0,0,0,0,0,0,0,0,0,0,0,0,0,0,0,0,0,0,0,0,0,0,0,0,0,0,0,0,0,0,0,0,0,0,0,0,0,0,0,0,0,0,0,0,0,0,0,0,0,0,0,0,0,0,0,0,0,0,0,0,0,0,0,0,0,0,0,0,0,0,0,0,0,0,0,0,0,0,0,0,0,0,0,0,0,0,0,0,0,0,0,0,0,0,0,0,0,0,0,0
"PRK",0,0,0,0,0,0,0,0,0,0,0,0,0,0,0,0,0,0,0,0,0,0,0,0,0,0,0,0,0,0,0,0,0,0,0,0,0,0,0,0,0,0,0,0,0,0,0,0,0,0,0,0,0,0,0,0,0,0,0,0,0,0,0,0,0,0,0,0,0,0,0,0,0,0,0,0,0,0,0,0,0,0,0,0,0,0,0,0,0,0,0,0,0,0,0,0,0,0,0,0,0,0,0,0,0,0,0,0,0,0,0,0,0,0,0,0,0,0,0,0,0,0,0,0,0,0,0,0,0,0,0,0,0,0,0,0,0,0,0,0,0,0,0,0,0,0,0,0,0,0,0,0,0,0,0,0,0,0,0,0,0,0,0,0,0,0,0,0,0,0,0,0,0,0,0,0,0,0,0,0,0,0,0,0,0,0,0,0,0,0,0,0,0,0,0
"KOR",0,0,0,0,0,0,888180000,0,0,0,0,0,0,0,0,0,11790000,0,0,0,0,0,0,0,0,51090000,0,0,0,0,0,2399280000,0,0,0,0,0,0,3930000,0,0,0,0,0,0,0,78600000,0,0,0,0,0,0,39300000,0,0,0,0,0,1080840000,0,0,0,0,0,0,0,0,0,0,0,1587720000,0,0,0,15720000,31440000,0,0,0,149340000,0,0,26190000,0,146457930000,19650000,0,7830000,3930000,0,0,62880000,0,0,0,0,0,0,0,0,0,0,674430000,0,0,0,0,0,954990000,243660000,0,0,0,0,0,1022580000,0,0,0,0,117900000,0,0,0,0,0,0,0,0,7860000,0,145410000,0,0,0,0,0,0,0,0,0,306540000,0,0,0,0,0,0,0,0,0,0,403800000,0,78600000,247590000,0,0,0,0,3930000,0,0,974640000,0,137550000,0,0,0,0,0,19650000,1037520000,0,0,74670000,0,1847100000,0,0,0,0,230550000,0,0,0,0,0,0,0,0,0,0,0
"KWT",0,0,0,0,0,0,0,0,0,15720000,0,0,0,0,0,0,0,0,0,0,0,0,0,0,0,0,0,0,0,0,0,0,0,0,0,0,0,0,0,0,0,0,0,0,0,0,73920000,0,0,0,0,0,0,0,0,0,0,0,0,0,0,0,0,0,0,0,0,0,0,0,0,0,0,0,0,0,0,11790000,0,0,0,0,0,0,0,0,243660000,0,0,0,0,0,0,0,0,94320000,0,0,0,0,0,0,0,0,0,0,0,0,0,0,0,0,0,0,0,0,0,0,0,0,0,0,0,0,0,0,0,0,0,0,0,0,0,0,0,0,0,0,47160000,0,0,0,0,0,0,0,0,290820000,0,0,0,0,0,0,0,0,0,0,0,0,0,0,0,0,0,0,0,0,0,0,94320000,0,0,55020000,0,0,0,0,0,0,0,0,0,0,0,0,0,0,0,0,0,0,0,0,0
"LVA",0,0,0,0,0,0,15720000,0,0,0,0,0,0,0,0,0,0,0,0,0,0,0,0,0,0,43230000,0,0,0,0,0,0,0,0,0,0,0,0,137550000,62880000,0,0,0,0,121830000,0,0,0,0,14107920000,0,0,39300000,0,0,0,98250000,0,0,1340130000,0,0,0,43230000,0,0,0,0,0,0,0,0,0,0,0,0,0,0,0,82530000,640590000,0,0,0,0,0,0,0,0,0,0,0,0,0,0,0,0,0,0,6341400000,0,0,0,0,0,0,0,0,0,0,0,0,0,0,0,0,0,0,0,0,0,307700000,0,0,0,0,0,0,43230000,0,0,0,0,519960000,0,0,0,0,0,0,0,0,5490150000,0,0,0,0,3930000,0,0,0,0,27510000,0,0,0,11790000,0,0,0,0,0,0,0,0,0,0,0,0,0,0,0,0,94320000,0,0,243660000,0,668100000,0,0,0,0,0,0,0,0,0,0,0,0,0,0,0,0
"LAO",0,0,0,0,0,0,0,0,0,0,0,0,0,0,0,0,0,0,0,0,0,0,0,0,0,0,0,0,0,0,0,0,0,0,0,0,0,0,0,0,0,0,0,0,0,0,0,0,0,0,0,0,0,0,0,0,0,0,0,0,0,0,0,0,0,0,0,0,0,0,0,0,0,0,0,0,0,0,0,0,0,0,0,0,0,0,0,0,0,0,0,0,0,0,0,0,0,0,0,0,0,0,0,0,0,0,0,0,0,0,0,0,0,0,0,0,0,0,0,0,0,0,0,0,0,0,0,0,0,0,0,0,0,0,0,0,0,0,0,0,0,0,0,0,0,0,0,0,0,0,0,0,0,0,0,0,0,0,0,0,0,0,0,0,0,0,0,0,0,0,0,0,0,0,0,0,0,0,0,0,0,0,0,0,0,0,0,0,0,0,0,0,0,0,0
"LBN",31440000,0,0,7860000,0,0,78600000,0,0,506220000,0,0,0,0,0,0,7860000,0,0,0,39300000,0,0,0,0,78600000,0,27510000,0,0,0,0,0,0,15720000,0,0,0,31440000,15720000,15720000,15720000,0,0,0,0,458850000,3930000,3930000,396930000,0,0,0,19650000,0,0,0,51090000,11790000,66810000,0,41910000,0,11790000,0,0,0,74670000,0,0,0,43230000,0,0,0,86460000,35370000,0,878790000,0,0,0,271170000,11790000,0,19650000,2443410000,0,0,0,0,0,1210730000,0,0,0,0,43230000,7860000,0,0,3930000,3930000,172920000,0,3930000,0,0,0,0,0,7860000,0,0,0,0,0,0,0,0,0,3930000,0,19650000,85110000,0,0,0,0,0,19650000,0,0,0,0,0,0,0,2733930000,49770000,0,0,0,0,0,0,0,6518770000,11790000,0,15720000,0,7860000,51090000,0,7860000,0,19650000,0,0,137550000,0,1434450000,0,0,3930000,0,15720000,0,0,66810000,7860000,11790000,1743020000,0,0,51090000,19650000,302610000,0,0,0,3930000,0,3930000,3930000,3930000,11790000,0,0,0,0,0,0,0
"LSO",0,0,0,0,0,0,0,0,0,0,0,0,0,0,0,0,0,0,0,0,0,0,0,0,0,0,0,0,0,0,0,0,0,0,0,0,0,0,0,0,0,0,0,0,0,0,0,0,0,0,0,0,0,0,0,0,0,0,0,0,0,0,0,0,0,0,0,0,0,0,0,0,0,0,0,0,0,0,0,0,0,0,0,0,0,0,0,0,0,0,0,0,0,0,0,0,0,0,0,0,0,0,0,0,0,0,0,0,0,0,0,0,0,0,0,0,0,0,0,0,0,0,0,0,0,0,0,0,0,0,0,0,0,0,0,0,0,0,0,0,0,0,0,0,0,0,0,0,0,0,0,0,0,0,0,0,0,0,0,0,0,0,0,0,0,0,0,0,0,0,0,0,0,0,0,0,0,0,0,0,0,0,0,0,0,0,0,0,0,0,0,0,0,0,0
"LBR",0,0,0,0,0,0,0,0,0,0,0,0,0,0,0,0,0,0,0,0,0,0,0,0,0,0,0,0,0,0,0,0,0,0,0,0,0,0,0,0,0,0,0,0,0,0,0,0,0,0,0,0,0,0,0,0,0,0,0,0,0,0,0,0,0,0,0,0,0,0,0,0,0,0,0,0,0,0,0,0,0,0,0,0,0,0,0,0,0,0,0,0,0,0,0,0,0,0,0,0,0,0,0,0,0,0,0,0,0,0,0,0,0,0,0,0,0,0,0,0,0,0,0,0,0,0,0,0,0,0,0,0,0,0,0,0,0,0,0,0,0,0,0,0,0,0,0,0,0,0,0,0,0,0,0,0,0,0,0,0,0,0,0,0,0,0,0,0,0,0,0,0,0,0,0,0,0,0,0,0,0,0,0,0,0,0,0,0,0,0,0,0,0,0,0
"LBY",0,0,0,0,0,0,0,0,0,0,0,0,0,0,0,0,0,0,0,0,0,0,0,0,0,0,0,0,0,0,0,0,0,0,0,0,0,0,0,0,0,0,0,0,0,0,0,0,0,0,0,0,0,0,0,0,0,0,0,0,0,0,0,0,0,0,0,0,0,0,0,0,0,0,0,0,0,0,0,0,0,0,0,0,0,0,0,0,0,0,0,0,0,0,0,0,0,0,0,0,0,0,0,0,0,0,0,0,0,0,0,0,0,0,0,0,0,0,0,0,0,0,0,0,0,0,0,0,0,0,0,0,0,0,0,0,0,0,0,0,0,0,0,0,0,0,0,0,0,0,0,0,0,0,0,0,0,0,0,0,0,0,0,0,0,0,0,0,0,0,0,0,0,0,0,0,0,0,0,0,0,0,0,0,0,0,0,0,0,0,0,0,0,0,0
"LTU",0,0,0,0,0,0,47160000,1.179e+09,0,0,0,0,0,0,0,0,0,0,0,0,0,6594540000,0,0,0,58950000,0,0,0,0,0,0,0,0,0,0,0,0,31440000,233470000,0,51090000,0,0,3297090000,0,0,0,0,12764070000,0,0,19650000,6358740000,0,0,0,0,0,6690720000,0,0,0,66810000,0,0,0,0,0,0,0,0,534480000,0,0,0,0,0,0,467670000,153270000,11790000,0,59230000,0,0,0,0,0,0,0,0,0,26170230000,0,0,0,0,0,0,0,0,0,0,0,0,0,0,0,0,90390000,0,0,0,0,0,337980000,0,0,0,0,0,0,0,0,10166910000,0,0,172920000,0,0,0,0,20854050000,0,0,0,0,0,0,2574150000,0,5126190000,0,0,0,0,0,0,0,0,11790000,998220000,0,0,0,157200000,0,0,0,21316320000,0,0,0,0,0,0,0,0,0,0,0,0,0,0,0,1236630000,161896350000,727050000,0,0,0,0,0,0,0,0,0,5141730000,0,0,0,0,0,0
"MAC",0,0,0,0,0,0,0,0,0,0,0,0,0,0,0,0,0,0,0,0,0,0,0,0,0,0,0,0,0,0,0,353700000,0,0,0,0,0,0,0,0,0,0,0,0,0,0,0,0,0,0,0,0,0,0,0,0,0,0,0,0,0,0,0,0,0,0,0,0,0,0,0,168990000,0,0,0,0,0,0,0,0,0,0,0,0,0,0,0,0,0,0,0,0,0,0,0,0,0,0,0,0,0,0,0,0,0,0,0,0,0,0,0,0,0,0,0,0,0,0,0,0,0,0,0,0,0,0,0,0,0,0,0,0,0,0,0,0,0,0,0,0,0,0,0,0,0,0,0,0,0,0,0,0,0,0,0,0,0,0,0,0,0,0,0,0,0,0,0,0,0,0,0,0,0,0,0,0,0,0,0,0,0,0,0,0,0,0,0,0,0,0,0,0,0,0,0
"MDG",0,0,0,728640000,53820000,0,2.07e+08,0,0,0,0,0,0,0,0,0,0,0,0,0,0,0,0,0,0,0,0,0,0,0,0,0,0,57960000,0,0,0,0,0,0,0,0,0,0,0,0,0,0,0,0,0,0,0,10179210000,0,0,0,0,0,11681400000,0,0,0,0,0,0,0,0,0,0,0,0,0,0,0,418140000,0,0,0,0,0,732780000,0,0,0,11790000,0,0,0,0,0,0,0,0,0,0,0,0,0,0,0,0,0,2873160000,0,0,0,0,0,0,0,0,0,0,0,0,24951780000,0,0,0,0,0,0,0,0,0,0,0,0,0,0,0,0,0,0,0,0,0,0,0,0,0,0,0,0,0,0,0,0,0,0,0,0,2765520000,0,3930000,8379360000,0,0,0,0,471960000,0,0,0,0,0,0,0,0,0,0,1254420000,0,0,0,51090000,0,773490000,0,0,0,0,0,0,0,0,0,1461420000,0,0,0,0,0,0
"MWI",0,0,0,0,0,0,0,0,0,0,0,0,0,0,0,0,0,0,0,0,0,0,0,0,0,0,0,0,0,0,0,0,0,0,0,0,0,0,0,0,0,0,0,0,0,0,0,0,0,0,0,0,0,0,0,0,0,0,0,0,0,0,0,0,0,0,0,0,0,0,0,0,0,0,0,0,0,0,0,0,0,0,0,0,0,0,0,0,0,0,0,0,0,0,0,0,0,0,0,0,0,0,0,0,0,0,0,0,0,0,0,0,0,0,0,0,0,0,0,0,0,0,0,0,0,0,0,0,0,0,0,0,0,0,0,0,0,0,0,28440000,0,0,0,0,0,0,0,0,0,0,0,0,0,0,0,0,0,0,0,0,0,0,0,0,0,0,0,0,0,0,0,0,0,0,0,0,178020000,0,0,0,0,0,0,0,0,0,0,0,0,0,0,0,0,0,0
"MYS",373140000,0,260250000,2170890000,0,5760900000,73829600000,718760000,0,682500000,0,2034360000,0,0,0,0,9814410000,0,0,130980000,3128280000,0,690270000,0,255300000,22557750000,0,0,3650040000,0,2133930000,113260380000,0,0,36540000,0,90390000,0,263310000,0,55020000,715410000,0,0,0,39150000,36584880000,2352240000,0,41859270000,0,151950000,15720000,105036390000,27510000,86340000,1058660000,0,0,21519680000,0,664170000,34050000,1308100000,0,0,1519170000,0,113970000,3930000,0,11891940000,3091120000,3697200000,426600000,39636880000,80473930000,19738440000,3930000,150060000,0,5993640000,19650000,636840000,7860000,382315970000,3944350000,587250000,272760000,58950000,2610000,42092190000,1455420000,513420000,0,3725570000,0,70740000,977830000,4193730000,106110000,21330000,27510000,0,1037520000,0,15720000,0,1976340000,32851520000,1536630000,1619370000,39150000,0,0,39300000,156716630000,0,0,142200000,19650000,27184400000,0,62880000,35370000,0,8733500000,65250000,0,109470000,0,5546010000,57753810000,3115260000,199680000,0,0,39150000,559230000,0,1488150000,0,113551770000,0,0,0,0,11917560000,39150000,178860000,1325970000,2950110000,39150000,136785840000,0,34900100000,4529610000,444090000,39150000,0,39150000,2713020000,11039950000,205680000,10040700000,273690000,89124080000,47160000,0,0,808230000,899910000,19538720000,19052730000,0,7860000,91575600000,22029020000,617030320000,0,2894220000,3636380000,234900000,25955730000,58950000,11211290000,0,0,15638760000,0,0,0,0,0,7860000
"MDV",0,0,0,0,0,0,0,0,0,0,0,0,0,0,0,0,0,0,0,0,0,0,0,0,0,0,0,0,0,0,0,0,0,0,0,0,0,0,0,0,0,0,0,0,0,0,0,0,0,0,0,0,0,0,0,0,0,0,0,0,0,0,0,0,0,0,0,0,0,0,0,0,0,0,0,0,0,0,0,0,0,0,0,0,0,0,0,0,0,0,0,0,0,0,0,0,0,0,0,0,0,0,0,0,0,0,0,0,0,0,0,0,0,0,0,0,0,0,0,0,0,0,0,0,0,0,0,0,0,0,0,0,0,0,0,0,0,0,0,0,0,0,0,0,0,0,0,0,0,0,0,0,0,0,0,0,0,0,0,0,0,0,0,0,0,0,0,0,0,0,0,0,0,0,0,0,0,0,0,0,0,0,0,0,0,0,0,0,0,0,0,0,0,0,0
"MLI",0,0,0,0,0,0,0,0,0,0,0,0,0,0,0,0,0,0,0,0,0,0,0,0,0,0,0,0,0,0,0,0,0,0,0,0,0,0,0,0,0,0,0,0,0,0,0,0,0,0,0,0,0,0,0,0,0,0,0,0,0,0,0,0,0,0,0,0,0,0,0,0,0,0,0,0,0,0,0,0,0,0,0,0,0,0,0,0,0,0,0,0,0,0,0,0,0,0,0,0,0,0,0,0,0,0,0,0,0,0,0,0,0,0,0,0,0,0,0,0,0,0,0,0,0,0,0,0,0,0,0,0,0,0,0,0,0,0,0,0,0,0,0,0,0,0,0,0,0,0,0,0,0,0,0,0,0,0,0,0,0,3930000,0,0,0,0,0,0,0,0,0,0,0,0,0,0,0,0,0,0,0,0,0,0,0,0,0,0,0,0,0,0,0,0,0
"MLT",0,0,0,0,0,0,0,0,0,0,0,0,0,0,0,0,0,0,0,0,0,0,0,0,0,0,0,0,0,0,0,0,0,0,0,0,0,0,3930000,0,0,0,0,0,0,0,0,0,0,0,0,0,0,0,0,39300000,0,0,3930000,0,0,0,0,0,0,0,0,0,0,0,0,0,0,0,0,0,0,0,0,0,0,55020000,0,0,0,0,0,0,0,0,0,0,0,0,0,0,0,0,275100000,0,0,0,0,0,0,0,0,0,0,0,0,0,0,0,0,0,0,0,0,0,0,0,0,0,0,0,0,0,0,0,0,0,0,0,0,0,0,0,0,0,0,0,0,0,0,0,0,0,0,0,0,0,0,0,0,0,0,0,0,0,0,0,0,0,0,0,0,0,0,0,0,0,0,0,0,0,0,0,0,0,0,0,0,0,0,0,0,0,0,0,0,0,0,0,0
"MRT",0,0,0,0,0,0,0,0,0,0,0,0,0,0,0,0,0,0,0,0,0,0,0,0,0,0,0,0,0,0,0,0,0,0,0,0,0,0,0,0,0,0,0,0,0,0,0,0,0,0,0,0,0,0,0,0,0,0,0,0,0,0,0,0,0,0,0,0,0,0,0,0,0,0,0,0,0,0,0,0,0,0,0,0,0,0,0,0,0,0,0,0,0,0,0,0,0,0,0,0,0,0,0,0,0,0,0,0,0,0,0,0,0,0,0,0,0,0,0,0,0,0,0,0,0,0,0,0,0,0,0,0,0,0,0,0,0,0,0,0,0,0,0,0,0,0,0,0,0,0,0,0,0,0,0,0,0,0,0,0,0,0,0,0,0,0,0,0,0,0,0,0,0,0,0,0,0,0,0,0,0,0,0,0,0,0,0,0,0,0,0,0,0,0,0
"MUS",0,0,0,0,0,0,0,0,0,0,0,0,0,0,0,0,0,0,0,0,0,0,0,0,0,0,0,0,0,0,0,0,0,0,0,0,0,0,0,0,0,0,0,0,0,0,0,0,0,0,0,0,0,27510000,0,0,0,0,0,0,0,0,0,0,0,0,0,0,0,0,0,0,0,0,0,0,0,0,0,0,0,0,0,0,0,0,0,0,19650000,0,0,0,0,0,0,0,0,0,0,0,0,35370000,0,0,0,0,0,0,0,0,0,0,0,0,0,0,0,0,0,0,0,0,0,0,0,0,0,0,0,0,0,0,0,0,0,0,0,0,0,19650000,0,0,0,0,0,0,0,0,0,39300000,0,0,0,0,0,0,0,0,0,0,0,0,0,0,0,0,0,0,0,0,0,0,0,78600000,0,0,0,0,0,0,0,0,0,0,3930000,0,0,7860000,0,0,0,0,0,0,0
"MEX",0,0,0,0,0,459630000,770490000,0,0,0,0,0,0,0,259380000,0,4569270000,0,675960000,0,0,0,0,0,0,23026920000,0,0,0,0,3360150000,3930000,3368010000,0,0,0,3007240000,998220000,0,0,0,0,0,1100400000,0,165780000,0,2919990000,0,0,0,0,0,1049220000,0,0,0,0,0,334210000,0,0,0,31440000,0,0,7158150000,0,0,0,3994020000,0,0,0,0,0,0,0,0,0,47160000,255450000,0,0,0,1781690000,0,0,0,0,0,110040000,0,0,0,0,0,0,0,0,0,0,0,0,0,0,0,0,0,0,168990000,0,0,0,0,0,3562750000,0,0,0,0,113970000,3281550000,0,0,0,0,1049310000,15720000,0,0,707400000,0,0,0,0,0,0,0,0,0,0,15720000,0,0,0,0,0,0,0,0,0,0,11790000,0,137550000,797260000,0,0,0,23790000,4123800000,0,0,43230000,0,0,0,0,0,0,0,43230000,55020000,0,0,2254830000,0,1330952460000,0,0,0,915690000,0,0,0,0,0,181740000,0,0,0,0,0,0
"MNG",0,0,0,0,0,0,0,0,0,0,0,0,0,0,0,0,0,0,0,0,0,0,0,0,0,0,0,0,0,0,0,0,0,0,0,0,0,0,0,0,0,0,0,0,0,0,0,0,0,0,0,0,0,0,0,0,0,0,0,0,0,0,0,0,0,0,0,0,0,0,0,0,0,0,0,0,0,0,0,0,0,0,0,0,0,0,0,0,0,0,0,0,0,0,0,0,0,0,0,0,0,0,0,0,0,0,0,0,0,0,0,0,0,0,0,0,0,0,0,0,0,0,0,0,0,0,0,0,0,0,0,0,0,0,0,0,0,0,0,0,0,0,0,0,0,0,0,0,0,0,0,0,0,0,0,0,0,0,0,0,0,0,0,0,0,0,0,0,0,0,0,0,0,0,0,0,0,0,0,0,0,0,0,0,0,0,0,0,0,0,0,0,0,0,0
"MAR",0,0,0,153270000,0,0,0,0,0,0,0,0,0,0,0,0,0,0,0,0,0,0,0,0,204360000,0,0,0,0,0,0,0,0,0,876390000,0,0,0,0,0,0,0,0,0,0,0,251520000,0,0,0,0,0,0,180780000,0,0,0,55020000,0,3930000,0,0,0,0,0,0,0,605220000,0,0,0,0,0,0,0,0,0,0,0,0,0,0,0,0,0,0,0,0,0,0,0,0,23580000,0,0,0,0,0,0,0,0,0,0,0,0,503040000,0,27510000,0,0,0,0,0,0,0,0,0,0,0,0,0,0,0,23580000,0,0,0,0,0,0,0,0,0,0,0,255450000,0,0,0,0,0,0,0,0,0,0,0,0,66810000,0,0,0,0,0,0,0,0,0,0,0,0,7860000,0,0,0,0,0,145410000,0,0,0,78600000,3930000,0,0,0,0,0,0,0,0,0,0,0,0,10470000,0,0,0,0,0,0,0,0,0
"MOZ",0,0,0,0,0,0,0,0,0,0,0,0,0,0,0,0,0,0,0,0,0,0,0,0,0,0,0,0,0,0,0,0,0,0,0,0,0,0,0,0,0,0,0,0,0,0,0,0,0,0,0,0,0,0,0,0,0,0,0,0,0,0,0,0,0,0,0,0,0,0,0,0,0,0,0,0,0,0,0,0,0,0,0,0,0,0,0,0,0,0,0,0,0,0,0,0,0,0,0,0,0,0,0,0,0,0,0,0,0,0,0,0,0,0,0,0,0,0,0,0,0,0,0,0,0,0,0,0,0,0,0,0,0,0,0,0,0,0,0,0,0,0,0,0,0,0,0,0,0,0,0,0,0,0,0,0,0,0,0,0,0,0,0,0,0,0,0,0,0,0,0,0,0,0,0,0,0,0,0,0,0,0,0,0,0,0,0,0,0,0,0,0,0,0,0
"MDA",3930000,0,0,0,0,0,0,0,0,0,0,0,0,0,0,0,0,0,0,0,0,145410000,0,0,0,0,0,0,0,0,0,0,0,0,0,0,0,0,23580000,74670000,0,0,0,0,106110000,0,0,0,0,86460000,0,0,0,0,0,0,145410000,0,0,0,62880000,0,0,7860000,0,0,0,0,0,0,0,0,762420000,0,0,0,0,0,0,0,204360000,0,0,0,0,0,0,0,0,0,0,0,0,200430000,0,0,0,0,0,0,0,0,0,0,0,0,102180000,0,0,0,0,0,0,0,0,0,0,0,0,0,0,0,0,0,0,0,0,0,7860000,0,0,0,0,0,0,0,0,0,0,0,6582750000,0,0,0,0,0,0,0,0,0,0,0,55020000,0,0,0,0,0,0,0,0,0,0,0,0,0,0,0,0,0,0,0,70740000,0,0,0,3930000,188640000,15720000,0,0,0,0,0,0,0,0,0,0,0,86460000,0,0,0,0
"NAM",0,0,0,0,0,0,0,0,0,0,0,0,0,0,0,0,0,0,0,0,0,0,0,0,0,0,0,0,0,0,0,0,0,0,0,0,0,0,0,0,0,0,0,0,0,0,0,0,0,0,0,0,0,0,0,0,0,0,0,0,0,0,0,0,0,0,0,0,0,0,0,0,0,0,0,0,0,0,0,0,0,0,0,0,0,0,0,0,0,0,0,0,0,0,0,0,0,0,0,0,0,0,0,0,0,0,0,0,0,0,0,0,0,0,0,0,0,0,0,0,0,0,0,0,0,0,0,0,0,0,0,0,0,0,0,0,0,0,0,0,0,0,0,0,0,0,0,0,0,0,0,0,0,0,0,0,0,0,0,0,0,0,0,0,0,0,0,0,0,0,0,0,0,0,0,0,0,0,0,0,0,0,0,0,0,0,0,0,0,0,0,0,0,0,0
"NPL",0,0,0,0,0,0,0,0,0,0,0,0,0,0,0,0,0,0,0,0,0,0,0,0,0,0,0,0,0,0,0,0,0,0,0,0,0,0,0,0,0,0,0,0,0,0,0,0,0,0,0,0,0,0,0,0,0,0,0,0,0,0,0,0,0,0,0,0,0,0,0,0,0,0,0,7860000,0,0,0,0,0,0,0,0,0,0,0,0,0,0,0,0,0,0,0,0,0,0,0,0,0,0,0,0,0,0,0,0,0,0,0,0,0,0,0,0,0,0,0,0,0,0,0,0,0,0,0,0,0,0,0,0,0,0,0,0,0,0,0,0,0,0,0,0,0,0,0,0,0,0,0,0,0,0,0,0,0,0,0,0,0,0,0,0,0,0,0,0,0,0,0,0,0,0,0,0,0,0,0,0,0,0,0,0,0,0,0,0,0,0,0,0,0,0,0
"NLD",2678280000,613080000,1643220000,6694500000,39300000,3743190000,13267770000,233615990000,310470000,2271540000,322260000,47160000,0,0,0,0,7482420000,0,3930000,0,0,60876710000,0,0,863790000,34739480000,491250000,0,3037890000,55020000,4422810000,15164570000,391440000,0,1165830000,0,51090000,55020000,6448940000,106110000,110040000,91689010000,0,106110000,428370000,463740000,27711950000,19650000,51090000,5960410000,70740000,78600000,76399510000,720676150000,0,3930000,134670000,0,479460000,2822150010000,4857660000,6789750000,0,111661720000,0,0,420420000,51090000,0,275070000,0,5470530000,49893510000,15285730000,10272310000,6465630000,3916350000,8224590000,231870000,18415770000,17603710000,222517980000,112650000,580290000,440160000,109123950000,19394310000,19650000,1002150000,0,113970000,46360400000,6419780000,5667030000,0,19994530000,0,617010000,13385460000,22797540000,0,192570000,0,9729510000,459810000,601290000,2466570000,0,428370000,22032910000,915690000,7914010000,39300000,386790000,110040000,758490000,0,0,74580000,5535680000,3930000,3490810000,837810000,0,3353550000,77007920000,4562730000,1209600000,87436220000,0,401610000,3185400000,2542710000,230742310000,23470990000,0,0,0,3054810000,15660000,45161520000,39300000,190219490000,0,0,0,0,66071680000,259380000,145410000,298680000,9493470000,83260900000,34630490000,7830000,10099280000,102136110000,2986650000,0,0,132418150000,279169760000,11361950000,0,5576600000,542340000,2983080000,474990000,0,457680000,1196010000,2944650000,89760810000,101489230000,231870000,0,630002500000,96447410000,381490870000,0,3972420000,261110000,3315570000,1598430000,620820000,153030000,129690000,518760000,950900450000,16713240000,21783740000,734910000,0,0,0
"ANT",0,0,0,0,0,0,0,0,0,0,0,0,0,0,0,0,0,0,0,0,0,0,0,0,0,0,0,0,0,0,0,0,0,0,0,0,0,0,0,0,0,0,0,0,0,0,0,0,0,0,0,0,0,0,0,0,0,0,0,0,0,0,0,0,0,0,0,0,0,0,0,0,0,0,0,0,0,0,0,0,0,0,0,0,0,0,0,0,0,0,0,0,0,0,0,0,0,0,0,0,0,0,0,0,0,0,0,0,0,0,0,0,0,0,0,0,0,0,0,0,0,0,0,0,0,0,0,0,0,0,0,0,0,0,0,0,0,0,0,0,0,0,0,0,0,0,0,0,0,0,0,0,0,0,0,0,0,0,0,0,0,0,0,0,0,0,0,0,0,0,0,0,0,0,0,0,0,0,0,0,0,0,0,0,0,0,0,0,0,0,0,0,0,0,0
"NCL",0,0,0,0,0,0,0,0,0,0,0,0,0,0,0,0,0,0,0,0,0,0,0,0,0,0,0,0,0,0,0,0,0,0,0,0,0,0,0,0,0,0,0,0,0,0,0,0,0,0,0,0,0,0,0,0,0,0,0,0,0,0,0,0,0,0,0,0,0,0,0,0,0,0,0,0,0,0,0,0,0,0,0,0,0,35370000,0,0,0,0,0,0,0,0,0,0,0,0,0,0,0,0,0,0,0,0,0,0,0,0,0,0,0,0,0,0,0,0,0,0,3930000,0,0,0,0,0,0,0,0,0,0,0,0,0,0,0,0,0,0,0,0,0,0,0,0,0,0,0,0,0,0,0,0,0,0,0,0,0,0,0,0,0,0,0,0,0,0,0,0,0,0,0,0,0,0,0,0,0,0,0,0,0,0,0,0,0,0,0,0,0,0,0,0,0,0
"MKD",0,0,247590000,0,0,0,121830000,0,0,0,0,0,0,0,0,0,0,0,0,0,0,184710000,0,0,0,117900000,0,0,0,0,0,41760000,0,0,0,0,0,0,7860000,3930000,0,0,0,0,0,0,0,0,0,0,0,0,0,7860000,0,0,0,0,0,11790000,1831380000,1054440000,0,66810000,0,0,0,0,0,0,0,0,0,1679400000,0,0,0,0,0,0,0,0,0,0,0,0,0,0,0,0,0,0,0,0,0,0,0,0,0,0,0,0,0,28710000,0,0,0,0,0,0,0,0,0,0,0,0,0,0,0,0,0,0,0,0,0,0,0,0,0,0,0,0,0,0,0,0,0,0,0,0,94320000,0,0,0,0,0,0,0,0,0,0,903900000,0,0,0,0,46980000,0,0,0,3930000,0,0,0,0,0,0,0,0,0,0,0,37890000,0,0,0,0,0,172920000,0,0,0,0,0,0,0,0,0,0,0,3648870000,1057170000,0,0,0
"VUT",0,0,0,0,0,0,0,0,0,0,0,0,0,0,0,0,0,0,0,0,0,0,0,0,0,0,0,0,0,0,0,0,0,0,0,0,0,0,0,0,0,0,0,0,0,0,0,0,0,0,0,0,0,1668420000,0,0,0,0,0,600300000,0,0,0,0,0,0,0,0,0,0,0,0,0,0,0,0,4.14e+08,0,0,0,0,0,0,0,0,0,0,0,0,0,0,0,0,0,0,0,0,0,0,0,0,0,0,3125700000,0,0,0,0,0,0,0,0,0,0,0,0,310500000,0,0,0,0,0,0,0,0,0,0,0,0,0,0,0,0,0,0,0,0,0,0,0,0,0,0,0,0,0,0,0,0,0,0,0,0,4384260000,0,0,0,0,0,0,0,0,0,0,0,0,0,0,0,0,0,0,0,0,0,0,0,0,0,0,0,0,0,0,0,0,0,0,0,0,0,0,0,0,0
"NZL",0,0,0,0,0,0,95040300000,0,0,0,0,0,0,0,0,0,0,0,0,20910000,0,0,0,0,0,0,0,0,0,0,0,1116120000,0,0,0,339270000,0,0,0,0,0,0,0,0,0,0,27510000,0,0,0,0,391590000,0,0,73290000,0,0,0,0,0,0,0,0,0,0,0,0,0,0,0,0,11790000,0,0,0,39300000,0,0,0,0,0,7860000,0,0,0,18958320000,0,0,0,0,0,5376240000,0,0,0,66810000,0,0,0,0,0,0,0,3753150000,0,0,0,0,0,0,0,0,0,0,0,0,4877130000,0,192570000,0,19650000,0,0,0,0,0,5116860000,0,0,2610000,0,0,5258340000,0,0,0,0,0,0,0,0,0,0,0,0,0,0,0,0,0,0,0,0,3839610000,0,0,0,0,0,0,0,0,0,0,19650000,0,1317780000,0,66720000,0,0,0,0,129690000,0,0,117900000,0,74670000,0,0,0,0,1289040000,0,0,0,0,0,0,0,0,0,0,0
"NIC",0,0,0,0,0,0,0,368460000,0,0,0,0,0,0,0,0,0,0,0,0,0,0,0,0,0,0,0,0,0,0,0,0,0,0,0,0,150630000,0,0,0,0,0,0,27510000,0,0,0,4942260000,0,0,0,0,0,0,0,0,0,0,0,2098980000,0,0,0,0,0,0,1892340000,0,0,0,2198070000,0,0,0,0,0,0,0,0,0,0,0,0,0,0,0,0,0,0,0,0,0,0,0,0,0,0,0,0,0,0,0,0,0,0,0,0,0,0,0,0,0,0,0,0,0,0,0,0,0,0,0,0,0,0,0,0,114240000,0,0,0,0,0,0,0,0,0,0,0,0,0,0,0,0,0,0,0,0,0,0,0,0,0,0,0,0,0,0,0,0,0,0,0,0,0,0,0,0,0,0,0,0,0,0,0,0,0,0,89560000,0,0,0,0,0,0,0,0,0,0,0,0,0,0,0,0
"NER",0,0,0,0,0,0,0,0,0,0,0,0,0,0,0,0,0,0,0,0,0,0,0,0,0,0,0,0,0,0,0,8280000,0,0,0,0,0,0,0,0,0,0,0,0,0,0,0,0,0,0,0,0,0,0,0,0,0,0,0,0,0,0,0,0,0,0,0,0,0,0,0,0,0,0,0,0,0,0,0,0,0,0,0,0,0,0,0,0,0,0,0,0,0,0,0,0,0,0,0,0,0,0,0,0,0,0,0,0,0,0,0,0,0,0,0,0,0,0,0,0,0,0,0,0,0,0,0,0,0,0,0,0,0,0,0,0,0,0,0,0,0,0,0,0,0,0,0,0,0,0,0,0,0,0,0,0,0,0,0,0,0,0,0,0,0,0,0,0,0,0,0,0,0,0,0,0,0,0,0,0,0,0,0,0,0,0,0,0,0,0,0,0,0,0,0
"NGA",0,0,0,0,0,0,0,0,0,0,0,0,0,0,0,0,0,0,0,0,0,0,0,0,0,0,0,0,0,0,0,0,0,0,0,0,0,0,0,0,0,0,0,0,0,0,0,0,0,0,0,0,0,0,0,0,0,0,0,0,0,0,0,0,0,0,0,0,0,0,0,0,0,0,0,0,0,0,0,0,0,0,0,0,0,0,0,0,0,0,0,0,0,0,0,0,0,0,0,0,0,0,0,0,0,0,0,0,0,0,0,0,0,0,0,0,0,0,0,0,0,0,0,0,0,0,0,0,0,0,0,0,0,0,0,0,0,0,0,0,0,0,0,0,0,0,0,0,0,0,0,0,0,0,0,0,0,0,0,0,0,0,0,0,0,0,0,0,0,0,0,0,0,0,0,0,0,0,0,0,0,0,0,0,0,0,0,0,0,0,0,0,0,0,0
"NOR",0,0,0,0,0,0,3930000,1155390000,0,0,0,0,0,0,0,0,0,0,0,0,0,0,0,0,0,0,0,0,0,0,0,15720000,0,0,0,0,0,0,0,0,0,6311580000,0,0,0,0,0,0,0,0,129690000,0,672030000,90390000,0,0,0,0,0,4032180000,0,0,0,0,0,0,0,0,0,0,0,0,0,0,613080000,0,0,0,0,0,0,157200000,0,0,0,0,0,0,0,0,0,0,0,0,0,0,0,0,0,4774950000,0,0,0,0,0,0,0,0,0,0,0,0,0,0,0,0,125760000,0,0,0,0,0,0,0,0,0,0,0,0,0,0,0,0,428370000,0,0,0,0,0,0,0,0,0,0,0,0,0,0,0,0,0,0,35370000,11790000,0,0,47160000,0,0,0,33881760000,0,0,0,0,0,0,0,0,0,0,0,0,0,0,0,1053240000,0,113970000,0,0,0,0,0,0,0,0,0,55020000,0,0,0,0,0,0
"PAK",0,240940000,0,0,0,0,0,0,0,0,0,27510000,0,0,0,0,0,0,0,0,0,0,0,0,0,47160000,0,0,0,0,98250000,0,39300000,0,0,0,0,0,0,0,0,0,0,0,0,0,0,0,0,0,0,0,0,0,0,0,0,0,0,0,0,0,0,0,0,0,0,0,0,23600000,0,0,0,0,0,3930000,0,0,0,0,0,0,0,0,0,0,0,0,0,0,0,0,0,0,0,0,0,0,0,0,0,0,0,0,7860000,0,0,0,0,0,0,0,27420000,0,0,0,0,0,0,0,0,0,0,0,0,0,0,0,0,0,0,0,0,0,0,0,0,0,0,0,0,0,0,0,0,0,0,0,0,0,0,0,0,0,0,3930000,0,0,0,0,0,3930000,0,0,0,0,0,0,0,0,0,0,0,0,0,0,3930000,0,19650000,0,0,0,0,0,0,0,0,0,0,0,0,0,0,0,0
"PAN",0,0,0,0,0,0,0,0,0,0,0,0,0,0,0,0,0,0,0,0,0,0,0,0,0,169740000,0,0,0,0,0,0,0,0,0,0,0,0,0,0,0,0,0,0,0,0,0,0,0,0,0,0,0,0,0,0,0,0,0,53820000,0,0,0,0,0,0,0,0,0,0,351270000,0,0,0,0,0,0,0,0,0,0,0,0,0,0,0,0,0,0,0,0,0,0,0,0,0,0,0,0,0,0,0,0,0,0,0,0,0,0,0,0,0,0,0,0,0,0,0,0,0,0,0,0,0,0,0,0,0,0,0,0,0,0,0,0,0,0,0,0,0,0,0,0,0,0,0,0,0,0,0,0,0,0,0,0,0,4864500000,0,0,0,0,931500000,0,0,0,0,0,0,0,0,0,0,0,0,0,0,0,0,619740000,0,0,0,0,0,0,0,0,0,0,0,0,0,0,0,0
"CZE",15720000,0,0,0,0,0,11790000,2051430000,0,0,0,0,0,0,0,0,0,0,0,0,0,1230090000,0,0,0,98250000,0,0,0,0,0,19650000,0,0,0,0,0,0,3930000,290820000,0,6726840000,0,0,110040000,0,0,0,0,19650000,0,0,11790000,11104860000,0,0,3930000,0,0,40144950000,49710000,0,0,1241880000,0,0,0,0,0,0,0,0,48366270000,3953580000,7860000,0,0,0,0,3.93e+08,31440000,2118540000,0,3930000,0,19650000,0,0,0,0,0,0,0,0,0,27510000,0,0,0,290820000,0,0,0,0,0,0,345840000,0,0,0,86460000,0,0,7860000,0,0,14108700000,0,0,0,0,0,0,0,0,259380000,0,0,0,0,0,0,0,76667640000,1033590000,0,0,0,0,0,2409090000,0,82530000,0,0,0,0,43230000,0,0,0,200430000,107262020000,23580000,0,23580000,482070000,0,0,0,412650000,133620000,0,0,0,0,0,0,0,0,0,0,7860000,730980000,0,0,13710450000,23580000,19650000,0,0,0,0,0,0,0,0,0,13111560000,0,3045750000,0,0,0,27510000
"PNG",0,0,0,0,0,0,0,0,0,0,0,0,0,0,0,0,0,0,0,0,0,0,0,0,0,0,0,0,0,0,0,0,0,0,0,0,0,0,0,0,0,0,0,0,0,0,0,0,0,0,0,0,0,0,0,0,0,0,0,0,0,0,0,0,0,0,0,0,0,0,0,0,0,0,0,0,0,0,0,0,0,0,0,0,0,0,0,0,0,0,0,0,0,0,0,0,0,0,0,0,0,0,0,0,0,0,0,0,0,0,0,0,0,0,0,0,0,0,0,0,0,0,0,0,0,0,0,0,0,0,0,0,0,0,0,0,0,0,0,0,0,0,0,0,0,0,0,0,0,0,0,0,0,0,0,0,0,0,0,0,0,0,0,0,0,0,0,0,0,0,0,0,0,0,0,0,0,0,0,0,0,0,0,0,0,0,0,0,0,0,0,0,0,0,0
"PRY",0,0,0,0,0,0,0,0,0,0,0,0,0,0,0,0,0,0,0,0,0,0,0,0,0,0,0,0,0,0,0,0,0,0,0,0,0,0,0,0,0,0,0,0,0,0,0,0,0,0,0,0,0,0,0,0,0,0,0,0,0,0,0,0,0,0,0,0,0,0,0,0,0,0,0,0,0,0,0,0,0,0,0,0,0,0,0,0,0,0,0,0,0,0,0,0,0,0,0,0,0,0,0,0,0,0,0,0,0,0,0,0,0,0,0,0,0,0,0,0,0,0,0,0,0,0,0,0,0,0,0,0,0,0,0,0,0,0,0,0,0,0,0,0,0,0,0,0,0,0,0,0,0,0,0,0,0,0,0,0,0,0,0,0,0,0,0,0,0,0,0,0,0,0,0,0,0,0,0,0,0,0,0,0,0,0,0,0,0,0,0,0,0,0,0
"PER",0,0,0,0,0,160380000,246240000,0,0,0,0,0,0,0,3674940000,0,678600000,0,0,0,0,0,0,0,0,5871150000,0,0,0,0,1430850000,47130000,12415470000,0,0,0,2519460000,3930000,0,0,0,0,0,52200000,0,2664660000,0,51090000,0,0,0,0,15030000,19268680000,0,0,0,0,0,8853740000,0,0,0,0,0,0,150480000,0,94320000,0,11790000,0,0,0,0,0,0,0,0,0,40680000,9178950000,0,0,0,776640000,0,0,0,0,0,0,0,0,0,0,0,0,0,0,0,0,0,0,0,0,0,0,0,490050000,0,0,0,0,0,0,31854800000,0,0,0,0,115790000,117900000,0,0,0,0,121830000,2610000,0,0,0,0,0,0,0,0,0,0,0,0,0,0,0,0,0,0,0,0,0,0,0,0,0,0,31440000,9244620000,39300000,0,0,0,124200000,0,0,0,0,0,0,0,910800000,0,0,2.61e+08,0,0,0,18602590000,0,45396560000,0,417600000,0,6999050000,0,0,0,0,0,15732660000,0,5220000,0,0,0,0
"PHL",0,0,0,3930000,0,0,299970000,0,0,11790000,0,0,0,0,0,0,0,0,0,0,31440000,0,23580000,0,0,231870000,0,0,0,0,0,56160000,0,0,0,0,0,0,0,0,0,0,0,0,0,0,0,0,0,0,0,0,0,1568130000,0,0,0,0,0,284400000,0,0,15720000,0,0,0,0,0,0,0,0,178830000,0,0,0,39300000,0,0,0,0,0,11790000,0,0,0,212220000,0,0,0,0,0,78600000,7860000,0,0,0,0,0,0,0,0,0,0,1991190000,0,0,0,0,0,0,11790000,0,0,0,0,3930000,1568130000,0,0,0,7860000,39300000,0,0,0,3930000,45690000,0,0,275100000,0,0,0,0,0,0,0,0,74670000,0,0,0,0,0,0,0,0,82530000,0,0,0,0,0,667200000,0,110040000,0,0,0,0,3930000,0,0,0,1388400000,0,1304580000,0,0,0,0,0,0,172920000,0,0,27510000,0,5259330000,0,0,0,0,199650000,0,0,0,0,0,0,0,0,0,0,0
"POL",1092180000,0,809520000,2984010000,0,125280000,5070990000,64484730000,0,23580000,0,0,0,0,0,0,259380000,0,0,0,0,16100190000,0,0,141480000,12629670000,0,0,0,0,55020000,349770000,0,0,0,0,0,0,391680000,5687910000,58950000,7592760000,0,0,4196890000,0,286890000,0,0,4093590000,0,0,7125090000,38007090000,3930000,0,1279860000,0,121830000,101698770000,6606330000,0,0,19842650000,0,0,0,0,0,0,0,577710000,54613260000,16921170000,89010000,1268910000,0,258060000,15720000,1427280000,13012230000,30484080000,0,3387660000,0,896040000,263310000,66810000,7860000,0,0,23580000,235800000,8650710000,0,282960000,0,0,129690000,25525850000,0,0,0,0,3930000,0,224010000,0,0,416580000,2530920000,0,0,5453350000,0,0,45847980000,0,0,937680000,0,255530000,0,0,0,1638810000,0,3930000,83815350000,0,0,0,0,0,1843170000,0,0,0,0,0,22588510000,0,74362440000,0,0,0,0,1194720000,31440000,0,0,11682420000,35313570000,7860000,0,1689900000,7698630000,0,0,0,20293200000,2373720000,0,0,365490000,0,23580000,58950000,0,0,0,0,49888530000,365490000,0,0,166033750000,45122710000,28766560000,0,438480000,0,0,82530000,62880000,0,0,0,2502920000,110040000,10773270000,1257600000,0,0,282960000
"PRT",0,0,0,0,0,0,0,0,0,11790000,0,0,0,0,0,0,361560000,0,0,0,0,0,0,0,0,176850000,1184130000,0,0,0,0,7860000,0,0,7860000,0,0,0,11790000,0,0,27510000,0,0,0,0,23580000,0,0,487320000,0,0,0,585570000,0,0,0,0,0,188640000,0,0,0,1666320000,0,0,0,0,0,0,0,0,0,0,3930000,0,0,0,0,0,11790000,19650000,0,0,0,52380000,0,0,0,0,0,0,94320000,0,0,192570000,0,0,11790000,0,11790000,0,0,0,0,0,3930000,0,0,0,0,3930000,235800000,0,0,0,534480000,0,0,0,0,0,0,0,0,0,0,0,39300000,0,0,0,0,0,0,23580000,0,0,7860000,0,0,0,7860000,0,0,0,58950000,0,0,0,0,0,0,0,0,664170000,3315420000,0,0,0,23580000,42480000,0,0,0,0,0,0,0,0,0,0,0,102180000,0,0,971500000,0,216150000,0,7860000,0,106110000,0,0,0,0,0,400860000,43230000,0,0,0,0,0
"GNB",0,0,0,0,0,0,0,0,0,0,0,0,0,0,0,0,0,0,0,0,0,0,0,0,0,0,0,0,0,0,0,0,0,0,0,0,0,0,0,0,0,0,0,0,0,0,0,0,0,0,0,0,0,0,0,0,0,0,0,0,0,0,0,0,0,0,0,0,0,0,0,0,0,0,0,0,0,0,0,0,0,0,0,0,0,0,0,0,0,0,0,0,0,0,0,0,0,0,0,0,0,0,0,0,0,0,0,0,0,0,0,0,0,0,0,0,0,0,0,0,0,0,0,0,0,0,0,0,0,0,0,0,0,0,0,0,0,0,0,0,0,0,0,0,0,0,0,0,0,0,0,0,0,0,0,0,0,0,0,0,0,0,0,0,0,0,0,0,0,0,0,0,0,0,0,0,0,0,0,0,0,0,0,0,0,0,0,0,0,0,0,0,0,0,0
"TLS",0,0,0,0,0,0,0,0,0,0,0,0,0,0,0,0,0,0,0,0,0,0,0,0,0,0,0,0,0,0,0,0,0,0,0,0,0,0,0,0,0,0,0,0,0,0,0,0,0,0,0,0,0,0,0,0,0,0,0,0,0,0,0,0,0,0,0,0,0,0,0,0,0,0,0,0,0,0,0,0,0,0,0,0,0,0,0,0,0,0,0,0,0,0,0,0,0,0,0,0,0,0,0,0,0,0,0,0,0,0,0,0,0,0,0,0,0,0,0,0,0,0,0,0,0,0,0,0,0,0,0,0,0,0,0,0,0,0,0,0,0,0,0,0,0,0,0,0,0,0,0,0,0,0,0,0,0,0,0,0,0,0,0,0,0,0,0,0,0,0,0,0,0,0,0,0,0,0,0,0,0,0,0,0,0,0,0,0,0,0,0,0,0,0,0
"ERI",0,0,0,0,0,0,0,0,0,0,0,0,0,0,0,0,0,0,0,0,0,0,0,0,0,0,0,0,0,0,0,0,0,0,0,0,0,0,0,0,0,0,0,0,0,0,0,0,0,0,0,0,0,0,0,0,0,0,0,0,0,0,0,0,0,0,0,0,0,0,0,0,0,0,0,0,0,0,0,0,0,0,0,0,0,0,0,0,0,0,0,0,0,0,0,0,0,0,0,0,0,0,0,0,0,0,0,0,0,0,0,0,0,0,0,0,0,0,0,0,0,0,0,0,0,0,0,0,0,0,0,0,0,0,0,0,0,0,0,0,0,0,0,0,0,0,0,0,0,0,0,0,0,0,0,0,0,0,0,0,0,0,0,0,0,0,0,0,0,0,0,0,0,0,0,0,0,0,0,0,0,0,0,0,0,0,0,0,0,0,0,0,0,0,0
"QAT",0,0,0,0,0,0,0,0,0,0,0,0,0,0,0,0,0,0,0,0,0,0,0,0,0,0,0,0,0,0,0,0,0,0,0,0,0,0,0,0,0,0,0,0,0,0,0,0,0,0,0,0,0,3930000,0,0,0,0,0,0,0,0,0,0,0,0,0,0,0,0,0,0,0,0,0,0,0,0,0,0,0,0,0,0,0,0,0,0,0,0,0,0,0,0,0,0,0,0,0,0,0,0,0,0,0,0,0,0,0,0,0,0,0,0,0,0,0,0,0,0,0,0,0,0,0,0,0,0,0,0,0,0,0,0,0,0,0,0,0,0,0,0,0,0,0,0,0,74670000,0,0,0,0,0,0,0,0,0,0,0,0,0,0,0,0,0,0,0,0,0,0,0,0,0,66810000,0,0,3930000,0,0,0,0,0,0,0,0,0,0,0,3930000,0,0,0,0,0,0
"ZWE",0,0,0,0,0,0,0,0,0,0,0,0,0,0,0,15720000,0,0,0,0,0,0,0,0,0,0,0,0,0,0,0,0,0,0,0,0,0,0,0,0,0,0,0,0,0,0,0,0,0,0,0,0,0,0,0,0,0,0,0,0,0,0,0,0,0,0,0,0,0,0,0,0,0,0,0,0,0,0,0,0,0,0,0,0,0,0,0,0,0,0,0,0,0,0,0,0,0,0,0,0,0,0,43230000,0,0,0,0,0,0,0,0,0,0,0,0,0,0,0,0,0,0,0,0,0,0,0,0,0,0,0,0,0,0,0,0,0,0,0,0,0,0,0,0,0,0,0,0,0,0,0,0,0,0,0,0,27510000,0,0,0,0,0,0,0,0,0,0,0,0,0,0,0,0,0,0,0,0,0,0,0,0,0,0,0,0,0,0,0,55020000,0,0,0,0,0,0,0
"ROU",0,0,782070000,1854960000,0,0,0,990360000,0,0,0,0,0,0,0,0,19650000,0,0,0,0,11776680000,0,0,0,70740000,0,0,0,0,0,0,70740000,0,0,0,0,0,94320000,0,0,39300000,0,0,0,0,518760000,0,0,0,0,0,0,0,0,0,3930000,0,0,161130000,145410000,35370000,0,1384530000,0,0,0,0,0,0,0,0,1332270000,746700000,0,74670000,0,43230000,0,7860000,793860000,2428740000,0,0,0,0,113970000,0,0,0,0,192570000,0,778140000,0,1285110000,0,0,0,1426590000,0,0,0,0,0,0,7860000,0,0,0,0,0,0,797400000,0,0,219930000,0,0,695610000,0,0,0,0,0,0,0,0,789930000,0,0,0,302610000,4436970000,58950000,0,0,0,0,0,0,0,0,0,0,0,0,200430000,0,0,0,7860000,927480000,0,0,0,243660000,0,0,0,11790000,11790000,51090000,0,0,0,0,0,0,0,0,0,3776730000,1096470000,0,0,0,13050000,15720000,0,0,0,121830000,0,0,0,0,0,2365860000,0,6567030000,703470000,0,0,0
"RWA",0,0,0,0,0,0,0,0,0,0,0,0,0,0,0,0,0,0,0,0,0,0,0,0,0,0,0,0,0,0,0,0,0,0,0,0,0,0,0,0,0,0,0,0,0,0,0,0,0,0,0,0,0,0,0,0,0,0,0,0,0,0,0,0,0,0,0,0,0,0,0,0,0,0,0,0,0,0,0,0,0,0,0,0,0,0,0,0,0,0,0,0,0,0,0,0,0,0,0,0,0,0,0,0,0,0,0,0,0,0,0,0,0,0,0,0,0,0,0,0,0,0,0,0,0,0,0,0,0,0,0,0,0,0,0,0,0,0,0,0,0,0,0,0,0,0,0,0,0,0,0,0,0,0,0,0,0,0,0,0,0,0,0,0,0,0,0,0,0,0,0,0,0,0,0,0,0,0,0,0,0,0,0,0,0,0,0,0,0,0,0,0,0,0,0
"RUS",28665570000,0,0,0,0,0,27510000,0,0,0,0,0,0,0,0,0,0,0,0,0,0,55020000,0,0,0,915690000,0,0,0,0,0,15720000,0,0,0,0,0,19650000,7860000,78859320000,0,23580000,0,0,0,0,0,0,0,3094020000,0,0,0,35370000,0,0,24545370000,0,0,17704650000,0,0,0,251520000,0,0,0,0,0,0,0,0,117900000,0,0,0,0,7860000,0,0,2403810000,962850000,0,163202190000,0,11790000,0,44145600000,0,0,0,1925700000,0,7215480000,0,0,0,0,0,5323440000,0,0,0,0,0,0,0,0,0,0,28783320000,0,0,9538110000,0,0,14990970000,0,0,0,0,11790000,0,0,0,3930000,0,0,668100000,0,0,0,0,2361930000,0,0,0,0,0,0,69990000,0,0,0,0,0,0,0,0,0,0,0,0,0,0,0,86460000,0,24489060000,0,0,0,0,16213830000,1646670000,0,0,0,0,0,0,0,341910000,3930000,0,0,15720000,165854780000,5796660000,0,0,1482870000,0,0,0,0,0,0,3930000,0,43230000,0,0,0,0
"KNA",0,0,0,0,0,0,0,0,0,0,0,0,0,0,0,0,0,0,0,0,0,0,0,0,0,0,0,0,0,0,0,0,0,0,0,0,0,0,0,0,0,0,0,0,0,0,0,0,0,0,0,0,0,0,0,0,0,0,0,0,0,0,0,0,0,0,0,0,0,0,0,0,0,0,0,0,0,0,0,0,0,0,0,0,0,0,0,0,0,0,0,0,0,0,0,0,0,0,0,0,0,0,0,0,0,0,0,0,0,0,0,0,0,0,0,0,0,0,0,0,0,0,0,0,0,0,0,0,0,0,0,0,0,0,0,0,0,0,0,0,0,0,0,0,0,0,0,0,0,0,0,0,0,0,0,0,0,0,0,0,0,0,0,0,0,0,0,0,0,0,0,0,0,0,0,0,0,0,0,0,0,0,0,0,0,0,0,0,0,0,0,0,0,0,0
"LCA",0,0,0,0,0,0,0,0,0,0,0,0,0,0,0,0,0,0,0,0,0,0,0,0,0,0,0,0,0,0,0,0,0,0,0,0,0,0,0,0,0,0,0,0,0,0,0,0,0,0,0,0,0,0,0,0,0,0,0,0,0,0,0,0,0,0,0,0,0,0,0,0,0,0,0,0,0,0,0,0,0,0,0,0,0,0,0,0,0,0,0,0,0,0,0,0,0,0,0,0,0,0,0,0,0,0,0,0,0,0,0,0,0,0,0,0,0,0,0,0,0,0,0,0,0,0,0,0,0,0,0,0,0,0,0,0,0,0,0,0,0,0,0,0,0,0,0,0,0,0,0,0,0,0,0,0,0,0,0,0,0,0,0,0,0,0,0,0,0,0,0,0,0,0,0,0,86940000,0,61050000,0,0,0,0,0,0,0,0,0,0,0,0,0,0,0,0
"VCT",0,0,0,0,0,0,0,0,0,0,0,0,0,0,0,0,0,0,0,0,0,0,0,0,0,0,0,0,0,0,0,0,0,0,0,0,0,0,0,0,0,0,0,0,0,0,0,0,0,0,0,0,0,0,0,0,0,0,0,0,0,0,0,0,0,0,0,0,0,0,0,0,0,0,0,0,0,0,0,0,0,0,0,0,0,0,0,0,0,0,0,0,0,0,0,0,0,0,0,0,0,0,0,0,0,0,0,0,0,0,0,0,0,0,0,0,0,0,0,0,0,0,0,0,0,0,0,0,0,0,0,0,0,0,0,0,0,0,0,0,0,0,0,0,0,0,0,0,0,0,0,0,0,0,0,0,0,0,0,0,0,0,0,0,0,0,0,0,0,0,0,0,0,0,0,0,0,0,0,0,0,0,0,0,0,0,0,0,0,0,0,0,0,0,0
"STP",0,0,0,0,0,0,0,0,62100000,0,0,0,0,0,0,0,0,0,0,0,0,0,0,0,0,0,0,0,0,0,0,0,0,0,0,0,0,0,0,0,0,0,0,0,0,0,0,0,0,0,0,0,0,260820000,385020000,0,0,0,0,0,0,0,0,0,0,0,0,0,0,0,0,0,0,0,0,0,0,0,0,0,0,0,0,0,0,0,0,0,0,0,0,0,0,0,0,0,0,0,0,0,0,0,0,0,0,0,0,0,0,0,0,0,0,0,0,0,3167100000,0,0,0,0,0,0,0,0,0,0,0,0,0,0,0,0,0,4044680000,0,0,0,0,0,0,0,0,0,0,0,0,0,0,0,0,0,0,0,0,0,0,0,0,0,0,0,0,0,0,0,0,0,0,0,0,0,0,0,0,0,0,0,0,0,0,0,0,0,0,0,0,0,2380500000,0,0,0,0,0,0
"SAU",0,0,0,0,0,0,0,0,0,0,0,0,0,0,0,0,0,0,0,0,0,0,0,0,0,0,0,0,0,0,0,0,0,0,0,0,0,0,0,0,0,0,0,0,0,0,0,0,0,0,0,0,0,0,0,0,0,0,0,0,0,0,0,0,0,0,0,0,0,0,0,0,0,0,0,0,0,0,0,0,0,0,0,0,0,0,0,0,0,0,0,0,0,0,0,0,0,0,0,0,0,0,0,0,0,0,0,0,0,0,0,0,0,0,0,0,0,0,0,0,0,0,0,0,0,0,0,0,0,0,0,0,0,0,0,0,0,0,0,0,0,0,0,0,0,0,0,0,0,0,0,0,0,0,0,0,0,0,0,0,0,0,0,0,0,0,0,0,0,0,0,0,0,0,0,0,0,0,0,0,0,0,0,0,0,0,0,0,0,0,0,0,0,0,0
"SEN",0,0,0,0,0,0,0,0,0,0,0,0,0,0,0,0,0,0,0,0,0,0,0,0,986430000,0,0,0,0,0,0,0,0,0,365490000,0,0,0,0,0,1917840000,0,0,0,0,0,0,0,47160000,0,0,0,0,11760000,0,0,0,514830000,2981550000,0,0,0,0,0,0,0,0,129690000,0,0,0,0,0,0,0,0,0,0,0,0,0,0,157200000,0,0,0,0,0,0,0,0,0,0,0,0,0,0,0,0,0,0,0,0,0,0,172920000,0,1568070000,0,0,0,0,0,0,0,0,0,0,0,0,0,0,0,0,628800000,0,0,0,0,0,0,0,0,0,0,314400000,0,0,0,0,0,0,0,0,0,0,0,0,0,0,113970000,0,0,0,0,0,3930000,0,0,0,0,0,0,0,0,0,0,0,0,0,0,0,0,0,0,0,0,0,0,11790000,0,0,0,0,0,0,0,0,0,0,0,0,0,0,0
"SYC",0,0,0,0,0,0,0,0,0,0,0,0,0,0,0,0,0,0,0,0,0,0,0,0,0,0,0,0,0,0,0,0,0,0,0,0,0,0,0,0,0,0,0,0,0,0,0,0,0,0,0,0,0,0,0,0,0,0,0,0,0,0,0,0,0,0,0,0,0,0,0,0,0,0,0,0,0,0,0,0,0,0,0,0,0,0,0,0,0,0,0,0,0,0,0,0,0,0,0,0,0,0,0,0,0,0,0,0,0,0,0,0,0,0,0,0,0,0,0,0,0,0,0,0,0,0,0,0,0,0,0,0,0,0,0,0,0,0,0,0,0,0,0,0,0,0,0,0,0,0,0,0,0,0,0,0,0,0,0,0,0,0,0,0,0,0,0,0,0,0,0,0,0,0,0,0,0,0,0,0,0,0,0,0,0,0,0,0,0,0,0,0,0,0,0
"SLE",0,0,0,0,0,0,0,0,0,0,0,0,0,0,0,0,0,0,0,0,0,0,0,0,0,0,0,0,0,0,0,0,0,0,0,0,0,0,0,0,0,0,0,0,0,0,0,0,0,0,0,0,0,0,0,0,0,0,0,0,0,0,0,0,0,0,0,0,0,0,0,0,0,0,0,0,0,0,0,0,0,0,0,0,0,0,0,0,0,0,0,0,0,0,0,0,0,0,0,0,0,0,0,0,0,0,0,0,0,0,0,0,0,0,0,0,0,0,0,0,0,0,0,0,0,0,0,0,0,0,0,0,0,0,0,0,0,0,0,0,0,0,0,0,0,0,0,0,0,0,0,0,0,0,0,0,0,0,0,0,0,0,0,0,0,0,0,0,0,0,0,0,0,0,0,0,0,0,0,0,0,0,0,0,0,0,0,0,0,0,0,0,0,0,0
"SVN",0,0,3930000,0,0,0,0,1465890000,0,0,0,0,0,0,0,0,0,0,0,0,0,94320000,0,0,0,129690000,0,0,0,0,0,0,0,0,0,0,0,0,3930000,0,0,23580000,0,0,7860000,0,7860000,0,0,3930000,0,0,3930000,24350280000,0,0,0,0,0,2027880000,662070000,0,0,113970000,0,0,0,0,0,0,0,0,1862820000,4850530000,0,0,0,0,0,7860000,0,2236170000,0,0,0,0,0,0,0,0,0,0,0,0,0,0,0,110040000,0,0,0,0,0,0,0,0,3930000,0,0,0,0,0,0,0,0,0,51090000,0,0,695610000,0,0,0,0,0,94320000,0,0,1300830000,0,0,0,0,2947500000,66810000,0,0,0,0,0,683820000,0,149340000,0,0,0,0,0,0,0,0,0,62880000,0,0,0,11790000,0,0,0,0,593430000,0,0,0,0,0,0,0,0,0,0,0,0,0,0,0,0,86460000,0,0,0,0,0,0,0,0,0,47160000,0,1706640000,141480000,0,0,0
"SVK",0,0,0,51090000,0,0,78600000,5360520000,0,0,0,0,0,0,0,0,0,0,0,0,0,8338440000,0,0,0,475530000,0,0,0,0,0,0,0,0,0,0,0,0,0,0,0,0,0,0,0,0,3930000,0,0,0,0,0,0,4511640000,0,0,0,0,0,13350210000,23580000,0,0,474390000,0,0,0,0,0,0,0,0,48827430000,1776330000,0,0,0,0,0,23580000,0,6567030000,0,0,0,23580000,0,0,0,0,0,0,0,51090000,0,0,0,0,0,2143430000,0,0,0,0,0,0,0,0,0,0,0,0,0,0,0,0,2692050000,0,0,0,0,0,0,0,0,27510000,0,0,79724070000,0,0,0,0,47904610000,1501260000,0,0,0,0,0,11330120000,0,11790000,0,0,0,0,0,0,0,0,47160000,0,0,0,0,3218670000,0,0,0,7639920000,11487390000,0,0,0,0,0,0,0,0,0,0,11314470000,0,0,0,18895440000,0,35370000,0,0,0,0,0,0,0,0,0,3945720000,0,165060000,15720000,0,0,0
"SGP",0,15720000,0,0,0,0,212658170000,0,0,377280000,0,668100000,0,0,0,0,448020000,0,0,11790000,2456220000,0,263280000,0,31440000,16925190000,0,0,4558760000,0,1151490000,54261400000,0,0,0,0,0,0,19650000,0,11790000,0,0,0,467670000,0,1914270000,334050000,0,0,0,117450000,62640000,995400000,3930000,3930000,0,0,0,0,0,3930000,0,3930000,0,0,1289040000,0,0,0,66810000,9767190000,0,0,0,23243420000,26073490000,2074950000,0,0,15373630000,3930000,0,903900000,0,534722160000,235800000,0,773520000,588180000,0,41395850000,484800000,389070000,0,2422260000,0,0,19650000,153270000,86460000,298680000,0,74358580000,322230000,0,0,0,11790000,0,514830000,345840000,0,0,0,0,1798030000,0,0,0,11790000,44816610000,0,0,53700000,0,5913840000,1450170000,0,196500000,0,864600000,19624650000,208800000,0,0,0,0,102180000,0,0,0,6.717e+09,0,0,0,0,12816150000,0,62880000,0,0,0,0,0,29089020000,4436640000,0,0,0,0,4114800000,5836590000,0,9097640000,0,41950510000,0,0,0,271140000,0,381210000,8336610000,0,0,3930000,1862820000,155506560000,0,0,0,0,6387560000,7860000,428370000,0,0,5403600000,0,0,0,0,0,0
"SOM",0,0,0,0,0,0,0,0,0,0,0,0,0,0,0,0,0,0,0,0,0,0,0,0,0,0,0,0,0,0,0,0,0,0,0,0,0,0,0,0,0,0,0,0,0,0,0,0,0,0,0,0,0,0,0,0,0,0,0,0,0,0,0,0,0,0,0,0,0,0,0,0,0,0,0,0,0,0,0,0,0,0,0,0,0,0,0,0,0,0,0,0,0,0,0,0,0,0,0,0,0,0,0,0,0,0,0,0,0,0,0,0,0,0,0,0,0,0,0,0,0,0,0,0,0,0,0,0,0,0,0,0,0,0,0,0,0,0,0,0,0,0,0,0,0,0,0,0,0,0,0,0,0,0,0,0,0,0,0,0,0,0,0,0,0,0,0,0,0,0,0,0,0,0,0,0,0,0,0,0,0,0,0,0,0,0,0,0,0,0,0,0,0,0,0
"ZAF",0,0,0,0,0,0,294750000,0,0,0,0,7860000,0,0,0,0,0,0,0,0,0,0,0,0,0,117900000,0,0,0,0,27510000,0,0,176850000,157200000,0,0,0,145410000,0,7860000,10470000,0,0,0,0,880320000,0,3930000,0,0,0,0,448020000,0,0,0,0,0,7860000,0,966780000,0,55020000,0,0,0,0,0,0,0,0,0,0,0,86460000,106110000,0,0,47160000,0,0,6540000,0,0,7860000,0,0,165060000,0,0,0,180780000,0,0,161130000,0,0,0,0,0,372030000,2175440000,0,19650000,0,0,58950000,5031510000,0,0,0,14900950000,0,0,0,328560000,0,0,0,0,106110000,0,0,385140000,15720000,0,0,0,0,0,0,0,0,0,0,0,0,0,2479520000,0,0,0,0,0,0,0,23222370000,0,656310000,0,11790000,0,593430000,0,0,168990000,0,0,0,0,19650000,0,0,0,596040000,0,0,0,0,0,0,3930000,2542710000,180780000,0,734910000,0,263310000,0,0,0,0,0,3930000,0,651030000,11335410000,0,0,0,0,0,0,0
"ESP",7860000,7860000,19650000,19783820000,0,9380880000,1606620000,2859990000,0,140160000,0,970710000,0,0,1812660000,0,2166600000,0,0,0,0,6851670000,0,0,161130000,2281990000,58950000,0,11790000,0,9297960000,1021440000,932010000,0,0,0,572190000,373350000,1244310000,0,0,1725900000,0,1350660000,8280000,196500000,8544210000,293730000,668100000,1085970000,0,0,1807980000,216797090000,3930000,0,248640000,0,31440000,71654630000,191070000,0,0,24254100000,0,0,627300000,157200000,0,0,75690000,551490000,2635840000,1232550000,3930000,168990000,602580000,622080000,82530000,2466540000,3472740000,86432380000,51090000,19860000,31440000,22731790000,1142460000,0,0,0,0,5039680000,531670000,459680000,0,1437750000,0,58950000,415800000,2239860000,3930000,0,0,141480000,23580000,0,433530000,176850000,0,5287560000,15720000,27827950000,0,772620000,0,0,23460130000,0,265920000,580800000,0,53520000,13050000,0,3930000,1273680000,408720000,68070000,1884330000,0,19650000,1137810000,2145780000,12613230000,185980160000,7860000,0,0,3930000,0,4341030000,0,22529570000,0,0,0,0,1485870000,1340490000,27510000,538410000,996120000,3402180000,224010000,0,4733100000,0,0,0,0,5732700000,11044300000,1759050000,0,88920000,0,23580000,102180000,0,0,0,3094770000,989760000,1774530000,0,0,49801130000,7812900000,44717380000,0,1350910000,1057050000,1640490000,33960000,0,0,15720000,0,53850990000,0,5515190000,0,0,0,0
"SUR",0,0,0,0,0,0,0,0,0,0,0,0,0,0,0,0,0,0,0,0,0,0,0,0,0,0,0,0,0,0,0,0,0,0,0,0,0,0,0,0,0,0,0,0,0,0,0,0,0,0,0,0,0,0,0,0,0,0,0,0,0,0,0,0,0,0,0,0,0,0,0,0,0,0,0,0,0,0,0,0,0,0,0,0,0,0,0,0,0,0,0,0,0,0,0,0,0,0,0,0,0,0,0,0,0,0,0,0,0,0,0,0,0,0,0,0,0,0,0,0,0,0,0,0,0,0,0,0,0,0,0,0,0,0,0,0,0,0,0,0,0,0,0,0,0,0,0,0,0,0,0,0,0,0,0,0,0,0,0,0,0,0,0,0,0,0,0,0,0,0,0,0,0,0,0,0,0,0,0,0,0,0,0,0,0,0,0,0,0,0,0,0,0,0,0
"TJK",0,0,0,0,0,0,0,0,0,0,0,0,0,0,0,0,0,0,0,0,0,0,0,0,0,0,0,0,0,0,0,0,0,0,0,0,0,0,0,0,0,0,0,0,0,0,0,0,0,0,0,0,0,0,0,0,0,0,0,0,0,0,0,0,0,0,0,0,0,0,0,0,0,0,0,0,0,0,0,0,0,0,0,0,0,0,0,0,0,0,0,0,0,0,0,0,0,0,0,0,0,0,0,0,0,0,0,0,0,0,0,0,0,0,0,0,0,0,0,0,0,0,0,0,0,0,0,0,0,0,0,0,0,0,0,0,0,0,0,0,0,0,0,0,0,0,0,0,0,0,0,0,0,0,0,0,0,0,0,0,0,0,0,0,0,0,0,0,0,0,0,0,0,0,0,0,0,0,0,0,0,0,0,0,0,0,0,0,0,0,0,0,0,0,0
"SWZ",0,0,0,0,0,0,0,0,0,0,0,0,0,0,0,0,0,0,0,0,0,0,0,0,0,0,0,0,0,0,0,0,0,0,0,0,0,0,0,0,0,0,0,0,0,0,0,0,0,0,0,0,0,0,0,0,0,0,0,0,0,0,0,0,0,0,0,0,0,0,0,0,0,0,0,0,0,0,0,0,0,0,0,0,0,0,0,0,0,0,0,0,0,0,0,0,0,0,0,0,0,0,0,0,0,0,0,0,0,0,0,0,0,0,0,0,0,0,0,0,0,0,0,0,0,0,0,0,0,0,0,0,0,0,0,0,0,0,0,0,0,0,0,0,0,0,0,0,0,0,0,0,0,0,0,0,0,0,0,0,0,0,0,0,0,0,0,0,0,0,0,0,0,0,0,0,0,0,0,0,0,0,0,0,0,0,0,0,0,0,0,0,0,0,0
"SWE",0,0,0,518760000,0,39300000,1006080000,7498440000,0,0,0,424440000,0,0,0,0,74850000,0,0,0,0,448020000,0,0,0,2023950000,0,0,0,0,0,1201830000,0,0,0,0,11790000,0,66810000,0,0,62070240000,0,0,103470000,0,0,0,0,2601660000,47160000,0,47289780000,42662640000,0,0,66810000,0,0,43117800000,0,0,0,813510000,0,0,0,0,0,0,0,223260000,1634880000,483390000,1819590000,0,707400000,0,0,357630000,47160000,1961070000,0,11790000,0,1159350000,0,0,0,0,51090000,0,1182930000,2051460000,0,461070000,0,0,0,5246550000,0,0,0,86460000,0,0,3930000,0,0,0,0,0,0,0,15720000,0,41165430000,0,0,3930000,0,1367640000,0,0,0,75774090000,0,0,1476360000,0,0,3930000,0,2562720000,3.93e+08,0,0,0,0,0,3.93e+08,0,4284960000,0,0,0,0,876390000,0,0,0,247590000,1450170000,279030000,0,0,5439120000,0,0,0,0,6641700000,0,0,1383360000,0,47160000,0,0,0,0,0,495180000,161130000,0,0,27725400000,3930000,13120020000,0,0,0,0,55020000,0,0,0,0,7.773e+09,2038350000,0,11790000,0,0,0
"CHE",113970000,0,70740000,1564140000,0,1797300000,33047370000,22407450000,19650000,368100000,31440000,7860000,0,0,51090000,0,9460800000,0,23580000,0,212220000,3419100000,0,0,3930000,48645540000,0,0,722370000,0,1528770000,2066790000,459810000,0,0,0,400860000,0,7.86e+08,153270000,0,5250480000,7860000,11790000,78600000,23580000,1862820000,3930000,0,66810000,0,35370000,3878910000,93434760000,0,0,7860000,3930000,0,145709130000,0,0,0,0,0,0,66810000,0,15720000,3930000,35370000,8928750000,919620000,326190000,1079430000,1731780000,2118270000,306540000,546270000,381210000,6830340000,49615340000,3930000,314400000,49770000,6601320000,487320000,0,168990000,0,0,2098620000,2900970000,15720000,0,1909980000,0,0,703470000,137550000,0,0,0,1909980000,231870000,0,448020000,0,176850000,1359780000,15720000,286890000,0,11790000,0,184710000,35437980000,0,0,703470000,0,1076820000,0,0,0,3501630000,129690000,715260000,2035740000,0,369420000,235800000,13458180000,5686710000,4722540000,0,0,0,1375500000,0,1953210000,0,7292520000,0,0,0,0,5569680000,0,0,0,998220000,6067920000,7909380000,0,7011120000,20176620000,0,0,0,19905450000,0,467670000,0,2982380000,15720000,3122850000,0,0,78600000,448020000,561990000,6068710000,10550550000,27510000,0,102112410000,247590000,68843340000,0,3077190000,3930000,1978110000,526620000,15720000,78600000,0,0,21582620000,813510000,1717410000,0,0,0,0
"SYR",0,0,0,2322630000,0,0,0,0,0,94320000,0,0,0,0,0,0,0,0,0,0,0,0,0,0,0,0,0,0,0,0,0,0,0,0,0,0,0,0,0,0,0,0,0,0,0,0,157200000,0,0,0,0,0,0,55020000,0,0,0,0,0,0,0,0,0,0,0,0,0,0,0,0,0,0,0,0,0,0,0,0,9603330000,0,0,0,0,0,0,0,20265540000,0,0,0,0,0,6677070000,0,0,4016460000,0,0,1564140000,0,0,0,0,0,0,0,0,0,0,0,0,0,0,0,0,0,0,0,0,0,0,0,0,0,0,0,0,0,0,0,0,0,0,0,0,0,0,0,239730000,0,0,0,0,0,0,0,0,10162980000,0,0,0,0,0,0,0,0,0,0,0,0,0,0,0,0,125760000,0,0,0,0,0,302610000,664170000,0,5384100000,0,0,0,0,0,0,0,0,235800000,0,0,3788520000,0,0,0,0,0,0,0,0,0
"TKM",0,0,0,0,0,0,0,0,0,0,0,0,0,0,0,0,0,0,0,0,0,0,0,0,0,0,0,0,0,0,0,0,0,0,0,0,0,0,0,0,0,0,0,0,0,0,0,0,0,0,0,0,0,0,0,0,0,0,0,0,0,0,0,0,0,0,0,0,0,0,0,0,0,0,0,0,0,0,0,0,0,0,0,0,0,0,0,0,0,0,0,0,0,0,0,0,0,0,0,0,0,0,0,0,0,0,0,0,0,0,0,0,0,0,0,0,0,0,0,0,0,0,0,0,0,0,0,0,0,0,0,0,0,0,0,0,0,0,0,0,0,0,0,0,0,0,0,0,0,0,0,0,0,0,0,0,0,0,0,0,0,0,0,0,0,0,0,0,0,0,0,0,0,0,0,0,0,0,0,0,0,0,0,0,0,0,0,0,0,0,0,0,0,0,0
"TWN",0,0,0,0,0,0,36660000,0,0,0,0,0,0,0,0,0,0,0,0,0,3930000,0,0,0,0,47160000,0,0,0,0,0,436770000,0,0,0,0,0,0,0,0,0,0,0,0,0,0,0,0,0,0,0,0,0,0,0,0,0,0,0,0,0,102180000,0,0,0,0,0,0,0,0,0,489900000,0,0,0,0,3930000,0,0,0,0,0,0,0,0,49770000,0,0,0,0,0,3930000,0,0,0,0,0,0,0,0,102180000,0,0,86460000,0,0,0,0,0,0,0,0,0,0,0,0,0,0,0,0,0,3930000,0,0,3930000,0,0,0,0,0,0,0,157200000,0,0,0,0,0,0,0,0,0,0,0,0,0,0,0,0,0,0,0,0,231870000,0,0,0,0,0,0,0,0,0,0,0,0,0,0,0,0,0,0,0,0,0,0,7860000,0,86460000,0,0,0,0,43230000,0,0,0,0,0,0,0,0,0,0,0
"TZA",0,0,0,8528400000,0,0,0,3930000,0,7860000,7860000,0,0,0,0,0,0,0,0,0,0,0,0,0,0,1366200000,0,0,0,0,0,0,0,0,0,0,0,0,3930000,0,0,0,0,0,0,0,0,0,0,0,0,0,0,1373010000,0,0,0,0,0,3423780000,0,0,0,422280000,0,0,0,0,0,0,0,0,0,0,0,865260000,0,0,0,0,0,1245930000,0,0,0,0,0,0,0,0,0,0,0,0,0,0,0,0,0,0,0,0,0,1453140000,0,0,0,0,0,0,0,0,0,0,0,0,13960080000,0,0,0,0,0,0,0,0,0,74520000,0,0,0,0,0,0,0,0,0,0,0,0,0,0,0,0,0,0,0,0,0,0,0,0,0,0,0,0,214860000,13057560000,0,0,0,0,19650000,0,0,0,0,3930000,0,0,0,0,0,0,487890000,0,0,3930000,0,1312380000,0,0,0,0,0,0,0,0,0,24028560000,0,0,0,0,0,0
"THA",0,0,0,0,0,0,19872450000,0,0,774210000,0,133530000,0,0,0,0,0,0,0,0,361560000,0,5384220000,0,0,389070000,0,0,409800000,0,0,545520000,0,0,0,0,0,0,0,0,58950000,3930000,0,0,0,0,300180000,0,0,0,0,113970000,11790000,55302990000,0,0,0,0,0,592170000,0,0,3930000,0,0,0,328860000,0,0,0,0,296550000,401940000,0,0,852510000,39300000,764010000,0,0,133620000,0,0,0,0,11138490000,0,0,2.61e+08,1874460000,3930000,121830000,73080000,0,2736330000,0,0,0,0,508950000,0,0,0,24540660000,3930000,0,0,0,0,1.3311e+10,0,0,214320000,0,0,0,1703670000,0,0,0,35310000,2206080000,0,0,0,11790000,4595430000,0,0,35370000,0,0,82500000,0,0,0,0,0,0,0,0,0,130500000,0,0,0,0,306540000,39300000,3930000,0,0,0,749820000,0,11177340000,2610000,0,0,0,23580000,0,2469060000,0,2645340000,19650000,0,0,0,0,36540000,0,0,1235250000,0,0,353700000,0,35370000,0,0,255780000,0,3711110000,0,0,0,0,0,0,0,0,0,0,0
"TGO",0,0,5117040000,227700000,0,0,0,0,0,0,0,0,0,0,0,0,0,0,0,0,0,0,0,0,98250000,0,0,0,0,0,0,641700000,0,0,66810000,0,0,0,0,0,0,0,0,0,0,0,0,0,31440000,1552500000,0,0,0,33416820000,0,0,0,0,0,129838680000,0,48057120000,0,0,0,0,0,0,0,0,0,2368080000,0,0,0,0,0,0,0,0,0,0,0,0,0,0,0,0,0,0,0,0,0,0,0,0,0,0,0,0,0,0,0,2430180000,0,0,0,0,0,0,0,0,0,0,0,0,25846020000,0,0,0,0,0,0,0,2111580000,0,0,0,0,0,0,0,0,8077140000,0,0,0,0,0,0,0,0,0,0,0,0,0,0,0,0,0,0,0,0,0,0,1229580000,0,0,0,0,0,0,0,0,0,0,0,0,0,0,0,0,0,0,0,20853180000,0,0,0,0,0,0,0,0,0,0,0,7269840000,0,0,0,0,0,0
"TON",0,0,0,0,0,0,0,0,0,0,0,0,0,0,0,0,0,0,0,0,0,0,0,0,0,0,0,0,0,0,0,0,0,0,0,0,0,0,0,0,0,0,0,0,0,0,0,0,0,0,0,0,0,0,0,0,0,0,0,0,0,0,0,0,0,0,0,0,0,0,0,0,0,0,0,0,0,0,0,0,0,0,0,0,0,0,0,0,0,0,0,0,0,0,0,0,0,0,0,0,0,0,0,0,0,0,0,0,0,0,0,0,0,0,0,0,0,0,0,0,0,0,0,0,0,0,0,0,0,0,0,0,0,0,0,0,0,0,0,0,0,0,0,0,0,0,0,0,0,0,0,0,0,0,0,0,0,0,0,0,0,0,0,0,0,0,0,0,0,0,0,0,0,0,0,0,0,0,0,0,0,0,0,0,0,0,0,0,0,0,0,0,0,0,0
"TTO",0,0,0,0,55020000,0,0,0,0,0,475530000,0,0,0,0,0,0,0,0,0,0,0,0,0,0,0,0,0,0,0,0,0,554130000,0,0,0,0,0,0,0,0,0,35370000,0,0,0,0,0,0,0,0,0,0,128340000,0,0,0,0,0,0,0,0,0,0,0,141480000,0,0,227940000,0,0,0,0,0,0,0,0,0,0,113970000,0,0,0,0,2149710000,161460000,0,0,0,0,0,0,0,0,0,0,0,0,0,0,0,0,0,0,0,0,0,0,0,0,0,0,0,0,0,0,103500000,0,0,0,0,0,0,0,0,0,0,0,0,0,0,0,0,0,0,0,0,0,0,0,0,0,0,15720000,282960000,141480000,0,0,0,0,0,0,0,0,0,0,0,161130000,0,0,0,0,0,0,581640000,0,0,0,0,0,0,0,0,0,0,0,0,0,210930000,0,0,0,0,0,0,0,0,0,1333080000,0,0,0,0,0,0
"OMN",0,0,0,23580000,0,0,153270000,0,0,463740000,0,15720000,0,0,0,0,0,0,0,0,0,0,0,0,0,0,0,0,0,0,0,0,0,0,0,0,0,0,0,0,0,0,0,0,0,0,35370000,0,0,0,0,0,0,0,0,0,0,0,0,3930000,0,0,0,0,0,0,0,0,0,0,0,0,0,0,0,133620000,0,70740000,2295120000,0,0,0,0,0,0,0,1854960000,0,0,0,0,0,707400000,0,0,208290000,0,0,0,0,0,0,0,0,0,0,0,0,0,0,0,19650000,0,0,0,0,0,0,0,0,0,0,0,0,0,0,3930000,0,0,0,0,0,0,0,0,0,0,0,1403010000,0,0,0,0,0,0,0,0,5537370000,0,0,0,0,0,0,0,0,0,0,0,0,0,0,121830000,0,0,0,0,0,0,0,0,0,0,7026840000,0,0,11790000,0,0,0,0,0,0,0,0,157200000,0,0,0,0,0,0,0,0,0
"TUN",0,0,0,6328230000,0,0,0,0,0,117900000,0,0,0,0,0,0,0,0,0,0,0,0,0,0,51090000,0,0,0,0,0,0,0,0,0,0,0,0,0,0,0,0,0,0,0,0,0,369420000,0,0,720360000,0,0,0,290820000,0,0,0,0,0,2.082e+09,0,0,0,0,0,0,0,0,0,0,0,0,0,0,0,0,0,0,70740000,0,0,0,35370000,0,0,0,23580000,0,0,0,0,0,0,0,0,43230000,0,0,6951870000,0,0,0,0,82530000,0,0,0,78600000,0,0,0,4095060000,0,0,0,0,28710000,0,0,0,0,0,0,0,0,0,0,2420880000,0,0,0,0,0,0,0,0,0,0,0,0,0,0,0,0,0,0,0,31440000,0,0,0,0,0,0,0,0,0,0,0,0,0,0,0,0,0,0,0,0,0,0,0,0,0,286890000,0,0,0,0,0,0,0,0,0,0,27510000,286320000,0,0,0,0,0,0,0,0,0
"TUR",0,3171510000,19312950000,109791930000,0,212220000,514830000,361650000,0,2515200000,133620000,954990000,0,0,640590000,0,1033590000,0,0,0,27510000,19723830000,7860000,0,975900000,2676330000,180780000,0,0,11790000,707400000,3690270000,951060000,0,1709550000,0,947130000,0,6324510000,27244310000,1646670000,86460000,3930000,2141850000,267240000,0,7097090000,7860000,58950000,153270000,0,7860000,3930000,1016550000,27510000,951060000,15141450000,94320000,86460000,9348510000,8903490000,2145780000,0,9263930000,0,0,947130000,365490000,451950000,412650000,9380910000,829170000,2257110000,21298770000,0,4499850000,0,25491530000,232310310000,3930000,30188170000,2050140000,1851030000,23476680000,389070000,98250000,12063780000,43729860000,357630000,66810000,0,1182930000,7408050000,341910000,0,10953780000,0,282960000,41443140000,3324780000,0,129690000,0,330120000,15720000,389070000,172920000,1803870000,247590000,1433550000,1925700000,12610050000,373350000,4085430000,3930000,98250000,3305280000,0,0,11391570000,0,78600000,0,326190000,8323740000,27510000,526620000,1803870000,4334790000,0,0,0,483390000,821370000,2747070000,3930000,0,0,1866750000,0,36690720000,27510000,21312670000,0,0,0,110040000,27129590000,1340130000,0,86460000,98250000,3054150000,1587720000,0,2216520000,483390000,180780000,38253030000,0,1418730000,723720000,7836820000,27529590000,821370000,695610000,27510000,102180000,0,3.93e+08,1520910000,3835440000,0,24723630000,129690000,0,7677900000,7068540000,1842110000,35370000,0,8278440000,1898190000,361560000,851490000,25179510000,106110000,82500000,1134780000,0,0,0,0,0,6657420000
"ARE",121830000,416580000,0,137400000,0,0,141480000,7860000,0,5984070000,0,247590000,0,0,0,0,3930000,0,55020000,0,31440000,0,55020000,0,121830000,31440000,0,0,106110000,0,70740000,102180000,0,94320000,27510000,0,0,0,0,58950000,23580000,0,0,0,0,0,2126130000,0,23580000,0,0,0,0,463740000,0,357420000,0,82530000,66810000,43230000,0,251520000,0,11790000,0,0,0,102180000,0,0,0,247590000,0,0,0,8643360000,58950000,1802430000,1870530000,0,0,7860000,137550000,7860000,0,120420000,1.572e+09,0,561990000,0,0,3930000,19005480000,0,0,923550000,0,620940000,1147560000,0,0,47160000,0,770280000,216150000,0,23580000,0,51090000,0,0,6075780000,165060000,0,78600000,0,1065030000,0,0,0,0,23580000,0,0,133620000,0,2931780000,0,0,35370000,0,66810000,141480000,0,0,0,0,0,9078300000,0,0,66810000,0,0,0,0,0,38069910000,420510000,699540000,66810000,0,0,1033590000,1084680000,4562730000,19650000,0,0,0,0,11790000,0,0,0,550200000,35370000,55020000,0,0,12340380000,23580000,7860000,0,7860000,0,373350000,0,275100000,0,0,0,0,51090000,3930000,8315880000,0,0,0,0,0,0,0,0,0
"UGA",0,0,0,0,0,0,0,0,0,0,0,0,0,0,0,0,0,0,0,0,0,471960000,0,0,0,0,0,0,0,0,0,2649600000,0,0,0,0,0,0,0,0,0,0,0,0,0,0,125760000,0,0,0,0,0,0,8070000,0,0,0,0,0,1635300000,0,0,0,0,0,0,0,0,0,0,0,0,0,0,0,1900260000,0,0,0,0,0,99360000,0,0,0,0,0,0,142950000,0,0,0,0,0,0,0,0,0,0,0,0,0,0,1.035e+09,0,0,0,0,0,0,0,0,0,0,0,0,5460660000,0,0,0,0,0,0,0,0,0,0,0,0,0,0,0,0,298080000,0,0,0,0,0,0,0,0,0,0,0,0,0,4140000,0,0,0,0,0,13235580000,0,0,5059080000,0,0,0,0,21648630000,0,0,0,0,0,0,0,0,0,0,103500000,19650000,0,0,22985280000,0,6094080000,0,0,0,0,0,0,0,32700000,0,3709440000,0,0,0,0,0,0
"TUV",0,0,0,0,0,0,0,0,0,0,0,0,0,0,0,0,0,0,0,0,0,0,0,0,0,0,0,0,0,0,0,0,0,0,0,0,0,0,0,0,0,0,0,0,0,0,0,0,0,0,0,0,0,0,0,0,0,0,0,0,0,0,0,0,0,0,0,0,0,0,0,0,0,0,0,0,0,0,0,0,0,0,0,0,0,0,0,0,0,0,0,0,0,0,0,0,0,0,0,0,0,0,0,0,0,0,0,0,0,0,0,0,0,0,0,0,0,0,0,0,0,0,0,0,0,0,0,0,0,0,0,0,0,0,0,0,0,0,0,0,0,0,0,0,0,0,0,0,0,0,0,0,0,0,0,0,0,0,0,0,0,0,0,0,0,0,0,0,0,0,0,0,0,0,0,0,0,0,0,0,0,0,0,0,0,0,0,0,0,0,0,0,0,0,0
"GBR",0,341910000,0,0,141480000,86460000,18334980000,5407580000,588150000,1402980000,703440000,153270000,0,0,176850000,0,365490000,0,82530000,0,40090000,188640000,0,0,0,52863780000,0,0,4.176e+09,0,770280000,656310000,78600000,0,0,0,159780000,0,5869500000,51090000,11790000,22232010000,15720000,0,0,0,5325570000,0,0,7860000,990270000,0,4333470000,137099710000,3930000,0,0,0,58950000,52466840000,11790000,455880000,0,10535610000,0,66810000,0,0,444090000,0,0,5716770000,844950000,1800870000,2387760000,755760000,3930000,7860000,1214370000,284531400000,754470000,13485690000,51090000,0,451950000,19853430000,2282880000,0,5179590000,0,0,2072560000,9634680000,39300000,0,2327190000,0,0,990360000,137250000,3930000,0,0,6588930000,3930000,0,5626710000,0,3930000,326100000,0,769140000,0,0,2610000,31440000,124136540000,0,0,0,0,3033960000,0,0,1206150000,13620060000,522690000,15720000,7588200000,0,0,133620000,1587720000,50275350000,2697560000,0,0,0,1731660000,0,728940000,0,6835010000,11790000,108720000,43230000,0,13351830000,0,3930000,90390000,139710000,310470000,2895600000,0,5029590000,27277210000,200340000,0,0,20741970000,5896400000,3853780000,0,318330000,168990000,141480000,0,0,2268720000,598650000,193140000,5026070000,16807380000,15720000,0,0,39300000,84131890000,11790000,117900000,0,7860000,0,0,324870000,0,19650000,81654630000,19650000,0,0,0,0,1197300000
"UKR",34006140000,1006080000,0,0,0,0,27510000,0,0,0,0,0,0,0,0,0,0,0,0,0,0,279030000,0,0,0,577710000,0,0,0,0,0,7860000,0,0,0,0,0,0,0,78018330000,0,0,0,0,43307280000,0,0,0,0,4278450000,0,0,3426960000,0,0,0,76219320000,0,0,4093740000,0,0,0,294750000,0,0,0,0,0,0,0,0,0,94320000,0,0,0,0,0,0,5537370000,0,0,168145050000,0,0,0,49675200000,0,0,0,0,0,15692490000,0,0,0,0,0,16443120000,0,0,0,0,0,0,0,0,0,0,31746540000,0,0,49856640000,0,0,496620000,0,0,15720000,0,0,0,0,0,0,0,0,192570000,0,0,0,0,39300000,0,0,0,0,0,0,106110000,0,740655100000,0,0,0,0,0,0,0,0,0,149340000,0,0,0,98250000,0,37928430000,0,609150000,0,0,48881340000,0,0,7860000,0,0,0,0,0,0,0,0,0,113970000,0,3466260000,0,0,1481610000,0,0,0,0,0,0,0,0,0,0,0,0,0
"USA",0,0,0,0,483390000,3368370000,22413150000,19650000,4109430000,1260210000,2366040000,127980000,0,0,1713480000,0,7207690000,0,1210440000,0,165060000,0,0,0,0,1454701820000,0,0,2059320000,0,12142260000,40549710000,30491520000,0,0,0,11289300000,0,11790000,0,0,2608680000,85710000,12210570000,0,4051920000,706530000,9113790000,55020000,0,0,47160000,2073750000,2803200000,970710000,0,47160000,0,0,9710290000,0,5220000,0,662670000,0,86460000,9532620000,23580000,62850000,436230000,5965500000,26779860000,11790000,0,1505190000,1356510000,1773600000,0,0,196500000,7744590000,1002150000,0,0,5167920000,61596930000,2557110000,0,78600000,188640000,0,74370390000,3590880000,86460000,0,880320000,0,0,106110000,0,672030000,0,0,9492030000,3930000,0,0,0,0,522690530000,7860000,15720000,0,0,31440000,106110000,17521020000,0,0,0,0,3302100000,2737260000,0,110040000,802140000,471600000,22782840000,0,0,133620000,22109280000,52948410000,78600000,561990000,0,0,0,2052690000,0,49590000,0,16056490000,133620000,467140000,255450000,0,16203330000,0,19650000,3930000,110040000,47160000,33390900000,0,4289610000,2613450000,856740000,0,0,227940000,538410000,11790000,0,36973680000,0,7244370000,0,39300000,8154500000,505650000,0,396930000,26306970000,0,0,16969700000,318540000,0,7860000,750630000,0,13986870000,2520420000,0,47160000,3930000,0,3635370000,0,503040000,0,0,0,0
"BFA",0,0,0,0,0,0,0,0,0,0,0,0,0,0,0,0,0,0,0,0,0,0,0,0,0,0,0,0,0,0,0,0,0,0,0,0,0,0,0,0,0,0,0,0,0,0,0,0,0,0,0,0,0,0,0,0,0,0,0,0,0,0,0,0,0,0,0,0,0,0,0,0,0,0,0,0,0,0,0,0,0,0,0,0,0,0,0,0,0,0,0,0,0,0,0,0,0,0,0,0,0,0,0,0,0,0,0,0,0,0,0,0,0,0,0,0,0,0,0,0,0,0,0,0,0,0,0,0,0,0,0,0,0,0,0,0,0,0,0,0,0,0,0,0,0,0,0,0,0,0,0,0,0,0,0,0,0,0,0,0,0,0,0,0,0,0,0,0,0,0,0,0,0,0,0,0,0,0,0,0,0,0,0,0,0,0,0,0,0,0,0,0,0,0,0
"URY",0,0,0,0,0,973440000,0,0,0,0,0,0,0,0,0,0,9256500000,0,0,0,0,0,0,0,593430000,314400000,0,0,0,0,966780000,15720000,0,0,43230000,0,0,0,0,0,0,0,0,0,0,0,0,0,0,0,0,0,0,39300000,0,0,0,78600000,184710000,0,0,172920000,0,0,0,0,0,640590000,0,0,0,0,0,0,0,0,0,0,0,0,0,0,0,0,0,0,0,0,0,0,0,0,0,0,0,0,0,279030000,0,0,0,172920000,0,0,0,0,0,0,0,0,0,0,0,0,0,0,0,0,0,0,0,0,31440000,0,0,0,0,220080000,0,0,699540000,168990000,0,0,0,86460000,0,0,0,0,0,0,0,0,0,0,0,0,43230000,0,39300000,0,0,0,0,0,3930000,0,0,0,0,0,0,0,0,0,0,644520000,0,0,0,0,0,0,0,0,0,0,3918210000,196500000,0,0,0,0,0,0,0,0,0,0,0,0,0,0,0
"UZB",0,0,0,0,0,0,0,0,0,0,0,0,0,0,0,0,0,0,0,0,0,0,0,0,0,0,0,0,0,0,0,0,0,0,0,0,0,0,0,0,0,0,0,0,0,0,0,0,0,0,0,0,0,0,0,0,0,0,0,0,0,0,0,0,0,0,0,0,0,0,0,0,0,0,0,0,0,0,0,0,0,0,0,0,0,0,0,0,0,0,0,0,0,0,0,0,0,0,0,0,0,0,0,0,0,0,0,0,0,0,0,0,0,0,0,0,0,0,0,0,0,0,0,0,0,0,0,0,0,0,0,0,0,0,0,0,0,0,0,0,0,0,0,0,0,0,0,0,0,0,0,0,0,0,0,0,0,0,0,0,0,0,0,0,0,0,0,0,0,0,0,0,0,0,0,0,0,0,0,0,0,0,0,0,0,0,0,0,0,0,0,0,0,0,0
"VEN",0,0,0,0,0,49680000,0,0,0,0,0,0,0,0,0,0,0,0,0,0,0,0,0,0,0,0,0,0,0,0,11790000,0,6790590000,0,0,0,0,0,0,0,0,0,0,0,0,0,0,0,0,0,0,0,0,1817800000,0,0,0,0,0,2303640000,0,0,0,0,0,0,0,0,0,0,0,0,0,0,0,0,0,0,0,0,0,335340000,0,0,0,15185520000,0,0,0,0,0,0,0,0,0,0,0,0,0,0,0,0,0,0,0,0,0,0,0,0,0,0,0,0,0,0,5114130000,0,0,0,0,0,0,0,0,0,0,0,0,0,0,0,0,0,0,0,0,0,0,0,0,0,0,0,0,0,0,0,0,0,0,0,0,0,0,0,300120000,0,0,0,0,0,0,0,0,0,0,0,0,15720000,0,0,0,0,0,0,153180000,0,4445550000,0,0,0,0,0,0,0,0,0,8280000,0,0,0,0,0,0
"VNM",0,0,0,0,0,0,0,0,0,0,0,0,0,0,0,0,0,0,0,0,0,0,0,0,0,0,0,0,0,0,0,0,0,0,0,0,0,0,0,0,0,0,0,0,0,0,0,0,0,0,0,0,0,0,0,0,0,0,0,0,0,0,0,0,0,0,0,0,0,0,0,0,0,0,0,0,0,0,0,0,0,0,0,0,0,0,0,0,0,0,0,0,0,0,0,0,0,0,0,0,0,0,0,0,0,0,0,0,0,0,0,0,0,0,0,0,0,0,0,0,0,0,0,0,0,0,0,0,0,0,0,0,0,0,0,0,0,0,0,0,0,0,0,0,0,0,0,0,0,0,0,0,0,0,0,0,0,0,0,0,0,0,0,0,0,0,0,0,0,0,0,0,0,0,0,0,0,0,0,0,0,0,0,0,0,0,0,0,0,0,0,0,0,0,0
"ETH",0,0,0,0,0,0,0,0,0,0,0,0,0,0,0,0,0,0,0,0,0,0,0,0,0,0,0,0,0,0,0,0,0,0,0,0,0,0,0,0,0,0,0,0,0,0,0,0,0,0,0,0,0,0,0,0,0,0,0,0,0,0,0,0,0,0,0,0,0,0,0,0,0,0,0,0,0,0,0,0,0,0,0,0,0,0,0,0,0,0,0,0,0,0,0,0,0,0,0,0,0,0,0,0,0,0,0,0,0,0,0,0,0,0,0,0,0,0,0,0,0,0,0,0,0,0,0,0,0,0,0,0,0,0,0,0,0,0,0,0,0,0,0,0,0,0,0,0,0,0,0,0,0,0,0,0,0,0,0,0,0,0,0,0,0,0,0,0,0,0,0,0,0,0,0,0,0,0,0,0,0,0,0,0,0,0,0,0,0,0,0,0,0,0,0
"YEM",0,0,0,0,0,0,0,0,0,0,0,0,0,0,0,0,0,0,0,0,0,0,0,0,0,0,0,0,0,0,0,0,0,0,0,0,0,0,0,0,0,0,0,0,0,0,0,0,0,0,0,0,0,0,0,27510000,0,0,0,0,0,0,0,0,0,0,0,0,0,0,0,0,0,0,0,0,0,0,0,0,0,0,0,0,0,0,0,0,102180000,0,0,0,0,0,0,0,0,0,0,0,0,0,0,43230000,0,0,0,0,0,0,0,0,3930000,0,0,0,0,0,0,0,0,0,0,0,0,0,0,0,0,0,0,0,0,0,0,0,0,0,0,0,0,0,0,0,0,0,0,74670000,0,0,0,0,0,0,19860000,640590000,0,0,0,0,0,0,0,0,0,0,0,0,0,0,66810000,0,0,0,0,0,11790000,0,0,0,0,0,0,0,0,0,0,0,0,0,0,0,0,0,0
"COD",0,0,0,0,0,0,0,0,0,0,0,0,0,0,0,0,0,0,0,0,0,0,0,0,0,0,0,0,0,0,0,0,0,0,0,0,0,0,0,0,0,0,0,0,0,0,0,0,0,0,0,0,0,0,0,0,0,0,0,0,0,0,0,0,0,0,0,0,0,0,0,0,0,0,0,0,0,0,0,0,0,0,0,0,0,0,0,0,0,0,0,0,0,0,0,0,0,0,0,0,0,0,0,0,0,0,0,0,0,0,0,0,0,0,0,0,0,0,0,0,0,0,0,0,0,0,0,0,0,0,0,0,0,0,0,0,0,0,0,0,0,0,0,0,0,0,0,0,0,0,0,0,0,0,0,0,0,0,0,0,0,0,0,0,0,0,0,0,0,0,0,0,0,0,0,0,0,0,0,0,0,0,0,0,0,0,0,0,0,0,0,0,0,0,0
"ZMB",0,0,0,0,0,0,0,0,0,0,0,0,0,0,0,121830000,0,0,0,0,0,0,0,0,0,0,0,0,0,0,0,0,0,0,0,0,0,0,0,0,0,0,0,0,0,0,0,0,0,0,0,0,0,0,0,0,0,0,0,0,0,0,0,0,0,0,0,0,0,0,0,0,0,0,0,0,0,0,0,0,0,0,0,0,0,0,0,0,0,0,0,0,0,0,0,0,0,0,0,0,0,0,133620000,0,0,0,0,0,0,0,0,0,0,0,0,0,0,0,0,0,0,0,0,0,0,0,0,0,0,0,0,0,0,0,0,0,0,0,0,3.93e+08,0,0,0,0,0,0,0,0,0,0,0,0,0,0,0,1300830000,0,0,0,7860000,0,0,0,0,0,0,0,0,0,0,0,0,0,0,0,0,0,0,0,0,0,0,0,0,0,0,41850000,0,0,0,0,0,0,0,0
"BEL",188640000,3930000,39300000,1460460000,0,337980000,33184700000,45892230000,11790000,838350000,19650000,3930000,0,0,0,0,5298330000,0,0,0,0,843630000,0,47160000,19650000,53361280000,47160000,0,39300000,74670000,3969300000,7751490000,110040000,26160000,0,0,176850000,31440000,1638030000,546270000,3930000,61113960000,0,227940000,247590000,1163280000,894820000,0,19650000,2054310000,3930000,15720000,7508130000,1108504740000,39300000,0,1112190000,3930000,19650000,917826350000,793980000,51090000,0,40024160000,0,0,11790000,19650000,3930000,0,3930000,5298480000,13791160000,3400770000,1740500000,817170000,556760000,577620000,0,18129700000,9005190000,195179740000,7860000,636660000,11790000,43690520000,1391220000,19650000,231870000,0,0,15469180000,3434820000,1121940000,0,9917030000,0,0,1336200000,9292120000,242280000,7110000,0,2524770000,430230000,27510000,628020000,23580000,534480000,2078970000,923550000,3201030000,0,15720000,0,15720000,809599680000,0,485820000,86460000,0,4714680000,23580000,0,43230000,22161010000,19650000,30060000,20129480000,0,55020000,376530000,1473750000,31578920000,24650250000,0,0,31440000,891330000,15720000,5549340000,70740000,17696130000,0,19650000,0,0,5039480000,444090000,28300000,0,4051830000,5843220000,4958710000,0,5034540000,123671670000,157200000,0,0,74386320000,20703660000,227190000,0,2659390000,15720000,1929880000,7860000,0,57570000,208290000,782040000,8492550000,7888440000,0,0,418342590000,1756980000,104336410000,0,365530000,0,51090000,617010000,117870000,43230000,1458030000,0,0,31428920000,2809050000,66810000,0,0,0
"LUX",0,0,0,0,0,0,0,0,0,0,0,0,0,0,0,0,0,0,0,0,0,0,0,0,0,0,0,0,0,0,0,0,0,0,0,0,0,0,0,23580000,0,0,0,0,0,0,0,0,0,0,0,0,0,2143410000,7860000,0,0,0,0,369420000,0,0,0,47160000,0,0,0,0,0,0,0,0,0,0,19650000,0,0,0,0,19650000,3930000,23580000,0,0,0,35370000,0,0,0,0,0,0,0,0,0,0,0,0,0,0,0,0,0,0,0,0,0,0,0,0,0,13080000,0,0,0,0,35370000,0,3930000,0,0,0,0,0,3930000,106110000,0,0,0,0,0,0,0,11790000,0,0,0,0,0,0,0,0,0,0,0,0,0,0,0,0,0,0,0,0,0,0,23580000,0,0,0,0,27510000,0,0,0,0,0,0,0,0,0,0,0,7860000,0,0,23580000,0,0,0,0,0,0,0,0,0,0,0,670650000,0,0,0,0,0,0
"SRB",0,0,463710000,0,0,0,322260000,216150000,0,0,0,0,0,0,0,0,0,0,0,0,0,640140000,0,0,0,220080000,0,0,0,0,0,0,0,31440000,0,0,0,0,19650000,0,0,0,0,0,0,0,0,0,0,0,0,0,0,176850000,0,0,0,0,0,1149210000,63424070000,0,503040000,121830000,0,0,0,0,0,0,0,0,1422660000,9018300000,0,0,0,3930000,19650000,0,0,23580000,0,0,0,0,0,0,0,0,0,0,0,0,0,0,0,0,0,0,0,0,0,0,0,0,0,0,0,0,0,0,0,0,0,0,754560000,0,0,57343790000,0,0,0,0,0,0,0,0,247590000,0,0,0,0,90390000,0,0,0,0,0,0,723120000,0,19650000,0,0,0,0,0,0,0,0,3420330000,7.86e+08,0,0,0,0,0,0,19650000,444090000,593430000,0,0,0,0,0,0,0,0,0,0,35370000,0,0,0,31440000,3930000,1721340000,0,0,0,0,0,0,0,0,0,0,0,0,0,0,0,0
"MNE",0,0,0,0,0,0,0,0,0,0,0,0,0,0,0,0,0,0,0,0,0,0,0,0,0,0,0,0,0,0,0,0,0,0,0,0,0,0,0,0,0,0,0,0,0,0,0,0,0,0,0,0,0,0,0,0,0,0,0,0,62880000,0,0,0,0,0,0,0,0,0,0,0,0,15720000,0,0,0,0,0,0,0,0,0,0,0,0,0,0,0,0,0,0,0,0,0,0,0,0,0,0,0,0,0,0,0,0,0,0,0,0,0,0,0,0,0,0,0,0,0,0,0,0,0,0,0,0,0,0,0,0,0,0,0,0,0,0,0,0,0,0,0,0,0,0,0,0,0,0,0,0,0,0,0,0,0,0,0,0,0,0,0,0,0,0,0,0,0,0,0,0,0,0,0,0,0,0,0,0,0,0,0,0,0,0,0,0,0,0,0,3930000,66810000,0,0,0,0
"SDN",0,0,0,0,0,0,0,0,0,0,0,0,0,0,0,0,0,0,0,0,0,0,0,0,0,0,0,0,0,0,0,0,0,0,0,0,0,0,0,0,0,0,0,0,0,0,0,0,0,0,0,0,0,0,0,0,0,0,0,0,0,0,0,0,0,0,0,0,0,0,0,0,0,0,0,0,0,0,0,0,0,0,0,0,0,0,0,0,0,0,0,0,0,0,0,0,0,0,0,0,0,0,0,0,0,0,0,0,0,0,0,0,0,0,0,0,0,0,0,0,0,0,0,0,0,0,0,0,0,0,0,0,0,0,0,0,0,0,0,0,0,0,0,0,0,0,0,0,0,0,0,0,0,0,0,0,0,0,0,0,0,0,0,0,0,0,0,0,0,0,0,0,0,0,0,0,0,0,0,0,0,0,0,0,0,0,0,0,0,0,0,0,0,0,0
"SSD",0,0,0,0,0,0,0,0,0,0,0,0,0,0,0,0,0,0,0,0,0,0,0,0,0,0,0,0,0,0,0,0,0,0,0,0,0,0,0,0,0,0,0,0,0,0,0,0,0,0,0,0,0,0,0,0,0,0,0,0,0,0,0,0,0,0,0,0,0,0,0,0,0,0,0,0,0,0,0,0,0,0,0,0,0,0,0,0,0,0,0,0,0,0,0,0,0,0,0,0,0,0,0,0,0,0,0,0,0,0,0,0,0,0,0,0,0,0,0,0,0,0,0,0,0,0,0,0,0,0,0,0,0,0,0,0,0,0,0,0,0,0,0,0,0,0,0,0,0,0,0,0,0,0,0,0,0,0,0,0,0,0,0,0,0,0,0,0,0,0,0,0,0,0,0,0,0,0,0,0,0,0,0,0,0,0,0,0,0,0,0,0,0,0,0
"PSE",0,0,0,0,0,0,0,0,0,0,0,0,0,0,0,0,0,0,0,0,0,0,0,0,0,0,0,0,0,0,0,0,0,0,0,0,0,0,0,0,0,0,0,0,0,0,0,0,0,0,0,0,0,0,0,0,0,0,0,0,0,0,0,0,0,0,0,0,0,0,0,0,0,0,0,0,0,0,0,0,0,0,0,0,0,0,0,0,0,0,0,0,0,0,0,0,0,0,0,0,0,0,0,0,0,0,0,0,0,0,0,0,0,0,0,0,0,0,0,0,0,0,0,0,0,0,0,0,0,0,0,0,0,0,0,0,0,0,0,0,0,0,0,0,0,0,0,0,0,0,0,0,0,0,0,0,0,0,0,0,0,0,0,0,0,0,0,0,0,0,0,0,0,0,0,0,0,0,0,0,0,0,0,0,0,0,0,0,0,0,0,0,0,0,0
