"","ARM","AFG","ALB","DZA","ATG","ARG","AUS","AUT","BHS","BHR","BRB","BGD","BMU","BTN","BOL","BWA","BRA","ARB","BLZ","SLB","BRN","BGR","MMR","BDI","CMR","CAN","CPV","CAF","LKA","TCD","CHL","CHN","COL","COM","COG","COK","CRI","CUB","CYP","AZE","BEN","DNK","DMA","DOM","BLR","ECU","EGY","SLV","GNQ","EST","FRO","FJI","FIN","FRA","PYF","DJI","GEO","GAB","GMB","DEU","BIH","GHA","KIR","GRC","GRL","GRD","GTM","GIN","GUY","HTI","HND","HKG","HUN","HRV","ISL","IND","IDN","IRN","IRQ","IRL","ISR","ITA","CIV","KAZ","JAM","JPN","JOR","KGZ","KEN","KHM","PRK","KOR","KWT","LVA","LAO","LBN","LSO","LBR","LBY","LTU","MAC","MDG","MWI","MYS","MDV","MLI","MLT","MRT","MUS","MEX","MNG","MAR","MOZ","MDA","NAM","NPL","NLD","ANT","NCL","MKD","VUT","NZL","NIC","NER","NGA","NOR","PAK","PAN","CZE","PNG","PRY","PER","PHL","POL","PRT","GNB","TLS","ERI","QAT","ZWE","ROU","RWA","RUS","KNA","LCA","VCT","STP","SAU","SEN","SYC","SLE","SVN","SVK","SGP","SOM","ZAF","ESP","SUR","TJK","SWZ","SWE","CHE","SYR","TKM","TWN","TZA","THA","TGO","TON","TTO","OMN","TUN","TUR","ARE","UGA","TUV","GBR","UKR","USA","BFA","URY","UZB","VEN","VNM","ETH","YEM","COD","ZMB","BEL","LUX","SRB","MNE","SDN","SSD","PSE"
"ARM",0,0,0,0,0,0,0,0,0,0,0,0,0,0,0,0,0,0,0,0,0,0,0,0,0,0,0,0,0,0,0,0,0,0,0,0,0,0,0,0,0,0,0,0,26055000,0,0,0,0,0,0,0,0,5916000,0,0,105270000,0,0,0,0,0,0,0,0,0,0,0,0,0,0,0,116000,0,0,0,0,0,0,0,0,0,0,0,0,0,0,0,0,0,0,0,0,0,0,0,0,0,0,0,0,0,0,0,0,0,0,0,0,0,0,0,0,0,0,0,0,0,0,0,0,0,0,0,0,0,0,0,0,0,0,0,0,0,0,0,0,0,0,0,0,0,44292000,0,0,0,0,0,0,0,0,0,0,0,0,0,0,0,0,0,0,0,0,0,0,0,0,0,0,0,0,0,0,0,0,0,0,0,116000,0,0,1566000,0,0,0,0,0,0,116000,0,0,0,0,0,0
"AFG",0,0,0,0,0,0,0,621400,0,58900,0,0,0,0,0,0,0,0,0,0,0,0,0,0,0,41683400,0,0,41400,0,0,0,0,0,0,0,0,0,0,0,0,0,0,0,0,0,0,0,0,0,0,0,0,0,0,0,0,0,0,0,0,0,0,0,0,0,0,0,0,0,0,0,0,0,0,0,0,0,0,0,0,0,0,0,0,0,0,0,0,0,0,0,4140000,0,0,0,0,0,0,0,0,0,0,0,0,0,0,0,0,0,0,0,0,0,0,0,0,0,0,0,0,0,0,0,0,0,28516536600,0,0,0,0,0,0,0,0,0,0,0,0,0,0,0,0,0,0,0,0,16356000,0,0,0,0,0,0,0,0,0,0,0,0,1248700,0,0,0,0,0,0,0,0,0,0,0,0,3190000,0,0,0,0,0,0,0,0,0,0,0,0,0,0,0,0,0,0,0,0,0
"ALB",0,0,0,0,0,0,0,0,0,0,0,0,0,0,0,0,0,0,0,0,0,0,0,0,0,0,0,0,0,0,0,0,0,0,0,0,0,0,0,0,0,0,0,0,0,0,0,0,0,0,0,0,0,0,0,0,0,0,0,0,0,0,0,0,0,0,0,0,0,0,0,0,0,0,0,0,0,0,0,0,0,0,0,0,0,0,0,0,0,0,0,0,0,0,0,0,0,0,0,0,0,0,0,0,0,0,0,0,0,0,0,0,0,0,0,0,0,0,0,0,0,0,0,0,0,0,0,0,0,0,0,0,0,0,0,0,0,0,0,0,0,0,0,0,0,0,0,0,0,0,0,0,0,0,0,0,0,0,0,0,0,0,0,0,0,0,0,0,0,0,0,0,0,0,0,0,0,0,0,0,0,0,0,0,0,0,0,0,0,0,0,0,0,0,0
"DZA",0,0,0,0,0,0,0,0,0,0,0,0,0,0,0,0,0,0,0,0,0,0,0,0,0,589000,0,0,0,0,0,0,0,0,0,0,0,0,0,0,0,0,0,0,0,0,0,0,0,0,0,0,0,26102700,0,0,0,0,0,0,0,0,0,0,0,0,0,0,0,0,0,0,0,0,0,0,0,0,0,0,0,0,0,0,0,0,0,0,0,0,0,0,0,0,0,0,0,0,0,0,0,0,0,0,0,0,0,0,0,0,0,0,0,0,0,0,0,0,0,0,0,0,0,44200000,0,0,0,0,0,0,0,0,0,0,0,0,0,0,0,0,0,0,0,0,0,0,0,0,0,0,0,0,0,0,0,0,0,0,0,0,0,58000,0,0,0,0,0,0,0,0,0,0,0,0,0,0,0,0,0,4596800,0,0,0,0,0,0,0,0,580000,0,0,0,0,0,0
"ATG",0,0,0,0,0,0,411893800,0,0,0,0,0,0,0,0,0,0,0,0,0,0,0,0,0,0,0,0,0,0,0,0,0,0,0,0,0,0,0,0,0,0,0,0,0,45360000,0,0,0,0,0,0,0,0,0,0,0,0,0,0,0,0,0,0,0,0,0,0,0,0,0,0,0,0,0,0,0,0,0,0,0,0,141750000,0,0,0,0,0,0,0,0,0,0,0,0,0,0,0,0,0,0,0,0,0,0,0,0,0,0,0,0,0,0,0,0,0,0,0,0,0,0,0,0,0,0,0,0,0,0,0,0,0,0,0,0,0,0,0,0,0,0,0,0,0,0,0,0,0,0,0,0,0,0,0,0,0,0,0,0,0,0,0,10206000,0,0,0,0,0,0,0,0,0,0,0,0,0,0,565866000,0,0,0,0,0,0,0,0,0,0,0,0,0,0,0,0,0,0
"ARG",0,0,0,180894716100,0,0,304903286700,0,0,0,0,0,0,0,0,0,4509918000,0,0,0,0,84684681900,0,0,0,28749626500,0,0,0,0,350989027200,690161942000,17134114900,0,0,0,0,0,2695518000,2125796400,0,7178049900,0,1136608200,1764674100,19229464800,0,0,0,2269190700,0,0,7811615700,177141402900,0,0,0,0,0,256513217500,0,2991930000,0,138039438600,0,0,0,0,0,1380400000,0,0,49209703200,42753160800,0,0,0,0,1840311900,7419648600,67128660600,217532214900,0,0,0,24187086000,0,0,0,0,0,27399896000,1409845500,3414417300,0,6545721500,0,0,0,44330214600,0,0,0,24248265300,0,0,0,0,0,2794913100,0,0,0,977791500,0,0,2976553812600,0,0,14850240300,0,58467917100,0,0,0,22772817900,0,0,5099201100,0,3204400500,15770473700,29540700000,492925022100,33678382500,0,0,0,0,0,25092698400,0,365548528800,0,0,0,0,4391982000,0,0,0,1134907200,1129123800,0,0,160400969600,163085059500,0,0,0,12752283600,0,847778400,0,12289725000,0,0,0,0,0,0,0,107586192500,36040635200,0,0,722952845100,11461451400,145119448800,0,54617580000,0,1984613400,0,0,0,0,0,183000667500,0,13326938100,3402963900,0,0,0
"AUS",0,0,0,0,0,103500000,0,0,0,0,0,0,0,0,0,0,141750000,0,0,290000,0,0,0,0,0,0,0,0,0,0,0,142852800,0,0,0,58000,0,0,0,0,0,0,0,0,0,0,0,0,0,0,0,736392800,0,0,0,0,0,0,0,2740400,0,0,0,0,0,0,0,0,0,0,0,68188400,0,0,0,4941100000,28072000,0,0,0,0,0,0,0,0,1009268000,0,0,0,0,0,3692113600,0,0,0,0,0,0,0,7690800,0,0,0,2320211200,0,0,0,0,23606000,0,0,0,0,0,0,0,0,0,41914000,0,9628000,18174486700,0,0,0,0,0,0,0,40120700,0,0,38461600,0,0,0,580000,0,0,0,0,0,0,0,0,0,0,0,0,0,0,0,0,106519200,0,9280000,0,0,0,0,0,986000,0,0,191732800,0,3885478000,0,348000,0,0,0,0,5278000,0,0,928000,0,2232000,0,0,0,0,292320000,0,0,0,0,0,0,0,0,0,0,0
"AUT",0,0,3294800,0,0,0,0,0,0,0,0,0,0,0,0,0,0,0,0,0,0,12898200,0,0,0,0,0,0,0,0,1001300,0,0,0,0,0,0,0,37035700,0,0,1979953600,0,0,1708100,0,0,0,0,0,0,0,0,1163873300,0,0,50536200,0,0,16081704700,1229700,0,0,294607300,0,0,0,0,0,0,0,0,981694800,439487300,0,0,0,8811600,0,385606900,0,1585602200,0,13900400,0,0,0,3003900,0,0,0,0,0,0,0,0,0,0,2945000,58000,0,0,0,0,0,0,2512900,0,0,0,0,0,0,0,0,0,277204600,0,0,1001300,0,0,0,0,0,1678603500,0,0,123017700,0,0,0,0,184437800,24207900,0,0,0,0,0,381659400,0,8835000,0,0,0,0,0,0,0,0,1978569400,321207400,0,0,0,42109500,0,0,0,13747731200,2477052200,0,1001300,0,0,0,0,0,0,0,0,0,0,0,0,240447500,24913000,66902400,0,0,6479000,0,0,0,0,0,0,466700,60816200,8917200,764800,0,0,0
"BHS",0,0,0,0,0,0,0,0,0,0,0,0,0,0,0,0,0,0,0,0,0,0,0,0,0,0,0,0,0,0,0,0,0,0,0,0,0,0,0,0,0,0,0,0,0,0,0,0,0,0,0,0,0,0,0,0,0,0,0,0,0,0,0,0,0,0,0,0,0,0,0,0,0,0,0,0,0,0,0,0,0,0,0,0,0,0,0,0,0,0,0,0,0,0,0,0,0,0,0,0,0,0,0,0,0,0,0,0,0,0,0,0,0,0,0,0,0,0,0,0,0,0,0,0,0,0,0,0,0,0,0,0,0,0,0,0,0,0,0,0,0,0,0,0,0,0,0,0,0,0,0,0,0,0,0,0,0,0,0,0,0,0,0,0,0,0,0,0,0,0,0,0,0,0,0,0,0,0,0,0,0,0,0,0,0,0,0,0,0,0,0,0,0,0,0
"BHR",0,0,0,0,0,0,0,0,0,0,0,0,0,0,0,0,0,0,0,0,0,0,0,0,0,0,0,0,0,0,0,0,0,0,0,0,0,0,0,0,0,0,0,0,0,0,0,0,0,0,0,0,0,0,0,0,0,0,0,0,0,0,0,0,0,0,0,0,0,0,0,0,0,0,0,113173200,0,0,0,0,0,0,0,0,0,0,0,0,0,0,0,0,23501100,0,0,0,0,0,0,0,0,0,0,0,0,0,0,0,0,0,0,0,0,0,0,0,0,0,0,0,0,0,0,0,0,0,0,0,0,0,0,0,0,0,0,0,0,0,0,0,0,0,0,0,0,0,0,195887500,0,0,0,0,0,0,0,0,0,0,0,0,0,0,0,0,0,0,0,0,0,0,19557600,0,0,4712000,0,0,0,0,8304900,0,0,0,0,0,0,0,0,0,0,0,0,0,0,0,0
"BRB",0,0,0,0,0,0,0,0,0,0,0,0,0,0,0,0,0,0,0,0,0,0,0,0,0,0,0,0,0,0,0,0,0,0,0,0,0,0,0,0,0,0,0,0,0,0,0,0,0,0,0,0,0,0,0,0,0,0,0,0,0,0,0,0,0,0,0,0,0,0,0,0,0,0,0,0,0,0,0,0,0,0,0,0,0,0,0,0,0,0,0,0,0,0,0,0,0,0,0,0,0,0,0,0,0,0,0,0,0,0,0,0,0,0,0,0,0,0,0,0,0,0,0,0,0,0,0,0,0,0,0,0,0,0,0,0,0,0,0,0,0,0,0,0,0,0,0,0,0,0,0,0,0,0,0,0,0,0,0,0,0,0,0,0,0,0,0,0,0,0,0,0,0,0,0,0,0,0,0,0,0,0,0,0,0,0,0,0,0,0,0,0,0,0,0
"BGD",0,0,0,0,0,0,0,0,0,38932900,0,0,0,0,0,0,0,0,0,0,812000,0,0,0,0,32016000,0,0,0,0,0,0,0,0,0,0,0,0,0,0,0,0,0,0,0,0,0,0,0,0,0,0,0,0,0,0,0,0,0,4988000,0,0,0,0,0,0,0,0,0,0,0,0,0,0,0,0,0,0,0,0,0,0,0,0,0,0,0,0,0,0,0,0,11832000,0,0,0,0,0,0,0,0,0,0,628658000,0,0,0,378856000,8526000,0,0,0,0,0,0,0,174000,0,0,0,0,0,0,0,0,0,0,0,0,0,0,0,0,0,13252500,0,0,0,0,0,0,0,0,0,0,0,0,26448000,0,0,0,0,0,25230000,0,9860000,0,0,0,0,0,0,0,0,0,0,0,0,0,0,0,0,0,7830000,0,0,40078000,0,0,0,0,0,0,0,0,0,0,0,0,0,0,0,0,0,0
"BMU",0,0,0,0,0,0,0,0,0,0,0,0,0,0,0,0,0,0,0,0,0,0,0,0,0,0,0,0,0,0,0,0,0,0,0,0,0,0,0,0,0,0,0,0,0,0,0,0,0,0,0,0,0,0,0,0,0,0,0,0,0,0,0,0,0,0,0,0,0,0,0,0,0,0,0,0,0,0,0,0,0,0,0,0,0,0,0,0,0,0,0,0,0,0,0,0,0,0,0,0,0,0,0,0,0,0,0,0,0,0,0,0,0,0,0,0,0,0,0,0,0,0,0,0,0,0,0,0,0,0,0,0,0,0,0,0,0,0,0,0,0,0,0,0,0,0,0,0,0,0,0,0,0,0,0,0,0,0,0,0,0,0,0,0,0,0,0,0,0,0,0,0,0,0,0,0,0,0,0,0,0,0,0,0,0,0,0,0,0,0,0,0,0,0,0
"BTN",0,0,0,0,0,0,0,0,0,0,0,0,0,0,0,0,0,0,0,0,0,0,0,0,0,0,0,0,0,0,0,0,0,0,0,0,0,0,0,0,0,0,0,0,0,0,0,0,0,0,0,0,0,0,0,0,0,0,0,0,0,0,0,0,0,0,0,0,0,0,0,0,0,0,0,0,0,0,0,0,0,0,0,0,0,0,0,0,0,0,0,0,0,0,0,0,0,0,0,0,0,0,0,0,0,0,0,0,0,0,0,0,0,0,0,0,0,0,0,0,0,0,0,0,0,0,0,0,0,0,0,0,0,0,0,0,0,0,0,0,0,0,0,0,0,0,0,0,0,0,0,0,0,0,0,0,0,0,0,0,0,0,0,0,0,0,0,0,0,0,0,0,0,0,0,0,0,0,0,0,0,0,0,0,0,0,0,0,0,0,0,0,0,0,0
"BOL",0,0,0,680400000,0,22680000,0,0,0,0,0,0,0,0,0,0,0,0,0,0,0,136080000,0,0,0,0,0,0,0,0,2191475500,0,3146850000,0,0,0,0,0,0,0,0,0,0,238140000,0,14707980000,0,0,0,0,0,0,0,0,0,0,0,0,0,612360000,0,0,0,0,0,0,0,0,0,0,0,0,0,0,0,0,0,0,0,0,0,8611200,0,0,0,0,0,0,0,0,0,0,0,0,0,1632960000,0,0,0,0,0,0,0,0,0,0,0,0,0,0,0,136080000,0,0,0,0,4190130000,0,0,0,0,0,0,0,0,0,0,0,0,0,0,122726583000,0,0,0,0,0,0,0,0,0,0,3946320000,0,0,0,0,0,0,0,0,0,0,0,0,0,136250100,0,0,0,0,0,0,0,0,0,0,0,0,0,0,272160000,0,0,0,0,11340000,2114910000,25515000,0,0,0,0,0,0,0,0,0,0,0,0,0,0,0,0
"BWA",0,0,0,0,0,0,0,0,0,0,0,0,0,0,0,0,0,0,0,0,0,0,0,0,0,0,0,0,0,0,0,0,0,0,0,0,0,0,0,0,0,0,0,0,0,0,0,0,0,0,0,0,0,0,0,0,0,0,0,0,0,0,0,0,0,0,0,0,0,0,0,0,0,0,0,0,0,0,0,0,0,0,0,0,0,0,0,0,0,0,0,0,0,0,0,0,0,0,0,0,0,0,0,0,0,0,0,0,0,0,0,0,0,0,27522400,0,0,0,0,0,0,0,0,0,0,0,0,0,0,0,0,0,0,0,0,0,0,0,0,884000,0,0,0,0,0,0,0,0,0,0,0,0,0,0,0,13920000,0,0,0,0,0,0,0,0,0,0,0,0,0,0,0,0,0,0,0,0,0,0,0,0,0,0,0,0,0,0,0,0,0,0,0,0,0,0,0
"BRA",0,58000,283500000,420727494600,5726000,73950000,76613671600,0,26631800,149224200,284999800,348000,0,0,220896000,0,0,0,884000,0,0,3600682000,0,0,58000,37547016100,18618000,0,0,0,12582409300,970884756800,102150909000,0,41400,0,2280412000,0,45023800,1417500000,0,147867300,0,308384000,12002823000,11716453400,3104325000,0,0,0,0,58000,1134113400,6429334200,0,530400,2.835e+09,0,0,1139144500,284800,0,0,2454781100,0,0,0,0,108355500,0,0,59088600,11198250000,58000,0,941148100,58000,328800,4300411500,1705932000,623990700,349742345000,0,8777160000,2.268e+09,24427696900,923759600,0,0,0,58000,668400,5858000,141750000,0,1265200,0,104310200,10904000,3.402e+09,0,0,0,227128000,0,0,45541500,0,141750000,52860400900,0,58000,0,1842750000,0,0,266060927600,0,0,1406160000,56700,15823830000,18792000,0,0,14401500,116000,143445300,0,0,6851632700,24370784600,8590904500,82542138200,6846150900,0,0,0,172700,0,9.639e+09,0,1154396387000,0,0,404700,0,116000,58000,0,0,5528250000,0,43873700,0,122062198700,68644369200,1417500000,0,58000,283674000,4736800,1559250000,0,7286008000,0,6381458100,0,0,2705740000,0,850500000,16314276300,24948201800,0,58000,71691171100,219930859100,38746630100,0,7160231000,0,745358000,30760436900,0,35670000,0,0,12072033200,884000,0,0,124200,0,0
"ARB",0,0,0,0,0,0,0,0,0,0,0,0,0,0,0,0,0,0,0,0,0,0,0,0,0,0,0,0,0,0,0,0,0,0,0,0,0,0,0,0,0,0,0,0,0,0,0,0,0,0,0,0,0,0,0,0,0,0,0,0,0,0,0,0,0,0,0,0,0,0,0,0,0,0,0,0,0,0,0,0,0,0,0,0,0,0,0,0,0,0,0,0,0,0,0,0,0,0,0,0,0,0,0,0,0,0,0,0,0,0,0,0,0,0,0,0,0,0,0,0,0,0,0,0,0,0,0,0,0,0,0,0,0,0,0,0,0,0,0,0,0,0,0,0,0,0,0,0,0,0,0,0,0,0,0,0,0,0,0,0,0,0,0,0,0,0,0,0,0,0,0,0,0,0,0,0,0,0,0,0,0,0,0,0,0,0,0,0,0,0,0,0,0,0,0
"BLZ",0,0,0,0,0,0,0,0,0,0,0,0,0,0,0,0,0,0,0,0,0,0,0,0,0,0,0,0,0,0,0,0,0,0,0,0,0,0,0,0,0,0,0,0,0,0,0,0,0,0,0,0,0,0,0,0,0,0,0,0,0,0,0,0,0,0,0,0,0,0,0,0,0,0,0,0,0,0,0,0,0,0,0,0,0,0,0,0,0,0,0,0,0,0,0,0,0,0,0,0,0,0,0,0,0,0,0,0,0,0,0,0,0,0,0,0,0,0,0,0,0,0,0,0,0,0,0,0,0,0,0,0,0,0,0,0,0,0,0,0,0,0,0,0,0,0,0,0,0,0,0,0,0,0,0,0,0,0,0,0,0,0,0,0,0,0,0,0,0,0,0,0,0,0,0,0,0,0,0,0,0,0,0,0,0,0,0,0,0,0,0,0,0,0,0
"SLB",0,0,0,0,0,0,0,0,0,0,0,0,0,0,0,0,0,0,0,0,0,0,0,0,0,0,0,0,0,0,0,0,0,0,0,0,0,0,0,0,0,0,0,0,0,0,0,0,0,0,0,0,0,0,0,0,0,0,0,0,0,0,0,0,0,0,0,0,0,0,0,0,0,0,0,0,0,0,0,0,0,0,0,0,0,0,0,0,0,0,0,0,0,0,0,0,0,0,0,0,0,0,0,0,0,0,0,0,0,0,0,0,0,0,0,0,0,0,0,0,0,0,0,0,0,0,0,0,0,0,0,0,0,0,0,0,0,0,0,0,0,0,0,0,0,0,0,0,0,0,0,0,0,0,0,0,0,0,0,0,0,0,0,0,0,0,0,0,0,0,0,0,0,0,0,0,0,0,0,0,0,0,0,0,0,0,0,0,0,0,0,0,0,0,0
"BRN",0,0,0,0,0,0,0,0,0,0,0,0,0,0,0,0,0,0,0,0,0,0,0,0,0,0,0,0,0,0,0,0,0,0,0,0,0,0,0,0,0,0,0,0,0,0,0,0,0,0,0,0,0,0,0,0,0,0,0,0,0,0,0,0,0,0,0,0,0,0,0,41400,0,0,0,0,0,0,0,0,0,0,0,0,0,0,0,0,0,0,0,0,0,0,0,0,0,0,0,0,0,0,0,184178700,0,0,0,0,0,0,0,0,0,0,0,0,0,0,0,0,0,0,0,0,0,0,0,0,0,0,0,0,0,0,0,0,0,0,0,0,0,0,0,0,0,0,0,0,0,0,0,0,0,0,0,0,0,0,0,0,0,0,0,0,0,0,0,0,0,0,0,0,0,0,0,0,0,0,0,0,0,0,0,0,0,0,0,0,0,0,0,0,0,0,0
"BGR",5452000,0,110490000,0,0,0,4358600,15932700,0,235600,0,0,0,0,0,0,0,0,0,0,0,0,0,0,0,850500,0,0,0,0,0,1767000,0,0,0,0,0,0,73538400,0,0,504199800,0,0,798660000,0,1119100,0,0,15370000,0,0,174663200,602584500,0,0,3828500,0,0,5534427000,620354000,0,0,2136476600,0,0,0,0,0,0,0,0,36307300,342606000,0,173768000,0,0,1016591200,10788000,23736700,1895224000,0,0,0,0,12644000,0,0,0,0,706800,8584000,491956000,0,17922000,0,0,108982000,820963700,0,0,0,0,0,0,29638000,0,14384000,0,0,11139600,0,29406000,0,0,1863425600,0,0,390265400,0,0,0,0,0,2045559300,0,0,665974000,0,0,0,0,2458587700,180670000,0,0,0,0,0,2856509700,0,2109054000,0,0,0,0,26940800,0,0,0,0,957704100,0,0,0,270621100,0,0,0,2343846300,0,0,0,0,0,0,0,0,0,0,0,269642000,764200,0,0,740114200,5593188000,295805400,0,0,0,0,0,0,23896000,0,0,628453300,0,455956900,0,0,0,0
"MMR",0,0,0,0,0,0,0,0,0,0,0,0,0,0,0,0,0,0,0,0,0,0,0,0,0,0,0,0,0,0,0,0,0,0,0,0,0,0,0,0,0,0,0,0,0,0,0,0,0,0,0,0,0,0,0,0,0,0,0,0,0,0,0,0,0,0,0,0,0,0,0,0,0,0,0,0,0,0,0,0,0,0,0,0,0,0,0,0,0,0,0,0,0,0,0,0,0,0,0,0,0,0,0,0,0,0,0,0,0,0,0,0,0,0,0,0,0,0,0,0,0,0,0,0,0,0,0,0,0,0,0,0,0,0,0,0,0,0,0,0,0,0,0,0,0,0,0,0,0,0,0,0,0,0,0,0,0,0,0,0,0,0,0,0,0,0,0,0,0,0,0,0,0,0,0,0,0,0,0,0,0,0,0,0,0,0,0,0,0,0,0,0,0,0,0
"BDI",0,0,0,0,0,0,0,0,0,0,0,0,0,0,0,0,0,0,0,0,0,0,0,0,0,0,0,0,0,0,0,0,0,0,0,0,0,0,0,0,0,0,0,0,0,0,0,0,0,0,0,0,0,283500,0,0,0,0,0,0,0,0,0,0,0,0,0,0,0,0,0,0,0,0,0,0,0,0,0,0,0,0,0,0,0,0,0,0,0,0,0,0,0,0,0,0,0,0,0,0,0,0,0,0,0,0,0,0,0,0,0,0,0,0,0,0,0,0,0,0,0,0,0,0,0,0,0,0,0,0,0,0,0,0,0,0,0,0,0,0,0,0,0,0,0,0,0,0,0,0,0,0,0,0,0,0,0,0,0,0,0,0,0,0,0,127050000,0,0,0,0,0,0,0,4578100,0,0,0,0,737100,0,0,0,0,0,0,0,176800,0,0,0,0,0,0,0,0
"CMR",0,0,0,0,0,0,0,207000,0,0,0,0,0,0,0,0,0,0,0,0,0,0,0,0,0,219112800,0,2718578400,0,0,0,1066640400,0,0,2791942500,0,0,0,56700,0,0,124200,0,0,0,0,0,0,0,0,0,0,536400,1575462800,0,0,0,0,0,12456000,0,0,0,0,0,0,0,0,0,0,0,0,0,0,0,0,0,0,0,170100,12412000,0,0,0,0,0,0,0,0,0,0,56700,0,0,0,0,0,0,0,0,0,0,0,0,0,0,0,0,0,0,0,0,0,0,0,0,41400,0,0,0,0,0,0,0,0,0,0,0,0,0,0,0,0,0,0,0,0,0,0,0,0,0,0,0,0,0,273884400,0,0,0,0,0,0,0,0,340200,56700,0,0,0,0,33478600,0,0,0,0,0,0,0,0,0,0,0,174000,0,0,12581400,0,185627900,0,0,0,0,0,0,0,0,0,1429899000,0,0,0,0,0,0
"CAN",0,0,0,0,0,0,5006500,0,3828500,409148400,108788300,110437500,0,0,0,0,0,0,0,0,0,0,0,0,0,0,0,0,0,0,6274204700,339861100,0,0,0,0,45235200,0,0,0,0,0,0,465840100,0,0,0,92427300,0,0,0,0,0,2506863900,0,0,0,0,0,6038567000,0,0,0,0,0,0,38280000,0,227000600,353400,294500,578825300,0,0,0,360464600,0,0,0,0,146661000,131229200,117800,0,472495800,2135596200,1182476400,0,0,0,0,2778902000,2632947800,0,0,0,0,0,0,0,0,0,0,0,0,0,0,0,0,766347900,0,0,0,0,0,4930000,400200000,0,230593500,0,0,0,9628000,0,62228000,0,1377140900,0,2315940000,0,0,1354700,152256500,0,0,0,0,0,1409301800,0,0,0,244611700,0,0,0,0,38852089200,0,0,0,0,0,58000,0,0,3354178300,640184100,0,0,0,1336700,0,0,1044000,0,0,0,0,0,1048302200,0,2061500,4235655300,0,0,10153110000,0,195518233400,0,0,0,0,202439300,0,0,0,0,7126900,0,0,0,0,0,0
"CPV",0,0,0,0,0,0,0,0,0,0,0,0,0,0,0,0,0,0,0,0,0,0,0,0,0,0,0,0,0,0,0,0,0,0,0,0,0,0,0,0,0,0,0,0,0,0,0,0,0,0,0,0,0,0,0,0,0,0,0,0,0,0,0,0,0,0,0,0,0,0,0,0,0,0,0,0,0,0,0,0,0,0,0,0,0,0,0,0,0,0,0,0,0,0,0,0,0,0,0,0,0,0,0,0,0,0,0,0,0,0,0,0,0,0,0,0,0,0,0,0,0,0,0,0,0,0,0,0,0,0,0,0,0,0,0,0,0,0,0,0,0,0,0,0,0,0,0,0,0,0,0,0,0,0,0,0,0,0,0,0,0,0,0,0,0,0,0,0,0,0,0,0,0,0,0,0,0,0,0,0,0,0,0,0,0,0,0,0,0,0,0,0,0,0,0
"CAF",0,0,0,0,0,0,0,0,0,0,0,0,0,0,0,0,0,0,0,0,0,0,0,0,0,0,0,0,0,0,0,0,0,0,0,0,0,0,0,0,0,0,0,0,0,0,0,0,0,0,0,0,0,0,0,0,0,0,0,0,0,0,0,0,0,0,0,0,0,0,0,0,0,0,0,0,0,0,0,0,0,0,0,0,0,0,0,0,0,0,0,0,0,0,0,0,0,0,0,0,0,0,0,0,0,0,0,0,0,0,0,0,0,0,0,0,0,0,0,0,0,0,0,0,0,0,4225134600,0,0,0,0,0,0,0,0,0,0,0,0,0,0,0,0,0,0,0,0,0,0,0,0,0,0,0,0,0,0,0,0,0,0,0,0,0,0,0,0,0,0,0,0,0,0,0,0,0,0,0,0,0,0,0,0,0,0,0,0,0,0,0,0,0,0,0,0
"LKA",0,0,0,0,0,0,2655200,0,0,0,0,0,0,0,0,0,0,0,0,0,0,0,0,0,0,2958000,0,0,0,0,0,0,0,0,0,0,0,0,0,0,0,870000,0,0,0,0,0,0,0,0,0,0,0,0,0,0,0,0,0,1682000,0,0,0,0,0,0,0,0,0,0,0,0,0,0,0,0,0,0,0,0,0,0,0,0,0,2668000,0,0,0,0,0,0,0,0,0,0,0,0,0,0,0,0,0,0,8200000,0,0,0,0,0,0,0,0,0,0,0,0,0,0,0,0,1740000,0,0,0,2030000,0,0,0,0,0,0,0,0,0,0,0,0,11306000,0,0,0,0,0,0,0,0,0,0,0,0,0,0,0,0,0,0,0,0,0,464000,14674800,0,0,0,0,0,0,0,0,0,0,0,15380000,0,0,3055200,0,56700,0,0,0,0,0,0,0,0,0,621000,0,0,0,0,0,0
"TCD",0,0,0,0,0,0,0,0,0,0,0,0,0,0,0,0,0,0,0,0,0,0,0,0,0,0,0,0,0,0,0,0,0,0,0,0,0,0,0,0,0,0,0,0,0,0,0,0,0,0,0,0,0,0,0,0,0,0,0,0,0,0,0,0,0,0,0,0,0,0,0,0,0,0,0,0,0,0,0,0,0,0,0,0,0,0,0,0,0,0,0,0,0,0,0,0,0,0,0,0,0,0,0,0,0,0,0,0,0,0,0,0,0,0,0,0,0,0,0,0,0,0,0,0,0,0,0,0,0,0,0,0,0,0,0,0,0,0,0,0,0,0,0,0,0,0,0,0,0,0,0,0,0,0,0,0,0,0,0,0,0,0,0,0,0,0,0,0,0,0,0,0,0,0,0,0,0,0,0,0,0,0,0,0,0,0,0,0,0,0,0,0,0,0,0
"CHL",0,0,0,0,0,0,0,0,0,0,0,0,0,0,0,0,0,0,0,0,0,0,0,0,0,0,0,0,0,0,0,0,0,0,0,0,0,0,0,0,0,0,0,0,0,0,0,0,0,0,0,0,0,0,0,0,0,0,0,0,0,0,0,0,0,0,0,0,0,0,0,0,0,0,0,0,0,0,0,0,0,340200,0,0,0,0,0,0,0,0,0,0,0,0,0,0,0,0,0,0,0,0,0,0,0,0,0,0,0,0,0,0,0,0,0,0,0,0,0,0,0,0,0,0,0,0,0,80611600,0,0,0,284201800,0,0,0,0,0,0,0,0,0,0,0,0,0,0,0,0,0,0,0,0,0,0,0,0,0,0,0,0,0,0,0,0,0,0,0,0,0,0,0,0,0,0,0,0,0,0,0,0,0,0,1856000,0,0,0,0,0,0,0,0,0,0,0,0
"CHN",5810025500,301600000,1594095200,20860338000,0,0,28843318100,0,22968000,3508848800,447120000,837907800,0,0,0,0,118653600,0,11266400,1245906800,1666577100,4191693300,0,0,0,173832914500,0,0,13607090000,0,2239445500,0,744604000,0,0,0,297113400,0,3681826900,8381116000,0,8870290600,129630000,115565200,2032083400,0,5657200000,0,0,0,0,7818998200,5800000,36920775000,0,0,11093124200,0,0,18251782600,2220187100,0,337040500,16055061500,0,0,0,55426800,3464198300,0,175004800,230718514900,4710190200,2982482400,0,431303800,345772621200,67616806800,56596663600,10904000,30989637100,17272511400,0,36219630100,6213829700,704999314600,58542774100,3397872000,299506500,238182200,78048800,392237181500,15565562400,365748000,22850100,44050130900,0,10837600,49046991100,2207910700,7270433400,0,0,220098300800,58000,0,1172758800,0,4093878300,70884825100,4633130000,4261500600,0,179336000,1417500,0,266340422200,0,77100100,6352750900,2899766500,20106289600,9011700,0,23789700,4872000,43123997700,3731387900,5767444400,14048738000,0,406000,296768711200,3577517700,12863702300,0,113967000,0,3936765500,0,1534806400,0,63933833900,0,0,0,0,61520815000,4331600,863252000,0,1024228800,0,76847618800,0,19971288700,158243849200,6227026700,0,0,3717412200,305950000,9131159000,177770000,24456059600,0,235589173500,0,495718700,9747282600,1175950000,21937988200,8311193900,83001864200,0,0,138052163700,7720144500,46409426100,0,345897000,0,1157583200,110389285700,580000,4493028000,638000,0,13271173200,0,2499149300,657909900,0,1701000,70760000
"COL",0,0,0,0,0,0,986000,0,0,0,13688000,0,0,0,122902000,0,5568000,0,232000,0,0,0,0,0,0,21054000,0,0,0,0,1141666600,0,0,0,0,0,158288400,102486000,0,0,0,0,1392000,22598900,0,480841600,0,198860300,0,0,0,0,0,34626000,0,0,0,0,0,51237000,0,0,0,0,0,0,87482100,0,0,0,37758000,0,0,0,0,0,0,0,0,0,0,0,0,0,0,0,0,0,0,0,0,6960000,0,0,0,0,0,0,0,0,0,0,0,0,0,0,0,0,0,1999956000,0,0,0,0,0,0,130680000,0,0,0,0,0,5205200,0,0,0,0,1216435500,0,0,46226000,891914000,0,0,0,0,0,0,0,0,0,0,0,2552000,17690000,0,0,530400,0,0,0,0,0,0,0,0,90248000,0,0,0,0,522000,0,0,0,0,0,0,0,49590000,0,0,0,0,0,0,0,0,894773000,0,0,0,69252000,0,0,0,0,0,0,0,0,0,0,0,0
"COM",0,0,0,0,0,0,0,0,0,0,0,0,0,0,0,0,0,0,0,0,0,0,0,0,0,0,0,0,0,0,0,0,0,0,0,0,0,0,0,0,0,0,0,0,0,0,0,0,0,0,0,0,0,0,0,0,0,0,0,0,0,0,0,0,0,0,0,0,0,0,0,0,0,0,0,0,0,0,0,0,0,0,0,0,0,0,0,0,0,0,0,0,0,0,0,0,0,0,0,0,0,0,0,0,0,0,0,0,0,0,0,0,0,0,0,0,0,0,0,0,0,0,0,0,0,0,0,0,0,0,0,0,0,0,0,0,0,0,0,0,0,0,0,0,0,0,0,0,0,0,0,0,0,0,0,0,0,0,0,0,0,0,0,0,0,0,0,0,0,0,0,0,0,0,0,0,0,0,0,0,0,0,0,0,0,0,0,0,0,0,0,0,0,0,0
"COG",0,0,0,0,0,0,0,0,0,0,0,0,0,0,0,0,0,0,0,0,0,0,0,0,0,0,0,110500000,0,0,0,0,0,0,0,0,0,0,0,0,0,0,0,0,0,0,0,0,0,0,0,0,0,1466000,0,0,0,0,0,0,0,0,0,0,0,0,0,0,0,0,0,0,0,0,0,0,0,0,0,0,0,0,0,0,0,0,0,0,0,0,0,0,0,0,0,0,0,0,0,0,0,0,0,0,0,0,0,0,0,0,0,0,0,0,0,0,0,0,0,0,0,0,0,0,0,0,0,0,0,0,0,0,0,0,0,0,0,0,0,0,0,0,0,0,0,0,0,0,0,0,0,0,0,0,0,0,0,0,0,0,0,0,0,0,0,0,0,0,0,0,0,0,0,0,0,0,0,0,0,0,0,0,0,0,0,0,270062000,0,0,0,0,0,0,0,0
"COK",0,0,0,0,0,0,0,0,0,0,0,0,0,0,0,0,0,0,0,0,0,0,0,0,0,0,0,0,0,0,0,0,0,0,0,0,0,0,0,0,0,0,0,0,0,0,0,0,0,0,0,0,0,0,0,0,0,0,0,0,0,0,0,0,0,0,0,0,0,0,0,0,0,0,0,0,0,0,0,0,0,0,0,0,0,0,0,0,0,0,0,0,0,0,0,0,0,0,0,0,0,0,0,0,0,0,0,0,0,0,0,0,0,0,0,0,0,0,0,0,0,0,0,0,0,0,0,0,0,0,0,0,0,0,0,0,0,0,0,0,0,0,0,0,0,0,0,0,0,0,0,0,0,0,0,0,0,0,0,0,0,0,0,0,0,0,0,0,0,0,0,0,0,0,0,0,0,0,0,0,0,0,0,0,0,0,0,0,0,0,0,0,0,0,0
"CRI",0,0,0,0,1044000,0,0,0,0,0,4524000,0,0,0,0,0,0,0,0,0,0,0,0,0,0,0,0,0,0,0,2494000,0,1566000,0,0,0,0,0,0,0,0,0,0,428620000,0,0,0,1087612000,0,0,0,0,0,0,0,0,0,0,0,0,0,0,0,0,0,0,2974878000,0,0,0,342896000,0,0,0,0,0,0,0,0,0,0,0,0,0,15080000,0,0,0,0,0,0,0,0,0,0,0,0,0,0,0,0,0,0,0,0,0,0,0,0,0,0,0,0,0,0,0,928000,0,0,0,0,0,3928746000,0,0,0,0,2820791600,0,0,0,0,0,0,0,0,0,0,0,0,0,0,0,0,0,0,0,0,0,0,0,0,0,0,0,0,0,0,0,0,0,0,0,0,0,0,0,0,0,883500,0,0,0,0,0,0,0,0,169708000,0,0,0,0,0,0,0,0,0,0,0,0,0,0,0,0
"CUB",0,0,0,0,0,0,0,0,0,0,0,0,0,0,0,0,0,0,0,0,0,0,0,0,0,0,0,0,0,0,0,0,0,0,0,0,0,0,0,0,0,0,0,0,0,0,0,0,0,0,0,0,0,0,0,0,0,0,0,0,0,0,0,0,0,0,0,0,0,0,0,0,0,0,0,0,0,0,0,0,0,0,0,0,0,0,0,0,0,0,0,0,0,0,0,0,0,0,0,0,0,0,0,0,0,0,0,0,0,0,0,0,0,0,0,0,0,0,0,0,0,0,0,0,0,0,0,0,0,0,0,0,0,0,0,0,0,0,0,0,0,0,0,0,0,0,0,0,0,0,0,0,0,0,0,0,0,0,0,0,0,0,0,0,0,0,0,0,0,0,0,0,0,0,0,0,0,0,0,0,0,0,0,0,0,0,0,0,0,0,0,0,0,0,0
"CYP",0,0,0,0,0,0,0,0,0,0,0,0,0,0,0,0,0,0,0,0,0,0,0,0,0,0,0,0,0,0,0,0,0,0,0,0,0,0,0,0,0,0,0,0,0,0,0,0,0,0,0,0,0,0,0,0,0,0,0,0,24186000,0,0,428059000,0,0,0,0,0,0,0,0,0,19024000,0,0,0,0,0,0,0,0,0,0,0,0,0,0,0,0,0,0,0,0,0,0,0,0,0,0,0,0,0,0,0,0,66352000,0,0,0,0,0,0,0,0,0,12180000,0,0,0,0,0,0,0,0,0,0,0,0,0,0,0,0,0,0,0,0,0,27329600,0,1972000,0,0,0,0,0,0,0,0,0,0,0,0,0,0,0,0,0,0,0,0,0,0,0,0,0,0,0,0,0,0,0,0,0,0,0,7760300,0,0,0,0,0,0,0,0,0,0,0,0,0,0,0,0,0,0
"AZE",0,0,0,0,0,0,0,0,0,0,0,0,0,0,0,0,0,0,0,0,0,0,0,0,0,0,0,0,0,0,0,0,0,0,0,0,0,0,0,0,0,0,0,0,0,0,0,0,0,0,0,0,0,0,0,0,0,0,0,0,0,0,0,0,0,0,0,0,0,0,0,0,0,0,0,0,0,24310000,0,0,0,0,0,0,0,0,0,0,0,0,0,0,0,0,0,0,0,0,0,0,0,0,0,0,0,0,0,0,0,0,0,0,0,0,0,0,0,0,0,0,0,0,0,0,0,0,0,0,0,0,0,0,0,0,0,0,0,0,0,0,0,0,0,0,0,0,0,0,0,0,0,0,0,0,0,0,0,0,0,0,0,0,0,0,0,0,0,0,0,0,0,0,0,0,0,0,0,0,0,0,0,0,0,0,0,0,0,0,0,0,0,0,0,0,0
"BEN",0,0,0,0,0,0,0,0,0,0,0,0,0,0,0,0,0,0,0,0,0,0,0,0,0,288700,0,0,0,0,0,176879516200,0,0,0,0,0,0,0,0,0,0,0,0,0,0,0,0,0,0,0,0,0,563288400,0,0,0,0,0,879918000,0,0,0,0,0,0,0,0,0,0,0,0,0,0,0,82751065200,0,0,0,0,0,92104000,0,0,0,0,0,0,0,0,0,0,793800,0,0,0,0,0,0,0,0,0,0,0,0,0,0,0,0,0,0,0,0,0,0,0,197316000,0,0,0,0,0,0,0,23160800,0,0,0,0,0,0,0,0,0,0,0,0,0,0,0,0,0,0,0,0,0,0,0,0,0,0,0,6453200,748015200,0,579682800,0,0,0,0,0,0,0,0,0,0,0,0,0,0,0,0,1713488000,7997214000,0,0,0,0,2634302000,144900000,0,0,0,524784000,0,0,0,0,1187260000,0,0,0,0,0,0
"DNK",0,0,0,0,0,0,0,2780100,0,0,0,0,0,0,0,0,0,0,0,0,0,176700,0,0,0,0,0,0,0,0,0,0,0,0,0,0,0,0,290000,0,0,0,0,0,0,0,0,0,0,78298700,285081400,0,1856082500,242216100,0,0,0,0,0,4345173900,0,88400,0,22979200,0,0,0,0,0,0,0,0,5974000,0,162356400,88400,8574800,0,0,600423800,33582000,7030800,0,0,0,0,0,0,0,0,0,0,2320000,100050000,0,232000,0,0,0,13458700,0,0,0,0,0,0,30508000,0,0,0,0,0,0,0,0,0,1519350200,0,4872000,0,0,0,0,0,0,2562259800,0,0,43559800,0,0,0,0,20857200,170100,0,0,0,0,0,1632100,0,58000,0,0,0,0,11390500,0,0,0,812000,5104000,0,0,0,10548800,0,0,0,4599681100,1914000,0,0,0,0,0,0,0,0,0,0,0,3480000,0,0,648772700,0,411600,0,0,0,0,0,0,0,0,0,84205100,2591600,0,0,0,0,0
"DMA",0,0,0,0,0,0,0,0,33337400,0,0,0,0,0,0,0,0,0,0,0,0,0,0,0,0,0,0,0,0,0,0,0,0,0,0,0,0,0,0,0,0,0,0,0,0,0,0,0,0,0,0,0,0,0,0,0,0,0,0,0,0,0,0,0,0,0,0,0,0,0,0,0,0,0,0,0,0,0,0,0,0,0,0,0,0,0,0,0,0,0,0,0,0,0,0,0,0,0,0,0,0,0,0,0,0,0,0,0,0,0,0,0,0,0,0,0,0,0,0,0,0,0,0,0,0,0,0,0,0,0,0,0,0,0,0,0,0,0,0,0,0,0,0,0,82800,0,0,0,0,0,0,0,0,0,0,0,0,0,0,0,0,0,0,0,0,0,0,0,0,0,0,0,0,0,0,0,1151236800,0,0,0,0,0,0,0,0,0,0,0,0,0,0,0,0,0,0
"DOM",0,0,0,0,0,0,0,0,0,0,0,0,0,0,0,0,0,0,0,0,0,0,0,0,0,0,0,0,0,0,0,0,0,0,0,0,0,0,0,0,0,0,0,0,0,0,0,0,0,0,0,0,0,0,0,0,0,0,0,0,0,0,0,0,0,0,0,0,0,0,0,0,0,0,0,0,0,0,0,0,0,0,0,0,0,0,0,0,0,0,0,0,0,0,0,0,0,0,0,0,0,0,0,0,0,0,0,0,0,0,0,0,0,0,0,0,0,0,0,0,0,0,0,0,0,0,0,0,0,0,0,0,0,0,0,0,0,0,0,0,0,0,0,0,0,0,0,0,0,0,0,0,0,0,0,0,0,0,0,0,0,0,0,0,0,0,0,0,0,0,0,0,0,0,0,0,0,0,0,0,0,0,0,0,0,0,0,0,0,0,0,0,0,0,0
"BLR",657630000,0,0,0,0,0,0,0,0,0,0,0,0,0,0,0,0,0,0,0,0,0,0,0,0,0,0,0,0,0,0,0,0,0,0,0,0,0,0,2726000,0,0,0,0,0,0,0,0,0,812000,0,0,0,0,0,0,1566000,0,0,0,0,0,0,0,0,0,0,0,0,0,0,0,0,0,0,0,0,0,0,0,0,0,0,41470000,0,0,0,1682000,0,0,0,0,0,232000,0,0,0,0,0,116000,0,0,0,0,0,0,0,0,0,0,0,0,0,110224000,0,0,0,0,0,0,0,0,0,0,0,232000,0,0,0,0,0,0,0,0,0,0,0,0,0,0,464000,0,1570458100,0,0,0,0,0,0,0,0,0,0,0,0,0,0,0,406000,0,0,0,0,0,0,0,0,0,0,0,0,0,0,0,0,0,0,30682000,0,0,0,3074000,0,0,0,0,0,0,0,0,0,0,0,0,0
"ECU",0,0,0,0,0,0,0,0,0,0,0,0,0,0,0,0,0,0,0,0,0,0,0,0,0,0,0,0,0,0,0,0,0,0,0,0,0,0,0,0,0,0,0,0,0,0,0,0,0,0,0,0,0,272205000,0,0,0,0,0,0,0,0,0,0,0,0,0,0,0,0,0,0,0,0,0,0,0,0,0,0,0,5423400,0,0,0,0,0,0,0,0,0,0,0,0,0,0,0,0,0,0,0,0,0,0,0,0,0,0,0,0,0,0,0,0,0,0,58000,0,0,0,0,0,0,0,0,0,0,522000,0,0,0,3534000,0,0,0,0,0,0,0,0,0,0,0,0,0,0,0,0,0,0,0,0,0,0,0,0,0,0,0,0,0,3685500,0,0,0,0,0,0,0,0,0,0,0,0,0,0,0,0,121854100,0,0,0,0,0,0,0,0,0,0,0,0,0,0,0,0
"EGY",0,0,0,5096601900,0,0,290000,0,0,11793600,0,0,0,0,0,0,0,0,0,0,0,121054500,0,0,0,105462000,0,0,0,0,0,0,0,0,0,0,0,0,166187700,0,0,38385900,0,0,0,0,0,0,0,0,0,0,0,4345215300,0,0,149517900,0,0,64394589600,327839400,0,0,1532486700,0,0,0,0,0,0,0,0,586963600,261285300,0,0,0,0,4127754600,0,0,126786360800,124324200,0,0,0,4366615100,0,25254800,0,0,0,462297200,0,0,2769335100,0,0,3625289300,0,0,0,0,0,0,0,0,0,0,0,0,30623840100,0,0,0,0,51627675600,0,0,0,0,0,0,0,0,0,0,0,0,0,0,0,0,1403892000,87714900,0,0,0,0,0,870004800,0,527511800,0,0,0,0,7355542200,0,0,0,1280286000,843015600,0,0,42525000,2000287800,0,0,0,0,20807501400,849422700,0,0,0,0,0,0,0,189831600,17284358700,10172058300,147420000,0,0,970897500,1240085700,33814000,0,0,0,0,0,0,2782529600,0,0,795547800,0,108126900,299035800,0,0,2402771000
"SLV",0,0,0,0,0,0,0,0,0,0,0,0,0,0,0,0,0,0,0,0,0,0,0,0,0,0,0,0,0,0,0,0,0,0,0,0,41238000,0,0,0,0,0,0,199578000,0,0,0,0,0,0,0,0,0,0,0,0,0,0,0,0,0,0,0,0,0,0,38109480000,0,0,0,4386598000,0,0,0,0,0,0,0,0,0,0,1044000,0,0,0,0,0,0,0,0,0,0,0,0,0,0,0,0,0,0,0,0,0,0,0,0,0,0,0,232000,0,0,0,0,0,0,0,0,0,0,0,0,1366688000,0,0,0,0,0,0,0,0,0,0,0,0,0,0,0,0,0,0,0,0,0,0,0,0,0,0,0,0,0,0,0,0,0,0,0,0,0,0,0,0,0,0,0,0,0,0,0,0,0,0,0,0,0,0,0,1474096600,0,0,0,0,0,0,0,0,0,0,0,0,0,0,0,0
"GNQ",0,0,0,0,0,0,0,0,0,0,0,0,0,0,0,0,0,0,0,0,0,0,0,0,0,0,0,0,0,0,0,0,0,0,0,0,0,0,0,0,0,0,0,0,0,0,0,0,0,0,0,0,0,0,0,0,0,0,0,0,0,0,0,0,0,0,0,0,0,0,0,0,0,0,0,0,0,0,0,0,0,0,0,0,0,0,0,0,0,0,0,0,0,0,0,0,0,0,0,0,0,0,0,0,0,0,0,0,0,0,0,0,0,0,0,0,0,0,0,0,0,0,0,0,0,0,0,0,0,0,0,0,0,0,0,0,0,0,0,0,0,0,0,0,0,0,0,0,0,0,0,0,0,0,0,0,0,0,0,0,0,0,0,0,0,0,0,0,0,0,0,0,0,0,0,0,0,0,0,0,0,0,0,0,0,0,0,0,0,0,0,0,0,0,0
"EST",0,0,0,0,0,0,0,0,0,0,0,0,0,0,0,0,0,0,0,0,0,0,0,0,0,0,0,0,0,0,0,0,0,0,0,0,0,0,0,0,0,348000,0,0,0,0,0,0,0,0,0,0,27458100,0,0,0,0,0,0,0,0,0,0,0,0,0,0,0,0,0,0,0,0,0,0,0,0,0,0,0,0,0,0,0,0,0,0,0,0,0,0,0,0,62572600,0,0,0,0,0,11505100,0,0,0,0,0,0,0,0,0,0,0,0,0,0,0,0,0,0,0,0,0,0,0,0,0,6675400,0,0,0,0,0,0,0,16297700,0,0,0,0,0,0,0,0,71428900,0,0,0,0,0,0,0,0,0,0,0,0,0,0,0,0,0,39614000,0,0,0,0,0,0,0,0,0,0,0,0,0,0,0,0,0,0,0,0,0,0,0,0,0,0,0,0,0,0,0,0,0,0
"FRO",0,0,0,0,0,0,0,0,0,0,0,0,0,0,0,0,0,0,0,0,0,0,0,0,0,0,0,0,0,0,0,0,0,0,0,0,0,0,0,0,0,0,0,0,0,0,0,0,0,0,0,0,0,0,0,0,0,0,0,0,0,0,0,0,0,0,0,0,0,0,0,0,0,0,0,0,0,0,0,0,0,0,0,0,0,0,0,0,0,0,0,0,0,0,0,0,0,0,0,0,0,0,0,0,0,0,0,0,0,0,0,0,0,0,0,0,0,0,0,0,0,0,0,0,0,0,0,0,0,0,0,0,0,0,0,0,0,0,0,0,0,0,0,0,0,0,0,0,0,0,0,0,0,0,0,0,0,0,0,0,0,0,0,0,0,0,0,0,0,0,0,0,0,0,0,0,0,0,0,0,0,0,0,0,0,0,0,0,0,0,0,0,0,0,0
"FJI",0,0,0,0,0,0,10890000,0,0,0,0,0,0,0,0,0,0,0,0,406000,0,0,0,0,0,3190000,0,0,0,0,0,92659600,0,0,0,14279100,0,0,0,0,0,0,0,0,0,0,0,0,0,0,0,0,0,0,0,0,0,0,0,0,0,0,123777600,0,0,0,0,0,0,0,0,0,0,0,0,0,0,0,0,0,0,0,0,0,0,0,0,0,0,0,0,0,0,0,0,0,0,0,0,0,0,0,0,0,0,0,0,0,0,0,0,0,0,0,0,0,0,0,192366500,0,60535300,87709800,0,0,0,0,0,0,0,35710900,0,0,0,0,0,0,0,0,0,0,0,0,0,0,0,0,0,0,0,0,0,0,0,0,0,0,0,0,0,0,0,0,0,0,0,0,0,0,114043200,0,0,0,0,0,0,58678000,116000,0,14262800,0,0,0,0,0,0,0,0,0,0,0,0,0,0,0,0
"FIN",0,0,0,0,0,0,0,0,0,0,0,0,0,0,0,0,0,0,0,0,0,0,0,0,0,0,0,0,0,0,0,0,0,0,0,0,0,0,0,0,0,0,0,0,0,0,0,0,0,406267800,0,0,0,56700,0,0,0,0,0,116000,0,0,0,0,0,0,0,0,0,0,0,113400,0,0,2856600,0,0,0,0,0,0,0,0,0,0,0,0,0,0,0,0,0,0,238537800,0,0,0,0,0,4640000,0,0,0,0,0,0,0,0,0,0,0,0,0,0,0,0,0,0,0,0,0,0,0,0,0,58000,0,0,0,0,0,0,0,0,0,0,0,0,0,0,0,0,334002700,0,0,0,0,0,0,0,0,0,0,0,0,0,1506700,0,0,0,109740400,7421400,0,0,0,0,0,0,0,0,0,0,0,0,0,0,0,0,174000,0,0,0,0,0,0,0,0,0,580000,0,0,0,0,0,0
"FRA",2828800,0,0,153442000,1678100,0,2525700,1071021800,0,0,0,320980400,0,0,0,0,161241600,0,0,0,0,3944000,0,0,0,355095600,0,4366400,0,0,58000,132887800,33415200,2146400,140181600,0,0,972400,20698500,0,1856400,46840100,0,6718400,0,0,0,0,2091600,2051600,0,0,29957000,0,881087200,1334000,31956000,106330100,0,23720413700,0,0,0,20909500,0,0,0,6030400,0,3759600,0,20024300,35540700,7668700,0,0,0,272250000,0,26170700,406000,2298548400,32233400,0,0,476316800,1102000,0,0,176700,0,20774000,2378000,0,116000,9588400,0,232000,48592500,37136800,0,51753600,0,6243400,0,42779600,696000,8791300,72934600,2378000,0,346242800,0,0,0,0,22466181800,0,703164100,0,7256800,58000,0,6839600,87175800,79921400,0,0,38715200,0,0,0,0,207455700,1365175700,0,0,0,1044000,0,213702500,0,11580400,0,17825000,0,0,21404800,178711700,0,0,70375500,1844600,2218000,0,0,3163529500,0,0,0,239936500,960100700,0,0,21890300,0,0,4014700,0,0,5668000,0,0,34709900,0,0,14212584200,10722600,285822500,16029000,0,0,0,0,0,0,1237600,0,14763406600,399734800,0,0,0,0,0
"PYF",0,0,0,0,0,0,0,0,0,0,0,0,0,0,0,0,0,0,0,0,0,0,0,0,0,0,0,0,0,0,0,0,0,0,0,0,0,0,0,0,0,0,0,0,0,0,0,0,0,0,0,0,0,0,0,0,0,0,0,0,0,0,0,0,0,0,0,0,0,0,0,0,0,0,0,0,0,0,0,0,0,0,0,0,0,0,0,0,0,0,0,0,0,0,0,0,0,0,0,0,0,0,0,0,0,0,0,0,0,0,0,0,0,0,0,0,0,0,0,0,0,0,0,0,0,0,0,0,0,0,0,0,0,0,0,0,0,0,0,0,0,0,0,0,0,0,0,0,0,0,0,0,0,0,0,0,0,0,0,0,0,0,0,0,0,0,0,0,0,0,0,0,0,0,0,0,0,0,0,0,0,0,0,0,0,0,0,0,0,0,0,0,0,0,0
"DJI",0,0,0,0,0,0,0,0,0,0,0,0,0,0,0,0,0,0,0,0,0,0,0,0,0,0,0,0,0,0,0,0,0,0,0,0,0,0,0,0,0,0,0,0,0,0,0,0,0,0,0,0,0,0,0,0,0,0,0,0,0,0,0,0,0,0,0,0,0,0,0,0,0,0,0,0,0,0,0,0,0,0,0,0,0,0,0,0,0,0,0,0,0,0,0,0,0,0,0,0,0,0,0,0,0,0,0,0,0,0,0,0,0,0,0,0,0,0,0,0,0,0,0,0,0,0,0,0,0,0,0,0,0,0,0,0,0,0,0,0,0,0,0,0,0,0,0,0,0,0,0,0,0,0,0,0,0,0,0,0,0,0,0,0,0,0,0,0,0,0,0,0,0,0,0,0,0,0,0,0,0,0,0,0,0,0,0,0,0,0,0,0,0,0,0
"GEO",9802000,0,0,0,0,0,0,0,0,0,0,0,0,0,0,0,0,0,0,0,0,0,0,0,0,0,0,0,0,0,0,0,0,0,0,0,0,0,0,30433500,0,0,0,0,0,0,0,0,0,0,0,0,0,0,0,0,0,0,0,1740000,0,0,0,0,0,0,0,0,0,0,0,0,0,0,0,0,0,0,58000,0,0,0,0,0,0,0,0,0,0,0,0,0,0,0,0,0,0,0,0,0,0,0,0,0,0,0,0,0,0,0,0,0,0,0,0,0,0,0,0,0,0,0,0,0,0,0,0,0,0,0,0,0,0,0,0,0,0,0,0,0,0,0,0,0,0,0,0,0,0,0,0,0,0,0,0,0,0,0,0,0,0,0,0,0,0,0,0,0,0,0,0,0,0,0,0,0,0,34800000,0,0,0,0,0,0,0,0,0,0,0,0,0,0,0,0,0
"GAB",0,0,0,0,0,0,0,0,0,0,0,0,0,0,0,0,0,0,0,0,0,0,0,0,0,0,0,0,0,0,0,0,0,0,0,0,0,0,0,0,0,0,0,0,0,0,0,0,0,0,0,0,0,0,0,0,0,0,0,0,0,0,0,0,0,0,0,0,0,0,0,0,0,0,0,0,0,0,0,0,0,0,0,0,0,0,0,0,0,0,0,0,0,0,0,0,0,0,0,0,0,0,0,0,0,0,0,0,0,0,0,0,0,0,0,0,0,0,0,0,0,0,0,0,0,0,0,0,0,0,0,0,0,0,0,0,0,0,0,0,0,0,0,0,0,0,87432700,0,0,0,0,0,0,0,0,0,0,0,0,0,0,0,0,0,0,0,0,0,0,0,0,0,0,0,0,0,0,0,0,0,0,0,0,0,0,0,0,0,870000,0,0,0,0,0,0
"GMB",0,0,0,0,0,0,0,0,0,0,0,0,0,0,0,0,0,0,0,0,0,0,0,0,0,0,0,0,0,0,0,11928582000,0,0,0,0,0,0,0,0,0,0,0,0,0,0,0,0,0,0,0,0,0,0,0,0,0,0,0,0,0,0,0,0,0,0,0,0,0,0,0,0,0,0,0,0,0,0,0,0,0,0,0,0,0,0,0,0,0,0,0,0,0,0,0,0,0,0,0,0,0,0,0,0,0,0,0,0,0,0,0,0,0,0,0,0,0,0,0,0,0,0,0,0,0,0,0,0,0,0,0,0,0,0,0,0,0,0,0,0,0,0,0,0,0,0,0,0,0,0,0,0,0,0,0,0,0,0,0,0,0,0,0,0,0,0,0,0,0,0,0,0,0,0,0,0,132604200,0,0,0,0,0,0,0,0,0,0,0,0,0,0,0,0,0,0
"DEU",0,17820000,22324300,0,0,83766800,17146800,119069568100,0,2768300,3737500,14409200,0,0,0,0,231152900,0,0,0,0,4968665800,0,0,442000,1450000,0,0,638000,0,14607200,22037900,6264000,0,0,0,32409300,0,844883800,136830700,0,17464471200,0,85508700,206581900,8932000,259120000,0,0,128746500,3074000,0,6273763100,25241379600,0,0,53623400,0,986000,0,6264000,464000,0,4525251400,0,0,0,0,0,0,0,257885300,9139721300,1643753000,130518400,106720800,317444400,0,17902200,3536554700,164235100,29694704400,0,79627900,1218000,0,310960400,58000,0,0,0,83004500,122335300,378919400,0,0,0,0,28392000,781890500,0,0,0,20143800,70400800,18618000,988153200,0,6554000,1392000,466481900,321792300,0,97142800,25520000,0,48693430600,0,0,0,0,142766000,0,0,0,2333123800,16088800,0,11064909600,0,56278000,120630000,348000,17037405500,12632492400,0,0,0,2088000,0,7951915300,0,16973800,0,0,0,0,107385300,0,4988000,0,5808256000,7561803600,30798000,0,41916000,18349628700,0,0,0,15070338800,41994500300,44481600,0,29015700,0,0,0,0,0,4064500,13702000,250126500,38194900,0,0,9510427200,536795600,4097219000,0,606117900,696000,4524000,29967200,0,0,0,0,18537796900,80731718200,2757101700,232000,0,0,0
"BIH",0,0,3190000,0,0,0,0,0,0,0,0,0,0,0,0,0,0,0,0,0,0,0,0,0,0,0,0,0,0,0,0,0,0,0,0,0,0,0,0,0,0,0,0,0,0,0,0,0,0,0,0,0,0,0,0,0,0,0,0,232000,0,0,0,0,0,0,0,0,0,0,0,0,0,1557300000,0,0,0,0,0,0,0,0,0,0,0,0,0,0,0,0,0,0,0,0,0,0,0,0,0,0,0,0,0,0,0,0,0,0,0,0,0,0,0,0,0,0,0,0,0,3654000,0,0,0,0,0,0,0,0,0,0,0,0,0,0,0,0,0,0,0,0,0,0,41412000,0,0,0,0,0,0,0,0,278574000,0,0,0,0,0,0,0,0,9396000,0,0,0,0,0,0,0,0,0,0,0,0,7946000,0,0,0,0,0,0,0,0,0,0,0,0,0,0,0,0,208858000,468333400,0,0,0
"GHA",0,0,0,0,0,0,0,0,0,0,589000,0,0,0,0,0,0,0,0,0,0,0,0,0,0,270827500,0,0,0,0,0,1119100,0,0,0,0,0,0,0,0,0,0,0,0,0,0,0,0,0,0,0,0,0,0,0,0,0,0,0,0,58000,0,0,0,0,0,0,0,0,0,0,0,0,0,80630000,0,0,0,0,0,0,602180800,0,0,0,0,0,0,0,0,0,0,0,0,0,0,0,0,0,0,0,0,0,0,0,0,0,0,0,0,0,0,0,0,0,0,294500,0,0,0,0,680400,0,28350000,0,0,0,0,116000,0,0,0,0,0,0,0,0,0,0,0,0,0,406000,0,0,0,0,0,0,0,0,0,0,0,0,283238200,0,0,0,0,116000,5638500,0,0,0,0,0,0,0,0,0,0,0,81603000,0,0,162729000,0,53867200,1581066000,0,0,0,156548700,0,0,0,0,390100,0,0,0,0,0,0
"KIR",0,0,0,0,0,0,0,0,0,0,0,0,0,0,0,0,0,0,0,0,0,0,0,0,0,0,0,0,0,0,0,0,0,0,0,0,0,0,0,0,0,0,0,0,0,0,0,0,0,0,0,0,0,0,0,0,0,0,0,0,0,0,0,0,0,0,0,0,0,0,0,0,0,0,0,0,0,0,0,0,0,0,0,0,0,0,0,0,0,0,0,0,0,0,0,0,0,0,0,0,0,0,0,0,0,0,0,0,0,0,0,0,0,0,0,0,0,0,0,0,0,0,0,0,0,0,0,0,0,0,0,0,0,0,0,0,0,0,0,0,0,0,0,0,0,0,0,0,0,0,0,0,0,0,0,0,0,0,0,0,0,0,0,0,0,0,0,0,0,0,0,0,0,0,0,0,0,0,0,0,0,0,0,0,0,0,0,0,0,0,0,0,0,0,0
"GRC",0,0,8368767000,0,0,0,63400800,31255200,589000,1408200,0,1798000,0,0,0,0,0,0,0,0,0,5502561200,0,0,0,12427900,1458526000,0,0,0,0,0,0,0,0,0,0,0,5102451400,0,0,375840000,0,0,0,0,0,0,0,350610000,0,0,58900,74209300,0,0,28350000,0,0,5291352700,26332000,0,0,0,0,0,0,0,0,0,0,0,462306100,348235500,0,0,0,0,0,581541900,67032000,495449000,0,0,0,27724000,5948900,0,0,0,0,4181900,10307500,21379100,0,0,0,0,0,747500,0,0,0,0,0,0,603451300,0,12923800,348000,0,0,0,0,0,0,2799680700,0,0,2305564700,0,0,0,0,0,967129800,0,0,60139600,0,0,0,0,8246327300,72658400,0,0,0,0,0,4942700000,0,0,0,0,0,0,117800,0,4240800,0,1037792400,43090100,0,0,0,100309000,0,0,0,109480200,4824800,0,0,0,0,15592500,0,0,0,0,0,0,0,0,0,4823153700,95323500,13282000,0,0,0,0,0,0,0,0,0,22910000,58900,1657195800,23142600,0,0,0
"GRL",0,0,0,0,0,0,0,0,0,0,0,0,0,0,0,0,0,0,0,0,0,0,0,0,0,0,0,0,0,0,0,0,0,0,0,0,0,0,0,0,0,0,0,0,0,0,0,0,0,0,0,0,0,0,0,0,0,0,0,0,0,0,0,0,0,0,0,0,0,0,0,0,0,0,0,0,0,0,0,0,0,0,0,0,0,0,0,0,0,0,0,0,0,0,0,0,0,0,0,0,0,0,0,0,0,0,0,0,0,0,0,0,0,0,0,0,0,0,0,0,0,0,0,0,0,0,0,0,0,0,0,0,0,0,0,0,0,0,0,0,0,0,0,0,0,0,0,0,0,0,0,0,0,0,0,0,0,0,0,0,0,0,0,0,0,0,0,0,0,0,0,0,0,0,0,0,0,0,0,0,0,0,0,0,0,0,0,0,0,0,0,0,0,0,0
"GRD",0,0,0,0,0,0,0,0,0,0,0,0,0,0,0,0,0,0,0,0,0,0,0,0,0,0,0,0,0,0,0,0,0,0,0,0,0,0,0,0,0,0,0,0,0,0,0,0,0,0,0,0,0,0,0,0,0,0,0,0,0,0,0,0,0,0,0,0,0,0,0,0,0,0,0,0,0,0,0,0,0,0,0,0,0,0,0,0,0,0,0,0,0,0,0,0,0,0,0,0,0,0,0,0,0,0,0,0,0,0,0,0,0,0,0,0,0,0,0,0,0,0,0,0,0,0,0,0,0,0,0,0,0,0,0,0,0,0,0,0,0,0,0,0,0,0,0,0,0,0,0,0,0,0,0,0,0,0,0,0,0,0,0,0,0,0,0,0,0,0,0,0,0,0,0,0,0,0,0,0,0,0,0,0,0,0,0,0,0,0,0,0,0,0,0
"GTM",0,0,0,0,0,0,0,0,0,0,0,0,0,0,0,0,0,0,27202000,0,0,0,0,0,0,0,0,0,0,0,0,0,0,0,0,0,92452000,0,0,0,0,0,0,254040000,0,0,0,783546500,0,0,0,0,0,0,0,0,0,0,0,0,0,0,0,0,0,0,0,0,0,0,698470500,0,0,0,0,0,0,0,0,0,0,0,0,0,0,0,0,0,0,0,0,0,0,0,0,0,0,0,0,0,0,0,0,0,0,0,0,0,0,150751600,0,0,0,0,0,0,0,0,0,0,0,0,143492000,0,0,0,0,265930000,0,0,0,0,0,0,0,0,0,0,0,0,0,0,0,0,0,0,0,0,0,0,0,0,0,0,0,0,0,0,0,0,0,0,0,0,0,0,0,0,0,0,0,0,0,0,0,0,0,0,279560000,0,0,0,0,0,0,0,0,0,0,0,0,0,0,0,0
"GIN",0,0,0,0,0,0,0,0,0,0,0,0,0,0,0,0,0,0,0,0,0,0,0,0,0,1060200,0,0,0,0,0,0,0,0,0,0,0,0,0,0,0,0,0,0,0,0,0,0,0,0,0,0,0,306152200,0,0,0,0,0,0,0,0,0,0,0,0,0,0,0,0,0,0,0,0,0,0,0,0,0,0,0,2237404000,0,0,0,0,0,0,0,0,0,0,0,0,0,0,0,0,0,0,0,0,0,0,0,0,0,0,0,0,0,0,0,0,0,0,212334500,0,0,0,0,0,0,0,0,0,0,0,0,0,0,0,0,0,0,0,0,0,0,0,0,0,0,0,0,0,0,0,0,0,0,0,0,0,0,0,0,0,0,0,0,0,0,0,0,0,0,0,0,0,0,0,0,0,0,0,0,0,0,0,0,0,0,0,0,0,0,0,7647700,0,0,0,0,0,0
"GUY",0,0,0,0,20582100,0,0,0,0,0,0,0,0,0,0,0,0,0,0,0,0,0,0,0,0,0,0,0,0,0,0,0,0,0,0,0,0,0,0,0,0,0,0,0,0,0,0,0,0,0,0,0,0,0,0,0,0,0,0,0,0,0,0,0,0,176700,0,0,0,0,0,0,0,0,0,0,0,0,0,0,0,0,0,0,0,0,0,0,0,0,0,0,0,0,0,0,0,0,0,0,0,0,0,0,0,0,0,0,0,0,0,0,0,0,0,0,1740000,0,0,0,0,0,0,0,0,0,0,0,0,0,0,0,0,0,0,0,0,0,0,0,0,0,0,0,0,0,0,0,0,0,0,0,0,0,0,0,0,2475200,0,0,0,0,0,0,0,0,0,0,0,0,0,0,0,0,0,0,0,0,0,0,0,0,0,0,0,0,0,0,0,0,0,0,0,0,0
"HTI",0,0,0,0,0,0,0,0,0,0,0,0,0,0,0,0,0,0,0,0,0,0,0,0,0,0,0,0,0,0,0,0,0,0,0,0,0,0,0,0,0,0,0,0,0,0,0,0,0,0,0,0,0,0,0,0,0,0,0,0,0,0,0,0,0,0,0,0,0,0,0,0,0,0,0,0,0,0,0,0,0,0,0,0,0,0,0,0,0,0,0,0,0,0,0,0,0,0,0,0,0,0,0,0,0,0,0,0,0,0,0,0,0,0,0,0,0,0,0,0,0,0,0,0,0,0,0,0,0,0,0,0,0,0,0,0,0,0,0,0,0,0,0,0,0,0,0,0,0,0,0,0,0,0,0,0,0,0,0,0,0,0,0,0,0,0,0,0,0,0,0,0,0,0,0,0,0,0,0,0,0,0,0,0,0,0,0,0,0,0,0,0,0,0,0
"HND",0,0,0,0,0,0,0,0,0,0,0,0,0,0,0,0,0,0,2204000,0,0,0,0,0,0,0,0,0,0,0,0,0,0,0,0,0,397126000,0,0,0,0,0,0,13830100000,0,0,0,543692000,0,0,0,0,0,0,0,0,0,0,0,0,0,0,0,0,0,0,931248000,0,0,0,0,0,0,0,0,0,0,0,0,0,0,0,0,0,0,0,0,0,0,0,0,0,0,0,0,0,0,0,0,0,0,0,0,0,0,0,0,0,0,0,0,0,0,0,0,0,0,0,0,0,0,0,971442000,0,0,0,0,0,0,0,0,0,0,0,0,0,0,0,0,0,0,0,0,0,0,0,0,0,0,0,0,0,0,0,0,0,0,0,0,0,0,0,0,0,0,0,0,0,0,0,0,0,0,0,0,0,0,0,2436000,0,0,0,0,0,0,0,0,0,0,0,0,0,0,0,0
"HKG",0,0,0,0,0,0,2895295200,0,812000,0,0,0,0,0,0,0,0,0,0,3712800,0,0,0,0,0,2944836500,0,0,0,0,0,17255973400,0,0,0,0,0,0,0,0,0,0,0,0,0,0,0,0,0,0,0,9900800,0,0,0,0,0,0,0,0,0,0,0,0,0,0,0,0,0,0,0,0,0,0,0,0,0,0,0,0,41876000,0,0,0,0,0,0,0,0,0,0,0,0,0,0,0,0,0,0,0,18410115300,0,0,815110400,0,0,0,0,0,0,0,0,0,0,0,0,0,0,0,0,0,118102400,0,0,0,0,0,1149200,0,0,0,0,0,0,0,0,0,0,0,0,0,0,0,0,0,0,0,0,0,0,0,0,0,119690000,0,0,0,0,0,0,0,0,0,0,0,0,189428000,0,0,0,0,0,0,0,0,0,200933200,0,8531835100,0,0,0,0,0,0,0,0,0,0,0,0,0,0,0,0
"HUN",0,0,92181800,1531400,0,0,0,46086400,0,116000,0,0,0,0,117800,0,1178000,0,0,0,0,25591100,58900,0,0,933400,0,0,58900,0,4005200,0,0,0,0,0,0,0,7539600,0,0,14790900,0,0,176700,0,0,0,0,203705500,0,0,412300,157118000,1236900,0,883500,0,0,515057100,864932200,0,0,16500900,0,0,0,0,0,0,0,1804300,0,1553070800,112072700,0,0,0,58900,27564900,7539200,655065600,530100,0,0,0,0,0,0,0,0,0,18154000,13943400,0,0,0,0,235600,53628900,0,0,0,1236000,0,0,1283200,0,117800,0,58900,0,0,1649200,0,2179300,153866400,0,3475100,336965200,0,0,0,0,0,7970300,0,0,1979003900,0,0,0,0,1766341800,5831100,0,0,0,25578000,0,32581195300,0,220806000,0,0,0,0,7048400,0,0,0,701326700,1359792200,58900,0,0,22358600,0,0,0,4711100,18851900,0,0,265200,0,0,0,0,0,58900,0,13664800,40268200,0,0,63417000,568254400,0,0,0,117800,0,765700,0,0,0,0,1153462300,1119100,583312600,320229700,0,0,0
"HRV",0,0,0,0,0,0,0,3792500,0,0,0,0,0,0,0,0,0,0,0,0,0,0,0,0,0,0,0,0,0,0,0,0,0,0,0,0,0,0,0,0,0,0,0,0,0,0,0,0,0,0,0,0,0,116000,0,0,0,0,0,8547200,403816500,0,0,0,0,0,0,0,0,0,0,0,122220000,0,0,0,0,0,0,0,0,0,0,0,0,0,0,0,0,0,0,0,0,0,0,0,0,0,0,0,0,0,0,0,0,0,0,0,0,0,0,0,0,0,0,0,25810000,0,0,1697962200,0,0,0,0,0,114700,0,0,21484100,0,0,0,0,2317400,0,0,0,0,0,0,2427053200,0,58000,0,0,0,0,0,0,0,0,1123087200,22693775300,0,0,0,0,0,0,0,116000,926700,0,0,0,0,0,0,0,0,0,0,0,0,0,0,0,0,0,0,0,0,0,0,0,0,0,0,0,0,227437000,37911200,0,0,0
"ISL",0,0,0,0,0,0,0,0,0,0,0,0,0,0,0,0,0,0,0,0,0,0,0,0,0,0,0,0,0,0,0,0,0,0,0,0,0,0,0,0,0,0,0,0,0,0,0,0,0,0,0,0,0,0,0,0,0,0,0,0,0,0,0,0,0,0,0,0,0,0,0,0,0,0,0,0,0,0,0,0,0,0,0,0,0,0,0,0,0,0,0,0,0,0,0,0,0,0,0,0,0,0,0,0,0,0,0,0,0,0,0,0,0,0,0,0,0,0,0,0,0,0,0,0,0,0,0,0,0,0,0,0,0,0,0,0,0,0,0,0,0,0,0,0,0,0,0,0,0,0,0,0,0,0,0,0,0,0,0,0,0,0,0,0,0,0,0,0,0,0,0,0,0,0,0,0,0,0,0,0,0,0,0,0,0,0,0,0,0,0,0,0,0,0,0
"IND",1659693500,68484081800,9100595000,42733062000,0,0,5474176000,0,0,4203581900,127252000,128627666500,0,1375670100,0,3946800,0,0,63800000,270106000,3787821700,498960000,25216348400,0,3861200,5421948700,0,0,3295899200,6.96e+08,125338000,2819451440600,1936306000,0,821942200,0,0,0,378508000,838400000,162565600,3144600,0,75400000,7686490000,0,7770336000,157644000,2693400,0,0,2526485600,0,475321200,0,4257198000,14085381000,800500,0,10879272700,2016280000,10939200,0,3630535000,0,0,0,32281000,1740232000,0,0,9482152200,0,9844088500,0,0,2828462385800,82674071000,63235298000,6136074000,14485570000,81726879000,2105700,1186424800,1492400,1932808400,5645696600,0,18257975300,1956266000,0,897036400,15015058900,1292760000,1414658000,8597352000,0,1312306700,7939190000,4976810000,0,10937814000,7786800,433959102600,1434000400,2079126000,414000,1759000,12186464200,4416960000,40484000,1875708000,5837000,1013764000,0,126698594400,95164451100,0,0,3676365000,712008000,13982898500,0,0,2717535000,23072400,1335150900,715405000,145176800,788141100,0,70412000,538475290500,2355481600,175732200,0,504252000,0,13819519400,0,1608474000,4066400,162566472400,0,1160000,6032000,167265000,34302001200,13906400,122693000,67470600,0,0,49570063700,498626000,61436608600,1277588000,2301556000,0,0,101786300,1769482800,8545636000,0,68530860600,162319400,313172073800,0,0,216760000,22920242100,3589608000,29503614000,205907241200,5381200,0,32670177200,111649903700,29446456600,0,0,589680000,0,1258963503100,17259480000,56180033600,405529500,31349200,168804000,0,16994536000,2203310000,7165378000,0,0
"IDN",0,0,0,0,0,0,1078544000,0,0,1334000,0,0,0,0,0,0,0,0,0,15834000,845060000,0,0,0,0,892794000,0,0,0,0,0,255982000,0,0,0,0,0,0,0,0,0,0,0,0,0,0,4350000,0,0,0,0,0,0,5136000,0,0,0,0,0,126297700,0,0,0,0,0,0,0,0,0,0,0,8976751200,0,0,0,0,0,0,190878000,0,1876764000,1276000,0,0,0,44428000,6997468000,0,0,62060000,0,3164968000,17728300,0,0,0,0,0,0,0,0,0,0,16846315900,0,0,0,0,0,0,0,0,0,0,0,0,656325400,0,0,0,0,0,0,0,1310742000,0,0,0,0,16524300,0,0,1357592900,0,0,0,1721232200,0,11249400,0,0,0,0,0,0,0,0,301020000,0,0,0,0,0,2528044700,0,0,0,0,0,0,0,0,0,0,316777300,483632000,955593600,0,0,0,2320000,0,0,38686000,0,0,468756000,0,3313850500,0,0,0,0,6148000,0,0,0,0,0,0,0,0,0,0,0
"IRN",4996000,0,0,0,0,0,0,747500,0,0,0,0,0,0,0,0,0,0,0,0,3422000,0,0,0,0,7482000,0,0,0,0,0,0,0,0,0,0,0,0,0,68556000,0,522000,0,0,0,0,0,0,0,0,0,0,0,1945800,0,0,0,0,0,0,0,0,0,0,0,0,0,0,0,0,0,0,580000,0,0,107446500,0,0,0,0,0,5568300,0,2963400,0,0,0,5726700,0,0,0,0,3596000,0,0,0,0,0,0,0,0,0,0,0,0,0,0,0,580000,0,0,0,0,0,0,0,0,0,0,0,0,0,0,0,0,406000,24593535900,0,0,0,0,0,0,0,0,0,0,0,178060000,0,348000,0,0,0,0,0,0,0,0,0,0,0,0,0,0,8816000,0,0,0,0,174000,4168200,0,0,0,0,0,0,0,0,9424000,0,2329168500,114358200,0,0,0,0,0,0,0,0,0,0,0,0,0,0,58000,0,0,0,0,0,0
"IRQ",0,0,0,0,0,0,0,0,0,0,0,0,0,0,0,0,0,0,0,0,0,0,0,0,0,0,0,0,0,0,0,0,0,0,0,0,0,0,0,0,0,0,0,0,0,0,0,0,0,0,0,0,0,0,0,0,0,0,0,0,0,0,0,0,0,0,0,0,0,0,0,0,0,0,0,0,0,0,0,0,0,0,0,0,0,0,0,0,0,0,0,0,0,0,0,0,0,0,0,0,0,0,0,0,0,0,0,0,0,0,0,0,0,0,0,0,0,0,0,0,0,0,0,0,0,0,0,0,0,0,0,0,0,0,0,0,0,0,0,0,0,0,0,0,0,0,0,0,0,0,0,0,0,0,0,0,0,0,0,0,0,0,0,0,0,0,0,0,0,0,0,0,0,0,0,0,0,0,0,0,0,0,0,0,0,0,0,0,0,0,0,0,0,0,0
"IRL",0,0,0,0,0,0,0,0,0,931600,0,0,0,0,0,0,0,0,0,0,0,0,0,0,0,0,0,0,0,0,0,0,0,0,0,0,0,0,7539200,0,0,0,0,0,0,0,0,0,0,0,0,0,0,8765000,0,0,116900,0,0,18444000,0,0,0,0,0,0,0,0,0,0,0,0,0,0,4872000,0,0,0,0,0,0,0,0,0,0,0,0,0,0,0,0,3534000,0,0,0,0,0,0,0,589000,0,0,0,0,0,0,26858400,0,0,0,0,0,0,0,0,0,31688200,0,0,0,0,0,0,0,0,1160900,0,0,0,0,0,0,0,0,471200,0,0,0,0,0,0,0,0,0,0,0,0,0,0,0,0,0,0,0,0,0,2394200,0,0,0,0,0,0,0,0,0,0,0,0,0,0,0,0,4712000,0,0,1322444400,0,117800,0,0,0,0,0,0,0,0,0,0,0,0,0,0,0,0
"ISR",0,0,0,0,0,0,8178000,4872000,0,0,0,0,0,0,0,0,0,0,0,0,0,13862000,0,0,0,16762000,0,0,0,0,0,0,0,0,0,0,0,0,16974000,0,0,0,0,0,0,0,0,0,0,0,0,0,0,52896000,0,0,4685200,0,0,12435437000,0,0,0,0,0,0,0,0,0,0,0,0,0,106770600,0,0,0,0,0,0,0,32428187600,0,0,0,0,0,0,0,0,0,0,0,0,0,0,0,0,0,0,0,0,0,0,0,0,244260000,0,0,0,0,0,0,0,0,0,1088563800,0,0,0,0,0,0,0,0,4685200,0,5452000,0,0,0,0,1044000,0,508433400,0,0,0,0,0,0,0,0,0,0,0,0,0,0,0,0,49788000,0,5916000,0,2552000,1304348400,0,0,0,3978000,5374981600,0,0,0,0,6960000,0,0,0,0,0,0,0,0,0,50704800,0,460052600,0,0,0,0,0,0,0,0,0,536081000,0,0,0,0,0,0
"ITA",19713200,3190000,111274000,0,0,289170000,0,27471916200,0,696000,14144000,12729600,0,0,0,0,10049600,0,0,0,0,23163800,0,0,45437600,287361200,0,0,34122400,0,0,111471000,0,0,0,0,0,0,429593200,0,0,528203000,0,0,5834400,0,9581000,0,0,25276800,0,0,6206000,16626486400,0,12376000,0,0,0,90753035400,53658800,142677600,0,131786500,0,0,0,0,0,0,0,102624800,293496400,1387724900,0,0,7956000,0,32928400,8708300,94532000,0,0,0,0,86404600,9070600,0,0,0,0,1508000,0,213864400,0,20246000,0,0,25686800,112338100,0,0,0,197308800,290000,0,2172297700,0,406000,0,0,36772000,0,0,0,0,10384169900,0,0,89210000,0,0,0,0,119074800,3234000500,0,4988000,284064500,101218000,0,18917600,14055600,367086800,8209400,0,0,0,0,0,210556300,0,27315600,0,0,0,0,928000,0,0,22984000,6581657900,1212579500,74927200,0,6902000,2379986900,0,1160000,0,1143316000,1795851900,0,0,0,0,0,0,0,0,14500000,35229600,68261600,0,0,0,6585905600,161471800,38294500,17680000,0,0,0,638000,0,0,43492800,0,2274403400,13310672600,21909200,4060000,0,0,0
"CIV",0,0,0,0,0,0,0,0,0,0,0,0,0,0,0,0,0,0,0,0,0,0,0,0,0,81736100,0,0,0,0,0,0,0,0,0,0,0,0,0,0,0,0,0,0,0,0,0,0,19720000,0,0,0,0,459691600,0,0,0,0,0,0,0,72600000,0,0,0,0,0,3543581700,0,0,0,0,0,0,0,0,0,0,0,0,0,2227400,0,0,0,0,0,0,0,0,0,0,0,0,0,0,0,5102894800,0,0,0,0,0,0,0,20021468400,0,0,0,0,0,3254300,0,0,0,0,0,0,0,0,0,0,0,0,0,0,0,0,0,0,0,0,0,0,0,0,0,0,0,0,0,0,41400,0,0,0,0,0,146063600,0,0,0,0,0,0,0,0,0,0,0,0,5095100,0,0,0,0,0,18298800,0,0,0,10904000,0,0,0,0,3076100,0,23769200,72243000,0,0,0,0,0,0,0,0,600573500,0,0,0,0,0,0
"KAZ",0,0,0,0,0,0,0,0,0,0,0,0,0,0,0,0,0,0,0,0,0,0,0,0,0,0,0,0,0,0,0,0,0,0,0,0,0,0,0,0,0,0,0,0,0,0,0,0,0,0,0,0,0,0,0,0,0,0,0,19720000,0,0,0,0,0,0,0,0,0,0,0,0,0,0,0,0,0,0,0,0,0,0,0,0,0,0,0,7279214900,0,0,0,0,0,0,0,0,0,0,0,0,0,0,0,0,0,0,0,0,0,0,2498700,0,0,0,0,0,0,0,0,0,0,0,0,0,0,0,0,0,0,0,0,0,0,0,0,0,0,0,0,0,0,0,1760806900,0,0,0,0,0,0,0,0,0,0,0,0,0,0,0,236026800,0,0,0,0,0,0,0,0,0,0,0,0,0,0,0,0,0,0,0,0,0,0,72365700,0,0,0,0,0,0,0,0,0,0,0,0,0
"JAM",0,0,0,0,0,0,0,0,0,0,0,0,0,0,0,0,0,0,0,0,0,0,0,0,0,88400,0,0,0,0,0,0,0,0,0,0,0,0,0,0,0,0,0,0,0,0,0,0,0,0,0,0,0,0,0,0,0,0,0,0,0,0,0,0,0,1566000,0,0,0,0,0,0,0,0,0,0,0,0,0,0,0,0,0,0,0,0,0,0,0,0,0,0,0,0,0,0,0,0,0,0,0,0,0,0,0,0,0,0,0,0,0,0,0,0,0,0,0,0,0,0,0,0,0,0,0,0,0,0,0,0,0,0,0,0,0,0,0,0,0,0,0,0,0,0,0,0,0,0,0,0,0,0,0,0,0,0,0,0,0,0,0,0,0,0,0,0,0,0,0,0,0,0,0,0,0,0,58000,0,207000,0,0,0,0,0,0,0,0,0,0,0,0,0,0,0,0
"JPN",0,0,0,0,0,0,1566000,0,0,0,0,0,0,0,0,0,9860000,0,0,0,0,0,0,0,0,1508000,0,0,0,0,0,137518000,0,0,0,0,0,0,0,0,0,0,0,0,0,0,0,0,0,0,0,0,0,32770000,0,0,0,0,0,0,0,0,0,0,0,0,0,0,0,0,0,368648000,0,0,0,0,0,0,0,0,0,0,0,0,0,0,0,0,0,0,0,48430000,0,0,0,0,0,0,0,0,1450000,0,0,12412000,0,0,0,0,0,0,0,0,0,0,0,0,0,0,0,0,0,0,0,0,0,0,0,0,0,0,0,0,14094000,0,0,0,0,0,0,0,0,0,0,0,0,0,0,396024000,0,0,0,0,0,222372000,0,0,0,0,0,0,0,5568000,0,0,585858000,0,16762000,0,0,0,0,0,0,1102000,0,0,0,0,371432000,0,0,0,0,0,0,0,0,0,0,0,0,0,0,0,0
"JOR",0,0,0,0,0,0,0,0,0,169998000,0,0,0,0,0,0,0,0,0,0,0,0,0,0,0,0,0,0,0,0,0,0,0,0,0,0,0,0,0,0,0,0,0,0,0,0,88140600,0,0,0,0,0,0,0,0,0,0,0,0,0,0,0,0,0,0,0,0,0,0,0,0,0,0,0,0,1402701300,0,0,0,0,0,0,0,0,0,0,0,0,0,0,0,0,61134300,0,0,0,0,0,0,0,0,0,0,0,0,0,0,0,0,0,0,0,0,0,0,0,0,0,0,0,0,0,0,0,0,0,0,0,0,0,0,0,0,0,0,0,0,0,59705100,0,0,0,0,0,0,0,0,212647200,0,0,0,0,0,0,0,0,0,0,0,0,0,0,38442600,0,0,0,0,0,0,0,18795600,0,0,311921400,0,0,0,0,0,0,0,0,0,0,0,0,0,0,0,0,0,0,1340238600,0,93498300
"KGZ",0,0,0,0,0,0,0,0,0,0,0,0,0,0,0,0,0,0,0,0,0,0,0,0,0,0,0,0,0,0,0,0,0,0,0,0,0,0,0,0,0,0,0,0,0,0,0,0,0,0,0,0,0,0,0,0,0,0,0,0,0,0,0,0,0,0,0,0,0,0,0,0,0,0,0,0,0,0,0,0,0,0,0,0,0,0,0,0,0,0,0,0,0,0,0,0,0,0,0,0,0,0,0,0,0,0,0,0,0,0,828000,0,0,5103000,0,0,0,0,0,0,0,0,0,0,0,0,0,0,0,0,0,0,0,0,0,0,0,0,170100,0,0,0,0,0,0,0,0,0,0,0,0,0,0,0,0,0,0,0,0,0,0,0,0,0,0,0,0,0,0,0,0,0,0,0,0,0,0,0,0,0,0,0,0,0,0,0,0,0,0,0,0,0,0,0,0
"KEN",0,0,0,0,0,0,0,0,0,0,0,46586800,0,0,0,0,0,0,0,0,0,0,0,58638000,0,1631200,0,745200,0,0,0,819720000,0,0,0,0,0,0,58000,0,0,0,0,0,0,0,0,0,0,0,0,0,0,0,0,0,0,0,0,1656000,0,0,0,0,0,0,0,0,0,0,0,298080000,0,0,0,0,0,0,0,0,0,127628000,0,0,0,0,0,0,0,0,0,0,0,0,0,0,0,0,0,0,0,0,0,0,0,0,0,0,0,0,0,0,11542000,0,0,0,0,0,0,0,0,0,0,0,0,0,0,0,0,0,0,0,1179900000,0,0,0,0,0,116000,0,0,0,41400,0,0,0,0,0,0,0,0,0,0,0,3851100000,0,0,0,0,0,0,0,0,0,0,24592000,0,0,0,0,11467800,1334000,0,0,57112000,0,0,0,127975000,0,0,0,0,0,91582000,0,1508358000,745200,0,0,0,0,12818000,1677200000,0
"KHM",0,0,0,0,0,0,0,0,0,0,0,0,0,0,0,0,0,0,0,0,0,0,0,0,0,0,0,0,0,0,0,0,0,0,0,0,0,0,0,0,0,0,0,0,0,0,0,0,0,0,0,0,0,42630000,0,0,0,0,0,0,0,0,0,0,0,0,0,0,0,0,0,0,0,0,0,0,0,0,0,0,0,0,0,0,0,0,0,0,0,0,0,0,0,0,0,0,0,0,0,0,0,0,0,1227344400,0,0,0,0,0,0,0,0,0,0,0,0,0,0,0,0,0,0,0,0,0,0,0,0,0,0,0,0,0,0,0,0,0,0,0,0,0,0,0,0,0,0,0,0,0,0,0,0,0,0,0,0,0,0,0,0,0,0,0,0,11340000,0,0,0,0,0,0,0,0,0,0,0,0,0,0,0,0,0,0,0,0,0,0,0,0,0,0,0,0,0,0
"PRK",0,0,0,0,0,0,0,0,0,0,0,0,0,0,0,0,0,0,0,0,0,0,0,0,0,0,0,0,0,0,0,0,0,0,0,0,0,0,0,0,0,0,0,0,0,0,0,0,0,0,0,0,0,0,0,0,0,0,0,0,0,0,0,0,0,0,0,0,0,0,0,0,0,0,0,0,0,0,0,0,0,0,0,0,0,0,0,0,0,0,0,0,0,0,0,0,0,0,0,0,0,0,0,0,0,0,0,0,0,0,0,0,0,0,0,0,0,0,0,0,0,0,0,0,0,0,0,0,0,0,0,0,0,0,0,0,0,0,0,0,0,0,0,0,0,0,0,0,0,0,0,0,0,0,0,0,0,0,0,0,0,0,0,0,0,0,0,0,0,0,0,0,0,0,0,0,0,0,0,0,0,0,0,0,0,0,0,0,0,0,0,0,0,0,0
"KOR",0,0,0,0,0,0,522000,0,0,0,0,0,0,0,0,0,0,0,0,0,0,0,0,0,0,580000,0,0,0,0,0,135772000,0,0,0,0,0,0,0,0,0,0,0,0,0,0,0,0,0,0,0,0,0,0,0,0,0,0,0,174000,0,0,0,0,0,0,0,0,0,0,0,68960700,116000,0,0,0,10382000,0,0,0,0,0,0,0,0,5452000,0,0,0,0,0,0,5742000,0,0,0,0,0,0,0,0,0,0,522000,0,0,0,0,0,0,36176000,0,0,0,0,0,0,0,0,0,0,1624000,0,0,0,0,0,0,0,0,0,0,20880000,0,0,0,0,0,0,0,0,0,1450000,0,0,0,0,58000,0,0,0,0,0,6612000,0,0,0,0,0,0,0,0,0,0,812000,0,0,0,0,0,0,0,0,928000,0,0,1160000,0,51852000,0,0,0,0,57710000,0,0,0,0,0,0,0,0,0,0,0
"KWT",0,0,0,0,0,0,0,0,0,231014000,0,0,0,0,0,0,0,0,0,0,0,0,0,0,0,0,0,0,0,0,0,41482800,0,0,0,0,0,0,0,0,0,0,0,0,0,0,7308000,0,0,0,0,0,0,0,0,737100,0,0,0,0,0,0,0,0,0,0,0,0,0,0,0,0,0,0,0,0,0,0,0,56700,0,0,0,0,0,0,97498000,0,0,0,0,0,0,0,0,0,0,0,0,0,0,0,0,0,0,0,0,0,0,0,0,0,0,0,0,0,0,0,0,0,0,0,0,0,0,0,0,0,0,0,0,0,0,0,0,0,0,0,494951400,0,0,0,0,0,0,0,0,1970606300,0,0,0,0,0,0,0,0,0,0,0,0,0,0,0,0,0,0,0,0,0,0,256531500,0,0,1280582000,0,0,0,0,0,0,0,0,0,0,0,0,0,0,0,0,0,0,0,0,0
"LVA",1972000,0,0,0,0,0,0,0,0,0,0,0,0,0,0,0,0,0,0,0,0,80334200,0,0,0,0,0,0,0,0,0,0,0,0,0,0,0,0,0,0,0,753949300,0,0,7134000,0,0,0,0,2929294000,0,0,60956700,0,0,0,0,0,0,58000,0,0,0,0,0,0,0,0,0,0,0,0,0,0,0,0,0,0,0,63802700,6264000,0,0,0,0,0,0,0,0,0,0,0,0,0,0,0,0,0,0,1884741700,0,0,0,0,0,0,0,0,0,0,0,0,0,0,0,0,262082300,0,0,0,0,0,0,0,0,352872000,0,0,0,0,0,0,0,71280000,0,0,0,0,0,0,26390000,0,39813200,0,0,0,0,0,0,0,0,0,0,0,0,0,0,0,0,0,199779400,58000,0,0,0,0,0,0,0,0,0,0,0,0,0,0,133680900,0,0,0,0,0,0,0,0,0,0,0,0,0,0,0,0,0,0
"LAO",0,0,0,0,0,0,0,0,0,0,0,0,0,0,0,0,0,0,0,0,0,0,0,0,0,0,0,0,0,0,0,0,0,0,0,0,0,0,0,0,0,0,0,0,0,0,0,0,0,0,0,0,0,0,0,0,0,0,0,0,0,0,0,0,0,0,0,0,0,0,0,0,0,0,0,0,0,0,0,0,0,0,0,0,0,0,0,0,0,0,0,0,0,0,0,0,0,0,0,0,0,0,0,0,0,0,0,0,0,0,0,0,0,0,0,0,0,0,0,0,0,0,0,0,0,0,0,0,0,0,0,0,0,0,0,0,0,0,0,0,0,0,0,0,0,0,0,0,0,0,0,0,0,0,0,0,0,0,0,0,0,0,0,0,0,0,0,0,0,0,0,0,0,0,0,0,0,0,0,0,0,0,0,0,0,0,0,0,0,0,0,0,0,0,0
"LBN",0,0,0,0,0,0,268760700,0,0,353400,0,0,0,0,0,0,824600,0,0,0,0,0,0,0,58900,1236900,0,4123000,0,0,0,0,0,0,14783900,0,0,0,235600,0,0,0,0,0,0,0,0,0,0,0,0,0,0,530100,0,0,0,117800,7362500,474086100,0,2604400,0,0,0,0,0,2120400,0,0,0,0,0,0,0,306180000,0,0,1295800,0,0,1119100,7480300,0,0,0,0,0,4299700,0,0,0,1825900,0,0,0,0,9011700,0,0,0,0,0,0,0,0,0,0,0,0,0,0,0,0,0,0,108376000,0,0,0,0,1413600,0,0,530100,0,0,0,1685900,0,0,0,0,0,0,0,0,0,47900200,0,159058800,0,0,0,0,0,0,274165400,1531400,0,883500,0,0,0,17672400,589000,7362500,0,0,0,10514000,0,0,0,0,0,0,235600,0,0,7303600,0,499054500,155319300,0,0,22853200,0,58311000,0,0,0,6479000,0,0,0,0,0,2002600,0,0,0,632400,0,0
"LSO",0,0,0,0,0,0,0,0,0,0,0,0,0,0,0,0,0,0,0,0,0,0,0,0,0,0,0,0,0,0,0,0,0,0,0,0,0,0,0,0,0,0,0,0,0,0,0,0,0,0,0,0,0,0,0,0,0,0,0,0,0,0,0,0,0,0,0,0,0,0,0,0,0,0,0,0,0,0,0,0,0,0,0,0,0,0,0,0,0,0,0,0,0,0,0,0,0,0,0,0,0,0,0,0,0,0,0,0,0,0,0,0,0,0,0,0,0,0,0,0,0,0,0,0,0,0,0,0,0,0,0,0,0,0,0,0,0,0,0,0,0,0,0,0,0,0,0,0,0,0,0,0,0,0,0,0,0,0,0,0,0,0,0,0,0,0,0,0,0,0,0,0,0,0,0,0,0,0,0,0,0,0,0,0,0,0,0,0,0,0,0,0,0,0,0
"LBR",0,0,0,0,0,0,0,0,0,0,0,0,0,0,0,0,0,0,0,0,0,0,0,0,0,0,0,0,0,0,0,0,0,0,0,0,0,0,0,0,0,0,0,0,0,0,0,0,0,0,0,0,0,0,0,0,0,0,0,0,0,0,0,0,0,0,0,0,0,0,0,0,0,0,0,0,0,0,0,0,0,0,0,0,0,0,0,0,0,0,0,0,0,0,0,0,0,0,0,0,0,0,0,0,0,0,0,0,0,0,0,0,0,0,0,0,0,0,0,0,0,0,0,0,0,0,0,0,0,0,0,0,0,0,0,0,0,0,0,0,0,0,0,0,0,0,0,0,0,0,0,0,0,0,0,0,0,0,0,0,0,0,0,0,0,0,0,0,0,0,0,0,0,0,0,0,0,0,0,0,0,0,0,0,0,0,0,0,0,0,0,0,0,0,0
"LBY",0,0,0,0,0,0,0,0,0,0,0,0,0,0,0,0,0,0,0,0,0,0,0,0,0,0,0,0,0,0,0,0,0,0,0,0,0,0,0,0,0,0,0,0,0,0,0,0,0,0,0,0,0,0,0,0,0,0,0,0,0,0,0,0,0,0,0,0,0,0,0,0,0,0,0,0,0,0,0,0,0,0,0,0,0,0,0,0,0,0,0,0,0,0,0,0,0,0,0,0,0,0,0,0,0,0,0,0,0,0,0,0,0,0,0,0,0,0,0,0,0,0,0,0,0,0,0,0,0,0,0,0,0,0,0,0,0,0,0,0,0,0,0,0,0,0,0,0,0,0,0,0,0,0,0,0,0,0,0,0,0,0,0,0,0,0,0,0,0,0,0,0,0,0,0,0,0,0,0,0,0,0,0,0,0,0,0,0,0,0,0,0,0,0,0
"LTU",45414000,0,0,0,0,0,0,0,0,0,0,0,0,0,0,0,0,0,0,0,0,0,0,0,0,0,0,0,0,0,0,0,0,0,0,0,0,0,0,7554900,0,2239032000,0,0,6372895600,0,0,0,283500,3153384500,0,0,6313825100,30334500,0,0,4930000,0,0,569982000,0,0,0,406000,0,0,0,58000,0,0,0,0,0,0,2088000,0,0,0,0,33866100,0,63162000,0,1588500,0,10248600,6670000,213178800,0,0,0,0,0,9238179800,0,2726000,0,0,0,0,0,0,0,0,0,0,17748000,0,0,0,0,0,0,88914000,0,0,320927600,0,0,0,0,0,0,0,0,126895900,0,0,15834000,0,0,0,0,881916900,0,0,0,0,0,0,0,0,810861700,0,0,0,0,4524000,0,0,0,0,0,0,0,0,62561000,0,290900,0,3440688100,0,0,0,0,0,0,0,0,0,0,0,0,0,0,0,968367200,9744000,0,0,0,0,0,0,0,0,0,0,0,0,0,0,0,0,0
"MAC",0,0,0,0,0,0,0,0,0,0,0,0,0,0,0,0,0,0,0,0,0,0,0,0,0,0,0,0,0,0,0,232000,0,0,0,0,0,0,0,0,0,0,0,0,0,0,0,0,0,0,0,0,0,0,0,0,0,0,0,0,0,0,0,0,0,0,0,0,0,0,0,10034000,0,0,0,0,0,0,0,0,0,0,0,0,0,0,0,0,0,0,0,0,0,0,0,0,0,0,0,0,0,0,0,0,0,0,0,0,0,0,0,0,0,0,0,0,0,0,0,0,0,0,0,0,0,0,0,0,0,0,0,0,0,0,0,0,0,0,0,0,0,0,0,0,0,0,0,0,0,0,0,0,0,0,0,0,0,0,0,0,0,0,0,0,0,0,0,0,0,0,0,0,0,0,0,0,0,0,0,0,0,0,0,0,0,0,0,0,0,0,0,0,0,0,0
"MDG",0,0,0,0,0,0,0,0,0,0,0,0,0,0,0,0,0,0,0,0,0,0,0,0,0,0,0,0,0,0,0,226800000,0,3243771900,0,0,0,0,0,0,0,0,0,0,0,0,105915600,0,0,0,0,0,0,133475400,0,0,0,0,0,0,0,0,0,0,0,0,0,0,0,0,0,0,0,0,0,0,1939140000,0,0,0,0,0,0,0,0,0,0,0,0,0,0,0,0,0,0,0,0,0,331695000,0,0,0,0,0,0,0,0,0,490455000,0,0,430920000,0,0,0,0,0,0,0,0,0,0,0,0,0,0,755244000,0,0,0,0,0,0,0,0,0,0,0,0,0,0,0,0,0,0,0,0,0,0,0,0,0,0,0,0,0,0,0,0,0,0,290000,0,0,0,0,780759000,0,0,0,0,110565000,0,170100000,0,0,0,0,0,0,0,0,0,319446004500,0,0,0,0,0,0,0,0,0,0,0
"MWI",0,0,0,0,0,0,0,0,0,0,0,0,0,0,0,2277000,0,0,0,0,0,0,0,0,0,0,0,0,0,0,0,0,0,0,0,0,0,0,0,0,0,0,0,0,0,0,0,0,0,0,0,0,0,0,0,0,0,0,0,0,0,0,0,0,0,0,0,0,0,0,0,0,0,0,0,0,0,0,0,0,0,0,0,0,0,0,0,0,180026039200,0,0,0,0,0,0,0,0,0,0,0,0,0,0,0,0,0,0,0,0,0,0,0,62100000,0,0,0,0,0,0,0,0,0,0,0,0,0,0,0,0,0,0,0,0,0,0,0,0,0,0,18495540000,0,158760000,0,0,0,0,0,0,0,0,0,0,0,0,0,40459074100,0,0,0,0,0,0,0,0,0,92004517000,0,0,0,0,0,0,0,522000,170100000,0,56700,0,0,0,0,0,0,0,0,0,170100000,9150151500,0,0,0,0,0,0,0
"MYS",0,0,0,0,0,0,134434400,0,0,0,0,10440000,0,0,0,0,0,0,0,103704000,1478668000,0,0,0,0,0,0,0,0,0,0,1843310000,0,0,0,0,0,0,0,0,0,0,0,0,0,0,0,0,0,0,0,0,0,7076000,0,0,0,0,0,166980000,0,0,0,0,0,0,0,0,0,0,0,625414000,0,0,0,258090000,13823048400,0,0,0,0,0,0,0,0,1992801200,0,0,0,236417600,0,0,45084000,0,0,0,0,0,0,0,0,0,0,0,33292000,0,0,0,0,0,0,0,0,0,0,0,0,0,0,0,0,1066318400,0,0,0,0,3712000,0,0,71802600,0,0,21576000,0,0,0,0,0,8062000,0,0,0,0,0,0,4176000,0,5452000,0,170636000,0,0,0,25099941000,0,0,0,0,0,0,0,0,0,0,289710000,0,2899380100,0,0,0,0,0,0,0,0,0,92046000,0,3630000,0,0,0,0,7424000,0,0,0,0,0,0,0,0,0,0,0
"MDV",0,0,0,0,0,0,0,0,0,0,0,0,0,0,0,0,0,0,0,0,0,0,0,0,0,0,0,0,56700,0,0,0,0,0,0,0,0,0,0,0,0,0,0,0,0,0,0,0,0,0,0,0,0,0,0,0,0,0,0,0,0,0,0,0,0,0,0,0,0,0,0,0,0,0,0,0,0,0,0,0,0,0,0,0,0,0,0,0,0,0,0,0,0,0,0,0,0,0,0,0,0,0,0,0,0,0,0,0,0,0,0,0,0,0,0,0,0,0,0,0,0,0,0,0,0,0,0,0,0,0,0,0,0,0,0,0,0,0,0,0,0,0,0,0,0,0,0,0,0,0,0,0,0,0,0,0,0,0,0,0,0,0,0,0,0,0,0,0,0,0,0,0,0,0,0,0,0,0,0,0,0,0,0,0,0,0,0,0,0,0,0,0,0,0,0
"MLI",0,0,0,0,0,0,0,0,0,0,0,0,0,0,0,0,0,0,0,0,0,0,0,0,0,3828500,0,0,0,0,0,0,0,0,0,0,0,0,0,0,0,0,0,0,0,0,0,0,0,0,0,0,0,411869600,0,0,0,0,0,0,0,0,0,0,0,0,0,0,0,0,0,0,0,0,0,0,0,0,0,0,0,0,27599351100,0,0,0,0,0,0,0,0,0,0,0,0,0,0,0,0,0,0,0,0,0,0,0,0,800730000,0,0,0,0,0,0,0,0,0,0,0,0,0,0,0,0,0,0,0,0,0,0,0,0,0,0,0,0,0,0,0,0,0,0,0,0,0,0,0,0,0,0,0,0,0,0,0,0,0,0,0,0,0,0,0,0,0,0,0,0,0,0,0,0,0,0,0,0,0,0,0,0,0,0,0,0,0,0,0,0,0,0,0,0,0,0,0
"MLT",0,0,0,0,0,0,0,0,0,0,0,0,0,0,0,0,0,0,0,0,0,0,0,0,0,0,0,0,0,0,0,0,0,0,0,0,0,0,0,0,0,0,0,0,0,0,0,0,0,0,0,0,0,0,0,0,0,0,0,0,0,0,0,0,0,0,0,0,0,0,0,0,0,0,0,0,0,0,0,0,0,0,0,0,0,0,0,0,0,0,0,0,0,0,0,0,0,0,0,0,0,0,0,0,0,0,0,0,7076000,0,0,0,0,0,0,0,0,0,0,0,0,0,0,0,0,0,0,0,0,0,0,0,0,0,0,0,0,0,0,0,0,0,0,0,0,0,0,0,0,0,0,0,0,0,0,0,0,0,0,0,0,0,0,0,0,0,0,0,0,0,0,0,0,0,0,0,4123000,0,0,0,0,0,0,0,0,0,0,0,0,0,0,0,0,0,0
"MRT",0,0,0,0,0,0,0,0,0,0,0,0,0,0,0,0,0,0,0,0,0,0,0,0,0,0,0,0,0,0,0,0,0,0,0,0,0,0,0,0,0,0,0,0,0,0,0,0,0,0,0,0,0,0,0,0,0,0,0,0,0,0,0,0,0,0,0,0,0,0,0,0,0,0,0,0,0,0,0,0,0,0,0,0,0,0,0,0,0,0,0,0,0,0,0,0,0,0,0,0,0,0,0,0,0,0,0,0,0,0,0,0,0,0,0,0,0,0,0,0,0,0,0,0,0,0,0,0,0,0,0,0,0,0,0,0,0,0,0,0,0,0,0,0,0,0,0,0,0,0,0,0,0,0,0,0,0,0,0,0,0,0,0,0,0,0,0,0,0,0,0,0,0,0,0,0,0,0,0,0,0,0,0,0,0,0,0,0,0,0,0,0,0,0,0
"MUS",0,0,0,0,0,0,232000,0,0,0,0,0,0,0,0,0,0,0,0,0,0,0,0,0,0,0,0,0,0,0,0,230436000,0,0,0,0,0,0,0,0,0,0,0,0,0,0,0,0,0,0,0,0,0,13197800,0,0,0,0,0,0,0,0,0,0,0,0,0,0,0,0,0,0,0,0,0,614627900,0,0,0,0,0,0,0,0,0,0,0,0,58000,0,0,0,0,0,0,0,0,0,0,0,0,243810000,0,0,0,0,0,0,0,0,0,0,0,0,0,0,0,0,0,0,0,0,0,0,0,0,0,0,0,0,0,0,0,0,0,0,0,0,0,0,0,0,0,0,0,0,0,0,0,0,0,0,0,0,0,464000,0,0,0,0,0,0,0,0,0,0,0,0,0,0,0,0,0,215913600,0,0,851800,0,0,0,0,0,0,0,0,0,0,0,0,0,0,0,0,0,0
"MEX",0,0,0,0,0,0,0,0,0,0,0,0,0,0,0,0,0,0,369576000,0,0,0,0,0,0,23722000,0,0,0,0,2450500000,0,310242000,0,0,0,178582000,9918000,0,0,0,0,0,0,0,0,0,0,0,0,0,0,0,0,0,0,0,0,0,10034000,0,0,0,0,0,0,9317642000,0,0,0,0,0,0,0,0,0,0,0,0,0,0,0,0,0,0,0,0,0,0,0,0,0,0,0,0,0,0,0,0,0,0,0,0,0,0,0,0,0,0,0,0,0,0,0,0,0,0,0,0,0,0,0,0,0,0,0,0,22446000,0,0,0,0,0,0,0,0,0,0,0,0,0,0,0,0,0,0,0,0,0,0,0,0,0,0,0,0,0,0,0,0,0,0,0,0,0,0,0,0,0,0,0,0,0,0,0,0,580000,0,195573757300,0,0,0,0,0,0,0,0,0,0,0,0,0,0,0,0
"MNG",0,0,0,0,0,0,0,0,0,0,0,0,0,0,0,0,0,0,0,0,0,0,0,0,0,0,0,0,0,0,0,0,0,0,0,0,0,0,0,0,0,0,0,0,0,0,0,0,0,0,0,0,0,0,0,0,0,0,0,0,0,0,0,0,0,0,0,0,0,0,0,0,0,0,0,0,0,0,0,0,0,0,0,0,0,0,0,0,0,0,0,0,0,0,0,0,0,0,0,0,0,0,0,0,0,0,0,0,0,0,0,0,0,0,0,0,0,0,0,0,0,0,0,0,0,0,0,0,0,0,0,0,0,0,0,0,0,0,0,0,0,0,0,0,0,0,0,0,0,0,0,0,0,0,0,0,0,0,0,0,0,0,0,0,0,0,0,0,0,0,0,0,0,0,0,0,0,0,0,0,0,0,0,0,0,0,0,0,0,0,0,0,0,0,0
"MAR",0,0,0,0,0,0,0,0,0,0,0,0,0,0,0,0,0,0,0,0,0,0,0,0,0,0,0,0,0,0,0,0,0,0,0,0,0,0,0,0,0,0,0,0,0,0,0,0,0,0,0,0,0,5858000,0,0,0,0,0,0,0,0,0,0,0,0,0,0,0,0,0,0,0,0,0,0,0,0,0,0,0,0,0,0,0,0,0,0,0,0,0,0,0,0,0,0,0,0,0,0,0,0,0,0,0,0,0,0,0,0,0,0,0,0,0,0,35148000,0,0,0,0,0,0,0,0,0,0,0,0,0,0,0,0,0,0,0,0,0,812000,0,0,0,0,0,0,0,0,0,0,0,0,0,0,0,0,0,0,0,0,0,0,0,0,0,0,0,0,0,0,0,0,0,5.8e+07,290000,0,0,31494000,0,0,0,0,0,0,0,0,0,0,0,0,0,0,0,0,0,0
"MOZ",0,0,0,0,0,0,0,0,0,0,0,0,0,0,0,0,0,0,0,0,0,0,0,0,0,0,0,0,0,0,0,0,0,0,0,0,0,0,0,0,0,0,0,0,0,0,0,0,0,0,0,0,0,0,0,0,0,0,0,0,0,0,0,0,0,0,0,0,0,0,0,0,0,0,0,0,0,0,0,0,0,0,0,0,0,0,0,0,0,0,0,0,0,0,0,0,0,0,0,0,0,0,0,0,0,0,0,0,0,0,0,0,0,0,0,0,0,0,0,0,0,0,0,0,0,0,0,0,0,0,0,0,0,0,0,0,0,0,0,0,0,0,0,0,0,0,0,0,0,0,0,0,0,0,0,0,0,0,0,0,0,0,0,0,0,0,0,0,0,0,0,0,0,0,0,0,0,0,0,0,0,0,0,0,0,0,0,0,0,0,0,0,0,0,0
"MDA",0,58000,0,0,0,0,0,0,0,0,0,0,0,0,0,0,0,0,0,0,0,0,0,0,0,0,0,0,0,0,0,0,0,0,0,0,0,0,0,0,0,0,0,0,0,0,0,0,0,0,0,0,0,0,0,0,0,0,0,0,0,0,0,0,0,0,0,0,0,0,0,0,0,0,0,0,0,0,0,116000,0,464000,0,0,0,0,0,0,0,0,0,0,0,0,0,0,0,0,0,20880000,0,0,0,0,0,0,0,0,0,0,0,0,0,0,0,0,0,0,0,0,0,0,0,0,0,0,0,0,0,0,0,0,0,41760000,0,0,0,0,0,0,1034662000,0,107374700,0,0,0,0,0,0,0,0,0,0,0,0,0,0,0,0,0,0,0,0,0,0,0,0,0,0,0,0,0,0,0,0,0,0,0,0,0,0,0,0,0,0,0,0,0,0,0,0,0,0,0,0
"NAM",0,0,0,0,0,0,0,0,0,0,0,0,0,0,0,116000,0,0,0,0,0,0,0,0,0,0,0,0,0,0,0,0,0,0,0,0,0,0,0,0,0,0,0,0,0,0,0,0,0,0,0,0,0,0,0,0,0,0,0,0,0,0,0,0,0,0,0,0,0,0,0,0,0,0,0,0,0,0,0,0,0,522000,0,0,0,0,0,0,0,0,0,0,0,0,0,0,0,0,0,0,0,0,0,0,0,0,0,0,0,0,0,0,0,0,0,0,0,0,0,0,0,0,0,0,0,0,0,0,0,0,0,0,0,0,0,0,0,0,0,0,0,0,0,0,0,1417500,0,0,0,0,0,0,0,58000,0,6530680000,232000,0,0,0,0,0,0,0,0,0,0,0,0,0,0,0,0,0,0,0,0,0,0,0,0,0,0,0,0,0,752700,0,0,0,0,0,0,0,0
"NPL",0,0,0,0,0,0,0,0,0,0,0,0,0,0,0,0,0,0,0,0,0,0,0,0,0,0,0,0,0,0,0,0,0,0,0,0,0,0,0,0,0,0,0,0,0,0,0,0,0,0,0,0,0,0,0,0,0,0,0,0,0,0,0,0,0,0,0,0,0,0,0,0,0,0,0,0,0,0,0,0,0,0,0,0,0,0,0,0,0,0,0,0,0,0,0,0,0,0,0,0,0,0,0,0,0,0,0,0,0,0,0,0,0,0,0,0,0,0,0,0,0,0,0,0,0,0,0,0,0,0,0,0,0,0,0,0,0,0,0,0,0,0,0,0,0,0,0,0,0,0,0,0,0,0,0,0,0,0,0,0,0,0,0,0,0,0,0,0,0,0,0,0,0,0,0,0,0,0,0,0,0,0,0,0,0,0,0,0,0,0,0,0,0,0,0
"NLD",0,6778400,71915800,0,0,142203600,2470446200,27800758500,0,647900,0,290000,0,0,0,0,812000,0,0,0,4535300,10656429900,0,471200,0,20171500,33466000,33612300,0,351600,7795400,4241173700,0,0,4466000,0,0,0,1053215200,0,353400,37522262000,0,0,12251200,0,17053300,0,1725700,1728123000,0,986000,16380065800,539476613800,0,0,81918200,3284900,760300,1055294425000,2641706600,5515400,0,28203631200,0,0,0,145069700,2056100,0,0,60705200,14114978800,10438161400,2624987200,112776300,0,0,29642100,12937262000,25946266200,31566954800,0,0,0,78668600,12491700,0,522000,0,0,1143399900,127519300,3009226400,297731700,2134634400,0,0,48073900,2074398000,0,0,0,98125500,27552600,53524100,1714098000,0,870000,0,174000,260982300,58000,6554000,0,0,0,0,0,5282751300,0,501120000,0,0,0,54516521200,0,16950400,44166815500,0,1914000,0,39875300,221836326100,11413775700,0,0,587200,20833500,0,31855811200,406000,474010200,0,0,0,0,219308500,870000,932500,290900,2589768200,13124238200,23952400,6766500,266969200,54380944500,95683800,0,0,82540877700,7205126800,0,0,7871000,1352900,0,4518200,0,812000,176700,8178000,6330701500,411964900,0,0,248186522300,1608677100,328620400,175800,0,0,0,7371000,0,0,13227700,0,155446359100,2278574000,37477126600,0,0,0,0
"ANT",0,0,0,0,0,0,0,0,0,0,0,0,0,0,0,0,0,0,0,0,0,0,0,0,0,0,0,0,0,0,0,0,0,0,0,0,0,0,0,0,0,0,0,0,0,0,0,0,0,0,0,0,0,0,0,0,0,0,0,0,0,0,0,0,0,0,0,0,0,0,0,0,0,0,0,0,0,0,0,0,0,0,0,0,0,0,0,0,0,0,0,0,0,0,0,0,0,0,0,0,0,0,0,0,0,0,0,0,0,0,0,0,0,0,0,0,0,0,0,0,0,0,0,0,0,0,0,0,0,0,0,0,0,0,0,0,0,0,0,0,0,0,0,0,0,0,0,0,0,0,0,0,0,0,0,0,0,0,0,0,0,0,0,0,0,0,0,0,0,0,0,0,0,0,0,0,0,0,0,0,0,0,0,0,0,0,0,0,0,0,0,0,0,0,0
"NCL",0,0,0,0,0,0,0,0,0,0,0,0,0,0,0,0,0,0,0,0,0,0,0,0,0,0,0,0,0,0,0,0,0,0,0,0,0,0,0,0,0,0,0,0,0,0,0,0,0,0,0,0,0,0,0,0,0,0,0,0,0,0,0,0,0,0,0,0,0,0,0,0,0,0,0,0,0,0,0,0,0,0,0,0,0,0,0,0,0,0,0,0,0,0,0,0,0,0,0,0,0,0,0,0,0,0,0,0,0,0,0,0,0,0,0,0,0,0,0,0,0,0,0,0,0,0,0,0,0,0,0,0,0,0,0,0,0,0,0,0,0,0,0,0,0,0,0,0,0,0,0,0,0,0,0,0,0,0,0,0,0,0,0,0,0,0,0,0,0,0,0,0,0,0,0,0,0,0,0,0,0,0,0,0,0,0,0,0,0,0,0,0,0,0,0
"MKD",0,0,68215000,0,0,0,0,2900000,0,0,0,0,0,0,0,0,0,0,0,0,0,70623000,0,0,0,33880000,0,0,0,0,0,0,0,0,0,0,0,0,0,0,0,0,0,0,0,0,0,0,0,0,0,0,0,0,0,0,0,0,0,120890000,189121300,0,0,0,0,0,0,0,0,0,0,0,0,17939300,0,0,0,0,0,0,0,0,0,0,0,0,0,0,0,0,0,0,0,0,0,6655700,0,0,0,0,0,0,0,0,0,0,0,0,0,0,0,0,0,0,0,0,0,0,0,0,0,0,0,0,0,0,0,0,1380600,0,0,0,0,0,0,0,0,0,0,0,0,0,0,0,0,0,0,0,0,0,0,1508000,0,0,0,0,0,0,0,0,9474000,2610000,0,0,0,0,0,0,0,0,0,0,0,0,0,0,0,0,2768300,0,0,0,0,0,0,0,0,0,0,0,203242200,944112000,0,0,0
"VUT",0,0,0,0,0,0,1149200,0,0,0,0,0,0,0,0,0,0,0,0,0,0,0,0,0,0,0,0,0,0,0,0,0,0,0,0,0,0,0,0,0,0,0,0,0,0,0,0,0,0,0,0,113400,0,0,0,0,0,0,0,0,0,0,0,0,0,0,0,0,0,0,0,0,0,0,0,0,0,0,0,0,0,0,0,0,0,0,0,0,0,0,0,0,0,0,0,0,0,0,0,0,0,0,0,0,0,0,0,0,0,0,0,0,0,0,0,0,0,0,0,0,0,0,0,0,0,0,0,0,0,0,0,0,0,0,0,0,0,0,0,0,0,0,0,0,0,0,0,0,0,0,0,0,0,0,0,0,0,0,0,0,0,0,0,0,0,0,0,0,0,0,0,0,0,0,0,0,0,0,0,0,0,0,0,0,0,0,0,0,0,0,0,0,0,0,0
"NZL",0,0,0,0,0,0,13153635600,0,0,3253600,0,0,0,0,0,0,81200000,0,0,19662000,0,0,0,0,0,4685200,0,0,0,0,0,5466055200,0,0,0,224481700,0,0,0,0,0,0,0,0,0,0,0,0,0,0,0,142963800,0,0,89082300,0,0,0,0,0,0,0,4032400,0,0,0,0,0,0,0,0,651572000,0,0,0,0,0,0,0,0,0,0,0,0,0,66382800,0,0,0,0,0,14440000,0,0,0,0,0,0,0,0,3480000,0,0,9106000,0,0,0,0,0,0,0,0,0,0,0,0,0,0,13087500,0,5858000,0,0,0,0,0,0,0,0,28710000,0,0,45495500,0,0,0,928000,0,1914000,0,0,0,0,0,0,0,0,0,0,0,0,0,0,2058008800,0,0,0,0,0,0,0,67537600,0,0,389006000,0,34162000,0,12891300,0,0,0,0,1420246000,0,0,2545374200,0,976683600,0,0,0,0,111418000,0,0,0,0,0,0,0,0,0,0,0
"NIC",0,0,0,0,0,0,7856466500,0,0,0,0,0,0,0,0,0,0,0,0,0,0,20811281400,0,0,0,0,0,0,0,0,0,66078823200,65043234900,0,0,0,42540710400,0,0,0,0,265200,0,2369302300,0,0,0,83377712400,0,0,0,0,401209200,0,0,0,0,0,0,27073290900,0,0,0,1908578700,0,0,89883252200,0,0,0,40414771600,53096576000,4626946800,0,0,0,0,0,0,2697332400,0,154533542800,0,0,0,2994156900,0,0,0,0,0,0,0,0,0,0,0,0,0,0,0,0,0,0,0,0,0,0,0,104062886700,0,0,0,0,0,0,46193223700,0,0,0,0,1985293800,0,0,0,0,0,3924448200,0,0,0,0,0,16729731900,0,0,0,0,0,0,3464370000,0,53559972100,0,0,0,0,0,0,0,0,0,0,0,0,141750000,13660957800,0,0,0,0,0,0,0,1896331500,0,0,0,0,0,0,0,0,0,0,0,268319114500,133245000,83220346800,0,0,0,2553427800,0,0,0,0,0,8018003700,0,0,0,0,0,0
"NER",0,0,0,0,0,0,0,0,0,0,0,0,0,0,0,0,0,0,0,0,0,0,0,0,0,0,0,0,0,0,0,0,0,0,0,0,0,0,0,0,1111545200,0,0,0,0,0,0,0,0,0,0,0,0,0,0,0,0,0,0,0,0,1353216600,0,0,0,0,0,0,0,0,0,0,0,0,0,0,0,0,0,0,0,0,1198800000,0,0,0,0,0,0,0,0,0,0,0,0,0,0,0,0,0,0,0,0,0,0,170100000,0,0,0,0,0,0,0,0,0,0,0,0,0,0,0,0,0,0,1348141500,0,0,0,0,0,0,0,0,0,0,0,0,0,0,0,0,0,0,0,0,0,0,0,392400000,0,0,0,0,0,0,0,0,0,0,0,0,0,0,0,0,0,0,343350000,0,0,0,0,0,0,0,0,0,0,0,266760000,0,0,0,0,0,0,0,0,0,0,0,0,0,0,0
"NGA",0,0,0,0,0,0,0,6565000,0,117800,0,0,0,0,0,146400,0,0,0,0,0,76545000,0,0,0,517325400,0,0,0,0,0,72511747900,0,0,0,0,0,0,654400,0,260552800,0,0,0,0,0,0,0,0,0,0,0,0,530000,0,0,58000,0,2652000,0,0,0,0,0,0,0,0,0,0,0,0,928000,0,0,0,0,1491777000,0,0,26397300,0,0,812000,0,0,0,0,0,0,0,0,0,1582400,0,0,0,0,0,0,0,0,0,0,0,0,0,0,0,0,0,0,198450000,0,0,0,0,292713600,0,0,0,0,0,0,430328100,0,555000,0,0,58000,0,0,0,0,0,0,0,0,0,0,0,0,0,0,0,0,0,0,0,0,0,0,0,0,0,0,3673803400,0,0,0,0,98100,2958000,0,0,0,0,0,0,0,0,0,0,0,2555161500,0,0,1294721600,7772000,361652600,0,0,0,0,0,0,0,0,0,74087600,0,0,0,0,0,0
"NOR",0,0,0,0,0,0,0,0,0,0,0,0,0,0,0,0,0,0,0,0,0,0,0,0,0,0,0,0,0,0,0,0,0,0,0,0,0,0,0,0,0,283500,0,0,0,0,0,0,0,0,0,0,0,0,0,0,0,0,0,0,0,0,0,0,0,0,0,0,0,0,0,0,0,0,0,0,0,0,0,0,0,0,0,0,0,396900,0,0,0,0,0,0,0,0,0,0,0,0,0,0,0,0,0,0,0,0,0,0,0,0,0,0,0,0,0,0,1578012800,0,0,0,0,0,0,0,0,0,0,0,0,0,0,0,0,0,0,0,0,0,0,0,0,0,0,0,0,0,0,0,0,0,0,0,0,0,0,0,8584000,0,0,0,169773500,0,0,0,0,0,0,0,0,0,0,0,0,0,0,0,0,0,231165900,0,0,0,0,0,0,0,0,0,0,0,0,0,0,0,0
"PAK",0,7625847100,0,0,0,0,40870800,0,0,0,0,0,0,0,0,0,0,0,0,0,0,0,0,0,0,15602000,0,0,0,0,0,0,0,0,0,0,0,0,0,0,0,0,0,0,0,0,0,0,0,0,0,0,0,0,0,0,0,0,0,182015600,0,0,0,530400,0,0,0,0,0,0,0,41400,0,0,0,0,0,0,0,2494000,0,0,0,0,0,265200,0,0,0,0,0,0,828000,0,0,0,0,0,0,0,0,0,0,0,0,0,0,0,0,0,0,0,0,0,0,0,0,0,0,0,0,0,0,0,0,0,0,0,0,0,0,0,0,0,0,0,0,0,1366200,0,0,0,0,0,0,0,0,50230000,0,0,0,0,0,0,0,5046000,0,0,0,0,0,0,0,0,0,0,0,0,0,0,0,0,0,53260200,0,0,38818000,0,142212000,0,0,0,0,0,0,0,0,0,0,0,0,0,0,0,0
"PAN",0,0,0,0,0,0,0,0,0,0,0,0,0,0,0,0,0,0,0,0,0,0,0,0,0,0,0,0,0,0,0,0,0,0,0,0,0,0,0,0,0,0,0,0,0,0,0,0,0,0,0,0,0,0,0,0,0,0,0,0,0,0,0,0,0,0,0,0,0,0,0,0,0,0,0,0,0,0,0,0,0,0,0,0,0,0,0,0,0,0,0,0,0,0,0,0,0,0,0,0,0,0,0,0,0,0,0,0,0,0,0,0,0,0,0,0,0,0,0,0,0,0,20979000,0,0,0,0,0,0,0,0,0,0,0,0,0,0,0,0,0,0,0,0,0,0,0,0,0,0,0,0,0,0,0,0,0,0,0,0,0,0,0,0,0,0,0,0,0,0,0,0,0,0,0,0,0,0,0,0,0,0,0,18444000,0,0,0,0,0,0,0,0,0,0,0,0
"CZE",0,0,0,0,0,0,0,611904500,0,0,0,0,0,0,0,0,0,0,0,0,6786000,297423900,0,0,0,0,0,0,0,0,754000,0,0,0,0,0,0,0,0,0,0,203861900,0,0,0,0,14442000,0,0,2205800,0,0,63394900,23232300,0,0,0,0,0,1866323800,116000,0,0,31629400,0,0,0,0,0,0,0,0,628454000,737219000,0,0,0,0,0,115600,70354000,81560100,0,0,0,124200,0,0,0,0,0,0,0,23205000,0,0,0,0,0,134678700,0,0,0,3016000,58000,0,0,58000,0,0,0,1044000,0,58900,0,0,113724500,0,0,0,0,0,0,0,0,2436000,0,0,0,0,0,0,0,1584191700,107879600,0,0,0,0,0,323616200,0,175800,0,0,0,0,0,0,0,0,117856900,8141503100,0,0,0,86130300,0,0,0,301568700,3202600,0,0,0,0,0,0,0,0,0,1160000,0,33435900,0,0,140665800,1174400,83636000,0,0,0,0,0,0,0,0,0,155254300,937100,3075800,0,0,0,0
"PNG",0,0,0,0,0,0,0,0,0,0,0,0,0,0,0,0,0,0,0,0,0,0,0,0,0,0,0,0,0,0,0,0,0,0,0,0,0,0,0,0,0,0,0,0,0,0,0,0,0,0,0,0,0,0,0,0,0,0,0,0,0,0,0,0,0,0,0,0,0,0,0,0,0,0,0,0,0,0,0,0,0,0,0,0,0,0,0,0,0,0,0,0,0,0,0,0,0,0,0,0,0,0,0,0,0,0,0,0,0,0,0,0,0,0,0,0,0,0,0,0,0,0,0,0,0,0,0,0,0,0,0,0,0,0,0,0,0,0,0,0,0,0,0,0,0,0,0,0,0,0,0,0,0,0,0,0,0,0,0,0,0,0,0,0,0,0,0,0,0,0,0,0,0,0,0,0,0,0,0,0,0,0,0,0,0,0,0,0,0,0,0,0,0,0,0
"PRY",0,0,0,0,0,12729600,334586700,0,0,0,0,0,0,0,4988000,0,24483910500,0,0,0,0,0,0,0,0,368493300,0,0,0,0,1860408000,0,0,0,0,0,0,0,0,0,0,0,0,0,0,2551080000,0,0,0,0,0,0,0,0,0,0,0,0,0,3414133800,0,0,0,0,0,0,0,0,0,0,0,0,0,425250000,0,0,0,0,0,0,0,58000,0,0,0,0,0,0,0,0,0,0,0,0,0,0,0,0,0,0,0,0,0,0,0,0,0,0,0,0,0,0,0,0,0,0,3031238700,0,0,995992200,0,0,0,0,0,0,0,0,0,0,0,0,0,1020600000,0,0,0,0,0,0,0,0,0,0,0,0,0,0,0,0,0,0,0,0,0,0,38591600,0,0,0,0,0,0,0,0,0,0,0,0,0,0,0,0,0,0,0,283500000,0,14180670000,0,778447100,0,0,0,0,0,0,0,0,0,425250000,0,0,0,0
"PER",0,0,0,0,0,0,0,0,0,0,0,0,0,0,0,0,0,0,0,0,0,0,0,0,0,0,0,0,0,0,11447300,0,1795972500,0,0,0,0,0,0,0,0,5162000,0,0,0,48514108100,0,0,0,0,0,0,0,56694600,0,0,0,0,0,2136600,0,0,0,0,0,0,0,0,0,0,0,0,0,0,0,0,0,0,0,0,0,56700,0,0,0,638000,0,0,0,0,0,0,0,0,0,0,0,0,0,0,0,0,0,0,0,0,0,0,0,0,0,0,0,0,0,0,0,0,0,0,0,0,0,0,0,0,0,0,146400,0,0,0,0,0,0,0,0,0,0,0,0,0,0,0,0,0,0,0,0,0,0,0,0,0,0,0,0,0,0,0,0,174000,0,0,0,0,0,0,0,0,0,0,0,0,0,0,0,0,11832000,0,0,0,0,0,0,0,0,0,0,0,0,0,0,0,0
"PHL",0,26927600,0,0,0,0,375255100,0,0,85763300,0,0,0,0,0,0,0,0,0,0,15950000,0,0,0,0,1047175600,0,0,0,0,0,54450000,0,0,0,0,0,0,3062800,0,0,11142800,0,0,0,0,0,0,0,0,0,0,3596000,0,0,0,0,0,0,0,0,0,0,2002600,0,0,0,0,0,0,0,286226600,0,0,0,0,0,0,0,0,55778300,141644600,0,0,0,0,63444600,0,0,0,0,123839100,1260449900,0,1972000,0,0,0,0,0,0,0,0,61294500,15776000,0,2842000,0,0,0,0,0,0,0,0,0,217470000,0,0,0,14964000,270505300,0,0,15776000,12095500,0,0,0,275405300,0,0,0,0,0,0,0,0,875683100,0,0,0,0,0,0,0,0,2104966900,0,0,0,0,0,264724500,0,0,8018000,0,0,0,4946200,3480000,0,0,298011400,0,589000,0,3886000,0,417678800,0,0,2400023500,0,0,325559000,0,1367067900,0,0,0,0,21280300,0,0,0,0,0,0,0,0,0,0,0
"POL",15428000,0,13514000,12180000,0,0,0,12628567400,0,1160000,2146000,0,0,0,0,0,0,0,0,0,0,27643370700,0,0,0,15455900,0,0,0,0,0,0,0,0,589000,0,0,4002000,209331000,72336800,0,2482310900,0,3306000,599777900,0,58000,0,0,1167350500,0,0,3205533400,2974025900,0,0,43210000,0,0,76444848700,137112900,0,0,114368200,0,0,0,0,0,0,0,8352000,16404513800,9146997200,43488800,116000,116000,0,95758000,1396176100,9454000,935148800,0,122090000,0,7946000,14384000,0,0,58000,0,0,18154000,1411545800,0,33466000,0,0,0,12169202100,0,116000,0,5684000,464000,0,47770000,58000,2784000,0,16918500,441554900,0,749929000,0,0,6407810600,0,0,170810000,0,0,0,0,2378000,518761500,235600,0,52128972900,0,2262000,0,12296000,0,1068472100,0,0,0,58900,0,52961505100,0,5613468800,0,0,0,0,10360900,0,754000,174000,3914608000,23320996700,22272000,0,269816000,17840784900,0,0,0,11605532500,1137992400,0,58000,33814000,0,0,0,0,0,1740000,0,0,132543500,0,0,6323522400,3447928600,91085700,0,58000,174900,0,290000,116900,0,0,0,401465300,7062500,4834361900,224170000,117800,0,0
"PRT",0,0,0,0,0,0,0,0,0,0,0,0,0,0,0,0,235600,0,0,0,0,17316600,0,0,0,2499400,103680200,0,0,0,10440000,136827000,0,0,0,0,0,58000,2514300,0,0,0,0,0,0,0,0,0,641600,0,0,0,0,2006191800,0,0,0,58000,0,25311200,0,0,0,0,0,0,0,0,0,0,0,0,0,94018900,116000,0,0,0,0,7252300,0,999100,0,0,0,0,0,0,0,0,0,0,0,0,0,0,0,0,0,0,704100,0,0,0,0,0,58000,412300,0,0,0,58900,12929100,0,0,0,5826600,0,0,0,0,0,0,0,0,234700,0,0,0,0,0,0,0,116900,0,1676000,0,0,11132100,0,412300,0,0,0,0,0,13646600,26627100,0,0,0,19140000,0,294500,0,11132100,23369757600,0,0,0,275268000,87898200,0,0,0,0,0,0,0,0,11721100,0,0,34397600,0,0,75544100,0,2764700,0,0,0,0,0,2091200,0,0,0,92675500,101629400,1236900,0,0,0,0
"GNB",0,0,0,0,0,0,0,0,0,0,0,0,0,0,0,0,0,0,0,0,0,0,0,0,0,0,0,0,0,0,0,0,0,0,0,0,0,0,0,0,0,0,0,0,0,0,0,0,0,0,0,0,0,0,0,0,0,0,0,0,0,0,0,0,0,0,0,0,0,0,0,0,0,0,0,0,0,0,0,0,0,0,0,0,0,0,0,0,0,0,0,0,0,0,0,0,0,0,0,0,0,0,0,0,0,0,0,0,0,0,0,0,0,0,0,0,0,0,0,0,0,0,0,0,0,0,0,0,0,0,0,0,0,0,0,0,0,0,0,0,0,0,0,0,0,0,0,0,0,0,0,0,0,0,0,0,0,0,0,0,0,0,0,0,0,0,0,0,0,0,0,0,0,0,0,0,0,0,0,0,0,0,0,0,0,0,0,0,0,0,0,0,0,0,0
"TLS",0,0,0,0,0,0,0,0,0,0,0,0,0,0,0,0,0,0,0,0,0,0,0,0,0,0,0,0,0,0,0,0,0,0,0,0,0,0,0,0,0,0,0,0,0,0,0,0,0,0,0,0,0,0,0,0,0,0,0,0,0,0,0,0,0,0,0,0,0,0,0,0,0,0,0,0,0,0,0,0,0,0,0,0,0,0,0,0,0,0,0,0,0,0,0,0,0,0,0,0,0,0,0,0,0,0,0,0,0,0,0,0,0,0,0,0,0,0,0,0,0,0,0,0,0,0,0,0,0,0,0,0,0,0,0,0,0,0,0,0,0,0,0,0,0,0,0,0,0,0,0,0,0,0,0,0,0,0,0,0,0,0,0,0,0,0,0,0,0,0,0,0,0,0,0,0,0,0,0,0,0,0,0,0,0,0,0,0,0,0,0,0,0,0,0
"ERI",0,0,0,0,0,0,0,0,0,0,0,0,0,0,0,0,0,0,0,0,0,0,0,0,0,0,0,0,0,0,0,0,0,0,0,0,0,0,0,0,0,0,0,0,0,0,0,0,0,0,0,0,0,0,0,0,0,0,0,0,0,0,0,0,0,0,0,0,0,0,0,0,0,0,0,0,0,0,0,0,0,0,0,0,0,0,0,0,0,0,0,0,0,0,0,0,0,0,0,0,0,0,0,0,0,0,0,0,0,0,0,0,0,0,0,0,0,0,0,0,0,0,0,0,0,0,0,0,0,0,0,0,0,0,0,0,0,0,0,0,0,0,0,0,0,0,0,0,0,0,0,0,0,0,0,0,0,0,0,0,0,0,0,0,0,0,0,0,0,0,0,0,0,0,0,0,0,0,0,0,0,0,0,0,0,0,0,0,0,0,0,0,0,0,0
"QAT",0,0,0,0,0,0,0,0,0,0,0,0,0,0,0,0,0,0,0,0,0,0,0,0,0,0,0,0,0,0,0,0,0,0,0,0,0,0,0,0,0,0,0,0,0,0,0,0,0,0,0,0,0,0,0,0,0,0,0,0,0,0,0,0,0,0,0,0,0,0,0,0,0,0,0,0,0,0,0,0,0,0,0,0,0,0,0,0,0,0,0,0,0,0,0,0,0,0,0,0,0,0,0,0,0,0,0,0,0,0,0,0,0,0,0,0,0,0,0,0,0,0,0,0,0,0,0,0,0,0,0,0,0,0,0,0,0,0,0,0,0,0,0,0,0,0,0,0,0,0,0,0,0,0,0,0,6099600,0,0,0,0,0,0,0,0,0,0,0,0,0,0,0,0,0,0,0,0,0,0,0,0,0,0,0,0,0,0,0,0,0,0,0,0,0,0
"ZWE",0,0,0,0,0,0,0,0,0,0,0,0,0,0,0,0,0,0,0,0,0,0,0,0,0,0,0,0,0,0,0,0,0,0,0,0,0,0,0,0,0,0,0,0,0,0,0,0,0,0,0,0,0,0,0,0,0,0,0,0,0,0,0,0,0,0,0,0,0,0,0,0,0,0,0,0,0,0,0,0,0,0,0,0,0,0,0,0,0,0,0,0,0,0,0,0,0,0,0,0,0,0,0,0,0,0,0,0,0,0,0,0,5162000,0,0,0,0,0,0,0,0,0,0,0,0,0,0,0,0,0,0,0,0,0,0,0,0,0,0,0,0,0,0,0,0,0,0,0,0,0,0,0,0,0,0,1061145000,0,0,0,0,0,0,0,0,0,0,0,0,0,0,0,0,0,0,0,0,0,0,0,0,0,0,0,0,0,0,0,4140000,0,0,0,0,0,0,0
"ROU",0,0,0,0,0,0,56242700,72558000,0,0,0,0,0,0,0,0,0,0,0,0,0,736315800,0,0,0,1795400,0,0,0,0,0,0,0,0,928000,0,348000,0,1991000,0,0,696000,0,0,0,0,0,0,0,0,0,0,0,51620000,0,0,464000,0,0,11761124000,0,0,0,386221800,0,0,0,0,0,0,0,0,540548200,0,290000,0,0,0,0,19140000,0,1335754500,0,0,0,0,406000,0,0,0,0,0,0,0,0,0,0,0,0,0,0,0,0,0,0,0,41528000,0,0,0,0,0,0,1680748200,0,0,273249200,0,0,0,0,0,0,0,0,58000,0,0,0,0,0,0,0,22272000,0,0,0,0,0,0,0,0,0,0,0,0,0,0,0,0,0,0,10730000,0,0,0,38010600,0,0,0,5046000,0,0,0,0,455400,0,0,0,0,0,0,0,0,232000,0,674150300,696000,0,0,0,0,0,0,0,0,0,0,4814000,58000,0,0,0,0,0
"RWA",0,0,0,0,0,0,0,0,0,0,0,0,0,0,0,0,0,0,0,0,0,0,0,0,0,0,0,0,0,0,0,0,0,0,113400,0,0,0,0,0,0,0,0,0,0,0,0,0,0,0,0,0,0,0,0,0,0,0,0,0,0,0,0,0,0,0,0,0,0,0,0,0,0,0,0,0,0,0,0,0,0,0,0,0,0,0,0,0,0,0,0,0,0,0,0,0,0,0,0,0,0,0,0,0,0,0,0,0,0,0,0,0,0,0,0,0,0,0,0,0,0,0,0,0,594900,0,0,0,0,0,0,0,0,0,0,0,0,0,0,0,0,0,0,0,0,0,0,0,0,0,0,0,0,0,0,0,0,0,0,0,0,0,0,0,0,0,0,0,0,0,0,0,0,0,0,0,567000,0,17346800,0,0,0,0,0,0,0,10562545100,0,5284500,0,0,0,0,0,0
"RUS",2390381100,10307500,0,0,0,0,235600,0,58000,290000,0,0,0,0,0,0,0,0,0,0,0,0,0,0,0,2262000,0,0,0,0,0,6155700,0,0,0,0,0,0,0,1115312600,0,0,0,0,37479208200,0,0,0,0,6470900,0,0,0,0,0,0,404268200,0,0,29870000,0,0,0,0,0,0,0,0,0,0,0,0,0,0,0,0,0,0,0,0,95178000,0,0,36999379900,0,0,0,1873089500,0,0,0,9222000,0,89500300,0,0,0,343700,0,290000,0,0,0,0,0,0,0,0,0,0,538886200,0,0,463151600,0,0,0,0,0,0,0,0,0,0,0,0,0,0,353500,0,0,0,0,696754000,0,0,0,0,0,0,0,0,0,0,0,0,0,464000,0,0,0,0,0,0,0,0,0,0,495840100,0,0,0,0,41192300,0,0,0,0,0,0,0,0,29522000,8120000,0,0,12965500,16155315700,25599600,0,0,604658100,0,0,0,1295800,0,0,0,0,75400000,0,0,0,0
"KNA",0,0,0,0,0,0,0,0,0,0,0,0,0,0,0,0,0,0,0,0,0,0,0,0,0,0,0,0,0,0,0,0,0,0,0,0,0,0,0,0,0,0,0,0,0,0,0,0,0,0,0,0,0,0,0,0,0,0,0,0,0,0,0,0,0,0,0,0,0,0,0,0,0,0,0,0,0,0,0,0,0,0,0,0,0,0,0,0,0,0,0,0,0,0,0,0,0,0,0,0,0,0,0,0,0,0,0,0,0,0,0,0,0,0,0,0,0,0,0,0,0,0,0,0,0,0,0,0,0,0,0,0,0,0,0,0,0,0,0,0,0,0,0,0,0,0,0,0,0,0,0,0,0,0,0,0,0,0,0,0,0,0,0,0,0,0,0,0,0,0,0,0,0,0,0,0,0,0,0,0,0,0,0,0,0,0,0,0,0,0,0,0,0,0,0
"LCA",0,0,0,0,0,0,0,0,0,0,0,0,0,0,0,0,0,0,0,0,0,0,0,0,0,0,0,0,0,0,0,0,0,0,0,0,0,0,0,0,0,0,0,0,0,0,0,0,0,0,0,0,0,235600,0,0,0,0,0,0,0,0,0,0,0,0,0,0,0,0,0,0,0,0,0,0,0,0,0,0,0,0,0,0,0,0,0,0,0,0,0,0,0,0,0,0,0,0,0,0,0,0,0,0,0,0,0,0,0,0,0,0,0,0,0,0,0,0,0,0,0,0,0,0,0,0,0,0,0,0,0,0,0,0,0,0,0,0,0,0,0,0,0,0,0,0,0,0,0,0,0,0,0,0,0,0,0,0,0,0,0,0,0,0,0,0,0,0,0,0,0,0,0,0,0,0,0,0,0,0,0,0,0,0,0,0,0,0,0,0,0,0,0,0,0
"VCT",0,0,0,0,0,0,0,0,0,0,0,0,0,0,0,0,0,0,0,0,0,0,0,0,0,0,0,0,0,0,0,0,0,0,0,0,0,0,0,0,0,0,0,0,0,0,0,0,0,0,0,0,0,0,0,0,0,0,0,0,0,0,0,0,0,0,0,0,0,0,0,0,0,0,0,0,0,0,0,0,0,0,0,0,0,0,0,0,0,0,0,0,0,0,0,0,0,0,0,0,0,0,0,0,0,0,0,0,0,0,0,0,0,0,0,0,0,0,0,0,0,0,0,0,0,0,0,0,0,0,0,0,0,0,0,0,0,0,0,0,0,0,0,414000,0,0,0,0,0,0,0,0,0,0,0,0,0,0,0,0,0,0,0,0,0,0,0,0,0,0,0,0,0,0,0,0,0,0,0,0,0,0,0,0,0,0,0,0,0,0,0,0,0,0,0
"STP",0,0,0,0,0,0,0,0,0,0,0,0,0,0,0,0,0,0,0,0,0,0,0,0,0,0,0,0,0,0,0,0,0,0,0,0,0,0,0,0,0,0,0,0,0,0,0,0,0,0,0,0,0,0,0,0,0,0,0,0,0,0,0,0,0,0,0,0,0,0,0,0,0,0,0,0,0,0,0,0,0,0,0,0,0,0,0,0,0,0,0,0,0,0,0,0,0,0,0,0,0,0,0,0,0,0,0,0,0,0,0,0,0,0,0,0,0,0,0,0,0,0,0,0,0,0,0,0,0,0,0,0,0,0,0,0,0,0,0,0,0,0,0,0,0,0,0,0,0,0,0,0,0,0,0,0,0,0,0,0,0,0,0,0,0,0,0,0,0,0,0,0,0,0,0,0,0,0,0,0,0,0,0,0,0,0,0,0,0,0,0,0,0,0,0
"SAU",0,0,0,0,0,0,0,0,0,438075800,0,0,0,0,0,0,0,0,0,0,0,0,0,0,0,0,0,0,0,0,0,0,0,0,0,0,0,0,0,0,0,0,0,0,0,0,0,0,0,0,0,0,0,0,0,0,0,0,0,0,0,0,0,0,0,0,0,0,0,0,0,0,0,0,0,111674400,0,0,0,0,0,0,0,0,0,0,77147000,0,0,0,0,0,151205000,0,0,0,0,0,5684000,0,0,0,0,203406000,0,0,0,0,0,0,0,0,0,0,0,0,0,0,0,0,0,0,0,0,0,0,0,0,0,0,0,0,0,0,0,0,0,0,77876000,0,0,0,0,0,0,0,0,0,0,0,0,0,0,0,0,0,0,0,0,0,0,0,0,0,0,0,0,0,0,0,19618200,0,0,1915049100,0,0,0,0,0,0,0,0,0,0,0,371322600,0,0,0,0,0,0,0,0,0
"SEN",0,0,0,0,0,0,0,0,0,0,0,0,0,0,0,0,0,0,0,0,0,0,0,0,0,79924000,2320000,0,0,0,0,3275611114600,0,0,0,0,0,0,0,0,0,0,0,0,0,0,0,0,0,0,0,0,0,27167608000,0,0,0,0,99008000,5047800,0,0,0,0,0,0,0,50820000,0,0,0,0,0,0,0,0,0,0,0,0,0,70232635200,75442000,0,0,8845200000,0,0,0,0,0,0,0,0,0,283500000,0,0,0,0,0,0,0,13396600000,0,1451700000,0,1956150000,0,0,0,4374171900,0,0,0,0,47958591200,0,0,0,0,0,0,0,0,0,0,0,0,0,0,0,0,0,0,2.07e+09,0,0,0,0,0,0,0,0,0,0,0,0,0,0,0,0,0,0,0,0,0,0,0,0,0,120403574000,0,0,0,0,0,0,0,0,0,0,0,1644300,0,0,102060000,0,146008000,0,0,0,0,0,0,0,0,0,3615560000,0,0,0,0,0,0
"SYC",0,0,0,0,0,0,0,0,0,0,0,0,0,0,0,0,0,0,0,0,0,0,0,0,0,0,0,0,0,0,0,0,0,0,0,0,0,0,0,0,0,0,0,0,0,0,0,0,0,0,0,0,0,0,0,0,0,0,0,0,0,0,0,0,0,0,0,0,0,0,0,0,0,0,0,0,0,0,0,0,0,0,0,0,0,0,0,0,0,0,0,0,0,0,0,0,0,0,0,0,0,0,0,0,0,0,0,0,0,0,0,0,0,0,0,0,0,0,0,0,0,0,0,0,0,0,0,0,0,0,0,0,0,0,0,0,0,0,0,0,0,0,0,0,0,0,0,0,0,0,0,0,0,0,0,0,0,0,0,0,0,0,0,0,0,0,0,0,0,0,0,0,0,0,0,0,0,0,0,0,0,0,0,0,0,0,0,0,0,0,0,0,0,0,0
"SLE",0,0,0,0,0,0,116000,0,0,0,0,0,0,0,0,0,0,0,0,0,0,0,0,0,0,0,0,0,0,0,0,0,0,0,0,0,0,0,0,0,0,0,0,0,0,0,0,0,0,0,0,0,0,0,0,0,0,0,0,0,0,0,0,0,0,0,0,0,0,0,0,0,0,0,0,0,0,0,0,0,0,0,0,0,0,0,0,0,0,0,0,0,0,0,0,1354700,0,0,0,0,0,0,0,0,0,0,0,0,0,0,0,0,0,0,0,0,0,0,0,0,0,0,0,0,0,0,0,0,0,0,0,0,0,0,0,0,0,0,0,0,0,0,0,0,0,0,0,0,0,0,0,0,0,0,0,0,0,0,0,0,0,0,0,0,0,0,0,0,0,0,0,0,0,0,0,0,0,0,0,0,0,0,0,0,0,0,0,0,1490600,0,0,0,0,0,0
"SVN",117800,0,648000,0,0,0,0,539906800,0,0,0,0,0,0,0,0,0,0,0,0,0,3592900,0,0,0,0,0,0,0,0,0,2591600,0,0,0,0,0,0,5831100,0,0,580000,0,0,0,0,0,0,0,2591600,0,0,0,176700,0,0,0,0,0,2108344100,184985300,0,0,8540500,0,0,0,0,0,0,0,58900,31877600,675390200,0,0,0,0,0,58900,32277200,172858100,0,0,0,0,0,0,0,0,0,0,0,589000,0,0,0,0,1295800,0,0,0,0,0,0,0,1354700,0,0,0,0,0,0,0,0,0,62072400,0,0,250966500,0,0,0,0,0,0,0,0,565474000,0,0,0,0,61596000,58000,0,0,0,0,0,8658300,0,22630400,0,0,0,0,5301000,0,0,0,0,58900,0,0,0,1767000,0,0,0,0,18945300,0,0,0,0,0,0,0,0,0,0,0,0,0,0,3758800,870000,3712000,0,0,0,0,0,0,0,0,0,0,0,202530100,9247300,0,0,0
"SVK",0,0,0,0,0,0,0,724304400,0,0,0,0,0,0,0,0,0,0,0,0,0,82753700,0,0,0,0,0,0,0,0,0,0,0,0,0,0,0,0,0,0,0,0,0,0,0,0,0,0,0,0,0,0,1819600,412300,0,0,0,0,0,7003620900,0,0,0,15478500,0,0,0,0,0,0,0,0,4469181900,369566900,0,0,0,0,0,0,0,24923400,0,0,0,0,0,0,0,0,0,0,0,0,0,0,0,0,0,3287600,0,0,0,0,0,0,0,0,0,0,0,0,0,0,0,0,0,0,0,0,0,0,0,0,0,0,0,0,28110396200,0,0,0,0,3255815700,0,0,0,0,0,0,1264476200,0,0,0,0,0,0,0,0,0,0,166821600,0,0,0,0,58900,0,0,0,0,58900,0,0,0,0,0,0,0,0,0,0,0,0,0,0,6415400,65393600,0,0,0,0,0,0,0,0,0,0,643400,0,0,0,0,0,0
"SGP",0,0,0,0,0,0,55707600,0,0,272948000,0,268482000,0,0,0,0,2436000,0,0,0,535313700,0,204682000,0,0,986000,0,0,319411600,0,0,416687000,0,0,0,0,0,0,0,0,0,0,0,0,0,0,0,0,0,0,0,0,0,6989700,10032700,0,0,0,0,9900800,0,0,0,82800,0,0,0,1740000,0,0,0,225939400,0,0,0,117792400,3832416200,0,0,0,0,232000,0,0,0,180620400,0,0,0,684075600,0,100770000,1508000,0,0,0,0,0,0,0,58000,0,0,5322198900,204229300,0,0,0,235944000,0,0,0,0,0,0,0,4350000,0,14442000,0,71630000,1792800,0,0,0,0,406000,0,0,194300000,0,0,10539600,0,0,0,59580100,0,213440000,0,0,0,289942000,0,0,0,0,150684000,0,64422100,0,0,0,0,0,0,0,0,0,0,0,2900000,0,0,12644000,0,107438800,0,0,0,455706000,0,0,403970000,0,0,812000,0,245340000,0,0,0,0,65656000,0,1919452000,0,0,0,0,0,0,0,0,0
"SOM",0,0,0,0,0,0,0,0,0,0,0,0,0,0,0,0,0,0,0,0,0,0,0,0,0,0,0,0,0,0,0,0,0,0,0,0,0,0,0,0,0,0,0,0,0,0,0,0,0,0,0,0,0,0,0,0,0,0,0,0,0,0,0,0,0,0,0,0,0,0,0,0,0,0,0,0,0,0,0,0,0,0,0,0,0,0,0,0,0,0,0,0,0,0,0,0,0,0,0,0,0,0,0,0,0,0,0,0,0,0,0,0,0,0,0,0,0,0,0,0,0,0,0,0,0,0,0,0,0,0,0,0,0,0,0,0,0,0,0,0,0,0,0,0,0,0,0,0,0,0,0,0,0,0,0,0,0,0,0,0,0,0,0,0,0,0,0,0,0,0,0,0,0,0,0,0,0,0,0,0,0,0,0,0,0,0,0,0,0,0,0,0,0,0,0
"ZAF",0,0,0,58000,0,0,63436400,1218000,0,15315200,0,0,0,0,0,27191574400,0,0,0,0,0,0,0,0,0,11658000,0,0,0,0,0,6703924776700,0,0,4348700,0,0,0,9222000,0,0,0,0,0,0,0,0,0,0,0,0,0,0,58000,0,0,0,0,0,430703700,0,111824000,0,0,0,0,0,0,0,0,0,1218000,0,0,0,171506000,0,0,0,6438000,4350000,174000,0,0,0,27193603500,211700000,0,26564000,0,0,1237600,18676000,0,0,0,10084447700,0,0,0,0,102254000,382812700,36470000,12702000,0,0,17010000,974574000,0,0,0,82403225300,0,18064982500,0,7466775000,0,0,0,0,570921600,0,0,1712450000,0,0,0,0,4884500,0,0,0,0,0,0,0,0,95700000,1553431100,0,58000,0,0,0,0,0,18773034000,0,242180400,58000,0,0,870000,116000,0,637648200,0,0,15777787600,46342000,257167976000,0,0,232000,11020000,0,0,0,0,19587400,0,0,4090856000,33640000,0,938130300,0,10846000,0,0,0,0,0,9448800,0,618665000,4856676200,28113901200,0,0,0,0,0,0
"ESP",0,0,0,928000,0,0,0,331231900,0,1218000,0,15028000,0,0,0,0,117800,0,0,0,5916000,299661800,0,0,0,817400,18534900,0,6786000,232000,184488100,641265300,0,0,0,0,290000,175472300,406000,0,0,135947500,0,26527400,0,0,410300,1740000,9345700,2615400,0,0,176700,14142833200,0,0,0,0,0,2739260600,74520000,0,0,43656100,0,348000,174000,981000,0,0,2610000,290000,22323800,0,0,3630000,1798000,1682000,0,117940300,701588000,4259977900,0,0,152308000,12122400,0,0,0,0,0,53676400,165600,0,0,7425600,0,0,58900,23719400,0,0,0,0,10175500,120312400,179408900,3306000,0,40150400,0,4872219500,0,8700000,0,0,1725687400,0,0,0,0,0,406000,0,0,142370100,53442800,6206000,22724000,0,4698000,56539300,618800,389869700,13467240400,0,0,0,9860000,0,9121100,58000,10614000,0,0,0,0,17781600,0,0,0,0,31146900,0,1944800,0,0,0,0,0,367833500,1070393000,0,0,68177100,0,0,0,0,0,6782000,7824600,1701000,58353500,0,0,2268142500,405221800,134799600,0,0,0,0,0,0,0,14644000,0,1036706000,10756300,12934536300,0,6099600,0,0
"SUR",0,0,0,0,0,0,0,0,0,0,0,0,0,0,0,0,0,0,0,0,0,0,0,0,0,0,0,0,0,0,0,0,0,0,0,0,0,0,0,0,0,0,0,0,0,0,0,0,0,0,0,0,0,154120600,0,0,0,0,0,0,0,0,0,0,0,0,0,0,54960100,0,0,0,0,0,0,0,0,0,0,0,0,0,0,0,0,0,0,0,0,0,0,0,0,0,0,0,0,0,0,0,0,0,0,0,0,0,0,0,0,0,0,0,0,0,0,0,14558800,0,0,0,0,0,0,0,0,0,0,0,0,0,0,0,0,0,0,0,0,0,0,0,0,0,0,0,0,0,0,0,0,0,0,0,0,0,0,0,0,0,0,0,0,0,0,0,0,0,0,0,0,0,0,0,0,0,0,0,0,0,0,0,0,0,287648700,0,0,0,0,0,0,0,0,0,0,0,0
"TJK",0,0,0,0,0,0,0,0,0,0,0,0,0,0,0,0,0,0,0,0,0,0,0,0,0,0,0,0,0,0,0,0,0,0,0,0,0,0,0,0,0,0,0,0,0,0,0,0,0,0,0,0,0,0,0,0,0,0,0,0,0,0,0,0,0,0,0,0,0,0,0,0,0,0,0,0,0,0,0,0,0,0,0,0,0,0,0,0,0,0,0,0,0,0,0,0,0,0,0,0,0,0,0,0,0,0,0,0,0,0,0,0,0,0,0,0,0,0,0,0,0,0,0,0,0,0,0,0,0,0,0,0,0,0,0,0,0,0,0,0,0,0,0,0,0,0,0,0,0,0,0,0,0,0,0,0,0,0,0,0,0,0,0,0,0,0,0,0,0,0,0,0,0,0,0,0,0,0,0,0,0,0,0,0,0,0,0,0,0,0,0,0,0,0,0
"SWZ",0,0,0,0,0,0,0,0,0,0,0,0,0,0,0,0,0,0,0,0,0,0,0,0,0,0,0,0,0,0,0,0,0,0,0,0,0,0,0,0,0,0,0,0,0,0,0,0,0,0,0,0,0,0,0,0,0,0,0,0,0,0,0,0,0,0,0,0,0,0,0,0,0,0,0,0,0,0,0,0,0,0,0,0,0,0,0,0,0,0,0,0,0,0,0,0,0,0,0,0,0,0,0,0,0,0,0,0,0,0,0,0,85286000,0,0,0,0,0,0,0,0,0,0,0,0,0,0,0,0,0,0,0,0,0,0,0,0,0,0,0,0,0,0,0,0,0,0,0,0,0,0,0,0,0,0,786938000,0,0,0,0,0,0,0,0,0,0,0,0,0,0,0,0,0,0,0,0,0,0,0,0,0,0,0,0,0,0,0,0,0,0,0,0,0,0,0
"SWE",0,0,0,0,0,0,0,0,0,6734300,0,0,0,0,0,0,442000,0,0,0,0,0,0,0,0,0,0,0,0,0,942400,58000,0,0,0,0,0,0,0,0,0,2737104600,0,0,88400,0,0,0,0,12992000,0,0,267031200,174000,0,0,0,0,0,580806500,0,0,0,0,0,0,0,0,0,0,0,230700,0,0,160319500,0,0,0,0,0,0,289121700,0,0,0,58000,0,0,0,0,0,117800,0,4930000,0,0,0,589000,0,0,0,0,0,0,0,0,1044000,0,0,0,0,58900,0,0,0,0,62300800,0,0,0,0,58000,0,0,0,13407423300,0,0,0,0,0,0,58000,28576800,58000,0,0,0,0,0,0,0,0,0,0,0,0,64438000,0,0,0,0,0,58000,0,0,102540400,0,0,0,0,6066700,0,0,113400,0,232000,0,0,0,0,0,58900,6590500,0,0,7760600,0,0,0,0,0,0,2886100,0,0,0,0,4872000,0,174000,0,0,0,0
"CHE",0,0,0,0,0,0,0,3137800000,0,0,0,0,0,0,0,0,0,0,0,0,0,0,0,0,0,0,0,0,0,0,0,0,0,0,0,0,0,0,0,0,0,0,0,0,0,0,0,0,0,0,0,0,0,174000,0,0,0,0,0,370624400,0,0,0,0,0,0,0,0,0,0,0,0,0,0,0,0,3801200,0,0,0,59202000,169575300,0,0,0,0,0,0,0,0,0,0,0,0,0,0,0,0,0,4243200,0,0,0,0,0,0,0,0,0,0,0,0,0,0,0,0,472328000,0,0,0,0,0,0,0,0,0,0,0,0,0,0,0,0,0,1218000,0,0,0,0,0,0,0,0,0,0,0,0,0,0,0,0,0,116000,214812000,0,0,58000,0,0,0,0,0,0,0,0,0,0,0,0,0,0,0,0,0,0,0,58000,0,1102000,0,0,0,0,0,0,0,0,0,0,1701000,0,0,0,0,0
"SYR",1276000,0,0,0,0,0,0,0,0,0,0,0,0,0,0,0,0,0,0,0,0,0,0,0,0,283500,0,0,0,0,0,0,0,0,0,0,0,0,870000,0,0,0,0,0,0,0,0,0,0,0,0,0,0,0,0,0,0,0,0,0,0,0,0,0,0,812000,0,0,0,0,0,0,0,0,232000,0,0,0,0,0,0,0,0,0,0,0,112889700,0,0,0,0,0,78941200,0,0,2040748000,0,0,0,0,0,0,0,0,0,0,0,0,0,0,0,0,0,0,0,0,0,0,0,0,0,0,0,0,0,5443200,0,0,0,0,0,0,0,0,0,0,0,0,171407600,0,9436600,0,0,0,0,0,0,321105000,0,0,0,0,0,0,0,0,0,0,0,0,44254000,0,0,0,0,0,0,0,0,116000,31747100,0,335672000,0,0,0,1740000,0,0,0,0,0,0,0,0,0,0,0,29174000,0,0,0,0,0,0
"TKM",0,0,0,0,0,0,0,0,0,0,0,0,0,0,0,0,0,0,0,0,0,0,0,0,0,0,0,0,0,0,0,0,0,0,0,0,0,0,0,0,0,0,0,0,0,0,0,0,0,0,0,0,0,0,0,0,0,0,0,0,0,0,0,0,0,0,0,0,0,0,0,0,0,0,0,0,0,0,0,0,0,0,0,0,0,0,0,0,0,0,0,0,0,0,0,0,0,0,0,0,0,0,0,0,0,0,0,0,0,0,0,0,0,0,0,0,0,0,0,0,0,0,0,0,0,0,0,0,0,0,0,0,0,0,0,0,0,0,0,0,0,0,0,0,0,0,0,0,0,0,0,0,0,0,0,0,0,0,0,0,0,0,0,0,0,0,0,0,0,0,0,0,0,0,0,0,0,0,0,0,0,0,0,0,0,0,0,0,0,0,0,0,0,0,0
"TWN",0,0,0,0,0,16374200,300813400,0,0,0,0,1276000,0,0,0,0,17022100,0,0,0,10130800,0,0,0,0,565711800,0,0,12188300,0,4182800,716293400,0,0,0,0,556000,0,0,0,0,0,0,0,0,0,0,0,0,0,0,3996400,0,0,0,0,0,0,2828800,883500,0,0,0,0,0,0,0,0,0,0,0,611422500,0,0,0,68971000,294500,0,0,1539700,0,176405500,0,0,0,81891600,0,0,0,5342400,0,1636000,0,0,0,0,0,0,0,0,28299900,0,0,91874100,0,0,0,0,864400,0,0,0,0,0,0,0,79102700,0,0,0,0,16348500,2210000,0,0,0,0,933600,0,0,0,0,63303700,0,33926400,0,0,0,1178000,0,0,0,0,0,0,0,0,0,632800,0,0,0,0,319520100,0,10557200,8809500,0,0,0,0,765700,0,0,0,0,12423400,0,2356000,1594100,0,0,0,16079700,0,0,115712700,0,1634159500,0,4123000,0,0,94847800,0,0,0,0,7126900,0,0,0,0,0,0
"TZA",0,0,0,0,0,0,0,0,0,0,0,0,0,0,0,19425900,0,0,0,0,0,0,0,7213155000,0,320400,0,0,0,0,0,806800000,0,2013000,0,0,0,0,0,0,0,0,0,0,0,0,463680000,0,0,0,0,0,0,0,0,0,0,0,0,0,0,0,0,0,0,0,0,0,0,0,0,0,0,0,0,3753636000,47552177700,0,0,0,0,0,0,0,0,0,0,0,10864686600,0,0,0,0,0,0,0,0,0,0,78660000,0,0,0,476100000,0,0,0,0,0,0,0,0,0,0,0,0,0,0,0,0,0,0,0,0,0,0,799400000,0,0,0,0,0,558900000,0,0,0,0,0,0,170100000,0,99361533600,487200000,0,0,0,0,0,0,0,0,0,0,0,0,4079605500,0,0,0,0,0,0,0,0,0,0,0,0,0,0,2373511800,0,353600000,324120600,309078504000,0,2447700,0,680400,0,0,0,0,835135000,0,698293000,82800000,0,0,0,0,0,0,0,0
"THA",0,0,0,0,0,0,2598458000,4118000,0,48243000,0,564862000,0,4710000,0,0,0,0,0,0,6728000,0,1815616400,0,0,1001138000,0,0,24418000,0,986000,5407630000,1530400,0,0,0,0,0,58000,0,65250000,364472000,0,38686000,58000,0,58000,0,0,0,0,290000,78416000,1200542000,2552000,0,0,0,0,1185114000,0,40832000,0,116000,0,0,0,0,0,0,0,1245767800,58000,0,0,3220132000,33234000,0,0,18676000,598502000,458722000,1856000,0,0,32654000,116000,0,1276000,3429582100,0,12573799800,8023000,0,4603226600,174000,0,0,0,0,209206000,8758000,0,6592892800,314271600,0,1624000,0,269932000,58000,754000,522000,0,0,0,0,1171488100,0,106256000,0,870000,275326000,0,0,170636000,104574000,58000,0,31900000,5916000,0,0,326598000,0,2146000,0,0,0,235538000,0,0,0,19546000,0,0,0,0,61596000,0,94830000,0,0,0,704344000,0,121626000,38164000,0,0,0,98558000,3782149600,0,0,478442000,0,0,0,0,0,0,0,6380000,65055700,0,0,2474231200,10730000,31400691600,0,0,0,0,2065030000,3828000,0,0,0,58000,0,0,0,0,0,0
"TGO",0,0,0,0,0,0,0,0,0,0,0,0,0,0,0,0,0,0,0,0,0,0,0,0,0,135378000,0,0,0,0,0,0,0,0,0,0,0,0,0,0,0,0,0,0,0,0,0,0,190440000,0,0,0,0,2719542300,0,0,0,0,0,638000,0,0,0,0,0,0,0,0,0,0,0,0,0,0,0,0,0,0,0,0,0,0,0,0,0,0,0,0,0,0,0,0,0,0,0,0,0,0,0,0,0,0,0,0,0,0,0,0,0,0,0,0,0,0,0,0,114817500,0,0,0,0,0,0,0,0,0,0,0,0,0,0,0,0,0,0,0,0,0,0,0,0,0,0,0,0,0,0,0,0,0,0,0,0,0,0,0,0,0,0,0,0,0,0,0,0,0,0,0,0,0,0,0,0,0,0,0,15876000,0,703800000,0,0,0,0,0,0,0,0,0,2190434400,0,0,0,0,0,0
"TON",0,0,0,0,0,0,0,0,0,0,2436000,0,0,0,0,0,0,0,0,0,0,0,0,0,0,0,0,0,0,0,0,0,0,0,0,0,0,0,0,0,0,0,0,0,0,0,0,0,0,0,0,0,0,0,0,0,0,0,0,0,0,0,0,0,0,0,0,0,0,0,0,0,0,0,0,0,0,0,0,0,0,0,0,0,0,0,0,0,0,0,0,0,0,0,0,0,0,0,0,0,0,0,0,0,0,0,0,0,0,0,0,0,0,0,0,0,0,0,0,0,0,5794900,0,0,0,0,0,0,0,0,0,0,0,0,0,0,0,0,0,0,0,0,0,0,0,0,0,0,0,0,0,0,0,0,0,0,0,0,0,0,0,0,0,0,0,0,0,0,0,0,0,0,0,0,0,0,0,0,0,0,0,0,0,0,0,0,0,0,0,0,0,0,0,0,0
"TTO",0,0,0,0,584234000,0,0,0,3654000,0,2837882000,0,0,0,0,0,0,0,147088000,0,0,0,0,0,0,28130000,0,0,0,0,0,0,58000,0,0,0,98658000,89668000,0,0,0,0,379328200,336110000,0,0,0,0,0,0,0,0,0,0,0,0,0,0,0,0,0,0,0,0,0,1127326300,0,0,1628814000,0,0,0,0,0,0,0,0,0,0,0,0,0,0,0,10631052000,0,0,0,0,0,0,0,0,0,0,0,0,340200,0,0,0,0,0,0,0,0,0,0,0,0,0,0,0,0,0,0,638000,0,0,0,0,0,0,0,0,0,0,427170000,3190000,0,0,0,0,0,0,0,0,0,0,0,0,0,0,213092000,1431266000,766005800,0,0,0,0,0,0,0,0,0,0,0,327236000,0,0,0,0,0,0,0,0,0,0,0,0,0,0,0,0,0,0,464000,0,30508000,0,0,0,0,0,0,0,0,0,0,0,0,0,0,0,0
"OMN",0,0,0,0,0,0,0,0,0,0,0,0,0,0,88400000,0,0,0,0,0,0,0,0,0,0,0,0,0,0,0,0,0,0,0,0,0,0,0,0,0,0,0,0,0,0,0,0,0,0,0,0,0,0,0,0,0,0,0,0,0,0,0,0,0,0,0,0,0,0,0,0,0,0,0,0,0,0,0,0,0,0,0,0,0,0,0,0,0,0,0,0,0,0,0,0,0,0,0,0,0,0,0,0,0,0,0,0,0,0,0,0,0,0,0,0,0,0,0,0,0,0,0,0,0,0,0,0,0,0,0,0,0,0,0,0,0,0,0,1139410600,0,0,0,0,0,0,0,0,0,0,0,0,0,0,0,38874000,0,0,0,0,0,0,0,0,0,0,0,0,0,0,0,0,0,0,41314500,0,0,0,0,0,0,0,0,0,0,0,43252086900,0,0,0,0,0,0,0,0,0
"TUN",0,0,0,0,0,0,0,0,0,0,0,0,0,0,0,0,0,0,0,0,0,0,0,0,0,3651800,0,0,0,0,0,0,0,0,0,0,0,0,0,0,0,0,0,0,0,0,0,0,0,0,0,0,0,0,0,0,0,0,0,0,0,0,0,0,0,0,0,0,0,0,0,0,0,0,0,0,0,0,0,0,0,0,0,0,0,0,0,0,0,0,0,0,0,0,0,0,0,0,56550000,0,0,0,0,0,0,0,0,0,0,0,0,0,0,0,0,0,0,0,0,0,0,0,0,0,0,0,0,0,0,0,0,0,0,0,0,0,0,0,0,0,0,0,0,0,0,0,0,0,0,0,0,0,56700,0,0,0,0,0,0,0,0,88400,0,0,0,0,0,0,0,0,66236000,0,0,0,0,0,0,0,0,0,0,0,0,0,0,0,0,0,0,0,0,0,0,0,0
"TUR",0,4118000,23896000,3786602000,1102000,425703600,28961600,220466200,3056100,14725500,232000,26390000,0,0,0,0,7482000,0,58000,0,1160000,938046600,0,0,0,258115400,0,0,0,1160000,96338000,298724700,58000,58000,16066000,58000,0,0,3415569900,4405589500,0,80093400,0,0,108832000,0,1545994000,0,10382000,290000,0,0,464000,209951700,1044000,2494000,717763000,5452000,102060000,5297777900,498411000,1972000,0,2240169600,0,0,0,0,0,0,0,7918000,350834200,1000720800,0,348000,14823000,1758794000,74944014500,6641300,5105914300,2788393600,4292000,208684000,0,1798000,6690578000,13804000,116000,0,0,867400,178850200,0,0,12524113200,0,20255400,8273770100,58000,0,0,0,19029600,17548100,226800,57990300,406000,7772000,232000,13050000,6612000,696000,1235169400,0,4872000,236092600,0,0,1813046300,0,0,0,0,3596000,111941100,5684000,9866500,0,0,0,0,636700,8700000,373097900,0,0,0,191932600,0,530989500,12296000,128922000,511600,0,116000,0,1562524900,5336000,984700,290000,5220000,4936371800,25089100,22334800,3886000,2774481400,0,13665000,0,355283800,137322400,34394127200,620320600,29638000,696000,0,0,0,0,593058000,2081410000,0,2275852800,0,0,691791400,2341053300,277109300,1160000,1508000,31378000,43032100,5858000,232000,3880774800,812000,0,348498600,10614000,1184547000,47792000,14906000,0,3132000
"ARE",1817273400,369430700,0,331695000,0,0,0,0,0,2855738600,0,538297700,0,2030000,0,0,5202943200,0,0,0,113400,0,0,11020000,3828000,8675100,0,928000,308993500,6496000,0,10579662600,0,1160000,6814000,0,0,0,116000,2079173400,0,6090000,0,0,0,0,400258000,0,0,0,0,10440000,0,28014000,0,81078000,26131500,10956000,42696000,10561000,0,20242000,0,0,0,0,0,2958000,0,0,0,132574000,0,0,0,8519270800,623413800,17422814600,21808108700,0,0,680400,7076000,0,0,17532800,2228563900,0,381292000,0,0,334083900,7084658800,0,0,19422200,0,17723000,864051600,0,0,3248000,0,1061545400,1530582000,0,0,1988400,21943000,0,0,13108000,232000,0,0,0,293376200,0,0,0,0,0,0,5609200,24186000,3359200,7811983300,0,0,0,0,0,1563680000,102060000,0,0,0,89900000,592520700,0,0,95566800,0,0,0,0,0,25184357600,13282000,192671200,26912000,0,0,0,1987909200,45356000,0,0,213905900,0,0,0,2909067200,30102000,0,350850100,6420800,60088000,0,0,14956457200,279243000,216537300,0,138156000,0,6874400,154620900,1203284000,0,0,0,0,0,68324000,51835556700,119157600,2215200,0,0,0,0,92568000,1247972600,110432000
"UGA",0,0,0,0,0,0,0,0,0,0,0,0,0,0,0,0,0,0,0,0,0,0,0,28350000,0,200818700,0,0,0,0,0,0,0,0,0,0,0,0,0,0,12420000,0,0,0,0,0,0,0,0,0,0,0,0,0,0,0,0,12420000,0,0,0,0,0,0,0,0,0,0,0,0,0,0,0,0,0,0,0,0,0,0,0,0,12420000,0,0,0,0,0,7864739100,0,0,0,0,0,0,0,0,0,0,0,0,12420000,0,0,0,0,0,0,0,0,0,0,0,0,0,0,0,0,0,0,0,0,0,0,12420000,0,0,0,1472500,0,0,0,0,0,0,0,0,0,0,0,0,0,0,0,0,0,0,0,12420000,0,0,0,0,0,0,0,0,0,0,0,235600,0,0,0,0,5.67e+09,0,0,0,0,0,0,0,0,0,0,459420000,0,36550700,0,0,0,0,0,0,0,40572000,0,0,0,0,0,0,623814000,0
"TUV",0,0,0,0,0,0,0,0,0,0,0,0,0,0,0,0,0,0,0,0,0,0,0,0,0,0,0,0,0,0,0,0,0,0,0,0,0,0,0,0,0,0,0,0,0,0,0,0,0,0,0,0,0,0,0,0,0,0,0,0,0,0,0,0,0,0,0,0,0,0,0,0,0,0,0,0,5568000,0,0,0,0,0,0,0,0,0,0,0,0,0,0,0,0,0,0,0,0,0,0,0,0,0,0,0,0,0,0,0,0,0,0,0,0,0,0,0,0,0,0,0,0,0,0,0,0,0,0,0,0,0,0,0,0,0,0,0,0,0,0,0,0,0,0,0,0,0,0,0,0,0,0,0,0,0,0,0,0,0,0,0,0,0,0,0,0,0,0,0,0,0,0,0,0,0,0,0,0,0,0,0,0,0,0,0,0,0,0,0,0,0,0,0,0,0,0
"GBR",0,0,0,8246000,0,2280977800,186713000,284398100,0,129247000,3536000,0,0,0,0,0,141750000,0,125457000,0,1392000,5123788000,0,0,0,14960600,0,0,0,0,447698900,147331100,0,0,0,0,0,0,763231200,29214400,0,113615000,0,0,0,0,0,0,0,31094700,0,0,309425800,8335596600,638000,0,13664800,0,69737600,6098517900,0,0,0,884183200,0,0,0,0,0,0,0,282141400,39893700,802929400,1695485600,144894000,5890000,0,0,57096341000,0,926624500,0,4501670000,0,79677000,35104400,0,0,0,0,53338200,48686900,8623700,0,47296700,0,0,0,532263700,0,0,0,99364400,0,0,561151900,0,0,0,0,235873200,0,0,0,0,21906226900,0,0,0,0,29192900,67359600,0,3062800,561031100,1060800,0,1193259600,0,0,0,11132100,13048710200,1500416800,0,0,0,516140700,0,1353947300,0,870000,0,0,0,0,502385400,0,0,1354700,240305700,245464200,503603800,0,471026600,3658330100,0,0,0,700720900,985384200,0,0,49552700,0,382296100,0,0,0,34456500,58000,414243700,5225240500,0,0,0,141750000,342264200,0,5772200,0,0,1178000,0,0,0,0,484153300,10169000,4594200,0,0,0,0
"UKR",21228000,0,0,0,0,0,0,0,0,0,0,0,0,0,0,0,0,0,0,0,0,0,0,0,0,265200,0,0,58000,0,0,58000,0,0,0,0,0,0,522000,224170000,0,116000,0,0,4281908000,0,0,0,0,3016000,0,0,0,0,0,0,924329600,0,0,469600,0,0,0,290000,0,0,0,0,0,0,0,58000,0,0,0,0,0,0,0,0,50808000,0,0,0,0,0,0,0,0,0,0,0,0,47444000,0,0,0,58000,0,11542000,0,0,0,0,0,0,174000,0,0,0,0,0,0,1303840000,0,0,0,0,0,0,0,0,0,0,0,1798000,0,638000,17574000,0,0,0,0,106778000,116000,0,0,0,116000,0,0,0,7337200,0,0,0,0,12064000,0,0,0,0,0,290000,0,0,0,0,0,0,0,0,0,0,58000,0,0,58000,0,0,0,0,72732000,0,0,0,58000,0,33588400,0,0,0,0,0,0,0,0,0,0,0,0,0,0,0,0
"USA",0,0,0,0,627769000,1061016400,26883319900,0,2894101300,965535800,5492107400,13016900,0,0,165214500,0,5544886100,0,1140357400,0,305060900,10348254000,604067400,0,21750000,1477752077600,0,0,553600800,0,4744048800,2082370514400,43978407000,0,0,2827200,13586024900,0,7866000,0,0,44243696400,167935500,9491919500,0,753790000,331299900,921122500,14144000,159793400,0,250065700,2868713700,23621338200,2156704800,0,0,0,0,85964355900,924337800,31854700,2414900,947728800,0,191178100,4015246700,0,2900757700,684703800,1153841600,46192966400,0,1040269200,419718100,2120261500,454368600,0,424256700,184546800,13001680900,22467851400,0,5065400,3500365000,170653250700,14952807800,0,27800800,7892600,0,33935740400,4618479900,113912600,0,605173600,0,40286400,215456200,0,0,1119100000,0,13715427600,326482700,0,60858000,0,0,1422154496200,26092700,584790400,0,0,0,43232600,226044912000,0,465473500,2436795900,0,5614919800,3971296600,0,88092100,24708903100,1026685900,3433215600,1774442500,0,450310100,678674900,13676479900,7045033100,17653632600,0,0,0,1373500100,0,56610100,20202700,3425147500,331468300,431076400,49711600,0,26688278400,0,0,0,0,16197500,7677791100,0,125027500,72323585600,1976281300,0,0,2012653000,18169344600,0,0,4830174700,47591200,1714681900,0,0,43383444400,393097400,0,2020623400,15211367600,68500700,0,146357048200,350919800,0,0,302963600,0,1019087900,39683040100,8658300,57309700,7951500,0,39271759400,599913000,131608900,0,0,0,0
"BFA",0,0,0,0,0,0,0,0,0,0,0,0,0,0,0,0,0,0,0,0,0,0,0,0,0,0,0,45208800,0,0,0,1.701e+09,0,0,0,0,0,0,0,0,6083460000,0,0,0,0,0,0,0,0,0,0,0,0,2525400,0,0,0,0,0,26649000,0,1258200000,0,0,0,0,0,3061800000,0,0,0,0,0,0,0,0,0,0,0,0,0,0,1042344000,0,0,0,0,0,0,0,0,0,0,0,0,0,0,0,0,0,0,0,0,0,0,353600000,0,0,0,0,0,0,0,0,0,0,0,0,0,0,0,0,0,0,0,0,0,0,0,0,0,0,0,0,0,0,0,0,0,0,0,0,0,0,0,0,0,0,36115291800,0,9582300000,0,0,0,0,0,0,0,0,0,0,0,0,0,0,0,0,17464950000,0,0,0,341163900,0,0,0,0,0,0,0,0,0,0,0,0,0,0,0,0,12499200,0,0,0,0,0,0
"URY",0,0,0,0,0,0,0,0,0,0,0,0,0,0,0,0,0,0,0,0,0,0,0,0,0,0,0,0,0,0,0,0,0,0,0,0,0,0,0,0,0,0,0,0,0,0,0,0,0,0,0,0,0,0,0,0,0,0,0,0,0,0,0,0,0,0,0,0,0,0,0,0,0,0,0,0,0,0,0,0,0,0,0,0,0,0,0,0,0,0,0,0,0,0,0,0,0,0,0,0,0,0,0,0,0,0,0,0,0,0,0,0,0,0,0,0,0,0,0,0,0,0,0,0,0,0,0,0,0,0,2726000,0,0,0,0,0,0,0,0,0,0,0,0,0,0,0,0,0,0,0,0,0,0,0,0,0,0,0,0,0,0,0,0,0,0,0,0,0,0,0,0,0,0,0,0,0,0,0,0,0,0,0,0,0,0,0,0,0,0,0,0,0,0,0,0
"UZB",0,0,0,0,0,0,0,0,0,0,0,0,0,0,0,0,0,0,0,0,0,0,0,0,0,0,0,0,0,0,0,0,0,0,0,0,0,0,0,0,0,0,0,0,0,0,0,0,0,0,0,0,0,0,0,0,0,0,0,0,0,0,0,0,0,0,0,0,0,0,0,0,0,0,0,0,0,0,0,0,0,0,0,0,0,0,0,0,0,0,0,0,0,0,0,0,0,0,0,0,0,0,0,0,0,0,0,0,0,0,0,0,0,0,0,0,0,0,0,0,0,0,0,0,0,0,0,0,0,0,0,0,0,0,0,0,0,0,0,0,0,0,0,0,0,0,0,0,0,0,0,0,0,0,0,0,0,0,0,0,0,0,0,0,0,0,0,0,0,0,0,0,0,0,0,0,0,0,0,0,0,0,0,0,0,0,0,0,0,0,0,0,0,0,0
"VEN",0,0,0,0,0,0,0,0,0,0,0,0,0,0,0,0,0,0,0,0,0,0,0,0,0,0,0,0,0,0,0,0,0,0,0,0,0,0,0,0,0,0,0,0,0,0,0,0,0,0,0,0,0,0,0,0,0,0,0,0,0,0,0,0,0,0,0,0,0,0,0,0,0,0,0,0,0,0,0,0,0,0,0,0,0,0,0,0,0,0,0,0,0,0,0,0,0,0,0,0,0,0,0,0,0,0,0,0,0,0,0,0,0,0,0,0,0,0,0,0,0,0,0,0,0,0,0,0,0,0,0,0,0,0,0,0,0,0,0,0,0,0,0,0,0,0,0,0,0,0,0,0,0,0,0,0,0,0,0,0,0,0,0,0,0,0,0,0,0,0,0,0,0,0,0,0,0,0,0,0,0,0,0,0,0,0,0,0,0,0,0,0,0,0,0
"VNM",0,0,0,0,0,0,478268200,58000,0,0,0,14964000,0,0,0,0,0,0,0,0,0,0,0,0,0,2294296600,0,0,0,0,0,401316211500,0,0,0,0,0,0,0,0,0,6320500,0,0,40600000,0,0,0,0,0,0,0,8336200,1065344900,0,0,0,0,0,1605972500,2900000,0,0,0,0,0,0,0,0,0,0,381466000,0,0,8120000,0,928000,0,0,10324000,0,0,0,0,0,1818154000,0,0,0,442656000,0,131366400,0,870000,1707306700,0,0,0,0,19730400,7018000,0,0,11338475200,0,0,0,0,63046000,0,548506000,0,42411600,0,0,0,798669300,0,0,0,0,84970000,0,0,0,179909900,0,3855600,81612200,0,0,0,164662000,107843400,0,0,0,0,205089800,0,0,0,14640702800,0,0,0,0,176958000,0,0,0,0,12417300,3090073000,0,23318800,11426000,0,0,0,355799500,67054000,0,0,12140690200,0,3023044600,0,0,0,0,0,0,165600,0,0,317800400,4781000,2198284800,0,0,3074000,0,0,1160000,0,0,0,16955600,0,2320000,2204000,0,0,0
"ETH",0,0,0,0,0,0,0,0,0,0,0,0,0,0,0,0,0,0,0,0,0,0,0,0,0,0,0,0,0,0,0,0,0,0,0,0,0,0,0,0,0,0,0,0,0,0,0,0,0,0,0,0,0,0,0,0,0,0,0,0,0,0,0,0,0,0,0,0,0,0,0,0,0,0,0,0,0,0,0,0,0,0,0,0,0,0,0,0,0,0,0,0,0,0,0,0,0,0,0,0,0,0,0,0,0,0,0,0,0,0,0,0,0,0,0,0,0,0,0,0,0,0,0,0,0,0,0,0,0,0,0,0,0,0,0,0,0,0,0,0,0,0,0,0,0,0,0,0,0,0,0,0,0,0,0,0,0,0,0,0,0,0,0,0,0,0,0,0,0,0,0,0,0,0,0,0,0,0,0,0,0,0,0,2.204e+09,0,0,0,0,0,0,0,0,0,0,0
"YEM",0,0,0,0,0,0,0,0,0,589000,0,0,0,0,0,0,0,0,0,0,0,0,0,0,0,0,0,0,0,0,348000,0,0,0,0,0,0,0,0,0,0,0,0,0,0,0,0,0,0,0,0,0,0,0,0,0,0,0,0,0,0,0,0,0,0,0,0,0,0,0,0,0,0,0,0,0,0,0,0,0,0,0,0,0,0,0,0,0,0,0,0,0,0,0,0,0,0,0,0,0,0,0,0,0,0,0,0,0,0,0,0,0,0,0,0,0,0,0,0,0,0,0,0,0,0,0,0,0,0,0,0,0,0,0,0,0,0,0,0,0,0,0,0,0,0,0,0,1863000,0,0,0,0,0,0,0,0,0,0,0,0,0,0,0,0,0,0,0,0,0,0,0,0,0,0,0,0,0,0,0,0,0,0,0,0,0,0,0,0,0,0,0,0,0,0,0
"COD",0,0,0,0,0,0,0,0,0,0,0,0,0,0,0,0,0,0,0,0,0,0,0,0,0,14046900,0,0,0,0,0,0,0,0,26082000,0,0,0,0,0,0,0,0,0,0,0,0,0,0,0,0,0,0,50484600,0,0,0,0,0,0,0,0,0,0,0,0,0,0,0,0,0,0,0,0,0,0,0,0,0,0,0,0,0,0,0,0,0,0,0,0,0,0,0,0,0,0,0,0,0,0,0,0,0,0,0,0,0,0,0,0,0,0,0,0,0,0,0,0,0,0,0,0,0,0,0,0,0,0,0,0,0,0,0,0,0,0,0,0,0,0,0,0,0,0,0,0,0,0,0,0,0,0,0,0,0,453600,0,0,0,0,0,1987200,0,0,0,0,0,0,0,0,0,0,0,0,2268000,0,0,0,0,0,0,0,0,0,0,0,0,0,13470400,0,0,0,0,0,0
"ZMB",0,0,0,0,0,0,0,0,0,0,0,0,0,0,0,818825400,0,0,0,0,0,0,0,0,0,170100,0,0,0,0,0,0,0,0,0,0,0,0,0,0,0,0,0,0,0,0,0,0,0,0,0,0,0,0,0,0,0,0,0,0,0,0,0,0,0,0,0,0,0,0,0,0,0,0,0,0,0,0,0,0,0,0,0,0,0,0,0,0,0,0,0,0,0,0,0,0,0,0,0,0,0,0,2213838100,0,0,0,0,0,0,0,0,0,0,0,35257500,0,0,0,0,0,0,0,0,0,0,0,0,0,0,0,0,0,0,0,0,0,0,0,0,1673403800,0,0,0,0,0,0,0,0,0,0,0,0,0,0,0,6592345700,0,0,0,0,0,0,0,0,0,0,0,0,0,0,0,0,0,0,0,0,5430418200,0,315373000,0,0,0,0,0,0,0,160461700,0,0,0,0,0,0,0,0
"BEL",0,116000,232000,824600,0,0,290000,2971734200,0,0,0,283500,0,0,0,0,850500000,0,0,0,0,11739900,0,10440900,0,18513200,239134000,232000,0,170100,3651800,0,0,0,3661200,0,0,0,7547200,0,0,565417700,0,0,116000,0,0,0,406000,1484600,0,0,2762813800,137734755800,483625600,0,0,0,10681500,149029018100,0,0,0,193893300,0,0,0,147215700,0,0,0,47620800,225501400,3034300,86381800,0,0,0,6169500,28987800,1803600,848035100,0,0,0,0,6950400,0,0,0,0,353600,927755700,6935300,0,340200,0,0,0,2335400,0,0,0,176800,170100,3074000,27199800,0,294500,0,0,8246000,0,174000,0,0,60946263400,0,54200400,522000,0,0,0,146775600,21549500,23709400,0,0,16625300,0,0,0,0,988346400,598113800,0,0,0,538503300,0,87093500,45184100,4062800,0,0,0,0,1575020000,290000,5429200,522000,0,8170500,0,0,0,11033591500,10007900,0,0,15991073600,1377309500,0,0,174000,0,836794400,174000,0,0,579600,0,204573900,1937034100,2671600,0,89959899300,11658000,113526800,0,0,0,0,116000,58900,0,279325500,0,0,5338251700,90560400,116000,0,0,0
"LUX",0,0,0,0,0,0,0,0,0,0,0,0,0,0,0,0,0,0,0,0,0,0,0,0,0,0,0,0,0,0,0,0,0,0,0,0,0,0,0,88400,0,0,0,0,0,0,0,0,0,0,0,0,0,213960500,0,0,0,0,0,107819357200,0,88400,0,0,0,0,0,0,0,0,0,0,0,0,0,0,0,0,0,0,0,603505400,0,0,0,0,0,0,0,0,0,0,0,0,0,0,0,0,0,0,0,0,0,0,0,0,0,0,0,0,0,0,0,0,0,0,117800,0,0,0,0,0,0,0,0,0,0,0,0,0,0,0,0,0,0,0,0,0,0,0,0,0,0,0,0,0,0,0,0,0,0,0,0,0,0,0,4988000,0,0,0,0,0,0,0,0,0,0,0,0,0,0,0,0,0,0,0,0,0,0,0,0,0,0,0,0,0,0,0,2241439700,0,0,0,0,0,0
"SRB",0,0,345495100,0,0,0,2784000,2784000,0,0,0,0,0,0,0,0,0,0,0,0,0,0,0,0,0,16704000,0,0,0,0,0,0,0,0,0,0,0,0,0,0,0,0,0,0,0,0,0,0,0,0,0,0,0,0,0,0,0,0,0,45156000,9303002700,0,0,0,0,0,0,0,0,0,0,0,13978000,497176000,0,0,0,0,0,0,0,0,0,0,0,0,0,0,0,0,0,0,0,0,0,0,0,0,0,0,0,0,0,0,0,0,0,0,0,0,0,0,0,0,0,0,580792000,0,0,1309640000,0,0,0,0,0,0,0,0,638000,0,0,0,0,0,0,0,0,0,0,0,9802000,0,0,0,0,0,0,0,0,0,0,94818200,0,0,0,0,0,0,0,0,0,58000,0,0,0,0,0,0,0,0,0,0,0,406000,0,0,116000,580000,0,0,0,0,0,0,0,0,0,0,0,0,0,1901198800,0,0,0
"MNE",0,0,0,0,0,0,0,0,0,0,0,0,0,0,0,0,0,0,0,0,0,0,0,0,0,0,0,0,0,0,0,0,0,0,0,0,0,0,0,0,0,0,0,0,0,0,0,0,0,0,0,0,0,0,0,0,0,0,0,0,31374300,0,0,0,0,0,0,0,0,0,0,0,0,0,0,0,0,0,0,0,0,290000,0,0,0,0,0,0,0,0,0,0,0,0,0,0,0,0,0,0,0,0,0,0,0,0,0,0,0,0,0,0,0,0,0,0,0,0,0,0,0,0,0,0,0,0,0,0,0,0,0,0,0,0,0,0,0,0,0,0,0,0,0,0,0,0,0,0,0,0,0,0,0,0,0,0,0,0,0,0,0,0,0,0,0,0,0,0,0,0,0,0,0,0,0,0,0,0,0,0,0,0,0,0,0,0,0,0,0,0,7120800,0,0,0,0
"SDN",0,0,0,0,0,0,0,0,0,0,0,0,0,0,0,0,0,0,0,0,0,0,0,0,0,0,0,0,0,0,0,0,0,0,0,0,0,0,0,0,0,0,0,0,0,0,0,0,0,0,0,0,0,0,0,0,0,0,0,0,0,0,0,0,0,0,0,0,0,0,0,0,0,0,0,0,0,0,0,0,0,0,0,0,0,0,0,0,0,0,0,0,0,0,0,0,0,0,0,0,0,0,0,0,0,0,0,0,0,0,0,0,0,0,0,0,0,0,0,0,0,0,0,0,0,0,0,0,0,0,0,0,0,0,0,0,0,0,0,0,0,0,0,0,0,0,0,0,0,0,0,0,0,0,0,0,0,0,0,0,0,0,0,0,0,0,0,0,0,0,0,0,0,0,0,0,0,0,0,0,0,0,0,0,0,0,0,0,0,0,0,0,0,0,0
"SSD",0,0,0,0,0,0,0,0,0,0,0,0,0,0,0,0,0,0,0,0,0,0,0,0,0,0,0,0,0,0,0,0,0,0,0,0,0,0,0,0,0,0,0,0,0,0,0,0,0,0,0,0,0,0,0,0,0,0,0,0,0,0,0,0,0,0,0,0,0,0,0,0,0,0,0,0,0,0,0,0,0,0,0,0,0,0,0,0,0,0,0,0,0,0,0,0,0,0,0,0,0,0,0,0,0,0,0,0,0,0,0,0,0,0,0,0,0,0,0,0,0,0,0,0,0,0,0,0,0,0,0,0,0,0,0,0,0,0,0,0,0,0,0,0,0,0,0,0,0,0,0,0,0,0,0,0,0,0,0,0,0,0,0,0,0,0,0,0,0,0,0,0,0,0,0,0,0,0,0,0,0,0,0,0,0,0,0,0,0,0,0,0,0,0,0
"PSE",0,0,0,0,0,0,0,0,0,0,0,0,0,0,0,0,0,0,0,0,0,0,0,0,0,0,0,0,0,0,0,0,0,0,0,0,0,0,0,0,0,0,0,0,0,0,0,0,0,0,0,0,0,0,0,0,0,0,0,0,0,0,0,0,0,0,0,0,0,0,0,0,0,0,0,0,0,0,0,0,0,0,0,0,0,0,0,0,0,0,0,0,0,0,0,0,0,0,0,0,0,0,0,0,0,0,0,0,0,0,0,0,0,0,0,0,0,0,0,0,0,0,0,0,0,0,0,0,0,0,0,0,0,0,0,0,0,0,0,0,0,0,0,0,0,0,0,0,0,0,0,0,0,0,0,0,0,0,0,0,0,0,0,0,0,0,0,0,0,0,0,0,0,0,0,0,0,0,0,0,0,0,0,0,0,0,0,0,0,0,0,0,0,0,0
