"reporter","partner","percentage"
"ARM","BLR",24.1145374449339
"ARM","GEO",16.374449339207
"ARM","LBN",40.9691629955947
"ARM","BEL",18.5418502202643
"AFG","TJK",100
"ALB","DEU",9.91897257946232
"ALB","USA",8.17357397105908
"ALB","MNE",81.9074534494786
"DZA","CAN",0.0701026783272907
"DZA","FRA",0.388439487480398
"DZA","GMB",99.3232128103296
"DZA","NLD",0
"DZA","NER",0.212835456022135
"DZA","ESP",0
"DZA","CHE",0.0054095678405626
"ATG","VCT",0.0049544947353185
"ATG","SEN",99.5020025006043
"ARG","BOL",1.66646886188608
"ARG","BRA",21.2918525497401
"ARG","CAN",0.408234254034081
"ARG","CHL",26.9662102614445
"ARG","CRI",2.48586396257516
"ARG","CUB",12.1999605544521
"ARG","MEX",4.21912760849687
"ARG","NLD",6.02492060449624
"ARG","PER",0.772333752850285
"ARG","SEN",3.6508381959198
"ARG","ESP",9.89548217416164
"ARG","TUR",5.1059274912493
"ARG","GBR",1.26884943769825
"ARG","USA",4.04393029099563
"AUS","ARG",3.67714653428939
"AUS","HKG",0.012257155114298
"AUS","NCL",46.564932279218
"AUS","PNG",26.4570693142122
"AUS","URY",23.2885947171661
"AUT","ARM",0.00197199246275027
"AUT","ALB",0.0202809906068862
"AUT","AUS",0
"AUT","BRA",0.662852399812456
"AUT","BGR",0.286767574969748
"AUT","CAN",0
"AUT","CYP",0.352501734652933
"AUT","AZE",0.00315518794040042
"AUT","DNK",0.723499249978349
"AUT","EST",0.0251725376665826
"AUT","FIN",0.0184903927149354
"AUT","FRA",1.34303785905843
"AUT","GEO",0.0373363906280717
"AUT","DEU",26.1328509411127
"AUT","BIH",0.118319547765016
"AUT","GHA",0
"AUT","GRC",0.0152586957773463
"AUT","GUY",0
"AUT","HUN",16.9572141931877
"AUT","HRV",2.60120676599594
"AUT","IND",0.936211503627011
"AUT","IRL",0.000907332051167062
"AUT","ITA",18.3893480366624
"AUT","JPN",0
"AUT","LVA",0.0266833209631815
"AUT","LBN",0.0305001500905374
"AUT","LBR",0
"AUT","LTU",0.0641296259252425
"AUT","MLT",0.0421984835198363
"AUT","MDA",0.0135410149108852
"AUT","NLD",0.68106261873487
"AUT","MKD",0.0586339092257746
"AUT","NZL",0.00439657335957436
"AUT","NGA",0
"AUT","NOR",0
"AUT","CZE",9.8205752664803
"AUT","POL",7.24364986997242
"AUT","PRT",0.00297415256677089
"AUT","ROU",3.4741097684281
"AUT","RUS",0.000262932328366702
"AUT","SVN",1.94504549106438
"AUT","SVK",5.77152480958689
"AUT","ESP",0.495847267639212
"AUT","SWE",0.0174214219373134
"AUT","CHE",0.35886132054601
"AUT","TWN",0.0411489093893889
"AUT","THA",0.00205173423446804
"AUT","TGO",0.00129310981163952
"AUT","TUR",0.0111207443800999
"AUT","GBR",0.132136785299554
"AUT","UKR",0.02421348122295
"AUT","VEN",0
"AUT","BEL",0.171397395166779
"AUT","LUX",0.0223707997413637
"AUT","SRB",0.902924701892391
"AUT","MNE",0.0135410149108852
"BHR","ATG",0.042325123966845
"BHR","BHS",0.00906966942146678
"BHR","EGY",0.00599605922863637
"BHR","SLV",3.1345785261636
"BHR","GRC",0.120928925619557
"BHR","HKG",0.0725573553717343
"BHR","KWT",0.279816097336364
"BHR","LBR",0.374879669420627
"BHR","MLT",0.302322314048893
"BHR","MRT",1.81057474747059
"BHR","NLD",0.0967431404956457
"BHR","VUT",0.278136528924981
"BHR","PAK",7.48550049585058
"BHR","PAN",0.11185925619809
"BHR","VCT",0.00604644628097785
"BHR","SAU",55.2421975439503
"BHR","OMN",0.0329195408631017
"BHR","ARE",29.5640990908412
"BHR","GBR",0.105812809917112
"BHR","USA",0.20725874196463
"BHR","YEM",0.0149901480715909
"BHR","BEL",0.0211625619834225
"BRB","LCA",99.8367156519711
"BRB","VCT",0.163284348028925
"BGD","AUS",4.03540148215641
"BGD","AUT",0.109246279054395
"BGD","BHR",0.945173228876781
"BGD","BRN",0.28256376670627
"BGD","MMR",0.00773827809968629
"BGD","CAN",3.60265941338424
"BGD","LKA",0
"BGD","CYP",0.238664103205619
"BGD","BEN",0.77057643261582
"BGD","DNK",0.0372998009914291
"BGD","FJI",0.0148262807288107
"BGD","FIN",0.00702297508206823
"BGD","FRA",0.345998572376562
"BGD","DEU",0.178328618807271
"BGD","GRC",8.25706787010056
"BGD","HKG",0.0122511898653857
"BGD","IND",0.000242769509009766
"BGD","IRL",0.0702470914998973
"BGD","ITA",5.92000058854265
"BGD","JPN",0.702628281662849
"BGD","JOR",2.00619086524926
"BGD","KHM",0.00390165282337124
"BGD","KWT",1.14837564308776
"BGD","LBN",0.169877963929584
"BGD","MYS",7.56163727086287
"BGD","MDV",1.13530293854456
"BGD","MUS",0.572727953112468
"BGD","NPL",0.000121384754504883
"BGD","NLD",0.030120759796426
"BGD","NZL",0.280372771887457
"BGD","NOR",0.00327738837163184
"BGD","PAK",0.303461886262208
"BGD","PHL",0.0463516355416503
"BGD","PRT",0.129845813790099
"BGD","QAT",2.25507729885211
"BGD","SAU",28.6225544830268
"BGD","SGP",2.41168964318223
"BGD","ZAF",0.260994562864714
"BGD","SWE",0.331007555195209
"BGD","CHE",0.0385006430270666
"BGD","THA",0.00402390461183687
"BGD","TGO",0.014702728389404
"BGD","TTO",0.00928593371962355
"BGD","OMN",0.382440009746849
"BGD","ARE",5.364937368588
"BGD","GBR",3.46247411123297
"BGD","USA",17.6472752122551
"BGD","ETH",0.000364154263514649
"BGD","BEL",0.192442631137326
"BGD","PSE",0.0727268086276399
"BTN","DEU",61.7037037037037
"BTN","SGP",26.4444444444444
"BTN","ARE",11.8518518518519
"BWA","NAM",9.19862009968391
"BWA","ZWE",0.941350979210078
"BWA","ZAF",89.860028921106
"BRA","AFG",9.36832331405398e-06
"BRA","DZA",0.089195806273108
"BRA","ATG",0.0355847290558677
"BRA","ARG",0.0161483792744613
"BRA","AUT",0
"BRA","BHS",0.0551036462945714
"BRA","BHR",0.000719955646685048
"BRA","BRB",0.102445878738468
"BRA","BGD",4.68416165702699e-06
"BRA","BOL",0.774218388375482
"BRA","BLZ",3.47122401906017e-05
"BRA","BGR",4.21574549132429e-05
"BRA","CMR",3.76294319781168e-06
"BRA","CAN",0.101029872283421
"BRA","CPV",1.1334159943316
"BRA","CHL",0.601117701667693
"BRA","CHN",0.119977432398229
"BRA","COL",0.0018886800032336
"BRA","COM",2.81049699421619e-06
"BRA","COG",2.3420808285135e-05
"BRA","CRI",7.24311786910482
"BRA","CUB",5.68980338634178
"BRA","CYP",0.00326855205456475
"BRA","BEN",0.0936832331405398
"BRA","DNK",0.00154567706127373
"BRA","DMA",0.00340819602165284
"BRA","DOM",0.00441341711325083
"BRA","ECU",0.00541941889845833
"BRA","SLV",0.827013098188732
"BRA","GNQ",0.00468416165702699
"BRA","FRO",2.24839759537296e-05
"BRA","FRA",0.00496489387438075
"BRA","DJI",1.21788203082702e-05
"BRA","GMB",8.40873157798942
"BRA","DEU",0.0311702658131802
"BRA","BIH",0.000130063555343449
"BRA","GRC",0.00339671331981304
"BRA","GTM",1.52732909597068
"BRA","GUY",0.0066590146208777
"BRA","HTI",0.333491699669031
"BRA","HND",2.04703277221105
"BRA","HKG",0.00498393629267258
"BRA","HRV",6.57344019202788e-06
"BRA","ISL",2.81049699421619e-06
"BRA","IND",0.000561844372264134
"BRA","IDN",1.4052484971081e-05
"BRA","IRN",0.000106369504294988
"BRA","IRQ",0.023420808285135
"BRA","IRL",0.000237955412176971
"BRA","ISR",0.0353673722445775
"BRA","ITA",0.00276607552783539
"BRA","CIV",0
"BRA","JAM",0.0117104041425675
"BRA","JPN",0.00310813903515182
"BRA","JOR",0.0307363680154217
"BRA","KOR",0.000201140503864771
"BRA","KWT",0.0023608174751416
"BRA","LVA",4.68416165702699e-06
"BRA","LBN",0.0161315761456727
"BRA","LBR",0.0123337671712606
"BRA","LBY",3.65364609248105e-05
"BRA","LTU",0.0200557065507268
"BRA","MYS",1.09140966608729e-05
"BRA","MLI",0.281049699421619
"BRA","MLT",0.00592270864769759
"BRA","MEX",4.94319211438906
"BRA","MAR",0.0833368568724986
"BRA","MOZ",0.00911833741335455
"BRA","NAM",0.0702624248554049
"BRA","NLD",6.22993072824723
"BRA","VUT",1.87288396920129e-05
"BRA","NIC",2.27094777414477
"BRA","NOR",0.00257144600867389
"BRA","PAK",2.57628891136485e-05
"BRA","PAN",0.223194978626919
"BRA","PRY",0.0421649417649581
"BRA","PER",9.73565651250088
"BRA","PHL",0.000780138015885734
"BRA","POL",2.09512141670691e-05
"BRA","PRT",0.0355066544902932
"BRA","GNB",0.00199076870423647
"BRA","QAT",5.82722721694316e-05
"BRA","RUS",0.0133952190212391
"BRA","LCA",0.59447632421661
"BRA","VCT",0.00448602161893475
"BRA","STP",0.106707544627903
"BRA","SAU",0.849793113159185
"BRA","SEN",10.3184418093903
"BRA","SLE",6.0249218953543
"BRA","SVN",0.00168137982678984
"BRA","SVK",1.8736646628108e-06
"BRA","SGP",0.0067928775517874
"BRA","ZAF",2.29023703474437
"BRA","ESP",0.12269078898777
"BRA","SWZ",3.93469579190267e-05
"BRA","SWE",3.19563917490508e-05
"BRA","CHE",0.000542527410052961
"BRA","THA",0.000649482434555077
"BRA","TGO",1.39353809296553e-05
"BRA","TTO",0.601372354815021
"BRA","OMN",5.30871654463059e-06
"BRA","TUR",1.09843294714174
"BRA","ARE",0.0222725732323679
"BRA","TUV",1.8736646628108e-05
"BRA","GBR",0.0166990909558539
"BRA","USA",5.79249985862081
"BRA","URY",0.0123834101767329
"BRA","VEN",17.2558678498022
"BRA","VNM",0.000141727117869447
"BRA","COD",0.00628385490914234
"BRA","BEL",0.00957691683957749
"BRA","LUX",5.46485526653149e-06
"BRA","MNE",6.80634711886339e-06
"BRA","PSE",0.0182270098398234
"BLZ","GTM",100
"BRN","KHM",77.0604395604396
"BRN","MYS",5.76923076923077
"BRN","SGP",17.1703296703297
"BGR","ALB",0.977436318273647
"BGR","AUT",0.0117456764246919
"BGR","BHR",0.100247593951851
"BGR","CAN",0.0289604160305347
"BGR","CYP",0.0168616453027013
"BGR","DNK",0.000701733157662956
"BGR","FRA",0.00308855411217952
"BGR","GEO",0.000336896890970595
"BGR","DEU",0.114402182930467
"BGR","GRC",0.247565610247177
"BGR","HUN",0.373148153618048
"BGR","HRV",0.128094147827365
"BGR","IRQ",8.35396616265424e-05
"BGR","IRL",0.00171209895411286
"BGR","ISR",0.0579208320610694
"BGR","ITA",0.0406312161659168
"BGR","JOR",0.192586766603056
"BGR","LBN",8.83663976316315e-05
"BGR","LTU",0.025618829565473
"BGR","MAR",0.222772431004113
"BGR","MDA",0.048475280986495
"BGR","NLD",0.0163333961756828
"BGR","MKD",0.00376889183428146
"BGR","CZE",0.528438483584857
"BGR","POL",3.22462156377807
"BGR","QAT",0.0290598282278703
"BGR","ROU",61.3428537765801
"BGR","SAU",1.61944975649518
"BGR","SVK",0.00877166447078695
"BGR","ESP",0.000277537320292624
"BGR","SWE",0.0887302592689383
"BGR","TUR",29.3275423668772
"BGR","ARE",0.101238931269819
"BGR","GBR",0.0539572773448904
"BGR","USA",0.00707395290284311
"BGR","BEL",0.083820494122377
"BGR","SRB",0.479256457061001
"BGR","PSE",0.49232707251909
"BDI","COD",100
"CMR","CAN",0
"CMR","CAF",99.5815216784239
"CMR","COG",0.369486791557864
"CMR","ISR",0.0423015667518007
"CMR","RWA",0.00013754743287403
"CMR","BEL",0.00655241583353661
"CAN","BRB",0.00910079644550103
"CAN","CHN",0.00181411224827263
"CAN","CUB",0.148562355265023
"CAN","DMA",0.065459216958504
"CAN","DOM",0.273665551586179
"CAN","SLV",0.0369106332914515
"CAN","FRA",0.225614085436701
"CAN","DEU",0.0324091153153905
"CAN","GHA",0.185696057173669
"CAN","GRD",0.036191539353039
"CAN","GTM",0.00550280715309364
"CAN","GIN",0.00371792226882096
"CAN","HTI",0.0308673718643933
"CAN","HND",0.00347704847585587
"CAN","HKG",0.64337482486321
"CAN","IND",3.1613627094523
"CAN","CIV",0.028300151073053
"CAN","JAM",1.03662254050829
"CAN","LBN",0.126806446154257
"CAN","NGA",0.0267883908661592
"CAN","PER",0.00422814133864764
"CAN","PHL",0.768451397407389
"CAN","VCT",0.261988043854706
"CAN","SLE",0.0455946878399188
"CAN","SGP",0.0960363308631737
"CAN","SOM",0.152204017630074
"CAN","ESP",0.0809094062729593
"CAN","TTO",0.0762531848357262
"CAN","TUR",0.380479808871046
"CAN","ARE",0.25451994843265
"CAN","GBR",1.3713431316369
"CAN","USA",89.7740188255904
"CAN","BFA",0.0141898852219747
"CAN","VNM",0.383926622142764
"CAN","YEM",0.253612892308514
"LKA","AUS",11.8544576271791
"LKA","BHR",0.162286845036145
"LKA","BWA",0.139606520025012
"LKA","SLB",0.00139018010447451
"LKA","CAN",13.1179418142589
"LKA","CHN",0.00011121440835796
"LKA","CYP",0.446160695583103
"LKA","DNK",0.528909776121843
"LKA","FRA",3.53111863328984
"LKA","DEU",11.4466886087546
"LKA","GIN",0.000333643225073882
"LKA","HTI",0.0520501966849981
"LKA","HKG",0.0462058795257873
"LKA","IND",0.1690459007041
"LKA","ISR",0.0962004632296358
"LKA","ITA",6.28592964888546
"LKA","JPN",1.18183659257712
"LKA","JOR",0.255070245568982
"LKA","KEN",0.000259500286168574
"LKA","KOR",0.109780669276879
"LKA","KWT",2.31903867253988
"LKA","LBN",0.0969974998228679
"LKA","LBR",0.0011121440835796
"LKA","MAC",0.0137349794322081
"LKA","MWI",0.000222428816715921
"LKA","MYS",0.0405061410974418
"LKA","MDV",3.496645255988
"LKA","MUS",0
"LKA","NLD",3.58492231047995
"LKA","NZL",1.8960314265968
"LKA","NOR",1.29340225310815
"LKA","PNG",0.000945322471042664
"LKA","PHL",0.00011121440835796
"LKA","QAT",3.00177002364835
"LKA","RUS",0.227767108317103
"LKA","SAU",1.52663369602257
"LKA","SYC",0.0954784963620454
"LKA","SGP",0.582670357728713
"LKA","SOM",0.000333643225073882
"LKA","ZAF",0.00011121440835796
"LKA","SWE",0.148073643647998
"LKA","CHE",4.80512092304005
"LKA","OMN",0.556162866889962
"LKA","ARE",9.45509913660084
"LKA","GBR",12.3639679033364
"LKA","USA",4.66657202114563
"LKA","URY",0.00180908770928949
"LKA","ZMB",0.0651966665396454
"LKA","BEL",0.334178907807472
"CHL","CUB",4.21092032002994
"CHL","DOM",0.23861881813503
"CHL","HTI",0.308800823468863
"CHL","PAN",0.28072802133533
"CHL","PER",3.09502643522201
"CHL","RUS",3.78982828802695
"CHL","VEN",88.0760772937819
"CHN","AFG",0.0977116119115093
"CHN","ALB",0.00417036329114423
"CHN","AUS",0.0738535890773669
"CHN","BGD",0.0641173894318067
"CHN","BWA",6.48723178622436e-07
"CHN","SLB",0.645293448683114
"CHN","BRN",2.91925430380096e-06
"CHN","BGR",1.55085806559492
"CHN","MMR",0.00133451625316615
"CHN","BDI",0.000348364346920248
"CHN","CMR",6.91341974589435
"CHN","CAN",0.0453534306047695
"CHN","TCD",0.0234405694686989
"CHN","COK",0.0139331837557129
"CHN","CUB",0.208518164557212
"CHN","CYP",0.00194234670285043
"CHN","DOM",3.24361589311218e-07
"CHN","BLR",0.0625554493671635
"CHN","EGY",10.7074077500128
"CHN","GNQ",0.109485173036903
"CHN","FJI",0.402055457425235
"CHN","FIN",0.000772351281519912
"CHN","FRA",0.0155090250313266
"CHN","DJI",0.0208518164557212
"CHN","DEU",0.00210936975266075
"CHN","GHA",1.89384621184708
"CHN","KIR",0.158041546908354
"CHN","GIN",4.79560500756903
"CHN","HKG",0.874329470478995
"CHN","HRV",0.0229369981012933
"CHN","IDN",0.00107671829571859
"CHN","IRN",9.40648609002532e-06
"CHN","IRQ",0.00156550804212564
"CHN","ISR",0.00604598418133635
"CHN","ITA",6.32505099156875e-05
"CHN","CIV",5.56826906633578
"CHN","KAZ",3.24361589311218e-07
"CHN","JPN",2.58183264436405
"CHN","JOR",0.0156388623417909
"CHN","KEN",0.0402283668972
"CHN","PRK",0.0552656543342433
"CHN","KOR",8.92700841731712
"CHN","LBN",1.64207946854419
"CHN","LBR",0.917479924051731
"CHN","LBY",1.8766634810149
"CHN","MAC",0.0675452890450175
"CHN","MDG",1.8751575164931
"CHN","MYS",0.0417036329114423
"CHN","MLI",1.0379570857959e-05
"CHN","MNG",1.68973111685265
"CHN","MAR",0.0490017686709447
"CHN","MOZ",1.6289147089779
"CHN","MDA",0.0229369981012933
"CHN","NPL",0.0100720065652371
"CHN","NLD",0.0344718059282691
"CHN","VUT",0.387881319346034
"CHN","NZL",0.0116638805708367
"CHN","NER",5.69003220593814
"CHN","NGA",0.00764682446801196
"CHN","PAK",0.332414097452718
"CHN","PNG",5.72266634128216
"CHN","PER",6.81159337553558e-06
"CHN","PHL",1.22171397316747
"CHN","GNB",2.71073613924375
"CHN","TLS",1.7649085877568
"CHN","QAT",0.00312777246835817
"CHN","ZWE",1.07039324472702e-05
"CHN","ROU",0.723731796150655
"CHN","RUS",0.24578515648137
"CHN","SAU",0.01720274857597
"CHN","SEN",2.08518164557212
"CHN","SLE",8.226041591782
"CHN","SGP",0.242291147921738
"CHN","ZAF",0.0316530573797847
"CHN","ESP",0.206780513185901
"CHN","SYR",2.20549662652163
"CHN","TZA",0.0433717782279
"CHN","THA",0.141792351898904
"CHN","TGO",0.0130606047430958
"CHN","TON",0.00287734215272496
"CHN","OMN",0.00834072658228846
"CHN","TUR",3.16947610126962
"CHN","ARE",0.0654747036709644
"CHN","UGA",0.00072689432164644
"CHN","TUV",0.00907575311235263
"CHN","GBR",0.00552343766095598
"CHN","UKR",1.06396393465317
"CHN","USA",3.08960923234737
"CHN","BFA",0.0279143266892739
"CHN","UZB",0.00194616953586731
"CHN","VNM",0.105576615885703
"CHN","ETH",0.0166814531645769
"CHN","YEM",0.0880780727089662
"CHN","COD",2.54392160759798
"CHN","BEL",0.00350310516456115
"CHN","SDN",1.53000203243854
"CHN","SSD",0.173453750005271
"COL","CAN",0.10908850095623
"COL","CHL",0.00903050504604554
"COL","CRI",0.000561898091753945
"COL","CUB",10.8366060552547
"COL","ECU",0.516665295367752
"COL","DEU",1.26427070644638
"COL","HTI",68.1315483703952
"COL","PAN",0.00108366060552547
"COL","PER",0.000561898091753945
"COL","GNB",2.16732121105093
"COL","ESP",0.0050570828257855
"COL","CHE",0.0166161292847238
"COL","USA",0.0408178828081258
"COL","VEN",16.9007708037752
"COG","CAF",64.1741623571921
"COG","COD",4.94230586439988
"CRI","BRA",0.00535835897645863
"CRI","SLV",30.6074493349126
"CRI","GTM",17.8247597471555
"CRI","HND",0.6320115715823
"CRI","NIC",49.5619510623136
"CRI","PAN",1.3681310203038
"CRI","USA",0.000338904755776016
"CYP","GRC",42.5952837264803
"CYP","IND",17.8765223907167
"CYP","ITA",0.0804443507582252
"CYP","LBN",2.80981689227086
"CYP","PAK",19.6641746297884
"CYP","SVK",0
"CYP","ARE",16.9737580099855
"AZE","GEO",53.0924509171352
"AZE","KAZ",14.122591943958
"AZE","JPN",0
"AZE","LVA",9.33247303898977
"AZE","RUS",23.4111899714259
"AZE","TUR",0.0412941284911052
"BEN","MLI",2.36786469344609
"BEN","NER",53.3615221987315
"BEN","TGO",7.06131078224101
"BEN","BFA",37.2093023255814
"DNK","AUS",0.000994081071674306
"DNK","AUT",1.56216171781091
"DNK","BGR",0.00429703377529691
"DNK","CAN",0.00234319109751801
"DNK","CYP",0.11726527460892
"DNK","EST",0.00468638219503602
"DNK","FRO",2.29105647626639
"DNK","FIN",2.07890636060446
"DNK","FRA",2.37459222508444
"DNK","DEU",2.59848788198014
"DNK","GHA",0.00369230112336171
"DNK","GRC",0.00978913445798958
"DNK","HKG",0.000781063699172669
"DNK","HUN",0.00511241694003929
"DNK","HRV",0.00312425479669068
"DNK","ISL",2.44558716781139
"DNK","IRL",0.0693578647716094
"DNK","ITA",0.285343279330103
"DNK","LVA",0.526462968699018
"DNK","LTU",0.0366508223687539
"DNK","NLD",1.51374661656914
"DNK","NZL",0.000642602407046605
"DNK","NOR",2.39476694264343
"DNK","PAK",0.263431483993691
"DNK","CZE",0.0244952226929174
"DNK","POL",1.74061642990923
"DNK","PRT",0.0225325042912843
"DNK","ROU",0.0614815474233614
"DNK","RUS",0.00227218530668413
"DNK","SVK",0.0229348704393429
"DNK","SGP",0.000781063699172669
"DNK","ESP",0.0471478451136957
"DNK","SWE",54.1291908786387
"DNK","CHE",0.000142011581667758
"DNK","TUR",0.284023163335516
"DNK","GBR",6.88740845672105
"DNK","USA",0.0071005790833879
"DNK","BEL",18.037564359205
"DNK","LUX",0.139029338452735
"DMA","BHS",14.8826356806197
"DMA","CAN",0.895982080358393
"DMA","VCT",84.2213822390219
"BLR","ARM",0.108680173710998
"BLR","CAN",0.0323728177011484
"BLR","AZE",0.0647456354022968
"BLR","GEO",0.0647456354022968
"BLR","KAZ",0.034685161822659
"BLR","LVA",0.0184987529720848
"BLR","LTU",9.25400117428542
"BLR","ROU",0.189612217963869
"BLR","RUS",90.2326584307392
"BLR","UKR",0
"ECU","CHL",0.0718335497307354
"ECU","COL",93.325118814563
"ECU","CRI",1.94261898193614
"ECU","GHA",1.0667153887761
"ECU","GTM",3.19091404052915
"ECU","HND",0.175685325471583
"ECU","ITA",0.0119697436364314
"ECU","NOR",2.34700855616303e-05
"ECU","PAN",0.000140820513369782
"ECU","CZE",0.0029325871909257
"ECU","PER",0.0995802201686313
"ECU","ESP",0.0051769141227566
"ECU","USA",0.107290143275627
"EGY","IND",14.0684925060587
"EGY","JOR",1.47173007693937
"EGY","LBN",3.08933907437472
"EGY","LBY",27.2928872261829
"EGY","SAU",11.7473706501024
"EGY","TUR",14.6255382226301
"EGY","ARE",7.2198301216442
"EGY","UKR",0.328227571115974
"EGY","USA",4.68400743511917
"EGY","PSE",15.4725771158326
"SLV","CRI",41.268358496436
"SLV","GTM",24.4950127871111
"SLV","HND",8.98757372683611
"SLV","NIC",25.1000771737139
"SLV","USA",0.14897781590294
"EST","DNK",0.157436756226947
"EST","FIN",15.2522894992586
"EST","DEU",0.0613028077343864
"EST","LVA",65.2144106336841
"EST","LTU",18.219763367292
"EST","NOR",0.508488213548331
"EST","RUS",0.40293437654406
"EST","SWE",0.0524092564607993
"EST","GBR",0.130965089250735
"FJI","AUS",1.10453644869555
"FJI","SLB",0.26371741711792
"FJI","COK",6.84522509032413
"FJI","PYF",19.0219372967155
"FJI","KIR",24.5524822261481
"FJI","VUT",17.5345710641705
"FJI","NZL",5.20941159113501
"FJI","TON",4.35529314370244
"FJI","TUV",13.6790224259065
"FIN","AUS",0.00447798621974374
"FIN","CAN",0.00895597243948748
"FIN","CHN",0.0273157159404368
"FIN","EST",64.1844691496603
"FIN","GHA",0.00895597243948748
"FIN","HKG",0.00888133933582509
"FIN","ISL",0
"FIN","KOR",0
"FIN","LVA",0.286591118063599
"FIN","MYS",0
"FIN","NPL",0
"FIN","NLD",1.03956450091351
"FIN","NOR",1.00754689944234
"FIN","CZE",0.910523864681227
"FIN","RUS",19.7818399746845
"FIN","SGP",0
"FIN","ESP",0.241811255866162
"FIN","SWE",12.1341858423988
"FIN","CHE",0.058288453960331
"FIN","TWN",0
"FIN","THA",0
"FIN","ARE",0
"FIN","GBR",0.00895597243948748
"FIN","USA",0.0447798621974374
"FIN","BEL",0.242856119317436
"FRA","ARM",0.00119229265937125
"FRA","ALB",0.000301312711918934
"FRA","DZA",0.00877654842704791
"FRA","ARG",0.000100321457841217
"FRA","AUS",0.00248755414838785
"FRA","AUT",0.864081256568636
"FRA","BHR",0.000250803644603044
"FRA","BGR",0.0020750518206949
"FRA","CMR",0.000484747710874438
"FRA","CAN",0.0314002679659058
"FRA","CAF",0.00239036773610418
"FRA","LKA",0
"FRA","TCD",0.119466136045916
"FRA","CHL",0.000819291905703276
"FRA","CHN",0.000620042343601969
"FRA","COL",0.000735690690835595
"FRA","COM",0.000608616844236719
"FRA","COG",0.00453947629963603
"FRA","CUB",0.00334404859470725
"FRA","CYP",0.0150732990406429
"FRA","BEN",0.000225723280142739
"FRA","DNK",0.808993420382121
"FRA","DOM",0.0055920852624992
"FRA","GNQ",0.000771917883944923
"FRA","EST",0.0354346535923829
"FRA","FJI",0.000543965238072379
"FRA","FIN",0.0608657251490572
"FRA","PYF",0.0601443860001072
"FRA","DJI",0.0127742656317817
"FRA","GEO",0.0238821500482133
"FRA","GAB",0.0164114758199583
"FRA","DEU",17.6118165592818
"FRA","BIH",0.00493247167719319
"FRA","GHA",3.34404859470725e-05
"FRA","GRC",0.1671524083418
"FRA","GIN",0.00528248209677255
"FRA","HTI",0.00217272590673198
"FRA","HKG",0.00214228113098433
"FRA","HUN",0.0939490249056075
"FRA","HRV",3.34404859470725e-05
"FRA","ISL",0.000150342851403713
"FRA","IND",0.0180578624114191
"FRA","IRL",0.632662132766723
"FRA","ISR",0.0232483831718372
"FRA","ITA",7.52421374671965
"FRA","CIV",0.0412760562556653
"FRA","JPN",0.00326114405663013
"FRA","JOR",0.000493247167719319
"FRA","KEN",0.0038289356409398
"FRA","KHM",0.000750460238795552
"FRA","LVA",0.044124581871804
"FRA","LAO",0.00037372065301822
"FRA","LBN",0.00804013783686207
"FRA","LBR",0.000334404859470725
"FRA","LTU",0.0877144643068502
"FRA","MDG",0.00714883277357416
"FRA","MLI",0.0728518403276738
"FRA","MLT",0.000911253242057725
"FRA","MRT",0.00045026220974152
"FRA","MUS",0.00102643713809764
"FRA","MAR",0.109519054497923
"FRA","MOZ",0.000200642915682435
"FRA","MDA",0.000648884762731319
"FRA","NLD",7.19163271741895
"FRA","NCL",0.051585223954275
"FRA","VUT",0.00236612338379255
"FRA","NER",0.0132996992672251
"FRA","NGA",0.000367845345417797
"FRA","NOR",0.000242443523116276
"FRA","CZE",0.463014181716003
"FRA","PHL",0.022931813238205
"FRA","POL",0.951785340391307
"FRA","PRT",1.10806373871527
"FRA","ERI",0.000334404859470725
"FRA","QAT",0.00292827188609865
"FRA","ROU",0.0568213073767959
"FRA","RUS",3.34404859470725e-05
"FRA","SAU",0.0166454198862297
"FRA","SEN",0.0696038634623853
"FRA","SYC",0.000367845345417797
"FRA","SLE",0.000217363158655971
"FRA","SVN",0.0537374675633644
"FRA","SVK",0.00295237690305216
"FRA","SGP",0
"FRA","ZAF",0.000836012148676812
"FRA","ESP",13.4490616853814
"FRA","SWE",1.63774152916676
"FRA","CHE",0.350923507403632
"FRA","SYR",0.616428820424672
"FRA","TWN",5.85208504073768e-05
"FRA","THA",0.00030932449501042
"FRA","TGO",0.00983006306973881
"FRA","OMN",0.00135315533031248
"FRA","TUN",0.134153685147624
"FRA","TUR",0.0420179705924966
"FRA","ARE",0.019938889745942
"FRA","GBR",11.0654889399089
"FRA","UKR",0.000349522745825964
"FRA","USA",0.0568125989169139
"FRA","BFA",0.00691249678365516
"FRA","UZB",0.000326044737983957
"FRA","COD",0.000434726317311942
"FRA","BEL",32.3396774236767
"FRA","LUX",1.70499155397943
"DJI","SAU",1.95373523586663
"DJI","ETH",98.0462647641334
"GEO","ARM",1.25398869105588
"GEO","AZE",84.5742529569349
"GEO","RUS",14.1717583520093
"GAB","BEN",91.5374556323557
"GAB","STP",5.04390061647674
"GAB","BEL",3.41864375116757
"GMB","GNB",100
"DEU","ARM",0.000249090804011078
"DEU","AFG",0.00964160641775758
"DEU","ALB",0.0040247657773103
"DEU","ARG",0.0016346584013227
"DEU","AUS",0.00252982847823751
"DEU","AUT",12.1196249899483
"DEU","BHR",0.00303579417388501
"DEU","BRB",0.00071613606153185
"DEU","BWA",0.000778408762534619
"DEU","BRA",0.00374159506025044
"DEU","BGR",0.120347729183778
"DEU","CAN",0.00881158719189189
"DEU","LKA",0.00059159065952631
"DEU","CHL",0.00709187073503284
"DEU","CHN",0.00288338304643076
"DEU","CUB",0.0160196523329625
"DEU","CYP",0.285468985284371
"DEU","AZE",0.00242523388905324
"DEU","BEN",0.000358068030765925
"DEU","DNK",6.33799776555999
"DEU","DOM",0.00858584865075685
"DEU","EST",0.362739006641141
"DEU","FIN",1.38480144249095
"DEU","FRA",5.33776023249079
"DEU","GEO",0.0107429566979925
"DEU","GMB",0.000249090804011078
"DEU","BIH",0.00878823492901585
"DEU","GHA",0.090341096183918
"DEU","GRC",0.645675394318064
"DEU","GIN",7.78408762534619e-05
"DEU","HUN",3.85155938345035
"DEU","HRV",1.92112100249807
"DEU","ISL",0.10310024059771
"DEU","IND",0.196127871808223
"DEU","IRQ",0.000358068030765925
"DEU","IRL",0.177761611412473
"DEU","ITA",2.917273851939
"DEU","KAZ",0.00231187402472782
"DEU","JAM",0.00288011242137809
"DEU","KWT",0.0283922306696965
"DEU","LVA",0.938450650711753
"DEU","LTU",0.1070347153194
"DEU","MDV",0.00630511097653041
"DEU","MLI",0.000630511097653041
"DEU","MLT",0.0297352147288224
"DEU","MNG",0.00900847882006241
"DEU","MAR",0.00666775788237007
"DEU","MDA",0.0102430743649429
"DEU","NLD",8.50706653222156
"DEU","MKD",0.000155681752506924
"DEU","NER",0.000108977226754847
"DEU","NGA",0.00517563332084258
"DEU","NOR",0.467929045822503
"DEU","CZE",4.18970956929554
"DEU","PRY",0.00751164455845907
"DEU","POL",32.3382416054845
"DEU","PRT",0.178859756480156
"DEU","ERI",0.0016346584013227
"DEU","ROU",0.143448066714093
"DEU","RUS",0.0463983952471476
"DEU","SAU",0.00337493618767951
"DEU","SVN",0.23625530140439
"DEU","SVK",1.18811401034455
"DEU","SGP",0.000217954453509693
"DEU","ZAF",0.00278670336987394
"DEU","ESP",2.02463809516083
"DEU","SWE",4.06729340961178
"DEU","CHE",2.12758694942693
"DEU","THA",0.0159367092816268
"DEU","TGO",0.0136844260453586
"DEU","OMN",0.000202386278259001
"DEU","TUN",0.00319213005140247
"DEU","TUR",0.00331602132839748
"DEU","ARE",0.135813337632819
"DEU","GBR",1.67834246123031
"DEU","USA",0.00973756655680282
"DEU","BFA",6.22727010027695e-05
"DEU","URY",7.78408762534619e-05
"DEU","VEN",0.00171249927757616
"DEU","VNM",0.00956664369155047
"DEU","YEM",0.00627960010111962
"DEU","BEL",4.64459710674137
"DEU","LUX",0.805149109511049
"DEU","SRB",0.0475627159617298
"DEU","MNE",0.000708351973906503
"DEU","SDN",0.000856249638788081
"BIH","ZAF",29.4807297026541
"BIH","USA",4.47124400490254
"BIH","SRB",49.7487313732288
"BIH","MNE",16.2992949192146
"GHA","AUS",0.172887542875177
"GHA","CAN",0.651113696194902
"GHA","BEN",31.2734355334209
"GHA","FRA",0.0103732525725106
"GHA","GMB",0.822176315006396
"GHA","DEU",0.0411472352042921
"GHA","IRL",3.24369686969708
"GHA","CIV",0
"GHA","NLD",0.0522504574022757
"GHA","NER",2.5076804490517
"GHA","NOR",0.0484341249743644
"GHA","POL",0
"GHA","RWA",0.0076838907944523
"GHA","ZAF",0.0991221912484347
"GHA","ESP",0.00384194539722615
"GHA","SWE",0.0484085120050495
"GHA","CHE",0.00990581588251476
"GHA","TZA",0.00179290785203887
"GHA","THA",0.0432218857187942
"GHA","TGO",59.4884690892388
"GHA","GBR",0.132585535658274
"GHA","USA",0.966960027300864
"GHA","BFA",0.149408987669906
"GHA","BEL",0.225403734834094
"GRC","ALB",1.60231259446632
"GRC","AUS",0.00224539602835748
"GRC","AUT",0.0767835749028941
"GRC","BHS",0.00138388123275504
"GRC","BGR",18.6080724197542
"GRC","CAN",0.00315198646785318
"GRC","COG",0.000750103265892412
"GRC","CYP",1.89544397277455
"GRC","DNK",0.0414680854925448
"GRC","EST",0.0373603053750741
"GRC","FIN",0.187241898881807
"GRC","FRA",0.26261322372374
"GRC","DEU",0.800894016606103
"GRC","BIH",0.018868874187878
"GRC","HUN",5.03733193490894
"GRC","HRV",0.00916712804294404
"GRC","ISL",0.0013254073778499
"GRC","IRL",3.89825699367618e-05
"GRC","ISR",0.743251997329871
"GRC","ITA",4.42663492529509
"GRC","JOR",0.617810182081138
"GRC","LVA",0.1746635339017
"GRC","LBN",0.805524032126878
"GRC","LTU",0.272285061392748
"GRC","MLT",0.00261163563499025
"GRC","MAR",0.471721854696949
"GRC","MDA",0.0711277936573883
"GRC","NLD",1.18786217348299
"GRC","MKD",0.797065666170616
"GRC","NZL",0.000220136865525243
"GRC","NOR",0.000200481788246203
"GRC","CZE",3.1231303466034
"GRC","POL",7.56720093060964
"GRC","PRT",0.610231184282341
"GRC","ROU",4.82624657097481
"GRC","SVK",0.129454890652181
"GRC","ZAF",0.000141516556409085
"GRC","ESP",5.50231954518957
"GRC","SWE",0.234475430031588
"GRC","CHE",0.0911248692810831
"GRC","TUR",25.6664294753454
"GRC","ARE",0.0103818118187887
"GRC","GBR",5.7461245633973
"GRC","UKR",0.00214021952593986
"GRC","USA",0.046350079104037
"GRC","BEL",6.1239555662241
"GRC","LUX",0.000171523307721752
"GRC","SRB",1.90843406794571
"GRC","MNE",0.103778808033329
"GRC","PSE",0.150475340632871
"GTM","CRI",49.0726339203586
"GTM","DOM",0.070242336059405
"GTM","SLV",12.4019534059171
"GTM","HND",0.841235596140016
"GTM","NIC",1.4592009098055
"GTM","USA",36.1547338317194
"GIN","CAN",0.0529386326458737
"GIN","CHL",7.48931157498481
"GIN","COG",90.8207391372154
"GIN","FRA",0.162297926171854
"GIN","GMB",0.106231369857941
"GIN","CIV",0.371809794502792
"GIN","KOR",0
"GIN","MAR",0.0106231369857941
"GIN","ARE",0.403679205460174
"GIN","BEL",0.582369222175385
"GUY","ATG",0.174045312572729
"GUY","BHS",0.0069390261427324
"GUY","BRB",0.453913131241582
"GUY","BRA",9.27265986909064
"GUY","COL",1.35652394538673
"GUY","CRI",0.00740179011659748
"GUY","CUB",0.0227662840884913
"GUY","DMA",0.21149763545342
"GUY","SLV",0.0483742472154451
"GUY","EST",0.00912549466429826
"GUY","FRA",0.409932627197103
"GUY","DEU",1.04206032701364
"GUY","GRC",0.339965794203152
"GUY","GRD",0.360729693811193
"GUY","GTM",0.123833266777683
"GUY","HTI",1.10563763313065
"GUY","HND",1.73842407198868
"GUY","HUN",0.0453883853612867
"GUY","HRV",0.223574619275307
"GUY","ITA",6.24869903922077
"GUY","JAM",7.13873151233232
"GUY","LBN",0.00876047487772633
"GUY","LTU",0.0745096639339953
"GUY","NLD",6.61165163002126
"GUY","PAN",0.256228376832566
"GUY","CZE",0.219427081950384
"GUY","PER",0.0853233751111888
"GUY","POL",3.32286867629833
"GUY","PRT",13.2554697212544
"GUY","ROU",0.0679659238018048
"GUY","KNA",0.0728743600809953
"GUY","LCA",0.525172438463153
"GUY","VCT",0.420773730067447
"GUY","SVN",0.20988637727886
"GUY","SVK",0.15513340929307
"GUY","ESP",2.91009171606473
"GUY","SUR",0.0666238170226494
"GUY","TTO",4.63860124735353
"GUY","GBR",6.16319868021029
"GUY","USA",0.608958454162545
"GUY","VEN",29.3570853092151
"GUY","BEL",0.629171830421507
"HND","SLV",59.2872396952662
"HND","GTM",24.3882817603081
"HND","NIC",16.3208233633758
"HND","USA",0.00365518104991691
"HKG","ALB",0.00130995354922908
"HKG","AUS",0.0857582923561973
"HKG","CAN",2.57632931038714
"HKG","CHN",1.36628155184593
"HKG","FJI",0.000873302366152721
"HKG","DJI",0.0264610616944275
"HKG","JPN",0.133615262021366
"HKG","KHM",1.39728378584435
"HKG","KOR",0.0607818446842294
"HKG","MAC",85.1037758847049
"HKG","PNG",0.00078597212953745
"HKG","ESP",0.21832559153818
"HKG","THA",0.0928757066403419
"HKG","TTO",0.220945498636639
"HKG","GBR",1.28458411549235
"HKG","USA",6.98244540345578
"HKG","VNM",0.44756746265327
"HUN","AUS",0.0929238274366847
"HUN","AUT",1.31049813719335
"HUN","BGR",0.241915759670658
"HUN","CYP",0.000548402916019779
"HUN","EGY",0.00185847654873369
"HUN","EST",0.147337583437314
"HUN","DEU",26.9696866302093
"HUN","BIH",0.202101961857861
"HUN","HRV",6.72364317381272
"HUN","IRQ",0.0164520874805934
"HUN","ITA",0.234500895243641
"HUN","LTU",0.0548402916019779
"HUN","MYS",0.097570018808519
"HUN","MEX",0.097570018808519
"HUN","MDA",0.00109375914917278
"HUN","NLD",1.01887269986837
"HUN","MKD",0.0185809571337535
"HUN","CZE",0.527672270233275
"HUN","POL",5.67576706861359
"HUN","ROU",17.958697293348
"HUN","SVN",0.42404417643441
"HUN","SVK",35.9467752729218
"HUN","SGP",0.0446034371696087
"HUN","ESP",0.0956049083594481
"HUN","CHE",0.0012994102426802
"HUN","GBR",0.031230022725893
"HUN","USA",0.105468544140637
"HUN","BEL",1.40098664945853
"HUN","SRB",0.557856265174908
"HRV","AUT",7.51455578318102
"HRV","FRA",0.0333685894389426
"HRV","DEU",26.8236186920726
"HRV","BIH",9.4071362267608
"HRV","HUN",22.6568172028224
"HRV","ITA",13.9784054667861
"HRV","NLD",0.00601645779277904
"HRV","POL",0.0303350813081296
"HRV","SVN",13.9044131476287
"HRV","SVK",0.0849382276627629
"HRV","SWE",2.481409651005
"HRV","GBR",0
"HRV","USA",0.600634609900966
"HRV","SRB",0.189872329754468
"HRV","MNE",2.2884785338853
"ISL","FRO",100
"IND","ARM",0.00269254664682088
"IND","AFG",0.0563843651182267
"IND","ALB",0.00357867283172824
"IND","DZA",0.662670256948264
"IND","ARG",0.000597128085726796
"IND","AUS",0.379711975619178
"IND","AUT",0.00298039458854984
"IND","BHS",5.61052415415574e-08
"IND","BHR",0.305628491104313
"IND","BRB",0.000431542816190479
"IND","BGD",7.00827477072414
"IND","BTN",0.299153454919934
"IND","BOL",0.000246863062782853
"IND","BWA",0.0022332987506614
"IND","BRA",0.111979694172034
"IND","BLZ",7.06926043423624e-06
"IND","SLB",0.000279357348509005
"IND","BRN",0.0151064319756707
"IND","BGR",0.00737695092972373
"IND","MMR",0.00154985742625971
"IND","BDI",0.0100316171876305
"IND","CMR",1.51523746254553
"IND","CAN",0.390755457539469
"IND","CPV",0.00190757821241295
"IND","CAF",0.00440313935618143
"IND","LKA",0.592654506006087
"IND","TCD",0.000291747256016099
"IND","CHL",0.0461583432686547
"IND","CHN",3.48542757305308
"IND","COL",0.000441828777139765
"IND","COM",0.0171460142886869
"IND","COG",0.294153245141746
"IND","CRI",0.000168820671798546
"IND","CYP",0.00622599865386663
"IND","AZE",0.102509425510816
"IND","BEN",6.350858899
"IND","DNK",0.0049141147265633
"IND","DMA",2.35642014474541e-06
"IND","DOM",9.77914360069346e-05
"IND","BLR",0.11269764489542
"IND","ECU",3.28402680489916e-05
"IND","EGY",0.284345918008052
"IND","GNQ",0.0467106775529263
"IND","EST",0.000895607970727881
"IND","FJI",0.0311541793038744
"IND","FIN",0.00243701532421986
"IND","FRA",0.107158904125011
"IND","DJI",2.24335234551892
"IND","GEO",0.072719546456155
"IND","GAB",0.00970929257497422
"IND","GMB",0.363176356513591
"IND","DEU",0.0822461104933441
"IND","BIH",0.000788390854141965
"IND","GHA",0.590482190769795
"IND","KIR",0.000142507313515556
"IND","GRC",0.0106333459031637
"IND","GTM",0.000672016115353321
"IND","GIN",3.559330830233
"IND","GUY",7.36381295232941e-05
"IND","HTI",0.0465557927997351
"IND","HKG",0.00721344856727964
"IND","HUN",0.000280526207707787
"IND","HRV",0.0123668576036939
"IND","IDN",0.724963220901125
"IND","IRN",5.53613730018408
"IND","IRQ",4.38763826341688
"IND","IRL",0.017470661658343
"IND","ISR",0.365276327079949
"IND","ITA",0.135758660250193
"IND","CIV",4.20562600878268
"IND","KAZ",0.00257248142992195
"IND","JAM",0.00322498305133187
"IND","JPN",0.00965585046223117
"IND","JOR",0.431624355808186
"IND","KGZ",0.00197944902682769
"IND","KEN",0.874320644660498
"IND","KHM",0.000298676253346481
"IND","KOR",0.0666287240309092
"IND","KWT",1.15274199986667
"IND","LVA",0.000503572595456249
"IND","LAO",0.00247985167613684
"IND","LBN",0.0683742235513821
"IND","LBR",1.98038315104673
"IND","LBY",0.052279873962771
"IND","LTU",0.0301258216562224
"IND","MDG",2.18536141927698
"IND","MWI",0.000952458165198796
"IND","MYS",2.38211244426491
"IND","MDV",0.158620716677966
"IND","MLI",0.0533453748388024
"IND","MLT",0.00229487269477432
"IND","MRT",0.0435595110769554
"IND","MUS",0.250603593781752
"IND","MEX",0.00604360051361503
"IND","MNG",0.000169914256464927
"IND","MAR",0.123320630030646
"IND","MOZ",1.11265890249389
"IND","MDA",0.00386763976133017
"IND","NAM",0.0663222865524828
"IND","NPL",5.91260799893262
"IND","NLD",0.440925145184409
"IND","NZL",0.0564998211336851
"IND","NIC",0.00140263103853894
"IND","NER",0.4728459988736
"IND","NGA",0.0312218269520799
"IND","NOR",0.00704931502086821
"IND","PAK",0.00126236793468504
"IND","PAN",0.000183043350529331
"IND","CZE",0.00130144523541874
"IND","PNG",0.19426767343565
"IND","PER",0.000159338885978023
"IND","PHL",0.109832928249729
"IND","POL",0.0251912534521593
"IND","PRT",0.0212001322881119
"IND","GNB",0.0923009770696778
"IND","TLS",0.239157176172844
"IND","ERI",0.00685606051637832
"IND","QAT",0.987714296506327
"IND","ZWE",0.0143893112981632
"IND","ROU",0.00127622592934581
"IND","RWA",0.0276613708688887
"IND","RUS",0.781134423816684
"IND","STP",0.0105970333440548
"IND","SAU",6.15512496050632
"IND","SEN",5.3675644545883
"IND","SYC",0.0356616272653354
"IND","SLE",0.548501485865256
"IND","SVN",0.0037369176654962
"IND","SGP",0.723621522258847
"IND","SOM",2.32348232838313
"IND","ZAF",1.32344585703294
"IND","ESP",0.0606600894708672
"IND","SUR",3.93578269414025e-05
"IND","TJK",0.000782668119504726
"IND","SWZ",0.0042654009881969
"IND","SWE",0.0249350296973689
"IND","CHE",0.0130501820421758
"IND","SYR",0.149951777752601
"IND","TKM",0.00236483593097665
"IND","TWN",0.000343925130649747
"IND","TZA",0.1631856249784
"IND","THA",0.0375173926768045
"IND","TGO",3.98281765687233
"IND","TON",0.00224645387132396
"IND","TTO",0.00229136611717798
"IND","OMN",0.908561206029631
"IND","TUN",0.00471396239432166
"IND","TUR",0.367014036543482
"IND","ARE",2.91091134952048
"IND","UGA",0.0215921863651307
"IND","GBR",1.00648824123637
"IND","UKR",0.166866301814688
"IND","USA",1.36689185840085
"IND","BFA",0.342424259333269
"IND","URY",2.67060949737813e-05
"IND","UZB",0.000143124471172513
"IND","VEN",0.338161719712391
"IND","VNM",2.41425120299778
"IND","ETH",0.577165055312928
"IND","YEM",1.96713330915166
"IND","COD",0.307626549538444
"IND","ZMB",0.00427281934791184
"IND","BEL",0.136864332479168
"IND","LUX",0.000231434121358924
"IND","SRB",0.00123992583806842
"IND","MNE",0.0061743818316484
"IND","SDN",0.218909692184361
"IND","SSD",0.0039516791792437
"IDN","AUS",0.661998255987048
"IDN","BHR",0.141143544828572
"IDN","BRN",1.58971525639112
"IDN","CAF",0.0154466259730311
"IDN","CHN",0.000429072943695309
"IDN","FRA",0.0277977971379747
"IDN","DEU",0.0110333042664508
"IDN","HKG",0
"IDN","ITA",0.258395388710167
"IDN","MYS",1.69477223425155
"IDN","MDV",0.00547068003211519
"IDN","NLD",0.0924269092820806
"IDN","PAK",0.00171629177478124
"IDN","PNG",0.000547068003211519
"IDN","PHL",83.4454931285156
"IDN","TLS",0.713038015042976
"IDN","RUS",0.00055166521332254
"IDN","SAU",1.90939375448625
"IDN","SGP",3.39943000264516
"IDN","TWN",0.0573731821855442
"IDN","TUR",0.000429072943695309
"IDN","ARE",0.00382947602248063
"IDN","USA",3.34860784486782
"IDN","BEL",2.62096142849539
"IRN","ARM",0.139904101189241
"IRN","AUS",4.11597771992049
"IRN","AUT",0.436980105474386
"IRN","BHR",0.149040504314459
"IRN","BRA",0.0281120096160565
"IRN","BDI",0.0055755485738512
"IRN","CAN",15.9092445312849
"IRN","AZE",3.31702972129722
"IRN","DNK",0.474495972751591
"IRN","BLR",0.027877742869256
"IRN","EST",0.0270414105831783
"IRN","FIN",0.137186606926356
"IRN","FRA",0.044276415145289
"IRN","GEO",0.230237358755503
"IRN","DEU",8.67255613788716
"IRN","GRC",0.056224019232113
"IRN","HUN",0.00027877742869256
"IRN","IND",0.715731764824798
"IRN","ITA",0.267064091352537
"IRN","KAZ",0.253008086544508
"IRN","KGZ",0.6969435717314
"IRN","KOR",0
"IRN","KWT",0.0213651273082029
"IRN","LBN",0.121443881541364
"IRN","MOZ",0.00421680144240847
"IRN","NLD",0.863638418084743
"IRN","NZL",0.0335938514911875
"IRN","NOR",0.525447037957804
"IRN","CZE",0.00027877742869256
"IRN","POL",0.00056224019232113
"IRN","QAT",1.15287351435448
"IRN","ROU",0.47310169516355
"IRN","SEN",0.00421680144240847
"IRN","SVN",0.000281120096160565
"IRN","SVK",0.165298616542412
"IRN","ZAF",0.0236140880774874
"IRN","ESP",0.00083633228607768
"IRN","TJK",0.367002285537617
"IRN","SWE",1.77851331636222
"IRN","CHE",1.77484001377239
"IRN","OMN",2.64552361382257
"IRN","TUR",45.1007998272798
"IRN","ARE",7.60417873465783
"IRN","GBR",1.32595681489307
"IRN","BEL",0.30763089256224
"IRL","BHR",0.0430836915232149
"IRL","BRN",0
"IRL","CYP",0
"IRL","DEU",3.30236954187879
"IRL","ITA",0.869623979361413
"IRL","MLT",0.756793020013888
"IRL","NZL",0
"IRL","PHL",0.0210984720731145
"IRL","POL",13.2094781675151
"IRL","PRT",1.24646103708469
"IRL","SVK",0.00183464974548821
"IRL","ESP",0.588494483361103
"IRL","ARE",1.56128693341047
"IRL","GBR",78.3994760240327
"ISR","AUS",0.288352614053757
"ISR","AUT",0.796402457862758
"ISR","CAN",0.961175380179191
"ISR","FRA",7.14359273626034
"ISR","DEU",0.308949229343311
"ISR","PAN",2.22443445127184
"ISR","SVN",0.624763997116474
"ISR","SGP",0.288352614053757
"ISR","ZAF",0.871923380591123
"ISR","ESP",29.2609247880265
"ISR","THA",1.86742645291957
"ISR","GBR",2.62263568020322
"ISR","USA",49.8712711544403
"ISR","ETH",2.56084583433456
"ISR","BEL",0.308949229343311
"ITA","ARM",0.00575177466293472
"ITA","AFG",0.0010683556776253
"ITA","ALB",0.444686723235522
"ITA","DZA",0.00320638112350028
"ITA","ATG",0.00012746679056538
"ITA","ARG",0.0106662764845423
"ITA","AUS",0.697449700423678
"ITA","AUT",3.59218759619332
"ITA","BHR",0.00507317826450212
"ITA","BRA",0.778680287200219
"ITA","BLZ",0.00012746679056538
"ITA","BGR",0.234596595994591
"ITA","MMR",0.00630763499704973
"ITA","CAN",0.259529361222178
"ITA","CPV",0.000331150837345111
"ITA","LKA",0.000157690874926243
"ITA","CHL",0.0282491101845865
"ITA","CHN",0.00969968617502046
"ITA","COL",0.0323623288218423
"ITA","CRI",0.00493309620394264
"ITA","CUB",0.000668872127812148
"ITA","CYP",0.036207316010899
"ITA","AZE",0.000421823090427701
"ITA","DNK",1.24677358898704
"ITA","DOM",0.0145036182213412
"ITA","BLR",0.0010697299974033
"ITA","ECU",0.0101152125812063
"ITA","EGY",0.00718054707118571
"ITA","EST",0.0436795619986843
"ITA","FIN",1.36915111645365
"ITA","FRA",20.6609993480971
"ITA","PYF",0.000545347609119925
"ITA","GEO",0.00732342704969961
"ITA","DEU",19.9703547900804
"ITA","BIH",0.38758313416796
"ITA","GHA",2.62818124877072e-05
"ITA","GRC",0.503835550174996
"ITA","GTM",0.00203224115061196
"ITA","HKG",0.0391599006066837
"ITA","HUN",2.01410552826464
"ITA","HRV",0.739125058855322
"ITA","ISL",0.000925119799567294
"ITA","IND",0.0227147134878131
"ITA","IDN",0.000547318745056503
"ITA","IRQ",0.000278587212369696
"ITA","IRL",0.223754140110087
"ITA","ISR",0.352563730529744
"ITA","KAZ",0.00135265918421107
"ITA","JPN",0.00894172965363019
"ITA","JOR",2.23845416479832
"ITA","KEN",0.00137821824685537
"ITA","KHM",0.000189229049911492
"ITA","KOR",0.00441403040731043
"ITA","KWT",0.0126162391359349
"ITA","LVA",0.306427109258472
"ITA","LBN",0.490863769219627
"ITA","LBY",0.00371632494104822
"ITA","LTU",0.159285246479803
"ITA","MDG",0.000420508999803315
"ITA","MYS",0.00394490005440485
"ITA","MDV",0.000749031655899655
"ITA","MLT",0.206662057203972
"ITA","MUS",0.000859415268348026
"ITA","MEX",0.0324939678501401
"ITA","MAR",0.168441603634913
"ITA","MDA",0.0133096464307799
"ITA","NLD",4.01223019238177
"ITA","NCL",0.000609650443673182
"ITA","MKD",0.0137413288511422
"ITA","NZL",0.0466654332400352
"ITA","NIC",0.000207626318652887
"ITA","NOR",0.353152678570705
"ITA","PAN",0.00441490099234908
"ITA","CZE",4.59963485033107
"ITA","PRY",0.00120896337443453
"ITA","PER",0.00258714876902429
"ITA","PHL",0.00310848137198357
"ITA","POL",3.36765778854042
"ITA","PRT",0.456708940480585
"ITA","QAT",0.00509363427522172
"ITA","ROU",0.229006111354792
"ITA","RWA",4.7307262477873e-05
"ITA","RUS",0.121426622288791
"ITA","LCA",9.4614524955746e-05
"ITA","SAU",0.214647981216829
"ITA","SEN",4.7307262477873e-05
"ITA","SVN",1.0794157961956
"ITA","SVK",0.911459803800172
"ITA","SGP",0.0134486115143086
"ITA","ZAF",0.105100639615685
"ITA","ESP",2.13462761087314
"ITA","SWE",1.15623073732844
"ITA","CHE",3.14739321608339
"ITA","SYR",0.024146415223081
"ITA","TWN",0.0204482356834045
"ITA","THA",0.00751134200898672
"ITA","OMN",0.000574586125512499
"ITA","TUN",0.000727108243982826
"ITA","TUR",3.54645208100875
"ITA","ARE",0.137100996699663
"ITA","GBR",8.77217836981776
"ITA","UKR",0.085791908491587
"ITA","USA",1.12784887478877
"ITA","BFA",0.00321952202974413
"ITA","URY",0.00241357564880165
"ITA","VEN",0.0106982964927565
"ITA","VNM",0.0040385125852595
"ITA","YEM",0.000400797640437535
"ITA","COD",0.00011038361244837
"ITA","BEL",5.80722160897926
"ITA","LUX",0.0441758027712213
"ITA","SRB",0.879275744147408
"ITA","MNE",0.0658057819018769
"ITA","SDN",0.00065704531219268
"ITA","PSE",0.0538777155997998
"CIV","CMR",0.000663433237399927
"CIV","CAN",0.00142656729605057
"CIV","CAF",0.00468305814635243
"CIV","BEN",8.32003632090697
"CIV","FRA",0.004401238397188
"CIV","GHA",38.6659371886815
"CIV","GIN",0.0590227932626043
"CIV","ISL",6.69008306621775e-05
"CIV","LBR",1.9983928543535
"CIV","MDG",0.0520339794039159
"CIV","MLI",16.6776671919333
"CIV","MAR",0.000936611629270485
"CIV","NER",0.235643587909723
"CIV","NGA",0.0098344221073401
"CIV","GNB",0
"CIV","SEN",0.00323196054572572
"CIV","CHE",0.000390254845529369
"CIV","TGO",0.0165579555888889
"CIV","TUN",3.31716618699964e-05
"CIV","GBR",0.000807455858964337
"CIV","BFA",33.9477712518361
"CIV","ETH",2.60169897019579e-05
"CIV","COD",0.000104067958807832
"CIV","BEL",0.000331716618699964
"KAZ","AFG",0.536002613235829
"KAZ","AZE",4.85431286961969
"KAZ","BLR",1.21672323166846
"KAZ","IRN",0.0386190883455514
"KAZ","IRQ",0.390629859127417
"KAZ","KGZ",4.40608434183222
"KAZ","MNG",1.31907713271119
"KAZ","RUS",31.7496038257678
"KAZ","TJK",28.7746388287032
"KAZ","TKM",0.0411936942352548
"KAZ","TUR",0.0976574647818542
"KAZ","GBR",0.479817758327281
"KAZ","UKR",7.97905877024467
"KAZ","USA",0.0159448006134736
"KAZ","UZB",16.0753620224149
"KAZ","BEL",2.02527369837123
"JAM","BLZ",19.2118226600985
"JAM","LCA",73.5632183908046
"JAM","VCT",5.74712643678161
"JAM","USA",1.47783251231527
"JPN","AUS",1.95578323962604
"JPN","AUT",0.00198859505808443
"JPN","BHR",0.00497148764521109
"JPN","BGD",0.00461354053475589
"JPN","MMR",0.298289258712665
"JPN","CAN",0.41263347455252
"JPN","CPV",1.14741934851472
"JPN","CHN",1.56852189849108
"JPN","BEN",4.49422483127082
"JPN","EST",0.0059657851742533
"JPN","FIN",0.401696201733056
"JPN","FRA",0.286859181958218
"JPN","GMB",6.13481575419048
"JPN","DEU",0.333240070174712
"JPN","HTI",6.06521492715753
"JPN","HKG",15.8272781999425
"JPN","IND",0.00497148764521109
"JPN","IDN",0.249735788618007
"JPN","IRL",0.00584646947076824
"JPN","ISR",0.0149144629356333
"JPN","ITA",0.0208802481098866
"JPN","KHM",0.165113047672751
"JPN","KWT",0.00198859505808443
"JPN","LAO",0.00725837196200819
"JPN","MAC",0.160081902175797
"JPN","MYS",0.329112482112974
"JPN","MDV",0.00376838763507
"JPN","MRT",12.5430633288676
"JPN","MUS",0.00397719011616887
"JPN","MNG",0.459365458417504
"JPN","MOZ",0.00198859505808443
"JPN","NLD",0.225312833345819
"JPN","NZL",0.0646293393877441
"JPN","NER",2.93715490079071
"JPN","NGA",0.00445445293010913
"JPN","NOR",0.00198859505808443
"JPN","PHL",0.0845152899685885
"JPN","POL",0.0059657851742533
"JPN","PRT",0.0676122319748708
"JPN","QAT",0.0755666122072085
"JPN","RUS",0.433764385905022
"JPN","STP",4.11639177023478
"JPN","SEN",5.30756021002736
"JPN","SLE",1.07980711653985
"JPN","SVK",0.00696008270329552
"JPN","SGP",8.62447309844857
"JPN","ZAF",0.00795438023233774
"JPN","ESP",0.0198859505808443
"JPN","SWE",0.0338061159874354
"JPN","CHE",0.0833119949981476
"JPN","TWN",3.89156539068846
"JPN","THA",1.24360719014778
"JPN","TGO",4.80643425539008
"JPN","ARE",0.154141183325805
"JPN","GBR",0.778534965240056
"JPN","UKR",0.0208802481098866
"JPN","USA",4.40631221882065
"JPN","BFA",2.31373035008124
"JPN","URY",0.00226153947782151
"JPN","VNM",0.325022215022914
"JPN","COD",5.94987641378863
"JPN","BEL",0.0109372728194644
"JOR","BGR",3.63573511856217
"JOR","IND",2.01277598696718
"JOR","IRQ",32.3153037467975
"JOR","QAT",0.0253587364311716
"JOR","RUS",1.82995718944013
"JOR","SAU",32.5311306747974
"JOR","TUR",4.6783920025229
"JOR","ARE",1.16414292360774
"JOR","USA",0.7554544504263
"JOR","PSE",21.0517491704474
"KGZ","AFG",1.50388574377608
"KGZ","IRN",3.45893721068498
"KGZ","IRQ",21.3942701658283
"KGZ","KAZ",8.01839652458323
"KGZ","LTU",0.375971435944019
"KGZ","RUS",52.5608825711459
"KGZ","USA",5.16822762915719
"KGZ","UZB",7.51942871888039
"KEN","DZA",0.0478530226311898
"KEN","AUS",0.227301857498152
"KEN","BHS",0.0119632556577975
"KEN","BWA",0.109742931900862
"KEN","BDI",0.0550309760258683
"KEN","CAF",0.0215338601840354
"KEN","DNK",0.0550309760258683
"KEN","DJI",0.275154880129341
"KEN","DEU",0.193804741656319
"KEN","GHA",0.00558285264030548
"KEN","IND",0.135782951716001
"KEN","IDN",0.0118635618606491
"KEN","JPN",0.0427088226983369
"KEN","MOZ",0.00478530226311898
"KEN","PAN",0.0478530226311898
"KEN","QAT",0.135134942034537
"KEN","RWA",31.1847514482435
"KEN","SGP",0.0166089866049088
"KEN","SOM",0.00239265113155949
"KEN","ZAF",0.294036885309232
"KEN","SWE",0.200982695050997
"KEN","TZA",42.885214256758
"KEN","OMN",1.41395047870137
"KEN","ARE",0.0717795339467847
"KEN","UGA",0.200982695050997
"KEN","GBR",0.0358897669733924
"KEN","USA",1.46220892277429
"KEN","YEM",0.0957060452623796
"KEN","COD",0.122025207709534
"KEN","SSD",20.6012380042192
"KHM","AUS",2.81813477106194
"KHM","AUT",0.0677569867907422
"KHM","BRN",1.77780911827147
"KHM","BGR",0.00378832993238974
"KHM","CMR",0.0132931724198998
"KHM","CAN",0.128902693575666
"KHM","CHN",43.8662745020479
"KHM","COG",0.0519403227587362
"KHM","CYP",0.0390360340033245
"KHM","DNK",0.537578964558218
"KHM","FIN",0.141075860425079
"KHM","FRA",11.9782083740096
"KHM","PYF",0.0212517577921488
"KHM","GAB",7.08563432089994
"KHM","DEU",1.60440488720907
"KHM","GHA",0.331470364669968
"KHM","GRC",0.0912461786286738
"KHM","HKG",2.75830043205099
"KHM","HUN",0.252997042941909
"KHM","HRV",0.00773128557630559
"KHM","IND",0.000120264442298087
"KHM","IDN",0.0773128557630559
"KHM","IRL",0.0389656793045802
"KHM","ITA",1.01459142447594
"KHM","CIV",0.490936634095405
"KHM","KEN",0.0154625711526112
"KHM","KOR",0.00309251423052223
"KHM","LVA",0.0231616430390155
"KHM","LBN",0.0231938567289168
"KHM","LTU",0.0877951904569302
"KHM","MAC",0.0991885283012125
"KHM","MYS",6.82465317934338
"KHM","MLT",0.103576805994324
"KHM","MUS",0.00332136028358088
"KHM","NAM",0.0154625711526112
"KHM","NLD",4.16926287808873
"KHM","NZL",0.748727202949383
"KHM","NGA",0.00552013790148219
"KHM","NOR",0.00726740844172725
"KHM","CZE",0.883041152154665
"KHM","PHL",0.0309251423052223
"KHM","POL",1.36779971594604
"KHM","PRT",0.861924691860101
"KHM","QAT",0.0371101707662668
"KHM","ROU",0.100506712491973
"KHM","RUS",0.456241201524137
"KHM","SAU",0.733255998527878
"KHM","SEN",0.0970276339826351
"KHM","SVN",0.0612580681352997
"KHM","SVK",0.0328896619701616
"KHM","SGP",1.3116620395915
"KHM","ESP",1.9918513057086
"KHM","SWE",0.579370171031419
"KHM","TWN",0.0556652561494002
"KHM","THA",4.63877134578335e-05
"KHM","TGO",0.144729665988441
"KHM","TUR",0.27272109870418
"KHM","ARE",0.00726740844172725
"KHM","GBR",1.88240374801191
"KHM","UKR",0.00579846418222919
"KHM","USA",0.290475222901608
"KHM","VNM",0.00618502846104447
"KHM","BEL",1.45765245920435
"KHM","SRB",0.00374348847604716
"KOR","DZA",0.00959791723813713
"KOR","AUS",0.664522907353875
"KOR","AUT",0.0223600531204192
"KOR","BGD",0.00272722473865312
"KOR","BRN",0.000207332874868366
"KOR","MMR",0.95692096093092
"KOR","BDI",9.5692096093092e-05
"KOR","CAN",0.115576116227102
"KOR","CHL",1.58157769931638e-05
"KOR","CHN",0.00857959384887981
"KOR","COL",0.000255178922914912
"KOR","DOM",0.000175435509504002
"KOR","FRA",0.0322550145735119
"KOR","DJI",0.0505732727851992
"KOR","DEU",0.0365921259232423
"KOR","GHA",0.000350871019008004
"KOR","GIN",0.00100343795208728
"KOR","HTI",0.000590101259240734
"KOR","HKG",0.179651942488104
"KOR","HUN",0.000366819701690186
"KOR","IND",4.7846048046546e-05
"KOR","IRQ",0.0588345796598286
"KOR","ITA",1.5948682682182e-05
"KOR","CIV",0.000111640778775274
"KOR","JPN",1.58822298376729e-05
"KOR","JOR",0.00247204581573821
"KOR","KEN",15.5499656151275
"KOR","KHM",0.272826140302747
"KOR","KWT",0.000253052431890621
"KOR","LAO",1.61085682260709
"KOR","LBY",0.00288671156547494
"KOR","MYS",0.026697098017305
"KOR","MEX",3.1897365364364e-05
"KOR","MNG",0.0672474433218351
"KOR","MAR",0.000909074912884374
"KOR","NLD",0.0441666869517666
"KOR","NZL",0.035379959586552
"KOR","NGA",0.000358180831904004
"KOR","PAK",0.00031897365364364
"KOR","PHL",1.88643597135216
"KOR","POL",0.00117036749749412
"KOR","QAT",0.000632631079726553
"KOR","RUS",0.116337665825177
"KOR","SAU",0.00171448338833457
"KOR","SEN",0.00379552066698128
"KOR","SYC",0.00031897365364364
"KOR","SVK",0.000508231354805533
"KOR","SGP",0.236230160114523
"KOR","SOM",25.5178922914912
"KOR","ZAF",0.00216902084477675
"KOR","ESP",0.000526306528512006
"KOR","CHE",0.00291063458949822
"KOR","SYR",1.88513429303391
"KOR","TWN",0
"KOR","THA",0.00082089198822081
"KOR","TGO",3.1897365364364e-05
"KOR","TUN",2.3923024023273e-05
"KOR","TUR",1.45074002281932
"KOR","ARE",0.0871769172014897
"KOR","UGA",7.57562427403645
"KOR","GBR",0.0986294447260829
"KOR","USA",0.889557978263432
"KOR","VNM",0.111254355484454
"KOR","ETH",10.9100951058137
"KOR","YEM",29.4639153607167
"KOR","BEL",0.000476068178063133
"KWT","BHR",0.378450562424842
"KWT","CAN",0.00384758071798589
"KWT","EGY",0
"KWT","GEO",0
"KWT","HRV",1.51380224969937
"KWT","IND",30.7036941295274
"KWT","IRN",0.151064849501249
"KWT","IRQ",0.0908281349819621
"KWT","IRL",0.378450562424842
"KWT","JOR",3.26463018914854
"KWT","LBN",0.910173602631745
"KWT","QAT",0.0113535168727453
"KWT","SAU",8.82420561387257
"KWT","CHE",0.0112589042321391
"KWT","SYR",4.50356169285562
"KWT","OMN",0.910142065084876
"KWT","ARE",46.129339053964
"KWT","GBR",2.21141278643583
"KWT","ETH",0.00378450562424842
"LVA","EST",53.5371319951791
"LVA","FIN",0.00596167763236996
"LVA","DEU",0.0645848410173412
"LVA","GRC",0.0149041940809249
"LVA","IRL",1.01098046488652
"LVA","LTU",40.0382536841356
"LVA","MNG",0.223562911213874
"LVA","NLD",0.072467503664586
"LVA","NOR",0.0148151829218305
"LVA","CZE",0.172888651338729
"LVA","PNG",0.384528207287862
"LVA","POL",0.202697039500579
"LVA","PRT",0.000496806469364163
"LVA","RUS",0.123127273351041
"LVA","SVN",0.180340748379191
"LVA","SVK",0.463520435916765
"LVA","SGP",0.00794890350982661
"LVA","ESP",0.108303810321388
"LVA","SWE",0.00124201617341041
"LVA","CHE",0.000993612938728327
"LVA","GBR",3.35745538044822
"LVA","USA",0.0137946596326783
"LBN","ARM",0.00313577139764064
"LBN","DZA",0.0121154803999752
"LBN","BHR",0.00133270284399727
"LBN","BGD",0.04157272686266
"LBN","BRA",0.00363464411999256
"LBN","CMR",0.00406224931057992
"LBN","CAN",0.13847281421854
"LBN","CAF",0.0178525167070223
"LBN","CHL",0.00174605452823172
"LBN","COL",0.00627154279528128
"LBN","COG",0.0325915331200804
"LBN","CYP",0.0688582932601859
"LBN","BEN",0.0166785820865672
"LBN","DNK",0.00586175448763506
"LBN","FRA",0.0361326386046319
"LBN","GAB",0.00527112481813627
"LBN","GMB",0.000424041813999132
"LBN","DEU",0.0697716559676268
"LBN","GHA",0.0124896349417391
"LBN","GRC",0.00880154017292316
"LBN","GIN",0.0091163051048833
"LBN","IND",0.157572512731442
"LBN","IRQ",0.00185691513319881
"LBN","CIV",0.0653641055673793
"LBN","JOR",2.33080462635994
"LBN","KEN",0.030288700999938
"LBN","KWT",1.47523790752639
"LBN","LBR",0.0133745401278158
"LBN","MYS",0.00673478175175092
"LBN","MLI",0.00655661292233952
"LBN","MAR",0.00526518585715589
"LBN","NER",0.00851647004586492
"LBN","NGA",0.0483879815356951
"LBN","PAN",0.00277943373881784
"LBN","PRY",0.00295760256822924
"LBN","QAT",0.364866848143431
"LBN","ROU",0.000890844147057
"LBN","SAU",1.47941715436829
"LBN","SEN",0.0545520291372315
"LBN","SLE",0.0120399071214999
"LBN","ZAF",0.00021380259529368
"LBN","SWE",0.301264188911491
"LBN","SYR",34.8188216565523
"LBN","THA",0.188288818921968
"LBN","TGO",0.00354555970528686
"LBN","TUR",56.9884225508616
"LBN","ARE",0.00010690129764684
"LBN","UGA",0.00128281557176208
"LBN","GBR",0.00787506225998388
"LBN","USA",0.711873557913249
"LBN","BFA",0.0016035194647026
"LBN","URY",0.00032070389294052
"LBN","VEN",0.0167230748025785
"LBN","VNM",0.370591165175712
"LBN","ZMB",0.0177456154093754
"LBN","BEL",0.00092647791293928
"LBY","SWE",NA
"LTU","AUT",0.136926866877353
"LTU","BRA",0.195896704212533
"LTU","BGR",0.136014021098171
"LTU","CYP",0.00657248961011296
"LTU","AZE",0.00173440698044647
"LTU","DNK",2.13824995315675
"LTU","BLR",0.0415786038321243
"LTU","GNQ",0.00365138311672942
"LTU","EST",8.65573946401674
"LTU","FIN",0.229580713464362
"LTU","DEU",2.65004150348423
"LTU","GRC",0.00905238731022502
"LTU","GIN",0.00730276623345884
"LTU","HKG",0.00210106670175139
"LTU","HUN",1.7022672019711
"LTU","HRV",0.0296013065044358
"LTU","ISL",0.00346881396089295
"LTU","IRL",0.227701011864063
"LTU","ITA",1.09541493501883
"LTU","KAZ",0.0102371850611221
"LTU","LVA",11.6551841000553
"LTU","MAR",0.41333656881377
"LTU","NLD",0.626166562230136
"LTU","NOR",0.00150619553565089
"LTU","CZE",3.7764049532366
"LTU","POL",65.1597993018791
"LTU","RUS",0.426280341610168
"LTU","SVK",0.219082987003765
"LTU","ESP",0.0501148529247033
"LTU","SWE",0.00187209455213981
"LTU","GBR",0.172629406358399
"LTU","UKR",0.0776672010072827
"LTU","USA",0.0304890490246907
"LTU","UZB",0.0178917772719742
"LTU","BEL",0.0884418240208985
"MDG","COM",51.3207629937782
"MDG","FRA",47.6702954444095
"MDG","MUS",0
"MDG","BEL",1.00894156181229
"MWI","BWA",0.460456416790879
"MWI","GMB",0.0114257175382352
"MWI","ZWE",14.4506159540849
"MWI","RWA",0.00228514350764704
"MWI","ZAF",50.4159310303065
"MWI","SWE",0.00177733383928103
"MWI","TZA",0.319920091070586
"MWI","ARE",0.00914057403058817
"MWI","GBR",14.4297925838714
"MWI","USA",5.09872645143746
"MWI","ETH",0.00679830193524995
"MWI","ZMB",14.7931304015873
"MYS","AUS",0.00270827424984679
"MYS","BRN",0.00938295226878138
"MYS","CAN",0.000154758528562674
"MYS","LKA",0.00348206689266016
"MYS","HKG",0
"MYS","IDN",99.6454092706646
"MYS","JPN",0.000270827424984679
"MYS","PNG",0.000838275363047817
"MYS","POL",0.0319854711890934
"MYS","SGP",0.0884097500521085
"MYS","THA",0.13988881327661
"MYS","GBR",0.00117358550826694
"MYS","USA",0.0111684071446063
"MYS","VNM",0.0619034114250696
"MYS","BEL",0.00322413601172237
"MDV","LKA",100
"MDV","THA",0
"MLI","CAN",0
"MLI","FRA",63.8297872340426
"MLI","KEN",36.1702127659575
"MLI","TUR",0
"MLT","GMB",50.3442999234889
"MLT","GHA",4.5141545524101
"MLT","GTM",10.7115531752104
"MLT","LBY",34.4299923488906
"MUS","FRA",6.42787578109114
"MUS","JPN",0.01661178263971
"MUS","MDG",13.4141308105759
"MUS","MYS",2.56296075012668
"MUS","ZAF",0.117259642162659
"MUS","ESP",0.0912019439042901
"MUS","TWN",2.84773416680742
"MUS","TUR",36.6306093267016
"MUS","ARE",29.0133857465321
"MUS","YEM",8.87823004945844
"MEX","CUB",1.89975604271873
"MEX","NLD",20.1705165030423
"MEX","PAN",3.6522585913369
"MEX","USA",74.2774688629021
"MAR","COG",0.00461157623271339
"MAR","CYP",0.00469504367583942
"MAR","DNK",0.00514107282504417
"MAR","FRA",0
"MAR","IND",1.17376091895986
"MAR","LBN",0.00563405241100731
"MAR","MLI",0.345868217453504
"MAR","PAK",0.000939008735167884
"MAR","POL",0
"MAR","RWA",0
"MAR","ESP",50.7234794947815
"MAR","GBR",46.6560105694823
"MAR","BEL",1.07986004544307
"MDA","CMR",0.0830902624470256
"MDA","ROU",87.4012216702186
"MDA","USA",12.5156880673344
"NAM","BWA",0.0583531004461095
"NAM","DNK",0.116706200892219
"NAM","JPN",0.0150050829718567
"NAM","LBR",0.00750254148592836
"NAM","LTU",0.0150050829718567
"NAM","VCT",0.0675228733733552
"NAM","ZAF",0
"NAM","ESP",0.0600203318874269
"NAM","COD",17.4434089547834
"NAM","ZMB",82.1414504163285
"NPL","CAN",82.4985268120212
"NPL","IND",0
"NPL","KOR",17.5014731879788
"NLD","AFG",0.00427244255455194
"NLD","ALB",0.000452379492099204
"NLD","AUS",0.00143664262028841
"NLD","AUT",1.46045593192569
"NLD","BHR",0.000250378722120282
"NLD","BGR",0.058105992586298
"NLD","BDI",2.19069971960874e-05
"NLD","CAN",0.000162476895870981
"NLD","CAF",0.000712585936572731
"NLD","CHL",0.00519682655707184
"NLD","CHN",0.000788804030984118
"NLD","COG",0.000230023470558917
"NLD","CYP",0.1251403745803
"NLD","DNK",1.12708168884713
"NLD","EGY",0.00252782406534853
"NLD","GNQ",9.12791549836974e-05
"NLD","EST",0.017877965721492
"NLD","FIN",0.875859217715624
"NLD","FRA",12.4092818638177
"NLD","GEO",2.89659185148266e-05
"NLD","GMB",0.000109534985980437
"NLD","DEU",46.1010907058147
"NLD","GHA",0.0140862904762392
"NLD","GRC",0.31324321876142
"NLD","GRD",0.000328604957941311
"NLD","GIN",5.47674929902184e-05
"NLD","GUY",0.00132172216416394
"NLD","HKG",0.00149965566361216
"NLD","HUN",0.408130329406709
"NLD","HRV",0.0335147999902467
"NLD","ISL",0.0305924522038661
"NLD","IND",0.0708362754335485
"NLD","IRQ",0.00135093149375872
"NLD","IRL",1.96550294877556
"NLD","ISR",0.0165908687834518
"NLD","ITA",2.23913217554775
"NLD","JOR",0.00149323569637831
"NLD","KEN",3.6511661993479e-05
"NLD","KHM",0.000742403793867405
"NLD","LVA",0.0183442703557904
"NLD","LBN",0.000533678792804684
"NLD","LBY",0.000246453718455983
"NLD","LTU",0.0278292191978147
"NLD","MYS",0.00223834743851023
"NLD","MLI",0.0124157906608825
"NLD","MLT",0.0466487953267976
"NLD","MUS",3.6511661993479e-06
"NLD","MOZ",0.000423535279124356
"NLD","MKD",5.11163267908705e-05
"NLD","NZL",0.0122496625988122
"NLD","NGA",0.016483494070806
"NLD","NOR",0.178889232769413
"NLD","PAK",0.00791131649436203
"NLD","PAN",0.000419884112925008
"NLD","CZE",0.43110696616728
"NLD","POL",5.01836240625612
"NLD","PRT",0.160905423796654
"NLD","ERI",5.47674929902184e-05
"NLD","QAT",0.00167509927055499
"NLD","ZWE",2.22721138160222e-05
"NLD","ROU",0.380225596992402
"NLD","RUS",0.0103899410951743
"NLD","SAU",0.000794752389250556
"NLD","SEN",0.000708326242673492
"NLD","SVN",0.0597394685621804
"NLD","SVK",0.162225786915621
"NLD","SGP",0.000496558603111314
"NLD","SOM",0.00241342085776896
"NLD","ZAF",0.0862592172868556
"NLD","ESP",1.19643533217947
"NLD","SUR",0.0074829637042802
"NLD","SWE",3.17558042734737
"NLD","CHE",0.320230491014561
"NLD","TZA",4.01628281928269e-05
"NLD","THA",0.00655913751881853
"NLD","TGO",8.03256563856537e-05
"NLD","OMN",6.55080068933002e-05
"NLD","TUN",0.00125280640215125
"NLD","TUR",0.000527593515805771
"NLD","ARE",0.00350528689649145
"NLD","GBR",11.0045028746008
"NLD","UKR",0.00038678020605092
"NLD","USA",0.529551834009984
"NLD","COD",8.76279887843495e-05
"NLD","BEL",9.60690693114015
"NLD","LUX",0.214759638414875
"NLD","SRB",0.000478698315119504
"NLD","SDN",0.00186412318733373
"MKD","ALB",6.94448019244288
"MKD","AUS",0.103736886911307
"MKD","AUT",0.089369541524476
"MKD","BGR",5.35858652500743
"MKD","CAN",0.236417645973177
"MKD","FIN",0.549677430399175
"MKD","DEU",0.697084131493989
"MKD","BIH",0.672173404360277
"MKD","GRC",1.22947421524513
"MKD","HRV",0.21579833882167
"MKD","CZE",0.00563509015320682
"MKD","SVN",0.095796532604516
"MKD","SWE",0.793523149756125
"MKD","CHE",0.782053749090759
"MKD","TUR",7.27438910686699
"MKD","USA",0.758683777983154
"MKD","SRB",70.8299134875986
"MKD","MNE",3.36320679376714
"VUT","CPV",97.4846849770782
"VUT","KIR",2.51531502292182
"NZL","AUS",23.5952490343405
"NZL","BHR",0.0490217038146784
"NZL","SLB",3.17660640719116
"NZL","COK",6.64205958697036
"NZL","FJI",2.8777918881608
"NZL","PYF",5.26629270369131
"NZL","KIR",0.0392173630517427
"NZL","IND",10.2814853467319
"NZL","MAC",0.134496491271549
"NZL","NCL",0.503248641077519
"NZL","VUT",1.51803876146121
"NZL","SGP",3.7289176035032
"NZL","TON",9.78561719550645
"NZL","TUR",8.5199721229911
"NZL","TUV",1.61935028267821
"NZL","GBR",11.388477121707
"NZL","VNM",5.8826044577614
"NIC","BRA",0.000703689673166884
"NIC","CRI",0
"NIC","CUB",7.85986180443752
"NIC","SLV",68.2103894707813
"NIC","GTM",16.9123891550104
"NIC","HND",6.82314121997672
"NIC","USA",0.193514660120893
"NER","BEN",11.7406886137654
"NER","NGA",10.924988250317
"NER","TGO",67.0184181823019
"NER","ARE",0.0729683816347704
"NER","GBR",10.2429365719809
"NGA","BHS",0.0483569711611113
"NGA","BWA",0.072535456741667
"NGA","CAN",64.5521237777272
"NGA","CYP",0.0319693309342903
"NGA","BEN",2.13039322948674
"NGA","EGY",0.0479539964014354
"NGA","GEO",0.0161189903870371
"NGA","GMB",1.74085096180001
"NGA","IRL",1.35399519251112
"NGA","CIV",0
"NGA","LTU",0.0159846654671451
"NGA","NLD",0.0644759615481484
"NGA","NOR",1.46561920094135
"NGA","CZE",0.0322379807740742
"NGA","ZAF",1.72466480895302
"NGA","ESP",0.143861989204306
"NGA","THA",0
"NGA","ARE",5.18306135895178
"NGA","GBR",4.82562274711923
"NGA","UKR",0.127877323737161
"NGA","USA",16.3983190579525
"NGA","BEL",0.0239769982007177
"NOR","BHR",0.0194631334076923
"NOR","DNK",0.0778525336307691
"NOR","FIN",5.89593919871593
"NOR","FRA",45.543732174
"NOR","GEO",2.28830839921868
"NOR","GMB",0.031917221748924
"NOR","DEU",4.5467269864184
"NOR","GHA",0.135670397396636
"NOR","IRQ",6.67307431120878
"NOR","ITA",1.14832487105384
"NOR","NLD",2.8716231415266
"NOR","NGA",0.0278044762967033
"NOR","PAK",3.43663327027252
"NOR","RUS",0.00834134288901098
"NOR","SWE",27.0512993746194
"NOR","TGO",0.0278044762967033
"NOR","GBR",0.21548469129945
"PAK","AFG",8.56242916732423
"PAK","ALB",0.0918630925110178
"PAK","DZA",0.136798158826252
"PAK","ARG",0.0027216835384763
"PAK","AUS",0.4419002217481
"PAK","AUT",0.0224701992197805
"PAK","BHR",0.337378979740814
"PAK","BGD",0.0264724290082283
"PAK","BRA",0.00481773115599984
"PAK","BRN",0.000426569946104152
"PAK","BGR",0.0220185369239055
"PAK","CMR",0.123755469069746
"PAK","CAN",0.331458544363843
"PAK","CPV",0.00569596339797898
"PAK","LKA",0.288097813893813
"PAK","CHL",0.0813493979570389
"PAK","CHN",19.7875885474042
"PAK","COM",0.42000829663908
"PAK","COG",0.106642486526038
"PAK","CYP",0.0130605680557183
"PAK","AZE",0.00815501367552056
"PAK","BEN",2.14608315698601
"PAK","DNK",0.117610248059412
"PAK","BLR",0.00421551476149986
"PAK","EGY",0.0198268247228807
"PAK","GNQ",0.0033247363446353
"PAK","EST",0.00421551476149986
"PAK","FIN",0.00559559399889565
"PAK","FRA",0.705179087932125
"PAK","DJI",0.905969743621645
"PAK","GEO",0.203699277233789
"PAK","GMB",0.819215035318139
"PAK","DEU",0.355431705633925
"PAK","GHA",1.24282408414933
"PAK","GRC",0.144849562007511
"PAK","GIN",0.593659903228126
"PAK","GUY",5.00801480842865e-05
"PAK","HTI",0.474496334166442
"PAK","HKG",0.109188732719033
"PAK","HUN",0.0136971818796958
"PAK","HRV",0.0438475220555839
"PAK","IDN",2.14710218519059
"PAK","IRQ",0.353874063171415
"PAK","IRL",0.0165347084329474
"PAK","ITA",2.16049365860892
"PAK","CIV",1.62376359219523
"PAK","KAZ",3.31119233064067
"PAK","JAM",0.00144281011182287
"PAK","JPN",0.0470230634705401
"PAK","JOR",0.0600082499254885
"PAK","KGZ",0.00175785850338999
"PAK","KEN",7.3527382764298
"PAK","KOR",0.0123705284370204
"PAK","KWT",0.111446625992579
"PAK","LVA",0.0116804888183225
"PAK","LBN",0.048176370596882
"PAK","LSO",0.000125461748854162
"PAK","LBR",0.00188192623281244
"PAK","LBY",0.0160691407932411
"PAK","LTU",0.228816823905849
"PAK","MDG",1.35256547587207
"PAK","MWI",0.000627308744270812
"PAK","MYS",5.66137265285677
"PAK","MDV",0.0883101203349253
"PAK","MLT",0.00701331176094768
"PAK","MRT",0.18552028803065
"PAK","MUS",0.396607066691344
"PAK","MAR",0.172497358499588
"PAK","MOZ",4.15141269470926
"PAK","NAM",0.00812992132574973
"PAK","NLD",1.97679329779685
"PAK","NZL",0.0792013882651983
"PAK","NGA",0.00060221639449998
"PAK","NOR",0.0860968705336805
"PAK","PAN",0.000238377322822909
"PAK","CZE",0.00875377987192705
"PAK","PHL",0.615586434869538
"PAK","POL",0.364392880746805
"PAK","PRT",0.385422988192654
"PAK","GNB",1.10499180685815
"PAK","TLS",0.134294255973496
"PAK","QAT",0.206090334213548
"PAK","ZWE",0.639390710685468
"PAK","ROU",0.00996009458715982
"PAK","RUS",0.116393164544069
"PAK","SAU",3.05376960068733
"PAK","SEN",1.04409267396434
"PAK","SYC",0.00508120082859358
"PAK","SLE",0.254166265710376
"PAK","SVN",0.0108852704335019
"PAK","SGP",0.0612253334408313
"PAK","SOM",2.02930614919142
"PAK","ZAF",0.411858336283999
"PAK","ESP",0.836666450929381
"PAK","TJK",0.00835575247368722
"PAK","SWE",0.268771163343031
"PAK","CHE",0.0298849885770615
"PAK","SYR",0.0778866536886641
"PAK","TKM",0.000713354593693292
"PAK","TZA",2.02061164999583
"PAK","THA",0.0375883399567071
"PAK","TGO",0.585843636274512
"PAK","TTO",0.00534163850892335
"PAK","OMN",1.55034759367455
"PAK","TUN",0.115801194192392
"PAK","TUR",0.269306153150437
"PAK","ARE",4.91631167964742
"PAK","GBR",3.301790331733
"PAK","UKR",0.323478027070687
"PAK","USA",0.736186018198315
"PAK","UZB",0.402762638295959
"PAK","VNM",0.148044863647912
"PAK","YEM",0.756873092312506
"PAK","COD",0.0203248033143743
"PAK","ZMB",2.50923497708325e-05
"PAK","BEL",2.47986584539689
"PAK","SDN",0.00646128006598937
"PAN","BRB",0
"PAN","COL",12.0298879202989
"PAN","DOM",12.0298879202989
"PAN","HND",0.024906600249066
"PAN","JAM",1.5483603154836
"PAN","TTO",2.13366542133665
"PAN","VEN",72.2332918223329
"CZE","AUT",3.77115341498921
"CZE","BGR",0.160123773382833
"CZE","CYP",0
"CZE","DNK",0.00390348677724671
"CZE","EST",0.27787295346415
"CZE","FIN",0.000981275623374716
"CZE","FRA",0.0395552028519784
"CZE","DEU",7.50439500577016
"CZE","GRC",0.146285820257806
"CZE","HUN",6.10489954294178
"CZE","HRV",1.95335152001804
"CZE","IRL",0.000256857024653949
"CZE","ISR",0.000380125028145951
"CZE","ITA",0.192949477977824
"CZE","JPN",0.00056629281856989
"CZE","KWT",4.75156285182438e-05
"CZE","LVA",0.00261900691779451
"CZE","LBN",9.50312570364877e-05
"CZE","LTU",0.0568024023231886
"CZE","MDV",0
"CZE","MNG",0.00224336082184496
"CZE","MDA",0.00051488246640261
"CZE","NLD",0.00501796194941847
"CZE","MKD",0.0158904724880684
"CZE","NOR",5.21831685494257
"CZE","POL",4.58716987711366
"CZE","PRT",0.000233683418942183
"CZE","ROU",2.55690204395934
"CZE","SVN",0.387867738760235
"CZE","SVK",66.7485701734355
"CZE","ESP",0.0532104934378648
"CZE","SWE",0.0167572432361615
"CZE","GBR",0.0787450157136163
"CZE","BEL",0.108311485734972
"CZE","LUX",0.00382306073389411
"CZE","SRB",0.000186946735153746
"PNG","NPL",0
"PNG","SGP",100
"PNG","THA",0
"PRY","ARG",0.632074903239811
"PRY","BRA",61.4132635285866
"PRY","BGR",0.0521737156449859
"PRY","CAN",0.0099142942124398
"PRY","CHL",8.63038409424959
"PRY","CRI",1.23260725271252
"PRY","BEN",0.0997097676770842
"PRY","SLV",2.20233255138595
"PRY","FRA",0.239226781416068
"PRY","GMB",1.2118794728427
"PRY","DEU",0.258832643898872
"PRY","GRC",0.138928620903431
"PRY","GTM",2.41167575647623
"PRY","HTI",0.122898085741522
"PRY","HND",0.0859900128222916
"PRY","ISR",0.711068163146132
"PRY","ITA",0.0842455213012401
"PRY","LTU",0.205991169105625
"PRY","MEX",7.34434186746847
"PRY","NLD",1.50935440746871
"PRY","PAN",1.10926758696342
"PRY","PER",0.766525280217047
"PRY","POL",1.59220064796642
"PRY","PRT",1.40732648967879
"PRY","RUS",0.0322059973117197
"PRY","SEN",0.394850035881307
"PRY","SLE",2.03245607834801
"PRY","ZAF",0.0399998486611559
"PRY","ESP",1.35076424528079
"PRY","CHE",0.00721414339782521
"PRY","TGO",0.0197100703547725
"PRY","TTO",0.00322059973117197
"PRY","TUR",0.346178717076305
"PRY","GBR",0.626259294539915
"PRY","USA",0.0703002171119411
"PRY","URY",0.269188353510466
"PRY","VEN",0.103175132987825
"PRY","BEL",1.03905443160832
"PER","CAN",0.0220218392184466
"PER","CHL",0.651389237155082
"PER","COL",97.4019921149019
"PER","CRI",0.00170778681459443
"PER","ECU",1.9158784852803
"PER","ITA",0
"PER","NLD",0.00163603106608206
"PER","CZE",0.000215267245537113
"PER","USA",0.00511618486893204
"PER","VEN",4.30534491074225e-05
"PHL","AFG",0.264052403604066
"PHL","AUS",0.123029658056641
"PHL","BHR",2.82616700221541
"PHL","BGD",3.13828152759482
"PHL","BRN",0.115999391881976
"PHL","MMR",1.02524715047201
"PHL","CAN",2.59592578499513
"PHL","HKG",1.30367498376448
"PHL","IDN",0.0307574145141603
"PHL","ISR",0.822541142435829
"PHL","JOR",2.65098155697547
"PHL","KWT",7.85147815740239
"PHL","PNG",0.0263634981549945
"PHL","QAT",18.3571234611406
"PHL","SAU",15.0457582449644
"PHL","SGP",4.96732244403688
"PHL","ARE",33.1695647474333
"PHL","USA",5.66625173449848
"PHL","VNM",0.0194796958589682
"POL","ARM",0.000872759412406309
"POL","AUS",0.000169742511326997
"POL","AUT",2.23261877216772
"POL","BGR",0.202203139650848
"POL","CAN",0.0257710557450122
"POL","CHL",0.00407382027184793
"POL","CYP",0.000921762458831067
"POL","AZE",0.000493061580521277
"POL","DNK",15.1558482751093
"POL","BLR",0.000572274752473875
"POL","EST",0.095362824742574
"POL","FIN",9.20598772878712
"POL","FRA",0.0902212769237817
"POL","GEO",9.86123161042553e-05
"POL","GMB",0.000120234278856623
"POL","DEU",9.13521678820095
"POL","GRC",0.0768058594080289
"POL","HKG",2.17566790311984e-05
"POL","HUN",7.47734514901435
"POL","HRV",0.553557744200079
"POL","ISL",0.121318408110515
"POL","IRQ",0.00378283310957307
"POL","IRL",0.164093015778873
"POL","ITA",0.694962416842428
"POL","LVA",1.49041980978577
"POL","LBY",0.000501548706087627
"POL","LTU",2.44817704379954
"POL","MLT",0.000239458185622014
"POL","MNG",0.000145493581137426
"POL","MAR",0.00295836948312766
"POL","MDA",0.00560534228773758
"POL","NLD",1.69178966189391
"POL","NGA",0.00751110612621961
"POL","NOR",5.01707081912927
"POL","CZE",15.5633271296195
"POL","PRT",0.0235841053535403
"POL","QAT",0.00163956447151208
"POL","ROU",1.66578921800512
"POL","RUS",0.0207030293353919
"POL","SLE",1.8860279036333e-05
"POL","SVN",0.481038960933288
"POL","SVK",6.08576667300684
"POL","ESP",0.151883881502842
"POL","SWE",17.573316608433
"POL","CHE",0.00488868536342663
"POL","TGO",4.8497860379142e-05
"POL","ARE",0.00421931385298535
"POL","GBR",1.51823569024809
"POL","UKR",0.143223275048427
"POL","USA",0.183704843255734
"POL","BEL",0.372916652236589
"POL","LUX",0.00717697607564915
"POL","SRB",0.288170244884497
"POL","MNE",0.00348982520311576
"PRT","ALB",0.553781374481774
"PRT","AUS",0.000487296731335243
"PRT","AUT",0.259796703883256
"PRT","BHR",0.132771472768461
"PRT","BRA",0.00935509209161329
"PRT","BGR",0.0456373491895923
"PRT","CAN",0.172589887854696
"PRT","CPV",0.0887720758509699
"PRT","CAF",0
"PRT","COG",0.00656805231278262
"PRT","CUB",0.174071076929151
"PRT","CYP",0.00414443457640568
"PRT","BEN",0.00228691733319708
"PRT","DNK",9.64944022446026e-06
"PRT","BLR",0.0590690483340335
"PRT","GNQ",0.224961098904928
"PRT","EST",0.193289545376201
"PRT","FIN",0.00143776659344458
"PRT","FRA",10.0464523703954
"PRT","DEU",1.16769295428027
"PRT","GHA",0.144741603366904
"PRT","GRC",0.147252066065301
"PRT","GIN",0.000289483206733808
"PRT","HKG",0.00275009046397117
"PRT","HUN",0.0403443095784684
"PRT","ISL",9.56902822258976e-06
"PRT","IRQ",0.0482568505625258
"PRT","IRL",0.0308209151669401
"PRT","ISR",4.18764798621089
"PRT","ITA",0.354241243376176
"PRT","JOR",21.2534565866269
"PRT","KWT",0.156547693481531
"PRT","LVA",0.179450639854287
"PRT","LBN",0.50206648619081
"PRT","LBY",0.567459455999947
"PRT","LTU",0.0484208910463416
"PRT","MAC",0.0128498378989062
"PRT","MLI",9.56902822258976e-06
"PRT","MLT",0.000636863054814377
"PRT","MRT",7.71955217956821e-05
"PRT","MEX",0.00151496211524026
"PRT","MAR",0.430864352336542
"PRT","MOZ",0.031259576039144
"PRT","NLD",5.35183594215362
"PRT","NOR",0.0363253177249807
"PRT","CZE",0.0558545785592602
"PRT","POL",1.82415084591645
"PRT","GNB",0.047350299055438
"PRT","QAT",0.14235766895345
"PRT","ROU",0.16394398941358
"PRT","RUS",0.130050893509176
"PRT","STP",1.64505740957647
"PRT","SAU",2.08409092439904
"PRT","SEN",0.000115793282693523
"PRT","SGP",0.00242200949633953
"PRT","ZAF",0.134416702326731
"PRT","ESP",26.9304955240612
"PRT","SWE",0.291214316310076
"PRT","CHE",0.5748473488778
"PRT","SYR",3.04810860058352
"PRT","TGO",4.82472011223013e-05
"PRT","TUN",0.036087298199444
"PRT","TUR",0.217112405050356
"PRT","ARE",0.0364647521362241
"PRT","UGA",0
"PRT","GBR",10.4408611241619
"PRT","USA",0.187835882791341
"PRT","VEN",0.012389881248207
"PRT","ETH",0.00434030481096191
"PRT","COD",8.68449620201424e-05
"PRT","BEL",3.24469946069651
"PRT","LUX",0.96627258954093
"PRT","SDN",0.0692829808116247
"PRT","PSE",0.574180291116283
"ROU","ARM",0.0280190042301278
"ROU","ALB",0.527441076653448
"ROU","AUT",0.12246946686721
"ROU","BGR",0.884938993775143
"ROU","CYP",0.0312469459356328
"ROU","DNK",0.105539523279077
"ROU","EST",0.00024808493328759
"ROU","FIN",0.0929491550050837
"ROU","FRA",0.156094993696833
"ROU","DEU",1.08340960424904
"ROU","GRC",0.44048788663263
"ROU","HUN",0.0543276469979193
"ROU","HRV",0.164553276926521
"ROU","IRL",0.162420059212349
"ROU","ISR",0.269349356140812
"ROU","ITA",25.9235766730516
"ROU","LVA",0.448637627256213
"ROU","LBN",0.23201153130736
"ROU","LTU",1.46716178697878
"ROU","MDA",3.52623094510313
"ROU","NLD",0.632711435887259
"ROU","NOR",0.0326645162161994
"ROU","CZE",2.41588860580665
"ROU","POL",1.88503080199426
"ROU","SAU",4.154171784164
"ROU","SVK",33.2356014783854
"ROU","ESP",0.865382500179029
"ROU","SWE",0.575837443744244
"ROU","CHE",0.00198467946630072
"ROU","TUR",16.7892719027043
"ROU","GBR",2.19001393365785
"ROU","BEL",0.174199692410239
"ROU","LUX",0.000478449514197495
"ROU","SRB",1.32564913763792
"RWA","GHA",0.000159672393932432
"RWA","KEN",8.0507089377697e-05
"RWA","VCT",0.012478598853543
"RWA","SAU",0.0342155129855213
"RWA","TZA",0.00576430759944311
"RWA","ARE",0.000402535446888485
"RWA","COD",99.6803559941196
"RWA","SSD",0.266542871511679
"RUS","ARM",1.65885894038665
"RUS","ALB",2.58166015486752
"RUS","AUS",0.000411996864388298
"RUS","BHS",0.000108064751314963
"RUS","BGR",0.00337026943163542
"RUS","CAN",0.0159262678599413
"RUS","CHN",0.23878493066014
"RUS","CYP",4.39013052217039e-05
"RUS","AZE",6.80110479439422
"RUS","BLR",7.28110484623528
"RUS","EGY",0.00236391643501482
"RUS","EST",0.0161576783938119
"RUS","GEO",1.22743473533071
"RUS","DEU",0.038343118562013
"RUS","GRC",0.000256259798300536
"RUS","HKG",0.00412683525828945
"RUS","HRV",1.35080939143704e-05
"RUS","IND",0.000817239681819411
"RUS","IDN",0.0539648351879098
"RUS","IRQ",0.121729689208673
"RUS","IRL",0.337702347859261
"RUS","ISR",1.90434460793612
"RUS","ITA",6.17995296582447e-05
"RUS","KAZ",6.239464487031
"RUS","JPN",0.0438045253571799
"RUS","JOR",5.58840389055254
"RUS","KGZ",1.00975681115212
"RUS","KOR",0.0804284294081036
"RUS","KWT",0.000219731661007092
"RUS","LVA",0.00566999427869466
"RUS","LBN",0.287046995680372
"RUS","LBR",0.000952320620963115
"RUS","MYS",0.0020566072984629
"RUS","MLT",0.00033646410591711
"RUS","MNG",9.15470861581943
"RUS","MDA",2.17871951062549
"RUS","NLD",0.000393986072502471
"RUS","NZL",0.000142172688448749
"RUS","NOR",6.75404695718521e-06
"RUS","PAN",4.71939031133317e-05
"RUS","PER",0.00116169607663586
"RUS","ROU",2.72413227273137e-05
"RUS","KNA",6.75404695718521e-06
"RUS","SAU",0.0759830282683336
"RUS","SGP",0.00090295979445102
"RUS","ESP",6.75404695718521e-06
"RUS","TJK",1.53582978192404
"RUS","CHE",0
"RUS","TKM",0.264965849253934
"RUS","TUR",32.233933111874
"RUS","ARE",0.342688804444026
"RUS","GBR",4.07405474523548
"RUS","UKR",5.72076510631528
"RUS","USA",0.19180705386261
"RUS","UZB",1.163978409812
"RUS","VNM",0.00108076008059892
"RUS","BEL",7.38074822029547
"RUS","SRB",0.0296633990111265
"RUS","MNE",0.101310704357778
"LCA","DMA",3.56928614277145
"LCA","FRA",21.4457108578284
"LCA","JAM",3.59928014397121
"LCA","VCT",71.3857228554289
"VCT","CAN",0.0241958248759964
"VCT","CUB",49.987902087562
"VCT","LCA",49.987902087562
"SAU","BHR",18.6593500172244
"SAU","CMR",0.0468481827063378
"SAU","CAN",0.465463596804987
"SAU","BEN",5.84116133495471
"SAU","DJI",0.461133092521208
"SAU","GMB",0.281778040101355
"SAU","GHA",0.705281674944573
"SAU","GIN",0.31629084696905
"SAU","IND",8.70691191296631
"SAU","IDN",0.00236209324569771
"SAU","CIV",0.101045099954846
"SAU","KOR",0.034014142738047
"SAU","KWT",18.8337830578435
"SAU","LBN",0.16092350759627
"SAU","LBY",0.594066451292973
"SAU","MYS",0.107606470081784
"SAU","MRT",0.23949000963324
"SAU","MAR",1.47693817009325
"SAU","NER",0.322819410245353
"SAU","NGA",1.2535333593262
"SAU","PAK",1.77437492000255
"SAU","ERI",0.202457636636801
"SAU","SEN",0.177288220829867
"SAU","SOM",0.599446774797062
"SAU","THA",0.0643014272439931
"SAU","TGO",0.57635075195024
"SAU","TUR",1.20604544303249
"SAU","ARE",14.6667684335173
"SAU","GBR",0.393596909804634
"SAU","USA",0.48253628187528
"SAU","YEM",20.5479193509847
"SAU","SDN",0.698113378080893
"SEN","CAN",0.000945252905250558
"SEN","FRA",0.000302480929680179
"SEN","IND",0.504134882800298
"SEN","LBN",0.00662937370882392
"SEN","MLI",89.7324836952101
"SEN","MRT",0.346592731925205
"SEN","MAR",0.0602819286108456
"SEN","PAK",1.26033720700074
"SEN","GNB",7.45812384340868
"SEN","VNM",0.630168603500372
"SLE","AUS",85.8007777974191
"SLE","GBR",14.1992222025809
"SLE","ZMB",0
"SVN","ALB",0.013701581304331
"SVN","AUT",0.167219868384722
"SVN","BGR",0
"SVN","CHL",6.71207444692898e-05
"SVN","CYP",0
"SVN","DNK",0
"SVN","EST",0.000302043350111804
"SVN","FRA",6.71207444692898e-05
"SVN","DEU",0.00775244598620297
"SVN","BIH",5.23143473209012
"SVN","GRC",0
"SVN","HUN",77.7056299381431
"SVN","HRV",10.1222898573105
"SVN","IRL",0
"SVN","ITA",2.29134979615766
"SVN","LVA",0
"SVN","LTU",6.71207444692898e-05
"SVN","MLT",0.000369164094581094
"SVN","NLD",0.00244990717312908
"SVN","MKD",0.041872157758092
"SVN","CZE",0.000604086700223608
"SVN","POL",0.00483269360178887
"SVN","PRT",6.71207444692898e-05
"SVN","ROU",6.71207444692898e-05
"SVN","RUS",0.0119670693993371
"SVN","SVK",3.00264650383368
"SVN","ESP",6.71207444692898e-05
"SVN","SWE",0.00671207444692898
"SVN","TUR",0.000201362233407869
"SVN","GBR",0.000738328189162188
"SVN","USA",0.000200802893870625
"SVN","BEL",0
"SVN","LUX",0
"SVN","SRB",1.07254782582373
"SVN","MNE",0.314775036658554
"SVK","AUT",23.4062172585742
"SVK","BGR",0.00316676389528216
"SVK","FRA",0.00110011648967619
"SVK","DEU",0.0477673199142375
"SVK","GRC",0.000311699672074919
"SVK","HUN",40.2419857266783
"SVK","IRL",0.0730791668142038
"SVK","ITA",0.0292316667256815
"SVK","MLT",0.00502910395280542
"SVK","CZE",28.3160978330276
"SVK","POL",6.23258642743242
"SVK","ROU",0.139923467078584
"SVK","SVN",1.22694289532351
"SVK","CHE",0.00220023297935237
"SVK","GBR",0.274360321441989
"SVK","UKR",0
"SGP","AUS",0.0264346351182633
"SGP","BRB",0.0207992794503039
"SGP","BGD",0.00252080312952967
"SGP","BRN",0.477092570265511
"SGP","MMR",0.00622370527659165
"SGP","CMR",0.101817153262327
"SGP","LKA",0.0159074849885983
"SGP","COG",0.0259530077717821
"SGP","FJI",0.00794423841035975
"SGP","DEU",0.00362134992164401
"SGP","GHA",0.104345043629708
"SGP","HKG",0.00159988678987783
"SGP","IND",0.0476183999436956
"SGP","IDN",70.6747752539496
"SGP","JPN",0.00139915792427155
"SGP","KOR",0.0285879252287488
"SGP","MYS",7.7330203347527
"SGP","MDV",0.00589057243747938
"SGP","MUS",0.0438324432074314
"SGP","MOZ",2.18888655188098
"SGP","NLD",0.00527525648758965
"SGP","NZL",0.00525566043823011
"SGP","NGA",0.80073768813962
"SGP","PNG",0.346199484825219
"SGP","PHL",14.7617375244501
"SGP","TLS",0.00851209926071711
"SGP","SYC",0.0015911992079951
"SGP","TWN",0.0664696034670848
"SGP","THA",1.82709253097543
"SGP","GBR",0.0358450934884806
"SGP","USA",0.141146424326934
"SGP","VNM",0.480754581989576
"ZAF","DZA",6.443909247582e-06
"ZAF","AUS",0.00652445811317678
"ZAF","BHR",1.2887818495164e-05
"ZAF","BWA",32.9897934188433
"ZAF","CAN",0.00180613570625084
"ZAF","COL",0.0173985549684714
"ZAF","COG",0.00151036027178683
"ZAF","DNK",3.31401047018503e-05
"ZAF","FRA",0.0113214882687696
"ZAF","GEO",0.000729082303440706
"ZAF","DEU",3.31401047018503e-05
"ZAF","GHA",0.0142958126657607
"ZAF","GIN",0
"ZAF","HKG",7.04227224914319e-05
"ZAF","IRL",0.000198840628211102
"ZAF","ISR",0
"ZAF","KEN",0.00182042737640351
"ZAF","LSO",8.43869862454708
"ZAF","MWI",0.025732877049678
"ZAF","MYS",3.31401047018503e-05
"ZAF","MLI",8.21598429066705e-06
"ZAF","MUS",0.00230720718515434
"ZAF","MOZ",0.537182352345271
"ZAF","NAM",9.11099196402183
"ZAF","NPL",0.054681172758053
"ZAF","NLD",0.000281690889965727
"ZAF","NZL",0.00807513884568419
"ZAF","NGA",0.00205376593305078
"ZAF","PAK",0.038663455485492
"ZAF","QAT",0.00120961382161754
"ZAF","ZWE",15.2718351108558
"ZAF","SEN",0
"ZAF","SYC",0.00281230610733757
"ZAF","SGP",3.72826177895816e-05
"ZAF","SOM",0.0747516486681111
"ZAF","SWZ",31.1326176017129
"ZAF","CHE",0.000468103978913635
"ZAF","TZA",0.000248516264321479
"ZAF","ARE",4.14251308773129e-06
"ZAF","UGA",0.00461890209282038
"ZAF","GBR",0.00401823769509935
"ZAF","USA",0.00151017616009404
"ZAF","ETH",1.05864223353133e-05
"ZAF","YEM",0.0617151599810207
"ZAF","COD",0.698441089210164
"ZAF","ZMB",1.23739587331493
"ZAF","SDN",0
"ESP","ARM",3.38155652989668e-05
"ESP","ALB",1.32170015613528
"ESP","DZA",0.157467815742189
"ESP","ARG",0.0196453822722979
"ESP","AUS",0.551800202798938
"ESP","AUT",0.0905899947011583
"ESP","BHR",0.00150380115003137
"ESP","BRB",6.57524880813244e-05
"ESP","BOL",0.00131504976162649
"ESP","BRA",0.0165690007823215
"ESP","BGR",0.450988331519108
"ESP","CMR",7.51457006643707e-06
"ESP","CAN",0.182412117970641
"ESP","CPV",0.0144037556944492
"ESP","TCD",0.000828606592659128
"ESP","CHL",0.0221403343402866
"ESP","CHN",0.000649853757203756
"ESP","COL",0.0203494557399116
"ESP","CRI",0.00183919102376047
"ESP","CUB",0.270135340720613
"ESP","CYP",0.024683938031004
"ESP","BEN",0.000315611942790357
"ESP","DNK",0.0500594043723719
"ESP","DOM",0.0166871360859077
"ESP","ECU",0.00378170738593446
"ESP","EGY",0.00118354478546384
"ESP","GNQ",0.0187161639359715
"ESP","EST",0.0268833744126786
"ESP","FIN",3.11034500359198
"ESP","FRA",8.49452528737497
"ESP","GEO",0.0422694566237085
"ESP","GMB",0.00030809737272392
"ESP","DEU",4.79012530908268
"ESP","BIH",7.13884156311522e-05
"ESP","GHA",0.000405786783587602
"ESP","GRC",0.645578389530519
"ESP","GTM",0.00286892195317693
"ESP","GIN",0.00295303817185811
"ESP","HTI",0.00379304186245133
"ESP","HND",0.00040954406862082
"ESP","HKG",0.0142603213383061
"ESP","HUN",0.0263629278141606
"ESP","HRV",0.00268642748804264
"ESP","ISL",4.8844705431841e-05
"ESP","IND",0.182169131216471
"ESP","IRQ",0.018034968159449
"ESP","IRL",1.19548443535673
"ESP","ISR",0.180890104425101
"ESP","ITA",0.689696179904903
"ESP","CIV",0.0070135987286746
"ESP","JPN",0.0119312586229855
"ESP","JOR",0.000417011672624342
"ESP","KWT",0.0985347999961561
"ESP","LVA",0.295847172786129
"ESP","LBN",0.00567095901431113
"ESP","LBY",0.201721118863437
"ESP","LTU",0.0077505275665232
"ESP","MAC",0.000300582802657483
"ESP","MDG",0.000705952110130283
"ESP","MYS",0.0015010353707708
"ESP","MDV",7.51457006643707e-05
"ESP","MLI",8.64175557640263e-05
"ESP","MLT",0.0208416600792632
"ESP","MRT",0.000493159315964238
"ESP","MEX",0.00074394243657727
"ESP","MNG",0.000274281807424953
"ESP","MAR",0.305216630978243
"ESP","MOZ",0.00248891953812979
"ESP","NPL",7.45194864921676e-06
"ESP","NLD",6.3937034592898
"ESP","MKD",0.000315611942790357
"ESP","NZL",0.0432801662976443
"ESP","NIC",0.000112718550996556
"ESP","NGA",3.35337689214754e-05
"ESP","NOR",0.480410164229389
"ESP","PAK",0.00861664438809729
"ESP","PAN",0.00540479189886764
"ESP","CZE",0.294588978052887
"ESP","PRY",0.00157805971395178
"ESP","PER",0.00380854066321336
"ESP","PHL",0.00415810906949143
"ESP","POL",1.10892302776045
"ESP","PRT",10.1002966274774
"ESP","QAT",0.0249577658331541
"ESP","ROU",0.874801008379114
"ESP","RUS",0.00086559497643059
"ESP","SAU",0.220794130945438
"ESP","SEN",0.000709918133220902
"ESP","SLE",0.000400150856037774
"ESP","SVN",0.00126244777116143
"ESP","SVK",0.0237037719533174
"ESP","SGP",0.00936127566026398
"ESP","ZAF",0.00165696269964937
"ESP","SWE",0.542528971518185
"ESP","CHE",0.0387464435307626
"ESP","SYR",0.925423060966758
"ESP","TWN",0.00529136885692736
"ESP","TZA",3.56942078155761e-05
"ESP","THA",0.00287432305041218
"ESP","TUN",0.0180499972995818
"ESP","TUR",0.0133617979333205
"ESP","ARE",0.0268467147913476
"ESP","GBR",19.9360362718278
"ESP","UKR",0.003387474253824
"ESP","USA",4.06761913337808
"ESP","URY",0.00520900603792835
"ESP","VEN",0.000141346975569107
"ESP","COD",0.000140898188745695
"ESP","BEL",31.0147107911123
"ESP","LUX",0.00288559490551184
"ESP","SRB",0.159870599520932
"SUR","BGR",0.226959788663223
"SUR","DMA",0.0390087136764915
"SUR","FRA",7.11792234871386
"SUR","GMB",0.00441310700178489
"SUR","DEU",0.226565761252349
"SUR","GRC",0.148916092816182
"SUR","GUY",0.000686483311388761
"SUR","HRV",0.781487698232741
"SUR","ITA",0.184614976241335
"SUR","JAM",61.0482113541054
"SUR","KOR",0.15346579598707
"SUR","LTU",0.122794702324665
"SUR","NLD",6.06719466989139
"SUR","POL",0.929139838676487
"SUR","PRT",13.717367734775
"SUR","ESP",0.0394027410873651
"SUR","TGO",2.65968502339715
"SUR","TTO",0.497465910666559
"SUR","TUR",3.12595079293097
"SUR","GBR",0.714975871277269
"SUR","USA",0.156297539646548
"SUR","VEN",1.99807031423744
"SUR","BEL",0.0394027410873651
"SWZ","ZAF",100
"SWE","AUS",0
"SWE","AUT",0.064158653800314
"SWE","BOL",0.0115485576840565
"SWE","LKA",0
"SWE","CHN",0.00064158653800314
"SWE","DNK",35.6902703918345
"SWE","EST",0.416747882314423
"SWE","FRO",0.0356080528591743
"SWE","FIN",43.5622101822172
"SWE","FRA",0.0429649118282769
"SWE","GMB",0.0063623998351978
"SWE","DEU",1.7297003757006
"SWE","GHA",0.0716438300770173
"SWE","HKG",0.00064158653800314
"SWE","ISL",2.22149695220553
"SWE","IND",0.00056762586765
"SWE","IRQ",0
"SWE","ITA",0.269466345961319
"SWE","LVA",2.89066814697315
"SWE","MLT",0.00609507211102983
"SWE","NLD",0.598867567681098
"SWE","NOR",8.7010692021834
"SWE","PAK",0
"SWE","CZE",0.00064158653800314
"SWE","POL",2.07489086390215
"SWE","PRT",0.00128317307600628
"SWE","ESP",0.0205040364436837
"SWE","CHE",0.0286334725356318
"SWE","THA",0.32079326900157
"SWE","TUR",0.00063623998351978
"SWE","ARE",0
"SWE","GBR",0.180636016497542
"SWE","USA",0.00124752937945055
"SWE","VNM",1.04065336464109
"SWE","BEL",0.00806795071538948
"SWE","LUX",0.00128317307600628
"CHE","AUT",3.30115402590951
"CHE","CPV",0.0428600736940983
"CHE","CHN",0.00311245773254761
"CHE","FRA",3.4223938924395
"CHE","DEU",52.5580403327372
"CHE","GHA",0.03231513492809
"CHE","GIN",0.0768760051973509
"CHE","HKG",0
"CHE","ITA",8.39336495633854
"CHE","LBY",0.00408191178039031
"CHE","NLD",17.8288339586714
"CHE","NZL",0.000529136712272818
"CHE","NGA",0.000680318630065052
"CHE","NOR",1.41795410471308
"CHE","CZE",1.49670098614311
"CHE","PHL",0.00238111520522768
"CHE","SGP",0.00708948705746956
"CHE","ZAF",0.000337324654073922
"CHE","ESP",0.213506663402082
"CHE","SWE",0.0499722380392367
"CHE","THA",0
"CHE","TGO",0.0809579169777412
"CHE","GBR",0.0680318630065052
"CHE","BEL",10.9988260960305
"SYR","BHR",0.378572282988039
"SYR","CAN",16.8366955722379
"SYR","CYP",0.694049185478072
"SYR","DEU",3.32661630428448
"SYR","CHE",3.15476902490033
"SYR","TUR",75.6092976301112
"TWN","AUS",1.63385457130667
"TWN","BWA",0.0285211070223756
"TWN","SLB",3.16703125894296
"TWN","BRN",0.00323690797114778
"TWN","BGR",0.11784762971051
"TWN","CAN",0.487823231941523
"TWN","LKA",0.0226386286990106
"TWN","CHL",0.00622948512547054
"TWN","CHN",39.6570524406838
"TWN","CRI",0.00142605535111878
"TWN","DNK",0.00045633771235801
"TWN","FJI",0.776487138684176
"TWN","FIN",0.00047535178370626
"TWN","FRA",0.00585395721634259
"TWN","PYF",0.00617957318818138
"TWN","DEU",0.00364069950508192
"TWN","GHA",0.47535178370626
"TWN","KIR",3.11046439668191
"TWN","GTM",0.798590996626517
"TWN","HTI",5.25263720995417
"TWN","HND",1.67323827864604
"TWN","HKG",0.975427009809569
"TWN","ISR",0.0325259458001008
"TWN","JPN",2.5454394796119
"TWN","KHM",0.190140713482504
"TWN","KOR",0.00332746248594382
"TWN","KWT",0.16779917964831
"TWN","LSO",0.0998238745783146
"TWN","MAC",0.00959255938254369
"TWN","MDG",0.023767589185313
"TWN","MYS",0.217806187294208
"TWN","MUS",0.00594189729632825
"TWN","MOZ",0.163521013594953
"TWN","NAM",0.0071302767555939
"TWN","NLD",0.0308740785453973
"TWN","VUT",3.65141472653964
"TWN","NZL",0.0983742298949294
"TWN","NIC",0.90464659444495
"TWN","PAN",0.00294638880600597
"TWN","PNG",20.9138147518325
"TWN","PHL",0.436970593278736
"TWN","ZWE",0.23767589185313
"TWN","SEN",0.00665492497188764
"TWN","SYC",0.00190140713482504
"TWN","SLE",0.380281426965008
"TWN","SGP",1.66147621372266
"TWN","SOM",0.204401266993692
"TWN","ZAF",0.428896644200863
"TWN","SWZ",1.13395168003128
"TWN","CHE",0.00143061080571263
"TWN","SYR",0.471390518842041
"TWN","THA",0.453010249872066
"TWN","TGO",0.0228168856179005
"TWN","TON",0.025668996320138
"TWN","TTO",0.00784330443115329
"TWN","TUR",1.26061312406468
"TWN","ARE",0.0437718579116722
"TWN","TUV",0.0898414871204831
"TWN","GBR",0.0292143283736139
"TWN","USA",0.7852415340341
"TWN","URY",0.000505794104187782
"TWN","VNM",0.470919128323199
"TZA","AUS",0.000394041486041422
"TZA","BWA",0.000643887492488611
"TZA","BGR",0.00244514237653903
"TZA","BDI",2.09197224338876
"TZA","COM",0.000426315101391018
"TZA","FRA",2.03761864711586e-06
"TZA","IND",0.100111260560773
"TZA","KEN",22.9848056899438
"TZA","LBR",0.00545572392765271
"TZA","MDG",0.0611285594134757
"TZA","MWI",0.0463558242218858
"TZA","MOZ",0.00774295085904026
"TZA","NAM",2.03761864711586e-06
"TZA","PAK",0.0263430640165957
"TZA","QAT",2.02063849172323e-05
"TZA","ZWE",0.0130106478659786
"TZA","RWA",15.2327152622635
"TZA","ZAF",0.00260687835665385
"TZA","SWZ",0.0203761864711586
"TZA","SWE",7.92407251656167e-06
"TZA","OMN",0.00345331929279527
"TZA","ARE",0.111785117393207
"TZA","UGA",57.5148129709433
"TZA","GBR",4.29597931433593e-05
"TZA","USA",0.010244127748375
"TZA","COD",1.61823112367206
"TZA","ZMB",0.139770451098912
"TZA","BEL",0.00509404661778964
"THA","ARM",0.0091502816684943
"THA","ALB",0.00307407845768443
"THA","DZA",0.161741160128731
"THA","ARG",0.000400534547213748
"THA","AUS",1.46691638737485
"THA","AUT",0.00915034078538771
"THA","BHS",0.0016417605828952
"THA","BHR",0.022818932717106
"THA","BGD",0.000546223439223027
"THA","BWA",0.000726293261980387
"THA","BRA",0.238234795781755
"THA","SLB",0.000422263524407202
"THA","BRN",0.297955884024298
"THA","BGR",0.00133295739076944
"THA","MMR",0.02433803935243
"THA","CMR",4.12580112518422
"THA","CAN",1.79509356932477
"THA","CPV",0.159724556215219
"THA","CAF",0.000827636507838115
"THA","LKA",0.000697246223318109
"THA","CHL",0.00193298236400057
"THA","CHN",8.56653380299177
"THA","COL",0.00376709735394153
"THA","COM",0.0025386483087361
"THA","COG",0.569263844936049
"THA","COK",3.34995729363047e-07
"THA","CRI",0.0026364445409888
"THA","CYP",0.0105688126392116
"THA","AZE",0.00175661626153396
"THA","BEN",7.05930937868587
"THA","DNK",0.0342968486967379
"THA","DOM",0.000654592915536044
"THA","EGY",0.102273173827627
"THA","GNQ",0.26991684094313
"THA","EST",0.000464236518733277
"THA","FJI",0.184278491166181
"THA","FIN",0.0340466343340328
"THA","FRA",1.12791692535174
"THA","PYF",0.0815931806318248
"THA","DJI",0.00287139196596897
"THA","GEO",0.106177572043257
"THA","GAB",0.59226073873879
"THA","GMB",0.0779414013350813
"THA","DEU",0.133574372947796
"THA","BIH",0.000878308130766979
"THA","GHA",1.21591917038162
"THA","GRC",0.0137412996112592
"THA","GTM",0.0113015454199392
"THA","GIN",0.14527132030181
"THA","HKG",2.9921228637526
"THA","HUN",0.0051399999357565
"THA","HRV",0.00147792233542521
"THA","ISL",0.00821532477461047
"THA","IND",0.0183675216640538
"THA","IDN",1.3932716433759
"THA","IRN",0.127212365362308
"THA","IRQ",2.10260898860278
"THA","IRL",0.0249477083553769
"THA","ISR",0.706074390640643
"THA","ITA",0.512102011462233
"THA","CIV",2.42827495740892
"THA","JAM",0.0305453638328388
"THA","JPN",4.75775417424627
"THA","JOR",0.0664696520450416
"THA","KEN",0.434480691978015
"THA","KHM",0.0745118295381957
"THA","KOR",0.771701183343201
"THA","KWT",0.0825686677863263
"THA","LVA",0.00123300949126903
"THA","LAO",0.829901591315019
"THA","LBN",0.173573870836022
"THA","LBR",0.00155604108744054
"THA","LBY",0.00850016474631697
"THA","LTU",0.0133532394323289
"THA","MAC",0.0539579591848173
"THA","MDG",0.0023701440493214
"THA","MYS",1.91295389011103
"THA","MDV",0.00728622209531085
"THA","MLI",0.0018296678512564
"THA","MLT",0.0103570263685452
"THA","MRT",0.269518139723385
"THA","MUS",0.0141473742559131
"THA","MEX",0.05919241290244
"THA","MNG",0.00211309112883852
"THA","MAR",0.222347011034602
"THA","MOZ",3.30359060932922
"THA","NAM",0.00100737063109357
"THA","NPL",0.000409899648412559
"THA","NLD",0.666665481074241
"THA","NCL",0.108580345802654
"THA","VUT",0.00340961468435872
"THA","NZL",0.303445413530746
"THA","NER",1.18682002674634
"THA","NGA",0.0618499115027557
"THA","NOR",0.121661121572586
"THA","PAK",0.00378531286402107
"THA","PAN",0.00020285539712522
"THA","CZE",0.0855695182419715
"THA","PNG",0.789882418761646
"THA","PER",0.0490353517717863
"THA","PHL",1.87531466210879
"THA","POL",0.0995769102628168
"THA","PRT",0.0234352863862351
"THA","GNB",0.0248966573990486
"THA","TLS",0.0788189493915043
"THA","QAT",0.0392471387680657
"THA","ZWE",0.280839024812742
"THA","RWA",0.00219577032691745
"THA","RUS",0.229991799140027
"THA","STP",0.016755923364707
"THA","SAU",0.437194553140614
"THA","SEN",2.13379048680496
"THA","SYC",9.33014716262401e-06
"THA","SLE",0.103166833114233
"THA","SVN",0.000419561037850996
"THA","SGP",2.02179939019448
"THA","ZAF",12.1426626495061
"THA","ESP",0.209683277735189
"THA","SUR",0.002115564889319
"THA","SWE",0.154300812081602
"THA","CHE",0.219382037026354
"THA","SYR",0.17085795629974
"THA","TWN",0.465668556975777
"THA","TZA",0.0467361268813891
"THA","TGO",0.930983900835385
"THA","TTO",0.00785694409126575
"THA","OMN",0.0273815058159125
"THA","TUN",0.30089595105315
"THA","TUR",0.169788556095274
"THA","ARE",0.5307224255781
"THA","GBR",0.708779077189812
"THA","UKR",0.0761282721385308
"THA","USA",10.9532304130953
"THA","BFA",0.0409131128798138
"THA","URY",4.14756617306629e-07
"THA","UZB",3.73280955575966e-06
"THA","VNM",0.169464760202123
"THA","ETH",0.00331054603135246
"THA","YEM",2.64235758157378
"THA","COD",1.52593944093424
"THA","ZMB",0.0513472445679157
"THA","BEL",0.535086793104958
"THA","LUX",0
"THA","SRB",0.000422263524407202
"THA","SDN",0.000837770832423888
"THA","PSE",0.00175661626153396
"TGO","CMR",2.63797540241436
"TGO","BEN",10.6068298355918
"TGO","GHA",0.947038378177837
"TGO","LBR",35.5139391816689
"TGO","MLI",0.132585372944897
"TGO","NER",46.9417013433976
"TGO","STP",1.08909413490451
"TGO","BFA",2.13083635090013
"TTO","ATG",44.0032134439402
"TTO","BRB",12.2215309342795
"TTO","COL",0.0128982029041379
"TTO","DMA",3.1150414005442
"TTO","DOM",0.810078799062659
"TTO","GRD",2.50062117386903
"TTO","GUY",0.0150479033881608
"TTO","RUS",0.0341085810131646
"TTO","LCA",25.3725207011678
"TTO","VCT",11.0436473394859
"TTO","SLE",0.117248247232753
"TTO","USA",0.186817929146947
"TTO","VEN",0.567225343965513
"OMN","AUS",0.00690834817681419
"OMN","BHR",0.0160698689400215
"OMN","BGR",0.103703726608768
"OMN","CHN",0.005887796741603
"OMN","CYP",0.000628031652437654
"OMN","DNK",0.00329716617529768
"OMN","EGY",0.00776534970253641
"OMN","FRA",0.000157007913109413
"OMN","DEU",0.0023551186966412
"OMN","GRC",0.00196259891386767
"OMN","IND",6.69199127254942
"OMN","IRN",0.00785039565547067
"OMN","JOR",0.369910643285778
"OMN","KOR",0.00134328992326943
"OMN","KWT",0.746808138704925
"OMN","LBR",0.00408220574084475
"OMN","NLD",0.00109905539176589
"OMN","NZL",0.0119326013963154
"OMN","PAK",0.151730702696569
"OMN","PAN",0.000628031652437654
"OMN","PER",0.00361118200151651
"OMN","QAT",0.325669302436281
"OMN","RUS",0.0123927218083444
"OMN","SAU",0.373364817374185
"OMN","SGP",0.0313560067137718
"OMN","SOM",3.73020413974783
"OMN","ESP",0.00659433235059536
"OMN","SWE",0.00431771761050887
"OMN","TUR",0.00439622156706358
"OMN","ARE",2.42665542705168
"OMN","USA",0.02610256555444
"OMN","YEM",84.8094756840024
"TUN","FRA",0.00677167010754467
"TUN","CZE",0
"TUN","ZWE",99.9098868326262
"TUN","CHE",0.0220079278495202
"TUN","THA",0.0613335694166956
"TUR","AFG",0.00293210437796653
"TUR","ALB",0.956438967153012
"TUR","DZA",0.347785529476262
"TUR","ATG",0.0047833931415134
"TUR","ARG",0
"TUR","AUS",0.0109132419412676
"TUR","AUT",0.0163773757272377
"TUR","BHS",0.0120148874798283
"TUR","BRB",0.000503428840757184
"TUR","BGD",0.000294895555255254
"TUR","BLZ",0.00125119971301158
"TUR","BGR",0.241581972930885
"TUR","CMR",0.000358087459952808
"TUR","CAN",0.106361489498302
"TUR","CHL",0
"TUR","CHN",0.000612750835883953
"TUR","COL",0.000176937333153152
"TUR","COM",0.000193788507739167
"TUR","COG",0.000187995916475224
"TUR","COK",0.000109532634809094
"TUR","CUB",0.000265405999729729
"TUR","CYP",0.520106413138348
"TUR","AZE",0.962817136733818
"TUR","DNK",0.0165621535374552
"TUR","DMA",1.26383809395109e-05
"TUR","BLR",7.16174919905617e-05
"TUR","EGY",1.35458588189042
"TUR","EST",0.000508694832815313
"TUR","FIN",0.000564303708949161
"TUR","FRA",0.0737220106099794
"TUR","DJI",0.000261193206083225
"TUR","GEO",0.06649262851959
"TUR","GMB",0.000181150126799656
"TUR","DEU",0.332244990100289
"TUR","BIH",0.00949306239421298
"TUR","GHA",5.89791110510508e-05
"TUR","GRC",0.0316772943727685
"TUR","GIN",0.00123856133207207
"TUR","HND",5.05535237580435e-05
"TUR","HKG",0.0180860848302596
"TUR","HUN",0.000214852475971685
"TUR","HRV",1.19063237875579
"TUR","ISL",0.00120064618925353
"TUR","IND",0.219518127381881
"TUR","IDN",5.26599205812953e-05
"TUR","IRN",0.00944204078227199
"TUR","IRQ",20.5196963573581
"TUR","IRL",0.00537973748658513
"TUR","ISR",4.47061872406647
"TUR","ITA",0.365072540969417
"TUR","CIV",1.68511745860145e-05
"TUR","KAZ",0.000964963789140803
"TUR","JPN",0.00326771190293341
"TUR","JOR",1.2525330622007
"TUR","KGZ",0.00547652642061355
"TUR","KEN",0.000450768920175888
"TUR","KHM",1.26383809395109e-05
"TUR","PRK",0.000143234983981123
"TUR","KOR",0.0010055119279884
"TUR","KWT",0.24771016001759
"TUR","LVA",5.05535237580435e-05
"TUR","LBN",7.26596903298884
"TUR","LBR",0.0651655985209414
"TUR","LBY",11.3538222200095
"TUR","LTU",0.000159664879202488
"TUR","MYS",7.58302856370653e-05
"TUR","MLI",9.68942538695834e-05
"TUR","MLT",0.0417080438116279
"TUR","MRT",0.00556088761338479
"TUR","MUS",0.000560301554984983
"TUR","MEX",0.000495003253464176
"TUR","MNG",1.68511745860145e-05
"TUR","MAR",1.89162439035941
"TUR","MOZ",0.000147447777627627
"TUR","MDA",0.000912069824468035
"TUR","NLD",0.379976568183119
"TUR","MKD",0.00711330207212138
"TUR","VUT",0.000204320491855426
"TUR","NZL",0.000160086158567138
"TUR","NGA",0.000901537840351776
"TUR","NOR",0.0350802486539592
"TUR","PAK",0.000189575714092663
"TUR","PAN",0.0449460613704557
"TUR","CZE",0.0427071955914305
"TUR","PHL",0.00212933314421611
"TUR","POL",0.195332391290769
"TUR","PRT",0.0393242403778561
"TUR","GNB",0.000716174919905617
"TUR","ERI",5.47663174045472e-05
"TUR","QAT",0.0977873661226422
"TUR","ROU",0.0427174818292507
"TUR","RUS",0.0828866330795269
"TUR","KNA",0.000128490206218361
"TUR","VCT",0.000368385399977595
"TUR","SAU",0.240392537453613
"TUR","SEN",0.000287242313464106
"TUR","SLE",0.000417066571003859
"TUR","SVN",0.0842558729300726
"TUR","SVK",5.05535237580435e-05
"TUR","SGP",0.0223842109525141
"TUR","SOM",0.0810920649015483
"TUR","ZAF",0.0112723299397115
"TUR","ESP",0.0106064979038816
"TUR","SUR",0.00113745428455598
"TUR","SWE",0.111861238943892
"TUR","CHE",0.0582528254263936
"TUR","SYR",29.2321945573959
"TUR","TKM",0.0321014875863576
"TUR","TWN",2.50661221966966e-05
"TUR","TZA",0.000345449079013298
"TUR","THA",0.00131860441135564
"TUR","TGO",0.000301214745725009
"TUR","OMN",0.0172766667443114
"TUR","TUN",0.105568395987734
"TUR","ARE",0.596897566792954
"TUR","TUV",0.000299108348901758
"TUR","GBR",2.65254212774645
"TUR","UKR",3.95082083955171
"TUR","USA",0.298149587281041
"TUR","BFA",0.0189575714092663
"TUR","UZB",0.368198164704417
"TUR","VEN",0.212746079148433
"TUR","VNM",7.37238888138135e-05
"TUR","ETH",6.7404698344058e-05
"TUR","COD",0.000101107047516087
"TUR","BEL",3.2286067980384
"TUR","LUX",0.000724623911607771
"TUR","SRB",0.184240444983458
"TUR","MNE",0.233091766064222
"TUR","SDN",3.14099575092841
"TUR","PSE",0.0633730548243541
"ARE","ARM",0.308579534096867
"ARE","AFG",0.533198710963098
"ARE","ALB",0.000345941181722945
"ARE","AUS",0.116538935592917
"ARE","BHR",1.81575397282967
"ARE","BGD",0.00905890226989246
"ARE","BTN",0.0255131621520672
"ARE","BRN",0.00172970590861472
"ARE","BGR",0.00978148691321626
"ARE","BDI",0.00632207509598682
"ARE","CMR",0.0187417238752382
"ARE","CAN",0.0714541510848743
"ARE","CAF",0.00375346182169395
"ARE","LKA",0.0281393121715147
"ARE","TCD",0.027746933190884
"ARE","CHL",0.00415129418067534
"ARE","CHN",0.0630306274520796
"ARE","COM",0.109886630810544
"ARE","COG",0.0587822535272833
"ARE","AZE",0.0911678976096744
"ARE","BEN",0.218636268270492
"ARE","DNK",0.0786410791351684
"ARE","EGY",0.0369018341387046
"ARE","GNQ",0.0255304592111533
"ARE","FRA",0.293306230923799
"ARE","DJI",0.179741380498586
"ARE","GEO",0.0333314328590057
"ARE","GAB",0.000484317654412123
"ARE","GMB",0.128644570678675
"ARE","DEU",0.158175839656454
"ARE","GHA",2.34981347674293
"ARE","GRC",0.137546213853043
"ARE","GIN",0.10136172719255
"ARE","HKG",0.0167828799811183
"ARE","IND",2.36193407858954
"ARE","IDN",0.000820649358864986
"ARE","IRN",7.32369366228488
"ARE","IRQ",7.14293716063118
"ARE","IRL",0.234496230030898
"ARE","ITA",0.0413226741568058
"ARE","CIV",0.00337292652179871
"ARE","KAZ",0.0220710473939239
"ARE","JPN",0.0865544836670808
"ARE","JOR",0.605336528308352
"ARE","KGZ",0.0922538646359663
"ARE","KEN",0.790735152217994
"ARE","KOR",0.0259023459815055
"ARE","KWT",2.02825807329873
"ARE","LBN",0.223097468093127
"ARE","LBR",0.039114416280141
"ARE","LBY",0.281608446077076
"ARE","MDG",0.802912185719869
"ARE","MWI",0.00607991626878075
"ARE","MYS",0.0320168563684585
"ARE","MDV",0.133561427889765
"ARE","MLI",0.000172970590861472
"ARE","MRT",0.0651007971403733
"ARE","MUS",0.626095834007523
"ARE","MAR",0.00531884566899028
"ARE","MOZ",0.0216645665053994
"ARE","NLD",0.359242620160192
"ARE","NZL",0.0157057296502217
"ARE","NER",0.188835885881764
"ARE","NGA",1.63951731283364
"ARE","PAK",1.80475325946412
"ARE","PHL",0
"ARE","ERI",0.565301524105737
"ARE","QAT",0.32848268341866
"ARE","RWA",0.306217908962971
"ARE","STP",0.0441161491992185
"ARE","SAU",2.90940896531677
"ARE","SEN",0.376495715887829
"ARE","SYC",0.446612491997332
"ARE","SLE",0.0256169445065841
"ARE","SGP",0.000103782354516883
"ARE","SOM",10.1271101894074
"ARE","ZAF",0.195802708855187
"ARE","ESP",0.00560424714391171
"ARE","TJK",0.0017152916927096
"ARE","SWE",0.248818194954228
"ARE","CHE",0.0264645004018053
"ARE","SYR",0.494133735443511
"ARE","TKM",0.0270353033516481
"ARE","TZA",0.225980791748015
"ARE","THA",0.0363459258786304
"ARE","TGO",0.0504555213542915
"ARE","OMN",24.0741968640636
"ARE","TUR",0.168231196671868
"ARE","UGA",0.314252657169112
"ARE","GBR",4.51729101412435
"ARE","UKR",0.0259455886292209
"ARE","USA",10.8768692092427
"ARE","BFA",0.0456714430953813
"ARE","UZB",0.0155673531775325
"ARE","VNM",0.0723802644567784
"ARE","ETH",0.0374214666220843
"ARE","YEM",6.45177267318475
"ARE","COD",0.0679690579396405
"ARE","ZMB",0.102462060387361
"ARE","SRB",8.64852954307362e-05
"ARE","SDN",2.42705930782587
"ARE","SSD",0.217660425853715
"UGA","BDI",0.0725950156807158
"UGA","CAN",0.000192339847525561
"UGA","BEN",0.016624812751309
"UGA","GAB",0.016624812751309
"UGA","CIV",0.016624812751309
"UGA","KEN",0.288640614722032
"UGA","MDG",0.016624812751309
"UGA","NOR",0.000140849108031923
"UGA","SEN",0.016624812751309
"UGA","COD",69.2635178857748
"UGA","ZMB",0.000277080212521816
"UGA","BEL",0
"UGA","SSD",30.2915121508978
"TUV","FJI",100
"GBR","ATG",0.000587638983511663
"GBR","AUS",0.181286626413348
"GBR","AUT",0.582726787125984
"GBR","BHR",0.00114916067886725
"GBR","BRB",0.000914105085462586
"GBR","BGR",0.04168718203834
"GBR","CAF",0.0489263864790451
"GBR","LKA",0.00291643051076158
"GBR","CYP",1.42370192410608
"GBR","DNK",0.875218801208929
"GBR","DOM",0.000435288135934565
"GBR","BLR",0.00535404407199515
"GBR","EST",0.0510352668126197
"GBR","FIN",0.88790590872594
"GBR","FRA",15.1317959311857
"GBR","DJI",0.000321629567107206
"GBR","GMB",0.0246300536916308
"GBR","DEU",9.56217217543633
"GBR","GRC",0.363167965242416
"GBR","HKG",0.0644105527812063
"GBR","HUN",0.06983357793141
"GBR","HRV",0.0115891838791445
"GBR","ISL",1.02125914972034
"GBR","IRL",25.0158225121428
"GBR","ISR",0.42661601736138
"GBR","ITA",7.50738319412867
"GBR","JOR",0.00460244655728147
"GBR","KEN",0.0084131523606464
"GBR","KWT",0.0069036698359222
"GBR","LVA",0.197869472061945
"GBR","LBN",0.00276407966318449
"GBR","LBY",0.0323745551101333
"GBR","LTU",0.00981429650487132
"GBR","MYS",0.000718225424292032
"GBR","MLI",0.00393935763020781
"GBR","MLT",1.25905309846849
"GBR","MEX",0.0106645593303968
"GBR","MAR",0.000979398305852771
"GBR","NLD",17.8793787785852
"GBR","MKD",0.00442542938200141
"GBR","NGA",0.019227039704343
"GBR","NOR",0.138475615047385
"GBR","PAK",0.0435288135934565
"GBR","CZE",0.327912407239252
"GBR","POL",0.668913475300914
"GBR","PRT",2.31782918851487
"GBR","QAT",0.0220905101585659
"GBR","ROU",0.0387368353269869
"GBR","RUS",0.00245937796803029
"GBR","SAU",0.0196194035935396
"GBR","SVN",0.0135951367055763
"GBR","SVK",0.0113478710187858
"GBR","SGP",0.00994633390610481
"GBR","ESP",2.28552533749848
"GBR","SWE",1.40529709532517
"GBR","CHE",0.361763888948943
"GBR","SYR",0.0157139017072378
"GBR","THA",0.0412495965483547
"GBR","TTO",0.000674696610698576
"GBR","TUR",0.0087057627186913
"GBR","ARE",0.147826148317429
"GBR","USA",0.402287491388912
"GBR","COD",0.000609403390308391
"GBR","BEL",8.81357642584505
"GBR","LUX",0.158340230957501
"UKR","ARM",0.165614137148937
"UKR","ATG",0
"UKR","AUT",0.00212155820206804
"UKR","BHS",0.000530389550517011
"UKR","BLZ",6.62986938146263e-05
"UKR","BGR",0.000994480407219395
"UKR","CMR",0.000265194775258505
"UKR","CAN",0.0511825916248915
"UKR","CHN",0.0110812741819997
"UKR","COM",0.000464090856702384
"UKR","CUB",0.0208177898577927
"UKR","CYP",0.037199276284195
"UKR","AZE",0.0115221604958669
"UKR","DNK",0.00596688244331637
"UKR","EGY",0.000928181713404769
"UKR","EST",0.000464090856702384
"UKR","FRA",0.000132597387629253
"UKR","DEU",0.103475133882063
"UKR","GRC",0.0140525606431252
"UKR","HKG",0.00742545370723815
"UKR","HUN",0.72928563196089
"UKR","HRV",0.000265194775258505
"UKR","IND",1.65746734536566
"UKR","IRL",0.000132597387629253
"UKR","ISR",0.00696136285053577
"UKR","ITA",0.00198896081443879
"UKR","KAZ",0.412628337259164
"UKR","JPN",0.00749175240105278
"UKR","KOR",0.00861883019590142
"UKR","LBR",0.00848623280827217
"UKR","MYS",0.00411051901650683
"UKR","MLT",0.00608474678787571
"UKR","MDA",23.7630275621184
"UKR","NLD",0.00417516024297609
"UKR","NOR",0.00464090856702384
"UKR","PAN",0.0179669460237637
"UKR","CZE",7.38567449094937
"UKR","PHL",0.00530389550517011
"UKR","POL",6.76982592410531
"UKR","PRT",0.00636467460620413
"UKR","ROU",8.75142758353068
"UKR","RUS",0.00119337648866327
"UKR","KNA",0
"UKR","SYC",0.000861883019590142
"UKR","SLE",0.000662986938146263
"UKR","SVN",0.00994480407219395
"UKR","SGP",0.00948016072637644
"UKR","CHE",0.000265194775258505
"UKR","TWN",0.00391162293506295
"UKR","TGO",0.00106077910103402
"UKR","TUR",49.8237188634239
"UKR","ARE",0.000265194775258505
"UKR","TUV",0.00464090856702384
"UKR","GBR",0.0302322043794696
"UKR","USA",0.11264148079105
"UKR","BEL",0.000662986938146263
"UKR","MNE",0.000928181713404769
"USA","ATG",0.00217420122507937
"USA","ARG",0.00114701368495926
"USA","AUS",0.331020842836095
"USA","AUT",0.065015457334946
"USA","BHS",0.239153365702011
"USA","BHR",0.0140389980660113
"USA","BRB",0.028417158997461
"USA","BGD",0.0212026189737708
"USA","BRA",1.52715216448044
"USA","BLZ",0.0158031651967516
"USA","MMR",0.00081370770677024
"USA","BDI",0.0970440830417497
"USA","CMR",0.784541942107269
"USA","CAN",7.88050250027554
"USA","CAF",0.0198516905895548
"USA","LKA",0.00059661049060394
"USA","CHL",0.0526165237687769
"USA","CHN",0.00253242112501034
"USA","COL",2.58359685225547
"USA","COG",0.0737259867719176
"USA","CRI",1.67670736585493
"USA","CUB",0.00317071921761163
"USA","CYP",0.00201734414662478
"USA","BEN",0.0234202979578024
"USA","DNK",0.0090978665110099
"USA","DMA",0.00298656902649246
"USA","DOM",1.04693569047252
"USA","BLR",0.00127280159493001
"USA","ECU",0.0181113908620336
"USA","EGY",0.0009399051829534
"USA","SLV",2.04913067891879
"USA","GNQ",0.00143961167481791
"USA","FIN",0.00278597244643995
"USA","FRA",0.0556589443360826
"USA","PYF",0.0014128922260866
"USA","GEO",0.00351017230546546
"USA","GMB",0.000321003621782326
"USA","DEU",0.116808910333607
"USA","GHA",0.150464745314665
"USA","GRC",0.00564680600190276
"USA","GTM",2.70549063515842
"USA","GIN",0.0896113513650276
"USA","GUY",0.00417100467682625
"USA","HTI",14.0458818609758
"USA","HND",3.67514095260733
"USA","HKG",0.202865256810885
"USA","ISL",0.00276693032992201
"USA","IND",0.0231873076739434
"USA","IDN",0.0199358388158709
"USA","IRQ",2.83656228198527
"USA","ISR",1.01238778592429
"USA","ITA",0.0172208121882047
"USA","CIV",1.28878037316786
"USA","JAM",0.183374728126681
"USA","JPN",10.2292460735758
"USA","JOR",2.57670622350243
"USA","KGZ",0.00519959224626184
"USA","KHM",0.0658758189730839
"USA","KOR",5.78951726009977
"USA","KWT",0.147481276062476
"USA","LAO",0.0676967381478329
"USA","LBN",0.0130851070558179
"USA","LSO",7.55120751882783e-05
"USA","LBR",0.0917942457007743
"USA","LTU",0.00555030026787981
"USA","MDG",0.0197366445254331
"USA","MWI",0.00654855688254554
"USA","MYS",0.00396145459964024
"USA","MLI",0.846563596554209
"USA","MLT",0.00394648237783567
"USA","MRT",0.0198544680451939
"USA","MUS",0.00139388130169742
"USA","MEX",18.1113928275897
"USA","MNG",0.0047315475733276
"USA","MAR",0.0291493752335777
"USA","MOZ",0.0144120654192318
"USA","NPL",0.0877665132522381
"USA","NLD",0.22741108204959
"USA","NZL",0.151285578388588
"USA","NIC",2.57680060545934
"USA","NER",0.162539741842769
"USA","NGA",0.0278052729529018
"USA","NOR",0.0490928642580717
"USA","PAK",0.00335503486263118
"USA","PAN",0.766130843710319
"USA","CZE",0.0070329611489244
"USA","PRY",0.00497522590791506
"USA","PER",0.0041630913693779
"USA","PHL",0.00287775867576363
"USA","POL",0.0286884043929743
"USA","PRT",0.0844746736424738
"USA","GNB",0.0352758565039035
"USA","TLS",0.0219554613440746
"USA","ERI",0.000156882845865302
"USA","QAT",0.0882372350235277
"USA","RWA",0.0245819470799876
"USA","RUS",0.0280880508469192
"USA","KNA",0.0245769251472573
"USA","LCA",0.00412357636695763
"USA","VCT",8.85313984966022e-05
"USA","SAU",3.39274830669541
"USA","SEN",0.0137457974803898
"USA","SLE",0.0475682133469988
"USA","SVK",0.00063762135902516
"USA","SGP",0.0956522455025758
"USA","SOM",0.000565834256894542
"USA","ZAF",0.0139808911986708
"USA","ESP",0.0292236775966419
"USA","SUR",0.00335735799813401
"USA","SWE",0.0619252721252529
"USA","CHE",0.0194797325911745
"USA","TWN",1.94789670504434
"USA","TZA",0.000434375256267438
"USA","THA",0.0735262350917007
"USA","TGO",0.548754223824625
"USA","TON",2.73405789474801e-05
"USA","TTO",0.0185217685218488
"USA","OMN",0.0101995006212823
"USA","TUR",0.35934075517346
"USA","ARE",0.226496311845638
"USA","UGA",0.00220411040802122
"USA","GBR",0.916821715684337
"USA","UKR",0.0571035657380152
"USA","BFA",0.0658349749147426
"USA","URY",0.0113200122982918
"USA","UZB",0.00488224624062144
"USA","VEN",4.2933736193719
"USA","VNM",0.0199742458196305
"USA","ETH",0.0543158031346203
"USA","YEM",0.014647064204947
"USA","COD",0.000308910569080209
"USA","ZMB",0.000189593895677466
"USA","BEL",0.141850858585847
"USA","SRB",0.00064966423308536
"USA","MNE",0.00064966423308536
"USA","SDN",0.0176092857406734
"USA","SSD",0.00124334537594493
"BFA","BEN",22.6785210818828
"BFA","GHA",0.514961564556225
"BFA","CIV",34.7599056075452
"BFA","NER",34.7084094510896
"BFA","SLE",4.14544059467762
"BFA","TGO",3.1927617002486
"URY","DZA",0.167498160347701
"URY","ATG",0.0112432353323972
"URY","ARG",0.0367803560473236
"URY","AUS",0.0994765865866978
"URY","BRB",0.0646281822914474
"URY","BRA",16.5259566263817
"URY","CAN",0.295483022816436
"URY","CPV",0.16579159784189
"URY","CHL",1.80216156895042
"URY","COL",0.00542627187857006
"URY","CRI",1.88095854297002
"URY","CUB",9.76728938142611
"URY","CYP",0.142986062390636
"URY","SLV",0.287883257736905
"URY","FIN",0.00651152625428407
"URY","FRA",0.589483348495305
"URY","DEU",0.919247865852478
"URY","GTM",0.464884990652733
"URY","HTI",1.91840415994966
"URY","HND",0.0238755962657083
"URY","IRQ",7.17705850019069
"URY","ISR",0.244751590634405
"URY","ITA",0.00108983656085592
"URY","JPN",6.50248246781979e-06
"URY","MEX",9.55852906591894
"URY","NLD",2.18319634728717
"URY","NZL",0.00491783020354805
"URY","PAN",4.3058897480553
"URY","PER",15.6019766670902
"URY","POL",0.201704383453695
"URY","PRT",1.00820625746762
"URY","SEN",2.68057830801361
"URY","SLE",1.99958118725307
"URY","ZAF",0.203034674701766
"URY","ESP",0.914936303962136
"URY","CHE",0.0306872179643434
"URY","TUR",5.14333575290485
"URY","ARE",0.016283156653213
"URY","GBR",3.30642427553756
"URY","UKR",0.0269052647312432
"URY","USA",0.577429292487453
"URY","VEN",3.73713313176187
"URY","BEL",4.57294927295131
"VEN","USA",100
"VNM","ARM",5.54258453592063e-05
"VNM","DZA",0.00672569975069513
"VNM","ARG",0.00123104637035243
"VNM","AUS",0.581307171251551
"VNM","AUT",0.00815644329223708
"VNM","BGD",0.0109096538948704
"VNM","BRA",0.037088372907387
"VNM","BRN",0.00331535445754762
"VNM","BGR",0.00184648240797305
"VNM","MMR",7.72708326286628e-06
"VNM","CMR",0.134018996898116
"VNM","CAN",0.226264685707115
"VNM","LKA",0.00240039227134273
"VNM","CHL",0.0212823916997125
"VNM","CHN",17.2934172407225
"VNM","COL",0.000418308266861934
"VNM","COM",0.000411162167303043
"VNM","COG",0.023529142830539
"VNM","CYP",0.00070923876154589
"VNM","AZE",0.000108237264050525
"VNM","BEN",0.0371642493791262
"VNM","DNK",0.00776525389221744
"VNM","BLR",0.00884852705746385
"VNM","EGY",0.00166992146033508
"VNM","FJI",0.243144817425501
"VNM","FIN",0.00127027245343247
"VNM","FRA",0.180870316797715
"VNM","GEO",0.00210775077965057
"VNM","DEU",0.138004505890984
"VNM","BIH",0.000338229346330726
"VNM","GHA",9.01771882523012
"VNM","GRC",0.00307648373388796
"VNM","GTM",9.27249991543954e-05
"VNM","GUY",1.23749528946656e-05
"VNM","HND",6.08289938061729e-05
"VNM","HKG",1.41648312223277
"VNM","HUN",0.0295872356594558
"VNM","HRV",0.018823872008787
"VNM","ISL",0.00395967071093974
"VNM","IND",0.00270139992837213
"VNM","IDN",1.44502498277815
"VNM","IRQ",1.56865600073225
"VNM","IRL",0.00248354411151488
"VNM","ISR",0.0745981490302424
"VNM","ITA",0.122172535829771
"VNM","CIV",7.7794986249666
"VNM","JPN",0.0529622936231748
"VNM","JOR",0.0109715286593438
"VNM","KEN",0.0754059039880886
"VNM","KHM",0.14746052451807
"VNM","KOR",1.1725061151273
"VNM","KWT",0.0716826408719802
"VNM","LVA",0.00229903966418431
"VNM","LAO",0.761182374561643
"VNM","LBN",0.00160490212156399
"VNM","LTU",0.0280555716173853
"VNM","MAC",0.114244867943108
"VNM","MDG",0.00124917306191645
"VNM","MYS",7.01449349697654
"VNM","MDV",0.00135950186730129
"VNM","MUS",0.00104228476493099
"VNM","MEX",0.010488208316007
"VNM","MNG",0.318832992346166
"VNM","MAR",0.001912540255115
"VNM","MOZ",1.90879561179859
"VNM","MDA",0.000499836257581473
"VNM","NPL",3.48590222384945e-07
"VNM","NLD",0.139220793338643
"VNM","NZL",0.176359606040826
"VNM","NGA",0.0130496492700916
"VNM","NOR",0.0529328341182351
"VNM","PAN",0.00434726866336265
"VNM","CZE",0.0969516548745832
"VNM","PER",0.000435737777981181
"VNM","PHL",41.7900545183295
"VNM","POL",0.134350000743782
"VNM","PRT",0.02810064360691
"VNM","QAT",0.196436289037823
"VNM","ROU",0.000695780274043311
"VNM","RWA",0.00653606666971772
"VNM","RUS",0.0936774783632845
"VNM","STP",0.00442326133184257
"VNM","SAU",0.494607881862719
"VNM","SEN",0.304605108124413
"VNM","SVN",0.00477124152133834
"VNM","SVK",1.97578033129267e-05
"VNM","SGP",1.93492190792526
"VNM","ZAF",0.0948437014768659
"VNM","ESP",0.0171127297546549
"VNM","SWZ",6.62321422531396e-06
"VNM","SWE",0.0485814535427076
"VNM","CHE",0.00346358663977978
"VNM","TWN",0.307438408056869
"VNM","TZA",0.269574230906282
"VNM","THA",0.0683449475910147
"VNM","TGO",0.171114922593655
"VNM","TTO",0.00407217287953053
"VNM","OMN",0.0264581997708545
"VNM","TUN",5.18527955797606e-05
"VNM","TUR",0.0289509408544033
"VNM","ARE",0.762882074099649
"VNM","GBR",0.0525575811012155
"VNM","UKR",0.035836883172951
"VNM","USA",0.322490245546288
"VNM","BFA",0.077004103010168
"VNM","URY",3.48590222384945e-05
"VNM","VEN",0.00342646759093282
"VNM","ETH",0.00547304078655483
"VNM","ZMB",9.06334578200857e-06
"VNM","BEL",0.0193786577050905
"VNM","SRB",0.00138268311708988
"VNM","MNE",8.85031842388444e-06
"ETH","IND",99.7041276616385
"ETH","CIV",0.218266479119173
"ETH","KEN",0.0436532958238347
"ETH","NAM",0
"ETH","ZWE",0.0339525634185381
"YEM","MYS",1.46087963547069
"YEM","SAU",98.0045775493409
"YEM","THA",0.0167716571137154
"YEM","OMN",0.517771158074702
"COD","BDI",0.054097220433293
"COD","NLD",0.0054551818924329
"COD","RWA",0.807139620834552
"COD","ZAF",0.152745092988121
"COD","UGA",98.9042357972066
"COD","BEL",0.0054097220433293
"ZMB","CAN",0.00122441233309729
"ZMB","NAM",0.00612206166548647
"ZMB","ZWE",1.22645302031912
"ZMB","ZAF",1.48153892304773
"ZMB","COD",97.2846615826346
"BEL","ARG",0.00264302446300939
"BEL","AUS",0.342701150838076
"BEL","AUT",1.52200491122655
"BEL","BHR",0.000616224282814575
"BEL","BRA",0.000606217515721994
"BEL","BRN",1.76522581014592e-05
"BEL","BGR",0.00262558139562894
"BEL","BDI",0.000150385203393908
"BEL","CMR",0.000142054827695704
"BEL","CAN",0.001453689245292
"BEL","CPV",0.000986199565113794
"BEL","CAF",0.000122763431341966
"BEL","TCD",0.000235296576738768
"BEL","CHL",0.0247826527801858
"BEL","CHN",0.000526507254139172
"BEL","COG",0.000248595948467481
"BEL","CYP",0.060319811989875
"BEL","BEN",6.1381715670983e-06
"BEL","DNK",1.40983402111476
"BEL","DOM",4.91053725367864e-05
"BEL","EGY",0.00111305511083383
"BEL","GNQ",4.09211437806554e-06
"BEL","EST",0.0926229628903244
"BEL","FIN",0.745553460094873
"BEL","FRA",28.2665333276758
"BEL","PYF",0.000909472420525065
"BEL","GMB",0.000224043262199088
"BEL","DEU",21.6378611182822
"BEL","GHA",0.00180597215072135
"BEL","GRC",0.363564692832096
"BEL","GIN",7.57041159942124e-05
"BEL","HUN",0.344087205571077
"BEL","HRV",0.00480630869334321
"BEL","ISL",0.0176206445119502
"BEL","IND",0.0204605718903277
"BEL","IRL",0.878409386606265
"BEL","ISR",0.0271488491442706
"BEL","ITA",1.05893719047779
"BEL","LVA",0.0102793913177006
"BEL","LBN",0.12507544730931
"BEL","LBR",2.04605718903277e-06
"BEL","LBY",8.60031769709404e-05
"BEL","LTU",0.165751135867939
"BEL","MYS",0.0792015842556166
"BEL","MLI",0.000143224003232294
"BEL","MLT",0.0221374819630663
"BEL","MRT",4.09211437806554e-05
"BEL","MUS",1.84145147012949e-05
"BEL","MEX",0.00348207984809173
"BEL","MAR",0.0109499478754509
"BEL","NLD",21.0520997040735
"BEL","NCL",0.000143224003232294
"BEL","MKD",2.72693000151762e-05
"BEL","NZL",0.055157197051756
"BEL","NER",7.67271445887288e-05
"BEL","NGA",0.000732531458068459
"BEL","NOR",0.189347969553896
"BEL","PAK",0.0176625886843254
"BEL","CZE",3.65951564690044
"BEL","POL",5.19873984588287
"BEL","PRT",0.119411359228541
"BEL","ROU",0.044950549658066
"BEL","RWA",0.000693613387082108
"BEL","RUS",0.0093030265821005
"BEL","SAU",0.000440504077168231
"BEL","SEN",0.00441129929955465
"BEL","SYC",0.00105702065386695
"BEL","SVN",0.0947840262602639
"BEL","SVK",0.0577854664048685
"BEL","SGP",2.09763846270586e-05
"BEL","ZAF",0.00017299786064693
"BEL","ESP",0.981710329375346
"BEL","SUR",0.000542205155093683
"BEL","SWE",2.0386043254248
"BEL","CHE",1.4764437051976
"BEL","TGO",3.58060008080734e-05
"BEL","TUN",0.00484301736644056
"BEL","TUR",0.0020032447318841
"BEL","ARE",0.00580635783043823
"BEL","UGA",0.000154477317771974
"BEL","GBR",7.05462751035656
"BEL","UKR",4.70593153477537e-05
"BEL","USA",0.329313119496798
"BEL","BFA",9.84256670472108e-05
"BEL","URY",0.000260107169375527
"BEL","ETH",1.22763431341966e-05
"BEL","COD",0.00303353768910944
"BEL","LUX",0.325642189143283
"BEL","SRB",0.0213110439306497
"LUX","AZE",2.41451524351927
"LUX","FRA",39.9312338353872
"LUX","DEU",5.78757631681649
"LUX","GHA",0.0944575635504931
"LUX","GRC",0.038100529835493
"LUX","ITA",0.264481177941381
"LUX","NLD",0.0190502649177465
"LUX","NER",0.076201059670986
"LUX","NGA",0.133351854424226
"LUX","PRT",0.038100529835493
"LUX","BEL",51.2029316241012
"SRB","ALB",0.00142816043573492
"SRB","AUS",0.00714080217867461
"SRB","BIH",65.422896950449
"SRB","GRC",0.0266589948003852
"SRB","HRV",0
"SRB","MKD",3.11577001729502
"SRB","USA",1.28645518361145
"SRB","MNE",30.1396498912297
"MNE","CYP",0.056870717220311
"MNE","BIH",41.4524338850267
"MNE","HRV",0.108054362718591
"MNE","ITA",0.0395725407324664
"MNE","LBR",0.347227323472899
"MNE","PAN",0.033838076746085
"MNE","SRB",57.962003094083
