"","ARM","AFG","ALB","DZA","ATG","ARG","AUS","AUT","BHS","BHR","BRB","BGD","BMU","BTN","BOL","BWA","BRA","ARB","BLZ","SLB","BRN","BGR","MMR","BDI","CMR","CAN","CPV","CAF","LKA","TCD","CHL","CHN","COL","COM","COG","COK","CRI","CUB","CYP","AZE","BEN","DNK","DMA","DOM","BLR","ECU","EGY","SLV","GNQ","EST","FRO","FJI","FIN","FRA","PYF","DJI","GEO","GAB","GMB","DEU","BIH","GHA","KIR","GRC","GRL","GRD","GTM","GIN","GUY","HTI","HND","HKG","HUN","HRV","ISL","IND","IDN","IRN","IRQ","IRL","ISR","ITA","CIV","KAZ","JAM","JPN","JOR","KGZ","KEN","KHM","PRK","KOR","KWT","LVA","LAO","LBN","LSO","LBR","LBY","LTU","MAC","MDG","MWI","MYS","MDV","MLI","MLT","MRT","MUS","MEX","MNG","MAR","MOZ","MDA","NAM","NPL","NLD","ANT","NCL","MKD","VUT","NZL","NIC","NER","NGA","NOR","PAK","PAN","CZE","PNG","PRY","PER","PHL","POL","PRT","GNB","TLS","ERI","QAT","ZWE","ROU","RWA","RUS","KNA","LCA","VCT","STP","SAU","SEN","SYC","SLE","SVN","SVK","SGP","SOM","ZAF","ESP","SUR","TJK","SWZ","SWE","CHE","SYR","TKM","TWN","TZA","THA","TGO","TON","TTO","OMN","TUN","TUR","ARE","UGA","TUV","GBR","UKR","USA","BFA","URY","UZB","VEN","VNM","ETH","YEM","COD","ZMB","BEL","LUX","SRB","MNE","SDN","SSD","PSE"
"ARM",0,0,0,0,0,0,0,0,0,0,0,0,0,0,0,0,0,0,0,0,0,0,0,0,0,0,0,0,0,0,0,0,0,0,0,0,0,0,0,0,0,0,0,0,0,0,0,0,0,0,0,0,0,0,0,0,0,0,0,0,0,0,0,0,0,0,0,0,0,0,0,0,0,0,0,0,0,0,0,0,0,0,0,0,0,0,0,0,0,0,0,0,0,0,0,0,0,0,0,0,0,0,0,0,0,0,0,0,0,0,0,0,0,0,0,0,0,0,0,0,0,0,0,0,0,0,0,0,0,0,0,0,0,0,0,0,0,0,0,0,0,0,64000,0,0,0,0,0,0,0,0,0,0,0,0,0,0,0,0,0,0,0,0,0,0,0,0,0,0,0,0,0,0,0,0,0,0,0,0,0,0,0,0,0,0,0,0,0,0,0,0,0,0,0,0
"AFG",0,0,0,0,0,0,0,0,0,0,0,0,0,0,0,0,0,0,0,0,0,0,0,0,0,0,0,0,0,0,0,0,0,0,0,0,0,0,0,0,0,0,0,0,0,0,0,0,0,0,0,0,0,0,0,0,0,0,0,0,0,0,0,0,0,0,0,0,0,0,0,0,0,0,0,0,0,0,0,0,0,0,0,0,0,0,0,181272000,0,0,0,0,0,0,0,0,0,0,0,0,0,0,0,0,0,0,0,0,0,0,0,0,0,0,0,0,0,0,0,0,0,0,0,0,0,0,2.88e+08,0,0,0,0,0,0,0,0,0,0,0,0,0,0,0,0,0,0,0,0,0,0,0,0,0,0,0,0,0,0,0,0,0,0,0,0,0,0,0,0,0,0,0,0,0,0,0,0,0,0,0,0,0,0,0,0,0,0,0,0,0,0,0,0,0,0,0,0
"ALB",0,0,0,0,0,0,0,0,0,0,0,0,0,0,0,0,0,0,0,0,0,0,0,0,0,0,0,0,0,0,0,0,0,0,0,0,0,0,0,0,0,0,0,0,0,0,0,0,0,0,0,0,0,0,0,0,0,0,0,0,0,0,0,0,0,0,0,0,0,0,0,0,0,0,0,0,0,0,0,0,0,0,0,0,0,0,0,0,0,0,0,0,0,0,0,0,0,0,0,0,0,0,0,0,0,0,0,0,0,0,0,0,0,0,0,0,0,0,0,0,0,0,0,0,0,0,0,0,0,0,0,0,0,0,0,0,0,0,0,0,0,0,0,0,0,0,0,0,0,0,0,0,0,0,0,0,0,0,0,0,0,0,0,0,0,0,0,0,0,0,0,0,0,0,0,0,0,0,0,0,0,0,0,0,0,0,0,0,0,0,0,135432000,0,0,0
"DZA",0,0,0,0,0,0,0,0,0,0,0,0,0,0,0,0,0,0,0,0,0,0,0,0,0,0,0,0,0,0,0,0,0,0,0,0,0,0,0,0,0,0,0,0,0,0,0,0,0,0,0,0,0,0,0,0,0,0,0,0,0,0,0,0,0,0,0,0,0,0,0,0,0,0,0,0,0,0,0,0,0,0,0,0,0,0,0,0,0,0,0,0,0,0,0,0,0,0,1.08e+08,0,0,0,0,0,0,25200000,0,0,0,0,0,0,0,0,0,0,0,0,0,0,0,0,0,0,0,0,0,0,0,0,0,0,0,0,0,0,0,0,0,0,0,0,0,0,0,0,0,0,0,0,0,0,0,0,0,0,0,0,0,0,0,0,0,0,0,0,0,0,0,0,0,0,0,2016000,0,0,0,0,0,0,0,0,0,0,0,0,0,0,0,0,0,0,0,0,0
"ATG",0,0,0,0,0,0,0,0,0,0,0,0,0,0,0,0,0,0,0,0,0,0,0,0,0,0,0,0,0,0,0,0,0,0,0,0,0,0,0,0,0,0,0,0,0,0,0,0,0,0,0,0,0,0,0,0,0,0,0,0,0,0,0,0,0,0,0,0,0,0,0,0,0,0,0,0,0,0,0,0,0,0,0,0,0,0,0,0,0,0,0,0,0,0,0,0,0,0,0,0,0,0,0,0,0,0,0,0,0,0,0,0,0,0,0,0,0,0,0,0,0,0,0,0,0,0,0,0,0,0,0,0,0,0,0,0,0,0,0,0,0,0,0,0,0,0,0,0,0,0,0,0,0,0,0,0,0,0,0,0,0,0,0,0,0,0,0,0,0,0,0,0,0,0,0,0,0,0,0,0,0,0,0,0,0,0,0,0,0,0,0,0,0,0,0
"ARG",0,0,0,1.764e+10,0,0,0,0,0,0,0,0,0,0,129287184000,0,884283668000,0,0,0,0,0,0,0,0,11984961000,0,0,0,0,591190311000,0,206107200000,0,0,0,236775860000,212058144000,0,0,0,1996302300,0,0,0,0,0,0,0,0,0,0,0,3.36e+09,0,0,0,0,3.0672e+10,1372740000,0,0,0,0,0,0,0,0,0,0,8436060000,0,0,0,0,0,0,0,3.9744e+11,0,332340000,2386258500,0,0,0,0,0,0,0,0,0,0,0,257040000,0,1.8e+09,0,0,0,0,0,0,0,0,0,0,0,0,0,86065200000,0,0,0,0,0,0,314160000,0,0,0,0,608580000,50204440000,0,0,0,0,18208476000,0,0,4763680000,50061240000,0,0,0,0,0,0,0,0,0,0,0,0,0,0,0,179928000,249481944000,0,0,0,0,0,0,0,1703597000,0,0,0,0,0,0,0,0,0,0,0,0,0,0,0,127796400000,0,0,0,1649442000,0,36118989600,0,3122056000,0,0,0,0,0,0,0,10699782000,0,0,0,0,0,0
"AUS",0,0,0,0,0,0,0,0,0,0,0,0,0,0,0,0,0,0,0,0,0,0,0,0,0,0,0,0,0,0,0,0,0,0,0,0,0,0,0,0,0,0,0,0,0,0,0,0,0,0,0,0,0,0,0,0,0,0,0,0,0,0,0,0,0,0,0,0,0,0,0,0,0,0,0,0,0,0,0,0,0,0,0,0,0,0,0,0,0,0,0,0,0,0,0,0,0,0,0,0,0,0,0,0,0,0,0,0,0,0,0,0,0,0,0,0,0,0,0,0,0,9100000,0,0,0,0,0,0,0,88788000,0,0,0,0,0,0,0,0,0,0,0,0,0,0,0,0,0,0,0,0,0,0,0,0,0,0,0,0,0,0,0,0,0,0,0,0,0,0,0,0,0,0,0,0,0,0,0,0,0,0,0,0,0,0,0,0,0,0,0,0,0,0,0,0,0
"AUT",0,0,728000,0,0,0,0,0,0,0,0,0,0,0,0,0,0,0,0,0,0,654120000,0,0,0,0,0,0,0,0,0,73200,0,0,0,0,0,0,72112000,0,0,434889000,0,0,0,0,0,0,0,12245200,0,0,693400,69843000,0,0,0,0,0,5785728300,0,0,0,18946800,0,0,0,0,0,0,0,0,8225795100,1337778500,0,0,0,36000,0,0,0,1879792700,0,0,0,0,0,0,0,0,0,0,0,716130500,0,0,0,0,0,31830000,0,0,0,0,0,0,1205000,0,0,0,0,0,0,2016000,0,0,135800700,0,0,2504100,0,0,0,0,0,0,0,0,1780802500,0,0,0,0,2700810200,732000,0,0,0,0,0,541726800,0,0,0,0,0,0,0,0,0,0,929047500,1962090500,0,0,280000,167565800,0,0,0,14515800,307028900,0,0,0,0,0,540000,0,0,0,0,89931600,0,0,0,129436100,0,3294000,0,0,0,0,0,0,0,0,0,54613800,1787100,84459600,3784000,0,0,0
"BHS",0,0,0,0,0,0,0,0,0,0,0,0,0,0,0,0,0,0,0,0,0,0,0,0,0,0,0,0,0,0,0,0,0,0,0,0,0,0,0,0,0,0,0,0,0,0,0,0,0,0,0,0,0,0,0,0,0,0,0,0,0,0,0,0,0,0,0,0,0,576000,0,0,0,0,0,0,0,0,0,0,0,0,0,0,0,0,0,0,0,0,0,0,0,0,0,0,0,0,0,0,0,0,0,0,0,0,0,0,0,0,0,0,0,0,0,0,0,0,0,0,0,0,0,0,0,0,0,0,0,0,0,0,0,0,0,0,0,0,0,0,0,0,0,0,0,0,0,0,0,0,0,0,0,0,0,0,0,0,0,0,0,0,0,0,0,0,0,0,0,0,0,0,0,0,0,0,0,0,0,0,0,0,0,0,0,0,0,0,0,0,0,0,0,0,0
"BHR",0,0,0,0,1764000,0,6192000,0,1692000,0,0,53550000,0,0,0,0,0,0,0,0,0,0,0,0,0,72000,0,0,0,0,0,0,0,0,0,0,0,0,1620000,0,0,0,0,0,0,0,0,0,0,0,0,0,0,0,0,0,0,0,0,0,0,0,0,1440000,0,0,0,0,0,0,0,4860000,0,0,0,355248000,0,0,31036000,0,0,9e+05,0,0,0,0,12312000,0,0,0,0,0,8712000,0,0,0,0,34272000,0,0,0,0,0,0,0,0,9072000,0,0,0,0,0,0,0,0,0,1152000,0,0,0,23652000,0,0,0,0,4140000,0,19980000,0,0,0,0,540000,0,0,0,0,0,0,0,0,0,0,0,0,72000,0,1989587700,0,0,140400000,0,0,7056000,0,1368000,0,0,0,0,0,0,0,0,0,0,0,0,0,0,0,0,507780000,437846400,0,540000,792000,0,64028000,0,0,0,0,0,72000,409104000,0,0,0,72000,0,0,0,0,0
"BRB",0,0,0,0,0,0,0,0,0,0,0,0,0,0,0,0,0,0,0,0,0,0,0,0,0,0,0,0,0,0,0,0,0,0,0,0,0,0,0,0,0,0,0,2052000,0,0,0,0,0,0,0,0,0,0,0,0,0,0,0,0,0,0,0,0,0,0,0,0,0,0,0,0,0,0,0,0,0,0,0,0,0,0,0,0,0,0,0,0,0,0,0,0,0,0,0,0,0,0,0,0,0,0,0,0,0,0,0,0,0,0,0,0,0,0,0,0,0,0,0,0,0,0,0,0,0,0,0,84000,0,0,0,0,0,0,0,0,0,0,0,0,0,0,0,0,65126700,0,0,0,0,0,0,0,0,0,0,0,0,0,0,0,0,0,0,0,0,0,0,0,0,0,0,0,0,0,0,0,0,0,999600,0,0,0,0,0,0,0,0,0,0,0,0,0,0,0,0
"BGD",0,0,0,0,0,0,2639952000,0,0,632520000,0,0,0,0,0,0,0,0,0,0,42924000,0,0,0,0,2125196400,0,0,0,0,0,0,0,0,0,0,0,0,2880000,0,0,0,0,0,0,0,0,0,0,0,0,0,7560000,0,0,0,0,0,0,59518200,0,0,0,440460000,0,0,0,0,0,0,0,477008000,0,0,0,0,0,0,0,44892000,0,8236358700,0,0,0,10416044500,1281708000,0,0,0,0,0,221332000,0,0,382500000,0,0,0,0,0,0,0,2577600000,4771260000,0,0,0,195496000,0,0,0,0,0,0,3.51e+10,540000,0,0,0,0,99360000,0,0,0,0,0,0,0,0,0,0,1656000,0,12940000,0,0,0,398426400,0,0,0,0,0,0,0,0,10438321700,0,0,0,0,0,1542024000,0,358144000,0,0,36000,0,60660000,10800000,0,0,0,0,0,0,0,1677900,9216000,0,0,3372828000,0,0,1533729400,0,10154616100,0,0,0,0,0,0,0,0,0,196047600,0,0,0,0,0,0
"BMU",0,0,0,0,0,0,0,0,0,0,0,0,0,0,0,0,0,0,0,0,0,0,0,0,0,0,0,0,0,0,0,0,0,0,0,0,0,0,0,0,0,0,0,0,0,0,0,0,0,0,0,0,0,0,0,0,0,0,0,0,0,0,0,0,0,0,0,0,0,0,0,0,0,0,0,0,0,0,0,0,0,0,0,0,0,0,0,0,0,0,0,0,0,0,0,0,0,0,0,0,0,0,0,0,0,0,0,0,0,0,0,0,0,0,0,0,0,0,0,0,0,0,0,0,0,0,0,0,0,0,0,0,0,0,0,0,0,0,0,0,0,0,0,0,0,0,0,0,0,0,0,0,0,0,0,0,0,0,0,0,0,0,0,0,0,0,0,0,0,0,0,0,0,0,0,0,0,0,0,0,0,0,0,0,0,0,0,0,0,0,0,0,0,0,0
"BTN",0,0,0,0,0,0,0,0,0,749700,0,0,0,0,0,0,0,0,0,0,0,0,0,0,0,828000,0,0,0,0,0,0,0,0,0,0,0,0,0,0,0,0,0,0,0,0,0,0,0,0,0,0,0,0,0,0,0,0,0,0,0,0,0,0,0,0,0,0,0,0,0,0,0,0,0,0,0,0,0,0,0,0,0,0,0,0,0,0,0,0,0,0,252000,0,0,0,0,0,0,0,0,0,0,0,0,0,0,0,0,0,0,0,0,0,0,0,0,0,0,0,0,0,0,0,0,0,0,0,0,0,0,0,0,0,0,0,0,0,0,0,0,0,0,0,0,0,0,0,0,0,0,0,0,11245500,0,0,0,0,0,0,0,0,0,0,0,0,0,0,0,0,0,0,0,0,0,0,0,0,0,0,0,0,0,0,0,0,0,0,0,0,0,0,0,0,0
"BOL",0,0,0,0,0,0,0,0,0,0,0,0,0,0,0,0,0,0,0,0,0,0,0,0,0,0,0,0,0,0,1378800000,0,2.61e+08,0,0,0,0,0,0,0,0,0,0,0,0,0,0,0,0,0,0,0,0,0,0,0,0,0,0,0,0,0,0,0,0,0,0,0,0,0,0,0,0,0,0,0,0,0,0,0,0,0,0,0,0,0,0,0,0,0,0,0,0,0,0,0,0,0,0,0,0,0,0,0,0,0,0,0,0,0,0,0,0,0,0,0,0,0,0,0,0,0,0,0,0,0,0,0,0,0,0,626400000,0,0,0,0,0,0,0,0,0,0,0,0,0,0,0,0,0,0,0,0,0,0,0,0,0,0,0,0,0,0,0,0,0,0,0,0,0,0,0,0,0,0,0,0,0,0,0,0,0,0,0,0,0,0,0,0,0,0,0,0,0,0,0
"BWA",0,0,0,0,0,0,0,0,0,0,0,0,0,0,0,0,0,0,0,0,0,0,0,0,0,0,0,0,0,0,0,0,0,0,0,0,0,0,0,0,0,0,0,0,0,0,0,0,0,0,0,0,0,0,0,0,0,0,0,0,0,0,0,0,0,0,0,0,0,0,0,0,0,0,0,0,0,0,0,0,0,0,0,0,0,0,0,0,0,0,0,0,0,0,0,0,0,0,0,0,0,0,0,0,0,0,0,0,0,0,0,0,0,0,31910200,0,0,0,0,0,0,0,0,0,0,0,0,0,0,0,0,0,0,0,0,0,0,0,0,21600000,0,0,0,0,0,0,0,0,0,0,0,0,0,0,0,5243948000,0,0,0,0,0,0,0,0,0,0,0,0,0,0,0,0,0,0,0,0,0,0,0,0,0,0,0,0,0,0,0,28044000,0,0,0,0,0,0,0
"BRA",0,0,0,1.89e+09,3200040000,2953345200,0,0,3026304000,0,8015099100,0,0,0,143353859400,0,0,0,110600000,0,0,0,0,0,40176000,7378686000,58242471600,0,0,0,37491262800,0,183183000,0,0,0,144157216000,2.1402e+11,0,0,3.6e+09,0,458172000,175680000,0,0,0,0,2378376000,0,0,0,0,0,0,0,0,0,438143688000,581603400,0,0,0,0,0,407988000,4228280000,0,2628000,0,1.044e+10,1291500,0,0,0,0,0,0,1080360000,0,1346400000,3842496300,5.4e+08,0,0,343051800,450360000,0,0,0,0,0,0,0,0,1667844000,0,0,1280880000,1117548000,0,0,0,0,0,0,0,539928000,0,455949000,0,0,2700000,0,5128956000,0,30575172000,0,0,0,0,165600000,503402124000,0,7134344000,0,0,42296036400,0,0,5034008400,486359784000,0,0,1838691000,7639740000,0,0,0,0,0,0,0,89676000,0,3061027500,472500000,51748380000,914324256000,0,354612672000,143298000,0,9e+08,0,11288709000,3507928000,219600,0,0,0,251706846000,0,0,0,0,0,2.7e+09,0,55317118800,0,0,4.5e+08,1294308000,0,0,1048786800,0,261685923300,0,1813334900,0,322594914500,86400000,0,0,0,0,29886516000,0,0,0,0,0,168516000
"ARB",0,0,0,0,0,0,0,0,0,0,0,0,0,0,0,0,0,0,0,0,0,0,0,0,0,0,0,0,0,0,0,0,0,0,0,0,0,0,0,0,0,0,0,0,0,0,0,0,0,0,0,0,0,0,0,0,0,0,0,0,0,0,0,0,0,0,0,0,0,0,0,0,0,0,0,0,0,0,0,0,0,0,0,0,0,0,0,0,0,0,0,0,0,0,0,0,0,0,0,0,0,0,0,0,0,0,0,0,0,0,0,0,0,0,0,0,0,0,0,0,0,0,0,0,0,0,0,0,0,0,0,0,0,0,0,0,0,0,0,0,0,0,0,0,0,0,0,0,0,0,0,0,0,0,0,0,0,0,0,0,0,0,0,0,0,0,0,0,0,0,0,0,0,0,0,0,0,0,0,0,0,0,0,0,0,0,0,0,0,0,0,0,0,0,0
"BLZ",0,0,0,0,0,0,0,0,0,0,349288800,0,0,0,0,0,0,0,0,0,0,0,0,0,0,0,0,0,0,0,0,0,0,0,0,0,0,0,0,0,0,0,0,0,0,0,0,0,0,0,0,0,0,0,0,0,0,0,0,0,0,648000,0,0,0,0,0,0,0,0,0,0,0,0,0,0,0,0,0,0,0,0,0,0,0,0,0,0,0,0,0,0,0,0,0,0,0,0,0,0,0,0,0,0,0,0,0,0,0,0,0,0,0,0,0,0,0,0,0,0,0,0,0,0,0,0,0,0,0,0,0,0,0,0,0,0,0,0,0,0,0,0,0,0,0,0,0,0,0,0,0,0,0,0,0,0,0,0,0,0,0,0,0,0,0,0,0,0,0,0,0,0,0,0,0,0,0,0,0,0,0,0,0,0,0,0,0,0,0,0,0,0,0,0,0
"SLB",0,0,0,0,0,0,0,0,0,0,0,0,0,0,0,0,0,0,0,0,0,0,0,0,0,0,0,0,0,0,0,0,0,0,0,0,0,0,0,0,0,0,0,0,0,0,0,0,0,0,0,0,0,0,0,0,0,0,0,0,0,0,0,0,0,0,0,0,0,0,0,0,0,0,0,0,0,0,0,0,0,0,0,0,0,0,0,0,0,0,0,0,0,0,0,0,0,0,0,0,0,0,0,0,0,0,0,0,0,0,0,0,0,0,0,0,0,0,0,0,0,0,0,0,0,0,0,0,0,0,0,0,0,0,0,0,0,0,0,0,0,0,0,0,0,0,0,0,0,0,0,0,0,0,0,0,0,0,0,0,0,0,0,0,0,0,0,0,0,0,0,0,0,0,0,0,0,0,0,0,0,0,0,0,0,0,0,0,0,0,0,0,0,0,0
"BRN",0,0,0,0,0,0,0,0,0,0,0,360000,0,0,0,0,0,0,0,0,0,0,0,0,0,0,0,0,0,0,0,0,0,0,0,0,0,0,0,0,0,0,0,0,0,0,0,0,0,0,0,0,0,0,0,0,0,0,0,0,0,0,0,0,0,0,0,0,0,0,0,0,0,0,0,0,0,0,0,0,0,0,0,0,0,0,0,0,0,0,0,0,0,0,0,0,0,0,0,0,0,0,0,44388000,0,0,0,0,0,0,0,0,0,0,0,0,0,0,0,0,0,0,0,0,0,0,0,0,0,0,0,0,0,0,0,0,0,0,0,0,0,0,0,0,0,0,0,0,0,0,0,0,0,75600000,0,0,0,0,0,0,0,0,0,0,0,0,0,0,0,0,0,0,0,0,0,0,0,0,0,0,0,0,0,0,0,0,0,0,0,0,0,0,0,0,0
"BGR",648000,0,993816000,0,0,0,0,178272000,0,0,0,0,0,0,0,0,0,0,0,0,0,0,0,0,0,0,0,0,0,0,0,0,0,0,0,0,0,0,53632000,0,0,2268000,0,0,0,0,0,0,0,732000,0,0,0,14688000,0,0,0,0,0,268682700,0,0,0,1010121900,0,0,0,0,0,0,0,0,4319775000,491692800,0,0,0,0,81432000,0,0,4854488000,0,0,0,0,0,0,0,0,0,0,2.88e+08,172800000,0,2145600000,0,0,0,1957064000,0,0,0,0,0,0,0,0,0,0,0,0,0,4252680000,0,0,518400000,0,0,89821200,0,0,0,0,0,0,0,0,7794400800,0,0,0,0,11347901000,0,0,0,0,7.2e+08,0,133671223000,0,292800,0,0,0,0,0,0,0,0,0,484524000,0,0,0,0,0,0,0,0,0,0,0,0,0,0,0,0,0,0,0,202629015900,285600,0,0,78938400,347200000,25061400,0,0,0,0,0,0,0,0,0,792000,0,8083470000,129600000,0,0,0
"MMR",0,0,0,0,0,0,0,0,0,0,0,0,0,0,0,0,0,0,0,0,0,0,0,0,0,0,0,0,0,0,0,0,0,0,0,0,0,0,0,0,0,0,0,0,0,0,0,0,0,0,0,0,0,0,0,0,0,0,0,0,0,0,0,0,0,0,0,0,0,0,0,0,0,0,0,0,0,0,0,0,0,0,0,0,0,0,0,0,0,0,0,0,0,0,0,0,0,0,0,0,0,0,0,0,0,0,0,0,0,0,0,0,0,0,0,0,0,0,0,0,0,0,0,0,0,0,0,0,0,0,0,0,0,0,0,0,0,0,0,0,0,0,0,0,0,0,0,0,0,0,0,0,0,0,0,0,0,0,0,0,0,0,0,0,0,0,0,0,0,0,0,0,0,0,0,0,0,0,0,0,0,0,0,0,0,0,0,0,0,0,0,0,0,0,0
"BDI",0,0,0,0,0,0,0,0,0,0,0,0,0,0,0,0,0,0,0,0,0,0,0,0,0,0,0,0,0,0,0,0,0,0,0,0,0,0,0,0,0,0,0,0,0,0,0,0,0,0,0,0,0,0,0,0,0,0,0,0,0,0,0,0,0,0,0,0,0,0,0,0,0,0,0,0,0,0,0,0,0,0,0,0,0,0,0,0,0,0,0,0,0,0,0,0,0,0,0,0,0,0,0,0,0,0,0,0,0,0,0,0,0,0,0,0,0,0,0,0,0,0,0,0,0,0,0,0,0,0,0,0,0,0,0,0,0,0,0,0,0,0,0,0,0,0,0,0,0,0,0,0,0,0,0,0,0,0,0,0,0,0,0,0,0,0,0,0,0,0,0,0,0,0,0,0,0,0,0,0,0,0,0,0,0,0,720000,0,0,0,0,0,0,0,0
"CMR",0,0,0,0,0,0,0,0,0,0,0,0,0,0,0,0,0,0,0,0,0,0,0,0,0,0,0,2497140000,0,84207600000,0,0,0,0,3820320000,0,0,0,0,0,0,0,0,0,0,0,0,0,0,0,0,0,0,0,0,0,0,0,0,0,0,0,0,0,0,0,0,0,0,0,0,0,0,0,0,0,0,0,0,0,0,0,0,0,0,0,0,0,0,0,0,0,0,0,0,0,0,0,0,0,0,0,0,0,0,0,0,0,0,0,0,0,0,0,0,0,0,0,0,0,0,0,0,0,37885823000,0,0,0,0,0,0,0,0,0,0,0,0,0,0,0,0,0,0,0,0,0,0,0,0,0,0,0,0,0,0,0,0,0,0,0,0,0,0,0,0,0,0,0,0,0,0,0,0,0,0,0,0,0,6552000,0,0,0,0,0,0,0,0,0,0,0,0,0,0,0,0
"CAN",0,0,0,0,1080000,10800000,0,0,0,0,178467300,0,0,0,0,0,0,0,0,0,0,0,0,0,0,0,0,0,0,0,0,1312704000,0,0,0,0,0,0,0,0,0,0,49896000,131724000,0,0,0,3060000,0,0,0,0,0,326718600,0,0,0,0,0,6875100,0,107455500,0,0,0,4676700,0,0,437529100,33029400,2880000,4418823100,0,0,0,3681395700,0,0,0,0,0,0,2376000,0,27438300,0,0,0,0,0,0,0,0,0,0,2891700,0,0,0,0,0,0,0,0,0,0,0,0,0,0,1535100,0,0,0,0,0,109848900,0,0,0,0,0,0,0,13428000,0,0,0,0,0,0,8064000,0,0,0,0,0,0,0,0,0,0,0,0,535500,6854400,0,326772000,0,0,0,0,0,168567900,0,57888000,0,0,0,0,0,0,0,0,0,0,478728000,828000,0,287165100,0,0,0,620070000,0,0,2166660000,0,35932970100,0,0,0,17028000,0,0,0,828000,0,0,0,0,0,0,0,0
"CPV",0,0,0,0,0,0,0,0,0,0,0,0,0,0,0,0,0,0,0,0,0,0,0,0,0,0,0,0,0,0,0,0,0,0,0,0,0,0,0,0,0,0,0,0,0,0,0,0,0,0,0,0,0,0,0,0,0,0,0,0,0,0,0,0,0,0,0,0,0,0,0,0,0,0,0,0,0,0,0,0,0,0,0,0,0,0,0,0,0,0,0,0,0,0,0,0,0,0,0,0,0,0,0,0,0,0,0,0,0,0,0,0,0,0,0,0,0,0,0,0,0,0,0,0,0,0,0,0,0,0,0,0,0,0,0,0,0,0,0,0,0,0,0,0,0,0,0,0,0,0,0,0,0,0,0,0,0,0,0,0,0,0,0,0,0,0,0,0,0,0,0,0,0,0,0,0,0,0,0,0,0,0,0,0,0,0,0,0,0,0,0,0,0,0,0
"CAF",0,0,0,0,0,0,0,0,0,0,0,0,0,0,0,0,0,0,0,0,0,0,0,0,0,0,0,0,0,0,0,0,0,0,0,0,0,0,0,0,0,0,0,0,0,0,0,0,0,0,0,0,0,0,0,0,0,0,0,0,0,0,0,0,0,0,0,0,0,0,0,0,0,0,0,0,0,0,0,0,0,0,0,0,0,0,0,0,0,0,0,0,0,0,0,0,0,0,0,0,0,0,0,0,0,0,0,0,0,0,0,0,0,0,0,0,0,0,0,0,0,0,0,0,0,0,0,0,0,0,0,0,0,0,0,0,0,0,0,0,0,0,0,0,0,0,0,0,0,0,0,0,0,0,0,0,0,0,0,0,0,0,0,0,0,0,0,0,0,0,0,0,0,0,0,0,0,0,0,0,0,0,0,0,0,0,0,0,0,0,0,0,0,0,0
"LKA",0,0,0,0,0,0,5045389400,0,0,119220000,0,560000,0,0,0,0,0,0,0,0,0,0,0,0,0,4688085700,0,0,0,0,0,0,0,0,0,0,0,0,91626600,0,0,200584800,0,0,0,0,0,0,0,53550000,0,0,0,1092397300,0,252000,0,0,0,891168200,0,1.8e+08,0,0,0,0,112000,0,0,540000,0,42446400,0,0,0,109200,0,0,58101900,0,0,2248323000,0,0,0,264521600,208725600,0,0,0,4392000,0,1266441000,0,0,141917400,0,0,0,0,1800000,0,0,12834600,1764951300,4060000,120600000,0,173200,0,0,0,1080000,2880000,0,0,96481800,0,0,0,71400,732422800,0,0,0,608008900,324000,0,0,1476600,0,0,0,0,0,0,0,0,1189390200,0,0,0,216000,0,0,0,0,760165500,0,102884100,0,0,0,281105400,0,0,0,0,0,0,74812500,1367124400,0,0,0,0,0,0,0,0,3600000,0,0,8738843700,0,0,5847417300,0,1772702700,0,0,0,0,0,0,0,0,0,0,0,0,0,0,0,0
"TCD",0,0,0,0,0,0,0,0,0,0,0,0,0,0,0,0,0,0,0,0,0,0,0,0,0,0,0,0,0,0,0,0,0,0,0,0,0,0,0,0,0,0,0,0,0,0,0,0,0,0,0,0,0,0,0,0,0,0,0,0,0,0,0,0,0,0,0,0,0,0,0,0,0,0,0,0,0,0,0,0,0,0,0,0,0,0,0,0,0,0,0,0,0,0,0,0,0,0,0,0,0,0,0,0,0,0,0,0,0,0,0,0,0,0,0,0,0,0,0,0,0,0,0,0,0,0,0,0,0,0,0,0,0,0,0,0,0,0,0,0,0,0,0,0,0,0,0,0,0,0,0,0,0,0,0,0,0,0,0,0,0,0,0,0,0,0,0,0,0,0,0,0,0,0,0,0,0,0,0,0,0,0,0,0,0,0,0,0,0,0,0,0,0,0,0
"CHL",0,0,0,0,0,0,0,0,0,0,0,0,0,0,0,0,6040800000,0,0,0,0,0,0,0,0,0,0,0,0,0,0,0,0,0,0,0,0,0,0,0,0,0,0,0,0,0,0,0,0,0,0,0,0,0,0,0,0,0,0,0,0,0,0,0,0,0,0,0,0,0,0,0,0,0,0,0,0,0,0,0,0,3816000,0,0,0,0,0,0,0,0,0,0,0,0,0,0,0,0,0,0,0,0,0,0,0,0,0,0,0,0,0,0,0,0,0,0,0,0,0,0,0,0,0,0,0,0,0,0,0,0,0,0,0,0,0,0,0,0,0,0,0,0,0,0,0,0,0,0,0,0,0,0,0,0,0,0,0,0,0,0,4860000,0,0,0,0,0,0,0,0,0,0,0,0,0,0,0,0,0,0,0,0,0,4519800000,0,0,0,0,0,0,0,0,0,0,0,0
"CHN",0,12650400000,3.33e+09,374400000,0,0,4396860000,0,65196000,0,0,2709476000,0,0,0,0,0,0,0,5798664000,0,0,2.8e+08,37634400000,156289140000,6308760000,8769600000,2887200000,10176660000,35773200000,0,0,0,0,0,0,0,23918400000,151200000,0,1.7496e+10,0,0,0,0,0,1.17e+10,0,0,0,0,396840000,0,107100,0,9421200000,0,0,32644800000,375408000,0,1.8e+09,6268248000,0,0,0,0,48945600000,0,0,0,118762817800,0,1.71e+09,0,62496000,9999052000,421200000,0,0,0,99222000,1.32732e+12,0,0,191621221500,0,0,37882800000,1.8e+08,278853300000,1224307325700,0,0,2661435000,39463200000,17344800000,328318428000,0,0,2.574e+09,15577200000,2.5506e+10,561600000,0,10814400000,0,0,0,0,96868064800,1234800000,261661880000,0,23792456000,787316000,2.988e+09,0,0,0,6694740000,746280000,0,39031200000,24405660000,0,49149132000,0,0,0,0,1680000,138005012000,0,75600000,177699600000,0,9e+06,0,110948400000,0,0,25348680000,0,0,0,3.6e+09,4.5e+08,239414400000,0,213514596000,0,0,789911400,10158300000,17190468000,0,0,0,0,0,0,1.233e+10,0,147960000,0,28000,91876000,0,0,0,0,2.7612e+11,1064736000,21583348000,293868000,595296000,0,21801957900,0,336000,336000,0,29886132000,11422800000,7.2e+09,36016940000,0,2.25e+08,0,0,0,8.1e+09,40885200000,0
"COL",0,0,0,0,0,0,0,0,0,0,0,0,0,0,0,0,0,0,0,0,0,0,0,0,0,0,0,0,0,0,0,0,0,0,0,0,0,0,0,0,0,0,0,0,0,1.8e+07,0,0,0,0,0,0,0,0,0,0,0,0,0,0,0,0,0,0,0,0,0,0,0,0,0,0,0,0,0,0,0,0,0,0,0,0,0,0,0,0,0,0,0,0,0,0,0,0,0,0,0,0,0,0,0,0,0,0,0,0,0,0,0,0,0,0,0,0,0,0,0,0,0,0,0,0,0,0,0,0,0,35700,0,0,0,0,0,0,0,0,0,0,0,0,0,0,0,0,0,0,0,0,0,0,0,0,0,0,0,0,0,0,0,0,0,0,0,0,0,0,0,0,0,0,0,0,0,0,0,0,0,0,0,0,0,0,375840000,0,0,0,0,0,0,0,0,0,0,0,0
"COM",0,0,0,0,0,0,0,0,0,0,0,0,0,0,0,0,0,0,0,0,0,0,0,0,0,0,0,0,0,0,0,0,0,0,0,0,0,0,0,0,0,0,0,0,0,0,0,0,0,0,0,0,0,0,0,0,0,0,0,0,0,0,0,0,0,0,0,0,0,0,0,0,0,0,0,0,0,0,0,0,0,0,0,0,0,0,0,0,0,0,0,0,0,0,0,0,0,0,0,0,0,0,0,0,0,0,0,0,0,0,0,0,0,0,0,0,0,0,0,0,0,0,0,0,0,0,0,0,0,0,0,0,0,0,0,0,0,0,0,0,0,0,0,0,0,0,0,0,0,0,0,0,0,0,0,0,0,0,0,0,0,0,0,0,0,0,0,0,0,0,0,0,0,0,0,0,0,0,0,0,0,0,0,0,0,0,0,0,0,0,0,0,0,0,0
"COG",0,0,0,0,0,0,0,0,0,0,0,0,0,0,0,0,0,0,0,0,0,0,0,0,0,0,0,0,0,0,0,268452000,0,0,0,0,0,0,0,0,0,0,0,0,0,0,0,0,0,0,0,0,0,0,0,0,0,0,0,0,0,0,0,0,0,0,0,0,0,0,0,0,0,0,0,0,0,0,0,0,0,0,0,0,0,0,0,0,0,0,0,0,0,0,0,0,0,0,0,0,0,0,0,0,0,0,0,0,0,0,0,0,0,0,0,0,0,0,0,0,0,0,0,0,0,0,0,0,0,0,0,0,0,0,0,0,0,0,0,0,0,0,0,0,0,0,0,0,0,0,0,0,0,0,0,0,0,0,0,0,0,0,0,0,0,0,0,0,0,0,0,0,0,0,0,0,0,0,0,0,0,0,0,0,0,0,352767500,0,0,0,0,0,0,0,0
"COK",0,0,0,0,0,0,0,0,0,0,0,0,0,0,0,0,0,0,0,0,0,0,0,0,0,0,0,0,0,0,0,0,0,0,0,0,0,0,0,0,0,0,0,0,0,0,0,0,0,0,0,0,0,0,0,0,0,0,0,0,0,0,0,0,0,0,0,0,0,0,0,0,0,0,0,0,0,0,0,0,0,0,0,0,0,0,0,0,0,0,0,0,0,0,0,0,0,0,0,0,0,0,0,0,0,0,0,0,0,0,0,0,0,0,36000,0,0,0,0,0,0,0,0,0,0,0,0,0,0,0,0,0,0,0,0,0,0,0,0,0,0,0,0,0,0,0,0,0,0,0,0,0,0,0,0,0,0,0,0,0,0,0,0,0,0,0,0,0,0,0,0,0,0,0,0,0,0,0,0,0,0,0,0,0,0,0,0,0,0,0,0,0,0,0,0
"CRI",0,0,0,0,0,0,0,0,0,0,0,0,0,0,0,0,0,0,3864000,0,0,0,0,0,0,0,0,0,0,0,0,0,0,0,0,0,0,0,0,0,0,0,0,0,0,0,0,31321440000,0,0,0,0,0,0,0,0,0,0,0,0,0,0,0,0,0,0,25895332000,0,0,0,2127312000,0,0,0,0,0,0,0,0,0,0,0,0,0,0,0,0,0,0,0,0,0,0,0,0,0,0,0,0,0,0,0,0,0,0,0,0,0,0,0,0,0,0,0,0,0,0,0,0,0,0,0,5757317500,0,0,0,0,797916000,0,0,0,0,0,0,0,0,0,0,0,0,0,0,0,0,0,0,0,0,0,0,0,0,0,0,0,0,0,0,0,0,0,0,0,0,0,0,0,0,0,0,0,0,0,0,0,0,0,0,0,0,0,0,0,0,0,0,0,0,0,0,0,0,0,0,0
"CUB",0,0,0,0,0,0,0,0,0,0,0,0,0,0,0,0,0,0,0,0,0,0,0,0,0,0,0,0,0,0,0,0,0,0,0,0,0,0,0,0,0,0,0,0,0,0,0,0,0,0,0,0,0,0,0,0,0,0,0,0,0,0,0,0,0,0,0,0,0,0,0,0,0,0,0,0,0,0,0,0,0,0,0,0,0,0,0,0,0,0,0,0,0,0,0,0,0,0,0,0,0,0,0,0,0,0,0,0,0,0,0,0,0,0,0,0,0,0,0,0,0,0,0,0,0,0,0,0,0,0,0,0,0,0,0,0,0,0,0,0,0,0,0,0,0,0,0,0,0,0,0,0,0,0,0,0,0,0,0,0,0,0,0,0,0,0,0,0,0,0,0,0,0,0,0,0,0,0,0,0,0,0,0,0,0,0,0,0,0,0,0,0,0,0,0
"CYP",0,0,0,0,0,0,0,0,0,0,0,0,0,0,0,0,0,0,0,0,0,0,0,0,0,0,0,0,0,0,0,0,0,0,0,0,0,0,0,0,0,0,0,0,0,0,0,0,0,0,0,0,0,0,0,0,0,0,0,0,0,0,0,533036000,0,0,0,0,0,0,0,0,0,0,0,163188000,0,0,0,0,0,0,0,0,0,0,0,0,0,180576000,0,0,0,0,0,0,0,0,0,0,0,0,0,0,0,0,0,0,0,0,0,0,0,0,0,0,0,0,0,0,0,0,0,0,0,0,0,0,0,0,0,0,0,0,0,0,0,0,0,0,0,0,0,0,0,0,0,0,0,0,0,0,0,0,0,0,0,0,0,0,0,0,0,0,0,0,0,0,0,0,0,0,0,10800000,0,0,0,0,0,0,0,0,0,0,0,0,0,0,0,0,0,0,0,0,0
"AZE",0,0,0,0,0,0,0,0,0,0,0,0,0,0,0,0,0,0,0,0,0,0,0,0,0,0,0,0,0,0,0,0,0,288000,0,0,0,0,0,0,0,0,0,0,0,0,0,0,0,0,0,0,0,0,0,0,9e+06,0,0,0,0,0,0,0,0,0,0,0,0,0,0,0,0,0,0,0,0,0,0,0,0,0,0,0,0,0,0,0,0,0,0,0,0,0,0,0,0,0,0,0,0,0,0,0,0,0,0,0,0,0,0,0,0,0,0,0,0,0,0,0,0,0,0,0,0,0,0,0,0,0,0,0,0,0,0,0,0,0,0,0,0,0,0,0,0,0,0,0,0,0,0,0,0,0,0,0,0,0,53550000,0,3024000,0,0,0,0,0,0,0,0,0,0,0,0,108000,0,0,0,0,0,0,0,0,0,0,0,0,0,0,0,0,0,0,0,0,0
"BEN",0,0,0,0,0,0,0,0,0,0,0,0,0,0,0,0,0,0,0,0,0,0,0,0,0,0,0,0,0,0,0,0,0,0,0,0,0,0,0,0,0,0,0,0,0,0,0,0,0,0,0,0,0,0,0,0,0,0,0,0,0,0,0,0,0,0,0,0,0,0,0,0,0,0,0,0,0,0,0,0,0,0,0,0,0,0,0,0,0,0,0,0,0,0,0,0,0,0,0,0,0,0,0,0,0,0,0,0,0,0,0,0,0,0,0,0,0,0,0,0,0,0,0,399600000,0,0,0,0,0,0,0,0,0,0,0,0,0,0,0,0,0,0,0,0,0,0,0,0,0,0,0,0,0,0,0,0,0,0,0,0,0,0,0,0,0,0,0,0,0,0,0,0,0,0,0,0,0,0,0,0,0,0,0,0,0,0,0,0,0,0,0,0,0,0,0
"DNK",468000,0,0,108000,0,72000,252000,1640512500,0,0,0,36000,0,0,0,0,5558400,0,0,0,0,392700,0,0,0,396000,0,0,0,0,0,144000,0,0,0,0,0,540000,0,396000,0,0,0,0,72000,0,72000,0,0,212281800,985174500,0,838302000,3128922000,0,0,0,0,878500,1629178100,0,90396000,0,0,0,0,0,0,0,0,0,108000,14530200,0,1191083600,0,144000,0,0,52563600,0,14638491900,0,504000,0,0,0,324000,72000,0,684000,1080000,0,0,0,0,0,0,0,3816000,0,0,0,0,0,288000,0,72000,0,0,0,576000,0,504000,0,0,199067400,0,0,0,0,108000,0,0,0,1992083100,720000,0,0,0,0,252000,540000,131123100,68499300,0,0,0,0,0,214200,0,21312000,0,0,0,0,0,324000,0,0,1942500,0,540000,0,0,48618600,0,540000,0,18691874400,11664000,0,72000,0,180000,0,0,0,0,0,36000,1440000,0,36000,0,641686800,9180000,4572000,216000,36000,1224000,0,72000,0,0,0,0,4200408000,0,1224000,0,180000,0,0
"DMA",0,0,0,0,0,0,0,0,0,0,0,0,0,0,0,0,0,0,0,0,0,0,0,0,0,0,0,0,0,0,0,0,0,0,0,0,0,0,0,0,0,0,0,0,0,0,0,0,0,0,0,0,0,0,0,0,0,0,0,0,0,0,0,0,0,0,0,0,0,0,0,0,0,0,0,0,0,0,0,0,0,0,0,0,0,0,0,0,0,0,0,0,0,0,0,0,0,0,0,0,0,0,0,0,0,0,0,0,0,0,0,0,0,0,0,0,0,0,0,0,0,0,0,0,0,0,0,0,0,0,0,0,0,0,0,0,0,0,0,0,0,0,0,0,0,0,0,0,0,0,0,0,0,0,0,0,0,0,0,0,0,0,0,0,0,0,0,0,0,0,0,0,0,0,0,0,0,0,0,0,0,0,0,0,0,0,0,0,0,0,0,0,0,0,0
"DOM",0,0,0,0,0,0,0,0,0,0,0,0,0,0,0,0,0,0,0,0,0,0,0,0,0,0,0,0,0,0,0,0,0,0,0,0,0,0,0,0,0,0,0,0,0,0,0,0,0,0,0,0,0,0,0,0,0,0,0,0,0,0,0,0,0,0,0,0,0,0,0,0,0,0,0,0,0,0,0,0,0,0,0,0,0,0,0,0,0,0,0,0,0,0,0,0,0,0,0,0,0,0,0,0,0,0,0,0,0,0,0,0,0,0,0,0,0,0,0,0,0,0,0,0,0,0,0,0,0,0,0,0,0,0,0,0,0,0,0,0,0,0,0,0,0,0,0,0,0,0,0,0,0,0,0,0,0,0,0,0,0,0,0,0,0,0,0,0,0,0,0,0,0,0,0,0,0,0,0,0,0,0,0,0,0,0,0,0,0,0,0,0,0,0,0
"BLR",35244000,0,0,0,0,0,0,0,0,0,0,0,0,0,0,0,0,0,0,0,0,0,0,0,0,0,0,0,0,0,0,0,0,0,0,0,0,0,0,0,0,0,0,0,0,0,0,0,0,0,0,0,0,0,0,0,0,0,0,0,0,0,0,0,0,0,0,0,0,0,0,0,0,0,0,0,0,0,0,0,0,0,0,0,0,0,0,0,0,0,0,0,0,0,0,0,0,0,0,0,0,0,0,0,0,0,0,0,0,0,0,0,0,0,0,0,0,0,0,0,0,0,0,0,0,0,0,0,0,0,0,0,0,0,0,0,0,0,0,0,0,0,367248000,0,0,0,0,0,0,0,0,0,0,0,0,0,0,0,0,0,0,0,0,0,0,0,0,0,0,0,0,0,0,0,0,0,0,0,0,0,0,0,0,0,0,0,0,0,0,0,0,0,0,0,0
"ECU",0,0,0,0,0,0,0,0,0,0,0,0,0,0,0,0,0,0,0,0,0,0,0,0,0,0,0,0,0,0,0,0,964800000,0,0,0,0,0,0,0,0,0,0,0,0,0,0,0,0,0,0,0,0,2772000,0,0,0,0,0,0,0,0,0,0,0,0,0,0,0,0,0,0,0,0,0,0,0,0,0,0,0,97910400,0,0,0,0,0,0,0,0,0,0,0,0,0,0,0,0,0,0,0,0,0,0,0,0,0,0,0,0,0,0,0,0,0,0,0,0,0,0,0,0,0,0,0,0,0,39168000,0,0,0,1244952000,0,0,0,0,0,0,0,0,0,0,0,0,0,0,0,0,0,0,0,0,0,0,0,0,10800000,0,0,0,0,0,0,0,0,0,0,0,0,0,0,0,0,0,0,0,0,0,4320000,0,0,0,0,0,0,0,0,0,0,0,0,0,0,0,0
"EGY",0,0,0,0,0,0,0,0,0,10710000,0,0,0,0,0,0,0,0,0,0,0,1071540000,0,0,0,0,0,0,0,0,0,0,0,0,0,0,0,0,0,0,0,2669760000,0,0,0,0,0,0,0,0,0,0,0,13986432000,0,0,0,0,0,0,0,756000,0,0,0,0,0,0,0,0,0,0,0,0,0,0,0,0,0,0,0,756792000,0,0,0,0,0,0,0,0,0,0,0,0,0,1.8e+08,0,0,645955800,0,0,0,0,0,0,0,0,0,0,0,0,0,0,3564000,0,0,53845668000,0,0,0,0,0,0,0,0,0,0,0,0,0,0,0,0,0,0,0,0,0,292068000,135864000,4780152000,0,0,0,0,0,0,1406580000,0,36000,0,0,0,0,0,0,32590512000,0,0,0,108000,0,0,0,0,0,0,0,0,0,0,0,0,139552000,0,0,59672412000,0,107100000,0,0,0,0,0,0,0,0,0,42851880000,0,0,0,18285246000,0,0
"SLV",0,0,0,0,0,0,0,0,0,0,0,0,0,0,0,0,0,0,0,0,0,0,0,0,0,0,0,0,0,0,0,0,0,0,0,0,9632628000,229284000,0,0,0,0,0,0,0,36000,0,0,0,0,0,0,0,0,0,0,0,0,0,0,0,0,0,0,0,0,2485584000,0,0,0,9726010800,0,0,0,0,0,0,0,0,0,0,0,0,0,0,0,0,0,0,0,0,0,0,0,0,0,0,0,0,0,0,0,0,0,0,0,0,0,0,0,0,0,0,0,0,0,0,0,0,0,0,0,2442891000,0,0,0,0,145800,0,0,0,0,0,0,0,0,0,0,0,0,0,0,0,0,0,0,0,0,0,0,0,0,0,0,0,0,109800,0,0,0,0,0,0,0,0,0,0,0,0,0,0,0,0,0,0,0,0,0,112266600,0,0,0,13218193800,0,0,0,0,0,0,0,0,0,0,0,0
"GNQ",0,0,0,0,0,0,0,0,0,0,0,0,0,0,0,0,0,0,0,0,0,0,0,0,0,0,0,0,0,0,0,0,0,0,0,0,0,0,0,0,0,0,0,0,0,0,0,0,0,0,0,0,0,0,0,0,0,0,0,0,0,0,0,0,0,0,0,0,0,0,0,0,0,0,0,0,0,0,0,0,0,0,0,0,0,0,0,0,0,0,0,0,0,0,0,0,0,0,0,0,0,0,0,0,0,0,0,0,0,0,0,0,0,0,0,0,0,0,0,0,0,0,0,0,0,0,0,0,0,0,0,0,0,0,0,0,0,0,0,0,0,0,0,0,0,0,0,0,0,0,0,0,0,0,0,0,0,0,0,0,0,0,0,0,0,0,0,0,0,0,0,0,0,0,0,0,0,0,0,0,0,0,0,0,0,0,0,0,0,0,0,0,0,0,0
"EST",0,0,0,0,0,0,0,0,0,0,0,0,0,0,0,0,0,0,0,0,0,0,0,0,0,0,0,0,0,0,0,0,0,0,0,0,0,0,576000,0,0,3168000,0,0,0,0,0,0,0,0,0,0,315739700,0,0,0,5760000,0,0,252000,0,0,0,0,0,0,0,0,0,0,0,0,0,0,0,0,0,0,0,0,0,0,0,0,0,0,0,0,0,0,0,0,0,804790800,0,0,0,0,0,433739700,0,0,0,0,0,0,0,0,0,0,0,0,0,0,0,0,0,0,0,0,0,0,0,0,0,13215400,0,0,0,0,0,0,0,0,0,0,0,0,0,0,0,0,13968000,0,0,0,0,0,0,0,0,0,0,0,0,0,0,0,0,0,464400,0,0,0,0,0,0,0,0,0,0,0,0,0,0,0,0,0,0,0,0,0,0,0,0,0,0,0,0,0,0,0,0,0,0
"FRO",0,0,0,0,0,0,0,0,0,0,0,0,0,0,0,0,0,0,0,0,0,0,0,0,0,0,0,0,0,0,0,0,0,0,0,0,0,0,0,0,0,0,0,0,0,0,0,0,0,0,0,0,0,0,0,0,0,0,0,0,0,0,0,0,0,0,0,0,0,0,0,0,0,0,0,0,0,0,0,0,0,0,0,0,0,0,0,0,0,0,0,0,0,0,0,0,0,0,0,0,0,0,0,0,0,0,0,0,0,0,0,0,0,0,0,0,0,0,0,0,0,0,0,0,0,0,0,0,0,0,0,0,0,0,0,0,0,0,0,0,0,0,0,0,0,0,0,0,0,0,0,0,0,0,0,0,0,0,0,0,0,0,0,0,0,0,0,0,0,0,0,0,0,0,0,0,0,0,0,0,0,0,0,0,0,0,0,0,0,0,0,0,0,0,0
"FJI",0,0,0,0,0,0,8388000,0,0,0,0,0,0,0,0,0,0,0,0,612000,0,0,0,0,0,0,0,0,0,0,0,0,0,0,0,313719000,0,0,0,0,0,0,0,0,0,0,0,0,0,0,0,0,0,0,0,0,0,0,0,0,0,0,27377700,0,0,0,0,0,0,0,0,0,0,0,0,0,0,0,0,0,0,0,0,0,0,0,0,0,0,0,0,0,0,0,0,0,0,0,0,0,0,0,0,0,0,0,0,0,0,0,0,0,0,0,0,0,0,0,0,0,78912300,120630600,0,0,0,0,0,0,0,49626000,0,0,0,0,0,0,0,0,0,0,0,0,0,0,0,0,0,0,0,0,0,0,0,0,0,0,0,0,0,0,0,0,0,0,0,0,0,0,82647900,0,0,0,0,0,0,1554213900,0,0,0,0,0,0,0,3096000,0,0,0,0,0,0,0,0,0,0,0
"FIN",0,0,0,0,0,0,0,0,0,0,0,0,0,0,0,0,0,0,0,0,0,0,0,0,0,0,0,0,0,0,0,0,0,0,0,0,0,0,0,0,0,0,0,0,0,0,0,0,0,310920000,0,0,0,0,0,0,0,0,107100,61344000,0,0,0,0,0,0,0,0,0,0,0,0,0,0,0,0,0,28000,0,0,0,0,0,0,0,0,0,0,0,0,0,0,0,19043200,0,0,0,0,0,40734600,0,0,0,0,0,0,0,0,0,0,0,0,0,0,0,0,252000,0,0,0,0,0,0,0,0,36000,0,0,0,0,0,0,0,0,0,0,0,0,0,0,0,0,400774200,0,0,0,0,0,0,0,0,0,0,0,0,0,0,0,0,0,292716000,0,0,0,0,0,0,180000,0,0,0,0,0,0,0,0,73200,0,0,0,0,0,0,0,0,0,0,0,475800,0,0,0,0,0,0
"FRA",468000,0,2303700,746107500,0,0,17553300,6425102300,0,285600,0,0,0,0,0,0,121168100,0,0,0,0,5163600,0,0,20405500,62144700,0,37069200,0,558791700,12457500,2016600,69059700,5928000,169632500,0,0,0,36865800,4966800,7550700,4529528700,2304000,15584100,0,0,1024000,0,3636000,403236900,0,0,6843336900,0,96355700,90052200,28705600,206207300,73260000,60569505100,145691700,0,0,72867300,0,0,0,20692800,0,10651800,0,5442200,294692800,36600,0,0,0,0,0,5612018700,1036800000,84304682800,143512600,1285200,0,8897700,1230248100,0,0,86472000,0,475800,4146300,0,72000,106697400,0,1151400,0,12736500,360000,44121100,0,0,1584000,231926700,36000,5021400,3522000,0,0,229044500,492000,10098000,0,0,51090827400,0,266973000,0,10081500,0,0,21022800,8275800,31566900,334437600,0,2807445600,0,0,0,57816000,3311576100,2641675500,0,0,0,27205500,0,154845900,0,2336000,0,0,0,107100,149073300,135514300,314460000,825300,680599200,5449200,2555400,0,0,69315766900,0,0,0,8660196000,1884332400,7448400000,0,0,0,8130000,12200700,0,0,3420000,131872500,4147308000,162275400,0,0,68552712300,6390300,25499400,18865200,0,0,28000,2177700,0,0,22932000,0,91845994400,3458583700,684000,642900,0,0,172800000
"PYF",0,0,0,0,0,0,0,0,0,0,0,0,0,0,0,0,0,0,0,0,0,0,0,0,0,0,0,0,0,0,36000,0,0,0,0,0,0,0,0,0,0,0,0,0,0,0,0,0,0,0,0,0,0,0,0,0,0,0,0,0,0,0,0,0,0,0,0,0,0,0,0,0,0,0,0,0,0,0,0,0,0,0,0,0,0,0,0,0,0,0,0,0,0,0,0,0,0,0,0,0,0,0,0,0,0,0,0,0,0,0,0,0,0,0,0,0,0,0,0,0,0,0,0,0,0,0,0,0,0,0,0,0,0,0,0,0,0,0,0,0,0,0,0,0,0,0,0,0,0,0,0,0,0,0,0,0,0,0,0,0,0,0,0,0,0,0,0,0,0,0,0,0,0,0,0,0,0,0,0,0,0,0,0,0,0,0,0,0,0,0,0,0,0,0,0
"DJI",0,0,0,0,0,0,0,0,0,0,0,0,0,0,0,0,0,0,0,0,0,0,0,0,0,0,0,0,0,0,0,0,0,0,0,0,0,0,0,0,0,0,0,0,0,0,0,0,0,0,0,0,0,0,0,0,0,0,0,0,0,0,0,0,0,0,0,0,0,0,0,0,0,0,0,0,0,0,0,0,0,0,0,0,0,0,0,0,0,0,0,0,0,0,0,0,0,0,0,0,0,0,0,0,0,0,0,0,0,0,0,0,0,0,0,0,0,0,0,0,0,0,0,0,0,0,0,0,0,0,0,0,0,0,0,0,0,0,0,0,0,0,0,0,0,0,0,911779200,0,0,0,0,0,0,0,0,0,0,0,0,0,0,0,0,0,0,0,0,0,0,0,0,0,0,0,0,0,0,0,0,0,0,0,0,0,0,0,0,0,0,0,0,0,0,0
"GEO",0,0,0,0,0,0,0,0,0,0,0,0,0,0,0,0,0,0,0,0,0,0,0,0,0,0,0,0,0,0,0,0,0,0,0,0,0,0,0,257616000,0,0,0,0,0,0,0,0,0,0,0,0,0,0,0,0,0,0,0,0,0,0,0,0,0,0,0,0,0,0,0,0,0,0,0,0,0,0,0,0,0,0,0,0,0,0,0,0,0,0,0,0,0,0,0,0,0,0,0,0,0,0,0,0,0,0,0,0,0,0,0,0,0,0,0,0,0,0,0,0,0,0,0,0,0,0,0,0,0,0,0,0,0,0,0,0,0,0,0,0,0,0,0,0,0,0,0,0,0,0,0,0,0,0,0,0,0,0,0,0,0,0,68686800,0,0,0,0,0,0,0,0,0,92290800,0,0,0,0,0,0,0,0,0,0,0,0,0,0,0,0,0,0,0,0,0,0
"GAB",0,0,0,0,0,0,0,0,0,0,0,0,0,0,0,0,0,0,0,0,0,0,0,0,0,0,0,0,0,0,0,0,0,0,0,0,0,0,0,0,1836000,0,0,0,0,0,0,0,0,0,0,0,0,0,0,0,0,0,0,0,0,180000,0,0,0,0,0,0,0,0,0,0,0,0,0,0,0,0,0,0,0,0,0,0,0,0,0,0,0,0,0,0,0,0,0,0,0,0,0,0,0,0,0,0,0,0,0,0,0,0,0,0,0,0,0,0,0,0,0,0,0,0,0,0,0,0,0,0,0,0,0,0,0,0,0,0,0,0,0,0,0,0,0,0,0,0,720000,0,0,0,0,0,0,0,0,0,0,0,0,0,0,0,0,0,0,0,0,0,0,0,0,0,0,0,0,0,0,0,0,0,0,0,0,0,0,0,0,0,0,0,0,0,0,0,0
"GMB",0,0,0,0,0,0,0,0,0,0,0,0,0,0,0,0,0,0,0,0,0,0,0,0,0,0,0,0,0,0,0,0,0,0,0,0,0,0,0,0,0,0,0,0,0,0,0,0,0,0,0,0,0,0,0,0,2448000,0,0,0,0,0,0,0,0,0,0,9e+05,0,0,0,0,0,0,0,0,0,0,0,0,0,0,0,0,0,0,0,0,0,0,0,0,0,0,0,0,0,0,0,0,0,0,0,0,0,1692000,0,0,0,0,0,0,0,0,0,0,0,0,0,0,0,0,0,0,0,0,0,0,0,0,0,0,0,0,0,10025280000,0,0,0,0,0,0,0,0,0,0,0,0,0,0,0,0,0,0,0,0,0,0,0,0,0,0,0,0,0,0,0,0,0,0,0,0,0,0,0,0,0,0,0,0,0,0,0,0,0,0,0,0,0,0,0,0,0,0,0
"DEU",1236900,0,6953100,0,0,0,11632500,59012816400,0,32547200,0,0,0,0,0,0,0,0,0,0,0,316013000,0,0,252000,2762100,224000,71400,214200,0,23510900,46587300,72000,0,36000,0,0,0,1282967400,13402400,2792000,34514907300,0,64173400,0,107100,0,0,224000,3231154200,0,0,6216649500,27942896700,180000,0,69567500,0,718500,0,38708700,186095900,0,2595664100,0,0,0,770800,0,0,1719000,50338200,18430495800,7939242600,433454700,79200000,0,1098000,0,7855865900,0,24885769700,734800,36233100,0,756000,0,0,0,0,112000,0,143978100,342311400,0,9210300,0,0,0,452499300,0,0,0,7147300,4532700,538500,405299100,0,1400000,0,2562000,4314000,0,124028500,0,0,113004645900,0,0,166886400,0,0,0,1252000,32901900,2383450500,0,0,19425212400,0,0,0,0,618511103500,581077600,0,0,6264000,0,0,605889800,0,159052200,0,0,0,0,9067800,1148400,2592000,1476000,1806666400,854166800,1249600,0,7443000,4209616400,0,0,0,20579214800,10981999700,16342000,1800000,0,540000,0,34935600,0,0,3302300,14383800,89936700,402260200,0,0,12196576200,1932000,24038700,2932000,0,0,3320100,4086600,0,0,35700,0,26078468500,4678460800,144188500,71400,0,0,0
"BIH",0,0,0,0,0,0,0,0,0,0,0,0,0,0,0,0,0,0,0,0,0,0,0,0,0,0,0,0,0,0,0,0,0,0,0,0,0,0,0,0,0,0,0,0,0,0,0,0,0,0,0,0,0,0,0,0,0,0,0,0,0,0,0,0,0,0,0,0,0,0,0,0,0,0,0,0,0,0,0,0,0,0,0,0,0,0,0,0,0,0,0,0,0,0,0,0,0,0,0,0,0,0,0,0,0,0,0,0,0,0,0,0,0,0,0,0,0,0,0,0,0,0,0,0,0,0,0,0,0,0,0,0,0,0,0,0,0,0,0,0,0,0,0,0,0,0,0,0,0,0,0,0,0,0,0,0,0,0,0,0,0,0,0,0,0,0,0,0,0,0,0,0,0,0,0,0,0,0,30816000,1800000,0,0,0,0,0,0,0,0,0,108000,763056000,360000,0,0,0
"GHA",0,0,0,0,0,0,0,0,0,0,0,0,0,0,0,0,0,0,0,0,0,0,0,0,0,0,0,0,0,0,0,642600,0,0,0,0,0,0,0,0,70200000,0,0,0,0,0,0,0,0,0,0,0,0,0,0,0,0,0,0,0,0,0,0,0,0,0,0,0,0,0,0,0,0,0,0,0,0,0,0,0,0,2196000,504108000,0,1224000,0,0,0,0,0,0,0,0,0,0,0,0,684000,0,0,0,0,0,0,0,0,0,0,0,0,0,0,0,0,0,0,0,0,0,0,0,0,0,260400000,0,0,0,0,0,0,0,0,0,0,0,0,0,0,36000,0,0,0,0,0,0,0,0,0,0,0,37940000,0,0,0,0,0,0,0,0,0,0,0,0,0,0,0,0,69768000,0,0,0,0,3528000,0,0,0,3306300,0,9105400,1.44e+08,0,0,0,0,0,0,0,0,504000,0,0,0,0,0,0
"KIR",0,0,0,0,0,0,0,0,0,0,0,0,0,0,0,0,0,0,0,0,0,0,0,0,0,0,0,0,0,0,0,0,0,0,0,0,0,0,0,0,0,0,0,0,0,0,0,0,0,0,0,0,0,0,0,0,0,0,0,0,0,0,0,0,0,0,0,0,0,0,0,0,0,0,0,0,0,0,0,0,0,0,0,0,0,0,0,0,0,0,0,0,0,0,0,0,0,0,0,0,0,0,0,0,0,0,0,0,0,0,0,1188000,0,0,0,0,0,0,0,0,0,0,0,0,0,0,0,0,0,0,0,0,0,0,0,0,0,0,0,0,0,0,0,0,0,0,0,0,0,0,0,0,0,0,0,0,0,0,0,0,0,0,0,0,0,0,0,0,0,0,0,0,0,0,0,0,0,0,0,0,0,0,0,0,0,0,0,0,0,0,0,0,0,0,0
"GRC",0,0,8739160200,0,0,0,881838600,84791200,0,0,0,0,0,0,0,0,0,0,0,0,0,84170585200,0,0,0,14328000,0,0,0,0,0,0,0,0,0,0,0,0,14760781200,0,0,3622392000,0,0,0,0,1862820000,0,0,266400000,0,0,1951415700,13790206300,0,0,10188000,0,0,4691716600,86400000,0,0,0,0,0,0,0,0,0,0,0,97796845500,82800000,714000,0,0,0,0,0,6439680000,28881912700,0,0,6480000,0,8179848000,0,0,0,0,0,5.04e+08,7.2e+07,0,43876710000,0,0,55859724000,864720000,0,0,0,0,0,0,5899500,0,0,0,0,442800000,0,79200000,0,0,47522267300,0,0,272893200,0,0,0,0,0,357562500,0,3060000,32527556100,0,0,0,0,61805210600,0,0,0,0,2479680000,0,52146164500,0,1.62e+08,0,0,0,0,17517636000,0,0,0,86400000,8761886100,108000,0,0,57159528000,0,0,0,5334425400,1892100,1.9503e+10,0,0,0,0,0,0,0,0,0,324941522300,1483128000,0,0,27359744600,0,231862500,0,0,0,0,0,0,0,0,0,21014085000,357000,13092794100,334512000,3278412000,0,0
"GRL",0,0,0,0,0,0,0,0,0,0,0,0,0,0,0,0,0,0,0,0,0,0,0,0,0,0,0,0,0,0,0,0,0,0,0,0,0,0,0,0,0,0,0,0,0,0,0,0,0,0,0,0,0,0,0,0,0,0,0,0,0,0,0,0,0,0,0,0,0,0,0,0,0,0,0,0,0,0,0,0,0,0,0,0,0,0,0,0,0,0,0,0,0,0,0,0,0,0,0,0,0,0,0,0,0,0,0,0,0,0,0,0,0,0,0,0,0,0,0,0,0,0,0,0,0,0,0,0,0,0,0,0,0,0,0,0,0,0,0,0,0,0,0,0,0,0,0,0,0,0,0,0,0,0,0,0,0,0,0,0,0,0,0,0,0,0,0,0,0,0,0,0,0,0,0,0,0,0,0,0,0,0,0,0,0,0,0,0,0,0,0,0,0,0,0
"GRD",0,0,0,0,0,0,0,0,0,0,0,0,0,0,0,0,0,0,0,0,0,0,0,0,0,0,0,0,0,0,0,0,0,0,0,0,0,0,0,0,0,0,0,0,0,0,0,0,0,0,0,0,0,0,0,0,0,0,0,0,0,0,0,0,0,0,0,0,0,0,0,0,0,0,0,0,0,0,0,0,0,0,0,0,0,0,0,0,0,0,0,0,0,0,0,0,0,0,0,0,0,0,0,0,0,0,0,0,0,0,0,0,0,0,0,0,0,0,0,0,0,0,0,0,0,0,0,0,0,0,0,0,0,0,0,0,0,0,0,0,0,0,0,0,0,0,0,0,0,0,0,0,0,0,0,0,0,0,0,0,0,0,0,0,0,0,0,0,0,0,0,0,0,0,0,0,0,0,0,0,0,0,0,0,0,0,0,0,0,0,0,0,0,0,0
"GTM",0,0,0,0,0,0,0,0,0,0,0,0,0,0,0,0,0,0,0,0,0,0,0,0,0,0,0,0,0,0,0,0,0,0,0,0,456084000,0,0,0,0,0,0,0,0,0,0,805716000,0,0,0,0,0,0,0,0,0,0,0,0,0,0,0,0,0,0,0,0,0,0,5471784000,0,0,0,0,0,0,0,0,0,0,0,0,0,0,0,0,0,0,0,0,0,0,0,0,0,0,0,0,0,0,0,0,0,0,0,0,0,0,0,0,0,0,0,0,0,0,0,0,0,0,0,300528000,0,0,0,0,0,0,0,0,0,0,0,0,0,0,0,0,0,0,0,0,0,0,0,0,0,0,0,0,0,0,0,0,0,0,0,0,0,0,0,0,0,0,0,0,0,0,0,0,0,0,0,0,0,0,0,564660000,0,0,0,0,0,0,0,0,0,0,0,0,0,0,0,0
"GIN",0,0,0,0,0,0,0,0,0,0,0,0,0,0,0,0,0,0,0,0,0,0,0,0,0,0,0,0,0,0,0,0,0,0,254128000,0,0,0,0,0,86652000,0,0,0,0,0,0,0,0,0,0,0,0,0,0,0,0,0,0,1400000,0,0,0,0,0,0,0,0,0,0,0,0,0,0,0,0,0,0,0,0,0,0,0,0,0,0,0,0,0,0,0,0,0,0,0,0,0,0,0,0,0,0,0,0,0,0,0,0,0,0,0,0,0,0,0,0,0,0,0,0,0,0,0,0,0,0,0,0,0,0,0,0,0,0,0,0,0,0,0,0,0,0,0,0,0,0,0,0,0,0,0,0,0,0,0,0,0,0,0,0,0,0,0,0,0,0,0,0,0,0,0,0,0,0,0,0,0,0,0,0,0,0,0,0,0,0,0,0,0,0,0,0,0,0,0
"GUY",0,0,0,0,4745106900,0,0,0,8889300,0,10892325000,0,0,0,0,0,32404614000,0,33915000,0,0,0,0,0,0,0,0,0,0,0,0,0,2273043200,0,0,0,8925000,55380767400,0,0,0,0,2078670600,610830000,0,0,0,0,0,0,0,0,0,12829746600,0,0,71400,0,0,21940359600,8353800,88536000,0,24812051400,0,9435224100,7043206100,0,0,33407738700,161368900,0,0,0,0,0,0,0,0,0,0,90235580400,0,0,248307217500,178642800,0,0,0,0,0,0,0,0,0,0,0,0,0,0,0,0,0,0,0,0,0,0,0,102798625300,0,0,0,0,0,0,41554876200,0,0,0,0,0,40009620000,88920000,0,0,0,159107943800,0,0,0,892500000,0,2267985300,58992469200,0,0,0,0,0,0,0,0,974288700,4837926100,17971862700,0,0,0,0,0,0,0,96876000,0,0,78846469000,1446107400,0,0,0,0,0,0,0,0,0,0,0,99502961500,0,0,0,0,0,0,18054930300,0,15073732500,0,0,0,33025534500,35700,0,0,0,0,5120986500,0,0,0,0,0,0
"HTI",0,0,0,0,0,0,0,0,0,0,0,0,0,0,0,0,0,0,0,0,0,0,0,0,0,0,0,0,0,0,0,0,0,0,0,0,0,0,0,0,0,0,0,0,0,0,0,0,0,0,0,0,0,0,0,0,0,0,0,0,0,0,0,0,0,0,0,0,0,0,0,0,0,0,0,0,0,0,0,0,0,0,0,0,0,0,0,0,0,0,0,0,0,0,0,0,0,0,0,0,0,0,0,0,0,0,0,0,0,0,0,0,0,0,0,0,0,0,0,0,0,0,0,0,0,0,0,0,0,0,0,0,0,0,0,0,0,0,0,0,0,0,0,0,0,0,0,0,0,0,0,0,0,0,0,0,0,0,0,0,0,0,0,0,0,0,0,0,0,0,0,0,0,0,0,0,0,0,0,0,0,0,0,0,0,0,0,0,0,0,0,0,0,0,0
"HND",0,0,0,0,0,0,0,0,0,0,0,0,0,0,0,0,0,0,80556000,0,0,0,0,0,0,0,0,0,0,0,0,0,0,0,0,0,0,0,0,0,0,0,0,0,0,0,0,28014660000,0,0,0,0,0,0,0,0,0,0,0,0,0,0,0,0,0,0,14206344000,0,0,0,0,0,0,0,0,0,0,0,0,0,0,0,0,0,0,0,0,0,0,0,0,0,0,0,0,0,0,0,0,0,0,0,0,0,0,0,0,0,0,0,0,0,0,0,0,0,0,0,0,0,0,0,1457017600,0,0,0,0,0,0,0,0,0,0,0,0,0,0,0,0,0,0,0,0,0,0,0,0,0,0,0,0,0,0,0,0,0,0,0,0,0,0,0,0,0,0,0,0,0,0,0,0,0,0,0,0,0,0,0,0,0,0,0,0,0,0,0,0,0,0,0,0,0,0,0,0
"HKG",0,0,0,0,0,0,565488000,0,0,0,0,0,0,0,0,0,0,0,0,0,0,0,0,0,0,1477080000,0,0,0,0,12960000,6360917400,0,0,0,0,0,122976000,0,0,0,0,0,0,0,0,0,0,0,0,0,0,0,0,0,0,0,0,0,0,0,0,0,0,0,0,0,0,0,0,0,0,0,0,0,0,0,0,0,0,0,0,0,0,0,3924000,0,0,0,0,0,72000,0,0,0,0,0,0,0,0,92803761000,0,0,9e+06,0,0,0,0,0,0,0,0,0,0,0,0,0,0,0,0,468000,0,0,0,0,0,0,252000,0,0,0,0,0,0,0,0,0,0,0,0,0,0,0,0,0,0,0,0,0,0,0,0,0,0,0,0,270540000,0,0,0,0,0,0,0,0,0,4.41e+08,360000,0,0,0,0,0,0,0,0,1413864000,0,5944499700,0,0,0,0,234292000,0,0,0,0,0,0,0,0,0,0,0
"HUN",0,0,0,0,0,0,0,5333700,0,0,0,0,0,0,0,0,0,0,0,0,0,191909700,0,0,0,0,0,0,0,0,0,0,0,0,0,0,0,0,0,0,0,0,0,0,0,0,0,0,0,0,0,0,0,0,0,0,0,0,0,6478011400,53568000,0,0,0,0,0,0,0,0,0,0,0,0,2003875500,0,0,0,0,3920000,72000,0,703336500,0,0,0,0,280000,0,0,0,0,0,0,0,0,0,0,0,0,180000,0,0,0,0,0,0,0,0,0,0,0,0,0,2520000,0,0,64616000,0,0,785400,0,0,0,0,0,0,0,0,1270560900,0,0,0,0,548976600,497000,0,0,0,0,0,9859313400,0,0,0,0,0,0,0,0,0,0,149681700,8044436300,0,0,2311800,0,0,0,0,54036000,78906000,0,0,0,0,24705000,0,0,0,0,0,0,0,0,0,3301200,9465200,0,0,0,0,0,0,0,0,0,0,216000,0,17040000,36600,0,0,0
"HRV",0,0,0,0,0,0,0,5796000,0,0,0,0,0,0,0,0,0,0,0,0,0,6480000,0,0,0,0,0,0,0,0,0,0,0,0,0,0,0,0,0,0,0,0,0,0,0,0,0,0,0,0,0,0,0,0,0,0,0,0,0,6043800,539025000,0,0,0,0,0,0,0,0,0,0,0,360000,0,0,0,0,0,0,0,0,6372000,0,0,0,0,0,0,0,0,0,0,0,0,0,0,0,0,0,0,0,0,0,0,0,0,0,0,0,0,0,0,0,0,0,0,1224000,0,0,36000,0,0,0,0,0,0,0,0,0,0,0,0,0,86400000,0,0,0,0,0,0,0,0,0,0,0,0,0,0,0,0,0,133989000,36000,0,0,0,0,0,0,0,0,0,0,0,0,0,0,0,0,0,0,0,0,0,0,0,468000,0,0,0,0,0,0,0,0,0,0,0,0,216000,3696000,46498500,0,0,0
"ISL",0,0,0,0,0,0,0,0,0,0,0,0,0,0,0,0,0,0,0,0,0,0,0,0,0,0,0,0,0,0,0,0,0,0,0,0,0,0,0,0,0,0,0,0,0,0,0,0,0,0,9644000,0,0,0,0,0,0,0,0,0,0,0,0,0,0,0,0,0,0,0,0,0,0,0,0,0,0,0,0,0,0,0,0,0,0,0,0,0,0,0,0,0,0,0,0,0,0,0,0,0,0,0,0,0,0,0,0,0,0,0,0,0,0,0,0,0,0,0,0,0,0,0,0,0,0,0,0,0,0,0,0,0,0,0,0,0,0,0,0,0,0,0,0,0,0,0,0,0,0,0,0,0,0,0,0,0,0,0,0,0,0,0,0,0,0,0,0,0,0,0,0,0,0,0,0,0,0,0,0,0,0,0,0,0,0,0,0,0,0,0,0,0,0,0,0
"IND",780444000,2086596000,5954400000,344379600000,0,492912000,265843032800,7467012000,178500,329153936400,0,3509790298000,0,33610759400,0,2467788000,1101600000,0,0,0,12976174500,6048112000,47628000,17110800000,451637850600,283224708600,280800000,4021200000,2039608728000,0,2056104000,2533644000,320688000,2008800000,31306140000,0,136800000,0,6207018000,75135168000,5388759460000,10244700000,0,180000,15184800000,0,656645328000,0,7500240000,5.04e+08,0,3423936000,3941784000,293144851000,0,1499584644000,119454228000,4197276000,175209876000,117213621900,1004400000,688007120000,0,24066540000,0,0,0,3630677868000,7308000,19900800000,0,11851460000,158400000,4183200000,0,0,250235780000,5712248844000,4466991948000,10288963500,250418172000,333477156000,2994140968000,7129440000,7104888000,2843620000,378130968000,1047240000,107318852000,235344000,154800000,18875088000,1376887984300,445248000,0,160395552000,1.8e+09,1677248748000,224510400000,3618144000,9684000,1105288280000,1006832000,292858931500,182540944000,29953560000,1515600000,22861908000,2.65085e+11,2890548000,21420000,12164400000,71737136000,2512800000,76126680000,3440213955000,556597647000,0,0,0,0,45249347400,0,735172560000,156785004000,15531570000,609640000,0,2403504000,22608000,57996000,7.2e+07,50660660000,50735586000,65013396000,54277200000,0,1778400000,1191769309100,20951568000,1277970000,3900200000,526417344000,0,4104000,0,1501200000,6391863519800,5235545372000,29138452000,421635240000,1171008000,0,677058131000,2449884744000,1673639848000,45687696000,102472000,428400000,0,75585312000,27991522000,212961744000,4078944000,736524000,60520320000,7826997500,664756812000,4.68e+08,2000916000,1003806755400,127130400000,1468417680000,5688815837000,8899680000,0,1404107050200,166906800000,1124550354300,161443840000,10800000,0,1998036000,7104304000,449447832000,1435776768000,6073020000,3467484000,335209908000,0,94320000,1342800000,389611800000,0,0
"IDN",0,0,0,0,0,0,88236000,0,0,0,0,3767796000,0,0,0,0,0,0,0,0,0,0,0,0,0,0,0,0,0,0,0,0,0,0,0,0,0,0,0,0,0,0,0,0,0,0,0,0,0,0,0,0,0,0,0,0,0,0,0,87660000,0,0,0,0,0,0,0,0,0,0,0,214200,0,0,0,273672000,0,0,0,0,0,119915400,0,0,0,0,0,0,0,0,0,0,0,0,0,0,0,0,0,0,0,0,0,166752000,0,0,0,0,0,0,0,0,0,0,0,0,108000,0,432000,0,0,0,0,0,0,0,0,0,0,115758000,0,0,214256000,0,0,0,337728000,0,0,0,0,0,0,0,0,0,0,0,0,0,0,0,0,733203900,1770948000,0,0,0,0,0,0,0,0,0,0,0,1.89e+09,0,0,0,0,0,0,0,0,0,0,0,224379000,0,0,0,0,84000,0,0,0,0,118512000,0,0,0,0,0,0
"IRN",3.6e+07,16740000,0,0,0,0,266832000,5868000,0,0,0,0,0,0,0,0,0,0,0,0,0,0,0,0,0,700956000,0,0,0,0,0,0,0,0,0,0,0,0,0,50948000,0,0,0,0,36000,0,0,0,0,0,0,0,0,0,0,0,972000,0,0,108246000,0,0,0,0,0,0,0,0,0,0,0,0,0,0,0,0,0,0,228145800,0,0,0,0,3.6e+07,0,360000,0,0,0,0,0,0,36000,0,0,0,0,0,0,0,0,0,0,0,0,0,0,0,0,0,0,0,0,0,0,0,94104000,0,0,0,0,10152000,0,0,0,7200000,0,0,648000,0,0,0,0,0,0,0,0,0,11160000,0,0,0,0,0,0,0,0,0,7200000,0,0,0,0,0,0,0,0,0,0,0,18684000,50112000,0,0,0,0,0,0,0,0,5076000,0,0,539460000,0,0,54360000,864000,61081500,0,0,0,0,0,0,102096000,0,0,0,0,0,0,0,0,0
"IRQ",0,0,0,0,0,0,0,0,0,0,0,0,0,0,0,0,0,0,0,0,0,0,0,0,0,0,0,0,0,0,0,0,0,0,0,0,0,0,0,0,0,0,0,0,0,0,0,0,0,0,0,0,0,0,0,0,0,0,0,0,0,0,0,0,0,0,0,0,0,0,0,0,0,0,0,0,0,0,0,0,0,0,0,0,0,0,0,0,0,0,0,0,0,0,0,0,0,0,0,0,0,0,0,0,0,0,0,0,0,0,0,0,0,0,0,0,0,0,0,0,0,0,0,0,0,0,0,0,0,0,0,0,0,0,0,0,0,0,0,0,0,0,0,0,0,0,0,0,0,0,0,0,0,0,0,0,0,0,0,0,0,0,0,0,0,0,0,0,0,0,0,0,0,0,0,0,0,0,0,0,0,0,0,0,0,0,0,0,0,0,0,0,0,0,0
"IRL",0,0,0,0,0,0,0,0,0,0,0,0,0,0,0,0,0,0,0,0,0,0,0,0,0,0,0,0,0,0,0,0,0,0,0,0,0,0,0,0,0,0,0,0,0,0,0,0,0,0,0,0,0,35424000,0,0,0,0,0,490752000,0,0,0,0,0,0,0,0,0,0,0,0,0,0,0,0,0,0,0,0,0,105876000,0,0,0,0,0,0,0,0,0,0,0,0,0,0,0,0,144000,0,0,0,0,0,0,0,26568000,0,0,0,0,0,0,0,0,0,114300000,0,0,0,0,0,0,0,0,0,0,0,0,0,0,0,0,0,0,0,0,0,0,0,0,0,0,0,0,0,0,0,0,0,0,0,0,0,0,0,0,0,0,0,1356600,0,0,0,0,0,0,0,0,0,0,0,0,0,0,0,2790998900,0,0,0,0,0,0,0,0,0,0,0,0,0,0,0,0,0,0
"ISR",0,0,0,0,0,0,5328000,0,0,0,0,0,0,0,0,0,0,0,0,0,0,0,0,0,0,9972000,0,0,0,0,0,0,0,0,0,0,0,0,0,0,0,0,0,0,0,0,0,0,1.8e+07,0,0,0,0,60912000,0,0,0,0,0,1764000,0,0,0,0,0,0,0,0,0,0,0,0,0,0,0,0,0,0,0,0,0,2916000,0,0,0,0,0,0,0,0,0,0,0,0,0,0,0,0,0,0,0,0,0,0,0,0,0,0,0,0,0,0,0,0,0,0,0,0,0,0,0,0,0,0,0,0,0,0,0,0,0,0,0,0,0,0,0,0,0,0,0,0,0,0,0,0,0,0,0,0,0,4012000,0,0,0,9864000,19512000,0,0,0,0,0,0,0,0,0,62136000,0,0,0,0,0,0,0,0,0,17350200,9828000,383168000,0,0,0,0,0,0,0,0,0,0,0,0,0,0,0,0
"ITA",92340000,0,18926713900,111924000,3024000,548742000,33141051300,168421437000,4320000,272862600,0,0,0,0,8820000,0,32726724900,0,0,0,0,16149632400,0,0,0,12213545200,8100000,0,39348000,0,932904000,90126000,810930000,0,16200000,0,174564000,146632000,3077169300,187624000,0,41232928800,0,697428000,4134300,193536000,319446900,0,0,3248731300,0,0,84523906600,963375783100,51192000,2.34e+08,1043100000,0,0,830149998800,29045521800,3492000,0,34268281400,0,0,65520000,3.6e+07,0,0,0,2492653200,136440984000,40599094700,7200000,1636004400,34164000,0,113688000,16930321900,12501818100,0,1.539e+09,61668000,0,485820000,16465032000,0,102852000,16992000,0,56213400,481423800,3291153900,0,101686798800,0,0,16642103400,7862141200,0,0,0,200484000,15444000,0,10958976300,0,103860000,2043608700,3600000,9711575600,3024000,56016000,0,1728000,213468419900,0,2232000,550960000,0,1398623700,20052000,0,54720000,11531839800,71358000,230760000,204905433300,0,45720000,391556100,238008000,233039555300,14632999900,0,0,0,355003200,0,26329314400,0,4793175300,0,0,0,0,2558449800,0,7128000,0,57308719800,117432693500,787284000,0,2731015800,121148982400,0,0,0,65323176900,161028107400,52226964000,0,1294476600,4608000,328824000,0,0,0,2.7e+07,178703700,239799401800,5928656100,7170000,0,500525356500,6704969400,65379952200,0,177432000,0,403632000,592848000,6039600,0,3024000,2592000,385705552200,929781600,47060674000,3697495200,1462326000,0,1216800000
"CIV",0,0,0,0,0,0,0,0,0,0,0,0,0,0,35700,0,0,0,0,0,0,0,0,0,0,0,0,0,0,0,0,0,0,0,0,0,0,0,0,0,7630964400,0,0,0,0,0,0,0,451440000,0,0,0,0,1027700,0,0,0,0,0,0,0,55154520000,0,396000,0,0,0,0,0,0,0,0,0,0,0,0,0,0,0,0,34380000,0,0,0,0,0,0,0,0,0,0,0,0,0,0,0,0,11884754100,0,0,0,0,0,0,0,2720732000,0,0,0,0,0,0,0,0,0,0,1116000,0,0,0,0,0,0,795980900,0,0,0,0,0,0,0,0,0,0,0,0,0,0,0,0,0,0,0,0,0,0,0,0,5881400,0,0,0,0,0,0,0,0,0,0,0,0,588000,0,0,0,0,0,0,0,0,0,0,0,0,0,0,487400,0,0,121737427800,0,0,0,0,216000,0,0,0,0,0,0,0,0,0,0
"KAZ",0,16607095800,0,0,0,0,0,0,0,0,0,0,0,0,0,0,0,0,0,0,0,0,0,0,0,0,0,0,0,0,0,11268000,0,0,0,0,0,0,0,9238680000,0,0,0,0,976320000,0,0,0,0,0,0,0,0,0,0,0,0,0,0,0,0,0,0,0,0,0,0,0,0,0,0,0,0,0,0,0,0,0,123200000,0,0,0,0,0,0,0,0,11619084300,0,0,0,0,0,0,0,0,0,0,0,0,0,0,0,0,0,0,0,0,0,0,10086036000,0,0,0,0,0,0,0,0,0,0,0,0,0,0,0,0,0,0,0,0,0,0,0,0,0,0,0,0,0,0,0,253396171000,0,0,0,0,0,0,0,0,0,0,0,0,0,0,0,200854800000,0,0,0,0,19796724000,0,0,0,0,0,0,0,0,0,540000,0,0,0,60985764000,14400000,0,0,5853600000,0,0,0,0,0,0,0,0,0,0,0,0,0
"JAM",0,0,0,0,0,0,0,0,0,0,0,0,0,0,0,0,0,0,0,0,0,0,0,0,0,0,0,0,0,0,0,0,0,0,0,0,0,0,0,0,0,0,684000,0,0,0,0,0,0,0,0,0,0,0,0,0,0,0,0,0,0,0,0,0,0,2138940000,0,0,247860000,648000,0,0,0,0,0,0,0,0,0,0,0,0,0,0,0,0,0,0,0,0,0,0,0,0,0,0,0,0,0,0,0,0,0,0,0,0,0,0,0,0,0,0,0,0,0,0,0,0,0,0,0,0,0,0,0,0,0,0,0,0,0,0,0,0,0,0,0,0,0,0,0,0,0,0,9916000,0,0,0,0,0,0,0,0,0,0,0,0,69804000,0,0,0,0,0,0,0,0,0,0,0,0,0,0,0,0,0,0,0,0,108600,0,0,0,0,0,0,0,0,0,0,0,0,0,0,0,0
"JPN",0,0,0,0,0,0,2973810000,0,0,0,0,0,0,0,0,0,0,0,0,0,0,35700,101626000,0,0,671160000,7800450000,0,0,0,0,1362704700,0,0,0,0,0,0,0,0,2563260000,0,0,0,0,0,0,0,0,0,0,0,3570000,3.57e+08,0,128520000,0,0,6832980000,542640000,0,0,0,0,0,0,0,7850430000,0,1824734100,0,26667900000,0,0,0,24990000,603330000,0,0,0,0,28560000,117810000,0,0,0,0,0,0,3570000,0,2800000,0,0,0,0,0,0,0,0,274890000,0,0,1520820000,3570000,16911090000,0,22830150000,0,0,1413755700,0,0,0,0,0,717570000,0,0,0,0,74970000,0,11345460000,0,0,0,7140000,0,0,0,0,571200000,3570000,17850000,0,0,0,44268000,0,0,0,542640000,0,0,0,14740530000,35700,851480700,0,0,0,0,18603270000,0,15422400,3570000,0,0,0,25025700,149940000,0,0,6620698000,0,2495430000,3166590000,0,0,0,0,0,142800000,0,0,3644970000,0,6418860000,28995540000,0,0,0,628110000,0,0,15561630000,0,18028500,0,0,0,0,0,0
"JOR",0,0,0,0,0,0,0,0,0,250164000,0,0,0,0,0,0,0,0,0,0,0,0,0,0,0,0,0,0,0,0,0,0,0,0,0,0,0,0,7200000,0,0,0,0,0,0,0,0,0,0,0,0,0,0,0,0,0,0,0,0,156240000,0,0,0,0,0,0,0,0,0,0,0,0,0,0,0,933732000,0,0,1.116e+09,0,0,0,0,0,0,0,0,0,0,0,0,0,0,0,0,5400000,0,0,1.98e+08,0,0,0,0,0,0,0,0,0,0,0,0,0,0,0,0,0,0,0,0,0,0,0,0,0,0,0,86400000,0,0,0,0,0,0,0,0,0,0,0,17244000,0,0,0,0,0,0,0,0,2104620000,0,0,0,0,0,0,0,0,0,0,0,0,0,0,4780800000,0,0,0,0,0,0,0,0,0,5016327000,8.1e+08,0,0,0,0,0,0,0,0,0,0,0,0,0,0,0,0,0,0,0,0,1379721600
"KGZ",0,29628000,0,0,0,0,0,0,0,0,0,0,0,0,0,0,0,0,0,0,0,612000,0,0,0,0,0,0,0,0,0,0,0,0,0,0,0,0,0,0,0,0,0,0,0,0,0,0,0,0,0,0,0,0,0,0,0,0,0,0,0,0,0,0,0,0,0,0,0,0,0,0,0,0,0,0,0,33600000,280195800,0,0,0,0,256841000,0,0,0,0,0,0,0,0,0,0,0,0,0,0,0,0,0,0,0,0,0,0,0,0,0,0,7560000,0,0,0,0,0,0,0,0,0,0,0,0,0,0,0,0,0,0,0,0,0,0,0,0,0,0,0,0,0,0,0,894095000,0,0,0,0,0,0,0,0,0,0,0,0,0,0,0,0,0,0,0,0,0,0,0,0,0,0,0,0,0,0,3570000,0,0,0,0,0,0,0,7200000,0,0,0,0,0,0,0,0,0,0,0,0,0
"KEN",0,0,0,0,0,0,0,0,0,0,0,0,0,0,0,0,0,0,0,0,0,0,0,0,0,0,0,36000,0,0,0,0,0,0,0,0,0,0,0,0,0,0,0,0,0,0,0,0,0,0,0,0,0,0,0,0,0,0,0,0,0,0,0,0,0,0,0,0,0,0,0,0,0,0,0,3.6e+08,0,0,0,0,0,0,0,0,0,0,36000,0,0,0,0,0,0,0,0,0,0,0,0,0,0,0,0,0,0,0,0,0,0,0,0,0,0,0,0,0,0,0,0,0,0,0,0,0,0,0,0,0,0,0,0,0,0,0,0,0,0,0,36000,0,0,27633300,0,0,0,0,0,0,36000,0,0,0,0,0,814482800,0,0,0,0,0,0,0,0,0,0,21784000,0,0,0,0,0,0,0,10908000,5488396000,0,0,0,360000,0,0,0,0,0,0,3.6e+07,34200000,11844000,0,0,0,0,0,441028200,0
"KHM",0,0,0,4.5e+08,0,0,8370684000,5777352000,0,0,0,44861292000,0,0,0,0,0,0,0,0,67731444000,18286920000,0,0,295380000,4793904000,308988000,0,0,0,94932000,1133124300000,0,0,1211724000,0,0,0,3888972000,0,9e+07,39341500500,0,0,0,0,512748000,0,0,2402100000,0,0,4131072000,547187484000,0,0,0,149096016000,0,100483632000,0,497772000,0,28999116000,0,0,0,166176000,0,0,0,77603043000,42576768000,17618868000,0,0,0,0,6215760000,862380000,86400000,112357691700,262800000,0,0,7200000,0,0,697140000,0,0,42552000,0,15514452000,0,8282520000,0,0,0,15287616000,1406016000,0,0,281541132000,0,0,978732000,9e+07,0,0,0,0,0,979164000,921024000,0,239525930700,0,0,0,0,6507396000,0,0,0,0,0,0,118384740000,0,0,0,0,327424572000,56847708000,0,0,0,0,0,18785916000,0,21054384000,0,0,0,0,2130192000,3205620000,0,0,9589896000,259200000,35579808000,0,13628592000,48802572000,0,0,2436264000,39534228000,172800000,11845692000,0,1771344000,0,0,0,0,0,0,0,9535320000,79200000,0,0,128016648000,440388000,12749692800,0,0,0,0,434844000,0,0,0,0,135931402200,0,0,0,0,0,0
"PRK",0,0,0,0,0,0,0,0,0,0,0,0,0,0,0,0,0,0,0,0,0,0,0,0,0,0,0,0,0,0,0,0,0,0,0,0,0,0,0,0,0,0,0,0,0,0,0,0,0,0,0,0,0,0,0,0,0,0,0,0,0,0,0,0,0,0,0,0,0,0,0,0,0,0,0,0,0,0,0,0,0,0,0,0,0,0,0,0,0,0,0,0,0,0,0,0,0,0,0,0,0,0,0,0,0,0,0,0,0,0,0,0,0,0,0,0,0,0,0,0,0,0,0,0,0,0,0,0,0,0,0,0,0,0,0,0,0,0,0,0,0,0,0,0,0,0,0,0,0,0,0,0,0,0,0,0,0,0,0,0,0,0,0,0,0,0,0,0,0,0,0,0,0,0,0,0,0,0,0,0,0,0,0,0,0,0,0,0,0,0,0,0,0,0,0
"KOR",0,0,0,42787800,0,0,4320392500,0,0,14688000,0,1224000,0,0,0,0,1800000,0,0,0,36000,216000,1808496000,72000,0,271116000,0,0,0,0,35700,1626068700,0,0,24693000,0,0,0,0,0,144000,0,0,1692000,0,0,0,0,0,0,0,0,0,191761200,0,0,0,0,0,136140000,0,1582800,108000,0,0,0,0,18382800,0,0,0,667549900,0,0,0,5904000,58308900,0,214090300,0,0,60804000,1800000,1656000,0,36720000,0,1512000,0,910254900,0,0,146724000,0,4276500,0,0,720000,0,0,288000,648000,0,417128400,0,0,0,0,0,0,404569200,428400,216000,0,0,0,170095500,0,0,0,0,161007000,0,0,50040000,0,18324000,0,280000,0,0,0,26637000,108000,0,0,0,0,5529000,571200,0,0,611962200,0,0,0,0,132120000,7272000,0,0,0,0,603370500,0,28980000,0,0,0,792000,0,0,0,0,30312000,0,14148000,0,0,0,0,1834500,35676000,696215100,0,0,225340600,0,3662582500,0,0,0,144000,273290400,0,0,0,0,0,0,0,0,0,0,0
"KWT",0,0,0,0,0,0,2556000,0,0,28800000,0,0,0,0,0,0,0,0,0,0,0,0,0,0,0,0,0,0,0,0,0,4536000,0,0,0,0,0,0,0,0,0,0,0,0,0,0,201310200,0,0,0,0,0,0,0,0,0,0,0,0,0,0,0,0,0,0,0,0,0,0,0,0,0,0,0,0,249120000,0,3030501600,25596000,0,0,0,0,0,0,0,8496600,0,0,0,0,0,0,0,0,0,0,0,0,0,0,0,0,0,0,0,0,32022900,0,0,3600000,0,0,0,0,0,0,0,0,0,0,0,0,0,0,0,0,0,0,0,0,0,0,0,0,0,0,0,86845500,0,0,0,0,0,0,0,0,1196918000,0,0,0,0,0,0,178500,0,0,0,0,0,0,0,0,0,0,0,0,0,0,0,0,0,1321215500,218196000,0,0,19440000,0,0,0,0,0,0,0,0,4.13e+08,0,0,0,0,0,0,0,0,0
"LVA",0,0,0,0,0,0,0,0,0,0,0,0,0,0,0,0,0,0,0,0,0,0,0,0,0,27916000,0,0,0,0,0,0,0,0,0,0,0,0,0,0,0,35700,0,0,0,0,0,0,0,6513549000,0,0,792000,0,0,0,0,0,0,17028000,0,0,0,1080000,0,0,0,0,0,0,0,0,0,0,0,0,0,0,0,113152500,0,18720000,0,4296600,0,0,0,0,0,0,0,0,0,0,0,0,0,0,0,4576597200,0,0,0,0,0,0,0,0,0,0,0,0,0,0,0,0,324000,0,0,0,0,0,0,0,0,11226600,0,0,0,0,0,0,0,9184000,0,0,0,0,0,0,0,0,14328000,0,0,0,0,0,0,0,0,0,0,0,0,0,0,0,0,0,4032000,0,0,0,0,0,0,0,0,0,0,0,0,0,0,0,495394500,5220000,0,0,0,0,0,0,0,0,0,0,0,0,0,0,0,0,0
"LAO",0,0,0,0,0,0,0,0,0,0,0,0,0,0,0,0,0,0,0,0,0,0,0,0,0,0,0,0,0,0,0,0,0,0,0,0,0,0,0,0,0,0,0,0,0,0,0,0,0,0,0,0,0,0,0,0,0,0,0,0,0,0,0,0,0,0,0,0,0,0,0,0,0,0,0,0,0,0,0,0,0,0,0,0,0,0,0,0,0,0,0,0,0,0,0,0,0,0,0,0,0,0,0,0,0,0,0,0,0,0,0,0,0,0,0,0,0,0,0,0,0,0,0,0,0,0,0,0,0,0,0,0,0,0,0,0,0,0,0,0,0,0,0,0,0,0,0,0,0,0,0,0,0,0,0,0,0,0,0,0,0,0,0,0,0,0,0,0,0,0,0,0,0,0,0,0,0,0,0,0,0,0,0,0,0,0,0,0,0,0,0,0,0,0,0
"LBN",6264000,0,0,55764000,0,0,5220000,0,0,0,0,0,0,0,0,0,3672000,0,0,0,0,0,0,0,5268000,1048000,0,1188000,0,8100000,0,0,19152000,0,53548200,0,0,0,11164000,0,6876000,14616000,0,0,0,0,0,0,324000,0,0,432000,0,828000,0,0,0,18900000,468000,174215500,0,18936000,0,162612000,0,0,0,29576000,0,0,0,0,0,0,0,0,0,0,7186500,0,0,0,128010500,0,0,0,50976000,0,4428000,0,0,0,84915000,0,0,0,0,197424000,0,0,0,0,0,28296000,0,7162500,0,36000,0,0,0,5040000,0,0,0,0,3924000,0,0,0,0,0,0,16024000,386928000,0,0,9684000,0,0,7200000,0,0,0,0,360000,0,0,290212000,140000,0,0,0,0,0,0,0,361286000,17388000,0,51296000,0,0,0,0,0,0,0,0,0,574200000,0,28729476000,0,0,2192000,1.44e+08,8748000,0,0,0,2649000,1504728000,2444400,0,0,98316000,0,367020000,7992000,1044000,0,36628200,0,0,0,0,612000,20124000,0,0,3612600,0,0,0
"LSO",0,0,0,0,0,0,0,0,0,0,0,0,0,0,0,0,0,0,0,0,0,0,0,0,0,0,0,0,0,0,0,0,0,0,0,0,0,0,0,0,0,0,0,0,0,0,0,0,0,0,0,0,0,0,0,0,0,0,0,0,0,0,0,0,0,0,0,0,0,0,0,0,0,0,0,0,0,0,0,0,0,0,0,0,0,0,0,0,0,0,0,0,0,0,0,0,0,0,0,0,0,0,0,0,0,0,0,0,0,0,0,0,0,0,0,0,0,0,0,0,0,0,0,0,0,0,0,0,0,0,0,0,0,0,0,0,0,0,0,0,0,0,0,0,0,0,0,0,0,0,0,0,0,0,0,0,0,0,0,0,0,0,0,0,0,0,0,0,0,0,0,0,0,0,0,0,0,0,0,0,0,0,0,0,0,0,0,0,0,0,0,0,0,0,0
"LBR",0,0,0,0,0,0,0,0,0,0,0,0,0,0,0,0,0,0,0,0,0,0,0,0,0,0,0,0,0,0,0,0,0,0,0,0,0,0,0,0,0,0,0,0,0,0,0,0,0,0,0,0,0,0,0,0,0,0,0,0,0,0,0,0,0,0,0,0,0,0,0,0,0,0,0,0,0,0,0,0,0,0,0,0,0,0,0,0,0,0,0,0,0,0,0,0,0,0,0,0,0,0,0,0,0,0,0,0,0,0,0,0,0,0,0,0,0,0,0,0,0,0,0,0,0,0,0,0,0,0,0,0,0,0,0,0,0,0,0,0,0,0,0,0,0,0,0,0,0,0,0,0,0,0,0,0,0,0,0,0,0,0,0,0,0,0,0,0,0,0,0,0,0,0,0,0,0,0,0,0,0,0,0,0,0,0,0,0,0,0,0,0,0,0,0
"LBY",0,0,0,0,0,0,0,0,0,0,0,0,0,0,0,0,0,0,0,0,0,0,0,0,0,3952800,0,0,0,0,0,0,0,0,0,0,0,0,0,0,0,0,0,0,0,0,0,0,0,0,0,0,0,0,0,0,0,0,0,0,0,164016000,0,0,0,0,0,0,0,0,0,0,0,0,0,0,0,0,0,0,0,0,0,0,0,0,0,0,0,0,0,0,0,0,0,0,0,0,0,0,0,0,0,0,0,0,0,0,0,0,0,0,0,0,0,0,0,0,0,0,0,0,0,0,0,0,0,0,0,0,0,0,0,0,0,0,0,0,0,0,0,0,0,0,0,0,0,0,0,0,0,0,0,0,0,0,0,0,0,0,0,0,0,0,0,0,0,0,0,0,0,0,0,0,0,0,0,0,0,0,0,0,0,0,0,0,0,0,0,0,0,0,0,0,0
"LTU",0,0,0,0,0,0,0,0,0,0,0,0,0,0,0,0,0,0,0,0,0,18095100,0,0,0,0,0,0,0,0,0,0,0,0,0,0,0,0,30240000,0,0,468000,0,0,55323900,0,0,0,0,5399246400,0,0,7200000,0,0,0,828000,0,0,890460000,0,0,0,0,0,0,0,0,0,0,0,0,0,1440000,0,0,0,0,0,175628700,0,0,0,1058700,0,0,0,0,0,0,0,0,0,12026220000,0,0,0,0,0,0,0,0,0,0,0,0,0,0,0,0,0,0,0,0,0,0,82944000,0,0,0,0,0,0,0,0,2592000,0,0,9778017000,0,0,0,0,8381225700,0,0,0,0,0,0,0,0,675139900,0,0,0,0,0,0,0,0,0,86400000,0,0,0,1116000,0,0,0,180000,0,0,0,0,0,0,0,0,0,0,0,0,0,0,0,180113400,14280000,1764000,0,0,396000,0,0,0,0,0,0,0,0,0,0,0,0,0
"MAC",0,0,0,0,0,0,0,0,0,0,0,0,0,0,0,0,0,0,0,0,0,0,0,0,0,0,0,0,0,0,0,0,0,0,0,0,0,0,0,0,0,0,0,0,0,0,0,0,0,0,0,0,0,0,0,0,0,0,0,0,0,0,0,0,0,0,0,0,0,0,0,208368000,0,0,0,0,0,0,0,0,0,0,0,0,0,0,0,0,0,0,0,0,0,0,0,0,0,0,0,0,0,0,0,0,0,0,0,0,0,0,0,0,0,0,0,0,0,0,0,0,0,0,0,0,0,0,0,0,0,0,0,0,0,0,0,0,0,0,0,0,0,0,0,0,0,0,0,0,0,0,0,0,0,0,0,0,0,0,0,0,0,0,0,0,0,0,0,0,0,0,0,0,0,0,0,0,0,0,0,0,0,0,0,0,0,0,0,0,0,0,0,0,0,0,0
"MDG",0,0,0,0,0,0,0,0,0,0,0,0,0,0,0,0,0,0,0,0,0,0,0,0,0,0,0,0,0,0,0,0,0,0,0,0,0,0,0,0,0,0,0,0,0,0,0,0,0,0,0,0,0,56600600,0,0,0,0,0,0,0,0,0,0,0,0,0,0,0,0,0,0,0,0,0,0,0,0,0,0,0,178500,0,0,0,0,0,0,0,0,0,0,0,0,0,0,0,0,0,0,0,0,0,0,0,0,0,0,1400000,0,0,0,0,0,0,0,0,0,0,0,0,0,0,0,0,0,0,0,0,0,0,0,0,0,0,0,0,0,0,0,0,0,0,0,0,0,0,0,0,0,0,0,0,0,0,0,0,0,0,0,0,71400,0,0,0,0,0,0,0,0,0,0,0,0,0,0,0,0,1.062e+09,0,0,0,0,0,0,0,0,0,0,0,0,0,0,0,0
"MWI",0,0,0,0,0,0,0,0,0,0,0,0,0,0,0,540000,0,0,0,0,0,0,0,0,0,0,0,0,0,0,0,180000,0,0,0,0,0,0,0,0,0,0,0,0,0,0,0,0,0,0,0,0,0,0,0,0,0,0,0,0,0,0,0,0,0,0,0,0,0,0,0,0,0,0,0,0,0,0,0,0,0,0,0,0,0,0,0,0,0,0,0,0,0,0,0,0,0,0,0,0,0,0,0,0,0,0,0,0,0,0,0,0,0,0,0,0,0,0,0,0,0,0,0,0,0,0,0,0,0,0,0,0,0,0,0,0,0,0,0,8.4e+07,0,0,0,0,0,0,0,0,0,0,0,0,0,0,0,142520000,0,0,0,0,0,0,0,0,0,0,0,0,0,0,0,0,0,0,0,0,227528000,0,72000,0,0,0,0,0,0,0,0,422160000,0,0,0,0,0,0,0
"MYS",0,0,0,0,0,0,162632000,0,0,0,0,0,0,0,0,0,0,0,0,0,1332000,0,3.609e+09,0,0,0,0,0,0,0,0,360000,0,0,0,0,0,0,0,0,3532500000,0,0,0,0,0,0,0,0,0,0,0,0,0,0,0,0,0,0,0,0,0,0,0,0,0,0,0,0,0,0,0,0,0,0,1150704000,146582280000,0,0,0,0,0,0,0,0,0,0,0,0,0,0,720000,0,0,0,0,0,0,0,0,0,0,0,0,0,0,0,0,0,0,0,0,0,0,0,0,0,0,0,0,0,162435000,0,0,0,0,0,0,0,0,0,0,1260000,0,0,0,0,0,0,0,0,0,0,0,0,0,0,0,0,0,0,0,0,4482263700,0,0,0,0,0,0,0,0,0,0,0,0,165600000,1224900000,0,0,0,0,0,720000,0,0,0,0,0,0,0,0,0,7758720000,0,0,0,0,37872000,0,0,0,0,0,0
"MDV",0,0,0,0,0,0,0,0,0,0,0,0,0,0,0,0,0,0,0,0,0,0,0,0,0,0,0,0,0,0,0,0,0,0,0,0,0,0,0,0,0,0,0,0,0,0,0,0,0,0,0,0,0,0,0,0,0,0,0,0,0,0,0,0,0,0,0,0,0,0,0,0,0,0,0,0,0,0,0,0,0,0,0,0,0,0,0,0,0,0,0,0,0,0,0,0,0,0,0,0,0,0,0,0,0,0,0,0,0,0,0,0,0,0,0,0,0,0,0,0,0,0,0,0,0,0,0,0,0,0,0,0,0,0,0,0,0,0,0,0,0,0,0,0,0,0,0,0,0,0,0,0,0,0,0,0,0,0,0,0,0,0,0,0,0,0,0,0,0,0,0,0,0,0,0,0,0,0,0,0,0,0,0,0,0,0,0,0,0,0,0,0,0,0,0
"MLI",0,0,0,0,0,0,0,0,0,0,0,0,0,0,0,0,0,0,0,0,0,0,0,0,0,0,0,0,0,0,0,0,0,0,0,0,0,0,0,0,0,0,0,0,0,0,0,0,0,0,0,0,0,0,0,0,0,0,0,0,0,0,0,0,0,0,0,0,0,0,0,0,0,0,0,0,0,0,0,0,0,0,0,0,0,0,0,0,0,0,0,0,0,0,0,0,0,0,0,0,0,0,0,0,0,0,0,0,0,0,0,0,0,0,0,0,0,0,0,0,0,0,0,0,0,0,0,0,0,0,0,0,0,0,0,0,0,0,0,0,0,0,0,0,0,0,0,0,454800000,0,0,0,0,0,0,0,0,0,0,0,0,0,0,0,0,0,0,0,0,0,0,0,0,0,0,0,0,0,0,2160000,0,0,0,0,0,0,0,0,0,0,0,0,0,0,0
"MLT",0,0,0,0,0,0,0,0,0,0,0,0,0,0,0,0,0,0,0,0,0,0,0,0,0,0,0,0,0,0,0,0,0,0,0,0,0,0,0,0,0,0,0,0,0,0,0,0,0,0,0,0,0,0,0,0,0,0,0,0,0,36000,0,0,0,0,0,0,0,0,0,0,0,0,0,0,0,0,0,0,0,93600000,0,0,0,0,0,0,0,0,0,0,0,0,0,0,0,0,8244000,0,0,0,0,0,0,0,0,0,0,0,0,0,0,0,0,0,0,0,0,0,0,0,0,0,0,0,0,0,0,0,0,0,0,0,0,0,0,0,0,0,0,0,0,0,0,0,0,0,0,0,0,0,0,0,0,0,0,0,0,0,0,0,0,0,0,0,0,0,0,0,0,0,0,0,0,0,0,0,1620000,0,0,0,0,0,0,0,0,0,0,0,0,0,0,0,0
"MRT",0,0,0,0,0,0,0,0,0,0,0,0,0,0,0,0,0,0,0,0,0,0,0,0,0,0,0,0,0,0,0,0,0,0,0,0,0,0,0,0,0,0,0,0,0,0,0,0,0,0,0,0,0,0,0,0,0,0,0,0,0,0,0,0,0,0,0,0,0,0,0,0,0,0,0,0,0,0,0,0,0,0,0,0,0,0,0,0,0,0,0,0,0,0,0,0,0,0,0,0,0,0,0,0,0,0,0,0,0,0,0,0,0,0,0,0,0,0,0,0,0,0,0,0,0,0,0,0,0,0,0,0,0,0,0,0,0,0,0,0,0,0,0,0,0,0,0,0,0,0,0,0,0,0,0,0,0,0,0,0,0,0,0,0,0,0,0,0,0,0,0,0,0,0,0,0,0,0,0,0,0,0,0,0,0,0,0,0,0,0,0,0,0,0,0
"MUS",0,0,0,0,0,0,0,0,0,0,0,0,0,0,0,0,0,0,0,0,0,0,0,0,0,0,0,0,0,0,0,20268000,0,116316000,0,0,0,0,0,0,0,0,0,0,0,0,0,0,0,0,0,0,0,147632000,0,0,0,0,0,0,0,0,0,0,0,0,0,0,0,0,0,0,0,0,0,1983060000,0,0,0,0,0,0,0,0,0,0,0,0,0,0,0,0,0,0,0,0,0,0,0,0,0,124890000,0,21804900,0,0,0,0,0,0,0,0,0,0,0,0,7.2e+07,0,0,0,0,0,0,0,0,0,0,0,0,0,0,0,0,0,0,0,0,0,0,0,0,0,0,0,0,0,0,0,0,34991400,0,0,0,0,0,504000,0,0,0,0,0,0,0,0,14704000,0,0,0,0,0,0,0,0,0,0,0,0,0,2.88e+08,0,0,0,0,0,0,0,0,0,0,0,0,0,0,0,0
"MEX",0,0,0,0,0,0,0,0,0,0,438048000,0,0,0,0,0,0,0,144864000,0,0,0,0,0,0,324000,0,0,0,0,0,4928256000,21203324000,0,0,0,36000,6831851100,0,0,0,0,0,0,0,468000,0,0,0,0,0,0,0,108000,0,0,0,0,0,12460500,0,0,0,0,0,0,0,0,0,0,0,0,0,0,0,0,0,0,0,0,0,0,0,0,0,0,0,0,0,0,0,0,0,0,0,0,0,0,0,0,0,0,0,0,0,0,0,0,0,0,0,0,0,0,0,0,0,0,0,0,0,0,0,0,0,0,0,1661688000,0,0,0,0,0,0,0,0,0,0,0,0,0,0,0,0,0,0,0,0,0,0,0,0,0,0,0,0,0,0,0,0,0,0,0,0,0,0,0,0,0,0,0,0,0,0,0,0,0,0,17773502900,0,0,0,298528936200,0,0,0,0,0,0,0,0,0,0,0,0
"MNG",0,0,0,0,0,0,0,0,0,0,0,0,0,0,0,0,0,0,0,0,0,0,0,0,0,0,0,0,0,0,0,0,0,0,0,0,0,0,0,0,0,0,0,0,0,0,0,0,0,0,0,0,0,0,0,0,0,0,0,0,0,0,0,0,0,0,0,0,0,0,0,0,0,0,0,0,0,0,0,0,0,0,0,0,0,0,0,0,0,0,0,0,0,0,0,0,0,0,0,0,0,0,0,0,0,0,0,0,0,0,0,0,0,0,0,0,0,0,0,0,0,0,0,0,0,0,0,0,0,0,0,0,0,0,0,0,0,0,0,0,0,0,0,0,0,0,0,0,0,0,0,0,0,0,0,0,0,0,0,0,0,0,0,0,0,0,0,0,0,0,0,0,0,0,0,0,0,0,0,0,0,0,0,0,0,0,0,0,0,0,0,0,0,0,0
"MAR",0,0,0,0,0,0,0,0,0,0,0,0,0,0,0,0,0,0,0,0,0,0,0,0,0,0,0,0,0,0,0,0,0,0,0,0,0,0,0,0,0,0,0,0,0,0,0,0,72000,0,0,0,0,0,0,0,0,0,0,0,0,0,0,0,0,0,0,0,0,0,0,0,0,0,0,0,0,0,0,0,0,0,0,0,0,0,0,0,0,0,0,0,0,0,0,0,0,0,0,0,0,0,0,0,0,36000,0,0,0,0,0,0,0,0,0,0,0,0,0,0,0,0,0,0,0,0,0,0,0,0,0,0,0,0,0,0,0,0,0,0,0,0,0,0,0,0,0,0,0,0,0,0,0,0,0,0,6740695500,0,0,0,0,0,0,0,0,0,0,0,0,0,0,0,0,0,0,0,0,0,0,0,0,0,0,0,0,0,0,0,338364000,0,0,0,0,0,0
"MOZ",0,0,0,0,0,0,0,0,0,0,0,0,0,0,0,0,0,0,0,0,0,0,0,0,0,0,0,0,0,0,0,0,0,0,0,0,0,0,0,0,0,0,0,0,0,0,0,0,0,0,0,0,0,0,0,0,0,0,0,0,0,0,0,0,0,0,0,0,0,0,0,0,0,0,0,0,0,0,0,0,0,0,0,0,0,0,0,0,0,0,0,0,0,0,0,0,0,0,0,0,0,0,0,0,0,0,0,0,0,0,0,0,0,0,0,0,0,0,0,0,0,0,0,0,0,0,0,0,0,0,0,0,0,0,0,0,0,0,0,0,0,0,0,0,0,0,0,0,0,0,0,0,0,0,0,0,0,0,0,0,0,0,0,0,0,0,0,0,0,0,0,0,0,0,0,0,0,0,0,0,0,0,0,0,0,0,0,0,0,0,0,0,0,0,0
"MDA",0,0,0,0,0,0,0,0,0,0,0,0,0,0,0,0,0,0,0,0,0,0,0,0,0,0,0,0,0,0,0,0,0,0,0,0,0,0,0,0,0,0,0,0,0,0,0,0,0,0,0,0,0,0,0,0,0,0,0,0,0,0,0,0,0,0,0,0,0,0,0,0,0,0,0,0,0,0,0,0,0,964800,0,0,0,0,0,0,0,0,0,0,0,0,0,0,0,0,0,0,0,0,0,0,0,0,64000,0,0,0,0,0,0,0,0,0,0,0,0,0,0,0,0,0,0,0,0,0,0,0,0,0,0,0,0,0,0,0,0,0,0,0,0,0,0,0,0,0,0,0,0,0,0,0,0,0,0,0,0,0,0,0,0,0,0,0,0,0,0,0,0,0,0,0,0,0,0,0,0,0,0,0,0,0,0,0,0,0,0,0,0,0,0,0,0
"NAM",0,0,0,0,108000,0,0,0,360000,0,0,0,0,0,0,35700,0,0,0,0,0,0,0,0,0,0,0,0,0,0,0,0,0,0,0,0,0,0,360000,0,0,0,0,0,0,0,0,0,0,0,360000,0,0,432000,0,0,0,0,0,0,0,0,0,0,0,0,0,0,0,0,0,0,0,0,0,0,0,0,0,0,0,0,0,0,0,0,0,0,0,0,0,0,0,0,0,0,0,288000,0,0,0,0,0,0,0,0,0,0,0,0,0,0,0,0,0,0,0,0,0,0,0,216000,0,0,0,0,0,648000,0,0,0,0,0,0,0,0,0,0,0,0,0,0,0,0,0,0,0,0,0,0,0,0,0,0,0,102428000,0,0,0,0,0,0,0,0,0,0,0,0,0,0,0,0,0,0,0,0,0,0,0,0,0,0,0,0,0,0,15624000,75911100,0,72000,0,0,36000,0,0
"NPL",0,0,0,0,0,0,0,0,0,0,0,0,0,0,0,0,0,0,0,0,0,0,0,0,0,0,0,0,0,0,0,612000,0,0,0,0,0,0,0,0,0,0,0,0,0,0,0,0,0,0,0,0,0,180000,0,0,0,0,0,0,0,0,0,0,0,0,0,0,0,0,0,0,0,0,0,0,0,0,0,0,0,0,0,0,0,3710900,0,0,0,0,0,3822000,0,0,0,0,0,0,0,0,0,0,0,0,0,0,0,0,0,0,0,0,0,0,0,0,0,0,0,0,0,0,0,0,0,0,0,0,0,0,0,0,0,0,0,0,0,0,0,0,0,0,0,0,0,0,0,0,0,0,0,0,0,0,0,0,0,0,0,0,0,0,0,0,0,0,0,0,0,0,0,0,0,0,0,0,0,0,0,0,0,0,0,0,0,0,0,0,0,0,0,0,0,0,0
"NLD",0,102679200,0,0,0,72000,432000,21952629800,0,5624700,0,0,0,0,0,0,180000,0,0,0,0,917075000,0,0,0,196986000,0,14148000,0,0,432000,2837600,0,0,72000,0,0,0,1088843900,37692000,0,12535037900,108000,2700000,0,0,0,0,0,171868800,0,0,9944727800,208950374300,0,0,7488000,252000,1404000,639076026700,0,100322700,0,3069033800,0,0,0,468000,0,29376000,0,360000,4694496700,302224300,548752200,16236000,144000,0,228304000,23222468100,73050000,21693924100,108000,0,0,24597000,65104000,18360000,4140000,0,0,23724000,106452000,162607400,0,33597000,0,1080000,0,521216400,0,0,0,288000,0,12499800,1338821200,0,0,0,0,0,0,5184000,0,0,0,0,0,0,0,72000,0,0,27093700,282542500,0,0,9263768000,0,0,0,0,41382259400,1876402200,0,0,0,27792000,0,3032618700,0,36000,0,0,0,0,28186200,0,0,360000,1136722300,1401933100,15483600,4392000,3808500,9422180600,55216000,0,0,21682739900,4580328800,0,0,399000,0,0,140000,0,0,1119000,9150000,9127200,231261900,0,0,179904420600,0,1720675200,0,577800,0,0,0,0,0,224000,0,112137777400,1800276100,34842000,0,219824100,0,0
"ANT",0,0,0,0,0,0,0,0,0,0,0,0,0,0,0,0,0,0,0,0,0,0,0,0,0,0,0,0,0,0,0,0,0,0,0,0,0,0,0,0,0,0,0,0,0,0,0,0,0,0,0,0,0,0,0,0,0,0,0,0,0,0,0,0,0,0,0,0,0,0,0,0,0,0,0,0,0,0,0,0,0,0,0,0,0,0,0,0,0,0,0,0,0,0,0,0,0,0,0,0,0,0,0,0,0,0,0,0,0,0,0,0,0,0,0,0,0,0,0,0,0,0,0,0,0,0,0,0,0,0,0,0,0,0,0,0,0,0,0,0,0,0,0,0,0,0,0,0,0,0,0,0,0,0,0,0,0,0,0,0,0,0,0,0,0,0,0,0,0,0,0,0,0,0,0,0,0,0,0,0,0,0,0,0,0,0,0,0,0,0,0,0,0,0,0
"NCL",0,0,0,0,0,0,0,0,0,0,0,0,0,0,0,0,0,0,0,0,0,0,0,0,0,0,0,0,0,0,0,0,0,0,0,0,0,0,0,0,0,0,0,0,0,0,0,0,0,0,0,0,0,0,0,0,0,0,0,0,0,0,0,0,0,0,0,0,0,0,0,0,0,0,0,0,0,0,0,0,0,0,0,0,0,0,0,0,0,0,0,0,0,0,0,0,0,0,0,0,0,0,0,0,0,0,0,0,0,0,0,0,52272000,0,0,0,0,0,0,0,0,0,0,0,0,0,0,0,0,0,0,0,0,0,0,0,0,0,0,0,0,0,0,0,0,0,0,0,0,0,0,0,0,0,0,0,0,0,0,0,0,0,0,0,0,0,0,0,0,0,0,0,0,0,0,0,0,0,0,0,0,0,0,0,0,0,0,0,0,0,0,0,0,0,0
"MKD",0,0,2298185200,0,0,0,2492000,2160000,0,0,0,0,0,0,0,0,0,0,0,0,0,3140928000,0,0,0,40544600,0,0,0,0,0,0,0,0,0,0,0,0,0,0,0,0,0,0,0,0,0,0,0,0,0,0,0,0,0,0,0,0,0,9720000,159196800,0,0,0,0,0,0,0,0,0,0,0,1468800000,17208000,0,0,0,0,0,0,0,0,0,0,0,0,0,0,0,0,0,0,0,0,0,0,0,0,0,0,0,0,0,0,0,0,0,0,0,0,0,0,0,0,0,0,0,0,0,0,0,0,0,0,0,12852000,0,0,0,0,0,0,0,579600000,0,0,0,0,0,0,0,0,0,0,0,0,0,0,0,0,0,1.8e+07,0,0,0,0,0,0,0,0,136296000,98899800,0,64800000,0,0,0,0,0,0,0,0,2620728000,0,0,0,0,0,62988000,0,0,0,0,0,0,0,0,0,0,0,33047334400,1184758500,0,0,0
"VUT",0,0,0,0,0,0,0,0,0,0,0,0,0,0,0,0,0,0,0,0,0,0,0,0,0,0,0,0,0,0,0,0,0,0,0,0,0,0,0,0,0,0,0,0,0,0,0,0,0,0,0,0,0,0,0,0,0,0,0,0,0,0,0,0,0,0,0,0,0,0,0,0,0,0,0,0,0,0,0,0,0,0,0,0,0,0,0,0,0,0,0,0,0,0,0,0,0,0,0,0,0,0,0,0,0,0,0,0,0,0,0,0,0,0,0,0,0,0,0,0,0,0,0,0,0,0,0,0,0,0,0,0,0,0,0,0,0,0,0,0,0,0,0,0,0,0,0,0,0,0,0,0,0,0,0,0,0,0,0,0,0,0,0,0,0,0,0,0,0,0,0,0,0,0,0,0,0,0,0,0,0,0,0,0,0,0,0,0,0,0,0,0,0,0,0
"NZL",0,0,0,0,0,0,199453800,0,0,0,0,0,0,0,0,0,0,0,0,18540000,0,0,0,0,0,0,0,0,0,0,0,1683600,0,0,0,104023500,0,0,0,0,0,0,0,0,0,0,0,0,0,0,0,126560000,0,0,2556000,0,0,0,0,0,0,6048000,5616000,0,0,0,0,0,0,0,0,7944000,0,0,0,84600000,0,0,0,0,0,0,0,0,0,0,0,0,0,0,0,0,0,0,0,0,0,0,0,0,1749300,0,0,0,0,0,0,0,0,0,0,0,0,0,0,0,0,0,19656000,0,49175100,0,0,0,0,0,0,0,0,2592000,0,0,0,0,0,0,0,0,0,0,0,0,0,0,0,0,0,0,0,0,0,0,0,4356000,0,0,0,0,0,0,0,0,0,0,0,0,123876000,0,35927400,0,0,0,0,0,0,10980000,0,0,51840000,0,0,0,0,273888000,0,0,0,0,0,0,0,0,0,0,0
"NIC",0,0,0,0,0,0,0,0,0,0,0,0,0,0,0,0,0,0,0,0,0,0,0,0,0,0,0,0,0,0,0,0,35700,0,0,0,78947700,0,0,0,0,0,0,0,0,0,0,57745332000,0,0,0,0,0,0,0,0,0,0,0,0,0,0,0,0,0,0,6316236000,0,0,0,3972216000,0,0,0,0,0,0,0,0,0,0,0,0,0,0,0,0,0,0,0,0,0,0,0,0,0,0,0,0,0,0,0,0,0,0,0,0,0,0,36000,0,0,0,0,0,0,0,0,0,0,0,0,0,0,0,0,0,2740000,0,0,0,0,0,0,0,0,0,0,0,0,0,0,0,0,0,0,0,0,0,0,0,0,0,0,0,0,0,0,0,0,0,8496000,0,0,0,0,0,0,0,0,0,0,0,0,0,0,0,0,0,0,0,0,0,0,0,0,0,0,0,0,0,0,0,0,0
"NER",0,0,0,160650000,0,0,0,0,0,0,96390000,0,0,0,0,0,0,0,0,0,271320000,0,0,0,0,0,0,0,0,0,0,27468477000,0,0,0,0,0,0,0,0,896627280400,0,0,0,0,0,0,0,0,0,0,0,0,0,0,0,0,453390000,0,0,407444100,0,0,0,0,0,0,0,0,257040000,0,2589360000,0,0,0,100537238100,8741320500,0,0,0,0,0,0,0,646170000,0,0,0,0,0,0,0,0,0,0,948584700,0,0,0,0,0,0,0,1384895100,0,0,0,0,0,0,0,0,0,0,232050000,0,0,0,0,0,0,0,257040000,0,760572647500,0,803250000,0,0,0,0,0,0,0,0,0,0,0,132090000,0,0,0,0,0,0,0,0,0,0,0,0,0,0,6377875500,0,0,0,0,0,0,0,0,0,0,0,0,726566651100,1442280000,0,124950000,0,464100000,141836100,0,0,0,0,0,0,443520000,0,0,0,0,0,0,0,0,0,0,0,0,0,0,0
"NGA",0,0,0,0,0,0,0,0,0,0,0,0,0,0,0,452000,0,0,0,0,0,0,0,0,17182500,320340900,0,0,0,0,0,0,0,0,0,0,0,0,0,0,8647209000,0,0,0,0,0,112000,0,0,0,0,0,0,72000,0,0,0,0,720000,35700,0,2448000,0,0,0,0,0,0,0,0,0,0,0,0,0,0,0,0,0,36000,0,0,0,0,0,0,0,0,0,0,0,72000,0,0,0,0,0,0,0,0,0,0,0,0,0,0,0,0,0,0,0,0,27936000,0,0,0,0,0,0,0,0,0,0,152550000,0,7207200,0,0,0,0,0,0,0,0,0,0,0,0,0,0,0,0,0,0,0,0,0,0,0,0,0,0,0,0,0,21460000,0,0,0,0,0,0,0,0,0,0,0,0,0,0,0,0,0,0,0,0,6604500,0,0,0,0,0,0,0,0,0,0,0,642600,0,0,0,0,0,0
"NOR",0,0,0,0,0,0,0,0,0,0,0,0,0,0,0,0,0,0,0,0,0,0,0,0,0,0,0,0,0,0,0,0,0,0,0,0,0,0,0,0,0,189342800,0,0,0,0,0,0,0,0,0,0,156842400,5004000,0,0,0,0,0,148968000,0,11779500,0,0,0,0,0,0,0,0,0,0,0,0,288000,80856000,0,0,0,0,0,0,0,0,0,0,0,0,0,0,0,0,0,0,0,0,0,0,0,0,0,0,0,0,0,0,0,0,0,0,0,0,0,0,0,0,432000,0,0,0,0,0,0,0,108000,0,0,0,0,0,0,0,0,0,0,0,0,0,0,0,0,0,648000,0,0,0,0,0,0,0,0,0,0,0,0,0,437112000,0,0,0,378895500,3312000,0,0,0,0,0,0,0,0,0,0,0,0,0,0,3312000,0,0,0,0,0,0,0,0,0,0,0,0,0,0,0,0,0,0
"PAK",0,2423265424200,23501988000,58122036000,0,853092000,186856831500,1919952000,0,186769894800,0,102079080000,0,0,0,39600000,941796000,0,0,0,0,2024532000,0,0,118759932000,113808542100,3194064000,0,224475756000,0,37294704000,3051286964000,0,251360496000,2451744000,0,0,0,1986336000,313907830800,503553672000,44776230600,0,0,0,0,7407402000,0,0,526608000,0,1578692000,1385064000,130445016600,0,150957637500,65130490200,6264000,162561276000,93444609600,0,57966097800,0,13052990700,0,0,0,56846592000,31428000,26991720000,0,42011136000,5.58e+08,2527380000,0,4.32e+08,773944632000,61015860000,34086276000,6159888000,0,250410320400,5.931e+11,474945732000,280584000,8468352000,19181471100,0,3646286715900,0,0,2930836200,82744569000,4079412000,0,26172108000,0,151200000,27213915300,61922956500,0,1325898768000,23112000,555670365600,30459960000,0,3718224000,85038768000,106171992000,0,0,6885540000,1137372793500,0,0,0,148625965200,0,0,0,0,24073907400,0,0,49773420000,18774828000,0,0,2599032000,0,0,0,274647528000,65549312400,24216118800,397272924000,40904604000,0,244436510100,104074596000,8181960000,0,223157988000,0,0,0,1287864000,905745317700,279521820000,8936424000,526895064000,254448000,0,1.224e+10,317120630400,83543396100,305458145700,0,493200000,158400000,51819492000,4465116000,10454400000,13270212000,320220000,1157437692000,6923124000,204450192000,0,1927494600,787546944900,27978804000,105626808000,2199963356900,1.404e+09,0,456571036500,135296964000,240698650800,0,0,3.6e+07,8674380000,545076000,0,537924725700,3578796000,0,454619649300,0,295200000,0,7269820000,46326800000,22829328000
"PAN",0,0,0,0,0,0,0,0,29748000,0,0,0,0,0,0,0,0,0,9720000,0,0,0,0,0,0,0,0,0,0,0,0,0,44964000,0,0,0,22356000,43128000,0,0,0,0,0,88812000,0,0,0,0,0,0,0,0,0,0,0,0,0,0,0,0,0,9e+05,0,0,0,0,0,0,16704000,0,28000,0,0,0,16740000,0,0,0,0,0,0,0,0,0,27072000,0,0,0,0,0,0,0,0,0,0,0,0,0,0,0,0,0,0,0,0,0,0,0,0,0,0,0,0,0,90144000,0,70524000,0,0,0,0,0,0,0,0,0,0,0,0,0,0,0,0,0,0,0,0,0,0,0,0,0,0,0,0,0,0,0,0,0,0,0,0,0,0,0,0,0,0,0,0,0,0,0,0,0,1591200,176832000,0,25380000,0,0,0,0,0,0,0,0,0,0,0,0,9308700000,0,0,0,1548000,0,0,0,0,0,0,0,0
"CZE",0,0,0,0,0,0,0,832280700,0,0,0,0,0,0,0,0,0,0,0,0,0,193397100,0,0,0,0,0,0,0,0,0,0,0,0,0,0,0,0,0,0,0,36000,0,0,0,0,0,0,0,90048000,0,0,144000,553068000,0,0,0,0,0,9143862200,142800,0,0,2051700,0,0,0,0,0,0,0,0,9225401300,4409637900,0,0,0,0,0,0,0,346804800,0,0,0,0,0,0,0,0,0,0,0,6194400,0,219600,0,0,0,378542700,0,0,0,0,36000,0,0,0,0,0,0,0,0,0,0,0,20923200,0,0,0,0,0,0,0,0,13219420800,0,0,0,0,0,0,0,13688837500,0,0,0,0,0,0,204422100,0,7776000,0,0,0,0,0,0,0,0,574416600,101742162300,0,0,0,36000,0,0,0,24624000,152495700,0,0,0,0,0,0,0,0,0,0,0,0,0,0,25203000,1404000,0,0,0,0,0,0,0,0,0,0,42516000,1143600,0,0,0,0,0
"PNG",0,0,0,0,0,0,0,0,0,0,0,0,0,0,0,0,0,0,0,0,0,0,0,0,0,0,0,0,0,0,0,0,0,0,0,0,0,0,0,0,0,0,0,0,0,0,0,0,0,0,0,0,0,0,0,0,0,0,0,0,0,0,0,0,0,0,0,0,0,0,0,0,0,0,0,0,0,0,0,0,0,0,0,0,0,0,0,0,0,0,0,0,0,0,0,0,0,0,0,0,0,0,0,0,0,0,0,0,0,0,0,0,0,0,0,0,0,0,0,0,0,0,0,0,0,0,0,0,0,0,0,0,0,0,0,0,0,0,0,0,0,0,0,0,0,0,0,0,0,0,0,0,0,0,0,0,0,0,0,0,0,0,0,0,0,0,720000,0,0,0,0,0,0,0,0,0,0,0,0,0,0,0,0,0,0,0,0,0,0,0,0,0,0,0,0
"PRY",0,0,0,0,0,33146496000,0,0,0,0,0,0,0,0,381780000,0,3163266822200,0,0,0,0,0,0,0,0,0,0,0,0,0,258496308000,0,107256888000,0,0,0,18557424000,0,0,0,0,0,0,0,0,0,0,0,0,0,0,0,0,4392000,0,0,0,0,121399824000,16374494100,0,0,0,0,0,0,1724676000,358200000,0,0,2.556e+09,0,0,0,0,0,0,0,0,0,6.156e+09,0,0,0,0,0,43200000,0,0,0,0,0,0,0,0,360288000,0,0,0,0,0,0,0,0,0,0,0,0,0,9e+07,0,0,0,0,0,0,46337867400,0,0,0,0,0,78368252000,0,0,0,0,2611800000,0,0,0,13962888000,0,1903309800,0,24193368000,0,0,0,0,0,0,0,0,0,0,0,0,9999252000,0,67174992000,0,0,0,0,3012068000,0,0,0,0,0,2618532000,0,0,0,0,0,1120284000,0,7200144000,0,0,3959568000,1939788000,0,0,5674050900,0,479700000,0,3851352000,0,3517272000,0,0,0,0,0,72773090100,0,0,0,0,0,0
"PER",0,0,0,0,0,0,0,0,0,0,0,0,0,0,0,0,0,0,0,0,0,0,0,0,0,19908000,0,0,0,0,791320900,0,30312504000,0,0,0,0,0,0,0,0,0,0,0,0,1368000,0,0,0,0,0,0,0,10764000,0,0,0,0,0,0,0,0,0,0,0,0,0,0,0,0,0,0,0,0,0,0,0,0,0,0,0,36000,0,0,0,0,0,0,0,0,0,0,0,0,0,0,0,0,0,0,0,0,0,0,0,0,0,0,0,0,0,0,0,0,0,0,0,0,0,0,0,0,0,0,0,0,0,252504000,0,0,0,0,0,0,0,0,0,0,0,0,0,0,0,0,0,0,0,0,0,0,0,0,0,0,0,0,0,0,0,0,0,36000,0,0,0,0,0,0,0,0,0,0,0,0,0,0,0,0,26728000,0,0,0,446652000,0,0,0,0,0,0,0,0,0,0,0,0
"PHL",0,0,0,0,0,0,12600000,0,0,0,0,0,0,0,0,0,0,0,0,0,0,0,0,0,0,64891800,0,0,0,0,0,0,0,0,0,0,0,0,0,0,0,0,0,0,0,0,0,0,0,0,0,0,0,0,0,0,0,0,0,0,0,0,0,0,0,0,0,0,0,0,0,41328000,0,0,0,0,194258400,0,0,0,0,20124000,672000,0,0,287700,0,0,0,0,0,0,0,0,0,0,0,0,0,0,0,0,0,0,0,0,0,0,0,0,0,0,0,0,0,0,0,0,0,0,0,0,0,0,0,0,0,0,0,0,0,0,0,0,0,0,0,0,319076700,0,0,0,0,0,0,0,0,429264000,0,0,0,0,0,0,0,0,0,0,0,0,0,2677500,0,0,0,0,0,0,0,0,0,0,0,1129417500,0,0,0,0,573084000,0,0,0,0,2128000,0,0,0,0,0,0,0,0,0,0,0
"POL",0,0,0,10052000,0,828000,72000,1066909000,0,0,0,0,0,0,0,0,0,0,0,0,0,170749800,0,0,0,92412900,0,0,0,0,0,0,0,0,0,0,0,0,456660000,0,0,46078581900,0,0,12520800,0,0,0,0,1288704000,0,0,16492062000,307573300,0,0,0,0,0,10152334800,0,0,0,2308800,0,0,0,0,0,0,0,36600,14406001200,537084600,363059800,0,0,0,0,356899100,0,181663900,0,329400,0,0,6041400,0,0,0,0,0,0,1572785500,0,0,0,0,0,6204104600,0,0,0,0,0,0,1688100,0,0,0,0,0,0,2448000,0,0,6135095600,0,0,0,0,0,0,0,0,10797265600,0,0,48277600600,0,0,0,0,0,10692000,0,0,0,2800000,0,1880318400,0,49682100,0,0,0,0,0,2232000,0,0,396216600,15460289500,0,0,0,658534200,0,72000,0,38341008600,498618800,0,0,0,0,0,0,0,71700,0,0,142800,0,0,0,5555119100,19447800,498199300,0,0,0,0,0,0,0,0,0,1371784500,2628000,0,0,0,0,0
"PRT",0,0,1.917e+10,1437372000,0,0,20052000,272808000,0,270082200,0,0,0,0,0,0,67140000,0,0,0,0,5470673700,0,0,72000,446426100,836996900,0,0,0,393854400,86609100,0,0,26316000,0,0,36000,429732000,0,339372000,285600,0,0,0,0,0,0,75731100,88143600,0,0,96408000,95725885100,0,0,0,787391700,0,5360989800,0,2059092000,0,1106700,0,0,0,6.3e+07,0,0,0,42900000,10872000,349200000,0,0,0,0,689256000,11657100,11326146000,28404333800,0,0,0,0,26346072000,0,0,0,0,0,1529928000,0,0,4821912000,0,0,12626886000,9e+07,91901700,0,0,0,0,0,978539400,0,0,0,0,130824000,178879600,0,59217000,0,19610490700,0,0,0,0,0,0,0,0,0,0,0,990582000,0,0,0,0,29836569000,0,102312500,0,0,2250102000,0,2313698400,0,7.32e+08,0,0,0,26041858200,9966888000,4752000,0,0,0,0,0,0,1275042000,173003421500,0,0,0,728748000,3006920700,2.2806e+10,0,0,0,0,860400,0,0,0,0,53735718000,4765607400,0,0,37869860100,0,135908400,0,0,0,0,0,68981700,0,3852000,0,11095303100,5331677600,79125300,122369400,179964000,0,1382400000
"GNB",0,0,0,0,0,0,0,0,0,0,0,0,0,0,0,0,0,0,0,0,0,0,0,0,0,0,0,0,0,0,0,0,0,0,0,0,0,0,0,0,0,0,0,0,0,0,0,0,0,0,0,0,0,0,0,0,0,0,0,0,0,0,0,0,0,0,0,0,0,0,0,0,0,0,0,0,0,0,0,0,0,0,0,0,0,0,0,0,0,0,0,0,0,0,0,0,0,0,0,0,0,0,0,0,0,0,0,0,0,0,0,0,0,0,0,0,0,0,0,0,0,0,0,0,0,0,0,0,0,0,0,0,0,0,0,0,0,0,0,0,0,0,0,0,0,0,0,0,0,0,0,0,0,0,0,0,0,0,0,0,0,0,0,0,0,0,0,0,0,0,0,0,0,0,0,0,0,0,0,0,0,0,0,0,0,0,0,0,0,0,0,0,0,0,0
"TLS",0,0,0,0,0,0,0,0,0,0,0,0,0,0,0,0,0,0,0,0,0,0,0,0,0,0,0,0,0,0,0,0,0,0,0,0,0,0,0,0,0,0,0,0,0,0,0,0,0,0,0,0,0,0,0,0,0,0,0,0,0,0,0,0,0,0,0,0,0,0,0,0,0,0,0,0,0,0,0,0,0,0,0,0,0,0,0,0,0,0,0,0,0,0,0,0,0,0,0,0,0,0,0,0,0,0,0,0,0,0,0,0,0,0,0,0,0,0,0,0,0,0,0,0,0,0,0,0,0,0,0,0,0,0,0,0,0,0,0,0,0,0,0,0,0,0,0,0,0,0,0,0,0,0,0,0,0,0,0,0,0,0,0,0,0,0,0,0,0,0,0,0,0,0,0,0,0,0,0,0,0,0,0,0,0,0,0,0,0,0,0,0,0,0,0
"ERI",0,0,0,0,0,0,0,0,0,0,0,0,0,0,0,0,0,0,0,0,0,0,0,0,0,0,0,0,0,0,0,0,0,0,0,0,0,0,0,0,0,0,0,0,0,0,0,0,0,0,0,0,0,0,0,0,0,0,0,0,0,0,0,0,0,0,0,0,0,0,0,0,0,0,0,0,0,0,0,0,0,0,0,0,0,0,0,0,0,0,0,0,0,0,0,0,0,0,0,0,0,0,0,0,0,0,0,0,0,0,0,0,0,0,0,0,0,0,0,0,0,0,0,0,0,0,0,0,0,0,0,0,0,0,0,0,0,0,0,0,0,0,0,0,0,0,0,0,0,0,0,0,0,0,0,0,0,0,0,0,0,0,0,0,0,0,0,0,0,0,0,0,0,0,0,0,0,0,0,0,0,0,0,0,0,0,0,0,0,0,0,0,0,0,0
"QAT",0,0,0,0,0,0,0,0,0,0,0,0,0,0,0,0,0,0,0,0,0,0,0,0,0,0,0,0,0,0,0,0,0,0,0,0,0,0,0,0,0,0,0,0,0,0,0,0,0,0,0,0,0,0,0,0,0,0,0,0,0,0,0,0,0,0,0,0,0,0,0,0,0,0,0,0,0,0,0,0,0,0,0,0,0,0,0,0,0,0,0,0,0,0,0,0,0,0,0,0,0,0,0,0,0,0,0,0,0,0,0,0,0,0,0,0,0,0,0,0,0,0,0,0,0,0,0,0,0,0,0,0,0,0,0,0,0,0,0,0,0,0,0,0,0,0,0,0,0,0,0,0,0,0,0,0,0,0,0,0,0,0,0,0,0,0,0,0,0,0,0,0,0,0,0,0,0,0,0,0,0,0,0,0,0,0,0,0,0,0,0,0,0,0,0
"ZWE",0,0,0,0,0,0,0,0,0,0,0,0,0,0,0,0,0,0,0,0,0,0,0,0,0,0,0,0,0,0,0,0,0,0,0,0,0,0,0,0,0,0,0,0,0,0,0,0,0,0,0,0,0,0,0,0,0,0,0,0,0,0,0,0,0,0,0,0,0,0,0,0,0,0,0,0,0,0,0,0,0,0,0,0,0,0,0,0,0,0,0,0,0,0,0,0,0,0,0,0,0,0,0,0,0,0,0,0,0,0,0,0,0,0,0,0,0,0,0,0,0,0,0,0,0,0,0,0,0,0,0,0,0,0,0,0,0,0,0,0,0,0,0,0,0,0,0,0,0,0,0,0,0,0,0,14030100,0,0,0,0,0,0,0,0,0,0,0,0,0,0,0,0,0,0,0,0,0,0,0,0,0,0,0,0,0,0,0,7332480000,0,0,0,0,0,0,0
"ROU",0,0,4.14e+09,0,0,0,0,252000,0,0,0,0,0,0,0,0,0,0,0,0,0,16900864200,0,0,0,0,0,0,0,0,0,0,0,0,0,0,0,0,95017300,0,0,0,0,0,0,0,0,0,0,0,0,0,0,27948100,0,0,0,0,0,1917145200,0,0,0,920548500,0,0,0,0,0,0,0,0,25739700,95724000,0,0,0,0,82800000,22326000,0,38608717000,0,0,0,0,0,0,0,0,0,0,0,0,0,0,0,0,0,193032000,0,0,0,0,0,0,0,0,0,0,0,0,0,10482911500,0,0,1238800,0,0,0,0,0,0,0,0,0,0,0,4569977700,0,0,0,0,0,113848000,0,0,0,0,0,0,0,0,0,0,0,0,0,0,0,0,0,2332275900,0,0,0,3465000,0,0,0,7380000,3660000,0,0,0,0,0,0,0,0,0,0,0,0,8.28e+08,0,1591026200,3.6e+07,0,0,0,0,0,0,0,0,0,0,54740800,285900,1800000,0,0,0,0
"RWA",0,0,0,0,0,0,0,0,0,0,0,0,0,0,0,0,0,0,0,0,0,0,0,571968000,0,0,0,0,0,0,0,0,0,0,0,0,0,0,0,0,0,0,0,0,0,0,0,0,0,0,0,0,0,0,0,0,0,0,0,0,0,0,0,0,0,0,0,0,0,0,0,0,0,0,0,0,0,0,0,0,0,0,0,0,0,0,0,0,0,0,0,0,0,0,0,0,0,0,0,0,0,0,0,0,0,0,0,0,0,0,0,0,0,0,0,0,0,0,0,0,0,0,0,0,0,0,0,0,0,0,0,0,0,0,0,0,0,0,0,0,0,0,0,0,0,0,0,0,0,0,0,0,0,0,0,0,0,0,0,0,0,0,0,0,0,0,0,0,0,0,0,0,0,0,1192000,0,0,0,0,0,0,0,0,0,0,0,335571129900,0,0,0,0,0,29520000,0,0
"RUS",12865989600,0,1.935e+10,0,0,0,143824200,0,0,9e+07,0,0,0,0,0,0,0,0,107100,0,0,0,0,0,0,339632400,0,6120000,0,0,0,25479769600,0,0,0,0,0,1866600,0,107697813900,0,0,0,0,45468661700,0,3.6e+09,0,0,12456000,0,0,0,0,0,0,8782794300,0,3.42e+09,170068200,0,0,0,9085500,0,0,0,0,0,0,0,400800,0,0,0,0,0,0,7555876000,0,1664596200,0,0,67644024700,0,60768000,0,19943583800,161542500,0,1118088000,132876000,0,739648200,0,39043320000,0,0,1.68e+10,142800,0,0,0,0,0,0,0,0,0,0,120940318800,0,0,31456147500,0,0,59021400000,0,0,0,0,150012000,0,0,0,2090100,0,4788000,864000,0,0,0,0,0,0,0,0,0,8.1e+08,0,0,0,0,0,0,0,0,2699748000,0,0,9e+08,0,0,99002400,0,0,17220004000,0,4693236900,0,0,0,39789008000,130209270000,1692000,0,729150000,0,0,0,0,0,427850227200,835201800,0,0,26953056000,56508108800,892552500,0,0,6220302800,0,0,0,0,0,0,152392278000,0,14640000,0,9e+08,0,0
"KNA",0,0,0,0,0,0,0,0,0,0,0,0,0,0,0,0,0,0,0,0,0,0,0,0,0,0,0,0,0,0,0,0,0,0,0,0,0,0,0,0,0,0,0,0,0,0,0,0,0,0,0,0,0,0,0,0,0,0,0,0,0,0,0,0,0,0,0,0,0,4104000,0,0,0,0,0,0,0,0,0,0,0,0,0,0,0,0,0,0,0,0,0,0,0,0,0,0,0,0,0,0,0,0,0,0,0,0,0,0,0,0,0,0,0,0,0,0,0,0,0,0,0,0,0,0,0,0,0,0,0,0,0,0,0,0,0,0,0,0,0,0,0,0,0,0,0,0,0,0,0,0,0,0,0,0,0,0,0,0,0,0,0,0,0,0,0,0,0,0,0,0,0,0,0,0,0,0,0,0,0,0,0,0,0,0,0,0,0,0,0,0,0,0,0,0,0
"LCA",0,0,0,0,0,0,0,0,0,0,0,0,0,0,0,0,0,0,0,0,0,0,0,0,0,0,0,0,0,0,0,0,0,0,0,0,0,0,0,0,0,0,0,0,0,0,0,0,0,0,0,0,0,0,0,0,0,0,0,0,0,0,0,0,0,0,0,0,0,0,0,0,0,0,0,0,0,0,0,0,0,0,0,0,35700,0,0,0,0,0,0,0,0,0,0,0,0,0,0,0,0,0,0,0,0,0,0,0,0,0,0,0,0,0,0,0,0,0,0,0,0,0,0,0,0,0,0,0,0,0,0,0,0,0,0,0,0,0,0,0,0,0,0,0,0,0,0,0,0,0,0,0,0,0,0,0,0,0,0,0,0,0,0,0,0,0,0,0,0,0,0,0,0,0,0,0,2376000,0,0,0,0,0,0,0,0,0,0,0,0,0,0,0,0,0,0
"VCT",0,0,0,0,875256900,0,0,0,0,0,231264600,0,0,0,0,0,0,0,0,0,0,0,0,0,0,0,0,0,0,0,0,0,0,0,0,0,0,0,0,0,0,0,7140000,0,0,0,0,0,0,0,0,0,0,0,0,0,0,0,0,0,0,0,0,0,0,392700,0,0,0,0,0,0,0,0,0,0,0,0,0,0,0,0,0,0,2019406200,0,0,0,0,0,0,0,0,0,0,0,0,0,0,0,0,0,0,0,0,0,0,0,0,0,0,0,0,0,0,0,0,0,0,0,0,0,0,0,0,0,0,0,0,0,0,0,0,0,0,0,0,0,0,0,0,0,0,248900400,15635421900,0,0,0,0,0,0,0,0,0,0,0,0,0,0,0,0,0,0,0,0,0,0,0,0,0,0,0,0,0,0,0,0,0,0,0,0,0,0,0,0,0,0,0,0,0,0,0,0,0,0
"STP",0,0,0,0,0,0,0,0,0,0,0,0,0,0,0,0,0,0,0,0,0,0,0,0,0,0,0,0,0,0,0,0,0,0,0,0,0,0,0,0,0,0,0,0,0,0,0,0,0,0,0,0,0,0,0,0,0,0,0,0,0,0,0,0,0,0,0,0,0,0,0,0,0,0,0,0,0,0,0,0,0,0,0,0,0,0,0,0,0,0,0,0,0,0,0,0,0,0,0,0,0,0,0,0,0,0,0,0,0,0,0,0,0,0,0,0,0,0,0,0,0,0,0,0,0,0,0,0,0,0,0,0,0,0,0,0,0,0,0,0,0,0,0,0,0,0,0,0,0,0,0,0,0,0,0,0,0,0,0,0,0,0,0,0,0,0,0,0,0,0,0,0,0,0,0,0,0,0,0,0,0,0,0,0,0,0,0,0,0,0,0,0,0,0,0
"SAU",0,0,0,0,0,0,0,0,0,6713260900,0,0,0,0,0,0,0,0,0,0,0,0,0,0,0,43400000,0,0,0,0,0,0,0,0,0,0,0,0,0,0,603400000,0,0,0,0,0,271105800,0,0,0,0,0,0,0,0,713600000,0,0,0,0,0,0,0,0,0,0,0,170800000,0,0,0,0,0,0,0,1501200000,1.68e+08,0,0,0,0,0,0,0,0,0,1153111500,0,0,0,0,0,6926712000,0,0,158472000,0,0,0,0,0,0,0,0,0,0,0,231480000,0,0,0,0,0,0,0,0,0,0,0,0,0,0,0,0,648633300,0,237600000,0,0,0,0,0,0,0,0,0,0,0,489492000,0,0,0,0,0,0,0,0,0,0,0,0,0,0,0,5885880000,0,0,0,0,0,1.62e+08,0,0,0,0,0,0,0,0,0,158400000,0,1457490000,4942770000,0,0,247800000,0,0,0,0,0,0,0,0,92483057800,0,0,0,0,0,0,673565100,0,0
"SEN",0,0,0,0,0,0,0,0,0,0,0,0,0,0,0,0,0,0,0,0,0,0,0,0,0,0,0,0,0,0,0,0,0,0,0,0,0,0,0,0,0,0,0,0,0,0,0,0,0,0,0,0,0,6120000,0,0,0,0,9298724000,0,0,0,0,0,0,0,0,5549832000,0,0,0,0,0,0,0,2.034e+09,0,0,0,0,0,0,0,0,0,0,0,0,0,0,0,0,0,0,0,0,0,0,0,0,0,0,0,0,0,729384140000,0,28122336000,0,0,0,0,0,0,0,0,0,0,0,0,0,0,0,0,0,0,0,0,0,0,0,0,0,0,0,25790220000,0,0,0,0,0,0,0,0,0,0,0,0,0,0,0,0,0,0,0,0,0,0,0,0,0,0,0,0,0,0,0,0,0,0,0,0,0,0,0,0,2165148000,0,0,0,0,0,0,0,0,0,0,0,0,0,0,0,0,0,0
"SYC",0,0,0,0,0,0,0,0,0,0,0,0,0,0,0,0,0,0,0,0,0,0,0,0,0,0,0,0,0,0,0,0,0,0,0,0,0,0,0,0,0,0,0,0,0,0,0,0,0,0,0,0,0,0,0,0,0,0,0,0,0,0,0,0,0,0,0,0,0,0,0,0,0,0,0,0,0,0,0,0,0,0,0,0,0,0,0,0,0,0,0,0,0,0,0,0,0,0,0,0,0,0,0,0,0,0,0,0,0,0,0,0,0,0,0,0,0,0,0,0,0,0,0,0,0,0,0,0,0,0,0,0,0,0,0,0,0,0,0,0,0,0,0,0,0,0,0,0,0,0,0,0,0,0,0,0,0,0,0,0,0,0,0,0,0,0,0,0,0,0,0,0,0,180000,0,0,0,0,0,0,0,0,0,0,0,0,0,0,0,0,0,0,0,0,0
"SLE",0,0,0,0,0,0,5426400,0,0,0,0,0,0,0,0,0,0,0,0,0,0,0,0,0,0,1903200,0,0,0,0,0,0,0,0,0,0,0,0,0,0,0,0,0,0,0,0,0,0,0,0,0,0,0,0,0,0,0,0,0,0,0,0,0,0,0,0,0,0,0,0,0,0,0,0,0,0,0,0,0,0,0,0,0,0,0,0,0,0,0,0,0,0,0,0,0,0,0,0,0,0,0,0,0,0,0,0,0,0,0,0,0,0,0,0,0,0,0,0,0,0,0,0,0,0,0,0,0,0,0,0,0,0,0,0,0,0,0,0,0,0,0,0,0,0,0,0,0,0,0,0,0,0,0,0,0,0,0,0,0,0,0,0,0,0,0,0,0,0,0,0,0,0,0,0,0,0,0,0,5616000,0,0,0,0,0,0,0,0,0,0,0,0,0,0,0,0
"SVN",864000,0,70236000,0,0,0,0,4744000,0,0,0,0,0,0,0,0,0,0,0,0,0,0,0,0,0,0,0,0,0,0,0,0,0,0,0,0,0,0,0,108000,0,0,0,0,0,0,0,0,0,0,0,0,0,144000,0,0,0,0,0,720000,4270689600,0,0,0,0,0,0,0,0,0,0,0,88855320000,8886118100,0,0,0,0,0,0,0,340689100,0,0,0,0,0,0,0,0,0,0,0,0,0,0,0,0,0,0,0,0,0,0,0,0,540000,0,0,0,0,0,0,3888000,0,0,103536000,0,0,46770000,0,0,0,0,0,0,0,0,36000,0,0,0,0,0,250500,0,0,0,0,0,0,0,14575500,0,0,0,0,0,0,0,0,0,86400000,0,0,0,143100,0,0,0,0,35700,0,0,0,0,9072000,0,0,0,0,0,0,33661200,0,0,252000,0,0,0,0,0,0,0,0,0,0,0,0,0,97344000,355085000,0,0,0
"SVK",0,0,0,0,0,0,0,175537200,0,0,0,0,0,0,0,0,0,0,0,0,0,0,0,0,0,0,0,0,0,0,0,0,0,0,0,0,0,0,0,1728000,0,0,0,0,0,0,0,0,0,0,0,0,0,0,0,0,0,0,0,328716000,0,0,0,0,0,0,0,0,0,0,0,0,1568518000,0,0,0,0,0,0,216000,0,81864000,0,0,0,0,0,0,0,0,0,0,0,0,0,0,0,0,0,0,0,0,0,0,0,0,0,0,0,0,0,0,0,0,0,0,0,0,0,0,0,0,0,0,0,108000,0,0,8854215900,0,0,0,0,1173829800,0,0,0,0,0,0,21384300,0,0,0,0,0,0,0,0,0,0,6084000,0,0,0,0,0,0,0,0,0,72000,0,0,0,0,0,0,0,0,0,0,0,0,0,0,35775100,0,0,0,0,0,0,0,0,0,0,0,0,0,0,0,0,0,0
"SGP",0,0,0,0,0,0,402312000,0,0,0,73372500,31485000,0,0,0,0,0,0,0,0,1189594500,0,24120000,0,0,0,0,0,359595000,0,0,10511400,0,0,0,0,0,0,0,0,52819200000,0,0,0,0,0,0,0,7560000,0,0,4500000,0,9e+08,0,0,0,0,0,48204000,0,1.8e+09,0,0,0,0,0,180000,0,0,0,79704000,0,0,0,1135431000,306133102500,0,0,0,244800000,0,9e+08,0,0,4968000,0,0,0,145800000,0,6480000,357000,0,0,0,0,0,0,0,0,0,0,52264266000,19584000,0,0,0,244980000,0,10800000,0,0,0,0,0,0,0,0,0,0,0,0,0,1.8e+08,0,8.1e+07,0,0,0,0,0,192744000,0,0,0,39420000,0,151560000,0,0,0,0,0,0,0,0,0,0,3096000,0,0,0,0,0,0,0,0,0,0,0,0,0,0,274068000,0,4247579100,6.984e+09,0,0,0,0,0,659160000,0,0,21600000,0,140724000,0,0,0,0,934202100,0,0,0,0,0,0,0,0,0,0,0
"SOM",0,0,0,0,0,0,0,0,0,0,0,0,0,0,0,0,0,0,0,0,0,0,0,0,0,0,0,0,0,0,0,0,0,0,0,0,0,0,0,0,0,0,0,0,0,0,0,0,0,0,0,0,0,0,0,0,0,0,0,0,0,0,0,0,0,0,0,0,0,0,0,0,0,0,0,0,0,0,0,0,0,0,0,0,0,0,0,0,0,0,0,0,0,0,0,0,0,0,0,0,0,0,0,0,0,0,0,0,0,0,0,0,0,0,0,0,0,0,0,0,0,0,0,0,0,0,0,0,0,0,0,0,0,0,0,0,0,0,0,0,0,0,0,0,0,0,0,0,0,0,0,0,0,0,0,0,0,0,0,0,0,0,0,0,0,0,0,0,0,0,0,0,0,0,0,0,0,0,0,0,0,0,0,0,0,0,0,0,0,0,0,0,0,0,0
"ZAF",0,0,0,0,0,0,40428000,0,0,3960000,0,0,0,0,0,228076067100,1.08e+08,0,0,0,0,0,0,0,0,5364000,0,0,0,0,0,0,0,0,1764000,0,0,0,0,0,112000,0,0,0,0,0,0,0,0,0,0,0,0,119787500,0,0,0,936000,0,0,0,90260700,0,0,0,0,0,0,0,0,0,0,0,0,0,0,0,0,0,792000,0,0,0,92000,0,0,0,0,1548000,0,0,0,0,0,0,0,72299248300,288000,0,0,0,67896000,1019306400,0,0,0,0,360000,114266800,0,0,0,5304212300,0,49524656200,104400000,2160000,0,0,0,0,34612000,0,0,97122000,0,0,0,0,714000,0,0,0,0,0,0,0,0,36000,223201924300,0,394200,0,0,0,0,0,0,2625900,864000,0,0,0,0,3526992000,0,0,0,0,265008178100,0,14040000,0,0,0,42816000,28000,0,0,0,0,0,10944000,1350900000,68567100,0,27792000,0,105588000,0,0,0,0,0,3600000,1573200000,7767696900,36351860500,0,0,0,0,36000,0,0
"ESP",0,0,27855288000,24745183900,0,311983700,9378446100,70328400,0,8416800,0,0,0,0,0,0,147729600,0,0,0,0,53468161800,784000,0,0,1896738000,106154400,0,0,0,72288000,6010800,124200000,0,0,0,3132000,3181652300,464505600,0,501900,8716908700,0,313534200,0,0,0,0,311818400,203292600,0,0,52626823100,159903017400,0,0,1.08e+09,0,0,61977592600,0,32000800,0,672928200,0,0,33273700,3776400,0,0,0,268370100,116838000,124848000,0,2742474000,0,0,1470672000,23182548000,7094643000,13196824500,1956822500,0,0,136150200,1692576000,0,0,0,0,0,2070612000,5201436000,0,4930236000,0,6324900,26280125100,95673000,0,27916000,0,49032000,6048000,0,118647000,177960000,720000,43416000,0,3765079300,1785000,0,2469300,0,143299119000,0,0,0,0,1088136000,108000,0,1786500,11500794300,406080000,219324600,870583900,0,10116000,105912000,24804000,22196295800,175515121600,0,0,0,63711900,0,29367887400,0,123484300,0,0,0,0,4045705800,59013600,0,269340000,7776000,48106800,113775000,0,104184000,0,0,0,0,10448683400,621236300,53324640000,0,46504000,3887100,14401800,537600,0,0,0,0,810464100,1572803400,0,0,404300521500,26007300,38777983300,35700,78304800,0,504000,0,0,0,3909000,0,582816489800,81411200,3283488000,690624000,0,0,0
"SUR",0,0,0,0,0,0,0,0,0,0,0,0,0,0,0,0,22237600000,0,0,0,0,0,0,0,0,0,0,0,0,0,0,0,3.6e+08,0,0,0,0,0,0,0,0,0,38556000,178500000,0,0,0,0,0,0,0,0,0,38342662800,0,0,0,0,0,0,0,0,0,0,0,0,0,0,4641216000,1.684e+10,0,0,0,0,0,0,0,0,0,0,0,2.4276e+10,0,0,272458663700,0,0,0,0,0,0,0,0,0,0,0,0,0,0,0,0,0,108000,0,0,0,0,0,0,0,0,0,0,0,0,0,11440086000,0,0,0,0,0,0,0,0,0,0,0,0,0,0,0,0,0,38522220100,0,0,0,0,0,0,0,0,0,0,0,0,0,0,0,0,1640700000,0,0,0,0,0,0,0,0,0,450072000,0,0,0,0,0,0,0,4156757600,0,0,0,71136000,0,0,0,0,0,0,0,0,50014800000,0,0,0,0,0,8334218700,0,172800000,0,0,0,0
"TJK",0,0,0,0,0,0,0,0,0,0,0,0,0,0,0,0,0,0,0,0,0,0,0,0,0,0,0,0,0,0,0,0,0,0,0,0,0,0,0,0,0,0,0,0,0,0,0,0,0,0,0,0,0,0,0,0,0,0,0,0,0,0,0,0,0,0,0,0,0,0,0,0,0,0,0,0,0,0,0,0,0,0,0,0,0,0,0,0,0,0,0,0,0,0,0,0,0,0,0,0,0,0,0,0,0,0,0,0,0,0,0,0,0,0,0,0,0,0,0,0,0,0,0,0,0,0,0,0,0,0,0,0,0,0,0,0,0,0,0,0,0,0,0,0,0,0,0,0,0,0,0,0,0,0,0,0,0,0,0,0,0,0,0,0,0,0,0,0,0,0,0,0,0,0,0,0,0,0,0,0,0,0,0,0,0,0,0,0,0,0,0,0,0,0,0
"SWZ",0,0,0,0,0,0,0,0,0,0,0,0,0,0,0,0,0,0,0,0,0,0,0,0,0,0,0,0,0,0,0,0,0,0,0,0,0,0,0,0,0,0,0,0,0,0,0,0,0,0,0,0,0,0,0,0,0,0,0,0,0,0,0,0,0,0,0,0,0,0,0,0,0,0,0,0,0,0,0,0,0,0,0,0,0,0,0,0,0,0,0,0,0,0,0,0,0,0,0,0,0,0,0,0,0,0,0,0,0,0,0,0,0,0,0,0,0,0,0,0,0,0,0,0,0,0,0,0,0,0,0,0,0,0,0,0,0,0,0,0,0,0,0,0,0,0,0,0,0,0,0,0,0,0,0,694028000,0,0,0,0,0,0,0,0,0,0,0,0,0,0,0,0,0,0,0,0,0,0,0,0,0,0,0,0,0,0,0,0,0,0,0,0,0,0,0
"SWE",0,0,0,0,0,0,0,14040000,0,0,0,0,0,0,0,0,0,0,0,0,0,0,0,0,0,0,0,0,0,0,0,0,0,0,0,0,0,0,30888000,0,0,2081067200,0,0,0,0,0,0,0,18300000,0,0,7570959000,83016000,0,0,0,0,500400,1038962400,0,0,0,0,0,0,0,0,21600000,0,0,3732600,0,0,144296400,28000,0,0,0,0,0,2.7e+07,0,0,0,0,0,0,0,172800000,0,0,0,191376000,0,0,0,0,0,0,0,0,0,0,0,0,288000,0,0,0,0,0,0,0,0,0,128288000,0,0,0,0,72000,0,0,0,1303776900,72864000,0,0,0,0,0,0,0,0,0,0,0,732000,0,0,0,29160000,0,0,0,0,0,5400000,0,0,0,0,0,0,0,418606800,0,0,0,0,0,0,0,0,0,0,0,0,0,0,0,94996000,0,0,0,4896000,0,4348000,0,0,0,0,0,0,0,0,0,37008000,36000,0,0,0,0,0
"CHE",0,0,0,0,0,0,0,856821000,0,0,0,66672000,0,0,0,0,0,0,0,0,0,0,0,0,0,0,0,0,0,0,0,0,0,0,0,0,0,0,0,0,0,83955000,0,0,23904000,0,0,0,0,0,0,0,36108000,1587074100,0,0,0,0,0,8830497900,0,1512000,0,0,0,0,0,0,0,0,0,0,4392000,0,10368000,1.8e+07,0,0,0,0,0,2495322000,0,0,0,0,0,0,0,0,0,0,0,0,0,0,0,0,0,5940000,0,0,0,0,0,0,825900,0,0,0,0,0,0,20628000,0,0,2593173900,0,0,0,0,0,0,0,324000,25920000,0,0,0,0,0,0,77904000,2196000,0,0,0,0,0,0,0,0,0,0,0,0,0,0,0,0,0,0,0,0,0,0,0,0,0,0,158006400,0,0,0,0,0,0,0,0,0,0,0,0,1832100,0,0,51408000,0,11895000,0,0,0,0,0,0,0,0,0,195354300,0,0,0,0,0,0
"SYR",0,0,0,0,0,0,0,0,0,0,0,0,0,0,0,0,0,0,0,0,0,0,0,0,0,0,0,0,0,0,0,0,0,0,0,0,0,0,8773800,0,0,0,0,0,0,0,0,0,0,0,0,0,0,0,0,0,0,0,0,0,0,0,0,885600000,0,0,0,0,0,0,0,0,0,0,0,0,0,0,0,0,0,0,0,0,0,0,0,0,0,0,0,0,0,0,0,0,0,0,0,0,0,0,0,0,0,0,0,0,0,0,0,0,612000,0,0,0,0,0,0,0,0,0,0,0,0,0,0,0,0,0,0,0,0,0,0,0,0,0,0,0,0,0,0,0,0,0,0,0,0,0,0,0,0,0,0,0,0,0,0,0,5652000,0,0,0,0,0,0,0,0,0,0,0,0,0,0,0,0,0,0,0,0,0,0,0,0,0,0,0,1785000,0,0,0,0,0,0
"TKM",0,0,0,0,0,0,0,0,0,0,0,0,0,0,0,0,0,0,0,0,0,0,0,0,0,0,0,0,0,0,0,0,0,0,0,0,0,0,0,0,0,0,0,0,0,0,0,0,0,0,0,0,0,0,0,0,0,0,0,0,0,0,0,0,0,0,0,0,0,0,0,0,0,0,0,0,0,0,0,0,0,0,0,0,0,0,0,0,0,0,0,0,0,0,0,0,0,0,0,0,0,0,0,0,0,0,0,0,0,0,0,0,0,0,0,0,0,0,0,0,0,0,0,0,0,0,0,0,0,0,0,0,0,0,0,0,0,0,0,0,0,0,0,0,0,0,0,0,0,0,0,0,0,0,0,0,0,0,0,0,0,0,0,0,0,0,0,0,0,0,0,0,0,0,0,0,0,0,0,0,0,0,0,0,0,0,0,0,0,0,0,0,0,0,0
"TWN",0,0,0,0,0,0,3656035500,0,0,0,0,0,0,0,0,7.2e+07,25735500,0,0,0,40455300,0,7.2e+08,0,0,276076500,0,0,370800000,0,1186200,1107930000,0,0,0,0,19385400,0,0,0,0,0,0,1.44e+08,0,0,0,7.2e+09,0,0,0,7200000,0,67830000,0,0,0,0,0,43368000,0,10800000,1.44e+08,0,0,0,2.88e+09,43200000,0,3.9456e+10,5.256e+09,7990068000,0,0,0,0,0,0,0,0,0,0,0,0,0,2.7e+08,1.872e+10,0,0,4327200000,15256800,3.6e+07,0,0,0,0,1.584e+09,0,0,0,96920100,0,0,1873060800,0,0,0,0,21600000,0,0,0,1.152e+09,0,3.6e+07,0,226853700,0,0,0,0,387092100,22102800,0,0,0,5.76e+09,0,0,234831600000,1080249900,0,17162370000,0,0,0,0,0,0,1.44e+09,0,0,0,0,0,0,3132000,0,0,0,2.88e+09,0,0,1414495800,0,5540304000,0,0,0,2.88e+09,0,6005400,0,0,0,0,0,0,0,0,0,0,0,561664200,0,0,308360400,0,547054200,0,5504100,0,0,577983000,0,0,0,0,0,0,0,0,0,0,0
"TZA",0,0,0,0,0,0,0,0,0,0,0,0,0,0,0,0,0,0,0,0,0,0,0,3114180000,0,0,0,0,0,0,0,0,0,0,0,0,0,0,0,0,0,0,0,0,0,0,0,0,0,0,0,0,0,0,0,0,0,0,0,0,0,0,0,0,0,0,0,0,0,0,0,0,0,0,0,216000,0,0,0,0,0,0,108000,0,0,0,0,0,8519090000,0,0,0,0,0,0,0,0,0,0,0,0,0,3303468000,0,0,0,0,0,0,0,0,0,0,0,0,0,0,0,0,0,0,0,0,0,0,0,0,0,0,0,0,0,0,0,0,0,0,0,0,216702000,0,1.26e+08,0,0,0,0,0,0,0,0,0,0,0,0,0,0,0,0,0,0,108000,0,0,0,0,0,0,0,0,0,24458100,0,0,30420000,4960800000,0,0,0,0,0,0,0,0,0,0,0,12946812000,0,180000,0,0,0,13284144000,0,0
"THA",5907456000,0,6321600000,299187048000,0,166104000,603406120700,6596577900,446328000,24574536000,4320000,1980973396000,0,0,0,386100000,3570939000,0,79200000,0,109866790100,1528174400,138934821400,108000,4488344171400,664633119300,105826368000,0,10555501200,1.1268e+10,40542456600,8040311725100,1313260500,1213200000,1271285028000,0,226800000,0,6267784800,1.8e+09,11635973640000,26990969400,9e+07,149184000,9935250000,0,44350626200,0,135217728000,25092000,0,50468373000,13102497000,471501322800,27364140000,8.01e+09,62844300000,395371656000,46882088100,86347811400,0,1203215796000,0,5675784000,0,0,0,401537160000,0,3753756000,0,1558809040600,3335956700,8.856e+09,3803114700,3606599400,1905605922800,977136177200,388951696000,12062079100,367902198900,154446292200,4281678576000,0,6320631900,2447773186800,69695891700,0,893597580000,43828199600,0,229278768900,73473486000,178600000,1109828862300,125127073800,0,7180200000,25242336000,11596317000,27014868500,166482612000,0,2641903723000,5340670000,52167348000,3749943600,255865968000,27468174000,113807320000,905184000,20158056000,2904830963400,0,7762068000,145800000,300791590900,0,35271087600,129600000,426204000,113655366900,0,478397664000,293287226400,54391436100,661837200,0,41507073200,634833894000,0,352231236000,2161815218700,61373478000,24048516000,9536472000,135641196000,0,46329703200,79390530000,7.14e+08,11989755000,294275109200,0,0,0,7003800000,464020081400,2083871085300,972400,148378392000,136656000,82512000,908255835300,0,4855137866900,259909187500,1284293700,0,0,65343114200,93840784000,76703868000,0,197689372800,267736464000,0,673430760000,1.8e+08,3691980000,27325656000,16342092000,361986328000,351718815200,8690400000,0,379606393600,37875131600,3541585508700,339883416000,0,72000,2131200000,139036884200,6432845400,749398608000,69256080000,176400000,418659861700,0,2827620000,446400000,4560120000,0,0
"TGO",0,0,0,0,0,0,0,0,0,0,0,0,0,0,0,0,0,0,0,0,0,0,0,0,0,0,0,0,0,0,0,0,0,0,0,0,0,0,0,0,286992000,0,0,0,0,0,0,0,0,0,0,0,0,0,0,0,0,0,0,0,0,0,0,0,0,0,0,0,0,0,0,0,0,0,0,0,0,0,0,0,0,0,0,0,0,0,0,0,0,0,0,0,0,0,0,0,0,0,0,0,0,0,0,0,0,0,0,0,0,0,0,0,0,0,0,0,0,0,0,0,0,0,0,0,408780000,0,0,0,0,0,0,0,0,0,0,5076540000,0,0,0,0,0,0,0,0,0,0,0,0,0,0,0,0,0,0,0,0,0,0,0,0,0,0,0,0,0,0,0,0,0,0,0,0,0,0,0,0,0,0,0,635040000,0,0,0,0,0,0,0,0,0,0,0,0,0,0,0
"TON",0,0,0,0,0,0,0,0,36000,0,0,0,0,0,0,0,0,0,0,0,0,0,0,0,0,0,0,0,0,0,0,0,0,0,0,0,0,0,0,0,0,0,0,0,0,0,0,0,0,0,0,0,0,0,0,0,0,0,0,0,0,0,0,0,0,0,0,0,0,0,0,0,0,0,0,0,0,0,0,0,0,0,0,0,0,0,0,0,0,0,0,0,0,0,0,0,0,0,0,0,0,0,0,0,0,0,0,0,0,0,0,0,0,0,0,0,0,0,0,0,0,0,0,0,0,0,0,0,0,0,0,0,0,0,0,0,0,0,0,0,0,0,0,0,0,0,0,0,0,0,0,0,0,0,0,0,0,0,0,0,0,0,0,0,0,0,0,0,0,0,0,0,0,0,0,0,0,0,0,0,0,0,0,0,0,0,0,0,0,0,0,0,0,0,0
"TTO",0,0,0,0,1169419200,0,0,0,35700,0,591664500,0,0,0,0,0,0,0,0,0,0,0,0,0,0,0,0,0,0,0,0,0,0,0,0,0,0,0,0,0,0,0,4860000,35700,0,0,0,0,0,0,0,0,0,35700,0,0,0,0,0,1323600,0,0,0,0,0,31242900,0,0,468000,41274300,0,0,0,0,0,0,0,0,0,0,0,0,0,0,10141200,0,0,0,0,0,0,0,0,0,0,0,0,0,0,0,0,0,0,0,0,0,0,0,0,0,0,0,0,0,0,0,0,0,0,0,71400,0,0,0,0,0,0,81178500,0,0,0,0,0,0,0,0,0,0,0,0,0,0,0,0,285600,538200,0,0,0,0,0,0,0,35700,0,0,0,72035700,0,0,0,0,0,0,0,0,0,0,0,0,0,0,0,0,0,0,71400,0,1364400,0,0,0,9840027000,0,0,0,0,0,0,0,0,0,0,0,0
"OMN",0,0,0,0,0,0,0,0,0,0,0,0,0,0,0,0,0,0,0,0,0,0,0,0,0,0,0,0,0,0,0,0,0,0,0,0,0,0,0,0,0,0,0,0,0,0,0,0,0,0,0,0,0,0,0,263268000,0,0,0,0,0,0,0,288000,0,0,0,0,0,0,0,0,0,0,0,904716000,0,364212000,4680000,0,0,2268000,0,0,0,0,0,0,0,0,0,0,0,0,0,0,0,0,0,0,0,0,0,0,0,0,0,0,0,0,0,0,0,0,0,0,0,0,0,0,0,0,0,0,0,0,5163624000,0,0,0,0,0,0,0,0,0,0,0,1258485900,0,0,0,0,0,0,0,0,2700000,0,0,0,0,0,0,11871930600,0,0,0,0,0,0,0,0,0,0,0,632520000,0,0,0,0,0,0,2120043500,0,0,288360000,0,0,0,0,0,0,0,0,68658172000,0,0,0,0,0,0,0,0,0
"TUN",0,0,0,0,0,0,0,0,0,0,0,0,0,0,0,0,0,0,0,0,0,0,0,0,0,0,0,0,0,0,0,0,0,0,0,0,0,0,0,0,0,0,0,0,0,0,0,0,0,0,0,0,0,0,0,0,0,0,0,0,0,0,0,0,0,0,0,0,0,0,0,0,0,0,0,0,0,0,0,0,0,1260000,0,0,0,0,0,0,0,0,0,0,0,0,0,0,0,0,7743780000,0,0,0,0,0,0,0,0,0,0,0,0,0,0,0,0,0,0,0,0,0,0,0,0,0,0,0,0,0,0,0,0,0,0,0,0,0,0,0,0,0,0,0,0,0,0,0,0,0,0,0,0,0,0,0,0,0,0,0,0,0,0,0,0,0,0,0,0,0,0,0,0,0,0,0,0,0,0,0,0,0,0,0,0,0,0,0,0,0,0,0,0,0,0,0,0
"TUR",0,177001600,1693888600,0,0,0,43128000,5400000,0,9e+06,0,0,0,0,0,0,0,0,0,0,0,33600000,0,0,6300000,101564900,0,0,0,0,0,2160000,0,0,46800000,0,0,0,1045829100,207292000,1044000,14184000,0,0,0,0,1175868000,0,2880000,0,0,0,0,277210800,0,6798000,1302830500,0,0,923738400,18464000,9720000,0,2340000,0,0,0,18432000,0,0,0,7911000,0,0,0,0,0,14964000,87123050800,17820000,10518120000,16729200000,2088000,66716000,0,0,0,16992000,0,0,0,0,73680000,0,0,2172768000,0,0,89527367100,0,0,0,0,0,5400000,23314400,3636000,16560000,0,0,892500,0,3564000,6012000,0,0,248561200,0,0,37980000,0,0,0,9e+05,1008000,280692000,0,0,1024200000,0,0,0,0,0,0,0,0,0,573704000,0,887940700,0,1507968000,0,0,0,0,8518860000,119041500,0,0,0,0,9972000,50941000,30240000,0,1296000,0,0,512548000,400544000,78322852000,211484100,0,280000,0,0,0,0,1368000,0,0,786801300,1800000,0,15962394000,5600000,2515869500,3080000,0,11808000,0,0,376200000,0,928200,3570000,24260293800,0,14400000,0,34111068000,0,7.38e+09
"ARE",329832000,219013500,0,1302300000,0,1.8e+07,272160000,0,0,3982536300,0,1512000,0,0,0,0,0,0,0,0,196056000,86400000,0,2700000,105192000,1736924400,0,0,56232000,29520000,12600000,655471700,0,3229794000,279304500,0,0,0,25956000,182484000,317452800,0,0,0,0,0,1308852000,0,67068000,0,0,0,0,70776000,0,460800000,627552000,244224000,9360000,611604000,0,1255018800,0,320832000,0,0,0,140472000,0,0,0,612000,0,0,0,5952733900,6588000,2170910769600,43317594600,229608000,0,2321640000,7740000,1188000,0,93420000,170212000,0,33072364000,0,0,600516000,8237798000,0,0,1371006000,0,225360000,46498536000,0,0,2739498300,50400000,1080000,186082200,48096000,0,256068000,6692100,0,0,133164000,947520000,0,0,0,68148000,0,0,0,0,93600000,0,78912000,1204728000,0,4848195600,0,0,0,0,0,36720000,61236000,43920000,0,0,490248000,6521486800,0,0,21960000,0,0,0,0,0,12283323800,416124000,2526048000,160380000,0,0,0,18294660000,132258000,0,0,214900800,0,469770000,252000,634320000,82656000,0,2977488000,201024000,18720000,0,0,193905382700,288000,4041864000,0,685870200,0,1748952000,0,43530372000,2124000,0,1872000,0,635360000,316476000,14976124000,478763100,257400000,0,0,0,0,1969488000,0,349560000
"UGA",0,0,0,0,0,0,0,0,0,0,0,0,0,0,0,0,0,0,0,0,0,0,0,2175792000,0,76176000,0,341172000,0,0,0,0,0,0,1.08e+08,0,0,0,0,0,0,0,0,0,0,0,0,0,0,0,0,0,0,0,0,0,0,0,0,0,0,0,0,0,0,0,0,0,0,0,0,0,0,0,0,0,0,0,0,0,0,0,0,0,0,0,0,0,8247216000,0,0,0,0,0,0,0,0,0,0,0,0,0,0,0,0,0,0,0,0,0,0,0,0,0,0,0,0,0,0,0,0,0,0,0,0,0,0,0,0,0,0,0,0,0,0,0,0,0,0,0,0,7694898000,0,0,0,0,0,0,0,0,0,0,0,0,0,0,0,0,0,0,0,0,0,0,0,0,0,0,0,0,0,0,0,0,0,0,0,0,0,0,0,0,0,0,0,0,226617844000,0,0,0,0,0,1953792000,111089800000,0
"TUV",0,0,0,0,0,0,0,0,0,0,0,0,0,0,0,0,0,0,0,0,0,0,0,0,0,0,0,0,0,0,0,0,0,0,0,0,0,0,0,0,0,0,0,0,0,0,0,0,0,0,0,0,0,0,0,0,0,0,0,0,0,0,0,0,0,0,0,0,0,0,0,0,0,0,0,0,0,0,0,0,0,0,0,0,0,0,0,0,0,0,0,0,0,0,0,0,0,0,0,0,0,0,0,0,0,0,0,0,0,0,0,0,0,0,0,0,0,0,0,0,0,0,0,0,0,0,0,0,0,0,0,0,0,0,0,0,0,0,0,0,0,0,0,0,0,0,0,0,0,0,0,0,0,0,0,0,0,0,0,0,0,0,0,0,0,0,0,0,0,0,0,0,0,0,0,0,0,0,0,0,0,0,0,0,0,0,0,0,0,0,0,0,0,0,0
"GBR",0,0,0,0,0,0,2448532000,2911314900,0,0,0,0,0,0,0,0,0,0,0,0,0,142440600,0,0,0,23708245200,0,0,0,0,0,2744000,0,0,0,0,0,0,2160720900,0,0,3234030900,0,0,0,0,7.2e+07,0,0,47656700,0,0,2848817900,114963053500,0,6084000,0,0,25480000,28636619000,0,9100000,0,823041400,0,0,0,0,0,0,0,215592000,475075200,16834500,2226304000,25452000,0,0,0,66763204600,1508256000,30687531700,0,0,0,2324000,1024800,0,718308000,0,0,0,3948000,164493000,0,325488000,0,0,0,18304500,0,0,0,0,0,0,3967988200,0,0,0,0,0,0,0,0,0,69334689200,0,0,0,0,0,0,0,108660000,283145400,78660000,0,6378822300,0,0,0,2880000,3059262900,1682290100,0,0,0,7258500,0,40139200,0,0,0,0,0,0,116199300,0,0,6440000,36126000,187636500,28656000,2.8e+07,0,56428195400,0,0,0,6170379500,897624300,0,0,0,103320000,10296000,0,0,0,7764000,0,133116000,948801000,0,0,0,1499400,17546144300,0,0,0,0,0,0,0,0,0,22435855200,201666900,0,0,648000,0,0
"UKR",36000,0,0,0,576000,0,0,1728000,720000,0,0,0,0,0,0,0,0,0,468000,0,0,180000,0,0,0,11844000,0,0,0,0,0,2988000,0,144000,0,0,0,0,2736000,37836000,0,216000,0,0,6984000,0,7e+05,0,0,180000,0,0,0,576000,0,0,81208800,0,0,36496000,0,0,0,3600000,0,0,0,0,0,0,0,5256000,0,0,0,360000,180000,0,309600000,0,22392000,72000,0,0,0,2700000,0,0,0,36000,0,2016000,0,0,0,450180000,0,3024000,0,0,0,0,0,1260000,0,0,2160000,0,0,0,36000,0,0,4084803900,0,0,252000,0,0,0,360000,0,0,0,0,1116000,0,24976000,0,0,0,0,2300000,491452000,0,0,0,0,0,0,2.448e+09,0,864000,396000,0,0,0,0,0,540000,216000,0,0,4283100,0,0,36000,0,0,0,13824000,0,0,13824000,1404000,0,0,36000,0,0,0,0,453311700,0,0,0,22428000,0,55116000,0,0,0,0,0,0,0,36000,0,36000,0,0,0,0,0,0
"USA",32976000,0,7.272e+09,1.0944e+10,679506600,380340000,82899343500,1442304000,56513961500,3289638600,7242837800,63830400,0,0,0,213444000,1417222600,0,1424916000,8059896000,0,315645000,10836000,0,58271508000,1540644631500,0,0,198432000,0,23403048400,3712446900,836169256800,0,2305440000,0,553858556500,592344000,713772000,9.36e+08,148399730400,4713444000,496987800,218768816900,131544000,1075704900,119736000,561786422100,296316000,273600000,0,16560000,2094444000,22512040400,171612000,245088000,182808000,0,57632940000,66670936800,0,74007389900,45504000,1144512000,0,0,698570396300,204777396000,278615100,3417394223100,1137530968100,82036383300,0,0,638141400,10255040000,0,0,455587272000,0,118208530800,5125417500,119603808000,0,20963334100,2337103913100,874748366100,95796000,137160000,11777940000,0,1122760095900,24318401000,66024000,4674060000,49335773700,0,76642884000,483502644000,2309076000,198072000,25902786600,0,10272715500,0,12183120000,1279872000,11683440000,211320000,5213383470200,285192000,4739184000,0,66096000,0,0,46734256800,0,0,0,828756000,31628382000,22124505900,0,369304200,9313776000,2684835000,275643058100,692437200,42832008000,0,50211537000,231480000,3559536000,1736856000,23832288000,0,0,19520431200,0,0,0,5066352000,4944173400,148572000,0,0,872617110600,115435224000,0,8535060000,0,266976000,45166344300,71328600,6284001000,11989801600,0,0,0,22138163100,4948020000,0,0,401780160600,106524000,21577341900,3174120000,0,4263722100,1941839400,0,447126284000,67663416400,0,0,214468776600,7701380000,0,65923920000,157392000,0,1490262561300,10003909200,0,15388884000,1443276000,0,2964155800,0,0,0,0,0,0
"BFA",0,0,0,0,0,0,0,0,0,0,0,0,0,0,0,0,0,0,0,0,0,0,0,0,0,0,0,0,0,0,0,0,0,0,0,0,0,0,0,0,0,0,0,0,0,0,0,0,0,0,0,0,0,0,0,0,0,0,0,0,0,3389760000,0,0,0,0,0,4.2e+09,0,0,0,0,0,0,0,0,0,0,0,0,0,0,399336000,0,0,0,0,0,0,0,0,0,0,0,0,0,0,0,0,0,0,0,0,0,0,1.932e+09,0,0,0,0,0,0,0,0,0,0,0,0,0,0,0,0,0,98560000,0,0,0,0,0,0,0,0,0,0,0,0,0,0,0,0,0,0,0,0,0,0,0,0,670600000,0,0,0,0,0,0,0,0,0,0,0,0,0,0,0,0,0,0,0,0,0,0,0,0,0,0,0,0,0,0,0,0,0,0,0,0,0,0,0,0,0,0,0,0,0,0
"URY",0,0,0,3609936000,0,24818160000,0,0,0,0,1079470500,0,0,0,0,0,1576500761000,0,0,0,0,0,0,0,0,5629572000,777600000,0,0,0,72269172000,177048000,2.5254e+11,0,0,0,202580082400,320106240000,7565976000,0,0,533856000,9e+07,0,0,0,0,4554936000,0,0,0,0,0,55116342000,0,0,0,0,19570248000,87571390200,0,0,0,0,0,1.8e+08,16394508000,0,0,2.7e+09,12241872000,0,0,0,0,0,0,1.1898e+11,569087280000,0,26198612400,4724663700,0,0,1.71e+09,0,0,0,0,0,0,0,541800000,0,0,0,0,0,0,0,0,0,0,540144000,0,0,0,0,0,668471544000,0,0,0,0,0,0,87617765700,0,0,0,0,0,19123673000,0,0,0,0,21781728000,0,0,2.1e+08,1437430356000,0,0,5799000900,34817508000,0,0,7.2e+08,0,0,0,0,0,1.8e+08,892071600,0,0,128618352000,0,397012668000,0,0,0,0,10690307100,31630802100,0,0,0,0,395280000,0,0,0,0,0,0,0,5.4e+08,0,0,79564400000,1800720000,0,0,89063646300,0,3818660400,0,0,0,271051576000,0,0,0,0,0,235885179000,0,0,0,0,0,0
"UZB",0,0,0,0,0,0,0,0,0,0,0,0,0,0,0,0,0,0,0,0,0,0,0,0,0,0,0,0,0,0,0,0,0,0,0,0,0,0,0,0,0,0,0,0,0,0,0,0,0,0,0,0,0,0,0,0,0,0,0,0,0,0,0,0,0,0,0,0,0,0,0,0,0,0,0,0,0,0,0,0,0,0,0,0,0,0,0,0,0,0,0,0,0,0,0,0,0,0,0,0,0,0,0,0,0,0,0,0,0,0,0,0,0,0,0,0,0,0,0,0,0,0,0,0,0,0,0,0,0,0,0,0,0,0,0,0,0,0,0,0,0,0,0,0,0,0,0,0,0,0,0,0,0,0,0,0,0,0,0,0,0,0,0,0,0,0,0,0,0,0,0,0,0,0,0,0,0,0,0,0,0,0,0,0,0,0,0,0,0,0,0,0,0,0,0
"VEN",0,0,0,0,0,0,0,0,0,0,0,0,0,0,0,0,0,0,0,0,0,0,0,0,0,0,0,0,0,0,0,0,0,0,0,0,0,0,0,0,0,0,0,0,0,0,0,0,0,0,0,0,0,0,0,0,0,0,0,0,0,0,0,0,0,0,0,0,0,0,0,0,0,0,0,0,0,0,0,0,0,0,0,0,0,0,0,0,0,0,0,0,0,0,0,0,0,0,0,0,0,0,0,0,0,0,0,0,0,0,0,0,0,0,0,0,0,0,0,0,0,0,0,0,0,0,0,0,0,0,0,0,0,0,0,0,0,0,0,0,0,0,0,0,0,0,0,0,0,0,0,0,0,0,0,0,0,0,0,0,0,0,0,0,0,0,0,0,0,0,0,0,0,0,0,0,0,0,0,0,0,0,0,0,0,0,0,0,0,0,0,0,0,0,0
"VNM",0,0,0,299599560000,0,275730000,79229386200,0,0,9835020000,0,883807200000,0,0,65916000,0,7257816000,0,0,244714320000,165853440000,614880000,0,0,57185280000,43717717500,0,165600000,3777804000,0,34440264000,14489873092000,155880000,0,4399164000,0,0,0,106551000,0,29222820000,3361074000,0,0,434880000,0,9e+08,0,3061440000,0,0,217316310000,158400000,22754808000,0,2001600000,6.3e+09,64174320000,608400000,12322398000,0,3077383680000,76850280000,2119932000,0,0,0,3691800000,0,131609160000,0,565402422000,7875390000,12146400000,1.656e+09,25200000,1.227375e+12,0,0,780120000,30492324000,10604520000,1495591920000,0,251028000,4357320000,4651200000,0,9096840000,848160000,0,285627624000,14158293000,0,1161479000,3572892000,0,1698300000,7471332000,75258492000,4219200000,5647680000,0,2888450970000,82800000,0,0,1.8e+08,8682228000,10898928000,18642852000,631692000,2.99655e+11,0,0,9e+07,36258210000,0,0,0,131108760000,15862248000,0,0,5322636000,17617752000,281736000,500400000,5140080000,980885520000,0,360900000,3415217100000,13636530000,7901448000,502200000,449052840000,0,71147115000,0,9e+07,0,168870979500,0,0,0,0,264787980000,91115640000,0,3592800000,69120000,1548000,687730658400,0,108469099500,9035910000,0,0,0,408672000,3492000,7.8804e+10,0,224120248000,98745480000,7669332000,35282124000,0,759780000,3689064000,0,18097140000,285866456400,0,0,4041375300,38164731000,205015272600,232200000,7.2e+07,0,7290432000,0,0,2.07e+09,128226600000,0,31972776000,0,0,0,70751700000,0,0
"ETH",0,0,0,0,0,0,0,0,0,0,0,0,0,0,0,0,0,0,0,0,0,0,0,0,0,0,0,0,0,0,0,0,0,0,0,0,0,0,0,0,0,0,0,0,0,0,0,0,0,0,0,0,0,0,0,1200060000,0,0,0,0,0,0,0,0,0,0,0,0,0,0,0,0,0,0,0,0,0,0,0,0,0,0,0,0,0,0,0,0,0,0,0,0,0,0,0,0,0,0,0,0,0,0,0,0,0,0,0,0,0,0,0,0,108000,0,0,0,0,0,0,0,0,0,0,0,0,0,0,0,0,0,0,0,0,0,0,0,0,0,0,0,0,0,0,0,0,0,0,0,0,0,0,0,0,0,0,0,0,0,0,0,0,0,0,0,0,0,0,0,0,0,0,0,0,0,0,0,0,0,168000,0,0,0,0,0,0,0,0,0,0,0,0,0,0,13240000,0
"YEM",0,0,0,0,0,0,0,0,0,0,0,0,0,0,0,0,0,0,0,0,0,0,0,0,0,0,0,0,0,0,0,0,0,0,0,0,0,0,0,0,0,0,0,0,0,0,0,0,0,0,0,0,0,0,0,0,0,0,0,0,0,0,0,0,0,0,0,0,0,0,0,0,0,0,0,0,0,0,0,0,0,0,0,0,0,0,0,0,0,0,0,0,0,0,0,0,0,0,0,0,0,0,0,0,0,0,0,0,0,0,0,0,0,0,0,0,0,0,0,0,0,0,0,0,0,0,0,0,0,0,0,0,0,0,0,0,0,0,0,0,0,0,0,0,0,0,0,0,0,0,0,0,0,0,0,0,0,0,0,0,0,0,0,0,0,0,0,0,0,0,0,0,0,285600,0,0,0,0,0,0,0,0,0,0,0,0,0,0,0,0,0,0,0,0,0
"COD",0,0,0,0,0,0,0,0,0,0,0,0,0,0,0,0,0,0,0,0,0,0,0,0,173952000,0,0,0,0,0,0,0,0,0,0,0,0,0,0,0,0,0,0,0,0,0,0,0,0,0,0,0,0,7344000,0,0,0,0,0,0,0,0,0,0,0,0,0,0,0,0,0,0,0,0,0,0,0,0,0,0,0,0,0,0,0,0,0,0,0,0,0,0,0,0,0,0,0,0,0,0,0,0,0,0,0,0,0,0,0,0,0,0,0,0,0,0,0,0,0,0,0,0,0,0,0,0,0,0,0,0,0,0,0,0,0,0,0,0,0,0,0,0,0,0,0,0,0,0,0,0,0,0,0,0,0,0,0,0,0,0,0,0,0,0,0,0,0,0,0,0,0,0,0,0,7.2e+07,0,0,0,0,0,0,0,0,0,0,0,0,0,0,0,0,0,0,0,0
"ZMB",0,0,0,0,0,0,0,0,0,0,0,0,0,0,0,0,0,0,0,0,0,0,0,0,0,0,0,0,0,0,0,0,0,0,0,0,0,0,0,0,0,0,0,0,0,0,0,0,0,0,0,0,0,0,0,0,0,0,0,0,0,0,0,0,0,0,0,0,0,0,0,0,0,0,0,0,0,0,0,0,0,0,0,0,0,0,0,0,0,0,0,0,0,0,0,0,0,0,0,0,0,0,0,0,0,0,0,0,0,0,0,0,0,0,0,0,0,0,0,0,0,0,0,0,0,0,0,0,0,0,0,0,0,0,0,0,0,0,0,0,0,0,0,0,0,0,0,0,0,0,0,0,0,0,0,0,0,0,0,0,0,0,0,0,0,0,0,0,0,0,0,0,0,0,0,0,0,0,0,0,0,0,0,0,0,0,19158984000,0,0,0,0,0,0,0,0
"BEL",0,0,0,0,0,146400,5381946600,38998198500,0,0,0,0,0,0,0,0,26498400,0,0,0,0,153656400,0,6176100,6640500,177791000,0,0,0,0,1046394000,149070900,0,0,1720200,0,0,6604500,2451756600,0,8666700,41710629100,0,0,0,0,0,0,71400,2414238000,0,0,23067674200,605403576400,0,0,1356600,0,16886100,711351114100,392200200,164493400,0,12593606700,0,0,549000,285600,0,0,0,0,14068902200,401907700,516007800,34343400,0,0,67116000,20508765800,339867600,51407883500,0,0,0,717900,36600000,0,0,0,0,0,0,145834500,0,5652138000,0,0,0,2634391800,0,35700,0,366000,0,1035300,766019800,285600,0,42456000,0,451712100,0,0,0,0,322247195900,0,0,74470200,0,2732595300,0,10602900,21441000,11663449000,0,0,44919466000,0,0,0,0,133533598800,1890086400,0,0,5033700,0,0,1444752600,25347000,1017257100,0,72000,0,0,161040000,0,18117000,107100,3710970400,193114700,401700,0,54894600,14491939800,16350600,0,0,70311534100,41470833400,0,0,12637800,0,267785700,7285600,0,0,0,135767100,26094000,0,0,0,245351130300,112125000,7239882600,2963100,0,0,0,0,0,0,96670500,0,0,12082709200,774072900,63903000,10248000,0,0
"LUX",0,0,0,0,0,0,0,0,0,0,0,0,0,0,0,0,0,0,0,0,0,0,0,0,0,0,0,0,0,0,0,0,0,0,36000,0,0,0,0,8619800,0,0,0,0,0,0,0,0,0,0,0,0,0,232396200,0,0,0,0,0,18305300,0,9e+05,0,0,0,0,0,0,0,0,0,0,0,0,0,0,0,0,0,0,0,0,0,0,0,0,0,0,0,0,0,0,0,0,0,0,0,0,0,0,0,0,0,0,0,0,0,0,0,0,0,0,0,0,0,0,71700,0,0,0,0,0,0,0,828000,0,0,0,0,0,0,0,0,0,0,0,0,0,0,0,142800,0,0,0,0,0,0,0,0,0,0,0,0,0,0,0,35700,0,0,0,0,0,0,0,0,0,0,0,0,0,0,0,0,0,0,0,0,0,0,0,0,0,0,0,0,0,108000,0,118643900,0,0,0,0,0,0
"SRB",0,0,0,0,0,0,864000,0,0,0,0,0,0,0,0,0,0,0,0,0,0,79200000,0,0,0,0,0,0,0,0,0,0,0,0,0,0,0,0,0,0,0,0,0,0,0,0,0,0,0,0,0,0,0,0,0,0,0,0,0,0,106190400,0,0,0,0,0,0,0,0,0,0,0,0,0,0,0,0,0,0,0,0,37620000,0,0,0,0,0,0,0,0,0,0,0,0,0,0,0,0,0,0,0,0,0,0,0,0,0,0,0,0,0,0,0,0,0,0,0,0,0,82359900,0,0,0,0,0,0,0,0,0,0,0,0,0,0,0,0,0,0,0,0,0,0,0,0,0,0,0,0,0,0,0,0,0,0,0,0,0,0,0,0,0,86400000,0,0,0,0,0,0,0,0,0,0,0,0,0,0,0,0,43733100,0,0,0,0,0,0,0,0,0,0,0,0,1344991600,0,0,0
"MNE",0,0,0,0,0,0,0,0,0,0,0,0,0,0,0,0,0,0,0,0,0,0,0,0,0,0,0,0,0,0,0,0,0,0,0,0,0,0,1580000,0,0,0,0,0,0,0,0,0,0,0,0,0,0,0,0,0,0,0,0,840000,0,0,0,0,0,0,0,0,0,0,0,0,0,0,0,0,0,0,0,0,0,936000,0,0,0,0,0,0,0,0,0,0,0,0,0,0,0,28000,0,0,0,0,0,0,0,0,0,0,0,0,0,0,0,0,0,0,0,0,0,0,0,0,0,0,0,0,0,0,0,0,0,0,0,0,0,0,0,0,0,0,0,0,0,0,0,0,0,0,0,0,0,0,0,0,0,0,0,0,0,0,0,0,0,0,0,0,0,0,0,0,0,0,0,0,0,0,0,252000,0,0,0,0,0,0,0,0,0,0,0,0,0,0,0,0,0
"SDN",0,0,0,0,0,0,0,0,0,0,0,0,0,0,0,0,0,0,0,0,0,0,0,0,0,0,0,0,0,0,0,0,0,0,0,0,0,0,0,0,0,0,0,0,0,0,0,0,0,0,0,0,0,0,0,0,0,0,0,0,0,0,0,0,0,0,0,0,0,0,0,0,0,0,0,0,0,0,0,0,0,0,0,0,0,0,0,0,0,0,0,0,0,0,0,0,0,0,0,0,0,0,0,0,0,0,0,0,0,0,0,0,0,0,0,0,0,0,0,0,0,0,0,0,0,0,0,0,0,0,0,0,0,0,0,0,0,0,0,0,0,0,0,0,0,0,0,0,0,0,0,0,0,0,0,0,0,0,0,0,0,0,0,0,0,0,0,0,0,0,0,0,0,0,0,0,0,0,0,0,0,0,0,0,0,0,0,0,0,0,0,0,0,0,0
"SSD",0,0,0,0,0,0,0,0,0,0,0,0,0,0,0,0,0,0,0,0,0,0,0,0,0,0,0,0,0,0,0,0,0,0,0,0,0,0,0,0,0,0,0,0,0,0,0,0,0,0,0,0,0,0,0,0,0,0,0,0,0,0,0,0,0,0,0,0,0,0,0,0,0,0,0,0,0,0,0,0,0,0,0,0,0,0,0,0,0,0,0,0,0,0,0,0,0,0,0,0,0,0,0,0,0,0,0,0,0,0,0,0,0,0,0,0,0,0,0,0,0,0,0,0,0,0,0,0,0,0,0,0,0,0,0,0,0,0,0,0,0,0,0,0,0,0,0,0,0,0,0,0,0,0,0,0,0,0,0,0,0,0,0,0,0,0,0,0,0,0,0,0,0,0,0,0,0,0,0,0,0,0,0,0,0,0,0,0,0,0,0,0,0,0,0
"PSE",0,0,0,0,0,0,0,0,0,0,0,0,0,0,0,0,0,0,0,0,0,0,0,0,0,0,0,0,0,0,0,0,0,0,0,0,0,0,0,0,0,0,0,0,0,0,0,0,0,0,0,0,0,0,0,0,0,0,0,0,0,0,0,0,0,0,0,0,0,0,0,0,0,0,0,0,0,0,0,0,0,0,0,0,0,0,0,0,0,0,0,0,0,0,0,0,0,0,0,0,0,0,0,0,0,0,0,0,0,0,0,0,0,0,0,0,0,0,0,0,0,0,0,0,0,0,0,0,0,0,0,0,0,0,0,0,0,0,0,0,0,0,0,0,0,0,0,0,0,0,0,0,0,0,0,0,0,0,0,0,0,0,0,0,0,0,0,0,0,0,0,0,0,0,0,0,0,0,0,0,0,0,0,0,0,0,0,0,0,0,0,0,0,0,0
