"","ARM","AFG","ALB","DZA","ATG","ARG","AUS","AUT","BHS","BHR","BRB","BGD","BMU","BTN","BOL","BWA","BRA","ARB","BLZ","SLB","BRN","BGR","MMR","BDI","CMR","CAN","CPV","CAF","LKA","TCD","CHL","CHN","COL","COM","COG","COK","CRI","CUB","CYP","AZE","BEN","DNK","DMA","DOM","BLR","ECU","EGY","SLV","GNQ","EST","FRO","FJI","FIN","FRA","PYF","DJI","GEO","GAB","GMB","DEU","BIH","GHA","KIR","GRC","GRL","GRD","GTM","GIN","GUY","HTI","HND","HKG","HUN","HRV","ISL","IND","IDN","IRN","IRQ","IRL","ISR","ITA","CIV","KAZ","JAM","JPN","JOR","KGZ","KEN","KHM","PRK","KOR","KWT","LVA","LAO","LBN","LSO","LBR","LBY","LTU","MAC","MDG","MWI","MYS","MDV","MLI","MLT","MRT","MUS","MEX","MNG","MAR","MOZ","MDA","NAM","NPL","NLD","ANT","NCL","MKD","VUT","NZL","NIC","NER","NGA","NOR","PAK","PAN","CZE","PNG","PRY","PER","PHL","POL","PRT","GNB","TLS","ERI","QAT","ZWE","ROU","RWA","RUS","KNA","LCA","VCT","STP","SAU","SEN","SYC","SLE","SVN","SVK","SGP","SOM","ZAF","ESP","SUR","TJK","SWZ","SWE","CHE","SYR","TKM","TWN","TZA","THA","TGO","TON","TTO","OMN","TUN","TUR","ARE","UGA","TUV","GBR","UKR","USA","BFA","URY","UZB","VEN","VNM","ETH","YEM","COD","ZMB","BEL","LUX","SRB","MNE","SDN","SSD","PSE"
"ARM",0,0,0,0,0,0,0,0,0,0,0,0,0,0,0,0,0,0,0,0,0,0,0,0,0,0,0,0,0,0,0,0,0,0,0,0,0,0,0,0,0,0,0,0,0,0,0,0,0,0,0,0,0,0,0,0,0,0,0,0,0,0,0,0,0,0,0,0,0,0,0,0,0,0,0,0,0,0,0,0,0,0,0,0,0,0,0,0,0,0,0,0,0,0,0,0,0,0,0,0,0,0,0,0,0,0,0,0,0,0,0,0,0,0,0,0,0,0,0,0,0,0,0,0,0,0,0,0,0,0,0,0,0,0,0,0,0,0,0,0,0,0,0,0,0,0,0,0,0,0,0,0,0,0,0,0,0,0,0,0,0,0,0,0,0,0,0,0,0,0,0,0,0,0,0,0,0,0,0,0,0,0,0,0,0,0,0,0,0,0,0,0,0,0,0
"AFG",0,0,0,0,0,0,0,0,0,0,0,0,0,0,0,0,0,0,0,0,0,0,0,0,0,0,0,0,0,0,0,0,0,0,0,0,0,0,0,0,0,0,0,0,0,0,0,0,0,0,0,0,0,0,0,0,0,0,0,0,0,0,0,0,0,0,0,0,0,0,0,0,0,0,0,0,0,0,0,0,0,0,0,0,0,0,0,0,0,0,0,0,0,0,0,0,0,0,0,0,0,0,0,0,0,0,0,0,0,0,0,0,0,0,0,0,0,0,0,0,0,0,0,0,0,0,0,0,0,0,0,0,0,0,0,0,0,0,0,0,0,0,0,0,0,0,0,0,0,0,0,0,0,0,0,0,0,0,0,0,0,0,0,0,0,0,0,0,0,0,0,0,0,0,0,0,0,0,0,0,0,0,0,0,0,0,0,0,0,0,0,0,0,0,0
"ALB",0,0,0,0,0,0,0,0,0,0,0,0,0,0,0,0,0,0,0,0,0,0,0,0,0,0,0,0,0,0,0,0,0,0,0,0,0,0,0,0,0,0,0,0,0,0,0,0,0,0,0,0,0,0,0,0,0,0,0,0,0,0,0,0,0,0,0,0,0,0,0,0,0,0,0,0,0,0,0,0,0,0,0,0,0,0,0,0,0,0,0,0,0,0,0,0,0,0,0,0,0,0,0,0,0,0,0,0,0,0,0,0,0,0,0,0,0,0,0,0,0,0,0,0,0,0,0,0,0,0,0,0,0,0,0,0,0,0,0,0,0,0,0,0,0,0,0,0,0,0,0,0,0,0,0,0,0,0,0,0,0,0,0,0,0,0,0,0,0,0,0,0,0,0,0,0,0,0,0,0,0,0,0,0,0,0,0,0,0,0,0,0,0,0,0
"DZA",0,0,0,0,0,0,0,0,0,0,0,0,0,0,0,0,0,0,0,0,0,0,0,0,0,0,0,0,0,0,0,0,0,0,0,0,0,0,0,0,0,0,0,0,0,0,0,0,0,0,0,0,0,0,0,0,0,0,0,0,0,0,0,0,0,0,0,0,0,0,0,0,0,0,0,0,0,0,0,0,0,0,0,0,0,0,0,0,0,0,0,0,0,0,0,0,0,0,0,0,0,0,0,0,0,0,0,0,0,0,0,0,0,0,0,0,0,0,0,0,0,0,0,3712800000,0,0,0,0,0,0,0,0,0,0,0,0,0,0,0,0,0,0,0,0,0,0,0,0,0,0,0,0,0,0,0,0,0,0,0,0,0,0,0,0,0,0,0,0,0,0,0,0,0,0,0,0,0,0,0,0,0,0,0,0,0,0,0,0,0,0,0,0,0,0,0
"ATG",0,0,0,0,0,0,0,0,0,0,0,0,0,0,0,0,0,0,0,0,0,0,0,0,0,0,0,0,0,0,0,0,0,0,0,0,0,0,0,0,0,0,0,0,0,0,0,0,0,0,0,0,0,0,0,0,0,0,0,0,0,0,0,0,0,0,0,0,0,0,0,0,0,0,0,0,0,0,0,0,0,0,0,0,0,0,0,0,0,0,0,0,0,0,0,0,0,0,0,0,0,0,0,0,0,0,0,0,0,0,0,0,0,0,0,0,0,0,0,0,0,0,0,0,0,0,0,0,0,0,0,0,0,0,0,0,0,0,0,0,0,0,0,0,0,0,0,0,0,0,0,0,0,0,0,0,0,0,0,0,0,0,0,0,0,0,0,0,0,0,0,0,0,0,0,0,0,0,0,0,0,0,0,0,0,0,0,0,0,0,0,0,0,0,0
"ARG",0,0,0,5844435660000,1166880000,0,2925438060000,0,0,0,5029960000,5115843010000,0,0,65636550000,0,36338380000,0,0,0,9.135e+09,0,0,0,186548900000,8052480000,0,0,0,1299480000,1780937800000,50375627630000,4451429300000,0,22083210000,0,34302070000,492512130000,194199660000,0,0,3203968140000,2289560000,1868991530000,0,826546750000,6935048350000,37066120000,0,0,0,7.735e+09,0,1606999300000,0,0,199877180000,0,0,907988010000,0,0,0,971019180000,0,1272960000,751479560000,0,3527160000,2.873e+10,17370600000,884400000,0,35696970000,0,16120305760000,14378797090000,14336131300000,0,1344784230000,172413880000,5973658950000,51808500000,0,48539080000,561167080000,1121224680000,0,1.326e+10,0,0,5058515600000,0,1610423230000,0,626702760000,0,0,997458480000,1205997480000,0,134836520000,0,6782947480000,0,0,0,1.768e+09,505297880000,7.1383e+10,0,1867431790000,472451800000,0,0,0,6700005720000,0,0,0,0,424412100000,173414280000,0,222063040000,203320000,1169461880000,416928280000,0,0,67056950000,6264114790000,3633937600000,5923097460000,9.135e+10,0,0,0,0,0,733501350000,0,451139930000,0,0,512720000,0,1674070900000,158694750000,0,0,1.305e+10,0,217750000,0,3664808320000,5659777120000,51395760000,0,0,0,0,1457881340000,0,308531650000,130301600000,7069263760000,0,0,75467080000,0,1068603350000,2773244720000,434302930000,0,0,3844256960000,0,107168720000,0,167933290000,0,6049386150000,8304766590000,4.42e+08,813876300000,20819970000,0,574489990000,0,0,0,0,0,0
"AUS",0,0,0,0,0,0,0,0,0,0,0,0,0,0,0,0,0,0,0,5220000,10640000,0,0,0,0,0,0,0,0,0,0,94640000,0,0,0,560000,0,0,0,0,0,0,0,0,0,0,0,0,0,0,0,1.34e+08,0,0,0,0,0,0,0,0,0,0,0,0,0,0,0,0,0,0,0,3920000,0,0,0,44200000,0,0,0,0,0,0,0,0,0,0,0,0,0,0,0,21651050000,0,0,0,0,0,0,0,0,0,0,0,5128300000,0,0,0,0,560000,0,0,0,0,0,0,0,0,0,26800000,0,0,23605370000,0,0,0,0,0,0,0,1359380000,0,0,1120000,0,0,0,0,0,0,0,0,0,0,0,0,0,0,0,0,0,0,0,0,38640000,0,3360000,0,0,0,0,0,0,0,0,7932800000,0,0,0,0,0,0,0,0,2800000,0,0,0,0,185640000,0,0,0,0,0,0,0,0,0,20880000,0,0,0,0,0,0
"AUT",0,0,0,0,0,0,0,0,0,0,0,0,0,0,0,0,0,0,0,0,0,122300000,0,0,0,0,0,0,0,0,0,0,0,0,0,0,0,0,0,0,0,1657400000,0,0,0,0,0,0,0,40980000,0,0,348400000,9028420000,0,0,0,0,0,285766380000,4658630000,0,0,1680000,0,0,0,0,0,0,0,0,37545990000,6407780000,0,0,0,0,0,227800000,0,115700020000,0,0,0,0,13400000,0,0,0,0,0,0,282040000,0,0,0,0,0,700150000,0,0,0,0,0,0,6700000,0,0,0,0,0,0,0,0,0,14699950000,0,0,0,0,0,0,0,0,338350000,0,0,27354390000,0,0,0,0,3213810000,726390000,0,0,0,0,0,5716950000,0,3364100000,0,0,0,0,0,0,0,0,94874220000,66061420000,0,0,0,9300230000,0,0,0,63290000,18601460000,0,0,0,0,0,0,0,0,0,0,0,0,0,0,769430000,1721900000,0,0,0,0,0,0,0,0,0,0,45008300000,3350000,1017530000,560000,0,0,0
"BHS",0,0,0,0,0,0,0,0,0,0,0,0,0,0,0,0,0,0,0,0,0,0,0,0,0,0,0,0,0,0,0,0,0,0,0,0,0,0,0,0,0,0,0,0,0,0,0,0,0,0,0,0,0,0,0,0,0,0,0,0,0,0,0,0,0,0,0,0,0,8840000,0,0,0,0,0,0,0,0,0,0,0,0,0,0,0,0,0,0,0,0,0,0,0,0,0,0,0,0,0,0,0,0,0,0,0,0,0,0,0,0,0,0,0,0,0,0,0,0,0,0,0,0,0,0,0,0,0,0,0,0,0,0,0,0,0,0,0,0,0,0,0,0,0,0,0,0,0,0,0,0,0,0,0,0,0,0,0,0,0,0,0,0,0,0,0,0,0,0,0,0,0,0,0,0,0,0,0,0,0,0,0,0,0,0,0,0,0,0,0,0,0,0,0,0,0
"BHR",0,0,0,0,0,0,0,0,0,0,0,0,0,0,0,0,0,0,0,0,0,0,0,0,0,0,0,0,0,0,0,0,0,0,0,0,0,0,0,0,0,0,0,0,0,0,0,0,0,0,0,0,0,0,0,0,0,0,0,0,0,0,0,0,0,0,0,0,0,0,0,0,0,0,0,0,0,0,0,0,0,0,0,0,0,0,0,0,0,0,0,0,0,0,0,0,0,8840000,0,0,0,0,0,0,0,0,0,0,0,0,0,0,0,0,0,0,0,0,0,0,0,0,0,0,0,0,0,0,0,0,0,0,0,0,0,0,0,0,560000,0,0,0,0,0,0,0,0,47960000,0,0,0,0,0,0,0,0,0,0,0,0,0,0,0,0,0,0,0,0,0,0,0,0,0,0,0,0,0,0,0,0,0,0,0,0,0,0,0,0,0,0,0,0,0,0,0
"BRB",0,0,0,0,2148120000,0,0,0,0,0,0,0,0,0,0,0,0,0,0,0,0,0,0,0,0,0,0,0,0,0,0,0,0,0,0,0,0,0,0,0,0,0,53040000,0,0,0,0,0,0,0,0,0,0,0,0,0,0,0,0,0,0,0,0,0,0,1714960000,0,0,407160000,0,0,0,0,0,0,0,0,0,0,0,0,0,0,0,0,0,0,0,0,0,0,0,0,0,0,0,0,0,0,0,0,0,0,0,0,0,0,0,0,0,0,0,0,0,0,0,0,0,0,0,0,0,0,0,0,0,0,0,0,0,0,0,0,0,0,0,0,0,0,0,0,0,0,1290640000,9679800000,6081920000,0,0,0,0,0,0,0,0,0,0,0,0,0,0,0,0,0,0,0,0,0,0,0,0,0,0,0,0,0,0,0,0,8840000,0,0,0,0,0,0,0,0,0,0,0,0,0,0,0,0
"BGD",0,0,0,0,0,0,0,0,0,0,0,0,0,0,0,0,0,0,0,0,0,0,0,0,0,0,0,0,0,0,0,0,0,0,0,0,0,0,0,0,0,0,0,0,0,0,0,0,0,0,0,0,0,0,0,0,0,0,0,0,0,0,0,0,0,0,0,0,0,0,0,0,0,0,0,0,0,0,0,0,0,0,0,0,0,0,0,0,0,0,0,0,0,0,0,0,0,0,0,0,0,0,0,0,0,0,0,0,0,0,0,0,0,0,0,0,0,0,0,0,0,0,0,0,0,0,0,0,0,0,0,0,0,0,0,0,0,0,0,0,0,0,0,0,0,0,0,0,0,0,0,0,0,0,0,0,0,0,0,0,0,0,0,0,0,0,0,0,0,0,0,0,0,0,0,0,0,0,0,0,0,0,0,0,0,0,0,0,0,0,0,0,0,0,0
"BMU",0,0,0,0,0,0,0,0,0,0,0,0,0,0,0,0,0,0,0,0,0,0,0,0,0,0,0,0,0,0,0,0,0,0,0,0,0,0,0,0,0,0,0,0,0,0,0,0,0,0,0,0,0,0,0,0,0,0,0,0,0,0,0,0,0,0,0,0,0,0,0,0,0,0,0,0,0,0,0,0,0,0,0,0,0,0,0,0,0,0,0,0,0,0,0,0,0,0,0,0,0,0,0,0,0,0,0,0,0,0,0,0,0,0,0,0,0,0,0,0,0,0,0,0,0,0,0,0,0,0,0,0,0,0,0,0,0,0,0,0,0,0,0,0,0,0,0,0,0,0,0,0,0,0,0,0,0,0,0,0,0,0,0,0,0,0,0,0,0,0,0,0,0,0,0,0,0,0,0,0,0,0,0,0,0,0,0,0,0,0,0,0,0,0,0
"BTN",0,0,0,0,0,0,0,0,0,0,0,0,0,0,0,0,0,0,0,0,0,0,0,0,0,0,0,0,0,0,0,0,0,0,0,0,0,0,0,0,0,0,0,0,0,0,0,0,0,0,0,0,0,0,0,0,0,0,0,0,0,0,0,0,0,0,0,0,0,0,0,0,0,0,0,931110000,0,0,0,0,0,0,0,0,0,0,0,0,0,0,0,0,0,0,0,0,0,0,0,0,0,0,0,0,0,0,0,0,0,0,0,0,0,0,0,0,0,0,0,0,0,0,0,0,0,0,0,0,0,0,0,0,0,0,0,0,0,0,0,0,0,0,0,0,0,0,0,0,0,0,0,0,0,0,0,0,0,0,0,0,0,0,0,0,0,0,0,0,0,0,0,0,0,0,0,0,0,0,0,0,0,0,0,0,0,0,0,0,0,0,0,0,0,0,0
"BOL",0,0,0,0,0,27760600000,0,0,0,0,0,0,0,0,0,0,235046050000,0,0,0,0,0,0,0,0,0,0,0,0,0,365549610000,0,6236894810000,0,0,0,2.431e+09,0,0,0,0,0,0,72399520000,0,2255752410000,15316200000,335920000,0,0,0,0,0,0,0,0,0,0,0,0,0,0,0,0,0,0,132600000,0,0,0,0,0,0,2.349e+09,0,0,7.37e+08,0,0,0,0,62504300000,0,0,3.978e+10,0,0,0,0,0,0,0,0,0,0,0,0,0,0,0,0,0,0,41275350000,0,0,0,0,0,132600000,0,0,0,0,0,0,0,0,0,0,0,0,3.536e+10,0,0,0,0,5171400000,0,0,61160100000,3287404840000,0,3857580000,41998950000,0,0,0,0,0,18136890000,0,0,0,0,0,0,0,0,0,0,0,0,0,0,0,346470400000,0,0,0,0,0,0,0,16505450000,0,837500000,0,0,0,0,0,875160000,0,0,0,917900000,0,42449040000,0,0,0,1573696090000,2.01e+09,0,0,0,0,0,0,0,0,0,0,0
"BWA",0,0,0,0,0,0,0,0,0,0,0,0,0,0,0,0,0,0,0,0,0,0,0,0,0,0,0,0,0,0,0,0,0,0,0,0,0,0,0,0,0,0,0,0,0,0,0,0,0,0,0,0,0,0,0,0,0,0,0,0,0,0,0,0,0,0,0,0,0,0,0,0,0,0,0,0,0,0,0,0,0,0,0,0,0,0,0,0,0,0,0,0,0,0,0,0,0,0,0,0,0,0,0,0,0,0,0,0,0,0,0,0,0,0,0,0,0,0,0,0,0,0,0,0,0,0,0,0,0,0,0,0,0,0,0,0,0,0,0,0,0,0,0,0,0,0,0,0,0,0,0,0,0,0,0,0,0,0,0,0,0,0,0,0,0,0,0,0,0,0,0,0,0,0,0,0,0,0,0,0,0,0,0,0,0,0,0,0,0,0,0,0,0,0,0
"BRA",0,0,0,2073443830000,2607800000,5030980000,99016740000,0,0,0,0,1710127600000,0,0,162939710000,0,0,0,341910000,0,0,0,0,0,788450000,1325880000,2240000,0,670770000,0,5566530000,195364016070000,443247030000,0,546230000,0,0,1938802990000,4.0194e+10,0,0,786424320000,1016600000,53340560000,0,366345650000,563278590000,0,566410000,0,0,0,132182170000,11342819310000,0,0,57555720000,0,0,10516577740000,0,24788180000,0,50380830000,0,0,234900000,0,9026020000,335920000,0,327460930000,0,393496650000,0,4920144920000,2304821040000,5494726370000,0,489380220000,8.5157e+10,4161363120000,10616840000,0,0,5.082889e+12,5.22e+08,0,0,0,0,7094498260000,0,0,0,0,0,0,0,0,0,44995600000,0,555989600000,0,0,0,0,3.536e+10,986320360000,0,559448240000,38789560000,0,0,0,30401580230000,0,0,0,0,91251790000,214020000,0,6.8807e+10,2314566970000,0,21772920000,0,0,123930450000,249880340000,17886380000,450924480000,2586997680000,0,0,0,2240000,0,1635541710000,0,402113900000,300560000,0,574600000,0,2196161520000,68465800000,0,0,0,2518817470000,99541590000,0,144814280000,15367215560000,26637530000,0,0,29680000,12756800000,0,0,6929003390000,0,13149303540000,0,0,31912400000,0,490244680000,635991410000,9.02924e+11,0,0,4169738770000,0,1088038650000,0,216461340000,0,501103900000,5917384560000,0,0,50250000,0,388713620000,0,0,0,0,0,0
"ARB",0,0,0,0,0,0,0,0,0,0,0,0,0,0,0,0,0,0,0,0,0,0,0,0,0,0,0,0,0,0,0,0,0,0,0,0,0,0,0,0,0,0,0,0,0,0,0,0,0,0,0,0,0,0,0,0,0,0,0,0,0,0,0,0,0,0,0,0,0,0,0,0,0,0,0,0,0,0,0,0,0,0,0,0,0,0,0,0,0,0,0,0,0,0,0,0,0,0,0,0,0,0,0,0,0,0,0,0,0,0,0,0,0,0,0,0,0,0,0,0,0,0,0,0,0,0,0,0,0,0,0,0,0,0,0,0,0,0,0,0,0,0,0,0,0,0,0,0,0,0,0,0,0,0,0,0,0,0,0,0,0,0,0,0,0,0,0,0,0,0,0,0,0,0,0,0,0,0,0,0,0,0,0,0,0,0,0,0,0,0,0,0,0,0,0
"BLZ",0,0,0,0,0,0,0,0,0,0,0,0,0,0,0,0,0,0,0,0,0,0,0,0,0,0,0,0,0,0,0,0,0,0,0,0,0,0,0,0,0,0,0,0,0,0,0,0,0,0,0,0,0,0,0,0,0,0,0,0,0,0,0,0,0,0,150750000,0,0,0,0,0,0,0,0,0,0,0,0,0,0,0,0,0,0,0,0,0,0,0,0,0,0,0,0,0,0,0,0,0,0,0,0,0,0,0,0,0,0,0,0,0,0,0,0,0,0,0,0,0,0,0,0,0,0,0,0,0,0,0,0,0,0,0,0,0,0,0,0,0,0,0,0,0,0,0,0,0,0,0,0,0,0,0,0,0,0,0,0,0,0,0,0,0,0,0,0,0,0,0,0,0,0,0,0,0,0,0,0,0,0,0,0,0,0,0,0,0,0,0,0,0,0,0,0
"SLB",0,0,0,0,0,0,0,0,0,0,0,0,0,0,0,0,0,0,0,0,0,0,0,0,0,0,0,0,0,0,0,0,0,0,0,0,0,0,0,0,0,0,0,0,0,0,0,0,0,0,0,0,0,0,0,0,0,0,0,0,0,0,0,0,0,0,0,0,0,0,0,0,0,0,0,0,0,0,0,0,0,0,0,0,0,0,0,0,0,0,0,0,0,0,0,0,0,0,0,0,0,0,0,0,0,0,0,0,0,0,0,0,0,0,0,0,0,0,0,0,0,0,0,0,0,0,0,0,0,0,0,0,0,0,0,0,0,0,0,0,0,0,0,0,0,0,0,0,0,0,0,0,0,0,0,0,0,0,0,0,0,0,0,0,0,0,0,0,0,0,0,0,0,0,0,0,0,0,0,0,0,0,0,0,0,0,0,0,0,0,0,0,0,0,0
"BRN",0,0,0,0,0,0,0,0,0,0,0,0,0,0,0,0,0,0,0,0,0,0,0,0,0,0,0,0,0,0,0,0,0,0,0,0,0,0,0,0,0,0,0,0,0,0,0,0,0,0,0,0,0,0,0,0,0,0,0,0,0,0,0,0,0,0,0,0,0,0,0,0,0,0,0,0,0,0,0,0,0,0,0,0,0,0,0,0,0,0,0,0,0,0,0,0,0,0,0,0,0,0,0,0,0,0,0,0,0,0,0,0,0,0,0,0,0,0,0,0,0,0,0,0,0,0,0,0,0,0,0,0,0,0,0,0,0,0,0,0,0,0,0,0,0,0,0,0,0,0,0,0,0,0,0,0,0,0,0,0,0,0,0,0,0,0,0,0,0,0,0,0,0,0,0,0,0,0,0,0,0,0,0,0,0,0,0,0,0,0,0,0,0,0,0
"BGR",0,0,0,0,0,0,0,0,0,0,0,0,0,0,0,0,0,0,0,0,0,0,0,0,0,0,0,0,0,0,0,0,0,0,0,0,0,0,0,0,0,0,0,0,0,0,0,0,0,0,0,0,0,0,0,0,0,0,0,0,13400000,0,0,13686060000,0,0,0,0,0,0,0,0,10340820000,560000,0,0,0,0,0,0,0,0,0,0,0,0,0,0,0,0,0,0,0,0,0,0,0,0,0,0,0,0,0,0,0,0,0,0,0,0,0,0,0,0,0,0,0,0,0,6746860000,0,0,0,0,0,0,0,0,0,0,0,0,0,0,0,0,0,0,0,0,6453610000,0,1120000,0,0,0,0,0,0,0,0,0,0,0,0,0,0,0,0,0,0,0,0,0,0,0,0,0,0,0,0,0,0,0,0,0,0,0,0,0,0,2610000,0,0,0,0,0,0,0,0,4945950000,0,0,0,0
"MMR",0,0,0,0,0,0,0,0,0,0,0,0,0,0,0,0,0,0,0,0,0,0,0,0,0,0,0,0,0,0,0,0,0,0,0,0,0,0,0,0,0,0,0,0,0,0,0,0,0,0,0,0,0,0,0,0,0,0,0,0,0,0,0,0,0,0,0,0,0,0,0,0,0,0,0,0,0,0,0,0,0,0,0,0,0,0,0,0,0,0,0,0,0,0,0,0,0,0,0,0,0,0,0,0,0,0,0,0,0,0,0,0,0,0,0,0,0,0,0,0,0,0,0,0,0,0,0,0,0,0,0,0,0,0,0,0,0,0,0,0,0,0,0,0,0,0,0,0,0,0,0,0,0,0,0,0,0,0,0,0,0,0,0,0,0,0,0,0,0,0,0,0,0,0,0,0,0,0,0,0,0,0,0,0,0,0,0,0,0,0,0,0,0,0,0
"BDI",0,0,0,0,0,0,0,0,0,0,0,0,0,0,0,0,0,0,0,0,0,0,0,0,0,0,0,0,0,0,0,0,0,0,0,0,0,0,0,0,0,0,0,0,0,0,0,0,0,0,0,0,0,0,0,0,0,0,0,0,0,0,0,0,0,0,0,0,0,0,0,0,0,0,0,0,0,0,0,0,0,0,0,0,0,0,0,0,0,0,0,0,0,0,0,0,0,0,0,0,0,0,0,0,0,0,0,0,0,0,0,0,0,0,0,0,0,0,0,0,0,0,0,0,0,0,0,0,0,0,0,0,0,0,0,0,0,0,0,0,0,0,0,0,0,0,0,0,0,0,0,0,0,0,0,0,0,0,0,0,0,0,0,0,0,0,0,0,0,0,0,0,0,0,0,0,0,0,0,0,0,0,0,0,0,0,0,0,0,0,0,0,0,0,0
"CMR",0,0,0,0,0,0,0,0,0,0,0,0,0,0,0,0,0,0,0,0,0,0,0,0,0,0,0,125280000,0,0,0,0,0,0,0,0,0,0,0,0,26800000,0,0,0,0,0,0,0,0,0,0,0,0,0,0,0,0,0,0,0,0,0,0,0,0,0,0,0,0,0,0,0,0,0,0,0,0,0,0,0,0,0,0,0,0,0,0,0,0,0,0,0,0,0,0,0,0,0,0,0,0,0,0,0,0,0,0,0,0,0,0,0,0,0,0,0,0,0,0,0,0,0,0,0,0,0,0,0,0,0,0,0,0,0,0,0,0,0,0,0,0,0,0,0,0,0,0,0,0,0,0,0,0,0,0,0,0,0,0,0,0,0,0,0,0,0,0,0,0,0,0,0,0,100500000,0,0,0,0,0,0,0,0,0,0,0,0,0,0,0,0,0,0,0,0,0
"CAN",0,0,0,264650000,0,13400000,6198240000,137350000,0,560000,17340000,176553270000,0,0,0,0,3.35e+08,0,0,0,2117200000,472350000,0,0,13050000,0,0,0,0,0,43550000,5256287350000,0,0,0,0,5189080000,37490000,0,0,0,178253500000,0,0,0,247520000,943936760000,0,0,70350000,0,0,70350000,335129170000,0,0,0,0,0,1483125400000,0,6.7e+07,0,0,0,0,0,0,14520000,174200000,0,1.82645e+11,0,144050000,0,0,77408450000,127222950000,0,16559050000,34798380000,794756810000,0,0,5519950000,2587073390000,0,0,0,0,4.69e+08,96093560000,0,87100000,0,261300000,0,0,0,408700000,0,0,0,466738560000,0,0,0,0,1162450000,258021920000,0,995510000,0,0,0,0,3807824400000,0,0,0,0,4961350000,0,0,0,402157450000,0,673350000,542700000,0,0,1671650000,54645200000,5936200000,137350000,0,0,0,0,0,204350000,0,2164100000,0,0,0,0,106841550000,0,0,0,0,1.34e+08,109943650000,0,0,380643750000,944700000,0,0,0,0,0,0,94792720000,0,255998900000,0,0,2.68e+08,0,83877300000,193542800000,91782200000,0,0,2016700000,4803900000,5037085040000,0,0,0,0,316057410000,0,0,0,0,1248722550000,0,0,0,0,0,0
"CPV",0,0,0,0,0,0,0,0,0,0,0,0,0,0,0,0,0,0,0,0,0,0,0,0,0,0,0,0,0,0,0,0,0,0,0,0,0,0,0,0,0,0,0,0,0,0,0,0,0,0,0,0,0,0,0,0,0,0,0,0,0,0,0,0,0,0,0,0,0,0,0,0,0,0,0,0,0,0,0,0,0,0,0,0,0,0,0,0,0,0,0,0,0,0,0,0,0,0,0,0,0,0,0,0,0,0,0,0,0,0,0,0,0,0,0,0,0,0,0,0,0,0,0,0,0,0,0,0,0,0,0,0,0,0,0,0,0,0,0,0,0,0,0,0,0,0,0,0,0,0,0,0,0,0,0,0,0,0,0,0,0,0,0,0,0,0,0,0,0,0,0,0,0,0,0,0,0,0,0,0,0,0,0,0,0,0,0,0,0,0,0,0,0,0,0
"CAF",0,0,0,0,0,0,0,0,0,0,0,0,0,0,0,0,0,0,0,0,0,0,0,0,0,0,0,0,0,0,0,0,0,0,0,0,0,0,0,0,0,0,0,0,0,0,0,0,0,0,0,0,0,0,0,0,0,0,0,0,0,0,0,0,0,0,0,0,0,0,0,0,0,0,0,0,0,0,0,0,0,0,0,0,0,0,0,0,0,0,0,0,0,0,0,0,0,0,0,0,0,0,0,0,0,0,0,0,0,0,0,0,0,0,0,0,0,0,0,0,0,0,0,0,0,0,0,0,0,0,0,0,0,0,0,0,0,0,0,0,0,0,0,0,0,0,0,0,0,0,0,0,0,0,0,0,0,0,0,0,0,0,0,0,0,0,0,0,0,0,0,0,0,0,0,0,0,0,0,0,0,0,0,0,0,0,0,0,0,0,0,0,0,0,0
"LKA",0,0,0,0,0,0,0,0,0,0,0,0,0,0,0,0,0,0,0,0,0,0,7.37e+08,0,0,10050000,0,0,0,0,0,0,0,0,0,0,0,0,0,0,0,0,0,0,0,0,0,0,0,0,0,0,0,0,0,0,0,0,0,0,0,0,0,0,0,0,0,0,0,0,0,0,0,0,0,2800000,2566100000,0,0,0,0,0,0,0,0,0,29410000,0,0,0,0,0,0,0,0,0,0,0,0,0,0,0,0,703500000,81520000,0,0,0,0,0,0,0,0,0,0,0,368500000,0,0,0,0,0,0,0,0,0,0,0,0,0,0,0,0,0,0,0,0,0,0,0,0,0,0,0,0,0,0,0,0,0,0,0,0,844200000,0,0,0,0,0,0,0,0,0,0,515900000,0,0,0,0,0,0,0,0,0,0,0,20100000,0,0,0,0,0,0,0,0,0,0,0,0,0,0,0,0,0,0
"TCD",0,0,0,0,0,0,0,0,0,0,0,0,0,0,0,0,0,0,0,0,0,0,0,0,0,0,0,0,0,0,0,0,0,0,0,0,0,0,0,0,0,0,0,0,0,0,0,0,0,0,0,0,0,0,0,0,0,0,0,0,0,0,0,0,0,0,0,0,0,0,0,0,0,0,0,0,0,0,0,0,0,0,0,0,0,0,0,0,0,0,0,0,0,0,0,0,0,0,0,0,0,0,0,0,0,0,0,0,0,0,0,0,0,0,0,0,0,0,0,0,0,0,0,0,0,0,0,0,0,0,0,0,0,0,0,0,0,0,0,0,0,0,0,0,0,0,0,0,0,0,0,0,0,0,0,0,0,0,0,0,0,0,0,0,0,0,0,0,0,0,0,0,0,0,0,0,0,0,0,0,0,0,0,0,0,0,0,0,0,0,0,0,0,0,0
"CHL",0,0,0,0,0,73700000,0,0,0,0,0,0,0,0,0,0,0,0,0,0,0,0,0,0,0,2284700000,0,0,0,0,0,0,80400000,0,0,0,0,0,0,0,0,0,0,0,0,3920000,0,0,0,0,0,0,0,288100000,0,0,0,0,0,0,0,0,0,0,0,0,0,0,0,0,0,0,157450000,0,0,10050000,0,0,0,0,0,314900000,0,0,0,0,0,0,0,0,0,0,0,0,0,0,0,0,0,0,0,0,0,0,0,0,0,0,0,0,0,0,0,0,0,0,5.36e+08,0,0,0,0,0,0,0,0,0,0,0,0,0,0,1607720000,0,0,0,0,0,0,0,0,0,0,0,0,0,0,0,0,0,0,0,0,0,0,0,0,0,0,0,0,0,0,0,0,0,0,10050000,0,0,0,0,0,0,0,0,0,0,0,32377750000,0,0,0,0,0,0,0,0,0,6700000,0,0,0,0,0,0
"CHN",0,0,0,11170000,560000,0,11698570000,204390000,3360000,0,0,39743520000,0,0,7280000,0,11200000,0,22400000,162400000,82850000,76720000,13440000,0,1120000,53412830000,0,0,0,20100000,815640000,0,232400000,17680000,4470000,0,51400000,265440000,898590000,0,8960000,85082150000,0,120960000,14560000,7931790000,205520000,25760000,0,58240000,0,777280000,1945070000,8096980000,22960000,13440000,7840000,0,0,18045230000,0,406560000,173040000,47600000,0,0,257550000,0,6160000,0,363440000,122282870000,12320000,0,1120000,140880000,23110110000,560000,69250000,102480000,5738410000,22583770000,1120000,1637920000,17910000,3740470810000,7840000,206640000,318080000,0,1228647350000,1273748550000,6700000,188160000,0,104160000,0,560000,0,106850000,6810950000,100120000,64120000,191268910000,4480000,0,10080000,0,684610000,757670000,463260000,186480000,4480000,0,2800000,0,220712400000,0,12880000,0,64400000,1369200000,0,0,332160000,26129680000,34214250000,750900000,275310000,685990000,0,1201200000,15719230000,667460000,527320000,0,1124390000,0,159720000,73050000,45920000,0,6470740000,0,0,0,0,395800000,26320000,57680000,1680000,26320000,0,77630610000,0,329530000,13938520000,134960000,0,0,1766800000,25540190000,0,0,32395320000,97990000,2040870000,0,44230000,80080000,0,0,3089340000,839340000,23520000,6720000,171245590000,420560000,800715990000,0,33600000,87360000,2914680000,924384100000,116470000,0,0,2611680000,36078680000,0,0,0,272220000,0,0
"COL",0,0,0,0,0,0,26520000,0,0,0,0,0,0,0,0,0,0,0,0,0,0,0,0,0,0,10050000,0,0,0,0,0,0,0,0,0,0,0,0,0,0,0,0,0,0,0,4085250000,0,0,0,0,0,0,0,0,0,0,0,0,0,0,0,0,0,0,0,0,0,0,0,0,0,0,0,0,0,0,0,0,0,0,0,0,0,0,0,0,0,0,0,0,0,0,0,0,0,0,0,0,0,0,0,0,0,0,0,0,0,0,0,0,0,0,0,0,0,0,0,0,0,0,0,0,0,0,0,0,0,1131520000,0,0,0,0,0,0,0,0,0,0,0,0,0,33500000,0,0,0,0,0,0,0,0,0,0,0,0,0,0,0,0,0,0,0,0,0,0,0,0,0,0,0,0,0,0,0,0,0,0,36850000,0,78730000,0,0,0,82052880000,0,0,0,0,0,0,0,0,0,0,0,0
"COM",0,0,0,0,0,0,0,0,0,0,0,0,0,0,0,0,0,0,0,0,0,0,0,0,0,0,0,0,0,0,0,0,0,0,0,0,0,0,0,0,0,0,0,0,0,0,0,0,0,0,0,0,0,0,0,0,0,0,0,0,0,0,0,0,0,0,0,0,0,0,0,0,0,0,0,0,0,0,0,0,0,0,0,0,0,0,0,0,0,0,0,0,0,0,0,0,0,0,0,0,0,0,0,0,0,0,0,0,0,0,0,0,0,0,0,0,0,0,0,0,0,0,0,0,0,0,0,0,0,0,0,0,0,0,0,0,0,0,0,0,0,0,0,0,0,0,0,0,0,0,0,0,0,0,0,0,0,0,0,0,0,0,0,0,0,0,0,0,0,0,0,0,0,0,0,0,0,0,0,0,0,0,0,0,0,0,0,0,0,0,0,0,0,0,0
"COG",0,0,0,0,0,0,0,0,0,0,0,0,0,0,0,0,0,0,0,0,0,0,0,0,0,0,0,0,0,0,0,0,0,0,0,0,0,0,0,0,0,0,0,0,0,0,0,0,0,0,0,0,0,0,0,0,0,0,0,0,0,0,0,0,0,0,0,0,0,0,0,0,0,0,0,0,0,0,0,0,0,0,0,0,0,0,0,0,0,0,0,0,0,0,0,0,0,0,0,0,0,0,0,0,0,0,0,0,0,0,0,0,0,0,0,0,0,0,0,0,0,0,0,0,0,0,0,0,0,0,0,0,0,0,0,0,0,0,0,0,0,0,0,0,0,0,0,0,0,0,0,0,0,0,0,0,0,0,0,0,0,0,0,0,0,0,0,0,0,0,0,0,0,0,0,0,0,0,0,0,0,0,0,0,0,0,0,0,0,0,0,0,0,0,0
"COK",0,0,0,0,0,0,0,0,0,0,0,0,0,0,0,0,0,0,0,0,0,0,0,0,0,0,0,0,0,0,0,0,0,0,0,0,0,0,0,0,0,0,0,0,0,0,0,0,0,0,0,0,0,0,0,0,0,0,0,0,0,0,0,0,0,0,0,0,0,0,0,0,0,0,0,0,0,0,0,0,0,0,0,0,0,0,0,0,0,0,0,0,0,0,0,0,0,0,0,0,0,0,0,0,0,0,0,0,0,0,0,0,0,0,0,0,0,0,0,0,0,0,0,0,0,0,0,0,0,0,0,0,0,0,0,0,0,0,0,0,0,0,0,0,0,0,0,0,0,0,0,0,0,0,0,0,0,0,0,0,0,0,0,0,0,0,0,0,0,0,0,0,0,0,0,0,0,0,0,0,0,0,0,0,0,0,0,0,0,0,0,0,0,0,0
"CRI",0,0,0,0,0,716040000,0,0,0,0,0,0,0,0,0,0,0,0,0,0,0,0,0,0,0,0,0,0,0,0,0,0,0,0,0,0,0,0,0,0,0,0,0,0,0,0,0,50604640000,0,0,0,0,0,0,0,0,0,0,0,3350000,0,0,0,0,0,0,11571560000,0,0,0,4947680000,0,0,0,0,0,0,0,0,0,0,0,0,0,0,41760000,0,0,0,0,0,0,0,0,0,0,0,0,0,0,0,0,0,0,0,0,0,0,0,0,0,0,0,0,0,0,0,0,0,0,0,0,30834790000,0,0,0,0,30767520000,0,0,0,0,0,0,0,0,0,0,0,0,0,0,0,0,0,0,0,0,0,0,0,0,0,0,0,0,0,0,0,0,0,0,0,0,0,0,0,0,0,0,0,0,0,0,0,0,1680000,0,960400000,0,0,0,0,0,0,0,0,0,0,0,0,0,0,0,0
"CUB",0,0,0,0,0,0,0,0,0,0,0,0,0,0,0,0,0,0,0,0,0,0,0,0,0,0,0,0,0,0,0,0,0,0,0,0,0,0,0,0,0,0,0,0,0,0,0,0,0,0,0,0,0,0,0,0,0,0,0,0,0,0,0,0,0,0,0,0,0,0,0,0,0,0,0,0,0,0,0,0,0,0,0,0,0,0,0,0,0,0,0,0,0,0,0,0,0,0,0,0,0,0,0,0,0,0,0,0,0,0,0,0,0,0,0,0,0,0,0,0,0,0,0,0,0,0,0,0,0,0,0,0,0,0,0,0,0,0,0,0,0,0,0,0,0,0,0,0,0,0,0,0,0,0,0,0,0,0,0,0,0,0,0,0,0,0,0,0,0,0,0,0,0,0,0,0,0,0,0,0,0,0,0,0,0,0,0,0,0,0,0,0,0,0,0
"CYP",0,0,0,0,0,0,0,0,0,0,0,0,0,0,0,0,0,0,0,0,0,0,0,0,0,0,0,0,0,0,0,0,0,0,0,0,0,0,0,0,0,0,0,0,0,0,0,0,0,0,0,0,0,0,0,0,0,0,0,0,0,0,0,0,0,0,0,0,0,0,0,0,0,0,0,0,0,0,0,0,0,0,0,0,0,0,0,0,0,0,0,0,0,0,0,0,0,0,0,0,0,0,0,0,0,0,0,0,0,0,0,0,0,0,0,0,0,0,0,0,0,0,0,0,0,0,0,0,0,0,0,0,0,0,0,0,0,0,0,0,0,0,0,0,0,0,0,0,0,0,0,0,0,0,0,0,0,0,0,0,0,0,0,0,0,0,0,0,0,0,0,0,0,0,0,0,0,0,0,0,0,0,0,0,0,0,0,0,0,0,0,0,0,0,0
"AZE",0,0,0,0,0,0,0,0,0,0,0,0,0,0,0,0,0,0,0,0,0,0,0,0,0,0,0,0,0,0,0,0,0,0,0,0,0,0,0,0,0,0,0,0,0,0,0,0,0,0,0,0,0,0,0,0,0,0,0,0,0,0,0,0,0,0,0,0,0,0,0,0,0,0,0,0,0,0,0,0,0,0,0,0,0,0,0,0,0,0,0,0,0,0,0,0,0,0,0,0,0,0,0,0,0,0,0,0,0,0,0,0,0,0,0,0,0,0,0,0,0,0,0,0,0,0,0,0,0,0,0,0,0,0,0,0,0,0,0,0,0,0,0,0,0,0,0,0,0,0,0,0,0,0,0,0,0,0,0,0,0,0,0,0,0,0,0,0,0,0,0,0,0,0,0,0,0,0,0,0,0,0,0,0,0,0,0,0,0,0,0,0,0,0,0
"BEN",0,0,0,0,0,0,0,0,0,0,0,0,0,0,0,0,0,0,0,0,0,0,0,0,0,0,0,0,0,0,0,0,0,0,0,0,0,0,0,0,0,0,0,0,0,0,0,0,0,0,0,0,0,0,0,0,0,621180000,0,0,0,9672660000,0,0,0,0,0,0,0,0,0,0,0,0,0,1654900000,0,0,0,0,0,0,9753570000,0,0,0,0,0,0,0,0,0,0,0,0,0,0,0,0,0,0,0,0,0,0,0,0,0,0,0,0,0,0,0,0,0,0,0,0,0,0,0,0,0,0,0,0,0,0,0,0,0,0,0,0,0,0,0,0,0,0,0,0,0,0,0,0,0,9441120000,0,0,0,0,0,0,4127200000,0,0,0,0,0,0,0,0,0,0,0,187920000,0,0,0,0,0,0,0,0,0,0,0,0,0,0,0,0,0,0,49590000,0,0,0,0,0,0,0,0
"DNK",0,0,0,0,0,0,0,0,0,0,0,0,0,0,0,0,1787850000,0,0,0,0,0,0,0,0,0,0,0,0,0,0,0,0,0,0,0,0,0,0,0,0,0,0,0,27123120000,0,0,0,0,3.915e+09,449280000,0,149833340000,69880000,0,0,0,0,0,96668220000,0,0,0,0,0,0,0,0,0,0,0,0,10640000,250560000,16582590000,0,0,0,0,35360000,0,383660000,0,0,0,0,0,0,0,0,0,159210000,0,88400000,0,0,0,0,0,1322420000,0,0,0,0,0,0,560000,0,0,0,0,0,0,0,0,0,59780960000,0,0,0,0,0,0,0,0,1182360000,0,0,0,0,0,0,0,41030510000,0,0,0,0,0,0,8840000,0,30769290000,0,0,0,0,0,0,0,0,86130000,135720000,0,0,0,2240000,0,0,0,158504500000,0,0,0,0,0,0,0,0,0,0,0,0,0,0,0,29033250000,1333710000,26800000,0,0,0,0,195750000,0,0,0,0,9101460000,560000,944820000,0,0,0,0
"DMA",0,0,0,0,0,0,0,0,0,0,0,0,0,0,0,0,0,0,0,0,0,0,0,0,0,0,0,0,0,0,0,0,0,0,0,0,0,0,0,0,0,0,0,0,0,0,0,0,0,0,0,0,0,0,0,0,0,0,0,0,0,0,0,0,0,0,0,0,0,0,0,0,0,0,0,0,0,0,0,0,0,0,0,0,0,0,0,0,0,0,0,0,0,0,0,0,0,0,0,0,0,0,0,0,0,0,0,0,0,0,0,0,0,0,0,0,0,0,0,0,0,0,0,0,0,0,0,0,0,0,0,0,0,0,0,0,0,0,0,0,0,0,0,0,0,0,0,0,0,0,0,0,0,0,0,0,0,0,0,0,0,0,0,0,0,0,0,0,0,0,0,0,0,0,0,0,0,0,0,0,0,0,0,0,0,0,0,0,0,0,0,0,0,0,0
"DOM",0,0,0,0,0,0,0,0,0,0,0,0,0,0,0,0,0,0,0,0,0,0,0,0,0,0,0,0,0,0,0,0,0,0,0,0,0,0,0,0,0,0,0,0,0,0,0,0,0,0,0,0,0,0,0,0,0,0,0,0,0,0,0,0,0,0,0,0,0,0,0,0,0,0,0,0,0,0,0,0,0,0,0,0,0,0,0,0,0,0,0,0,0,0,0,0,0,0,0,0,0,0,0,0,0,0,0,0,0,0,0,0,0,0,0,0,0,0,0,0,0,0,0,0,0,0,0,0,0,0,0,0,0,0,0,0,0,0,0,0,0,0,0,0,0,0,0,0,0,0,0,0,0,0,0,0,0,0,0,0,0,0,0,0,0,0,0,0,0,0,0,0,0,0,0,0,0,0,0,0,0,0,0,0,0,0,0,0,0,0,0,0,0,0,0
"BLR",0,0,0,0,0,0,0,0,0,0,0,0,0,0,0,0,0,0,0,0,0,0,0,0,0,0,0,0,0,0,0,0,0,0,0,0,0,0,0,0,0,0,0,0,0,0,0,0,0,0,0,0,0,0,0,0,0,0,0,2610000,0,0,0,0,0,0,0,0,0,0,0,0,0,0,0,0,0,0,0,0,0,0,0,16364700000,0,0,0,0,0,0,0,0,0,153990000,0,0,0,0,0,0,0,0,0,0,0,0,0,0,0,0,0,0,0,135720000,0,0,0,0,0,0,0,0,0,0,0,0,0,0,0,0,0,0,0,0,0,0,0,0,0,0,0,0,163216960000,0,0,0,0,0,0,0,0,0,0,0,0,0,0,0,0,0,0,0,0,0,0,0,0,0,0,0,0,0,0,0,0,0,0,0,0,0,0,0,0,0,0,0,0,0,0,0,0,0,0,0,0
"ECU",0,0,0,0,0,0,0,0,0,0,0,0,0,0,0,0,0,0,0,0,0,0,0,0,0,0,0,0,0,0,1120000,0,12141980000,0,0,0,0,0,0,0,0,0,0,0,0,0,0,0,0,0,0,0,0,3350000,0,0,0,0,0,2800000,0,0,0,0,0,0,159120000,0,0,0,0,0,0,0,0,0,0,0,0,0,0,0,0,0,0,0,0,0,0,0,0,0,0,0,0,0,0,0,0,0,0,0,0,0,0,0,0,0,0,0,0,0,0,0,0,0,0,0,0,0,0,0,0,0,0,0,0,0,0,0,0,108320000,0,0,0,0,0,0,0,0,0,0,0,0,0,0,0,0,0,0,0,0,0,0,0,0,46480000,0,0,0,0,0,0,0,0,0,0,0,0,0,0,0,0,0,0,0,0,0,136640000,0,0,0,0,0,0,0,0,0,0,0,0,0,0,0,0
"EGY",0,0,0,0,0,0,0,0,0,0,0,0,0,0,0,0,0,0,0,0,0,0,0,0,3350000,6700000,0,0,0,0,0,0,0,0,0,0,0,0,0,0,769080000,0,0,0,0,0,0,0,0,0,0,0,0,0,0,0,0,0,0,0,0,2731560000,0,0,0,0,0,0,0,0,0,0,0,0,0,0,0,0,0,0,3863080000,0,0,0,0,539240000,80426320000,0,1087320000,0,0,0,285860000,0,0,89401100000,0,0,4181320000,0,0,0,0,0,0,0,0,265200000,822120000,0,0,335920000,0,0,0,0,0,0,0,0,0,0,0,0,0,0,0,0,0,0,0,0,0,0,0,0,0,14329640000,0,1034280000,0,0,0,0,0,0,0,22427080000,0,0,0,0,0,0,0,0,0,0,0,0,0,0,22885820000,0,0,0,0,1.989e+09,0,0,733720000,0,0,30150000,0,0,8840000,0,0,0,0,0,0,0,8150480000,1493960000,0,0,0,0,0,0,3354050000,0,21030360000
"SLV",0,0,0,0,0,0,0,0,0,0,0,0,0,0,0,0,0,0,0,0,0,0,0,0,0,0,0,0,0,0,0,0,0,0,0,0,460800000,0,0,0,0,0,0,0,0,0,0,0,0,0,0,0,0,0,0,0,0,0,0,0,0,0,0,0,0,0,3958150000,0,0,0,2168720000,0,0,0,0,0,0,0,0,0,0,0,0,0,0,0,0,0,0,0,0,0,0,0,0,0,0,0,0,0,0,0,0,0,0,0,0,0,0,0,0,0,0,0,0,0,0,0,0,0,0,0,1401120000,0,0,0,0,0,0,0,0,0,0,0,0,0,0,0,0,0,0,0,0,0,0,0,0,0,0,0,0,0,0,0,0,0,0,0,0,0,0,0,0,0,0,0,0,0,0,0,0,0,0,0,0,0,0,0,0,0,0,0,0,0,0,0,0,0,0,0,0,0,0,0,0
"GNQ",0,0,0,0,0,0,0,0,0,0,0,0,0,0,0,0,0,0,0,0,0,0,0,0,0,0,0,0,0,0,0,0,0,0,0,0,0,0,0,0,0,0,0,0,0,0,0,0,0,0,0,0,0,0,0,0,0,0,0,0,0,0,0,0,0,0,0,0,0,0,0,0,0,0,0,0,0,0,0,0,0,0,0,0,0,0,0,0,0,0,0,0,0,0,0,0,0,0,0,0,0,0,0,0,0,0,0,0,0,0,0,0,0,0,0,0,0,0,0,0,0,0,0,0,0,0,0,0,0,0,0,0,0,0,0,0,0,0,0,0,0,0,0,0,0,0,0,0,0,0,0,0,0,0,0,0,0,0,0,0,0,0,0,0,0,0,0,0,0,0,0,0,0,0,0,0,0,0,0,0,0,0,0,0,0,0,0,0,0,0,0,0,0,0,0
"EST",0,0,0,0,0,0,0,0,0,0,0,0,0,0,0,0,0,0,0,0,0,0,0,0,0,0,0,0,0,0,0,0,0,0,0,0,0,0,0,0,0,300560000,0,0,0,0,0,0,0,0,0,0,1223310000,0,0,0,0,0,0,353600000,0,0,0,0,0,0,0,0,4.42e+08,0,0,0,0,0,0,0,0,0,0,17680000,12216880000,0,0,0,0,0,0,0,0,0,0,0,0,56190890000,0,0,0,0,0,25055580000,0,0,0,0,0,0,0,0,0,0,0,0,0,0,0,0,97240000,0,0,0,0,0,0,0,0,786760000,0,0,0,0,0,0,0,26520000,0,0,0,0,0,0,0,0,2800000,0,0,0,0,0,0,0,0,0,0,0,0,0,0,0,1060800000,0,2.09e+08,0,0,0,0,0,0,0,0,185640000,0,0,0,0,0,0,185640000,560000,0,0,0,0,0,0,0,0,0,0,2245360000,0,0,0,0,0,0
"FRO",0,0,0,0,0,0,0,0,0,0,0,0,0,0,0,0,0,0,0,0,0,0,0,0,0,0,0,0,0,0,0,0,0,0,0,0,0,0,0,0,0,0,0,0,0,0,0,0,0,0,0,0,0,0,0,0,0,0,0,0,0,0,0,0,0,0,0,0,0,0,0,0,0,0,0,0,0,0,0,0,0,0,0,0,0,0,0,0,0,0,0,0,0,0,0,0,0,0,0,0,0,0,0,0,0,0,0,0,0,0,0,0,0,0,0,0,0,0,0,0,0,0,0,0,0,0,0,0,0,0,0,0,0,0,0,0,0,0,0,0,0,0,0,0,0,0,0,0,0,0,0,0,0,0,0,0,0,0,0,0,0,0,0,0,0,0,0,0,0,0,0,0,0,0,0,0,0,0,0,0,0,0,0,0,0,0,0,0,0,0,0,0,0,0,0
"FJI",0,0,0,0,0,0,141440000,0,0,0,0,0,0,0,0,0,0,0,0,35360000,0,0,0,0,0,560000,0,0,0,0,0,0,0,0,0,70720000,0,0,0,0,0,0,0,0,0,0,0,0,0,0,0,0,0,0,0,0,0,0,0,0,0,0,335920000,0,0,0,0,0,0,0,0,0,0,0,0,0,0,0,0,0,0,0,0,0,0,0,0,0,0,0,0,0,0,0,0,0,0,0,0,0,0,0,0,0,0,0,0,0,0,0,0,0,0,0,0,0,0,0,0,0,9960000,629880000,0,0,0,0,0,0,0,309400000,0,0,0,0,0,0,0,0,0,0,0,0,0,0,0,0,0,0,0,0,0,0,0,0,0,0,0,0,0,0,0,0,0,0,0,0,0,0,100040000,0,0,0,0,0,0,153080000,0,0,327080000,0,0,0,0,0,0,0,0,0,0,0,0,0,0,0,0
"FIN",0,0,0,0,0,0,0,0,0,0,0,0,0,0,0,0,0,0,0,0,0,0,0,0,0,0,0,0,0,0,0,0,0,0,0,0,0,0,0,0,0,0,0,0,0,0,0,0,0,3360000,0,0,0,0,0,0,0,0,0,0,0,0,0,0,0,0,0,0,0,0,0,0,0,0,0,0,0,0,0,0,0,0,0,0,0,0,0,0,0,0,0,0,0,0,0,0,0,0,0,1120000,0,0,0,0,0,0,0,0,0,0,0,0,0,0,0,0,125280000,0,0,0,0,0,0,0,0,0,0,0,0,0,0,0,0,0,0,0,0,0,0,0,0,0,2800000,0,0,0,0,0,0,0,0,0,0,0,0,0,0,0,0,0,0,0,0,0,0,0,0,0,0,0,0,0,0,0,0,0,0,0,0,0,0,0,0,0,0,0,0,0,0,0,0,0,0,0,0
"FRA",20100000,0,0,103871680000,0,0,2376080000,5276810000,0,0,0,6.63e+08,0,0,0,0,0,0,0,0,0,0,0,0,575160000,39570000,0,0,0,35920000,0,3350000,0,141440000,150280000,0,0,0,0,0,26520000,11180000,0,0,0,0,0,2324920000,0,549400000,0,0,15540000,0,2899520000,0,0,35360000,0,73574720000,0,777920000,0,67200000,0,0,0,0,0,0,0,17680000,67470000,0,0,0,0,26520000,0,81280840000,0,62996540000,370620000,0,0,0,0,335920000,0,0,0,0,0,0,0,460890000,0,0,0,0,0,0,0,0,0,8840000,1286880000,691650000,49590000,26520000,0,155680000,0,0,0,0,163599770000,0,292840000,0,0,2579500000,0,804440000,560000,471610000,0,0,35360000,0,0,0,0,230500000,335444850000,0,0,0,0,0,456750000,0,578410000,0,208800000,0,0,16010000,44334370000,0,0,0,0,8380320000,0,0,114838830000,0,335920000,0,34450000,62864370000,0,0,0,0,0,548080000,0,0,0,2800000,54597030000,1120000,0,0,578546710000,13400000,132230000,698360000,0,3350000,0,0,0,0,0,0,65824950000,294680000,83750000,0,27110000,0,3173560000
"PYF",0,0,0,0,0,0,0,0,0,0,0,0,0,0,0,0,0,0,0,0,0,0,0,0,0,0,0,0,0,0,0,0,0,0,0,0,0,0,0,0,0,0,0,0,0,0,0,0,0,0,0,0,0,0,0,0,0,0,0,0,0,0,0,0,0,0,0,0,0,0,0,0,0,0,0,0,0,0,0,0,0,0,0,0,0,0,0,0,0,0,0,0,0,0,0,0,0,0,0,0,0,0,0,0,0,0,0,0,0,0,0,0,0,0,0,0,0,0,0,0,0,0,0,0,0,0,0,0,0,0,0,0,0,0,0,0,0,0,0,0,0,0,0,0,0,0,0,0,0,0,0,0,0,0,0,0,0,0,0,0,0,0,0,0,0,0,0,0,0,0,0,0,0,0,0,0,0,0,0,0,0,0,0,0,0,0,0,0,0,0,0,0,0,0,0
"DJI",0,0,0,0,0,0,0,0,0,0,0,0,0,0,0,0,0,0,0,0,0,0,0,0,0,0,0,0,0,0,0,0,0,0,0,0,0,0,0,0,0,0,0,0,0,0,0,0,0,0,0,0,0,0,0,0,0,0,0,0,0,0,0,0,0,0,0,0,0,0,0,0,0,0,0,0,0,0,0,0,0,0,0,0,0,0,0,0,0,0,0,0,0,0,0,0,0,0,0,0,0,0,0,0,0,0,0,0,0,0,0,0,0,0,0,0,0,0,0,0,0,0,0,0,0,0,0,0,0,0,0,0,0,0,0,0,0,0,0,0,0,0,0,0,0,0,0,0,0,0,0,0,0,0,0,0,0,0,0,0,0,0,0,0,0,0,0,0,0,0,0,0,0,0,0,0,0,0,0,0,0,0,0,0,0,0,0,0,0,0,0,0,0,0,0
"GEO",30569930000,0,0,0,0,0,0,0,0,0,0,0,0,0,0,0,0,0,0,0,0,0,0,0,0,0,0,0,0,0,0,0,0,0,0,0,0,0,0,7347150000,0,0,0,0,0,0,0,0,0,0,0,0,0,0,0,0,0,0,0,0,0,0,0,0,0,0,0,0,0,0,0,0,0,0,0,0,0,0,0,0,0,0,0,0,0,0,0,0,0,0,0,0,0,0,0,0,0,0,0,0,0,0,0,0,0,0,0,0,0,0,0,0,0,0,0,0,0,0,0,0,0,0,0,0,0,0,0,0,21466320000,0,0,0,0,0,0,0,0,0,0,0,0,0,0,0,0,0,0,0,0,0,0,0,0,0,0,0,0,0,0,0,0,0,0,0,0,0,0,0,0,0,0,0,57420000,0,0,0,0,0,0,0,0,0,0,0,0,0,0,0,0,0,0,0,0,0,0
"GAB",0,0,0,0,0,0,0,0,0,0,0,0,0,0,0,0,0,0,0,0,0,0,0,0,0,0,0,0,0,0,0,0,0,0,0,0,0,0,0,0,0,0,0,0,0,0,0,0,0,0,0,0,0,0,0,0,0,0,0,0,0,0,0,0,0,0,0,0,0,0,0,0,0,0,0,0,0,0,0,0,0,0,0,0,0,0,0,0,0,0,0,0,0,0,0,0,0,0,0,0,0,0,0,0,0,0,0,0,0,0,0,0,0,0,0,0,0,0,0,0,0,0,0,0,0,0,0,0,0,0,0,0,0,0,0,0,0,0,0,0,0,0,0,0,0,0,0,0,0,0,0,0,0,0,0,0,0,0,0,0,0,0,0,0,0,0,0,0,0,0,0,0,0,0,0,0,0,0,0,0,0,0,0,0,0,0,0,0,0,0,0,0,0,0,0
"GMB",0,0,0,0,0,0,0,0,0,0,0,0,0,0,0,0,0,0,0,0,0,0,0,0,0,0,0,0,0,0,0,0,0,0,0,0,0,0,0,0,0,0,0,0,0,0,0,0,0,0,0,0,0,0,0,0,0,0,0,0,0,0,0,0,0,0,0,0,0,0,0,0,0,0,0,0,0,0,0,0,0,0,0,0,0,0,0,0,0,0,0,0,0,0,0,0,0,0,0,0,0,0,0,0,0,0,0,156600000,0,0,0,0,0,0,0,0,0,0,0,0,0,0,0,0,0,0,0,0,0,0,0,0,0,0,0,0,0,0,0,0,0,0,0,0,0,0,0,0,79383150000,0,0,0,0,0,0,0,0,0,0,0,0,0,0,0,0,0,0,0,0,0,0,0,0,0,0,0,0,0,0,0,0,0,0,0,0,0,0,0,0,0,0,0,0,0,0
"DEU",1120000,6160000,0,1433114280000,0,2806760000,141560000,1001613820000,0,0,0,371280000,0,0,0,0,334660000,0,0,0,0,11570000,0,0,8840000,158010000,0,0,8840000,0,23490000,86260000,0,0,0,0,0,0,1120000,4567280000,0,1450052370000,0,2800000,4576340000,0,55320720000,0,0,6536750000,0,0,112362840000,488832150000,0,0,2800000,0,118280000,0,176800000,0,0,1618110000,0,0,560000,0,0,1680000,0,29437200000,417776740000,2097040000,44634850000,118439920000,52200000,185640000,0,209151410000,1909440000,28798790000,0,1120000,0,0,9960000,0,0,0,0,2395810000,8374830000,22581660000,0,67652520000,0,1120000,1120000,28640470000,0,0,0,98360000,35360000,0,30150000,0,0,128900000,0,1937736840000,0,15670000,0,0,670851190000,0,0,18240000,0,8840000,0,0,560000,62356620000,0,0,1893931250000,0,10440000,0,0,1067966980000,405930000,0,0,0,0,0,5463880000,0,334378790000,0,0,0,0,1.4586e+10,0,0,0,5272330000,169647130000,79560000,0,1297322030000,211082960000,0,0,0,47505240000,30342590000,9960000,0,170570000,8778120000,79560000,0,0,0,0,261513720000,797030500000,23360000,0,0,330979500000,2678440000,615270000,0,0,4567500000,0,0,0,0,0,0,26128520000,3.328e+09,166850000,0,0,0,0
"BIH",0,0,0,0,0,0,0,1993500000,0,0,0,0,0,0,0,0,0,0,0,0,0,0,0,0,0,0,0,0,0,0,0,0,0,0,0,0,0,0,0,0,0,0,0,0,0,0,0,0,0,0,0,0,0,0,0,0,0,0,0,1944800000,0,0,0,0,0,0,0,0,0,0,0,0,424320000,34932920000,0,0,0,0,0,0,0,0,0,0,0,0,0,0,0,0,0,0,0,0,0,0,0,0,0,0,0,0,0,0,0,0,0,0,0,0,0,0,0,0,0,0,0,0,0,0,0,0,0,0,0,0,0,0,0,0,0,0,0,0,0,0,0,0,0,0,2.21e+08,0,0,0,0,0,0,0,0,0,0,16870090000,0,0,0,0,0,0,0,0,0,0,0,0,0,0,0,0,0,0,0,0,0,0,0,0,0,0,0,0,0,0,0,0,0,0,0,0,0,0,57666260000,0,0,0,0
"GHA",0,0,0,0,0,0,0,0,0,0,0,0,0,0,0,0,0,0,0,0,0,0,0,0,0,3350000,0,0,0,0,0,0,0,0,0,0,0,0,0,0,0,0,0,0,0,0,0,0,0,0,0,0,0,147400000,0,0,0,0,0,0,0,0,0,0,0,0,0,0,0,0,0,0,0,0,0,0,0,0,0,0,0,1566100000,1964740000,0,0,0,0,0,0,0,0,0,0,0,0,0,0,10050000,0,0,0,0,0,0,0,0,0,0,0,0,0,0,0,0,0,0,0,0,0,0,0,0,0,278050000,1.34e+08,0,0,0,0,0,0,0,0,0,0,0,0,0,0,0,0,0,0,0,0,0,0,0,311550000,0,0,0,0,0,0,0,187920000,0,0,0,0,0,0,0,0,0,0,117250000,0,0,0,0,0,0,0,0,0,0,44200000,345050000,0,0,0,0,0,0,0,0,0,0,0,0,0,0,0
"KIR",0,0,0,0,0,0,0,0,0,0,0,0,0,0,0,0,0,0,0,0,0,0,0,0,0,0,0,0,0,0,0,0,0,0,0,0,0,0,0,0,0,0,0,0,0,0,0,0,0,0,0,0,0,0,0,0,0,0,0,0,0,0,0,0,0,0,0,0,0,0,0,0,0,0,0,0,0,0,0,0,0,0,0,0,0,0,0,0,0,0,0,0,0,0,0,0,0,0,0,0,0,0,0,0,0,0,0,0,0,0,0,0,0,0,0,0,0,0,0,0,0,0,0,0,0,0,0,0,0,0,0,0,0,0,0,0,0,0,0,0,0,0,0,0,0,0,0,0,0,0,0,0,0,0,0,0,0,0,0,0,0,0,0,0,0,0,0,0,0,0,0,0,0,0,0,0,0,0,0,0,0,0,0,0,0,0,0,0,0,0,0,0,0,0,0
"GRC",0,0,42412460000,0,0,0,0,0,0,0,0,0,0,0,0,0,0,0,0,0,0,19198660000,0,0,0,0,0,0,0,0,0,0,0,0,0,0,0,0,73034340000,0,0,0,0,0,0,0,0,0,0,0,0,0,0,0,0,0,0,0,0,7830000,0,0,0,0,0,0,0,0,0,0,0,0,0,0,0,99180000,0,0,0,0,39956800000,117250000,0,0,0,0,0,0,0,0,0,0,0,0,0,7752680000,0,0,0,0,0,0,0,0,0,0,5353110000,0,0,0,0,0,0,0,0,0,0,0,0,113695890000,0,0,0,0,0,0,0,0,0,0,0,0,0,0,0,0,0,0,0,0,80910000,0,0,0,0,0,0,0,0,0,0,0,0,0,0,0,0,0,0,0,0,0,0,0,0,0,0,0,0,0,0,0,0,0,0,0,0,0,140700000,0,0,0,0,0,0,0,0,0,0,0,239800000,0,0,0,8000200000
"GRL",0,0,0,0,0,0,0,0,0,0,0,0,0,0,0,0,0,0,0,0,0,0,0,0,0,0,0,0,0,0,0,0,0,0,0,0,0,0,0,0,0,0,0,0,0,0,0,0,0,0,0,0,0,0,0,0,0,0,0,0,0,0,0,0,0,0,0,0,0,0,0,0,0,0,0,0,0,0,0,0,0,0,0,0,0,0,0,0,0,0,0,0,0,0,0,0,0,0,0,0,0,0,0,0,0,0,0,0,0,0,0,0,0,0,0,0,0,0,0,0,0,0,0,0,0,0,0,0,0,0,0,0,0,0,0,0,0,0,0,0,0,0,0,0,0,0,0,0,0,0,0,0,0,0,0,0,0,0,0,0,0,0,0,0,0,0,0,0,0,0,0,0,0,0,0,0,0,0,0,0,0,0,0,0,0,0,0,0,0,0,0,0,0,0,0
"GRD",0,0,0,0,0,0,0,0,0,0,0,0,0,0,0,0,0,0,0,0,0,0,0,0,0,0,0,0,0,0,0,0,0,0,0,0,0,0,0,0,0,0,0,0,0,0,0,0,0,0,0,0,0,0,0,0,0,0,0,0,0,0,0,0,0,0,0,0,0,0,0,0,0,0,0,0,0,0,0,0,0,0,0,0,0,0,0,0,0,0,0,0,0,0,0,0,0,0,0,0,0,0,0,0,0,0,0,0,0,0,0,0,0,0,0,0,0,0,0,0,0,0,0,0,0,0,0,0,0,0,0,0,0,0,0,0,0,0,0,0,0,0,0,0,0,0,0,0,0,0,0,0,0,0,0,0,0,0,0,0,0,0,0,0,0,0,0,0,0,0,0,0,0,0,0,0,0,0,0,0,0,0,0,0,0,0,0,0,0,0,0,0,0,0,0
"GTM",0,0,0,0,0,0,0,0,0,0,0,0,0,0,0,0,0,0,353600000,0,0,0,0,0,0,0,0,0,0,0,0,0,0,0,0,0,273960000,0,0,0,0,0,0,3360000,0,0,0,162735880000,0,0,0,0,0,0,0,0,0,0,0,0,0,0,0,0,0,0,0,0,0,0,919290000,0,0,0,0,0,0,0,0,0,0,0,0,0,0,0,0,0,0,0,0,0,0,0,0,0,0,0,0,0,0,0,0,0,0,0,0,0,0,0,0,0,0,0,0,0,0,0,0,0,0,0,586830000,0,0,0,0,45773520000,0,0,0,0,0,0,0,0,0,0,0,0,0,0,0,0,0,0,0,0,0,0,0,0,0,0,0,0,0,0,0,0,0,0,0,0,0,0,0,0,0,0,0,0,0,0,0,0,0,0,750530000,0,0,0,3065250000,0,0,0,0,0,0,0,0,0,0,0,0
"GIN",0,0,0,0,0,0,0,0,0,0,0,0,0,0,0,0,0,0,0,0,0,0,0,0,0,0,0,0,0,0,0,0,0,0,0,0,0,0,0,0,0,0,0,0,0,0,0,0,0,0,0,0,0,0,0,0,0,0,0,0,0,0,0,0,0,0,0,0,0,0,0,0,0,0,0,0,0,0,0,0,0,0,0,0,0,0,0,0,0,0,0,0,0,0,0,0,0,0,0,0,0,0,0,0,0,0,0,0,0,0,0,0,0,0,0,0,0,0,0,0,0,0,0,0,0,0,0,0,0,0,0,0,0,0,0,0,0,0,0,0,0,0,0,0,0,0,0,0,0,0,0,0,0,0,0,0,0,0,0,0,0,0,0,0,0,0,0,0,0,0,0,0,0,0,0,0,0,0,0,0,0,0,0,0,0,0,0,0,0,0,0,0,0,0,0
"GUY",0,0,0,0,0,0,0,0,0,0,1680000,0,0,0,0,0,0,0,0,0,0,0,0,0,0,560000,0,0,0,0,0,0,0,0,0,0,0,0,0,0,0,0,0,0,0,0,0,0,0,0,0,0,0,0,0,0,0,0,0,0,0,0,0,0,0,0,0,0,0,0,0,0,0,0,0,0,0,0,0,0,0,0,0,0,0,0,0,0,0,0,0,0,0,0,0,0,0,0,0,0,0,0,0,0,0,0,0,0,0,0,0,0,0,0,0,0,0,0,0,0,0,0,0,0,0,0,0,0,0,0,0,0,0,0,0,0,0,0,0,0,0,0,0,0,0,0,0,0,0,0,0,0,0,0,0,0,0,0,0,0,0,0,0,0,0,0,0,0,0,26100000,0,0,0,0,0,0,0,0,0,0,0,0,0,0,0,0,0,0,0,0,0,0,0,0,0
"HTI",0,0,0,0,0,0,0,0,0,0,0,0,0,0,0,0,0,0,0,0,0,0,0,0,0,0,0,0,0,0,0,0,0,0,0,0,0,0,0,0,0,0,0,0,0,0,0,0,0,0,0,0,0,0,0,0,0,0,0,0,0,0,0,0,0,0,0,0,0,0,0,0,0,0,0,0,0,0,0,0,0,0,0,0,0,0,0,0,0,0,0,0,0,0,0,0,0,0,0,0,0,0,0,0,0,0,0,0,0,0,0,0,0,0,0,0,0,0,0,0,0,0,0,0,0,0,0,0,0,0,0,0,0,0,0,0,0,0,0,0,0,0,0,0,0,0,0,0,0,0,0,0,0,0,0,0,0,0,0,0,0,0,0,0,0,0,0,0,0,0,0,0,0,0,0,0,0,0,0,0,0,0,0,0,0,0,0,0,0,0,0,0,0,0,0
"HND",0,0,0,0,0,0,0,0,0,0,0,0,0,0,0,0,0,0,0,0,0,0,0,0,0,0,0,0,0,0,0,0,0,0,0,0,0,0,0,0,0,0,0,0,0,0,0,13440000,0,0,0,0,0,0,0,0,0,0,0,0,0,0,0,0,0,0,339220000,0,0,0,0,0,0,0,0,0,0,0,0,0,0,0,0,0,0,0,0,0,0,0,0,0,0,0,0,0,0,0,0,0,0,0,0,0,0,0,0,0,0,10080000,0,0,0,0,0,0,0,0,0,0,0,0,2240000,0,0,0,0,0,0,0,0,0,0,0,0,0,0,0,0,0,0,0,0,0,0,0,0,0,0,0,0,0,0,0,0,0,3350000,0,0,0,0,0,0,0,0,0,0,0,0,0,0,0,0,0,0,0,0,0,560000,0,0,0,0,0,0,0,0,0,0,0,0,0,0,0,0
"HKG",0,0,0,0,0,53200000,777840000,0,560000,77840000,0,0,0,0,38640000,0,80640000,0,0,5040000,2240000,0,0,0,0,676370000,0,0,0,0,58800000,130968080000,215040000,0,0,0,73920000,0,4480000,1120000,0,18480000,0,0,0,28560000,5600000,50400000,0,0,0,2800000,1680000,1.82e+08,0,0,0,0,0,82320000,0,144800000,0,0,0,0,124880000,0,39760000,0,172480000,0,0,0,0,108640000,48120000,0,0,73920000,49840000,31920000,0,0,108640000,20480000,0,0,0,12880000,7840000,812560000,16240000,0,0,6160000,0,0,0,0,97645060000,37520000,0,159040000,0,0,0,0,1.4e+07,0,0,0,0,0,0,0,243600000,0,0,0,4480000,73920000,2240000,0,23520000,75480000,0,203280000,0,1680000,560000,296240000,727200000,0,0,0,0,0,0,0,0,0,7280000,0,0,0,0,0,0,560000,0,0,0,208060000,0,170240000,116640000,16800000,0,0,5.6e+07,0,0,0,482920000,0,144800000,1120000,0,376320000,107520000,0,22400000,44240000,0,0,4502400000,0,15274140000,0,28560000,0,23520000,2079540000,0,0,0,0,67760000,0,0,0,0,0,0
"HUN",5220000,0,0,0,0,0,0,104101300000,0,0,0,0,0,0,0,0,0,0,0,0,0,0,0,0,0,0,0,0,0,0,0,0,0,0,0,0,0,0,0,560000,0,0,0,0,0,0,0,0,0,0,0,0,0,0,0,0,0,0,0,11742390000,18017300000,0,0,796050000,0,0,0,0,0,0,0,0,0,677430000,0,0,0,0,0,0,0,53720970000,0,0,0,0,0,0,0,0,0,0,0,0,0,0,0,0,0,0,0,0,0,0,0,0,0,0,0,0,0,0,0,250560000,0,0,28525600000,0,0,0,0,0,0,0,0,0,0,0,0,0,0,0,0,4567670000,0,0,0,0,0,0,103393200000,0,409770000,0,0,0,0,0,0,0,0,2415910000,40271770000,0,0,0,0,0,0,0,6700000,12105010000,0,0,0,0,0,0,0,0,0,0,0,0,0,0,0,122670000,0,0,0,0,0,0,0,0,0,0,24765590000,0,38018840000,0,0,0,0
"HRV",0,0,0,0,0,0,0,5571050000,0,0,0,0,0,0,0,0,0,0,0,0,0,0,0,0,0,0,0,0,0,0,0,0,0,0,0,0,0,0,0,0,0,0,0,0,0,0,0,0,0,0,0,0,0,0,0,0,0,0,0,176340000,93075120000,0,0,68216510000,0,0,0,0,0,0,0,0,8166510000,0,0,0,0,0,0,0,0,96968340000,0,0,0,0,0,0,0,0,0,0,0,0,0,0,0,0,0,0,0,0,0,0,0,0,0,0,0,0,0,0,0,0,0,0,0,0,0,576810000,0,0,0,0,0,0,0,0,83750000,0,0,0,0,0,0,0,0,0,0,0,0,0,0,0,0,0,0,0,0,0,0,7992060000,110550000,0,0,0,0,0,0,0,8840000,3960320000,0,0,0,0,0,0,0,0,0,0,0,0,0,0,0,0,0,0,0,0,0,0,0,0,0,0,14140350000,0,124237490000,70720000,0,0,0
"ISL",0,0,0,0,0,0,0,0,0,0,0,0,0,0,0,0,0,0,0,0,0,0,0,0,0,0,0,0,0,0,0,0,0,0,0,0,0,0,0,0,0,0,0,0,0,0,0,0,0,0,8840000,0,0,0,0,0,0,0,0,0,0,0,0,0,0,0,0,0,0,0,0,0,0,0,0,0,0,0,0,0,0,0,0,0,0,0,0,0,0,0,0,0,0,0,0,0,0,0,0,0,0,0,0,0,0,0,0,0,0,0,0,0,0,0,0,0,0,0,0,0,0,0,0,0,0,0,0,0,0,0,0,0,0,0,0,0,0,0,0,0,0,0,0,0,0,0,0,0,0,0,0,0,0,0,0,0,0,0,0,0,0,0,0,0,0,0,0,0,0,0,0,0,0,0,0,0,0,0,0,0,0,0,0,0,0,0,0,0,0,0,0,0,0,0,0
"IND",0,0,0,115930000,0,212160000,2242370000,742380000,0,24672630000,0,1455536570000,0,0,0,857600000,0,0,0,0,9385560000,2766600000,488740770000,0,4956390000,119791900000,0,0,602196750000,0,0,37418170000,0,0,195750000,0,0,0,0,0,33500000,3350000,0,0,0,0,40626500000,0,2610000,1680000,0,103850000,0,1498287920000,0,2086240000,801270000,0,0,11754370000,0,10985490000,0,140702440000,0,0,0,0,0,0,0,129330000,0,297584370000,0,0,948184290000,4434628010000,25612670000,516780000,343930000,290156160000,1252800000,0,0,3198115540000,355620000,0,79030200000,125112960000,53518050000,1006457200000,273160480000,0,0,195750000,0,0,0,1.73565e+11,0,13099590000,0,84540080000,2610000,0,0,0,2337250000,99180000,0,304850000,79727590000,0,0,496434870000,254895580000,0,11113380000,0,0,10115570000,0,0,43676890000,187530000,1949163540000,0,19600000,0,0,0,119757040000,1680000,0,0,0,0,4526920000,2792700000,5.481e+10,0,44837760000,0,0,0,0,125774830000,0,1155840000,0,0,0,270834570000,0,991530000,17837790000,0,0,0,1673750000,5307770000,156600000,182700000,119175060000,14369560000,2320588630000,0,0,284480000,209726500000,0,300057790000,515613880000,0,0,19947800000,0,224804640000,0,0,0,0,2065805880000,2753830000,20798230000,99180000,401940000,767979550000,0,0,0,9385670000,0,0
"IDN",0,0,0,0,0,0,2011520000,1120000,0,1680000,0,0,0,0,0,0,0,0,0,0,482160000,0,2805440000,0,0,122080000,0,0,7775190000,0,0,47040000,0,0,0,0,0,0,0,0,0,0,0,0,0,0,17920000,0,0,0,0,0,1120000,1120000,0,0,0,0,0,12880000,0,0,0,0,0,0,0,0,0,0,0,181440000,0,0,0,6457130000,0,0,0,0,0,0,0,0,0,8.4e+07,0,0,0,0,0,73920000,101360000,0,0,0,0,0,0,0,0,0,0,1420030000,0,0,0,0,0,0,0,0,0,0,0,0,1918560000,0,560000,0,0,108640000,0,0,0,52640000,0,0,145040000,12880000,0,0,163520000,3920000,0,0,4682260000,0,64960000,0,0,0,0,0,0,0,0,2361520000,0,0,560000,0,0,521730000,0,560000,0,560000,0,0,0,560000,0,0,236880000,12320000,1120000,0,10640000,0,10080000,0,0,292880000,0,0,40320000,0,690480000,0,0,0,0,0,0,0,0,0,0,0,0,0,0,0,0
"IRN",0,0,0,0,0,0,0,0,0,0,0,0,0,0,0,0,0,0,0,0,0,0,0,0,0,0,0,0,0,0,0,0,0,0,0,0,0,0,0,0,0,0,0,0,0,0,0,0,0,0,0,0,0,0,0,0,0,0,0,0,0,0,0,0,0,0,0,0,0,0,0,0,0,0,0,0,0,0,0,0,0,0,0,0,0,0,0,0,0,0,0,0,0,0,0,0,0,0,0,0,0,0,0,0,0,0,0,0,0,0,0,0,0,0,0,0,0,0,0,0,0,0,0,0,0,0,0,0,0,0,0,0,0,0,0,0,0,0,0,0,0,0,0,0,0,0,0,0,0,0,0,0,0,0,0,0,0,0,0,0,0,0,0,0,0,0,0,0,0,0,0,0,0,0,0,0,0,0,0,0,0,0,0,0,0,0,0,0,0,0,0,0,0,0,0
"IRQ",0,0,0,0,0,0,0,0,0,0,0,0,0,0,0,0,0,0,0,0,0,0,0,0,0,0,0,0,0,0,0,0,0,0,0,0,0,0,0,0,0,0,0,0,0,0,0,0,0,0,0,0,0,0,0,0,0,0,0,0,0,0,0,0,0,0,0,0,0,0,0,0,0,0,0,0,0,0,0,0,0,0,0,0,0,0,0,0,0,0,0,0,0,0,0,0,0,0,0,0,0,0,0,0,0,0,0,0,0,0,0,0,0,0,0,0,0,0,0,0,0,0,0,0,0,0,0,0,0,0,0,0,0,0,0,0,0,0,0,0,0,0,0,0,0,0,0,0,0,0,0,0,0,0,0,0,0,0,0,0,0,0,0,0,0,0,0,0,0,0,0,0,0,0,0,0,0,0,0,0,0,0,0,0,0,0,0,0,0,0,0,0,0,0,0
"IRL",0,0,0,0,0,0,1680000,0,0,0,0,0,0,0,0,0,0,0,0,0,0,0,0,0,0,0,0,0,0,0,0,0,0,0,0,0,0,0,0,0,0,0,0,0,0,0,0,0,0,0,0,0,0,7770220000,0,0,0,0,0,0,0,17680000,0,0,0,0,0,0,0,0,0,0,0,0,0,0,0,0,0,0,0,0,0,0,0,0,0,0,0,0,0,0,0,0,0,0,0,0,0,0,0,0,0,0,0,0,0,0,0,0,0,0,0,0,0,0,2828800000,0,0,0,0,0,0,0,0,8840000,0,0,0,0,0,0,0,0,0,0,0,0,0,0,0,0,0,0,0,0,0,0,0,0,0,0,0,0,0,0,0,0,0,0,1.4e+07,0,0,0,0,0,0,0,0,0,0,0,0,0,0,0,40552060000,0,0,0,0,0,0,0,0,0,0,0,0,0,0,0,0,0,0
"ISR",0,0,0,0,0,70720000,0,0,0,0,0,0,0,0,0,0,0,0,0,0,0,0,0,0,0,0,0,0,0,0,123760000,0,0,0,0,0,0,0,0,0,0,0,0,159120000,0,0,0,0,560000,0,0,0,0,3910000,0,0,8840000,0,0,17680000,0,0,0,0,0,0,0,0,0,0,0,0,8840000,0,0,0,0,0,0,0,0,0,0,0,0,0,7020900000,0,0,0,0,0,0,0,0,0,0,0,0,0,0,0,0,0,0,0,0,0,0,0,0,0,0,0,0,0,0,0,0,0,0,0,0,0,0,0,0,0,0,0,0,0,0,0,0,0,0,0,0,0,0,0,0,0,0,0,0,0,0,0,0,0,0,0,0,0,0,0,0,0,0,0,0,0,0,0,0,0,0,0,0,0,0,0,0,0,0,0,293700000,0,0,0,0,0,0,0,0,0,0,0,0,0,0,0,0
"ITA",0,0,43330440000,377167440000,0,0,18240000,331506690000,0,0,0,998920000,0,0,0,0,0,0,0,0,0,185640000,0,0,2439840000,2240000,0,0,35360000,0,0,138200000,0,0,618800000,0,0,0,67020600000,0,0,32070510000,0,0,8840000,0,0,0,0,45690000,0,0,495660000,79865160000,0,0,8840000,0,0,151395770000,62640000,0,0,58918570000,0,0,0,0,0,0,0,1120000,88786350000,30587160000,0,0,8840000,0,0,0,17904420000,0,0,0,0,44320000,0,0,247520000,0,8840000,26520000,0,0,0,10329280000,0,0,63650000,0,0,0,0,0,0,0,3730390000,0,0,0,0,120869320000,26520000,0,0,0,21008270000,0,0,0,0,0,0,0,88400000,1770530000,0,8840000,614490000,0,0,0,560000,2536580000,206340000,0,0,724880000,56950000,0,46539450000,0,72680000,0,0,0,0,1120000,0,0,560000,114738060000,6551740000,0,0,0,62091410000,0,0,0,49417950000,51640060000,0,0,29320000,0,0,0,0,0,0,86676200000,19651700000,560000,0,0,12127620000,0,701750000,0,0,0,560000,0,0,0,114920000,0,16220880000,0,54285390000,0,132600000,0,0
"CIV",0,0,0,0,0,0,0,0,0,0,0,0,0,0,0,0,0,0,0,0,0,0,0,0,0,0,0,0,0,0,0,0,0,0,0,0,0,0,0,0,0,0,0,0,0,0,0,0,0,0,0,0,0,0,0,0,0,0,0,0,0,224460000,0,0,0,0,0,0,0,0,0,103850000,0,0,0,140700000,0,0,0,0,0,0,0,0,0,0,0,0,0,0,0,0,0,0,0,0,0,0,0,0,0,0,0,0,0,770500000,0,0,0,0,0,0,0,0,0,0,0,0,0,0,0,0,0,0,0,0,0,0,0,0,0,0,0,0,0,0,0,0,0,0,0,0,0,0,0,0,0,0,33500000,0,0,0,0,0,0,0,0,0,0,0,0,0,0,0,0,0,0,0,0,0,0,0,0,0,0,0,0,0,0,0,0,0,0,123950000,0,0,0,0,0,0,0,0,0,0,0
"KAZ",0,0,0,0,0,0,0,0,0,0,0,0,0,0,0,0,0,0,0,0,0,0,0,0,0,0,0,0,0,0,0,0,0,0,0,0,0,0,0,0,0,0,0,0,0,0,0,0,0,0,0,0,0,0,0,0,0,0,0,33053040000,0,0,0,0,0,0,0,0,0,0,0,0,0,0,0,0,0,0,0,0,0,0,0,0,0,0,0,32757790000,0,0,0,0,0,0,0,0,0,0,0,0,0,0,0,0,0,0,0,0,0,0,0,0,0,0,0,0,33285600000,0,0,0,0,0,0,0,0,0,0,0,0,0,0,0,0,0,0,0,0,0,0,0,0,0,3596140000,0,0,0,0,0,0,0,0,0,0,0,0,0,0,0,33259300000,0,40303850000,0,0,0,0,0,0,0,0,0,0,0,5376750000,1.305e+10,0,0,0,0,0,0,0,162335740000,0,0,0,0,0,0,0,0,0,0,0,0,0
"JAM",0,0,0,0,1120000,0,0,0,0,0,1120000,0,0,0,0,0,0,0,1120000,0,0,0,0,0,0,0,0,0,0,0,0,0,0,0,0,0,0,0,0,0,0,0,0,0,0,0,0,0,0,0,0,0,0,0,0,0,0,0,0,0,0,0,0,0,0,1680000,0,0,1680000,0,0,0,0,0,0,0,0,0,0,0,0,0,0,0,0,0,0,0,0,0,0,0,0,0,0,0,0,0,0,0,0,0,0,0,0,0,0,0,0,0,0,0,0,0,0,0,0,0,0,0,0,0,0,0,0,0,0,0,0,0,0,0,0,0,0,0,0,0,0,0,0,0,0,0,0,0,0,0,0,0,0,0,0,0,0,0,0,0,0,0,0,0,0,0,0,0,0,0,0,1120000,0,0,0,0,0,0,0,0,72800000,0,0,0,0,0,0,0,0,0,0,0,0,0,0,0,0
"JPN",0,0,0,0,0,35660000,2944340000,240240000,0,5120000,0,0,0,0,1120000,0,97920000,0,0,0,0,0,97240000,0,0,1701640000,0,0,1120000,0,560000,1832920000,3360000,0,0,0,0,0,0,0,0,368200000,0,0,9520000,0,23880000,0,0,0,0,560000,2240000,2378500000,0,0,0,0,0,1323170000,0,0,0,0,0,0,0,0,0,0,0,5972040000,0,0,0,19160000,524320000,0,0,0,448490000,401750000,0,0,0,0,10640000,0,0,10720000,0,4565830000,16280000,24640000,0,59420000,0,0,0,30800000,172620000,0,0,620460000,0,0,0,0,0,6820000,17360000,0,0,0,0,1120000,1644040000,0,6720000,0,0,711500000,0,0,1120000,37520000,0,0,88960000,0,0,0,974600000,97640000,290780000,0,0,0,14200000,0,0,0,155680000,0,0,0,0,14680000,0,0,0,0,2240000,1932020000,0,109760000,347680000,0,0,0,628520000,141080000,0,0,2099160000,0,2234940000,0,0,0,1140000,0,7840000,184600000,0,0,2582840000,350060000,11988920000,0,0,0,53760000,555680000,0,0,0,560000,259900000,0,7340000,0,0,0,0
"JOR",0,0,0,0,0,0,0,0,0,0,0,0,0,0,0,0,0,0,0,0,0,0,0,0,0,0,0,0,0,0,0,0,0,0,0,0,0,0,0,0,0,0,0,0,0,0,1.326e+09,0,0,0,0,0,0,0,0,0,0,0,0,0,0,0,0,0,0,0,0,0,0,0,0,0,0,0,0,96570000,0,0,10207700000,0,0,0,0,0,0,0,0,0,0,0,0,0,415480000,0,0,88400000,0,0,0,0,0,0,0,0,0,0,0,0,0,0,0,0,0,0,0,0,0,0,0,0,0,0,0,0,0,0,0,0,0,0,0,0,0,0,0,0,0,0,88400000,0,0,0,0,0,0,0,0,0,0,0,0,0,0,0,0,0,0,0,0,0,0,0,0,0,0,0,0,0,0,0,0,0,0,0,0,0,0,0,0,0,0,0,0,0,0,238680000,0,0,0,0,0,0,0,0,0
"KGZ",0,0,0,0,0,0,0,0,0,0,0,0,0,0,0,0,0,0,0,0,0,0,0,0,0,0,0,0,0,0,0,0,0,0,0,0,0,0,0,0,0,0,0,0,0,0,0,0,0,0,0,0,0,0,0,0,0,0,0,0,0,0,0,0,0,0,0,0,0,0,0,0,0,0,0,0,0,0,0,0,0,0,0,0,0,0,0,0,0,0,0,0,0,0,0,0,0,0,0,0,0,0,0,0,0,0,0,0,0,0,0,0,0,0,0,0,0,0,0,0,0,0,0,0,0,0,0,0,0,0,0,0,0,0,0,0,0,0,0,0,0,0,0,0,0,0,0,0,0,0,0,0,0,0,0,0,0,0,0,0,0,0,0,0,0,0,0,0,0,0,0,0,0,0,0,0,0,0,0,0,0,0,0,0,0,0,0,0,0,0,0,0,0,0,0
"KEN",0,0,0,0,0,0,0,0,0,0,0,0,0,0,0,0,0,0,0,0,0,0,0,0,0,0,0,0,0,0,0,0,0,0,0,0,0,0,0,0,0,0,0,0,0,0,0,0,0,0,0,0,0,0,0,0,0,0,0,0,0,0,0,0,0,0,0,0,0,0,0,0,0,0,0,0,0,0,0,0,0,0,0,0,0,0,0,0,0,0,0,0,0,0,0,0,0,0,0,0,0,0,0,0,0,0,0,0,0,0,0,0,0,0,0,0,0,0,0,0,0,0,0,0,0,0,0,0,0,0,0,0,0,0,0,0,0,0,0,0,0,4968080000,0,0,0,0,0,0,0,0,0,0,0,0,0,16750000,0,0,0,0,0,0,0,0,0,542080000,0,0,0,0,0,0,0,0,150280000,0,0,0,0,0,0,0,0,0,0,0,229840000,8.84e+08,0,0,0,0,0,0,0
"KHM",0,0,0,0,0,0,0,0,0,0,0,0,0,0,0,0,0,0,0,0,0,0,0,0,0,0,0,0,0,0,0,0,0,0,0,0,0,0,0,0,0,0,0,0,0,0,0,0,0,0,0,0,0,0,0,0,0,0,0,0,0,0,0,0,0,0,0,0,0,0,0,0,0,0,0,0,0,0,0,0,0,0,0,0,0,512550000,0,0,0,0,0,730300000,0,0,0,0,0,0,0,0,0,0,0,0,0,0,0,0,0,0,0,0,0,0,0,0,0,0,0,0,0,0,0,0,0,0,0,0,0,0,0,0,0,0,0,0,0,0,0,0,0,0,0,0,0,0,0,0,0,0,0,0,0,0,0,0,0,0,0,0,0,0,0,0,0,0,1.8425e+10,0,0,0,0,0,0,0,0,0,0,0,0,0,0,0,0,0,0,0,0,0,0,0,0,0,0,0,0
"PRK",0,0,0,0,0,0,0,0,0,0,0,0,0,0,0,0,0,0,0,0,0,0,0,0,0,0,0,0,0,0,0,0,0,0,0,0,0,0,0,0,0,0,0,0,0,0,0,0,0,0,0,0,0,0,0,0,0,0,0,0,0,0,0,0,0,0,0,0,0,0,0,0,0,0,0,0,0,0,0,0,0,0,0,0,0,0,0,0,0,0,0,0,0,0,0,0,0,0,0,0,0,0,0,0,0,0,0,0,0,0,0,0,0,0,0,0,0,0,0,0,0,0,0,0,0,0,0,0,0,0,0,0,0,0,0,0,0,0,0,0,0,0,0,0,0,0,0,0,0,0,0,0,0,0,0,0,0,0,0,0,0,0,0,0,0,0,0,0,0,0,0,0,0,0,0,0,0,0,0,0,0,0,0,0,0,0,0,0,0,0,0,0,0,0,0
"KOR",0,0,0,21250000,0,20160000,14058160000,91840000,0,0,0,5600000,0,0,2240000,0,29680000,0,0,0,0,0,2800000,0,0,1864760000,0,0,0,0,251360000,251985880000,12320000,0,0,0,0,0,0,0,0,0,0,0,0,0,33040000,0,0,0,0,61880000,0,17360000,0,0,0,0,0,250320000,0,1.57e+08,0,0,0,0,560000,0,0,0,0,389840000,0,0,0,1.4e+07,62644780000,0,36480000,1680000,51520000,0,560000,440360000,0,349634390000,0,25640000,2.8e+07,3339480000,0,0,4480000,0,0,0,0,0,26800000,23520000,560000,0,0,17673760000,0,0,0,0,0,22960000,3779350000,6160000,0,0,0,560000,152880000,0,0,0,0,1179360000,0,0,0,0,0,0,22960000,0,57760000,2800000,21442880000,2240000,0,0,0,0,0,560000,0,0,34342840000,0,0,0,0,518600000,0,0,6700000,6160000,22400000,322520000,0,8960000,6720000,0,0,0,560000,2800000,0,0,39840000,0,324320000,0,0,0,0,0,0,254520000,0,0,208520000,7280000,6719570000,0,0,72720000,0,26845830000,0,0,0,0,3360000,0,0,0,0,0,0
"KWT",0,0,0,0,0,0,0,0,0,0,0,0,0,0,0,0,0,0,0,0,0,0,0,0,0,0,0,0,0,0,0,0,0,0,0,0,0,0,0,0,0,0,0,0,0,0,0,0,0,0,0,0,0,0,0,0,0,0,0,0,0,0,0,0,0,0,0,0,0,0,0,0,0,0,0,0,0,0,16750000,0,0,0,0,0,0,0,0,0,0,0,0,0,0,0,0,3360000,0,0,0,0,0,0,0,495040000,0,0,0,0,0,0,0,0,0,0,0,0,0,0,0,0,0,0,0,0,0,0,0,0,0,0,0,0,0,0,0,0,0,0,0,0,0,0,0,0,0,0,0,14179360000,0,0,0,0,0,0,0,0,0,0,0,0,0,0,0,0,0,0,0,0,0,0,0,0,8840000,3920000,0,0,0,0,0,0,0,0,0,0,0,0,0,0,0,0,0,0,0,0,0
"LVA",0,0,0,0,0,0,0,0,0,0,0,0,0,0,0,0,0,0,0,0,0,0,0,0,0,0,0,0,0,0,0,0,0,0,0,0,0,0,0,5932530000,0,0,0,0,10239030000,0,0,0,0,67072390000,0,0,328860000,560000,0,0,0,0,0,72790290000,0,0,0,0,0,0,0,0,0,0,0,0,0,0,0,0,0,0,0,8840000,0,0,0,0,0,0,0,156600000,0,0,0,0,0,0,0,0,0,0,0,68846390000,0,0,0,0,0,0,0,0,0,0,0,0,0,0,0,0,0,0,0,0,0,0,0,0,0,0,0,0,994460000,0,0,0,0,316713060000,0,0,0,0,0,0,0,0,32673150000,0,0,0,0,0,0,0,0,0,90450000,0,0,0,0,0,584640000,0,0,0,0,0,0,0,0,0,0,0,0,0,0,0,0,0,0,0,0,0,0,11896380000,0,0,0,0,0,0,0,0,0,0,0,0,0
"LAO",0,0,0,0,0,0,0,0,0,0,0,0,0,0,0,0,0,0,0,0,0,0,0,0,0,0,0,0,0,0,0,0,0,0,0,0,0,0,0,0,0,0,0,0,0,0,0,0,0,0,0,0,0,0,0,0,0,0,0,0,0,0,0,0,0,0,0,0,0,0,0,0,0,0,0,0,0,0,0,0,0,0,0,0,0,0,0,0,0,0,0,0,0,0,0,0,0,0,0,0,0,0,0,0,0,0,0,0,0,0,0,0,0,0,0,0,0,0,0,0,0,0,0,0,0,0,0,0,0,0,0,0,0,0,0,0,0,0,0,0,0,0,0,0,0,0,0,0,0,0,0,0,0,0,0,0,0,0,0,0,0,0,0,0,0,0,0,0,0,0,0,0,0,0,0,0,0,0,0,0,0,0,0,0,0,0,0,0,0,0,0,0,0,0,0
"LBN",0,0,0,560000,0,0,176800000,0,0,0,0,0,0,0,0,0,0,0,0,0,0,0,0,0,8840000,0,0,17680000,0,0,0,0,0,0,0,0,0,0,0,0,0,0,0,0,0,0,3360000,0,8840000,0,0,0,0,0,0,0,0,0,0,0,0,560000,0,0,0,0,0,0,0,0,0,0,0,0,0,0,0,0,43830000,0,0,0,0,0,0,0,543880000,0,0,0,0,0,406640000,0,0,0,0,53600000,0,0,0,0,0,0,0,8840000,0,0,0,0,0,0,1120000,0,0,0,0,0,0,0,0,0,0,8840000,17680000,0,0,0,0,0,0,0,0,0,0,0,0,0,1680000,0,0,0,0,0,0,0,0,13400000,0,0,0,0,0,0,0,0,0,0,0,0,0,0,3144110000,0,0,0,0,0,0,0,1120000,0,0,0,0,0,0,0,0,0,0,0,17680000,0,0,8840000,0,0,0,0,0,0,0,0,0
"LSO",0,0,0,0,0,0,0,0,0,0,0,0,0,0,0,0,0,0,0,0,0,0,0,0,0,0,0,0,0,0,0,0,0,0,0,0,0,0,0,0,0,0,0,0,0,0,0,0,0,0,0,0,0,0,0,0,0,0,0,0,0,0,0,0,0,0,0,0,0,0,0,0,0,0,0,0,0,0,0,0,0,0,0,0,0,0,0,0,0,0,0,0,0,0,0,0,0,0,0,0,0,0,0,0,0,0,0,0,0,0,0,0,0,0,0,0,0,0,0,0,0,0,0,0,0,0,0,0,0,0,0,0,0,0,0,0,0,0,0,0,0,0,0,0,0,0,0,0,0,0,0,0,0,0,0,0,0,0,0,0,0,0,0,0,0,0,0,0,0,0,0,0,0,0,0,0,0,0,0,0,0,0,0,0,0,0,0,0,0,0,0,0,0,0,0
"LBR",0,0,0,0,0,0,0,0,0,0,0,0,0,0,0,0,0,0,0,0,0,0,0,0,0,0,0,0,0,0,0,0,0,0,0,0,0,0,0,0,0,0,0,0,0,0,0,0,0,0,0,0,0,0,0,0,0,0,0,0,0,0,0,0,0,0,0,0,0,0,0,0,0,0,0,0,0,0,0,0,0,0,0,0,0,0,0,0,0,0,0,0,0,0,0,0,0,0,0,0,0,0,0,0,0,0,0,0,0,0,0,0,0,0,0,0,0,0,0,0,0,0,0,0,0,0,0,0,0,0,0,0,0,0,0,0,0,0,0,0,0,0,0,0,0,0,0,0,0,0,0,0,0,0,0,0,0,0,0,0,0,0,0,0,0,0,0,0,0,0,0,0,0,0,0,0,0,0,0,0,0,0,0,0,0,0,0,0,0,0,0,0,0,0,0
"LBY",0,0,0,0,0,0,0,0,0,0,0,0,0,0,0,0,0,0,0,0,0,0,0,0,0,0,0,0,0,0,0,0,0,0,0,0,0,0,0,0,0,0,0,0,0,0,0,0,0,0,0,0,0,0,0,0,0,0,0,0,0,0,0,0,0,0,0,0,0,0,0,0,0,0,0,0,0,0,0,0,0,0,0,0,0,0,0,0,0,0,0,0,0,0,0,0,0,0,0,0,0,0,0,0,0,0,0,0,0,0,0,0,0,0,0,0,0,0,0,0,0,0,0,0,0,0,0,0,0,0,0,0,0,0,0,0,0,0,0,0,0,0,0,0,0,0,0,0,0,0,0,0,0,0,0,0,0,0,0,0,0,0,0,0,0,0,0,0,0,0,0,0,0,0,0,0,0,0,0,0,0,0,0,0,0,0,0,0,0,0,0,0,0,0,0
"LTU",0,0,0,0,0,0,0,931300000,0,0,0,0,0,0,0,0,0,0,0,0,0,0,0,0,0,0,0,0,0,0,0,0,0,0,0,0,0,0,0,0,0,0,0,0,11060450000,0,0,0,0,10336080000,0,0,0,0,0,0,0,0,0,0,0,0,0,0,0,0,0,0,0,0,0,0,0,0,0,0,0,0,0,0,0,0,0,0,0,0,0,0,0,0,0,0,0,73207990000,0,0,0,0,0,0,0,0,0,0,0,0,0,0,0,0,0,0,0,0,0,0,6.7e+07,0,0,0,0,0,0,0,0,0,0,0,0,0,0,0,0,49066350000,0,0,0,0,0,0,0,0,2274760000,0,0,0,0,0,0,0,0,0,0,0,0,0,0,0,18384370000,0,1140360000,0,0,0,0,0,0,0,0,0,0,0,0,0,0,0,0,1853100000,0,0,0,32225670000,0,0,0,0,0,0,0,0,0,0,0,0,0
"MAC",0,0,0,0,0,0,0,0,0,0,0,0,0,0,0,0,0,0,0,0,0,0,0,0,0,0,0,0,0,0,0,0,0,0,0,0,0,0,0,0,0,0,0,0,0,0,0,0,0,0,0,0,0,0,0,0,0,0,0,0,0,0,0,0,0,0,0,0,0,0,0,0,0,0,0,0,0,0,0,0,0,0,0,0,0,0,0,0,0,0,0,0,0,0,0,0,0,0,0,0,0,0,0,0,0,0,0,0,0,0,0,0,0,0,0,0,0,0,0,0,0,0,0,0,0,0,0,0,0,0,0,0,0,0,0,0,0,0,0,0,0,0,0,0,0,0,0,0,0,0,0,0,0,0,0,0,0,0,0,0,0,0,0,0,0,0,0,0,0,0,0,0,0,0,0,0,0,0,0,0,0,0,0,0,0,0,0,0,0,0,0,0,0,0,0
"MDG",0,0,0,0,0,0,0,0,0,0,0,0,0,0,0,0,0,0,0,0,0,0,0,0,0,0,0,0,0,0,0,0,0,0,0,0,0,0,0,0,0,0,0,0,0,0,0,0,0,0,0,0,0,0,0,0,0,0,0,0,0,0,0,0,0,0,0,0,0,0,0,0,0,0,0,0,0,0,0,0,0,0,0,0,0,0,0,0,0,0,0,0,0,0,0,0,0,0,0,0,0,0,0,0,0,0,0,0,0,0,0,0,0,0,0,0,0,0,0,0,0,0,0,0,0,0,0,0,0,0,0,0,0,0,0,0,0,0,0,0,0,0,0,0,0,0,0,0,0,0,0,0,0,0,0,0,0,0,0,0,0,0,0,0,0,0,0,0,0,0,0,0,0,0,0,0,0,0,0,0,0,0,0,0,0,0,0,0,0,0,0,0,0,0,0
"MWI",0,0,0,0,0,0,0,0,0,0,0,0,0,0,0,21376350000,0,0,0,0,0,0,0,0,0,0,0,0,0,0,0,0,0,0,0,0,0,0,0,0,0,0,0,0,0,0,0,0,0,0,0,0,0,100500000,0,0,0,0,0,0,0,0,0,0,0,0,0,0,0,0,0,0,0,0,0,0,0,0,0,0,0,0,0,0,0,0,0,0,502500000,0,0,0,0,0,0,0,0,0,0,0,0,0,0,0,0,0,0,0,0,0,0,0,195750000,0,0,0,0,0,0,0,0,0,0,0,0,0,0,0,0,0,0,0,0,0,0,0,0,0,0,21517250000,0,0,0,0,0,0,0,0,0,0,0,0,0,0,0,1695100000,0,0,0,0,0,0,0,0,0,0,0,0,0,0,0,0,0,0,0,0,0,0,0,0,0,0,0,83750000,0,0,20100000,2840800000,0,0,0,0,0,0,0
"MYS",0,0,0,0,0,0,356497030000,23520000,0,1927120000,0,43323250000,0,0,0,0,1953640000,0,0,14527480000,1762580000,2240000,39017790000,0,0,26320000,0,0,1818180000,0,0,218657640000,0,0,0,0,0,0,15120000,0,0,0,0,0,0,0,1120000,0,0,159120000,0,79048400000,11760000,94640000,0,5958160000,0,0,0,904400000,0,539240000,0,0,0,0,0,0,0,0,0,118107960000,0,0,0,4394720000,431669650000,0,0,2240000,0,0,0,0,0,71323500000,0,0,0,1835400000,0,9785880000,3194400000,0,0,0,0,0,0,0,0,66211600000,0,0,0,1120000,0,0,18245110000,0,0,0,636480000,0,0,0,35280000,0,1150480000,0,0,109394990000,0,0,0,4480000,24936080000,0,0,71938980000,0,0,465476210000,0,0,0,0,0,0,0,0,0,0,0,0,0,0,560000,2254200000,21840000,0,0,0,457854150000,0,6653930000,5600000,0,0,0,15680000,560000,417600000,0,3474230000,0,23666900000,636480000,0,176800000,0,0,671840000,10444800000,0,0,1571360000,0,141120000,0,0,0,0,36925690000,839800000,3730480000,0,0,433720000,0,0,0,0,0,0
"MDV",0,0,0,0,0,0,0,0,0,0,0,0,0,0,0,0,0,0,0,0,0,0,0,0,0,0,0,0,0,0,0,0,0,0,0,0,0,0,0,0,0,0,0,0,0,0,0,0,0,0,0,0,0,0,0,0,0,0,0,0,0,0,0,0,0,0,0,0,0,0,0,0,0,0,0,0,0,0,0,0,0,0,0,0,0,0,0,0,0,0,0,0,0,0,0,0,0,0,0,0,0,0,0,0,0,0,0,0,0,0,0,0,0,0,0,0,0,0,0,0,0,0,0,0,0,0,0,0,0,0,0,0,0,0,0,0,0,0,0,0,0,0,0,0,0,0,0,0,0,0,0,0,0,0,0,0,0,0,0,0,0,0,0,0,0,0,0,0,0,0,0,0,0,0,0,0,0,0,0,0,0,0,0,0,0,0,0,0,0,0,0,0,0,0,0
"MLI",0,0,0,0,0,0,0,0,0,0,0,0,0,0,0,0,0,0,0,0,0,0,0,0,0,0,0,0,0,0,0,0,0,0,0,0,0,0,0,0,0,0,0,0,0,0,0,0,0,0,0,0,0,0,0,0,0,0,0,0,0,0,0,0,0,0,0,0,0,0,0,0,0,0,0,0,0,0,0,0,0,0,0,0,0,0,0,0,0,0,0,0,0,0,0,0,0,0,0,0,0,0,0,0,0,0,0,0,0,0,0,0,0,0,0,0,0,0,0,0,0,0,0,0,0,0,0,0,0,0,0,0,0,0,0,0,0,0,0,0,0,0,0,0,0,0,0,0,0,0,0,0,0,0,0,0,0,0,0,0,0,0,0,0,0,0,0,0,0,0,0,0,0,0,0,0,0,0,0,0,0,0,0,0,0,0,0,0,0,0,0,0,0,0,0
"MLT",0,0,0,0,0,0,0,0,0,0,0,0,0,0,0,0,0,0,0,0,0,0,0,0,0,0,0,0,0,0,0,0,0,0,0,0,0,0,0,0,0,0,0,0,0,0,0,0,0,0,0,0,0,0,0,0,0,0,0,0,0,0,0,0,0,0,0,0,0,0,0,0,0,0,0,0,0,0,0,0,0,0,0,0,0,0,0,0,0,0,0,0,0,0,0,0,0,0,0,0,0,0,0,0,0,0,0,0,0,0,0,0,0,0,0,0,0,0,0,0,0,0,0,0,0,0,0,0,0,0,0,0,0,0,0,0,0,0,0,0,0,0,0,0,0,0,0,0,0,0,0,0,0,0,0,0,0,0,0,0,0,0,0,0,0,0,0,0,0,0,0,0,0,0,0,0,0,0,0,0,0,0,0,0,0,0,0,0,0,0,0,0,0,0,0
"MRT",0,0,0,0,0,0,0,0,0,0,0,0,0,0,0,0,0,0,0,0,0,0,0,0,0,0,0,0,0,0,0,0,0,0,0,0,0,0,0,0,0,0,0,0,0,0,0,0,0,0,0,0,0,0,0,0,0,0,0,0,0,0,0,0,0,0,0,0,0,0,0,0,0,0,0,0,0,0,0,0,0,0,0,0,0,0,0,0,0,0,0,0,0,0,0,0,0,0,0,0,0,0,0,0,0,0,0,0,0,0,0,0,0,0,0,0,0,0,0,0,0,0,0,0,0,0,0,0,0,0,0,0,0,0,0,0,0,0,0,0,0,0,0,0,0,0,0,0,0,0,0,0,0,0,0,0,0,0,0,0,0,0,0,0,0,0,0,0,0,0,0,0,0,0,0,0,0,0,0,0,0,0,0,0,0,0,0,0,0,0,0,0,0,0,0
"MUS",0,0,0,0,0,0,0,0,0,0,0,0,0,0,0,0,0,0,0,0,0,0,0,0,0,0,0,0,0,0,0,0,0,132600000,0,0,0,0,0,0,0,0,0,0,0,0,0,0,0,0,0,0,0,501120000,0,0,0,0,0,0,0,0,0,0,0,0,0,0,0,0,0,0,0,0,0,0,0,0,0,0,0,0,0,0,0,0,0,0,0,0,0,0,0,0,0,0,0,0,0,0,0,22846880000,0,0,0,0,0,0,0,0,0,0,0,0,0,0,0,0,0,0,0,0,0,0,0,0,0,0,0,0,0,0,0,0,0,0,0,0,0,0,0,0,0,0,0,0,0,0,0,1120000,0,0,0,0,0,0,0,0,0,0,0,0,0,0,0,0,0,0,0,0,0,0,0,0,0,0,6700000,0,0,0,0,0,0,0,0,0,0,0,0,0,0,0,0,0,0
"MEX",0,0,0,0,0,0,0,6700000,0,0,0,0,0,0,0,0,0,0,83916730000,0,0,0,0,0,0,3350000,0,0,0,0,0,0,0,0,0,0,1272960000,8840000,0,0,0,0,0,8840000,0,0,0,6974760000,0,0,0,0,0,0,0,0,0,0,0,0,0,0,0,0,0,0,1294520000,0,0,0,6342760000,0,0,0,0,0,0,0,0,0,0,17680000,0,0,0,0,0,0,0,0,0,0,0,0,0,0,0,0,0,0,0,0,0,0,0,0,0,0,0,0,0,0,0,0,0,0,0,0,0,0,0,0,0,0,0,0,0,19360000,0,0,0,8840000,0,0,0,0,0,0,0,0,0,0,0,0,0,0,0,0,0,0,0,0,0,0,0,0,0,0,0,0,0,0,0,0,0,0,0,0,0,0,0,0,0,0,0,0,0,0,5.1464e+10,0,0,0,0,0,0,0,0,0,0,0,0,0,0,0,0
"MNG",0,0,0,0,0,0,0,0,0,0,0,0,0,0,0,0,0,0,0,0,0,0,0,0,0,0,0,0,0,0,0,0,0,0,0,0,0,0,0,0,0,0,0,0,0,0,0,0,0,0,0,0,0,0,0,0,0,0,0,0,0,0,0,0,0,0,0,0,0,0,0,0,0,0,0,0,0,0,0,0,0,0,0,0,0,0,0,0,0,0,0,0,0,0,0,0,0,0,0,0,0,0,0,0,0,0,0,0,0,0,0,0,0,0,0,0,0,0,0,0,0,0,0,0,0,0,0,0,0,0,0,0,0,0,0,0,0,0,0,0,0,0,0,0,0,0,0,0,0,0,0,0,0,0,0,0,0,0,0,0,0,0,0,0,0,0,0,0,0,0,0,0,0,0,0,0,0,0,0,0,0,0,0,0,0,0,0,0,0,0,0,0,0,0,0
"MAR",0,0,0,0,0,0,0,0,0,0,0,0,0,0,0,0,0,0,0,0,0,0,0,0,0,0,0,0,0,0,0,0,0,0,61880000,0,0,0,0,0,194480000,0,0,0,0,0,0,0,181131600000,0,0,0,0,380120000,0,0,0,0,0,0,0,0,0,0,0,0,0,31081440000,0,0,0,0,0,0,0,0,0,0,0,0,0,0,0,0,0,0,0,0,0,0,0,0,0,0,0,0,0,0,0,0,0,0,0,0,0,8813480000,0,501731880000,0,0,0,0,0,0,0,0,0,0,0,0,0,0,0,760240000,0,0,0,0,0,0,0,0,0,0,0,12278760000,0,0,0,0,0,0,0,0,0,0,0,0,35156680000,0,0,0,0,0,0,0,560000,0,0,0,0,0,0,0,0,0,0,0,0,0,0,0,0,0,0,0,53040000,0,8840000,1591200000,0,0,0,0,0,0,8840000,0,2156960000,0,0,0,0,0,0
"MOZ",0,0,0,0,0,0,0,0,0,0,0,0,0,0,0,0,0,0,0,0,0,0,0,0,0,0,0,0,0,0,0,0,0,0,0,0,0,0,0,0,0,0,0,0,0,0,0,0,0,0,0,0,0,0,0,0,0,0,0,0,0,0,0,0,0,0,0,0,0,0,0,0,0,0,0,0,0,0,0,0,0,0,0,0,0,0,0,0,0,0,0,0,0,0,0,0,0,0,0,0,0,0,0,0,0,0,0,0,0,0,0,0,0,0,0,0,0,0,0,0,0,0,0,0,0,0,0,0,0,0,0,0,0,0,0,0,0,0,0,0,0,0,0,0,0,0,0,0,0,0,0,0,0,0,0,0,0,0,0,0,0,0,0,0,0,0,0,0,0,0,0,0,0,0,0,0,0,0,0,0,0,0,0,0,0,0,0,0,0,0,0,0,0,0,0
"MDA",0,0,0,0,0,0,0,0,0,0,0,0,0,0,0,0,0,0,0,0,0,8417080000,0,0,0,0,0,0,0,0,0,0,0,0,0,0,0,0,0,0,0,0,0,0,3030210000,0,0,0,0,0,0,0,0,0,0,0,0,0,0,0,0,0,0,0,0,0,0,0,0,0,0,0,0,0,0,0,0,0,0,0,0,1222750000,0,0,0,0,0,0,0,0,0,0,0,0,0,0,0,0,0,0,0,0,0,0,0,0,0,0,0,0,0,0,0,0,0,0,0,0,0,0,0,0,0,0,0,0,0,0,1856400000,0,0,0,0,18455230000,26873600000,0,0,0,0,0,154429890000,0,35446410000,0,0,0,0,0,0,0,0,0,0,0,0,0,0,0,0,0,0,0,0,0,0,0,0,0,0,0,0,0,0,0,0,0,8874150000,34153250000,0,0,0,0,0,0,0,0,0,0,0,0,0,0,0,0,0
"NAM",0,0,0,0,0,0,0,0,0,0,0,0,0,0,0,0,0,0,0,0,0,0,0,0,0,0,0,0,0,0,0,0,0,0,0,0,0,0,0,0,0,0,0,0,0,0,0,0,0,0,0,0,0,0,0,0,0,0,0,0,0,0,0,0,0,0,0,0,0,0,0,0,0,0,0,0,0,0,0,0,0,0,0,0,0,0,0,0,0,0,0,0,0,0,0,0,0,0,0,0,0,0,0,0,0,0,0,0,0,0,0,0,0,0,0,0,0,0,0,0,0,0,0,0,0,0,0,0,0,0,0,0,0,0,0,0,0,0,0,0,0,0,0,0,0,0,0,0,0,0,0,0,0,0,0,169650000,0,0,0,0,0,0,0,0,0,0,0,0,0,0,0,0,0,0,0,0,0,0,0,0,0,0,0,0,0,0,0,0,0,0,0,0,0,0,0
"NPL",0,0,0,0,0,0,0,0,0,0,0,0,0,0,0,0,0,0,0,0,0,0,0,0,0,0,0,0,0,0,0,2610000,0,0,0,0,0,0,0,0,0,0,0,0,0,0,0,0,0,0,0,0,0,0,0,0,0,0,0,0,0,0,0,0,0,0,0,0,0,0,0,0,0,0,0,1287280000,0,0,0,0,0,0,0,0,0,0,0,0,0,0,0,0,0,0,0,0,0,0,0,0,0,0,0,0,0,0,0,0,0,0,0,0,0,0,0,0,0,0,0,0,0,0,0,0,0,0,0,0,0,0,0,0,0,0,0,0,0,0,0,0,0,0,0,0,0,0,0,0,0,0,0,0,0,0,0,0,0,0,0,0,0,0,0,0,0,0,0,0,0,0,0,0,0,0,0,0,43550000,0,6700000,0,0,0,0,0,0,0,0,0,0,0,0,0,0,0,0
"NLD",6160000,27080000,0,789323600000,0,0,5040000,1033255610000,0,0,0,0,0,0,0,0,916010000,0,0,0,0,3718570000,20880000,0,575450000,14502030000,680680000,0,0,397800000,0,45440000,0,0,1234680000,0,5220000,8840000,75044600000,11760000,0,968596790000,0,0,13288750000,0,146526370000,0,88400000,198883880000,3360000,0,208365660000,1342833570000,0,0,2240000,35360000,4.199e+09,19288262470000,2800000,60496540000,0,3357490000,0,689520000,0,2522280000,2705040000,8840000,601120000,0,407351130000,62160000,16911100000,0,65250000,722970000,0,454018940000,16010920000,22028040000,17680000,4480000,0,79560000,93960000,0,177360000,0,0,1312120000,1520480000,36138090000,0,18430280000,0,203320000,0,290890910000,0,0,0,26974140000,0,0,17382920000,5790200000,0,0,1140360000,224982280000,0,2240000,0,0,0,0,26520000,560000,0,1254270000,0,0,8583640000,15325730000,0,1644240000,114473940000,0,0,0,0,817321770000,1387940000,0,0,0,0,0,59380150000,0,57167380000,0,0,10440000,0,22125160000,1.547e+09,0,0,1470950000,110314970000,27080000,35360000,928724730000,28539690000,82628150000,0,0,69450020000,241394440000,0,0,3196640000,0,1341280000,0,0,3969160000,0,116458160000,20230220000,3233970000,0,0,4239123290000,259840000,3311860000,0,0,0,0,0,0,0,109620000,0,7345381090000,92506940000,19600000,1680000,238680000,0,0
"ANT",0,0,0,0,0,0,0,0,0,0,0,0,0,0,0,0,0,0,0,0,0,0,0,0,0,0,0,0,0,0,0,0,0,0,0,0,0,0,0,0,0,0,0,0,0,0,0,0,0,0,0,0,0,0,0,0,0,0,0,0,0,0,0,0,0,0,0,0,0,0,0,0,0,0,0,0,0,0,0,0,0,0,0,0,0,0,0,0,0,0,0,0,0,0,0,0,0,0,0,0,0,0,0,0,0,0,0,0,0,0,0,0,0,0,0,0,0,0,0,0,0,0,0,0,0,0,0,0,0,0,0,0,0,0,0,0,0,0,0,0,0,0,0,0,0,0,0,0,0,0,0,0,0,0,0,0,0,0,0,0,0,0,0,0,0,0,0,0,0,0,0,0,0,0,0,0,0,0,0,0,0,0,0,0,0,0,0,0,0,0,0,0,0,0,0
"NCL",0,0,0,0,0,0,0,0,0,0,0,0,0,0,0,0,0,0,0,0,0,0,0,0,0,0,0,0,0,0,0,0,0,0,0,0,0,0,0,0,0,0,0,0,0,0,0,0,0,0,0,0,0,0,0,0,0,0,0,0,0,0,0,0,0,0,0,0,0,0,0,0,0,0,0,0,0,0,0,0,0,0,0,0,0,0,0,0,0,0,0,0,0,0,0,0,0,0,0,0,0,0,0,0,0,0,0,0,0,0,0,0,0,0,0,0,0,0,0,0,0,0,0,0,0,0,0,0,0,0,0,0,0,0,0,0,0,0,0,0,0,0,0,0,0,0,0,0,0,0,0,0,0,0,0,0,0,0,0,0,0,0,0,0,0,0,0,0,0,0,0,0,0,0,0,0,0,0,0,0,0,0,0,0,0,0,0,0,0,0,0,0,0,0,0
"MKD",0,0,52200000,0,0,0,0,0,0,0,0,0,0,0,0,0,0,0,0,0,0,0,0,0,0,0,0,0,0,0,0,0,0,0,0,0,0,0,0,0,0,0,0,0,0,0,0,0,0,0,0,0,0,0,0,0,0,0,0,0,0,0,0,0,0,0,0,0,0,0,0,0,0,0,0,0,0,0,0,0,0,0,0,0,0,0,0,0,0,0,0,0,0,0,0,0,0,0,0,0,0,0,0,0,0,0,0,0,0,0,0,0,0,0,0,0,0,0,0,0,0,0,0,0,0,0,0,0,0,0,0,0,0,0,0,0,0,0,0,0,0,0,0,0,0,0,0,0,0,0,0,0,0,0,0,0,0,0,0,0,0,0,0,0,0,0,0,0,0,0,0,0,0,0,0,0,0,0,0,0,0,0,0,0,0,0,0,0,0,0,0,0,0,0,0
"VUT",0,0,0,0,0,0,0,0,0,0,0,0,0,0,0,0,0,0,0,0,0,0,0,0,0,0,0,0,0,0,0,0,0,0,0,0,0,0,0,0,0,0,0,0,0,0,0,0,0,0,0,0,0,0,0,0,0,0,0,0,0,0,0,0,0,0,0,0,0,0,0,0,0,0,0,0,0,0,0,0,0,0,0,0,0,0,0,0,0,0,0,0,0,0,0,0,0,0,0,0,0,0,0,0,0,0,0,0,0,0,0,0,0,0,0,0,0,0,0,0,0,0,0,0,0,0,0,0,0,0,0,0,0,0,0,0,0,0,0,0,0,0,0,0,0,0,0,0,0,0,0,0,0,0,0,0,0,0,0,0,0,0,0,0,0,0,0,0,0,0,0,0,0,0,0,0,0,0,0,0,0,0,0,0,0,0,0,0,0,0,0,0,0,0,0
"NZL",0,0,0,0,0,0,1165440000,0,0,0,0,0,0,0,0,0,0,0,0,10610000,0,0,0,0,0,0,0,0,0,0,0,0,0,0,0,345440000,0,0,0,0,0,0,0,0,0,0,0,0,0,0,0,18240000,0,0,0,0,0,0,0,0,0,0,0,0,0,0,0,0,0,0,0,0,0,0,0,120600000,0,0,0,0,0,0,0,0,0,0,0,0,0,0,0,0,0,0,0,0,0,0,0,0,0,0,0,0,0,0,0,0,0,0,0,0,0,0,0,0,0,0,0,0,0,0,0,0,0,0,0,0,0,8840000,0,0,0,0,0,0,0,0,0,0,0,0,0,0,0,0,0,0,0,0,0,0,0,0,0,0,0,0,0,0,0,0,0,0,0,0,0,0,10080000,0,0,0,0,0,0,0,0,0,0,0,0,0,0,0,0,0,0,0,0,0,0,0,0,0,0
"NIC",0,0,0,0,0,0,0,0,0,0,0,0,0,0,0,0,0,0,0,0,0,0,0,0,0,0,0,0,0,0,0,0,0,0,0,0,0,0,0,0,0,0,0,0,0,0,0,452250000,0,0,0,0,0,0,0,0,0,0,0,0,0,0,0,0,0,0,998300000,0,0,0,127300000,0,0,0,0,0,0,0,0,0,0,0,0,0,0,0,0,0,0,0,0,0,0,0,0,0,0,0,0,0,0,0,0,0,0,0,0,0,0,0,0,0,0,0,0,0,0,0,0,0,0,0,0,0,0,0,0,0,0,0,0,0,0,0,0,0,0,0,0,0,0,0,0,0,0,0,0,0,0,0,0,0,0,0,0,0,0,0,0,0,0,0,0,0,0,0,0,0,0,0,0,0,0,0,0,0,0,0,0,0,0,0,0,0,0,0,0,0,0,0,0,0,0,0,0
"NER",0,0,0,0,0,0,0,0,0,0,0,0,0,0,0,0,0,0,0,0,0,0,0,0,0,0,0,0,0,0,0,0,0,0,0,0,0,0,0,0,0,0,0,0,0,0,0,0,0,0,0,0,0,0,0,0,0,0,0,0,0,0,0,0,0,0,0,0,0,0,0,0,0,0,0,0,0,0,0,0,0,0,0,0,0,0,0,0,0,0,0,0,0,0,0,0,0,0,0,0,0,0,0,0,0,0,0,0,0,0,0,0,0,0,0,0,0,0,0,0,0,0,0,0,0,0,0,0,0,0,0,0,0,0,0,0,0,0,0,0,0,0,0,0,0,0,0,0,0,0,0,0,0,0,0,0,0,0,0,0,0,0,0,0,0,0,0,0,0,0,0,0,0,0,0,0,0,0,0,0,0,0,0,0,0,0,0,0,0,0,0,0,0,0,0
"NGA",0,0,0,0,0,0,0,0,0,0,0,0,0,0,0,0,0,0,0,0,0,0,0,0,0,0,0,0,0,0,0,0,0,0,0,0,0,0,0,0,0,0,0,0,0,0,0,0,0,0,0,0,0,0,0,0,0,0,0,0,0,0,0,0,0,0,0,0,0,0,0,0,0,0,0,0,0,0,0,0,0,0,0,0,0,0,0,0,0,0,0,0,0,0,0,0,0,0,0,0,0,0,0,0,0,0,0,0,0,0,0,0,0,0,0,0,0,0,0,0,0,0,0,0,0,0,0,0,0,0,0,0,0,0,0,0,0,0,0,0,0,0,0,0,0,0,0,0,0,0,0,0,0,0,0,0,0,0,0,0,0,0,0,0,0,0,0,0,0,0,0,0,0,0,0,0,0,0,0,0,0,0,0,0,0,0,0,0,0,0,0,0,0,0,0
"NOR",0,0,0,0,0,0,0,0,0,0,0,0,0,0,0,0,0,0,0,0,0,0,0,0,0,0,0,0,0,0,0,0,0,0,0,0,0,0,0,0,0,253070820000,0,0,0,0,0,0,0,0,0,0,162986750000,30984200000,0,0,0,0,0,18984140000,0,0,0,0,0,0,0,0,0,0,0,0,0,0,138330000,0,0,0,0,0,0,0,0,0,0,0,0,0,0,0,0,0,0,0,0,0,0,0,0,0,0,0,0,0,0,0,0,0,0,0,0,0,0,0,0,0,326584960000,0,0,0,0,0,0,0,0,0,0,0,2240000,0,0,0,0,0,0,0,0,0,0,0,0,0,0,0,0,0,0,0,0,0,0,0,0,0,0,0,0,0,0,0,1220047840000,1.06522e+11,0,0,167960000,0,0,0,0,0,0,0,0,0,0,0,5747220000,0,0,0,0,0,0,0,0,0,0,0,0,0,0,0,0,0,0
"PAK",0,1526850000,0,0,0,0,8960000,0,0,0,0,1120000,0,0,0,0,0,0,0,0,0,0,0,0,0,8960000,0,0,0,0,0,1680000,0,0,0,0,0,0,0,0,0,0,0,0,0,0,0,0,0,0,0,0,0,0,0,0,0,0,0,16800000,0,0,0,0,0,0,0,0,0,0,0,1120000,0,0,0,0,0,0,0,0,0,0,0,0,0,0,0,0,0,0,0,0,560000,0,0,0,0,0,0,0,0,0,0,0,0,0,0,0,0,0,1120000,0,0,0,0,0,0,0,0,0,0,1120000,0,0,0,0,0,0,0,0,0,0,0,0,0,0,0,0,560000,0,0,0,0,0,0,0,0,2240000,0,0,0,0,0,0,0,560000,0,0,0,0,0,0,0,0,62640000,0,0,0,0,0,0,0,0,0,0,0,6160000,0,295690000,0,0,0,0,0,0,0,0,0,0,0,0,0,0,0,0
"PAN",0,0,0,0,0,0,0,0,0,0,0,0,0,0,0,0,0,0,0,0,0,0,0,0,0,0,0,0,0,0,0,0,0,0,0,0,0,2240000,0,0,0,0,0,0,0,0,0,0,0,0,0,0,0,0,0,0,0,0,0,0,0,0,0,0,0,0,0,0,0,0,0,0,0,0,0,0,0,0,0,0,0,0,0,0,0,0,0,0,0,0,0,0,0,0,0,0,0,0,0,0,0,0,0,0,0,0,0,0,0,0,0,0,0,0,0,0,0,0,0,0,0,0,0,0,0,0,0,0,0,0,0,0,0,0,0,0,0,0,0,0,0,0,0,0,0,0,0,0,0,0,0,0,0,0,0,0,0,0,0,0,0,0,0,0,0,0,0,0,0,0,0,0,0,0,0,0,0,0,1680000,0,0,0,0,0,0,0,0,0,0,0,0,0,0,0,0
"CZE",0,0,0,0,0,0,0,16082550000,0,0,0,0,0,0,0,0,0,0,0,0,0,13440000,0,0,0,0,0,0,0,0,0,0,0,0,0,0,0,0,293130000,0,0,0,0,0,0,0,0,0,0,5600000,0,0,0,0,0,0,0,0,0,13887860000,9510000,0,0,0,0,0,0,0,0,0,0,0,1399950000,28490000,0,0,0,0,0,0,0,1896690000,0,0,0,0,0,0,0,0,0,0,0,2240000,0,0,0,0,0,130850000,0,0,0,0,0,0,0,0,0,0,0,0,0,0,0,0,47040000,0,0,2240000,0,0,0,0,0,0,0,0,0,0,0,0,0,80967100000,0,0,0,0,0,0,123650000,0,0,0,0,0,0,0,0,0,0,2240000,26527740000,0,0,0,0,0,0,0,0,3272950000,0,0,0,0,0,0,0,0,0,0,0,0,0,0,1680000,703500000,0,0,0,0,0,0,0,0,0,0,0,0,26880000,3360000,0,0,0
"PNG",0,0,0,0,0,0,0,0,0,0,0,0,0,0,0,0,0,0,0,0,0,0,0,0,0,0,0,0,0,0,0,0,0,0,0,0,0,0,0,0,0,0,0,0,0,0,0,0,0,0,0,0,0,0,0,0,0,0,0,0,0,0,0,0,0,0,0,0,0,0,0,0,0,0,0,0,0,0,0,0,0,0,0,0,0,0,0,0,0,0,0,0,0,0,0,0,0,0,0,0,0,0,0,0,0,0,0,0,0,0,0,0,0,0,0,0,0,0,0,0,0,0,0,0,0,0,0,0,0,0,0,0,0,0,0,0,0,0,0,0,0,0,0,0,0,0,0,0,0,0,0,0,0,0,0,0,0,0,0,0,0,0,0,0,0,0,0,0,0,0,0,0,0,0,0,0,0,0,0,0,0,0,0,0,0,0,0,0,0,0,0,0,0,0,0
"PRY",0,0,0,931147040000,0,1724344140000,0,0,0,0,0,1075683590000,0,0,0,0,1451295650000,0,0,0,0,0,0,0,0,0,0,0,0,0,1293894450000,0,110286150000,0,0,0,439292200000,0,0,0,0,3.393e+10,0,0,0,60483280000,451408150000,0,0,0,0,0,0,579127900000,0,0,0,0,0,4784396800000,0,0,0,883237550000,0,0,5366700000,0,0,0,0,0,0,0,0,555726600000,678602950000,146761680000,0,0,1194392250000,2740249940000,43665300000,0,0,321270120000,0,0,0,0,6.7e+09,458028750000,0,0,0,0,0,0,0,0,0,70887960000,0,538684200000,0,0,0,0,0,2317536800000,0,458278040000,3.978e+10,0,0,0,438565250000,0,0,0,0,0,0,0,0,0,6.188e+10,13724950000,0,0,0,1391339310000,3440450000,273157380000,1294725050000,0,0,0,0,0,0,0,3877454150000,0,0,0,0,63237950000,6394500000,0,0,0,0,0,0,3.094e+10,2057264600000,0,0,0,0,341291300000,0,0,21463450000,0,114277090000,0,0,0,0,758593540000,2426028230000,1004960220000,0,0,121584900000,0,519407450000,0,728923980000,0,1.0608e+11,226328160000,0,0,0,0,3.76584e+11,0,0,0,0,0,0
"PER",0,0,0,0,0,0,0,0,0,0,0,0,0,0,3.08e+08,0,0,0,0,0,0,0,0,0,0,0,0,0,0,0,282770000,0,2240000,0,0,0,0,0,0,0,0,0,0,0,0,318360000,0,0,0,0,0,0,0,0,0,0,0,0,0,0,0,0,0,0,0,0,0,0,0,0,0,0,0,0,0,0,0,0,0,0,0,24080000,0,0,0,5600000,0,0,0,0,0,0,0,0,0,0,0,0,0,0,0,0,0,0,0,0,0,0,0,0,0,0,0,0,0,0,1120000,0,0,0,0,0,0,0,0,0,0,0,0,0,0,0,0,0,0,0,0,0,0,0,0,0,0,0,0,0,0,0,0,0,0,0,0,0,0,0,124800000,0,0,0,0,0,0,0,0,0,0,0,0,0,0,0,0,0,0,0,0,0,146880000,0,0,0,0,0,0,0,0,0,0,0,0,0,0,0,0
"PHL",0,0,0,0,0,0,833360000,0,0,43680000,0,0,0,0,0,0,0,0,0,0,15680000,0,0,0,0,665720000,0,0,0,0,0,13960000,0,0,0,0,0,0,6720000,0,0,0,0,0,0,0,1120000,0,0,0,0,0,0,9520000,0,0,0,0,0,44200000,0,0,0,10080000,0,0,0,0,0,0,0,19040000,0,0,0,0,6.525e+09,0,0,0,39200000,179760000,0,0,0,67200000,11760000,0,0,0,0,29120000,242480000,0,0,4480000,0,0,0,0,1680000,0,0,97710000,0,0,0,0,0,0,0,0,0,0,0,0,96320000,0,0,0,0,224520000,0,0,0,2.8e+07,560000,1120000,0,25200000,0,0,0,0,0,0,3360000,0,260960000,0,0,0,0,0,0,0,0,566160000,0,0,0,0,0,76720000,0,0,29680000,0,0,0,0,0,0,0,19600000,0,83440000,0,0,0,24080000,0,0,663600000,0,0,115920000,0,218635920000,0,0,0,0,560000,0,0,0,0,0,0,0,0,0,0,0
"POL",560000,0,0,0,0,0,0,1773970000,0,0,0,0,0,0,0,0,0,0,0,0,0,53600000,0,0,0,8840000,0,0,0,0,0,8840000,0,0,0,0,0,0,0,0,0,0,0,0,99480000,0,0,0,0,853470000,0,0,0,26320000,0,0,0,0,0,67081260000,0,0,0,291200000,0,0,0,0,0,0,0,0,11112370000,274600000,20034360000,0,0,0,0,6700000,0,0,0,0,0,0,0,0,0,0,0,0,0,5220000,0,0,0,0,0,1844770000,0,0,0,0,0,0,0,0,0,0,0,0,0,1.34e+08,0,0,1120000,0,0,0,0,0,0,0,0,141440000,0,0,128932830000,0,0,0,0,0,0,0,0,0,0,0,9520000,0,3804020000,0,0,0,0,0,0,0,0,0,178313070000,0,0,0,0,0,0,0,0,3350000,0,0,0,0,0,0,0,0,0,0,0,0,0,0,94060000,88400000,0,0,0,0,0,0,0,0,0,0,0,0,0,0,0,0,0
"PRT",0,0,0,0,0,0,0,0,0,0,0,0,0,0,0,0,1120000,0,0,0,0,0,0,0,167960000,163500000,110754190000,0,0,0,0,83750000,0,0,0,0,0,0,0,0,0,0,0,0,0,0,0,0,0,0,0,0,0,684600000,0,0,0,0,0,530400000,0,335920000,0,0,0,0,0,919360000,0,0,0,0,0,0,0,0,0,0,0,0,212160000,671840000,751400000,0,0,0,0,0,0,0,0,0,0,0,0,0,0,0,0,0,35360000,0,0,0,0,0,0,0,0,0,0,0,3457560000,0,185640000,0,636480000,0,0,0,0,0,0,0,0,0,0,0,0,0,0,0,0,0,0,7098520000,8840000,0,0,0,0,0,0,0,0,0,25904550000,0,0,0,0,0,0,0,0,503880000,469855440000,0,0,0,0,8840000,0,0,0,0,0,0,0,2855320000,0,0,0,0,0,0,35360000,0,468520000,0,0,0,92139320000,0,0,0,0,0,0,1272960000,0,0,0,0,0
"GNB",0,0,0,0,0,0,0,0,0,0,0,0,0,0,0,0,0,0,0,0,0,0,0,0,0,0,0,0,0,0,0,0,0,0,0,0,0,0,0,0,0,0,0,0,0,0,0,0,0,0,0,0,0,0,0,0,0,0,0,0,0,0,0,0,0,0,0,0,0,0,0,0,0,0,0,0,0,0,0,0,0,0,0,0,0,0,0,0,0,0,0,0,0,0,0,0,0,0,0,0,0,0,0,0,0,0,0,0,0,0,0,0,0,0,0,0,0,0,0,0,0,0,0,0,0,0,0,0,0,0,0,0,0,0,0,0,0,0,0,0,0,0,0,0,0,0,0,0,0,0,0,0,0,0,0,0,0,0,0,0,0,0,0,0,0,0,0,0,0,0,0,0,0,0,0,0,0,0,0,0,0,0,0,0,0,0,0,0,0,0,0,0,0,0,0
"TLS",0,0,0,0,0,0,0,0,0,0,0,0,0,0,0,0,0,0,0,0,0,0,0,0,0,0,0,0,0,0,0,0,0,0,0,0,0,0,0,0,0,0,0,0,0,0,0,0,0,0,0,0,0,0,0,0,0,0,0,0,0,0,0,0,0,0,0,0,0,0,0,0,0,0,0,0,0,0,0,0,0,0,0,0,0,0,0,0,0,0,0,0,0,0,0,0,0,0,0,0,0,0,0,0,0,0,0,0,0,0,0,0,0,0,0,0,0,0,0,0,0,0,0,0,0,0,0,0,0,0,0,0,0,0,0,0,0,0,0,0,0,0,0,0,0,0,0,0,0,0,0,0,0,0,0,0,0,0,0,0,0,0,0,0,0,0,0,0,0,0,0,0,0,0,0,0,0,0,0,0,0,0,0,0,0,0,0,0,0,0,0,0,0,0,0
"ERI",0,0,0,0,0,0,0,0,0,0,0,0,0,0,0,0,0,0,0,0,0,0,0,0,0,0,0,0,0,0,0,0,0,0,0,0,0,0,0,0,0,0,0,0,0,0,0,0,0,0,0,0,0,0,0,0,0,0,0,0,0,0,0,0,0,0,0,0,0,0,0,0,0,0,0,0,0,0,0,0,0,0,0,0,0,0,0,0,0,0,0,0,0,0,0,0,0,0,0,0,0,0,0,0,0,0,0,0,0,0,0,0,0,0,0,0,0,0,0,0,0,0,0,0,0,0,0,0,0,0,0,0,0,0,0,0,0,0,0,0,0,0,0,0,0,0,0,0,0,0,0,0,0,0,0,0,0,0,0,0,0,0,0,0,0,0,0,0,0,0,0,0,0,0,0,0,0,0,0,0,0,0,0,0,0,0,0,0,0,0,0,0,0,0,0
"QAT",0,0,0,0,0,0,0,0,0,0,0,0,0,0,0,0,0,0,0,0,0,0,0,0,0,0,0,0,0,0,0,0,0,0,0,0,0,0,0,0,0,0,0,0,0,0,0,0,0,0,0,0,0,0,0,0,0,0,0,0,0,0,0,0,0,0,0,0,0,0,0,0,0,0,0,0,0,0,0,0,0,0,0,0,0,0,0,0,0,0,0,0,0,0,0,0,0,0,0,0,0,0,0,0,0,0,0,0,0,0,0,0,0,0,0,0,0,0,0,0,0,0,0,0,0,0,0,0,0,0,0,0,0,0,0,0,0,0,0,0,0,0,0,0,0,0,0,0,0,0,0,0,0,0,0,0,0,0,0,0,0,0,0,0,0,0,0,0,0,0,0,0,0,0,0,0,0,0,0,0,0,0,0,0,0,0,0,0,0,0,0,0,0,0,0
"ZWE",0,0,0,0,0,0,0,0,0,0,0,0,0,0,0,0,0,0,0,0,0,0,0,0,0,0,0,0,0,0,0,0,0,0,0,0,0,0,0,0,0,0,0,0,0,0,0,0,0,0,0,0,0,0,0,0,0,0,0,0,0,0,0,0,0,0,0,0,0,0,0,0,0,0,0,0,0,0,0,0,0,0,0,0,0,0,0,0,0,0,0,0,0,0,0,0,0,0,0,0,0,0,0,0,0,0,0,0,0,0,0,39150000,1386900000,0,0,0,0,0,0,0,0,0,0,0,0,0,0,0,0,0,0,0,0,0,0,0,0,0,0,0,0,0,0,0,0,0,0,0,0,0,0,0,0,0,0,300560000,0,0,0,0,0,0,0,0,0,0,0,0,0,0,0,0,0,0,0,0,0,0,0,0,0,0,0,0,0,0,0,467190000,0,0,0,0,0,0,0
"ROU",0,0,0,0,0,0,0,23475010000,0,0,0,0,0,0,0,0,0,0,0,0,0,485525140000,0,0,0,0,0,0,0,0,0,0,0,0,0,0,0,0,6963480000,39591090000,0,0,0,0,0,0,0,0,0,0,0,0,0,1008350000,0,0,13175280000,0,0,72143010000,0,0,0,122062370000,0,0,0,0,0,0,0,0,34269860000,0,0,0,0,0,0,0,0,70942950000,0,0,0,0,0,0,0,0,0,0,0,0,0,0,0,0,0,0,0,0,0,0,0,0,0,0,0,0,0,0,0,24136350000,0,0,1785550000,0,0,0,0,0,0,0,0,0,0,0,827450000,0,0,0,0,6700000,4.5968e+10,0,0,0,0,0,0,0,0,0,0,0,0,0,0,0,0,0,5138900000,0,0,1.768e+10,1499620000,0,0,0,0,2353840000,45833100000,0,0,0,0,0,0,0,0,0,20782840000,0,0,0,6700000,0,12301200000,0,0,0,0,0,0,0,0,0,87100000,0,93123300000,0,0,0,0
"RWA",0,0,0,0,0,0,0,0,0,0,0,0,0,0,0,0,0,0,0,0,0,0,0,0,0,0,0,0,0,0,0,0,0,0,0,0,0,0,0,0,0,0,0,0,0,0,0,0,0,0,0,0,0,0,0,0,0,0,0,0,0,0,0,0,0,0,0,0,0,0,0,0,0,0,0,0,0,0,0,0,0,0,0,0,0,0,0,0,0,0,0,0,0,0,0,0,0,0,0,0,0,0,0,0,0,0,0,0,0,0,0,0,0,0,0,0,0,0,0,0,0,0,0,0,0,0,0,0,0,0,0,0,0,0,0,0,0,0,0,0,0,0,0,0,0,0,0,0,0,0,0,0,0,0,0,0,0,0,0,0,0,0,0,0,0,40200000,0,0,0,0,0,0,0,0,10050000,0,0,0,0,0,0,0,0,0,0,0,29450000,0,0,0,0,0,0,0,0
"RUS",16240000,0,0,679583840000,0,0,0,0,0,0,0,0,0,0,0,0,0,0,0,0,0,0,0,0,0,0,0,0,0,0,0,558825700000,0,0,0,0,0,0,0,7524020000,0,157440340000,0,0,99940520000,0,1.3923e+11,0,0,13313040000,0,0,48906440000,718055520000,0,0,0,0,0,103356040000,0,0,2240000,0,0,0,0,0,0,0,0,0,26100000,0,0,0,0,41849790000,0,0,1120000,0,0,33429050000,0,6954600000,3677440000,4888530000,0,0,14655560000,1222740000,0,23009940000,0,3562520000,0,0,0,187639920000,0,0,0,0,0,0,0,0,0,0,99797460000,0,0,24640000,0,0,225373760000,0,0,0,0,0,0,0,0,148949830000,0,0,0,0,0,0,0,203676490000,84766760000,0,0,0,0,0,0,0,0,0,0,0,0,0,26617240000,0,0,0,194480000,0,0,0,33530150000,0,29821240000,0,81756080000,0,0,5040000,0,0,0,0,0,0,0,53199120000,44494700000,0,0,0,342974680000,1802780000,1.34e+08,0,0,43350120000,0,0,0,0,0,0,0,0,0,0,0,0,0
"KNA",0,0,0,0,0,0,0,0,0,0,0,0,0,0,0,0,0,0,0,0,0,0,0,0,0,0,0,0,0,0,0,0,0,0,0,0,0,0,0,0,0,0,0,0,0,0,0,0,0,0,0,0,0,0,0,0,0,0,0,0,0,0,0,0,0,0,0,0,0,0,0,0,0,0,0,0,0,0,0,0,0,0,0,0,0,0,0,0,0,0,0,0,0,0,0,0,0,0,0,0,0,0,0,0,0,0,0,0,0,0,0,0,0,0,0,0,0,0,0,0,0,0,0,0,0,0,0,0,0,0,0,0,0,0,0,0,0,0,0,0,0,0,0,0,0,0,0,0,0,0,0,0,0,0,0,0,0,0,0,0,0,0,0,0,0,0,0,0,0,0,0,0,0,0,0,0,0,0,0,0,0,0,0,0,0,0,0,0,0,0,0,0,0,0,0
"LCA",0,0,0,0,0,0,0,0,0,0,0,0,0,0,0,0,0,0,0,0,0,0,0,0,0,0,0,0,0,0,0,0,0,0,0,0,0,0,0,0,0,0,0,0,0,0,0,0,0,0,0,0,0,0,0,0,0,0,0,0,0,0,0,0,0,0,0,0,0,0,0,0,0,0,0,0,0,0,0,0,0,0,0,0,0,0,0,0,0,0,0,0,0,0,0,0,0,0,0,0,0,0,0,0,0,0,0,0,0,0,0,0,0,0,0,0,0,0,0,0,0,0,0,0,0,0,0,0,0,0,0,0,0,0,0,0,0,0,0,0,0,0,0,0,0,0,0,0,0,0,0,0,0,0,0,0,0,0,0,0,0,0,0,0,0,0,0,0,0,0,0,0,0,0,0,0,0,0,0,0,0,0,0,0,0,0,0,0,0,0,0,0,0,0,0
"VCT",0,0,0,0,0,0,0,0,0,0,0,0,0,0,0,0,0,0,0,0,0,0,0,0,0,0,0,0,0,0,0,0,0,0,0,0,0,0,0,0,0,0,0,0,0,0,0,0,0,0,0,0,0,0,0,0,0,0,0,0,0,0,0,0,0,0,0,0,0,0,0,0,0,0,0,0,0,0,0,0,0,0,0,0,0,0,0,0,0,0,0,0,0,0,0,0,0,0,0,0,0,0,0,0,0,0,0,0,0,0,0,0,0,0,0,0,0,0,0,0,0,0,0,0,0,0,0,0,0,0,0,0,0,0,0,0,0,0,0,0,0,0,0,0,0,0,0,0,0,0,0,0,0,0,0,0,0,0,0,0,0,0,0,0,0,0,0,0,0,0,0,0,0,0,0,0,0,0,0,0,0,0,0,0,0,0,0,0,0,0,0,0,0,0,0
"STP",0,0,0,0,0,0,0,0,0,0,0,0,0,0,0,0,0,0,0,0,0,0,0,0,0,0,0,0,0,0,0,0,0,0,0,0,0,0,0,0,0,0,0,0,0,0,0,0,0,0,0,0,0,0,0,0,0,0,0,0,0,0,0,0,0,0,0,0,0,0,0,0,0,0,0,0,0,0,0,0,0,0,0,0,0,0,0,0,0,0,0,0,0,0,0,0,0,0,0,0,0,0,0,0,0,0,0,0,0,0,0,0,0,0,0,0,0,0,0,0,0,0,0,0,0,0,0,0,0,0,0,0,0,0,0,0,0,0,0,0,0,0,0,0,0,0,0,0,0,0,0,0,0,0,0,0,0,0,0,0,0,0,0,0,0,0,0,0,0,0,0,0,0,0,0,0,0,0,0,0,0,0,0,0,0,0,0,0,0,0,0,0,0,0,0
"SAU",0,0,0,0,0,0,0,0,0,0,0,0,0,0,0,0,0,0,0,0,0,0,0,0,0,0,0,0,0,0,0,0,0,0,0,0,0,0,0,0,0,0,0,0,0,0,0,0,0,0,0,0,0,0,0,0,0,0,0,0,0,0,0,0,0,0,0,0,0,0,0,0,0,0,0,2.652e+10,0,0,0,0,0,0,0,0,0,0,103339600000,0,0,0,0,0,3.094e+10,0,0,1299480000,0,0,0,0,0,0,0,0,0,0,0,0,0,0,0,174925920000,0,0,0,0,0,0,0,0,0,0,0,0,0,0,17671160000,0,0,0,0,0,0,0,0,0,0,0,0,0,0,0,0,0,0,0,0,0,0,0,0,0,0,0,0,0,0,0,0,0,0,0,3686280000,0,0,0,0,0,0,0,0,0,0,4.03767e+11,0,0,0,0,0,0,0,0,0,0,0,822120000,0,0,0,0,0,0,0,0,0
"SEN",0,0,0,0,0,0,0,0,0,0,0,0,0,0,0,0,0,0,0,0,0,0,0,0,0,0,0,0,0,0,0,0,0,0,0,0,0,0,0,0,0,0,0,0,0,0,0,0,0,0,0,0,0,0,0,0,0,0,4579120000,0,0,0,0,0,0,0,0,15682160000,0,0,0,0,0,0,0,0,0,0,0,0,0,0,0,0,0,0,0,0,0,0,0,0,0,0,0,0,0,0,0,0,0,0,0,0,0,700480000,0,8840000,0,0,0,0,0,0,0,0,0,0,0,0,0,0,0,0,0,0,0,0,0,0,0,0,0,0,0,0,0,0,0,0,0,0,0,0,0,0,0,0,0,0,0,0,0,0,0,0,0,0,0,0,0,0,0,0,0,0,0,0,0,0,0,0,0,0,0,0,0,0,0,229840000,0,0,0,0,0,0,0,0,0,0,0,0,0,0,0
"SYC",0,0,0,0,0,0,0,0,0,0,0,0,0,0,0,0,0,0,0,0,0,0,0,0,0,0,0,0,0,0,0,0,0,0,0,0,0,0,0,0,0,0,0,0,0,0,0,0,0,0,0,0,0,0,0,0,0,0,0,0,0,0,0,0,0,0,0,0,0,0,0,0,0,0,0,0,0,0,0,0,0,0,0,0,0,0,0,0,0,0,0,0,0,0,0,0,0,0,0,0,0,0,0,0,0,0,0,0,0,0,0,0,0,0,0,0,0,0,0,0,0,0,0,0,0,0,0,0,0,0,0,0,0,0,0,0,0,0,0,0,0,0,0,0,0,0,0,0,0,0,0,0,0,0,0,0,0,0,0,0,0,0,0,0,0,0,0,0,0,0,0,0,0,0,0,0,0,0,0,0,0,0,0,0,0,0,0,0,0,0,0,0,0,0,0
"SLE",0,0,0,0,0,0,0,0,0,0,0,0,0,0,0,0,0,0,0,0,0,0,0,0,0,0,0,0,0,0,0,0,0,0,0,0,0,0,0,0,0,0,0,0,0,0,0,0,0,0,0,0,0,0,0,0,0,0,0,0,0,0,0,0,0,0,0,0,0,0,0,0,0,0,0,0,0,0,0,0,0,0,0,0,0,0,0,0,0,0,0,0,0,0,0,0,0,0,0,0,0,0,0,0,0,0,0,0,0,0,0,0,0,0,0,0,0,0,0,0,0,0,0,0,0,0,0,0,0,0,0,0,0,0,0,0,0,0,0,0,0,0,0,0,0,0,0,0,0,0,0,0,0,0,0,0,0,0,0,0,0,0,0,0,0,0,0,0,0,0,0,0,0,0,0,0,0,0,0,0,0,0,0,0,0,0,0,0,0,0,0,0,0,0,0
"SVN",0,0,0,0,0,0,0,210537400000,0,0,0,0,0,0,0,0,0,0,0,0,0,0,0,0,0,0,0,0,0,0,0,0,0,0,0,0,0,0,0,0,0,0,0,0,0,0,0,0,0,0,0,0,0,0,0,0,0,0,0,25031180000,13404390000,0,0,0,0,0,0,0,0,0,0,0,1447235680000,96232610000,0,0,0,0,0,0,0,4054144520000,0,0,0,0,0,0,0,0,0,0,0,0,0,0,0,0,0,0,0,0,0,0,0,0,0,0,0,0,0,0,0,0,0,0,0,0,0,331470000,0,0,0,0,0,0,0,0,1239750000,0,0,0,0,0,0,0,0,0,0,0,6.264e+09,0,0,0,0,0,0,0,0,0,0,0,123016020000,0,0,0,0,0,0,0,0,2.21e+08,0,0,0,0,0,0,0,0,0,0,0,0,0,0,0,0,0,0,0,0,0,0,0,0,0,0,0,0,6966990000,0,0,0,0
"SVK",0,0,0,0,0,0,0,66709690000,0,0,0,0,0,0,0,0,0,0,0,0,0,0,0,0,0,0,0,0,0,0,0,0,0,0,0,0,0,0,0,0,0,0,0,0,0,0,0,0,0,0,0,0,0,0,0,0,0,0,0,11074020000,0,0,0,560000,0,0,0,0,0,0,0,0,89284660000,0,0,0,0,0,0,560000,0,23594060000,0,52200000,0,0,0,0,0,0,0,0,0,0,0,0,0,0,0,0,0,0,0,0,0,0,0,0,0,0,0,0,0,0,0,0,0,0,0,0,0,0,0,0,0,0,0,0,25358400000,0,0,0,0,18178540000,0,0,0,0,0,0,13400000,0,0,0,0,0,0,0,0,0,0,0,0,0,0,0,0,0,0,0,0,415400000,0,0,0,0,0,0,0,0,0,0,0,0,0,0,0,0,0,0,0,0,0,0,0,0,0,0,83750000,0,83750000,0,0,0,0
"SGP",0,0,0,0,0,0,38425110000,0,0,896010000,560000,4676090000,0,0,0,0,94640000,0,4480000,3360000,1292430000,0,516160000,0,0,14540000,0,0,1274120000,0,0,2497470000,0,0,0,0,0,0,12880000,0,0,3360000,0,0,0,0,165760000,0,0,0,0,29993240000,0,18430000,0,0,0,0,560000,51520000,0,167960000,1120000,0,0,0,0,0,0,0,0,3886090000,0,0,0,1864520000,39725880000,0,0,13400000,1120000,2240000,0,0,0,137400000,0,0,15680000,608200000,0,1118040000,14865900000,0,0,11200000,0,0,0,0,6720000,42560000,0,8133410000,3969840000,0,0,150280000,496110000,109200000,0,0,16800000,0,0,597680000,572320000,0,326480000,0,40320000,2492360000,0,0,0,17360000,539240000,0,0,3328920000,0,0,74549840000,2800000,0,0,45640000,0,97440000,0,0,0,0,0,0,0,0,594720000,0,2.68e+08,0,0,0,0,0,303520000,5600000,0,0,0,5590000,20720000,0,0,29120000,0,3677240000,0,0,0,0,0,0,810630000,0,0,71680000,0,599750000,0,0,0,0,2502060000,671840000,0,0,0,29120000,0,0,0,8960000,0,0
"SOM",0,0,0,0,0,0,0,0,0,0,0,0,0,0,0,0,0,0,0,0,0,0,0,0,0,0,0,0,0,0,0,0,0,0,0,0,0,0,0,0,0,0,0,0,0,0,0,0,0,0,0,0,0,0,0,0,0,0,0,0,0,0,0,0,0,0,0,0,0,0,0,0,0,0,0,0,0,0,0,0,0,0,0,0,0,0,0,0,0,0,0,0,0,0,0,0,0,0,0,0,0,0,0,0,0,0,0,0,0,0,0,0,0,0,0,0,0,0,0,0,0,0,0,0,0,0,0,0,0,0,0,0,0,0,0,0,0,0,0,0,0,0,0,0,0,0,0,0,0,0,0,0,0,0,0,0,0,0,0,0,0,0,0,0,0,0,0,0,0,0,0,0,0,0,0,0,0,0,0,0,0,0,0,0,0,0,0,0,0,0,0,0,0,0,0
"ZAF",0,0,0,0,0,0,0,0,0,0,0,0,0,0,0,34307770000,229840000,0,0,0,0,0,0,0,0,3360000,0,0,0,0,0,1.6214e+10,0,0,187130000,0,0,0,0,0,0,0,0,0,0,0,0,0,0,0,0,0,0,5086890000,0,0,0,0,0,0,0,142560000,0,0,0,0,0,0,0,0,0,7840000,0,0,0,0,105612100000,0,0,0,0,0,0,0,0,0,0,0,153990000,0,0,0,0,0,0,0,33360540000,0,0,0,0,0,4586020000,527330200000,0,0,0,0,1653080000,0,0,0,45466940000,0,37070560000,0,0,0,0,0,0,0,0,0,3910000,0,0,0,0,0,0,0,0,0,0,0,0,0,560000,1089144480000,0,0,0,0,0,0,0,0,0,0,0,0,0,0,0,0,0,0,0,41831740000,0,1680000,0,0,221100000,70720000,0,0,0,0,0,0,0,1120000,0,0,3350000,0,0,0,0,0,0,0,0,0,13549990000,98251770000,0,0,0,0,0,0,0
"ESP",0,0,0,2062748390000,0,0,0,17680000,0,0,0,0,0,0,0,0,0,0,0,0,0,8840000,0,0,0,65250000,687400000,0,0,0,0,44200000,609960000,0,0,0,0,0,91689300000,0,0,0,0,728240000,0,167960000,1216050000,0,97240000,0,0,0,0,2122392540000,0,0,8.613e+09,0,0,2481105060000,0,97240000,0,36001070000,0,0,0,0,0,0,0,17680000,0,0,0,0,0,6.59464e+11,0,548080000,128724080000,97828030000,0,0,0,0,0,0,0,0,0,106080000,0,17680000,0,69010800000,0,0,1.7226e+10,35360000,0,2.652e+10,0,35360000,0,0,82230980000,150280000,0,560000,0,556304680000,132600000,0,0,0,50491320000,0,0,26520000,0,185640000,0,0,185640000,35483760000,8840000,0,0,0,0,0,79560000,1829440000,1978686900000,0,0,0,0,0,445720000,0,132600000,0,0,0,0,0,346722480000,0,0,0,0,8840000,0,1309416160000,0,0,0,0,185640000,5040000,61238430000,0,0,0,0,0,0,0,24946480000,461289490000,878107890000,0,0,0,215343910000,0,150280000,0,0,0,13320000,70720000,0,0,0,0,229840000,203320000,0,8840000,0,0,0
"SUR",0,0,0,0,0,0,0,0,0,0,0,0,0,0,0,0,0,0,0,0,0,0,0,0,0,0,0,0,0,0,0,0,0,0,0,0,0,0,0,0,0,0,0,0,0,0,0,0,0,0,0,0,0,0,0,0,0,0,0,0,0,0,0,0,0,0,0,0,0,0,0,0,0,0,0,0,0,0,0,0,0,0,0,0,0,0,0,0,0,0,0,0,0,0,0,0,0,0,0,0,0,0,0,0,0,0,0,0,0,0,0,0,0,0,0,0,0,0,0,0,0,0,0,0,0,0,0,0,0,0,0,0,0,0,0,0,0,0,0,0,0,0,0,0,0,0,0,0,0,0,0,0,0,0,0,0,0,0,0,0,0,0,0,0,0,0,0,0,0,0,0,0,0,0,0,0,0,0,0,0,0,0,0,0,0,0,0,0,0,0,0,0,0,0,0
"TJK",0,0,0,0,0,0,0,0,0,0,0,0,0,0,0,0,0,0,0,0,0,0,0,0,0,0,0,0,0,0,0,0,0,0,0,0,0,0,0,0,0,0,0,0,0,0,0,0,0,0,0,0,0,0,0,0,0,0,0,0,0,0,0,0,0,0,0,0,0,0,0,0,0,0,0,0,0,0,0,0,0,0,0,0,0,0,0,0,0,0,0,0,0,0,0,0,0,0,0,0,0,0,0,0,0,0,0,0,0,0,0,0,0,0,0,0,0,0,0,0,0,0,0,0,0,0,0,0,0,0,0,0,0,0,0,0,0,0,0,0,0,0,0,0,0,0,0,0,0,0,0,0,0,0,0,0,0,0,0,0,0,0,0,0,0,0,0,0,0,0,0,0,0,0,0,0,0,0,0,0,0,0,0,0,0,0,0,0,0,0,0,0,0,0,0
"SWZ",0,0,0,0,0,0,0,0,0,0,0,0,0,0,0,0,0,0,0,0,0,0,0,0,0,0,0,0,0,0,0,0,0,0,0,0,0,0,0,0,0,0,0,0,0,0,0,0,0,0,0,0,0,0,0,0,0,0,0,0,0,0,0,0,0,0,0,0,0,0,0,0,0,0,0,0,0,0,0,0,0,0,0,0,0,0,0,0,0,0,0,0,0,0,0,0,0,0,0,0,0,0,0,0,0,0,0,0,0,0,0,0,0,0,0,0,0,0,0,0,0,0,0,0,0,0,0,0,0,0,0,0,0,0,0,0,0,0,0,0,0,0,0,0,0,0,0,0,0,0,0,0,0,0,0,0,0,0,0,0,0,0,0,0,0,0,0,0,0,0,0,0,0,0,0,0,0,0,0,0,0,0,0,0,0,0,0,0,0,0,0,0,0,0,0
"SWE",0,0,0,0,0,0,0,5754840000,0,0,0,0,0,0,0,0,185640000,0,0,0,0,0,0,0,0,0,0,0,0,0,150280000,848640000,0,0,0,0,0,0,0,0,0,31669200000,0,185640000,0,0,0,0,0,103600000,560000,0,782360000,0,0,0,0,0,0,8270520000,0,0,0,0,0,0,0,0,0,0,0,0,0,0,149830000,0,0,0,0,433160000,0,1706120000,0,0,0,0,0,0,0,0,0,0,0,0,0,0,0,0,0,0,0,0,0,0,0,0,0,0,0,0,0,0,0,0,0,0,38432520000,0,0,0,0,0,0,0,0,286011180000,0,0,560000,0,0,0,0,0,6700000,0,0,0,0,0,0,0,424320000,0,0,0,0,0,0,0,0,0,0,0,0,0,560000,0,0,0,0,0,0,0,0,0,406640000,0,0,4685200000,0,0,0,0,0,0,53600000,0,1308320000,0,0,0,0,0,0,0,0,0,708410000,0,0,0,0,0,0
"CHE",0,0,0,0,0,0,0,10050000,0,0,0,0,0,0,0,0,3920000,0,0,0,0,0,0,0,0,0,0,0,0,0,0,0,0,0,0,0,0,0,0,0,0,8840000,0,0,0,0,0,0,0,0,0,0,0,3074690000,0,0,0,0,0,2074220000,0,0,0,0,0,0,0,0,0,0,0,0,0,0,0,0,0,0,0,0,0,740260000,0,0,0,17680000,0,0,0,0,0,79560000,0,0,0,0,0,0,0,0,0,0,0,0,0,0,0,0,0,0,0,0,0,0,0,0,251150000,0,0,0,0,0,0,0,0,0,0,0,0,0,0,0,0,0,0,0,0,0,0,0,0,0,0,0,0,0,0,0,0,0,0,0,0,0,0,0,44200000,0,0,0,6700000,0,0,0,0,0,0,0,0,0,0,0,0,0,0,0,406640000,0,132600000,0,0,0,0,0,0,0,0,0,1819170000,0,0,0,0,0,0
"SYR",0,0,0,0,0,0,0,0,0,0,0,0,0,0,0,0,0,0,0,0,0,0,0,0,0,0,0,0,0,0,0,0,0,0,0,0,0,0,0,0,0,0,0,0,0,0,0,0,0,0,0,0,0,0,0,0,0,0,0,0,0,0,0,0,0,0,0,0,0,0,0,0,0,0,0,0,0,0,0,0,0,0,0,0,0,0,0,0,0,0,0,0,0,0,0,0,0,0,0,0,0,0,0,0,0,0,0,0,0,0,0,0,0,0,0,0,0,0,0,0,0,0,0,0,0,0,0,0,0,0,0,0,0,0,0,0,0,0,0,0,0,0,0,0,0,0,0,0,0,0,0,0,0,0,0,0,0,0,0,0,0,0,0,0,0,0,0,0,0,0,0,0,0,0,0,0,0,0,0,0,0,0,0,0,0,0,0,0,0,0,0,0,0,0,0
"TKM",0,0,0,0,0,0,0,0,0,0,0,0,0,0,0,0,0,0,0,0,0,0,0,0,0,0,0,0,0,0,0,0,0,0,0,0,0,0,0,0,0,0,0,0,0,0,0,0,0,0,0,0,0,0,0,0,0,0,0,0,0,0,0,0,0,0,0,0,0,0,0,0,0,0,0,0,0,0,0,0,0,0,0,0,0,0,0,0,0,0,0,0,0,0,0,0,0,0,0,0,0,0,0,0,0,0,0,0,0,0,0,0,0,0,0,0,0,0,0,0,0,0,0,0,0,0,0,0,0,0,0,0,0,0,0,0,0,0,0,0,0,0,0,0,0,0,0,0,0,0,0,0,0,0,0,0,0,0,0,0,0,0,0,0,0,0,0,0,0,0,0,0,0,0,0,0,0,0,0,0,0,0,0,0,0,0,0,0,0,0,0,0,0,0,0
"TWN",0,0,0,0,0,10640000,1180970000,1680000,0,0,0,17680000,0,0,0,0,17360000,0,3920000,0,307980000,113680000,5600000,0,0,1429530000,0,0,79280000,0,29560000,9984710000,0,0,560000,0,21280000,0,0,0,0,0,1120000,0,0,1120000,0,1120000,0,0,0,1120000,0,15120000,2240000,0,0,0,0,118880000,0,560000,0,0,0,0,560000,0,0,0,0,78599260000,0,0,0,0,15996400000,0,0,0,3360000,1235480000,1680000,0,0,156862900000,1120000,0,560000,21040000,689520000,63093290000,104720000,0,0,31920000,1120000,0,0,0,82200000,4480000,0,48963680000,0,0,0,0,6160000,2240000,0,0,0,0,30720000,0,1368300000,0,3920000,0,0,5.7e+07,6160000,0,8840000,8960000,0,4480000,560000,88960000,2800000,0,18048020000,0,17360000,0,0,0,560000,0,0,0,202160000,0,0,0,0,92400000,18240000,0,0,0,0,3139880000,0,452350000,444080000,0,0,62440000,12320000,0,0,0,0,0,1496660000,0,68690000,481520000,0,0,41760000,0,0,0,77720000,0,10945270000,0,6160000,0,3920000,17962460000,0,0,0,0,41440000,0,0,0,0,0,0
"TZA",0,0,0,0,0,0,0,0,0,0,0,0,0,0,0,0,0,0,0,0,0,0,0,8822790000,0,0,0,0,0,0,0,565760000,0,0,0,0,0,0,0,0,0,0,0,0,0,0,0,0,0,0,0,0,0,0,0,0,0,0,0,0,0,0,0,0,0,0,0,0,0,0,0,0,46900000,0,0,241200000,0,0,0,0,0,1793350000,0,0,0,0,0,0,3435700000,0,0,0,0,0,0,0,0,0,0,0,0,0,0,0,0,0,0,0,0,0,0,0,0,0,0,0,592280000,0,0,0,0,0,0,0,0,0,0,0,0,0,0,0,0,0,0,0,0,0,0,3360000,0,16750000,0,0,0,0,0,0,0,0,0,0,0,0,0,77050000,0,0,0,2077400000,0,2.652e+09,0,0,0,0,0,0,0,0,50250000,0,0,0,9199940000,0,0,0,0,0,0,0,0,0,0,0,3350000,66980000,0,0,0,0,0,0,0
"THA",0,0,0,13440000,0,0,2787240000,3360000,0,20160000,0,20720000,0,0,0,2240000,0,0,0,0,6700000,2240000,17855190000,0,0,1550920000,0,0,1680000,0,5600000,537960000,0,0,0,0,0,0,11180000,0,1120000,62710000,0,0,0,0,42510000,0,0,1120000,0,1120000,18480000,543760000,0,0,0,0,0,368110000,0,0,0,3360000,0,0,0,0,0,0,0,89430320000,0,0,9520000,154749800000,25026760000,0,0,64960000,305760000,33040000,0,0,0,3864670000,3360000,0,0,34043310000,1264120000,239870910000,17920000,0,9419800000,8400000,0,0,0,0,0,2240000,0,53926650000,1814030000,0,1680000,0,0,4480000,560000,0,1680000,0,0,0,754880000,0,35280000,0,3360000,146110000,0,0,3360000,111440000,0,0,23520000,0,0,0,76008220000,106960000,0,0,0,0,2.8e+07,0,0,0,1680000,0,0,0,0,165760000,4480000,0,0,0,0,953260000,0,29680000,26880000,0,0,0,462560000,144480000,0,0,1175970000,0,0,459680000,0,0,0,3920000,2240000,105270000,0,0,541490000,0,4862850000,0,0,0,0,333271620000,0,5040000,0,0,232620000,0,0,0,0,0,0
"TGO",0,0,0,0,0,0,0,0,0,0,0,0,0,0,0,0,0,0,0,0,0,0,0,0,0,0,0,0,0,0,0,3638100000,0,0,0,0,0,0,0,0,10474600000,0,0,0,0,0,0,0,0,0,0,0,0,6.7e+08,0,0,0,0,0,0,0,0,0,0,0,0,0,0,0,0,0,0,0,0,0,0,0,0,0,0,0,0,0,0,0,0,0,0,0,0,0,0,0,0,0,0,0,0,0,0,0,0,0,0,0,0,0,0,0,0,0,0,0,0,0,0,0,0,0,0,0,0,0,0,17680000,0,0,0,0,0,0,0,0,0,0,0,0,0,0,0,0,0,0,0,0,0,0,0,0,0,0,0,0,0,0,0,7038350000,0,0,0,0,0,0,0,0,0,0,0,0,0,0,0,0,0,0,0,0,0,0,6.7e+09,0,0,0,0,0,0,0,0,0,0,0,0,0,0,0
"TON",0,0,0,0,0,0,0,0,0,0,0,0,0,0,0,0,0,0,0,0,0,0,0,0,0,0,0,0,0,0,0,0,0,0,0,0,0,0,0,0,0,0,0,0,0,0,0,0,0,0,0,0,0,0,0,0,0,0,0,0,0,0,0,0,0,0,0,0,0,0,0,0,0,0,0,0,0,0,0,0,0,0,0,0,0,0,0,0,0,0,0,0,0,0,0,0,0,0,0,0,0,0,0,0,0,0,0,0,0,0,0,0,0,0,0,0,0,0,0,0,0,0,0,0,0,0,0,0,0,0,0,0,0,0,0,0,0,0,0,0,0,0,0,0,0,0,0,0,0,0,0,0,0,0,0,0,0,0,0,0,0,0,0,0,0,0,0,0,0,0,0,0,0,0,0,0,0,0,0,0,0,0,0,0,0,0,0,0,0,0,0,0,0,0,0
"TTO",0,0,0,0,0,0,0,0,0,0,0,0,0,0,0,0,0,0,0,0,0,0,0,0,0,0,0,0,0,0,0,0,0,0,0,0,0,0,0,0,0,0,0,0,0,0,0,0,0,0,0,0,0,0,0,0,0,0,0,0,0,0,0,0,0,0,0,0,0,0,0,0,0,0,0,0,0,0,0,0,0,0,0,0,0,0,0,0,0,0,0,0,0,0,0,0,0,0,0,0,0,0,0,0,0,0,0,0,0,0,0,0,0,0,0,0,0,0,0,0,0,0,0,0,0,0,0,0,0,0,0,0,0,0,0,0,0,0,0,0,0,0,0,0,0,0,0,0,0,0,0,0,0,0,0,0,0,0,0,0,0,0,0,0,0,0,0,0,0,0,0,0,0,0,0,0,0,0,0,0,0,0,0,0,0,0,0,0,0,0,0,0,0,0,0
"OMN",0,0,0,0,0,0,0,0,0,0,0,0,0,0,0,0,0,0,0,0,0,0,0,0,0,0,0,0,0,0,0,0,0,0,0,0,0,0,0,0,0,0,0,0,0,0,0,0,0,0,0,0,0,0,0,0,0,0,0,0,0,0,0,0,0,0,0,0,0,0,0,0,0,0,0,49590000,0,0,353600000,0,0,0,0,0,0,0,0,0,0,0,0,0,0,0,0,0,0,0,0,0,0,0,0,0,0,0,0,0,0,0,0,0,0,0,0,0,0,0,0,0,0,0,0,0,0,0,0,0,0,0,0,0,0,0,0,0,0,0,8840000,0,0,0,0,0,0,0,0,62640000,0,0,0,0,0,0,0,0,0,0,0,0,0,0,0,0,0,0,0,0,0,0,0,0,0,41760000,0,0,0,0,0,0,0,0,0,0,0,0,0,0,0,0,0,0,0,0,0
"TUN",0,0,0,0,0,0,0,0,0,0,0,0,0,0,0,0,0,0,0,0,0,0,0,0,6895200000,0,0,0,0,0,0,0,0,0,981240000,0,0,0,0,0,0,0,0,0,0,0,0,0,724880000,0,0,0,0,0,0,0,0,0,176800000,2351440000,0,0,0,0,0,0,0,0,0,0,0,0,0,0,0,0,0,0,0,0,0,786760000,0,0,0,0,0,0,0,0,0,0,0,0,0,1007760000,0,0,21885720000,0,0,0,0,0,0,0,11659960000,0,0,0,0,0,0,0,0,0,11085360000,0,0,0,0,0,0,0,0,0,0,0,0,0,0,0,0,0,981240000,0,0,0,0,0,0,0,0,0,0,0,0,0,109598320000,0,0,0,0,0,0,0,26528840000,0,0,0,0,1591200000,0,0,0,0,0,0,0,0,0,0,0,0,0,0,0,0,0,0,0,0,0,0,0,0,0,0,981240000,0,0,0,0,0,0
"TUR",0,8840000,0,560000,0,0,167960000,0,0,0,0,0,0,0,0,0,0,0,0,0,0,26520000,167960000,0,0,5569780000,0,0,132600000,0,0,0,0,0,0,0,0,0,93197050000,442850000,0,0,0,0,0,0,0,0,0,0,0,0,0,0,0,0,18959560000,0,0,0,0,323640000,0,0,0,123760000,0,0,0,0,4923880000,0,0,0,0,0,0,2693320000,35200470000,0,10378160000,0,0,0,0,0,0,0,0,0,0,0,0,0,0,0,0,0,0,0,0,0,4552600000,8840000,0,0,0,5136040000,0,0,0,8840000,0,0,0,0,6.7e+09,0,0,0,0,0,0,0,0,1290640000,579420000,203320000,0,0,0,0,176800000,0,0,0,0,0,0,0,0,0,0,0,0,0,0,20880000,3721640000,0,0,38779600000,0,0,0,0,0,0,0,0,0,0,0,250560000,0,0,0,0,0,0,0,0,0,0,0,0,0,0,1.9497e+10,0,0,0,0,0,176800000,0,0,0,0,0,0,0,11324040000,0,5790200000
"ARE",0,0,0,0,0,0,0,0,0,0,0,0,0,0,0,0,0,0,0,0,0,0,0,0,0,0,0,0,0,0,0,0,0,0,0,0,0,0,0,0,0,0,0,0,0,0,0,0,0,0,0,0,0,0,0,0,0,0,0,0,0,0,0,0,0,0,0,0,0,0,0,0,0,0,0,0,0,0,0,0,0,0,0,0,0,0,0,0,0,0,0,0,0,0,0,0,0,0,0,0,0,0,0,0,0,0,0,0,0,0,0,0,0,0,0,0,0,0,0,0,0,0,0,0,0,0,0,0,0,0,0,0,0,0,0,0,0,0,0,0,0,0,0,0,0,0,0,0,0,0,0,0,0,0,0,0,0,0,0,0,0,0,0,0,0,0,0,0,0,0,0,0,0,0,0,0,0,0,0,0,0,0,0,0,0,0,0,0,0,0,0,0,0,0,0
"UGA",0,0,0,0,0,0,0,0,0,0,0,0,0,0,0,0,0,0,0,0,0,0,0,2.01e+08,0,0,0,0,0,0,0,532650000,0,0,0,0,0,0,0,0,0,0,0,0,0,0,0,0,0,0,0,0,0,0,0,0,0,0,0,0,0,0,0,0,0,0,0,0,0,0,0,0,0,0,0,1118900000,0,140700000,0,0,0,0,0,0,0,0,0,0,64230140000,0,0,0,0,0,0,0,0,0,0,0,0,0,0,0,0,0,0,0,0,0,0,0,0,0,0,0,0,0,0,0,0,0,0,0,0,0,0,0,0,0,0,0,0,0,0,0,0,221100000,0,0,0,1394860000,0,0,0,0,0,0,0,0,0,0,0,0,0,0,0,0,0,0,0,908280000,0,0,0,12650300000,20410200000,0,0,0,0,0,0,0,0,0,0,0,0,0,0,0,0,3376800000,0,0,390920000,0,0,0,0,0,13400000,6.7e+07,0
"TUV",0,0,0,0,0,0,0,0,0,0,0,0,0,0,0,0,0,0,0,0,0,0,0,0,0,0,0,0,0,0,0,0,0,0,0,0,0,0,0,0,0,0,0,0,0,0,0,0,0,0,0,0,0,0,0,0,0,0,0,0,0,0,0,0,0,0,0,0,0,0,0,0,0,0,0,0,0,0,0,0,0,0,0,0,0,0,0,0,0,0,0,0,0,0,0,0,0,0,0,0,0,0,0,0,0,0,0,0,0,0,0,0,0,0,0,0,0,0,0,0,0,0,0,0,0,0,0,0,0,0,0,0,0,0,0,0,0,0,0,0,0,0,0,0,0,0,0,0,0,0,0,0,0,0,0,0,0,0,0,0,0,0,0,0,0,0,0,0,0,0,0,0,0,0,0,0,0,0,0,0,0,0,0,0,0,0,0,0,0,0,0,0,0,0,0
"GBR",560000,3360000,0,0,0,0,1680000,11760000,0,0,0,0,0,0,0,0,0,0,0,0,0,0,0,0,0,575320000,0,0,0,0,0,351840000,0,0,0,0,0,0,6278750000,560000,0,6666150000,0,0,0,0,25760000,0,0,1120000,0,0,262180000,11223210000,0,0,0,0,0,2698570000,0,106080000,0,42550000,0,0,0,0,539240000,0,0,194880000,1120000,1120000,7679710000,3350000,0,0,0,465442760000,0,3395230000,0,560000,0,120600000,0,0,1680000,0,0,0,3360000,2800000,0,10640000,0,0,114920000,3910000,0,0,0,7260000,0,0,302750000,0,0,0,0,0,0,0,0,0,31488390000,0,0,0,0,0,0,0,0,2724910000,0,0,105840000,0,0,0,21030000,148390000,44560000,0,0,0,26520000,0,7280000,0,214480000,0,0,0,0,6150000,0,0,0,1120000,6160000,92030000,0,715790000,5727180000,0,0,0,7854260000,49230000,0,0,0,3350000,1680000,0,0,2240000,0,8840000,632500000,15670000,0,0,0,0,4432040000,0,0,0,0,0,0,0,0,0,337980000,0,8840000,0,0,0,0
"UKR",9441120000,0,0,0,0,0,0,25580600000,0,0,0,0,0,0,0,0,0,0,0,0,0,15460250000,2274650000,0,0,0,0,0,0,0,0,1057650000,0,0,0,0,0,0,0,36337650000,0,0,0,0,129485100000,0,1.593851e+12,0,0,0,0,0,0,0,0,0,33201150000,0,0,131139100000,0,0,0,760597400000,0,0,0,0,0,0,0,8353800000,127762550000,172260000,0,6251100000,28890400000,57420000,77050000,0,39562640000,3.334389e+12,0,8711190000,0,6338200000,8088600000,35360000,0,0,1405040000,0,0,4490720000,0,5.415e+10,0,0,0,7.3442e+10,0,0,0,40585430000,0,0,0,0,7584720000,0,0,0,0,37080880000,0,24428200000,201882450000,0,0,0,0,0,0,0,0,0,0,140700000,14268700000,0,0,0,0,854847660000,52846250000,0,0,0,0,0,161005740000,0,677071020000,0,0,0,0,972400000,0,0,0,194480000,19199370000,0,0,0,908729380000,0,0,0,0,2505800000,326973400000,8392760000,0,14895400000,129299950000,0,0,0,59714200000,1.768e+10,1047779590000,88223200000,0,0,5509640000,0,0,0,0,37303700000,0,107947050000,0,0,0,0,777200000,0,3239450000,0,0,0,0
"USA",2.61e+08,21773800000,0,228637550000,54160000,36696850000,222702310000,16750000,39981600000,234880000,138014470000,380844500000,0,0,0,0,566430000,0,6359040000,0,3522240000,5220000,10909800000,0,0,7387450860000,0,0,129142800000,0,25992590000,173842732030000,2996646960000,0,8840000,0,1446434500000,1154112130000,16800000,1430280000,0,980276850000,79560000,2022487290000,2240000,1756900890000,7830036380000,740638420000,0,0,0,0,1840850000,556179270000,17680000,0,80714250000,0,0,10351543750000,0,11254320000,0,61083760000,0,18337660000,1823057930000,17680000,91771110000,69100040000,913019150000,158737110000,505850000,539350000,1093600000,1002300480000,12157917420000,228637500000,40200000,625870630000,1397430690000,1462650470000,0,8840000,986579720000,13247296600000,2274200000,0,0,2631440000,0,4741001260000,3262360000,327682890000,0,95270040000,0,3564190000,150696180000,0,0,44818800000,0,2011097580000,0,18210400000,560000,0,0,26843539020000,0,3.340374e+12,205742160000,0,0,0,967904560000,0,0,104400000,0,1491370000,996720770000,1794520000,23769650000,115051960000,1450380000,752050190000,1101610000,0,0,359243830000,1698996900000,1004679080000,721565520000,0,0,0,1316870000,560000,315408240000,0,1261163280000,1962480000,1545140000,16655080000,0,1906355210000,9.724e+09,0,0,0,3312090000,108831250000,0,32134110000,5408772310000,26661840000,0,0,410840000,510184900000,7.7256e+10,0,8262528060000,0,3682086400000,0,0,347925950000,17503780000,1351468250000,5113716730000,46061600000,5012280000,0,1766836050000,7699320000,0,0,4417050000,0,4949127600000,4334394190000,11315200000,0,59370290000,0,95592170000,3544840000,464580000,0,0,0,0
"BFA",0,0,0,0,0,0,0,0,0,0,0,0,0,0,0,0,0,0,0,0,0,0,0,0,0,0,0,0,0,0,0,0,0,0,0,0,0,0,0,0,0,0,0,0,0,0,0,0,0,0,0,0,0,284750000,0,0,0,0,0,0,0,0,0,0,0,0,0,0,0,0,0,0,0,0,0,0,0,0,0,0,0,0,0,0,0,0,0,0,0,0,0,0,0,0,0,0,0,0,0,0,0,0,0,0,0,100500000,0,0,0,0,0,0,0,0,0,0,0,0,0,0,0,0,0,0,0,0,0,0,0,0,0,0,0,0,0,0,0,0,0,0,0,0,0,0,0,0,0,0,0,0,0,0,0,0,0,0,0,0,0,0,0,0,0,0,0,0,0,0,0,0,0,0,0,0,0,0,0,0,0,0,0,0,0,0,0,0,0,0,0,0,0,0,0,0,0
"URY",0,0,0,0,0,93800000,0,0,0,0,0,402793950000,0,0,0,0,335757100000,0,0,0,0,0,0,0,0,154100000,0,0,0,0,0,6987986100000,0,0,0,0,0,0,0,0,0,0,0,0,0,0,470591250000,0,0,0,0,0,0,0,0,0,0,0,0,388455950000,0,0,0,84095050000,0,0,0,0,0,0,0,27007700000,0,0,0,0,45781100000,0,0,0,0,202638150000,0,0,0,11611100000,0,0,0,0,0,0,0,0,0,0,0,0,0,0,0,0,0,3.953e+09,0,0,0,0,0,0,0,0,0,0,0,0,328859450000,0,0,0,0,0,0,0,0,0,0,0,0,0,3420350000,0,3507450000,0,0,0,0,0,0,0,0,0,203864250000,0,0,0,0,0,0,0,0,0,0,3557700000,0,0,0,0,0,0,0,0,0,0,378550000,0,15992900000,0,0,0,0,540478950000,42290400000,0,0,0,0,0,34508350000,0,0,0,0,91243950000,0,0,0,0,0,0,0,0,0,0,0
"UZB",0,0,0,0,0,0,0,0,0,0,0,0,0,0,0,0,0,0,0,0,0,0,0,0,0,0,0,0,0,0,0,0,0,0,0,0,0,0,0,0,0,0,0,0,0,0,0,0,0,0,0,0,0,0,0,0,0,0,0,0,0,0,0,0,0,0,0,0,0,0,0,0,0,0,0,0,0,0,0,0,0,0,0,0,0,0,0,0,0,0,0,0,0,0,0,0,0,0,0,0,0,0,0,0,0,0,0,0,0,0,0,0,0,0,0,0,0,0,0,0,0,0,0,0,0,0,0,0,0,0,0,0,0,0,0,0,0,0,0,0,0,0,0,0,0,0,0,0,0,0,0,0,0,0,0,0,0,0,0,0,0,0,0,0,0,0,0,0,0,0,0,0,0,0,0,0,0,0,0,0,0,0,0,0,0,0,0,0,0,0,0,0,0,0,0
"VEN",0,0,0,0,0,0,0,0,0,0,0,0,0,0,0,0,0,0,0,0,0,0,0,0,0,0,0,0,0,0,0,0,1.139e+09,0,0,0,0,0,0,0,0,0,0,0,0,0,0,0,0,0,0,0,0,0,0,0,0,0,0,0,0,0,0,0,0,0,0,0,0,0,0,0,0,0,0,0,0,0,0,0,0,0,0,0,0,0,0,0,0,0,0,0,0,0,0,0,0,0,0,0,0,0,0,0,0,0,0,0,0,0,0,0,0,0,0,0,0,0,0,0,0,0,0,0,0,0,0,0,0,0,0,0,0,0,0,0,0,0,0,0,0,0,0,0,0,0,0,0,0,0,0,0,0,0,0,0,0,0,0,0,0,0,0,0,0,0,0,0,0,0,0,0,0,0,0,0,0,0,0,0,0,0,0,0,0,0,0,0,0,0,0,0,0,0,0
"VNM",0,0,0,0,0,0,0,0,0,0,0,0,0,0,0,0,0,0,0,0,0,0,0,0,0,6700000,0,0,0,0,0,0,0,0,0,0,0,0,0,0,0,0,0,0,0,0,0,0,0,0,0,0,0,0,0,0,0,0,0,33500000,0,0,0,0,0,0,0,0,0,0,0,0,0,0,0,0,0,0,0,0,0,0,0,0,0,0,0,0,0,0,0,3350000,0,0,6700000,0,0,0,0,0,0,0,0,0,0,0,0,0,0,0,0,0,0,0,0,0,0,0,6700000,0,0,0,0,0,0,0,0,0,20100000,0,0,0,0,0,0,0,0,0,0,0,0,0,0,0,0,0,0,0,0,0,0,0,0,0,0,0,0,0,0,0,0,6700000,0,0,0,0,0,0,0,0,0,0,0,0,0,0,0,0,23450000,0,0,0,0,0,0,0,0,0,0,0,0,0,0,0,0
"ETH",0,0,0,0,0,0,0,0,0,0,0,0,0,0,0,0,0,0,0,0,0,0,0,0,0,0,0,0,2.211e+09,0,0,0,0,0,0,0,0,0,0,0,0,0,0,0,0,0,0,0,0,0,0,0,0,0,0,0,0,0,0,0,0,0,0,0,0,0,0,0,0,0,0,0,0,0,0,3.015e+09,38300550000,0,0,0,0,0,0,0,0,0,0,0,1.675e+09,0,0,502500000,0,0,0,0,0,0,0,0,0,0,0,22146850000,0,0,0,0,0,0,0,0,0,0,0,0,0,0,0,0,0,0,0,0,0,0,1695100000,0,0,0,0,0,0,0,0,0,0,0,0,0,0,0,0,0,0,0,0,0,0,0,0,0,0,0,0,8.04e+08,0,0,0,0,0,0,0,0,24568900000,0,0,0,0,0,0,0,0,2.68e+08,0,0,0,0,8.04e+08,0,0,0,0,54350400000,0,0,0,0,0,0,0,0,5132200000,0,0
"YEM",0,0,0,0,0,0,0,0,0,0,0,0,0,0,0,0,0,0,0,0,0,0,0,0,0,0,0,0,0,0,0,0,0,0,0,0,0,0,0,0,0,0,0,0,0,0,0,0,0,0,0,0,0,0,0,0,0,0,0,0,0,0,0,0,0,0,0,0,0,0,0,0,0,0,0,0,0,0,0,0,0,0,0,0,0,0,0,0,0,0,0,0,0,0,0,0,0,0,0,0,0,0,0,0,0,0,0,0,0,0,0,0,0,0,0,0,0,0,0,0,0,0,0,0,0,0,0,0,0,0,0,0,0,0,0,0,0,0,0,0,0,0,0,0,0,0,0,0,0,0,0,0,0,0,0,0,0,0,0,0,0,0,0,0,0,0,0,0,0,0,0,0,0,0,0,0,0,0,0,0,0,0,0,0,0,0,0,0,0,0,0,0,0,0,0
"COD",0,0,0,0,0,0,0,0,0,0,0,0,0,0,0,0,0,0,0,0,0,0,0,0,0,0,0,0,0,0,0,0,0,0,0,0,0,0,0,0,0,0,0,0,0,0,0,0,0,0,0,0,0,0,0,0,0,0,0,0,0,0,0,0,0,0,0,0,0,0,0,0,0,0,0,0,0,0,0,0,0,0,0,0,0,0,0,0,0,0,0,0,0,0,0,0,0,0,0,0,0,0,0,0,0,0,0,0,0,0,0,0,0,0,0,0,0,0,0,0,0,0,0,0,0,0,0,0,0,0,0,0,0,0,0,0,0,0,0,0,0,0,0,0,0,0,0,0,0,0,0,0,0,0,0,0,0,0,0,0,0,0,0,0,0,0,0,0,0,0,0,0,0,0,0,0,0,0,0,0,0,0,0,0,0,0,0,0,0,0,0,0,0,0,0
"ZMB",0,0,0,0,6.7e+07,0,0,0,0,0,0,0,0,0,0,6476800000,0,0,0,0,0,0,0,0,0,0,0,0,0,0,0,0,0,0,0,0,0,0,0,0,0,0,0,0,0,0,0,0,0,0,0,0,0,0,0,0,0,0,0,0,0,0,0,0,0,0,0,0,0,0,0,0,0,0,0,0,0,0,0,0,0,0,0,0,0,0,0,0,0,0,0,0,0,0,0,0,0,0,0,0,0,0,3585230000,0,0,0,0,0,0,0,0,6700000,0,0,728190000,0,0,0,0,0,0,0,0,0,0,0,0,0,0,0,0,0,0,0,0,0,0,0,0,125915200000,0,33500000,0,0,0,0,0,0,0,0,0,0,0,0,0,2698350000,0,0,0,0,0,0,0,0,0,2094810000,0,0,0,0,0,0,0,0,0,0,0,0,0,0,0,0,0,0,0,0,4814870000,0,0,0,0,0,0,0,0
"BEL",5220000,114920000,0,0,141440000,0,0,61695740000,0,0,0,4879680000,0,0,0,0,0,0,0,0,0,2704400000,0,86130000,9307430000,2017530000,3933800000,17680000,0,362440000,0,61880000,0,0,5354800000,0,0,1812200000,15593760000,8840000,217300000,9909190000,2307240000,247520000,584640000,0,530400000,2634320000,284490000,115810000,0,0,19080120000,2529358910000,3129360000,106080000,0,26372600000,61880000,291807190000,15660000,8132310000,0,2066240000,0,0,0,7448910000,2477740000,3368040000,4278560000,0,6517840000,1120000,124880000,0,0,4635360000,0,54524680000,26302360000,19863210000,3515240000,0,0,0,0,1079080000,565760000,0,0,26520000,3597880000,8424910000,0,2616640000,0,97240000,53040000,6460980000,0,0,335920000,454190000,0,593310000,16556430000,2267170000,309400000,0,123760000,85370000,0,5220000,0,17680000,1056372890000,0,609960000,0,194480000,0,327080000,0,177480000,8314080000,0,406640000,5557580000,0,0,0,29450000,25217690000,27467840000,0,0,0,0,0,3619090000,0,4796400000,813280000,0,680680000,0,0,1879390000,388960000,233720000,3360000,6682610000,0,0,147590000,172705660000,21510320000,0,0,6055150000,40112370000,8840000,0,0,0,120060000,83520000,0,4084080000,0,0,0,1785680000,0,0,127565180000,0,35360000,104400000,0,0,0,0,123760000,3032120000,12136610000,0,0,10527880000,3360000,0,4782440000,0,1113840000
"LUX",0,0,0,0,0,0,0,0,0,0,0,0,0,0,0,0,0,0,0,0,0,8840000,0,0,0,0,0,0,0,0,0,0,0,0,0,0,0,0,0,0,0,0,0,0,0,0,0,0,0,0,0,0,88400000,18740440000,0,0,0,0,0,7208310000,0,0,0,0,0,0,0,0,0,0,0,0,35360000,0,0,0,0,0,0,0,0,0,0,0,0,0,0,0,0,0,0,0,0,0,0,0,0,0,0,0,0,0,0,0,0,0,0,0,0,0,0,44200000,0,0,0,0,1200600000,0,0,0,0,0,0,0,0,0,0,0,0,0,0,0,0,0,0,0,0,0,0,0,0,0,0,0,0,0,0,0,0,0,0,0,0,0,0,0,17680000,0,0,0,0,0,0,0,0,0,0,0,0,0,0,0,0,0,0,0,44200000,0,0,0,0,0,0,0,0,0,0,0,7183690000,0,0,0,0,0,0
"SRB",0,0,65250000,0,0,0,0,18698520000,0,0,0,0,0,0,0,0,0,0,0,0,0,160826120000,0,0,0,0,0,0,0,0,0,0,0,0,0,0,0,0,1281800000,0,0,0,0,0,52200000,0,0,0,0,0,0,0,0,0,0,0,0,0,0,52078790000,107775680000,0,0,37258170000,0,0,0,0,0,0,0,0,35488100000,132051360000,0,0,0,0,0,0,0,84782360000,0,0,0,0,0,0,0,0,0,0,0,0,0,0,0,0,0,0,0,0,0,0,0,0,0,0,0,0,0,0,0,23450000,0,0,67555280000,0,0,16720380000,0,0,0,0,0,15296100000,0,0,0,0,0,0,0,7830000,0,0,0,0,0,0,13025230000,0,4571740000,0,0,0,0,0,0,0,0,134130520000,3855080000,0,0,0,0,0,0,0,8840000,13419120000,0,0,0,0,0,0,0,0,0,0,0,0,0,0,0,324950000,0,0,0,623100000,0,0,0,0,0,0,15405520000,0,0,2280010000,0,0,0
"MNE",0,0,0,0,0,0,0,0,0,0,0,0,0,0,0,0,0,0,0,0,0,0,0,0,0,0,0,0,0,0,0,0,0,0,0,0,0,0,0,0,0,0,0,0,0,0,0,0,0,0,0,0,0,0,0,0,0,0,0,0,0,0,0,0,0,0,0,0,0,0,0,0,0,0,0,0,0,0,0,0,0,0,0,0,0,0,0,0,0,0,0,0,0,0,0,0,0,0,0,0,0,0,0,0,0,0,0,0,0,0,0,0,0,0,0,0,0,0,0,0,0,0,0,0,0,0,0,0,0,0,0,0,0,0,0,0,0,0,0,0,0,0,0,0,0,0,0,0,0,0,0,0,0,0,0,0,0,0,0,0,0,0,0,0,0,0,0,0,0,0,0,0,0,0,0,0,0,0,0,0,0,0,0,0,0,0,0,0,0,0,0,0,0,0,0
"SDN",0,0,0,0,0,0,0,0,0,0,0,0,0,0,0,0,0,0,0,0,0,0,0,0,0,0,0,0,0,0,0,0,0,0,0,0,0,0,0,0,0,0,0,0,0,0,0,0,0,0,0,0,0,0,0,0,0,0,0,0,0,0,0,0,0,0,0,0,0,0,0,0,0,0,0,0,0,0,0,0,0,0,0,0,0,0,0,0,0,0,0,0,0,0,0,0,0,0,0,0,0,0,0,0,0,0,0,0,0,0,0,0,0,0,0,0,0,0,0,0,0,0,0,0,0,0,0,0,0,0,0,0,0,0,0,0,0,0,0,0,0,0,0,0,0,0,0,0,0,0,0,0,0,0,0,0,0,0,0,0,0,0,0,0,0,0,0,0,0,0,0,0,0,0,0,0,0,0,0,0,0,0,0,0,0,0,0,0,0,0,0,0,0,0,0
"SSD",0,0,0,0,0,0,0,0,0,0,0,0,0,0,0,0,0,0,0,0,0,0,0,0,0,0,0,0,0,0,0,0,0,0,0,0,0,0,0,0,0,0,0,0,0,0,0,0,0,0,0,0,0,0,0,0,0,0,0,0,0,0,0,0,0,0,0,0,0,0,0,0,0,0,0,0,0,0,0,0,0,0,0,0,0,0,0,0,0,0,0,0,0,0,0,0,0,0,0,0,0,0,0,0,0,0,0,0,0,0,0,0,0,0,0,0,0,0,0,0,0,0,0,0,0,0,0,0,0,0,0,0,0,0,0,0,0,0,0,0,0,0,0,0,0,0,0,0,0,0,0,0,0,0,0,0,0,0,0,0,0,0,0,0,0,0,0,0,0,0,0,0,0,0,0,0,0,0,0,0,0,0,0,0,0,0,0,0,0,0,0,0,0,0,0
"PSE",0,0,0,0,0,0,0,0,0,0,0,0,0,0,0,0,0,0,0,0,0,0,0,0,0,0,0,0,0,0,0,0,0,0,0,0,0,0,0,0,0,0,0,0,0,0,0,0,0,0,0,0,0,0,0,0,0,0,0,0,0,0,0,0,0,0,0,0,0,0,0,0,0,0,0,0,0,0,0,0,0,0,0,0,0,0,0,0,0,0,0,0,0,0,0,0,0,0,0,0,0,0,0,0,0,0,0,0,0,0,0,0,0,0,0,0,0,0,0,0,0,0,0,0,0,0,0,0,0,0,0,0,0,0,0,0,0,0,0,0,0,0,0,0,0,0,0,0,0,0,0,0,0,0,0,0,0,0,0,0,0,0,0,0,0,0,0,0,0,0,0,0,0,0,0,0,0,0,0,0,0,0,0,0,0,0,0,0,0,0,0,0,0,0,0
