"","ARM","AFG","ALB","DZA","ATG","ARG","AUS","AUT","BHS","BHR","BRB","BGD","BMU","BTN","BOL","BWA","BRA","ARB","BLZ","SLB","BRN","BGR","MMR","BDI","CMR","CAN","CPV","CAF","LKA","TCD","CHL","CHN","COL","COM","COG","COK","CRI","CUB","CYP","AZE","BEN","DNK","DMA","DOM","BLR","ECU","EGY","SLV","GNQ","EST","FRO","FJI","FIN","FRA","PYF","DJI","GEO","GAB","GMB","DEU","BIH","GHA","KIR","GRC","GRL","GRD","GTM","GIN","GUY","HTI","HND","HKG","HUN","HRV","ISL","IND","IDN","IRN","IRQ","IRL","ISR","ITA","CIV","KAZ","JAM","JPN","JOR","KGZ","KEN","KHM","PRK","KOR","KWT","LVA","LAO","LBN","LSO","LBR","LBY","LTU","MAC","MDG","MWI","MYS","MDV","MLI","MLT","MRT","MUS","MEX","MNG","MAR","MOZ","MDA","NAM","NPL","NLD","ANT","NCL","MKD","VUT","NZL","NIC","NER","NGA","NOR","PAK","PAN","CZE","PNG","PRY","PER","PHL","POL","PRT","GNB","TLS","ERI","QAT","ZWE","ROU","RWA","RUS","KNA","LCA","VCT","STP","SAU","SEN","SYC","SLE","SVN","SVK","SGP","SOM","ZAF","ESP","SUR","TJK","SWZ","SWE","CHE","SYR","TKM","TWN","TZA","THA","TGO","TON","TTO","OMN","TUN","TUR","ARE","UGA","TUV","GBR","UKR","USA","BFA","URY","UZB","VEN","VNM","ETH","YEM","COD","ZMB","BEL","LUX","SRB","MNE","SDN","SSD","PSE"
"ARM",0,0,0,0,0,0,0,0,0,0,0,0,0,0,0,0,0,0,0,0,0,0,0,0,0,0,0,0,0,0,0,0,0,0,0,0,0,0,0,0,0,0,0,0,0,0,0,0,0,0,0,0,0,0,0,0,0,0,0,0,0,0,0,0,0,0,0,0,0,0,0,0,0,0,0,0,0,0,0,0,0,0,0,0,0,0,0,0,0,0,0,0,0,0,0,0,0,0,0,0,0,0,0,0,0,0,0,0,0,0,0,0,0,0,0,0,0,0,0,0,0,0,0,0,0,0,0,0,0,0,0,0,0,0,0,0,0,0,0,0,0,0,0,0,0,0,0,0,0,0,0,0,0,0,0,0,0,0,0,0,0,0,0,0,0,0,0,0,0,0,0,0,0,0,0,0,0,0,0,0,0,0,0,0,0,0,0,0,0,0,0,0,0,0,0
"AFG",0,0,0,0,0,0,0,0,0,0,0,0,0,0,0,0,0,0,0,0,0,0,0,0,0,0,0,0,0,0,0,0,0,0,0,0,0,0,0,0,0,0,0,0,0,0,0,0,0,0,0,0,0,0,0,0,0,0,0,0,0,0,0,0,0,0,0,0,0,0,0,0,0,0,0,0,0,0,0,0,0,0,0,0,0,0,0,0,0,0,0,0,0,0,0,0,0,0,0,0,0,0,0,0,0,0,0,0,0,0,0,0,0,0,0,0,0,0,0,0,0,0,0,0,0,0,0,0,0,0,0,0,0,0,0,0,0,0,0,0,0,0,0,0,0,0,0,0,0,0,0,0,0,0,0,0,0,0,0,0,0,0,0,0,0,0,0,0,0,0,0,0,0,0,0,0,0,0,0,0,0,0,0,0,0,0,0,0,0,0,0,0,0,0,0
"ALB",0,0,0,0,0,0,0,0,0,0,0,0,0,0,0,0,0,0,0,0,0,0,0,0,0,0,0,0,0,0,0,0,0,0,0,0,0,0,0,0,0,0,0,0,0,0,0,0,0,0,0,0,0,0,0,0,0,0,0,0,0,0,0,0,0,0,0,0,0,0,0,0,0,0,0,0,0,0,0,0,0,0,0,0,0,0,0,0,0,0,0,0,0,0,0,0,0,0,0,0,0,0,0,0,0,0,0,0,0,0,0,0,0,0,0,0,0,0,0,0,0,0,0,0,0,0,0,0,0,0,0,0,0,0,0,0,0,0,0,0,0,0,0,0,0,0,0,0,0,0,0,0,0,0,0,0,0,0,0,0,0,0,0,0,0,0,0,0,0,0,0,0,0,0,0,0,0,0,0,0,0,0,0,0,0,0,0,0,0,0,0,0,0,0,0
"DZA",0,0,0,0,0,0,0,0,0,0,0,0,0,0,0,0,0,0,0,0,0,0,0,0,0,0,0,0,0,0,0,0,0,0,0,0,0,0,0,0,0,0,0,0,0,0,0,0,0,0,0,0,0,0,0,0,0,0,0,0,0,0,0,0,0,0,0,0,0,0,0,0,0,0,0,0,0,0,0,0,0,0,0,0,0,0,0,0,0,0,0,0,0,0,0,0,0,0,0,0,0,0,0,0,0,0,0,0,0,0,0,0,0,0,0,0,0,0,0,0,0,0,0,1856400000,0,0,0,0,0,0,0,0,0,0,0,0,0,0,0,0,0,0,0,0,0,0,0,0,0,0,0,0,0,0,0,0,0,0,0,0,0,0,0,0,0,0,0,0,0,0,0,0,0,0,0,0,0,0,0,0,0,0,0,0,0,0,0,0,0,0,0,0,0,0,0
"ATG",0,0,0,0,0,0,0,0,0,0,0,0,0,0,0,0,0,0,0,0,0,0,0,0,0,0,0,0,0,0,0,0,0,0,0,0,0,0,0,0,0,0,0,0,0,0,0,0,0,0,0,0,0,0,0,0,0,0,0,0,0,0,0,0,0,0,0,0,0,0,0,0,0,0,0,0,0,0,0,0,0,0,0,0,0,0,0,0,0,0,0,0,0,0,0,0,0,0,0,0,0,0,0,0,0,0,0,0,0,0,0,0,0,0,0,0,0,0,0,0,0,0,0,0,0,0,0,0,0,0,0,0,0,0,0,0,0,0,0,0,0,0,0,0,0,0,0,0,0,0,0,0,0,0,0,0,0,0,0,0,0,0,0,0,0,0,0,0,0,0,0,0,0,0,0,0,0,0,0,0,0,0,0,0,0,0,0,0,0,0,0,0,0,0,0
"ARG",0,0,0,2922217830000,583440000,0,1462719030000,0,0,0,2514980000,2557921505000,0,0,32818275000,0,18169190000,0,0,0,4567500000,0,0,0,93274450000,4026240000,0,0,0,649740000,890468900000,25187813815000,2225714650000,0,11041605000,0,17151035000,246256065000,97099830000,0,0,1601984070000,1144780000,934495765000,0,413273375000,3467524175000,18533060000,0,0,0,3867500000,0,803499650000,0,0,99938590000,0,0,453994005000,0,0,0,485509590000,0,636480000,375739780000,0,1763580000,1.4365e+10,8685300000,442200000,0,17848485000,0,8060152880000,7189398545000,7168065650000,0,672392115000,86206940000,2986829475000,25904250000,0,24269540000,280583540000,560612340000,0,6.63e+09,0,0,2529257800000,0,805211615000,0,313351380000,0,0,498729240000,602998740000,0,67418260000,0,3391473740000,0,0,0,8.84e+08,252648940000,35691500000,0,933715895000,236225900000,0,0,0,3350002860000,0,0,0,0,212206050000,86707140000,0,111031520000,101660000,584730940000,208464140000,0,0,33528475000,3132057395000,1816968800000,2961548730000,4.5675e+10,0,0,0,0,0,366750675000,0,225569965000,0,0,256360000,0,837035450000,79347375000,0,0,6.525e+09,0,108875000,0,1832404160000,2829888560000,25697880000,0,0,0,0,728940670000,0,154265825000,65150800000,3534631880000,0,0,37733540000,0,534301675000,1386622360000,217151465000,0,0,1922128480000,0,53584360000,0,83966645000,0,3024693075000,4152383295000,2.21e+08,406938150000,10409985000,0,287244995000,0,0,0,0,0,0
"AUS",0,0,0,0,0,0,0,0,0,0,0,0,0,0,0,0,0,0,0,2610000,5320000,0,0,0,0,0,0,0,0,0,0,47320000,0,0,0,280000,0,0,0,0,0,0,0,0,0,0,0,0,0,0,0,6.7e+07,0,0,0,0,0,0,0,0,0,0,0,0,0,0,0,0,0,0,0,1960000,0,0,0,22100000,0,0,0,0,0,0,0,0,0,0,0,0,0,0,0,10825525000,0,0,0,0,0,0,0,0,0,0,0,2564150000,0,0,0,0,280000,0,0,0,0,0,0,0,0,0,13400000,0,0,11802685000,0,0,0,0,0,0,0,679690000,0,0,560000,0,0,0,0,0,0,0,0,0,0,0,0,0,0,0,0,0,0,0,0,19320000,0,1680000,0,0,0,0,0,0,0,0,3966400000,0,0,0,0,0,0,0,0,1400000,0,0,0,0,92820000,0,0,0,0,0,0,0,0,0,10440000,0,0,0,0,0,0
"AUT",0,0,0,0,0,0,0,0,0,0,0,0,0,0,0,0,0,0,0,0,0,61150000,0,0,0,0,0,0,0,0,0,0,0,0,0,0,0,0,0,0,0,828700000,0,0,0,0,0,0,0,20490000,0,0,174200000,4514210000,0,0,0,0,0,142883190000,2329315000,0,0,840000,0,0,0,0,0,0,0,0,18772995000,3203890000,0,0,0,0,0,113900000,0,57850010000,0,0,0,0,6700000,0,0,0,0,0,0,141020000,0,0,0,0,0,350075000,0,0,0,0,0,0,3350000,0,0,0,0,0,0,0,0,0,7349975000,0,0,0,0,0,0,0,0,169175000,0,0,13677195000,0,0,0,0,1606905000,363195000,0,0,0,0,0,2858475000,0,1682050000,0,0,0,0,0,0,0,0,47437110000,33030710000,0,0,0,4650115000,0,0,0,31645000,9300730000,0,0,0,0,0,0,0,0,0,0,0,0,0,0,384715000,860950000,0,0,0,0,0,0,0,0,0,0,22504150000,1675000,508765000,280000,0,0,0
"BHS",0,0,0,0,0,0,0,0,0,0,0,0,0,0,0,0,0,0,0,0,0,0,0,0,0,0,0,0,0,0,0,0,0,0,0,0,0,0,0,0,0,0,0,0,0,0,0,0,0,0,0,0,0,0,0,0,0,0,0,0,0,0,0,0,0,0,0,0,0,4420000,0,0,0,0,0,0,0,0,0,0,0,0,0,0,0,0,0,0,0,0,0,0,0,0,0,0,0,0,0,0,0,0,0,0,0,0,0,0,0,0,0,0,0,0,0,0,0,0,0,0,0,0,0,0,0,0,0,0,0,0,0,0,0,0,0,0,0,0,0,0,0,0,0,0,0,0,0,0,0,0,0,0,0,0,0,0,0,0,0,0,0,0,0,0,0,0,0,0,0,0,0,0,0,0,0,0,0,0,0,0,0,0,0,0,0,0,0,0,0,0,0,0,0,0,0
"BHR",0,0,0,0,0,0,0,0,0,0,0,0,0,0,0,0,0,0,0,0,0,0,0,0,0,0,0,0,0,0,0,0,0,0,0,0,0,0,0,0,0,0,0,0,0,0,0,0,0,0,0,0,0,0,0,0,0,0,0,0,0,0,0,0,0,0,0,0,0,0,0,0,0,0,0,0,0,0,0,0,0,0,0,0,0,0,0,0,0,0,0,0,0,0,0,0,0,4420000,0,0,0,0,0,0,0,0,0,0,0,0,0,0,0,0,0,0,0,0,0,0,0,0,0,0,0,0,0,0,0,0,0,0,0,0,0,0,0,0,280000,0,0,0,0,0,0,0,0,23980000,0,0,0,0,0,0,0,0,0,0,0,0,0,0,0,0,0,0,0,0,0,0,0,0,0,0,0,0,0,0,0,0,0,0,0,0,0,0,0,0,0,0,0,0,0,0,0
"BRB",0,0,0,0,1074060000,0,0,0,0,0,0,0,0,0,0,0,0,0,0,0,0,0,0,0,0,0,0,0,0,0,0,0,0,0,0,0,0,0,0,0,0,0,26520000,0,0,0,0,0,0,0,0,0,0,0,0,0,0,0,0,0,0,0,0,0,0,857480000,0,0,203580000,0,0,0,0,0,0,0,0,0,0,0,0,0,0,0,0,0,0,0,0,0,0,0,0,0,0,0,0,0,0,0,0,0,0,0,0,0,0,0,0,0,0,0,0,0,0,0,0,0,0,0,0,0,0,0,0,0,0,0,0,0,0,0,0,0,0,0,0,0,0,0,0,0,0,645320000,4839900000,3040960000,0,0,0,0,0,0,0,0,0,0,0,0,0,0,0,0,0,0,0,0,0,0,0,0,0,0,0,0,0,0,0,0,4420000,0,0,0,0,0,0,0,0,0,0,0,0,0,0,0,0
"BGD",0,0,0,0,0,0,0,0,0,0,0,0,0,0,0,0,0,0,0,0,0,0,0,0,0,0,0,0,0,0,0,0,0,0,0,0,0,0,0,0,0,0,0,0,0,0,0,0,0,0,0,0,0,0,0,0,0,0,0,0,0,0,0,0,0,0,0,0,0,0,0,0,0,0,0,0,0,0,0,0,0,0,0,0,0,0,0,0,0,0,0,0,0,0,0,0,0,0,0,0,0,0,0,0,0,0,0,0,0,0,0,0,0,0,0,0,0,0,0,0,0,0,0,0,0,0,0,0,0,0,0,0,0,0,0,0,0,0,0,0,0,0,0,0,0,0,0,0,0,0,0,0,0,0,0,0,0,0,0,0,0,0,0,0,0,0,0,0,0,0,0,0,0,0,0,0,0,0,0,0,0,0,0,0,0,0,0,0,0,0,0,0,0,0,0
"BMU",0,0,0,0,0,0,0,0,0,0,0,0,0,0,0,0,0,0,0,0,0,0,0,0,0,0,0,0,0,0,0,0,0,0,0,0,0,0,0,0,0,0,0,0,0,0,0,0,0,0,0,0,0,0,0,0,0,0,0,0,0,0,0,0,0,0,0,0,0,0,0,0,0,0,0,0,0,0,0,0,0,0,0,0,0,0,0,0,0,0,0,0,0,0,0,0,0,0,0,0,0,0,0,0,0,0,0,0,0,0,0,0,0,0,0,0,0,0,0,0,0,0,0,0,0,0,0,0,0,0,0,0,0,0,0,0,0,0,0,0,0,0,0,0,0,0,0,0,0,0,0,0,0,0,0,0,0,0,0,0,0,0,0,0,0,0,0,0,0,0,0,0,0,0,0,0,0,0,0,0,0,0,0,0,0,0,0,0,0,0,0,0,0,0,0
"BTN",0,0,0,0,0,0,0,0,0,0,0,0,0,0,0,0,0,0,0,0,0,0,0,0,0,0,0,0,0,0,0,0,0,0,0,0,0,0,0,0,0,0,0,0,0,0,0,0,0,0,0,0,0,0,0,0,0,0,0,0,0,0,0,0,0,0,0,0,0,0,0,0,0,0,0,465555000,0,0,0,0,0,0,0,0,0,0,0,0,0,0,0,0,0,0,0,0,0,0,0,0,0,0,0,0,0,0,0,0,0,0,0,0,0,0,0,0,0,0,0,0,0,0,0,0,0,0,0,0,0,0,0,0,0,0,0,0,0,0,0,0,0,0,0,0,0,0,0,0,0,0,0,0,0,0,0,0,0,0,0,0,0,0,0,0,0,0,0,0,0,0,0,0,0,0,0,0,0,0,0,0,0,0,0,0,0,0,0,0,0,0,0,0,0,0,0
"BOL",0,0,0,0,0,13880300000,0,0,0,0,0,0,0,0,0,0,117523025000,0,0,0,0,0,0,0,0,0,0,0,0,0,182774805000,0,3118447405000,0,0,0,1215500000,0,0,0,0,0,0,36199760000,0,1127876205000,7658100000,167960000,0,0,0,0,0,0,0,0,0,0,0,0,0,0,0,0,0,0,66300000,0,0,0,0,0,0,1174500000,0,0,368500000,0,0,0,0,31252150000,0,0,1.989e+10,0,0,0,0,0,0,0,0,0,0,0,0,0,0,0,0,0,0,20637675000,0,0,0,0,0,66300000,0,0,0,0,0,0,0,0,0,0,0,0,1.768e+10,0,0,0,0,2585700000,0,0,30580050000,1643702420000,0,1928790000,20999475000,0,0,0,0,0,9068445000,0,0,0,0,0,0,0,0,0,0,0,0,0,0,0,173235200000,0,0,0,0,0,0,0,8252725000,0,418750000,0,0,0,0,0,437580000,0,0,0,458950000,0,21224520000,0,0,0,786848045000,1.005e+09,0,0,0,0,0,0,0,0,0,0,0
"BWA",0,0,0,0,0,0,0,0,0,0,0,0,0,0,0,0,0,0,0,0,0,0,0,0,0,0,0,0,0,0,0,0,0,0,0,0,0,0,0,0,0,0,0,0,0,0,0,0,0,0,0,0,0,0,0,0,0,0,0,0,0,0,0,0,0,0,0,0,0,0,0,0,0,0,0,0,0,0,0,0,0,0,0,0,0,0,0,0,0,0,0,0,0,0,0,0,0,0,0,0,0,0,0,0,0,0,0,0,0,0,0,0,0,0,0,0,0,0,0,0,0,0,0,0,0,0,0,0,0,0,0,0,0,0,0,0,0,0,0,0,0,0,0,0,0,0,0,0,0,0,0,0,0,0,0,0,0,0,0,0,0,0,0,0,0,0,0,0,0,0,0,0,0,0,0,0,0,0,0,0,0,0,0,0,0,0,0,0,0,0,0,0,0,0,0
"BRA",0,0,0,1036721915000,1303900000,2515490000,49508370000,0,0,0,0,855063800000,0,0,81469855000,0,0,0,170955000,0,0,0,0,0,394225000,662940000,1120000,0,335385000,0,2783265000,97682008035000,221623515000,0,273115000,0,0,969401495000,2.0097e+10,0,0,393212160000,508300000,26670280000,0,183172825000,281639295000,0,283205000,0,0,0,66091085000,5671409655000,0,0,28777860000,0,0,5258288870000,0,12394090000,0,25190415000,0,0,117450000,0,4513010000,167960000,0,163730465000,0,196748325000,0,2460072460000,1152410520000,2747363185000,0,244690110000,42578500000,2080681560000,5308420000,0,0,2541444500000,2.61e+08,0,0,0,0,3547249130000,0,0,0,0,0,0,0,0,0,22497800000,0,277994800000,0,0,0,0,1.768e+10,493160180000,0,279724120000,19394780000,0,0,0,15200790115000,0,0,0,0,45625895000,107010000,0,34403500000,1157283485000,0,10886460000,0,0,61965225000,124940170000,8943190000,225462240000,1293498840000,0,0,0,1120000,0,817770855000,0,201056950000,150280000,0,287300000,0,1098080760000,34232900000,0,0,0,1259408735000,49770795000,0,72407140000,7683607780000,13318765000,0,0,14840000,6378400000,0,0,3464501695000,0,6574651770000,0,0,15956200000,0,245122340000,317995705000,4.51462e+11,0,0,2084869385000,0,544019325000,0,108230670000,0,250551950000,2958692280000,0,0,25125000,0,194356810000,0,0,0,0,0,0
"ARB",0,0,0,0,0,0,0,0,0,0,0,0,0,0,0,0,0,0,0,0,0,0,0,0,0,0,0,0,0,0,0,0,0,0,0,0,0,0,0,0,0,0,0,0,0,0,0,0,0,0,0,0,0,0,0,0,0,0,0,0,0,0,0,0,0,0,0,0,0,0,0,0,0,0,0,0,0,0,0,0,0,0,0,0,0,0,0,0,0,0,0,0,0,0,0,0,0,0,0,0,0,0,0,0,0,0,0,0,0,0,0,0,0,0,0,0,0,0,0,0,0,0,0,0,0,0,0,0,0,0,0,0,0,0,0,0,0,0,0,0,0,0,0,0,0,0,0,0,0,0,0,0,0,0,0,0,0,0,0,0,0,0,0,0,0,0,0,0,0,0,0,0,0,0,0,0,0,0,0,0,0,0,0,0,0,0,0,0,0,0,0,0,0,0,0
"BLZ",0,0,0,0,0,0,0,0,0,0,0,0,0,0,0,0,0,0,0,0,0,0,0,0,0,0,0,0,0,0,0,0,0,0,0,0,0,0,0,0,0,0,0,0,0,0,0,0,0,0,0,0,0,0,0,0,0,0,0,0,0,0,0,0,0,0,75375000,0,0,0,0,0,0,0,0,0,0,0,0,0,0,0,0,0,0,0,0,0,0,0,0,0,0,0,0,0,0,0,0,0,0,0,0,0,0,0,0,0,0,0,0,0,0,0,0,0,0,0,0,0,0,0,0,0,0,0,0,0,0,0,0,0,0,0,0,0,0,0,0,0,0,0,0,0,0,0,0,0,0,0,0,0,0,0,0,0,0,0,0,0,0,0,0,0,0,0,0,0,0,0,0,0,0,0,0,0,0,0,0,0,0,0,0,0,0,0,0,0,0,0,0,0,0,0,0
"SLB",0,0,0,0,0,0,0,0,0,0,0,0,0,0,0,0,0,0,0,0,0,0,0,0,0,0,0,0,0,0,0,0,0,0,0,0,0,0,0,0,0,0,0,0,0,0,0,0,0,0,0,0,0,0,0,0,0,0,0,0,0,0,0,0,0,0,0,0,0,0,0,0,0,0,0,0,0,0,0,0,0,0,0,0,0,0,0,0,0,0,0,0,0,0,0,0,0,0,0,0,0,0,0,0,0,0,0,0,0,0,0,0,0,0,0,0,0,0,0,0,0,0,0,0,0,0,0,0,0,0,0,0,0,0,0,0,0,0,0,0,0,0,0,0,0,0,0,0,0,0,0,0,0,0,0,0,0,0,0,0,0,0,0,0,0,0,0,0,0,0,0,0,0,0,0,0,0,0,0,0,0,0,0,0,0,0,0,0,0,0,0,0,0,0,0
"BRN",0,0,0,0,0,0,0,0,0,0,0,0,0,0,0,0,0,0,0,0,0,0,0,0,0,0,0,0,0,0,0,0,0,0,0,0,0,0,0,0,0,0,0,0,0,0,0,0,0,0,0,0,0,0,0,0,0,0,0,0,0,0,0,0,0,0,0,0,0,0,0,0,0,0,0,0,0,0,0,0,0,0,0,0,0,0,0,0,0,0,0,0,0,0,0,0,0,0,0,0,0,0,0,0,0,0,0,0,0,0,0,0,0,0,0,0,0,0,0,0,0,0,0,0,0,0,0,0,0,0,0,0,0,0,0,0,0,0,0,0,0,0,0,0,0,0,0,0,0,0,0,0,0,0,0,0,0,0,0,0,0,0,0,0,0,0,0,0,0,0,0,0,0,0,0,0,0,0,0,0,0,0,0,0,0,0,0,0,0,0,0,0,0,0,0
"BGR",0,0,0,0,0,0,0,0,0,0,0,0,0,0,0,0,0,0,0,0,0,0,0,0,0,0,0,0,0,0,0,0,0,0,0,0,0,0,0,0,0,0,0,0,0,0,0,0,0,0,0,0,0,0,0,0,0,0,0,0,6700000,0,0,6843030000,0,0,0,0,0,0,0,0,5170410000,280000,0,0,0,0,0,0,0,0,0,0,0,0,0,0,0,0,0,0,0,0,0,0,0,0,0,0,0,0,0,0,0,0,0,0,0,0,0,0,0,0,0,0,0,0,0,3373430000,0,0,0,0,0,0,0,0,0,0,0,0,0,0,0,0,0,0,0,0,3226805000,0,560000,0,0,0,0,0,0,0,0,0,0,0,0,0,0,0,0,0,0,0,0,0,0,0,0,0,0,0,0,0,0,0,0,0,0,0,0,0,0,1305000,0,0,0,0,0,0,0,0,2472975000,0,0,0,0
"MMR",0,0,0,0,0,0,0,0,0,0,0,0,0,0,0,0,0,0,0,0,0,0,0,0,0,0,0,0,0,0,0,0,0,0,0,0,0,0,0,0,0,0,0,0,0,0,0,0,0,0,0,0,0,0,0,0,0,0,0,0,0,0,0,0,0,0,0,0,0,0,0,0,0,0,0,0,0,0,0,0,0,0,0,0,0,0,0,0,0,0,0,0,0,0,0,0,0,0,0,0,0,0,0,0,0,0,0,0,0,0,0,0,0,0,0,0,0,0,0,0,0,0,0,0,0,0,0,0,0,0,0,0,0,0,0,0,0,0,0,0,0,0,0,0,0,0,0,0,0,0,0,0,0,0,0,0,0,0,0,0,0,0,0,0,0,0,0,0,0,0,0,0,0,0,0,0,0,0,0,0,0,0,0,0,0,0,0,0,0,0,0,0,0,0,0
"BDI",0,0,0,0,0,0,0,0,0,0,0,0,0,0,0,0,0,0,0,0,0,0,0,0,0,0,0,0,0,0,0,0,0,0,0,0,0,0,0,0,0,0,0,0,0,0,0,0,0,0,0,0,0,0,0,0,0,0,0,0,0,0,0,0,0,0,0,0,0,0,0,0,0,0,0,0,0,0,0,0,0,0,0,0,0,0,0,0,0,0,0,0,0,0,0,0,0,0,0,0,0,0,0,0,0,0,0,0,0,0,0,0,0,0,0,0,0,0,0,0,0,0,0,0,0,0,0,0,0,0,0,0,0,0,0,0,0,0,0,0,0,0,0,0,0,0,0,0,0,0,0,0,0,0,0,0,0,0,0,0,0,0,0,0,0,0,0,0,0,0,0,0,0,0,0,0,0,0,0,0,0,0,0,0,0,0,0,0,0,0,0,0,0,0,0
"CMR",0,0,0,0,0,0,0,0,0,0,0,0,0,0,0,0,0,0,0,0,0,0,0,0,0,0,0,62640000,0,0,0,0,0,0,0,0,0,0,0,0,13400000,0,0,0,0,0,0,0,0,0,0,0,0,0,0,0,0,0,0,0,0,0,0,0,0,0,0,0,0,0,0,0,0,0,0,0,0,0,0,0,0,0,0,0,0,0,0,0,0,0,0,0,0,0,0,0,0,0,0,0,0,0,0,0,0,0,0,0,0,0,0,0,0,0,0,0,0,0,0,0,0,0,0,0,0,0,0,0,0,0,0,0,0,0,0,0,0,0,0,0,0,0,0,0,0,0,0,0,0,0,0,0,0,0,0,0,0,0,0,0,0,0,0,0,0,0,0,0,0,0,0,0,0,50250000,0,0,0,0,0,0,0,0,0,0,0,0,0,0,0,0,0,0,0,0,0
"CAN",0,0,0,132325000,0,6700000,3099120000,68675000,0,280000,8670000,88276635000,0,0,0,0,167500000,0,0,0,1058600000,236175000,0,0,6525000,0,0,0,0,0,21775000,2628143675000,0,0,0,0,2594540000,18745000,0,0,0,89126750000,0,0,0,123760000,471968380000,0,0,35175000,0,0,35175000,167564585000,0,0,0,0,0,741562700000,0,33500000,0,0,0,0,0,0,7260000,87100000,0,91322500000,0,72025000,0,0,38704225000,63611475000,0,8279525000,17399190000,397378405000,0,0,2759975000,1293536695000,0,0,0,0,234500000,48046780000,0,43550000,0,130650000,0,0,0,204350000,0,0,0,233369280000,0,0,0,0,581225000,129010960000,0,497755000,0,0,0,0,1903912200000,0,0,0,0,2480675000,0,0,0,201078725000,0,336675000,271350000,0,0,835825000,27322600000,2968100000,68675000,0,0,0,0,0,102175000,0,1082050000,0,0,0,0,53420775000,0,0,0,0,6.7e+07,54971825000,0,0,190321875000,472350000,0,0,0,0,0,0,47396360000,0,127999450000,0,0,1.34e+08,0,41938650000,96771400000,45891100000,0,0,1008350000,2401950000,2518542520000,0,0,0,0,158028705000,0,0,0,0,624361275000,0,0,0,0,0,0
"CPV",0,0,0,0,0,0,0,0,0,0,0,0,0,0,0,0,0,0,0,0,0,0,0,0,0,0,0,0,0,0,0,0,0,0,0,0,0,0,0,0,0,0,0,0,0,0,0,0,0,0,0,0,0,0,0,0,0,0,0,0,0,0,0,0,0,0,0,0,0,0,0,0,0,0,0,0,0,0,0,0,0,0,0,0,0,0,0,0,0,0,0,0,0,0,0,0,0,0,0,0,0,0,0,0,0,0,0,0,0,0,0,0,0,0,0,0,0,0,0,0,0,0,0,0,0,0,0,0,0,0,0,0,0,0,0,0,0,0,0,0,0,0,0,0,0,0,0,0,0,0,0,0,0,0,0,0,0,0,0,0,0,0,0,0,0,0,0,0,0,0,0,0,0,0,0,0,0,0,0,0,0,0,0,0,0,0,0,0,0,0,0,0,0,0,0
"CAF",0,0,0,0,0,0,0,0,0,0,0,0,0,0,0,0,0,0,0,0,0,0,0,0,0,0,0,0,0,0,0,0,0,0,0,0,0,0,0,0,0,0,0,0,0,0,0,0,0,0,0,0,0,0,0,0,0,0,0,0,0,0,0,0,0,0,0,0,0,0,0,0,0,0,0,0,0,0,0,0,0,0,0,0,0,0,0,0,0,0,0,0,0,0,0,0,0,0,0,0,0,0,0,0,0,0,0,0,0,0,0,0,0,0,0,0,0,0,0,0,0,0,0,0,0,0,0,0,0,0,0,0,0,0,0,0,0,0,0,0,0,0,0,0,0,0,0,0,0,0,0,0,0,0,0,0,0,0,0,0,0,0,0,0,0,0,0,0,0,0,0,0,0,0,0,0,0,0,0,0,0,0,0,0,0,0,0,0,0,0,0,0,0,0,0
"LKA",0,0,0,0,0,0,0,0,0,0,0,0,0,0,0,0,0,0,0,0,0,0,368500000,0,0,5025000,0,0,0,0,0,0,0,0,0,0,0,0,0,0,0,0,0,0,0,0,0,0,0,0,0,0,0,0,0,0,0,0,0,0,0,0,0,0,0,0,0,0,0,0,0,0,0,0,0,1400000,1283050000,0,0,0,0,0,0,0,0,0,14705000,0,0,0,0,0,0,0,0,0,0,0,0,0,0,0,0,351750000,40760000,0,0,0,0,0,0,0,0,0,0,0,184250000,0,0,0,0,0,0,0,0,0,0,0,0,0,0,0,0,0,0,0,0,0,0,0,0,0,0,0,0,0,0,0,0,0,0,0,0,422100000,0,0,0,0,0,0,0,0,0,0,257950000,0,0,0,0,0,0,0,0,0,0,0,10050000,0,0,0,0,0,0,0,0,0,0,0,0,0,0,0,0,0,0
"TCD",0,0,0,0,0,0,0,0,0,0,0,0,0,0,0,0,0,0,0,0,0,0,0,0,0,0,0,0,0,0,0,0,0,0,0,0,0,0,0,0,0,0,0,0,0,0,0,0,0,0,0,0,0,0,0,0,0,0,0,0,0,0,0,0,0,0,0,0,0,0,0,0,0,0,0,0,0,0,0,0,0,0,0,0,0,0,0,0,0,0,0,0,0,0,0,0,0,0,0,0,0,0,0,0,0,0,0,0,0,0,0,0,0,0,0,0,0,0,0,0,0,0,0,0,0,0,0,0,0,0,0,0,0,0,0,0,0,0,0,0,0,0,0,0,0,0,0,0,0,0,0,0,0,0,0,0,0,0,0,0,0,0,0,0,0,0,0,0,0,0,0,0,0,0,0,0,0,0,0,0,0,0,0,0,0,0,0,0,0,0,0,0,0,0,0
"CHL",0,0,0,0,0,36850000,0,0,0,0,0,0,0,0,0,0,0,0,0,0,0,0,0,0,0,1142350000,0,0,0,0,0,0,40200000,0,0,0,0,0,0,0,0,0,0,0,0,1960000,0,0,0,0,0,0,0,144050000,0,0,0,0,0,0,0,0,0,0,0,0,0,0,0,0,0,0,78725000,0,0,5025000,0,0,0,0,0,157450000,0,0,0,0,0,0,0,0,0,0,0,0,0,0,0,0,0,0,0,0,0,0,0,0,0,0,0,0,0,0,0,0,0,0,2.68e+08,0,0,0,0,0,0,0,0,0,0,0,0,0,0,803860000,0,0,0,0,0,0,0,0,0,0,0,0,0,0,0,0,0,0,0,0,0,0,0,0,0,0,0,0,0,0,0,0,0,0,5025000,0,0,0,0,0,0,0,0,0,0,0,16188875000,0,0,0,0,0,0,0,0,0,3350000,0,0,0,0,0,0
"CHN",0,0,0,5585000,280000,0,5849285000,102195000,1680000,0,0,19871760000,0,0,3640000,0,5600000,0,11200000,81200000,41425000,38360000,6720000,0,560000,26706415000,0,0,0,10050000,407820000,0,116200000,8840000,2235000,0,25700000,132720000,449295000,0,4480000,42541075000,0,60480000,7280000,3965895000,102760000,12880000,0,29120000,0,388640000,972535000,4048490000,11480000,6720000,3920000,0,0,9022615000,0,203280000,86520000,23800000,0,0,128775000,0,3080000,0,181720000,61141435000,6160000,0,560000,70440000,11555055000,280000,34625000,51240000,2869205000,11291885000,560000,818960000,8955000,1870235405000,3920000,103320000,159040000,0,614323675000,636874275000,3350000,94080000,0,52080000,0,280000,0,53425000,3405475000,50060000,32060000,95634455000,2240000,0,5040000,0,342305000,378835000,231630000,93240000,2240000,0,1400000,0,110356200000,0,6440000,0,32200000,684600000,0,0,166080000,13064840000,17107125000,375450000,137655000,342995000,0,600600000,7859615000,333730000,263660000,0,562195000,0,79860000,36525000,22960000,0,3235370000,0,0,0,0,197900000,13160000,28840000,840000,13160000,0,38815305000,0,164765000,6969260000,67480000,0,0,883400000,12770095000,0,0,16197660000,48995000,1020435000,0,22115000,40040000,0,0,1544670000,419670000,11760000,3360000,85622795000,210280000,400357995000,0,16800000,43680000,1457340000,462192050000,58235000,0,0,1305840000,18039340000,0,0,0,136110000,0,0
"COL",0,0,0,0,0,0,13260000,0,0,0,0,0,0,0,0,0,0,0,0,0,0,0,0,0,0,5025000,0,0,0,0,0,0,0,0,0,0,0,0,0,0,0,0,0,0,0,2042625000,0,0,0,0,0,0,0,0,0,0,0,0,0,0,0,0,0,0,0,0,0,0,0,0,0,0,0,0,0,0,0,0,0,0,0,0,0,0,0,0,0,0,0,0,0,0,0,0,0,0,0,0,0,0,0,0,0,0,0,0,0,0,0,0,0,0,0,0,0,0,0,0,0,0,0,0,0,0,0,0,0,565760000,0,0,0,0,0,0,0,0,0,0,0,0,0,16750000,0,0,0,0,0,0,0,0,0,0,0,0,0,0,0,0,0,0,0,0,0,0,0,0,0,0,0,0,0,0,0,0,0,0,18425000,0,39365000,0,0,0,41026440000,0,0,0,0,0,0,0,0,0,0,0,0
"COM",0,0,0,0,0,0,0,0,0,0,0,0,0,0,0,0,0,0,0,0,0,0,0,0,0,0,0,0,0,0,0,0,0,0,0,0,0,0,0,0,0,0,0,0,0,0,0,0,0,0,0,0,0,0,0,0,0,0,0,0,0,0,0,0,0,0,0,0,0,0,0,0,0,0,0,0,0,0,0,0,0,0,0,0,0,0,0,0,0,0,0,0,0,0,0,0,0,0,0,0,0,0,0,0,0,0,0,0,0,0,0,0,0,0,0,0,0,0,0,0,0,0,0,0,0,0,0,0,0,0,0,0,0,0,0,0,0,0,0,0,0,0,0,0,0,0,0,0,0,0,0,0,0,0,0,0,0,0,0,0,0,0,0,0,0,0,0,0,0,0,0,0,0,0,0,0,0,0,0,0,0,0,0,0,0,0,0,0,0,0,0,0,0,0,0
"COG",0,0,0,0,0,0,0,0,0,0,0,0,0,0,0,0,0,0,0,0,0,0,0,0,0,0,0,0,0,0,0,0,0,0,0,0,0,0,0,0,0,0,0,0,0,0,0,0,0,0,0,0,0,0,0,0,0,0,0,0,0,0,0,0,0,0,0,0,0,0,0,0,0,0,0,0,0,0,0,0,0,0,0,0,0,0,0,0,0,0,0,0,0,0,0,0,0,0,0,0,0,0,0,0,0,0,0,0,0,0,0,0,0,0,0,0,0,0,0,0,0,0,0,0,0,0,0,0,0,0,0,0,0,0,0,0,0,0,0,0,0,0,0,0,0,0,0,0,0,0,0,0,0,0,0,0,0,0,0,0,0,0,0,0,0,0,0,0,0,0,0,0,0,0,0,0,0,0,0,0,0,0,0,0,0,0,0,0,0,0,0,0,0,0,0
"COK",0,0,0,0,0,0,0,0,0,0,0,0,0,0,0,0,0,0,0,0,0,0,0,0,0,0,0,0,0,0,0,0,0,0,0,0,0,0,0,0,0,0,0,0,0,0,0,0,0,0,0,0,0,0,0,0,0,0,0,0,0,0,0,0,0,0,0,0,0,0,0,0,0,0,0,0,0,0,0,0,0,0,0,0,0,0,0,0,0,0,0,0,0,0,0,0,0,0,0,0,0,0,0,0,0,0,0,0,0,0,0,0,0,0,0,0,0,0,0,0,0,0,0,0,0,0,0,0,0,0,0,0,0,0,0,0,0,0,0,0,0,0,0,0,0,0,0,0,0,0,0,0,0,0,0,0,0,0,0,0,0,0,0,0,0,0,0,0,0,0,0,0,0,0,0,0,0,0,0,0,0,0,0,0,0,0,0,0,0,0,0,0,0,0,0
"CRI",0,0,0,0,0,358020000,0,0,0,0,0,0,0,0,0,0,0,0,0,0,0,0,0,0,0,0,0,0,0,0,0,0,0,0,0,0,0,0,0,0,0,0,0,0,0,0,0,25302320000,0,0,0,0,0,0,0,0,0,0,0,1675000,0,0,0,0,0,0,5785780000,0,0,0,2473840000,0,0,0,0,0,0,0,0,0,0,0,0,0,0,20880000,0,0,0,0,0,0,0,0,0,0,0,0,0,0,0,0,0,0,0,0,0,0,0,0,0,0,0,0,0,0,0,0,0,0,0,0,15417395000,0,0,0,0,15383760000,0,0,0,0,0,0,0,0,0,0,0,0,0,0,0,0,0,0,0,0,0,0,0,0,0,0,0,0,0,0,0,0,0,0,0,0,0,0,0,0,0,0,0,0,0,0,0,0,840000,0,480200000,0,0,0,0,0,0,0,0,0,0,0,0,0,0,0,0
"CUB",0,0,0,0,0,0,0,0,0,0,0,0,0,0,0,0,0,0,0,0,0,0,0,0,0,0,0,0,0,0,0,0,0,0,0,0,0,0,0,0,0,0,0,0,0,0,0,0,0,0,0,0,0,0,0,0,0,0,0,0,0,0,0,0,0,0,0,0,0,0,0,0,0,0,0,0,0,0,0,0,0,0,0,0,0,0,0,0,0,0,0,0,0,0,0,0,0,0,0,0,0,0,0,0,0,0,0,0,0,0,0,0,0,0,0,0,0,0,0,0,0,0,0,0,0,0,0,0,0,0,0,0,0,0,0,0,0,0,0,0,0,0,0,0,0,0,0,0,0,0,0,0,0,0,0,0,0,0,0,0,0,0,0,0,0,0,0,0,0,0,0,0,0,0,0,0,0,0,0,0,0,0,0,0,0,0,0,0,0,0,0,0,0,0,0
"CYP",0,0,0,0,0,0,0,0,0,0,0,0,0,0,0,0,0,0,0,0,0,0,0,0,0,0,0,0,0,0,0,0,0,0,0,0,0,0,0,0,0,0,0,0,0,0,0,0,0,0,0,0,0,0,0,0,0,0,0,0,0,0,0,0,0,0,0,0,0,0,0,0,0,0,0,0,0,0,0,0,0,0,0,0,0,0,0,0,0,0,0,0,0,0,0,0,0,0,0,0,0,0,0,0,0,0,0,0,0,0,0,0,0,0,0,0,0,0,0,0,0,0,0,0,0,0,0,0,0,0,0,0,0,0,0,0,0,0,0,0,0,0,0,0,0,0,0,0,0,0,0,0,0,0,0,0,0,0,0,0,0,0,0,0,0,0,0,0,0,0,0,0,0,0,0,0,0,0,0,0,0,0,0,0,0,0,0,0,0,0,0,0,0,0,0
"AZE",0,0,0,0,0,0,0,0,0,0,0,0,0,0,0,0,0,0,0,0,0,0,0,0,0,0,0,0,0,0,0,0,0,0,0,0,0,0,0,0,0,0,0,0,0,0,0,0,0,0,0,0,0,0,0,0,0,0,0,0,0,0,0,0,0,0,0,0,0,0,0,0,0,0,0,0,0,0,0,0,0,0,0,0,0,0,0,0,0,0,0,0,0,0,0,0,0,0,0,0,0,0,0,0,0,0,0,0,0,0,0,0,0,0,0,0,0,0,0,0,0,0,0,0,0,0,0,0,0,0,0,0,0,0,0,0,0,0,0,0,0,0,0,0,0,0,0,0,0,0,0,0,0,0,0,0,0,0,0,0,0,0,0,0,0,0,0,0,0,0,0,0,0,0,0,0,0,0,0,0,0,0,0,0,0,0,0,0,0,0,0,0,0,0,0
"BEN",0,0,0,0,0,0,0,0,0,0,0,0,0,0,0,0,0,0,0,0,0,0,0,0,0,0,0,0,0,0,0,0,0,0,0,0,0,0,0,0,0,0,0,0,0,0,0,0,0,0,0,0,0,0,0,0,0,310590000,0,0,0,4836330000,0,0,0,0,0,0,0,0,0,0,0,0,0,827450000,0,0,0,0,0,0,4876785000,0,0,0,0,0,0,0,0,0,0,0,0,0,0,0,0,0,0,0,0,0,0,0,0,0,0,0,0,0,0,0,0,0,0,0,0,0,0,0,0,0,0,0,0,0,0,0,0,0,0,0,0,0,0,0,0,0,0,0,0,0,0,0,0,0,4720560000,0,0,0,0,0,0,2063600000,0,0,0,0,0,0,0,0,0,0,0,93960000,0,0,0,0,0,0,0,0,0,0,0,0,0,0,0,0,0,0,24795000,0,0,0,0,0,0,0,0
"DNK",0,0,0,0,0,0,0,0,0,0,0,0,0,0,0,0,893925000,0,0,0,0,0,0,0,0,0,0,0,0,0,0,0,0,0,0,0,0,0,0,0,0,0,0,0,13561560000,0,0,0,0,1957500000,224640000,0,74916670000,34940000,0,0,0,0,0,48334110000,0,0,0,0,0,0,0,0,0,0,0,0,5320000,125280000,8291295000,0,0,0,0,17680000,0,191830000,0,0,0,0,0,0,0,0,0,79605000,0,44200000,0,0,0,0,0,661210000,0,0,0,0,0,0,280000,0,0,0,0,0,0,0,0,0,29890480000,0,0,0,0,0,0,0,0,591180000,0,0,0,0,0,0,0,20515255000,0,0,0,0,0,0,4420000,0,15384645000,0,0,0,0,0,0,0,0,43065000,67860000,0,0,0,1120000,0,0,0,79252250000,0,0,0,0,0,0,0,0,0,0,0,0,0,0,0,14516625000,666855000,13400000,0,0,0,0,97875000,0,0,0,0,4550730000,280000,472410000,0,0,0,0
"DMA",0,0,0,0,0,0,0,0,0,0,0,0,0,0,0,0,0,0,0,0,0,0,0,0,0,0,0,0,0,0,0,0,0,0,0,0,0,0,0,0,0,0,0,0,0,0,0,0,0,0,0,0,0,0,0,0,0,0,0,0,0,0,0,0,0,0,0,0,0,0,0,0,0,0,0,0,0,0,0,0,0,0,0,0,0,0,0,0,0,0,0,0,0,0,0,0,0,0,0,0,0,0,0,0,0,0,0,0,0,0,0,0,0,0,0,0,0,0,0,0,0,0,0,0,0,0,0,0,0,0,0,0,0,0,0,0,0,0,0,0,0,0,0,0,0,0,0,0,0,0,0,0,0,0,0,0,0,0,0,0,0,0,0,0,0,0,0,0,0,0,0,0,0,0,0,0,0,0,0,0,0,0,0,0,0,0,0,0,0,0,0,0,0,0,0
"DOM",0,0,0,0,0,0,0,0,0,0,0,0,0,0,0,0,0,0,0,0,0,0,0,0,0,0,0,0,0,0,0,0,0,0,0,0,0,0,0,0,0,0,0,0,0,0,0,0,0,0,0,0,0,0,0,0,0,0,0,0,0,0,0,0,0,0,0,0,0,0,0,0,0,0,0,0,0,0,0,0,0,0,0,0,0,0,0,0,0,0,0,0,0,0,0,0,0,0,0,0,0,0,0,0,0,0,0,0,0,0,0,0,0,0,0,0,0,0,0,0,0,0,0,0,0,0,0,0,0,0,0,0,0,0,0,0,0,0,0,0,0,0,0,0,0,0,0,0,0,0,0,0,0,0,0,0,0,0,0,0,0,0,0,0,0,0,0,0,0,0,0,0,0,0,0,0,0,0,0,0,0,0,0,0,0,0,0,0,0,0,0,0,0,0,0
"BLR",0,0,0,0,0,0,0,0,0,0,0,0,0,0,0,0,0,0,0,0,0,0,0,0,0,0,0,0,0,0,0,0,0,0,0,0,0,0,0,0,0,0,0,0,0,0,0,0,0,0,0,0,0,0,0,0,0,0,0,1305000,0,0,0,0,0,0,0,0,0,0,0,0,0,0,0,0,0,0,0,0,0,0,0,8182350000,0,0,0,0,0,0,0,0,0,76995000,0,0,0,0,0,0,0,0,0,0,0,0,0,0,0,0,0,0,0,67860000,0,0,0,0,0,0,0,0,0,0,0,0,0,0,0,0,0,0,0,0,0,0,0,0,0,0,0,0,81608480000,0,0,0,0,0,0,0,0,0,0,0,0,0,0,0,0,0,0,0,0,0,0,0,0,0,0,0,0,0,0,0,0,0,0,0,0,0,0,0,0,0,0,0,0,0,0,0,0,0,0,0,0
"ECU",0,0,0,0,0,0,0,0,0,0,0,0,0,0,0,0,0,0,0,0,0,0,0,0,0,0,0,0,0,0,560000,0,6070990000,0,0,0,0,0,0,0,0,0,0,0,0,0,0,0,0,0,0,0,0,1675000,0,0,0,0,0,1400000,0,0,0,0,0,0,79560000,0,0,0,0,0,0,0,0,0,0,0,0,0,0,0,0,0,0,0,0,0,0,0,0,0,0,0,0,0,0,0,0,0,0,0,0,0,0,0,0,0,0,0,0,0,0,0,0,0,0,0,0,0,0,0,0,0,0,0,0,0,0,0,0,54160000,0,0,0,0,0,0,0,0,0,0,0,0,0,0,0,0,0,0,0,0,0,0,0,0,23240000,0,0,0,0,0,0,0,0,0,0,0,0,0,0,0,0,0,0,0,0,0,68320000,0,0,0,0,0,0,0,0,0,0,0,0,0,0,0,0
"EGY",0,0,0,0,0,0,0,0,0,0,0,0,0,0,0,0,0,0,0,0,0,0,0,0,1675000,3350000,0,0,0,0,0,0,0,0,0,0,0,0,0,0,384540000,0,0,0,0,0,0,0,0,0,0,0,0,0,0,0,0,0,0,0,0,1365780000,0,0,0,0,0,0,0,0,0,0,0,0,0,0,0,0,0,0,1931540000,0,0,0,0,269620000,40213160000,0,543660000,0,0,0,142930000,0,0,44700550000,0,0,2090660000,0,0,0,0,0,0,0,0,132600000,411060000,0,0,167960000,0,0,0,0,0,0,0,0,0,0,0,0,0,0,0,0,0,0,0,0,0,0,0,0,0,7164820000,0,517140000,0,0,0,0,0,0,0,11213540000,0,0,0,0,0,0,0,0,0,0,0,0,0,0,11442910000,0,0,0,0,994500000,0,0,366860000,0,0,15075000,0,0,4420000,0,0,0,0,0,0,0,4075240000,746980000,0,0,0,0,0,0,1677025000,0,10515180000
"SLV",0,0,0,0,0,0,0,0,0,0,0,0,0,0,0,0,0,0,0,0,0,0,0,0,0,0,0,0,0,0,0,0,0,0,0,0,230400000,0,0,0,0,0,0,0,0,0,0,0,0,0,0,0,0,0,0,0,0,0,0,0,0,0,0,0,0,0,1979075000,0,0,0,1084360000,0,0,0,0,0,0,0,0,0,0,0,0,0,0,0,0,0,0,0,0,0,0,0,0,0,0,0,0,0,0,0,0,0,0,0,0,0,0,0,0,0,0,0,0,0,0,0,0,0,0,0,700560000,0,0,0,0,0,0,0,0,0,0,0,0,0,0,0,0,0,0,0,0,0,0,0,0,0,0,0,0,0,0,0,0,0,0,0,0,0,0,0,0,0,0,0,0,0,0,0,0,0,0,0,0,0,0,0,0,0,0,0,0,0,0,0,0,0,0,0,0,0,0,0,0
"GNQ",0,0,0,0,0,0,0,0,0,0,0,0,0,0,0,0,0,0,0,0,0,0,0,0,0,0,0,0,0,0,0,0,0,0,0,0,0,0,0,0,0,0,0,0,0,0,0,0,0,0,0,0,0,0,0,0,0,0,0,0,0,0,0,0,0,0,0,0,0,0,0,0,0,0,0,0,0,0,0,0,0,0,0,0,0,0,0,0,0,0,0,0,0,0,0,0,0,0,0,0,0,0,0,0,0,0,0,0,0,0,0,0,0,0,0,0,0,0,0,0,0,0,0,0,0,0,0,0,0,0,0,0,0,0,0,0,0,0,0,0,0,0,0,0,0,0,0,0,0,0,0,0,0,0,0,0,0,0,0,0,0,0,0,0,0,0,0,0,0,0,0,0,0,0,0,0,0,0,0,0,0,0,0,0,0,0,0,0,0,0,0,0,0,0,0
"EST",0,0,0,0,0,0,0,0,0,0,0,0,0,0,0,0,0,0,0,0,0,0,0,0,0,0,0,0,0,0,0,0,0,0,0,0,0,0,0,0,0,150280000,0,0,0,0,0,0,0,0,0,0,611655000,0,0,0,0,0,0,176800000,0,0,0,0,0,0,0,0,2.21e+08,0,0,0,0,0,0,0,0,0,0,8840000,6108440000,0,0,0,0,0,0,0,0,0,0,0,0,28095445000,0,0,0,0,0,12527790000,0,0,0,0,0,0,0,0,0,0,0,0,0,0,0,0,48620000,0,0,0,0,0,0,0,0,393380000,0,0,0,0,0,0,0,13260000,0,0,0,0,0,0,0,0,1400000,0,0,0,0,0,0,0,0,0,0,0,0,0,0,0,530400000,0,104500000,0,0,0,0,0,0,0,0,92820000,0,0,0,0,0,0,92820000,280000,0,0,0,0,0,0,0,0,0,0,1122680000,0,0,0,0,0,0
"FRO",0,0,0,0,0,0,0,0,0,0,0,0,0,0,0,0,0,0,0,0,0,0,0,0,0,0,0,0,0,0,0,0,0,0,0,0,0,0,0,0,0,0,0,0,0,0,0,0,0,0,0,0,0,0,0,0,0,0,0,0,0,0,0,0,0,0,0,0,0,0,0,0,0,0,0,0,0,0,0,0,0,0,0,0,0,0,0,0,0,0,0,0,0,0,0,0,0,0,0,0,0,0,0,0,0,0,0,0,0,0,0,0,0,0,0,0,0,0,0,0,0,0,0,0,0,0,0,0,0,0,0,0,0,0,0,0,0,0,0,0,0,0,0,0,0,0,0,0,0,0,0,0,0,0,0,0,0,0,0,0,0,0,0,0,0,0,0,0,0,0,0,0,0,0,0,0,0,0,0,0,0,0,0,0,0,0,0,0,0,0,0,0,0,0,0
"FJI",0,0,0,0,0,0,70720000,0,0,0,0,0,0,0,0,0,0,0,0,17680000,0,0,0,0,0,280000,0,0,0,0,0,0,0,0,0,35360000,0,0,0,0,0,0,0,0,0,0,0,0,0,0,0,0,0,0,0,0,0,0,0,0,0,0,167960000,0,0,0,0,0,0,0,0,0,0,0,0,0,0,0,0,0,0,0,0,0,0,0,0,0,0,0,0,0,0,0,0,0,0,0,0,0,0,0,0,0,0,0,0,0,0,0,0,0,0,0,0,0,0,0,0,0,4980000,314940000,0,0,0,0,0,0,0,154700000,0,0,0,0,0,0,0,0,0,0,0,0,0,0,0,0,0,0,0,0,0,0,0,0,0,0,0,0,0,0,0,0,0,0,0,0,0,0,50020000,0,0,0,0,0,0,76540000,0,0,163540000,0,0,0,0,0,0,0,0,0,0,0,0,0,0,0,0
"FIN",0,0,0,0,0,0,0,0,0,0,0,0,0,0,0,0,0,0,0,0,0,0,0,0,0,0,0,0,0,0,0,0,0,0,0,0,0,0,0,0,0,0,0,0,0,0,0,0,0,1680000,0,0,0,0,0,0,0,0,0,0,0,0,0,0,0,0,0,0,0,0,0,0,0,0,0,0,0,0,0,0,0,0,0,0,0,0,0,0,0,0,0,0,0,0,0,0,0,0,0,560000,0,0,0,0,0,0,0,0,0,0,0,0,0,0,0,0,62640000,0,0,0,0,0,0,0,0,0,0,0,0,0,0,0,0,0,0,0,0,0,0,0,0,0,1400000,0,0,0,0,0,0,0,0,0,0,0,0,0,0,0,0,0,0,0,0,0,0,0,0,0,0,0,0,0,0,0,0,0,0,0,0,0,0,0,0,0,0,0,0,0,0,0,0,0,0,0,0
"FRA",10050000,0,0,51935840000,0,0,1188040000,2638405000,0,0,0,331500000,0,0,0,0,0,0,0,0,0,0,0,0,287580000,19785000,0,0,0,17960000,0,1675000,0,70720000,75140000,0,0,0,0,0,13260000,5590000,0,0,0,0,0,1162460000,0,274700000,0,0,7770000,0,1449760000,0,0,17680000,0,36787360000,0,388960000,0,33600000,0,0,0,0,0,0,0,8840000,33735000,0,0,0,0,13260000,0,40640420000,0,31498270000,185310000,0,0,0,0,167960000,0,0,0,0,0,0,0,230445000,0,0,0,0,0,0,0,0,0,4420000,643440000,345825000,24795000,13260000,0,77840000,0,0,0,0,81799885000,0,146420000,0,0,1289750000,0,402220000,280000,235805000,0,0,17680000,0,0,0,0,115250000,167722425000,0,0,0,0,0,228375000,0,289205000,0,104400000,0,0,8005000,22167185000,0,0,0,0,4190160000,0,0,57419415000,0,167960000,0,17225000,31432185000,0,0,0,0,0,274040000,0,0,0,1400000,27298515000,560000,0,0,289273355000,6700000,66115000,349180000,0,1675000,0,0,0,0,0,0,32912475000,147340000,41875000,0,13555000,0,1586780000
"PYF",0,0,0,0,0,0,0,0,0,0,0,0,0,0,0,0,0,0,0,0,0,0,0,0,0,0,0,0,0,0,0,0,0,0,0,0,0,0,0,0,0,0,0,0,0,0,0,0,0,0,0,0,0,0,0,0,0,0,0,0,0,0,0,0,0,0,0,0,0,0,0,0,0,0,0,0,0,0,0,0,0,0,0,0,0,0,0,0,0,0,0,0,0,0,0,0,0,0,0,0,0,0,0,0,0,0,0,0,0,0,0,0,0,0,0,0,0,0,0,0,0,0,0,0,0,0,0,0,0,0,0,0,0,0,0,0,0,0,0,0,0,0,0,0,0,0,0,0,0,0,0,0,0,0,0,0,0,0,0,0,0,0,0,0,0,0,0,0,0,0,0,0,0,0,0,0,0,0,0,0,0,0,0,0,0,0,0,0,0,0,0,0,0,0,0
"DJI",0,0,0,0,0,0,0,0,0,0,0,0,0,0,0,0,0,0,0,0,0,0,0,0,0,0,0,0,0,0,0,0,0,0,0,0,0,0,0,0,0,0,0,0,0,0,0,0,0,0,0,0,0,0,0,0,0,0,0,0,0,0,0,0,0,0,0,0,0,0,0,0,0,0,0,0,0,0,0,0,0,0,0,0,0,0,0,0,0,0,0,0,0,0,0,0,0,0,0,0,0,0,0,0,0,0,0,0,0,0,0,0,0,0,0,0,0,0,0,0,0,0,0,0,0,0,0,0,0,0,0,0,0,0,0,0,0,0,0,0,0,0,0,0,0,0,0,0,0,0,0,0,0,0,0,0,0,0,0,0,0,0,0,0,0,0,0,0,0,0,0,0,0,0,0,0,0,0,0,0,0,0,0,0,0,0,0,0,0,0,0,0,0,0,0
"GEO",15284965000,0,0,0,0,0,0,0,0,0,0,0,0,0,0,0,0,0,0,0,0,0,0,0,0,0,0,0,0,0,0,0,0,0,0,0,0,0,0,3673575000,0,0,0,0,0,0,0,0,0,0,0,0,0,0,0,0,0,0,0,0,0,0,0,0,0,0,0,0,0,0,0,0,0,0,0,0,0,0,0,0,0,0,0,0,0,0,0,0,0,0,0,0,0,0,0,0,0,0,0,0,0,0,0,0,0,0,0,0,0,0,0,0,0,0,0,0,0,0,0,0,0,0,0,0,0,0,0,0,10733160000,0,0,0,0,0,0,0,0,0,0,0,0,0,0,0,0,0,0,0,0,0,0,0,0,0,0,0,0,0,0,0,0,0,0,0,0,0,0,0,0,0,0,0,28710000,0,0,0,0,0,0,0,0,0,0,0,0,0,0,0,0,0,0,0,0,0,0
"GAB",0,0,0,0,0,0,0,0,0,0,0,0,0,0,0,0,0,0,0,0,0,0,0,0,0,0,0,0,0,0,0,0,0,0,0,0,0,0,0,0,0,0,0,0,0,0,0,0,0,0,0,0,0,0,0,0,0,0,0,0,0,0,0,0,0,0,0,0,0,0,0,0,0,0,0,0,0,0,0,0,0,0,0,0,0,0,0,0,0,0,0,0,0,0,0,0,0,0,0,0,0,0,0,0,0,0,0,0,0,0,0,0,0,0,0,0,0,0,0,0,0,0,0,0,0,0,0,0,0,0,0,0,0,0,0,0,0,0,0,0,0,0,0,0,0,0,0,0,0,0,0,0,0,0,0,0,0,0,0,0,0,0,0,0,0,0,0,0,0,0,0,0,0,0,0,0,0,0,0,0,0,0,0,0,0,0,0,0,0,0,0,0,0,0,0
"GMB",0,0,0,0,0,0,0,0,0,0,0,0,0,0,0,0,0,0,0,0,0,0,0,0,0,0,0,0,0,0,0,0,0,0,0,0,0,0,0,0,0,0,0,0,0,0,0,0,0,0,0,0,0,0,0,0,0,0,0,0,0,0,0,0,0,0,0,0,0,0,0,0,0,0,0,0,0,0,0,0,0,0,0,0,0,0,0,0,0,0,0,0,0,0,0,0,0,0,0,0,0,0,0,0,0,0,0,78300000,0,0,0,0,0,0,0,0,0,0,0,0,0,0,0,0,0,0,0,0,0,0,0,0,0,0,0,0,0,0,0,0,0,0,0,0,0,0,0,0,39691575000,0,0,0,0,0,0,0,0,0,0,0,0,0,0,0,0,0,0,0,0,0,0,0,0,0,0,0,0,0,0,0,0,0,0,0,0,0,0,0,0,0,0,0,0,0,0
"DEU",560000,3080000,0,716557140000,0,1403380000,70780000,500806910000,0,0,0,185640000,0,0,0,0,167330000,0,0,0,0,5785000,0,0,4420000,79005000,0,0,4420000,0,11745000,43130000,0,0,0,0,0,0,560000,2283640000,0,725026185000,0,1400000,2288170000,0,27660360000,0,0,3268375000,0,0,56181420000,244416075000,0,0,1400000,0,59140000,0,88400000,0,0,809055000,0,0,280000,0,0,840000,0,14718600000,208888370000,1048520000,22317425000,59219960000,26100000,92820000,0,104575705000,954720000,14399395000,0,560000,0,0,4980000,0,0,0,0,1197905000,4187415000,11290830000,0,33826260000,0,560000,560000,14320235000,0,0,0,49180000,17680000,0,15075000,0,0,64450000,0,968868420000,0,7835000,0,0,335425595000,0,0,9120000,0,4420000,0,0,280000,31178310000,0,0,946965625000,0,5220000,0,0,533983490000,202965000,0,0,0,0,0,2731940000,0,167189395000,0,0,0,0,7.293e+09,0,0,0,2636165000,84823565000,39780000,0,648661015000,105541480000,0,0,0,23752620000,15171295000,4980000,0,85285000,4389060000,39780000,0,0,0,0,130756860000,398515250000,11680000,0,0,165489750000,1339220000,307635000,0,0,2283750000,0,0,0,0,0,0,13064260000,1.664e+09,83425000,0,0,0,0
"BIH",0,0,0,0,0,0,0,996750000,0,0,0,0,0,0,0,0,0,0,0,0,0,0,0,0,0,0,0,0,0,0,0,0,0,0,0,0,0,0,0,0,0,0,0,0,0,0,0,0,0,0,0,0,0,0,0,0,0,0,0,972400000,0,0,0,0,0,0,0,0,0,0,0,0,212160000,17466460000,0,0,0,0,0,0,0,0,0,0,0,0,0,0,0,0,0,0,0,0,0,0,0,0,0,0,0,0,0,0,0,0,0,0,0,0,0,0,0,0,0,0,0,0,0,0,0,0,0,0,0,0,0,0,0,0,0,0,0,0,0,0,0,0,0,0,110500000,0,0,0,0,0,0,0,0,0,0,8435045000,0,0,0,0,0,0,0,0,0,0,0,0,0,0,0,0,0,0,0,0,0,0,0,0,0,0,0,0,0,0,0,0,0,0,0,0,0,0,28833130000,0,0,0,0
"GHA",0,0,0,0,0,0,0,0,0,0,0,0,0,0,0,0,0,0,0,0,0,0,0,0,0,1675000,0,0,0,0,0,0,0,0,0,0,0,0,0,0,0,0,0,0,0,0,0,0,0,0,0,0,0,73700000,0,0,0,0,0,0,0,0,0,0,0,0,0,0,0,0,0,0,0,0,0,0,0,0,0,0,0,783050000,982370000,0,0,0,0,0,0,0,0,0,0,0,0,0,0,5025000,0,0,0,0,0,0,0,0,0,0,0,0,0,0,0,0,0,0,0,0,0,0,0,0,0,139025000,6.7e+07,0,0,0,0,0,0,0,0,0,0,0,0,0,0,0,0,0,0,0,0,0,0,0,155775000,0,0,0,0,0,0,0,93960000,0,0,0,0,0,0,0,0,0,0,58625000,0,0,0,0,0,0,0,0,0,0,22100000,172525000,0,0,0,0,0,0,0,0,0,0,0,0,0,0,0
"KIR",0,0,0,0,0,0,0,0,0,0,0,0,0,0,0,0,0,0,0,0,0,0,0,0,0,0,0,0,0,0,0,0,0,0,0,0,0,0,0,0,0,0,0,0,0,0,0,0,0,0,0,0,0,0,0,0,0,0,0,0,0,0,0,0,0,0,0,0,0,0,0,0,0,0,0,0,0,0,0,0,0,0,0,0,0,0,0,0,0,0,0,0,0,0,0,0,0,0,0,0,0,0,0,0,0,0,0,0,0,0,0,0,0,0,0,0,0,0,0,0,0,0,0,0,0,0,0,0,0,0,0,0,0,0,0,0,0,0,0,0,0,0,0,0,0,0,0,0,0,0,0,0,0,0,0,0,0,0,0,0,0,0,0,0,0,0,0,0,0,0,0,0,0,0,0,0,0,0,0,0,0,0,0,0,0,0,0,0,0,0,0,0,0,0,0
"GRC",0,0,21206230000,0,0,0,0,0,0,0,0,0,0,0,0,0,0,0,0,0,0,9599330000,0,0,0,0,0,0,0,0,0,0,0,0,0,0,0,0,36517170000,0,0,0,0,0,0,0,0,0,0,0,0,0,0,0,0,0,0,0,0,3915000,0,0,0,0,0,0,0,0,0,0,0,0,0,0,0,49590000,0,0,0,0,19978400000,58625000,0,0,0,0,0,0,0,0,0,0,0,0,0,3876340000,0,0,0,0,0,0,0,0,0,0,2676555000,0,0,0,0,0,0,0,0,0,0,0,0,56847945000,0,0,0,0,0,0,0,0,0,0,0,0,0,0,0,0,0,0,0,0,40455000,0,0,0,0,0,0,0,0,0,0,0,0,0,0,0,0,0,0,0,0,0,0,0,0,0,0,0,0,0,0,0,0,0,0,0,0,0,70350000,0,0,0,0,0,0,0,0,0,0,0,119900000,0,0,0,4000100000
"GRL",0,0,0,0,0,0,0,0,0,0,0,0,0,0,0,0,0,0,0,0,0,0,0,0,0,0,0,0,0,0,0,0,0,0,0,0,0,0,0,0,0,0,0,0,0,0,0,0,0,0,0,0,0,0,0,0,0,0,0,0,0,0,0,0,0,0,0,0,0,0,0,0,0,0,0,0,0,0,0,0,0,0,0,0,0,0,0,0,0,0,0,0,0,0,0,0,0,0,0,0,0,0,0,0,0,0,0,0,0,0,0,0,0,0,0,0,0,0,0,0,0,0,0,0,0,0,0,0,0,0,0,0,0,0,0,0,0,0,0,0,0,0,0,0,0,0,0,0,0,0,0,0,0,0,0,0,0,0,0,0,0,0,0,0,0,0,0,0,0,0,0,0,0,0,0,0,0,0,0,0,0,0,0,0,0,0,0,0,0,0,0,0,0,0,0
"GRD",0,0,0,0,0,0,0,0,0,0,0,0,0,0,0,0,0,0,0,0,0,0,0,0,0,0,0,0,0,0,0,0,0,0,0,0,0,0,0,0,0,0,0,0,0,0,0,0,0,0,0,0,0,0,0,0,0,0,0,0,0,0,0,0,0,0,0,0,0,0,0,0,0,0,0,0,0,0,0,0,0,0,0,0,0,0,0,0,0,0,0,0,0,0,0,0,0,0,0,0,0,0,0,0,0,0,0,0,0,0,0,0,0,0,0,0,0,0,0,0,0,0,0,0,0,0,0,0,0,0,0,0,0,0,0,0,0,0,0,0,0,0,0,0,0,0,0,0,0,0,0,0,0,0,0,0,0,0,0,0,0,0,0,0,0,0,0,0,0,0,0,0,0,0,0,0,0,0,0,0,0,0,0,0,0,0,0,0,0,0,0,0,0,0,0
"GTM",0,0,0,0,0,0,0,0,0,0,0,0,0,0,0,0,0,0,176800000,0,0,0,0,0,0,0,0,0,0,0,0,0,0,0,0,0,136980000,0,0,0,0,0,0,1680000,0,0,0,81367940000,0,0,0,0,0,0,0,0,0,0,0,0,0,0,0,0,0,0,0,0,0,0,459645000,0,0,0,0,0,0,0,0,0,0,0,0,0,0,0,0,0,0,0,0,0,0,0,0,0,0,0,0,0,0,0,0,0,0,0,0,0,0,0,0,0,0,0,0,0,0,0,0,0,0,0,293415000,0,0,0,0,22886760000,0,0,0,0,0,0,0,0,0,0,0,0,0,0,0,0,0,0,0,0,0,0,0,0,0,0,0,0,0,0,0,0,0,0,0,0,0,0,0,0,0,0,0,0,0,0,0,0,0,0,375265000,0,0,0,1532625000,0,0,0,0,0,0,0,0,0,0,0,0
"GIN",0,0,0,0,0,0,0,0,0,0,0,0,0,0,0,0,0,0,0,0,0,0,0,0,0,0,0,0,0,0,0,0,0,0,0,0,0,0,0,0,0,0,0,0,0,0,0,0,0,0,0,0,0,0,0,0,0,0,0,0,0,0,0,0,0,0,0,0,0,0,0,0,0,0,0,0,0,0,0,0,0,0,0,0,0,0,0,0,0,0,0,0,0,0,0,0,0,0,0,0,0,0,0,0,0,0,0,0,0,0,0,0,0,0,0,0,0,0,0,0,0,0,0,0,0,0,0,0,0,0,0,0,0,0,0,0,0,0,0,0,0,0,0,0,0,0,0,0,0,0,0,0,0,0,0,0,0,0,0,0,0,0,0,0,0,0,0,0,0,0,0,0,0,0,0,0,0,0,0,0,0,0,0,0,0,0,0,0,0,0,0,0,0,0,0
"GUY",0,0,0,0,0,0,0,0,0,0,840000,0,0,0,0,0,0,0,0,0,0,0,0,0,0,280000,0,0,0,0,0,0,0,0,0,0,0,0,0,0,0,0,0,0,0,0,0,0,0,0,0,0,0,0,0,0,0,0,0,0,0,0,0,0,0,0,0,0,0,0,0,0,0,0,0,0,0,0,0,0,0,0,0,0,0,0,0,0,0,0,0,0,0,0,0,0,0,0,0,0,0,0,0,0,0,0,0,0,0,0,0,0,0,0,0,0,0,0,0,0,0,0,0,0,0,0,0,0,0,0,0,0,0,0,0,0,0,0,0,0,0,0,0,0,0,0,0,0,0,0,0,0,0,0,0,0,0,0,0,0,0,0,0,0,0,0,0,0,0,13050000,0,0,0,0,0,0,0,0,0,0,0,0,0,0,0,0,0,0,0,0,0,0,0,0,0
"HTI",0,0,0,0,0,0,0,0,0,0,0,0,0,0,0,0,0,0,0,0,0,0,0,0,0,0,0,0,0,0,0,0,0,0,0,0,0,0,0,0,0,0,0,0,0,0,0,0,0,0,0,0,0,0,0,0,0,0,0,0,0,0,0,0,0,0,0,0,0,0,0,0,0,0,0,0,0,0,0,0,0,0,0,0,0,0,0,0,0,0,0,0,0,0,0,0,0,0,0,0,0,0,0,0,0,0,0,0,0,0,0,0,0,0,0,0,0,0,0,0,0,0,0,0,0,0,0,0,0,0,0,0,0,0,0,0,0,0,0,0,0,0,0,0,0,0,0,0,0,0,0,0,0,0,0,0,0,0,0,0,0,0,0,0,0,0,0,0,0,0,0,0,0,0,0,0,0,0,0,0,0,0,0,0,0,0,0,0,0,0,0,0,0,0,0
"HND",0,0,0,0,0,0,0,0,0,0,0,0,0,0,0,0,0,0,0,0,0,0,0,0,0,0,0,0,0,0,0,0,0,0,0,0,0,0,0,0,0,0,0,0,0,0,0,6720000,0,0,0,0,0,0,0,0,0,0,0,0,0,0,0,0,0,0,169610000,0,0,0,0,0,0,0,0,0,0,0,0,0,0,0,0,0,0,0,0,0,0,0,0,0,0,0,0,0,0,0,0,0,0,0,0,0,0,0,0,0,0,5040000,0,0,0,0,0,0,0,0,0,0,0,0,1120000,0,0,0,0,0,0,0,0,0,0,0,0,0,0,0,0,0,0,0,0,0,0,0,0,0,0,0,0,0,0,0,0,0,1675000,0,0,0,0,0,0,0,0,0,0,0,0,0,0,0,0,0,0,0,0,0,280000,0,0,0,0,0,0,0,0,0,0,0,0,0,0,0,0
"HKG",0,0,0,0,0,26600000,388920000,0,280000,38920000,0,0,0,0,19320000,0,40320000,0,0,2520000,1120000,0,0,0,0,338185000,0,0,0,0,29400000,65484040000,107520000,0,0,0,36960000,0,2240000,560000,0,9240000,0,0,0,14280000,2800000,25200000,0,0,0,1400000,840000,9.1e+07,0,0,0,0,0,41160000,0,72400000,0,0,0,0,62440000,0,19880000,0,86240000,0,0,0,0,54320000,24060000,0,0,36960000,24920000,15960000,0,0,54320000,10240000,0,0,0,6440000,3920000,406280000,8120000,0,0,3080000,0,0,0,0,48822530000,18760000,0,79520000,0,0,0,0,7e+06,0,0,0,0,0,0,0,121800000,0,0,0,2240000,36960000,1120000,0,11760000,37740000,0,101640000,0,840000,280000,148120000,363600000,0,0,0,0,0,0,0,0,0,3640000,0,0,0,0,0,0,280000,0,0,0,104030000,0,85120000,58320000,8400000,0,0,2.8e+07,0,0,0,241460000,0,72400000,560000,0,188160000,53760000,0,11200000,22120000,0,0,2251200000,0,7637070000,0,14280000,0,11760000,1039770000,0,0,0,0,33880000,0,0,0,0,0,0
"HUN",2610000,0,0,0,0,0,0,52050650000,0,0,0,0,0,0,0,0,0,0,0,0,0,0,0,0,0,0,0,0,0,0,0,0,0,0,0,0,0,0,0,280000,0,0,0,0,0,0,0,0,0,0,0,0,0,0,0,0,0,0,0,5871195000,9008650000,0,0,398025000,0,0,0,0,0,0,0,0,0,338715000,0,0,0,0,0,0,0,26860485000,0,0,0,0,0,0,0,0,0,0,0,0,0,0,0,0,0,0,0,0,0,0,0,0,0,0,0,0,0,0,0,125280000,0,0,14262800000,0,0,0,0,0,0,0,0,0,0,0,0,0,0,0,0,2283835000,0,0,0,0,0,0,51696600000,0,204885000,0,0,0,0,0,0,0,0,1207955000,20135885000,0,0,0,0,0,0,0,3350000,6052505000,0,0,0,0,0,0,0,0,0,0,0,0,0,0,0,61335000,0,0,0,0,0,0,0,0,0,0,12382795000,0,19009420000,0,0,0,0
"HRV",0,0,0,0,0,0,0,2785525000,0,0,0,0,0,0,0,0,0,0,0,0,0,0,0,0,0,0,0,0,0,0,0,0,0,0,0,0,0,0,0,0,0,0,0,0,0,0,0,0,0,0,0,0,0,0,0,0,0,0,0,88170000,46537560000,0,0,34108255000,0,0,0,0,0,0,0,0,4083255000,0,0,0,0,0,0,0,0,48484170000,0,0,0,0,0,0,0,0,0,0,0,0,0,0,0,0,0,0,0,0,0,0,0,0,0,0,0,0,0,0,0,0,0,0,0,0,0,288405000,0,0,0,0,0,0,0,0,41875000,0,0,0,0,0,0,0,0,0,0,0,0,0,0,0,0,0,0,0,0,0,0,3996030000,55275000,0,0,0,0,0,0,0,4420000,1980160000,0,0,0,0,0,0,0,0,0,0,0,0,0,0,0,0,0,0,0,0,0,0,0,0,0,0,7070175000,0,62118745000,35360000,0,0,0
"ISL",0,0,0,0,0,0,0,0,0,0,0,0,0,0,0,0,0,0,0,0,0,0,0,0,0,0,0,0,0,0,0,0,0,0,0,0,0,0,0,0,0,0,0,0,0,0,0,0,0,0,4420000,0,0,0,0,0,0,0,0,0,0,0,0,0,0,0,0,0,0,0,0,0,0,0,0,0,0,0,0,0,0,0,0,0,0,0,0,0,0,0,0,0,0,0,0,0,0,0,0,0,0,0,0,0,0,0,0,0,0,0,0,0,0,0,0,0,0,0,0,0,0,0,0,0,0,0,0,0,0,0,0,0,0,0,0,0,0,0,0,0,0,0,0,0,0,0,0,0,0,0,0,0,0,0,0,0,0,0,0,0,0,0,0,0,0,0,0,0,0,0,0,0,0,0,0,0,0,0,0,0,0,0,0,0,0,0,0,0,0,0,0,0,0,0,0
"IND",0,0,0,57965000,0,106080000,1121185000,371190000,0,12336315000,0,727768285000,0,0,0,428800000,0,0,0,0,4692780000,1383300000,244370385000,0,2478195000,59895950000,0,0,301098375000,0,0,18709085000,0,0,97875000,0,0,0,0,0,16750000,1675000,0,0,0,0,20313250000,0,1305000,840000,0,51925000,0,749143960000,0,1043120000,400635000,0,0,5877185000,0,5492745000,0,70351220000,0,0,0,0,0,0,0,64665000,0,148792185000,0,0,474092145000,2217314005000,12806335000,258390000,171965000,145078080000,626400000,0,0,1599057770000,177810000,0,39515100000,62556480000,26759025000,503228600000,136580240000,0,0,97875000,0,0,0,86782500000,0,6549795000,0,42270040000,1305000,0,0,0,1168625000,49590000,0,152425000,39863795000,0,0,248217435000,127447790000,0,5556690000,0,0,5057785000,0,0,21838445000,93765000,974581770000,0,9800000,0,0,0,59878520000,840000,0,0,0,0,2263460000,1396350000,2.7405e+10,0,22418880000,0,0,0,0,62887415000,0,577920000,0,0,0,135417285000,0,495765000,8918895000,0,0,0,836875000,2653885000,78300000,91350000,59587530000,7184780000,1160294315000,0,0,142240000,104863250000,0,150028895000,257806940000,0,0,9973900000,0,112402320000,0,0,0,0,1032902940000,1376915000,10399115000,49590000,200970000,383989775000,0,0,0,4692835000,0,0
"IDN",0,0,0,0,0,0,1005760000,560000,0,840000,0,0,0,0,0,0,0,0,0,0,241080000,0,1402720000,0,0,61040000,0,0,3887595000,0,0,23520000,0,0,0,0,0,0,0,0,0,0,0,0,0,0,8960000,0,0,0,0,0,560000,560000,0,0,0,0,0,6440000,0,0,0,0,0,0,0,0,0,0,0,90720000,0,0,0,3228565000,0,0,0,0,0,0,0,0,0,4.2e+07,0,0,0,0,0,36960000,50680000,0,0,0,0,0,0,0,0,0,0,710015000,0,0,0,0,0,0,0,0,0,0,0,0,959280000,0,280000,0,0,54320000,0,0,0,26320000,0,0,72520000,6440000,0,0,81760000,1960000,0,0,2341130000,0,32480000,0,0,0,0,0,0,0,0,1180760000,0,0,280000,0,0,260865000,0,280000,0,280000,0,0,0,280000,0,0,118440000,6160000,560000,0,5320000,0,5040000,0,0,146440000,0,0,20160000,0,345240000,0,0,0,0,0,0,0,0,0,0,0,0,0,0,0,0
"IRN",0,0,0,0,0,0,0,0,0,0,0,0,0,0,0,0,0,0,0,0,0,0,0,0,0,0,0,0,0,0,0,0,0,0,0,0,0,0,0,0,0,0,0,0,0,0,0,0,0,0,0,0,0,0,0,0,0,0,0,0,0,0,0,0,0,0,0,0,0,0,0,0,0,0,0,0,0,0,0,0,0,0,0,0,0,0,0,0,0,0,0,0,0,0,0,0,0,0,0,0,0,0,0,0,0,0,0,0,0,0,0,0,0,0,0,0,0,0,0,0,0,0,0,0,0,0,0,0,0,0,0,0,0,0,0,0,0,0,0,0,0,0,0,0,0,0,0,0,0,0,0,0,0,0,0,0,0,0,0,0,0,0,0,0,0,0,0,0,0,0,0,0,0,0,0,0,0,0,0,0,0,0,0,0,0,0,0,0,0,0,0,0,0,0,0
"IRQ",0,0,0,0,0,0,0,0,0,0,0,0,0,0,0,0,0,0,0,0,0,0,0,0,0,0,0,0,0,0,0,0,0,0,0,0,0,0,0,0,0,0,0,0,0,0,0,0,0,0,0,0,0,0,0,0,0,0,0,0,0,0,0,0,0,0,0,0,0,0,0,0,0,0,0,0,0,0,0,0,0,0,0,0,0,0,0,0,0,0,0,0,0,0,0,0,0,0,0,0,0,0,0,0,0,0,0,0,0,0,0,0,0,0,0,0,0,0,0,0,0,0,0,0,0,0,0,0,0,0,0,0,0,0,0,0,0,0,0,0,0,0,0,0,0,0,0,0,0,0,0,0,0,0,0,0,0,0,0,0,0,0,0,0,0,0,0,0,0,0,0,0,0,0,0,0,0,0,0,0,0,0,0,0,0,0,0,0,0,0,0,0,0,0,0
"IRL",0,0,0,0,0,0,840000,0,0,0,0,0,0,0,0,0,0,0,0,0,0,0,0,0,0,0,0,0,0,0,0,0,0,0,0,0,0,0,0,0,0,0,0,0,0,0,0,0,0,0,0,0,0,3885110000,0,0,0,0,0,0,0,8840000,0,0,0,0,0,0,0,0,0,0,0,0,0,0,0,0,0,0,0,0,0,0,0,0,0,0,0,0,0,0,0,0,0,0,0,0,0,0,0,0,0,0,0,0,0,0,0,0,0,0,0,0,0,0,1414400000,0,0,0,0,0,0,0,0,4420000,0,0,0,0,0,0,0,0,0,0,0,0,0,0,0,0,0,0,0,0,0,0,0,0,0,0,0,0,0,0,0,0,0,0,7e+06,0,0,0,0,0,0,0,0,0,0,0,0,0,0,0,20276030000,0,0,0,0,0,0,0,0,0,0,0,0,0,0,0,0,0,0
"ISR",0,0,0,0,0,35360000,0,0,0,0,0,0,0,0,0,0,0,0,0,0,0,0,0,0,0,0,0,0,0,0,61880000,0,0,0,0,0,0,0,0,0,0,0,0,79560000,0,0,0,0,280000,0,0,0,0,1955000,0,0,4420000,0,0,8840000,0,0,0,0,0,0,0,0,0,0,0,0,4420000,0,0,0,0,0,0,0,0,0,0,0,0,0,3510450000,0,0,0,0,0,0,0,0,0,0,0,0,0,0,0,0,0,0,0,0,0,0,0,0,0,0,0,0,0,0,0,0,0,0,0,0,0,0,0,0,0,0,0,0,0,0,0,0,0,0,0,0,0,0,0,0,0,0,0,0,0,0,0,0,0,0,0,0,0,0,0,0,0,0,0,0,0,0,0,0,0,0,0,0,0,0,0,0,0,0,0,146850000,0,0,0,0,0,0,0,0,0,0,0,0,0,0,0,0
"ITA",0,0,21665220000,188583720000,0,0,9120000,165753345000,0,0,0,499460000,0,0,0,0,0,0,0,0,0,92820000,0,0,1219920000,1120000,0,0,17680000,0,0,69100000,0,0,309400000,0,0,0,33510300000,0,0,16035255000,0,0,4420000,0,0,0,0,22845000,0,0,247830000,39932580000,0,0,4420000,0,0,75697885000,31320000,0,0,29459285000,0,0,0,0,0,0,0,560000,44393175000,15293580000,0,0,4420000,0,0,0,8952210000,0,0,0,0,22160000,0,0,123760000,0,4420000,13260000,0,0,0,5164640000,0,0,31825000,0,0,0,0,0,0,0,1865195000,0,0,0,0,60434660000,13260000,0,0,0,10504135000,0,0,0,0,0,0,0,44200000,885265000,0,4420000,307245000,0,0,0,280000,1268290000,103170000,0,0,362440000,28475000,0,23269725000,0,36340000,0,0,0,0,560000,0,0,280000,57369030000,3275870000,0,0,0,31045705000,0,0,0,24708975000,25820030000,0,0,14660000,0,0,0,0,0,0,43338100000,9825850000,280000,0,0,6063810000,0,350875000,0,0,0,280000,0,0,0,57460000,0,8110440000,0,27142695000,0,66300000,0,0
"CIV",0,0,0,0,0,0,0,0,0,0,0,0,0,0,0,0,0,0,0,0,0,0,0,0,0,0,0,0,0,0,0,0,0,0,0,0,0,0,0,0,0,0,0,0,0,0,0,0,0,0,0,0,0,0,0,0,0,0,0,0,0,112230000,0,0,0,0,0,0,0,0,0,51925000,0,0,0,70350000,0,0,0,0,0,0,0,0,0,0,0,0,0,0,0,0,0,0,0,0,0,0,0,0,0,0,0,0,0,385250000,0,0,0,0,0,0,0,0,0,0,0,0,0,0,0,0,0,0,0,0,0,0,0,0,0,0,0,0,0,0,0,0,0,0,0,0,0,0,0,0,0,0,16750000,0,0,0,0,0,0,0,0,0,0,0,0,0,0,0,0,0,0,0,0,0,0,0,0,0,0,0,0,0,0,0,0,0,0,61975000,0,0,0,0,0,0,0,0,0,0,0
"KAZ",0,0,0,0,0,0,0,0,0,0,0,0,0,0,0,0,0,0,0,0,0,0,0,0,0,0,0,0,0,0,0,0,0,0,0,0,0,0,0,0,0,0,0,0,0,0,0,0,0,0,0,0,0,0,0,0,0,0,0,16526520000,0,0,0,0,0,0,0,0,0,0,0,0,0,0,0,0,0,0,0,0,0,0,0,0,0,0,0,16378895000,0,0,0,0,0,0,0,0,0,0,0,0,0,0,0,0,0,0,0,0,0,0,0,0,0,0,0,0,16642800000,0,0,0,0,0,0,0,0,0,0,0,0,0,0,0,0,0,0,0,0,0,0,0,0,0,1798070000,0,0,0,0,0,0,0,0,0,0,0,0,0,0,0,16629650000,0,20151925000,0,0,0,0,0,0,0,0,0,0,0,2688375000,6.525e+09,0,0,0,0,0,0,0,81167870000,0,0,0,0,0,0,0,0,0,0,0,0,0
"JAM",0,0,0,0,560000,0,0,0,0,0,560000,0,0,0,0,0,0,0,560000,0,0,0,0,0,0,0,0,0,0,0,0,0,0,0,0,0,0,0,0,0,0,0,0,0,0,0,0,0,0,0,0,0,0,0,0,0,0,0,0,0,0,0,0,0,0,840000,0,0,840000,0,0,0,0,0,0,0,0,0,0,0,0,0,0,0,0,0,0,0,0,0,0,0,0,0,0,0,0,0,0,0,0,0,0,0,0,0,0,0,0,0,0,0,0,0,0,0,0,0,0,0,0,0,0,0,0,0,0,0,0,0,0,0,0,0,0,0,0,0,0,0,0,0,0,0,0,0,0,0,0,0,0,0,0,0,0,0,0,0,0,0,0,0,0,0,0,0,0,0,0,560000,0,0,0,0,0,0,0,0,36400000,0,0,0,0,0,0,0,0,0,0,0,0,0,0,0,0
"JPN",0,0,0,0,0,17830000,1472170000,120120000,0,2560000,0,0,0,0,560000,0,48960000,0,0,0,0,0,48620000,0,0,850820000,0,0,560000,0,280000,916460000,1680000,0,0,0,0,0,0,0,0,184100000,0,0,4760000,0,11940000,0,0,0,0,280000,1120000,1189250000,0,0,0,0,0,661585000,0,0,0,0,0,0,0,0,0,0,0,2986020000,0,0,0,9580000,262160000,0,0,0,224245000,200875000,0,0,0,0,5320000,0,0,5360000,0,2282915000,8140000,12320000,0,29710000,0,0,0,15400000,86310000,0,0,310230000,0,0,0,0,0,3410000,8680000,0,0,0,0,560000,822020000,0,3360000,0,0,355750000,0,0,560000,18760000,0,0,44480000,0,0,0,487300000,48820000,145390000,0,0,0,7100000,0,0,0,77840000,0,0,0,0,7340000,0,0,0,0,1120000,966010000,0,54880000,173840000,0,0,0,314260000,70540000,0,0,1049580000,0,1117470000,0,0,0,570000,0,3920000,92300000,0,0,1291420000,175030000,5994460000,0,0,0,26880000,277840000,0,0,0,280000,129950000,0,3670000,0,0,0,0
"JOR",0,0,0,0,0,0,0,0,0,0,0,0,0,0,0,0,0,0,0,0,0,0,0,0,0,0,0,0,0,0,0,0,0,0,0,0,0,0,0,0,0,0,0,0,0,0,6.63e+08,0,0,0,0,0,0,0,0,0,0,0,0,0,0,0,0,0,0,0,0,0,0,0,0,0,0,0,0,48285000,0,0,5103850000,0,0,0,0,0,0,0,0,0,0,0,0,0,207740000,0,0,44200000,0,0,0,0,0,0,0,0,0,0,0,0,0,0,0,0,0,0,0,0,0,0,0,0,0,0,0,0,0,0,0,0,0,0,0,0,0,0,0,0,0,0,44200000,0,0,0,0,0,0,0,0,0,0,0,0,0,0,0,0,0,0,0,0,0,0,0,0,0,0,0,0,0,0,0,0,0,0,0,0,0,0,0,0,0,0,0,0,0,0,119340000,0,0,0,0,0,0,0,0,0
"KGZ",0,0,0,0,0,0,0,0,0,0,0,0,0,0,0,0,0,0,0,0,0,0,0,0,0,0,0,0,0,0,0,0,0,0,0,0,0,0,0,0,0,0,0,0,0,0,0,0,0,0,0,0,0,0,0,0,0,0,0,0,0,0,0,0,0,0,0,0,0,0,0,0,0,0,0,0,0,0,0,0,0,0,0,0,0,0,0,0,0,0,0,0,0,0,0,0,0,0,0,0,0,0,0,0,0,0,0,0,0,0,0,0,0,0,0,0,0,0,0,0,0,0,0,0,0,0,0,0,0,0,0,0,0,0,0,0,0,0,0,0,0,0,0,0,0,0,0,0,0,0,0,0,0,0,0,0,0,0,0,0,0,0,0,0,0,0,0,0,0,0,0,0,0,0,0,0,0,0,0,0,0,0,0,0,0,0,0,0,0,0,0,0,0,0,0
"KEN",0,0,0,0,0,0,0,0,0,0,0,0,0,0,0,0,0,0,0,0,0,0,0,0,0,0,0,0,0,0,0,0,0,0,0,0,0,0,0,0,0,0,0,0,0,0,0,0,0,0,0,0,0,0,0,0,0,0,0,0,0,0,0,0,0,0,0,0,0,0,0,0,0,0,0,0,0,0,0,0,0,0,0,0,0,0,0,0,0,0,0,0,0,0,0,0,0,0,0,0,0,0,0,0,0,0,0,0,0,0,0,0,0,0,0,0,0,0,0,0,0,0,0,0,0,0,0,0,0,0,0,0,0,0,0,0,0,0,0,0,0,2484040000,0,0,0,0,0,0,0,0,0,0,0,0,0,8375000,0,0,0,0,0,0,0,0,0,271040000,0,0,0,0,0,0,0,0,75140000,0,0,0,0,0,0,0,0,0,0,0,114920000,4.42e+08,0,0,0,0,0,0,0
"KHM",0,0,0,0,0,0,0,0,0,0,0,0,0,0,0,0,0,0,0,0,0,0,0,0,0,0,0,0,0,0,0,0,0,0,0,0,0,0,0,0,0,0,0,0,0,0,0,0,0,0,0,0,0,0,0,0,0,0,0,0,0,0,0,0,0,0,0,0,0,0,0,0,0,0,0,0,0,0,0,0,0,0,0,0,0,256275000,0,0,0,0,0,365150000,0,0,0,0,0,0,0,0,0,0,0,0,0,0,0,0,0,0,0,0,0,0,0,0,0,0,0,0,0,0,0,0,0,0,0,0,0,0,0,0,0,0,0,0,0,0,0,0,0,0,0,0,0,0,0,0,0,0,0,0,0,0,0,0,0,0,0,0,0,0,0,0,0,0,9212500000,0,0,0,0,0,0,0,0,0,0,0,0,0,0,0,0,0,0,0,0,0,0,0,0,0,0,0,0
"PRK",0,0,0,0,0,0,0,0,0,0,0,0,0,0,0,0,0,0,0,0,0,0,0,0,0,0,0,0,0,0,0,0,0,0,0,0,0,0,0,0,0,0,0,0,0,0,0,0,0,0,0,0,0,0,0,0,0,0,0,0,0,0,0,0,0,0,0,0,0,0,0,0,0,0,0,0,0,0,0,0,0,0,0,0,0,0,0,0,0,0,0,0,0,0,0,0,0,0,0,0,0,0,0,0,0,0,0,0,0,0,0,0,0,0,0,0,0,0,0,0,0,0,0,0,0,0,0,0,0,0,0,0,0,0,0,0,0,0,0,0,0,0,0,0,0,0,0,0,0,0,0,0,0,0,0,0,0,0,0,0,0,0,0,0,0,0,0,0,0,0,0,0,0,0,0,0,0,0,0,0,0,0,0,0,0,0,0,0,0,0,0,0,0,0,0
"KOR",0,0,0,10625000,0,10080000,7029080000,45920000,0,0,0,2800000,0,0,1120000,0,14840000,0,0,0,0,0,1400000,0,0,932380000,0,0,0,0,125680000,125992940000,6160000,0,0,0,0,0,0,0,0,0,0,0,0,0,16520000,0,0,0,0,30940000,0,8680000,0,0,0,0,0,125160000,0,78500000,0,0,0,0,280000,0,0,0,0,194920000,0,0,0,7e+06,31322390000,0,18240000,840000,25760000,0,280000,220180000,0,174817195000,0,12820000,1.4e+07,1669740000,0,0,2240000,0,0,0,0,0,13400000,11760000,280000,0,0,8836880000,0,0,0,0,0,11480000,1889675000,3080000,0,0,0,280000,76440000,0,0,0,0,589680000,0,0,0,0,0,0,11480000,0,28880000,1400000,10721440000,1120000,0,0,0,0,0,280000,0,0,17171420000,0,0,0,0,259300000,0,0,3350000,3080000,11200000,161260000,0,4480000,3360000,0,0,0,280000,1400000,0,0,19920000,0,162160000,0,0,0,0,0,0,127260000,0,0,104260000,3640000,3359785000,0,0,36360000,0,13422915000,0,0,0,0,1680000,0,0,0,0,0,0
"KWT",0,0,0,0,0,0,0,0,0,0,0,0,0,0,0,0,0,0,0,0,0,0,0,0,0,0,0,0,0,0,0,0,0,0,0,0,0,0,0,0,0,0,0,0,0,0,0,0,0,0,0,0,0,0,0,0,0,0,0,0,0,0,0,0,0,0,0,0,0,0,0,0,0,0,0,0,0,0,8375000,0,0,0,0,0,0,0,0,0,0,0,0,0,0,0,0,1680000,0,0,0,0,0,0,0,247520000,0,0,0,0,0,0,0,0,0,0,0,0,0,0,0,0,0,0,0,0,0,0,0,0,0,0,0,0,0,0,0,0,0,0,0,0,0,0,0,0,0,0,0,7089680000,0,0,0,0,0,0,0,0,0,0,0,0,0,0,0,0,0,0,0,0,0,0,0,0,4420000,1960000,0,0,0,0,0,0,0,0,0,0,0,0,0,0,0,0,0,0,0,0,0
"LVA",0,0,0,0,0,0,0,0,0,0,0,0,0,0,0,0,0,0,0,0,0,0,0,0,0,0,0,0,0,0,0,0,0,0,0,0,0,0,0,2966265000,0,0,0,0,5119515000,0,0,0,0,33536195000,0,0,164430000,280000,0,0,0,0,0,36395145000,0,0,0,0,0,0,0,0,0,0,0,0,0,0,0,0,0,0,0,4420000,0,0,0,0,0,0,0,78300000,0,0,0,0,0,0,0,0,0,0,0,34423195000,0,0,0,0,0,0,0,0,0,0,0,0,0,0,0,0,0,0,0,0,0,0,0,0,0,0,0,0,497230000,0,0,0,0,158356530000,0,0,0,0,0,0,0,0,16336575000,0,0,0,0,0,0,0,0,0,45225000,0,0,0,0,0,292320000,0,0,0,0,0,0,0,0,0,0,0,0,0,0,0,0,0,0,0,0,0,0,5948190000,0,0,0,0,0,0,0,0,0,0,0,0,0
"LAO",0,0,0,0,0,0,0,0,0,0,0,0,0,0,0,0,0,0,0,0,0,0,0,0,0,0,0,0,0,0,0,0,0,0,0,0,0,0,0,0,0,0,0,0,0,0,0,0,0,0,0,0,0,0,0,0,0,0,0,0,0,0,0,0,0,0,0,0,0,0,0,0,0,0,0,0,0,0,0,0,0,0,0,0,0,0,0,0,0,0,0,0,0,0,0,0,0,0,0,0,0,0,0,0,0,0,0,0,0,0,0,0,0,0,0,0,0,0,0,0,0,0,0,0,0,0,0,0,0,0,0,0,0,0,0,0,0,0,0,0,0,0,0,0,0,0,0,0,0,0,0,0,0,0,0,0,0,0,0,0,0,0,0,0,0,0,0,0,0,0,0,0,0,0,0,0,0,0,0,0,0,0,0,0,0,0,0,0,0,0,0,0,0,0,0
"LBN",0,0,0,280000,0,0,88400000,0,0,0,0,0,0,0,0,0,0,0,0,0,0,0,0,0,4420000,0,0,8840000,0,0,0,0,0,0,0,0,0,0,0,0,0,0,0,0,0,0,1680000,0,4420000,0,0,0,0,0,0,0,0,0,0,0,0,280000,0,0,0,0,0,0,0,0,0,0,0,0,0,0,0,0,21915000,0,0,0,0,0,0,0,271940000,0,0,0,0,0,203320000,0,0,0,0,26800000,0,0,0,0,0,0,0,4420000,0,0,0,0,0,0,560000,0,0,0,0,0,0,0,0,0,0,4420000,8840000,0,0,0,0,0,0,0,0,0,0,0,0,0,840000,0,0,0,0,0,0,0,0,6700000,0,0,0,0,0,0,0,0,0,0,0,0,0,0,1572055000,0,0,0,0,0,0,0,560000,0,0,0,0,0,0,0,0,0,0,0,8840000,0,0,4420000,0,0,0,0,0,0,0,0,0
"LSO",0,0,0,0,0,0,0,0,0,0,0,0,0,0,0,0,0,0,0,0,0,0,0,0,0,0,0,0,0,0,0,0,0,0,0,0,0,0,0,0,0,0,0,0,0,0,0,0,0,0,0,0,0,0,0,0,0,0,0,0,0,0,0,0,0,0,0,0,0,0,0,0,0,0,0,0,0,0,0,0,0,0,0,0,0,0,0,0,0,0,0,0,0,0,0,0,0,0,0,0,0,0,0,0,0,0,0,0,0,0,0,0,0,0,0,0,0,0,0,0,0,0,0,0,0,0,0,0,0,0,0,0,0,0,0,0,0,0,0,0,0,0,0,0,0,0,0,0,0,0,0,0,0,0,0,0,0,0,0,0,0,0,0,0,0,0,0,0,0,0,0,0,0,0,0,0,0,0,0,0,0,0,0,0,0,0,0,0,0,0,0,0,0,0,0
"LBR",0,0,0,0,0,0,0,0,0,0,0,0,0,0,0,0,0,0,0,0,0,0,0,0,0,0,0,0,0,0,0,0,0,0,0,0,0,0,0,0,0,0,0,0,0,0,0,0,0,0,0,0,0,0,0,0,0,0,0,0,0,0,0,0,0,0,0,0,0,0,0,0,0,0,0,0,0,0,0,0,0,0,0,0,0,0,0,0,0,0,0,0,0,0,0,0,0,0,0,0,0,0,0,0,0,0,0,0,0,0,0,0,0,0,0,0,0,0,0,0,0,0,0,0,0,0,0,0,0,0,0,0,0,0,0,0,0,0,0,0,0,0,0,0,0,0,0,0,0,0,0,0,0,0,0,0,0,0,0,0,0,0,0,0,0,0,0,0,0,0,0,0,0,0,0,0,0,0,0,0,0,0,0,0,0,0,0,0,0,0,0,0,0,0,0
"LBY",0,0,0,0,0,0,0,0,0,0,0,0,0,0,0,0,0,0,0,0,0,0,0,0,0,0,0,0,0,0,0,0,0,0,0,0,0,0,0,0,0,0,0,0,0,0,0,0,0,0,0,0,0,0,0,0,0,0,0,0,0,0,0,0,0,0,0,0,0,0,0,0,0,0,0,0,0,0,0,0,0,0,0,0,0,0,0,0,0,0,0,0,0,0,0,0,0,0,0,0,0,0,0,0,0,0,0,0,0,0,0,0,0,0,0,0,0,0,0,0,0,0,0,0,0,0,0,0,0,0,0,0,0,0,0,0,0,0,0,0,0,0,0,0,0,0,0,0,0,0,0,0,0,0,0,0,0,0,0,0,0,0,0,0,0,0,0,0,0,0,0,0,0,0,0,0,0,0,0,0,0,0,0,0,0,0,0,0,0,0,0,0,0,0,0
"LTU",0,0,0,0,0,0,0,465650000,0,0,0,0,0,0,0,0,0,0,0,0,0,0,0,0,0,0,0,0,0,0,0,0,0,0,0,0,0,0,0,0,0,0,0,0,5530225000,0,0,0,0,5168040000,0,0,0,0,0,0,0,0,0,0,0,0,0,0,0,0,0,0,0,0,0,0,0,0,0,0,0,0,0,0,0,0,0,0,0,0,0,0,0,0,0,0,0,36603995000,0,0,0,0,0,0,0,0,0,0,0,0,0,0,0,0,0,0,0,0,0,0,33500000,0,0,0,0,0,0,0,0,0,0,0,0,0,0,0,0,24533175000,0,0,0,0,0,0,0,0,1137380000,0,0,0,0,0,0,0,0,0,0,0,0,0,0,0,9192185000,0,570180000,0,0,0,0,0,0,0,0,0,0,0,0,0,0,0,0,926550000,0,0,0,16112835000,0,0,0,0,0,0,0,0,0,0,0,0,0
"MAC",0,0,0,0,0,0,0,0,0,0,0,0,0,0,0,0,0,0,0,0,0,0,0,0,0,0,0,0,0,0,0,0,0,0,0,0,0,0,0,0,0,0,0,0,0,0,0,0,0,0,0,0,0,0,0,0,0,0,0,0,0,0,0,0,0,0,0,0,0,0,0,0,0,0,0,0,0,0,0,0,0,0,0,0,0,0,0,0,0,0,0,0,0,0,0,0,0,0,0,0,0,0,0,0,0,0,0,0,0,0,0,0,0,0,0,0,0,0,0,0,0,0,0,0,0,0,0,0,0,0,0,0,0,0,0,0,0,0,0,0,0,0,0,0,0,0,0,0,0,0,0,0,0,0,0,0,0,0,0,0,0,0,0,0,0,0,0,0,0,0,0,0,0,0,0,0,0,0,0,0,0,0,0,0,0,0,0,0,0,0,0,0,0,0,0
"MDG",0,0,0,0,0,0,0,0,0,0,0,0,0,0,0,0,0,0,0,0,0,0,0,0,0,0,0,0,0,0,0,0,0,0,0,0,0,0,0,0,0,0,0,0,0,0,0,0,0,0,0,0,0,0,0,0,0,0,0,0,0,0,0,0,0,0,0,0,0,0,0,0,0,0,0,0,0,0,0,0,0,0,0,0,0,0,0,0,0,0,0,0,0,0,0,0,0,0,0,0,0,0,0,0,0,0,0,0,0,0,0,0,0,0,0,0,0,0,0,0,0,0,0,0,0,0,0,0,0,0,0,0,0,0,0,0,0,0,0,0,0,0,0,0,0,0,0,0,0,0,0,0,0,0,0,0,0,0,0,0,0,0,0,0,0,0,0,0,0,0,0,0,0,0,0,0,0,0,0,0,0,0,0,0,0,0,0,0,0,0,0,0,0,0,0
"MWI",0,0,0,0,0,0,0,0,0,0,0,0,0,0,0,10688175000,0,0,0,0,0,0,0,0,0,0,0,0,0,0,0,0,0,0,0,0,0,0,0,0,0,0,0,0,0,0,0,0,0,0,0,0,0,50250000,0,0,0,0,0,0,0,0,0,0,0,0,0,0,0,0,0,0,0,0,0,0,0,0,0,0,0,0,0,0,0,0,0,0,251250000,0,0,0,0,0,0,0,0,0,0,0,0,0,0,0,0,0,0,0,0,0,0,0,97875000,0,0,0,0,0,0,0,0,0,0,0,0,0,0,0,0,0,0,0,0,0,0,0,0,0,0,10758625000,0,0,0,0,0,0,0,0,0,0,0,0,0,0,0,847550000,0,0,0,0,0,0,0,0,0,0,0,0,0,0,0,0,0,0,0,0,0,0,0,0,0,0,0,41875000,0,0,10050000,1420400000,0,0,0,0,0,0,0
"MYS",0,0,0,0,0,0,178248515000,11760000,0,963560000,0,21661625000,0,0,0,0,976820000,0,0,7263740000,881290000,1120000,19508895000,0,0,13160000,0,0,909090000,0,0,109328820000,0,0,0,0,0,0,7560000,0,0,0,0,0,0,0,560000,0,0,79560000,0,39524200000,5880000,47320000,0,2979080000,0,0,0,452200000,0,269620000,0,0,0,0,0,0,0,0,0,59053980000,0,0,0,2197360000,215834825000,0,0,1120000,0,0,0,0,0,35661750000,0,0,0,917700000,0,4892940000,1597200000,0,0,0,0,0,0,0,0,33105800000,0,0,0,560000,0,0,9122555000,0,0,0,318240000,0,0,0,17640000,0,575240000,0,0,54697495000,0,0,0,2240000,12468040000,0,0,35969490000,0,0,232738105000,0,0,0,0,0,0,0,0,0,0,0,0,0,0,280000,1127100000,10920000,0,0,0,228927075000,0,3326965000,2800000,0,0,0,7840000,280000,208800000,0,1737115000,0,11833450000,318240000,0,88400000,0,0,335920000,5222400000,0,0,785680000,0,70560000,0,0,0,0,18462845000,419900000,1865240000,0,0,216860000,0,0,0,0,0,0
"MDV",0,0,0,0,0,0,0,0,0,0,0,0,0,0,0,0,0,0,0,0,0,0,0,0,0,0,0,0,0,0,0,0,0,0,0,0,0,0,0,0,0,0,0,0,0,0,0,0,0,0,0,0,0,0,0,0,0,0,0,0,0,0,0,0,0,0,0,0,0,0,0,0,0,0,0,0,0,0,0,0,0,0,0,0,0,0,0,0,0,0,0,0,0,0,0,0,0,0,0,0,0,0,0,0,0,0,0,0,0,0,0,0,0,0,0,0,0,0,0,0,0,0,0,0,0,0,0,0,0,0,0,0,0,0,0,0,0,0,0,0,0,0,0,0,0,0,0,0,0,0,0,0,0,0,0,0,0,0,0,0,0,0,0,0,0,0,0,0,0,0,0,0,0,0,0,0,0,0,0,0,0,0,0,0,0,0,0,0,0,0,0,0,0,0,0
"MLI",0,0,0,0,0,0,0,0,0,0,0,0,0,0,0,0,0,0,0,0,0,0,0,0,0,0,0,0,0,0,0,0,0,0,0,0,0,0,0,0,0,0,0,0,0,0,0,0,0,0,0,0,0,0,0,0,0,0,0,0,0,0,0,0,0,0,0,0,0,0,0,0,0,0,0,0,0,0,0,0,0,0,0,0,0,0,0,0,0,0,0,0,0,0,0,0,0,0,0,0,0,0,0,0,0,0,0,0,0,0,0,0,0,0,0,0,0,0,0,0,0,0,0,0,0,0,0,0,0,0,0,0,0,0,0,0,0,0,0,0,0,0,0,0,0,0,0,0,0,0,0,0,0,0,0,0,0,0,0,0,0,0,0,0,0,0,0,0,0,0,0,0,0,0,0,0,0,0,0,0,0,0,0,0,0,0,0,0,0,0,0,0,0,0,0
"MLT",0,0,0,0,0,0,0,0,0,0,0,0,0,0,0,0,0,0,0,0,0,0,0,0,0,0,0,0,0,0,0,0,0,0,0,0,0,0,0,0,0,0,0,0,0,0,0,0,0,0,0,0,0,0,0,0,0,0,0,0,0,0,0,0,0,0,0,0,0,0,0,0,0,0,0,0,0,0,0,0,0,0,0,0,0,0,0,0,0,0,0,0,0,0,0,0,0,0,0,0,0,0,0,0,0,0,0,0,0,0,0,0,0,0,0,0,0,0,0,0,0,0,0,0,0,0,0,0,0,0,0,0,0,0,0,0,0,0,0,0,0,0,0,0,0,0,0,0,0,0,0,0,0,0,0,0,0,0,0,0,0,0,0,0,0,0,0,0,0,0,0,0,0,0,0,0,0,0,0,0,0,0,0,0,0,0,0,0,0,0,0,0,0,0,0
"MRT",0,0,0,0,0,0,0,0,0,0,0,0,0,0,0,0,0,0,0,0,0,0,0,0,0,0,0,0,0,0,0,0,0,0,0,0,0,0,0,0,0,0,0,0,0,0,0,0,0,0,0,0,0,0,0,0,0,0,0,0,0,0,0,0,0,0,0,0,0,0,0,0,0,0,0,0,0,0,0,0,0,0,0,0,0,0,0,0,0,0,0,0,0,0,0,0,0,0,0,0,0,0,0,0,0,0,0,0,0,0,0,0,0,0,0,0,0,0,0,0,0,0,0,0,0,0,0,0,0,0,0,0,0,0,0,0,0,0,0,0,0,0,0,0,0,0,0,0,0,0,0,0,0,0,0,0,0,0,0,0,0,0,0,0,0,0,0,0,0,0,0,0,0,0,0,0,0,0,0,0,0,0,0,0,0,0,0,0,0,0,0,0,0,0,0
"MUS",0,0,0,0,0,0,0,0,0,0,0,0,0,0,0,0,0,0,0,0,0,0,0,0,0,0,0,0,0,0,0,0,0,66300000,0,0,0,0,0,0,0,0,0,0,0,0,0,0,0,0,0,0,0,250560000,0,0,0,0,0,0,0,0,0,0,0,0,0,0,0,0,0,0,0,0,0,0,0,0,0,0,0,0,0,0,0,0,0,0,0,0,0,0,0,0,0,0,0,0,0,0,0,11423440000,0,0,0,0,0,0,0,0,0,0,0,0,0,0,0,0,0,0,0,0,0,0,0,0,0,0,0,0,0,0,0,0,0,0,0,0,0,0,0,0,0,0,0,0,0,0,0,560000,0,0,0,0,0,0,0,0,0,0,0,0,0,0,0,0,0,0,0,0,0,0,0,0,0,0,3350000,0,0,0,0,0,0,0,0,0,0,0,0,0,0,0,0,0,0
"MEX",0,0,0,0,0,0,0,3350000,0,0,0,0,0,0,0,0,0,0,41958365000,0,0,0,0,0,0,1675000,0,0,0,0,0,0,0,0,0,0,636480000,4420000,0,0,0,0,0,4420000,0,0,0,3487380000,0,0,0,0,0,0,0,0,0,0,0,0,0,0,0,0,0,0,647260000,0,0,0,3171380000,0,0,0,0,0,0,0,0,0,0,8840000,0,0,0,0,0,0,0,0,0,0,0,0,0,0,0,0,0,0,0,0,0,0,0,0,0,0,0,0,0,0,0,0,0,0,0,0,0,0,0,0,0,0,0,0,0,9680000,0,0,0,4420000,0,0,0,0,0,0,0,0,0,0,0,0,0,0,0,0,0,0,0,0,0,0,0,0,0,0,0,0,0,0,0,0,0,0,0,0,0,0,0,0,0,0,0,0,0,0,2.5732e+10,0,0,0,0,0,0,0,0,0,0,0,0,0,0,0,0
"MNG",0,0,0,0,0,0,0,0,0,0,0,0,0,0,0,0,0,0,0,0,0,0,0,0,0,0,0,0,0,0,0,0,0,0,0,0,0,0,0,0,0,0,0,0,0,0,0,0,0,0,0,0,0,0,0,0,0,0,0,0,0,0,0,0,0,0,0,0,0,0,0,0,0,0,0,0,0,0,0,0,0,0,0,0,0,0,0,0,0,0,0,0,0,0,0,0,0,0,0,0,0,0,0,0,0,0,0,0,0,0,0,0,0,0,0,0,0,0,0,0,0,0,0,0,0,0,0,0,0,0,0,0,0,0,0,0,0,0,0,0,0,0,0,0,0,0,0,0,0,0,0,0,0,0,0,0,0,0,0,0,0,0,0,0,0,0,0,0,0,0,0,0,0,0,0,0,0,0,0,0,0,0,0,0,0,0,0,0,0,0,0,0,0,0,0
"MAR",0,0,0,0,0,0,0,0,0,0,0,0,0,0,0,0,0,0,0,0,0,0,0,0,0,0,0,0,0,0,0,0,0,0,30940000,0,0,0,0,0,97240000,0,0,0,0,0,0,0,90565800000,0,0,0,0,190060000,0,0,0,0,0,0,0,0,0,0,0,0,0,15540720000,0,0,0,0,0,0,0,0,0,0,0,0,0,0,0,0,0,0,0,0,0,0,0,0,0,0,0,0,0,0,0,0,0,0,0,0,0,4406740000,0,250865940000,0,0,0,0,0,0,0,0,0,0,0,0,0,0,0,380120000,0,0,0,0,0,0,0,0,0,0,0,6139380000,0,0,0,0,0,0,0,0,0,0,0,0,17578340000,0,0,0,0,0,0,0,280000,0,0,0,0,0,0,0,0,0,0,0,0,0,0,0,0,0,0,0,26520000,0,4420000,795600000,0,0,0,0,0,0,4420000,0,1078480000,0,0,0,0,0,0
"MOZ",0,0,0,0,0,0,0,0,0,0,0,0,0,0,0,0,0,0,0,0,0,0,0,0,0,0,0,0,0,0,0,0,0,0,0,0,0,0,0,0,0,0,0,0,0,0,0,0,0,0,0,0,0,0,0,0,0,0,0,0,0,0,0,0,0,0,0,0,0,0,0,0,0,0,0,0,0,0,0,0,0,0,0,0,0,0,0,0,0,0,0,0,0,0,0,0,0,0,0,0,0,0,0,0,0,0,0,0,0,0,0,0,0,0,0,0,0,0,0,0,0,0,0,0,0,0,0,0,0,0,0,0,0,0,0,0,0,0,0,0,0,0,0,0,0,0,0,0,0,0,0,0,0,0,0,0,0,0,0,0,0,0,0,0,0,0,0,0,0,0,0,0,0,0,0,0,0,0,0,0,0,0,0,0,0,0,0,0,0,0,0,0,0,0,0
"MDA",0,0,0,0,0,0,0,0,0,0,0,0,0,0,0,0,0,0,0,0,0,4208540000,0,0,0,0,0,0,0,0,0,0,0,0,0,0,0,0,0,0,0,0,0,0,1515105000,0,0,0,0,0,0,0,0,0,0,0,0,0,0,0,0,0,0,0,0,0,0,0,0,0,0,0,0,0,0,0,0,0,0,0,0,611375000,0,0,0,0,0,0,0,0,0,0,0,0,0,0,0,0,0,0,0,0,0,0,0,0,0,0,0,0,0,0,0,0,0,0,0,0,0,0,0,0,0,0,0,0,0,0,928200000,0,0,0,0,9227615000,13436800000,0,0,0,0,0,77214945000,0,17723205000,0,0,0,0,0,0,0,0,0,0,0,0,0,0,0,0,0,0,0,0,0,0,0,0,0,0,0,0,0,0,0,0,0,4437075000,17076625000,0,0,0,0,0,0,0,0,0,0,0,0,0,0,0,0,0
"NAM",0,0,0,0,0,0,0,0,0,0,0,0,0,0,0,0,0,0,0,0,0,0,0,0,0,0,0,0,0,0,0,0,0,0,0,0,0,0,0,0,0,0,0,0,0,0,0,0,0,0,0,0,0,0,0,0,0,0,0,0,0,0,0,0,0,0,0,0,0,0,0,0,0,0,0,0,0,0,0,0,0,0,0,0,0,0,0,0,0,0,0,0,0,0,0,0,0,0,0,0,0,0,0,0,0,0,0,0,0,0,0,0,0,0,0,0,0,0,0,0,0,0,0,0,0,0,0,0,0,0,0,0,0,0,0,0,0,0,0,0,0,0,0,0,0,0,0,0,0,0,0,0,0,0,0,84825000,0,0,0,0,0,0,0,0,0,0,0,0,0,0,0,0,0,0,0,0,0,0,0,0,0,0,0,0,0,0,0,0,0,0,0,0,0,0,0
"NPL",0,0,0,0,0,0,0,0,0,0,0,0,0,0,0,0,0,0,0,0,0,0,0,0,0,0,0,0,0,0,0,1305000,0,0,0,0,0,0,0,0,0,0,0,0,0,0,0,0,0,0,0,0,0,0,0,0,0,0,0,0,0,0,0,0,0,0,0,0,0,0,0,0,0,0,0,643640000,0,0,0,0,0,0,0,0,0,0,0,0,0,0,0,0,0,0,0,0,0,0,0,0,0,0,0,0,0,0,0,0,0,0,0,0,0,0,0,0,0,0,0,0,0,0,0,0,0,0,0,0,0,0,0,0,0,0,0,0,0,0,0,0,0,0,0,0,0,0,0,0,0,0,0,0,0,0,0,0,0,0,0,0,0,0,0,0,0,0,0,0,0,0,0,0,0,0,0,0,21775000,0,3350000,0,0,0,0,0,0,0,0,0,0,0,0,0,0,0,0
"NLD",3080000,13540000,0,394661800000,0,0,2520000,516627805000,0,0,0,0,0,0,0,0,458005000,0,0,0,0,1859285000,10440000,0,287725000,7251015000,340340000,0,0,198900000,0,22720000,0,0,617340000,0,2610000,4420000,37522300000,5880000,0,484298395000,0,0,6644375000,0,73263185000,0,44200000,99441940000,1680000,0,104182830000,671416785000,0,0,1120000,17680000,2099500000,9644131235000,1400000,30248270000,0,1678745000,0,344760000,0,1261140000,1352520000,4420000,300560000,0,203675565000,31080000,8455550000,0,32625000,361485000,0,227009470000,8005460000,11014020000,8840000,2240000,0,39780000,46980000,0,88680000,0,0,656060000,760240000,18069045000,0,9215140000,0,101660000,0,145445455000,0,0,0,13487070000,0,0,8691460000,2895100000,0,0,570180000,112491140000,0,1120000,0,0,0,0,13260000,280000,0,627135000,0,0,4291820000,7662865000,0,822120000,57236970000,0,0,0,0,408660885000,693970000,0,0,0,0,0,29690075000,0,28583690000,0,0,5220000,0,11062580000,773500000,0,0,735475000,55157485000,13540000,17680000,464362365000,14269845000,41314075000,0,0,34725010000,120697220000,0,0,1598320000,0,670640000,0,0,1984580000,0,58229080000,10115110000,1616985000,0,0,2119561645000,129920000,1655930000,0,0,0,0,0,0,0,54810000,0,3672690545000,46253470000,9800000,840000,119340000,0,0
"ANT",0,0,0,0,0,0,0,0,0,0,0,0,0,0,0,0,0,0,0,0,0,0,0,0,0,0,0,0,0,0,0,0,0,0,0,0,0,0,0,0,0,0,0,0,0,0,0,0,0,0,0,0,0,0,0,0,0,0,0,0,0,0,0,0,0,0,0,0,0,0,0,0,0,0,0,0,0,0,0,0,0,0,0,0,0,0,0,0,0,0,0,0,0,0,0,0,0,0,0,0,0,0,0,0,0,0,0,0,0,0,0,0,0,0,0,0,0,0,0,0,0,0,0,0,0,0,0,0,0,0,0,0,0,0,0,0,0,0,0,0,0,0,0,0,0,0,0,0,0,0,0,0,0,0,0,0,0,0,0,0,0,0,0,0,0,0,0,0,0,0,0,0,0,0,0,0,0,0,0,0,0,0,0,0,0,0,0,0,0,0,0,0,0,0,0
"NCL",0,0,0,0,0,0,0,0,0,0,0,0,0,0,0,0,0,0,0,0,0,0,0,0,0,0,0,0,0,0,0,0,0,0,0,0,0,0,0,0,0,0,0,0,0,0,0,0,0,0,0,0,0,0,0,0,0,0,0,0,0,0,0,0,0,0,0,0,0,0,0,0,0,0,0,0,0,0,0,0,0,0,0,0,0,0,0,0,0,0,0,0,0,0,0,0,0,0,0,0,0,0,0,0,0,0,0,0,0,0,0,0,0,0,0,0,0,0,0,0,0,0,0,0,0,0,0,0,0,0,0,0,0,0,0,0,0,0,0,0,0,0,0,0,0,0,0,0,0,0,0,0,0,0,0,0,0,0,0,0,0,0,0,0,0,0,0,0,0,0,0,0,0,0,0,0,0,0,0,0,0,0,0,0,0,0,0,0,0,0,0,0,0,0,0
"MKD",0,0,26100000,0,0,0,0,0,0,0,0,0,0,0,0,0,0,0,0,0,0,0,0,0,0,0,0,0,0,0,0,0,0,0,0,0,0,0,0,0,0,0,0,0,0,0,0,0,0,0,0,0,0,0,0,0,0,0,0,0,0,0,0,0,0,0,0,0,0,0,0,0,0,0,0,0,0,0,0,0,0,0,0,0,0,0,0,0,0,0,0,0,0,0,0,0,0,0,0,0,0,0,0,0,0,0,0,0,0,0,0,0,0,0,0,0,0,0,0,0,0,0,0,0,0,0,0,0,0,0,0,0,0,0,0,0,0,0,0,0,0,0,0,0,0,0,0,0,0,0,0,0,0,0,0,0,0,0,0,0,0,0,0,0,0,0,0,0,0,0,0,0,0,0,0,0,0,0,0,0,0,0,0,0,0,0,0,0,0,0,0,0,0,0,0
"VUT",0,0,0,0,0,0,0,0,0,0,0,0,0,0,0,0,0,0,0,0,0,0,0,0,0,0,0,0,0,0,0,0,0,0,0,0,0,0,0,0,0,0,0,0,0,0,0,0,0,0,0,0,0,0,0,0,0,0,0,0,0,0,0,0,0,0,0,0,0,0,0,0,0,0,0,0,0,0,0,0,0,0,0,0,0,0,0,0,0,0,0,0,0,0,0,0,0,0,0,0,0,0,0,0,0,0,0,0,0,0,0,0,0,0,0,0,0,0,0,0,0,0,0,0,0,0,0,0,0,0,0,0,0,0,0,0,0,0,0,0,0,0,0,0,0,0,0,0,0,0,0,0,0,0,0,0,0,0,0,0,0,0,0,0,0,0,0,0,0,0,0,0,0,0,0,0,0,0,0,0,0,0,0,0,0,0,0,0,0,0,0,0,0,0,0
"NZL",0,0,0,0,0,0,582720000,0,0,0,0,0,0,0,0,0,0,0,0,5305000,0,0,0,0,0,0,0,0,0,0,0,0,0,0,0,172720000,0,0,0,0,0,0,0,0,0,0,0,0,0,0,0,9120000,0,0,0,0,0,0,0,0,0,0,0,0,0,0,0,0,0,0,0,0,0,0,0,60300000,0,0,0,0,0,0,0,0,0,0,0,0,0,0,0,0,0,0,0,0,0,0,0,0,0,0,0,0,0,0,0,0,0,0,0,0,0,0,0,0,0,0,0,0,0,0,0,0,0,0,0,0,0,4420000,0,0,0,0,0,0,0,0,0,0,0,0,0,0,0,0,0,0,0,0,0,0,0,0,0,0,0,0,0,0,0,0,0,0,0,0,0,0,5040000,0,0,0,0,0,0,0,0,0,0,0,0,0,0,0,0,0,0,0,0,0,0,0,0,0,0
"NIC",0,0,0,0,0,0,0,0,0,0,0,0,0,0,0,0,0,0,0,0,0,0,0,0,0,0,0,0,0,0,0,0,0,0,0,0,0,0,0,0,0,0,0,0,0,0,0,226125000,0,0,0,0,0,0,0,0,0,0,0,0,0,0,0,0,0,0,499150000,0,0,0,63650000,0,0,0,0,0,0,0,0,0,0,0,0,0,0,0,0,0,0,0,0,0,0,0,0,0,0,0,0,0,0,0,0,0,0,0,0,0,0,0,0,0,0,0,0,0,0,0,0,0,0,0,0,0,0,0,0,0,0,0,0,0,0,0,0,0,0,0,0,0,0,0,0,0,0,0,0,0,0,0,0,0,0,0,0,0,0,0,0,0,0,0,0,0,0,0,0,0,0,0,0,0,0,0,0,0,0,0,0,0,0,0,0,0,0,0,0,0,0,0,0,0,0,0,0
"NER",0,0,0,0,0,0,0,0,0,0,0,0,0,0,0,0,0,0,0,0,0,0,0,0,0,0,0,0,0,0,0,0,0,0,0,0,0,0,0,0,0,0,0,0,0,0,0,0,0,0,0,0,0,0,0,0,0,0,0,0,0,0,0,0,0,0,0,0,0,0,0,0,0,0,0,0,0,0,0,0,0,0,0,0,0,0,0,0,0,0,0,0,0,0,0,0,0,0,0,0,0,0,0,0,0,0,0,0,0,0,0,0,0,0,0,0,0,0,0,0,0,0,0,0,0,0,0,0,0,0,0,0,0,0,0,0,0,0,0,0,0,0,0,0,0,0,0,0,0,0,0,0,0,0,0,0,0,0,0,0,0,0,0,0,0,0,0,0,0,0,0,0,0,0,0,0,0,0,0,0,0,0,0,0,0,0,0,0,0,0,0,0,0,0,0
"NGA",0,0,0,0,0,0,0,0,0,0,0,0,0,0,0,0,0,0,0,0,0,0,0,0,0,0,0,0,0,0,0,0,0,0,0,0,0,0,0,0,0,0,0,0,0,0,0,0,0,0,0,0,0,0,0,0,0,0,0,0,0,0,0,0,0,0,0,0,0,0,0,0,0,0,0,0,0,0,0,0,0,0,0,0,0,0,0,0,0,0,0,0,0,0,0,0,0,0,0,0,0,0,0,0,0,0,0,0,0,0,0,0,0,0,0,0,0,0,0,0,0,0,0,0,0,0,0,0,0,0,0,0,0,0,0,0,0,0,0,0,0,0,0,0,0,0,0,0,0,0,0,0,0,0,0,0,0,0,0,0,0,0,0,0,0,0,0,0,0,0,0,0,0,0,0,0,0,0,0,0,0,0,0,0,0,0,0,0,0,0,0,0,0,0,0
"NOR",0,0,0,0,0,0,0,0,0,0,0,0,0,0,0,0,0,0,0,0,0,0,0,0,0,0,0,0,0,0,0,0,0,0,0,0,0,0,0,0,0,126535410000,0,0,0,0,0,0,0,0,0,0,81493375000,15492100000,0,0,0,0,0,9492070000,0,0,0,0,0,0,0,0,0,0,0,0,0,0,69165000,0,0,0,0,0,0,0,0,0,0,0,0,0,0,0,0,0,0,0,0,0,0,0,0,0,0,0,0,0,0,0,0,0,0,0,0,0,0,0,0,0,163292480000,0,0,0,0,0,0,0,0,0,0,0,1120000,0,0,0,0,0,0,0,0,0,0,0,0,0,0,0,0,0,0,0,0,0,0,0,0,0,0,0,0,0,0,0,610023920000,5.3261e+10,0,0,83980000,0,0,0,0,0,0,0,0,0,0,0,2873610000,0,0,0,0,0,0,0,0,0,0,0,0,0,0,0,0,0,0
"PAK",0,763425000,0,0,0,0,4480000,0,0,0,0,560000,0,0,0,0,0,0,0,0,0,0,0,0,0,4480000,0,0,0,0,0,840000,0,0,0,0,0,0,0,0,0,0,0,0,0,0,0,0,0,0,0,0,0,0,0,0,0,0,0,8400000,0,0,0,0,0,0,0,0,0,0,0,560000,0,0,0,0,0,0,0,0,0,0,0,0,0,0,0,0,0,0,0,0,280000,0,0,0,0,0,0,0,0,0,0,0,0,0,0,0,0,0,560000,0,0,0,0,0,0,0,0,0,0,560000,0,0,0,0,0,0,0,0,0,0,0,0,0,0,0,0,280000,0,0,0,0,0,0,0,0,1120000,0,0,0,0,0,0,0,280000,0,0,0,0,0,0,0,0,31320000,0,0,0,0,0,0,0,0,0,0,0,3080000,0,147845000,0,0,0,0,0,0,0,0,0,0,0,0,0,0,0,0
"PAN",0,0,0,0,0,0,0,0,0,0,0,0,0,0,0,0,0,0,0,0,0,0,0,0,0,0,0,0,0,0,0,0,0,0,0,0,0,1120000,0,0,0,0,0,0,0,0,0,0,0,0,0,0,0,0,0,0,0,0,0,0,0,0,0,0,0,0,0,0,0,0,0,0,0,0,0,0,0,0,0,0,0,0,0,0,0,0,0,0,0,0,0,0,0,0,0,0,0,0,0,0,0,0,0,0,0,0,0,0,0,0,0,0,0,0,0,0,0,0,0,0,0,0,0,0,0,0,0,0,0,0,0,0,0,0,0,0,0,0,0,0,0,0,0,0,0,0,0,0,0,0,0,0,0,0,0,0,0,0,0,0,0,0,0,0,0,0,0,0,0,0,0,0,0,0,0,0,0,0,840000,0,0,0,0,0,0,0,0,0,0,0,0,0,0,0,0
"CZE",0,0,0,0,0,0,0,8041275000,0,0,0,0,0,0,0,0,0,0,0,0,0,6720000,0,0,0,0,0,0,0,0,0,0,0,0,0,0,0,0,146565000,0,0,0,0,0,0,0,0,0,0,2800000,0,0,0,0,0,0,0,0,0,6943930000,4755000,0,0,0,0,0,0,0,0,0,0,0,699975000,14245000,0,0,0,0,0,0,0,948345000,0,0,0,0,0,0,0,0,0,0,0,1120000,0,0,0,0,0,65425000,0,0,0,0,0,0,0,0,0,0,0,0,0,0,0,0,23520000,0,0,1120000,0,0,0,0,0,0,0,0,0,0,0,0,0,40483550000,0,0,0,0,0,0,61825000,0,0,0,0,0,0,0,0,0,0,1120000,13263870000,0,0,0,0,0,0,0,0,1636475000,0,0,0,0,0,0,0,0,0,0,0,0,0,0,840000,351750000,0,0,0,0,0,0,0,0,0,0,0,0,13440000,1680000,0,0,0
"PNG",0,0,0,0,0,0,0,0,0,0,0,0,0,0,0,0,0,0,0,0,0,0,0,0,0,0,0,0,0,0,0,0,0,0,0,0,0,0,0,0,0,0,0,0,0,0,0,0,0,0,0,0,0,0,0,0,0,0,0,0,0,0,0,0,0,0,0,0,0,0,0,0,0,0,0,0,0,0,0,0,0,0,0,0,0,0,0,0,0,0,0,0,0,0,0,0,0,0,0,0,0,0,0,0,0,0,0,0,0,0,0,0,0,0,0,0,0,0,0,0,0,0,0,0,0,0,0,0,0,0,0,0,0,0,0,0,0,0,0,0,0,0,0,0,0,0,0,0,0,0,0,0,0,0,0,0,0,0,0,0,0,0,0,0,0,0,0,0,0,0,0,0,0,0,0,0,0,0,0,0,0,0,0,0,0,0,0,0,0,0,0,0,0,0,0
"PRY",0,0,0,465573520000,0,862172070000,0,0,0,0,0,537841795000,0,0,0,0,725647825000,0,0,0,0,0,0,0,0,0,0,0,0,0,646947225000,0,55143075000,0,0,0,219646100000,0,0,0,0,1.6965e+10,0,0,0,30241640000,225704075000,0,0,0,0,0,0,289563950000,0,0,0,0,0,2392198400000,0,0,0,441618775000,0,0,2683350000,0,0,0,0,0,0,0,0,277863300000,339301475000,73380840000,0,0,597196125000,1370124970000,21832650000,0,0,160635060000,0,0,0,0,3.35e+09,229014375000,0,0,0,0,0,0,0,0,0,35443980000,0,269342100000,0,0,0,0,0,1158768400000,0,229139020000,1.989e+10,0,0,0,219282625000,0,0,0,0,0,0,0,0,0,3.094e+10,6862475000,0,0,0,695669655000,1720225000,136578690000,647362525000,0,0,0,0,0,0,0,1938727075000,0,0,0,0,31618975000,3197250000,0,0,0,0,0,0,1.547e+10,1028632300000,0,0,0,0,170645650000,0,0,10731725000,0,57138545000,0,0,0,0,379296770000,1213014115000,502480110000,0,0,60792450000,0,259703725000,0,364461990000,0,5.304e+10,113164080000,0,0,0,0,1.88292e+11,0,0,0,0,0,0
"PER",0,0,0,0,0,0,0,0,0,0,0,0,0,0,1.54e+08,0,0,0,0,0,0,0,0,0,0,0,0,0,0,0,141385000,0,1120000,0,0,0,0,0,0,0,0,0,0,0,0,159180000,0,0,0,0,0,0,0,0,0,0,0,0,0,0,0,0,0,0,0,0,0,0,0,0,0,0,0,0,0,0,0,0,0,0,0,12040000,0,0,0,2800000,0,0,0,0,0,0,0,0,0,0,0,0,0,0,0,0,0,0,0,0,0,0,0,0,0,0,0,0,0,0,560000,0,0,0,0,0,0,0,0,0,0,0,0,0,0,0,0,0,0,0,0,0,0,0,0,0,0,0,0,0,0,0,0,0,0,0,0,0,0,0,62400000,0,0,0,0,0,0,0,0,0,0,0,0,0,0,0,0,0,0,0,0,0,73440000,0,0,0,0,0,0,0,0,0,0,0,0,0,0,0,0
"PHL",0,0,0,0,0,0,416680000,0,0,21840000,0,0,0,0,0,0,0,0,0,0,7840000,0,0,0,0,332860000,0,0,0,0,0,6980000,0,0,0,0,0,0,3360000,0,0,0,0,0,0,0,560000,0,0,0,0,0,0,4760000,0,0,0,0,0,22100000,0,0,0,5040000,0,0,0,0,0,0,0,9520000,0,0,0,0,3262500000,0,0,0,19600000,89880000,0,0,0,33600000,5880000,0,0,0,0,14560000,121240000,0,0,2240000,0,0,0,0,840000,0,0,48855000,0,0,0,0,0,0,0,0,0,0,0,0,48160000,0,0,0,0,112260000,0,0,0,1.4e+07,280000,560000,0,12600000,0,0,0,0,0,0,1680000,0,130480000,0,0,0,0,0,0,0,0,283080000,0,0,0,0,0,38360000,0,0,14840000,0,0,0,0,0,0,0,9800000,0,41720000,0,0,0,12040000,0,0,331800000,0,0,57960000,0,109317960000,0,0,0,0,280000,0,0,0,0,0,0,0,0,0,0,0
"POL",280000,0,0,0,0,0,0,886985000,0,0,0,0,0,0,0,0,0,0,0,0,0,26800000,0,0,0,4420000,0,0,0,0,0,4420000,0,0,0,0,0,0,0,0,0,0,0,0,49740000,0,0,0,0,426735000,0,0,0,13160000,0,0,0,0,0,33540630000,0,0,0,145600000,0,0,0,0,0,0,0,0,5556185000,137300000,10017180000,0,0,0,0,3350000,0,0,0,0,0,0,0,0,0,0,0,0,0,2610000,0,0,0,0,0,922385000,0,0,0,0,0,0,0,0,0,0,0,0,0,6.7e+07,0,0,560000,0,0,0,0,0,0,0,0,70720000,0,0,64466415000,0,0,0,0,0,0,0,0,0,0,0,4760000,0,1902010000,0,0,0,0,0,0,0,0,0,89156535000,0,0,0,0,0,0,0,0,1675000,0,0,0,0,0,0,0,0,0,0,0,0,0,0,47030000,44200000,0,0,0,0,0,0,0,0,0,0,0,0,0,0,0,0,0
"PRT",0,0,0,0,0,0,0,0,0,0,0,0,0,0,0,0,560000,0,0,0,0,0,0,0,83980000,81750000,55377095000,0,0,0,0,41875000,0,0,0,0,0,0,0,0,0,0,0,0,0,0,0,0,0,0,0,0,0,342300000,0,0,0,0,0,265200000,0,167960000,0,0,0,0,0,459680000,0,0,0,0,0,0,0,0,0,0,0,0,106080000,335920000,375700000,0,0,0,0,0,0,0,0,0,0,0,0,0,0,0,0,0,17680000,0,0,0,0,0,0,0,0,0,0,0,1728780000,0,92820000,0,318240000,0,0,0,0,0,0,0,0,0,0,0,0,0,0,0,0,0,0,3549260000,4420000,0,0,0,0,0,0,0,0,0,12952275000,0,0,0,0,0,0,0,0,251940000,234927720000,0,0,0,0,4420000,0,0,0,0,0,0,0,1427660000,0,0,0,0,0,0,17680000,0,234260000,0,0,0,46069660000,0,0,0,0,0,0,636480000,0,0,0,0,0
"GNB",0,0,0,0,0,0,0,0,0,0,0,0,0,0,0,0,0,0,0,0,0,0,0,0,0,0,0,0,0,0,0,0,0,0,0,0,0,0,0,0,0,0,0,0,0,0,0,0,0,0,0,0,0,0,0,0,0,0,0,0,0,0,0,0,0,0,0,0,0,0,0,0,0,0,0,0,0,0,0,0,0,0,0,0,0,0,0,0,0,0,0,0,0,0,0,0,0,0,0,0,0,0,0,0,0,0,0,0,0,0,0,0,0,0,0,0,0,0,0,0,0,0,0,0,0,0,0,0,0,0,0,0,0,0,0,0,0,0,0,0,0,0,0,0,0,0,0,0,0,0,0,0,0,0,0,0,0,0,0,0,0,0,0,0,0,0,0,0,0,0,0,0,0,0,0,0,0,0,0,0,0,0,0,0,0,0,0,0,0,0,0,0,0,0,0
"TLS",0,0,0,0,0,0,0,0,0,0,0,0,0,0,0,0,0,0,0,0,0,0,0,0,0,0,0,0,0,0,0,0,0,0,0,0,0,0,0,0,0,0,0,0,0,0,0,0,0,0,0,0,0,0,0,0,0,0,0,0,0,0,0,0,0,0,0,0,0,0,0,0,0,0,0,0,0,0,0,0,0,0,0,0,0,0,0,0,0,0,0,0,0,0,0,0,0,0,0,0,0,0,0,0,0,0,0,0,0,0,0,0,0,0,0,0,0,0,0,0,0,0,0,0,0,0,0,0,0,0,0,0,0,0,0,0,0,0,0,0,0,0,0,0,0,0,0,0,0,0,0,0,0,0,0,0,0,0,0,0,0,0,0,0,0,0,0,0,0,0,0,0,0,0,0,0,0,0,0,0,0,0,0,0,0,0,0,0,0,0,0,0,0,0,0
"ERI",0,0,0,0,0,0,0,0,0,0,0,0,0,0,0,0,0,0,0,0,0,0,0,0,0,0,0,0,0,0,0,0,0,0,0,0,0,0,0,0,0,0,0,0,0,0,0,0,0,0,0,0,0,0,0,0,0,0,0,0,0,0,0,0,0,0,0,0,0,0,0,0,0,0,0,0,0,0,0,0,0,0,0,0,0,0,0,0,0,0,0,0,0,0,0,0,0,0,0,0,0,0,0,0,0,0,0,0,0,0,0,0,0,0,0,0,0,0,0,0,0,0,0,0,0,0,0,0,0,0,0,0,0,0,0,0,0,0,0,0,0,0,0,0,0,0,0,0,0,0,0,0,0,0,0,0,0,0,0,0,0,0,0,0,0,0,0,0,0,0,0,0,0,0,0,0,0,0,0,0,0,0,0,0,0,0,0,0,0,0,0,0,0,0,0
"QAT",0,0,0,0,0,0,0,0,0,0,0,0,0,0,0,0,0,0,0,0,0,0,0,0,0,0,0,0,0,0,0,0,0,0,0,0,0,0,0,0,0,0,0,0,0,0,0,0,0,0,0,0,0,0,0,0,0,0,0,0,0,0,0,0,0,0,0,0,0,0,0,0,0,0,0,0,0,0,0,0,0,0,0,0,0,0,0,0,0,0,0,0,0,0,0,0,0,0,0,0,0,0,0,0,0,0,0,0,0,0,0,0,0,0,0,0,0,0,0,0,0,0,0,0,0,0,0,0,0,0,0,0,0,0,0,0,0,0,0,0,0,0,0,0,0,0,0,0,0,0,0,0,0,0,0,0,0,0,0,0,0,0,0,0,0,0,0,0,0,0,0,0,0,0,0,0,0,0,0,0,0,0,0,0,0,0,0,0,0,0,0,0,0,0,0
"ZWE",0,0,0,0,0,0,0,0,0,0,0,0,0,0,0,0,0,0,0,0,0,0,0,0,0,0,0,0,0,0,0,0,0,0,0,0,0,0,0,0,0,0,0,0,0,0,0,0,0,0,0,0,0,0,0,0,0,0,0,0,0,0,0,0,0,0,0,0,0,0,0,0,0,0,0,0,0,0,0,0,0,0,0,0,0,0,0,0,0,0,0,0,0,0,0,0,0,0,0,0,0,0,0,0,0,0,0,0,0,0,0,19575000,693450000,0,0,0,0,0,0,0,0,0,0,0,0,0,0,0,0,0,0,0,0,0,0,0,0,0,0,0,0,0,0,0,0,0,0,0,0,0,0,0,0,0,0,150280000,0,0,0,0,0,0,0,0,0,0,0,0,0,0,0,0,0,0,0,0,0,0,0,0,0,0,0,0,0,0,0,233595000,0,0,0,0,0,0,0
"ROU",0,0,0,0,0,0,0,11737505000,0,0,0,0,0,0,0,0,0,0,0,0,0,242762570000,0,0,0,0,0,0,0,0,0,0,0,0,0,0,0,0,3481740000,19795545000,0,0,0,0,0,0,0,0,0,0,0,0,0,504175000,0,0,6587640000,0,0,36071505000,0,0,0,61031185000,0,0,0,0,0,0,0,0,17134930000,0,0,0,0,0,0,0,0,35471475000,0,0,0,0,0,0,0,0,0,0,0,0,0,0,0,0,0,0,0,0,0,0,0,0,0,0,0,0,0,0,0,12068175000,0,0,892775000,0,0,0,0,0,0,0,0,0,0,0,413725000,0,0,0,0,3350000,2.2984e+10,0,0,0,0,0,0,0,0,0,0,0,0,0,0,0,0,0,2569450000,0,0,8.84e+09,749810000,0,0,0,0,1176920000,22916550000,0,0,0,0,0,0,0,0,0,10391420000,0,0,0,3350000,0,6150600000,0,0,0,0,0,0,0,0,0,43550000,0,46561650000,0,0,0,0
"RWA",0,0,0,0,0,0,0,0,0,0,0,0,0,0,0,0,0,0,0,0,0,0,0,0,0,0,0,0,0,0,0,0,0,0,0,0,0,0,0,0,0,0,0,0,0,0,0,0,0,0,0,0,0,0,0,0,0,0,0,0,0,0,0,0,0,0,0,0,0,0,0,0,0,0,0,0,0,0,0,0,0,0,0,0,0,0,0,0,0,0,0,0,0,0,0,0,0,0,0,0,0,0,0,0,0,0,0,0,0,0,0,0,0,0,0,0,0,0,0,0,0,0,0,0,0,0,0,0,0,0,0,0,0,0,0,0,0,0,0,0,0,0,0,0,0,0,0,0,0,0,0,0,0,0,0,0,0,0,0,0,0,0,0,0,0,20100000,0,0,0,0,0,0,0,0,5025000,0,0,0,0,0,0,0,0,0,0,0,14725000,0,0,0,0,0,0,0,0
"RUS",8120000,0,0,339791920000,0,0,0,0,0,0,0,0,0,0,0,0,0,0,0,0,0,0,0,0,0,0,0,0,0,0,0,279412850000,0,0,0,0,0,0,0,3762010000,0,78720170000,0,0,49970260000,0,6.9615e+10,0,0,6656520000,0,0,24453220000,359027760000,0,0,0,0,0,51678020000,0,0,1120000,0,0,0,0,0,0,0,0,0,13050000,0,0,0,0,20924895000,0,0,560000,0,0,16714525000,0,3477300000,1838720000,2444265000,0,0,7327780000,611370000,0,11504970000,0,1781260000,0,0,0,93819960000,0,0,0,0,0,0,0,0,0,0,49898730000,0,0,12320000,0,0,112686880000,0,0,0,0,0,0,0,0,74474915000,0,0,0,0,0,0,0,101838245000,42383380000,0,0,0,0,0,0,0,0,0,0,0,0,0,13308620000,0,0,0,97240000,0,0,0,16765075000,0,14910620000,0,40878040000,0,0,2520000,0,0,0,0,0,0,0,26599560000,22247350000,0,0,0,171487340000,901390000,6.7e+07,0,0,21675060000,0,0,0,0,0,0,0,0,0,0,0,0,0
"KNA",0,0,0,0,0,0,0,0,0,0,0,0,0,0,0,0,0,0,0,0,0,0,0,0,0,0,0,0,0,0,0,0,0,0,0,0,0,0,0,0,0,0,0,0,0,0,0,0,0,0,0,0,0,0,0,0,0,0,0,0,0,0,0,0,0,0,0,0,0,0,0,0,0,0,0,0,0,0,0,0,0,0,0,0,0,0,0,0,0,0,0,0,0,0,0,0,0,0,0,0,0,0,0,0,0,0,0,0,0,0,0,0,0,0,0,0,0,0,0,0,0,0,0,0,0,0,0,0,0,0,0,0,0,0,0,0,0,0,0,0,0,0,0,0,0,0,0,0,0,0,0,0,0,0,0,0,0,0,0,0,0,0,0,0,0,0,0,0,0,0,0,0,0,0,0,0,0,0,0,0,0,0,0,0,0,0,0,0,0,0,0,0,0,0,0
"LCA",0,0,0,0,0,0,0,0,0,0,0,0,0,0,0,0,0,0,0,0,0,0,0,0,0,0,0,0,0,0,0,0,0,0,0,0,0,0,0,0,0,0,0,0,0,0,0,0,0,0,0,0,0,0,0,0,0,0,0,0,0,0,0,0,0,0,0,0,0,0,0,0,0,0,0,0,0,0,0,0,0,0,0,0,0,0,0,0,0,0,0,0,0,0,0,0,0,0,0,0,0,0,0,0,0,0,0,0,0,0,0,0,0,0,0,0,0,0,0,0,0,0,0,0,0,0,0,0,0,0,0,0,0,0,0,0,0,0,0,0,0,0,0,0,0,0,0,0,0,0,0,0,0,0,0,0,0,0,0,0,0,0,0,0,0,0,0,0,0,0,0,0,0,0,0,0,0,0,0,0,0,0,0,0,0,0,0,0,0,0,0,0,0,0,0
"VCT",0,0,0,0,0,0,0,0,0,0,0,0,0,0,0,0,0,0,0,0,0,0,0,0,0,0,0,0,0,0,0,0,0,0,0,0,0,0,0,0,0,0,0,0,0,0,0,0,0,0,0,0,0,0,0,0,0,0,0,0,0,0,0,0,0,0,0,0,0,0,0,0,0,0,0,0,0,0,0,0,0,0,0,0,0,0,0,0,0,0,0,0,0,0,0,0,0,0,0,0,0,0,0,0,0,0,0,0,0,0,0,0,0,0,0,0,0,0,0,0,0,0,0,0,0,0,0,0,0,0,0,0,0,0,0,0,0,0,0,0,0,0,0,0,0,0,0,0,0,0,0,0,0,0,0,0,0,0,0,0,0,0,0,0,0,0,0,0,0,0,0,0,0,0,0,0,0,0,0,0,0,0,0,0,0,0,0,0,0,0,0,0,0,0,0
"STP",0,0,0,0,0,0,0,0,0,0,0,0,0,0,0,0,0,0,0,0,0,0,0,0,0,0,0,0,0,0,0,0,0,0,0,0,0,0,0,0,0,0,0,0,0,0,0,0,0,0,0,0,0,0,0,0,0,0,0,0,0,0,0,0,0,0,0,0,0,0,0,0,0,0,0,0,0,0,0,0,0,0,0,0,0,0,0,0,0,0,0,0,0,0,0,0,0,0,0,0,0,0,0,0,0,0,0,0,0,0,0,0,0,0,0,0,0,0,0,0,0,0,0,0,0,0,0,0,0,0,0,0,0,0,0,0,0,0,0,0,0,0,0,0,0,0,0,0,0,0,0,0,0,0,0,0,0,0,0,0,0,0,0,0,0,0,0,0,0,0,0,0,0,0,0,0,0,0,0,0,0,0,0,0,0,0,0,0,0,0,0,0,0,0,0
"SAU",0,0,0,0,0,0,0,0,0,0,0,0,0,0,0,0,0,0,0,0,0,0,0,0,0,0,0,0,0,0,0,0,0,0,0,0,0,0,0,0,0,0,0,0,0,0,0,0,0,0,0,0,0,0,0,0,0,0,0,0,0,0,0,0,0,0,0,0,0,0,0,0,0,0,0,1.326e+10,0,0,0,0,0,0,0,0,0,0,51669800000,0,0,0,0,0,1.547e+10,0,0,649740000,0,0,0,0,0,0,0,0,0,0,0,0,0,0,0,87462960000,0,0,0,0,0,0,0,0,0,0,0,0,0,0,8835580000,0,0,0,0,0,0,0,0,0,0,0,0,0,0,0,0,0,0,0,0,0,0,0,0,0,0,0,0,0,0,0,0,0,0,0,1843140000,0,0,0,0,0,0,0,0,0,0,201883500000,0,0,0,0,0,0,0,0,0,0,0,411060000,0,0,0,0,0,0,0,0,0
"SEN",0,0,0,0,0,0,0,0,0,0,0,0,0,0,0,0,0,0,0,0,0,0,0,0,0,0,0,0,0,0,0,0,0,0,0,0,0,0,0,0,0,0,0,0,0,0,0,0,0,0,0,0,0,0,0,0,0,0,2289560000,0,0,0,0,0,0,0,0,7841080000,0,0,0,0,0,0,0,0,0,0,0,0,0,0,0,0,0,0,0,0,0,0,0,0,0,0,0,0,0,0,0,0,0,0,0,0,0,350240000,0,4420000,0,0,0,0,0,0,0,0,0,0,0,0,0,0,0,0,0,0,0,0,0,0,0,0,0,0,0,0,0,0,0,0,0,0,0,0,0,0,0,0,0,0,0,0,0,0,0,0,0,0,0,0,0,0,0,0,0,0,0,0,0,0,0,0,0,0,0,0,0,0,0,114920000,0,0,0,0,0,0,0,0,0,0,0,0,0,0,0
"SYC",0,0,0,0,0,0,0,0,0,0,0,0,0,0,0,0,0,0,0,0,0,0,0,0,0,0,0,0,0,0,0,0,0,0,0,0,0,0,0,0,0,0,0,0,0,0,0,0,0,0,0,0,0,0,0,0,0,0,0,0,0,0,0,0,0,0,0,0,0,0,0,0,0,0,0,0,0,0,0,0,0,0,0,0,0,0,0,0,0,0,0,0,0,0,0,0,0,0,0,0,0,0,0,0,0,0,0,0,0,0,0,0,0,0,0,0,0,0,0,0,0,0,0,0,0,0,0,0,0,0,0,0,0,0,0,0,0,0,0,0,0,0,0,0,0,0,0,0,0,0,0,0,0,0,0,0,0,0,0,0,0,0,0,0,0,0,0,0,0,0,0,0,0,0,0,0,0,0,0,0,0,0,0,0,0,0,0,0,0,0,0,0,0,0,0
"SLE",0,0,0,0,0,0,0,0,0,0,0,0,0,0,0,0,0,0,0,0,0,0,0,0,0,0,0,0,0,0,0,0,0,0,0,0,0,0,0,0,0,0,0,0,0,0,0,0,0,0,0,0,0,0,0,0,0,0,0,0,0,0,0,0,0,0,0,0,0,0,0,0,0,0,0,0,0,0,0,0,0,0,0,0,0,0,0,0,0,0,0,0,0,0,0,0,0,0,0,0,0,0,0,0,0,0,0,0,0,0,0,0,0,0,0,0,0,0,0,0,0,0,0,0,0,0,0,0,0,0,0,0,0,0,0,0,0,0,0,0,0,0,0,0,0,0,0,0,0,0,0,0,0,0,0,0,0,0,0,0,0,0,0,0,0,0,0,0,0,0,0,0,0,0,0,0,0,0,0,0,0,0,0,0,0,0,0,0,0,0,0,0,0,0,0
"SVN",0,0,0,0,0,0,0,105268700000,0,0,0,0,0,0,0,0,0,0,0,0,0,0,0,0,0,0,0,0,0,0,0,0,0,0,0,0,0,0,0,0,0,0,0,0,0,0,0,0,0,0,0,0,0,0,0,0,0,0,0,12515590000,6702195000,0,0,0,0,0,0,0,0,0,0,0,723617840000,48116305000,0,0,0,0,0,0,0,2027072260000,0,0,0,0,0,0,0,0,0,0,0,0,0,0,0,0,0,0,0,0,0,0,0,0,0,0,0,0,0,0,0,0,0,0,0,0,0,165735000,0,0,0,0,0,0,0,0,619875000,0,0,0,0,0,0,0,0,0,0,0,3.132e+09,0,0,0,0,0,0,0,0,0,0,0,61508010000,0,0,0,0,0,0,0,0,110500000,0,0,0,0,0,0,0,0,0,0,0,0,0,0,0,0,0,0,0,0,0,0,0,0,0,0,0,0,3483495000,0,0,0,0
"SVK",0,0,0,0,0,0,0,33354845000,0,0,0,0,0,0,0,0,0,0,0,0,0,0,0,0,0,0,0,0,0,0,0,0,0,0,0,0,0,0,0,0,0,0,0,0,0,0,0,0,0,0,0,0,0,0,0,0,0,0,0,5537010000,0,0,0,280000,0,0,0,0,0,0,0,0,44642330000,0,0,0,0,0,0,280000,0,11797030000,0,26100000,0,0,0,0,0,0,0,0,0,0,0,0,0,0,0,0,0,0,0,0,0,0,0,0,0,0,0,0,0,0,0,0,0,0,0,0,0,0,0,0,0,0,0,0,12679200000,0,0,0,0,9089270000,0,0,0,0,0,0,6700000,0,0,0,0,0,0,0,0,0,0,0,0,0,0,0,0,0,0,0,0,207700000,0,0,0,0,0,0,0,0,0,0,0,0,0,0,0,0,0,0,0,0,0,0,0,0,0,0,41875000,0,41875000,0,0,0,0
"SGP",0,0,0,0,0,0,19212555000,0,0,448005000,280000,2338045000,0,0,0,0,47320000,0,2240000,1680000,646215000,0,258080000,0,0,7270000,0,0,637060000,0,0,1248735000,0,0,0,0,0,0,6440000,0,0,1680000,0,0,0,0,82880000,0,0,0,0,14996620000,0,9215000,0,0,0,0,280000,25760000,0,83980000,560000,0,0,0,0,0,0,0,0,1943045000,0,0,0,932260000,19862940000,0,0,6700000,560000,1120000,0,0,0,68700000,0,0,7840000,304100000,0,559020000,7432950000,0,0,5600000,0,0,0,0,3360000,21280000,0,4066705000,1984920000,0,0,75140000,248055000,54600000,0,0,8400000,0,0,298840000,286160000,0,163240000,0,20160000,1246180000,0,0,0,8680000,269620000,0,0,1664460000,0,0,37274920000,1400000,0,0,22820000,0,48720000,0,0,0,0,0,0,0,0,297360000,0,1.34e+08,0,0,0,0,0,151760000,2800000,0,0,0,2795000,10360000,0,0,14560000,0,1838620000,0,0,0,0,0,0,405315000,0,0,35840000,0,299875000,0,0,0,0,1251030000,335920000,0,0,0,14560000,0,0,0,4480000,0,0
"SOM",0,0,0,0,0,0,0,0,0,0,0,0,0,0,0,0,0,0,0,0,0,0,0,0,0,0,0,0,0,0,0,0,0,0,0,0,0,0,0,0,0,0,0,0,0,0,0,0,0,0,0,0,0,0,0,0,0,0,0,0,0,0,0,0,0,0,0,0,0,0,0,0,0,0,0,0,0,0,0,0,0,0,0,0,0,0,0,0,0,0,0,0,0,0,0,0,0,0,0,0,0,0,0,0,0,0,0,0,0,0,0,0,0,0,0,0,0,0,0,0,0,0,0,0,0,0,0,0,0,0,0,0,0,0,0,0,0,0,0,0,0,0,0,0,0,0,0,0,0,0,0,0,0,0,0,0,0,0,0,0,0,0,0,0,0,0,0,0,0,0,0,0,0,0,0,0,0,0,0,0,0,0,0,0,0,0,0,0,0,0,0,0,0,0,0
"ZAF",0,0,0,0,0,0,0,0,0,0,0,0,0,0,0,17153885000,114920000,0,0,0,0,0,0,0,0,1680000,0,0,0,0,0,8.107e+09,0,0,93565000,0,0,0,0,0,0,0,0,0,0,0,0,0,0,0,0,0,0,2543445000,0,0,0,0,0,0,0,71280000,0,0,0,0,0,0,0,0,0,3920000,0,0,0,0,52806050000,0,0,0,0,0,0,0,0,0,0,0,76995000,0,0,0,0,0,0,0,16680270000,0,0,0,0,0,2293010000,263665100000,0,0,0,0,826540000,0,0,0,22733470000,0,18535280000,0,0,0,0,0,0,0,0,0,1955000,0,0,0,0,0,0,0,0,0,0,0,0,0,280000,544572240000,0,0,0,0,0,0,0,0,0,0,0,0,0,0,0,0,0,0,0,20915870000,0,840000,0,0,110550000,35360000,0,0,0,0,0,0,0,560000,0,0,1675000,0,0,0,0,0,0,0,0,0,6774995000,49125885000,0,0,0,0,0,0,0
"ESP",0,0,0,1031374195000,0,0,0,8840000,0,0,0,0,0,0,0,0,0,0,0,0,0,4420000,0,0,0,32625000,343700000,0,0,0,0,22100000,304980000,0,0,0,0,0,45844650000,0,0,0,0,364120000,0,83980000,608025000,0,48620000,0,0,0,0,1061196270000,0,0,4306500000,0,0,1240552530000,0,48620000,0,18000535000,0,0,0,0,0,0,0,8840000,0,0,0,0,0,3.29732e+11,0,274040000,64362040000,48914015000,0,0,0,0,0,0,0,0,0,53040000,0,8840000,0,34505400000,0,0,8.613e+09,17680000,0,1.326e+10,0,17680000,0,0,41115490000,75140000,0,280000,0,278152340000,66300000,0,0,0,25245660000,0,0,13260000,0,92820000,0,0,92820000,17741880000,4420000,0,0,0,0,0,39780000,914720000,989343450000,0,0,0,0,0,222860000,0,66300000,0,0,0,0,0,173361240000,0,0,0,0,4420000,0,654708080000,0,0,0,0,92820000,2520000,30619215000,0,0,0,0,0,0,0,12473240000,230644745000,439053945000,0,0,0,107671955000,0,75140000,0,0,0,6660000,35360000,0,0,0,0,114920000,101660000,0,4420000,0,0,0
"SUR",0,0,0,0,0,0,0,0,0,0,0,0,0,0,0,0,0,0,0,0,0,0,0,0,0,0,0,0,0,0,0,0,0,0,0,0,0,0,0,0,0,0,0,0,0,0,0,0,0,0,0,0,0,0,0,0,0,0,0,0,0,0,0,0,0,0,0,0,0,0,0,0,0,0,0,0,0,0,0,0,0,0,0,0,0,0,0,0,0,0,0,0,0,0,0,0,0,0,0,0,0,0,0,0,0,0,0,0,0,0,0,0,0,0,0,0,0,0,0,0,0,0,0,0,0,0,0,0,0,0,0,0,0,0,0,0,0,0,0,0,0,0,0,0,0,0,0,0,0,0,0,0,0,0,0,0,0,0,0,0,0,0,0,0,0,0,0,0,0,0,0,0,0,0,0,0,0,0,0,0,0,0,0,0,0,0,0,0,0,0,0,0,0,0,0
"TJK",0,0,0,0,0,0,0,0,0,0,0,0,0,0,0,0,0,0,0,0,0,0,0,0,0,0,0,0,0,0,0,0,0,0,0,0,0,0,0,0,0,0,0,0,0,0,0,0,0,0,0,0,0,0,0,0,0,0,0,0,0,0,0,0,0,0,0,0,0,0,0,0,0,0,0,0,0,0,0,0,0,0,0,0,0,0,0,0,0,0,0,0,0,0,0,0,0,0,0,0,0,0,0,0,0,0,0,0,0,0,0,0,0,0,0,0,0,0,0,0,0,0,0,0,0,0,0,0,0,0,0,0,0,0,0,0,0,0,0,0,0,0,0,0,0,0,0,0,0,0,0,0,0,0,0,0,0,0,0,0,0,0,0,0,0,0,0,0,0,0,0,0,0,0,0,0,0,0,0,0,0,0,0,0,0,0,0,0,0,0,0,0,0,0,0
"SWZ",0,0,0,0,0,0,0,0,0,0,0,0,0,0,0,0,0,0,0,0,0,0,0,0,0,0,0,0,0,0,0,0,0,0,0,0,0,0,0,0,0,0,0,0,0,0,0,0,0,0,0,0,0,0,0,0,0,0,0,0,0,0,0,0,0,0,0,0,0,0,0,0,0,0,0,0,0,0,0,0,0,0,0,0,0,0,0,0,0,0,0,0,0,0,0,0,0,0,0,0,0,0,0,0,0,0,0,0,0,0,0,0,0,0,0,0,0,0,0,0,0,0,0,0,0,0,0,0,0,0,0,0,0,0,0,0,0,0,0,0,0,0,0,0,0,0,0,0,0,0,0,0,0,0,0,0,0,0,0,0,0,0,0,0,0,0,0,0,0,0,0,0,0,0,0,0,0,0,0,0,0,0,0,0,0,0,0,0,0,0,0,0,0,0,0
"SWE",0,0,0,0,0,0,0,2877420000,0,0,0,0,0,0,0,0,92820000,0,0,0,0,0,0,0,0,0,0,0,0,0,75140000,424320000,0,0,0,0,0,0,0,0,0,15834600000,0,92820000,0,0,0,0,0,51800000,280000,0,391180000,0,0,0,0,0,0,4135260000,0,0,0,0,0,0,0,0,0,0,0,0,0,0,74915000,0,0,0,0,216580000,0,853060000,0,0,0,0,0,0,0,0,0,0,0,0,0,0,0,0,0,0,0,0,0,0,0,0,0,0,0,0,0,0,0,0,0,0,19216260000,0,0,0,0,0,0,0,0,143005590000,0,0,280000,0,0,0,0,0,3350000,0,0,0,0,0,0,0,212160000,0,0,0,0,0,0,0,0,0,0,0,0,0,280000,0,0,0,0,0,0,0,0,0,203320000,0,0,2342600000,0,0,0,0,0,0,26800000,0,654160000,0,0,0,0,0,0,0,0,0,354205000,0,0,0,0,0,0
"CHE",0,0,0,0,0,0,0,5025000,0,0,0,0,0,0,0,0,1960000,0,0,0,0,0,0,0,0,0,0,0,0,0,0,0,0,0,0,0,0,0,0,0,0,4420000,0,0,0,0,0,0,0,0,0,0,0,1537345000,0,0,0,0,0,1037110000,0,0,0,0,0,0,0,0,0,0,0,0,0,0,0,0,0,0,0,0,0,370130000,0,0,0,8840000,0,0,0,0,0,39780000,0,0,0,0,0,0,0,0,0,0,0,0,0,0,0,0,0,0,0,0,0,0,0,0,125575000,0,0,0,0,0,0,0,0,0,0,0,0,0,0,0,0,0,0,0,0,0,0,0,0,0,0,0,0,0,0,0,0,0,0,0,0,0,0,0,22100000,0,0,0,3350000,0,0,0,0,0,0,0,0,0,0,0,0,0,0,0,203320000,0,66300000,0,0,0,0,0,0,0,0,0,909585000,0,0,0,0,0,0
"SYR",0,0,0,0,0,0,0,0,0,0,0,0,0,0,0,0,0,0,0,0,0,0,0,0,0,0,0,0,0,0,0,0,0,0,0,0,0,0,0,0,0,0,0,0,0,0,0,0,0,0,0,0,0,0,0,0,0,0,0,0,0,0,0,0,0,0,0,0,0,0,0,0,0,0,0,0,0,0,0,0,0,0,0,0,0,0,0,0,0,0,0,0,0,0,0,0,0,0,0,0,0,0,0,0,0,0,0,0,0,0,0,0,0,0,0,0,0,0,0,0,0,0,0,0,0,0,0,0,0,0,0,0,0,0,0,0,0,0,0,0,0,0,0,0,0,0,0,0,0,0,0,0,0,0,0,0,0,0,0,0,0,0,0,0,0,0,0,0,0,0,0,0,0,0,0,0,0,0,0,0,0,0,0,0,0,0,0,0,0,0,0,0,0,0,0
"TKM",0,0,0,0,0,0,0,0,0,0,0,0,0,0,0,0,0,0,0,0,0,0,0,0,0,0,0,0,0,0,0,0,0,0,0,0,0,0,0,0,0,0,0,0,0,0,0,0,0,0,0,0,0,0,0,0,0,0,0,0,0,0,0,0,0,0,0,0,0,0,0,0,0,0,0,0,0,0,0,0,0,0,0,0,0,0,0,0,0,0,0,0,0,0,0,0,0,0,0,0,0,0,0,0,0,0,0,0,0,0,0,0,0,0,0,0,0,0,0,0,0,0,0,0,0,0,0,0,0,0,0,0,0,0,0,0,0,0,0,0,0,0,0,0,0,0,0,0,0,0,0,0,0,0,0,0,0,0,0,0,0,0,0,0,0,0,0,0,0,0,0,0,0,0,0,0,0,0,0,0,0,0,0,0,0,0,0,0,0,0,0,0,0,0,0
"TWN",0,0,0,0,0,5320000,590485000,840000,0,0,0,8840000,0,0,0,0,8680000,0,1960000,0,153990000,56840000,2800000,0,0,714765000,0,0,39640000,0,14780000,4992355000,0,0,280000,0,10640000,0,0,0,0,0,560000,0,0,560000,0,560000,0,0,0,560000,0,7560000,1120000,0,0,0,0,59440000,0,280000,0,0,0,0,280000,0,0,0,0,39299630000,0,0,0,0,7998200000,0,0,0,1680000,617740000,840000,0,0,78431450000,560000,0,280000,10520000,344760000,31546645000,52360000,0,0,15960000,560000,0,0,0,41100000,2240000,0,24481840000,0,0,0,0,3080000,1120000,0,0,0,0,15360000,0,684150000,0,1960000,0,0,28500000,3080000,0,4420000,4480000,0,2240000,280000,44480000,1400000,0,9024010000,0,8680000,0,0,0,280000,0,0,0,101080000,0,0,0,0,46200000,9120000,0,0,0,0,1569940000,0,226175000,222040000,0,0,31220000,6160000,0,0,0,0,0,748330000,0,34345000,240760000,0,0,20880000,0,0,0,38860000,0,5472635000,0,3080000,0,1960000,8981230000,0,0,0,0,20720000,0,0,0,0,0,0
"TZA",0,0,0,0,0,0,0,0,0,0,0,0,0,0,0,0,0,0,0,0,0,0,0,4411395000,0,0,0,0,0,0,0,282880000,0,0,0,0,0,0,0,0,0,0,0,0,0,0,0,0,0,0,0,0,0,0,0,0,0,0,0,0,0,0,0,0,0,0,0,0,0,0,0,0,23450000,0,0,120600000,0,0,0,0,0,896675000,0,0,0,0,0,0,1717850000,0,0,0,0,0,0,0,0,0,0,0,0,0,0,0,0,0,0,0,0,0,0,0,0,0,0,0,296140000,0,0,0,0,0,0,0,0,0,0,0,0,0,0,0,0,0,0,0,0,0,0,1680000,0,8375000,0,0,0,0,0,0,0,0,0,0,0,0,0,38525000,0,0,0,1038700000,0,1.326e+09,0,0,0,0,0,0,0,0,25125000,0,0,0,4599970000,0,0,0,0,0,0,0,0,0,0,0,1675000,33490000,0,0,0,0,0,0,0
"THA",0,0,0,6720000,0,0,1393620000,1680000,0,10080000,0,10360000,0,0,0,1120000,0,0,0,0,3350000,1120000,8927595000,0,0,775460000,0,0,840000,0,2800000,268980000,0,0,0,0,0,0,5590000,0,560000,31355000,0,0,0,0,21255000,0,0,560000,0,560000,9240000,271880000,0,0,0,0,0,184055000,0,0,0,1680000,0,0,0,0,0,0,0,44715160000,0,0,4760000,77374900000,12513380000,0,0,32480000,152880000,16520000,0,0,0,1932335000,1680000,0,0,17021655000,632060000,119935455000,8960000,0,4709900000,4200000,0,0,0,0,0,1120000,0,26963325000,907015000,0,840000,0,0,2240000,280000,0,840000,0,0,0,377440000,0,17640000,0,1680000,73055000,0,0,1680000,55720000,0,0,11760000,0,0,0,38004110000,53480000,0,0,0,0,1.4e+07,0,0,0,840000,0,0,0,0,82880000,2240000,0,0,0,0,476630000,0,14840000,13440000,0,0,0,231280000,72240000,0,0,587985000,0,0,229840000,0,0,0,1960000,1120000,52635000,0,0,270745000,0,2431425000,0,0,0,0,166635810000,0,2520000,0,0,116310000,0,0,0,0,0,0
"TGO",0,0,0,0,0,0,0,0,0,0,0,0,0,0,0,0,0,0,0,0,0,0,0,0,0,0,0,0,0,0,0,1819050000,0,0,0,0,0,0,0,0,5237300000,0,0,0,0,0,0,0,0,0,0,0,0,3.35e+08,0,0,0,0,0,0,0,0,0,0,0,0,0,0,0,0,0,0,0,0,0,0,0,0,0,0,0,0,0,0,0,0,0,0,0,0,0,0,0,0,0,0,0,0,0,0,0,0,0,0,0,0,0,0,0,0,0,0,0,0,0,0,0,0,0,0,0,0,0,0,8840000,0,0,0,0,0,0,0,0,0,0,0,0,0,0,0,0,0,0,0,0,0,0,0,0,0,0,0,0,0,0,0,3519175000,0,0,0,0,0,0,0,0,0,0,0,0,0,0,0,0,0,0,0,0,0,0,3.35e+09,0,0,0,0,0,0,0,0,0,0,0,0,0,0,0
"TON",0,0,0,0,0,0,0,0,0,0,0,0,0,0,0,0,0,0,0,0,0,0,0,0,0,0,0,0,0,0,0,0,0,0,0,0,0,0,0,0,0,0,0,0,0,0,0,0,0,0,0,0,0,0,0,0,0,0,0,0,0,0,0,0,0,0,0,0,0,0,0,0,0,0,0,0,0,0,0,0,0,0,0,0,0,0,0,0,0,0,0,0,0,0,0,0,0,0,0,0,0,0,0,0,0,0,0,0,0,0,0,0,0,0,0,0,0,0,0,0,0,0,0,0,0,0,0,0,0,0,0,0,0,0,0,0,0,0,0,0,0,0,0,0,0,0,0,0,0,0,0,0,0,0,0,0,0,0,0,0,0,0,0,0,0,0,0,0,0,0,0,0,0,0,0,0,0,0,0,0,0,0,0,0,0,0,0,0,0,0,0,0,0,0,0
"TTO",0,0,0,0,0,0,0,0,0,0,0,0,0,0,0,0,0,0,0,0,0,0,0,0,0,0,0,0,0,0,0,0,0,0,0,0,0,0,0,0,0,0,0,0,0,0,0,0,0,0,0,0,0,0,0,0,0,0,0,0,0,0,0,0,0,0,0,0,0,0,0,0,0,0,0,0,0,0,0,0,0,0,0,0,0,0,0,0,0,0,0,0,0,0,0,0,0,0,0,0,0,0,0,0,0,0,0,0,0,0,0,0,0,0,0,0,0,0,0,0,0,0,0,0,0,0,0,0,0,0,0,0,0,0,0,0,0,0,0,0,0,0,0,0,0,0,0,0,0,0,0,0,0,0,0,0,0,0,0,0,0,0,0,0,0,0,0,0,0,0,0,0,0,0,0,0,0,0,0,0,0,0,0,0,0,0,0,0,0,0,0,0,0,0,0
"OMN",0,0,0,0,0,0,0,0,0,0,0,0,0,0,0,0,0,0,0,0,0,0,0,0,0,0,0,0,0,0,0,0,0,0,0,0,0,0,0,0,0,0,0,0,0,0,0,0,0,0,0,0,0,0,0,0,0,0,0,0,0,0,0,0,0,0,0,0,0,0,0,0,0,0,0,24795000,0,0,176800000,0,0,0,0,0,0,0,0,0,0,0,0,0,0,0,0,0,0,0,0,0,0,0,0,0,0,0,0,0,0,0,0,0,0,0,0,0,0,0,0,0,0,0,0,0,0,0,0,0,0,0,0,0,0,0,0,0,0,0,4420000,0,0,0,0,0,0,0,0,31320000,0,0,0,0,0,0,0,0,0,0,0,0,0,0,0,0,0,0,0,0,0,0,0,0,0,20880000,0,0,0,0,0,0,0,0,0,0,0,0,0,0,0,0,0,0,0,0,0
"TUN",0,0,0,0,0,0,0,0,0,0,0,0,0,0,0,0,0,0,0,0,0,0,0,0,3447600000,0,0,0,0,0,0,0,0,0,490620000,0,0,0,0,0,0,0,0,0,0,0,0,0,362440000,0,0,0,0,0,0,0,0,0,88400000,1175720000,0,0,0,0,0,0,0,0,0,0,0,0,0,0,0,0,0,0,0,0,0,393380000,0,0,0,0,0,0,0,0,0,0,0,0,0,503880000,0,0,10942860000,0,0,0,0,0,0,0,5829980000,0,0,0,0,0,0,0,0,0,5542680000,0,0,0,0,0,0,0,0,0,0,0,0,0,0,0,0,0,490620000,0,0,0,0,0,0,0,0,0,0,0,0,0,54799160000,0,0,0,0,0,0,0,13264420000,0,0,0,0,795600000,0,0,0,0,0,0,0,0,0,0,0,0,0,0,0,0,0,0,0,0,0,0,0,0,0,0,490620000,0,0,0,0,0,0
"TUR",0,4420000,0,280000,0,0,83980000,0,0,0,0,0,0,0,0,0,0,0,0,0,0,13260000,83980000,0,0,2784890000,0,0,66300000,0,0,0,0,0,0,0,0,0,46598525000,221425000,0,0,0,0,0,0,0,0,0,0,0,0,0,0,0,0,9479780000,0,0,0,0,161820000,0,0,0,61880000,0,0,0,0,2461940000,0,0,0,0,0,0,1346660000,17600235000,0,5189080000,0,0,0,0,0,0,0,0,0,0,0,0,0,0,0,0,0,0,0,0,0,2276300000,4420000,0,0,0,2568020000,0,0,0,4420000,0,0,0,0,3.35e+09,0,0,0,0,0,0,0,0,645320000,289710000,101660000,0,0,0,0,88400000,0,0,0,0,0,0,0,0,0,0,0,0,0,0,10440000,1860820000,0,0,19389800000,0,0,0,0,0,0,0,0,0,0,0,125280000,0,0,0,0,0,0,0,0,0,0,0,0,0,0,9748500000,0,0,0,0,0,88400000,0,0,0,0,0,0,0,5662020000,0,2895100000
"ARE",0,0,0,0,0,0,0,0,0,0,0,0,0,0,0,0,0,0,0,0,0,0,0,0,0,0,0,0,0,0,0,0,0,0,0,0,0,0,0,0,0,0,0,0,0,0,0,0,0,0,0,0,0,0,0,0,0,0,0,0,0,0,0,0,0,0,0,0,0,0,0,0,0,0,0,0,0,0,0,0,0,0,0,0,0,0,0,0,0,0,0,0,0,0,0,0,0,0,0,0,0,0,0,0,0,0,0,0,0,0,0,0,0,0,0,0,0,0,0,0,0,0,0,0,0,0,0,0,0,0,0,0,0,0,0,0,0,0,0,0,0,0,0,0,0,0,0,0,0,0,0,0,0,0,0,0,0,0,0,0,0,0,0,0,0,0,0,0,0,0,0,0,0,0,0,0,0,0,0,0,0,0,0,0,0,0,0,0,0,0,0,0,0,0,0
"UGA",0,0,0,0,0,0,0,0,0,0,0,0,0,0,0,0,0,0,0,0,0,0,0,100500000,0,0,0,0,0,0,0,266325000,0,0,0,0,0,0,0,0,0,0,0,0,0,0,0,0,0,0,0,0,0,0,0,0,0,0,0,0,0,0,0,0,0,0,0,0,0,0,0,0,0,0,0,559450000,0,70350000,0,0,0,0,0,0,0,0,0,0,32115070000,0,0,0,0,0,0,0,0,0,0,0,0,0,0,0,0,0,0,0,0,0,0,0,0,0,0,0,0,0,0,0,0,0,0,0,0,0,0,0,0,0,0,0,0,0,0,0,0,110550000,0,0,0,697430000,0,0,0,0,0,0,0,0,0,0,0,0,0,0,0,0,0,0,0,454140000,0,0,0,6325150000,10205100000,0,0,0,0,0,0,0,0,0,0,0,0,0,0,0,0,1688400000,0,0,195460000,0,0,0,0,0,6700000,33500000,0
"TUV",0,0,0,0,0,0,0,0,0,0,0,0,0,0,0,0,0,0,0,0,0,0,0,0,0,0,0,0,0,0,0,0,0,0,0,0,0,0,0,0,0,0,0,0,0,0,0,0,0,0,0,0,0,0,0,0,0,0,0,0,0,0,0,0,0,0,0,0,0,0,0,0,0,0,0,0,0,0,0,0,0,0,0,0,0,0,0,0,0,0,0,0,0,0,0,0,0,0,0,0,0,0,0,0,0,0,0,0,0,0,0,0,0,0,0,0,0,0,0,0,0,0,0,0,0,0,0,0,0,0,0,0,0,0,0,0,0,0,0,0,0,0,0,0,0,0,0,0,0,0,0,0,0,0,0,0,0,0,0,0,0,0,0,0,0,0,0,0,0,0,0,0,0,0,0,0,0,0,0,0,0,0,0,0,0,0,0,0,0,0,0,0,0,0,0
"GBR",280000,1680000,0,0,0,0,840000,5880000,0,0,0,0,0,0,0,0,0,0,0,0,0,0,0,0,0,287660000,0,0,0,0,0,175920000,0,0,0,0,0,0,3139375000,280000,0,3333075000,0,0,0,0,12880000,0,0,560000,0,0,131090000,5611605000,0,0,0,0,0,1349285000,0,53040000,0,21275000,0,0,0,0,269620000,0,0,97440000,560000,560000,3839855000,1675000,0,0,0,232721380000,0,1697615000,0,280000,0,60300000,0,0,840000,0,0,0,1680000,1400000,0,5320000,0,0,57460000,1955000,0,0,0,3630000,0,0,151375000,0,0,0,0,0,0,0,0,0,15744195000,0,0,0,0,0,0,0,0,1362455000,0,0,52920000,0,0,0,10515000,74195000,22280000,0,0,0,13260000,0,3640000,0,107240000,0,0,0,0,3075000,0,0,0,560000,3080000,46015000,0,357895000,2863590000,0,0,0,3927130000,24615000,0,0,0,1675000,840000,0,0,1120000,0,4420000,316250000,7835000,0,0,0,0,2216020000,0,0,0,0,0,0,0,0,0,168990000,0,4420000,0,0,0,0
"UKR",4720560000,0,0,0,0,0,0,12790300000,0,0,0,0,0,0,0,0,0,0,0,0,0,7730125000,1137325000,0,0,0,0,0,0,0,0,528825000,0,0,0,0,0,0,0,18168825000,0,0,0,0,64742550000,0,796925500000,0,0,0,0,0,0,0,0,0,16600575000,0,0,65569550000,0,0,0,380298700000,0,0,0,0,0,0,0,4176900000,63881275000,86130000,0,3125550000,14445200000,28710000,38525000,0,19781320000,1667194500000,0,4355595000,0,3169100000,4044300000,17680000,0,0,702520000,0,0,2245360000,0,2.7075e+10,0,0,0,3.6721e+10,0,0,0,20292715000,0,0,0,0,3792360000,0,0,0,0,18540440000,0,12214100000,100941225000,0,0,0,0,0,0,0,0,0,0,70350000,7134350000,0,0,0,0,427423830000,26423125000,0,0,0,0,0,80502870000,0,338535510000,0,0,0,0,486200000,0,0,0,97240000,9599685000,0,0,0,454364690000,0,0,0,0,1252900000,163486700000,4196380000,0,7447700000,64649975000,0,0,0,29857100000,8.84e+09,523889795000,44111600000,0,0,2754820000,0,0,0,0,18651850000,0,53973525000,0,0,0,0,388600000,0,1619725000,0,0,0,0
"USA",130500000,10886900000,0,114318775000,27080000,18348425000,111351155000,8375000,19990800000,117440000,69007235000,190422250000,0,0,0,0,283215000,0,3179520000,0,1761120000,2610000,5454900000,0,0,3693725430000,0,0,64571400000,0,12996295000,86921366015000,1498323480000,0,4420000,0,723217250000,577056065000,8400000,715140000,0,490138425000,39780000,1011243645000,1120000,878450445000,3915018190000,370319210000,0,0,0,0,920425000,278089635000,8840000,0,40357125000,0,0,5175771875000,0,5627160000,0,30541880000,0,9168830000,911528965000,8840000,45885555000,34550020000,456509575000,79368555000,252925000,269675000,546800000,501150240000,6078958710000,114318750000,20100000,312935315000,698715345000,731325235000,0,4420000,493289860000,6623648300000,1137100000,0,0,1315720000,0,2370500630000,1631180000,163841445000,0,47635020000,0,1782095000,75348090000,0,0,22409400000,0,1005548790000,0,9105200000,280000,0,0,13421769510000,0,1.670187e+12,102871080000,0,0,0,483952280000,0,0,52200000,0,745685000,498360385000,897260000,11884825000,57525980000,725190000,376025095000,550805000,0,0,179621915000,849498450000,502339540000,360782760000,0,0,0,658435000,280000,157704120000,0,630581640000,981240000,772570000,8327540000,0,953177605000,4.862e+09,0,0,0,1656045000,54415625000,0,16067055000,2704386155000,13330920000,0,0,205420000,255092450000,3.8628e+10,0,4131264030000,0,1841043200000,0,0,173962975000,8751890000,675734125000,2556858365000,23030800000,2506140000,0,883418025000,3849660000,0,0,2208525000,0,2474563800000,2167197095000,5657600000,0,29685145000,0,47796085000,1772420000,232290000,0,0,0,0
"BFA",0,0,0,0,0,0,0,0,0,0,0,0,0,0,0,0,0,0,0,0,0,0,0,0,0,0,0,0,0,0,0,0,0,0,0,0,0,0,0,0,0,0,0,0,0,0,0,0,0,0,0,0,0,142375000,0,0,0,0,0,0,0,0,0,0,0,0,0,0,0,0,0,0,0,0,0,0,0,0,0,0,0,0,0,0,0,0,0,0,0,0,0,0,0,0,0,0,0,0,0,0,0,0,0,0,0,50250000,0,0,0,0,0,0,0,0,0,0,0,0,0,0,0,0,0,0,0,0,0,0,0,0,0,0,0,0,0,0,0,0,0,0,0,0,0,0,0,0,0,0,0,0,0,0,0,0,0,0,0,0,0,0,0,0,0,0,0,0,0,0,0,0,0,0,0,0,0,0,0,0,0,0,0,0,0,0,0,0,0,0,0,0,0,0,0,0,0
"URY",0,0,0,0,0,46900000,0,0,0,0,0,201396975000,0,0,0,0,167878550000,0,0,0,0,0,0,0,0,77050000,0,0,0,0,0,3493993050000,0,0,0,0,0,0,0,0,0,0,0,0,0,0,235295625000,0,0,0,0,0,0,0,0,0,0,0,0,194227975000,0,0,0,42047525000,0,0,0,0,0,0,0,13503850000,0,0,0,0,22890550000,0,0,0,0,101319075000,0,0,0,5805550000,0,0,0,0,0,0,0,0,0,0,0,0,0,0,0,0,0,1976500000,0,0,0,0,0,0,0,0,0,0,0,0,164429725000,0,0,0,0,0,0,0,0,0,0,0,0,0,1710175000,0,1753725000,0,0,0,0,0,0,0,0,0,101932125000,0,0,0,0,0,0,0,0,0,0,1778850000,0,0,0,0,0,0,0,0,0,0,189275000,0,7996450000,0,0,0,0,270239475000,21145200000,0,0,0,0,0,17254175000,0,0,0,0,45621975000,0,0,0,0,0,0,0,0,0,0,0
"UZB",0,0,0,0,0,0,0,0,0,0,0,0,0,0,0,0,0,0,0,0,0,0,0,0,0,0,0,0,0,0,0,0,0,0,0,0,0,0,0,0,0,0,0,0,0,0,0,0,0,0,0,0,0,0,0,0,0,0,0,0,0,0,0,0,0,0,0,0,0,0,0,0,0,0,0,0,0,0,0,0,0,0,0,0,0,0,0,0,0,0,0,0,0,0,0,0,0,0,0,0,0,0,0,0,0,0,0,0,0,0,0,0,0,0,0,0,0,0,0,0,0,0,0,0,0,0,0,0,0,0,0,0,0,0,0,0,0,0,0,0,0,0,0,0,0,0,0,0,0,0,0,0,0,0,0,0,0,0,0,0,0,0,0,0,0,0,0,0,0,0,0,0,0,0,0,0,0,0,0,0,0,0,0,0,0,0,0,0,0,0,0,0,0,0,0
"VEN",0,0,0,0,0,0,0,0,0,0,0,0,0,0,0,0,0,0,0,0,0,0,0,0,0,0,0,0,0,0,0,0,569500000,0,0,0,0,0,0,0,0,0,0,0,0,0,0,0,0,0,0,0,0,0,0,0,0,0,0,0,0,0,0,0,0,0,0,0,0,0,0,0,0,0,0,0,0,0,0,0,0,0,0,0,0,0,0,0,0,0,0,0,0,0,0,0,0,0,0,0,0,0,0,0,0,0,0,0,0,0,0,0,0,0,0,0,0,0,0,0,0,0,0,0,0,0,0,0,0,0,0,0,0,0,0,0,0,0,0,0,0,0,0,0,0,0,0,0,0,0,0,0,0,0,0,0,0,0,0,0,0,0,0,0,0,0,0,0,0,0,0,0,0,0,0,0,0,0,0,0,0,0,0,0,0,0,0,0,0,0,0,0,0,0,0
"VNM",0,0,0,0,0,0,0,0,0,0,0,0,0,0,0,0,0,0,0,0,0,0,0,0,0,3350000,0,0,0,0,0,0,0,0,0,0,0,0,0,0,0,0,0,0,0,0,0,0,0,0,0,0,0,0,0,0,0,0,0,16750000,0,0,0,0,0,0,0,0,0,0,0,0,0,0,0,0,0,0,0,0,0,0,0,0,0,0,0,0,0,0,0,1675000,0,0,3350000,0,0,0,0,0,0,0,0,0,0,0,0,0,0,0,0,0,0,0,0,0,0,0,3350000,0,0,0,0,0,0,0,0,0,10050000,0,0,0,0,0,0,0,0,0,0,0,0,0,0,0,0,0,0,0,0,0,0,0,0,0,0,0,0,0,0,0,0,3350000,0,0,0,0,0,0,0,0,0,0,0,0,0,0,0,0,11725000,0,0,0,0,0,0,0,0,0,0,0,0,0,0,0,0
"ETH",0,0,0,0,0,0,0,0,0,0,0,0,0,0,0,0,0,0,0,0,0,0,0,0,0,0,0,0,1105500000,0,0,0,0,0,0,0,0,0,0,0,0,0,0,0,0,0,0,0,0,0,0,0,0,0,0,0,0,0,0,0,0,0,0,0,0,0,0,0,0,0,0,0,0,0,0,1507500000,19150275000,0,0,0,0,0,0,0,0,0,0,0,837500000,0,0,251250000,0,0,0,0,0,0,0,0,0,0,0,11073425000,0,0,0,0,0,0,0,0,0,0,0,0,0,0,0,0,0,0,0,0,0,0,847550000,0,0,0,0,0,0,0,0,0,0,0,0,0,0,0,0,0,0,0,0,0,0,0,0,0,0,0,0,4.02e+08,0,0,0,0,0,0,0,0,12284450000,0,0,0,0,0,0,0,0,1.34e+08,0,0,0,0,4.02e+08,0,0,0,0,27175200000,0,0,0,0,0,0,0,0,2566100000,0,0
"YEM",0,0,0,0,0,0,0,0,0,0,0,0,0,0,0,0,0,0,0,0,0,0,0,0,0,0,0,0,0,0,0,0,0,0,0,0,0,0,0,0,0,0,0,0,0,0,0,0,0,0,0,0,0,0,0,0,0,0,0,0,0,0,0,0,0,0,0,0,0,0,0,0,0,0,0,0,0,0,0,0,0,0,0,0,0,0,0,0,0,0,0,0,0,0,0,0,0,0,0,0,0,0,0,0,0,0,0,0,0,0,0,0,0,0,0,0,0,0,0,0,0,0,0,0,0,0,0,0,0,0,0,0,0,0,0,0,0,0,0,0,0,0,0,0,0,0,0,0,0,0,0,0,0,0,0,0,0,0,0,0,0,0,0,0,0,0,0,0,0,0,0,0,0,0,0,0,0,0,0,0,0,0,0,0,0,0,0,0,0,0,0,0,0,0,0
"COD",0,0,0,0,0,0,0,0,0,0,0,0,0,0,0,0,0,0,0,0,0,0,0,0,0,0,0,0,0,0,0,0,0,0,0,0,0,0,0,0,0,0,0,0,0,0,0,0,0,0,0,0,0,0,0,0,0,0,0,0,0,0,0,0,0,0,0,0,0,0,0,0,0,0,0,0,0,0,0,0,0,0,0,0,0,0,0,0,0,0,0,0,0,0,0,0,0,0,0,0,0,0,0,0,0,0,0,0,0,0,0,0,0,0,0,0,0,0,0,0,0,0,0,0,0,0,0,0,0,0,0,0,0,0,0,0,0,0,0,0,0,0,0,0,0,0,0,0,0,0,0,0,0,0,0,0,0,0,0,0,0,0,0,0,0,0,0,0,0,0,0,0,0,0,0,0,0,0,0,0,0,0,0,0,0,0,0,0,0,0,0,0,0,0,0
"ZMB",0,0,0,0,33500000,0,0,0,0,0,0,0,0,0,0,3238400000,0,0,0,0,0,0,0,0,0,0,0,0,0,0,0,0,0,0,0,0,0,0,0,0,0,0,0,0,0,0,0,0,0,0,0,0,0,0,0,0,0,0,0,0,0,0,0,0,0,0,0,0,0,0,0,0,0,0,0,0,0,0,0,0,0,0,0,0,0,0,0,0,0,0,0,0,0,0,0,0,0,0,0,0,0,0,1792615000,0,0,0,0,0,0,0,0,3350000,0,0,364095000,0,0,0,0,0,0,0,0,0,0,0,0,0,0,0,0,0,0,0,0,0,0,0,0,62957600000,0,16750000,0,0,0,0,0,0,0,0,0,0,0,0,0,1349175000,0,0,0,0,0,0,0,0,0,1047405000,0,0,0,0,0,0,0,0,0,0,0,0,0,0,0,0,0,0,0,0,2407435000,0,0,0,0,0,0,0,0
"BEL",2610000,57460000,0,0,70720000,0,0,30847870000,0,0,0,2439840000,0,0,0,0,0,0,0,0,0,1352200000,0,43065000,4653715000,1008765000,1966900000,8840000,0,181220000,0,30940000,0,0,2677400000,0,0,906100000,7796880000,4420000,108650000,4954595000,1153620000,123760000,292320000,0,265200000,1317160000,142245000,57905000,0,0,9540060000,1264679455000,1564680000,53040000,0,13186300000,30940000,145903595000,7830000,4066155000,0,1033120000,0,0,0,3724455000,1238870000,1684020000,2139280000,0,3258920000,560000,62440000,0,0,2317680000,0,27262340000,13151180000,9931605000,1757620000,0,0,0,0,539540000,282880000,0,0,13260000,1798940000,4212455000,0,1308320000,0,48620000,26520000,3230490000,0,0,167960000,227095000,0,296655000,8278215000,1133585000,154700000,0,61880000,42685000,0,2610000,0,8840000,528186445000,0,304980000,0,97240000,0,163540000,0,88740000,4157040000,0,203320000,2778790000,0,0,0,14725000,12608845000,13733920000,0,0,0,0,0,1809545000,0,2398200000,406640000,0,340340000,0,0,939695000,194480000,116860000,1680000,3341305000,0,0,73795000,86352830000,10755160000,0,0,3027575000,20056185000,4420000,0,0,0,60030000,41760000,0,2042040000,0,0,0,892840000,0,0,63782590000,0,17680000,52200000,0,0,0,0,61880000,1516060000,6068305000,0,0,5263940000,1680000,0,2391220000,0,556920000
"LUX",0,0,0,0,0,0,0,0,0,0,0,0,0,0,0,0,0,0,0,0,0,4420000,0,0,0,0,0,0,0,0,0,0,0,0,0,0,0,0,0,0,0,0,0,0,0,0,0,0,0,0,0,0,44200000,9370220000,0,0,0,0,0,3604155000,0,0,0,0,0,0,0,0,0,0,0,0,17680000,0,0,0,0,0,0,0,0,0,0,0,0,0,0,0,0,0,0,0,0,0,0,0,0,0,0,0,0,0,0,0,0,0,0,0,0,0,0,22100000,0,0,0,0,600300000,0,0,0,0,0,0,0,0,0,0,0,0,0,0,0,0,0,0,0,0,0,0,0,0,0,0,0,0,0,0,0,0,0,0,0,0,0,0,0,8840000,0,0,0,0,0,0,0,0,0,0,0,0,0,0,0,0,0,0,0,22100000,0,0,0,0,0,0,0,0,0,0,0,3591845000,0,0,0,0,0,0
"SRB",0,0,32625000,0,0,0,0,9349260000,0,0,0,0,0,0,0,0,0,0,0,0,0,80413060000,0,0,0,0,0,0,0,0,0,0,0,0,0,0,0,0,640900000,0,0,0,0,0,26100000,0,0,0,0,0,0,0,0,0,0,0,0,0,0,26039395000,53887840000,0,0,18629085000,0,0,0,0,0,0,0,0,17744050000,66025680000,0,0,0,0,0,0,0,42391180000,0,0,0,0,0,0,0,0,0,0,0,0,0,0,0,0,0,0,0,0,0,0,0,0,0,0,0,0,0,0,0,11725000,0,0,33777640000,0,0,8360190000,0,0,0,0,0,7648050000,0,0,0,0,0,0,0,3915000,0,0,0,0,0,0,6512615000,0,2285870000,0,0,0,0,0,0,0,0,67065260000,1927540000,0,0,0,0,0,0,0,4420000,6709560000,0,0,0,0,0,0,0,0,0,0,0,0,0,0,0,162475000,0,0,0,311550000,0,0,0,0,0,0,7702760000,0,0,1140005000,0,0,0
"MNE",0,0,0,0,0,0,0,0,0,0,0,0,0,0,0,0,0,0,0,0,0,0,0,0,0,0,0,0,0,0,0,0,0,0,0,0,0,0,0,0,0,0,0,0,0,0,0,0,0,0,0,0,0,0,0,0,0,0,0,0,0,0,0,0,0,0,0,0,0,0,0,0,0,0,0,0,0,0,0,0,0,0,0,0,0,0,0,0,0,0,0,0,0,0,0,0,0,0,0,0,0,0,0,0,0,0,0,0,0,0,0,0,0,0,0,0,0,0,0,0,0,0,0,0,0,0,0,0,0,0,0,0,0,0,0,0,0,0,0,0,0,0,0,0,0,0,0,0,0,0,0,0,0,0,0,0,0,0,0,0,0,0,0,0,0,0,0,0,0,0,0,0,0,0,0,0,0,0,0,0,0,0,0,0,0,0,0,0,0,0,0,0,0,0,0
"SDN",0,0,0,0,0,0,0,0,0,0,0,0,0,0,0,0,0,0,0,0,0,0,0,0,0,0,0,0,0,0,0,0,0,0,0,0,0,0,0,0,0,0,0,0,0,0,0,0,0,0,0,0,0,0,0,0,0,0,0,0,0,0,0,0,0,0,0,0,0,0,0,0,0,0,0,0,0,0,0,0,0,0,0,0,0,0,0,0,0,0,0,0,0,0,0,0,0,0,0,0,0,0,0,0,0,0,0,0,0,0,0,0,0,0,0,0,0,0,0,0,0,0,0,0,0,0,0,0,0,0,0,0,0,0,0,0,0,0,0,0,0,0,0,0,0,0,0,0,0,0,0,0,0,0,0,0,0,0,0,0,0,0,0,0,0,0,0,0,0,0,0,0,0,0,0,0,0,0,0,0,0,0,0,0,0,0,0,0,0,0,0,0,0,0,0
"SSD",0,0,0,0,0,0,0,0,0,0,0,0,0,0,0,0,0,0,0,0,0,0,0,0,0,0,0,0,0,0,0,0,0,0,0,0,0,0,0,0,0,0,0,0,0,0,0,0,0,0,0,0,0,0,0,0,0,0,0,0,0,0,0,0,0,0,0,0,0,0,0,0,0,0,0,0,0,0,0,0,0,0,0,0,0,0,0,0,0,0,0,0,0,0,0,0,0,0,0,0,0,0,0,0,0,0,0,0,0,0,0,0,0,0,0,0,0,0,0,0,0,0,0,0,0,0,0,0,0,0,0,0,0,0,0,0,0,0,0,0,0,0,0,0,0,0,0,0,0,0,0,0,0,0,0,0,0,0,0,0,0,0,0,0,0,0,0,0,0,0,0,0,0,0,0,0,0,0,0,0,0,0,0,0,0,0,0,0,0,0,0,0,0,0,0
"PSE",0,0,0,0,0,0,0,0,0,0,0,0,0,0,0,0,0,0,0,0,0,0,0,0,0,0,0,0,0,0,0,0,0,0,0,0,0,0,0,0,0,0,0,0,0,0,0,0,0,0,0,0,0,0,0,0,0,0,0,0,0,0,0,0,0,0,0,0,0,0,0,0,0,0,0,0,0,0,0,0,0,0,0,0,0,0,0,0,0,0,0,0,0,0,0,0,0,0,0,0,0,0,0,0,0,0,0,0,0,0,0,0,0,0,0,0,0,0,0,0,0,0,0,0,0,0,0,0,0,0,0,0,0,0,0,0,0,0,0,0,0,0,0,0,0,0,0,0,0,0,0,0,0,0,0,0,0,0,0,0,0,0,0,0,0,0,0,0,0,0,0,0,0,0,0,0,0,0,0,0,0,0,0,0,0,0,0,0,0,0,0,0,0,0,0
