"","1","2","3","4","8","9","10","11","12","13","14","16","17","18","19","20","21","22","23","25","26","27","28","29","32","33","35","37","38","39","40","41","44","45","46","47","48","49","50","52","53","54","55","56","57","58","59","60","61","63","64","66","67","68","70","72","73","74","75","79","80","81","83","84","85","86","89","90","91","93","95","96","97","98","99","100","101","102","103","104","105","106","107","108","109","110","112","113","114","115","116","117","118","119","120","121","122","123","124","126","128","129","130","131","132","133","134","136","137","138","141","143","144","146","147","149","150","151","153","154","155","156","157","158","159","162","165","166","167","168","169","170","171","173","174","175","176","178","179","181","183","184","185","188","189","191","193","194","195","196","197","198","199","200","201","202","203","207","208","209","210","211","212","213","214","215","216","217","219","220","221","222","223","225","226","227","229","230","231","233","234","235","236","237","238","249","250","251","255","256","272","273","276","277","299"
"Armenia",0,0,0,0,0,0,0,0,0,0,0,0,0,0,0,0,0,0,0,0,0,0,0,0,0,0,0,0,0,0,0,0,0,0,0,0,0,0,0,0,0,0,0,0,0,0,0,0,0,0,0,0,0,0,0,0,0,0,0,0,0,0,0,0,0,0,0,0,0,0,0,0,0,0,0,0,0,0,0,0,0,0,0,0,0,0,0,0,0,0,0,0,0,0,0,0,0,0,0,0,0,0,0,0,0,0,0,0,0,0,0,0,0,0,0,0,0,0,0,0,0,0,0,0,0,0,0,0,0,0,0,0,0,0,0,0,0,0,0,0,0,0,636533.333333333,0,0,0,0,0,0,0,0,0,0,0,0,0,0,0,0,0,0,0,0,0,0,0,0,0,0,0,0,0,0,0,0,0,0,0,177333.333333333,0,0,0,0,0,0,0,0,0,0,0,0,0,0,0,0
"Afghanistan",0,0,0,0,0,0,0,0,0,0,0,0,0,0,0,0,0,0,0,0,2289166.66666667,0,0,0,0,848666.666666667,0,0,0,0,0,0,0,0,0,0,0,0,0,0,0,0,0,0,0,0,0,0,0,0,0,0,0,0,0,0,0,0,0,0,0,0,0,0,0,0,0,0,0,0,0,0,0,0,0,0,0,0,0,0,0,0,0,0,0,0,0,0,0,0,0,0,0,0,0,0,0,0,0,0,0,0,0,0,0,0,0,0,0,0,0,0,0,0,0,0,0,0,0,0,0,0,0,0,0,18666.6666666667,4508340000,0,0,0,0,0,0,0,0,0,0,0,0,0,0,0,0,0,0,0,0,0,0,0,0,0,0,0,0,0,0,0,0,0,0,0,0,0,0,0,0,0,0,0,0,0,0,0,0,0,0,0,0,0,0,0,0,0,0,0,0,0,0,0,0,0,0,0,0
"Albania",0,0,0,0,0,0,0,0,0,0,0,0,0,0,0,0,0,0,0,0,0,0,0,0,0,0,0,0,0,0,0,0,0,0,0,0,0,0,0,0,0,0,0,0,0,0,0,0,0,0,0,0,0,0,0,0,0,0,0,0,0,0,0,0,0,0,0,0,0,0,0,0,0,0,0,0,0,0,0,0,0,0,0,0,0,0,0,0,0,0,0,0,0,0,0,0,0,0,0,0,0,0,0,0,0,0,0,0,0,0,0,0,0,0,0,0,0,0,0,0,0,0,0,0,0,0,0,0,0,0,0,0,0,0,0,0,0,0,0,0,0,0,0,0,0,0,0,0,0,0,0,0,0,0,0,0,0,0,0,0,0,0,0,0,0,0,0,0,0,0,0,0,0,0,0,0,0,0,0,0,0,0,0,0,0,0,0,0,0,0,0,0,0,0,0
"Algeria",0,0,0,0,0,0,0,0,0,0,0,0,0,0,0,0,0,0,0,0,0,0,0,0,0,1630333.33333333,0,0,0,0,0,0,0,0,0,0,0,0,0,0,0,0,0,0,0,0,0,0,0,0,0,0,0,0,0,0,0,0,0,0,0,0,0,0,0,0,0,0,0,0,0,0,0,0,0,0,0,0,0,0,0,0,0,0,0,0,0,0,0,0,0,0,0,0,0,0,0,0,0,0,0,0,0,0,0,0,0,0,0,0,0,0,0,0,0,0,0,0,0,0,0,0,0,0,0,0,0,0,0,0,0,0,0,0,0,0,0,0,0,0,0,0,0,0,0,0,0,0,560000,0,0,0,0,0,0,0,55833.3333333333,0,0,0,0,0,0,0,0,0,0,0,0,0,0,0,0,0,0,0,0,0,0,0,0,0,0,0,0,0,0,0,0,0,0,0,0,0,0
"Antigua and Barbuda",0,0,0,0,0,0,0,0,0,0,0,0,0,0,0,0,0,0,0,0,0,0,0,0,0,0,0,0,0,0,0,0,0,0,0,0,0,0,0,0,0,0,0,0,0,0,0,0,0,0,0,0,0,0,0,0,0,0,0,0,0,0,0,0,0,0,0,0,0,0,0,0,0,0,0,0,0,0,0,0,0,0,0,0,0,0,0,0,0,0,0,0,0,0,0,0,0,0,0,0,0,0,0,0,0,0,0,0,0,0,0,0,0,0,0,0,0,0,0,0,0,0,0,0,0,0,0,0,0,0,0,0,0,0,0,0,0,0,0,0,0,0,0,0,0,0,0,0,0,0,0,0,0,0,0,4.42e+09,0,0,0,0,0,0,0,0,0,0,0,0,0,0,0,0,0,0,0,0,0,0,0,0,0,0,0,0,0,0,0,0,0,0,0,0,0,0,0
"Argentina",0,0,0,3141504940000,0,0,1564006830000,0,0,0,0,4813759580266.67,0,0,15539086666.6667,0,576914065233.333,0,0,0,1.1484e+10,0,49666560000,0,117215100000,7890891500,0,0,0,0,1736394188300,22733365076666.7,402763510000,0,0,0,0,2.73006e+11,180607650000,0,0,809270520000,0,202646480400,252408750000,308013930000,4375852623333.33,0,0,0,0,0,0,264733170000,0,0,0,0,0,81761730000,0,151024170000,0,891920520000,0,0,36833333333.3333,0,21162282266.6667,0,0,0,0,0,0,24548881090000,7252299990000,2155625100000,911342060000,1347519510000,67679910000,3238108898333.33,196253730000,0,0,62580840000,524763990000,0,0,0,0,693357054000,0,243074520000,0,269960130000,0,0,235630800000,95592120000,0,120577600000,0,3738084640000,0,0,0,0,55802460000,0,0,2008638813333.33,1140488062133.33,0,0,0,579038940000,0,0,0,0,214562880000,0,0,0,0,358078933333.333,124291018800,0,0,18390479833.3333,3145561026666.67,1334249400000,3439085640000,77308200000,0,0,0,0,0,0,0,0,0,0,0,0,1821993863333.33,117137670000,0,0,0,0,0,0,692709484333.333,3893990448333.33,0,0,0,0,0,0,0,75085895000,0,936937800000,0,0,34263663200,97375620000,315472223333.333,2281340100000,202770900000,0,0,1993870350000,0,355812556333.333,0,71969037500,0,128584541066.667,10300831230000,0,402140970000,0,0,156154560000,0,0,0,0,0,0
"Australia",0,0,0,0,0,0,0,0,0,0,0,194133.333333333,0,0,0,0,0,0,0,3037333.33333333,1004266.66666667,0,0,0,0,0,0,0,0,0,0,21942533.3333333,73666666.6666667,0,0,78302933.3333333,0,0,0,0,0,0,0,0,0,0,0,0,0,0,0,3842400,0,522666.666666667,0,0,0,0,0,0,0,0,0,0,0,0,0,0,0,0,0,1381333.33333333,0,0,0,138299166.666667,6799197600,0,0,0,0,0,0,0,0,66640000,0,0,0,766133.333333333,0,1462940666.66667,0,0,0,0,0,0,0,0,0,0,0,4337865600,0,0,0,0,33600,0,0,0,0,0,0,0,28710000,0,963167333.333333,0,1350800,827689233.333333,0,0,0,0,0,0,0,407796000,0,0,17012933.3333333,0,0,0,117866.666666667,0,0,0,0,0,0,0,0,0,0,11200,0,0,0,0,0,15252200,0,176800,0,0,0,0,0,0,0,0,4964696033.33333,0,1756533.33333333,0,0,0,0,0,0,58933.3333333333,0,0,0,0,193600,0,0,0,0,0,0,0,0,0,0,0,0,0,0,0,0
"Austria",0,0,0,51366666.6666667,0,0,1574111866.66667,0,0,0,0,0,0,0,0,0,0,0,0,0,0,301182166.666667,0,0,0,119025500,0,0,0,0,169366.666666667,1059833.33333333,0,0,0,0,11166.6666666667,0,68966.6666666667,38560366.6666667,0,431186533.333333,0,0,3104333.33333333,0,4350000,0,0,1169306466.66667,0,0,1821138166.66667,10265499800,0,0,268000,0,0,320582408233.333,74666.6666666667,0,0,21677400,0,0,0,0,0,0,0,0,25460203900,1390898800,0,78166.6666666667,0,56000,0,56134833.3333333,33060000,21387502166.6667,0,6013266.66666667,0,100500,15678000,7466.66666666667,0,0,0,33500,0,245666.666666667,0,18847500,0,0,7466.66666666667,2190631000,0,0,0,11166.6666666667,0,0,223333.333333333,0,0,0,0,0,0,72000,0,0,23992021800,0,0,205333.333333333,0,34150000,0,0,16766.6666666667,42746000,0,0,86510951766.6667,0,0,0,258374900,2510225466.66667,1195878833.33333,0,0,0,0,0,4458507333.33333,0,644863833.333333,0,0,0,0,11166.6666666667,63650000,0,156333.333333333,6335990466.66667,24511043433.3333,0,0,3733.33333333333,1612666700,0,0,0,177241966.666667,39986035433.3333,0,3733.33333333333,0,0,11166.6666666667,0,0,0,0,0,356500,0,0,0,1063693866.66667,314475666.666667,1451666.66666667,0,0,0,0,225180000,0,0,0,0,18726533366.6667,1062966.66666667,51997800,70933.3333333333,0,0,0
"Bahamas",0,0,0,0,0,0,0,0,0,0,0,0,0,0,0,0,0,0,0,0,0,0,0,0,0,0,0,0,0,0,0,0,0,0,0,0,0,0,0,0,0,0,0,0,0,0,0,0,0,0,0,0,0,0,0,0,0,0,0,0,0,0,0,0,0,0,0,0,0,0,0,0,0,0,0,0,0,0,0,0,0,0,0,0,0,0,0,0,0,0,0,0,0,0,0,0,0,0,0,0,0,0,0,0,0,0,0,0,0,0,0,0,0,0,0,0,0,0,0,0,0,0,0,0,0,0,0,0,0,0,0,0,0,0,0,0,0,0,0,0,0,0,0,0,0,0,0,0,0,0,0,0,0,0,0,0,0,0,0,0,0,0,0,0,0,0,0,0,0,0,0,0,0,0,0,0,0,0,0,0,0,0,0,0,0,0,0,0,0,0,0,0,0,0,0
"Bahrain",0,0,0,0,0,0,0,0,0,0,0,0,0,0,0,0,0,0,0,0,0,0,0,0,0,0,0,0,0,0,0,0,0,0,0,0,0,0,0,0,0,0,0,0,0,0,0,0,0,0,0,0,0,0,0,0,0,0,0,0,0,0,0,0,0,0,0,0,0,0,0,0,0,0,0,0,0,0,0,0,0,0,0,0,0,0,134000,0,0,0,0,0,1149200,0,0,0,0,0,0,0,0,0,0,0,0,0,0,0,0,0,0,0,0,0,0,0,0,0,0,0,0,0,0,0,0,0,11200,0,0,0,0,0,0,0,0,0,0,0,0,0,0,0,0,0,0,0,0,3496133.33333333,0,0,0,0,0,0,0,0,0,0,0,0,0,0,0,0,0,0,0,0,0,0,67418633.3333333,0,0,69463066.6666667,0,0,0,0,95000,0,0,0,0,0,0,0,0,0,0,0,0,0,0,0,0
"Barbados",0,0,0,0,139318400,0,0,0,0,0,0,0,0,0,0,0,0,0,0,0,0,0,0,0,0,0,0,0,0,0,0,0,0,0,0,0,0,0,0,0,0,0,0,0,0,0,0,0,0,0,0,0,0,0,0,0,0,0,0,0,0,0,0,0,0,5339368000,0,0,0,0,0,0,0,0,0,0,0,0,0,0,0,0,0,0,0,0,0,0,0,0,0,0,0,0,0,0,0,0,0,0,0,0,0,0,0,0,0,0,0,0,0,0,0,0,0,0,0,0,0,0,0,0,0,0,0,0,0,0,0,0,0,0,0,0,0,0,0,0,0,0,0,0,0,217022000,3051597466.66667,1360133566.66667,0,0,0,0,0,0,0,0,0,0,0,1930530000,0,0,0,0,0,0,0,0,0,0,0,6186393066.66667,0,0,0,0,0,0,0,0,0,0,0,0,0,0,0,0,0,0,0,0,0,0,0,0,0
"Bangladesh",0,0,0,0,0,0,870000,0,0,0,0,0,0,0,0,0,0,0,0,0,0,0,0,0,0,52266.6666666667,0,0,0,0,0,0,0,0,0,0,0,0,26133.3333333333,0,0,0,0,0,0,0,0,0,0,0,0,0,0,93333.3333333333,0,0,0,0,0,0,0,0,0,0,0,0,0,0,0,0,0,0,0,0,0,142334075333.333,0,0,0,0,0,0,0,0,0,0,0,0,0,877384333.333333,0,0,0,0,0,0,0,0,0,0,0,0,0,0,0,0,0,0,0,0,0,0,0,0,0,108284736666.667,0,0,0,0,0,0,0,0,0,0,0,0,0,0,0,0,0,0,0,0,0,0,0,0,0,0,0,0,0,0,0,16359166.6666667,0,0,0,0,0,59733.3333333333,0,0,0,0,0,0,0,1866.66666666667,0,0,0,0,0,0,0,0,111666.666666667,0,0,569500,0,0,0,0,0,0,0,0,0,0,0,0,0,0,0,0,0,0,0,0,0
"Bermuda",0,0,0,0,0,0,0,0,0,0,0,0,0,0,0,0,0,0,0,0,0,0,0,0,0,0,0,0,0,0,0,0,0,0,0,0,0,0,0,0,0,0,0,0,0,0,0,0,0,0,0,0,0,0,0,0,0,0,0,0,0,0,0,0,0,0,0,0,0,0,0,0,0,0,0,0,0,0,0,0,0,0,0,0,0,0,0,0,0,0,0,0,0,0,0,0,0,0,0,0,0,0,0,0,0,0,0,0,0,0,0,0,0,0,0,0,0,0,0,0,0,0,0,0,0,0,0,0,0,0,0,0,0,0,0,0,0,0,0,0,0,0,0,0,0,0,0,0,0,0,0,0,0,0,0,0,0,0,0,0,0,0,0,0,0,0,0,0,0,0,0,0,0,0,0,0,0,0,0,0,0,0,0,0,0,0,0,0,0,0,0,0,0,0,0
"Bhutan",0,0,0,0,0,0,0,0,0,0,0,0,0,0,0,0,0,0,0,0,0,0,0,0,0,0,0,0,0,0,0,0,0,0,0,0,0,0,0,0,0,0,0,0,0,0,0,0,0,0,0,0,0,0,0,0,0,0,0,0,0,0,0,0,0,0,0,0,0,0,0,0,0,0,0,4119733.33333333,0,0,0,0,0,0,0,0,0,0,0,0,0,0,0,0,0,0,0,0,0,0,0,0,0,0,0,0,0,0,0,0,0,0,0,0,0,0,0,0,0,0,0,0,0,0,0,0,0,0,0,0,0,0,0,0,0,0,0,0,0,0,0,0,0,0,0,0,0,0,0,0,0,0,0,0,0,0,0,0,0,0,0,0,0,0,0,0,0,0,0,0,0,0,0,0,0,0,0,0,0,0,0,0,0,0,0,0,0,0,0,0,0,0,0,0,0,0,0
"Bolivia (Plurinational State of)",0,597690000,0,0,0,38814167566.6667,0,0,0,0,0,0,0,0,0,0,17000633333.3333,0,0,0,0,0,38392230000,0,4547490000,0,0,0,0,0,364712039066.667,0,3653632072666.67,0,0,0,1.326e+10,0,0,0,0,0,0,7808666666.66667,0,1410477646400,0,5893333333.33333,0,0,0,0,0,0,0,0,0,0,0,0,0,10567890000,0,0,0,0,777920000,0,0,0,0,0,0,0,0,0,1936620000,0,0,0,0,0,0,0,0,4978140000,0,0,0,0,0,0,5074333333.33333,0,0,0,0,0,0,0,0,1800030000,0,2291860000,0,0,0,0,0,0,0,0,0,0,0,2593066666.66667,0,0,0,0,0,0,0,0,0,0,935250000,510510000,0,0,5.22e+08,2638835416733.33,1605150000,0,0,0,17400000,0,0,0,0,0,0,0,0,0,0,0,0,0,0,0,0,0,0,0,0,0,0,0,0,0,0,0,0,0,0,0,0,0,0,0,56711820000,0,0,0,0,0,0,0,8366790000,0,31957753333.3333,0,0,0,893490000,0,0,0,0,0,0,0,0
"Botswana",0,0,0,0,0,0,0,0,0,0,0,0,0,0,0,0,0,0,0,0,0,0,0,0,0,0,0,0,0,0,0,0,0,0,0,0,0,0,0,0,0,0,0,0,0,0,0,0,0,0,0,0,0,0,0,0,0,0,0,0,0,0,0,0,0,0,0,0,0,0,0,0,0,0,0,0,0,0,0,0,0,0,0,0,0,0,0,0,0,0,0,0,0,0,0,0,0,0,0,0,0,0,0,0,0,0,0,0,0,0,0,0,0,0,448533.333333333,0,0,0,0,0,0,0,0,0,0,0,0,0,0,0,0,0,0,0,0,0,0,0,0,1709066.66666667,0,0,0,0,0,0,0,0,0,0,0,0,0,0,0,74260000,0,0,0,0,0,0,0,0,0,0,0,0,0,0,0,0,0,0,0,0,0,0,0,0,0,0,0,0,0,0,0,0,0,0,0,0,0,0,0
"Brazil",0,4962869333.33333,0,1872830614966.67,2617363333.33333,1078979591966.67,42551363333.3333,20880000,23160491200,166926500,2429333.33333333,3862736249566.67,0,0,50383375466.6667,0,0,0,2908400,0,0,22623733.3333333,245735850000,0,5611500000,34312347800,105363066.666667,0,0,0,371449683133.333,202528881992467,19044348333.3333,532266.666666667,5099600,353600,1065750000,367261671066.667,61408233.3333333,0,0,760813096066.667,179127866.666667,15057154000,0,3688370933.33333,232266808233.333,447981733.333333,43500000,248820000,0,0,425590866.666667,4707595737366.67,3359940000,0,0,95700000,0,3321569241533.33,1866.66666666667,13615972400,0,249753211800,0,0,3364321466.66667,0,22306235633.3333,542923333.333333,1820078133.33333,6274499333.33333,0,6838133.33333333,119733.333333333,4278628270000,4998317232833.33,5783156325600,0,13410421600,605361590000,2730098757400,6999249600,0,4069081466.66667,2900159360133.33,55293071866.6667,0,0,1563333.33333333,15131040000,5635892285533.33,0,39663301866.6667,0,15212086633.3333,0,175182366.666667,147333.333333333,57420000,0,11786666666.6667,0,127958331466.667,0,0,75730033.3333333,0,0,3058405991033.33,0,45813247833.3333,23573340800,0,0,446310000,14384226414133.3,0,0,0,473333.333333333,1079262933.33333,416249466.666667,0,0,1090659437000,4196769379633.33,2344178766.66667,870000,0,66737252800,218261055133.333,33215248800,1657823538133.33,1548328544366.67,0,0,0,6054353066.66667,0,1556154047166.67,0,3141659815000,76613333.3333333,587732464533.333,47686400,0,876774939600,266595166.666667,0,63650000,1874438490000,32126490000,6488656300,0,35902292000,11850049070166.7,8149706000,0,620666.666666667,92217066.6666667,65828334900,48089600,0,3145807575100,0,13727057664366.7,159620933.333333,0,7849713733.33333,140751142800,841160087166.667,6849130658200,146001661866.667,0,648266.666666667,1876411620600,55441026000,290361034866.667,0,75196466333.3333,0,725049402466.667,5006667772366.67,0,0,0,0,411217200366.667,206266.666666667,0,972400,6968000,0,0
"Aruba",0,0,0,0,0,0,0,0,0,0,0,0,0,0,0,0,0,0,0,0,0,0,0,0,0,0,0,0,0,0,0,0,0,0,0,0,0,0,0,0,0,0,0,0,0,0,0,0,0,0,0,0,0,0,0,0,0,0,0,0,0,0,0,0,0,0,0,0,0,0,0,0,0,0,0,0,0,0,0,0,0,0,0,0,0,0,0,0,0,0,0,0,0,0,0,0,0,0,0,0,0,0,0,0,0,0,0,0,0,0,0,0,0,0,0,0,0,0,0,0,0,0,0,0,0,0,0,0,0,0,0,0,0,0,0,0,0,0,0,0,0,0,0,0,0,0,0,0,0,0,0,0,0,0,0,0,0,0,0,0,0,0,0,0,0,0,0,0,0,0,0,0,0,0,0,0,0,0,0,0,0,0,0,0,0,0,0,0,0,0,0,0,0,0,0
"Belize",0,0,0,0,0,0,0,0,0,0,0,0,0,0,0,0,0,0,0,0,0,0,0,0,0,0,0,0,0,0,0,0,0,0,0,0,289981466.666667,0,0,0,0,0,0,0,0,0,0,0,0,0,0,0,0,0,0,0,0,0,0,0,0,0,0,0,0,0,0,0,1192516000,0,0,0,0,0,0,0,0,0,0,0,0,0,0,0,6504118400,0,0,0,0,0,0,0,0,0,0,0,0,0,0,0,0,0,0,0,0,0,0,0,0,14378554666.6667,0,0,0,0,0,0,0,0,0,0,0,0,0,0,0,0,0,0,0,0,0,0,0,0,0,0,0,0,0,0,0,0,0,0,0,0,0,0,0,0,0,0,0,0,0,0,0,0,0,0,0,0,0,0,0,0,0,0,0,0,0,0,0,0,0,0,0,0,0,0,0,0,0,0,0,0,0,0,0,0,0,0,0,0,0
"Solomon Islands",0,0,0,0,0,0,0,0,0,0,0,0,0,0,0,0,0,0,0,0,0,0,0,0,0,0,0,0,0,0,0,0,0,0,0,0,0,0,0,0,0,0,0,0,0,0,0,0,0,0,0,0,0,0,0,0,0,0,0,0,0,0,0,0,0,0,0,0,0,0,0,0,0,0,0,0,0,0,0,0,0,0,0,0,0,0,0,0,0,0,0,0,0,0,0,0,0,0,0,0,0,0,0,0,0,0,0,0,0,0,0,0,0,0,0,0,0,0,0,0,0,0,0,0,0,0,0,0,0,0,0,0,0,0,0,0,0,0,0,0,0,0,0,0,0,0,0,0,0,0,0,0,0,0,0,0,0,0,0,0,0,0,0,0,0,0,0,0,0,0,0,0,0,0,0,0,0,0,0,0,0,0,0,0,0,0,0,0,0,0,0,0,0,0,0
"Brunei Darussalam",0,0,0,0,0,0,0,0,0,0,0,0,0,0,0,0,0,0,0,0,0,0,0,0,0,0,0,0,0,0,0,0,0,0,0,0,0,0,0,0,0,0,0,0,0,0,0,0,0,0,0,0,0,0,0,0,0,0,0,0,0,0,0,0,0,0,0,0,0,0,0,0,0,0,0,0,0,0,0,0,0,0,0,0,0,0,0,0,0,0,0,0,0,0,0,0,0,0,0,0,0,0,0,321955933.333333,0,0,0,0,0,0,0,0,0,0,0,0,0,0,0,0,0,0,0,0,0,0,0,0,0,0,0,0,0,0,0,0,0,0,0,0,0,0,0,0,0,0,0,0,0,0,0,0,0,0,0,0,0,0,0,0,0,0,0,0,0,0,0,0,0,0,0,0,0,0,0,0,0,0,0,0,0,0,0,0,0,0,0,0,0,0,0,0,0,0,0
"Bulgaria",0,0,0,0,0,0,0,2928354133.33333,0,0,0,0,0,0,0,0,0,0,0,0,0,0,0,0,0,0,0,0,0,0,0,0,0,0,0,0,0,0,47364400,0,0,0,0,0,0,0,39200,0,0,0,0,0,0,1162000,0,0,1328533.33333333,0,0,145219066.666667,0,0,0,10814384233.3333,0,0,0,0,0,0,0,0,7571333.33333333,147466.666666667,0,0,0,0,11200,0,0,17726400,0,0,0,0,0,0,0,0,0,0,0,383066.666666667,0,0,0,0,0,0,0,0,0,0,0,0,1040800,0,0,0,0,0,0,4362400,0,0,9656000,0,0,35526400,0,0,0,0,0,22400,0,0,2976133.33333333,0,0,0,0,44590266.6666667,0,0,0,0,0,0,1053695300,0,644000,0,0,0,0,0,0,0,0,0,0,0,0,0,1102733.33333333,0,0,0,0,0,0,0,0,0,0,0,0,0,0,0,4726400,0,0,0,748533.333333333,718666.666666667,108266.666666667,0,0,0,0,134400,0,0,0,0,117866.666666667,0,252148666.666667,0,0,0,0
"Myanmar",0,0,0,0,0,0,0,0,0,0,0,0,0,0,0,0,0,0,0,0,0,0,0,0,0,0,0,0,0,0,0,0,0,0,0,0,0,0,0,0,0,0,0,0,0,0,0,0,0,0,0,0,0,0,0,0,0,0,0,0,0,0,0,0,0,0,0,0,0,0,0,0,0,0,0,0,0,0,0,0,0,0,0,0,0,0,0,0,0,0,0,0,0,0,0,0,0,0,0,0,0,0,0,0,0,0,0,0,0,0,0,0,0,0,0,0,0,0,0,0,0,0,0,0,0,0,0,0,0,0,0,0,0,0,0,0,0,0,0,0,0,0,0,0,0,0,0,0,0,0,0,0,0,0,0,0,0,0,0,0,0,0,0,0,0,0,0,0,0,0,0,0,0,0,0,0,0,0,0,0,0,0,0,0,0,0,0,0,0,0,0,0,0,0,0
"Burundi",0,0,0,0,0,0,0,0,0,0,0,0,0,0,0,0,0,0,0,0,0,0,0,0,0,0,0,0,0,0,0,0,0,0,0,0,0,0,0,0,0,0,0,0,0,0,0,0,0,0,0,0,0,0,0,0,0,0,0,0,0,0,0,0,0,0,0,0,0,0,0,0,0,0,0,0,0,0,0,0,0,0,0,0,0,0,0,0,0,0,0,0,0,0,0,0,0,0,0,0,0,0,0,0,0,0,0,0,0,0,0,0,0,0,0,0,0,0,0,0,0,0,0,0,0,0,0,0,0,0,0,0,0,0,0,0,0,0,0,0,0,0,0,0,0,0,0,0,0,0,0,0,0,0,0,0,0,0,0,0,0,0,0,0,0,278608333.333333,0,0,0,0,0,0,0,0,44666666.6666667,0,0,0,0,0,0,0,0,0,0,0,752133.333333333,0,0,0,0,0,0,0,0
"Cameroon",0,0,0,0,0,0,0,0,0,0,0,0,0,0,0,0,0,0,0,0,0,0,0,0,0,0,0,54559466.6666667,0,0,0,0,0,0,277465000,0,0,0,0,0,0,0,0,0,0,0,0,0,0,0,0,0,0,0,0,0,0,0,0,0,0,0,0,0,0,0,0,0,0,0,0,0,0,0,0,0,0,0,0,0,0,0,0,0,0,0,0,0,0,0,0,0,0,0,0,0,0,0,0,0,0,0,0,0,0,0,0,0,0,0,0,0,0,0,0,0,268000,0,0,0,0,0,0,0,0,0,0,0,0,0,0,0,0,0,0,0,0,0,0,0,0,0,0,0,0,0,0,0,0,0,0,0,0,0,0,0,0,0,0,0,0,0,0,0,0,0,0,0,0,0,0,0,0,11166.6666666667,0,0,0,0,0,0,0,0,0,0,0,0,0,0,1866.66666666667,0,0,0,0,0,0
"Canada",0,0,0,677742073333.333,440880266.666667,7615666.66666667,2598573600,700362166.666667,0,572714133.333333,1088266.66666667,1270675211666.67,0,0,0,0,68786666.6666667,0,0,0,1622215166.66667,90048000,955866666.666667,0,0,0,0,0,45493000,0,1030712433.33333,1217173796700,101413700,0,0,0,57396666.6666667,68091086000,0,0,72689466.6666667,0,145166.666666667,8598333.33333333,0,0,208759057000,37411133.3333333,0,26051833.3333333,0,0,1275680000,135759521700,0,0,22333333.3333333,0,0,345902262333.333,0,0,0,73856768833.3333,0,0,3594900,70470000,167547466.666667,47863066.6666667,3716533.33333333,64901697800,0,200140166.666667,0,50473333.3333333,801911520666.667,2360119331666.67,1213260533.33333,217094583666.667,114768417500,1062235352366.67,0,61506000,2740669400,1068095981466.67,11650152666.6667,0,0,1266300000,0,56780367166.6667,1279678400,22333333.3333333,9938333.33333333,418780266.666667,0,0,0,344670333.333333,0,0,135072000,219704054066.667,0,0,0,22333333.3333333,727396666.666667,10876869700,0,45658691000,0,0,0,47703285333.3333,820082811133.333,0,0,0,0,6121388000,0,0,0,291987228333.333,189875766666.667,549983933.333333,4434294500,0,0,4353064200,25590114533.3333,14467195566.6667,182190531666.667,223333333.333333,0,0,2503930000,0,7177500000,0,1813611833.33333,0,0,0,0,11646629100,0,0,45560000,0,126797500,52315018166.6667,0,0,453723351833.333,178331666.666667,0,0,405729666.666667,143622769533.333,0,0,175673267666.667,0,141984244833.333,0,0,5274403566.66667,410646300,0,61851878400,13281327666.6667,0,0,419665030033.333,2563040333.33333,2318705015933.33,0,24566666.6666667,0,0,345808518166.667,0,0,0,88400,770911435833.333,0,0,0,0,0,0
"Cape Verde",0,0,0,0,0,0,0,0,0,0,0,0,0,0,0,0,0,0,0,0,0,0,0,0,0,0,0,0,0,0,0,0,0,0,0,0,0,0,0,0,0,0,0,0,0,0,0,0,0,0,0,0,0,0,0,0,0,0,0,0,0,0,0,0,0,0,0,0,0,0,0,0,0,0,0,0,0,0,0,0,0,0,0,0,0,0,0,0,0,0,0,0,0,0,0,0,0,0,0,0,0,0,0,0,0,0,0,0,0,0,0,0,0,0,0,0,0,0,0,0,0,0,0,0,0,0,0,0,0,0,0,0,0,0,0,0,0,0,0,0,0,0,0,0,0,0,0,0,0,0,0,0,0,0,0,0,0,0,0,0,0,0,0,0,0,0,0,0,0,0,0,0,0,0,0,0,0,0,0,0,0,0,0,0,0,0,0,0,26800000,0,0,0,0,0,0
"Central African Republic",0,0,0,0,0,0,0,0,0,0,0,0,0,0,0,0,0,0,0,0,0,0,0,0,0,0,0,0,0,0,0,0,0,0,0,0,0,0,0,0,0,0,0,0,0,0,0,0,0,0,0,0,0,0,0,0,0,0,0,0,0,0,0,0,0,0,0,0,0,0,0,0,0,0,0,0,0,0,0,0,0,0,0,0,0,0,0,0,0,0,0,0,0,0,0,0,0,0,0,0,0,0,0,0,0,0,0,0,0,0,0,0,0,0,0,0,0,0,0,0,0,0,0,0,0,0,0,0,0,0,0,0,0,0,0,0,0,0,0,0,0,0,0,0,0,0,0,0,0,0,0,0,0,0,0,0,0,0,0,0,0,0,0,0,0,0,0,0,0,0,0,0,0,0,0,0,0,0,98903166.6666667,0,0,0,0,0,0,0,0,0,0,0,0,0,0,0,0
"Sri Lanka",0,0,0,0,0,0,25224933.3333333,0,0,201000,0,0,0,0,0,0,0,0,0,0,0,0,0,0,0,1174400,0,0,0,0,0,0,0,0,0,0,0,0,18666.6666666667,0,0,14933.3333333333,0,0,0,0,0,0,0,0,0,7466.66666666667,0,0,0,0,0,0,0,0,0,0,0,0,0,0,0,0,0,0,0,94933.3333333333,0,0,0,0,0,0,0,0,0,3126833.33333333,0,0,0,1037500,11434666.6666667,0,0,0,0,8100000,0,0,0,18666.6666666667,0,0,0,0,0,0,0,128673500,6955433.33333333,0,0,0,0,0,0,0,0,0,0,0,20880000,0,0,0,0,1150166.66666667,0,0,0,11200,0,0,0,0,0,0,0,0,0,0,0,0,50770466.6666667,0,0,0,0,0,0,0,0,55833.3333333333,0,145600,0,0,0,134000,0,0,0,0,0,0,55833.3333333333,1027333.33333333,0,0,0,0,0,0,0,0,446666.666666667,0,0,10418500,0,0,6320333.33333333,0,992833.333333333,0,0,0,0,0,0,0,0,5600,0,0,0,0,0,0,0
"Chad",0,0,0,0,0,0,0,0,0,0,0,0,0,0,0,0,0,0,0,0,0,0,0,0,0,0,0,0,0,0,0,0,0,0,0,0,0,0,0,0,0,0,0,0,0,0,0,0,0,0,0,0,0,0,0,0,0,0,0,0,0,0,0,0,0,0,0,0,0,0,0,0,0,0,0,0,0,0,0,0,0,0,0,0,0,0,0,0,0,0,0,0,0,0,0,0,0,0,0,0,0,0,0,0,0,0,0,0,0,0,0,0,0,0,0,0,0,0,0,0,0,0,0,0,0,0,0,0,0,0,0,0,0,0,0,0,0,0,0,0,0,0,0,0,0,0,0,0,0,0,0,0,0,0,0,0,0,0,0,0,0,0,0,0,0,0,0,0,0,0,0,0,0,0,0,0,0,0,0,0,0,0,0,0,0,0,0,0,0,0,0,0,0,0,0
"Chile",0,0,0,0,0,0,0,7481666.66666667,0,0,0,0,0,0,0,0,0,0,0,0,0,0,0,0,0,304459166.666667,0,0,0,0,0,167500,2946666.66666667,0,0,0,0,1866.66666666667,0,0,0,0,0,0,0,0,0,0,0,0,0,0,0,27671000,0,0,0,0,0,13813166.6666667,0,0,0,0,0,0,0,0,0,33600,0,0,0,0,0,0,0,0,0,0,0,0,0,0,0,5293000,0,0,0,0,0,0,0,0,0,0,0,0,0,0,0,0,0,0,0,0,0,0,0,0,0,0,0,0,0,0,449614666.666667,0,0,0,0,0,0,0,0,0,0,0,0,0,0,0,0,0,0,0,0,0,0,0,0,0,0,0,0,0,0,0,0,0,0,0,0,0,0,0,413166.666666667,0,0,0,0,0,0,0,0,0,0,0,0,0,0,0,0,0,0,0,0,0,21431100166.6667,0,0,0,1841548800,0,0,0,0,0,245666.666666667,0,0,0,0,0,0
"China (mainland)",0,0,0,38897866.6666667,0,84917900,17943550266.6667,102121366.666667,10513333.3333333,266933.333333333,0,29831203666.6667,0,0,2695466.66666667,500266.666666667,735555500,0,9994133.33333333,130642933.333333,38468266.6666667,15463466.6666667,32965002400,0,0,11757009666.6667,0,0,819466.666666667,0,735543466.666667,0,377154400,44700,0,0,2190749600,91601066.6666667,140341066.666667,0,0,88382410933.3333,0,58275466.6666667,2014133.33333333,13656525866.6667,232829333.333333,25153333.3333333,0,35037333.3333333,0,601632266.666667,144306533.333333,26782601866.6667,27916000,1162570933.33333,66132633.3333333,201600,0,9318473433.33333,644000,665761600,277361933.333333,3631179000,0,0,229275200,99632266.6666667,1418466.66666667,227733.333333333,525281600,331112618866.667,21732666.6666667,0,0,6311569200,4009838800,0,4299466.66666667,183464533.333333,363115600,34369310433.3333,996800,702296000,41994400,1901853987433.33,36648533.3333333,344653066.666667,470943200,1819855600,574166992233.333,214555676533.333,11289100,139514666.666667,43706133.3333333,98367733.3333333,0,3557866.66666667,5583333.33333333,47473066.6666667,3363158233.33333,140833866.666667,810133.333333333,92671588500,909433.333333333,0,46978400,42933.3333333333,285572000,225364666.666667,17189769733.3333,342960800,447333.333333333,17417866.6666667,26133.3333333333,83806133.3333333,116297296600,0,5911733.33333333,0,51589066.6666667,1487976933.33333,0,140000,2314872400,4942484666.66667,77988266.6666667,451095533.333333,92726666.6666667,477943200,0,1062988466.66667,3350112066.66667,1184976600,479921866.666667,0,3072533.33333333,0,53736800,1728000,23333333.3333333,52968533.3333333,5776913033.33333,0,0,0,5742900,281364733.333333,878292800,38783733.3333333,0,2112890266.66667,0,26758809900,644000,274764000,16811805400,95440666.6666667,0,0,7710934933.33333,19954666.6666667,1540000,0,3925681433.33333,282552533.333333,1185412600,28000,43056533.3333333,80326400,9665600,1384933.33333333,470801600,776142966.666667,95157066.6666667,4519200,74650400633.3333,223380266.666667,31649549866.6667,0,38010900,51032800,187654623200,55274231833.3333,2295929700,0,1099466.66666667,0,1139062566.66667,0,10845600,837666.666666667,31467733.3333333,845666.666666667,0
"Colombia",0,0,0,0,0,0,0,0,0,0,0,0,0,0,0,0,47588666.6666667,0,0,0,0,0,0,0,0,201000,0,0,0,0,0,12988170000,0,0,0,0,1008349333.33333,1756533.33333333,0,0,0,0,0,1493989466.66667,0,550276728533.333,0,0,0,0,0,0,0,0,0,0,0,0,0,0,0,0,0,0,0,0,3549600000,0,0,996238533.333333,0,0,0,0,0,0,0,0,0,0,0,0,0,0,0,0,0,0,0,0,0,0,0,0,0,0,0,0,0,0,0,0,0,0,0,0,0,0,0,2505904266.66667,0,0,0,0,0,0,0,0,0,0,0,0,0,0,0,0,0,464481200,0,0,0,559866.666666667,0,0,0,0,0,0,0,0,0,0,0,0,0,0,0,0,0,0,0,0,0,0,0,0,3480000,0,0,0,0,0,0,0,0,0,0,0,0,0,0,0,0,0,0,0,0,0,1071400,0,0,0,47522219333.3333,0,0,0,0,0,0,0,0,0,0,0,0
"Comoros",0,0,0,0,0,0,0,0,0,0,0,0,0,0,0,0,0,0,0,0,0,0,0,0,0,0,0,0,0,0,0,0,0,0,0,0,0,0,0,0,0,0,0,0,0,0,0,0,0,0,0,0,0,0,0,0,0,0,0,0,0,0,0,0,0,0,0,0,0,0,0,0,0,0,0,0,0,0,0,0,0,0,0,0,0,0,0,0,0,0,0,0,0,0,0,0,0,0,0,0,0,0,0,0,0,0,0,0,0,0,0,0,0,0,0,0,0,0,0,0,0,0,0,0,0,0,0,0,0,0,0,0,0,0,0,0,0,0,0,0,0,0,0,0,0,0,0,0,0,0,0,0,0,0,0,0,0,0,0,0,0,0,0,0,0,0,0,0,0,0,0,0,0,0,0,0,0,0,0,0,0,0,0,0,0,0,0,0,0,0,0,0,0,0,0
"Congo",0,0,0,0,0,0,0,0,0,0,0,0,0,0,0,0,0,0,0,0,0,0,0,0,0,0,0,0,0,0,0,0,0,0,0,0,0,0,0,0,0,0,0,0,0,0,0,0,0,0,0,0,0,0,0,0,0,0,0,0,0,0,0,0,0,0,0,0,0,0,0,0,0,0,0,0,0,0,0,0,0,0,0,0,0,0,0,0,0,0,0,0,0,0,0,0,0,0,0,0,0,0,0,0,0,0,0,0,0,0,0,0,0,0,0,0,0,0,0,0,0,0,0,0,0,0,0,0,0,0,0,0,0,0,0,0,0,0,0,0,0,0,0,0,0,0,0,0,0,0,0,0,0,0,0,0,0,0,0,0,0,0,0,0,0,0,0,0,0,0,0,0,0,0,0,0,0,0,0,0,0,0,0,0,0,0,0,0,0,0,0,0,0,0,0
"Cook Islands",0,0,0,0,0,0,0,0,0,0,0,0,0,0,0,0,0,0,0,0,0,0,0,0,0,0,0,0,0,0,0,0,0,0,0,0,0,0,0,0,0,0,0,0,0,0,0,0,0,0,0,0,0,0,0,0,0,0,0,0,0,0,0,0,0,0,0,0,0,0,0,0,0,0,0,0,0,0,0,0,0,0,0,0,0,0,0,0,0,0,0,0,0,0,0,0,0,0,0,0,0,0,0,0,0,0,0,0,0,0,0,0,0,0,0,0,0,0,0,0,0,0,0,0,0,0,0,0,0,0,0,0,0,0,0,0,0,0,0,0,0,0,0,0,0,0,0,0,0,0,0,0,0,0,0,0,0,0,0,0,0,0,0,0,0,0,0,0,0,0,0,0,0,0,0,0,0,0,0,0,0,0,0,0,0,0,0,0,0,0,0,0,0,0,0
"Costa Rica",0,0,0,0,0,0,0,0,0,0,0,0,0,0,0,0,0,0,0,0,0,0,0,0,0,0,0,0,0,0,3182666.66666667,96120266.6666667,30114933.3333333,0,0,0,0,0,0,0,0,0,0,2032800,0,0,0,46125911866.6667,0,0,0,0,0,0,0,0,0,0,0,7073266.66666667,0,0,0,0,0,0,0,0,0,0,1792280533.33333,0,0,0,0,0,0,0,0,0,0,0,0,0,0,0,0,0,0,0,0,0,0,0,0,0,0,0,0,0,0,0,0,0,0,0,0,0,0,20950800,0,0,0,0,0,0,0,0,0,0,0,0,25432391866.6667,0,0,0,0,64429726133.3333,0,0,0,0,0,0,0,0,0,0,0,0,0,0,0,0,0,0,0,0,0,0,0,0,0,0,0,0,0,0,0,0,0,0,0,0,0,0,0,0,0,0,0,0,0,0,0,0,16800,0,41095100,0,0,0,0,0,0,0,0,0,0,0,0,0,0,0,0
"Cuba",0,0,0,0,0,0,0,0,0,0,0,0,0,0,0,0,0,0,0,0,0,0,0,0,0,0,0,0,0,0,0,0,0,0,0,0,0,0,0,0,0,0,0,0,0,0,0,0,0,0,0,0,0,0,0,0,0,0,0,0,0,0,0,0,0,0,0,0,0,0,88400,0,0,0,0,0,0,0,0,0,0,0,0,0,0,0,0,0,0,0,0,0,0,0,0,0,0,0,0,0,0,0,0,0,0,0,0,0,0,0,0,0,0,0,0,0,0,0,0,0,0,0,0,0,0,0,0,0,0,0,0,0,0,0,0,0,0,0,0,0,0,0,0,0,0,0,0,0,0,0,0,0,0,0,0,0,0,0,0,0,0,0,0,0,0,0,0,0,0,0,0,0,0,0,0,0,0,0,0,0,0,0,0,0,0,0,0,0,0,0,0,0,0,0,0
"Cyprus",0,0,0,0,0,0,0,0,0,0,0,0,0,0,0,0,0,0,0,0,0,0,0,0,0,0,0,0,0,0,0,0,0,0,0,0,0,0,0,0,0,0,0,0,0,0,0,0,0,0,0,0,0,0,0,0,0,0,0,0,0,0,0,5881866.66666667,0,0,0,0,0,0,0,0,0,0,0,0,0,0,0,0,0,0,0,0,0,0,0,0,0,0,0,0,0,0,0,0,0,0,0,0,0,0,0,0,0,0,9333.33333333333,0,0,0,0,0,0,0,0,0,0,0,0,0,0,0,0,0,0,0,0,0,0,0,0,0,0,0,0,0,0,0,0,0,0,0,0,0,0,0,0,0,0,0,0,0,0,0,0,0,0,0,0,0,0,0,0,0,0,0,0,0,0,0,0,0,0,0,0,0,0,0,0,0,0,0,0,0,0,0,0,0,0,0,0,0,0,0,0
"Azerbaijan",0,0,0,0,0,0,0,0,0,0,0,0,0,0,0,0,0,0,0,0,0,0,0,0,0,0,0,0,0,0,0,0,0,0,0,0,0,0,0,0,0,0,0,0,0,0,0,0,0,0,0,0,0,0,0,0,0,0,0,0,0,0,0,0,0,0,0,0,0,0,0,0,0,0,0,0,0,0,0,0,0,0,0,0,0,0,0,0,0,0,0,0,0,0,0,0,0,0,0,0,0,0,0,0,0,0,0,0,0,0,0,0,0,0,0,0,0,0,0,0,0,0,0,0,0,0,0,0,0,0,0,0,0,0,0,0,0,0,0,0,0,0,0,0,0,0,0,0,0,0,0,0,0,0,0,0,0,0,0,0,0,0,0,1996650000,0,0,0,0,0,0,0,0,0,0,0,0,0,0,0,0,0,0,0,0,0,0,0,0,0,0,0,0,0,0,0
"Benin",0,0,0,0,0,0,0,0,0,0,0,0,0,0,0,0,0,0,0,0,0,0,0,0,0,0,0,0,0,0,0,0,0,0,0,0,0,0,0,0,0,0,0,0,0,0,0,0,0,0,0,0,0,0,0,0,0,0,0,0,0,87870000,0,0,0,0,0,0,0,0,0,0,0,0,0,0,0,0,0,0,0,0,226200000,0,0,0,0,0,0,0,0,0,0,0,0,0,0,0,0,0,0,0,0,0,0,0,0,0,0,0,0,0,0,0,0,0,0,0,0,0,0,0,0,0,0,0,0,0,0,0,0,0,0,0,0,0,0,0,0,0,0,0,0,0,0,0,0,0,0,0,0,0,0,0,0,0,0,0,0,0,0,0,0,0,0,0,0,1257150000,0,0,0,0,0,0,0,0,0,0,0,0,0,0,0,0,0,0,0,0,0,0,0,0,0,0,0
"Denmark",0,0,0,0,0,0,0,145166.666666667,0,0,0,0,0,0,0,0,65357066.6666667,0,0,0,0,152522133.333333,0,0,0,0,0,0,0,0,0,438490333.333333,0,0,0,0,0,0,16800,44666.6666666667,0,0,0,0,34800000,0,0,0,0,10582495166.6667,15706333.3333333,0,625761833.333333,11629006733.3333,0,0,44666.6666666667,0,0,8257034133.33333,0,3733.33333333333,0,22653500,0,0,0,0,0,0,0,0,40979333.3333333,122833.333333333,8897936500,0,0,0,0,54133.3333333333,530400,486214000,0,0,0,0,0,0,0,0,0,35708500,0,1358778800,0,0,0,0,0,31369234266.6667,0,0,0,2.61e+08,0,0,281866.666666667,0,0,375840000,0,0,0,11310000,0,0,10505539733.3333,0,3733.33333333333,0,0,0,0,0,0,796490066.666667,0,0,357333.333333333,0,0,0,0,3096578366.66667,212800,0,0,0,0,0,1107633.33333333,0,0,0,0,0,0,0,0,0,0,0,32335166.6666667,0,0,0,2549566.66666667,0,0,0,20610218300,122750033.333333,0,0,0,0,73950000,0,0,0,0,0,19140000,0,0,0,454882133.333333,1707821166.66667,0,0,0,0,0,695130000,0,0,0,0,272200866.666667,23299172533.3333,471540000,0,0,0,0
"Dominica",0,0,0,0,0,0,0,0,0,0,0,0,0,0,0,0,0,0,0,0,0,0,0,0,0,0,0,0,0,0,0,0,0,0,0,0,0,0,0,0,0,0,0,0,0,0,0,0,0,0,0,0,0,0,0,0,0,0,0,0,0,0,0,0,0,0,0,0,0,0,0,0,0,0,0,0,0,0,0,0,0,0,0,0,0,0,0,0,0,0,0,0,0,0,0,0,0,0,0,0,0,0,0,0,0,0,0,0,0,0,0,0,0,0,0,0,0,0,0,0,0,0,0,0,0,0,0,0,0,0,0,0,0,0,0,0,0,0,0,0,0,0,0,0,0,0,0,0,0,0,0,0,0,0,0,0,0,0,0,0,0,0,0,0,0,0,0,0,0,0,0,0,0,0,0,0,0,0,0,0,0,0,0,0,0,0,0,0,0,0,0,0,0,0,0
"Dominican Republic",0,0,0,0,0,0,0,0,0,0,0,0,0,0,0,0,0,0,0,0,0,0,0,0,0,0,0,0,0,0,0,0,0,0,0,0,0,0,0,0,0,0,0,0,0,0,0,0,0,0,0,0,0,0,0,0,0,0,0,0,0,0,0,0,0,0,0,0,0,0,0,0,0,0,0,0,0,0,0,0,0,0,0,0,0,0,0,0,0,0,0,0,0,0,0,0,0,0,0,0,0,0,0,0,0,0,0,0,0,0,0,0,0,0,0,0,0,0,0,0,0,0,0,0,0,0,0,0,0,0,0,0,0,0,0,0,0,0,0,0,0,0,0,0,0,0,0,0,0,0,0,0,0,0,0,0,0,0,0,0,0,0,0,0,0,0,0,0,0,0,0,0,0,0,0,0,0,0,0,0,0,0,0,0,0,0,0,0,0,0,0,0,0,0,0
"Belarus",5600,0,0,0,0,0,0,0,0,0,0,0,0,0,0,0,0,0,0,0,0,0,0,0,0,0,0,0,0,0,0,25671713600,0,0,0,0,0,0,0,50400,0,13814320800,0,0,0,0,0,0,0,3639133333.33333,0,0,0,0,0,0,74666.6666666667,0,0,6685080000,0,0,0,0,0,0,0,0,0,0,0,0,0,0,0,0,0,0,0,0,366026400,0,0,3457362366.66667,0,0,0,74666.6666666667,0,0,0,0,0,3117573333.33333,0,0,0,0,0,42443481466.6667,0,0,0,0,0,0,0,0,0,0,72517466.6666667,0,0,0,0,0,0,0,0,0,0,0,0,0,0,0,0,0,547166.666666667,0,0,0,0,57097808933.3333,0,0,0,0,0,0,0,0,1127630662833.33,0,0,0,0,0,0,0,0,0,0,0,0,0,0,0,0,0,0,0,0,455100800,0,0,0,0,0,0,0,0,0,0,0,0,0,34538124300,26133.3333333333,0,0,570622000,0,0,0,0,0,0,0,0,0,0,0,0,0
"Ecuador",0,0,0,0,0,0,0,0,0,0,0,0,0,0,0,0,0,0,0,0,0,0,0,0,0,0,0,0,0,0,117866.666666667,0,2265603600,0,0,0,0,0,0,0,0,0,0,0,0,0,0,0,0,0,0,0,0,0,0,0,0,0,0,0,0,0,0,0,0,0,0,0,0,0,0,0,0,0,0,0,0,0,0,0,0,0,0,0,0,0,0,0,0,0,0,0,0,0,0,0,0,0,0,0,0,0,0,0,0,0,0,0,0,0,0,0,0,0,0,0,0,0,0,0,0,0,0,0,0,0,0,1181600,0,0,0,0,0,0,0,0,0,0,0,0,0,0,0,0,0,0,0,0,0,0,0,0,0,0,0,0,60649866.6666667,0,0,0,0,0,0,0,0,0,0,0,0,0,0,0,0,0,0,0,0,0,29348933.3333333,0,2663733.33333333,0,0,0,0,0,0,0,0,0,0,0,0,0,0
"Egypt",0,0,0,534086058466.667,0,0,0,0,0,2445733.33333333,0,196189066.666667,0,0,0,0,0,0,0,0,0,0,0,0,0,30087333.3333333,0,0,0,0,0,0,0,0,0,0,0,0,0,0,0,0,0,0,0,0,0,0,0,0,0,0,0,6.16e+08,0,2099853600,0,0,0,156878200,0,15410212133.3333,0,0,0,0,0,0,0,0,0,11623686533.3333,6141666.66666667,0,0,121534854133.333,0,0,0,0,354248266.666667,0,0,24427866.6666667,628612400,0,97850195766.6667,0,16981315866.6667,0,0,300412666.666667,1793559733.33333,0,0,32813532766.6667,0,0,15926779633.3333,0,0,23822768666.6667,0,35949333333.3333,0,0,0,1655908800,90309292666.6667,0,0,227783699466.667,0,0,0,0,0,0,0,0,0,11401390000,0,0,117866.666666667,0,57548400,0,0,0,0,0,0,74638000,0,0,0,48620294666.6667,0,0,0,5662226266.66667,0,0,0,0,142824933.333333,167488533.333333,0,0,0,0,0,0,0,0,27626502800,0,0,0,26991466.6666667,0,4045891200,0,0,0,0,0,0,0,165514266.666667,10006655333.3333,196925733.333333,15210899600,518048866.666667,0,20100000,0,21298971500,0,0,0,269325333.333333,0,3879227733.33333,2478441333.33333,0,0,0,0,0,0,30038333.3333333,0,26055869600
"El Salvador",0,0,0,0,0,0,0,0,0,0,0,0,0,0,0,0,0,0,0,0,0,0,0,0,0,0,0,0,0,0,0,0,0,0,0,0,962507333.333333,0,0,0,0,0,0,0,0,0,0,0,0,0,0,0,0,0,0,0,0,0,0,0,0,0,0,0,0,0,4670034533.33333,0,0,0,3478760800,0,0,0,0,0,0,0,0,0,0,0,0,0,0,0,0,0,0,0,0,0,0,0,0,0,0,0,0,0,0,0,0,0,0,0,0,0,0,0,0,0,0,0,0,0,44800,0,0,0,0,0,42200933.3333333,0,0,0,0,10048133.3333333,0,0,294933.333333333,0,0,0,0,0,0,0,0,0,0,0,0,0,0,0,0,0,0,0,0,0,0,0,0,0,0,0,0,0,0,0,0,0,0,0,0,0,0,0,0,0,0,0,0,0,0,0,8407466.66666667,0,0,0,0,0,0,0,0,0,0,0,0,0,0,0,0
"Equatorial Guinea",0,0,0,0,0,0,0,0,0,0,0,0,0,0,0,0,0,0,0,0,0,0,0,0,0,0,0,0,0,0,0,0,0,0,0,0,0,0,0,0,0,0,0,0,0,0,0,0,0,0,0,0,0,0,0,0,0,0,0,0,0,0,0,0,0,0,0,0,0,0,0,0,0,0,0,0,0,0,0,0,0,0,0,0,0,0,0,0,0,0,0,0,0,0,0,0,0,0,0,0,0,0,0,0,0,0,0,0,0,0,0,0,0,0,0,0,0,0,0,0,0,0,0,0,0,0,0,0,0,0,0,0,0,0,0,0,0,0,0,0,0,0,0,0,0,0,0,0,0,0,0,0,0,0,0,0,0,0,0,0,0,0,0,0,0,0,0,0,0,0,0,0,0,0,0,0,0,0,0,0,0,0,0,0,0,0,0,0,0,0,0,0,0,0,0
"Estonia",0,0,0,0,0,0,0,0,0,0,0,0,0,0,0,0,0,0,0,0,0,0,0,0,0,0,0,0,0,0,0,29466.6666666667,0,0,0,0,0,0,0,0,0,1866.66666666667,0,0,16800,0,0,0,55485733.3333333,0,0,0,256017000,5600,0,0,0,0,0,508954333.333333,0,0,0,0,0,0,0,0,0,0,0,0,0,0,0,0,0,0,0,0,0,0,0,0,0,0,0,0,0,0,0,0,0,550988566.666667,0,0,0,0,0,18054400,0,0,0,0,0,0,0,0,0,0,0,0,0,0,0,0,10902666.6666667,0,0,0,0,0,0,0,0,13524533.3333333,0,0,0,0,0,0,0,0,0,0,0,0,0,0,0,0,3145333.33333333,0,0,0,0,0,0,0,0,0,0,0,0,0,0,165101733.333333,0,0,909066.666666667,0,0,0,0,0,0,0,0,0,0,0,0,0,0,0,0,18666.6666666667,0,0,0,0,1150761733.33333,0,0,0,0,0,0,0,0,0,0,0,0
"Faroe Islands",0,0,0,0,0,0,0,0,0,0,0,0,0,0,0,0,0,0,0,0,0,0,0,0,0,0,0,0,0,0,0,0,0,0,0,0,0,0,0,0,0,0,0,0,0,0,0,0,0,0,0,0,0,0,0,0,0,0,0,0,0,0,0,0,0,0,0,0,0,0,0,0,0,0,24266.6666666667,0,0,0,0,0,0,0,0,0,0,0,0,0,0,0,0,0,0,0,0,0,0,0,0,0,0,0,0,0,0,0,0,0,0,0,0,0,0,0,0,0,0,0,0,0,0,0,0,0,0,0,0,0,0,0,0,0,0,0,0,0,0,0,0,0,0,0,0,0,0,0,0,0,0,0,0,0,0,0,0,0,0,0,0,0,0,0,0,0,0,0,0,0,0,0,0,0,0,0,0,0,0,0,0,0,0,0,0,0,0,0,0,0,0,0,0,0,0,0,0
"Fiji",0,0,0,0,0,0,24012800,0,0,0,0,0,0,0,0,0,0,0,0,500933.333333333,0,0,0,0,0,13083200,0,0,0,0,0,0,0,0,0,280306133.333333,0,0,0,0,0,0,0,0,0,0,0,0,0,0,0,0,0,0,0,0,0,0,0,0,0,0,74206000,0,0,0,0,0,0,0,0,0,0,0,0,0,3712800,0,0,0,0,0,0,0,0,0,0,0,0,0,0,0,0,0,0,0,0,0,0,0,0,0,0,0,0,0,0,0,0,0,0,0,0,0,0,0,0,0,3733.33333333333,0,51154133.3333333,74205600,0,0,0,0,0,0,0,5392400,0,0,0,0,0,0,0,0,0,0,0,0,0,0,0,0,0,0,0,0,0,0,0,0,0,0,0,0,0,0,0,0,0,0,0,0,0,0,214754266.666667,0,0,0,0,0,0,128460000,0,0,108614133.333333,0,0,0,0,0,0,0,0,0,0,0,0,0,0,0,0
"Finland",0,0,0,0,0,0,0,0,0,0,0,0,0,0,0,0,0,0,0,0,0,0,0,0,0,0,0,0,0,0,0,0,0,0,0,0,0,0,0,0,0,8702790800,0,0,0,0,0,0,0,2508931733.33333,0,0,0,3050133.33333333,0,0,0,0,0,10440000,0,0,0,0,0,0,0,0,0,0,0,0,0,0,0,7956000,0,0,0,0,0,0,0,0,0,0,0,0,0,0,0,0,0,1169031066.66667,0,0,0,0,0,5373836000,0,0,0,0,0,0,0,0,0,0,0,0,0,0,0,0,0,0,0,0,0,0,0,0,0,113866.666666667,0,0,0,0,0,0,0,429741866.666667,0,0,0,0,0,0,0,0,3684266.66666667,0,0,0,0,0,0,0,0,0,0,0,0,0,0,0,0,0,1407466.66666667,1866.66666666667,0,0,0,0,0,0,0,0,0,0,0,0,0,0,129122933.333333,0,3733.33333333333,0,0,0,0,0,0,0,0,0,0,0,0,0,0,0,0
"France",255733.333333333,0,0,42554328833.3333,0,18475600,22333.3333333333,1482375566.66667,0,0,0,23042933.3333333,0,0,0,0,198281200,0,0,0,0,33254666.6666667,0,0,729866.666666667,78497633.3333333,0,46666.6666666667,0,0,100500,294666.666666667,0,5600,57749333.3333333,0,0,0,11087733.3333333,0,149333.333333333,4086684666.66667,0,5600,11166.6666666667,0,14749127466.6667,0,70933.3333333333,87752833.3333333,0,0,88609000,0,375137866.666667,0,0,354666.666666667,0,50215067466.6667,0,0,0,62056066.6666667,0,0,0,12006133.3333333,0,28000,0,1479075600,321775900,146953333.333333,0,330807600,465219500,0,0,5066190000,121650333.333333,62834946733.3333,7006700,882166.666666667,0,53833900,0,0,0,0,0,877045866.666667,0,1456400,0,2117666.66666667,0,0,0,45579500,0,3726666.66666667,0,22922666.6666667,0,5600,39200,2582277600,108266.666666667,23690000,0,122898955266.667,0,1328833.33333333,0,0,102289664200,0,46230000,0,28000,3350000,0,203914000,17725700,0,0,27637500,1157467633.33333,0,0,0,0,10713915866.6667,11267442300,0,0,0,78166.6666666667,0,1038108800,0,1804305300,0,0,0,0,2367600,167920966.666667,0,1866.66666666667,9983500,155912433.333333,167500,0,10213933.3333333,300141989200,0,0,0,811583266.666667,60575666033.3333,0,0,6017278166.66667,0,15259985200,47690600,0,0,0,17736122533.3333,70373733.3333333,173600,270233333.333333,0,105161374200,440191666.666667,239932833.333333,15043866.6666667,0,0,0,4235900,0,0,13050000,0,215723320233.333,316270700,228985333.333333,0,452400000,0,0
"French Polynesia",0,0,0,0,0,0,0,0,0,0,0,0,0,0,0,0,0,0,0,0,0,0,0,0,0,0,0,0,0,0,3733.33333333333,0,0,0,0,0,0,0,0,0,0,0,0,0,0,0,0,0,0,0,0,0,0,0,0,0,0,0,0,0,0,0,0,0,0,0,0,0,0,0,0,0,0,0,0,0,0,0,0,0,0,0,0,0,0,0,0,0,0,0,0,0,0,0,0,0,0,0,0,0,0,0,0,0,0,0,0,0,0,0,0,0,0,0,0,0,0,0,0,0,0,0,0,0,0,0,0,0,0,0,0,0,0,0,0,0,0,0,0,0,0,0,0,0,0,0,0,0,0,0,0,0,0,0,0,0,0,0,0,0,0,0,0,0,0,0,0,0,0,0,0,0,0,0,0,0,0,0,0,0,0,0,0,0,0,0,0,0,0,0,0,0,0,0,0
"Djibouti",0,0,0,0,0,0,0,0,0,0,0,0,0,0,0,0,0,0,0,0,0,0,0,0,0,0,0,0,491333333.333333,0,0,0,0,0,0,0,0,0,0,0,0,0,0,0,0,0,0,0,0,0,0,0,0,0,0,0,0,0,0,0,0,0,0,0,0,0,0,0,0,0,0,0,0,0,0,27239275000,0,0,0,0,0,0,0,0,0,0,0,0,0,0,0,0,0,0,0,0,0,0,0,0,0,0,0,0,0,0,0,0,0,0,0,0,0,0,0,0,0,0,0,0,0,0,0,0,0,0,0,0,0,0,0,0,0,0,0,0,0,0,0,0,0,0,0,0,0,0,0,0,0,0,0,0,0,0,0,0,0,0,0,0,0,0,0,0,0,0,0,0,0,0,0,0,0,0,0,0,0,0,0,0,0,0,0,0,0,0,0,0,0,0,0,0,0,0,0
"Georgia",24401143200,0,0,0,0,0,0,0,0,0,0,0,0,0,0,0,0,0,0,0,0,0,0,0,0,0,0,0,0,0,0,11200,0,0,0,0,0,0,0,14589030000,0,0,0,0,5600,0,0,0,0,0,0,0,0,0,0,0,0,0,0,0,0,0,0,0,0,0,0,0,0,0,0,0,0,0,0,0,0,0,0,0,0,0,0,0,0,0,0,0,0,0,0,0,0,0,0,0,0,0,0,0,0,0,0,0,0,0,0,0,0,0,0,0,0,0,0,0,0,0,0,0,0,0,0,0,0,0,0,0,0,0,0,0,0,0,0,0,0,0,0,0,0,0,88384166.6666667,0,0,0,0,0,0,0,0,0,0,0,0,0,0,0,0,0,0,0,0,8751330000,0,0,0,0,0,0,0,0,118320000,0,0,0,0,0,0,0,0,0,0,0,0,0,0,0,0,0,0,0,0,0,0
"Gabon",0,0,0,0,0,0,0,0,0,0,0,0,0,0,0,0,0,0,0,0,0,0,0,0,0,0,0,0,0,0,0,0,0,0,0,0,0,0,0,0,0,0,0,0,0,0,0,0,0,0,0,56841200,0,0,0,0,0,0,0,0,0,0,0,0,0,0,0,0,0,0,0,0,0,0,0,0,0,0,0,0,0,0,0,0,0,0,0,0,0,0,0,0,0,0,0,0,0,0,0,0,0,0,0,0,0,0,0,145968933.333333,0,0,0,0,0,0,0,0,0,0,0,0,0,0,0,0,0,0,0,0,0,0,0,0,0,0,0,0,0,0,0,0,0,0,0,0,0,0,0,0,0,0,0,0,0,0,0,0,0,0,0,0,0,0,0,0,0,0,0,0,0,0,0,0,0,0,0,0,0,0,0,0,0,0,0,0,0,0,0,0,29466.6666666667,0,0,0,0,0,0
"Gambia",0,0,0,0,0,0,0,0,0,0,0,0,0,0,0,0,0,0,0,0,0,0,0,0,0,0,0,0,0,0,0,0,0,0,0,0,0,0,0,0,0,0,0,0,0,0,0,0,0,0,0,0,0,0,0,0,0,0,0,0,0,0,0,0,0,0,0,0,0,0,0,0,0,0,0,0,0,0,0,0,0,0,0,0,0,0,0,0,0,0,0,0,0,0,0,0,0,0,0,0,0,0,0,0,0,0,0,0,0,0,0,0,0,0,0,0,0,0,0,0,0,0,0,0,0,0,0,0,0,0,0,0,0,0,0,0,0,0,0,0,0,0,0,0,0,0,0,0,0,0,0,0,0,0,0,0,0,0,0,0,0,0,0,0,0,0,0,0,0,0,0,0,0,0,0,0,0,0,0,0,0,0,0,0,0,0,0,0,0,0,0,0,0,0,0
"Germany",0,6423733.33333333,549500,264220174400,7219333.33333333,63199066.6666667,4460910533.33333,555862291100,0,491333.333333333,1848342133.33333,63736400,0,0,0,0,717030800,0,0,0,0,48765400,0,0,3112681866.66667,10958933.3333333,0,0,0,0,116141200,115720766.666667,5657600,0,0,0,8172000,0,281801600,26133.3333333333,0,1787143151633.33,0,205943066.666667,125870933.333333,0,39367466.6666667,0,0,150845400,0,0,192861499633.333,271885542133.333,4714666.66666667,0,17271666.6666667,0,567466.666666667,0,0,5362933.33333333,0,215366866.666667,0,0,194244266.666667,0,0,0,3425912533.33333,1480644800,352349972400,6780578866.66667,14738268700,63366078400,42621200,34711733.3333333,3771733.33333333,38865156600,10416437200,24175524666.6667,2744112800,149333.333333333,1294087600,110323200,1367990000,0,0,0,0,47363528766.6667,773862266.666667,5848427233.33333,0,1160244533.33333,0,0,449072000,34652878166.6667,0,0,0,4604571466.66667,7007200,0,18725633.3333333,0,16787985066.6667,2094667466.66667,0,81042644800,0,8145400,0,0,440720953733.333,0,0,21541466.6666667,0,1931716800,0,0,173941733.333333,17474401666.6667,0,577664533.333333,794843064166.667,0,0,21332400,4420000,513823238266.667,24488991366.6667,0,0,0,0,0,565838333.333333,3717691466.66667,228561333.333333,0,5304000,0,0,0,72048445733.3333,0,0,12931300,41858180933.3333,604475600,0,236782100,338690406666.667,64590933.3333333,0,0,18191850600,153092550566.667,0,0,9856000,2769866.66666667,228432400,0,0,2450389066.66667,1546610666.66667,25672774400,8837435466.66667,108611633.333333,0,0,129938364500,103676033.333333,190907233.333333,0,41518533.3333333,0,0,7552833.33333333,0,128297866.666667,0,0,81557042433.3333,83830555833.3333,36213533.3333333,705600,0,0,0
"Bosnia and Herzegovina",0,0,0,0,0,0,0,4583493133.33333,0,0,0,0,0,0,0,0,0,0,0,0,0,723053066.666667,0,0,0,78390000,0,0,0,0,0,0,0,0,0,0,0,0,0,0,0,0,0,0,0,0,0,0,0,0,0,0,0,0,0,0,0,0,0,1659444800,0,0,0,0,0,0,0,0,0,0,0,0,1527253833.33333,10030879533.3333,0,0,0,0,0,0,0,6755165866.66667,0,0,0,0,0,0,0,0,0,0,0,0,0,0,0,0,0,0,0,0,0,932914666.666667,0,0,0,0,0,0,0,0,0,0,0,0,0,0,0,0,0,0,0,0,0,0,0,0,0,0,0,0,10276323200,1284452000,0,0,0,0,0,0,654572533.333333,0,0,0,0,0,0,0,0,0,0,2943985200,0,0,0,0,0,0,0,0,0,949416000,0,0,0,0,0,0,0,0,0,0,4516012166.66667,0,0,0,0,0,0,0,0,0,0,0,0,0,0,0,0,0,27675839500,6876851000,0,0,0
"Ghana",0,0,0,0,0,0,0,0,0,0,0,0,0,0,0,0,0,0,0,0,0,0,0,0,0,1012733.33333333,0,0,0,0,0,0,0,0,0,0,0,0,0,0,0,0,0,0,0,0,0,0,0,0,0,0,0,459700,0,0,0,0,0,0,0,0,0,0,0,0,0,0,0,0,0,0,0,0,0,31040016833.3333,0,0,0,0,0,125967733.333333,0,0,0,0,0,0,0,0,0,0,0,0,0,0,0,0,0,0,0,0,0,0,0,43500000,0,0,0,0,0,0,294666.666666667,0,0,0,45269666.6666667,0,0,0,0,0,0,0,0,0,0,0,0,0,0,0,0,589333.333333333,0,0,0,0,0,0,0,0,0,0,0,0,0,0,0,0,0,0,0,0,0,0,0,0,0,0,111666.666666667,0,0,0,0,0,0,1483713333.33333,0,0,0,0,29502311000,1601400500,0,0,0,0,7765354800,768490000,0,0,0,1606157500,0,0,0,0,129033.333333333,0,0,0,0,0,0
"Kiribati",0,0,0,0,0,0,0,0,0,0,0,0,0,0,0,0,0,0,0,0,0,0,0,0,0,0,0,0,0,0,0,0,0,0,0,0,0,0,0,0,0,0,0,0,0,0,0,0,0,0,0,0,0,0,0,0,0,0,0,0,0,0,0,0,0,0,0,0,0,0,0,0,0,0,0,0,0,0,0,0,0,0,0,0,0,0,0,0,0,0,0,0,0,0,0,0,0,0,0,0,0,0,0,0,0,0,0,0,0,0,0,0,0,0,0,0,0,0,0,0,0,0,0,0,0,0,0,0,0,0,0,0,0,0,0,0,0,0,0,0,0,0,0,0,0,0,0,0,0,0,0,0,0,0,0,0,0,0,0,0,0,0,0,0,0,0,0,0,0,0,0,0,0,11200,0,0,0,0,0,0,0,0,0,0,0,0,0,0,0,0,0,0,0,0,0
"Greece",0,0,20453696800,34213452000,0,0,0,85866.6666666667,0,0,0,0,0,0,0,0,0,0,0,0,0,90257023033.3333,0,0,0,0,0,0,0,0,0,0,0,0,0,0,0,0,28859176566.6667,0,0,84000,0,0,0,0,13048282000,0,0,0,0,0,21750000,735466.666666667,0,0,0,0,0,2184000,0,0,0,0,0,0,0,0,0,0,0,0,0,1139000,0,0,0,0,0,0,4976419066.66667,332865066.666667,0,0,0,56000,64502533.3333333,0,0,0,0,0,0,0,0,8838261466.66667,0,13066.6666666667,0,0,0,0,0,0,0,0,18666.6666666667,0,0,0,0,0,0,0,0,0,0,0,0,79997370000,0,0,0,0,0,12876933.3333333,0,11200,0,0,0,0,0,168000,0,0,0,0,0,0,26287466.6666667,0,0,0,0,0,0,0,0,0,0,0,0,0,0,0,0,0,0,0,212778800,0,0,0,0,0,0,0,0,0,0,0,9193600,0,0,0,48400,0,0,0,0,0,0,0,0,0,0,0,104370933.333333,0,12363810133.3333,0,0,0,0
"Greenland",0,0,0,0,0,0,0,0,0,0,0,0,0,0,0,0,0,0,0,0,0,0,0,0,0,0,0,0,0,0,0,0,0,0,0,0,0,0,0,0,0,0,0,0,0,0,0,0,0,0,0,0,0,0,0,0,0,0,0,0,0,0,0,0,0,0,0,0,0,0,0,0,0,0,0,0,0,0,0,0,0,0,0,0,0,0,0,0,0,0,0,0,0,0,0,0,0,0,0,0,0,0,0,0,0,0,0,0,0,0,0,0,0,0,0,0,0,0,0,0,0,0,0,0,0,0,0,0,0,0,0,0,0,0,0,0,0,0,0,0,0,0,0,0,0,0,0,0,0,0,0,0,0,0,0,0,0,0,0,0,0,0,0,0,0,0,0,0,0,0,0,0,0,0,0,0,0,0,0,0,0,0,0,0,0,0,0,0,0,0,0,0,0,0,0
"Grenada",0,0,0,0,0,0,0,0,0,0,0,0,0,0,0,0,0,0,0,0,0,0,0,0,0,0,0,0,0,0,0,0,0,0,0,0,0,0,0,0,0,0,0,0,0,0,0,0,0,0,0,0,0,0,0,0,0,0,0,0,0,0,0,0,0,0,0,0,0,0,0,0,0,0,0,0,0,0,0,0,0,0,0,0,0,0,0,0,0,0,0,0,0,0,0,0,0,0,0,0,0,0,0,0,0,0,0,0,0,0,0,0,0,0,0,0,0,0,0,0,0,0,0,0,0,0,0,0,0,0,0,0,0,0,0,0,0,0,0,0,0,0,0,0,0,0,0,0,0,0,0,0,0,0,0,0,0,0,0,0,0,0,0,0,0,0,0,0,0,0,0,0,0,0,0,0,0,0,0,0,0,0,0,0,0,0,0,0,0,0,0,0,0,0,0
"Guatemala",0,0,0,0,0,0,0,0,0,0,0,0,0,0,0,0,0,0,57866.6666666667,0,0,0,0,0,0,0,0,0,0,0,0,0,0,0,0,0,9141158933.33333,0,0,0,0,0,0,9732509200,0,0,0,13740131333.3333,0,0,0,0,0,0,0,0,0,0,0,0,0,0,0,0,0,0,0,0,0,0,1254755533.33333,0,0,0,0,0,0,0,0,0,0,0,0,0,0,0,0,0,0,0,0,0,0,0,0,0,0,0,0,0,0,0,0,0,0,0,0,0,0,75120375200,0,0,0,0,0,0,0,0,0,0,0,0,22648183733.3333,0,0,0,0,17574244133.3333,0,0,0,10036494000,0,0,0,0,0,0,0,0,0,0,0,0,0,0,0,0,0,0,0,0,0,0,0,0,0,0,0,0,0,0,0,0,0,0,0,0,0,0,0,0,0,0,0,0,0,0,1220638833.33333,0,0,0,0,0,0,0,0,0,0,0,0,0,0,0,0
"Guinea",0,0,0,0,0,0,0,0,0,0,0,0,0,0,0,0,0,0,0,0,0,0,0,0,0,0,0,0,0,0,0,0,0,0,0,0,0,0,0,0,0,0,0,0,0,0,0,0,0,0,0,0,0,0,0,0,0,0,0,0,0,0,0,0,0,0,0,0,0,0,0,0,0,0,0,0,0,0,0,0,0,0,0,0,0,0,0,0,0,0,0,0,0,0,0,0,0,0,0,0,0,0,0,0,0,0,0,0,0,0,0,0,0,0,0,0,0,0,0,0,0,0,0,0,0,0,0,0,0,0,0,0,0,0,0,0,0,0,0,0,0,0,0,0,0,0,0,0,0,0,0,0,0,0,0,0,0,0,0,0,0,0,0,0,0,0,0,0,0,0,0,0,0,0,0,0,0,0,0,0,0,0,0,0,0,0,0,0,29466.6666666667,0,0,0,0,0,0
"Guyana",0,0,0,0,24266.6666666667,0,0,0,0,0,0,0,0,0,0,0,0,0,0,0,0,0,0,0,0,0,0,0,0,0,0,0,0,0,0,0,0,0,0,0,0,0,0,0,0,0,0,0,0,0,0,0,0,0,0,0,0,0,0,0,0,0,0,0,0,0,0,0,0,0,0,0,0,0,0,0,0,0,0,0,0,0,0,0,0,0,0,0,0,0,0,0,0,0,0,0,0,0,0,0,0,0,0,0,0,0,0,0,0,0,0,0,0,0,0,0,0,0,0,0,0,0,0,0,0,0,0,0,0,0,0,0,0,0,0,0,0,0,0,0,0,0,0,3733.33333333333,0,33600,0,0,0,0,0,0,0,0,0,0,0,297800,0,0,0,0,0,0,0,0,0,0,0,1031333.33333333,0,0,0,0,0,0,29866.6666666667,0,6912166.66666667,0,0,0,0,0,0,0,0,0,0,0,0,0,0,0,0
"Haiti",0,0,0,0,0,0,0,0,0,0,0,0,0,0,0,0,0,0,0,0,0,0,0,0,0,0,0,0,0,0,0,0,0,0,0,0,0,0,0,0,0,0,0,0,0,0,0,0,0,0,0,0,0,0,0,0,0,0,0,0,0,0,0,0,0,0,0,0,0,0,0,0,0,0,0,0,0,0,0,0,0,0,0,0,0,0,0,0,0,0,0,0,0,0,0,0,0,0,0,0,0,0,0,0,0,0,0,0,0,0,0,0,0,0,0,0,0,0,0,0,0,0,0,0,0,0,0,0,0,0,0,0,0,0,0,0,0,0,0,0,0,0,0,0,0,0,0,0,0,0,0,0,0,0,0,0,0,0,0,0,0,0,0,0,0,0,0,0,0,0,0,0,0,0,0,0,0,0,0,0,0,0,0,0,0,0,0,0,0,0,0,0,0,0,0
"Honduras",0,0,0,0,0,0,0,0,0,0,0,0,0,0,0,0,0,0,0,0,0,0,0,0,0,0,0,0,0,0,0,0,0,0,0,0,0,0,0,0,0,0,0,0,0,0,0,204027466.666667,0,0,0,0,0,0,0,0,0,0,0,0,0,0,0,0,0,0,0,0,0,0,0,0,0,0,0,0,0,0,0,0,0,0,0,0,0,0,0,0,0,0,0,0,0,0,0,0,0,0,0,0,0,0,0,0,0,0,0,0,0,0,0,0,0,0,0,0,0,0,0,0,0,0,2305292933.33333,0,0,0,0,0,0,0,0,0,0,0,0,0,0,0,0,0,0,0,0,0,0,0,0,0,0,0,0,0,0,0,0,0,9333.33333333333,0,0,0,0,0,0,0,0,0,0,0,0,0,0,0,0,0,0,0,0,0,21508833.3333333,0,0,0,0,0,0,0,0,0,0,0,0,0,0,0,0
"Hong Kong SAR, China",0,0,0,0,0,1624000,407288000,0,347200,36062133.3333333,0,0,0,0,2329600,0,1855466.66666667,0,0,289333.333333333,0,0,0,0,0,298829733.333333,0,0,0,0,5529066.66666667,4079490833.33333,3304000,0,0,0,2516266.66666667,0,4114133.33333333,0,0,4058133.33333333,0,920266.666666667,0,3438400,0,2044000,0,0,0,3572800,0,32956000,0,0,0,0,0,19545866.6666667,0,2266133.33333333,0,0,0,0,15062133.3333333,0,1879733.33333333,0,3567200,0,0,0,0,0,4466933.33333333,0,0,23023466.6666667,38300266.6666667,9738400,0,0,18517333.3333333,0,0,0,0,324800,0,562254933.333333,4901866.66666667,0,0,306133.333333333,0,0,0,0,53264315866.6667,15668800,0,4351200,0,0,873600,0,459200,1579200,0,0,0,0,0,0,147347200,0,0,0,1616533.33333333,25683466.6666667,0,0,0,12064266.6666667,2337066.66666667,12452533.3333333,7e+06,0,0,2488266.66666667,55805866.6666667,2611466.66666667,4121600,0,0,0,378933.333333333,0,0,0,0,0,0,0,0,0,0,617866.666666667,0,0,0,42153066.6666667,0,26428266.6666667,9141066.66666667,1764000,0,0,15226400,722400,0,0,390421000,0,0,0,1894666.66666667,156286666.666667,2376266.66666667,0,346505600,29312266.6666667,0,0,986594933.333333,5404000,6617219466.66667,0,0,0,0,0,0,0,0,0,4429600,0,0,0,0,0,0
"Hungary",0,0,0,0,0,0,0,247279983400,0,0,0,0,0,0,0,0,1866.66666666667,0,0,0,0,1876166.66666667,0,0,0,0,0,0,0,0,0,0,0,0,0,0,0,0,0,0,0,3350000,0,0,0,0,0,0,0,0,0,0,0,4757826166.66667,0,0,0,0,0,209788115533.333,131523066.666667,0,0,103530000,0,0,0,0,0,0,0,0,0,6096232900,0,0,589333.333333333,0,0,0,0,18337861466.6667,0,0,0,0,0,0,11166.6666666667,0,0,8014933.33333333,0,0,11166666.6666667,0,0,0,0,1446754400,0,0,0,0,0,0,0,0,0,0,0,0,0,42933.3333333333,0,0,2634360000,0,0,52266.6666666667,0,0,0,0,0,0,0,0,44934014400,0,0,0,0,46414727333.3333,0,0,0,0,0,0,79930515033.3333,0,160950000,0,0,0,0,0,0,0,0,4590881200,22350639400,0,0,0,13967200,0,0,0,661762000,2480986133.33333,0,0,0,0,0,0,0,0,0,0,0,0,0,0,950911866.666667,2233333.33333333,0,0,0,0,0,0,0,0,0,0,62790755066.6667,53010533.3333333,7450132366.66667,0,0,0,0
"Croatia",0,0,0,0,0,0,0,132782437966.667,0,0,0,0,0,0,0,0,0,0,0,0,0,2160433.33333333,0,0,0,0,0,0,0,0,0,0,0,0,0,0,0,0,0,0,0,0,0,0,0,0,0,0,0,0,0,0,0,1016166.66666667,0,0,0,0,0,86723925033.3333,25894048000,0,0,7001500000,0,0,0,0,0,0,0,0,46578563466.6667,0,0,0,22958666.6666667,0,69936833.3333333,0,0,202744505133.333,0,0,0,0,0,0,0,0,0,0,0,0,0,0,0,0,0,0,0,0,0,0,0,0,441960000,0,0,0,0,0,0,10865166.6666667,0,0,2664163800,0,0,0,0,0,0,0,0,0,0,0,4689564533.33333,0,0,0,0,20836527066.6667,0,0,0,0,0,0,236431833.333333,0,180225276500,0,0,0,0,0,0,0,0,24111687766.6667,6696722500,0,0,0,41760000,0,0,0,1866.66666666667,29466.6666666667,0,0,0,0,0,0,0,0,0,0,1116666.66666667,0,0,0,29466.6666666667,558333.333333333,0,0,0,0,0,0,0,0,0,0,0,13753860500,50399912966.6667,1526433.33333333,0,0,0
"Iceland",0,0,0,0,0,0,0,0,0,0,0,0,0,0,0,0,0,0,0,0,0,0,0,0,0,0,0,0,0,0,0,0,0,0,0,0,0,0,0,0,0,0,0,0,0,0,0,0,0,0,0,0,0,0,0,0,0,0,0,0,0,0,0,0,0,0,0,0,0,0,0,0,0,0,0,0,0,0,0,0,0,0,0,0,0,0,0,0,0,0,0,0,0,0,0,0,0,0,0,0,0,0,0,0,0,0,0,0,0,0,0,0,0,0,0,0,0,0,0,0,0,0,0,0,0,0,0,0,0,0,0,0,0,0,0,0,0,0,0,0,0,0,0,0,0,0,0,0,0,0,0,0,0,0,0,0,0,0,0,0,0,0,0,0,0,0,0,0,0,0,0,0,0,0,0,0,0,0,0,0,0,0,0,0,0,0,0,0,0,0,0,0,0,0,0
"India",0,427170000,0,83470833.3333333,29466.6666666667,0,6756306766.66667,0,0,2187992766.66667,0,202823805200,0,79636298033.3333,0,282900,0,0,58933.3333333333,0,1775190833.33333,572460000,57566836266.6667,18666.6666666667,13083600,190145013133.333,0,0,61691960733.3333,147333.333333333,54000,40288996666.6667,0,0,84606400,0,0,0,26133.3333333333,0,105600,19206142400,0,0,0,7337815733.33333,98940333.3333333,0,7466.66666666667,1922666.66666667,0,17734133.3333333,1950540000,350614046566.667,0,0,1150000,86867700,72766.6666666667,156658548266.667,0,1821280933.33333,0,1557300000,0,0,0,12027400,5600,0,0,7626466.66666667,11200,0,0,0,160670856533.333,439781520000,23902166.6666667,113533.333333333,4265927333.33333,5152967466.66667,612466.666666667,1740000,1866.66666666667,143984966333.333,237003333.333333,870000,23081702066.6667,302760000,0,138623190000,27985902800,0,0,130666.666666667,0,1092833.33333333,466666.666666667,0,0,36340004533.3333,517066.666666667,20159563300,2373733.33333333,0,0,176833.333333333,258844800,1549470000,33500,0,327900,0,0,324314211333.333,156043135466.667,0,7398218533.33333,0,0,2850248300,0,134000,25552100,3538349666.66667,138133.333333333,100800,1160666.66666667,4334533.33333333,0,148770000,765186266.666667,427755466.666667,20505200,9333.33333333333,0,0,7380033700,22333.3333333333,2610000,2009800633.33333,203650100,0,0,0,0,9624574566.66667,113566.666666667,2379674366.66667,403866.666666667,0,0,4019899366.66667,2019733.33333333,65945433.3333333,47741341233.3333,18328933.3333333,0,0,8764620800,62415166.6666667,0,0,18136595966.6667,7798179533.33333,16728454033.3333,1075833.33333333,0,320700,7087657933.33333,0,15707569333.3333,4268400633.33333,220513200,0,85349581466.6667,24363733.3333333,874093599700,0,0,0,0,122954885800,29466.6666666667,0,2219633.33333333,498333.333333333,129867881733.333,0,0,0,1130191600,436800,0
"Indonesia",0,0,0,0,0,0,1339032800,0,0,2157866.66666667,0,440533.333333333,0,0,0,0,0,0,0,3615733.33333333,265706933.333333,0,473916800,0,0,106401866.666667,0,0,87733.3333333333,0,130666.666666667,57459733.3333333,0,0,0,0,0,0,0,0,0,0,0,0,0,0,2852266.66666667,0,0,0,0,0,0,1866.66666666667,0,0,0,0,16800,10979600,0,0,63466.6666666667,0,0,0,0,0,0,0,0,226440400,0,0,0,372399066.666667,0,0,0,0,0,496533.333333333,0,0,0,86261966.6666667,1448533.33333333,0,0,5013866.66666667,0,70206533.3333333,139398933.333333,0,0,0,0,0,0,0,0,0,0,5022892833.33333,22400,0,201600,0,186666.666666667,0,0,0,0,0,0,0,1066067200,0,153066.666666667,0,0,131189733.333333,0,0,7738500,29993600,220266.666666667,0,0,1092000,0,42933.3333333333,8101401466.66667,65333.3333333333,0,0,7170032366.66667,0,30331466.6666667,0,78400,0,0,0,0,0,0,1589866333.33333,52266.6666666667,0,0,0,0,229529366.666667,0,0,2236266.66666667,216533.333333333,0,0,369600,67200,0,0,763646600,0,1644533.33333333,0,1597866.66666667,0,13404533.3333333,0,530133.333333333,145665333.333333,0,0,10486933.3333333,0,588410666.666667,0,0,0,0,81811200,0,9368800,0,0,2210133.33333333,0,0,0,0,0,0
"Iran (Islamic Republic of)",0,0,0,0,0,0,5147433.33333333,5877533.33333333,0,189833.333333333,0,0,0,0,0,0,0,0,0,0,0,0,0,0,0,4405333.33333333,0,0,0,0,0,0,0,0,0,0,0,0,0,289333.333333333,0,104533.333333333,0,0,0,0,0,0,0,0,0,0,0,33500,0,0,0,0,0,75185166.6666667,0,0,0,0,0,0,0,0,0,0,0,0,0,0,0,0,0,0,0,0,0,0,0,0,0,0,0,22333333.3333333,0,0,0,0,20533.3333333333,0,0,1764000,0,0,0,0,0,0,0,0,0,0,0,0,0,0,0,0,0,0,0,0,9212500,0,0,1686166.66666667,0,0,0,0,0,4786833.33333333,0,0,0,0,0,0,0,0,0,0,0,0,0,0,0,0,0,0,0,0,0,0,334133.333333333,0,0,0,0,0,0,0,0,0,3733.33333333333,0,7551266.66666667,1384666.66666667,0,0,0,168000,0,0,0,0,351766.666666667,0,1786666.66666667,1998833.33333333,0,0,6700000,0,1574500,0,0,0,0,0,0,0,0,0,0,0,0,0,0,0,0
"Iraq",0,0,0,0,0,0,0,0,0,0,0,0,0,0,0,0,0,0,0,0,0,0,0,0,0,0,0,0,0,0,0,0,0,0,0,0,0,0,0,0,0,0,0,0,0,0,0,0,0,0,0,0,0,0,0,0,0,0,0,0,0,0,0,0,0,0,0,0,0,0,0,0,0,0,0,0,0,0,0,0,0,0,0,0,0,0,0,0,0,0,0,0,0,0,0,0,0,0,0,0,0,0,0,0,0,0,0,0,0,0,0,0,0,0,0,0,0,0,0,0,0,0,0,0,0,0,0,0,0,0,0,0,0,0,0,0,0,0,0,0,0,0,0,0,0,0,0,0,0,0,0,0,0,0,0,0,0,0,0,0,0,0,0,0,0,0,0,0,0,0,0,0,0,0,0,0,0,0,0,0,0,0,0,0,0,0,0,0,0,0,0,0,0,0,0
"Ireland",0,0,0,0,0,0,1866.66666666667,0,0,0,0,0,0,0,0,0,0,0,0,0,0,0,0,0,0,0,0,0,0,0,0,0,0,0,0,0,0,0,461566.666666667,0,0,893333.333333333,0,0,0,0,0,0,0,0,0,0,0,0,0,0,0,0,0,0,0,0,0,0,0,0,0,0,0,0,0,0,0,0,0,0,0,0,0,0,0,0,0,0,0,0,0,0,0,0,0,0,0,0,0,0,0,0,0,0,0,0,0,0,0,0,184800,0,0,0,0,0,0,0,0,0,23836200,0,0,0,0,0,0,0,0,0,0,0,0,0,0,0,0,35670000,18666.6666666667,0,0,0,0,0,0,0,0,0,0,0,0,0,0,0,0,0,870000,68730000,0,0,157018933.333333,0,0,0,0,0,0,0,0,0,0,0,0,0,0,0,0,13943633.3333333,0,0,132838412600,0,574933.333333333,0,0,0,0,0,0,0,0,0,0,0,0,0,0,0,0
"Israel",0,0,0,0,0,0,0,184800,0,0,0,0,0,0,0,0,0,0,0,0,0,0,0,0,0,95200,0,0,0,0,0,48533.3333333333,0,0,0,0,0,0,0,0,0,0,0,0,0,0,0,0,0,0,0,0,0,4481866.66666667,0,0,0,0,0,0,0,0,0,0,0,0,0,0,0,0,0,0,196000,0,0,98933.3333333333,0,0,0,0,0,0,0,0,0,0,0,0,0,0,0,0,0,0,0,0,0,0,0,0,0,0,0,0,0,0,0,0,0,0,0,0,0,0,0,0,190400,0,0,0,0,0,0,0,0,0,0,0,0,0,0,0,0,0,0,0,0,0,0,0,0,0,0,0,0,0,0,0,0,0,0,0,0,0,0,2408000,0,0,0,0,0,192266.666666667,0,0,0,0,692533.333333333,0,0,0,0,0,0,0,0,0,2191466.66666667,48533.3333333333,20871200,0,0,0,0,0,0,0,0,0,322933.333333333,0,0,0,0,0,0
"Italy",0,0,2731200,320047533333.333,0,0,387124666.666667,111854419566.667,0,1473333.33333333,0,0,0,0,0,0,87733.3333333333,0,0,0,0,389572766.666667,0,0,16913866.6666667,44990433.3333333,128800,0,713682666.666667,0,1650133.33333333,226012000,0,0,395796266.666667,0,0,0,2669192200,11403600,0,8145135333.33333,0,0,0,0,76884268566.6667,0,0,72654100,0,0,11445500,37569161200,0,0,3070833.33333333,0,0,122670745033.333,0,4172400,0,23559427600,0,0,0,41872133.3333333,0,0,115733.333333333,24699200,29898404833.3333,19204125333.3333,0,1.8564e+10,0,0,7425600,159547833.333333,0,0,0,0,0,8779200,1296533.33333333,0,0,0,0,209404533.333333,0,65059033.3333333,0,51625600,0,0,0,410400,0,141866.666666667,0,94089066.6666667,84451466.6666667,0,10284120533.3333,0,42903466.6666667,5606400,0,241878227666.667,0,1221866.66666667,0,0,46650308800,0,0,0,0,0,0,0,29879200,15587866.6666667,0,0,3153441600,0,0,45144400,0,5289557100,15163843033.3333,0,0,18298800,0,0,5493368333.33333,11079466.6666667,914666.666666667,0,0,0,0,9310950133.33333,0,0,0,25732970100,1485300600,20300602933.3333,0,46085866.6666667,180912570100,0,0,0,12573244866.6667,62207017366.6667,0,0,266767500,0,65333.3333333333,0,0,0,0,101409520000,15333882666.6667,9283513066.66667,0,0,17114719800,48681666.6666667,249544533.333333,0,72800,0,57518933.3333333,67773333.3333333,20626666.6666667,0,2239466.66666667,0,16399778766.6667,11894500,171475533.333333,0,47058266.6666667,0,0
"Cote dIvoire",0,0,0,0,0,0,0,0,0,0,0,0,0,0,0,0,0,0,0,0,0,0,0,0,0,0,0,0,0,0,0,0,0,0,0,0,0,0,0,0,0,11166.6666666667,0,0,0,0,0,0,0,0,0,0,0,44666.6666666667,0,0,0,0,0,0,0,0,0,0,0,0,0,113100000,0,0,0,0,0,0,0,83750000,0,0,0,0,0,0,0,0,0,0,0,0,0,0,0,0,0,0,0,0,0,118489500,0,0,0,0,0,0,0,5276580000,0,0,0,0,0,0,0,0,0,0,29466.6666666667,0,0,0,0,0,0,0,0,0,0,0,0,0,0,0,0,0,0,0,0,0,0,0,0,0,0,0,0,0,0,0,314940000,0,0,0,0,0,0,0,0,0,0,0,0,0,0,0,0,0,0,0,0,0,0,0,0,0,0,0,0,0,11166.6666666667,2270936666.66667,0,0,0,0,0,0,0,0,141133.333333333,0,0,0,0,0,0
"Kazakhstan",149333.333333333,11101266500,0,0,0,0,0,0,0,0,0,0,0,0,0,0,0,0,0,0,0,0,0,0,0,0,0,0,0,0,0,31991852600,0,0,0,0,0,0,0,0,0,11935766666.6667,0,0,0,0,0,0,0,47883500,0,0,1395950000,0,0,0,0,0,0,0,0,0,0,0,0,0,0,0,0,0,0,0,0,0,0,0,0,0,0,0,0,0,0,0,0,0,0,1690814933.33333,0,0,0,0,0,0,0,0,0,0,0,2170756166.66667,0,0,0,0,0,0,0,0,0,0,3210666.66666667,0,0,0,0,0,0,0,0,0,0,0,0,0,0,8.7e+08,0,0,0,0,0,0,0,0,0,0,0,0,0,0,0,0,5195049200,0,0,0,0,0,0,0,0,0,0,0,0,0,0,0,48841646400,0,41446299000,0,0,826682700,0,0,0,0,0,0,0,0,0,0,0,0,0,0,0,0,0,139571557166.667,0,0,0,0,0,0,0,0,0,0,0,0,0
"Jamaica",0,0,0,0,250133.333333333,0,0,0,0,0,1675000,0,0,0,0,0,0,0,393866.666666667,0,0,0,0,0,0,401333.333333333,0,0,0,0,0,0,0,0,0,0,0,0,0,0,0,0,84000,13066.6666666667,0,0,0,0,0,0,0,0,0,0,0,0,0,0,0,0,0,0,0,0,0,115733.333333333,0,0,729866.666666667,0,1866.66666666667,0,0,0,0,0,0,0,0,0,0,0,0,0,0,0,0,0,0,0,0,0,0,0,0,0,0,0,0,0,0,0,0,0,0,0,0,0,0,0,0,0,0,0,0,0,0,0,0,0,0,0,0,0,0,0,0,0,0,0,0,0,0,0,0,0,0,0,0,0,0,0,0,37333.3333333333,265066.666666667,106400,0,0,0,0,0,0,0,0,0,0,0,0,0,0,0,0,0,0,0,0,0,0,0,1039318800,0,0,0,0,0,0,2213866.66666667,0,28177333.3333333,0,0,0,0,0,0,0,0,0,0,0,0,0,0,0,0
"Japan",0,0,0,0,0,14662000,2139977666.66667,165984000,0,10725400,0,0,0,0,920266.666666667,0,80257266.6666667,0,0,0,4704400,877800,7024866.66666667,0,0,1202708333.33333,0,0,1188933.33333333,0,17961066.6666667,4336646333.33333,1520000,0,0,0,2660000,0,642200,0,0,324224200,0,0,4662933.33333333,0,0,0,0,2475866.66666667,0,0,13092733.3333333,2098702933.33333,0,1655400,0,0,0,1744849733.33333,0,0,0,25965400,0,0,0,0,0,0,0,3751419133.33333,1451600,6253666.66666667,0,52332933.3333333,197869200,0,0,0,568468466.666667,545745533.333333,0,0,0,0,7625333.33333333,0,6139466.66666667,20163333.3333333,0,2989307000,29185466.6666667,24432800,63466.6666666667,40359066.6666667,0,0,0,9225066.66666667,99134800,0,0,1259299866.66667,0,0,56000,0,3727733.33333333,71929266.6666667,59372400,0,0,0,0,1970466.66666667,1595915800,0,8517600,0,0,497967333.333333,0,0,614133.333333333,136375466.666667,0,0,108216733.333333,0,0,0,1238655566.66667,257083866.666667,137349266.666667,0,0,0,26809266.6666667,0,0,0,127526866.666667,0,0,0,0,21688400,0,0,0,0,0,1716466533.33333,0,51445466.6666667,615597666.666667,0,0,0,529628266.666667,217017000,0,0,2925809133.33333,0,2490892800,0,0,0,0,0,53020800,273396933.333333,1386933.33333333,0,3199385333.33333,147468533.333333,10328424366.6667,0,0,0,0,744685266.666667,0,0,0,0,1415238466.66667,0,2639333.33333333,0,0,0,0
"Jordan",0,0,0,0,0,0,0,0,0,0,0,0,0,0,0,0,0,0,0,0,0,0,0,0,0,0,0,0,0,0,0,0,0,0,0,0,0,0,0,0,0,0,0,0,0,0,0,0,0,0,0,0,0,0,0,0,0,0,0,0,0,0,0,0,0,0,0,0,0,0,0,0,0,0,0,0,0,0,242666.666666667,0,0,0,0,0,0,0,0,0,0,0,0,0,0,0,0,0,0,0,0,0,0,0,0,0,0,0,0,0,0,0,0,0,0,0,0,0,0,0,0,0,0,0,0,0,0,0,0,0,0,0,0,0,0,0,0,0,0,0,0,0,0,0,0,0,0,0,0,0,0,0,0,0,0,0,0,160950000,0,0,0,0,0,0,0,0,0,0,0,0,0,0,0,0,0,0,0,0,0,0,46940400,0,0,0,0,0,0,0,0,0,0,0,0,0,0,0,27023333.3333333
"Kyrgyzstan",0,0,0,0,0,0,0,0,0,0,0,0,0,0,0,0,0,0,0,0,0,0,0,0,0,0,0,0,0,0,0,0,0,0,0,0,0,0,0,0,0,0,0,0,0,0,0,0,0,0,0,0,0,0,0,0,1116666.66666667,0,0,0,0,0,0,0,0,0,0,0,0,0,0,0,0,0,0,0,0,0,0,0,0,0,0,0,0,0,0,0,0,0,0,0,0,0,0,0,0,0,0,0,0,0,0,0,0,0,0,0,0,0,0,0,0,0,0,0,0,0,0,0,0,0,0,0,0,0,0,0,0,0,0,0,0,0,0,0,0,0,0,0,0,0,0,0,0,0,0,0,0,0,0,0,0,0,0,0,0,0,59699466.6666667,0,0,0,0,0,0,0,0,0,0,0,0,0,0,0,0,0,0,0,0,0,0,288966666.666667,0,0,0,0,0,0,0,0,0,0,0,0,0
"Kenya",0,0,0,0,0,0,0,0,0,55833.3333333333,0,0,0,0,0,0,0,0,0,0,0,0,0,1031333.33333333,0,0,0,0,0,0,0,0,0,0,0,0,0,0,0,0,0,0,0,0,0,0,0,0,0,0,0,0,0,0,0,176800,0,0,0,0,0,0,0,0,0,0,0,0,0,0,0,22333.3333333333,0,0,0,268536000,0,0,0,0,0,0,0,0,0,0,0,0,0,0,0,0,0,0,0,0,0,0,0,0,0,0,0,0,0,0,0,0,0,0,0,0,0,0,0,0,17866666.6666667,0,0,0,0,0,0,0,0,0,0,0,0,0,0,0,0,0,0,0,0,0,0,0,0,784322000,0,0,0,0,0,0,0,0,0,0,0,0,3733.33333333333,0,0,0,0,0,0,0,0,0,0,793901866.666667,0,0,0,0,1126540133.33333,0,0,0,169499100,0,0,0,11166.6666666667,0,0,0,0,0,3173333.33333333,11166.6666666667,93055733.3333333,0,0,0,0,0,0,11792666.6666667,0
"Cambodia",0,0,0,0,0,0,0,0,0,0,0,0,0,0,0,0,0,0,0,0,0,0,0,0,0,0,0,0,0,0,0,0,0,0,0,0,0,0,0,0,0,0,0,0,0,0,0,0,0,0,0,0,0,0,0,0,0,0,0,0,0,0,0,0,0,0,0,0,0,0,0,0,0,0,0,0,0,0,0,0,0,0,0,0,0,0,0,0,0,0,0,16716566.6666667,0,0,0,0,0,0,0,0,0,0,0,3350000,0,0,0,0,0,0,0,0,0,0,0,0,0,0,0,0,0,0,0,0,0,0,0,0,0,0,0,0,0,0,0,0,0,0,0,0,0,0,0,0,0,0,0,0,0,0,0,0,0,0,0,0,0,0,0,0,0,0,0,0,0,0,0,0,0,0,0,0,0,0,0,0,0,0,0,0,0,0,0,0,0,0,0,0,0,0,0,0,0,0,0
"Democratic People's Republic of Korea",0,0,0,0,0,0,0,0,0,0,0,0,0,0,0,0,0,0,0,0,0,0,0,0,0,0,0,0,0,0,0,0,0,0,0,0,0,0,0,0,0,0,0,0,0,0,0,0,0,0,0,0,0,0,0,0,0,0,0,0,0,0,0,0,0,0,0,0,0,0,0,0,0,0,0,0,0,0,0,0,0,0,0,0,0,0,0,0,0,0,0,0,0,0,0,0,0,0,0,0,0,0,0,0,0,0,0,0,0,0,0,0,0,0,0,0,0,0,0,0,0,0,0,0,0,0,0,0,0,0,0,0,0,0,0,0,0,0,0,0,0,0,0,0,0,0,0,0,0,0,0,0,0,0,0,0,0,0,0,0,0,0,0,0,0,0,0,0,0,0,0,0,0,0,0,0,0,0,0,0,0,0,0,0,0,0,0,0,0,0,0,0,0,0,0
"Republic of Korea",0,0,16800,856500,0,6576266.66666667,2814182900,128154800,0,860533.333333333,0,178618666.666667,0,0,3597066.66666667,0,3921866.66666667,0,0,61600,205333.333333333,0,479653066.666667,0,0,595577600,0,0,0,0,27861866.6666667,3351732466.66667,887733.333333333,0,0,0,0,0,0,0,11200,0,0,823200,0,616000,0,0,0,0,0,2738400,1866.66666666667,29349600,0,63466.6666666667,115733.333333333,0,1866.66666666667,334731733.333333,0,3546000,0,166133.333333333,0,0,6230266.66666667,0,7466.66666666667,137833.333333333,0,98711733.3333333,15890800,0,0,10600800,1785531733.33333,0,4049600,1708000,8662000,4287733.33333333,158600,71090133.3333333,0,121202454800,52220533.3333333,3370133.33333333,53398533.3333333,52453466.6666667,0,0,609429333.333333,0,15086133.3333333,22400,0,117866.666666667,48533.3333333333,10389866.6666667,322933.333333333,91466.6666666667,0,500231600,1866.66666666667,0,50400,0,3733.33333333333,8587333.33333333,784712133.333333,56000,0,0,0,1314133.33333333,190629933.333333,0,0,0,0,238446866.666667,2977333.33333333,0,270266.666666667,565200,0,336000,17150933.3333333,0,1000533.33333333,683200,1454635933.33333,17434666.6666667,160533.333333333,3733.33333333333,0,0,9777966.66666667,0,11200,0,7232414800,0,0,0,0,199272666.666667,20533.3333333333,698133.333333333,0,123200,6277600,242287066.666667,0,12684666.6666667,3808000,0,294666.666666667,0,4011466.66666667,9878400,0,0,1172932400,0,74254133.3333333,296533.333333333,0,1220800,468533.333333333,0,281866.666666667,35605800,215600,0,158864833.333333,15454100,2401302366.66667,0,662666.666666667,9124266.66666667,0,7269654433.33333,0,0,0,84000,6553866.66666667,0,0,0,0,0,0
"Kuwait",0,0,0,0,0,0,0,0,0,0,0,0,0,0,0,0,0,0,0,0,0,0,0,0,0,0,0,0,0,0,0,0,0,0,0,0,0,0,0,0,0,0,0,0,0,0,0,0,0,0,0,0,0,0,0,0,0,0,0,0,0,0,0,0,0,0,0,0,0,0,0,0,0,0,0,0,0,446666.666666667,929600,0,0,0,0,0,0,0,100500,0,0,0,0,0,0,0,0,0,0,0,0,0,0,0,0,0,0,0,0,0,0,0,0,0,0,0,0,0,0,0,0,0,0,0,0,0,0,0,0,0,0,0,0,0,0,0,0,0,0,0,14258533.3333333,0,0,0,0,0,0,0,0,2144800,0,0,0,0,0,0,0,0,0,0,0,0,0,0,0,0,0,0,0,0,0,0,0,0,0,623466.666666667,0,0,0,0,0,0,0,0,0,0,0,0,0,0,0,0,0,0,0,0,0
"Latvia",0,0,0,0,0,0,0,0,0,0,0,0,0,0,0,0,0,0,0,0,0,9333.33333333333,0,0,0,0,0,0,0,0,0,0,0,0,0,0,0,0,0,0,0,2019940000,0,0,0,0,0,0,0,59044956466.6667,0,0,125066.666666667,0,0,0,0,0,0,2148063600,0,0,0,0,0,0,0,0,0,0,0,0,0,0,0,0,0,0,0,589333.333333333,3158400,0,0,0,0,0,0,0,0,0,0,0,0,0,0,0,0,0,0,11535741633.3333,0,0,0,0,0,0,0,0,0,0,0,0,0,0,0,0,0,0,0,0,0,0,0,0,0,22400,0,0,0,412533.333333333,0,0,0,0,0,0,0,0,0,0,0,0,2148071066.66667,0,0,0,0,0,0,0,0,0,0,0,0,0,0,0,0,0,0,0,0,0,0,0,0,0,0,0,0,0,0,0,0,0,4567333.33333333,0,94293333.3333333,0,0,4577940000,0,0,0,0,0,0,0,0,0,0,0,0,0
"Lao People's Democratic Republic",0,0,0,0,0,0,0,0,0,0,0,0,0,0,0,0,0,0,0,0,0,0,0,0,0,0,0,0,0,0,0,0,0,0,0,0,0,0,0,0,0,0,0,0,0,0,0,0,0,0,0,0,0,0,0,0,0,0,0,0,0,0,0,0,0,0,0,0,0,0,0,0,0,0,0,0,0,0,0,0,0,0,0,0,0,0,0,0,0,0,0,0,0,0,0,0,0,0,0,0,0,0,0,0,0,0,0,0,0,0,0,0,0,0,0,0,0,0,0,0,0,0,0,0,0,0,0,0,0,0,0,0,0,0,0,0,0,0,0,0,0,0,0,0,0,0,0,0,0,0,0,0,0,0,0,0,0,0,0,0,0,0,0,0,0,0,0,0,0,0,0,0,0,0,0,0,0,0,0,0,0,0,0,0,0,0,0,0,0,0,0,0,0,0,0
"Lebanon",0,0,0,33309208400,0,0,0,0,0,55833.3333333333,0,0,0,0,0,0,0,0,0,0,0,0,0,0,5630400,298666.666666667,0,3903066.66666667,0,0,0,0,0,0,2335333.33333333,0,0,0,0,0,618800,0,0,0,0,0,3746400,0,0,0,0,0,0,0,0,0,4613610000,0,10564800,67200,0,1047466.66666667,0,0,0,0,0,1865333.33333333,0,0,0,0,0,0,0,0,0,0,16199600,0,0,0,10346133.3333333,0,0,0,3697663600,0,0,0,0,0,65250000,0,0,0,0,2435733.33333333,0,0,0,0,0,0,0,8663200,0,0,0,0,0,0,18666.6666666667,0,0,0,0,0,0,17400000,0,0,0,0,0,0,0,0,0,0,0,0,0,0,0,0,0,0,871785733.333333,0,4470930000,0,0,0,0,0,0,335000,1336600,0,7915466.66666667,0,0,0,0,0,0,0,0,0,0,0,34800000,0,0,0,0,294666.666666667,0,0,638400,0,425115600,7076510666.66667,0,0,0,0,0,0,1384933.33333333,0,28494266.6666667,0,0,276809866.666667,0,1679600,0,0,0,0,0,0,0
"Lesotho",0,0,0,0,0,0,0,0,0,0,0,0,0,0,0,0,0,0,0,0,0,0,0,0,0,0,0,0,0,0,0,0,0,0,0,0,0,0,0,0,0,0,0,0,0,0,0,0,0,0,0,0,0,0,0,0,0,0,0,0,0,0,0,0,0,0,0,0,0,0,0,0,0,0,0,0,0,0,0,0,0,0,0,0,0,0,0,0,0,0,0,0,0,0,0,0,0,0,0,0,0,0,0,0,0,0,0,0,0,0,0,0,0,0,0,0,0,0,0,0,0,0,0,0,0,0,0,0,0,0,0,0,0,0,0,0,0,0,0,0,0,0,0,0,0,0,0,0,0,0,0,0,0,0,0,0,0,0,0,0,0,0,0,0,0,0,0,0,0,0,0,0,0,0,0,0,0,0,0,0,0,0,0,0,0,0,0,0,0,0,0,0,0,0,0
"Liberia",0,0,0,0,0,0,0,0,0,0,0,0,0,0,0,0,0,0,0,0,0,0,0,0,0,0,0,0,0,0,0,0,0,0,0,0,0,0,0,0,0,0,0,0,0,0,0,0,0,0,0,0,0,0,0,0,0,0,0,0,0,0,0,0,0,0,0,0,0,0,0,0,0,0,0,0,0,0,0,0,0,0,0,0,0,0,0,0,0,0,0,0,0,0,0,0,0,0,0,0,0,0,0,0,0,0,0,0,0,0,0,0,0,0,0,0,0,0,0,0,0,0,0,0,0,0,0,0,0,0,0,0,0,0,0,0,0,0,0,0,0,0,0,0,0,0,0,0,0,0,0,0,0,0,0,0,0,0,0,0,0,0,0,0,0,0,0,0,0,0,0,0,0,0,0,0,0,0,0,0,0,0,0,0,0,0,0,0,0,0,0,0,0,0,0
"Libya",0,0,0,0,0,0,0,0,0,0,0,0,0,0,0,0,0,0,0,0,0,0,0,0,0,0,0,0,0,0,4206600,0,0,0,0,0,0,0,0,0,0,0,0,0,0,0,0,0,0,0,0,0,0,0,0,0,0,0,0,0,0,0,0,0,0,0,0,0,0,0,0,0,0,0,0,0,0,0,0,0,0,0,0,0,0,0,0,0,0,0,0,0,0,0,0,0,0,0,0,0,0,0,0,0,0,0,0,0,0,0,0,0,0,0,0,0,0,0,0,0,0,0,0,0,0,0,0,0,0,0,0,0,0,0,0,0,0,0,0,0,0,0,0,0,0,0,0,0,0,0,0,0,0,0,0,0,0,0,0,0,0,0,0,0,0,0,0,0,0,0,0,0,0,0,0,0,0,0,0,0,0,0,0,0,0,0,0,0,0,0,0,0,0,0,0
"Lithuania",0,1866.66666666667,0,0,0,0,0,779321666.666667,0,0,0,0,0,0,0,0,0,0,0,0,0,0,0,0,0,0,0,0,0,0,0,0,0,0,0,0,0,0,0,0,0,78535166.6666667,0,0,807866.666666667,0,0,0,0,9490746200,0,0,249690000,9333.33333333333,0,0,0,0,0,7433749666.66667,0,0,0,0,0,0,0,3733.33333333333,0,0,0,0,0,74666.6666666667,0,0,0,0,0,29866.6666666667,0,0,0,81733.3333333333,0,0,0,0,0,0,0,0,0,115609483700,0,0,0,0,0,0,0,0,0,0,0,0,0,0,0,0,0,0,0,0,0,0,3102071866.66667,0,0,0,0,0,0,0,0,0,0,0,4188038400,0,0,0,0,16572555433.3333,0,0,0,0,0,0,0,0,5303433.33333333,0,0,0,0,0,0,0,0,0,139966666.666667,0,0,0,132533.333333333,0,2790960000,0,255921733.333333,0,0,0,0,0,0,0,0,0,0,0,0,0,0,0,117600,29466.6666666667,0,0,0,9828079866.66667,0,0,0,0,0,0,0,0,0,0,0,0,0
"Macao SAR, China",0,0,0,0,0,0,0,0,0,0,0,0,0,0,0,0,0,0,0,0,0,0,0,0,0,0,0,0,0,0,0,91466.6666666667,0,0,0,0,0,0,0,0,0,0,0,0,0,0,0,0,0,0,0,0,0,0,0,0,0,0,0,0,0,0,0,0,0,0,0,0,0,0,0,237066.666666667,0,0,0,0,0,0,0,0,0,0,0,0,0,0,0,0,0,0,0,0,0,0,0,0,0,0,0,0,0,0,0,0,0,0,0,0,0,0,0,0,0,0,0,0,0,0,0,0,0,0,0,0,0,0,0,0,0,0,0,0,0,0,0,0,0,0,0,0,0,0,0,0,0,0,0,0,0,0,0,0,0,0,0,0,0,0,0,0,0,0,0,0,0,0,0,0,0,0,0,0,0,0,0,0,0,0,0,0,0,0,0,0,0,0,0,0,0,0,0,0,0,0,0
"Madagascar",0,0,0,0,0,0,0,0,0,0,0,0,0,0,0,0,0,0,0,0,0,0,0,0,0,0,0,0,0,0,0,0,0,176800,0,0,0,0,0,0,0,0,0,0,0,0,0,0,0,0,0,0,0,0,0,0,0,0,0,0,0,0,0,0,0,0,0,0,0,0,0,0,0,0,0,2029485833.33333,0,0,0,0,0,0,0,0,0,0,0,0,0,0,0,0,0,0,0,0,0,0,0,0,0,0,0,0,0,0,0,0,1209960266.66667,0,0,0,0,0,0,0,0,0,0,0,0,0,0,0,0,0,0,0,0,0,0,0,0,0,0,0,0,0,0,0,0,0,0,0,0,0,0,0,0,0,0,0,0,0,0,0,0,0,0,0,0,0,0,0,0,0,0,0,0,0,0,0,0,0,0,0,0,0,0,0,0,0,0,0,0,0,0,0,0,0,0,0,0,0,0
"Malawi",0,0,0,0,0,0,0,0,0,0,0,0,0,0,0,3097633333.33333,0,0,0,0,0,0,0,0,0,0,0,0,0,0,0,0,0,0,33500,0,0,0,0,0,0,0,0,0,0,0,0,0,0,0,0,0,0,0,0,0,0,0,0,0,0,0,0,0,0,0,0,0,0,0,0,0,0,0,0,90875394166.6667,0,0,0,11166.6666666667,0,0,0,0,0,0,0,0,31061131666.6667,0,0,0,0,0,0,0,0,0,0,0,0,424560000,0,0,0,0,0,0,0,0,0,0,10242441500,0,12180000,0,0,0,0,0,0,0,0,0,0,0,0,0,0,0,0,0,0,0,0,0,0,0,0,56717524833.3333,0,18322612000,0,0,0,0,0,0,0,0,0,0,0,0,0,21181618633.3333,0,0,0,0,0,0,0,0,0,69876746666.6667,0,0,0,0,0,0,0,7351575000,371490000,0,1.474e+09,0,0,0,0,0,0,0,0,0,0,5781225000,0,0,0,0,0,0,0
"Malaysia",0,0,0,198016000,129741733.333333,44789333.3333333,205873694933.333,150317333.333333,0,174392133.333333,0,24384266.6666667,0,0,0,0,0,0,0,13163791333.3333,9200484700,331411600,54005688800,0,0,132533.333333333,0,0,18213791200,0,0,627174400,0,0,365298266.666667,0,0,0,5723200,0,0,0,0,0,0,0,0,0,0,0,0,75469993733.3333,0,57765866.6666667,37410000,465809066.666667,0,0,0,55087200,0,109733866.666667,0,0,0,0,0,0,133572400,0,0,5370232800,0,0,0,2005159866.66667,169589219066.667,0,0,1693066.66666667,0,68392800,0,0,0,6505638000,0,0,0,438484666.666667,0,2263651600,6853768800,0,0,0,0,0,0,0,0,662916000,0,0,3266824000,0,0,0,1998997200,0,1394922533.33333,0,0,0,0,1421012666.66667,316025066.666667,0,893629733.333333,0,16530000,85268713733.3333,0,0,438375600,0,10278730666.6667,50977333.3333333,0,70583883466.6667,0,0,255035597000,0,957600,0,0,0,1084634266.66667,0,0,0,0,64885600,67331333.3333333,0,0,914569866.666667,0,0,0,0,0,146488159700,0,8700000,129741733.333333,0,0,0,0,0,0,0,4959624966.66667,0,7529013000,0,0,2178618000,1170400,0,0,600606133.333333,0,1495200,1566333066.66667,0,324566933.333333,0,0,0,0,53944749766.6667,0,0,0,0,1740000,0,0,0,0,0,0
"Maldives",0,0,0,0,0,0,0,0,0,0,0,0,0,0,0,0,0,0,0,0,0,0,0,0,0,0,0,0,0,0,0,0,0,0,0,0,0,0,0,0,0,0,0,0,0,0,0,0,0,0,0,0,0,0,0,0,0,0,0,0,0,0,0,0,0,0,0,0,0,0,0,0,0,0,0,0,0,0,0,0,0,0,0,0,0,0,0,0,0,0,0,0,0,0,0,0,0,0,0,0,0,0,0,0,0,0,0,0,0,0,0,0,0,0,0,0,0,0,0,0,0,0,0,0,0,0,0,0,0,0,0,0,0,0,0,0,0,0,0,0,0,0,0,0,0,0,0,0,0,0,0,0,0,0,0,0,0,0,0,0,0,0,0,0,0,0,0,0,0,0,0,0,0,0,0,0,0,0,0,0,0,0,0,0,0,0,0,0,0,0,0,0,0,0,0
"Mali",0,0,0,0,0,0,29172000,0,0,0,0,0,0,0,0,0,0,0,0,0,0,0,0,0,0,0,0,0,0,0,0,0,0,0,0,0,0,0,0,0,0,0,0,0,0,0,0,0,0,0,0,0,0,0,0,0,0,0,0,0,0,0,0,0,0,0,0,0,0,0,0,0,0,0,0,276933333.333333,0,0,0,0,0,0,0,0,0,0,0,0,0,0,0,0,0,0,0,0,0,0,0,0,0,0,0,0,0,0,0,0,0,0,0,0,0,0,0,0,0,0,0,0,0,0,0,0,0,0,0,0,0,0,0,0,0,0,0,0,0,0,0,0,0,0,0,0,0,0,0,0,0,0,0,0,0,0,0,0,0,0,0,0,0,0,0,0,0,0,0,0,0,0,0,0,0,0,0,0,0,0,0,0,0,0,0,0,0,0,0,0,0,0,0,0,0,0,0
"Malta",0,0,0,0,0,0,0,0,0,0,0,0,0,0,0,0,0,0,0,0,0,0,0,0,0,0,0,0,0,0,0,0,0,0,0,0,0,0,0,0,0,0,0,0,0,0,0,0,0,0,0,0,0,0,0,0,0,0,0,0,0,736666.666666667,0,0,0,0,0,0,0,0,0,0,0,0,0,0,0,0,0,0,0,0,0,0,0,0,0,0,0,0,0,0,0,0,0,0,0,0,235733.333333333,0,0,0,0,0,0,0,0,0,0,0,0,0,0,0,0,0,0,0,0,0,0,0,0,0,0,0,0,0,0,0,0,0,0,0,0,0,0,0,0,0,0,0,0,0,0,0,0,0,0,0,0,0,0,0,0,0,0,0,0,0,0,0,0,0,0,0,0,0,0,0,0,0,0,0,0,0,0,0,0,0,0,0,0,0,0,0,0,0,0,0,0,0,0,0,0
"Mauritania",0,0,0,0,0,0,0,0,0,0,0,0,0,0,0,0,0,0,0,0,0,0,0,0,0,0,0,0,0,0,0,0,0,0,0,0,0,0,0,0,0,0,0,0,0,0,0,0,0,0,0,0,0,0,0,0,0,0,0,0,0,0,0,0,0,0,0,0,0,0,0,0,0,0,0,0,0,0,0,0,0,0,0,0,0,0,0,0,0,0,0,0,0,0,0,0,0,0,0,0,0,0,0,0,0,0,0,0,0,0,0,0,0,0,0,0,0,0,0,0,0,0,0,0,0,0,0,0,0,0,0,0,0,0,0,0,0,0,0,0,0,0,0,0,0,0,0,0,0,0,0,0,0,0,0,0,0,0,0,0,0,0,0,0,0,0,0,0,0,0,0,0,0,0,0,0,0,0,0,0,0,0,0,0,0,0,0,0,0,0,0,0,0,0,0
"Mauritius",0,0,0,0,0,16530000,0,0,0,0,0,0,0,0,0,0,0,0,0,0,0,0,0,0,0,0,0,0,0,0,0,0,0,0,0,0,0,0,0,0,0,0,0,0,0,0,0,0,0,0,0,0,0,2332900,0,0,0,0,0,0,0,0,0,0,0,0,0,0,0,0,0,0,0,0,0,0,0,0,0,0,0,0,0,0,0,0,0,0,0,0,0,0,0,0,0,0,0,0,0,0,0,9392520000,0,0,0,0,0,0,0,0,0,0,0,0,0,0,0,0,0,0,0,0,0,0,0,0,0,0,0,0,0,0,0,0,0,0,0,0,0,0,0,0,0,0,0,0,0,0,0,0,0,0,0,0,0,0,0,0,0,0,0,0,0,0,56000,0,0,0,0,0,0,0,0,0,0,0,0,0,0,0,0,0,0,0,0,0,0,0,0,0,0,0,0,0,0
"Mexico",0,0,0,0,0,0,0,0,0,0,0,0,0,0,0,0,0,0,2400914533.33333,0,0,0,0,0,0,0,0,0,0,0,0,0,0,0,0,0,0,10097528800,0,0,0,0,0,0,0,0,0,0,0,0,0,0,0,0,0,0,0,0,0,0,0,0,0,0,0,0,9702047333.33333,0,0,0,205795200,0,0,0,0,0,0,0,0,0,0,0,0,0,0,0,0,0,0,0,0,0,0,0,0,0,0,0,0,0,0,0,0,0,0,0,0,0,0,0,0,0,0,0,0,0,0,0,0,0,0,0,0,0,0,0,0,0,0,0,0,0,0,0,0,0,0,0,0,0,0,0,0,0,0,0,0,0,0,0,0,0,0,0,0,0,0,0,0,0,0,0,0,0,0,0,0,0,0,0,0,0,0,0,0,0,0,0,32868119766.6667,0,0,0,0,0,0,0,0,0,0,0,0,0,0,0,0
"Mongolia",0,0,0,0,0,0,0,0,0,0,0,0,0,0,0,0,0,0,0,0,0,0,0,0,0,0,0,0,0,0,0,0,0,0,0,0,0,0,0,0,0,0,0,0,0,0,0,0,0,0,0,0,0,0,0,0,0,0,0,0,0,0,0,0,0,0,0,0,0,0,0,0,0,0,0,0,0,0,0,0,0,0,0,0,0,0,0,0,0,0,0,0,0,0,0,0,0,0,0,0,0,0,0,0,0,0,0,0,0,0,0,0,0,0,0,0,0,0,0,0,0,0,0,0,0,0,0,0,0,0,0,0,0,0,0,0,0,0,0,0,0,0,0,0,0,0,0,0,0,0,0,0,0,0,0,0,0,0,0,0,0,0,0,0,0,0,0,0,0,0,0,0,0,0,0,0,0,0,0,0,0,0,0,0,0,0,0,0,0,0,0,0,0,0,0
"Morocco",0,0,0,0,0,0,0,0,0,58933.3333333333,0,0,0,0,0,0,0,0,0,0,0,0,0,0,406728400,125999466.666667,53246266.6666667,0,0,0,0,0,0,0,141381066.666667,0,0,0,0,0,0,0,0,0,0,0,0,0,4489158266.66667,0,0,0,0,29466.6666666667,0,0,0,0,0,412533.333333333,0,664974266.666667,0,0,0,0,0,2748273200,0,0,0,0,0,0,0,0,0,0,0,0,0,0,90226933.3333333,0,0,0,0,0,0,0,0,0,0,0,0,0,0,144799200,623455733.333333,0,0,53806133.3333333,0,0,0,11166.6666666667,0,94821624133.3333,0,0,0,0,0,0,0,0,531961733.333333,0,0,0,0,0,0,13083200,0,0,0,0,0,0,0,0,0,0,0,4502771866.66667,0,0,0,0,0,0,0,0,0,0,0,0,63658313333.3333,0,0,0,0,0,0,0,0,0,0,0,6040666.66666667,0,0,0,0,0,0,122434000,0,0,206266.666666667,0,0,58933.3333333333,0,0,0,0,70985200,78852800,0,0,0,0,0,0,188704533.333333,0,637923866.666667,0,0,0,0,0,0
"Mozambique",0,0,0,0,0,0,0,0,0,0,0,0,0,0,0,0,0,0,0,0,0,0,0,0,0,0,0,0,0,0,0,0,0,0,0,0,0,0,0,0,0,0,0,0,0,0,0,0,0,0,0,0,0,0,0,0,0,0,0,0,0,0,0,0,0,0,0,0,0,0,0,0,0,0,0,0,0,0,0,0,0,0,0,0,0,0,0,0,0,0,0,0,0,0,0,0,0,0,0,0,0,0,0,0,0,0,0,0,0,0,0,0,0,0,0,0,0,0,0,0,0,0,0,0,0,0,0,0,0,0,0,0,0,0,0,0,0,0,0,0,0,0,0,0,0,0,0,0,0,0,0,0,0,0,0,0,0,0,0,0,0,0,0,0,0,0,0,0,0,0,0,0,0,0,0,0,0,0,0,0,0,0,0,0,0,0,0,0,0,0,0,0,0,0,0
"Republic of Moldova",0,0,0,0,0,0,0,1633750333.33333,0,0,0,0,0,0,0,0,0,0,0,0,0,4172402166.66667,0,0,1866.66666666667,0,0,0,0,0,0,0,0,0,0,0,0,0,0,0,0,0,0,0,0,0,0,0,0,0,0,0,0,0,0,0,0,0,0,270233333.333333,0,0,0,0,0,0,0,0,0,0,0,0,0,0,0,0,0,0,0,0,0,24622500,0,0,0,0,0,0,0,0,0,0,0,0,0,0,0,0,0,0,0,0,0,1282346500,0,0,0,0,0,0,0,0,0,0,0,0,96044500,0,0,0,0,0,0,0,0,0,0,0,0,0,0,0,0,1097633333.33333,0,0,0,0,0,0,48913203466.6667,0,0,0,0,0,0,0,0,0,0,0,0,0,0,0,271908333.333333,0,0,0,0,0,0,0,0,0,0,0,0,0,0,0,25907649333.3333,0,0,0,0,0,0,0,0,0,0,0,0,0,0,0,0,0,11166.6666666667,0,0,0,0
"Namibia",0,0,0,0,0,0,0,0,0,0,0,0,0,0,0,42933.3333333333,0,0,0,0,0,0,0,0,0,0,0,0,0,0,0,0,0,0,0,0,0,0,0,0,0,0,0,0,0,0,0,0,0,0,0,0,0,0,0,0,0,0,0,0,0,0,0,1866.66666666667,0,0,0,0,0,0,0,0,0,0,0,0,0,0,0,0,0,0,0,0,0,0,0,0,0,0,0,0,0,0,0,0,0,0,0,1866.66666666667,0,0,0,0,0,0,0,0,0,0,0,0,0,0,0,0,0,0,0,0,0,0,0,0,0,0,0,0,0,0,0,0,0,0,0,0,0,0,0,0,0,0,0,0,0,0,0,0,0,0,0,0,0,0,0,50250000,0,0,0,0,0,0,0,0,0,0,0,0,0,0,0,0,0,0,0,0,0,0,0,0,0,0,0,0,0,0,85866.6666666667,0,58933.3333333333,0,0,0,0,0,0
"Nepal",0,0,0,0,0,0,0,0,0,0,0,0,0,0,0,0,72930000,0,0,0,0,0,0,0,0,0,0,0,0,0,0,28000,0,0,0,0,0,0,0,0,0,0,0,0,0,0,0,0,0,0,0,0,0,0,0,0,0,0,0,0,0,0,0,0,0,0,0,0,0,0,0,558333.333333333,0,0,0,1637904323866.67,0,0,0,0,0,0,0,0,0,0,0,0,0,0,0,0,0,0,0,0,0,0,0,0,0,0,0,0,0,0,0,0,0,0,0,0,0,0,0,0,0,0,0,0,0,0,0,0,0,0,0,0,0,0,0,0,0,0,0,0,0,0,0,0,0,0,0,0,0,0,0,0,0,0,0,0,0,0,0,0,0,0,0,0,0,0,0,0,0,0,0,0,0,0,0,0,0,0,0,0,0,0,0,0,0,0,0,0,0,0,0,0,0,0,0,0,0,0,0
"Netherlands",0,79018800,6272000,102404593200,18192100,69462366.6666667,688663600,95810557833.3333,1866.66666666667,26133.3333333333,75757166.6666667,110087466.666667,0,0,0,0,7543466.66666667,0,0,0,0,599182800,90480000,0,0,3883346900,270327200,125653600,0,7466.66666666667,6090000,1245038000,0,0,3076704133.33333,0,0,0,1556574933.33333,1246933.33333333,0,290847101200,112356400,80266.6666666667,103493600,0,26378133.3333333,0,219968666.666667,33087201166.6667,11166.6666666667,0,100303497133.333,463670745766.667,1713600,1153030666.66667,4521688966.66667,15843600,381273333.333333,7060859012100,5810400,30516738466.6667,0,3105966133.33333,0,1014416133.33333,0,17046775266.6667,5621385466.66667,0,53098933.3333333,20500,41089568833.3333,1523676800,22050467133.3333,503001333.333333,31114825733.3333,0,285752533.333333,276016033833.333,3024545733.33333,33293055466.6667,1890052400,20021866.6666667,0,1996333433.33333,198086400,0,11200,0,0,17199726100,259070933.333333,1240468133.33333,0,26131600,0,403900,4685200,273193988466.667,0,0,0,5668596800,14367066.6666667,91820933.3333333,10646123666.6667,0,2833030533.33333,536026133.333333,39897866.6666667,336219820400,33680400,16333333.3333333,0,0,0,0,3591466.66666667,4332533.33333333,0,195541333.333333,0,1001866.66666667,1946048900,13373338300,13066.6666666667,591513866.666667,162165706900,0,0,0,334303333.333333,250241844366.667,13363744700,0,0,0,95866.6666666667,0,6231725233.33333,1102112266.66667,7586826466.66667,163657866.666667,11609866.6666667,337599600,0,23011300,125265070400,0,16505066.6666667,557610666.666667,29831391866.6667,3923215966.66667,7153333.33333333,601632490133.333,140464111066.667,13337448000,0,0,86324622066.6667,94007374700,0,0,130500000,46666.6666666667,616673866.666667,42140533.3333333,0,8307983066.66667,11166.6666666667,30575476533.3333,272372666.666667,1181600,0,0,2207348638300,2984315200,1193801933.33333,1434400,11166.6666666667,6365333.33333333,0,1735550000,0,0,737855066.666667,0,3585462395100,30905172266.6667,483728300,1952533.33333333,6688933.33333333,0,0
"Netherlands Antilles",0,0,0,0,0,0,0,0,0,0,0,0,0,0,0,0,0,0,0,0,0,0,0,0,0,0,0,0,0,0,0,0,0,0,0,0,0,0,0,0,0,0,0,0,0,0,0,0,0,0,0,0,0,0,0,0,0,0,0,0,0,0,0,0,0,0,0,0,0,0,0,0,0,0,0,0,0,0,0,0,0,0,0,0,0,0,0,0,0,0,0,0,0,0,0,0,0,0,0,0,0,0,0,0,0,0,0,0,0,0,0,0,0,0,0,0,0,0,0,0,0,0,0,0,0,0,0,0,0,0,0,0,0,0,0,0,0,0,0,0,0,0,0,0,0,0,0,0,0,0,0,0,0,0,0,0,0,0,0,0,0,0,0,0,0,0,0,0,0,0,0,0,0,0,0,0,0,0,0,0,0,0,0,0,0,0,0,0,0,0,0,0,0,0,0
"New Caledonia",0,0,0,0,0,0,0,0,0,0,0,0,0,0,0,0,0,0,0,0,0,0,0,0,0,0,0,0,0,0,0,0,0,0,0,0,0,0,0,0,0,0,0,0,0,0,0,0,0,0,0,0,0,0,0,0,0,0,0,0,0,0,0,0,0,0,0,0,0,0,0,0,0,0,0,0,0,0,0,0,0,0,0,0,0,0,0,0,0,0,0,0,0,0,0,0,0,0,0,0,0,0,0,0,0,0,0,0,0,0,0,0,0,0,0,0,0,0,0,0,0,0,0,0,0,0,0,0,0,0,0,0,0,0,0,0,0,0,0,0,0,0,0,0,0,0,0,0,0,0,0,0,0,0,0,0,0,0,0,0,0,0,0,0,0,0,0,0,0,0,0,0,0,0,0,0,0,0,0,0,0,0,0,0,0,0,0,0,0,0,0,0,0,0,0
"The former Yugoslav Republic of Macedonia",0,0,15516666.6666667,0,0,0,0,0,0,0,0,0,0,0,0,0,0,0,0,0,0,0,0,0,0,0,0,0,0,0,0,29466.6666666667,0,0,0,0,0,0,0,0,0,0,0,0,0,0,0,0,0,0,0,0,0,0,0,0,0,0,0,0,1866.66666666667,0,0,0,0,0,0,0,0,0,0,0,0,0,0,0,0,0,0,0,0,0,0,0,0,0,0,0,0,0,0,0,0,0,0,0,0,0,0,0,0,0,0,0,0,0,0,0,0,0,0,0,0,0,0,0,0,0,0,0,0,0,0,0,0,0,0,0,0,0,0,0,0,0,0,0,0,0,0,0,0,0,0,0,0,0,0,0,0,0,0,0,0,0,0,0,0,0,0,0,0,0,0,0,0,0,0,0,0,0,0,0,0,0,0,0,0,0,0,0,0,0,0,0,0,0,0,0,0,0,1740000,145166.666666667,0,0,0
"Vanuatu",0,0,0,0,0,0,0,0,0,0,0,0,0,0,0,0,0,0,0,0,0,0,0,0,0,0,0,0,0,0,0,0,0,0,0,0,0,0,0,0,0,0,0,0,0,0,0,0,0,0,0,0,0,0,0,0,0,0,0,0,0,0,0,0,0,0,0,0,0,0,0,0,0,0,0,0,0,0,0,0,0,0,0,0,0,0,0,0,0,0,0,0,0,0,0,0,0,0,0,0,0,0,0,0,0,0,0,0,0,0,0,0,0,0,0,0,0,0,0,0,0,0,0,0,0,0,0,0,0,0,0,0,0,0,0,0,0,0,0,0,0,0,0,0,0,0,0,0,0,0,0,0,0,0,0,0,0,0,0,0,0,0,0,0,0,0,0,0,0,0,0,0,0,0,0,0,0,0,0,0,0,0,0,0,0,0,0,0,0,0,0,0,0,0,0
"New Zealand",0,0,0,0,0,0,455870666.666667,0,0,5600,0,0,0,0,0,0,0,0,0,4655266.66666667,0,0,0,0,0,0,0,0,0,0,0,31270400,0,0,0,69777533.3333333,0,0,0,0,0,0,0,0,0,0,0,0,0,0,0,768400,0,14933.3333333333,124966.666666667,0,0,0,0,0,0,0,13066.6666666667,0,0,0,0,0,0,0,0,281200,0,0,0,0,0,0,0,0,0,0,0,0,0,0,0,0,0,0,0,0,0,0,0,0,0,0,0,0,160533.333333333,0,0,11200,0,0,0,0,0,0,0,0,0,0,0,0,0,0,80266.6666666667,0,1329866.66666667,0,0,0,0,0,0,0,0,1090266.66666667,0,0,0,0,0,0,0,0,0,0,0,0,0,0,0,0,0,0,0,0,0,0,0,0,0,0,0,0,0,0,0,0,0,0,0,0,0,0,5500466.66666667,0,0,0,0,0,0,0,0,0,76366.6666666667,0,0,0,0,0,0,0,0,0,0,0,0,0,0,0,0
"Nicaragua",0,0,0,0,0,0,0,0,0,0,0,0,0,0,0,0,0,0,0,0,0,0,0,0,0,0,0,0,0,0,0,0,0,0,0,0,73020266.6666667,0,0,0,0,0,0,0,0,0,0,186117833.333333,0,0,0,0,0,0,0,0,0,0,0,0,0,0,0,0,0,0,70908333.3333333,0,0,0,4982858000,0,0,0,0,0,0,0,0,0,0,0,0,0,0,0,0,0,0,0,0,0,0,0,0,0,0,0,0,0,0,0,0,0,0,0,0,0,0,0,0,0,0,0,0,0,0,0,0,0,0,0,0,0,0,0,0,0,0,0,0,0,0,0,0,0,0,0,0,0,0,0,0,0,0,0,0,0,0,0,0,0,0,0,0,0,35466.6666666667,0,0,0,0,0,0,0,0,0,0,0,0,0,0,0,0,0,0,0,0,0,0,0,0,0,0,0,0,0,0,0,0,0,0,0,0,0,0
"Niger",0,0,0,0,0,0,0,0,0,0,0,0,0,0,0,0,0,0,0,0,0,0,0,0,0,0,0,0,0,0,0,0,0,0,0,0,0,0,0,0,0,0,0,0,0,0,0,0,0,0,0,0,0,0,0,0,0,0,0,0,0,0,0,0,0,0,0,0,0,0,0,0,0,0,0,6009185333.33333,0,0,0,0,0,0,0,0,0,0,0,0,0,0,0,0,0,0,0,0,0,0,0,0,0,0,0,0,0,0,0,0,0,0,0,0,0,0,0,0,0,0,0,0,0,0,0,0,0,0,0,0,0,0,0,0,0,0,0,0,0,0,0,0,0,0,0,0,0,0,0,0,0,0,0,0,0,0,0,0,0,0,0,0,0,0,0,0,0,0,0,0,0,0,0,0,0,0,0,0,0,0,0,0,0,0,0,0,0,0,0,0,0,0,0,0,0,0,0
"Nigeria",0,0,0,0,0,0,0,0,0,0,0,0,0,0,0,0,0,0,0,0,0,0,0,0,0,7466.66666666667,0,0,0,0,0,0,0,0,44370000,0,0,0,0,0,1827870000,0,0,0,0,0,0,0,0,0,0,0,0,203800110000,0,0,0,0,0,6370140000,0,0,0,0,0,0,0,0,0,0,0,0,0,0,0,24691470000,0,0,0,0,0,0,0,0,0,0,0,0,500933.333333333,0,0,0,0,0,0,0,0,0,0,0,0,34800000,0,0,0,0,0,1897470000,0,0,0,0,0,0,0,0,22651603866.6667,0,0,0,0,0,0,2210000,0,0,0,0,0,0,0,0,0,0,0,0,0,0,0,0,0,0,0,0,0,0,0,0,0,0,0,0,0,0,0,5600,3246117333.33333,0,0,0,0,0,0,0,0,0,0,0,0,0,0,0,0,0,0,0,160053333.333333,0,330600000,0,0,0,0,0,0,0,0,0,0,0,0,0,0,0,0
"Norway",0,0,0,0,0,0,0,0,0,0,0,0,0,0,0,0,0,0,0,0,0,0,0,0,0,0,0,0,0,0,0,0,0,0,0,0,0,0,0,0,0,269760375366.667,0,0,0,0,0,0,0,0,0,0,28755528266.6667,35434152000,0,0,0,0,0,2377876766.66667,0,530400,0,29466.6666666667,0,0,0,0,0,0,0,0,0,0,0,0,0,0,0,0,0,0,0,0,0,167040000,0,0,0,0,0,0,0,0,0,0,0,0,0,0,0,0,0,0,0,0,0,0,0,0,0,0,0,0,0,0,137166519466.667,0,0,0,0,0,0,0,0,0,0,0,56000,0,0,0,0,0,0,0,0,0,0,0,0,0,0,0,0,0,0,0,0,0,0,0,0,0,0,0,8879391866.66667,0,0,0,572004197833.333,5882940000,0,0,0,0,0,0,0,0,0,0,0,0,0,0,76550784533.3333,0,0,0,1866.66666666667,0,0,870000,0,0,0,0,0,0,0,0,0,0,0
"Pakistan",0,50550250533.3333,0,0,0,0,8413200,0,0,286617600,0,371523600,0,0,0,0,0,0,0,0,0,0,0,0,0,21201333.3333333,0,0,2000130000,0,35466.6666666667,85260000,0,0,0,0,0,0,0,0,0,65333.3333333333,0,0,0,0,33600,0,0,0,0,0,0,0,0,0,0,0,0,98484000,0,0,0,136266.666666667,0,0,0,0,0,0,0,1122000,0,0,0,7001500,0,0,0,0,0,496533.333333333,0,0,0,230239200,250133.333333333,0,560000,0,0,11310000,2991306400,0,0,0,0,0,0,0,0,0,0,920400,3733.33333333333,0,0,0,0,0,0,0,770933.333333333,0,0,0,20720800,0,0,0,0,870000,0,0,392000,59733.3333333333,0,0,0,0,0,0,0,0,0,0,0,0,2653044800,0,0,0,0,0,0,0,0,62957066.6666667,0,0,0,0,0,0,0,2615600,0,0,0,0,143733.333333333,0,0,0,0,0,0,0,0,0,5315931666.66667,0,0,945725900,0,0,111313733.333333,0,31060133.3333333,0,0,0,0,200970000,0,0,0,0,2734666.66666667,0,0,0,0,0,0
"Panama",0,0,0,0,0,0,0,0,0,0,0,0,0,0,0,0,0,0,0,0,0,0,0,0,0,0,0,0,0,0,11200,0,0,0,0,0,0,2973600,0,0,0,0,0,0,0,0,0,113866.666666667,0,0,0,0,0,0,0,0,0,0,0,0,0,0,0,0,0,0,0,0,0,0,0,0,0,0,0,0,0,0,0,0,0,0,0,0,173600,0,0,0,0,0,0,0,0,0,0,0,0,0,0,0,0,0,0,0,0,0,0,0,0,0,0,0,0,0,0,0,0,0,0,0,0,0,108266.666666667,0,0,0,0,0,0,0,0,0,0,0,0,0,0,0,0,0,0,0,0,0,0,0,0,0,0,0,0,0,0,0,0,0,0,0,0,0,0,0,0,0,0,0,0,0,0,0,0,0,0,0,0,0,0,0,1601600,0,0,0,75254533.3333333,0,0,0,0,0,0,0,0,0,0,0,0
"Czech Republic",0,0,227733.333333333,0,0,0,0,5343952333.33333,0,0,0,0,0,0,0,0,0,0,0,0,0,8000533.33333333,0,0,0,0,0,0,0,0,0,0,0,0,0,0,0,0,0,0,0,177421066.666667,0,0,0,0,0,0,0,272366.666666667,0,0,1866.66666666667,3733.33333333333,0,0,0,0,0,25431539433.3333,778400,0,0,74566.6666666667,0,0,0,0,0,0,0,0,1798686366.66667,8176000,0,0,0,0,0,0,0,7466.66666666667,0,0,0,22333.3333333333,0,0,0,0,0,0,0,2030800,0,0,0,0,0,42587233.3333333,0,0,0,0,0,0,0,0,22333.3333333333,0,0,0,0,11166.6666666667,0,0,6298133.33333333,0,0,0,0,0,0,0,0,0,0,0,0,0,0,0,0,24816646633.3333,0,0,0,0,0,0,37225333.3333333,0,182700,0,0,0,0,0,0,0,0,272433.333333333,43131598733.3333,0,0,0,88400,0,0,0,29866.6666666667,0,0,0,0,0,0,0,0,0,0,0,0,0,0,0,2579666.66666667,111354200,0,0,0,0,0,0,0,0,0,0,7466.66666666667,1866.66666666667,20648500,0,0,0,0
"Papua New Guinea",0,0,0,0,0,0,0,0,0,0,0,0,0,0,0,0,0,0,0,0,0,0,0,0,0,0,0,0,0,0,0,0,0,0,0,0,0,0,0,0,0,0,0,0,0,0,0,0,0,0,0,0,0,0,0,0,0,0,0,0,0,0,0,0,0,0,0,0,0,0,0,0,0,0,0,0,0,0,0,0,0,0,0,0,0,0,0,0,0,0,0,0,0,0,0,0,0,0,0,0,0,0,0,0,0,0,0,0,0,0,0,0,0,0,0,0,0,0,0,0,0,0,0,0,0,0,0,0,0,0,0,0,0,0,0,0,0,0,0,0,0,0,0,0,0,0,0,0,0,0,0,0,0,0,0,0,0,0,0,0,0,0,0,0,0,0,0,0,0,0,0,0,0,0,0,0,0,0,0,0,0,0,0,0,0,0,0,0,324133.333333333,0,0,0,0,0,0
"Paraguay",0,0,0,198299910000,0,15481189513466.7,0,0,0,0,0,703202222533.333,0,0,221680666.666667,0,2146458908800,0,0,0,0,0,114512880000,0,0,2541075500,0,0,27916666.6666667,0,1239676374000,0,0,0,5563650000,0,0,0,0,0,0,167756010000,0,0,0,107478060000,381199581000,4272666666.66667,0,0,0,0,0,138207453333.333,0,0,0,0,0,1099680000,0,0,0,82952332166.6667,0,0,4732700266.66667,0,0,0,0,0,0,0,0,2035850290933.33,143398620000,38306666666.6667,0,113291400000,235707860166.667,354055026300,758640000,0,0,170414671333.333,0,0,0,0,0,251819500,3267966800,0,0,49970275000,0,0,0,0,0,55986666666.6667,0,4.42e+10,0,0,0,0,68267160000,0,0,0,20626666666.6667,0,0,0,460940145333.333,0,0,0,0,0,0,0,0,0,351500500000,0,0,0,0,954619046500,0,700657980000,46072061833.3333,0,0,0,4705830000,0,6096960000,0,2509844499666.67,0,0,0,0,9997170000,1147230800,0,0,0,0,0,0,0,300054020700,0,0,0,0,53509706333.3333,0,0,0,0,276667830000,60030000,0,0,16144470933.3333,36678145000,3633019166.66667,111638664500,0,0,613299540000,0,4633279000,0,121112717400,0,19495108266.6667,28368960000,0,0,0,0,2916240000,16374386833.3333,0,0,0,0,0
"Peru",0,0,0,0,0,0,179200,0,0,0,0,0,0,0,303484533.333333,0,0,0,0,0,0,0,0,0,0,582400,0,0,0,0,762155300,0,2034666.66666667,0,0,0,0,0,0,0,0,0,0,0,0,699360933.333333,0,0,0,0,0,0,0,0,0,0,0,0,0,279166.666666667,0,0,0,0,0,0,0,0,0,0,0,0,0,0,0,0,0,0,0,0,0,13401366.6666667,0,0,0,5898666.66666667,0,0,0,0,0,0,0,0,0,0,0,0,0,0,0,0,0,0,0,0,0,0,0,0,0,0,0,0,0,0,1047200,0,0,0,0,0,0,0,0,0,0,0,29466.6666666667,0,0,0,0,0,815733.333333333,0,0,0,0,0,0,0,0,0,0,0,0,0,0,0,0,0,0,0,0,0,102899900,0,0,0,0,188033.333333333,0,0,0,0,0,0,0,0,0,0,0,0,0,0,106400,0,134742933.333333,0,0,0,0,0,0,0,0,0,677600,0,0,0,0,0,0
"Philippines",0,13292533.3333333,0,0,0,0,221545333.333333,0,0,29920800,0,0,0,0,0,0,0,0,0,0,4394133.33333333,0,0,0,0,828623566.666667,0,0,0,0,0,16387466.6666667,0,0,0,0,0,0,13522133.3333333,0,0,356533.333333333,0,0,0,0,0,0,0,0,0,80266.6666666667,741066.666666667,8282400,0,0,0,0,0,0,0,0,0,2579733.33333333,0,0,0,0,0,0,0,245451733.333333,0,0,0,0,0,0,0,43500000,26256533.3333333,145801600,0,0,0,42302400,2465866.66666667,0,0,352800,0,34759200,151289600,0,0,629066.666666667,0,0,0,0,13443733.3333333,0,0,203760266.666667,0,0,1000533.33333333,0,0,0,0,0,0,0,0,0,160020000,0,0,0,0,176217733.333333,0,0,0,15282400,0,0,0,16536800,0,0,0,0,8134933.33333333,0,0,0,177835466.666667,0,0,0,707200,0,0,0,0,471421066.666667,0,0,0,0,0,36736000,0,41066.6666666667,32976533.3333333,0,0,0,3042666.66666667,2643200,0,0,99090133.3333333,0,179650466.666667,0,0,0,44294133.3333333,0,0,440160000,0,0,188608666.666667,0,1552633533.33333,0,0,0,0,0,0,2016000,0,0,0,0,0,0,0,0,0
"Poland",46666.6666666667,0,0,0,0,0,0,74503994166.6667,0,0,0,0,0,0,0,0,0,0,0,0,0,817615833.333333,0,0,0,39200,0,0,0,29466.6666666667,0,0,0,0,0,0,0,0,18666.6666666667,0,0,19700309300,0,0,550222133.333333,0,0,0,0,84702160866.6667,0,0,24016631933.3333,316241933.333333,0,0,0,0,0,429877465100,3350000,3485220000,0,451833.333333333,0,0,0,0,0,0,0,0,5925152033.33333,63757733.3333333,1943613600,117866.666666667,0,0,0,5611533.33333333,0,110444800,0,301910666.666667,0,11200,0,0,0,0,0,0,0,1948802500,0,0,0,0,5600,3547835933.33333,0,0,0,0,0,0,0,0,0,0,0,0,0,6453333.33333333,0,0,18364623166.6667,0,0,0,0,0,0,0,0,455661800,0,0,58659034300,0,0,0,589333.333333333,0,17066.6666666667,0,0,0,0,0,351472500,0,2472426966.66667,0,0,0,0,0,0,0,0,837456200,32188515066.6667,0,0,4066400,3716933.33333333,0,0,0,14492233.3333333,2807547833.33333,0,0,0,0,0,0,0,0,0,0,0,0,0,0,2126620766.66667,293736433.333333,0,0,0,0,0,1451666.66666667,0,0,0,0,1188399966.66667,161333.333333333,9689133.33333333,905333.333333333,0,0,0
"Portugal",0,0,0,70401728000,2440134666.66667,0,0,3093066.66666667,0,0,0,0,0,0,0,0,67979600,0,0,0,0,1866.66666666667,0,0,0,21936266.6666667,54806135800,0,0,0,0,361047933.333333,0,0,322770000,0,0,0,1168266.66666667,0,0,0,0,0,0,0,0,0,14933.3333333333,2559200,0,0,0,2845376266.66667,0,0,0,0,0,860856533.333333,0,108673066.666667,0,0,0,0,0,117100533.333333,0,0,0,0,1807040500,0,0,0,0,0,0,353600,821913733.333333,12169110266.6667,817434800,0,0,0,0,0,0,0,0,0,0,77703600,0,0,0,0,7408050000,0,11166.6666666667,0,0,0,0,0,4191488266.66667,234024266.666667,0,96739066.6666667,0,203936578666.667,681092633.333333,0,55515200,0,522269066.666667,0,0,0,0,0,0,0,0,0,0,0,0,0,0,0,0,528013200,0,12039475600,0,0,0,0,0,0,0,0,0,0,14317105800,0,7659624266.66667,0,0,0,0,0,0,88753600,488288902566.667,0,0,0,0,50300,0,0,0,0,0,0,0,0,0,0,21130560000,31333.3333333333,0,0,1162502700,0,131346400,0,0,0,9282933.33333333,0,2135666.66666667,0,11200,0,84354533.3333333,21936633.3333333,5600,0,0,0,0
"Guinea-Bissau",0,0,0,0,0,0,0,0,0,0,0,0,0,0,0,0,0,0,0,0,0,0,0,0,0,0,0,0,0,0,0,0,0,0,0,0,0,0,0,0,0,0,0,0,0,0,0,0,0,0,0,0,0,0,0,0,0,0,0,0,0,0,0,0,0,0,0,0,0,0,0,0,0,0,0,0,0,0,0,0,0,0,0,0,0,0,0,0,0,0,0,0,0,0,0,0,0,0,0,0,0,0,0,0,0,0,0,0,0,0,0,0,0,0,0,0,0,0,0,0,0,0,0,0,0,0,0,0,0,0,0,0,0,0,0,0,0,0,0,0,0,0,0,0,0,0,0,0,0,0,0,0,0,0,0,0,0,0,0,0,0,0,0,0,0,0,0,0,0,0,0,0,0,0,0,0,0,0,0,0,0,0,0,0,0,0,0,0,0,0,0,0,0,0,0
"Timor-Leste",0,0,0,0,0,0,0,0,0,0,0,0,0,0,0,0,0,0,0,0,0,0,0,0,0,0,0,0,0,0,0,0,0,0,0,0,0,0,0,0,0,0,0,0,0,0,0,0,0,0,0,0,0,0,0,0,0,0,0,0,0,0,0,0,0,0,0,0,0,0,0,0,0,0,0,0,0,0,0,0,0,0,0,0,0,0,0,0,0,0,0,0,0,0,0,0,0,0,0,0,0,0,0,0,0,0,0,0,0,0,0,0,0,0,0,0,0,0,0,0,0,0,0,0,0,0,0,0,0,0,0,0,0,0,0,0,0,0,0,0,0,0,0,0,0,0,0,0,0,0,0,0,0,0,0,0,0,0,0,0,0,0,0,0,0,0,0,0,0,0,0,0,0,0,0,0,0,0,0,0,0,0,0,0,0,0,0,0,0,0,0,0,0,0,0
"Eritrea",0,0,0,0,0,0,0,0,0,0,0,0,0,0,0,0,0,0,0,0,0,0,0,0,0,0,0,0,0,0,0,0,0,0,0,0,0,0,0,0,0,0,0,0,0,0,0,0,0,0,0,0,0,0,0,0,0,0,0,0,0,0,0,0,0,0,0,0,0,0,0,0,0,0,0,0,0,0,0,0,0,0,0,0,0,0,0,0,0,0,0,0,0,0,0,0,0,0,0,0,0,0,0,0,0,0,0,0,0,0,0,0,0,0,0,0,0,0,0,0,0,0,0,0,0,0,0,0,0,0,0,0,0,0,0,0,0,0,0,0,0,0,0,0,0,0,0,0,0,0,0,0,0,0,0,0,0,0,0,0,0,0,0,0,0,0,0,0,0,0,0,0,0,0,0,0,0,0,0,0,0,0,0,0,0,0,0,0,0,0,0,0,0,0,0
"Qatar",0,0,0,0,0,0,0,0,0,0,0,0,0,0,0,0,0,0,0,0,0,0,0,0,0,0,0,0,0,0,0,0,0,0,0,0,0,0,0,0,0,0,0,0,0,0,0,0,0,0,0,0,0,0,0,0,0,0,0,0,0,0,0,0,0,0,0,0,0,0,0,0,0,0,0,0,0,0,0,0,0,0,0,0,0,0,0,0,0,0,0,0,0,0,0,0,0,0,0,0,0,0,0,0,0,0,0,0,0,0,0,0,0,0,0,0,0,0,0,0,0,0,0,0,0,0,0,0,0,0,0,0,0,0,0,0,0,0,0,0,0,0,0,0,0,0,0,0,0,0,0,0,0,0,0,0,0,0,0,0,0,0,0,0,0,0,0,0,0,0,0,0,0,0,0,0,0,0,0,0,0,0,0,0,0,0,0,0,0,0,0,0,0,0,0
"Zimbabwe",0,0,0,0,0,0,0,0,0,0,0,0,0,0,0,111666.666666667,0,0,0,0,0,0,0,0,0,0,0,0,0,0,0,0,0,0,0,0,0,0,0,0,0,0,0,0,0,0,0,0,0,0,0,0,0,0,0,0,0,0,0,0,0,390833.333333333,0,0,0,0,0,0,0,0,0,0,0,0,0,0,0,0,0,0,0,0,0,0,0,0,0,0,558333.333333333,0,0,0,0,0,0,0,0,0,0,0,0,4466666.66666667,96033333.3333333,0,0,0,0,0,0,0,0,0,101616666.666667,0,0,0,0,0,0,0,0,0,0,0,0,0,0,0,0,0,0,0,0,0,0,0,0,0,0,0,0,0,0,0,0,0,0,0,0,0,0,0,0,0,0,337546666.666667,0,0,0,1116666.66666667,0,0,0,0,0,0,0,0,0,0,0,0,0,0,0,0,0,0,0,0,0,0,0,0,0,0,0,235127000,0,0,0,0,0,0,0
"Romania",13177890000,0,0,12870745333.3333,0,0,383597066.666667,73839923300,0,0,0,0,0,0,0,0,0,0,0,0,0,292364209666.667,0,0,0,31733.3333333333,0,0,0,0,0,0,0,0,0,0,0,0,125933.333333333,52731570000,0,799700000,0,0,18666.6666666667,0,0,0,0,1740000,0,0,0,357392866.666667,0,0,21459420000,0,0,131268684300,0,0,0,1264112066.66667,0,0,0,0,0,0,0,0,61136112900,181257333.333333,0,0,0,0,0,29256666.6666667,3.045e+09,75668238100,0,0,0,0,0,0,0,0,0,0,0,0,0,0,0,0,0,0,0,0,0,0,0,0,0,0,0,0,0,0,0,71008666166.6667,0,0,18815991400,0,0,0,0,0,0,0,0,33779166666.6667,0,0,2030112166.66667,0,0,0,0,1141986100,0,0,0,0,1077420000,0,0,0,200682953666.667,0,0,0,0,0,0,0,0,394239166.666667,7186787533.33333,0,0,0,328080766.666667,0,0,0,198710833.333333,193438133.333333,177103333.333333,0,0,0,0,0,0,0,0,0,123238259000,1866.66666666667,0,0,5323033.33333333,65112833.3333333,45295833.3333333,0,0,0,0,0,0,0,0,0,46698133.3333333,11166.6666666667,7627126333.33333,0,0,0,0
"Rwanda",0,0,0,0,0,0,0,0,0,0,0,0,0,0,0,0,0,0,0,0,0,0,0,56000,0,0,0,0,0,0,0,5282666.66666667,0,0,0,0,0,0,0,0,0,0,0,0,0,0,0,0,0,0,0,0,0,0,0,0,0,0,0,0,0,0,0,0,0,0,0,0,0,0,0,0,0,0,0,0,0,0,0,0,0,0,0,0,0,0,0,0,560718333.333333,0,0,0,0,0,0,0,0,0,0,0,0,0,0,0,0,0,0,0,0,0,0,0,0,0,0,0,0,0,0,0,0,0,0,0,0,0,0,0,0,0,0,0,0,0,0,0,0,0,0,0,0,0,0,0,0,0,0,0,0,0,0,0,0,0,0,0,0,0,0,0,0,0,0,0,0,0,0,0,0,0,0,0,0,0,0,0,0,0,1150166.66666667,0,0,0,0,0,0,0,100558133.333333,0,0,0,0,0,0,0,0
"Russian Federation",4458683933.33333,0,0,1331109637866.67,0,0,0,0,1866.66666666667,0,0,0,0,0,0,0,0,0,0,0,0,1650133.33333333,0,0,0,552624533.333333,0,0,0,0,0,4692401638666.67,0,0,0,0,0,198751924800,0,38525246566.6667,0,452061569333.333,0,0,456664535300,0,151748795466.667,0,0,648814133.333333,2809230000,0,73793286933.3333,32830320000,0,0,274753200,0,0,139923967466.667,0,3392130000,0,3733.33333333333,0,0,0,0,0,0,0,2304838866.66667,0,0,0,132458294800,22620000,220614741166.667,0,0,11096493866.6667,0,0,169994116800,0,6341162433.33333,6170084266.66667,590495866.666667,0,0,30575242033.3333,55843273933.3333,3020451200,832037733.333333,0,324251200,0,7466.66666666667,0,65553655600,0,0,0,28950764266.6667,0,0,0,0,0,0,34807412933.3333,0,0,92684933.3333333,0,3032945066.66667,298670605333.333,0,0,0,0,0,0,0,0,212995864133.333,0,1866.66666666667,0,0,0,0,0,147020319600,0,0,0,0,0,0,0,0,0,0,0,0,0,1742658666.66667,4.35e+08,0,0,0,0,0,0,0,36406562666.6667,0,45580215866.6667,0,72586710000,0,0,13524000,44666666.6666667,655810133.333333,1745220000,0,0,0,0,103649972400,252338964266.667,595709300,0,0,64908366533.3333,45040486733.3333,4284202933.33333,0,0,176881387600,0,7269580666.66667,0,0,0,0,14216670000,0,0,0,0,0,0
"Saint Kitts and Nevis",0,0,0,0,0,0,0,0,0,0,0,0,0,0,0,0,0,0,0,0,0,0,0,0,0,0,0,0,0,0,0,0,0,0,0,0,0,0,0,0,0,0,0,0,0,0,0,0,0,0,0,0,0,0,0,0,0,0,0,0,0,0,0,0,0,0,0,0,0,0,0,0,0,0,0,0,0,0,0,0,0,0,0,0,0,0,0,0,0,0,0,0,0,0,0,0,0,0,0,0,0,0,0,0,0,0,0,0,0,0,0,0,0,0,0,0,0,0,0,0,0,0,0,0,0,0,0,0,0,0,0,0,0,0,0,0,0,0,0,0,0,0,0,0,0,0,0,0,0,0,0,0,0,0,0,0,0,0,0,0,0,0,0,0,0,0,0,0,0,0,0,0,0,0,0,0,0,0,0,0,0,0,0,0,0,0,0,0,0,0,0,0,0,0,0
"Saint Lucia",0,0,0,0,0,0,0,0,0,0,0,0,0,0,0,0,0,0,0,0,0,0,0,0,0,881066.666666667,0,0,0,0,0,0,0,0,0,0,0,0,0,0,0,0,0,0,0,0,0,0,0,0,0,0,0,0,0,0,0,0,0,0,0,0,0,0,0,19847600,0,0,530133.333333333,0,0,0,0,0,0,0,0,0,0,0,0,0,0,0,0,0,0,0,0,0,0,0,0,0,0,0,0,0,0,0,0,0,0,0,0,0,0,0,0,0,0,0,0,0,0,0,0,0,0,0,0,0,0,0,0,0,0,0,0,0,0,0,0,0,0,0,0,0,0,0,0,0,0,0,0,135741166.666667,0,0,0,0,0,0,0,0,0,0,0,0,0,0,0,0,0,0,0,0,0,0,0,130500000,0,0,0,0,0,0,14076533.3333333,0,9333.33333333333,0,0,0,0,0,0,0,0,0,0,0,0,0,0,0,0
"Saint Vincent and the Grenadines",0,0,0,0,0,0,0,0,0,0,0,0,0,0,0,0,0,0,0,0,0,0,0,0,0,0,0,0,0,0,0,0,0,0,0,0,0,0,0,0,0,0,0,0,0,0,0,0,0,0,0,0,0,0,0,0,0,0,0,0,0,0,0,0,0,0,0,0,0,0,0,0,0,0,0,0,0,0,0,0,0,0,0,0,0,0,0,0,0,0,0,0,0,0,0,0,0,0,0,0,0,0,0,0,0,0,0,0,0,0,0,0,0,0,0,0,0,0,0,0,0,0,0,0,0,0,0,0,0,0,0,0,0,0,0,0,0,0,0,0,0,0,0,0,0,0,0,0,0,0,0,0,0,0,0,0,0,0,0,0,0,0,0,0,0,0,0,0,0,0,0,0,0,0,0,0,0,0,0,0,0,0,0,0,0,0,0,0,0,0,0,0,0,0,0
"Sao Tome and Principe",0,0,0,0,0,0,0,0,0,0,0,0,0,0,0,0,0,0,0,0,0,0,0,0,0,0,0,0,0,0,0,0,0,0,0,0,0,0,0,0,0,0,0,0,0,0,0,0,0,0,0,0,0,0,0,0,0,0,0,0,0,0,0,0,0,0,0,0,0,0,0,0,0,0,0,0,0,0,0,0,0,0,0,0,0,0,0,0,0,0,0,0,0,0,0,0,0,0,0,0,0,0,0,0,0,0,0,0,0,0,0,0,0,0,0,0,0,0,0,0,0,0,0,0,0,0,0,0,0,0,0,0,0,0,0,0,0,0,0,0,0,0,0,0,0,0,0,0,0,0,0,0,0,0,0,0,0,0,0,0,0,0,0,0,0,0,0,0,0,0,0,0,0,0,0,0,0,0,0,0,0,0,0,0,0,0,0,0,0,0,0,0,0,0,0
"Saudi Arabia",0,0,0,0,0,0,0,0,0,10263600,0,14733333333.3333,0,0,0,0,0,0,0,0,0,0,0,0,0,0,0,0,0,0,0,0,0,0,0,0,0,0,0,0,0,0,0,0,0,0,1085214933.33333,0,0,0,0,0,0,0,0,0,0,0,0,0,0,0,0,0,0,0,0,0,0,0,0,0,0,0,0,53785123600,0,0,0,0,0,0,0,0,0,0,226780817466.667,0,0,0,0,0,11886930400,0,0,147333333.333333,0,0,539466.666666667,0,0,0,0,24975121600,0,0,0,0,0,0,0,0,0,0,0,0,0,0,0,0,0,0,0,0,0,0,107494400,0,0,0,0,0,0,0,0,0,0,0,0,0,0,0,0,0,0,0,0,0,0,0,0,0,0,0,0,0,0,0,0,0,0,0,0,0,0,0,0,0,0,0,22241440000,0,0,240122574366.667,0,0,0,0,0,0,0,0,0,0,0,16486276466.6667,0,0,0,0,0,0,662666.666666667,0,0
"Senegal",0,0,0,0,0,0,0,0,0,0,0,0,0,0,0,0,0,0,0,0,0,0,0,0,0,0,0,0,0,0,0,0,0,0,0,0,0,0,0,0,0,0,0,0,0,0,0,0,0,0,0,0,0,0,0,0,0,0,17385333.3333333,0,0,0,0,0,0,0,0,287100000,0,0,0,0,0,0,0,3305333333.33333,0,0,0,0,0,0,0,0,0,0,0,0,0,0,0,0,0,0,0,0,0,0,0,0,0,0,0,0,0,456750000,0,0,0,0,0,0,0,0,0,0,0,0,0,0,0,0,0,0,0,0,0,0,0,0,0,0,0,0,0,34800000,0,0,0,0,0,0,0,0,0,0,0,0,0,0,206178266.666667,0,0,0,0,0,0,0,0,0,0,0,0,0,0,0,0,0,0,0,0,0,0,0,0,0,0,0,0,51861333.3333333,0,0,0,0,0,0,0,0,0,0,0,0,0,0,0
"Seychelles",0,0,0,0,0,0,0,0,0,0,0,0,0,0,0,0,0,0,0,0,0,0,0,0,0,0,0,0,0,0,0,0,0,0,0,0,0,0,0,0,0,0,0,0,0,0,0,0,0,0,0,0,0,0,0,0,0,0,0,0,0,0,0,0,0,0,0,0,0,0,0,0,0,0,0,0,0,0,0,0,0,0,0,0,0,0,0,0,0,0,0,0,0,0,0,0,0,0,0,0,0,0,0,0,0,0,0,0,0,0,0,0,0,0,0,0,0,0,0,0,0,0,0,0,0,0,0,0,0,0,0,0,0,0,0,0,0,0,0,0,0,0,0,0,0,0,0,0,0,0,0,0,0,0,0,0,0,0,0,0,0,0,0,0,0,0,0,0,0,0,0,0,0,0,0,0,0,0,0,0,0,0,0,0,0,0,0,0,0,0,0,0,0,0,0
"Sierra Leone",0,0,0,0,0,0,0,0,0,0,0,0,0,0,0,0,0,0,0,0,0,0,0,0,0,0,0,0,0,0,0,0,0,0,0,0,0,0,0,0,0,0,0,0,0,0,0,0,0,0,0,0,0,0,0,0,0,0,0,0,0,0,0,0,0,0,0,0,0,0,0,0,0,0,0,0,0,0,0,0,0,0,0,0,0,0,0,0,0,0,0,0,0,0,0,0,0,0,0,0,0,0,0,0,0,0,0,793065866.666667,0,0,0,0,0,0,0,0,0,0,0,0,0,0,0,0,0,0,0,0,0,0,0,0,0,0,0,0,0,0,0,0,0,0,0,0,0,0,0,0,0,0,0,0,0,0,0,0,0,0,0,0,0,0,0,0,0,0,0,0,0,0,0,0,0,0,0,0,0,0,0,0,0,0,0,0,0,0,0,0,0,0,0,0,0,0,0
"Slovenia",0,0,1608900,0,0,0,0,104016333433.333,0,0,0,0,0,0,0,0,0,0,0,0,0,0,0,0,0,0,0,0,0,0,0,0,0,0,0,0,0,0,0,0,0,7719797333.33333,0,0,0,0,0,0,0,0,0,0,0,0,0,0,0,0,0,7706579800,655458666.666667,0,0,1826815466.66667,0,0,0,0,0,0,0,0,974865504666.667,389592339833.333,0,0,0,0,0,0,0,242548364833.333,0,0,0,235733.333333333,0,0,0,0,0,0,0,0,0,0,0,0,0,0,0,0,0,0,0,0,1.392e+09,0,0,0,0,0,0,0,0,0,0,0,0,37439466.6666667,0,0,0,0,0,0,0,0,24226891866.6667,0,0,0,0,1733359200,0,0,0,0,0,0,17087670000,0,0,0,0,0,0,0,0,0,0,0,111632560133.333,0,0,0,0,0,0,0,0,58933.3333333333,0,0,0,0,0,0,0,0,0,0,0,0,0,0,582400,0,0,0,0,0,0,0,0,0,0,0,0,0,30780400,1528233.33333333,0,0,0
"Slovakia",0,0,0,0,0,0,0,173769141700,0,0,0,0,0,0,0,0,0,0,0,0,0,0,0,0,0,0,0,0,0,0,0,0,0,0,0,0,0,0,0,0,0,0,0,0,0,0,0,0,0,789588800,0,0,0,37952500,0,0,0,0,0,102681561133.333,0,0,0,0,0,0,0,0,0,0,0,0,112623361166.667,29602833.3333333,0,0,0,0,0,0,0,987910933.333333,0,0,0,0,0,0,0,0,0,0,0,0,0,0,0,0,0,2038445066.66667,0,0,0,0,0,0,0,0,0,0,0,0,0,0,0,0,58018733.3333333,0,0,0,0,0,0,0,0,0,0,0,42717512700,0,0,0,0,55162018533.3333,0,0,0,0,0,0,3137931266.66667,0,0,0,0,0,0,0,0,0,0,1326666.66666667,0,0,0,0,383066.666666667,0,0,0,4466666.66666667,11166.6666666667,0,0,0,0,0,0,0,0,0,0,0,0,0,0,535700,0,0,0,0,0,0,0,0,0,0,0,86514200,0,0,0,0,0,0
"Singapore",0,0,0,0,0,0,4517434366.66667,0,0,131422466.666667,0,78574533.3333333,0,0,0,0,55921600,0,0,246815066.666667,241316800,0,419886300,0,0,1306666.66666667,0,0,426446766.666667,0,0,2490249066.66667,0,0,0,0,0,0,614133.333333333,0,0,169866.666666667,0,0,0,0,52572800,0,0,0,0,8116766800,0,19242933.3333333,797066.666666667,0,0,0,0,11354933.3333333,0,0,739200,386133.333333333,0,0,0,0,0,0,0,437823733.333333,0,0,0,1022884933.33333,12744467100,0,3860266.66666667,1812533.33333333,0,1716100,0,5600,0,59600833.3333333,0,0,57866.6666666667,456867666.666667,0,315602566.666667,5057523733.33333,0,0,0,0,0,0,0,82133.3333333333,0,0,5444258300,101857033.333333,0,0,0,226773566.666667,35098933.3333333,0,0,0,0,0,15933866.6666667,561803200,0,136737066.666667,0,16523733.3333333,803017066.666667,0,0,546933.333333333,793333.333333333,111666.666666667,0,0,503956533.333333,0,737333.333333333,2801473700,0,0,0,2928766.66666667,0,88416533.3333333,0,0,0,0,0,0,0,0,359044000,0,3595200,0,0,0,0,0,224375200,4816000,0,0,0,2577800,19600000,0,0,32912933.3333333,0,2111100266.66667,0,0,0,0,0,0,337965600,0,0,102173866.666667,0,590243733.333333,0,0,0,0,516069666.666667,0,0,0,0,21403200,0,0,0,0,0,0
"Somalia",0,0,0,0,0,0,0,0,0,0,0,0,0,0,0,0,0,0,0,0,0,0,0,0,0,0,0,0,0,0,0,0,0,0,0,0,0,0,0,0,0,0,0,0,0,0,0,0,0,0,0,0,0,0,0,0,0,0,0,0,0,0,0,0,0,0,0,0,0,0,0,0,0,0,0,0,0,0,0,0,0,0,0,0,0,0,0,0,0,0,0,0,0,0,0,0,0,0,0,0,0,0,0,0,0,0,0,0,0,0,0,0,0,0,0,0,0,0,0,0,0,0,0,0,0,0,0,0,0,0,0,0,0,0,0,0,0,0,0,0,0,0,0,0,0,0,0,0,0,0,0,0,0,0,0,0,0,0,0,0,0,0,0,0,0,0,0,0,0,0,0,0,0,0,0,0,0,0,0,0,0,0,0,0,0,0,0,0,0,0,0,0,0,0,0
"South Africa",0,0,0,0,0,1326000,0,0,0,119466.666666667,0,11166.6666666667,0,0,0,157508161800,0,0,1866.66666666667,0,0,0,0,0,0,76500,0,0,0,0,0,0,1866.66666666667,0,96362033.3333333,0,0,0,0,0,0,0,0,0,0,0,0,0,0,0,0,0,0,9265533.33333333,0,0,28000,31733.3333333333,0,0,0,3893133.33333333,0,0,0,0,0,0,0,0,0,0,0,0,0,11166.6666666667,0,0,0,0,0,0,184800,0,0,1998833.33333333,0,0,2385600,0,0,29466.6666666667,957600,0,0,0,29401587766.6667,0,0,0,0,805792933.333333,3982463400,1252263500,0,1866.66666666667,0,89333.3333333333,11799566.6666667,0,0,0,65220105033.3333,0,42408757200,0,85033.3333333333,0,0,0,0,16800,0,0,5632266.66666667,0,184800,0,0,265200,0,0,0,0,0,0,0,0,386400,257318992100,0,5600,1605333.33333333,0,0,294666.666666667,0,0,0,24680600,3733.33333333333,26970000,0,28000,0,0,0,0,0,138460140166.667,0,1167540000,0,0,199224500,178258433.333333,0,0,0,0,326666.666666667,0,0,8265066.66666667,1109400,0,4467866.66666667,0,39436533.3333333,0,0,0,0,0,0,0,12024849900,135734277633.333,0,0,0,0,7466.66666666667,3383500,0
"Spain",0,0,0,1130886558866.67,0,589333.333333333,1721904833.33333,192611933.333333,0,1866.66666666667,0,0,0,0,0,0,14511200,0,0,0,0,90433633.3333333,0,0,26932533.3333333,1709066.66666667,241289633.333333,29761333.3333333,0,0,138634000,11845600,3683333.33333333,0,0,0,0,85620700,64274753900,0,1866.66666666667,238233.333333333,0,7743600,49946000,1532266.66666667,0,0,378770800,8692666.66666667,0,0,29172000,621847704600,43875066.6666667,0,0,0,0,5326704566.66667,0,127885333.333333,0,6020418900,0,0,1220633.33333333,0,0,0,0,70100,67000,988871866.666667,11166.6666666667,1189057333.33333,0,3.536e+10,0,1932430366.66667,26675996533.3333,178560431300,0,0,0,29466.6666666667,147333.333333333,0,0,0,0,175032000,1064733.33333333,66123200,0,5577612766.66667,0,14998533.3333333,32216970000,11666633.3333333,0,13066.6666666667,0,1502800,100800,655073466.666667,24127258633.3333,29866.6666666667,46793066.6666667,1736489600,0,1647555719633.33,0,0,0,0,12434733166.6667,0,11166.6666666667,0,0,13853694400,0,0,25135066.6666667,546352633.333333,1561733.33333333,0,16239866.6666667,0,0,11845600,37628933.3333333,604971200,193288199400,0,0,0,0,0,160050866.666667,0,2583981466.66667,0,0,0,137020000,467033.333333333,14733406133.3333,0,0,2239466.66666667,8928400,29731866.6666667,639397200,88112228533.3333,0,0,0,0,168587266.666667,5036166.66666667,0,0,324133.333333333,0,206266.666666667,0,0,0,33500,125948377333.333,25247088333.3333,261800,0,0,88968427533.3333,3480000,1621621033.33333,1866.66666666667,28000,0,690000800,0,0,0,11197333.3333333,0,895077433.333333,93118833.3333333,32932933.3333333,0,61172800,0,0
"Suriname",0,0,0,0,0,0,0,0,0,0,0,0,0,0,0,0,0,0,0,0,0,0,0,0,0,0,0,0,0,0,0,0,0,0,0,0,0,0,0,0,0,0,0,0,0,0,0,0,0,0,0,0,0,3121066.66666667,0,0,0,0,0,0,0,0,0,0,0,0,0,0,0,0,0,0,0,0,0,0,0,0,0,0,0,0,0,0,0,0,0,0,0,0,0,0,0,0,0,0,0,0,0,0,0,0,0,0,0,0,0,0,0,0,0,0,0,0,0,0,13426933.3333333,0,0,0,0,0,0,0,0,0,0,0,0,0,0,0,0,0,0,0,0,0,0,0,0,0,0,0,0,0,0,0,0,0,0,0,0,0,0,0,0,0,0,0,0,0,0,0,0,0,0,0,0,14055600,0,0,0,0,0,0,0,0,0,0,0,0,410618000,0,0,0,0,0,0,0,0,0,0,0,0
"Tajikistan",0,0,0,0,0,0,0,0,0,0,0,0,0,0,0,0,0,0,0,0,0,0,0,0,0,0,0,0,0,0,0,0,0,0,0,0,0,0,0,0,0,0,0,0,0,0,0,0,0,0,0,0,0,0,0,0,0,0,0,0,0,0,0,0,0,0,0,0,0,0,0,0,0,0,0,0,0,0,0,0,0,0,0,0,0,0,0,0,0,0,0,0,0,0,0,0,0,0,0,0,0,0,0,0,0,0,0,0,0,0,0,0,0,0,0,0,0,0,0,0,0,0,0,0,0,0,0,0,0,0,0,0,0,0,0,0,0,0,0,0,0,0,0,0,0,0,0,0,0,0,0,0,0,0,0,0,0,0,0,0,0,0,0,0,0,0,0,0,0,0,0,0,0,0,0,0,0,0,0,0,0,0,0,0,0,0,0,0,0,0,0,0,0,0,0
"Swaziland",0,0,0,0,0,0,0,0,0,0,0,0,0,0,0,0,0,0,0,0,0,0,0,0,0,0,0,0,0,0,0,0,0,0,0,0,0,0,0,0,0,0,0,0,0,0,0,0,0,0,0,0,0,0,0,0,0,0,0,0,0,0,0,0,0,0,0,0,0,0,0,0,0,0,0,0,0,0,0,0,0,0,0,0,0,0,0,0,0,0,0,0,0,0,0,0,0,0,0,0,0,0,0,0,0,0,0,0,0,0,0,0,0,0,0,0,0,0,0,0,0,0,0,0,0,0,0,0,0,0,0,0,0,0,0,0,0,0,0,0,0,0,0,0,0,0,0,0,0,0,0,0,0,0,0,59540666.6666667,0,0,0,0,0,0,0,0,1866.66666666667,0,0,0,0,0,0,0,0,0,0,0,0,0,0,0,0,0,0,0,0,0,0,0,0,0,0,0,0,0,0
"Sweden",0,0,0,0,0,0,0,4330539200,0,0,0,0,0,0,0,0,766133.333333333,0,0,0,0,25694933.3333333,0,0,0,0,0,0,0,0,0,3660557466.66667,0,0,0,0,0,0,0,0,0,10849206100,0,0,0,0,0,0,0,76118933.3333333,1221066.66666667,0,490223400,41065966.6666667,0,0,0,0,0,2293636466.66667,0,0,0,0,0,0,0,0,0,0,0,0,46113466.6666667,0,6198033.33333333,0,0,0,0,7361362666.66667,0,1091358800,0,0,0,13033.3333333333,0,0,0,0,0,0,0,68328000,0,0,0,0,0,29466.6666666667,0,0,0,1866.66666666667,0,0,5550933.33333333,0,0,1270308000,0,0,0,2239466.66666667,0,0,27619303766.6667,0,0,0,0,0,0,0,0,1947159566.66667,0,0,2430133.33333333,0,0,0,0,703457733.333333,11786666.6666667,0,0,0,0,0,0,0,113849866.666667,0,0,0,0,0,0,0,0,0,0,0,0,1561733.33333333,80331000,0,0,0,0,8381566.66666667,0,0,0,0,0,0,0,0,0,0,59131166.6666667,0,0,0,1603304666.66667,0,94933.3333333333,0,0,0,0,0,0,0,0,0,23840400,0,0,0,0,0,0
"Switzerland",0,0,0,0,0,0,29466.6666666667,398158700,0,0,0,0,0,0,0,0,16800,0,0,0,0,0,0,0,0,0,0,0,0,0,0,0,0,0,0,0,0,0,0,0,0,223333.333333333,0,0,0,0,0,0,0,0,0,0,580666.666666667,1410430233.33333,0,0,0,0,0,3702452233.33333,0,0,0,0,0,0,0,0,0,0,0,0,351800,368500,0,1060800,589333.333333333,0,0,0,0,377526200,0,0,0,0,0,0,0,0,0,0,0,0,0,0,0,0,0,22333.3333333333,0,0,0,0,0,0,0,0,0,0,0,0,0,0,0,0,123847300,0,0,0,0,0,0,0,0,0,0,0,346166.666666667,0,0,0,0,11166.6666666667,0,0,0,0,0,0,6924666.66666667,0,167500,0,0,0,0,0,0,0,0,0,0,1208133.33333333,0,0,564563033.333333,0,0,0,1150166.66666667,0,0,0,0,0,0,0,0,0,0,0,0,0,0,0,288666.666666667,480166.666666667,0,0,0,0,0,0,0,0,0,0,69753500,11166.6666666667,0,0,0,0,0
"Syrian Arab Republic",0,0,0,0,0,0,0,0,0,0,0,0,0,0,0,0,0,0,0,0,0,0,0,0,0,0,0,0,0,0,0,0,0,0,0,0,0,0,0,0,0,0,0,0,0,0,0,0,0,0,0,0,0,0,0,0,0,0,0,0,0,0,0,0,0,0,0,0,0,0,0,0,0,0,0,0,0,0,0,0,0,0,0,0,0,0,0,0,0,0,0,0,56693866.6666667,0,0,8881566.66666667,0,0,0,0,0,0,0,0,0,0,0,41253333.3333333,0,0,0,0,0,0,0,0,0,0,0,0,0,0,0,0,0,0,0,0,0,0,0,0,0,0,0,0,0,0,0,0,0,0,0,0,0,0,0,10295666.6666667,0,0,0,0,0,0,0,0,0,0,0,0,0,0,0,0,0,0,0,0,0,0,0,168000,0,0,0,0,0,0,0,0,0,0,203466.666666667,0,0,0,0,0,0,0,0,0,0,0,0
"Turkmenistan",0,0,0,0,0,0,0,0,0,0,0,0,0,0,0,0,0,0,0,0,0,0,0,0,0,0,0,0,0,0,0,0,0,0,0,0,0,0,0,0,0,0,0,0,0,0,0,0,0,0,0,0,0,0,0,0,0,0,0,0,0,0,0,0,0,0,0,0,0,0,0,0,0,0,0,0,0,0,0,0,0,0,0,0,0,0,0,0,0,0,0,0,0,0,0,0,0,0,0,0,0,0,0,0,0,0,0,0,0,0,0,0,0,0,0,0,0,0,0,0,0,0,0,0,0,0,0,0,0,0,0,0,0,0,0,0,0,0,0,0,0,0,0,0,0,0,0,0,0,0,0,0,0,0,0,0,0,0,0,0,0,0,0,0,0,0,0,0,0,0,0,0,0,0,0,0,0,0,0,0,0,0,0,0,0,0,0,0,0,0,0,0,0,0,0
"Taiwan",0,0,0,0,0,4401333.33333333,302511966.666667,151200,0,0,0,97595566.6666667,0,0,0,0,1856666.66666667,0,1526933.33333333,2293600,2568100,108789333.333333,20533.3333333333,0,270666.666666667,512934533.333333,0,0,1731866.66666667,0,26139200,16983686000,0,0,0,0,39862000,0,0,0,0,0,0,382666.666666667,0,119466.666666667,0,216533.333333333,0,0,0,12832400,701866.666666667,2142533.33333333,6226800,0,0,0,2386800,968800,0,3722400,1116666.66666667,0,0,0,95200,0,0,81333.3333333333,42933.3333333333,38821703833.3333,0,0,0,14744294933.3333,5612425733.33333,0,0,0,0,0,970666.666666667,0,0,27514029633.3333,0,0,0,64827966.6666667,0,19493772266.6667,82224800,0,0,38602666.6666667,84000,0,0,0,14252500,306133.333333333,0,26255924133.3333,0,0,0,0,18983233.3333333,224000,0,0,534133.333333333,0,933200,0,306284666.666667,0,1877866.66666667,0,0,93464933.3333333,11545333.3333333,0,618800,100800,0,6889866.66666667,0,77817066.6666667,261333.333333333,0,3891599866.66667,0,28845600,0,0,0,0,0,0,0,165627466.666667,0,1866.66666666667,5600,0,0,9709200,0,0,0,0,2355499200,0,254187100,276804266.666667,5600,0,54133.3333333333,4004233.33333333,93333.3333333333,0,0,0,0,84769600,0,1217900,54003400,0,0,0,0,0,1866.66666666667,36633633.3333333,0,2264126033.33333,0,4253600,0,905333.333333333,32180935233.3333,0,0,0,0,26594400,0,0,0,0,0,0
"United Republic of Tanzania",0,0,0,0,0,0,0,0,0,0,0,0,0,0,0,446666.666666667,0,0,0,0,0,0,0,303107166.666667,0,710758333.333333,0,0,0,0,0,1198462500,0,0,0,0,0,0,0,0,0,0,0,0,0,0,0,0,0,0,0,0,0,0,0,0,0,0,0,0,0,0,0,0,0,0,0,0,0,0,0,0,0,0,0,109474567600,0,0,0,0,0,3701225166.66667,0,0,0,14293333.3333333,0,0,683355333.333333,0,0,0,0,0,0,0,0,0,0,0,0,0,26100000,0,0,0,0,0,24566666.6666667,0,0,0,0,0,0,0,0,0,0,0,0,0,0,0,0,0,77050000,0,0,0,0,0,0,0,0,0,0,0,13400000,1793158333.33333,0,9640132466.66667,0,0,0,0,0,0,0,0,0,0,0,0,0,1030236666.66667,0,0,0,0,0,0,0,0,0,0,0,0,0,0,472733.333333333,0,0,120097500,8829605500,0,49557666.6666667,0,471233333.333333,0,0,0,0,0,0,0,188533.333333333,0,52483333.3333333,0,0,0,0,0,0
"Thailand",0,0,1047200,0,0,401333.333333333,1427066866.66667,3251733.33333333,0,14134300,78400,53270933.3333333,0,63466.6666666667,0,0,2732800,0,0,61880000,1775200,0,94915477633.3333,0,0,144838666.666667,0,0,4881333.33333333,0,8301066.66666667,383993033.333333,0,2003733.33333333,1866.66666666667,619733.333333333,0,0,5674666.66666667,1450400,0,51686033.3333333,0,0,0,0,12831466.6666667,0,0,2822400,0,804916000,18002133.3333333,494768000,216533.333333333,0,922133.333333333,0,0,235125600,0,1114400,0,2512533.33333333,0,0,0,0,82133.3333333333,0,0,58191491600,1926400,0,3729600,34899892400,112924526933.333,112000,156800,47344266.6666667,851816633.333333,26398400,0,0,0,1877271800,3012800,0,276266.666666667,173210816600,0,8454890000,13876800,10150933.3333333,92447134866.6667,2764533.33333333,0,0,0,0,4550933.33333333,2857866.66666667,0,61395142900,88795733.3333333,168000,2480800,0,1812533.33333333,6964533.33333333,836266.666666667,1946933.33333333,0,0,0,1797600,847877333.333333,0,27921600,0,814533.333333333,109278333.333333,0,0,7560000,126845600,7500266.66666667,0,13891733.3333333,83900,0,0,249022577866.667,161224000,1177866.66666667,0,0,0,9197066.66666667,0,1668800,0,2833600,0,0,0,0,73882666.6666667,327866.666666667,662666.666666667,0,0,0,6549831766.66667,0,72648800,30101500,0,0,0,549373066.666667,122105266.666667,0,0,1003690000,0,0,0,0,0,1476266.66666667,0,5228533.33333333,44939333.3333333,0,0,571500700,5034400,3576786100,0,0,0,369600,354577720866.667,0,0,0,0,99588533.3333333,0,31733.3333333333,0,0,0,0
"Togo",0,0,0,0,0,0,0,22333333.3333333,0,0,0,0,0,0,0,0,0,0,0,0,0,0,0,0,0,471144000,0,0,558333333.333333,0,0,0,0,0,0,0,0,0,0,0,25236666.6666667,0,0,0,0,0,0,0,0,0,0,0,0,80409084500,0,0,0,0,0,0,0,512483000,0,0,0,0,0,0,0,0,0,0,0,0,0,115092633500,0,0,0,0,0,4041730333.33333,0,0,0,0,0,0,0,0,0,0,0,0,0,0,0,0,0,0,0,0,0,0,0,0,0,0,0,0,0,0,0,0,0,0,6367211000,0,0,0,0,0,0,0,0,0,0,0,0,0,0,0,0,0,0,0,0,0,0,0,0,0,0,0,0,0,0,0,0,0,0,0,0,0,0,0,2475851000,0,0,0,0,0,0,0,1181210000,0,268580666.666667,0,0,0,0,0,16091284666.6667,0,0,0,0,0,3365186666.66667,0,0,0,0,290333333.333333,0,0,0,0,8464143500,0,0,0,0,0,0
"Tonga",0,0,0,0,0,0,0,0,0,0,0,0,0,0,0,0,0,0,0,0,0,0,0,0,0,0,0,0,0,0,0,0,0,0,0,0,0,0,0,0,0,0,0,0,0,0,0,0,0,0,0,0,0,0,0,0,0,0,0,0,0,0,0,0,0,0,0,0,0,0,0,0,0,0,0,0,0,0,0,0,0,0,0,0,0,0,0,0,0,0,0,0,0,0,0,0,0,0,0,0,0,0,0,0,0,0,0,0,0,0,0,0,0,0,0,0,0,0,0,0,0,0,0,0,0,0,0,0,0,0,0,0,0,0,0,0,0,0,0,0,0,0,0,0,0,0,0,0,0,0,0,0,0,0,0,0,0,0,0,0,0,0,0,0,0,0,0,0,0,0,0,0,0,0,0,0,0,0,0,0,0,0,0,0,0,0,0,0,0,0,0,0,0,0,0
"Trinidad and Tobago",0,0,147333.333333333,0,343466.666666667,0,0,0,0,0,45056133.3333333,0,0,0,0,0,0,0,3733.33333333333,0,0,0,0,0,0,384533.333333333,0,0,0,0,0,0,5600,0,0,0,0,0,0,0,0,0,54650800,0,0,0,0,0,0,0,0,0,0,0,0,0,0,0,0,0,0,0,0,0,0,362084333.333333,0,0,915174400,0,0,0,0,0,0,0,0,0,0,0,0,0,0,0,58933.3333333333,0,0,0,0,0,0,0,0,0,0,0,0,0,0,0,0,0,0,0,0,0,0,0,0,176800,0,0,0,0,0,0,2416266.66666667,0,0,0,0,0,0,0,0,0,0,0,0,0,0,0,0,0,0,0,0,0,0,0,0,0,0,3873733.33333333,4462266.66666667,280901433.333333,0,0,0,0,8162266.66666667,0,0,0,0,0,0,67667733.3333333,0,0,0,0,0,0,0,0,0,0,0,0,0,0,0,0,0,0,899466.666666667,0,11837466.6666667,0,0,0,188380400,0,0,0,0,0,0,0,0,0,0,0,0
"Oman",0,0,0,0,0,0,0,0,0,76318666.6666667,0,0,0,0,0,0,0,0,0,0,0,0,0,0,0,0,0,0,0,0,0,0,0,0,0,0,0,0,0,0,0,0,0,0,0,0,0,0,0,0,0,0,0,0,0,0,0,0,0,0,0,0,0,0,0,0,0,0,0,0,0,0,0,0,0,45240000,0,1797466.66666667,0,0,0,0,0,0,0,0,268000,0,0,0,0,0,707200,0,0,0,0,0,0,0,0,0,0,0,0,0,0,0,0,0,0,0,0,0,0,0,0,0,0,0,0,0,0,0,31511200,88400,0,0,0,0,0,0,0,0,0,0,0,0,1431674266.66667,0,0,0,0,0,0,0,0,559866.666666667,0,0,0,0,0,324800,1120000,0,0,0,0,0,0,0,0,0,0,0,0,0,0,0,0,0,0,912747933.333333,0,0,0,0,0,0,0,0,0,0,0,17885300,0,0,0,0,0,0,0,0,0
"Tunisia",0,0,0,589333333.333333,0,0,0,0,0,0,0,0,0,0,0,0,0,0,0,0,0,0,0,0,0,212166.666666667,0,0,0,0,0,0,0,0,0,0,0,0,0,0,0,0,0,0,0,0,0,0,0,0,0,0,0,335000,0,0,0,0,0,0,0,0,0,0,0,0,0,0,0,0,0,0,0,0,0,0,0,0,0,0,0,0,0,0,0,0,0,0,0,0,0,0,0,0,0,0,0,0,4035310933.33333,0,0,0,0,0,0,0,0,0,0,0,0,0,0,0,0,0,0,0,0,0,0,0,0,0,0,0,0,0,0,0,0,0,0,0,0,0,0,0,0,0,0,0,0,0,0,0,0,0,14473496266.6667,0,0,0,0,0,0,0,0,0,0,0,0,0,0,0,0,0,0,0,0,0,0,0,0,0,0,0,0,0,0,0,0,0,0,0,0,0,0,0,0,0,0,0,0,0,0
"Turkey",0,19806429333.3333,57618533.3333333,522720169066.667,41066.6666666667,0,0,3188000,406666.666666667,0,7466.66666666667,41253370566.6667,0,0,0,0,0,0,29866.6666666667,0,0,43027510666.6667,0,0,1866.66666666667,10887105133.3333,56000,0,0,0,0,81402499200,11200,5600,0,9333.33333333333,0,0,101730671366.667,35382578766.6667,0,97000,0,0,0,0,65372096533.3333,0,0,134400,0,0,1866.66666666667,139633.333333333,0,1866.66666666667,2245505933.33333,275766.666666667,0,22051266.6666667,42933.3333333333,20533.3333333333,0,14047998266.6667,0,0,0,1866.66666666667,0,0,0,520400,8339066.66666667,3733.33333333333,1149200,307268206400,0,396179416733.333,1171722686000,1830666.66666667,4455264000,95133.3333333333,3733.33333333333,0,0,107066.666666667,99297866.6666667,7466.66666666667,0,0,1866.66666666667,7466.66666666667,1843941300,0,0,28116041066.6667,0,1810400,9459578366.66667,1866.66666666667,0,0,0,0,16800,0,1562266.66666667,0,0,7466.66666666667,1866.66666666667,17588800866.6667,167500,52266.6666666667,0,10643654666.6667,122965266.666667,0,0,1866.66666666667,1866.66666666667,0,0,13066.6666666667,35466.6666666667,134200,3733.33333333333,1947200,33500,0,0,0,56000,0,175300,0,0,14580342400,27077130733.3333,0,0,104533.333333333,2198533.33333333,9333.33333333333,0,11200,0,45582333.3333333,388812666.666667,0,0,0,5421866.66666667,520166.666666667,69601866.6666667,0,9695860333.33334,0,169650000,0,10964900,3733.33333333333,136998405133.333,28436216266.6667,5600,33533.3333333333,1866.66666666667,9333.33333333333,0,0,21750000,109607808133.333,0,136812266.666667,0,3733.33333333333,89943966.6666667,5226264533.33333,329330731666.667,0,0,3088291333.33333,684805333.333333,0,0,0,31733.3333333333,0,2871066.66666667,3733.33333333333,0,0,72800,0,0
"United Arab Emirates",3303600,9413200,0,0,0,0,128800,0,0,23764942233.3333,0,6529166.66666667,0,70933.3333333333,0,0,0,0,0,0,29866.6666666667,0,0,1390666.66666667,742933.333333333,1129333.33333333,0,35466.6666666667,3648366933.33333,268800,0,29702533.3333333,0,769066.666666667,1102866.66666667,0,0,0,1866.66666666667,6876500,91466.6666666667,0,0,0,0,0,26437733.3333333,0,46666.6666666667,0,0,0,0,0,0,1745333.33333333,864266.666666667,0,2564766.66666667,29466.6666666667,0,1291733.33333333,0,0,0,0,0,1123833.33333333,0,0,0,6423733.33333333,0,0,0,3476071066.66667,14087733.3333333,604733333.333333,2203872666.66667,0,0,154933.333333333,991200,0,0,0,700212800,0,17364466.6666667,0,0,440533.333333333,176917768000,0,14933.3333333333,7044666.66666667,0,6710700,6559466.66666667,0,0,259466.666666667,233333.333333333,349333.333333333,13406533.3333333,37333.3333333333,16800,713066.666666667,6722333.33333333,0,0,0,33600,0,0,490162800,0,0,0,0,0,0,0,61600,886533.333333333,0,371425733.333333,0,0,0,0,0,8289866.66666667,11166666.6666667,0,0,0,181066.666666667,997171533.333333,0,0,2770133.33333333,205333.333333333,0,0,0,0,29154908333.3333,18672533.3333333,5665866.66666667,1479766.66666667,0,0,30098133.3333333,30618733.3333333,3587733.33333333,0,0,16800,0,205333.333333333,0,63516000,2124266.66666667,0,35599266.6666667,125066.666666667,888533.333333333,48533.3333333333,0,123791155200,0,5140800,0,22753066.6666667,0,1685600,0,1162933.33333333,474133.333333333,0,0,0,0,15695200,332373666.666667,364000,2888733.33333333,0,0,0,0,6759200,11072000,1344000
"Uganda",0,0,0,0,0,0,0,0,0,0,0,0,0,0,0,0,0,0,0,0,0,0,0,194588333.333333,0,21149666.6666667,0,0,0,0,0,0,0,0,0,0,0,0,0,0,0,0,0,0,0,0,0,0,0,0,0,0,0,9269282500,0,0,0,0,0,73566000,0,0,0,0,0,0,0,0,0,0,0,0,0,0,0,11507730166.6667,0,0,0,0,0,0,0,0,0,0,0,0,66362655566.6667,0,0,0,0,0,0,0,0,0,0,0,0,0,0,0,0,0,0,0,0,0,0,0,0,0,0,0,441697500,0,0,0,0,0,0,0,0,0,0,0,0,0,0,0,0,0,0,0,0,0,0,0,0,2030339733.33333,0,0,0,0,0,0,0,0,0,0,0,0,0,0,10474694500,0,0,0,55833.3333333333,1319789700,0,0,0,26555351666.6667,0,0,0,0,0,0,0,3975333.33333333,0,0,0,0,22333333.3333333,0,0,0,0,0,0,0,833251466.666667,0,1686176000,0,0,0,0,175496500,0
"Tuvalu",0,0,0,0,0,0,0,0,0,0,0,0,0,0,0,0,0,0,0,0,0,0,0,0,0,0,0,0,0,0,0,0,0,0,0,0,0,0,0,0,0,0,0,0,0,0,0,0,0,0,0,0,0,0,0,0,0,0,0,0,0,0,0,0,0,0,0,0,0,0,0,0,0,0,0,0,0,0,0,0,0,0,0,0,0,0,0,0,0,0,0,0,0,0,0,0,0,0,0,0,0,0,0,0,0,0,0,0,0,0,0,0,0,0,0,0,0,0,0,0,0,0,0,0,0,0,0,0,0,0,0,0,0,0,0,0,0,0,0,0,0,0,0,0,0,0,0,0,0,0,0,0,0,0,0,0,0,0,0,0,0,0,0,0,0,0,0,0,0,0,0,0,0,0,0,0,0,0,0,0,0,0,0,0,0,0,0,0,0,0,0,0,0,0,0
"United Kingdom",0,0,0,589333.333333333,0,0,29394400,246753633.333333,0,13412466.6666667,1053028400,104533.333333333,0,804533.333333333,0,0,0,0,0,0,0,443566433.333333,0,0,0,47038933.3333333,0,0,0,0,322933.333333333,4390533.33333333,0,0,0,0,0,0,3720368333.33333,0,0,15724916533.3333,53040000,0,0,0,1004166.66666667,0,6188000,687466.666666667,0,0,539172933.333333,9900990566.66667,0,0,0,0,214075333.333333,1073858466.66667,0,0,0,491188333.333333,0,0,0,0,0,0,0,66599866.6666667,25040933.3333333,44880666.6666667,1157094000,17400000,0,0,5628133.33333333,413110870700,279166.666666667,531142066.666667,0,0,0,0,13955033.3333333,0,0,0,0,141616800,66795233.3333333,10493200,0,14035300,0,0,0,29222800,0,0,0,45496666.6666667,0,0,749303866.666667,0,0,0,0,0,0,2019733.33333333,0,0,6707389866.66667,0,0,0,0,130666.666666667,0,0,26621333.3333333,1837232233.33333,223333.333333333,0,659095533.333333,0,0,1392533.33333333,793333.333333333,353603733.333333,301109866.666667,0,0,0,22287266.6666667,0,20376700,0,276047866.666667,0,0,0,0,258770300,0,0,279166.666666667,591200,814866.666666667,220194433.333333,0,3908266.66666667,3360978100,0,0,0,6744009766.66667,201481766.666667,0,0,442471466.666667,0,1932400,0,0,0,4877600,0,123379066.666667,510915500,0,0,0,8239200,435348066.666667,0,0,0,0,1116666.66666667,0,0,0,0,1120974300,0,1885866.66666667,0,250133.333333333,0,0
"Ukraine",18293762533.3333,0,1967940000,86939293333.3333,1866.66666666667,0,0,34973006166.6667,11200,0,0,0,0,0,0,0,0,0,1866.66666666667,0,0,3878740466.66667,0,0,2805847333.33333,4301478166.66667,0,0,9508003500,0,0,898661305166.667,0,0,0,0,0,0,9358828366.66667,91994921600,0,40025600,0,0,1645564787700,0,976111900333.333,0,0,10800561333.3333,0,0,0,108228924833.333,0,1909852533.33333,134575445000,0,0,299095298900,0,848581066.666667,0,361300271200,0,0,0,0,0,0,0,13183674266.6667,284849699166.667,0,0,173089414566.667,414990000,120148353000,0,0,86092069300,430498663266.667,0,162241466.666667,0,16800,3142948133.33333,0,42808850666.6667,0,0,560892400,632118333.333333,2182620033.33333,0,309982798166.667,0,28000,204216000,40441279466.6667,0,0,0,17129089966.6667,0,0,16800,0,13594675200,117866.666666667,0,13897977500,565229600,28143488366.6667,0,16002002833.3333,342973005133.333,0,0,0,0,0,0,0,0,5600,0,31733.3333333333,18140584733.3333,0,0,0,7466.66666666667,1865831427733.33,15303517066.6667,0,0,0,694494000,0,96238520166.6667,5498627333.33333,10092533.3333333,0,0,0,0,106105666.666667,780218400,4982834666.66667,0,70484266.6666667,12221673466.6667,566987566.666667,0,3494049933.33333,143452856700,75405200,0,0,671954166.666667,14115219000,0,8351797933.33333,9333.33333333333,3291051600,1866.66666666667,3733.33333333333,0,282025466.666667,14689190533.3333,32768190933.3333,2726707409800,30993540600,0,0,16999675833.3333,0,1375200,0,0,15472455966.6667,0,6387017866.66667,4102084133.33333,9090230933.33333,0,0,4102026633.33333,15019501666.6667,3145520833.33333,3733.33333333333,0,0,0
"United States of America",0,137933466.666667,0,420605553333.333,352207666.666667,231772626433.333,11401886366.6667,357121166.666667,13405820966.6667,11605100666.6667,73048917700,3834902379333.33,0,0,4991466.66666667,0,69973810000,0,514197066.666667,0,36096666.6666667,198911833.333333,539524574500,0,0,4495913311233.33,0,0,479774283500,0,109645566100,94620954490200,5602461421533.33,0,0,0,1280672846900,177774486666.667,499511200,0,25795000,168962198533.333,15297333.3333333,2411884638533.33,0,1588188779933.33,11036254978400,736142352966.667,169197600,0,0,567466.666666667,3364829333.33333,370436080566.667,61152800,205333.333333333,165300000,0,45968000,2104469027433.33,0,21744042866.6667,0,127986790133.333,0,11288334266.6667,2000316424500,0,40198244866.6667,27174647333.3333,795422344366.667,40441595733.3333,534643200,0,87884800,525423944900,7805467811300,0,2901334666.66667,177335959466.667,556698809200,1787459364566.67,2.3925e+10,13790833.3333333,532720649566.667,8607754424100,11768141566.6667,13049866.6666667,3081866.66666667,68573752533.3333,0,5144785360633.33,59952456100,0,4192926666.66667,293049068666.667,0,517066.666666667,196212840000,0,0,0,0,2056489331033.33,0,0,349780800,0,0,22353237671800,9098133.33333333,1301697309966.67,97616584000,1431733.33333333,0,383884185833.333,7168456029700,0,0,0,0,40851558366.6667,441750532133.333,913525600,81896798400,23451232400,3218016353866.67,626981463066.667,10228666.6666667,7988340000,23605866.6666667,1462039070266.67,1892151339800,110652971033.333,1066578048266.67,0,972252666.666667,0,54961683600,825096133.333333,213003684433.333,0,65262666.6666667,465465200,1107226566.66667,8201064333.33333,0,1047988153600,5363800000,2516040000,13318933.3333333,43895850000,0,102332719900,0,61757314533.3333,4280070717200,137807733.333333,2021166.66666667,0,24013333.3333333,123553285466.667,0,0,5477569513200,0,4211462428300,1079816666.66667,0,133260059200,61713142266.6667,981214569600,493751781000,40215636000,225330000,0,792246639266.667,381505600,0,0,11122934433.3333,0,1038412406666.67,3127968023966.67,0,7538929600,88400000,0,248772505800,0,0,0,0,0,961333.333333333
"Burkina Faso",0,0,0,0,0,0,0,0,0,0,0,0,0,0,0,0,0,0,0,0,0,0,0,0,0,692288666.666667,0,0,0,0,0,279166666.666667,0,0,0,0,0,0,0,0,6.7e+07,0,0,0,0,0,0,0,0,0,0,0,0,16666127166.6667,0,0,0,0,0,0,0,9368483500,0,0,0,0,0,0,0,0,0,0,0,0,0,6176372666.66667,0,0,0,0,0,499016000,1192600000,0,0,0,0,0,0,0,0,0,0,0,0,0,0,0,0,0,0,0,0,0,0,124133333.333333,0,0,0,0,0,0,0,0,0,0,0,0,0,0,0,0,0,91317200,0,0,0,0,0,0,0,0,0,0,0,0,0,0,0,0,0,0,0,0,0,0,0,0,304500000,0,0,0,0,1580976666.66667,0,0,0,0,0,0,0,0,0,0,0,0,0,15817025000,0,0,0,0,0,0,0,0,0,0,0,0,0,0,0,0,0,0,0,0,0,0,0,0,0,0,0
"Uruguay",0,0,0,0,0,21127177000,0,0,0,0,0,145118990000,0,0,0,0,138178367800,0,0,0,0,0,0,0,0,0,0,0,0,0,15614629000,2774373922000,0,0,0,0,0,16348859833.3333,0,0,0,0,0,196041733.333333,0,0,528325485000,0,0,0,0,0,0,0,0,0,0,0,0,75577641500,0,0,0,117339333.333333,0,0,1116138400,0,0,0,0,0,0,0,0,324486933.333333,0,0,0,0,17303788500,24273765000,0,0,0,0,0,0,0,0,0,0,0,0,0,0,0,0,0,0,0,0,0,0,0,0,0,0,0,0,0,0,34639000,0,0,0,121241837666.667,0,0,0,0,0,0,0,0,0,0,0,0,0,2574765333.33333,7780989166.66667,0,0,0,0,0,0,0,0,0,0,13442321666.6667,0,0,0,0,224460000,5567130000,0,0,0,0,0,0,1060833.33333333,202307500,0,0,0,0,0,0,0,0,0,0,348870000,0,0,1933455333.33333,89652476666.6667,142980233333.333,7649040000,0,0,3733.33333333333,0,24045741666.6667,0,0,0,0,0,0,0,0,0,84286000,0,0,0,0,0,0
"Uzbekistan",0,0,0,0,0,0,0,0,0,0,0,0,0,0,0,0,0,0,0,0,0,0,0,0,0,0,0,0,0,0,0,0,0,0,0,0,0,0,0,0,0,0,0,0,0,0,0,0,0,0,0,0,0,0,0,0,0,0,0,0,0,0,0,0,0,0,0,0,0,0,0,0,0,0,0,0,0,0,0,0,0,0,0,0,0,0,0,0,0,0,0,0,0,0,0,0,0,0,0,0,0,0,0,0,0,0,0,0,0,0,0,0,0,0,0,0,0,0,0,0,0,0,0,0,0,0,0,0,0,0,0,0,0,0,0,0,0,0,0,0,0,0,0,0,0,0,0,0,0,0,0,0,0,0,0,0,0,0,0,0,0,0,0,0,0,0,0,0,0,0,0,0,0,0,0,0,0,0,0,0,0,0,0,0,0,0,0,0,0,0,0,0,0,0,0
"Venezuela (Bolivarian Republic of)",0,0,0,0,0,0,0,0,0,0,0,0,0,0,0,0,0,0,0,0,0,0,0,0,0,39200,0,0,0,0,1941333.33333333,0,0,0,0,0,0,0,0,0,0,0,0,0,0,0,0,0,0,0,0,0,0,0,0,0,0,0,0,0,0,0,0,0,0,0,0,0,0,0,0,0,0,0,0,0,0,0,0,0,0,0,0,0,0,0,0,0,0,0,0,0,0,0,0,0,0,0,0,0,0,0,0,0,0,0,0,0,0,0,0,0,0,0,0,0,0,0,0,0,0,0,0,0,0,0,0,0,0,0,0,0,0,0,0,0,0,0,0,0,0,0,0,0,0,0,0,0,0,0,0,0,0,0,0,0,0,0,0,0,0,0,0,0,0,0,0,0,0,0,0,0,0,0,0,0,0,0,2908266.66666667,0,0,0,0,0,0,0,0,0,0,0,0,0,0,0,0
"Viet Nam",1866.66666666667,0,0,0,0,0,94377466.6666667,112000,0,0,0,1245066.66666667,0,0,0,0,0,0,0,0,1866.66666666667,0,1328610400,0,0,31901466.6666667,0,0,0,0,0,17861179900,0,0,0,0,0,0,1864833.33333333,7112000,0,629066.666666667,0,0,156411733.333333,0,0,0,0,0,0,0,560000,9891466.66666667,0,0,2049600,0,0,1022638000,0,0,0,0,0,0,0,0,0,0,0,16224933.3333333,12534666.6666667,0,248100,84015528400,5455306500,0,0,0,563733.333333333,11428900,0,36706133.3333333,0,12738569333.3333,0,3205066.66666667,0,170517606300,0,227187505366.667,1652000,0,35219109666.6667,0,0,0,0,43441066.6666667,0,0,0,36655452933.3333,0,0,0,0,0,0,4620860000,11886933.3333333,115733.333333333,244533.333333333,0,0,9799369833.33333,0,0,0,0,2109200,0,0,185875733.333333,22547366.6666667,0,13939733.3333333,46075600,0,0,0,57782877066.6667,8532533.33333333,0,0,0,0,3227466.66666667,0,3608266.66666667,0,1720020566.66667,0,0,0,0,62544533.3333333,1709866.66666667,0,0,490933.333333333,425600,90568100,0,6549333.33333333,5817132533.33333,0,1459733.33333333,0,10624533.3333333,649433.333333333,0,0,995857633.333333,0,138533233.333333,0,0,0,0,0,0,69167066.6666667,0,0,1241456033.33333,15017333.3333333,418180633.333333,0,0,1857333.33333333,0,0,0,0,0,0,185619466.666667,0,0,33600,0,0,0
"Ethiopia",0,0,0,0,0,0,223333.333333333,0,0,0,0,0,0,0,0,0,0,0,0,0,0,0,0,0,0,2508972100,0,0,262416666.666667,0,0,11671400000,0,0,0,0,0,0,0,0,0,0,0,0,0,0,0,0,0,0,0,0,0,1117420000,0,0,0,0,0,167533500,0,0,0,43550000,0,0,0,0,0,0,0,1719666666.66667,0,0,0,214935681666.667,1258483333.33333,0,0,0,4455500000,1863400000,0,0,0,1.34e+08,0,0,2538216666.66667,0,0,0,0,0,0,0,0,0,0,0,0,0,0,466766666.666667,0,0,0,0,0,2036800000,0,0,26800000,0,0,0,0,0,0,0,0,0,0,0,614166.666666667,0,160800000,0,0,0,0,0,0,0,0,0,0,0,0,0,0,0,0,0,0,0,0,0,0,0,0,0,0,7947133333.33333,0,2.68e+08,8318050000,0,0,0,0,11166.6666666667,0,0,0,0,0,0,0,0,0,0,11910366666.6667,11556941666.6667,0,0,457889166.666667,0,1172969000,0,0,0,0,21480992500,0,0,0,0,0,0,0,0,0,0,0
"Yemen",0,0,0,0,0,0,0,0,0,0,0,0,0,0,0,0,0,0,0,0,0,0,0,0,0,0,0,0,0,0,0,0,0,0,0,0,0,0,0,0,0,0,0,0,0,0,0,0,0,0,0,0,0,0,0,0,0,0,0,0,0,0,0,0,0,0,0,0,0,0,0,0,0,0,0,0,0,0,0,0,0,0,0,0,0,0,0,0,0,0,0,0,0,0,0,0,0,0,0,0,0,0,0,0,0,0,0,0,0,0,0,0,0,0,0,0,0,0,0,0,0,0,0,0,0,0,0,0,0,0,0,0,0,0,0,0,0,173600,0,0,0,0,0,0,0,0,0,0,0,0,0,0,0,0,0,0,0,0,0,0,0,0,0,0,0,0,0,0,0,0,0,0,0,0,0,0,0,0,0,0,0,0,0,0,0,0,0,0,0,0,0,0,0,0,0
"Democratic Republic of the Congo",0,0,0,0,0,0,0,0,0,0,0,0,0,0,0,33500000,0,0,0,0,0,0,0,0,0,0,0,0,0,0,0,0,0,0,0,0,0,0,0,0,0,0,0,0,0,0,0,0,0,0,0,0,0,0,0,0,0,0,0,0,0,0,0,0,0,0,0,0,0,0,0,0,0,0,0,0,0,0,0,0,0,0,0,0,0,0,0,0,0,0,0,0,0,0,0,0,0,0,0,0,0,0,0,0,0,0,0,0,0,0,0,0,0,0,0,0,0,0,0,0,0,0,0,0,0,0,0,0,0,0,0,0,0,0,0,0,0,0,0,0,0,783810666.666667,0,0,0,0,0,0,0,0,0,0,0,0,0,0,0,0,0,0,0,0,0,0,0,0,0,0,0,0,0,0,0,0,24086500,0,0,0,0,0,0,0,0,0,0,0,0,0,26800000,0,0,0,0,0,0
"Zambia",0,0,0,0,0,0,0,0,0,0,0,0,0,0,0,7528477000,0,0,0,0,0,0,0,0,0,0,0,0,0,0,0,55833.3333333333,0,0,53040000,0,0,0,0,0,0,0,0,0,0,0,0,0,0,0,0,0,0,0,0,0,0,0,0,0,0,0,0,0,0,0,0,0,0,0,0,0,0,0,0,13453222166.6667,0,0,0,0,0,0,0,0,0,0,0,0,65117760000,0,0,0,0,0,0,0,0,0,0,0,0,0,4339500666.66667,0,0,0,0,0,0,0,0,0,366270000,0,28354170000,0,0,0,0,0,0,0,0,0,0,0,0,0,0,0,0,0,0,0,0,0,0,0,0,100813213566.667,0,9881591666.66667,0,0,0,0,0,0,0,0,0,0,0,0,0,56792933000,0,0,0,37989000,0,0,0,0,0,65557982333.3333,0,0,0,0,0,0,0,1325483333.33333,1037456500,0,0,0,0,0,0,0,0,0,0,0,6412553566.66667,0,0,0,0,0,0,0,0
"Belgium",0,0,0,0,0,0,1300327466.66667,484559033.333333,28877333.3333333,0,0,623809333.333333,0,0,0,0,0,0,0,0,0,346823066.666667,0,6097466.66666667,356502666.666667,66402866.6666667,10307233733.3333,0,97593600,0,915666.666666667,28178547366.6667,58933.3333333333,57931466.6666667,9964963533.33333,0,0,0,5565555200,0,147100000,6559462466.66667,569855866.666667,98654400,6978666.66666667,0,121697333.333333,0,0,4055533.33333333,0,0,128707000,1315947833166.67,208506133.333333,0,0,12471298933.3333,2015663400,81771062500,0,1600338800,0,355176533.333333,0,0,776741333.333333,4513823733.33333,4963188533.33333,0,104312000,13701500,5636282266.66667,48538400,0,165779466.666667,0,6718400,2327866.66666667,33384810033.3333,13095723333.3333,5368605366.66667,1007760000,0,0,5025457466.66667,2288027733.33333,0,0,0,0,116098607733.333,995221600,102283433.333333,0,2048452933.33333,0,55633066.6666667,0,723486500,0,2239466.66666667,0,5492325533.33333,0,5220000,4030640500,20880000,128800,0,0,14365700,0,0,0,34564400,595561962900,0,5600,0,0,3698891733.33333,0,1866.66666666667,58933.3333333333,975218033.333333,0,0,3941829966.66667,0,0,0,0,26048807600,374126300,0,0,0,0,0,151162033.333333,4739253066.66667,4466696133.33333,1134702400,98226266.6666667,53187333.3333333,0,253016266.666667,1883247866.66667,548800,0,1806133.33333333,4695389066.66667,470700533.333333,69600000,21479952400,12796223500,8479123600,0,0,800011700,1024014333.33333,0,0,452612400,196365866.666667,128887200,88740000,0,2413437866.66667,0,11754312266.6667,271619066.666667,66705066.6666667,9333.33333333333,0,102437081133.333,26303200,1221129700,0,0,0,0,30138833.3333333,0,0,1982125733.33333,0,0,8183459633.33333,5506666.66666667,0,8.7e+07,0,0
"Luxembourg",0,0,0,0,0,0,0,11166.6666666667,0,0,0,0,0,0,0,0,0,0,0,0,0,0,0,0,0,0,0,0,0,0,0,0,0,0,0,0,0,0,0,6322766.66666667,0,0,0,0,0,0,0,0,0,0,0,0,0,2885320433.33333,0,0,0,0,0,947538566.666667,0,100500,0,0,0,0,0,0,0,0,0,0,0,0,0,0,0,0,0,0,0,0,0,0,0,0,0,0,0,0,0,0,0,0,0,0,0,0,0,0,0,0,0,0,0,0,0,0,0,0,0,0,0,0,0,0,53940000,0,0,0,0,0,0,3733.33333333333,0,0,0,0,0,0,0,0,0,0,0,0,0,0,0,0,0,0,0,0,0,0,0,0,0,0,0,0,0,0,0,0,0,0,0,0,0,0,0,0,0,0,0,0,0,0,0,0,1119733.33333333,0,0,0,0,0,0,0,0,0,0,0,0,0,0,0,487010766.666667,0,0,0,0,0,0
"Serbia",0,0,9705685133.33333,0,0,0,0,21419045800,0,0,0,0,0,0,0,0,0,0,0,0,0,184081421066.667,0,0,0,268000,0,0,0,0,0,15149176933.3333,0,0,0,0,0,0,2735272800,0,0,442000,0,0,11166.6666666667,0,0,0,0,70248533.3333333,0,0,0,3784887266.66667,0,0,558333.333333333,0,0,291483595066.667,13095294933.3333,0,0,75492513066.6667,0,0,0,0,0,0,0,0,82036892966.6667,36430499300,0,281406666.666667,0,11166.6666666667,21306000,0,0,37576318133.3333,0,45783333.3333333,0,0,0,0,0,0,0,0,0,0,0,46900000,0,0,0,0,0,0,0,0,0,0,0,0,0,0,0,0,0,65883333.3333333,0,64473066.6666667,47830037966.6667,0,0,5860075433.33333,0,0,0,0,0,5360000,0,0,1993722933.33333,0,0,0,0,60269103166.6667,0,0,0,0,0,0,51280665300,0,211117185000,0,0,0,0,1675000,0,0,0,60982343233.3333,4296997033.33333,0,0,0,167500000,0,0,0,5590800,16912511200,0,0,0,0,0,0,0,0,0,0,966832333.333333,0,0,0,2623358400,22333333.3333333,0,74820000,0,284616000,0,0,0,0,0,0,1846868933.33333,0,0,5638681500,194880000,0,0
"Montenegro",0,0,0,0,0,0,0,0,0,0,0,0,0,0,0,0,0,0,0,0,0,0,0,0,0,0,0,0,0,0,0,0,0,0,0,0,0,0,0,0,0,0,0,0,0,0,0,0,0,0,0,0,0,0,0,0,0,0,0,0,0,0,0,0,0,0,0,0,0,0,0,0,0,0,0,0,0,0,0,0,0,0,0,0,0,0,0,0,0,0,0,0,0,0,0,0,0,0,0,0,0,0,0,0,0,0,0,0,0,0,0,0,0,0,0,0,0,0,0,0,0,0,0,0,0,0,0,0,0,0,0,0,0,0,0,0,0,0,0,0,0,0,0,0,0,0,0,0,0,0,0,0,0,0,0,0,0,0,0,0,0,0,0,0,0,0,0,0,0,0,0,0,0,0,0,0,0,0,0,0,0,0,0,0,0,0,0,0,0,0,5600,0,0,0,0
"Sudan",0,0,0,0,0,0,0,0,0,0,0,0,0,0,0,0,0,0,0,0,0,0,0,0,0,0,0,0,0,0,0,0,0,0,0,0,0,0,0,0,0,0,0,0,0,0,0,0,0,0,0,0,0,0,0,0,0,0,0,0,0,0,0,0,0,0,0,0,0,0,0,0,0,0,0,0,0,0,0,0,0,0,0,0,0,0,0,0,0,0,0,0,0,0,0,0,0,0,0,0,0,0,0,0,0,0,0,0,0,0,0,0,0,0,0,0,0,0,0,0,0,0,0,0,0,0,0,0,0,0,0,0,0,0,0,0,0,0,0,0,0,0,0,0,0,0,0,0,0,0,0,0,0,0,0,0,0,0,0,0,0,0,0,0,0,0,0,0,0,0,0,0,0,0,0,0,0,0,0,0,0,0,0,0,0,0,0,0,0,0,0,0,0,0,0
"South Sudan",0,0,0,0,0,0,0,0,0,0,0,0,0,0,0,0,0,0,0,0,0,0,0,0,0,0,0,0,0,0,0,0,0,0,0,0,0,0,0,0,0,0,0,0,0,0,0,0,0,0,0,0,0,0,0,0,0,0,0,0,0,0,0,0,0,0,0,0,0,0,0,0,0,0,0,0,0,0,0,0,0,0,0,0,0,0,0,0,0,0,0,0,0,0,0,0,0,0,0,0,0,0,0,0,0,0,0,0,0,0,0,0,0,0,0,0,0,0,0,0,0,0,0,0,0,0,0,0,0,0,0,0,0,0,0,0,0,0,0,0,0,0,0,0,0,0,0,0,0,0,0,0,0,0,0,0,0,0,0,0,0,0,0,0,0,0,0,0,0,0,0,0,0,0,0,0,0,0,0,0,0,0,0,0,0,0,0,0,0,0,0,0,0,0,0
"Occupied Palestinian Territory",0,0,0,0,0,0,0,0,0,0,0,0,0,0,0,0,0,0,0,0,0,0,0,0,0,0,0,0,0,0,0,0,0,0,0,0,0,0,0,0,0,0,0,0,0,0,0,0,0,0,0,0,0,0,0,0,0,0,0,0,0,0,0,0,0,0,0,0,0,0,0,0,0,0,0,0,0,0,0,0,0,0,0,0,0,0,0,0,0,0,0,0,0,0,0,0,0,0,0,0,0,0,0,0,0,0,0,0,0,0,0,0,0,0,0,0,0,0,0,0,0,0,0,0,0,0,0,0,0,0,0,0,0,0,0,0,0,0,0,0,0,0,0,0,0,0,0,0,0,0,0,0,0,0,0,0,0,0,0,0,0,0,0,0,0,0,0,0,0,0,0,0,0,0,0,0,0,0,0,0,0,0,0,0,0,0,0,0,0,0,0,0,0,0,0
