"","ARM","AFG","ALB","DZA","ATG","ARG","AUS","AUT","BHS","BHR","BRB","BGD","BMU","BTN","BOL","BWA","BRA","ARB","BLZ","SLB","BRN","BGR","MMR","BDI","CMR","CAN","CPV","CAF","LKA","TCD","CHL","CHN","COL","COM","COG","COK","CRI","CUB","CYP","AZE","BEN","DNK","DMA","DOM","BLR","ECU","EGY","SLV","GNQ","EST","FRO","FJI","FIN","FRA","PYF","DJI","GEO","GAB","GMB","DEU","BIH","GHA","KIR","GRC","GRL","GRD","GTM","GIN","GUY","HTI","HND","HKG","HUN","HRV","ISL","IND","IDN","IRN","IRQ","IRL","ISR","ITA","CIV","KAZ","JAM","JPN","JOR","KGZ","KEN","KHM","PRK","KOR","KWT","LVA","LAO","LBN","LSO","LBR","LBY","LTU","MAC","MDG","MWI","MYS","MDV","MLI","MLT","MRT","MUS","MEX","MNG","MAR","MOZ","MDA","NAM","NPL","NLD","ANT","NCL","MKD","VUT","NZL","NIC","NER","NGA","NOR","PAK","PAN","CZE","PNG","PRY","PER","PHL","POL","PRT","GNB","TLS","ERI","QAT","ZWE","ROU","RWA","RUS","KNA","LCA","VCT","STP","SAU","SEN","SYC","SLE","SVN","SVK","SGP","SOM","ZAF","ESP","SUR","TJK","SWZ","SWE","CHE","SYR","TKM","TWN","TZA","THA","TGO","TON","TTO","OMN","TUN","TUR","ARE","UGA","TUV","GBR","UKR","USA","BFA","URY","UZB","VEN","VNM","ETH","YEM","COD","ZMB","BEL","LUX","SRB","MNE","SDN","SSD","PSE"
"ARM",0,0,0,0,0,0,0,0,0,0,0,0,0,0,0,0,0,0,0,0,0,0,0,0,0,0,0,0,0,0,0,0,0,0,0,0,0,0,0,0,0,0,0,0,17656650,0,0,0,0,0,0,0,0,46923600,0,0,704358450,0,0,3302550,0,0,0,0,0,0,0,0,0,0,0,0,0,0,0,0,0,28837350,76076000,0,0,0,0,0,0,0,0,0,0,0,0,0,0,0,0,0,0,0,0,0,0,0,0,0,0,0,0,0,0,0,0,0,0,0,0,0,0,0,0,0,0,0,0,0,0,0,0,0,0,0,0,0,0,0,0,0,0,0,0,0,0,0,852586100,0,0,0,0,0,0,0,0,0,0,0,0,0,0,0,0,0,0,448200,0,332100,0,0,0,0,0,0,0,0,0,6973950,0,0,0,22859550,164532950,0,0,3782250,0,0,0,0,0,0,4832000,0,0,0,0,0,0
"AFG",0,0,0,0,0,0,0,0,0,166050,0,0,0,0,0,0,0,0,0,0,0,0,0,0,0,1291500,0,0,0,0,0,0,0,0,0,0,0,0,0,0,0,0,0,0,0,0,0,0,0,0,0,0,0,0,184500,0,0,0,0,8099550,0,0,0,0,0,0,0,0,0,0,0,0,0,0,0,0,0,0,0,0,0,0,0,0,0,0,0,0,0,0,0,0,0,0,0,0,0,0,0,0,0,0,0,0,0,0,0,0,0,0,0,0,0,0,0,0,0,0,0,0,0,0,0,0,0,0,0,0,0,0,0,0,0,0,0,0,0,0,0,0,0,0,0,0,0,0,0,0,0,0,0,0,0,129150,0,0,0,0,0,0,0,0,0,0,0,0,0,0,0,0,0,0,0,0,0,0,0,0,0,0,0,0,0,0,0,0,0,0,0,0,0,0,0,0,0
"ALB",0,0,0,0,0,0,0,0,0,0,0,0,0,0,0,0,0,0,0,0,0,0,0,0,0,0,0,0,0,0,0,0,0,0,0,0,0,0,0,0,0,0,0,0,0,0,0,0,0,0,0,0,0,0,0,0,0,0,0,0,0,0,0,0,0,0,0,0,0,0,0,0,0,0,0,0,0,0,0,0,0,0,0,0,0,0,0,0,0,0,0,0,0,0,0,0,0,0,0,0,0,0,0,0,0,0,0,0,0,0,0,0,0,0,0,0,0,0,0,272672550,0,0,0,0,0,0,0,0,0,0,0,0,0,0,0,0,0,0,0,0,944824500,0,0,0,0,0,0,0,0,0,0,0,0,0,0,0,0,0,0,0,0,0,0,0,0,0,0,0,0,0,0,0,0,0,0,0,0,0,0,0,0,0,0,0,0,0,0,0,0,0,1975140000,0,0,0,0
"DZA",0,0,0,0,0,0,0,0,0,15996150,0,0,0,0,0,0,22460400,0,0,0,0,0,0,0,0,704371900,0,0,0,0,0,22020000,0,0,0,0,0,0,0,0,1318777800,0,0,0,571950,0,202950,0,0,0,0,0,0,474168700,0,0,0,0,1742520100,0,0,761525000,0,0,0,0,0,0,0,0,0,0,36400,0,0,0,0,0,0,0,0,11112000,76476750,0,0,0,776966400,0,24464700,0,0,55350,166050,0,0,673148250,0,0,14881729300,0,0,0,0,0,0,4289114500,0,194278350,0,0,0,368815500,0,0,0,0,656635500,0,0,18450,0,0,0,168531572650,0,0,0,0,0,0,0,0,0,18450,0,0,0,0,55608300,0,0,0,0,0,0,0,0,0,31328100,0,0,0,0,0,0,88744400,4870700,0,0,0,166050,90400,0,0,0,276750,0,176614650,0,0,0,386140050,202950,32067350,0,0,6680000,0,0,0,0,0,0,0,7472250,111964050,0,0,0,0,0,0,0,0,0
"ATG",0,0,0,0,0,0,0,0,0,0,831450,0,0,0,0,0,0,0,0,0,0,0,0,0,0,0,0,0,0,0,0,0,0,0,0,0,0,0,0,0,0,0,855000,0,0,0,0,0,0,0,0,0,0,0,0,0,0,0,0,0,0,0,0,0,0,0,0,0,0,0,0,0,0,0,0,0,0,0,0,0,0,0,0,0,0,0,0,0,0,0,0,0,0,0,0,0,0,0,0,0,0,0,0,0,0,0,0,0,0,0,0,0,0,0,0,0,0,0,0,0,0,0,0,0,0,0,0,0,0,0,0,0,0,0,0,0,0,0,0,0,0,0,0,0,2915100,0,0,0,0,0,0,0,0,0,0,0,0,0,0,0,0,0,0,0,0,0,0,0,0,0,0,0,0,0,0,0,0,0,1309950,0,0,0,0,0,0,0,0,0,0,0,0,0,0,0,0
"ARG",0,0,0,2546466100000,0,0,0,0,0,0,0,973751950000,0,0,1277075046500,0,19879295183100,0,0,0,0,0,0,0,0,25206867600,0,0,0,0,1934057508000,34261650,615436650,0,0,0,44649000,635860800,0,0,0,0,0,14372550,0,380931040700,0,0,0,0,0,0,0,20258100,0,0,0,0,0,4298850,0,0,0,0,0,0,0,0,0,0,0,0,0,0,0,0,4876269740000,0,0,0,171990900,0,73897500000,0,0,0,0,0,1539953760000,0,0,0,0,0,0,0,0,0,0,0,0,0,0,80717780000,0,3.2899e+10,0,263073430000,0,940950,0,4.21341e+11,0,0,0,0,16275686400,0,0,0,0,1642050,0,0,925094830000,0,0,110072700,0,0,32547645000,1245036142500,0,0,0,0,0,0,0,0,0,0,0,0,0,0,0,0,107417740000,0,0,0,0,0,0,1.58149e+11,1533804850,0,0,0,0,0,0,0,0,0,1590803590000,0,0,0,0,0,0,0,460659480000,0,0,0,30674186150,0,47538493900,0,2421510000,740626630000,0,0,0,0,0,0,0,0,0,0,0
"AUS",0,0,0,0,0,3588900,0,0,0,351208498600,0,152873905200,0,0,0,0,57373650,0,0,58328621300,63758000,0,841167884400,0,0,4203481200,0,0,219010042100,0,277069350,1253013401250,2714250,0,0,35313300,6649350,0,0,0,0,0,0,0,0,0,408842887000,0,0,0,0,575348687700,1236150,85737150,9613094700,0,0,0,0,47896200,0,0,191895650,0,0,0,0,0,0,0,0,8258447900,0,0,0,54236058600,5111298658000,0,1168004680000,442800,633736050,273721186900,0,0,0,3062154282500,2154942600,0,74264000250,31616850,0,3531686272200,1466475696300,0,0,41766750,0,0,0,0,0,0,0,2111184328300,1199250,0,0,0,854121050,0,0,0,0,0,0,110700,153321900,0,76271410900,0,2670757300,1681603370500,0,0,442616800000,18450,611100,6603900,0,777518692400,1051650,867150,5486623194600,0,0,0,8376300,0,34902623550,0,0,0,0,0,0,0,0,24578463300,0,152738850,0,0,0,360003076300,0,949455700,793350,0,0,0,0,16457400,0,0,363579452050,3362294500,1369806183500,0,136575600,221400,253199541650,0,3690000,347419175500,0,18948150,16158565750,0,6406862000,0,11296500,0,0,3014865150650,0,1873762825950,0,0,0,0,1346850,0,1.837e+10,0,0
"AUT",1845000,0,46935100,0,0,11623500,350974350,0,73050,147600,0,0,0,0,0,0,273000,0,0,0,0,42761350200,0,0,5439350,240215750,0,0,0,0,12007300,111529950,0,0,90063500,0,0,0,5448629250,372052900,0,359506700,0,0,86259250,0,18450,0,0,35262600,0,0,332014500,59341615950,0,0,168153650,0,0,734097853800,2100993700,0,0,31634039950,0,0,0,0,0,0,0,151535950,61914423800,61660384800,18450,313650,18726750,309452100,0,515342900,30682350,1610756061700,0,592723350,0,141725700,2250900,10574650,0,0,0,91500,57363450,111417300,0,70737300,0,0,169612400,1499596900,0,0,0,116242500,734510250,0,5015006450,0,350550,18450,1464000,0,36550,51211650,3785600,0,58860523700,0,0,9052809150,0,0,0,0,12947600,2138734250,110700,221400,80472301100,0,87000,57102750,9280350,43293668350,125319500,0,0,0,166050,0,40479894200,0,625700700,0,0,0,0,54649050,0,0,0,87584352100,17353488500,10408850,0,323050650,1875981050,0,0,0,705465400,190777895350,0,27595650,9259600,0,0,91750,0,0,6088500,18450,195166500,658883000,0,0,35378322450,575252500,242488850,200400,19224900,1531350,0,103319650,0,18450,92250,0,15800589500,21854528700,18776376600,656585400,0,0,0
"BHS",0,0,0,0,0,0,0,0,0,0,0,0,0,0,0,0,0,0,0,0,0,0,0,0,0,0,0,0,0,0,0,0,0,0,0,0,0,0,0,0,0,0,0,0,0,0,0,0,0,0,0,0,0,0,0,0,0,0,0,0,0,0,0,0,0,0,0,0,0,0,0,0,0,0,0,0,0,0,0,0,0,0,0,0,0,0,0,0,0,0,0,0,0,0,0,0,0,0,0,0,0,0,0,0,0,0,0,0,0,0,0,0,0,0,0,0,0,0,0,0,0,0,0,0,0,0,0,0,0,0,0,0,0,0,0,0,0,0,0,0,0,0,0,0,0,0,0,0,0,0,0,0,0,0,0,0,0,0,0,0,0,0,0,0,0,0,0,0,0,0,0,0,0,0,0,0,0,0,23764100,0,0,0,0,0,0,0,0,0,0,0,0,0,0,0,0
"BHR",0,0,0,0,200200,0,2600619750,0,0,0,0,0,0,0,0,0,0,0,0,0,0,0,0,0,0,0,0,0,0,0,0,14077350,0,0,0,0,0,0,783100,0,0,323300,0,0,0,0,0,0,0,0,0,0,0,1438400,0,0,0,0,0,0,0,0,0,1019200,0,0,0,0,0,0,0,1146600,0,0,0,18200,0,0,847473550,0,0,91000,22951800,0,2822850,0,2794049050,0,157839750,0,0,56290950,7098836650,0,0,2248686000,0,3462750,62508600,0,0,0,0,36400,0,0,674150,0,0,0,0,0,0,0,0,0,0,0,0,0,0,0,0,0,0,785350,0,5535800,0,0,0,0,0,0,473450,0,0,0,0,0,0,0,0,0,0,0,0,53576835550,0,2952000,0,0,0,98316050,0,7861563450,0,0,0,0,0,236600,0,0,751837500,0,0,0,0,0,5342908850,0,91000,10789841700,0,0,588300,0,357234100,0,0,0,0,0,0,377442150,0,0,26677950,0,0,0,0,0,1745960400
"BRB",0,0,0,0,337446900,0,0,0,0,0,0,0,0,0,0,0,0,0,220748250,0,0,0,0,0,0,343925550,0,0,0,0,0,86250,0,0,0,0,18450,36900,0,0,0,0,126179550,36900,0,0,0,0,0,0,0,0,0,11392200,0,0,0,0,0,0,0,0,0,0,0,348794000,0,0,9370325950,0,0,0,0,0,0,0,0,0,0,0,0,0,0,0,2409994350,0,0,0,0,0,0,0,0,0,0,0,0,0,0,0,0,0,0,0,0,0,0,0,0,0,0,0,0,0,0,0,0,0,0,0,0,0,18450,0,12450,0,0,59316750,0,0,0,0,0,0,0,0,0,0,0,0,0,0,0,100139250,5422801750,356554800,0,0,0,0,0,0,0,0,0,0,0,623093400,0,0,0,258300,0,0,0,0,0,0,0,1358371500,0,0,36400,0,0,0,179778250,0,2569391250,0,0,0,0,0,0,0,0,0,0,0,0,0,0,0,0
"BGD",0,69777900,0,0,0,0,1557032900,0,0,1251262900,0,0,0,0,37933200,0,0,0,0,15685200,309929100,0,500961300,0,0,579476200,43412850,0,18450,0,0,22545750,0,115159050,0,0,0,0,235628500,0,0,11171400,0,0,0,0,0,184500,0,0,0,30752950,8813100,141818700,0,0,0,0,83754900,12043250,0,570577750,0,79630200,0,0,0,0,0,0,12450,118282950,0,0,0,19227416250,18450,0,0,11879450,0,813532200,582104600,0,9151200,130230200,265354200,0,627300,51925100,0,100903950,657765150,0,0,110355250,0,0,0,0,0,58191300,0,9820933700,127423700,0,0,374405850,637832900,384100,5129100,0,820479550,0,18350,4581452850,3986100,0,0,0,0,108771500,0,188429850,0,751350,21088350,0,0,0,0,0,222300,0,126252000,0,0,0,2863290100,0,0,0,0,0,0,0,0,22609829350,0,0,240521700,0,0,3588091700,0,610611850,0,60266350,0,8315100,13786200,372200,0,0,0,0,949450,0,0,13745250,1431691000,0,0,6874765500,0,0,9843677900,50100,7948567850,78338700,0,0,309949850,7029450,11070000,0,15865650,0,203302900,0,0,0,0,0,0
"BMU",0,0,0,0,0,0,0,0,0,0,0,0,0,0,0,0,0,0,0,0,0,0,0,0,0,0,0,0,0,0,0,0,0,0,0,0,0,0,0,0,0,0,0,0,0,0,0,0,0,0,0,0,0,0,0,0,0,0,0,0,0,0,0,0,0,0,0,0,0,0,0,0,0,0,0,0,0,0,0,0,0,0,0,0,0,0,0,0,0,0,0,0,0,0,0,0,0,0,0,0,0,0,0,0,0,0,0,0,0,0,0,0,0,0,0,0,0,0,0,0,0,0,0,0,0,0,0,0,0,0,0,0,0,0,0,0,0,0,0,0,0,0,0,0,0,0,0,0,0,0,0,0,0,0,0,0,0,0,0,0,0,0,0,0,0,0,0,0,0,0,0,0,0,0,0,0,0,0,0,0,0,0,0,0,0,0,0,0,0,0,0,0,0,0,0
"BTN",0,0,0,0,0,0,0,0,0,0,0,0,0,0,0,0,0,0,0,0,0,0,0,0,0,2158650,0,0,0,0,0,0,0,0,0,0,0,0,0,0,0,0,0,0,0,0,0,0,0,0,0,0,0,0,0,0,0,0,0,0,0,0,0,0,0,0,0,0,0,0,0,0,0,0,0,0,0,0,0,0,0,0,0,0,0,0,0,0,0,0,0,0,0,0,0,0,0,0,0,0,0,0,0,0,0,0,0,0,0,0,0,0,0,0,0,0,0,0,0,0,0,0,0,0,0,0,0,0,0,0,0,0,0,0,0,0,0,0,0,0,0,0,0,0,0,0,0,0,0,0,0,0,0,0,0,0,0,0,0,0,0,0,0,0,0,0,0,0,0,0,0,0,0,0,0,0,0,0,0,0,0,0,0,0,0,0,0,0,0,0,0,0,0,0,0
"BOL",0,0,0,0,0,23085400,0,0,0,0,0,0,0,0,0,0,49306450,0,0,0,0,0,0,0,0,376841250,0,0,0,0,2512157750,0,645750,0,0,0,8044200,0,0,0,0,0,0,0,0,0,0,0,0,0,0,0,0,0,0,0,0,0,0,5848650,0,0,0,0,0,0,73400,0,0,0,0,1420650,0,0,0,0,0,0,0,0,535050,182000,0,0,0,0,0,0,0,0,0,0,0,0,0,0,0,0,0,0,0,0,0,0,0,0,0,0,0,138227400,0,0,0,0,0,0,0,0,0,0,0,0,0,0,0,36900,0,0,0,0,1253619000,4740413850,0,0,0,0,0,0,332100,0,0,0,1273050,0,0,0,0,0,0,0,0,0,0,0,0,405900,21308550,0,0,0,0,0,0,0,0,0,0,0,0,0,0,0,0,2785950,0,0,0,0,244187200,0,1384568400,0,0,0,0,0,0,0,9557100,0,0,0,0,0,0
"BWA",0,0,0,0,0,0,0,0,0,0,0,0,0,0,0,0,0,0,0,0,0,0,0,0,0,0,0,0,0,0,0,0,0,0,0,0,0,0,0,0,0,0,0,0,0,0,0,0,0,0,0,0,0,0,0,0,0,0,0,0,0,0,0,0,0,0,0,0,0,0,0,0,0,0,0,0,0,0,0,0,0,0,0,0,0,0,0,0,0,0,0,0,0,0,0,0,0,0,0,0,0,0,0,0,0,0,0,0,0,0,0,0,0,0,3201937100,0,0,0,0,0,0,0,0,0,0,0,0,0,0,0,0,0,0,0,0,0,0,0,0,164630800,0,0,0,0,0,0,0,0,0,0,0,0,0,0,0,122904000,0,0,0,0,0,0,0,0,0,0,0,0,0,0,0,0,0,0,0,0,0,0,0,0,0,0,0,0,0,0,0,20643750,0,0,0,0,0,0,0
"BRA",0,0,0,677150,8545950,4213401050,149684850,0,52779750,24964600,5134000,420350,0,0,2792881800,29353950,0,0,31179950,0,0,18450,0,0,100072800,174557400,796551150,0,0,0,2121363450,91892150,1529412350,255600,0,0,403950900,7858387350,57864250,0,0,34431950,0,749716600,0,43558800,658700,244803300,1285577550,0,0,54701700,0,59222600,0,0,0,217296150,17169000,84421950,990300,75710850,1322250,73489250,0,0,115478550,4797000,238710750,209056950,543824800,143823350,12960350,0,0,14813250,414188891000,5180850,57985200,5129000,119131650,48450650,19335400,0,36701400,968089700,22211850,0,96216750,0,0,192112150,0,515700,0,146209250,0,290662350,613641350,16124200,920500,71142150,0,678600,4961550,0,133058500,0,77458050,109523850,35165700,256000,823371600,0,0,0,90368400,0,0,0,0,1221150,44706150,0,846738700,44478700,5932050,1053386350,0,36272700,41775327800,3537316400,497092315600,0,1492765300,0,0,0,51823650,0,22065450,0,534700,0,0,31589150,670768200,329238950,41288700,0,195200250,0,24501600,180183750,11531250,173239500,58814900,126470350,0,0,1582450,744476700,0,0,14637550,12785850,109178627850,1447250,0,45507050,91079700,0,113527950,248159850,0,765550,181154500,82208000,29229457300,184500,35682574150,0,64877970300,288391839950,553500,350439300,190656600,0,7216500,2746300,0,766650,20055150,0,397633900
"ARB",0,0,0,0,0,0,0,0,0,0,0,0,0,0,0,0,0,0,0,0,0,0,0,0,0,0,0,0,0,0,0,0,0,0,0,0,0,0,0,0,0,0,0,0,0,0,0,0,0,0,0,0,0,0,0,0,0,0,0,0,0,0,0,0,0,0,0,0,0,0,0,0,0,0,0,0,0,0,0,0,0,0,0,0,0,0,0,0,0,0,0,0,0,0,0,0,0,0,0,0,0,0,0,0,0,0,0,0,0,0,0,0,0,0,0,0,0,0,0,0,0,0,0,0,0,0,0,0,0,0,0,0,0,0,0,0,0,0,0,0,0,0,0,0,0,0,0,0,0,0,0,0,0,0,0,0,0,0,0,0,0,0,0,0,0,0,0,0,0,0,0,0,0,0,0,0,0,0,0,0,0,0,0,0,0,0,0,0,0,0,0,0,0,0,0
"BLZ",0,0,0,0,0,0,0,0,0,0,0,0,0,0,0,0,0,0,0,0,0,0,0,0,0,0,0,0,0,0,0,0,0,0,0,0,0,0,0,0,0,8523900,0,0,0,0,0,0,0,0,0,0,0,0,0,0,0,0,0,0,0,0,0,0,0,405900,0,0,0,0,0,0,0,0,0,0,0,0,0,0,0,0,0,0,0,0,0,0,0,0,0,0,0,0,0,0,0,0,0,0,0,0,0,0,0,0,0,0,0,0,0,0,0,0,0,0,0,0,0,0,0,0,0,0,0,0,0,0,0,0,0,0,0,0,0,0,0,0,0,0,0,0,0,0,0,0,0,0,0,0,0,0,0,0,0,0,0,0,0,0,0,0,0,0,0,0,0,0,0,0,0,0,0,0,0,0,0,0,72324000,0,0,0,0,0,0,0,0,0,0,0,0,0,0,0,0
"SLB",0,0,0,0,0,0,0,0,0,0,0,0,0,0,0,0,0,0,0,0,0,0,0,0,0,0,0,0,0,0,0,0,0,0,0,0,0,0,0,0,0,0,0,0,0,0,0,0,0,0,0,0,0,0,0,0,0,0,0,0,0,0,0,0,0,0,0,0,0,0,0,0,0,0,0,0,0,0,0,0,0,0,0,0,0,0,0,0,0,0,0,0,0,0,0,0,0,0,0,0,0,0,0,0,0,0,0,0,0,0,0,0,0,0,0,0,0,0,0,0,0,0,0,0,0,0,0,0,0,0,0,0,0,0,0,0,0,0,0,0,0,0,0,0,0,0,0,0,0,0,0,0,0,0,0,0,0,0,0,0,0,0,0,0,0,0,0,0,0,0,0,0,0,0,0,0,0,0,0,0,0,0,0,0,0,0,0,0,0,0,0,0,0,0,0
"BRN",0,0,0,0,0,0,36800,0,0,0,0,0,0,0,0,0,0,0,0,0,0,0,0,0,0,92250,0,0,0,0,0,26872800,0,0,0,0,0,0,0,0,0,0,0,0,0,0,0,0,0,0,0,0,0,18450,0,0,0,0,0,0,0,0,0,0,0,0,0,0,0,0,0,0,0,0,0,0,18350,0,0,0,0,0,0,0,0,55350,0,0,0,0,0,0,0,0,0,0,0,0,0,0,0,0,0,2513924400,0,0,0,0,0,0,0,0,0,0,0,0,0,0,0,0,0,0,0,0,0,0,0,0,0,0,0,0,147600,0,0,0,0,0,0,0,0,0,0,0,0,0,0,37269000,0,0,0,0,0,2306000,0,0,0,0,0,0,0,55150,0,0,18450,0,0,0,0,0,0,0,0,0,0,0,497850,0,86250,0,0,0,0,0,0,0,0,0,0,0,0,0,0,0,0
"BGR",192369900,0,10159939000,0,0,26431350,204053700,692108550,0,68218950,0,99164600000,0,0,0,0,149028300,0,0,0,0,0,2029500,0,0,212655450,0,0,0,0,92758800,320099850,23879250,0,0,0,103027050,0,76250975800,503518950,0,260252000,0,0,917998850,23119650,170760298350,18973800,0,141732900,0,0,92085950,259326618250,0,0,1731526700,13081350,0,512401253950,6973919850,0,0,1590469360100,0,0,0,0,0,0,0,273900,6711593000,8701516750,1420650,29521900,368703612500,116900000,1684143750,576276558500,177217061600,1308705418550,0,9003600,0,236783100,991821250,17820000,0,2047950,0,387929353000,94173750,710283000,0,347974520100,0,9649350,545327983050,1825209150,0,0,0,126995100,0,0,565184550,7582950,134401800,4833594000,8948250,79294584000,756450,374796400,0,0,729099782150,0,0,21638347950,0,202836000,5428200,0,10553400,34483050,0,103584000,2283790600,0,38673000,22210800,617522824400,4759578100,591296360200,0,0,0,219549000,0,1417635817650,0,1838101800,0,0,0,0,747505900,0,0,0,2740466500,3489526400,26117850,0,93129600,4181811144350,0,0,0,44256321200,22374750,152373438600,0,16033500,0,159655006000,0,0,6383700,79611750,215631302350,149986819650,420283350,0,0,282516060350,2992064600,4523536850,0,185778900,0,0,45982330000,126469100000,77672334300,0,0,61316126200,0,80318293150,2933154150,125264195000,0,12324600
"MMR",0,0,0,0,0,0,0,0,0,0,0,0,0,0,0,0,0,0,0,0,0,0,0,0,0,0,0,0,0,0,0,0,0,0,0,0,0,0,0,0,0,0,0,0,0,0,0,0,0,0,0,0,0,0,0,0,0,0,0,0,0,0,0,0,0,0,0,0,0,0,0,0,0,0,0,0,0,0,0,0,0,0,0,0,0,0,0,0,0,0,0,0,0,0,0,0,0,0,0,0,0,0,0,0,0,0,0,0,0,0,0,0,0,0,0,0,0,0,0,0,0,0,0,0,0,0,0,0,0,0,0,0,0,0,0,0,0,0,0,0,0,0,0,0,0,0,0,0,0,0,0,0,0,0,0,0,0,0,0,0,0,0,0,0,0,0,0,0,0,0,0,0,0,0,0,0,0,0,0,0,0,0,0,0,0,0,0,0,0,0,0,0,0,0,0
"BDI",0,0,0,0,0,0,3640000,0,0,0,0,0,0,0,0,0,0,0,0,0,0,0,0,0,0,0,0,0,0,0,0,0,0,0,110700,0,0,0,0,0,0,0,0,0,0,0,0,0,0,0,0,0,0,0,0,0,0,0,0,0,0,0,0,0,0,0,0,0,0,0,0,0,0,0,0,0,0,0,0,0,0,0,0,0,0,0,0,0,454636000,0,0,0,0,0,0,0,0,0,0,0,0,0,0,0,0,0,0,0,0,0,0,0,0,0,0,0,0,0,0,0,0,0,0,0,0,0,0,0,0,0,0,0,0,0,0,0,0,0,0,0,0,160595600,0,0,0,0,0,0,0,0,0,0,0,0,0,0,0,0,0,0,0,0,0,0,0,5551000,0,0,0,0,0,0,0,0,0,0,0,0,0,0,0,0,0,0,0,0,66641079400,0,0,0,0,0,0,0,0
"CMR",0,0,0,0,0,0,0,0,0,0,0,0,0,0,0,0,0,0,0,0,0,0,0,0,0,80515800,0,29258953000,0,6461487950,0,0,0,0,2062027000,0,0,0,0,0,0,0,0,0,0,0,0,0,9243450,0,0,0,0,0,0,0,0,366736450,0,0,0,0,0,0,0,0,0,0,0,0,0,0,0,0,0,0,0,0,0,0,0,0,0,0,0,0,0,0,0,0,0,0,0,0,0,0,0,0,0,0,0,0,0,0,0,0,0,0,0,0,0,0,0,0,0,0,44649000,0,0,0,0,0,0,0,0,0,0,0,0,0,0,0,0,0,0,0,0,0,0,0,0,0,0,0,0,0,0,0,0,0,0,0,0,0,0,0,0,0,0,0,0,0,0,0,0,0,0,0,0,0,0,0,0,0,0,0,25165800,0,219175750,0,0,0,0,0,0,0,0,0,58015500,0,0,0,0,0,0
"CAN",0,0,0,3249302300000,62482650,184684500,926122419400,82877400,7965158950,248631900,201899700,3603224006750,0,0,0,0,501907877300,0,9529950,0,27896400,0,145727385600,52476410000,452067385350,0,0,0,1523429680150,0,1266789120350,5124598221500,4399084779350,8353340000,0,0,547344968700,537585550950,0,0,0,743386600,48455450,826567745750,0,2113685633500,183105130150,177216900,0,0,0,0,14944500,4044908900,171603450,0,0,0,0,3153542650,0,1259880121450,0,1547018200,0,28948050,26709234550,0,67877550,212113390550,56983950,3641246900,0,0,1292358150,6808050,7419469456000,0,508949713000,106862400,828623500,2466861455050,64946272050,325650000,751816350,5915081831150,247767400,0,535077586150,11402100,0,1092914165350,180269088100,258300,47373600,99271182250,0,55350,52616531250,0,0,0,83338010000,699763425950,60276150,0,0,0,38228400,3016574101800,0,2876615080000,379599350000,0,40679530000,245500,116945815550,0,25349400,996300,0,23361997900,7035494250,0,2804738644300,0,0,16742123000,0,0,10996200,4196426494200,369659860850,1771200,98433379850,0,0,0,76684494900,58615330000,0,42588340000,0,3554850,280162600,182657900,0,4934726400,68304688450,6328500,2068350,0,0,83838930750,0,306572070450,455795235100,3431700,0,0,391988700,9939208300,0,0,114292404350,232605950000,714521961200,112314180000,0,1127878600,171913990850,326620270000,1316120438550,1199353765400,45841500000,0,1300503456500,15269850,11416988319600,6705443650,0,0,219272234000,1082716766200,0,0,43989400,645750,162997427200,0,0,0,130261670000,0,0
"CPV",0,0,0,0,0,0,0,0,0,0,0,0,0,0,0,0,0,0,0,0,0,0,0,0,0,0,0,0,0,0,0,0,0,0,0,0,0,0,0,0,0,0,0,0,0,0,0,0,0,0,0,0,0,18450,0,0,0,0,0,0,0,0,0,0,0,0,0,0,0,0,0,0,0,0,0,0,0,0,0,0,0,0,0,0,0,0,0,0,0,0,0,0,0,0,0,0,0,0,0,0,0,0,0,0,0,0,0,0,0,0,0,0,0,0,0,0,52637850,0,0,0,0,0,0,0,0,0,0,0,0,0,0,0,0,0,85239000,453999000,0,0,0,0,0,0,0,0,0,0,0,0,0,0,0,0,0,0,0,0,0,0,0,0,0,0,0,0,0,0,0,0,0,0,0,0,0,0,0,0,0,0,464183550,0,0,0,0,0,0,0,0,0,0,0,0,0,0,0,0
"CAF",0,0,0,0,0,0,0,0,0,0,0,0,0,0,0,0,0,0,0,0,0,0,0,0,0,0,0,0,0,0,0,0,0,0,0,0,0,0,0,0,0,0,0,0,0,0,0,0,0,0,0,0,0,0,0,0,0,0,0,0,0,0,0,0,0,0,0,0,0,0,0,0,0,0,0,0,0,0,0,0,0,0,0,0,0,0,0,0,0,0,0,0,0,0,0,0,0,0,0,0,0,0,0,0,0,0,0,0,0,0,0,0,0,0,0,0,0,0,0,0,0,0,0,0,0,0,0,0,0,0,0,0,0,0,0,0,0,0,0,0,0,0,0,0,0,0,0,0,0,0,0,0,0,0,0,0,0,0,0,0,0,0,0,0,0,0,0,0,0,0,0,0,0,0,0,0,0,0,0,0,0,0,0,0,0,0,0,0,0,0,0,0,0,0,0
"LKA",0,0,0,0,0,0,805008600,0,0,187797650,0,0,0,0,0,36400,0,0,89537850,202650,0,20479500,1115468900,0,0,1071315750,88375500,0,0,0,12450,89279550,0,0,0,0,0,0,18203950,0,0,10125150,0,0,0,0,0,0,0,0,0,45110700,0,189273850,73615500,0,0,0,478777500,203112000,0,7291790550,0,0,0,0,0,13911300,479700,1732700,0,12969037050,0,0,0,9205935950,0,0,0,7195500,48523500,286645800,126400950,0,0,80702250,279542550,0,0,9664200000,0,3643051650,295787400,0,0,54656050,0,230938650,0,0,297608400,0,0,43251977100,41916289200,0,28117800,0,52919100,0,10387350,0,0,0,0,0,242731600,0,0,37350,0,225395200,0,0,22416750,55901250,111511800,0,2915100,44224650,0,0,2745215200,0,24900,380254500,0,0,1398935900,0,0,0,0,0,0,0,0,141441850,129703500,476229350,1708137900,0,0,37978547300,0,45202400,0,0,0,0,2489900,263813750,0,0,0,0,59467116800,314846550,0,46881450,2445906000,0,0,2623809050,0,0,2234102400,0,1686781850,29520000,0,0,0,4298850,0,146511450,0,5163400,861950,0,0,0,0,0,0
"TCD",0,0,0,0,0,0,0,0,0,0,0,0,0,0,0,0,0,0,0,0,0,0,0,0,0,0,0,0,0,0,0,0,0,0,0,0,0,0,0,0,0,0,0,0,0,0,0,0,0,0,0,0,0,0,0,0,0,0,0,0,0,0,0,0,0,0,0,0,0,0,0,0,0,0,0,0,0,0,0,0,0,0,0,0,0,0,0,0,0,0,0,0,0,0,0,0,0,0,0,0,0,0,0,0,0,0,0,0,0,0,0,0,0,0,0,0,0,0,0,0,0,0,0,0,0,0,0,0,0,0,0,0,0,0,0,0,0,0,0,0,0,0,0,0,0,0,0,0,0,0,0,0,0,0,0,0,0,0,0,0,0,0,0,0,0,0,0,0,0,0,0,0,0,0,0,0,0,0,0,0,0,0,0,0,0,0,0,0,0,0,0,0,0,0,0
"CHL",0,0,0,0,0,351066600,756450,0,0,0,0,0,0,0,1907910600,0,7730550,0,0,0,0,0,0,0,0,2799300,0,0,0,0,0,571950,2429200100,0,0,0,760340200,1237370400,0,0,0,0,0,205725800,0,117194400,0,194586900,0,0,0,0,0,0,501016650,0,0,0,0,1932750,0,0,0,0,0,0,1605403400,0,0,6641000800,1251819550,0,0,0,0,0,0,0,0,0,0,0,0,0,0,0,0,0,0,0,0,0,0,0,0,0,0,0,0,0,0,0,0,0,0,0,0,0,0,109200950,0,0,0,0,0,0,0,0,0,0,0,0,543911900,0,0,110700,0,192196850,0,0,4440074600,9263469500,0,0,0,0,0,0,0,0,0,0,0,0,0,0,0,0,0,0,0,0,0,0,0,0,48248200,0,0,0,0,0,0,0,13154850,0,0,0,0,0,0,0,0,0,0,0,2129050,0,4470302400,0,689827050,0,13818212300,0,0,0,0,0,0,0,0,0,0,0,0
"CHN",0,1485120000,0,25738050,30885300,169044450,21852555400,39624100,493023750,156825000,7601400,242880350,0,0,45534600,0,4699828700,0,0,28817300,120133950,32318400,10042214250,0,66715200,8837389750,3891950,0,129721950,183500,3766821350,0,719660100,25051000,182119950,0,357856200,228078900,53725200,44280000,1949334750,63712300,0,669941300,101330600,476286750,113740250,59372100,6826500,8104950,0,24136850,76989600,2635273100,67711500,0,29137050,7158600,168540750,2658262400,0,11607937650,0,167096250,0,0,360070200,2859159600,29497550,46494000,220274550,378491809400,74279100,0,4963050,1719157400,5461206000,2135437250,707906800,373129100,3587662050,2966757350,176234400,920822650,0,101354882100,531007500,0,320685050,836426100,755389554800,32347012150,525878850,33844500,27249750,1918144150,0,408975150,132637050,123929100,32163241800,234960750,0,35342111250,778113600,0,175044150,0,1643083200,4606193500,3131500050,325540800,38763450,5902500,0,282443150,4213880650,0,75183750,0,922500,3842835900,53136000,1339550,3738017750,84650100,476977850,1152712800,26822800,9132932500,555474150,835745700,18192641350,297854050,1076604000,35055000,0,0,104150250,45500000,686358100,553500,16410244200,0,0,0,0,5552621200,0,10055250,239388750,0,12450,10297467600,0,930887450,2347998100,36291150,0,0,626705100,35764450,0,4612500,29575350,195145650,37896587700,5516863650,18450,77471550,17570200,18505350,2273472550,1601856300,25202700,0,15971006950,562702700,43073067950,77065650,644107950,32584550,60091650,7624625400,24637420450,492947100,174754750,18929700,1921984300,0,0,8560800,273004650,14003550,136419300
"COL",0,0,0,0,169979850,109482300,329274150,0,0,0,152433900,0,0,0,817371900,0,2026215900,0,0,0,0,0,0,0,0,1439885250,4188150,0,0,0,2784656550,313650,0,0,279203850,0,3045886800,11087404300,0,0,8044200,0,168296250,3259487700,0,24345270250,0,712502100,17195400,0,0,1439100,0,539680700,0,0,0,381195450,0,36650,0,579016350,0,25645500,0,67268700,2827056600,49519800,558241650,11374867800,401896350,276527700,0,0,0,0,0,0,0,0,596230200,0,101641050,0,1296001800,0,0,0,0,0,0,147600,0,0,0,0,0,0,0,0,0,0,0,0,0,108393750,0,0,1439100,4095900,0,0,0,0,0,0,448925400,0,0,0,0,880500,26346600,0,1241574300,0,0,7684895050,0,0,405900,7396696000,182000,0,33560550,0,0,0,0,0,0,0,202950,131603850,294093000,126714600,0,0,4372650,0,460475100,0,18450,329701500,0,0,3756261350,1963153800,0,0,12878100,0,0,0,0,0,0,71733600,0,1015541400,0,0,0,202950,0,0,403052000,0,32270725800,40313250,0,0,29848339150,0,0,0,0,0,0,0,0,0,0,0,0
"COM",0,0,0,0,0,0,0,0,0,0,0,0,0,0,0,0,0,0,0,0,0,0,0,0,0,0,0,0,0,0,0,0,0,0,0,0,0,0,0,0,0,0,0,0,0,0,0,0,0,0,0,0,0,0,0,0,0,0,0,0,0,0,0,0,0,0,0,0,0,0,0,0,0,0,0,0,0,0,0,0,0,0,0,0,0,0,0,0,0,0,0,0,0,0,0,0,0,0,0,0,0,0,0,0,0,0,0,0,0,0,0,0,0,0,0,0,0,0,0,0,0,0,0,0,0,0,0,0,0,0,0,0,0,0,0,0,0,0,0,0,0,0,0,0,0,0,0,0,0,0,0,0,0,0,0,0,0,0,0,0,0,0,0,0,0,0,0,0,0,0,0,0,0,0,0,0,0,0,0,0,0,0,0,0,0,0,0,0,0,0,0,0,0,0,0
"COG",0,0,0,0,0,0,0,0,0,0,0,0,0,0,0,0,0,0,0,0,0,0,0,0,0,36900,0,2248400,0,0,0,0,0,0,0,0,0,0,0,0,0,0,0,0,0,0,0,0,0,0,0,0,0,627300,0,0,0,0,0,0,0,0,0,0,0,0,0,0,0,0,0,0,0,0,0,0,0,0,0,0,0,18450,0,0,0,0,0,0,0,0,0,0,0,0,0,0,0,0,0,0,0,0,0,0,0,0,0,0,0,0,0,0,0,0,0,0,0,0,0,0,0,0,0,0,0,0,0,0,0,0,0,0,0,547500,0,0,0,0,0,0,0,0,0,0,0,0,0,0,0,0,0,0,0,0,0,0,0,0,0,0,0,350550,0,0,0,0,0,0,0,0,0,0,0,0,0,0,0,0,0,0,0,0,0,0,0,0,0,0,498150,0,0,0,0,0,0
"COK",0,0,0,0,0,0,0,0,0,0,0,0,0,0,0,0,0,0,0,0,0,0,0,0,0,0,0,0,0,0,0,0,0,0,0,0,0,0,0,0,0,0,0,0,0,0,0,0,0,0,0,55350,0,0,0,0,0,0,0,0,0,0,0,0,0,0,0,0,0,0,0,0,0,0,0,0,0,0,0,0,0,0,0,0,0,0,0,0,0,0,0,0,0,0,0,0,0,0,0,0,0,0,0,0,0,0,0,0,0,0,0,0,0,0,0,0,0,0,0,0,0,0,0,0,0,0,0,0,0,0,0,0,0,0,0,0,0,0,0,0,0,0,0,0,0,0,0,0,0,0,0,0,0,0,0,0,0,0,0,0,0,0,0,0,0,0,0,0,0,0,0,0,0,0,0,0,0,0,0,0,0,0,0,0,0,0,0,0,0,0,0,0,0,0,0
"CRI",0,0,0,0,13228650,0,0,0,23634800,0,1928479350,0,0,0,0,0,0,0,476633300,0,0,0,0,0,0,391861850,0,0,0,0,3388171950,0,2607162650,0,0,0,0,114353100,0,0,0,0,0,10532673000,0,120865950,0,17869305650,0,0,0,0,0,1972782950,0,0,0,0,0,0,0,0,0,0,0,0,62058842650,0,921177300,0,16931953350,202950,0,0,0,0,0,0,0,0,0,0,0,0,2535422150,0,0,0,0,0,0,4757200,0,0,0,0,0,0,0,18450,0,0,0,0,0,0,0,0,1586700,332079300,0,0,0,0,0,0,30294900,0,0,0,0,0,83276726500,0,0,0,0,38617174050,0,0,0,719550,1213852500,0,0,0,0,0,0,0,0,0,18450,0,0,0,0,10737900,0,0,0,0,0,0,0,0,0,0,0,0,0,0,0,0,0,0,0,0,0,3321002450,165150,0,0,0,0,0,2435400,0,14842939750,0,0,0,0,0,0,0,0,0,0,0,0,0,0,0,0
"CUB",0,0,0,0,0,0,0,0,1073800,0,0,0,0,0,0,0,0,0,0,0,0,0,0,0,0,0,0,0,0,0,92250,0,0,0,0,0,0,0,0,0,0,0,0,0,0,0,0,0,0,0,0,0,0,0,0,0,0,0,0,0,0,0,0,0,0,0,0,0,0,0,0,0,0,0,0,0,0,0,0,0,0,0,0,0,0,0,0,0,0,0,0,0,0,0,0,0,0,0,0,0,0,0,0,0,0,38420200,0,0,0,0,0,0,0,0,0,0,0,0,0,0,0,0,0,0,0,0,0,0,0,0,0,0,0,0,0,0,0,0,0,0,0,0,0,0,0,0,0,0,0,0,0,0,0,0,0,0,0,0,0,0,0,18350,0,0,0,0,0,0,0,15688400,0,0,0,0,0,0,0,0,0,0,0,0,0,0,0,0,0,0,0,0,0,0,0,0,0
"CYP",0,0,0,31850000,0,0,34768650,461250,0,425378750,0,635180000,0,0,0,0,0,0,0,0,0,0,0,0,0,0,0,0,0,0,0,0,0,0,0,0,0,0,0,0,0,0,0,0,0,0,0,0,0,0,0,0,0,0,0,0,0,0,0,313650,0,0,0,2572313400,0,0,0,0,0,0,0,22577250,0,0,0,0,0,0,0,0,87360000,0,0,0,0,3450950,704340000,0,0,0,0,0,2804674800,0,0,704900250,0,0,0,0,0,0,0,0,0,0,90486600,0,0,0,0,0,0,0,0,0,0,0,0,0,0,12450,0,0,0,0,0,0,0,0,0,0,0,18450,0,0,0,0,2773898600,0,0,0,32398000,0,0,0,0,3487302000,0,0,0,0,0,0,0,91000,0,0,0,0,0,0,0,0,30424300,0,0,0,0,0,773416200,0,0,5433066850,0,0,10473937300,0,48729350,0,0,0,0,0,0,0,0,0,0,0,665082600,0,0,0,0
"AZE",0,0,0,0,0,0,0,0,0,0,0,0,0,0,0,0,0,0,0,0,0,0,0,0,0,0,0,0,0,0,0,0,0,0,0,0,0,0,0,0,0,0,0,0,0,0,0,0,0,0,0,0,0,0,0,0,2636947600,0,0,0,0,0,0,0,0,0,0,0,0,0,0,0,0,0,0,0,0,2611895450,2840806850,0,28745100,0,0,29889000,0,0,0,0,0,0,0,0,0,0,0,0,0,0,0,0,0,0,0,0,0,0,0,0,0,0,39464550,0,0,0,0,0,0,0,0,0,0,0,0,0,0,0,0,0,0,0,0,0,0,0,0,0,0,0,0,0,0,0,780262600,0,0,0,0,21410700,0,0,0,0,0,0,0,0,0,0,4335750,0,0,0,0,23800500,0,0,0,0,0,0,0,0,409567100,1512300,0,0,4077450,0,977850,0,0,1383750,0,0,0,41752350,0,0,0,0,0,0,0,0,0
"BEN",0,0,0,0,0,0,0,0,0,0,0,0,0,0,0,0,0,0,0,0,0,0,0,0,0,0,0,0,0,80294400,0,0,0,0,0,0,0,0,0,0,0,0,0,0,0,0,0,0,49815000,0,0,0,0,8523300,0,0,0,14560000,0,0,0,20590200,0,0,0,0,0,0,0,0,0,0,0,0,0,0,0,0,0,0,0,0,26900100,0,0,0,0,0,0,0,0,0,0,0,0,0,0,24907500,0,0,0,0,0,0,0,222445450,0,0,0,0,0,0,0,0,0,0,0,0,0,0,0,0,0,9230531900,220417050,0,0,0,0,0,0,0,0,0,0,0,0,0,0,0,0,0,0,0,0,0,0,0,0,0,0,0,0,0,0,0,0,0,0,0,0,0,0,0,0,0,0,51865250,0,0,0,0,110100,0,0,0,0,0,0,227500000,0,0,0,0,0,0,0,0,0,0,0,0,0,0,0
"DNK",2453850,73800,0,461250,0,20221200,2187409800,1480654850,0,37010700,0,350550,0,0,904050,55350,472658550,0,28874250,0,239850,10504442400,46457100,92250,8874450,1975005450,479700,0,43781850,0,817371900,23919889300,430254000,0,1420650,0,223669350,0,114878650,58800150,3837600,0,295200,41401800,36604800,188005500,26604650,71050950,0,1652246550,7975246350,0,29864717400,112447838200,45626850,756450,54612000,867150,1623600,270297522450,2952000,96106050,0,385178600,0,0,73910700,5553450,69685650,0,21752550,10383777150,321307650,81069300,59024148150,109347150,20350350,92250,0,162273965900,253964250,5546037100,9132750,18450,6992550,1055819700,1383750,1291500,3634650,0,0,2117661800,15700950,744251200,0,15774750,0,5202900,22472100,73368177600,0,4059000,1752750,356195700,0,1236150,480160050,6273000,91309050,2101934700,3597750,41863050,1642050,5073750,13542300,0,211925416550,0,71253800,35977500,0,267366300,9464850,0,108873450,67384577500,184500,393999750,787915000,0,65995650,533795400,1109509200,54775075600,370967350,516600,0,0,67619250,295200,239181700,0,523344100,0,0,0,0,276731550,11605050,9704700,4151250,23506000,108368800,382257150,92250,879806700,570403143700,6162300,73800,0,269172312350,1907302900,0,55350,679070700,1734300,16807950,2214000,0,349461450,350752950,55350,138243450,445340000,7213950,0,336556123900,95570800,23367089050,682650,136050300,2988900,1974150,1457660700,682650,0,332100,24556950,18581443700,76432500,96933800,0,55350,0,0
"DMA",0,0,0,0,7243600,0,0,0,1074170950,0,0,0,0,0,0,0,0,0,0,0,0,0,0,0,0,0,0,0,0,0,0,0,0,0,0,0,0,0,0,0,0,0,0,0,0,0,0,0,0,0,0,0,0,0,0,0,0,0,0,0,0,0,0,0,0,0,0,0,0,0,0,0,0,0,0,0,0,0,0,0,0,0,0,0,0,0,0,0,0,0,0,0,385350,0,0,0,0,0,0,0,0,0,0,0,0,0,0,0,0,0,0,0,0,0,0,0,0,0,0,0,0,0,0,0,0,0,0,0,0,0,0,0,0,0,0,0,0,0,0,0,0,0,0,0,8634600,0,0,0,0,0,0,0,0,0,0,0,0,2490000,0,0,0,0,0,0,0,0,0,0,0,0,0,0,0,0,0,0,0,0,0,0,0,0,0,0,0,0,0,0,0,0,0,0,0,0,0
"DOM",0,0,0,0,0,0,0,0,0,0,0,0,0,0,0,0,0,0,0,0,0,0,0,0,0,0,0,0,0,0,0,0,0,0,0,0,0,0,0,0,0,0,0,0,0,0,0,0,0,0,0,0,0,0,0,0,0,0,0,0,0,0,0,0,0,0,0,0,0,0,0,0,0,0,0,0,0,0,0,0,0,0,0,0,0,0,0,0,0,0,0,0,0,0,0,0,0,0,0,0,0,0,0,0,0,0,0,0,0,0,0,0,0,0,0,0,0,0,0,0,0,0,0,0,0,0,0,0,0,0,0,0,0,0,0,0,0,0,0,0,0,0,0,0,0,0,0,0,0,0,0,0,0,0,0,0,0,0,0,0,0,0,0,0,0,0,0,0,0,0,0,0,0,0,0,0,0,0,0,0,0,0,0,0,0,0,0,0,0,0,0,0,0,0,0
"BLR",142048250,0,0,0,0,30900,0,0,0,0,0,0,0,0,0,0,0,0,0,0,0,22830900,0,0,0,15031250,0,0,0,0,0,776737550,0,235194250,0,0,0,0,0,473310150,0,0,0,0,0,0,18450,0,0,15774150,0,0,0,0,0,0,2307273550,0,0,200057100,0,0,0,0,0,0,0,0,0,0,0,0,0,0,0,0,0,0,28597500,0,580606350,364000,0,1318837100,0,0,9981000,214369700,18450,0,0,19856200,0,738642750,0,0,0,0,1586700,1896614600,0,0,0,0,0,0,0,0,0,0,439581000,0,0,730204100,0,0,0,0,0,0,0,823200,0,0,0,0,0,42035700,0,0,0,0,0,55025550,0,0,0,0,168004200,0,0,0,86079684250,0,0,0,0,0,0,0,0,0,0,2490300,0,72399600,23667450,0,131542800,0,0,2517150,0,150761550,9200550,0,0,0,0,0,0,0,0,42418450,0,0,8099550,20929229500,330819300,0,0,27879600,234347850,57726600,0,0,0,0,0,0,176378100,0,36900,0,171622350
"ECU",0,0,0,0,0,0,0,0,0,0,0,0,0,0,7472250,0,0,0,0,0,0,0,0,0,0,0,0,0,0,0,46400600,0,688829950,0,0,0,607990550,0,0,0,0,0,0,0,0,0,0,708530200,0,0,0,0,0,0,0,0,0,0,0,36900,0,0,0,0,0,0,4279251800,0,0,25700850,1668767350,0,0,0,0,0,0,0,0,0,0,6361750,0,0,0,0,0,0,0,0,0,0,0,0,0,0,0,0,0,0,0,0,0,0,0,0,0,0,0,846226050,0,0,0,0,0,0,165950,0,0,0,0,0,264331750,0,0,0,0,12730000,0,0,0,10388459100,0,0,0,0,0,0,0,0,0,0,0,0,0,0,0,0,0,0,0,0,0,0,0,0,618828200,0,0,0,0,0,0,0,0,0,0,0,0,0,0,0,0,0,0,0,0,0,4722604400,0,0,0,567858200,0,0,0,0,0,0,0,0,0,0,0,0
"EGY",0,0,13007250,309345950,0,0,6167032550,0,0,862566600,0,86245000,0,0,15516450,0,0,0,0,0,0,13025700,0,1136506300,369403850,351870150,106852050,0,0,257545700,0,180398400,0,3315704650,0,0,0,0,0,0,2804604150,597600,0,0,0,0,0,0,0,0,0,0,0,85613400,0,63776003350,6199200,1146591350,5216414500,351653600,0,930111600,0,4239000,0,0,46976000,892653350,0,0,0,3007350,309400,215190450,0,480235050,8800650,0,9078864500,0,5643388350,2653100,1634404750,0,90832500,540646050,20003284600,0,42697729450,0,0,307281350,2535358950,0,0,28061202450,0,448092500,215724575450,35903700,0,0,1400759450,298546500,13821600,680438750,880800,10405800,81248100,0,9409500,6768303900,15002321050,0,482605000,0,1384383450,0,0,0,0,1166907150,0,514980200,327063150,14815350,0,0,0,0,0,0,160348950,0,0,0,0,609748176750,0,32734381500,521798550,1858121000,55497600,0,0,0,117384950,45940476600,5544584350,43008300,181353050,0,0,184775750,437161265600,13309569850,141796650,0,32416650,86189950,135937500,0,58283678400,0,0,1650744650,196782600,457318700,0,0,1767903750,1106217950,1992461700,8215534550,16838701050,0,285368850,471558300,6088683300,297051400,398121600,0,6046165050,0,894937300,631997383100,3109836600,10867490000,99905100,0,36094450,0,27218059300,0,100399690050
"SLV",0,0,0,0,0,0,0,0,0,0,0,0,0,0,0,0,0,0,126659250,0,0,0,0,0,0,55386900,0,0,0,0,0,0,263410650,0,0,0,5306877400,676985850,0,0,0,0,0,4618846800,0,0,0,0,0,0,0,0,0,0,0,0,0,0,0,553500,0,0,0,0,0,0,206458130500,0,0,33136200,146915967000,0,0,0,0,0,0,0,0,0,0,10608750,0,0,0,0,0,0,0,0,0,0,0,0,0,0,0,0,0,0,0,0,0,0,0,0,0,0,0,33874200,0,0,0,0,0,0,0,0,0,0,0,0,28208938700,0,0,0,0,262853600,0,0,0,0,0,0,0,0,0,0,0,0,0,0,0,0,0,0,0,0,0,0,0,0,0,0,0,0,3154950,0,0,0,73800,0,0,0,0,0,0,0,0,0,0,0,0,0,0,0,0,0,24280227800,0,0,0,0,0,0,0,0,0,0,0,0,0,0,0,0
"GNQ",0,0,0,0,0,0,0,0,0,0,0,0,0,0,0,0,0,0,0,0,0,0,0,0,0,0,0,0,0,0,0,0,0,0,0,0,0,0,0,0,0,0,0,0,0,0,0,0,0,0,0,0,0,0,0,0,0,0,0,0,0,0,0,0,0,0,0,0,0,0,0,0,0,0,0,0,0,0,0,0,0,0,0,0,0,0,0,0,0,0,0,0,0,0,0,0,0,0,0,0,0,0,0,0,0,0,0,0,0,0,0,0,0,0,0,0,0,0,0,0,0,0,0,0,0,0,0,0,0,0,0,0,0,0,0,0,0,0,0,0,0,0,0,0,0,0,0,0,0,0,0,0,0,0,0,0,0,0,0,0,0,0,0,0,0,0,0,0,0,0,0,0,0,0,0,0,0,0,0,0,0,0,0,0,0,0,0,0,0,0,0,0,0,0,0
"EST",55350,0,0,51268699400,0,0,0,36400,0,0,0,0,0,0,0,0,13523850,0,0,0,0,343079100,0,0,0,25405650,0,0,0,0,0,424350,0,0,0,0,0,0,38837250,29353950,0,35896839400,0,0,54773050,0,0,0,0,0,0,0,104223235900,8320950,0,0,0,0,0,33354803400,0,0,0,0,0,0,0,0,0,0,0,3948300,74685600,0,0,0,0,0,0,4266616200,0,14212307500,0,82711350,0,4151250,0,0,0,424350,0,1051650,6586350,56699019750,0,0,0,0,27693450,113328235500,0,0,0,0,0,0,11396570550,0,0,0,0,0,0,0,0,0,20978924550,0,0,0,0,20590200,0,0,0,2843730300,0,0,332310450,0,0,0,0,10284818750,8791280800,0,0,0,0,0,145669500,0,6244429500,0,0,0,0,525573014600,0,0,0,9963000,159906150,0,0,0,146517610650,0,0,0,144300182700,0,0,0,0,0,0,0,0,0,0,0,91849816300,4261950,0,0,60054750,845737700,49501350,0,646100000,0,0,211650,0,0,0,0,648367800,0,4557150,0,126917996000,0,0
"FRO",0,0,0,0,0,0,0,0,0,0,0,0,0,0,0,0,0,0,0,0,0,0,0,0,0,0,0,0,0,0,0,0,0,0,0,0,0,0,0,0,0,295200,0,0,0,0,0,0,0,0,0,0,0,0,0,0,0,0,0,0,0,0,0,0,0,0,0,0,0,0,0,0,0,0,608850,0,0,0,0,0,0,0,0,0,0,0,0,0,0,0,0,0,0,0,0,0,0,0,0,0,0,0,0,0,0,0,0,0,0,0,0,0,0,0,91000,0,0,0,0,0,0,0,0,0,0,0,0,0,0,0,0,0,0,0,0,0,0,0,0,0,0,0,0,0,0,0,0,0,0,0,0,0,0,0,0,0,0,0,0,0,0,0,0,0,0,0,0,0,0,0,0,0,0,0,0,0,0,0,0,0,0,0,0,0,0,0,0,0,0,0,0,0,0,0,0
"FJI",0,0,0,0,0,0,11842192950,0,0,0,0,0,0,0,0,0,0,0,0,5492003350,0,0,0,0,0,142405350,0,0,0,0,0,461250,0,0,0,667688950,0,0,0,0,0,0,0,0,0,0,0,0,0,0,0,0,0,0,6902493550,0,0,0,0,0,0,0,17989336800,0,0,0,0,0,0,0,0,0,0,0,0,0,0,0,0,0,0,0,0,0,0,719550,0,0,0,0,0,0,0,0,0,0,0,0,0,0,0,0,0,0,0,0,0,0,0,0,0,0,0,0,0,0,0,0,1710173100,0,36084451650,3344965400,0,0,0,0,0,0,0,6017617000,0,0,0,0,0,0,0,0,213514900,0,0,0,0,0,0,0,0,12588100,0,0,0,0,0,0,0,0,0,0,0,0,0,0,0,0,0,0,0,0,24655439850,0,0,0,0,8918000,0,1927476700,35158700,0,1942022150,0,0,0,0,0,0,0,0,0,0,0,0,0,0,0,0
"FIN",1319400,12450,0,0,0,0,153947300,547630500,0,36900,0,0,0,0,0,0,764000,0,0,0,0,19320000,0,0,0,226552800,0,0,0,0,50100,67295550,0,0,0,0,0,0,0,8413700,0,10771189750,0,0,267211400,41860000,0,0,0,15590408650,0,0,0,44176450,0,0,16138700,0,147300,8163477250,0,0,0,111315450,0,0,0,0,0,0,0,73050,111375600,14815500,177312300,0,0,0,0,13281818650,44201650,12944629500,0,73800,0,7546500,0,0,0,0,0,43858200,461250,1871496700,0,91750,0,0,0,2377423050,0,0,0,73800,0,0,0,0,0,0,0,52648737300,0,0,0,0,42469790650,0,0,0,0,50100,0,0,18200,5360511800,0,0,1687644500,0,0,239850,10863250,4115107800,8341062900,0,0,0,1125450,0,111801000,0,12310327450,0,0,0,0,30900,0,0,0,0,2725801350,13337600,0,75210450,740960600,0,0,0,61811192100,105920100,0,0,782600000,0,36900,0,0,0,0,0,6143850,1213950,0,0,67130706750,1090776400,838620800,0,0,0,0,0,0,0,0,0,1139635150,17696900,0,0,0,0,0
"FRA",230098400,350550,17993900200,16425159340350,214370550,31476650,39066042250,35867557200,23214900,2625869250,26709350,0,0,0,0,0,38724610200,0,0,0,0,4362074800,106345300,0,675559683400,17865137550,31131455950,1538411700,6417550,8529312100,814848000,1303448518250,836895450,18540376050,97714779850,0,550492650,1325449416950,77238906800,340998550,7397875050,37627267950,49721700,958457950,315105650,33875550,1268005165350,36770850,1240235100,6645292700,0,28357650,31027684600,0,36096764450,12273807400,860960200,340130693050,64082358500,2171682213750,43565450,159868937250,0,308822203350,0,73800,6235800,20630798800,0,165778700,6605100,11985130650,12163458750,2397892650,5546514000,489356100,248620300,126769500,1137251600,358590988450,15399789600,5253852092500,1604220882950,247331500,26752500,66576478050,4572592200,16014600,344892200,832768000,0,34693265100,2669017800,14461076850,21581050,15054712100,0,1295977500,6674482450,4438005950,385715700,16516450950,0,772795150,47587150,534470538500,6831587400,658798234450,433302681850,2895019800,11346750,3996408632150,18204950,155431900,13855950,535050,7774252360450,0,35714254350,7152600,392656900,1410892550,0,1180314700,15652921750,60045127450,89549800,680163150,30692672950,0,9833850,30269300,4905871550,53475345500,2344324682050,0,0,0,8480391700,491400,19209828150,0,2316590700,153854550,6300248950,0,56512350,1097509049950,619147866950,234627700,52759800,10264554250,1961776150,5923662150,0,47441266300,5052781550650,21110700,4815450,0,63173266050,683447824750,0,29077200,13259802850,686358250,6949155000,42781982800,0,479700,3549075350,561590460050,69081776750,24999219150,0,0,1422218030800,2618747550,115643774550,134737650500,69956300,21840000,28913600,6169667150,0,269296813700,82906796950,1217700,8883009745650,270929017450,2146770550,0,0,0,0
"PYF",0,0,0,0,0,0,0,0,0,0,0,0,0,0,0,0,0,0,0,0,0,0,0,0,0,0,0,0,0,0,55150,0,0,0,0,0,0,0,0,0,0,0,0,0,0,0,0,0,0,0,0,0,0,1808100,0,0,0,0,0,0,0,0,0,0,0,0,0,0,0,0,0,0,0,0,0,0,0,0,0,0,0,0,0,0,0,0,0,0,0,0,0,0,0,0,0,0,0,0,0,0,0,0,0,0,0,0,0,0,0,0,0,0,0,0,0,0,0,0,0,0,0,0,0,0,0,0,0,0,0,0,0,0,0,0,0,0,0,0,0,0,0,0,0,0,0,0,0,0,0,0,0,0,0,0,0,0,0,0,0,0,0,0,0,0,0,0,0,0,0,0,0,0,0,0,0,0,0,0,0,0,0,0,0,0,0,0,0,0,0,0,0,0,0,0,0
"DJI",0,0,0,0,0,0,0,0,0,0,0,0,0,0,0,0,0,0,0,0,0,0,0,0,0,0,0,0,0,0,0,0,0,0,0,0,0,0,0,0,0,0,0,0,0,0,0,0,0,0,0,0,0,0,0,0,0,0,0,0,0,0,0,0,0,0,0,0,0,0,0,0,0,0,0,0,0,0,0,0,0,0,0,0,0,0,0,0,0,0,0,0,0,0,0,0,0,0,0,0,0,0,0,0,0,0,0,0,0,0,0,0,0,0,0,0,0,0,0,0,0,0,0,0,0,0,0,0,0,0,0,0,0,0,0,0,0,0,0,0,0,0,0,0,0,0,0,0,0,0,0,0,0,0,0,0,0,0,0,0,0,0,0,0,0,0,0,0,0,0,0,0,0,0,0,0,0,0,0,0,0,0,0,0,0,0,0,0,0,0,0,0,0,0,0
"GEO",24797966500,0,0,0,0,0,0,183700,0,0,0,0,0,0,0,0,0,0,0,0,0,0,0,0,0,479700,0,0,0,0,0,23364500,0,0,0,0,0,0,0,1458950350,0,0,0,0,0,0,0,0,0,0,0,0,0,0,0,0,0,0,0,1503000,0,0,0,0,0,0,0,0,0,0,0,0,0,0,0,0,0,445324550,1577760300,40786200,0,0,0,54496300,0,0,0,0,0,0,0,0,0,12450,0,0,0,0,0,0,0,0,0,0,0,0,0,0,0,0,0,0,0,0,0,0,0,0,0,0,0,0,0,0,0,0,0,0,0,0,0,0,0,0,0,0,0,0,0,0,0,0,9935000,0,0,0,0,0,0,0,0,0,0,0,0,0,0,0,0,0,0,0,0,0,0,0,0,0,0,0,0,0,0,249000,0,0,18200,0,461250,0,0,18339300,412521200,0,0,0,0,0,0,0,0,0,0,0,0
"GAB",0,0,0,0,0,0,0,0,0,0,0,0,0,0,0,0,0,0,0,0,0,0,0,0,748680000,36900,0,0,0,0,0,0,0,0,0,0,0,0,0,0,0,0,0,0,0,0,0,0,0,0,0,0,0,0,0,0,0,0,5535000,0,0,0,0,0,0,0,0,0,0,0,0,0,0,0,0,0,0,0,0,0,0,0,0,0,0,0,0,0,0,0,0,0,0,0,0,0,0,0,0,0,0,0,0,0,0,5046250,0,0,0,0,0,0,0,0,0,0,0,0,0,0,0,0,0,0,0,0,0,0,0,0,0,0,0,0,0,0,0,0,0,0,0,0,0,0,0,0,0,0,0,0,0,0,0,0,0,0,0,0,0,0,0,0,0,0,0,0,0,0,0,0,0,0,0,0,0,0,0,0,0,0,0,0,0,0,0,0,0,0,0,0,0,0,33874200,0,0
"GMB",0,0,0,0,0,0,0,0,0,0,0,0,0,0,0,0,0,0,0,0,0,0,0,0,0,0,0,0,0,0,0,0,0,0,0,0,0,0,0,0,0,0,0,0,0,0,0,0,0,0,0,0,0,0,0,0,0,0,0,0,0,0,0,0,0,0,0,0,0,0,0,0,0,0,0,0,0,0,0,0,0,0,0,0,0,0,0,0,0,0,0,0,0,0,0,0,0,0,0,0,0,0,0,0,0,21938200,0,0,0,0,0,0,0,0,0,0,0,0,0,0,0,0,0,0,0,0,0,0,0,0,0,0,0,0,0,2428790000,0,0,0,0,0,0,0,0,0,0,0,0,63700000,0,0,0,0,0,0,0,0,0,0,0,0,0,0,0,0,0,0,0,0,0,0,0,0,0,0,0,0,0,0,0,0,0,0,0,0,0,0,0,0,0,0,0,0,0,0
"DEU",35577450,25826200,591963900,212941184750,10554600,208388450,22176734850,811618735350,3421600,824797800,129325600,0,0,0,15848550,0,6190633500,0,0,0,200809800,14694192650,24538500,41499829550,64923000,35896173200,9513200,985650,145139750,0,7213262850,5869182500,184214450,40950000,31241951900,2073550,538842950,369070486150,5194391900,272810100,52907250,558362787150,0,994788950,2587224900,120493850,836361400,16125300,7000350,8132321400,22179560600,3019250,74454635700,1761987443700,15624000,96048150,621448150,8625250,18065400,0,2507192700,250366750,0,110348981300,0,0,356884350,696282005200,0,0,1549800,2432759750,69110628800,27108433550,36406216650,257368150,92233750,109527332150,1660234600,121667940850,285774694100,1199347707850,33200500,700542300,64206650,3729792100,1191285050,13339950,388457242150,10977750,89193250,6773767000,3024367150,5423152350,4630950,10635620600,8.35e+09,1449670050,110148830600,12777631100,0,0,89704050000,908928400,2719785700,59146650,4835077950,773200,96186128800,1318136600,1529654300,166445552850,2.2545e+11,524920700,20005262050,405900,5090898148400,0,7093300,1218090600,16402050,1359643350,0,7548200,303004052650,448130078000,1582924200,58134400,98724362650,0,161151050,202685900,663799950,502264867450,152966214750,0,0,0,1672508400,60453833000,72747884600,48064125900,52076460200,0,0,0,0,2618671946250,22109747450,24125250,6243716350,19977446000,29739157500,3729328800,2915100,1802266109150,402883241900,62275925450,0,0,265155704100,546924701600,7481013300,1309950,671520800,203200045650,1719045900,104707950,1273050,85937850,380529800,779179250,2824034900,104685506700,86007638350,0,1423624237050,7034076200,107415953000,0,225386050,40184100,26894050,3075248950,49635550,344664450,129150,1.336e+10,2475829953950,132968188400,9538253400,416922050,304447911950,0,125823300
"BIH",0,0,1194433100,0,0,0,261105400,713279050,0,0,0,0,0,0,0,0,0,0,0,0,0,1435871850,0,0,0,101211750,0,0,0,0,0,92250,0,0,0,0,0,0,0,0,0,937572150,0,0,0,0,0,0,0,0,0,0,0,0,0,0,0,0,0,691006450,0,0,0,0,0,0,0,0,0,0,0,0,306206700,77282987700,0,0,0,0,6734250,9833850,0,46001619850,0,0,0,0,0,0,0,0,0,0,0,0,0,0,0,0,21900150,0,0,0,0,0,0,0,0,0,0,0,0,0,0,0,0,0,508559250,0,0,22101436900,0,18450,0,0,0,0,0,0,30885300,0,0,0,0,0,0,0,0,0,57424450,0,118246050,0,140220000,0,0,0,0,157194950,0,0,0,4133035600,32398200,0,0,0,0,0,0,0,3324706650,130507500,0,0,0,0,0,0,0,0,0,0,79510621950,65749700,0,0,1240950900,0,1522243500,0,0,0,0,0,0,0,0,0,62734200,0,11013006950,24160878450,0,0,0
"GHA",0,0,0,0,0,0,0,18450,0,0,0,0,0,0,0,0,0,0,0,0,0,0,0,0,0,202950,0,0,0,0,0,92250,0,0,0,0,0,0,92250,0,18969290100,0,0,0,0,0,0,0,0,0,0,0,0,30900,0,0,0,0,0,22148250,0,0,0,0,0,0,0,26955450,0,0,0,0,0,0,0,57300,0,0,0,79216950,0,2221100,655022600,0,0,184500,0,0,0,0,0,0,0,0,0,38357550,0,97183500,0,0,0,0,0,0,0,1403288550,0,0,0,0,0,0,16700,0,36900,0,186232950,0,0,0,0,0,0,79481818900,0,0,0,0,0,0,0,0,0,0,18450,0,0,0,716350,0,0,0,0,0,0,0,0,0,0,0,0,0,0,0,0,664200,0,0,0,0,275250,0,0,0,0,0,0,142132504850,0,0,0,0,1335866400,0,0,0,2342761500,0,32727300,118448614300,0,0,0,0,0,0,0,0,69796950,0,0,0,0,0,0
"KIR",0,0,0,0,0,0,0,0,0,0,0,0,0,0,0,0,0,0,0,0,0,0,0,0,0,0,0,0,0,0,0,0,0,0,0,0,0,0,0,0,0,0,0,0,0,0,0,0,0,0,0,0,0,0,0,0,0,0,0,0,0,0,0,0,0,0,0,0,0,0,0,0,0,0,0,0,0,0,0,0,0,0,0,0,0,0,0,0,0,0,0,0,0,0,0,0,0,0,0,0,0,0,0,0,0,0,0,0,0,0,0,0,0,0,0,0,0,0,0,0,0,0,0,0,0,0,0,0,0,0,0,0,0,0,0,0,0,0,0,0,0,0,0,0,0,0,0,0,0,0,0,0,0,0,0,0,0,0,0,0,0,0,0,0,0,0,0,0,0,0,0,0,0,0,0,0,0,0,0,0,0,0,0,0,0,0,0,0,0,0,0,0,0,0,0
"GRC",52074150,0,55430969300,0,0,0,2781692350,5544146950,73800,866795750,0,0,0,0,0,0,711674850,0,0,0,0,84566783250,51106500,0,22883050,3192259950,0,0,67839950,0,10258200,7679125250,106161300,0,2103300,0,0,4115409550,63527675100,0,0,4277743300,0,0,0,0,539866600,0,0,275567050,0,0,577880300,4499785250,977850,0,40181200,0,0,33233224500,73236900,0,0,0,0,0,0,0,0,0,0,5138521550,1838293400,50288550,0,210629150,64187550,0,0,366619950,608274550,648527206400,0,0,0,10621862550,2931056450,0,66161700,0,0,1061801400,105976800,169426650,0,1121576350,0,3688200,586164150,67324050,0,546000,0,90647950,20497950,0,602859100,0,0,1346850,332100,0,0,195865200,0,0,19053419100,0,0,3443567400,0,100983600,0,0,18450,274806650,185643900,184628350,6445491100,0,0,0,0,13007895800,98678400,0,0,0,861084950,0,33117817250,0,1199748250,0,0,0,0,2536240450,5645700,0,0,257937000,708885900,273285000,0,865236850,1015375550,66607050,0,0,2623752350,1167806300,0,0,8468550,0,212507100,0,0,0,44021700,313352086600,116292355000,803302350,227537000,0,27162979850,528584800,13586654850,0,9833850,0,0,115127900,11947650,0,1157850,0,14234223050,19850800,1944820150,541678050,94263950,0,0
"GRL",0,0,0,0,0,0,0,0,0,0,0,0,0,0,0,0,0,0,0,0,0,0,0,0,0,0,0,0,0,0,0,0,0,0,0,0,0,0,0,0,0,0,0,0,0,0,0,0,0,0,0,0,0,0,0,0,0,0,0,0,0,0,0,0,0,0,0,0,0,0,0,0,0,0,0,0,0,0,0,0,0,0,0,0,0,0,0,0,0,0,0,0,0,0,0,0,0,0,0,0,0,0,0,0,0,0,0,0,0,0,0,0,0,0,0,0,0,0,0,0,0,0,0,0,0,0,0,0,0,0,0,0,0,0,0,0,0,0,0,0,0,0,0,0,0,0,0,0,0,0,0,0,0,0,0,0,0,0,0,0,0,0,0,0,0,0,0,0,0,0,0,0,0,0,0,0,0,0,0,0,0,0,0,0,0,0,0,0,0,0,0,0,0,0,0
"GRD",0,0,0,0,0,0,0,0,0,0,0,0,0,0,0,0,0,0,0,0,0,0,0,0,0,0,0,0,0,0,0,0,0,0,0,0,0,0,0,0,0,0,0,0,0,0,0,0,0,0,0,0,0,0,0,0,0,0,0,0,0,0,0,0,0,0,0,0,0,0,0,0,0,0,0,0,0,0,0,0,0,0,0,0,0,0,0,0,0,0,0,0,0,0,0,0,0,0,0,0,0,0,0,0,0,0,0,0,0,0,0,0,0,0,0,0,0,0,0,0,0,0,0,0,0,0,0,0,0,0,0,0,0,0,0,0,0,0,0,0,0,0,0,0,0,0,0,0,0,0,0,0,43024800,0,0,0,0,0,0,0,0,0,0,0,0,0,0,0,0,92250,0,0,0,0,0,0,184500,0,369000,0,0,0,0,0,0,0,0,0,0,0,0,0,0,0,0
"GTM",0,0,0,0,0,0,0,0,0,0,0,0,0,0,0,0,24575400,0,3477381100,0,0,0,0,0,0,0,0,0,0,0,2299067950,0,0,0,0,0,33783520750,7291029400,0,0,0,0,0,18820133000,0,224960850,0,87793377550,0,0,0,0,0,26955450,0,0,0,0,0,0,0,0,0,0,0,0,0,0,292211100,0,115571218350,0,0,0,0,0,0,0,0,0,0,1291500,0,0,394885350,0,0,0,0,0,0,0,0,0,0,0,0,0,0,0,0,0,0,0,0,0,0,0,0,17543085300,0,0,0,0,0,0,0,0,0,0,0,0,41801316900,0,0,0,0,18520621650,0,0,0,679531950,0,0,0,0,0,0,0,0,0,0,0,0,0,0,0,0,0,0,0,0,0,0,0,0,0,0,0,0,0,3892950,0,0,0,0,0,0,0,0,0,0,0,0,0,0,0,0,7067560250,0,106954650,0,0,0,0,0,0,0,0,0,0,0,0,0,0
"GIN",0,0,0,0,0,0,0,0,0,0,0,0,0,0,0,0,0,0,0,0,0,0,0,0,0,0,0,0,0,0,0,0,0,0,0,0,0,0,0,0,0,0,0,0,0,0,0,0,0,0,0,0,0,73800,0,0,0,0,258916200,0,0,0,0,0,0,0,0,0,0,0,201850,0,0,0,0,0,0,0,0,0,0,0,0,0,0,0,0,0,0,0,0,0,0,0,0,0,0,0,0,0,0,0,0,49194600,0,73400,0,0,0,0,0,36400,0,0,0,0,0,0,0,0,0,0,0,0,0,0,0,0,0,0,0,0,0,0,0,0,0,0,0,0,0,0,0,0,0,0,0,0,0,0,188444750,0,0,0,0,36700,0,0,0,0,0,0,0,0,0,0,0,0,0,0,0,0,0,0,0,0,0,0,0,0,0,0,0,0,0,0,0,0,0,0,0,0,0,0,0
"GUY",0,0,0,0,83400850,0,0,0,0,0,1344508550,0,0,0,0,0,201474000,0,0,0,0,0,0,0,0,325034550,0,0,0,0,0,0,0,0,0,0,0,0,0,0,0,0,0,0,0,0,0,0,0,0,0,0,0,0,0,0,0,0,0,0,0,0,0,0,0,11619150,0,0,0,0,0,55350,0,0,0,0,0,0,0,0,0,0,0,0,1881900,0,0,0,0,0,0,0,0,0,0,0,0,0,0,0,0,0,0,0,0,0,0,0,0,0,0,0,0,0,0,0,0,0,0,0,0,0,0,0,0,0,0,0,0,0,0,0,0,0,0,0,0,0,0,0,0,0,0,18450,2601450,0,0,0,0,0,0,0,0,0,0,0,0,3070225600,0,0,0,0,0,0,0,0,0,0,0,1259490500,0,0,0,0,0,0,58062200,0,898566700,0,0,0,0,0,0,0,0,0,0,0,0,0,0,0,0
"HTI",0,0,0,0,0,0,0,0,0,0,0,0,0,0,0,0,0,0,0,0,0,0,0,0,0,0,0,0,0,0,0,0,0,0,0,0,0,0,0,0,0,0,0,0,0,0,0,0,0,0,0,0,0,0,0,0,0,0,0,0,0,0,0,0,0,0,0,0,0,0,0,0,0,0,0,0,0,0,0,0,0,0,0,0,0,0,0,0,0,0,0,0,0,0,0,0,0,0,0,0,0,0,0,0,0,0,0,0,0,0,0,0,0,0,0,0,0,0,0,0,0,0,0,0,0,0,0,0,0,0,0,0,0,0,0,0,0,0,0,0,0,0,0,0,0,0,0,0,0,0,0,0,0,0,0,0,0,0,0,0,0,0,0,0,0,0,0,0,0,0,0,0,0,0,0,0,0,0,0,0,0,0,0,0,0,0,0,0,0,0,0,0,0,0,0
"HND",0,0,0,0,0,0,0,0,0,0,0,0,0,0,0,0,0,0,444995550,0,0,0,0,0,0,0,0,0,0,0,55350,0,0,0,0,0,12758304150,0,0,0,0,0,0,4141619100,0,0,0,82709362100,0,0,0,0,0,0,0,0,0,0,0,0,0,0,0,0,0,0,25408636750,0,0,0,0,0,0,0,0,0,0,0,0,0,0,0,0,0,0,0,0,0,0,0,0,0,0,0,0,0,0,0,0,0,0,0,0,0,0,0,0,0,0,2252173050,0,0,0,0,0,0,74250,0,0,0,0,0,16756440450,0,0,0,0,279388350,0,0,0,0,0,0,424350,0,0,0,0,0,0,0,0,0,0,0,0,0,0,0,0,0,0,0,0,0,163268700,0,0,0,0,0,0,0,0,0,0,0,0,0,0,0,0,0,0,0,0,0,6125697000,0,0,0,0,0,0,0,0,0,0,0,0,0,0,0,0
"HKG",0,0,0,0,0,0,4592175300,873600,6309900,0,0,0,0,0,0,0,553500,0,0,14214500,701100,313650,64020500,0,0,8364059850,0,0,0,0,0,85798943150,0,0,0,0,41096050,0,0,0,0,3596600,0,0,0,0,479700,0,0,0,0,5335900,0,2167683900,0,0,0,0,0,78284250,0,11573200,0,147600,0,0,30387600,0,0,0,0,0,0,0,0,28117800,35322700,0,0,36545400,0,76811450,0,0,107894900,45728100,0,0,0,709983200,0,902194250,19132650,0,0,0,258300,0,0,0,60005964800,9340350,0,4038325000,0,0,0,0,34107950,143662150,0,0,0,0,0,0,4754366850,0,0,0,12649900,1194254150,0,0,0,23908000,0,236277950,0,91000,1064300,30276450,668658450,3596600,0,0,0,0,0,0,0,0,0,0,0,0,0,0,0,60368400,0,110700,0,6983029350,0,244038100,25993200,2250900,0,0,805661950,38737000,0,0,2551395400,0,270103600,0,0,4685800,0,0,0,206651250,0,0,1996822850,0,15112999200,0,0,0,0,831916600,0,0,0,0,120873000,0,0,0,0,0,0
"HUN",0,0,457255300,0,0,0,48968500,1379376761450,0,1215172350,0,0,0,0,0,0,89740800,0,0,0,0,36553842650,0,0,0,390006550,0,0,0,0,0,376171200,0,0,110723900,0,0,0,37471256750,4235200,0,1877268700,0,258300,2583000,0,4133400,0,0,101355900,0,0,574237800,14719800300,0,0,18450,0,0,355452438050,556504238250,91750,0,149321012850,0,0,0,0,0,0,0,157187100,0,463350360650,77081600,442800,0,0,22061400,1382302900,1003724550,3133767053000,0,0,0,147500,1605150,3450150,0,553200,0,27121500,51992100,176099050,0,87951150,0,0,0,2934490150,0,0,0,2195550,0,0,15820184650,146800,0,1312350,3025800,69980850,0,287814300,0,0,290126082400,0,0,12190695350,0,422050,0,0,0,1160572000,0,0,43147880150,0,0,0,0,124981731050,427235100,0,0,0,7767450,0,1288304123650,0,6125459050,0,0,0,0,184260150,0,0,0,337851021450,217182324500,1107000,0,172770800,4103959900,0,0,0,3451808150,8031338450,0,0,9212400,0,0,0,0,0,0,0,47107550,43183500,0,0,4941143900,6720294550,412822900,0,293724000,0,0,0,0,0,22387000,0,12473961950,53855550,69584953600,113869300,0,0,0
"HRV",0,0,7810801100,0,0,0,178586500,100749743250,0,0,0,0,0,0,0,0,0,0,0,0,0,277063300,0,0,0,143825550,0,0,0,0,0,3819150,0,0,0,0,0,0,0,1493200,0,24792550,0,0,0,0,5737950,0,0,515600,0,0,13874400,11143074350,0,0,0,0,0,12462738200,257152829550,0,0,72800,0,0,0,0,0,0,0,1309950,19774002050,0,36900,0,0,0,36510400,23617900,27965890500,857591764700,0,7347000,0,1494450,38671200,0,0,0,0,3191850,0,54750,0,0,0,0,21143700,100946700,0,0,0,0,0,0,7619850,0,0,0,0,4815450,0,8350000,0,0,555174100,0,0,18668508300,0,3891200,0,0,0,4286650,39519900,0,44350950,0,0,0,0,7732411450,7435350,0,0,0,3542400,0,2692868950,0,166473550,0,0,0,0,162470700,0,0,0,174948857450,442544100,477200,0,22638150,1900350,0,0,0,500107150,421550300,0,0,0,0,0,0,0,0,29335500,0,30078450,92355250,0,0,1653407050,18007200,716716800,0,0,0,0,0,0,0,0,0,32767200,1250350,111133764050,3166399750,0,0,0
"ISL",0,0,0,0,0,0,0,0,0,0,0,0,0,0,0,0,0,0,0,0,0,0,0,0,0,0,0,0,0,0,36900,0,0,0,0,0,0,0,0,0,0,92250,0,0,0,0,0,0,0,0,156335250,0,0,0,0,0,0,0,0,0,0,0,0,0,0,0,0,0,0,0,0,0,0,0,0,0,0,0,0,0,0,0,0,0,0,0,0,0,0,0,0,0,0,0,0,0,0,0,0,0,0,0,0,0,0,0,0,0,0,0,0,0,0,0,0,0,0,0,0,0,0,0,0,0,0,118050,0,0,0,0,0,0,0,0,0,0,0,0,0,0,0,0,0,0,0,0,0,0,0,0,0,0,0,0,0,0,0,0,0,0,898500,0,0,0,0,0,0,0,0,0,0,0,0,0,0,0,6106950,0,92250,0,0,0,0,0,0,0,0,0,55350,0,0,0,0,0,0
"IND",498150,45384319350,9960600,92250000,0,55350,70181726650,200768750,45645300,7916060450,49427550,40821650250,0,11968968750,1992600,679231050,23505300,0,103814800,678835200,1814878300,57730050,632786600,2638721950,8345081600,70391865200,311233050,235348200,31947775750,1674964800,746709850,918515700,145884150,749617950,23263282600,0,814106250,2429311500,202250450,37960050,10659076100,1368099750,64704150,12960859200,35490000,0,12390850,599422050,2728438900,0,0,955342400,72099900,3134202400,0,1504443900,15014300,2359653350,8005371850,6197500600,0,13795827050,28449900,19096900,0,3976200,597632400,19979777350,666425700,20077031700,0,9250086000,16665100,17712000,0,0,2627708400,3442484950,904557350,1336956300,7437333050,749667050,3769912700,58363200,153250950,2376548450,4581458400,5078450,11883012550,392977400,1779819350,4531356450,10016543300,22415750,0,3222084100,0,1475861400,3525573600,0,4250100,2561751450,970686950,58382286300,3851579800,1857342300,26347200,5291394200,4186465350,1325631600,655915950,73670850,3782855800,218400,15133941000,484121121800,6584642600,0,55350,0,201940500,14650586600,362708550,5321270100,7188248800,1622921650,1553027600,1378023400,166610700,842131750,164426400,78546750,5948974650,606426200,70184750,978261700,0,0,83080687950,841650,42102900,7923845300,1664258600,0,18450,32379750,527033100,16485999550,9253927250,2673160850,6111480600,3824500,0,26777204050,29936420050,22463987850,1318986900,308611600,0,535050,2026214850,712096300,0,0,380403550,25704226900,8510979000,18343048850,422265150,408234300,14993019050,8302500,376577200,208148222150,29580008550,0,76118292950,534800,285468819350,5188848700,237912750,3227700,588388950,1834483200,350771400,13276929550,12499082650,184918400,167835150,0,0,0,7158427850,1307496150,22140000
"IDN",21235950,5174700,0,15940800,0,0,31880279100,11610300,41346450,1493238500,0,454258100,0,0,0,0,777316950,0,0,2690166450,2806780600,0,16877535900,0,32232150,911456750,0,0,690790050,0,42490350,75183703150,88578450,922500,0,535050,0,0,0,8431650,0,4944600,0,151659000,0,0,175430650,0,0,258300,0,1296683100,0,131353550,168688350,0,38265300,126992250,32368950,291755300,0,549397500,171419500,0,0,0,0,14084250,66991950,0,0,16454280050,4649400,69986900,0,7480616050,0,1029564700,1214476700,494958150,1375853900,103055000,493900,0,0,22541100950,847554150,3394800,16715700,3527956850,0,30640518400,2068900450,0,10516500,1130980700,0,111377700,1653452100,933182550,15571800,30511650,22662250,47463839350,1639526200,30165750,15781000,0,1215701600,19077300,469921500,41055850,48246750,0,793350,169573950,3758565450,0,440557200,0,2219870600,5386123050,0,738000,576220250,160060100,644818200,179391250,0,76967616350,0,38837250,59397007400,0,820722100,0,77315558600,0,753078450,0,7638300,0,136452200,0,0,0,0,11510624150,0,212262550,12728400,0,0,19904018800,0,173719050,2570252050,8074000,0,0,26820550,1346850,0,0,13327049900,33043950,53712981250,21363000,1405629000,0,657901800,0,551845450,5680753500,5848650,14035650,1054943250,0,13011432950,0,0,30700800,0,80015990950,0,475784250,0,0,230840650,0,0,0,161474400,0,413077050
"IRN",36406350,153907321500,0,0,0,0,525865700,72390450,0,243045400,0,0,0,0,0,0,0,0,0,0,0,0,0,0,29224800,325006000,0,0,0,0,0,248752950,0,0,24649200,0,0,0,0,5071939800,1094577500,2583000,0,0,0,0,0,0,0,0,0,0,0,0,0,444976600,135033900,0,0,414736450,0,132231150,0,276750,0,0,0,0,0,0,0,1051650,0,0,0,0,62250,0,516078491950,0,0,72268650,6317723800,18039450,0,18450,0,38394450,3421706600,0,16992450,249000,483405350,0,0,137852700,0,0,18210150,0,0,0,0,159915300,25220850,753461100,0,38984850,0,0,0,0,0,0,0,0,81689750,0,0,0,0,29180700,0,1930041850,67305600,0,29173072400,0,0,0,0,0,0,0,0,0,0,0,2001685350,0,0,0,330067500,0,0,0,0,0,128578050,0,0,0,0,0,8925194950,368633150,532150,0,1222312500,0,88715300,11090150,36235800,8894984500,0,9721033300,0,533850000,0,0,67626969350,0,119379000,1795277000,100352350,0,141051150,34686000,119608650,543906000,0,0,0,9464850,0,0,0,0,0,0,0,0,99408600,0,0
"IRQ",0,0,0,0,0,0,0,0,0,0,0,0,0,0,0,0,0,0,0,0,0,0,0,0,0,0,0,0,0,0,0,0,0,0,0,0,0,0,0,0,0,0,0,0,0,0,0,0,0,0,0,0,0,0,0,0,0,0,0,0,0,0,0,0,0,0,0,0,0,0,0,0,0,0,0,0,0,0,0,0,0,0,0,0,0,0,0,0,0,0,0,0,0,0,0,0,0,0,0,0,0,0,0,0,0,0,0,0,0,0,0,0,0,0,0,0,0,0,0,0,0,0,0,0,0,0,0,0,0,0,0,0,0,0,0,0,0,0,0,0,0,0,0,0,0,0,0,0,0,0,0,0,0,0,0,0,0,0,0,0,0,0,0,0,0,0,0,0,0,0,0,0,0,0,0,0,0,0,0,0,0,0,0,0,0,0,0,0,0,0,0,0,0,0,0
"IRL",36900,0,0,0,0,0,2272984850,280689200,0,26576700,0,15793200,0,0,0,0,0,0,0,0,0,204259950,0,0,0,862710900,0,0,0,0,0,86450700,0,0,0,0,55350,0,109849250,5332050,0,2948747850,0,0,0,0,36900,0,0,258300,0,0,54617850,1405500000,0,0,386650,0,0,2508361500,0,0,0,10498050,0,0,0,0,0,0,0,553500,18450,0,98700,18200,0,0,0,0,2564550,308123450,0,0,0,1808100,0,0,0,0,0,7730550,2380050,0,0,0,37350,0,0,4483350,0,0,0,88929000,0,0,372631250,0,0,0,0,0,0,0,0,0,3321999200,0,0,0,0,3062700,0,0,0,108670650,63154350,0,4778550,0,0,0,0,29611350,427375800,0,0,0,222147050,0,1217700,0,18450,0,0,0,0,40700700,0,0,0,0,2121750,24861750,0,591470100,361848100,0,0,0,238758750,566733800,0,0,0,0,0,0,0,0,0,12450,0,263529950,0,0,776303296250,24900,2554967700,0,188466750,0,0,13705800,0,0,0,0,65110500,1821000,0,0,0,0,0
"ISR",0,0,0,0,0,430899750,3145768350,116188250,0,0,0,0,0,0,0,0,232082550,0,0,0,0,0,0,0,3803800,3756292300,0,0,0,0,93633750,166469400,10553400,0,0,0,0,0,158175250,37752000,0,2136535750,0,0,0,0,43763400,0,0,0,0,0,8874450,5866691750,0,0,57600900,0,0,3042517450,0,2619900,0,39463700,0,0,4241800,0,0,0,0,20128950,154214100,24723000,0,6402150,0,0,0,0,0,1926753350,2601450,0,6789600,172858050,834949900,0,3726900,0,0,30953300,0,0,0,0,0,0,0,84151850,0,0,0,0,0,0,0,0,0,204851250,0,0,0,0,0,0,3714282650,0,0,0,0,48874050,0,0,4243500,0,0,41399450,0,2120900,0,0,1070100,16199100,2140200,0,0,0,0,0,62711550,0,250752000,0,0,0,0,0,0,0,0,398264100,10608750,34841400,0,1109123100,1051262550,0,0,0,55737450,181792800,0,0,83006550,1568250,123391850,0,0,0,0,0,415555950,0,3191850,0,7230416700,229777350,59017054300,0,63080550,5885550,0,516600,0,0,0,0,2999811400,0,0,0,0,0,0
"ITA",5595196000,40826050,72615790650,776585500,662132900,8156371550,162700126550,184542381000,426312050,5705447050,263304550,1443561600,0,32956600,200185900,117586800,99639009300,0,72429550,0,417546100,18926883900,391534200,1051650,912489950,138336673450,1439814450,13212000,940556250,0,22114227000,120055141300,30406204400,28264100,486877950,34213100,4896739350,5483329150,7598788900,598541600,234861650,139779851450,403129100,9596830350,6521420450,3120883750,5201838000,595267700,39911250,6062354550,0,152281300,33046700000,1318746332050,2776047100,342332500,6106789800,1725625600,53155000,1818169581000,9930623450,1092049700,0,66640613350,0,131229350,1788149300,3589960300,84923800,368364200,872671950,32735750900,59974330850,74422856850,3986796250,21347656150,9512373050,555268150,3228860900,70394309150,136109955100,0,530054450,3873084000,849725600,283539555850,14817162850,498150,1985496700,1358471900,0,86633619800,9959470100,13893058800,103997700,34133320300,0,94062100,53586019850,22011781600,119665100,393331700,17193950,12591557200,1348809600,9092252550,75445251900,67010400,2971262250,20650828800,1121957650,15495466700,720676050,5086825350,755468300,1325307050,248048719000,0,1642476900,16732781000,34553050,19272247750,189619300,27029550,396642400,60821370400,2564526950,5472551750,107212721550,23873350,640819900,4050734800,11797855650,169424495950,64127676350,11420550,0,375377750,7793417600,0,88364547500,218154200,144560579100,169480600,34222750,2444950,0,119009462950,7276908250,1372335850,30902450,83759546100,25801115100,22269051900,4658567250,52663234200,290793302300,396690650,3768150,0,211009163850,218269336000,3195023400,10645650,19806931300,688524200,20006218450,55933200,0,431889850,5169405500,194940086050,17269657600,40808532500,488872700,0,1102596192100,71841576650,907397848350,24586270800,4424753550,215126000,7797853000,13167385250,2793037000,15184838200,139667400,304011550,310940711650,14053940850,49225310950,13936566250,14348850,0,1182201800
"CIV",0,0,0,0,0,0,0,0,0,0,0,0,0,0,0,0,0,0,0,0,0,0,0,0,0,0,0,0,0,0,0,0,0,0,74614400,0,0,0,0,0,323320550,0,0,0,0,0,0,0,5756400,0,0,0,0,2269150,0,0,0,18689850,0,0,0,27198544050,0,0,0,0,0,1952663850,0,0,0,0,0,0,0,0,0,0,0,0,0,0,0,0,0,0,0,0,0,0,0,0,0,0,0,0,0,2863060200,0,0,0,0,0,0,0,49013059000,0,0,0,0,0,0,0,0,0,0,36400,0,0,0,0,0,0,7615575550,496650,0,0,0,0,0,0,0,0,0,0,0,0,0,0,0,0,0,0,0,0,0,0,0,8148820300,0,0,0,0,0,0,0,0,0,0,0,0,129150,0,0,0,0,0,286097050,0,0,0,18450,0,0,0,0,309400,0,36900,259469430450,0,0,0,0,0,0,0,0,254800,0,0,0,36400,0,0
"KAZ",634240500,5390010328850,0,0,0,0,0,0,0,0,0,0,0,0,0,0,0,0,0,0,0,0,0,0,0,0,0,0,0,0,0,1732341853750,0,0,0,0,0,0,0,882867369150,0,295200,0,0,5493309850,0,0,0,0,0,0,0,4893935000,0,0,0,223966335800,0,0,2255281100,0,0,0,68714705100,0,0,0,0,0,0,0,0,0,0,0,0,0,92627285400,3062969000,0,0,812672951700,0,0,0,0,1683193000,668956413600,0,0,0,36900,0,2660310000,0,4909800000,0,0,0,411822000,0,0,0,1895784000,0,0,0,0,0,0,7755377600,0,0,4059874000,0,0,26969331000,0,0,0,0,0,0,0,0,73888665700,0,0,0,0,0,0,0,16785003000,0,0,0,0,0,0,37310000,0,1136913599100,0,0,0,0,0,0,0,0,0,0,0,0,0,44643675800,0,3706851183300,0,76737502000,0,0,1017946241500,0,0,0,0,0,0,0,103248501500,822348658300,1084867600,0,0,37442068000,4038231450,0,0,0,9397507725050,0,89180171000,0,0,0,0,1.1356e+10,0,0,0,0,0,0
"JAM",0,0,0,0,474589200,0,73800,0,77656050,0,3590519150,0,0,0,0,0,0,0,6279000,0,0,0,0,0,0,3264136950,0,0,0,0,0,166050,332100,0,0,0,147600,0,18450,0,0,0,44464500,36900,0,0,0,0,0,0,0,0,0,64445850,0,0,0,0,0,0,0,0,0,0,0,972700400,0,0,6697896000,4926150,0,0,0,0,0,0,0,0,0,0,0,608850,0,0,0,0,0,0,0,0,0,0,0,0,0,0,0,0,0,0,0,0,0,0,0,0,0,0,28948050,0,2730600,0,0,0,0,0,0,0,0,0,0,0,0,0,36900,0,0,0,0,0,0,0,0,18450,0,0,0,0,0,0,0,0,0,51294900,121119050,118103400,0,0,0,0,0,0,0,0,0,0,0,3193353800,0,0,73800,0,0,0,0,0,0,0,0,2130156650,0,0,0,0,0,0,4746621450,405900,14216876200,0,0,0,0,0,0,0,0,0,0,0,0,0,0,0,0
"JPN",0,0,0,0,0,19407100,7831741400,1861050,0,95246100,0,0,0,0,0,0,476523250,0,0,0,75498500,478574550,502845100,0,0,3661984450,0,0,4465750,0,3353200,58581639350,1845000,0,0,0,0,0,1724900,590400,0,26272800,0,0,0,0,0,0,0,0,0,678950,14295400,940498200,0,864150,0,0,8553150,938008250,0,0,0,0,0,0,0,0,0,0,0,279659994000,0,917500,0,73115750,4501404100,0,0,0,85768100,2447982550,0,0,0,0,14213550,0,12533050,1075189400,0,10992226100,75835350,0,6549750,43105100,0,0,0,3505500,801125850,0,0,38901520400,0,21840000,0,0,4183800,474208300,127988000,0,0,0,0,1743250,1926832150,0,6334850,0,0,869396850,0,0,0,46219550,0,0,7416900,0,1162350,553500,1610397650,109453600,436868750,0,0,0,48159600,0,0,0,341269400,0,0,0,0,2560007350,0,0,0,844100,0,162386083600,0,3798450,806510050,0,0,0,142455750,404180150,0,0,54870117600,0,35777471100,0,0,0,222248700,0,0,888521050,0,0,2193471950,10993550,40894286750,0,0,0,0,61743496800,367000,0,0,0,472594350,0,0,0,0,0,0
"JOR",0,0,0,0,0,0,30931800,0,0,11715750,0,0,0,0,0,0,0,0,0,0,0,0,0,0,0,90245700,0,0,0,0,0,0,0,0,0,0,0,0,0,0,0,0,0,0,0,0,0,0,0,0,0,0,0,0,0,0,0,0,0,52490250,0,0,0,0,0,0,0,0,0,0,0,0,0,0,0,0,0,0,77383468550,0,628821300,0,0,0,0,0,0,0,0,0,0,0,551072000,0,0,759472800,0,0,190035000,0,0,0,0,0,0,0,0,0,0,0,0,123043050,0,0,0,0,66139500,0,0,0,0,0,0,0,0,0,0,0,0,0,0,0,0,0,0,0,0,0,104692900,0,105210000,0,0,0,0,0,0,2321980100,0,0,0,0,0,0,44150850,0,0,0,0,0,1439100,0,73618311100,0,0,0,0,0,0,0,135441450,0,46865900,389577000,0,0,312100200,0,371871900,0,0,0,0,0,0,4787448200,0,0,0,0,0,0,61825950,0,3332169100
"KGZ",27416700,116174100,0,0,0,0,0,0,0,0,0,0,0,0,0,0,0,0,0,0,0,0,0,0,0,0,0,0,0,0,0,441295750,0,0,0,0,0,0,0,0,0,0,0,0,0,0,0,0,0,0,0,0,0,0,0,0,535050,0,0,0,0,0,0,0,0,0,0,0,0,0,0,0,0,0,0,0,0,0,0,0,0,0,0,9582551200,0,0,0,0,0,0,0,0,0,0,0,0,0,0,0,0,0,0,0,0,0,0,0,0,0,0,279894400,0,0,0,0,0,0,0,0,0,0,0,0,0,0,0,0,0,0,0,0,0,0,0,0,0,0,0,0,0,0,0,151742900,0,0,0,0,0,0,0,0,0,0,0,0,0,0,0,356827100,0,0,0,0,4686300,0,0,0,0,0,0,0,0,0,54600,0,0,0,0,33400,0,0,102181300,0,0,0,0,0,0,0,0,0,0,0,0,0
"KEN",0,0,0,0,0,0,638250,0,0,0,0,0,0,0,0,0,0,0,0,0,0,0,0,10582500,184500,1649600,0,1107000,0,0,0,0,0,163800,0,0,0,0,0,0,0,0,0,0,0,0,0,0,0,0,0,0,0,675550,0,1638000,0,0,0,2508400,0,0,0,0,0,0,0,0,0,0,0,0,0,0,0,0,0,36900,0,0,25050000,50100,0,0,0,0,0,0,0,0,0,0,0,0,0,0,0,0,0,0,0,0,0,0,0,0,0,0,0,0,0,0,0,0,0,0,0,0,0,0,0,0,0,0,701100,0,18200,0,0,0,0,0,0,73800,0,0,0,0,0,0,0,4210557650,0,0,0,0,0,0,0,0,0,0,0,0,410330400,0,0,0,0,0,0,0,0,0,0,95865000,0,0,0,0,0,0,0,279200,11755887600,0,24258300,0,1564550,0,0,0,0,0,0,0,2203600,0,0,0,0,0,3630750,6447063300,0
"KHM",0,0,0,0,0,0,2813167450,136413900,0,0,0,0,0,0,0,0,0,0,0,0,0,0,0,0,0,118771250,0,0,0,0,0,215011750,0,0,0,0,0,0,0,0,0,9354150,0,0,0,0,0,0,0,0,0,0,0,675994550,0,0,0,0,0,255633850,0,0,0,82116250,0,0,0,0,0,0,0,0,0,0,0,0,0,0,0,0,0,255413650,0,0,0,7361550,0,0,0,0,0,618979050,0,0,0,0,0,0,0,0,0,0,0,51678450,0,0,0,0,11439000,0,0,0,0,0,0,0,344626800,0,0,0,0,24335550,0,0,0,29543500,0,0,82556650,0,0,0,0,0,83033750,0,0,0,0,0,0,0,0,0,0,0,0,0,0,0,0,0,0,37407950,0,0,244880750,0,0,0,12551400,0,0,0,0,0,21125250,0,0,0,0,0,0,2306250,0,0,243064100,0,356599850,0,0,0,0,42029100,0,0,0,0,189555500,0,0,0,0,0,0
"PRK",0,0,0,0,0,0,0,0,0,0,0,0,0,0,0,0,0,0,0,0,0,0,0,0,0,0,0,0,0,0,0,0,0,0,0,0,0,0,0,0,0,0,0,0,0,0,0,0,0,0,0,0,0,0,0,0,0,0,0,0,0,0,0,0,0,0,0,0,0,0,0,0,0,0,0,0,0,0,0,0,0,0,0,0,0,0,0,0,0,0,0,0,0,0,0,0,0,0,0,0,0,0,0,0,0,0,0,0,0,0,0,0,0,0,0,0,0,0,0,0,0,0,0,0,0,0,0,0,0,0,0,0,0,0,0,0,0,0,0,0,0,0,0,0,0,0,0,0,0,0,0,0,0,0,0,0,0,0,0,0,0,0,0,0,0,0,0,0,0,0,0,0,0,0,0,0,0,0,0,0,0,0,0,0,0,0,0,0,0,0,0,0,0,0,0
"KOR",10405800,0,0,9209600,0,317000550,15739566150,573018450,0,285440450,0,247662350,0,9594000,21547900,0,1274644550,0,0,645750,150176600,36550,698225000,0,275250,12347398850,0,0,45921650,0,397070950,43118872350,27135950,0,369000,0,1291500,0,0,0,36700,115238700,257500,49349550,0,1660500,39551400,0,0,1088550,0,18055200,992700,1609834350,21623400,348850,19284300,0,55350,7172553950,0,1756610550,2361600,55103100,0,0,120493250,4796900,0,2238700,165150,53188585200,18853550,0,0,601412150,21331081800,28291100,80741300,266570100,207191250,674355550,6770200,1079241600,0,15613286550,4080000,51119350,56083850,587504900,0,0,1156888400,13505400,171478500,36401850,0,0,0,132773450,81079600,2461800,0,6833517150,0,0,1382550,0,3358050,361739300,1471522550,2263650,2490750,0,0,61899500,5399913700,0,23929650,0,2023400,4567912250,26175800,0,20945000,48223850,13597650,29056700,254227800,17419350,349115050,223207800,18761937450,701122600,52273600,0,15442650,0,465074200,0,22581400,36700,9920444900,0,0,0,0,4457244950,12489150,1568050,0,6481350,45189250,16773325950,0,620509800,1012485850,16328250,0,0,899939050,421453200,0,0,12462830950,1308550,30759003650,55050,0,0,60714550,165350,154364050,1569704800,2878050,0,4804265800,66935450,109553368900,0,22933350,27423600,8190000,14783713250,2482550,0,0,1523050,208911500,0,73800,0,33396750,0,0
"KWT",0,0,0,0,0,0,2398500,0,0,5432305850,0,0,0,0,0,0,0,0,0,0,0,0,0,0,0,0,0,0,0,0,0,36900,0,0,0,0,0,0,0,0,0,0,0,0,0,0,93259000,0,0,0,0,0,0,0,0,76400,0,0,0,2083600,0,0,0,0,0,0,0,0,0,0,0,4312250,0,0,0,0,0,752290550,43111528750,0,0,0,0,0,0,0,3475771750,0,0,0,0,8745300,0,0,0,7472250,0,0,152249400,0,0,0,0,0,0,0,0,0,0,0,0,0,0,0,0,0,0,0,0,0,0,0,0,0,0,0,0,0,0,0,0,0,0,0,0,0,0,0,9534557700,0,0,0,0,0,0,0,0,304674794500,0,0,0,0,0,0,0,0,0,0,0,0,0,0,0,0,0,0,0,0,0,0,249855600,0,0,16380046900,0,0,0,0,89500950,0,0,0,0,0,0,104078550,0,0,0,0,0,0,33689700,0,20405700
"LVA",5590350,0,0,44539250700,0,0,32806350,173214500,0,45735388200,0,0,0,0,0,0,53412750,0,0,0,0,49667400,0,5.01e+09,2928524150,40644100,0,0,0,394378200,109081750,76067550,0,0,29654445050,0,0,0,109493450,0,919100000,275805538050,0,0,28888050,0,10590300,0,1091090000,111751831200,0,0,142988986700,5788128750,436502300,0,24571600,318886300,1912871550,192646860700,0,416086250,0,344574850,0,0,0,0,271194650,145882500,0,3215481000,1254600,9077400,332100,825052700,0,0,0,78041062350,46723931600,255432250,9.1e+08,185619300,0,2003665150,1886052950,0,334202981600,0,0,1584773250,5295150,0,0,23099400,0,0,48024190000,266917038900,0,0,2.505e+09,86291850,5295150,9.1e+08,19564081600,7.1643e+10,0,216933700,0,0,136026327900,3284100,530498500,0,2543158550,0,0,3985200,0,3362193650,0,2.7555e+10,704862411000,39102201750,15590250,0,959503350,7527550,0,0,11974050,16152303200,62497717550,0,0,0,14040450,3590500000,119666700,5.01e+09,2880995100,0,0,0,0,2009094904300,21401855600,0,48430109000,8007300,183116250,676089500,320427700,402835236150,630167445300,520212250,6199200,0,272562405400,2767500,0,0,13208900,6.4128e+10,47492445000,49545000,0,0,0,0,462014209500,647437500,0,0,245430019350,2629141150,624854800,191390500,318045000,14417100,0,0,0,0,5.4108e+10,0,5597191500,276750,0,0,1.1022e+11,0,0
"LAO",0,0,0,0,0,0,0,0,0,0,0,0,0,0,0,0,0,0,0,0,0,0,0,0,0,0,0,0,0,0,0,0,0,0,0,0,0,0,0,0,0,0,0,0,0,0,0,0,0,0,0,0,0,0,0,0,0,0,0,0,0,0,0,0,0,0,0,0,0,0,0,0,0,0,0,0,0,0,0,0,0,0,0,0,0,0,0,0,0,0,0,0,0,0,0,0,0,0,0,0,0,0,0,0,0,0,0,0,0,0,0,0,0,0,0,0,0,0,0,0,0,0,0,0,0,0,0,0,0,0,0,0,0,0,0,0,0,0,0,0,0,0,0,0,0,0,0,0,0,0,0,0,0,0,0,0,0,0,0,0,0,0,0,0,0,0,0,0,0,0,0,0,0,0,0,0,0,0,0,0,0,0,0,0,0,0,0,0,0,0,0,0,0,0,0
"LBN",32760000,0,0,708382300,0,0,500286300,7931550,0,398773450,0,0,0,0,0,0,20882000,0,0,0,0,0,0,0,35290350,306943700,0,40957700,0,2142150,92250,184500,19411900,0,136723750,0,0,0,21903300,0,45413300,49891700,1681650,0,0,0,85368150,0,21470900,0,0,0,0,175480800,0,123891750,0,88335750,20833450,1111682700,0,203970100,0,2117400,0,0,0,83559250,0,0,0,1678950,92250,0,0,0,0,130836700,10222534450,0,0,737114800,289793650,0,0,0,26189121600,0,0,0,0,0,666911850,0,0,0,0,172188300,27103050,0,0,0,405900,24636800,6457500,24867800,0,3168750,0,0,0,12177000,1715850,0,0,0,105057550,0,0,0,0,4183050,0,3580400,125223150,6992550,0,17538750,701100,0,14145400,0,0,0,0,0,0,0,701505400,0,0,0,548500,0,0,0,0,6333860250,130529250,0,69824450,0,0,424350,0,3929850,0,0,0,701100,676111150,77401050,6169134250,0,0,2470100,145600,84880600,0,328600,2178086100,9225000,201266050,918042200,0,0,342435950,0,424563800,14518600,1088550,0,241997000,0,0,2320661150,0,72691000,111819950,0,0,0,313650,0,0
"LSO",0,0,0,0,0,0,0,0,0,0,0,0,0,0,0,0,0,0,0,0,0,0,0,0,0,0,0,0,0,0,0,0,0,0,0,0,0,0,0,0,0,0,0,0,0,0,0,0,0,0,0,0,0,0,0,0,0,0,0,0,0,0,0,0,0,0,0,0,0,0,0,0,0,0,0,0,0,0,0,0,0,0,0,0,0,0,0,0,0,0,0,0,0,0,0,0,0,0,0,0,0,0,0,0,0,0,0,0,0,0,0,0,0,0,0,0,0,0,0,0,0,0,0,0,0,0,0,0,0,0,0,0,0,0,0,0,0,0,0,0,0,0,0,0,0,0,0,0,0,0,0,0,0,0,0,0,0,0,0,0,0,0,0,0,0,0,0,0,0,0,0,0,0,0,0,0,0,0,0,0,0,0,0,0,0,0,0,0,0,0,0,0,0,0,0
"LBR",0,0,0,0,0,0,0,0,0,0,0,0,0,0,0,0,0,0,0,0,0,0,0,0,0,0,0,0,0,0,0,0,0,0,0,0,0,0,0,0,0,0,0,0,0,0,0,0,0,0,0,0,0,0,0,0,0,0,0,0,0,0,0,0,0,0,0,0,0,0,0,0,0,0,0,0,0,0,0,0,0,0,0,0,0,0,0,0,0,0,0,0,0,0,0,0,0,0,0,0,0,0,0,0,0,0,0,0,0,0,0,0,0,0,0,0,0,0,0,0,0,0,0,0,0,0,0,0,0,0,0,0,0,0,0,0,0,0,0,0,0,0,0,0,0,0,0,0,0,0,0,0,0,0,0,0,0,0,0,0,0,0,0,0,0,0,0,0,0,0,0,0,0,0,0,0,0,0,0,0,0,0,0,0,0,0,0,0,0,0,0,0,0,0,0
"LBY",0,0,0,0,0,0,0,0,0,0,0,0,0,0,0,0,0,0,0,0,0,0,0,0,0,0,0,0,0,0,0,0,0,0,0,0,0,0,0,0,0,0,0,0,0,0,0,0,0,0,0,0,0,59545750,0,0,0,0,0,0,0,0,0,0,0,0,0,0,0,0,0,0,0,0,0,0,0,0,0,0,0,0,0,0,0,0,0,0,0,0,0,0,0,0,0,0,0,0,0,0,0,0,0,0,0,0,0,0,0,0,0,0,0,0,0,0,0,0,0,0,0,0,0,96205200,0,0,0,0,0,0,0,0,0,0,0,0,0,0,0,0,0,0,0,0,0,0,0,0,0,0,0,0,0,0,0,0,0,0,0,0,0,0,0,0,0,0,0,0,0,0,0,82858950,0,0,0,0,0,0,0,0,0,0,0,0,0,0,0,0,0,0,0,0,0,0,0
"LTU",4960350,430018200,0,0,0,0,179927850,540806550,0,4.5925e+10,0,0,0,0,0,401057600,0,0,0,0,0,1409187200,0,0,0,607861750,0,0,0,0,0,436953314850,0,0,0,0,0,0,205108650,101218500,0,22611206200,0,0,8561859250,0,52603430200,0,0,19722099800,0,0,24967066900,35979410300,0,0,398683100,0,0,264442622800,6457500,0,0,5428689700,0,0,0,0,0,0,0,5278150,100270500,116364150,166591500,147600,0,0,0,10954541150,165600857300,192371841500,89181000,1509725100,0,1023187350,659278800,59398000,168992310000,0,0,4680900,0,1182892916350,0,0,0,0,50098296600,0,0,0,0,0,0,0,5190619750,0,29513550,0,10737900,55113932000,88092650300,835000,0,0,83057121300,0,0,0,0,22090050,0,0,430639476500,29532129800,0,0,6765471500,0,0,0,0,86897599900,110494049200,49545000,0,0,5163350,0,574817350,0,43760166450,0,0,0,0,2153310950200,7670300,0,2576195500,26549550,240034500,374967600,0,807983057850,642351886700,4954500,176828700,0,63283910850,53028700,0,0,848245700,0,5847987600,0,0,0,0,0,590511656650,18891900,0,0,70128881350,5845908250,6125103150,0,0,120359650,0,51457050,0,0,0,0,1893518400,60636000,60797850,1881900,339272441400,0,1834560000
"MAC",0,0,0,0,0,0,0,0,0,0,0,0,0,0,0,0,0,0,0,0,0,0,0,0,0,76346100,0,0,0,0,0,807289650,0,0,0,0,0,0,0,0,0,0,0,0,0,0,0,0,0,0,0,0,0,0,0,0,0,0,0,0,0,0,0,0,0,0,0,0,0,0,0,1862120950,0,0,0,0,0,0,0,0,0,0,0,0,0,0,0,0,0,0,0,0,0,0,0,0,0,0,0,0,0,0,0,3099600,0,0,0,0,0,0,0,0,0,0,0,0,0,0,0,0,0,0,0,0,0,0,0,0,0,0,0,0,0,0,0,0,0,0,0,0,0,0,0,0,0,0,0,0,0,0,0,0,0,3394800,0,0,0,0,0,0,0,0,0,0,20442600,0,0,0,0,0,0,0,0,0,0,0,0,0,167378400,0,0,0,0,0,0,0,0,0,0,0,0,0,0,0,0
"MDG",0,0,0,0,0,0,0,0,0,0,0,0,0,0,0,0,0,0,0,0,0,0,0,0,0,0,0,0,0,0,0,0,0,10229850,0,0,0,0,0,0,0,0,0,0,0,0,0,0,0,0,0,0,0,62194700,0,0,0,0,0,0,0,0,0,0,0,0,0,0,0,0,0,0,0,0,0,0,0,0,0,0,0,0,0,0,0,0,0,0,0,0,0,0,0,0,0,0,0,0,0,0,0,0,0,0,0,0,0,0,116327250,0,0,0,0,0,0,0,0,0,0,0,0,0,0,0,0,0,0,0,0,0,0,0,0,0,0,0,0,0,0,0,0,0,0,0,0,0,0,0,0,0,0,0,0,0,0,0,0,0,0,0,0,0,0,0,0,0,0,0,0,0,0,0,0,0,0,0,0,0,0,0,0,0,0,0,0,0,0,0,0,0,0,0,0,0,0
"MWI",0,0,0,0,0,0,0,0,0,0,0,0,0,0,0,0,0,0,0,0,0,0,0,0,0,0,0,0,0,0,0,0,0,0,0,0,0,0,0,0,0,0,0,0,0,0,0,0,0,0,0,0,0,0,0,0,0,0,0,0,0,0,0,0,0,0,0,0,0,0,0,0,0,0,0,0,0,0,0,0,0,0,0,0,0,0,0,0,0,0,0,0,0,0,0,0,0,0,0,0,0,0,0,0,0,0,0,0,0,0,0,0,11094833700,0,0,0,0,0,0,0,0,0,0,0,0,0,0,0,0,0,0,0,0,0,0,0,0,0,0,54600,0,0,0,0,0,0,0,0,0,0,0,0,0,0,0,0,0,0,0,0,0,0,0,0,0,0,0,0,0,0,0,0,0,0,0,0,184500,0,184500,0,0,0,0,0,0,0,0,6273000,0,0,0,0,0,0,0
"MYS",0,22896450,46863000,1974574350,0,91678050,54115870350,0,100666700,2497148250,0,2344248000,0,0,0,0,3769021350,0,0,2167531500,39947604700,11789550,138698438550,0,95423400,5486589000,0,0,1224291700,0,599422050,78856271950,8505450,149611050,184907550,0,32822550,216344700,0,0,0,12213900,0,98375400,0,41604750,294111450,0,139352850,1633378500,0,622595250,7841250,2700900550,732870900,128522700,80312850,129408300,119906550,986576850,0,738516600,149853950,0,0,0,0,63818550,214591950,0,0,16087921550,19778400,0,3819150,13355627300,45634424000,656146950,5908533900,321245200,0,1012351500,14268900,106216650,9003600,58551713550,1646090550,0,319406400,4644342900,0,65951252050,2215371000,119205450,47840850,1603821600,0,97065450,926835750,5701050,589245750,235993950,0,0,7796873100,977850,0,0,9258390800,142192800,275809050,298170450,0,0,0,613886850,286468800,0,623665350,0,239831550,10917197050,0,0,667727450,2472300,1571347200,149400600,1549800,9218857000,517485600,67084200,30361119300,0,284536650,5129100,251270550,0,3288392200,0,0,0,4446083550,0,5276700,0,3579300,18021222750,12084750,1352864750,131124150,0,0,319694691650,9884550,10799725950,1333344600,257322150,0,0,0,0,0,7841250,39016367400,152563050,93272500400,161050050,254388600,294369750,5136554200,0,1918054550,13702545250,89150400,6033150,9906705050,92742150,29151557850,0,50977350,0,39169350,32970258650,31789350,920876400,163448550,0,574790700,0,0,0,0,0,56899800
"MDV",0,0,0,0,0,0,0,0,0,0,0,0,0,0,0,0,0,0,0,0,0,0,0,0,0,0,0,0,0,0,0,0,0,0,0,0,0,0,0,0,0,0,0,0,0,0,0,0,0,0,0,0,0,0,0,0,0,0,0,0,0,0,0,0,0,0,0,0,0,0,0,0,0,0,0,0,0,0,0,0,0,0,0,0,0,0,0,0,0,0,0,0,0,0,0,0,0,0,0,0,0,0,0,0,0,0,0,0,0,0,0,0,0,0,0,0,0,0,0,0,0,0,0,0,0,0,0,0,0,0,0,0,0,0,0,0,0,0,0,0,0,0,0,0,0,0,0,0,0,0,0,0,0,0,0,0,0,0,0,0,0,0,0,0,0,0,0,0,0,0,0,0,0,0,0,0,0,0,0,0,0,0,0,0,0,0,0,0,0,0,0,0,0,0,0
"MLI",0,0,0,0,0,0,0,0,0,0,0,0,0,0,0,0,0,0,0,0,0,0,0,0,0,0,0,0,0,0,0,0,0,0,0,0,0,0,0,0,0,0,0,0,0,0,0,0,0,0,0,0,0,71535300,0,0,0,0,9963000,0,0,0,0,0,0,0,0,0,0,0,0,0,0,0,0,0,0,0,0,0,0,269778600,44280000,0,0,0,0,0,0,0,0,0,0,0,0,0,0,0,0,0,0,0,0,0,0,0,0,0,0,0,0,0,0,0,0,0,0,0,0,0,0,0,0,552559500,0,0,0,0,0,0,0,0,0,0,0,0,0,0,0,0,0,0,0,0,0,0,0,0,200400000,0,0,0,0,0,0,0,782308800,0,0,0,0,0,0,0,0,0,0,0,0,0,0,0,0,0,0,0,0,0,14401400,2101485650,0,0,0,0,0,0,0,0,0,0,0,0,0,0,0
"MLT",0,0,0,0,0,0,1784000,0,136363950,27269100,0,0,0,0,0,0,0,0,0,0,0,0,0,0,0,1135505250,0,0,0,0,0,166050,0,0,0,0,0,0,241040000,0,0,0,0,0,0,0,0,0,0,0,0,0,0,7232400,0,0,0,0,0,0,0,0,0,0,0,0,0,0,0,0,0,14815350,0,0,0,0,0,0,0,439884900,0,103485200,0,0,0,0,36014400,0,0,0,0,0,106124400,0,0,140847300,0,0,364043550,0,0,0,0,0,0,0,0,0,183393000,0,0,0,0,0,0,0,0,0,0,0,0,24833700,0,0,9889200,0,0,0,0,0,0,0,4257200,0,0,0,0,0,99796050,0,0,0,0,0,0,0,0,23265450,0,0,0,0,0,0,0,0,0,0,0,0,0,110331000,0,0,0,0,0,0,0,32176800,503113050,0,17859600,123688800,0,0,797225700,0,0,0,0,0,0,0,0,0,0,0,0,0,0,0,0,0,0
"MRT",0,0,0,0,0,0,0,0,0,0,0,0,0,0,0,0,0,0,0,0,0,0,0,0,0,0,0,0,0,0,0,0,0,0,0,0,0,0,0,0,0,0,0,0,0,0,0,0,0,0,0,0,0,1638000,0,0,0,0,0,0,0,0,0,0,0,0,0,0,0,0,0,0,0,0,0,0,0,0,0,0,0,0,0,0,0,0,0,0,0,0,0,0,0,0,0,0,0,0,0,0,0,0,0,0,0,0,0,0,0,0,0,0,0,0,0,0,0,0,0,0,0,0,0,0,0,0,0,0,0,0,0,0,0,0,0,0,0,0,0,0,0,0,0,0,0,0,0,0,0,0,0,0,0,0,0,0,0,0,0,0,0,0,0,0,0,0,0,0,0,0,0,0,0,0,0,0,0,0,0,0,0,0,0,0,0,0,0,0,0,0,0,0,0,0,0
"MUS",0,0,0,0,0,0,45209250,0,0,0,0,18365150,0,0,0,0,0,0,0,0,0,0,0,0,0,0,0,0,0,0,0,18948150,0,8339645550,0,0,0,0,0,0,0,0,0,0,0,0,0,0,0,0,0,0,0,29236719950,0,0,0,0,0,3695800,0,0,0,0,0,0,0,0,0,0,0,17121600,0,0,0,6631650,0,0,0,112027450,0,64538100,0,0,0,0,0,0,12771600,0,0,0,0,0,0,0,0,0,0,0,0,21616980550,137404800,2711150,0,0,0,0,0,0,0,0,73987200,0,0,0,21825450,0,0,0,0,0,0,0,0,0,0,0,0,0,0,0,0,0,0,0,0,0,0,677078300,0,0,16106850,0,0,0,0,5036850,0,6578210550,0,0,0,364000,0,6956495300,2785950,0,0,0,0,1199250,0,0,0,78372850,756450,0,0,0,0,16955550,53749650,13354450,55839050,0,70185650,0,0,0,0,0,0,0,10569600,0,0,150616800,21494250,18450,0,0,0,0,0
"MEX",0,0,0,540303450000,249753600,11629800,0,910000,49870350,0,0,0,0,0,2276294650,0,516688050,0,10294127200,0,0,0,0,0,0,57575201200,0,0,0,0,9976169300,20921800,10436051150,0,0,0,7289206850,1772478500,0,0,0,756450,239850,12943502150,0,3481426100,0,8446876300,0,30590100,0,0,0,177465700,0,0,0,0,0,45193150,0,0,0,0,0,146397050,272374966500,0,2476849250,3551153100,14149793250,258551500,0,0,0,0,0,0,0,0,401176800,8645100,0,0,4127659200,527725350,0,0,0,0,0,240240000,0,0,0,0,0,0,40702910000,0,0,0,0,0,0,0,0,0,0,0,0,1420650,0,0,0,0,19806348750,0,0,0,0,0,2163852500,0,0,0,0,32476745250,2121750,0,1274000,5391445150,9209200000,0,0,0,0,0,0,0,0,0,1992600,6383700,736260500,28726650,0,0,0,0,0,0,0,0,0,1937250,496520450,171080000,0,0,73504800,90181162350,0,0,0,0,0,0,0,9650654050,0,0,875803544200,991576800,0,0,363380700,0,2486313848400,0,232774650,0,977155425500,0,0,0,0,0,0,0,0,0,0,0,0
"MNG",0,0,0,0,0,0,0,0,0,0,0,0,0,0,0,0,0,0,0,0,0,0,0,0,0,0,0,0,0,0,0,381885000,0,0,0,0,0,0,0,0,0,0,0,0,0,0,0,0,0,0,0,0,0,0,0,0,0,0,0,12450,0,0,0,0,0,0,0,0,0,0,0,0,0,0,0,0,0,0,0,0,0,0,0,0,0,0,0,0,0,0,0,0,0,0,0,0,0,0,0,0,0,0,0,0,0,0,0,0,0,0,0,0,0,0,0,0,0,0,0,0,0,0,0,0,0,0,0,0,0,0,0,0,0,0,0,0,0,0,0,0,0,0,63314300,0,0,0,0,0,0,0,0,0,0,0,0,0,0,0,0,0,4647450,0,0,0,0,0,0,0,0,0,0,0,0,0,0,0,0,0,30857850,0,0,0,0,0,0,0,0,0,0,0,0,0,0,0,0
"MAR",0,0,0,0,0,0,0,0,0,73221850,0,0,0,0,0,0,0,0,0,0,0,0,0,0,103141050,1228762700,0,247137800,0,0,0,36700,0,218400000,0,0,0,0,0,0,19271073900,5689500,0,0,0,0,830250,0,359018550,0,0,0,0,3767765150,0,0,0,262380150,1234593550,92248250,0,0,0,0,0,0,0,10799370350,0,0,0,109450,0,0,0,0,0,0,0,2601450,0,680369650,148724550,0,0,49593600,522909900,0,0,0,0,13854250,6862900,0,0,93301650,0,1286885500,764115900,0,0,0,0,0,0,29298600,0,6750810900,0,0,0,0,0,0,0,0,484361000,0,0,0,0,0,0,32175600,0,30752650,0,0,0,0,0,0,0,77070000,26918550,100301100,0,0,0,0,113984100,0,1090907500,0,0,0,0,32988600,12975102850,0,201850000,0,0,0,0,0,4429738500,0,0,885600,28552600,996300,0,0,0,0,0,6965990300,0,0,59092400,545509300,370217700,66476050,0,0,109090750,0,785552450,7859700,0,0,0,0,0,14317200,0,0,1706033700,0,0,0,0,0,147286350
"MOZ",0,0,0,0,0,0,0,0,0,0,0,0,0,0,0,0,0,0,0,0,0,0,0,0,0,0,0,0,0,0,0,0,0,0,0,0,0,0,0,0,0,0,0,0,0,0,0,0,0,0,0,0,0,0,0,0,0,0,0,0,0,0,0,0,0,0,0,0,0,0,0,0,0,0,0,0,0,0,0,0,0,0,0,0,0,0,0,0,0,0,0,0,0,0,0,0,0,0,0,0,0,0,0,0,0,0,0,0,0,0,0,0,0,0,0,0,0,0,0,0,0,0,0,0,0,0,0,0,0,0,0,0,0,0,0,0,0,0,0,0,0,0,0,0,0,0,0,0,0,0,0,0,0,0,0,0,0,0,0,0,0,0,0,0,0,0,0,0,0,0,0,0,0,0,0,0,0,0,0,0,0,0,0,0,0,0,0,0,0,0,0,0,0,0,0
"MDA",21586500,17656650,0,0,0,0,32993600,845020000,0,0,0,7096084450,0,0,0,0,0,0,0,0,0,532035350,36261728700,0,0,419257750,0,0,0,0,0,687622500,0,0,0,0,0,0,3910046850,0,0,48943700,0,0,126105750,0,0,0,0,495622350,0,0,0,30639506700,0,0,1015561800,0,0,2801024350,28579050,0,0,177137439900,0,0,0,0,0,0,0,0,10405800,0,109450,0,172519600500,0,0,22409600,843258500,563966463900,0,0,0,0,0,0,0,3962442400,0,3321000,0,470917800,3025800,4810492650,0,0,20276550,2011050,0,0,0,127010363700,1346850,0,0,0,0,0,904050,0,0,0,0,0,9355865250,0,0,25313400,0,0,0,0,0,22741700,0,0,26106750,0,0,0,2123204600,1584007000,0,0,0,0,0,0,164637565900,0,331848950,0,0,0,0,3532050000,0,0,0,0,5043867600,531611100,0,0,276344100,0,78740500,0,0,248915554100,46884815800,0,32039233900,0,19905164200,0,0,0,0,18369515700,31990724200,332831000,0,0,48551075000,3160791200,1869500500,0,0,0,0,1671670000,0,0,0,0,0,0,431766900,0,0,0,0
"NAM",0,0,0,0,0,0,0,0,0,0,0,0,0,0,0,148800500,0,0,0,0,0,0,0,0,0,36900,0,0,0,0,0,0,0,0,0,0,0,0,73800,0,0,0,0,0,0,0,0,0,0,0,0,0,0,36800,0,0,0,0,0,200600,0,0,0,0,0,0,0,0,0,0,0,184500,0,0,0,20977650,0,0,0,0,0,0,0,0,0,0,0,0,0,0,0,0,0,0,0,0,0,202950,0,202950,0,0,0,0,0,0,0,0,0,0,0,0,0,0,0,0,36400,0,0,0,0,0,0,0,0,0,0,55350,0,0,110700,0,0,0,0,0,0,0,0,132707200,0,0,0,0,0,0,0,0,0,0,0,0,0,0,1383750,4344378050,0,0,0,0,0,0,0,0,0,0,0,0,0,0,0,0,0,0,36800,0,12158550,0,147600,0,0,0,0,0,0,0,54199400,6120674200,0,0,0,0,18450,0,0
"NPL",0,0,0,0,0,0,1356964150,0,0,0,0,0,0,0,0,0,0,0,0,0,0,0,0,0,0,22460400,0,0,0,0,0,2805541950,0,0,0,0,0,0,0,0,0,0,0,0,0,0,0,0,0,0,0,0,0,0,0,0,0,0,0,1203493200,0,0,0,0,0,0,0,0,0,0,0,114577400,0,0,0,13581542550,0,0,0,0,0,0,0,0,0,592953300,0,0,0,0,0,0,0,0,0,0,0,0,0,0,0,0,0,140047200,0,0,0,0,0,0,0,0,0,0,0,0,0,0,0,0,0,0,0,0,0,0,0,0,3021200,0,0,0,0,0,0,0,0,0,0,0,0,0,0,0,0,0,0,139827000,0,0,0,0,0,6349100,0,0,0,0,0,0,0,0,0,0,0,0,0,0,0,0,0,0,0,0,0,0,558731200,0,1328948700,0,0,0,0,0,0,0,0,0,15652550,0,0,0,0,0,0
"NLD",5811750,687738650,269279050,379719450,0,51156950,22902022950,24336196500,221400,161247550,74941650,101522350,0,0,1642050,0,528919700,0,0,405900,120218250,3638385150,27269100,3483800,53081719150,4137080550,436710100,252216100,214868700,66457400,30374518550,1756659650,1134290350,13210200,13971934900,0,370563450,0,2659377200,20667950,4032198900,104299778850,3560850,140459750,104711600,26208450,878482300,30165750,239613250,798215950,1156485400,6033150,28409389150,283803635350,22996189850,2224131200,84182900,777357150,676782200,1203473905200,644378900,370891150,0,25569278450,0,0,12341100,52453350,8066579950,46766150,18450,4393856750,11049714650,3825344950,5922702500,2009771150,8495300,2117850,1351110900,166243711450,13631510250,48992443500,274837350,74973600,129150,11233449600,967333000,0,86306500,0,0,10058697300,4727996300,3090243350,0,1170298700,0,470544400,443166700,1952662000,701100,87877350,3321000,6161955800,60879000,650138050,2228671000,76963050,125354150,435395850,15656200,1704589900,78233000,109648350,1244700,0,0,0,82416150,169186500,0,2976711500,0,159801400,467259250,43975859450,177533100,277107450,21456097700,2601450,23431500,101481750,1063089000,40772442650,13873381400,88468380000,0,61689350,1051328650,11153700,12609253050,4428000,6088342100,3020800,3892950,0,1683500000,10127344950,228303250,19151100,49135894800,3412008450,4103933400,1530584100,154196350,10402061700,65113829850,40945060800,0,0,92175676650,33536812500,2.2204e+10,0,203451300,26735658400,333410700,80127600,0,114297250,518385200,131050350,7535202900,12377535250,38394100,0,424575018750,7202600750,32060715850,101153950,50543800,664200,756450,45291450,71542500,53449650,16211216100,32988600,1004764871300,3044360900,1977598700,219647250,89533350,0,813958650
"ANT",0,0,0,0,0,0,0,0,0,0,0,0,0,0,0,0,0,0,0,0,0,0,0,0,0,0,0,0,0,0,0,0,0,0,0,0,0,0,0,0,0,0,0,0,0,0,0,0,0,0,0,0,0,0,0,0,0,0,0,0,0,0,0,0,0,0,0,0,0,0,0,0,0,0,0,0,0,0,0,0,0,0,0,0,0,0,0,0,0,0,0,0,0,0,0,0,0,0,0,0,0,0,0,0,0,0,0,0,0,0,0,0,0,0,0,0,0,0,0,0,0,0,0,0,0,0,0,0,0,0,0,0,0,0,0,0,0,0,0,0,0,0,0,0,0,0,0,0,0,0,0,0,0,0,0,0,0,0,0,0,0,0,0,0,0,0,0,0,0,0,0,0,0,0,0,0,0,0,0,0,0,0,0,0,0,0,0,0,0,0,0,0,0,0,0
"NCL",0,0,0,0,0,0,0,0,0,0,0,0,0,0,0,0,0,0,0,0,369000,0,0,0,0,0,0,0,0,0,0,0,0,0,0,0,0,0,0,0,0,0,0,0,0,0,0,0,0,0,0,0,0,88000,411083450,0,0,0,0,0,0,0,0,0,0,0,0,0,0,0,0,0,0,0,0,0,0,0,0,0,0,0,0,0,0,0,0,0,0,0,0,0,0,0,0,0,0,0,0,0,0,0,0,0,0,0,0,0,0,0,0,0,0,0,0,0,0,0,0,0,0,0,0,0,0,0,0,0,0,0,0,0,0,0,0,0,0,0,0,0,0,0,0,0,0,0,0,0,0,0,0,0,0,0,0,0,0,0,0,0,0,0,0,0,0,0,0,0,0,0,0,0,0,0,0,0,0,0,0,0,0,0,0,0,0,0,0,0,0,0,0,0,0,0,0
"MKD",0,0,12762772050,181787850,0,0,415255900,304258950,0,0,0,5091500,0,0,0,0,239850,0,0,0,0,7657884950,0,0,0,323207400,0,0,0,0,0,15405750,0,0,0,0,0,0,262543500,49187700,18450,177304500,0,0,0,0,0,0,0,0,0,0,0,424257750,0,0,0,0,0,1526373950,6966207150,7398450,0,23803450550,0,0,0,0,0,0,0,40018050,2049721200,13318527300,0,0,0,1162350,883109250,0,486544950,2761374600,0,0,0,0,0,0,7364900,3597750,0,0,0,22140000,0,82654900,0,0,564975900,4833900,0,0,0,0,0,0,77065650,14040450,8994200,0,11125350,204130800,0,0,0,0,252783450,0,0,0,0,959400,0,0,0,304627950,0,0,1139047650,0,0,0,3948300,11623500,69538050,0,0,0,89646700,0,19435543650,0,103352200,0,0,0,0,30866850,0,0,0,3108990550,370642050,0,0,1530650,306385950,2712150,0,0,451508400,446526900,0,0,0,0,0,0,0,3726900,682650,0,1034196300,16106850,0,0,778429300,1512900,890567550,0,0,0,36900,0,0,76198500,0,0,183891150,0,12604594600,1557297200,10387350,0,57748500
"VUT",0,0,0,0,0,0,7933500,0,0,0,0,0,0,0,0,0,0,0,0,0,0,0,0,0,0,0,0,0,0,0,0,0,0,0,0,0,0,0,0,0,0,0,0,0,0,0,0,0,0,0,0,0,0,0,0,0,0,0,0,0,0,0,0,0,0,0,0,0,0,0,0,0,0,0,0,0,0,0,0,0,0,0,0,0,0,0,0,0,0,0,0,0,0,0,0,0,0,0,0,0,0,0,0,0,0,0,0,0,0,0,0,0,0,0,0,0,0,0,0,0,0,0,0,0,0,0,0,0,0,0,0,0,0,0,0,0,0,0,0,0,0,0,0,0,0,0,0,0,0,0,0,0,0,0,0,0,0,0,0,0,0,0,0,0,0,0,0,0,0,0,0,0,0,0,0,0,0,0,0,0,0,0,0,0,0,0,0,0,0,0,0,0,0,0,0
"NZL",0,0,0,0,0,0,51000594900,0,0,3888300,0,0,0,0,0,0,0,0,0,36429400,27342900,0,0,0,0,73639500,0,0,0,0,885600,1105274950,0,0,0,3448084600,0,0,0,0,0,9753200,0,0,0,0,0,0,0,0,0,4096495950,2638600,830250,549016600,0,0,0,0,92839900,0,0,4724650,0,0,0,0,0,0,0,0,526134250,0,0,369000,73800,815068350,0,0,0,0,2933550,0,0,0,256019150,0,0,6273000,0,0,124015800,11071800,0,0,291200,0,0,0,0,3821500,0,0,2772240500,0,0,0,0,11199150,0,0,0,0,0,0,0,11180700,0,782593050,0,129561050,0,0,0,0,0,0,0,0,4062372900,0,0,6204550,0,0,0,0,0,7638300,0,0,0,0,0,0,0,0,13191750,0,0,0,0,0,890933300,0,1586700,3874500,0,0,0,1753500,0,0,0,316611400,0,392619300,0,658009450,0,0,0,0,75866400,0,2389750,1243101800,0,196396500,0,0,0,0,12601350,0,0,0,0,10387350,0,0,0,0,0,0
"NIC",0,0,0,0,0,0,0,0,0,0,0,0,0,0,0,0,0,0,0,0,0,0,0,0,0,1918800,0,0,0,0,0,0,0,0,0,0,25986376850,0,0,0,0,0,0,0,0,0,0,5681840850,0,0,0,0,0,0,0,0,0,0,0,0,0,0,0,0,0,0,0,0,0,0,5932950,0,0,0,0,0,0,0,0,0,0,0,0,0,0,0,0,0,0,0,0,0,0,0,0,0,0,0,0,0,0,0,0,0,0,0,0,0,0,0,0,0,0,0,0,0,0,0,0,0,0,0,0,0,0,0,0,0,0,0,0,0,0,0,0,0,0,0,0,0,0,0,36800,0,0,0,0,0,0,0,0,0,0,0,0,0,0,0,0,0,0,0,0,0,0,0,0,0,0,0,0,0,0,0,0,0,0,0,857728000,0,0,0,145600,0,0,0,0,0,0,0,0,0,0,0,0
"NER",0,0,0,1498810200,0,0,0,0,0,0,0,0,0,0,0,0,0,0,0,0,0,0,0,0,0,0,0,0,0,2302928450,0,160407300,40294800,0,0,0,0,0,0,0,32951700,0,0,0,0,0,1688328450,0,0,0,0,0,0,0,0,0,0,0,0,0,0,0,0,0,0,0,0,0,0,0,0,0,0,0,0,538186500,0,26401950,0,0,0,0,0,0,0,0,0,0,0,0,0,0,0,0,0,0,0,0,0,0,0,0,0,36328050,0,0,0,0,0,0,0,0,0,0,0,0,0,0,0,0,0,0,0,0,4700297800,0,0,0,0,0,0,0,0,0,0,0,0,0,0,0,0,0,0,0,0,0,0,0,40866750,0,0,0,0,0,0,0,0,0,0,0,0,0,0,0,0,0,0,0,0,0,0,2736076750,18200516750,219484350,0,0,0,0,0,21752550,0,0,0,0,0,0,0,0,0,0,0,0,0,0,0
"NGA",0,0,0,0,18450,0,3050250,538200,0,0,0,0,0,0,0,36400,0,0,0,0,0,0,0,0,736899600,125494550,0,274350000,0,0,0,0,0,0,327600,0,0,0,30900,0,3325316950,33400,0,0,0,0,15245150,0,0,0,0,0,0,0,0,0,49000,0,49937150,4492750,0,26424513450,0,0,0,0,0,0,0,0,0,0,0,0,0,8865600,129150,0,0,34253000,2314500,5872000,194226050,0,0,0,0,0,0,848700,0,54600,110700,0,0,0,0,0,0,0,0,0,4686300,498150,0,57152450,0,0,18350,0,0,0,0,0,0,0,12974150,0,0,0,0,0,0,3057634900,0,0,18350,0,0,0,0,0,0,0,0,0,0,0,0,0,0,0,1043650,0,0,0,0,0,14643300,0,10202600,0,0,54850,0,1134042650,0,0,0,0,147600,4460800,0,0,0,0,0,0,0,18350,0,0,0,72323700,474700,0,196751850,0,291366600,0,0,0,0,0,0,0,33400,0,1718700,18450,0,0,36400,0,0
"NOR",0,0,0,0,0,11439000,71751000,37027250,0,5535000,0,8210250,0,0,0,0,30793050,0,0,0,0,68191200,0,0,775988550,58081650,0,0,2324700,0,3431700,152892300,3653100,0,0,0,0,0,1107000,7693650,0,7668182200,0,0,0,4870800,16826400,0,0,51161850,1019667650,0,6403146800,1504239250,0,0,0,0,0,599987300,0,1217700,0,117283950,0,0,0,0,0,0,0,73800,0,0,911378650,49040100,0,0,0,5940900,3966750,1310373900,0,0,0,209225850,0,0,235422000,0,0,125826200,1476000,1070100,0,5498100,0,0,221400,293170500,0,0,36900,442800,0,45054900,207544050,0,0,17306100,0,1863450,0,0,249000,0,222306500,0,0,0,0,11697300,0,0,3763800,0,0,9741600,0,0,0,0,0,25506250,3653100,0,0,0,5073750,0,6457500,0,48929950,0,0,0,0,65515950,0,0,0,0,0,248822250,0,70866450,229120500,0,0,0,8218512150,28204050,0,0,26863200,73800,604153500,239886900,0,0,0,2435400,74611800,62416350,0,0,375374600,4870800,3509724800,129076200,5378550,0,0,13560750,458076600,0,0,0,83222100,0,0,0,57342600,0,0
"PAK",0,1797957517050,38007000,0,0,0,2475594500,0,0,1312708250,0,703020448700,0,0,0,3156200,0,0,0,0,4633100,0,0,147600,199130850,5419511300,31549500,0,654308606350,0,12352300,179090650,0,459486950,253336950,0,0,0,11291250,0,28984950,55564300,0,0,0,12213900,0,13505400,55700550,0,0,13465350,0,380631300,0,3099782050,0,88449300,27398250,360563500,0,446601700,0,47462650,0,0,128965500,28784950,31543650,19243350,0,504525250,0,7896600,0,3145105400,695453827300,0,482270850,72684750,0,156050050,198817200,7136900000,0,295221150,1587060850,0,2724071800,0,0,378386900,1376340350,0,0,217161850,0,92674350,45516150,0,0,2701256900,12386200,157377523200,190825200,9501750,0,78467850,639736000,62803100,0,39630600,510187800,0,15903900,0,201800750,0,0,0,0,180438000,0,0,39464550,303914350,0,15459300,0,0,4243500,0,5713650,0,19091100,0,0,0,98632638850,0,0,0,0,0,0,0,14760000,14241768600,771708150,0,19354050,7435350,0,134131000,26262276450,1435305650,46159500,90105900,2084850,0,76983850,1376250,0,0,38737894500,1132025300,299162239550,182087000,0,59462150,97412352200,9225000,356472600,338170901450,0,0,6457385850,0,11783688750,0,16217550,17898378150,105806100,67784253450,0,2225795200,35814400,0,56253200,0,0,13620520000,1110129050,0,0
"PAN",0,0,0,0,8782200,0,0,0,625000,0,13395250,0,0,0,0,0,3690000,0,35842000,0,0,0,0,0,0,0,0,0,0,0,31106700,0,588407500,0,0,0,1426841900,1699654150,0,0,0,0,7841250,68621700,0,16026700,0,129629700,0,0,0,0,0,0,0,0,0,0,0,129150,0,0,0,0,0,40249100,125681400,0,4700050,12784150,11051550,0,0,0,0,0,0,0,0,0,0,332100,0,0,164200150,0,0,0,0,0,0,0,0,0,0,0,0,0,0,0,0,0,0,0,0,0,0,0,0,42998650,0,0,0,0,0,0,0,0,0,0,0,0,27081450,0,0,0,0,0,0,0,0,12841200,0,0,0,0,0,0,0,0,0,0,0,0,1033200,0,0,0,0,0,0,0,0,0,0,0,0,0,0,0,0,0,0,0,0,0,0,0,0,151495600,0,0,0,0,0,0,0,0,104600800,0,14584450,0,3961885600,0,0,0,0,0,0,0,0,0,0,0,0
"CZE",9659200,0,160267900,0,0,0,6349585950,719883602550,0,18450,0,0,0,0,0,0,0,0,0,0,0,10497723400,0,0,0,65942600,0,0,0,0,14852250,106217400,51710300,0,0,0,0,0,55663650,0,0,6941850000,0,0,512774550,0,0,0,0,2881140850,0,0,3393502950,51737273350,0,0,10442700,0,5505000,4516677214650,479550,0,0,4105641500,0,0,0,0,0,0,0,16568100,69681265650,17664470750,304203600,2711900,18200,18450,239850,2475637750,5036763150,213487340400,0,1238250,0,53873750,36400,0,0,0,0,136067800,2656800,372034950,0,18450,0,0,47121300,4870389150,0,0,0,0,110700,42792200,324547950,0,585418500,332100,42102900,3431700,0,156375850,0,0,24503393350,0,0,108031200,0,387450,0,0,18450,2204248350,0,0,0,0,0,0,10922400,793756651300,7740414650,0,0,0,45977400,0,34815418200,0,5774518750,0,0,0,0,194299950,0,2472300,0,3901638000,277161160550,36400,0,24999750,27895387350,0,13247100,0,6596689100,15396944050,0,0,11734200,0,16254450,0,0,0,977850,1605150,2550782050,591054150,0,0,76197247650,1955842550,2004668150,0,36900,7477650,0,2102050,0,9575550,0,0,49095972300,6042700,1491804200,3357900,0,0,13154850
"PNG",0,0,0,0,0,0,2719828800,0,0,0,0,0,0,0,0,0,0,0,0,1258690650,0,0,0,0,0,0,0,0,0,0,0,0,0,0,0,0,0,0,0,0,0,0,0,0,0,0,0,0,0,0,0,4770972900,0,0,0,0,0,0,0,0,0,0,0,0,0,0,0,0,0,0,0,0,0,0,0,0,908850,0,0,0,0,0,0,0,0,0,0,0,0,0,0,0,0,0,0,0,0,0,0,0,0,0,0,0,0,0,0,0,0,0,0,0,0,0,0,0,0,0,0,0,0,0,0,0,0,0,0,0,0,0,0,0,0,0,0,0,0,0,0,0,0,0,0,0,0,0,0,0,0,0,0,0,0,0,0,0,0,0,0,0,0,0,0,0,0,0,55050,0,0,0,0,0,0,0,0,0,0,0,0,0,0,0,0,0,0,0,0,0,0,0,0,0,0,0,0
"PRY",0,0,0,0,0,0,78892200,0,0,0,0,0,0,0,22527171150,0,1281726628150,0,0,0,0,0,0,0,0,28603100,0,0,0,0,0,2546100,0,0,0,0,0,0,0,0,0,0,0,0,0,0,0,0,0,0,0,0,0,0,0,0,0,0,0,131566950,0,0,0,0,0,0,0,0,0,0,0,0,0,0,0,0,0,0,0,0,0,0,0,0,0,36700,0,0,0,0,0,0,0,0,0,0,0,0,0,0,0,0,0,0,0,0,0,0,29962800,0,0,0,0,0,0,0,0,0,0,0,0,0,1402200,0,0,0,0,0,0,0,0,24151050,0,0,0,0,0,0,0,0,0,0,0,0,0,0,0,0,0,0,0,0,0,0,0,0,188672000,0,0,0,0,61420050,0,0,522392700,0,0,0,0,0,0,0,0,0,0,0,0,0,83794750,0,1445037150,0,1.82e+08,58870155300,0,0,0,0,0,0,0,0,0,0,0
"PER",0,0,0,0,42785550,14132700,2465600,18450,263890350,0,225772650,0,0,0,58003094450,0,159827000,0,0,0,0,0,0,0,0,55868000,0,0,0,0,100810408550,18450,55628383250,0,0,0,6902773250,3477609400,0,0,0,0,0,14809962600,0,47544904600,0,6453461700,0,0,0,0,0,1808000,0,0,0,0,0,458750,0,0,0,0,0,38578950,4727973250,0,1771163100,14388704950,7380617400,0,0,0,0,0,0,0,0,0,0,32618450,0,0,2075864850,258151050,0,0,0,0,0,0,0,0,0,0,0,0,0,0,0,0,0,0,0,0,0,0,0,4312823450,0,0,0,0,0,0,107008250,0,0,0,0,1820000,18838056100,0,0,0,0,17781302350,0,0,413925750,0,0,0,0,0,0,0,0,0,0,0,0,37748700,78430950,17527500,0,0,0,0,0,0,0,369000,0,0,256594550,1209194550,0,0,295200,1566800,0,0,184500,0,0,0,0,1347237450,0,0,0,18450,0,0,110700,0,6737982900,0,61318850,0,7328759750,0,0,0,0,295200,30001100,0,0,0,0,0,0
"PHL",0,19175750,0,0,0,0,4909923900,0,0,2924820650,0,0,0,0,0,0,0,0,0,36309600,1353077700,0,8713542700,0,0,14732527200,0,0,0,0,0,4001210700,0,0,0,608850,34796700,0,241020400,0,0,8826350,0,0,0,0,0,0,0,0,0,0,0,33935550,0,0,0,0,0,43835000,0,0,2932750,62610900,0,0,0,85206250,26125200,0,7762050,21009107200,0,0,0,58449600,221471500,17213850,0,0,572158150,3882073200,0,0,0,1058483850,308253450,0,0,37184900,0,5105504500,5226183750,0,36383400,586394750,0,0,0,0,327963350,0,0,3260342050,101087550,0,32077250,0,0,0,159592500,0,0,0,0,0,2377142650,0,0,0,36531000,2412217800,0,0,11457450,212475150,44220350,239850,0,602709650,0,0,0,0,135990200,0,44077050,0,10072873600,0,0,0,6402150,0,0,0,0,15976041500,0,0,0,0,0,4929971000,23689800,6772500,246096600,0,0,0,127383700,317969800,0,0,14339894950,0,62295682650,0,0,76253850,927704750,0,464236650,33858977750,0,0,2483309700,0,40448483900,0,0,0,0,42627521550,0,62065800,0,0,2338660100,0,0,0,0,0,0
"POL",893920800,66933550,197064450,152487005050,0,0,6149856100,25919677200,0,214137750,3265650,27472050,0,0,0,0,464258550,0,0,0,11217600,21245503400,0,0,571950,3124482500,885600,0,0,0,282745000,592845200,1116981450,0,41724306150,0,26309700,206646735200,537212150,1517433150,0,57940480600,0,0,18669305350,738000,432713447700,0,0,17591327300,0,0,13717167450,91105394000,0,0,1626049750,0,8351710950,2311955976650,1408520850,10561350,0,41700384350,0,0,12213900,2619900,0,0,0,175603350,90392936550,27399735600,18076749900,49749450,7672950,26976000,1982858500,21836452550,5133312500,75754281000,0,1675691450,0,739275700,1087362750,9717150,290552082350,0,0,922315500,932950650,12860661250,0,1625467750,0,16649550,1574686750,125542836300,0,0,0,9981450,3118050,7159550,1156031350,57467493850,379870950,39575250,726734300,59330562100,0,1692874750,56063770400,0,137245056250,0,38228400,787664750,0,85365700,0,3671550,132713244700,314999307500,6456500,66758500,243364360350,0,9058950,234885150,435069450,0,56598974500,0,0,0,1985351500,0,83248735750,0,137946534100,0,9006150,0,54600,2324053425200,154157950,162241900,0,5313016150,112373960450,138657200,0,177247716700,159839486600,9427950,874077250,0,71698111000,6225908200,0,388628750,75233100,58467435250,52353150,86602750,0,15184350,1056250500,217322550,91371670350,2185847350,29315750,0,227102887750,63200268250,14666346650,0,158849800,462561000,81900000,317807750,166050,179389350,11829900,0,103110376200,64652600,7847485550,135293850,1808100,0,202728600
"PRT",58929300,0,14031150,17822700,0,42416550,3131119100,1029532350,0,4132800,0,0,0,0,0,0,3399562500,0,0,0,0,94334850,0,0,14227200,6244672200,25147787900,92150,0,0,1974367000,1199137250,418851900,0,201317150,0,61561500,225479400,373723800,90626400,0,792216100,0,343442850,0,83424000,12823500,14538600,77687150,1159260650,0,0,440426800,56966978950,68002500,0,0,76355900,5129100,9065725800,0,184095650,0,310987500,0,0,43254600,42202400,0,17951850,6236100,763587700,328889700,227031000,0,8837550,36900,0,43966350,6356734450,1724982750,7597987500,119760300,0,0,1778686500,83389500,0,18753450,0,0,1749531750,2472300,53016600,0,115980150,0,3062700,254005350,64623200,311744750,65905200,0,87305400,9151200,0,31483950,67147100,170080500,301621950,0,1824149700,2436649350,34097100,62691800,0,10906792500,0,0,0,0,90552600,4225050,0,48025350,7717650,0,31910150,8538150,0,29021850,353007450,33246900,9205539650,0,3144930800,0,0,8778750,0,864517200,6328350,359581850,0,0,0,32514806200,538105700,20637250,30598150,4335750,488538600,207266250,170798400,0,4750993400,378483525700,130200850,0,0,32438900,3910225350,0,0,34898250,9391050,21678750,20706050,0,21732150,106142850,1291500,27841050,694364350,0,0,46505974250,264169050,11696569850,136385850,194592800,0,1913705400,10731750,179901750,0,122141650,0,4993463800,5584836150,0,0,0,0,3634650
"GNB",0,0,0,0,0,0,0,0,0,0,0,0,0,0,0,0,0,0,0,0,0,0,0,0,0,0,0,0,0,0,0,0,0,0,0,0,0,0,0,0,0,0,0,0,0,0,0,0,0,0,0,0,0,0,0,0,0,0,0,0,0,0,0,0,0,0,0,0,0,0,0,0,0,0,0,0,0,0,0,0,0,0,0,0,0,0,0,0,0,0,0,0,0,0,0,0,0,0,0,0,0,0,0,0,0,0,0,0,0,0,0,0,0,0,0,0,0,0,0,0,0,0,0,0,0,0,0,0,0,0,0,0,0,0,0,0,0,0,0,0,0,0,0,0,0,0,0,0,0,0,0,0,0,0,0,0,0,0,0,0,0,0,0,0,0,0,0,0,0,0,0,0,0,0,0,0,0,0,0,0,0,0,0,0,0,0,0,0,0,0,0,0,0,0,0
"TLS",0,0,0,0,0,0,0,0,0,0,0,0,0,0,0,0,0,0,0,0,0,0,0,0,0,0,0,0,0,0,0,0,0,0,0,0,0,0,0,0,0,0,0,0,0,0,0,0,0,0,0,0,0,0,0,0,0,0,0,0,0,0,0,0,0,0,0,0,0,0,0,0,0,0,0,0,0,0,0,0,0,0,0,0,0,0,0,0,0,0,0,0,0,0,0,0,0,0,0,0,0,0,0,0,0,0,0,0,0,0,0,0,0,0,0,0,0,0,0,0,0,0,0,0,0,0,0,0,0,0,0,0,0,0,0,0,0,0,0,0,0,0,0,0,0,0,0,0,0,0,0,0,0,0,0,0,0,0,0,0,0,0,0,0,0,0,0,0,0,0,0,0,0,0,0,0,0,0,0,0,0,0,0,0,0,0,0,0,0,0,0,0,0,0,0
"ERI",0,0,0,0,0,0,0,0,0,0,0,0,0,0,0,0,0,0,0,0,0,0,0,0,0,0,0,0,0,0,0,0,0,0,0,0,0,0,0,0,0,0,0,0,0,0,0,0,0,0,0,0,0,0,0,0,0,0,0,0,0,0,0,0,0,0,0,0,0,0,0,0,0,0,0,0,0,0,0,0,0,0,0,0,0,0,0,0,0,0,0,0,0,0,0,0,0,0,0,0,0,0,0,0,0,0,0,0,0,0,0,0,0,0,0,0,0,0,0,0,0,0,0,0,0,0,0,0,0,0,0,0,0,0,0,0,0,0,0,0,0,0,0,0,0,0,0,0,0,0,0,0,0,0,0,0,0,0,0,0,0,0,0,0,0,0,0,0,0,0,0,0,0,0,0,0,0,0,0,0,0,0,0,0,0,0,0,0,0,0,0,0,0,0,0
"QAT",0,0,0,0,0,0,0,0,0,0,0,0,0,0,0,0,0,0,0,0,0,0,0,0,0,0,0,0,0,0,0,0,0,0,0,0,0,0,0,0,0,0,0,0,0,0,0,0,0,0,0,0,0,0,0,0,0,0,0,0,0,0,0,0,0,0,0,0,0,0,0,0,0,0,0,200200000,0,3.64e+08,0,0,0,0,0,0,0,0,0,0,0,0,0,0,98884450,0,0,0,0,0,0,0,0,0,0,0,0,0,0,0,0,0,0,0,0,0,0,0,0,0,0,0,0,0,0,0,0,0,0,0,0,0,0,0,535050,0,0,0,0,0,0,0,0,0,0,0,0,0,0,0,0,0,0,0,0,0,0,0,0,0,0,0,0,0,0,0,0,0,0,0,0,0,40204850,0,0,0,0,0,0,0,0,0,0,0,0,0,0,0,0,0,0,0,0,0,0,0,0
"ZWE",0,0,0,0,0,0,0,0,0,0,0,0,0,0,0,1659090500,0,0,0,0,0,0,0,0,0,0,0,0,0,0,0,0,0,0,0,0,0,0,0,0,0,0,0,0,0,0,0,0,0,0,0,0,0,0,0,0,0,0,0,0,0,0,0,0,0,0,0,0,0,0,0,0,0,0,0,0,0,0,0,0,0,0,0,0,0,0,0,0,0,0,0,0,0,0,0,0,0,0,0,0,0,0,113098500,0,0,0,0,0,0,0,0,0,448787500,0,0,0,0,0,0,0,0,0,0,0,0,0,0,0,0,0,0,0,0,0,0,0,0,0,0,0,0,0,0,0,0,0,0,0,0,0,0,0,0,0,0,4208094450,0,0,0,0,0,2093000,0,0,0,0,0,0,0,0,0,0,0,0,0,0,922500,0,0,0,0,0,0,0,0,0,0,3211987650,0,0,0,0,0,0,0
"ROU",290218500,0,6763695750,0,0,301527200,913188450,86137366250,0,23283900,0,99566969800,0,0,12933450,0,156892500,0,0,0,0,42503285550,25191632700,0,0,355270200,0,0,98523002700,0,35553150,554305800,0,0,34436991650,0,0,0,33718091500,141635250,0,1302374050,0,0,490335050,0,4099369657050,8129050,0,217612100,0,0,70523400,158401204900,0,27471700400,1448915400,0,0,825559136100,3673716050,0,0,361459642200,0,0,0,0,0,0,0,0,96435485050,2807420050,0,21807150,2620800000,0,476821800,135483166400,906441919150,1569622710750,0,23154750,0,63745555200,2318281080250,0,114706288000,0,0,547263234450,45658829450,552550350,0,241383762300,0,11011913200,561933646200,369552600,0,0,0,18450,11586600,0,4451619150,0,0,154698900,0,34281800,0,13519713750,0,0,505352252700,0,0,5001880900,0,193104050,0,0,7582950,310040550,0,0,41853223050,0,0,0,505750087900,13431794250,88394697300,0,0,0,70810878850,0,0,0,621542400,0,0,0,0,666828350,399922200,4538700,0,1600366450,3535368450,0,34099880300,38751181900,2250267256900,1918800,0,0,1952340050,4690731950,181626561400,0,0,0,582653364100,455000,0,153098100,58030103350,21404586400,60526765200,50157880600,3.0227e+10,0,303327175750,2177696350,2766997150,0,0,9446400,0,255237177000,972625818900,372125950100,4999950,0,168575642650,18488050,8402163100,76623450,1080432368300,0,60811200
"RWA",0,0,0,0,0,0,0,0,0,0,0,0,0,0,0,0,0,0,0,0,0,0,0,738620900,0,1092000,0,0,0,0,0,0,0,0,36900,0,0,0,0,0,0,0,0,0,0,0,0,0,0,0,0,0,0,0,0,0,0,0,0,0,0,0,0,0,0,0,0,0,0,0,0,0,0,0,0,0,0,0,0,0,0,0,0,0,0,0,0,0,65310300,0,0,0,0,0,0,0,0,0,0,0,0,0,0,0,0,0,0,0,0,0,0,0,0,0,0,0,0,0,0,0,0,0,0,0,0,0,0,0,0,0,0,0,0,0,0,0,0,0,0,0,0,0,0,0,0,0,0,0,0,0,0,0,0,0,0,0,0,0,0,0,0,0,0,0,0,2583000,0,0,0,0,0,0,0,202950,20509999400,0,0,0,1002250,0,0,0,0,0,0,0,234862822450,0,0,0,0,0,0,0,0
"RUS",1075475843850,142313500,622976699800,52153315100,0,0,31576000,1201314500,0,18200,0,7422649083500,0,0,0,0,197041147000,0,0,0,0,13920314400,31686212600,129585553800,1397856299000,673208550,1.67e+10,41738800,508825636700,1351350000,94168800,716639775500,0,0,418541412000,0,0,14779100,173754073000,3366990930800,40413622400,51547519250,0,0,1274400178400,155638656000,26230269160000,0,40950000,2409014350,0,0,8758498400,540978250,0,307118093500,1637372055150,2.8056e+10,77424690300,81307300600,0,867549970000,0,860028286750,0,0,0,557204902100,0,133129394000,0,95556829650,17535000,0,0,0,2984146380000,311626668350,13066400900,117591964500,1915730867100,383128047050,367665855150,957135731050,0,156801077250,188219543000,111064089300,2189637033000,0,49550657400,400427380550,0,3087281906000,9942218600,2281005505200,0,32857250000,899479156400,374181667900,0,54325033200,134351500000,386614352600,682650,293493386200,10839986700,155960364800,0,1828057333250,439016167450,1658791995400,993516901000,22615121600,96934047800,37287450,171798239400,0,0,0,0,7137850,334974741000,0,4793152003000,148086636150,0,8422800,29372400,950150,0,293700578700,2201061235800,298772950,47104354000,0,0,4.5925e+10,259794281000,41925350000,266558896550,299187848000,0,0,0,0,0,386485650,904844844200,0,0,127400,0,34331600,36706600000,2059935546900,301334863850,0,49255307100,0,43672821300,420981532500,227382634600,26289357750,1310854050,2132106885700,325655073400,1.31095e+11,0,0,1286593218500,500559838100,20129825678350,2409313458950,645046417800,0,7792396400,102607443600,5616897650,261335750000,0,42551192250,697524106600,5170209578200,526460653000,3714040205550,434350953050,0,54818152350,0,547191150,3874500,5243518998500,0,14104052600
"KNA",0,0,0,0,0,0,0,0,0,0,0,0,0,0,0,0,0,0,0,0,0,0,0,0,0,0,0,0,0,0,0,0,0,0,0,0,0,0,0,0,0,0,0,0,0,0,0,0,0,0,0,0,0,0,0,0,0,0,0,0,0,0,0,0,0,0,0,0,0,0,0,0,0,0,0,0,0,0,0,0,0,0,0,0,0,0,0,0,0,0,0,0,0,0,0,0,0,0,0,0,0,0,0,0,0,0,0,0,0,0,0,0,0,0,0,0,0,0,0,0,0,0,0,0,0,0,0,0,0,0,0,0,0,0,0,0,0,0,0,0,0,0,0,0,0,0,0,0,0,0,0,0,0,0,0,0,0,0,0,0,0,0,0,0,0,0,0,0,0,0,0,0,0,0,0,0,0,0,0,0,0,0,0,0,0,0,0,0,0,0,0,0,0,0,0
"LCA",0,0,0,0,58598750,0,0,0,0,0,1309846700,0,0,0,0,0,0,0,0,0,0,0,0,0,0,18450,0,0,0,0,0,0,0,0,0,0,0,0,0,0,0,0,1458001750,0,0,0,0,0,0,0,0,0,0,328100,0,0,0,0,0,0,0,0,0,0,0,69988350,0,0,20753850,82555200,0,0,0,0,0,0,0,0,0,0,0,0,0,0,0,0,0,0,0,0,0,0,0,0,0,0,0,0,0,0,0,0,0,0,0,0,0,0,0,0,0,0,0,0,0,0,0,0,0,0,0,0,0,0,0,0,0,0,0,0,0,0,0,0,0,0,0,0,0,0,0,0,0,873600,0,260383250,0,0,0,0,0,0,0,0,0,0,0,327600,0,0,0,0,0,0,0,0,0,0,0,0,0,0,0,0,0,0,0,0,19686150,0,0,0,0,0,0,0,0,0,0,0,0,0,0,0,0
"VCT",0,0,0,0,7445146800,0,0,0,0,0,7808897400,0,0,0,0,0,0,0,0,0,0,0,0,0,0,0,0,0,0,0,0,0,0,0,0,0,0,0,0,0,0,0,6452741900,0,0,0,0,0,0,0,0,0,0,0,0,0,0,0,0,0,0,0,0,0,0,3286738000,0,0,1092000,0,0,0,0,0,0,0,0,0,0,0,0,0,0,0,0,0,0,0,0,0,0,0,0,0,0,0,0,0,0,0,0,0,0,0,0,0,0,0,0,0,0,0,0,0,0,0,0,0,0,0,0,0,0,0,0,0,0,0,0,0,0,0,0,0,0,0,0,0,0,0,0,0,0,5314673000,9050241200,0,0,0,0,0,0,0,0,0,0,0,0,0,0,0,0,0,0,0,0,0,0,0,0,147600,0,0,0,0,0,0,18450,0,1014750,0,0,0,0,0,0,0,0,0,0,0,0,0,0,0,0
"STP",0,0,0,0,0,0,0,0,0,0,0,0,0,0,0,0,0,0,0,0,0,0,0,0,0,0,0,0,0,0,0,0,0,0,0,0,0,0,0,0,0,0,0,0,0,0,0,0,0,0,0,0,0,0,0,0,0,0,0,0,0,0,0,0,0,0,0,0,0,0,0,0,0,0,0,0,0,0,0,0,0,0,0,0,0,0,0,0,0,0,0,0,0,0,0,0,0,0,0,0,0,0,0,0,0,0,0,0,0,0,0,0,0,0,0,0,0,0,0,0,0,0,0,0,0,0,0,0,0,0,0,0,0,0,0,0,0,0,0,0,0,0,0,0,0,0,0,0,0,0,0,0,0,0,0,0,0,0,0,0,0,0,0,0,0,0,0,0,0,0,0,0,0,0,0,0,0,0,0,0,0,0,0,0,0,0,0,0,0,0,0,0,0,0,0
"SAU",0,0,0,2064458700,0,0,337044600,12324600,0,37589837400,0,5316150,0,0,0,0,0,0,0,0,67563900,0,0,34686000,369000,165734050,0,0,0,0,0,1218573450,0,36900000,0,0,0,0,0,0,36700000,481766400,0,0,0,0,6277984850,0,0,0,0,0,0,33855750,0,5724900450,0,295808850,0,380410950,0,0,0,0,0,0,0,25110450,0,0,0,692207100,0,0,0,142015050,0,0,80614410500,0,0,112260850,251805600,0,0,0,88719524600,0,914603400,0,0,5796650,60826760450,0,0,26115633700,0,670473000,4559720000,0,0,0,0,263719350,3690000,0,0,2850314150,2933550,0,0,431172450,0,0,0,0,1225836450,0,0,0,0,0,0,110810700,205256250,73062000,546715850,0,16236000,0,0,0,0,0,0,0,0,15245500,0,0,0,0,0,0,0,0,0,0,800527050,14280300,49224600,0,0,8320950,4065985550,109039500,3797250,0,0,0,418279950,0,271805400,0,265384800,0,0,0,0,0,36637029350,1300194550,2357470600,130451658300,23745150,0,253106800,0,899906850,0,0,10424250,0,207470250,511636950,100106116900,0,0,282635550,0,0,0,1837503750,21900150,12136261850
"SEN",0,0,0,0,0,0,0,0,0,0,0,0,0,0,0,0,0,0,0,0,0,0,0,0,403700,0,0,0,0,0,0,0,0,0,0,0,0,0,0,0,7.28e+08,0,0,0,0,0,0,0,0,0,0,0,0,78966000,0,0,0,0,13071440850,0,0,0,0,0,0,0,0,386199000,0,0,0,0,0,0,0,0,0,0,0,0,0,44208900,0,0,0,0,0,0,0,0,0,0,0,0,0,0,0,0,0,0,0,0,0,0,0,59146230950,0,794922000,0,0,0,0,0,0,0,0,0,0,0,0,0,0,0,6568350000,4045753400,0,0,0,0,0,0,0,0,0,0,7619125300,0,0,0,0,0,0,0,0,0,0,0,0,0,0,4428000,0,0,0,0,0,0,0,0,0,0,0,0,0,0,0,0,0,0,0,0,0,0,1955700,0,0,4797000,0,104841450,111418500,0,0,0,0,0,0,0,0,110700,0,0,0,0,0,0
"SYC",0,0,0,0,0,0,0,0,0,0,0,0,0,0,0,0,0,0,0,0,0,0,0,0,0,0,0,0,0,0,0,0,0,0,0,0,0,0,0,0,0,0,0,0,0,0,0,0,0,0,0,0,0,0,0,0,0,0,0,0,0,0,0,0,0,0,0,0,0,0,0,0,0,0,0,0,0,0,0,0,0,0,0,0,0,0,0,0,0,0,0,0,0,0,0,0,0,0,0,0,0,0,0,0,332100,0,0,0,0,0,0,0,0,0,0,0,0,0,0,0,0,0,0,0,0,0,0,0,0,0,0,0,0,0,0,0,0,0,0,0,0,0,0,0,0,0,0,0,0,0,0,0,0,0,0,0,0,0,0,0,0,0,0,0,0,0,0,0,0,0,0,0,0,0,0,0,0,0,0,0,0,0,0,0,0,0,0,0,0,0,0,0,0,0,0
"SLE",0,0,0,0,0,0,0,0,0,0,0,0,0,0,0,0,0,0,0,0,0,0,0,0,0,0,0,0,0,0,0,0,0,0,0,0,0,0,0,0,0,0,0,0,0,0,0,0,0,0,0,0,0,0,0,0,0,0,0,0,0,0,0,0,0,0,0,4224900,0,0,0,0,0,0,0,0,0,0,0,0,0,0,0,0,0,0,0,0,0,0,0,0,0,0,0,0,0,0,0,0,0,0,0,0,0,0,0,0,0,0,0,0,0,0,0,0,0,0,0,0,0,0,0,0,0,0,0,0,0,0,0,0,0,0,0,0,0,0,0,0,0,0,0,0,0,0,0,0,0,0,0,0,0,0,0,0,0,0,0,0,0,0,0,0,0,0,0,0,0,0,0,0,0,0,0,0,0,0,0,0,0,0,0,0,0,0,0,0,0,0,0,0,0,0,0
"SVN",87819350,0,50602700,0,0,0,756553650,30776054600,0,0,0,0,0,0,0,0,18450,0,0,0,0,1278357100,0,0,0,126966600,0,0,0,0,0,0,10888321150,0,0,0,0,0,387450,1531350,0,0,0,0,4335750,0,0,0,0,643750,0,0,0,917306150,0,0,9298800,0,0,8529630250,3460726850,0,0,111420250,0,0,0,0,0,0,0,12785850,805884300,52526146850,0,0,0,0,0,180453000,82029100,652998132800,0,0,0,167000,308280000,0,0,0,0,0,5295150,719550,0,11992500,0,0,266884800,28413000,0,0,0,0,5276350,0,36900,0,0,0,0,0,0,538349650,0,0,305569650,0,0,820826750,0,0,0,0,0,18450,0,926032750,710835350,0,0,0,0,1912295400,350550,0,0,0,0,0,151286350,0,258427150,0,0,0,0,1319700,2642400,0,0,0,720791900,664200,0,18247050,2387588650,0,0,0,2162618400,496486800,0,0,0,0,34676422250,0,0,0,0,0,209581750,17005950,0,0,443295350,34001250,249991550,0,0,3276000,0,12748950,0,0,0,0,70493250,0,3557498150,275100100,0,0,0
"SVK",0,0,0,0,0,0,2238700,537998128100,0,0,0,0,0,0,0,0,16457400,0,0,0,0,1584757000,0,0,0,86776200,0,0,0,0,0,1636950,0,0,0,0,0,1605150,46327900,16634800,0,504307900,0,0,24409350,0,0,0,0,3109950,0,0,10977750,5167158300,0,0,0,0,0,657856642350,792895500,0,0,3798893400,0,0,2656800,0,0,0,0,0,575058368150,730754850,0,0,0,0,0,295339400,168227100,408507907200,0,33400000,0,3684450,26194500,0,0,0,0,40521150,52138300,29182900,0,3118050,0,0,0,2056266050,0,0,0,0,0,0,102242100,0,0,0,55386900,0,0,1358800,0,0,9190595300,0,0,0,0,0,0,0,0,80317350,0,256900,463327626950,0,0,0,0,777266005300,46061300,0,0,0,4077450,0,28514340600,0,373207950,0,0,0,0,45128700,0,0,0,15993009650,0,0,0,10405800,102787400,0,0,0,378291400,28598825500,0,0,3865200,0,1217700,0,0,0,0,0,0,202950,0,0,3444701900,41031650,121708350,0,0,19280250,0,0,0,153467100,0,0,362690750,0,331247950,0,0,0,33874200
"SGP",0,0,0,0,0,0,3097673200,0,110700,616717150,6665900,657862900,0,0,0,0,2170400,0,0,21844800,8593997600,8099550,7151077300,0,0,742728700,0,0,239894600,0,3118050,3791186550,2490750,0,0,145275300,0,0,124650100,0,0,1660500,0,0,1523050,0,14815350,0,0,0,0,50221350,0,253146300,1603268350,0,0,0,0,103519700,0,793350,0,210661000,0,0,0,0,0,0,0,24412853350,0,0,0,623607700,9677836800,0,26088300,24206400,74095200,61162450,0,0,0,4799216950,94593150,0,12723050,599783050,0,7625405550,1677227300,532150,147600,281879100,0,0,19528600,0,15124900,165650,0,100597174550,4941195750,0,0,0,688102000,0,5102500,0,0,0,0,18200,1795413900,0,137615000,0,587681450,173726150,0,1238328000,161228600,53115350,28632650,0,0,5950690150,0,15276600,3062337550,1328400,1678950,0,140171900,0,1355374250,0,0,0,10977500,0,0,0,0,1201500700,899550,271966400,0,0,0,0,0,176796000,347168550,0,0,0,206390900,55821050,0,0,6961493850,13191750,70419842350,0,4095900,0,75903300,0,17779350,2550076950,0,0,1575108550,11162250,7352698950,0,0,0,0,5258726750,0,0,0,0,5830200,0,0,0,0,0,0
"SOM",0,0,0,0,0,0,0,0,0,0,0,0,0,0,0,0,0,0,0,0,0,0,0,0,0,0,0,0,0,0,0,0,0,0,0,0,0,0,0,0,0,0,0,0,0,0,0,0,0,0,0,0,0,0,0,0,0,0,0,0,0,0,0,0,0,0,0,0,0,0,0,0,0,0,0,0,0,0,0,0,0,0,0,0,0,0,0,0,0,0,0,0,0,0,0,0,0,0,0,0,0,0,0,0,0,0,0,0,0,0,0,0,0,0,0,0,0,0,0,0,0,0,0,0,0,0,0,0,0,0,0,0,0,0,0,0,0,0,0,0,0,0,0,0,0,0,0,0,0,0,0,0,0,0,0,0,0,0,0,0,0,0,0,0,0,0,0,0,0,0,0,0,0,0,0,0,0,0,0,0,0,0,0,0,0,0,0,0,0,0,0,0,0,0,0
"ZAF",0,0,0,0,0,0,5789995050,674650,0,49815000,0,0,0,0,0,135316514900,0,0,165450,0,0,0,0,55350,20885400,1092158100,0,0,3189200,0,0,56567700,0,2547050,77508150,0,0,0,20436000,0,0,2140200,0,0,0,0,1254600,0,681650,0,0,0,201850,440291750,0,59113800,14327550,4331400,0,18859150,0,1405561050,0,0,0,0,0,0,0,0,0,2422950,0,0,0,18450,0,0,0,42061700,7420200,0,22098450,0,109200,129150,18450,0,416356600,0,405900,0,56679750,0,36900,0,170795366350,10258200,9602250,0,0,416896500,4729586500,20284500,6611550,73800,0,0,1700081850,0,0,0,20772381350,0,86456329700,0,67342300,0,0,0,0,217664450,0,0,330848750,0,36900,0,0,2073600,0,0,0,0,21900150,0,0,80700,55824150,111300159400,0,9736900,0,0,0,0,0,71973450,21568050,1026017200,36900,0,0,48102100,996100,0,203743350,0,0,51137453900,33400000,734500,0,0,18450,1178964900,0,904050,0,0,31104300,0,36900,561886200,415534350,0,2876288800,0,172427850,258300,479700,0,0,0,13915050,18450,2746126900,113850765850,0,1830900,0,0,552900,0,0
"ESP",136050300,0,694371900,3644787250,17361450,1692795200,17266396350,32451421650,0,766941200,0,0,0,0,22804100,0,2058575600,0,4649400,0,0,4010544650,0,0,15012007600,6340048850,1321770950,2109050,5983950,2730600,26394224250,17994901700,17602055750,47121300,160550800,0,1470901800,13816581800,2927730000,33431400,21461875600,8725980050,24816600,23112672150,18450,6906185650,1982852150,210366050,7961692900,964537500,0,0,4575084900,914409140600,40598250,172230750,93105550,1797066400,113717500,68252469800,615474000,813616650,0,21124602300,0,0,562994100,101178150,10276650,1059304700,88430850,1097222900,6667387000,3830651700,490567050,827424600,320993100,340256000,4265504750,4609635750,12432194500,446330539350,19643550950,4868000,39515900,7214601250,5044003700,0,72951300,2601450,0,7901111500,2213281500,429671400,0,7307671150,0,78234750,17511446100,1555762200,10645650,36221250,0,483479400,102783200,54389971250,3213541000,68051861150,607624950,9918224450,46936050,37862908300,345457800,94464000,0,329793750,67790172000,0,294443550,446674500,0,2928939800,24335550,0,524870050,22607311200,45698050,4364432750,7017639300,9274750,1095134550,2142122850,744759400,45998661200,993597077800,283001250,0,0,657281800,0,8825948300,0,7048590650,0,0,0,99482400,27177869100,30391940450,32951700,2630150,728427450,4889549450,532774750,60497550,5176134950,0,32156700,0,0,11647355700,13530299650,64259064450,0,474191000,28413000,819025950,199291650,0,757280250,1276531050,513954714400,228163040900,19941150400,31992300,0,185284555350,1892914350,52673966850,663100,2300494900,0,1451124000,525400650,3217885750,760287600,54393750,35460900,60701378750,1362527350,231145900,142120350,75408750,0,0
"SUR",0,0,0,0,0,0,0,0,0,0,0,0,0,0,0,0,0,0,0,0,0,0,0,0,0,0,0,0,0,0,0,0,0,0,0,0,0,0,0,0,0,0,0,0,0,0,0,0,0,0,0,0,0,8952600,0,0,0,0,0,0,0,0,0,0,0,0,0,0,86039550,0,0,0,0,0,0,0,0,0,0,0,0,0,0,0,0,0,0,0,0,0,0,0,0,0,0,0,0,0,0,0,0,0,0,0,0,0,0,0,0,0,0,0,0,0,0,0,211014150,0,0,0,0,0,0,0,0,0,0,0,0,0,0,0,0,0,0,0,0,0,0,0,0,0,0,0,0,0,0,0,0,0,0,0,0,0,0,0,0,0,0,0,0,0,0,0,0,0,0,0,0,5727000,0,0,0,0,0,0,0,0,0,0,0,0,0,0,0,0,0,0,3523200,0,0,0,0,0,0
"TJK",0,0,0,0,0,0,0,0,0,0,0,0,0,0,0,0,0,0,0,0,0,0,0,0,0,0,0,0,0,0,0,0,0,0,0,0,0,0,0,0,0,0,0,0,0,0,0,0,0,0,0,0,0,0,0,0,0,0,0,0,0,0,0,0,0,0,0,0,0,0,0,0,0,0,0,0,0,0,0,0,0,0,0,0,0,0,0,0,0,0,0,0,0,0,0,0,0,0,0,0,0,0,0,0,0,0,0,0,0,0,0,0,0,0,0,0,0,0,0,0,0,0,0,0,0,0,0,0,0,0,0,0,0,0,0,0,0,0,0,0,0,0,0,0,0,0,0,0,0,0,0,0,0,0,0,0,0,0,0,0,0,0,0,0,0,0,0,0,0,0,0,0,0,0,0,0,0,0,0,0,0,0,0,0,0,0,0,0,0,0,0,0,0,0,0
"SWZ",0,0,0,0,0,0,0,0,0,0,0,0,0,0,0,0,0,0,0,0,0,0,0,0,0,0,0,0,0,0,0,0,0,0,0,0,0,0,0,0,0,0,0,0,0,0,0,0,0,0,0,0,0,0,0,0,0,0,0,0,0,0,0,0,0,0,0,0,0,0,0,0,0,0,0,0,0,0,0,0,0,0,0,0,0,0,0,0,0,0,0,0,0,0,0,0,276750,0,0,0,0,0,0,0,0,0,0,0,0,0,0,0,845910950,0,0,0,0,0,0,0,0,0,0,0,0,0,0,0,0,0,0,0,0,0,0,0,0,0,0,0,0,0,0,0,0,0,0,0,0,0,0,0,0,0,0,56083200,0,0,0,0,0,0,0,0,0,0,0,0,0,0,0,0,0,0,0,0,0,0,0,0,0,0,0,0,0,0,0,0,0,0,0,0,0,0,0
"SWE",110700,0,0,313458816300,0,384150,1770709700,2520858600,0,78995900,0,3321000,0,0,0,0,8386800,0,0,0,0,123655950,0,0,0,2687188650,0,0,0,0,3516000,1561471450,18450,0,0,0,0,0,5922900,0,0,472755262850,0,0,0,0,73800,0,0,5116918850,20220103500,0,78435245950,35879572650,0,0,0,0,675100,236081325600,23486850,0,0,41797700,0,0,0,0,0,0,0,349790950,1168589850,287471400,13619614950,18450,2564550,0,30900,24183863500,647803950,8607888200,0,166050,0,1860670000,68599400,0,80000,0,0,300924350,138529100,1969518950,0,1494450,0,0,0,184422487950,0,0,0,0,0,0,103931200,0,0,209400,0,53530526050,0,0,0,40811400,49036424750,0,0,0,0,29610300,0,0,18350,358025687550,0,0,1231203700,0,0,0,1422500,2089872850,48860539350,0,0,1939100,67951400,0,554747050,0,2605192850,0,0,0,0,479058850,0,0,0,10848600,491274200,39418800,0,122758400,369174631450,0,0,0,0,2716101550,0,0,3582404500,0,12090150,0,0,0,92250,0,574065200,1423169700,0,0,42105366800,8892900,12001157300,0,0,18450,0,9372600,0,18450,0,30900,7995049650,7669500,158656050,0,0,0,0
"CHE",1789650,0,51309450,0,0,0,346214250,61111016450,146800,13154850,0,0,0,0,18450,0,34298550,0,0,0,147600,3270050,0,0,348650,225901800,9542000,0,0,0,49350,582261550,36900,0,36800,0,24501600,0,24295500,3745350,0,309758150,0,0,996300,4426250,387450,0,0,1722200,0,0,1200640200,30739506250,0,0,5276700,0,0,82056465300,0,350550,0,32121450,0,0,73800,4807650,0,1651500,0,161057950,241739750,1945050,0,977850,33007050,0,0,272705650,25737750,2872773500,811800,1014750,0,466422850,1328400,0,7804350,1457550,0,139574250,119819650,10479800,92250,3136500,0,0,91750,16948000,13929750,2110250,0,28652850,0,0,535050,0,0,1143900,0,4094150,0,0,0,0,2084311300,0,0,0,0,5498100,0,18350,1285500,524323300,0,3653100,960167000,0,0,12624800,29659500,81965200,330139100,0,0,66757300,60032800,0,75585250,0,29446200,0,18450,0,0,373372500,16700,0,0,293800,9593350,98242150,0,18444050,1025827500,0,0,0,608953150,0,0,0,30405600,0,47459850,5763750,0,0,0,0,313461300,343893000,0,0,7475800600,24174150,3061802750,4385650,0,0,0,38080700,0,0,7248250,0,605709400,165909900,2361600,0,18350,0,0
"SYR",0,0,0,0,163800,0,138873150,10474050,0,15837000,0,0,0,0,0,0,0,0,0,0,0,76825800,0,0,0,275466900,0,0,0,0,0,0,0,0,0,0,0,0,45792800,0,0,63242100,0,0,1265400,0,85903200,0,0,0,0,0,0,36497400,0,0,0,0,32970150,854729250,0,0,0,3432000,0,0,0,0,0,0,0,0,0,0,0,0,0,0,0,522900,0,1549800,6217650,0,0,0,2842868250,0,0,0,0,0,109240850,0,0,3051443100,0,0,0,0,0,0,0,24593850,0,0,5020350,0,0,0,0,18450,0,0,0,0,478583250,0,0,0,0,49800,0,0,0,138227400,0,0,5246700,0,0,0,0,0,0,0,0,0,97489800,0,684750,0,21106800,0,0,18350,0,1253314000,0,0,0,12881850,0,0,0,2017950,0,0,0,0,399351750,3800700,0,0,0,959400,0,0,0,109200,5367200,0,507242100,431964400,0,0,63899100,110700,245595000,0,0,0,0,0,0,164872950,0,0,700863600,0,0,0,51327900,0,0
"TKM",0,0,0,0,0,0,0,0,0,0,0,0,0,0,0,0,0,0,0,0,0,0,0,0,0,0,0,0,0,0,0,0,0,0,0,0,0,0,0,0,0,0,0,0,0,0,0,0,0,0,0,0,0,0,0,0,0,0,0,0,0,0,0,0,0,0,0,0,0,0,0,0,0,0,0,0,0,0,0,0,0,0,0,0,0,0,0,0,0,0,0,0,0,0,0,0,0,0,0,0,0,0,0,0,0,0,0,0,0,0,0,0,0,0,0,0,0,0,0,0,0,0,0,0,0,0,0,0,0,0,0,0,0,0,0,0,0,0,0,0,0,0,0,0,0,0,0,0,0,0,0,0,0,0,0,0,0,0,0,0,0,0,0,0,0,0,0,0,0,0,0,0,0,0,0,0,0,0,0,0,0,0,0,0,0,0,0,0,0,0,0,0,0,0,0
"TWN",0,0,0,0,0,63005400,7637749700,2379150,0,0,0,0,0,0,0,0,122249750,0,3702950,1769800,34132500,0,188999250,0,0,7980545550,0,0,4486650,0,215613200,50060255500,4942650,0,0,0,52750300,0,0,0,0,0,0,571200,0,0,0,18450,0,0,0,8899600,0,1481785700,14006900,0,0,0,0,493767700,0,0,73500,0,0,0,1494000,313650,0,0,808200,102774568750,258300,0,0,3276000,207067050,0,0,45858550,0,308967900,1651500,0,0,6144372950,129150,0,100027200,50372000,0,9774132400,313650,0,0,0,313350,0,0,0,7783297200,18450,0,4715739150,0,0,0,0,8939900,349950,0,0,2863500,0,674700,0,3174879950,0,0,0,0,1109794350,3519450,0,58910100,12047850,0,3763800,0,202850,830250,2693700,1110437500,0,414848250,0,0,0,0,0,0,0,25000650,0,0,91850,0,281818800,2739550,0,0,0,0,6033561450,0,124653500,404185150,297000,0,295200,17028800,2026100,0,0,0,0,929857050,0,202950,11106000,0,0,0,424798200,0,73600,1846838250,0,41043912600,0,30933250,0,0,5263445550,0,0,0,0,156293500,0,0,0,0,0,0
"TZA",0,0,0,0,0,0,0,0,0,0,0,0,0,0,0,571950,0,0,0,0,0,0,0,1617843400,0,0,0,0,0,0,0,0,0,72653300,0,0,0,0,0,0,0,0,0,0,0,0,0,0,0,0,0,0,0,0,0,0,0,0,0,0,0,0,0,0,0,0,0,0,0,0,0,0,0,0,0,1820000,0,0,0,0,0,0,0,0,0,0,0,0,29871608900,0,0,0,0,0,0,0,0,0,0,0,0,0,54600000,0,0,0,0,0,0,0,0,0,0,0,0,0,0,0,0,0,0,0,0,0,0,0,201783400,0,0,0,0,0,0,0,0,0,0,0,0,0,0,1893382950,0,0,0,0,0,0,0,0,0,0,0,0,0,0,0,0,0,0,0,0,0,0,0,0,0,0,0,0,109200,0,0,0,265837200,0,0,0,0,0,0,0,0,0,0,0,66506753750,19427850,0,0,0,0,0,0,0
"THA",350550,36900,2946000,0,0,174521150,52478097400,65115700,0,998133300,13191200,483102600,0,173991350,0,0,2197513700,0,0,8716250,524898300,21214700,47139446250,0,112050,28306998300,0,0,282416550,0,662223150,20462865200,76470250,0,9061500,147600,904050,0,487984200,1512900,154006500,976708800,0,0,0,221400,330904250,0,0,280258150,0,70786350,1100885250,10268073950,455156800,2501050,14851050,0,0,5962960050,0,1319599050,0,662590700,0,0,904050,17247950,0,0,6047150,16563022150,39747800,885600,411614450,3399842200,24916722450,24900,40264800,740872250,5311026300,1391339950,4345286550,95621100,0,37770976850,265836700,1009250,45794150,34147579700,17836200,27596233700,564639350,137361200,53874006700,236651250,0,73778700,3302550,90997650,81763000,51419200,0,44732709050,831804150,0,66006250,0,91236300,288685800,92774250,23890350,128450,0,10019700,140476000,37255984900,0,155751400,3175950,12829550,14261899550,0,0,31512500,1055079300,1628390750,948950,461076800,181994500,59178750,4920100,16152518100,2609903450,485760400,0,11217600,0,465565050,0,30169300,0,1243491400,0,0,0,0,6634334950,0,89006450,11703000,253920150,2402850,18962347000,2133400,2203558100,3191909400,977850,0,28589300,6674728300,2320015950,29481600,147600,9823713350,12057950,0,202673550,0,22053300,236269900,32644950,160927700,3478735650,18450,0,23064443650,258445550,93208000400,0,208871800,3431700,0,25433071650,405900,1357900,0,0,5263951800,129150,13854250,0,37350,0,0
"TGO",0,0,0,0,0,0,0,0,0,0,0,0,0,0,0,0,0,0,0,0,0,0,0,0,0,0,0,0,0,0,0,0,0,0,0,0,0,0,0,0,842585750,0,0,0,0,0,0,0,27525000,0,0,0,0,18265500,0,0,0,241436700,0,0,0,66862800,0,0,0,0,0,0,0,0,0,0,0,0,0,0,0,0,0,0,0,0,4981500,0,0,0,0,0,0,0,0,0,0,0,0,0,0,0,0,0,0,0,0,0,0,0,0,0,0,0,0,0,0,0,0,0,0,0,0,0,0,0,0,21233938200,4059000,0,0,0,0,0,0,0,0,0,0,0,0,0,0,0,0,0,0,0,0,0,0,0,50663700,0,0,0,0,0,0,0,0,0,0,0,0,0,0,0,0,0,0,0,0,0,0,0,15387300,0,0,0,0,0,0,14809709500,0,0,0,0,0,0,36531000,0,0,0,0,0,0,0,0
"TON",0,0,0,0,0,0,0,0,0,0,0,0,0,0,0,0,0,0,0,0,0,0,0,0,0,0,0,0,0,0,0,0,0,0,0,0,0,0,0,0,0,0,0,0,0,0,0,0,0,0,0,0,0,0,0,0,0,0,0,0,0,0,0,0,0,0,0,0,0,0,0,0,0,0,0,0,0,0,0,0,0,0,0,0,0,0,0,0,0,0,0,0,0,0,0,0,0,0,0,0,0,0,0,0,0,0,0,0,0,0,0,0,0,0,0,0,0,0,0,0,0,0,0,0,0,0,0,0,0,0,0,0,0,0,0,0,0,0,0,0,0,0,0,0,0,0,0,0,0,0,0,0,0,0,0,0,0,0,0,0,0,0,0,0,0,0,0,0,0,0,0,0,0,0,0,0,0,0,0,0,0,0,0,0,0,0,0,0,0,0,0,0,0,0,0
"TTO",0,0,166050,0,4327963200,0,0,0,10387350,0,12488583000,0,0,0,0,0,0,0,480737500,0,0,0,0,0,0,285929450,0,0,0,0,0,36900,3174750,0,0,0,0,128450,0,0,0,0,908398800,57951450,0,0,0,0,0,0,0,0,0,0,0,0,0,0,0,10529850,0,0,0,0,0,4843644600,0,0,12610881150,0,0,0,0,0,0,0,0,0,0,0,0,202950,0,0,19177989700,0,0,0,0,0,0,0,0,0,0,0,0,55350,0,0,0,0,0,0,0,0,0,0,0,145600,0,0,0,0,0,0,2287800,0,0,0,0,0,0,0,0,0,0,38305600,0,0,0,0,0,0,0,0,0,0,0,0,0,0,1088550,465712050,5020344950,3061367500,0,0,0,0,0,0,0,0,0,0,0,1811002500,0,0,0,0,0,0,0,0,0,0,0,0,0,0,0,0,0,0,9363350,0,2343106950,0,0,0,56838600,0,0,0,0,0,0,0,0,0,0,0,0
"OMN",0,0,0,934178850,0,0,164278800,0,0,10835644450,0,37350,0,0,0,0,0,0,0,0,0,0,6652055850,0,7598767850,868523100,0,0,36192150,0,0,46491800,0,54335250,0,0,0,0,5462200,0,0,0,0,0,0,0,710984200,0,0,0,0,53394300,0,12601350,0,5274841350,0,180673950,1100192600,205247100,0,713025950,0,436800,0,0,0,194204700,0,0,0,0,0,0,0,972625350,0,43169000,976669150,0,0,7292050,0,0,0,137359300,6442819550,0,5712224000,0,0,19048350,7312271000,0,0,155220300,0,1486696350,649071000,0,0,0,0,14311700,1261961550,0,0,101456550,201886350,0,0,72800000,0,0,0,165201300,26223300,0,0,0,10701000,539754750,0,0,10410400,62250,353233950,0,0,92231550,0,0,130257000,0,88990500,0,0,0,49202611600,0,0,15442650,0,0,0,0,0,54386217300,4020374900,62211450,139369700,0,0,895599900,531747712200,257018550,49545000,0,0,0,0,0,144487900,0,0,14016423300,44280000,0,0,0,0,161727150,42047550,123226507950,0,0,754549100,0,1284095400,0,0,0,0,0,0,378864148600,0,0,0,0,0,0,171086850,0,19151100
"TUN",0,0,0,2713688700,0,0,14497050,18450,0,8560800,0,0,0,0,0,0,0,0,0,0,0,0,0,0,655047900,1384773000,0,0,0,1093182900,0,0,0,15018300,1372655700,0,0,0,2009280000,0,18906887350,329600,0,45876750,0,0,113311250,0,785669700,0,0,0,0,5260502500,0,125711950,0,1965792250,1028829450,134379750,0,31641750,0,682650,0,0,0,5491922500,0,0,0,21955500,0,0,0,18018650,0,0,2472300,1143900,0,449146200,9268646900,0,0,125825950,766407050,0,0,0,0,0,2140200,0,0,5169757250,0,56918250,167827069500,0,0,2342146000,0,418857550,0,27094642200,0,4409550,91751850,0,0,1753479700,0,0,0,0,209760950,0,11162250,0,0,427922000,0,28166720700,0,0,0,0,55260250,0,0,0,0,92250,0,0,0,0,841618450,0,0,17527500,0,0,0,0,0,113924250,1271865450,0,123036750,0,0,71438400,644085000,0,7102000,228244950,0,0,16706150,12693600,0,0,0,9585940000,0,1091388350,0,0,152784450,0,80552700,160948400,0,0,40626900,0,185210250,154504000,0,0,0,0,52969227600,1022019300,33652800,0,85873200,0,0,0,0,0,232968150
"TUR",0,4612028300,33360771400,9454636400,536970300,79390350,6980077000,2884412350,2230184350,3409307850,488262300,1665660750,0,3560850,3883743450,97460300,1873906250,0,64645200,0,14159250,11709348900,62483411650,49545000,63149128550,52611589700,2141390850,5680673250,3514531700,57889571650,18012164500,41779625900,6529068000,18712010750,63202758950,0,7054287550,127407822800,55757406900,74896994800,847075329800,1730373300,231888400,53466699550,860628900,7910151550,41386756250,542688300,80892246700,68798150,0,131040000,66349100,7941062600,55894450,270268028150,16265750750,23063231100,94085349900,92797516300,16747133600,453498567250,227500000,2624444750,0,52121100,1052738550,20676969650,2139581300,174700946900,327450600,16176780150,1065327150,1421768200,696100,3787472900,115121859300,11038523650,6107117206700,168162350,307789559850,72073715050,26119306050,3683335900,1177335750,183648011100,23229222150,1507604300,160819519800,842630750,0,34933111150,12698654550,441389050,0,132321846300,0,36991602700,125698535900,1542718300,36125100,320150135900,205692050,68452548800,29309917250,3524798900,345440350,23621480650,5204424550,19674612700,3022520650,26347633350,5139899750,2393321650,420285750,822247750,40628824300,0,105238800,8700419550,349440000,930169800,74693900,81776887850,29875324500,16855819800,1077074700,6883776000,1852871100,11322646250,183922450,5926842300,148490439450,9706515650,1319130050,6055119700,0,39040159500,36562739750,13855950,36168881350,8325682450,7035044250,0,135792000,6420600,4176993800,130043108900,91680002750,730245550,102960014300,535050,2008258500,23582188800,847319071900,14535568550,2765040400,6915863950,1660585450,0,7373818950,1706028750,1419330232350,4918826350,18046914100,112749675000,76005713850,310242293250,849030000,16064747000,57798211800,6458079350,0,64264047100,26206998750,0,93542540400,44233616600,69062511600,15931711850,632623300,1387603900,568926493600,3154037000,3291503850,1316944777250,68705889350,380965200,23401302550,1634000,4458108300,536154250,17243558150,14545315500,95677137550
"ARE",52231050,2319790400,0,0,6054900,0,3131410500,2933550,0,41401503650,0,415469600,0,0,0,39282000,11752650,0,42435000,0,88025800,18450,97083700,27368950,1348997100,4438264000,14151150,39302650,176892005800,1129069250,73400,1407667550,0,4166407650,424621950,0,0,0,44722800,51011250,3623452250,21945000,0,0,0,0,26061741250,0,607891900,0,0,362463600,0,766720950,0,19586989300,13539500,308537250,308892400,33465750,0,1281856150,0,2875600,0,0,0,874265950,56715300,40737600,0,639239000,18350,0,1771200,5491908750,59766550,6893966700,52190145900,286096450,0,46983450,543903600,1231950,14501700,2401949550,27377333050,312950,7282182200,37656450,0,458839850,44037197150,21512700,0,15978715050,0,175040600,3176841150,0,5535000,106287800,92379150,889237100,1752996300,4921300,495534150,213656450,944637150,48080700,0,8457369300,1755495500,0,267783300,157821100,716224700,0,0,36700,16900200,3665592650,0,1900852250,683678550,296517500,8663686450,0,313650,719937450,0,0,24440896100,30451450,18450,0,0,1672348900,0,37350,0,152367700,1154601550,0,0,0,0,172203664950,512307200,8095063650,215873150,0,0,2063201750,100500435800,6765066150,115664600,478925100,18392250,0,17779650,183817350,5361175850,437655050,16557619200,8004434400,214359650,428147350,7619850,185016600,195662585350,478556100,852080450,0,973241200,0,364324500,5479650,15681844600,25189200,0,88050950,0,477252550,2928986700,205113506000,988538600,173473750,52987300,0,0,0,3989269600,121720150,1052347700
"UGA",0,0,0,0,0,0,0,0,0,0,0,0,0,0,0,0,0,0,0,0,0,0,0,82292700,0,2184000,0,132527100,0,0,0,0,0,0,3468600,0,0,0,0,0,0,0,0,0,0,0,0,0,0,0,0,0,0,0,0,0,0,0,0,4538700,0,0,0,0,0,0,0,0,0,0,0,0,0,0,0,0,0,0,0,0,0,0,0,0,0,0,0,0,25782016400,0,0,0,0,0,0,0,0,0,0,0,0,0,0,0,0,0,0,0,0,0,0,0,0,0,0,0,1383750,0,0,0,0,0,0,0,0,0,0,0,0,0,0,0,0,0,0,0,0,0,0,0,0,2144664150,0,0,0,0,0,0,0,0,0,0,0,0,15221250,0,0,0,0,0,0,0,0,0,0,0,0,0,0,0,0,0,0,774900,0,0,830250,0,0,0,0,0,0,0,97157700,0,66951266700,0,1642050,0,0,0,2026019700,125268183700,0
"TUV",0,0,0,0,0,0,0,0,0,0,0,0,0,0,0,0,0,0,0,0,0,0,0,0,0,0,0,0,0,0,0,0,0,0,0,0,0,0,0,0,0,0,0,0,0,0,0,0,0,0,0,0,0,0,0,0,0,0,0,0,0,0,0,0,0,0,0,0,0,0,0,0,0,0,0,0,0,0,0,0,0,0,0,0,0,0,0,0,0,0,0,0,0,0,0,0,0,0,0,0,0,0,0,0,0,0,0,0,0,0,0,0,0,0,0,0,0,0,0,0,0,202950,0,0,0,0,0,0,0,0,0,0,0,0,0,0,0,0,0,0,0,0,0,0,0,0,0,0,0,0,0,0,0,0,0,0,0,0,0,0,0,0,0,0,0,0,0,0,0,0,0,0,0,0,0,0,0,0,0,0,0,0,0,0,0,0,0,0,0,0,0,0,0,0,0
"GBR",442800,180699300,5590350,105210634600,267469650,6900300,59719632900,4345486100,3686228250,3913339100,918843350,10902450,0,0,10737900,0,485144100,0,77028750,0,308645850,2466030800,54796500,0,71561350,18843538550,0,0,42308550,0,220142700,9434084600,60329850,0,42435000,0,195444450,0,8156697250,8956200,167440000,33187446650,56327850,28290950,16918650,3874500,622570950,1162350,3228750,3400761200,516427600,0,9161579750,170821991300,442800,87928000,20345800,18247050,113529300,74830540650,59618700,6163431250,0,16385779750,0,97379100,1531350,226805850,45811350,0,629550,16210558200,4250230650,2226864500,26335165550,1785332100,1811226050,392649800,2497346050,1794791924550,1470570900,94837801800,257682400,0,389489250,4209968350,2831952450,0,2256499600,80397150,0,1066909550,8317714350,238567750,0,3869264350,0,123338250,526104500,2830419200,0,1512900,0,4289052500,26167050,0,5023965500,184500,661554000,353014750,111467650,12301854150,0,258300,1070100,606968100,620459978550,0,0,0,0,2887643650,617100,0,6665928400,10817825350,593807500,123172200,8660975750,0,1014750,19298700,2714381700,49779995800,207977371250,129150,0,0,5551451400,110041600,4994839550,109279350,7897092250,98172450,290263700,127378800,0,24535563700,627300,24556950,228947500,790071150,494897450,10567106200,126991350,9584872400,566904739350,1845000,0,0,87239390300,4074954300,0,0,2463256900,100552500,14456462450,0,0,802142700,2795442750,0,31407337800,30802900600,47970000,0,0,78809550,141009898100,0,35405550,0,108061900,392391450,0,246787200,9573950,0,121077473800,116448350,46108800,867150,164017250,0,148301100
"UKR",25993952400,22121550,27071180000,97601396500,563900,0,759855200,8155496850,1029650,295827300,41206000,5348761437300,0,0,0,0,0,0,879300,0,0,5345084400,130447731000,0,401550,2805389950,0,0,5947602600,13356725200,218900,253849131000,0,2268851400,2287566000,0,0,0,5647810350,14020971400,2965594150,25499957050,311450,174720000,111636674400,45519662500,8242156721150,0,0,2112925500,0,0,460783450,23965873850,0,566198489500,30020881900,476756800,43667824000,40643676400,867150,9552550400,0,92909240350,0,0,0,57183236800,83720000,0,0,25185764650,2512107700,0,0,917538750,9326511832000,17103150,12423946300,50761571300,1765943589300,744408326950,139502900000,25409161800,0,115982607000,493296098600,2450248500,919505841100,865561000,411138000,2313942619900,1536561950,11184763300,4269722400,1237735306700,0,11322700,2233992250450,27925359900,0,11966500000,0,657399064050,0,78112870000,24495850,775115486700,183193150,777011738300,6857489250,3824715824900,151506803300,161940559050,0,2913983000,406430426550,0,12325234600,139463550,166050,352265850,0,0,641641481850,2697252050,0,102549450,3047364250,0,0,0,4628146008150,35434771700,53029622900,0,0,15452309600,76290472200,0,22202650750,7109980000,1237363200,164550,0,274250,0,1151886550,370182037700,2421950,8454923100,10010000,1349418450,131517777650,52590974800,272655685750,1874468899700,169260000,2497826000,0,1065500850,17781474300,2865566650,1601492100,18023239850,164873472850,2399257328550,4240270700,0,0,2109492700,3413099273400,2364604591700,497408116050,216126950000,0,154378497650,0,5819403050,3.3734e+10,0,4148657550,7986977800,724109050,575564341400,1980283262600,113201367500,0,812077600,0,20922300,73200,420500589200,5068700000,124512942500
"USA",442800,10018350,12412400,1520087440000,1765461850,4578051550,32341353150,38283750,32179561350,2727902250,72762201500,1128459080000,0,0,740743850,0,1144946096200,0,53648117100,0,681633300,0,201432724850,7.348e+09,0,2267509350350,0,0,406926600100,0,1136523871800,1082101188550,1773570124700,0,0,7066350,354348447950,32601150,199536750,0,5433150,1032395450,520390000,1030636857650,0,1164452780300,1584373156050,916244783200,106058550,118412100,0,36133550,882964800,3874200050,504526050,7469607600,45229426650,0,996000,7160714550,0,170545740000,9342300,119529200,0,40797166700,1916618537650,34870500,118214226950,368858694600,1050097577050,32333853700,0,0,1217299100,821602500,3415258755550,0,2263236376100,152717250,249348834150,2148790208700,4188150,809250,687020694350,9241160073350,1578350250,335790000,254849683350,3197663400,0,4787570830500,8261679400,51420150,0,2532485350,0,79851700600,34786421600,165157800,14308600,0,43595350000,1233626330850,0,9.185e+09,0,0,24374500,11633890464950,149913650,647623481100,178237430000,0,15981900000,1680750,15178260800,0,460456650,0,0,6306359500,51063622850,0,5114555811000,1498218850,366371250,504780832800,0,124918600,1906340850,1188708566100,9328623325000,611470800,55580188350,0,0,17634350,5583471550,0,0,23735710000,2015181950,1219246950,16687792600,71337809150,0,187112966350,3682357850,0,5184450,0,0,263968794950,5129100,313755554700,264331046000,387185750,0,0,8818937350,6341987200,0,0,3816744117800,191620340250,2287328038700,18260950,230226800,416646664700,194113232050,51950360000,1054565450,152346137500,1.837e+10,0,319775081500,30445300,0,0,1293680750,0,772082426250,966952453700,873037590000,2046662855800,85560780000,0,108767230150,0,0,0,88660300000,0,109445400
"BFA",0,0,0,0,0,0,0,0,0,0,0,0,0,0,0,0,0,0,0,0,0,0,0,0,0,92250,0,0,0,0,0,0,0,0,0,0,0,0,0,0,0,0,0,0,0,0,0,0,0,0,0,0,0,0,0,0,0,0,0,0,0,0,0,0,0,0,0,0,0,0,0,0,0,0,0,0,0,0,0,0,0,0,0,0,0,0,0,0,0,0,0,0,0,0,0,0,0,0,0,0,0,0,0,0,0,0,0,0,0,0,0,0,0,0,0,0,0,0,0,0,0,0,0,0,0,0,0,0,0,0,0,0,0,0,0,0,0,0,0,0,0,0,0,0,0,0,0,0,0,0,0,55350,0,0,0,0,0,0,0,0,0,0,0,0,0,0,0,0,0,0,0,0,0,36900,0,0,0,0,0,0,0,0,0,0,0,0,0,0,0,0,0,0,0,0,0
"URY",0,0,0,130145104000,0,729893400,1992600,0,0,0,0,0,0,0,134798650,0,307084583050,0,0,0,0,0,0,0,0,0,0,0,0,0,9222069050,0,660600,0,0,0,54361350,0,0,0,0,0,0,0,0,0,0,0,0,0,0,0,0,0,0,0,0,0,0,36900,0,0,0,0,0,0,0,0,0,0,0,0,0,0,0,0,51569600000,0,0,0,0,1402200,0,0,0,0,0,0,0,0,0,0,0,0,0,0,0,0,0,0,0,0,0,0,0,0,0,0,0,345586950,0,0,0,0,0,0,0,0,0,0,0,91000,0,0,0,0,0,94303500,0,0,2411250650,38301850,0,0,0,0,0,0,0,0,0,0,0,0,0,0,0,0,0,0,0,0,0,0,0,82079550,2506232250,0,0,0,0,6653747600,0,0,0,0,0,0,0,0,0,0,0,0,0,0,5904400,0,639969750,0,0,0,4326121800,0,0,0,0,0,0,0,0,0,0,0,0
"UZB",0,0,0,0,0,0,0,0,0,0,0,0,0,0,0,0,0,0,0,0,0,0,0,0,0,0,0,0,0,0,0,0,0,0,0,0,0,0,0,0,0,0,0,0,0,0,0,0,0,0,0,0,0,0,0,0,0,0,0,0,0,0,0,0,0,0,0,0,0,0,0,0,0,0,0,0,0,0,0,0,0,0,0,0,0,0,0,0,0,0,0,0,0,0,0,0,0,0,0,0,0,0,0,0,0,0,0,0,0,0,0,0,0,0,0,0,0,0,0,0,0,0,0,0,0,0,0,0,0,0,0,0,0,0,0,0,0,0,0,0,0,0,0,0,0,0,0,0,0,0,0,0,0,0,0,0,0,0,0,0,0,0,0,0,0,0,0,0,0,0,0,0,0,0,0,0,0,0,0,0,0,0,0,0,0,0,0,0,0,0,0,0,0,0,0
"VEN",0,0,0,0,0,0,0,0,0,0,0,0,0,0,0,0,0,0,0,0,0,0,0,0,0,0,0,0,0,0,0,0,27136200,0,0,0,0,0,0,0,0,0,0,0,0,0,0,0,0,0,0,0,0,0,0,0,0,0,0,0,0,0,0,0,0,0,0,0,0,0,0,0,0,0,0,0,0,0,0,0,0,0,0,0,0,0,0,0,0,0,0,0,0,0,0,0,0,0,0,0,0,0,0,0,0,0,0,0,0,0,0,0,0,0,0,0,0,0,0,0,0,0,0,0,0,0,0,0,0,0,0,0,0,0,0,0,0,0,0,0,0,0,0,0,0,0,0,0,0,0,0,0,0,0,0,0,0,0,0,0,0,0,0,0,0,0,0,0,0,0,0,0,0,0,0,0,0,0,50755950,0,0,0,0,0,0,0,0,0,0,0,0,0,0,0,0
"VNM",0,0,0,36217350,0,46150250,12648828650,3385200,0,0,0,66364650,0,0,0,0,683194900,0,0,0,55841100,0,20736075450,0,27306000,10775198300,0,0,86843200,0,359936850,80925581950,136745200,0,0,0,83246400,0,7605224750,0,0,556781500,0,0,39014000,3856050,0,0,0,11549700,0,0,113713250,23484175650,0,0,0,0,0,26976534950,0,75552750,0,114537600,0,0,0,0,0,0,0,46945221500,0,8627200,770700,1279261150,38878117600,0,122212800,418600450,1207427650,167874000,217425450,11784300,0,54143014450,0,0,764062700,224913409700,0,55889271900,1542493800,0,44026929800,0,0,0,0,120700450,0,0,0,14035249700,0,0,0,0,0,146914300,0,361132100,935850,0,0,0,14498421600,0,0,0,0,1705240400,0,0,320181300,921898450,1231647300,95337600,233223500,0,0,2880950,101298410450,2678110600,7066350,0,0,0,205754400,0,29678000,0,15266605750,0,0,0,0,1624973500,1866008800,0,0,72414050,49655100,55757326600,0,2024094150,385701250,0,0,0,1720257600,117506200,0,0,24082320050,50250300,200988586400,0,0,0,0,0,2214000,1224320350,123910200,0,29597714150,318472950,51329769850,0,0,0,0,0,0,0,0,0,2647493700,0,0,0,0,0,0
"ETH",0,0,0,0,0,0,793350,55350,0,995894100,0,0,0,0,0,0,0,0,0,0,0,0,0,0,0,1323997600,0,0,0,0,0,0,0,0,0,0,0,0,0,0,0,0,0,0,0,0,0,0,0,0,0,0,85165200,0,0,1680583250,0,0,0,56021200,2029500,0,0,0,0,0,0,0,0,0,0,0,0,0,0,110700,0,0,0,0,0,147600,0,0,0,0,0,0,11070000,0,0,0,621469800,0,0,258300,0,0,0,0,0,0,0,0,0,0,0,0,0,0,0,0,73800,0,0,0,546000,0,0,0,0,0,0,0,109950,1083384000,0,0,0,0,0,0,0,0,0,0,0,0,24704550,36900,0,0,0,0,0,0,0,4587500,0,0,0,0,0,0,495450000,5974100,0,0,0,627300,3064331250,166215050,0,0,0,0,0,0,0,0,0,0,0,8280415250,0,0,823362150,0,8774151700,0,0,0,0,0,0,0,0,0,4375900,0,0,0,0,1254600,0
"YEM",0,0,0,0,0,0,0,0,0,0,0,0,0,0,0,0,0,0,0,0,0,0,0,0,0,0,0,0,0,0,0,0,0,0,0,0,0,0,0,0,0,0,0,0,0,0,234845556400,0,0,0,0,0,0,0,0,0,0,0,0,0,0,0,0,0,0,0,0,0,0,0,0,0,0,0,0,0,0,0,0,0,0,0,0,0,0,0,0,0,0,0,0,0,0,0,0,0,0,0,0,0,0,0,0,0,0,0,0,0,0,0,0,0,0,0,0,0,0,0,0,0,0,0,0,0,0,0,1.67e+10,0,0,0,0,0,0,0,0,0,0,1963450,0,0,0,0,0,0,0,0,0,0,0,0,0,0,0,0,0,0,0,0,0,0,0,0,0,0,0,0,0,0,0,0,15851745000,0,29792144200,0,0,0,0,0,0,0,0,0,0,0,0,0,0,0,0,0,0,0,1.092e+10,0,0
"COD",0,0,0,0,0,0,0,0,0,0,0,0,0,0,0,0,0,0,0,0,0,0,0,0,0,0,0,0,0,0,0,0,0,0,0,0,0,0,0,0,0,0,0,0,0,0,0,0,0,0,0,0,0,461250,0,0,0,0,0,36900,0,0,0,0,0,0,0,0,0,0,0,0,0,0,0,0,0,0,0,0,0,0,0,0,0,0,0,0,0,0,0,0,0,0,0,0,0,0,0,0,0,0,0,0,0,0,0,0,0,0,0,0,0,0,0,0,0,0,0,0,0,0,0,0,0,0,0,0,0,0,0,0,0,0,0,0,0,0,0,0,0,0,0,0,0,0,0,0,0,0,0,0,0,0,0,0,0,0,0,0,0,0,0,0,0,0,0,0,0,0,0,0,0,36900,147252700,0,0,0,0,0,0,0,0,0,0,0,0,0,91000,0,0,0,0,0,0
"ZMB",0,0,0,0,0,0,0,0,0,0,0,0,0,0,0,17084700,0,0,0,0,0,0,0,0,0,0,0,0,0,0,0,0,0,0,0,0,0,0,0,0,0,0,0,0,0,0,0,0,0,0,0,0,0,0,0,0,0,0,0,0,0,0,0,0,0,0,0,0,0,0,0,0,0,0,0,0,0,0,0,0,0,0,0,0,0,0,0,0,61537200,0,0,0,0,0,0,0,0,0,0,0,0,0,2153447100,0,0,0,0,0,0,0,0,0,0,0,0,0,0,0,0,0,0,0,0,0,0,0,0,0,0,0,0,0,0,0,0,0,0,0,0,35217000,0,0,0,0,0,0,0,0,0,0,0,0,0,0,0,27675000,0,0,0,0,0,0,0,0,0,6978269700,0,0,0,0,0,0,0,0,0,0,0,0,0,0,0,0,0,0,0,0,47144554000,0,0,0,0,0,0,0,0
"BEL",14981400,6457500,92501100,166566600,0,228613950,12927324950,17273006300,0,1088018100,0,460650,0,0,258300,1439100,9757093200,0,0,0,1125450,2472721350,17767350,379905750,1432333100,11960015800,1199250,44586650,701100,10495555200,4507797700,10700374150,137666600,0,52143100,0,172636350,155262100,2868777550,23044050,37755750,29206716550,0,421969950,24261750,17988750,3128160400,10534950,8369128700,5033777750,166050,0,29379804400,990323963800,201078000,8.19e+08,47786400,508285500,80330550,548660146500,386269200,88053800,0,16077939600,0,0,72600750,1373147700,21293900,242363100,6863400,1163160500,12666610450,3743160900,3329999750,250889950,255819350,2716000,3131398800,31698453900,7870672050,139359908750,163594850,0,43025400,11121347550,2562391350,2638350,41559900,1254600,0,8079046450,3916012500,2216404800,0,7845274350,0,12213900,686540100,3804312000,55350,72318750,1734300,354124050,9064650,13855950,2491592100,95571000,976115700,791638100,1660500,7908832200,249050,221031000,12601350,0,3446543208200,0,18821300,87145350,0,289535850,41291100,246249650,1670641350,32897076350,32951700,295323850,25669336400,608850,26789400,46273250,393788250,33117578750,15993622150,2.73e+09,0,3744650,2122470550,13545450,13369231850,306310800,11240857150,0,0,0,313804400,12802630650,164886550,185174950,187311200,3182355650,3160562850,2284918900,0,1205065000,104353247850,931147650,0,0,69438355850,23561692050,0,0,1906834600,0,363670750,460920800,0,107421300,1215606200,47561850,14229245700,12093967050,39138150,0,388466411450,1850280700,75001448900,21887900,163284150,7380000,0,323317800,298003950,28283850,6868448900,5405850,0,106244876200,1875209200,60534450,98080200,0,366472350
"LUX",0,0,0,0,0,0,0,428242950,0,0,0,0,0,0,0,0,0,0,0,0,0,738000,0,0,0,18450,0,0,0,0,0,18450,0,0,329950,0,0,0,41355600,101245400,0,2596089550,0,0,0,0,0,0,0,0,0,0,306179500,104590177500,1415100,0,0,0,0,164448159150,0,2065450,0,101678150,0,0,0,0,0,0,0,110700,0,0,8892900,0,0,0,0,2904847450,0,530740600,0,0,0,15498000,0,0,0,0,0,0,0,0,0,0,0,0,0,212090000,0,0,0,0,0,0,85072950,0,0,0,0,0,0,0,0,0,29725825650,0,67800,0,0,0,0,5976400,2243600,12596721000,0,0,276750000,0,0,73800,0,2334529150,881800,0,0,0,36400,0,41246100,0,0,0,0,0,0,15516450,0,0,0,15996150,0,0,0,36900,511437200,0,0,0,491360400,194104250,0,0,0,0,0,18450,0,0,0,0,95884650,0,0,0,2068147950,0,18966600,0,0,0,0,0,0,0,128750,0,173902529900,0,92250,0,0,0,0
"SRB",1955700,0,217431778100,116816100,0,0,592947150,37086933600,0,0,0,0,0,0,0,0,0,0,0,0,0,9263266600,0,0,0,566889250,0,0,0,0,0,103780500,0,0,0,0,0,0,7206817250,0,0,23194500,0,0,46604700,0,0,0,0,0,0,0,0,1507036700,0,8496050,0,0,10863200,7071558200,545146445600,0,0,4200252600,0,0,0,0,0,0,0,6697350,1283819700,57439171400,0,165650,0,67802000,93579800,73800,663425100,402731642850,0,0,0,0,46498900,21451150,0,216580000,0,0,0,10956700,0,1117698500,0,10477850,455744250,245369250,0,0,0,0,0,0,5701050,0,0,0,0,0,0,9792750,0,0,2981930100,0,0,475902031650,0,0,0,0,0,15358950,0,0,239850,0,0,0,0,744309900,655052700,0,0,0,1312376700,0,1080165206900,67546350,5687889650,0,0,0,0,38763450,0,24644050,10422800,14034611600,333407350,81863400,0,0,22284600,0,0,0,1882342350,6434439950,0,0,0,0,0,0,0,0,0,0,617476200,1236361750,0,0,2019117400,140280700,2209988600,0,0,0,163800000,0,0,112884550,0,0,147528800,0,0,238173457900,0,0,56272500
"MNE",0,0,312328850,0,0,0,0,0,0,0,0,0,0,0,0,0,0,0,0,0,0,0,0,0,0,0,0,0,0,0,0,0,0,0,0,0,0,0,0,0,0,0,0,0,0,0,0,0,0,0,0,0,0,202600,0,0,0,0,0,17730450,24354000,0,0,0,0,0,0,0,0,0,0,0,0,395550,91150,0,0,0,0,0,0,766150,0,0,0,0,0,0,0,0,0,0,0,0,0,0,0,36900,0,0,0,0,0,0,0,0,0,0,0,0,0,0,0,0,0,0,0,0,0,667281150,0,0,0,0,0,1032150,0,234450,0,0,0,0,0,0,0,0,0,0,0,0,0,0,0,0,0,0,0,0,0,0,0,0,0,0,0,0,0,0,0,0,0,40608450,0,0,0,0,0,0,0,0,0,0,0,0,0,0,475150,0,0,0,0,0,0,0,0,0,0,0,0,4852350,9409500,0,0,0,0
"SDN",0,0,0,0,0,0,0,0,0,0,0,0,0,0,0,0,0,0,0,0,0,0,0,0,0,0,0,0,0,0,0,0,0,0,0,0,0,0,0,0,0,0,0,0,0,0,0,0,0,0,0,0,0,0,0,0,0,0,0,0,0,0,0,0,0,0,0,0,0,0,0,0,0,0,0,0,0,0,0,0,0,0,0,0,0,0,0,0,0,0,0,0,0,0,0,0,0,0,0,0,0,0,0,0,0,0,0,0,0,0,0,0,0,0,0,0,0,0,0,0,0,0,0,0,0,0,0,0,0,0,0,0,0,0,0,0,0,0,0,0,0,0,0,0,0,0,0,0,0,0,0,0,0,0,0,0,0,0,0,0,0,0,0,0,0,0,0,0,0,0,0,0,0,0,0,0,0,0,0,0,0,0,0,0,0,0,0,0,0,0,0,0,0,0,0
"SSD",0,0,0,0,0,0,0,0,0,0,0,0,0,0,0,0,0,0,0,0,0,0,0,0,0,0,0,0,0,0,0,0,0,0,0,0,0,0,0,0,0,0,0,0,0,0,0,0,0,0,0,0,0,0,0,0,0,0,0,0,0,0,0,0,0,0,0,0,0,0,0,0,0,0,0,0,0,0,0,0,0,0,0,0,0,0,0,0,0,0,0,0,0,0,0,0,0,0,0,0,0,0,0,0,0,0,0,0,0,0,0,0,0,0,0,0,0,0,0,0,0,0,0,0,0,0,0,0,0,0,0,0,0,0,0,0,0,0,0,0,0,0,0,0,0,0,0,0,0,0,0,0,0,0,0,0,0,0,0,0,0,0,0,0,0,0,0,0,0,0,0,0,0,0,0,0,0,0,0,0,0,0,0,0,0,0,0,0,0,0,0,0,0,0,0
"PSE",0,0,0,0,0,0,0,0,0,0,0,0,0,0,0,0,0,0,0,0,0,0,0,0,0,0,0,0,0,0,0,0,0,0,0,0,0,0,0,0,0,0,0,0,0,0,0,0,0,0,0,0,0,0,0,0,0,0,0,0,0,0,0,0,0,0,0,0,0,0,0,0,0,0,0,0,0,0,0,0,0,0,0,0,0,0,0,0,0,0,0,0,0,0,0,0,0,0,0,0,0,0,0,0,0,0,0,0,0,0,0,0,0,0,0,0,0,0,0,0,0,0,0,0,0,0,0,0,0,0,0,0,0,0,0,0,0,0,0,0,0,0,0,0,0,0,0,0,0,0,0,0,0,0,0,0,0,0,0,0,0,0,0,0,0,0,0,0,0,0,0,0,0,0,0,0,0,0,0,0,0,0,0,0,0,0,0,0,0,0,0,0,0,0,0
