"","ARM","AFG","ALB","DZA","ATG","ARG","AUS","AUT","BHS","BHR","BRB","BGD","BMU","BTN","BOL","BWA","BRA","ARB","BLZ","SLB","BRN","BGR","MMR","BDI","CMR","CAN","CPV","CAF","LKA","TCD","CHL","CHN","COL","COM","COG","COK","CRI","CUB","CYP","AZE","BEN","DNK","DMA","DOM","BLR","ECU","EGY","SLV","GNQ","EST","FRO","FJI","FIN","FRA","PYF","DJI","GEO","GAB","GMB","DEU","BIH","GHA","KIR","GRC","GRL","GRD","GTM","GIN","GUY","HTI","HND","HKG","HUN","HRV","ISL","IND","IDN","IRN","IRQ","IRL","ISR","ITA","CIV","KAZ","JAM","JPN","JOR","KGZ","KEN","KHM","PRK","KOR","KWT","LVA","LAO","LBN","LSO","LBR","LBY","LTU","MAC","MDG","MWI","MYS","MDV","MLI","MLT","MRT","MUS","MEX","MNG","MAR","MOZ","MDA","NAM","NPL","NLD","ANT","NCL","MKD","VUT","NZL","NIC","NER","NGA","NOR","PAK","PAN","CZE","PNG","PRY","PER","PHL","POL","PRT","GNB","TLS","ERI","QAT","ZWE","ROU","RWA","RUS","KNA","LCA","VCT","STP","SAU","SEN","SYC","SLE","SVN","SVK","SGP","SOM","ZAF","ESP","SUR","TJK","SWZ","SWE","CHE","SYR","TKM","TWN","TZA","THA","TGO","TON","TTO","OMN","TUN","TUR","ARE","UGA","TUV","GBR","UKR","USA","BFA","URY","UZB","VEN","VNM","ETH","YEM","COD","ZMB","BEL","LUX","SRB","MNE","SDN","SSD","PSE"
"ARM",0,0,0,0,0,0,0,0,0,0,0,0,0,0,0,0,0,0,0,0,0,0,0,0,0,0,0,0,0,0,0,0,0,0,0,0,0,0,0,0,0,0,0,0,0,0,0,0,0,0,0,0,0,2490000,0,0,1071190000,0,0,0,0,0,0,0,0,0,0,0,0,0,0,0,0,0,0,0,0,0,0,0,0,0,0,0,0,0,0,0,0,0,0,0,0,0,0,0,0,0,0,0,0,0,0,0,0,0,0,0,0,0,0,0,0,0,0,0,0,0,0,0,0,0,0,0,0,0,0,0,0,0,0,0,0,0,0,0,0,0,0,0,0,0,346680000,0,0,0,0,0,0,0,0,0,0,0,0,0,0,0,0,0,0,0,0,0,0,0,0,0,0,0,0,0,0,62730000,0,0,0,0,22140000,0,0,0,0,0,0,0,0,0,0,0,0,0,0,0,0
"AFG",0,0,0,0,0,0,0,0,0,0,0,0,0,0,0,0,0,0,0,0,0,0,0,0,0,0,0,0,0,0,0,0,0,0,0,0,0,0,0,0,0,0,0,0,0,0,0,0,0,0,0,0,0,0,0,0,0,0,0,0,0,0,0,0,0,0,0,0,0,0,0,0,0,0,0,0,0,0,0,0,0,0,0,0,0,0,0,0,0,0,0,0,0,0,0,0,0,0,0,0,0,0,0,0,0,0,0,0,0,0,0,0,0,0,0,0,0,0,0,0,0,0,0,0,0,0,0,0,0,0,0,0,0,0,0,0,0,0,0,0,0,0,0,0,0,0,0,0,0,0,0,0,0,0,0,0,0,0,0,0,0,0,0,0,0,0,0,0,0,0,0,0,0,0,0,0,0,0,0,0,0,0,0,0,0,0,0,0,0,0,0,0,0,0,0
"ALB",0,0,0,0,0,0,0,0,0,0,0,0,0,0,0,0,0,0,0,0,0,492060000,0,0,0,0,0,0,0,0,0,0,0,0,0,0,0,0,0,0,0,0,0,0,0,0,0,0,0,0,0,0,0,0,0,0,0,0,0,0,11070000,0,0,922480000,0,0,0,0,0,0,0,0,0,0,0,0,0,0,0,0,0,7380000,0,0,0,0,0,0,0,0,0,0,0,0,0,0,0,0,18450000,0,0,0,0,0,0,0,0,0,0,0,0,0,0,0,0,0,0,0,0,615580000,0,0,0,0,0,0,0,0,0,0,0,0,0,0,0,0,0,0,0,0,62730000,0,0,0,0,0,0,0,0,0,0,0,0,0,0,0,0,0,0,0,0,0,0,0,0,0,0,0,0,0,0,0,0,0,0,0,0,0,3690000,0,0,0,0,0,0,0,0,0,0,0,8412090000,1126690000,0,0,0
"DZA",0,0,0,0,0,0,0,0,0,0,0,0,0,0,0,0,0,0,0,0,0,0,0,0,47970000,73700000,0,0,0,0,0,0,0,0,0,0,0,0,0,0,0,0,0,0,0,0,0,0,0,0,0,0,0,95420000,0,0,0,0,0,0,0,0,0,0,0,0,0,0,0,0,0,0,0,0,0,0,0,0,269370000,0,0,0,0,0,0,0,468630000,0,0,0,0,0,0,0,0,0,0,0,457560000,0,0,0,0,0,0,0,0,0,0,0,0,0,0,0,0,0,0,0,0,0,0,0,0,7167670000,0,0,0,0,0,0,0,0,0,0,0,0,0,0,70110000,0,0,0,0,0,0,0,0,0,435380000,0,0,0,0,0,0,0,0,0,0,0,0,0,0,0,0,0,0,0,0,0,0,134760000,0,0,0,0,0,0,0,0,0,0,0,0,0,0,207150000,0,0,0,0,0,0,0,0
"ATG",0,0,0,0,0,0,0,0,0,0,7380000,0,0,0,0,0,0,0,0,0,0,0,0,0,0,0,0,0,0,0,0,0,0,0,0,0,0,0,0,0,0,0,3690000,0,0,0,0,0,0,0,0,0,0,0,0,0,0,0,0,0,0,0,0,0,0,0,0,0,0,0,0,0,0,0,0,0,0,0,0,0,0,0,0,0,0,0,0,0,0,0,0,0,0,0,0,0,0,0,0,0,0,0,0,0,0,0,0,0,0,0,0,0,0,0,0,0,0,0,0,0,0,0,0,0,0,0,0,0,0,0,0,0,0,0,0,0,0,0,0,0,0,0,0,0,3690000,0,0,0,0,0,0,0,0,0,0,0,0,0,0,0,0,0,0,0,0,0,0,0,0,0,0,0,0,0,0,0,0,0,0,0,0,0,0,0,0,0,0,0,0,0,0,0,0,0,0
"ARG",0,0,52290000,1015061150000,0,0,36900000,0,36900000,134287150000,14760000,659195760000,0,0,1664466710000,0,31580523430000,0,0,0,0,595110000,0,1.002e+10,102842860000,1237720000,15066900000,0,0,0,1020991300000,240630000,1107833750000,0,100049700000,0,316140000,93151320000,2490000,3690000,0,0,50640000,20388760000,0,36412050000,1540273160000,354240000,114070000,161850000,0,0,0,3420920000,0,1.5364e+11,59220000,0,0,357080000,0,0,0,0,0,66420000,254610000,0,0,87152620000,865950000,182200000,0,0,0,0,11051040000,0,0,0,2626910000,206150890000,98586780000,0,33210000,265680000,0,0,432172620000,0,0,0,25830000,0,0,0,0,261450000,138520000,36900000,0,3690000,156520000,17204340000,0,2.171e+10,0,1.38443e+11,4483880000,246070000,246030000,1132263340000,373456300000,0,54671990000,0,3999030000,0,0,0,0,3690000,0,0,225409920000,514360000,0,14360250000,0,0,64513720000,697320890000,2490750000,0,0,0,0,0,3690000,60836250000,42330000,25033300000,0,0,18450000,17250000,0,89952340000,83737140000,0,1876500000,0,0,132840000,0,2898574620000,4526030000,80920000,0,0,0,9647560000,90413800000,0,14940000,405305660000,586040000,11070000,0,400130000,1.44455e+11,91923800000,541794760000,251992980000,155139660000,0,8128920000,0,9578020000,0,130276550000,0,137790910000,1098480000,0,323656020000,181395400000,0,8917800000,0,0,0,0,0,0
"AUS",0,3690000,0,1.1022e+11,0,0,0,0,0,318881860000,0,4624795290000,0,0,0,0,66420000,0,0,97131400000,135330000,0,1090327510000,0,0,2679710000,0,0,671119150000,0,0,4271531350000,0,0,0,745400000,0,0,3690000,0,0,0,0,0,0,0,4260137300000,0,0,0,0,996372930000,305760000,132840000,12321210000,14425460000,163660000,0,0,86939660000,0,0,23402360000,0,0,0,0,0,0,0,0,34393900000,0,0,0,1053401780000,23576004230000,204932380000,4237715180000,7380000,124378300000,1308299420000,0,0,0,7635118350000,0,0,258616200000,140540550000,70129980000,8917986750000,2162710980000,0,0,92106450000,0,0,0,0,0,0,161776240000,5666758920000,65520000,0,138850000,0,308816620000,0,0,1.47962e+11,695154200000,0,0,768200000,33300000,0,211984430000,0,15047820000,2628896330000,0,0,1436200000,97680000,1165320000,58240000,0,1162426590000,0,0,3982687550000,0,17250000,0,92200000,0,111653850000,0,0,0,59040000,0,0,0,0,624464940000,0,749690000,0,0,0,593881820000,0,1001466500000,70110000,0,0,0,105330000,55350000,0,0,1961674450000,932698340000,3749488740000,0,1019300000,0,6.31928e+11,258440000,0,1574726050000,0,491400000,13184900000,0,7656330000,0,0,0,16282500000,11364802870000,13239760000,5092738480000,0,0,268730000,0,0,0,0,0,0
"AUT",150090000,7380000,1505250000,0,0,0,500090000,0,0,140670000,0,0,0,0,0,0,0,0,0,0,0,53420510000,0,0,18430000,2131830000,0,0,0,0,3690000,218890000,0,0,0,0,0,0,439290000,402210000,0,17928440000,3670000,0,411040000,0,114390000,0,18450000,40590000,0,0,2018600000,146553820000,0,0,500180000,0,11070000,1565203260000,3302980000,0,0,58519590000,0,0,0,0,0,3690000,0,72930000,217305440000,42265160000,36900000,0,11070000,317340000,7380000,1246450000,296330000,3169720260000,0,9870000,0,458850000,0,0,0,0,107010000,55150000,199240000,1638170000,0,134130000,0,0,357930000,666660000,0,0,0,163800000,1481480000,0,376280000,0,22140000,0,0,0,0,211970000,0,0,121602820000,0,0,13962910000,0,11070000,0,0,0,6971830000,0,0,203950790000,0,0,166050000,17430000,77310530000,6369130000,0,0,0,35930000,0,53479800000,0,3307420000,0,0,0,0,6180000,0,0,0,331080050000,39939880000,60690000,0,1058960000,10001600000,0,0,0,5922090000,413428930000,36600000,0,25830000,0,29520000,0,0,0,29520000,0,330120000,1820900000,0,0,22482680000,1735220000,5209080000,0,29520000,11050000,0,50550000,95940000,151290000,0,0,16494830000,415860000,46441800000,1227370000,0,0,0
"BHS",0,0,0,0,0,0,0,0,0,0,0,0,0,0,0,0,0,0,0,0,0,0,0,0,0,0,0,0,0,0,0,0,0,0,0,0,0,0,0,0,0,0,0,0,0,0,0,0,0,0,0,0,0,0,0,0,0,0,0,0,0,0,0,0,0,0,0,0,0,0,0,0,0,0,0,0,0,0,0,0,0,0,0,0,0,0,0,0,0,0,0,0,0,0,0,0,0,0,0,0,0,0,0,0,0,0,0,0,0,0,0,0,0,0,0,0,0,0,0,0,0,0,0,0,0,0,0,0,0,0,0,0,0,0,0,0,0,0,0,0,0,0,0,0,0,0,0,0,0,0,0,0,0,0,0,0,0,0,0,0,0,0,0,0,0,0,0,0,0,0,0,0,0,0,0,0,0,0,0,0,0,0,0,0,0,0,0,0,0,0,0,0,0,0,0
"BHR",0,0,0,0,0,0,0,0,0,0,0,0,0,0,0,0,0,0,0,0,0,0,0,0,0,0,0,0,0,0,0,0,0,0,0,0,0,0,0,0,0,0,0,0,0,0,88560000,0,0,0,0,0,0,0,0,220360000,0,0,0,0,0,0,0,0,0,0,0,0,0,0,0,0,0,0,0,3670000,0,0,0,0,0,0,0,0,0,0,14940000,0,0,0,0,0,628690000,0,0,0,0,0,0,0,0,0,0,0,0,0,0,0,0,0,0,0,0,0,0,0,0,0,0,0,0,0,0,0,0,0,0,0,0,0,0,0,0,0,0,0,0,0,466380000,0,0,0,0,0,0,0,0,42134170000,0,0,0,0,0,0,0,0,0,0,0,0,0,0,0,0,0,0,0,0,0,0,141470000,0,0,264360000,0,0,0,0,0,0,0,0,0,0,0,125460000,0,0,0,0,0,0,0,0,0
"BRB",0,0,0,0,922500000,0,0,0,14760000,0,0,0,0,0,0,0,0,0,125460000,0,0,0,0,0,0,302580000,0,0,0,0,0,0,0,0,0,0,0,0,0,0,0,0,265680000,0,0,0,0,0,0,0,0,0,0,118080000,0,0,0,0,0,0,0,0,0,0,0,1144190000,0,0,940950000,0,0,0,0,0,0,0,0,0,0,0,0,0,0,0,4819140000,0,0,0,0,0,0,0,0,0,0,0,0,0,0,0,0,0,0,0,0,0,0,0,0,0,0,0,0,0,0,0,0,0,0,0,0,0,0,0,0,0,0,0,0,0,0,0,0,0,0,0,0,0,0,0,0,0,0,402210000,17280980000,642060000,0,0,0,0,0,0,0,0,0,0,0,808110000,0,0,0,0,0,0,0,0,0,0,0,2600450000,0,0,0,0,0,0,400710000,0,3845010000,0,0,0,0,0,0,0,0,0,0,0,0,0,0,0,0
"BGD",0,0,0,0,0,0,0,0,0,0,0,0,0,0,0,0,0,0,0,0,0,0,0,0,0,0,0,0,0,0,0,0,0,0,0,0,0,0,0,0,0,0,0,0,0,0,0,0,0,0,0,0,0,0,0,0,0,0,0,0,0,0,0,0,0,0,0,0,0,0,0,0,0,0,0,0,0,0,0,0,0,0,0,0,0,0,0,0,0,0,0,0,0,0,0,0,0,0,0,0,0,0,0,0,0,0,0,0,0,0,0,0,0,0,0,0,0,0,0,0,0,0,0,0,0,0,0,0,0,0,0,0,0,0,0,0,0,0,0,0,0,0,0,0,0,0,0,0,0,0,0,0,0,0,0,0,0,0,0,0,0,0,0,0,0,0,0,0,0,0,0,0,0,0,0,0,0,0,0,0,0,0,0,0,0,0,0,0,0,0,0,0,0,0,0
"BMU",0,0,0,0,0,0,0,0,0,0,0,0,0,0,0,0,0,0,0,0,0,0,0,0,0,0,0,0,0,0,0,0,0,0,0,0,0,0,0,0,0,0,0,0,0,0,0,0,0,0,0,0,0,0,0,0,0,0,0,0,0,0,0,0,0,0,0,0,0,0,0,0,0,0,0,0,0,0,0,0,0,0,0,0,0,0,0,0,0,0,0,0,0,0,0,0,0,0,0,0,0,0,0,0,0,0,0,0,0,0,0,0,0,0,0,0,0,0,0,0,0,0,0,0,0,0,0,0,0,0,0,0,0,0,0,0,0,0,0,0,0,0,0,0,0,0,0,0,0,0,0,0,0,0,0,0,0,0,0,0,0,0,0,0,0,0,0,0,0,0,0,0,0,0,0,0,0,0,0,0,0,0,0,0,0,0,0,0,0,0,0,0,0,0,0
"BTN",0,0,0,0,0,0,0,0,0,0,0,0,0,0,0,0,0,0,0,0,0,0,0,0,0,0,0,0,0,0,0,0,0,0,0,0,0,0,0,0,0,0,0,0,0,0,0,0,0,0,0,0,0,0,0,0,0,0,0,0,0,0,0,0,0,0,0,0,0,0,0,0,0,0,0,1750870000,0,0,0,0,0,0,0,0,0,0,0,0,0,0,0,0,0,0,0,0,0,0,0,0,0,0,0,0,0,0,0,0,0,0,0,0,0,0,0,0,0,0,0,0,0,0,0,0,0,0,0,0,0,0,0,0,0,0,0,0,0,0,0,0,0,0,0,0,0,0,0,0,0,0,0,0,0,0,0,0,0,0,0,0,0,0,0,0,0,0,0,0,0,0,0,0,0,0,0,0,0,0,0,0,0,0,0,0,0,0,0,0,0,0,0,0,0,0,0
"BOL",0,0,0,0,0,0,0,0,0,0,0,0,0,0,0,0,47710000,0,0,0,0,0,0,0,0,136530000,0,0,0,0,18450000,0,0,0,0,0,0,0,0,0,0,0,0,0,0,0,0,0,0,0,0,0,0,0,0,0,0,0,0,0,0,0,0,0,0,0,0,0,0,0,0,0,0,0,0,0,0,0,0,0,0,0,0,0,0,0,0,0,0,0,0,0,0,0,0,0,0,0,0,0,0,0,0,0,0,0,0,0,0,0,0,0,0,0,0,0,0,0,0,0,0,0,0,0,0,0,0,0,0,0,3678930000,22140000,0,0,0,0,0,0,0,0,0,0,0,0,0,0,0,0,0,0,0,0,0,0,0,0,0,0,0,0,0,0,0,0,0,0,0,0,0,0,0,0,0,0,0,0,0,0,702610000,0,3874500000,0,0,0,0,0,0,0,0,0,0,0,0,0,0
"BWA",0,0,0,0,0,0,0,0,0,0,0,0,0,0,0,0,0,0,0,0,0,0,0,0,0,0,0,0,0,0,0,0,0,0,0,0,0,0,0,0,0,0,0,0,0,0,0,0,0,0,0,0,0,0,0,0,0,0,0,0,0,0,0,0,0,0,0,0,0,0,0,0,0,0,0,0,0,0,0,0,0,0,0,0,0,0,0,0,0,0,0,0,0,0,0,0,0,0,0,0,0,0,0,0,0,0,0,0,0,0,0,0,0,0,1295490000,0,0,0,0,0,0,0,0,0,0,0,0,0,0,0,0,0,0,0,0,0,0,0,0,12030680000,0,0,0,0,0,0,0,0,0,0,0,0,0,0,0,7525190000,0,0,0,247520000,0,0,0,0,0,0,0,0,0,0,0,0,0,0,0,0,0,0,0,0,0,0,0,0,0,0,0,206640000,0,0,0,0,0,0,0
"BRA",0,0,0,2356588160000,25830000,8650130000,346740000,0,10060590000,14760000,0,452008880000,0,0,7042110000,14760000,0,0,0,25830000,0,0,0,47910000,1044270000,786270000,1673120000,0,7.1142e+10,0,6116930000,60790380000,130544780000,0,27256950000,0,857370000,12343860000,0,3690000,0,0,7380000,510250000,0,68322050000,812594520000,0,719090000,0,0,121770000,0,218660000,36900000,0,7380000,232470000,638370000,28570000,0,194370000,25830000,0,0,0,0,73800000,166030000,140200000,345780000,431730000,33110000,0,0,11726700000,7.515e+10,189391570000,0,22140000,92537630000,43080000,44280000,0,413280000,4757600000,132820000,0,653707410000,0,0,312908610000,1177110000,14760000,0,365340000,0,332100000,538893400000,0,0,180810000,0,33210000,0,2.9392e+10,0,18450000,295200000,114290000,0,286843960000,189275340000,0,47970000,0,254360000,0,0,0,107010000,44280000,50550000,40590000,117040600000,0,0,688030000,0,47970000,58789910000,2511870000,766141320000,0,3586460000,117560000,0,0,220200000,0,0,0,2505510000,0,22140000,0,0,299283960000,51480000,3690000,59040000,0,0,73800000,0,755588370000,1178390000,505780000,0,0,0,10720000,88546900000,0,81180000,6723080000,168018480000,3690000,0,84870000,64669590000,688047720000,514524260000,205803380000,62730000,0,301410000,0,922331540000,0,26774950000,0,29419940000,804038200000,53497290000,370568740000,803220000,175920000,0,0,0,0,0,0,0
"ARB",0,0,0,0,0,0,0,0,0,0,0,0,0,0,0,0,0,0,0,0,0,0,0,0,0,0,0,0,0,0,0,0,0,0,0,0,0,0,0,0,0,0,0,0,0,0,0,0,0,0,0,0,0,0,0,0,0,0,0,0,0,0,0,0,0,0,0,0,0,0,0,0,0,0,0,0,0,0,0,0,0,0,0,0,0,0,0,0,0,0,0,0,0,0,0,0,0,0,0,0,0,0,0,0,0,0,0,0,0,0,0,0,0,0,0,0,0,0,0,0,0,0,0,0,0,0,0,0,0,0,0,0,0,0,0,0,0,0,0,0,0,0,0,0,0,0,0,0,0,0,0,0,0,0,0,0,0,0,0,0,0,0,0,0,0,0,0,0,0,0,0,0,0,0,0,0,0,0,0,0,0,0,0,0,0,0,0,0,0,0,0,0,0,0,0
"BLZ",0,0,0,0,0,0,0,0,0,0,0,0,0,0,0,0,0,0,0,0,0,0,0,0,0,0,0,0,0,0,0,0,0,0,0,0,0,0,0,0,0,0,0,0,0,0,0,0,0,0,0,0,0,0,0,0,0,0,0,0,0,0,0,0,0,0,0,0,0,0,0,0,0,0,0,0,0,0,0,0,0,0,0,0,0,0,0,0,0,0,0,0,0,0,0,0,0,0,0,0,0,0,0,0,0,0,0,0,0,0,0,0,0,0,0,0,0,0,0,0,0,0,0,0,0,0,0,0,0,0,0,0,0,0,0,0,0,0,0,0,0,0,0,0,0,0,0,0,0,0,0,0,0,0,0,0,0,0,0,0,0,0,0,0,0,0,0,0,0,0,0,0,0,0,0,0,0,0,0,0,0,0,0,0,0,0,0,0,0,0,0,0,0,0,0
"SLB",0,0,0,0,0,0,0,0,0,0,0,0,0,0,0,0,0,0,0,0,0,0,0,0,0,0,0,0,0,0,0,0,0,0,0,0,0,0,0,0,0,0,0,0,0,0,0,0,0,0,0,0,0,0,0,0,0,0,0,0,0,0,0,0,0,0,0,0,0,0,0,0,0,0,0,0,0,0,0,0,0,0,0,0,0,0,0,0,0,0,0,0,0,0,0,0,0,0,0,0,0,0,0,0,0,0,0,0,0,0,0,0,0,0,0,0,0,0,0,0,0,0,0,0,0,0,0,0,0,0,0,0,0,0,0,0,0,0,0,0,0,0,0,0,0,0,0,0,0,0,0,0,0,0,0,0,0,0,0,0,0,0,0,0,0,0,0,0,0,0,0,0,0,0,0,0,0,0,0,0,0,0,0,0,0,0,0,0,0,0,0,0,0,0,0
"BRN",0,0,0,0,0,0,0,0,0,0,0,0,0,0,0,0,0,0,0,0,0,0,0,0,0,0,0,0,0,0,0,0,0,0,0,0,0,0,0,0,0,0,0,0,0,0,0,0,0,0,0,0,0,0,0,0,0,0,0,0,0,0,0,0,0,0,0,0,0,0,0,0,0,0,0,0,0,0,0,0,0,0,0,0,0,0,0,0,0,0,0,0,0,0,0,0,0,0,0,0,0,0,0,0,0,0,0,0,0,0,0,0,0,0,0,0,0,0,0,0,0,0,0,0,0,0,0,0,0,0,0,0,0,0,0,0,0,0,0,0,0,0,0,0,0,0,0,0,0,0,0,0,0,0,0,0,0,0,0,0,0,0,0,0,0,0,0,0,0,0,0,0,0,0,0,0,0,0,0,0,0,0,0,0,0,0,0,0,0,0,0,0,0,0,0
"BGR",428040000,0,21079020000,13944060000,0,0,139020000,2468800000,0,0,0,350743010000,0,0,0,0,121770000,0,0,0,0,0,0,0,0,8557110000,0,0,0,0,0,14760000,0,0,0,0,0,0,129835100000,2842320000,0,895490000,0,0,231470000,0,47566660000,0,0,125460000,0,0,647040000,31965060000,0,184364660000,1448850000,44280000,83720000,25292730000,6116230000,564250000,0,1648412250000,0,0,0,0,0,0,0,0,14112040000,17213790000,0,0,0,0,4644960000,11070000,172677510000,2435642230000,0,59040000,0,140220000,153750000,0,7380000,0,22140000,767218040000,254610000,804420000,0,14353030000,0,0,26360640000,1477380000,0,0,0,5694700000,0,0,11365350000,0,0,221400000,0,21802250000,0,280260000,0,0,36789130000,0,0,114891120000,0,0,0,0,0,14760000,0,0,23136110000,0,0,0,83546760000,29334110000,512682090000,0,0,0,7380000,0,2.131207e+12,0,3.69e+08,0,0,0,0,789660000,0,0,0,4393530000,15566260000,0,0,195570000,5430193750000,18450000,140220000,0,992760000,603960000,9960000,383760000,0,0,136530000,0,0,0,0,77517210000,201867730000,1981530000,0,0,25000570000,328950000,1463950000,0,3690000,0,0,172637920000,581437220000,7158580000,0,0,1610190000,0,36148710000,4863540000,0,0,7380000
"MMR",0,0,0,0,0,0,0,0,0,0,0,0,0,0,0,0,0,0,0,0,0,0,0,0,0,0,0,0,0,0,0,0,0,0,0,0,0,0,0,0,0,0,0,0,0,0,0,0,0,0,0,0,0,0,0,0,0,0,0,0,0,0,0,0,0,0,0,0,0,0,0,0,0,0,0,0,0,0,0,0,0,0,0,0,0,0,0,0,0,0,0,0,0,0,0,0,0,0,0,0,0,0,0,0,0,0,0,0,0,0,0,0,0,0,0,0,0,0,0,0,0,0,0,0,0,0,0,0,0,0,0,0,0,0,0,0,0,0,0,0,0,0,0,0,0,0,0,0,0,0,0,0,0,0,0,0,0,0,0,0,0,0,0,0,0,0,0,0,0,0,0,0,0,0,0,0,0,0,0,0,0,0,0,0,0,0,0,0,0,0,0,0,0,0,0
"BDI",0,0,0,0,0,0,0,0,0,0,0,0,0,0,0,0,0,0,0,0,0,0,0,0,0,0,0,0,0,0,0,0,0,0,0,0,0,0,0,0,0,0,0,0,0,0,0,0,0,0,0,0,0,0,0,0,0,0,0,0,0,0,0,0,0,0,0,0,0,0,0,0,0,0,0,0,0,0,0,0,0,0,0,0,0,0,0,0,0,0,0,0,0,0,0,0,0,0,0,0,0,0,0,0,0,0,0,0,0,0,0,0,0,0,0,0,0,0,0,0,0,0,0,0,0,0,0,0,0,0,0,0,0,0,0,0,0,0,0,0,0,0,0,0,0,0,0,0,0,0,0,0,0,0,0,0,0,0,0,0,0,0,0,0,0,0,0,0,0,0,0,0,0,0,0,0,0,0,0,0,0,0,0,0,0,0,0,0,0,0,0,0,0,0,0
"CMR",0,0,0,0,0,0,0,0,0,0,0,0,0,0,0,0,0,0,0,0,0,0,0,0,0,14680000,0,5369190000,0,7348500000,0,0,0,0,1601240000,0,0,0,0,0,0,0,0,0,0,0,0,0,271490000,0,0,0,0,216950000,0,0,0,3938140000,0,2490000,0,18200000,0,0,0,0,0,0,0,0,0,0,0,0,0,0,0,0,0,0,0,0,0,0,0,0,0,0,0,0,0,0,0,0,0,0,0,0,0,0,0,0,0,0,0,0,0,0,0,0,0,0,0,0,0,0,128450000,0,0,0,0,0,0,0,0,0,0,0,0,0,0,0,0,0,0,0,0,0,0,0,0,0,0,0,0,0,0,0,0,0,0,0,0,0,0,0,0,0,0,3670000,0,11010000,0,0,0,0,0,0,0,0,0,2806440000,0,0,0,0,300940000,0,198400000,0,0,0,0,0,0,0,0,0,1029130000,0,0,0,0,0,0
"CAN",0,0,0,2219753980000,44090000,3.674e+10,13116500000,429430000,22959840000,146330220000,239600000,6822856460000,0,0,0,0,1366610900000,0,51660000,0,0,0,0,0,392296360000,0,0,0,5810160460000,0,1061642090000,1528055660000,3762249900000,0,3690000,0,288737320000,1410520540000,0,0,0,325620000,68810000,90965660000,0,2661701400000,1424013050000,62730000,0,0,0,0,487640000,2976800000,0,0,0,0,0,150250970000,0,2209939840000,0,5416320000,0,84620000,25747520000,0,319080590000,325070000,217710000,13924480000,25830000,0,3698960000,177120000,5297153480000,0,2764681660000,276750000,3075730000,6834595900000,102941060000,126920000,679193860000,8111795620000,485520000,0,1.61322e+11,11070000,0,7538198020000,1892970000,29520000,0,1588570000,0,22140000,85563040000,0,26720000,7380000,0,670376540000,92250000,0,0,0,0,5656920340000,90180000,3050980080000,50103340000,0,55447340000,22140000,224876770000,0,3690000,0,0,7783520000,33210000,0,1132519280000,1249820000,74929560000,222690000,7360000,0,22140000,4183824090000,1604254420000,143620000,141729560000,0,0,0,494460000,0,0,0,900360000,1063490000,625150000,1529450000,0,3942271710000,184568400000,0,0,0,0,4585140000,0,1263096630000,157267940000,33210000,0,22140000,1974150000,457978690000,0,0,109990580000,231615640000,1587506770000,155316680000,5.678e+10,2202400000,71402430000,591590820000,160706250000,1433106610000,7508290000,0,2189467100000,0,17684652160000,30710000,0,0,5653841720000,47543660000,0,36900000,0,0,1558027860000,0,0,0,0,0,0
"CPV",0,0,0,0,0,0,0,0,0,0,0,0,0,0,0,0,0,0,0,0,0,0,0,0,0,0,0,0,0,0,0,0,0,0,0,0,0,0,0,0,0,0,0,0,0,0,0,0,0,0,0,0,0,22140000,0,0,0,0,0,51660000,0,0,0,0,0,0,0,0,0,0,0,0,0,0,0,0,0,0,0,0,0,0,0,0,0,0,0,0,0,0,0,0,0,0,0,0,0,0,0,0,0,0,0,0,0,0,0,0,0,0,0,0,0,0,0,0,3690000,0,0,0,0,0,0,0,0,0,0,0,0,0,0,0,0,0,184500000,0,0,0,0,0,0,0,0,0,0,0,0,0,0,0,0,0,0,0,0,0,0,0,0,0,0,0,0,0,0,0,0,0,0,0,0,0,0,0,0,0,0,0,166050000,0,0,0,0,0,0,0,0,0,0,0,0,0,0,0,0
"CAF",0,0,0,0,0,0,0,0,0,0,0,0,0,0,0,0,0,0,0,0,0,0,0,0,0,0,0,0,0,0,0,0,0,0,0,0,0,0,0,0,0,0,0,0,0,0,0,0,0,0,0,0,0,0,0,0,0,0,0,0,0,0,0,0,0,0,0,0,0,0,0,0,0,0,0,0,0,0,0,0,0,0,0,0,0,0,0,0,0,0,0,0,0,0,0,0,0,0,0,0,0,0,0,0,0,0,0,0,0,0,0,0,0,0,0,0,0,0,0,0,0,0,0,0,0,0,0,0,0,0,0,0,0,0,0,0,0,0,0,0,0,0,0,0,0,0,0,0,0,0,0,0,0,0,0,0,0,0,0,0,0,0,0,0,0,0,0,0,0,0,0,0,0,0,0,0,0,0,0,0,0,0,0,0,0,0,0,0,0,0,0,0,0,0,0
"LKA",0,0,0,11070000,0,0,1156640000,3690000,0,25810000,0,29520000,0,0,0,33160000,0,0,88560000,0,0,287820000,0,0,0,1043320000,0,0,0,0,0,1434310000,0,0,70110000,0,0,0,14690000,0,0,18330000,0,0,0,0,0,0,0,0,0,118080000,0,228340000,0,0,0,132840000,1271850000,176970000,0,17748990000,0,0,0,0,0,92250000,110700000,3690000,0,44768760000,132840000,0,0,2017400000,1590885280000,0,0,0,0,529620000,0,0,0,29420000,294640000,0,70060000,1408680000,7480200000,13944870000,298850000,0,0,202670000,0,870840000,188190000,0,0,0,0,12555210000,57118050000,73800000,92250000,148890000,3690000,0,0,0,0,0,0,0,25740000,0,0,0,0,324610000,0,0,0,58740000,3690000,0,3690000,84870000,0,0,36900000,0,0,55350000,3690000,0,686340000,0,0,0,0,7380000,44280000,0,0,92210000,162360000,81180000,1771200000,0,0,237532280000,0,132840000,0,0,0,51660000,0,261590000,0,0,0,0,170548560000,0,0,0,151290000,22140000,0,4681420000,0,0,2769040000,0,1726630000,0,0,0,0,3749200000,118080000,0,0,0,22140000,0,0,0,0,0,0
"TCD",0,0,0,0,0,0,0,0,0,0,0,0,0,0,0,0,0,0,0,0,0,0,0,0,0,0,0,0,0,0,0,0,0,0,0,0,0,0,0,0,0,0,0,0,0,0,0,0,0,0,0,0,0,0,0,0,0,0,0,0,0,0,0,0,0,0,0,0,0,0,0,0,0,0,0,0,0,0,0,0,0,0,0,0,0,0,0,0,0,0,0,0,0,0,0,0,0,0,0,0,0,0,0,0,0,0,0,0,0,0,0,0,0,0,0,0,0,0,0,0,0,0,0,0,0,0,0,0,0,0,0,0,0,0,0,0,0,0,0,0,0,0,0,0,0,0,0,0,0,0,0,0,0,0,0,0,0,0,0,0,0,0,0,0,0,0,0,0,0,0,0,0,0,0,0,0,0,0,0,0,0,0,0,0,0,0,0,0,0,0,0,0,0,0,0
"CHL",0,0,0,0,0,3719520000,7380000,0,0,0,3690000,0,0,0,10389610000,0,12081770000,0,0,0,0,0,0,0,0,31460000,0,0,0,0,0,0,6376330000,0,47970000,0,1786190000,933310000,0,0,0,3340000,0,4258260000,0,5716710000,0,738190000,0,0,0,0,0,0,1486830000,0,7380000,0,0,0,0,0,0,0,0,0,2688160000,0,0,6515390000,1326960000,0,0,0,0,62730000,0,0,0,0,0,0,0,0,0,0,0,0,0,0,0,436730000,0,113770000,0,0,0,0,0,0,0,0,0,0,0,0,0,0,0,2131740000,0,0,3690000,0,0,0,69750000,0,0,0,0,36820000,264980000,0,0,0,0,1407380000,0,0,11110650000,78341610000,0,0,0,0,0,0,0,0,0,0,0,0,0,0,0,0,0,0,0,0,0,0,0,176160000,0,3670000,0,0,35150000,0,0,0,0,47970000,0,0,0,0,0,0,0,0,0,0,0,0,5172470000,0,535050000,0,7354960000,0,0,0,0,0,0,0,0,0,0,0,0
"CHN",7380000,147600000,51660000,129150000,0,2490000,96811170000,0,0,114390000,0,51660000,0,0,81180000,0,4565860000,0,0,0,398520000,59040000,14178320000,0,988920000,9856630000,91750000,0,73090000,0,150050000,0,210330000,7380000,346860000,0,427490000,4542390000,150660000,36900000,1723230000,99630000,0,117960000,59040000,40590000,900200000,0,36400000,25830000,0,334210000,0,2716390000,0,17879680000,0,287820000,0,1757670000,0,76390380000,0,3670000,0,0,309960000,273060000,0,143910000,0,1094383180000,0,11070000,0,968250000,3946590000,3442640000,236160000,272120000,1890550000,4112070000,184500000,1332090000,0,141688910000,537740000,298890000,18568390000,608850000,959729320000,33769480000,816330000,88480000,0,584400000,0,2737980000,468030000,210330000,63058940000,800680000,0,33468910000,1269360000,103320000,55050000,0,2140080000,1053020000,22844240000,0,40070000,0,0,0,3241680000,0,0,0,284130000,7785300000,0,0,3763800000,40370000,869090000,1147840000,73400000,2065580000,616230000,133240000,41809680000,462210000,1685370000,0,0,0,44280000,3.2519e+10,0,3670000,7289550000,0,0,0,0,3856050000,0,81180000,3217680000,0,0,18814890000,0,2999970000,2766050000,92250000,232470000,0,228780000,0,899450000,0,254610000,36900000,201532610000,1464930000,0,81180000,70110000,110100000,59760000,1588320000,7280000,0,9019880000,77270000,56968130000,36900000,33210000,11070000,44280000,39053080000,82014020000,1059030000,143790000,131210000,2466180000,0,0,0,0,0,199260000
"COL",0,0,0,0,380070000,0,724530000,0,0,0,372690000,0,0,0,896670000,0,1036890000,0,29520000,0,0,0,0,0,0,467430000,0,0,0,0,749070000,0,0,0,1774890000,0,652680000,4686300000,0,0,154980000,0,391140000,2151270000,0,31527280000,0,420660000,616230000,0,0,0,0,3151260000,0,0,0,771210000,0,3690000,0,1040580000,0,0,0,217710000,1055340000,0,2793330000,2800970000,523980000,0,0,0,0,0,0,0,0,0,0,276750000,0,0,4221360000,0,0,0,0,0,0,0,0,0,0,523980000,0,0,0,0,0,0,0,0,0,0,25830000,154980000,0,785970000,0,0,40590000,0,0,0,206640000,0,0,0,0,99630000,0,0,1062720000,0,0,4339160000,0,0,0,4847240000,33210000,0,0,0,0,0,0,0,0,0,3690000,372690000,1346850000,346860000,0,0,0,0,0,0,0,0,0,0,5055900000,3387420000,0,0,3690000,3690000,0,0,0,0,66420000,0,0,1180800000,18450000,0,0,0,0,0,1082550000,0,47468250000,0,0,0,32292660000,0,0,0,0,0,0,0,0,0,0,0,0
"COM",0,0,0,0,0,0,0,0,0,0,0,0,0,0,0,0,0,0,0,0,0,0,0,0,0,0,0,0,0,0,0,0,0,0,0,0,0,0,0,0,0,0,0,0,0,0,0,0,0,0,0,0,0,0,0,0,0,0,0,0,0,0,0,0,0,0,0,0,0,0,0,0,0,0,0,0,0,0,0,0,0,0,0,0,0,0,0,0,0,0,0,0,0,0,0,0,0,0,0,0,0,0,0,0,0,0,0,0,0,0,0,0,0,0,0,0,0,0,0,0,0,0,0,0,0,0,0,0,0,0,0,0,0,0,0,0,0,0,0,0,0,0,0,0,0,0,0,0,0,0,0,0,0,0,0,0,0,0,0,0,0,0,0,0,0,0,0,0,0,0,0,0,0,0,0,0,0,0,0,0,0,0,0,0,0,0,0,0,0,0,0,0,0,0,0
"COG",0,0,0,0,0,0,0,0,0,0,0,0,0,0,0,0,0,0,0,0,0,0,0,0,0,0,0,0,0,0,0,0,0,0,0,0,0,0,0,0,0,0,0,0,0,0,22140000,0,0,0,0,0,0,0,0,0,0,0,0,0,0,0,0,0,0,0,0,0,0,0,0,0,0,0,0,0,0,0,0,0,0,0,0,0,0,0,0,0,0,0,0,0,0,0,0,0,0,0,0,0,0,0,0,0,0,0,0,0,0,0,0,674680000,0,0,0,0,0,0,0,0,0,0,0,0,0,0,0,0,0,0,0,0,0,0,0,0,0,0,0,0,0,0,0,0,0,0,0,0,0,0,0,0,0,0,0,0,0,0,0,0,0,0,0,0,0,0,0,0,0,0,0,0,0,0,0,0,0,0,0,0,0,0,0,0,0,0,0,0,0,0,0,0,0,0,0
"COK",0,0,0,0,0,0,0,0,0,0,0,0,0,0,0,0,0,0,0,0,0,0,0,0,0,0,0,0,0,0,0,0,0,0,0,0,0,0,0,0,0,0,0,0,0,0,0,0,0,0,0,0,0,0,0,0,0,0,0,0,0,0,0,0,0,0,0,0,0,0,0,0,0,0,0,0,0,0,0,0,0,0,0,0,0,0,0,0,0,0,0,0,0,0,0,0,0,0,0,0,0,0,0,0,0,0,0,0,0,0,0,0,0,0,0,0,0,0,0,0,0,0,0,0,0,0,0,0,0,0,0,0,0,0,0,0,0,0,0,0,0,0,0,0,0,0,0,0,0,0,0,0,0,0,0,0,0,0,0,0,0,0,0,0,0,0,0,0,0,0,0,0,0,0,0,0,0,0,0,0,0,0,0,0,0,0,0,0,0,0,0,0,0,0,0
"CRI",0,0,0,0,0,210330000,306270000,0,0,0,2730520000,0,0,0,0,0,0,0,425880000,0,0,0,0,0,0,0,0,0,0,0,3689010000,3690000,995960000,0,0,0,0,2737980000,0,0,0,0,0,8615380000,0,22020000,0,33822680000,0,0,0,0,0,66420000,0,0,0,0,0,0,0,0,0,0,0,0,84008310000,0,929520000,73800000,33119800000,0,0,0,0,0,0,0,0,0,0,0,0,0,6284110000,0,0,0,0,0,0,0,0,0,0,0,0,0,0,0,0,0,0,0,0,0,0,0,0,51380000,0,0,0,0,0,0,0,0,0,0,0,0,206936640000,0,0,0,0,51349220000,0,0,0,3690000,433060000,0,0,0,0,0,0,0,0,0,0,0,0,0,0,0,0,0,0,0,0,0,0,0,0,139800000,0,0,0,0,0,0,0,0,0,0,0,6007600000,0,0,22140000,0,0,0,3690000,0,21492780000,0,0,0,0,0,0,0,0,0,0,0,0,0,0,0,0
"CUB",0,0,0,0,0,0,0,0,0,0,0,0,0,0,0,0,0,0,0,0,0,0,0,0,0,0,0,0,0,0,0,0,0,0,0,0,0,0,0,0,0,0,0,0,0,0,0,0,0,0,0,0,0,0,0,0,0,0,0,0,0,0,0,0,0,0,0,0,0,0,0,0,0,0,0,0,0,0,0,0,0,0,0,0,0,0,0,0,0,0,0,0,0,0,0,0,0,0,0,0,0,0,0,0,0,0,0,0,0,0,0,0,0,0,0,0,0,0,0,0,0,0,0,0,0,0,0,0,0,0,0,0,0,0,0,0,0,0,0,0,0,0,0,0,0,0,0,0,0,0,0,0,0,0,0,0,0,0,0,0,0,0,0,0,0,0,0,0,0,0,0,0,0,0,0,0,0,0,0,0,0,0,0,0,0,0,0,0,0,0,0,0,0,0,0
"CYP",0,0,0,0,80080000,0,126090000,0,0,332490000,0,473200000,0,0,0,0,0,0,0,0,80080000,0,0,0,0,36900000,0,0,0,0,0,0,0,0,0,0,0,0,0,0,0,0,0,0,0,0,0,0,0,0,0,0,0,7470000,0,0,0,0,0,259920000,0,0,0,1075390000,0,0,0,0,0,0,0,0,0,0,0,192920000,0,0,0,0,0,0,0,0,0,14680000,894290000,0,0,0,0,0,5062090000,0,0,4842920000,0,0,0,0,0,0,0,0,0,0,0,0,0,0,0,0,0,0,0,0,0,0,0,0,0,0,0,0,0,0,393120000,0,0,0,0,0,0,0,0,0,0,0,66420000,0,0,0,0,0,0,0,0,2815730000,0,0,0,0,0,0,0,0,0,0,0,0,47970000,0,0,0,67710000,0,0,0,0,0,291400000,0,0,30931780000,0,0,3353350000,0,28240000,0,0,0,0,0,0,0,0,0,0,0,1412320000,0,0,0,0
"AZE",0,0,0,0,0,0,0,0,0,0,0,0,0,0,0,0,0,0,0,0,0,0,0,0,0,0,0,0,0,0,0,0,0,0,0,0,0,0,0,0,0,0,0,0,0,0,0,0,0,0,0,0,0,0,0,0,30391060000,0,0,0,0,0,0,0,0,0,0,0,0,0,0,0,0,0,0,0,0,0,0,0,249770000,0,0,291030000,0,0,0,0,0,0,0,0,0,0,0,0,0,0,0,0,0,0,0,0,0,0,0,0,0,0,0,0,0,0,0,0,0,0,0,0,0,0,0,0,0,0,0,0,0,0,0,0,0,0,0,0,0,0,0,0,0,0,921860000,0,0,0,0,0,0,0,0,0,0,0,0,0,0,0,597100000,0,0,0,0,1573410000,0,0,0,0,0,0,0,0,0,0,0,0,0,0,0,0,0,0,0,0,0,0,0,0,0,0,0,0,0,0,0
"BEN",0,0,0,0,0,0,0,0,0,0,0,0,0,0,0,0,0,0,0,0,0,0,0,0,0,0,0,0,0,0,0,0,0,0,0,0,0,0,0,0,0,0,0,0,0,0,0,0,0,0,0,0,0,0,0,0,0,0,0,0,0,0,0,0,0,0,0,0,0,0,0,0,0,0,0,0,0,0,0,0,0,0,0,0,0,0,0,0,0,0,0,0,0,0,0,0,0,0,0,0,0,0,0,0,0,0,0,0,0,0,0,0,0,0,0,0,0,0,0,0,0,0,0,2620800000,0,0,0,0,0,0,0,0,0,0,0,0,0,0,0,0,0,0,0,0,0,0,0,0,0,0,0,0,0,0,0,0,0,0,0,0,0,0,0,0,0,0,0,0,0,0,0,0,0,0,0,0,0,0,0,1019200000,0,0,0,0,0,0,0,0,0,0,0,0,0,0,0
"DNK",70110000,59040000,0,0,0,99630000,3277290000,436770000,22140000,77490000,22140000,11070000,0,0,0,0,1273050000,0,0,0,59040000,141510000,3690000,0,7380000,6939870000,0,0,44280000,0,2682630000,9807270000,442800000,0,0,0,361620000,0,234960000,253500000,7380000,0,0,638370000,47970000,158670000,7380000,73800000,0,227215780000,17340240000,0,33305030000,733300890000,51660000,0,36900000,0,10970000,2424274170000,3690000,505530000,0,1223160000,0,0,265680000,7380000,121770000,36900000,136530000,39748970000,724030000,236160000,92564620000,505530000,0,25830000,0,240162710000,553500000,176874440000,7380000,95940000,62730000,9871800000,81180000,0,9870000,0,0,350510580000,70110000,18813820000,0,87360000,0,14760000,44280000,49841520000,0,0,0,1745370000,0,3690000,1258860000,7380000,62730000,2852370000,3690000,22140000,0,0,11070000,59040000,1544394830000,0,114390000,0,0,206640000,7380000,0,579330000,238518840000,18450000,405900000,291510000,0,184500000,464940000,240340110000,312436890000,159836560000,0,0,0,125460000,40590000,428130000,3690000,7865520000,0,0,141960000,0,660510000,14760000,33210000,14760000,297690000,86810000,1667970000,0,1126320000,795094300000,51660000,3690000,0,699808050000,4911660000,0,59040000,704790000,76490000,180407770000,7380000,0,346860000,151290000,0,47970000,1464930000,0,0,127095920000,306650000,44023140000,0,313650000,0,0,1092240000,0,0,0,0,160643220000,109610000,11070000,0,0,0,0
"DMA",0,0,0,0,0,0,0,0,0,0,0,0,0,0,0,0,0,0,0,0,0,0,0,0,0,0,0,0,0,0,0,0,0,0,0,0,0,0,0,0,0,0,0,0,0,0,0,0,0,0,0,0,0,0,0,0,0,0,0,0,0,0,0,0,0,0,0,0,0,0,0,0,0,0,0,0,0,0,0,0,0,0,0,0,0,0,0,0,0,0,0,0,0,0,0,0,0,0,0,0,0,0,0,0,0,0,0,0,0,0,0,0,0,0,0,0,0,0,0,0,0,0,0,0,0,0,0,0,0,0,0,0,0,0,0,0,0,0,0,0,0,0,0,0,0,0,0,0,0,0,0,0,0,0,0,0,0,0,0,0,0,0,0,0,0,0,0,0,0,0,0,0,0,0,0,0,0,0,0,0,0,0,0,0,0,0,0,0,0,0,0,0,0,0,0
"DOM",0,0,0,0,0,0,0,0,0,0,0,0,0,0,0,0,0,0,0,0,0,0,0,0,0,0,0,0,0,0,0,0,0,0,0,0,0,0,0,0,0,0,0,0,0,0,0,0,0,0,0,0,0,0,0,0,0,0,0,0,0,0,0,0,0,0,0,0,0,0,0,0,0,0,0,0,0,0,0,0,0,0,0,0,0,0,0,0,0,0,0,0,0,0,0,0,0,0,0,0,0,0,0,0,0,0,0,0,0,0,0,0,0,0,0,0,0,0,0,0,0,0,0,0,0,0,0,0,0,0,0,0,0,0,0,0,0,0,0,0,0,0,0,0,0,0,0,0,0,0,0,0,0,0,0,0,0,0,0,0,0,0,0,0,0,0,0,0,0,0,0,0,0,0,0,0,0,0,0,0,0,0,0,0,0,0,0,0,0,0,0,0,0,0,0
"BLR",293990000,917280000,0,0,0,0,3640000,0,0,0,0,0,0,0,0,0,0,0,0,0,0,0,0,0,0,18450000,0,0,0,0,0,0,0,0,0,0,0,0,0,4666960000,0,0,0,0,0,0,0,0,0,0,0,0,0,0,0,0,225090000,0,0,744270000,0,0,0,3690000,0,0,0,254800000,0,0,0,0,0,0,0,0,0,0,0,0,2344640000,3690000,0,471680000,0,0,3690000,40190000,0,0,0,0,0,116970000,0,0,0,0,0,35814300000,0,0,0,0,0,0,0,0,0,0,11070000,0,0,2.8343e+10,0,0,0,0,0,0,0,0,0,0,0,0,0,0,0,0,0,0,0,0,0,0,0,0,0,0,0,0,124395320000,0,0,0,0,0,0,0,0,0,0,0,0,0,0,0,2399120000,0,0,0,0,258840000,0,0,0,0,0,0,0,0,0,0,0,0,0,6771740000,994440000,0,0,229320000,0,0,0,0,0,0,0,0,0,0,0,0,0
"ECU",0,0,0,0,0,453870000,0,0,0,0,0,0,0,0,7380000,0,1771200000,0,0,0,0,0,0,0,0,0,0,0,0,0,173430000,0,1184170000,0,0,0,671610000,0,0,0,0,0,0,0,0,0,0,0,0,0,0,0,0,11070000,0,0,0,0,0,0,0,0,0,0,0,0,0,0,0,0,0,0,0,0,0,0,0,0,0,0,0,88560000,0,0,0,0,0,0,0,0,0,0,0,0,0,0,0,0,0,0,0,0,0,0,0,0,0,0,0,0,0,0,0,0,0,0,0,0,0,0,0,0,221400000,0,0,0,0,11070000,0,0,0,4798260000,0,0,0,0,0,0,0,0,0,0,0,0,0,0,0,0,0,0,0,0,0,0,0,0,1128120000,0,0,0,0,0,0,0,0,0,0,0,0,0,0,0,0,0,0,0,0,0,4355470000,0,0,0,1710960000,0,0,0,0,0,14760000,0,0,0,0,0,0
"EGY",0,0,14760000,81180000,0,0,36800000,11010000,0,114190000,0,0,0,0,0,0,0,0,0,0,0,0,0,5664260000,972550000,77070000,590870000,0,0,767030000,0,7380000,0,0,251160000,0,0,0,0,0,587200000,0,0,0,0,0,0,0,0,0,0,0,0,14760000,0,9111880000,0,260890000,3843230000,36900000,0,0,0,18290000,0,0,0,25625650000,0,418600000,0,0,0,0,0,0,0,0,4813720000,0,3389530000,99290000,11070000,0,0,0,14926710000,0,23827340000,0,0,55350000,3285440000,0,0,8612060000,0,9960000,21923510000,0,0,0,0,124820000,143130000,0,0,4727200000,550640000,0,0,812340000,3825450000,0,0,0,0,0,0,0,0,0,0,0,157810000,0,18450000,0,0,0,0,0,0,0,0,7380000,0,0,1332280000,4305130000,0,564480000,0,0,0,0,0,12114340000,315810000,0,655200000,0,0,62730000,292138910000,1101120000,0,0,0,0,36900000,14710000,4985740000,0,0,4975300000,206640000,943190000,0,0,995820000,49769890000,11010000,13495880000,238670000,0,128500000,8086830000,6997810000,0,0,0,0,0,55090000,2.9367e+10,1504170000,4139760000,0,0,0,0,0,0,11630970000
"SLV",0,0,0,0,0,0,0,0,0,0,0,0,0,0,0,0,0,0,1099620000,0,0,0,0,0,0,0,0,0,0,0,0,0,184500000,0,0,0,14107950000,660510000,0,0,0,0,0,5368950000,0,0,0,0,0,0,0,0,0,0,0,0,0,0,0,0,0,0,0,0,0,0,229017560000,0,0,236160000,178201110000,0,0,0,0,0,0,0,0,0,0,0,0,0,0,0,0,0,0,0,0,0,0,0,0,0,0,0,0,0,0,0,0,0,0,0,0,0,0,6.642e+09,0,0,0,0,0,0,0,0,0,0,0,0,40178550000,0,0,0,0,2003670000,0,0,0,0,0,0,0,0,0,0,0,0,0,0,0,0,0,0,0,0,0,0,0,0,0,0,0,0,0,0,0,0,0,0,0,0,0,0,0,0,0,0,0,0,0,0,0,0,0,0,29281060000,0,0,0,70110000,0,0,0,0,0,0,0,0,0,0,0,0
"GNQ",0,0,0,0,0,0,0,0,0,0,0,0,0,0,0,0,0,0,0,0,0,0,0,0,0,0,0,0,0,0,0,0,0,0,0,0,0,0,0,0,0,0,0,0,0,0,0,0,0,0,0,0,0,0,0,0,0,0,0,0,0,0,0,0,0,0,0,0,0,0,0,0,0,0,0,0,0,0,0,0,0,0,0,0,0,0,0,0,0,0,0,0,0,0,0,0,0,0,0,0,0,0,0,0,0,0,0,0,0,0,0,0,0,0,0,0,0,0,0,0,0,0,0,0,0,0,0,0,0,0,0,0,0,0,0,0,0,0,0,0,0,0,0,0,0,0,0,0,0,0,0,0,0,0,0,0,0,0,0,0,0,0,0,0,0,0,0,0,0,0,0,0,0,0,0,0,0,0,0,0,0,0,0,0,0,0,0,0,0,0,0,0,0,0,0
"EST",0,0,0,0,0,0,0,0,0,0,0,0,0,0,0,0,0,0,0,0,0,321030000,0,0,0,0,0,0,0,0,0,0,0,0,0,0,0,0,11070000,0,0,23494890000,0,0,2730580000,0,80080000,0,0,0,0,0,121653830000,29402920000,0,0,29520000,167440000,334880000,223028430000,0,0,0,14620000,0,0,0,0,0,0,0,0,77490000,29520000,0,0,0,0,0,375580000,753480000,2.639e+09,0,808050000,0,0,0,0,91836640000,0,0,0,9960000,125612210000,0,0,0,0,0,28961100000,0,0,0,0,0,0,27860560000,0,0,0,0,0,0,18450000,0,0,72402980000,0,0,0,0,0,0,0,0,1184910000,0,0,451560000,0,0,0,0,1605280000,3690000,0,0,0,0,0,239850000,0,5829220000,0,0,0,0,0,0,0,0,0,51660000,0,0,0,52234610000,0,0,0,56911530000,0,0,0,0,0,0,0,0,0,0,0,0,0,0,0,1438100000,2494400000,0,0,0,0,0,418600000,0,0,0,0,22140000,0,25830000,0,0,0,0
"FRO",0,0,0,0,0,0,0,0,0,0,0,0,0,0,0,0,0,0,0,0,0,0,0,0,0,0,0,0,0,0,0,0,0,0,0,0,0,0,0,0,0,0,0,0,0,0,0,0,0,0,0,0,0,0,0,0,0,0,0,0,0,0,0,0,0,0,0,0,0,0,0,0,0,0,0,0,0,0,0,0,0,0,0,0,0,0,0,0,0,0,0,0,0,0,0,0,0,0,0,0,0,0,0,0,0,0,0,0,0,0,0,0,0,0,0,0,0,0,0,0,0,0,0,0,0,0,0,0,0,0,0,0,0,0,0,0,0,0,0,0,0,0,0,0,0,0,0,0,0,0,0,0,0,0,0,0,0,0,0,0,0,0,0,0,0,0,0,0,0,0,0,0,0,0,0,0,0,0,0,0,0,0,0,0,0,0,0,0,0,0,0,0,0,0,0
"FJI",0,0,0,0,0,0,4.2323e+10,0,0,0,0,0,0,0,0,0,0,0,0,4992910000,0,0,0,0,0,151390000,0,0,0,0,0,3690000,0,0,0,948570000,0,0,0,0,0,0,0,0,0,0,0,0,0,0,0,0,0,0,10659570000,0,0,0,0,0,0,0,12223940000,0,0,0,0,0,0,0,0,0,0,0,0,0,0,0,0,0,0,0,0,0,0,0,0,0,0,0,0,3670000,0,0,0,0,0,0,0,0,0,0,0,0,0,0,0,0,0,0,0,0,0,0,114390000,0,0,0,2649780000,0,39768890000,20340490000,0,0,0,0,0,0,0,26531840000,0,0,0,0,0,0,0,0,0,0,0,0,0,0,0,0,0,0,0,0,0,0,0,0,0,0,0,0,0,0,0,0,0,0,0,0,0,0,36097530000,0,0,0,0,0,0,3148700000,0,0,2358610000,0,0,0,0,0,0,0,0,0,0,0,0,0,0,0,0
"FIN",0,0,0,0,0,0,221610000,702180000,0,0,0,0,0,0,0,0,2490000,0,0,0,0,62250000,0,0,0,878700000,0,0,0,0,0,125460000,0,0,0,0,0,0,0,108800000,0,121448770000,0,0,270700000,0,29880000,0,0,89271800000,0,0,0,59760000,0,0,43770000,0,0,310401850000,0,0,0,194220000,0,0,0,0,0,0,0,0,59760000,64740000,386490000,17430000,0,0,0,11233370000,135660000,73547390000,0,114350000,0,4980000,0,0,0,0,0,0,2490000,15314740000,0,4980000,0,0,0,2588580000,0,0,0,0,0,0,0,0,0,0,0,2.004e+10,0,3640000,0,0,16352180000,0,0,0,0,0,0,0,0,39002140000,0,0,1636600000,0,0,0,0,8362190000,144420000,0,0,0,0,0,82170000,0,28014040000,0,0,0,0,111771340000,0,0,0,0,2287260000,7380000,0,390930000,296977510000,0,0,0,81444230000,412180000,0,0,0,0,0,0,0,0,0,0,0,32370000,0,0,85044260000,1863200000,1307450000,0,0,0,0,0,0,0,0,0,245770000,70450000,0,0,0,0,0
"FRA",10099890000,1903890000,477332760000,33237444430000,197640000,104700000,10582780000,69668530000,0,4741740000,80070000,0,0,0,0,0,5653950000,0,0,0,0,5220110000,0,0,2092773910000,14543490000,107136290000,182980750000,0,272524530000,123250000,14757650000,2607190000,40760350000,624275280000,0,383370000,2890747190000,509988710000,54600000,346371270000,151508170000,345800000,777970000,33400000,389480000,10253464730000,0,80252960000,4365160000,0,29520000,57859940000,0,109740940000,5506880000,173200000,643198500000,36839400000,5682106610000,10324840000,521531670000,0,1459302470000,0,0,4980000,369540670000,0,23650260000,0,3827550000,11250790000,9520900000,4275920000,47600000,25830000,83720000,209370000,407485950000,265436100000,14239019630000,3240059150000,158670000,0,63746940000,1681330000,0,0,235900000,72800000,7110190000,2643370000,1251330000,40430000,103806420000,0,3854960000,1670804190000,7721600000,0,175395220000,0,3519630000,68910000,642610170000,100314030000,1584790370000,692382560000,94702150000,51660000,14634033500000,0,247090000,0,0,10048330130000,0,29667290000,287010000,788850000,389180000,0,133291910000,921955490000,74592590000,29120000,33210000,66040410000,0,0,3690000,387120000,109080700000,4280903260000,2012970000,0,0,10115430000,0,37439540000,0,19127970000,0,4980000,0,341020000,238602060000,2524529150000,732080000,161140000,3239700000,2474500000,3133430000,291200000,2691920000,6407645940000,17622140000,12320000,0,131577690000,715421960000,227052200000,0,4552540000,0,223248920000,293877560000,174720000,7280000,6734850000,1731908370000,181064130000,43908830000,618900000,0,1703606620000,1344210000,46762840000,3.32454e+11,249360000,0,83920000,3042790000,38190000,3070957690000,1148002700000,0,11821386210000,4.60194e+11,49361050000,2.6386e+10,0,0,16436140000
"PYF",0,0,0,0,0,0,0,0,0,0,0,0,0,0,0,0,0,0,0,0,0,0,0,0,0,0,0,0,0,0,0,0,0,0,0,0,0,0,0,0,0,0,0,0,0,0,0,0,0,0,0,0,0,1.1e+07,0,0,0,0,0,0,0,0,0,0,0,0,0,0,0,0,0,0,0,0,0,0,0,0,0,0,0,0,0,0,0,0,0,0,0,0,0,0,0,0,0,0,0,0,0,0,0,0,0,0,0,0,0,0,0,0,0,0,0,0,0,0,0,0,0,0,0,33210000,0,0,0,0,0,0,0,0,0,0,0,0,0,0,0,0,0,0,0,0,0,0,0,0,0,0,0,0,0,0,0,0,0,0,0,0,0,0,0,0,0,0,0,0,0,0,0,0,0,0,0,0,0,0,0,0,0,0,0,0,0,0,0,0,0,0,0,0,0,0,0,0,0
"DJI",0,0,0,0,0,0,0,0,0,0,0,0,0,0,0,0,0,0,0,0,0,0,0,0,0,0,0,0,0,0,0,0,0,0,0,0,0,0,0,0,0,0,0,0,0,0,0,0,0,0,0,0,0,0,0,0,0,0,0,0,0,0,0,0,0,0,0,0,0,0,0,0,0,0,0,0,0,0,0,0,0,0,0,0,0,0,0,0,0,0,0,0,0,0,0,0,0,0,0,0,0,0,0,0,0,0,0,0,0,0,0,0,0,0,0,0,0,0,0,0,0,0,0,0,0,0,0,0,0,0,0,0,0,0,0,0,0,0,0,0,0,0,0,0,0,0,0,0,0,0,0,0,0,0,0,0,0,0,0,0,0,0,0,0,0,0,0,0,0,0,0,0,0,0,0,0,0,0,0,0,0,0,0,0,0,0,0,0,0,0,0,0,0,0,0
"GEO",144688280000,0,0,0,0,0,0,0,0,0,0,0,0,0,0,0,0,0,0,0,0,0,0,0,0,0,0,0,0,0,0,0,0,0,0,0,0,0,0,40590000,0,0,0,0,0,0,0,0,0,0,0,0,0,0,0,0,0,0,0,0,0,0,0,0,0,0,0,0,0,0,0,0,0,0,0,0,0,0,0,0,0,0,0,0,0,0,0,0,0,0,0,0,0,0,0,0,0,0,0,0,0,0,0,340680000,0,0,0,0,0,0,0,0,34168200000,0,0,0,0,0,0,0,0,0,0,0,0,0,0,0,0,0,0,0,0,0,0,0,0,0,0,0,0,0,0,0,0,0,0,0,0,0,0,0,0,0,0,0,0,0,0,0,0,0,0,0,0,0,0,0,0,0,0,0,7969240000,0,0,0,0,0,7380000,0,0,0,0,0,0,0,0,0,0,0,0,0,0,0,0
"GAB",0,0,0,0,0,0,0,0,0,0,0,0,0,0,0,0,0,0,0,0,0,0,0,0,0,0,0,0,0,0,0,0,0,0,0,0,0,0,0,0,0,0,0,0,0,0,0,0,0,0,0,0,0,0,0,0,0,0,0,0,0,0,0,0,0,0,0,0,0,0,0,0,0,0,0,0,0,0,0,0,0,0,0,0,0,0,0,0,0,0,0,0,0,0,0,0,0,0,0,0,0,0,0,0,0,0,0,0,0,0,0,0,0,0,0,0,0,0,0,0,0,0,0,0,0,0,0,0,0,0,0,0,0,0,0,0,0,0,0,0,0,0,0,0,0,0,0,0,0,0,0,0,0,0,0,0,0,0,0,0,0,0,0,0,0,0,0,0,0,0,0,0,0,0,0,0,0,0,0,0,0,0,0,0,0,0,0,0,0,0,0,0,0,0,0
"GMB",0,0,0,0,0,0,0,0,0,0,0,0,0,0,0,0,0,0,0,0,0,0,0,0,0,0,0,0,0,0,0,0,0,0,0,0,0,0,0,0,0,0,0,0,0,0,0,0,0,0,0,0,0,0,0,0,7380000,0,0,0,0,0,0,0,0,0,0,551040000,0,0,0,0,0,0,0,0,0,0,0,0,0,0,0,0,0,0,0,0,0,0,0,0,0,0,0,0,0,0,0,0,0,0,0,0,0,84370000,0,0,0,0,0,0,0,0,0,0,0,0,0,0,0,0,0,0,0,0,0,0,0,0,0,0,0,0,0,1219970000,0,0,0,0,0,0,0,0,0,0,0,0,3522790000,0,0,0,0,0,0,0,0,0,0,0,0,0,0,0,0,0,0,0,0,0,0,0,0,0,0,0,0,0,0,0,0,0,0,0,0,0,0,0,0,0,0,0,0,0,0
"DEU",161960000,10091730000,28200570000,87518960000,0,24590000,36802850000,1730251830000,0,1466570000,0,503060780000,0,0,12450000,0,6973100000,0,0,0,184500000,25824770000,0,0,25899680000,85801500000,0,0,3670000,25830000,6743250000,7589230000,81180000,0,28426850000,0,782010000,275760420000,12135810000,3435370000,1506960000,985304620000,0,756120000,563200000,86160000,405210180000,7380000,0,15074620000,36900000,0,120638930000,3625569530000,0,3690000,1229360000,11070000,17362620000,0,2701430000,41251940000,0,341897080000,0,0,221400000,0,0,1361480000,3690000,1876410000,190028500000,55303610000,80386060000,316160000,199260000,217486050000,453870000,199855160000,412873410000,3644581290000,2374180000,3552230000,9870000,8640900000,1298522870000,7380000,186282680000,44280000,750710000,177820820000,3290560000,18142300000,0,19409440000,0,20670410000,1922726250000,9427780000,0,2198560000,5.511e+10,1258990000,1786500000,877540000,52186470000,0,321030000,1241310000,2063980000,487242660000,576679470000,1277770000,23789710000,11070000,14094127410000,0,29520000,2364400000,44280000,4438470000,0,0,197522070000,1510454600000,3228750000,125210000,214680900000,0,72600000,297690000,294090000,1360849800000,443226910000,0,0,342840980000,4460010000,6.346e+10,104634580000,0,123528800000,0,0,0,0,3039331340000,242120000,94740000,107536520000,61052640000,63432910000,4762400000,0,2966246480000,1379978820000,3167320000,0,0,478956640000,1287328660000,45980190000,0,849050000,249792060000,9436480000,32528070000,0,276750000,384266090000,397630000,928818060000,690683630000,208445170000,0,2721954530000,15842930000,169512830000,859340000,1137900000,7380000,12360000,1661020000,114390000,455987570000,284307120000,11070000,6901745210000,111396810000,3653760000,970470000,0,0,0
"BIH",0,0,11070000,0,0,0,397980000,319880000,0,0,0,0,0,0,0,0,0,0,0,0,0,0,0,0,0,202260000,0,0,0,0,0,7380000,0,0,3690000,0,0,0,0,0,0,1066410000,0,0,0,0,0,0,0,0,0,0,0,380070000,0,0,0,0,0,571080000,0,0,0,0,0,0,0,0,0,0,0,0,73800000,44511650000,0,0,0,0,0,0,0,11070000,0,0,0,0,0,0,0,0,0,0,0,0,0,0,0,0,0,0,0,0,0,0,0,0,0,0,0,0,0,0,0,0,0,0,429320000,0,0,6851790000,0,751500000,0,0,0,0,0,0,0,0,0,0,0,0,0,0,0,0,0,0,0,0,0,0,0,0,0,0,0,0,0,4718040000,0,0,0,0,73800000,0,0,0,3324720000,6816040000,0,0,0,0,0,0,0,0,0,0,138381120000,0,0,0,1391630000,0,1710730000,0,0,0,0,0,0,0,0,0,0,0,11465340000,24531470000,0,0,0
"GHA",0,0,0,0,0,0,0,0,0,0,0,0,0,0,0,0,0,0,0,0,0,0,0,0,0,0,0,0,0,0,0,0,0,0,0,0,0,0,0,0,2514030000,0,0,0,0,0,0,0,0,0,0,0,0,0,0,0,0,0,0,0,0,0,0,0,0,0,0,0,0,0,0,0,0,0,0,0,0,0,0,0,0,0,11070000,0,0,0,0,0,0,0,0,0,0,0,0,0,0,0,0,0,0,0,0,0,0,8422650000,0,0,0,0,0,0,0,0,0,0,0,0,0,0,0,0,0,3291990000,361620000,0,0,0,0,0,0,0,0,0,0,0,0,0,0,0,0,0,0,0,0,0,0,0,1596450000,0,77070000,0,0,0,0,0,0,0,0,0,0,0,0,0,0,0,0,1458200000,0,0,0,0,0,0,0,0,0,0,29660000,2753120000,0,0,0,0,0,0,0,0,0,0,0,0,0,0,0
"KIR",0,0,0,0,0,0,0,0,0,0,0,0,0,0,0,0,0,0,0,0,0,0,0,0,0,0,0,0,0,0,0,0,0,0,0,0,0,0,0,0,0,0,0,0,0,0,0,0,0,0,0,0,0,0,0,0,0,0,0,0,0,0,0,0,0,0,0,0,0,0,0,0,0,0,0,0,0,0,0,0,0,0,0,0,0,0,0,0,0,0,0,0,0,0,0,0,0,0,0,0,0,0,0,0,0,0,0,0,0,0,0,0,0,0,0,0,0,0,0,0,0,0,0,0,0,0,0,0,0,0,0,0,0,0,0,0,0,0,0,0,0,0,0,0,0,0,0,0,0,0,0,0,0,0,0,0,0,0,0,0,0,0,0,0,0,0,0,0,0,0,0,0,0,0,0,0,0,0,0,0,0,0,0,0,0,0,0,0,0,0,0,0,0,0,0
"GRC",3690000,0,59277910000,111599420000,0,14760000,3751700000,2388180000,0,590890000,0,3690000,0,0,0,0,14760000,0,0,0,0,127374350000,0,0,143130000,3006580000,0,0,0,0,0,4606250000,0,0,7380000,0,11070000,0,75652930000,0,0,5526790000,0,0,150470000,0,12052940000,0,0,2374090000,0,0,842590000,11497470000,0,0,33210000,0,0,73613580000,0,44280000,0,0,0,0,0,0,0,0,0,7401490000,678630000,294220000,0,214020000,0,0,0,40590000,1676160000,2173868480000,0,0,0,23500460000,59040000,0,0,0,0,84410000,284130000,928810000,0,687480000,0,0,605480000,198180000,0,0,0,62730000,0,0,188820000,0,0,177120000,0,7380000,0,55350000,0,0,5678620000,0,0,15014900000,0,3690000,0,0,300391300000,2855400000,103320000,99720000,4780600000,0,17250000,0,18450000,17251770000,3767150000,0,0,0,110700000,318150000,27585800000,0,4042530000,0,0,0,0,1543590000,0,3690000,0,93720000,1667860000,107010000,0,1484590000,1579840000,0,0,0,2694840000,634430000,0,0,78900000,0,158670000,0,0,0,152980000,232620980000,148956820000,975840000,0,0,17679550000,1434340000,13064480000,0,151290000,0,0,0,158090000,0,0,0,28060680000,36900000,1713420000,107390000,0,0,0
"GRL",0,0,0,0,0,0,0,0,0,0,0,0,0,0,0,0,0,0,0,0,0,0,0,0,0,0,0,0,0,0,0,0,0,0,0,0,0,0,0,0,0,0,0,0,0,0,0,0,0,0,0,0,0,0,0,0,0,0,0,0,0,0,0,0,0,0,0,0,0,0,0,0,0,0,0,0,0,0,0,0,0,0,0,0,0,0,0,0,0,0,0,0,0,0,0,0,0,0,0,0,0,0,0,0,0,0,0,0,0,0,0,0,0,0,0,0,0,0,0,0,0,0,0,0,0,0,0,0,0,0,0,0,0,0,0,0,0,0,0,0,0,0,0,0,0,0,0,0,0,0,0,0,0,0,0,0,0,0,0,0,0,0,0,0,0,0,0,0,0,0,0,0,0,0,0,0,0,0,0,0,0,0,0,0,0,0,0,0,0,0,0,0,0,0,0
"GRD",0,0,0,0,0,0,0,0,0,0,0,0,0,0,0,0,0,0,0,0,0,0,0,0,0,0,0,0,0,0,0,0,0,0,0,0,0,0,0,0,0,0,0,0,0,0,0,0,0,0,0,0,0,0,0,0,0,0,0,0,0,0,0,0,0,0,0,0,0,0,0,0,0,0,0,0,0,0,0,0,0,0,0,0,0,0,0,0,0,0,0,0,0,0,0,0,0,0,0,0,0,0,0,0,0,0,0,0,0,0,0,0,0,0,0,0,0,0,0,0,0,0,0,0,0,0,0,0,0,0,0,0,0,0,0,0,0,0,0,0,0,0,0,0,0,0,0,0,0,0,0,0,0,0,0,0,0,0,0,0,0,0,0,0,0,0,0,0,0,0,0,0,0,0,0,0,0,0,0,0,0,0,0,0,0,0,0,0,0,0,0,0,0,0,0
"GTM",0,0,206640000,0,0,0,0,0,0,0,0,0,0,0,0,0,542430000,0,2490430000,0,0,0,0,0,0,14720000,0,0,0,0,800730000,0,0,0,0,0,60488890000,2184480000,0,0,0,0,0,34853630000,0,0,0,141858020000,0,0,0,0,0,4062690000,0,0,0,0,14760000,0,0,0,0,0,0,0,0,0,1645740000,442800000,205332420000,0,0,0,0,0,0,0,0,0,0,11010000,0,0,0,0,0,0,0,0,0,0,0,0,0,0,0,0,0,0,0,0,0,0,0,0,0,0,0,8801800000,0,0,0,0,0,0,0,0,0,0,0,0,55688710000,0,0,0,0,12010350000,0,0,0,586710000,0,0,0,0,0,0,0,84870000,0,0,0,0,0,0,0,0,0,0,0,0,0,0,0,0,2343150000,0,0,0,0,0,0,0,0,0,0,0,0,0,0,0,0,0,0,0,0,0,7136600000,0,0,0,0,0,0,0,0,0,0,0,0,0,0,0,0
"GIN",0,0,0,0,0,0,0,0,0,0,0,0,0,0,0,0,0,0,0,0,0,0,0,0,0,0,0,0,0,0,0,0,0,0,0,0,0,0,0,0,0,0,0,0,0,0,0,0,0,0,0,0,0,0,0,0,0,0,0,0,0,0,0,0,0,0,0,0,0,0,0,0,0,0,0,0,0,0,0,0,0,0,0,0,0,0,0,0,0,0,0,0,0,0,0,0,0,0,0,0,0,0,0,0,0,0,0,0,0,0,0,0,0,0,0,0,0,0,0,0,0,0,0,0,0,0,0,0,0,0,0,0,0,0,0,0,0,0,0,0,0,0,0,0,0,0,0,0,0,0,0,0,0,0,0,0,0,0,0,0,0,0,0,0,0,0,0,0,0,0,0,0,0,0,0,0,0,0,0,0,0,0,0,0,0,0,0,0,0,0,0,0,0,0,0
"GUY",0,0,0,0,855750000,0,0,0,0,0,3262350000,0,0,0,0,0,14428960000,0,0,0,0,0,0,0,0,1184800000,0,0,0,0,0,0,0,0,0,0,0,0,0,0,0,0,7340000,0,0,0,0,0,0,0,0,0,0,400400000,0,0,0,0,0,0,0,0,0,0,0,25710000,0,0,0,11070000,0,0,0,0,0,0,0,0,0,0,0,0,0,0,3670000,0,0,0,0,0,0,0,0,0,0,0,0,0,0,0,0,0,0,0,0,0,0,0,0,0,0,0,0,0,0,0,0,0,0,0,0,0,0,0,0,0,0,0,0,0,0,0,0,0,0,0,0,0,0,0,0,0,0,149240000,7380000,3690000,0,0,0,0,0,0,0,0,0,0,0,5071050000,0,0,0,0,0,0,0,0,0,0,0,1412140000,0,0,0,0,0,0,18450000,0,825560000,0,0,0,0,0,0,0,0,0,0,0,0,0,0,0,0
"HTI",0,0,0,0,0,0,0,0,0,0,0,0,0,0,0,0,0,0,0,0,0,0,0,0,0,0,0,0,0,0,0,0,0,0,0,0,0,0,0,0,0,0,0,0,0,0,0,0,0,0,0,0,0,0,0,0,0,0,0,0,0,0,0,0,0,0,0,0,0,0,0,0,0,0,0,0,0,0,0,0,0,0,0,0,0,0,0,0,0,0,0,0,0,0,0,0,0,0,0,0,0,0,0,0,0,0,0,0,0,0,0,0,0,0,0,0,0,0,0,0,0,0,0,0,0,0,0,0,0,0,0,0,0,0,0,0,0,0,0,0,0,0,0,0,0,0,0,0,0,0,0,0,0,0,0,0,0,0,0,0,0,0,0,0,0,0,0,0,0,0,0,0,0,0,0,0,0,0,0,0,0,0,0,0,0,0,0,0,0,0,0,0,0,0,0
"HND",0,0,0,0,0,0,0,0,0,0,0,0,0,0,0,0,0,0,0,0,0,0,0,0,0,0,0,0,0,0,0,0,0,0,0,0,0,0,0,0,0,0,0,0,0,0,0,0,0,0,0,0,0,0,0,0,0,0,0,0,0,0,0,0,0,0,0,0,0,0,0,0,0,0,0,0,0,0,0,0,0,0,0,0,0,0,0,0,0,0,0,0,0,0,0,0,0,0,0,0,0,0,0,0,0,0,0,0,0,0,0,0,0,0,0,0,0,0,0,0,0,0,0,0,0,0,0,0,0,0,0,0,0,0,0,0,0,0,0,0,0,0,0,0,0,0,0,0,0,0,0,0,0,0,0,0,0,0,0,0,0,0,0,0,0,0,0,0,0,0,0,0,0,0,0,0,0,0,0,0,0,0,0,0,0,0,0,0,0,0,0,0,0,0,0
"HKG",0,0,0,0,0,0,9412380000,14760000,7380000,110700000,0,3670000,0,0,0,0,7380000,0,0,51450000,154440000,0,70110000,0,0,20346030000,0,0,3690000,0,0,183205160000,0,0,0,0,73720000,0,0,3670000,3690000,51380000,0,0,0,0,0,0,0,0,0,11070000,33030000,1446130000,0,0,0,0,0,710010000,0,117960000,0,22040000,0,0,341350000,0,139680000,0,0,0,0,0,0,77490000,1475360000,0,0,120300000,0,308360000,3670000,0,164880000,103020000,0,0,0,914020000,40590000,447880000,66420000,0,0,0,0,0,0,0,69342280000,84050000,0,9820800000,0,0,7340000,0,136010000,44060000,0,0,0,0,51660000,0,6089610000,0,0,0,7280000,1931730000,0,0,7280000,176510000,3690000,412160000,0,7330000,0,7380000,1134180000,0,58780000,0,0,0,0,0,0,0,0,0,0,0,0,0,3670000,88560000,0,0,0,26655780000,0,983470000,341370000,132160000,0,0,374640000,492120000,3690000,0,1459110000,0,235540000,33030000,0,80980000,0,0,139660000,475970000,0,0,5512230000,0,23475980000,0,0,0,191260000,2526940000,0,0,0,0,11010000,0,0,0,0,0,0
"HUN",0,3690000,23799640000,0,0,0,280440000,1292858970000,0,136710000,0,0,0,0,0,0,258300000,0,0,0,0,39765660000,0,0,0,497110000,0,0,0,0,0,252410000,0,0,59040000,0,0,0,36155720000,0,0,3724470000,0,0,0,0,158670000,0,0,203140000,0,0,387450000,39010760000,0,0,79720000,0,0,614552140000,1315536280000,0,0,847416630000,0,0,0,160160000,0,0,0,0,0,62155890000,0,0,0,0,0,219730000,180621470000,3428871950000,0,0,0,147500000,0,0,0,0,0,3385200000,317340000,24610000,0,3.69e+08,0,0,18483340000,2556300000,0,0,0,0,0,0,6713400000,0,0,0,247160000,0,0,0,0,0,115325920000,0,0,54288910000,0,0,0,0,0,0,0,0,112650770000,0,0,0,145600000,448390350000,280440000,0,0,0,73700000,0,2570221260000,0,10659010000,0,0,0,0,0,0,0,0,530905340000,550324960000,0,0,911430000,14330090000,1.67e+08,0,0,509120000,24602640000,92250000,0,0,0,0,400400000,0,0,0,0,122199600000,332040000,0,0,13166720000,16749720000,977440000,0,464940000,0,0,0,0,0,0,0,6929820000,70110000,39619520000,20940000,0,0,0
"HRV",22140000,0,93499960000,0,0,0,228780000,1405830000,0,0,0,0,0,0,0,0,0,0,0,0,0,394830000,0,0,0,188170000,0,0,0,0,0,14760000,0,0,0,0,0,0,0,3690000,0,62730000,0,0,14760000,0,11070000,0,0,0,0,0,0,11070000,0,0,0,0,0,6142650000,616270910000,0,0,51081960000,0,0,0,0,0,0,14228770000,221400000,1745710000,0,3670000,0,0,0,0,0,5136120000,455347050000,0,0,0,0,365310000,0,0,0,0,0,0,0,0,0,0,0,68015760000,0,0,0,0,0,0,0,0,0,0,0,0,0,0,0,0,0,36810000,0,0,70130370000,0,0,0,0,0,0,0,0,188190000,0,0,0,0,17719380000,29520000,0,0,0,0,0,22500690000,0,2822850000,0,0,0,0,0,0,0,0,18847160000,128750000,0,0,0,29520000,0,0,0,224390000,928330000,0,0,0,0,0,0,0,0,0,76195420000,10991940000,7380000,0,0,1226320000,0,1024140000,0,0,0,0,0,0,0,0,0,6180000,0,4093030000,3683450000,0,0,0
"ISL",0,0,0,0,0,0,0,0,0,0,0,0,0,0,0,0,0,0,0,0,0,0,0,0,0,0,0,0,0,0,0,0,0,0,0,0,0,0,0,0,0,0,0,0,0,0,0,0,0,0,823540000,0,0,0,0,0,0,0,0,0,0,0,0,0,0,0,0,0,0,0,0,0,0,0,0,0,0,0,0,0,0,0,0,0,0,0,0,0,0,0,0,0,0,0,0,0,0,0,0,0,0,0,0,0,0,0,0,0,0,0,0,0,0,0,0,0,0,0,0,0,0,0,0,0,0,11070000,0,0,0,0,0,0,0,0,0,0,0,0,0,0,0,0,0,0,0,0,0,0,0,0,0,0,0,0,0,0,0,0,0,0,0,0,0,0,0,0,0,0,0,0,0,0,0,0,0,0,0,0,0,0,0,0,0,0,0,0,0,0,0,0,0,0,0,0,0
"IND",0,757340000,0,0,0,0,54532650000,92250000,0,6408700000,0,750038570000,0,5053880000,0,1698200000,21990000,0,0,0,2231870000,0,1646620000,84870000,15887820000,32294310000,0,0,70907010000,1859760000,145490000,1334640000,166050000,36900000,39264110000,0,0,0,7360000,0,12314670000,291500000,306270000,1.4391e+10,0,0,333590000,0,1339470000,62730000,0,501840000,193770000,542360000,0,84052990000,0,1457550000,5296490000,4255070000,0,52128460000,0,0,0,0,0,21362850000,129050000,41637960000,461250000,7103450000,0,0,0,0,8097200000,479700000,1711260000,582230000,2711710000,682640000,6615870000,47470000,22140000,2475100000,2445470000,0,28741380000,0,0,259440000,10188200000,0,0,533800000,0,13817200000,590400000,7280000,120250000,16731670000,110550000,80540830000,9259440000,280440000,0,3708450000,3069590000,43380000,114390000,7470000,5683140000,0,22494240000,150231640000,2685420000,0,25480000,0,0,12919460000,261990000,2586690000,7158120000,1400810000,158901730000,84870000,11070000,380070000,0,0,3686290000,145430000,33210000,476010000,0,571950000,50703130000,595520000,0,81180000,630940000,0,0,0,697410000,15169720000,5224780000,1749640000,6848390000,7470000,3640000,32937220000,10483320000,24478860000,653130000,22140000,36900000,84870000,1204850000,497520000,2597760000,0,76822220000,24956250000,155730230000,22033650000,396760000,323620000,144826480000,0,18450000,210766720000,58181420000,0,98584770000,0,173687940000,14265040000,0,0,199260000,71292590000,70490000,24462940000,0,313450000,720240000,0,0,0,0,0,0
"IDN",0,0,0,73560000,0,0,26347170000,3690000,51660000,1283860000,0,247230000,0,0,0,14760000,236160000,0,3690000,1450170000,5983110000,0,387450000,0,14760000,215270000,18450000,14760000,399810000,0,51660000,32409910000,0,7380000,0,18450000,0,0,22020000,0,878220000,11070000,0,0,0,0,383830000,0,22140000,0,0,1541820000,0,22020000,525870000,9960000,0,0,7380000,266560000,0,872310000,25830000,0,0,0,0,177120000,92250000,0,0,21861050000,0,0,0,8027030000,0,2077470000,0,55350000,350550000,0,0,0,0,18437280000,4379430000,0,509660000,1100070000,25830000,89083680000,269170000,0,3690000,810400000,0,0,195570000,0,435420000,51480000,0,203700190000,3659370000,0,3670000,0,2592870000,594090000,132840000,0,49350000,0,0,0,6595320000,0,1625030000,0,302530000,3775280000,0,7380000,952110000,36700000,75394890000,0,44280000,5868520000,0,62730000,57228620000,14680000,162220000,0,94413430000,0,287820000,0,0,0,69730000,0,0,0,44280000,4780790000,0,509460000,47970000,0,0,37690970000,0,6361420000,664310000,62730000,0,0,22140000,3640000,11070000,0,30454890000,256270000,77705770000,99630000,1601350000,0,556610000,0,110700000,5606380000,169260000,11050000,311250000,0,22065530000,0,0,0,0,50016110000,22020000,638370000,44280000,0,73800000,0,0,0,0,0,0
"IRN",31138500000,232801490000,0,0,0,0,408010000,36430000,0,250920000,0,158479660000,0,0,14760000,0,0,0,0,0,0,0,0,0,1124240000,319490000,0,0,67758580000,0,0,40370000,0,0,485180000,0,0,0,0,156970920000,40590000,0,0,0,0,0,0,0,0,29520000,0,0,0,91750000,0,569450000,765350000,95940000,0,113820000,25830000,66420000,0,0,0,0,0,243540000,0,0,0,0,0,139460000,0,158656600000,0,0,579291380000,0,0,58710000,3616200000,760140000,0,0,803240000,985230000,6081190000,0,0,0,1013780000,0,0,814650000,0,0,3690000,0,0,1677230000,0,4182280000,66420000,180810000,0,0,66420000,0,0,0,0,0,0,0,81080000,0,0,0,0,3670000,0,1236790000,0,0,3527090000,0,0,0,0,0,0,0,0,0,0,0,176160000,40530000,391140000,0,0,0,0,0,0,198880000,0,0,36900000,0,0,29120000,2855990000,2469970000,0,0,21528140000,0,22140000,0,25830000,30159790000,0,543240000,0,147100000,0,0,220640510000,44280000,66060000,848966830000,533430000,0,95680000,0,220200000,231470000,0,51660000,0,6195700000,218400000,132480450000,0,0,0,0,0,0,0,0,0
"IRQ",0,0,0,0,0,0,0,0,0,0,0,0,0,0,0,0,0,0,0,0,0,0,0,0,0,0,0,0,0,0,0,0,0,0,0,0,0,0,0,0,0,0,0,0,0,0,0,0,0,0,0,0,0,0,0,0,0,0,0,0,0,0,0,0,0,0,0,0,0,0,0,0,0,0,0,0,0,0,0,0,0,0,0,0,0,0,0,0,0,0,0,0,0,0,0,0,0,0,0,0,0,0,0,0,0,0,0,0,0,0,0,0,0,0,0,0,0,0,0,0,0,0,0,0,0,0,0,0,0,0,0,0,0,0,0,0,0,0,0,0,0,0,0,0,0,0,0,0,0,0,0,0,0,0,0,0,0,0,0,0,0,0,0,0,0,0,0,0,0,0,0,0,0,0,0,0,0,0,0,0,0,0,0,0,0,0,0,0,0,0,0,0,0,0,0
"IRL",0,0,0,0,0,0,109500000,0,0,0,0,0,0,0,0,0,0,0,0,0,0,0,0,0,0,0,0,0,0,0,0,0,0,0,0,0,0,0,88520000,0,11070000,2940930000,0,0,0,0,0,0,0,3690000,0,0,114390000,1672920000,0,0,0,0,0,376020000,0,0,0,0,0,0,0,0,0,0,0,0,14760000,0,0,0,0,0,0,0,0,977360000,0,0,0,0,0,0,0,0,0,10920000,214020000,0,0,0,0,0,0,0,0,0,0,143910000,0,0,119370000,0,0,0,0,0,0,0,0,0,15659610000,0,0,0,0,0,0,0,0,986630000,59040000,0,3690000,0,0,0,0,7380000,0,0,0,0,0,0,0,0,0,0,0,0,0,40590000,0,0,0,0,0,0,0,33030000,355930000,0,0,0,11070000,1352950000,0,0,0,0,0,0,0,0,0,0,28320000,291510000,0,0,1145953720000,0,8051220000,0,0,0,0,0,0,0,0,0,322410000,0,0,0,0,0,0
"ISR",0,0,0,0,0,737520000,5138340000,284140000,0,0,0,0,0,0,0,0,792470000,0,0,0,0,18450000,0,0,3690000,6544050000,0,0,0,0,62730000,1636140000,0,0,0,0,0,0,287820000,33210000,0,909930000,0,0,0,0,11010000,0,250740000,258300000,0,0,11070000,4639750000,0,11070000,29520000,0,0,4147490000,0,3690000,0,484980000,0,0,11070000,0,0,0,0,73800000,87540000,7380000,0,137990000,0,0,0,0,0,3646100000,0,43420000,0,103320000,483760000,0,3690000,7380000,0,11070000,0,483390000,0,0,0,0,0,62730000,0,0,0,0,0,0,0,0,0,214020000,0,0,0,3690000,0,11070000,1947290000,0,0,0,0,103680000,0,3690000,7380000,0,0,0,0,0,0,0,27120000,644790000,106880000,0,0,0,0,0,110620000,0,1462620000,0,0,0,0,0,0,0,0,73800000,3690000,188580000,0,3184580000,1431020000,0,0,0,14760000,451940000,0,0,0,0,163650000,0,0,0,0,0,361620000,0,3690000,0,9108740000,177210000,68920390000,0,47970000,14760000,556530000,0,0,0,0,0,7776050000,0,3640000,0,0,0,0
"ITA",12281320000,1770060000,111230510000,368895560000,1409280000,8898130000,196677370000,380717360000,396600000,8051400000,396380000,198200000,0,18350000,595390000,25690000,122149570000,0,47710000,7340000,422550000,18330400000,168860000,568930000,6988160000,222630780000,2438290000,22140000,1127970000,301060000,47138970000,48998740000,7.87e+09,0,7157850000,0,6402400000,4971560000,28950010000,5892690000,6796650000,314433820000,455080000,13746140000,4740640000,5999810000,16503150000,917700000,1633430000,10930510000,0,205520000,63259990000,2707703790000,5301570000,6595100000,6962810000,7087410000,198180000,3139588700000,15304290000,42455040000,0,179461950000,0,80740000,2339930000,6635360000,73500000,719420000,2004500000,53312300000,87411710000,169221870000,4282390000,27873080000,7799240000,4566320000,4180080000,87482600000,197429770000,0,60351510000,5530460000,770700000,633167810000,12787340000,125460000,8075630000,891750000,22140000,113084060000,21747320000,24634430000,3690000,65743320000,0,4195010000,37919110000,16696590000,10920000,669440000,0,20557840000,1268930000,14401420000,80841220000,18130240000,4481150000,51608730000,1525140000,227454720000,1017210000,4688900000,3780720000,1394680000,549350070000,0,1741750000,23844690000,59040000,14101690000,363370000,286340000,3843370000,74740150000,1576710000,4897730000,140954280000,0,514280000,10004590000,16436460000,170510930000,122865290000,1023930000,0,2787980000,13530610000,400230000,156696420000,7318220000,309562440000,69730000,3670000,0,0,111816730000,29621350000,1881210000,1912010000,158663420000,41058900000,30780260000,194570000,85341950000,359467890000,1232520000,213300000,0,343529940000,323744770000,1743940000,571050000,25694910000,2690450000,28389160000,27298240000,0,724540000,7238930000,1694181350000,45973090000,61809320000,8797270000,0,1957997320000,39993820000,1087620490000,32983550000,3227650000,697410000,96532820000,8.278e+09,6465540000,41589460000,3618760000,1148870000,384792400000,19937640000,60208700000,22477030000,0,0,1265310000
"CIV",0,0,0,0,0,0,0,0,0,0,0,0,0,0,0,0,0,0,0,0,0,0,0,0,118080000,0,0,0,0,0,0,0,0,0,697410000,0,0,0,0,0,25357910000,0,0,0,0,0,0,0,0,0,0,0,0,906650000,0,0,0,393850000,0,0,0,71028030000,0,0,0,0,0,1651430000,0,0,0,0,0,0,0,0,0,0,0,0,0,7340000,0,0,0,0,0,0,0,0,0,0,0,0,0,0,0,4440530000,0,0,0,0,0,0,0,136101130000,0,0,0,0,0,0,0,0,0,0,29360000,0,0,0,0,0,0,12867360000,440400000,0,0,0,0,0,0,0,0,0,0,0,0,0,0,0,0,0,0,0,0,0,0,0,16581060000,0,95420000,0,0,0,0,0,0,0,0,0,0,0,0,0,0,0,0,42907440000,0,0,0,0,0,0,0,0,0,0,0,448486930000,0,0,0,0,0,0,0,11070000,0,0,0,0,0,0,0
"KAZ",0,1566600670000,34572340000,0,0,0,0,0,0,0,0,0,0,0,0,0,0,0,0,0,0,0,0,0,0,0,0,0,0,0,0,45518810000,0,0,0,0,0,0,0,1859541700000,0,0,0,0,45140100000,0,572135320000,0,0,0,0,0,4809600000,0,0,0,780485930000,0,0,27214570000,0,479700000,0,166211760000,0,0,0,0,0,0,0,0,0,0,0,0,0,135020580000,0,0,0,63513440000,0,0,0,0,0,1270381940000,0,0,0,0,0,50183500000,0,0,0,0,0,5857600000,0,0,0,2.338e+09,0,0,0,0,0,0,26486940000,0,0,1688960000,0,0,1.002e+10,0,0,0,0,0,0,0,0,0,0,0,0,0,0,0,0,8784200000,0,0,0,0,0,0,0,0,409106780000,0,0,0,0,0,0,0,0,0,0,0,0,0,0,0,2645918640000,0,114855920000,0,0,122934840000,0,0,0,0,0,0,0,0,635214560000,230376500000,0,0,85326980000,47960220000,20170260000,0,0,5629371400000,0,1603200000,0,0,0,0,0,0,0,0,0,0,0
"JAM",0,0,0,0,103760000,0,0,0,32100000,0,452870000,0,0,0,0,0,0,0,0,0,0,0,0,0,0,1900650000,0,0,0,0,0,0,0,0,0,0,0,4980000,0,0,0,0,35680000,35700000,0,0,0,0,0,0,0,0,0,0,0,0,0,0,0,51660000,0,0,0,0,0,8.52e+08,0,0,5844800000,44280000,0,0,0,0,0,0,0,0,0,0,0,0,0,0,0,0,0,0,0,0,0,0,0,0,0,0,0,0,0,0,0,0,0,0,0,0,0,0,0,0,0,0,0,0,0,0,245220000,0,0,0,0,3690000,0,0,0,0,0,0,0,0,0,0,0,0,0,0,0,0,0,0,0,0,0,33210000,223480000,129150000,0,0,0,0,0,0,0,0,0,0,0,0,0,0,0,0,0,0,0,0,0,0,0,1379670000,0,0,0,0,0,0,2613690000,0,6991020000,0,0,0,0,0,0,0,0,0,0,0,0,0,0,0,0
"JPN",0,0,0,22040000,0,17230000,5733050000,0,0,183310000,0,0,0,0,0,0,1116730000,0,0,0,76290000,0,0,0,0,5722960000,0,0,0,0,0,19384430000,0,0,0,0,0,0,0,0,0,44280000,0,0,3670000,0,0,0,0,18370000,0,0,29400000,1397970000,3690000,2490000,0,0,0,1294060000,0,0,0,156870000,0,0,0,0,0,25830000,0,914244040000,0,0,0,87910000,20698810000,0,0,269480000,155750000,835110000,0,0,0,0,0,0,0,29500000,0,12107410000,221660000,0,0,40460000,0,0,0,0,360140000,0,0,8706430000,0,0,0,0,0,7470000,33210000,0,0,0,0,0,1852300000,0,3670000,0,0,1285490000,0,0,0,0,0,22140000,3690000,0,0,9870000,1303950000,0,378290000,0,0,0,22020000,0,0,0,256010000,0,0,0,0,4959120000,0,0,0,0,0,244431470000,0,3670000,1085850000,0,0,0,107270000,199180000,0,0,90245610000,0,76680690000,0,0,0,291510000,0,0,825690000,0,0,3057750000,29360000,64963930000,0,0,0,0,142956830000,0,0,0,0,187590000,0,0,0,0,0,0
"JOR",0,0,0,232470000,0,0,0,0,0,0,0,0,0,0,0,0,0,0,0,0,0,0,0,0,0,0,0,0,0,0,0,3670000,0,0,291510000,0,0,0,0,0,0,0,0,0,0,0,3552870000,0,0,0,0,0,0,0,0,0,0,0,0,3690000,0,0,0,81180000,0,0,0,0,0,0,0,0,0,0,0,0,0,0,89331490000,0,113320000,0,0,0,0,0,0,0,0,0,0,0,361560000,0,0,4663070000,0,0,1180800000,0,0,0,0,0,0,0,0,0,0,0,0,450180000,0,0,0,0,0,0,0,0,0,0,0,0,0,0,0,0,0,0,0,0,0,0,0,0,0,0,6680000,0,0,0,0,0,0,0,0,1524970000,0,0,0,0,0,0,0,243540000,0,0,0,0,0,0,6994230000,0,0,0,0,0,0,0,431730000,0,406130000,99630000,0,0,0,0,59040000,0,0,0,0,0,0,21497940000,0,0,0,0,0,0,0,0,4217090000
"KGZ",2490000,0,0,0,0,0,0,0,0,0,0,0,0,0,0,0,0,0,0,0,0,0,0,0,0,0,0,0,0,0,0,553500000,0,0,0,0,0,0,0,0,0,0,0,0,0,0,0,0,0,0,0,0,0,0,0,0,90700000,0,0,0,0,0,0,0,0,0,0,0,0,0,0,0,0,0,0,0,0,0,0,0,0,0,0,5728350000,0,0,0,0,0,0,0,0,0,0,0,0,0,0,0,0,0,0,0,0,0,0,0,0,0,0,228780000,0,0,0,0,0,0,0,0,0,0,0,0,0,0,0,3690000,0,0,0,0,0,0,0,0,0,0,0,0,0,0,0,276690000,0,0,0,0,0,0,0,0,0,0,0,0,0,0,0,3426350000,0,0,0,0,37350000,0,0,0,0,0,0,0,0,54850000,535050000,0,0,0,0,0,0,0,2207490000,0,0,0,0,0,0,0,0,0,0,0,0,0
"KEN",0,0,0,0,0,0,0,0,0,0,0,0,0,0,0,0,0,0,0,0,0,0,0,18450000,0,0,0,0,0,0,0,0,0,0,0,0,0,0,0,0,0,0,0,0,0,0,0,0,0,0,0,0,0,0,0,0,0,0,0,0,0,0,0,0,0,0,0,0,0,0,0,0,0,0,0,0,0,0,0,0,0,0,0,0,0,0,0,0,0,0,0,0,0,0,0,0,0,0,0,0,0,0,0,0,0,0,0,0,0,0,0,0,0,0,0,0,0,0,0,0,0,0,0,0,0,0,0,0,0,0,0,0,0,0,0,0,0,0,0,0,0,1976110000,0,0,0,0,0,0,0,0,0,0,0,0,2824020000,0,0,0,0,0,0,0,0,0,0,651260000,0,0,0,0,0,0,0,1965600000,15154870000,0,0,0,0,0,0,0,0,0,22140000,0,436370000,0,0,0,0,0,0,0,0
"KHM",0,0,0,0,0,0,0,0,0,0,0,0,0,0,0,0,0,0,0,0,0,0,0,0,0,0,0,0,0,0,0,0,0,0,0,0,0,0,0,0,0,0,0,0,0,0,0,0,0,0,0,0,0,0,0,0,0,0,0,0,0,0,0,0,0,0,0,0,0,0,0,0,0,0,0,0,0,0,0,0,0,0,0,0,0,7380000,0,0,0,0,0,0,0,0,0,0,0,0,0,0,0,0,0,0,0,0,0,0,0,0,0,0,0,0,0,0,0,0,0,0,0,0,0,0,0,0,0,0,0,0,0,0,0,0,0,0,0,0,0,0,0,0,0,0,0,0,0,0,0,0,0,0,0,3690000,0,0,0,0,0,0,0,0,0,0,0,0,0,0,0,0,0,0,0,0,0,0,0,0,0,0,0,0,0,0,0,0,0,0,0,0,0,0,0,0,0
"PRK",0,0,0,0,0,0,0,0,0,0,0,0,0,0,0,0,0,0,0,0,0,0,0,0,0,0,0,0,0,0,0,0,0,0,0,0,0,0,0,0,0,0,0,0,0,0,0,0,0,0,0,0,0,0,0,0,0,0,0,0,0,0,0,0,0,0,0,0,0,0,0,0,0,0,0,0,0,0,0,0,0,0,0,0,0,0,0,0,0,0,0,0,0,0,0,0,0,0,0,0,0,0,0,0,0,0,0,0,0,0,0,0,0,0,0,0,0,0,0,0,0,0,0,0,0,0,0,0,0,0,0,0,0,0,0,0,0,0,0,0,0,0,0,0,0,0,0,0,0,0,0,0,0,0,0,0,0,0,0,0,0,0,0,0,0,0,0,0,0,0,0,0,0,0,0,0,0,0,0,0,0,0,0,0,0,0,0,0,0,0,0,0,0,0,0
"KOR",25830000,36740000,0,154250000,0,1139970000,23818140000,363910000,0,339300000,0,220660000,0,0,7380000,0,2202090000,0,0,0,44280000,3670000,228670000,0,0,20597320000,0,0,209610000,0,732530000,49630850000,11030000,0,14680000,0,7340000,0,0,121770000,0,0,0,11070000,0,88560000,11050000,0,0,0,0,22060000,0,2629460000,0,51660000,332100000,7380000,0,3196780000,0,44160000,0,0,0,0,703190000,172990000,0,22020000,18390000,55323410000,0,0,0,4907890000,5792400000,136290000,14680000,54980000,157020000,1927330000,7340000,461700000,0,52376790000,106870000,62690000,95490000,201600000,0,0,715680000,7380000,47970000,0,0,0,205640000,25710000,77190000,0,0,6022530000,11070000,0,0,0,40590000,344500000,1188520000,0,3670000,0,0,273060000,6131190000,0,18350000,0,0,7888800000,118040000,0,3690000,22020000,55310000,0,73560000,51640000,720520000,22100000,8499280000,54960000,25690000,0,0,0,415350000,29520000,0,0,20734630000,0,0,0,0,4606750000,0,0,3670000,76770000,224100000,22843430000,0,143210000,301280000,11070000,158670000,0,354080000,113930000,0,36900000,22056300000,59040000,16022060000,0,0,0,47970000,0,59020000,1988100000,0,0,7069840000,11070000,140203370000,0,0,33190000,0,21691510000,18430000,66420000,0,0,121450000,0,0,0,0,0,0
"KWT",0,0,0,0,0,0,0,0,0,0,0,0,0,0,0,0,0,0,0,0,0,0,0,0,0,0,0,0,0,0,0,0,0,0,0,0,0,0,0,0,0,0,0,0,0,0,0,0,0,0,0,0,0,0,0,0,0,0,0,0,0,0,0,0,0,0,0,0,0,0,0,0,0,0,0,0,0,0,0,0,0,0,0,0,0,0,0,0,0,0,0,0,0,0,0,0,0,0,0,0,0,0,0,0,0,0,0,0,0,0,0,0,0,0,0,0,0,0,0,0,0,0,0,0,0,0,0,0,0,0,0,0,0,0,0,0,0,0,0,0,0,0,0,0,0,0,0,0,0,0,0,0,0,0,0,0,0,0,0,0,0,0,0,0,0,0,0,0,0,0,0,0,0,0,0,0,0,0,0,0,0,0,0,0,0,0,0,0,0,0,0,0,0,0,0
"LVA",0,1543360000,0,0,0,0,83010000,0,0,0,0,0,0,0,0,0,0,0,0,0,0,11070000,0,0,83720000,25830000,0,0,0,0,0,0,0,0,0,0,0,0,14680000,147600000,83720000,512209260000,0,0,35860000,0,418600000,0,2391480000,142712610000,28971160000,0,28539390000,71256350000,0,0,0,0,12845560000,714352390000,0,0,0,270810000,0,0,0,0,0,0,0,0,0,0,87360000,0,94612180000,0,0,11773460000,23381580000,219153950000,0,0,0,0,0,0,0,0,0,0,0,0,0,0,0,0,66880160000,695730540000,0,0,0,0,0,0,4593710000,0,0,0,47970000,22578400000,84218100000,0,0,0,291976120000,0,0,0,0,0,0,0,20848280000,113125800000,0,604240000,1536220000,0,0,0,0,11649570000,3690000,1386840000,0,0,0,0,0,0,3505450000,0,0,0,0,410392480000,0,0,7548400000,0,18450000,0,0,0,953304190000,0,0,0,95819090000,3640000,0,3690000,0,181999940000,30827160000,0,0,0,0,0,181699340000,0,0,0,27931270000,0,1714710000,0,0,0,0,0,88670320000,1.7535e+11,0,0,43898630000,0,0,0,0,0,0
"LAO",0,0,0,0,0,0,0,0,0,0,0,0,0,0,0,0,0,0,0,0,0,0,0,0,0,0,0,0,0,0,0,0,0,0,0,0,0,0,0,0,0,0,0,0,0,0,0,0,0,0,0,0,0,0,0,0,0,0,0,0,0,0,0,0,0,0,0,0,0,0,0,0,0,0,0,0,0,0,0,0,0,0,0,0,0,0,0,0,0,0,0,0,0,0,0,0,0,0,0,0,0,0,0,0,0,0,0,0,0,0,0,0,0,0,0,0,0,0,0,0,0,0,0,0,0,0,0,0,0,0,0,0,0,0,0,0,0,0,0,0,0,0,0,0,0,0,0,0,0,0,0,0,0,0,0,0,0,0,0,0,0,0,0,0,0,0,0,0,0,0,0,0,0,0,0,0,0,0,0,0,0,0,0,0,0,0,0,0,0,0,0,0,0,0,0
"LBN",0,0,0,1575300000,0,0,813970000,0,0,216700000,0,70110000,0,0,0,0,28870000,0,0,0,0,0,0,0,29520000,497360000,0,201230000,0,0,0,7280000,18380000,14760000,163370000,0,0,0,81080000,0,106960000,79760000,0,0,0,0,13438170000,0,1.1e+07,0,0,0,0,282830000,0,0,0,124570000,55270000,782750000,3670000,177840000,0,12360000,0,0,0,185220000,0,0,0,0,0,0,0,40590000,0,40370000,7901750000,0,0,0,254350000,0,0,0,7042160000,0,0,0,0,0,1140540000,0,0,0,0,585930000,0,0,0,0,0,3690000,0,33160000,0,14760000,0,0,0,77110000,3690000,0,0,0,87360000,0,0,0,0,3670000,0,92110000,130360000,0,87360000,10970000,260570000,0,14710000,0,608850000,0,0,3690000,0,0,286890000,0,10920000,0,0,0,0,0,7380000,1.4289e+10,116390000,0,58760000,0,0,7380000,0,0,0,0,0,0,341300000,118030000,147196990000,0,0,3640000,0,22040000,0,0,6420560000,0,1.2024e+10,735940000,0,0,287070000,0,584470000,29520000,0,0,212790000,0,3690000,7952890000,7330000,18450000,30660000,0,0,0,0,0,0
"LSO",0,0,0,0,0,0,0,0,0,0,0,0,0,0,0,0,0,0,0,0,0,0,0,0,0,0,0,0,0,0,0,0,0,0,0,0,0,0,0,0,0,0,0,0,0,0,0,0,0,0,0,0,0,0,0,0,0,0,0,0,0,0,0,0,0,0,0,0,0,0,0,0,0,0,0,0,0,0,0,0,0,0,0,0,0,0,0,0,0,0,0,0,0,0,0,0,0,0,0,0,0,0,0,0,0,0,0,0,0,0,0,0,0,0,0,0,0,0,0,0,0,0,0,0,0,0,0,0,0,0,0,0,0,0,0,0,0,0,0,0,0,0,0,0,0,0,0,0,0,0,0,0,0,0,0,0,0,0,0,0,0,0,0,0,0,0,0,0,0,0,0,0,0,0,0,0,0,0,0,0,0,0,0,0,0,0,0,0,0,0,0,0,0,0,0
"LBR",0,0,0,0,0,0,0,0,0,0,0,0,0,0,0,0,0,0,0,0,0,0,0,0,0,0,0,0,0,0,0,0,0,0,0,0,0,0,0,0,0,0,0,0,0,0,0,0,0,0,0,0,0,0,0,0,0,0,0,0,0,0,0,0,0,0,0,0,0,0,0,0,0,0,0,0,0,0,0,0,0,0,0,0,0,0,0,0,0,0,0,0,0,0,0,0,0,0,0,0,0,0,0,0,0,0,0,0,0,0,0,0,0,0,0,0,0,0,0,0,0,0,0,0,0,0,0,0,0,0,0,0,0,0,0,0,0,0,0,0,0,0,0,0,0,0,0,0,0,0,0,0,0,0,0,0,0,0,0,0,0,0,0,0,0,0,0,0,0,0,0,0,0,0,0,0,0,0,0,0,0,0,0,0,0,0,0,0,0,0,0,0,0,0,0
"LBY",0,0,0,0,0,0,0,0,0,0,0,0,0,0,0,0,0,0,0,0,0,0,0,0,0,0,0,0,0,0,0,0,0,0,0,0,0,0,0,0,0,0,0,0,0,0,0,0,0,0,0,0,0,0,0,0,0,0,0,0,0,0,0,0,0,0,0,0,0,0,0,0,0,0,0,0,0,0,0,0,0,0,0,0,0,0,0,0,0,0,0,0,0,0,0,0,0,0,0,0,0,0,0,0,0,0,0,0,0,0,0,0,0,0,0,0,0,0,0,0,0,0,0,0,0,0,0,0,0,0,0,0,0,0,0,0,0,0,0,0,0,0,0,0,0,0,0,0,0,0,0,0,0,0,0,0,0,0,0,0,0,0,0,0,0,0,0,0,0,0,0,0,0,0,0,0,0,0,0,0,0,0,0,0,0,0,0,0,0,0,0,0,0,0,0
"LTU",0,0,267910000,0,0,0,148770000,14850000,0,0,88080000,0,0,0,0,0,14940000,0,0,0,0,587690000,0,0,91750000,517420000,0,0,0,0,0,84410000,0,0,0,0,0,0,185630000,56640000,0,145584730000,0,0,4507180000,0,78403160000,0,0,46041280000,48109360000,0,16647530000,139670400000,0,91750000,9960000,0,1463540000,738427050000,0,418600000,0,710930000,0,0,0,0,0,183500000,0,0,1449970000,236160000,2235740000,0,91870040000,0,0,3280100000,141370000,87694800000,0,504130000,0,0,612890000,0,27398020000,0,0,0,0,1410106650000,0,0,0,0,109698960000,0,0,0,76482660000,11589800000,0,0,232960000,5.511e+10,0,0,0,58279660000,158730160000,0,0,0,210853540000,0,0,3690000,0,0,0,0,73740520000,74453690000,0,0,256510000,0,0,0,0,54897600000,48473360000,0,0,0,0,0,1718860000,0,54072960000,0,0,0,91750000,1325118280000,183500000,0,4408800000,55440000,97230000,0,560560000,78208350000,341985840000,0,3640000,0,166903910000,20940000,0,3690000,3476940000,129077640000,1686020000,183500000,0,0,0,0,630364880000,10920000,0,0,12083740000,2598060000,5101080000,0,0,0,0,5116880000,0,0,53526840000,0,141772380000,0,0,0,0,0,0
"MAC",0,0,0,0,0,0,0,0,0,0,0,0,0,0,0,0,0,0,0,0,0,0,0,0,0,0,0,0,0,0,0,10920000,0,0,0,0,0,0,0,0,0,0,0,0,0,0,0,0,0,0,0,0,0,0,0,0,0,0,0,0,0,0,0,0,0,0,0,0,0,0,0,65520000,0,0,0,0,0,0,0,0,0,0,0,0,0,0,0,0,0,0,0,0,0,0,0,0,0,0,0,0,0,0,0,0,0,0,0,0,0,0,0,0,0,0,0,0,0,0,0,0,0,0,0,0,0,0,0,0,0,0,0,0,0,0,0,0,0,0,0,0,0,0,0,0,0,0,0,0,0,0,0,0,0,0,0,0,0,0,0,0,0,0,0,0,0,0,0,0,0,0,0,0,0,0,0,0,0,0,0,0,0,0,0,0,0,0,0,0,0,0,0,0,0,0,0
"MDG",0,0,0,0,0,0,0,0,0,0,0,0,0,0,0,0,0,0,0,0,0,0,0,0,0,0,0,0,0,0,0,0,0,3690000,0,0,0,0,0,0,0,0,0,0,0,0,0,0,0,0,0,0,0,0,0,0,0,0,0,0,0,0,0,0,0,0,0,0,0,0,0,0,0,0,0,0,0,0,0,0,0,0,0,0,0,0,0,0,0,0,0,0,0,0,0,0,0,0,0,0,0,0,0,0,0,0,0,0,324720000,0,0,0,0,0,0,0,0,0,0,0,0,0,0,0,0,0,0,0,0,0,0,0,0,0,0,0,0,0,0,0,0,0,0,0,0,0,0,0,0,0,0,0,0,0,0,0,3690000,0,0,0,0,0,0,0,0,0,0,0,0,0,0,0,0,0,0,0,0,0,0,0,0,0,0,0,0,0,0,0,0,0,0,0,0,0,0
"MWI",0,0,0,0,0,0,0,0,0,0,0,0,0,0,0,0,0,0,0,0,0,0,0,0,0,0,0,0,0,0,0,0,0,0,11070000,0,0,0,0,0,0,0,0,0,0,0,0,0,0,0,0,0,0,0,0,0,0,0,0,0,0,0,0,0,0,0,0,0,0,0,0,0,0,0,0,80160000,0,0,0,0,0,0,2467460000,0,0,0,0,0,103320000,0,0,0,0,0,0,0,0,0,0,0,0,0,0,0,0,0,0,0,0,0,0,0,233360000,0,0,0,0,0,0,0,0,0,0,0,0,0,0,0,0,0,0,0,0,0,0,0,0,0,0,51471350000,0,0,0,0,0,0,0,0,0,0,0,0,0,0,0,50766980000,0,0,0,0,0,0,0,0,0,0,0,0,0,0,0,0,0,0,0,0,0,0,0,0,0,0,0,0,0,0,0,715860000,0,0,0,0,0,0,0
"MYS",0,0,0,3.69e+08,0,0,24707960000,19920000,590400000,1918800000,0,2841200000,0,121770000,0,0,66420000,0,0,656800000,54300430000,0,8518680000,0,70110000,5630920000,0,0,837550000,0,0,28896950000,70110000,22140000,18450000,11070000,0,40590000,3690000,0,579330000,0,0,99630000,0,0,435420000,0,18450000,0,0,490710000,948330000,2540040000,383760000,856080000,202950000,0,84870000,92190000,0,2597730000,136530000,59040000,0,0,0,55350000,236160000,7380000,0,31104950000,0,0,0,11676480000,132161780000,778590000,1350490000,125160000,0,70110000,3690000,0,0,31415780000,5.514e+09,0,122310000,3453540000,0,40318170000,1623600000,896670000,0,1438580000,0,13650000,2044260000,0,95940000,121770000,0,0,5040810000,25830000,0,0,13186360000,0,302580000,0,70110000,0,0,180810000,113370000,0,450180000,0,462540000,3814020000,0,103320000,2077470000,0,1050450000,90060000,29520000,3728150000,22140000,0,38104820000,0,0,0,84870000,0,2183270000,0,0,0,302580000,0,0,0,0,19624130000,7380000,2117910000,55350000,0,7380000,569518490000,0,2188170000,0,92250000,0,0,77490000,0,309960000,0,50863650000,25830000,139920140000,33210000,284130000,476010000,5913140000,295200000,243540000,22825710000,25830000,18450000,16359430000,0,39593340000,0,0,0,0,67764800000,11070000,2479680000,0,0,250640000,0,0,0,0,0,143910000
"MDV",0,0,0,0,0,0,0,0,0,0,0,0,0,0,0,0,0,0,0,0,0,0,0,0,0,0,0,0,0,0,0,0,0,0,0,0,0,0,0,0,0,0,0,0,0,0,0,0,0,0,0,0,0,0,0,0,0,0,0,0,0,0,0,0,0,0,0,0,0,0,0,0,0,0,0,0,0,0,0,0,0,0,0,0,0,0,0,0,0,0,0,0,0,0,0,0,0,0,0,0,0,0,0,0,0,0,0,0,0,0,0,0,0,0,0,0,0,0,0,0,0,0,0,0,0,0,0,0,0,0,0,0,0,0,0,0,0,0,0,0,0,0,0,0,0,0,0,0,0,0,0,0,0,0,0,0,0,0,0,0,0,0,0,0,0,0,0,0,0,0,0,0,0,0,0,0,0,0,0,0,0,0,0,0,0,0,0,0,0,0,0,0,0,0,0
"MLI",0,0,0,0,0,0,0,0,0,0,0,0,0,0,0,0,0,0,0,0,0,0,0,0,0,0,0,0,0,0,0,0,0,0,0,0,0,0,0,0,0,0,0,0,0,0,0,0,0,0,0,0,0,0,0,0,0,0,0,0,0,0,0,0,0,0,0,0,0,0,0,0,0,0,0,0,0,0,0,0,0,0,0,0,0,0,0,0,0,0,0,0,0,0,0,0,0,0,0,0,0,0,0,0,0,0,0,0,0,0,0,0,0,0,0,0,0,0,0,0,0,0,0,0,0,0,0,0,0,0,0,0,0,0,0,0,0,0,0,0,0,0,0,0,0,0,0,0,0,0,0,0,0,0,0,0,0,0,0,0,0,0,0,0,0,0,0,0,0,0,0,0,0,0,0,0,0,0,0,0,0,0,0,0,0,0,0,0,0,0,0,0,0,0,0
"MLT",0,0,0,29520000,0,0,11070000,0,0,103320000,0,0,0,0,0,0,0,0,0,0,0,0,0,0,0,1660500000,0,0,0,0,0,0,0,0,0,0,0,0,149240000,0,0,0,0,0,0,0,166050000,0,0,0,0,0,0,0,0,0,0,0,47970000,0,0,118080000,0,0,0,0,0,98280000,0,0,0,0,3690000,0,0,0,0,0,0,2228760000,0,33210000,0,0,0,0,99630000,0,0,0,0,0,391140000,0,0,509220000,0,0,1234230000,0,0,0,0,0,0,0,0,0,306270000,0,0,0,0,0,0,0,0,0,0,0,0,0,0,0,29520000,0,0,0,0,0,0,0,0,0,0,0,0,0,125460000,0,0,0,0,0,0,0,0,749070000,0,14760000,0,0,0,0,0,0,70110000,0,0,0,0,11070000,0,0,0,0,0,0,0,0,553500000,40590000,180810000,712170000,0,0,1313640000,0,0,0,0,0,0,0,0,0,0,0,0,0,0,0,0,0,0
"MRT",0,0,0,0,0,0,0,0,0,0,0,0,0,0,0,0,0,0,0,0,0,0,0,0,0,0,0,0,0,0,0,0,0,0,0,0,0,0,0,0,0,0,0,0,0,0,0,0,0,0,0,0,0,0,0,0,0,0,0,0,0,0,0,0,0,0,0,0,0,0,0,0,0,0,0,0,0,0,0,0,0,0,0,0,0,0,0,0,0,0,0,0,0,0,0,0,0,0,0,0,0,0,0,0,0,0,0,0,0,0,0,0,0,0,0,0,0,0,0,0,0,0,0,0,0,0,0,0,0,0,0,0,0,0,0,0,0,0,0,0,0,0,0,0,0,0,0,0,0,0,0,0,0,0,0,0,0,0,0,0,0,0,0,0,0,0,0,0,0,0,0,0,0,0,0,0,0,0,0,0,0,0,0,0,0,0,0,0,0,0,0,0,0,0,0
"MUS",0,0,0,0,0,0,18350000,0,0,0,0,0,0,0,0,0,0,0,0,0,0,0,0,0,0,3670000,0,0,0,0,0,0,0,15281430000,0,0,0,0,0,0,0,0,0,0,0,0,0,0,0,0,0,0,0,24630310000,0,0,0,0,0,0,0,0,0,0,0,0,0,0,0,0,0,0,0,0,0,0,0,0,0,132120000,0,457560000,0,0,0,0,0,0,209430000,0,0,0,0,0,0,0,0,0,0,0,0,117704650000,0,14700000,0,0,0,0,0,0,0,0,55070000,0,0,0,0,0,0,0,0,0,0,0,0,0,11030000,0,0,0,0,0,0,0,0,0,0,0,0,1302050000,0,0,77490000,0,0,0,0,0,0,32512400000,0,0,0,0,0,5090690000,12310000,0,0,0,0,0,0,0,2249720000,0,0,0,0,0,2107560000,11070000,99630000,415260000,44040000,0,132360000,0,0,22020000,0,0,0,0,0,0,0,415570000,0,0,0,0,0,0,0
"MEX",0,40590000,0,1707421360000,1027620000,8590320000,0,0,110300000,0,0,0,0,0,3065170000,0,4733260000,0,7048310000,0,0,0,0,0,0,26675920000,0,0,0,0,28028400000,0,18422010000,0,0,0,39195150000,20880480000,0,0,0,0,0,26990530000,0,65662330000,0,8771620000,0,0,0,0,0,29520000,0,0,0,0,0,0,0,0,0,0,0,0,540224110000,0,9584120000,0,22931940000,66060000,0,160539400000,0,6680000,0,0,0,0,0,1445926430000,0,0,17182350000,0,0,0,3340000,0,0,278920000,0,0,0,0,0,0,0,0,0,0,0,0,0,0,0,0,0,0,0,0,0,0,0,0,25830000,0,0,0,0,0,50150840000,0,102982220000,0,3340000,51002110000,0,0,73800000,289505630000,8746920000,0,0,0,0,0,0,0,0,0,0,0,83720000,0,0,0,0,0,0,0,0,7340000,0,0,630250000,505960000,0,0,0,0,0,0,0,0,0,0,0,44953620000,0,180627200000,52267660000,0,0,0,935580000,0,2594045720000,0,8377950000,0,80235840000,0,0,0,0,0,0,0,0,0,0,0,0
"MNG",0,0,0,0,0,0,0,0,0,0,0,0,0,0,0,0,0,0,0,0,0,0,0,0,0,0,0,0,0,0,0,0,0,0,0,0,0,0,0,0,0,0,0,0,0,0,0,0,0,0,0,0,0,0,0,0,0,0,0,0,0,0,0,0,0,0,0,0,0,0,0,0,0,0,0,0,0,0,0,0,0,0,0,0,0,0,0,0,0,0,0,0,0,0,0,0,0,0,0,0,0,0,0,0,0,0,0,0,0,0,0,0,0,0,0,0,0,0,0,0,0,0,0,0,0,0,0,0,0,0,0,0,0,0,0,0,0,0,0,0,0,0,0,0,0,0,0,0,0,0,0,0,0,0,0,0,0,0,0,0,0,0,0,0,0,0,0,0,0,0,0,0,0,0,0,0,0,0,0,0,0,0,0,0,0,0,0,0,0,0,0,0,0,0,0
"MAR",0,0,0,808110000,0,0,0,0,0,0,0,0,0,0,0,0,0,0,0,0,0,0,0,0,1047960000,325100000,25830000,11302200000,0,0,0,0,0,0,215180000,0,0,0,0,0,5758830000,0,0,0,0,0,0,0,435420000,0,0,0,0,821460000,0,0,0,313650000,61181120000,3670000,0,118080000,0,0,0,0,0,196363440000,0,0,0,0,0,0,0,0,0,0,51660000,0,0,116520000,284130000,0,0,0,0,0,0,0,0,0,3690000,0,0,0,0,8404760000,110700000,0,0,0,0,0,0,0,0,4002590000,0,0,0,0,0,0,0,0,58720000,0,0,0,0,0,0,28257320000,0,0,0,0,0,0,0,0,0,0,0,0,0,0,81180000,0,0,0,0,0,0,0,0,0,298810000,0,0,0,0,0,0,0,585270000,0,0,0,3670000,0,0,0,0,0,0,247520000,0,0,0,0,0,3640000,0,0,7340000,0,47680000,4586400000,0,0,0,0,0,2413260000,0,0,216630000,0,0,0,0,0,0
"MOZ",0,0,0,0,0,0,0,0,0,0,0,0,0,0,0,0,0,0,0,0,0,0,0,0,0,0,0,0,0,0,0,0,0,0,0,0,0,0,0,0,0,0,0,0,0,0,0,0,0,0,0,0,0,0,0,0,0,0,0,0,0,0,0,0,0,0,0,0,0,0,0,0,0,0,0,0,0,0,0,0,0,0,0,0,0,0,0,0,0,0,0,0,0,0,0,0,0,0,0,0,0,0,0,0,0,0,0,0,0,0,0,0,0,0,0,0,0,0,0,0,0,0,0,0,0,0,0,0,0,0,0,0,0,0,0,0,0,0,0,0,0,0,0,0,0,0,0,0,0,0,0,0,0,0,0,0,0,0,0,0,0,0,0,0,0,0,0,0,0,0,0,0,0,0,0,0,0,0,0,0,0,0,0,0,0,0,0,0,0,0,0,0,0,0,0
"MDA",0,0,41625740000,0,0,0,33210000,0,0,0,0,0,0,0,0,0,0,0,0,0,0,1094730000,0,0,0,396120000,0,0,0,0,0,0,0,0,0,0,0,0,177120000,29520000,0,0,0,0,0,0,35153500000,0,0,1221390000,0,0,0,0,0,0,2291490000,0,0,67560500000,560880000,556920000,0,43335680000,0,0,0,0,0,0,0,31372620000,16703950000,0,0,0,0,0,0,0,7380000,115465640000,0,25810000,0,0,11070000,0,0,0,0,0,0,1930500000,0,31262400000,0,66420000,0,232470000,0,0,0,0,0,0,0,0,0,0,70110000,0,0,0,0,0,0,0,0,0,0,0,0,0,0,0,0,27137500000,95940000,0,0,0,0,13199680000,0,0,0,0,0,0,142417490000,0,2411470000,0,0,0,0,40590000,0,0,0,0,0,0,0,0,77490000,0,0,3122900000,0,31740020000,11018660000,0,0,0,0,0,0,0,0,0,109151010000,0,0,0,75831360000,36763300000,50046930000,0,0,0,0,5484280000,0,0,0,0,44280000,0,409590000,0,0,0,0
"NAM",0,0,0,0,0,0,0,0,0,0,0,0,0,0,0,0,0,0,0,0,0,0,0,0,0,0,0,0,0,0,0,0,0,0,0,0,0,0,0,0,0,0,0,0,0,0,0,0,0,0,0,0,0,0,0,0,0,0,0,0,0,0,0,0,0,0,0,0,0,0,0,0,0,0,0,0,0,0,0,0,0,0,0,0,0,0,0,0,0,0,0,0,0,0,0,0,0,0,0,0,0,0,0,0,0,0,0,0,0,0,0,0,0,0,0,0,0,0,0,0,0,0,0,0,0,0,0,0,0,0,0,0,0,0,0,0,0,0,0,0,0,0,0,0,0,0,0,0,0,0,0,0,0,0,0,0,0,0,0,0,0,0,0,0,0,0,0,0,0,0,0,0,0,0,0,0,0,0,0,0,0,0,0,0,0,0,0,0,0,0,0,0,0,0,0
"NPL",0,0,0,0,0,0,414710000,0,0,18350000,0,99090000,0,1423960000,0,0,0,0,0,0,0,0,0,0,0,18350000,0,0,0,0,0,9698860000,0,0,0,0,0,0,0,0,0,0,0,0,0,0,0,0,0,0,0,0,0,0,0,0,0,0,0,0,0,0,0,0,0,0,0,0,0,0,0,198180000,0,0,0,38811680000,0,0,0,0,0,0,0,0,0,77290000,0,0,0,0,0,0,99090000,0,0,0,0,0,0,0,0,0,0,741340000,0,0,0,0,0,0,0,0,0,0,0,0,0,0,0,0,0,0,0,0,0,0,0,0,0,0,0,0,0,0,0,0,0,0,1974460000,0,0,0,0,0,0,0,0,80740000,0,0,0,160160000,0,2380980000,0,0,0,0,0,0,0,0,0,0,4769890000,0,0,0,0,0,40040000,0,0,462420000,0,0,995690000,0,427470000,0,0,0,0,0,0,0,0,0,18350000,0,0,0,0,0,0
"NLD",7380000,4054130000,284130000,1187830000,0,273060000,19421100000,44446480000,14760000,634180000,95230000,125460000,0,0,0,0,2509290000,0,0,0,0,2634820000,0,0,988920000,7370720000,36850000,22070000,745380000,271930000,119370000,4712020000,44280000,0,1171490000,0,441270000,84870000,3473060000,13560000,671580000,94339120000,0,92250000,4013380000,38550000,4348240000,0,427490000,1669270000,2684230000,33210000,61641400000,547315590000,0,1280430000,25810000,1474240000,516370000,2158226530000,184500000,1552210000,0,24049080000,0,0,0,110310000,0,1708210000,0,5596270000,3835970000,1482350000,6570970000,3860860000,1214190000,1175120000,327930000,65245270000,112871070000,98217640000,1042770000,88420000,7280000,3684040000,5697970000,3690000,1185120000,0,3690000,1911090000,1633170000,420490000,0,5002240000,0,270890000,2060490000,39451470000,0,47880000,0,21894830000,125460000,154980000,12575580000,92230000,147600000,419730000,59040000,12180960000,22140000,25830000,55260000,140220000,0,0,84870000,147600000,0,2990640000,0,468630000,534880000,52296450000,281130000,298570000,19562640000,0,416970000,161850000,512910000,158817260000,43916120000,273060000,0,182330000,1763160000,94700000,7144940000,3690000,4771270000,0,0,0,0,41739640000,413240000,25810000,47940000,2404220000,2293020000,4654420000,76990000,4250700000,438085770000,15135290000,0,0,98233630000,34867890000,1781040000,70290000,1088490000,214020000,712110000,140220000,0,213980000,1058800000,298890000,14632490000,65746770000,107010000,0,553883770000,917510000,18968130000,110680000,1154970000,0,471210000,179310000,597330000,409520000,791430000,167240000,2063845130000,10298420000,441480000,225090000,0,0,0
"ANT",0,0,0,0,0,0,0,0,0,0,0,0,0,0,0,0,0,0,0,0,0,0,0,0,0,0,0,0,0,0,0,0,0,0,0,0,0,0,0,0,0,0,0,0,0,0,0,0,0,0,0,0,0,0,0,0,0,0,0,0,0,0,0,0,0,0,0,0,0,0,0,0,0,0,0,0,0,0,0,0,0,0,0,0,0,0,0,0,0,0,0,0,0,0,0,0,0,0,0,0,0,0,0,0,0,0,0,0,0,0,0,0,0,0,0,0,0,0,0,0,0,0,0,0,0,0,0,0,0,0,0,0,0,0,0,0,0,0,0,0,0,0,0,0,0,0,0,0,0,0,0,0,0,0,0,0,0,0,0,0,0,0,0,0,0,0,0,0,0,0,0,0,0,0,0,0,0,0,0,0,0,0,0,0,0,0,0,0,0,0,0,0,0,0,0
"NCL",0,0,0,0,0,0,0,0,0,0,0,0,0,0,0,0,0,0,0,0,0,0,0,0,0,0,0,0,0,0,0,0,0,0,0,0,0,0,0,0,0,0,0,0,0,0,0,0,0,0,0,0,0,0,132690000,0,0,0,0,0,0,0,0,0,0,0,0,0,0,0,0,0,0,0,0,0,0,0,0,0,0,0,0,0,0,0,0,0,0,0,0,0,0,0,0,0,0,0,0,0,0,0,0,0,0,0,0,0,0,0,0,0,0,0,0,0,0,0,0,0,14660000,0,0,0,0,0,0,0,0,0,0,0,0,0,0,0,0,0,0,0,0,0,0,0,0,0,0,0,0,0,0,0,0,0,0,0,0,0,0,0,0,0,0,0,0,0,0,0,0,0,0,0,0,0,0,0,0,0,0,0,0,0,0,0,0,0,0,0,0,0,0,0,0,0,0
"MKD",7380000,0,5430280000,988920000,0,0,884430000,177120000,0,0,0,0,0,0,0,0,0,0,0,0,0,2619850000,0,0,0,477560000,0,0,0,0,0,0,0,0,0,0,0,0,273060000,933570000,0,0,0,0,0,0,14760000,0,0,0,0,0,33210000,210330000,0,0,0,0,7380000,321030000,17781130000,14760000,0,6133620000,0,0,0,0,0,0,0,0,346860000,17928410000,0,0,0,0,154980000,0,1022130000,7380000,0,0,0,0,0,0,0,0,0,0,0,0,0,25830000,0,0,261990000,0,0,0,0,0,0,0,18450000,0,0,0,0,33210000,0,0,0,0,413280000,0,0,0,0,0,0,0,0,0,0,0,579330000,0,0,0,0,0,40590000,0,0,0,0,0,13224960000,0,0,0,0,0,0,14760000,0,0,0,2295180000,1642050000,0,0,0,0,0,0,0,616230000,273060000,0,0,0,0,0,0,0,0,0,0,6420600000,47970000,0,0,59040000,0,607200000,0,0,0,0,0,0,162360000,0,0,66420000,0,16220260000,3113440000,0,0,0
"VUT",0,0,0,0,0,0,0,0,0,0,0,0,0,0,0,0,0,0,0,0,0,0,0,0,0,0,0,0,0,0,0,0,0,0,0,0,0,0,0,0,0,0,0,0,0,0,0,0,0,0,0,0,0,0,0,0,0,0,0,0,0,0,0,0,0,0,0,0,0,0,0,0,0,0,0,0,0,0,0,0,0,0,0,0,0,0,0,0,0,0,0,0,0,0,0,0,0,0,0,0,0,0,0,0,0,0,0,0,0,0,0,0,0,0,0,0,0,0,0,0,0,0,0,0,0,0,0,0,0,0,0,0,0,0,0,0,0,0,0,0,0,0,0,0,0,0,0,0,0,0,0,0,0,0,0,0,0,0,0,0,0,0,0,0,0,0,0,0,0,0,0,0,0,0,0,0,0,0,0,0,0,0,0,0,0,0,0,0,0,0,0,0,0,0,0
"NZL",0,0,0,0,0,0,138853580000,0,0,0,0,0,0,0,0,0,0,0,0,1024290000,14760000,0,0,0,0,214590000,0,0,0,0,0,261990000,0,0,0,5.07e+09,0,0,0,0,0,0,0,0,0,0,0,0,0,0,0,26150080000,163660000,0,2606740000,0,0,0,0,0,0,0,0,0,0,0,0,0,0,0,0,2057650000,0,0,0,7380000,0,0,0,0,0,0,0,0,0,9155980000,0,0,0,0,0,793350000,0,0,0,0,0,0,0,0,0,0,0,313550000,0,0,0,0,18450000,0,0,0,0,0,0,0,3690000,0,803370000,0,62280000,0,0,0,0,0,0,0,0,140070000,0,0,33210000,0,0,0,0,0,0,0,0,0,0,0,0,0,0,72800000,0,0,0,0,0,4667850000,0,0,0,0,0,0,0,0,0,0,3276720000,0,800730000,0,512880000,0,0,0,0,3.69e+08,0,14760000,8792110000,0,690030000,0,0,0,0,25830000,0,0,0,0,0,0,0,0,0,0,0
"NIC",0,0,0,0,103320000,0,0,0,239850000,0,391140000,0,0,0,0,0,3439080000,0,0,0,0,0,0,0,0,0,0,0,0,0,0,0,0,0,0,0,107228780000,0,0,0,0,0,47970000,31977540000,0,0,0,9606710000,0,0,0,0,0,0,0,0,0,0,0,0,0,0,0,0,0,0,5284080000,0,2453850000,963090000,9162560000,0,0,0,0,0,0,0,0,0,0,0,0,0,3560850000,0,0,0,0,0,0,0,0,0,0,0,0,0,0,0,0,0,0,0,0,0,0,0,0,0,0,0,0,0,0,0,0,0,0,0,0,0,0,0,0,0,0,6881850000,0,0,0,0,0,0,0,0,0,0,0,0,0,0,0,0,0,0,0,0,0,0,0,0,0,0,0,0,0,1402200000,0,0,0,0,0,0,0,0,0,0,0,1368990000,0,0,0,0,0,0,0,0,2844970000,0,0,0,0,0,0,0,0,0,0,0,0,0,0,0,0
"NER",0,0,0,1.274e+09,0,0,0,0,0,0,0,0,0,0,0,0,0,0,0,0,0,0,0,0,0,0,0,0,0,0,0,523980000,0,0,0,0,0,0,0,0,0,0,0,0,0,0,0,0,0,0,0,0,0,271580000,0,0,0,0,0,0,0,0,0,0,0,0,0,0,0,0,0,0,0,0,0,11070000,0,0,0,0,0,0,0,0,0,0,0,0,0,0,0,0,0,0,0,0,0,0,0,0,0,0,0,0,0,0,0,0,0,0,0,0,0,0,0,0,0,0,0,0,0,0,0,0,968060000,0,0,0,0,0,0,0,0,0,0,0,0,0,0,0,0,0,0,0,0,0,0,0,0,0,0,0,0,0,0,0,99090000,0,0,0,0,0,0,0,0,0,0,0,0,0,0,2708460000,19153730000,0,0,0,0,0,0,0,0,0,0,0,0,0,0,0,0,0,0,0,0,0,0
"NGA",0,0,0,0,0,0,0,0,0,0,0,0,0,0,0,0,0,0,0,0,0,0,0,0,0,0,0,0,0,0,0,0,0,0,0,0,0,0,0,0,0,0,0,0,0,0,0,0,0,0,0,0,0,0,0,0,0,0,0,0,0,0,0,0,0,0,0,0,0,0,0,0,0,0,0,0,0,0,0,0,0,0,0,0,0,0,0,0,0,0,0,0,0,0,0,0,0,0,0,0,0,0,0,0,0,0,0,0,0,0,0,0,0,0,0,0,0,0,0,0,0,0,0,0,0,0,0,0,0,0,0,0,0,0,0,0,0,0,0,0,0,0,0,0,0,0,0,0,0,0,0,0,0,0,0,0,0,0,0,0,0,0,0,0,0,0,0,0,0,0,0,0,0,0,0,0,0,0,0,0,0,0,0,0,0,0,0,0,0,0,0,0,0,0,0
"NOR",0,0,0,0,0,22140000,560220000,154980000,0,7380000,0,0,0,0,0,0,20940000,0,0,0,0,7380000,0,0,7380000,353980000,0,0,3690000,0,3690000,45570000,0,0,0,0,0,0,14760000,0,0,9113640000,0,0,0,7380000,22140000,0,0,136530000,2557500000,0,12628650000,247230000,0,0,0,0,0,653750000,0,3690000,0,89010000,0,0,0,0,0,505530000,0,145560000,0,0,907700000,33210000,0,0,0,0,7380000,1019820000,84870000,0,0,366870000,3690000,0,1538730000,0,0,239850000,0,7380000,0,3690000,0,81180000,0,88560000,0,0,0,7380000,0,0,535050000,0,0,0,0,0,0,0,0,0,897320000,0,0,0,0,77490000,0,0,3690000,0,1280430000,7380000,3690000,0,0,0,3690000,47970000,166050000,18450000,0,0,7380000,0,11070000,0,11070000,0,0,0,0,55350000,0,0,0,3690000,0,604050000,734310000,55350000,209420000,0,0,0,20288730000,22140000,7380000,0,70110000,0,844440000,0,0,7380000,0,0,59040000,2380050000,0,0,840070000,14760000,2180890000,0,11070000,0,0,11070000,0,435420000,0,0,42150000,0,0,0,0,0,0
"PAK",0,3657875250000,0,0,0,0,2740900000,7380000,0,1313390000,0,2452441580000,0,0,0,11070000,0,0,3690000,0,0,0,10036700000,0,7380000,4106950000,0,0,892750720000,0,22140000,29200000,0,316680000,25530000,0,0,0,21840000,0,0,338610000,0,0,0,0,0,0,0,0,0,22020000,0,98670000,0,110548650000,0,107010000,44280000,136030000,0,11070000,0,248380000,0,0,0,0,3690000,0,0,408860000,0,0,0,77150000,111636160000,1380550000,158670000,189720000,0,99090000,0,0,0,114290000,1574190000,0,992853820000,0,61110000,0,1442020000,0,0,282030000,0,40590000,0,0,0,31459130000,0,207009940000,0,0,0,0,4519160000,0,0,51660000,3.11e+08,0,510130000,0,124550000,0,0,0,0,211620000,0,3690000,0,304820000,0,0,0,0,0,0,166901770000,0,0,18450000,0,0,237113020000,1077740000,0,0,0,0,0,0,0,19320010000,258300000,11010000,25830000,0,0,22423670000,40385610000,7831410000,0,0,0,0,43940000,24570000,0,0,27695250000,43723140000,123790000,0,0,0,78810510000,0,51660000,0,154650000,0,8384940000,0,10013190000,0,0,0,0,38097370000,0,793225600000,69710000,18450000,131100000,0,0,0,0,0,0
"PAN",0,0,0,0,0,0,0,0,0,0,0,0,0,0,0,0,0,0,0,0,0,0,0,0,0,14760000,0,0,0,0,0,0,0,0,0,0,1405810000,66420000,0,0,0,0,0,0,0,0,0,0,0,0,0,0,0,0,0,0,0,0,0,0,0,0,0,0,0,0,0,0,0,0,0,0,0,0,0,0,0,0,0,0,0,0,0,0,261990000,0,0,0,0,0,0,0,0,0,0,0,0,0,0,0,0,0,0,0,0,0,0,0,0,0,0,0,0,0,0,0,0,0,0,0,0,0,0,0,0,0,0,0,0,0,0,0,0,0,0,0,0,0,0,0,0,0,0,0,0,0,0,0,0,0,0,0,0,0,0,0,3690000,0,0,0,0,0,0,0,0,0,0,0,0,0,0,0,0,0,0,0,0,0,2014740000,0,0,0,0,0,0,0,0,0,0,0,0,0,0,0,0
"CZE",3690000,0,0,0,0,0,1830240000,537866260000,0,0,0,0,0,0,0,0,0,0,0,0,0,10047780000,0,0,0,69910000,0,0,0,0,0,29470000,0,0,0,0,0,0,125460000,25830000,0,426130000,0,11070000,0,0,0,0,0,5043150000,0,0,1558420000,42683300000,0,0,0,0,0,6177558600000,0,498680000,0,109400000,0,0,0,0,0,0,0,0,92413930000,6460100000,7380000,0,0,0,0,284970000,89640000,116405670000,0,0,0,0,0,0,0,0,0,33210000,114390000,5802270000,0,2597760000,0,0,0,11079870000,0,0,0,0,0,0,14740000,0,0,0,0,0,0,7340000,0,0,13336930000,0,0,0,0,0,0,0,0,2166030000,0,0,0,0,0,0,0,1987260900000,8067970000,0,0,0,0,0,43355530000,0,13106620000,0,0,0,0,47970000,0,0,0,5739260000,848684460000,3690000,0,0,18217530000,0,0,0,2273040000,24682900000,0,0,0,0,0,0,0,0,0,0,188190000,280440000,0,0,29343500000,1929380000,1730310000,0,0,0,0,0,0,0,0,0,53095520000,3964580000,282280000,3690000,0,0,0
"PNG",0,0,0,0,0,0,0,0,0,0,0,0,0,0,0,0,0,0,0,0,0,0,0,0,0,0,0,0,0,0,0,0,0,0,0,0,0,0,0,0,0,0,0,0,0,0,0,0,0,0,0,0,0,0,0,0,0,0,0,0,0,0,0,0,0,0,0,0,0,0,0,0,0,0,0,0,0,0,0,0,0,0,0,0,0,0,0,0,0,0,0,0,0,0,0,0,0,0,0,0,0,0,0,0,0,0,0,0,0,0,0,0,0,0,0,0,0,0,0,0,0,0,0,0,0,0,0,0,0,0,0,0,0,0,0,0,0,0,0,0,0,0,0,0,0,0,0,0,0,0,0,0,0,0,0,0,0,0,0,0,0,0,0,0,0,0,0,0,0,0,0,0,0,0,0,0,0,0,0,0,0,0,0,0,0,0,0,0,0,0,0,0,0,0,0
"PRY",0,0,0,87177340000,0,467600000,0,0,0,0,0,0,0,0,0,0,3487954040000,0,0,0,0,0,0,0,33433400000,40450000,0,0,79518720000,0,0,0,404063180000,0,26913720000,0,0,0,0,0,0,0,0,0,0,0,0,0,0,0,0,0,0,0,0,0,0,0,0,0,0,0,0,0,0,0,0,0,0,0,0,0,0,0,0,0,0,0,0,0,0,0,0,0,0,0,0,0,234324380000,0,0,0,0,0,0,0,0,0,95250120000,0,0,0,0,0,0,1.169e+10,0,0,0,0,0,296505160000,0,0,0,0,0,0,0,0,0,0,0,0,0,0,0,0,0,0,0,0,0,0,0,0,0,0,0,0,84144620000,2.004e+10,0,0,0,0,0,0,0,0,0,0,0,0,0,0,91900000,0,0,0,0,0,0,0,0,65069880000,0,127400000,0,0,0,0,342884400000,241555480000,8.851e+10,0,0,0,129150000,6.847e+09,99200900000,0,0,0,0,220196180000,0,0,0,0,0,0,0,0,0
"PER",0,0,0,0,0,0,14760000,0,77490000,0,0,0,0,0,34644640000,0,2571410000,0,0,0,0,0,0,0,0,14410000,0,0,0,0,228713170000,107010000,72738040000,0,0,0,7298820000,114390000,0,0,0,0,0,3220850000,0,101358440000,0,418520000,0,0,0,0,0,7380000,0,0,0,0,0,0,0,0,0,0,0,0,6161960000,0,0,131435090000,114390000,0,0,0,0,0,0,0,0,0,0,71700000,0,0,154980000,491640000,0,0,0,0,0,0,0,0,0,0,0,0,0,0,0,0,0,0,0,0,0,0,0,276750000,0,0,0,0,0,0,276590000,0,0,0,0,173430000,3222580000,0,0,3690000,0,27724940000,0,0,0,0,0,0,0,0,0,0,0,0,0,0,0,0,0,0,0,0,0,0,0,0,0,0,0,0,827350000,390200000,0,0,7380000,7380000,0,0,0,0,0,0,0,254610000,0,0,0,0,0,0,0,0,9667870000,0,0,0,4021440000,0,0,0,0,0,3690000,0,0,0,0,0,0
"PHL",0,0,0,0,0,0,2880070000,7340000,0,571660000,0,29360000,0,0,0,0,0,0,0,25830000,437730000,0,0,0,0,6339440000,0,0,0,0,0,2060610000,0,0,0,0,0,0,146980000,0,0,110700000,0,0,0,0,0,0,0,0,0,22140000,0,80780000,179450000,0,0,0,0,44040000,0,47970000,14720000,67550000,0,0,0,0,0,0,0,3440310000,0,0,0,18450000,62730000,0,0,18390000,257080000,850440000,0,0,0,4599750000,102760000,0,0,33030000,0,7670590000,1598740000,0,0,396520000,0,0,0,0,164810000,0,0,2070590000,185400000,0,7380000,0,0,0,50550000,0,0,0,0,7380000,942270000,0,0,0,152460000,1053800000,0,0,0,279280000,0,7340000,0,653900000,0,0,0,0,0,0,0,0,1595640000,0,0,0,7340000,0,0,0,0,6017010000,0,0,36900000,0,0,1.728e+09,0,77490000,241550000,0,0,0,40390000,91770000,0,0,6221860000,25830000,104354780000,0,18450000,0,134990000,0,0,6462610000,0,0,1732480000,0,27970220000,0,0,0,0,11677290000,0,33190000,0,0,92060000,0,0,0,0,0,0
"POL",217430000,0,516600000,457650000,0,844510000,3628660000,45442860000,0,3690000,0,91315600000,0,0,0,0,112050240000,0,0,0,11070000,26920530000,0,0,446490000,6610440000,0,0,0,0,35790000,1867510000,0,0,0,0,0,8.4502e+10,357760000,5760160000,0,65188110000,0,0,15439710000,0,204858260000,0,0,15316260000,3690000,0,19855270000,207784300000,0,0,70110000,0,0,4556494680000,1881900000,0,0,7063930000,0,0,0,0,0,0,0,1576920000,131953710000,19326570000,2769430000,2963070000,3505320000,309960000,298890000,72352660000,6536960000,34609070000,0,7382330000,0,3265650000,261670000,25830000,0,0,0,3349530000,8272980000,34893880000,0,2255620000,0,0,2306250000,203281590000,0,0,0,464940000,0,0,383760000,84410000,0,0,287740000,117918390000,0,1453460000,0,0,254078780000,0,0,184500000,0,581460000,0,3690000,69674500000,189343010000,7380000,0,320484570000,13726440000,0,0,1722370000,0,72511820000,0,0,0,62730000,0,66797950000,0,47073010000,0,0,0,0,196023820000,0,62730000,0,10488340000,1.91434e+11,1126720000,0,2009410000,252412840000,0,11070000,0,97876050000,7420420000,40590000,1724940000,1214010000,0,18450000,0,0,3211830000,62730000,0,19601330000,5595470000,0,0,2.14439e+11,26880570000,27980750000,0,0,103320000,0,1978830000,0,516600000,0,0,125183570000,586710000,5995780000,247230000,0,0,84870000
"PRT",93540000,0,125460000,741310000,0,0,550040000,498150000,0,3690000,0,0,0,0,0,179830000,2720700000,0,0,0,0,88830000,18450000,0,18450000,2699870000,15461560000,0,0,0,557190000,559580000,73800000,0,44280000,0,0,51400000,1015500000,140220000,0,2031810000,44820000,1279590000,0,0,0,0,280080000,0,0,0,784770000,42149540000,0,7380000,29520000,14760000,73800000,31718720000,0,70110000,0,1658910000,0,0,0,0,0,7380000,18450000,929880000,671820000,14760000,0,81180000,0,0,18450000,8478600000,3099120000,14062510000,121770000,0,0,5837580000,0,0,0,33210000,0,118080000,3690000,0,0,33210000,0,0,366780000,0,130270000,44280000,0,0,0,0,102120000,3690000,202950000,384480000,18450000,657170000,4452750000,0,25690000,18450000,5008460000,0,0,0,0,107010000,0,0,0,99630000,0,18450000,111060000,0,44280000,13560000,184500000,2994690000,0,9014260000,164150000,0,0,0,214200000,0,1726920000,0,0,0,35248350000,191880000,118080000,40550000,0,108300000,78300000,269370000,0,2006500000,662632510000,114390000,0,0,238740000,3630070000,65220000,0,46770000,36900000,62730000,201950000,0,157470000,84870000,0,85050000,165650000,0,0,6742160000,450240000,5485230000,0,191880000,0,86250000,70110000,0,0,103260000,44280000,4211240000,3226210000,0,0,0,0,0
"GNB",0,0,0,0,0,0,0,0,0,0,0,0,0,0,0,0,0,0,0,0,0,0,0,0,0,0,0,0,0,0,0,0,0,0,0,0,0,0,0,0,0,0,0,0,0,0,0,0,0,0,0,0,0,0,0,0,0,0,0,0,0,0,0,0,0,0,0,0,0,0,0,0,0,0,0,0,0,0,0,0,0,0,0,0,0,0,0,0,0,0,0,0,0,0,0,0,0,0,0,0,0,0,0,0,0,0,0,0,0,0,0,0,0,0,0,0,0,0,0,0,0,0,0,0,0,0,0,0,0,0,0,0,0,0,0,0,0,0,0,0,0,0,0,0,0,0,0,0,0,0,0,0,0,0,0,0,0,0,0,0,0,0,0,0,0,0,0,0,0,0,0,0,0,0,0,0,0,0,0,0,0,0,0,0,0,0,0,0,0,0,0,0,0,0,0
"TLS",0,0,0,0,0,0,0,0,0,0,0,0,0,0,0,0,0,0,0,0,0,0,0,0,0,0,0,0,0,0,0,0,0,0,0,0,0,0,0,0,0,0,0,0,0,0,0,0,0,0,0,0,0,0,0,0,0,0,0,0,0,0,0,0,0,0,0,0,0,0,0,0,0,0,0,0,0,0,0,0,0,0,0,0,0,0,0,0,0,0,0,0,0,0,0,0,0,0,0,0,0,0,0,0,0,0,0,0,0,0,0,0,0,0,0,0,0,0,0,0,0,0,0,0,0,0,0,0,0,0,0,0,0,0,0,0,0,0,0,0,0,0,0,0,0,0,0,0,0,0,0,0,0,0,0,0,0,0,0,0,0,0,0,0,0,0,0,0,0,0,0,0,0,0,0,0,0,0,0,0,0,0,0,0,0,0,0,0,0,0,0,0,0,0,0
"ERI",0,0,0,0,0,0,0,0,0,0,0,0,0,0,0,0,0,0,0,0,0,0,0,0,0,0,0,0,0,0,0,0,0,0,0,0,0,0,0,0,0,0,0,0,0,0,0,0,0,0,0,0,0,0,0,0,0,0,0,0,0,0,0,0,0,0,0,0,0,0,0,0,0,0,0,0,0,0,0,0,0,0,0,0,0,0,0,0,0,0,0,0,0,0,0,0,0,0,0,0,0,0,0,0,0,0,0,0,0,0,0,0,0,0,0,0,0,0,0,0,0,0,0,0,0,0,0,0,0,0,0,0,0,0,0,0,0,0,0,0,0,0,0,0,0,0,0,0,0,0,0,0,0,0,0,0,0,0,0,0,0,0,0,0,0,0,0,0,0,0,0,0,0,0,0,0,0,0,0,0,0,0,0,0,0,0,0,0,0,0,0,0,0,0,0
"QAT",0,0,0,0,0,0,0,0,0,0,0,0,0,0,0,0,0,0,0,0,0,0,0,0,0,0,0,0,0,0,0,0,0,0,0,0,0,0,0,0,0,0,0,0,0,0,0,0,0,0,0,0,0,0,0,0,0,0,0,0,0,0,0,0,0,0,0,0,0,0,0,0,0,0,0,0,0,0,0,0,0,0,0,0,0,0,0,0,0,0,0,0,0,0,0,0,0,0,0,0,0,0,0,0,0,0,0,0,0,0,0,0,0,0,0,0,0,0,0,0,0,0,0,0,0,0,0,0,0,0,0,0,0,0,0,0,0,0,0,0,0,0,0,0,0,0,0,0,0,0,0,0,0,0,0,0,0,0,0,0,0,0,0,0,0,0,0,0,0,0,0,0,0,0,0,0,0,0,0,0,0,0,0,0,0,0,0,0,0,0,0,0,0,0,0
"ZWE",0,0,0,0,0,0,0,0,0,0,0,0,0,0,0,1793340000,0,0,0,0,0,0,0,0,0,0,0,0,0,0,0,0,0,0,0,0,0,0,0,0,0,0,0,0,0,0,0,0,0,0,0,0,0,0,0,0,0,0,0,0,0,0,0,0,0,0,0,0,0,0,0,0,0,0,0,0,0,0,0,0,0,0,0,0,0,0,0,0,0,0,0,0,0,0,0,0,0,0,0,0,0,0,98280000,0,0,0,0,0,0,0,0,0,800710000,0,22140000,0,0,0,0,0,0,0,0,0,0,0,0,0,0,0,0,0,0,0,0,0,0,0,0,0,0,0,0,0,0,0,0,0,0,0,0,0,0,0,0,1453510000,0,0,0,0,0,0,0,0,0,0,0,0,0,0,0,0,0,0,0,0,14760000,0,0,0,0,0,0,0,0,0,0,2044260000,0,0,0,0,0,0,0
"ROU",35504200000,0,26281240000,1645740000,0,0,293740000,83022660000,0,7380000,0,711603700000,0,0,0,0,25830000,0,0,0,0,90322360000,0,0,0,765870000,0,0,0,0,0,114390000,0,0,990900000,0,0,0,91222840000,25830000,198180000,9353790000,0,0,594920000,0,650312030000,0,0,472320000,0,0,343170000,170310780000,0,0,61880890000,0,0,452341070000,852390000,1258290000,0,419213480000,0,0,0,0,0,0,0,88560000,138887920000,3648340000,0,17103950000,0,0,122948460000,417260000,431901500000,1925944940000,0,0,0,158670000,335569780000,0,0,0,11070000,543015180000,0,707280000,0,48814490000,0,0,214445720000,909710000,0,0,0,11070000,0,0,4903510000,0,25830000,287060000,0,110700000,656930000,13835210000,0,0,579378660000,0,0,3004950000,0,22140000,0,0,0,25830000,54600000,0,88603860000,0,0,0,902848760000,8948490000,112997610000,0,0,0,0,0,0,0,361240000,0,0,0,0,197559560000,5280390000,0,0,382530000,14287690000,103320000,0,253330000,3201832790000,59040000,0,0,961720000,13593800000,734144470000,0,0,0,2.4048e+11,6180000,0,143590000,0,16152240000,459237160000,286400000,0,0,191770250000,950890000,6342700000,0,44280000,0,0,2.58349e+11,33416700000,0,0,0,168744340000,133600000,7477300000,479700000,0,0,140220000
"RWA",0,0,0,0,0,0,0,0,0,0,0,0,0,0,0,0,0,0,0,0,0,0,0,335010000,0,0,0,0,0,0,0,0,0,0,0,0,0,0,0,0,0,0,0,0,0,0,0,0,0,0,0,0,0,0,0,0,0,0,0,0,0,0,0,0,0,0,0,0,0,0,0,0,0,0,0,0,0,0,0,0,0,0,0,0,0,0,0,0,752280000,0,0,0,0,0,0,0,0,0,0,0,0,0,0,0,0,0,0,0,0,0,0,0,0,0,0,0,0,0,0,0,0,0,0,0,0,0,0,0,0,0,0,0,0,0,0,0,0,0,0,0,0,0,0,0,0,0,0,0,0,0,0,0,0,0,0,0,0,0,0,0,0,0,0,0,0,254800000,0,0,0,0,0,0,0,4833920000,102020000,0,61880000,0,0,0,0,0,0,0,0,0,32673370000,0,0,0,0,0,0,0,0
"RUS",1721003120000,125518120000,1205682660000,0,0,0,864320000,118580020000,0,11070000,0,835821640000,0,0,0,0,96468130000,0,0,0,0,623610000,0,0,0,1004660000,0,0,17227720000,4782880000,0,6468280000,0,0,8.35e+09,0,0,321767260000,131910960000,2298359830000,0,3626650000,0,0,0,3.4235e+10,32214591220000,0,0,2441820000,0,0,10920000,3690000,0,1091234780000,2222048140000,0,163800000,8580200000,0,0,0,680456270000,0,0,0,0,0,0,0,99630000,0,0,4024700000,13390060000,241330340000,1309452200000,2152397300000,0,3269511710000,1718333140000,0,73319390000,0,169621790000,2108242450000,145346560000,3246240900000,0,234349800000,232009640000,18450000,261898110000,0,1438278180000,0,327600000,2189578220000,16373780000,0,0,0,24442120000,0,0,0,295306100000,0,0,660081900000,465282040000,453445780000,54078240000,0,0,214257200000,0,0,0,0,3690000,8.5671e+10,0,114412400000,130036520000,3690000,0,416920000,0,0,510619200000,76800360000,11860530000,148521880000,0,0,241034440000,70154760000,66088580000,0,45460740000,0,0,0,0,0,493770090000,35798120000,0,6.68e+09,0,409590000,6026800000,0,476935300000,1284739430000,0,166759280000,0,0,35457440000,1422476920000,116279870000,17808660000,1307115680000,415917620000,0,0,0,354605510000,1941803900000,11864363260000,1085135610000,274087080000,0,177070000,218613670000,10292370000,0,0,257586120000,0,40240650000,1310101640000,3384984520000,28112780000,0,43880000,0,13047840000,0,0,0,7818720000
"KNA",0,0,0,0,0,0,0,0,0,0,0,0,0,0,0,0,0,0,0,0,0,0,0,0,0,0,0,0,0,0,0,0,0,0,0,0,0,0,0,0,0,0,0,0,0,0,0,0,0,0,0,0,0,0,0,0,0,0,0,0,0,0,0,0,0,0,0,0,0,0,0,0,0,0,0,0,0,0,0,0,0,0,0,0,0,0,0,0,0,0,0,0,0,0,0,0,0,0,0,0,0,0,0,0,0,0,0,0,0,0,0,0,0,0,0,0,0,0,0,0,0,0,0,0,0,0,0,0,0,0,0,0,0,0,0,0,0,0,0,0,0,0,0,0,0,0,0,0,0,0,0,0,0,0,0,0,0,0,0,0,0,0,0,0,0,0,0,0,0,0,0,0,0,0,0,0,0,0,0,0,0,0,0,0,0,0,0,0,0,0,0,0,0,0,0
"LCA",0,0,0,0,0,0,0,0,0,0,0,0,0,0,0,0,0,0,0,0,0,0,0,0,0,0,0,0,0,0,0,0,0,0,0,0,0,0,0,0,0,0,0,0,0,0,0,0,0,0,0,0,0,0,0,0,0,0,0,0,0,0,0,0,0,0,0,0,0,0,0,0,0,0,0,0,0,0,0,0,0,0,0,0,0,0,0,0,0,0,0,0,0,0,0,0,0,0,0,0,0,0,0,0,0,0,0,0,0,0,0,0,0,0,0,0,0,0,0,0,0,0,0,0,0,0,0,0,0,0,0,0,0,0,0,0,0,0,0,0,0,0,0,0,0,0,0,0,0,0,0,0,0,0,0,0,0,0,0,0,0,0,0,0,0,0,0,0,0,0,0,0,0,0,0,0,0,0,0,0,0,0,0,0,0,0,0,0,0,0,0,0,0,0,0
"VCT",0,0,0,0,8029840000,0,0,0,0,0,3054010000,0,0,0,0,0,0,0,0,0,0,0,0,0,0,0,0,0,0,0,0,0,0,0,0,0,0,0,0,0,0,0,5969600000,0,0,0,0,0,0,0,0,0,0,0,0,0,0,0,0,0,0,0,0,0,0,2271360000,0,0,0,80080000,0,0,0,0,0,0,0,0,0,0,0,0,0,0,0,0,0,0,0,0,0,0,0,0,0,0,0,0,0,0,0,0,0,0,0,0,0,0,0,0,0,0,0,0,0,0,0,0,0,0,0,0,0,0,0,0,0,0,0,0,0,0,0,0,0,0,0,0,0,0,0,0,0,4994080000,19576160000,0,0,0,0,0,0,0,0,0,0,0,0,551100000,0,0,0,0,0,0,0,0,0,0,0,0,0,0,0,0,0,0,0,0,0,0,0,0,0,0,0,0,0,0,0,0,0,0,0,0,0
"STP",0,0,0,0,0,0,0,0,0,0,0,0,0,0,0,0,0,0,0,0,0,0,0,0,0,0,0,0,0,0,0,0,0,0,0,0,0,0,0,0,0,0,0,0,0,0,0,0,0,0,0,0,0,0,0,0,0,0,0,0,0,0,0,0,0,0,0,0,0,0,0,0,0,0,0,0,0,0,0,0,0,0,0,0,0,0,0,0,0,0,0,0,0,0,0,0,0,0,0,0,0,0,0,0,0,0,0,0,0,0,0,0,0,0,0,0,0,0,0,0,0,0,0,0,0,0,0,0,0,0,0,0,0,0,0,0,0,0,0,0,0,0,0,0,0,0,0,0,0,0,0,0,0,0,0,0,0,0,0,0,0,0,0,0,0,0,0,0,0,0,0,0,0,0,0,0,0,0,0,0,0,0,0,0,0,0,0,0,0,0,0,0,0,0,0
"SAU",0,0,0,0,0,0,0,0,0,0,0,0,0,0,0,0,0,0,0,0,0,0,0,0,0,0,0,0,0,0,0,0,0,0,0,0,0,0,0,0,0,0,0,0,0,0,0,0,0,0,0,0,0,0,0,0,0,0,0,0,0,0,0,0,0,0,0,0,0,0,0,0,0,0,0,0,0,0,0,0,0,0,0,0,0,0,0,0,0,0,0,0,0,0,0,0,0,0,0,0,0,0,0,0,0,0,0,0,0,0,0,0,0,0,0,0,0,0,0,0,0,0,0,0,0,0,0,0,0,0,0,0,0,0,0,0,0,0,0,0,0,0,0,0,0,0,0,0,0,0,0,0,0,0,0,0,0,0,0,0,0,0,0,0,0,0,0,0,0,0,0,0,0,0,0,0,0,0,0,0,0,0,0,0,0,0,0,0,0,0,0,0,0,0,0
"SEN",0,0,0,0,0,0,0,0,0,0,0,0,0,0,0,0,498150000,0,0,0,0,0,0,0,0,0,0,0,0,0,0,0,0,0,11010000,0,0,0,0,0,2398760000,0,0,0,0,0,0,0,0,0,0,0,0,380300000,0,0,0,25830000,11199500000,0,0,40590000,0,88560000,0,0,0,4062320000,0,0,0,0,0,0,0,0,0,0,0,0,0,70110000,125220000,0,0,0,0,0,0,0,0,0,0,0,0,0,0,18450000,0,0,0,0,0,0,0,88183070000,0,1442650000,0,0,0,0,0,0,0,0,0,0,0,0,0,0,0,3987880000,0,0,0,0,0,0,0,0,0,0,0,8377620000,0,0,0,0,0,0,0,0,0,0,0,103500000,0,0,665590000,0,0,0,0,0,59040000,0,0,0,0,10020000,0,0,0,0,0,125460000,0,0,0,0,0,0,0,0,783960000,0,0,18815300000,0,0,0,0,0,0,0,0,0,0,0,0,0,0,0
"SYC",0,0,0,0,0,0,0,0,0,0,0,0,0,0,0,0,0,0,0,0,0,0,0,0,0,0,0,0,0,0,0,0,0,0,0,0,0,0,0,0,0,0,0,0,0,0,0,0,0,0,0,0,0,0,0,0,0,0,0,0,0,0,0,0,0,0,0,0,0,0,0,0,0,0,0,0,0,0,0,0,0,0,0,0,0,0,0,0,0,0,0,0,0,0,0,0,0,0,0,0,0,0,0,0,0,0,0,0,0,0,0,0,0,0,0,0,0,0,0,0,0,0,0,0,0,0,0,0,0,0,0,0,0,0,0,0,0,0,0,0,0,0,0,0,0,0,0,0,0,0,0,0,0,0,0,0,0,0,0,0,0,0,0,0,0,0,0,0,0,0,0,0,0,0,0,0,0,0,0,0,0,0,0,0,0,0,0,0,0,0,0,0,0,0,0
"SLE",0,0,0,0,0,0,0,0,0,0,0,0,0,0,0,0,0,0,0,0,0,0,0,0,0,0,0,0,0,0,0,0,0,0,0,0,0,0,0,0,0,0,0,0,0,0,0,0,0,0,0,0,0,0,0,0,0,0,0,0,0,0,0,0,0,0,0,0,0,0,0,0,0,0,0,0,0,0,0,0,0,0,0,0,0,0,0,0,0,0,0,0,0,0,0,0,0,0,0,0,0,0,0,0,0,0,0,0,0,0,0,0,0,0,0,0,0,0,0,0,0,0,0,0,0,0,0,0,0,0,0,0,0,0,0,0,0,0,0,0,0,0,0,0,0,0,0,0,0,0,0,0,0,0,0,0,0,0,0,0,0,0,0,0,0,0,0,0,0,0,0,0,0,0,0,0,0,0,0,0,0,0,0,0,0,0,0,0,0,0,0,0,0,0,0
"SVN",0,0,75850000,0,0,0,0,17002590000,0,0,0,0,0,0,0,0,0,0,0,0,0,224110000,0,0,0,561460000,0,0,0,0,0,0,0,0,0,0,0,0,0,47970000,0,25690000,0,0,0,0,0,0,0,0,0,0,0,828800000,0,0,11070000,0,0,2974220000,5001960000,0,0,22410000,0,0,0,0,0,29330000,0,0,18327870000,42750340000,0,0,0,0,0,0,20341290000,163199830000,0,33210000,0,0,385350000,0,0,0,0,0,0,0,0,0,0,0,0,2490000,0,0,0,0,0,0,0,0,0,0,0,0,0,44040000,0,0,69970000,0,0,629810000,0,0,0,0,0,0,0,0,242360000,0,0,0,0,3690000,0,0,0,0,0,0,6680000,0,619640000,0,0,0,0,0,0,0,0,0,119930000,0,0,0,3640000,0,0,0,701860000,0,0,0,0,0,121798040000,0,0,0,0,0,0,3670000,0,0,103320000,0,1129130000,0,0,0,0,0,0,0,0,0,6147540000,0,978540000,153840000,0,0,0
"SVK",0,0,0,0,0,0,3690000,470912290000,0,0,0,0,0,0,0,0,0,0,0,0,0,2370160000,0,0,0,44140000,0,0,0,0,0,163850000,0,0,0,0,0,0,510140000,0,0,495820000,0,0,467580000,0,0,0,0,0,0,0,0,84630000,0,0,63460000,0,0,245203840000,0,0,0,3690000,0,0,0,0,0,0,0,0,1016664370000,2903170000,0,0,0,0,0,316080000,3690000,156058230000,0,0,0,0,0,0,0,0,0,0,0,627670000,0,0,0,0,66420000,657290000,0,0,0,0,0,0,0,0,0,0,0,0,0,131040000,0,0,9190730000,0,0,0,0,0,0,0,0,3690000,0,0,415176130000,0,0,0,0,573861160000,1907140000,0,0,0,0,0,24392020000,0,283550000,0,0,0,0,0,0,0,0,10282560000,0,0,0,0,24037600000,0,0,0,7380000,3353360000,0,0,0,0,0,0,0,0,0,0,16700000,0,0,0,6.43e+08,125020000,209630000,0,0,0,0,0,0,0,0,0,180710000,0,3690000,0,0,0,0
"SGP",0,3690000,0,0,0,0,6581440000,3690000,0,1316150000,0,286780000,0,0,0,0,0,0,0,228760000,19102800000,0,4452100000,0,0,2767460000,0,0,805050000,0,0,4233150000,0,51660000,0,0,0,0,408990000,29520000,73800000,29520000,0,0,0,0,206540000,0,0,0,0,36900000,25830000,629740000,1774790000,0,0,0,0,1361350000,0,0,7380000,586710000,0,0,0,55350000,0,0,0,6604870000,0,0,0,1942330000,71612010000,0,0,22140000,77490000,55290000,3690000,520290000,0,17593760000,630540000,0,143760000,3681510000,118080000,36566690000,2272920000,3690000,0,405820000,0,0,11070000,40590000,3670000,388840000,0,134261050000,18466910000,0,3690000,0,1641760000,0,232320000,0,0,0,0,0,1977180000,0,531360000,0,1570190000,457280000,0,0,29520000,33210000,149510000,0,0,4882130000,0,66420000,6734040000,14760000,7340000,0,143520000,0,1088550000,0,0,0,228640000,0,0,0,0,2867110000,0,1188440000,0,0,0,0,0,224830000,1232460000,0,0,0,180090000,29500000,59040000,0,6953600000,76440000,143936440000,55350000,0,0,585360000,47970000,29520000,5077790000,0,0,4153680000,0,16698480000,0,0,73800000,0,5395450000,0,25830000,0,0,11070000,0,0,0,0,0,0
"SOM",0,0,0,0,0,0,0,0,0,0,0,0,0,0,0,0,0,0,0,0,0,0,0,0,0,0,0,0,0,0,0,0,0,0,0,0,0,0,0,0,0,0,0,0,0,0,0,0,0,0,0,0,0,0,0,0,0,0,0,0,0,0,0,0,0,0,0,0,0,0,0,0,0,0,0,0,0,0,0,0,0,0,0,0,0,0,0,0,0,0,0,0,0,0,0,0,0,0,0,0,0,0,0,0,0,0,0,0,0,0,0,0,0,0,0,0,0,0,0,0,0,0,0,0,0,0,0,0,0,0,0,0,0,0,0,0,0,0,0,0,0,0,0,0,0,0,0,0,0,0,0,0,0,0,0,0,0,0,0,0,0,0,0,0,0,0,0,0,0,0,0,0,0,0,0,0,0,0,0,0,0,0,0,0,0,0,0,0,0,0,0,0,0,0,0
"ZAF",0,0,0,0,0,0,2828720000,0,0,12360000,0,232960000,0,0,0,0,0,0,0,0,0,0,0,0,0,571200000,0,0,2490000,0,0,2490000,0,11070000,7380000,0,0,0,43080000,0,3690000,7380000,0,0,0,0,0,0,0,0,0,0,0,835520000,0,0,0,0,0,3640000,0,2595200000,18200000,0,0,0,0,236160000,0,0,0,0,0,0,0,7380000,0,0,0,22230000,731910000,0,0,0,0,0,0,0,394860000,0,0,0,0,0,0,0,0,7380000,0,0,0,5464770000,6094360000,182660000,0,0,0,3690000,3152280000,0,0,0,29368280000,0,0,0,14560000,0,0,0,0,425880000,0,0,355040000,0,0,0,0,6180000,0,0,0,0,2490000,0,0,0,64110000,570888100000,0,0,0,0,0,0,0,3640000,0,1615900000,0,0,0,27120000,51660000,0,3690000,0,0,0,3340000,3670000,0,0,440880000,5061280000,0,0,0,0,0,0,0,1307810000,18882870000,0,998030000,0,598390000,0,0,0,0,0,3690000,0,11805970000,83512630000,0,0,0,0,0,0,0
"ESP",9960000,979930000,11445510000,203283020000,0,84830000,9258160000,10923910000,0,501840000,0,0,0,0,0,0,2697980000,0,0,0,0,2623360000,0,0,21420240000,18786380000,696970000,0,0,0,2509320000,11654560000,930630000,3690000,247230000,0,103320000,8378550000,2173670000,151290000,125460000,11421290000,0,8224940000,0,821150000,1266010000,0,42288920000,1620840000,0,0,10920990000,905454550000,47970000,29520000,18450000,1699930000,2341500000,126148360000,1090310000,250920000,0,30217780000,0,0,139080000,388990000,0,448890000,18450000,1333220000,1324320000,1941210000,349160000,587590000,11242370000,284130000,232470000,11530650000,12245580000,485096130000,7702290000,535490000,0,3146570000,1982220000,0,0,0,0,2077190000,1560750000,1263890000,0,8599210000,0,84870000,77787330000,213080000,14680000,1135680000,0,186890000,143910000,41466880000,1773630000,16683790000,594090000,6750700000,132840000,27262770000,36860000,14760000,0,346600000,31748360000,0,243540000,231630000,0,243540000,7380000,107010000,191880000,21796040000,70110000,2755740000,9801700000,0,3690000,1.03e+08,341130000,14873720000,2640872090000,366550000,0,0,261690000,0,7423990000,0,2267870000,0,0,0,380070000,45556860000,24774910000,0,0,1542420000,3367770000,225090000,0,1051650000,0,55350000,0,0,50690690000,11239400000,337140000,33210000,55350000,0,1174740000,22140000,0,852390000,104560000,513506400000,48162470000,4770600000,0,0,331753100000,3866640000,51351880000,209350000,318720000,0,589240000,723240000,3690000,92250000,509220000,0,178342380000,456100000,78780000,9870000,0,0,0
"SUR",0,0,0,0,0,0,0,0,0,0,323960000,0,0,0,0,0,0,0,0,0,0,0,0,0,0,0,0,0,0,0,0,0,0,0,0,0,0,0,0,0,0,0,374920000,0,0,0,0,0,0,0,0,0,0,3640000,0,0,0,0,0,3640000,0,0,0,0,0,0,0,0,723770000,232960000,0,0,0,0,0,3640000,0,0,0,0,0,0,0,0,0,0,0,0,0,0,0,0,0,0,0,0,0,0,0,0,0,0,0,0,0,0,0,0,0,0,0,0,0,0,0,0,194100000,0,0,0,0,0,0,0,0,0,0,0,0,0,0,0,0,0,0,0,0,0,0,0,0,0,0,0,0,0,0,0,0,0,0,0,0,0,0,0,0,0,0,0,0,0,0,0,0,0,0,0,0,25480000,0,0,0,0,0,0,0,0,2099240000,0,0,0,0,0,0,0,0,0,0,0,0,0,0,0,0
"TJK",0,0,0,0,0,0,0,0,0,0,0,0,0,0,0,0,0,0,0,0,0,0,0,0,0,0,0,0,0,0,0,0,0,0,0,0,0,0,0,0,0,0,0,0,0,0,0,0,0,0,0,0,0,0,0,0,0,0,0,0,0,0,0,0,0,0,0,0,0,0,0,0,0,0,0,0,0,0,0,0,0,0,0,0,0,0,0,0,0,0,0,0,0,0,0,0,0,0,0,0,0,0,0,0,0,0,0,0,0,0,0,0,0,0,0,0,0,0,0,0,0,0,0,0,0,0,0,0,0,0,0,0,0,0,0,0,0,0,0,0,0,0,0,0,0,0,0,0,0,0,0,0,0,0,0,0,0,0,0,0,0,0,0,0,0,0,0,0,0,0,0,0,0,0,0,0,0,0,0,0,0,0,0,0,0,0,0,0,0,0,0,0,0,0,0
"SWZ",0,0,0,0,0,0,0,0,0,0,0,0,0,0,0,0,0,0,0,0,0,0,0,0,0,0,0,0,0,0,0,0,0,0,0,0,0,0,0,0,0,0,0,0,0,0,0,0,0,0,0,0,0,0,0,0,0,0,0,0,0,0,0,0,0,0,0,0,0,0,0,0,0,0,0,0,0,0,0,0,0,0,0,0,0,0,0,0,0,0,0,0,0,0,0,0,0,0,0,0,0,0,0,0,0,0,0,0,0,0,0,0,0,0,0,0,0,0,0,0,0,0,0,0,0,0,0,0,0,0,0,0,0,0,0,0,0,0,0,0,0,0,0,0,0,0,0,0,0,0,0,0,0,0,0,0,0,0,0,0,0,0,0,0,0,0,0,0,0,0,0,0,0,0,0,0,0,0,0,0,0,0,0,0,0,0,0,0,0,0,0,0,0,0,0
"SWE",7380000,0,0,2.2044e+10,0,0,2094470000,7119800000,0,0,0,7380000,0,0,0,0,28320000,0,0,0,0,171280000,0,0,0,4541470000,0,0,0,0,55350000,3587820000,0,0,0,0,0,0,80070000,9500000,0,1124451930000,0,0,88650000,0,0,0,0,5868120000,343620000,0,157702190000,41712980000,0,0,0,0,0,510460210000,0,0,0,1442880000,0,0,0,0,0,0,0,679270000,1519610000,181500000,56402820000,0,40590000,0,2490000,607660000,406260000,18699750000,0,0,0,2814210000,0,0,0,0,0,202950000,29520000,697330000,0,11070000,0,0,6.9305e+10,5133880000,0,0,0,483640000,0,0,297690000,0,0,0,0,171929840000,0,0,0,0,145276280000,0,14760000,0,0,29520000,0,0,0,463394800000,0,0,3974420000,0,0,0,0,64761650000,13273910000,0,0,0,0,0,1469780000,0,6988160000,0,0,0,0,102568260000,0,0,0,752760000,841730000,887340000,0,0,505227590000,0,0,0,0,7759820000,0,0,841800000,0,216630000,0,0,0,0,8.9345e+10,1106340000,598040000,0,0,24871720000,939880000,23910580000,0,0,0,0,0,0,0,0,0,25770490000,295380000,0,0,0,0,0
"CHE",0,0,0,0,0,3340000,269370000,109767480000,0,55350000,0,0,0,0,0,0,47970000,0,0,0,0,3640000,0,0,3670000,1780410000,0,0,0,0,0,309960000,0,0,0,0,7380000,0,0,0,0,3202970000,0,0,0,0,3690000,0,0,0,0,0,778240000,42541520000,0,0,0,0,0,192605110000,0,0,0,0,0,0,0,0,0,0,0,242620000,1078230000,84870000,0,14760000,44280000,22140000,0,55350000,284130000,18709680000,0,0,0,1031410000,0,0,0,3690000,51660000,36900000,140220000,0,0,0,0,0,0,7330000,7380000,0,0,14760000,0,0,0,0,0,0,0,25830000,0,10920000,0,0,3492080000,0,0,0,0,0,0,0,0,898870000,0,0,3782190000,0,0,0,29400000,863510000,785580000,0,0,0,44280000,0,0,0,129150000,0,0,0,0,247230000,109250000,0,0,66420000,154980000,173390000,0,44580000,1905830000,0,0,0,3512400000,0,11070000,0,33210000,11070000,173230000,0,0,0,0,4980000,75930000,461250000,0,0,5513680000,33400000,3995670000,0,0,0,0,11070000,0,0,0,0,3022700000,359840000,88560000,0,0,0,0
"SYR",0,0,0,660510000,0,0,195570000,0,0,394830000,0,0,0,0,0,0,0,0,0,0,0,0,0,0,0,766200000,0,0,0,0,0,0,0,0,0,0,0,0,44280000,0,0,0,0,0,0,0,911430000,0,0,0,0,0,0,114390000,0,848700000,0,0,0,291510000,0,0,0,0,0,0,0,0,0,0,0,0,0,0,0,0,0,0,65364770000,0,0,0,0,0,0,0,27139950000,0,0,0,1.002e+11,0,1332090000,0,0,9417770000,0,0,808110000,0,0,0,0,0,0,177120000,0,0,0,0,0,0,0,0,0,0,0,0,0,0,0,0,0,0,0,0,0,0,0,0,0,0,0,0,0,0,0,0,321030000,0,125460000,0,0,0,0,0,0,9391050000,0,0,0,0,0,0,0,0,0,0,0,0,169740000,0,0,0,0,0,0,0,0,140220000,0,402210000,132840000,883260000,0,0,95940000,0,494460000,0,0,0,0,0,0,11038260000,0,0,66420000,0,0,0,0,0,0
"TKM",0,0,0,0,0,0,0,0,0,0,0,0,0,0,0,0,0,0,0,0,0,0,0,0,0,0,0,0,0,0,0,0,0,0,0,0,0,0,0,0,0,0,0,0,0,0,0,0,0,0,0,0,0,0,0,0,0,0,0,0,0,0,0,0,0,0,0,0,0,0,0,0,0,0,0,0,0,0,0,0,0,0,0,0,0,0,0,0,0,0,0,0,0,0,0,0,0,0,0,0,0,0,0,0,0,0,0,0,0,0,0,0,0,0,0,0,0,0,0,0,0,0,0,0,0,0,0,0,0,0,0,0,0,0,0,0,0,0,0,0,0,0,0,0,0,0,0,0,0,0,0,0,0,0,0,0,0,0,0,0,0,0,0,0,0,0,0,0,0,0,0,0,0,0,0,0,0,0,0,0,0,0,0,0,0,0,0,0,0,0,0,0,0,0,0
"TWN",0,0,0,0,0,157610000,7825380000,46520000,0,0,0,0,0,0,0,0,278510000,0,95940000,0,195570000,0,25830000,0,0,12372440000,0,0,0,0,532400000,53381170000,0,0,0,0,125460000,0,0,0,0,0,0,0,0,0,0,0,0,0,0,3690000,0,887680000,11070000,0,0,0,0,411490000,0,0,0,0,0,0,0,0,0,0,0,83002160000,3690000,0,0,0,388440000,0,0,59040000,385350000,286740000,0,0,0,5751390000,0,0,0,22100000,575270000,7102010000,0,0,0,0,0,0,0,0,768330000,11070000,0,4126760000,0,0,0,0,22140000,29520000,0,0,0,0,14760000,0,999890000,0,0,0,0,1394530000,2490000,0,180810000,77350000,0,7380000,3690000,0,83610000,0,4607230000,0,3690000,0,0,0,0,0,0,0,0,0,0,0,0,55050000,0,0,0,0,0,6086910000,0,350650000,648140000,7380000,0,0,7380000,14760000,0,0,0,0,7158740000,0,3690000,165210000,0,0,0,0,0,0,1492810000,0,50829440000,0,79960000,0,4980000,6732070000,0,0,0,0,110220000,0,0,0,0,0,0
"TZA",0,0,0,0,0,0,0,0,0,0,0,0,0,0,0,0,0,0,0,0,0,0,0,45469680000,0,0,0,0,0,0,0,3640000,0,3372570000,1.911e+09,0,0,0,0,0,0,0,0,0,0,0,0,0,0,0,0,0,0,0,0,0,0,0,0,0,0,0,0,0,0,0,0,0,0,0,0,0,0,0,0,0,0,0,0,0,0,0,0,0,0,0,0,0,13791060000,0,0,0,0,0,0,0,0,0,0,0,0,0,7567280000,0,0,0,0,0,0,0,0,0,0,0,0,0,0,0,0,0,0,0,0,0,0,0,0,0,0,0,0,0,0,0,0,0,0,0,0,0,0,50407040000,0,0,0,0,0,0,0,10920000,0,0,0,0,0,21990000,0,0,0,0,0,0,0,0,0,0,0,0,0,0,0,0,0,22020000,136262450000,0,0,0,0,0,0,0,0,0,0,0,474266840000,47370000,0,0,0,0,0,0,0
"THA",0,14700000,0,18610000,0,33030000,41899740000,238750000,0,812700000,3670000,472040000,0,9960000,0,0,100780000,0,9960000,0,1774230000,80740000,63765310000,0,0,47578280000,0,0,708310000,0,486390000,14371150000,77330000,0,0,0,0,0,691590000,0,183370000,1815890000,3690000,0,0,0,355070000,0,0,216530000,0,25690000,1091980000,22907630000,539240000,0,0,0,0,5403080000,0,11137200000,138830000,846570000,0,0,0,0,0,0,6160000,35040900000,44040000,0,730370000,3722400000,15140120000,896670000,506460000,1243180000,5051350000,1394130000,14620000,0,0,75602890000,877630000,0,87840000,45076600000,381680000,22276490000,1094020000,47750000,70396350000,483950000,0,32190000,1274660000,0,0,83360000,0,78269070000,1010520000,0,72260000,0,171790000,116380000,161720000,66420000,14760000,3670000,0,80820000,35903260000,0,189730000,0,18390000,13497640000,0,0,14700000,2742340000,472080000,7340000,1819420000,631640000,0,7340000,21022390000,1999840000,618660000,0,0,0,920160000,0,22020000,0,500820000,23610000,0,0,0,5224540000,11010000,82450000,0,91770000,0,22522950000,0,3347600000,4258590000,91750000,0,18410000,5883450000,3986850000,779370000,0,11866030000,0,0,61570000,0,11010000,536640000,135790000,319230000,5418270000,0,0,43971060000,992990000,152268240000,0,18350000,0,11010000,24992730000,0,3670000,0,22410000,2393860000,0,7340000,0,0,0,0
"TGO",0,0,0,0,0,0,0,0,0,0,0,0,0,0,0,0,0,0,0,0,0,0,0,0,321030000,0,0,0,0,0,0,0,0,0,295200000,0,0,0,0,0,59068850000,0,0,0,0,0,0,0,0,0,0,0,0,0,0,0,0,343170000,0,0,0,4711160000,0,0,0,0,0,0,0,0,0,0,0,0,0,0,0,0,0,0,0,190840000,231210000,0,0,0,0,0,0,0,0,0,0,0,0,0,0,0,0,0,0,0,0,0,0,0,0,0,0,0,0,0,0,0,0,0,0,0,0,0,0,0,0,5523280000,313740000,0,0,0,0,0,0,0,0,0,0,0,0,0,0,0,0,0,0,0,0,0,0,0,354240000,0,0,0,0,0,0,0,0,0,0,0,0,0,0,0,0,0,0,0,0,0,0,0,0,0,0,0,0,0,0,3269520000,0,0,0,0,0,0,0,0,0,0,0,0,0,0,0
"TON",0,0,0,0,0,0,0,0,0,0,0,0,0,0,0,0,0,0,0,0,0,0,0,0,0,0,0,0,0,0,0,0,0,0,0,0,0,0,0,0,0,0,0,0,0,0,0,0,0,0,0,0,0,0,0,0,0,0,0,0,0,0,0,0,0,0,0,0,0,0,0,0,0,0,0,0,0,0,0,0,0,0,0,0,0,0,0,0,0,0,0,0,0,0,0,0,0,0,0,0,0,0,0,0,0,0,0,0,0,0,0,0,0,0,0,0,0,0,0,0,0,0,0,0,0,0,0,0,0,0,0,0,0,0,0,0,0,0,0,0,0,0,0,0,0,0,0,0,0,0,0,0,0,0,0,0,0,0,0,0,0,0,0,0,0,0,0,0,0,0,0,0,0,0,0,0,0,0,0,0,0,0,0,0,0,0,0,0,0,0,0,0,0,0,0
"TTO",0,0,0,0,2114620000,0,0,0,7380000,0,7503310000,0,0,0,0,0,0,0,125460000,0,0,0,0,0,0,284090000,0,0,0,0,0,0,0,0,0,0,0,0,0,0,0,0,177120000,713980000,0,0,0,0,0,0,0,0,0,3690000,0,0,0,0,0,0,0,0,0,0,0,2740840000,0,0,10260630000,3670000,0,0,0,0,0,14560000,0,0,0,0,0,0,0,0,26001940000,0,0,0,0,0,0,0,0,0,0,0,0,0,0,0,0,0,0,0,0,0,0,0,0,0,0,0,0,0,0,0,3690000,0,0,0,0,0,0,0,0,0,0,55350000,0,0,0,0,0,0,0,0,0,0,0,0,0,0,0,365010000,2615040000,1851970000,0,0,0,0,0,0,0,0,0,0,0,6264960000,0,0,0,0,0,0,0,0,0,0,0,0,0,0,0,0,0,0,18450000,0,2372430000,0,0,0,0,0,0,0,0,0,0,0,0,0,0,0,0
"OMN",0,0,0,1054140000,0,0,2154960000,0,0,11173120000,0,14760000,0,0,0,660510000,0,0,0,0,0,0,0,33210000,177120000,590400000,0,0,260880000,0,0,907740000,2.184e+09,36900000,0,0,0,0,387450000,18450000,81180000,0,0,0,0,0,10412680000,0,158670000,0,0,73800000,0,0,0,88321900000,0,107010000,416970000,0,0,1118070000,0,0,0,0,0,313650000,0,0,0,36900000,0,0,0,955710000,0,106670000,3110670000,0,0,1656810000,0,0,0,1268260000,17119590000,0,17240170000,0,0,202950000,4150580000,0,0,800730000,0,8475930000,2678940000,0,0,7380000,0,439110000,756450000,0,0,490770000,878220000,0,0,0,0,0,84870000,62730000,0,0,0,0,73800000,1158660000,0,198180000,498150000,0,2232100000,0,0,118080000,0,0,0,0,0,0,0,0,19615640000,87360000,0,0,0,0,0,0,0,31402040000,0,14760000,1715850000,0,0,2265660000,506538230000,4797540000,0,59040000,0,0,0,0,4712130000,0,36900000,32148820000,0,328410000,70110000,0,0,1199250000,92250000,120792370000,1671620000,0,493560000,0,697410000,0,0,40590000,0,0,590400000,85679960000,0,495990000,0,0,0,0,0,0,7380000
"TUN",0,0,0,80890070000,107010000,0,22040000,0,0,1536140000,0,0,0,0,0,0,0,0,0,0,0,0,0,0,22240850000,1186040000,517630000,102760000,0,7333960000,0,0,0,14760000,5321210000,0,0,0,110700000,0,9307380000,0,0,0,0,0,4900240000,0,5142310000,25830000,0,0,0,10026900000,22140000,1857220000,0,5791130000,231510000,173250000,0,472320000,0,0,0,0,0,510390000,0,110100000,0,0,0,0,0,0,0,0,298890000,3690000,0,1903330000,4583830000,0,0,15946150000,3186020000,0,58720000,0,0,818410000,767030000,0,0,1955910000,0,525450000,769096490000,0,0,0,0,276380000,0,7536270000,157810000,44468980000,221400000,18450000,0,3029890000,0,0,0,0,7380000,0,107010000,0,0,179830000,0,158266230000,0,0,0,33210000,0,0,0,0,0,0,51660000,300940000,0,0,194570000,0,3690000,11010000,29520000,0,0,0,0,543360000,16626780000,22140000,480770000,0,0,1357900000,0,128450000,7380000,398520000,0,0,162360000,151290000,198220000,0,0,0,0,7091700000,0,0,0,0,125460000,3145310000,0,0,176380000,0,998040000,2581820000,0,0,479700000,0,23521870000,708480000,99090000,0,228780000,0,0,0,0,0,0
"TUR",0,5787030000,107141030000,86653300000,0,254310000,7456220000,6133280000,1625810000,2551170000,706950000,551231020000,0,0,3627270000,2931040000,187740000,0,107010000,0,88560000,37850710000,0,216470000,92154960000,17447040000,3270890000,917770000,410340000,9616760000,0,16654720000,2339460000,6186020000,105211050000,0,5842970000,92217460000,79113960000,115020460000,182366090000,6001450000,262080000,9961570000,180200000,0,481028360000,166050000,3913830000,512910000,0,2588040000,47570000,14884350000,132840000,174615660000,26848450000,15625490000,297278520000,227433270000,29509690000,239227250000,163800000,2675060000,0,0,387450000,85450900000,1518160000,144846550000,22625240000,12997800000,4928350000,8703550000,0,19250440000,3052631420000,4973060000,6796056410000,0,737781730000,628803440000,22018850000,5824580000,942400000,98226660000,93996410000,2470290000,164127620000,1.82e+08,0,125465240000,14628620000,605160000,0,153596160000,0,17151040000,689712190000,1431720000,0,283467480000,10632690000,87635240000,39706440000,15395050000,1310640000,47470400000,100768160000,2224690000,7378080000,7401880000,116101840000,5059240000,2961690000,1891630000,41628080000,0,0,27955970000,888160000,813470000,393520000,109150540000,3222220000,7036660000,51583820000,2912070000,9568170000,312750000,0,0,750505730000,23829770000,2034720000,5307260000,0,1.82e+09,6435410000,30397640000,39518030000,2906640000,6647240000,0,0,0,482870000,235919210000,71911090000,1.329e+09,26280900000,162360000,7127540000,59236030000,87378840000,56396910000,2140200000,822470000,4246560000,0,8294680000,4857720000,987396220000,31887300000,11268100000,79482120000,451849510000,227198530000,2020200000,7304050000,130376190000,357439510000,0,270860550000,1.1579e+10,0,31116310000,3671160000,46390680000,7225200000,66420000,1238790000,1701090000,214852240000,11662220000,327940340000,5788090000,1264120000,18793880000,0,0,0,0,0,203529090000
"ARE",0,0,0,0,0,0,0,0,0,0,0,0,0,0,0,0,0,0,0,0,0,0,0,0,0,0,0,0,0,0,0,0,0,0,0,0,0,0,0,0,0,0,0,0,0,0,0,0,0,0,0,0,0,0,0,0,0,0,0,0,0,0,0,0,0,0,0,0,0,0,0,0,0,0,0,0,0,0,0,0,0,0,0,0,0,0,0,0,0,0,0,0,0,0,0,0,0,0,0,0,0,0,0,0,0,0,0,0,0,0,0,0,0,0,0,0,0,0,0,0,0,0,0,0,0,0,0,0,0,0,0,0,0,0,0,0,0,0,0,0,0,0,0,0,0,0,0,0,0,0,0,0,0,0,0,0,0,0,0,0,0,0,0,0,0,0,0,0,0,0,0,0,0,0,0,0,0,0,0,0,0,0,0,0,0,0,0,0,0,0,0,0,0,0,0
"UGA",0,0,0,0,0,0,0,0,0,0,0,0,0,0,0,0,0,0,0,0,0,0,0,2051570000,0,0,0,0,0,0,0,0,0,0,0,0,0,0,0,0,0,0,0,0,0,0,0,0,0,0,0,0,0,0,0,0,0,0,0,61880000,0,0,0,0,0,0,0,0,0,0,0,0,0,0,0,0,0,0,0,0,0,0,0,0,0,0,0,0,22930040000,0,0,0,0,0,0,0,0,0,0,0,0,0,0,0,0,0,0,0,0,0,0,0,0,0,0,0,0,0,0,0,0,0,0,0,0,0,0,0,0,0,0,0,0,0,0,0,0,0,0,0,0,65181220000,0,0,0,0,0,0,0,0,0,0,0,0,162360000,47970000,0,0,0,0,0,0,0,0,0,372690000,0,0,0,0,0,0,0,67755520000,0,0,0,0,0,0,0,0,0,0,0,0,53397330000,0,0,0,0,0,0,0,0
"TUV",0,0,0,0,0,0,0,0,0,0,0,0,0,0,0,0,0,0,0,0,0,0,0,0,0,0,0,0,0,0,0,0,0,0,0,0,0,0,0,0,0,0,0,0,0,0,0,0,0,0,0,0,0,0,0,0,0,0,0,0,0,0,0,0,0,0,0,0,0,0,0,0,0,0,0,0,0,0,0,0,0,0,0,0,0,0,0,0,0,0,0,0,0,0,0,0,0,0,0,0,0,0,0,0,0,0,0,0,0,0,0,0,0,0,0,0,0,0,0,0,0,0,0,0,0,0,0,0,0,0,0,0,0,0,0,0,0,0,0,0,0,0,0,0,0,0,0,0,0,0,0,0,0,0,0,0,0,0,0,0,0,0,0,0,0,0,0,0,0,0,0,0,0,0,0,0,0,0,0,0,0,0,0,0,0,0,0,0,0,0,0,0,0,0,0
"GBR",3690000,5068840000,62730000,162569160000,380070000,0,53422220000,6789920000,5894310000,7486560000,750720000,51660000,0,0,92250000,623610000,6091020000,0,284130000,0,132840000,547930000,0,0,36900000,33396410000,0,0,11070000,0,695010000,2105550000,227580000,0,7380000,0,250680000,0,12774910000,258300000,867150000,144930410000,92250000,191880000,11070000,12450000,6485070000,0,0,2834610000,1919670000,0,13835200000,1219554770000,0,0,0,0,410210000,1357654170000,92250000,10125150000,0,89233200000,0,121770000,0,0,22140000,0,0,19998060000,4913460000,1112050000,57407090000,3860350000,202950000,3690000,1328400000,3247689080000,1186830000,553986930000,280440000,0,601470000,7355170000,5741100000,0,2096170000,7380000,0,7739230000,20435620000,463350000,0,10565100000,0,162360000,965230000,2169800000,11070000,0,0,6361510000,11070000,99600000,9956970000,57382600000,2.82e+08,1922490000,11070000,288524430000,3690000,0,0,1077480000,5330581940000,0,0,0,0,4246960000,0,0,9746560000,51358260000,1122570000,701100000,8320680000,3690000,11070000,13560000,168557910000,70604420000,1410748900000,0,0,0,6798120000,0,644740000,0,6361270000,62730000,489520000,118080000,0,38496850000,25830000,166050000,317280000,433100000,490990000,9437240000,0,17333090000,5401996280000,2613230000,0,0,38145870000,9303290000,0,0,1750980000,581820000,182302090000,0,0,3.57e+09,4407870000,256421820000,25964710000,39428320000,629790000,0,0,6869370000,633072010000,3.69e+08,29520000,0,44280000,194838870000,0,1394820000,54150000,25830000,1644587630000,141660000,217690000,66420000,0,0,1158660000
"UKR",242940100000,243540000,39141200000,1.9931e+10,0,0,34500000,10581120000,0,0,0,1578534100000,0,0,0,0,0,0,10970000,0,0,9981670000,0,0,0,585440000,0,11203920000,24368640000,39562300000,0,3690000,0,0,7087480000,0,0,0,140170000,73504580000,160160000,0,0,276640000,74881440000,72800000,3683701900000,0,10920000,2515260000,0,0,0,20065830000,0,1401400000,839191630000,0,10472280000,123769920000,0,0,0,42018960000,0,0,0,243880000,0,0,0,3690000,0,0,0,25090080000,223724600000,192644640000,3140750000,0,2727437160000,944833260000,0,194983030000,0,43434360000,686190760000,46545510000,1183382500000,2385750000,38627100000,1092337060000,0,13738570000,0,516931640000,0,0,951976820000,6632460000,0,323960000,0,115159280000,0,0,7330000,53219360000,0,0,35919390000,128025540000,0,379705820000,0,0,283262060000,0,0,464940000,0,143840000,0,0,20824900000,0,0,1.57e+08,135330000,0,0,0,444548580000,130611030000,325072180000,0,0,0,0,0,4526350000,0,327534390000,36710000,0,0,0,716206220000,0,247570000,8572200000,0,14760000,1532540000,262080000,11070000,3154203140000,0,15886380000,0,0,3360740000,749384820000,44710130000,112517920000,196088060000,415332940000,720720000,0,0,0,2411192460000,1850952830000,232176300000,110816900000,0,75133650000,0,3567930000,0,0,15054990000,0,589234740000,646627340000,120418550000,0,0,54850000,0,126760000,0,0,0,31245920000
"USA",85870000,225589630000,7340000,800233180000,2873020000,10940530000,44270140000,30900000,55316150000,3132990000,130466820000,586592440000,0,0,2221880000,0,2020347720000,0,134123250000,0,1284060000,2490000,114108380000,61540870000,32152400000,3511156980000,0,0,887833920000,48021840000,3193696790000,2300001230000,4593932110000,0,187841570000,0,1428800220000,293621570000,608380000,18200000,0,604010000,1030810000,3746087440000,0,794099820000,13546064230000,1584608880000,225520000,0,0,387450000,2253930000,14964300000,1604360000,482952820000,0,0,18540000,206725010000,0,122069340000,51260000,2240270000,0,141893810000,3173826280000,50114760000,2995430000,99563920000,1283695650000,67973290000,14940000,0,3038200000,6821810000,4620371750000,0,6552244390000,573930000,2218508050000,3226499640000,2490000,0,1204695740000,23272316860000,1876234900000,982800000,263912010000,1124530000,23025960000,9864791790000,13379350000,627300000,40590000,318495850000,0,107838280000,439923760000,99630000,22060000,2.338e+10,250566800000,1906149450000,0,1.67e+10,115980000,44789400000,0,19951855280000,107010000,2121537110000,1088836660000,3670000,108150600000,734310000,157114660000,0,538740000,0,3690000,7779960000,883737100000,0,23464629680000,5877710000,487441830000,934791840000,91280000,146450000,6210230000,6041708280000,12692956270000,194370000,282011450000,0,0,0,3344480000,28694230000,0,0,8218850000,2384080000,8478240000,166751600000,0,2048772190000,33210000,6160000,97335460000,3690000,13630000,592129980000,0,2330686030000,1422855610000,23588150000,13242320000,0,3500240000,2140200000,284131320000,0,6037075070000,608141190000,2969803860000,0,944150000,881271930000,715829720000,491775750000,2910079500000,361851470000,143052200000,0,511243210000,344120000,0,0,4002020000,0,4461138340000,941395400000,2221250560000,3352983460000,220406600000,0,584733220000,2490000,0,0,0,0,0
"BFA",0,0,0,0,0,0,0,0,0,0,0,0,0,0,0,0,0,0,0,0,0,0,0,0,0,0,0,0,0,0,0,0,0,0,0,0,0,0,0,0,0,0,0,0,0,0,0,0,0,0,0,0,0,0,0,0,0,0,0,0,0,0,0,0,0,0,0,0,0,0,0,0,0,0,0,0,0,0,0,0,0,0,14760000,0,0,0,0,0,0,0,0,0,0,0,0,0,0,0,0,0,0,0,0,0,0,0,0,0,0,0,0,0,0,0,0,0,0,0,0,0,0,0,0,0,0,0,0,0,0,0,0,0,0,0,0,0,0,0,0,0,0,0,0,0,0,0,0,0,0,0,0,0,0,0,0,0,0,0,0,0,0,0,0,0,0,0,0,0,0,0,0,0,0,0,0,0,0,0,0,0,0,0,0,0,0,0,0,0,0,0,0,0,0,0,0
"URY",0,0,0,87561440000,0,2232220000,11070000,0,0,0,0,87431180000,0,0,0,0,2823818220000,0,0,0,0,0,0,0,0,0,0,0,0,0,9128670000,18373340000,20531300000,0,37194240000,0,0,114390000,0,0,0,0,0,0,0,58592730000,0,0,0,0,0,0,0,0,0,0,0,0,0,0,0,0,0,0,0,0,0,40370000,0,0,0,0,0,0,0,0,0,0,0,0,0,0,0,0,0,0,0,0,0,0,0,0,0,0,0,0,0,0,0,0,0,0,0,0,0,0,0,0,0,0,0,9.185e+10,91856680000,0,0,0,0,0,0,0,0,0,0,0,51115360000,2435160000,0,0,0,0,7508790000,92250000,0,0,0,0,0,0,0,0,0,0,0,0,0,0,0,0,5.2605e+10,0,0,0,0,0,0,212860000,3.6e+08,0,0,0,0,0,0,0,0,0,0,0,0,0,0,0,671340000,36716620000,0,0,7280000,0,9957700000,0,0,0,64569730000,49398600000,0,0,0,0,0,0,0,0,0,0,0
"UZB",0,0,0,0,0,0,0,0,0,0,0,0,0,0,0,0,0,0,0,0,0,0,0,0,0,0,0,0,0,0,0,0,0,0,0,0,0,0,0,0,0,0,0,0,0,0,0,0,0,0,0,0,0,0,0,0,0,0,0,0,0,0,0,0,0,0,0,0,0,0,0,0,0,0,0,0,0,0,0,0,0,0,0,0,0,0,0,0,0,0,0,0,0,0,0,0,0,0,0,0,0,0,0,0,0,0,0,0,0,0,0,0,0,0,0,0,0,0,0,0,0,0,0,0,0,0,0,0,0,0,0,0,0,0,0,0,0,0,0,0,0,0,0,0,0,0,0,0,0,0,0,0,0,0,0,0,0,0,0,0,0,0,0,0,0,0,0,0,0,0,0,0,0,0,0,0,0,0,0,0,0,0,0,0,0,0,0,0,0,0,0,0,0,0,0
"VEN",0,0,0,0,0,0,0,0,0,0,0,0,0,0,0,0,19100000,0,0,0,0,0,0,0,0,0,0,0,0,0,0,0,77450000,0,0,0,0,0,0,0,0,0,0,0,0,0,0,0,0,0,0,0,0,0,0,0,0,0,0,0,0,0,0,0,0,0,0,0,34380000,0,0,0,0,0,0,0,0,0,0,0,0,0,0,0,0,0,0,0,0,0,0,0,0,0,0,0,0,0,0,0,0,0,0,0,0,0,0,0,0,44280000,0,0,0,0,0,0,0,0,0,0,0,0,0,0,0,0,0,11070000,0,0,0,0,0,0,0,0,0,0,0,0,0,0,0,0,0,0,0,0,0,0,0,0,0,0,0,0,3670000,0,0,0,0,0,0,0,0,0,0,0,0,0,0,0,0,0,0,0,0,0,44350000,0,0,0,0,0,0,0,0,0,0,0,0,0,0,0,0
"VNM",0,0,0,0,0,0,0,0,0,0,0,0,0,0,0,0,0,0,0,0,0,0,0,0,0,0,0,0,0,0,0,0,0,0,0,0,0,0,0,0,0,0,0,0,0,0,0,0,0,0,0,0,0,0,0,0,0,0,0,0,0,0,0,0,0,0,0,0,0,0,0,0,0,0,0,0,0,0,0,0,0,0,0,0,0,0,0,0,0,0,0,0,0,0,0,0,0,0,0,0,0,0,0,0,0,0,0,0,0,0,0,0,0,0,0,0,0,0,0,0,0,0,0,0,0,0,0,0,0,0,0,0,0,0,0,0,0,0,0,0,0,0,0,0,0,0,0,0,0,0,0,0,0,0,0,0,0,0,0,0,0,0,0,0,0,0,0,0,0,0,0,0,0,0,0,0,0,0,0,0,0,0,0,0,0,0,0,0,0,0,0,0,0,0,0
"ETH",0,0,0,0,0,0,2490000,0,0,1239840000,0,0,0,0,0,0,0,0,0,0,0,0,0,0,0,0,0,0,0,0,0,0,0,0,0,0,0,0,0,0,0,0,0,0,0,0,0,0,0,0,0,0,18450000,0,0,3690000,0,0,0,59040000,0,0,0,0,0,0,0,7380000,0,0,0,0,0,0,0,0,0,0,0,0,0,0,0,0,0,0,0,0,33210000,0,0,0,33210000,0,0,0,0,0,0,0,0,0,0,0,0,0,0,0,0,0,0,0,0,0,0,0,0,0,0,0,0,0,0,0,0,214020000,0,0,0,0,0,0,0,0,0,0,0,0,0,0,0,0,0,0,0,0,0,11020000,0,0,0,0,0,0,5808940000,3640000,0,0,0,0,1357920000,0,0,0,0,0,0,0,0,0,0,0,0,7600200000,0,0,11070000,0,926370000,0,0,0,0,0,0,0,3640000,0,3670000,0,0,0,0,0,0
"YEM",0,0,0,376380000,0,0,0,0,0,0,0,0,0,0,0,0,0,0,0,0,0,0,0,0,0,0,0,0,0,0,0,4980000,0,0,0,0,0,0,0,0,0,0,0,0,0,0,250745540000,0,0,0,0,0,0,84870000,0,2933410000,0,0,0,0,0,5357880000,0,0,0,0,0,0,0,0,0,0,0,0,0,84870000,0,0,8025750000,0,0,22020000,0,0,0,0,1055340000,0,0,0,0,0,0,0,0,1413270000,0,712170000,0,0,0,0,0,0,0,0,0,0,0,0,0,0,0,0,0,0,0,0,0,0,0,0,0,0,0,0,0,0,0,0,0,0,0,0,0,0,0,5646200000,0,0,0,0,0,0,0,0,0,1817400000,0,0,0,0,0,77490000,37013380000,25830000,0,0,0,0,0,0,19923040000,0,0,0,0,0,0,0,1855050000,0,470010000,3389320000,202950000,0,0,0,143910000,0,0,0,0,0,1.845e+09,0,0,0,0,0,0,0,0,0,0
"COD",0,0,0,0,0,0,0,0,0,0,0,0,0,0,0,0,0,0,0,0,0,0,0,0,0,0,0,0,0,0,0,0,0,0,0,0,0,0,0,0,0,0,0,0,0,0,0,0,0,0,0,0,0,0,0,0,0,0,0,0,0,0,0,0,0,0,0,0,0,0,0,0,0,0,0,0,0,0,0,0,0,0,0,0,0,0,0,0,0,0,0,0,0,0,0,0,0,0,0,0,0,0,0,0,0,0,0,0,0,0,0,0,0,0,0,0,0,0,0,0,0,0,0,0,0,0,0,0,0,0,0,0,0,0,0,0,0,0,0,0,0,0,0,0,0,0,0,0,0,0,0,0,0,0,0,0,0,0,0,0,0,0,0,0,0,0,0,0,0,0,0,0,0,0,0,0,0,0,0,0,0,0,0,0,0,0,0,0,0,0,0,0,0,0,0
"ZMB",0,0,0,0,0,0,0,0,0,0,0,0,0,0,0,309550000,0,0,0,0,0,0,0,0,0,0,0,0,0,0,0,0,0,0,3690000,0,0,0,0,0,0,0,0,0,0,0,0,0,0,0,0,0,0,0,0,0,0,0,0,0,0,0,0,0,0,0,0,0,0,0,0,0,0,0,0,0,0,0,0,0,0,0,0,0,0,0,0,0,109200000,0,0,0,0,0,0,0,0,0,0,0,0,0,73800000,0,0,0,0,0,0,0,0,0,51660000,0,19678240000,0,0,0,0,0,0,0,0,0,0,0,0,0,0,0,0,0,0,0,0,0,0,0,0,64588080000,0,0,0,0,0,0,0,0,0,0,0,0,0,0,0,1372940000,0,0,0,0,0,0,0,0,0,317340000,0,0,0,0,0,0,0,0,0,0,0,0,0,0,0,0,0,0,0,0,282622830000,0,0,0,0,0,0,0,0
"BEL",214020000,631040000,298890000,22140000,0,7380000,7970490000,52918870000,0,1526250000,0,13650000,0,0,0,0,2041070000,0,0,0,11070000,1194190000,0,238040000,250470000,13341720000,5336340000,2082080000,9.1e+07,92443500000,183840000,4938370000,47810000,9056350000,41969450000,0,97110000,96340000,3020330000,490770000,2315690000,61885380000,0,100920000,332100000,0,438450000,0,7319880000,2597320000,0,0,40398400000,2407859210000,947380000,61661600000,276730000,328410000,7090480000,1702158910000,212910000,1060340000,0,33986970000,0,0,331290000,141886240000,3014010000,3148710000,0,1262730000,6764730000,3665110000,5658810000,180470000,286612350000,107010000,1328400000,31202020000,8577310000,185992580000,5744040000,1616490000,0,15213670000,622770000,81180000,229590000,0,0,13060630000,4859430000,612540000,0,8487960000,3690000,16638820000,575640000,2670090000,0,653290000,0,519840000,27210000,0,1992210000,7380000,383760000,744900000,99630000,6030060000,3690000,44280000,0,17430000,5103216800000,0,428400000,11070000,0,2885110000,0,877270000,2132910000,72323820000,1177110000,5779720000,41145100000,18480280000,3690000,18450000,247770000,47245210000,34476540000,25560080000,0,0,706800000,0,11107400000,2880430000,4.5014e+10,0,0,0,16643180000,14787750000,338280000,554710000,98360000,6252680000,3547290000,2274270000,0,11231250000,130600430000,10606730000,73800000,0,162199720000,110731060000,154980000,18450000,2274390000,0,5098300000,6171270000,0,73800000,1468620000,116880000,12917460000,24502910000,0,0,658428430000,3778210000,55978250000,1.9565e+10,14760000,0,3690000,845010000,0,0,190062710000,0,0,119585020000,434620000,0,0,0,3690000
"LUX",0,0,0,0,0,0,0,412800000,0,0,0,0,0,0,0,0,0,0,0,0,0,0,0,0,0,0,0,0,0,0,0,0,0,0,0,0,0,0,0,61470000,0,1030370000,0,0,0,0,0,0,0,0,0,0,408350000,95335920000,3690000,0,3640000,0,0,40585200000,0,43040000,0,278050000,0,0,0,0,0,0,0,0,0,0,0,0,0,0,0,822610000,0,729300000,0,0,0,82170000,0,0,0,0,0,0,0,0,0,0,0,0,0,0,0,0,0,0,0,0,0,0,0,0,0,0,0,0,0,0,92113550000,0,0,0,0,0,0,0,124620000,13387740000,0,0,0,0,0,0,0,1499680000,14680000,0,0,0,0,0,0,0,0,0,0,0,0,0,0,0,0,0,3690000,0,0,0,691330000,0,0,0,983550000,40950000,0,0,0,0,0,0,0,0,0,0,0,0,0,0,485850000,0,0,0,0,0,0,0,0,0,0,0,276699250000,0,0,0,0,0,0
"SRB",0,0,42043410000,0,0,0,955390000,25156100000,0,0,0,0,0,0,0,0,0,0,0,0,0,42474750000,0,0,0,357890000,0,0,0,0,0,3690000,0,0,0,0,0,0,19598130000,158670000,0,0,0,0,0,0,0,0,0,0,0,0,0,257720000,0,0,0,0,0,408390000,866044950000,0,73800000,814020000,0,0,0,0,0,0,0,0,5518450000,20186390000,0,0,0,250500000,273060000,0,0,84711010000,0,14760000,0,0,0,0,0,0,0,0,18450000,0,0,73400000,0,0,0,0,0,0,0,0,0,0,0,0,0,0,0,0,0,0,0,0,17225680000,0,0,832707100000,0,0,0,29520000,0,0,0,0,128130000,0,0,0,0,1.67e+08,0,0,0,0,0,0,1266211830000,0,3610440000,0,0,0,0,0,0,0,0,25509770000,151290000,0,0,0,11070000,0,0,0,1572410000,7236530000,0,0,0,0,0,0,0,0,0,0,29170000,0,0,0,44720910000,1122980000,1748920000,0,0,0,0,0,184064060000,0,0,0,0,0,0,256479320000,0,0,0
"MNE",0,0,17177310000,0,0,0,0,173430000,0,0,0,0,0,0,0,0,0,0,0,0,0,0,0,0,0,0,0,0,0,0,0,0,0,0,0,0,0,0,0,0,0,0,0,0,0,0,0,0,0,0,0,0,0,0,0,0,0,0,0,18450000,1323950000,0,0,0,0,0,0,0,0,0,0,0,0,0,0,0,0,0,0,0,0,0,0,0,0,0,0,0,0,0,0,0,0,0,0,0,0,0,0,0,0,0,0,0,0,0,0,0,0,0,0,0,0,0,0,0,0,0,0,2375210000,0,0,0,0,0,0,0,0,0,0,0,0,0,0,0,0,0,0,0,0,0,0,0,0,0,0,0,0,0,0,0,25830000,0,0,0,0,0,0,0,0,0,14760000,0,0,0,0,0,0,0,0,0,0,0,0,0,0,0,0,36900000,0,0,0,0,0,0,0,0,0,0,0,8847670000,0,0,0,0
"SDN",0,0,0,0,0,0,0,0,0,0,0,0,0,0,0,0,0,0,0,0,0,0,0,0,0,0,0,0,0,0,0,0,0,0,0,0,0,0,0,0,0,0,0,0,0,0,0,0,0,0,0,0,0,0,0,0,0,0,0,0,0,0,0,0,0,0,0,0,0,0,0,0,0,0,0,0,0,0,0,0,0,0,0,0,0,0,0,0,0,0,0,0,0,0,0,0,0,0,0,0,0,0,0,0,0,0,0,0,0,0,0,0,0,0,0,0,0,0,0,0,0,0,0,0,0,0,0,0,0,0,0,0,0,0,0,0,0,0,0,0,0,0,0,0,0,0,0,0,0,0,0,0,0,0,0,0,0,0,0,0,0,0,0,0,0,0,0,0,0,0,0,0,0,0,0,0,0,0,0,0,0,0,0,0,0,0,0,0,0,0,0,0,0,0,0
"SSD",0,0,0,0,0,0,0,0,0,0,0,0,0,0,0,0,0,0,0,0,0,0,0,0,0,0,0,0,0,0,0,0,0,0,0,0,0,0,0,0,0,0,0,0,0,0,0,0,0,0,0,0,0,0,0,0,0,0,0,0,0,0,0,0,0,0,0,0,0,0,0,0,0,0,0,0,0,0,0,0,0,0,0,0,0,0,0,0,0,0,0,0,0,0,0,0,0,0,0,0,0,0,0,0,0,0,0,0,0,0,0,0,0,0,0,0,0,0,0,0,0,0,0,0,0,0,0,0,0,0,0,0,0,0,0,0,0,0,0,0,0,0,0,0,0,0,0,0,0,0,0,0,0,0,0,0,0,0,0,0,0,0,0,0,0,0,0,0,0,0,0,0,0,0,0,0,0,0,0,0,0,0,0,0,0,0,0,0,0,0,0,0,0,0,0
"PSE",0,0,0,0,0,0,0,0,0,0,0,0,0,0,0,0,0,0,0,0,0,0,0,0,0,0,0,0,0,0,0,0,0,0,0,0,0,0,0,0,0,0,0,0,0,0,0,0,0,0,0,0,0,0,0,0,0,0,0,0,0,0,0,0,0,0,0,0,0,0,0,0,0,0,0,0,0,0,0,0,0,0,0,0,0,0,0,0,0,0,0,0,0,0,0,0,0,0,0,0,0,0,0,0,0,0,0,0,0,0,0,0,0,0,0,0,0,0,0,0,0,0,0,0,0,0,0,0,0,0,0,0,0,0,0,0,0,0,0,0,0,0,0,0,0,0,0,0,0,0,0,0,0,0,0,0,0,0,0,0,0,0,0,0,0,0,0,0,0,0,0,0,0,0,0,0,0,0,0,0,0,0,0,0,0,0,0,0,0,0,0,0,0,0,0
