"","ARM","AFG","ALB","DZA","ATG","ARG","AUS","AUT","BHS","BHR","BRB","BGD","BMU","BTN","BOL","BWA","BRA","ARB","BLZ","SLB","BRN","BGR","MMR","BDI","CMR","CAN","CPV","CAF","LKA","TCD","CHL","CHN","COL","COM","COG","COK","CRI","CUB","CYP","AZE","BEN","DNK","DMA","DOM","BLR","ECU","EGY","SLV","GNQ","EST","FRO","FJI","FIN","FRA","PYF","DJI","GEO","GAB","GMB","DEU","BIH","GHA","KIR","GRC","GRL","GRD","GTM","GIN","GUY","HTI","HND","HKG","HUN","HRV","ISL","IND","IDN","IRN","IRQ","IRL","ISR","ITA","CIV","KAZ","JAM","JPN","JOR","KGZ","KEN","KHM","PRK","KOR","KWT","LVA","LAO","LBN","LSO","LBR","LBY","LTU","MAC","MDG","MWI","MYS","MDV","MLI","MLT","MRT","MUS","MEX","MNG","MAR","MOZ","MDA","NAM","NPL","NLD","ANT","NCL","MKD","VUT","NZL","NIC","NER","NGA","NOR","PAK","PAN","CZE","PNG","PRY","PER","PHL","POL","PRT","GNB","TLS","ERI","QAT","ZWE","ROU","RWA","RUS","KNA","LCA","VCT","STP","SAU","SEN","SYC","SLE","SVN","SVK","SGP","SOM","ZAF","ESP","SUR","TJK","SWZ","SWE","CHE","SYR","TKM","TWN","TZA","THA","TGO","TON","TTO","OMN","TUN","TUR","ARE","UGA","TUV","GBR","UKR","USA","BFA","URY","UZB","VEN","VNM","ETH","YEM","COD","ZMB","BEL","LUX","SRB","MNE","SDN","SSD","PSE"
"ARM",0,0,0,0,0,0,0,0,0,0,0,0,0,0,0,0,0,0,0,0,0,0,0,0,0,0,0,0,0,0,0,0,0,0,0,0,0,0,0,0,0,0,0,0,0,0,0,0,0,0,0,0,0,24.2468987341772,0,0,1131.8,0,0,0,0,0,0,0,0,0,0,0,0,0,0,0,0,0,0,0,0,0,0,0,0,0,0,0,0,0,0,0,0,0,0,0,0,0.781708860759494,0,0.176582278481013,0,0,0,0,0,0,0,0,0,0,0,0,0,0,0,0,0,0,0,0,0,0,0,0,0,0,0,0,0,0,0,0,0,0,0,0,0,0,0,0,0,0,0,0,0,0,237.226455696203,0,0,0,0,0,0,0,0,0,0,0,0,0,0,0,0,0,0,0,0,0,0,0,0,0,0,0,0,0,0,0,0,0,0.854430379746835,0,72.1133544303797,0,0,0,0,0,0,0,0,0,18.9132911392405,0,0,0,0,0,0
"AFG",0,0,0,0,0,0,0,0,0,0,0,0,0,0,0,0,0,0,0,0,0,0,0,0,0,0,0,0,0,0,0,0,0,0,0,0,0,0,0,0,0,0,0,0,0,0,0,0,0,0,0,0,0,0,0,0,0,0,0,0,0,0,0,0,0,0,0,0,0,0,0,0,0,0,0,0,0,0,0,0,0,0,0,0,0,0,0,0,0,0,0,0,0,0,0,0,0,0,0,0,0,0,0,0,0,0,0,0,0,0,0,0,0,0,0,0,0,0,0,0,0,0,0,0,0,0,0,0,0,0,0,0,0,0,0,0,0,0,0,0,0,0,0,0,0,0,0,0,0,0,0,0,0,0,0,0,0,0,0,0,0,0,0,0,0,0,0,0,0,0,0,0,0,10.34,0,0,0,0,2.68987341772152,0,0,0,0,0,0,0,0,0,0,0,0,0,0,0,0
"ALB",0,0,0,0,0,0,0,0,0,0,0,0,0,0,0,0,0,0,0,0,0,0,0,0,0,0,0,0,0,0,0,0,0,0,0,0,0,0,0,0,0,0,0,0,0,0,0,0,0,0,0,0,0,0,0,0,0,0,0,0,0,0,0,0,0,0,0,0,0,0,0,0,0,0,0,0,0,0,0,0,0,0,0,0,0,0,0,0,0,0,0,0,0,0,0,0,0,0,0,0,0,0,0,0,0,0,0,0,0,0,0,0,0,0,0,0,0,0,0,0,0,0,0,0,0,0,0,0,0,0,0,0,0,0,0,0,0,0,0,0,0,0,0,0,0,0,0,0,0,0,0,0,0,0,0,0,0,0,0,0,0,0,0,0,0,0,0,0,0,0,0,0,0,0,0,0,0,0,0,0,0,0,0,0,0,0,0,0,0,0,0,55.0632911392405,0,0,0
"DZA",0,0,0,0,0,0,0,0,0,0,0,0,0,0,0,0,0,0,0,0,0,0,0,0,0,3951.23417721519,0,0,0,0,0,0,0,0,0,0,0,0,0,0,0,0,0,0,0,0,0,0,0,0,0,0,0,21.3528481012658,0,0,0,0,0,0,0,0,0,0,0,0,0,0,0,0,0,0,0,0,0,0,0,0,0,0,0,0,0,0,0,0,0,0,0,0,0,0,0,0,0,0,0,0,0,0,0,0,0,0,0,0,0,0,0,0,0,0,0,0,0,0,0.0822784810126582,0,0,0,0,0,0,19318.2721518987,0,0,0,0,0,0,0,0,0,0,0,0,0,0,0,0,0,0,0,0,0,0,0,0,0,0,0,0,0,0,0,0,1257.3,0,0,0,0,0.1,0,0,0,0,0,0,0,0,0,0,0.00632911392405063,0.0553164556962025,0,0,0.28,0,2.5,1.26582278481013,0,0,0,0,0,0,0,0,1.77215189873418,0,0,0,0,0,0
"ATG",0,0,0,0,0,0,0,0,0,0,0,0,0,0,0,0,0,0,0,0,0,0,0,0,0,0,0,0,0,0,0,0,0,0,0,0,0,0,0,0,0,0,0,0,0,0,0,0,0,0,0,0,0,0,0,0,0,0,16750,0,0,0,0,0,0,0.0126582278481013,0,0,0,0,0,0,0.01,0,0,0,0,0,0,0,0,0,0,0,0,0,0,0,0,0,0,0,0,0,0,0,0,0,0,0,0,0,0,0,0,0,0,0,0,0,0,0,0,0,0,0,0,0,0,0,0,0,0,0,0,0,0,0,0,0,0,0,0,0,0,0,0,0,0,0,0,0,0,0,0,0,0,0,0,0,0,0,0,0,0,0,0,0,0,0,0,0,0,0,0,0,0,0,0,0,0,0,0,0,0,0,0,0,0,0,0,0,0,0,0,0,0,0,0,0,0,0,0,0,0
"ARG",0,0,0,118016.75,0,0,0,0,0,0,0,413031.5,0,0,466523.955632911,0,5284196.40759494,0,0,0,0,0,0,0,0,0,0,0,0,0,637946.089367089,0,0,0,0,0,0,0,0,0,0,0,0,0,0,123604.45,0,0,0,0,0,0,0,0,0,0,0,0,0,0,0,9000,0,0,0,0,0,35731.5,0,0,0,0,0,0,0,0,1436659,0,0,0,0,0,0,0,0,0,0,0,443221,0,0,0,0,0,0,0,0,0,0,0,0,0,0,0,0,0,0,0,0,0,0,276321,0,0,0,0,0,0,0,0,0,0,0,0,101282.5,0,0,0,0,0,0,176444.5,53450.5,0,0,0,0,0,0,0,0,0,0,0,0,0,0,0,0,0,0,0,0,0,0,0,0,0,0,0,0,0,0,0,0,33056,335191,0,0,0,0,0,0,0,147810.05,0,0,0,5992.22151898734,0,15319.4636075949,0,1627.84810126582,174909,138975,0,0,0,0,0,0,0,0,0,0
"AUS",0,0,0,0,0,1.19,0,0,0,81635.55,0,241376.025,0,0,0,0,0,0,0,13704.7138607595,0.841772151898734,0,308387.560063291,11770.5,0,0,0,0,312973.364493671,0,0,2520203.00012658,0,0,0,0.322784810126582,0,0,0,0,0,0,0,0,0,0,306337.93,0,0,0,0,167947.895949367,0,0,1033.83974683544,0,0,0,0,0,0,0,0.367088607594937,0,0,0,0,0,0,0,0,2655.13335443038,0,0,0,47.9310126582278,2946043.92936709,0,0,0,0,232308.2,0,0,0,1011250.26468354,0,0,277384.8,0.620253164556962,0,1098414.22867089,433941.553164557,0,1005.01,1605.50417721519,0,0,0,0,0,16153.5,56625,803461.518037975,0,0,0,0,71.845,0,0,0,142139.8,0,0,0,0,0,26188.5674050633,0,734.525316455696,470097.622848101,0,0,57640,0,65.16,0,0,257727.497088608,0,0,1354861.38892405,0,0,0,0.441708860759494,0,52391.6,0,0,21263.1,0,0,0,0,0,276666.745,0,0,0,0,0,110206.999873418,0,294739.132278481,0,0,0,0,0,0,0,0,169111.134683544,100884.935,706885.171898734,0,38.7658227848101,0,76977.29,0,62.71,201095.343924051,61507.2,0,8056.28867088608,0,2.53164556962025,0,0,0,0,1989871.67879747,0,665702.15,0,9000,67.0489873417721,0,0,0,113037.8,0,0
"AUT",0.0949367088607595,0,1.80379746835443,0,0,0,0.065,0,0,0,0,0,0,0,0,0,0.188291139240506,0,0,0,0,3397.72544303797,0,0,0,0.025,0,0,0,0,1.565,1.33544303797468,0,0,12.01,0,0,0,2212.39803797468,16.2018987341772,0,190.840443037975,0,0,82.545,0,0,0,0,5.255,0,0,0.0253164556962025,9198.03525316456,0,0,99.4696835443038,0,0,134796.095443038,358.449303797468,0,0,4134.38601265823,0,0,0,0,0,0,0,2.92405063291139,9878.36810126582,15172.914113924,0,0,0,0,0,13.4425949367089,33.545,477993.547278481,0,161.905,0,0,0,0,0,0,0,0,0,4.59810126582278,0,0.715189873417721,0,0,0,185.502341772152,0,0,0,37.2151898734177,56.2025316455696,0,13.9303797468354,0,0,0,0.246835443037975,0,0,1.22784810126582,0,0,4315.06613924051,0,0,2111.65126582278,0,17.0886075949367,0,0,12.6835443037975,125.006329113924,0,0,25788.1618987342,0,0,0,0.0506329113924051,13812.4959493671,0.4,0,0,0,0,0,3020.60962025316,0,336.57329113924,0,0,0,0,0,0,0,0,17558.291835443,2525.04436708861,2.68987341772152,0,3.00632911392405,1297.61550632911,0,0,0,70.3816455696203,50247.4186708861,0,0,0.259493670886076,0,0,0,0,0,0.0189873417721519,0,20.305,0,0,0,1238.78272151899,85.916329113924,0.10126582278481,0,0,0,0,0.531645569620253,0,0,0,0,2947.88436708861,947.197658227848,8857.29829113924,177.46835443038,0,0,0
"BHS",0,0,0,0,0,0,0,0,0,0,0,0,0,0,0,0,0,0,0,0,0,0,0,0,0,0,0,0,0,0,0,0,0,0,0,0,0,0,0,0,0,0,0,0,0,0,0,0,0,0,0,0,0,0,0,0,0,0,0,0,0,0,0,0,0,0,0,0,0,0,0,0,0,0,0,0,0,0,0,0,0,0,0,0,0,0,0,0,0,0,0,0,0,0,0,0,0,0,0,0,0,0,0,0,0,0,0,0,0,0,0,0,0,0,0,0,0,0,0,0,0,0,0,0,0,0,0,0,0,0,0,0,0,0,0,0,0,0,0,0,0,0,0,0,0,0,0,0,0,0,0,0,0,0,0,0,0,0,0,0,0,0,0,0,0,0,0,0,0,0,0,0,0,0,0,0,0,0,0,0,0,0,0,0,0,0,0,0,0,0,0,0,0,0,0
"BHR",0,0,0,0,0.0632911392405063,0,0,0,0.0379746835443038,0,0,0,0,0,0,0,0,0,0,0,0,0,0,0,0,0,0,0,0,0,0,0,0,0,0,0,0,0,0,0,0,0,0,0,0,0,0,0,0,0,0,0,0,0,0,0,0,0,0,0,0,0,0,0.189873417721519,0,0,0,0,0,0,0,0.0316455696202532,0,0,0,0,0.0126582278481013,0,0,0,0,0,0,0,0,0,0,0,0,0,0,0,0.993670886075949,0,0,0,0,0.120253164556962,0,0,0,0,0,0,0,0,0.329113924050633,0,0,0,0,0,0,0,0,0,0.0822784810126582,0,0,0,0.0949367088607595,0,0,0,0,0,0,0.132911392405063,0,0,0,0,0,0,0,0,0,0,0,0,0,0,0,0,0,0,0,140.21335443038,0,0,0,0,0,0,0,0,0,0,0,0,0,0,0,0,0,0,0,0,0,0,0.107594936708861,0,0.00632911392405063,10.7569620253165,0,0,0.0189873417721519,0,0.45373417721519,0,0,0,0,0,0,0,0,0,0,0,0,0,0,0,0
"BRB",0,0,0,0,58.3544303797468,0,0,0,0,0,0,0,0,0,0,0,0,0,0,0,0,0,0,0,0,0,0,0,0,0,0,0,0,0,0,0,0,0,0,0,0,0,14.6329113924051,0,0,0,0,0,0,0,0,0,0,0,0,0,0,0,0,0,0,0,0,0,0,56.4113924050633,0,0,2820.18987341772,0,0,0,0,0,0,0,0,0,0,0,0,0,0,0,0,0,0,0,0,0,0,0,0,0,0,0,0,0,0,0,0,0,0,0,0,0,0,0,0,0,0,0,0,0,0,0,0,0,0,0,0,0,0,0,0,0,0,0,0,0,0,0,0,0,0,0,0,0,0,0,0,0,0,28.9873417721519,24.3291139240506,12.6898734177215,0,0,0,0,0,0,0,0,0,0,0,0,0,0,0,0,0,0,0,0,0,0,0,0.069620253164557,0,0,0,0,0,0,0,0,0.0822784810126582,0,0,0,0,0,0,0,0,0,0,0,0,0,0,0,0
"BGD",0,0,0,0,0,0,0,0,0,0,0,0,0,0,0,0,0,0,0,0,0,0,3.25,0,0,0,0,0,0,0,0,0,0,0,0,0,0,0,0.917721518987342,0,0,0,0,0,0,0,0,0,0,0,0,0,0,0,0,0,0,0,0,0,0,0,0,0,0,0,0,0,0,0,0,0,0,0,0,0,0,0,0,0,0,0.151898734177215,0,0,0,70.8860759493671,0,0,0,0,0,0,0,0,0,0,0,0,0,0,0,0,0,5.12025316455696,0.443037974683544,0,0,0,0,0,0,0,0,0,0,3.16455696202532,0.10126582278481,0,0,0,0,0,0,0,0,0,0,0,0,0,0,0,0,0,0,0,0,0,0,0,0,0,0,0,0,0,0,0,0,0,0,0,0,107.42417721519,0,0,0,0,0,0,0.005,5.54430379746835,0,0,0,0,0,0,0,0,0,0,0,48.6455696202532,0,0,4,0,155.158227848101,0,0,0,0,0,0,0,0,0,0,0,0,0,0,0,0
"BMU",0,0,0,0,0,0,0,0,0,0,0,0,0,0,0,0,0,0,0,0,0,0,0,0,0,0,0,0,0,0,0,0,0,0,0,0,0,0,0,0,0,0,0,0,0,0,0,0,0,0,0,0,0,0,0,0,0,0,0,0,0,0,0,0,0,0,0,0,0,0,0,0,0,0,0,0,0,0,0,0,0,0,0,0,0,0,0,0,0,0,0,0,0,0,0,0,0,0,0,0,0,0,0,0,0,0,0,0,0,0,0,0,0,0,0,0,0,0,0,0,0,0,0,0,0,0,0,0,0,0,0,0,0,0,0,0,0,0,0,0,0,0,0,0,0,0,0,0,0,0,0,0,0,0,0,0,0,0,0,0,0,0,0,0,0,0,0,0,0,0,0,0,0,0,0,0,0,0,0,0,0,0,0,0,0,0,0,0,0,0,0,0,0,0,0
"BTN",0,0,0,0,0,0,0,0,0,0,0,0,0,0,0,0,0,0,0,0,0,0,0,0,0,0,0,0,0,0,0,0,0,0,0,0,0,0,0,0,0,0,0,0,0,0,0,0,0,0,0,0,0,0,0,0,0,0,0,0,0,0,0,0,0,0,0,0,0,0,0,0,0,0,0,0,0,0,0,0,0,0,0,0,0,0,0,0,0,0,0,0,0,0,0,0,0,0,0,0,0,0,0,0,0,0,0,0,0,0,0,0,0,0,0,0,0,0,0,0,0,0,0,0,0,0,0,0,0,0,0,0,0,0,0,0,0,0,0,0,0,0,0,0,0,0,0,0,0,0,0,0,0,0,0,0,0,0,0,0,0,0,0,0,0,0,0,0,0,0,0,0,0,0.00632911392405063,0,0,0,0,0,0,0,0,0,0,0,0,0,0,0,0,0,0,0,0,0
"BOL",0,0,0,0,0,0,0,0,0,0,0,0,0,0,0,0,0,0,0,0,0,0,0,0,0,0,0,0,0,0,0,0,0,0,0,0,0,0,0,0,0,0,0,0,0,0,0,0,0,0,0,0,0,0,0,0,0,0,0,0,0,0,0,0,0,0,0,0,0,0,0,0,0,0,0,0,0,0,0,0,0,0,0,0,0,0,0,0,0,0,0,0,0,0,0,0,0,0,0,0,0,0,0,0,0,0,0,0,0,0,0,0,0,0,0,0,0,0,0,0,0,0,0,0,0,0,0,0,0,0,0,0,0,0,0,0,0,0,0,0,0,0,0,0,0,0,0,0,0,0,0,0,0,0,0,0,0,0,0,0,0,0,0,0,0,0,0,0,0,0,0,0,0,0,0,0,0,0,0,0,0,0,0,0,0,0,0,0,0,0,0,0,0,0,0
"BWA",0,0,0,0,0,0,0,0,0,0,0,0,0,0,0,0,0,0,0,0,0,0,0,0,0,0,0,0,0,0,0,0,0,0,0,0,0,0,0,0,0,0,0,0,0,0,0,0,0,0,0,0,0,0,0,0,0,0,0,0,0,0,0,0,0,0,0,0,0,0,0,0,0,0,0,0,0,0,0,0,0,0,0,0,0,0,0,0,0,0,0,0,0,0,0,0,0,0,0,0,0,0,0,0,0,0,0,0,0,0,0,0,0,0,48.6772151898734,0,0,0,0,0,0,0,0,0,0,0,0,0,0,0,0,0,0,0,0,0,0,0,0,87.8101265822785,0,0,0,0,0,0,0,0,0,0,0,0,0,0,0,400.784746835443,0,0,0,0,0,0,0,0,0,0,0,0,0,0,0,0,0,0,0,0,0,0,0,0,0,0,0,0,0,0,0,0,0,0,0,0,0,0,0
"BRA",0,0.0189873417721519,0,0,1.30379746835443,71.9460759493671,0,0,15.3354430379747,1.31645569620253,1.28481012658228,0.0506329113924051,0,0,11.6,0,0,0,1.23917721518987,0,0,0,0,0,0.0379746835443038,6.54430379746835,0,0,0.0949367088607595,0,607.841772151899,6.0632911392405,0,0.0632911392405063,0,0,0,0.189873417721519,17.120253164557,0,0,6.20253164556962,0,0,0,0,0,0,0,0,0.126582278481013,0,0,1.42240506329114,0,0.145569620253165,0,0,0,9.94303797468354,0.41006329113924,0,0,23.9177215189873,0,0,0,0,7.23417721518987,0,0,34.136582278481,0,0.253164556962025,0.0506329113924051,1.91139240506329,178382.5,0.221518987341772,0,0.0506329113924051,27000,14.0316455696203,0,0,0,42.3860759493671,0.0316455696202532,0,0,0,0,31500.3227848101,0,0,0,1.5379746835443,0,55.7821518987342,0.189873417721519,0,0,0,0,0.0506329113924051,0,0,26.0696202531646,0,0,1.22151898734177,0.0506329113924051,22670.75,0.227848101265823,0,0,0,11.4430379746835,0,0,0,0.20253164556962,0.892405063291139,0,0,0,9.36075949367089,62342.1075949367,52.4227848101266,0,0,35.4440506329114,5.37208860759494,15902.303164557,0.126582278481013,65.379746835443,12.6455696202532,0,0,0.468354430379747,0,0,0,0,0,159241.432911392,0.569620253164557,0,31230.0443037975,0.0316455696202532,0,0,0,0,23.036329113924,0,0.0756329113924051,6.09493670886076,0,0,0.0316455696202532,0.0506329113924051,0.962025316455696,0,0,0.0253164556962025,0,32027.0759493671,0.0632911392405063,0,0,0,0,3.34177215189873,0.316455696202532,0,0,17.7405063291139,0,215.221518987342,0,11.38,0,50938.6518987342,257207.903164557,0,0,0,0,1.29113924050633,0.170886075949367,0,0.765822784810127,0.02,0,27557.5
"ARB",0,0,0,0,0,0,0,0,0,0,0,0,0,0,0,0,0,0,0,0,0,0,0,0,0,0,0,0,0,0,0,0,0,0,0,0,0,0,0,0,0,0,0,0,0,0,0,0,0,0,0,0,0,0,0,0,0,0,0,0,0,0,0,0,0,0,0,0,0,0,0,0,0,0,0,0,0,0,0,0,0,0,0,0,0,0,0,0,0,0,0,0,0,0,0,0,0,0,0,0,0,0,0,0,0,0,0,0,0,0,0,0,0,0,0,0,0,0,0,0,0,0,0,0,0,0,0,0,0,0,0,0,0,0,0,0,0,0,0,0,0,0,0,0,0,0,0,0,0,0,0,0,0,0,0,0,0,0,0,0,0,0,0,0,0,0,0,0,0,0,0,0,0,0,0,0,0,0,0,0,0,0,0,0,0,0,0,0,0,0,0,0,0,0,0
"BLZ",0,0,0,0,0,0,0,0,0,0,0,0,0,0,0,0,0,0,0,0,0,0,0,0,0,0,0,0,0,0,0,0,0,0,0,0,0,0,0,0,0,0,0,0,0,0,0,0,0,0,0,0,0,0,0,0,0,0,0,0,0,0,0,0,0,0,0,0,0,0,0,0,0,0,0,0,0,0,0,0,0,0,0,0,0,0,0,0,0,0,0,0,0,0,0,0,0,0,0,0,0,0,0,0,0,0,0,0,0,0,0,0,0,0,0,0,0,0,0,0,0,0,0,0,0,0,0,0,0,0,0,0,0,0,0,0,0,0,0,0,0,0,0,0,0,0,0,0,0,0,0,0,0,0,0,0,0,0,0,0,0,0,0,0,0,0,0,0,0,0,0,0,0,0,0,0,0,0,0,0,0,0,0,0,0,0,0,0,0,0,0,0,0,0,0
"SLB",0,0,0,0,0,0,0,0,0,0,0,0,0,0,0,0,0,0,0,0,0,0,0,0,0,0,0,0,0,0,0,0,0,0,0,0,0,0,0,0,0,0,0,0,0,0,0,0,0,0,0,0,0,0,0,0,0,0,0,0,0,0,0,0,0,0,0,0,0,0,0,0,0,0,0,0,0,0,0,0,0,0,0,0,0,0,0,0,0,0,0,0,0,0,0,0,0,0,0,0,0,0,0,0,0,0,0,0,0,0,0,0,0,0,0,0,0,0,0,0,0,0,0,0,0,0,0,0,0,0,0,0,0,0,0,0,0,0,0,0,0,0,0,0,0,0,0,0,0,0,0,0,0,0,0,0,0,0,0,0,0,0,0,0,0,0,0,0,0,0,0,0,0.00632911392405063,0,0,0,0,0,0,0,0,0,0,0,0,0,0,0,0,0,0,0,0,0,0
"BRN",0,0,0,0,0,0,0,0,0,0,0,0,0,0,0,0,0,0,0,0,0,0,0,0,0,0,0,0,0,0,0,0,0,0,0,0,0,0,0,0,0,0,0,0,0,0,0,0,0,0,0,0,0,0,0,0,0,0,0,0,0,0,0,0,0,0,0,0,0,0,0,0,0,0,0,0,0,0,0,0,0,0,0,0,0,0,0,0,0,0,0,0,0,0,0,0,0,0,0,0,0,0,0,62.3607594936709,0,0,0,0,0,0,0,0,0,0,0,0,0,0,0,0,0,0,0,0,0,0,0,0,0,0,0,0,0,0,0,0,0,0,0,0,0,0,0,0,0,0,0,0,0,0,0,0,0,0,0,0,0,0,0,0,0,0,0,0,0,0,0,0,0,0,0,0,0,0,0,0,0,0,0,0,0,0,0,0,0,0,0,0,0,0,0,0,0,0,0
"BGR",0,0,1150.37025316456,40425,0,0,0,106.540886075949,0,0,0,30079.25,0,0,0,0,0,0,0,0,0,0,0,0,0,0.14493670886076,0,0,0,0,0,0,0,0,0,0,0,0,9621.18405063291,0,0,69.5783544303797,0,0,0,0,26275.5,0,0,0,0,0,0,408.444303797468,0,0,3.85487341772152,0,0,17774.6162658228,0,0,0,573801.814050633,0,0,0,0,0,0,0,0,2.56329113924051,0,0,0,150067.3,0,2.53164556962025,31846.164556962,211411.411898734,198322.009240506,0,0,0,0,27454.25,0,0,0,0,203697.75,0,0,0,79944.17,0,0,218488.115,0,0,0,0,0,0,0,5.58227848101266,0,0,0,0,59928.6,0,2.5,0,0,81450.3506329114,0,0,652.096329113924,0,0,0,0,0,0,166017,0,12.2350632911392,0,0,0,210631.62,53.3704430379747,86898,0,0,0,11.1,0,464821.684493671,0,0,0,0,0,0,6.32911392405063,6134,0,0,15.38,0.759493670886076,0,0,0,697588.573164557,0,0,0,0.0316455696202532,0,0,0,0,0,88123.5,0,0,0,0,233307.695,104014.878924051,107.395,0,0,394.253164556962,0,61.8386075949367,0,0,0,0,115958,25000,15000,0,0,92.7594936708861,0,10133.5809493671,0,66222,0,0
"MMR",0,0,0,0,0,0,0,0,0,0,0,0,0,0,0,0,0,0,0,0,0,0,0,0,0,0,0,0,0,0,0,0,0,0,0,0,0,0,0,0,0,0,0,0,0,0,0,0,0,0,0,0,0,0,0,0,0,0,0,0,0,0,0,0,0,0,0,0,0,0,0,0,0,0,0,0,0,0,0,0,0,0,0,0,0,0,0,0,0,0,0,0,0,0,0,0,0,0,0,0,0,0,0,0,0,0,0,0,0,0,0,0,0,0,0,0,0,0,0,0,0,0,0,0,0,0,0,0,0,0,0,0,0,0,0,0,0,0,0,0,0,0,0,0,0,0,0,0,0,0,0,0,0,0,0,0,0,0,0,0,0,0,0,0,0,0,0,0,0,0,0,0,0,0,0,0,0,0,0,0,0,0,0,0,0,0,0,0,0,0,0,0,0,0,0
"BDI",0,0,0,0,0,0,0,0,0,0,0,0,0,0,0,0,0,0,0,0,0,0,0,0,0,0,0,0,0,0,0,0,0,0,0,0,0,0,0,0,0,0,0,0,0,0,0,0,0,0,0,0,0,0,0,0,0,0,0,0,0,0,0,0,0,0,0,0,0,0,0,0,0,0,0,0,0,0,0,0,0,0,0,0,0,0,0,0,18.0189873417721,0,0,0,0,0,0,0,0,0,0,0,0,0,0,0,0,0,0,0,0,0,0,0,0,0,0,0,0,0,0,0,0,0,0,0,0,0,0,0,0,0,0,0,0,0,0,0,0,0,0,0,0,0,0,0,0,0,0,0,0,0,0,0,0,0,0,0,0,0,0,0,0,0,0,0,0,0,0,0,0,0,0,0,0,0,0,0,0,0,0.626582278481013,0,0,0,0,0,0,0,16133.6319620253,0,0.0506329113924051,0,0,0,0,0,0
"CMR",0,0,0,0,0,0,0,0,0,0,0,0,0,0,0,0,0,0,0,0,0,0,0,0,0,0,0,6542.21518987342,0,0,0,0,0,0,147.151898734177,0,0,0,0,0,0,0,0,0,0,0,0,0,0,0,0,0,0,0.005,0,0,0,0,0,0,0,0,0,0,0,0,0,0,0,0,0,0,0,0,0,0,0,0,0,0,0,0.0632911392405063,0,0,0,0,0,0,0,0,0,0,0,0,0,0,0,0,0,0,0,0,0,0,0,0,0,0,0,0,0,0,0,0,0,0,0,0,0,0,0,0,0,0,0,0,0,0,0,0,0,0,0,0,0,0,0,0,0,0,0,0,0,0,0,0,0,0,0,0,0,0,0,0,0,0,0,0,0,0,0,0,0,0,0,0,0,0,0,0,0,0,0.00632911392405063,0,0,0,0,0,0,0,0,0,0,0,0,0,0,0,0.213607594936709,0,0,0,0,0,0
"CAN",0,0,0,744401,4.44936708860759,0,212841.5,0,3288.17088607595,0,144.272151898734,1010641,0,0,1500.5,0,56522,0,0,0,0,0,16270.5,1250,166264,0,0,0,323170.5,0,400204.5,2571223.17721519,1337455.02,0,0,0,212668.5,65360.5443037975,0,0,0,436.5,9.5126582278481,289401.02,0,852646.601265823,19158,98953.3670886076,0,0,0,0,0,9590.86075949367,0,0,0,2501,0,1059,0,428431,0,845.03164556962,0,0,216061.53164557,0,4312.5,81251.1265822785,0.069620253164557,104.792848101266,0,0,421.645569620253,650.5,1991411.5,0,0,0,75059.5,1348677.70905063,15941.5569620253,124,4375.01898734177,1863799.08462025,66.6106962025316,0,99918,0,0,257632.234873418,51411.5,9675,32.3417721518987,15.8227848101266,0,0.20253164556962,22315,0,0.015,0,10101.5,163024.297468354,0,14260,0,7000,0,654396.15,0,966309.5,167627,0,6604.5,595,12072.0259493671,0,0,0,0,366,34901,0,935197.5,0,0,0,0,0,0,1621071.74683544,217254.20886076,0,27009,0,0,0,0,775.5,0,2500,1.5,0.208860759493671,1383.75316455696,29.9050632911392,0,28248.5,19260,0,0,0,0,18210.1518987342,0.575949367088608,108742,79357.5,0,0,0,11.1835443037975,254,0,5501,22633.753164557,31462,221839.5,52179,0,12262.7143037975,29644.5,238800.85,248095.5,240394.430379747,6000,0,498167.957974684,52.6111392405063,1849741.53797468,3849.5,0,0,195490.905063291,136788.5,0,0,0,0,229206.873417722,0,0,0,86213,0,0
"CPV",0,0,0,0,0,0,0,0,0,0,0,0,0,0,0,0,0,0,0,0,0,0,0,0,0,0,0,0,0,0,0,0,0,0,0,0,0,0,0,0,0,0,0,0,0,0,0,0,0,0,0,0,0,0,0,0,0,0,0,0,0,0,0,0,0,0,0,0,0,0,0,0,0,0,0,0,0,0,0,0,0,0,0,0,0,0,0,0,0,0,0,0,0,0,0,0,0,0,0,0,0,0,0,0,0,0,0,0,0,0,0,0,0,0,0,0,0,0,0,0,0,0,0,0,0,0,0,0,0,0,0,0,0,0,0,53.1645569620253,0,0,0,0,0,0,0,0,0,0,0,0,0,0,0,0,0,0,0,0,0,0,0,0,0,0,0,0,0,0,0,0,0,0,0,0,0,0,0,0,0,0,0,0,0,0,0,0,0,0,0,0,0,0,0,0,0,0,0
"CAF",0,0,0,0,0,0,0,0,0,0,0,0,0,0,0,0,0,0,0,0,0,0,0,0,0,0,0,0,0,0,0,0,0,0,0,0,0,0,0,0,0,0,0,0,0,0,0,0,0,0,0,0,0,0,0,0,0,0,0,0,0,0,0,0,0,0,0,0,0,0,0,0,0,0,0,0,0,0,0,0,0,0,0,0,0,0,0,0,0,0,0,0,0,0,0,0,0,0,0,0,0,0,0,0,0,0,0,0,0,0,0,0,0,0,0,0,0,0,0,0,0,0,0,0,0,0,0,0,0,0,0,0,0,0,0,0,0,0,0,0,0,0,0,0,0,0,0,0,0,0,0,0,0,0,0,0,0,0,0,0,0,0,0,0,0,0,0,0,0,0,0,0,0,0,0,0,0,0,0,0,0,0,0,0,0,0,0,0,0,0,0,0,0,0,0
"LKA",0,0,0,0,0,0,49.7341772151899,0,0,0.291139240506329,0,0,0,0,0,0,0,0,0,0,0,0,0,0,0,4.27215189873418,0,0,0,0,0,165.189873417722,0,0,0,0,0,0,0.588101265822785,0,0,1.58860759493671,0,0,0,0,0,0,0,0,0,0,0,11.1772151898734,0,0,0,0,0,5.37974683544304,0,0,0,0,0,0,0,0,0,0.651898734177215,0,3786.79113924051,0,0,0,2227.15189873418,0,0,0,0,0,2.50632911392405,0,0,0,0.911392405063291,0,0,0,3674.05063291139,0,0,0.132911392405063,0,0,0,0,0,0,0,0,0,0,25640.0379746835,21929.4936708861,0,0,0,0,0,0,0,0,0,0,0,0.392405063291139,0,0,0,0,0.158227848101266,0,0,0,3.0126582278481,0,0,0,0,0,0,512.645569620253,0,0,0,0,0,0,0,0,0,0,0,0,0,0,0,0,1311.39873417722,0,0,0,29038.6486075949,0,0,0,0,0,0,0.335443037974684,3.41772151898734,0,0,0,0,14785.7594936709,0,0,0,0.0886075949367089,0,0,31.0253164556962,0,0,54.4240506329114,0,23.5886075949367,0,0,0,0,0,0,0,0,0,0,0,0,0,0,0,0
"TCD",0,0,0,0,0,0,0,0,0,0,0,0,0,0,0,0,0,0,0,0,0,0,0,0,0,0,0,0,0,0,0,0,0,0,0,0,0,0,0,0,0,0,0,0,0,0,0,0,0,0,0,0,0,0,0,0,0,0,0,0,0,0,0,0,0,0,0,0,0,0,0,0,0,0,0,0,0,0,0,0,0,0,0,0,0,0,0,0,0,0,0,0,0,0,0,0,0,0,0,0,0,0,0,0,0,0,0,0,0,0,0,0,0,0,0,0,0,0,0,0,0,0,0,0,0,0,0,0,0,0,0,0,0,0,0,0,0,0,0,0,0,0,0,0,0,0,0,0,0,0,0,0,0,0,0,0,0,0,0,0,0,0,0,0,0,0,0,0,0,0,0,0,0,0,0,0,0,0,0,0,0,0,0,0,0,0,0,0,0,0,0,0,0,0,0
"CHL",0,0,0,0,0,33.2721518987342,0,0,0,0,0,0,0,0,21.535,0,0,0,0,0,0,0,0,0,0,0.582278481012658,0,0,0,0,0,0,0,0,0,0,0,68.873417721519,0,0,0,0,0,0.0506329113924051,0,0,0,0,0,0,0,0,0,0,0,0,0,0,0,0,0,0,0,0,0,0,0,0,0,0,0,0,0,0,0,0,0,0,0,0,0,0,0,0,0,0,0,0,0,0,0,0,0,0,0,0,0,0,0,0,0,0,0,0,0,0,0,0,0,0,0,0,0,0,0,0,0,0,0,0,0,0,0,0,0,0,0,0,0,0,0.69620253164557,506.069620253165,0,0,0,0,0,0,0,0,0,0,0,0,0,0,0,0,0,0,0,0,0,0,0,0,0,0,0,0,0,0,0,0,0,0,0,0,0,0,0,0,0,0,0,0,0,0,0.675443037974684,0,5.68354430379747,0,10.6329113924051,0,0,0,0,0,0,0,0,0,0,0,0
"CHN",0,1480.10126582278,0,0,0,0,26.8987341772152,0,0,0,0,0,0,0,0,0,0,0,0,0,0,0,596.189873417721,0,0,151.784810126582,0,0,0,0,0,0,0,0,0,0,0,0,0,0,0,0,0,0,0,0,0,0,0,0,0,0,0,0,0,0,0,0,0,0,0,0,0,0,0,0,0,0,0,0,0,83223.9873417722,0,0,0,0,0,0,0,0,0,0.791139240506329,0,0,0,1.26582278481013,0,727.848101265823,22.7848101265823,0,70008.3544303798,316.455696202532,0,0,0,0,0,0,0,0,5748.46202531646,0,0,0,0,0,0,0,0,0,0,0,0,0,0,253.670886075949,71.126582278481,0,0,0,0,22.2278481012658,0,0,6.40506329113924,0,0,0,0,0,0,0,14.2405063291139,0,0,0,0,0,0,0,0,0,0,0,0,0,0,0,0,0,0,0,0,753.778481012658,0,0,0,0,0,0,0,0,0,0,13.5506329113924,0,2240.86075949367,0,0,0,0,0,0,0,0,0,23.126582278481,0,636.322784810127,0,0,0,0,28.2848101265823,880,0,0,0,0,0,0,0,0,0,0
"COL",0,0,0,0,0,0,0,0,0,0,0,0,0,0,0,0,0,0,0,0,0,0,0,0,0,0,0,0,0,0,0,0,0,0,0,0,0,17.6645569620253,0,0,0,0,0,0,0,737.867088607595,0,0,0,0,0,0,0,0,27.0316455696203,0,0,0,0,0.00632911392405063,0,0,0,0,0,0,0,0,0,0,0,0,0,0,0,0,0,0,0,0,0,0,0,0,0,0,0,0,0,0,0,0,0,0,0,0,0,0,0,0,0,0,0,0,0,0,0,0,0,5.58227848101266,0,0,0,0,0,0,0,0,0,0,0,0,0,0,0,0,0,0.00632911392405063,0,0,0,30.0949367088608,0,0,0,0,0,0,0,0,0,0,0,0,0,0,0,0,0,0,0,0,0,0,0,0,0,0,0,0,0,0,0,0,0,0,0,0,0,0,0,0,0,0,0,0,0,0,9.44651898734177,0,0,0,18248.7215189873,0,0,0,0,0,0,0,0,0,0,0,0
"COM",0,0,0,0,0,0,0,0,0,0,0,0,0,0,0,0,0,0,0,0,0,0,0,0,0,0,0,0,0,0,0,0,0,0,0,0,0,0,0,0,0,0,0,0,0,0,0,0,0,0,0,0,0,0,0,0,0,0,0,0,0,0,0,0,0,0,0,0,0,0,0,0,0,0,0,0,0,0,0,0,0,0,0,0,0,0,0,0,0,0,0,0,0,0,0,0,0,0,0,0,0,0,0,0,0,0,0,0,0,0,0,0,0,0,0,0,0,0,0,0,0,0,0,0,0,0,0,0,0,0,0,0,0,0,0,0,0,0,0,0,0,0,0,0,0,0,0,0,0,0,0,0,0,0,0,0,0,0,0,0,0,0,0,0,0,0,0,0,0,0,0,0,0,0,0,0,0,0,0,0,0,0,0,0,0,0,0,0,0,0,0,0,0,0,0
"COG",0,0,0,0,0,0,0,0,0,0,0,0,0,0,0,0,0,0,0,0,0,0,0,0,0,0,0,0,0,0,0,0,0,0,0,0,0,0,0,0,0,0,0,0,0,0,0,0,0,0,0,0,0,0,0,0,0,0,0,0,0,0,0,0,0,0,0,0,0,0,0,0,0,0,0,0,0,0,0,0,0,0,0,0,0,0,0,0,0,0,0,0,0,0,0,0,0,0,0,0,0,0,0,0,0,0,0,0,0,0,0,0,0,0,0,0,0,0,0,0,0,0,0,0,0,0,0,0,0,0,0,0,0,0,0,0,0,0,0,0,0,0,0,0,0,0,0,0,0,0,0,0,0,0,0,0,0,0,0,0,0,0,0,0,0,0,0,0,0,0,0,0,0,0,0,0,0,0,0,0,0,0,0,0,0,0,0.0566455696202532,0,0,0,0,0,0,0,0
"COK",0,0,0,0,0,0,0,0,0,0,0,0,0,0,0,0,0,0,0,0,0,0,0,0,0,0,0,0,0,0,0,0,0,0,0,0,0,0,0,0,0,0,0,0,0,0,0,0,0,0,0,0,0,0,0,0,0,0,0,0,0,0,0,0,0,0,0,0,0,0,0,0,0,0,0,0,0,0,0,0,0,0,0,0,0,0,0,0,0,0,0,0,0,0,0,0,0,0,0,0,0,0,0,0,0,0,0,0,0,0,0,0,0,0,0,0,0,0,0,0,0,0,0,0,0,0,0,0,0,0,0,0,0,0,0,0,0,0,0,0,0,0,0,0,0,0,0,0,0,0,0,0,0,0,0,0,0,0,0,0,0,0,0,0,0,0,0,0,0,0,0,0,0,0,0,0,0,0,0,0,0,0,0,0,0,0,0,0,0,0,0,0,0,0,0
"CRI",0,0,0,0,0,0,0,0,0,0,0,0,0,0,0,0,0,0,0,0,0,0,0,0,0,0,0,0,0,0,0,0,0,0,0,0,0,0,0,0,0,0,0,0,0,0,0,0,0,0,0,0,0,0,0,0,0,0,0,0,0,0,0,0,0,0,22.9493670886076,0,0,0,0.0126582278481013,0,0,0,0,0,0,0,0,0,0,0,0,0,0,0,0,0,0,0,0,0,0,0,0,0,0,0,0,0,0,0,0,0,0,0,0,0,0,0,0,0,0,0,0,0,0,0,0,0,0,0,12812.9936708861,0,0,0,0,411.651898734177,0,0,0,0,0,0,0,0,0,0,0,0,0,0,0,0,0,0,0,0,0,0,0,0,0,0,0,0,0,0,0,0,0,0,0,0,0,0,0,0,0,0,0,0,0,0,0,0,0,0,0.727848101265823,0,0,0,0,0,0,0,0,0,0,0,0,0,0,0,0
"CUB",0,0,0,0,0,0,0,0,0,0,0,0,0,0,0,0,0,0,0,0,0,0,0,0,0,0,0,0,0,0,0,0,0,0,0,0,0,0,0,0,0,0,0,0,0,0,0,0,0,0,0,0,0,0,0,0,0,0,0,0,0,0,0,0,0,0,0,0,0,0,0,0,0,0,0,0,0,0,0,0,0,0,0,0,0,0,0,0,0,0,0,0,0,0,0,0,0,0,0,0,0,0,0,0,0,0,0,0,0,0,0,0,0,0,0,0,0,0,0,0,0,0,0,0,0,0,0,0,0,0,0,0,0,0,0,0,0,0,0,0,0,0,0,0,0,0,0,0,0,0,0,0,0,0,0,0,0,0,0,0,0,0,0,0,0,0,0,0,0,13.1329113924051,0,0,0,0,0,0,0,0,0,0,0,0,216.170886075949,0,0,0,0,0,0,0,0,0,0,0,0
"CYP",0,0,0,0,0,0,1.37341772151899,0,0,0,0,204.113924050633,0,0,0,0,0,0,0,0,0,0,0,0,0,0,0,0,0,0,0,0,0,0,0,0,0,0,0,0,0,0,0,0,0,0,0,0,0,0,0,0,0,0,0,0,0,0,0,0,0,0,0,243.310126582278,0,0,0,0,0,0,0,0,0,0,0,0,0,0,0,0,25,0.0189873417721519,0,0,0,0,27.4113924050633,0,0,0,0,0,7.44303797468354,0,0,9.94303797468354,0,0,0,0,0,0,0,0,0,0,0,0,0,0,0,0,0,0,0,0,0,0,0,0,0,0,0,0,0,0,0,0,0,0,0,0,0,0,0,0,0,0,930.379746835443,0,0,0,0,0,0,0,0,821.462025316456,0,0,0,0,0,0,0,0.0316455696202532,0,0,0,0,0,0,0,0,0,0,0,0,0,0,13.3924050632911,0,0,33.2278481012658,0,0,3179.54113924051,0,0,0,0,0,0,0,0,0,0,0,0,0,244.93670886076,0,0,0,0
"AZE",0,0,0,0,0,0,0,0,0,0,0,0,0,0,0,0,0,0,0,0,0,0,0,0,0,0,0,0,0,0,0,0,0,0,0,0,0,0,0,0,0,0,0,0,0,0,0,0,0,0,0,0,0,0,0,0,0,0,0,0,0,0,0,0,0,0,0,0,0,0,0,0,0,0,0,0,0,0,0,0,0,0,0,0.0759493670886076,0,0,0,0,0,0,0,0,0,0,0,0,0,0,0,0,0,0,0,0,0,0,0,0,0,0,0,0,0,0,0,0,0,0,0,0,0,0,0,0,0,0,0,0,0,0,0,0,0,0,0,0,0,0,0,0,0,0,0,0,0,0,0,0,0,0,0,0,0,0,0,0,0,0,0,0,0,0,0,0,0,0,0,0,0,0,0,0,0,0,0,0,0,0,0,0,0,0,0,0,0,0,0,0,0,0,0,0,0,0,0
"BEN",0,0,0,0,0,0,0,0,0,0,0,0,0,0,0,0,0,0,0,0,0,0,0,0,0,0,0,0,0,0,0,0,0,0,0,0,0,0,0,0,0,0,0,0,0,0,0,0,0,0,0,0,0,0,0,0,0,0,0,0,0,0,0,0,0,0,0,0,0,0,0,0,0,0,0,0,0,0,0,0,0,0,0,0,0,0,0,0,0,0,0,0,0,0,0,0,0,0,0,0,0,0,0,0,0,0.30379746835443,0,0,0,0,0,0,0,0,0,0,0,0,0,0,0,0,0,3850.37974683544,2.54430379746835,0,0,0,0,0,0,0,0,0,0,0,0,0,0,0,0,0,0,0,0,0,0,0,0,0,0,0,0,0,0,0,0,0,0,0,0,0,0,0,0,0,0,19.0253164556962,0,0,0,0,0,239.240506329114,0,0,0,0,0,46.879746835443,0,0,0,0,0,0,0,0,0,0,0,0,0,0,0
"DNK",0,0,0,0,0,0,56.3037974683544,25.25,0,0,0,0,0,0,0,0,0,0,0,0,0,0,0,0,0.0569620253164557,0.0379746835443038,0,0,0,0,0,14.1,0,0,0,0,0,0,0.221518987341772,0,0,0,0,0,0,0,0,0,0,44.7405063291139,807.175569620253,0,41.3272151898734,15696.2055063291,0,0,0.2,0,0,109697.646962025,0,1.20253164556962,0,14.8037974683544,0,0,0,0,0,0,0,0,0.632911392405063,0,21225.3696835443,0,0,0,0,116531.326518987,195.772151898734,24923.9434810127,0,0,0,0,0,0,0,0,0,0,0,75.015,0,0,0,0,0,20099.5479746835,0,0,0,0,0,0,0,6050,0,0,0,15350.305,0,0,0,0,71491.5486708861,0,0,0,0,0,0,0,0,13874.340443038,0,1.51898734177215,78.2088607594937,0,0,0,0,21878.377278481,49674.95,0,0,0,0,0,0.867088607594937,0,0,0,0,0,0,0,0,0,0,0,0,3.515,0,0,125757.800379747,0,0,0,8903.80101265823,6.34430379746835,0,0,0,0,0.155,0,0,0,0,0,5.89873417721519,0.0189873417721519,0,0,68732.9287974684,0,0.30379746835443,0,0,0,0,1.08227848101266,0,0,0,0,3752.40101265823,0.535,71.379746835443,0,0,0,0
"DMA",0,0,0,0,0,0,0,0,0,0,0,0,0,0,0,0,0,0,0,0,0,0,0,0,0,0,0,0,0,0,0,0,0,0,0,0,0,0,0,0,0,0,0,0,0,0,0,0,0,0,0,0,0,0.0189873417721519,0,0,0,0,0,0,0,0,0,0,0,0.00632911392405063,0,0,0,0,0,0,0,0,0,0,0,0,0,0,0,0,0,0,0,0,0,0,0,0,0,0,0,0,0,0,0,0,0,0,0,0,0,0,0,0,0,0,0,0,0,0,0,0,0,0,0,0,0,0,0,0,0,0,0,0,0,0,0,0,0,0,0,0,0,0,0,0,0,0,0,0,0,0,0,0,0,0,0,0,0,0,0,0,0,0,0,0,0,0,0,0,0,0,0,0,0,0,0,0,0,0,0,0,0,0,0,0,0,0,0,0,0,0,0,0,0,0,0,0,0,0,0,0,0
"DOM",0,0,0,0,0,0,0,0,0,0,0,0,0,0,0,0,0,0,0,0,0,0,0,0,0,0,0,0,0,0,0,0,0,0,0,0,0,0,0,0,0,0,0,0,0,0,0,0,0,0,0,0,0,0,0,0,0,0,0,0,0,0,0,0,0,0,0,0,0,0,0,0,0,0,0,0,0,0,0,0,0,0,0,0,0,0,0,0,0,0,0,0,0,0,0,0,0,0,0,0,0,0,0,0,0,0,0,0,0,0,0,0,0,0,0,0,0,0,0,0,0,0,0,0,0,0,0,0,0,0,0,0,0,0,0,0,0,0,0,0,0,0,0,0,0,0,0,0,0,0,0,0,0,0,0,0,0,0,0,0,0,0,0,0,0,0,0,0,0,0,0,0,0,0,0,0,0,0,0,0,0,0,0,0,0,0,0,0,0,0,0,0,0,0,0
"BLR",6.0506329113924,0,0,14.873417721519,0,0,0,0,0,0,0,0,0,0,0,0,0,0,0,0,0,0,0,0,0,0,0,0,0,0,0,0,0,0,0,0,0,0,0,8.42405063291139,0,611.925,0,0,0,0,0,0,0,0,0,0,0,0,0,0,28.9873417721519,0,0,0,0,0,0,0,0,0,0,0,0,0,0,0,0,0,0,0,0,0,0,0,0,0,0,6.39240506329114,0,0,0,0,0,0,0,6.0253164556962,0,0,0,0,0,0,0,15304.2429113924,0,29.7658227848101,0,0,0,0,0,0,0,0,0,0,0,557.398734177215,0,0,0,0,0,0,0,0,0,0,0,3606.56,0,0,0,0,0,0,0,11,0,0,0,0,0,0,0,0,8345.8,0,0,0,0,0,0,0,0,0,0,0.822784810126582,0,0,0,0,0,0,0,0,0,0,0,0,0,0,0,0,0,0,0,0,0,0,0,23030.2956329114,0,0,0,0,0,0,0,0,0,0,0,0,0,0,0,0,0
"ECU",0,0,0,0,0,0,0,0,0,0,0,0,0,0,0,0,0,0,0,0,0,0,0,0,0,0,0,0,0,0,0,0,0,0,0,0,0,0,0,0,0,0,0,0,0,0,0,0,0,0,0,0,0,0,0,0,0,0,0,0,0,0,0,0,0,0,0,0,0,0,0,0,0,0,0,0,0,0,0,0,0,0,0,0,0,0,0,0,0,0,0,0,0,0,0,0,0,0,0,0,0,0,0,0,0,0,0,0,0,0,0,0,0,0,0,0,0,0,0,0,0,0,0,0,0,0,0,0.0316455696202532,0,0,0,138,0,0,0,0,0,0,0,0,0,0,0,0,0,0,0,0,0,0,0,0,0,0,0,0,5.82278481012658,0,0,0,0,0,0,0,0,0,0,0,0,0,0,0,0,0,0,0,0,0,189.094936708861,0,0,0,0,0,0,0,0,0,0,0,0,0,0,0,0
"EGY",0,0,0,0,0,0,0,0,0,7.68924050632911,0,0,0,0,0,0,0,0,0,0,0,0,0,0.955,0,0.272151898734177,0,0,0,481.329113924051,0.99,0,0,721.23417721519,0,0,0,0,0,0,38.4810126582278,0,0,0,0,0,0,0,0,0,0,0,0,98.7341772151899,0,9590.81012658228,0,0,0,2.81012658227848,0,0,0,0,0,0,0,0,0,0,0,0,0,0,0,0,0,0,16.506329113924,0,0,179.677215189873,0,0,0,0.945,3150.79746835443,0,64.6645569620253,0,0,0.035,8.60126582278481,0,0,59.6139240506329,0,66.7784810126582,1286.41772151899,0,0,70457.4873417722,0,0,0,0,0,0,0,0,0,0,0,0,0,0,0,0,0,0,0,0,0,0,0,0,80.4620253164557,0,0,0,0,0,0,0,0,0,0,71012.8481012658,0,0,0,80.0822784810127,0,0,0,0,0,5282.03689873418,0,0,0,0,0,0,111808.120253165,0,878.386075949367,0,0,0,0,0,42777.9240506329,0,0,0,0,0,0,0,0,70.8417721518987,0,355.139240506329,0,0,9.0429746835443,0,0.537974683544304,21.0443037974684,0,0,826.601265822785,0,432.101265822785,93836.0126582278,13.1455696202532,0,1.47803797468354,0,0,0,74953.2911392405,0,33572.3481012658
"SLV",0,0,0,0,0,0,0,0,0,0,0,0,0,0,0,0,0,0,0,0,0,0,0,0,0,0,0,0,0,0,0,0,0,0,0,0,23.9154430379747,0,0,0,0,0,0,0,0,0,0,0,0,0,0,0,0,0,0,0,0,0,0,0,0,0,0,0,0,0,24834.0126582278,0,0,0,27989.829113924,0,0,0,0,0,0,0,0,0,0,0,0,0,0,0,0,0,0,0,0,0,0,0,0,0,0,0,0,0,0,0,0,0,0,0,0,0,0,0,0,0,0,0,0,0,0,0,0,0,0,0,1998.38455696203,0,0,0,0,0,0,0,0,0,0,0,0,0,0,0,0,0,0,0,0,0,0,0,0,0,0,0,0,0,0,0,0,0,0,0,0,0,0,0,0,0,0,0,0,0,0,0,0,0,0,0,0,0,0,0,0,0,0,0,0,0,0,0,0,0,0,0,0,0,0,0,0
"GNQ",0,0,0,0,0,0,0,0,0,0,0,0,0,0,0,0,0,0,0,0,0,0,0,0,0,0,0,0,0,0,0,0,0,0,0,0,0,0,0,0,0,0,0,0,0,0,0,0,0,0,0,0,0,0,0,0,0,0,0,0,0,0,0,0,0,0,0,0,0,0,0,0,0,0,0,0,0,0,0,0,0,0,0,0,0,0,0,0,0,0,0,0,0,0,0,0,0,0,0,0,0,0,0,0,0,0,0,0,0,0,0,0,0,0,0,0,0,0,0,0,0,0,0,0,0,0,0,0,0,0,0,0,0,0,0,0,0,0,0,0,0,0,0,0,0,0,0,0,0,0,0,0,0,0,0,0,0,0,0,0,0,0,0,0,0,0,0,0,0,0,0,0,0,0,0,0,0,0,0,0,0,0,0,0,0,0,0,0,0,0,0,0,0,0,0
"EST",0,0,0,27775.01,0,0,0,0,0,0,0,0,0,0,0,0,0,0,0,0,0,0,0,6835,0,0,0,0,0,0,0,0,0,0,0,0,0,0,0,0,0,2280.90189873418,0,0,0,0,0,0,0,0,0,0,10178.9813291139,75.1898734177215,0,0,0,0,0,6222.54297468354,0,0,0,0,0,0,0,0,0,0,0,0,0,0,0,0,0,0,0,7514.11,0,36.01,0,0,0,0,0,0,24127.5,0,0,45700,0,26754.5744303797,0,0,0,0,0,5028.91702531646,0,0,0,0,0,0,3567.5,13618.86,0,0,0,105602.775,0,0,0,0,63183.675,0,0,0,0,0,0,0,99645.15,7670.25265822785,0,0,120.25,0,0,0,0,210.041898734177,2947.9,0,0,0,0,0,0,0,100.145569620253,0,0,0,0,33000,0,0,0,0,0,0,0,0,0,0,0,0,2460.93734177215,0,0,0,0,0,0,0,0,0,0,0,38499.47,0,3800,0,37619.5263291139,0,0,0,91.1392405063291,0,0,0,0,0,0,0,271.139240506329,0,0,0,0,0,0
"FRO",0,0,0,0,0,0,0,0,0,0,0,0,0,0,0,0,0,0,0,0,0,0,0,0,0,0,0,0,0,0,0,0,0,0,0,0,0,0,0,0,0,0,0,0,0,0,0,0,0,0,0,0,0,0,0,0,0,0,0,0,0,0,0,0,0,0,0,0,0,0,0,0,0,0,0,0,0,0,0,0,0,0,0,0,0,0,0,0,0,0,0,0,0,0,0,0,0,0,0,0,0,0,0,0,0,0,0,0,0,0,0,0,0,0,0.107594936708861,0,0,0,0,0,0,0,0,0,0,0,0,0,0,0,0,0,0,0,0,0,0,0,0,0,0,0,0,0,0,0,0,0,0,0,0,0,0,0,0,0,0,0,0,0,0,0,0,0,0,0,0,0,0,0,0,0,0,0,0,0,0,0,0,0,0,0,0,0,0,0,0,0,0,0,0,0,0,0,0
"FJI",0,0,0,0,0,0,12.6772151898734,0,0,0,0,0,0,0,0,0,0,0,0,642.025316455696,0,0,0,0,0,5.15189873417721,0,0,0,0,0,0,0,0,0,146.094936708861,0,0,0,0,0,0,0,0,0,0,0,0,0,0,0,0,0,22.8354430379747,2428.17721518987,0,0,0,0,0,0,0,3252.98101265823,0,0,0,0,0,0,0,0,0,0,0,0,0,0,0,0,0,0,0,0,0,0,0,0,0,0,0,0,0,0,0,0,0,0,0,0,0,0,0,0,0,0,0,0,0,0,0,0,0,0,0,0,0,0,0,0,0,9639.37974683544,129.56329113924,0,0,0,0,0,0,0,105.778481012658,0,0,0,0,0,0,0,0,0,0,0,0,0,0,0,0,0,0,0,0,0,0,0,0,0,0,0,0,0,0,0,0,0,0,0,0,0,0,5782.94303797468,0,0,0,0,0,0,416.829113924051,0,0,195.987341772152,0,0,0,0,0,0,0,0,0,0,0,0,0,0,0,0
"FIN",0.683544303797468,0,0,0,0,0,0.0416455696202532,0,0,0,0,0,0,0,0,0,0,0,0,0,0,0,0,0,0,0.0253164556962025,0,0,0,0,0.02,0.00632911392405063,0,0,0,0,0,0,0,0.354430379746835,0,154.822784810127,0,0,20.0506329113924,15.1898734177215,0,0,0,2456.88651898734,0,0,0,0.32753164556962,0,0,6.32911392405063,0,0,3004.61575949367,0,0,0,0,0,0,0,0,0,0,0,5.06829113924051,0,0,17.79,0,0,0,0,1902.23,2.45645569620253,1.0126582278481,0,0,0,0.0126582278481013,0,0,0,0,0,0,0,7469.125,0,0,0,0,0,335.443037974684,0,0,0,2.53164556962025,0,0,0,0,0,0,0,16496.07,0,0,0,0,17839.3389873418,0,0,0,0,0.54,0,0,0,8220.36265822785,0,0,249.367088607595,0,0,0,0,9538.59,3025.055,0,0,0,0,0,0,0,1952.83911392405,0,0,0,0,0,0,0,0,0,835.924050632911,2.60126582278481,0.0189873417721519,10926.665,10363.4923417722,0,0,0,1859.55436708861,1.76582278481013,0,0,157.569620253165,0,0,0,0,0,0,0,0,0,0,0,5917.76316455696,169.506329113924,0.163227848101266,0,0,0,0,0.316455696202532,0,0,0,0,0.689240506329114,0.0276582278481013,0,0,0,0,0
"FRA",2.36708860759494,0,3567.89158227848,3092918.7,12.6645569620253,25.9725949367089,61.620253164557,281.702278481013,0,148.867088607595,217.26582278481,1.75316455696203,0,0,0,0,1548.8464556962,0,0,0,0,852.611202531646,0,0,227148.298734177,275.915063291139,3633.355,2.73721518987342,1.03164556962025,1904.74683544304,18.9278481012658,2185204.01341772,0,4073.28518987342,44936.6061392405,0,0,330805.89,5698.18183544304,7.62658227848101,3110.61392405063,11221.6838607595,0,33.8657594936709,71.8250632911392,0,505543.012658228,0,0.354113924050633,121.759620253165,0,0,1421.77373417722,0,5149.63417721519,5619.8164556962,8.8379746835443,91899.0474683544,24676.25,344953.850949367,0,44103.1518987342,0,57705.9875949367,0,0,0,9204.34398734177,0,2.00569620253165,0.158227848101266,1742.49037974684,1150.16183544304,32.6685443037975,0.113924050632911,1.88607594936709,0.835443037974684,0.06,71.005,100130.803164557,3666.05772151899,1103153.65088608,535802.331392405,5.56962025316456,0,7068.9246835443,114.79746835443,0,0.0632911392405063,62.0506329113924,0,6529.87518987342,527.892405063291,7044.24006329114,1.45474683544304,604.074493670886,0,74.0506329113924,4399.985,40.0892405063291,3.79746835443038,611.125632911392,0,228.246835443038,58.5126582278481,188212.299493671,894.126582278481,150323.363164557,100597.626582278,112774.021202532,0,1405066.6436076,0.0379746835443038,0,0,0,1857353.53348101,0,2666.67683544304,0,64.3569620253165,0.531139240506329,0,75.2740506329114,40053.4826582278,2936.20930379747,32735,0,702.840506329114,0,0,20.96,80306.4780379747,33638.3760759494,565025.272974684,0,0,0,532.841455696203,0.145569620253165,3158.51018987342,0,417.36664556962,0,662.253164556962,0,0,47505.6403164557,217500.035379747,21.120253164557,0.417721518987342,81.8042405063291,373.106772151899,1472.94151898734,0,1.28481012658228,1312628.38056962,0,0,0,13892.1148101266,134127.471962025,0,0,1724.2396835443,0,1304.06329113924,5521.4167721519,0,0,266.183544303797,38997.135886076,67.0519620253165,4976.15189873418,0,0,236690.246012658,53.9417088607595,17542.7012025316,129412.106962025,24.4240506329114,0.0443037974683544,0,815.92417721519,3098.73417721519,84627.5,41342.6835443038,0,2202347.93949367,76632.57,298.411772151899,5250,0,0,0
"PYF",0,0,0,0,0,0,0,0,0,0,0,0,0,0,0,0,0,0,0,0,0,0,0,0,0,0,0,0,0,0,0,0,0,0,0,0,0,0,0,0,0,0,0,0,0,0,0,0,0,0,0,0,0,0.0126582278481013,0,0,0,0,0,0,0,0,0,0,0,0,0,0,0,0,0,0,0,0,0,0,0,0,0,0,0,0,0,0,0,0,0,0,0,0,0,0,0,0,0,0,0,0,0,0,0,0,0,0,0,0,0,0,0,0,0,0,0,0,0,0,0,0,0,0,0,0,0,0,0,0,0,0,0,0,0,0,0,0,0,0,0,0,0,0,0,0,0,0,0,0,0,0,0,0,0,0,0,0,0,0,0,0,0,0,0,0,0,0,0,0,0,0,0,0,0,0,0,0,0,0,0,0,0,0,0,0,0,0,0,0,0,0,0,0,0,0,0,0,0
"DJI",0,0,0,0,0,0,0,0,0,0,0,0,0,0,0,0,0,0,0,0,0,0,0,0,0,0,0,0,0,0,0,0,0,0,0,0,0,0,0,0,0,0,0,0,0,0,0,0,0,0,0,0,0,0,0,0,0,0,0,0,0,0,0,0,0,0,0,0,0,0,0,0,0,0,0,0,0,0,0,0,0,0,0,0,0,0,0,0,0,0,0,0,0,0,0,0,0,0,0,0,0,0,0,0,0,0,0,0,0,0,0,0,0,0,0,0,0,0,0,0,0,0,0,0,0,0,0,0,0,0,0,0,0,0,0,0,0,0,0,0,0,0,0,0,0,0,0,0,0,0,0,0,0,0,0,0,0,0,0,0,0,0,0,0,0,0,0,0,0,0,0,0,0,0,0,0,0,0,0,0,0,0,0,0,632.911392405063,0,0,0,0,0,0,0,0,0,0
"GEO",750.237278481013,0,0,0,0,0,0,0.015,0,0,0,0,0,0,0,0,0,0,0,0,0,0,0,0,0,0,0,0,0,0,0,0,0,0,0,0,0,0,0,21.905,0,0,0,0,0,0,0,0,0,0,0,0,0,0,0,0,0,0,0,0.0632911392405063,0,0,0,6.0506329113924,0,0,0,0,0,0,0,0,0,0,0,0,0,0,0.00632911392405063,12.9873417721519,0,0,0,0,0,0.00632911392405063,0,0,0,0,0,0,0,0,0,0,0,0,0,0,0,0,0,0,0,0,0,0,0,0,0,0,0,0,0,0,0,0,0,0,0,0,0,0,0,0,0,0,0,0,0,0,0,0,0,0,0,0,0,0,0,0,0,0,0,0,0,0,0,0,0,0,0,0,0,0,0,0,0,0,0,0,0,0,0,0,0,0,0,0,0,0,24.7,26.5822784810127,0,0,0,20,0,0,0,0,0,0,0,0,0,0,0,0,0,0,0,0,0
"GAB",0,0,0,0,0,0,0,0,0,0,0,0,0,0,0,0,0,0,0,0,0,0,0,0,0,0,0,0,0,0,0,0,0,0,0,0,0,0,0,0,0,0,0,0,0,0,0,0,0,0,0,0,0,0,0,0,0,0,0,0,0,0,0,0,0,0,0,0,0,0,0,0,0,0,0,0,0,0,0,0,0,0,0,0,0,0,0,0,0,0,0,0,0,0,0,0,0,0,0,0,0,0,0,0,0,0,0,0,0,0,0,0,0,0,0,0,0,0,0,0,0,0,0,0,0,0,0,0,0,0,0,0,0,0,0,0,0,0,0,0,0,0,0,0,0,0,0,0,0,0,0,0,0,0,0,0,0,0,0,0,0,0,0,0,0,0,0,0,0,0,0,0,0,0,0,0,0,0,0,0,0,0,0,0,0,0,0,0,0,0,0,0,0,0,0
"GMB",0,0,0,0,0,0,0,0,0,0,0,0,0,0,0,0,0,0,0,0,0,0,0,0,0,0,0,0,0,0,0,0,0,0,0,0,0,0,0,0,0,0,0,0,0,0,0,0,0,0,0,0,0,0,0,0,0,0,0,0,0,0,0,0,0,0,0,0,0,0,0,0,0,0,0,0,0,0,0,0,0,0,0,0,0,0,0,0,0,0,0,0,0,0,0,0,0,0,0,0,0,0,0,0,0,0,0,0,0,0,0,0,0,0,0,0,0,0,0,0,0,0,0,0,0,0,0,0,0,0,0,0,0,0,0,63.2911392405063,0,0,0,0,0,0,0,0,0,0,0,0,1.9873417721519,0,0,0,0,0,0,0,0,0,0,0,0,0,0,0,0,0,0,0,0,0,0,0,0,0,0,0,0,0,0,0,0,0,0,0,0,0,0,0,0,0,0,0,0,0,0
"DEU",0,0,13.9620253164557,1516694.13,0,17.1329113924051,664.329113924051,123395.322151899,4.11392405063291,9.50632911392405,13.1645569620253,0,0,0,0,8350,67.7088607594937,0,0,0,0,344.182658227848,0,0,0,5.59493670886076,0,1.89873417721519,0.0632911392405063,0,33.3946835443038,253.778481012658,5.42436708860759,0,7.59493670886076,0,0,71481.9965822785,93.5495569620253,16.1139240506329,14.5126582278481,79644.2548734177,0,77.4496835443038,1201.37436708861,0,237.303797468354,0,0,837.881012658228,300.632911392405,0,1506.62360759494,426349.97613924,3.9746835443038,6.98101265822785,0,0,1.4873417721519,0,106.288734177215,1895.18987341772,0,19658.4956329114,0,0,0,207866.813164557,27.2151898734177,0,0,153.873417721519,2178.84892405063,1812.62765822785,7979.34487341772,0.411392405063291,0,781113.225,20.006329113924,4586.23569620253,3892.36050632911,265241.365189873,0,16.7048101265823,6.6503164556962,68.7848101265823,0,0,102828.215,0,6.32911392405063,717.674936708861,202.061139240506,495.263797468354,0,763.506329113924,4000,6025,2809.49367088608,898.905126582279,0,0,0,364.050632911392,534.848101265823,1.27848101265823,411.120253164557,14785.5,28225.8663291139,0,0,262094.21,10450,2.81303797468354,10950.3797468354,0,1901977.38651899,0,0,0,0,13.1012658227848,0,4.29113924050633,298488.765189873,80932.0976582279,123375,0,4341.58607594937,0,0,2.62025316455696,2.91772151898734,87318.9072151899,43247.0236708861,0,0,0,115.398734177215,0,1358.46835443038,0,821.25835443038,0,1.59493670886076,0,0,227170.052848101,323.120253164557,0,0,626.43917721519,2156.88424050633,396.957088607595,0,153859.904113924,108617.42943038,24375.0567088608,0,0,31182.489556962,144960.903101266,0,0,169.056962025316,17631.8905696203,425.037974683544,0.0886075949367089,0,0,33769.3975316456,0,212036.979556962,1642.54,31946.5,0,736072.752531646,807.499683544304,237.822911392405,0,7.75316455696202,0,272.696202531646,96.17,0,0,38500,0,862420.223164557,26866.6312025316,310.941455696203,0,164778.17,0,32.2784810126582
"BIH",0,0,0,0,0,0,13.2658227848101,9.49367088607595,0,0,0,0,0,0,0,0,0,0,0,0,0,0,0,0,0,0.746835443037975,0,0,0,0,0,0,0,0,0,0,0,0,0,0,0,0.221518987341772,0,0,0,0,0,0,0,0,0,0,0,0,0,0,0,0,0,157.151898734177,0,0,0,0,0,0,0,0,0,0,0,0,1.26582278481013,34068.7823417722,0,0,0,0,0,7.62025316455696,0,154.41,0,0,0,0,0,0,0,0,0,0,0,0,0,0,0,0,0,0,0,0,0,0,0,0,0,0,0,0,0,0,0,0,0,0,126.392405063291,0,0,5811.44303797468,0,0,0,0,0,0,0,0,0,0,0,0,0,0,0,0,0,0,0,0,0,0,0,0,0,0,0,0,0,0,0,33.0822784810127,0,0,0,0,0,0,0,0,935.037974683544,3.32278481012658,0,0,0,0,0,0,0,0,0,0,13019.2834177215,4.92810126582278,0,0,502.094936708861,0,256.455696202532,0,0,0,0,0,0,0,0,0,0,0,1716.72898734177,8964.55164556962,0,0,0
"GHA",0,0,0,0,0,0,0,0,0,0,0,0,0,0,0,0,0,0,0,0,0,0,0,0,0,1,0,0,0,0,0,0,0,0,0,0,0,0,0,0,0,0,0,0,0,0,0,0,0,0,0,0,0,0,0,0,0,0,0,0,0,0,0,0,0,0,0,0,0,0,0,0,0,0,0.949367088607595,0,0,0,0,0,0,0,0,0,0,0,0,0,0,0,0,0,0,0,0,0,0,0,0,0,0,0,0,0,0,0,0,0,0,0,0,0,0,0,0,0,18.5316455696203,0,0,0,0,0,0,15036.0696202532,0,0.0253164556962025,0,0,0,0,0,0,0,0,0,0,0,0,0,0,0,0,0,0,0,0,0,0,0,0,0,0,0,0,0,0.0126582278481013,0,0,0,0,0,0,0,0,0,0,0,18137.7848101266,0,0,0,0,0,13.4177215189873,0,0,2.5,0,1.70253164556962,19079.3924050633,0,0,0,0,0,0,0,0,1.13487341772152,0,0,0,0,0,0
"KIR",0,0,0,0,0,0,0,0,0,0,0,0,0,0,0,0,0,0,0,0,0,0,0,0,0,0,0,0,0,0,0,0,0,0,0,0,0,0,0,0,0,0,0,0,0,0,0,0,0,0,0,0,0,0,0,0,0,0,0,0,0,0,0,0,0,0,0,0,0,0,0,0,0,0,0,0,0,0,0,0,0,0,0,0,0,0,0,0,0,0,0,0,0,0,0,0,0,0,0,0,0,0,0,0,0,0,0,0,0,0,0,0,0,0,0,0,0,0,0,0,0,0,0,0,0,0,0,0,0,0,0,0,0,0,0,0,0,0,0,0,0,0,0,0,0,0,0,0,0,0,0,0,0,0,0,0,0,0,0,0,0,0,0,0,0,0,0,0,0,0,0,0,0,0,0,0,0,0,0,0,0,0,0,0,0,0,0,0,0,0,0,0,0,0,0
"GRC",0,0,13716.2589873418,0,0,0,8.46835443037975,657.02335443038,2.37341772151899,59.493670886076,0,0,0,0,0,0,145.569620253165,0,0,0,0,22278.1817721519,0,0,0,38.0569620253165,0,0,0,0,0,0,0,0,0,0,0,0,11401.6557594937,0,0,617.158227848101,0,0,0,0,293.392405063291,0,0,954.455,0,0,0.392405063291139,99.253164556962,0,0,32.75,0,0,264.876582278481,6.32911392405063,0,0,0,0,0,0,0,0,0,0,0,5.22151898734177,0,0,0,0,4.035,0.22,0.005,0,250618.460063291,0,0,0,0,43.6708860759494,0,0,0,0,0,0,0,0,0,0,0,0,0,0,0,0,0,0,0,65.8125316455696,0,0,0.791139240506329,0,0,0,0,0,0,1531.38974683544,0,0,561.603417721519,0,0,0,0,0,0,0,0,0.0189873417721519,0,0,0,0,0.0953164556962025,0,0,0,0,0,0,2266.39430379747,0,2.30379746835443,0,0,0,0,0,0,0,0,0,0,0.19620253164557,0,1.14632911392405,0.139240506329114,0,0,0,157.421392405063,0.386075949367089,0,0,0,0,0,0,0,0,0,77829.226835443,74349.3343670886,965.335443037975,0,0,73.2054430379747,0,131.816455696203,0,0,0,0,0,0,0,0,0,1386.17569620253,2407,1858.35924050633,173.575949367089,0,0,0
"GRL",0,0,0,0,0,0,0,0,0,0,0,0,0,0,0,0,0,0,0,0,0,0,0,0,0,0,0,0,0,0,0,0,0,0,0,0,0,0,0,0,0,0,0,0,0,0,0,0,0,0,0,0,0,0,0,0,0,0,0,0,0,0,0,0,0,0,0,0,0,0,0,0,0,0,0,0,0,0,0,0,0,0,0,0,0,0,0,0,0,0,0,0,0,0,0,0,0,0,0,0,0,0,0,0,0,0,0,0,0,0,0,0,0,0,0,0,0,0,0,0,0,0,0,0,0,0,0,0,0,0,0,0,0,0,0,0,0,0,0,0,0,0,0,0,0,0,0,0,0,0,0,0,0,0,0,0,0,0,0,0,0,0,0,0,0,0,0,0,0,0,0,0,0,0,0,0,0,0,0,0,0,0,0,0,0,0,0,0,0,0,0,0,0,0,0
"GRD",0,0,0,0,0,0,0,0,0,0,0,0,0,0,0,0,0,0,0,0,0,0,0,0,0,0,0,0,0,0,0,0,0,0,0,0,0,0,0,0,0,0,0,0,0,0,0,0,0,0,0,0,0,0,0,0,0,0,0,0,0,0,0,0,0,0,0,0,0,0,0,0,0,0,0,0,0,0,0,0,0,0,0,0,0,0,0,0,0,0,0,0,0,0,0,0,0,0,0,0,0,0,0,0,0,0,0,0,0,0,0,0,0,0,0,0,0,0,0,0,0,0,0,0,0,0,0,0,0,0,0,0,0,0,0,0,0,0,0,0,0,0,0,0,13.8670886075949,0,0,0,0,0,0,0,0,0,0,0,0,0,0,0,0,0,0,0,0,0,0,0,0,0,0,0,0,0,0,0,0,0,0,0,0,0,0,0,0,0,0,0,0,0,0,0,0,0,0
"GTM",0,0,0,0,0,0,0,0,0,0,0,0,0,0,0,0,0,0,0,0,0,0,0,0,0,0,0,0,0,0,0,0,0,0,0,0,27.8291139240506,0,0,0,0,0.582278481012658,0,0,0,0,0,3697.7953164557,0,0,0,0,0,0,0,0,0,0,0,0,0,0,0,0,0,0,0,0,0,0,6441.68987341772,0,0,0,0,0,0,0,0,0,0,0,0,0,0,0,0,0,0,0,0,0,0,0,0,0,0,0,0,0,0,0,0,0,0,0,0,0,0,0,0,0,0,0,0,0,0,0,0,0,0,0,484.310126582278,0,0,0,0,0,0,0,0,0,0,0,0,0,0,0,0,0,0,0,0,0,0,0,0,0,0,0,0,0,0,0,0,0,0,0,0,0,0,0,0,0,0,0,0,0,0,0,0,0,0,0,0,0,0,0,42.5439240506329,0,0,0,0,0,0,0,0,0,0,0,0,0,0,0,0
"GIN",0,0,0,0,0,0,0,0,0,0,0,0,0,0,0,0,0,0,0,0,0,0,0,0,0,0,0,0,0,0,0,0,0,0,0,0,0,0,0,0,0,0,0,0,0,0,0,0,0,0,0,0,0,0.00632911392405063,0,0,0,0,0,0,0,0,0,0,0,0,0,0,0,0,0,0,0,0,0,0,0,0,0,0,0,0,0,0,0,0,0,0,0,0,0,0,0,0,0,0,0,0,0,0,0,0,0,0,0,0,0,0,0,0,0,0,0,0,0,0,0.005,0,0,0,0,0,0,0,0,0,0,0,0,0,0,0,0,0,0,0,0,0,0,0,0,0,0,0,0,0,0,0,0,0,0,0,0,0,0,0,0,0,0,0,0,0,0,0,0,0,0,0,0,0,0,0,0,0,0,0,0,0,0,0,0,0,0,0,0,0,0,0,0,0,0,0,0,0,0
"GUY",0,0,0,0,0,0,0,0,0,0,0,0,0,0,0,0,0,0,0,0,0,0,0,0,0,0,0,0,0,0,0,0,0,0,0,0,0,0,0,0,0,0,0,0,0,0,0,0,0,0,0,0,0,0,0,0,0,0,0,0,0,0,0,0,0,0,0,0,0,0,0,0,0,0,0,0,0,0,0,0,0,0,0,0,0,0,0,0,0,0,0,0,0,0,0,0,0,0,0,0,0,0,0,0,0,0,0,0,0,0,0,0,0,0,0,0,0.544303797468354,0,0,0,0,0,0,0,0,0,0,0,0,0,0,0,0,0,0,0,0,0,0,0,0,0,0,0.00632911392405063,0,0,0,0,0,0,0,0,0,0,0,0,0,20.8354430379747,0,0,0,0,0,0,0,0,0,0,0,0,0,0,0,0,0,0,0.0379746835443038,0,2.70253164556962,0,0,0,0,0,0,0,0,0,0,0,0,0,0,0,0
"HTI",0,0,0,0,0,0,0,0,0,0,0,0,0,0,0,0,0,0,0,0,0,0,0,0,0,0,0,0,0,0,0,0,0,0,0,0,0,0,0,0,0,0,0,0,0,0,0,0,0,0,0,0,0,0,0,0,0,0,0,0,0,0,0,0,0,0,0,0,0,0,0,0,0,0,0,0,0,0,0,0,0,0,0,0,0,0,0,0,0,0,0,0,0,0,0,0,0,0,0,0,0,0,0,0,0,0,0,0,0,0,0,0,0,0,0,0,0,0,0,0,0,0,0,0,0,0,0,0,0,0,0,0,0,0,0,0,0,0,0,0,0,0,0,0,0,0,0,0,0,0,0,0,0,0,0,0,0,0,0,0,0,0,0,0,0,0,0,0,0,0,0,0,0,0,0,0,0,0,0,0,0,0,0,0,0,0,0,0,0,0,0,0,0,0,0
"HND",0,0,0,0,0,0,0,0,0,0,0,0,0,0,0,0,0,0,0,0,0,0,0,0,0,0,0,0,0,0,0,0,0,0,0,0,0,0,0,0,0,0,0,0.164556962025316,0,0,0,16424.6835443038,0,0,0,0,0,0,0,0,0,0,0,0,0,0,0,0,0,0,0,0,0,0,0,0,0,0,0,0,0,0,0,0,0,2.79746835443038,0,0,0,0,0,0,0,0,0,0,0,0,0,0,0,0,0,0,0,0,0,0,0,0,0,0,0,0,0,0,0,0,0,0,0,0,0,0,0,0,264.93670886076,0,0,0,0,0,0,0,0,0,0,0,0,0,0,0,0,0,0,0,0,0,0,0,0,0,0,0,0,0,0,0,0,0,3.86075949367089,0,0,0,0,0,0,0,0,0,0,0,0,0,0,0,0,0,0,0,0,0,422.278481012658,0,0,0,0,0,0,0,0,0,0,0,0,0,0,0,0
"HKG",0,0,0,0,0,0,129.626582278481,0,0,0,0,0,0,0,0,0,0,0,0,0,0,0,0,0,0,64.7974683544304,0,0,0,0,0,3457.9567721519,0,0,0,0,0,0,0,0,0,0,0,0,0,0,0,0,0,0,0,0.0949367088607595,0,58.8544303797468,0,0.360759493670886,0,0,0,9.35443037974684,0,0.531645569620253,0,0,0,0,0,0,0,0,0,0,0,0,0,0,0,0,0,14.0822784810127,0,0,0,0,7.22784810126582,0,0,0,0,0,0,12.7848101265823,0,0,0,0,0,0,0,0,4511.3164556962,0,0,84.4810126582278,0,0,0,0,3.45569620253165,0,0,0,0,0,0,0,143.943037974684,0,0,0,0,110.025316455696,0,0,0,0,0,0,0,0,0,0,8.63924050632911,0,0,0,0,0,0,0,0,0,0,0,0,0,0,0,0,0,0,0,0,249.848101265823,0,1.54430379746835,0,1.43037974683544,0,0,6.71518987341772,0,0,0,34.9303797468354,0,3.17721518987342,0,0,0,0,0,0,34.1772151898734,0,0,274.607594936709,0,1989.68987341772,0,0,0,0,55.9430379746835,0,0,0,0,0,0,0,0,0,0,0
"HUN",0,0,2131.475,0,0,0,0,499432.283481013,0,0,0,0,0,0,0,0,0,0,0,0,0,9105.58974683544,0,0,0,0.0126582278481013,0,0,0,0,0,0,0,0,0,0,0,0,0.449367088607595,0,0,24.253164556962,0,0,0,0,0,0,0,0,0,0,0,2687.81183544304,0,0,0,0,0,131391.874177215,167974.71778481,0,0,19386.53,0,0,0,0,0,0,0,0,0,104800.643037975,0,0,0,22.5,373.865,7.10126582278481,335.5,1198172.81867089,0,0,0,0,0,0,0,0,0,0,0,0,0,0,0,0,0,1.5,0,0,0,0,0,0,7018.665,0,0,0,0,0,0,84.2655063291139,0,0,12936.6889240506,0,0,6598.40816455696,0,0,0,0,0,0,0,0,6824.18183544304,0,0,0,0,36473.5767088608,0,0,0,0,0,0,658280.828987342,0,10.555,0,0,0,0,0,0,0,0,70355.9115822785,58014.6629746835,0,0,0,2.79746835443038,0,0,0,2.92405063291139,7896.73556962025,0,0,0,0,0,0,0,0,0,0,3.86,0,0,0,384.664556962025,1592.35151898734,0.0126582278481013,0,0,0,0,0,0,0,0,0,556.810126582278,46.135,16507.7713924051,15.1898734177215,0,0,0
"HRV",0,0,2423.565,0,0,0,1.27848101265823,29462.7405063291,0,0,0,0,0,0,0,0,0,0,0,0,0,26.1948734177215,0,0,0,9.07594936708861,0,0,0,0,0,0.234177215189873,0,0,0,0,0,0,0,0,0,0.278481012658228,0,0,0,0,0,0,0,0.0189873417721519,0,0,0,77.3705063291139,0,0,0,0,0,4441.10829113924,84766.5468987342,0,0,1535,0,0,0,0,0,0,0,2.17721518987342,2949.14734177215,0,0,0,0,0.2,0,4.68354430379747,0,364427.325443038,0,0,0,0,0,0,0,0,0,0,0,0.00632911392405063,0,0,0,0,2000,130.314303797468,0,0,0,0,0,0,0,0,0,0,0,0,0,0,0,0,64.8325316455696,0,0,3115.28,0,0,0,0,0,0,0,0,12.506329113924,0,0,0,0,0.0126582278481013,0,0,0,0,0,0,10239.6066455696,0,0,0,0,0,0,0,0,0,0,45005.2865822785,350.941898734177,0,0,0,2.69620253164557,0,0,0,463.827721518987,0.158227848101266,0,0,0,0,0,0,0,0,0,9744.915,3231.56436708861,0.0126582278481013,0,0,49.6392405063291,0,73.746835443038,0,0,0,0,0.183544303797468,0,0,0,0,0,1048.26,18720.1867721519,310.092974683544,0,0,0
"ISL",0,0,0,0,0,0,0,0,0,0,0,0,0,0,0,0,0,0,0,0,0,0,0,0,0,0,0,0,0,0,0,0,0,0,0,0,0,0,0,0,0,0,0,0,0,0,0,0,0,0,40.3101265822785,0,0,0,0,0,0,0,0,0,0,0,0,0,0,0,0,0,0,0,0,0,0,0,0,0,0,0,0,0,0,0,0,0,0,0,0,0,0,0,0,0,0,0,0,0,0,0,0,0,0,0,0,0,0,0,0,0,0,0,0,0,0,0,0,0,0,0,0,0,0,0,0,0,0,0,0,0,0,0,0,0,0,0,0,0,0,0,0,0,0,0,0,0,0,0,0,0,0,0,0,0,0,0,0,0,0,0,0,0,0,0,0,0,0,0,0,0,0,0,0,0,0,0,0,0,0,0,0,0,0,0,0,0,0,0,0,0,0,0,0,0,0,0,0
"IND",0,27792,0,1.79746835443038,0,0,18104.6128481013,259.708860759494,0,1794.64683544304,0,2023719.57518987,0,9620.32803797468,0,35.2405063291139,0.0316455696202532,0,17.9177215189873,0,591.267658227848,0,1326.26474683544,6.07012658227848,27.7088607594937,17427.9406962025,0,0,263597.64778481,0,37.7594936708861,92.5212025316456,0,42.4177215189873,403.527848101266,0,0,0,71.2848101265823,0,64.3632911392405,426.756392405063,0.468354430379747,0,0.189873417721519,3.79746835443038,0.0632911392405063,0,10.3035443037975,0,0,20.5886075949367,78.2594936708861,1298.73246835443,0,47121.2607594937,0.126582278481013,68.6332911392405,49.179746835443,3025.11753164557,0,504.371708860759,12.9746835443038,21.8227848101266,0,0,0,77.695253164557,0,0,0,2845.1164556962,4.0253164556962,0,0,0,192178.64556962,480,239.945696202532,606.037974683544,94.5253164556962,783.662658227848,32.5172151898734,6.33544303797468,12.5569620253165,705.72670886076,2643.58639240506,2.60759493670886,1679.04924050633,480.46835443038,285.5,35467.2911392405,1682.22025316456,5.0253164556962,0,7.07911392405063,0,34.2638607594937,0.0379746835443038,0,0,6044.64246835443,232.299620253165,47540.9762025316,3790.79227848101,0.759493670886076,45.3164556962025,11.8670886075949,1075.66835443038,40.3987341772152,0.0822784810126582,0.246835443037975,166.19753164557,0,0,268723.135189873,2083.26753164557,0,0,0,0,3922.5367721519,0,0.126582278481013,1949.00639240506,576.03164556962,602.53164556962,101.29746835443,206.73417721519,0.759493670886076,0,2.5253164556962,150623.894240506,214.772151898734,75.0664556962025,0.25,0,0,102665.175822785,0,0,153.856962025316,0,0,0,0,0,3355.41139240506,87.5965189873418,739.783797468354,126.529873417722,1.18987341772152,0,6823.80481012658,34671.6912025316,1478.19044303797,672.658227848101,2.21518987341772,0,0,819.795379746835,165.449367088608,0,0,1925.16037974684,551.014556962025,6908.83227848101,125.771772151899,0,38.8101265822785,40899.8210126582,0,22.6835443037975,370241.634873418,776.116455696202,0,18197.317278481,1.90506329113924,70868.9921518987,53.1835443037975,3.16455696202532,3.84810126582278,0,4159.0396835443,8413.08860759494,123266,1007.56658227848,276.873417721519,102.132911392405,0,0,0,212.550316455696,41.7721518987342,0
"IDN",0,0,0,0,0,0,856.303797468354,0,0,0.0759493670886076,0,0.0379746835443038,0,0.424050632911392,0,0,0,0,0,1040.41139240506,345.518987341772,0,0,0,0,0,0,0,89.2405063291139,0,0,4397.34810126582,0,0,0,0,0,0,0,0,0,0,0,0,0,0,0.474683544303797,0,0,0,0,0,0,0,0,0,0,0,0,0.158227848101266,0,0,854.430379746835,0,0,0,0,0,0,0,0,1080.55063291139,0,0,0,0,0,0,0,0,0,0,0,0,0,0.753164556962025,0,0,0,0,0,38.6075949367089,0,0,0,0,0,0,0,0,0,0,0,1946.83544303797,0,0,0,0,0,0,0,0,0,0,0,0,0.367088607594937,0,0,0,150.050632911392,0,0,0,0,0,0,0,0,36089.2784810127,0,0,1376.99367088608,0,0,0,20067.1898734177,0,0,0,0,0,0,0,0,0,0,0,0,0,0,0,0,1509.52898734177,0,0,0,0,0,0,0,0,0,0,41.4050632911392,0,502.835443037975,0,105.778481012658,0,0,0,0,0.0886075949367089,0,0,0,0,0,0,0,0,0,987.341772151899,0,0,0,0,0,0,0,0,0.00632911392405063,0,0
"IRN",0,0,0,0,0,0,0,0,0,0,0,0,0,0,0,0,0,0,0,0,0,0,0,0,0,0,0,0,0,0,0,0,0,0,0,0,0,0,0,0,0,0,0,0,0,0,0,0,0,0,0,0,0,0,0,0,0,0,0,0,0,0,0,0,0,0,0,0,0,0,0,0,0,0,0,0,0,0,0,0,0,0,0,0,0,0,0,0,0,0,0,0,0,0,0,0,0,0,0,0,0,0,0,0,0,0,0,0,0,0,0,0,0,0,0,0,0,0,0,0,0,0,0,0,0,0,0,0,0,0,0,0,0,0,0,0,0,0,0,0,0,0,0,0,0,0,0,0,0,0,0,0,0,0,0,0,0,0,0,0,0,0,0,0,0,0,0,0,0,0,0,0,0,0,0,0,0,0,0,0,0,0,0,0,0,0,0,0,0,0,0,0,0,0,0
"IRQ",0,0,0,0,0,0,0,0,0,0,0,0,0,0,0,0,0,0,0,0,0,0,0,0,0,0,0,0,0,0,0,0,0,0,0,0,0,0,0,0,0,0,0,0,0,0,0,0,0,0,0,0,0,0,0,0,0,0,0,0,0,0,0,0,0,0,0,0,0,0,0,0,0,0,0,0,0,0,0,0,0,0,0,0,0,0,0,0,0,0,0,0,0,0,0,0,0,0,0,0,0,0,0,0,0,0,0,0,0,0,0,0,0,0,0,0,0,0,0,0,0,0,0,0,0,0,0,0,0,0,0,0,0,0,0,0,0,0,0,0,0,0,0,0,0,0,0,0,0,0,0,0,0,0,0,0,0,0,0,0,0,0,0,0,0,0,0,0,0,0,0,0,0,0,0,0,0,0,0,0,0,0,0,0,0,0,0,0,0,0,0,0,0,0,0
"IRL",0,0,0,0,0,0,36.1645569620253,0,0,0.069620253164557,0,0,0,0,0,0,0,0,0,0,0,0,0,0,0,0.06,0,0,0,0,0,0,0,0,0,0,0,0,0.164556962025316,0,0,0,0,0,0,0,0,0,0,0,0,0,0,14.5126582278481,0,0,13.0173417721519,0,0,29.3291139240506,0,0,0,0,0,0,0,0,0,0,0,0,0,0,0,0,0,0,0,0,0,160.221518987342,0,0,0,0,0,0,0,0,0,0,0,0,0,0,0,0,0,0,0,0,0,1.585,0,0,3.74050632911392,0,0,0,0,0,0,0,0,0,12,0,0,0,0,0.02,0,0,0,0,0,0,0,0,0,0,0,0,0,0,0,0,0,0,0,0,0,0,0,0,0,0,0,0,0,0,0,0,0,0,3.79746835443038,0,0,0,0,0.237974683544304,0,0,0,0,0,0,0,0,0,0,0,0.0126582278481013,0,0,44619.7217088608,0,0.414240506329114,0,0,0,0,0,0,0,0,0,0,0,0,0,0,0,0
"ISR",0,0,0,0,0,0,0.481012658227848,0,0,0,0,0,0,0,0,0,0,0,0,0,0,5.34,0,0,10.6835443037975,0,0,0,0,0,0,0,0,0,0,0,0.97,0,0,0,0,0,0,0,0,0,0,0,0,0,0,0,0,2.415,0,0,0,0,0,0.485,0,0,0,0,0,0,0,0,0,0,0,0,4.365,0,0,0,0,0,0,0,0,1.4493670886076,0,0,0,0,0,0,0,0,0,3.395,0,0,0,0,0,0,0,0,0,0,0,0,0,0,0,0,3.395,0,0,0,0,0,0,0,0.485,0,0,0,0,0,0,0,0,0,0,9.4353164556962,0,0,0,0,0.485,0,0,0,0,0,0,0,0,0,0,0,0,0,0,0,0,0,0,0,0,1.25949367088608,0,6.31,0,0,0,0,11.645,0,0,0,0,0,2.46949367088608,0,0,0,0,0,0,0,0,0,5.36708860759494,0,530.165126582278,0,0,0,0,0,0,0,0,0,10.7784810126582,0,0,0,0,0,0
"ITA",86.8582278481013,14.1455696202532,9535.84183544304,7652.09,4.49367088607595,80.9380379746835,11074.4111392405,6688.61196202532,0,233.873417721519,6.32911392405063,0,0,0,0,0,6978.20253164557,0,0,0,23.7974683544304,2165.78360759494,0,0,273.259493670886,5839.20886075949,34.6835443037975,0,0,0,1362.22784810127,1472.9746835443,197.335443037975,51.1835443037975,0,10.126582278481,147.803797468354,44.3924050632911,4051.14955696203,4.01898734177215,931.96835443038,13080.7965189873,0,402.829113924051,289.487341772152,0,448.746835443038,0,0,360.433734177215,0,0.5,1145.92405063291,75698.5029746835,11.5126582278481,4.18987341772152,141.227848101266,0,0,87511.6740506329,153.195189873418,12.6962025316456,0,20631.094113924,0,0,24.1518987341772,0,0,0,8.22151898734177,1229.96993670886,1639.09930379747,3424.78987341772,426.708860759494,128.639240506329,1.51898734177215,0,596.566518987342,6738.66455696203,7919.54911392405,0,3.58227848101266,500.073417721519,0,2547.48329113924,381.53664556962,0,27.3607594936709,17.5316455696203,0,1591.74050632911,503.822784810127,190.569620253165,0,329.62664556962,0,0,5526.05746835443,1010.92632911392,1.82132911392405,21.0569620253165,0,150.575949367089,26.7088607594937,2363.31012658228,6999.73113924051,0,63.0632911392405,818.26582278481,17.9746835443038,653.708860759494,9.5253164556962,775.918987341772,189.822784810127,3.79746835443038,6199.13898734177,0,923.841772151899,166.645569620253,0,853.354430379747,0,0,1.60126582278481,2870.5,15.1898734177215,212.159113924051,2532.85025316456,0,2.82911392405063,44.7721518987342,227.164556962025,14038.7758227848,3409.41379746835,0,0,16.2974683544304,356.683544303797,0,6075.93170886076,2.53164556962025,5505.61632911392,0,0,0,0,30533.9493670886,1779.42405063291,32.2594936708861,0,9457.23727848101,945.865949367089,738.037974683544,0,4252.72784810127,30740.9687974684,0,1.90506329113924,0,6648.33189873418,9745.29594936709,7.98101265822785,0,676.253164556962,0,732.004240506329,0,0,1.45569620253165,18.7025316455696,42122.0050632911,284.353924050633,3220.64556962025,0,0,34014.4155696203,3226.34810126582,38303.3832911392,0,132.822784810127,16.8354430379747,375.139240506329,199.236708860759,20.4746835443038,0,0,0,17285.0917088608,1083.5782278481,3032.88582278481,593.96835443038,0,0,0
"CIV",0,0,0,0,0,0,0,0,0,0,0,0,0,0,0,0,0,0,0,0,0,0,0,0,0,0,0,0,0,0,0,0,0,0,0,0,0,0,0,0,0,0,0,0,0,0,0,0,0,0,0,0,0,0.069620253164557,0,0,0,0,0,0,0,22.7848101265823,0,0,0,0,0,0,0,0,0,0,0,0,0.0253164556962025,0,0,0,0,0,0,0,0,0,0,0,0,0,0,0,0,0,0,0,0,0,0,863.924050632911,0,0,0,0,0,0,0,0,0,0,0,0,0,0,0,0,0,0,0,0,0,0,0,0,0,6504.36708860759,0,0,0,0,0,0,0,0,0,0,0,0,0,0,0,0,0,0,0,0,0,0,0,0,0,0,0,0,0,0,0,0,0,0,0,0,0,0,0,0,0,0,0,0,0,0,0,0,0,0,0,0,0,0,0,30122.0253164557,0,0,0,0,0,0,0,0,0,0,0,0,0,0,0
"KAZ",51.2658227848101,993737.43778481,0,0,0,0,0,0,0,0,0,0,0,0,0,0,0,0,0,0,0,0.005,0,0,0,0,0,0,0,0,0,222452.596835443,0,0,0,0,0,0,0,35385.17,0,0,0,0,267.037974683544,0,0,0,0,0.07,0,0,775.5,0,0,0,1000.005,0,0,220,0,0,0,2986.98,0,0,0,0,0,0,0,0,0,0,0,0,0,8947.9,0,0.015,0,133558.37,0,0,0,0,0,125357.977848101,0,0,0,0,0,5567.925,0,2500.56,0,0,0,73.5,0,0,0,0,0,0,0,0,0,0,512,0,0,473.417721518987,0,0,0,0,0,0,0,0,0,0,0,4721.135,0,0,0,0,0,0,0,2263.24613924051,0,0,0,0,0,0,0,0,154228.789240506,0,0,0,0,0,0,0,0,0,0,0,0,0,0,0,1063682.0221519,0,0.035,952.48,0,46753.3442405063,0,0,0,0,0,0,0,4390.945,27232.02,0,0,0,8400,8.86075949367089,0,0,0,2767395.33151899,0,0,0,0,0,0,10.5,0,0,0,0,0,0
"JAM",0,0,0,0,0.0126582278481013,0,0,0,0,0,264.094936708861,0,0,0,0,0,0,0,0,0,0,0,0,0,0,2.41772151898734,0,0,0,0,0,0,0,0,0,0,0,0,0,0,0,0,0.132911392405063,9.49367088607595,0,0,0,0,0,0,0,0,0,0,0,0,0,0,0,0,0,0,0,0,0,0,0,0,1186.45569620253,0,0,0,0,0,0,0,0,0,0,0,0,0,0,0,0,0,0,0,0,0,0,0,0,0,0,0,0,0,0,0,0,0,0,0,0,0,0,0,0,0,0,0,0,0,0,0,0,0,0,0,0,0,0,0,0,0,0,0,0,0,0,0,0,0,0,0,0,0,0,0,0,0,0,0,29.2658227848101,0,0,0,0,0,0,0,0,0,0,0,0,150.303797468354,0,0,0,0,0,0,0,0,0,0,0,562.033227848101,0,0,0,0,0,0,3.17721518987342,0,0.208860759493671,0,0,0,0,0,0,0,0,0,0,0,0,0,0,0,0
"JPN",0,0,0,0,0,0,858.227848101266,0,0,0,0,0,0,0,0,0,0,0,0,0,0,0,50.6329113924051,0,0,3.79746835443038,0,0,0,0,0,26413.2911392405,0,0,0,0,0,0,0,0,0,0,0,0,0,0,0,0,0,3.79746835443038,0,0,0,79.1139240506329,0,0,0,0,0,90.506329113924,0,0,0,0,0,0,0,0,0,0,0,47768.3544303797,0,0,0,0.632911392405063,1490.50632911392,0,0,0,0,387.341772151899,0,0,0,0,0,0,0,0.632911392405063,0,317.088607594937,0,0,0,0,0,0,0,0,36.7088607594937,0,0,33189.8734177215,0,0,0,0,0,0.632911392405063,0,0,0,0,0,0,132.911392405063,0,0,0,0,0,0,0,0,30.379746835443,0,0,0,0,0,0,165.189873417722,89.2405063291139,0,0,0,0,0,0,0,0,148.73417721519,0,0,0,0,2.0126582278481,0,0,0,11.3924050632911,0,61815.8227848101,0,13.2911392405063,0,0,0,0,0,0,0,0,15574.0506329114,0,9298.10126582278,0,0,0,0,0,0,127.215189873418,0,0,92.4050632911392,0,1417.72151898734,0,0,0,0,16881.6455696203,0,0,0,0,0.632911392405063,0,0,0,0,0,0
"JOR",0,0,0,0,0,0,0,0,0,0,0,0,0,0,0,0,0,0,0,0,0,0,0,0,0,0,0,0,0,0,0,0,0,0,0,0,0,0,0,0,0,0,0,0,0,0,0,0,0,0,0,0,0,0,0,0,0,0,0,0,0,0,0,0,0,0,0,0,0,0,0,0,0,0,0,0,0,0,2020.09443037975,0,0,0,0,0,0,0,0,0,0,0,0,0,0,0,0,0,0,0,0,0,0,0,0,0,0,0,0,0,0,0,0,0,0,0,0,0,0,0,0,0,0,0,0,0,0,0,0,0,0,0,0,0,0,0,0,0,0,0,1.18987341772152,0,0,0,21255.365,0,0,0,0,0,0,0,0,0,0,0,0,0,0,0,0,0,0,0,61040.0316455696,0,0,0,0,0,0,0,0,0,0,0,0,0,0,0,0,0,0,0,0,0,0,0,0,0,0,0,0,0,0,0,3.44303797468354
"KGZ",0,15.8227848101266,0,0,0,0,0,0,0,0,0,0,0,0,0,0,0,0,0,0,0,0,0,0,0,0,0,0,0,0,0,15.8227848101266,0,0,0,0,0,0,0,0,0,0,0,0,0,0,0,0,0,0,0,0,0,0,0,0,0,0,0,0,0,0,0,0,0,0,0,0,0,0,0,0,0,0,0,0,0,0,0,0,0,0,0,51.8987341772152,0,0,0,0,0,0,0,0,0,0,0,0,0,0,0,0,0,0,0,0,0,0,0,0,0,0,0,0,0,0,0,0,0,0,0,0,0,0,0,0,0,0,0,0,0,0,0,0,0,0,0,0,0,0,0,0,0,0,0.235,0,0,0,0,0,0,0,0,0,0,0,0,0,0,0,239.240506329114,0,0,0,0,0.0316455696202532,0,0,0,0,0,0,0,0,0,0,0,0,0,0,0,0,0,0,0,0,0,0,0,0,0,0,0,0,0,0,0
"KEN",0,0,0,0.0189873417721519,0,0,0.5,0,0,0,0,0,0,0,0,0.0316455696202532,0,0,0,0,0,0,0,0,0,0,0,0,0,0,0,0,0,0,0,0,0,0,0,0,0,0,0,0,0,0,0,0,0,0,0,0,0,0.12,0,0,0,0,0,0.333481012658228,0,0,0,0,0,0,0,0,0,0,0,0,0,0,0,0.69620253164557,0,0,0,0,0,0.0316455696202532,0,0,0,0.0189873417721519,0,0,0,0,0,0,0,0,0,0,0,0,0,0,0,0,0,0,0,0,0,0,0,0,0,0,0,0,0,0,0,0,0,0,0,0,0,1.51898734177215,0,0,0,0,0,0,0,0,0,0,0,0,0,0,3.26582278481013,0,0,189.860759493671,0,0,0,0,0,0,0,0,0,0,0,0.639240506329114,76.8354430379747,0.0126582278481013,0,0,0,0,1.30379746835443,0,0,0,0,78.9493670886076,0,0,0,0,0,0,0,19.0569620253165,965.306962025316,0,1.20993670886076,0,21.4746835443038,0,0,0,0,0,0,0,62.5696202531646,0,0,0,0,0,0,1658.96835443038,0
"KHM",0,0,0,0,0,0,0,0,0,0,0,0,0,0,0,0,0,0,0,0,0,0,0,0,0,0,0,0,0,0,0,0,0,0,0,0,0,0,0,0,0,0,0,0,0,0,0,0,0,0,0,0,0,0,0,0,0,0,0,0,0,0,0,0,0,0,0,0,0,0,0,0,0,0,0,0,0,0,0,0,0,0,0,0,0,0,0,0,0,0,0,0,0,0,0,0,0,0,0,0,0,0,0,0,0,0,0,0,0,0,0,0,0,0,0,0,0,0,0,0,0,0,0,0,0,0,0,0,0,0,0,0,0,0,0,0,0,0,0,0,0,0,0,0,0,0,0,0,0,0,0,0,0,0,0,0,0,0,0,0,0,0,0,0,0,0,0,0,0,0,0,0,0,0,0,0,0,0,0,0,0,0,0,0,0,0,0,0,0,0,0,0,0,0,0
"PRK",0,0,0,0,0,0,0,0,0,0,0,0,0,0,0,0,0,0,0,0,0,0,0,0,0,0,0,0,0,0,0,0,0,0,0,0,0,0,0,0,0,0,0,0,0,0,0,0,0,0,0,0,0,0,0,0,0,0,0,0,0,0,0,0,0,0,0,0,0,0,0,0,0,0,0,0,0,0,0,0,0,0,0,0,0,0,0,0,0,0,0,0,0,0,0,0,0,0,0,0,0,0,0,0,0,0,0,0,0,0,0,0,0,0,0,0,0,0,0,0,0,0,0,0,0,0,0,0,0,0,0,0,0,0,0,0,0,0,0,0,0,0,0,0,0,0,0,0,0,0,0,0,0,0,0,0,0,0,0,0,0,0,0,0,0,0,0,0,0,0,0,0,0,0,0,0,0,0,0,0,0,0,0,0,0,0,0,0,0,0,0,0,0,0,0
"KOR",0,0,0.00632911392405063,0,0,0,428.360759493671,0,0,0.189873417721519,0,2.87974683544304,0,0,0,0,0.607594936708861,0,0,0.0379746835443038,0,0,0.0949367088607595,0,0,28.5126582278481,0,0,0,0,0.411392405063291,4862.09493670886,0.0126582278481013,0,0,0,0.0379746835443038,0,0,0,0.0126582278481013,0,0,0,0,0,0,0,0,0,0,0.10126582278481,0,1.17088607594937,0,0,0,0,0,74.1645569620253,0,0,0,0,0,0,9.06962025316456,0,0,0.107594936708861,0,16823.6265822785,0,0,0,22.9430379746835,5589.95569620253,0,0.20253164556962,0,0.348101265822785,0.5,0,1.79746835443038,0,9.11392405063291,0,5.09493670886076,6.77848101265823,30.3670886075949,0,0,1.32278481012658,0,1.9746835443038,0,0,0,0,0,8.92405063291139,0.0443037974683544,0,1195.87974683544,0,0,1.42405063291139,0,0,22.246835443038,9,0,0,0,0,0.126582278481013,4.06329113924051,0,0,0,0,28.873417721519,5.4746835443038,0,0,0,0,0,0,0,0.0506329113924051,0.60126582278481,387.981012658228,0,0,0,0,0,0,0,0,0,131.044303797468,0,0,0,0,0,0,0,0,0,0,4602.53797468354,0,0.00632911392405063,0,0,0,0,0,0.0632911392405063,0,0,11.1708860759494,0,11681.6392405063,3.15189873417722,0,0,0.189873417721519,0,0,4.9873417721519,0.00632911392405063,0,80.2721518987342,0,9810.67721518987,0,0,0.240506329113924,0,402.354430379747,0,0,0,0,0,0,0,0,0,0,0
"KWT",0,0,0,0,0,0,0,0,0,638.056962025316,0,0,0,0,0,0,0,0,0,0,0,0,0,0,0,0,0,0,0,0,0,0,0,0,0,0,0,0,0,0,0,0,0,0,0,0,0,0,0,0,0,0,0,0,0,0,0,0,0,0,0,0,0,0,0,0,0,0,0,0,0,0,0,0,0,0,0,0,4047.49367088608,0.0126582278481013,0,0,0,0,0,0,537.411139240506,0,0,0,0,0,0,0,0,0,0,0,0,0,0,0,0,0,0,0,0,0,0,0,0,0,0,0,0,0,0,0,0,0,0,0,0,0,0,0,0,0,0,0,0,0,0,0,0,0,0,0,3784.20063291139,0,0,0,0,0,0,0,0,82173.3544303797,0,0,0,0,0,0,0,0,5.37974683544304,0,0,0,0,0,0,0,0,0,0,0,0,0,0,0,0,6878.24683544304,0,0,0,0,0,0,0,0,0,0,0,12.9113924050633,0,0,0,0,0,0,0,0,0
"LVA",0,0,0,247213.635,0,0,0,38.84,0,0,0,0,0,0,0,0,0,0,0,0,0,0.455696202531646,0,0,319.620253164557,0,0,0,0,0,0,0,0,0,2835.165,0,0,0,138.924050632911,0,7214.55696202532,6681.32607594937,0,0,0,0,0,0,0,14315.7169620253,0,0,14909.5063291139,17302.1375949367,0,0,0,0,0,72564.8893670886,0,44067.98,0,3.0506329113924,0,0,0,0,0,0,0,110.993670886076,0.0189873417721519,0,0,0,0,0,0,17968.0306962025,34425,0,652.5,0,0,0,155.094936708861,0,75756.7698734177,0,0,15750,0,0,0,0,0,0,15689.34,71438.9617088608,0,16500,0,0,0,0,6121.37341772152,31514.735,0,0,7.59493670886076,138389.74,33598.78,0,0,0,80042.9152531646,0,0,0,0,0,0,0,967463.895,8554.10765822785,0,0,9.0006329113924,0.278481012658228,0,0,0,3886.4903164557,20991.8981012658,0,0,0,0,0,0,0,40.5126582278481,0,0,0,0,226084.5,2242.62658227848,0,7135.60126582278,0,1.18354430379747,12112.3037974684,0,168578.625,77787.2387341772,39.8924050632911,0,0,721.639240506329,25250.2278481013,0,0,0,0,16185.1075949367,0,0,0,0,0,78532.5,27101.0379746835,3175,0,63367.6803164557,0.531645569620253,7.51898734177215,0,0,0,0,0,0,0,6885,0,4900,0,0,0,0,0,0
"LAO",0,0,0,0,0,0,0,0,0,0,0,0,0,0,0,0,0,0,0,0,0,0,0,0,0,0,0,0,0,0,0,0,0,0,0,0,0,0,0,0,0,0,0,0,0,0,0,0,0,0,0,0,0,0,0,0,0,0,0,0,0,0,0,0,0,0,0,0,0,0,0,0,0,0,0,0,0,0,0,0,0,0,0,0,0,0,0,0,0,0,0,0,0,0,0,0,0,0,0,0,0,0,0,0,0,0,0,0,0,0,0,0,0,0,0,0,0,0,0,0,0,0,0,0,0,0,0,0,0,0,0,0,0,0,0,0,0,0,0,0,0,0,0,0,0,0,0,0,0,0,0,0,0,0,0,0,0,0,0,0,0,0,0,0,0,0,0,0,0,0,0,0,0,0,0,0,0,0,0,0,0,0,0,0,0,0,0,0,0,0,0,0,0,0,0
"LBN",0,0,0,2.5,0,0,1.17088607594937,0,0,0.015,0,0,0,0,0,0,1.23417721518987,0,0,0,0,0,0,0,0,0.0632911392405063,0,0.340506329113924,0,0,0.430379746835443,0,0.975379746835443,0,1.59373417721519,0,0,0,0,0,0.722911392405063,1.07594936708861,0,0,0,0,0,0,0,0,0,0,0,0.566645569620253,0,0,0,0.59493670886076,0,100.474683544304,0,0.62120253164557,0,0,0,0,0,0.487341772151899,0,0,0,0,0,0,0,0,0,0,26.0759493670886,0,0,0,0,0,0,0,1214.71037974684,0,0,0,0,0,0.848101265822785,0,0,0,0,2.70860759493671,0,0,0,0,0,3.15189873417722,0.379746835443038,0.474683544303797,0,0,0,0,0,0.183544303797468,0,0,0,0,2115.81012658228,0,0,0,0,0,0,0.189873417721519,4.13037974683544,0,0,1.32613924050633,0,0,0.87253164556962,0,0,0,0,0,0,0,17.4169620253165,0,0.158227848101266,0,0.0949367088607595,0,0,0,0,4.1079746835443,1.88113924050633,0,0.384493670886076,0,0,0,5.9620253164557,0,0,0,0,0,75.5417088607595,0,0,0,0,0,0,0.890443037974684,0,0,0.025,0,1313.69240506329,5.70550632911392,0,0,35.1836075949367,0,2.78848101265823,0.0506329113924051,0,0,0.993670886075949,0,0,0,0,0.0316455696202532,0,0,0,0,0,0,0
"LSO",0,0,0,0,0,0,0,0,0,0,0,0,0,0,0,0,0,0,0,0,0,0,0,0,0,0,0,0,0,0,0,0,0,0,0,0,0,0,0,0,0,0,0,0,0,0,0,0,0,0,0,0,0,0,0,0,0,0,0,0,0,0,0,0,0,0,0,0,0,0,0,0,0,0,0,0,0,0,0,0,0,0,0,0,0,0,0,0,0,0,0,0,0,0,0,0,0,0,0,0,0,0,0,0,0,0,0,0,0,0,0,0,0,0,0,0,0,0,0,0,0,0,0,0,0,0,0,0,0,0,0,0,0,0,0,0,0,0,0,0,0,0,0,0,0,0,0,0,0,0,0,0,0,0,0,0,0,0,0,0,0,0,0,0,0,0,0,0,0,0,0,0,0,0,0,0,0,0,0,0,0,0,0,0,0,0,0,0,0,0,0,0,0,0,0
"LBR",0,0,0,0,0,0,0,0,0,0,0,0,0,0,0,0,0,0,0,0,0,0,0,0,0,0,0,0,0,0,0,0,0,0,0,0,0,0,0,0,0,0,0,0,0,0,0,0,0,0,0,0,0,0,0,0,0,0,0,0,0,0,0,0,0,0,0,0,0,0,0,0,0,0,0,0,0,0,0,0,0,0,0,0,0,0,0,0,0,0,0,0,0,0,0,0,0,0,0,0,0,0,0,0,0,0,0,0,0,0,0,0,0,0,0,0,0,0,0,0,0,0,0,0,0,0,0,0,0,0,0,0,0,0,0,0,0,0,0,0,0,0,0,0,0,0,0,0,0,0,0,0,0,0,0,0,0,0,0,0,0,0,0,0,0,0,0,0,0,0,0,0,0,0,0,0,0,0,0,0,0,0,0,0,0,0,0,0,0,0,0,0,0,0,0
"LBY",0,0,0,0,0,0,0,0,0,0,0,0,0,0,0,0,0,0,0,0,0,0,0,0,0,0,0,0,0,0,0,0,0,0,0,0,0,0,0,0,0,0,0,0,0,0,0,0,0,0,0,0,0,0.0253164556962025,0,0,0,0,0,0,0,0,0,0,0,0,0,0,0,0,0,0,0,0,0,0,0,0,0,0,0,0,0,0,0,0,0,0,0,0,0,0,0,0,0,0,0,0,0,0,0,0,0,0,0,0,0,0,0,0,0,0,0,0,0,0,0,0,0,0,0,0,0,0,0,0,0,0,0,0,0,0,0,0,0,0,0,0,0,0,0,0,0,0,0,0,0,0,0,0,0,0,0,0,0,0,0,0,0,0,0,0,0,0,0,0,0,0,0,0,0,0,0,0,0,0,0,0,0,0,0,0,0,0,0,0,0,0,0,0,0,0,0,0,0
"LTU",0,0,0,234921.6,0,0,0,809.455,0,0,0,0,0,0,0,0,0,0,0,0,0,0,0,0,11500,0.215189873417722,0,0,0,0,0,167299.4,0,0,0,0,0,0,221.139240506329,5.65316455696203,0,10178.4270886076,0,0,152.006329113924,0,65060,0,0.0632911392405063,1190.40708860759,0,0,6,9179.87101265823,0,0,392.405063291139,0,0,63073.3819620253,0,36000,0,0,0,0,0,16503.3544303797,0,14502.935,0,0.501012658227848,0,0,0.227848101265823,63.2911392405063,0,0,0,6358.64278481013,61827.4050632911,3237.16,0,141.746518987342,0,0,0,0,66726.73,0,0,0,0,450610.258291139,0,0,0,0,0,0,0,0,0,0,0,0,796.006329113924,0,0,0,0,30515.395,21000,0,0,0,72196.6929746836,0,0,0,0,0.348101265822785,0,0,898270.055,5168.96481012658,0,0,1102.93778481013,0,0,0,0,7938.0764556962,14918.9639240506,0,0,0,0,0,0,0,2280.50126582278,0,0,0,0,153744.228670886,11400,0,974.145569620253,0,0.531645569620253,0.265822784810127,0,278109.495,318550.353037975,0,0,0,1122.34088607595,64.01,0,1.89873417721519,0,37000,3120.15189873418,15.8227848101266,0,0,0,0,178006.46,10.0696202531646,18647.5,0,57480.9438607595,23.8388607594937,39.4873417721519,0,0,20.7278481012658,0,35571.675,0,0,0,0,1972.38,0,0,0,139294.815,0,343.73417721519
"MAC",0,0,0,0,0,0,0,0,0,0,0,0,0,0,0,0,0,0,0,0,0,0,0,0,0,0,0,0,0,0,0,22.1518987341772,0,0,0,0,0,0,0,0,0,0,0,0,0,0,0,0,0,0,0,0,0,0,0,0,0,0,0,0,0,0,0,0,0,0,0,0,0,0,0,3.36708860759494,0,0,0,0,0,0,0,0,0,0,0,0,0,0,0,0,0,0,0,0,0,0,0,0,0,0,0,0,0,0,0,0,0,0,0,0,0,0,0,0,0,0,0,0,0,0,0,0,0,0,0,0,0,0,0,0,0,0,0,0,0,0,0,0,0,0,0,0,0,0,0,0,0,0,0,0,0,0,0,0,0,0,0,0,0,0,0,0,0,0,0,0,0,0,0,0,0,0,0,0,0,0,0,0,0,0,0,0,0,0,0,0,0,0,0,0,0,0,0,0,0,0,0
"MDG",0,0,0,0,0,0,0,0,0,0,0,0,0,0,0,0,0,0,0,0,0,0,0,0,0,0,0,0,0,0,0,0,0,2.81151898734177,0,0,0,0,0,0,0,0,0,0,0,0,0,0,0,0,0,0,0,0,0,0,0,0,0,0,0,0,0,0,0,0,0,0,0,0,0,0,0,0,0,0,0,0,0,0,0,0,0,0,0,0,0,0,0,0,0,0,0,0,0,0,0,0,0,0,0,0,0,0,0,0,0,0,0.00632911392405063,0,0,0,0,0,0,0,0,0,0,0,0,0,0,0,0,0,0,0,0,0,0,0,0,0,0,0,0,0,0,0,0,0,0,0,0,0,0,0,0,0,0,0,0,0,0,0,0,0,0,0,0,0,0,0,0,0,0,0,0,0,0,0,0,0,0,0,0,0,0,0,0,0,0,0,0,0,0,0,0,0,0,0,0,0,0
"MWI",0,0,0,0,0,0,0,0,0,0,0,0,0,0,0,0,0,0,0,0,0,0,0,0,0,0,0,0,0,0,0,0,0,0,0,0,0,0,0,0,0,0,0,0,0,0,0,0,0,0,0,0,0,0,0,0,0,0,0,0,0,0,0,0,0,0,0,0,0,0,0,0,0,0,0,0,0,0,0,0,0,0,0,0,0,0,0,0,0,0,0,0,0,0,0,0,0,0,0,0,0,0,0,0,0,0,0,0,0,0,0,0,15,0,0,0,0,0,0,0,0,0,0,0,0,0,0,0,0,0,0,0,0,0,0,0,0,0,0,0,0,0,0,0,0,0,0,0,0,0,0,0,0,0,0,0,0,0,0,0,0,0,0,0,0,0,0,0,0,0,0,0,0,0,0,0,0,0,0,0,0,0,0,0,0,0,0,0,0,0,0,0,0,0,0
"MYS",0,0,0,0,0,0,1.20253164556962,0,0,0,0,6.31645569620253,0,0,0,0,0,0,0,17.4050632911392,9277.24683544304,0,1751.81012658228,0,0,0,0,0,0,0,0,0,0,0,122.506329113924,0,0,0,0,0,0,0,0,0,0,0,0,0,0,0,0,0,0,0,0,0,0,0,0,0,0,0,0,0,0,0,0,0,0,0,0,0,0,0,0,0,787.170886075949,0,0,0,0,0,0,0,0,0,0,0,0,10.6772151898734,0,0,0,0,0,0,0,0,0,0,0,0,0,0,0,0,0,0,0,0,0,0,0,0,0,0,0,0,0,0,0,0,0,0,0,0,0,0,0,846.537974683544,0,0,502.816455696203,0,0,0,10.4873417721519,0,83.9240506329114,0,0,0,0,0,0,0,0,8.88607594936709,0,0,0,0,0,49620.3481012658,0,0,0,0,0,0,0,0,0,0,9.85443037974684,0,17600.4312025316,0,0,0,53.3164556962025,0,0,343.310126582278,0,0,89.2721518987342,0,0,0,0,0,0,43.2784810126582,13.9240506329114,0,0,0,0,0,0,0,0,0,0
"MDV",0,0,0,0,0,0,0,0,0,0,0,0,0,0,0,0,0,0,0,0,0,0,0,0,0,0,0,0,0.00632911392405063,0,0,0,0,0,0,0,0,0,0,0,0,0,0,0,0,0,0,0,0,0,0,0,0,0,0,0,0,0,0,0,0,0,0,0,0,0,0,0,0,0,0,0,0,0,0,0,0,0,0,0,0,0,0,0,0,0,0,0,0,0,0,0,0,0,0,0,0,0,0,0,0,0,0,312.775,0,0,0,0,0,0,0,0,0,0,0,0,0,0,0,0,0,0,0,0,0,0,0,0,0,0,0,0,0,0,0,0,0,0,0,0,0,0,0,0,0,0,0,0,0,0,0,0,0,0,0,0,0,0,0,0,0,0,0,0,0,0,0,0,0,0,0,0,0,0,0,0,0,0,0,0,0,0,0,0,0,0,0,0,0,0,0,0,0,0,0
"MLI",0,0,0,0,0,0,0,0,0,0,0,0,0,0,0,0,0,0,0,0,0,0,0,0,0,0,0,0,0,0,0,0,0,0,0,0,0,0,0,0,0,0,0,0,0,0,0,0,0,0,0,0,0,0.0506329113924051,0,0,0,0,0,0,0,0,0,0,0,0,0,0,0,0,0,0,0,0,0,0,0,0,0,0,0,0,0,0,0,0,0,0,0,0,0,0,0,0,0,0,0,0,0,0,0,0,0,0,0,0,0,0,0,0,0,0,0,0,0,0,0,0,0,0,0,0,0,0,0,0,0,0,0,0,0,0,0,0,0,0,0,0,0,0,0,0,0,0,0,0,0,0,0,0,0,0,0,0,0,0,0,0,0,0,0,0,0,0,0,0,0,0,0,0,0,0,0,0,0,0,0,0,0,0,0,0,0,0,0,0,0,0,0,0,0,0,0,0,0
"MLT",0,0,0,0,0,0,0,0,0,0,0,0,0,0,0,0,0,0,0,0,0,0,0,0,0,0,0,0,0,0,0,0,0,0,0,0,0,0,12.6582278481013,0,0,0,0,0,0,0,0,0,0,0,0,0,0,0,0,0,0,0,0,0,0,0,0,0,0,0,0,0,0,0,0,0,0,0,0,0,0,0,0,0,0,0,0,0,0,0,0,0,0,0,0,0,0,0,0,0,0,0,0,0,0,0,0,0,0,0,0,0,0,0,0,0,0,0,0,0,0,0,0,0,0,0,0,0,0,0,0,0,0,0,0,0,0,0,0,0,0,0,0,0,0,0,0,0,0,0,0,0,0,0,0,0,0,0,0,0,0,0,0,0,0,0,0,0,0,0,0,0,0,0,0,0,0,0,0,0,0,0,0,0,0,0,0,0,0,0,0,0,0,0,0,0,0,0,0
"MRT",0,0,0,0,0,0,0,0,0,0,0,0,0,0,0,0,0,0,0,0,0,0,0,0,0,0,0,0,0,0,0,0,0,0,0,0,0,0,0,0,0,0,0,0,0,0,0,0,0,0,0,0,0,0,0,0,0,0,0,0,0,0,0,0,0,0,0,0,0,0,0,0,0,0,0,0,0,0,0,0,0,0,0,0,0,0,0,0,0,0,0,0,0,0,0,0,0,0,0,0,0,0,0,0,0,0,0,0,0,0,0,0,0,0,0,0,0,0,0,0,0,0,0,0,0,0,0,0,0,0,0,0,0,0,0,0,0,0,0,0,0,0,0,0,0,0,0,0,0,0,0,0,0,0,0,0,0,0,0,0,0,0,0,0,0,0,0,0,0,0,0,0,0,0,0,0,0,0,0,0,0,0,0,0,0,0,0,0,0,0,0,0,0,0,0
"MUS",0,0,0,0,0,0,15.0696202531646,0,0,0,0,0,0,0,0,0,0,0,0,0,0,0,0,0,0,0,0,0,0,0,0,0,0,2620.44303797468,0,0,0,0,0,0,0,0,0,0,0,0,0,0,0,0,0,0,0,6533.75949367088,0,0,0,0,0,0,0,0,0,0,0,0,0,0,0,0,0,0,0,0,0,0,0,0,0,0,0,0,0,0,0,0,0,0,0,0,0,0,0,0,0,0,0,0,0,0,0,1443.45569620253,0,0,0,0,0,0,0,0,0,0,0,0,0,0,0,0,0,0,0,0,0,0,0,0,0,0,0,0,0,0,0,0,0,0,0,0,0,0,0,0,0,0,0,0,0,0,0,1157.79113924051,0,0,0,0,0,0,0,0,0,0,0,0,0,0,0,0,0,0,0,0,0,0,33.4050632911392,0,0,0,0,0,0,0,0,0,0,0,0,1.25949367088608,0,0,0,0,0,0,0,0,0
"MEX",0,0,0,277201.635,0,0,0,0,0,0,0,0,0,0,0,0,0,0,6378.81012658228,0,0,0,0,0,0,0,0,0,0,0,0,0,0,0,0,0,0,129.474683544304,0,0,0,0,0,0,0,0,0,0,0,0,0,0,0,0,0,0,0,0,0,0,0,0,0,0,0,0,22845.0063291139,0,0,649.696202531646,0,0,0,0,0,0,0,0,0,0,0,0,0,0,134.481012658228,0,0,0,0,0,0,0,0,0,0,0,0,0,0,0,0,0,0,0,0,0,0,0,0,0,0,0,0,0,0,0,0,0,0,0,0,0,0,0,7310.98,0,0,1733.29113924051,0,0,0,0,0,0,0,0,0,0,0,0,0,0,0,0,0,0,0,0,0,0,0,0,0,0,0,0,0,0,0,0,0,0,0,0,0,0,0,0,0,0,0,0,0,0,0,0,0,0,17064.2834810127,0,0,0,0,0,0,0,0,0,0,0,0,0,0,0,0
"MNG",0,0,0,0,0,0,0,0,0,0,0,0,0,0,0,0,0,0,0,0,0,0,0,0,0,0,0,0,0,0,0,0,0,0,0,0,0,0,0,0,0,0,0,0,0,0,0,0,0,0,0,0,0,0,0,0,0,0,0,0,0,0,0,0,0,0,0,0,0,0,0,0,0,0,0,0,0,0,0,0,0,0,0,0,0,0,0,0,0,0,0,0,0,0,0,0,0,0,0,0,0,0,0,0,0,0,0,0,0,0,0,0,0,0,0,0,0,0,0,0,0,0,0,0,0,0,0,0,0,0,0,0,0,0,0,0,0,0,0,0,0,0,0,0,0,0,0,0,0,0,0,0,0,0,0,0,0,0,0,0,0,0,0,0,0,0,0,0,0,0,0,0,0,0,0,0,0,0,0,0,0,0,0,0,0,0,0,0,0,0,0,0,0,0,0
"MAR",0,0,0,0,0,0,0,0,0,0.474683544303797,0,0,0,0,0,0,0,0,0,0,0,0,0,0,0,431.607594936709,0,0,0,0,0,0,0,0,0,0,0,0,0.0949367088607595,0,1091.77215189873,0.0189873417721519,0,0,0,0,0,0,63.2911392405063,0,0,0,0,502.383101265823,0,0,0,0.113924050632911,158.227848101266,2.68987341772152,0,0,0,0,0,0,0,0,0,0,0,0,0,0,0,0,0,0,0,0,0,65.6835443037975,0,0,0,0,0,0,0,0,0,0,0,0,0,0.095,0,0,0,0,0,0,0,0,0,0,0,212.803797468354,0,0,0,0,0,0,0,0,0,0,0,0,0,0,0,0,0,0,0,0,0,0,0,0,0,0,0,0,0,0,7.59493670886076,0,0,0,0,0,0,0,0,1722.0253164557,0,0,0.0189873417721519,0,0,0,0,0,1011.72784810127,0,0,0,7.59493670886076,0,0,0,0,0,0,158.227848101266,0,0,14.9430379746835,0,0,78.5822784810127,0,0,2.53164556962025,0,55.7405063291139,63.2911392405063,0,0,0,0,0,0,0,0,781.639240506329,0,0,0,0,0,0
"MOZ",0,0,0,0,0,0,0,0,0,0,0,0,0,0,0,0,0,0,0,0,0,0,0,0,0,0,0,0,0,0,0,0,0,0,0,0,0,0,0,0,0,0,0,0,0,0,0,0,0,0,0,0,0,0,0,0,0,0,0,0,0,0,0,0,0,0,0,0,0,0,0,0,0,0,0,0,0,0,0,0,0,0,0,0,0,0,0,0,0,0,0,0,0,0,0,0,0,0,0,0,0,0,0,0,0,0,0,0,0,0,0,0,0,0,0,0,0,0,0,0,0,0,0,0,0,0,0,0,0,0,0,0,0,0,0,0,0,0,0,0,0,0,0,0,0,0,0,0,0,0,0,0,0,0,0,0,0,0,0,0,0,0,0,0,0,0,0,0,0,0,0,0,0,0,0,0,0,0,0,0,0,0,0,0,0,0,0,0,0,0,0,0,0,0,0
"MDA",0,0,0,0,0,0,1.23417721518987,0,0,0,0,123.305,0,0,0,0,0,0,0,0,0,232.255,2934.9,0,0.145569620253165,3.43379746835443,0,0,0,0,0,0,0,0,0,0,24.635,0,3795.445,0,0,0,0,0,0,0,3400.54,0,0,3530.74,0,0,0,0,0,0,0,0,0,63.2151898734177,0,0,0,56547.3135443038,0,0,0,0,0,0,0,0,0,0,0,0,28930.33,0,0,1.17088607594937,6256.105,47126.6381012658,0,0,0,0,0,0,0,0,0,0,0,0,0,31437.165,0,0,0,0,0,0,0,11311.495,0,0,0.0126582278481013,0,0,0,0,0,0,0,0,0,565.5,0,0,0,0,0,0,0,0,72.4873417721519,0,0,11.081329113924,0,0,0,1309.145,0,0,0,0,0,0,0,23453.8173417721,0,0,0,0,0,0,0,0,0,0,0,6032.945,0,0,0,0,0,0,0,0,109271.33,0,0,2281.73,0,793.685,0,0,0,0,3294.705,155668.485,0,0,0,7651.035,455.057848101266,30.5,0,0,0,0,0,0,0,0,0,0,0,0,0,0,0,0
"NAM",0,0,0,0,0,0,34.879746835443,0,0,0,0,0,0,0,0,0,0,0,0,0,0,0,0,0,0,0,0,0,0,0,0,0,0,0,0,0,0,0,0,0,0,0,0,0,0,0,0,0,0,0,0,0,0,0,0,0,0,0,0,0,0,0,0,0,0,0,0,0,0,0,0,0,0,0,0,0,0,0,0,0,0,0,0,0,0,0.00632911392405063,0,0,0,0,0,0,0,0,0,0,0,0,0,0,0,0,0,0,0,0,0,0,0,0,0,0,0,0,0,0.0126582278481013,0,0,0,0,0,0,0,0,0,0,0,0,0,0,0,0,0,0,0,0,0,0,0,0,0,0,0,0,0,0,0,0,0,0,0,0,0,0,0,47.9275316455696,0,0,0,0,0,0,0,0,0,0,0,0,0,0,0,0,0,0,0,0,0,0,0,0,0,0,0,0,0,0,0.943037974683544,0,0,0,0,0,0,0,0
"NPL",0,0,0,0,0,0,0.379746835443038,0,0,0,0,0,0,0,0,0,0,0,0,0,0,0,0,0,0,0,0,0,0,0,0,13.6075949367089,0,0,0,0,0,0,0,0,0,0,0,0,0,0,0,0,0,0,0,0,0,0,0,0,0,0,0,204.278481012658,0,0,0,0,0,0,0,0,0,0,0,0,0,0,0,0,0,0,0,0,0,0,0,0,0,327.54164556962,0,0,0,0,0,0,0,0,0,0,0,0,0,0,0,0,0,0.0126582278481013,0,0,0,0,0,0,0,0,0,0,0,0,0,0,0,0,0,0,0,0,0,0,0,0,0,0,0,0,0,0,0,0,0,0,0,0,0,0,0,0,0,0,0,0,0,0,0,0,0,0,0,0,0,0,0,0,0,0,0,0,0,0,0,0,0,0,0,0,0,0,0,0,0,0,0,0,0,0,0,0,0,0,0,0,0,0,0,0,0,0,0
"NLD",0,6.85443037974684,10.373417721519,0,0,0,57.0886075949367,408.64582278481,0.0316455696202532,10.3582911392405,0,0,0,0,0,0,569.620253164557,0,0,0,0.6,124.951139240506,0,0.158227848101266,17868.7215189873,288.670886075949,231.061329113924,0,0,9.93670886075949,8151.61075949367,34.253164556962,0.0632911392405063,0,2.11392405063291,0,137.5,79.1139240506329,240.412151898734,0,3.96835443037975,5011.30183544304,0,12.5949367088608,0,0,0.626582278481013,0,28.6772151898734,55.856329113924,382.911392405063,0,3971.91544303797,15277.622278481,8006.32911392405,0,0,3.44936708860759,3.74050632911392,90737.877278481,0,44.0822784810127,0,3930.01664556962,0,0,0,2.29113924050633,2368.93670886076,333.278481012658,0,3.65189873417721,425.423987341772,86.6461392405063,552.764746835443,0,34.1772151898734,0,50.0160126582278,10613.4684810127,960.25,846.206265822785,1.45569620253165,0,0.0189873417721519,69.493670886076,0,0,0.0316455696202532,0,0,24.0253164556962,17.7278481012658,45.8024050632911,0,0.0189873417721519,0,0,2.78481012658228,112.635063291139,0,0,0,1150.73170886076,3.76582278481013,55.6139240506329,39.3008860759494,0,1.40506329113924,0.316455696202532,0.0126582278481013,14125.0979746835,10.5379746835443,0.632911392405063,0,0,0,0,0,0,0,3.87974683544304,0,0,0.379113924050633,554.362025316456,0.632911392405063,30.1962025316456,611.328417721519,0,0,0.0632911392405063,0.0189873417721519,4584.38936708861,712.431518987342,30812.1835443038,0,4.43670886075949,21.646835443038,0,350.40253164557,0,0,0,0,0,489.240506329114,424.860759493671,0,0,16030.5506329114,61.1344936708861,46.1305063291139,46.1075949367089,40.7658227848101,787.715189873418,1667.75348101266,3119.13860759494,0,0,1466.91772151899,207.287088607595,0,0,0.00632911392405063,5701.57253164557,0,0.778481012658228,0,0,0,12.5,23.4050632911392,40.0715189873418,4.20886075949367,0,12635.0729746835,11.120253164557,24.0822784810127,3.45569620253165,3.19620253164557,0,0,0,0,0,10989.3797468354,0,159706.706835443,220.897974683544,15.1898734177215,0,0.778481012658228,0,0
"ANT",0,0,0,0,0,0,0,0,0,0,0,0,0,0,0,0,0,0,0,0,0,0,0,0,0,0,0,0,0,0,0,0,0,0,0,0,0,0,0,0,0,0,0,0,0,0,0,0,0,0,0,0,0,0,0,0,0,0,0,0,0,0,0,0,0,0,0,0,0,0,0,0,0,0,0,0,0,0,0,0,0,0,0,0,0,0,0,0,0,0,0,0,0,0,0,0,0,0,0,0,0,0,0,0,0,0,0,0,0,0,0,0,0,0,0,0,0,0,0,0,0,0,0,0,0,0,0,0,0,0,0,0,0,0,0,0,0,0,0,0,0,0,0,0,0,0,0,0,0,0,0,0,0,0,0,0,0,0,0,0,0,0,0,0,0,0,0,0,0,0,0,0,0,0,0,0,0,0,0,0,0,0,0,0,0,0,0,0,0,0,0,0,0,0,0
"NCL",0,0,0,0,0,0,0,0,0,0,0,0,0,0,0,0,0,0,0,0,0,0,0,0,0,0,0,0,0,0,0,0,0,0,0,0,0,0,0,0,0,0,0,0,0,0,0,0,0,0,0,0,0,0,0,0,0,0,0,0,0,0,0,0,0,0,0,0,0,0,0,0,0,0,0,0,0,0,0,0,0,0,0,0,0,0,0,0,0,0,0,0,0,0,0,0,0,0,0,0,0,0,0,0,0,0,0,0,0,0,0,0,0,0,0,0,0,0,0,0,0,0,0,0,0,0,0,0,0,0,0,0,0,0,0,0,0,0,0,0,0,0,0,0,0,0,0,0,0,0,0,0,0,0,0,0,0,0,0,0,0,0,0,0,0,0,0,0,0,0,0,0,0,0,0,0,0,0,0,0,0,0,0,0,0,0,0,0,0,0,0,0,0,0,0
"MKD",0,0,445.598481012658,0,0,0,0,0,0,0.0506329113924051,0,0,0,0,0,0,0,0,0,0,0,73.0443037974683,0,0,0,12.4711392405063,0,0,0,0,0,0,0,0,0,0,0,0,0,0,0,0,0,0,0,0,0,0,0,0,0,0,0,0.632911392405063,0,0,0,0,0,0.329113924050633,0,0,0,11777.9789873418,0,0,0,0,0,0,0,0,0,0,0,0,0,0,0,0,0.575949367088608,0,0,0,0,0,0,0,13.0379746835443,0,0,0,0,0,0,0.208860759493671,0,0,13.2911392405063,0,0,0,0,0,0,0,0,0,0,0,0,0,0,0,0,0,0,0,0,0,0,0,0,0,0,1.49367088607595,0,0,0.015,0,0,0,0,0,0,0,0,0,0,0,0,0,0,0,0,0,0,0,0,0,0,0,0,0,0,0,0,0,0,0,3.04430379746835,0,0,0,0,0,0,0,0,0,0,0,0,0,0,0,0,0,26.2173417721519,0,0,0,0,0,0,0,0,0,0,0,13.75,0.165,0,0,0
"VUT",0,0,0,0,0,0,0,0,0,0,0,0,0,0,0,0,0,0,0,0,0,0,0,0,0,0,0,0,0,0,0,0,0,0,0,0,0,0,0,0,0,0,0,0,0,0,0,0,0,0,0,15.9810126582278,0,0,0,0,0,0,0,0,0,0,0,0,0,0,0,0,0,0,0,0,0,0,0,0,0,0,0,0,0,0,0,0,0,0,0,0,0,0,0,0,0,0,0,0,0,0,0,0,0,0,0,0,0,0,0,0,0,0,0,0,0,0,0,0,0,0,0,0,0,0,0,0,0,0,0,0,0,0,0,0,0,0,0,0,0,0,0,0,0,0,0,0,0,0,0,0,0,0,0,0,0,0,0,0,0,0,0,0,0,0,0,0,0,0,0,0,0,0,0,0,0,0,0,0,0,0,0,0,0,0,0,0,0,0,0,0,0,0,0,0,0,0,0
"NZL",0,0,0,0,0,0,457.755886075949,0,0,0.0506329113924051,0,0,0,0,0,0,0,0,0,744.303797468354,0,0,0,0,0,23.785,0,0,0,0,0,3200,0,0,0,1027.03398734177,0,0,0,0,0,0.115,0,0,0,0,0,0,0,0,0,1508.55911392405,20.39,0,34.6389240506329,0,0,0,0,0.54,0,0,0.373417721518987,0,0,0,0,0,0,0,0,44.9556962025316,0,0,0,0,0,0,0,0,0,0,0,0,0,22.7341772151899,0,0,0,0,0,0.670886075949367,0,0,0,0,0,0,0,0,0,0,0,475.695063291139,0,0,0,0,0,0,0,0,0,0,0,0,0,0,77.7025316455696,0,175.109936708861,0,0,0,0,0,0,0,0,973.29746835443,0,0,0,0,0,0,0,0,0,0,0,0,0,0,0,0,0,0,0,0,0,0,0,86.091329113924,0,0,0,0,0,0,0.525,0,0,0,186.20253164557,0,172.784810126582,0,415.272151898734,0,0,0,0,0,0,0.145569620253165,0,0,48.2667088607595,0,0,0,0,1.26582278481013,0,0,0,0,0,0,0,0,0,0,0
"NIC",0,0,0,0,0,0,0,0,0,0,0,0,0,0,0,0,0,0,0,0,0,0,0,0,0,0,0,0,0,0,0,0,0,0,0,0,7188.71518987342,0,0,0,0,0,0,0,0,0,0,67.5379746835443,0,0,0,0,0,0,0,0,0,0,0,0,0,0,0,0,0,0,0,0,0,0,26.7594936708861,0,0,0,0,0,0,0,0,0,0,0,0,0,0,0,0,0,0,0,0,0,0,0,0,0,0,0,0,0,0,0,0,0,0,0,0,0,0,0,0,0,0,0,0,0,0,0,0,0,0,0,0,0,0,0,0,0,0,0,0,0,0,0,0,0,0,0,0,0,0,0,0,0,0,0,0,0,0,0,0,0,0,0,0,0,0,0,0,0,0,0,0,0,0,0,0,0,0,0,0,0,0,0,0,0,0,0,0.00632911392405063,0,0,0,0,0,0,0,0,0,0,0,0,0,0,0,0
"NER",0,0,0,0,0,0,0,0,0,0,0,0,0,0,0,0,0,0,0,0,0,0,0,0,0,0,0,0,0,0,0,0,0,0,0,0,0,0,0,0,0,0,0,0,0,0,0,0,0,0,0,0,0,0,0,0,0,0,0,0,0,0,0,0,0,0,0,0,0,0,0,0,0,0,0,0,0,0,0,0,0,0,0,0,0,0,0,0,0,0,0,0,0,0,0,0,0,0,0,0,0,0,0,0,0,0,0,0,0,0,0,0,0,0,0,0,0,0,0,0,0,0,0,0,25.3164556962025,0,0,0,0,0,0,0,0,0,0,0,0,0,0,0,0,0,0,0,0,0,0,0,0,0,0,0,0,0,0,0,0,0,0,0,0,0,0,0,0,0,0,0,0,0,0,0,0,0,0,0,0,0,0,0,0,0,0,0,0,0,0,0,0,0,0,0,0,0,0
"NGA",0,0,0,0,0,0,0,0.0569620253164557,0.00632911392405063,0,0,0,0,0,0,0,0,0,0,0,0,0,0,0,0,21.7758860759494,0,0,0,0,0,0,0,0,0.930379746835443,0,0,0,0.0316455696202532,0,9.08189873417722,0,0,0,0,0,0,0,0,0,0,0,0,0.0316455696202532,0,0,0.00632911392405063,0,0,0.443037974683544,0,0,0,0.113924050632911,0,0,0,0,0,0,0,0,0,0,0,0.291139240506329,0,0,0,9.16689873417721,0,0,0,0,0,0,0,0,0.0189873417721519,0,0,0,0,0,0,0,0,0,0,0,0,0,0,0,0,0,0,0,0,0,0,0,0,0,0,0,1.23588607594937,0,0,0.474683544303797,0,0.0759493670886076,0,243.146835443038,0,0.531645569620253,0,0,0.00632911392405063,0,0,0,0,0,0,0,0,0,0,0,0,0,0.0379746835443038,0,0,0,0,0,0,0,0,0,0,0,0,1.82101265822785,0,0,0,0,0,0.158227848101266,0,0,0,0,0,0,0,0,0,0,0.164556962025316,13.8549367088608,0,0,18.7974683544304,0,47.0443037974684,0,0,0,0,0,0,0,0,0,3.13291139240506,0,0,0,0,0,0
"NOR",0,0,0,0,0,0,0,7.36075949367089,0,0.0632911392405063,0,0,0,0,0,0,0,0,0,0,0,0,0,0,0,0.11,0,0,0,0,0,0,0,0,0,0,0,0,0,0,0,0.481012658227848,0,0,0,0,0,0,0,0,0,0,0,0,0,0,0,0,0,0.613924050632911,0,0,0,0,0,0,0,0,0,0,0,0,0,0,0.6,0,0,0,0,0,0,0.0569620253164557,0,0,0,0.0189873417721519,0,0,0,0,0,0,0,0,0,0,0,0,0,0,0,0,0,0,0,0,0,0,0,0,0,0,0,0,0,0,2.89873417721519,0,0,0,0,0,0,0,0,0,0,0,0,0,0,0,0,0,0,0,0,0,0,0,0,0,1.23417721518987,0,0,0,0,0,0,0,0,0,0,0,0,0,4.21518987341772,0,0,0,121.403227848101,0,0,0,0,0,0,0,0,0,0,0,0,0,0,0,0,0,0,0,0.06,0,0,0,0,0,0,0,0,0,0,0,0,0,0
"PAK",0,1530.37974683544,0,0,0,0,62.0253164556962,0,0,0,0,0,0,0,0,0,0,0,0,0,0,0,0,0,0,23.4177215189873,0,0,46.8354430379747,0,0,0,0,0,0,0,0,0,0,0,0,0,0,0,0,0,0,0,0,0,0,0,0,0,0,0,0,0,0,19.620253164557,0,0,0,0,0,0,0,0,0,0,0,0,0,0,0,0,0,0,0,0,0,0,0,0,0,0,0,0,0,0,0,0,0,0,0,0,0,0,0,0,0,0,0,6.32911392405063,0,0,0,0,0,0,0,0,0,0,0,0,0,0,0,0,0,0,0,0,0,0,0,0,0,0,0,0,0,0,0,0,0,0,0,0,0,0,0,0,0,0,0,0,0,0,0,0,0,0,0,0,0,0,0,0,0,0,0,0,0,0,0,0,0,0,0,0,0,431.012658227848,0,0,0,0,241.772151898734,0,0,0,0,14000,0,0,0,0,0,0,0,0,0,0,0
"PAN",0,0,0,0,0,0,0,0,0,0,0,0,0,0,0,0,0,0,0,0,0,0,0,0,0,0,0,0,0,0,0,0,1.5253164556962,0,0,0,0,0,0,0,0,0,0,2.72151898734177,0,0,0,0,0,0,0,0,0,0,0,0,0,0,0,0,0,0,0,0,0,0.0569620253164557,0,0,0,0,0,0,0,0,0,0,0,0,0,0,0,5.19620253164557,0,0,0,0,0,0,0,0,0,0,0,0,0,0,0,0,0,0,0,0,0,0,0,0,0,0,0,0,0,0,0,0,0,0,0,0,0,0,0,0,0,0,0,0,0,0,0,0,0,0,0,0,0,0,0,0,0,0,0,0,0,0,0,0,0,0,0,0,0,0,0,0,0,0,0,0,0,0,0,0,0,0,0,0,0,0,0,0.0506329113924051,0,0,0,0,0,0,0,0,0.474683544303797,0,0,0,0,0,0,0,0,0,0,0,0,0,0,0,0
"CZE",0,0.0253164556962025,0,0,0,0.0253164556962025,0,314800.607531646,0,0,0,0,0,0,0,0,0,0,0,0,0,30.6139240506329,0,0,0,0.005,0,0,0,0,0.0569620253164557,0.00632911392405063,0,0,0,0,0,0.0253164556962025,0,0,0,5.3746835443038,0,0,129.66,0,0,0,0,2.75518987341772,0,0,6.45,423.220506329114,0,0,0,0,0,1804618.2821519,0,0,0,0.424050632911392,0,0,0,0,0,0,0,0,452.79082278481,25.2915189873418,0,0,0.0126582278481013,0.0253164556962025,0,0,0,23324.8974050633,0,0,0,0.892405063291139,0,0,0,0,0,0,0,0.310126582278481,0,6.4620253164557,0,0,0,265.616139240506,0,0,0,0,0.0569620253164557,0,0,0,0,0,0,0,0,34.2296202531646,0,0,41192.5171518987,0,0,0,0,0,0,0,0,0.0126582278481013,0,0,0,0,0,0,0,222230.375253165,73.1012658227848,0,0,0,0,0,70.521329113924,0,92.109746835443,0,0,0,0,0,0,0,0,104.990632911392,27573.5201898734,0,0,0.0189873417721519,389.620253164557,0,0,0,0,5172.96797468354,0,0,0,0,0,0,0,0,0,0,0,0.917721518987342,0,0,1104.37398734177,264.15746835443,19.2405063291139,0,0,5.15822784810127,0,0.0253164556962025,0,0,0,0,105.673037974684,3.24683544303798,7.575,0.01,0,0,0
"PNG",0,0,0,0,0,0,0,0,0,0,0,0,0,0,0,0,0,0,0,0,0,0,0,0,0,0,0,0,0,0,0,0,0,0,0,0,0,0,0,0,0,0,0,0,0,0,0,0,0,0,0,500.51,0,0,0,0,0,0,0,0,0,0,0,0,0,0,0,0,0,0,0,0,0,0,0,0,0,0,0,0,0,0,0,0,0,0,0,0,0,0,0,0,0,0,0,0,0,0,0,0,0,0,0,0,0,0,0,0,0,0,0,0,0,0,0,0,0,0,0,0,0,0,0,0,0,0,0,0,0,0,0,0,0,0,0,0,0,0,0,0,0,0,0,0,0,0,0,0,0,0,0,0,0,0,0,0,0,0,0,0,0,0,0,0,0,0,0,0,0,0,0,0,0,0,0,0,0,0,0,0,0,0,0,0,0,0,0,0,0,0,0,0,0,0,0
"PRY",0,0,0,0,0,0,0,0,0,0,0,0,0,0,2689.24050632911,0,321962.139240506,0,0,0,0,0,0,0,0,0,0,0,0,0,1247.51582278481,0,0,0,0,0,0,0,0,0,0,0,0,0,0,0,0,0,0,0,0,0,0,0,0,0,0,0,0,0,0,0,0,0,0,0,0,0,0,0,0,0,0,0,0,0,0,0,0,0,0,0,0,0,0,0,0,0,0,0,0,0,0,0,0,0,0,0,0,0,0,0,0,2.15,0,0,0,0,0,0,0,0,0,0,0,0,0,0,0,0,0,0,0,0,0,0,0,0,0,0,0,0,0,0,0,0,0,0,0,0,0,0,0,0,0,0,0,0,0,0,0,0,0,0,0,0,0,0,0,0,0,0,0,0,0,0,0,0,0,0,0,0,0,0,0,0,0,0,0,0,0,0,29.4303797468354,433.85,0,0,0,0,0,0,0,0,0,0,0
"PER",0,0,0,0,0,0,0.13,0,0,0,0,0,0,0,286.075949367089,0,0,0,0,0,0,0,0,0,0,0.525,0,0,0,0,92.9408860759494,0,0,0,0,0,0,0,0,0,0,0,0,0,0,2862.27025316456,0,0,0,0,0,0,0,0,0,0,0,0,0,0,0,0,0,0,0,0,0,0,0,0,0,0,0,0,0,0,0,0,0,0,0,0.327974683544304,0,0,0,4.1,0,0,0,0,0,0,0,0,0,0,0,0,0,0,0,0,0,0,0,0,0,0,0,0,0,0,0,0,0,0,0.626012658227848,0,0,0,0,0,0,0,0,0,0,0,0,0,0,0,0,0,1.29,0,0,0,0,0,0,0,0,0,0,0,0,0,0,0,0,0,0,0,0,0,39.0567721518987,0,0,0,0,0.0126582278481013,0,0,0,0,0,0,0,0,0,0,0,0,0,0,0.125,0,88.4130379746835,0,0,0,104.113924050633,0,0,0,0,0,2.405,0,0,0,0,0,0
"PHL",0,0,0,0,0,0,1.5506329113924,0,0,0,0,0,0,0,0,0,0,0,0,0,0,0,1942.55696202532,0,0,0,0,0,0,0,0,405.183544303797,0,0,0,0,0,0,0,0,0,0,0,0,0,0,0,0,0,0,0,0,0,0,0,0,0,0,0,0,0,0,0,0,0,0,0,0,0,0,0,3624.23417721519,0,0,0,0,0,0,0,0,0,0,0,0,0,0,0,0,0,0,0,0,0,0,0,0,0,0,0,0,0,0,0,228.886075949367,0,0,0,0,0,0,0,0,0,0,0,0,0,0,0,0,0,0,0,0,0,0,0,0,0,0,0,0,0,0,0,0,0,0,0,0,0,0,0,0,0,0,0,0,0,0,0,0,0,0,0,0,0,0,0,0,1.58227848101266,0,0,0,0,0,23768.3607594937,0.005,0,0,0,0,0,2.36139240506329,0,0,13.5443037974684,0,0.841772151898734,0,0,0,0,8621.8417721519,0,0,0,0,0,0,0,0,0,0,0
"POL",0,0,0,699708.915,0,0,11.6392405063291,1119.07936708861,0,0,0,0,0,0,0,0,0,0,0,0,0,50.6329113924051,0,1000,0,241.379936708861,0,0,0,0,0.253164556962025,0,0,0,0,0,0,82998.535,6.96835443037975,0.0316455696202532,0,6833.3714556962,0,0,1031.73936708861,0,0,0,0,13.256835443038,0,0,149.978164556962,2573.95120253165,0,0,0,0,4965.5,734476.038101266,0,4188.29,0,4.53664556962025,0,0,0,9035.74835443038,0,4067.35,0,0.30379746835443,42.6329113924051,1.10759493670886,3016.45411392405,0,0,0,2.2120253164557,8960.12094936709,16.9873417721519,20980.7951265823,0,67.9430379746835,0,1.32911392405063,0,0,51230.25,0,0,0,0.177215189873418,101.615253164557,0,14.873417721519,2000,0,2.45569620253165,46734.7066455696,0,0,0,0,0.0189873417721519,0,41.7594936708861,15425,0,0,12.0886075949367,286970.11,107658.955,40.0126582278481,5000,0,64166.2310126582,0,0,1.89873417721519,0,0,0,0,32262.0292405063,66212.0203164557,0,0,8802.78379746835,0,0,0,0,0,53673.9109493671,0,0,0,0,0,476.547974683544,2000,1451.30943037975,0,0,0,0,1193136.73626582,15.1518987341772,7.59493670886076,0.0189873417721519,6.16,4561.29525316456,0,0,488784.18,85187.5560126582,0,0,0,486.360126582278,5.00854430379747,0,0,0,49983.6075949367,0,0.00632911392405063,0,0,0,0,87056.21,23.4177215189873,0,0,34336.8501265823,209.030126582278,5648.89253164557,0,0,9.49367088607595,0,0.00632911392405063,0,0,0,0,1698.63924050633,10800.1034177215,2.565,0,0,0,0
"PRT",0,0,0,0,0,0,0.158227848101266,197.481012658228,0,0,0,0,0,0,0,0,3.79746835443038,0,0,0,0,0,0,0,0,43.1150632911392,5889.83911392405,0,0,0,0.259493670886076,0.00632911392405063,0,0,1.55696202531646,0,0,723.829113924051,0.139240506329114,0,1.04430379746835,0,0,0,0,0,0,0,8.07594936708861,0,0,0,0,860.756329113924,0,0,0,8.84810126582278,0,25.0853164556962,0,0,0,0,0,0,0,1,0,0,0,0,0,0,0,0,0,0,0,3.9873417721519,0,11.5,0,0,0,0,0,0,0,0,0,0,0,0,0,0,0,0,361.518987341772,0,25.8924050632911,0,0,0,4.55696202531646,0,0.177215189873418,0.335443037974684,0,0.569620253164557,0,0.0316455696202532,4.0226582278481,0,0,0,5.55696202531646,0,0,0,0,0,0,0,0,0.0126582278481013,0,0,0,0,0,0,0,1.51898734177215,0,49.4810126582278,0,0,3.41772151898734,0,0,0,0,0,0,0,8574.6835443038,45.5696202531646,0.0506329113924051,0,2.73417721518987,0,0,1.53164556962025,0,2.25949367088608,43048.8443037975,0.0949367088607595,0,0,0.0126582278481013,179.571835443038,0,0,0.0126582278481013,0,0,0.537974683544304,0,0,0,0,0,0,0,0,340.59582278481,0,72.2088607594937,2.27848101265823,0,0,1186.24683544304,0,35.1582278481013,0,0.0949367088607595,0,176.434050632911,379.249620253165,0,0,0,0,0
"GNB",0,0,0,0,0,0,0,0,0,0,0,0,0,0,0,0,0,0,0,0,0,0,0,0,0,0,0,0,0,0,0,0,0,0,0,0,0,0,0,0,0,0,0,0,0,0,0,0,0,0,0,0,0,0,0,0,0,0,0,0,0,0,0,0,0,0,0,0,0,0,0,0,0,0,0,0,0,0,0,0,0,0,0,0,0,0,0,0,0,0,0,0,0,0,0,0,0,0,0,0,0,0,0,0,0,0,0,0,0,0,0,0,0,0,0,0,0,0,0,0,0,0,0,0,0,0,0,0,0,0,0,0,0,0,0,0,0,0,0,0,0,0,0,0,0,0,0,0,0,0,0,0,0,0,0,0,0,0,0,0,0,0,0,0,0,0,0,0,0,0,0,0,0,0,0,0,0,0,0,0,0,0,0,0,0,0,0,0,0,0,0,0,0,0,0
"TLS",0,0,0,0,0,0,0,0,0,0,0,0,0,0,0,0,0,0,0,0,0,0,0,0,0,0,0,0,0,0,0,0,0,0,0,0,0,0,0,0,0,0,0,0,0,0,0,0,0,0,0,0,0,0,0,0,0,0,0,0,0,0,0,0,0,0,0,0,0,0,0,0,0,0,0,0,0,0,0,0,0,0,0,0,0,0,0,0,0,0,0,0,0,0,0,0,0,0,0,0,0,0,0,0,0,0,0,0,0,0,0,0,0,0,0,0,0,0,0,0,0,0,0,0,0,0,0,0,0,0,0,0,0,0,0,0,0,0,0,0,0,0,0,0,0,0,0,0,0,0,0,0,0,0,0,0,0,0,0,0,0,0,0,0,0,0,0,0,0,0,0,0,0,0,0,0,0,0,0,0,0,0,0,0,0,0,0,0,0,0,0,0,0,0,0
"ERI",0,0,0,0,0,0,0,0,0,0,0,0,0,0,0,0,0,0,0,0,0,0,0,0,0,0,0,0,0,0,0,0,0,0,0,0,0,0,0,0,0,0,0,0,0,0,0,0,0,0,0,0,0,0,0,0,0,0,0,0,0,0,0,0,0,0,0,0,0,0,0,0,0,0,0,0,0,0,0,0,0,0,0,0,0,0,0,0,0,0,0,0,0,0,0,0,0,0,0,0,0,0,0,0,0,0,0,0,0,0,0,0,0,0,0,0,0,0,0,0,0,0,0,0,0,0,0,0,0,0,0,0,0,0,0,0,0,0,0,0,0,0,0,0,0,0,0,0,0,0,0,0,0,0,0,0,0,0,0,0,0,0,0,0,0,0,0,0,0,0,0,0,0,0,0,0,0,0,0,0,0,0,0,0,0,0,0,0,0,0,0,0,0,0,0
"QAT",0,31.6455696202532,0,0,0,0,0,0,0,0,0,0,0,0,0,0,0,0,0,0,0,0,0,0,0,0,0,0,0,0,0,0,0,0,0,0,0,0,0,0,0,0,0,0,0,0,0,0,0,0,0,0,0,0,0,0,0,0,0,0,0,0,0,0,0,0,0,0,0,0,0,0,0,0,0,0,0,0,0,0,0,0,0,0,0,0,0,0,0,0,0,0,0,0,0,0,0,0,0,0,0,0,0,0,0,0,0,0,0,0,0,0,0,0,0,0,0,0,0,0,0,0,0,0,0,0,0,0,0,0,0,0,0,0,0,0,0,0,0,0,0,0,0,0,0,0,0,15.8227848101266,0,0,0,0,0,0,0,0,0,0,0,0,0,0,0,0,0,0,0,0,0,0,0,0,30.379746835443,0,0,0,0,0,0,0,0,0,0,0,0,0,0,0,0,0,0,0,0,0,0
"ZWE",0,0,0,0,0,0,0,0,0,0,0,0,0,0,0,0,0,0,0,0,0,0,0,0,0,0,0,0,0,0,0,0,0,0,0,0,0,0,0,0,0,0,0,0,0,0,0,0,0,0,0,0,0,0,0,0,0,0,0,0,0,0,0,0,0,0,0,0,0,0,0,0,0,0,0,0,0,0,0,0,0,0,0,0,0,0,0,0,0,0,0,0,0,0,0,0,0,0,0,0,0,0,0,0,0,0,0,0,0,0,0,0,0,0,0,0,0,0,0,0,0,0,0,0,0,0,0,0,0,0,0,0,0,0,0,0,0,0,0,0,0,0,0,0,0,0,0,0,0,0,0,0,0,0,0,1000.01265822785,0,0,0,0,0,0,0,0,0,0,0,0,0,0,0,0,0,0,0,0,0,0,0,0,0,0,0,0,0,0,0,41.5,0,0,0,0,0,0,0
"ROU",0.158227848101266,0,0,28002.745,0,0,0,27099.823164557,0,0,0,15246.7,0,0,0,0,0,0,0,0,0,2602.34107594937,3563.54,0,0,9.14493670886076,0,0,72725.355,0,0,0,0,0,0,0,0,0,24674.7536708861,0,0,4.34158227848101,0,0,14.6012658227848,0,1305261.085,0,0,0,0,0,0.179556962025316,62763.9474050633,0,17421.275,0,0,0,48549.6165822785,0,0,0,68822.8717721519,0,0,0,0,0,0,0,0,12801.9790506329,46.0113924050633,0,0,3487.97,0,0,203.748670886076,371918.92,205766.386265823,0,0,0,0,679659.35,0,0,446.34,0,281258.765,0,0,0,179756.61,0,0,122082.355,0,0,0,0,26869.83,0,0,0,11750,0,0,0,72678.105,0,2312.49398734177,0,0,67300.6259493671,0,0,16,0,0,0,0,17600,10.0953164556962,95342.365,0,1209.05,0,0,0,334542.23,5688.76018987342,6398.92987341772,0,0,0,10250,0,0,0,0,0,0,0,0,10598.225,0,0,0,0,3835.09398734177,0,0,0,212414.949113924,0,0,0,9.5126582278481,12.7392405063291,3750,0,0,0.0886075949367089,158721.905,0,0,0,20262.03,104357.075,89795.6480379747,108058.235,0,0,48234.465,238.68,17.4632911392405,0,0,0,0,115908.015,115557.045,44731.025,0,0,18386.9567088608,79.3782278481013,193.029810126582,0,375041.79,0,0
"RWA",0,0,0,0,0,0,1.26582278481013,0,0,0,0,0,0,0,0,0,0,0,0,0,0,0,0,0,0,0,0,0,0,0,0,0,0,0,0,0,0,0,0,0,0,0,0,0,0,0,0,0,0,0,0,0,0,0,0,0,0,0,0,0,0,0,0,0,0,0,0,0,0,0,0,0,0,0,0,0,0,0,0,0,0,0,0,0,0,0,0,0,0,0,0,0,0,0,0,0,0,0,0,0,0,0,0,0,0,0,0,0,0,0,0,0,0,0,0,0,0,0,0,0,0,0,0,0,0,0,0,0,0,0,0,0,0,0,0,0,0,0,0,0,0,0,0,0,0,0,0,0,0,0,0,0,0,0,0,0,0,0,0,0,0,0,0,0,0,0,0,0,0,0,0,0,0,0,0,0,0.0379746835443038,0,59.493670886076,0,0,0,0,0,0,0,81230.6616455696,0,0.430379746835443,0,0,0,0,0,0
"RUS",311680.342151899,23659.8939873418,146324.320949367,164942.7,0,0,3.82911392405063,0,0.0949367088607595,0.0886075949367089,0,1339046.06,0,0,0,0,132778.45,0,0,0,0,4693.30765822785,0.0379746835443038,25164.4240506329,434324,94.0379746835443,5000,0,238314,0,0,119982.681265823,12338.35,0,135347.595,0,0,0,33093.2912658228,1227907.55310127,17631.0606329114,3676.27,0,1779.985,136112.097848101,0,6955016.9264557,0,0,0.0379746835443038,0,0,88239.955,0.04,0,1152.42405063291,548390.702151899,21672.5,26363.9240506329,299.101582278481,0,224329.07,0,187497.898670886,0,0,0,74150,0,15854.9,0,4705.74050632911,0,0.0126582278481013,0,0.0632911392405063,1480.67,0,12371.029113924,0,509086.372531646,132780.192088608,80534,802254.070316456,0,4.70886075949367,171063.461392405,189998.117848101,494273.89,0,29387.3924050633,76681.3139240506,0.227848101265823,521803.836202532,0,141230.035506329,0,11550.5506329114,272315.311708861,142915.99,0,51353.4493670886,42652,26804.68,0,110687.414556962,9287.15221518987,95385.5,0,63209.51,180769.544936709,271364.77,218863.75,7105.86107594937,41851.805,0,2127.34462025316,0,0,0,0,0.544303797468354,84342.5525316456,0,986318.28,28996.4816455696,784896.09,0.278481012658228,0.215189873417722,0,0,49006.775,277371.5,719.10829113924,0,0,0,16067.5,41000.0063291139,6086.07594936709,28079.5606329114,69079.175,0,0.00632911392405063,0,0,0,455179.493670886,345680.5,0,25,0,0,55.2658227848101,33108.5440506329,327637.824050633,32338.2638607595,0,13053.7049367089,0,0.556962025316456,69870.9664556962,0,20005.8397468354,245.55,539017.225,157253.899683544,74633.4556962025,0,14.2405063291139,246253.539873418,90525,7306366.56234177,357787.157721519,135043.45,0,0.0379746835443038,7659.51860759494,1315.88607594937,33733,0,20274.6912025316,0,268085.443670886,149450,691464.555696203,275753.44,0,0,0,64.16,0,1011408.35,489.778481012658,0
"KNA",0,0,0,0,0,0,0,0,0,0,0,0,0,0,0,0,0,0,0,0,0,0,0,0,0,0,0,0,0,0,0,0,0,0,0,0,0,0,0,0,0,0,0,0,0,0,0,0,0,0,0,0,0,0,0,0,0,0,0,0,0,0,0,0,0,0,0,0,0,0,0,0,0,0,0,0,0,0,0,0,0,0,0,0,0,0,0,0,0,0,0,0,0,0,0,0,0,0,0,0,0,0,0,0,0,0,0,0,0,0,0,0,0,0,0,0,0,0,0,0,0,0,0,0,0,0,0,0,0,0,0,0,0,0,0,0,0,0,0,0,0,0,0,0,0,0,0,0,0,0,0,0,0,0,0,0,0,0,0,0,0,0,0,0,0,0,0,0,0,0,0,0,0,0,0,0,0,0,0,0,0,0,10240.69,0,0,0,0,0,0,0,0,0,0,0,0
"LCA",0,0,0,0,35.5696202531646,0,0,0,0,0,1382.98734177215,0,0,0,0,0,0,0,0,0,0,0,0,0,0,0,0,0,0,0,0,0,0,0,0,0,0,0,0,0,0,0,262.430379746835,0,0,0,0,0,0,0,0,0,0,0.0506329113924051,0,0,0,0,0,0,0,0,0,0,0,316.867088607595,0,0,0,0,0,0,0,0,0,0,0,0,0,0,0,0,0,0,0,0,0,0,0,0,0,0,0,0,0,0,0,0,0,0,0,0,0,0,0,0,0,0,0,0,0,0,0,0,0,0,0,0,0,0,0,0,0,0,0,0,0,0,0,0,0,0,0,0,0,0,0,0,0,0,0,0,0,14.5569620253165,0,261.46835443038,0,0,0,0,0,0,0,0,0,0,0,0,0,0,0,0,0,0,0,0,0,0,0,0,0,0,0,0,0,0,0,0,0,0,0,0,0,0,0,0,0,0,0,0,0,0,0,0,0
"VCT",0,0,0,0,1723.37974683544,0,0,0,0,0,2712.43037974684,0,0,0,0,0,0,0,0,0,0,0,0,0,0,0,0,0,0,0,0,0,0,0,0,0,0,149.594936708861,0,0,0,0,1052.61993670886,0,0,0,0,0,0,0,0,0,0,0,0,0,0,0,0,0,0,0,0,0,0,1342.85443037975,0,0,0,0,0,0,0,0,0,0,0,0,0,0,0,0,0,0,0,0,0,0,0,0,0,0,0,0,0,0,0,0,0,0,0,0,0,0,0,0,0,0,0,0,0,0,0,0,0,0,0,0,0,0,0,0,0,0,0,0,0,0,0,0,0,0,0,0,0,0,0,0,0,0,0,0,0,867.107594936709,3388.39240506329,0,0,0,0,0,0,0,0,0,0,0,0,0,0,0,0,0,0,0,0,0,0,0,0,0,0,0,0,0,0,0,0,0,0.00632911392405063,0,0,0,0,0,0,0,0,0,0,0,0,0,0,0,0
"STP",0,0,0,0,0,0,0,0,0,0,0,0,0,0,0,0,0,0,0,0,0,0,0,0,0,0,0,0,0,0,0,0,0,0,0,0,0,0,0,0,0,0,0,0,0,0,0,0,0,0,0,0,0,0,0,0,0,0,0,0,0,0,0,0,0,0,0,0,0,0,0,0,0,0,0,0,0,0,0,0,0,0,0,0,0,0,0,0,0,0,0,0,0,0,0,0,0,0,0,0,0,0,0,0,0,0,0,0,0,0,0,0,0,0,0,0,0,0,0,0,0,0,0,0,0,0,0,0,0,0,0,0,0,0,0,0,0,0,0,0,0,0,0,0,0,0,0,0,0,0,0,0,0,0,0,0,0,0,0,0,0,0,0,0,0,0,0,0,0,0,0,0,0,0,0,0,0,0,0,0,0,0,0,0,0,0,0,0,0,0,0,0,0,0,0
"SAU",0,0,0,0,0,0,0,0,0,79.993670886076,0,0,0,0,0,0,0,0,0,0,0,0,0,0,0,0,0,0,0,0,0,0,0,0,0,0,0,0,0,0,0,0,0,0,0,0,0,0,0,0,0,0,0,0,0,0,0,0,0,0,0,0,0,0,0,0,0,0,0,0,0,0,0,0,0,0,0,0,0,0,0,0,0,0,0,0,294.778481012658,0,0,0,0,0,0,0,0,0,0,0,0,0,0,0,0,0,0,0,0,0,0,0,0,0,0,0,0,0,0,0,0,0,0,0,0,0,0,0,0,0,0,0,0,0,0,0,0,0,0,0,0,0,0,0,0,0,0,0,0,0,0,0,0,0,0,0,0,0,0,0,0,0,0,0,0,0,0,0,0,0,0,0,0,0,98.0506329113924,283.803797468354,0,0,0,0,0,0,0,0,0,0,0,1127.3029113924,0,0,0,0,0,0,0,0,0
"SEN",0,0,0,0,0,0,0,0,0,0,0,0,0,0,0,0,0,0,0,0,0,0,0,0,0,0,0,0,0,0,0,0,0,0,0,0,0,0,0,0,0,0,0,0,0,0,0,0,0,0,0,0,0,0.1,0,0,0,0,1080.37974683544,0,0,0,0,0,0,0,0,22.1518987341772,0,0,0,0,0,0,0,0,0,0,0,0,0,0,0,0,0,0,0,0,0,0,0,0,0,0,0,0,0,0,0,0,0,0,0,0,0,30532.2648734177,0,0,0,0,0,0,0,0,0,0,0,0,0,0,0,0,0,0,0,0,0,0,0,0,0,0,0,0,0,22.1518987341772,0,0,0,0,0,0,0,0,0,0,0,0,0,0,0,0,0,0,0,0,0,0,0,0,0,0,0,0,0,0,0,0,0,0,0,0,0,0,0,0,133.227848101266,0,0.075,270.886075949367,0,0,0,0,0,0,0,0,0,0,0,0,0,0,0
"SYC",0,0,0,0,0,0,0,0,0,0,0,0,0,0,0,0,0,0,0,0,0,0,0,0,0,0,0,0,0,0,0,0,0,0,0,0,0,0,0,0,0,0,0,0,0,0,0,0,0,0,0,0,0,12.1772151898734,0,0,0,0,0,0,0,0,0,0,0,0,0,0,0,0,0,0,0,0,0,0,0,0,0,0,0,0,0,0,0,0,0,0,0,0,0,0,0,0,0,0,0,0,0,0,0,0,0,0,0,0,0,0,0,0,0,0,0,0,0,0,0,0,0,0,0,0,0,0,0,0,0,0,0,0,0,0,0,0,0,0,0,0,0,500,0,0,0,0,0,0,0,0,0,0,0,0,0,0,0,0,0,0,0,0,0,0,0,0,0,0,0,0,0,0,0,0,0,0,0,0,0,0,0,0,0,0,0,0,0,0,0,0,0,0,0,0,0,0,0
"SLE",0,0,0,0,0,0,0,0,0,0,0,0,0,0,0,0,0,0,0,0,0,0,0,0,0,0,0,0,0,0,0,0,0,0,0,0,0,0,0,0,0,0,0,0,0,0,0,0,0,0,0,0,0,0,0,0,0,0,0,0,0,0,0,0,0,0,0,0,0,0,0,0,0,0,0,0,0,0,0,0,0,0,0,0,0,0,0,0,0,0,0,0,0,0,0,0,0,0,0,0,0,0,0,0,0,0,0,0,0,0,0,0,0,0,0,0,0,0,0,0,0,0,0,0,0,0,0,0,0,0,0,0,0,0,0,0,0,0,0,0,0,0,0,0,0,0,0,0,0,0,0,0,0,0,0,0,0,0,0,0,0,0,0,0,0,0,0,0,0,0,0,0,0,0,0,0,0,0,0,0,0,0,0,0,0,0,0,0,0,0,0,0,0,0,0
"SVN",0,0,10.5753164556962,0,0,0,0,7529.04310126582,0,0,0,0,0,0,0,0,0,0,0,0,0,197.46835443038,0,0,0,0,0,0,0,0,0,0,0,0,0,0,0,0,0,0,0,0,0,0,0,0,0,0,0,0,0,0,0,22.89,0,0,0,0,0,367.026075949367,441.640506329114,0,0,15.5126582278481,0,0,0,0,0,0,0,23.4367088607595,1111.09582278481,5266.98227848101,0,0,0,0,0,236.677215189873,24.65,252286.592088608,0,0,0,0,0,0,0,0,0,0,0,0,0,0,0,0,31.3924050632911,0,0,0,0,15.2088607594937,0,0,0,0,0,0,0,0,0,0,0,0,68.6898734177215,0,0,90.7491772151899,0,73.5443037974684,0,0,0,0,0,0,60,0,0,0,0,37.4453164556962,0,0,0,0,0,0,9.70253164556962,0,10.2761392405063,0,0,0,0,14.5569620253165,0,0,0,0,230.323164556962,0,0,0,0,0,0,0,155.455696202532,0,0,0,0,0,6975.72784810127,0,0,0,0.189873417721519,2518.065,14.6835443037975,0,0,0,0.721518987341772,0,0,0,0,0,0,0,0,0,0,0,0.0632911392405063,0,800.906392405063,84.8714556962025,0,0,0
"SVK",0,0,0,0,0,0,0,227996.069367089,0,0,0,0,0,0,0,0,0,0,0,0,0,0.0632911392405063,0,0,0,4.82278481012658,0,0,0,0,0,0,0,0,0,0,0,0,408.65917721519,0,0,0,0,0,0,0,0,0,0,0,0,0,0,0,0,0,20.005,0,0,207749.219367089,0,0,0,0.132911392405063,0,0,0,0,0,0,0,0,212345.083797468,2399.46886075949,0,0,0,0,0,697.077151898734,0,132886.103164557,0,0.315,0,0,0,0,0,0,0,0,0,317.85,0,0,0,0,0,261.065,0,0,0,0,0,0,0.139240506329114,0,0,0,0,0,0,0,0,0,1716.49,0,0,0,0,0,0,0,0,0.721518987341772,0,0,171790.874746835,0,0,0,0,340862.259873418,0,0,0,0,0,0,35626.5056962025,0,0,0,0,0,0,0,0,0,0,3428.66132911392,0,0,0,0,0,0,0,0,12.61,8423.31784810127,0,0,0,0,0,0,0,0,0,0,0,0,0,0,830.495379746835,54.9303797468354,11.8164556962025,0,0,0,0,0,0,0,0,0,674.82,0,94.4208860759494,0,0,0,0
"SGP",0,0,0,0,0,0,24.0316455696203,0,0,0,0,1197.58860759494,0,0.10126582278481,0,0,0,0,0,0,2979.2067721519,0,470.158227848101,0,0,32.0253164556962,0,0,16.2984810126582,0,0,3.64556962025316,0,0,0,0,0,0,0,0,0,0,0,0,0,0,4.36075949367089,0,0,0,0,0,0,0,0,0,0,0,0,0,0,0,0,0.0632911392405063,0,0,0,0,0,0,0,3441.3417721519,0,0,0,2.59493670886076,15911.9074050633,0,0,0,0,0.0759493670886076,0,0,0,2.89240506329114,0,0,0,162.397848101266,0,1232.94303797468,1.10126582278481,0,0,0.968354430379747,0,0,0,0,0,0,0,35954.1579113924,459.652151898734,0,0,0,2.58860759493671,0,0,0,0,0,0,0,0,0,0.246835443037975,0,0,12.3354430379747,0,0,0,0,0,0,0.00632911392405063,3779.40506329114,0,0,186.108544303797,0,0,0,6.22151898734177,0,1.25316455696203,0,0,0,0,0,0,0,0,0,0,18.5443037974684,0,0,0,0,0,0,0,0,0,0,0,0,0,0,1028.07930379747,0,16384.2411392405,0,0,0,0,0,0,34.0379746835443,0,0,0.265822784810127,0,1248.41481012658,0,0,0,0,878.481012658228,0,0,0,0,0,0,0,0,0,0,0
"SOM",0,0,0,0,0,0,0,0,0,0,0,0,0,0,0,0,0,0,0,0,0,0,0,0,0,0,0,0,0,0,0,0,0,0,0,0,0,0,0,0,0,0,0,0,0,0,0,0,0,0,0,0,0,0,0,0,0,0,0,0,0,0,0,0,0,0,0,0,0,0,0,0,0,0,0,0,0,0,0,0,0,0,0,0,0,0,0,0,0,0,0,0,0,0,0,0,0,0,0,0,0,0,0,0,0,0,0,0,0,0,0,0,0,0,0,0,0,0,0,0,0,0,0,0,0,0,0,0,0,0,0,0,0,0,0,0,0,0,0,0,0,0,0,0,0,0,0,0,0,0,0,0,0,0,0,0,0,0,0,0,0,0,0,0,0,0,0,0,0,0,0,0,0,0,0,0,0,0,0,0,0,0,0,0,0,0,0,0,0,0,0,0,0,0,0
"ZAF",0,0,0,0,0,0.19620253164557,589.974683544304,0,0,0.0253164556962025,0,0,0,0,0,27656.6093670886,0,0,0,0,0,0,0,0.0126582278481013,0,1.4746835443038,0,0,0,0,0,0,20.506329113924,0,65.0126582278481,0,0,0,0,0,0,0,0,0,0,0,0,0,0,0,0,0,0,0,0,0,0.00632911392405063,11.8291139240506,0,0,0,57.8101265822785,0,0,0,0,0,0.00632911392405063,0,0,0,0,0,0,0,0,0,0,0,0.107594936708861,0,0.069620253164557,0,0,0,0,0,0,24.1493670886076,0,0,0,1.4493670886076,0,0,0,55443.5132278481,0,0,0,0,18.8924050632911,170.22253164557,0.00632911392405063,0,0.0316455696202532,0,0,4.60759493670886,0,0,0,7471.9079113924,0,13459.6487341772,0,0.265822784810127,0,0,0,0,1.67721518987342,0,0,3.84715189873418,0,0,0,0,0,0,0,0,0,0,0,0,0,0.265822784810127,110502.198481013,0,0.0253164556962025,0,0,0,0,0,0,0.00632911392405063,25.4810126582278,0,0,0,0,0.0189873417721519,0,0,0,0,38065.9884177215,0,0,0,0,0,0.0949367088607595,0,0,0,0,1.30379746835443,0,0,11.2784810126582,5.75316455696202,0,0.715189873417721,0,22.0366455696203,0,0,0,0,0,0.139240506329114,0,865.258481012658,33725.6360759494,0,0,0,0,0,0,0
"ESP",0,0,0,2776.08417721519,0,16.05,1.27848101265823,3164.59493670886,0,0.246835443037975,0,0,0,0,0,0,0,0,0,0,0,5.53,0,0,1005.06329113924,116.364430379747,274.974683544304,0.0126582278481013,0,3.51898734177215,0.069620253164557,0,0,0,0,0,0.911392405063291,719.170886075949,1.27854430379747,0,5892.4746835443,35.5,0,7339.54430379747,0,1626.26582278481,3097.11860759494,0,540.025316455696,0.00632911392405063,0,0,5.40506329113924,83281.4833544304,0,0,0.0189873417721519,28.4240506329114,0,1837.19632911392,145.411392405063,0,0,3634.01860759494,0,0,0,1.64556962025316,0,0,1.39240506329114,0.08,1.0126582278481,0,0,0,0,17.5,554.415,2.31012658227848,0.15,90388.3833544304,24035.1265822785,0,0,12.5126582278481,0,0,0,0,0,2.59493670886076,0.0379746835443038,0,0,0,0,0,11627.5229113924,30.27,0,0,0,0,1.08860759493671,20139.2151898734,0.651898734177215,15747.9936708861,0.39873417721519,0.0189873417721519,0,16212.3239873418,0.0379746835443038,0,15.506329113924,0,1959.1446835443,0,11.45,0,0,0,0,0,0.0253164556962025,7.61392405063291,0,0,405.607594936709,0,0.0253164556962025,23.8924050632911,4.15822784810127,1910.12025316456,194430.228291139,117.246835443038,0,0,0.0379746835443038,0,4.78512658227848,0,0,0,0,0,0,1.27848101265823,12425.417721519,0,0,0,0,0,0,32.5470253164557,0,0,0,0,5.7746835443038,56.3341139240506,0,0,0,0,0.0632911392405063,0,0,0,0.0379746835443038,139445.22,84.8028481012658,0.145569620253165,0,0,4278.61360759494,0.09,43.1962025316456,0,2.4,0,205.816455696203,0,0,0,0.563291139240506,0,25204.1596202532,523.368481012658,0,0,0,0,0
"SUR",0,0,0,0,0,0,0,0,0,0,0,0,0,0,0,0,0,0,0,0,0,0,0,0,0,0,0,0,0,0,0,0,0,0,0,0,0,0,0,0,0,0,0,0,0,0,0,0,0,0,0,0,0,18.9873417721519,0,0,0,0,0,0,0,0,0,0,0,0,0,0,0,0,0,0,0,0,0,0,0,0,0,0,0,0,0,0,0,0,0,0,0,0,0,0,0,0,0,0,0,0,0,0,0,0,0,0,0,0,0,0,0,0,0,0,0,0,0,0,0,0,0,0,0,0,0,0,0,0,0,0,0,0,0,0,0,0,0,0,0,0,0,0,0,0,0,0,0,0,0,0,0,0,0,0,0,0,0,0,0,0,0,0,0,0,0,0,0,0,0,0,0,258.784810126582,0,0,0,0,0,0,0,0,0,0,0,0,0,0,0,0,0,0,0,0,0,0,0,0,0
"TJK",0,0,0,0,0,0,0,0,0,0,0,0,0,0,0,0,0,0,0,0,0,0,0,0,0,0,0,0,0,0,0,0,0,0,0,0,0,0,0,0,0,0,0,0,0,0,0,0,0,0,0,0,0,0,0,0,0,0,0,0,0,0,0,0,0,0,0,0,0,0,0,0,0,0,0,0,0,0,0,0,0,0,0,0,0,0,0,0,0,0,0,0,0,0,0,0,0,0,0,0,0,0,0,0,0,0,0,0,0,0,0,0,0,0,0,0,0,0,0,0,0,0,0,0,0,0,0,0,0,0,0,0,0,0,0,0,0,0,0,0,0,0,0,0,0,0,0,0,0,0,0,0,0,0,0,0,0,0,0,0,0,0,0,0,0,0,0,0,0,0,0,0,0,0,0,0,0,0,0,0,0,0,0,0,0,0,0,0,0,0,0,0,0,0,0
"SWZ",0,0,0,0,0,0,0,0,0,0,0,0,0,0,0,0,0,0,0,0,0,0,0,0,0,0,0,0,0,0,0,0,0,0,0,0,0,0,0,0,0,0,0,0,0,0,0,0,0,0,0,0,0,0,0,0,0,0,0,0,0,0,0,0,0,0,0,0,0,0,0,0,0,0,0,0,0,0,0,0,0,0,0,0,0,0,0,0,0,0,0,0,0,0,0,0,0,0,0,0,0,0,0,0,0,0,0,0,0,0,0,0,0,0,0,0,0,0,0,0,0,0,0,0,0,0,0,0,0,0,0,0,0,0,0,0,0,0,0,0,0,0,0,0,0,0,0,0,0,0,0,0,0,0,0,21.7088607594937,0,0,0,0,0,0,0,0,0,0,0,0,0,0,0,0,0,0,0,0,0,0,0,0,0,0,0,0,0,0,0,0,0,0,0,0,0,0,0
"SWE",0,0,0,122926.41,0,0,0,4.5,0,0,0,0,0,0,0,0,0,0,0,0,0,0,0,0,0,0.102658227848101,0,0,0,0,0,0.125,0,0,0,0,0,0,0,0,0,75751.3043037975,0,0,0,0,0,0,0,42.5367088607595,15450,0,349.741075949367,4280.9746835443,0,0,0,0,0,121058.021518987,19.4113924050633,0,0,0,0,0,0,0,0,0,0,0.0316455696202532,0.670886075949367,0,2834.39892405063,0,0,0,0,20050.37,0,0.0113291139240506,0,0,0,0.035,0,0,0,0,0,0.263164556962025,0,31.7754430379747,0,0,0,0,0,31294.1251898734,0,0,0,0,0,0,0.486012658227848,23500,0,0,0,14100.355,0,0,0,0,60805.69,0,0,0,0,0,0,0,0,69687.8015189873,0,0,0,0,0,0,0,9237.37721518987,14570.4166455696,0,0,0,0,0,0,0,0,0,0,0,0,0,0,0,0,0.005,0.113924050632911,0.04,0,0,176601.620506329,0,0,0,0,2.97424050632911,0,0,0,0,0,0,0,0,0,0,0.035,0.005,0,0,57525.663164557,0,0.035,0,0,0,0,0,0,0,0,0,19458.76,1.81012658227848,6.64556962025316,0,0,0,0
"CHE",0,0,0,0,0,0,1.0446835443038,10587.2475949367,0,0,0,0,0,0,0,0,0,0,0,0,0,0,0,0,0,0,0,0,0,0,0,91.753164556962,0,0,0,0,0,0,0,0,0,0.015,0,0,0,0,0,0,0,0,0,0,0.05,6134.86797468354,0,0,0,0,0,490.60164556962,0,0,0,0,0,0,0,0,0,0,0,145.389746835443,14.2461392405063,0.02,0,0,0,0,0,0,0,28.6910126582278,0,0,0,0,0,0,0.00632911392405063,0,0,0,0,0.01,0,0,0,0,0,3.3,0,0,0,0,0,0,0,0,0,0,0,0,0,0,0,0,9.87075949367089,0,0,0,0,0,0,0,0.0632911392405063,0,0,0,316.376012658228,0,0,0,0.0316455696202532,0.151329113924051,0.00632911392405063,0,0,0,0,0,0.015,0,0,0,0,0,0,0,0,0,0,0,0.005,0,0,0,2.28848101265823,0,0,0,7.14696202531645,0,0,0,0,0,0,0,0,0,0,0,3.96,0,0,0,2.02740506329114,0.005,0.00632911392405063,0,0,0,0,0,0,0,0,0,0.30746835443038,0.365759493670886,0,0,0,0,0
"SYR",1.07594936708861,0,0,0,0,0,0,0,0,0,0,0,0,0,0,0,0,0,0,0,0,0,0,0,0,0,0,0,0,0,0,0,0,0,0,0,0,0,0,0,0,0,0,0,0,0,0,0,0,0,0,0,0,0,0,0,0,0,0,0.65,0,0,0,0,0,0,0,0,0,0,0,0,0,0,0,0,0,0,0,0,0,0,0,0,0,0,109.63,0,0,0,0,0,0.126582278481013,0,0,201.253164556962,0,0,0,0,0,0,0,0,0,0,0,0,0,0,0,0,0,0,0,0,0,0,0,0,0,0,0,0,0,0,0,0,0,0,0,0,0,0,0,0,0,0,0,0,0.06,0,0,0,0,0,0,2456.72151898734,0,0,0,0,0,0,0,0,0,0,0,0,0.106329113924051,0,0,0,0,0,0,0,0,0,0,0,80567.925,29.7974683544304,0,0,0,0,0,0,0,0,0,0,0,0,0,0,8.5376582278481,0,0,0,0,0,0
"TKM",0,0,0,0,0,0,0,0,0,0,0,0,0,0,0,0,0,0,0,0,0,0,0,0,0,0,0,0,0,0,0,0,0,0,0,0,0,0,0,0,0,0,0,0,0,0,0,0,0,0,0,0,0,0,0,0,0,0,0,0,0,0,0,0,0,0,0,0,0,0,0,0,0,0,0,0,0,0,0,0,0,0,0,0,0,0,0,0,0,0,0,0,0,0,0,0,0,0,0,0,0,0,0,0,0,0,0,0,0,0,0,0,0,0,0,0,0,0,0,0,0,0,0,0,0,0,0,0,0,0,0,0,0,0,0,0,0,0,0,0,0,0,0,0,0,0,0,0,0,0,0,0,0,0,0,0,0,0,0,0,0,0,0,0,0,0,0,0,0,0,0,0,0,0,0,0,0,0,0,0,0,0,0,0,0,0,0,0,0,0,0,0,0,0,0
"TWN",0,0,0,0,0,0.113924050632911,141.322784810127,0,0,0,0,0.0316455696202532,0,0,0,0,0,0,0,0,1.31645569620253,0,0,0,0,112.253164556962,0,0,0,0,1.12025316455696,13.3291139240506,0,0,0,0,0.0822784810126582,0,0,0,0,0,0,0,0,0,0,0,0,0,0,0,0,0,0.069620253164557,14.620253164557,0,0,0,0,0,0.316455696202532,0,0,0,0,0,0,0,0,0,26798.6835443038,0,0,0,0.265822784810127,0.0569620253164557,0,0,0.113924050632911,0,0,0,0,0,0,0,0,0,0.0443037974683544,0,0,0,0,0,0,0.417721518987342,0,0,0,1481.48734177215,0,0,1267.14164556962,0,0,0,0,0.322784810126582,0,0,0,0,0,0,0,22.1835443037975,0,0,0,0,5.06329113924051,0,0,0,0,0,0.0822784810126582,0,0.0316455696202532,0,0,622.810126582278,0,0,0,0,0,0,0,0,0,0,0,0,0,0,0,0.5,0.253164556962025,0,0,0,861.922594936709,0,1.81012658227848,0,0,0,0,0.322784810126582,0,0,0,0,0,79.0886075949367,0,0,0.487341772151899,0,0,0,224.822784810127,0,0.00632911392405063,37.1329113924051,0,792.848101265823,0,0,0,0,20.626582278481,14.620253164557,0,0,0,0,0,0,0,0,0,0
"TZA",0,0,0,0,0,0,0,0,0,0,0,0,0,0,0,0,0,0,0,0,0,0,0,3513.87974683544,0,0,0,0,0,0,0,0,0,226.582278481013,0,0,0,0,0,0,0,0,0,0,0,0,0,0,0,0,0,0,0,0.341772151898734,0,0,0,0,0,0,0,0,0,0,0,0,0,0,0,0,0,0,0,0,0,0,0,0,0,0,0,0,0,0,0,0,0,0,0,0,0,0,0,0,0,0,0,0,0,0,0,0,18.9873417721519,0,0,0,0,0,0,0,0,0,22.9430379746835,0,0,0,0,0,0,0,0,0,0,0,0,0,0,0,0,0,0,0,0,0,0,0,0,0,0,0,0,531.527215189873,0,0,0,0,0,0,0,0,0,0,0,0,0,0,0,0,0,0,0,0,0,0,0,0,0,0,0,0,0.430379746835443,0,0,0.189873417721519,302.03,0,0.00632911392405063,0,0,0,0,0,0,0,0,0,30381.9810126582,0,0,0,0,0,500,0,0
"THA",0,0,0,0,0,0,57.746835443038,1.00632911392405,0,1.4620253164557,0,8.55132911392405,0,0,0,0,0,0,0,0,0,0,1858.74683544304,0,0,0.272151898734177,0,0,0.00632911392405063,0,0,832.253164556962,0,0,0,0.00632911392405063,0,0,0,0,0,3.42405063291139,0,0,0,0,0.949367088607595,0,0,8.32911392405063,0,0,1.89873417721519,6.09493670886076,8.29113924050633,0,0,0,0,47.5030379746835,0,0,0,0,0,0,0,0,0,0,0,1221.30683544304,0,0,0,3.90974683544304,4.64556962025316,0,4.9746835443038,0,25.8037974683544,0,0,0,0,15.953164556962,2.5506329113924,0,0,2538.4746835443,0,45.2341772151899,2.34810126582278,0,7667.93670886076,0.316455696202532,0,0,0,0,1.63924050632911,0.886075949367089,0,795.493670886076,8.17721518987342,0,0,0,0,0,0,0,0,0,0,1.36708860759494,99.3924050632911,0,3.17088607594937,0,0,295.449367088608,0,0,1.30379746835443,75.2025316455696,40.6329113924051,0,5.06329113924051,0.639240506329114,0,0,0.0189873417721519,0.0126582278481013,0,0,0,0,5.11759493670886,0,0,0,0.0189873417721519,0,0,0,0,15.2151898734177,0,0,0,0,0,3004.62025316456,0,1.65189873417722,0.00632911392405063,0,0,0,101.819936708861,24.8291139240506,0,0,401.829113924051,0,0,0.00632911392405063,0,0,1.65189873417722,0,0,13.8037974683544,0,0,32.8987341772152,0.145569620253165,150.594936708861,0,0,0,0,1694.11594936709,0,0,0,0,2.25949367088608,0,0,0,0,0.00632911392405063,0
"TGO",0,0,0,0,0,0,0,0,0,0,0,0,0,0,0,0,0,0,0,0,0,0,0,0,0,0,0,0,0,0,0,0,0,0,0,0,0,0,0,0,642.721518987342,0,0,0,0,0,0,0,0,0,0,0,0,0,0,0,0,0,0,0,0,952.689873417722,0,0,0,0,0,0,0,0,0,0,0,0,0,177.215189873418,0,0,0,0,0,0,0,0,0,0,0,0,0,0,0,0,0,0,0,0,0,0,0,0,0,0,0,0,0,0,0,0,0,0,0,0,0,0,0,0,0,0,0,0,0,0,0,17176.9620253165,0,0,0,0,0,0,0,0,0,0,0,0,0,0,0,0,0,0,0,0,0,0,0,0,0,0,0,0,0,0,0,0,0,0,0,0,0,0,0,0,0,0,0,0,0,0,0,0,0,0,0,0,0,0,0,17724.6835443038,0,0,0,0,0,0,0,0,0,0,0,0,0,0,0
"TON",0,0,0,0,0,0,0,0,0,0,0,0,0,0,0,0,0,0,0,0,0,0,0,0,0,0,0,0,0,0,0,0,0,0,0,0,0,0,0,0,0,0,0,0,0,0,0,0,0,0,0,0,0,0,0,0,0,0,0,0,0,0,0,0,0,0,0,0,0,0,0,0,0,0,0,0,0,0,0,0,0,0,0,0,0,0,0,0,0,0,0,0,0,0,0,0,0,0,0,0,0,0,0,0,0,0,0,0,0,0,0,0,0,0,0,0,0,0,0,0,0,0,0,0,0,0,0,0,0,0,0,0,0,0,0,0,0,0,0,0,0,0,0,0,0,0,0,0,0,0,0,0,0,0,0,0,0,0,0,0,0,0,0,0,0,0,0,0,0,0,0,0,0,0,0,0,0,0,0,0,0,0,0,0,0,0,0,0,0,0,0,0,0,0,0
"TTO",0,0,0,0,847.348101265823,0,0,0,0,0,1340.28481012658,0,0,0,0,0,0,0,0,0,0,0,0,0,0,0,0,0,0,0,0,0,0.0126582278481013,0,0,0,0,0,0,0,0,0,83.8037974683544,0,0,0,0,0,0,0,0,0,0,0,0,0,0,0,0,0,0,0,0,0,0,0.848101265822785,0,0,2928.20886075949,0,0,0,0,0,0,0,0,0,0,0,0,0,0,0,156.398734177215,0,0,0,0,0,0,0,0,0,0,0,0,0.0189873417721519,0,0,0,0,0,0,0,0,0,0,0,0,0,0,0,0,0,0,0.0379746835443038,0,0,0,0,0,0,0,0,0,0,0,0,0,0,0,0,0,0,0,0,0,0,0,0,0,0,0,13.6962025316456,0.126582278481013,0,0,0,0,0,0,0,0,0,0,0,1135.35443037975,0,0,0,0,0,0,0,0,0,0,0,0,0,0,0,0,0,0,0,0,387.360759493671,0,0,0,1.0126582278481,0,0,0,0,0,0,0,0,0,0,0,0
"OMN",0,0,0,0,0,0,0.0759493670886076,0,0,2.61392405063291,0,0.955696202531646,0,0,0,0,0,0,0,0,0,0,0,0,0,0,0,0,0,0,0,0.113924050632911,0,0,0,0,0,0,7,0,0,0.0822784810126582,0,0,0,0,0,0,0,0,0,0,0,0.379746835443038,0,1794.93670886076,0,0,0,1.71518987341772,0,0,0,0,0,0,0,0,0,0,0,0,0,0,0,14.5443037974684,0,0.0949367088607595,15.1898734177215,0,0,0,0,0,0,0,1128.22784810127,0,1929.58860759494,0,0,0,333.196202531646,0,0,0,0,0,0,0,0,0,0,0,0,0,0,0,0,0.759493670886076,0,0,0,0,0,0,0,0,0,0,0,0,0,0,0,0,0.886075949367089,0,0,0,0,0,0,0,0,0,0,0,9085.71620253164,0,0,15.4430379746835,1.12025316455696,0,0,0,0,2326.39746835443,0,0,0,0,0,0.0632911392405063,108824.53164557,0,0,0,0,0,0.348101265822785,0,0,0,0,358.354430379747,0,0,0,0,0,37.9746835443038,0,8469.54626582278,0,0,0.253164556962025,0,1.11392405063291,0,0,0,0,0,0,200630.262658228,0,0,0,0,0,0,0,0,0
"TUN",0,0,0,0,0,0,0,0,0,0,0,0,0,0,0,0,0,0,0,0,0,0,0,0,291.139240506329,52.9746835443038,0,0,0,0,0,0,0,0,0,0,0,0,0,0,29.1139240506329,0,0,0,0,0,0,0,0,0,0,0,0,126.79746835443,0,0,0,0,0,0,0,0,0,0,0,0,0,0,0,0,0,0,0,0,0,0,0,0,0,0,0,0,2806.64556962025,0,0,0,20.3670886075949,0,0,0,0,0,0,0,0,0,0,0,2746.83544303797,0,0,930.379746835443,0,0,0,2518.98734177215,0,0,0,0,0,0,0,0,0,0,0,0,0,0,0,0,0,0,0,0,0,0,0,0,0,0,0,0,0,0,0,0,7.08860759493671,0,0,0,0,0,0,0,0,0,0,0,0,0,0,0,0,0,0,0,0,0,0,0,0,0,0,0,0,0,0,0,0,0,0,0,0,0,0,0,0,0,0,0,0,0,0,0,0,0,0,0,0,0,0,0,0
"TUR",0,27738.3734177215,479.094936708861,60.6772151898734,1.84177215189873,0,37.126582278481,22.620253164557,5.92405063291139,333.898734177215,0.19620253164557,3.27917721518987,0,0,0,0,0.0949367088607595,0,91.7341772151899,0,0.189873417721519,39.2525316455696,5768.61392405063,0,2496.5253164557,728.511329113924,1.45569620253165,97.4683544303797,4313.29113924051,3376.83544303797,1371.28481012658,1963.62,0.164556962025316,8543.16455696203,1988.3164556962,0,1304.43037974684,25316.4746835443,10141.7113924051,923.007848101266,127581.54664557,9.82278481012658,0,2501.11392405063,0.348101265822785,295.348101265823,18826.860443038,0,29049.4746835443,0.175,0,0,0.620253164556962,102.873101265823,0,142288.449367089,283.758924050633,43.006329113924,635.537974683544,424.055,6.45569620253165,84995.829113924,416.455696202532,4.53164556962025,0,0,0,445.113924050633,189.196202531646,32332.9873417722,0,615.367088607595,0.02,1.35411392405063,0.03,111.258924050633,13875.5763924051,110.816455696203,1732050.33481013,1.40506329113924,37814.5556329114,34531.9084810127,1838.63924050633,79.9240506329114,15.1898734177215,1.70772151898734,1026.05696202532,9.56962025316456,49958.7405063291,0,0,4878.63126582278,2946.32911392405,0.035,0,11879.2151898734,0,4066.04430379747,32654.6518987342,0.0949367088607595,0,39653.1962025316,0.126582278481013,10520.417721519,2134.50632911392,1927.06962025316,17.8708227848101,3.68354430379747,18.6962025316456,14.6708860759494,0,14497.0279113924,136.588607594937,1.44303797468354,0,0.04,318.606075949367,0,0,5.07329113924051,0,117.715189873418,0,4334.00632911392,16.5569620253165,35.4575316455696,0.322151898734177,375.949367088608,0,1734.93670886076,0,0,9886.30379746835,0,3.91139240506329,1230.92405063291,0,22373.417721519,6953.08329113924,0,0.322784810126582,3983.27215189873,1652.67025316456,0.00632911392405063,0,0.221518987341772,1049.63924050633,5705.28481012658,10233.5759493671,61.7088607594937,52931.7884810127,0,0.005,7852.20120253165,123534.03164557,1928.99367088608,0.58506329113924,440.139240506329,0.0759493670886076,0,86.5253164556962,20.5593037974684,333412.667341772,91.2215189873418,0.213607594936709,42047.0429746835,12556.3101265823,6376.12025316456,502.53164556962,3435.1329113924,1589.72626582279,31.5316455696203,0,7348.50537974684,6856.70886075949,0,8647.09734177215,15032.9284810127,1116.36360759494,5310.79113924051,0,1.18354430379747,168764.063987342,2035.09493670886,3764.24683544304,387074.607594937,286.094936708861,6.33544303797468,5162.98797468354,0.158227848101266,0.511329113924051,61.8860759493671,2917.99367088608,1641.74683544304,62827.0443037975
"ARE",3.16107594936709,7.54664556962025,0,0,0,95,66.1708860759494,0,0,20232.0584177215,0,0.0189873417721519,0,0,0,0,0,0,0.69620253164557,0,0,0,0,0.848101265822785,7.4493670886076,10628.303164557,0,0.069620253164557,8439.525,0.265822784810127,0,140.240506329114,0,36.4746835443038,4.12025316455696,0,0,0,0,2.84411392405063,2.17721518987342,0,0,0,0,0,7493.85917721519,0,6.84177215189873,0,0,0,0,1.43037974683544,0,14018.9188607595,4.68354430379747,0.0822784810126582,20.8735443037975,1.26582278481013,0,1.44303797468354,0,0,0,0,0,21.8227848101266,0,0,0,51.746835443038,0,0,0,750.936708860759,0,16.846329113924,1562.13924050633,115.341772151899,0,0,5.69620253164557,0,0,2.90506329113924,2130.72151898734,0,73.2101265822785,0,0,101.086139240506,3936.00044303797,0,0,188.43670886076,0,54.9037341772152,0.158227848101266,0,0,3.12658227848101,0,5.16455696202532,126.474430379747,0.075,357.348101265823,0,0.556962025316456,0,0,0,59.9303797468354,0,0,0,0.518987341772152,0,0,0,0,0,0,0.0253164556962025,23.6954430379747,110.189873417722,31,0,0,0,0,0,348.708860759494,0,0,0,0,127.210126582278,15.4240506329114,0,0,0.0949367088607595,30121.05,0,0,0,0,27359.6056329114,54.7848101265823,1966.26120253165,8.08227848101266,0,0,0.120253164556962,27646.0184177215,26.0696202531646,0.784810126582278,0,0,0,19.4746835443038,0,0.632911392405063,87.9746835443038,6142.62025316456,185.116455696203,511.11746835443,0.0443037974683544,0,0,18564.1733544304,0.005,18.2721518987342,0,4.0126582278481,0,181.382341772152,0,1791.06632911392,0,0,0.854430379746835,0,0,12.9250632911392,12654.7734177215,15.9410759493671,0.177215189873418,0,0,0,0,14.9196202531646,12.8924050632911,0
"UGA",0,0,0,0,0,0,0,0,0,0,0,0,0,0,0,0,0,0,0,0,0,0,0,0,0,0,0,0,0,0,0,0,0,0,43.6012658227848,0,0,0,0,0,0,0,0,0,0,0,0,0,0,0,0,0,0,0,0,0,0,0,0,0,0,0,0,0,0,0,0,0,0,0,0,0,0,0,0,0,0,0,0,0,0,0,0,0,0,0,0,0,6.41582278481013,0,0,0,0,0,0,0,0,0,0,0,0,0,0,0,0,0,0,0,0,0,0,0,0,0,0,0,0,0,0,0,0,0,0,0,0,0,0,0,0,0,0,0,0,0,0,0,0,0,0,0,0,0,0,0,0,0,0,0,0,0,0,0,0,0,0,0,0,0,0,0,0,0,0,0,0,0,0,0,0,0,0,0,0,0,0,0,0,0,0,0,0,0,0,0,0,0,9647.07594936709,0,0.015,0,0,0,60.746835443038,26501.5696202532,0
"TUV",0,0,0,0,0,0,0,0,0,0,0,0,0,0,0,0,0,0,0,0,0,0,0,0,0,0,0,0,0,0,0,0,0,0,0,0,0,0,0,0,0,0,0,0,0,0,0,0,0,0,0,0,0,0,0,0,0,0,0,0,0,0,0,0,0,0,0,0,0,0,0,0,0,0,0,0,0,0,0,0,0,0,0,0,0,0,0,0,0,0,0,0,0,0,0,0,0,0,0,0,0,0,0,0,0,0,0,0,0,0,0,0,0,0,0,0,0,0,0,0,0,0,0,0,0,0,0,0,0,0,0,0,0,0,0,0,0,0,0,0,0,0,0,0,0,0,0,0,0,0,0,0,0,0,0,0,0,0,0,0,0,0,0,0,0,0,0,0,0,0,0,0,0,0,0,0,0,0,0,0,0,0,0,0,0,0,0,0,0,0,0,0,0,0,0
"GBR",0,0,0,16000,0,0,13.1723417721519,59.7974683544304,0,209.15082278481,0.246898734177215,0,0,0,0,0,115.803797468354,0,0,0,4.27848101265823,9.09493670886076,0,0,0,3.9720253164557,0,0,0,0,0,13.0221518987342,0,0,0,0,0,0,181.06746835443,0,0,4025.8867721519,0,0,0,0,0,0,0,125.310126582278,46.5189873417722,0,37.5817088607595,9463.23120253165,0,8.94303797468354,0,0,0,5496.08734177215,0,325.764936708861,0,213.879240506329,0,0,0,0,0,0,0,22.2198734177215,791.903734177215,0.0443037974683544,2931.3103164557,21.625,0,0,0,366368.525632911,229.956329113924,9195.26683544304,1.39873417721519,0,0,76.1392405063291,48.1772151898734,0,4.39873417721519,0,0,6.4746835443038,98.3414556962025,0.0759493670886076,0,13.0526582278481,0,0.125,0,0.888607594936709,0,0,0,174.697594936709,0,0.291139240506329,123.755886075949,0,0,0,0,0,0,0,0,0,48974.5218987342,0,0,0.436708860759494,0,0.005,0,0,53277.335443038,19.2089240506329,0.879746835443038,0,8.11151898734177,0,0,0,0,3876.51943037975,24286.520886076,0,0,0,2.05462025316456,0,18.4848101265823,0,308.405063291139,0,2.13924050632911,0,0,79.3641772151899,0,0,0,144.107594936709,0.265822784810127,8.99367088607595,0,14.521582278481,85045.6685443038,0,0,0,648.76329113924,9.96284810126582,0,0,0.183544303797468,0,4634.40240506329,0,0,0.575949367088608,22.0759493670886,0,0.860759493670886,589.361455696202,0,0,0,0,22.2539240506329,0,0,0,0,0,0,0,0,0,14095.515443038,0.698544303797468,0,0,0,1.13924050632911,12.3164556962025
"UKR",0,0,18782.975,55486.915,0.10126582278481,0,0,126.652848101266,0.259493670886076,0,0,1162931.715,0,0,0,0,0,0,0.0189873417721519,0,0,0.974683544303797,42176.05,0,16154.9009493671,1457.12025316456,0,0,86566.475,682.278481012658,0,12585.1044303797,7198.15,628.550632911392,0,0.0632911392405063,0,2.65822784810127,4512.71082278481,95.5253164556962,45.620253164557,0.0949367088607595,0.0632911392405063,0,3441.39183544304,16317.975,3238297.83531646,0,0,3075.17721518987,0,0,0,2.42506329113924,0,108966.220759494,646.527025316456,1500,0,5125.05183544304,0,20396.2025316456,0,85421.7587974684,0,0,0,0,91.7721518987342,0,0.00632911392405063,2496.15810126582,192.385,0.0632911392405063,0,0.00632911392405063,2765132.15981013,67159.525,171.841772151899,0,330388.383037975,190165.528544304,0,195.225,0,0.0759493670886076,143564.31,0,152465.565,182.7,0,299961.26056962,345.425,0.00632911392405063,1534.88,664204.951898734,0,1.05696202531646,512596.716582278,12.1898734177215,0,16458.0229746835,0,227326.42335443,0,0,60.0189873417721,166469.91,0,87628.55,0,1012343.90962025,92430.662278481,31197.8387974684,0,0,33852.2934177215,0,492.595,41.7721518987342,0,201.67,0,0,130299.805,11.4537974683544,1324275.49126582,0.455696202531646,191.996392405063,0,0,0,520934.909936709,3617.94512658228,0.10126582278481,0,0,14048.17,21351.5960759494,75.9493670886076,26.246835443038,1147.46835443038,0.234177215189873,0.0379746835443038,0,0.0316455696202532,15.506329113924,359975.113291139,43.6708860759494,0.272151898734177,868.386075949367,0,37.8481012658228,21109.2721518987,52693.9603797468,30003.4,305666.861582279,31.0126582278481,0,0,0.411392405063291,14800.4957594937,0,42.506329113924,5995.98911392405,102067.065632911,556332.055,0.215189873417722,0,0,115645.211329114,801043.34,1275657.31303797,54031.6412025316,6922.82974683544,0,26329.5224050633,0,40.9746835443038,60.379746835443,0,0,5179.30379746835,291354.808924051,356027.4,743032.666898734,3153.79746835443,0,0.0632911392405063,0,21.7594936708861,0.639240506329114,60327.8567088608,91.7721518987342,29289.5949367089
"USA",0,0,0,126610,127.556962025316,35.295,513.152215189873,54.1518987341772,4336.36708860759,147.848101265823,15992.5949367089,262524,0,0,4.03164556962025,0,427909.35443038,0,13153.5253164557,0,0,0,86709.02,0,0,222318.170379747,0,0,99132.5,0,276313.658227848,2496167.44936709,619128.754177215,0,6675,0,58468.8101265823,0,0,0,46,0,71.2974683544304,281665.595886076,0,360772.063291139,101834.5,159159.955696203,0,0.291139240506329,0,4.68354430379747,150.5,360.367088607595,0,62609.3417721519,34500,0,0,28.7088607594937,0,11.1392405063291,0,77.28,0,10079.9746835443,417266.772151899,16015.5,38608.8867088608,143060.653291139,287596.575949367,3510.97518987342,0,0,222.601265822785,53.7151898734177,763157.525506329,0,89.055,0,94.9430379746835,578695.82278481,0,0,179818.860759494,2437255.66151899,168.456582278481,0,45469.83,543.753164556962,0,1592466.37613924,408.38082278481,0.474683544303797,0,35.7088607594937,0,8538,0,0,0,0,0,269081.936708861,0,0,0,0,1.68987341772152,3890870.08373418,1.15822784810127,40924,10175,0,11025,0,512.924050632911,0,0,0,0,457.170886075949,43588,0,1510829.5,0,12.253164556962,141017.860759494,0,0,0,217945.151898734,3087896.1835443,0,29237.5,0,0,0,177.31582278481,0,0,0,53.8164556962025,152.848101265823,6587.63291139241,24674.9810126582,0,662.262088607595,284.810126582278,0,0,0,0,60510.0189873418,4.58227848101266,53819.1329113924,17955,12,0,0,2451.70886075949,0,0,0,1065027.41088608,0,661580.398481013,0,0,113196.794556962,24.9430379746835,28708,22.7784810126582,48634.811835443,0,0,7147.4746835443,35.1329113924051,0,0,8.04430379746835,0,298843.759493671,361919.297468354,315770,690619,0,0,24983,0,0,0,126500,0,0
"BFA",0,0,0,0,0,0,0,0,0,0,0,0,0,0,0,0,0,0,0,0,0,0,0,0,0,0,0,0,0,0,0,0,0,0,0,0,0,0,0,0,0,0,0,0,0,0,0,0,0,0,0,0,0,0,0,0,0,0,0,0,0,0,0,0,0,0,0,0,0,0,0,0,0,0,0,0,0,0,0,0,0,0,0,0,0,0,0,0,0,0,0,0,0,0,0,0,0,0,0,0,0,0,0,0,0,0,0,0,0,0,0,0,0,0,0,0,0,0,0,0,0,0,0,0,0,0,0,0,0,0,0,0,0,0,0,0,0,0,0,0,0,0,0,0,0,0,0,0,0,0,0,0,0,0,0,0,0,0,0,0,0,0,0,0,0,0,0,0,0,0,0,0,0,0,0,0,0,0,0,0,0,0,0,0,0,0,0,0,0,0,0,0,0,0,0
"URY",0,0,0,15749.05,0,0,0,0,0,0,0,0,0,0,0,0,147143.622974684,0,0,0,0,0,0,0,0,0,0,0,0,0,310.069620253165,0,0,0,0,0,0,0,0,0,0,0,0,0,0,0,16499.45,0,0,0,0,0,0,0,0,0,0,0,0,0,0,0,0,0,0,0,0,0,0,0,0,0,0,0,0,0,0,0,0,0,0,0,0,0,0,0,0,0,0,0,0,0,0,0,0,0,0,0,0,0,0,0,0,0,0,0,0,0,0,0,0,0,0,0,0,0,0,0,0,0,0,0,0,0,0,0,0,0,0,0,0,509.240506329114,0,0,0,0,0,0,0,0,0,0,0,0,0,0,0,0,0,0,0,0,0,0,0,0,0,0,0,0,0,0,0,0,1191.475,0,0,0,0,0,0,0,0,0,0,0,1.9873417721519,0,10.3291139240506,0,0,0,934.050632911392,0,0,0,0,0,0,0,0,0,0,0,0
"UZB",0,0,0,0,0,0,0,0,0,0,0,0,0,0,0,0,0,0,0,0,0,0,0,0,0,0,0,0,0,0,0,0,0,0,0,0,0,0,0,0,0,0,0,0,0,0,0,0,0,0,0,0,0,0,0,0,0,0,0,0,0,0,0,0,0,0,0,0,0,0,0,0,0,0,0,0,0,0,0,0,0,0,0,0,0,0,0,0,0,0,0,0,0,0,0,0,0,0,0,0,0,0,0,0,0,0,0,0,0,0,0,0,0,0,0,0,0,0,0,0,0,0,0,0,0,0,0,0,0,0,0,0,0,0,0,0,0,0,0,0,0,0,0,0,0,0,0,0,0,0,0,0,0,0,0,0,0,0,0,0,0,0,0,0,0,0,0,0,0,0,0,0,0,0,0,0,0,0,0,0,0,0,0,0,0,0,0,0,0,0,0,0,0,0,0
"VEN",0,0,0,0,0,0,0,0,0,0,0,0,0,0,0,0,0,0,0,0,0,0,0,0,0,0,0,0,0,0,0,0,0,0,0,0,0,0,0,0,0,0,0,0,0,0,0,0,0,0,0,0,0,0,0,0,0,0,0,0,0,0,0,0,0,0,0,0,0,0,0,0,0,0,0,0,0,0,0,0,0,0,0,0,0,0,0,0,0,0,0,0,0,0,0,0,0,0,0,0,0,0,0,0,0,0,0,0,0,0,0,0,0,0,0,0,0,0,0,0,0,0,0,0,0,0,0,0,0,0,0,0,0,0,0,0,0,0,0,0,0,0,0,0,0,0,0,0,0,0,0,0,0,0,0,0,0,0,0,0,0,0,0,0,0,0,0,0,0,0,0,0,0,0,0,0,0,0,0,0,0,0,0,0,0,0,0,0,0,0,0,0,0,0,0
"VNM",0,0,0,0,0,0,19.6962025316456,0.683544303797468,0,0,0,0,0,0,0,0,0,0,0,0,0,0,1742.66455696203,0,0,88.0253164556962,0,0,0,0,0,200.76582278481,0,0,0,0,0,0,669.062215189873,0,0,0,0,0,0,0,0,0,0,0,0,0,0,398.822784810127,0,0,0,0,0,0,0,0,0,0,0,0,0,0,0,0,0,12828.5189873418,0,0,0.474683544303797,0,5666.35443037975,0,0,0,0,0,0,0,0,10.2784810126582,0,0,0,52092.0263924051,0,1752.32911392405,0,0,6496.47626582278,0,0,0,0,0,1241.0253164557,0,0,1930.03164556962,0,0,0,0,0,0,0,0,0,0,0,0,607.474683544304,0,0,0,0,3.17721518987342,0,0,0,1.10126582278481,0,0,0,0,0,0,19343.1223417722,0.20253164556962,0,0,0,0,0,0,0,0,0,0,0,0,0,0,0,0,0,0,0,12355.7151898734,0,0,0,0,0,0,3.57594936708861,0.0632911392405063,0,0,0.993670886075949,0,74479.1567088608,0,0,0,0,0,0,0,0,0,36.126582278481,0,498.018987341772,0,0,0,0,0,0,0,0,0,0,0,0,0,0,0,0
"ETH",0,0,0,0,0,0,0.0316455696202532,0,0,0.0316455696202532,0,0,0,0,0,0,0,0,0,0,0,0,0,0,0,1.79113924050633,0,0,0,0,0,0,0,0,0,0,0,0,0,0,0,0,0,0,0,0,0,0,0,0,0,0,0.0189873417721519,0,0,59.4683544303797,0,0,0,0.626582278481013,0,0,0,0,0,0,0,0,0,0,0,0,0,0,0,0,0,0,0,0,0,0.0632911392405063,0,0,0,0,0,0,0,0,0,0,0.253164556962025,0,0,0,0,0,0,0,0,0,0,0,0,0,0,0,0,0,0,0,0,0,0,0,0,0,0,0,0,0,0,0,0,0.10126582278481,0,0,0,0,0,0,0,0,0.0189873417721519,0,0,0,0.265822784810127,0,0,0,0,0,0,0,0,0,0,0,0,0,0,0,14.2405063291139,0.424050632911392,0,0,0,0,0.816455696202532,0.107594936708861,0,0,0,0,0,0,0,0,0,0,0,0,0,0,0.265822784810127,0,36.5803797468354,0,0,0,0,0,0,0,0,0,0,0,0,0,0,0,0
"YEM",0,0,0,0,0,0,0,0,0,0,0,0,0,0,0,0,0,0,0,0,0,0,0,0,0,0,0,0,0,0,0,0,0,0,0,0,0,0,0,0,0,0,0,0,0,0,0,0,0,0,0,0,0,0,0,0,0,0,0,0,0,0,0,0,0,0,0,0,0,0,0,0,0,0,0,0,0,0,0,0,0,0,0,0,0,0,0,0,0,0,0,0,0,0,0,0,0,0,0,0,0,0,0,0,0,0,0,0,0,0,0,0,0,0,0,0,0,0,0,0,0,0,0,0,0,0,0,0,0,0,0,0,0,0,0,0,0,0,124.27,0,0,0,0,0,0,0,0,1.225,0,0,0,0,0,0,0,0,0,0,0,0,0,0,0,0,0,0,0,0,0,0,220.11,0,0,45.97,0,0,0,0,0,0,0,0,0,0,0,0,0,0,0,0,0,0,0,0,0
"COD",0,0,0,0,0,0,0,0,0,0,0,0,0,0,0,0,0,0,0,0,0,0,0,0,0,0,0,0,0,0,0,0,0,0,0,0,0,0,0,0,0,0,0,0,0,0,0,0,0,0,0,0,0,0,0,0,0,0,0,0,0,0,0,0,0,0,0,0,0,0,0,0,0,0,0,0,0,0,0,0,0,0,0,0,0,0,0,0,0,0,0,0,0,0,0,0,0,0,0,0,0,0,0,0,0,0,0,0,0,0,0,0,0,0,0,0,0,0,0,0,0,0,0,0,0,0,0,0,0,0,0,0,0,0,0,0,0,0,0,0,0,0.430379746835443,0,0,0,0,0,0,0,0,0,0,0,0,0,0,0,0,0,0,0,0,0,0,0,0,0,0,0,0,0,0,0,0,2.61550632911392,0,0,0,0,0,0,0,0,0,0,0,0,0,0,0,0,0,0,0,0
"ZMB",0,0,0,0,0,0,0,0,0,0,0,0,0,0,0,0,0,0,0,0,0,0,0,0,0,0,0,0,0,0,0,0,0,0,0,0,0,0,0,0,0,0,0,0,0,0,0,0,0,0,0,0,0,0,0,0,0,0,0,0,0,0,0,0,0,0,0,0,0,0,0,0,0,0,0,0,0,0,0,0,0,0,0,0,0,0,0,0,0,0,0,0,0,0,0,0,0,0,0,0,0,0,0,0,0,0,0,0,0,0,0,0,0.76,0,0,0,0,0,0,0,0,0,0,0,0,0,0,0,0,0,0,0,0,0,0,0,0,0,0,480,0,0,0,0,0,0,0,0,0,0,0,0,0,0,0,0.005,0,0,0,0,0,0,0,0,0,112.2,0,0,0,0,0,0,0,0,0,0,0,0,0,0,0,0,0,0,0,0,241.696202531646,0,0,0,0,0,0,0,0
"BEL",0,0,0,0,0,0,0.113924050632911,886.20753164557,0,2.625,0,0,0,0,0,0,841.246835443038,0,0,0,0,36.6772151898734,0,0.189556962025316,18.9543670886076,12.0316455696203,0,0.0126582278481013,0,5.86075949367089,1.60126582278481,0.19620253164557,0,0,1.13291139240506,0,0,0.00632911392405063,0.108987341772152,0,2.22151898734177,275.422594936709,0,0.0189873417721519,0,0,60.1075949367089,0,0.443037974683544,4.91772151898734,0,0,3373.69594936709,105732.892974684,30.8715189873418,0,0,15.2974683544304,5.80379746835443,181922.480759494,0,0.132911392405063,0,3527.08594936709,0,0,0,1.27417721518987,0,0,0,24.373417721519,71.4382911392405,0,1.45,0,20.3164556962025,0,213.72,5772.3567721519,162.322784810127,9358.83702531646,0,0,0,0,0.00632911392405063,0,0,0,0,855.196202531646,13.9873417721519,0,0,178.405063291139,0,0,4.0379746835443,9.0632911392405,0,0,0,15.3037974683544,1.68,2.53164556962025,122.998670886076,0,0,0,0,83.9975316455696,0,0,0,0,719568.800886076,0,0.01,0,0,0,0,48.9303797468354,18.253164556962,1.12658227848101,0,15.6962025316456,918.414810126582,0,0,0,0,2454.26044303797,412.634113924051,0,0,0,0.125,0,436.251139240506,0.633354430379747,56.9620253164557,0,0,0,0,27.7088607594937,41.7784810126582,1.48803797468354,0.0759493670886076,0,0.00632911392405063,37.1939240506329,0,1.5506329113924,2460.68170886076,4.72386075949367,0,0,66.2339240506329,9085.99069620253,0,0,36.753164556962,0,0,15.6518987341772,0,0,0,0.00632911392405063,7.0626582278481,340.085759493671,0.5,0,3460.98113924051,147.101265822785,7.48151898734177,0,0,0,0,0,0.00632911392405063,0,68.3296202531646,0,0,7753.97512658228,0.474683544303797,0,1.26582278481013,0,0
"LUX",0,0,0,0,0,0,0,34.43,0,0,0,0,0,0,0,0,0,0,0,0,0,0,0,0,0,0,0,0,0,0,0,0,0,0,0,0,0,0,0,0.708860759493671,0,524.03164556962,0,0,0,0,0,0,0,0,0,0,195.860759493671,30118.6848101266,0,0,0,0,0,47725.1131012658,0,0,0,0,0,0,0,0,0,0,0,0,0,0,0,0,0,0,0,956.632911392405,0,0.0632911392405063,0,0,0,0,0,0,0,0,0,0,0,0,0,0,0,0,0,0,0,0,0,0,0,0,0,0,0,0,0,0,0,0,0,0,7708.70582278481,0,0,0,0,0,0,0.113924050632911,0,0,0,0,0,0,0,0,0,1068.59493670886,2.46835443037975,0,0,0,0,0,0,0,0,0,0,0,0,0,0,0,0,0,0,0,0,0,12.6772151898734,0,0,0,0,2.93670886075949,0,0,0,0,0,0,0,0,0,0,0,0.00632911392405063,0,0,36,0,0,0,0,0,0,0,0,0,0,0,50217.2819620253,0,0,0,0,0,0
"SRB",0,0,57656.025,0,0,0,27.9562025316456,4019.12398734177,0,0,0,0,0,0,0,0.632911392405063,0,0,0,0,0,312.873101265823,62.07,0,0,17.4341139240506,0,9.49367088607595,0,0,0,0.00632911392405063,0,3.16455696202532,0,0,0,0,0,0,0,0.360759493670886,0,0,0,0,0,0,0,0,0,0,0,2.62658227848101,0,0,0,0,0,645.526898734177,118068.212911392,0,0,911.023607594937,0,0,0,0,0,0,0,0,57.8670886075949,7142.38082278481,0,0,0,0,0.2,0,0,181042.517848101,0,0,0,0.00632911392405063,0,0,0,0,0,0,0,0,0,12.6582278481013,6.32911392405063,0,0,0,0,18.9873417721519,0,0,0,0,0.0316455696202532,0,0,0,0,0,0,0,0,0,0.0506329113924051,0,0,122146.038101266,0,0,0,0,0,14.3924050632911,0,0,0,0,0,0,0,8.92,0,0,0,0,0,12.6582278481013,396278.480063291,0,0,0,0,0,0,0,0,0,0,833.708164556962,4,0,0,0,0,0,0,6.32911392405063,169.405063291139,1582.98,0,0,0,0,0,0,0,0,0,0,10.5,12.6582278481013,0,0,2675.22164556962,28.185,29.568417721519,0,0,14,28.4810126582278,0,0,0,0,0,0,0.189873417721519,0,66310.677721519,0,0,0
"MNE",0,0,79.1518987341772,0,0,0,0,0,0,0,0,0,0,0,0,0,0,0,0,0,0,0,0,0,0,0,0,0,0,0,0,0,0,0,0,0,0,0,0.0632911392405063,0,0,0,0,0,0,0,0,0,0,0.0316455696202532,0,0,0,0,0,0,0,0,0,0.20253164556962,0,0,0,0,0,0,0,0,0,0,0,0,0,0.164556962025316,0,0,0,0,0,0,0,0.0126582278481013,0,0,0,0,0,0,0,0,0,0,0,0,0,0,0,0.069620253164557,0,0,0,0,0,0,0,0,0,0,0,0,0,0,0,0,0,0,0,0,0,0,0,0,0,0,0,0,0,0.0632911392405063,0,0,0,0,0,0,0,0,0,0,0,0,0,0,0,0,0,0,0,0,0,0,0,0,0,0,0,0,0,0,0,0,0,0,0,0,0,0,0,0,0,0,0,0,0,0,0,0,0.00632911392405063,0,0,0,0,0,0,0,0,0,0,0,0,0,33.7932911392405,0,0,0,0
"SDN",0,0,0,0,0,0,0,0,0,0,0,0,0,0,0,0,0,0,0,0,0,0,0,0,0,0,0,0,0,0,0,0,0,0,0,0,0,0,0,0,0,0,0,0,0,0,0,0,0,0,0,0,0,0,0,0,0,0,0,0,0,0,0,0,0,0,0,0,0,0,0,0,0,0,0,0,0,0,0,0,0,0,0,0,0,0,0,0,0,0,0,0,0,0,0,0,0,0,0,0,0,0,0,0,0,0,0,0,0,0,0,0,0,0,0,0,0,0,0,0,0,0,0,0,0,0,0,0,0,0,0,0,0,0,0,0,0,0,0,0,0,0,0,0,0,0,0,0,0,0,0,0,0,0,0,0,0,0,0,0,0,0,0,0,0,0,0,0,0,0,0,0,0,0,0,0,0,0,0,0,0,0,0,0,0,0,0,0,0,0,0,0,0,0,0
"SSD",0,0,0,0,0,0,0,0,0,0,0,0,0,0,0,0,0,0,0,0,0,0,0,0,0,0,0,0,0,0,0,0,0,0,0,0,0,0,0,0,0,0,0,0,0,0,0,0,0,0,0,0,0,0,0,0,0,0,0,0,0,0,0,0,0,0,0,0,0,0,0,0,0,0,0,0,0,0,0,0,0,0,0,0,0,0,0,0,0,0,0,0,0,0,0,0,0,0,0,0,0,0,0,0,0,0,0,0,0,0,0,0,0,0,0,0,0,0,0,0,0,0,0,0,0,0,0,0,0,0,0,0,0,0,0,0,0,0,0,0,0,0,0,0,0,0,0,0,0,0,0,0,0,0,0,0,0,0,0,0,0,0,0,0,0,0,0,0,0,0,0,0,0,0,0,0,0,0,0,0,0,0,0,0,0,0,0,0,0,0,0,0,0,0,0
"PSE",0,0,0,0,0,0,0,0,0,0,0,0,0,0,0,0,0,0,0,0,0,0,0,0,0,0,0,0,0,0,0,0,0,0,0,0,0,0,0,0,0,0,0,0,0,0,0,0,0,0,0,0,0,0,0,0,0,0,0,0,0,0,0,0,0,0,0,0,0,0,0,0,0,0,0,0,0,0,0,0,0,0,0,0,0,0,0,0,0,0,0,0,0,0,0,0,0,0,0,0,0,0,0,0,0,0,0,0,0,0,0,0,0,0,0,0,0,0,0,0,0,0,0,0,0,0,0,0,0,0,0,0,0,0,0,0,0,0,0,0,0,0,0,0,0,0,0,0,0,0,0,0,0,0,0,0,0,0,0,0,0,0,0,0,0,0,0,0,0,0,0,0,0,0,0,0,0,0,0,0,0,0,0,0,0,0,0,0,0,0,0,0,0,0,0
