"","ARM","AFG","ALB","DZA","ATG","ARG","AUS","AUT","BHS","BHR","BRB","BGD","BMU","BTN","BOL","BWA","BRA","ARB","BLZ","SLB","BRN","BGR","MMR","BDI","CMR","CAN","CPV","CAF","LKA","TCD","CHL","CHN","COL","COM","COG","COK","CRI","CUB","CYP","AZE","BEN","DNK","DMA","DOM","BLR","ECU","EGY","SLV","GNQ","EST","FRO","FJI","FIN","FRA","PYF","DJI","GEO","GAB","GMB","DEU","BIH","GHA","KIR","GRC","GRL","GRD","GTM","GIN","GUY","HTI","HND","HKG","HUN","HRV","ISL","IND","IDN","IRN","IRQ","IRL","ISR","ITA","CIV","KAZ","JAM","JPN","JOR","KGZ","KEN","KHM","PRK","KOR","KWT","LVA","LAO","LBN","LSO","LBR","LBY","LTU","MAC","MDG","MWI","MYS","MDV","MLI","MLT","MRT","MUS","MEX","MNG","MAR","MOZ","MDA","NAM","NPL","NLD","ANT","NCL","MKD","VUT","NZL","NIC","NER","NGA","NOR","PAK","PAN","CZE","PNG","PRY","PER","PHL","POL","PRT","GNB","TLS","ERI","QAT","ZWE","ROU","RWA","RUS","KNA","LCA","VCT","STP","SAU","SEN","SYC","SLE","SVN","SVK","SGP","SOM","ZAF","ESP","SUR","TJK","SWZ","SWE","CHE","SYR","TKM","TWN","TZA","THA","TGO","TON","TTO","OMN","TUN","TUR","ARE","UGA","TUV","GBR","UKR","USA","BFA","URY","UZB","VEN","VNM","ETH","YEM","COD","ZMB","BEL","LUX","SRB","MNE","SDN","SSD","PSE"
"ARM",0,0,0,0,0,0,0,0,0,0,0,0,0,0,0,0,0,0,0,0,0,0,0,0,0,1670000,0,0,0,0,0,0,0,0,0,0,0,0,0,0,0,0,0,0,0,0,0,0,0,0,0,0,0,7735000,0,0,1167233400,0,0,0,0,0,0,0,0,0,0,0,0,0,0,0,0,0,0,0,0,83560050,141960000,0,0,0,0,0,0,0,0,0,0,0,0,0,0,0,0,0,0,0,0,0,0,0,0,0,0,0,0,0,0,0,0,0,0,0,0,0,0,0,0,0,0,0,0,0,0,0,0,0,0,0,0,0,0,0,0,0,0,0,0,0,0,0,241968050,0,0,0,0,0,0,0,0,0,0,0,0,0,0,0,0,0,0,1175850,0,0,0,0,0,0,0,0,0,0,0,7713750,0,0,0,0,185492100,0,0,0,0,0,0,0,0,0,2831300,0,0,0,0,0,0
"AFG",0,0,0,0,0,0,0,0,0,1752750,0,0,0,0,0,0,0,0,0,0,0,0,0,0,0,1528150,0,0,0,0,0,0,0,0,0,0,0,0,0,0,0,0,0,0,0,0,0,0,0,0,0,0,0,0,0,0,0,0,0,33232450,0,0,0,0,0,0,0,0,0,0,0,0,0,0,0,0,0,0,0,0,0,0,0,0,0,0,0,0,0,0,0,36900,0,0,0,0,0,0,0,0,0,0,0,0,0,0,0,0,0,16700,0,0,0,0,0,0,0,0,0,0,0,0,0,0,0,0,0,0,0,0,0,0,0,0,0,0,0,0,0,0,0,0,0,972750,0,0,0,0,0,0,0,0,0,0,0,0,0,0,0,0,0,0,0,0,0,1014750,0,0,0,0,0,0,0,0,0,0,0,0,2789200,0,0,0,0,0,0,0,0,0,0,0,0,0,0,0,0
"ALB",0,0,0,0,0,0,0,0,0,0,0,0,0,0,0,0,0,0,0,0,0,1594762650,0,0,0,0,0,0,0,0,0,0,0,0,0,0,0,0,0,0,0,0,0,0,0,0,0,0,0,0,0,0,0,0,0,0,0,0,0,0,288096750,0,0,1043513550,0,0,0,0,0,0,0,0,0,102452850,0,0,0,0,93154050,0,0,684697950,0,0,0,0,0,0,0,0,0,0,0,0,0,46327950,0,0,0,0,0,0,0,0,0,0,0,0,0,0,0,0,0,0,0,0,0,0,0,1110687250,0,0,0,0,0,0,0,0,0,0,0,0,0,259868250,0,0,0,0,0,0,3892285800,0,0,0,0,0,0,0,0,0,0,0,0,0,0,0,0,0,0,0,0,0,0,0,0,0,0,0,0,0,0,0,0,0,0,0,470714850,0,0,0,0,0,0,0,0,0,0,0,0,0,5560161400,225366750,0,0,0
"DZA",0,0,0,0,0,0,0,0,0,0,0,0,0,0,0,0,0,0,0,0,0,0,0,0,22213800,705479550,8892900,0,0,0,0,22020000,0,0,0,0,0,0,0,0,263394700,0,0,0,0,0,0,0,0,0,0,0,0,124289150,0,0,0,590400,3117665000,910000,0,174325000,0,0,0,0,0,7340000,0,0,0,0,0,0,0,0,0,0,479460150,0,0,1008450,201586500,0,0,0,371619900,0,0,0,0,0,0,0,0,536507550,0,0,5798159300,0,0,0,0,36900,0,68303300,0,3300477450,0,0,0,13025700,0,0,0,0,223946100,0,0,0,0,0,0,0,0,0,0,0,0,0,0,0,0,0,27195300,0,0,0,43350,0,0,0,0,0,0,0,0,0,142087650,0,0,0,0,0,0,0,34907400,0,0,0,0,0,0,0,0,3610500,0,126419400,0,0,28136950,1598131950,30055050,122107100,0,0,349550,0,0,369000,0,0,0,0,27103050,215588250,0,0,42223350,0,0,0,276750,0,0
"ATG",0,0,0,0,0,0,0,0,0,0,904050,0,0,0,0,0,0,0,0,0,0,0,0,0,0,0,0,0,0,0,0,0,0,0,0,0,0,0,0,0,0,0,4520250,0,0,0,0,0,0,0,0,0,0,0,0,0,0,0,0,0,0,0,0,0,0,0,0,0,0,0,0,0,0,0,0,0,0,0,0,0,0,0,0,0,0,0,0,0,0,0,0,0,0,0,0,0,0,0,0,0,0,0,0,0,0,0,0,0,0,0,0,0,0,0,0,0,0,0,0,0,0,0,0,0,0,0,0,0,0,0,0,0,0,0,0,0,0,0,0,0,0,0,0,0,3321000,0,0,0,0,0,0,0,0,0,0,0,0,0,0,0,0,0,0,0,0,0,0,0,0,0,0,0,0,0,0,0,0,0,1051650,0,0,0,0,0,0,0,0,0,0,0,0,0,0,0,0
"ARG",0,0,0,3.275872e+12,0,0,2896650,0,0,0,3560850,1706280750000,0,0,1301029491950,0,17035000574300,0,0,0,0,801172800,0,35103400000,67927250000,6836654250,0,0,0,0,2016741620500,0,424220341550,0,11907100000,0,403030800,262672650,0,1180800,0,0,0,514880550,0,671161015500,5.2605e+11,63117450,0,108467550,0,0,0,4628686200,0,0,0,2.6553e+10,38232980000,2465750,0,13266480000,0,0,0,0,2084850,0,0,0,283761000,41823600,0,0,0,0,2682597051800,0,0,0,369442800,169519600950,108733700000,147600,922500,0,118227600,0,849002950000,0,0,895062608800,0,0,0,0,0,5571900,0,0,0,18055856300,7.3981e+10,39829500000,0,110677580000,0,89433510000,2.004e+10,55135367550,28837350,564190796000,83800600000,0,0,0,24834737000,0,0,0,0,111755899000,15295050,0,2.66699e+11,0,0,126496450,0,0,35345845550,419108490350,498721779150,0,0,0,0,0,0,0,0,83409653000,0,0,0,0,0,0,196680910000,0,204695400,0,0,0,0,328267741700,34711742250,2029500,0,0,0,5009231800,0,0,1471837800,232823050000,2392712540000,0,0,1845000,301607010000,149381500000,0,169204400000,410544450000,0,825147000,0,220836908200,2.7555e+10,55832818050,0,2998384000,2376180876400,0,0,16299200000,0,0,0,8819100,0,285898990000,0,0
"AUS",0,0,0,65230133200,0,13140600,0,0,0,307268459650,0,1076172019900,0,0,0,0,91585800,0,0,52903447900,107015950,0,1264539367950,0,0,1135248550,0,0,236436478600,0,139287950,4974561099450,3688650,0,0,15461100,940950,0,0,0,0,0,0,0,0,0,537164801900,0,0,0,0,604055423450,0,103615200,11216226150,0,0,0,0,10405800,0,0,412072300,0,0,0,0,0,0,0,0,12378554850,0,0,0,4248445357100,13339154507100,32400755500,450258219000,1900350,615547350,767050724650,0,0,0,3160873928300,0,5848650,192483426250,72524383600,0,3466280264300,1435700137300,0,0,33158758500,0,0,0,0,295200,0,128104263800,2928998422500,0,0,0,0,173138732450,0,0,124284990500,74842586400,0,0,129150,104654100,0,102736560700,0,5579777950,1660927424350,0,0,1557589394200,8939400,4620300,2723700,0,703562276750,1258200,0,4420165538350,0,22176900,0,6660450,0,45774450,0,0,0,0,0,0,0,0,40516397100,0,119076300,0,0,0,373748926600,184500,141155368450,0,0,0,0,0,33510450,0,0,834557530300,1825126300,1558835741400,0,0,0,396368028600,0,864255700,836070774950,46050333500,3265650,11152834500,0,8573764550,0,27139350,0,0,5524871042100,3336910500,2698421086700,0,0,108232700,0,0,0,0,0,0
"AUT",15920050,0,51408000,0,0,55350,181363500,0,0,147600,18450,0,0,0,0,0,92250,0,0,0,0,33638235800,0,0,10158350,226447050,0,0,0,0,25983850,172977550,0,0,0,0,33797900,0,204254950,571975800,0,84999200,0,0,101990700,0,0,0,0,45712250,0,0,174396650,60869298250,0,0,131385450,0,0,781334394850,1552352300,23823800,0,58345221800,0,0,0,0,0,55350,0,166339550,52567409250,59739788300,3948300,7767900,91900,400254900,940950,493783050,17841150,1696546171850,55350,55032250,18450,153436950,202950,29658150,73800,0,0,8639400,160441200,91707800,0,72859050,0,0,48336400,733749350,0,0,0,159598050,859501250,0,110789550,0,295200,36900,996300,55350,0,94158050,735500,0,73527066750,0,0,7984540450,0,166050,0,0,2622850,2917097850,36800,36900,76331929850,0,0,79704000,1211200,52625540300,255248550,0,0,0,129150,0,60637133050,0,535712350,0,0,0,0,87422700,92250,36900,0,119466975950,26720127950,11861050,0,607199450,1736679950,0,18450,0,976732450,253199849850,0,36900,20984600,110700,1420650,128150,0,18450,17896500,36900,585247750,869565550,0,0,28827065700,530162800,213740950,384100,38412900,1845000,0,40571550,3173400,0,202850,0,13291688050,74733850,20605441750,346552200,0,0,6863400
"BHS",0,0,0,0,0,0,0,0,0,0,0,0,0,0,0,0,0,0,0,0,0,0,0,0,0,0,0,0,0,0,0,0,0,0,0,0,0,0,0,0,0,0,0,0,0,0,0,0,0,0,0,0,0,0,0,0,0,0,0,0,0,0,0,0,0,0,0,0,0,0,0,0,0,0,0,0,0,0,0,0,0,0,0,0,0,0,0,0,0,0,0,0,0,0,0,0,0,0,0,0,0,0,0,0,0,0,0,0,0,0,0,0,0,0,0,0,0,0,0,0,0,0,0,0,0,0,0,0,0,0,0,0,0,0,0,0,0,0,0,0,0,0,0,0,0,0,0,0,0,0,0,0,0,0,0,0,0,0,0,0,0,0,0,0,0,0,0,0,0,0,0,0,0,0,0,0,0,0,15387300,0,0,0,0,0,0,0,0,0,0,0,0,0,0,0,0
"BHR",0,0,0,0,146100,0,1802250,0,383700,0,0,0,0,0,0,0,0,0,0,0,0,0,0,0,0,0,0,0,0,0,0,0,0,0,0,0,0,0,364000,0,0,0,0,0,0,0,0,0,0,0,0,0,0,0,0,149400,0,0,0,0,0,0,0,145600,0,0,0,0,0,0,0,365250,0,0,0,4424850,0,0,279771050,0,0,236600,0,0,3542400,0,183263350,0,0,0,0,160911900,88771350,0,0,0,0,4284850,0,0,0,0,0,0,0,0,2112700,0,3247200,0,0,0,0,0,0,0,54600,0,0,0,3241100,0,0,0,0,694050,0,7683950,0,0,0,0,0,0,0,0,0,0,285427450,0,0,0,0,0,0,0,0,17184586700,0,0,0,0,0,730950,0,236600,0,0,0,0,0,0,0,0,0,0,0,0,0,0,74784000,0,0,277190600,0,0,1597950,0,72502550,0,0,0,0,0,0,100441700,0,0,183500,0,0,0,0,0,0
"BRB",0,0,0,0,339036150,0,0,0,49350,0,0,0,0,0,0,0,18450,0,92250,0,0,0,0,0,0,224899800,0,0,0,0,0,18450,0,0,0,0,0,1456350,0,0,0,0,138618450,1792500,0,0,0,0,0,0,0,0,0,221400,0,0,0,14612400,0,369000,0,0,0,43350,0,295037350,18450,0,8214192950,0,0,0,0,0,0,0,0,0,0,0,0,12450,0,0,2196058600,0,0,0,0,0,0,0,0,0,0,0,0,0,0,0,0,0,0,0,0,0,0,0,0,18450,0,0,0,0,0,0,1408500,0,0,0,0,147600,0,0,0,0,0,33634350,0,0,0,43350,0,0,0,0,0,0,0,0,0,0,0,105859200,6821607100,327337000,0,0,0,0,0,0,0,0,0,0,0,488039400,0,0,0,110700,0,0,0,0,0,0,0,1160503350,0,0,0,0,0,0,138316750,0,2070708550,0,0,0,0,0,0,0,0,0,18450,0,0,0,0,0,0
"BGD",0,0,0,0,0,0,1175489300,0,0,819543900,0,0,0,0,0,0,0,0,0,55350,231624400,0,221449950,0,0,816780150,25202700,0,36900,0,0,136666800,0,0,0,0,0,0,81537700,0,26199000,4954500,0,0,0,0,0,0,0,0,0,12040950,0,15664050,0,0,0,0,38984850,11079850,0,403132500,0,27645400,0,0,0,56254050,0,0,0,58521000,0,0,0,8165312000,0,0,0,16661550,0,507673350,11560500,0,0,18418900,357024050,0,0,0,0,162517000,420404600,0,0,181677950,0,0,0,0,0,0,0,5387020900,110012500,1383750,0,151326900,364097800,0,8210250,0,0,0,0,1825018950,6327350,0,0,0,0,83484150,0,0,0,0,1182250,0,0,0,0,0,124500,0,24382200,0,498150,0,3832206150,0,0,0,0,0,0,0,0,16329212800,0,0,0,0,0,2935574650,0,411654800,0,8431650,0,0,19727900,2899750,0,0,0,0,10293750,0,0,13298350,264393900,0,0,3513210300,0,0,8463312150,16700,7560675950,6475950,0,0,0,11309850,3099600,0,0,0,184132650,0,0,0,0,0,4132800
"BMU",0,0,0,0,0,0,0,0,0,0,0,0,0,0,0,0,0,0,0,0,0,0,0,0,0,0,0,0,0,0,0,0,0,0,0,0,0,0,0,0,0,0,0,0,0,0,0,0,0,0,0,0,0,0,0,0,0,0,0,0,0,0,0,0,0,0,0,0,0,0,0,0,0,0,0,0,0,0,0,0,0,0,0,0,0,0,0,0,0,0,0,0,0,0,0,0,0,0,0,0,0,0,0,0,0,0,0,0,0,0,0,0,0,0,0,0,0,0,0,0,0,0,0,0,0,0,0,0,0,0,0,0,0,0,0,0,0,0,0,0,0,0,0,0,0,0,0,0,0,0,0,0,0,0,0,0,0,0,0,0,0,0,0,0,0,0,0,0,0,0,0,0,0,0,0,0,0,0,0,0,0,0,0,0,0,0,0,0,0,0,0,0,0,0,0
"BTN",0,0,0,0,0,0,0,0,0,36700,0,0,0,0,0,0,0,0,0,0,0,0,0,0,0,0,0,0,0,0,0,0,0,0,0,0,0,0,0,0,0,0,0,0,0,0,0,0,0,0,0,0,0,0,0,0,0,0,0,0,0,0,0,0,0,0,0,0,0,0,0,0,0,0,0,0,0,0,0,0,0,0,0,0,0,0,0,0,0,0,0,0,0,0,0,0,0,0,0,0,0,0,0,0,0,0,0,0,0,0,0,0,0,0,0,0,0,0,0,0,0,0,0,0,0,0,0,0,0,0,0,0,0,0,0,0,0,0,0,0,0,0,0,0,0,0,0,0,0,0,0,0,0,0,0,0,0,0,0,0,0,0,0,0,0,0,0,0,0,0,0,0,0,848700,0,0,0,0,0,0,0,0,0,0,0,0,0,0,0,0,0,0,0,0,0
"BOL",0,0,0,0,0,0,110100,0,0,0,0,0,0,0,0,0,61325700,0,0,0,0,0,0,0,0,814567500,0,0,0,0,398655950,2435400,0,0,0,0,8542350,0,0,0,0,0,0,0,0,0,0,0,0,0,0,0,0,0,0,0,0,0,0,12343050,0,0,0,0,0,0,0,0,0,0,0,129150,0,0,0,0,0,0,0,0,0,0,0,0,0,36700,0,0,0,0,0,0,0,0,0,0,0,0,0,0,0,0,0,239850,0,0,0,0,0,106364250,0,0,0,0,0,0,0,0,0,0,0,0,0,0,0,0,0,0,0,0,974473650,4026230300,0,0,0,0,0,0,0,0,0,0,0,0,0,0,0,0,0,0,0,0,0,0,0,0,24323100,0,0,0,0,0,0,0,0,0,0,0,0,0,0,0,0,516600,0,0,14981400,0,263638700,0,2490852900,0,162067200,0,0,0,0,0,4077450,0,0,0,0,0,0
"BWA",0,0,0,0,0,0,0,0,0,0,0,0,0,0,0,0,0,0,0,0,0,0,0,0,0,0,0,0,0,0,0,0,0,0,0,0,0,0,0,0,0,0,0,0,0,0,0,0,0,0,0,0,0,0,0,0,0,0,0,0,0,0,0,0,0,0,0,0,0,0,0,0,0,0,0,0,0,0,0,0,0,0,0,0,0,0,0,0,0,0,0,0,0,0,0,0,0,0,0,0,0,0,0,0,0,0,0,0,0,0,0,0,0,0,20994450,0,0,0,0,0,0,0,0,0,0,0,0,0,0,0,0,0,0,0,0,0,0,0,0,87483150,0,0,0,0,0,0,0,0,0,0,0,0,0,0,0,989335950,0,0,0,0,0,0,0,0,0,0,0,0,0,0,0,0,0,0,0,0,0,0,0,0,0,0,0,0,0,0,0,449600,0,0,0,0,0,0,0
"BRA",0,0,0,51301398000,0,2798992800,412156500,0,0,8110050,0,0,0,0,4005023600,63513300,0,0,81260750,0,0,25368750,0,0,55368450,551219200,752969700,0,0,0,2484868750,143508300,164953984150,0,28663800,0,269637000,3552336800,0,0,20808750,18200,0,441593050,0,104110080550,0,17549550,452821650,0,0,66152100,0,335531700,0,0,0,224093700,29988600,8319600,0,260218800,0,0,0,0,10619850,8966700,20038900,420347750,145038850,106529100,0,0,0,0,197135600900,0,29353950,4778550,89739621300,13702000,58863550,0,0,1172452100,0,0,107102250,0,0,418674711900,0,0,0,83558850,0,4448550,906428850,0,0,77914350,0,2162599900,0,0,0,101078025400,94230900,55773800,0,20634600,874665150,0,0,0,73980050,0,0,0,0,32539350,20302200,0,22379850,0,0,271693200,0,66032550,32742943500,2597302250,375362469150,0,1170850900,0,0,0,44392550,0,0,23249700,0,0,0,0,552067800,104355919500,24031950,12111450,307561500,31549500,0,0,8025750,275595850,42061200,120025300,0,0,0,3648750,0,0,5941264650,0,18350,0,0,70514350,31505550,126857400,0,305845350,0,0,176642900,33507100,23882260900,0,27722981250,0,64703892750,609358150400,0,241159950,97249950,0,6291450,0,0,0,0,0,495919200
"ARB",0,0,0,0,0,0,0,0,0,0,0,0,0,0,0,0,0,0,0,0,0,0,0,0,0,0,0,0,0,0,0,0,0,0,0,0,0,0,0,0,0,0,0,0,0,0,0,0,0,0,0,0,0,0,0,0,0,0,0,0,0,0,0,0,0,0,0,0,0,0,0,0,0,0,0,0,0,0,0,0,0,0,0,0,0,0,0,0,0,0,0,0,0,0,0,0,0,0,0,0,0,0,0,0,0,0,0,0,0,0,0,0,0,0,0,0,0,0,0,0,0,0,0,0,0,0,0,0,0,0,0,0,0,0,0,0,0,0,0,0,0,0,0,0,0,0,0,0,0,0,0,0,0,0,0,0,0,0,0,0,0,0,0,0,0,0,0,0,0,0,0,0,0,0,0,0,0,0,0,0,0,0,0,0,0,0,0,0,0,0,0,0,0,0,0
"BLZ",0,0,0,0,0,0,0,0,0,0,0,0,0,0,0,0,0,0,0,0,0,0,0,0,0,0,0,0,0,0,0,0,0,0,0,0,0,0,0,0,0,0,0,0,0,0,0,0,0,0,0,17675100,0,0,0,0,0,0,0,0,0,218400,0,0,0,0,0,0,36400,0,0,0,0,0,0,0,0,0,0,0,0,0,0,0,0,0,0,0,0,0,0,0,0,0,0,0,0,0,0,0,0,0,0,0,0,0,0,0,0,0,0,0,0,0,0,0,0,0,0,0,0,0,0,0,0,0,0,0,0,0,0,0,0,0,0,0,0,0,0,0,0,0,0,0,0,2493400,0,0,0,0,0,0,0,0,0,0,0,0,0,0,0,0,0,0,0,0,0,0,0,0,0,0,0,0,0,0,0,0,0,0,0,0,0,0,0,0,0,0,0,0,0,0,0,0,0
"SLB",0,0,0,0,0,0,0,0,0,0,0,0,0,0,0,0,0,0,0,0,0,0,0,0,0,0,0,0,0,0,0,0,0,0,0,0,0,0,0,0,0,0,0,0,0,0,0,0,0,0,0,0,0,0,0,0,0,0,0,0,0,0,0,0,0,0,0,0,0,0,0,0,0,0,0,0,0,0,0,0,0,0,0,0,0,0,0,0,0,0,0,0,0,0,0,0,0,0,0,0,0,0,0,0,0,0,0,0,0,0,0,0,0,0,0,0,0,0,0,0,0,0,0,0,0,0,0,0,0,0,0,0,0,0,0,0,0,0,0,0,0,0,0,0,0,0,0,0,0,0,0,0,0,0,0,0,0,0,0,0,0,0,0,0,0,0,0,0,0,0,0,0,0,0,0,0,0,0,0,0,0,0,0,0,0,0,0,0,0,0,0,0,0,0,0
"BRN",0,0,0,0,0,0,0,0,0,0,0,0,0,0,0,0,0,0,0,0,0,0,0,0,0,0,0,0,0,0,0,6115500,0,0,0,0,0,0,0,0,0,0,0,0,0,0,0,0,0,0,0,0,0,0,0,0,0,0,0,0,0,0,0,0,0,0,0,0,0,0,0,0,0,0,0,0,0,0,0,0,0,0,0,0,0,18350,0,0,0,0,0,55350,0,0,0,0,0,0,0,0,0,0,0,695966300,0,0,0,0,0,0,0,0,0,0,0,0,0,0,0,0,0,0,0,0,0,0,0,0,0,0,0,0,830250,0,0,0,0,0,0,0,0,0,0,0,0,0,0,0,0,0,0,0,0,14755600,0,0,0,0,0,0,0,0,0,0,0,0,0,0,0,0,0,0,0,0,0,0,172500,0,178500,0,0,0,0,0,0,0,0,0,0,0,0,0,0,0,0
"BGR",143830350,0,14842812700,163024200,0,5017350,67888800,1230970600,0,85882950,0,0,0,0,0,0,26515050,0,0,0,2191200,0,0,0,0,136038900,0,0,0,0,59242950,882494900,0,0,0,0,95175600,0,41488029450,692617800,0,839981400,0,0,672441300,15027150,198467699050,5241450,0,57619350,0,0,44612100,193130784750,0,83082500000,1855830600,58006800,0,70285826750,5344260750,683459400,0,1571915806200,0,0,0,2546100,0,0,0,70572550,2980993150,4623894900,0,322692233800,1734750,5127750,1720005850,55223654650,131983983100,1770132361250,442800,0,0,295236300,686806550,53554200,0,1974150,0,346342461200,107491050,211466500,0,267225916450,0,0,680237584300,175842150,0,0,0,135754800,0,0,283305600,42894952000,182730000,44882250,0,306417456650,4926150,334665600,0,0,159112221850,0,0,9970016800,0,145834650,11192550,0,30350250,479700,5922450,85058400,3670961100,0,52300950,26257050,87877994700,4719306350,333999278450,0,0,0,190341000,567666400,1539532128350,202950,378613350,0,0,0,0,720870600,0,0,0,3390034300,2680599150,38653500,6791305500,61789950,4714123088700,0,0,0,81110169550,6636750,67675146800,5848650,3759900,0,6088500,0,0,26789400,22527450,208770348050,78197812150,257834200,0,0,3747792950,2339456700,1224452650,0,165149250,0,0,657086180000,178363698700,44767473900,0,0,113468815050,6549750,17849317850,2501852700,286991671000,0,0
"MMR",0,0,0,0,0,0,0,0,0,0,0,0,0,0,0,0,0,0,0,0,0,0,0,0,0,0,0,0,0,0,0,0,0,0,0,0,0,0,0,0,0,0,0,0,0,0,0,0,0,0,0,0,0,0,0,0,0,0,0,0,0,0,0,0,0,0,0,0,0,0,0,0,0,0,0,0,0,0,0,0,0,0,0,0,0,0,0,0,0,0,0,0,0,0,0,0,0,0,0,0,0,0,0,0,0,0,0,0,0,0,0,0,0,0,0,0,0,0,0,0,0,0,0,0,0,0,0,0,0,0,0,0,0,0,0,0,0,0,0,0,0,0,0,0,0,0,0,0,0,0,0,0,0,0,0,0,0,0,0,0,0,0,0,0,0,0,0,0,0,0,0,0,0,0,0,0,0,0,0,0,0,0,0,0,0,0,0,0,0,0,0,0,0,0,0
"BDI",0,0,0,0,0,0,0,0,0,0,0,163800000,0,0,0,0,0,0,0,0,0,0,0,0,0,0,0,0,0,0,0,0,0,0,0,0,0,0,0,0,0,0,0,0,0,0,0,0,0,0,0,0,0,0,0,0,0,0,0,0,0,0,0,0,0,0,0,0,0,0,0,0,0,0,0,0,0,0,0,0,0,0,0,0,0,0,0,0,491400000,0,0,0,0,0,0,0,0,0,0,0,0,0,0,0,0,0,0,0,0,0,0,0,0,0,0,0,0,0,0,0,0,0,0,0,0,0,0,0,0,0,0,0,0,0,0,0,0,0,0,0,0,835000,0,0,0,0,0,0,0,0,0,0,0,0,0,0,0,0,0,0,0,0,0,0,0,401983400,0,0,0,0,0,0,0,0,0,0,0,0,0,0,0,0,0,0,0,0,44073212250,0,0,0,0,0,0,0,0
"CMR",0,0,0,0,0,0,0,0,0,0,0,0,0,0,0,0,0,0,0,0,0,0,0,0,0,115146450,0,4799641550,0,9075329050,0,0,0,0,1356610050,0,0,0,0,0,0,0,0,0,0,0,0,0,188125400,0,0,0,0,6735900,0,0,0,1911168600,0,0,0,0,0,0,0,0,0,0,0,0,0,0,0,0,0,0,0,0,0,9686250,0,0,0,0,0,0,0,0,0,0,0,7453800,0,0,0,0,0,0,0,0,0,0,0,0,0,0,0,0,0,0,0,0,0,0,0,0,21863250,0,0,0,0,0,0,0,933718400,0,0,0,0,0,0,0,0,0,0,0,0,0,0,0,0,0,0,0,0,0,0,0,0,0,0,0,0,0,0,0,0,0,0,0,0,0,0,0,0,0,0,0,0,0,0,0,0,0,0,0,13320900,0,414848250,0,0,0,0,0,0,0,0,0,80626500,0,0,0,0,0,0
"CAN",0,16309800,0,3881198453100,85307100,15159778100,9305225450,24169500,10370975150,208401700,213604250,4092413872250,0,0,0,0,526622010100,0,9114300,0,0,0,8060672350,8813942700,413948773000,0,0,0,1318854393900,0,745095903200,2293078865150,3453757206750,922500,39299100600,0,416936062950,706187260050,0,0,477100,323533850,58174200,422038943500,0,1681625169050,86253750,35535601100,0,0,0,0,0,157487270200,11549700,0,0,10970747700,11405882900,133874988100,0,1277305896100,0,2527525000,0,39557200,507601250,25053358450,95916515200,238797636000,89662950,5876083750,553500,0,769942050,52549297700,5568963829300,0,167078184850,87342300,277454700,2911059726850,73375985350,0,980165550,6495106771150,45618167500,0,431906525700,2158650,0,655454362600,66679110350,0,7207200,143860802050,0,0,0,0,0,0,96005143700,635822875550,19593900,6340990000,0,0,44741250,2842318436600,143553200,2477717827900,336125292100,0,11177310000,110700,251954309000,0,1512900,0,0,4167560250,18392450,75647660000,2628874987050,30060000,902100600,44981100,0,0,110700,3950830635250,480867466650,1918800,0,0,0,0,274065450,94050291800,0,24913160200,0,4590400,290068000,433841300,0,119728540900,66202620550,0,0,0,0,29571855300,0,287977772900,13925834450,0,0,0,295033950,4648694100,0,0,82307476150,281069750800,382224462650,97329537200,0,1029661650,214316508250,297524795200,551072514650,1372985476000,43886781700,0,1217894195150,2675250,10802335957200,43498903850,0,0,1181054484400,1601407509250,0,40040000,0,0,559685886650,0,0,31730000,213756660000,0,0
"CPV",0,0,0,0,0,0,0,0,0,0,0,0,0,0,0,0,0,0,0,0,0,0,0,0,0,0,0,0,0,0,0,0,0,0,0,0,0,0,0,0,0,0,0,0,0,0,0,0,0,0,0,0,0,0,0,0,0,0,0,0,0,0,0,0,0,0,0,0,0,0,0,0,0,0,0,0,0,0,0,0,0,0,0,0,0,0,0,0,0,0,0,0,0,0,0,0,0,0,0,0,0,0,0,0,0,0,0,0,0,0,0,0,0,0,0,0,25534800,0,0,0,0,0,0,0,0,0,0,0,0,0,0,0,0,0,43228350,0,0,0,0,0,0,0,0,0,0,0,0,0,0,0,0,0,0,0,0,0,0,0,0,0,0,0,0,0,0,0,0,0,0,0,0,0,0,0,0,0,0,0,382782150,0,0,0,0,0,0,0,0,0,0,42582600,0,0,0,0,0
"CAF",0,0,0,0,0,0,0,0,0,0,0,0,0,0,0,0,0,0,0,0,0,0,0,0,0,0,0,0,0,0,0,0,0,0,0,0,0,0,0,0,0,0,0,0,0,0,0,0,0,0,0,0,0,0,0,0,0,0,0,0,0,0,0,0,0,0,0,0,0,0,0,0,0,0,0,0,0,0,0,0,0,0,0,0,0,0,0,0,0,0,0,0,0,0,0,0,0,0,0,0,0,0,0,0,0,0,0,0,0,0,0,0,0,0,0,0,0,0,0,0,0,0,0,0,0,0,0,0,0,0,0,0,0,0,0,0,0,0,0,0,0,0,0,0,0,0,0,0,0,0,0,0,0,0,0,0,0,0,0,0,0,0,0,0,0,0,0,0,0,0,0,0,0,0,0,0,0,0,0,0,0,0,0,0,0,0,0,0,0,0,0,0,0,0,0
"LKA",0,0,0,0,0,0,645473250,0,0,157306950,0,0,0,0,0,0,0,0,80017650,0,0,34833600,36900,0,0,1067782700,21051450,0,0,0,0,35006500,0,0,0,0,0,0,21592550,0,31346550,14800600,0,0,0,0,0,0,0,0,0,37674900,0,115049900,0,0,0,0,349240050,212013250,0,10959705900,0,0,0,0,122729400,87268500,10664100,369000,0,13723346100,0,0,0,6440926800,17373738450,0,51462100,10498050,65755800,284152400,94851450,0,0,34814900,224951650,0,0,14086800000,27709500,10582906050,473541150,0,0,83513950,0,0,0,0,0,0,0,32191944900,14250217400,36900,46527850,0,13264800,0,0,0,110200,0,0,0,22595150,0,0,0,0,269542950,0,0,0,73016400,133614900,0,2066400,58006250,0,0,10916945100,0,0,214389000,0,0,1307193950,0,0,0,184250,0,0,0,0,93688100,191953800,81443950,1440059400,0,0,52143916950,0,18450,0,0,0,36567900,3079950,156312850,0,0,0,0,60151936850,266049000,0,26383500,117175950,0,26125200,5164427250,0,0,1910083500,0,1703357700,0,0,0,0,761269500,0,2306250,0,0,35294850,0,0,0,0,0,0
"TCD",0,0,0,0,0,0,0,0,0,0,0,0,0,0,0,0,0,0,0,0,0,0,0,0,0,0,0,0,0,0,0,0,0,0,0,0,0,0,0,0,0,0,0,0,0,0,0,0,0,0,0,0,0,0,0,0,0,0,0,0,0,0,0,0,0,0,0,0,0,0,0,0,0,0,0,0,0,0,0,0,0,0,0,0,0,0,0,0,0,0,0,0,0,0,0,0,0,0,0,0,0,0,0,0,0,0,0,0,0,0,0,0,0,0,0,0,0,0,0,0,0,0,0,0,0,0,0,0,0,0,0,0,0,0,0,0,0,0,0,0,0,0,0,0,0,0,0,0,0,0,0,0,0,0,0,0,0,0,0,0,0,0,0,0,0,0,0,0,0,0,0,0,0,0,0,0,0,0,0,0,0,0,0,0,0,0,0,0,0,0,0,0,0,0,0
"CHL",0,0,0,0,0,998161350,2009350,0,0,0,0,0,0,0,2349101550,0,16881750,0,0,0,0,0,0,0,0,162681750,0,0,0,239850,0,2380050,2346530100,0,0,0,617857150,550019950,0,0,0,0,0,245050200,0,0,0,209165950,0,0,0,0,0,0,553094100,0,0,0,0,18450,0,0,0,0,0,0,1792085350,0,0,7821568100,706438800,0,0,0,0,0,0,0,0,0,0,20465250,0,0,0,0,0,0,0,0,0,12915000,0,0,0,0,0,0,0,0,0,0,0,0,0,0,0,0,0,0,0,0,0,0,0,0,461250,0,0,0,0,10595900,434972900,0,0,0,0,203994250,0,0,4385060850,1527523150,0,0,0,0,0,0,0,0,0,0,0,0,0,0,0,0,0,0,0,0,0,0,0,0,0,0,0,0,5976550,202950,0,0,24035800,0,0,0,0,0,0,0,0,0,0,0,36700,0,6059742150,0,491508000,0,3393839550,0,0,0,0,0,0,0,0,0,0,0,0
"CHN",0,0,27453600,63689400,0,26313000,16185526200,26553300,118703950,126253350,238850,237123950,0,0,63707850,0,2578562450,0,0,4335750,92988000,0,8872287750,0,100818900,7793011100,24151050,36900,57047400,0,2060348850,0,286543500,62896050,245827800,550500,305089200,503463600,33885350,0,2007378450,95102150,1468000,455263500,0,390180600,151918500,18117900,84851550,2490000,0,136844600,0,2020837450,0,3504850,12115100,0,0,2199320050,0,13214844950,0,143630900,0,0,354756600,4493331450,23111550,81807300,56807550,410120153700,40495100,0,2140200,538780650,1227991100,3470575750,452462150,150606400,2237601650,2415275550,83560050,90910600,0,93693190050,479219400,0,4686300,659831000,168854714550,32490326700,503572950,18446250,0,157426500,0,363834000,41678550,41254200,34955267500,42997500,12675550,33834699100,804622950,0,46356050,0,1510250750,1942470250,3544835200,191689200,56261500,1245000,0,275867150,2933653350,0,11715750,0,1845000,3553208550,129279150,20560050,2404127250,56293500,1036475350,1023499000,40729050,9235828750,595658250,462752700,25550676350,235634550,605415200,0,0,2281500,15331950,8154900,0,0,13366716950,0,0,0,0,3191075550,0,7730550,400734000,0,0,11122861550,1863450,840153600,2145471100,7656750,2619900,0,205206300,73800,73308250,32656500,66245350,105257250,27355972250,3628561500,0,101253600,43375950,64353600,1286746600,1808550150,55350000,0,10838552550,230427950,38639883200,7250850,642558150,6562150,142249500,1451026400,34266137500,1228917600,103948250,18450,1054810500,0,0,0,312579900,330300,119758950
"COL",0,0,0,0,168928200,18450,466558800,0,0,147600,144315900,0,0,0,667133550,0,1644946650,0,0,5202900,0,0,0,0,0,590674050,0,0,0,0,1648723850,0,0,0,625030650,0,1832837750,5871110800,0,0,84703950,91000,162230850,3213491850,0,20675422150,0,360826650,14040450,0,0,5701050,0,308594700,0,0,0,885987450,0,276750,0,449183700,0,0,0,62563950,1867103100,27601200,499958100,9712947150,414829800,0,0,0,0,0,0,0,0,0,110884500,479700,904050,0,913514850,0,0,0,0,0,0,0,147600,0,0,55350,0,0,0,0,0,0,0,0,0,0,0,0,7472250,1881900,0,0,0,0,0,0,259646850,0,0,0,0,0,0,52693200,1030819950,0,0,6416887750,0,1752750,682650,5960948650,5055300,0,42361200,0,0,0,0,0,0,0,0,128707200,271768500,103227750,0,0,904050,0,115275600,0,0,70202250,0,0,2942895300,2117967750,0,0,25221150,0,0,0,0,0,0,200127150,0,1027589600,0,0,0,2546100,0,0,523122600,0,28979872900,0,0,0,15014642700,0,0,0,0,0,0,0,0,0,0,0,0
"COM",0,0,0,0,0,0,0,0,0,0,0,0,0,0,0,0,0,0,0,0,0,0,0,0,0,0,0,0,0,0,0,0,0,0,0,0,0,0,0,0,0,0,0,0,0,0,0,0,0,0,0,0,0,0,0,0,0,0,0,0,0,0,0,0,0,0,0,0,0,0,0,0,0,0,0,0,0,0,0,0,0,0,0,0,0,0,0,0,0,0,0,0,0,0,0,0,0,0,0,0,0,0,0,0,0,0,0,0,0,0,0,0,0,0,0,0,0,0,0,0,0,0,0,0,0,0,0,0,0,0,0,0,0,0,0,0,0,0,0,0,0,0,0,0,0,0,0,0,0,0,0,0,0,0,0,0,0,0,0,0,0,0,0,0,0,0,0,0,0,0,0,0,0,0,0,0,0,0,0,0,0,0,0,0,0,0,0,0,0,0,0,0,0,0,0
"COG",0,0,0,0,0,0,0,0,0,0,0,0,0,0,0,0,0,0,0,0,0,0,0,0,0,0,0,0,0,0,0,0,0,0,0,0,0,0,0,0,0,0,0,0,0,0,0,0,0,0,0,0,0,867150,0,0,0,0,0,0,0,0,0,0,0,0,0,0,0,0,0,0,0,0,0,0,0,0,0,0,0,0,0,0,0,0,0,0,0,0,0,0,0,0,0,0,0,0,0,0,0,0,0,0,0,0,0,0,0,0,0,0,0,0,0,0,0,0,0,0,0,0,0,0,0,0,0,0,0,0,0,0,0,0,0,0,0,0,0,0,0,0,0,0,0,0,0,0,0,0,0,0,0,0,0,0,0,0,0,0,0,0,0,0,0,0,0,0,0,0,0,0,0,0,0,0,154500,0,0,0,0,0,0,0,0,0,0,0,0,0,0,0,0,0,0
"COK",0,0,0,0,0,0,0,0,0,0,0,0,0,0,0,0,0,0,0,0,0,0,0,0,0,0,0,0,0,0,0,0,0,0,0,0,0,0,0,0,0,0,0,0,0,0,0,0,0,0,0,0,0,0,0,0,0,0,0,0,0,0,0,0,0,0,0,0,0,0,0,0,0,0,0,0,0,0,0,0,0,0,0,0,0,0,0,0,0,0,0,0,0,0,0,0,0,0,0,0,0,0,0,0,0,0,0,0,0,0,0,0,0,0,36400,0,0,0,0,0,0,0,0,0,0,0,0,0,0,0,0,0,0,0,0,0,0,0,0,0,0,0,0,0,0,0,0,0,0,0,0,0,0,0,0,0,0,0,0,0,0,0,0,0,0,0,0,0,0,0,0,0,0,0,0,0,0,0,0,0,0,0,0,0,0,0,0,0,0,0,0,0,0,0,0
"CRI",0,0,0,0,2822850,0,3671550,0,0,0,2038240000,0,0,0,112063450,0,147600,0,406344850,0,0,0,0,0,0,3310500,0,0,0,0,3557808700,0,544722950,0,0,0,0,390807900,0,0,0,0,0,6032440900,0,117158350,0,18086303300,0,0,0,0,0,2293962100,0,0,0,0,0,36700,0,0,0,0,0,7988850,52131707200,0,693926000,0,17480049450,73800,0,0,0,0,0,0,0,0,0,0,0,0,2422588650,0,0,0,0,0,0,0,0,55350,0,0,0,0,0,0,0,0,0,0,0,0,0,0,0,6531300,0,0,0,0,0,0,0,0,0,0,0,0,119666696500,0,0,0,0,47122894650,0,0,0,5737550,796867100,0,0,0,0,0,0,0,0,0,0,0,0,0,0,72335700,0,0,0,0,0,0,0,0,0,701400,0,0,0,0,0,0,0,0,0,0,0,4744994450,0,0,0,423950,0,0,2825900,0,14319043050,0,0,0,3290026550,0,0,0,0,0,0,0,0,0,0,0,0
"CUB",0,0,0,0,0,0,0,0,0,0,0,0,0,0,0,0,0,0,0,0,0,0,0,0,0,0,0,0,0,0,0,0,0,0,0,0,0,0,0,0,0,0,0,782600,0,0,0,0,0,0,0,0,0,0,0,0,0,0,0,0,0,0,0,0,0,0,0,0,0,0,0,0,0,0,0,0,0,0,0,0,0,0,0,0,0,0,0,0,0,0,0,0,0,0,0,0,0,0,0,0,0,0,0,0,0,0,0,0,0,0,0,0,0,0,0,0,0,0,0,0,0,0,0,0,0,0,0,0,0,0,0,0,0,0,0,0,0,0,0,0,0,0,0,0,0,0,0,0,0,0,0,0,0,0,0,0,0,0,110700,0,18450,0,0,0,0,0,0,0,0,0,0,0,0,0,0,0,0,0,0,0,0,0,0,0,0,0,0,0,0,0,0,0,0,0,0
"CYP",0,0,0,31850000,0,0,52408550,0,0,867857600,0,475092800,0,0,0,0,0,0,0,0,0,0,0,0,0,0,0,473200,0,0,0,276750,0,0,0,0,0,0,0,0,0,27675000,0,0,0,0,1408680000,0,0,0,0,0,0,1273050,0,0,0,0,0,3357900,0,0,0,2155431100,0,0,0,0,0,0,0,6138300,0,0,0,0,0,0,0,0,0,461250,0,0,0,12501850,1096113200,0,0,0,0,0,5257945200,0,0,861835000,0,0,0,0,0,0,0,0,0,0,103967400,0,0,0,0,0,0,0,0,0,424350,0,0,0,0,0,0,0,0,0,91000,0,0,0,0,0,0,0,535050,0,0,0,2136671400,0,221400,0,18350,0,0,0,0,6421135750,0,0,0,0,0,0,0,496150,0,0,0,0,0,7009200,0,0,76097450,0,0,0,0,0,2067318650,0,0,11416828800,24900,0,9273132550,37350,16002250,0,0,0,0,0,0,0,0,0,0,0,507088400,0,0,0,0
"AZE",0,0,0,0,0,0,0,0,0,0,0,0,0,0,0,0,0,0,0,0,18450,0,0,0,0,0,0,0,0,0,0,92250,0,0,0,0,0,0,0,0,0,0,0,0,0,0,0,0,0,0,0,0,0,18450,0,0,503991750,0,0,0,0,0,0,0,0,0,0,0,0,0,0,0,0,0,0,0,0,0,0,0,0,0,0,1383750,0,0,0,1678950,0,0,0,0,424350,0,0,0,0,0,0,0,0,0,0,0,0,0,0,0,0,0,0,0,0,0,0,0,0,0,0,0,0,0,0,0,0,0,0,0,0,0,0,0,0,0,0,0,0,0,20110500,0,0,0,114747600,0,0,0,0,0,0,0,0,0,0,0,0,0,0,0,35723900,0,0,110700,0,0,0,0,0,0,0,0,0,0,55350,756450,0,0,0,74648700,0,0,0,0,0,0,0,0,0,0,0,0,0,0,0,0,0
"BEN",0,0,0,0,0,0,0,0,0,0,0,0,0,0,0,0,0,0,0,0,0,0,0,0,0,0,0,0,0,0,0,0,0,0,0,0,0,0,0,0,0,0,0,0,0,0,0,0,0,0,0,0,0,3210300,0,0,0,0,0,0,0,0,0,0,0,0,0,0,0,0,0,0,0,0,0,0,0,0,0,0,0,0,150183000,0,0,0,0,0,0,0,0,0,184500,0,0,0,0,0,0,0,0,0,0,0,0,35221050,0,0,0,0,0,0,0,0,0,0,0,0,0,0,0,0,0,4433706650,100100000,0,0,0,0,0,0,0,0,0,0,0,0,0,0,0,0,0,0,0,0,0,0,0,26955450,0,0,0,0,0,0,0,0,0,0,0,0,0,0,0,0,0,0,22324500,0,0,0,0,957356400,0,0,0,0,0,0,21623400,0,0,0,0,0,0,0,0,0,0,0,0,0,0,0
"DNK",608750,0,0,719550,0,38597400,1339448250,797113050,239850,73652400,0,3370350,0,0,442800,3542400,308261800,0,7785900,0,258300,10729994650,1549800,350550,7269300,1167991600,331850,28958700,50682150,0,1087295400,25100116950,289886400,0,1291500,0,206381700,544550,45663750,72797500,4630950,0,55350,183891150,31900050,118615050,44962650,25885350,0,1073992300,9345713100,645750,21564225250,261196442650,37398150,369000,27711900,4501800,1346850,414671553400,18450,51992100,0,390124050,0,0,77287050,4446200,105367950,332100,19188000,14013681400,536840350,89500950,72357211500,110232750,14667250,15479550,16974000,410402556150,289111500,4106259050,4370150,202950,36992250,1272441150,17176950,129150,43468200,0,250700,2423994800,23413050,5455085650,0,24815250,0,7250850,0,13708140150,0,4372650,3025800,693849150,0,713450,557826000,6192450,84464100,1590071250,2509200,4926150,3302550,4464900,2490750,8044200,637089389750,0,61512300,26918550,0,181561300,11586600,0,289111500,70549450950,2618900,362136600,495349500,184500,100404900,427670500,30443267700,42075167850,299734450,110700,0,18450,69704100,202950,195131950,0,981253850,0,0,0,0,552872700,7361450,16236000,5350500,46936800,69989350,468335150,0,1088531550,1097480763050,295200,386750,0,117539351250,812538500,0,73800,497817900,1862350,24132600,3542400,0,446176350,236731950,73800,235781450,703331850,2730600,0,88389765700,18763450,24113863100,793350,148411800,4882150,9391050,82570251100,455250,0,1863450,3948300,10070516100,31705500,92766100,0,202950,0,0
"DMA",0,0,0,0,50483600,0,0,0,617927700,0,350700,0,0,0,0,0,0,0,0,0,0,0,0,0,0,2328150,0,0,0,0,0,0,0,0,0,0,0,0,0,0,0,0,0,0,0,0,0,0,0,0,0,0,0,0,0,0,0,0,0,0,0,0,0,0,0,0,18450,0,0,0,0,0,0,0,0,0,0,0,0,0,0,0,0,0,0,0,0,0,0,0,0,0,0,0,0,0,0,0,0,0,0,0,0,0,0,0,0,0,0,0,0,0,0,0,0,0,0,0,0,0,0,0,0,0,0,0,0,0,0,0,0,0,0,0,0,0,0,0,0,0,0,0,0,0,9309550,0,0,0,0,0,0,0,0,0,0,0,0,0,0,0,0,0,0,0,0,0,0,0,0,0,0,0,0,0,0,0,0,0,0,0,0,0,0,0,0,0,0,0,0,0,0,0,0,0,0
"DOM",0,0,0,0,0,0,0,0,0,0,0,0,0,0,0,0,0,0,0,0,0,0,0,0,0,0,0,0,0,0,0,0,0,0,0,0,0,0,0,0,0,0,0,0,0,0,0,0,0,0,0,0,0,0,0,0,0,0,0,0,0,0,0,0,0,0,0,0,0,0,0,0,0,0,0,0,0,0,0,0,0,0,0,0,0,0,0,0,0,0,0,0,0,0,0,0,0,0,0,0,0,0,0,0,0,0,0,0,0,0,0,0,0,0,0,0,0,0,0,0,0,0,0,0,0,0,0,0,0,0,0,0,0,0,0,0,0,0,0,0,0,0,0,0,0,0,0,0,0,0,0,0,0,0,0,0,0,0,0,0,0,0,0,0,0,0,0,0,0,0,0,0,0,0,0,0,0,0,0,0,0,0,0,0,0,0,0,0,0,0,0,0,0,0,0
"BLR",52144200,0,0,0,0,0,0,0,0,0,0,0,0,0,0,0,0,0,0,0,0,0,0,0,0,9950550,0,0,0,0,0,348548650,0,0,0,0,0,0,0,315214650,251433000,0,0,0,0,0,0,0,0,14870700,0,0,0,0,0,0,4864584650,0,0,429565800,0,0,0,0,0,0,0,3656016000,0,0,0,178500,0,0,0,0,0,0,98301200,0,203750400,254800,0,1125674150,0,0,4544250,25173900,0,0,0,4743450,0,3159631950,0,0,0,0,0,33692950,0,41860000,0,0,0,0,0,0,0,0,332263650,0,0,14698650,0,0,0,0,0,0,0,2527350,0,0,0,0,0,68076600,0,0,0,0,0,22552350,0,0,0,0,0,0,0,0,302081735200,0,0,0,0,0,0,0,0,0,0,481500,0,100573200,0,0,84910200,0,0,83500,0,308154450,0,0,0,0,0,0,0,0,0,110700,0,0,0,10076413300,306410400,0,0,0,6633536000,369000,0,0,0,0,0,0,611858700,0,0,0,0
"ECU",0,0,0,0,0,0,0,0,0,0,0,0,0,0,127860400,0,0,0,0,0,0,0,0,0,0,0,0,0,0,0,131643050,0,231709000,0,0,0,239467500,0,0,0,0,0,0,0,0,0,0,0,0,0,0,0,0,0,0,0,0,0,0,3450000,0,0,0,0,0,0,18763650,0,0,0,0,0,0,0,0,0,0,0,0,0,0,0,0,0,0,0,0,0,0,0,0,0,0,0,0,0,0,0,0,0,0,0,0,0,0,0,0,0,0,334217850,0,0,0,0,0,0,18450,0,0,0,0,0,0,0,0,0,0,2656800,0,0,0,10096614900,0,0,35387100,0,0,0,0,0,0,0,0,0,0,0,0,0,0,0,0,0,0,0,0,0,380937200,0,0,0,0,0,0,0,0,0,0,0,0,0,0,0,0,239850,0,0,0,0,3941144000,0,0,0,1613777400,0,0,0,0,0,0,0,0,0,0,0,0
"EGY",1678950,0,0,981622700,0,0,2839157350,26881650,0,661411200,0,0,0,0,0,0,0,0,0,0,29653600,0,0,607568250,188582250,90118150,123288950,0,46946650,124034500,0,145361550,3573570750,3704602800,1363645050,0,0,0,13615700,0,5888185050,11402100,0,0,0,0,0,0,0,32545800,0,0,0,9022050,73800,8863403650,3449800,514313800,1713110550,142724950,0,137424350,0,8292400,0,0,0,391983850,0,0,0,0,461250,100500400,110700,39434150,9833850,4660900,3145915750,0,2606188550,20147400,728705150,2712150,49888150,302022650,14250802250,0,33866253950,0,0,652118850,2275188100,0,0,13152096300,0,0,58626006800,0,0,135673356400,618028000,18652950,4944600,260388300,0,609358550,18626850,4784450550,0,2244830500,1256846550,0,55031650,0,24182200,0,0,0,0,31235850,0,845623050,0,5184450,129668050,0,11420550,0,0,0,0,267026850,0,0,0,193938995850,1414405800,21044948800,17399200,2651774650,1501663950,0,0,0,42347800,24753632850,1802132550,38302200,0,0,0,82663600,109950877600,2988095200,59904673700,0,0,0,84712650,1566500,744432750,0,1328400,260038350,1125250,788992750,0,0,1355907250,347708700,675036500,7398718550,4084405200,0,174163900,127587550,2257227250,154892350,0,0,720421000,0,46355044850,74919249950,826343150,3238138800,26968150,0,0,0,11214368950,0,36617489700
"SLV",0,0,0,0,0,0,0,0,0,0,0,0,0,0,0,0,0,0,138153600,0,0,0,0,0,0,17730450,0,0,0,0,0,0,0,0,0,0,5279574500,500161050,0,0,0,0,0,1501461000,0,2950750,0,0,0,0,0,0,0,0,0,0,0,0,0,0,0,0,0,0,0,0,185984958350,0,0,44815050,141132882400,0,0,0,0,0,0,0,0,0,0,0,0,0,0,0,0,0,0,0,0,0,0,0,0,0,0,0,0,0,0,0,0,0,0,0,0,0,0,147747600,0,0,0,0,0,0,0,0,0,0,0,0,21006272150,0,0,0,0,593398550,0,0,0,0,0,0,10996200,0,0,0,0,0,0,0,0,0,0,0,0,0,0,0,0,0,0,0,0,0,34925850,0,0,0,0,0,0,0,0,0,0,0,0,0,0,0,0,0,0,0,0,0,21970526300,0,0,0,4811950,0,0,0,0,0,0,0,0,0,0,0,0
"GNQ",0,0,0,0,0,0,0,0,0,0,0,0,0,0,0,0,0,0,0,0,0,0,0,0,0,0,0,0,0,0,0,0,0,0,0,0,0,0,0,0,0,0,0,0,0,0,0,0,0,0,0,0,0,0,0,0,0,0,0,0,0,0,0,0,0,0,0,0,0,0,0,0,0,0,0,0,0,0,0,0,0,0,0,0,0,0,0,0,0,0,0,0,0,0,0,0,0,0,0,0,0,0,0,0,0,0,0,0,0,0,0,0,0,0,0,0,0,0,0,0,0,0,0,0,0,0,0,0,0,0,0,0,0,0,0,0,0,0,0,0,0,0,0,0,0,0,0,0,0,0,0,0,0,0,0,0,0,0,0,0,0,0,0,0,0,0,0,0,0,0,0,0,0,0,0,0,0,0,0,0,0,0,0,0,0,0,0,0,0,0,0,0,0,0,0
"EST",0,0,0,244028766700,0,0,326100,0,0,0,0,0,0,0,0,0,0,0,0,0,0,127637100,0,0,0,20553300,0,0,0,0,0,2372550,0,0,0,0,0,0,15725900,0,0,28496629400,0,0,466490550,0,4581600,0,0,0,0,0,152352673300,0,0,0,67500,0,0,183166426100,0,0,0,14784600,0,0,0,0,0,0,0,535050,66184100,0,9944550,0,18200,0,0,23374224300,55350,10606895800,0,2785950,0,0,0,0,68840885700,0,0,0,5988450,78556481400,0,0,0,584750,0,20616620200,0,0,0,0,0,0,11925199300,0,0,0,0,9.018e+10,0,276750,0,0,322470739250,0,0,0,0,0,0,0,0,969097150,0,0,187639200,0,0,0,0,13361324700,8916881500,0,0,0,0,0,73062000,0,5412694400,0,0,0,0,171754623600,0,0,0,8265600,74390400,0,0,0,140007943800,0,0,0,49929672800,0,0,0,63245000,0,0,0,0,0,0,0,0,0,0,0,52606287650,726287700,16143750,0,654108000,0,0,0,0,0,0,0,995976050,0,21420450,0,0,0,0
"FRO",0,0,0,0,0,0,0,0,0,0,0,0,0,0,0,0,0,0,0,0,0,0,0,0,0,147600,0,0,0,0,0,0,0,0,0,0,0,0,0,0,0,461250,0,0,0,0,0,0,0,0,0,0,0,0,0,0,0,0,0,0,0,0,0,0,0,0,0,0,0,0,0,0,0,0,553500,0,0,0,0,0,0,0,0,0,0,0,0,0,0,0,0,0,0,0,0,0,0,0,0,0,0,0,0,0,0,0,0,0,0,0,0,0,0,0,0,0,0,0,0,0,0,0,0,0,0,0,0,0,0,0,0,0,0,0,0,0,0,0,0,0,0,0,0,0,0,0,0,0,0,0,0,0,0,0,0,0,0,0,0,0,3909300,0,0,0,0,0,0,0,0,0,0,0,0,0,0,0,0,0,0,0,0,0,0,0,0,0,0,0,0,0,0,0,0,0,0
"FJI",0,0,0,0,0,0,8561497050,0,0,0,0,0,0,0,0,0,0,0,0,6210689600,0,0,0,0,0,158140400,0,0,0,0,0,7915050,0,0,0,849801000,0,0,0,0,0,0,0,0,0,0,0,0,0,0,0,0,0,0,5045948500,0,0,0,0,0,0,0,15170597000,0,0,0,0,0,0,0,0,4298850,0,0,0,0,0,0,0,0,0,0,0,0,0,9909000,0,0,0,0,0,0,0,0,0,0,0,0,0,0,0,0,0,0,0,0,0,0,0,0,0,0,0,0,0,0,0,0,1621370250,0,34874704600,4125672900,0,0,0,0,0,0,0,2618504550,0,0,0,0,0,0,0,0,0,0,0,0,0,0,0,0,0,0,0,0,0,0,0,55350,0,0,0,0,0,0,0,0,0,0,0,0,14742000,0,11657583100,0,0,0,0,0,0,1709320500,46618850,47502000,1683849800,0,0,0,0,0,0,0,0,0,0,0,0,0,0,0,0
"FIN",477200,12450,0,51770901800,0,0,158925950,346268850,0,0,0,0,0,0,0,0,708450,0,0,0,0,18525600,0,0,0,315986150,0,0,0,0,0,102667200,0,0,0,0,0,0,0,2165800,0,5594679950,0,0,225402050,0,0,0,0,16819549450,0,0,0,906580950,0,0,20359850,0,154950,28053113900,0,0,0,100421700,0,0,0,0,0,0,0,320100,71788800,13458450,172055400,4085700,12450,18350,0,9226641650,78749200,193547300,0,364000,0,453250,0,0,0,0,0,20092650,1623600,2017718800,0,0,0,0,0,42194535950,0,0,0,0,0,0,0,0,0,36900,0,53106066800,0,0,0,0,115830511750,0,0,0,0,433300,0,0,12450,17731245200,0,0,1102384850,0,0,0,4780800,4253493150,20040095850,0,0,0,2250900,0,65596350,0,15706928350,0,0,0,0,94096634300,0,0,0,0,2751198100,13111950,651300,93074550,104806871000,0,0,0,72485273050,126656600,0,0,790908500,0,0,0,0,0,0,0,28261500,424350,0,0,62635889350,540707000,824282200,0,0,0,0,95357087150,0,0,0,0,1246961900,20441700,18450,0,0,0,0
"FRA",285219250,0,2593880100,11852745403650,254683800,22328350,30812810900,34595350100,166050,2624833500,68455150,0,0,0,0,0,20024815200,0,0,0,0,5987651500,22748850,0,787471644800,10369822350,28390183500,33980864800,38966400,27100526400,526169100,11255891400,918119100,19048955750,175748494950,0,539662500,1066024078000,81442834750,433748150,27887608100,44936447550,4175950,972829650,104776650,0,1481577984100,0,3785521800,3036361300,0,0,23847993700,0,36449083600,4400864600,606444500,318248623550,35942252000,1885100235500,66377550,97486502500,0,326149733850,0,55350,2102700,13642980200,0,7301185550,0,7527919150,10932996050,4473517700,1100561400,180348535000,110334070300,466931450,1307734150,326235735100,112349627750,3755204448200,1579403649550,409679150,7546050,59698548450,2431887450,0,288288350,799217650,0,263754148900,1711079650,658664200,23695400,16871447900,0,3958929800,1036041300,4018914950,504665550,21377832050,0,1137243150,173221900,619820143850,2277865300,283405002000,330663941400,537661557600,2564550,4872430283200,52021900,98395600,0,18350,6576408366800,0,13751283350,18471200,241034250,656417950,0,30058846300,43489762950,38428823300,19183800,9693125250,20913308700,0,20036700,9693550,3768845500,38212943850,2381573984200,0,0,0,5389760100,218400,15323883350,18450,7121598100,0,1208046050,0,151886250,230567928150,733292528800,219721150,157080050,9848303450,904041750,6572540750,0,4589715650,4785293261350,106933050,0,0,123470075800,560358573800,14242500,47268900,10816346500,0,564347551000,111233564400,0,442800,3551966950,536087645550,2185471850,26947673000,6550653850,0,1429093486550,2051669800,319151234400,295655656900,113948100,129150,1845000,205606428800,16148900000,455707215000,172721692100,1014750,7980511646250,141118033250,1417025050,8052500,0,0,0
"PYF",0,0,0,0,0,0,0,0,0,0,0,0,0,0,0,0,0,0,0,0,0,0,0,0,0,0,0,0,0,0,0,0,0,0,0,239850,0,0,0,0,0,0,0,0,0,0,0,0,0,0,0,0,0,1697400,0,0,0,0,0,0,0,0,0,0,0,0,0,0,0,0,0,0,0,0,0,0,0,0,0,0,0,0,0,0,0,627300,0,0,0,0,0,0,0,0,0,0,0,0,0,0,0,0,0,0,0,0,0,0,0,0,0,0,0,0,0,0,18200,0,0,0,0,0,0,0,0,0,0,0,0,0,0,0,0,0,0,0,0,0,0,0,0,0,0,0,0,0,0,0,0,0,0,0,0,0,0,0,0,0,0,0,0,0,0,0,0,0,0,0,0,0,0,0,0,0,0,0,0,0,0,0,0,0,0,0,0,0,0,0,0,0,0,0,0,0,0
"DJI",0,0,0,0,0,0,3136500,0,0,0,0,0,0,0,0,0,0,0,0,0,0,0,0,0,0,0,0,0,0,0,0,0,0,0,0,0,0,0,0,0,0,0,0,0,0,0,0,0,0,0,0,0,0,36400,0,0,0,0,0,0,0,0,0,0,0,0,0,0,0,0,0,0,0,0,0,0,0,0,0,0,0,0,0,0,0,0,0,0,0,0,0,0,0,0,0,0,0,0,0,0,0,0,0,0,0,0,0,0,0,0,0,0,0,0,0,0,0,0,0,0,0,0,0,0,0,0,0,0,0,0,0,0,0,0,0,0,0,0,0,0,0,0,0,0,0,0,0,0,0,0,0,0,0,0,0,0,0,0,0,0,0,0,0,0,0,0,0,0,0,0,0,0,0,0,0,0,0,0,0,0,0,0,0,0,0,0,0,0,0,0,0,0,0,0,0
"GEO",41260255250,0,0,0,0,0,0,133600,0,0,0,0,0,0,0,0,0,0,0,0,0,1955700,0,0,0,0,0,0,0,0,0,57490200,0,0,0,0,0,0,0,3478911950,0,0,0,0,0,0,0,0,0,0,0,0,0,0,0,0,0,0,0,0,0,54750,0,0,0,0,0,0,0,0,0,0,0,0,0,0,0,1667355850,666120000,0,0,55350,0,223724700,0,0,0,0,0,0,0,0,0,0,0,0,0,0,0,0,0,0,0,0,0,0,0,0,0,0,0,0,0,0,0,0,0,0,0,0,0,0,0,0,0,0,0,0,0,0,0,0,0,0,0,0,0,0,0,0,0,0,8763750,0,0,0,0,0,0,0,0,0,0,0,0,0,0,0,0,0,0,0,0,0,0,0,0,0,0,0,0,0,5977800,0,0,0,0,0,8154900,0,0,5055300,0,0,0,0,0,0,0,0,0,0,0,0,0
"GAB",0,0,0,0,0,0,0,0,0,0,0,0,0,0,0,0,0,0,0,0,0,0,0,0,1907416350,0,0,0,0,0,0,0,0,0,0,0,0,0,0,0,0,0,0,0,0,0,0,0,0,0,0,0,0,0,0,0,0,0,0,0,0,0,0,0,0,0,0,0,0,0,0,0,0,0,0,0,0,0,0,0,0,0,0,0,0,0,0,0,0,0,0,0,0,0,0,0,0,0,0,0,0,0,0,0,0,0,0,0,0,0,0,0,0,0,0,0,0,0,0,0,0,0,0,183500,0,0,0,0,0,0,0,0,0,0,0,0,0,0,0,0,0,0,0,0,0,0,0,0,0,36900,0,0,0,0,0,0,0,0,0,0,0,0,0,0,0,0,0,0,0,0,0,0,0,0,0,0,0,0,0,0,0,0,0,0,0,0,0,0,0,0,0,0,1107000,0,0
"GMB",0,0,0,0,0,0,0,0,0,0,0,0,0,0,0,535050,0,0,0,0,0,0,0,0,0,0,0,0,0,0,0,0,0,0,0,0,0,0,0,0,0,0,0,0,0,0,0,0,0,0,0,0,0,0,0,0,9841600,0,0,0,0,0,0,0,0,0,0,16602450,0,0,0,0,0,0,0,0,0,0,0,0,0,0,0,0,0,0,0,0,0,0,0,0,0,0,0,0,0,0,0,0,0,0,0,0,0,34025350,0,0,0,0,0,0,0,0,0,0,0,0,0,0,0,0,0,0,0,0,0,0,0,0,0,0,0,0,0,192214100,0,0,0,0,0,0,0,0,0,0,0,0,2324700,0,0,0,0,0,0,0,0,0,0,0,0,0,0,0,0,0,0,0,0,0,0,0,0,0,0,0,0,0,0,0,0,0,0,0,0,0,0,0,0,0,0,0,0,0,0
"DEU",51143550,34563800,615537400,1486413838250,0,105727100,24057774550,744371333550,0,856503650,27745200,0,0,0,13265550,1.837e+10,4457340450,0,0,0,89095050,11351320400,19317150,36355900000,114497126050,29440208800,2527650,7445550,97983928100,2546100,6626675550,6801997850,204015450,0,6199200,0,186371500,647727067600,4656061750,319842700,3057600,422542492750,0,631870450,754224950,50384550,134689282900,8689950,95581700,6477460250,275285750,2569000,62367043600,2400006703850,20087150,14687400,712781850,33116400,26335600,0,2312748300,7430922050,0,143097272800,0,0,170959350,1002915448900,0,0,9096200,2827977550,57556777050,23982876550,42397541800,27820250,141396800,1181977797900,1509818350,54139408050,226170187700,1179547396850,100927155000,1126270500,350550,3137272050,834612650,38983900,715468493700,17933400,39020300,5820805750,2659467550,5958340850,0,20109405800,4041400000,2785085850,238384474150,8765283100,2617700,87926600,13193184500,77947742700,2352392850,11384636350,8293449200,43679514500,159613900,1011255100,1230704900,633206092000,291607100800,330461400,162288926750,9069650,6224174831850,0,0,978388250,19778400,1022586550,682650,2841620800,647619118400,399731087850,1960565250,17682850,156240166350,0,124346450,216301400,24461981400,626616435250,249278964600,0,0,0,1284529400,10270500000,54113445500,6.8136e+10,46403539800,0,0,0,0,4541084218150,81748360400,76222850,693311100,20269911900,39736389050,3419935750,26812550,1047080813650,667705282800,46959414900,0,0,208204861950,606249180900,11106900,86828000,976797700,502325081100,2079213000,70381100,0,52508700,352802898600,207987700,722991273450,278811273850,271452400900,0,1373856431450,6361617500,87865297600,7191500,250513200,32914800,11491650,1773593850,51202650,481303131250,70118640700,19587196200,3934821019500,172261281900,3637862800,351262300,309421717900,0,175182750
"BIH",0,0,2563372400,0,0,0,208502200,844355500,0,0,0,0,0,0,0,0,0,0,0,0,0,757575450,0,0,0,89510800,0,0,0,0,0,294000,0,0,0,0,0,0,0,0,0,1292601450,0,0,0,0,0,0,0,0,0,0,24833700,102729600,0,0,0,0,0,354619050,0,0,0,18505350,0,0,0,0,0,0,0,0,208946250,20951029950,0,0,0,0,2969700,0,13929750,289164800,0,0,0,0,0,0,0,0,0,0,0,0,0,0,0,0,90847800,0,0,0,0,0,0,0,0,0,0,0,0,5940900,0,0,0,0,353424300,0,0,18285211700,0,0,0,0,0,0,0,0,3099600,0,0,0,0,36900,0,0,0,0,3501850,0,80073000,0,109408500,0,0,0,0,0,0,0,0,2170510050,8088000,0,0,0,29169450,0,0,0,2673632250,124815300,0,0,0,0,0,0,0,0,0,0,510761647500,23486200,0,0,1284043950,0,1188113050,825750,0,0,0,0,0,0,0,0,40756050,497650,9494886650,19041956850,0,0,31992300
"GHA",0,0,0,0,0,0,1436200,0,0,0,0,0,0,0,0,0,0,0,0,0,0,0,0,0,0,527800,0,0,0,0,0,0,0,0,0,0,0,0,0,0,15617636700,0,0,0,0,0,0,0,0,0,0,0,0,0,0,0,0,0,0,3661950,0,0,0,0,0,0,0,0,0,0,0,0,0,0,0,553500,0,0,2511680000,0,0,0,257395950,0,0,283900,0,0,0,0,0,0,0,0,0,0,0,381915000,0,0,0,0,0,0,0,2332246050,18450,0,0,0,0,7414934800,10863200,0,0,0,0,0,0,0,0,0,0,48060404700,154700000,0,18450,0,0,0,0,0,0,0,0,0,0,0,117150,0,0,0,0,0,0,0,0,0,0,0,18200,0,0,0,0,182000,127400,0,0,0,0,0,0,0,0,0,0,99940771000,0,0,0,0,2505000,0,0,0,309170750,0,6253100,85931076050,0,0,0,0,0,0,0,0,3849400,0,0,0,0,0,0
"KIR",0,0,0,0,0,0,0,0,0,0,0,0,0,0,0,0,0,0,0,0,0,0,0,0,0,0,0,0,0,0,0,0,0,0,0,0,0,0,0,0,0,0,0,0,0,0,0,0,0,0,0,0,0,0,0,0,0,0,0,0,0,0,0,0,0,0,0,0,0,0,0,0,0,0,0,0,0,0,0,0,0,0,0,0,0,0,0,0,0,0,0,0,0,0,0,0,0,0,0,0,0,0,0,0,0,0,0,0,0,0,0,682650,0,0,0,0,0,0,0,0,0,0,0,0,0,0,0,0,0,0,0,0,0,0,0,0,0,0,0,0,0,0,0,0,0,0,0,0,0,0,0,0,0,0,0,0,0,0,0,0,0,0,0,0,0,0,0,0,0,0,0,0,0,0,0,1449650,0,0,0,0,0,0,0,0,0,0,0,0,0,0,0,0,0,0,0
"GRC",848700,0,47240974900,0,0,0,2768379400,3794370450,2712150,696287700,0,0,0,0,0,0,500864000,0,0,0,0,69919964500,36900,0,31681900,1770228300,0,0,70243800,36400000,0,5881050750,0,0,0,0,3081150,2339735100,49418943500,0,0,3340990250,0,127569200,0,0,26176878000,550500,0,513995650,0,0,354518100,207180707600,0,0,590400,0,0,27072787200,0,0,0,0,0,0,0,0,0,0,0,4981039850,914959150,52916400,18200,89740300,76309200,2859750,83853400,348141900,267545200,491715335050,0,0,0,13421078600,286639150,0,65202300,0,0,593281100,8911350,106539050,0,760035700,0,2718700,5306519100,39656600,0,0,0,42052200,4667850,0,579222600,0,0,0,350550,37988550,0,125423100,0,0,14745322650,0,0,2188393500,0,24124450,0,0,0,310634500,217377900,73838450,5128762000,0,0,0,0,17163418100,32021760100,0,0,0,430733000,0,26501345250,0,160787100,0,0,0,0,347315000,0,34718200,0,118785150,504967050,173178100,0,610285050,52188682600,13726800,0,0,711908250,509077450,0,0,0,0,182119950,0,0,0,66032550,446960503400,183162523950,689944650,43526750,0,20365136650,353296400,10252695550,0,33228450,0,0,0,93927050,0,0,0,64062331000,25832350,1247325950,145055800,223356200,0,5405850
"GRL",0,0,0,0,0,0,0,0,0,0,0,0,0,0,0,0,0,0,0,0,0,0,0,0,0,0,0,0,0,0,0,0,0,0,0,0,0,0,0,0,0,0,0,0,0,0,0,0,0,0,0,0,0,0,0,0,0,0,0,0,0,0,0,0,0,0,0,0,0,0,0,0,0,0,0,0,0,0,0,0,0,0,0,0,0,0,0,0,0,0,0,0,0,0,0,0,0,0,0,0,0,0,0,0,0,0,0,0,0,0,0,0,0,0,0,0,0,0,0,0,0,0,0,0,0,0,0,0,0,0,0,0,0,0,0,0,0,0,0,0,0,0,0,0,0,0,0,0,0,0,0,0,0,0,0,0,0,0,0,0,0,0,0,0,0,0,0,0,0,0,0,0,0,0,0,0,0,0,0,0,0,0,0,0,0,0,0,0,0,0,0,0,0,0,0
"GRD",0,0,0,0,0,0,0,0,0,0,0,0,0,0,0,0,0,0,0,0,0,0,0,0,0,0,0,0,0,0,0,0,0,0,0,0,0,0,0,0,0,0,0,0,0,0,0,0,0,0,0,0,0,0,0,0,0,0,0,0,0,0,0,0,0,0,0,0,0,0,0,0,0,0,0,0,0,0,0,0,0,0,0,0,0,0,0,0,0,0,0,0,0,0,0,0,0,0,0,0,0,0,0,0,0,0,0,0,0,0,0,0,0,0,0,0,0,0,0,0,0,0,0,0,0,0,0,0,0,0,0,0,0,0,0,0,0,0,0,0,0,0,0,0,0,18062550,0,0,0,0,0,0,0,0,0,0,0,0,0,0,0,0,0,0,0,0,0,0,0,0,0,0,0,0,0,0,0,0,0,0,0,0,0,0,0,0,0,0,0,0,0,0,0,0,0
"GTM",0,0,0,0,0,0,0,0,0,0,0,0,0,0,0,0,0,0,1543747050,0,0,0,0,0,0,0,0,0,0,0,22240200,0,131716300,0,0,0,33873100800,7304600700,0,0,0,0,0,20711542500,0,0,0,81756092000,0,0,0,0,0,26586450,0,0,0,0,0,0,0,0,0,0,0,0,0,0,358299000,0,137030155250,0,0,0,0,0,0,0,0,0,0,0,0,0,279591300,0,0,0,0,0,0,0,0,0,0,0,0,0,0,0,0,0,0,0,0,0,0,0,0,12716697700,0,0,0,0,0,0,0,0,0,0,0,0,49249881650,0,0,0,0,17056765850,0,0,4538700,318151800,0,0,0,0,0,0,0,0,0,0,0,0,0,0,0,0,0,0,0,0,0,0,0,0,719550,0,0,0,0,0,0,0,0,0,0,0,0,0,0,0,0,0,0,0,0,0,5338829200,0,0,0,106807050,0,0,0,0,0,0,0,0,0,0,0,0
"GIN",0,0,0,0,0,0,0,0,0,0,0,0,0,0,0,0,0,0,0,0,0,0,0,0,0,0,0,0,0,0,0,0,0,0,1143900,0,0,0,0,0,0,0,0,0,0,0,0,0,0,0,0,0,0,52322450,0,0,0,0,0,0,0,0,0,0,0,0,0,0,0,0,0,0,0,0,0,0,0,0,0,0,0,0,0,0,0,0,0,0,0,0,0,0,0,0,0,0,0,0,0,0,0,0,0,0,0,0,0,2645280000,0,0,0,17307111800,0,0,0,0,0,0,0,0,0,0,0,6579500,0,0,827850,0,0,0,0,0,0,0,0,0,0,0,0,0,0,0,0,0,0,0,0,0,0,0,0,0,0,0,0,0,0,0,0,0,0,0,0,0,0,0,0,0,0,0,0,0,50003750,0,0,0,0,0,0,0,0,0,0,0,0,0,0,0,200400,0,0,0,0,0,0
"GUY",0,0,0,0,300063100,0,0,0,0,0,2013622000,0,0,0,0,0,2068921400,0,0,0,0,0,0,0,0,427061200,0,0,0,0,0,0,0,0,0,0,0,0,0,0,0,0,219400,0,0,0,0,0,0,0,0,0,0,0,0,0,0,0,0,0,0,0,0,0,0,34002200,0,0,0,0,0,0,0,0,0,0,0,0,0,0,0,0,0,0,0,0,0,0,0,0,0,0,0,0,0,0,0,0,0,0,0,0,0,0,0,0,0,0,0,0,0,0,0,0,0,0,73800,0,0,0,0,0,0,0,0,0,0,0,0,0,0,0,0,0,0,0,0,0,0,0,0,0,0,0,0,0,0,0,0,0,0,0,0,0,0,0,0,4988978550,0,0,0,0,0,0,0,0,0,0,0,488440300,0,0,0,0,0,0,36800,0,800917750,0,0,0,2475200,0,0,0,0,0,0,0,0,0,0,0,0
"HTI",0,0,0,0,0,0,0,0,0,0,0,0,0,0,0,0,0,0,0,0,0,0,0,0,0,0,0,0,0,0,0,0,0,0,0,0,0,0,0,0,0,0,0,0,0,0,0,0,0,0,0,0,0,0,0,0,0,0,0,0,0,0,0,0,0,0,0,0,0,0,0,0,0,0,0,0,0,0,0,0,0,0,0,0,0,0,0,0,0,0,0,0,0,0,0,0,0,0,0,0,0,0,0,0,0,0,0,0,0,0,0,0,0,0,0,0,0,0,0,0,0,0,0,0,0,0,0,0,0,0,0,0,0,0,0,0,0,0,0,0,0,0,0,0,0,0,0,0,0,0,0,0,0,0,0,0,0,0,0,0,0,0,0,0,0,0,0,0,0,0,0,0,0,0,0,0,0,0,0,0,0,0,0,0,0,0,0,0,0,0,0,0,0,0,0
"HND",0,0,0,0,0,0,0,0,0,0,0,0,0,0,0,0,0,0,432228150,0,0,0,0,0,0,12450,0,0,0,0,0,0,0,0,0,0,13815099600,0,0,0,0,0,0,3975587550,0,0,0,117060156600,0,0,0,0,0,0,0,0,0,0,0,0,0,0,0,0,0,0,38829675250,0,0,0,0,0,0,0,0,164629350,0,0,0,0,0,0,0,0,0,0,0,0,0,0,0,0,0,0,0,0,0,0,0,0,0,0,0,0,0,0,0,0,0,362614350,0,0,0,0,0,0,0,0,0,0,0,0,21155515000,0,0,36900,0,424885050,0,0,0,0,0,0,19601050,0,0,0,0,0,0,0,0,0,0,0,0,0,0,0,0,0,0,0,0,0,53512150,0,0,0,0,0,0,0,0,0,0,0,0,0,0,0,0,0,0,0,0,0,4855232000,0,0,0,175011200,0,0,0,0,0,0,0,0,0,0,0,0
"HKG",92250,0,0,0,0,0,3982014300,0,8616150,0,0,0,0,0,0,0,3118050,0,0,19190300,0,129150,65017800,350550,479700,8248595050,0,0,424350,0,0,92355366550,350550,0,0,0,36625700,0,0,18450,0,0,0,0,0,0,0,0,0,0,0,11449950,0,1576056050,0,0,0,0,0,132178950,0,14391000,0,221400,0,0,36740400,0,0,0,0,0,0,0,0,21235950,466591400,0,0,36088650,0,110798800,0,0,69644000,43802850,0,0,0,674576950,0,737242300,6273000,166050,0,129150,0,0,0,0,57412892100,16965800,0,3233774200,0,0,0,0,30079800,0,0,0,0,0,0,18689850,4358804800,0,0,0,4261050,1273322800,0,0,0,19189450,350550,154012450,0,645750,1614800,21033000,405730750,1137700,0,0,0,0,0,0,0,0,0,0,0,0,0,184500,0,40423950,0,0,0,7770431000,0,192443600,104777550,9491500,0,0,763727550,353632450,0,0,2391940650,0,241707900,0,0,15073300,0,0,0,214510950,0,0,2617096950,17878050,12988433250,0,0,0,0,1205838450,0,0,0,0,69714200,0,0,0,0,0,0
"HUN",0,3579300,708050450,0,0,0,47896200,1161540929050,0,1331315100,0,0,0,0,0,607150,85977000,0,0,0,0,43568113400,0,0,0,216007450,0,0,0,0,0,10159931250,0,0,0,0,0,110500,43410261300,479972250,312050,2880742550,0,129150,1863450,0,16752450,0,0,115917000,0,0,799694350,147605063350,18450,0,0,0,0,534428865450,568477369700,0,0,232438215200,0,0,0,0,0,0,0,4833900,0,333467989200,830250,202350,2502450,0,48156400,1959732450,1340785450,3359418314050,0,49350,0,7879250,0,18450,0,18450,0,21512600,25497900,89040050,0,146179350,0,0,14224950,2594352300,0,0,0,1051650,0,220200,5899800,0,0,0,3441550,58431150,0,118613600,0,0,415262233200,0,0,29602160600,0,513900,0,0,0,1040801400,0,0,69489745900,0,0,0,0,171086527000,672391800,0,0,0,0,0,2823536521450,0,3407312650,0,0,0,0,107083800,0,0,0,289088019500,194221498600,1604800,0,153614700,5548628950,0,0,0,4147720400,96557308400,0,0,0,0,923400,0,0,0,0,0,22507150,12244800,0,0,5885688100,5623564600,332048050,0,283594950,0,0,0,0,0,0,0,74014701050,45313200,22051512500,90903150,0,0,0
"HRV",0,0,4363816750,0,0,0,386355950,36824958500,0,166050,0,0,0,0,0,0,0,0,0,0,0,1185807000,0,0,0,126720950,0,0,0,0,0,15854750,0,0,0,0,0,0,0,5368950,0,14633150,0,0,0,0,0,0,0,0,0,0,0,1271260100,0,0,0,0,0,15120897000,294399831550,0,0,11752364050,0,0,0,0,0,0,0,6236100,18370932000,0,0,2899300,0,0,9501750,18522650,652723350,878349067000,0,0,0,20940750,96493500,0,0,0,0,18450,0,0,0,0,0,0,38302200,0,0,0,0,0,0,0,332100,0,0,0,0,100200,0,4676000,0,0,3534175450,0,0,22645855800,0,3376350,0,0,0,3763800,36900,0,56122900,0,0,0,0,11402279350,0,0,0,0,2988900,0,45128619500,0,249333300,0,0,0,0,133375050,0,0,0,113963809450,511771300,125653800,0,384469200,133237600,0,0,0,415514900,230458950,0,0,0,11651000,0,0,0,0,6974100,0,69373550,143278150,0,0,2296616550,1107000,630659900,0,0,0,0,0,0,1992600,0,0,0,453650,12697688600,2315193350,0,0,4612500
"ISL",0,0,0,0,0,0,0,793350,0,0,0,0,0,0,0,0,0,0,0,0,0,0,0,0,0,0,0,0,0,0,0,0,0,0,0,0,0,0,0,0,0,346350,0,0,0,0,0,0,0,0,157713350,0,0,1365300,0,0,0,0,0,73800,0,0,0,0,0,0,0,0,0,0,0,0,0,0,0,0,0,0,0,0,0,0,0,0,0,0,0,0,0,0,0,0,0,0,0,0,0,0,0,0,0,0,0,0,0,0,0,0,0,0,0,0,0,0,0,0,18450,0,0,0,0,0,0,0,0,37350,0,0,0,0,0,0,0,0,0,0,0,0,0,0,0,0,0,0,0,0,0,0,0,0,0,0,0,0,0,0,12232350,0,0,0,769350,0,0,0,0,0,0,0,0,0,0,0,0,0,0,0,1044600,0,36900,0,0,0,0,0,0,0,0,0,3007350,221400,0,0,0,0,0
"IND",55350,35697027450,0,186769350,0,0,55089221550,69828350,84371850,5858313900,41936850,29788628300,0,6430128600,258300,427827950,0,0,46645550,931909500,1644438050,44107950,7986157500,1072374700,7466902250,53480407850,803940300,461010150,23643873050,478851300,176855450,972565900,209979450,1486717850,25267512700,0,698594450,3421866150,80152650,0,12476468800,712602300,66567600,9026384500,110700,0,4612500,0,1556359800,0,0,395599300,150610350,1347370350,0,4571925450,29037200,735977100,6898847600,5337738600,0,21142764250,15036750,22910900,0,0,384276600,27828974750,349109150,41604223200,167489100,8546496600,0,0,0,0,877701650,9733280500,4082794950,1234221100,6189258050,240577550,13819180500,8164350,206717150,1957573650,8075122100,7457150,12084419250,203565350,171345150,3428089000,9173678100,70945500,0,1320328100,0,994601250,3819842550,21881700,4387200,15309442100,375701150,48411593900,5387847450,1282494200,2214000,5442838500,3672850200,928773350,73800,866650,3481270300,0,13839555000,543929283350,5544818850,0,55350,0,130533750,13238199300,865046700,4212849800,5314397600,1373043050,1713931200,610084650,103445950,595680900,329209050,113504400,4289846800,48244450,360109450,2051695350,63763200,0,37501969900,39474600,0,6835915200,1786610050,0,1328600,46125000,420752250,17982817850,9984228250,1838159950,8464777400,4230400,0,26304933050,50048585950,16266651700,763446400,211471100,1248600,0,1406739300,611767500,0,0,3898263250,38597699550,5455483750,16977625200,637044750,291555650,16842735800,37582650,199202550,268304684700,28325210400,0,75107386400,14760000,270268517300,7828755000,133319700,0,1423386650,322451800,142373400,11760755450,6857008200,197185150,191876500,0,0,0,2623883300,773682300,0
"IDN",3985200,0,0,204057000,0,0,28501570750,21194250,24335550,1000957800,1771200,270169200,0,4259950,0,0,313889850,0,22878000,1431766450,3366603200,4999950,27649389150,0,104150250,5399502350,0,0,359701200,0,34317000,74649193150,45737550,4168900,0,8302200,0,0,0,124500,12343050,6775400,0,219960900,0,0,125109450,0,0,0,0,928482500,0,80394750,263078550,0,52121250,5926200,3542400,99390150,0,757383300,113967700,0,0,0,0,9538650,74822200,0,0,15685266550,7767450,0,0,2700812100,0,748737900,2332728100,0,1279039100,45373350,0,0,18450,15142481850,713016600,0,30866850,1804493400,0,37994939750,839218650,0,25442550,955162850,0,67465800,685863000,157673700,52195050,8716250,0,45012805900,1554697600,1420650,0,0,1171186650,144379800,326860200,0,0,0,0,75645000,2920930500,0,454510400,0,1773922700,4902454500,0,36770850,530445300,3559900,935872800,8320950,0,66268793750,0,34095600,129259594400,24649200,507469250,0,78772587000,0,739964000,0,16697250,0,16280250,0,0,0,0,3142429250,73400,296883650,40841400,0,0,32304860800,57158100,117530800,1741146300,55511550,0,0,25368750,7730550,0,0,12266172950,8782200,48661733950,111050550,765264300,0,529201650,0,679589600,4210964700,74999250,27250650,16254100,2250900,11949399100,0,3690000,0,0,94573478450,0,230780450,22527450,15461100,230052850,0,0,0,0,0,231141600
"IRN",303664750,291581770800,0,61825950,0,0,1070754500,46765100,0,268863050,0,0,0,0,0,0,0,0,0,0,0,0,0,0,4446450,582586850,0,0,0,0,0,326526750,0,0,185164200,0,0,0,0,6169726300,572520000,0,0,0,17249000,0,0,0,0,0,0,0,0,0,0,97748100,82058300,0,25202700,328043000,0,140791950,0,0,0,0,0,160348950,0,0,0,738000,0,0,0,70799500,0,0,900347438700,0,0,48136447150,10390191300,145699650,0,0,171008350,47158200,4568567000,27804150,0,14085750,961175000,0,0,261207600,0,30387150,20719350,36900,0,84016950,0,467903200,12103200,417874050,0,16180650,32398200,3394800,10737900,42654400,0,0,0,0,82387250,0,0,0,0,51589350,0,107268300,223595550,6125400,22687915500,0,0,0,0,0,0,0,0,0,0,0,611335250,553500,0,0,501387600,0,0,0,0,0,615067650,0,7416900,0,0,149592600,12438830200,1766701300,18450,0,3355722900,0,150412150,6512850,7767450,13009457900,0,7103806150,46021800,831695400,0,0,102093644650,0,215751650,2430100100,829677850,0,246780550,43043850,499973900,467523000,0,7011000,0,11268950,35331750,2200934000,0,0,129150,0,0,0,458837450,0,0
"IRQ",0,0,0,0,0,0,0,0,0,0,0,0,0,0,0,0,0,0,0,0,0,0,0,0,0,0,0,0,0,0,0,0,0,0,0,0,0,0,0,0,0,0,0,0,0,0,0,0,0,0,0,0,0,0,0,0,0,0,0,0,0,0,0,0,0,0,0,0,0,0,0,0,0,0,0,0,0,0,0,0,0,0,0,0,0,0,0,0,0,0,0,0,0,0,0,0,0,0,0,0,0,0,0,0,0,0,0,0,0,0,0,0,0,0,0,0,0,0,0,0,0,0,0,0,0,0,0,0,0,0,0,0,0,0,0,0,0,0,0,0,0,0,0,0,0,0,0,0,0,0,0,0,0,0,0,0,0,0,0,0,0,0,0,0,0,0,0,0,0,0,0,0,0,0,0,0,0,0,0,0,0,0,0,0,0,0,0,0,0,0,0,0,0,0,0
"IRL",0,0,0,0,0,0,3264971400,715712400,0,62158050,0,8302500,0,0,0,0,0,0,0,0,0,206437050,0,0,0,518910150,0,0,276750,0,0,19132650,0,0,0,0,0,0,49949400,9391050,0,3188175750,0,0,0,0,55800,0,0,0,0,0,148393350,891566500,0,0,0,0,0,2683015150,291450,0,0,8726850,0,0,0,0,0,0,0,61800,0,0,3431700,0,0,0,18450,0,29427750,147120600,0,0,0,990300,0,0,0,0,0,7046700,210761500,0,0,16438950,0,0,2194800,0,0,0,0,119980350,0,0,295597700,0,21918600,0,0,0,0,0,0,0,2116321500,0,0,0,0,36900,0,0,0,107196200,50442300,0,8763750,0,0,0,0,716099850,98873550,0,0,0,246984900,0,295200,0,2251350,0,0,0,0,776234950,0,0,0,0,0,2371200,0,602115750,174244500,0,0,0,1646766450,654545400,0,0,0,36900,0,0,0,0,53689500,0,1853350,932133900,0,0,765903772600,0,3737425550,0,172027800,0,0,16153100,0,0,0,0,168156500,4623350,0,0,0,0,0
"ISR",0,0,0,0,0,425093450,4134989750,129134550,0,0,0,0,0,0,0,0,200244800,0,0,0,0,287173200,0,0,0,3448391250,0,0,11788100,0,27767250,79267400,8763750,0,553500,0,0,0,125681400,31567950,0,504785550,0,0,0,4409550,54814950,0,7241150,2177100,0,0,0,5219891700,0,0,30218250,0,0,2391609750,0,1697400,0,46400950,0,0,50517500,553500,0,136950,0,116219400,150828750,35434800,0,20601250,0,0,0,39271400,0,1632317950,15442650,0,0,303751050,1323158700,0,12769700,1362750,0,55246500,0,31162050,0,0,0,1420650,0,23431500,0,0,0,0,0,0,0,0,0,241565950,0,0,0,0,0,0,3039079450,0,0,0,0,58572900,0,0,5608800,30844900,0,29696000,46904300,553500,0,0,6070050,47537150,4963050,553500,0,0,0,0,499053650,0,353996550,0,0,0,0,0,0,0,0,986060250,98533700,45157500,0,1620735900,998458650,0,0,0,140312250,157963100,0,0,2214000,0,40199450,0,0,0,0,0,186014450,0,424350,0,6705578250,182048700,50870731700,0,96751800,13413150,0,2749050,0,0,0,0,2685174250,0,2195550,0,0,0,0
"ITA",5097765000,12793700,61889392400,2999847700,771458200,5534194150,133295916200,180125501550,377129200,5622916600,216672750,1158363750,0,36259600,278361500,64922300,83251317700,0,140880500,5688500,442656200,15850354950,317268600,0,2712896300,123723073800,1560452850,0,853801250,10276000,10462427300,104679701750,15152465450,0,583903250,6862900,4787235000,4225511700,5630636650,466946900,2819114050,176308853350,165847600,8604762600,3344106150,2700540700,23969301750,654032900,29107100,6336009450,0,66371950,37237307000,1214832768000,2662501900,434276100,6327908450,1581780250,367642250,1791150794100,8164116550,4704286250,0,62770027800,0,121788950,1507741100,5703696900,56573050,435261150,799136000,31538341500,47613203450,79527495200,4017955650,20055650000,13933661700,2651033050,4919339900,62040106650,121250292200,0,596404400,3773352300,618832950,279815690950,13584060200,2403850,3959290500,1140794150,31235600,84984405050,10145051250,14197693550,49168050,34628268200,0,1328446500,84756913750,18758753950,41721150,316907550,350550,12462797000,1026508050,5640698600,68478095950,106871050,2455829800,16760667450,667854350,17124840600,685832550,4564117550,694704850,917110500,247599327700,0,3877813950,15186111600,45660100,12420008950,176029200,82483250,408049100,53143026150,2550803650,8693562250,97361820000,26735950,324282200,2765737300,11348020850,142916650600,72981207100,0,0,510258450,9863174200,179114350,72626942200,327774200,114281804050,147368850,5726700,38088950,0,54287369050,20471621250,1207466650,692402350,81806548700,24486617350,21364534800,13442167800,50127585300,239285195150,572110200,1291500,0,203403470300,195259818300,5831467850,276706400,19288787800,3546614550,21100927000,240013050,0,424076450,4190773850,1347497550550,63765638350,48292869900,497552200,0,1072978121350,37303722350,780902692650,18505579450,4691108750,175896000,38792062700,10230192900,3736662650,15732042000,93965950,424505050,306032656950,12497666400,41146227450,11686363450,343839000,0,1211011400
"CIV",0,0,0,0,0,0,0,0,0,0,0,0,0,0,0,0,0,0,0,0,0,0,0,0,0,0,0,0,0,0,0,0,0,0,55428150,0,0,0,0,0,1368057200,0,0,0,0,0,0,0,9151200,0,0,0,0,1217350,0,0,0,63966150,52859250,364000,0,36822034000,0,0,0,0,0,1628075450,0,0,0,0,0,0,0,0,0,0,0,0,2272400,0,0,0,0,0,0,0,0,0,0,0,0,0,0,0,0,1601786400,0,0,0,0,0,0,0,55176821900,0,131340000,0,0,0,0,0,0,0,0,0,0,0,0,0,0,0,7855247450,0,0,0,0,0,0,0,0,0,0,0,0,0,0,0,0,0,0,0,0,0,0,0,0,5118572450,0,0,0,0,0,0,0,0,0,0,0,0,0,0,0,0,0,0,1590203050,0,0,0,0,0,0,0,0,367400,0,92250,242088249100,0,0,0,0,0,0,0,0,0,0,0,0,0,0,0
"KAZ",162198400,6378666566700,0,8.35e+09,0,0,0,0,0,0,0,0,0,0,0,0,0,0,0,0,0,0,0,0,0,0,0,0,0,0,0,1028449706300,0,0,0,0,0,0,0,207203763700,0,0,0,0,79771550,0,0,0,0,0,0,0,17863990000,0,0,0,19394910900,0,0,1291625900,0,0,0,0,0,0,0,0,0,0,0,560250,0,0,0,0,0,399821755600,465920000,0,0,660638840100,0,0,0,0,0,947753811800,0,0,0,0,0,0,0,0,0,0,0,192193650,0,0,0,0,0,0,0,0,0,0,13985505000,0,0,5183360000,0,0,17461687000,0,0,0,0,0,0,0,0,4.676e+09,0,0,0,0,0,0,0,30450145400,0,0,0,0,0,0,0,0,964838463700,0,0,0,0,0,0,0,0,0,0,0,0,0,10048139500,0,3724320473000,0,127684943500,0,0,134931241850,0,0,0,0,0,0,0,40249388100,347885669850,2399334350,0,0,7615200000,735371000,8.35e+09,0,0,8069548646700,0,1202400000,0,0,0,0,0,0,0,0,0,0,0
"JAM",0,0,0,0,399290250,0,73800,0,97611900,0,723636700,0,0,0,0,0,0,0,19983150,0,0,0,0,0,0,2697983150,55350,0,0,0,0,92250,166050,0,0,0,0,0,0,0,0,0,41271850,461250,0,0,0,0,0,0,0,0,0,60165450,0,0,0,0,0,18200,0,0,0,0,0,1067575050,0,0,7280000500,6971600,0,0,0,0,0,0,0,0,0,147600,0,0,0,0,0,55350,0,0,0,0,0,0,0,0,0,0,0,0,0,0,0,0,0,0,0,0,0,0,0,0,0,0,0,0,0,0,1291500,0,0,0,0,0,0,0,0,0,0,0,0,0,0,0,0,0,0,0,0,0,0,0,0,0,0,15986850,59248250,194764950,0,0,0,0,0,0,0,0,0,0,0,2165679900,0,0,0,0,0,0,0,0,0,0,0,630924250,0,0,0,36900,0,0,1836245900,0,15813640750,0,0,0,0,0,0,0,0,0,0,0,0,0,0,0,0
"JPN",0,0,0,0,0,20824550,8289221250,807400,0,170367600,0,0,0,0,0,0,510506300,0,0,0,64497200,251289000,32460700,0,0,3363393700,0,0,0,0,4422800,23547946250,0,0,0,0,0,0,0,0,0,36703500,0,0,0,0,0,0,0,0,0,2624050,17389000,656304050,0,3382200,0,0,0,679936850,0,0,0,33210000,0,0,0,0,0,3311700,0,397890443700,0,0,0,76279600,4114808400,0,0,0,71079150,2142208500,0,0,0,0,8338950,0,1981800,1399432900,0,8343481100,34701850,0,5682600,14179850,0,0,0,0,732567800,0,0,8164419850,0,0,0,0,4275550,529549950,43561000,0,0,0,0,0,1729641500,0,3472150,0,0,684678050,0,0,0,2241300,0,24261750,0,0,1107000,498150,1188416350,2393500,217391700,0,0,0,26156200,0,0,0,148788600,0,0,0,0,2030738850,0,0,0,1394600,0,88342839850,0,0,805025650,0,0,0,121453650,360172900,0,0,63559871750,0,39734686250,0,0,0,495327150,0,0,1032810900,0,0,1779512450,5508300,39512770100,0,0,0,0,63995327400,0,0,0,0,588123300,0,0,0,0,0,0
"JOR",0,0,0,17195400,0,0,2657200,0,0,7527600,0,0,0,0,0,0,0,0,0,0,0,0,0,0,0,0,0,0,0,0,0,0,0,0,0,0,0,0,78260000,0,0,0,0,0,0,0,138319650,0,0,0,0,0,0,221400,0,0,0,0,0,64150650,0,0,0,0,0,0,0,0,0,0,0,0,0,0,0,0,0,0,22785664300,0,273972750,0,0,0,0,0,0,0,22767300,0,0,17854550,1585033250,0,0,5253930150,0,0,170555750,0,0,0,0,0,0,0,0,0,0,0,0,740601450,0,0,0,0,33283800,0,0,0,0,0,0,0,0,0,0,0,0,0,0,0,0,2121750,0,0,0,0,96659550,0,301435000,0,0,0,0,0,0,3084259500,0,0,0,0,0,0,36586350,0,1826550,0,0,0,774900,0,13342257900,0,0,0,0,0,0,0,483740550,18405050,40885200,632207700,0,0,45368550,0,1355007950,0,0,0,0,0,0,6731679650,0,0,0,0,0,0,308059750,0,3928286700
"KGZ",0,165848550,0,0,0,0,0,0,0,0,0,0,0,0,0,0,0,0,0,0,0,72950,0,0,0,0,0,0,0,0,0,187175250,0,0,0,0,0,0,0,0,0,0,0,0,0,0,0,0,0,0,0,0,0,18450,0,0,0,0,0,0,0,0,0,0,0,0,0,0,0,0,0,0,0,0,0,0,0,0,22269150,0,0,0,0,4849609750,0,0,0,0,0,0,0,0,0,0,0,0,0,0,0,0,0,0,0,0,0,0,0,0,0,0,306653850,0,0,0,0,0,0,0,0,0,0,0,0,0,0,0,0,0,0,0,0,0,0,0,55350,0,0,0,0,0,0,0,320107300,0,0,0,0,0,0,0,0,0,0,0,0,0,0,0,316787150,0,0,0,0,0,0,0,0,0,0,0,0,0,0,0,0,0,0,0,0,0,0,224997000,0,0,0,0,0,0,0,0,0,0,0,0,0
"KEN",0,0,0,0,0,0,10110600,0,0,0,0,0,0,0,0,0,0,0,0,0,0,0,0,13394700,0,503550,0,1180800,0,0,0,0,0,291200,0,0,0,0,0,0,0,0,0,0,0,0,0,0,0,0,0,0,0,501000,0,0,0,0,0,36400,0,0,0,0,0,0,0,0,0,0,0,0,133700,0,0,0,0,0,0,0,0,0,0,0,0,0,18200,0,0,0,0,0,0,0,0,0,0,0,0,0,0,0,2730600,0,0,0,0,0,0,0,0,0,0,0,0,0,0,0,0,0,0,0,0,0,18450,0,0,0,0,0,0,0,0,0,0,0,0,0,0,0,0,1574041700,0,0,0,0,0,40040000,0,0,0,0,0,0,1170338600,0,0,0,0,0,0,54600,0,0,0,131610250,0,0,0,0,0,0,0,696000,51484573250,0,6081500,0,369000,0,0,0,0,0,110700,18200000,24603250,0,0,36400,0,0,91750,5226446950,0
"KHM",0,0,0,0,0,0,183903700,23781600,0,0,0,0,0,0,0,0,0,0,0,0,0,0,0,0,0,211465400,0,0,0,0,0,163277800,0,0,0,0,0,0,0,0,0,0,0,0,0,0,0,0,0,0,0,0,0,677665500,0,0,0,0,0,282516600,0,0,0,54462800,0,0,0,0,0,0,0,45878350,0,0,0,0,0,0,0,0,0,236460350,0,0,0,54910200,0,0,0,0,0,256560750,0,0,0,0,0,0,0,0,0,0,0,265049000,0,0,0,0,0,0,0,0,0,0,0,0,431721900,0,0,0,0,0,0,0,0,13725800,0,0,33030000,0,0,0,0,0,23432950,0,0,0,0,0,0,0,0,0,0,0,0,0,0,0,0,0,0,0,0,0,172948750,0,0,0,61674350,0,0,0,0,0,11826450,0,0,0,0,0,0,0,0,0,87933200,0,416937100,0,0,0,0,9464850,0,0,0,0,102411350,0,0,0,0,0,0
"PRK",0,0,0,0,0,0,0,0,0,0,0,0,0,0,0,0,0,0,0,0,0,0,0,0,0,0,0,0,0,0,0,0,0,0,0,0,0,0,0,0,0,0,0,0,0,0,0,0,0,0,0,0,0,0,0,0,0,0,0,0,0,0,0,0,0,0,0,0,0,0,0,0,0,0,0,0,0,0,0,0,0,0,0,0,0,0,0,0,0,0,0,0,0,0,0,0,0,0,0,0,0,0,0,0,0,0,0,0,0,0,0,0,0,0,0,0,0,0,0,0,0,0,0,0,0,0,0,0,0,0,0,0,0,0,0,0,0,0,0,0,0,0,0,0,0,0,0,0,0,0,0,0,0,0,0,0,0,0,0,0,0,0,0,0,0,0,0,0,0,0,0,0,0,0,0,0,0,0,0,0,0,0,0,0,0,0,0,0,0,0,0,0,0,0,0
"KOR",0,0,0,7580250,0,433843200,13965357150,290852150,0,239643700,0,113040950,0,2693700,43613850,0,1254316850,0,0,91750,98033000,1803700,382014450,0,645750,12667715950,0,0,0,0,562686600,59607711350,12445900,0,1346850,0,72886600,0,0,6409950,922500,3926900,0,34627100,0,608850,12493100,0,0,0,0,43056450,5516550,1432385950,14058800,0,6086500,0,0,4999934050,0,74028550,2008250,110700,0,0,36132300,13288850,0,1955700,0,42596248650,5387300,0,0,479950650,14551662500,35048100,38680250,318168350,30202650,227816450,9015300,655929100,0,15429821100,4469550,9598500,87667950,427563000,0,0,833864850,0,156180300,38560500,0,0,0,99291250,59226500,752450,257300,4572194700,3191850,0,2230050,0,21044950,259224300,1579833200,1400200,0,4391100,0,64449200,4839649400,0,23376150,0,221400,4605479350,15451100,1174400,32535200,30442050,16111800,6896200,164979300,14107750,378732100,197457500,17423695500,384778600,95007750,0,73800,0,276167650,73400,0,920500,6745857300,0,0,0,0,3936398650,183500,55050,220200,0,45819650,17991585300,0,115015200,695824350,19575450,829750,3321450,1075189950,97290650,0,0,13957723800,184000,18507316950,0,0,0,50437050,552700,27854500,1545851950,2333750,0,3412961200,44851950,101787361950,0,18450,46283050,3690000,7294695700,73400,13284000,0,3450150,189665150,0,0,0,54422550,0,0
"KWT",0,0,1101000,0,0,0,7701900,0,0,4969725250,0,0,0,0,0,0,0,0,0,0,0,0,0,0,0,36900,0,0,972550,0,0,293600,0,0,0,0,0,0,0,0,0,0,0,0,0,0,21826350,0,0,0,0,0,0,0,0,0,0,0,0,0,0,0,0,0,0,0,0,0,0,0,0,0,0,0,0,0,0,670728450,7171250650,0,0,0,0,0,0,0,5411803550,0,0,0,0,0,0,0,0,55350,0,0,141290100,0,0,0,0,0,0,0,0,0,0,0,4781000,0,0,0,0,0,0,0,0,0,0,0,0,0,0,0,0,0,0,0,0,0,0,0,0,0,0,0,18471876550,0,0,0,0,0,0,0,0,304259417300,0,0,0,0,0,2306250,0,0,6309900,0,0,0,0,0,0,0,0,0,0,0,0,0,287377600,0,39717200,15543230250,0,0,3413250,0,1107550,0,0,0,0,0,0,309314250,0,0,0,0,0,0,8819100,0,6475950
"LVA",0,0,0,759983032200,0,0,37928400,40613850,0,0,0,0,0,0,0,0,30756150,0,0,0,0,52637850,0,0,0,124559550,0,0,0,0,0,33761100,0,0,2488608650,0,0,0,292003550,0,2380887550,108167176050,0,0,34443600,0,42690276800,0,586099200,150921695050,0,0,17869576900,103746560650,413315400,84121507800,12748950,604137050,2086378300,346601676100,0,2846562100,0,178754800,0,0,216907600,198180000,0,0,0,3529871500,3265650,3985200,63692550,242313700,5258250,0,0,49670974950,864321150,52646493350,0,40390050,0,1918273700,1523755050,0,449082048600,0,0,261310150,14206500,0,0,8329050,0,0,80812367450,317187607300,0,0,2.0207e+10,5147550,84630000,1818995000,18158737450,45455385200,18579150,0,0,41758374750,0,3394800,0,0,1028773250250,0,0,2398500,0,217118550,0,1382525700,381630287100,10786270450,0,935446300,3287646650,0,0,0,30322677000,21099935250,129303925400,98172500,0,0,5202900,0,127621250,5.01e+09,3042145450,0,0,0,0,1076798546050,3063598200,0,15748720050,2804400,38485350,379432300,0,146526750000,775016310000,218877400,0,0,114023665600,793350,0,0,257252750,2.505e+09,29937944400,463711550,0,0,0,0,632598886400,84711115800,60142411400,0,122834194550,1359776100,659356200,1418711900,108196350,13154850,1245420650,0,81964501800,50120511000,345897500,0,57653486600,221400,0,0,94198650000,0,5258250
"LAO",0,0,0,0,0,0,0,0,0,0,0,0,0,0,0,0,0,0,0,0,0,0,0,0,0,0,0,0,0,0,0,0,0,0,0,0,0,0,0,0,0,0,0,0,0,0,0,0,0,0,0,0,0,0,0,0,0,0,0,0,0,0,0,0,0,0,0,0,0,0,0,0,0,0,0,0,0,0,0,0,0,0,0,0,0,0,0,0,0,0,0,0,0,0,0,0,0,0,0,0,0,0,0,0,0,0,0,0,0,0,0,0,0,0,0,0,0,0,0,0,0,0,0,0,0,0,0,0,0,0,0,0,0,0,0,0,0,0,0,0,0,0,0,0,0,0,0,0,0,0,0,0,0,0,0,0,0,0,0,0,0,0,0,0,0,0,0,0,0,0,0,0,0,0,0,0,0,0,0,0,0,0,0,0,0,0,0,0,0,0,0,0,0,0,0
"LBN",4046600,0,0,2287564350,0,0,350367100,461250,0,332711550,0,0,0,0,0,0,19310200,0,0,0,0,0,0,0,21066250,322859200,0,23515350,0,5476250,728000,33086800,11495450,0,108773150,0,0,0,23843550,0,53221050,129916250,0,218400,0,0,75088950,0,922500,0,0,0,0,182710450,0,249665400,0,105317750,30888850,954877500,0,148194900,0,448200,0,0,0,83664300,0,0,0,2929800,0,184500,0,0,258300,67170200,6117779350,848700,0,54815800,189085100,0,0,239850,14226504950,0,1193000,0,424350,0,839215300,0,0,0,0,329187050,5535000,0,0,0,0,23759050,0,12232700,424350,1180700,0,0,0,3080400,4270000,0,0,0,39672300,0,0,0,0,1151100,0,9020600,51216600,5387400,0,14565900,0,0,20679750,590400,0,55350,0,0,0,0,405231000,73400,1140400,0,1788600,0,0,0,0,7475072700,50347450,0,69236700,0,0,1549800,4186000,312650,6830650,0,0,0,557537000,96131150,19209048500,0,0,3430500,0,18865550,0,0,4745222650,16703021500,2433334100,414713800,239850,0,316672500,0,463887700,11921100,7725650,0,64886000,0,0,2966737950,0,35288600,40117000,0,0,273000,64904800,0,0
"LSO",0,0,0,0,0,0,0,0,0,0,0,0,0,0,0,0,0,0,0,0,0,0,0,0,0,0,0,0,0,0,0,0,0,0,0,0,0,0,0,0,0,0,0,0,0,0,0,0,0,0,0,0,0,0,0,0,0,0,0,0,0,0,0,0,0,0,0,0,0,0,0,0,0,0,0,0,0,0,0,0,0,0,0,0,0,0,0,0,0,0,0,0,0,0,0,0,0,0,0,0,0,0,0,0,0,0,0,0,0,0,0,0,0,0,0,0,0,0,0,0,0,0,0,0,0,0,0,0,0,0,0,0,0,0,0,0,0,0,0,0,0,0,0,0,0,0,0,0,0,0,0,0,0,0,0,0,0,0,0,0,0,0,0,0,0,0,0,0,0,0,0,0,0,0,0,0,0,0,0,0,0,0,0,0,0,0,0,0,0,0,0,0,0,0,0
"LBR",0,0,0,0,0,0,0,0,0,0,0,0,0,0,0,0,0,0,0,0,0,0,0,0,0,0,0,0,0,0,0,0,0,0,0,0,0,0,0,0,0,0,0,0,0,0,0,0,0,0,0,0,0,0,0,0,0,0,0,0,0,0,0,0,0,0,0,0,0,0,0,0,0,0,0,0,0,0,0,0,0,0,0,0,0,0,0,0,0,0,0,0,0,0,0,0,0,0,0,0,0,0,0,0,0,0,0,0,0,0,0,0,0,0,0,0,0,0,0,0,0,0,0,0,0,0,0,0,0,0,0,0,0,0,0,0,0,0,0,0,0,0,0,0,0,0,0,0,0,0,0,0,0,0,0,0,0,0,0,0,0,0,0,0,0,0,0,0,0,0,0,0,0,0,0,0,0,0,0,0,0,0,0,0,0,0,0,0,0,0,0,0,0,0,0
"LBY",0,0,0,0,0,0,0,0,0,0,0,0,0,0,0,0,0,0,0,0,0,0,0,0,0,0,0,0,0,0,0,0,0,0,0,0,0,0,0,0,0,0,0,0,0,0,0,0,0,0,0,0,0,0,0,0,0,0,0,0,0,0,0,0,0,0,0,0,0,0,0,0,0,0,0,0,0,0,0,0,0,67152704000,0,0,0,0,76604400,0,0,0,0,0,0,0,0,0,0,0,0,0,0,0,0,37933200,0,0,0,0,0,0,0,0,0,0,0,0,0,0,0,0,0,0,0,0,0,0,0,0,0,0,0,0,0,0,0,0,0,0,0,0,0,0,0,0,0,0,0,0,0,0,0,0,0,0,0,0,0,0,0,0,0,0,0,0,0,0,0,0,0,0,0,10860753300,0,0,0,0,0,0,0,0,0,0,0,0,0,0,0,0,0,0,0,0,0,0,0
"LTU",400950,301894150,0,135828147400,0,0,133720000,6816564950,0,4538700,0,0,0,0,0,0,0,0,0,0,0,1006033950,0,0,0,481071600,82208000,0,0,0,0,184412400,0,0,1272908000,0,0,0,204796500,66971750,2234747000,50128803100,0,0,6279616600,0,10232724600,0,0,44571053350,0,0,11408772750,54356267600,0,0,309794300,0,92089900,368872062550,0,3531754750,0,264103150,0,0,0,0,0,0,0,5206850,289792150,188000250,256841200,86973833800,0,109175599500,0,4492085800,55479057250,46627717950,0,810238400,0,556280700,677573750,91350800,175848578500,0,0,202950,0,1554251944000,0,7345270600,0,0,0,0,0,0,53343307000,0,0,0,2273303300,0,0,0,756450,0,144220465200,645750,82581500000,0,618309544650,0,0,3413250,0,13719900,0,0,386759441600,47852088500,0,34589000,3222036450,0,0,0,23883111050,147412520350,155965839800,43680000,0,0,0,8767500000,147685800,0,37852243600,0,0,0,0,1951311055950,27554615900,0,43680000,8402550,101788650,0,0,386600637700,1186526261650,1724900,17149300,0,55150349250,992657100,0,0,4999078800,3.674e+10,6.37e+09,441860000,0,0,2564700,0,1711657448600,370759239300,1.67e+09,0,27235272650,4204711050,5462039100,0,0,50435900,0,91700629450,0,89609998050,0,0,54211004050,738000,122321100,3448350,235949089600,0,2151240000
"MAC",0,0,0,0,0,0,0,0,0,0,0,0,0,0,0,0,0,0,0,0,0,0,0,0,0,27453600,0,0,0,0,0,279087950,0,0,0,0,0,0,0,0,0,0,0,0,0,0,0,0,0,0,0,0,0,0,0,0,0,0,0,0,0,0,0,0,0,0,0,0,0,0,0,517606650,0,0,0,0,0,0,0,0,0,0,0,0,0,0,0,0,0,0,0,0,0,0,0,0,0,0,0,0,0,0,0,3579300,0,0,0,0,0,0,0,0,0,0,0,0,0,0,0,0,0,0,0,0,0,0,0,0,0,0,0,0,0,0,0,0,0,0,0,0,0,0,0,0,0,0,0,0,0,0,0,0,0,0,0,0,0,0,0,0,0,0,0,0,6531300,0,0,0,0,0,0,0,0,0,0,0,0,0,64132200,0,0,0,0,0,0,0,0,0,0,0,0,0,0,0,0
"MDG",0,0,0,0,0,0,0,0,0,0,0,0,0,0,0,0,0,0,0,0,0,0,0,0,0,0,0,0,0,0,0,0,0,10475700,0,0,0,0,0,0,0,0,0,0,0,0,0,0,0,0,0,0,0,31641300,0,0,0,0,0,0,0,0,0,0,0,0,0,0,0,0,0,0,0,0,0,0,0,0,0,0,0,0,0,0,0,0,0,0,0,0,0,0,0,0,0,0,0,0,0,0,0,0,0,0,0,0,0,0,140513200,0,0,0,0,0,0,0,0,0,0,0,0,0,0,0,0,0,0,0,0,0,0,0,0,0,0,0,0,0,0,0,0,0,0,0,0,0,0,0,0,0,0,0,0,0,0,0,0,0,0,0,0,0,0,0,0,0,0,0,0,0,0,0,0,0,0,0,0,0,0,0,0,0,0,0,0,0,0,0,0,0,0,0,0,0,0
"MWI",0,0,0,0,0,0,0,0,0,0,0,0,0,0,0,0,0,0,0,0,0,0,0,0,0,0,0,0,0,0,0,0,0,0,0,0,0,0,0,0,0,0,0,0,0,0,0,0,0,0,0,0,0,0,0,0,0,0,0,0,0,0,0,0,0,0,0,0,0,0,0,7878150,0,0,0,0,0,0,0,0,0,0,0,0,0,0,0,0,0,0,0,0,0,0,0,0,0,0,0,0,0,0,0,0,0,0,0,0,0,0,0,0,214555050,0,0,0,0,0,0,0,0,0,0,0,0,0,0,0,0,0,0,0,0,0,0,0,0,0,0,38745000,0,0,0,0,0,0,0,0,0,0,0,0,0,0,0,0,0,0,0,0,0,0,0,0,0,0,0,0,0,0,0,0,0,0,0,0,938450,0,0,0,0,0,0,0,0,0,0,51243750,0,0,0,0,0,0,0
"MYS",0,0,27269100,2959011000,0,0,51156245300,64003050,271399500,2723170350,3726900,2413896350,0,12416850,26772650,0,1957526550,0,0,1633898850,34144826200,0,36036300850,0,44519850,4697843650,1918800,0,914866650,0,346781850,72929984000,30676200,111548700,68265000,0,11125350,140220000,0,56903650,82397700,13376250,0,46752300,0,0,176935500,0,80312850,27269100,0,489454050,274185450,2855920250,545031450,199555200,57766950,37066050,62250300,150907500,0,854493300,76417850,0,0,0,0,9022050,161326800,0,0,15019810950,0,0,0,9091106700,61768277550,1305798750,8677422450,203429700,0,639790650,0,0,0,52172852250,1095985350,0,144352800,2596158250,0,55789573950,1655934750,358834050,38837250,1077092550,0,17878050,941817150,0,432105350,193171500,0,0,7088264050,0,10424250,0,8074258600,59224500,165629100,51789150,1586700,0,0,349659750,1511857550,0,661211100,0,96216750,5719405500,0,0,761117850,20102450,1372216350,144961650,0,13248742200,589459050,25516350,24308160250,0,252303750,10165950,202955550,0,1833710750,0,0,0,2076904050,0,15202800,0,0,12953234450,46881450,782085600,31678650,0,0,317751568400,0,9053544150,1413712800,179703000,0,0,98873550,0,0,7177050,39943624400,11955600,92230389200,0,178024050,157581450,3988576350,0,1189569750,15745665550,46364850,7688200,8732249150,30677250,20375574500,12933450,23985000,11475900,79168950,60469069450,187857900,756745200,58265100,0,322845300,0,0,0,6697350,0,77877450
"MDV",0,0,0,0,0,0,0,0,0,0,0,0,0,0,0,0,0,0,0,0,0,0,0,0,0,0,0,0,0,0,0,0,0,0,0,0,0,0,0,0,0,0,0,0,0,0,0,0,0,0,0,0,0,0,0,0,0,0,0,0,0,0,0,0,0,0,0,0,0,0,0,0,0,0,0,0,0,0,0,0,0,0,0,0,0,0,0,0,0,0,0,0,0,0,0,0,0,0,0,0,0,0,0,0,0,0,0,0,0,0,0,0,0,0,0,0,0,0,0,0,0,0,0,0,0,0,0,0,0,0,0,0,0,0,0,0,0,0,0,0,0,0,0,0,0,0,0,0,0,0,0,0,0,0,0,0,0,0,0,0,0,0,0,0,0,0,0,0,0,0,0,0,0,0,0,0,0,0,0,0,0,0,0,0,0,0,0,0,0,0,0,0,0,0,0
"MLI",0,0,0,0,0,0,0,0,0,0,0,0,0,0,0,0,0,0,0,0,0,0,0,0,0,0,0,0,0,0,0,0,0,0,0,0,0,0,0,0,0,0,0,0,0,0,0,0,0,0,0,0,0,9396450,0,0,0,0,0,0,0,0,0,0,0,0,0,1089057600,0,0,0,0,0,0,0,0,0,0,0,0,0,0,1008662200,0,0,0,0,0,0,0,0,0,0,0,0,0,0,0,0,0,0,0,0,0,0,0,0,0,0,0,0,0,0,0,0,0,0,0,0,0,0,0,0,55350000,0,0,0,0,0,0,0,0,0,0,0,0,0,0,0,0,0,0,0,0,0,0,0,0,0,0,0,0,0,0,0,0,296059400,0,0,0,0,0,0,0,0,0,0,0,0,0,0,0,0,0,0,0,0,0,2767500,4891136750,0,0,0,0,0,0,0,0,0,0,0,0,0,0,0
"MLT",0,0,0,14630850,0,0,1107000,0,127766250,59593500,0,0,0,0,0,0,0,0,0,0,0,0,0,0,0,857187000,0,0,0,0,0,2693700,0,0,0,0,0,0,112452750,0,0,0,0,0,0,0,0,0,0,0,0,0,0,3007350,0,0,0,0,0,2195550,0,14040450,0,0,0,0,0,0,0,0,0,88430850,0,0,0,0,0,0,0,645528600,8708400,39770739900,0,0,0,73500,33652800,0,0,0,0,0,284425200,0,0,188854200,0,0,343718650,0,0,0,0,0,1476000,0,0,0,181363500,0,0,0,0,0,0,0,18450,0,0,0,0,0,0,0,15608700,0,0,0,0,0,0,49759650,2440550,0,0,0,0,0,75165300,0,0,0,0,0,0,0,0,83209500,0,20018250,0,0,0,0,0,0,73707750,0,0,0,0,80737200,0,0,0,0,0,0,0,106327350,534478050,0,12933450,196916850,0,0,4235769450,0,0,0,0,0,0,0,0,0,0,0,0,0,0,0,0,0,0
"MRT",0,0,0,0,0,0,0,0,0,0,0,0,0,0,0,0,0,0,0,0,0,0,0,0,0,0,0,0,0,0,0,0,0,0,0,0,0,0,0,0,0,0,0,0,0,0,0,0,0,0,0,0,0,0,0,0,0,0,0,0,0,0,0,0,0,0,0,0,0,0,0,0,0,0,0,0,0,0,0,0,0,0,0,0,0,0,0,0,0,0,0,0,0,0,0,0,0,0,0,0,0,0,0,0,0,0,0,0,0,0,0,0,0,0,0,0,0,0,0,0,0,0,0,0,0,0,0,0,0,0,0,0,0,0,0,0,0,0,0,0,0,0,0,0,0,0,0,0,0,0,0,0,0,0,0,0,0,0,0,0,0,0,0,0,0,0,0,0,0,0,0,0,0,0,0,0,0,0,0,0,0,0,0,0,0,0,0,0,0,0,0,0,0,0,0
"MUS",0,0,0,0,0,0,41119300,1127550,0,0,0,0,0,0,0,0,0,0,0,0,0,202950,0,0,0,293600,0,0,0,0,0,479700,0,7742643600,0,0,0,0,0,0,0,0,0,0,0,0,0,0,0,0,0,0,0,26586323400,0,0,0,0,0,1801300,0,6022050,0,0,0,0,0,0,0,0,0,0,0,0,0,0,0,0,0,29231550,0,271307250,0,0,0,0,0,0,28144600,0,0,0,0,0,0,0,0,0,0,0,0,38462618350,105873100,680950,0,0,0,0,0,0,0,0,68947650,0,31133400,0,2933550,0,0,0,0,0,0,0,96970950,0,0,0,0,0,0,0,0,0,0,0,0,0,0,780076850,0,0,61493850,0,0,0,0,0,0,9766398500,0,0,0,0,136950,218931450,0,0,0,0,0,0,0,0,312950,0,0,0,0,0,0,6715800,107010000,6530200,90685700,0,62261300,0,0,0,0,0,0,0,0,0,0,158526500,0,147600,0,0,0,0,0
"MEX",0,0,0,1013288949500,541678850,4923000,16700,4261950,80551700,0,930913850,0,0,0,5865020900,0,1077495300,0,3688108050,0,0,0,0,0,0,58555682250,0,0,0,0,9979286850,112231350,21690362450,0,0,0,9276162250,780511600,0,0,0,5116200,0,15275906450,0,11799802800,0,10641480600,0,11715750,0,0,0,98614800,0,0,0,0,0,24372100,0,0,0,0,0,353648350,255125255000,0,5868456100,59617206200,15496846900,342785700,0,0,0,0,0,0,0,5535000,97416000,664188073450,0,0,9781355650,37055450,0,0,0,0,0,414219050,0,0,0,0,0,0,0,0,0,0,0,0,0,0,0,0,0,0,0,0,0,0,0,0,106188112750,0,0,0,0,55350,4572599850,0,2.004e+10,147600,0,84099190900,0,0,25427550,16715501100,11904651050,0,5.01e+10,0,0,0,0,0,0,0,33488600,553500,1729097050,9335700,0,0,0,0,0,0,0,0,0,73382350,685396250,503867000,0,0,119094750,184500,0,0,8948250,0,0,0,0,21926937800,0,0,638969688600,1381000950,0,0,132009750,0,2299310248800,0,328590600,0,725721854700,0,0,0,0,0,0,0,0,0,0,0,0
"MNG",0,0,0,0,0,0,0,0,0,0,0,0,0,0,0,0,0,0,0,0,0,0,0,0,0,0,0,0,0,0,0,459617050,0,0,0,0,0,0,0,0,0,0,0,0,0,0,0,0,0,0,0,0,0,0,0,0,0,0,0,0,0,0,0,0,0,0,0,0,0,0,0,0,0,0,0,0,0,0,0,0,0,0,0,81527200,0,0,0,922500,0,0,118300000,0,0,0,0,0,0,0,0,0,0,0,0,0,0,0,0,0,0,0,0,0,0,0,0,0,0,0,0,0,0,0,0,0,0,0,0,0,0,0,0,0,0,0,0,0,0,0,0,0,0,0,138398100,0,0,0,0,0,0,0,0,0,0,0,0,0,0,0,0,0,1818750,0,0,0,0,0,0,0,0,0,0,0,0,0,0,0,0,0,12120300,0,0,0,0,0,0,0,0,0,0,0,0,0,0,0,0
"MAR",0,0,0,42970050,0,0,0,0,0,29923550,0,0,0,0,0,0,0,0,0,0,0,0,0,0,212858350,765747600,27324450,15608700,0,1137500000,0,36700,0,662480000,3922608700,0,0,0,0,0,2362317650,7340000,0,0,192675000,0,0,0,1205761850,0,0,0,0,1662130700,0,0,0,372486750,462460650,107032250,0,10147500,0,0,0,0,0,23585554450,0,0,0,12533050,0,0,0,0,0,0,18929700,848700,0,575386950,408927500,0,0,0,1155781800,0,0,0,0,9450250,0,0,0,216621450,0,0,0,0,0,0,0,0,0,671391300,0,2993098600,0,0,0,0,0,0,0,0,989115800,0,0,0,0,0,0,3334364550,55350,10936600,0,0,0,0,0,0,0,0,113024700,0,0,0,0,0,0,218400000,327547500,0,0,0,15092100,87969400,6085665700,0,22020000,0,0,36700,87360000,0,3397729550,0,0,0,21818150,147600,0,0,0,0,0,2183504800,0,0,23823050,265607550,19151100,19827250,87360000,0,67821600,0,420539000,2553737750,0,0,0,0,0,0,87360000,0,610090750,0,36700,0,0,0,304111350
"MOZ",0,0,0,0,0,0,0,0,0,0,0,0,0,0,0,0,0,0,0,0,0,0,0,0,0,0,0,0,0,0,0,0,0,0,0,0,0,0,0,0,0,0,0,0,0,0,0,0,0,0,0,0,0,0,0,0,0,0,0,0,0,0,0,0,0,0,0,0,0,0,0,0,0,0,0,0,0,0,0,0,0,0,0,0,0,0,0,0,0,0,0,0,0,0,0,0,0,0,0,0,0,0,0,0,0,0,0,0,0,0,0,0,0,0,0,0,0,0,0,0,0,0,0,0,0,0,0,0,0,0,0,0,0,0,0,0,0,0,0,0,0,0,0,0,0,0,0,0,0,0,0,0,0,0,0,0,0,0,0,0,0,0,0,0,0,0,0,0,0,0,0,0,0,0,0,0,0,0,0,0,0,0,0,0,0,0,0,0,0,0,0,0,0,0,0
"MDA",0,0,0,0,0,0,30183250,42835500,0,0,0,770504600,0,0,0,0,0,0,0,0,0,1741077100,77748353000,0,0,367948100,0,0,0,0,0,43910600,0,0,0,0,0,0,15592580900,0,0,0,0,0,21256000,0,0,0,0,567743400,0,0,0,62280578200,0,0,828386550,0,0,2420836750,141345450,0,0,249986001850,0,0,0,0,0,0,0,0,61899750,0,0,3375136800,81539470100,0,0,1744202600,33816598150,437804295100,0,0,0,24900,189828900,0,0,809098300,0,14018700,0,704826900,0,45058762300,0,0,0,3173400,0,0,0,161350390000,8542350,0,912650,0,0,0,0,0,0,0,0,0,83017207100,0,0,0,0,0,0,0,0,29241300,0,0,238114000,0,0,0,3557450700,13530424100,0,0,0,0,0,841847000,379156651750,198262400,142655400,0,0,0,0,0,0,0,0,0,0,280309500,80160000,0,28757534750,0,0,0,7720800,216011210100,0,0,21849695500,0,12763275600,0,0,0,3485891200,0,55350,73800,0,0,285267757200,33728732300,1574248850,0,0,0,0,0,0,24723000,0,0,0,0,314406450,0,0,0,0
"NAM",0,0,0,0,103700,0,0,0,0,0,0,0,0,0,0,1937250,0,0,0,0,0,0,0,0,0,0,0,0,0,0,0,55350,0,36700,0,0,0,0,24900,0,0,0,0,0,0,0,0,0,0,0,237750,0,0,714250,0,0,0,0,16700,0,0,0,0,0,0,0,0,0,0,0,0,0,0,0,0,0,0,0,0,0,0,0,0,0,0,0,0,0,0,0,0,0,0,0,0,0,0,311050,0,0,0,0,0,0,0,0,0,0,0,0,0,0,0,0,0,0,0,0,0,0,0,604500,0,0,0,0,0,256550,0,0,0,0,0,0,0,0,0,0,0,119788900,0,0,0,0,0,0,0,0,0,0,0,0,0,0,0,3632631300,128850,0,0,0,0,0,0,0,0,0,0,0,0,0,0,0,0,0,18450,0,0,0,0,0,0,0,0,0,0,0,76294100,6565204750,0,91400,0,0,36900,0,0
"NPL",0,0,0,0,0,0,557091950,0,0,0,0,0,0,1670000,0,0,0,0,0,0,0,0,0,0,0,0,0,0,0,0,0,1940665300,0,0,0,0,0,0,0,0,0,0,0,0,0,0,0,0,0,0,0,0,0,0,0,0,0,0,0,744380000,0,0,0,0,0,0,0,0,0,0,0,25983600,0,0,0,18683913400,0,0,0,0,0,0,0,0,0,171956800,0,0,0,0,0,220200,49545000,0,0,0,0,0,0,0,0,0,0,519947250,0,0,0,0,0,0,0,0,0,0,0,0,0,0,0,0,0,0,0,0,0,0,0,0,0,0,0,0,0,0,0,0,0,0,0,0,0,0,15193800,0,0,0,0,132560400,0,0,0,0,0,6606000,0,0,0,0,0,0,0,0,0,0,0,0,0,0,0,0,0,0,0,43783100,0,0,542459800,0,961062900,0,0,0,0,0,0,0,0,0,60353150,0,0,0,0,0,0
"NLD",5368950,522334850,167303400,735601500,0,42360900,21265566400,28894207850,18560700,433268250,42743500,272395800,0,0,0,455000,305320200,0,92250,0,36992250,2957307750,645750,0,3005621700,5607865100,562032950,78053250,330642450,45706800,19702938950,1951880400,54778050,13210200,20404492250,0,436452100,553500,1608842300,42335300,6786575250,82954406350,3291450,1180467450,67693050,22637400,625540350,33210000,246693650,948420800,1205859300,6051600,25698657000,234887998850,20262426050,1618452450,122515000,779811950,1741670300,1142314151450,364645800,329966950,0,16195199250,0,0,5977800,49707300,5365877050,76578300,0,5253089500,7076142500,1800960350,8144431550,1875532450,40353800,32207111550,1342563850,68689442400,11936951950,40818249300,264384200,101973150,313650,5676161250,1086585450,0,307409500,221400,0,11359333800,4136144250,2054719950,0,6971481350,0,821802550,579754350,1737233400,1845000,69673300,0,2415225750,53910900,339270250,7040257350,32858350,109856100,114235350,848700,890065400,47265650,29865450,110700,49704300,0,0,43597350,77803450,0,2700787050,0,189992350,598393100,27894420800,218221200,83097650,16841564000,387450,14169600,51327900,769396350,28140486250,11049537650,42702660000,0,14428600,856322850,29058750,11618485050,5685750,7134033250,3771650,3985200,0,0,8327414750,204278400,11396800,43613813800,2724645400,4814615150,1245693100,103075700,8673504000,63780994750,24714240800,0,0,52856726150,21946842350,33689700,0,481265550,20717130850,310993200,28560600,0,121182600,557846500,441914400,40330102400,11029308650,18395850,0,414200746800,4431676050,18353079800,211444200,72236750,22306050,15499800,82968500,72588750,30590100,270591100,15867000,1147783861600,1815573200,1550410200,172193850,275293700,0,966060450
"ANT",0,0,0,0,0,0,0,0,0,0,0,0,0,0,0,0,0,0,0,0,0,0,0,0,0,0,0,0,0,0,0,0,0,0,0,0,0,0,0,0,0,0,0,0,0,0,0,0,0,0,0,0,0,0,0,0,0,0,0,0,0,0,0,0,0,0,0,0,0,0,0,0,0,0,0,0,0,0,0,0,0,0,0,0,0,0,0,0,0,0,0,0,0,0,0,0,0,0,0,0,0,0,0,0,0,0,0,0,0,0,0,0,0,0,0,0,0,0,0,0,0,0,0,0,0,0,0,0,0,0,0,0,0,0,0,0,0,0,0,0,0,0,0,0,0,0,0,0,0,0,0,0,0,0,0,0,0,0,0,0,0,0,0,0,0,0,0,0,0,0,0,0,0,0,0,0,0,0,0,0,0,0,0,0,0,0,0,0,0,0,0,0,0,0,0
"NCL",0,0,0,0,0,0,0,0,0,0,0,0,0,0,0,0,0,0,0,0,0,0,0,0,0,0,0,0,0,0,0,0,0,0,0,0,0,0,0,0,0,0,0,0,0,0,0,0,0,0,0,2984800,0,2367000,456732550,0,0,0,0,0,0,0,0,0,0,0,0,0,0,0,0,0,0,0,0,0,0,0,0,0,0,0,0,0,0,0,0,0,0,0,0,0,0,0,0,0,0,0,0,0,0,0,0,0,0,0,0,0,0,0,0,0,0,0,0,0,0,0,0,0,0,0,0,0,0,0,0,0,0,0,0,0,0,0,0,0,0,0,0,0,0,0,0,0,0,0,0,0,0,0,0,0,0,0,0,0,0,0,0,0,0,0,0,0,0,0,0,0,0,0,0,0,0,0,0,0,0,0,0,0,0,0,0,0,0,0,0,0,0,0,0,0,0,0,0
"MKD",0,1383750,19121732100,261233550,0,0,356170150,343114650,0,478700,0,1272750,0,0,0,0,0,0,0,0,0,4705636650,0,0,0,295989100,0,0,0,0,0,147544650,0,0,0,0,0,0,247894200,187415100,0,21992400,0,0,0,0,0,0,0,0,0,0,0,169961400,0,0,0,0,0,1358148000,7581990500,0,0,21990521200,0,0,0,0,0,0,0,31807800,1666754550,13818710800,0,0,0,1014750,185736150,2177100,690232950,2734580550,0,0,0,0,10793250,0,3742450,2708650,0,0,2177100,0,0,63025200,0,0,209555100,922500,0,0,0,1328400,14446350,0,21309750,20239650,12386900,0,0,4243500,0,3099600,0,0,232488450,0,0,0,0,867150,0,0,0,279462150,0,0,930009150,0,0,0,701100,11217600,31900050,0,0,0,96937550,0,21140139150,0,25885350,0,0,0,0,112747950,0,350550,0,2710471050,512042850,0,0,0,185717700,0,0,0,411102900,389737800,0,0,535050,0,0,0,0,0,0,0,459091350,148799250,0,0,506563200,0,827334550,0,0,0,92250,0,0,147618450,0,0,188282250,0,21917760400,2030441450,30959100,0,807118150
"VUT",0,0,0,0,0,0,0,0,0,0,0,0,0,0,0,0,0,0,0,0,0,0,0,0,0,0,0,0,0,0,0,0,0,0,0,0,0,0,0,0,0,0,0,0,0,0,0,0,0,0,0,0,0,0,0,0,0,0,0,0,0,0,2250900,0,0,0,0,0,0,0,0,0,0,0,0,0,18450,0,0,0,0,0,0,0,0,0,0,0,0,0,0,0,0,0,0,0,0,0,0,0,0,0,0,0,0,0,0,0,0,0,0,0,0,0,0,0,0,0,0,0,0,0,0,0,0,0,0,0,0,0,0,0,0,0,0,0,0,0,0,0,0,0,0,0,0,0,0,0,0,0,0,0,0,0,0,0,0,0,0,0,0,0,0,0,0,0,0,0,0,0,0,0,0,0,0,0,0,0,0,0,0,0,0,0,0,0,0,0,0,0,0,0,0,0,0
"NZL",0,0,0,0,0,0,80057269000,0,0,10571850,0,0,0,0,0,0,1547000,0,0,24428450,13505400,0,0,0,0,8814700,0,0,0,0,18774600,3049462650,0,0,0,3606019500,0,0,0,0,0,6900300,0,0,0,0,0,0,0,0,0,1966067050,3423500,0,811038750,0,0,0,0,627300,0,0,15644850,0,0,0,0,0,0,0,0,737592450,0,0,0,3542400,6291450,0,0,0,0,1531350,0,0,0,140109300,0,0,0,183250,0,54836550,38080800,5701050,0,0,0,0,0,0,4990150,0,0,1517219400,129150,0,0,0,2878200,0,0,0,0,0,0,18450,295843300,0,635211900,0,182889150,0,0,0,0,0,0,0,0,360013800,0,0,387560700,0,0,0,8597700,0,6586650,0,0,0,0,0,0,0,0,1155025350,0,10055250,0,0,0,1065231500,0,516600,2933550,0,0,0,1180800,0,0,0,165965500,0,230735700,0,507064550,0,6070050,0,2416950,91825650,0,40465600,2497916900,18054400,181721200,0,977850,0,0,17155950,0,0,0,0,7509150,0,0,0,0,0,0
"NIC",0,0,0,0,0,0,0,0,46623150,0,0,0,0,0,0,0,0,0,0,0,0,0,0,0,0,0,0,0,0,0,249075000,0,0,0,0,0,29985712450,0,0,0,0,0,0,3359431350,0,0,0,629956800,0,0,0,0,0,0,0,0,0,0,0,0,0,0,0,0,0,0,565252650,0,256399650,0,1688713200,0,0,0,0,0,0,0,0,0,0,0,0,0,387819000,0,0,0,0,0,0,0,0,0,0,0,0,0,0,0,0,0,0,0,0,0,0,0,0,536452100,0,0,0,0,0,0,0,0,0,0,0,0,0,0,0,0,0,994067550,0,0,0,0,0,0,0,0,0,0,0,0,0,0,0,0,13542300,0,0,0,0,0,0,0,0,0,0,0,1992600,150183000,0,0,0,147600,0,0,0,0,0,0,0,258853500,0,0,0,0,0,0,0,0,886965300,0,0,0,0,0,0,0,0,0,0,0,0,0,0,0,0
"NER",0,0,0,4089049000,0,0,0,0,0,0,0,0,0,0,0,0,0,0,0,0,23080950,0,0,0,0,0,0,0,0,2013962200,0,431465700,0,0,0,0,0,0,0,0,10957240950,0,0,0,0,0,72794450,0,0,0,0,0,0,223860000,0,0,0,0,0,0,0,0,0,0,0,0,0,0,0,0,0,0,0,0,0,916153200,0,0,0,0,0,245229400,0,0,0,0,0,0,0,0,0,0,0,0,0,0,0,0,245700000,0,0,0,0,0,0,740740000,0,0,0,0,0,0,0,109200000,0,0,0,0,0,0,0,0,0,0,6960267450,0,0,0,0,0,0,0,0,0,0,0,0,0,0,0,0,0,0,0,0,0,0,0,0,0,0,0,0,559289650,0,0,143588750,0,0,0,0,0,0,0,0,0,759323000,0,0,0,0,0,7322218850,674674450,0,0,0,0,0,4520250,0,0,0,0,0,0,0,0,0,0,0,0,0,0,0
"NGA",0,0,0,0,0,0,0,13395550,0,0,0,0,0,0,0,0,0,0,0,0,0,0,0,0,605714150,158207100,0,0,0,0,0,1820000,0,0,1339550,0,0,0,311950,0,2689525200,0,0,0,0,0,5925150,0,0,0,0,0,0,54850,0,0,36550,0,29864550,28091300,0,22341259200,0,0,0,0,0,0,0,0,0,0,0,0,0,7193200,0,0,0,24743050,0,1693000,169966100,0,0,0,0,0,0,0,0,18450,0,0,0,0,54600,0,0,0,0,0,7195500,0,0,73800,0,0,0,0,0,0,0,0,0,0,4483350,0,0,0,0,0,0,4099582750,0,460550,0,0,0,0,0,0,0,0,0,0,0,0,0,0,0,0,1030700,0,0,0,0,0,0,0,0,0,0,0,0,1565585050,0,0,0,61800,0,2917650,0,0,0,0,0,17432500,0,0,0,0,47710000,19890350,0,0,292186650,0,421854500,0,0,0,0,0,0,0,872100,0,20110100,0,0,0,0,0,0
"NOR",0,0,0,0,0,13634550,67305600,72142400,0,4335750,0,0,0,0,0,0,28265400,0,0,0,0,96198300,0,0,4538700,48813600,0,0,60368400,0,6395100,392465650,0,0,0,0,0,0,2435400,3081150,0,9692018300,0,0,0,0,12951900,0,0,104242500,351509400,0,5921333650,1341463850,147600,0,0,0,0,460225100,0,1217700,0,97073400,0,0,0,0,0,0,0,5239800,516600,1217700,746429350,17841150,0,0,0,5202900,2435400,1281479150,0,0,0,95860950,0,0,1528065900,0,0,97525150,1107000,570729700,0,7306200,0,0,0,292081950,0,0,0,289760300,0,0,256067550,0,0,8948250,0,0,0,0,0,996300,283956250,0,0,0,0,18265500,0,0,4428000,0,0,0,3099600,0,0,0,0,20516400,7306200,0,0,0,6642000,0,6863400,0,9541950,0,0,0,0,57213450,0,0,0,0,0,307988100,67748400,65146950,92184550,0,0,0,7144134100,29976300,2214000,0,14058900,0,426453300,0,0,0,0,1217700,29224800,517218000,0,0,463799250,5793300,1546164900,0,5313600,0,0,8173350,0,0,132840000,0,13675100,4980000,0,0,132840000,0,0
"PAK",0,1694165558350,0,0,0,0,3080292150,0,0,1036405500,0,6395950,0,0,0,479700,0,0,0,0,8614850,0,0,73800,0,3773635500,0,0,210913350,0,29828150,79806100,0,387423400,0,0,0,0,1345250,0,14944500,9034450,0,2822850,0,0,0,0,27324450,0,0,41190300,719550,225041400,0,24114150,313650,30799950,36733950,362813750,0,49962600,0,27389800,0,0,0,4464900,0,4778550,0,773242100,0,0,0,93726400,0,0,470372850,48441550,0,41266600,33412950,0,0,283212650,140420450,0,1550250600,0,0,360306100,742654750,0,0,190134900,0,0,0,0,0,191343650,11381350,901406550,36001550,0,0,6383700,1371649950,293600,0,16180650,473424550,0,29593800,0,30162350,0,0,0,0,311067800,0,0,38080100,443005750,0,56261300,0,0,0,0,59290700,0,97969500,0,0,0,1193715150,0,313650,0,13025700,0,0,0,0,15217697200,14280300,10903950,0,0,0,233713150,920452050,1153644150,14551550,0,0,0,216009900,3837150,0,0,114186450,2807059150,3980200,57358500,0,1844500,2848524950,11272950,2194450,19214011700,92250,0,4857874450,0,9079053400,0,0,0,0,15202800,0,1585004700,49248400,0,208919450,0,0,0,12698200,0,0
"PAN",0,0,0,0,2305250,0,0,0,73800,959400,4206600,0,0,0,0,0,129150,0,45534200,0,0,0,0,0,0,18450,0,0,0,0,36683250,0,189299350,0,0,0,3600128250,472389100,0,0,0,0,0,48375900,0,1734300,0,51106500,0,0,0,0,0,0,0,0,0,0,0,0,0,0,0,0,0,17343000,17243700,0,39532750,0,10461150,0,0,0,0,0,0,0,0,0,13980126150,0,0,0,65811150,0,0,0,0,0,0,0,0,0,0,0,0,0,0,0,0,0,0,0,0,0,0,0,0,369000,0,0,0,0,0,0,7340000,0,0,0,0,0,988350,0,0,0,0,0,0,0,31309650,6364100,0,0,0,0,0,0,0,0,0,0,0,0,129150,166050,0,0,0,0,0,0,55350,0,0,0,0,0,0,0,0,18450,0,0,0,0,0,0,0,101412600,0,0,0,0,0,0,0,0,319623500,0,12239800,0,7310391550,0,0,0,0,0,0,0,0,0,0,0,0
"CZE",0,92250,1055508500,0,0,0,5750435350,969965856300,0,0,0,0,0,0,0,0,36900,0,0,0,0,11736951300,0,0,0,27245450,0,0,0,0,17050550,105863050,0,0,0,0,0,0,15239700,86032350,114751000,9274979150,0,0,267200000,0,0,0,0,822220950,0,0,2532028550,36486792250,0,0,24925950,0,0,6977818633200,3100550,83447000,0,5050628850,0,0,0,19120700,0,36900,0,5682600,59033180100,16731720250,88892100,3505500,73050,18450,0,538407100,3410683500,168414977850,0,1705100,0,535050,36650,0,0,0,0,87500300,2287800,349511600,0,26136350,0,0,38966400,4482830900,0,0,0,504000,184100,0,273429000,0,367321050,0,13782150,5867100,0,33903350,0,0,36477011500,0,0,9132750,0,276750,0,0,0,1629847000,0,0,0,0,0,0,13800600,1041376061450,7715705400,0,0,0,39501450,0,33355259150,0,3065776000,0,0,0,0,361509300,0,2952000,0,5004356500,290903937500,0,0,30571650,22584322500,0,0,0,246274700,40341540850,0,0,10295100,0,31660200,0,0,0,0,0,3029933100,454779900,0,0,87305340650,2299309100,201476100,0,0,0,0,8206100,0,4354200,0,0,37632943750,642350,1186458350,36900,0,0,0
"PNG",0,0,0,0,0,0,0,0,0,0,0,0,0,0,0,0,0,0,0,968704050,0,0,0,0,0,0,0,0,0,0,0,0,0,0,0,0,0,0,0,0,0,0,0,0,0,0,0,0,0,0,0,17343000,0,0,0,0,0,0,0,0,0,0,0,0,0,0,0,0,0,0,0,0,0,0,0,0,0,0,0,0,0,0,0,0,0,0,0,0,0,0,0,0,0,0,0,0,0,0,0,0,0,0,0,0,0,0,0,0,0,0,0,0,0,0,0,0,0,0,0,0,0,0,0,0,0,0,0,0,0,0,0,0,0,0,0,0,0,0,0,0,0,0,0,0,0,0,0,0,0,0,0,0,0,0,0,0,0,0,0,0,0,0,0,0,0,0,0,0,0,0,0,0,0,0,0,0,0,0,0,0,0,0,0,0,0,0,0,0,0,0,0,0,0,0,0
"PRY",0,0,0,0,0,0,36900,0,0,0,0,0,0,0,17684253800,0,2021155985700,0,0,0,0,0,0,0,0,11996500,0,0,0,0,0,0,0,0,0,0,0,0,0,0,0,0,0,0,0,3309033000,0,0,0,0,0,0,0,0,0,0,0,0,0,101714850,0,0,0,0,0,0,0,0,0,0,0,0,0,0,0,0,0,0,0,0,0,0,0,0,0,0,0,0,0,0,0,0,0,0,0,0,0,0,0,0,0,0,0,0,0,0,0,0,0,0,0,0,0,0,0,0,0,0,0,0,0,0,0,0,0,0,0,0,0,0,0,0,0,0,0,0,0,0,0,0,0,0,0,0,0,0,0,0,0,0,0,0,0,0,0,0,141072000,0,0,0,0,0,0,0,0,0,0,0,0,0,0,0,0,0,0,0,0,0,70133900,0,3233166450,0,0,0,0,0,0,0,0,0,0,0,0,0,0
"PER",0,0,0,0,24999750,18450,15678000,3185000,69261300,0,65645100,0,0,0,40736410550,0,586942300,0,0,0,0,0,0,0,0,44759500,0,0,0,0,100235549650,0,44304983200,0,0,0,5060421850,639379900,36700,0,0,2991050,0,9936202900,0,42777573050,0,7345071150,1088550,0,0,0,0,26235700,0,0,0,0,0,3554000,0,0,0,0,0,21937050,3667452850,0,952222950,29779574150,4284020900,55350,0,0,0,0,0,0,0,0,0,42108500,0,0,900249300,213749800,0,0,0,0,0,752350,0,0,0,0,0,0,0,0,0,0,0,0,0,0,1284500,0,0,3207862700,0,0,0,0,0,0,87873650,0,0,0,0,0,14442900000,0,0,2899300,0,24011679950,0,0,263222550,0,0,2238700,0,0,0,0,0,0,0,0,0,0,35553150,9243450,0,0,0,0,0,0,0,699800,0,0,294948500,512005950,0,0,11383650,6178950,0,0,0,0,20129950,0,0,525898800,0,0,0,7817200,0,0,3523800,0,9884375350,0,10147500,0,3429231600,0,0,0,0,184500,13861900,0,0,0,0,0,0
"PHL",0,62951400,0,0,0,0,3221562400,0,0,2225218350,0,0,0,0,0,0,0,0,0,97969500,1630162650,0,20229055400,0,0,9801893700,0,0,0,0,0,3787575950,0,0,0,0,23523750,0,403122450,0,0,0,0,0,0,0,0,0,0,0,0,23464900,0,10810450,0,0,0,0,0,36259600,0,0,28210050,76327650,0,0,0,0,0,0,0,22252608550,0,0,0,26291250,23260718050,102120750,0,0,466415600,2960796050,0,0,0,403990950,339135600,0,0,7494900,57176550,5038179150,3870199050,0,0,628124800,0,0,0,0,32178800,0,0,2711018550,36660150,0,20478600,0,35977500,0,70294500,0,0,0,0,0,1949454600,0,10368900,0,59113800,1589041550,0,0,0,291643550,84129750,0,0,887112450,0,0,0,0,70170400,0,140145700,0,5702821550,0,0,0,0,0,0,0,0,13386240750,0,0,0,0,0,39951594750,32066100,0,278560100,0,0,0,29269100,332027300,0,0,8954998450,0,70494804050,0,0,32047650,500046850,0,0,31739459000,0,0,1498618850,0,28733949500,0,26623350,0,0,9276163150,0,59040000,0,0,0,0,0,0,0,0,0
"POL",853302450,252815400,176824800,535657053800,0,5105750,1479364800,24179149450,0,138268350,0,0,0,0,0,0,2766727500,0,0,0,0,17220689650,0,0,0,2759024750,0,0,0,0,146293700,1469537100,749291400,0,33200092500,0,78254800,257435418600,502759700,1065191850,77620500,88964829550,0,42770000,10737829500,0,1066552416350,8154900,0,16119408350,0,0,15623481800,87207945550,0,0,977884100,138359000,29226888450,2972424332300,1338723600,5576765200,0,71177971800,0,0,0,0,0,94586712500,0,325807650,65485147800,22103308400,260406700,37599300,9460350,59759550,1585888500,15359127150,3951847050,200324655450,0,1806415900,0,828294050,1393669800,118376750,400599661450,0,0,1031521050,444468600,33560544600,0,533717700,0,1814550,1605472250,173581465900,3394800,0,8.684e+09,11401350,6752700,0,1641926400,17675100,234093600,17103150,581658700,97486949450,529297387850,738319050,15223920400,0,83274405700,0,7250850,734991750,0,97821900,0,63894650,802059385000,211931387250,86149950,24889050,219578887300,0,18044100,20760750,302321700,0,155689579400,3948300,0,0,1465203100,74148317300,65542632700,6.68e+09,87274489250,0,728161400,0,0,2873254910250,42115042350,29649150,323700,5012219300,89778584000,112484700,0,448490240200,939024711250,10737900,533658550,0,124240310150,3686676450,0,823015100,131841300,241310524400,26570250,0,0,9114750,433447250,86050800,85158791100,1676571200,71887354400,0,366111523750,32745769050,14460604150,5368950,292986000,193282200,0,277763700,0,45046672600,41045500650,0,103078849300,52016400,2626071700,269622750,12822750,0,369129150
"PRT",37988550,0,13501800,129641700,166050,8966700,1860480100,1012778900,0,5645700,0,0,0,0,0,0,2018120050,0,0,0,8099550,73726200,0,0,218484300,5523571050,21944902350,0,0,0,915985050,1756103950,130422900,24358050,21072350,0,24576900,40109450,247362200,125515350,11623500,603514450,0,718513650,0,38892600,13290900,0,1816507500,118032200,0,0,501082050,58154827700,54543450,0,7306200,34691050,767121500,9528883900,0,85822350,0,339478750,0,0,4731000,314299900,0,24981300,0,3057968700,182728800,41743350,0,3837600,0,35571600,90644850,7972015700,1510015950,8129382950,73418350,0,0,1500557750,162599850,0,401490750,0,0,1160549100,15913200,0,0,51629700,0,0,123947100,35534700,460551950,2933550,0,36992250,19889100,15076850,80468450,110700,129946750,138067250,0,1095815500,1654992400,0,22125600,0,8676796150,0,0,0,0,31918500,0,0,22232250,4645200,3523950,118291100,4145350,0,0,529385100,56217150,7463019550,0,5455217500,0,0,1180800,0,793004900,0,374507000,0,0,0,31613053250,329425050,122535050,9022050,0,866172150,76708750,124223850,0,17721033050,386418919500,89951250,0,0,11654950,3659503050,0,0,80769900,0,119223900,10840650,0,0,196338900,5459550,571950,430966650,0,0,35517310500,230126400,10721714200,0,98702850,0,567258100,14188050,230325450,0,423903250,0,5080007100,5888472400,110600,0,7767450,0,2785950
"GNB",0,0,0,0,0,0,0,0,0,0,0,0,0,0,0,0,0,0,0,0,0,0,0,0,0,0,0,0,0,0,0,0,0,0,0,0,0,0,0,0,0,0,0,0,0,0,0,0,0,0,0,0,0,0,0,0,0,0,0,0,0,0,0,0,0,0,0,0,0,0,0,0,0,0,0,0,0,0,0,0,0,0,0,0,0,0,0,0,0,0,0,0,0,0,0,0,0,0,0,0,0,0,0,0,0,0,0,0,0,0,0,0,0,0,0,0,0,0,0,0,0,0,0,0,0,0,0,0,0,0,0,0,0,0,0,0,0,0,0,0,0,0,0,0,0,0,0,0,0,0,0,0,0,0,0,0,0,0,0,0,0,0,0,0,0,0,0,0,0,0,0,0,0,0,0,0,0,0,0,0,0,0,0,0,0,0,0,0,0,0,0,0,0,0,0
"TLS",0,0,0,0,0,0,0,0,0,0,0,0,0,0,0,0,0,0,0,0,0,0,0,0,0,0,0,0,0,0,0,0,0,0,0,0,0,0,0,0,0,0,0,0,0,0,0,0,0,0,0,0,0,0,0,0,0,0,0,0,0,0,0,0,0,0,0,0,0,0,0,0,0,0,0,0,0,0,0,0,0,0,0,0,0,0,0,0,0,0,0,0,0,0,0,0,0,0,0,0,0,0,0,0,0,0,0,0,0,0,0,0,0,0,0,0,0,0,0,0,0,0,0,0,0,0,0,0,0,0,0,0,0,0,0,0,0,0,0,0,0,0,0,0,0,0,0,0,0,0,0,0,0,0,0,0,0,0,0,0,0,0,0,0,0,0,0,0,0,0,0,0,0,0,0,0,0,0,0,0,0,0,0,0,0,0,0,0,0,0,0,0,0,0,0
"ERI",0,0,0,0,0,0,0,0,0,0,0,0,0,0,0,0,0,0,0,0,0,0,0,0,0,0,0,0,0,0,0,0,0,0,0,0,0,0,0,0,0,0,0,0,0,0,0,0,0,0,0,0,0,0,0,0,0,0,0,0,0,0,0,0,0,0,0,0,0,0,0,0,0,0,0,0,0,0,0,0,0,0,0,0,0,0,0,0,0,0,0,0,0,0,0,0,0,0,0,0,0,0,0,0,0,0,0,0,0,0,0,0,0,0,0,0,0,0,0,0,0,0,0,0,0,0,0,0,0,0,0,0,0,0,0,0,0,0,0,0,0,0,0,0,0,0,0,0,0,0,0,0,0,0,0,0,0,0,0,0,0,0,0,0,0,0,0,0,0,0,0,0,0,0,0,0,0,0,0,0,0,0,0,0,0,0,0,0,0,0,0,0,0,0,0
"QAT",0,0,0,0,0,0,0,0,0,175333600,0,0,0,0,0,0,0,0,0,0,0,0,0,0,0,0,0,0,0,0,0,0,0,0,0,0,0,0,0,0,0,0,0,0,0,0,0,0,0,0,0,0,0,0,0,0,0,0,0,0,0,0,0,0,0,0,0,8808000,0,0,0,0,0,0,0,125580000,0,73400,0,0,0,0,0,0,0,0,512469450,0,0,0,0,0,29686050,0,0,0,0,0,0,0,0,0,0,0,0,0,0,0,0,0,0,0,0,0,0,0,0,0,0,0,0,0,0,0,0,0,0,0,0,0,0,0,0,0,0,0,0,0,0,0,0,0,0,0,0,0,0,39912347300,0,0,0,0,0,13432200,0,0,0,0,0,0,0,0,0,0,0,0,0,0,0,0,15922350,0,6159800,4552203200,0,0,5977800,0,18450,0,0,0,0,0,0,0,0,0,0,0,0,0,0,0,0
"ZWE",0,0,0,0,0,0,239850,0,0,0,0,0,0,0,0,594329850,0,0,0,0,0,0,0,0,0,0,0,0,0,0,0,0,0,0,0,0,0,0,0,0,0,0,0,0,0,0,0,0,0,0,0,0,0,0,0,0,0,0,0,0,0,0,0,0,0,0,0,0,0,0,0,0,0,0,0,0,0,0,0,0,0,0,0,0,0,0,0,0,0,0,0,0,0,0,0,0,0,0,0,0,0,0,4206600,0,0,0,0,0,0,0,0,0,134113050,0,16789500,0,0,0,0,0,0,0,0,0,0,0,0,0,0,0,0,0,0,0,0,0,0,0,0,0,0,0,0,0,0,0,0,0,0,0,0,0,0,0,0,1053260000,0,0,0,0,0,0,0,0,0,0,0,0,0,0,0,0,0,0,0,0,8136450,0,0,0,0,0,0,0,0,0,0,627632100,0,0,0,0,0,0,0
"ROU",197359650,0,4011141750,678904650,0,143056600,1145982400,107784363900,0,4.2585e+10,0,0,0,0,0,0,246128550,0,0,0,0,38920669600,0,0,0,9843989650,0,0,0,0,57674100,1565574750,0,0,95117160450,0,13652400,0,68477226600,200418450,0,1882434000,0,0,108351650,0,3850904559050,0,0,173723400,0,0,74911350,247495527400,0,746042289700,1235585400,0,0,116998186700,2908463800,0,0,411495282500,0,0,0,0,0,0,0,0,43001934650,2785951800,0,350550,227824999100,16716850,734070150,40296357250,776991771950,839376677800,26495501900,56849950,0,119095663000,2550565079050,0,0,0,0,166317173050,87489900,709932450,0,109522147950,0,0,1312525131650,717411000,0,9609600000,0,85068263600,0,0,20370398750,95364498300,0,160232400,0,1080508262900,0,10430735150,0,0,161689267200,0,0,2978087500,0,31570850,0,0,100757412600,20627100,0,0,12041037400,0,0,0,24139400000,26016277550,66586341800,0,0,1.67e+10,70578391700,0,0,0,838934650,0,0,0,0,620768700,2761800,0,0,584197150,6221283100,0,78872978500,339390814650,1506691153200,7121700,0,0,2131928850,14859577950,175893169150,0,6789600,0,3182354300,0,0,0,30248140350,345536544200,502421500050,568839156600,0,0,103554909150,876042500,5263948500,0,48994500,0,0,1613173400250,1066645249100,277951822300,128989781300,0,1815631050,167875500,7574908350,12273700,1140074247300,0,9243450
"RWA",0,0,0,0,0,0,0,0,0,0,0,0,0,0,0,0,0,0,0,0,0,0,0,1835000,0,0,0,0,0,0,0,0,0,0,0,0,0,0,0,0,0,0,0,0,0,0,0,0,0,0,0,0,0,0,0,0,0,0,0,0,0,0,0,0,0,0,0,0,0,0,0,0,0,0,0,0,0,0,0,0,0,0,0,0,0,0,0,0,130330800,0,0,0,0,0,0,0,0,0,0,0,0,0,0,0,0,0,0,0,0,0,0,0,0,0,0,0,0,0,0,0,0,0,0,0,0,0,0,0,0,0,0,0,0,0,0,0,0,0,0,0,0,0,0,0,0,0,0,0,0,0,0,0,0,0,0,0,0,0,0,0,0,0,0,0,0,0,0,0,0,0,0,0,0,221400,1335431250,0,0,0,218400,0,0,0,0,0,0,0,144987296250,0,145600,0,0,0,0,109200000,0
"RUS",715837230150,140646750,483000055300,121991061800,0,0,18890850,0,0,1789650,0,6318043246100,0,0,0,0,0,0,55250,0,0,178532950,0,105460500000,674548070000,644084400,41291835500,16920500,860215179700,0,62250,352217163650,0,0,256999873800,0,0,11208150,125466384050,3971025312150,26458790000,0,0,2.338e+10,344476650150,18179620000,22810922772500,0,0,1944559850,0,0,2003507950,3406000,0,155184750000,1757993073250,0,2.8891e+10,23495737450,0,670982436300,0,405556608700,0,0,0,0,0,87660587900,0,1704672700,0,0,3324769600,725243792400,2269220793850,1527829318900,267390300,0,1864392044850,433551728900,282751273800,324543942800,0,114301308500,488630004700,70366503900,1809016244200,0,26385283050,596588415750,0,1459167163850,0,2763294641500,0,0,964880008200,452021900,1070550,0,183791850000,283874983400,0,161739500000,4875231000,286166757800,173546400,1429567899800,355130458450,1700486768500,817175605700,11245505200,38625296400,71604450,16264024650,0,0,0,0,10957200,331415960000,3.674e+09,4674183073400,103417822350,0,166050,1206150,0,0,462276374000,287490333000,10429479950,0,0,0,0,309945874450,30769750000,217998643700,208950400000,0,0,0,0,0,61844400,736567327600,0,11695535000,0,0,49903400,36900,1993766894800,126292749500,0,50182254100,0,6420081200,376222025500,325774001900,41174935050,1757629300,1765200253800,223066828800,6.2124e+10,0,0,882791941200,654896644600,10181931420150,2304441497950,503134410300,0,15705839000,35673499450,5551769850,146876500000,0,48710590400,323113186150,1690067275150,236875522100,3881840284200,289912132650,0,0,0,1412685250,2628700,3865509120400,0,8423441550
"KNA",0,0,0,0,0,0,0,0,0,0,0,0,0,0,0,0,0,0,0,0,0,0,0,0,0,0,0,0,0,0,0,0,0,0,0,0,0,0,0,0,0,0,1494000,0,0,0,0,0,0,0,0,0,0,0,0,0,0,0,0,0,0,0,0,0,0,0,0,0,0,0,0,0,0,0,0,0,0,0,0,0,0,0,0,0,0,0,0,0,0,0,0,0,0,0,0,0,0,0,0,0,0,0,0,0,0,0,0,0,0,0,0,0,0,0,0,0,0,0,0,0,0,0,0,0,0,0,0,0,0,0,0,0,0,0,0,0,0,0,0,0,0,0,0,0,0,0,0,0,0,0,0,0,0,0,0,0,0,0,0,0,0,0,0,0,0,0,0,0,0,0,0,0,0,0,0,0,0,0,73800,0,0,0,0,0,0,0,0,0,0,0,0,0,0,0,0
"LCA",0,0,0,0,40950000,0,0,0,0,0,246610000,0,0,0,0,0,0,0,0,0,0,0,0,0,0,1179750,0,0,0,0,0,0,0,0,0,0,0,0,0,0,0,0,41159350,0,0,0,0,0,0,0,0,0,0,239300,0,0,0,0,0,0,0,0,0,0,0,26331750,0,0,0,0,0,0,0,0,0,0,0,0,0,0,0,0,0,0,0,0,0,0,0,0,0,0,0,0,0,0,0,0,0,0,0,0,0,0,0,0,0,0,0,9464850,0,0,0,0,0,0,0,0,0,0,0,0,0,0,0,0,0,0,0,0,0,0,0,0,0,0,0,0,0,0,0,0,0,0,0,5590000,0,0,0,0,0,0,0,0,0,0,0,0,0,0,0,0,0,0,0,0,0,0,0,0,0,0,0,0,0,0,2313350,0,27854550,0,0,0,0,0,0,0,0,0,0,0,0,0,0,0,0
"VCT",0,0,0,0,9088625000,0,0,0,0,0,10018324750,0,0,0,0,0,0,0,0,0,0,0,0,0,0,0,0,0,0,0,0,0,0,0,0,0,0,0,0,0,0,0,7485972600,0,0,0,0,0,0,0,0,0,0,0,0,0,0,0,0,0,0,0,0,0,0,3341556400,0,0,1092000,0,0,0,0,0,0,0,0,0,0,0,0,0,0,0,0,0,0,0,0,0,0,0,0,0,0,0,0,0,0,0,0,0,0,0,0,0,0,0,0,0,0,0,0,0,0,0,0,0,0,0,0,0,0,0,0,0,0,0,0,0,0,0,0,0,0,0,0,0,0,0,0,0,0,5228805650,15668380000,0,0,0,0,0,0,0,0,0,0,0,0,0,0,0,0,0,0,0,0,0,0,0,0,307052200,0,0,0,0,0,0,313650,0,36900,0,0,0,0,0,0,0,0,0,0,0,0,0,0,0,0
"STP",0,0,0,0,0,0,0,0,0,0,0,0,0,0,0,0,0,0,0,0,0,0,0,0,0,0,0,0,0,0,0,0,0,0,0,0,0,0,0,0,0,0,0,0,0,0,0,0,0,0,0,0,0,0,0,0,0,0,0,0,0,0,0,0,0,0,0,0,0,0,0,0,0,0,0,0,0,0,0,0,0,0,0,0,0,0,0,0,0,0,0,0,0,0,0,0,0,0,0,0,0,0,0,0,0,0,0,0,0,0,0,0,0,0,0,0,0,0,0,0,0,0,0,0,0,0,0,0,0,0,0,0,0,0,0,0,0,0,0,0,0,0,0,0,0,0,0,0,0,0,0,0,0,0,0,0,0,0,0,0,0,0,0,0,0,0,0,0,0,0,0,0,0,0,0,0,0,0,0,0,0,0,0,0,0,0,0,0,0,0,0,0,0,0,0
"SAU",0,0,0,5287075400,0,0,85054500,0,0,39744181600,0,0,0,0,0,0,0,0,0,0,0,0,0,0,0,97231500,0,0,0,0,0,900950400,0,0,0,0,0,0,0,0,0,502522650,0,0,0,0,7820827750,0,0,0,0,0,0,14760000,0,3391875150,0,209167650,0,225034650,0,44040000,0,47970000,0,0,0,0,0,0,0,325679400,0,1007415000,0,534330300,0,0,146084487550,0,0,0,320402700,0,0,0,81820727300,0,75681900,0,0,14224950,63605856850,0,0,28468851000,0,836892000,1206585350,0,0,0,0,188255750,0,0,0,2014020450,0,0,0,998755950,0,0,0,89915000,963099850,0,0,0,0,0,0,34981200,24796800,0,383706700,0,0,0,0,0,0,0,33210000,0,0,0,40689014000,0,0,0,0,0,0,0,0,0,862666650,0,0,0,0,0,6559636000,10573528950,33228450,0,0,0,485474850,12915000,276750000,0,1344156300,0,0,0,0,0,40797479400,718297100,3041435250,142067897950,0,0,632779650,0,1049145300,0,0,0,0,0,911688300,72102397350,0,0,102760000,0,943190000,0,3556078750,0,9425100500
"SEN",0,0,0,0,0,0,0,0,46125000,0,0,0,0,0,0,0,0,0,0,0,0,0,0,0,0,0,13763700,0,0,0,0,0,0,0,0,0,0,0,0,0,0,0,0,0,0,0,0,0,0,0,0,0,0,40640400,0,0,0,0,10438657100,0,0,0,0,0,0,0,0,1938114750,0,0,0,0,0,0,0,0,0,0,0,0,0,0,67194900,0,0,0,0,0,0,0,0,0,0,0,0,64833300,0,92434500,0,0,0,0,0,0,0,45609927850,0,10500550,0,0,0,0,0,0,0,0,0,0,0,0,0,0,0,4044623750,1663190000,0,0,0,0,0,0,0,0,0,0,6395960200,0,0,0,0,0,0,0,0,0,0,0,0,0,0,82453050,0,0,0,0,0,0,0,0,0,0,0,0,0,0,0,0,11070000,0,0,0,0,50627650,0,0,0,593023750,0,0,2427277250,0,0,0,0,0,0,0,0,166050,0,0,0,0,0,0
"SYC",0,0,0,0,0,0,0,0,0,0,0,0,0,0,0,0,0,0,0,0,0,0,0,0,0,0,0,0,0,0,0,0,0,0,0,0,0,0,0,0,0,0,0,0,0,0,0,0,0,0,0,0,0,0,0,0,0,0,0,0,0,0,0,0,0,0,0,0,0,0,0,0,0,0,0,0,0,0,0,0,0,0,0,0,0,0,0,0,0,0,0,0,0,0,0,0,0,0,0,0,0,0,0,0,0,0,0,0,0,0,0,0,0,0,0,0,0,0,0,0,0,0,0,0,0,0,0,0,0,0,0,0,0,0,0,0,0,0,0,0,0,0,0,0,0,0,0,0,0,0,0,0,0,0,0,0,0,0,0,0,0,0,0,0,0,0,0,0,0,0,0,0,0,0,0,0,0,0,0,0,0,0,0,0,0,0,0,0,0,0,0,0,0,0,0
"SLE",0,0,0,0,0,0,0,0,0,0,0,0,0,0,0,0,0,0,0,0,0,0,0,0,8874450,12398400,0,0,0,0,0,0,0,0,0,0,0,0,0,0,0,0,0,0,0,0,0,0,0,0,0,0,0,0,0,0,0,0,0,0,0,0,0,0,0,0,0,0,0,0,0,3640000,0,0,0,0,0,0,0,0,0,0,0,0,0,0,0,0,0,0,0,0,0,0,0,0,0,0,0,0,0,0,0,0,0,0,0,0,0,0,0,0,0,0,0,0,0,0,0,0,0,0,0,0,0,0,0,0,0,0,0,0,0,0,0,0,0,0,0,0,0,0,0,0,0,0,0,0,0,0,0,0,0,0,0,0,0,0,0,0,0,0,0,0,0,0,0,0,0,0,0,0,0,0,0,0,0,0,0,0,0,0,0,0,0,0,0,0,0,0,0,0,0,0,0
"SVN",31283850,0,39890550,0,0,0,1133048100,21813466550,0,0,0,0,0,0,0,0,0,0,0,0,0,1397778350,0,0,0,158553150,0,0,18350,0,0,5150950,1669299500,0,0,0,0,0,0,2581550,0,729088600,0,0,10498050,0,0,0,0,349850,0,0,0,342587800,0,0,0,0,0,3775364600,3437249250,0,0,190694350,0,0,0,0,0,0,0,44355550,1613025250,37741843100,146800,0,0,0,3321000,125580000,175489650,340507942000,0,0,0,203900,499798950,1918800,0,0,0,0,0,0,0,0,0,0,424210300,63336900,0,0,0,18350,0,0,0,0,0,0,0,0,0,715781750,0,0,59004600,0,0,713558450,0,0,0,0,0,257700,0,29268250,869197200,0,0,0,0,4419789350,0,0,0,0,0,0,397683800,0,536857300,0,0,0,0,75693950,0,0,0,0,429573100,18450,0,0,1950712750,0,0,0,1142150150,725471700,0,4999950,0,0,37091928200,0,0,0,0,0,11003367000,36700,0,0,82089850,66534200,241739350,0,0,0,0,0,0,0,0,0,400657350,0,3085834800,345232750,0,0,0
"SVK",0,0,0,0,0,0,9657850,1046873873700,0,385350,0,0,0,0,0,0,4501800,0,0,0,0,1527799700,0,0,0,31646050,0,0,0,0,1931850,164795400,0,0,0,0,0,110700,27118200,9153450,0,109421950,0,0,45571500,0,0,0,0,4932318750,0,0,2232450,21266264100,0,0,0,0,0,690001516950,1016487950,0,0,4771086600,0,0,0,0,0,0,0,405900,777652259300,3937002500,0,0,0,147600,0,1409833100,30774600,438129701250,0,0,0,0,440400,0,0,0,0,738000,9778500,70949950,0,1918800,0,0,4852350,2674331400,0,0,0,0,0,0,23777750,0,0,0,153356400,0,0,0,0,0,206184257550,0,0,0,0,0,0,0,2457000,71776250,0,0,457859722850,0,0,0,0,964947253150,18320400,0,0,0,4077450,0,197480199300,0,718713550,0,0,0,0,38209550,36400000,0,0,10176389500,0,0,0,0,2350574350,0,0,0,113319900,106404246850,0,0,0,0,0,0,0,0,0,18450,2490750,3346700,2029500,0,2131924550,261654250,73190700,0,0,0,0,0,0,723664350,0,0,16334732500,331161000,101103900,0,0,0,29630700
"SGP",0,0,0,7490700,0,0,2700480750,0,0,732832400,7715050,390427850,0,0,0,0,25584550,0,0,136548450,10066308450,0,1969866150,0,369000,1054279500,0,0,1229225400,0,4797000,2959343750,2066400,4206600,83914650,63560250,0,0,77453100,0,0,996300,0,0,0,0,0,0,0,0,0,18299250,0,233286650,1514195750,0,0,15977700,3927200,22048950,0,0,118430550,226471750,0,0,0,0,0,0,0,29775262100,0,0,0,599169250,14274296550,0,22970250,23966550,25835850,63588450,0,0,0,6684826400,94058100,0,42438000,2555661150,13025250,8895096000,1583829850,0,0,249665400,0,0,10756350,0,3671550,0,0,91668569500,5559599850,0,4220500,0,724915200,0,2511600,23117850,1586700,0,0,0,1412050650,0,138510100,0,478848350,308325250,0,0,119573200,29663750,72231100,0,0,3651323700,0,25977600,3027885350,940950,627300,0,217827900,0,1029692900,0,0,0,10405800,0,0,0,0,1636197150,0,198404700,0,0,0,0,0,131081100,313812250,0,0,0,166461750,18956650,0,0,2654519750,18350,50225637700,0,0,0,304794000,0,149666400,2425067900,0,0,2068592500,55350,7087478350,0,0,0,0,3652038650,0,14391000,55050,0,29670750,0,0,0,0,0,0
"SOM",0,0,0,0,0,0,0,0,0,0,0,0,0,0,0,0,0,0,0,0,0,0,0,0,0,0,0,0,0,0,0,0,0,0,0,0,0,0,0,0,0,0,0,0,0,0,0,0,0,0,0,0,0,0,0,0,0,0,0,0,0,0,0,0,0,0,0,0,0,0,0,0,0,0,0,0,0,0,0,0,0,0,0,0,0,0,0,0,0,0,0,0,0,0,0,0,0,0,0,0,0,0,0,0,0,0,0,0,0,0,0,0,0,0,0,0,0,0,0,0,0,0,0,0,0,0,0,0,0,0,0,0,0,0,0,0,0,0,0,0,0,0,0,0,0,0,0,0,0,0,0,0,0,0,0,0,0,0,0,0,0,0,0,0,0,0,0,0,0,0,0,0,0,0,0,0,0,0,0,0,0,0,0,0,0,0,0,0,0,0,0,0,0,0,0
"ZAF",0,0,0,0,0,0,5935259950,1051650,0,30992700,0,0,0,0,0,122622745850,18200,0,3228750,0,0,0,0,0,627300,2009934850,0,0,55350,0,73800,196525550,36900,0,211147500,0,26106750,20885400,8089850,0,30128750,5553450,0,0,0,0,701100,0,516600,0,0,0,0,494767800,277650,78321150,0,1128400,220200,9831100,0,1404410600,0,682650,0,0,0,0,0,0,0,7010250,0,0,0,546000,0,55350,0,4241550,30947100,332100,24169500,0,0,3621800,2361600,0,187066050,0,0,80040000,1918800,0,0,590400,158664707200,23818950,0,0,0,638294650,3799949300,27861750,8854250,0,0,36700,2613992050,0,0,0,23131010600,0,86413958600,0,79873600,0,0,0,0,287874950,0,0,1162933100,24900,0,73800,0,259035150,0,0,49815000,0,0,0,0,0,33070350,143198430950,0,27730350,627300,0,0,0,9325300,83412450,1301100,3195625000,4740850,0,0,7272400,295200,0,4538700,0,0,19694134600,0,693250,0,0,834150,1644443400,5959350,55350,0,0,17246100,0,3029350,389572850,315576900,0,2882615600,0,233906100,498150,1755450,0,0,0,14734900,0,1727966100,57735090000,0,161850,0,0,239850,0,0
"ESP",121382550,0,561738450,11737831150,0,224666150,14812660300,40470351650,73800,812991350,18450,0,0,0,19625000,0,1361370350,0,0,218309000,0,2157962850,9003600,0,7594293950,6577452200,1488690750,44508500,14163500,174629000,12096416500,22505820450,9785338650,391803400,745699750,0,685248950,9150706450,2365869750,52453350,27562970150,9538421300,0,16609537800,0,8903406350,2760820650,156499400,12079378200,1011253700,0,31254300,3511290750,919337825300,105706100,250790850,164111550,834150400,201420250,84676605100,379629600,508701600,0,19598287750,0,0,740310650,139395450,15313500,1061182550,61493850,1168714550,3754953200,1653800700,630725700,968390100,31494150,124654700,2056945300,7768064150,9604140600,191576003350,25022167300,738000,26346600,4644783800,2886201600,0,27988650,2195550,131040000,3073559150,1084758450,264416750,18450,4399525500,0,114689650,41638248100,1814663150,25678550,137137050,166050,372902500,99399000,88478040900,2796384400,44524344050,304021100,6931927100,35737650,42554156700,298628650,95644800,8429250,300218400,63428902650,0,280292400,230053050,0,1612366450,31309650,257772300,410928100,18466927450,111161250,4235295800,5187951100,86102900,1028716650,1674455650,602437350,37412899000,1101033635850,176086800,0,0,405357200,0,7044977800,0,1659372450,0,0,0,143055300,29102045550,12869789750,61918200,720432750,447607500,4021951100,413475350,61254000,3162901950,0,12232350,332100,0,13968084500,13886178900,11296849450,0,551558650,131040000,697637500,50383450,0,550787850,230791050,131597507100,1769462400,11801887650,35682300,0,180165232500,286386050,39360419900,638632550,1976265150,57416400,7956137000,1037137150,79722450,1702248250,109684500,479700,109189068850,671261050,363357250,25940700,52007700,0,10165950
"SUR",0,0,0,0,0,0,3505500,0,0,0,0,0,0,0,0,0,0,0,0,0,0,0,0,0,0,0,0,0,0,0,0,0,0,0,0,0,0,0,0,0,0,0,0,0,0,0,0,0,0,0,0,0,0,212582950,0,0,0,0,0,0,0,0,0,0,0,0,0,0,416768250,0,0,0,0,0,0,0,0,0,0,0,0,0,0,0,1571806600,0,0,0,0,0,0,0,0,0,0,0,0,0,0,0,0,0,0,0,0,0,0,0,0,0,0,0,0,0,0,0,116498100,0,0,0,0,0,0,0,0,0,0,0,0,0,0,0,0,0,0,0,0,0,0,0,0,0,0,0,0,0,0,0,0,9926100,0,0,0,0,0,0,0,0,0,0,0,0,0,0,0,0,0,0,0,0,0,0,0,0,0,0,0,0,0,0,0,0,5872000,0,0,0,0,0,0,0,0,0,0,0,0
"TJK",0,0,0,0,0,0,0,0,0,0,0,0,0,0,0,0,0,0,0,0,0,0,0,0,0,0,0,0,0,0,0,0,0,0,0,0,0,0,0,0,0,0,0,0,0,0,0,0,0,0,0,0,0,0,0,0,0,0,0,0,0,0,0,0,0,0,0,0,0,0,0,0,0,0,0,0,0,0,0,0,0,0,0,0,0,0,0,0,0,0,0,0,0,0,0,0,0,0,0,0,0,0,0,0,0,0,0,0,0,0,0,0,0,0,0,0,0,0,0,0,0,0,0,0,0,0,0,0,0,0,0,0,0,0,0,0,0,0,0,0,0,0,0,0,0,0,0,0,0,0,0,0,0,0,0,0,0,0,0,0,0,0,0,0,0,0,0,0,0,0,0,0,0,0,0,0,0,0,0,0,0,0,0,0,0,0,0,0,0,0,0,0,0,0,0
"SWZ",0,0,0,0,0,0,0,0,0,0,0,0,0,0,0,0,0,0,0,0,0,0,0,0,0,0,0,0,0,0,0,0,0,0,0,0,0,0,0,0,0,0,0,0,0,0,0,0,0,0,0,0,0,0,0,0,0,0,0,0,0,0,0,0,0,0,0,0,0,0,0,0,0,0,0,0,0,0,0,0,0,0,0,0,0,0,0,0,0,0,0,0,0,0,0,0,0,0,0,0,0,0,0,0,0,0,0,0,0,0,0,0,903639150,0,0,0,0,0,0,0,0,0,0,0,0,0,0,0,0,0,0,0,0,0,0,0,0,0,0,0,0,0,0,0,0,0,0,0,0,0,0,0,0,0,0,215877150,0,0,0,0,0,0,0,0,0,0,0,0,0,0,0,0,0,0,0,0,0,0,0,0,0,0,0,0,0,0,0,0,0,0,0,0,0,0,0
"SWE",0,0,0,634826568900,0,30900,1826798500,3610211400,0,0,0,7011000,0,0,0,0,6618450,0,0,0,0,144301800,0,0,0,12434455850,0,0,0,0,83500,1494629400,0,0,0,0,0,0,17601500,7546050,0,390572624400,0,0,0,0,24900,0,0,4251737250,42952080950,0,75353666450,178682876850,0,627300,24981300,0,0,350077246550,11734200,0,0,166425800,0,0,36900,0,16470200,0,0,120748200,863364400,275880900,21944981350,1823700,0,1180800,0,89163143850,436472400,23642005150,0,0,0,1624972700,12822750,0,0,0,0,260501000,87044100,883455900,0,2398500,0,0,0,26597739250,0,0,0,57085650,0,184500,99359000,0,0,0,0,60155850,0,0,0,0,224655699850,0,0,0,0,21362700,0,0,18350,438967577000,0,24900,1197796350,0,0,36900,3065900,63103003200,106845109200,0,0,18450,0,0,481078050,0,3017482800,0,0,0,0,514020000,4500900,0,18450,8118000,486040500,136129950,0,36900,673819853950,0,0,0,0,2817151750,0,0,3224909800,0,28466700,0,0,0,48228300,0,695523700,1006575300,0,0,28533569750,16346700,11693751150,0,0,0,0,18450,0,0,0,0,20236723700,45865550,145514950,0,0,0,0
"CHE",2269350,0,0,682650,0,400400,123707050,57149921150,0,18911250,0,0,0,0,0,0,70073000,0,0,0,0,9201550,0,0,4917800,359960900,0,0,1623600,0,5751150,560016950,461250,0,36900,0,15239700,0,23675700,4095900,0,222847900,0,0,34590250,719550,9446400,0,0,1771200,0,0,383661900,17931552500,0,0,0,0,0,78779786100,0,2121250,0,10351050,0,0,0,256900,0,0,0,147651150,238738350,18450,0,73800,36770850,14205750,0,161700800,104980400,7383508900,2876450,1125200,0,479318200,6328350,0,3228450,3265650,0,103190850,121770000,5325800,275250,2158650,0,0,0,13476650,7103250,0,0,24317100,0,0,3616200,0,18450,18450,0,12915000,0,27928700,36900,0,1963491550,0,0,2564550,0,6585600,0,0,4432450,655696150,0,1457550,616806100,0,0,0,21967550,103004050,183508950,0,0,111145950,49538700,0,111997800,92250,55202400,0,313650,0,0,338815800,16700,0,0,5766300,5664300,209913500,0,73700,1402090350,0,0,0,994542450,0,0,0,23425500,0,75275900,0,0,0,0,72800,384814100,424718750,0,0,6383701850,2583000,2309294800,590400,0,0,92250,14429250,0,0,0,0,6198523250,172816950,110053050,0,0,0,0
"SYR",0,0,0,0,0,0,68598450,6873150,0,23514150,0,0,0,0,0,0,4076800,0,0,0,0,0,0,0,0,179345750,0,0,0,0,0,9841950,0,0,0,0,0,0,51200000,0,0,50993400,0,0,0,0,106574100,0,0,0,0,0,0,61952250,0,0,0,0,0,374384750,0,0,0,0,0,0,0,1468000,0,0,0,20424150,461250,0,0,0,0,0,0,0,0,12029400,0,0,0,0,3422659500,0,0,0,0,682650,119788750,0,0,1399196550,0,0,0,0,0,0,0,0,0,0,0,0,0,0,0,0,0,0,0,0,211358100,0,0,0,0,0,0,0,0,54150750,0,0,0,0,0,0,0,0,0,0,0,0,130018150,0,1845000,0,80737200,0,0,11291400,0,634203700,0,0,0,0,0,0,0,590400,3173400,0,0,0,471198300,22970250,0,0,0,0,0,0,0,963550,74296050,50184000,219764850,510464750,0,0,14880900,516600,111470150,0,0,0,0,0,0,0,0,0,347666050,0,0,0,6439050,0,0
"TKM",0,0,0,0,0,0,0,0,0,0,0,0,0,0,0,0,0,0,0,0,0,0,0,0,0,0,0,0,0,0,0,0,0,0,0,0,0,0,0,0,0,0,0,0,0,0,0,0,0,0,0,0,0,0,0,0,0,0,0,0,0,0,0,0,0,0,0,0,0,0,0,0,0,0,0,0,0,0,0,0,0,0,0,0,0,0,0,0,0,0,0,0,0,0,0,0,0,0,0,0,0,0,0,0,0,0,0,0,0,0,0,0,0,0,0,0,0,0,0,0,0,0,0,0,0,0,0,0,0,0,0,0,0,0,0,0,0,0,0,0,0,0,0,0,0,0,0,0,0,0,0,0,0,0,0,0,0,0,0,0,0,0,0,0,0,0,0,0,0,0,0,0,0,0,0,0,0,0,0,0,0,0,0,0,0,0,0,0,0,0,0,0,0,0,0
"TWN",0,0,0,0,0,107161000,6650071550,4081800,0,0,0,403400,0,0,0,0,149806050,0,8280450,92250,37579650,0,146308650,0,0,6856617850,0,0,6092300,0,151363350,51249652950,0,0,0,0,44104200,0,0,0,0,0,0,8014100,0,0,0,0,0,0,0,10767750,0,1117224000,2017950,0,0,0,0,383086650,0,15161800,1845000,0,0,0,184500,1623600,0,0,330300,83680096050,0,0,0,0,147399450,0,0,42121350,0,129544550,1559750,0,0,4957399900,0,0,0,95751350,3357900,10875941200,0,18450,0,0,350550,0,0,0,5101350750,0,0,3446120700,0,0,0,0,4359600,608850,0,0,0,0,2121750,0,2149055200,0,0,0,0,1072145100,5420450,0,59851800,25801200,0,14106650,0,682650,8822550,11014650,2909762800,0,205588350,0,0,0,0,0,0,0,101578950,145850,0,0,147600,222070450,5489950,0,0,0,0,4993981550,0,96336200,359611200,4708800,0,976600,5580600,553500,0,0,0,0,1169318950,0,0,35149100,0,0,0,134838800,0,330300,1273614650,11125350,33503697550,18200,28050250,0,0,2761327000,0,0,0,0,55275000,0,0,0,0,0,0
"TZA",0,0,0,0,0,0,0,0,0,0,0,0,0,0,0,0,0,0,0,0,0,0,0,1561814500,0,0,0,0,0,0,0,0,0,5608800,0,0,0,0,0,0,0,0,0,0,0,0,0,0,0,0,0,0,0,0,0,0,0,0,0,0,0,0,0,0,0,0,0,0,0,0,0,317300,0,0,0,0,0,0,0,0,0,0,0,0,0,0,0,0,40779758850,0,0,0,0,0,0,0,0,0,0,0,0,0,119572500,0,0,0,0,0,0,0,0,0,19151100,0,0,0,0,0,0,0,0,0,0,0,0,0,1.67e+08,0,0,0,0,0,0,0,0,0,0,0,0,0,0,2283662500,0,0,0,0,0,0,0,0,0,0,0,0,0,145600000,0,0,0,0,0,0,0,0,0,0,0,0,0,0,145600,0,0,34900,50100000,0,0,0,150300,0,0,0,0,5210400,0,0,20987391800,882700000,0,0,0,0,0,109200000,0
"THA",0,0,3856300,43525200,0,78836800,39812036350,156573900,0,1173174400,12233000,384059050,0,222498350,0,0,1735828550,0,201850,5982100,593764600,44096450,67090096850,0,0,26143001750,0,0,433979150,0,413168750,17661940000,29654800,1125450,55350,2509100,0,0,488199950,0,390487450,779871500,0,0,0,0,230083450,62250,0,193808350,0,64989600,952500750,8363041800,427308800,2624050,10852550,0,461250,5624958750,0,1537795050,8943150,437007000,0,0,129150,10427600,0,0,7216550,21712960200,3027750,0,399197700,2826747800,16426444150,55575450,10067150,625449700,4825963750,1409783800,3415732200,24919800,165150,37756519650,268103450,0,44444650,27158403550,70081250,23290272200,489423350,105196350,53451291050,189128500,0,82356750,4072700,11804500,141247550,44547650,0,48197866150,1061104050,0,25326600,0,71997550,249558250,70085550,22353300,38412900,0,0,61695350,30979390800,0,89901150,2642400,18956850,13884505450,0,62250,151352950,1018923000,1701569700,3798400,408964950,152593650,0,22379100,9575913750,2183409700,488946700,0,166050,0,362746700,0,4204650,10084750,2198589050,0,0,0,0,6198382700,36167250,107654550,19173000,180169500,36900,18160741050,0,1663094600,2889313150,1303950,0,0,4985747400,2454501000,0,0,8174300700,10184400,0,448548600,0,1651500,106143700,52247800,85498950,3384553000,587200,0,21538128250,197507100,86859628400,26269500,212617900,18450,0,20915461400,0,1431300,6346800,311950,5413821150,295200,0,0,1943700,0,0
"TGO",0,0,0,0,0,0,0,0,0,0,0,0,0,0,0,0,0,0,0,0,0,0,0,0,0,0,0,0,0,0,0,0,0,0,108080100,0,0,0,0,0,1801089000,0,0,0,0,0,0,0,0,0,0,0,0,6826500,0,0,0,304478100,996300,0,0,1623600,0,0,0,0,0,332100,0,0,0,0,0,0,0,0,0,0,0,0,0,0,0,0,0,0,0,0,0,0,0,0,0,0,0,0,0,0,0,0,0,0,0,0,0,0,0,0,0,0,0,0,0,0,0,0,0,0,0,0,0,0,0,1143179850,0,0,0,0,0,0,0,0,0,0,0,0,0,0,0,0,0,0,0,0,0,0,0,0,0,0,0,0,0,0,0,0,0,0,0,0,0,0,0,0,0,0,0,0,0,0,0,0,0,0,0,0,0,0,0,8932192700,0,0,0,0,0,0,35866800,0,0,0,0,0,0,0,0
"TON",0,0,0,0,0,0,0,0,1623600,0,0,0,0,0,0,0,0,0,0,0,0,0,0,0,0,0,0,0,0,0,0,0,0,0,0,0,0,0,0,0,0,0,0,0,0,0,0,0,0,0,0,91000,0,0,0,0,0,0,0,0,0,55050,0,0,0,0,0,0,0,0,0,0,0,0,0,0,0,0,0,0,0,0,0,0,0,0,0,0,0,0,0,0,0,0,0,0,0,0,0,0,0,0,0,0,0,0,0,0,0,0,0,0,0,0,0,0,0,0,0,0,0,0,0,0,0,0,0,0,0,0,0,0,0,0,0,0,0,0,0,0,0,0,0,0,0,0,0,0,0,0,0,0,0,0,0,0,0,0,0,0,0,0,0,0,0,0,0,0,0,0,0,0,0,0,0,0,0,0,0,0,0,0,0,0,0,0,0,0,0,0,0,0,0,0,0
"TTO",0,0,0,0,2400675050,0,0,0,215300,0,9841012150,0,0,0,0,0,0,0,512929800,0,0,0,0,0,0,281746250,0,0,0,0,0,0,0,0,0,0,0,2627050,0,0,0,0,473052950,22509000,0,0,0,0,0,0,0,0,0,110600,0,0,0,0,0,45596650,0,0,0,0,0,4166113950,0,0,10144176200,14926500,0,0,0,0,0,0,0,0,0,0,0,166050,0,0,16808566250,18450,0,0,0,0,0,0,0,0,0,0,0,0,0,0,0,0,0,0,0,0,0,0,0,0,0,0,0,0,0,0,129150,0,0,0,362700,0,0,0,18450,141350,0,12918550,0,0,0,0,0,0,0,0,0,0,0,0,0,0,0,422813050,4347831250,2310591200,0,0,0,0,0,92000,0,159800,0,0,0,7900489300,0,0,0,0,0,0,0,0,0,0,0,0,0,0,0,0,0,0,2543200,0,2214784200,0,0,0,5256267550,0,0,0,0,0,0,0,0,0,0,0,0
"OMN",0,0,0,461434500,0,0,63338850,0,0,9809934200,0,0,0,0,0,0,0,0,0,0,0,0,1526663700,0,6211237000,177286050,0,0,57954750,0,0,2284699900,0,109242450,0,0,0,0,0,0,177619700,0,0,0,0,0,0,0,0,0,0,55792800,0,36900,0,5310956800,0,0,274566900,273900,0,70110000,0,467450,0,0,0,0,0,0,0,75011250,0,0,0,2297553550,0,3860050,1765439150,0,0,202950,0,0,0,561583400,5971734100,0,9374136500,0,0,27962700,6685422650,0,0,231723900,0,819346050,252911550,0,0,58518150,0,0,1226297700,0,0,1937250050,235768350,0,0,72800000,0,0,0,0,0,0,0,0,0,848478600,0,0,11391750,0,216750600,0,0,522430200,0,0,0,0,0,0,0,0,28500920400,0,0,0,0,0,0,0,0,52423256300,5268945600,94601850,88892100,0,0,731358000,492035202000,351146600,0,0,0,0,0,0,266974150,0,0,18276863150,0,12601350,0,0,0,274323800,2242471950,99090038200,0,0,411416350,0,988329600,0,0,0,0,0,0,279247830250,0,0,0,0,0,0,204813450,0,137526300
"TUN",0,0,0,7828153050,0,0,12979350,36900,0,251829350,0,0,0,0,0,0,0,0,0,0,0,0,0,0,747227950,491251150,0,0,0,1998080850,0,350550,0,47896200,686761450,0,0,0,3115162500,0,22797893650,0,0,0,0,0,63124000,0,3659275650,0,0,0,0,4523306250,0,48297200,0,1700165900,252312500,34667400,0,95829300,0,0,0,0,0,39837850,0,0,0,11494350,0,0,0,1162350,0,0,50245800,1273050,0,869813950,11999171400,0,0,240917150,467329250,0,0,0,0,31973850,0,0,0,1089468700,0,86567400,144671175750,0,0,3658200000,0,327338450,6678900,2424353850,16751350,1254843600,61567650,0,0,2346468350,6420600,0,0,0,239850,0,29132550,0,0,477705550,0,22627011450,3099600,0,0,0,0,0,0,0,0,0,0,30387600,0,0,216401050,0,0,8929800,8394750,0,0,0,0,881366750,11923522350,0,0,0,0,450383100,0,0,35304700,232027200,0,0,63259550,30421800,0,0,0,10521438200,0,400401900,0,0,51586200,0,35239500,210831950,0,0,26475750,0,34939450,100851600,0,0,0,29800400,49667695000,512301150,0,0,119068050,0,0,0,36900,0,255975300
"TUR",0,4694618900,34392769250,20265022550,341346700,22933350,4511707250,3169019900,1290490750,2917233700,285171750,1034755850,0,0,2574918900,1115189700,1886720700,0,0,40040000,4622800,14044817300,19411370500,237876050,102051689800,57105208100,2568024100,853994650,604598250,72815092600,2868742600,205504051750,11591280400,10018867300,121265496950,0,7109635100,52795308500,27674344950,55812831850,706912675250,2057248150,317603600,11205611800,184670100,157027950,20917913900,240255900,60581841900,72150650,0,0,57073950,6447725200,56488100,252109660200,11024927650,20315625450,91233920700,87296041500,12750944150,308973344100,0,1779551450,0,0,1018102950,20249382850,1060043800,155317757200,513703350,14179128650,1105065950,783359500,0,4055139450,189660049650,13464057550,6421259055350,74992500,258579798150,22859904500,28587243400,4581017550,828007950,185110993100,28332818500,1101508950,91396485850,303735450,0,33901188600,12608925350,201480450,0,192583890950,0,24832619850,118245765400,443142450,0,362922338500,122563350,58811773900,54911705300,19421828850,783146950,36579360500,4615280400,3611366000,2354502050,18172599000,2015591900,2367310950,277158400,1386549850,34905824350,0,74242800,12796831900,524160000,1239721400,1672652800,103565515100,14827071150,3992191700,1896273200,6543927300,2324563600,7250937800,131087250,453076950,324988903000,7416341400,212427850,6400709150,0,87573891000,10497147000,1341705900,32678751650,22529075250,2313714300,0,73025100,0,1360295100,142691922800,122604702900,804167150,87745134700,19631100,2055356700,23353577050,635495572200,11496348150,1703181350,1045361900,1826041350,0,7956192350,3796881650,1336728450350,11560909950,16594196550,102436505550,88025103250,191372151950,948220000,8773801250,36069409750,12796310300,0,78472244800,18322359050,0,31278774750,30846797500,60192279950,16027339900,467466000,618407800,128278821200,1863948150,5159670350,328643472000,35210978650,411717500,19501679350,0,8976687500,486489600,1400901831600,14199450700,87537328100
"ARE",53633550,14719958500,0,27435150,47933100,1088550,3111327550,0,111714750,4439382250,19224900,491568100,0,0,0,0,20830950,0,0,0,110871400,0,54519750,94389000,1049742500,3271144600,0,14151150,97657965250,458272200,43191450,1513152850,0,6126331250,1311312000,0,77360850,0,328303050,10551150,1390933350,110152650,80644950,12084750,0,73800,24953797100,0,1182740950,0,0,149278950,0,737941450,0,7412025350,3459500,815534300,806265450,152964950,0,3398138100,0,0,0,0,21531150,752092600,32324400,0,104187150,1222991350,590400,682650,0,11445602800,77149800,17513234350,36548126500,374995500,0,137902250,140697650,3516200,191234250,229830400,2253057300,147500,28209088400,39907350,0,447687750,3509461000,0,0,9186517400,0,456117850,16532378450,0,0,336573700,65774250,497644750,3679419300,9424000,0,1681073150,837251750,0,14593950,4876129150,1703455850,0,345697650,106013700,551989450,0,0,0,14427900,6608365950,0,1046244700,886500900,404840800,25310590500,0,0,413815050,8653050,0,11626529000,0,1623600,0,0,8548919900,4180995500,0,8468550,228649600,121234950,26014500,29501550,26383500,0,11766981100,510734600,4090732200,240952750,0,0,4752487200,101431511850,7203507600,132028200,365328450,19667700,0,50262350,28283850,237092500,223663400,17566592000,17615913050,25106100,360063650,0,308078100,96137019100,725767650,238117450,0,1161363150,0,996142200,0,17965465200,0,977850,0,6584543600,55335750,1465530800,19013736100,585435700,315291950,15273450,0,0,0,5111850100,0,222673050
"UGA",0,0,0,0,0,0,0,0,0,0,0,0,0,0,0,0,0,0,0,0,0,0,0,1598926050,0,83500,0,891146850,0,0,0,0,0,0,0,0,0,0,0,0,0,0,0,0,0,0,0,0,0,0,0,0,0,36400,0,0,0,0,0,1605150,0,622500,0,0,0,0,0,0,0,0,0,0,0,0,0,0,0,0,0,0,0,0,0,0,0,0,0,0,1349649350,0,0,0,0,0,0,0,0,0,0,0,0,0,0,0,0,0,0,0,0,0,0,0,0,0,0,0,0,0,0,0,0,0,0,0,0,0,0,0,0,0,0,0,0,0,0,0,0,0,0,0,0,6565874250,0,0,0,0,0,0,0,0,0,0,0,0,14760000,239850,0,0,0,0,0,0,0,0,0,31401900,0,0,0,0,0,0,0,1955700,0,0,1604400,0,0,0,0,0,0,0,54600000,0,50420613850,0,0,0,0,0,359658800,88714645950,0
"TUV",0,0,0,0,0,0,7340000,0,0,0,0,0,0,0,0,0,0,0,0,0,0,0,0,0,0,0,0,0,0,0,0,0,0,0,0,0,0,0,0,0,0,0,0,0,0,0,0,0,0,0,0,0,0,0,0,0,0,0,0,0,0,0,0,0,0,0,0,0,0,0,0,0,0,0,0,0,0,0,0,0,0,0,0,0,0,0,0,0,0,0,0,0,0,0,0,0,0,0,0,0,0,0,0,0,0,0,0,0,0,0,0,0,0,0,0,0,0,0,0,0,0,0,0,0,0,0,0,0,0,0,0,0,0,0,0,0,0,0,0,0,0,0,0,0,0,0,0,0,0,0,0,0,0,0,0,0,0,0,0,0,0,0,0,0,0,0,0,0,0,0,0,0,0,0,0,0,0,0,0,0,0,0,0,0,0,0,0,0,0,0,0,0,0,0,0
"GBR",0,0,20534850,555953020000,261621000,8619800,60222069650,5913394250,3419200850,3791633650,738181650,57986850,0,0,9386400,0,696505050,0,72490050,0,172063450,1657758700,43339050,0,49281550,31596108450,0,0,39050250,0,239776000,7420016200,108744450,0,52182400,0,582547050,0,6860368100,64504050,0,26079184300,53375850,9243450,9852300,0,2242039100,645750,535050,2834893500,533161050,0,8086597900,408354692500,0,1237600,35907400,0,112120650,89058339700,3856050,8149043300,0,19272657950,0,92452950,11143800,56401650,72010350,221400,0,16101389700,2455650250,1575125300,22192925200,2051781400,87266525800,742003650,1737308200,1807079084400,1959160200,164678201800,214876200,10127450,339203250,155887894650,2806766450,9003600,2205839600,8763750,0,1685745600,6982216200,283060400,0,4325249150,0,155939400,10365000,2421786100,221400,0,2767500,3725383150,50137500,295200,4374218550,0,334671750,140064550,18357750,38525999350,1143900,0,0,730564650,1013531833450,0,0,0,0,2797664300,0,0,11855668400,11239873650,426354600,263794050,8750738400,0,4003650,3376350,2060299150,42079591600,597717067250,0,0,0,4270771200,136991250,2822219300,38929500,7178033750,81216900,297569600,181529550,0,25632743250,29374550,164246350,79975200,914040550,522616750,7561345800,18634500,5662498650,1869089758050,0,0,0,41028525250,3938952350,0,0,2506478250,553474700,13147461450,84870000,0,897085850,2757177150,221237535700,2407952650,27824708300,46936800,0,0,131921250,148084189100,0,59363100,0,0,117417951500,39055650,413316900,76383000,9815400,444268900500,98376200,65768850,6346800,322563500,0,519449000
"UKR",4645162800,219388950,19823735600,388914309400,644350,0,84215100,28485838450,515650,578471950,0,6422720191300,0,0,0,0,0,0,7866511000,0,0,2127473000,33663018600,0,85540000,3038658850,0,121292300,4151620000,2160532000,590400,350939966600,0,644112000,0,55350,0,0,99658003300,17191195250,7218393000,5559186600,147600,988518800,76210362950,3.0561e+10,8461867161800,0,174720000,13627648650,0,0,0,5070891900,0,190331058600,35061607600,0,1719632850,70589500550,0,4962322550,0,164318266750,0,0,0,68670900,0,76440000,0,23244718900,3604991150,0,0,5824381303700,6990088601450,60629667300,23935066200,52499100,1866575152200,1488088682600,39252747000,36694764800,0,144043016600,272363899600,4179488100,674505769800,7300128800,74244313500,3505871357550,1886588200,10324431600,0,1371395165250,0,1689950,1005911846800,6347078150,0,262080000,0,297524077900,0,3.34e+09,6644350,619972637000,372190000,702692179200,7460773600,2464023343600,3.006e+10,156512003050,0,13281376400,149478222500,0,0,5590350,43789700,1680911400,0,95420000,333884803400,320630450,0,86080788150,1483935150,0,0,0,3051467637950,28163911600,49714919250,0,0,0,1857788000,7381466800,118773161100,0,5593795750,1265750,0,0,0,102636082400,282137429900,1207400,7922734400,0,318339150,129021960750,131230124900,311266861600,2083834272350,0,1907152650,0,162405150,78353482100,41822730100,7791897000,218010350,912255850,4657703223350,2884883000,0,0,79554515000,2017838321400,1062570540350,149917586900,23244386800,92250,168157674750,0,12046551150,0,0,2907791100,4429679800,183410400,517824150100,270240599800,423198050,0,657076450,0,30356200,0,193223974100,3400033000,110701364150
"USA",904050,4280400,0,2037929390000,1586052700,7489192750,30477722950,114556650,29927219400,2076085650,68176135300,683218330150,0,0,54043695100,0,2577252571400,0,60651666200,0,561689650,7765500,102202937950,0,48832470000,2259057107850,0,71810000,332574397150,0,1276113014500,4115470678350,2802208550850,0,1457550,6346800,513013725850,1801181250,92278400,0,0,551610200,458653500,1261405646150,0,904371075600,438808779950,855192407050,155463350,252617400,0,63112900,268723500,5287121050,744667300,73309602950,61324850,0,72445800,7017601400,0,149093257300,9828000,169418500,0,55777728250,1764421221600,0,65724164700,380524962300,895078472950,32773585200,0,0,1518082300,911145800,4104617093500,0,429221042500,124020900,366715329500,1458043492400,17874010000,0,594607219700,9794965858950,525058906050,490581000,344920568550,581156550,0,4513229910600,8151853000,169296200,0,4029602300,0,241786920500,3007350,0,9372600,0,0,718841643000,0,0,0,2693700,0,11776035400050,30110450,1569556035450,99996260000,27638100,52412939400,0,7306158150,0,459847800,0,0,6069188500,133650034900,0,4549815942100,2094255900,12088187400,444278902600,1523050,1023820850,2141878950,1545799632350,8590509810850,1008134050,61259391750,0,0,26974500,3774252900,608850,0,0,1043365950,884774200,12460941850,89728910750,0,322195620550,25060424250,2785950,40940128900,130526950,0,203767650000,0,574526688350,142923678700,1532335850,0,0,8473373150,5144727150,0,0,3708766738650,118282551200,2350995630400,1.002e+10,471417150,418459774800,1376846150,53855550,1686213850,123008175350,0,0,506127639500,156296300,0,3.34e+09,1663538200,68078500,1283605585200,603031141200,1360276806700,1511971243100,42088095900,0,72411107850,0,0,0,85908140000,0,0
"BFA",0,0,0,0,0,0,0,0,0,0,0,0,0,0,0,0,0,0,0,0,0,0,0,0,0,0,0,0,0,0,0,0,0,0,0,0,0,0,0,0,0,0,0,0,0,0,0,0,0,0,0,0,0,36900,0,0,0,0,0,92250,0,0,0,0,0,0,0,0,0,0,0,0,0,0,0,0,0,0,0,0,0,0,0,0,0,0,0,0,0,0,0,0,0,0,0,0,0,0,0,0,0,0,0,0,0,7287750,0,0,0,0,0,0,0,0,0,0,0,0,0,0,0,0,0,0,22140000,0,0,0,0,0,0,0,0,0,0,0,0,0,0,0,0,0,0,0,0,0,0,0,3.64e+08,0,0,0,0,0,0,0,0,0,0,0,0,0,0,0,0,0,0,0,0,0,0,0,0,0,0,0,0,0,0,0,0,0,0,0,0,0,0,0,0,0,0,0,0,0,0
"URY",0,0,0,53415618000,0,4689477600,1660500,0,0,0,0,0,0,0,732894550,0,462005067250,0,0,0,0,0,875263700,0,0,0,0,0,0,0,6711102350,0,0,0,0,0,0,0,0,0,0,0,0,0,0,0,0,0,0,0,0,0,0,0,0,0,0,0,0,36400,0,0,0,0,0,0,0,0,0,0,0,0,0,0,0,0,9435984300,0,0,0,0,1752750,0,0,0,0,0,0,0,0,0,0,0,0,0,0,0,0,0,0,0,0,0,0,0,0,0,0,0,487725750,0,0,0,0,0,0,0,0,0,0,0,0,0,0,0,0,0,58389700,0,0,3237461900,8649650,0,0,586950000,0,0,0,0,0,0,0,0,0,0,0,0,0,0,0,0,0,0,0,0,68096850,1867447400,0,0,0,0,0,0,0,12967266100,0,0,0,0,0,0,0,0,0,0,0,7899050,0,1242640600,0,0,0,977378000,6309978100,0,0,0,0,0,0,0,0,0,0,0
"UZB",0,0,0,0,0,0,0,0,0,0,0,0,0,0,0,0,0,0,0,0,0,0,0,0,0,0,0,0,0,0,0,0,0,0,0,0,0,0,0,0,0,0,0,0,0,0,0,0,0,0,0,0,0,0,0,0,0,0,0,0,0,0,0,0,0,0,0,0,0,0,0,0,0,0,0,0,0,0,0,0,0,0,0,0,0,0,0,0,0,0,0,0,0,0,0,0,0,0,0,0,0,0,0,0,0,0,0,0,0,0,0,0,0,0,0,0,0,0,0,0,0,0,0,0,0,0,0,0,0,0,0,0,0,0,0,0,0,0,0,0,0,0,0,0,0,0,0,0,0,0,0,0,0,0,0,0,0,0,0,0,0,0,0,0,0,0,0,0,0,0,0,0,0,0,0,0,0,0,0,0,0,0,0,0,0,0,0,0,0,0,0,0,0,0,0
"VEN",0,0,0,0,0,0,0,0,0,0,0,0,0,0,0,0,0,0,0,0,0,0,0,0,0,0,0,0,0,0,0,0,0,0,0,0,0,0,0,0,0,0,0,0,0,0,0,0,0,0,0,0,0,0,0,0,0,0,0,0,0,0,0,0,0,0,0,0,0,0,0,0,0,0,0,0,0,0,0,0,0,0,0,0,0,0,0,0,0,0,0,0,0,0,0,0,0,0,0,0,0,0,0,0,0,0,0,0,0,0,0,0,0,0,0,0,0,0,0,0,0,0,0,0,0,0,0,0,0,0,0,0,0,0,0,0,0,0,0,0,0,0,0,0,0,0,0,0,0,0,0,0,0,0,0,0,313650,0,0,0,0,0,0,0,0,0,0,0,0,0,0,0,0,0,0,0,0,0,1992600,0,0,0,0,0,0,0,0,0,0,0,0,0,0,0,0
"VNM",0,0,0,0,0,36277950,10950752200,977850,0,63172800,0,40405500,0,0,0,0,449836100,0,0,33412950,83520200,0,12507443950,0,10919650,9772778900,0,0,61833950,0,432547300,97505021400,108577950,0,0,0,184370850,0,2671994600,0,103467600,583658550,0,0,0,9889200,0,0,0,0,0,0,28763850,22042867100,0,0,0,0,418600450,15605585900,0,18755950,2583000,62785350,0,0,0,0,0,5819450,0,50371885400,0,0,0,671556700,28720871950,0,0,398716250,309314700,121090450,181616300,0,0,41020425200,82969650,0,426723750,120287347700,0,58276268900,1631422800,0,26536538850,56512350,0,0,21106800,9894050,75111200,39150900,0,58004734100,1145436250,54132300,13628900,0,119605750,54058500,3247532100,349211350,8388450,0,0,462357000,12862493900,0,0,0,28431450,1219134000,0,0,416448250,887872350,492688800,91904200,309470150,51194050,0,3066150,146180922900,2029835150,0,0,5322500,0,228651550,0,53671050,0,11969228300,0,0,0,0,1999287150,1531516050,0,0,145614150,43256250,48735935350,0,2368911250,296080500,0,0,0,1280164250,228312850,0,0,11921903700,9232450,146346369550,0,0,0,550843200,0,0,1661045800,0,0,22699646700,193556300,44452319950,0,0,0,2091900,0,0,16328250,0,0,2428373200,0,0,0,0,0,0
"ETH",0,0,0,0,0,0,7045950,92250,0,1018181700,0,0,0,0,0,0,0,0,0,0,0,369000,18450,0,0,820089850,0,0,0,0,0,2601450,0,0,0,0,0,0,0,0,0,3653100,0,0,0,0,0,0,442800,0,0,0,88080300,6184000,0,803293350,0,0,0,23816450,8210250,221400,0,0,0,0,0,0,0,0,0,258300,0,0,0,147600,0,0,0,0,830250,18450,1199250,0,0,0,0,0,26014500,0,55350,19100,506839950,0,0,571950,0,36900,0,0,0,0,129150,0,0,0,0,0,0,0,0,0,73400,0,0,0,30867800,0,0,0,0,0,0,0,2140200,835659400,0,0,0,0,0,0,36900,0,0,0,0,0,62084250,0,0,36900,0,0,0,0,0,4865800,0,0,0,1014750,0,0,6014700,25883600,0,0,0,3376350,2133729700,69461000,922500,0,92250,0,0,0,0,0,0,0,0,7470386550,0,0,493980300,0,7386876400,0,0,0,0,0,0,0,0,0,7084800,0,0,0,18450,10104500,0
"YEM",0,0,0,0,0,0,0,0,0,567800,0,0,0,0,0,0,0,0,0,0,0,0,0,0,0,0,0,0,0,0,0,0,0,0,0,0,0,0,0,0,0,0,0,0,0,0,0,0,0,0,0,0,0,0,0,0,0,0,0,0,0,0,0,0,0,0,0,0,0,0,0,0,0,0,0,0,0,0,0,0,0,0,0,0,0,0,0,0,0,0,0,0,0,0,0,0,0,0,0,0,0,0,0,0,0,0,0,0,0,0,0,0,0,0,0,0,0,0,0,0,0,0,0,0,0,0,0,0,0,0,0,0,0,0,0,0,0,0,116907300,0,0,0,0,0,0,0,0,1583093200,0,0,0,0,0,0,0,0,0,0,0,0,0,0,0,0,0,0,0,0,0,0,144655400,0,0,141091300,0,0,0,0,0,0,0,0,0,0,0,0,0,0,0,0,0,0,0,0,0
"COD",0,0,0,0,0,0,0,0,0,0,0,0,0,0,0,0,0,0,0,0,0,0,0,0,0,0,0,0,0,0,0,0,0,0,4042800000,0,0,0,0,0,0,0,0,0,0,0,0,0,0,0,0,0,0,3173400,0,0,0,0,0,0,0,0,0,0,0,0,0,0,0,0,0,0,0,0,0,0,0,0,0,0,0,0,0,0,0,0,0,0,0,0,0,0,0,0,0,0,0,0,0,0,0,0,0,0,0,0,0,0,0,0,0,0,0,0,0,0,0,0,0,0,0,0,0,0,0,0,0,0,0,0,0,0,0,0,0,0,0,0,0,0,0,0,0,0,0,0,0,0,0,0,0,0,0,0,0,0,0,0,0,0,0,0,0,0,0,0,0,0,0,0,0,0,98411050,0,48348200,0,0,0,0,0,0,0,0,0,0,0,0,19926000,182000,0,0,0,0,0,0
"ZMB",0,0,0,0,0,0,0,0,0,0,0,0,0,0,0,0,0,0,0,0,0,0,0,0,0,0,0,0,0,0,0,0,0,0,0,0,0,0,0,0,0,0,0,0,0,0,0,0,0,0,0,0,0,0,0,0,0,0,0,0,0,0,0,0,0,0,0,0,0,0,0,0,0,0,0,0,0,0,0,0,0,0,0,0,0,0,0,0,226628450,0,0,0,0,0,0,0,0,0,0,0,0,0,926208450,0,0,0,0,0,0,0,0,0,55350000,0,0,0,0,0,0,0,0,0,0,0,0,0,0,0,0,0,0,0,0,0,0,0,0,0,0,70110000,0,0,0,0,0,0,0,0,0,0,0,0,0,0,0,10664100,0,0,0,0,0,0,0,0,0,530446850,0,0,0,0,0,0,0,0,0,0,0,0,0,0,0,0,0,0,0,0,49209434000,0,0,0,0,0,0,0,0
"BEL",26607400,12368500,81289200,233556150,0,8800650,7155990400,29307892650,0,932562650,0,379450,0,0,0,3690000,12887541950,0,0,0,3929850,2017792500,60109900,275540500,830340150,11726797650,369000,0,424350,56281554050,2607961050,8247042850,23797950,3131674000,11152754350,19003500,36955350,251652350,2259187800,2453850,1257167850,37208240250,0,456302900,24936150,5073750,1865509600,6623550,17625089900,2775320100,8468550,184500,17066460400,1334676764700,6136694250,17563092250,47613000,234606300,3679039150,534355162450,220256100,94177900,0,13261149250,0,36900,71586000,196990250,6096850,2460100,3357900,1485426500,8915143750,2336146500,3544745950,54546250,542078050,1017812700,2003845400,22225383850,7732497800,130687942600,25737750,28966500,0,9063727400,1468258150,0,48025800,55350,0,6551277600,5223095050,1879308000,0,6539345700,0,448323100,439146250,1732336350,2140200,1325900,1088550,199975050,24777150,132494700,2064327950,25250350,509644350,768304150,1014750,3883972550,4428000,114150150,2564550,2730600,3334541116600,0,11660400,8138600,0,163319400,3118050,132517200,1879398400,30793048600,29238150,156174600,23173521700,88233600,2583000,11415100,303957300,31778174350,12651024150,16566605350,0,7052750,3672734550,110700,10837861700,285707550,8761719550,743142400,0,0,1680133000,11960039450,76151800,89024050,4560047800,2174933900,2752957650,2007592300,0,179302950,100765999350,1742025600,0,0,60237922200,55815274100,0,66641400,1249514200,10442700,3741416600,20617500,0,118725750,1595504550,216012600,11170457200,8714920050,493150,0,358250100750,733850900,61489864200,28081200,106308900,3523950,218363600,292027050,185049750,94297950,49287521150,4464900,0,163970235750,832760850,1494450,36900,0,10848600
"LUX",0,0,0,0,0,0,55350,403796700,0,0,0,0,0,0,0,0,0,0,0,0,0,0,0,0,0,0,0,0,0,0,0,36900,0,0,461250,0,0,0,3185850,56853600,0,329118600,0,0,0,0,0,0,0,0,0,0,30479400,86391547850,1014500,0,163800,0,0,91223923500,0,9009000,0,71461600,0,0,0,0,0,0,0,0,0,73800,0,0,0,0,0,937927800,132459600,634232350,0,0,0,102803400,0,0,0,0,0,0,0,0,0,0,0,0,0,110220000,0,0,0,0,0,0,74833200,0,0,0,0,0,0,0,0,0,25787608700,0,449700,0,0,0,0,0,1620700,14452584200,0,0,314720100,0,0,92250,0,1788801750,24130100,0,0,0,0,0,490717350,0,8837550,0,0,0,0,0,0,0,0,172500,0,0,0,0,1192498700,0,0,0,1262170800,66508250,0,0,0,0,182000,0,0,0,294900,0,0,818700,0,0,4245743800,0,18450,0,0,0,0,0,0,0,1693200,0,182388378500,0,0,0,0,0,0
"SRB",0,0,239829044600,0,0,0,523220800,2572002700,0,44255000,0,0,0,0,0,0,0,0,0,0,0,6912665100,0,0,3597750,464200300,0,186550000,0,0,0,65645100,0,0,0,0,0,0,11968425000,0,0,11632200,0,0,32240950,0,0,0,0,0,0,0,0,1488528400,0,0,0,0,0,5271481700,824252723350,0,0,3416442400,0,0,0,0,0,74620000,0,18450,2971291400,28340075450,0,0,0,11113750,218900,0,289500900,110176083600,0,0,0,0,384124150,0,73800,257930400,0,0,0,0,0,821346000,0,0,25936706550,0,0,0,0,29298600,0,410228000,0,0,0,1638000,13892850,66800,0,2785950,0,0,1078031200,0,0,329898325600,0,2508200,0,0,0,0,0,0,83513350,0,0,0,0,1026779400,315247000,0,0,0,432250000,0,1020468689450,0,3699228750,0,0,0,0,43261900,0,0,0,14044835200,157599900,0,3339450,5922450,18081000,0,0,0,1692730100,4840848100,39910000,0,0,0,0,0,0,0,43225000,349039600,449369150,320632050,167000,0,1142269750,287367550,1433891700,0,0,3340000,0,18450,0,2066400,0,0,330810400,0,0,274325230850,0,0,0
"MNE",0,0,17249718950,0,0,0,0,0,0,0,0,0,0,0,0,0,0,0,0,0,0,0,0,0,0,0,0,0,0,0,0,0,0,0,0,0,0,0,888800,0,0,0,0,0,0,0,0,0,0,0,0,0,0,147600,0,0,0,0,0,52287300,82803600,0,0,0,0,0,0,0,0,0,0,0,0,0,0,0,0,0,0,0,0,4652600,0,0,0,0,0,0,0,0,0,0,0,0,0,0,0,291900,0,0,0,0,0,0,0,0,0,0,0,0,0,0,0,0,0,0,36900,0,0,639606150,0,0,0,0,0,0,0,0,0,0,0,0,0,0,0,0,0,0,0,0,0,0,0,0,0,0,0,0,0,0,0,0,0,0,0,0,0,0,0,4188150,0,22121550,0,0,0,0,0,0,0,0,0,0,738000,0,0,0,0,110700,26383500,0,0,0,0,0,0,0,0,0,0,0,106519800,0,0,0,0
"SDN",0,0,0,0,0,0,0,0,0,0,0,0,0,0,0,0,0,0,0,0,0,0,0,0,0,0,0,0,0,0,0,0,0,0,0,0,0,0,0,0,0,0,0,0,0,0,0,0,0,0,0,0,0,0,0,0,0,0,0,0,0,0,0,0,0,0,0,0,0,0,0,0,0,0,0,0,0,0,0,0,0,0,0,0,0,0,0,0,0,0,0,0,0,0,0,0,0,0,0,0,0,0,0,0,0,0,0,0,0,0,0,0,0,0,0,0,0,0,0,0,0,0,0,0,0,0,0,0,0,0,0,0,0,0,0,0,0,0,0,0,0,0,0,0,0,0,0,0,0,0,0,0,0,0,0,0,0,0,0,0,0,0,0,0,0,0,0,0,0,0,0,0,0,0,0,0,0,0,0,0,0,0,0,0,0,0,0,0,0,0,0,0,0,0,0
"SSD",0,0,0,0,0,0,0,0,0,0,0,0,0,0,0,0,0,0,0,0,0,0,0,0,0,0,0,0,0,0,0,0,0,0,0,0,0,0,0,0,0,0,0,0,0,0,0,0,0,0,0,0,0,0,0,0,0,0,0,0,0,0,0,0,0,0,0,0,0,0,0,0,0,0,0,0,0,0,0,0,0,0,0,0,0,0,0,0,0,0,0,0,0,0,0,0,0,0,0,0,0,0,0,0,0,0,0,0,0,0,0,0,0,0,0,0,0,0,0,0,0,0,0,0,0,0,0,0,0,0,0,0,0,0,0,0,0,0,0,0,0,0,0,0,0,0,0,0,0,0,0,0,0,0,0,0,0,0,0,0,0,0,0,0,0,0,0,0,0,0,0,0,0,0,0,0,0,0,0,0,0,0,0,0,0,0,0,0,0,0,0,0,0,0,0
"PSE",0,0,0,0,0,0,0,0,0,0,0,0,0,0,0,0,0,0,0,0,0,0,0,0,0,0,0,0,0,0,0,0,0,0,0,0,0,0,0,0,0,0,0,0,0,0,0,0,0,0,0,0,0,0,0,0,0,0,0,0,0,0,0,0,0,0,0,0,0,0,0,0,0,0,0,0,0,0,0,0,0,0,0,0,0,0,0,0,0,0,0,0,0,0,0,0,0,0,0,0,0,0,0,0,0,0,0,0,0,0,0,0,0,0,0,0,0,0,0,0,0,0,0,0,0,0,0,0,0,0,0,0,0,0,0,0,0,0,0,0,0,0,0,0,0,0,0,0,0,0,0,0,0,0,0,0,0,0,0,0,0,0,0,0,0,0,0,0,0,0,0,0,0,0,0,0,0,0,0,0,0,0,0,0,0,0,0,0,0,0,0,0,0,0,0
