"","ARM","AFG","ALB","DZA","ATG","ARG","AUS","AUT","BHS","BHR","BRB","BGD","BMU","BTN","BOL","BWA","BRA","ARB","BLZ","SLB","BRN","BGR","MMR","BDI","CMR","CAN","CPV","CAF","LKA","TCD","CHL","CHN","COL","COM","COG","COK","CRI","CUB","CYP","AZE","BEN","DNK","DMA","DOM","BLR","ECU","EGY","SLV","GNQ","EST","FRO","FJI","FIN","FRA","PYF","DJI","GEO","GAB","GMB","DEU","BIH","GHA","KIR","GRC","GRL","GRD","GTM","GIN","GUY","HTI","HND","HKG","HUN","HRV","ISL","IND","IDN","IRN","IRQ","IRL","ISR","ITA","CIV","KAZ","JAM","JPN","JOR","KGZ","KEN","KHM","PRK","KOR","KWT","LVA","LAO","LBN","LSO","LBR","LBY","LTU","MAC","MDG","MWI","MYS","MDV","MLI","MLT","MRT","MUS","MEX","MNG","MAR","MOZ","MDA","NAM","NPL","NLD","ANT","NCL","MKD","VUT","NZL","NIC","NER","NGA","NOR","PAK","PAN","CZE","PNG","PRY","PER","PHL","POL","PRT","GNB","TLS","ERI","QAT","ZWE","ROU","RWA","RUS","KNA","LCA","VCT","STP","SAU","SEN","SYC","SLE","SVN","SVK","SGP","SOM","ZAF","ESP","SUR","TJK","SWZ","SWE","CHE","SYR","TKM","TWN","TZA","THA","TGO","TON","TTO","OMN","TUN","TUR","ARE","UGA","TUV","GBR","UKR","USA","BFA","URY","UZB","VEN","VNM","ETH","YEM","COD","ZMB","BEL","LUX","SRB","MNE","SDN","SSD","PSE"
"ARM",0,0,0,0,0,0,0,0,0,0,0,0,0,0,0,0,0,0,0,0,0,0,0,0,0,0,0,0,0,0,0,0,0,0,0,0,0,0,0,0,0,0,0,0,0,0,0,0,0,0,0,0,0,1670000,0,0,31810000,0,0,0,0,0,0,0,0,0,0,0,0,0,0,0,0,0,0,0,0,0,0,0,0,0,0,0,0,0,0,0,0,0,0,0,0,0,0,7380000,0,0,0,0,0,0,0,0,0,0,0,0,0,0,0,0,0,0,0,0,0,0,0,0,0,0,0,0,0,0,0,0,0,0,0,0,0,0,0,0,0,0,0,0,0,0,0,0,0,0,0,0,0,0,0,0,0,0,0,0,0,0,0,0,0,0,0,0,0,0,0,0,0,0,0,0,0,0,0,0,0,0,3690000,0,0,0,0,0,0,0,0,0,0,0,0,0,0,0,0
"AFG",0,0,0,0,0,0,0,0,0,0,0,0,0,0,0,0,0,0,0,0,0,0,0,0,0,0,0,0,0,0,0,0,0,0,0,0,0,0,0,0,0,0,0,0,0,0,0,0,0,0,0,0,0,0,0,0,0,0,0,0,0,0,0,0,0,0,0,0,0,0,0,0,0,0,0,0,0,0,0,0,0,0,0,0,0,0,0,0,0,0,0,0,0,0,0,0,0,0,0,0,0,0,0,0,0,0,0,0,0,0,0,0,0,0,0,0,0,0,0,0,0,0,0,0,0,0,0,0,0,0,0,0,0,0,0,0,0,0,0,0,0,0,0,0,0,0,0,0,0,0,0,0,0,0,0,0,0,0,0,0,0,0,0,0,0,0,0,0,0,0,0,0,0,0,0,0,0,0,0,0,0,0,0,0,0,0,0,0,0,0,0,0,0,0,0
"ALB",0,0,0,0,0,0,0,0,0,0,0,0,0,0,0,0,0,0,0,0,0,0,0,0,0,0,0,0,0,0,0,0,0,0,0,0,0,0,0,0,0,0,0,0,0,0,0,0,0,0,0,0,0,0,0,0,0,0,0,0,0,0,0,0,0,0,0,0,0,0,0,0,0,0,0,0,0,0,0,0,0,0,0,0,0,0,0,0,0,0,0,0,0,0,0,0,0,0,0,0,0,0,0,0,0,0,0,0,0,0,0,0,0,0,0,0,0,0,0,70140000,0,0,0,0,0,0,0,0,0,0,0,0,0,0,0,0,0,0,0,0,0,0,0,0,0,0,0,0,0,0,0,0,0,0,0,0,0,0,0,0,0,0,0,0,0,0,0,0,0,0,0,0,0,0,0,0,0,0,0,0,0,0,0,0,0,0,0,0,0,0,0,0,0,0,0
"DZA",0,0,0,0,0,0,0,0,0,0,0,0,0,0,0,0,0,0,0,0,0,0,0,0,0,36465000,0,0,0,0,0,0,0,0,0,0,0,0,0,0,0,0,0,0,0,0,0,0,0,0,0,0,0,49465000,0,0,0,0,0,0,0,0,0,0,0,0,0,0,0,0,0,0,0,0,0,0,0,0,0,0,0,0,0,0,0,0,20295000,0,0,0,0,0,0,0,0,0,0,0,291460000,0,0,0,0,0,0,0,0,12840000,0,0,0,0,0,0,0,0,0,0,0,0,0,0,0,88080000,0,0,0,0,0,0,0,0,0,27675000,0,0,0,0,0,0,0,0,0,0,0,0,0,0,0,0,0,0,0,0,0,0,0,0,0,0,0,0,0,0,0,0,0,0,0,0,0,0,0,0,0,0,0,0,47945000,0,0,0,0,0,0,0,46125000,0,0,0,0,0,0,0,0
"ATG",0,0,0,0,0,0,0,0,0,0,0,0,0,0,0,0,0,0,0,0,0,0,0,0,0,0,0,0,0,0,0,0,0,0,0,0,0,0,0,0,0,0,0,0,0,0,0,0,0,0,0,0,0,0,0,0,0,0,0,0,0,0,0,0,0,0,0,0,0,0,0,0,0,0,0,0,0,0,0,0,0,0,0,0,0,0,0,0,0,0,0,0,0,0,0,0,0,0,0,0,0,0,0,0,0,0,0,0,0,0,0,0,0,0,0,0,0,0,0,0,0,0,0,0,0,0,0,0,0,0,0,0,0,0,0,0,0,0,0,0,0,0,0,0,0,0,0,0,0,0,0,0,0,0,0,0,0,0,0,0,0,0,0,0,0,0,0,0,0,0,0,0,0,0,0,0,0,0,0,0,0,0,0,0,0,0,0,0,0,0,0,0,0,0,0
"ARG",0,0,3.2565e+10,76232160000,0,0,101475000,0,0,46125000,47970000,0,0,0,584139235000,0,18437814635000,0,0,0,0,1245000,0,0,25230000,740705000,0,0,134269670000,0,386076030000,272965000,98662545000,0,108668065000,0,320520000,2513475000,2490000,0,5535000,0,0,373720000,0,96781405000,103164645000,779880000,29520000,1845000,0,0,0,2216710000,0,48015000,60885000,0,0,3964540000,49815000,10470000,0,9638065000,0,0,42435000,51705000,20295000,1840300000,479700000,130705000,0,24594090000,0,12915000,193048040000,1215150450000,572562840000,0,1559600000,21385170000,0,0,46125000,528855000,338684145000,0,61861810000,0,0,130995000,16605000,1845000,0,51427660000,0,7380000,0,0,0,0,0,0,0,0,1245000,0,29331880000,3400890000,16605000,203634525000,107385255000,0,1.4028e+10,0,1051390000,0,0,0,0,112545000,1845000,0,99081100000,2064120000,0,466275000,0,0,25859960000,940820920000,30332220000,0,256455000,0,0,0,17850000,0,42816670000,0,46125000,0,1845000,1845000,0,71955000,17606810000,0,234855000,0,0,343170000,0,446654695000,38243555000,59040000,0,0,0,4468920000,394539345000,0,123615000,2.1376e+10,45525000,11070000,0,968955000,0,206997550000,0,11070000,0,0,353615000,0,6637430000,16605000,639775210000,0,167895000,103320000,0,0,17878870000,0,634965000,0,0,0,0,0,23985000
"AUS",0,0,0,42838840000,0,0,0,287240000,0,660235000,0,432339595000,0,0,0,0,0,0,0,23604780000,391755000,0,42112900000,0,3690000,796700000,0,0,371865085000,0,0,141762080000,260100830000,0,0,1717260000,0,0,3670000,0,0,22140000,0,0,0,0,3636089840000,0,0,0,0,389330075000,0,176460000,19958500000,0,0,0,0,11010000,0,0,82593235000,0,0,0,0,0,0,0,0,118097080000,0,0,0,665265000,5937683710000,3937351270000,4409533130000,0,1947890000,849433265000,0,0,0,4101812845000,166221780000,0,296249650000,88124230000,9789540000,3353607210000,667909185000,0,0,54746370000,0,0,245254530000,0,0,0,8.2665e+10,1771189850000,262455000,0,0,0,167795610000,0,0,323458960000,80869750000,0,0,0,1011875000,0,132871875000,0,11278070000,1149270825000,0,0,1845000,758955000,14667610000,0,0,402046780000,0,0,345712130000,0,0,16605000,51135000,0,38575000,0,0,0,101945000,0,0,0,0,234675000,0,151290000,0,0,0,209528275000,0,251226535000,0,0,0,0,0,5045245000,3851120000,0,275020100000,590670310000,1111558100000,40040000,7367505000,0,157384140000,4.5925e+10,114372950000,557608845000,0,2712090000,13778110000,16545000,5719920000,0,0,0,0,950038955000,7.348e+10,1170551430000,0,0,872405000,0,0,0,0,0,0
"AUT",9225000,0,173430000,0,0,5535000,137825000,0,0,10470000,0,0,0,0,0,0,12915000,0,0,0,0,105060000,0,0,0,993620000,0,0,0,0,18450000,935340000,14760000,0,0,0,0,0,36900000,29520000,0,40233040000,0,11070000,0,0,2202930000,7380000,0,173430000,0,0,1016865000,14621060000,0,0,11070000,0,0,559873130000,4342560000,0,0,2293315000,0,0,0,0,0,0,0,25530000,10298710000,14702600000,9225000,0,0,12915000,0,7823890000,73800000,1444431530000,0,25830000,0,448335000,7280000,0,3690000,0,1845000,0,20295000,18425000,0,44280000,0,0,46125000,29395000,0,0,0,25830000,0,0,64575000,0,0,23985000,42435000,0,0,5535000,0,0,250119435000,0,0,4921185000,0,0,0,0,0,2243520000,0,0,28330575000,0,0,0,17250000,5863510000,885600000,0,0,0,0,0,18021425000,0,2529390000,0,0,0,0,29520000,0,0,0,53607635000,2869725000,121770000,0,206565000,1999295000,0,0,0,8975020000,82881240000,5535000,0,678960000,0,1845000,0,0,0,0,0,16605000,5632710000,0,0,10345965000,169930000,4471030000,0,5535000,0,5535000,1845000,0,88560000,0,0,120088535000,1845000,0,0,0,0,0
"BHS",0,0,0,0,0,0,0,0,0,0,0,0,0,0,0,0,0,0,0,0,0,0,0,0,0,0,0,0,0,0,0,0,0,0,0,0,0,0,0,0,0,0,0,0,0,0,0,0,0,0,0,0,0,0,0,0,0,0,0,0,0,0,0,0,0,0,0,0,0,0,0,0,0,0,0,0,0,0,0,0,0,0,0,0,0,0,0,0,0,0,0,0,0,0,0,0,0,0,0,0,0,0,0,0,0,0,0,0,0,0,0,0,0,0,0,0,0,0,0,0,0,0,0,0,0,0,0,0,0,0,0,0,0,0,0,0,0,0,0,0,0,0,0,0,0,0,0,0,0,0,0,0,0,0,0,0,0,0,0,0,0,0,0,0,0,0,0,0,0,0,0,0,0,0,0,0,0,0,0,0,0,0,0,0,0,0,0,0,0,0,0,0,0,0,0
"BHR",0,0,0,0,0,0,0,0,0,0,0,0,0,0,0,0,0,0,0,0,0,0,0,0,0,0,0,0,0,0,0,0,0,0,0,0,0,0,0,0,0,0,0,0,0,0,0,0,0,0,0,0,0,0,0,0,0,0,0,0,0,0,0,0,0,0,0,0,0,0,0,0,0,0,0,0,0,0,0,0,0,0,0,0,0,0,325880000,0,0,0,0,0,33210000,0,0,0,0,0,0,0,0,0,0,3690000,0,0,0,0,0,0,0,0,0,0,0,0,0,0,0,0,0,0,0,0,0,0,0,0,0,0,0,0,0,0,0,0,0,0,527695000,0,0,0,0,0,0,0,0,11495810000,0,0,0,0,0,0,0,0,0,0,0,0,0,0,112890000,0,0,0,0,0,0,0,12915000,0,0,75765000,0,0,3690000,0,0,0,0,0,0,0,0,9402720000,0,0,0,0,0,0,0,0,0
"BRB",0,0,0,0,358515000,0,0,0,0,0,0,0,0,0,0,0,0,0,0,0,0,0,0,0,0,58620000,0,0,0,0,0,0,0,0,0,0,0,0,0,0,0,0,8186360000,41860000,0,0,0,0,0,0,0,0,0,126990000,0,0,0,0,0,83720000,0,0,0,0,0,1494530000,0,0,109545000,0,0,0,0,0,0,0,0,0,0,0,0,0,5535000,0,1187430000,0,0,0,0,0,0,0,0,0,0,0,0,0,0,0,0,0,0,0,0,0,0,0,0,0,0,0,0,0,0,0,0,0,0,0,0,0,0,0,0,0,0,0,0,0,0,0,0,0,0,0,0,0,0,0,0,0,0,106680000,8905760000,314290000,0,0,0,0,0,0,0,0,0,0,0,0,0,0,0,0,0,0,0,0,0,0,0,1616110000,0,0,0,0,0,0,108860000,0,934290000,0,0,0,0,0,0,0,0,0,0,0,0,0,0,0,0
"BGD",0,0,0,0,0,0,0,0,0,0,0,0,0,0,0,0,0,0,0,0,0,0,0,0,0,0,0,0,0,0,0,0,0,0,0,0,0,0,0,0,0,0,0,0,0,0,0,0,0,0,0,0,0,0,0,0,0,0,0,0,0,0,0,0,0,0,0,0,0,0,0,0,0,0,0,0,0,0,0,0,0,0,0,0,0,0,0,0,0,0,0,0,0,0,0,0,0,0,0,0,0,0,0,0,0,0,0,0,0,0,0,0,0,0,0,0,0,0,0,0,0,0,0,0,0,0,0,0,0,0,0,0,0,0,0,0,0,0,0,0,0,0,0,0,0,0,0,0,0,0,0,0,0,0,0,0,0,0,0,0,0,0,0,0,0,0,0,0,0,0,0,0,0,0,0,0,0,0,0,0,0,0,0,0,0,0,0,0,0,0,0,0,0,0,0
"BMU",0,0,0,0,0,0,0,0,0,0,0,0,0,0,0,0,0,0,0,0,0,0,0,0,0,0,0,0,0,0,0,0,0,0,0,0,0,0,0,0,0,0,0,0,0,0,0,0,0,0,0,0,0,0,0,0,0,0,0,0,0,0,0,0,0,0,0,0,0,0,0,0,0,0,0,0,0,0,0,0,0,0,0,0,0,0,0,0,0,0,0,0,0,0,0,0,0,0,0,0,0,0,0,0,0,0,0,0,0,0,0,0,0,0,0,0,0,0,0,0,0,0,0,0,0,0,0,0,0,0,0,0,0,0,0,0,0,0,0,0,0,0,0,0,0,0,0,0,0,0,0,0,0,0,0,0,0,0,0,0,0,0,0,0,0,0,0,0,0,0,0,0,0,0,0,0,0,0,0,0,0,0,0,0,0,0,0,0,0,0,0,0,0,0,0
"BTN",0,0,0,0,0,0,0,0,0,0,0,0,0,0,0,0,0,0,0,0,0,0,0,0,0,0,0,0,0,0,0,0,0,0,0,0,0,0,0,0,0,0,0,0,0,0,0,0,0,0,0,0,0,0,0,0,0,0,0,0,0,0,0,0,0,0,0,0,0,0,0,0,0,0,0,0,0,0,0,0,0,0,0,0,0,0,0,0,0,0,0,0,0,0,0,0,0,0,0,0,0,0,0,0,0,0,0,0,0,0,0,0,0,0,0,0,0,0,0,0,0,0,0,0,0,0,0,0,0,0,0,0,0,0,0,0,0,0,0,0,0,0,0,0,0,0,0,0,0,0,0,0,0,0,0,0,0,0,0,0,0,0,0,0,0,0,0,0,0,0,0,0,0,0,0,0,0,0,0,0,0,0,0,0,0,0,0,0,0,0,0,0,0,0,0
"BOL",0,0,0,0,0,0,0,0,0,0,0,0,0,0,0,0,0,0,0,0,0,0,0,0,0,0,0,0,0,0,0,0,0,0,0,0,0,0,0,0,0,0,0,0,0,0,0,0,0,0,0,0,0,0,0,0,0,0,0,0,0,0,0,0,0,0,0,0,0,0,0,0,0,0,0,0,0,0,0,0,0,0,0,0,0,0,0,0,0,0,0,0,0,0,0,0,0,0,0,0,0,0,0,0,0,0,0,0,0,0,0,0,0,0,0,0,0,0,0,0,0,0,0,0,0,0,0,0,0,0,0,11013140000,0,0,0,0,0,0,0,0,0,0,0,0,0,0,0,0,0,0,0,0,0,0,0,0,0,0,0,0,0,0,0,0,0,0,0,0,0,0,0,0,0,0,0,0,0,0,30615000,0,0,0,0,0,0,0,0,0,0,0,0,0,0,0,0
"BWA",0,0,0,0,0,0,0,0,0,0,0,0,0,0,0,0,0,0,0,0,0,0,0,0,0,0,0,0,0,0,0,0,0,0,0,0,0,0,0,189915000,0,0,0,0,0,0,0,0,0,0,0,0,0,0,0,0,0,0,0,0,0,0,0,0,0,0,0,0,0,0,0,0,0,0,0,5535000,0,0,0,0,0,0,0,0,0,0,0,0,0,0,0,0,0,0,0,0,0,0,0,0,0,0,0,0,0,0,0,0,0,0,0,0,0,0,0,0,0,0,0,0,0,0,0,0,0,0,0,0,0,0,0,0,0,0,0,0,0,0,0,577965000,0,0,0,0,0,0,0,0,0,0,0,0,0,0,0,3602975000,0,0,0,0,0,0,0,0,0,0,0,0,0,0,0,0,0,0,0,0,0,0,0,0,0,0,0,0,0,0,888160000,185640000,0,0,0,0,0,0,0
"BRA",0,0,0,149580000,0,4005050000,1068990000,1845000,0,0,38745000,0,0,0,1768690000,0,0,0,16605000,0,0,0,0,0,671580000,609585000,492670000,0,0,0,985900000,105045000,2068290000,0,44280000,0,558480000,2322215000,0,3690000,46125000,0,0,431775000,0,706350000,0,0,105165000,83025000,0,322875000,5505000,29520000,0,0,0,96585000,84870000,7355000,0,250320000,0,0,0,1845000,1835000,42435000,129150000,851190000,0,340625000,129150000,0,0,11070000,0,0,0,0,241830000,115865000,0,0,130995000,10555955000,29520000,0,208485000,0,40590000,789570000,5535000,0,0,198630000,0,31365000,453960000,0,0,53505000,0,154380000,0,0,11070000,0,190035000,332100000,0,47741445000,521515000,0,64575000,0,145755000,0,136530000,0,0,101475000,0,0,62730000,0,0,776265000,0,73800000,35660895000,997545000,0,0,1933645000,0,0,0,0,0,35977850000,0,282175000,0,3690000,0,23985000,28320000,59040000,29520000,1845000,0,0,23985000,0,1121455000,322740000,298890000,0,16605000,0,103320000,0,0,505530000,0,9225000,0,0,137400000,11070000,53505000,0,164205000,29520000,0,1628010000,0,16426515000,0,8470955000,0,4458540000,0,0,0,0,0,40590000,0,0,0,0,0,0
"ARB",0,0,0,0,0,0,0,0,0,0,0,0,0,0,0,0,0,0,0,0,0,0,0,0,0,0,0,0,0,0,0,0,0,0,0,0,0,0,0,0,0,0,0,0,0,0,0,0,0,0,0,0,0,0,0,0,0,0,0,0,0,0,0,0,0,0,0,0,0,0,0,0,0,0,0,0,0,0,0,0,0,0,0,0,0,0,0,0,0,0,0,0,0,0,0,0,0,0,0,0,0,0,0,0,0,0,0,0,0,0,0,0,0,0,0,0,0,0,0,0,0,0,0,0,0,0,0,0,0,0,0,0,0,0,0,0,0,0,0,0,0,0,0,0,0,0,0,0,0,0,0,0,0,0,0,0,0,0,0,0,0,0,0,0,0,0,0,0,0,0,0,0,0,0,0,0,0,0,0,0,0,0,0,0,0,0,0,0,0,0,0,0,0,0,0
"BLZ",0,0,0,0,0,0,0,0,0,0,0,0,0,0,0,0,0,0,0,0,0,0,0,0,0,0,0,0,0,0,0,0,0,0,0,0,0,0,0,0,0,0,0,0,0,0,0,0,0,0,0,0,0,0,0,0,0,0,0,0,0,0,0,0,0,0,0,0,0,0,0,0,0,0,0,0,0,0,0,0,0,0,0,0,0,0,0,0,0,0,0,0,0,0,0,0,0,0,0,0,0,0,0,0,0,0,0,0,0,0,0,0,0,0,0,0,0,0,0,0,0,0,0,0,0,0,0,0,0,0,0,0,0,0,0,0,0,0,0,0,0,0,0,0,0,0,0,0,0,0,0,0,0,0,0,0,0,0,0,0,0,0,0,0,0,0,0,0,0,0,0,0,0,0,0,0,0,0,0,0,0,0,0,0,0,0,0,0,0,0,0,0,0,0,0
"SLB",0,0,0,0,0,0,0,0,0,0,0,0,0,0,0,0,0,0,0,0,0,0,0,0,0,0,0,0,0,0,0,0,0,0,0,0,0,0,0,0,0,0,0,0,0,0,0,0,0,0,0,36400000,0,0,0,0,0,0,0,0,0,0,0,0,0,0,0,0,0,0,0,0,0,0,0,0,0,0,0,0,0,0,0,0,0,0,0,0,0,0,0,0,0,0,0,0,0,0,0,0,0,0,0,0,0,0,0,0,0,0,0,0,0,0,0,0,0,0,0,0,0,0,0,0,0,0,0,0,0,0,0,0,0,0,0,0,0,0,0,0,0,0,0,0,0,0,0,0,0,0,0,0,0,0,0,0,0,0,0,0,0,0,0,0,0,0,0,0,0,0,0,0,0,0,0,0,0,0,0,0,0,0,0,0,0,0,0,0,0,0,0,0,0,0,0
"BRN",0,0,0,0,0,0,0,0,0,0,0,0,0,0,0,0,0,0,0,0,0,0,0,0,0,0,0,0,0,0,0,0,0,0,0,0,0,0,0,0,0,0,0,0,0,0,0,0,0,0,0,0,0,0,0,0,0,0,0,0,0,0,0,0,0,0,0,0,0,0,0,0,0,0,0,0,0,0,0,0,0,0,0,0,0,0,0,0,0,0,0,0,0,0,0,0,0,0,0,0,0,0,0,9200000,0,0,0,0,0,0,0,0,0,0,0,0,0,0,0,0,0,0,0,0,0,0,0,0,0,0,0,0,0,0,0,0,0,0,0,0,0,0,0,0,0,0,0,0,0,0,0,0,0,0,0,0,0,0,0,0,0,0,0,0,0,0,0,0,0,0,0,0,0,0,0,0,0,0,0,0,0,0,0,0,0,0,0,0,0,0,0,0,0,0,0
"BGR",130925000,0,48665345000,203335860000,3665000,0,27675000,0,0,3690000,0,0,0,0,0,0,0,0,0,0,0,0,0,0,0,0,0,0,0,0,0,0,0,0,0,0,0,0,6460675000,77470000,0,0,0,0,9175000,0,116156850000,0,0,55350000,0,0,0,32957450000,0,0,1517325000,0,109200000,4422385000,984435000,1845000,0,83986920000,0,0,0,0,0,0,0,1820000,7598565000,4173450000,0,0,0,0,0,88605000,52862785000,550895480000,0,41860000,1845000,0,448335000,0,0,23810000,1820000,0,0,95605000,0,17924400000,0,7330000,190035000,44280000,0,0,0,0,0,0,77645000,0,27675000,27675000,3690000,36275740000,0,337225000,0,0,0,0,0,107439610000,0,23985000,0,0,1.837e+10,7380000,0,10985000,3310800000,0,0,0,0,5203390000,36733320000,0,0,0,0,0,359187830000,0,1221675000,0,0,49370000,1820000,53505000,0,0,0,1195560000,1189425000,795340000,0,7380000,874802780000,0,46125000,0,0,0,7715400000,0,0,0,0,0,3065000,0,0,50599330000,18579720000,0,0,0,39473240000,3443870000,1276305000,0,0,0,0,8435110000,0,3.674e+10,0,0,72303530000,1820000,0,0,0,0,0
"MMR",0,0,0,0,0,0,0,0,0,0,0,0,0,0,0,0,0,0,0,0,0,0,0,0,0,0,0,0,0,0,0,0,0,0,0,0,0,0,0,0,0,0,0,0,0,0,0,0,0,0,0,0,0,0,0,0,0,0,0,0,0,0,0,0,0,0,0,0,0,0,0,0,0,0,0,0,0,0,0,0,0,0,0,0,0,0,0,0,0,0,0,0,0,0,0,0,0,0,0,0,0,0,0,0,0,0,0,0,0,0,0,0,0,0,0,0,0,0,0,0,0,0,0,0,0,0,0,0,0,0,0,0,0,0,0,0,0,0,0,0,0,0,0,0,0,0,0,0,0,0,0,0,0,0,0,0,0,0,0,0,0,0,0,0,0,0,0,0,0,0,0,0,0,0,0,0,0,0,0,0,0,0,0,0,0,0,0,0,0,0,0,0,0,0,0
"BDI",0,0,0,0,0,0,0,0,0,0,0,0,0,0,0,0,0,0,0,0,0,0,0,0,0,0,0,0,0,0,0,0,0,0,0,0,0,0,0,0,0,0,0,0,0,0,0,0,0,0,0,0,0,0,0,0,0,0,0,0,0,0,0,0,0,0,0,0,0,0,0,0,0,0,0,0,0,0,0,0,0,0,0,0,0,0,0,0,0,0,0,0,0,0,0,0,0,0,0,0,0,0,0,0,0,0,0,0,0,0,0,0,0,0,0,0,0,0,0,0,0,0,0,0,0,0,0,0,0,0,0,0,0,0,0,0,0,0,0,0,0,8.35e+08,0,0,0,0,0,0,0,0,0,0,0,0,0,0,0,0,0,0,0,0,0,0,0,0,0,0,0,0,0,0,0,0,0,0,0,0,0,0,0,0,0,0,0,0,0,0,0,0,0,0,0,0,0
"CMR",0,0,0,0,0,0,0,0,0,0,0,0,0,0,0,0,0,0,0,0,0,0,0,0,0,0,0,1750340000,0,3503055000,0,0,0,0,1081475000,0,0,0,0,0,0,0,0,0,0,0,0,0,84870000,0,0,0,0,0,0,0,0,1724230000,0,0,0,0,0,0,0,0,0,0,0,0,0,0,0,0,0,0,0,0,0,0,0,0,0,0,0,0,0,0,0,0,0,0,0,0,0,0,0,0,0,0,0,0,0,0,0,0,0,0,0,0,0,0,0,0,0,0,0,0,0,0,0,0,0,0,0,0,0,0,0,0,0,0,0,0,0,0,0,0,0,0,0,0,0,0,0,0,0,0,0,0,0,0,0,0,0,0,0,0,0,0,0,0,0,0,0,0,0,0,0,0,0,0,0,0,0,0,0,0,0,0,0,0,0,0,0,0,0,0,0,0,0,0,0,0,0
"CAN",0,1703400000,0,3119748710000,20860000,130260000,595620000,68470000,11235185000,219870000,7387075000,339248810000,0,0,5043400000,0,392785655000,0,0,0,0,11686660000,0,0,161979980000,0,0,0,175341650000,0,413248350000,621892660000,1161609600000,0,1245000,0,150730000,27854550000,31562970000,0,0,23268150000,0,97376925000,0,753803690000,207390015000,32808790000,0,0,0,16380000,8759450000,40771670000,16185000,0,0,0,0,58499385000,0,486250560000,0,535453535000,0,3735000,558272005000,0,39650000,51116410000,49800000,26373595000,0,0,323275000,47310000,1450232425000,816416240000,0,42023825000,306160000,2320740005000,55166780000,21165000,422083305000,4190459615000,13145895000,0,14692660000,11070000,44980230000,424489130000,156045000,0,0,1061715000,0,0,119184560000,0,0,0,0,606205125000,0,0,0,0,0,2378709475000,0,1527938110000,76349060000,0,98280000,0,81837100000,0,0,0,0,90295475000,4980000,0,555515480000,87205540000,11568455000,30998395000,1245000,0,0,778568335000,1593562340000,62407900000,10801560000,0,0,0,44630000,9181660000,389600980000,0,55131985000,254460000,2122490000,1418050000,0,428750000,4.0247e+10,0,0,0,0,40384635000,0,18429335000,702224130000,18200000,0,0,933990000,167183275000,0,0,30691340000,21411070000,468757310000,141078260000,0,392100000,106990000,1064938960000,197024930000,487256805000,0,0,1045094985000,204641800000,6101095955000,0,0,0,1992270955000,108075995000,90993290000,0,78260000,0,783264710000,0,0,0,0,0,0
"CPV",0,0,0,0,0,0,0,0,0,0,0,0,0,0,0,0,0,0,0,0,0,0,0,0,0,0,0,0,0,0,0,0,0,0,0,0,0,0,0,0,0,0,0,0,0,0,0,0,0,0,0,0,0,0,0,0,0,0,0,0,0,0,0,0,0,0,0,0,0,0,0,0,0,0,0,0,0,0,0,0,0,0,0,0,0,0,0,0,0,0,0,0,0,0,0,0,0,0,0,0,0,0,0,0,0,0,0,0,0,0,0,0,0,0,0,0,0,0,0,0,0,0,0,0,0,0,0,0,0,0,0,0,0,0,0,0,0,0,0,0,0,0,0,0,0,0,0,0,0,0,0,0,0,0,0,0,0,0,0,0,0,0,0,0,0,0,0,0,0,0,0,0,0,0,0,0,0,0,0,0,0,0,0,0,0,0,0,0,0,0,0,0,0,0,0
"CAF",0,0,0,0,0,0,0,0,0,0,0,0,0,0,0,0,0,0,0,0,0,0,0,0,0,0,0,0,0,0,0,0,0,0,0,0,0,0,0,0,0,0,0,0,0,0,0,0,0,0,0,0,0,0,0,0,0,0,0,0,0,0,0,0,0,0,0,0,0,0,0,0,0,0,0,0,0,0,0,0,0,0,0,0,0,0,0,0,0,0,0,0,0,0,0,0,0,0,0,0,0,0,0,0,0,0,0,0,0,0,0,0,0,0,0,0,0,0,0,0,0,0,0,0,0,0,0,0,0,0,0,0,0,0,0,0,0,0,0,0,0,0,0,0,0,0,0,0,0,0,0,0,0,0,0,0,0,0,0,0,0,0,0,0,0,0,0,0,0,0,0,0,0,0,0,0,0,0,0,0,0,0,0,0,0,0,50960000,0,0,0,0,0,0,0,0
"LKA",0,0,0,0,0,0,209520000,0,0,1845000,0,33030000,0,0,0,0,0,0,0,0,0,3690000,0,0,0,353840000,0,0,0,0,0,16605000,0,0,0,0,0,0,1845000,0,0,3680000,0,0,0,0,5535000,0,0,0,0,35055000,0,137655000,0,0,0,0,0,35030000,0,0,0,0,0,0,0,0,0,0,0,18450000,0,0,0,189685000,0,0,0,0,0,64315000,0,0,0,41890000,0,0,0,0,0,0,64515000,0,0,23355000,0,0,0,0,0,0,0,0,11519760000,0,53505000,0,9225000,0,0,0,0,0,0,0,9215000,0,0,0,0,5515000,0,0,0,14670000,0,0,0,0,0,0,0,0,0,0,0,0,0,0,0,0,0,0,0,0,0,5535000,0,0,0,0,0,6942455000,0,0,18450000,0,0,0,0,92190000,0,0,0,0,0,0,0,23985000,11050000,0,0,442140000,0,0,380970000,0,88500000,0,0,0,0,0,51660000,0,0,0,0,0,0,0,0,0,0
"TCD",0,0,0,0,0,0,0,0,0,0,0,0,0,0,0,0,0,0,0,0,0,0,0,0,0,0,0,0,0,0,0,0,0,0,0,0,0,0,0,0,0,0,0,0,0,0,0,0,0,0,0,0,0,0,0,0,0,0,0,0,0,0,0,0,0,0,0,0,0,0,0,0,0,0,0,0,0,0,0,0,0,0,0,0,0,0,0,0,0,0,0,0,0,0,0,0,0,0,0,0,0,0,0,0,0,0,0,0,0,0,0,0,0,0,0,0,0,0,0,0,0,0,0,0,0,0,0,0,0,0,0,0,0,0,0,0,0,0,0,0,0,0,0,0,0,0,0,0,0,0,0,0,0,0,0,0,0,0,0,0,0,0,0,0,0,0,0,0,0,0,0,0,0,0,0,0,0,0,0,0,0,0,0,0,0,0,0,0,0,0,0,0,0,0,0
"CHL",0,0,0,0,0,557140000,25130000,0,0,0,3690000,0,0,0,2502620000,0,0,0,0,0,0,0,0,0,0,36740000,0,0,0,0,0,0,912880000,0,0,0,570120000,500640000,0,0,0,0,0,304425000,0,1918635000,0,286650000,0,0,0,1845000,0,6680000,0,0,0,0,0,7280000,0,0,0,0,0,0,1145075000,0,0,2250080000,156825000,0,0,0,0,0,0,0,0,0,3690000,1670000,0,0,14760000,75645000,0,0,0,0,0,0,0,0,0,0,0,0,0,0,0,0,0,0,0,0,0,0,0,1085635000,0,0,0,0,0,0,35420000,0,0,0,0,1845000,148695000,0,0,0,0,821610000,0,0,1091050000,1982035000,0,0,0,0,0,0,0,0,1845000,0,0,0,1845000,0,0,0,0,0,0,0,0,0,0,0,1670000,1845000,0,0,26275000,0,0,0,68265000,0,0,0,0,5535000,0,0,0,18450000,0,0,0,0,7713645000,0,20285000,0,1542635000,0,0,0,0,0,0,0,0,0,0,0,0
"CHN",0,5010000,0,0,0,0,2990045000,22070000,0,44280000,0,129427195000,0,3680000,3670000,3670000,16605000,0,49815000,0,130965000,0,42883385000,0,0,2679540000,0,0,46065395000,0,5505000,0,0,0,23985000,0,227680000,3640000,11070000,0,282285000,0,0,0,0,0,3670000,17895000,0,0,0,110700000,1835000,1337300000,57195000,0,0,0,0,86595000,0,0,1820000,60885000,0,0,0,0,0,0,3670000,533533775000,12865000,0,0,177095000,735351905000,9225000,0,0,40540000,712330000,5505000,0,0,76499535000,33210000,0,34910295000,481080000,363707075000,2372324230000,97785000,0,66120000,25830000,0,2.73e+08,0,0,8822110000,18271255000,0,16090075000,25830000,0,0,0,23955000,18400000,44849725000,12915000,14161600000,0,0,36900000,4193860000,0,0,0,0,803460000,0,0,376380000,27525000,444645000,23985000,1845000,70110000,0,31365000,1150745225000,0,27525000,0,0,0,0,0,0,0,10896395000,0,0,0,0,1543800000,0,0,0,0,0,8630315000,0,146485000,182025000,1845000,0,0,16515000,0,0,0,13371790000,0,32043820000,18225000,0,1820000,86715000,0,0,345235000,0,0,4770010000,23985000,16523610000,0,0,0,36800000,516131140000,1845000,43962960000,0,0,301840000,0,0,0,0,0,0
"COL",0,0,0,0,260145000,0,225090000,99630000,73800000,0,97785000,0,0,0,315495000,0,1800720000,0,0,0,0,0,0,0,0,53505000,0,0,0,0,204795000,0,0,0,0,0,1365300000,2206220000,0,0,12915000,0,64575000,835785000,0,13308070000,0,656820000,0,0,0,33210000,0,765675000,0,0,0,75645000,68265000,0,0,121770000,0,0,0,75645000,300735000,33210000,1780425000,1361605000,0,0,0,0,0,0,0,0,0,0,0,0,0,0,488925000,3690000,0,0,0,0,0,0,0,0,0,0,0,33210000,0,0,0,0,0,0,0,0,0,0,0,300735000,0,0,0,0,0,0,274905000,0,0,0,0,5535000,22140000,0,44280000,0,0,1785960000,0,0,0,795195000,0,0,0,0,0,0,0,0,0,0,0,0,433575000,5535000,0,0,23985000,0,0,0,0,0,0,0,576885000,1142055000,0,0,0,1845000,0,0,0,0,0,40370000,0,610695000,0,0,0,0,0,0,104495000,12915000,15318765000,0,0,0,87203035000,0,0,0,0,0,535050000,0,0,0,0,0,0
"COM",0,0,0,0,0,0,0,0,0,0,0,0,0,0,0,0,0,0,0,0,0,0,0,0,0,0,0,0,0,0,0,0,0,0,0,0,0,0,0,0,0,0,0,0,0,0,0,0,0,0,0,0,0,0,0,0,0,0,0,0,0,0,0,0,0,0,0,0,0,0,0,0,0,0,0,0,0,0,0,0,0,0,0,0,0,0,0,0,0,0,0,0,0,0,0,0,0,0,0,0,0,0,0,0,0,0,0,0,0,0,0,0,0,0,0,0,0,0,0,0,0,0,0,0,0,0,0,0,0,0,0,0,0,0,0,0,0,0,0,0,0,0,0,0,0,0,0,0,0,0,0,0,0,0,0,0,0,0,0,0,0,0,0,0,0,0,0,0,0,0,0,0,0,0,0,0,0,0,0,0,0,0,0,0,0,0,0,0,0,0,0,0,0,0,0
"COG",0,0,0,0,0,0,0,0,0,0,0,0,0,0,0,0,0,0,0,0,0,0,0,0,0,0,0,0,0,0,0,0,0,0,0,0,0,0,0,0,0,0,0,0,0,0,0,0,0,0,0,0,0,0,0,0,0,0,0,0,0,0,0,0,0,0,0,0,0,0,0,0,0,0,0,0,0,0,0,0,0,0,0,0,0,0,0,0,0,0,0,0,0,0,0,0,0,0,0,0,0,0,0,0,0,0,0,0,0,0,0,0,0,0,0,0,0,0,0,0,0,0,0,0,0,0,0,0,0,0,0,0,0,0,0,0,0,0,0,0,0,0,0,0,0,0,0,0,0,0,0,0,0,0,0,0,0,0,0,0,0,0,0,0,0,0,0,0,0,0,0,0,0,0,0,0,0,0,0,0,0,0,0,0,0,0,0,0,0,0,0,0,0,0,0
"COK",0,0,0,0,0,0,0,0,0,0,0,0,0,0,0,0,0,0,0,0,0,0,0,0,0,0,0,0,0,0,0,0,0,0,0,0,0,0,0,0,0,0,0,0,0,0,0,0,0,0,0,0,0,0,0,0,0,0,0,0,0,0,0,0,0,0,0,0,0,0,0,0,0,0,0,0,0,0,0,0,0,0,0,0,0,0,0,0,0,0,0,0,0,0,0,0,0,0,0,0,0,0,0,0,0,0,0,0,0,0,0,0,0,0,0,0,0,0,0,0,0,0,0,0,0,0,0,0,0,0,0,0,0,0,0,0,0,0,0,0,0,0,0,0,0,0,0,0,0,0,0,0,0,0,0,0,0,0,0,0,0,0,0,0,0,0,0,0,0,0,0,0,0,0,0,0,0,0,0,0,0,0,0,0,0,0,0,0,0,0,0,0,0,0,0
"CRI",0,0,0,0,0,0,0,0,0,0,176160000,0,0,0,0,0,0,0,0,0,0,0,0,0,0,0,0,0,0,0,0,0,3690000,0,0,0,0,0,0,0,0,0,136530000,7405830000,0,0,0,10038380000,0,0,0,0,0,8625000,0,0,0,0,0,0,0,0,0,0,0,0,23211045000,0,0,1529505000,1.6935e+10,0,0,0,0,0,0,0,0,0,0,0,0,0,1527925000,0,0,0,0,0,0,0,0,0,0,0,0,0,0,0,0,0,0,0,0,0,0,0,0,47970000,0,0,0,0,0,0,0,0,0,0,0,0,107017835000,0,0,0,0,10399535000,0,0,0,0,0,0,0,0,0,0,0,0,0,0,0,0,0,0,0,0,0,0,0,0,0,0,0,0,0,0,0,0,0,0,0,0,0,0,0,0,0,1435730000,0,0,0,0,0,0,0,0,9267850000,0,0,0,0,0,0,0,0,0,0,0,0,0,0,0,0
"CUB",0,0,0,0,0,0,0,0,0,0,0,0,0,0,0,0,0,0,0,0,0,0,0,0,0,0,0,0,0,0,0,0,0,0,0,0,0,0,0,0,0,0,0,0,0,0,0,0,0,0,0,0,0,0,0,0,0,0,0,0,0,0,0,0,0,0,0,0,0,9.1e+08,0,0,0,0,0,0,0,0,0,0,0,0,0,0,0,0,0,0,0,0,0,0,0,0,0,0,0,0,0,0,0,0,0,0,0,0,0,0,0,0,0,0,0,0,0,0,0,0,0,0,0,0,0,0,0,0,0,0,0,0,0,0,0,0,0,0,0,0,0,0,0,0,0,0,0,0,0,0,0,0,0,0,0,0,0,0,23740000,0,0,0,0,0,0,0,0,0,0,0,0,0,0,0,0,0,0,0,0,0,0,0,0,0,13679120000,0,0,0,0,0,0,0,0,0,0,0,0
"CYP",0,0,0,0,0,0,20475000,0,0,139750000,0,0,0,0,0,0,0,0,0,0,0,7340000,0,0,0,0,0,0,0,0,0,0,0,0,0,0,0,0,0,21930000,0,0,0,0,0,0,1820000,0,0,0,0,0,0,14760000,0,0,22020000,0,0,3690000,0,0,0,95610000,0,0,0,0,0,0,0,0,0,0,0,0,0,0,0,0,74635000,0,0,0,0,0,14760000,0,0,0,0,0,356635000,0,0,622065000,0,0,0,0,0,0,0,0,0,0,0,0,0,0,0,0,0,0,0,0,0,0,0,0,0,0,0,0,27675000,0,0,0,8715000,0,0,0,0,0,0,0,0,0,189535000,0,0,0,6225000,0,0,0,0,102320000,0,0,0,0,0,0,0,0,0,0,0,0,0,0,0,0,0,0,0,0,0,0,110620000,0,0,355155000,0,0,295550000,0,107545000,0,0,0,0,0,0,36900000,0,0,0,0,0,0,0,0,0
"AZE",0,0,0,0,0,0,0,0,0,0,0,0,0,0,0,0,0,0,0,0,0,0,0,0,0,0,0,0,0,0,0,0,0,0,0,0,0,0,0,0,0,0,0,0,0,0,0,0,0,0,0,0,0,0,0,0,20786220000,0,0,0,0,0,0,0,0,0,0,0,0,0,0,0,0,0,0,0,0,0,0,0,0,0,0,0,0,0,0,0,0,0,0,0,0,0,0,0,0,0,0,0,0,0,0,0,0,0,0,0,0,0,0,0,0,0,0,0,0,0,0,0,0,0,0,0,0,0,0,0,0,0,0,0,0,0,0,0,0,0,0,0,0,0,0,0,0,0,0,0,0,0,0,0,0,0,0,0,0,0,0,0,0,0,0,0,0,0,0,0,0,0,0,0,0,0,0,0,0,0,0,0,0,0,0,0,0,0,0,0,0,0,0,0,0,0,0
"BEN",0,0,0,0,0,0,0,0,0,0,0,0,0,0,0,0,0,0,0,0,0,0,0,0,0,0,0,0,0,0,0,0,0,0,0,0,0,0,0,0,0,0,0,0,0,0,0,0,0,0,0,0,0,0,0,0,0,0,0,0,0,0,0,0,0,0,0,0,0,0,0,0,0,0,0,0,0,0,0,0,0,0,0,0,0,0,0,0,0,0,0,0,0,0,0,0,0,0,0,0,0,0,0,0,0,0,0,0,0,0,0,0,0,0,0,0,0,0,0,0,0,0,0,63700000,0,0,0,0,0,0,0,0,0,0,0,0,0,0,0,0,0,0,0,0,0,0,0,0,0,0,0,0,0,0,0,0,0,0,0,0,0,0,0,0,0,0,0,0,0,0,0,0,0,0,0,0,0,0,0,0,0,0,0,0,0,0,0,0,0,0,0,0,0,0,0
"DNK",147600000,0,42435000,29520000,11070000,31365000,6134625000,476655000,23985000,160515000,73800000,0,0,0,0,0,295200000,0,94095000,0,53505000,64575000,0,44820000,46125000,6239790000,0,3690000,127305000,0,523980000,1322865000,448335000,0,36105000,0,485235000,0,140220000,66420000,7380000,0,0,711570000,0,53505000,29520000,44280000,0,687270000,20728040000,0,92286940000,191985455000,49815000,0,16575000,16605000,75645000,1212862415000,38745000,365310000,0,6351225000,0,7380000,322875000,9870000,38745000,23985000,84870000,11632725000,158160000,1010980000,76354420000,467595000,0,0,2707810000,34283625000,6720315000,152187610000,167895000,0,154980000,9239295000,2361600000,14760000,183405000,0,7470000,39648805000,420660000,265845000,0,317340000,0,122490000,112545000,422295000,11070000,5535000,0,1457550000,0,18450000,247230000,40081845000,92250000,4479660000,44280000,101500485000,0,0,0,44280000,262554275000,0,71445000,1845000,0,873930000,68265000,31365000,383760000,403439700000,64575000,291510000,736155000,0,0,209130000,653775000,15845830000,1832055000,0,0,1845000,190035000,0,33210000,102090000,7916185000,3690000,0,3690000,0,595935000,53505000,43725000,47970000,33210000,46125000,1044360000,0,653130000,247199905000,60885000,34770000,0,134630695000,1061565000,3690000,0,392985000,143295000,158670000,51660000,1845000,374535000,374535000,20295000,156825000,1546920000,0,0,109005935000,145755000,75383655000,49815000,64575000,27675000,217710000,182655000,104835000,36900000,14940000,0,9031690000,40590000,0,0,0,0,0
"DMA",0,0,0,0,0,0,0,0,0,0,0,0,0,0,0,0,0,0,0,0,0,0,0,0,0,0,0,0,0,0,0,0,0,0,0,0,0,0,0,0,0,0,0,0,0,0,0,0,0,0,0,0,0,0,0,0,0,0,0,0,0,0,0,0,0,0,0,0,0,0,0,0,0,0,0,0,0,0,0,0,0,0,0,0,0,0,0,0,0,0,0,0,0,0,0,0,0,0,0,0,0,0,0,0,0,0,0,0,0,0,0,0,0,0,0,0,0,0,0,0,0,0,0,0,0,0,0,0,0,0,0,0,0,0,0,0,0,0,0,0,0,0,0,0,0,0,0,0,0,0,0,0,0,0,0,0,0,0,0,0,0,0,0,0,0,0,0,0,0,0,0,0,0,0,0,0,0,0,0,0,0,0,0,0,0,0,0,0,0,0,0,0,0,0,0
"DOM",0,0,0,0,0,0,0,0,0,0,0,0,0,0,0,0,0,0,0,0,0,0,0,0,0,0,0,0,0,0,0,0,0,0,0,0,0,0,0,0,0,0,0,0,0,0,0,0,0,0,0,0,0,0,0,0,0,0,0,0,0,0,0,0,0,0,0,0,0,0,0,0,0,0,0,0,0,0,0,0,0,0,0,0,0,0,0,0,0,0,0,0,0,0,0,0,0,0,0,0,0,0,0,0,0,0,0,0,0,0,0,0,0,0,0,0,0,0,0,0,0,0,0,0,0,0,0,0,0,0,0,0,0,0,0,0,0,0,0,0,0,0,0,0,0,0,0,0,0,0,0,0,0,0,0,0,0,0,0,0,0,0,0,0,0,0,0,0,0,0,0,0,0,0,0,0,0,0,0,0,0,0,0,0,0,0,0,0,0,0,0,0,0,0,0
"BLR",0,0,0,0,0,0,0,0,0,0,0,0,0,0,0,0,0,0,0,0,0,0,0,0,0,3090000,0,0,0,0,0,0,0,0,0,0,0,0,0,0,0,0,0,0,0,0,0,0,0,31365000,0,0,0,0,0,0,0,0,0,32145000,0,0,0,0,0,0,0,0,0,0,0,0,0,0,0,0,0,0,0,1845000,22140000,0,0,27675000,0,0,0,0,0,0,0,0,0,259795000,0,0,0,0,0,10365195000,0,0,0,0,0,0,0,0,0,0,0,0,0,1565225000,0,0,0,0,0,0,0,0,0,0,0,0,0,0,0,0,0,0,0,624580000,0,0,0,0,0,0,0,0,35225160000,0,0,0,0,0,0,0,0,0,0,0,0,0,0,0,0,0,0,0,0,0,0,0,0,0,0,0,0,0,0,0,0,0,3690000,197415000,97785000,0,0,20295000,0,0,0,0,0,0,0,0,0,0,0,0,0
"ECU",0,0,0,0,0,35055000,0,0,0,0,0,0,0,0,3690000,0,99765000,0,0,0,0,0,0,0,0,0,0,0,0,0,9225000,0,4246250000,0,0,0,110700000,0,0,0,0,0,0,0,0,0,0,0,0,0,0,0,0,5505000,0,0,0,0,0,0,0,0,0,0,0,0,36900000,0,0,0,0,0,0,0,0,0,0,0,0,0,0,0,0,0,0,0,0,0,0,0,0,0,0,0,0,0,0,0,0,0,0,0,0,0,0,0,0,0,0,160515000,0,0,0,0,0,0,110700000,0,0,0,0,0,0,0,0,0,0,0,0,0,0,351635000,0,0,0,0,0,0,0,0,0,0,0,0,0,0,0,0,0,0,0,0,0,0,0,0,437055000,0,0,0,0,0,0,0,0,0,0,0,0,0,0,0,0,0,0,0,0,0,1743810000,0,36900000,0,1164085000,0,0,0,0,0,0,0,0,0,0,0,0
"EGY",0,0,0,742850000,0,0,47970000,5505000,0,47970000,0,0,0,0,0,0,0,0,0,0,0,0,0,0,45625000,23960000,0,0,0,0,0,83500000,0,0,0,0,0,0,0,0,0,7380000,0,0,41860000,0,0,0,0,0,0,0,0,1845000,0,116235000,0,11070000,0,7380000,0,23985000,0,0,0,0,0,0,0,0,0,0,0,0,0,0,0,0,92250000,0,44280000,42335000,0,0,0,0,29049720000,0,8210415000,0,0,0,117855000,0,0,2115660000,0,0,10092075000,0,0,27675000,0,0,0,3690000,12915000,16605000,44280000,0,0,36900000,320320000,0,0,0,33160000,0,0,0,0,0,0,0,0,0,0,0,0,0,0,0,0,0,0,0,0,27675000,23985000,0,0,0,41860000,0,0,0,0,892150000,219555000,0,0,0,0,0,0,167895000,0,0,0,0,12840000,0,100925000,0,0,22140000,0,0,0,0,22140000,0,0,398910000,0,0,3670000,0,117805000,0,0,0,0,0,0,791505000,0,101920000,0,0,0,0,0,0,0
"SLV",0,0,0,0,0,0,0,0,0,0,0,0,0,0,0,0,0,0,207885000,0,0,1845000,0,0,0,7380000,0,0,0,0,0,0,0,0,0,0,3865195000,177120000,0,0,0,0,0,2359755000,0,0,0,0,0,0,0,0,0,0,0,0,0,0,0,0,0,0,0,12915000,0,0,169554130000,0,0,147600000,32754730000,0,0,0,0,0,0,5535000,0,0,0,0,0,0,0,0,0,0,0,12915000,0,0,0,0,0,0,0,0,0,0,0,0,0,0,0,0,0,0,0,891135000,0,0,0,0,0,0,0,0,0,0,0,0,2622845000,0,0,0,0,7380000,0,0,0,0,0,0,0,0,0,0,0,0,0,0,0,0,0,0,0,0,0,0,0,0,0,0,0,0,0,0,0,0,0,0,0,0,0,0,0,0,0,0,0,0,0,0,0,0,0,0,4303910000,0,0,0,0,0,0,0,0,0,0,0,0,0,0,0,0
"GNQ",0,0,0,0,0,0,0,0,0,0,0,0,0,0,0,0,0,0,0,0,0,0,0,0,0,0,0,0,0,0,0,0,0,0,0,0,0,0,0,0,0,0,0,0,0,0,0,0,0,0,0,0,0,0,0,0,0,0,0,0,0,0,0,0,0,0,0,0,0,0,0,0,0,0,0,0,0,0,0,0,0,0,0,0,0,0,0,0,0,0,0,0,0,0,0,0,0,0,0,0,0,0,0,0,0,0,0,0,0,0,0,0,0,0,0,0,0,0,0,0,0,0,0,0,0,0,0,0,0,0,0,0,0,0,0,0,0,0,0,0,0,0,0,0,0,0,0,0,0,0,0,0,0,0,0,0,0,0,0,0,0,0,0,0,0,0,0,0,0,0,0,0,0,0,0,0,0,0,0,0,0,0,0,0,0,0,0,0,0,0,0,0,0,0,0
"EST",0,0,0,0,5510000,0,0,0,7305000,0,0,0,0,0,0,0,0,0,7320000,0,0,0,0,0,0,0,0,0,0,0,0,3655000,0,0,0,0,0,0,73415000,179280000,0,7423780000,0,0,5345250000,0,0,0,0,0,0,0,10070295000,3665000,0,0,11020000,0,0,5716580000,0,0,0,3655000,0,0,0,0,0,0,0,0,0,0,0,0,0,0,0,0,0,5572940000,0,11010000,0,0,0,0,0,25620000,0,0,0,2690435000,0,0,0,42155000,0,4895465000,0,0,0,0,0,0,153835000,0,0,0,0,0,0,0,0,0,3690000,0,0,0,0,0,0,0,0,12756100000,0,25640000,0,0,0,0,0,176325000,0,0,0,0,0,0,1820000,0,3372775000,0,0,12855000,0,0,0,0,0,0,0,1820000,0,0,0,0,0,0,912155000,0,0,0,0,0,0,0,0,0,0,0,3640000,0,0,0,25630000,2140510000,3690000,0,0,0,0,0,0,0,0,0,0,1835000,0,0,0,0,0
"FRO",0,0,0,0,0,0,0,0,0,0,0,0,0,0,0,0,0,0,0,0,0,0,0,0,0,0,0,0,0,0,0,0,0,0,0,0,0,0,0,0,0,0,0,0,0,0,0,0,0,0,0,0,0,0,0,0,0,0,0,0,0,0,0,0,0,0,0,0,0,0,0,0,0,0,0,0,0,0,0,0,0,0,0,0,0,0,0,0,0,0,0,0,0,0,0,0,0,0,0,0,0,0,0,0,0,0,0,0,0,0,0,0,0,0,0,0,0,0,0,0,0,0,0,0,0,0,0,0,0,0,0,0,0,0,0,0,0,0,0,0,0,0,0,0,0,0,0,0,0,0,0,0,0,0,0,0,0,0,0,0,0,0,0,0,0,0,0,0,0,0,0,0,0,0,0,0,0,0,0,0,0,0,0,0,0,0,0,0,0,0,0,0,0,0,0
"FJI",0,0,0,0,0,0,800410000,0,0,0,0,0,0,0,0,0,0,0,0,20295000,0,0,0,0,0,33210000,0,0,0,0,0,0,0,0,0,316235000,0,0,0,0,0,0,0,0,0,0,0,0,0,0,0,0,0,0,2307115000,0,0,0,0,0,0,0,397790000,0,0,0,0,0,0,0,0,0,0,0,0,0,0,0,0,0,0,0,21940000,0,0,0,0,0,0,0,0,0,0,0,0,0,0,0,0,0,0,0,0,0,0,0,0,0,0,0,0,0,0,0,0,0,0,0,297830000,0,6274160000,5676860000,0,0,0,0,0,0,0,34455000,0,0,0,0,0,0,0,0,0,0,0,0,0,0,0,0,0,0,0,0,0,0,0,0,0,0,0,0,0,0,0,0,0,0,0,0,0,0,12535035000,0,1845000,0,0,0,0,586130000,0,0,924355000,0,0,0,0,0,0,0,0,0,0,0,0,0,0,0,0
"FIN",0,0,0,0,0,0,73455000,310005000,0,0,0,0,0,0,0,0,0,0,0,0,0,0,0,0,0,1049905000,0,0,0,0,0,1245000,0,0,0,0,0,0,0,1845000,0,6520540000,0,0,32760000,0,0,0,0,21300820000,1845000,0,0,1278890000,0,0,0,0,0,5112935000,0,0,0,145665000,0,0,0,0,0,0,0,0,37350000,0,203445000,0,0,0,0,0,17430000,8859850000,0,62175000,0,16185000,0,0,0,0,0,0,3735000,358325000,0,0,0,0,0,130665000,0,0,0,0,0,0,0,0,0,1245000,0,0,0,10430000,0,0,9791130000,0,0,3090000,0,0,0,0,0,3626795000,0,0,306270000,0,0,0,0,45150000,27390000,0,0,0,0,0,3670000,0,15663610000,0,0,0,0,0,0,0,0,0,0,0,0,58515000,26335000,0,0,0,22493710000,48555000,0,0,0,0,0,0,0,0,0,0,23655000,0,0,0,30378940000,99045000,1068330000,0,0,0,0,0,0,0,0,0,220275000,6180000,0,0,0,0,0
"FRA",360620000,22837300000,31633885000,4384673225000,84700000,8350000,1334465000,24535130000,37215000,1467760000,83770000,5.511e+10,0,0,61355800000,8.35e+08,164595000,0,0,0,73400000,2252260000,398580000,0,634690840000,6908745000,13475230000,91006710000,618898660000,113999895000,101545000,7.3e+07,7746020000,11983220000,225886205000,0,7470000,1179457885000,22774630000,3690000,135203900000,31975930000,0,289475000,0,5750740000,4867333080000,0,26283805000,2903990000,0,0,15187965000,0,20415015000,5771035000,0,246775405000,24420290000,2893678455000,663265000,94493295000,0,488497005000,0,0,14805000,405616595000,0,62916850000,0,393035000,582390000,37494920000,779520000,0,97048200000,7841780000,0,163033465000,61930125000,6523333140000,901637710000,167730000,0,16961165000,12680990000,0,0,79255000,1.503e+10,1351085000,746105000,921750000,1845000,27227215000,20205330000,1904045000,419680455000,997120000,29270000,119251385000,0,124630000,44365000,219237145000,19904005000,392163500000,316179345000,1972365000,8372140000,2763123130000,26302500000,353265000,56988510000,1.336e+10,6606129150000,0,8394260000,2482300000,22060000,103090000,0,78655790000,375660560000,21168825000,3680000,0,9117895000,0,0,131107215000,67017655000,19024380000,2192015185000,15158780000,0,1.1857e+11,1505100000,0,680816915000,0,5723520000,22140000,112335000,23985000,421150000,66080500000,862177460000,1845000,15337310000,543755000,243750000,1009550000,0,68583200000,3158836825000,20245000,23985000,9.185e+09,19298485000,217552930000,3690000,0,249310000,0,157890000,168305125000,0,7325500000,1728720000,1083501875000,5906400000,26054695000,2138500000,0,1173103730000,97376665000,72366790000,71313705000,38220000,31730000,340665000,910305000,373938050000,1244680200000,250438430000,0,6034650765000,101411020000,0,0,0,0,10064600000
"PYF",0,0,0,0,0,0,0,0,0,0,0,0,0,0,0,0,0,0,0,0,0,0,0,0,0,0,0,0,0,0,0,0,0,0,0,0,0,0,0,0,0,0,0,0,0,0,0,0,0,0,0,0,0,1845000,0,0,0,0,0,0,0,0,0,0,0,0,0,0,0,0,0,0,0,0,0,0,0,0,0,0,0,0,0,0,0,1845000,0,0,0,0,0,0,0,0,0,0,0,0,0,0,0,0,0,0,0,0,0,0,0,0,0,0,0,0,0,0,0,0,0,0,0,0,0,0,0,0,0,0,0,0,0,0,0,0,0,0,0,0,0,0,0,0,0,0,0,0,0,0,0,0,0,0,0,0,0,0,0,0,0,0,0,0,0,0,0,0,0,0,0,0,0,0,0,0,0,0,0,0,0,0,0,0,0,0,0,0,0,0,0,0,0,0,0,0,0
"DJI",0,0,0,0,0,0,0,0,0,0,0,0,0,0,0,0,0,0,0,0,0,0,0,0,0,0,0,0,0,0,0,0,0,0,0,0,0,0,0,0,0,0,0,0,0,0,0,0,0,0,0,0,0,0,0,0,0,0,0,0,0,0,0,0,0,0,0,0,0,0,0,0,0,0,0,0,0,0,0,0,0,0,0,0,0,0,0,0,0,0,0,0,0,0,0,0,0,0,0,0,0,0,0,0,0,0,0,0,0,0,0,0,0,0,0,0,0,0,0,0,0,0,0,0,0,0,0,0,0,0,0,0,0,0,0,0,0,0,0,0,0,0,0,0,0,0,0,0,0,0,0,0,0,0,0,0,0,0,0,0,0,0,0,0,0,0,0,0,0,0,0,0,0,0,0,0,0,0,0,0,0,0,0,0,0,0,0,0,0,0,0,0,0,0,0
"GEO",228649115000,0,0,0,0,0,0,0,0,0,0,0,0,0,0,0,0,0,0,0,0,0,0,0,0,0,0,0,0,0,0,0,0,0,0,0,0,0,0,3690000,0,0,0,0,0,0,0,0,0,0,0,0,0,0,0,0,0,0,0,0,0,0,0,0,0,0,0,0,0,0,0,0,0,0,0,0,0,0,0,0,0,0,0,0,0,0,0,0,0,0,0,0,0,0,0,0,0,0,0,0,0,0,0,0,0,0,0,0,0,0,0,0,0,0,0,0,0,0,0,0,0,0,0,0,0,0,0,0,0,0,0,0,0,0,0,0,0,0,0,0,0,0,1664990000,0,0,0,0,0,0,0,0,0,0,0,0,0,0,0,0,0,0,0,0,0,0,0,0,0,0,0,0,0,0,0,0,0,0,0,0,0,0,0,0,0,0,0,0,0,0,0,0,0,0,0,0
"GAB",0,0,0,0,0,0,0,0,0,0,0,0,0,0,0,0,0,0,0,0,0,0,0,0,0,0,0,0,0,72800000,0,0,0,0,0,0,0,0,0,0,0,0,0,0,0,0,0,0,0,0,0,0,0,0,0,0,0,0,0,0,0,0,0,0,0,0,0,0,0,0,0,0,0,0,0,0,0,0,0,0,0,0,0,0,0,0,0,0,0,0,0,0,0,0,0,0,0,0,0,0,0,0,0,0,0,0,0,0,0,0,0,0,0,0,0,0,0,0,0,0,0,0,0,0,0,0,0,0,0,0,0,0,0,0,0,0,0,0,0,0,0,0,0,0,0,0,0,0,0,0,0,0,0,0,0,0,0,0,0,0,0,0,0,0,0,0,0,0,0,0,0,0,0,0,0,0,0,0,0,0,0,0,0,0,0,0,0,0,0,0,0,0,0,0,0
"GMB",0,0,0,0,0,0,0,0,0,0,0,0,0,0,0,0,0,0,0,0,0,0,0,0,0,0,0,0,0,0,0,0,0,0,0,0,0,0,0,0,0,0,0,0,0,0,0,0,0,0,0,0,0,0,0,0,0,0,0,0,0,0,0,0,0,0,0,0,0,0,0,0,0,0,0,0,0,0,0,0,0,0,0,0,0,0,0,0,0,0,0,0,0,0,0,0,0,0,0,0,0,0,0,0,0,0,0,0,0,0,0,0,0,0,0,0,0,0,0,0,0,0,0,0,0,0,0,0,0,0,0,0,0,0,0,0,0,0,0,0,0,0,0,0,0,0,0,0,0,0,0,0,0,0,0,0,0,0,0,0,0,0,0,0,0,0,0,0,0,0,0,0,0,0,0,0,0,0,0,0,0,0,0,0,0,0,0,0,60885000,0,0,0,0,0,0
"DEU",71955000,394825000,9935510000,1.649832e+12,0,39350000,5775410000,566516605000,0,458805000,0,0,0,0,32610000,1845000,2056090000,0,0,0,29520000,42618110000,6823180000,0,82347275000,10881715000,21645600000,21674380000,0,2520700000,605715000,5272055000,75620000,3703700000,4790215000,0,163695000,66420000,824595000,147530000,200225000,718419950000,0,172975000,1139600000,53595000,207085010000,165450000,0,11882720000,231945000,0,95223510000,1.358457e+12,0,0,323370000,0,7414680000,0,883100000,4496325000,0,296663840000,0,0,11070000,0,0,9276540000,10470000,879950000,11861890000,8041220000,9746265000,20295000,6191620000,95415000,0,159459185000,77605275000,1392555765000,66394060000,385565000,0,4874455000,167154805000,16605000,14009630000,1845000,53505000,3103420000,692195000,1452890000,0,25852190000,3527295000,6084370000,699277430000,7420410000,9225000,1654505000,0,386220000,69685000,6117020000,1669765000,48040680000,22140000,1221125000,573630000,879473205000,129924330000,400490000,72025000,11070000,5028396210000,0,0,192050000,0,983925000,0,7705880000,40372880000,115598110000,29520000,33095000,34659105000,0,14760000,75645000,142110000,270559400000,250416330000,240240000,0,21440000,406645000,15310560000,19459115000,0,37719220000,3690000,0,0,3680000,20951900000,55506315000,3665000,21748530000,9350885000,2583950000,1451785000,0,486837175000,1077709985000,297310000,2.73e+09,3508845000,98664615000,104748410000,29640000,0,149280000,1845000,724345000,1046500000,0,9586120000,152535000,86715000,972533845000,1097090000,0,0,704942620000,149080180000,53274300000,41135640000,43455775000,25800000,46125000,1722140000,45983375000,45180900000,100523815000,6.68e+09,2695893495000,26662640000,0,0,0,0,16605000
"BIH",0,0,0,0,0,0,5535000,22140000,0,0,0,0,0,0,0,0,0,0,0,0,0,0,0,0,0,0,0,0,0,0,0,0,0,0,0,0,0,0,0,0,0,29520000,0,0,0,0,0,0,0,0,0,0,0,0,0,0,0,0,0,23955000,0,0,0,0,0,0,0,0,0,0,0,0,0,1289525000,0,0,0,0,0,5485000,0,0,0,0,0,0,0,0,0,0,0,0,0,0,0,0,0,0,0,0,0,0,0,0,0,0,0,0,0,0,0,0,0,0,0,0,16405000,0,0,318225000,0,0,0,0,0,0,0,0,0,0,0,0,0,0,0,0,0,0,0,0,0,0,0,0,0,0,0,0,0,0,0,845280000,0,0,0,0,1845000,0,0,0,252265000,22090000,0,0,0,0,0,0,0,0,0,0,0,0,0,0,5.1e+07,0,277140000,0,0,0,0,0,0,0,0,0,0,0,0,0,0,0,0
"GHA",0,0,0,0,0,0,0,3690000,0,0,0,0,0,0,0,0,0,0,0,0,0,0,0,0,0,0,0,0,0,0,0,0,0,0,0,0,0,0,0,0,1042340000,0,0,0,0,0,0,0,0,0,0,0,0,0,0,0,0,0,44280000,16005000,0,0,0,0,0,0,0,0,0,0,0,0,0,0,0,0,0,0,0,0,0,6825000,31390000,0,0,0,0,0,0,0,0,0,0,0,0,0,0,0,0,0,0,0,0,0,0,0,0,0,0,0,0,0,0,0,0,0,3640000,0,0,0,0,0,0,0,1845000,0,0,0,0,0,0,0,0,0,0,0,0,0,0,0,0,0,0,0,0,0,0,0,172010000,0,0,0,0,0,0,0,0,0,0,0,0,0,0,0,0,0,0,221470000,0,0,0,0,0,0,0,0,6845000,0,631910000,0,0,0,0,0,0,0,0,0,26475000,0,0,0,0,0,0
"KIR",0,0,0,0,0,0,0,0,0,0,0,0,0,0,0,0,0,0,0,0,0,0,0,0,0,0,0,0,0,0,0,0,0,0,0,0,0,0,0,0,0,0,0,0,0,0,0,0,0,0,0,0,0,0,0,0,0,0,0,0,0,0,0,0,0,0,0,0,0,0,0,0,0,0,0,0,0,0,0,0,0,0,0,0,0,0,0,0,0,0,0,0,0,0,0,0,0,0,0,0,0,0,0,0,0,0,0,0,0,0,0,0,0,0,0,0,0,0,0,0,0,0,0,0,0,0,0,0,0,0,0,0,0,0,0,0,0,0,0,0,0,0,0,0,0,0,0,0,0,0,0,0,0,0,0,0,0,0,0,0,0,0,0,0,0,0,0,0,0,0,0,0,0,0,0,0,0,0,0,0,0,0,0,0,0,0,0,0,0,0,0,0,0,0,0
"GRC",297270000,0,173768755000,197718330000,20185000,42205000,2148055000,1630610000,357825000,1090285000,0,16605000,0,0,25830000,0,16005000,0,0,0,0,19056565000,0,0,308280000,1904215000,0,0,0,77070000,295635000,233095000,0,0,0,0,5535000,0,9572165000,0,0,2735230000,0,0,66060000,0,9225000,0,0,182810000,0,0,1141765000,108094735000,0,1923080000,1014155000,111935000,89915000,33199985000,148725000,84410000,0,0,0,0,2490000,45875000,0,0,0,4851545000,1633030000,119295000,78260000,5345660000,3670000,0,0,56885000,12773180000,178972680000,0,0,0,471185000,861680000,0,631240000,0,0,2279080000,222725000,0,0,2669735000,0,0,132895000,453535000,0,433060000,0,0,0,181665000,490505000,0,53215000,42435000,0,44040000,0,7340000,0,0,143684885000,0,0,14662325000,0,4935000,0,0,3200240000,154980000,0,804955000,470955000,0,1845000,40590000,0,16561975000,20558700000,0,0,0,163375000,207355000,7988225000,0,5382055000,0,0,0,0,1149120000,126615000,0,0,127290000,1839045000,268475000,0,1241450000,146689310000,47710000,0,0,735890000,43510000,0,0,35055000,42205000,146800000,0,0,693630000,11040000,213975430000,9575645000,1704475000,0,0,20247755000,0,14194280000,0,0,0,0,7380000,113795000,328740000,304610000,45875000,90801390000,0,0,0,0,0,0
"GRL",0,0,0,0,0,0,0,0,0,0,0,0,0,0,0,0,0,0,0,0,0,0,0,0,0,0,0,0,0,0,0,0,0,0,0,0,0,0,0,0,0,0,0,0,0,0,0,0,0,0,0,0,0,0,0,0,0,0,0,0,0,0,0,0,0,0,0,0,0,0,0,0,0,0,0,0,0,0,0,0,0,0,0,0,0,0,0,0,0,0,0,0,0,0,0,0,0,0,0,0,0,0,0,0,0,0,0,0,0,0,0,0,0,0,0,0,0,0,0,0,0,0,0,0,0,0,0,0,0,0,0,0,0,0,0,0,0,0,0,0,0,0,0,0,0,0,0,0,0,0,0,0,0,0,0,0,0,0,0,0,0,0,0,0,0,0,0,0,0,0,0,0,0,0,0,0,0,0,0,0,0,0,0,0,0,0,0,0,0,0,0,0,0,0,0
"GRD",0,0,0,0,2666300000,0,0,0,0,0,0,0,0,0,0,0,0,0,0,0,0,0,0,0,0,0,0,0,0,0,0,0,0,0,0,0,0,0,0,0,0,0,2267720000,0,0,0,0,0,0,0,0,0,0,0,0,0,0,0,0,0,0,0,0,0,0,0,0,0,0,0,0,0,0,0,0,0,0,0,0,0,0,0,0,0,0,0,0,0,0,0,0,0,0,0,0,0,0,0,0,0,0,0,0,0,0,0,0,0,0,0,0,0,0,0,0,0,0,0,0,0,0,0,0,0,0,0,0,0,0,0,0,0,0,0,0,0,0,0,0,0,0,0,0,3195920000,6511960000,0,0,0,0,0,0,0,0,0,0,0,0,0,0,0,0,0,0,0,0,0,0,0,0,1820000,0,0,0,0,0,0,0,0,205660000,0,0,0,0,0,0,0,0,0,0,0,0,0,0,0,0
"GTM",0,0,0,0,0,0,0,0,0,0,0,0,0,0,0,0,0,0,721185000,0,0,0,0,0,0,0,0,0,0,0,0,0,0,0,0,0,9418395000,1965015000,0,0,0,0,0,13877035000,0,3690000,0,93901730000,0,0,0,0,0,0,0,0,0,0,0,0,0,0,0,0,0,0,0,0,0,437265000,40088790000,0,0,0,0,0,0,0,0,0,0,1820000,0,0,0,0,0,0,0,0,0,0,0,0,0,0,0,0,0,0,0,0,0,0,0,0,0,0,0,3447085000,0,0,0,0,0,0,0,0,0,0,0,0,16474015000,0,0,0,0,2128175000,0,0,0,5535000,0,0,0,0,0,0,0,0,0,0,0,0,0,0,0,0,0,0,0,0,0,0,0,0,0,0,0,0,0,1845000,0,0,0,0,0,0,0,0,0,0,0,0,0,0,0,0,252250000,0,0,0,66420000,0,0,0,0,0,0,0,0,0,0,0,0
"GIN",0,0,0,0,0,0,0,0,0,0,0,0,0,0,0,0,0,0,0,0,0,0,0,0,0,0,0,0,0,0,0,0,0,0,0,0,0,0,0,0,0,0,0,0,0,0,0,0,0,0,0,0,0,0,0,0,0,0,0,0,0,0,0,0,0,0,0,0,0,0,0,0,0,0,0,0,0,0,0,0,0,0,0,0,0,0,0,0,0,0,0,0,0,0,0,0,0,12915000,0,0,0,0,0,0,0,3.34e+09,0,6.916e+09,0,0,0,655200000,0,0,0,0,0,0,0,0,0,0,0,0,0,0,0,0,0,0,0,0,0,0,0,0,0,0,0,0,0,0,0,0,0,0,0,13360000,4.004e+09,0,0,0,0,0,0,0,0,0,0,0,0,0,0,0,0,0,0,0,0,0,0,0,0,0,0,0,0,0,0,0,0,0,0,0,0,0,0,0,7283640000,0,0,0,0,0,0
"GUY",0,0,0,0,12905000,0,0,0,0,0,14185000,0,0,0,0,0,7340000,0,0,0,0,0,0,0,0,144965000,0,25965000,0,0,0,0,0,0,0,0,0,0,0,0,0,0,1845000,1835000,0,0,0,0,0,0,0,0,0,5505000,0,0,0,0,0,4980000,0,0,0,1835000,0,7340000,0,0,0,0,0,0,0,0,0,0,0,0,0,0,0,0,0,0,0,0,0,0,0,0,0,0,0,0,0,0,0,0,0,0,0,0,0,0,0,0,0,0,0,0,0,0,0,0,0,0,0,0,0,0,0,0,0,0,0,0,0,0,0,0,0,0,0,0,0,0,0,0,0,0,0,0,0,1835000,1845000,3670000,0,0,0,0,0,0,0,0,0,0,0,1845000,0,0,0,0,0,0,0,0,0,0,0,0,0,0,0,0,0,0,0,0,1198375000,0,0,0,0,0,0,0,0,0,0,0,0,0,0,0,0
"HTI",0,0,0,0,0,0,0,0,0,0,0,0,0,0,0,0,0,0,0,0,0,0,0,0,0,0,0,0,0,0,0,0,0,0,0,0,0,0,0,0,0,0,0,0,0,0,0,0,0,0,0,0,0,0,0,0,0,0,0,0,0,0,0,0,0,0,0,0,0,0,0,0,0,0,0,0,0,0,0,0,0,0,0,0,0,0,0,0,0,0,0,0,0,0,0,0,0,0,0,0,0,0,0,0,0,0,0,0,0,0,0,0,0,0,0,0,0,0,0,0,0,0,0,0,0,0,0,0,0,0,0,0,0,0,0,0,0,0,0,0,0,0,0,0,0,0,0,0,0,0,0,0,0,0,0,0,0,0,0,0,0,0,0,0,0,0,0,0,0,0,0,0,0,0,0,0,0,0,0,0,0,0,0,0,0,0,0,0,0,0,0,0,0,0,0
"HND",0,0,0,0,0,0,0,0,0,0,0,0,0,0,0,0,0,0,0,0,0,0,0,0,0,28390000,0,0,0,0,0,0,0,0,0,0,156565000,149445000,0,0,0,0,0,6287760000,0,0,0,5875625000,0,0,0,0,0,0,0,0,0,0,0,0,0,0,0,0,0,0,6419175000,0,0,108855000,0,0,0,0,0,0,0,0,0,0,0,0,0,0,23985000,0,0,0,0,0,0,0,0,0,0,0,0,0,0,0,0,0,0,0,0,0,0,0,0,1066410000,0,0,0,0,0,0,0,0,0,0,0,0,1181315000,0,0,0,0,55350000,0,0,0,0,0,0,0,0,0,0,0,0,0,0,0,0,0,0,0,0,0,0,0,0,0,0,0,0,0,0,0,0,0,0,0,0,0,0,0,0,0,0,0,0,0,0,0,0,0,0,461385000,0,0,0,0,0,0,31365000,0,0,0,0,0,0,0,0,0
"HKG",0,0,0,0,0,0,3979600000,0,0,0,0,0,0,0,0,0,29370000,0,0,16555000,73620000,0,0,0,0,8854145000,0,0,0,0,0,73000750000,0,0,0,0,29445000,0,0,0,0,126530000,0,67945000,0,0,0,0,0,0,0,12865000,40370000,2411280000,0,0,0,0,0,589160000,0,5505000,0,84460000,0,0,113790000,0,11020000,0,0,0,0,0,0,34865000,998060000,0,0,119285000,56885000,301125000,3670000,0,71585000,558035000,0,0,0,276670000,197355000,492990000,7380000,0,0,0,0,0,0,0,23171735000,175955000,0,1758805000,0,0,0,18400000,95455000,0,0,0,0,0,0,35055000,2285915000,0,0,0,14690000,949215000,0,0,12915000,133995000,0,369900000,0,34885000,0,91385000,488515000,0,0,0,0,0,0,0,0,0,0,0,0,0,0,0,11010000,81050000,0,0,0,5111575000,0,262430000,14700000,27535000,0,0,280335000,398260000,0,0,2389235000,0,210220000,5505000,0,34995000,0,0,0,273060000,0,0,4400035000,0,20985710000,0,0,0,1845000,152875000,0,0,0,0,181915000,0,0,0,0,0,0
"HUN",0,0,3116220000,10100160000,0,0,81180000,325389780000,0,0,0,0,0,0,0,0,0,0,0,0,0,2381040000,0,0,0,298230000,0,0,0,0,0,42435000,0,0,0,0,1845000,0,0,0,0,182655000,0,0,1.547e+09,0,105165000,0,0,1322140000,0,0,14680000,5798880000,0,0,120240000,0,0,451019710000,925303210000,0,0,2634290000,0,0,0,0,0,0,0,0,0,63045140000,0,0,0,0,20020000,0,91510000,249487685000,0,1835000,0,5535000,0,0,0,0,0,0,0,5107070000,0,46125000,0,0,0,2320470000,0,0,0,0,0,0,0,0,0,0,9225000,29050875000,0,1144805000,0,0,180652030000,0,0,103350070000,0,40590000,0,0,0,1604855000,0,0,8387230000,0,0,0,0,32241660000,0,0,0,0,0,0,1254505825000,0,767130000,0,0,0,0,0,0,0,0,159005325000,5847550000,0,0,0,3753970000,0,0,0,989675000,216535595000,0,0,0,0,0,0,0,0,0,0,136998450000,0,0,0,4389820000,4900640000,1010995000,0,20295000,0,0,0,0,0,0,0,69744170000,0,0,0,0,0,0
"HRV",0,0,5831815000,26229020000,0,0,88560000,51660000,0,0,0,0,0,0,0,0,0,0,0,0,0,5535000,0,0,0,132840000,0,0,0,0,0,0,0,0,0,0,0,0,0,0,0,0,0,0,0,0,5535000,0,0,0,0,0,9225000,3690000,0,0,0,0,0,55350000,250494695000,15785190000,0,86715000,0,0,0,0,0,0,0,0,1100690000,0,0,0,0,0,0,0,0,215069010000,0,0,0,0,0,0,0,0,0,0,0,0,0,0,0,0,0,0,0,0,0,0,0,0,0,0,0,0,0,27558340000,0,0,0,0,5535000,0,0,0,0,1845000,0,0,0,0,0,0,151240000,0,0,0,0,7280000,0,0,0,0,0,0,0,0,0,0,0,0,0,11070000,0,0,0,5462375000,190035000,0,0,36259040000,0,0,0,0,132565000,99120000,0,0,0,0,0,0,0,0,0,0,1670000,0,0,0,67865000,0,574930000,0,0,0,0,0,0,0,15263800000,0,0,0,0,0,0,0,0
"ISL",0,0,0,0,0,0,0,0,0,0,0,0,0,0,0,0,0,0,0,0,0,0,0,0,0,0,0,0,0,0,0,0,0,0,0,0,0,0,0,0,0,0,0,0,0,0,0,0,0,0,186035000,0,0,0,0,0,0,0,0,0,0,0,0,0,0,0,0,0,0,0,0,0,0,0,0,0,0,0,0,0,0,5535000,0,0,0,0,0,0,0,0,0,0,0,0,0,0,0,0,0,0,0,0,0,0,0,0,0,0,0,0,0,0,0,0,0,0,0,0,0,0,0,0,0,0,0,0,0,0,0,0,0,0,0,0,0,0,0,0,0,0,0,0,0,0,0,0,0,0,0,0,0,0,0,0,0,0,0,0,0,0,0,0,0,0,0,0,0,0,0,0,0,0,0,0,0,0,0,0,0,0,0,0,0,0,0,0,0,0,0,0,0,0,0,0,0
"IND",0,463090000,0,0,0,0,4286065000,0,27120000,34877710000,0,4317753220000,0,27162400000,0,171010000,0,0,0,0,58460000,0,82675810000,0,4943915000,3364685000,0,0,948878940000,0,0,164386520000,0,33210000,1618255000,0,0,0,0,40590000,1396615000,29410000,1845000,0,0,0,31265000,0,0,174325000,0,107280000,44280000,560730000,0,190180000,0,68265000,567935000,291380000,1845000,8291855000,0,51660000,0,0,0,1214010000,35055000,0,0,2606915000,0,0,0,0,2590066960000,7424820000,1.366e+10,0,40410000,14760000,1653095000,0,5535000,980540000,0,0,1126130000,9225000,73250000,458098125000,2024480000,0,0,1845000,0,1064705000,0,88510000,1776520000,11430015000,12016245000,919198775000,20328900000,652380000,0,7380000,2128955000,417500000,0,439270000,1194700000,1201200000,8455330000,30890465000,237630000,0,0,1090655000,0,915575000,0,3.31e+08,887445000,74475000,24336940000,1845000,0,120240000,1845000,0,1741386260000,31365000,36170000,7.38e+08,0,8218580000,4037970000,5510000,0,0,23618970000,0,0,0,0,2669120000,1367145000,2327510000,1108845000,0,0,115256905000,1751265000,193891220000,252615000,0,78260000,36900000,3640000,199580000,0,0,9669900000,233305600000,12477235000,1154445000,0,167635000,251689165000,0,7280000,1059761500000,6877280000,0,18138890000,640640000,22876055000,1974510000,0,0,0,713263525000,162360000,1017641365000,1791885000,166095000,498705000,0,0,0,0,0,0
"IDN",25690000,0,0,0,0,0,16025120000,55350000,0,228250000,0,504045000,0,0,0,0,329890000,0,0,447940000,10451685000,57400000,160485000,0,38745000,775870000,0,0,201325000,0,0,1004190000,12915000,0,9175000,14690000,18450000,0,36700000,0,134410000,20295000,0,0,18350000,0,611105000,0,0,343145000,20185000,1419565000,122945000,348525000,44220000,0,0,0,22410000,624015000,0,101055000,1245000,0,0,0,20295000,3690000,0,0,31365000,7865585000,0,18675000,0,474025000,0,0,0,0,0,25690000,0,0,0,8093615000,1604435000,0,216530000,124885000,0,3509190000,1427900000,0,0,101215000,0,11010000,0,0,0,220920000,0,63876270000,8314440000,1974425000,800385000,116480000,1279870000,75405000,7340000,119925000,9960000,0,9175000,65535000,4305615000,0,40400000,0,47810000,3956380000,0,0,990445000,220200000,605245000,252515000,146800000,933355000,0,0,11175395000,45955000,1370405000,0,30548915000,53375000,978075000,0,0,0,84570000,0,0,0,0,2067670000,16515000,40590000,0,0,0,51356205000,0,1808330000,67895000,104745000,209300000,0,69760000,38535000,0,0,17122015000,103250000,16787525000,191570000,1330960000,23855000,136310000,29460000,0,3833045000,0,0,12162725000,104925000,20979555000,5535000,0,0,5535000,1194160000,12855000,618960000,0,0,72890000,0,0,0,0,0,0
"IRN",336085000,27317695000,0,0,0,0,29520000,3690000,0,318815000,0,18350000,0,0,0,0,0,0,0,0,0,0,0,0,0,62570000,0,0,0,0,0,0,0,0,0,0,0,0,0,14380395000,121770000,27575000,0,0,0,0,0,0,0,0,0,0,0,33210000,0,0,1219620000,0,38535000,116215000,0,0,0,0,0,0,0,0,0,0,0,0,0,0,0,0,0,0,43487535000,0,0,13605000,14760000,2243520000,0,3690000,0,394620000,38745000,0,0,0,441950000,0,0,523980000,0,25830000,0,0,0,1845000,0,14730000,0,0,0,0,0,0,0,179830000,154140000,0,0,0,12915000,0,0,0,0,42435000,0,0,0,7340000,1284120000,0,0,0,0,0,0,0,0,0,0,94095000,60885000,0,446490000,0,190980000,0,0,0,0,453870000,0,0,0,0,0,0,0,3690000,0,0,27040595000,0,59040000,0,29520000,18074845000,79335000,111935000,0,0,0,0,366165000,0,1845000,998640000,0,0,33210000,9175000,48015000,0,0,1820565000,0,0,33210000,3920625000,0,0,0,0,0,0,0,0,0
"IRQ",0,0,0,0,0,0,0,0,0,0,0,0,0,0,0,0,0,0,0,0,0,0,0,0,0,0,0,0,0,0,0,0,0,0,0,0,0,0,0,0,0,0,0,0,0,0,0,0,0,0,0,0,0,0,0,0,0,0,0,0,0,0,0,0,0,0,0,0,0,0,0,0,0,0,0,0,0,0,0,0,0,0,0,0,0,0,0,0,0,0,0,0,0,0,0,0,0,0,0,0,0,0,0,0,0,0,0,0,0,0,0,0,0,0,0,0,0,0,0,0,0,0,0,0,0,0,0,0,0,0,0,0,0,0,0,0,0,0,0,0,0,0,0,0,0,0,0,0,0,0,0,0,0,0,0,0,0,0,0,0,0,0,0,0,0,0,0,0,0,0,0,0,0,0,0,0,0,0,0,0,0,0,0,0,0,0,0,0,0,0,0,0,0,0,0
"IRL",0,0,0,0,0,0,0,0,0,31365000,0,0,0,0,0,0,0,0,0,0,0,0,0,0,0,16605000,0,0,0,0,0,0,0,0,0,0,0,0,124395000,0,0,64575000,0,0,0,0,0,0,0,0,1245000,0,0,14182375000,0,0,0,0,0,2737210000,0,0,0,295200000,0,0,0,0,0,0,0,0,0,0,11070000,0,0,0,0,0,250265000,319955000,0,0,0,1845000,0,0,0,0,0,0,42435000,0,0,0,0,0,0,0,0,0,0,119760000,0,0,61530000,0,0,2490000,0,0,0,0,0,0,4368745000,0,0,0,0,0,0,0,681360000,47970000,0,0,0,0,0,0,0,0,166295000,0,0,0,0,0,0,0,62730000,0,0,0,0,206390000,0,0,31365000,0,0,9225000,0,0,1023390000,0,0,0,392365000,0,0,0,0,0,0,0,0,0,0,0,0,215865000,0,0,510888445000,0,3829305000,0,0,0,0,0,0,0,0,0,4066315000,0,0,0,0,0,0
"ISR",0,0,0,0,0,101475000,961980000,46125000,0,0,0,0,0,0,0,0,197415000,0,0,0,0,7380000,0,0,0,1502085000,0,0,0,0,12915000,0,0,0,0,0,0,0,30900000,44280000,0,129030000,0,0,0,0,0,0,0,9225000,0,0,0,6489345000,0,0,77490000,0,0,3028350000,0,0,0,601470000,0,0,0,0,0,0,0,30255000,99030000,7380000,0,25830000,0,0,0,43725000,0,1220280000,0,20295000,0,36900000,0,0,1245000,0,0,0,0,53505000,0,0,0,0,0,0,0,0,0,0,0,0,0,0,0,112545000,0,0,0,9225000,0,0,765465000,0,0,0,0,22140000,0,0,3690000,0,0,0,0,0,0,0,51660000,155505000,0,0,0,0,0,0,136280000,0,921260000,0,0,0,0,0,0,0,0,0,95685000,22785000,0,591690000,179555000,0,0,0,411435000,132465000,0,0,0,21710000,168585000,0,0,0,0,0,44415000,0,0,0,4122970000,610910000,18583095000,0,40590000,0,20295000,0,0,0,0,0,3089535000,0,0,0,0,0,0
"ITA",5275460000,181480000,74628750000,384281215000,675280000,1797085000,75824275000,146693170000,249560000,1887140000,47710000,121120000,0,0,156630000,0,37852740000,0,1845000,0,134545000,2423860000,11010000,7340000,13707860000,97179220000,758405000,121110000,416565000,2091745000,6156905000,7516720000,3157090000,313785000,19968015000,0,2915055000,646816055000,3832430000,607730000,52862395000,139704380000,297270000,4710335000,1260725000,3197580000,8473570000,726910000,407400000,3050350000,0,0,28824310000,1012223200000,2505225000,27548915000,11521915000,5349055000,702815000,1431327805000,7987350000,32912390000,0,100879860000,0,27525000,1023745000,5161275000,200305000,2433230000,502890000,32167340000,17358460000,65991750000,2227255000,2137680000,1154550000,1006770000,74305815000,29945820000,68847475000,0,1011600000,776935000,532310000,295288840000,12464655000,56925000,17860575000,0,401915000,32950595000,7812390000,13680935000,0,24140125000,0,297420000,650095690000,5191435000,143130000,1552370000,16515000,6728890000,636805000,24879310000,31731325000,7518185000,2307070000,21731475000,313895000,10707135000,513810000,251990000,558780000,365205000,179145625000,0,264685000,3288640000,20185000,5851340000,129875000,1422125000,21995185000,22011320000,170855000,1808960000,32099890000,45875000,78915000,1067480000,2635555000,36218670000,64272780000,590870000,0,6836365000,1833970000,208815000,8620390000,1477195000,52609615000,0,1845000,9215000,0,20182285000,4808345000,1376330000,795070000,50038590000,4857515000,8674105000,37476205000,24511450000,180913365000,207465000,132840000,0,138870515000,116973425000,108315000,3670000,10740870000,4071830000,4520105000,26763700000,0,2698190000,1476760000,22833085000,18932840000,30626500000,3736415000,0,727371545000,2839250000,614289250000,27245205000,642455000,633175000,9049170000,1551630000,4326640000,103999580000,1420290000,216550000,159182670000,8520455000,0,0,0,0,0
"CIV",0,0,0,0,0,0,0,0,0,0,0,0,0,0,0,0,0,0,0,0,0,0,0,0,1832085000,0,0,107010000,0,0,0,0,0,0,4519920000,0,0,0,0,0,2243690000,0,0,0,0,0,0,0,366515000,0,0,0,0,23855000,0,0,0,986375000,1879545000,0,0,30817970000,0,0,0,0,0,173170000,0,0,0,0,0,0,0,0,0,0,0,0,0,2490000,0,0,0,0,0,0,0,0,0,0,0,0,0,0,0,2134790000,0,0,0,0,0,0,0,10581900000,0,363465000,0,0,0,0,0,0,0,0,0,0,0,0,0,0,0,7542360000,986195000,0,0,0,0,0,0,0,0,0,0,57195000,0,0,0,0,0,0,0,0,0,0,0,0,3882565000,0,1183910000,0,0,0,0,250920000,0,0,0,0,0,0,0,0,0,0,0,11401505000,0,0,0,0,0,0,0,0,106430000,0,0,18950195000,0,0,0,0,0,0,811800000,210330000,0,0,0,0,0,0,0
"KAZ",29120000,484284850000,0,70193440000,0,0,0,0,0,0,0,0,0,0,0,0,0,0,0,0,0,0,0,0,0,0,0,0,4884750000,0,0,336700000,0,0,0,0,0,0,0,1768112290000,0,8.35e+09,0,0,70116040000,0,0,0,0,34061320000,0,0,16070410000,564024130000,0,0,63793160000,0,0,11070000,0,0,0,1900460000,0,0,0,0,0,0,0,0,0,0,0,0,224055550000,1436911420000,152551160000,14318580000,33343220000,737560510000,0,0,0,0,1264727740000,440139170000,0,0,0,0,0,18794180000,0,2.2044e+10,0,0,0,0,0,0,0,0,0,0,0,0,0,0,89308610000,1.58316e+11,0,106481210000,0,0,20013280000,0,0,0,0,0,0,0,149249570000,139219550000,0,0,0,0,0,0,0,1.67e+09,47524860000,0,0,0,0,0,58665430000,0,1490084695000,1718430000,0,0,0,0,0,0,0,0,0,0,0,0,116191920000,0,1197670245000,0,6280870000,12722060000,0,128975660000,0,0,0,0,0,0,0,863074370000,675603500000,127552090000,0,0,19991570000,2802407840000,43009360000,0,0,660432890000,0,0,0,0,0,0,144433030000,0,0,0,0,0,0
"JAM",0,0,0,0,0,0,0,0,0,0,0,0,0,0,0,0,0,0,0,0,0,0,0,0,0,0,0,0,0,0,0,0,0,0,0,0,0,0,0,0,0,0,0,0,0,0,0,0,0,0,0,0,0,0,0,0,0,0,0,0,0,0,0,0,0,0,0,0,0,0,0,0,0,0,0,0,0,0,0,0,0,0,0,0,0,0,0,0,0,0,0,0,0,0,0,0,0,0,0,0,0,0,0,0,0,0,0,0,0,0,0,0,0,0,0,0,0,0,0,0,0,0,0,0,0,0,0,0,0,0,0,0,0,0,0,0,0,0,0,0,0,0,0,0,0,0,0,0,0,0,0,0,0,0,0,0,0,0,0,0,0,0,0,0,0,0,0,0,0,0,0,0,0,0,0,0,0,0,0,0,0,0,0,0,0,0,0,0,0,0,0,0,0,0,0
"JPN",0,0,0,0,0,0,871405000,3670000,0,262555000,0,0,0,0,0,0,257805000,0,0,0,23985000,0,17135350000,0,0,2234090000,0,0,16605000,0,0,12651385000,0,0,0,0,0,0,0,0,0,0,0,0,0,0,0,0,0,0,0,0,0,329275000,20185000,0,0,0,0,480670000,0,0,0,110805000,0,0,0,0,0,0,0,726787705000,0,0,0,3670000,5594065000,0,0,0,20880000,91780000,0,0,0,0,0,0,0,0,100580000,1423070000,25365000,0,0,16575000,0,0,0,0,591515000,0,0,5621255000,0,0,0,36900000,0,19730000,0,0,0,0,0,0,3161395000,0,0,0,0,292105000,0,0,0,0,0,5535000,0,0,1835000,3690000,3674175000,0,0,0,0,0,0,0,0,0,23285000,0,0,0,0,2611760000,0,0,0,0,0,129435265000,0,3670000,574940000,0,0,0,149555000,42820000,1820000,0,53047135000,0,58575460000,0,0,0,88560000,0,3670000,67905000,0,0,1771720000,0,33025715000,0,0,0,0,172885750000,0,0,73800000,0,154100000,0,0,0,0,0,0
"JOR",0,0,0,0,0,0,0,1845000,0,0,0,0,0,0,0,0,0,0,0,0,0,0,0,0,0,0,0,0,0,0,0,0,0,0,0,0,0,0,0,0,0,0,0,0,0,0,0,0,0,0,0,0,0,0,0,0,0,0,0,0,0,0,0,0,0,0,0,0,0,0,0,79335000,0,0,0,0,0,0,47221325000,0,138375000,0,0,0,0,0,0,0,0,0,0,0,25805000,0,0,623610000,0,0,182655000,0,0,0,0,0,0,0,0,0,0,0,0,0,0,0,0,0,0,0,0,0,0,0,0,0,0,0,0,0,0,0,0,0,0,0,0,0,0,0,25480000,0,0,0,0,0,0,0,0,939525000,0,0,0,0,0,0,0,0,0,0,0,0,0,0,1434990000,0,0,0,0,0,0,0,215865000,0,0,492695000,0,0,27675000,0,50960000,0,0,0,0,0,0,171585000,0,0,0,0,0,0,0,0,721355000
"KGZ",0,11511315000,0,0,0,0,0,0,0,0,0,0,0,0,0,0,0,0,0,0,0,0,0,0,0,0,0,0,0,0,0,477855000,0,0,0,0,0,0,0,0,0,0,0,0,0,0,0,0,0,0,0,0,0,0,0,0,0,0,0,555345000,0,0,0,0,0,0,0,0,0,0,0,0,0,0,0,444645000,0,424350000,0,0,0,0,0,444295000,0,0,0,0,0,0,0,878590000,0,0,0,0,0,0,0,0,0,0,0,0,0,0,0,0,0,0,0,0,0,0,0,0,0,0,0,0,0,0,0,0,0,0,424350000,0,0,0,0,0,0,0,0,0,0,0,0,0,0,0,662355000,0,0,0,0,0,0,0,0,0,0,0,0,0,0,0,14795455000,0,0,0,0,542650000,0,0,0,0,0,0,0,0,477855000,525825000,0,0,0,0,0,0,0,688250000,0,0,0,0,0,0,0,0,0,0,0,0,0
"KEN",0,0,0,0,0,0,0,0,0,0,0,0,0,0,0,0,0,0,0,0,0,0,0,0,0,0,0,0,0,0,0,0,0,11460000,0,0,0,0,0,0,0,0,0,0,0,0,3.34e+08,0,0,0,0,0,0,0,0,0,0,0,0,0,0,0,0,0,0,0,0,0,0,0,0,0,0,0,0,0,0,14760000,0,0,0,0,0,0,0,0,0,0,0,0,0,0,0,0,0,0,0,0,0,0,0,0,0,0,0,0,0,0,1820000,0,0,0,0,0,0,0,0,0,0,0,0,0,0,0,0,0,0,0,0,0,0,0,0,0,0,0,0,182045000,0,0,0,1506010000,0,0,0,0,0,0,0,0,0,0,0,0,5847890000,0,0,0,0,0,0,0,0,0,0,1799700000,0,0,0,0,0,0,0,0,6386075000,0,6815000,0,0,0,0,0,0,0,0,0,860860000,31365000,0,0,0,0,0,0,0
"KHM",0,0,0,0,0,0,0,0,0,0,0,0,0,0,0,0,0,0,0,0,0,0,0,0,0,0,0,0,0,0,0,0,0,0,0,0,0,0,0,0,0,0,0,0,0,0,0,0,0,0,0,0,0,0,0,0,0,0,0,0,0,0,0,0,0,0,0,0,0,0,0,0,0,0,0,0,0,0,0,0,0,0,0,0,0,0,0,0,0,0,0,0,0,0,0,0,0,0,0,0,0,0,0,0,0,0,0,0,0,0,0,0,0,0,0,0,0,0,0,0,0,0,0,0,0,0,0,0,0,0,0,0,0,0,0,0,0,0,0,0,0,0,0,0,0,0,0,0,0,0,0,0,0,0,0,0,0,0,0,0,0,0,0,0,0,0,0,0,0,0,0,0,0,0,0,0,0,0,0,0,0,0,0,0,0,0,0,0,0,0,0,0,0,0,0
"PRK",0,0,0,0,0,0,0,0,0,0,0,0,0,0,0,0,0,0,0,0,0,0,0,0,0,0,0,0,0,0,0,0,0,0,0,0,0,0,0,0,0,0,0,0,0,0,0,0,0,0,0,0,0,0,0,0,0,0,0,0,0,0,0,0,0,0,0,0,0,0,0,0,0,0,0,0,0,0,0,0,0,0,0,0,0,0,0,0,0,0,0,0,0,0,0,0,0,0,0,0,0,0,0,0,0,0,0,0,0,0,0,0,0,0,0,0,0,0,0,0,0,0,0,0,0,0,0,0,0,0,0,0,0,0,0,0,0,0,0,0,0,0,0,0,0,0,0,0,0,0,0,0,0,0,0,0,0,0,0,0,0,0,0,0,0,0,0,0,0,0,0,0,0,0,0,0,0,0,0,0,0,0,0,0,0,0,0,0,0,0,0,0,0,0,0
"KOR",40590000,0,1845000,0,0,66280000,5827220000,103190000,0,82815000,0,92160000,0,0,0,0,94095000,0,0,0,0,0,1845000,0,14680000,5026215000,0,0,86425000,0,174455000,16820070000,31195000,0,0,0,0,0,0,0,0,0,7380000,0,0,7380000,1835000,3670000,0,0,0,9175000,0,556285000,7380000,5515000,0,0,0,852650000,0,14760000,0,0,0,0,128780000,0,0,0,1835000,26040985000,0,0,0,433465000,9013960000,7350000,0,11010000,1845000,0,0,86295000,0,12546110000,0,9175000,0,16535000,0,0,138275000,0,0,0,0,0,328315000,1835000,0,419905000,0,396335000,0,0,0,0,3690000,42295000,972220000,0,0,0,0,33160000,329380000,0,0,0,0,1454045000,0,0,31195000,0,0,0,0,0,53355000,873625000,2250275000,0,0,0,0,0,3670000,0,0,0,7285235000,0,0,0,0,1307545000,12845000,0,0,0,0,8846200000,0,95545000,29440000,0,7380000,0,0,12855000,0,0,9996700000,0,1864730000,11010000,0,0,0,3680000,1845000,342880000,0,0,851185000,1845000,49682645000,0,0,20095000,0,3923065000,7340000,1845000,0,0,3670000,0,0,0,0,0,0
"KWT",0,0,0,0,0,0,0,0,0,0,0,0,0,0,0,0,0,0,0,0,0,0,0,0,0,0,0,0,0,0,0,0,0,0,0,0,0,0,0,0,0,0,0,0,0,0,0,0,0,0,0,0,0,0,0,0,0,0,0,0,0,0,0,0,0,0,0,0,0,0,0,0,0,0,0,0,0,0,0,0,0,0,0,0,0,0,0,0,0,0,0,0,0,0,0,0,0,0,0,0,0,0,0,0,0,0,0,0,0,0,0,0,0,0,0,0,0,0,0,0,0,0,0,0,0,0,0,0,0,0,0,0,0,0,0,0,0,0,0,0,0,0,0,0,0,0,0,0,0,0,0,0,0,0,0,0,0,0,0,0,0,0,0,0,0,0,0,0,0,0,0,0,0,0,0,0,0,0,0,0,0,0,0,0,0,0,0,0,0,0,0,0,0,0,0
"LVA",0,0,0,26499560000,0,0,0,0,0,0,0,0,0,0,0,0,0,0,0,0,0,0,0,0,9652600000,0,0,0,0,0,0,0,0,0,0,0,0,0,1820000,36900000,0,25671240000,0,0,24034195000,0,0,0,0,74024850000,0,0,4763190000,17927450000,0,0,0,0,0,112125260000,0,0,0,12047380000,0,0,0,0,0,0,0,0,0,0,5086820000,0,0,0,0,71955000,46215000,11858845000,0,0,0,0,0,0,0,0,0,0,0,0,0,0,0,0,0,18910885000,0,0,0,0,0,0,5535000,0,0,0,0,0,0,2256800000,0,0,0,0,0,0,0,0,0,0,0,2448220000,0,1820000,1845000,0,0,0,0,38790000,12192670000,0,0,0,0,0,16391050000,0,3144115000,0,0,0,0,0,0,0,0,0,0,0,0,0,19366990000,0,0,0,20295000,0,0,0,0,0,0,0,0,0,0,0,0,0,0,0,3845040000,32160860000,880415000,0,0,0,0,0,0,0,0,0,0,0,0,0,0,0,0
"LAO",0,0,0,0,0,0,0,0,0,0,0,0,0,0,0,0,0,0,0,0,0,0,0,0,0,0,0,0,0,0,0,0,0,0,0,0,0,0,0,0,0,0,0,0,0,0,0,0,0,0,0,0,0,0,0,0,0,0,0,0,0,0,0,0,0,0,0,0,0,0,0,0,0,0,0,0,0,0,0,0,0,0,0,0,0,0,0,0,0,0,0,0,0,0,0,0,0,0,0,0,0,0,0,0,0,0,0,0,0,0,0,0,0,0,0,0,0,0,0,0,0,0,0,0,0,0,0,0,0,0,0,0,0,0,0,0,0,0,0,0,0,0,0,0,0,0,0,0,0,0,0,0,0,0,0,0,0,0,0,0,0,0,0,0,0,0,0,0,0,0,0,0,0,0,0,0,0,0,0,0,0,0,0,0,0,0,0,0,0,0,0,0,0,0,0
"LBN",0,0,0,0,0,0,251060000,7470000,0,152780000,0,0,0,0,0,0,57810000,0,0,0,0,0,0,0,0,230345000,0,16580000,0,0,3665000,1845000,0,0,18225000,0,0,0,3665000,3640000,9050000,93395000,0,0,0,0,22140000,0,0,0,0,0,0,117995000,0,0,0,20070000,16580000,224475000,0,25605000,0,3515000,0,0,0,1670000,0,9225000,0,11070000,0,0,0,0,0,0,39344625000,0,0,0,161080000,0,0,0,1521620000,0,0,0,0,0,183325000,0,0,0,0,23950000,0,0,0,0,0,40565000,0,1845000,0,0,0,0,0,38745000,0,0,0,0,794555000,0,0,0,0,0,0,0,16355000,8570000,7380000,7250000,0,0,1245000,0,0,0,0,0,0,0,42930000,0,1845000,0,0,0,0,0,14760000,3226130000,6595000,0,22050000,0,0,0,0,1835000,66060000,0,0,0,132265000,14710000,6828515000,0,0,0,0,1845000,0,0,1650275000,0,0,718490000,3640000,0,28185000,0,109455000,5535000,0,0,21365000,0,0,0,1845000,0,13985000,0,0,0,0,0,0
"LSO",0,0,0,0,0,0,0,0,0,0,0,0,0,0,0,0,0,0,0,0,0,0,0,0,0,0,0,0,0,0,0,0,0,0,0,0,0,0,0,0,0,0,0,0,0,0,0,0,0,0,0,0,0,0,0,0,0,0,0,0,0,0,0,0,0,0,0,0,0,0,0,0,0,0,0,0,0,0,0,0,0,0,0,0,0,0,0,0,0,0,0,0,0,0,0,0,0,0,0,0,0,0,0,0,0,0,0,0,0,0,0,0,0,0,0,0,0,0,0,0,0,0,0,0,0,0,0,0,0,0,0,0,0,0,0,0,0,0,0,0,0,0,0,0,0,0,0,0,0,0,0,0,0,0,0,0,0,0,0,0,0,0,0,0,0,0,0,0,0,0,0,0,0,0,0,0,0,0,0,0,0,0,0,0,0,0,0,0,0,0,0,0,0,0,0
"LBR",0,0,0,0,0,0,0,0,0,0,0,0,0,0,0,0,0,0,0,0,0,0,0,0,0,0,0,0,0,0,0,0,0,0,0,0,0,0,0,0,0,0,0,0,0,0,0,0,0,0,0,0,0,0,0,0,0,0,0,0,0,0,0,0,0,0,0,0,0,0,0,0,0,0,0,0,0,0,0,0,0,0,0,0,0,0,0,0,0,0,0,0,0,0,0,0,0,0,0,0,0,0,0,0,0,0,0,0,0,0,0,0,0,0,0,0,0,0,0,0,0,0,0,0,0,0,0,0,0,0,0,0,0,0,0,0,0,0,0,0,0,0,0,0,0,0,0,0,0,0,0,0,0,0,0,0,0,0,0,0,0,0,0,0,0,0,0,0,0,0,0,0,0,0,0,0,0,0,0,0,0,0,0,0,0,0,0,0,0,0,0,0,0,0,0
"LBY",0,0,0,0,0,0,0,0,0,0,0,0,0,0,0,0,0,0,0,0,0,0,0,0,0,0,0,0,0,0,0,0,0,0,0,0,0,0,0,0,0,0,0,0,0,0,0,0,0,0,0,0,0,0,0,0,0,0,0,0,0,0,0,0,0,0,0,0,0,0,0,0,0,0,0,0,0,0,0,0,0,0,0,0,0,0,0,0,0,0,0,0,0,0,0,0,0,0,0,0,0,0,0,0,0,0,0,0,0,0,0,0,0,0,0,0,0,0,0,0,0,0,0,0,0,0,0,0,0,0,0,0,0,0,0,0,0,0,0,0,0,0,0,0,0,0,0,0,0,0,0,0,0,0,0,0,0,0,0,0,0,0,0,0,0,0,0,0,0,0,0,0,0,0,0,0,0,0,0,0,0,0,0,0,0,0,0,0,0,0,0,0,0,0,0
"LTU",0,0,1.0187e+10,0,0,0,0,0,0,0,0,0,0,0,0,0,0,0,0,0,0,0,0,0,0,0,0,0,0,0,0,0,0,0,0,0,0,0,0,16605000,0,91367370000,0,0,229795255000,0,0,0,0,71150365000,0,0,0,98344630000,0,0,0,0,16530000,223633240000,0,0,0,0,0,0,0,0,0,0,0,0,0,0,0,0,0,0,0,289445000,52780000,0,0,0,0,0,0,0,0,0,0,0,0,28002835000,0,0,0,0,0,0,0,0,0,0,0,0,0,0,0,0,0,0,0,10155870000,0,0,29143170000,0,0,0,0,0,0,0,0,5028370000,0,0,0,0,0,0,0,1340635000,15829930000,0,0,0,0,0,1604870000,0,49295870000,0,0,0,0,0,0,0,0,0,0,0,0,0,12867770000,0,7380000,0,44105000,32650170000,0,0,0,0,0,0,0,0,0,0,64031140000,0,0,0,26492745000,449297780000,783800000,0,0,5535000,0,0,0,0,0,0,0,0,0,0,0,0,0
"MAC",0,0,0,0,0,0,0,0,0,0,0,0,0,0,0,0,0,0,0,0,0,0,0,0,0,95940000,0,0,0,0,0,134675000,0,0,0,0,0,0,0,0,0,0,0,0,0,0,0,0,0,0,0,0,0,0,0,0,0,0,0,0,0,0,0,0,0,0,0,0,0,0,0,228430000,0,0,0,0,0,0,0,0,0,0,0,0,0,0,0,0,0,0,0,0,0,0,0,0,0,0,0,0,0,0,0,57195000,0,0,0,0,0,0,0,0,0,0,0,0,0,0,0,0,0,0,0,0,0,0,0,0,0,0,0,0,0,0,0,0,0,0,0,0,0,0,0,0,0,0,0,0,0,0,0,0,0,51660000,0,0,0,0,0,0,0,0,0,0,236160000,0,0,0,0,0,0,0,0,0,0,0,0,0,149445000,0,0,0,0,0,0,0,0,0,0,0,0,0,0,0,0
"MDG",0,0,0,0,0,0,0,0,0,0,0,0,0,0,0,0,0,0,0,0,0,0,0,0,0,0,0,0,0,0,0,0,0,19920000,0,0,0,0,0,0,0,0,0,0,0,0,0,0,0,0,0,0,0,245775000,0,0,0,0,0,41750000,0,0,0,0,0,0,0,0,0,0,0,123760000,0,0,0,0,0,0,0,0,0,0,0,0,0,0,0,0,0,0,0,0,0,0,0,0,0,0,0,0,0,0,0,0,0,0,0,0,9225000,0,0,0,0,0,0,0,0,0,0,0,0,0,0,0,0,0,0,0,0,0,0,0,0,0,0,0,0,0,0,0,0,0,0,0,0,0,0,0,0,0,0,0,0,0,0,0,0,0,0,0,0,0,0,0,0,0,0,0,0,0,0,0,0,0,0,0,0,0,0,0,0,0,0,0,0,0,0,0,0,0,0,0,0,0,0
"MWI",0,0,0,0,0,0,0,0,0,0,0,0,0,0,0,0,0,0,0,0,0,0,0,0,0,0,0,0,0,0,0,0,0,0,0,0,0,0,0,0,0,0,0,0,0,0,0,0,0,0,0,0,0,0,0,0,0,0,0,0,0,0,0,0,0,0,0,0,0,0,0,0,0,0,0,0,0,0,0,0,0,0,0,0,0,0,0,0,0,0,0,0,0,0,0,0,0,0,0,0,0,0,0,0,0,0,0,0,0,0,0,0,58265000,0,0,0,0,0,0,0,0,0,0,0,0,0,0,0,0,0,0,0,0,0,0,0,0,0,0,22140000,0,0,0,0,0,0,0,0,0,0,0,0,0,0,0,0,0,0,0,0,0,0,0,0,0,0,0,0,0,0,0,0,0,0,0,0,0,0,0,0,0,0,0,0,0,0,0,62730000,0,0,0,0,0,0,0
"MYS",0,0,0,0,0,5535000,5073325000,29520000,0,926740000,0,2911115000,0,9225000,16605000,0,140220000,0,0,12915000,25066880000,20295000,2346315000,0,36900000,1990505000,0,0,241100000,0,7380000,806030000,0,1845000,18675000,0,0,0,5505000,0,62730000,25830000,0,31365000,0,0,161145000,0,0,0,0,14760000,290480000,503015000,46125000,25830000,0,0,1845000,297540000,0,940950000,38745000,300735000,0,0,0,0,0,22140000,0,9082035000,14760000,0,27535000,1764675000,153873585000,11070000,21165000,103290000,0,16605000,0,0,0,5855775000,153135000,0,36900000,3143925000,0,1660350000,994455000,0,0,433645000,0,0,236160000,0,18450000,140220000,0,0,1042315000,0,51640000,12915000,4869830000,3690000,107010000,0,0,0,546120000,3690000,480910000,0,110700000,0,7380000,1150470000,0,29520000,1795965000,0,75645000,0,20295000,207215000,11070000,0,8564580000,0,0,0,0,0,241345000,0,0,0,20295000,0,0,0,0,5927025000,0,202950000,25830000,0,0,203129110000,0,123555000,1376340000,5535000,0,0,128940000,9225000,0,0,8376505000,0,111635765000,0,0,7340000,1742160000,18450000,5535000,4865090000,53505000,1845000,4254385000,23985000,12003365000,0,36900000,0,12915000,6152655000,0,4143845000,0,5535000,36550000,0,0,0,0,0,0
"MDV",0,0,0,0,0,0,0,0,0,0,0,0,0,0,0,0,0,0,0,0,0,0,0,0,0,0,0,0,0,0,0,0,0,0,0,0,0,0,0,0,0,0,0,0,0,0,0,0,0,0,0,0,0,0,0,0,0,0,0,0,0,0,0,0,0,0,0,0,0,0,0,0,0,0,0,0,0,0,0,0,0,0,0,0,0,0,0,0,0,0,0,0,0,0,0,0,0,0,0,0,0,0,0,0,0,0,0,0,0,0,0,0,0,0,0,0,0,0,0,0,0,0,0,0,0,0,0,0,0,0,0,0,0,0,0,0,0,0,0,0,0,0,0,0,0,0,0,0,0,0,0,0,0,0,0,0,0,0,0,0,0,0,0,0,0,0,0,0,0,0,0,0,0,0,0,0,0,0,0,0,0,0,0,0,0,0,0,0,0,0,0,0,0,0,0
"MLI",0,0,0,0,0,0,0,0,0,0,0,0,0,0,0,0,0,0,0,0,0,0,0,0,0,0,0,0,0,0,0,0,0,0,0,0,0,0,0,0,0,0,0,0,0,0,0,0,0,0,0,0,0,2437250000,0,0,0,0,0,0,0,0,0,0,0,0,0,8732360000,0,0,0,0,0,0,0,0,0,0,0,0,0,0,213865000,0,0,0,0,0,0,0,0,0,0,0,0,0,0,0,0,0,0,0,0,0,0,0,0,0,0,0,0,0,0,0,0,0,0,0,0,0,0,0,0,0,0,0,0,0,0,0,0,0,0,0,0,0,0,0,0,0,0,0,0,0,0,0,0,0,136500000,0,0,0,0,0,0,0,0,0,0,0,0,0,0,0,0,0,0,0,0,0,0,0,0,0,0,0,0,0,0,7762865000,0,0,0,0,0,0,0,0,0,0,0,0,0,0,0
"MLT",0,0,0,0,0,0,0,0,0,90405000,0,0,0,0,0,0,0,0,0,0,0,0,0,0,36900000,404280000,0,0,0,0,0,0,0,0,0,0,0,99630000,90405000,0,0,0,0,0,0,0,14760000,0,0,0,0,0,0,0,0,0,0,0,0,0,0,147600000,0,38745000,0,0,0,0,0,0,0,0,0,0,0,0,0,0,0,29520000,14760000,20295000,0,0,0,0,112545000,0,51660000,0,0,0,84870000,0,0,167895000,0,33210000,116205000,0,0,0,0,42435000,0,0,0,0,0,0,0,0,0,0,0,0,71955000,0,27675000,0,0,0,0,0,20295000,0,0,0,0,0,0,0,0,0,66420000,0,0,0,36900000,0,0,0,0,0,0,0,0,0,0,0,0,0,0,0,0,0,184500000,0,0,0,0,0,0,0,0,0,0,0,0,0,391140000,0,0,311805000,0,0,94635000,0,36900000,0,0,0,0,0,0,0,0,0,14760000,0,0,0,0,0,0
"MRT",0,0,0,0,0,0,0,0,0,0,0,0,0,0,0,0,0,0,0,0,0,0,0,0,0,0,0,0,0,0,0,0,0,0,0,0,0,0,0,0,0,0,0,0,0,0,0,0,0,0,0,0,0,0,0,0,0,0,0,0,0,0,0,0,0,0,0,0,0,0,0,0,0,0,0,0,0,0,0,0,0,0,0,0,0,0,0,0,0,0,0,0,0,0,0,0,0,0,0,0,0,0,0,0,0,0,0,0,0,0,0,0,0,0,0,0,0,0,0,0,0,0,0,0,0,0,0,0,0,0,0,0,0,0,0,0,0,0,0,0,0,0,0,0,0,0,0,0,0,0,0,0,0,0,0,0,0,0,0,0,0,0,0,0,0,0,0,0,0,0,0,0,0,0,0,0,0,0,0,0,0,0,0,0,0,0,0,0,0,0,0,0,0,0,0
"MUS",0,0,0,0,0,0,1820000,0,0,0,0,0,0,0,0,0,0,0,0,0,0,0,0,3385200000,0,0,0,0,0,0,0,0,0,10172715000,0,0,0,0,0,0,0,0,0,0,0,0,0,0,0,0,0,0,0,16598655000,0,0,0,0,0,5535000,0,0,0,0,0,0,0,0,0,0,0,0,0,0,0,0,0,0,0,0,0,128950000,0,0,0,0,0,0,134245000,0,0,0,0,0,0,0,0,0,0,0,0,60279915000,3243240000,0,0,0,0,0,0,0,0,0,0,0,0,0,0,0,0,0,0,0,0,0,0,0,3690000,0,0,0,0,0,0,0,0,0,0,0,0,1935425000,0,156520000,0,0,0,0,0,0,0,11857640000,0,0,0,0,0,13209890000,0,0,0,0,0,0,0,0,5702085000,0,0,0,0,0,0,0,0,0,0,0,0,0,0,0,0,0,0,0,0,0,0,5925920000,0,0,0,0,0,0,0
"MEX",0,0,0,680164280000,0,42958430000,0,0,0,0,113770000,0,0,0,158340000,0,7380000,0,4271410000,0,0,0,0,0,0,1746940000,0,0,0,0,1315860000,0,2012250000,0,0,0,2360845000,28958885000,0,0,0,0,0,28677435000,0,12971655000,1670000,3242720000,0,0,0,0,0,72800000,0,0,0,0,0,1094035000,0,0,0,0,0,0,22059560000,0,1.638e+09,12495330000,4545925000,0,0,0,0,3340000,0,0,0,662355000,0,58970000,0,0,2430285000,0,0,0,0,0,0,0,0,0,0,0,0,0,0,0,0,0,0,0,0,0,0,0,0,0,0,89842660000,0,0,0,0,44839500000,0,0,0,0,0,910235000,0,0,0,0,20947055000,58240000,0,0,71103940000,0,0,0,0,0,0,0,0,0,0,0,0,0,0,0,0,0,0,0,0,0,0,0,0,23975000,7380000,0,0,0,582002530000,0,0,0,0,0,0,0,16896915000,0,0,0,0,0,0,582400000,0,621026875000,0,152940000,0,60343010000,14760000,0,0,0,0,0,0,0,0,0,0,0
"MNG",0,0,0,0,0,0,0,0,0,0,0,0,0,0,0,0,0,0,0,0,0,0,0,0,0,0,0,0,0,0,0,0,0,0,0,0,0,0,0,0,0,0,0,0,0,0,0,0,0,0,0,0,0,0,0,0,0,0,0,0,0,0,0,0,0,0,0,0,0,0,0,0,0,0,0,0,0,0,0,0,0,0,0,0,0,0,0,0,0,0,0,0,0,0,0,0,0,0,0,0,0,0,0,0,0,0,0,0,0,0,0,0,0,0,0,0,0,0,0,0,0,0,0,0,0,0,0,0,0,0,0,0,0,0,0,0,0,0,0,0,0,0,0,0,0,0,0,0,0,0,0,0,0,0,0,0,0,0,0,0,0,0,0,0,0,0,0,0,0,0,0,0,0,0,0,0,0,0,0,0,0,0,0,0,0,0,0,0,0,0,0,0,0,0,0
"MAR",0,0,0,0,0,0,0,0,0,0,0,0,0,0,0,0,0,0,0,0,0,0,0,0,0,85655000,0,0,0,0,0,0,0,0,2247750000,0,0,0,0,0,9848345000,0,0,0,0,0,0,0,0,0,0,0,0,85800000,0,11070000,0,195570000,26140660000,11060000,0,0,0,0,0,0,0,20045000,0,0,0,0,0,0,0,0,0,0,0,0,0,18350000,11070000,0,0,0,46125000,0,0,0,0,0,55350000,0,0,64575000,0,26076960000,267302630000,0,0,404040000,0,0,0,16632980000,9225000,79335000,0,0,0,0,0,0,0,0,3264890000,0,0,0,0,0,0,12772760000,7380000,0,0,0,0,0,0,0,0,0,1845000,5603780000,0,0,0,0,0,0,0,0,0,0,0,49815000,822930000,0,2356900000,0,0,0,0,0,362185000,0,0,0,105165000,1845000,0,0,0,0,0,0,0,0,0,232470000,0,12915000,0,0,7380000,0,108785000,3.5126e+10,0,0,0,0,0,35055000,0,0,71955000,0,0,0,0,0,0
"MOZ",0,0,0,0,0,0,0,0,0,0,0,0,0,0,0,0,0,0,0,0,0,0,0,0,0,0,0,0,0,0,0,0,0,0,0,0,0,0,0,0,0,0,0,0,0,0,0,0,0,0,0,0,0,0,0,0,0,0,0,0,0,0,0,0,0,0,0,0,0,0,0,0,0,0,0,0,0,0,0,0,0,0,0,0,0,0,0,0,0,0,0,0,0,0,0,0,0,0,0,0,0,0,0,0,0,0,0,0,0,0,0,0,0,0,0,0,0,0,0,0,0,0,0,0,0,0,0,0,0,0,0,0,0,0,0,0,0,0,0,0,0,0,0,0,0,0,0,0,0,0,0,0,0,0,0,0,0,0,0,0,0,0,0,0,0,0,0,0,0,0,0,0,0,0,0,0,0,0,0,0,0,0,0,0,0,0,0,0,0,0,0,0,0,0,0
"MDA",0,0,0,0,0,0,0,0,0,0,0,0,0,0,0,0,0,0,0,0,0,0,0,0,0,127305000,0,0,0,0,0,0,0,0,0,0,0,0,0,0,0,0,0,0,1680075000,0,0,0,0,35055000,0,0,0,37099050000,0,0,0,0,0,14137985000,0,0,0,82425000,0,0,0,0,0,0,0,0,135498790000,0,1020370000,0,0,0,0,881760000,354240000,0,0,14760000,0,0,0,0,0,0,0,0,0,215865000,0,23985000,0,230460000,0,1861940000,0,0,0,0,0,0,0,0,0,0,0,0,0,0,0,0,1376080000,0,0,0,0,0,0,0,0,0,0,0,0,0,0,0,0,0,0,0,0,0,0,0,147758720000,0,4693005000,0,0,0,0,0,0,0,0,0,0,0,0,0,0,0,0,349030000,0,3687360000,0,0,0,0,0,0,0,0,0,0,0,0,0,0,41870240000,113199235000,155071960000,0,0,0,0,0,0,0,0,0,0,0,0,0,0,0,0
"NAM",0,0,0,0,0,0,0,0,0,0,0,0,0,0,0,316680000,0,0,0,0,0,1820000,0,0,0,0,0,0,0,0,0,0,0,0,0,0,0,0,0,0,0,0,0,0,0,0,0,0,0,0,0,0,0,0,0,0,0,0,0,0,0,0,0,0,0,0,0,0,0,0,0,0,0,0,0,0,0,0,0,0,0,0,0,0,0,0,0,0,0,0,0,0,0,0,0,0,0,0,0,0,0,0,0,0,0,0,0,0,0,0,0,0,0,0,0,0,0,0,0,0,0,0,0,0,0,0,0,0,0,0,0,0,0,0,0,0,0,0,0,0,0,0,0,1845000,0,0,0,0,0,0,0,0,0,0,0,472895000,0,0,0,0,0,0,0,0,0,0,0,0,0,0,0,0,0,0,0,0,0,0,0,0,0,0,0,0,0,0,0,0,0,0,0,0,0,0,0
"NPL",0,0,0,0,0,0,0,0,0,34945000,0,110100000,0,86245000,0,0,0,0,0,0,0,0,0,0,0,0,0,0,0,0,0,0,0,0,0,0,0,0,0,0,0,0,0,0,0,0,0,0,0,0,0,0,0,0,0,0,0,0,0,0,0,0,0,0,0,0,0,0,0,0,0,9175000,0,0,0,15682820000,0,0,0,0,0,0,0,0,0,0,0,0,0,0,0,0,0,0,0,0,0,0,0,0,0,0,0,0,0,0,0,0,0,0,0,0,0,0,0,0,0,0,0,0,0,0,0,0,0,0,0,0,0,0,0,0,0,0,0,0,0,0,0,0,0,0,0,0,0,0,0,0,0,0,0,0,0,0,0,16515000,0,0,0,0,0,0,0,0,0,0,0,0,0,0,0,0,0,0,0,0,0,0,3690000,0,0,0,0,0,0,0,0,0,0,0,0,0,0,0,0
"NLD",0,94205000,226655000,130651195000,0,16605000,4083230000,7378815000,0,1014565000,0,18420000,0,0,1845000,0,216975000,0,3670000,0,1835000,675430000,0,0,284130000,4939885000,558515000,11070000,151240000,12161340000,42017845000,173430000,10470000,0,58514775000,0,94785000,32472640000,1000445000,0,129150000,32506020000,0,131215000,9225000,0,212105000,79335000,108890000,528325000,2677275000,0,6029765000,124838665000,26495610000,1247295000,4915000,479660000,31969570000,517552535000,736915000,434870000,0,4993380000,0,0,0,1835000,0,82870360000,151290000,1514750000,2373945000,1110585000,4206130000,1215415000,14598845000,70060000,50070295000,11342795000,3577825000,23788245000,343170000,146765000,3665000,2609520000,1086705000,0,86545000,11070000,0,685740000,3661850000,583410000,0,3844650000,0,1355705000,211807480000,1373925000,0,187885000,0,650680000,1845000,547845000,545525000,72004660000,95490000,54240000,23985000,575730000,0,62360000,0,25830000,0,0,0,74735000,0,811705000,0,142065000,160225000,15257940000,79135000,11070000,3381775000,0,0,77445000,3.69e+08,5376940000,11127390000,12548725000,0,147485000,667780000,0,652730000,5535000,4823270000,3670000,0,0,2637180000,7360980000,6515720000,35025000,28620690000,799035000,35055000,824815000,1408680000,55769875000,45505755000,32707050000,0,0,27835235000,22399705000,220125000,0,180100000,244205000,838075000,25830000,0,10017745000,1527005000,154980000,688985000,4568325000,20120000,0,203312315000,557585000,21955500000,4894005000,7380000,3670000,119370000,5535000,136275000,16188460000,112628765000,1845000,453606025000,3019945000,0,0,0,0,0
"ANT",0,0,0,0,0,0,0,0,0,0,0,0,0,0,0,0,0,0,0,0,0,0,0,0,0,0,0,0,0,0,0,0,0,0,0,0,0,0,0,0,0,0,0,0,0,0,0,0,0,0,0,0,0,0,0,0,0,0,0,0,0,0,0,0,0,0,0,0,0,0,0,0,0,0,0,0,0,0,0,0,0,0,0,0,0,0,0,0,0,0,0,0,0,0,0,0,0,0,0,0,0,0,0,0,0,0,0,0,0,0,0,0,0,0,0,0,0,0,0,0,0,0,0,0,0,0,0,0,0,0,0,0,0,0,0,0,0,0,0,0,0,0,0,0,0,0,0,0,0,0,0,0,0,0,0,0,0,0,0,0,0,0,0,0,0,0,0,0,0,0,0,0,0,0,0,0,0,0,0,0,0,0,0,0,0,0,0,0,0,0,0,0,0,0,0
"NCL",0,0,0,0,0,0,0,0,0,0,0,0,0,0,0,0,0,0,0,0,0,0,0,0,0,0,0,0,0,0,0,0,0,0,0,0,0,0,0,0,0,0,0,0,0,0,0,0,0,0,0,0,0,0,38220000,0,0,0,0,0,0,0,0,0,0,0,0,0,0,0,0,0,0,0,0,0,0,0,0,0,0,0,0,0,0,0,0,0,0,0,0,0,0,0,0,0,0,0,0,0,0,0,0,0,0,0,0,0,0,0,0,0,0,0,0,0,0,0,0,0,7185000,0,0,0,0,0,0,0,0,0,0,0,0,0,0,0,0,0,0,0,0,0,0,0,0,0,0,0,0,0,0,0,0,0,0,0,0,0,0,0,0,0,0,0,0,0,0,0,0,0,0,0,0,0,0,0,0,0,0,0,0,0,0,0,0,0,0,0,0,0,0,0,0,0,0
"MKD",0,0,269865000,0,0,0,44280000,0,0,0,0,0,0,0,0,0,0,0,0,0,0,79335000,0,0,0,3690000,0,0,0,0,0,0,0,0,0,0,0,0,0,0,0,0,0,0,0,0,0,0,0,0,0,0,0,0,0,0,0,0,0,0,295290000,0,0,867765000,0,0,0,0,0,0,0,0,0,695565000,0,0,0,0,0,0,0,0,0,0,0,0,14760000,0,0,0,0,0,3690000,0,0,0,0,0,0,0,0,0,0,0,0,0,0,0,0,0,0,0,0,0,0,0,0,0,0,0,0,0,0,0,0,0,0,0,0,0,0,0,0,0,0,0,0,0,0,0,0,0,0,0,0,0,0,0,0,0,0,540030000,0,0,0,0,0,0,0,0,5535000,42435000,0,0,0,0,0,0,0,0,0,0,0,0,0,0,34590000,0,110745000,0,0,0,0,0,0,0,0,0,0,0,0,0,0,0,0
"VUT",0,0,0,0,0,0,0,0,0,0,0,0,0,0,0,0,0,0,0,0,0,0,0,0,0,0,0,0,0,0,0,0,0,0,0,0,0,0,0,0,0,0,0,0,0,0,0,0,0,0,0,0,0,0,0,0,0,0,0,0,0,0,0,0,0,0,0,0,0,0,0,0,0,0,0,0,0,0,0,0,0,0,0,0,0,0,0,0,0,0,0,0,0,0,0,0,0,0,0,0,0,0,0,0,0,0,0,0,0,0,0,0,0,0,0,0,0,0,0,0,0,0,0,0,0,0,0,0,0,0,0,0,0,0,0,0,0,0,0,0,0,0,0,0,0,0,0,0,0,0,0,0,0,0,0,0,0,0,0,0,0,0,0,0,0,0,0,0,0,0,0,0,0,0,0,0,0,0,0,0,0,0,0,0,0,0,0,0,0,0,0,0,0,0,0
"NZL",0,0,0,0,0,0,44055795000,0,0,0,0,0,0,0,0,0,0,0,0,0,0,0,0,0,0,221700000,0,0,0,0,0,3690000,0,0,0,1891165000,0,0,0,0,0,0,0,0,0,0,0,0,0,0,0,391005000,0,0,664525000,0,0,0,0,0,0,0,3690000,0,0,0,0,0,0,0,0,108855000,0,0,0,0,7380000,0,0,0,0,0,0,0,0,7630920000,0,0,0,29170000,0,14760000,0,0,0,0,0,0,0,0,5515000,0,0,23985000,0,0,0,0,0,0,0,0,0,0,0,0,0,0,490770000,0,14160000,0,0,0,0,0,3690000,0,0,20285000,0,0,16605000,0,0,0,0,0,0,0,0,0,0,0,0,0,0,0,0,0,0,0,0,260085000,0,0,0,0,0,0,0,7380000,0,0,14760000,0,0,0,571495000,0,0,0,0,186345000,0,11070000,3819150000,0,721345000,0,0,0,0,3690000,0,0,0,0,0,0,0,0,0,0,0
"NIC",0,0,0,0,0,0,0,0,0,0,0,0,0,0,0,0,0,0,0,0,0,0,0,0,0,0,0,0,0,0,0,0,0,0,0,0,61278345000,0,0,0,0,0,880065000,2263815000,0,0,0,16287940000,0,0,0,0,0,0,0,0,0,0,0,0,0,0,0,38220000,0,0,3614600000,0,0,0,42263115000,0,0,0,0,0,0,0,0,0,0,0,0,0,0,0,0,0,0,0,0,0,0,0,0,0,0,0,0,0,0,0,0,0,0,0,0,0,0,0,0,0,0,0,0,0,0,0,0,0,0,0,0,0,0,0,0,1261980000,0,0,0,0,0,0,0,0,0,0,0,0,0,0,0,0,0,0,0,0,0,0,0,0,0,0,0,0,0,0,0,0,0,0,0,0,0,0,0,0,0,38745000,0,0,0,0,0,0,0,0,351995000,0,0,0,0,0,0,0,0,0,0,0,0,0,0,0,0
"NER",0,0,0,0,0,0,0,0,0,0,0,0,0,0,0,0,0,0,0,0,0,0,0,0,0,0,0,0,0,14760000,0,0,0,0,0,0,0,0,0,0,0,0,0,0,0,0,0,0,0,0,0,0,0,0,0,0,0,0,0,0,0,0,0,0,0,0,0,0,0,0,0,0,0,0,0,0,0,0,0,0,0,0,0,0,0,0,0,0,0,0,0,0,0,0,0,0,0,0,0,0,0,0,0,0,0,0,0,0,0,0,0,0,0,0,0,0,0,0,0,0,0,0,0,0,435615000,0,0,0,0,0,0,0,0,0,0,0,0,0,0,0,0,0,0,0,0,0,0,0,0,0,0,0,0,0,0,0,0,0,0,0,0,0,0,0,0,0,0,0,0,0,0,0,0,0,0,0,0,0,0,0,0,0,0,0,0,0,0,0,0,0,0,0,0,0,0
"NGA",0,0,0,0,0,0,0,0,0,0,0,0,0,0,0,0,0,0,0,0,0,0,0,0,0,0,0,0,0,0,0,0,0,0,0,0,0,0,0,0,0,0,0,0,0,0,0,0,0,0,0,0,0,0,0,0,0,0,0,0,0,0,0,0,0,0,0,0,0,0,0,0,0,0,0,0,0,0,0,0,0,0,0,0,0,0,0,0,0,0,0,0,0,0,0,0,0,0,0,0,0,0,0,0,0,0,0,0,0,0,0,0,0,0,0,0,0,0,0,0,0,0,0,0,0,0,0,0,0,0,0,0,0,0,0,0,0,0,0,0,0,0,0,0,0,0,0,0,0,0,0,0,0,0,0,0,0,0,0,0,0,0,0,0,0,0,0,0,0,0,0,0,0,0,0,0,0,0,0,0,0,0,0,0,0,0,0,0,0,0,0,0,0,0,0
"NOR",0,186345000,0,0,0,1845000,528615000,0,0,103320000,0,33210000,0,0,0,0,10470000,0,0,0,0,0,5535000,0,3690000,316950000,0,0,1845000,0,0,1845000,0,0,0,0,0,5535000,7380000,0,0,5100625000,0,0,0,1845000,5535000,0,0,18450000,389295000,0,5.166e+09,95940000,0,0,0,0,0,246165000,1845000,1845000,0,29610000,0,0,0,0,0,0,0,13560000,5460000,0,547590000,0,0,0,0,0,3690000,2111985000,18450000,0,0,234540000,0,0,608850000,0,0,31365000,0,3690000,0,3690000,0,256455000,0,95940000,0,7380000,265680000,3690000,0,0,3690000,0,0,0,0,0,33210000,0,0,0,741935000,0,0,0,0,110700000,0,0,0,0,0,3690000,35190000,0,0,0,66420000,12915000,25830000,0,0,429885000,0,0,0,0,27675000,0,0,0,0,3690000,0,0,0,0,0,153780000,44280000,247875000,229845000,0,0,0,9723895000,9870000,0,0,14760000,0,25920000,0,0,0,0,0,31365000,230625000,0,0,479405000,0,1318590000,0,3690000,0,0,0,701100000,0,5535000,132840000,27075000,0,0,0,0,0,0
"PAK",0,1684371720000,0,0,0,0,1835000,0,0,776510000,0,7876940000,0,0,0,0,0,0,0,0,0,0,13173990000,0,0,1277785000,0,0,393115000,0,0,0,0,0,0,0,0,0,0,290050000,0,33030000,0,0,158805000,0,276231360000,0,0,0,0,0,0,0,0,0,0,0,0,16525000,0,33210000,0,0,0,0,0,0,0,0,0,0,0,0,0,0,0,5504920000,387844140000,0,0,22020000,0,0,0,1835000,0,0,939669190000,0,0,0,20559785000,0,0,0,0,0,94745000,0,0,240580000,0,116545925000,18450000,0,0,20185000,760525000,0,0,12845000,3423500000,0,0,0,43888880000,0,0,0,0,1845000,0,11010000,29520000,0,0,0,0,0,0,1.67e+10,30869950000,0,0,0,0,0,108265000,0,0,0,0,0,0,0,0,2364460000,0,0,0,0,0,95710120000,4082180000,96151775000,0,0,20185000,0,0,0,0,3886120000,3532050000,1.31922e+11,0,0,0,0,335105000,0,339010000,355555730000,0,0,659775000,0,572700000,0,0,290050000,0,182519310000,2422600000,12465440000,0,0,0,0,0,0,0,0,0
"PAN",0,0,0,0,0,0,0,0,0,0,0,0,0,0,0,0,0,0,0,0,0,0,0,0,0,0,0,0,0,0,0,0,0,0,0,0,206640000,306270000,0,0,0,0,0,35055000,0,3735000,0,0,0,0,0,0,0,0,0,0,0,0,0,0,0,0,0,0,0,0,0,0,0,27675000,31365000,0,0,0,0,0,0,0,0,0,0,0,0,0,1236150000,0,0,0,0,0,0,0,0,0,0,0,0,0,0,0,0,0,0,0,0,0,0,0,0,0,0,0,0,0,0,0,0,0,0,0,0,0,0,0,25690000,0,0,0,0,0,0,0,0,0,0,0,0,0,0,0,0,0,0,0,0,0,0,0,0,0,0,0,0,0,0,0,0,0,0,0,0,0,0,0,0,0,0,0,0,0,0,0,0,0,0,0,0,0,508620000,0,0,0,0,0,0,0,0,0,0,0,0,0,0,0,0
"CZE",66200000,0,303940000,0,0,0,0,17641310000,0,0,0,0,0,0,0,0,0,0,0,0,0,280240000,0,0,0,16555000,0,0,0,0,0,0,0,0,0,0,0,0,1820000,102760000,75235000,71255000,0,0,609220000,0,0,0,0,8789770000,0,0,357930000,13007250000,0,0,0,0,0,947216405000,2451695000,0,0,0,0,0,0,0,0,0,0,0,16359215000,7893990000,0,0,0,0,0,0,0,7264890000,0,0,0,0,0,0,0,0,0,0,0,6563065000,0,72800000,0,0,0,10933460000,0,0,0,7380000,0,0,7380000,0,0,0,1322785000,0,0,60555000,1845000,0,92479530000,0,0,47970000,0,0,0,0,0,1845000,0,0,0,0,0,0,0,72769080000,0,0,0,0,0,0,26453550000,0,6339615000,0,0,0,0,214020000,72800000,0,0,290232160000,167469065000,0,0,0,88420000,0,0,0,25830000,47882325000,0,0,0,0,0,0,0,0,0,0,23985000,3690000,0,0,30855000,26656970000,122340000,0,0,0,0,36700000,0,0,34865000,0,11991865000,98355000,0,0,0,0,0
"PNG",0,0,0,0,0,0,0,0,0,0,0,0,0,0,0,0,0,0,0,0,0,0,0,0,0,0,0,0,0,0,0,0,0,0,0,0,0,0,0,0,0,0,0,0,0,0,0,0,0,0,0,0,0,0,0,0,0,0,0,0,0,0,0,0,0,0,0,0,0,0,0,0,0,0,0,0,0,0,0,0,0,0,0,0,0,0,0,0,0,0,0,0,0,0,0,0,0,0,0,0,0,0,0,0,0,0,0,0,0,0,0,0,0,0,0,0,0,0,0,0,0,0,0,0,0,0,0,0,0,0,0,0,0,0,0,0,0,0,0,0,0,0,0,0,0,0,0,0,0,0,0,0,0,0,0,0,0,0,0,0,0,0,0,0,0,0,0,0,0,0,0,0,0,0,0,0,0,0,0,0,0,0,0,0,0,0,0,0,0,0,0,0,0,0,0
"PRY",0,0,0,0,0,163800000,0,0,0,0,0,0,0,0,0,0,157284990000,0,0,0,0,0,0,0,0,0,0,0,0,0,0,0,0,0,0,0,0,0,0,0,0,0,0,0,0,0,0,0,0,0,0,0,0,0,0,0,0,0,0,0,0,0,0,0,0,0,0,0,0,0,0,0,0,0,0,0,0,0,0,0,0,0,0,0,0,0,0,0,0,0,0,0,0,0,0,0,0,0,0,0,0,0,0,0,0,0,0,0,0,0,0,0,0,0,0,0,0,0,0,0,0,0,0,0,0,0,0,0,0,0,0,0,0,0,0,0,0,0,0,0,0,0,0,0,0,0,0,0,0,0,0,0,0,7765500000,0,0,0,0,0,0,0,1.12725e+11,0,0,0,0,0,0,0,0,0,0,0,0,0,0,0,0,0,0,41140160000,0,0,0,0,0,0,0,0,0,0,0,0,0,0
"PER",0,0,0,0,0,7571200000,0,0,0,0,0,0,0,0,16362690000,0,4240600000,0,0,0,0,0,0,0,0,40590000,0,0,0,0,34395580000,0,22062550000,0,0,0,0,479235000,0,0,0,0,0,86715000,0,16774715000,0,0,0,0,0,0,0,0,0,0,0,0,0,11070000,0,0,0,0,0,0,149445000,0,0,26714310000,0,0,0,0,0,0,0,0,0,0,0,6855000,0,0,84870000,876970000,0,0,0,0,0,0,0,0,0,0,0,0,0,0,0,0,0,0,0,0,0,0,0,191880000,0,0,0,0,0,0,0,0,0,0,0,0,80860000,0,0,0,0,1956920000,0,0,0,0,0,0,0,0,0,0,0,0,0,0,0,0,0,0,0,0,0,0,0,0,0,0,0,0,18450000,23985000,0,0,0,0,0,0,0,0,0,0,0,0,0,0,0,0,0,0,1845000,0,1298110000,0,0,0,1677450000,0,0,0,0,0,0,0,0,0,0,0,0
"PHL",0,0,0,3690000,0,0,972935000,0,1835000,285335000,0,1835000,0,0,0,0,11010000,0,0,0,209330000,0,0,0,0,2278480000,0,0,0,0,0,27675000,0,0,0,0,0,0,11050000,0,0,5515000,1845000,0,0,0,0,0,0,0,0,0,7340000,66080000,0,0,0,0,0,12875000,3670000,0,0,58860000,0,0,0,0,0,0,0,781795000,0,0,0,11070000,3690000,0,0,29430000,174575000,283110000,0,0,0,3452080000,9215000,0,0,0,0,2381465000,384920000,0,0,51410000,0,0,0,0,11070000,0,0,228240000,36900000,0,0,0,25830000,0,7380000,0,0,0,0,3690000,621780000,0,0,0,0,90205000,0,23985000,0,33100000,1845000,0,0,22050000,0,0,0,0,0,0,0,0,173060000,0,0,0,0,0,0,0,0,1539520000,0,0,0,0,0,14660635000,0,11070000,34905000,0,0,0,23875000,25730000,0,0,2058510000,0,1144170000,0,0,0,101255000,0,0,1051210000,0,0,428660000,0,14774700000,0,0,0,0,3690000,0,5505000,1845000,0,77160000,0,0,0,0,0,0
"POL",0,0,0,3.2231e+10,0,0,0,950175000,53505000,71955000,0,0,0,0,0,0,643769970000,0,0,0,0,4926150000,0,0,0,2414705000,0,0,0,0,0,0,0,0,0,0,0,0,0,409590000,0,14480135000,0,0,3833920000,0,87261915000,0,0,3114360000,0,0,1245375000,3160485000,0,0,0,0,0,193196140000,332100000,0,0,31851910000,0,0,0,0,0,0,0,0,39356880000,1666035000,529515000,0,170307700000,0,0,0,442800000,2933550000,0,171585000,0,38745000,51660000,0,25830000,0,0,0,2217690000,6002890000,0,780435000,0,0,0,21773545000,0,0,0,104460170000,0,0,92250000,0,0,60885000,0,26242525000,0,0,0,0,45125245000,0,0,0,0,0,0,0,6.1957e+10,1634670000,0,0,40210755000,0,0,0,0,0,10108560000,0,0,0,46125000,0,17254660000,0,18621250000,0,0,0,0,4732425000,7474920000,0,0,7643835000,13885470000,0,0,239808660000,52246225000,0,0,0,4416930000,5311920000,0,0,0,0,0,0,0,0,45991420000,13690660000,0,942795000,0,0,3103290000,4606975000,9813425000,0,58685470000,0,0,0,0,60286050000,1854580000,0,4577445000,25830000,0,0,0,0,0
"PRT",0,0,0,33210000,1845000,0,44325000,1095930000,0,0,0,0,0,0,0,0,104610000,0,0,0,0,0,0,0,0,510835000,4606300000,0,0,0,7380000,0,47970000,0,0,0,0,23985000,678265000,0,16605000,327750000,0,154980000,0,0,0,0,0,59085000,0,0,377940000,24544995000,0,0,0,23945000,0,9215925000,0,0,0,396675000,0,0,5535000,1820000,0,0,0,228780000,14760000,0,0,0,0,0,0,238005000,267525000,2843985000,0,0,0,1333935000,0,0,0,0,0,38745000,0,0,0,16605000,0,0,0,9225000,33185000,0,0,0,11070000,0,22140000,0,63975000,0,20295000,145755000,322605000,0,34865000,0,1424675000,0,0,0,0,0,0,0,0,7380000,0,0,35055000,0,0,0,0,20295000,0,7791095000,0,0,0,0,0,0,145755000,0,0,0,3277640000,29520000,0,0,0,5535000,11070000,75645000,84410000,93935000,532450935000,38745000,0,0,75645000,314450000,0,0,0,0,0,0,0,0,18450000,0,0,0,0,0,9153075000,53505000,4482990000,0,0,0,0,47970000,0,0,0,0,4635930000,699955000,0,0,0,0,0
"GNB",0,0,0,0,0,0,0,0,0,0,0,0,0,0,0,0,0,0,0,0,0,0,0,0,0,0,0,0,0,0,0,0,0,0,0,0,0,0,0,0,0,0,0,0,0,0,0,0,0,0,0,0,0,0,0,0,0,0,0,0,0,0,0,0,0,0,0,0,0,0,0,0,0,0,0,0,0,0,0,0,0,0,0,0,0,0,0,0,0,0,0,0,0,0,0,0,0,0,0,0,0,0,0,0,0,0,0,0,0,0,0,0,0,0,0,0,0,0,0,0,0,0,0,0,0,0,0,0,0,0,0,0,0,0,0,0,0,0,0,0,0,0,0,0,0,0,0,0,0,0,0,0,0,0,0,0,0,0,0,0,0,0,0,0,0,0,0,0,0,0,0,0,0,0,0,0,0,0,0,0,0,0,0,0,0,0,0,0,0,0,0,0,0,0,0
"TLS",0,0,0,0,0,0,0,0,0,0,0,0,0,0,0,0,0,0,0,0,0,0,0,0,0,0,0,0,0,0,0,0,0,0,0,0,0,0,0,0,0,0,0,0,0,0,0,0,0,0,0,0,0,0,0,0,0,0,0,0,0,0,0,0,0,0,0,0,0,0,0,0,0,0,0,0,0,0,0,0,0,0,0,0,0,0,0,0,0,0,0,0,0,0,0,0,0,0,0,0,0,0,0,0,0,0,0,0,0,0,0,0,0,0,0,0,0,0,0,0,0,0,0,0,0,0,0,0,0,0,0,0,0,0,0,0,0,0,0,0,0,0,0,0,0,0,0,0,0,0,0,0,0,0,0,0,0,0,0,0,0,0,0,0,0,0,0,0,0,0,0,0,0,0,0,0,0,0,0,0,0,0,0,0,0,0,0,0,0,0,0,0,0,0,0
"ERI",0,0,0,0,0,0,0,0,0,0,0,0,0,0,0,0,0,0,0,0,0,0,0,0,0,0,0,0,0,0,0,0,0,0,0,0,0,0,0,0,0,0,0,0,0,0,0,0,0,0,0,0,0,0,0,0,0,0,0,0,0,0,0,0,0,0,0,0,0,0,0,0,0,0,0,0,0,0,0,0,0,0,0,0,0,0,0,0,0,0,0,0,0,0,0,0,0,0,0,0,0,0,0,0,0,0,0,0,0,0,0,0,0,0,0,0,0,0,0,0,0,0,0,0,0,0,0,0,0,0,0,0,0,0,0,0,0,0,0,0,0,0,0,0,0,0,0,0,0,0,0,0,0,0,0,0,0,0,0,0,0,0,0,0,0,0,0,0,0,0,0,0,0,0,0,0,0,0,0,0,0,0,0,0,0,0,0,0,0,0,0,0,0,0,0
"QAT",0,0,0,0,0,0,0,0,0,923605000,0,0,0,0,0,0,0,0,0,0,0,0,0,0,0,0,0,0,0,0,0,0,0,0,0,0,0,0,0,0,0,1845000,0,0,0,0,0,0,0,0,0,0,0,0,0,0,0,0,0,0,0,0,0,0,0,0,0,0,0,0,0,0,0,0,0,0,0,7350000,0,0,0,0,0,0,0,0,0,0,0,0,0,0,105815000,0,0,0,0,0,0,0,0,0,0,0,0,0,0,0,0,0,0,0,0,0,0,0,0,0,0,0,0,0,0,0,0,0,3690000,0,0,0,0,0,0,0,0,0,0,0,0,0,0,0,0,0,0,0,0,329725000,0,0,0,0,0,0,0,0,0,0,0,0,0,0,0,0,0,0,0,0,0,0,130375000,0,0,58805000,0,0,0,0,0,0,0,0,0,0,0,0,0,0,0,0,0,0,0,0,0
"ZWE",0,0,0,0,0,0,0,0,0,0,0,0,0,0,0,1306260000,0,0,0,0,0,0,0,0,0,0,0,0,0,0,0,49815000,0,0,38745000,0,0,0,0,0,0,0,0,0,0,0,0,0,0,0,0,0,0,0,0,0,0,0,0,0,0,0,0,0,0,0,0,0,0,0,0,0,0,0,0,0,0,0,0,0,0,0,0,0,0,0,0,0,44280000,0,0,0,0,0,0,0,0,0,0,0,0,0,749060000,0,0,0,0,0,35055000,0,0,0,68265000,0,0,0,0,0,0,0,0,0,0,0,0,0,0,0,0,0,0,0,0,0,0,0,0,0,0,0,0,0,0,0,0,0,0,0,0,0,0,0,0,0,0,1535040000,0,0,0,134685000,0,0,0,0,0,0,0,0,0,0,0,0,0,0,0,0,1845000,0,0,0,0,0,0,0,0,0,789660000,10497635000,0,0,0,0,0,0,0
"ROU",49815000,0,0,26324210000,0,0,0,53870000,0,0,0,0,0,0,0,0,0,0,0,0,0,5716755000,0,0,680785000,20295000,0,0,0,0,0,1820000,0,0,968880000,0,0,0,0,0,484440000,7380000,0,0,0,0,6122220000,0,0,0,0,0,0,95940000,0,595705000,65490000,47710000,388675000,17501035000,86715000,143130000,0,15047145000,0,0,16605000,0,113770000,0,0,0,11114260000,496305000,0,0,0,0,0,1820000,60945235000,32398955000,0,0,0,0,245385000,0,0,0,0,1845000,9225000,49815000,0,167895000,0,18350000,0,0,0,179590000,0,0,0,894760000,70010000,1618470000,0,0,0,49545000,433060000,10085675000,286260000,0,18937800000,0,0,83025000,0,0,0,0,97255000,0,0,24900000,3652200000,0,0,0,0,2523960000,18395050000,0,0,0,0,0,0,0,459405000,0,0,0,0,0,1475185000,0,0,73800000,2990705000,0,0,0,151358780000,0,0,0,16605000,339535000,0,0,0,0,0,150500000,0,0,0,0,121272490000,94095000,0,0,71955000,55350000,263695000,288095000,0,0,0,0,0,0,47710000,0,0,0,0,0,0,0,0
"RWA",0,0,0,0,0,0,0,0,0,0,0,0,0,0,0,0,0,0,0,0,0,0,0,0,0,0,0,0,0,0,0,0,0,0,23985000,0,0,0,0,0,0,0,0,0,0,0,0,0,0,0,0,0,0,0,0,0,0,0,0,0,0,0,0,0,0,0,0,0,0,0,0,0,0,0,0,0,0,0,0,0,0,0,0,0,0,0,0,0,0,0,0,0,0,0,0,0,0,0,0,0,0,0,0,0,0,0,0,0,0,0,0,0,0,0,0,0,0,0,0,0,0,0,0,0,0,0,0,0,0,0,0,0,0,0,0,0,0,0,0,0,0,0,0,0,0,0,0,0,0,0,0,0,0,0,0,0,0,0,0,0,0,0,0,0,0,0,0,0,0,0,0,0,0,0,0,0,0,0,0,0,0,0,0,0,0,0,18200000,0,0,0,0,0,0,0,0
"RUS",39973805000,8672325000,604378010000,2133874230000,0,0,38740000,201263115000,3047750000,0,0,0,0,0,0,0,8353340000,0,0,0,0,47515015000,0,0,0,6214565000,0,0,0,0,0,41860000,0,0,32488180000,0,0,3090000,184408080000,620591605000,1.1022e+10,235446620000,0,0,0,0,3780096770000,0,0,248738140000,0,0,73027430000,120084690000,0,0,1371897250000,0,0,140283420000,0,0,0,2010797725000,0,0,0,1845000,0,0,0,0,11743915000,0,0,0,85258510000,358237120000,240259560000,5.0267e+10,1390766320000,4147510295000,0,96535720000,0,0,152843410000,2984840000,1.52805e+11,0,2118155000,409959950000,0,138754030000,0,709860395000,0,0,2.28122e+11,125747120000,0,0,0,0,0,0,25744720000,0,0,3730780000,487418080000,1246568160000,0,202852645000,0,0,103257055000,0,0,0,0,0,0,0,6.68e+10,8996290000,0,0,7470000,0,0,211188200000,0,79202870000,65764600000,0,0,48924320000,0,0,750349545000,0,0,0,0,0,0,254738460000,0,0,0,0,0,0,0,47838820000,1268509820000,0,39746125000,0,56993760000,18899390000,862565020000,5836250000,0,0,0,0,0,0,0,365873620000,1580214120000,0,0,0,43164490000,2333115170000,11615855000,0,0,13345600000,0,72633510000,0,0,0,0,99345960000,0,0,0,0,0,0
"KNA",0,0,0,0,3670000,0,0,0,0,0,0,0,0,0,0,0,0,0,0,0,0,0,0,0,0,0,0,0,0,0,0,0,0,0,0,0,0,0,0,0,0,0,126615000,0,0,0,0,0,0,0,0,0,0,0,0,0,0,0,0,0,0,0,0,0,0,1835000,0,0,0,0,0,0,0,0,0,0,0,0,0,0,0,0,0,0,0,0,0,0,0,0,0,0,0,0,0,0,0,0,0,0,0,0,0,0,0,0,0,0,0,0,0,0,0,0,0,0,0,0,0,0,0,0,0,0,0,0,0,0,0,0,0,0,0,0,0,0,0,0,0,0,0,0,0,0,0,0,0,0,0,0,0,0,0,0,0,0,0,0,0,0,0,0,0,0,0,0,0,0,0,0,0,0,0,0,0,0,0,0,0,0,0,0,0,0,0,0,0,0,0,0,0,0,0,0,0
"LCA",0,0,0,0,0,0,0,0,0,0,62390000,49545000,0,0,0,0,7380000,0,0,0,0,0,0,0,0,0,0,0,0,0,0,0,0,0,0,0,0,0,0,0,0,0,165150000,0,0,0,0,0,0,0,0,0,0,0,0,0,0,0,0,0,0,0,0,0,0,109115000,0,0,0,0,0,0,0,0,0,0,0,0,0,0,0,0,0,0,0,0,0,0,0,0,0,0,0,0,0,0,0,0,0,0,0,0,0,0,0,0,0,0,0,0,0,0,0,0,0,0,0,0,0,0,0,0,0,0,0,0,0,0,0,0,0,0,0,0,0,0,0,0,0,0,0,0,0,22020000,0,108845000,0,0,0,0,0,0,0,0,0,0,0,0,0,0,0,0,0,0,0,0,0,0,0,1245000,0,0,0,0,0,0,0,0,0,0,0,0,0,0,0,0,0,0,0,0,0,0,0,0,0
"VCT",0,0,0,0,8109920000,0,0,0,0,0,1541590000,0,0,0,0,0,0,0,0,0,0,0,0,0,0,0,0,0,0,0,0,0,0,0,0,0,0,0,0,0,0,0,4076830000,0,0,0,0,0,0,0,0,0,0,0,0,0,0,0,0,0,0,0,0,0,0,2359290000,0,0,0,0,0,0,0,0,0,0,0,0,0,0,0,0,0,0,1820000,0,0,0,0,0,0,0,0,0,0,0,0,0,0,0,0,0,0,0,0,0,0,0,0,0,0,0,0,0,0,0,0,0,0,0,0,0,0,0,0,0,0,0,0,0,0,0,0,0,0,0,0,0,0,0,0,0,0,1836380000,16718110000,0,0,0,0,0,0,0,0,0,0,0,0,0,0,0,0,0,0,0,0,0,0,0,0,3655000,0,0,0,0,0,0,0,0,0,0,0,0,0,0,0,0,0,0,0,0,0,0,0,0,0
"STP",0,0,0,0,0,0,0,0,0,0,0,0,0,0,0,0,0,0,0,0,0,0,0,0,0,0,0,0,0,0,0,0,0,0,0,0,0,0,0,0,0,0,0,0,0,0,0,0,0,0,0,0,0,0,0,0,0,0,0,0,0,0,0,0,0,0,0,0,0,0,0,0,0,0,0,0,0,0,0,0,0,0,0,0,0,0,0,0,0,0,0,0,0,0,0,0,0,0,0,0,0,0,0,0,0,0,0,0,0,0,0,0,0,0,0,0,0,0,0,0,0,0,0,0,0,0,0,0,0,0,0,0,0,0,0,0,0,0,0,0,0,0,0,0,0,0,0,0,0,0,0,0,0,0,0,0,0,0,0,0,0,0,0,0,0,0,0,0,0,0,0,0,0,0,0,0,0,0,0,0,0,0,0,0,0,0,0,0,0,0,0,0,0,0,0
"SAU",0,0,0,0,0,0,0,0,0,0,0,0,0,0,0,0,0,0,0,0,0,0,0,0,0,0,0,0,0,0,0,0,0,0,0,0,0,0,0,0,0,0,0,0,0,0,0,0,0,0,0,0,0,0,0,0,0,0,0,0,0,0,0,0,0,0,0,0,0,0,0,0,0,0,0,0,0,0,0,0,0,0,0,0,0,0,0,0,0,0,0,0,0,0,0,0,0,0,0,0,0,0,0,0,0,0,0,0,0,0,0,0,0,0,0,0,0,0,0,0,0,0,0,0,0,0,0,0,0,0,0,0,0,0,0,0,0,0,0,0,0,0,0,0,0,0,0,0,0,0,0,0,0,0,0,0,0,0,0,0,0,0,0,0,0,0,0,0,0,0,0,0,0,0,0,0,0,0,0,0,0,0,0,0,0,0,0,0,0,0,0,0,0,0,0
"SEN",0,0,0,0,0,0,0,0,0,0,0,0,0,0,0,0,0,0,0,0,0,0,0,0,0,0,64495000,0,0,0,0,0,0,0,0,0,0,0,0,0,53505000,0,0,0,0,0,0,0,0,0,0,0,0,9225000,0,0,0,0,1489040000,0,0,0,0,0,0,0,0,0,0,0,0,0,0,0,0,0,0,0,0,0,0,0,0,0,0,0,0,0,0,0,0,0,0,0,0,0,0,0,0,0,0,0,0,0,0,1684605000,0,77490000,0,0,0,0,0,0,0,0,0,0,0,0,0,0,0,9225000,0,0,0,0,0,0,0,0,0,0,0,230285000,0,0,0,0,0,0,0,0,0,0,0,0,0,0,9225000,0,0,0,0,0,0,0,0,0,0,0,0,0,0,0,0,161830000,0,0,0,0,0,0,0,0,0,0,0,77380000,0,0,0,0,0,0,0,0,0,0,0,0,0,0,0
"SYC",0,0,0,0,0,0,0,0,0,0,0,0,0,0,0,0,0,0,0,0,0,0,0,0,0,0,0,0,0,0,0,0,0,0,0,0,0,0,0,0,0,0,0,0,0,0,0,0,0,0,0,0,0,0,0,0,0,0,0,0,0,0,0,0,0,0,0,0,0,0,0,0,0,0,0,0,0,0,0,0,0,0,0,0,0,0,0,0,0,0,0,0,0,0,0,0,0,0,0,0,0,0,0,0,0,0,0,0,0,0,0,0,0,0,0,0,0,0,0,0,0,0,0,0,0,0,0,0,0,0,0,0,0,0,0,0,0,0,0,0,0,0,0,0,0,0,0,0,0,0,0,0,0,5460000,0,0,0,0,0,0,0,0,0,0,0,0,0,0,0,0,0,0,0,0,0,0,0,0,0,0,0,0,0,0,0,0,0,0,0,0,0,0,0,0,0
"SLE",0,0,0,0,0,0,0,0,0,0,0,0,0,0,0,0,0,0,0,0,0,0,0,0,0,0,0,0,0,0,0,0,0,0,0,0,0,0,0,0,0,0,0,0,0,0,0,0,0,0,0,0,0,0,0,0,0,0,0,0,0,0,0,0,0,0,0,0,0,0,0,0,0,0,0,0,0,0,0,0,0,0,0,0,0,0,0,0,0,0,0,0,0,0,0,0,0,0,0,0,0,0,0,0,0,0,0,0,0,0,0,0,0,0,0,0,0,0,0,0,0,0,0,0,0,0,0,0,0,0,0,0,0,0,0,0,0,0,0,0,0,0,0,0,0,0,0,0,0,0,0,0,0,0,0,0,0,0,0,0,0,0,0,0,0,0,0,0,0,0,0,0,0,0,0,0,0,0,0,0,0,0,0,0,0,0,0,0,0,0,0,0,0,0,0
"SVN",0,0,0,0,0,0,16715000,100240000,0,0,0,0,0,0,0,0,0,0,0,0,0,1820000,0,0,0,346865000,0,0,0,0,0,0,0,0,0,0,0,0,0,0,0,0,0,0,18350000,0,0,0,0,0,0,0,0,3690000,0,0,0,0,0,290785000,12428825000,0,0,0,0,0,0,0,0,0,0,0,444550000,14744145000,0,0,0,0,11010000,0,7380000,807785000,0,0,0,14760000,0,0,0,0,0,0,18540000,0,0,0,0,0,0,0,0,0,0,0,0,0,0,0,0,0,0,0,0,0,0,0,71205000,0,0,840650000,0,0,0,0,0,0,0,0,474125000,0,0,0,0,0,0,0,0,0,0,0,0,0,1126015000,0,0,0,0,3690000,0,0,0,0,92250000,0,0,0,0,0,0,0,467290000,0,0,0,0,0,0,0,0,0,0,0,0,0,0,0,0,0,950880000,0,0,0,0,0,0,0,0,0,0,0,0,0,0,0,0
"SVK",0,0,0,0,0,0,29520000,21025085000,0,0,0,0,0,0,0,0,0,0,0,0,0,27675000,0,0,0,0,0,0,0,0,0,0,0,0,0,0,0,0,0,0,0,0,0,0,403400000,0,0,0,0,369085000,0,0,0,445890000,0,0,0,1845000,0,23350185000,113240000,0,0,0,0,0,0,0,0,0,0,0,16451505000,505530000,0,0,0,0,0,0,0,20295000,0,0,0,0,1845000,0,0,0,0,0,0,1961655000,0,0,0,0,40370000,1447915000,0,0,0,0,0,0,0,0,0,0,0,0,0,1359640000,0,1845000,8208555000,0,0,0,0,0,0,0,0,0,0,0,90051075000,0,0,0,0,46995770000,0,0,0,0,0,0,110700000,0,132740000,0,0,0,0,0,0,0,0,147150000,0,0,0,0,0,0,0,0,0,4294095000,0,0,0,0,0,0,0,0,0,0,0,7380000,0,0,1641610000,2262510000,16605000,0,0,0,0,0,0,0,0,0,15583690000,0,0,0,0,0,0
"SGP",0,0,0,0,0,0,4510240000,0,0,653110000,0,99405000,0,0,0,0,0,0,0,66420000,12332500000,0,14122540000,0,0,3007090000,0,0,624730000,0,0,1402710000,0,53505000,0,1835000,0,0,230830000,0,0,267525000,0,0,0,0,0,0,0,0,0,14750000,0,2398405000,656720000,1845000,0,0,0,560780000,0,1845000,1835000,376370000,0,0,0,0,0,0,0,6229775000,7280000,0,0,496170000,0,0,0,424350000,75635000,101475000,3515000,0,0,8990835000,107010000,0,7340000,793925000,11020000,684495000,667890000,0,0,158670000,0,3690000,89360000,0,0,335280000,0,48297780000,10638530000,0,14760000,0,894425000,0,1845000,0,0,0,0,7295000,6341345000,0,186335000,0,114360000,168560000,0,0,16605000,232470000,12915000,0,0,229295000,0,0,2601055000,5525000,34985000,0,47910000,0,169740000,0,0,0,22140000,0,0,0,0,713740000,0,2522135000,0,0,0,0,0,309910000,208485000,0,0,0,324690000,190015000,0,0,25140840000,0,60797930000,0,0,0,127305000,0,11070000,494460000,0,0,7964845000,0,12299140000,3690000,0,0,0,2975630000,0,0,0,0,243540000,0,0,0,0,0,0
"SOM",0,0,0,0,0,0,0,0,0,0,0,0,0,0,0,0,0,0,0,0,0,0,0,0,0,0,0,0,0,0,0,0,0,0,0,0,0,0,0,0,0,0,0,0,0,0,0,0,0,0,0,0,0,0,0,0,0,0,0,0,0,0,0,0,0,0,0,0,0,0,0,0,0,0,0,0,0,0,0,0,0,0,0,0,0,0,0,0,0,0,0,0,0,0,0,0,0,0,0,0,0,0,0,0,0,0,0,0,0,0,0,0,0,0,0,0,0,0,0,0,0,0,0,0,0,0,0,0,0,0,0,0,0,0,0,0,0,0,0,0,0,0,0,0,0,0,0,0,0,0,0,0,0,0,0,0,0,0,0,0,0,0,0,0,0,0,0,0,0,0,0,0,0,0,0,0,0,0,0,0,0,0,0,0,0,0,0,0,0,0,0,0,0,0,0
"ZAF",0,0,0,0,0,0,270860000,0,0,14760000,0,0,0,0,0,0,0,0,0,0,0,0,0,0,3690000,133620000,0,0,0,3690000,0,9225000,0,44975000,1027750000,0,0,0,14940000,0,79125000,44180000,0,0,0,0,3690000,0,3665000,0,0,0,0,335790000,0,0,0,7380000,0,22140000,0,119215000,0,1845000,0,0,0,3690000,0,0,0,235650000,0,0,0,1845000,0,0,0,3090000,72690000,0,5535000,0,0,1845000,0,0,944350000,0,0,0,9225000,0,0,0,0,51640000,5535000,0,0,57750000,168255755000,31905000,3690000,1556125000,0,0,1011910000,0,0,0,28692920000,0,0,11070000,4935000,0,0,0,0,163820000,0,0,427985000,0,27675000,0,0,0,0,0,22140000,0,3690000,0,0,0,7380000,71419630000,0,29520000,0,0,0,0,0,12315000,1245000,391515000,9225000,0,0,0,0,0,0,0,0,0,0,0,0,0,136940000,749410000,0,0,0,0,0,0,0,511135000,574625000,0,719450000,0,1529130000,0,0,0,0,0,25805000,0,82920940000,270915310000,0,0,0,0,0,0,0
"ESP",0,7380000,4066055000,915870010000,0,117410000,332640000,1886175000,0,97785000,0,0,0,0,3690000,0,50605000,0,0,0,0,369810000,0,0,2381005000,6376260000,475740000,0,0,0,2645490000,138375000,829955000,0,283245000,0,531360000,38094580000,376380000,0,1207730000,2933060000,0,2127155000,0,395365000,11761550000,23955000,7320795000,38535000,0,0,3184300000,992981565000,42435000,833600000,23985000,1620365000,133955000,230702760000,141025000,95700000,0,14987420000,0,0,40635000,119400000,5505000,121770000,114250000,562245000,176875000,688515000,173430000,7380000,7380000,0,0,16633755000,2199495000,856548425000,8176265000,0,0,948490000,503925000,0,9225000,0,0,171535000,262815000,356875000,0,4324500000,0,1820000,305420530000,407650000,0,0,1845000,22140000,18450000,1409100000,490395000,30928905000,84870000,1949570000,0,47533240000,0,0,0,0,76736645000,0,0,0,0,18350000,23685000,71565000,754305000,8664790000,24900000,757945000,1713030000,0,0,32655000,94075000,3126750000,578682365000,27675000,0,0,42205000,1423240000,114225000,0,1099915000,188030000,0,0,0,12797520000,18009995000,0,745870000,703635000,962435000,43725000,0,80080000,0,0,0,0,28299615000,8514270000,52855000,0,53040000,0,152305000,616560000,0,59040000,11070000,494583390000,26592750000,1475515000,0,0,99366600000,120015000,28212315000,1510620000,202845000,0,60182640000,11070000,86215000,105165000,176160000,0,127408950000,6472815000,0,0,0,0,0
"SUR",0,0,0,0,0,0,0,0,0,0,0,0,0,0,0,0,0,0,0,0,0,0,0,0,0,0,0,0,0,0,0,0,0,0,0,0,0,0,0,0,0,0,0,0,0,0,0,0,0,0,0,0,0,0,0,0,0,0,0,0,0,0,0,0,0,0,0,0,0,0,0,0,0,0,0,0,0,0,0,0,0,0,0,0,0,0,0,0,0,0,0,0,0,0,0,0,0,0,0,0,0,0,0,0,0,0,0,0,0,0,0,0,0,0,0,0,0,0,0,0,0,0,0,0,0,0,0,0,0,0,0,0,0,0,0,0,0,0,0,0,0,0,0,0,0,0,0,0,0,0,0,0,0,0,0,0,0,0,0,0,0,0,0,0,0,0,0,0,0,0,0,0,0,0,0,0,0,0,0,0,0,0,0,0,0,0,0,0,0,0,0,0,0,0,0
"TJK",0,0,0,0,0,0,0,0,0,0,0,0,0,0,0,0,0,0,0,0,0,0,0,0,0,0,0,0,0,0,0,0,0,0,0,0,0,0,0,0,0,0,0,0,0,0,0,0,0,0,0,0,0,0,0,0,0,0,0,0,0,0,0,0,0,0,0,0,0,0,0,0,0,0,0,0,0,0,0,0,0,0,0,0,0,0,0,0,0,0,0,0,0,0,0,0,0,0,0,0,0,0,0,0,0,0,0,0,0,0,0,0,0,0,0,0,0,0,0,0,0,0,0,0,0,0,0,0,0,0,0,0,0,0,0,0,0,0,0,0,0,0,0,0,0,0,0,0,0,0,0,0,0,0,0,0,0,0,0,0,0,0,0,0,0,0,0,0,0,0,0,0,0,0,0,0,0,0,0,0,0,0,0,0,0,0,0,0,0,0,0,0,0,0,0
"SWZ",0,0,0,0,0,0,0,0,0,0,0,0,0,0,0,0,0,0,0,0,0,0,0,0,0,0,0,0,0,0,0,0,0,0,0,0,0,0,0,0,0,0,0,0,0,0,0,0,0,0,0,0,0,0,0,0,0,0,0,0,0,0,0,0,0,0,0,0,0,0,0,0,0,0,0,0,0,0,0,0,0,0,0,0,0,0,0,0,0,0,0,0,0,0,0,0,0,0,0,0,0,0,0,0,0,0,0,0,0,0,0,0,1261610000,0,0,0,0,0,0,0,0,0,0,0,0,0,0,0,0,0,0,0,0,0,0,0,0,0,0,0,0,0,0,0,0,0,0,0,0,0,0,0,0,0,0,12363285000,0,0,0,0,0,0,0,0,0,0,0,0,0,0,0,0,0,0,0,0,0,0,0,0,0,0,0,0,0,0,0,0,0,0,0,0,0,0,0
"SWE",0,0,0,68849090000,0,0,248100000,3080295000,0,0,0,17117500000,0,0,0,0,30563065000,0,0,0,0,0,0,0,1.8704e+10,1976970000,0,0,0,0,0,83715000,0,0,0,0,0,0,24765000,0,0,258976915000,0,0,0,0,3.841e+10,0,0,763805000,1563935000,0,89153900000,23816910000,0,0,0,0,0,331181220000,14760000,0,0,18058845000,0,0,0,0,0,0,0,43725000,288985000,47310000,1661745000,0,0,0,0,22331050000,147915000,318743835000,0,0,0,307560000,0,1670000,0,0,0,5580000,0,798915000,0,22140000,0,0,0,1135615000,0,0,0,70800000,0,0,0,0,0,0,0,81780295000,0,0,0,0,57395655000,0,0,0,0,7380000,0,0,0,133335275000,0,0,356795000,0,0,0,16515000,1119255000,256455000,0,0,48920980000,0,0,55421785000,0,736305000,0,0,0,0,18450000,0,0,0,1845000,97785000,140400000,0,0,232095715000,0,0,0,0,1933055000,0,0,9225000,5168650000,1845000,6.68e+09,0,0,0,40375590000,1245000,41776010000,0,0,38778335000,12315000,5967985000,0,0,0,0,0,122855220000,0,0,0,13674125000,23985000,0,0,0,0,0
"CHE",0,0,0,0,0,3340000,8625000,30005880000,0,11070000,0,0,0,0,0,0,0,0,0,0,0,0,0,0,0,171515000,0,0,0,0,0,1845000,0,0,0,0,0,0,0,0,0,79420000,0,0,9175000,0,1845000,0,0,0,0,0,14760000,23376565000,8715000,0,22020000,0,1845000,61525135000,0,0,0,0,0,0,0,0,0,0,0,94060000,3690000,0,0,1835000,0,0,0,31205000,12915000,850545000,0,0,0,1131040000,5535000,0,0,0,0,7380000,25820000,27525000,0,12865000,0,0,1245000,0,0,0,0,14710000,0,3690000,12985000,0,3690000,9225000,0,0,0,0,0,0,665665000,0,0,0,0,1845000,0,0,0,483320000,0,0,248800000,0,0,0,14700000,26720000,191025000,0,0,0,7380000,0,42095000,0,12915000,0,0,0,0,85225000,0,0,0,0,0,83025000,0,51045000,381520000,0,0,0,759400000,0,0,0,12315000,0,14940000,0,0,0,0,2490000,214715000,124195000,0,0,6144035000,27535000,2001400000,0,0,0,0,1845000,0,0,0,0,1218680000,222280000,0,0,0,0,0
"SYR",0,0,0,869847890000,0,0,0,0,0,0,0,0,0,0,0,0,0,0,0,0,0,0,0,0,0,201105000,0,0,0,0,0,0,0,0,0,0,0,0,0,0,0,0,0,0,0,0,43002500000,0,0,0,0,0,0,0,0,0,0,0,0,278595000,0,0,0,0,0,0,0,0,0,0,0,0,0,0,0,0,0,0,0,0,0,0,0,0,0,0,104580000,0,0,0,0,1.32097e+11,0,0,0,393645000,0,0,0,0,0,0,0,0,0,0,0,0,0,0,0,250920000,0,0,0,0,0,0,0,0,0,0,0,0,0,0,0,0,0,0,0,0,0,0,0,0,0,0,0,0,14760000,0,0,0,0,0,0,2059020000,0,0,0,0,0,0,0,0,0,0,0,0,0,0,0,0,0,0,0,0,0,0,0,0,0,0,0,0,62730000,0,0,0,0,0,0,0,0,0,0,0,0,0,0,0,0,0,0
"TKM",0,0,0,0,0,0,0,0,0,0,0,0,0,0,0,0,0,0,0,0,0,0,0,0,0,0,0,0,0,0,0,0,0,0,0,0,0,0,0,0,0,0,0,0,0,0,0,0,0,0,0,0,0,0,0,0,0,0,0,0,0,0,0,0,0,0,0,0,0,0,0,0,0,0,0,0,0,0,0,0,0,0,0,0,0,0,0,0,0,0,0,0,0,0,0,0,0,0,0,0,0,0,0,0,0,0,0,0,0,0,0,0,0,0,0,0,0,0,0,0,0,0,0,0,0,0,0,0,0,0,0,0,0,0,0,0,0,0,0,0,0,0,0,0,0,0,0,0,0,0,0,0,0,0,0,0,0,0,0,0,0,0,0,0,0,0,0,0,0,0,0,0,0,0,0,0,0,0,0,0,0,0,0,0,0,0,0,0,0,0,0,0,0,0,0
"TWN",0,0,0,0,0,3665000,954910000,4925000,0,0,0,0,0,0,0,0,14760000,0,0,0,23985000,0,0,0,0,1678240000,0,0,0,0,1845000,503685000,0,0,0,0,29480000,0,0,0,29520000,0,0,0,0,0,0,0,0,0,0,1845000,0,179340000,0,0,0,0,0,23945000,0,0,0,0,0,0,0,0,0,0,0,21165140000,5505000,0,0,0,522835000,0,0,0,34875000,85815000,0,0,0,8885030000,0,0,0,11070000,0,1618010000,5535000,0,0,0,0,1845000,0,0,57165000,0,0,480135000,0,0,0,33210000,42435000,0,0,0,0,0,0,0,506890000,0,0,0,0,297260000,1845000,0,164195000,12315000,0,4935000,0,0,5535000,0,516165000,0,0,0,0,0,0,0,0,0,0,0,0,0,0,16350000,0,0,0,0,0,975225000,0,92275000,86420000,0,0,0,8005000,0,0,0,0,0,1052235000,0,0,0,0,0,0,0,0,0,216660000,0,13967680000,0,5535000,0,0,527665000,0,0,0,0,0,0,0,0,0,0,0
"TZA",0,0,0,0,416970000,0,3269920000,0,0,0,0,0,0,0,0,0,0,0,0,0,0,0,0,8587120000,0,0,0,0,0,0,0,12890000,0,5535000,20245000,0,0,0,0,0,0,0,0,0,0,0,183700000,0,0,0,0,0,0,0,0,0,0,0,0,0,0,0,0,0,0,0,0,0,0,0,0,5460000,0,0,0,0,0,0,0,0,0,113950000,0,0,0,3.34e+08,0,0,3781750000,0,0,0,0,0,0,0,0,0,0,0,0,1245000,3971640000,0,0,0,0,0,0,0,0,0,9225000,0,0,0,0,0,0,0,0,0,0,0,0,0,0,0,0,0,0,0,0,0,0,0,0,0,0,0,0,30990715000,0,0,0,0,0,0,0,0,0,0,0,0,25830000,29385000,0,66800000,0,0,0,1820000,0,0,0,0,0,0,0,0,1820000,0,0,350700000,208158535000,0,3640000,0,1845000,0,0,0,0,0,163185000,0,31314225000,1496635000,402210000,0,0,0,0,0,0
"THA",0,1835000,23660000,0,0,1835000,17018285000,23855000,0,240950000,0,149155000,0,33210000,0,0,14700000,0,1835000,1845000,1073155000,0,4224095000,0,7380000,11833980000,0,0,356670000,0,36700000,1393200000,9175000,0,0,0,0,0,130385000,0,0,565470000,0,0,0,0,38575000,0,0,11010000,0,14720000,134105000,5788570000,5505000,0,0,0,0,2693520000,0,40590000,0,75255000,0,0,0,0,0,1835000,0,17281785000,58720000,0,144965000,213715000,3484570000,0,0,106530000,1871745000,1716675000,0,0,18450000,51941650000,49575000,0,0,19364540000,613140000,1762950000,264570000,0,18187885000,73640000,0,0,53275000,0,0,5505000,0,52604265000,138265000,0,138145000,0,68165000,18200000,0,3690000,0,0,0,245305000,14701325000,0,78915000,0,1845000,6475750000,0,0,25720000,776300000,44250000,11010000,341320000,1835000,0,0,386270000,251270000,108535000,0,0,0,301060000,0,0,0,11070000,0,0,0,0,2685780000,3670000,16515000,0,44040000,73400000,10857415000,0,476745000,497845000,45560000,0,58750000,1485945000,919750000,0,0,3845950000,7380000,0,0,0,3670000,23915000,0,27525000,1856810000,0,0,10413250000,3670000,53823185000,0,0,0,1835000,5327745000,0,5525000,0,0,207425000,0,0,0,0,0,0
"TGO",0,0,0,0,0,0,0,0,0,0,0,0,0,0,0,0,0,0,0,0,0,0,0,0,0,1492010000,0,0,0,0,0,0,0,0,0,0,0,0,0,0,74861990000,0,0,0,0,0,0,0,0,0,0,0,0,83500000,0,0,0,0,0,271180000,0,8208200000,0,0,0,0,0,0,0,0,0,0,0,0,0,0,0,0,0,0,0,33030000,5535000,0,0,214760000,45500000,0,0,0,0,0,0,0,0,0,0,0,0,0,0,0,0,0,0,1481480000,0,0,0,0,0,456820000,0,0,0,0,0,0,0,0,0,0,0,12841920000,1328600000,0,0,0,0,0,0,0,0,0,0,0,0,0,0,0,0,0,0,0,0,0,0,0,0,0,0,0,0,0,0,0,0,0,0,0,0,0,0,0,0,0,0,0,0,0,0,0,0,0,160160000,0,0,0,1355900000,37918640000,0,0,0,0,0,0,0,0,0,0,0,0,0,0,0
"TON",0,0,0,0,0,0,0,0,0,0,0,0,0,0,0,0,0,0,0,0,0,0,0,0,0,0,0,0,0,0,0,0,0,0,0,0,0,0,0,0,0,0,0,0,0,0,0,0,0,0,0,0,0,0,0,0,0,0,0,0,0,0,0,0,0,0,0,0,0,0,0,0,0,0,0,0,0,0,0,0,0,0,0,0,0,0,0,0,0,0,0,0,0,0,0,0,0,0,0,0,0,0,0,0,0,0,0,0,0,0,0,0,0,0,0,0,0,0,0,0,0,0,0,0,0,0,0,0,0,0,0,0,0,0,0,0,0,0,0,0,0,0,0,0,0,0,0,0,0,0,0,0,0,0,0,0,0,0,0,0,0,0,0,0,0,0,0,0,0,0,0,0,0,0,0,0,0,0,0,0,0,0,0,0,0,0,0,0,0,0,0,0,0,0,0
"TTO",0,0,0,0,1260990000,0,0,0,0,0,11946255000,0,0,0,0,0,0,0,302580000,0,0,0,0,0,0,180770000,0,0,0,0,0,0,0,0,0,0,0,73800000,0,0,0,0,136530000,2379800000,0,0,0,0,0,0,18450000,0,0,0,0,0,0,0,0,0,0,0,0,0,0,3825340000,0,0,8680080000,0,0,0,0,0,0,0,0,0,0,0,0,0,0,0,21093785000,0,0,0,0,0,0,0,0,0,0,0,0,0,0,0,0,0,0,0,0,0,0,0,0,0,0,0,0,0,0,0,0,0,0,0,0,0,0,0,0,0,0,0,0,0,0,0,0,0,0,0,0,0,0,0,0,0,0,373895000,5028730000,2718960000,0,0,0,0,0,0,0,76440000,0,0,0,7861815000,0,0,0,0,0,0,0,0,0,0,0,0,0,0,0,0,0,0,1845000,0,1055075000,0,0,0,114735000,0,0,0,0,0,0,0,0,0,0,0,0
"OMN",0,0,0,62730000,0,0,1691865000,0,0,7505760000,0,0,0,0,0,0,0,0,0,0,66420000,6680000,0,11070000,134685000,284130000,0,0,125460000,0,0,33615000,0,3690000,9225000,0,0,0,0,0,0,0,0,0,0,0,1155385000,0,0,0,0,0,0,0,0,12614480000,0,0,0,285975000,0,293355000,0,0,0,0,0,62730000,0,0,0,33210000,0,0,0,739480000,875620000,33565000,249465000,0,0,0,0,0,0,695565000,110700000,0,9678165000,0,0,272505000,1078820000,0,0,129150000,0,0,337635000,0,0,16605000,0,267990000,18450000,0,0,1772880000,46125000,0,0,130995000,16605000,0,0,44280000,0,0,0,0,0,627300000,0,0,121770000,0,42435000,0,0,0,0,0,0,0,0,0,0,1.456e+09,9062570000,0,0,23985000,0,0,0,0,0,59868550000,7380000,0,151290000,0,25830000,843570000,122717140000,7078625000,11070000,11070000,0,0,0,14760000,1570735000,0,129150000,23382310000,5535000,0,0,0,0,46125000,0,63467400000,0,0,68145000,0,1554345000,0,0,0,0,0,1449920000,216457750000,0,51660000,0,0,0,0,0,0,0
"TUN",0,84410000,0,842975000,0,0,7350000,0,0,88560000,0,0,0,0,0,0,0,0,0,0,0,0,0,0,2135540000,113850000,0,0,0,1430670000,0,0,0,5535000,1163390000,0,0,0,0,0,9486050000,0,0,0,0,0,0,0,49545000,0,0,0,0,757395000,0,391025000,0,550560000,236805000,12915000,0,2750020000,0,0,0,0,0,27525000,0,0,0,1845000,0,0,0,0,0,0,0,0,0,487080000,38872555000,0,0,0,324985000,0,0,0,0,0,142065000,0,0,139990000,0,163800000,171330935000,0,0,275250000,0,0,0,2858110000,0,504340000,0,0,0,110100000,0,0,0,0,0,0,0,0,0,0,0,67347055000,412875000,3670000,0,0,0,0,0,0,0,0,1845000,0,0,0,77490000,0,0,111935000,0,0,0,0,0,138175000,7993135000,0,56885000,0,0,0,0,56885000,5535000,0,0,0,1845000,75570000,0,0,0,0,0,596375000,0,0,16605000,0,0,282145000,0,0,1845000,0,27555000,8851940000,0,0,0,0,0,0,0,0,481545000,0,0,0,0,0,0
"TUR",0,1741305000,82103980000,49361615000,0,0,1947540000,477160000,66420000,861870000,103320000,0,0,0,0,0,1008280000,0,40370000,0,5535000,12362540000,0,7380000,7886920000,2512460000,439275000,84870000,2402400000,500665000,0,1134675000,446490000,612085000,2924165000,0,142065000,1614515000,19019890000,0,1721075000,11174735000,51660000,512910000,0,44280000,13228985000,158670000,154380000,551655000,0,0,302380000,2197975000,44280000,6275710000,0,1017360000,19523990000,56135620000,1999390000,21377790000,0,1052155000,0,0,125460000,5556485000,449560000,10417455000,2966970000,539005000,422590000,61171870000,31365000,231960000,80528840000,2193560000,108009835000,68265000,206784090000,23388670000,4588105000,0,415700000,5370740000,45632070000,413010000,2015310000,7380000,81180000,3300325000,4956765000,193725000,44280000,41548380000,0,6206895000,215204120000,1279230000,0,32828730000,11213020000,1494750000,320600000,1722915000,1258205000,1666035000,461915000,3060855000,31365000,9085330000,500935000,8393440000,296815000,16605000,8818080000,0,0,123686285000,0,109690000,0,903490000,941860000,983315000,130865000,1456225000,8125840000,0,11070000,0,3466555000,60635000,162360000,0,0,164056620000,973570000,1845000,4927035000,40370000,0,0,0,18450000,257800000,80675555000,18907450000,0,12226850000,5583830000,9731345000,1648600000,3141200000,16289330000,191880000,511455000,0,0,1916650000,546945000,12497765000,4332275000,620425000,251295000,1605385000,518850000,0,2856005000,451470000,1965570000,0,56143485000,89915000,0,6100045000,1086930000,22967685000,649815000,0,0,38374980000,0,101020000,34237240000,0,0,0,1845000,0,0,0,0,0
"ARE",64575000,1018725000,44280000,743355000,0,0,2675040000,103320000,0,31986380000,20295000,2317985000,0,0,0,0,0,0,0,0,680160000,0,6036940000,0,290590000,639575000,0,0,24059550000,0,184500000,163680000,12885000,351580000,896940000,0,0,0,47940000,3662740000,1258290000,208485000,0,0,0,101475000,431660000,0,258300000,0,0,357930000,0,142065000,0,21545055000,1245000,586710000,44280000,333945000,0,6374760000,0,0,0,0,40590000,217680000,36900000,0,0,411315000,0,0,0,2072215000,147435010000,12871665000,90039765000,140220000,0,1263495000,11070000,20295000,0,2471445000,716360000,0,5436625000,0,0,717705000,21473745000,46125000,0,881750000,0,251840000,15905100000,1245000,0,532855000,3835165000,6603810000,3369605000,1403780000,29510000,1027665000,2501630000,25830000,0,81180000,5518320000,7380000,845010000,3680000,64535000,0,0,0,0,1226770000,0,0,727290000,0,5162410000,0,88560000,38745000,0,0,473560000,0,227950000,0,0,2409465000,88210920000,0,0,11040000,40590000,0,0,0,0,30449180000,27675000,283545000,268850000,0,18450000,3270535000,153091880000,15121110000,90405000,129150000,124290000,49815000,677115000,0,57195000,913975000,704790000,5593490000,1079635000,188155000,0,14760000,3208910000,219555000,47970000,0,396350000,0,705120000,0,4761505000,0,0,0,0,1845000,6259590000,269924280000,1835000,142065000,11511320000,0,0,0,0,0,0
"UGA",0,0,0,0,0,0,0,0,0,0,0,0,0,0,0,0,9.1e+07,0,0,0,0,0,0,1078740000,0,0,0,0,0,0,0,0,0,0,455715000,0,0,0,0,0,0,0,0,0,0,0,0,0,0,0,0,0,0,51660000,0,0,0,0,0,0,0,0,0,0,0,0,0,0,0,0,0,33210000,0,0,0,0,0,0,0,0,0,0,0,0,0,0,0,0,391615000,0,0,0,0,0,0,0,0,0,0,0,0,0,0,0,0,0,0,0,0,0,0,0,0,0,0,0,0,0,0,0,0,0,0,0,0,0,0,0,0,0,0,0,0,0,0,0,0,0,0,0,0,4515315000,0,0,0,0,0,0,0,0,0,0,0,0,0,0,0,0,0,0,0,0,0,0,0,0,0,0,0,0,156520000,0,0,0,0,0,37040000,0,0,0,0,0,0,0,0,0,936485000,0,0,0,0,0,0,0,0
"TUV",0,0,0,0,0,0,0,0,0,0,0,0,0,0,0,0,0,0,0,0,0,0,0,0,0,0,0,0,0,0,0,0,0,0,0,0,0,0,0,0,0,0,0,0,0,0,0,0,0,0,0,0,0,0,0,0,0,0,0,0,0,0,0,0,0,0,0,0,0,0,0,0,0,0,0,0,0,0,0,0,0,0,0,0,0,0,0,0,0,0,0,0,0,0,0,0,0,0,0,0,0,0,0,0,0,0,0,0,0,0,0,0,0,0,0,0,0,0,0,0,0,0,0,0,0,0,0,0,0,0,0,0,0,0,0,0,0,0,0,0,0,0,0,0,0,0,0,0,0,0,0,0,0,0,0,0,0,0,0,0,0,0,0,0,0,0,0,0,0,0,0,0,0,0,0,0,0,0,0,0,0,0,0,0,0,0,0,0,0,0,0,0,0,0,0
"GBR",1845000,86340000,0,140220000,164205000,16605000,359600605000,3943065000,2642685000,4374805000,228645000,3690000,0,0,16605000,0,582600000,0,144545000,0,148890000,301440000,0,0,1245000,21050060000,3306600000,0,217830000,267525000,120105000,540135000,62130000,0,0,0,46125000,83474950000,4864525000,9225000,1798875000,52752945000,22140000,116235000,0,29520000,789660000,0,0,31345000,7299240000,0,23678365000,654150390000,0,0,0,11070000,107100000,405789575000,81105000,3472730000,0,111745530000,0,49815000,11070000,1845000,16605000,0,24030000,8101760000,895155000,244185000,6900580000,912350000,112680000,11070000,18450000,1695422240000,1122890000,1020895625000,189060000,27675000,244185000,3474440000,1286190000,0,739525000,0,1845000,75906450000,9685460000,31365000,0,3497010000,0,75225000,512910000,279485000,0,7380000,5535000,14894290000,5535000,23380000,4484050000,43729125000,425775000,369915000,0,76079465000,0,0,11070000,221400000,1373915195000,0,1845000,64710000,0,855380000,0,73800000,194680255000,37820330000,205190000,199260000,4094945000,0,0,23985000,14750810000,7327845000,608359070000,11070000,0,26065605000,887390000,0,1845000,0,4105645000,22140000,136455000,35055000,0,9406030000,14760000,11070000,231900000,97785000,289140000,3864040000,0,80396545000,2885686195000,337725000,0,0,34602265000,7045585000,5535000,0,1816760000,44280000,1036240000,0,0,1006035000,1318980000,32175000,717420000,11569060000,55350000,0,0,164465000,227404245000,0,3690000,0,66420000,11033070000,50111805000,280425000,10470000,35070000,232793545000,14760000,0,0,0,0,0
"UKR",20199165000,0,12742100000,655054485000,0,0,0,0,0,0,0,0,0,0,0,0,199506550000,0,0,0,0,0,0,0,0,304267240000,2.672e+09,0,0,0,0,0,0,0,0,0,0,37284420000,0,5972190000,0,1820000,0,0,210850245000,0,766272280000,41644790000,0,113897245000,0,0,0,57152760000,0,0,17005955000,0,0,60006720000,0,0,0,167488690000,0,0,0,0,0,0,0,0,592844990000,0,0,0,349621180000,0,0,1.837e+10,1072394745000,858891020000,0,41346450000,0,16123850000,45667820000,2223375000,106933440000,0,3087830000,663325670000,0,1252615000,0,44934690000,0,0,20320560000,6412330000,0,0,0,25175250000,0,0,0,246626350000,0,4527370000,1461240000,733452310000,0,23282370000,0,0,0,0,0,0,0,0,0,0,80305290000,0,0,0,0,0,0,389950010000,66800000,0,570418560000,0,0,45651120000,0,0,9530690000,0,87140580000,0,0,0,0,0,0,0,0,0,0,0,0,169535060000,4639193200000,0,0,0,0,84054440000,0,1165695000,0,0,0,0,0,0,0,890868180000,29749555000,0,0,0,29402195000,0,47183445000,0,0,1072365000,0,0,0,0,0,0,585447065000,28655530000,0,0,0,0,0
"USA",22689390000,1245000,52260155000,828505715000,586785000,13441175000,10739950000,0,15861745000,1020225000,81148145000,352632230000,0,1508010000,248712210000,1845000,1906268255000,0,67550275000,0,123660000,58387080000,0,0,17233425000,986675785000,1.837e+09,2.3881e+10,409376295000,19430320000,707763350000,691662615000,2460066330000,0,57379530000,0,626705125000,703454650000,191164900000,34500500000,3690000,277575000,46105000,876232810000,0,491821195000,8117264800000,741400265000,356820000,0,0,0,240725000,3693745000,1126935000,505017080000,73111385000,11621530000,112545000,76903130000,70025160000,337665505000,0,27902570000,0,45799405000,933910505000,0,132213245000,521525785000,627581225000,8931545000,252765000,0,18346930000,48198290000,770924225000,0,116700960000,269925000,1621210835000,2361060925000,33984500000,5481915000,553333850000,10273262850000,726759170000,12190360000,221851445000,47460000,1.49131e+11,4301501900000,1555400000,33312085000,0,153487995000,0,4526965000,2.19605e+11,2490000,0,31425460000,0,483790430000,0,0,78309990000,20008180000,73800000,8834020380000,0,510204915000,527766060000,31842720000,54138545000,11070000,336067360000,0,142065000,0,0,2633955000,320574345000,12301380000,6150239530000,19240780000,269735700000,358406305000,11070000,0,5505000,1898331720000,4828036835000,6225000,248439445000,0,0,317774190000,339465000,27489280000,243516060000,8620190000,73426305000,409925000,842975000,79330250000,1845000,11689695000,22991780000,0,50892535000,130465000,0,157326655000,0,664196615000,1053700495000,33849575000,92167680000,0,3364580000,16410330000,49815000,0,3020368045000,4570305000,1.196703e+12,6.68e+09,47900000,411282920000,98835000,186087235000,997885000,19349410000,47234850000,0,281871625000,4804800000,0,6570200000,44214720000,71818060000,2112097350000,80641020000,1211807480000,1684658535000,83813515000,7942480000,502177760000,9225000,0,0,0,0,0
"BFA",0,0,0,0,0,0,0,0,0,0,0,0,0,0,0,0,0,0,0,0,0,0,0,0,0,0,0,0,0,0,0,0,0,0,0,0,0,0,0,0,36700000,0,0,0,0,0,0,0,0,0,0,0,0,0,0,0,0,0,0,0,0,27675000,0,0,0,0,0,0,0,0,0,0,0,0,0,0,0,0,0,0,0,0,0,0,0,0,0,0,0,0,0,0,0,0,0,0,0,0,0,0,0,0,0,0,0,9225000,0,0,0,0,0,0,0,0,0,0,0,0,0,0,0,0,0,0,0,0,0,0,0,0,0,0,0,0,0,0,0,0,0,0,0,0,0,0,0,0,0,0,0,0,0,0,0,0,0,0,0,0,0,0,0,0,0,0,0,0,0,0,0,0,0,0,0,0,0,0,0,0,0,0,0,0,0,0,0,0,0,0,0,0,0,0,0,0,0
"URY",0,0,0,0,0,2687345000,3690000,0,0,0,0,0,0,0,0,0,33855945000,0,0,0,0,0,0,0,0,56895000,0,0,0,0,160515000,0,0,0,0,0,0,0,0,0,0,0,0,5535000,0,0,0,9225000,0,0,0,0,0,0,0,0,0,0,0,31730000,0,0,0,0,0,0,0,0,0,0,0,0,0,0,0,0,0,0,0,0,186345000,0,0,0,0,0,0,0,0,0,0,0,0,0,0,0,0,0,0,0,0,0,0,0,0,0,0,0,0,5535000,0,0,0,0,0,0,0,0,0,0,0,0,0,0,0,0,0,3090000,0,0,1250715000,0,0,0,0,0,0,0,0,0,0,0,0,0,0,0,0,0,0,0,0,0,0,0,0,0,69810000,0,0,0,0,0,0,0,0,0,0,0,0,0,0,0,0,0,0,0,0,0,700495000,0,0,0,1845000,0,0,0,0,0,0,0,0,0,0,0,0
"UZB",0,0,0,0,0,0,0,0,0,0,0,0,0,0,0,0,0,0,0,0,0,0,0,0,0,0,0,0,0,0,0,0,0,0,0,0,0,0,0,0,0,0,0,0,0,0,0,0,0,0,0,0,0,0,0,0,0,0,0,0,0,0,0,0,0,0,0,0,0,0,0,0,0,0,0,0,0,0,0,0,0,0,0,0,0,0,0,0,0,0,0,0,0,0,0,0,0,0,0,0,0,0,0,0,0,0,0,0,0,0,0,0,0,0,0,0,0,0,0,0,0,0,0,0,0,0,0,0,0,0,0,0,0,0,0,0,0,0,0,0,0,0,0,0,0,0,0,0,0,0,0,0,0,0,0,0,0,0,0,0,0,0,0,0,0,0,0,0,0,0,0,0,0,0,0,0,0,0,0,0,0,0,0,0,0,0,0,0,0,0,0,0,0,0,0
"VEN",0,0,0,0,71955000,1747215000,0,0,190035000,0,38745000,0,0,0,0,0,11378115000,0,0,0,0,0,0,0,0,0,0,0,0,0,178965000,0,14205395000,0,0,0,177120000,0,0,0,0,0,0,4184460000,0,1553330000,0,664200000,0,0,0,0,0,0,0,0,0,0,0,0,0,0,0,0,0,0,1073790000,0,1193055000,1742150000,127305000,0,0,0,0,0,0,0,0,0,0,0,0,0,367155000,0,0,0,0,0,0,12915000,7380000,0,0,0,0,0,0,0,0,0,0,0,0,0,0,0,0,0,0,0,0,0,0,0,0,0,0,0,0,0,0,0,0,0,0,671555000,0,0,0,121770000,0,0,0,0,0,0,0,0,0,0,0,0,7340000,0,0,0,0,0,0,0,0,0,0,0,29520000,267525000,0,0,0,0,0,0,0,0,0,0,0,710995000,0,0,0,0,0,0,0,0,5311505000,0,214020000,0,0,0,0,0,0,0,0,0,0,0,0,0,0
"VNM",0,0,0,0,0,0,0,0,0,0,0,0,0,0,0,0,0,0,0,0,0,0,0,0,0,0,0,0,0,0,0,0,0,0,0,0,0,0,0,0,0,0,0,0,0,0,0,0,0,0,0,0,0,0,0,0,0,0,0,0,0,0,0,0,0,0,0,0,0,0,0,0,0,0,0,0,0,0,0,0,0,0,0,0,0,0,0,0,0,0,0,0,0,0,0,0,0,0,0,0,0,0,0,0,0,0,0,0,0,0,0,0,0,0,0,0,0,0,0,0,0,0,0,0,0,0,0,0,0,0,0,0,0,0,0,0,0,0,0,0,0,0,0,0,0,0,0,0,0,0,0,0,0,0,0,0,0,0,0,0,0,0,0,0,0,0,0,0,0,0,0,0,0,0,0,0,0,0,0,0,0,0,0,0,0,0,0,0,0,0,0,0,0,0,0
"ETH",0,0,0,0,0,0,0,0,0,0,0,0,0,0,0,0,0,0,0,0,0,0,0,0,0,0,0,0,0,0,0,0,0,0,0,0,0,0,0,0,0,0,0,0,0,0,0,0,0,0,0,0,0,3690000,0,430935000,0,0,0,1910000,0,0,0,0,0,0,0,0,0,0,0,0,0,0,0,0,0,0,0,0,27020000,0,0,0,0,0,0,0,0,0,0,0,0,0,0,0,0,0,0,0,0,0,0,0,0,0,0,0,0,0,0,0,0,0,0,0,0,0,0,0,0,0,0,1845000,0,0,0,0,0,0,0,0,0,0,0,0,0,0,0,0,0,0,0,0,0,0,0,235175000,0,0,0,0,0,0,0,0,0,0,0,0,0,0,0,0,0,0,0,0,0,0,0,0,0,464385000,0,0,16605000,25830000,5665000,0,0,0,0,0,0,1845000,0,0,0,0,0,0,0,0,0
"YEM",0,0,0,0,0,0,0,0,0,0,0,0,0,0,0,0,0,0,0,0,0,0,0,0,0,0,0,0,0,0,0,0,0,0,0,0,0,0,0,0,0,0,0,0,0,0,0,0,0,0,0,0,0,0,0,1133835000,0,0,0,0,0,433575000,0,0,0,0,0,0,0,0,0,0,0,0,0,0,0,0,636525000,0,0,220530000,0,0,0,0,92250000,0,372690000,0,0,0,0,0,0,83025000,0,0,53505000,0,0,206640000,0,0,0,0,0,0,0,0,0,0,0,0,0,0,0,0,0,0,0,0,0,0,0,0,0,0,0,0,0,0,0,0,0,0,0,1088550000,267525000,0,0,0,0,0,0,0,0,6944305000,0,0,0,0,0,0,6300675000,0,38745000,0,0,0,0,0,0,0,0,53505000,0,0,0,0,67890000,0,0,1513320000,0,0,22140000,0,0,0,0,0,0,0,3517520000,0,0,0,0,0,0,0,0,0,0
"COD",0,0,0,0,0,0,0,0,0,0,0,0,0,0,0,0,0,0,0,0,0,0,0,0,0,0,0,0,0,0,0,0,0,0,0,0,0,0,0,0,0,0,0,0,0,0,0,0,0,0,0,0,0,0,0,0,0,0,0,0,0,0,0,0,0,0,0,0,0,0,0,0,0,0,0,0,0,0,0,0,0,0,0,0,0,0,0,0,0,0,0,0,0,0,0,0,0,0,0,0,0,0,0,0,0,0,0,0,0,0,0,0,0,0,0,0,0,0,0,0,0,0,0,0,0,0,0,0,0,0,0,0,0,0,0,0,0,0,0,0,0,0,0,0,0,0,0,0,0,0,0,0,0,0,0,0,0,0,0,0,0,0,0,0,0,0,0,0,0,0,0,0,0,0,0,0,0,0,0,0,0,0,0,0,0,0,0,0,0,0,0,0,0,0,0
"ZMB",0,0,0,0,0,0,0,0,0,0,0,0,0,0,0,3815890000,0,0,0,0,0,0,0,0,0,0,0,0,0,0,0,0,0,0,0,0,0,0,0,0,0,0,0,0,0,0,0,0,0,0,0,0,0,0,0,0,0,0,0,34580000,0,0,0,0,0,0,0,0,0,0,0,0,0,0,0,0,0,0,0,0,0,0,0,0,0,0,0,0,0,0,0,0,0,0,0,0,0,0,0,0,0,0,1514955000,0,0,0,0,0,440440000,0,0,0,0,0,245800000,0,0,0,0,0,0,0,0,0,0,0,0,0,0,0,0,0,0,0,0,0,0,0,0,111045000,0,0,0,0,0,0,0,0,0,0,0,0,0,0,0,2523605000,20020000,0,0,0,0,0,0,0,0,0,0,0,0,0,0,0,0,40040000,0,0,0,0,0,0,0,0,0,0,0,0,4632055000,0,0,0,0,0,0,0,0
"BEL",55350000,12915000,11070000,12315000,0,0,7124790000,19168385000,0,259725000,1245000,0,0,0,0,0,7097640000,0,0,797160000,7380000,180015000,40758925000,47350000,44260000,8637730000,103920000,1021020000,41860000,7440160000,5012655000,10379410000,94640000,1645280000,70711015000,0,1845000,53373085000,682690000,73450000,1784100000,16670435000,0,18450000,0,0,12851795000,0,60315000,427015000,0,10137400000,36722920000,1030771455000,2496305000,39428480000,134685000,51660000,31182485000,603674450000,88560000,3910260000,0,7368005000,0,0,1845000,29153110000,33210000,80516570000,0,4634640000,2138785000,970460000,6480570000,1245000,189429665000,4408120000,21102900000,17053960000,1118210000,48052770000,13944885000,228780000,0,17770110000,215135000,20295000,71025000,0,10047390000,7477230000,1378215000,71955000,0,8069210000,0,612120000,277434700000,556635000,0,9965330000,3871140000,2562075000,1845000,31485310000,725290000,2142685000,226935000,1400355000,49815000,15618060000,0,35055000,5535000,0,2439041680000,0,481140000,25830000,0,1190070000,35055000,7380000,335790000,13818020000,309960000,527800000,10503735000,409500000,0,298630000,12346450000,4929165000,6513675000,7420140000,0,18225000,278595000,0,442155000,4608795000,17393245000,0,0,0,16096080000,1905885000,1988035000,0,8617750000,801855000,920110000,3190925000,0,4225635000,60322100000,1841320000,3.64e+09,0,76635215000,19012990000,4029480000,0,1410735000,38745000,16120020000,769900000,0,717920000,275625000,0,2064840000,2080770000,1263775000,0,425820700000,1544265000,29147605000,22140000,24900000,22140000,1845000,453205000,25830000,23985000,185152130000,0,0,42305630000,0,0,0,0,0
"LUX",0,0,0,0,0,0,1845000,75690000,0,0,0,0,0,0,0,0,0,0,0,0,0,0,0,0,0,0,12697010000,0,0,0,0,0,0,0,0,0,0,0,0,0,0,6654095000,0,0,0,0,0,0,0,0,0,0,0,18606635000,0,0,0,0,0,40567580000,0,0,0,0,0,0,0,0,0,0,0,0,0,3690000,0,0,0,0,0,50385000,0,98355000,0,0,0,1845000,0,0,1845000,0,0,0,0,0,0,0,0,0,0,0,0,0,0,0,0,0,0,0,0,0,0,0,0,0,0,0,14469860000,0,0,0,0,0,0,0,0,151890000,0,0,0,0,0,0,0,0,0,0,0,0,0,0,0,0,0,0,0,0,0,0,0,0,0,0,0,0,0,0,0,0,0,0,0,0,0,0,0,0,0,0,0,0,0,0,6680000,0,0,0,0,0,0,0,0,0,0,0,0,0,0,0,51286920000,0,0,0,0,0,0
"SRB",0,0,0,0,0,0,0,0,0,0,0,0,0,0,0,0,0,0,0,0,0,0,0,0,0,0,0,0,0,0,0,0,0,0,0,0,0,0,0,0,0,0,0,0,0,0,0,0,0,0,0,0,0,0,0,0,0,0,0,0,0,0,0,0,0,0,0,0,0,0,0,0,0,0,0,0,0,0,0,0,0,0,0,0,0,0,0,0,0,0,0,0,0,0,0,0,0,0,0,0,0,0,0,0,0,0,0,0,0,0,0,0,0,0,0,0,0,0,0,0,0,0,0,0,0,0,0,0,0,0,0,0,0,0,0,0,0,0,0,0,0,0,0,0,0,0,0,0,0,0,0,0,0,0,0,0,0,0,0,0,0,0,0,0,0,0,0,0,0,0,0,0,0,0,0,0,0,0,0,0,0,0,0,0,0,0,0,0,0,0,0,0,0,0,0
"MNE",0,0,0,0,0,0,0,0,0,0,0,0,0,0,0,0,0,0,0,0,0,0,0,0,0,0,0,0,0,0,0,0,0,0,0,0,0,0,0,0,0,0,0,0,0,0,0,0,0,0,0,0,0,0,0,0,0,0,0,0,0,0,0,0,0,0,0,0,0,0,0,0,0,0,0,0,0,0,0,0,0,0,0,0,0,0,0,0,0,0,0,0,0,0,0,0,0,0,0,0,0,0,0,0,0,0,0,0,0,0,0,0,0,0,0,0,0,0,0,0,0,0,0,0,0,0,0,0,0,0,0,0,0,0,0,0,0,0,0,0,0,0,0,0,0,0,0,0,0,0,0,0,0,0,0,0,0,0,0,0,0,0,0,0,0,0,0,0,0,0,0,0,0,0,0,0,0,0,0,0,0,0,0,0,0,0,0,0,0,0,0,0,0,0,0
"SDN",0,0,0,0,0,0,0,0,0,0,0,0,0,0,0,0,0,0,0,0,0,0,0,0,0,0,0,0,0,0,0,0,0,0,0,0,0,0,0,0,0,0,0,0,0,0,0,0,0,0,0,0,0,0,0,0,0,0,0,0,0,0,0,0,0,0,0,0,0,0,0,0,0,0,0,0,0,0,0,0,0,0,0,0,0,0,0,0,0,0,0,0,0,0,0,0,0,0,0,0,0,0,0,0,0,0,0,0,0,0,0,0,0,0,0,0,0,0,0,0,0,0,0,0,0,0,0,0,0,0,0,0,0,0,0,0,0,0,0,0,0,0,0,0,0,0,0,0,0,0,0,0,0,0,0,0,0,0,0,0,0,0,0,0,0,0,0,0,0,0,0,0,0,0,0,0,0,0,0,0,0,0,0,0,0,0,0,0,0,0,0,0,0,0,0
"SSD",0,0,0,0,0,0,0,0,0,0,0,0,0,0,0,0,0,0,0,0,0,0,0,0,0,0,0,0,0,0,0,0,0,0,0,0,0,0,0,0,0,0,0,0,0,0,0,0,0,0,0,0,0,0,0,0,0,0,0,0,0,0,0,0,0,0,0,0,0,0,0,0,0,0,0,0,0,0,0,0,0,0,0,0,0,0,0,0,0,0,0,0,0,0,0,0,0,0,0,0,0,0,0,0,0,0,0,0,0,0,0,0,0,0,0,0,0,0,0,0,0,0,0,0,0,0,0,0,0,0,0,0,0,0,0,0,0,0,0,0,0,0,0,0,0,0,0,0,0,0,0,0,0,0,0,0,0,0,0,0,0,0,0,0,0,0,0,0,0,0,0,0,0,0,0,0,0,0,0,0,0,0,0,0,0,0,0,0,0,0,0,0,0,0,0
"PSE",0,0,0,0,0,0,0,0,0,0,0,0,0,0,0,0,0,0,0,0,0,0,0,0,0,0,0,0,0,0,0,0,0,0,0,0,0,0,0,0,0,0,0,0,0,0,0,0,0,0,0,0,0,0,0,0,0,0,0,0,0,0,0,0,0,0,0,0,0,0,0,0,0,0,0,0,0,0,0,0,0,0,0,0,0,0,0,0,0,0,0,0,0,0,0,0,0,0,0,0,0,0,0,0,0,0,0,0,0,0,0,0,0,0,0,0,0,0,0,0,0,0,0,0,0,0,0,0,0,0,0,0,0,0,0,0,0,0,0,0,0,0,0,0,0,0,0,0,0,0,0,0,0,0,0,0,0,0,0,0,0,0,0,0,0,0,0,0,0,0,0,0,0,0,0,0,0,0,0,0,0,0,0,0,0,0,0,0,0,0,0,0,0,0,0
