"","1","2","3","4","8","9","10","11","12","13","14","16","17","18","19","20","21","22","23","25","26","27","28","29","32","33","35","37","38","39","40","41","44","45","46","47","48","49","50","52","53","54","55","56","57","58","59","60","61","63","64","66","67","68","70","72","73","74","75","79","80","81","83","84","85","86","89","90","91","93","95","96","97","98","99","100","101","102","103","104","105","106","107","108","109","110","112","113","114","115","116","117","118","119","120","121","122","123","124","126","128","129","130","131","132","133","134","136","137","138","141","143","144","146","147","149","150","151","153","154","155","156","157","158","159","162","165","166","167","168","169","170","171","173","174","175","176","178","179","181","183","184","185","188","189","191","193","194","195","196","197","198","199","200","201","202","203","207","208","209","210","211","212","213","214","215","216","217","219","220","221","222","223","225","226","227","229","230","231","233","234","235","236","237","238","249","250","251","255","256","272","273","276","277","299"
"Armenia",0,0,0,0,0,0,0,0,0,0,0,0,0,0,0,0,0,0,0,0,0,0,0,0,0,17712000,0,0,0,0,0,0,0,0,0,0,0,0,0,0,0,0,0,0,4575600,0,0,0,0,0,0,0,0,64834750,0,0,534468750,0,0,4944600,0,0,0,0,0,0,0,0,0,0,0,0,535050,0,0,0,0,101567250,0,0,10774800,55350,0,99600,0,0,0,0,0,0,0,0,0,6371700,0,24554250,0,0,0,0,0,0,0,0,0,0,0,0,0,0,0,0,0,0,0,0,0,0,0,0,0,0,0,0,0,0,0,0,0,0,0,0,0,0,0,0,0,0,0,0,0,0,1610340650,0,0,0,0,0,0,0,0,0,0,0,0,0,0,0,0,0,0,136950,0,332100,0,0,0,0,0,0,0,0,0,1076850,0,0,239850,5332050,241575800,0,0,3782250,0,0,0,0,0,0,45168750,0,0,0,0,0,0
"Afghanistan",0,0,0,0,0,0,0,4206600,0,0,0,0,0,0,0,0,0,0,0,0,0,0,0,0,0,36777400,0,0,0,0,0,0,0,0,0,0,0,0,0,0,0,0,0,0,0,0,0,0,0,0,0,0,0,0,0,0,0,0,0,1143900,0,0,0,0,0,0,0,0,0,0,0,0,0,0,0,0,0,0,0,0,0,0,0,0,0,0,0,0,0,0,0,36800,0,0,0,0,0,0,0,0,0,0,0,0,0,0,0,0,0,0,0,0,0,0,0,0,0,0,0,0,0,0,0,0,0,0,0,0,0,0,0,0,0,0,0,0,0,0,0,0,0,0,0,0,0,0,0,0,0,0,0,0,0,0,0,0,0,0,0,0,0,184500,0,0,0,0,0,0,0,0,0,0,3948300,34720100,0,0,0,0,12974800,0,0,0,0,0,0,0,0,0,756450,0,0,0,0,0,0
"Albania",0,0,0,0,0,0,0,0,0,0,0,0,0,0,0,0,0,0,0,0,0,0,0,0,0,0,0,0,0,0,0,0,0,0,0,0,0,0,0,0,0,0,0,0,0,0,0,0,0,0,0,0,0,0,0,0,0,0,0,0,0,0,0,0,0,0,0,0,0,0,0,0,0,0,0,0,0,0,0,0,0,0,0,0,0,0,0,0,0,0,0,0,0,0,0,0,0,0,0,0,0,0,0,0,0,0,0,0,0,0,0,0,0,0,0,0,0,0,0,0,0,0,0,0,0,0,0,0,0,0,0,0,0,0,0,0,0,0,0,0,776966400,0,0,0,0,0,0,0,0,0,0,0,0,0,0,0,0,0,0,0,0,0,0,0,0,0,0,0,0,0,0,0,0,0,0,0,291768300,0,39160750,0,0,0,0,0,0,0,0,0,0,0,146179350,27951750,0,0,0
"Algeria",0,0,0,0,0,0,0,0,0,27877950,0,0,0,0,0,0,22460400,0,0,0,0,0,0,0,0,740004750,0,0,0,0,0,0,0,0,0,0,0,0,0,0,1318777800,0,0,0,0,0,166050,0,0,0,0,0,0,415070050,0,0,0,0,1592908450,0,0,761525000,0,0,0,0,0,0,0,0,0,0,36400,0,0,0,0,0,0,0,0,0,94299450,0,0,0,591451650,0,24464700,0,0,73800,166050,0,0,405420300,0,0,8068532700,0,0,0,0,0,0,1789004400,10405800,138836100,5645700,0,0,275274000,0,0,0,0,731542500,0,0,0,0,0,0,149419950150,0,0,0,0,0,0,0,0,0,0,0,0,0,0,48136050,0,0,0,0,0,0,0,0,9723150,15737850,0,0,0,0,0,0,139666400,7914950,52822350,0,0,45202400,2270300,0,0,0,0,0,180046350,0,0,0,173319300,68301900,17096500,0,0,0,0,5535000,0,0,0,0,0,0,35866800,0,0,0,0,0,0,0,0,0
"Antigua and Barbuda",0,0,0,0,0,0,0,0,0,0,920550,0,0,0,0,0,0,0,0,0,0,0,0,0,0,1512900,0,0,0,0,0,0,0,0,0,0,0,0,0,0,0,0,546450,0,0,0,0,0,0,0,0,0,0,0,0,0,0,0,0,0,0,0,0,0,0,73800,0,0,0,0,0,0,0,0,0,0,0,0,0,0,0,0,0,0,0,0,0,0,0,0,0,0,0,0,0,0,0,0,0,0,0,0,0,0,0,0,0,0,0,0,0,0,0,0,0,0,0,0,0,0,0,0,0,0,0,0,0,0,0,0,0,0,0,0,0,0,0,0,0,0,0,0,0,0,2158650,0,0,0,0,0,0,0,0,0,0,0,0,0,0,0,0,0,0,0,0,0,0,0,0,3671550,0,0,0,0,0,0,0,0,221400,0,0,0,0,0,0,0,0,0,0,0,0,0,0,0,0
"Argentina",0,0,0,3.73078e+11,0,0,2785950,0,0,0,0,1566373160000,0,0,1469754476550,0,17258645341150,0,0,0,0,0,0,0,0,13470733700,0,0,0,0,1437340496700,34261650,582245100,0,0,0,134297550,202304250,0,0,0,0,0,0,0,228324620450,0,0,0,0,0,0,0,0,0,0,0,0,0,4298850,0,3.006e+10,0,0,0,0,0,0,0,0,0,0,0,0,0,0,7276407100000,0,0,0,407283750,0,0,0,0,0,0,0,1776676260000,0,0,0,0,0,0,0,0,0,0,0,0,0,0,80717780000,0,0,0,0,0,940950,0,154224500000,0,0,0,0,7012129600,0,0,0,0,1642050,0,0,872591700000,0,0,122821650,0,0,30753221200,850310096400,178524670000,0,0,0,0,0,0,0,0,0,0,0,0,0,0,0,0,0,0,0,0,0,0,0,1568453950,0,0,0,0,0,0,0,0,0,1544639780000,0,0,0,0,0,0,0,600203010000,0,0,0,50492009800,0,92940512650,0,7102550000,774534310000,464176500000,0,0,0,0,0,0,0,0,0,0
"Australia",0,0,0,0,0,3974600,0,682650,0,310158350850,0,52625542150,0,0,0,0,0,0,0,52737479500,27655400,0,724088973400,0,0,2851440250,0,0,215136704550,0,301703100,3950095893000,3690000,0,0,17564400,4760100,0,0,0,0,0,0,0,0,0,599224409750,0,0,0,0,551084635100,1236150,87582150,9782075750,0,0,0,0,42324300,0,0,141782250,0,0,0,0,0,0,0,0,6980768550,0,0,0,2896598500,2986449165450,0,0,535050,961226550,2226300,0,0,0,2908028614200,427586800,0,77739794200,26885100,0,3625855136900,1516914602100,0,0,5236467700,0,0,0,0,0,0,0,1694023065750,553500,0,259517700,0,1025446650,0,0,0,0,0,0,0,69515250,0,69950862650,0,2344673750,1399015553150,0,0,0,18450,439121550,5996100,0,825580870750,457950,0,4287119261850,0,0,0,3321000,0,70213414650,0,0,0,0,0,0,0,0,126792051250,0,170377050,0,0,0,362343437650,0,1249836600,793350,0,0,0,0,10701000,0,0,172969256100,3186727400,1367260907950,0,16363650,0,272630240350,0,209746600,426027016850,0,19575450,26851506000,0,5340993200,0,5802750,0,0,3005616125200,0,1874583851000,0,0,106790200,0,1346850,0,0,0,0
"Austria",1309950,0,25406600,0,0,0,394996050,0,54850,129150,0,0,0,0,0,0,273000,0,0,0,0,16672003450,0,0,0,307792900,18450,0,0,0,19632400,98534100,0,0,126298350,0,0,0,12801913800,254621350,0,358083150,0,0,221417600,0,36900,0,0,50038550,0,0,340911900,68454807800,0,0,280657100,0,0,731212682850,2024975850,36900,0,17666128150,0,0,0,0,18450,0,0,125633650,63791440150,65907991650,5258250,313650,20202750,22723800,0,270244150,25608600,1645962629200,0,351236200,0,109957300,2619900,9995500,0,0,0,91500,18228600,88841900,0,55566650,0,0,74084200,2567116850,0,0,0,168943850,543544150,0,76489150,0,18450,18450,0,6217650,36550,32878250,3896300,0,44530302250,0,0,8448740100,0,25480000,0,0,9886850,2183171950,110700,0,91494749800,0,36900,43283700,21826350,46044327300,86058600,0,0,0,147600,0,32252930500,0,1126104400,0,0,0,0,27113100,0,0,0,84118129650,19265784800,24132150,0,211601400,3326958400,0,0,0,695187900,196370298800,0,26968350,4942100,0,0,91750,0,0,91500,36900,113452800,303179950,0,0,42920741750,954658700,236537500,200400,12601350,1273050,0,77284350,0,0,92250,0,21800564500,1980832250,21276761050,668693000,0,0,0
"Bahamas",0,0,0,0,0,0,0,0,0,0,0,0,0,0,0,0,0,0,0,0,0,0,0,0,0,0,0,0,0,0,0,0,0,0,0,0,0,0,0,0,0,0,0,0,0,0,0,0,0,0,0,0,0,0,0,0,0,0,0,0,0,0,0,0,0,0,0,0,0,0,0,0,0,0,0,0,0,0,0,0,0,0,0,0,0,0,0,0,0,0,0,0,0,0,0,0,0,0,0,0,0,0,0,0,0,0,0,0,0,0,0,0,0,0,0,0,0,0,0,0,0,0,0,0,0,0,0,0,0,0,0,0,0,0,0,0,0,0,0,0,0,0,0,0,0,0,0,0,0,0,0,0,0,0,0,0,0,0,0,0,0,0,0,0,0,0,0,0,0,0,0,0,0,0,0,0,0,0,19668200,0,0,0,0,0,0,0,0,0,0,0,0,0,0,0,0
"Bahrain",0,793350,0,0,236600,0,9475532550,0,109200,0,0,0,0,0,0,0,0,0,0,0,0,0,0,0,0,0,0,0,0,0,0,0,0,0,0,0,0,0,218400,0,0,250500,0,0,0,0,0,0,0,0,0,0,0,0,0,0,0,0,0,184500,0,0,0,1383200,0,0,0,0,0,0,0,1019200,0,0,0,18200,0,0,1227820300,0,0,0,38376000,0,2785950,0,3157883550,0,251584200,0,0,13948200,5515403300,0,0,1448048250,0,3306000,84759300,0,0,0,0,36400,0,0,1350050,0,0,0,0,0,0,0,0,0,236600,0,0,0,457500,1566220500,0,0,0,0,0,4968850,0,0,0,0,0,0,0,0,0,0,0,0,0,0,0,0,0,0,0,60251381600,14870700,14280300,0,0,0,98242250,0,9753721650,0,0,0,0,0,236600,0,0,996152400,0,0,0,0,0,3841770100,0,91000,14631240500,0,36900,624550,0,221376550,0,0,0,0,0,0,722316500,0,0,26623350,0,0,0,18350,0,2628350100
"Barbados",0,0,0,0,504497300,0,0,0,18450,0,0,0,0,0,0,0,0,0,241184850,0,0,0,0,0,0,479676750,0,0,0,0,0,0,0,0,0,0,18450,36900,0,0,0,0,180367000,36900,0,0,0,0,0,0,0,0,0,36900,0,0,0,13339350,0,0,0,0,0,0,0,377685000,0,0,9595748850,0,0,0,0,0,0,0,0,0,0,0,0,0,0,0,2687550150,0,0,0,0,0,0,0,0,0,0,0,0,0,0,0,0,0,0,0,0,0,0,0,0,0,0,0,0,0,0,0,0,0,0,0,0,0,0,0,0,0,0,27213750,0,0,0,0,0,0,0,0,0,0,0,0,0,0,0,192296350,2801136100,332246500,0,0,0,0,0,0,0,0,0,0,0,535339200,0,0,0,258300,0,0,0,0,0,0,0,1302518350,0,0,36400,0,0,0,141474300,0,2782893850,0,0,0,0,0,0,0,0,0,0,0,0,0,0,0,0
"Bangladesh",0,69777900,0,0,0,0,2421495750,3579300,0,1500669350,0,0,0,0,5092200,0,0,0,0,0,313789200,0,503406600,0,0,549023650,26088300,0,55350,0,0,8376150,0,62355150,0,0,0,0,308942850,0,0,249000,0,0,0,0,0,184500,0,0,0,49115500,73648100,194377450,0,0,0,0,107157600,14286950,0,165360400,0,99408600,0,0,0,0,0,0,12450,150865650,0,0,0,29518578050,36900,0,0,14247150,0,1191408400,498301700,0,9151200,244186600,260376700,0,0,65234000,0,162230700,566691100,0,8099550,101114450,0,0,0,0,0,59630400,0,16480207500,76614650,0,0,212414850,705874900,0,4733250,0,971327500,0,18350,2626649150,27137250,0,0,0,0,104782800,0,522301050,0,0,13505400,0,0,0,0,0,546986000,0,158865000,0,0,0,3322393150,0,0,0,18450,0,0,0,0,29254063550,0,0,0,0,0,2910912250,0,433347250,0,17726450,0,8315100,39207750,6327250,0,0,0,0,135850,485550,0,3444700,1835282300,0,0,11460717500,0,0,11807921450,50100,8787073100,53049450,0,0,371477400,1955700,4538700,0,16068600,0,318260250,0,0,0,0,0,0
"Bermuda",0,0,0,0,0,0,0,0,0,0,0,0,0,0,0,0,0,0,0,0,0,0,0,0,0,0,0,0,0,0,0,0,0,0,0,0,0,0,0,0,0,0,0,0,0,0,0,0,0,0,0,0,0,0,0,0,0,0,0,0,0,0,0,0,0,0,0,0,0,0,0,0,0,0,0,0,0,0,0,0,0,0,0,0,0,0,0,0,0,0,0,0,0,0,0,0,0,0,0,0,0,0,0,0,0,0,0,0,0,0,0,0,0,0,0,0,0,0,0,0,0,0,0,0,0,0,0,0,0,0,0,0,0,0,0,0,0,0,0,0,0,0,0,0,0,0,0,0,0,0,0,0,0,0,0,0,0,0,0,0,0,0,0,0,0,0,0,0,0,0,0,0,0,0,0,0,0,0,0,0,0,0,0,0,0,0,0,0,0,0,0,0,0,0,0
"Bhutan",0,0,0,0,0,0,0,0,0,0,0,0,0,0,0,0,0,0,0,0,0,0,0,0,0,16069950,0,0,0,0,0,0,0,0,0,0,0,0,0,0,0,0,0,0,0,0,0,0,0,0,0,0,0,0,0,0,0,0,0,0,0,0,0,0,0,0,0,0,0,0,0,0,0,0,0,0,0,0,0,0,0,0,0,0,0,0,0,0,0,0,0,0,0,0,0,0,0,0,0,0,0,0,0,0,0,0,0,0,0,0,0,0,0,0,0,0,0,0,0,0,0,0,0,0,0,0,0,0,0,0,0,0,0,0,0,0,0,0,0,0,0,0,0,0,0,0,0,0,0,0,0,0,0,0,0,0,0,0,0,0,0,0,0,0,0,0,178950,0,0,0,0,0,0,0,0,0,0,0,0,0,0,0,0,0,0,0,0,0,0,0,0,0,0,0,0
"Bolivia (Plurinational State of)",0,0,0,0,0,23122300,0,0,0,0,0,0,0,0,0,0,58536500,0,0,0,0,0,0,0,0,49077000,0,0,0,0,4656745550,0,0,0,0,0,6402150,0,0,0,0,0,0,0,0,0,0,0,0,0,0,0,0,0,0,0,0,0,0,4778550,0,0,0,0,0,0,121183400,0,0,0,0,1291500,0,0,0,0,0,0,0,0,535050,182000,0,0,0,0,0,0,0,0,0,0,0,0,0,0,0,0,0,0,0,0,0,0,0,0,0,0,0,129685050,0,0,0,0,0,0,0,0,0,0,0,0,0,0,0,36900,0,0,0,0,1131789000,3201462450,0,0,0,0,0,0,166050,0,0,0,1273050,0,0,0,0,0,0,0,0,0,0,0,0,535050,23460200,0,0,0,0,0,0,0,0,0,0,0,0,0,0,0,0,1457550,0,0,0,0,251454550,0,1035252750,0,0,0,0,0,0,0,14243400,0,0,0,0,0,0
"Botswana",0,0,0,0,0,0,0,0,0,0,0,0,0,0,0,0,0,0,0,0,0,0,0,0,0,0,0,0,0,0,0,0,0,0,0,0,0,0,0,0,0,0,0,0,0,0,0,0,0,0,0,0,0,0,0,0,0,0,0,0,0,0,0,0,0,0,0,0,0,0,0,0,0,0,0,0,0,0,0,0,0,0,0,0,0,0,0,0,0,0,0,0,0,0,0,0,0,0,0,0,0,0,0,0,0,0,0,0,0,0,0,0,0,0,3394635550,0,0,0,0,0,0,0,0,0,0,0,0,0,0,0,0,0,0,0,0,0,0,0,0,141127700,0,0,0,0,0,0,0,0,0,0,0,0,0,0,0,578247900,0,0,0,0,0,0,0,0,0,0,0,0,0,0,0,0,0,0,0,0,0,0,0,0,0,0,0,0,0,0,0,0,0,0,0,0,0,0,0
"Brazil",0,0,0,0,18132650,3234453800,140293800,36900,83958000,29972650,8552850,972850,0,0,2803858250,0,0,0,16733950,0,0,276250,0,0,61621200,274137050,855937450,0,273000,0,14838474600,245709400,2646710200,566350,0,0,627759400,6512264200,112687700,0,0,61420550,0,1007534000,13634550,141149400,8204850,19123566300,1768414050,0,400900,31673250,0,82085700,0,510850,0,205359000,32222850,89747800,5686350,209174250,1322250,117138650,0,0,97308000,8911350,506098850,78560100,770782900,393768850,91381450,1040650,440800,20306100,524408946150,7443150,39585000,3210200,90314574300,57370300,17970100,0,72965400,1011375200,26841350,0,57028950,0,221400,79329200,0,534150,0,119549150,0,438853400,904060600,6973000,920500,68366250,0,1029750,0,17253300,205284400,0,153135450,345105600,11750650,60643800,1052363950,0,0,0,108313050,0,0,0,367900,20098950,87444500,0,1346850,77811200,109697787800,1449548350,0,22379850,40563372550,4587589750,366837713450,48209550,1362546400,0,0,0,35540050,0,192359700,0,332000,0,0,313550,278318250,104621680300,37709400,9690300,169075800,0,22619700,239889050,9741600,310288100,78703000,219352850,0,0,845000,760335250,0,0,14771600,0,83989650,864700,0,124233200,712859250,0,186085400,401845450,2952000,823400,253444000,73711950,37372875400,184500,38373610650,0,120909101400,681543796850,553500,588555000,270286800,0,18430900,122550,0,1733150,20121950,0,262413850
"Aruba",0,0,0,0,0,0,0,0,0,0,0,0,0,0,0,0,0,0,0,0,0,0,0,0,0,0,0,0,0,0,0,0,0,0,0,0,0,0,0,0,0,0,0,0,0,0,0,0,0,0,0,0,0,0,0,0,0,0,0,0,0,0,0,0,0,0,0,0,0,0,0,0,0,0,0,0,0,0,0,0,0,0,0,0,0,0,0,0,0,0,0,0,0,0,0,0,0,0,0,0,0,0,0,0,0,0,0,0,0,0,0,0,0,0,0,0,0,0,0,0,0,0,0,0,0,0,0,0,0,0,0,0,0,0,0,0,0,0,0,0,0,0,0,0,0,0,0,0,0,0,0,0,0,0,0,0,0,0,0,0,0,0,0,0,0,0,0,0,0,0,0,0,0,0,0,0,0,0,0,0,0,0,0,0,0,0,0,0,0,0,0,0,0,0,0
"Belize",0,0,0,0,0,0,0,0,0,0,0,0,0,0,0,0,0,0,0,0,0,0,0,0,0,0,0,0,0,0,0,0,0,0,0,0,0,0,0,0,0,8523900,0,0,0,0,0,0,0,0,0,0,0,0,0,0,0,0,0,0,0,0,0,0,0,405900,0,0,0,0,0,0,0,0,0,0,0,0,0,0,0,0,0,0,0,0,0,0,0,0,0,0,0,0,0,0,0,0,0,0,0,0,0,0,0,0,0,0,0,0,0,0,0,0,0,0,0,0,0,0,0,0,0,0,0,0,0,0,0,0,0,0,0,0,0,0,0,0,0,0,0,0,0,0,0,0,0,0,0,0,0,0,0,0,0,0,0,0,0,0,0,0,0,0,0,0,0,0,0,0,0,0,0,0,0,0,0,0,14483250,0,0,0,0,0,0,0,0,0,0,0,0,0,0,0,0
"Solomon Islands",0,0,0,0,0,0,0,0,0,0,0,0,0,0,0,0,0,0,0,0,0,0,0,0,0,0,0,0,0,0,0,0,0,0,0,0,0,0,0,0,0,0,0,0,0,0,0,0,0,0,0,0,0,0,0,0,0,0,0,0,0,0,0,0,0,0,0,0,0,0,0,0,0,0,0,0,0,0,0,0,0,0,0,0,0,0,0,0,0,0,0,18450,0,0,0,0,0,0,0,0,0,0,0,0,0,0,0,0,0,0,0,0,0,0,0,0,0,0,0,0,0,0,0,0,0,0,0,0,0,0,0,0,0,0,0,0,0,0,0,0,0,0,0,0,0,0,0,0,0,0,0,0,0,0,0,0,0,0,0,0,0,0,0,0,0,0,0,0,0,0,0,0,0,0,0,0,0,0,0,0,0,0,0,0,0,0,0,0,0,0,0,0,0,0,0
"Brunei Darussalam",0,0,0,0,0,0,0,0,0,0,0,0,0,0,0,0,0,0,0,0,0,0,0,0,0,55350,0,0,0,0,0,22521750,0,0,0,0,0,0,0,0,0,0,0,0,0,0,0,0,0,0,0,0,0,18450,0,0,0,0,0,0,0,0,0,0,0,0,0,0,0,0,0,0,0,0,0,0,276650,0,0,0,0,0,0,0,0,73800,0,0,0,0,0,0,0,0,0,0,0,0,0,0,0,0,0,1961215100,0,0,0,0,0,0,0,0,0,0,0,0,0,0,0,0,0,0,0,0,0,0,0,0,0,0,0,0,0,0,0,0,0,0,0,0,0,0,0,0,0,0,0,37269000,0,0,0,0,0,2392050,0,0,0,0,0,0,0,0,0,0,18450,0,0,0,0,0,0,0,0,0,0,0,73800,0,36900,0,0,0,0,0,0,0,0,0,0,0,0,0,0,0,0
"Bulgaria",205076100,0,13295902900,0,0,9984900,214419150,459322150,0,39295500,0,199721999200,0,0,0,0,159224850,0,0,0,0,0,2029500,0,0,344862750,0,0,0,0,36129000,333879900,44769900,0,0,0,74382150,0,41950459500,409421750,2202000,653273900,0,0,1191910700,14392200,154770701150,13122300,0,177618150,0,0,69298500,214302834200,0,0,1744015100,3427500,0,28939824250,6599948250,0,0,1776375299650,0,0,0,0,0,0,0,11930700,6017625650,9271787400,18450,36819300,501529570450,120091850,1996680400,322794619150,349217309850,752441803050,0,9003600,0,901580600,1017692350,0,0,2822850,0,388531474150,77765550,767670600,0,552900881800,0,0,592513321900,2566407300,0,0,0,149645700,3505500,1236150,487282300,0,126780900,4840341900,28726650,25181041750,15221250,357997850,0,0,332480379250,0,0,20882314350,0,112546950,0,0,17398350,59089150,91432500000,82132650,2803971150,0,40076550,15599850,1063046148600,4784916550,439961549800,0,0,0,110369700,0,1405734781500,0,1508028000,0,0,0,0,824484650,0,12066300,0,2771548500,3927624850,22615950,0,152719950,2986522319500,0,0,0,262602950,28850700,152373438600,0,44372700,0,354438796000,0,0,4667850,75486300,310919470400,382843786200,746427000,0,0,13228254550,2162654300,8953994800,0,184163400,0,0,46016475100,5.01e+10,19303588100,0,0,16325792900,0,114538636000,2448692700,346445675000,0,20774700
"Myanmar",0,0,0,0,0,0,0,0,0,0,0,0,0,0,0,0,0,0,0,0,0,0,0,0,0,0,0,0,0,0,0,0,0,0,0,0,0,0,0,0,0,0,0,0,0,0,0,0,0,0,0,0,0,0,0,0,0,0,0,0,0,0,0,0,0,0,0,0,0,0,0,0,0,0,0,0,0,0,0,0,0,0,0,0,0,0,0,0,0,0,0,0,0,0,0,0,0,0,0,0,0,0,0,0,0,0,0,0,0,0,0,0,0,0,0,0,0,0,0,0,0,0,0,0,0,0,0,0,0,0,0,0,0,0,0,0,0,0,0,0,0,0,0,0,0,0,0,0,0,0,0,0,0,0,0,0,0,0,0,0,0,0,0,0,0,0,0,0,0,0,0,0,0,0,0,0,0,0,0,0,0,0,0,0,0,0,0,0,0,0,0,0,0,0,0
"Burundi",0,0,0,0,0,0,0,0,0,0,0,0,0,0,0,0,0,0,0,0,0,0,0,0,0,0,0,0,0,0,0,0,0,0,110700,0,0,0,0,0,0,0,0,0,0,0,0,0,0,0,0,0,0,0,0,0,0,0,0,0,0,0,0,0,0,0,0,0,0,0,0,0,0,0,0,0,0,0,0,0,0,0,0,0,0,0,0,0,397615400,0,0,0,0,0,0,0,0,0,0,0,0,0,0,0,0,0,0,0,0,0,0,0,0,0,0,0,0,0,0,0,0,0,0,0,0,0,0,0,0,0,0,0,0,0,0,0,0,0,0,0,0,50197600,0,0,0,0,0,0,0,0,0,0,0,0,0,0,0,0,0,0,0,0,0,0,0,5314400,0,0,0,0,0,0,0,0,0,0,0,0,1801800,0,0,0,0,0,0,0,66119674600,0,0,0,0,0,0,0,0
"Cameroon",0,0,0,0,0,0,0,0,0,0,0,0,0,0,0,0,0,0,0,0,0,0,0,0,0,1524250,0,40876327450,0,0,0,0,0,0,2254261300,0,0,0,0,0,0,0,0,0,0,0,18450,0,0,0,0,0,0,92250,0,0,0,0,0,0,0,0,0,0,0,0,0,0,0,0,0,0,0,0,0,0,0,0,0,0,0,182000,0,0,0,0,0,0,0,0,0,18450,73400,0,0,0,0,0,0,0,0,0,0,0,0,0,0,0,0,0,0,0,0,0,0,0,0,0,0,0,0,0,0,0,0,0,0,0,0,0,0,0,0,0,0,0,0,0,0,0,0,0,0,0,0,0,0,0,1035000,0,0,0,0,0,0,0,0,0,0,0,0,1027700,0,0,0,0,0,0,0,0,0,0,18200,0,0,0,0,0,6199200,0,0,0,0,0,0,0,0,0,16650750,0,0,0,0,0,0
"Canada",0,0,0,2484303690000,16279850,184684500,1636418791250,0,9324749450,272580000,634202950,4112844270000,0,0,5011670000,0,347067709400,0,6633300,0,19427850,0,137890230000,1.0354e+10,502466260000,0,0,0,1465466750000,0,1166604539600,6928419325750,4459398014700,8353340000,0,0,627431396850,317890520750,0,0,0,908480000,57747450,1076914380850,0,2173657986200,165230566100,92053515450,0,0,0,774900,34003350,34630787050,177913350,1845000,0,4176670000,0,2585684300,0,1353571298450,0,1612501800,0,25534800,200807369100,0,51420150,282350763850,35404850,2084862650,0,0,1448444400,2173518700,7703853869500,0,87314178400,125312400,122981102550,4639547817500,67846963700,414160000,714926450,6537540664250,209070400,0,396583334400,0,0,1252433467400,224821431500,32314500000,106957300,53154472400,0,55350,77265664750,0,50100,0,77828680000,648261308850,26254350,0,0,2.338e+10,38966400,2412946008200,0,3162011665600,6.29924e+11,0,28057670000,1987373800,41682856050,0,24039600,0,0,19706665300,114878531850,0,2962691967950,0,0,16758614750,0,0,20295000,4912839773050,477549827750,2324700,87416389850,0,0,0,76725214250,1.169e+10,0,31728330000,0,4366650,4887629700,25230200,0,3638806800,73429918450,6328500,2068350,0,0,72848713500,0,334347393050,288976132650,5221350,0,0,368945700,911998650,0,0,97621651700,137147080000,983092528150,130690860000,0,1051687050,170790259650,847683149000,1699151392800,1095103633050,35654500000,0,1466628032350,2022950,9202471899600,18560400,0,0,337602677400,1054903203900,0,12084750,0,645750,394036337750,0,0,0,90392090000,0,0
"Cape Verde",0,0,0,0,0,0,0,0,0,0,0,0,0,0,0,0,0,0,0,0,0,0,0,0,0,0,0,0,0,0,0,0,0,0,0,0,0,0,0,0,0,0,0,0,0,0,0,0,0,0,0,0,0,0,0,0,0,0,0,0,0,0,0,0,0,0,0,0,0,0,0,0,0,0,0,0,0,0,0,0,0,0,0,0,0,0,0,0,0,0,0,0,0,0,0,0,0,0,0,0,0,0,0,0,0,0,0,0,0,0,0,0,0,0,0,0,58892400,0,0,0,0,0,0,0,0,0,0,0,0,0,0,0,0,0,99131850,558285000,0,0,0,0,0,0,0,0,0,0,0,0,0,0,0,0,0,0,0,0,0,0,0,0,0,0,0,0,0,0,0,0,0,0,0,0,0,0,0,0,0,0,272930850,0,0,0,0,0,0,0,0,0,0,0,0,0,0,0,0
"Central African Republic",0,0,0,0,0,0,0,0,0,0,0,0,0,0,0,0,0,0,0,0,0,0,0,0,0,0,0,0,0,0,0,0,0,0,0,0,0,0,0,0,0,0,0,0,0,0,0,0,0,0,0,0,0,0,0,0,0,0,0,0,0,0,0,0,0,0,0,0,0,0,0,0,0,0,0,0,0,0,0,0,0,0,0,0,0,0,0,0,0,0,0,0,0,0,0,0,0,0,0,0,0,0,0,0,0,0,0,0,0,0,0,0,0,0,0,0,0,0,0,0,0,0,0,0,0,0,0,0,0,0,0,0,0,0,0,0,0,0,0,0,0,0,0,0,0,0,0,0,0,0,0,0,0,0,0,0,0,0,0,0,0,0,0,0,0,0,0,0,0,0,0,0,0,0,0,0,0,0,0,0,0,0,0,0,0,0,0,0,0,0,0,0,0,0,0
"Sri Lanka",0,0,0,0,0,0,1114344250,0,0,130793500,0,0,0,0,0,0,0,0,52250400,8448200,0,24501600,938578400,0,0,1488866400,146142450,0,0,0,0,7232400,0,0,0,0,0,0,24549250,0,48043800,8399400,0,0,0,0,0,0,0,0,0,57102750,0,190751350,0,0,0,0,992831400,395176600,0,7221274650,0,0,0,0,11475900,13911300,479700,3073900,0,11674518450,0,0,0,8167097800,0,0,43394400,8671500,0,482701550,378206550,0,0,181749950,329339150,0,30423950,16094549250,0,232432650,463630400,0,0,39754250,0,376951950,0,0,0,0,0,65882642200,68022200900,0,28117800,0,109648350,0,10332000,0,0,0,0,0,242820800,0,0,2324700,18265500,386567050,0,0,34077150,22050100,110884500,0,3081150,90571050,0,0,1556045400,0,24900,547374600,0,0,1645867950,0,0,0,0,0,9464850,0,0,213067500,218706300,2276175100,1991769750,0,0,60808851800,9981450,60239250,0,0,0,0,2435450,261527500,0,0,0,0,61760972000,245827800,5553450,45202500,145083300,0,0,1306746250,0,0,2720165800,0,1429416800,29520000,0,0,0,4298850,0,179334000,0,5383500,4556350,0,2822850,0,0,0,0
"Chad",0,0,0,0,0,0,0,0,0,0,0,0,0,0,0,0,0,0,0,0,0,0,0,0,0,0,0,0,0,0,0,0,0,0,0,0,0,0,0,0,0,0,0,0,0,0,0,0,0,0,0,0,0,0,0,0,0,0,0,0,0,0,0,0,0,0,0,0,0,0,0,0,0,0,0,0,0,0,0,0,0,0,0,0,0,0,0,0,0,0,0,0,0,0,0,0,0,0,0,0,0,0,0,0,0,0,0,0,0,0,0,0,0,0,0,0,0,0,0,0,0,0,0,0,0,0,0,0,0,0,0,0,0,0,0,0,0,0,0,0,0,0,0,0,0,0,0,0,0,0,0,0,0,0,0,0,0,0,0,0,0,0,0,0,0,0,0,0,0,0,0,0,0,0,0,0,0,0,0,0,0,0,0,0,0,0,0,0,0,0,0,0,0,0,0
"Chile",0,0,0,0,0,4022100,1845000,0,0,0,0,0,0,0,2265248200,0,127655550,0,0,0,0,0,0,0,0,4448400,0,0,0,0,0,571950,3462509800,0,0,0,725132300,979525900,0,0,0,0,0,325507450,0,291862800,0,345480600,0,0,0,0,0,0,526316400,0,0,0,0,1803600,0,0,0,0,0,0,1192043400,0,0,5401051900,1073708100,0,0,0,0,0,0,0,0,0,0,0,0,0,0,0,0,0,0,0,0,0,0,0,0,0,0,0,0,0,0,0,0,0,0,0,0,0,0,138983250,0,0,0,0,0,0,0,0,0,0,0,92250,709414600,0,0,0,0,191601500,0,0,4429401850,9732493900,0,0,0,0,0,0,0,0,0,0,0,0,0,0,0,0,0,0,0,0,0,0,0,0,48248200,0,0,0,0,0,0,0,0,0,0,0,0,0,0,0,190840000,0,0,0,147250,0,4136965450,0,1159859250,0,5344081400,0,0,0,0,0,0,0,0,0,0,0,0
"China (mainland)",0,5.46e+08,18191700,0,30885300,302769600,22253624200,33659400,107568250,156898800,0,179592300,0,5110650,73209600,0,5652032700,0,0,40792950,95847750,9667800,11264904650,0,21402000,10059260150,7564500,0,92840400,0,4504468450,0,948124400,20881300,236418300,0,409202550,68000700,65352050,66420000,1986415950,101259300,0,670936550,112597300,494736750,138754200,72693000,0,11703000,0,53966250,178462850,2764732950,132175800,0,35678550,11143800,642595050,2730116800,0,10453594450,0,187522050,0,0,508002300,1764022950,28285400,370070100,388188000,341242856450,60731850,1328400,2804400,1243699650,5554348350,1356266850,1849902700,332878000,3397076100,3301775900,232765200,889193700,0,102850957400,515053350,3147750,284481200,1296594800,610628498350,28118858000,304704350,15478200,358358550,1882422500,0,136400850,430438500,150467700,26654606650,217174950,0,34223573600,675384000,0,139309750,0,1714115700,5859224250,3333326400,390790500,1402200,922500,0,937535800,5354256100,0,144869400,0,0,4045504700,53892450,1339550,5566266100,214536600,395969200,827327750,42311100,9145166850,496046700,919317750,18117760000,469743650,1249443100,7730550,495450,0,260108100,46417500,932737850,1107000,14552845650,0,0,0,0,7203365500,34538400,5018400,324332550,184500,40370000,10626487100,4612500,948937050,2698809550,28376100,0,0,763263000,55006600,0,4612500,94058100,220385250,38864203800,6221930400,18450,119832750,27953450,18505350,3820196550,1620252650,25387200,0,15868182400,628431150,44527147650,174647700,769734000,148455450,153079650,22624853050,12408966150,303853050,220590100,18929700,2013457550,0,32057450,8560800,157396950,14076950,261325800
"Colombia",0,0,0,0,171695700,139076100,388858550,0,0,0,129869550,0,0,0,861061500,0,2300235300,0,0,0,0,0,0,0,0,1921980750,8394750,0,0,0,3857771400,516600,0,0,411471900,0,3449505150,8217395250,0,0,40995900,0,131565600,4342705650,0,27026933850,0,946946250,15147450,0,0,793350,0,664144650,42705250,0,0,495031950,0,128900,0,462910500,0,25645500,0,65663550,3666328650,24390900,521249400,17817995250,315827100,452117250,0,0,0,0,0,0,0,0,555898500,0,57416400,0,1358528850,0,0,0,0,0,0,97600500,0,0,0,0,0,0,0,0,0,0,0,0,0,69759450,0,0,2214000,23653800,0,0,0,0,0,0,511987500,0,0,0,0,4588500,21697200,0,1588471200,0,0,8927458600,0,0,295200,7501631650,182000,0,33560550,0,0,0,0,0,55350,0,129150,114021000,247654350,112434300,1568250,0,2029500,0,645547050,0,73800,419331600,0,0,4830777350,1931382900,0,0,28025550,0,0,0,0,0,0,24925950,0,867991600,0,0,0,2638350,0,0,346769150,0,34639696850,73781550,0,0,54216557150,137138850,0,0,0,0,0,0,0,0,0,0,0
"Comoros",0,0,0,0,0,0,0,0,0,0,0,0,0,0,0,0,0,0,0,0,0,0,0,0,0,0,0,0,0,0,0,0,0,0,0,0,0,0,0,0,0,0,0,0,0,0,0,0,0,0,0,0,0,0,0,0,0,0,0,0,0,0,0,0,0,0,0,0,0,0,0,0,0,0,0,0,0,0,0,0,0,0,0,0,0,0,0,0,0,0,0,0,0,0,0,0,0,0,0,0,0,0,0,0,0,0,0,0,0,0,0,0,0,0,0,0,0,0,0,0,0,0,0,0,0,0,0,0,0,0,0,0,0,0,0,0,0,0,0,0,0,0,0,0,0,0,0,0,0,0,0,0,0,0,0,0,0,0,0,0,0,0,0,0,0,0,0,0,0,0,0,0,0,0,0,0,0,0,0,0,0,0,0,0,0,0,0,0,0,0,0,0,0,0,0
"Congo",0,0,0,0,0,0,0,0,0,0,0,0,0,0,0,0,0,0,0,0,0,0,0,0,0,0,0,1953200,0,0,0,0,0,0,0,0,0,0,0,0,0,0,0,0,0,0,0,0,0,0,0,0,0,1439100,0,0,0,0,0,0,0,0,0,0,0,0,0,0,0,0,0,0,0,0,0,0,0,0,0,0,0,0,0,0,0,0,0,0,0,0,0,0,0,0,0,0,0,0,0,0,0,0,0,0,0,0,0,0,0,0,0,0,0,0,0,0,0,0,0,0,0,0,0,0,0,0,0,0,0,0,0,0,0,0,0,0,0,0,0,0,0,0,0,0,0,0,0,0,0,0,0,0,0,0,0,0,0,0,0,0,0,18450,0,0,0,0,0,0,0,0,0,0,0,0,0,0,0,0,0,0,0,0,0,0,0,0,83500,0,0,0,0,0,0,0,0
"Cook Islands",0,0,0,0,0,0,0,0,0,0,0,0,0,0,0,0,0,0,0,0,0,0,0,0,0,0,0,0,0,0,0,0,0,0,0,0,0,0,0,0,0,0,0,0,0,0,0,0,0,0,0,0,0,0,0,0,0,0,0,0,0,0,0,0,0,0,0,0,0,0,0,0,0,0,0,0,0,0,0,0,0,0,0,0,0,0,0,0,0,0,0,0,0,0,0,0,0,0,0,0,0,0,0,0,0,0,0,0,0,0,0,0,0,0,0,0,0,0,0,0,0,0,0,0,0,0,0,0,0,0,0,0,0,0,0,0,0,0,0,0,0,0,0,0,0,0,0,0,0,0,0,0,0,0,0,0,0,0,0,0,0,0,0,0,0,0,0,0,0,0,0,0,0,0,0,0,0,0,0,0,0,0,0,0,0,0,0,0,0,0,0,0,0,0,0
"Costa Rica",0,0,0,0,11992500,0,0,0,48902750,0,1984051850,0,0,0,0,0,0,0,473771450,0,0,0,0,0,0,559717200,0,0,0,0,4578709300,18450,3447102150,0,0,0,0,150939450,0,0,0,0,0,12960752550,0,101917800,0,22248092650,0,0,0,0,0,2050865100,0,0,0,0,0,0,0,0,0,0,0,0,70784144000,0,832688850,0,19497996950,793350,0,0,0,0,0,0,0,0,0,55350,0,0,2718582200,0,0,0,0,0,0,0,0,0,0,0,0,0,0,18450,0,0,0,0,0,0,0,0,0,1246518050,0,0,0,0,0,0,18985050,0,0,0,0,0,71580682050,0,0,0,0,35923768500,0,0,0,39602550,1953430900,0,0,0,0,0,0,0,0,0,0,0,0,0,0,10737900,0,0,0,0,0,0,0,0,0,0,0,0,0,0,0,0,0,0,0,0,0,3292395750,0,0,0,0,0,0,13971650,0,15575643650,0,0,0,36900,0,0,0,0,0,0,0,0,0,0,0,0
"Cuba",0,0,0,0,0,0,0,0,1073800,0,0,0,0,0,0,0,0,0,0,0,0,0,0,0,0,0,0,0,0,0,92250,0,0,0,0,0,0,0,0,0,0,0,0,0,0,0,0,0,0,0,0,0,0,0,0,0,0,0,0,0,0,0,0,0,0,0,0,0,0,0,221400,0,0,0,0,0,0,0,0,0,0,0,0,0,0,0,0,0,0,0,0,0,0,0,0,0,0,0,0,0,0,0,0,0,0,0,0,0,0,0,0,0,0,0,0,0,0,0,0,0,0,0,0,0,0,0,0,0,0,0,0,0,0,0,0,0,0,0,0,0,0,0,0,0,0,0,0,0,0,0,0,0,0,0,0,0,0,0,0,0,0,0,0,0,0,0,0,0,0,15688400,0,0,0,0,0,0,0,0,0,0,0,0,621621000,0,0,0,0,0,0,0,0,0,0,0,0
"Cyprus",0,0,0,0,0,0,36213550,0,0,192599550,0,586950000,0,0,0,0,0,0,0,0,0,0,0,0,0,0,0,0,0,0,0,0,0,0,0,0,0,0,0,0,0,0,0,0,0,0,0,0,0,0,0,0,0,0,0,0,0,0,0,0,0,0,0,1701736400,0,0,0,0,0,0,0,28327200,0,0,0,0,0,0,0,0,111061700,54600,0,0,0,18951550,235344200,0,0,0,0,0,712501650,0,0,350440200,0,0,0,0,0,0,0,0,0,0,91034400,0,0,0,0,0,0,0,0,0,0,0,0,0,0,0,0,0,0,0,0,0,0,0,0,0,0,0,0,0,0,0,2722426550,0,0,0,32398000,0,0,0,0,1849173450,0,0,0,0,0,0,0,182000,0,0,0,0,0,0,0,0,30424300,0,0,0,0,0,515096800,0,0,781633850,0,0,10856467450,0,63201850,0,0,0,0,0,0,0,0,0,0,0,704212600,0,0,0,0
"Azerbaijan",0,0,0,0,0,0,0,0,0,0,0,0,0,0,0,0,0,0,0,0,0,0,0,0,0,0,0,0,0,0,0,55350,0,0,0,0,0,0,0,0,0,0,0,0,0,0,0,0,0,0,0,0,0,0,0,0,1552427200,0,0,0,0,0,0,0,0,0,0,0,0,0,0,0,0,0,0,0,0,2.505e+09,1707072400,0,11734200,0,0,8302500,0,0,0,0,0,0,0,0,0,0,0,0,0,0,17601300,0,0,0,0,0,295200,0,0,0,0,0,149850900,0,0,0,0,0,0,0,0,0,0,0,0,0,0,0,0,0,0,0,0,0,0,0,0,0,0,0,0,0,0,0,990978600,0,0,0,0,21410700,0,0,0,0,0,0,0,0,0,0,0,0,0,0,0,210047050,0,0,0,0,0,0,0,0,18431550,1346850,0,0,0,0,1402100,0,0,270919800,0,0,0,41752350,0,0,0,0,0,0,0,0,0
"Benin",0,0,0,0,0,0,0,0,0,0,0,0,0,0,0,0,0,0,0,0,0,0,0,0,0,0,0,0,0,0,0,0,0,0,135404550,0,0,0,0,0,0,0,0,0,0,0,0,0,0,0,0,0,0,8412600,0,0,0,14560000,0,0,0,0,0,0,0,0,0,0,0,0,0,0,0,0,0,0,0,0,0,0,0,0,26900100,0,0,0,0,0,0,0,0,0,0,0,0,0,0,0,0,0,0,0,0,0,0,4932600,0,0,0,0,0,0,0,0,0,0,0,0,0,0,0,0,0,7279818000,25848450,0,0,0,0,0,0,0,0,0,0,0,0,0,0,0,0,0,0,0,0,0,0,0,0,0,0,0,0,0,0,0,0,0,0,0,0,0,0,0,0,0,0,45500000,0,0,0,0,0,687960000,0,0,0,0,0,85570000,0,0,0,0,0,0,0,0,0,0,0,0,0,0,0
"Denmark",0,73800,0,184500,0,39741300,2342392700,2986215650,0,34132500,8007300,221400,0,0,904050,0,457024950,0,14723100,0,0,296783400,33007050,369000,532800,2096634000,590400,0,22859550,0,565252650,21018578400,432154350,0,3247200,0,223355700,0,131377500,55128600,4114350,0,0,41992200,42933150,191603250,34187850,34187850,664200,1342802400,8368122300,0,31650279100,134102066650,41272650,922500,58840850,682650,1420650,337007524550,2952000,57176550,0,373270300,0,0,75977100,2878200,44169300,0,13745250,8565504750,332548400,98166450,55623119800,58074600,38560500,110700,1070100,299638171250,957041350,60628949650,7177050,0,0,877684950,1697400,0,10424250,0,0,2221361550,8450100,694987750,0,9686250,0,4317300,89574750,132747190850,0,719550,129150,316177650,0,1309950,428884200,20213955650,54814950,2332818000,0,111733200,959400,9280350,1051650,0,192210581650,0,84666950,45811350,0,203234100,7951950,0,127157400,75708688350,110700,295642800,1384970050,0,52951500,411674850,924381900,92873230400,154161089450,535050,0,0,40110300,73800,256416500,0,503445700,0,0,0,0,305993250,12896550,9114300,3136500,23837400,241341100,323156650,92250,859474800,718647736400,6162300,36900,0,211115478100,3032592700,0,1457550,398686050,1254600,4501000,2416950,0,294093000,379682550,36900,123416500,604342100,1328400,0,248733479150,177765550,30866949450,0,69279750,9446400,1771200,1625088600,701100,0,332100,35239500,17079689300,120606400,112468700,0,18450,0,0
"Dominica",0,0,0,0,7243600,0,0,0,1705148350,0,0,0,0,0,0,0,0,0,0,0,0,0,0,0,0,0,0,0,0,0,0,0,0,0,0,0,0,0,0,0,0,0,0,0,0,0,0,0,0,0,0,0,0,54600,0,0,0,0,0,0,0,0,0,0,0,0,0,0,0,0,0,0,0,0,0,0,0,0,0,0,0,0,0,0,0,0,0,0,0,0,0,0,385350,0,0,0,0,0,0,0,0,0,0,0,0,0,0,0,0,0,0,0,0,0,0,0,0,0,0,0,0,0,0,0,0,0,0,0,0,0,0,0,0,0,0,0,0,0,0,0,0,0,0,0,0,0,0,0,0,0,0,0,0,0,0,0,0,2490000,0,0,0,0,0,0,0,0,0,0,0,0,0,0,0,36900,0,0,0,0,0,0,0,0,0,0,0,0,0,0,0,0,0,0,0,0,0
"Dominican Republic",0,0,0,0,0,0,0,0,0,0,0,0,0,0,0,0,0,0,0,0,0,0,0,0,0,0,0,0,0,0,0,0,0,0,0,0,0,0,0,0,0,0,0,0,0,0,0,0,0,0,0,0,0,0,0,0,0,0,0,0,0,0,0,0,0,0,0,0,0,0,0,0,0,0,0,0,0,0,0,0,0,0,0,0,0,0,0,0,0,0,0,0,0,0,0,0,0,0,0,0,0,0,0,0,0,0,0,0,0,0,0,0,0,0,0,0,0,0,0,0,0,0,0,0,0,0,0,0,0,0,0,0,0,0,0,0,0,0,0,0,0,0,0,0,0,0,0,0,0,0,0,0,0,0,0,0,0,0,0,0,0,0,0,0,0,0,0,0,0,0,0,0,0,0,0,0,0,0,0,0,0,0,0,0,0,0,0,0,0,0,0,0,0,0,0
"Belarus",134452400,611100,0,42770000,0,30900,0,0,0,2047950,0,0,0,0,0,0,0,0,0,0,0,39959850,0,0,0,102305600,0,0,0,0,0,711573600,0,127709400,0,0,0,0,0,240057750,0,0,0,0,0,0,0,0,0,31772400,0,0,0,0,0,0,344988650,0,0,261812700,0,0,0,0,0,0,0,0,0,0,0,49800,0,0,0,0,0,0,0,0,717001800,364000,0,1226820700,0,0,8291350,109350300,18450,0,0,25279600,0,133411050,0,0,0,0,3284100,10769287300,0,85594600,0,0,0,0,0,0,0,0,413150400,0,0,1480708200,0,0,0,0,0,0,0,0,0,0,0,112050,0,13986300,33702150,0,0,0,0,63845700,0,0,0,0,42770000,0,0,0,87018679150,0,0,0,0,0,0,0,0,0,0,7318400,0,0,23667450,0,98816100,0,0,2517150,0,197877600,0,0,0,0,0,0,0,0,0,12450,0,0,8099550,38278939550,333569700,0,0,115003050,95438350,57708150,0,682650,0,0,0,0,40304100,0,36900,0,4243500
"Ecuador",0,0,0,0,0,0,0,0,0,0,0,0,0,0,0,0,0,0,0,0,0,0,0,0,0,0,0,0,0,0,93729800,0,748852250,0,0,0,914947700,0,0,0,0,0,0,0,0,0,0,715502200,0,0,0,0,0,0,0,0,0,0,0,36900,0,0,0,0,0,0,3125508150,0,0,0,1156141750,0,0,0,0,0,0,0,0,0,0,383950,0,0,0,0,0,0,0,0,0,0,0,0,0,0,0,0,0,0,0,0,0,0,0,0,0,0,0,435252000,0,0,0,0,0,0,110600,0,0,0,0,0,138432400,0,0,0,0,140283950,0,0,0,14641346500,0,0,0,0,0,0,0,0,0,0,0,0,0,0,0,0,0,0,0,0,0,0,0,0,608421400,0,0,0,0,0,0,0,0,0,0,0,0,0,0,0,0,0,0,0,0,0,5958202450,0,0,0,40922100,0,0,0,0,0,0,0,0,0,0,0,0
"Egypt",0,0,13007250,320618900,0,0,8124598900,0,0,1288575750,0,434895000,0,0,0,0,0,0,0,0,151754500,19520100,0,1377805600,464530250,732540250,310059950,0,0,2065170300,3306600,6275700,0,4177034500,226141400,0,0,0,0,0,2273395500,597600,0,423701500,0,0,0,0,0,0,0,0,147600,87145150,0,54671665300,0,1516903100,6905355700,709820700,0,7558584750,0,4239000,0,0,46976000,1395585300,0,1326227900,34204400,19040400,0,42076550,0,3394750,140109300,0,17306465750,0,1828966750,88603600,2763216450,0,258716650,2877316800,24223693750,0,53590393950,0,0,981831600,2526655700,0,0,15162201950,0,814350100,68161500450,35903700,0,82086284700,2137053200,361811550,3784800,697593600,0,76134150,224067100,0,9409500,5858863550,24307507050,0,421554550,0,1970201250,0,0,0,0,978156500,0,783844400,496589400,147600,198565350,0,0,0,0,0,275571000,27361350,0,186505600,0,559120041650,21230950,40062435650,698457600,2322449400,55497600,0,0,15184350,0,46372150850,8833455100,23451300,376982400,0,0,243830650,427359305400,23900770350,0,0,32416650,0,159783300,0,128250263800,0,0,462118400,301409250,0,0,0,3167287850,1413886300,2150460750,19969151600,26571836450,0,415216450,686308350,8218342050,5795072450,296425900,0,13121726900,0,2508169100,649645307150,3038609300,10670392050,24558750,0,28295700,0,61189814400,0,132884873600
"El Salvador",0,0,0,0,0,0,0,0,0,0,0,0,0,0,0,0,0,0,174795300,0,0,0,0,0,0,74864500,0,0,0,0,0,0,311251500,0,0,0,5511898700,199001700,0,0,0,0,0,5241829500,0,0,0,0,0,0,0,0,0,0,0,0,0,0,0,553500,0,0,0,0,0,0,191191395700,0,0,0,134857880700,0,0,0,0,0,0,0,0,0,0,20029800,0,0,0,0,0,0,0,0,0,0,0,0,0,0,0,0,0,0,0,0,0,0,0,0,0,0,0,26973900,0,0,0,0,0,0,0,0,0,0,0,0,26874615650,0,0,0,0,238521400,0,0,0,0,0,0,0,0,0,0,0,0,0,0,0,0,0,0,0,0,0,0,0,0,0,0,0,0,0,0,0,0,0,0,0,0,0,0,0,0,0,0,0,0,0,0,0,0,0,0,27620026500,0,0,0,0,0,0,0,0,0,0,0,0,0,0,0,0
"Equatorial Guinea",0,0,0,0,0,0,0,0,0,0,0,0,0,0,0,0,0,0,0,0,0,0,0,0,0,0,0,0,0,0,0,0,0,0,0,0,0,0,0,0,0,0,0,0,0,0,0,0,0,0,0,0,0,0,0,0,0,0,0,0,0,0,0,0,0,0,0,0,0,0,0,0,0,0,0,0,0,0,0,0,0,0,0,0,0,0,0,0,0,0,0,0,0,0,0,0,0,0,0,0,0,0,0,0,0,0,0,0,0,0,0,0,0,0,0,0,0,0,0,0,0,0,0,0,0,0,0,0,0,0,0,0,0,0,0,0,0,0,0,0,0,0,0,0,0,0,0,0,0,0,0,0,0,0,0,0,0,0,0,0,0,0,0,0,0,0,0,0,0,0,0,0,0,0,0,0,0,0,0,0,0,0,0,0,0,0,0,0,0,0,0,0,0,0,0
"Estonia",571950,0,0,98696699400,0,0,0,0,0,0,0,0,0,0,12509100,0,13523850,0,0,0,0,454666050,0,22828900000,0,53818650,0,0,0,0,0,535050,0,0,0,0,0,0,39261600,33984900,0,12592338150,0,0,272997950,0,0,0,0,0,0,0,77400002100,243060750,0,0,0,0,0,8828285700,0,0,0,0,0,0,0,0,0,0,0,3948300,135146250,0,2804400,0,0,0,0,12274555800,0,14212691450,0,271141200,0,15996150,0,0,80585850000,424350,0,100885988750,6885150,96679422900,0,0,0,0,27693450,26918668300,0,0,0,0,0,0,10861159400,45486992400,0,0,0,352713268500,0,0,0,0,150466946100,0,0,0,0,20590200,0,0,0,9169729950,0,0,485033100,0,0,0,0,10465746300,18718705100,0,0,0,0,0,163447200,0,4725271650,0,0,0,0,635819896250,0,0,0,16199100,236879550,0,0,0,70940781400,0,0,0,97814678750,0,0,0,0,0,0,0,0,0,0,0,220438046100,4169700,1.2692e+10,0,39192914150,961325950,90810900,0,393120000,0,0,211650,0,535050,0,0,998677600,0,830250,0,126917996000,0,0
"Faroe Islands",0,0,0,0,0,0,0,0,0,0,0,0,0,0,0,0,0,0,0,0,0,0,0,0,0,0,0,0,0,0,0,0,0,0,0,0,0,0,0,0,0,36900,0,0,0,0,0,0,0,0,0,0,0,0,0,0,0,0,0,0,0,0,0,0,0,0,0,0,0,0,0,0,0,0,0,0,0,0,0,0,0,0,0,0,0,0,0,0,0,0,0,0,0,0,0,0,0,0,0,0,0,0,0,0,0,0,0,0,0,0,0,0,0,0,493700,0,0,0,0,0,0,0,0,0,0,0,0,0,0,0,0,0,0,0,0,0,0,0,0,0,0,0,0,0,0,0,0,0,0,0,0,0,0,0,0,0,0,0,0,0,0,0,0,0,0,0,0,0,0,0,0,0,0,0,0,0,0,0,0,0,0,0,0,0,0,0,0,0,0,0,0,0,0,0,0
"Fiji",0,0,0,0,0,0,15419347300,0,0,0,0,0,0,0,0,0,0,0,0,5905641750,0,0,0,0,0,150817400,0,0,0,0,0,461250,0,0,0,733514750,0,0,0,0,0,0,0,0,0,0,0,0,0,0,0,0,0,66182200,7042917850,0,0,0,0,0,0,0,16300585950,0,0,0,0,0,0,0,0,0,0,0,0,0,91750,0,0,0,0,0,0,0,0,719550,0,0,0,0,0,0,0,0,0,0,0,18450,0,0,0,0,0,0,0,0,0,0,0,0,0,0,0,0,0,0,0,0,1746682650,0,37869828250,3680548900,0,0,0,0,0,0,0,7154973100,0,0,0,0,0,0,0,0,0,0,0,0,0,0,0,0,0,0,0,0,0,0,0,0,0,11890800,0,0,0,0,0,0,0,0,0,0,0,0,24038599200,0,0,0,0,8918000,0,2133334950,40082350,0,1948481500,0,0,0,0,0,0,0,0,0,0,0,0,0,0,0,0
"Finland",2620800,0,0,0,0,0,122277850,611815350,0,110700,0,0,0,0,0,0,453750,0,0,0,0,18187050,0,0,0,284285500,0,0,0,0,83500,73091600,0,0,0,0,0,0,809250,3062700,0,2199579700,0,0,185130950,61880000,0,0,0,17221251250,0,0,0,231944000,0,0,19271350,0,92250,21457054550,0,330300,0,128826150,0,0,0,0,0,0,0,15235900,141600150,13383750,232507100,12450,12450,0,0,1282783200,59803150,12952654250,0,73800,0,11138250,0,0,0,0,0,64212150,0,26337206950,0,477100,0,0,0,1713258800,0,0,0,74250,0,0,0,0,0,30900,0,107745611100,0,0,0,0,65327104700,0,0,0,0,1932450,0,0,738000,21832246350,0,0,1794818550,0,0,0,14539350,35695518450,18446751050,0,0,0,590400,0,120105150,0,13396281800,0,0,0,0,4163700,0,0,0,3498450,2716620900,9688350,0,36564270650,35068548600,0,0,0,64579220950,121782650,0,0,696896450,0,49350,0,0,0,0,0,5210100,55350,0,0,948901350,1358968900,884934300,0,0,0,0,910000,0,0,0,0,1350403750,14549850,1553850,0,0,0,0
"France",570094650,0,11004770700,13801659065100,182470250,56817450,41048589850,37278862050,23104200,2494556200,42315000,0,0,0,0,0,22295484150,0,0,0,0,3624949700,84629650,0,866946078150,20130541550,27232255800,303985550,5088350,6578334650,574376750,5338341763300,744842850,15797578050,135022808950,0,458556300,1121387354500,51752560450,317074650,8821141800,48178002300,19242300,920154800,420847600,42417900,2523350153050,36770850,475840850,4755720450,0,28357650,30453948000,0,31350377600,28845060100,963061550,326609322600,105612729650,1814815347050,8487000,241977399950,0,297842137200,0,73800,59109450,31710194600,0,746458400,6605100,11749636300,10345341500,1805216000,491375800,316746600,151343200,978900,1200141350,266440739050,15682011750,4726034627400,1933863774000,153612300,8689950,72481184350,5152706500,16014600,242547200,883956150,0,32537402350,2744166300,37905775400,56819250,10804421700,0,674215350,21636721200,4552414400,347049050,12653006000,0,780694650,32897750,677965490100,4000611650,892082329350,341504417300,160236631500,7804350,5614198958250,33277300,103938950,13855950,516600,6547063671650,0,37727548900,6033600,386253650,1522002000,0,1523425750,78441642750,55874644500,109425156650,469477500,30258480400,0,9538650,102809100,71198050350,85912850700,2180856396300,0,0,0,10312858350,673650,21612746850,58265100,2626316550,63984600,5006279500,0,155570400,169492574150,868364565950,202101450,35807900,10422743000,3169413200,6102670650,36900,46412566550,4789323629200,12619800,0,0,68735351050,610379492100,0,13468500,15553165100,682229500,7130209350,32695724300,0,0,4052501450,553539440550,68907541400,28146254500,2822850,0,1057719298450,2330532400,173562555850,358647421550,110109850,6143850,34571300,6530446000,30941700,551942848300,148504663700,1494450,7847725296550,283802077950,2714636400,17615755650,0,0,4612500
"French Polynesia",0,0,0,0,0,0,0,0,0,0,0,0,0,0,0,0,0,0,0,0,0,0,0,0,0,0,0,0,0,0,55150,0,0,0,0,0,0,0,0,0,0,0,0,0,0,0,0,0,0,0,0,0,0,811800,0,0,0,0,0,0,0,0,0,0,0,0,0,0,0,0,0,0,0,0,0,0,0,0,0,0,0,0,0,0,0,0,0,0,0,0,0,0,0,0,0,0,0,0,0,0,0,0,0,0,0,0,0,0,0,0,0,0,0,0,0,0,0,0,0,0,0,0,0,0,0,0,0,0,0,0,0,0,0,0,0,0,0,0,0,0,0,0,0,0,0,0,0,0,0,0,0,0,0,0,0,0,0,0,0,0,0,0,0,0,0,0,0,0,0,0,0,0,0,0,0,0,0,0,0,0,0,0,0,0,0,0,0,0,0,0,0,0,0,0,0
"Djibouti",0,0,0,0,0,0,0,0,0,0,0,0,0,0,0,0,0,0,0,0,0,0,0,0,0,0,0,0,0,0,0,0,0,0,0,0,0,0,0,0,0,0,0,0,0,0,0,0,0,0,0,0,0,0,0,0,0,0,0,0,0,0,0,0,0,0,0,0,0,0,0,0,0,0,0,0,0,0,0,0,0,0,0,0,0,0,0,0,0,0,0,0,0,0,0,0,0,0,0,0,0,0,0,0,0,0,0,0,0,0,0,0,0,0,0,0,0,0,0,0,0,0,0,0,0,0,0,0,0,0,0,0,0,0,0,0,0,0,0,0,0,0,0,0,0,0,0,0,0,0,0,0,0,0,0,0,0,0,0,0,0,0,0,0,0,0,0,0,0,0,0,0,0,0,0,0,0,0,0,0,0,0,0,0,0,0,0,0,0,0,0,0,0,0,0
"Georgia",4310802900,0,0,0,0,0,0,50100,0,0,0,0,0,0,0,0,0,0,0,0,0,0,0,0,0,0,0,0,0,0,0,3180200,0,0,0,0,0,0,0,1563139200,0,0,0,0,0,0,0,0,0,0,0,0,0,0,0,0,0,0,0,182000,0,0,0,17399200,0,0,0,0,0,0,0,0,0,0,0,0,0,99683300,65358500,40786200,0,0,0,3740350,0,18200,0,0,0,0,0,0,0,24900,0,0,0,0,0,0,0,0,0,0,0,0,0,0,0,0,0,0,0,0,0,0,0,0,0,0,0,0,0,0,0,0,0,0,0,0,0,0,0,0,0,0,0,0,0,0,0,0,5857550,0,0,0,0,0,0,0,0,0,0,92250,0,0,0,0,0,0,0,0,0,0,0,0,0,0,0,0,0,0,18431550,136950,0,0,18200,0,0,0,0,18468450,412521200,0,0,0,0,0,0,0,0,0,0,0,0
"Gabon",0,0,0,0,0,0,0,0,0,0,0,0,0,0,0,0,0,0,0,0,0,0,0,0,0,0,0,0,0,0,0,0,0,0,0,0,0,0,0,0,184500,0,0,0,0,0,0,0,0,0,0,0,0,0,0,0,0,0,5535000,0,0,0,0,0,0,0,0,0,0,0,0,0,0,0,0,0,0,0,0,0,0,0,0,0,0,0,0,0,0,0,0,0,0,0,0,0,0,0,0,0,0,0,0,0,0,5046250,0,0,0,0,0,0,0,0,0,0,0,0,0,0,0,0,0,7380000,0,0,0,0,0,0,0,0,0,0,0,0,0,0,0,0,0,0,0,0,0,0,0,0,0,0,0,0,0,0,0,0,0,0,0,0,0,0,0,0,0,0,0,0,0,0,0,0,0,0,0,0,0,0,3745350,0,0,0,0,0,0,0,0,0,0,0,0,0,0,0,0
"Gambia",0,0,0,0,0,0,0,0,0,0,0,0,0,0,0,0,0,0,0,0,0,0,0,0,0,0,0,0,0,0,0,0,0,0,0,0,0,0,0,0,0,0,0,0,0,0,0,0,0,0,0,0,0,0,0,0,0,0,0,0,0,0,0,0,0,0,0,0,0,0,0,0,0,0,0,0,0,0,0,0,0,0,0,0,0,0,0,0,0,0,0,0,0,0,0,0,0,0,0,0,0,0,0,0,0,21763000,0,0,0,0,0,0,0,0,0,0,0,0,0,0,0,0,0,0,0,0,0,0,0,0,0,0,0,0,0,2174900000,0,0,0,0,0,0,0,0,0,0,0,0,5714800,0,0,0,0,0,0,0,0,0,0,0,0,0,0,0,0,0,0,0,0,0,0,0,0,0,0,0,0,0,0,0,0,0,0,0,0,0,0,0,0,0,0,0,0,0,0
"Germany",23303400,44228800,551867300,1550799845000,10114300,110908000,20944359850,820569314700,16026500,727951050,166549400,0,0,0,13892850,0,6919692500,0,0,0,257972050,16411160600,11291400,41499829550,94078500,35419558650,6542750,12846050,58314200,0,7067068550,5966014550,168084650,40950000,31255320850,2073550,1027900450,364061772750,5384077950,420946350,49045600,477761815850,0,758306000,4164900400,107690450,1025099300,15202800,0,8000972200,10974779600,147600,76450914350,1758830088800,7189300,66484600,551776700,3210300,20457700,0,2736211850,1068837150,0,115825939700,0,0,456196800,718745737650,38220000,0,0,2166057150,84712927050,27821649350,34735671250,381409900,132286500,2051889117550,1588899450,47271818850,70599668500,1337436508100,83235600,460370600,56812000,3498780450,1568477450,4335750,577268185100,2619900,71218850,6071838350,4324369300,5772246650,8523900,6701821300,1.837e+10,10641989400,60060664950,16497285400,0,0,86364050000,1418157750,1891720300,55509100,4764281850,49384379500,141828678400,1616295950,1678805700,825823283850,1.49966e+11,575045450,20169602550,1162350,5758084110250,0,0,1333121200,13099500,1085221650,0,25995650,525967474400,434875790800,412814559000,43390650,108041434650,0,138663100,188386300,608369250,551752167150,137924281000,0,0,0,1762216850,31729833000,86200517700,39713922950,54790849400,0,5361300,0,0,1649120877200,981714400,24433000,1981800,21606238300,33119030500,3733673250,1309950,1482671987900,531029825000,61273308150,0,0,236003231150,606809050950,7476051150,461250,1120598650,212371169500,1929431050,103933550,295200,83707650,113194238750,365291550,710066037550,103537548850,180015712200,0,2565193521150,7568632950,106275530450,0,200887650,17951850,331329350,2906198050,6717950,428944050,86841568250,0,2632216559900,107084698450,13232285150,381988200,757275259600,0,250820100
"Bosnia and Herzegovina",0,0,564695500,0,0,0,327185700,584669400,0,0,0,0,0,0,0,0,0,0,0,0,0,1809910950,0,0,0,80635800,0,0,0,0,0,92250,0,0,0,0,0,0,0,0,0,878683650,0,0,0,0,0,0,0,0,0,0,0,0,0,0,0,0,0,1047384500,0,0,0,0,0,0,0,0,0,0,0,0,319300900,69108674900,0,0,0,0,9058950,41179250,55036350,437769950,0,0,0,0,0,0,0,0,0,0,10608750,0,0,0,0,0,58984650,0,0,0,0,0,0,0,0,0,0,0,0,0,0,0,0,0,882284150,0,0,21435843750,0,0,0,0,0,0,0,0,0,0,0,0,0,36254250,0,0,0,0,13394700,0,168743700,0,209296800,0,0,0,0,21604950,0,0,0,2510279950,42379650,0,0,0,0,0,0,0,3957449350,132177150,0,0,0,0,0,0,0,0,0,0,89186431700,65997550,0,0,1717003800,0,1910180150,0,0,0,0,0,0,0,0,0,40274400,0,15004697050,27032406500,0,0,0
"Ghana",0,0,0,0,0,0,224250,18450,0,0,0,0,0,0,0,0,0,0,0,0,0,0,0,0,0,24554000,0,0,0,0,0,92250,0,0,0,0,0,0,312450,0,2877650350,0,0,0,0,0,36900,0,0,0,0,0,0,18450,0,0,0,0,0,7826550,0,0,0,0,0,0,0,0,0,0,0,0,0,0,2730000,36900,0,0,0,79216950,0,2221100,2212933300,0,0,184500,0,0,0,0,0,18450,0,0,0,0,0,15413100,0,0,0,0,0,0,0,429110100,0,0,0,0,0,0,16700,0,36900,0,239522550,0,0,0,0,0,0,87864548300,0,72800,0,0,0,0,0,0,0,0,18450,0,0,0,698000,0,0,0,0,0,0,0,0,0,70220700,0,0,0,0,0,0,9593500,0,0,0,0,532150,36700,0,0,0,0,0,125676639450,0,0,0,0,0,46226300,0,0,2862253750,0,55944250,123321686200,0,0,0,0,0,0,0,0,118491550,0,0,0,0,0,0
"Kiribati",0,0,0,0,0,0,0,0,0,0,0,0,0,0,0,0,0,0,0,0,0,0,0,0,0,0,0,0,0,0,0,0,0,0,0,0,0,0,0,0,0,0,0,0,0,0,0,0,0,0,0,0,0,0,0,0,0,0,0,0,0,0,0,0,0,0,0,0,0,0,0,0,0,0,0,0,0,0,0,0,0,0,0,0,0,0,0,0,0,0,0,0,0,0,0,0,0,0,0,0,0,0,0,0,0,0,0,0,0,0,0,0,0,0,0,0,0,0,0,0,0,0,0,0,0,0,0,0,0,0,0,0,0,0,0,0,0,0,0,0,0,0,0,0,0,0,0,0,0,0,0,0,0,0,0,0,0,0,0,0,0,0,0,0,0,0,0,0,0,0,0,0,0,0,0,0,0,0,0,0,0,0,0,0,0,0,0,0,0,0,0,0,0,0,0
"Greece",30838200,0,60126671050,0,0,0,3691911750,4689538700,783700,1082814700,0,0,0,0,0,0,586094850,0,0,0,0,96154066600,43062300,0,45127100,5194098400,0,0,114008550,0,0,6956122700,153946800,0,2103300,0,0,3950369650,66044599950,0,0,5442809000,0,0,0,0,1143387450,0,0,3366613350,0,0,556796500,3931653500,977850,0,123275200,0,0,29346336850,65303400,0,0,0,0,0,0,0,0,0,0,3714808400,2028374950,71287450,830250,249137600,52416450,0,668000,529527900,960898500,693391843800,0,8210250,0,12434152550,1318134150,0,71456850,0,0,1249825850,384233750,396202650,0,968972800,0,1596900,1428547000,110399700,0,182000,0,135285000,19095750,0,749472700,0,0,424350,166050,0,0,373581200,0,0,21863124900,0,0,4251190850,0,121762200,0,0,0,342696000,176566500,142870800,5742400000,0,0,0,37840950,14564496150,95698950,0,0,0,815366650,0,33780551450,0,649419600,0,0,0,0,2835518700,5645700,0,0,291511850,636908050,385158550,0,907235050,1517692800,118523550,0,0,2036831150,1259679550,0,0,25996050,0,209425950,110700,0,0,17047800,203973265000,90707096650,1882554400,268356050,0,33542042250,1249956300,16701098700,0,9833850,0,18450,161353150,30624700,0,13464000,0,14435728900,24040600,5023923200,815679950,76764300,0,0
"Greenland",0,0,0,0,0,0,0,0,0,0,0,0,0,0,0,0,0,0,0,0,0,0,0,0,0,0,0,0,0,0,0,0,0,0,0,0,0,0,0,0,0,0,0,0,0,0,0,0,0,0,0,0,0,0,0,0,0,0,0,0,0,0,0,0,0,0,0,0,0,0,0,0,0,0,0,0,0,0,0,0,0,0,0,0,0,0,0,0,0,0,0,0,0,0,0,0,0,0,0,0,0,0,0,0,0,0,0,0,0,0,0,0,0,0,0,0,0,0,0,0,0,0,0,0,0,0,0,0,0,0,0,0,0,0,0,0,0,0,0,0,0,0,0,0,0,0,0,0,0,0,0,0,0,0,0,0,0,0,0,0,0,0,0,0,0,0,0,0,0,0,0,0,0,0,0,0,0,0,0,0,0,0,0,0,0,0,0,0,0,0,0,0,0,0,0
"Grenada",0,0,0,0,0,0,0,0,0,0,0,0,0,0,0,0,0,0,0,0,0,0,0,0,0,0,0,0,0,0,0,0,0,0,0,0,0,0,0,0,0,0,0,0,0,0,0,0,0,0,0,0,0,0,0,0,0,0,0,0,0,0,0,0,0,0,0,0,0,0,0,0,0,0,0,0,0,0,0,0,0,0,0,0,0,0,0,0,0,0,0,0,0,0,0,0,0,0,0,0,0,0,0,0,0,0,0,0,0,0,0,0,0,0,0,0,0,0,0,0,0,0,0,0,0,0,0,0,0,0,0,0,0,0,0,0,0,0,0,0,0,0,0,0,0,0,0,0,0,0,0,0,0,0,0,0,0,0,0,0,0,0,0,0,0,0,0,0,0,92250,0,0,0,0,0,0,0,0,0,0,0,0,0,0,0,0,0,0,0,0,0,0,0,0,0
"Guatemala",0,0,0,0,0,0,0,0,0,0,0,0,0,0,0,0,18450,0,2600401600,0,0,0,0,0,0,405900,0,0,0,0,2992356400,0,0,0,477100,0,34529558200,6023995350,0,0,0,0,0,17555347350,0,294609600,0,92105809450,0,0,0,0,0,0,0,0,0,0,0,0,0,0,0,0,0,0,0,0,157581450,0,160330128300,0,0,0,0,0,0,0,0,0,0,5295150,0,0,324867600,0,0,0,0,0,0,0,0,0,0,0,0,0,0,0,0,0,0,0,0,0,0,0,0,11239486800,0,0,0,0,0,0,0,0,0,0,0,0,41666950800,0,0,0,0,16767912200,0,0,0,448316550,0,0,0,0,0,0,0,0,0,0,0,0,0,0,0,7416900,0,0,0,0,0,0,0,0,0,0,0,0,0,0,0,0,0,0,0,0,0,37397300,0,0,0,3321000,0,0,0,0,8650964300,0,70091550,0,55386900,0,0,0,0,0,0,0,0,0,0,0,0
"Guinea",0,0,0,0,0,0,0,0,0,0,0,0,0,0,0,0,0,0,0,0,0,0,0,0,0,0,0,0,0,0,0,0,0,0,0,0,0,0,0,0,0,0,0,0,0,0,0,0,0,0,0,0,0,73800,0,0,0,0,218400000,0,0,0,0,0,0,0,0,0,0,0,201850,0,0,0,0,0,0,0,0,0,0,0,0,0,0,0,0,0,0,0,0,18450,0,0,0,0,0,0,0,0,0,0,0,49194600,0,0,0,0,0,0,0,0,0,0,0,0,0,0,0,0,0,0,0,0,0,0,0,0,0,0,0,0,0,0,0,0,0,0,0,0,0,0,0,0,0,0,0,0,0,0,0,0,0,0,0,0,0,0,0,0,36900,0,0,0,0,0,0,0,0,0,0,0,0,0,0,0,0,0,2439000,0,0,0,0,0,0,0,0,0,0,0,0,0,0,0,0
"Guyana",0,0,0,0,95026700,0,0,0,0,0,1234922250,0,0,0,0,0,0,0,0,0,0,0,0,0,0,373771150,0,0,0,0,0,0,0,0,0,0,0,0,0,0,0,0,0,0,0,0,0,0,0,0,0,0,0,184500,0,0,0,0,0,0,0,0,0,0,0,3062700,0,0,0,0,0,0,0,0,0,0,0,0,0,0,0,0,0,0,959400,0,0,0,0,0,0,0,0,0,0,0,0,0,0,0,0,0,0,0,0,0,0,0,0,0,0,0,0,0,0,0,1528800,0,0,0,0,0,0,0,0,0,0,0,0,0,0,0,0,0,0,0,0,0,0,0,0,0,0,110700,0,0,0,0,0,0,0,0,0,0,0,0,0,990000900,0,0,0,0,0,0,0,0,0,0,0,783840150,0,0,0,0,0,0,94319100,0,1137397650,0,0,0,0,0,0,0,0,0,0,0,0,0,0,0,0
"Haiti",0,0,0,0,0,0,0,0,0,0,0,0,0,0,0,0,0,0,0,0,0,0,0,0,0,0,0,0,0,0,0,0,0,0,0,0,0,0,0,0,0,0,0,0,0,0,0,0,0,0,0,0,0,0,0,0,0,0,0,0,0,0,0,0,0,0,0,0,0,0,0,0,0,0,0,0,0,0,0,0,0,0,0,0,0,0,0,0,0,0,0,0,0,0,0,0,0,0,0,0,0,0,0,0,0,0,0,0,0,0,0,0,0,0,0,0,0,0,0,0,0,0,0,0,0,0,0,0,0,0,0,0,0,0,0,0,0,0,0,0,0,0,0,0,0,0,0,0,0,0,0,0,0,0,0,0,0,0,0,0,0,0,0,0,0,0,0,0,0,0,0,0,0,0,0,0,0,0,0,0,0,0,0,0,0,0,0,0,0,0,0,0,0,0,0
"Honduras",0,0,0,0,0,0,0,0,0,0,0,0,0,0,0,0,0,0,260384850,0,0,0,0,0,0,0,0,0,0,0,55350,0,0,0,0,0,12683637000,0,0,0,0,0,0,4346487900,0,0,0,73442174500,0,0,0,0,0,0,0,0,0,0,0,0,0,0,0,0,0,0,25150604100,0,0,0,0,0,0,0,0,0,0,0,0,0,0,8044400,0,0,55350,0,0,0,0,0,0,0,0,0,0,0,0,0,0,0,0,0,0,0,0,0,0,0,0,0,0,0,0,0,0,0,0,0,0,0,0,0,15880749000,0,0,0,0,240366600,0,0,0,0,0,0,0,0,0,0,0,0,0,0,0,0,0,0,0,0,0,0,0,0,0,0,0,0,256746300,0,0,0,0,0,0,0,0,0,0,0,0,0,0,0,0,0,0,0,0,0,8800076500,0,0,0,0,0,0,0,0,0,0,0,0,0,0,0,0
"Hong Kong SAR, China",0,0,0,0,0,0,3796883750,873600,6549750,0,0,0,0,0,0,0,996300,0,0,15964500,535050,184500,23511150,0,0,7746275850,0,0,0,0,0,82040887350,0,0,0,0,38925600,0,0,0,0,4440700,0,0,0,0,0,0,0,0,0,6052950,0,1890568700,0,1037400,0,0,0,97394650,0,6960700,0,479700,0,0,33341950,0,0,0,0,0,0,0,0,461250,18450000,0,0,43539450,0,121963700,0,0,115961400,77104000,0,0,13099500,688510850,0,891321450,6586650,0,0,0,258300,0,0,0,58240925150,6778400,0,3945717250,0,0,0,0,29149950,287746350,0,0,0,0,0,0,5214852450,0,0,0,1309200,1074203500,0,0,0,38892000,0,213165750,0,0,0,20202750,4199249900,3596600,2490750,0,0,0,0,0,0,0,5645700,0,0,0,0,0,0,40995900,0,110700,0,6485884650,0,130537100,149073150,3477250,0,0,399725150,30263550,0,0,2310800550,0,195368550,0,0,2675250,0,0,0,225776700,0,0,1785230100,0,13509098600,0,0,0,0,858478000,0,0,0,0,109179350,0,0,0,0,0,0
"Hungary",0,0,4188701250,0,0,0,103203650,1531608867000,0,698314050,0,0,0,0,0,0,90165150,0,0,0,0,39648848250,0,0,0,449234350,0,0,0,0,18350,374639850,0,0,58334650,0,0,0,5153267500,606900,0,582606350,0,221400,1051650,0,16869000,0,0,91122650,0,0,955306850,21442643100,0,0,5073750,0,0,400734144300,619567895800,147200,0,119270390700,0,0,0,0,0,0,0,201543250,0,456169534850,227709900,26863200,37350,75150000,959400,1097752500,1342606300,3632119728050,0,0,0,307650,1605150,73800,0,0,0,62084250,154684800,73344200,0,49335300,0,0,18450,3973627100,0,0,0,1605150,0,0,23399316900,0,0,1182750,0,109371600,0,124759900,0,0,221822999700,0,0,24652197450,0,23724400,0,0,0,765909600,0,0,41733393000,0,0,0,0,139174002950,513704250,0,0,0,15092100,0,2021737535400,0,5513739300,0,0,0,0,117415800,0,0,0,311749780850,198007110200,442800,0,155925950,697413300,0,0,0,3067167650,6218969950,0,0,479700,0,2195550,0,0,0,0,0,68713150,97858800,0,0,4233845650,7395155750,511808400,0,317690550,0,0,18450,0,0,22387000,0,12176539450,205953850,92223226450,122266900,0,0,0
"Croatia",0,0,14094609300,0,0,0,217938750,105620293050,0,0,0,0,0,0,0,0,0,0,0,0,0,635043050,0,0,0,168358700,0,0,0,0,0,18450,0,0,0,0,0,0,645750,258300,0,113148850,0,0,0,0,26604900,0,0,127400,0,0,63818550,355465250,0,0,0,0,0,20647898550,323240831100,0,0,5126900000,0,0,0,0,0,0,0,1710800,9842103550,0,18450,0,0,0,15311750,29037100,257395950,859297255050,0,7347000,0,811800,5922450,0,0,0,0,1420650,0,36400,0,0,0,0,6703560650,19719650,0,0,0,0,0,0,2583000,0,0,0,0,0,0,0,0,0,882450150,0,0,15643499400,0,4169700,0,0,0,2287800,0,0,209558600,0,0,0,0,7158303650,0,0,0,0,1070100,0,24369787400,0,199721250,0,0,0,0,91124550,0,0,0,153319139450,1092956950,532350,0,69150600,738000,0,0,0,1145825450,492461150,0,0,0,0,0,0,0,0,11974050,2.5217e+10,10661048950,257872900,0,0,2161556300,8837550,844715000,0,0,0,0,0,0,0,0,0,113172300,1088967900,139380735550,4018235700,0,0,0
"Iceland",0,0,0,0,0,0,0,0,0,0,0,0,0,0,0,0,0,0,0,0,0,0,0,0,0,55350,0,0,0,0,36900,0,0,0,0,0,0,0,0,0,0,5651550,0,0,0,0,0,0,0,0,180117850,0,0,0,0,0,0,0,0,55350,0,0,0,0,0,0,0,0,0,0,0,0,0,0,0,0,0,0,0,0,0,18450,0,0,0,0,0,0,0,0,0,0,0,0,0,0,0,0,0,0,0,0,0,0,0,0,0,0,0,0,0,0,0,0,0,0,36900,0,0,0,0,0,0,0,0,284100,0,0,0,0,0,0,0,18450,0,0,0,0,0,0,0,0,0,0,0,0,0,0,0,0,0,0,0,0,0,0,36900,0,0,0,2395200,18450,0,0,0,0,0,0,0,0,0,0,0,0,0,0,92250,0,5092650,0,0,0,0,0,0,0,0,0,110700,36900,0,0,0,0,0
"India",681650,93175877250,9960600,5864350,0,0,80599912950,516949800,39538350,8681113550,58080600,652374361200,0,24180849450,0,677944050,149666400,0,80662650,407288100,1998052500,85497300,1241095650,4404509500,8753647350,86005939550,106401150,1105044300,153074586950,7129744200,978490300,1111658250,145902600,890727050,19996265350,0,1136243250,664864200,270094800,28385550,9307211750,1983781550,70694350,10506345000,0,249425550,15827100,381158550,2996007200,0,0,585592000,160330850,4257008550,0,3397930250,11173150,3076998000,6304941850,9318674900,0,7663406050,21900150,4417450,0,3483050,405162000,22325279450,714511300,7202787750,16512750,10200480750,8529400,17712000,0,0,6467738950,457850,604590100,1791589850,5065587100,1271106250,2849037200,29193800,126825050,2895828550,5139830100,12041800,11568555850,1055195050,2633071750,5888584350,10233758850,0,0,2572923200,0,1529160150,2625784050,645750,1420350,1889505450,1024346200,74867362100,9106087600,1933437000,88706800,4601404450,4663496950,1683619400,1336720950,84722400,5035181750,0,7324096500,796833652700,8415859550,0,18450,0,128841600,16485280100,265661550,8065942450,9111557350,2115001200,420733800,1770113650,357200750,1115704050,182765700,62882700,8650916900,744196350,36253850,772942050,0,0,125767717800,472650,42102900,9273157250,1520980800,0,18450,56401650,335909550,16927164450,10295059100,2943979350,6063406000,8666750,0,29257792600,38148368200,24946151000,1967588150,308920600,0,4336650,2544663300,775431450,0,0,516019400,26007274300,7446850200,17497147300,325771650,510874000,17433666050,8302500,215399550,342771713450,30444268200,0,84479768600,460250,333248483150,7256265950,143582050,8907800,917905950,2081079450,635929600,13056267550,20950258650,219132300,249648750,18450,0,0,7381537200,3584325400,22140000
"Indonesia",38818800,0,0,58228200,0,0,41340551800,6793750,36623250,1336997500,0,430259600,0,18099450,0,0,767003400,0,0,3022494600,3433402350,0,11008604700,0,31641750,779763650,0,0,700812700,0,53523450,84091522500,67508550,0,0,0,0,0,0,11715750,0,0,0,21438900,0,0,188972650,0,7804350,0,0,1206860400,0,247352550,194426100,0,0,139630500,35595150,436882850,166050,279367350,1629232750,0,0,0,0,22608150,23080950,0,0,17020628550,0,10830150,0,13923247200,0,2127347750,2403399350,494958150,1440022450,35474500,129150,0,0,24303362950,1311028850,4981500,33855750,2978742900,0,25223821700,2437165200,0,27638100,676308250,0,153724200,1732399650,985912650,10811700,112444200,0,65589882350,1769541550,1586700,0,350550,1322510150,85165200,484294050,63075850,40387050,0,793350,183817350,4319201100,0,492969250,0,1731935900,4772930850,0,4557150,592046200,268558950,397210050,284700950,0,108772426450,0,36863100,52719580300,3099600,688675900,0,76516510200,0,1037401250,0,2583000,0,116880950,0,0,0,0,12655121100,0,194130900,10498050,0,0,19090427150,6623550,298439100,1899121350,0,0,0,86037100,1273050,0,0,12910245950,44132400,61176417200,61806300,1389654750,17212300,1036398550,0,473358550,6883179500,55350,23703450,1412993250,10313550,11277276750,0,0,20553300,23486850,79356998700,24723000,2647810400,0,0,213638300,0,0,0,161474400,0,382523850
"Iran (Islamic Republic of)",622500,0,0,0,0,0,0,24900,0,9972450,0,0,0,0,0,0,0,0,0,0,0,0,0,0,0,18525600,0,0,0,0,0,0,0,0,0,0,0,0,0,0,0,0,0,0,0,0,0,0,0,0,0,0,0,0,0,0,2577150,0,0,16176250,0,0,0,0,0,0,0,0,0,0,0,0,0,0,0,0,62250,0,0,0,0,0,5194401450,224100,0,0,0,4544250,0,0,0,0,783100,0,0,547800,0,0,0,0,0,0,0,0,4058700,0,0,0,0,0,0,0,0,0,0,0,485550,0,0,0,0,0,0,0,0,0,361050,0,0,0,0,0,0,0,0,0,0,0,0,0,0,0,0,0,0,0,0,0,0,0,0,0,0,0,0,0,0,0,0,0,49252200,3598050,0,0,0,0,0,0,0,0,65536800,0,0,0,0,0,2452650,0,0,0,0,0,0,0,0,0,0,0,0,0,0,0,0,0,0
"Iraq",0,0,0,0,0,0,0,0,0,0,0,0,0,0,0,0,0,0,0,0,0,0,0,0,0,0,0,0,0,0,0,0,0,0,0,0,0,0,0,0,0,0,0,0,0,0,0,0,0,0,0,0,0,0,0,0,0,0,0,0,0,0,0,0,0,0,0,0,0,0,0,0,0,0,0,0,0,0,0,0,0,0,0,0,0,0,0,0,0,0,0,0,0,0,0,0,0,0,0,0,0,0,0,0,0,0,0,0,0,0,0,0,0,0,0,0,0,0,0,0,0,0,0,0,0,0,0,0,0,0,0,0,0,0,0,0,0,0,0,0,0,0,0,0,0,0,0,0,0,0,0,0,0,0,0,0,0,0,0,0,0,0,0,0,0,0,0,0,0,0,0,0,0,0,0,0,0,0,0,0,0,0,0,0,0,0,0,0,0,0,0,0,0,0,0
"Ireland",36900,0,0,0,0,0,2061575200,164112750,0,39992050,0,0,0,0,0,0,0,0,0,0,18450,205145550,0,0,0,1438650200,0,0,0,0,0,81026400,0,0,0,0,0,0,132840950,0,0,2886603900,0,0,18450,0,202950,0,0,14962950,0,0,11127400,1356479100,0,0,346500,0,0,2208762750,0,0,0,80921700,0,0,0,0,0,0,0,535050,0,0,36900,165800,0,0,129150,0,69224400,433570650,0,0,0,4114350,0,0,0,0,0,21383550,12988800,0,0,0,0,0,19003500,1881900,0,0,0,83374300,0,0,432777000,0,0,0,0,516600,0,0,0,0,2976231000,0,0,0,0,1992600,0,0,4587500,148202850,39519900,0,20276550,0,0,0,682650,27267300,899898750,0,0,0,112909700,0,1404450,0,18450,0,0,0,0,25497900,0,0,0,0,2121750,33287400,0,515234700,375685050,0,0,0,145681200,597466800,0,0,30900,0,18450,0,0,0,0,12450,92250,238055300,0,0,835903714350,541500,2629245300,0,92194650,0,0,5421750,0,0,0,0,56604600,691600,55350,0,0,0,0
"Israel",0,0,0,0,0,369258300,3511709450,164139800,0,0,0,0,0,0,0,0,196296600,0,0,0,0,0,0,0,34525400,3968521400,0,0,0,0,162507600,215754350,6937200,0,0,0,0,0,107660300,41170200,0,2023305800,0,0,0,0,36254250,0,0,0,0,0,0,5742512300,0,0,41915550,0,0,3223536650,0,1070100,0,18671400,0,0,0,0,0,0,0,18689850,193052750,7490700,0,35663850,0,0,0,0,0,1871329050,0,0,0,85884750,527870300,0,4280400,1070100,0,93203700,0,0,0,0,0,0,0,84270950,0,0,0,0,0,0,0,0,0,232397100,0,0,0,0,0,0,3311910550,0,0,0,0,71991900,0,0,7453800,0,0,80877400,0,0,0,0,5332050,5848650,2140200,0,0,0,0,0,29390850,0,214905000,0,0,0,0,0,0,0,0,257685450,6955650,87322350,0,1368748950,908651100,0,0,0,47951550,250819200,0,0,2121750,0,59197250,0,0,0,0,0,355523800,0,2675250,0,8067861350,325587900,71788990050,0,62434800,10147500,0,547800,0,0,0,0,3193661050,0,0,0,0,0,0
"Italy",5982130600,186548250,81708713050,505847000,525286650,6149092550,198566065050,187889968050,346471000,5420125800,249794550,1263944850,0,32956600,167777150,23139350,103538587650,0,47157700,0,466358550,18893349650,376426150,7140150,388529200,160643623100,911225900,13212000,774033500,0,26996937800,139122230750,41432985300,111911850,556720400,39889950,5226348450,3441572250,6661668050,1194246050,644937550,133701925700,401828300,9402749850,8125465100,3763039950,4482658800,589291750,19047300,6460965550,0,96502650,37070676350,1379094309250,3084252050,354573550,7801444800,1103679700,45875000,1931437769200,10266118500,734755150,0,93045711500,0,111890450,1978340700,2600508650,0,317675200,871335050,37932720450,65242992100,69636342950,4690985550,19462687550,7413033900,41638550,3329601550,81162789900,149404246100,0,350342900,4244008000,601186700,322525403200,16332200650,1199250,1810988250,1350655450,0,97856614800,10594622050,14777795300,83402750,29804056100,0,3688350,36689236650,23489645700,217186550,362131150,44610800,12163476350,951242050,8142563450,68526576050,100238850,2879134000,20030438300,1156466200,16276366050,861438550,5919107900,837643850,1295069200,261378009250,0,2815176250,17229284950,30277500,25983612600,165673200,263597750,437284650,71389453550,2667813900,4790994800,107582386100,21084150,579075500,4871871900,11101660750,178501222300,59948265850,8856000,0,351603600,9540240800,12918400,100526786000,86111200,133383701450,137918600,24185300,0,0,205444994500,1708739250,1248852700,22357600,85842498000,28441297100,23300874550,2127267300,58897409250,299715973350,209045050,8714750,0,226823537500,235018365500,599200650,48211650,20906913400,598228400,19051076050,115647000,0,310864450,4219759100,3810699300,19702924650,49685258100,431295500,0,1258520348650,96071019250,1099368028500,24449519200,4426234100,98733300,9228068750,13097735150,4044932500,23032515750,253522050,256015350,290368555150,16435042850,55706100550,13107282950,51491400,0,2000991000
"Cote dIvoire",0,0,0,0,0,0,0,0,0,0,0,0,0,0,0,0,0,0,0,0,0,0,0,0,0,18450,0,0,0,0,0,0,0,0,1155200,0,0,0,0,0,134869500,0,0,0,0,0,0,0,904050,0,0,0,0,5422050,0,0,0,9261900,0,0,0,25807378700,0,0,0,0,0,1842411550,0,0,0,0,0,0,171300,0,0,0,0,0,0,0,0,0,0,0,0,0,0,0,0,0,0,0,0,0,0,4418375950,0,0,0,0,0,0,0,54426186100,0,0,0,0,0,0,0,0,0,0,0,0,0,0,0,0,0,23375929400,0,0,0,0,0,0,0,0,0,0,0,0,0,0,0,0,0,49077000,0,0,0,0,0,0,5512277900,0,0,0,0,0,0,0,0,0,0,0,0,0,0,0,0,0,0,562850350,0,0,0,18450,0,0,0,0,309400,0,0,286753597950,0,0,0,0,0,0,0,0,285700,0,0,0,36400,0,0
"Kazakhstan",334809250,5134388802950,0,0,0,0,0,0,0,0,0,0,0,0,0,0,0,0,0,0,0,0,0,0,0,0,0,0,0,0,0,1198508996300,0,0,0,0,0,0,0,430780117000,0,0,0,0,5908232600,0,0,0,0,0,0,0,7484105000,0,0,0,89617129350,0,0,1085884150,0,0,0,39204502500,0,0,0,0,0,0,0,0,0,0,0,0,0,38364242000,2696057000,0,0,466358622200,0,0,0,0,0,596013745250,0,0,0,0,0,1987300000,0,0,0,0,0,621240000,0,0,0,1895784000,0,0,0,0,0,0,7817096550,0,0,3846405500,0,0,16990563300,0,0,0,0,0,0,0,0,12941665000,0,0,0,0,0,0,0,13827092700,0,0,0,0,0,0,37310000,0,973138973150,0,0,0,0,0,0,0,0,0,0,0,0,0,0,0,3757945981800,0,1.503e+10,2434860000,0,620991146100,0,0,0,0,0,0,0,52102279900,356014595800,123760000,0,0,37442068000,263943450,0,0,0,9900164228200,0,23044664000,0,0,0,0,1.1356e+10,0,0,0,0,0,0
"Jamaica",0,0,0,0,542602000,0,18450,0,81936450,0,3365121700,0,0,0,0,0,0,0,387450,0,0,0,0,0,0,3959750900,0,0,0,0,0,166050,36900,0,0,0,147600,0,0,0,0,0,39034950,29919900,0,0,0,0,0,0,0,0,0,35663850,0,0,0,0,0,0,0,0,0,0,0,865735250,0,0,6922627500,5553450,0,0,0,0,0,0,0,0,0,0,0,0,0,0,0,18450,0,0,0,0,0,0,0,0,0,0,0,0,0,0,0,0,0,0,0,0,0,0,40995900,0,2730600,0,0,0,0,0,18450,0,0,0,0,0,4612500,0,0,0,0,0,0,0,0,0,0,0,0,0,0,0,0,0,0,0,0,48375900,205072600,86402200,0,0,0,0,0,0,0,0,0,0,0,2293018950,0,0,73800,0,0,0,0,0,0,0,0,3385029750,0,0,0,0,0,0,5019960900,405900,15857062650,0,0,0,0,0,0,0,0,0,0,0,0,0,0,0,0
"Japan",0,0,0,0,0,13126800,6776260250,2558350,0,86676850,0,0,0,0,0,0,415485200,0,0,0,77738150,477836550,432311550,0,0,3770461350,0,0,3640000,0,4861100,82298461900,1845000,0,0,0,0,0,0,0,0,37638000,0,0,0,0,0,0,0,0,0,0,16717600,933902900,0,864150,0,0,0,1018961550,0,0,0,0,0,0,0,0,0,0,0,202292316550,0,2110250,0,33547250,5423269550,0,0,0,64483100,1883800500,0,0,0,0,7255300,0,8991500,495193150,0,8117215100,63955400,0,24764300,25306500,0,0,0,3505500,715394450,0,0,77948998500,0,0,0,0,9468600,254965350,160585450,0,0,0,0,2295250,2120685800,0,7922350,0,0,1007181350,0,0,0,85645350,0,0,18566550,0,2988900,3136500,1442555550,160069900,353671200,0,0,0,57427950,0,0,0,424915400,0,0,0,0,2637039950,0,0,0,33732550,0,193581053250,0,6702050,488000950,0,0,0,154167800,413570400,0,0,59576427200,2664300,29960242100,0,0,0,270034200,0,0,772340300,0,0,2243322750,6973000,38346720700,0,0,0,0,57718704750,367000,0,0,0,318480450,0,0,0,0,0,0
"Jordan",0,0,0,0,0,0,92107500,0,0,186498850,0,0,0,0,0,0,0,0,0,0,0,0,0,0,0,131806800,0,0,0,0,0,0,0,0,0,0,0,0,0,0,0,50405400,0,0,0,0,311657400,0,0,0,0,0,0,0,0,0,0,0,0,331749450,0,0,0,0,0,0,0,0,0,0,0,0,0,0,0,0,0,0,43258261700,0,1644069450,0,0,0,0,0,0,0,0,0,0,0,1013624900,0,0,842300400,0,13726800,523481850,0,0,90520550,0,0,0,0,0,0,0,0,0,360937350,0,0,0,0,175754700,0,0,0,0,0,0,0,0,104500800,0,0,0,0,0,0,0,0,0,0,0,0,543892050,0,0,0,0,0,0,0,0,5452559850,0,0,0,0,0,0,50811300,0,0,0,0,0,100426400,0,134804724600,0,0,0,0,0,0,0,269702100,0,180784200,550683600,0,0,123828650,0,1843231450,0,0,0,0,0,0,5450483400,0,0,71844300,0,0,0,0,0,3529845100
"Kyrgyzstan",0,123097000,0,0,0,0,0,0,0,0,0,0,0,0,0,0,0,0,0,0,0,0,0,0,0,0,0,0,0,0,0,442405050,0,0,0,0,0,0,0,0,0,0,0,0,0,0,0,0,0,0,0,0,0,0,0,0,535050,0,0,0,0,0,0,0,0,0,0,0,0,0,0,0,0,0,0,0,0,0,0,0,0,0,0,9285525050,0,0,0,0,0,0,0,0,0,0,0,0,0,0,0,0,0,0,0,0,0,0,0,0,0,0,192138300,0,0,0,0,0,0,0,0,0,0,0,0,0,0,0,0,0,0,0,0,0,0,0,0,0,0,0,0,0,0,0,835014250,0,0,0,0,0,0,0,0,0,0,0,0,0,0,0,1000749350,0,0,0,0,55663650,0,0,0,0,0,0,0,0,0,0,0,0,0,0,33400,0,0,270520200,0,0,0,0,0,0,0,0,0,0,0,0,0
"Kenya",0,0,0,0,0,0,1535050,0,0,0,0,0,0,0,0,0,0,0,0,0,0,0,0,55050,461250,217100,0,1254600,0,0,0,684750,0,163800,0,0,0,0,0,0,0,0,0,0,0,0,0,0,0,0,0,0,0,592050,0,0,0,0,0,1546250,0,0,0,0,0,0,0,0,0,0,0,0,0,0,0,0,0,0,0,0,25050000,16700,0,0,0,0,0,0,0,0,0,0,0,0,0,0,0,0,0,0,0,0,0,0,0,0,0,0,2435400,0,0,0,0,0,0,0,0,0,0,0,0,0,0,0,701100,0,0,0,0,0,0,0,0,73800,0,0,0,0,873600,369000,0,2449977900,0,0,0,0,0,0,0,0,0,0,0,0,316534950,0,0,0,0,0,91000,0,0,0,0,102752400,0,0,0,0,0,0,0,49289400,9207253800,0,8134500,0,6467900,0,0,0,0,0,0,25690000,7398750,0,0,0,0,0,18450,5208330350,0
"Cambodia",0,0,0,0,0,0,6680541100,292976100,0,0,0,0,0,0,0,0,0,0,0,0,0,0,0,0,0,142946500,0,0,0,0,0,215494800,0,0,0,0,0,0,0,0,0,0,0,0,0,0,0,0,0,0,0,0,0,903221450,0,0,0,0,0,290186900,0,0,0,95420000,0,0,0,0,0,0,0,276750,0,0,0,0,0,0,0,0,0,302903450,0,0,0,7930400,0,0,0,0,0,507176950,0,0,0,867150,0,0,0,0,0,0,0,24686100,0,0,0,0,0,0,0,0,0,0,0,0,627790200,0,0,0,0,59206050,0,0,0,17047150,0,0,57692400,0,0,0,0,0,86538600,0,0,0,0,0,0,0,0,0,0,0,0,0,0,0,0,0,0,65857200,0,0,377147550,0,0,0,25323000,0,0,0,0,0,0,0,0,0,0,0,0,0,0,0,483540850,0,949375900,0,0,0,0,40516200,0,0,0,0,295490050,0,0,0,0,0,0
"Democratic People's Republic of Korea",0,0,0,0,0,0,0,0,0,0,0,0,0,0,0,0,0,0,0,0,0,0,0,0,0,0,0,0,0,0,0,0,0,0,0,0,0,0,0,0,0,0,0,0,0,0,0,0,0,0,0,0,0,0,0,0,0,0,0,0,0,0,0,0,0,0,0,0,0,0,0,0,0,0,0,0,0,0,0,0,0,0,0,0,0,0,0,0,0,0,0,0,0,0,0,0,0,0,0,0,0,0,0,0,0,0,0,0,0,0,0,0,0,0,0,0,0,0,0,0,0,0,0,0,0,0,0,0,0,0,0,0,0,0,0,0,0,0,0,0,0,0,0,0,0,0,0,0,0,0,0,0,0,0,0,0,0,0,0,0,0,0,0,0,0,0,0,0,0,0,0,0,0,0,0,0,0,0,0,0,0,0,0,0,0,0,0,0,0,0,0,0,0,0,0
"Republic of Korea",0,0,128450,14001500,0,238026250,17787787400,804916100,0,286054450,0,120047050,0,9003600,40974150,0,1310760800,0,0,847200,130357000,3265300,557502200,0,0,14464293700,0,0,22471600,0,467271100,42562041350,60794400,0,0,0,42401700,55350,1771200,0,0,197781950,0,55814750,0,4100650,54975200,2988900,0,0,0,16885700,9553500,1918043700,21568050,348850,8003900,0,0,7878302750,0,1726555200,627300,28942200,0,0,124906600,737300,0,885600,165150,61140923850,30316750,0,0,594941700,20796894350,11365200,88602000,301627850,225163550,575370750,6070200,1119335450,0,18127324150,19687300,50976300,42978100,567927900,0,0,1146166300,23431500,135748700,17765850,0,239050,0,181446550,107433900,2204950,27490500,6849354050,4852350,0,2351750,0,13376250,285362700,1562543500,4388800,3413250,0,0,69513300,6047650050,0,30571650,0,2630050,4299382500,29206600,0,25507400,124280850,15350400,47389950,237323150,28910900,178709500,213497100,12390809550,817838950,53401250,0,23027850,0,497707900,0,57534350,807400,6628607650,0,0,0,0,3758185900,6402050,1697400,239850,8765550,95129800,18941415900,0,804881850,827267900,21734100,0,0,903558800,559808350,0,0,14192219200,1603650,33856016400,36700,0,917500,83169250,147200,220329200,1643604300,2073900,0,4846174800,135600300,121382062000,0,96439150,39104450,0,16780810400,1125450,0,0,13264250,222248050,0,0,0,27487150,0,0
"Kuwait",0,0,0,0,0,0,1070100,0,0,5756232800,0,0,0,0,0,0,0,0,0,0,0,0,0,0,0,0,0,0,0,0,0,36900,0,0,0,0,0,0,0,0,0,0,0,0,0,0,65191950,0,0,0,0,0,0,0,0,21884300,0,0,0,91000,0,0,0,0,0,0,0,0,0,0,0,0,0,0,0,0,0,516955300,42144051800,0,0,0,0,0,0,0,3372801450,0,0,0,0,8745300,0,0,0,13212000,0,0,190182600,0,0,0,0,0,0,0,0,0,0,0,0,0,0,0,0,0,4649400,0,0,0,0,0,0,0,0,16291350,2011050,0,0,0,0,0,0,0,0,0,0,0,13647572500,0,0,0,0,0,0,0,0,301706750500,0,0,0,0,0,0,2583000,0,15470000,0,0,0,0,0,0,0,0,0,0,0,0,0,199357950,0,0,20718136400,0,0,0,0,89500950,0,0,0,0,0,0,108523650,0,0,0,0,0,0,37453500,0,9169650
"Latvia",9095850,0,0,773472991600,0,0,54872550,124534750,0,45748450800,0,0,0,0,0,0,143079750,0,0,0,0,53599750,0,5.01e+09,4390013450,34537150,0,0,0,196748700,206374450,119838000,0,0,38793541100,0,10608750,0,367159900,0,3630445000,39557668000,0,0,10147500,0,23044050,0,1091090000,102181161750,0,0,170483120700,10556771350,484476700,0,15608700,196583550,2720130600,178845112750,0,114596710250,0,245891650,0,0,0,0,88080000,0,0,3113928350,3652350,6642000,18450,711888250,5313600,0,0,50669059000,161756473250,244971550,2702245000,199824450,0,5286943150,1383897450,0,498834655800,0,0,745404950,5295150,0,0,313650,0,0,52402395600,242929997350,0,5.511e+10,2.505e+09,267713050,5295150,0,19773212450,7.1643e+10,0,0,21840000,414459731600,178058205600,11170050,440216500,0,112200299550,0,0,18339300,0,6699815000,0,2.7555e+10,1991204493400,22019019350,0,0,407548700,3150800,0,0,6715800,17216550350,101440089350,0,0,0,14926050,3590500000,106013700,5.01e+09,3571885450,0,0,0,0,1494768026050,19658821000,0,45706843000,8856000,20461050,40758544600,320427700,387157557150,309845509700,546889250,387450,0,103195938900,84337170200,0,0,3201300,6.4128e+10,50197040300,49545000,0,0,0,0,724321301850,389336700,10604500000,0,406451456850,3842911750,622430150,0,90766400,9709800,0,0,0,0,77103900000,0,5574041550,221400,0,0,1.1022e+11,0,47010600
"Lao People's Democratic Republic",0,0,0,0,0,0,0,0,0,0,0,0,0,0,0,0,0,0,0,0,0,0,0,0,0,0,0,0,0,0,0,0,0,0,0,0,0,0,0,0,0,0,0,0,0,0,0,0,0,0,0,0,0,0,0,0,0,0,0,0,0,0,0,0,0,0,0,0,0,0,0,0,0,0,0,0,0,0,0,0,0,0,0,0,0,0,0,0,0,0,0,0,0,0,0,0,0,0,0,0,0,0,0,0,0,0,0,0,0,0,0,0,0,0,0,0,0,0,0,0,0,0,0,0,0,0,0,0,0,0,0,0,0,0,0,0,0,0,0,0,0,0,0,0,0,0,0,0,0,0,0,0,0,0,0,0,0,0,0,0,0,0,0,0,0,0,0,0,0,0,0,0,0,0,0,0,0,0,0,0,0,0,0,0,0,0,0,0,0,0,0,0,0,0,0
"Lebanon",0,0,0,102990000,0,0,618360050,5867100,0,302789400,0,0,0,0,0,0,13646300,0,0,0,0,73800,0,0,28439500,346865150,0,38894300,0,1122950,92250,184500,14739050,0,137759200,0,0,0,131146450,0,38057700,51936450,982800,0,0,0,77121000,0,28832450,0,0,0,0,180007350,0,149592600,0,160403450,27355700,851621600,0,185203600,0,1314150,0,0,0,67799800,0,0,0,553500,0,0,0,0,1457550,20534850,7503345500,0,0,768099350,346239450,0,0,0,15976321200,0,3853500,0,0,0,607020950,0,0,0,0,138555750,425597200,0,0,0,1600050,23926900,13287450,39951000,0,2799750,0,0,0,6844950,14833800,0,0,0,74507850,0,0,0,0,5996250,0,2693350,140534750,11752650,0,22102550,276750,0,2324700,0,0,0,0,0,0,0,500420300,0,455000,0,221400,0,0,0,0,4783475550,141514000,36900,74867500,6328350,0,13746450,8990800,5313600,535050,0,0,5590350,566392100,53110800,1352009300,0,0,54850,0,80927700,0,0,1563540700,9225000,611852100,1072724900,5885550,0,297657000,0,412929850,38068300,2546100,0,799259350,0,0,2238755800,0,50628650,63960650,0,36076100,0,350550,0,0
"Lesotho",0,0,0,0,0,0,0,0,0,0,0,0,0,0,0,0,0,0,0,0,0,0,0,0,0,0,0,0,0,0,0,0,0,0,0,0,0,0,0,0,0,0,0,0,0,0,0,0,0,0,0,0,0,0,0,0,0,0,0,0,0,0,0,0,0,0,0,0,0,0,0,0,0,0,0,0,0,0,0,0,0,0,0,0,0,0,0,0,0,0,0,0,0,0,0,0,0,0,0,0,0,0,0,0,0,0,0,0,0,0,0,0,0,0,0,0,0,0,0,0,0,0,0,0,0,0,0,0,0,0,0,0,0,0,0,0,0,0,0,0,0,0,0,0,0,0,0,0,0,0,0,0,0,0,0,0,0,0,0,0,0,0,0,0,0,0,0,0,0,0,0,0,0,0,0,0,0,0,0,0,0,0,0,0,0,0,0,0,0,0,0,0,0,0,0
"Liberia",0,0,0,0,0,0,0,0,0,0,0,0,0,0,0,0,0,0,0,0,0,0,0,0,0,0,0,0,0,0,0,0,0,0,0,0,0,0,0,0,0,0,0,0,0,0,0,0,0,0,0,0,0,0,0,0,0,0,0,0,0,0,0,0,0,0,0,0,0,0,0,0,0,0,0,0,0,0,0,0,0,0,0,0,0,0,0,0,0,0,0,0,0,0,0,0,0,0,0,0,0,0,0,0,0,0,0,0,0,0,0,0,0,0,0,0,0,0,0,0,0,0,0,0,0,0,0,0,0,0,0,0,0,0,0,0,0,0,0,0,0,0,0,0,0,0,0,0,0,0,0,0,0,0,0,0,0,0,0,0,0,0,0,0,0,0,0,0,0,0,0,0,0,0,0,0,0,0,0,0,0,0,0,0,0,0,0,0,0,0,0,0,0,0,0
"Libya",0,0,0,0,0,0,0,0,0,0,0,0,0,0,0,0,0,0,0,0,0,0,0,0,0,0,0,0,0,0,0,0,0,0,0,0,0,0,0,0,0,0,0,0,0,0,0,0,0,0,0,0,0,0,0,0,0,0,0,0,0,0,0,0,0,0,0,0,0,0,0,0,0,0,0,0,0,0,0,0,0,0,0,0,0,0,55350,0,0,0,0,0,0,0,0,0,0,0,0,0,0,0,0,0,0,0,0,0,0,0,0,0,0,0,0,0,0,0,0,0,0,0,0,18442250,0,0,0,0,0,0,0,0,0,0,0,0,0,0,0,0,0,0,0,0,0,0,0,0,0,0,0,0,0,0,0,0,0,0,0,0,0,0,0,0,0,0,0,0,0,0,0,0,0,0,0,0,0,0,0,0,0,0,0,0,0,0,0,0,0,0,0,0,0,0,0
"Lithuania",18883500,419685700,0,704060644000,0,0,294256950,2563730300,0,0,0,0,0,0,0,667995050,0,0,0,0,0,1624147300,0,0,1.67e+10,730342200,0,0,0,0,0,995839277900,0,0,0,0,0,0,293155000,172756700,0,27444746900,0,0,10060584450,0,217300400000,0,0,19901597050,0,0,10588060700,47852618250,0,0,1098037500,0,0,229452549350,7509150,3.34e+10,0,377823350,0,0,0,55122288700,0,0,0,9567400,186011200,136290150,133180900,147600,0,1494450,0,3624321450,371379050050,143142456300,0,1314350950,0,1345378150,310004900,82101650,148851208200,0,0,3971250,0,1477054705000,0,0,0,0,50101506900,0,0,0,0,0,0,0,2437298850,0,25920900,0,10774800,107233956500,4.175e+10,9704700,0,0,220280449150,0,0,0,0,49825300,0,0,1759350644600,17049222300,0,0,8288672800,0,0,0,0,70072138850,43669395900,0,0,0,1236150,0,504218850,0,39704957700,0,0,0,0,1717200680850,7670300,0,4350147400,28339200,891092000,332642950,0,984028822350,572131610550,0,96803900,0,21991092250,88667500,0,0,851283500,1.2358e+11,6287353800,0,0,0,45801600,0,986748815850,212035550,35562650000,0,90022079850,6111226250,6992012300,0,0,159797950,0,32767100,0,0,0,0,2695860100,12525000,62125900,627300,689631477500,0,1694602000
"Macao SAR, China",0,0,0,0,0,0,0,0,0,0,0,0,0,0,0,0,0,0,0,0,0,0,0,0,0,36752400,0,0,0,0,0,571212000,0,0,0,0,0,0,0,0,0,0,0,0,0,0,0,0,0,0,0,0,0,0,0,0,0,0,0,0,0,0,0,0,0,0,0,0,0,0,0,759577200,0,0,0,0,0,0,0,0,0,0,0,0,0,0,0,0,0,0,0,0,0,0,0,0,0,0,0,0,0,0,0,3099600,0,0,0,0,0,0,0,0,0,0,0,0,0,0,0,0,0,0,0,0,0,0,0,0,0,0,0,0,535050,0,0,0,0,0,0,0,0,0,0,0,0,0,0,0,0,0,0,0,0,3394800,0,0,0,0,0,0,0,0,0,0,20645550,0,0,0,0,0,0,0,0,0,0,0,0,0,59851800,0,0,0,0,0,0,0,0,0,0,0,0,0,0,0,0
"Madagascar",0,0,0,0,0,0,0,0,0,0,0,0,0,0,0,0,0,0,0,0,0,0,0,0,0,0,0,0,0,0,0,0,0,59437350,0,0,0,0,0,0,0,0,0,0,0,0,0,0,0,0,0,0,0,226262400,0,0,0,0,0,0,0,0,0,0,0,0,0,0,0,0,0,0,0,0,0,0,0,0,0,0,0,0,0,0,0,0,0,0,0,0,0,0,0,0,0,0,0,0,0,0,0,0,0,0,0,0,0,0,110625950,0,0,0,0,0,0,0,0,0,0,0,0,0,0,0,0,0,0,0,0,0,0,0,0,0,0,0,0,0,0,0,0,0,0,0,0,0,0,0,0,0,0,0,0,0,0,0,0,0,0,0,0,0,0,0,0,0,0,0,0,0,0,0,0,0,0,0,0,0,0,0,0,0,0,0,0,0,0,0,73800,0,0,0,0,0,0
"Malawi",0,0,0,0,0,0,0,0,0,0,0,0,0,0,0,0,0,0,0,0,0,0,0,0,0,0,0,0,0,0,0,0,0,0,0,0,0,0,0,0,0,0,0,0,0,0,0,0,0,0,0,0,0,0,0,0,0,0,0,0,0,0,0,0,0,0,0,0,0,0,0,0,0,0,0,0,0,0,0,0,0,0,0,0,0,0,0,0,0,0,0,0,0,0,0,0,0,0,0,0,0,0,0,0,0,0,0,0,0,0,0,0,220532850,0,0,0,0,0,0,0,0,0,0,0,0,0,0,0,0,0,0,0,0,0,0,0,0,0,0,0,0,0,0,0,0,0,0,0,0,0,0,0,0,0,0,4243500,0,0,0,0,0,0,0,0,0,0,0,0,0,0,0,0,0,0,0,0,184500,0,92250,0,0,0,0,0,0,0,0,4612500,0,0,0,0,0,0,0
"Malaysia",0,0,58172850,1303123500,0,272764800,49285500500,0,181902050,2176333050,0,2055761000,0,12767400,0,0,2950874550,0,0,1983301200,39575962250,12472200,85475368300,0,80312850,5221045650,0,0,805622600,0,428095350,55539403750,8505450,200237850,342858050,0,17933400,126198000,0,23044050,0,4114350,0,31235850,0,71918100,410973750,0,73357200,992388600,0,393667650,123485850,2616390450,654513750,57047400,109445400,134851050,134961750,520640550,0,808220700,129239550,0,0,0,0,74538000,268115400,0,0,14035754100,0,0,3819150,11064739050,39741683550,189629100,3676144050,186437250,0,893699550,5516550,201031200,16549650,48626667550,2261158200,0,366361650,3929490150,0,47226468150,2303511600,164887650,36660150,1477863450,0,114076350,1315411200,23449950,559699350,167747400,0,0,7204101000,977850,0,13062600,9361346200,344395950,179942850,403925850,0,0,0,766283850,371156050,0,493426800,0,271694700,9358994600,0,4261950,696472550,0,1913948250,148199050,0,7308511700,159703200,89519400,26731980700,0,222045750,0,277764750,0,3227854350,0,0,0,4181321850,0,0,0,0,15880821450,27601200,1093662400,108467550,0,0,435598129100,16605000,4931685000,1377274050,249019650,0,0,3782250,0,0,0,30366359550,117544950,101021793250,166824900,154334250,381527550,5161902750,5442750,2735766000,11485682850,51955200,7472250,9848809750,105823200,30161503650,0,38209950,12767400,39169350,24961916050,68028650,1231603400,141908550,0,152684700,0,0,0,0,0,154260450
"Maldives",0,0,0,0,0,0,0,0,0,0,0,0,0,0,0,0,0,0,0,0,0,0,0,0,0,0,0,0,18450,0,0,0,0,0,0,0,0,0,0,0,0,0,0,0,0,0,0,0,0,0,0,0,0,0,0,0,0,0,0,0,0,0,0,0,0,0,0,0,0,0,0,0,0,0,0,0,0,0,0,18450,0,0,0,0,0,0,0,0,0,0,0,0,0,0,0,0,0,0,0,0,0,0,0,1045182300,0,0,0,0,0,0,0,0,0,0,0,0,0,0,0,0,0,0,0,0,0,0,0,0,0,0,0,0,0,0,0,0,0,0,0,0,0,0,0,0,0,0,0,0,0,0,0,0,0,258300,0,0,0,0,0,0,0,0,0,0,0,0,73500,0,0,0,0,0,0,0,0,0,0,0,0,0,0,0,0,0,0,0,0,0,0,0,0,0,0,0,0
"Mali",0,0,0,0,0,0,45774450,0,0,811800,0,0,0,0,0,0,0,0,0,0,0,0,0,0,0,0,0,0,0,0,0,0,0,0,0,0,0,0,0,0,0,0,0,0,0,0,0,0,0,0,0,0,0,54106750,0,0,0,0,0,0,0,0,0,0,0,0,0,0,0,0,0,0,0,0,0,0,0,0,0,0,0,269778600,0,0,0,0,0,0,0,0,0,0,0,0,0,0,0,0,0,0,0,0,0,0,0,0,0,0,0,0,0,0,0,0,0,0,0,0,0,0,0,0,0,164875000,0,0,0,0,0,0,0,0,0,0,0,0,0,0,0,0,0,0,0,0,0,0,0,0,0,0,0,0,0,0,0,0,369259800,0,0,0,0,0,0,0,0,0,0,0,0,0,0,0,0,0,0,0,0,0,10562300,1493937950,0,0,0,0,0,0,0,0,0,0,0,0,0,0,0
"Malta",0,0,0,0,0,0,1267400,0,27379800,16863300,0,0,0,0,0,0,0,0,0,0,0,0,0,0,0,1338344550,0,0,0,0,0,13874400,0,0,0,0,0,0,210579050,0,0,0,0,0,0,0,0,0,0,0,0,0,0,7232400,0,0,0,0,0,0,0,0,0,0,0,0,386850,0,0,0,0,20055150,0,0,0,0,0,0,0,447541650,0,102193700,0,0,0,0,66087900,0,0,0,0,0,55423800,0,0,176060250,0,0,372639950,0,0,0,0,0,0,0,0,0,199813500,0,0,0,0,0,0,0,0,0,0,0,0,24833700,0,0,9889200,0,0,0,0,0,0,0,0,0,0,0,0,0,94593150,0,0,0,0,0,0,0,0,14833800,0,11143800,0,0,0,10461150,0,0,0,0,0,0,0,127489500,0,0,0,0,0,0,0,0,562909500,0,82102500,111530250,0,0,422265150,0,0,0,0,0,0,0,0,0,0,0,0,0,0,0,0,0,0
"Mauritania",0,0,0,0,0,0,0,0,0,0,0,0,0,0,0,0,0,0,0,0,0,0,0,0,0,0,0,0,0,0,0,0,0,0,0,0,0,0,0,0,0,0,0,0,0,0,0,0,0,0,0,0,0,1638000,0,0,0,0,0,0,0,0,0,0,0,0,0,0,0,0,0,0,0,0,0,0,0,0,0,0,0,0,7011000,0,0,0,0,0,0,0,0,0,0,0,0,0,0,0,0,0,0,0,0,0,0,0,0,0,0,0,0,0,0,0,0,0,0,0,0,0,0,0,0,0,0,0,0,0,0,0,0,0,0,0,0,0,0,0,0,0,0,0,0,0,0,0,0,0,35424000,0,0,0,0,0,0,0,0,0,0,0,0,0,0,0,0,0,0,0,0,0,0,0,0,0,0,0,0,0,0,0,0,0,0,0,0,0,0,0,0,0,0,0,0,0,0
"Mauritius",0,0,0,0,55350,0,44463550,0,0,0,0,7298200,0,0,0,0,0,0,0,0,0,0,0,0,0,0,0,0,0,0,0,17103150,0,8053587350,0,0,0,0,0,0,0,0,0,0,0,0,0,0,0,0,0,0,0,27049397100,0,0,0,0,0,497050,0,0,0,0,0,0,0,0,0,0,0,23745150,0,0,0,9454500,0,0,0,185317650,0,14833800,0,0,0,92250,0,0,0,0,0,0,0,0,0,0,0,0,0,0,0,10187096000,45801600,12229350,0,0,0,0,0,0,0,0,0,0,0,0,19163050,0,0,0,0,0,0,0,0,0,0,0,0,0,0,0,0,0,0,0,0,0,0,411113400,0,0,20737800,0,0,0,0,2601450,0,5470700450,0,0,0,364000,0,1683898950,2785950,0,0,0,0,1199250,0,0,642250,78317800,756450,0,0,0,0,8523900,51998350,12690250,0,0,81803550,0,0,0,0,0,0,0,0,3995300,0,0,51899850,73800,0,0,0,0,0
"Mexico",0,0,0,532125460000,0,0,0,0,20664000,0,0,0,0,0,0,0,0,0,17535873150,0,0,0,0,0,0,62070434900,0,0,0,0,8625541050,17914950,5118389450,0,0,0,5112825700,1281993250,0,0,0,0,0,8567109900,0,169610850,0,14362028200,0,0,0,0,0,0,0,0,0,0,0,74316600,0,0,0,0,0,0,165389681600,0,0,0,11568830000,0,0,0,0,0,0,0,0,0,0,0,0,0,25571700,234481050,0,0,0,0,0,0,0,0,0,0,0,0,0,0,0,0,0,0,0,0,0,0,0,0,0,0,0,0,0,0,303760800,0,0,0,0,0,1441277100,0,0,0,0,18206149650,0,0,0,626543550,0,0,0,0,0,0,0,0,0,0,0,0,0,0,0,0,0,0,0,0,0,0,0,0,65755800,0,0,0,0,0,0,0,0,0,0,0,0,38302200,0,0,875803544200,0,0,0,124020900,0,2460730928900,0,0,0,184155440750,0,0,0,0,0,0,0,0,0,0,0,0
"Mongolia",0,0,0,0,0,0,0,0,0,0,0,0,0,0,0,0,0,0,0,0,0,0,0,0,0,0,0,0,0,0,0,234287200,0,0,0,0,0,0,0,0,0,0,0,0,0,0,0,0,0,0,0,0,0,0,0,0,0,0,0,12450,0,0,0,0,0,0,0,0,0,0,0,0,0,0,0,0,0,0,0,0,0,0,0,0,0,0,0,0,0,0,0,0,0,0,0,0,0,0,0,0,0,0,0,0,0,0,0,0,0,0,0,0,0,0,0,0,0,0,0,0,0,0,0,0,0,0,0,0,0,0,0,0,0,0,0,0,0,0,0,0,0,0,36718350,0,0,0,0,0,0,0,0,0,0,0,0,0,0,0,0,0,5221350,0,0,0,0,0,0,0,0,0,0,0,0,0,0,0,0,0,33376050,0,0,0,0,0,0,0,0,0,0,0,0,0,0,0,0
"Morocco",0,0,0,20184300,0,0,0,0,0,57777750,0,0,0,0,0,0,0,0,0,0,0,0,0,0,336068450,1728660500,664200,459594100,0,151543200,0,0,0,102378300,0,0,0,0,238300,0,9989312500,276000,0,0,0,0,0,0,212474800,0,0,0,0,3087974800,0,0,0,307023000,1324952250,70070450,0,0,0,0,0,0,0,14707578750,0,0,0,109450,0,0,166050,0,0,0,0,1254600,0,725485900,264790050,0,0,74390400,371195550,0,0,0,0,0,3303000,0,0,21586500,0,2280923350,208872450,0,0,0,0,0,0,17988750,0,7829583250,0,0,0,0,0,0,0,0,272130850,0,0,0,0,0,0,109680750,0,22990600,0,0,0,0,0,0,0,40370000,31527000,100301100,0,0,20093250,0,142470900,0,582245500,0,0,0,0,900749100,12188059000,0,201850000,0,0,18450,0,0,5452475350,0,0,664200,30884800,0,0,0,0,0,0,4945979000,0,0,20978000,503463600,765416700,194988250,0,0,153681250,0,714378700,198955400,0,0,0,0,0,179094150,0,0,2956769700,0,0,0,571950,0,80036100
"Mozambique",0,0,0,0,0,0,0,0,0,0,0,0,0,0,0,0,0,0,0,0,0,0,0,0,0,0,0,0,0,0,0,0,0,0,0,0,0,0,0,0,0,0,0,0,0,0,0,0,0,0,0,0,0,0,0,0,0,0,0,0,0,0,0,0,0,0,0,0,0,0,0,0,0,0,0,0,0,0,0,0,0,0,0,0,0,0,0,0,0,0,0,0,0,0,0,0,0,0,0,0,0,0,0,0,0,0,0,0,0,0,0,0,0,0,0,0,0,0,0,0,0,0,0,0,0,0,0,0,0,0,0,0,0,0,0,0,0,0,0,0,0,0,0,0,0,0,0,0,0,0,0,0,0,0,0,0,0,0,0,0,0,0,0,0,0,0,0,0,0,0,0,0,0,0,0,0,0,0,0,0,0,0,0,0,0,0,0,0,0,0,0,0,0,0,0
"Republic of Moldova",45405450,23283900,0,0,0,0,45813050,845020000,0,0,0,7507923150,0,0,0,0,0,0,0,0,0,494374100,13928518100,0,0,472566250,0,0,0,0,0,0,0,0,0,0,82280900,0,4862142950,9686250,0,62043200,0,0,248853600,0,41699900,0,0,503482050,0,0,0,5184350,0,0,896891400,0,0,2701344350,0,0,0,186369161850,0,0,0,0,0,0,0,36900,0,0,0,0,148052413800,0,0,90630850,960411200,275573505250,0,0,0,0,0,0,0,3962442400,0,13007250,0,471342150,3025800,23183928400,0,0,20276550,0,0,0,0,95419374500,1346850,0,0,0,0,0,0,0,0,0,0,0,4836537100,0,0,40663800,0,0,0,0,10461150,30312400,0,0,14217150,0,0,0,2961845200,2021517600,0,0,0,0,0,0,85566728250,0,254641700,0,0,0,0,0,0,0,0,0,5102483250,531611100,0,0,231768900,0,78740500,0,35368650,165573469300,46884815800,0,23646506400,0,6931134600,0,0,0,0,9184515700,57760234850,0,0,0,2356954500,1750382300,2179821500,0,0,0,0,1671670000,0,0,0,0,0,0,258115500,0,0,0,0
"Namibia",0,0,0,0,0,0,280873550,0,0,0,0,0,0,0,0,55478250,0,0,0,0,0,0,0,0,0,36900,0,0,0,0,0,0,0,0,0,0,0,0,104700,0,0,36700,0,0,0,0,0,0,0,0,0,0,0,0,0,0,0,0,0,182250,0,0,0,18350,0,0,0,0,0,0,0,0,0,0,0,0,0,0,0,0,0,18350,0,0,0,18200,0,0,0,0,0,0,0,0,0,0,0,202950,0,478500,0,0,0,0,0,0,0,0,0,0,0,0,0,0,0,0,36400,0,0,0,0,0,0,0,0,0,0,0,0,0,0,0,0,0,0,0,0,0,0,36900,0,0,0,0,0,36900,0,0,0,36800,0,0,0,0,0,3445186150,184500,0,0,0,0,0,0,0,0,0,0,0,0,0,0,0,0,0,18350,0,368900,0,129150,0,0,0,0,0,0,0,52371750,4453597400,0,0,0,0,0,0,0
"Nepal",0,0,0,0,0,0,1552890750,0,0,0,0,0,0,0,0,0,0,0,0,0,0,0,0,0,0,72427450,0,0,0,0,0,1089359950,0,0,0,0,0,0,0,0,0,0,0,0,0,0,0,0,0,0,0,0,0,0,0,0,0,0,0,1201236400,0,0,0,0,0,0,0,0,0,0,0,131551150,0,0,0,14000426100,0,0,0,0,0,0,0,0,0,1299959550,0,0,0,0,0,3394750,0,0,0,0,0,0,0,0,0,0,0,278681150,0,0,0,0,0,0,0,0,0,0,0,0,0,0,0,0,0,9486950,0,0,0,0,0,0,0,0,0,0,0,0,20423550,0,0,0,61435800,0,0,0,0,0,0,0,0,75969000,0,0,0,0,0,6349100,0,0,0,0,0,0,0,0,0,0,0,0,36700,0,0,0,0,0,0,0,0,0,189600000,0,1618566750,0,0,0,0,0,0,0,0,0,32442800,0,0,0,0,0,0
"Netherlands",9018450,606248900,334910000,912647700,110700,17634050,22066717500,24877721650,864500,511584250,43474450,208301950,0,0,1642050,0,1377963000,0,0,405900,157577750,4094518500,23339250,14776850,63120361750,4964185200,489888650,236459900,230237550,74646550,29615901850,1889741350,1073149550,12915000,2449710100,0,684323550,0,2503626100,3966750,2172633750,85116076200,2546100,267823600,88650600,38034900,874633750,23763600,257547800,1190172050,1104056850,2435400,41253689400,296672372350,21857878050,1905658900,123835550,734478400,606828550,1111776946150,669475800,468366850,498150,24308824200,0,0,10682550,38122250,8763423300,896946800,18450,3382531850,12462877200,3688111400,5839056350,1842226750,36394950,0,1304381050,103378954000,16386806650,48796563700,212288550,70559100,478050,11608204400,1023661100,0,68866950,0,0,10261798200,3893224100,3654594950,4612500,850206150,0,210131300,420245100,2330839150,184500,74187450,2859750,6536079000,82866900,786587700,2089163250,50977350,142688400,359674600,20928900,50042050100,89119100,110146400,275250,0,0,0,91124550,184241700,0,3130415500,0,122582550,519941100,58770212650,17082500,261201750,20681076850,571950,11955600,93825650,1222264300,45078344500,13018914950,97477380000,0,100877400,1694451150,13779800,15765428050,1992600,3042800250,0,6660450,0,1774500000,15140882000,197352450,22395700,57810010700,3621271450,3914880450,1540139450,193847300,7735024650,65212033100,29865650750,0,0,85200649500,19446130250,1.8746e+10,0,220978350,21661320300,298464600,82955100,0,124564750,748724150,142844300,7560287100,11853101850,30239350,0,424890200850,8422294050,42280856600,112708400,63028950,55350,184500,38506500,34575300,61327800,30173690950,36826200,1001335686700,3426744400,2249622900,233982900,45530300,0,738184500
"Netherlands Antilles",0,0,0,0,0,0,0,0,0,0,0,0,0,0,0,0,0,0,0,0,0,0,0,0,0,0,0,0,0,0,0,0,0,0,0,0,0,0,0,0,0,0,0,0,0,0,0,0,0,0,0,0,0,0,0,0,0,0,0,0,0,0,0,0,0,0,0,0,0,0,0,0,0,0,0,0,0,0,0,0,0,0,0,0,0,0,0,0,0,0,0,0,0,0,0,0,0,0,0,0,0,0,0,0,0,0,0,0,0,0,0,0,0,0,0,0,0,0,0,0,0,0,0,0,0,0,0,0,0,0,0,0,0,0,0,0,0,0,0,0,0,0,0,0,0,0,0,0,0,0,0,0,0,0,0,0,0,0,0,0,0,0,0,0,0,0,0,0,0,0,0,0,0,0,0,0,0,0,0,0,0,0,0,0,0,0,0,0,0,0,0,0,0,0,0
"New Caledonia",0,0,0,0,0,0,0,0,0,0,0,0,0,0,0,0,0,0,0,0,0,0,0,0,0,0,0,0,0,0,0,0,0,0,0,0,0,0,0,0,0,0,0,0,0,0,0,0,0,0,0,0,0,0,265378200,0,0,0,0,0,0,0,0,0,0,0,0,0,0,0,0,0,0,0,0,0,0,0,0,0,0,0,0,0,0,0,0,0,0,0,0,0,0,0,0,0,0,0,0,0,0,0,0,0,0,0,0,0,0,0,0,0,0,0,0,0,0,0,0,0,0,0,0,0,0,0,0,0,0,0,0,0,0,0,0,0,0,0,0,0,0,0,0,0,0,0,0,0,0,0,0,0,0,0,0,0,0,0,0,0,0,0,0,0,0,0,0,0,0,0,0,0,0,0,0,0,0,0,0,0,0,0,0,0,0,0,0,0,0,0,0,0,0,0,0
"The former Yugoslav Republic of Macedonia",0,0,7211115400,130773600,0,0,465778900,388962900,0,734900,4686300,5922150,0,0,0,0,0,0,0,0,0,6159051800,0,0,0,394287050,0,0,0,0,0,33431400,0,0,14667750,0,0,0,241178400,0,18450,279425250,0,0,0,0,0,0,0,0,0,0,3523950,639347850,0,0,0,0,0,1876955200,6124278300,7398450,0,12103794450,0,0,0,0,0,0,0,40018050,2142893700,11951504100,0,0,0,0,508020750,0,430489550,2744603550,0,0,0,16605000,0,0,43049900,4981500,0,0,0,47232000,0,105768850,0,0,732862500,2177100,0,0,0,0,0,0,97692750,4612500,4144450,0,0,43615800,0,3560850,0,0,153780750,0,0,0,0,10977750,0,0,0,320919300,0,0,1362767100,0,0,0,7527600,57988350,52656300,0,0,0,30479400,0,18700200450,0,147624000,0,0,0,0,19434300,0,0,0,2959508650,383169600,0,0,0,333649800,2712150,0,0,563293650,678498750,0,0,7398450,0,0,0,0,7730550,1328400,0,660860550,10202850,0,0,721843150,1512900,1141075650,0,0,0,36900,0,0,0,0,0,200975850,21715650,11846385700,1385222400,0,0,21900150
"Vanuatu",0,0,0,0,0,0,6955650,0,0,0,0,0,0,0,0,0,0,0,0,0,0,0,0,0,0,0,0,0,0,0,0,0,0,0,0,0,0,0,0,0,0,0,0,0,0,0,0,0,0,0,0,46286600,0,0,0,0,0,0,0,0,0,0,0,0,0,0,0,0,0,0,0,0,0,0,0,0,0,0,0,0,0,0,0,0,0,0,0,0,0,0,0,0,0,0,0,0,0,0,0,0,0,0,0,0,0,0,0,0,0,0,0,0,0,0,0,0,0,0,0,0,0,0,0,0,0,0,0,0,0,0,0,0,0,0,0,0,0,0,0,0,0,0,0,0,0,0,0,0,0,0,0,0,0,0,0,0,0,0,0,0,0,0,0,0,0,0,0,0,0,0,0,0,0,0,0,0,0,0,0,0,0,0,0,0,0,0,0,0,0,0,0,0,0,0,0
"New Zealand",0,0,0,0,0,0,60196606000,0,0,7669650,0,0,0,0,0,0,0,0,0,728888450,42176700,0,0,0,0,142263850,0,0,0,0,1623600,5486395100,0,0,0,3217604500,0,0,0,0,0,10026600,0,0,0,0,0,0,0,0,0,5518083650,3106200,0,746708900,0,0,0,0,5350000,0,1014750,5996500,0,0,0,0,0,0,0,0,465088450,0,0,0,36900,814625550,0,0,0,0,0,0,0,0,134975100,0,0,6273000,0,0,100960500,16459200,0,0,0,0,0,0,0,3834000,0,0,2733099800,0,0,0,0,11051550,0,0,0,0,0,0,0,4501800,0,913664850,0,298534850,0,0,0,0,0,608850,0,0,5130424600,0,867150,6481300,0,0,0,4630350,0,17664000,0,0,0,0,0,0,0,0,10516500,0,0,0,0,0,958016750,0,1273050,0,0,0,0,1753500,0,0,0,721236300,0,732067200,0,1189078550,0,0,0,0,51844500,0,4138750,1910626650,0,158565500,0,0,0,0,8782200,0,0,0,0,0,0,0,0,0,0,0
"Nicaragua",0,0,0,0,0,0,0,0,0,0,0,0,0,0,0,0,0,0,0,0,0,0,0,0,0,1549800,0,0,0,0,0,0,0,0,0,0,25195005900,0,0,0,0,0,0,0,0,0,0,4911562250,0,0,0,0,0,0,0,0,0,0,0,0,0,0,0,0,0,0,0,0,0,0,12187500,0,0,0,0,0,0,0,0,0,0,0,0,0,0,0,0,0,0,0,0,0,0,0,0,0,0,0,0,0,0,0,0,0,0,0,0,0,0,0,0,0,0,0,0,0,0,0,0,0,0,0,0,0,0,0,0,55350,0,0,0,0,0,0,0,0,0,0,0,0,0,0,0,0,0,0,0,0,0,0,0,0,0,0,0,0,19815300,0,0,0,332100,0,0,0,0,0,0,0,0,0,0,0,0,0,0,0,0,0,1091630750,0,0,0,0,0,0,0,0,0,0,0,0,0,0,0,0
"Niger",0,0,0,0,0,0,0,0,0,0,0,0,0,0,0,0,0,0,0,0,0,0,0,0,0,0,0,0,0,3596273450,0,0,0,0,0,0,0,0,0,0,148855200,0,0,0,0,0,0,0,0,0,0,0,0,0,0,0,0,0,0,0,0,0,0,0,0,0,0,0,0,0,0,0,0,0,0,0,0,0,0,0,0,0,0,0,0,0,0,0,0,0,0,0,0,0,0,0,0,0,0,0,0,0,0,0,0,0,0,0,0,0,0,0,0,0,0,0,0,0,0,0,0,0,0,0,2057632950,0,0,0,0,0,0,0,0,0,0,0,0,0,0,0,0,0,0,0,0,0,0,0,40866750,0,0,0,0,0,0,0,0,0,0,0,0,0,0,0,0,0,0,0,0,0,0,0,0,0,0,0,0,0,0,25442550,0,0,0,0,0,0,0,0,0,0,0,0,0,0,0
"Nigeria",0,0,0,0,18450,0,0,178700,18200,184500,0,0,0,0,0,0,0,0,0,0,0,0,0,0,0,110407300,0,0,0,0,0,0,0,0,327600,0,0,0,86250,0,4465164650,33400,0,0,0,0,3321000,0,0,0,0,0,124500,461250,0,0,30650,0,4015100,364000,0,8234100650,0,327600,0,0,0,0,0,0,0,0,0,0,0,4604500,73800,0,0,21403800,0,4110400,121050450,0,0,0,0,0,18200,738000,0,54600,110700,0,0,0,0,0,0,0,0,0,516600,0,0,3303000,0,0,0,0,0,0,0,0,0,0,15178000,0,0,1365000,0,218400,0,3627958000,0,1528800,0,0,0,0,0,0,0,0,0,0,0,0,0,0,0,0,328850,0,0,0,0,0,24718400,0,0,0,0,36400,0,572270900,0,0,0,0,147600,603000,0,0,0,0,18450,0,0,18350,0,0,983600,84750000,0,0,196671550,0,113301550,6349500,0,0,0,0,0,0,0,0,5628850,0,0,0,0,0,0
"Norway",0,129150,0,0,0,22398300,73056450,292725600,0,2949500,0,1568250,0,0,0,0,41014350,0,0,0,0,66973500,0,0,775896300,97468050,0,0,3800700,0,7416900,160090650,3653100,0,0,0,0,0,977850,11863350,0,8475325350,0,0,0,4870800,14612400,0,0,38652750,365918850,0,6663002750,1315727550,0,0,0,0,0,576624750,0,1254400,0,98051100,0,0,0,0,0,0,0,36900,0,0,870782850,32158350,0,0,0,4870800,4372650,1191461700,0,0,0,219731000,0,0,168024150,0,0,145699650,2361600,608850,0,6623550,0,0,0,227673000,0,0,0,2324700,0,45054900,226935000,0,0,22988700,0,6494400,0,0,249000,0,384937100,0,0,0,0,19483200,0,0,4428000,0,0,21918600,0,0,0,0,0,77101800,1217700,0,0,0,16346700,0,6531300,0,36783900,0,0,0,0,44981100,0,0,0,0,0,323465550,0,71844300,115704500,0,0,0,8855801350,46345650,0,0,14649300,73800,487346550,239886900,0,0,0,2435400,77379300,81013950,0,0,306777900,1217700,3772637850,129076200,5175300,0,0,11346750,458076600,0,0,0,35026200,0,0,0,57342600,0,0
"Pakistan",0,886719958050,9557100,0,0,0,3933428450,0,0,1477241850,0,38754400,0,0,0,0,0,0,0,9723150,4466550,0,0,0,199130850,7282125750,31549500,0,75932645100,0,28144500,172437300,0,308426950,340568550,0,0,0,9652100,0,17140050,49259450,0,0,0,12213900,0,13505400,0,0,0,20691400,0,908315600,0,3148010350,0,116917650,68892300,475763500,0,392919950,0,39496350,0,0,102176100,84042700,187883100,12601350,0,361739800,0,7896600,0,7255300,86567260600,0,461104500,273630550,0,302406450,270882900,1141580000,0,296833700,646435350,0,1644072550,0,0,254690700,1283445500,0,0,85405050,0,23117850,62819450,0,0,2231426350,11158150,47452232300,308332750,9501750,0,0,695144250,63004950,0,97313200,452044200,0,0,0,643609700,0,0,0,0,315355800,0,0,33523650,339667400,0,16101950,0,0,0,0,4352650,1138800,0,0,0,0,39910620500,0,0,0,0,0,0,0,14760000,14486486950,1672640100,0,128983550,7435350,0,329041000,26729517600,1306270150,103661750,84164250,0,0,75652150,55770800,0,0,3021846700,855554200,57260500,85877900,0,73632150,66776190550,0,837772500,120521134250,0,0,8950077450,0,15729575900,0,20405700,17898378150,105806100,46784003450,0,2486558200,21254400,516600,88315050,0,0,626026950,1110129050,0,0
"Panama",0,0,0,0,10239750,0,0,0,0,0,17487000,0,0,0,774900,0,830250,0,7154700,0,0,0,0,0,0,0,0,0,0,0,15756300,0,239309300,0,0,0,1013527050,1154801450,0,0,0,0,41457150,37087700,0,12004600,0,27453600,0,0,0,0,0,0,0,0,0,0,0,0,0,0,0,0,0,24454250,202950,0,2138000,6844950,37081900,0,0,0,0,0,0,0,0,0,0,332100,0,0,168765800,0,0,0,0,0,0,0,0,0,0,0,0,0,0,0,0,0,0,0,0,0,0,0,0,0,0,0,0,0,0,0,0,0,0,0,0,0,30238550,0,0,0,0,0,0,0,14095800,10664100,0,0,0,0,0,0,0,0,0,0,0,0,1476000,2195550,0,0,0,0,0,0,0,0,0,0,0,0,0,0,0,0,0,0,0,0,0,0,0,101447400,0,0,0,0,0,0,0,0,209587600,0,5637900,0,220623850,0,0,0,0,0,0,0,0,0,0,0,0
"Czech Republic",8579250,36400,214611950,0,0,91250,6047374950,901028425400,0,18450,0,0,0,0,0,0,0,0,0,0,0,10946794500,0,0,0,22181650,0,0,0,0,14741550,43242950,49361500,0,0,0,0,91250,52324200,0,0,5254131450,0,0,804616200,0,0,0,0,2807624150,0,0,3973030250,46937132800,0,0,19944450,0,5505000,5350865960400,187817550,0,0,4737826500,0,0,0,0,0,0,0,19759950,68541990400,19358907850,333594150,534800,0,72800,0,4452555550,5781568050,160000474200,0,166050,0,17914950,18200,0,0,0,0,209665600,41955300,189228850,0,18450,36900,0,33948000,4990779200,0,0,0,18450,165800,42792200,325304400,0,572872500,0,23007150,3523950,0,121386950,0,0,92030133300,0,0,155300100,0,8487000,0,0,0,3266583850,0,0,0,0,0,18450,0,807699566150,7463194100,0,0,0,33671250,0,36630476450,0,6025329550,0,0,0,0,281178000,0,682650,0,2920267600,277088627700,0,0,18578400,27928506700,0,35054150,0,10417434500,24180717450,0,0,11826450,0,18450,0,0,0,0,0,1282529300,351725400,0,0,84212239100,2198665100,2971507400,1014750,18450,24141150,0,5183200,0,0,0,0,43073407500,10643050,1239711550,774900,0,0,13154850
"Papua New Guinea",0,0,0,0,0,0,2719828800,0,0,0,0,0,0,0,0,0,0,0,0,0,0,0,0,0,0,0,0,0,0,0,0,0,0,0,0,0,0,0,0,0,0,0,0,0,0,0,0,0,0,0,0,1327082200,0,0,0,0,0,0,0,0,0,0,2076000,0,0,0,0,0,0,0,0,0,0,0,0,0,0,0,0,0,0,0,0,0,0,0,0,0,0,0,0,0,0,0,0,0,0,0,0,0,0,0,0,0,0,0,0,0,0,0,0,0,0,0,0,0,0,0,0,0,0,0,0,0,0,0,0,0,0,0,0,0,0,0,0,0,0,0,0,0,0,0,0,0,0,0,0,0,0,0,0,0,0,0,0,0,0,0,0,0,0,0,0,0,0,0,55050,0,0,0,0,0,0,0,0,0,0,0,0,0,0,0,0,0,0,0,0,0,0,0,0,0,0,0,0
"Paraguay",0,0,0,0,0,0,43689600,0,0,0,0,0,0,0,20672148500,0,1128288741850,0,0,0,0,0,0,0,0,20322200,0,0,0,0,212666150,0,0,0,0,0,0,0,0,0,0,0,0,0,0,0,0,0,0,0,0,0,0,36900,0,0,0,0,0,60608250,0,0,0,0,0,0,0,0,0,0,0,0,0,0,0,0,0,0,0,0,0,0,0,0,0,36700,0,0,0,0,0,0,0,0,0,0,0,0,0,0,0,0,0,7181000,0,0,0,0,14778450,0,0,0,0,0,0,0,0,0,0,0,0,0,1402200,0,0,0,0,0,0,0,0,649845900,0,0,0,0,0,0,0,0,0,0,0,0,0,0,0,0,0,0,0,0,0,0,0,0,250916000,0,0,0,0,44464500,0,0,522392700,0,0,0,0,0,0,0,0,0,0,0,0,0,117325250,0,1858206450,0,266630000,42051468400,0,0,0,0,0,0,0,0,0,0,0
"Peru",0,0,0,0,51346350,158872950,10907100,18450,152138700,0,211510800,0,0,0,66384475700,0,0,0,0,0,0,0,0,0,0,65111950,0,0,0,0,110279821900,830250,57573459550,0,0,0,6583951800,5883266300,0,0,0,0,0,16055725050,0,52975685250,0,8039525250,0,0,0,0,0,2453850,0,0,0,0,0,789050,0,0,0,0,0,35866800,5131265050,0,2040367050,11396838050,7856885400,0,0,0,0,0,0,0,0,0,0,45123100,0,0,2135790450,271136550,0,0,10310865000,0,0,0,0,0,0,0,0,0,0,0,0,0,0,0,0,0,0,0,0,4237132650,0,0,0,0,0,0,140655800,0,0,0,0,1820000,17552498650,0,0,0,0,20902686400,0,0,457001700,0,0,0,4377650,0,0,0,0,0,0,0,0,37139850,77563800,17453700,0,0,0,0,0,0,0,387450,0,0,296248650,1108605150,0,0,295200,2582300,0,0,184500,0,0,0,0,1703709900,0,0,0,36900,0,0,4218200,0,6521972000,0,216566100,0,3530492100,0,0,0,0,0,45611500,0,0,0,0,0,0
"Philippines",0,8715000,0,0,0,0,4223561200,0,0,2200678400,0,0,0,0,0,0,0,0,0,27416700,950055000,0,6195718600,0,0,13573307900,0,0,0,0,0,2334811450,3523200,0,0,608850,34796700,0,227070550,0,0,9150750,0,0,0,0,0,0,0,0,0,0,26552450,71214000,0,0,0,0,0,50696150,0,0,0,49881300,0,0,0,164276400,26125200,0,0,15822926250,0,0,0,18874350,244685550,17213850,0,0,311272750,2833177000,0,0,0,763277250,357149800,0,0,36302200,0,3872054000,4317832850,0,15977700,460882650,0,0,0,0,184149650,0,0,1978021800,62969850,0,62527950,0,0,0,88965900,0,0,0,0,0,2202357350,0,0,0,17933400,2279171700,0,0,11457450,228357600,7527600,239850,0,438510400,0,0,0,0,206123900,0,11566100,0,7229695100,0,0,0,6402150,0,0,0,0,11898683400,0,0,0,0,0,3352977150,23007150,6772500,231846000,0,0,0,135873450,223759800,0,0,9570069100,0,78831564400,16700,6934650,42213600,714274050,0,464236650,24825812750,0,0,2401006300,0,32522019750,0,0,0,0,46278536650,0,62065800,0,0,1371847900,0,0,0,0,0,0
"Poland",833670600,0,206086500,776462925250,0,10719450,9868125050,26128946000,0,250401000,6846300,0,0,0,0,0,556894200,0,8025750,0,16752600,22778874050,0,3.34e+09,571950,3601427350,885600,0,0,0,687993900,484431900,753996150,0,3016000,0,20128950,483861842100,545070150,1585652700,0,58451374900,0,0,17606095900,9409500,266853929950,11199150,0,18463586450,36900,0,17240394950,99418232300,6937200,0,1427067900,0,16584861750,2625302622750,1689782250,14006055050,0,21631723200,0,0,162157050,30171287200,0,0,11457450,221087150,100405216250,28888663450,14791729700,25534800,10088700,15510750,2326008000,25414018200,7318719650,83661292500,0,2183431950,0,608126800,1322681700,33056400,390536877700,0,0,1320023700,1184695800,12651801250,0,1219027050,6.68e+09,9675450,1640126950,158971892400,0,0,0,14643950,38984850,4096750,983976000,109134593750,511291200,53154450,984869650,264808927150,190326810500,2394800450,25638858700,0,137976615300,0,26438850,1032715800,0,220800050,0,3671550,183144610300,267146206600,122766300,100503550,249247112700,0,5258250,27545850,663351300,0,94788727000,0,0,0,798740400,0,91579978300,6.68e+09,145660467900,0,6561150,0,0,3951897590650,146882550,199450750,67050,6170919300,122593466000,197293800,0,1378536090400,76797156250,13726800,556091650,0,79962616150,7684989900,0,480776250,115359950,225383200000,80765550,162070450,0,7213950,1820978100,196141950,381243965100,2500386350,14500400,0,267794297600,78835158800,16357898650,0,14773750,681730650,88911000,330286300,2324700,307174050,22909550,0,100533849150,36156940750,8264941300,245414500,6383700,0,205957350
"Portugal",59003850,0,14043600,14280300,0,42379650,3781271450,1473212600,161031600,4225050,0,0,0,0,0,0,3209315200,0,0,0,4317300,177784200,0,0,22490550,7006847650,25662547400,73700,0,0,2037841950,822631350,656214150,0,40033000,0,70841850,279820650,435518150,54058500,14813900,837832000,0,669761300,0,240429750,21127350,16863300,138497200,1169674700,0,0,368601000,54516099700,67802700,0,0,142146800,4095900,8701359000,0,298180500,0,364367550,0,0,123180000,27375650,0,14667750,7601400,546525500,212986800,342834300,55350,17878050,36900,0,64113750,6790759150,1619994750,6277139100,134704800,0,0,3026106000,61987500,0,18753450,0,0,2471000550,16055750,21720100,0,125970300,0,25184250,728520200,27447350,406787250,68056450,0,116105850,39630900,1125450,29336400,108800250,160268250,340884000,0,2439345150,3011657550,105208450,167761900,0,12450012900,0,11070000,0,0,110201850,5129100,0,48473650,46572000,0,22693500,29963700,0,29722950,382461450,37269000,11310259600,0,2997553450,0,0,17256300,0,945826750,6623550,484389500,0,0,0,31525623550,758004550,24341050,33548350,44137750,8617200,168132000,75420700,0,6156335700,362811396900,188290750,0,0,196157400,4496886700,0,0,124157550,0,31567950,27143000,0,15358650,86917950,996300,29962800,279966700,12036600,0,48921710050,249109200,12441295500,121382200,200480100,0,5158153500,66530700,176806500,0,31088350,0,6959703800,6229891200,4778550,0,0,0,21973950
"Guinea-Bissau",0,0,0,0,0,0,0,0,0,0,0,0,0,0,0,0,0,0,0,0,0,0,0,0,0,0,0,0,0,0,0,0,0,0,0,0,0,0,0,0,0,0,0,0,0,0,0,0,0,0,0,0,0,0,0,0,0,0,0,0,0,0,0,0,0,0,0,0,0,0,0,0,0,0,0,0,0,0,0,0,0,0,0,0,0,0,0,0,0,0,0,0,0,0,0,0,0,0,0,0,0,0,0,0,0,0,0,0,0,0,0,0,0,0,0,0,0,0,0,0,0,0,0,0,0,0,0,0,0,0,0,0,0,0,0,0,0,0,0,0,0,0,0,0,0,0,0,0,0,0,0,0,0,0,0,0,0,0,0,0,0,0,0,0,0,0,0,0,0,0,0,0,0,0,0,0,0,0,0,0,0,0,0,0,0,0,0,0,0,0,0,0,0,0,0
"Timor-Leste",0,0,0,0,0,0,0,0,0,0,0,0,0,0,0,0,0,0,0,0,0,0,0,0,0,0,0,0,0,0,0,0,0,0,0,0,0,0,0,0,0,0,0,0,0,0,0,0,0,0,0,0,0,0,0,0,0,0,0,0,0,0,0,0,0,0,0,0,0,0,0,0,0,0,0,0,0,0,0,0,0,0,0,0,0,0,0,0,0,0,0,0,0,0,0,0,0,0,0,0,0,0,0,0,0,0,0,0,0,0,0,0,0,0,0,0,0,0,0,0,0,0,0,0,0,0,0,0,0,0,0,0,0,0,0,0,0,0,0,0,0,0,0,0,0,0,0,0,0,0,0,0,0,0,0,0,0,0,0,0,0,0,0,0,0,0,0,0,0,0,0,0,0,0,0,0,0,0,0,0,0,0,0,0,0,0,0,0,0,0,0,0,0,0,0
"Eritrea",0,0,0,0,0,0,0,0,0,0,0,0,0,0,0,0,0,0,0,0,0,0,0,0,0,0,0,0,0,0,0,0,0,0,0,0,0,0,0,0,0,0,0,0,0,0,0,0,0,0,0,0,0,0,0,0,0,0,0,0,0,0,0,0,0,0,0,0,0,0,0,0,0,0,0,0,0,0,0,0,0,0,0,0,0,0,0,0,0,0,0,0,0,0,0,0,0,0,0,0,0,0,0,0,0,0,0,0,0,0,0,0,0,0,0,0,0,0,0,0,0,0,0,0,0,0,0,0,0,0,0,0,0,0,0,0,0,0,0,0,0,0,0,0,0,0,0,0,0,0,0,0,0,0,0,0,0,0,0,0,0,0,0,0,0,0,0,0,0,0,0,0,0,0,0,0,0,0,0,0,0,0,0,0,0,0,0,0,0,0,0,0,0,0,0
"Qatar",0,0,0,0,0,0,0,0,0,0,0,0,0,0,0,0,0,0,0,0,0,0,0,0,0,0,0,0,0,0,0,0,0,0,0,0,0,0,0,0,0,0,0,0,0,0,0,0,0,0,0,0,0,0,0,0,0,0,0,0,0,0,0,0,0,0,0,0,0,0,0,0,0,0,0,200200000,0,0,0,0,0,0,0,0,0,0,0,0,0,0,0,0,15176800,0,0,0,0,0,0,0,0,0,0,0,0,0,0,0,0,0,0,0,0,0,0,0,0,0,0,0,0,0,0,0,0,0,0,0,0,0,0,0,535050,0,0,0,0,0,0,0,0,0,0,0,0,0,0,0,0,0,0,0,0,0,0,0,2693700,0,0,0,0,0,0,0,0,0,0,0,0,0,18744500,0,99057300,0,0,0,0,0,0,0,0,0,0,0,0,0,0,0,0,0,0,0,128046300,0,0
"Zimbabwe",0,0,0,0,0,0,0,0,0,0,0,0,0,0,0,2892166650,0,0,0,0,0,0,0,0,0,0,0,0,0,0,0,0,0,0,0,0,0,0,0,0,0,0,0,0,0,0,0,0,0,0,0,0,0,0,0,0,0,0,0,0,0,0,0,0,0,0,0,0,0,0,0,0,0,0,0,0,0,0,0,0,0,0,0,0,0,0,0,0,0,0,0,0,0,0,0,0,0,0,0,0,0,0,424110150,0,0,0,0,0,0,0,0,0,499459950,0,0,0,0,0,0,0,0,0,0,0,0,0,0,0,0,0,0,0,0,0,0,0,0,0,0,0,0,0,0,0,0,0,0,0,0,0,0,0,0,0,0,12242217250,0,0,0,0,0,0,0,0,0,0,0,0,0,0,0,0,0,0,0,0,0,0,0,0,0,0,0,0,0,0,0,4631876350,0,0,0,0,0,0,0
"Romania",388304300,0,5615393250,0,0,256202700,1527738000,55959119500,0,454608000,0,150490947800,0,0,0,0,0,0,0,0,0,42212804000,35342193300,0,0,402932000,0,0,98523002700,0,27859500,249032100,18450,0,9346758550,0,3856050,0,49438849150,35881800,0,1855574650,0,0,404660000,0,3305959642350,21359400,0,246381100,0,0,69662250,206687924500,0,85658758900,1332862800,0,0,280350206200,4097993250,0,0,277733381850,0,0,0,0,0,0,0,0,72568773600,3008067250,0,18722550,0,8037300,785047500,34842000850,1232755957500,878563879950,0,3266300,0,63814502850,2226553101550,0,53083288000,1490775600,0,748060508800,45669309050,478920000,0,604797365450,0,11011913200,364298876850,269691300,0,0,0,1734413650,11586600,0,310491700,0,0,1531162550,44132400,156540445350,0,14940096250,0,0,184500480650,0,0,4603761650,0,275358650,0,0,58791582950,237535250,0,0,13482358700,0,0,0,1422578078250,18140880600,44550959750,0,0,0,70701206750,0,0,0,289749450,0,0,0,0,318244050,399922200,4538700,0,303462400,2803692500,608850,0,1326223800,1001452527050,1918800,0,0,2368438450,546152150,194151561400,0,7527600,0,845933206100,0,0,0,83726100,9.1015e+10,81602468500,87864575700,1.837e+10,0,205632247150,2063382100,3314723350,0,15073650,9446400,12789950,160906642500,547589175700,124792360150,4999950,0,9235363500,200177800,8366541200,104424350,1319721741800,0,31125150
"Rwanda",0,0,0,0,0,0,0,0,0,0,0,0,0,0,0,0,0,0,0,0,0,0,0,661980200,0,0,0,0,0,0,0,0,0,0,36900,0,0,0,0,0,0,0,0,0,0,0,0,0,0,0,0,0,0,0,0,0,0,0,0,0,0,0,0,0,0,0,0,0,0,0,0,0,0,0,0,0,0,0,0,0,0,0,0,0,0,0,0,0,733550,0,0,0,0,0,0,0,0,0,0,0,0,0,0,0,0,0,0,0,0,0,0,0,0,0,0,0,0,0,0,0,0,0,0,0,0,0,0,0,0,0,0,0,0,0,0,0,0,0,0,0,0,0,0,0,0,0,0,0,0,0,0,0,0,0,0,0,0,0,0,0,0,0,0,0,0,2583000,0,0,0,0,0,0,0,738000,26725348750,0,109200,0,16199250,0,0,0,0,0,0,0,232188695950,0,0,0,0,0,0,0,0
"Russian Federation",1200178752000,21472053300,566081787100,36539600,0,0,41116650,0,1012300,1715600,0,7553741320700,0,0,0,0,549915469000,0,0,0,0,20914004550,20202591200,69206470000,1291936549000,784910650,1.67e+10,166050,1061891711000,1351350000,78578550,639898367400,0,0,502529820200,0,0,7917800,134505537700,4514599251900,70473555600,3306038700,0,0,846402850850,0,24022157451400,0,0,2323106300,0,0,147112903350,706241300,0,225235572000,1849140434950,32147500000,154596703000,10300879350,0,731943632000,0,588260457900,0,0,0,358675753000,0,45920825000,0,55312667700,17535000,0,0,0,693388742800,114808011150,16308884450,19387400900,1549808454000,330531227850,283442745150,1771906901350,0,76030326500,488842350200,345235312150,1862666230000,2453850,125866426200,138746985550,3384600,1593817849550,9967587350,940776363800,0,42210037900,666874597700,530081296400,0,114445033200,117741680000,215388506800,590400,399079136200,20518588600,264037020000,0,327258743150,359297449300,1470282311900,1011208046000,22612013150,199075873700,0,8978949500,0,0,0,0,7316000,342741782000,0,3161078037000,85354782100,1959044435000,1011150,8948250,950150,0,86088500000,1418444443100,2201618900,0,0,0,0,241985133950,1352700000,99488238100,206925942500,0,0,0,0,0,412046905950,1061244743150,0,0,127400,24649200,39074450,51807575000,1682256899800,42643541600,0,67230474950,0,11651333250,257131644050,143460798300,58464253000,1157202450,2032404278500,533376720150,1.6533e+11,0,0,1359530869300,318263256000,25006669812950,2356493187050,556690993000,0,7901439450,123610813900,7606558750,104181250000,0,77546947400,267890919900,1787439230950,203331184000,2799964035650,532982337000,0,8826150,1431750,956072850,4686300,3880398041500,0,5031815250
"Saint Kitts and Nevis",0,0,0,0,0,0,0,0,0,0,0,0,0,0,0,0,0,0,0,0,0,0,0,0,0,0,0,0,0,0,0,0,0,0,0,0,0,0,0,0,0,0,0,0,0,0,0,0,0,0,0,0,0,0,0,0,0,0,0,0,0,0,0,0,0,0,0,0,0,0,0,0,0,0,0,0,0,0,0,0,0,0,0,0,0,0,0,0,0,0,0,0,0,0,0,0,0,0,0,0,0,0,0,0,0,0,0,0,0,0,0,0,0,0,0,0,18450,0,0,0,0,0,0,0,0,0,0,0,0,0,0,0,0,0,0,0,0,0,0,0,0,0,0,0,0,0,0,0,0,0,0,0,0,0,0,0,0,0,0,0,0,0,0,0,0,0,0,0,0,0,0,0,0,0,0,0,0,0,0,0,0,0,34203904600,0,0,0,0,0,0,0,0,0,0,0,0
"Saint Lucia",0,0,0,0,161292350,0,0,0,0,0,3583382650,0,0,0,0,0,0,0,0,0,0,0,0,0,0,36900,0,0,0,0,0,0,0,0,0,0,0,0,0,0,0,0,1639475300,0,0,0,0,0,0,0,0,0,0,1622350,0,0,0,0,0,0,0,0,0,0,0,384930300,0,0,20753850,0,0,0,0,0,0,0,0,0,0,0,0,0,0,0,18450,0,0,0,0,0,0,0,0,0,0,0,0,0,0,0,0,0,0,0,0,0,0,0,0,0,0,0,0,0,0,0,0,0,0,0,0,0,0,0,0,0,0,0,0,0,0,0,0,0,0,0,0,0,0,0,0,0,0,42733600,0,583741400,0,0,0,0,0,0,0,0,0,0,0,0,0,0,0,0,0,0,0,0,0,0,0,0,0,0,0,0,0,0,0,0,13099500,0,0,0,0,0,0,0,0,0,0,0,0,0,0,0,0
"Saint Vincent and the Grenadines",0,0,0,0,3855033000,0,0,0,0,0,7384453150,0,0,0,0,0,0,0,0,0,0,0,0,0,0,0,0,0,0,0,0,0,0,0,0,0,0,0,0,0,0,0,3358960300,0,0,0,0,0,0,0,0,0,0,0,0,0,0,0,0,0,0,0,0,0,0,3613355200,0,0,20295000,0,0,0,0,0,0,0,0,0,0,0,0,0,0,0,0,0,0,0,0,0,0,0,0,0,0,0,0,0,0,0,0,0,0,0,0,0,0,0,0,0,0,0,0,0,0,0,0,0,0,0,0,0,0,0,0,0,0,0,0,0,0,0,0,0,0,0,0,0,0,0,0,0,0,2662969400,10270041600,0,0,0,0,0,0,0,0,0,0,0,0,0,0,0,0,0,0,0,0,0,0,0,0,147600,0,0,0,0,0,0,18450,0,1014750,0,0,0,0,0,0,0,0,0,0,0,0,0,0,0,0
"Sao Tome and Principe",0,0,0,0,0,0,0,0,0,0,0,0,0,0,0,0,0,0,0,0,0,0,0,0,0,0,0,0,0,0,0,0,0,0,0,0,0,0,0,0,0,0,0,0,0,0,0,0,31641750,0,0,0,0,0,0,0,0,0,0,0,0,0,0,0,0,0,0,0,0,0,0,0,0,0,0,0,0,0,0,0,0,0,0,0,0,0,0,0,0,0,0,0,0,0,0,0,0,0,0,0,0,0,0,0,0,0,0,0,0,0,0,0,0,0,0,0,0,0,0,0,0,0,0,0,0,0,0,0,0,0,0,0,0,0,0,0,0,0,0,0,0,0,0,0,0,0,0,0,0,0,0,0,0,0,0,0,0,0,0,0,0,0,0,0,0,0,0,0,0,0,0,0,0,0,0,0,0,0,0,0,0,0,0,0,0,0,0,0,0,0,0,0,0,0,0
"Saudi Arabia",0,0,0,7255618650,0,0,339627600,0,0,38556519100,0,0,0,0,0,0,0,0,0,0,31143600,0,0,31604850,0,398444800,0,0,0,98943200,0,1518811050,0,0,0,0,0,0,38984850,0,0,511563150,0,0,0,0,6601232750,0,0,0,0,0,0,345660750,0,5112932400,0,167623600,0,626212350,0,0,0,0,0,0,0,118559700,0,0,0,563130900,0,0,0,141037200,27656550,0,135658500450,0,0,51826050,306030150,0,0,0,86865661750,0,301602150,0,0,0,67965134400,0,0,15158843900,0,464515650,5729947950,0,0,0,0,105243600,28210050,0,0,3253243700,2933550,0,0,328986450,0,0,0,0,1644817500,0,0,0,0,0,0,0,289628100,32693400,611401100,0,0,0,0,0,27029250,0,0,0,0,0,0,0,0,0,0,0,0,0,16605000,0,250495650,0,96973200,0,0,13025700,4401673400,220643550,3797250,0,0,0,472707450,9175000,289733350,0,262709550,172780500,0,0,0,0,40813837900,1151355050,1315422550,139384235900,0,0,179687350,0,1295674100,0,0,0,3690000,663277500,51124950,132511350350,0,0,153153450,0,0,0,2528736950,0,15405549250
"Senegal",0,0,0,0,0,0,0,0,0,0,0,0,0,0,0,0,0,0,0,0,0,0,0,0,403700,0,3690000,0,0,0,0,738000,0,0,11974050,0,0,0,0,0,7.28e+08,0,0,0,0,0,0,0,0,0,0,0,0,75477750,0,0,0,0,10946638600,0,0,0,0,0,0,0,0,455202000,0,0,0,0,0,0,0,0,0,0,0,0,0,16576650,0,0,0,0,0,0,0,0,0,0,0,0,0,0,0,0,0,0,0,0,0,0,0,62975516950,0,3514373950,0,0,0,0,0,0,0,0,0,0,0,0,0,0,0,8394750000,6264365900,0,0,0,0,0,0,0,0,0,0,3734150000,0,0,0,0,0,0,0,0,0,0,0,0,0,0,0,0,0,0,0,0,0,0,0,0,0,0,0,0,0,0,0,0,0,0,0,0,0,2084850,0,0,200236900,0,7799400,217248750,0,0,0,0,0,0,0,0,110700,0,0,0,0,0,0
"Seychelles",0,0,0,0,0,0,0,0,0,0,0,0,0,0,0,0,0,0,0,0,0,0,0,0,0,0,0,0,0,0,0,0,0,0,0,0,0,0,0,0,0,0,0,0,0,0,0,0,0,0,0,0,0,35016800,0,0,0,0,0,0,0,0,0,0,0,0,0,0,0,0,0,0,0,0,0,0,0,0,0,0,0,0,0,0,0,0,0,0,0,0,0,0,0,0,0,0,0,0,0,0,0,0,0,0,332100,0,0,0,0,0,0,0,0,0,0,0,0,0,0,0,0,0,0,0,0,0,0,0,0,0,0,0,0,0,0,0,0,0,0,0,0,0,0,0,0,0,0,0,0,0,0,0,0,0,0,0,0,0,0,0,0,0,0,0,0,0,0,0,0,0,0,0,0,0,0,0,0,0,0,0,0,0,0,0,0,0,0,0,0,0,0,0,0,0,0
"Sierra Leone",0,0,0,0,0,0,0,0,0,0,0,0,0,0,0,0,0,0,0,0,0,0,0,0,0,0,0,0,0,0,0,0,0,0,0,0,0,0,0,0,0,0,0,0,0,0,0,0,0,0,0,0,0,0,0,0,0,0,0,0,0,0,0,0,0,0,0,0,0,0,0,0,0,0,0,0,0,0,0,0,0,0,0,0,0,0,0,0,0,0,0,0,0,0,0,0,0,0,0,0,0,0,0,0,0,0,0,0,0,0,0,0,0,0,0,0,0,0,0,0,0,0,0,0,0,0,0,0,0,0,0,0,0,0,0,0,0,0,0,0,0,0,0,0,0,0,0,0,0,0,0,0,0,0,0,0,0,0,0,0,0,0,0,0,0,0,0,0,0,0,0,0,0,0,0,0,0,0,8745300,0,0,0,0,0,0,0,0,0,0,0,0,0,0,0,0
"Slovenia",50931750,0,101762650,0,0,0,819788600,29244152450,0,719550,0,0,0,0,0,0,0,0,0,0,0,1029637400,0,0,0,133427100,0,0,0,0,0,0,13170547350,0,0,0,0,0,147600,516600,0,55552950,0,0,1549800,0,0,0,0,0,0,0,0,1110552750,0,0,9298800,0,0,6037218100,4407981850,0,0,84986550,0,0,0,0,0,0,0,83759750,4135774700,49189633400,220600,0,0,0,0,422731400,613772050,353289128450,0,0,0,0,440400000,0,0,0,0,442800,5295150,18450,0,24796800,0,0,225680000,15664050,0,0,0,43734600,5276350,0,18450,0,0,0,0,0,0,633529000,0,0,169841250,0,0,1042888300,0,117390000,0,0,0,18350,0,1395645950,664980600,0,0,0,0,1414032900,573942600,0,0,0,0,0,46204550,0,196651550,0,0,0,0,41860000,2642400,0,0,0,684880050,738000,0,13634550,1650887550,0,0,0,2846161950,276948500,0,0,0,0,27290043250,0,0,0,546000,0,251160000,17005950,0,0,483436250,28505250,249827350,0,0,0,0,25885350,0,0,0,0,54206100,0,4613158100,271306150,0,0,0
"Slovakia",0,0,0,0,0,0,4293900,611289932100,0,498750,0,0,0,0,0,0,20571750,0,3819150,0,0,143345750,0,0,0,33920200,0,0,0,0,2343150,545800,0,0,0,0,0,9132750,1156134950,0,0,459991000,0,0,996300,0,0,0,0,1655900,0,0,28966500,1128066150,0,0,0,0,0,626420286750,83604150,0,0,2684516850,0,0,664200,0,0,0,0,0,622562263800,7706283800,0,0,0,0,12490650,487077400,191787750,447343190800,0,34452100,0,49800,7488750,0,0,0,0,58270050,35210850,427249450,0,1476000,0,0,0,965511850,0,0,0,0,0,0,155654550,0,0,18450,0,0,0,916000,0,0,5325650950,0,0,0,0,0,0,0,0,103142150,0,256900,570788794750,0,0,0,0,1077934437850,31142050,0,0,0,442100,0,75800664700,0,304007250,0,0,0,0,7435350,0,0,0,21303067150,0,0,0,0,44165700,0,0,0,367169500,18465106800,0,0,11134500,0,239850,0,0,0,0,0,0,2628950,0,0,5120031400,240919050,149625700,0,0,19280250,0,0,0,127526400,0,0,404634200,0,926843850,848700,0,0,0
"Singapore",0,0,0,0,0,0,3578611650,4632300,0,418132350,1156950,3306495500,0,291200,0,0,1420650,0,0,34446150,12026954400,17066250,5407327150,0,0,593658250,0,0,199343400,0,3118050,4292071100,4040550,0,0,53412750,0,0,129087950,0,0,4372650,0,0,1523050,0,27355150,0,0,0,0,22821150,0,175488400,1355586550,0,0,0,0,64031950,0,0,0,162979600,0,0,0,0,0,0,0,16427535250,0,0,0,691448950,6052392200,0,26088300,25461000,0,74753900,0,0,0,5667478950,96604200,0,4624450,694543100,0,5582175900,1768316850,532150,0,239276700,0,0,0,0,14589850,0,0,105026437150,3515502800,0,0,0,712136750,0,3561700,36900,0,0,0,18200,1620377700,0,127480650,0,427219050,247163000,0,1238328000,199021600,40760100,9308650,0,0,9405376750,0,5073750,4443660450,1678950,1678950,0,137028300,0,1149719050,0,0,0,9999900,0,0,0,0,1448195850,1084050,285608450,0,0,0,0,0,169654800,255514050,0,0,0,172197450,53335350,0,0,7394304900,0,58544599300,0,0,0,30460950,0,3523350,2136675950,0,0,1690399000,5885550,6257181000,0,0,0,0,4874201900,0,0,0,0,2952000,0,0,0,0,0,0
"Somalia",0,0,0,0,0,0,0,0,0,0,0,0,0,0,0,0,0,0,0,0,0,0,0,0,0,0,0,0,0,0,0,0,0,0,0,0,0,0,0,0,0,0,0,0,0,0,0,0,0,0,0,0,0,0,0,0,0,0,0,0,0,0,0,0,0,0,0,0,0,0,0,0,0,0,0,0,0,0,0,0,0,0,0,0,0,0,0,0,0,0,0,0,0,0,0,0,0,0,0,0,0,0,0,0,0,0,0,0,0,0,0,0,0,0,0,0,0,0,0,0,0,0,0,0,0,0,0,0,0,0,0,0,0,0,0,0,0,0,0,0,0,0,0,0,0,0,0,0,0,0,0,0,0,0,0,0,0,0,0,0,0,0,0,0,0,0,0,0,0,0,0,0,0,0,0,0,0,0,0,0,0,0,0,0,0,0,0,0,0,0,0,0,0,0,0
"South Africa",0,0,0,18450,0,564200,4473797200,92250,0,56984550,0,0,0,0,0,119012484650,0,0,165450,0,0,0,0,92250,16900200,458836100,0,0,129100,0,0,74637000,0,4558100,254181450,0,0,0,36763800,0,0,3708450,0,0,0,0,295200,0,0,0,0,0,201850,515374350,0,261584100,8354350,59853300,0,14257350,0,1125683050,0,0,0,0,0,0,0,0,0,2377650,0,0,387450,0,0,0,0,63591500,4656150,0,15364200,0,0,129150,0,0,340178300,0,405900,276750,58043700,0,36900,0,169564160550,0,18573900,0,0,313156900,8012987600,19422800,14981400,55350,0,0,1662329100,12450,0,0,18696570200,0,80755992600,0,4278550,0,18247050,0,0,323833250,0,0,325449550,0,0,0,0,590850,0,0,0,0,0,0,0,18450,86394950,311516323950,239850,23907700,0,0,0,0,0,117600300,9019600,1178240000,0,0,0,36371250,1272100,0,285052500,0,0,78389324800,82550800,597750,0,0,255000,946708900,0,682650,0,0,66024150,0,0,1033691350,407727800,0,2646208400,0,289516550,258300,0,0,0,1033950,6173450,0,3467584400,124739233300,0,959400,0,0,442200,0,0
"Spain",177839550,92010150,781858350,11849846700,17361450,1250840400,23161049950,41092446100,0,1028980100,0,0,0,0,8320950,0,2366373050,0,0,0,0,3670115150,12822750,0,3613675550,6381440250,1231171050,821700,2610800,28663900,29475745300,18913571150,14134354650,14760000,129882250,0,1456386300,10608506650,3270687100,56586150,22056417900,8870045750,55368450,28758926150,18450,6086269950,10632034100,262746450,8243016150,878346100,0,0,5121825350,932728802800,44077050,93928950,132890800,2006600100,168987100,68357488200,786923550,672798650,0,30016648700,0,1273050,534296450,78356750,0,740828500,185312150,1089307750,8124473600,4316138250,320199750,571630400,900802800,264304600,4951420950,5087699600,14925452200,649175355600,35539881650,3985200,51899850,9965005500,6117937100,0,63873900,1512900,0,10936569850,4247334800,795168900,8247150,5534597050,0,70839200,57549491900,2672481450,0,8462000,0,523059600,135264200,53357074650,3526598700,20419527350,827289000,11255273050,136104150,99738364700,316804950,85312800,44590000,282764700,79202469100,0,315038150,520843500,0,3673995900,26715600,14354100,538610850,23032104700,176972400,4054376750,10307423050,0,1125300050,2009663750,1430861550,52324204450,987703178250,629109850,0,0,980403650,0,9721316100,3938050,6329514600,0,0,0,37545750,6138539650,55289786150,10977750,4403450,923102050,4818363150,967633600,63652500,6661902050,0,52864650,0,0,15622057950,14596164300,31531730450,0,557969200,56334300,819552600,185447900,0,1053052200,2287286300,642097310250,227683362700,21973204950,0,0,204182475600,3269295150,59467890350,663100,2117088550,0,2177193600,476142300,3170801350,972296550,23295950,22416750,73143582850,1420090350,316862650,139814100,219096450,0,36272700
"Suriname",0,0,0,0,0,0,0,0,0,0,0,0,0,0,0,0,0,0,0,0,0,0,0,0,0,0,0,0,0,0,0,0,0,0,0,0,0,0,0,0,0,0,0,0,0,0,0,0,0,0,0,0,0,3768150,0,0,0,0,0,0,0,0,0,0,0,0,0,0,85541400,0,0,0,0,0,0,0,0,0,0,0,0,0,0,0,0,0,0,0,0,0,0,0,0,0,0,0,0,0,0,0,0,0,0,0,0,0,0,0,0,0,0,0,0,0,0,0,253769850,0,0,0,0,0,0,0,0,0,0,0,0,0,0,0,0,0,0,0,0,0,0,0,0,0,0,0,0,0,0,0,0,0,0,0,0,0,0,0,0,0,0,0,0,0,0,0,0,0,0,0,0,5727000,0,0,0,0,0,0,0,0,0,0,0,0,20165850,0,0,0,0,0,3523200,0,0,0,0,0,0
"Tajikistan",0,0,0,0,0,0,0,0,0,0,0,0,0,0,0,0,0,0,0,0,0,0,0,0,0,0,0,0,0,0,0,0,0,0,0,0,0,0,0,0,0,0,0,0,0,0,0,0,0,0,0,0,0,0,0,0,0,0,0,0,0,0,0,0,0,0,0,0,0,0,0,0,0,0,0,0,0,0,0,0,0,0,0,0,0,0,0,0,0,0,0,0,0,0,0,0,0,0,0,0,0,0,0,0,0,0,0,0,0,0,0,0,0,0,0,0,0,0,0,0,0,0,0,0,0,0,0,0,0,0,0,0,0,0,0,0,0,0,0,0,0,0,0,0,0,0,0,0,0,0,0,0,0,0,0,0,0,0,0,0,0,0,0,0,0,0,0,0,0,0,0,0,0,0,0,0,0,0,0,0,0,0,0,0,0,0,0,0,0,0,0,0,0,0,0
"Swaziland",0,0,0,0,0,0,0,0,0,0,0,0,0,0,0,0,0,0,0,0,0,0,0,0,0,0,0,0,0,0,0,0,0,0,0,0,0,0,0,0,0,0,0,0,0,0,0,0,0,0,0,0,0,0,0,0,0,0,0,0,0,0,0,0,0,0,0,0,0,0,0,0,0,0,0,0,0,0,0,0,0,0,0,0,0,0,0,0,0,0,0,0,0,0,0,0,276750,0,0,0,0,0,0,0,0,0,0,0,0,0,0,0,866559600,0,0,0,0,0,0,0,0,0,0,0,0,0,0,0,0,0,0,0,0,0,0,0,0,0,0,0,0,0,0,0,0,0,0,0,0,0,0,0,0,0,0,45697250,0,0,0,0,0,0,0,0,0,0,0,0,0,0,0,0,0,0,0,0,0,0,0,0,0,0,0,0,0,0,0,0,0,0,0,0,0,0,0
"Sweden",110700,0,18450,627952381300,0,222300,1754512050,3231538200,0,70447250,0,0,0,0,173400,0,7915950,0,0,0,0,114532150,0,0,0,2533283600,0,0,0,0,10463700,1158114900,0,0,0,0,0,0,1758750,0,0,398815025150,0,0,0,0,3333450,0,0,5454707750,34915962800,0,84607071650,50403644050,0,0,0,0,37350,421735630950,51805450,0,0,44182100,0,0,18450,0,0,0,0,457208850,1377390800,275510150,12845384550,73800,6783600,0,30900,70438372200,504746700,10577064450,0,239850,0,1608564550,58478600,0,172500,0,0,395993600,195187150,1590289350,0,2158650,0,0,0,247335925750,0,0,0,5904000,0,0,90019300,7.849e+10,0,7093050,0,57745350,0,0,0,18450,171087778000,0,0,0,0,18811500,0,0,36900,359953192100,0,18450,807637450,0,0,0,1490300,25952713600,57688495050,0,0,18450,99706850,0,611610100,0,3008421700,0,0,12450,0,479854650,0,0,0,14610650,460401300,60124300,0,102813950,504364196550,0,0,0,0,2674238150,0,0,2913143300,0,6582150,0,0,0,92250,18450,428031750,1643281200,0,0,194043982150,5608800,11177035000,0,0,0,0,0,0,18450,0,18450,60494774700,10769200,154926050,0,0,0,0
"Switzerland",0,0,51309450,0,0,36900,151634500,62383250400,146800,11605050,0,0,0,0,18450,0,36900,0,0,0,996300,2587400,0,0,2165300,83369550,587200,0,0,0,12450,742364150,55350,0,18450,0,16807950,0,6239000,3321000,0,390381200,0,0,553500,0,18450,0,0,1288000,0,0,1426075650,35312845050,0,0,940950,0,0,78315540000,0,0,0,93777450,0,0,55350,12257750,0,0,0,467077750,284690250,2233850,0,295200,21328200,0,0,387558100,6623350,1083429950,0,4797000,0,358132750,6106950,0,3597400,0,0,129076200,128103700,66800,0,1655900,0,0,0,10942700,8154900,2312100,0,17748900,0,0,0,0,0,0,1559750,35150,0,0,0,0,2204154650,0,0,0,0,1199250,0,55050,2404050,503242100,0,0,1436089650,0,0,0,29935000,184251900,340180100,0,0,177554600,53390800,0,22013550,0,19206350,0,18450,0,0,349775100,0,0,3486500,18450,10432350,75860500,0,17305700,912666700,0,0,0,525500150,0,0,0,31586400,0,38708000,369150,0,0,201950,0,281005500,265846050,0,0,7055778800,8294300,2087512850,4385650,0,0,0,27619550,0,0,12386250,0,509432600,143407900,0,0,18350,0,0
"Syrian Arab Republic",794100,0,0,0,0,0,119426850,45039150,0,23684400,0,0,0,0,0,0,0,0,0,0,0,109906650,0,0,0,307116000,0,0,0,0,0,0,0,0,0,0,0,0,59747050,0,0,80497650,0,0,5150850,0,1697400,0,0,0,0,0,0,49209750,0,0,0,0,0,1196307150,0,0,0,9158700,0,0,0,0,0,0,0,0,0,0,92250,0,0,0,0,659850,0,0,6217650,0,0,0,2229023800,0,0,0,0,18450,238671850,0,0,6105803950,0,0,0,0,3505500,0,0,46337250,0,0,0,0,0,0,0,18450,0,0,0,0,656982600,0,0,0,0,49800,0,0,0,180410850,0,0,8949000,0,0,0,0,0,0,0,0,0,88061850,0,5537100,0,0,0,0,0,0,3855010700,0,0,0,0,0,0,0,784350,0,0,0,0,305440000,4833900,0,0,0,1328400,0,0,0,109200,25791350,0,205472284100,389078850,588400,0,103337250,8302500,321122550,0,0,0,129007250,0,0,151847250,0,0,1022943400,1752750,0,0,0,0,0
"Turkmenistan",0,0,0,0,0,0,0,0,0,0,0,0,0,0,0,0,0,0,0,0,0,0,0,0,0,0,0,0,0,0,0,0,0,0,0,0,0,0,0,0,0,0,0,0,0,0,0,0,0,0,0,0,0,0,0,0,0,0,0,0,0,0,0,0,0,0,0,0,0,0,0,0,0,0,0,0,0,0,0,0,0,0,0,0,0,0,0,0,0,0,0,0,0,0,0,0,0,0,0,0,0,0,0,0,0,0,0,0,0,0,0,0,0,0,0,0,0,0,0,0,0,0,0,0,0,0,0,0,0,0,0,0,0,0,0,0,0,0,0,0,0,0,0,0,0,0,0,0,0,0,0,0,0,0,0,0,0,0,0,0,0,0,0,0,0,0,0,0,0,0,0,0,0,0,0,0,0,0,0,0,0,0,0,0,0,0,0,0,0,0,0,0,0,0,0
"Taiwan",0,0,0,0,0,42589500,7902289750,2459400,0,0,0,91000,0,0,0,0,104384150,0,43648700,1733100,34998600,0,138356550,0,0,9360544800,0,0,1785300,0,233437250,42658254650,4942650,0,0,0,50187100,0,0,0,0,14464800,0,110300,0,0,0,793350,0,0,0,4459300,0,1330901400,14372150,42042000,0,0,0,640584000,0,899750,0,0,0,0,4388400,0,0,0,184500,105978042800,793350,0,0,0,181153950,0,0,43673100,0,284817950,5743550,0,0,6913704450,0,0,82082000,82571950,0,8351309600,1309950,0,0,0,1809750,0,0,0,7367539500,18450,0,5129441150,18450,0,899150,0,7193100,1032600,0,0,0,0,848700,0,3984144800,0,0,0,0,1021752100,6328700,0,19464750,22250700,0,4508350,0,459900,36900,15479550,950463050,0,370343450,0,0,0,0,0,0,0,86622750,0,0,18450,0,317802350,4747600,0,0,0,0,5756064600,36900,155135050,349320600,184500,0,645750,24309300,1014750,0,0,0,0,622909600,36700,202950,14166850,0,0,0,547849900,0,128650,2144053900,0,50666517700,0,30233300,0,0,4735048400,0,0,0,0,91644700,0,0,0,0,0,0
"United Republic of Tanzania",0,0,0,0,0,0,0,0,0,0,0,0,0,0,0,0,0,0,0,0,0,0,0,4686665500,0,0,0,0,0,0,0,0,0,65424600,0,0,0,0,0,0,0,0,0,0,0,0,0,0,0,0,0,0,0,0,0,0,0,0,0,37350,0,0,0,0,0,0,0,0,0,0,0,0,0,0,0,1820000,0,0,0,0,0,0,0,0,0,0,0,0,652189000,0,0,0,0,0,0,0,0,0,0,0,0,0,118240500,0,0,0,0,0,0,0,0,0,65975000,0,0,0,0,0,0,0,0,0,0,0,0,0,201783400,0,0,0,0,0,0,0,0,0,0,0,0,0,0,1582128200,0,0,0,0,0,0,0,0,0,0,0,0,0,0,0,0,0,0,0,0,0,0,0,0,0,0,0,0,109200,0,0,0,235260550,0,0,0,0,0,0,0,0,0,0,0,65261548200,48283650,0,0,0,0,0,0,0
"Thailand",332000,0,1845000,0,0,211896650,52818630850,55717650,0,913977800,18804650,340341650,0,161681050,0,0,1619391400,0,0,3229600,487150450,12441300,39589236100,0,174300,27255712600,0,0,191031250,0,945405800,17742880350,81121250,0,3122850,55100,18450,0,413624200,1512900,107294100,897245750,0,0,36900,1771200,254118250,0,0,280337350,0,23890200,1207312500,11207025100,468737600,0,14447450,0,0,5996815700,0,710429700,0,716374500,0,0,18450,27333350,0,0,10930250,17068028050,41564450,7084800,344640450,2951424550,29385421600,37350,27168650,753666850,6026311300,1209873700,5102420850,77632350,0,37756262750,229771800,0,65745000,36055299750,0,22443378200,613572650,132853900,56981882100,168046550,0,68387850,0,143910600,127884950,51373450,0,67470518600,529138950,0,53313700,0,67279350,249252150,119753100,33982200,0,330300,10008600,106181250,38237313250,0,248146650,2807550,8986950,15094154350,0,0,24298200,1104975400,1191734900,502000,608692650,132022650,77051650,6506800,17778900500,3239636350,450540400,0,7675200,0,452336000,0,32792750,0,1086767000,0,0,0,0,5774102950,73400,46023750,0,297588450,2402850,19942478550,0,2066342850,2839105400,977850,0,42076550,7249419950,2483592550,0,0,10791436350,12837300,0,287570100,2330450,21154050,330837100,41687900,140958950,3224945050,0,0,24237401050,187960300,98698463650,0,198680300,3339450,0,28718232700,772900,1468000,0,0,6025218400,0,30075650,0,68150,18200,4963050
"Togo",0,0,0,0,0,0,0,0,0,0,0,0,0,0,0,0,0,0,0,0,0,0,0,0,0,0,0,0,0,0,0,0,0,0,0,0,0,0,0,0,738878300,0,0,0,0,0,0,0,28689750,0,0,0,0,18265500,0,0,0,59778000,0,0,0,24354000,0,0,0,0,0,0,0,0,0,0,0,0,0,509600000,0,0,0,0,0,0,16605000,0,0,0,0,0,0,0,0,0,0,0,0,0,0,0,0,0,0,0,0,0,0,0,0,0,0,0,0,0,0,0,0,0,0,0,0,0,0,0,0,28310801800,2029500,0,0,0,0,0,0,0,0,0,0,0,0,0,0,0,0,0,0,0,0,0,0,0,0,0,0,0,0,0,0,4372650,0,0,0,0,0,0,0,0,0,0,0,0,0,0,0,0,203651100,0,0,0,0,0,0,31915015050,0,0,0,0,0,0,6642000,0,0,0,0,0,0,0,0
"Tonga",0,0,0,0,0,0,0,0,0,0,0,0,0,0,0,0,0,0,0,0,0,0,0,0,0,0,0,0,0,0,0,0,0,0,0,0,0,0,0,0,0,0,0,0,0,0,0,0,0,0,0,0,0,0,0,0,0,0,0,0,0,0,0,0,0,0,0,0,0,0,0,0,0,0,0,0,0,0,0,0,0,0,0,0,0,0,0,0,0,0,0,0,0,0,0,0,0,0,0,0,0,0,0,0,0,0,0,0,0,0,0,0,0,0,0,0,0,0,0,0,0,0,0,0,0,0,0,0,0,0,0,0,0,0,0,0,0,0,0,0,0,0,0,0,0,0,0,0,0,0,0,0,0,0,0,0,0,0,0,0,0,0,0,0,0,0,0,0,0,0,0,0,0,0,0,0,0,0,0,0,0,0,0,0,0,0,0,0,0,0,0,0,0,0,0
"Trinidad and Tobago",0,0,166050,0,3758462050,0,0,0,23228550,0,12292488150,0,0,0,0,0,0,0,405609550,0,0,0,0,0,0,199112050,0,0,0,0,0,0,2011050,0,0,0,0,0,0,0,0,0,1143045750,45128700,0,0,0,0,0,0,0,0,0,0,0,0,0,0,0,3451900,0,0,0,0,0,5117572750,0,0,14336053850,0,0,0,0,0,0,0,0,0,0,0,0,202950,0,0,11413886300,0,0,0,0,0,0,0,0,0,0,0,0,165000,0,0,0,0,0,0,0,0,239650,0,0,145600,0,0,0,0,0,0,2397000,0,0,0,0,0,0,0,0,350550,0,19090550,0,0,0,0,0,0,0,0,0,0,0,0,0,0,1437200,496072100,4477204500,3517096950,0,0,0,0,0,0,0,0,0,0,0,984815450,0,0,0,239850,0,0,0,0,0,0,0,0,0,0,0,0,0,0,1434650,0,3535160950,0,0,0,51014600,0,0,0,0,0,0,0,0,0,0,0,0
"Oman",0,0,0,789069600,0,0,551246100,0,0,10821299850,0,37350,0,0,0,0,0,0,0,0,0,0,5944663800,0,6261331950,927212550,0,0,42280200,0,0,46819400,0,109297800,0,0,0,0,5462200,0,0,0,0,0,0,0,692244000,0,99090000,0,0,57028950,0,86542950,0,5523283100,0,211499100,0,207959700,0,498668300,0,0,0,0,0,176455800,0,0,0,0,0,0,0,271875250,0,49494600,1144240950,0,0,0,0,0,0,79516050,6492396650,0,9771374050,0,0,1993050,7814239100,0,0,423968150,0,1422656400,483703650,0,0,0,0,400400,1498047750,0,0,0,152956950,0,0,36400000,0,0,0,0,95403450,0,0,0,0,570012750,0,0,10410400,62250,227278200,2477250,0,204426000,0,0,26051400,0,88990500,0,0,0,53847615700,0,0,44408000,6360850,0,0,0,0,49194695350,7111083750,95845800,0,0,0,1130099400,563104541900,139814100,664200,0,0,0,1001000,627300,0,0,0,6893854650,46715400,350485000,0,0,0,194808000,42471900,143538365400,0,0,1117533700,0,937155850,0,0,0,99090000,0,0,594226433650,0,0,0,0,0,0,637281450,0,38929500
"Tunisia",0,0,0,1076280750,0,0,11744550,0,0,313650,0,0,0,0,0,0,0,0,0,0,0,0,0,0,449614000,830268450,0,0,0,656452900,0,0,0,13837500,942745500,0,0,0,0,0,6968047800,0,0,45876750,0,0,49086250,0,137626700,0,0,0,0,2595762500,0,69713550,0,205157200,671237650,69408900,0,31641750,0,682650,0,0,0,3304427800,0,0,0,7140150,0,0,0,1143900,0,0,2472300,627300,0,70718750,220797900,0,0,84520100,389123000,0,0,0,0,0,2084850,0,0,352234400,0,13745250,96247954750,0,0,449346000,0,142733050,0,12229604700,0,4206600,23708250,0,0,851426100,0,0,0,0,29616400,0,5184450,0,0,255395300,0,13350930700,0,0,0,0,0,0,0,0,0,92250,0,0,0,0,668382550,0,0,0,0,0,0,0,0,122110050,55892100,0,73491750,0,0,35719200,0,0,3523950,129980250,0,0,24900,6346800,0,0,0,6195280000,0,222230250,0,0,2343150,0,53394300,13926950,0,0,13062600,0,145999300,27228150,0,0,0,0,22131052300,790767000,0,0,43954800,0,0,0,0,0,185459400
"Turkey",0,3007540550,32432554550,6616182350,916785350,57508650,6779453500,3216234900,2165308800,3591336950,951046550,1320508850,0,0,2756706750,63228150,1396621600,0,304317400,0,31752450,13415217850,42907396800,0,76681838700,62900985950,2371519750,1366230750,15739606500,91004763700,60382268350,65638040400,6604299150,22280621350,49351594300,110700,6478896900,72810348250,49952080650,83052395600,748423050450,2243815300,249286350,64533753150,1910965600,6857886400,50220339550,13450441050,92553940650,45772550,0,0,145300300,7457996200,54104800,216025202950,18873269850,22426925450,45343924600,100965475150,17513501600,519527111950,1070160000,4570267800,0,8081100,1235236150,22360214800,1815865450,176816124900,252063900,19306711500,1061786100,2154310250,2651800,3783364200,112022092750,5520576700,5566796601050,409065300,313728972650,87562008850,23914843800,5385543550,1241530600,204042108000,24298774750,1584130750,215698937650,1734095050,136050,34861592150,15488844350,310578150,0,135723543900,0,27996073450,127452009950,2162601700,13855950,232929175200,76025450,76544346250,8256055250,3507270850,550115600,24920338550,5417587800,5439217000,3247910250,55529770950,11833461800,3026908200,1117082100,786774050,26214945600,0,132877650,8401690650,44048000,1051673550,441888200,117840257300,20052107550,17415560750,1492354950,27428464100,1910883550,6712566350,122826450,7191683350,106601626700,10176106050,1455885150,4304633850,0,29489255400,37858202000,36604800,37123388450,7095520400,11160953850,184500,70663500,174297100,4900696550,120635794100,107523839500,936084650,89745507100,82877400,1734935700,28251441350,1016752661250,15173754600,816875850,5478819350,1834619500,0,7589717850,2167736350,1114108018850,5078492650,19908154800,152199423350,50072049450,287382714600,1257620000,21613245050,71398876000,1231932950,0,69137299950,29907630000,0,119334341700,93839503000,114327632750,47519349350,579661150,1260016750,1092808603600,10064609800,12499529950,1558239371000,97671488650,346448750,23667370950,7251150,4974488400,765854050,19089526550,5403639150,118735713650
"United Arab Emirates",25797200,2222671700,0,57084300,0,200400000,3338554000,3025800,0,48994193600,0,685109150,0,2922850,0,0,28855800,0,18948150,0,41611250,18450,116788500,39399850,1768391250,14955010950,19686150,350640700,91745437250,786477850,92250,1646333500,959400,3105442750,291047650,0,0,0,45018000,55643100,2909313250,37941150,0,0,0,0,36847506100,0,690963700,0,0,470377500,0,680331500,0,28081902750,14630250,152872150,268853000,123380600,0,752508600,0,928200,0,0,19114200,698679500,53449650,40737600,0,585197200,18350,0,1900350,5678505850,157980400,5820463100,50211300450,421309800,166050,154967350,529267350,572600,0,4095693550,30228699500,55250,4619511950,140533650,0,983763050,47812922300,64962450,0,6689650700,0,204352800,4532064100,0,0,147112600,69335100,2700237500,1470632250,7145950,825552000,174153900,976378550,96622650,0,11415460750,2072137000,0,218780100,103872500,459523150,0,0,36700,13597650,620755150,0,1780646200,982456950,383800600,3788965600,0,0,494451450,0,0,21609718050,115819600,15652650,0,0,1575313350,0,0,0,185600300,25371300050,0,0,0,0,189936079700,604267550,6876744300,177928100,0,0,1284395800,87166933050,6058178400,164879350,292635450,10479600,0,84550250,262930950,178134750,356325600,17404066200,5245641100,1149467900,561587150,12537600,264093300,162527002600,508887900,201020050,0,678753150,0,1283537200,18616050,17383773450,56668250,0,28369850,0,127138950,1826651350,200051458100,854987750,167081600,329811100,0,91750,0,4672600450,271627850,1233335450
"Uganda",0,0,0,0,0,0,0,0,0,0,0,0,0,0,0,0,0,0,0,0,0,0,0,461401150,0,2184000,0,0,0,0,0,0,0,0,128848400,0,0,0,0,0,0,0,0,0,0,0,0,0,0,0,0,0,0,0,0,0,0,0,0,4206600,0,0,0,0,0,0,0,0,0,0,0,0,0,0,0,53480000,0,0,0,0,0,0,0,0,0,0,0,0,82195181000,0,0,0,0,0,0,0,0,0,0,0,0,0,0,0,0,0,0,0,0,0,0,0,0,0,0,0,0,0,0,0,0,0,0,0,0,0,0,0,0,0,0,0,0,0,0,0,0,0,0,0,0,167982400,0,0,0,0,0,0,0,0,0,0,0,0,1826550,0,0,0,0,0,0,0,0,0,0,0,0,0,0,0,0,0,0,129150,0,0,0,0,0,0,0,0,0,0,1107000,0,72719703250,0,1107000,0,0,0,917369300,159089966400,0
"Tuvalu",0,0,0,0,0,0,0,0,0,0,0,0,0,0,0,0,0,0,0,0,0,0,0,0,0,0,0,0,0,0,0,0,0,0,0,0,0,0,0,0,0,0,0,0,0,0,0,0,0,0,0,0,0,0,0,0,0,0,0,0,0,0,0,0,0,0,0,0,0,0,0,0,0,0,0,0,0,0,0,0,0,0,0,0,0,0,0,0,0,0,0,0,0,0,0,0,0,0,0,0,0,0,0,0,0,0,0,0,0,0,0,0,0,0,0,0,0,0,0,0,0,202950,0,0,0,0,0,0,0,0,0,0,0,0,0,0,0,0,0,0,0,0,0,0,0,0,0,0,0,0,0,0,0,0,0,0,0,0,0,0,0,0,0,0,0,0,0,0,0,0,0,0,0,0,0,0,0,0,0,0,0,0,0,0,0,0,0,0,0,0,0,0,0,0,0
"United Kingdom",62250,181215900,1623600,158650634600,273077450,4040550,72495739700,3516773350,4336548000,3856998300,860589000,29345550,0,0,6642000,0,565146700,0,74925450,0,297531000,2475722100,39722850,0,84519450,19014802000,0,36125100,25464150,0,301385050,9754336100,57767400,0,17896500,0,42471000,0,8827413450,7550250,167440000,36531188400,70718850,7841250,12398400,3874500,751726050,0,2416950,2915079550,605614900,0,9725848500,168094717950,442800,86869100,3856050,14852250,117200850,83389261000,78133300,6438512300,0,15928248550,0,146980600,3892950,0,46051200,0,0,16299651300,5808173950,2442993400,30388164600,1412555700,1707610350,55792800,2517995800,1701630279800,2057741050,95753824100,237157300,0,386481000,5582934050,2766592000,0,1258987950,86881050,0,1190266750,9717188200,196583700,0,2105204750,0,124904450,281240100,1938807550,3488200,1120500,0,4978513100,31684650,16132250,6063455350,0,901035000,378869450,238532800,12378716850,0,1051650,738000,592263450,586851715400,0,0,0,0,3459634500,0,0,184935020750,11193112000,481700350,163596150,9708649200,0,0,10903950,2457000700,44385668650,241101848850,0,0,0,5813198800,100410700,5269889600,122674050,8433484900,169758450,305749200,153706800,0,29505272250,3154950,20996100,162601000,862756900,755406200,12239211300,60147000,11196587500,584729555400,1845000,0,0,82698887550,4044927100,0,0,2260433450,89261100,11067239400,0,0,784544600,2957876200,373500,31403288300,30709197600,15811650,0,0,112990750,138687365900,0,8689950,0,83707900,345093750,16807950,360918900,17544350,0,113571050750,132914400,33781950,867150,224336900,3276000,150312150
"Ukraine",26240463350,55165500,61913191500,67189627700,844450,0,848784050,566885850,1936450,263964150,347000,6350924813300,0,0,0,0,0,0,495350,0,0,6230096400,186410754900,0,446411550,4882595700,0,0,193408359100,3191006000,314793900,136523654100,0,3381035300,0,127800,0,0,16786986250,14496476250,524401150,11826245600,511900,0,105686359350,99939799000,11044264996950,0,0,12515698000,0,0,57265050,15743280150,0,310306993400,26126256350,85066800,13496444200,36563451100,19612350,3723401000,0,181666807900,0,0,0,55147050,347620000,0,18200,19412531500,2539457400,182000,0,917575550,9515991825350,8837550,10033819400,50761442150,1298566195250,657255664150,15042656700,21230099050,0,898299350,674866358000,1167542250,657572769400,1475779000,0,1307607945400,1843894450,11553307650,9396221600,1867200572250,0,16578550,2082199792950,19560097100,0,9140040000,0,1072612456250,36955350,26426370000,139062350,495200123400,15331750,531524443700,6107828850,3101377408250,276350016700,154597406750,0,2913983000,94201002850,0,13548960500,455614800,221400,1259107000,0,0,492289750950,580298250,2078938260000,3816150,3806326850,2789200,0,0,2752821045700,35444110900,744807650,0,0,15452309600,110067168250,218400000,24477380100,7223580000,280046950,256750,0,438850,44590000,108735439650,69421979500,3819150,6758042200,10010000,1417455450,129308609100,135366680000,262623536550,1110520908550,0,2431954900,0,1137905100,26227453550,0,1566453950,26412687200,172639780900,2383089131800,605860250,0,0,41960308050,3342102835400,3647437520050,504050634350,160579930000,128950,109786063200,0,6751558500,3847628000,0,4129884900,16212678950,448807391750,867420545000,2296185073100,30143210000,0,440574900,0,122937750,69074950,450613867300,5241600000,112320597050
"United States of America",15498000,18874350,12412400,1068684156650,1588419700,2661183150,34890390150,163800300,34430086250,3187674350,74617495650,897788660000,0,0,665338700,0,1976847484550,0,46451333800,0,667532950,0,325446854650,7.348e+09,36807750,2351294581050,0,0,458443623050,0,1344445310650,4177551387000,2043860818400,0,22294500000,6014700,287335989900,8081100,199610550,0,5433150,1074530250,739050350,872241907100,0,1454609685350,1467527353850,697000925200,122091900,17054750,0,60247200,1313378000,3644094300,620499550,10549530650,90313301250,0,0,7761913550,2970450,86278612850,9764350,190073000,0,28991773200,1997706290000,53491770000,122925784600,443997348950,966977360700,28943876650,0,0,1035471600,877403100,4087259457750,0,790336240200,227934600,202318388200,2699012262050,4188150,1058250,658269116650,8841722008100,2070354700,0,207962117600,4973788800,0,4643564300050,7767507150,31032600,0,1306793750,0,56740067350,34987092500,8413200,8884300,0,43595350000,1370587898900,0,9188763800,0,0,8080800,12221176583550,21737600,56426268250,155714140000,0,28924400000,0,16345512400,0,519291600,0,0,7007072350,54411621550,0,5869233323950,1142182950,254051450,495390145700,23211750,83645950,1194089550,1149386019550,10537644632050,818990900,124733187600,0,0,0,6262360300,0,0,23735710000,1957595500,1271682950,21788798150,76674360050,0,81525439700,4515914900,0,0,0,0,250802977700,0,383318367250,62038228500,401456550,0,0,9338168600,8691754450,0,0,4132930088100,171577019550,2282899162050,18260950,545134200,411704815350,194781135750,102767976450,335022250,152461560400,1.837e+10,0,120961650700,29372650,0,0,1024393850,0,674439966250,1393821140050,1043427690000,2680298875200,85560780000,5830200,141389775750,0,0,0,88660300000,0,109445400
"Burkina Faso",0,0,0,0,0,0,0,0,0,0,0,0,0,0,0,0,0,0,0,0,0,0,0,0,0,0,0,0,0,0,0,0,0,0,0,0,0,0,0,0,0,0,0,0,0,0,0,0,0,0,0,0,0,0,0,0,0,0,0,0,0,36900000,0,0,0,0,0,0,0,0,0,0,0,0,0,0,0,0,0,0,0,0,18350000,0,0,0,0,0,0,0,0,0,0,0,0,0,0,0,0,0,0,0,0,0,0,36900000,0,0,0,0,0,0,0,0,0,0,0,0,0,0,0,0,0,0,0,0,0,0,0,0,0,0,0,0,0,0,0,0,0,0,0,0,0,0,0,0,0,0,0,0,0,0,0,0,0,0,0,0,0,0,0,0,0,0,0,0,0,0,0,0,0,0,0,36900,0,0,0,0,0,0,0,0,0,0,0,0,0,0,0,0,0,0,0,0,0
"Uruguay",0,0,0,130145104000,0,523829450,2029500,0,0,0,0,0,0,0,54129900,0,467156088400,0,0,0,0,0,0,0,0,0,0,0,0,0,6590935550,0,844100,0,0,0,5221350,0,0,0,0,0,0,0,0,0,0,0,0,0,0,0,0,0,0,0,0,0,0,36900,0,0,0,0,0,0,30719250,0,0,0,0,0,0,0,0,0,51569600000,0,0,0,0,1623600,0,0,0,0,0,0,0,0,0,0,0,0,0,0,0,0,0,0,0,0,0,0,0,0,0,0,0,10922400,0,0,0,0,0,0,0,0,0,0,0,91000,0,0,0,0,0,116201650,0,0,2421626500,1484432100,0,0,0,0,0,0,0,0,0,0,0,0,0,0,0,0,0,0,0,0,0,0,0,54829800,60431400,0,0,0,0,6653747600,0,0,3979526500,0,0,0,0,0,0,0,0,0,0,0,7674700,0,478665950,0,0,0,5307010800,0,0,0,0,0,0,0,0,0,0,0,0
"Uzbekistan",0,0,0,0,0,0,0,0,0,0,0,0,0,0,0,0,0,0,0,0,0,0,0,0,0,0,0,0,0,0,0,0,0,0,0,0,0,0,0,0,0,0,0,0,0,0,0,0,0,0,0,0,0,0,0,0,0,0,0,0,0,0,0,0,0,0,0,0,0,0,0,0,0,0,0,0,0,0,0,0,0,0,0,0,0,0,0,0,0,0,0,0,0,0,0,0,0,0,0,0,0,0,0,0,0,0,0,0,0,0,0,0,0,0,0,0,0,0,0,0,0,0,0,0,0,0,0,0,0,0,0,0,0,0,0,0,0,0,0,0,0,0,0,0,0,0,0,0,0,0,0,0,0,0,0,0,0,0,0,0,0,0,0,0,0,0,0,0,0,0,0,0,0,0,0,0,0,0,0,0,0,0,0,0,0,0,0,0,0,0,0,0,0,0,0
"Venezuela (Bolivarian Republic of)",0,0,0,0,0,0,0,0,0,0,0,0,0,0,0,0,0,0,0,0,0,0,0,0,0,0,0,0,0,0,0,0,27136200,0,0,0,0,0,0,0,0,0,0,0,0,0,0,0,0,0,0,0,0,0,0,0,0,0,0,0,0,0,0,0,0,0,0,0,0,0,0,0,0,0,0,0,0,0,0,0,0,0,0,0,0,0,0,0,0,0,0,0,0,0,0,0,0,0,0,0,0,0,0,0,0,0,0,0,0,0,0,0,0,0,0,0,0,0,0,0,0,0,0,0,0,0,0,0,0,0,0,0,0,0,0,0,0,0,0,0,0,0,0,0,0,0,0,0,0,0,0,0,0,0,0,0,0,0,0,0,0,0,0,0,0,0,0,0,0,0,0,0,0,0,0,0,0,0,355051800,0,0,0,0,0,0,0,0,0,0,0,0,0,0,0,0
"Viet Nam",0,0,0,0,0,46150250,15019135300,3385200,0,0,0,61198650,0,0,0,0,688126350,0,0,0,47261850,12047850,26542211750,0,0,12470591800,0,0,59795650,0,484304850,62048385500,303574950,0,0,0,115526050,0,3347698400,0,0,482357700,0,0,0,3856050,0,0,0,14265500,0,0,99257850,24290885850,0,0,0,0,0,25550762100,0,0,0,88701100,0,0,0,0,0,0,0,40936915400,117869800,0,770700,1614860800,34261215400,0,0,386829450,2265516600,387658850,215286000,11784300,0,60909284100,0,0,196916850,278677462250,0,55870731000,1698839100,10349400,47749500600,0,0,0,0,162712500,0,0,0,6087168400,0,0,844100,0,0,280237550,0,385220600,3596600,0,0,0,17329900150,0,0,0,0,1953924500,0,0,219813300,1033997050,1241420550,80479200,165991300,0,0,2880950,67880203300,2707758550,42631750,0,0,0,220809600,0,52382000,0,13154759550,0,0,0,0,2008076750,2121551050,0,0,119548100,71675100,49859781800,0,1938707550,403934950,0,0,0,1789164450,584509250,0,0,23135071050,14833800,191328034000,0,0,0,0,0,1211100,1235355350,0,0,33049054700,497094350,67135944050,0,0,9723150,12951900,0,0,0,0,0,2211738250,0,0,0,0,0,0
"Ethiopia",0,0,0,0,0,0,1899100,0,0,721505700,0,0,0,0,0,0,0,0,0,0,0,0,0,0,0,1358566300,0,0,0,0,0,0,0,0,0,0,0,0,0,0,0,0,0,0,0,0,0,0,0,0,0,0,54759600,9723150,0,1397407700,0,0,0,111709400,2029500,0,0,0,0,0,0,0,0,0,0,0,0,0,0,73800,0,0,0,0,166050,2731300,0,0,0,0,0,0,11070000,0,0,0,551322900,0,0,258300,0,0,0,0,0,0,0,0,0,0,0,0,0,0,0,0,73800,0,0,0,0,0,0,0,0,0,0,0,0,1034067150,0,0,0,0,0,0,0,0,54600,0,0,0,7822800,36900,0,0,0,0,0,0,0,25258050,0,0,0,0,0,0,1192988550,4925150,0,0,0,1070100,3136326400,230710500,0,0,0,0,0,0,0,0,0,0,0,8011614150,36900,0,823781600,0,9146472850,0,0,0,0,0,0,0,0,0,5737950,0,0,0,0,1254600,0
"Yemen",0,0,0,0,0,0,0,0,0,49620000,0,0,0,0,0,0,0,0,0,0,0,0,0,0,0,0,0,0,0,0,0,0,0,0,0,0,0,0,0,0,0,0,0,0,0,0,122449327500,0,0,0,0,0,0,0,0,0,0,0,0,0,0,0,0,0,0,0,0,0,0,0,0,0,0,0,0,0,0,0,0,0,0,0,0,0,0,0,0,0,0,0,0,0,4667850,0,0,0,0,0,0,0,0,0,0,20295000,0,0,0,0,0,0,0,0,0,0,0,0,0,0,0,0,0,0,0,0,0,0,0,0,0,0,0,0,0,0,0,0,0,1963450,0,0,0,0,0,0,0,0,0,9077400,0,0,0,0,0,0,0,0,0,0,0,0,0,0,0,0,0,0,0,0,0,0,14963242850,0,30397547400,119304200,0,0,10571850,0,174610800,0,0,0,0,0,174112650,0,0,0,0,0,0,0,1.092e+10,0,0
"Democratic Republic of the Congo",0,0,0,0,0,0,0,0,0,0,0,0,0,0,0,0,0,0,0,0,0,0,0,0,0,0,0,0,0,0,0,0,0,0,0,0,0,0,0,0,0,0,0,0,0,0,0,0,0,0,0,0,0,295200,0,0,0,0,0,36900,0,0,0,0,0,0,0,0,0,0,0,0,0,0,0,0,0,0,0,0,0,0,0,0,0,0,0,0,0,0,0,0,0,0,0,0,0,0,0,0,0,0,0,0,0,0,0,0,0,0,0,0,0,0,0,0,0,0,0,0,0,0,0,0,0,0,0,0,0,0,0,0,0,0,0,0,0,0,0,0,0,1107000,0,0,0,0,0,0,0,0,0,0,0,0,0,0,0,0,0,0,0,0,0,0,0,0,0,0,0,0,0,0,0,36900,65953900,0,0,0,0,0,0,0,0,0,0,0,0,0,0,0,0,0,0,0,0
"Zambia",0,0,0,0,0,0,0,0,0,0,0,0,0,0,0,36383400,0,0,0,0,0,0,0,0,0,0,0,0,0,0,0,0,0,0,0,0,0,0,0,0,0,0,0,0,0,0,0,0,0,0,0,0,0,0,0,0,0,0,0,0,0,0,0,0,0,0,0,0,0,0,0,0,0,0,0,0,0,0,0,0,0,0,0,0,0,0,0,0,5590350,0,0,0,0,0,0,0,0,0,0,0,0,0,1410594750,0,0,0,0,0,0,0,0,0,2538400,0,0,0,0,0,0,0,0,0,0,0,0,0,0,0,0,0,0,0,0,0,0,0,0,0,0,574723250,0,0,0,0,0,0,0,0,0,0,0,0,0,0,0,379219550,0,0,0,0,0,0,0,0,0,6963030000,0,0,0,0,0,0,0,36900,0,0,0,0,36900,0,0,0,0,0,0,0,56152585850,0,0,0,0,0,0,0,0
"Belgium",2472300,6457500,75918150,249997500,0,96751800,15606481050,17278544150,0,1158949200,0,460650,0,0,4040550,0,4802840400,0,0,0,12970350,2572408000,11402100,358503550,1342755250,12318433700,811800,105597000,664200,83060250,4210144400,12297813500,131240900,239850,68048700,0,67360950,84855200,2223115100,16125300,30632400,27837878300,0,320015250,39372300,15590250,4773255400,11125350,408820300,4617872700,73800,0,17739143800,981379877450,287788650,0,24869600,629087150,104176200,739759827950,585154200,108608600,0,13767171750,0,0,65368350,69204200,17978750,7594500,6642000,1022745600,13560580950,5022082400,2750875250,275143750,785399950,10939700,4947352200,40602224400,8210624300,99463240200,149572900,18450,60442200,13032824300,3336737600,2638350,232085550,5221350,0,10353635900,3723818850,2264506700,0,5600469700,0,14649300,1169911650,3418096450,0,73001400,0,638423850,12256500,17261150,1781581800,166972500,1170909800,865962500,2675250,6738681200,12450,151751250,664200,0,3064877931900,0,67919550,185334150,0,193353750,40922100,451801600,1217563400,35985994100,127305000,310784750,25754022600,0,38099250,47756850,275515650,35113323100,14192098950,9.1e+08,0,0,1732500900,36900,13319495700,326179250,10841520300,0,0,0,41441400,12572365000,1120660550,164105900,3522350,3386354900,3271883250,2293686650,8948250,1679693000,110086244600,311643250,0,0,74023844100,25139781300,0,0,2559844450,21309750,529358900,32059150,0,121609350,1488297200,193927700,18217669700,11290925000,49430250,0,417837215300,2503280700,65490649000,73104450,157309200,5424300,0,281251800,195440400,22140000,2575473100,4496750,0,111879978550,2688022400,136935900,231884950,0,217599300
"Luxembourg",0,0,0,0,0,0,18450,420443550,0,0,0,0,0,0,0,0,18450,0,0,0,0,55350,0,0,0,36900,0,0,0,0,0,18450,0,0,36800,0,0,0,90618900,68711000,0,1970466800,0,18450,0,0,0,0,0,0,0,0,475259900,99004439450,0,0,0,0,0,177896951500,0,1186150,0,56006250,0,0,0,0,0,0,0,0,6549750,92700,16051500,0,0,0,0,3291534200,18450,532023100,0,0,0,4612500,0,0,0,0,0,0,0,0,0,0,0,0,0,91850000,0,0,0,0,0,0,56235600,0,0,0,0,0,0,0,0,0,30933761350,0,92250,0,0,0,0,6362850,808400,11062354950,0,0,169444800,0,0,110700,0,2609348000,8216350,0,0,0,36400,0,46239000,0,0,0,0,0,0,36180450,0,0,0,30055050,0,0,0,36900,324589450,0,0,0,257580450,211583950,0,0,0,0,0,18450,0,0,0,0,36900,147350,0,0,1853631150,0,1494450,0,0,0,0,0,0,0,0,0,163121850050,0,0,0,0,0,0
"Serbia",1955700,0,179481322450,116816100,0,0,788858200,15528873550,0,40480100,0,0,0,0,0,0,0,0,0,0,0,2857429650,207313800,0,0,595349500,0,0,0,0,0,213151850,0,0,0,0,0,0,7048402050,16217550,0,25745350,0,0,343594500,0,0,0,0,0,0,0,0,1487774550,0,0,0,0,0,5641365100,415213031400,0,0,4019257550,0,0,0,0,0,0,0,184500,1191982050,27129482600,0,165650,42406850,40581000,104679850,3769550,1159177350,113508872500,0,0,0,18200,95291550,0,0,0,0,0,0,50001100,0,1129259000,0,10477850,465356700,4889250,0,0,0,0,0,0,37527300,0,0,0,0,0,0,4889250,0,0,4560196650,0,0,466592844050,0,0,0,0,535050,16882000,0,0,8099550,0,0,0,0,794729800,472489650,0,0,0,1437211850,0,561300447200,0,1601733900,0,0,0,0,41341450,0,41085650,11806550,11362989950,239575700,81863400,0,0,67291350,0,0,0,1846388950,7276688150,0,0,0,0,0,0,0,0,0,0,613332450,1621108350,0,0,11647568800,110647000,2966961950,0,0,46760000,245700000,0,0,122183350,0,0,142250550,4800100,0,225670102400,0,0,0
"Montenegro",0,0,255517500,0,0,0,0,0,0,0,0,0,0,0,0,0,0,0,0,0,0,0,0,0,0,0,0,0,0,0,0,0,0,0,0,0,0,0,421650,0,0,0,0,0,0,0,0,0,0,256450,0,0,0,0,0,0,0,0,0,14991850,848700,0,0,0,0,0,0,0,0,0,0,0,0,438400,91150,0,0,0,0,0,0,214550,0,0,0,0,0,0,0,0,0,0,0,0,0,0,0,36900,0,0,0,0,0,0,0,0,0,0,0,0,0,0,0,0,0,0,0,0,0,741856050,0,0,0,0,0,1032150,0,366300,0,0,0,0,0,258300,0,0,0,0,0,0,0,0,0,0,0,0,0,0,0,0,0,0,0,0,0,0,0,0,0,0,0,32269050,0,0,0,0,0,0,0,0,0,0,0,0,0,0,493350,0,0,0,0,0,0,0,0,0,0,0,0,5774850,97028000,0,0,0,0
"Sudan",0,0,0,0,0,0,0,0,0,0,0,0,0,0,0,0,0,0,0,0,0,0,0,0,0,0,0,0,0,0,0,0,0,0,0,0,0,0,0,0,0,0,0,0,0,0,0,0,0,0,0,0,0,0,0,0,0,0,0,0,0,0,0,0,0,0,0,0,0,0,0,0,0,0,0,0,0,0,0,0,0,0,0,0,0,0,0,0,0,0,0,0,0,0,0,0,0,0,0,0,0,0,0,0,0,0,0,0,0,0,0,0,0,0,0,0,0,0,0,0,0,0,0,0,0,0,0,0,0,0,0,0,0,0,0,0,0,0,0,0,0,0,0,0,0,0,0,0,0,0,0,0,0,0,0,0,0,0,0,0,0,0,0,0,0,0,0,0,0,0,0,0,0,0,0,0,0,0,0,0,0,0,0,0,0,0,0,0,0,0,0,0,0,0,0
"South Sudan",0,0,0,0,0,0,0,0,0,0,0,0,0,0,0,0,0,0,0,0,0,0,0,0,0,0,0,0,0,0,0,0,0,0,0,0,0,0,0,0,0,0,0,0,0,0,0,0,0,0,0,0,0,0,0,0,0,0,0,0,0,0,0,0,0,0,0,0,0,0,0,0,0,0,0,0,0,0,0,0,0,0,0,0,0,0,0,0,0,0,0,0,0,0,0,0,0,0,0,0,0,0,0,0,0,0,0,0,0,0,0,0,0,0,0,0,0,0,0,0,0,0,0,0,0,0,0,0,0,0,0,0,0,0,0,0,0,0,0,0,0,0,0,0,0,0,0,0,0,0,0,0,0,0,0,0,0,0,0,0,0,0,0,0,0,0,0,0,0,0,0,0,0,0,0,0,0,0,0,0,0,0,0,0,0,0,0,0,0,0,0,0,0,0,0
"Occupied Palestinian Territory",0,0,0,0,0,0,0,0,0,0,0,0,0,0,0,0,0,0,0,0,0,0,0,0,0,0,0,0,0,0,0,0,0,0,0,0,0,0,0,0,0,0,0,0,0,0,0,0,0,0,0,0,0,0,0,0,0,0,0,0,0,0,0,0,0,0,0,0,0,0,0,0,0,0,0,0,0,0,0,0,0,0,0,0,0,0,0,0,0,0,0,0,0,0,0,0,0,0,0,0,0,0,0,0,0,0,0,0,0,0,0,0,0,0,0,0,0,0,0,0,0,0,0,0,0,0,0,0,0,0,0,0,0,0,0,0,0,0,0,0,0,0,0,0,0,0,0,0,0,0,0,0,0,0,0,0,0,0,0,0,0,0,0,0,0,0,0,0,0,0,0,0,0,0,0,0,0,0,0,0,0,0,0,0,0,0,0,0,0,0,0,0,0,0,0
