"","1","2","3","4","8","9","10","11","12","13","14","16","17","18","19","20","21","22","23","25","26","27","28","29","32","33","35","37","38","39","40","41","44","45","46","47","48","49","50","52","53","54","55","56","57","58","59","60","61","63","64","66","67","68","70","72","73","74","75","79","80","81","83","84","85","86","89","90","91","93","95","96","97","98","99","100","101","102","103","104","105","106","107","108","109","110","112","113","114","115","116","117","118","119","120","121","122","123","124","126","128","129","130","131","132","133","134","136","137","138","141","143","144","146","147","149","150","151","153","154","155","156","157","158","159","162","165","166","167","168","169","170","171","173","174","175","176","178","179","181","183","184","185","188","189","191","193","194","195","196","197","198","199","200","201","202","203","207","208","209","210","211","212","213","214","215","216","217","219","220","221","222","223","225","226","227","229","230","231","233","234","235","236","237","238","249","250","251","255","256","272","273","276","277","299"
"Armenia",0,0,0,0,0,814488.888888889,156588.888888889,14166.6666666667,0,188.888888888889,0,0,NA,0,0,0,170377.777777778,NA,0,0,0,882866.666666666,0,0,434444.444444445,2707722.22222222,0,0,0,0,0,8248588.88888888,0,0,0,0,0,0,188888.888888889,0,0,755.555555555556,0,0,8655077.77777777,0,0,0,0,1097633.33333333,0,0,55533.3333333334,10827677.7777778,0,0,8668300,0,0,5181222.22222222,0,0,0,311477.777777778,NA,0,0,0,0,0,0,50622.2222222222,1888.88888888889,0,16811.1111111111,49866.6666666667,0,0,81600,0,675655.555555555,5569011.11111111,453333.333333333,4450411.11111111,0,473355.555555555,75555.5555555556,242533.333333333,0,755.555555555556,0,887211.111111111,547777.777777778,2710366.66666667,0,1354900,0,0,0,11930033.3333333,0,0,0,0,0,0,0,0,0,37022.2222222222,214200,0,2455.55555555556,1700,0,0,2136333.33333333,NA,0,0,0,0,0,0,566.666666666667,13222.2222222222,0,0,1858477.77777778,0,0,0,188.888888888889,7579166.66666667,0,0,0,0,0,0,0,0,669576733.333333,0,0,0,0,0,0,0,0,0,37777.7777777778,16055.5555555555,0,0,12844.4444444445,0,94444.4444444444,0,812222.222222222,12096633.3333333,37777.7777777778,422166.666666667,20211.1111111111,3966.66666666667,5100,0,0,0,16055.5555555556,0,0,226477.777777778,377.777777777778,0,1581755.55555556,29128744.4444445,52954244.4444445,0,188.888888888889,0,0,71966.6666666667,0,0,0,0,5060144.44444444,188.888888888889,5100,0,0,0,0
"Afghanistan",0,0,0,0,0,0,0,0,0,0,1511.11111111111,0,NA,0,0,0,0,NA,0,0,0,0,78955.5555555556,0,0,188.888888888889,0,0,0,0,0,0,0,0,0,0,0,0,0,0,1700,0,0,566.666666666667,0,0,0,0,0,0,0,2077.77777777778,0,3966.66666666667,0,0,0,0,0,0,0,0,0,0,NA,0,0,0,0,0,0,0,0,0,0,0,0,0,0,1700,0,0,0,0,0,0,0,0,944.444444444444,0,0,0,0,0,0,0,0,0,0,0,0,0,0,0,0,0,0,0,0,0,0,0,160555.555555556,0,0,0,0,NA,0,0,0,0,0,0,0,0,0,0,0,0,0,0,0,0,0,0,0,0,0,0,0,0,0,0,0,0,0,0,220811.111111111,0,0,0,0,0,0,0,0,0,0,0,0,1700,0,0,0,0,0,0,0,11144.4444444444,0,0,0,0,0,0,0,377.777777777778,0,0,0,0,0,0,0,0,0,0,0,0,0,0,0,0,0
"Albania",0,0,0,0,0,0,566.666666666667,566.666666666667,0,0,0,0,NA,0,0,0,0,NA,0,0,0,18888.8888888889,0,0,0,0,0,0,0,0,0,19644.4444444444,0,0,0,0,0,0,0,0,0,0,0,0,0,0,0,0,0,0,0,0,0,188.888888888889,0,0,0,0,0,91044.4444444444,944.444444444444,0,0,38911.1111111111,NA,0,0,0,0,0,0,0,0,0,0,0,0,0,0,0,0,513022.222222222,0,0,0,0,0,0,1511.11111111111,0,0,0,0,1700,0,0,0,0,0,0,0,0,0,0,0,0,0,0,0,0,0,0,0,0,0,0,0,NA,0,528888.888888889,0,0,0,0,0,0,0,0,0,0,0,0,0,0,0,0,0,0,0,0,0,0,0,0,0,0,0,0,0,0,0,37777.7777777778,37777.7777777778,0,0,0,377.777777777778,0,0,0,0,80844.4444444444,0,0,0,0,0,0,0,3022.22222222222,0,0,0,0,0,0,289000,0,661111.111111111,0,0,0,0,0,0,0,0,0,755.555555555556,0,56666.6666666667,186433.333333333,0,0,0
"Algeria",0,0,0,0,0,0,0,0,0,0,0,0,NA,0,0,0,0,NA,0,0,0,148806666.666667,0,0,319222.222222222,8740455.55555556,0,0,0,0,0,9347922.22222223,0,0,207777.777777778,0,0,0,0,0,1114444.44444444,9916666.66666667,0,0,0,0,170000,0,0,0,0,0,2965744.44444444,1723384444.44445,4136666.66666666,0,0,0,0,4101722.22222222,0,0,0,0,NA,0,0,0,0,0,0,0,566.666666666667,0,0,0,491111.111111111,0,0,170000,0,332255.555555555,138348266.666667,0,0,4625322.22222222,0,0,0,0,0,322244.444444444,0,0,0,0,0,0,0,0,0,0,0,0,0,56666.6666666666,0,0,0,340000,0,408918566.666667,0,0,0,0,3551111.11111111,NA,0,0,0,0,0,75555.5555555556,226666.666666667,18888888.8888889,0,0,377.777777777778,0,0,0,0,0,377.777777777778,0,0,0,377.777777777778,0,0,151111.111111111,0,0,0,0,0,0,1114444.44444444,0,0,0,0,188.888888888889,0,0,302222.222222222,0,0,0,14072977.7777778,608562977.777777,0,0,0,151111.111111111,0,0,0,3022.22222222222,0,0,188.888888888889,0,0,0,2795555.55555556,0,102964466.666667,18888.8888888889,0,0,0,0,0,0,0,0,12203922.2222222,0,0,0,0,0,0
"Antigua and Barbuda",0,0,0,0,0,0,46088.8888888889,0,0,0,37022.2222222222,0,NA,0,0,0,0,NA,0,0,0,0,0,0,0,2077.77777777778,0,0,0,0,0,0,0,0,0,0,0,0,0,0,0,0,566.666666666667,0,0,0,0,0,0,0,0,0,14166.6666666667,197955.555555555,0,0,0,0,0,0,0,0,0,0,NA,11711.1111111111,0,0,377.777777777778,0,1511.11111111111,0,0,0,0,0,0,0,0,188.888888888889,0,0,0,0,944.444444444444,0,0,0,0,0,0,0,0,0,0,0,0,0,0,0,0,0,0,0,0,0,0,0,1133.33333333333,0,0,0,0,0,0,2644.44444444445,0,NA,0,0,0,4344.44444444445,0,0,0,0,0,0,0,0,0,0,0,188.888888888889,0,0,0,0,0,0,34944.4444444444,0,0,2455.55555555556,845466.666666666,84622.2222222223,0,0,0,0,0,0,0,566.666666666667,0,0,0,0,0,0,267844.444444445,944.444444444444,0,0,0,0,0,0,0,52888.8888888889,0,0,0,0,0,0,951244.444444445,944.444444444444,645433.333333333,0,0,0,0,0,0,0,0,0,0,0,1700,0,0,0,0
"Argentina",1039833.33333333,0,207777.777777778,1227777.77777778,25060455.5555555,0,552088977.777778,67853044.4444445,87686000,1583455.55555556,36324655.5555556,245555.555555556,NA,0,726833866.666667,0,6027312033.33333,NA,2725288.88888889,0,0,22499688.8888889,702288.888888889,208344.444444445,20496522.2222222,9144847400,245555.555555556,170000,9722300,0,1283348700,2943782711.11111,1070814888.88889,717777.777777778,3621944.44444444,0,314789377.777778,37939088.8888889,10241744.4444444,1832222.22222222,6960933.33333333,2644295033.33333,3043377.77777778,169257288.888889,34483177.7777778,565407911.111111,151111.111111111,37841055.5555555,1662222.22222222,160123188.888889,0,2185444.44444444,1044126588.88889,1306928455.55556,0,194517777.777778,311761111.111111,547777.777777778,1926666.66666667,2558874566.66667,329422.222222222,39988722.2222222,0,18479755.5555556,NA,8074244.44444444,126030255.555556,0,1662222.22222222,36176377.7777778,37799877.7777778,209889177.777778,8322444.44444444,4223366.66666667,80077177.7777778,24022322.2222222,14821166.6666667,264444.444444445,58933.3333333334,655668466.666667,134554433.333333,218875566.666667,125142477.777778,15271477.7777778,97874855.5555555,5833405311.11111,765188.888888889,0,25036466.6666667,12282122.2222222,0,267806100,0,128541722.222222,1703022.22222222,769344.444444445,0,45597777.7777778,0,99702922.2222222,147900,19208866.6666667,0,75871000,13452288.8888889,0,18562300,18888.8888888889,10501277.7777778,2300794922.22222,3015800,35136166.6666667,1868300,906666.666666667,0,321111.111111111,3959176277.77778,NA,0,0,0,169786555.555556,30077344.4444445,740444.444444445,25914988.8888889,713502088.888889,0,275930966.666667,528267633.333333,0,10299275466.6667,1437227600,67025711.1111111,526184188.888889,72469488.8888889,18870000,0,0,19900577.7777778,0,104950822.222222,0,7314707111.11111,965222.222222222,80656311.1111111,1960477.77777778,37777.7777777778,642222.222222222,1125777.77777778,14775833.3333333,8697577.77777778,8254444.44444444,11433066.6666667,207283266.666667,0,2575989977.77778,5475755911.11111,10531688.8888889,0,0,1526924888.88889,1287103811.11111,415555.555555555,28144.4444444444,219658700,3898100,52511300,64717111.1111111,0,36027911.1111111,0,0,14780177.7777778,154530000,638444.444444445,0,11039153433.3333,78412688.8888889,29199598933.3333,10254022.2222222,1759007944.44444,0,546335800,58795633.3333333,0,0,0,0,1123308055.55556,18165255.5555556,3617222.22222222,188888.888888889,0,0,28522.2222222222
"Australia",585555.555555555,113333.333333333,396666.666666667,1813333.33333333,515288.888888889,4956255.55555556,0,144141488.888889,18104433.3333333,113185055.555556,41919166.6666667,19981611.1111111,NA,916866.666666667,0,0,156182966.666667,NA,738933.333333333,50609566.6666667,4753011.11111111,5538600,18120111.1111111,0,565722.222222222,22460201100,0,0,88446466.6666667,0,4776622.22222222,22299923966.6667,11598911.1111111,0,0,31904655.5555556,10396255.5555556,780111.111111111,8023433.33333333,7366.66666666667,871722.222222222,6867838122.22222,2223222.22222222,9396655.55555556,3500488.88888889,510000,1611600,760655.555555555,0,48035200,0,435424211.111111,1927251655.55555,1509797577.77778,25012288.8888889,0,5802477.77777778,0,0,8271390044.44445,18888.8888888889,11365633.3333333,4552977.77777778,5621333.33333333,NA,1209455.55555556,1615566.66666667,358888.888888889,1104622.22222222,33055.5555555556,151111.111111111,3579719277.77778,117677.777777778,2436666.66666667,134040466.666667,424024955.555556,383801633.333333,4483466.66666667,3267777.77777778,3925201777.77778,50164355.5555555,1383542922.22222,188888.888888889,126744.444444444,51497722.2222222,5513048055.55555,831111.111111111,0,29817055.5555556,65083177.7777778,547777.777777778,1007767933.33333,0,430086211.111111,13289466.6666667,918188.888888889,0,170000,0,18701133.3333333,26970500,0,18888.8888888889,1533448355.55556,41830577.7777778,209100,14277544.4444444,188888.888888889,21789466.6666667,94922900,7139433.33333333,1229477.77777778,0,173966.666666667,170000,46055833.3333333,12516862188.8889,NA,127531355.555556,207777.777777778,164068322.222222,15938738733.3333,40252222.2222222,3298188.88888889,36247022.2222222,1784041577.77778,2676555.55555556,18324488.8888889,55783233.3333333,354259411.111111,604444.444444445,3439666.66666667,566510833.333333,375056266.666667,22836100,0,15865911.1111111,0,134338722.222222,7083333.33333333,4054311.11111111,0,567930522.222222,580455.555555555,2840511.11111111,27388.8888888889,0,1314288.88888889,629755.555555555,15031777.7777778,914411.11111111,14211811.1111111,4596988.88888889,3079988411.11111,207777.777777778,52527166.6666667,200358600,2250800,0,3408877.77777778,5620454433.33333,1019103533.33333,490544.444444445,0,1192251177.77778,1384933.33333333,1374356877.77778,604822.222222222,24793366.6666667,51325266.6666667,86948577.7777778,0,14756944.4444444,1370902100,12608144.4444444,12253411.1111111,118286358322.222,21492155.5555555,79648305366.6667,2644.44444444445,14714822.2222222,0,944444.444444445,304043677.777778,1700000,78200,141666.666666667,18888.8888888889,6010708700,270488.888888889,285600,0,0,0,0
"Austria",180577.777777778,0,709655.555555556,47977.7777777778,0,1780844.44444444,24317555.5555555,0,821100,57800,93311.1111111111,0,NA,0,0,188.888888888889,3842755.55555556,NA,18888.8888888889,0,0,9270100,107100,0,0,124403733.333333,0,0,236488.888888889,75555.5555555556,193611.111111111,80038644.4444445,1635588.88888889,0,27766.6666666667,0,2455.55555555555,47977.7777777778,11096088.8888889,237811.111111111,0,104615544.444444,0,423111.111111111,1566266.66666667,0,784833.333333333,0,0,12084355.5555556,0,0,111081588.888889,85975800,0,0,150733.333333333,40800,0,17832753688.8889,1257622.22222222,2138222.22222222,0,4256233.33333333,NA,0,45900,1511.11111111111,0,0,18888.8888888889,14290955.5555556,129844300,32048400,1990511.11111111,930088.888888889,389300,343022.222222222,0,10433466.6666667,3436266.66666667,392597622.222222,1511.11111111111,1880955.55555556,18888.8888888889,97416800,141666.666666667,537011.111111111,1059666.66666667,740822.222222222,18888.8888888889,7480188.88888888,43633.3333333333,27141066.6666667,44577.7777777778,407622.222222222,0,0,113333.333333333,16960711.1111111,115033.333333333,0,0,1984466.66666667,998088.888888889,755.555555555556,3486511.11111111,0,21722.2222222222,1218144.44444444,1640688.88888889,89344.4444444444,18700,1013577.77777778,33811.1111111111,755.555555555556,771195366.666667,NA,0,489977.777777778,0,282577.777777778,30788.8888888889,0,7378755.55555556,240298211.111111,136377.777777778,547966.666666667,3167956422.22222,1888.88888888889,19455.5555555556,209855.555555556,1167144.44444444,312755044.444444,1215877.77777778,19077.7777777778,0,0,618800,56666.6666666667,17822988.8888889,0,53920033.3333333,13222.2222222222,0,0,0,173400,53644.4444444444,78766.6666666667,0,189591555.555556,552207411.111111,8905166.66666667,0,183033.333333333,24387066.6666667,0,2021111.11111111,4911.11111111111,485211733.333333,1237100955.55556,2115555.55555556,364933.333333333,15313788.8888889,33244.4444444444,15844377.7777778,566.666666666667,0,16433.3333333333,38155.5555555556,73666.6666666667,6056344.44444444,7490011.11111111,39477.7777777778,0,253102611.111111,7328133.33333333,805399177.777777,944.444444444444,34188.8888888889,0,196066.666666667,7129044.44444444,32300,0,6233.33333333333,0,111189633.333333,11175233.3333333,2736055.55555556,160366.666666667,0,0,0
"Bahamas",0,0,0,0,0,0,0,0,0,0,0,0,NA,0,0,0,0,NA,0,0,0,0,0,0,0,0,0,0,0,0,0,0,0,0,0,0,0,0,0,0,0,0,0,0,0,0,0,0,0,0,0,0,0,73477.7777777778,0,0,0,0,0,56666.6666666667,0,0,0,0,NA,0,0,0,0,188.888888888889,0,0,0,0,0,0,0,0,0,0,0,0,0,0,0,0,0,0,0,0,0,0,0,0,0,0,0,0,0,0,0,0,0,0,0,0,0,0,0,0,0,0,0,0,0,0,0,NA,0,0,0,0,0,0,0,0,0,188.888888888889,0,0,0,0,0,0,0,0,0,0,0,0,0,0,0,377.777777777778,0,1133.33333333333,0,0,0,0,0,0,0,0,0,0,0,0,0,0,0,151111.111111111,0,0,0,0,0,0,0,0,0,0,0,0,0,0,241777.777777778,0,707200,0,0,0,0,0,0,0,0,0,0,0,0,0,0,0,0
"Bahrain",0,0,0,0,0,0,0,0,0,0,0,0,NA,0,0,0,0,NA,0,0,0,0,0,0,0,18888.8888888889,0,0,140344.444444444,0,0,755.555555555556,0,0,0,0,0,0,0,0,0,0,0,0,0,0,0,0,0,0,0,0,0,79900,0,0,0,0,0,0,0,0,0,0,NA,0,0,0,0,0,0,62144.4444444444,0,0,0,0,0,0,132222.222222222,0,0,0,0,0,0,0,0,0,0,0,0,0,0,0,0,0,0,0,0,0,0,0,0,0,0,0,0,0,0,0,0,0,0,0,0,0,0,NA,0,0,0,0,0,0,0,0,0,0,0,0,0,0,0,0,188.888888888889,0,0,0,226666.666666667,0,0,0,0,0,0,0,0,0,0,0,0,0,0,0,0,321111.111111111,0,0,0,0,0,0,0,0,0,0,0,0,0,2077.77777777778,2644.44444444445,0,0,64222.2222222222,0,0,944.444444444444,0,64977.7777777778,0,0,0,0,0,0,0,0,0,0,0,0,0,0,0,0
"Barbados",0,0,0,0,1827500,75555.5555555556,94444.4444444444,0,210800,0,0,0,NA,0,0,0,0,NA,37777.7777777778,0,0,377.777777777778,0,0,0,185488.888888889,0,0,0,0,549855.555555555,11144.4444444444,0,0,0,2077.77777777778,0,0,0,0,0,22288.8888888889,485444.444444445,18888.8888888889,0,0,0,0,0,0,0,0,0,2428733.33333333,0,0,0,377.777777777778,0,22100,0,0,0,0,NA,1933088.88888889,0,0,734400,0,5288.88888888889,566.666666666667,0,0,0,0,0,0,0,14733.3333333333,0,165844.444444444,0,0,20846155.5555555,2266.66666666667,0,1700,0,0,0,0,0,566.666666666667,0,0,0,0,0,0,0,0,0,0,0,0,0,0,0,2455.55555555556,0,0,0,0,0,0,18888.8888888889,NA,0,0,0,0,0,0,0,0,0,850000,0,0,0,0,0,0,0,0,0,0,0,0,0,0,0,832622.222222222,5935266.66666667,6509111.11111111,0,0,0,0,6800,0,0,0,0,56666.6666666667,255566.666666667,0,0,0,32677.7777777778,0,0,0,0,0,0,0,0,1658066.66666667,0,0,0,0,0,0,444833.333333333,0,3828022.22222222,0,0,0,0,0,0,0,0,0,0,0,0,0,0,0,0
"Bangladesh",0,0,0,0,0,0,0,0,0,0,0,0,NA,0,0,0,0,NA,0,0,0,0,0,0,0,0,0,0,0,0,0,0,0,0,0,0,0,0,0,0,0,0,0,0,0,0,0,0,0,0,0,0,0,0,0,0,0,0,0,0,0,0,0,0,NA,0,0,0,0,0,0,14922.2222222222,0,0,0,26633.3333333333,0,0,0,0,0,0,0,0,0,0,0,0,0,0,0,0,0,0,0,0,0,0,0,0,0,0,0,0,0,0,0,0,0,0,0,0,0,0,0,0,0,NA,0,0,0,0,0,0,0,188.888888888889,0,0,0,0,0,0,0,0,0,0,0,0,0,0,0,0,0,0,0,566.666666666667,0,0,0,0,0,0,0,0,0,0,0,0,0,0,0,15300,0,0,0,0,0,186622.222222222,0,0,0,0,0,0,0,0,755.555555555556,0,0,0,0,0,0,0,0,0,0,0,0,0,0,0,0,0,0
"Bermuda",NA,NA,NA,NA,NA,NA,NA,NA,NA,NA,NA,NA,NA,NA,NA,NA,NA,NA,NA,NA,NA,NA,NA,NA,NA,NA,NA,NA,NA,NA,NA,NA,NA,NA,NA,NA,NA,NA,NA,NA,NA,NA,NA,NA,NA,NA,NA,NA,NA,NA,NA,NA,NA,NA,NA,NA,NA,NA,NA,NA,NA,NA,NA,NA,NA,NA,NA,NA,NA,NA,NA,NA,NA,NA,NA,NA,NA,NA,NA,NA,NA,NA,NA,NA,NA,NA,NA,NA,NA,NA,NA,NA,NA,NA,NA,NA,NA,NA,NA,NA,NA,NA,NA,NA,NA,NA,NA,NA,NA,NA,NA,NA,NA,NA,NA,NA,NA,NA,NA,NA,NA,NA,NA,NA,NA,NA,NA,NA,NA,NA,NA,NA,NA,NA,NA,NA,NA,NA,NA,NA,NA,NA,NA,NA,NA,NA,NA,NA,NA,NA,NA,NA,NA,NA,NA,NA,NA,NA,NA,NA,NA,NA,NA,NA,NA,NA,NA,NA,NA,NA,NA,NA,NA,NA,NA,NA,NA,NA,NA,NA,NA,NA,NA,NA,NA,NA,NA,NA,NA,NA,NA,NA,NA,NA,NA
"Bhutan",0,0,0,0,0,0,0,0,0,0,0,0,NA,0,0,0,0,NA,0,0,0,0,0,0,0,0,0,0,0,0,0,0,0,0,0,0,0,0,0,0,0,0,0,0,0,0,0,0,0,0,0,0,0,0,0,0,0,0,0,0,0,0,0,0,NA,0,0,0,0,0,0,0,0,0,0,264444.444444445,0,0,0,0,0,0,0,0,0,0,0,0,0,0,0,377.777777777778,0,0,0,0,0,0,0,0,0,0,0,0,0,0,0,0,0,0,0,0,0,0,0,0,0,NA,0,0,0,0,0,0,0,0,0,0,0,0,0,0,0,0,0,0,0,0,0,0,0,0,0,0,0,0,0,0,0,0,0,0,0,81788.8888888888,0,0,0,0,0,0,0,566.666666666667,0,0,0,0,0,0,0,0,0,0,0,0,0,0,0,0,0,0,0,0,0,0,0,0,0,0,0,0,0,0,0,0,0
"Bolivia (Plurinational State of)",0,0,0,0,0,59877.7777777778,0,18888.8888888889,2077.77777777778,0,0,0,NA,0,0,0,21533.3333333333,NA,0,0,0,226666.666666667,0,0,0,396666.666666667,0,0,0,0,8311.11111111111,1266877.77777778,0,0,0,0,0,0,0,0,0,245555.555555556,0,0,0,0,0,0,0,0,0,0,151111.111111111,214388.888888889,0,0,0,0,0,1410433.33333333,0,0,0,0,NA,0,0,0,0,0,0,0,0,0,0,0,0,0,0,0,0,0,0,0,0,90855.5555555556,0,0,0,0,0,10577.7777777778,0,0,0,0,0,0,0,0,0,0,0,0,0,0,0,0,0,18888.8888888889,0,0,0,0,0,0,0,NA,0,0,0,0,0,0,0,0,0,6044.44444444445,132222.222222222,0,0,1343755.55555556,0,0,0,0,0,0,0,0,0,0,0,0,0,0,0,0,0,0,0,0,0,0,0,0,698511.111111111,0,0,0,16811.1111111111,188888.888888889,0,0,0,0,0,0,0,0,0,0,0,0,0,0,1351877.77777778,0,2372633.33333333,0,0,0,18888.8888888889,0,0,0,0,0,0,68377.7777777778,0,0,0,0,0
"Botswana",0,0,0,0,0,0,0,0,0,0,0,0,NA,0,0,0,0,NA,0,0,0,0,0,0,0,0,0,0,0,0,0,0,0,0,0,0,0,0,0,0,0,0,0,0,0,0,0,0,0,0,0,0,0,0,0,0,0,0,0,188.888888888889,0,0,0,0,NA,0,0,0,0,0,0,0,0,0,0,0,0,0,0,0,0,0,0,0,0,0,0,0,0,0,0,0,0,0,0,0,0,0,0,0,0,0,0,0,0,0,0,0,0,0,0,0,0,0,1331288.88888889,0,0,NA,0,0,0,0,0,0,0,0,0,0,0,0,0,0,0,0,0,0,0,0,0,7245211.11111111,0,0,0,0,0,0,0,0,0,0,0,0,0,0,0,8212133.33333333,0,0,0,0,0,18888.8888888889,0,0,0,151111.111111111,0,0,0,0,0,0,0,0,0,0,2833333.33333333,0,0,0,0,0,0,0,0,0,0,49340988.8888889,0,0,0,0,0,0,0
"Brazil",0,188.888888888889,0,0,33244.4444444444,24116955.5555555,5279633.33333333,12844.4444444445,470522.222222222,15300,46466.6666666667,0,NA,0,30797577.7777778,0,0,NA,188.888888888889,0,0,2455.55555555556,0,0,111255.555555556,5778300,19644.4444444444,0,0,0,5052966.66666667,48266211.1111111,3869388.88888889,188.888888888889,37777.7777777778,0,56666.6666666666,5178577.77777778,110122.222222222,0,377966.666666667,7307166.66666667,12466.6666666667,340000,0,845844.444444445,0,56666.6666666666,536822.222222222,2075888.88888889,0,0,15148700,17105777.7777778,0,0,0,0,0,23331555.5555556,4155.55555555555,1275377.77777778,0,54588.8888888889,NA,0,680188.888888889,0,90666.6666666667,23671366.6666667,9746666.66666667,3042811.11111111,22288.8888888889,377.777777777778,188.888888888889,2455.55555555556,188.888888888889,2644.44444444445,56666.6666666666,370977.777777778,0,1881900,0,0,0,174853688.888889,755.555555555556,0,623333.333333333,0,0,209855.555555556,0,10388.8888888889,0,747433.333333333,0,404411.111111111,0,0,0,0,0,1322.22222222222,57044.4444444444,0,256133.333333333,188.888888888889,0,6662111.11111111,0,0,0,0,0,0,28788744.4444444,NA,136566.666666667,0,566.666666666667,521333.333333333,0,0,4390344.44444444,2197911.11111111,0,1608200,4883722.22222222,0,2029915033.33333,658088.888888889,265577.777777778,4013133.33333333,11711866.6666667,246500,0,0,254433.333333333,0,0,0,1132089122.22222,0,0,188.888888888889,41177.7777777778,0,0,0,310911.111111111,18888.8888888889,0,2234177.77777778,0,19455.5555555556,71834444.4444445,854911.111111111,0,188.888888888889,4052611.11111111,7420688.88888889,0,0,1681677.77777778,0,57988.8888888889,149033.333333333,0,409511.111111111,0,0,17377.7777777778,226855.555555556,0,0,74406355.5555556,0,1041443988.88889,0,11512400,0,1042855.55555556,231388.888888889,0,0,0,0,11420222.2222222,1637100,0,755.555555555556,0,0,0
"Aruba",NA,NA,NA,NA,NA,NA,NA,NA,NA,NA,NA,NA,NA,NA,NA,NA,NA,NA,NA,NA,NA,NA,NA,NA,NA,NA,NA,NA,NA,NA,NA,NA,NA,NA,NA,NA,NA,NA,NA,NA,NA,NA,NA,NA,NA,NA,NA,NA,NA,NA,NA,NA,NA,NA,NA,NA,NA,NA,NA,NA,NA,NA,NA,NA,NA,NA,NA,NA,NA,NA,NA,NA,NA,NA,NA,NA,NA,NA,NA,NA,NA,NA,NA,NA,NA,NA,NA,NA,NA,NA,NA,NA,NA,NA,NA,NA,NA,NA,NA,NA,NA,NA,NA,NA,NA,NA,NA,NA,NA,NA,NA,NA,NA,NA,NA,NA,NA,NA,NA,NA,NA,NA,NA,NA,NA,NA,NA,NA,NA,NA,NA,NA,NA,NA,NA,NA,NA,NA,NA,NA,NA,NA,NA,NA,NA,NA,NA,NA,NA,NA,NA,NA,NA,NA,NA,NA,NA,NA,NA,NA,NA,NA,NA,NA,NA,NA,NA,NA,NA,NA,NA,NA,NA,NA,NA,NA,NA,NA,NA,NA,NA,NA,NA,NA,NA,NA,NA,NA,NA,NA,NA,NA,NA,NA,NA
"Belize",0,0,0,0,377.777777777778,566.666666666667,0,0,0,0,0,0,NA,0,0,0,0,NA,0,0,0,0,0,0,0,188.888888888889,0,0,0,0,666400,8311.11111111111,0,0,0,0,0,0,0,0,0,0,0,0,0,0,0,0,0,0,0,0,0,377.777777777778,0,0,188.888888888889,0,0,0,0,0,0,0,NA,0,15488.8888888889,0,6988.88888888889,0,0,0,0,0,0,0,0,0,0,0,0,1888.88888888889,0,0,0,0,0,0,0,0,0,0,0,0,0,0,0,0,0,0,0,0,0,0,0,0,0,0,0,2852222.22222222,0,0,0,0,0,0,0,NA,0,0,0,0,0,0,0,0,188.888888888889,434066.666666667,0,0,0,0,0,0,4722.22222222222,0,0,0,0,0,0,0,0,0,0,0,0,0,0,0,0,0,0,0,0,0,0,0,0,0,0,75555.5555555556,0,0,0,0,0,0,0,0,0,0,0,0,0,0,0,0,290700,0,0,0,0,0,0,0,0,0,0,0,0,0,0,0,0
"Solomon Islands",0,0,0,0,0,0,566.666666666667,0,0,0,0,0,NA,0,0,0,0,NA,0,0,0,0,76500,0,0,0,0,0,0,0,0,0,0,0,0,0,0,0,0,0,0,0,0,0,0,0,0,0,0,0,0,0,0,0,0,0,0,0,0,0,0,0,0,0,NA,0,0,0,0,0,0,0,0,0,0,0,0,0,0,0,0,0,0,0,0,0,0,0,0,0,0,0,0,0,0,0,0,0,0,0,0,0,0,0,0,0,0,0,0,0,0,0,0,0,0,0,0,NA,0,0,1888.88888888889,0,0,0,0,0,0,0,0,3777.77777777778,0,0,0,0,0,0,0,0,0,0,0,0,0,0,0,0,0,0,0,0,0,0,0,0,0,0,0,0,0,0,0,0,0,0,0,0,0,0,0,0,0,0,0,0,0,0,0,0,0,0,0,0,0,0,0,0,0,0,0,0,0,0,0,0,0
"Brunei Darussalam",NA,NA,NA,NA,NA,NA,NA,NA,NA,NA,NA,NA,NA,NA,NA,NA,NA,NA,NA,NA,NA,NA,NA,NA,NA,NA,NA,NA,NA,NA,NA,NA,NA,NA,NA,NA,NA,NA,NA,NA,NA,NA,NA,NA,NA,NA,NA,NA,NA,NA,NA,NA,NA,NA,NA,NA,NA,NA,NA,NA,NA,NA,NA,NA,NA,NA,NA,NA,NA,NA,NA,NA,NA,NA,NA,NA,NA,NA,NA,NA,NA,NA,NA,NA,NA,NA,NA,NA,NA,NA,NA,NA,NA,NA,NA,NA,NA,NA,NA,NA,NA,NA,NA,NA,NA,NA,NA,NA,NA,NA,NA,NA,NA,NA,NA,NA,NA,NA,NA,NA,NA,NA,NA,NA,NA,NA,NA,NA,NA,NA,NA,NA,NA,NA,NA,NA,NA,NA,NA,NA,NA,NA,NA,NA,NA,NA,NA,NA,NA,NA,NA,NA,NA,NA,NA,NA,NA,NA,NA,NA,NA,NA,NA,NA,NA,NA,NA,NA,NA,NA,NA,NA,NA,NA,NA,NA,NA,NA,NA,NA,NA,NA,NA,NA,NA,NA,NA,NA,NA,NA,NA,NA,NA,NA,NA
"Bulgaria",1648055.55555556,0,144877.777777778,5477588.88888889,892122.222222222,0,177555.555555556,19383777.7777778,24177.7777777778,0,0,274833.333333333,NA,113333.333333333,0,0,4048833.33333334,NA,0,0,0,0,91611.1111111112,1995611.11111111,199466.666666667,123804388.888889,0,2499188.88888889,94444.4444444444,0,0,93608233.3333334,0,170000,377.777777777778,0,434444.444444445,44237777.7777778,34344533.3333333,2693933.33333333,8830744.44444444,67269000,0,9444.44444444445,167912022.222222,0,5855.55555555555,0,0,122335777.777778,0,0,60491855.5555555,243542944.444444,0,0,240833.333333333,198522.222222222,0,1483308933.33333,2077.77777777778,5594511.11111111,0,106786444.444444,NA,0,9066.66666666667,151111.111111111,0,0,0,21943222.2222222,53161077.7777778,26978622.2222222,56666.6666666667,489977.777777778,472222.222222222,0,18099333.3333333,2798011.11111111,65566355.5555555,87743044.4444445,11209800,10921933.3333333,0,463451544.444444,1055888.88888889,453333.333333333,1110666.66666667,680000,2051333.33333333,5826655.55555556,0,377919066.666667,1632755.55555556,25643177.7777778,0,100488.888888889,113333.333333333,422874055.555556,17000,0,0,1615755.55555556,0,115222.222222222,2066255.55555556,0,1888.88888888889,608977.777777778,95037933.3333333,0,0,32677777.7777778,0,446344.444444445,163202266.666667,NA,1888.88888888889,1001866.66666667,0,577622.222222222,0,0,28608544.4444445,31552188.8888889,0,425944.444444445,917293555.555556,0,0,0,2606666.66666667,6650152177.77778,1056266.66666667,0,0,245555.555555555,0,136000,567374811.111111,823555.555555555,9699819577.77778,0,0,56666.6666666667,0,0,0,358888.888888889,0,3540911.11111111,187137888.888889,1696033.33333333,0,188888.888888889,4642133.33333333,0,0,0,1190317522.22222,76686811.1111111,654500,33168888.8888889,3692777.77777778,0,1601777.77777778,188888.888888889,0,0,0,0,23187811.1111111,8092188.88888888,868888.888888889,0,1862949533.33333,24757666.6666667,171031333.333333,0,0,30222.2222222222,245555.555555556,51915544.4444445,37777.7777777778,0,340000,0,269447355.555556,2135011.11111111,6383122.22222222,278044.444444445,491111.111111111,0,290322.222222222
"Myanmar",NA,NA,NA,NA,NA,NA,NA,NA,NA,NA,NA,NA,NA,NA,NA,NA,NA,NA,NA,NA,NA,NA,NA,NA,NA,NA,NA,NA,NA,NA,NA,NA,NA,NA,NA,NA,NA,NA,NA,NA,NA,NA,NA,NA,NA,NA,NA,NA,NA,NA,NA,NA,NA,NA,NA,NA,NA,NA,NA,NA,NA,NA,NA,NA,NA,NA,NA,NA,NA,NA,NA,NA,NA,NA,NA,NA,NA,NA,NA,NA,NA,NA,NA,NA,NA,NA,NA,NA,NA,NA,NA,NA,NA,NA,NA,NA,NA,NA,NA,NA,NA,NA,NA,NA,NA,NA,NA,NA,NA,NA,NA,NA,NA,NA,NA,NA,NA,NA,NA,NA,NA,NA,NA,NA,NA,NA,NA,NA,NA,NA,NA,NA,NA,NA,NA,NA,NA,NA,NA,NA,NA,NA,NA,NA,NA,NA,NA,NA,NA,NA,NA,NA,NA,NA,NA,NA,NA,NA,NA,NA,NA,NA,NA,NA,NA,NA,NA,NA,NA,NA,NA,NA,NA,NA,NA,NA,NA,NA,NA,NA,NA,NA,NA,NA,NA,NA,NA,NA,NA,NA,NA,NA,NA,NA,NA
"Burundi",0,0,0,0,0,0,0,0,0,0,0,0,NA,0,0,0,0,NA,0,0,0,0,0,0,0,0,0,0,0,0,0,0,0,0,0,0,0,0,0,0,0,0,0,0,0,0,0,0,0,0,0,0,0,0,0,0,0,0,0,0,0,0,0,0,NA,0,0,0,0,0,0,0,0,0,0,0,0,0,0,0,0,0,0,0,0,0,0,0,0,0,0,0,0,0,0,0,0,0,0,0,0,0,0,0,0,0,0,0,0,0,0,0,0,0,0,0,0,NA,0,0,0,0,0,0,0,0,0,0,0,0,0,0,0,0,0,0,0,0,0,0,0,3966.66666666667,0,0,0,0,0,0,0,0,0,0,0,0,0,0,0,0,0,0,0,0,0,0,0,0,0,0,0,0,0,0,0,0,0,0,188.888888888889,0,0,0,0,0,0,0,0,0,899677.777777778,0,0,0,0,0,0,0,0
"Cameroon",0,0,0,0,0,0,0,0,0,0,0,0,NA,0,0,0,0,NA,0,0,0,0,0,0,0,0,0,35234955.5555556,0,37447977.7777778,0,0,0,0,167184422.222222,0,0,0,0,0,0,0,0,0,0,0,0,0,604444.444444445,0,0,0,0,62711.1111111111,0,0,0,25138466.6666667,0,0,0,0,0,0,NA,0,0,18888.8888888889,0,0,0,0,0,0,0,0,0,0,0,0,0,0,113711.111111111,0,0,0,0,0,0,0,0,0,0,0,0,0,0,0,0,0,0,0,0,0,0,0,0,0,0,0,0,0,0,0,0,0,0,NA,0,0,0,0,0,0,1208888.88888889,0,0,0,0,0,0,0,0,0,0,0,0,0,0,0,0,1322.22222222222,0,0,0,0,0,0,0,0,0,0,0,0,0,188.888888888889,889288.88888889,0,0,0,207400,0,0,0,0,0,0,943311.111111111,0,5100,0,0,1001111.11111111,0,188.888888888889,0,453333.333333333,0,566.666666666667,188888.888888889,0,0,0,0,0,0,4325555.55555556,0,0,0,0,0,0,0,0
"Canada",0,0,0,0,113333.333333333,321111.111111111,4658566.66666667,1108588.88888889,1933844.44444444,0,709466.666666667,0,NA,0,0,0,342266.666666667,NA,0,0,0,8877.77777777778,0,0,18888.8888888889,0,0,0,0,0,3732633.33333333,269513088.888889,0,0,18888.8888888889,0,20400,11752100,0,0,283333.333333333,3800633.33333333,56666.6666666666,4820633.33333333,0,0,377.777777777778,0,0,110311.111111111,9444.44444444445,0,1276888.88888889,32674566.6666667,0,0,245555.555555555,0,0,9500355.55555556,0,229877.777777778,0,732888.888888889,NA,0,0,0,377.777777777778,680000,0,39189911.1111111,2103655.55555556,0,1283311.11111111,128066.666666667,79144.4444444444,0,0,465044.444444444,434822.222222222,9188877.77777778,0,18133.3333333333,3928888.88888889,78434788.8888889,0,0,0,0,0,14524611.1111111,0,799755.555555555,0,0,0,0,0,0,321111.111111111,944.444444444444,0,3575477.77777778,0,0,1133.33333333333,0,0,643922.222222222,0,0,0,5100,0,0,6996444.44444444,NA,944.444444444444,0,0,242344.444444444,0,0,5328933.33333333,1116144.44444444,59877.7777777778,4344444.44444444,492433.333333333,0,0,313744.444444445,2081555.55555556,330366.666666667,1816922.22222222,0,0,0,0,0,1926666.66666667,0,1864333.33333333,34944.4444444444,18888.8888888889,0,0,0,0,0,0,0,3022.22222222222,10271777.7777778,0,101055.555555556,1582133.33333333,0,0,0,5764700,10871877.7777778,0,0,119366066.666667,0,331311.111111111,113333.333333333,0,1152033.33333333,0,321111.111111111,0,1723988.88888889,377777.777777778,0,53529600,0,19435042788.8889,209477.777777778,0,0,453333.333333333,1715111.11111111,75744.4444444444,0,0,0,2798200,0,1700,0,0,0,0
"Cape Verde",0,0,0,0,0,0,0,0,0,0,0,0,NA,0,0,0,0,NA,0,0,0,0,0,0,0,0,0,0,0,0,0,0,0,0,0,0,0,0,0,0,0,0,0,0,0,0,0,0,0,0,0,0,0,13600,0,0,0,0,0,0,0,0,0,0,NA,0,0,0,0,0,0,0,0,0,0,0,0,0,0,0,0,800888.888888889,0,0,0,0,0,0,0,0,0,0,0,0,0,0,0,0,0,0,0,0,0,0,0,0,0,0,0,0,0,0,0,0,0,0,396666.666666667,NA,0,0,0,0,0,0,0,0,0,0,0,0,0,0,0,0,1142966.66666667,1454444.44444444,0,0,0,0,0,0,0,0,0,0,0,0,0,0,0,0,0,0,0,0,103322.222222222,0,0,0,0,0,0,0,0,0,0,0,0,0,0,3777.77777777778,0,17000,0,0,0,0,207777.777777778,0,0,0,0,0,0,0,0,0,132222.222222222,0,0,0,0,0,0
"Central African Republic",0,0,0,0,0,0,0,0,0,0,0,0,NA,0,0,0,0,NA,0,0,0,0,0,0,46844.4444444444,0,0,0,0,37777.7777777778,0,0,0,0,0,0,0,0,0,0,0,0,0,0,0,0,0,0,0,0,0,0,0,963333.333333333,0,0,0,0,0,0,0,0,0,0,NA,0,0,0,0,0,0,0,0,0,0,0,0,0,0,0,0,0,0,0,0,0,0,566.666666666667,0,0,0,0,0,0,0,0,0,0,0,0,0,0,0,0,0,0,0,0,0,0,0,0,0,0,0,0,0,NA,0,0,0,0,0,0,0,0,0,0,0,0,0,0,0,0,0,0,0,0,0,0,0,0,0,0,0,0,0,0,0,0,0,0,0,0,0,0,0,0,0,0,0,0,0,0,0,0,0,0,0,0,0,0,0,0,0,0,0,0,0,0,0,0,0,0,0,0,94444.4444444444,0,0,0,0,0,0,0,0
"Sri Lanka",0,0,0,0,0,0,29277.7777777778,0,0,0,0,246688.888888889,NA,0,0,0,0,NA,0,0,0,18888.8888888889,0,0,0,0,0,0,0,0,31733.3333333333,48733.3333333333,0,0,0,0,0,0,0,0,0,0,0,0,0,0,0,0,0,0,0,0,0,322433.333333333,0,0,0,0,0,312422.222222222,0,0,0,0,NA,0,0,0,14355.5555555556,0,0,0,0,0,0,2586644.44444444,0,0,0,0,0,88400,0,0,0,263122.222222222,0,0,0,0,0,0,0,0,0,0,0,0,0,0,0,0,0,0,5361988.88888889,0,0,0,0,0,0,0,0,0,0,0,188.888888888889,NA,0,0,0,6233.33333333333,0,0,0,0,0,0,0,0,0,0,0,0,0,0,0,0,291833.333333333,0,0,0,0,0,0,0,0,0,0,0,0,0,0,134111.111111111,0,0,54588.8888888889,0,0,0,1322.22222222222,113711.111111111,0,0,0,0,75555.5555555556,0,0,0,0,0,0,8255577.77777777,0,0,1663355.55555556,0,0,0,0,0,0,0,0,0,0,0,0,0,0,0,0,0,0
"Chad",NA,NA,NA,NA,NA,NA,NA,NA,NA,NA,NA,NA,NA,NA,NA,NA,NA,NA,NA,NA,NA,NA,NA,NA,NA,NA,NA,NA,NA,NA,NA,NA,NA,NA,NA,NA,NA,NA,NA,NA,NA,NA,NA,NA,NA,NA,NA,NA,NA,NA,NA,NA,NA,NA,NA,NA,NA,NA,NA,NA,NA,NA,NA,NA,NA,NA,NA,NA,NA,NA,NA,NA,NA,NA,NA,NA,NA,NA,NA,NA,NA,NA,NA,NA,NA,NA,NA,NA,NA,NA,NA,NA,NA,NA,NA,NA,NA,NA,NA,NA,NA,NA,NA,NA,NA,NA,NA,NA,NA,NA,NA,NA,NA,NA,NA,NA,NA,NA,NA,NA,NA,NA,NA,NA,NA,NA,NA,NA,NA,NA,NA,NA,NA,NA,NA,NA,NA,NA,NA,NA,NA,NA,NA,NA,NA,NA,NA,NA,NA,NA,NA,NA,NA,NA,NA,NA,NA,NA,NA,NA,NA,NA,NA,NA,NA,NA,NA,NA,NA,NA,NA,NA,NA,NA,NA,NA,NA,NA,NA,NA,NA,NA,NA,NA,NA,NA,NA,NA,NA,NA,NA,NA,NA,NA,NA
"Chile",5101322.22222222,0,715511.111111111,0,66108466.6666667,3978932355.55555,519017555.555556,153873044.444444,133331755.555556,18313722.2222222,115279455.555556,1667888.88888889,NA,0,271075200,0,13067783833.3333,NA,32615633.3333333,0,442944.444444445,110132233.333333,4407344.44444444,736666.666666667,29055077.7777778,17349646555.5556,195500,0,82864044.4444445,0,0,29307872688.8889,3661813222.22222,0,2138033.33333333,240455.555555556,1375593344.44444,335190888.888889,68168300,231577.777777778,5416388.88888889,10662185233.3333,6662488.88888889,881157600,87433455.5555555,2053462300,850000,293530688.888889,9877000,584020644.444444,0,15838333.3333333,4701193788.88889,5291792300,14341388.8888889,0,12653666.6666667,9634277.77777777,0,17575768655.5556,75555.5555555556,14565977.7777778,0,23371222.2222222,NA,38095866.6666667,472371444.444444,356622.222222222,10950266.6666667,102632400,164453277.777778,925517588.888889,36604588.8888889,27851288.8888889,282772900,109478488.888889,80617400,453333.333333333,11089855.5555556,5665365977.77778,308903977.777778,438676688.888889,14009322.2222222,35773288.8888889,170851322.222222,19543144277.7778,19647277.7777778,1959155.55555556,168792055.555556,61499955.5555555,12721100,3006775833.33333,761222.222222222,667148944.444444,31804544.4444445,6397666.66666667,0,48079966.6666667,510000,452815400,3652922.22222222,2305955.55555556,226666.666666667,338837388.888889,21911677.7777778,491111.111111111,117438833.333333,0,31396922.2222222,6258104977.77778,9413655.55555556,64696333.3333333,332778966.666667,99922.2222222223,0,9228355.55555556,12151233555.5556,NA,6382744.44444444,75555.5555555556,1498833.33333333,681715300,141895977.777778,434255.555555555,123892411.111111,3108925811.11111,990344.444444445,1038356411.11111,1092318566.66667,75555.5555555556,2551356977.77778,1844186255.55556,329661166.666667,1705946977.77778,42977511.1111111,0,0,0,70123488.8888889,576866.666666667,99844400,129200,4591691688.88889,8816011.11111112,60987877.7777778,7628655.55555556,18888.8888888889,4290800,6554444.44444444,10856577.7777778,2913422.22222222,60168100,48244677.7777778,614022811.111111,0,49559911.1111111,3766367000,18052300,0,94444.4444444444,5831778033.33333,1784899322.22222,982222.222222222,0,816951622.222222,4614177.77777778,556901677.777778,4312333.33333333,341511.111111111,62821611.1111111,1625766.66666667,258211.111111111,151924088.888889,398913877.777778,2835222.22222222,245555.555555556,44405799166.6667,438627011.111111,53368670444.4444,10639922.2222222,984772222.222222,535500,3347195544.44445,921898477.777777,850000,132222.222222222,0,3361844.44444444,4152619277.77778,19566055.5555556,8270500,0,0,0,0
"China (mainland)",0,0,0,46088.8888888889,0,157533.333333333,65309088.8888889,1807100,205322.222222222,25500,4344.44444444445,17000,NA,0,0,0,406866.666666667,NA,20966.6666666667,0,0,0,23691388.8888889,0,415177.777777778,4895055.55555556,0,0,302788.888888889,0,5390133.33333333,0,18888.8888888889,0,0,0,151111.111111111,188888.888888889,18888.8888888889,0,642222.222222222,1205866.66666667,0,0,0,170000,982222.222222222,0,0,170000,0,0,1491088.88888889,160836811.111111,18888.8888888889,0,206077.777777778,0,0,28019400,2644.44444444445,173966.666666667,0,2016955.55555556,NA,0,0,0,0,0,0,1032481400,56666.6666666666,0,170000,23988.8888888889,14948100,0,0,0,196444.444444444,18935733.3333333,0,14103011.1111111,0,367437811.111111,0,3211111.11111111,113333.333333333,2541877.77777778,54815177.7777778,46583966.6666667,0,570633.333333333,8661688.88888889,188888.888888889,0,18888.8888888889,0,0,30961911.1111111,0,0,21004633.3333333,2266.66666666667,0,0,0,56666.6666666667,151111.111111111,10245900,0,459944.444444445,0,0,23988.8888888889,89426422.2222222,NA,0,0,0,1342811.11111111,0,0,1990888.88888889,170000,0,28667477.7777778,149788.888888889,18888.8888888889,0,415555.555555556,17533233.3333333,535122.222222222,1075533.33333333,0,0,0,0,0,1233066.66666667,170000,67067266.6666666,0,0,0,0,0,0,0,0,335466.666666667,52700,32224444.4444445,0,322244.444444444,57328533.3333333,0,0,0,1305222.22222222,11672011.1111111,0,0,14328733.3333333,0,11513722.2222222,37777.7777777778,0,0,18888.8888888889,0,75555.5555555556,2096288.88888889,0,0,27638788.8888889,151111.111111111,35530377.7777778,151111.111111111,0,18888.8888888889,0,42316022.2222222,0,0,0,0,53371877.7777778,94444.4444444444,0,0,0,0,0
"Colombia",0,0,0,0,0,57233.3333333333,0,0,0,0,0,0,NA,0,0,0,0,NA,0,0,0,0,0,0,0,0,0,0,0,0,1527166.66666667,0,0,0,0,0,0,0,0,0,0,0,0,0,0,302222.222222222,0,0,0,0,0,0,0,369466.666666667,0,0,0,0,0,283333.333333333,0,0,0,0,NA,0,0,0,0,0,0,0,0,0,0,0,0,0,0,0,0,0,0,0,0,0,0,0,0,0,0,0,0,0,0,0,0,0,0,0,0,0,0,0,0,0,0,0,0,7744.44444444445,0,0,0,0,0,0,0,NA,0,0,0,0,0,0,1360000,0,0,697377.777777778,0,0,0,132222.222222222,0,0,132222.222222222,0,0,0,0,0,0,0,0,0,0,0,0,0,0,0,0,0,0,0,0,3211.11111111111,210988.888888889,0,0,0,0,0,0,0,0,0,0,0,0,0,0,0,0,0,0,0,566.666666666667,0,5968888.88888889,0,0,0,377777.777777778,0,0,0,0,0,0,0,0,0,0,0,0
"Comoros",NA,NA,NA,NA,NA,NA,NA,NA,NA,NA,NA,NA,NA,NA,NA,NA,NA,NA,NA,NA,NA,NA,NA,NA,NA,NA,NA,NA,NA,NA,NA,NA,NA,NA,NA,NA,NA,NA,NA,NA,NA,NA,NA,NA,NA,NA,NA,NA,NA,NA,NA,NA,NA,NA,NA,NA,NA,NA,NA,NA,NA,NA,NA,NA,NA,NA,NA,NA,NA,NA,NA,NA,NA,NA,NA,NA,NA,NA,NA,NA,NA,NA,NA,NA,NA,NA,NA,NA,NA,NA,NA,NA,NA,NA,NA,NA,NA,NA,NA,NA,NA,NA,NA,NA,NA,NA,NA,NA,NA,NA,NA,NA,NA,NA,NA,NA,NA,NA,NA,NA,NA,NA,NA,NA,NA,NA,NA,NA,NA,NA,NA,NA,NA,NA,NA,NA,NA,NA,NA,NA,NA,NA,NA,NA,NA,NA,NA,NA,NA,NA,NA,NA,NA,NA,NA,NA,NA,NA,NA,NA,NA,NA,NA,NA,NA,NA,NA,NA,NA,NA,NA,NA,NA,NA,NA,NA,NA,NA,NA,NA,NA,NA,NA,NA,NA,NA,NA,NA,NA,NA,NA,NA,NA,NA,NA
"Congo",0,0,0,0,0,0,0,0,0,0,0,0,NA,0,0,0,0,NA,0,0,0,0,0,0,535500,234411.111111111,0,17188.8888888889,0,0,0,2994644.44444444,0,0,0,0,0,0,0,0,0,0,0,0,0,0,0,0,0,0,0,0,0,42459955.5555555,0,0,0,0,0,1279911.11111111,0,18888.8888888889,0,0,NA,0,0,0,0,0,0,0,191911.111111111,0,0,0,0,0,0,0,0,1599888.88888889,3966.66666666667,0,0,31544.4444444444,0,0,0,0,0,0,0,0,0,188888.888888889,0,0,0,0,0,0,0,0,0,0,0,0,0,0,0,0,0,0,0,0,2493144.44444444,NA,0,0,0,0,0,0,0,0,0,0,0,0,0,0,0,15488.8888888889,732511.111111111,0,0,0,0,0,0,0,0,0,0,0,0,0,0,0,0,0,0,0,0,24366.6666666667,68566.6666666667,0,0,0,0,3293466.66666667,0,0,0,0,0,0,0,0,0,0,0,377777.777777778,0,0,1311455.55555556,0,51566.6666666666,0,0,0,0,0,0,0,2967822.22222222,0,6523466.66666667,0,0,0,0,0,0
"Cook Islands",0,0,0,0,0,0,0,0,0,0,0,0,NA,0,0,0,0,NA,0,0,0,0,0,0,0,377.777777777778,0,0,0,0,0,0,0,0,0,0,0,0,0,0,0,1888.88888888889,0,0,0,0,0,0,0,0,0,0,0,0,0,0,0,0,0,0,0,0,0,0,NA,0,0,0,5477.77777777778,0,0,0,0,0,0,0,0,0,0,0,0,0,0,0,0,0,0,0,0,0,0,0,0,0,0,0,0,0,0,0,0,0,0,0,0,0,0,0,0,0,0,0,0,0,0,0,0,NA,0,0,0,0,0,0,0,0,0,0,0,0,0,0,0,0,0,0,0,0,0,0,0,188.888888888889,0,0,0,0,0,0,0,0,0,0,0,0,0,0,0,0,0,0,0,0,0,0,0,0,0,0,0,0,0,0,0,0,0,0,0,0,0,0,0,0,0,0,0,0,0,0,0,0,0,0,0,0,0
"Costa Rica",0,0,0,0,1133.33333333333,0,0,0,0,0,37777.7777777778,0,NA,0,0,0,0,NA,0,0,0,0,0,0,0,0,0,0,0,0,0,0,0,0,0,0,0,0,0,0,0,0,0,0,0,0,0,308644.444444444,0,0,0,0,0,1322.22222222222,0,0,0,0,0,0,0,0,0,0,NA,0,58366.6666666667,0,0,0,18888.8888888889,0,0,0,0,0,0,0,0,0,0,0,0,0,0,0,0,0,0,0,0,0,0,0,0,0,0,0,0,0,0,0,0,0,0,0,0,0,0,36266.6666666667,0,0,0,0,0,0,0,NA,0,0,0,0,3155200,0,0,0,0,343211.111111111,0,0,0,188.888888888889,0,0,0,0,0,0,0,0,0,0,0,0,0,0,0,0,0,0,0,0,0,0,0,0,0,0,0,0,0,0,0,0,0,0,0,0,0,0,0,0,0,0,0,0,188.888888888889,0,23800,0,0,0,673955.555555555,0,0,0,0,0,0,0,0,0,0,0,0
"Cuba",0,0,0,0,0,0,0,0,13600,0,0,0,NA,0,0,0,566.666666666667,NA,0,0,0,0,140155.555555556,0,0,188.888888888889,0,0,4155.55555555555,0,4155.55555555555,0,188888.888888889,0,0,0,0,0,0,0,0,0,0,0,0,0,0,12655.5555555556,0,0,0,0,0,37777.7777777778,0,0,0,0,0,0,0,0,0,0,NA,0,0,0,188.888888888889,0,0,417633.333333333,0,0,0,0,0,0,0,0,0,145444.444444444,0,0,0,0,0,0,0,0,0,0,0,0,0,0,0,0,0,0,188.888888888889,0,0,132222.222222222,87077.7777777778,0,0,0,0,0,0,89155.5555555556,0,0,11333.3333333333,0,56666.6666666667,NA,0,0,0,0,0,0,0,448800,0,0,0,0,0,0,0,0,0,0,0,0,135055.555555556,0,0,566.666666666667,188.888888888889,188.888888888889,0,0,0,0,0,0,0,0,0,0,0,1133.33333333333,170188.888888889,0,0,0,377.777777777778,566855.555555555,0,0,0,0,0,0,0,7744.44444444445,0,0,0,178877.777777778,0,0,2642744.44444444,0,0,0,0,0,0,0,0,0,0,0,0,0,0,377.777777777778,0,0,0
"Cyprus",0,0,0,408944.444444445,0,0,15661911.1111111,2361111.11111111,0,94444.4444444444,0,0,NA,0,0,0,0,NA,0,0,0,321111.111111111,0,472222.222222222,0,7859666.66666666,0,302222.222222222,0,0,0,16779000,0,0,0,0,0,0,0,0,0,82834200,94444.4444444444,0,6422222.22222222,0,6431477.77777778,0,0,39112277.7777778,0,0,34472033.3333333,290452933.333333,0,0,0,0,2644.44444444445,2030963933.33333,453333.333333333,0,0,350659000,NA,0,0,245555.555555555,0,0,0,323377.777777778,158572222.222222,20022.2222222222,37777.7777777778,193422.222222222,0,0,963333.333333334,75555.5555555556,2978022.22222222,35297477.7777778,0,831111.111111111,0,48159111.1111111,2845233.33333333,207777.777777778,85732322.2222222,0,0,118433.333333333,1983333.33333333,6724444.44444444,0,6277344.44444444,0,0,0,3418888.88888889,0,0,0,1095555.55555556,0,0,3068122.22222222,0,43255.5555555556,0,0,0,0,0,0,0,2259111.11111111,NA,0,94444.4444444444,0,434444.444444445,0,0,3437966.66666667,13716922.2222222,1246666.66666667,321111.111111111,2115555.55555556,0,0,0,0,255864166.666667,0,0,0,0,963333.333333333,0,43822.2222222222,0,309325766.666667,0,0,0,0,132222.222222222,0,0,6951111.11111111,0,132222.222222222,82544.4444444444,0,1278022.22222222,192477.777777778,0,94444.4444444444,0,203162655.555556,969501500,1700377.77777778,0,2720000,0,226666.666666667,0,0,0,1303333.33333333,274833.333333333,0,1177533.33333333,1175266.66666667,0,1168108911.11111,4819877.77777778,26378333.3333333,0,0,1020000,0,305055.555555555,0,1171111.11111111,0,6002888.88888889,113333.333333333,0,0,1511.11111111111,0,0,0
"Azerbaijan",0,0,0,0,0,0,0,6233.33333333333,0,0,0,0,NA,0,0,0,0,NA,0,0,0,861522.222222222,0,0,0,1888.88888888889,0,0,0,0,0,23536311.1111111,0,0,0,0,0,0,0,0,693411.111111111,0,0,0,15933344.4444445,0,0,0,0,5798322.22222222,0,0,566.666666666667,49300,0,0,35588366.6666667,0,0,446344.444444445,0,203433.333333333,0,0,NA,0,0,0,0,0,0,0,4533.33333333333,0,0,0,0,0,396666.666666667,0,255377.777777778,13977.7777777778,0,2632166.66666667,0,1435744.44444444,0,2648600,0,0,0,812033.333333333,0,1077044.44444444,0,0,0,0,0,300900,0,0,0,0,0,0,0,0,0,0,0,0,0,0,0,0,1376622.22222222,NA,0,0,0,0,0,0,0,0,0,0,32677.7777777778,0,0,0,0,1878122.22222222,0,0,0,0,0,0,377.777777777778,150544.444444444,1127694055.55556,0,0,0,0,0,0,0,0,0,0,0,0,2077.77777777778,188.888888888889,0,0,0,0,417822.222222222,0,4174444.44444444,0,0,0,0,0,0,0,0,344911.111111111,12088.8888888889,0,0,944.444444444444,13396755.5555556,248388.888888889,0,0,0,0,0,9255.55555555555,0,0,0,98411.1111111112,6044.44444444445,0,0,0,0,0
"Benin",0,0,0,0,0,0,0,0,0,0,0,0,NA,0,0,0,0,NA,0,0,0,0,0,0,0,0,0,0,0,0,0,0,0,0,5477.77777777778,0,0,0,0,0,0,0,0,0,0,0,0,0,0,0,0,0,0,3425311.11111111,0,0,0,296366.666666667,0,302222.222222222,0,1038888.88888889,0,0,NA,0,0,0,0,0,0,0,0,0,0,0,0,3400,0,264444.444444444,0,906666.666666667,713055.555555555,0,0,0,0,0,0,0,0,0,0,0,0,0,0,0,0,0,0,0,0,0,0,2285555.55555556,0,0,0,0,0,0,0,0,0,0,37777.7777777778,NA,0,0,0,0,0,585555.555555555,101414444.444444,0,0,0,0,0,0,0,0,0,396666.666666667,0,0,0,0,0,0,0,0,0,0,0,0,0,18888.8888888889,0,0,0,0,0,0,1275566.66666667,11560000,0,0,0,0,0,0,0,0,0,0,4816666.66666667,0,0,0,0,0,0,0,0,302222.222222222,0,170000,793333.333333333,0,0,0,0,0,0,9255.55555555555,0,0,0,0,0,0,0,0
"Denmark",112200,95577.7777777778,4155.55555555555,201733.333333333,0,831111.111111111,1037755.55555556,8235366.66666667,63655.5555555556,1511.11111111111,0,98600,NA,0,0,0,379100,NA,0,0,4344.44444444445,1108777.77777778,0,20400,3966.66666666667,521144.444444445,8877.77777777778,7366.66666666667,122211.111111111,2644.44444444445,1647677.77777778,5586011.11111111,188133.333333333,0,4155.55555555555,0,0,72344.4444444444,4465900,213633.333333333,0,0,56666.6666666666,38155.5555555556,811655.555555555,7555.55555555555,1003944.44444444,0,377.777777777778,170203433.333333,159162688.888889,0,762711044.444444,157149888.888889,0,0,12466.6666666667,188.888888888889,188.888888888889,6969793544.44445,644677.777777778,1795388.88888889,0,2067955.55555556,NA,0,56666.6666666667,29277.7777777778,37022.2222222222,0,56666.6666666666,8975811.11111112,2941188.88888889,779544.444444444,68790311.1111111,323377.777777778,226288.888888889,799000,149033.333333333,36788755.5555555,95577.7777777778,32199133.3333333,755.555555555556,426888.888888889,377.777777777778,1764222.22222222,178122.222222222,227611.111111111,187188.888888889,1322.22222222222,354544.444444444,318277.777777778,0,63493300,1888.88888888889,21344.4444444444,0,0,19644.4444444444,304097511.111111,13600,19644.4444444444,11522.2222222222,74233.3333333334,626355.555555555,130333.333333333,2518833.33333333,485444.444444445,377.777777777778,7451288.88888888,50811.1111111111,124666.666666667,98977.7777777778,14733.3333333333,9255.55555555555,474488.888888889,88914155.5555555,NA,54211.1111111111,172644.444444444,0,76122.2222222222,20400,0,446722.222222222,358026988.888889,946900,0,20083233.3333333,19644.4444444444,188.888888888889,114844.444444444,2860911.11111111,74738800,8910644.44444444,1133.33333333333,0,31355.5555555556,114844.444444444,116355.555555556,2026211.11111111,35511.1111111111,30027666.6666667,0,0,1511.11111111111,0,441622.222222222,200788.888888889,377.777777777778,0,592166.666666667,1680733.33333333,1695277.77777778,0,165277.777777778,96379044.4444445,0,260288.888888889,18888.8888888889,4769572511.11111,22159311.1111111,37777.7777777778,274077.777777778,382122.222222222,503011.111111111,1236277.77777778,185111.111111111,0,0,188.888888888889,87833.3333333333,11511833.3333333,176422.222222222,303166.666666667,0,273687344.444444,15962811.1111111,21655922.2222222,1351500,17000,718155.555555555,343022.222222222,1303711.11111111,245555.555555555,188.888888888889,37777.7777777778,29277.7777777778,16714400,1447644.44444444,167922.222222222,2077.77777777778,227988.888888889,0,0
"Dominica",0,0,0,0,19455.5555555556,0,0,0,133544.444444444,0,0,0,NA,0,0,0,0,NA,0,0,0,0,0,0,0,0,0,0,0,0,0,0,0,0,0,0,0,0,0,0,0,0,0,0,0,0,0,0,0,0,0,0,0,4892222.22222222,0,0,0,0,0,0,0,0,0,0,NA,0,0,0,1511.11111111111,0,0,0,0,0,0,0,0,0,0,0,0,0,0,0,887777.777777778,0,0,0,0,0,0,0,0,0,0,0,0,0,0,0,0,0,0,0,0,0,0,0,0,0,0,0,0,0,0,0,76311.1111111112,NA,0,0,0,0,0,0,0,0,0,0,0,0,0,0,0,0,0,0,0,0,0,0,0,0,0,0,20588.8888888889,48166.6666666666,0,0,0,0,0,0,0,0,0,0,0,0,0,0,0,0,0,0,0,0,0,0,0,0,0,0,0,0,0,0,0,0,9444.44444444445,0,0,0,0,0,0,0,0,0,0,0,0,0,0,0,0
"Dominican Republic",NA,NA,NA,NA,NA,NA,NA,NA,NA,NA,NA,NA,NA,NA,NA,NA,NA,NA,NA,NA,NA,NA,NA,NA,NA,NA,NA,NA,NA,NA,NA,NA,NA,NA,NA,NA,NA,NA,NA,NA,NA,NA,NA,NA,NA,NA,NA,NA,NA,NA,NA,NA,NA,NA,NA,NA,NA,NA,NA,NA,NA,NA,NA,NA,NA,NA,NA,NA,NA,NA,NA,NA,NA,NA,NA,NA,NA,NA,NA,NA,NA,NA,NA,NA,NA,NA,NA,NA,NA,NA,NA,NA,NA,NA,NA,NA,NA,NA,NA,NA,NA,NA,NA,NA,NA,NA,NA,NA,NA,NA,NA,NA,NA,NA,NA,NA,NA,NA,NA,NA,NA,NA,NA,NA,NA,NA,NA,NA,NA,NA,NA,NA,NA,NA,NA,NA,NA,NA,NA,NA,NA,NA,NA,NA,NA,NA,NA,NA,NA,NA,NA,NA,NA,NA,NA,NA,NA,NA,NA,NA,NA,NA,NA,NA,NA,NA,NA,NA,NA,NA,NA,NA,NA,NA,NA,NA,NA,NA,NA,NA,NA,NA,NA,NA,NA,NA,NA,NA,NA,NA,NA,NA,NA,NA,NA
"Belarus",1127666.66666667,0,0,0,0,755.555555555556,132222.222222222,0,0,0,0,0,NA,0,0,0,0,NA,0,0,0,0,0,0,0,164522.222222222,0,0,0,0,0,308644.444444445,0,0,0,0,0,0,0,714566.666666667,0,170188.888888889,0,0,0,0,0,0,1133.33333333333,8972411.11111111,0,0,0,218166.666666667,0,0,14507800,0,0,397988.888888889,0,1133.33333333333,0,56666.6666666667,NA,0,0,0,0,0,0,157344.444444444,151111.111111111,0,0,566.666666666667,0,0,0,0,30095666.6666667,0,0,20452133.3333333,0,2266.66666666667,6611.11111111111,0,755.555555555556,0,196066.666666667,222888.888888889,0,22718611.1111111,0,75555.5555555556,0,0,0,9839788.88888888,0,0,0,0,0,0,0,0,0,0,16877600,0,0,2094966.66666667,0,0,75555.5555555556,NA,0,0,0,0,0,0,421411.111111111,0,0,0,626544.444444445,0,0,0,0,6887077.77777778,0,0,0,0,0,0,963333.333333333,0,103826366.666667,0,0,0,0,0,0,0,0,0,0,25122.2222222222,0,0,3588.88888888889,0,1223055.55555556,0,51000,18888.8888888889,0,13725233.3333333,0,0,0,0,0,0,0,0,0,2266.66666666667,0,0,39477.7777777778,250198066.666667,24421633.3333333,0,0,944.444444444444,0,15575211.1111111,0,0,0,0,0,0,0,0,0,0,0
"Ecuador",0,0,0,0,0,0,0,0,0,0,0,0,NA,0,0,0,0,NA,0,0,0,0,0,0,0,0,0,0,0,0,2286122.22222222,850000,604444.444444445,0,0,0,642222.222222222,0,0,0,0,0,0,151111.111111111,0,0,0,0,0,0,0,0,0,0,0,0,0,0,0,47411.1111111111,0,0,0,0,NA,0,75555.5555555556,0,0,0,0,377.777777777778,0,0,0,0,0,0,0,0,0,75555.5555555556,0,0,0,944.444444444444,0,0,0,0,0,0,0,0,0,0,0,0,0,0,0,0,0,0,0,0,0,0,0,19455.5555555556,0,0,0,0,0,0,1511.11111111111,NA,0,0,0,0,0,0,18888.8888888889,0,0,1431777.77777778,0,0,0,2984444.44444444,0,0,0,0,0,0,0,0,0,0,0,0,0,0,0,0,0,0,0,0,0,377.777777777778,0,0,0,0,0,0,0,38911.1111111111,0,0,944444.444444445,0,0,0,0,0,0,0,0,0,0,0,3777.77777777778,0,4559022.22222222,0,0,0,0,0,0,0,0,0,0,0,0,0,0,0,0
"Egypt",0,0,0,0,0,0,37777.7777777778,2833.33333333333,0,0,0,0,NA,0,0,0,0,NA,0,0,0,0,0,0,0,37966.6666666667,0,0,0,0,0,0,0,0,0,0,0,0,0,0,0,491111.111111111,0,0,0,0,0,0,0,0,0,0,0,377.777777777778,0,0,0,0,0,305055.555555555,0,0,0,0,NA,0,0,0,0,0,0,0,0,0,566.666666666667,0,0,0,0,0,0,0,0,0,0,172833.333333333,0,0,0,0,0,142988.888888889,0,0,0,0,0,0,0,0,0,0,0,0,0,0,0,0,0,0,0,0,0,0,0,0,3400,NA,0,0,0,0,0,0,0,0,0,0,0,0,0,0,0,0,0,0,0,0,0,0,0,0,0,0,0,0,0,4042222.22222222,0,327155.555555555,0,0,0,188.888888888889,0,0,0,0,0,0,188.888888888889,18888.8888888889,0,0,0,56666.6666666667,0,0,0,0,0,0,0,132222.222222222,126933.333333333,0,188.888888888889,0,14355.5555555556,0,0,0,0,0,0,0,0,0,0,0,0,0,0,0,0
"El Salvador",0,0,0,0,0,0,0,0,0,0,0,0,NA,0,0,0,0,NA,0,0,0,0,0,0,0,0,0,0,0,0,0,0,0,0,0,0,377777.777777778,0,0,0,0,0,0,0,0,0,0,0,0,0,0,0,0,0,0,0,0,0,0,0,0,0,0,0,NA,0,421977.777777778,0,0,0,138077.777777778,0,0,0,0,0,0,0,0,0,0,0,0,0,0,0,0,0,0,0,0,0,0,0,0,0,0,0,0,0,0,0,0,0,0,0,0,0,0,0,0,0,0,0,0,0,0,NA,0,0,0,0,1322.22222222222,0,0,0,0,23611.1111111111,0,0,0,0,0,0,0,0,0,0,0,0,0,0,0,0,0,0,0,0,0,0,0,0,0,0,0,0,395533.333333333,0,0,0,0,0,0,0,0,0,0,0,0,0,0,0,0,0,0,0,18888.8888888889,0,0,0,0,0,377.777777777778,0,0,0,0,0,0,0,0,0,0,0,0
"Equatorial Guinea",NA,NA,NA,NA,NA,NA,NA,NA,NA,NA,NA,NA,NA,NA,NA,NA,NA,NA,NA,NA,NA,NA,NA,NA,NA,NA,NA,NA,NA,NA,NA,NA,NA,NA,NA,NA,NA,NA,NA,NA,NA,NA,NA,NA,NA,NA,NA,NA,NA,NA,NA,NA,NA,NA,NA,NA,NA,NA,NA,NA,NA,NA,NA,NA,NA,NA,NA,NA,NA,NA,NA,NA,NA,NA,NA,NA,NA,NA,NA,NA,NA,NA,NA,NA,NA,NA,NA,NA,NA,NA,NA,NA,NA,NA,NA,NA,NA,NA,NA,NA,NA,NA,NA,NA,NA,NA,NA,NA,NA,NA,NA,NA,NA,NA,NA,NA,NA,NA,NA,NA,NA,NA,NA,NA,NA,NA,NA,NA,NA,NA,NA,NA,NA,NA,NA,NA,NA,NA,NA,NA,NA,NA,NA,NA,NA,NA,NA,NA,NA,NA,NA,NA,NA,NA,NA,NA,NA,NA,NA,NA,NA,NA,NA,NA,NA,NA,NA,NA,NA,NA,NA,NA,NA,NA,NA,NA,NA,NA,NA,NA,NA,NA,NA,NA,NA,NA,NA,NA,NA,NA,NA,NA,NA,NA,NA
"Estonia",15488.8888888889,0,0,188.888888888889,188.888888888889,188.888888888889,0,257455.555555556,0,0,0,0,NA,0,0,0,1133.33333333333,NA,0,0,0,18888.8888888889,0,0,0,56666.6666666667,0,0,0,0,37777.7777777778,170188.888888889,0,0,0,0,1322.22222222222,0,0,0,0,707766.666666667,0,0,547777.777777778,0,0,0,0,0,0,0,406303588.888889,2023000,0,0,94444.4444444444,0,0,2573611.11111111,0,109177.777777778,0,0,NA,0,188.888888888889,0,0,0,0,0,207777.777777778,0,56855.5555555556,0,0,0,0,188.888888888889,0,965600,0,2526388.88888889,0,0,0,0,0,0,0,188.888888888889,0,351772688.888889,0,0,0,0,0,146897188.888889,0,0,0,0,0,0,0,0,0,0,0,188.888888888889,0,0,0,8688.88888888889,300333.333333333,NA,0,0,0,0,0,0,0,441622.222222222,0,18888.8888888889,90666.6666666667,0,0,0,0,345477.777777778,22100,0,0,0,0,0,96333.3333333333,0,463762077.777778,0,0,0,0,0,0,0,0,176611.111111111,107666.666666667,15111.1111111111,0,188.888888888889,3141033.33333333,0,8688.88888888889,0,39898055.5555555,3588.88888888889,0,0,0,0,80277.7777777778,0,0,0,0,0,377.777777777778,1511.11111111111,0,0,600666.666666667,75555.5555555556,60633.3333333333,0,0,16433.3333333333,377.777777777778,0,0,0,0,0,118433.333333333,6800,0,0,0,0,0
"Faroe Islands",0,0,0,0,0,0,0,0,0,0,0,0,NA,0,0,0,0,NA,0,0,0,0,0,0,0,0,0,0,0,0,0,0,0,0,0,0,0,0,0,0,0,188.888888888889,0,0,0,0,0,0,0,0,0,0,0,0,0,0,0,0,0,0,0,0,0,0,NA,0,0,0,0,0,0,0,0,0,0,0,0,0,0,188.888888888889,0,0,0,0,0,0,0,0,0,0,0,0,0,0,0,0,0,0,0,0,0,0,0,85000,0,0,0,0,0,0,0,0,0,0,0,0,0,NA,0,0,0,0,0,0,0,0,0,0,0,0,0,0,0,0,0,0,0,0,0,0,0,0,0,0,0,0,0,0,0,0,0,0,0,0,0,0,0,0,0,0,0,0,0,0,0,0,0,0,0,3211.11111111111,0,0,0,631266.666666667,0,0,6611.1111111111,0,0,0,0,0,0,0,0,0,0,0,0,0,0,0,0,0,0
"Fiji",0,0,0,0,0,133355.555555556,2532811.11111111,0,0,0,0,0,NA,0,0,0,0,NA,0,26255.5555555556,0,0,0,0,0,0,0,0,0,0,193044.444444445,3422100,0,0,0,5855.55555555555,0,0,0,0,0,0,0,0,0,0,0,0,0,0,0,0,0,121644.444444444,0,0,0,0,0,0,0,0,607844.444444445,0,NA,0,0,0,0,0,0,2498811.11111111,0,0,0,0,0,0,0,0,0,3588.88888888889,0,0,0,78388.8888888888,0,0,0,11144.4444444445,0,0,0,0,0,0,0,0,0,0,0,0,0,0,0,0,0,0,0,0,0,0,0,0,0,0,0,NA,13977.7777777778,0,1029066.66666667,549666.666666667,0,0,0,0,0,0,0,14166.6666666667,0,0,0,0,0,0,0,0,0,0,0,0,0,0,0,0,0,0,0,0,0,0,1322.22222222222,167733.333333333,0,0,9255.55555555555,0,0,0,0,0,0,0,0,0,0,0,1307488.88888889,0,0,0,0,0,0,65166.6666666667,9633.33333333333,0,317711.111111111,0,0,0,0,113333.333333333,0,0,0,0,1322.22222222222,0,0,0,0,0,0
"Finland",0,76500,0,0,0,208533.333333333,774822.222222222,0,0,0,0,0,NA,0,0,0,104644.444444444,NA,0,0,0,132222.222222222,0,0,0,18700,0,0,0,0,5163655.55555556,1144288.88888889,0,0,0,0,0,0,0,0,0,201375955.555556,0,0,1322.22222222222,0,0,0,0,276758488.888889,0,0,0,4348977.77777778,0,0,0,0,0,54256066.6666666,56666.6666666667,0,0,100111.111111111,NA,0,0,0,0,0,0,4344.44444444445,1076666.66666667,0,11669933.3333333,323377.777777778,0,0,0,315444.444444444,0,3400,0,3588.88888888889,0,1706422.22222222,0,0,0,0,0,564966.666666667,0,9789166.66666667,0,0,0,0,0,235355.555555555,0,0,0,0,0,0,188.888888888889,0,0,0,0,0,0,0,0,0,1291244.44444444,NA,0,18888.8888888889,0,0,0,0,188.888888888889,159031411.111111,0,0,0,0,0,15677.7777777778,0,412533.333333333,0,0,0,0,0,0,0,0,101750288.888889,0,0,0,0,0,0,5288.88888888889,56666.6666666667,0,0,566.666666666667,0,582533.333333333,2019977.77777778,0,0,0,889798511.111111,173588.888888889,0,18888.8888888889,0,0,968622.222222222,0,0,0,0,0,302222.222222222,743466.666666667,0,0,539466.666666667,0,563455.555555555,0,0,0,0,0,0,0,0,188.888888888889,711166.666666667,0,0,0,0,0,0
"France",21653655.5555556,4031455.55555556,23955077.7777778,301568666.666667,98923755.5555555,206441011.111111,4656195355.55555,3374031555.55556,260163844.444444,155905300,142394077.777778,20949855.5555556,NA,723822.222222222,10013188.8888889,215144.444444444,2416291411.11111,NA,10919100,510000,2356577.77777778,294278500,37293277.7777778,24957700,1372737722.22222,39911757555.5556,3566411.11111111,68181144.4444444,109322088.888889,59642044.4444445,81650622.2222222,33156459244.4444,382151311.111111,17124477.7777778,425926688.888889,0,66748422.2222222,52634455.5555556,359268177.777778,25697200,374474300,32076589966.6667,11909822.2222222,404818544.444444,341687722.222222,69676011.1111111,75495300,37422666.6666667,40560488.8888889,960231211.111112,123722.222222222,19263266.6666667,4831834822.22222,0,1624481844.44444,137753077.777778,36734166.6666667,1067924888.88889,11247200,155914822644.444,10015833.3333333,194718188.888889,0,815032888.888889,NA,14992488.8888889,48262433.3333333,72524455.5555556,2135011.11111111,132315155.555556,38021444.4444444,5987613633.33333,195452777.777778,160366477.777778,262424466.666667,317518822.222222,111265188.888889,1024911.11111111,57318522.2222222,7764667077.77778,540541822.222222,15796159733.3333,1664655111.11111,204720800,204458433.333333,34569580655.5556,87483322.2222222,24156811.1111111,123914133.333333,257799333.333333,2277244.44444444,2662769311.11111,366633.333333333,3115650822.22222,112601200,337773377.777778,0,23655688.8888889,226666.666666667,4225032666.66667,171135222.222222,111897777.777778,2305955.55555556,703089022.222222,113384522.222222,103667511.111111,314416322.222222,24179100,415753700,1445469200,141515933.333333,527952755.555556,7197988.88888889,34749888.8888889,4912055.55555556,75719322.2222222,84354569311.1111,NA,2092982766.66667,19660688.8888889,41244455.5555556,833342077.777778,8087466.66666667,56992122.2222222,637021166.666667,5156545400,13005944.4444444,217049955.555556,2982308866.66667,1548700,111686222.222222,90588088.8888889,403285900,6044773866.66667,790307900,2804433.33333333,0,289188.888888889,235074111.111111,5383522.22222222,381719511.111111,44216055.5555555,10324300222.2222,14836844.4444444,151087688.888889,22227877.7777778,3609477.77777778,8928211.11111111,711014988.888889,125290377.777778,18347722.2222222,120455766.666667,355076922.222222,5147827988.88889,526055.555555555,385021855.555556,4159402466.66667,12888266.6666667,8187011.11111111,7686077.77777778,17637173788.8889,36045366333.3333,16441644.4444444,5430177.77777778,3051956922.22222,34584044.4444445,1306010455.55556,514729211.111111,75555.5555555556,63315555.5555555,40075233.3333333,33675111.1111111,402659922.222222,1717554388.88889,19045666.6666667,0,163460805122.222,653333422.222222,74186714422.2222,322315655.555556,154477300,6226911.11111111,410384344.444444,1219339922.22222,99588833.3333334,76311.1111111111,221198144.444444,11340888.8888889,64128391477.7778,3177316244.44445,147517122.222222,13902600,1200388.88888889,0,0
"French Polynesia",0,0,0,0,0,0,132222.222222222,0,0,0,0,0,NA,0,0,0,0,NA,0,0,0,0,0,0,0,2455.55555555555,0,0,0,0,0,0,0,0,0,0,0,0,0,0,0,0,0,0,0,0,0,0,0,0,0,0,0,2743044.44444444,0,0,0,0,0,0,0,0,0,0,NA,0,0,0,0,0,0,0,0,0,0,0,0,0,0,0,0,0,0,0,0,26822.2222222222,0,0,0,0,0,0,0,0,0,0,0,0,0,0,0,0,0,0,0,0,0,0,0,0,0,0,0,0,0,0,0,NA,173777.777777778,0,0,0,0,0,0,0,0,0,0,0,0,0,0,0,0,0,0,0,0,0,0,0,0,0,0,0,0,0,0,0,0,0,0,95577.7777777777,0,0,0,0,0,0,0,0,0,0,0,0,0,0,0,0,0,0,0,0,0,0,188.888888888889,0,102755.555555556,0,0,0,0,0,0,0,0,0,0,0,0,0,0,0,0
"Djibouti",0,0,0,0,0,0,85000,0,0,0,0,0,NA,0,0,0,0,NA,0,0,0,0,0,0,0,0,0,0,0,0,0,0,0,0,0,0,0,0,0,0,5855.55555555555,0,0,0,0,0,0,0,0,0,0,0,0,326777.777777778,0,0,0,0,0,0,0,0,0,0,NA,0,0,0,0,0,0,0,0,0,0,0,0,0,0,0,0,0,0,0,0,0,0,0,0,0,0,0,0,0,0,0,0,0,0,0,0,0,0,0,0,0,0,0,0,0,0,0,0,0,0,0,12655.5555555556,NA,0,0,0,0,0,0,0,0,0,0,0,0,0,0,0,0,0,0,0,0,0,0,0,0,0,0,0,0,0,0,0,0,0,0,0,0,0,1133.33333333333,0,0,0,0,0,0,0,0,0,0,0,0,0,0,0,0,0,0,0,0,0,0,0,0,0,0,0,0,377.777777777778,0,0,0,0,0,0,0,0,0,0
"Georgia",18554366.6666667,0,151111.111111111,0,0,0,2658988.88888889,1644088.88888889,0,294855.555555555,0,0,NA,0,0,0,1387011.11111111,NA,0,0,0,4144411.11111111,0,944.444444444444,0,35132200,0,0,0,188.888888888889,38155.5555555556,628965244.444444,0,0,0,0,757255.555555555,274833.333333333,5658166.66666667,93447111.1111111,0,1449155.55555556,0,94444.4444444444,571901722.222222,0,86888.8888888888,0,0,110944266.666667,0,0,4178600,11205266.6666667,0,0,0,0,0,90792466.6666666,0,1402500,0,3157655.55555556,NA,0,0,0,0,0,0,5193500,132033.333333333,18888.8888888889,1322.22222222222,378722.222222222,2077.77777777778,736666.666666667,887777.777777778,3041866.66666667,62126122.2222222,2926077.77777778,75555.5555555556,885967844.444444,0,342558122.222222,0,35445566.6666667,35888.8888888889,425188.888888889,1265555.55555556,6091477.77777778,0,304531011.111111,0,188.888888888889,0,0,0,156642911.111111,85000,0,0,128633.333333333,0,0,3777.77777777778,0,0,33055.5555555556,26179433.3333333,0,0,20781744.4444445,0,0,16868722.2222222,NA,0,0,0,207588.888888889,0,0,869644.444444445,1861500,0,427644.444444445,55767366.6666667,0,0,0,10011.1111111111,523730522.222223,11711.1111111111,0,0,0,0,0,66677.7777777778,0,8250911466.66666,0,0,0,0,0,0,0,0,162444.444444444,2521666.66666667,2997288.88888889,0,566.666666666667,705500,0,13832711.1111111,0,8340011.11111112,3960811.11111111,0,17231955.5555555,1100277.77777778,0,116922.222222222,0,0,0,0,0,13920922.2222222,3219800,0,0,38961166.6666667,2574365533.33333,195994700,0,0,4287966.66666667,566.666666666667,236111.111111111,0,0,0,0,2719811.11111111,724577.777777778,0,0,0,0,0
"Gabon",0,0,0,0,0,0,0,0,0,0,0,0,NA,0,0,0,0,NA,0,0,0,0,0,0,963333.333333333,0,0,0,0,0,0,0,0,0,6851944.44444444,0,0,0,0,0,0,0,0,0,0,0,0,0,0,0,0,0,0,115222.222222222,0,0,0,0,0,11333.3333333333,0,0,0,0,NA,0,0,0,1700,0,0,5100,0,0,0,0,0,0,0,0,0,0,755.555555555556,0,0,0,0,0,0,0,0,0,0,0,0,0,0,0,0,0,0,0,0,0,0,0,0,0,3588.88888888889,0,0,0,0,0,0,0,3400,NA,0,0,0,0,0,0,0,0,0,0,0,0,0,0,0,0,0,0,0,0,0,0,0,0,0,0,0,188.888888888889,321111.111111111,0,0,0,0,0,0,0,0,0,0,0,0,0,0,188.888888888889,0,0,0,0,0,0,0,0,0,0,0,0,0,0,0,0,0,0,0,0,0,0,0,0,0,0,0,0,0,0,0,0,0
"Gambia",0,0,0,0,0,0,0,0,0,0,0,0,NA,0,0,0,0,NA,0,0,0,0,0,0,0,0,0,0,0,0,0,0,0,0,0,0,0,0,0,0,0,0,0,0,0,0,0,0,0,0,0,0,0,0,0,0,0,0,0,0,0,0,0,0,NA,0,0,0,0,0,0,0,0,0,0,0,0,0,0,0,0,0,0,0,0,0,0,0,0,0,0,0,0,0,0,0,0,0,0,0,0,0,0,0,0,0,0,0,0,0,0,0,0,0,0,0,0,NA,0,0,0,0,0,0,0,0,0,0,0,0,0,0,0,0,0,0,0,0,0,0,0,0,0,0,0,0,0,0,9444.44444444445,0,0,0,0,0,0,0,0,0,0,0,0,0,0,0,0,0,0,0,0,0,0,0,0,0,0,0,0,0,1888.88888888889,0,0,0,0,0,0,0,0,0,0,0,0,0,0,0,0
"Germany",12946066.6666667,42196455.5555555,4828566.66666667,113333.333333333,6092044.44444444,116985500,476024744.444444,5568396466.66667,18977855.5555556,4237533.33333333,19147666.6666667,1051733.33333333,NA,143555.555555556,6632266.66666667,145255.555555556,1121806766.66667,NA,539655.555555555,0,0,158821744.444444,2300666.66666667,2513733.33333333,3455722.22222222,3379078855.55556,76877.7777777778,18888.8888888889,6399177.77777778,377777.777777778,23451688.8888889,1329635355.55556,49832666.6666667,56666.6666666667,1727388.88888889,0,70059077.7777778,1585722.22222222,189563411.111111,42371366.6666667,1322222.22222222,6063873744.44444,723822.222222222,97993855.5555555,482136811.111111,100746155.555556,7136788.88888889,13919977.7777778,169433.333333333,910652033.333333,7918600,411588.888888889,2995941733.33333,7304292911.11111,1840344.44444444,378533.333333333,9963888.88888889,926122.222222222,4645344.44444444,0,18147877.7777778,23079955.5555556,0,398074266.666667,NA,431044.444444444,41255411.1111111,694544.444444445,407244.444444445,476000,20590211.1111111,278784511.111111,763058033.333333,210995311.111111,113370733.333333,38688977.7777778,4380900,1031333.33333333,9287288.88888888,2217602588.88889,212122788.888889,2249742033.33333,1810122.22222222,324518477.777778,24498322.2222222,5000262511.11111,10724922.2222222,63780788.8888889,15327577.7777778,682644.444444445,6238622.22222222,449882333.333333,528888.888888889,1367214422.22222,1634644.44444444,4494233.33333333,151111.111111111,4234133.33333333,755555.555555555,1598439733.33333,15422211.1111111,13411.1111111111,79144.4444444444,47884088.8888889,5274155.55555556,270488.888888889,59302422.2222222,469766.666666667,27233811.1111111,794193344.444444,169742544.444444,830166.666666667,318844.444444444,41843611.1111111,1855266.66666667,4794755.55555556,30621290044.4444,NA,580644.444444445,12105322.2222222,0,128104255.555556,1230233.33333333,362100,204765188.888889,5138707866.66667,1333933.33333333,25023622.2222222,3457863466.66667,377777.777777778,71097022.2222222,75021000,32843244.4444444,6243912055.55555,205833733.333333,607277.777777778,0,0,7609577.77777778,172644.444444444,547259655.555556,1509222.22222222,5954650444.44445,255566.666666667,5886722.22222222,254055.555555555,0,2936655.55555556,181522.222222222,3677666.66666667,905722.222222222,209548611.111111,780116588.888889,195260677.777778,56666.6666666667,26604433.3333333,705271633.333333,558166.666666667,6089211.11111111,18888.8888888889,10484118166.6667,2872884966.66667,1775555.55555556,9087633.33333333,242771144.444444,666400,72755844.4444445,951055.555555555,0,8477900,24829255.5555555,3716011.11111111,130630833.333333,114713355.555556,2380377.77777778,94444.4444444444,45701641733.3333,463425855.555556,11710946400,1110477.77777778,31041055.5555556,15915022.2222222,128817877.777778,55072633.3333333,2430433.33333333,567233.333333333,3314811.11111111,90100,7267866633.33334,860805388.888889,44108577.7777778,5227311.11111111,470144.444444445,0,18888.8888888889
"Bosnia and Herzegovina",0,0,56666.6666666667,0,0,0,514344.444444445,947466.666666667,0,0,0,0,NA,0,0,0,0,NA,0,0,0,20777.7777777778,0,0,0,56666.6666666667,0,0,0,0,0,14673833.3333333,0,0,0,0,0,0,0,0,0,147711.111111111,0,0,0,0,0,0,0,0,0,0,0,893822.222222222,0,0,0,0,0,62829355.5555555,0,0,0,0,NA,0,0,0,0,0,0,440488.888888889,0,845926044.444444,10200,2077.77777777778,0,0,0,0,113522.222222222,41933.3333333334,0,0,0,149033.333333333,0,0,0,0,0,0,0,0,0,0,0,0,0,0,0,0,0,0,0,0,0,0,0,0,0,0,0,0,0,187377.777777778,941422.222222222,NA,0,434444.444444445,0,51944.4444444444,0,0,0,138077.777777778,0,0,5399766.66666667,0,0,0,0,1060800,2833.33333333333,0,0,0,0,0,0,0,170000,0,0,0,0,0,0,0,0,4285888.88888889,411588.888888889,0,0,0,0,0,0,0,314311.111111111,3493877.77777778,0,0,0,0,0,0,0,0,0,0,0,21344.4444444444,0,0,38911.1111111111,0,4347466.66666667,0,0,0,0,0,0,0,0,0,128633.333333333,3211.11111111111,78066455.5555555,6020644.44444444,0,0,0
"Ghana",0,0,0,0,0,0,11333.3333333333,0,0,0,0,0,NA,0,0,0,0,NA,0,0,0,0,0,0,0,0,0,0,0,0,0,0,0,0,0,0,16811.1111111111,0,0,0,543811.111111111,0,0,0,0,0,0,0,0,0,0,0,0,0,0,0,0,0,0,37777.7777777778,0,0,0,0,NA,0,0,0,0,0,0,1888.88888888889,0,0,0,0,0,0,0,0,0,0,186323400,0,0,75555.5555555556,0,0,0,0,0,0,0,0,0,4722.22222222222,0,566.666666666667,0,0,0,0,0,0,0,18888.8888888889,0,0,377.777777777778,0,0,0,0,0,0,0,40988.8888888889,NA,0,0,0,0,0,1567777.77777778,1528111.11111111,0,0,0,0,0,0,0,0,0,2077.77777777778,0,0,0,0,0,0,5666.66666666667,0,0,0,0,0,0,0,0,188888.888888889,0,0,0,0,404222.222222222,24898388.8888889,0,0,0,0,75555.5555555556,0,0,0,0,0,99259977.7777778,0,188.888888888889,0,0,566.666666666667,0,188.888888888889,0,419333.333333333,0,831111.111111111,67639977.7777778,0,0,0,0,0,0,0,0,123911.111111111,0,566.666666666667,0,0,0,0
"Kiribati",NA,NA,NA,NA,NA,NA,NA,NA,NA,NA,NA,NA,NA,NA,NA,NA,NA,NA,NA,NA,NA,NA,NA,NA,NA,NA,NA,NA,NA,NA,NA,NA,NA,NA,NA,NA,NA,NA,NA,NA,NA,NA,NA,NA,NA,NA,NA,NA,NA,NA,NA,NA,NA,NA,NA,NA,NA,NA,NA,NA,NA,NA,NA,NA,NA,NA,NA,NA,NA,NA,NA,NA,NA,NA,NA,NA,NA,NA,NA,NA,NA,NA,NA,NA,NA,NA,NA,NA,NA,NA,NA,NA,NA,NA,NA,NA,NA,NA,NA,NA,NA,NA,NA,NA,NA,NA,NA,NA,NA,NA,NA,NA,NA,NA,NA,NA,NA,NA,NA,NA,NA,NA,NA,NA,NA,NA,NA,NA,NA,NA,NA,NA,NA,NA,NA,NA,NA,NA,NA,NA,NA,NA,NA,NA,NA,NA,NA,NA,NA,NA,NA,NA,NA,NA,NA,NA,NA,NA,NA,NA,NA,NA,NA,NA,NA,NA,NA,NA,NA,NA,NA,NA,NA,NA,NA,NA,NA,NA,NA,NA,NA,NA,NA,NA,NA,NA,NA,NA,NA,NA,NA,NA,NA,NA,NA
"Greece",348311.111111111,37777.7777777778,37085877.7777778,0,188.888888888889,415933.333333333,203428422.222222,398340977.777778,5924688.88888889,340000,0,0,NA,0,0,0,11694300,NA,4533.33333333334,0,0,28129522.2222222,0,302222.222222222,434444.444444445,858279000,170000,0,1511.11111111111,0,0,68798433.3333333,98788.8888888889,2455.55555555556,61955.5555555556,0,1420066.66666667,169244.444444444,399240088.888889,566.666666666667,0,406590700,0,0,9827511.11111112,18888.8888888889,1289922.22222222,7744.44444444445,0,1334877.77777778,0,0,108363666.666667,4653074344.44445,0,755.555555555556,19267044.4444445,18888.8888888889,0,10669807655.5556,228366.666666667,335088.888888889,0,0,NA,0,112388.888888889,18888.8888888889,0,56666.6666666667,37777.7777777778,13888244.4444444,196436888.888889,988833.333333333,225533.333333333,284277.777777778,151111.111111111,18888.8888888889,853588.888888889,12340300,4635144.44444444,2341407922.22222,0,4158200,56100,67287322.2222222,840933.333333333,226666.666666667,45144.4444444444,131844.444444444,0,5800588.88888889,0,13518777.7777778,0,1165444.44444444,0,1729088.88888889,0,5757333.33333333,75744.4444444444,0,0,475811.111111111,0,0,7272411.11111111,0,0,15561422.2222222,0,377.777777777778,0,209477.777777778,491111.111111111,0,643083744.444444,NA,207777.777777778,28006177.7777778,1322.22222222222,3466866.66666667,0,30600,2680333.33333333,54584166.6666667,0,8361166.66666667,92749544.4444445,264444.444444445,94444.4444444444,680000,223077.777777778,210030277.777778,505486311.111111,0,0,0,156400,188888.888888889,17525677.7777778,0,277583555.555556,623333.333333333,0,37777.7777777778,0,4495555.55555556,0,84433.3333333333,0,123601522.222222,7303011.11111111,6133600,302222.222222222,3074544.44444444,91706122.2222222,0,0,0,371259977.777778,268324977.777778,227611.111111111,226666.666666667,1103866.66666667,94444.4444444444,703233.333333333,377.777777777778,0,0,0,2455.55555555555,1996366.66666667,5166300,18888.8888888889,0,626208222.222222,14261677.7777778,1289947155.55556,0,0,151111.111111111,19077.7777777778,159044.444444444,421222.222222222,0,455977.777777778,249333.333333333,867003211.111111,2369233.33333333,11922855.5555556,13788.8888888889,0,0,6233.33333333333
"Greenland",NA,NA,NA,NA,NA,NA,NA,NA,NA,NA,NA,NA,NA,NA,NA,NA,NA,NA,NA,NA,NA,NA,NA,NA,NA,NA,NA,NA,NA,NA,NA,NA,NA,NA,NA,NA,NA,NA,NA,NA,NA,NA,NA,NA,NA,NA,NA,NA,NA,NA,NA,NA,NA,NA,NA,NA,NA,NA,NA,NA,NA,NA,NA,NA,NA,NA,NA,NA,NA,NA,NA,NA,NA,NA,NA,NA,NA,NA,NA,NA,NA,NA,NA,NA,NA,NA,NA,NA,NA,NA,NA,NA,NA,NA,NA,NA,NA,NA,NA,NA,NA,NA,NA,NA,NA,NA,NA,NA,NA,NA,NA,NA,NA,NA,NA,NA,NA,NA,NA,NA,NA,NA,NA,NA,NA,NA,NA,NA,NA,NA,NA,NA,NA,NA,NA,NA,NA,NA,NA,NA,NA,NA,NA,NA,NA,NA,NA,NA,NA,NA,NA,NA,NA,NA,NA,NA,NA,NA,NA,NA,NA,NA,NA,NA,NA,NA,NA,NA,NA,NA,NA,NA,NA,NA,NA,NA,NA,NA,NA,NA,NA,NA,NA,NA,NA,NA,NA,NA,NA,NA,NA,NA,NA,NA,NA
"Grenada",0,0,0,0,0,0,0,0,0,0,0,0,NA,0,0,0,0,NA,0,0,0,0,0,0,0,2644.44444444445,0,0,0,0,0,0,0,0,0,0,0,0,0,0,0,0,0,0,0,0,0,0,0,0,0,0,0,18888.8888888889,0,0,0,0,0,0,0,0,0,0,NA,0,0,0,0,0,0,0,0,0,0,0,0,0,0,0,0,0,0,0,0,0,0,0,0,0,0,0,0,0,0,0,0,0,0,0,0,0,0,0,0,0,0,0,0,0,0,0,0,0,0,0,0,NA,0,0,0,0,0,0,0,0,0,0,0,0,0,0,0,0,0,0,0,0,0,0,0,0,90100,0,7366.66666666667,73477.7777777778,0,0,0,0,0,0,0,0,0,0,0,0,0,0,0,0,0,0,0,0,0,0,0,19077.7777777778,0,0,0,0,0,0,188.888888888889,0,45333.3333333333,0,0,0,0,0,0,0,0,0,0,0,0,13600,0,0,0
"Guatemala",0,0,0,0,0,0,0,0,0,0,0,0,NA,0,0,0,0,NA,5970211.11111111,0,0,0,0,0,0,0,0,0,0,0,289755.555555556,0,0,0,0,0,8570644.44444444,0,0,0,0,755.555555555556,0,0,0,0,0,133508744.444444,0,0,0,0,0,22855.5555555556,0,0,0,0,0,8500,0,0,0,0,NA,0,0,0,0,0,14393711.1111111,0,0,0,0,0,0,0,0,0,0,0,0,0,0,0,0,0,0,0,0,188.888888888889,0,0,0,0,0,0,0,0,0,0,0,0,0,0,0,0,0,0,0,0,0,0,0,0,0,NA,0,0,0,0,15077488.8888889,0,0,0,0,446911.111111111,0,0,0,302222.222222222,0,0,0,0,0,0,0,0,0,0,0,0,0,0,0,0,0,0,0,0,0,0,0,0,20400,0,0,0,0,0,0,0,0,0,0,0,0,0,0,0,0,0,0,0,0,0,1499400,0,0,0,0,0,0,0,0,0,0,0,0,0,0,0,0
"Guinea",0,0,0,0,0,0,0,0,0,0,0,0,NA,0,0,0,0,NA,0,0,0,0,0,0,0,0,0,0,0,0,0,0,0,0,0,0,0,0,0,0,358888.888888889,0,0,0,0,0,0,0,0,0,0,0,0,434444.444444445,0,0,0,0,0,0,0,0,0,0,NA,0,0,0,0,0,0,0,0,0,0,0,0,0,0,0,0,0,0,0,0,0,0,0,0,0,0,0,0,0,0,0,0,0,0,0,0,0,0,188.888888888889,0,0,0,0,0,0,0,0,0,0,0,0,0,NA,0,0,0,0,0,0,0,0,0,0,0,0,0,0,0,0,456544.444444445,0,0,0,0,0,0,0,0,0,0,0,0,0,0,0,0,0,0,0,0,0,32488.8888888889,0,0,0,0,0,0,0,0,0,0,434444.444444445,0,0,0,0,0,0,0,0,0,0,0,7555.55555555555,0,0,0,0,0,0,0,0,0,0,0,0,0,0,0
"Guyana",0,0,0,0,4660455.55555556,3966.66666666667,0,0,0,0,119755.555555556,0,NA,0,0,0,377777.777777778,NA,0,0,0,0,0,0,0,47788.8888888889,0,0,0,0,124855.555555556,0,0,0,0,0,0,0,0,0,0,0,297877.777777778,238188.888888889,0,0,0,0,0,0,0,0,0,0,0,0,0,0,0,0,0,0,0,0,NA,906666.666666666,0,0,0,0,0,18888.8888888889,0,0,0,0,0,0,0,0,0,33055.5555555556,0,0,0,0,0,0,0,0,0,0,0,0,0,0,0,0,0,0,0,0,0,0,0,0,0,0,0,0,0,0,0,0,0,0,2325788.88888889,NA,0,0,0,0,0,0,0,0,0,0,0,0,0,0,0,0,0,0,0,0,0,0,0,0,0,132411.111111111,94444.4444444444,18888.8888888889,0,0,0,0,0,0,0,0,0,0,0,133166.666666667,0,0,0,0,0,0,0,0,0,0,0,1722855.55555556,0,0,0,0,0,0,944.444444444444,0,423111.111111111,0,0,0,56666.6666666667,0,0,0,0,0,1888.88888888889,0,0,0,0,0,0
"Haiti",NA,NA,NA,NA,NA,NA,NA,NA,NA,NA,NA,NA,NA,NA,NA,NA,NA,NA,NA,NA,NA,NA,NA,NA,NA,NA,NA,NA,NA,NA,NA,NA,NA,NA,NA,NA,NA,NA,NA,NA,NA,NA,NA,NA,NA,NA,NA,NA,NA,NA,NA,NA,NA,NA,NA,NA,NA,NA,NA,NA,NA,NA,NA,NA,NA,NA,NA,NA,NA,NA,NA,NA,NA,NA,NA,NA,NA,NA,NA,NA,NA,NA,NA,NA,NA,NA,NA,NA,NA,NA,NA,NA,NA,NA,NA,NA,NA,NA,NA,NA,NA,NA,NA,NA,NA,NA,NA,NA,NA,NA,NA,NA,NA,NA,NA,NA,NA,NA,NA,NA,NA,NA,NA,NA,NA,NA,NA,NA,NA,NA,NA,NA,NA,NA,NA,NA,NA,NA,NA,NA,NA,NA,NA,NA,NA,NA,NA,NA,NA,NA,NA,NA,NA,NA,NA,NA,NA,NA,NA,NA,NA,NA,NA,NA,NA,NA,NA,NA,NA,NA,NA,NA,NA,NA,NA,NA,NA,NA,NA,NA,NA,NA,NA,NA,NA,NA,NA,NA,NA,NA,NA,NA,NA,NA,NA
"Honduras",0,0,0,0,0,0,0,0,0,0,0,0,NA,0,0,0,0,NA,63844.4444444444,0,0,0,0,0,0,0,0,0,0,0,0,0,0,0,0,0,231200,0,0,0,0,0,0,0,0,566.666666666667,0,113333.333333333,0,0,0,0,0,0,0,0,0,0,0,377.777777777778,0,0,0,0,NA,0,1700,0,0,0,0,0,0,0,0,0,0,0,0,0,0,132222.222222222,0,0,0,0,0,0,0,0,0,0,0,0,0,0,0,0,0,0,0,0,0,0,0,0,0,0,0,0,0,0,0,0,0,0,0,NA,0,0,0,0,0,0,0,0,0,37777.7777777778,0,0,0,0,0,0,0,0,0,0,0,0,0,0,0,0,0,0,0,0,0,0,0,0,0,0,0,0,377777.777777778,0,0,0,0,0,0,0,0,0,0,0,0,0,0,0,0,0,0,0,0,0,2606666.66666667,0,0,0,0,0,0,0,0,0,0,0,0,0,0,0,0
"Hong Kong SAR, China",0,0,0,0,0,37777.7777777778,12465533.3333333,59877.7777777778,0,1285388.88888889,0,37777.7777777778,NA,0,0,0,0,NA,0,0,0,0,277855.555555556,0,0,12596433.3333333,0,0,70455.5555555556,0,245555.555555556,4626251933.33333,755.555555555556,0,18888.8888888889,0,0,0,0,3966.66666666667,207777.777777778,884188.888888889,0,37777.7777777778,0,0,0,0,0,0,0,15488.8888888889,56666.6666666666,9187933.33333333,0,0,0,0,0,3723566.66666667,0,0,0,386277.777777778,NA,0,0,0,0,0,0,0,1511.11111111111,0,0,367955.555555555,1558900,0,0,77444.4444444444,34566.6666666667,5070911.11111111,0,94444.4444444444,0,78818800,0,0,226666.666666667,3942488.88888889,1002055.55555556,3701655.55555556,0,0,47222.2222222222,0,0,0,0,0,569089733.333333,18888.8888888889,0,7289600,52511.1111111111,0,0,0,25311.1111111111,18888.8888888889,941422.222222222,0,0,0,755.555555555556,0,9365866.66666667,NA,0,0,0,3049044.44444444,0,0,37777.7777777778,18888.8888888889,0,813166.666666666,0,0,0,0,7827744.44444444,0,18888.8888888889,0,0,0,0,18888.8888888889,0,0,8688.8888888889,0,0,0,0,28522.2222222222,0,0,0,0,0,33350788.8888889,0,2214911.11111111,1837888.88888889,0,0,377.777777777778,3777.77777777778,7401611.11111112,0,0,28493133.3333333,0,14086577.7777778,0,0,0,0,0,56666.6666666667,2448566.66666667,0,0,14342333.3333333,0,22677811.1111111,0,0,0,0,108003833.333333,0,0,18888.8888888889,0,22666.6666666667,0,0,0,0,0,0
"Hungary",11862222.2222222,0,7731222.22222222,52700,0,2077022.22222222,18588744.4444444,658380911.111111,170000,0,0,0,NA,0,18888.8888888889,566.666666666667,12028633.3333333,NA,18888.8888888889,0,0,41948255.5555555,0,113333.333333333,755.555555555556,1054581777.77778,283333.333333333,0,566.666666666667,0,67811.1111111111,244766188.888889,487522.222222222,0,37777.7777777778,0,944444.444444445,34000,1967844.44444444,2553588.88888889,10388.8888888889,280681522.222222,18888.8888888889,188.888888888889,450547411.111111,53644.4444444444,57611.1111111111,0,0,518493955.555556,0,0,1293497511.11111,448714244.444444,18197555.5555555,0,88798933.3333333,0,632777.777777778,9966440211.11111,2464055.55555556,656955.555555555,0,20213188.8888889,NA,0,18888.8888888889,604444.444444445,0,0,0,15566711.1111111,0,295506844.444444,2993888.88888889,143366.666666667,68000,20588.8888888889,261044.444444444,59618055.5555555,10358477.7777778,624653477.777778,1322.22222222222,297474311.111111,1530000,362542566.666667,31733.3333333333,41903677.7777778,927444.444444445,1207000,736666.666666667,10990122.2222222,2266.66666666667,348148477.777778,510000,957666.666666666,0,0,212122.222222222,1589595388.88889,2134444.44444444,0,0,13064500,1704155.55555556,0,548722.222222222,0,4420000,4059411.11111111,20072088.8888889,32677.7777777778,0,210088077.777778,0,0,199964388.888889,NA,15866.6666666667,656011.111111111,0,3328411.11111111,415555.555555555,18888.8888888889,5222777.77777778,251222977.777778,45711.1111111111,2311811.11111111,6666122922.22222,0,0,1369444.44444444,170188.888888889,2807481244.44444,77633.3333333333,264444.444444444,0,0,267088.888888889,0,590666511.111111,37777.7777777778,3288889700,0,585555.555555555,0,0,1888.88888888889,13808722.2222222,604444.444444445,37777.7777777778,305703822.222222,5313003955.55555,3029966.66666667,0,1860933.33333333,80405088.8888889,680000,3494444.44444444,0,1456022800,584359888.888889,358888.888888889,25500000,10920988.8888889,151111.111111111,3683144.44444444,0,0,5855.55555555555,6422.22222222223,20400,622388.888888889,553822.222222222,0,0,5373990133.33333,1132768177.77778,700088900,18888.8888888889,7555.55555555555,7169088.88888889,37777.7777777778,52691877.7777778,17188.8888888889,0,0,18888.8888888889,66055955.5555555,1104622.22222222,71036955.5555555,1030955.55555556,0,0,755.555555555556
"Croatia",0,0,420088.888888889,0,0,284088.888888889,9009244.44444444,67721200,0,0,0,0,NA,0,0,283333.333333333,410644.444444445,NA,0,0,0,604822.222222222,0,0,0,75439766.6666667,0,0,0,0,18888.8888888889,10425533.3333333,340000,0,0,0,0,0,0,18888.8888888889,188.888888888889,5454922.22222222,0,0,132600,0,0,0,0,19455.5555555556,0,0,134866.666666667,66251266.6666667,0,0,0,0,0,1172935777.77778,746226900,0,0,18888.8888888889,NA,0,1888.88888888889,15488.8888888889,0,0,17000,375888.888888889,72485922.2222222,0,48922.2222222222,377.777777777778,377.777777777778,0,0,612944.444444445,4911.11111111111,159766188.888889,188.888888888889,343211.111111111,174344.444444444,8539477.77777778,0,0,0,143555.555555556,0,78955.5555555556,0,381555.555555555,0,0,0,18888.8888888889,0,44577.7777777778,0,4004444.44444444,0,4344.44444444445,0,0,6422.22222222223,0,188.888888888889,282200,0,0,0,9822.22222222222,188888.888888889,0,11530533.3333333,NA,0,6839855.55555556,0,1133522.22222222,0,0,56666.6666666667,1716055.55555556,0,0,156271555.555556,0,0,457866.666666667,188.888888888889,1227430411.11111,0,0,0,0,0,0,1472200,188888.888888889,32226711.1111111,0,0,113333.333333333,0,0,0,0,0,301421711.111111,24103355.5555555,523977.777777778,0,755.555555555556,785588.888888889,0,0,0,6510811.11111111,142867433.333333,0,0,106722.222222222,37777.7777777778,96522.2222222223,9444.44444444445,0,0,566.666666666667,0,566.666666666667,167355.555555556,0,0,52384933.3333333,5560700,69262722.2222222,0,0,0,0,0,0,0,0,0,13139488.8888889,292400,38089255.5555555,36608366.6666667,0,0,0
"Iceland",0,0,0,0,0,0,0,0,0,0,0,0,NA,0,0,0,0,NA,0,0,0,0,0,0,0,0,0,0,0,0,0,0,0,0,0,0,0,0,0,0,0,84622.2222222222,0,0,0,0,0,0,0,22666.6666666667,7054433.33333333,0,0,18888.8888888889,0,0,0,0,0,62711.1111111111,0,0,0,0,NA,0,0,0,0,0,0,3211.11111111111,0,0,0,0,0,0,0,0,0,0,0,0,0,18888.8888888889,0,0,0,0,0,0,0,18888.8888888889,0,0,0,0,0,0,0,0,0,0,0,0,0,0,0,0,0,0,0,0,0,0,95200,NA,0,0,0,0,0,0,0,80466.6666666667,0,0,0,0,0,0,0,0,0,0,0,0,0,0,0,0,18888.8888888889,0,0,0,0,0,0,0,0,0,0,0,0,0,21155.5555555556,0,0,0,807311.111111111,1176022.22222222,0,0,0,0,0,0,0,0,0,0,0,0,0,0,334333.333333333,0,49677.7777777778,0,0,0,0,0,0,0,0,0,944.444444444444,0,0,0,0,0,0
"India",0,18888.8888888889,0,453333.333333333,0,18888.8888888889,22735988.8888889,6800,0,3230000,0,606900,NA,16327177.7777778,0,0,56666.6666666667,NA,0,0,0,0,2455.55555555556,0,37966.6666666667,1628222.22222222,0,0,11535444.4444444,0,0,1210588.88888889,0,0,1776688.88888889,0,0,0,0,0,1479377.77777778,465422.222222222,0,0,1322.22222222222,0,0,0,0,0,0,19644.4444444444,1367933.33333333,40713866.6666667,0,0,0,755.555555555556,0,17956533.3333333,0,2637833.33333333,0,4911.11111111111,NA,0,0,0,0,0,0,7669077.77777778,188.888888888889,0,0,0,1567777.77777778,0,0,0,0,4583200,37211.1111111111,0,0,26102177.7777778,18888.8888888889,0,188888.888888889,57422.2222222222,0,358511.111111111,56666.6666666667,619366.666666667,0,0,0,0,0,0,0,0,0,757633.333333333,18866600,94444.4444444444,0,0,202300,12277.7777777778,0,0,0,0,0,5377855.55555556,33469222.2222222,NA,0,0,0,897033.333333333,0,0,3842944.44444444,1239677.77777778,0,0,56666.6666666667,0,0,0,6800,610300,755555.555555555,0,0,0,56666.6666666667,0,207777.777777778,0,0,0,0,0,0,492433.333333333,0,10200,21533.3333333333,0,0,21407722.2222222,0,127311.111111111,7013066.66666667,0,0,0,2153522.22222222,1540011.11111111,0,377.777777777778,1007911.11111111,831111.111111111,696244.444444445,4168022.22222222,0,0,286355.555555556,0,11711.1111111111,34784833.3333333,188.888888888889,0,48683844.4444444,0,22579966.6666667,0,0,0,0,8838488.88888888,0,0,3777.77777777778,68000,11661622.2222222,37777.7777777778,0,0,0,0,0
"Indonesia",0,0,0,0,0,0,7559900,0,0,0,0,0,NA,0,0,0,0,NA,0,0,0,0,0,0,0,0,0,0,0,0,0,5854611.11111111,0,0,0,0,0,0,0,0,302222.222222222,0,0,0,0,0,0,0,0,0,0,132222.222222222,0,4533.33333333333,0,0,0,0,0,0,0,0,0,0,NA,0,0,0,0,0,0,5453600,0,0,0,0,0,0,0,52322.2222222222,0,0,113333.333333333,0,0,6463777.77777778,0,0,0,0,0,2704700,0,0,0,0,0,0,0,0,0,0,0,13392600,0,0,0,0,0,0,0,0,0,0,0,0,2458200,NA,0,0,0,119188.888888889,0,0,874744.444444445,0,56666.6666666667,0,0,377.777777777778,0,0,434444.444444445,0,0,0,8587266.66666667,0,0,0,0,0,0,0,0,0,0,1322.22222222222,0,0,0,0,0,28216788.8888889,0,0,0,0,0,0,0,0,0,0,544566.666666667,0,4313277.77777778,0,0,0,0,0,0,1509600,0,0,10955.5555555556,0,365500,0,0,0,0,220622.222222222,18888.8888888889,0,0,0,0,0,0,0,0,0,0
"Iran (Islamic Republic of)",0,0,0,0,0,0,0,0,0,0,0,0,NA,0,0,0,0,NA,0,0,0,0,71588.8888888888,0,0,188.888888888889,0,0,0,0,0,0,0,0,0,0,0,0,0,0,0,0,0,0,0,0,0,0,0,0,0,0,0,0,0,0,0,0,0,0,0,0,0,0,NA,0,0,0,0,0,0,0,0,0,0,0,0,0,0,0,0,0,0,0,0,0,0,0,0,0,0,944.444444444444,0,0,0,0,0,0,0,0,0,0,0,5100,3400,0,0,0,0,0,0,0,0,0,0,0,0,NA,0,0,0,2455.55555555555,0,0,0,0,377777.777777778,0,0,0,0,0,0,0,0,0,0,0,0,0,0,3777.77777777778,0,0,0,0,0,0,0,0,0,0,0,0,0,377.777777777778,0,0,0,0,0,131844.444444444,0,0,0,0,0,0,0,0,0,0,0,15111.1111111111,0,0,0,0,0,0,0,0,0,0,0,0,0,0,0,0,0,0,0,0,0
"Iraq",NA,NA,NA,NA,NA,NA,NA,NA,NA,NA,NA,NA,NA,NA,NA,NA,NA,NA,NA,NA,NA,NA,NA,NA,NA,NA,NA,NA,NA,NA,NA,NA,NA,NA,NA,NA,NA,NA,NA,NA,NA,NA,NA,NA,NA,NA,NA,NA,NA,NA,NA,NA,NA,NA,NA,NA,NA,NA,NA,NA,NA,NA,NA,NA,NA,NA,NA,NA,NA,NA,NA,NA,NA,NA,NA,NA,NA,NA,NA,NA,NA,NA,NA,NA,NA,NA,NA,NA,NA,NA,NA,NA,NA,NA,NA,NA,NA,NA,NA,NA,NA,NA,NA,NA,NA,NA,NA,NA,NA,NA,NA,NA,NA,NA,NA,NA,NA,NA,NA,NA,NA,NA,NA,NA,NA,NA,NA,NA,NA,NA,NA,NA,NA,NA,NA,NA,NA,NA,NA,NA,NA,NA,NA,NA,NA,NA,NA,NA,NA,NA,NA,NA,NA,NA,NA,NA,NA,NA,NA,NA,NA,NA,NA,NA,NA,NA,NA,NA,NA,NA,NA,NA,NA,NA,NA,NA,NA,NA,NA,NA,NA,NA,NA,NA,NA,NA,NA,NA,NA,NA,NA,NA,NA,NA,NA
"Ireland",41555.5555555556,0,0,0,0,283711.111111111,536255.555555555,0,0,0,115411.111111111,0,NA,0,132222.222222222,0,0,NA,0,0,0,57044.4444444444,188.888888888889,0,0,788611.111111111,0,0,0,0,1439900,913655.555555555,0,0,0,0,0,0,3637622.22222222,0,0,195500,0,0,0,188888.888888889,301844.444444445,0,0,73477.7777777778,0,0,459566.666666667,376056055.555556,0,0,0,0,0,14869522.2222222,0,0,0,0,NA,0,0,0,0,0,0,355488.888888889,255000,0,1448966.66666667,113900,0,0,0,0,7555.55555555555,9962944.44444444,453333.333333333,0,18888.8888888889,1133900,0,0,0,0,37777.7777777778,188888.888888889,0,49488.8888888889,0,0,0,0,0,10388.8888888889,755.555555555556,0,0,0,0,0,0,1888.88888888889,0,18888.8888888889,0,0,0,0,0,0,122335966.666667,NA,0,0,0,38155.5555555556,0,0,3588.88888888889,92933.3333333333,0,0,154888.888888889,0,0,0,0,565722.222222222,300144.444444444,0,0,0,0,0,56666.6666666667,0,170377.777777778,0,0,0,0,495455.555555555,0,0,94444.4444444444,48544.4444444444,0,22100,0,1761766.66666667,10824844.4444444,0,0,0,1322788.88888889,324511.111111111,0,0,0,0,0,0,0,434444.444444445,2266.66666666667,0,4344.44444444445,162633.333333333,0,0,431705177.777778,188.888888888889,24517777.7777778,0,2833.33333333333,0,0,1133.33333333333,18888.8888888889,0,0,0,1218522.22222222,0,0,52888.8888888888,0,0,9066.66666666667
"Israel",0,0,5477.77777777778,0,0,4587355.55555556,27876411.1111111,3490288.88888889,0,6422.22222222223,15488.8888888889,0,NA,0,0,0,5048811.11111111,NA,0,0,0,113333.333333333,7366.66666666667,0,38911.1111111111,90807955.5555555,0,0,2455.55555555556,0,5855.55555555555,15384811.1111111,226666.666666667,0,291455.555555555,0,245933.333333333,225533.333333333,1220411.11111111,60255.5555555556,0,133313811.111111,0,9822.22222222222,0,434444.444444445,18888.8888888889,0,24744.4444444444,1662222.22222222,0,0,7782411.11111111,210786966.666667,0,305811.111111111,153000,4344.44444444445,0,388555777.777778,6233.33333333333,688688.888888889,0,1083277.77777778,NA,0,6422.22222222223,0,0,0,2077.77777777778,6914277.77777778,1870377.77777778,0,75555.5555555556,558355.555555555,0,0,0,18888.8888888889,0,310765288.888889,59122.2222222222,113333.333333333,41177.7777777778,33448444.4444445,358888.888888889,0,1902677.77777778,334900,0,1858855.55555556,0,12948333.3333333,0,0,0,0,0,423866.666666667,0,0,0,0,37777.7777777778,18888.8888888889,132222.222222222,0,0,3018633.33333333,0,159233.333333333,0,0,0,112955.555555556,34391377.7777778,NA,0,0,0,970133.333333333,0,18888.8888888889,153188.888888889,4562800,0,5506488.88888889,1538311.11111111,0,23800,231955.555555556,1109344.44444444,35248366.6666667,24177.7777777778,0,0,0,0,0,10320888.8888889,0,20562066.6666667,0,0,0,0,0,0,0,0,1827311.11111111,1270466.66666667,3252855.55555556,0,216764733.333333,3146511.11111111,2833.33333333333,0,0,10997677.7777778,20270044.4444444,0,0,2618944.44444444,0,3342200,0,0,0,0,0,746488.888888889,325644.444444445,13600,0,326032044.444444,4351811.11111111,1027174000,0,654500,46088.8888888889,585555.555555555,38533.3333333333,0,0,0,20211.1111111111,41166822.2222222,1056077.77777778,5288.88888888889,0,0,0,0
"Italy",26149022.2222222,4997622.22222222,803719955.555556,56044466.6666667,30710122.2222222,89537677.7777778,4614202333.33333,24227428922.2222,109430511.111111,44657866.6666667,63346155.5555555,4894111.11111111,NA,418577.777777778,9460122.22222222,1167711.11111111,4851909744.44445,NA,10838444.4444444,18888.8888888889,529077.777777778,1167615344.44444,15189500,1539066.66666667,44917400,31940974733.3333,16000022.2222222,20691455.5555555,33720255.5555555,1284444.44444444,97238866.6666666,7790715422.22222,214511288.888889,7177777.77777777,71218477.7777778,90855.5555555556,340411966.666667,54809888.8888889,561050244.444444,29914711.1111111,43924788.8888889,15983614011.1111,4070366.66666667,363141911.111111,448471333.333333,80512944.4444445,30137977.7777778,53618377.7777778,2510900,938341822.222223,1057777.77777778,4885422.22222222,3949237700,143403548733.333,4162922.22222222,1753266.66666667,37907544.4444444,143305844.444444,6004777.77777778,312956797988.889,117897266.666667,103159400,132222.222222222,6360093455.55556,NA,12344266.6666667,90071288.8888889,6839100,3190522.22222222,8476011.11111111,60135233.3333333,966247888.888889,9564155988.88889,772363455.555556,380683266.666667,135423133.333333,59342655.5555555,1211722.22222222,21410366.6666667,4317377233.33333,680194933.333333,0,831273177.777777,434119366.666667,107194633.333333,18283701544.4444,32138122.2222222,27016211.1111111,211475844.444444,31906166.6666667,5457944.44444444,1592273077.77778,4326500,2434710722.22222,21845944.4444445,59261433.3333333,0,2712255.55555556,1321466.66666667,3752897711.11111,6693088.88888889,4892411.11111111,1076666.66666667,146332788.888889,82324200,592355.555555556,1329425122.22222,0,17957288.8888889,2938394844.44445,58384233.3333333,79692600,24025533.3333333,164498044.444444,298633.333333333,14117933.3333333,21643770433.3333,NA,11050000,241887144.444444,428777.777777778,863906944.444444,37111377.7777778,3217533.33333333,584399555.555556,7900144611.11111,3467622.22222222,192183488.888889,17001300688.8889,424811.111111111,114577166.666667,281319400,288000588.888889,9105360366.66667,7021343211.11111,130333.333333333,94444.4444444444,3367322.22222222,59622400,2107811.11111111,3024138688.88889,6120000,19183824911.1111,4459100,25784088.8888889,4681422.22222222,1100088.88888889,11908688.8888889,53435155.5555555,29726766.6666667,4141955.55555556,1261012966.66667,5476415700,633971744.444444,1410433.33333333,256901355.555556,16721793488.8889,21187100,4799666.66666667,0,19148205188.8889,39736288466.6667,7661333.33333333,7093911.11111111,538052266.666667,18093477.7777778,831629422.222222,32565955.5555556,742144.444444444,87934577.7777778,4281544.44444444,2933633.33333333,302222222.222222,584809255.555556,45947411.1111111,170000,128747859122.222,2094717333.33333,146158340366.667,8173788.88888889,65772811.1111111,37654244.4444445,338612422.222222,350532822.222222,31130588.8888889,566666.666666667,9129000,5731266.66666667,13150143544.4444,1315428266.66667,269078077.777778,19859588.8888889,238188.888888889,0,0
"Cote dIvoire",0,0,0,0,0,0,0,0,0,0,0,0,NA,0,0,0,0,NA,0,0,0,0,0,0,9633.33333333333,0,0,1511.11111111111,0,0,0,0,0,0,95388.8888888888,0,0,0,0,0,18888.8888888889,0,0,0,0,0,0,0,0,0,0,0,0,396477.777777778,0,0,0,0,0,188.888888888889,4344.44444444445,1718888.88888889,0,0,NA,0,0,2266.66666666667,0,3966.66666666667,0,0,0,0,0,0,0,0,0,0,0,2077.77777777778,0,0,0,0,0,0,0,0,0,0,0,0,0,0,0,209288.888888889,0,0,0,755.555555555556,0,0,0,1938566.66666667,0,0,944.444444444444,0,0,0,0,0,0,0,0,NA,0,0,0,0,0,0,455033.333333333,0,0,0,0,0,0,0,2077.77777777778,254244.444444445,0,0,0,0,0,0,0,377.777777777778,0,0,0,0,56666.6666666667,0,5477.77777777778,0,0,0,0,0,0,3588.88888888889,19266.6666666667,0,0,0,0,332633.333333333,0,0,0,0,0,1681300,0,0,0,0,0,188.888888888889,0,0,0,0,1133.33333333333,16882133.3333333,566.666666666667,0,0,0,0,0,0,0,1322.22222222222,0,0,0,0,0,0
"Kazakhstan",0,0,0,0,0,0,0,0,0,0,0,0,NA,0,0,0,0,NA,0,0,0,0,0,0,0,566.666666666667,0,0,0,0,0,46811955.5555555,0,0,0,0,0,0,0,0,0,0,0,0,0,0,0,0,0,0,0,0,0,196444.444444444,0,0,1061555.55555556,0,0,9444.44444444445,0,0,0,56666.6666666667,NA,0,0,0,0,0,0,188.888888888889,0,0,0,0,0,0,0,0,0,62711.1111111112,0,0,0,2644.44444444445,0,32732933.3333333,0,0,0,34377.7777777778,0,117300,0,0,0,0,0,0,0,0,0,0,0,0,0,0,0,0,271244.444444445,0,0,217411.111111111,0,0,1322.22222222222,NA,0,0,0,0,0,0,0,0,0,0,0,0,0,0,0,0,0,0,0,0,0,0,0,0,12930200,0,0,0,0,0,0,0,0,0,0,0,0,0,0,0,603500,0,33244.4444444444,0,0,0,0,0,0,0,0,0,0,0,0,163577.777777778,0,0,403655.555555556,0,0,0,0,188.888888888889,0,0,0,0,0,0,2266.66666666667,0,0,0,0,0,0
"Jamaica",0,0,0,0,5638144.44444444,0,0,0,1276322.22222222,0,10941200,0,NA,0,0,0,0,NA,9232700,0,0,0,0,0,0,7735944.44444444,0,0,0,0,0,377777.777777778,0,0,0,0,0,94444.4444444444,0,0,0,0,9959544.44444444,954644.444444445,0,0,0,0,0,0,0,0,0,5736933.33333333,0,0,0,0,0,170000,0,18888.8888888889,0,0,NA,6795655.55555556,207777.777777778,0,783511.111111111,174911.111111111,188.888888888889,0,0,0,0,0,0,0,0,0,0,52322.2222222222,0,0,0,18888.8888888889,0,0,3211.11111111111,0,0,0,0,0,0,0,0,0,0,0,0,0,0,0,40800,0,0,0,0,0,0,0,0,0,0,0,870400,NA,0,0,0,0,0,0,0,0,0,113333.333333333,0,0,0,0,0,0,0,0,0,0,0,0,0,0,0,3969877.77777778,11850511.1111111,4455888.88888889,0,0,0,0,0,0,0,0,0,0,0,603311.111111111,0,0,0,0,0,0,0,0,0,0,0,17952188.8888889,0,0,0,3022.22222222222,0,0,21565444.4444445,0,56384655.5555555,0,0,0,3777.77777777778,0,0,0,0,0,0,0,0,0,0,0,0
"Japan",0,0,0,0,0,434444.444444445,772366.666666667,0,0,0,0,0,NA,0,0,0,47222.2222222222,NA,0,0,0,1133333.33333333,13033.3333333333,0,0,272566.666666667,0,0,2077.77777777778,0,7820000,8175488.88888889,0,0,0,0,0,0,0,0,0,38722.2222222222,0,0,0,0,0,0,0,0,0,0,227044.444444444,7028555.55555556,0,0,0,0,0,184355.555555556,0,0,0,396666.666666667,NA,0,0,0,0,0,0,5966622.22222222,0,0,0,0,170755.555555556,0,0,0,0,9367377.77777778,0,0,0,0,0,0,0,184355.555555555,18888.8888888889,7899144.44444444,0,0,0,0,0,0,0,38911.1111111111,176044.444444445,0,0,458433.333333333,11522.2222222222,0,0,0,0,12844.4444444444,20211.1111111111,0,0,0,0,0,713622.222222222,NA,1511.11111111111,0,0,5477.77777777777,0,0,4533.33333333333,85755.5555555556,0,0,0,0,0,0,64033.3333333333,44955.5555555556,0,0,0,0,0,0,0,0,941988.888888889,0,0,0,0,0,0,8500,0,0,0,1791800,0,968622.222222222,2092133.33333333,0,0,0,236488.888888889,14355.5555555555,0,0,140689355.555556,0,3847100,0,0,0,0,0,0,377.777777777778,0,0,1527166.66666667,0,10227388.8888889,0,0,0,0,166977.777777778,0,0,0,0,369088.888888889,0,0,0,0,0,0
"Jordan",0,0,0,0,0,0,4344.44444444445,0,0,944.444444444444,0,0,NA,0,0,0,0,NA,0,0,0,0,0,0,0,10955.5555555555,0,0,0,0,0,0,0,0,0,0,0,0,0,0,0,0,0,0,0,0,0,0,0,0,0,0,0,1700,0,0,0,0,0,72533.3333333333,0,0,0,0,NA,0,0,0,0,0,0,0,0,0,0,0,0,0,1076666.66666667,0,603877.777777778,2191111.11111111,0,0,0,1700,0,0,0,0,0,0,0,0,0,0,0,0,0,0,0,0,0,0,0,0,0,0,0,0,0,0,0,0,0,0,2191111.11111111,NA,0,0,0,0,0,0,0,0,0,0,0,0,0,0,0,0,0,0,0,0,213633.333333333,0,0,0,0,0,0,0,0,0,0,0,0,0,0,736666.666666667,0,0,0,0,0,0,0,0,0,0,0,0,0,0,0,0,0,0,18888.8888888889,113333.333333333,0,0,1110100,0,566.666666666667,0,0,0,0,0,0,0,0,0,0,0,0,0,0,0,0
"Kyrgyzstan",0,151111.111111111,0,0,0,0,0,0,0,0,0,0,NA,0,0,0,0,NA,0,0,0,0,0,0,0,0,0,0,0,0,0,9075733.33333333,0,0,0,0,0,0,0,2266.66666666667,0,0,0,0,566666.666666667,0,0,0,0,0,0,0,0,0,0,0,0,0,0,23800,0,0,0,0,NA,0,0,0,0,0,0,0,0,0,0,0,0,0,0,0,0,0,0,37475555.5555555,0,0,0,0,0,0,0,0,0,0,0,0,0,0,0,0,0,0,0,0,0,0,0,0,0,0,0,0,0,0,0,0,0,NA,0,0,0,0,0,0,0,0,0,0,0,0,0,0,0,0,0,0,0,0,0,0,0,0,4193333.33333333,0,0,0,0,0,0,0,0,0,0,0,0,0,0,0,13162911.1111111,0,0,0,0,0,0,0,0,0,0,0,0,0,3834444.44444444,188888.888888889,0,0,0,0,0,0,0,56666.6666666667,0,0,0,0,0,0,1322.22222222222,0,0,0,0,0,0
"Kenya",0,0,0,0,377.777777777778,9444.44444444445,944.444444444444,18888.8888888889,0,0,0,0,NA,0,0,51377.7777777778,0,NA,0,0,0,0,0,10740033.3333333,0,0,0,0,0,0,6988.88888888889,94066.6666666667,0,0,37777.7777777778,0,0,0,18888.8888888889,0,0,0,0,0,0,0,0,0,0,0,0,0,0,321677.777777778,0,226666.666666667,0,0,0,40988.8888888889,0,43633.3333333334,0,0,NA,0,0,0,0,0,0,5127388.88888889,0,0,0,0,0,0,0,0,0,4344.44444444445,0,0,0,37588.8888888889,0,0,0,67244.4444444444,0,0,0,0,0,0,0,188.888888888889,0,0,0,0,40422.2222222222,377.777777777778,0,0,0,0,56666.6666666667,0,0,377.777777777778,0,0,0,0,0,NA,0,0,0,0,0,0,1700,0,0,1133.33333333333,0,0,0,0,0,0,0,0,0,56666.6666666667,0,42122.2222222222,0,21957011.1111111,0,0,0,0,0,377.777777777778,0,566.666666666667,0,0,0,0,896655.555555555,1393811.11111111,37777.7777777778,0,0,0,2266.66666666667,1322.22222222222,0,0,0,7974322.22222222,0,68944.4444444444,0,0,0,0,377.777777777778,938777.777777778,59479033.3333333,0,195500,0,32300,0,0,0,0,501122.222222222,292022.222222222,188.888888888889,94616522.2222222,18888.8888888889,188.888888888889,0,3758888.88888889,0,0,865111.11111111,0
"Cambodia",0,0,0,0,0,0,0,0,0,0,0,0,NA,0,0,0,0,NA,0,0,0,0,0,0,0,0,0,0,0,0,0,0,0,0,0,0,0,0,0,0,0,0,0,0,0,0,0,0,0,0,0,0,0,0,0,0,0,0,0,0,0,0,0,0,NA,0,0,0,0,0,0,0,0,0,0,0,0,0,0,0,0,0,0,0,0,379477.777777778,0,0,0,0,0,17755.5555555556,0,0,0,0,0,0,0,0,0,0,0,53077.7777777778,0,0,0,0,0,0,0,0,0,0,0,0,0,NA,0,0,0,0,0,0,0,0,0,0,33244.4444444444,0,0,0,0,0,0,0,0,0,0,0,0,0,0,0,0,0,0,0,0,0,0,0,0,797488.888888889,0,0,0,0,0,0,0,0,0,0,0,0,24555.5555555556,0,0,0,0,0,0,0,0,0,0,0,0,0,0,0,0,3418888.88888889,0,0,0,0,0,0,0,0,0,0,0
"Democratic People's Republic of Korea",NA,NA,NA,NA,NA,NA,NA,NA,NA,NA,NA,NA,NA,NA,NA,NA,NA,NA,NA,NA,NA,NA,NA,NA,NA,NA,NA,NA,NA,NA,NA,NA,NA,NA,NA,NA,NA,NA,NA,NA,NA,NA,NA,NA,NA,NA,NA,NA,NA,NA,NA,NA,NA,NA,NA,NA,NA,NA,NA,NA,NA,NA,NA,NA,NA,NA,NA,NA,NA,NA,NA,NA,NA,NA,NA,NA,NA,NA,NA,NA,NA,NA,NA,NA,NA,NA,NA,NA,NA,NA,NA,NA,NA,NA,NA,NA,NA,NA,NA,NA,NA,NA,NA,NA,NA,NA,NA,NA,NA,NA,NA,NA,NA,NA,NA,NA,NA,NA,NA,NA,NA,NA,NA,NA,NA,NA,NA,NA,NA,NA,NA,NA,NA,NA,NA,NA,NA,NA,NA,NA,NA,NA,NA,NA,NA,NA,NA,NA,NA,NA,NA,NA,NA,NA,NA,NA,NA,NA,NA,NA,NA,NA,NA,NA,NA,NA,NA,NA,NA,NA,NA,NA,NA,NA,NA,NA,NA,NA,NA,NA,NA,NA,NA,NA,NA,NA,NA,NA,NA,NA,NA,NA,NA,NA,NA
"Republic of Korea",0,566.666666666667,0,0,0,75555.5555555556,2236633.33333333,0,0,0,0,0,NA,0,0,0,377.777777777778,NA,0,0,0,0,0,0,0,18888.8888888889,0,0,0,0,94444.4444444444,4340477.77777778,0,0,0,0,0,0,0,0,316200,0,0,0,0,0,0,0,0,0,0,0,0,455033.333333333,0,0,0,0,0,417444.444444445,0,15866.6666666667,0,0,NA,0,0,0,0,0,0,9551733.33333333,0,0,0,0,415555.555555555,0,0,0,0,1844311.11111111,0,377.777777777778,18888.8888888889,9999400,0,0,15866.6666666667,0,0,0,0,124666.666666667,5666.66666666667,0,0,18133.3333333333,0,0,6988.88888888889,0,0,203622.222222222,0,0,0,0,0,0,283333.333333333,0,0,0,0,0,191911.111111111,NA,0,0,0,108044.444444444,0,0,1368688.88888889,0,0,0,0,1133.33333333333,0,0,454466.666666667,13600,0,0,0,0,1888.88888888889,0,0,0,330366.666666667,0,0,0,0,0,0,377.777777777778,0,0,0,626733.333333333,0,1064577.77777778,733077.777777778,0,0,0,0,151111.111111111,0,0,3279111.11111111,0,281822.222222222,0,0,0,0,0,0,132222.222222222,0,0,209477.777777778,0,13614922.2222222,0,0,0,0,395533.333333333,0,0,0,0,0,0,0,0,0,0,0
"Kuwait",0,0,0,0,0,0,0,0,0,0,0,0,NA,0,0,0,0,NA,0,0,0,0,0,0,0,0,0,0,0,0,0,0,0,0,0,0,0,0,0,0,0,0,0,0,0,0,0,0,0,0,0,0,0,2077.77777777778,0,0,0,0,0,0,0,0,0,0,NA,0,0,0,0,0,0,0,0,0,0,0,0,0,9066.66666666667,0,0,0,0,0,0,0,0,0,0,0,0,0,0,0,0,0,0,0,0,0,0,0,0,0,0,0,0,0,0,0,0,0,0,0,0,0,0,NA,0,0,0,0,0,0,0,0,0,0,0,0,0,0,0,0,0,0,0,0,0,0,0,0,0,0,0,0,0,0,0,0,0,0,0,0,0,0,0,0,0,0,0,0,0,0,0,0,0,0,0,0,0,0,0,0,0,0,0,0,0,0,0,0,0,0,0,0,0,0,0,0,0,0,0,0,0
"Latvia",656200,0,0,0,2266.66666666667,0,484311.111111111,132977.777777778,397800,0,0,0,NA,0,0,0,0,NA,232333.333333333,0,0,1029822.22222222,0,0,0,0,0,0,0,0,188.888888888889,1980688.88888889,0,0,0,188.888888888889,0,340000,1284066.66666667,526055.555555555,0,3197322.22222222,1076666.66666667,0,305543266.666667,0,0,0,0,461603077.777778,0,0,412344.444444445,1083277.77777778,0,0,14067122.2222222,0,0,24348155.5555556,0,15677.7777777778,0,8111833.33333333,NA,0,0,0,0,0,94444.4444444444,129388.888888889,803722.222222222,7933.33333333333,8877.77777777778,42500,0,0,0,2613466.66666667,8056677.77777778,665266.666666667,226666.666666667,306557977.777778,0,377.777777777778,21533.3333333333,3452700,0,0,0,944.444444444444,0,0,0,59311.1111111112,0,5477.77777777778,0,307468044.444444,0,0,0,0,5100,0,442944.444444445,0,0,0,3022788.88888889,0,0,24584266.6666667,0,0,6242777.77777778,NA,0,0,0,25500,0,0,0,1627277.77777778,0,30788.8888888889,831677.777777778,0,0,0,0,55586788.8888889,604444.444444445,0,0,0,0,0,725711.111111111,0,14681096111.1111,0,0,377.777777777778,0,0,0,0,0,275966.666666667,304111.111111111,267844.444444444,0,0,1792177.77777778,0,608411.111111111,0,2867900,1053055.55555556,0,3218855.55555556,175477.777777778,0,75744.4444444444,0,0,0,0,0,12655.5555555556,1767244.44444444,0,0,3630633.33333333,105669733.333333,18937811.1111111,0,0,7786188.88888889,0,166411.111111111,0,0,0,0,260855.555555556,106911.111111111,0,0,0,0,0
"Lao People's Democratic Republic",NA,NA,NA,NA,NA,NA,NA,NA,NA,NA,NA,NA,NA,NA,NA,NA,NA,NA,NA,NA,NA,NA,NA,NA,NA,NA,NA,NA,NA,NA,NA,NA,NA,NA,NA,NA,NA,NA,NA,NA,NA,NA,NA,NA,NA,NA,NA,NA,NA,NA,NA,NA,NA,NA,NA,NA,NA,NA,NA,NA,NA,NA,NA,NA,NA,NA,NA,NA,NA,NA,NA,NA,NA,NA,NA,NA,NA,NA,NA,NA,NA,NA,NA,NA,NA,NA,NA,NA,NA,NA,NA,NA,NA,NA,NA,NA,NA,NA,NA,NA,NA,NA,NA,NA,NA,NA,NA,NA,NA,NA,NA,NA,NA,NA,NA,NA,NA,NA,NA,NA,NA,NA,NA,NA,NA,NA,NA,NA,NA,NA,NA,NA,NA,NA,NA,NA,NA,NA,NA,NA,NA,NA,NA,NA,NA,NA,NA,NA,NA,NA,NA,NA,NA,NA,NA,NA,NA,NA,NA,NA,NA,NA,NA,NA,NA,NA,NA,NA,NA,NA,NA,NA,NA,NA,NA,NA,NA,NA,NA,NA,NA,NA,NA,NA,NA,NA,NA,NA,NA,NA,NA,NA,NA,NA,NA
"Lebanon",51377.7777777778,0,94444.4444444444,0,0,0,2830688.88888889,2019977.77777778,0,1703588.88888889,0,0,NA,0,0,0,4397900,NA,0,0,0,6044.44444444445,0,33622.2222222222,158855.555555556,41525900,0,75555.5555555556,16622.2222222222,0,0,2878288.88888889,4155.55555555555,37777.7777777778,506222.222222222,0,213255.555555556,0,716644.444444445,0,18888.8888888889,4320266.66666667,75555.5555555556,60633.3333333333,18888.8888888889,0,541355.555555555,0,65355.5555555556,0,0,0,5715777.77777778,195961266.666667,0,25500,0,56855.5555555556,170000,34489222.2222222,0,224211.111111111,0,408755.555555556,NA,0,0,267277.777777778,0,56666.6666666667,0,3599844.44444444,566.666666666667,0,25688.8888888889,16055.5555555556,37777.7777777778,18888.8888888889,25376844.4444445,5175933.33333333,0,3030722.22222222,1921755.55555556,0,0,4954177.77777778,3626477.77777778,0,45711.1111111111,132222.222222222,0,121833.333333333,0,0,0,0,0,626166.666666667,0,2833.33333333333,0,0,0,66111.1111111111,2833.33333333333,119377.777777778,1055133.33333333,0,0,1946122.22222222,0,137322.222222222,0,0,0,0,9958600,NA,0,0,0,207588.888888889,0,2644.44444444445,3530522.22222222,10437433.3333333,0,71777.7777777778,2096666.66666667,0,195311.111111111,0,75555.5555555556,688688.888888889,0,0,0,0,2338822.22222222,0,606900,0,604444.444444445,0,0,0,0,18888.8888888889,75555.5555555556,0,78766.6666666666,0,239322.222222222,614077.777777778,0,62711.1111111111,3637811.11111111,30788.8888888889,0,132222.222222222,26498844.4444444,23655688.8888889,41692311.1111111,0,0,377.777777777778,16433.3333333333,43066.6666666667,0,333388.888888889,55344.4444444444,12844.4444444445,2063800,33510211.1111111,18888.8888888889,0,180945544.444444,33622.2222222222,82649655.5555555,3654244.44444444,0,0,3480088.88888889,0,0,132222.222222222,94444.4444444444,0,28042822.2222222,177933.333333333,170000,0,0,0,0
"Lesotho",NA,NA,NA,NA,NA,NA,NA,NA,NA,NA,NA,NA,NA,NA,NA,NA,NA,NA,NA,NA,NA,NA,NA,NA,NA,NA,NA,NA,NA,NA,NA,NA,NA,NA,NA,NA,NA,NA,NA,NA,NA,NA,NA,NA,NA,NA,NA,NA,NA,NA,NA,NA,NA,NA,NA,NA,NA,NA,NA,NA,NA,NA,NA,NA,NA,NA,NA,NA,NA,NA,NA,NA,NA,NA,NA,NA,NA,NA,NA,NA,NA,NA,NA,NA,NA,NA,NA,NA,NA,NA,NA,NA,NA,NA,NA,NA,NA,NA,NA,NA,NA,NA,NA,NA,NA,NA,NA,NA,NA,NA,NA,NA,NA,NA,NA,NA,NA,NA,NA,NA,NA,NA,NA,NA,NA,NA,NA,NA,NA,NA,NA,NA,NA,NA,NA,NA,NA,NA,NA,NA,NA,NA,NA,NA,NA,NA,NA,NA,NA,NA,NA,NA,NA,NA,NA,NA,NA,NA,NA,NA,NA,NA,NA,NA,NA,NA,NA,NA,NA,NA,NA,NA,NA,NA,NA,NA,NA,NA,NA,NA,NA,NA,NA,NA,NA,NA,NA,NA,NA,NA,NA,NA,NA,NA,NA
"Liberia",NA,NA,NA,NA,NA,NA,NA,NA,NA,NA,NA,NA,NA,NA,NA,NA,NA,NA,NA,NA,NA,NA,NA,NA,NA,NA,NA,NA,NA,NA,NA,NA,NA,NA,NA,NA,NA,NA,NA,NA,NA,NA,NA,NA,NA,NA,NA,NA,NA,NA,NA,NA,NA,NA,NA,NA,NA,NA,NA,NA,NA,NA,NA,NA,NA,NA,NA,NA,NA,NA,NA,NA,NA,NA,NA,NA,NA,NA,NA,NA,NA,NA,NA,NA,NA,NA,NA,NA,NA,NA,NA,NA,NA,NA,NA,NA,NA,NA,NA,NA,NA,NA,NA,NA,NA,NA,NA,NA,NA,NA,NA,NA,NA,NA,NA,NA,NA,NA,NA,NA,NA,NA,NA,NA,NA,NA,NA,NA,NA,NA,NA,NA,NA,NA,NA,NA,NA,NA,NA,NA,NA,NA,NA,NA,NA,NA,NA,NA,NA,NA,NA,NA,NA,NA,NA,NA,NA,NA,NA,NA,NA,NA,NA,NA,NA,NA,NA,NA,NA,NA,NA,NA,NA,NA,NA,NA,NA,NA,NA,NA,NA,NA,NA,NA,NA,NA,NA,NA,NA,NA,NA,NA,NA,NA,NA
"Libya",0,0,0,0,0,0,0,0,0,0,0,0,NA,0,0,0,0,NA,0,0,0,0,0,0,0,0,0,0,0,0,0,0,0,0,0,0,0,0,0,0,0,0,0,0,0,0,0,0,0,0,0,0,0,0,0,0,0,0,0,0,0,0,0,0,NA,0,0,0,0,0,0,0,0,0,0,0,0,0,0,0,0,0,0,0,0,0,0,0,0,0,0,0,0,0,0,0,0,0,0,0,0,0,0,0,0,0,0,0,0,0,0,0,0,0,0,0,0,NA,0,0,0,0,0,0,0,0,0,0,0,0,0,0,0,0,0,0,0,0,0,0,0,0,0,0,0,0,0,0,0,0,0,0,0,0,0,0,0,0,0,0,0,377.777777777778,0,0,0,0,0,0,0,0,0,0,0,0,0,0,0,0,0,0,0,0,0,0,0,0,0,0,0,0,0,0,0,0,0
"Lithuania",3659155.55555556,0,0,0,0,0,29466.6666666667,4155.55555555555,0,0,0,0,NA,0,0,0,0,NA,0,0,0,675466.666666667,0,391188.888888889,0,0,0,0,0,0,0,10186588.8888889,0,0,0,0,0,0,188.888888888889,7721211.11111111,0,2183177.77777778,0,0,187614455.555556,0,0,0,0,66401622.2222222,0,0,173966.666666667,730622.222222222,0,0,1004700,0,0,3518622.22222222,0,0,0,132222.222222222,NA,0,0,0,0,0,0,154511.111111111,774444.444444445,0,1511.11111111111,20777.7777777778,0,0,0,5072800,516988.888888889,403277.777777778,0,118020988.888889,0,233844.444444444,0,23471144.4444444,0,377.777777777778,0,0,0,289534555.555556,0,37777.7777777778,0,0,0,0,0,0,0,0,0,0,186622.222222222,0,0,0,196444.444444445,0,0,97088.8888888889,0,0,2171466.66666667,NA,0,0,0,18133.3333333333,0,0,1940266.66666667,755.555555555556,0,0,164333.333333333,0,0,0,43066.6666666667,51131655.5555555,755.555555555556,0,0,0,0,0,0,0,15769477477.7778,0,0,0,0,0,0,0,0,0,0,241966.666666667,0,0,1228533.33333333,0,0,0,42500,146955.555555556,0,4629288.88888889,561566.666666667,0,0,0,0,0,0,0,188.888888888889,109744.444444444,0,0,7920300,47324411.1111111,21378255.5555556,0,0,15388966.6666667,0,71966.6666666667,0,0,51377.7777777778,0,66677.7777777778,0,0,0,0,0,0
"Macao SAR, China",0,0,0,0,0,0,77822.2222222222,0,0,0,0,0,NA,0,0,0,0,NA,0,0,0,0,0,0,0,0,0,0,0,0,0,26947833.3333333,0,0,0,0,0,0,0,0,0,0,0,0,0,0,0,0,0,0,0,0,0,462777.777777778,0,0,0,0,0,188.888888888889,0,0,0,0,NA,0,0,0,0,0,0,88498788.8888889,0,0,0,0,18888.8888888889,0,0,0,0,0,0,0,0,37400,0,0,0,5103966.66666667,37777.7777777778,18888.8888888889,0,0,0,0,0,0,0,0,0,0,0,79333.3333333333,0,0,0,0,0,0,0,0,0,0,0,0,37777.7777777778,NA,0,0,0,0,0,0,0,0,0,0,0,0,0,0,0,0,443133.333333333,0,0,0,0,0,0,0,0,0,0,0,0,0,0,0,0,0,0,45522.2222222222,0,0,0,0,0,0,0,0,0,0,1148066.66666667,0,14922.2222222222,0,0,0,0,0,0,0,0,0,95200,0,116922.222222222,0,0,0,0,873800,0,0,0,0,0,0,0,0,0,0,0
"Madagascar",0,0,0,0,0,0,0,0,0,0,0,0,NA,0,0,0,0,NA,0,0,0,0,0,0,0,0,0,0,0,0,0,0,0,151111.111111111,0,0,0,0,0,0,0,0,0,0,0,0,0,0,0,0,0,0,0,5055988.88888889,0,0,0,0,0,188.888888888889,0,0,0,0,NA,0,0,0,0,0,0,0,0,0,0,0,0,0,0,0,0,18888.8888888889,0,0,0,0,0,0,0,0,0,0,0,0,0,0,0,0,0,0,0,0,0,0,0,0,0,0,18888.8888888889,0,0,0,0,0,0,0,0,NA,0,0,0,0,0,0,0,0,0,0,0,0,0,0,0,0,0,0,0,0,0,0,0,0,0,0,0,0,0,0,0,0,0,0,0,0,0,0,0,0,0,0,0,0,0,0,0,0,0,0,0,0,0,0,0,0,0,0,0,0,0,0,0,0,0,0,0,0,188.888888888889,0,944.444444444444,0,0,0,0,0,0
"Malawi",0,0,0,0,0,0,0,0,0,0,0,0,NA,0,0,0,0,NA,0,0,0,0,0,931222.222222222,0,0,0,0,0,0,0,944.444444444444,0,0,0,0,0,0,0,0,0,0,0,0,0,0,0,0,0,0,0,0,0,0,0,0,0,0,0,0,0,0,0,0,NA,0,0,0,0,0,0,0,0,0,0,0,0,0,0,0,0,0,0,0,0,0,0,0,0,0,0,0,0,0,0,0,0,0,0,0,0,0,0,0,0,0,0,0,0,0,0,0,2285555.55555556,0,0,0,0,NA,0,0,0,0,0,0,0,0,0,0,0,0,0,0,0,0,0,0,0,0,0,22477.7777777778,0,0,0,0,0,0,0,0,0,0,0,0,0,17755.5555555556,0,19266.6666666667,0,0,0,0,0,0,0,0,0,0,0,0,0,0,0,0,0,0,0,0,55722.2222222222,0,51000,0,0,0,0,0,0,0,0,547777.777777778,188.888888888889,0,0,0,0,0,0
"Malaysia",0,0,0,0,0,340188.888888889,8365511.11111111,170188.888888889,0,0,0,46655.5555555556,NA,137888.888888889,0,0,188.888888888889,NA,0,0,11594755.5555556,0,191533.333333333,0,0,59122.2222222222,0,0,47222.2222222222,0,405544.444444445,77758000,0,0,0,0,0,0,0,0,0,64411.1111111112,0,0,0,0,0,0,0,0,0,0,0,533044.444444444,0,0,0,0,0,595944.444444445,0,0,0,491111.111111111,NA,0,0,0,0,0,0,139223200,0,37777.7777777778,188.888888888889,3838600,43006222.2222222,0,0,152055.555555556,0,297122.222222222,0,188.888888888889,0,6799811.11111111,0,0,153000,5987588.88888889,0,1319011.11111111,0,0,188.888888888889,0,0,0,0,0,45724522.2222222,0,0,0,3400,0,0,0,0,0,37777.7777777778,0,0,0,528888.888888889,2266.66666666667,4578477.77777778,NA,0,0,0,903266.666666667,0,0,179444.444444444,188.888888888889,1420066.66666667,0,188.888888888889,7405200,0,0,6848922.22222222,18888.8888888889,377.777777777778,0,0,0,0,0,56855.5555555556,944.444444444444,43822.2222222222,0,0,0,0,56666.6666666667,0,0,0,0,0,176228044.444444,0,570066.666666667,189644.444444444,0,0,0,265577.777777778,56855.5555555556,0,0,4954555.55555556,0,285893911.111111,0,0,0,0,0,241777.777777778,530966.666666667,0,0,3897155.55555556,38155.5555555556,1252900,0,0,755.555555555556,0,88383000,0,0,0,0,21155.5555555556,0,0,0,0,0,0
"Maldives",0,0,0,0,0,0,0,0,0,0,0,0,NA,0,0,0,0,NA,0,0,0,0,0,0,0,0,0,0,0,0,0,0,0,0,0,0,0,0,0,0,0,0,0,0,0,0,0,0,0,0,0,0,0,0,0,0,0,0,0,0,0,0,0,0,NA,0,0,0,0,0,0,0,0,0,0,0,0,0,0,0,0,207777.777777778,0,0,0,0,0,0,0,0,0,0,0,0,0,0,0,0,0,0,0,0,0,944.444444444444,0,0,0,0,0,0,0,0,0,0,0,0,0,NA,0,0,0,0,0,0,0,0,0,0,0,0,0,0,0,0,0,0,0,0,0,0,0,0,0,0,0,0,0,0,0,0,0,0,0,0,0,0,0,0,0,0,0,0,0,0,0,0,0,0,0,0,0,0,0,0,0,0,0,0,0,0,0,0,0,0,0,0,0,0,0,0,0,0,0,0,0
"Mali",0,0,0,0,0,0,0,0,0,0,0,0,NA,0,0,0,0,NA,0,0,0,0,0,0,0,0,0,0,0,0,0,0,0,0,0,0,0,0,0,0,0,0,0,0,0,0,0,0,0,0,0,0,0,231955.555555555,0,0,0,0,0,0,0,0,0,0,NA,0,0,0,0,0,0,0,0,0,0,0,0,0,0,0,0,0,0,0,0,0,0,0,0,0,0,0,0,0,0,0,0,0,0,0,0,0,0,0,0,0,0,0,0,0,0,0,0,0,0,0,408944.444444445,NA,0,0,0,0,0,0,0,0,0,0,0,0,0,0,0,0,0,0,0,0,0,0,0,0,0,0,0,0,0,0,75555.5555555556,0,0,0,0,0,0,0,375511.111111111,0,0,0,0,75555.5555555556,0,0,0,0,0,11144.4444444444,0,0,0,0,0,0,0,0,0,89722.2222222223,0,72155.5555555556,0,0,0,0,0,0,0,0,11144.4444444444,0,0,0,0,0,0
"Malta",0,0,0,0,0,0,457677.777777778,755.555555555556,0,0,0,0,NA,0,0,0,0,NA,0,0,0,0,0,0,0,377.777777777778,0,0,0,0,0,2150500,0,0,0,0,0,0,0,2077.77777777778,0,0,0,0,0,0,1040588.88888889,0,0,0,0,0,1888.88888888889,273888.888888889,0,0,0,0,0,3597388.88888889,0,566.666666666667,0,1337711.11111111,NA,0,0,0,0,0,0,39666.6666666667,0,0,0,7933.33333333333,0,0,0,264444.444444444,0,2035655.55555556,0,0,0,2329188.88888889,0,0,0,0,0,38155.5555555556,0,0,0,0,0,18888.8888888889,75555.5555555556,0,0,0,0,0,0,0,0,0,0,0,0,0,0,0,0,0,2894155.55555556,NA,0,0,0,2266.66666666667,0,0,207777.777777778,113333.333333333,0,0,211555.555555556,0,0,0,0,600666.666666667,0,0,0,0,0,0,0,0,311855.555555555,0,0,0,0,0,0,0,18888.8888888889,0,10388.8888888889,1322.22222222222,0,0,371355.555555555,0,0,0,850000,51566.6666666667,0,0,2455.55555555555,0,0,0,0,0,0,28333.3333333333,0,1700,0,0,8977322.22222222,0,95388.8888888889,0,0,0,0,0,0,0,0,0,137322.222222222,0,0,0,0,0,0
"Mauritania",NA,NA,NA,NA,NA,NA,NA,NA,NA,NA,NA,NA,NA,NA,NA,NA,NA,NA,NA,NA,NA,NA,NA,NA,NA,NA,NA,NA,NA,NA,NA,NA,NA,NA,NA,NA,NA,NA,NA,NA,NA,NA,NA,NA,NA,NA,NA,NA,NA,NA,NA,NA,NA,NA,NA,NA,NA,NA,NA,NA,NA,NA,NA,NA,NA,NA,NA,NA,NA,NA,NA,NA,NA,NA,NA,NA,NA,NA,NA,NA,NA,NA,NA,NA,NA,NA,NA,NA,NA,NA,NA,NA,NA,NA,NA,NA,NA,NA,NA,NA,NA,NA,NA,NA,NA,NA,NA,NA,NA,NA,NA,NA,NA,NA,NA,NA,NA,NA,NA,NA,NA,NA,NA,NA,NA,NA,NA,NA,NA,NA,NA,NA,NA,NA,NA,NA,NA,NA,NA,NA,NA,NA,NA,NA,NA,NA,NA,NA,NA,NA,NA,NA,NA,NA,NA,NA,NA,NA,NA,NA,NA,NA,NA,NA,NA,NA,NA,NA,NA,NA,NA,NA,NA,NA,NA,NA,NA,NA,NA,NA,NA,NA,NA,NA,NA,NA,NA,NA,NA,NA,NA,NA,NA,NA,NA
"Mauritius",0,0,0,0,566.666666666667,68188.8888888889,987888.888888889,22666.6666666667,0,0,0,0,NA,0,0,0,0,NA,18888.8888888889,0,0,0,0,56666.6666666667,0,0,0,0,0,0,172644.444444444,650344.444444445,0,0,0,0,0,0,0,0,0,0,0,0,0,0,0,0,0,0,0,0,0,17656955.5555556,0,0,0,0,0,284466.666666667,0,0,0,0,NA,0,0,0,0,0,0,427833.333333333,0,0,0,321111.111111111,0,0,0,0,0,1173944.44444444,377.777777777778,0,0,157911.111111111,0,0,1876988.88888889,0,0,0,0,0,0,0,0,0,0,0,0,5812111.11111111,0,325077.777777778,0,0,0,0,0,0,0,0,188.888888888889,0,0,0,132977.777777778,NA,0,0,0,76500,0,0,0,0,0,0,0,0,0,0,0,0,15866.6666666667,0,0,0,0,37777.7777777778,0,0,0,0,0,0,0,0,0,4314222.22222222,0,0,0,64411.1111111111,0,4472888.88888889,1130877.77777778,0,0,0,0,266900,0,0,0,0,0,0,0,0,0,0,0,768400,113333.333333333,0,1191133.33333333,0,64033.3333333333,0,0,0,0,0,0,0,0,0,37777.7777777778,0,0,0,0,0,0
"Mexico",0,0,0,0,0,2645011.11111111,222322.222222222,95011.1111111111,257644.444444445,0,0,0,NA,0,0,0,0,NA,798244.444444445,0,0,0,0,0,0,23126611.1111111,0,0,0,0,687366.666666667,265577.777777778,0,0,0,0,5686688.88888889,233655.555555556,0,0,0,22892200,0,67055.5555555556,0,0,0,2332211.11111111,0,0,0,0,3487077.77777778,121441011.111111,0,0,0,0,0,66398600,0,0,0,113333.333333333,NA,0,6684400,0,0,0,3949100,168866.666666667,0,302222.222222222,377777.777777778,0,0,0,0,24820000,755.555555555556,2174111.11111111,0,0,1132388.88888889,110417266.666667,0,0,0,0,0,51000,0,0,0,0,0,0,0,0,0,0,0,0,0,0,0,0,0,0,0,0,0,0,0,0,20896022.2222222,NA,0,0,0,0,1460300,0,0,1208888.88888889,0,979577.777777778,283333.333333333,0,0,0,0,573844.444444445,0,0,0,0,0,0,0,0,188.888888888889,0,0,0,0,0,0,0,0,3324444.44444444,0,797111.111111111,0,0,6900111.11111111,0,0,925555.555555555,3325577.77777778,26635222.2222222,0,0,18888.8888888889,0,0,0,0,18888.8888888889,0,0,113333.333333333,25122.2222222222,0,0,17689633.3333333,0,244338355.555556,0,0,0,0,0,0,0,0,0,14570700,0,0,0,0,0,0
"Mongolia",0,0,0,0,0,0,0,0,0,0,0,0,NA,0,0,0,0,NA,0,0,0,0,0,0,0,0,0,0,0,0,0,454277.777777778,0,0,0,0,0,0,0,0,0,0,0,0,0,0,0,0,0,0,0,0,0,0,0,0,0,0,0,0,0,0,0,0,NA,0,0,0,0,0,0,0,0,0,0,0,0,0,0,0,0,0,0,0,0,9444.44444444445,0,0,0,0,0,566.666666666667,0,0,0,0,0,0,0,0,0,0,0,0,0,0,0,0,0,0,0,0,0,0,0,0,0,NA,0,0,0,0,0,0,0,0,0,0,0,0,0,0,0,377.777777777778,0,0,0,0,0,0,0,0,0,0,0,0,0,0,0,0,0,0,0,0,0,0,0,0,0,0,0,0,0,0,0,0,0,0,0,0,0,0,0,0,0,0,0,0,0,0,0,0,0,0,0,0,0,0,0,0,0,0,0,0,0
"Morocco",0,0,0,0,0,0,113333.333333333,0,0,100866.666666667,0,0,NA,0,0,0,0,NA,0,0,0,0,0,0,910066.666666667,6486066.66666667,0,0,0,0,0,5935266.66666667,0,0,19266.6666666667,0,0,0,0,0,0,1565511.11111111,0,0,0,0,0,0,95577.7777777778,0,0,0,547777.777777778,3212406511.11111,0,0,0,9312977.77777777,3022.22222222222,2520155.55555556,0,0,0,0,NA,0,0,478266.666666667,0,0,0,2183933.33333333,1133.33333333333,0,30411.1111111111,0,0,0,0,35322.2222222222,0,1065522.22222222,133637377.777778,0,0,2689211.11111111,0,0,0,0,0,0,0,0,0,0,0,0,0,0,0,0,0,0,0,791255.555555555,0,0,5477.77777777778,51755.5555555556,0,0,0,0,0,0,6682511.11111111,NA,0,0,0,0,0,0,0,29466.6666666667,0,0,1322222.22222222,0,0,0,0,775388.888888889,96333.3333333333,0,0,0,0,0,0,0,2644.44444444445,0,0,0,0,32677.7777777778,26199266.6666667,0,0,0,0,18888.8888888889,0,0,1160533.33333333,0,0,0,1224000,17137700,94444.4444444444,0,85000,0,1700,0,0,0,0,0,47600,37777.7777777778,0,0,49633766.6666667,0,23510433.3333333,906288.888888889,0,0,0,0,0,0,0,0,26451622.2222222,0,0,0,0,0,0
"Mozambique",NA,NA,NA,NA,NA,NA,NA,NA,NA,NA,NA,NA,NA,NA,NA,NA,NA,NA,NA,NA,NA,NA,NA,NA,NA,NA,NA,NA,NA,NA,NA,NA,NA,NA,NA,NA,NA,NA,NA,NA,NA,NA,NA,NA,NA,NA,NA,NA,NA,NA,NA,NA,NA,NA,NA,NA,NA,NA,NA,NA,NA,NA,NA,NA,NA,NA,NA,NA,NA,NA,NA,NA,NA,NA,NA,NA,NA,NA,NA,NA,NA,NA,NA,NA,NA,NA,NA,NA,NA,NA,NA,NA,NA,NA,NA,NA,NA,NA,NA,NA,NA,NA,NA,NA,NA,NA,NA,NA,NA,NA,NA,NA,NA,NA,NA,NA,NA,NA,NA,NA,NA,NA,NA,NA,NA,NA,NA,NA,NA,NA,NA,NA,NA,NA,NA,NA,NA,NA,NA,NA,NA,NA,NA,NA,NA,NA,NA,NA,NA,NA,NA,NA,NA,NA,NA,NA,NA,NA,NA,NA,NA,NA,NA,NA,NA,NA,NA,NA,NA,NA,NA,NA,NA,NA,NA,NA,NA,NA,NA,NA,NA,NA,NA,NA,NA,NA,NA,NA,NA,NA,NA,NA,NA,NA,NA
"Republic of Moldova",2856188.88888889,1977855.55555556,3906788.88888889,0,0,0,6814166.66666667,1492788.88888889,0,0,0,0,NA,0,1864333.33333333,0,248577.777777778,NA,18888.8888888889,0,0,549917700,114844.444444444,377.777777777778,1888.88888888889,187677544.444444,0,141288.888888889,0,0,182844.444444444,730136966.666667,0,0,1319766.66666667,0,0,0,10615177.7777778,165461000,613888.888888889,13819488.8888889,0,0,13750193866.6667,0,0,0,0,58306411.1111111,0,0,1277266.66666667,38311766.6666667,0,0,3060232711.11111,1734188.88888889,0,641265311.111111,34778977.7777778,7511733.33333333,0,17084244.4444444,NA,188.888888888889,0,2755700,0,0,642222.222222222,8076322.22222223,11144444.4444444,10665611.1111111,665077.777777778,188.888888888889,0,0,952377.777777778,5232411.11111111,77816177.7777778,52220411.1111111,13706344.4444445,1857984400,85000,38086988.8888889,0,214207744.444444,7975644.44444444,0,319411.111111111,11068888.8888889,0,474922388.888889,0,373055.555555555,0,0,0,548254533.333333,0,0,0,188888.888888889,0,181333.333333333,0,0,0,8484133.33333333,1492222.22222222,0,0,0,0,0,143805077.777778,NA,75555.5555555556,2644.44444444445,0,7706666.66666667,0,516611.111111111,74946955.5555555,9362088.88888889,0,0,1716750855.55555,0,105211.111111111,0,151300,1664026677.77778,1266500,0,0,0,20211.1111111111,0,2968597611.11111,0,34761194833.3333,0,0,0,0,0,585555.555555555,0,0,453711.111111111,281516033.333333,2024511.11111111,0,612566.666666667,35870566.6666667,0,17552122.2222222,321111.111111111,4006711.11111111,15505322.2222222,153000,39251866.6666667,8344922.22222223,1046633.33333333,1030388.88888889,1304466.66666667,0,0,0,0,66975466.6666666,225722.222222222,396666.666666667,0,649447600,5121450788.88889,264377011.111111,6785833.33333333,0,2885844.44444444,0,6383311.11111111,0,0,378344.444444445,0,27180166.6666667,122400,40940911.1111111,510566.666666667,0,0,238755.555555555
"Namibia",37777.7777777778,0,0,0,2455.55555555556,0,755.555555555556,18888.8888888889,3588.88888888889,0,0,0,NA,0,0,19266.6666666667,0,NA,1700,0,0,0,0,0,566.666666666667,755.555555555556,0,0,0,0,0,22477.7777777778,0,188.888888888889,18888.8888888889,3966.66666666667,0,0,7177.77777777778,0,0,10388.8888888889,0,0,0,0,0,0,0,0,377.777777777778,0,0,944.444444444444,0,0,0,0,0,1552477.77777778,0,57233.3333333333,0,755.555555555556,NA,0,0,0,0,0,0,755.555555555556,0,0,0,188.888888888889,0,0,0,0,0,23044.4444444444,0,0,0,7725933.33333333,0,0,41158322.2222222,0,0,0,0,0,0,0,0,12088.8888888889,0,35700,0,0,2524311.11111111,755.555555555556,0,14166.6666666667,5288.88888888889,0,0,0,0,0,0,0,0,0,7177.77777777778,NA,0,0,0,0,0,0,302600,2266.66666666667,0,27766.6666666667,0,0,0,0,0,0,510000,0,0,0,0,4577911.11111111,0,0,7749355.55555556,2833.33333333333,0,755.555555555556,0,0,0,0,0,0,0,30411.1111111111,0,19951955.5555556,8877.77777777778,0,0,0,18888.8888888889,2077.77777777778,0,0,0,15394444.4444445,0,0,0,0,0,0,0,0,351900,0,840555.555555555,377.777777777778,10200,0,0,0,0,0,0,0,3389611.11111111,204966355.555556,5288.88888888889,0,0,0,1306166.66666667,0,0
"Nepal",0,0,0,0,0,0,8688.8888888889,0,0,0,0,0,NA,0,0,0,0,NA,0,0,0,0,0,0,0,0,0,0,0,0,0,0,0,0,0,0,0,0,0,0,0,0,0,0,0,0,0,0,0,0,0,0,188.888888888889,0,0,0,0,0,0,0,0,0,0,0,NA,0,0,0,0,0,0,2266.66666666667,0,0,0,207777.777777778,0,0,0,0,0,0,0,0,0,39855.5555555556,0,0,0,0,0,8500,0,0,0,0,0,0,0,0,0,0,0,0,0,0,0,0,0,0,0,0,0,0,0,0,0,NA,0,0,0,0,0,0,0,0,0,0,0,0,0,0,0,0,0,0,0,0,0,0,0,0,0,0,0,0,0,0,0,0,0,0,0,0,0,0,0,0,0,0,0,0,0,0,0,0,0,0,0,0,0,0,0,0,0,0,188.888888888889,0,0,0,0,0,0,0,0,0,0,0,0,0,0,0,0,0,0
"Netherlands",551177.777777778,1132577.77777778,189455.555555556,1277077.77777778,445777.777777778,5089988.88888889,38301377.7777778,90842711.1111111,2157111.11111111,2298777.77777778,2018844.44444444,289000,NA,0,1353388.88888889,0,5554277.77777778,NA,39100,0,2278755.55555556,31402400,142611.111111111,118244.444444444,5028600,12083788.8888889,122211.111111111,110311.111111111,889666.666666667,1888.88888888889,9777644.44444444,212008322.222222,1851300,37966.6666666667,1175077.77777778,77066.6666666667,2147288.88888889,1987677.77777778,246151311.111111,2612333.33333333,883811.111111111,192070911.111111,188.888888888889,499044.444444444,1002244.44444444,1685644.44444444,2048688.88888889,264444.444444444,1729844.44444444,96724333.3333333,494700,289377.777777778,53872622.2222222,993300744.444444,416877.777777778,81222.2222222222,11797055.5555556,726466.666666667,3791188.88888889,3781269011.11111,200222.222222222,5726166.66666667,0,42024000,NA,0,21155.5555555556,586500,220244.444444444,917244.444444445,175288.888888889,267011444.444444,19248911.1111111,3863155.55555556,250492733.333333,4144600,3829155.55555556,149222.222222222,2120466.66666667,637186633.333333,2223788.88888889,139554322.222222,1010744.44444444,4612288.88888889,2886222.22222222,709648566.666667,2753811.11111111,6138888.88888889,6565400,2820866.66666667,37777.7777777778,10494288.8888889,1790100,81547677.7777778,1489577.77777778,3718466.66666667,3400,3003900,30788.8888888889,26329411.1111111,75877988.8888889,87266.6666666666,0,9688488.88888888,1919300,3165588.88888889,47151388.8888889,435388.888888889,487333.333333333,1846200,861144.444444445,412344.444444445,125800,7820755.55555556,311855.555555555,309777.777777778,0,NA,25688.8888888889,124288.888888889,86888.8888888889,25209866.6666667,358888.888888889,328666.666666667,23208211.1111111,2882669788.88889,6713677.77777778,3041677.77777778,90170266.6666666,95766.6666666667,553255.555555555,3886011.11111111,6735022.22222222,795667244.444444,37677477.7777778,2566433.33333333,0,98033.3333333333,2200744.44444444,172833.333333333,21452677.7777778,1398533.33333333,89579611.1111111,260288.888888889,58366.6666666666,56666.6666666667,41933.3333333333,13348211.1111111,605955.555555555,743655.555555555,2220766.66666667,2393788.88888889,31059188.8888889,34824311.1111111,142988.888888889,14914666.6666667,179236100,30485533.3333333,345288.888888889,0,90948111.1111111,192104722.222222,868888.888888889,435388.888888889,17127122.2222222,4040900,13314211.1111111,8697766.66666667,0,1412511.11111111,1038700,112955.555555556,9844888.88888888,34157911.1111111,581022.222222222,0,3176501944.44445,25878911.1111111,294098111.111111,247822.222222222,8478655.55555556,270677.777777778,130522.222222222,14472666.6666667,432744.444444445,1478433.33333333,1493166.66666667,319222.222222222,2469138933.33333,61329766.6666667,496588.888888889,109177.777777778,94444.4444444444,0,0
"Netherlands Antilles",NA,NA,NA,NA,NA,NA,NA,NA,NA,NA,NA,NA,NA,NA,NA,NA,NA,NA,NA,NA,NA,NA,NA,NA,NA,NA,NA,NA,NA,NA,NA,NA,NA,NA,NA,NA,NA,NA,NA,NA,NA,NA,NA,NA,NA,NA,NA,NA,NA,NA,NA,NA,NA,NA,NA,NA,NA,NA,NA,NA,NA,NA,NA,NA,NA,NA,NA,NA,NA,NA,NA,NA,NA,NA,NA,NA,NA,NA,NA,NA,NA,NA,NA,NA,NA,NA,NA,NA,NA,NA,NA,NA,NA,NA,NA,NA,NA,NA,NA,NA,NA,NA,NA,NA,NA,NA,NA,NA,NA,NA,NA,NA,NA,NA,NA,NA,NA,NA,NA,NA,NA,NA,NA,NA,NA,NA,NA,NA,NA,NA,NA,NA,NA,NA,NA,NA,NA,NA,NA,NA,NA,NA,NA,NA,NA,NA,NA,NA,NA,NA,NA,NA,NA,NA,NA,NA,NA,NA,NA,NA,NA,NA,NA,NA,NA,NA,NA,NA,NA,NA,NA,NA,NA,NA,NA,NA,NA,NA,NA,NA,NA,NA,NA,NA,NA,NA,NA,NA,NA,NA,NA,NA,NA,NA,NA
"New Caledonia",0,0,0,0,0,0,72344.4444444444,0,0,0,0,0,NA,0,0,0,0,NA,0,0,0,0,0,0,0,0,0,0,0,0,0,0,0,0,0,0,1322.22222222222,0,0,0,0,0,0,0,0,0,0,0,0,0,0,755.555555555556,0,199466.666666667,0,0,0,0,0,0,0,0,0,0,NA,0,0,0,0,0,0,188.888888888889,0,0,0,0,0,0,0,0,0,0,0,0,0,37777.7777777778,0,0,0,0,0,0,0,0,0,0,0,0,0,0,0,0,0,0,0,0,0,0,0,0,0,0,0,0,0,0,0,NA,0,0,389488.888888889,377.777777777778,0,0,0,0,0,0,0,0,0,0,0,0,0,0,0,0,0,0,0,0,0,0,0,0,0,0,0,0,0,0,0,0,0,0,0,0,0,0,0,0,0,0,0,0,0,0,0,0,0,0,0,0,0,0,0,0,0,0,0,0,0,0,0,0,0,0,0,0,0,0,0,0,0
"The former Yugoslav Republic of Macedonia",0,0,65947155.5555555,0,0,0,11520711.1111111,96930977.7777778,0,0,0,0,NA,0,0,0,1190000,NA,0,0,0,724123500,0,0,283333.333333333,182053377.777778,0,925555.555555555,0,0,0,204155833.333333,0,0,0,0,0,0,6147955.55555556,0,472222.222222222,9275388.88888889,0,0,29863333.3333333,0,0,1907777.77777778,0,4438888.88888889,0,0,14974733.3333333,207888655.555556,0,0,472222.222222222,0,0,12849976244.4444,401932888.888889,239511.111111111,0,80786644.4444445,NA,0,0,0,0,0,0,3497088.88888889,52387577.7777778,3350622555.55555,210233.333333333,50244.4444444444,0,0,0,456733.333333333,59877.7777777778,140784933.333333,0,0,0,210332311.111111,0,0,188888.888888889,0,191722.222222222,1136166.66666667,0,10176388.8888889,0,0,0,0,0,17412533.3333333,0,0,0,0,0,0,1223055.55555556,0,0,0,1672800,0,0,6478888.88888889,0,0,34212500,NA,0,0,0,129955.555555556,0,0,982600,2155033.33333333,0,0,1388793655.55556,0,0,0,0,217150633.333333,151300,0,0,0,0,0,240720377.777778,0,316133322.222222,0,0,0,0,0,0,7744.44444444445,264444.444444444,1338974211.11111,453168811.111111,661677.777777778,0,0,9424800,0,0,0,11343155.5555556,27330522.2222222,0,0,793333.333333333,0,755.555555555556,0,0,0,0,0,2560011.11111111,71777.7777777778,0,0,21219966.6666667,134719522.222222,97689744.4444445,0,0,0,0,0,0,0,0,0,5008577.77777778,24744.4444444444,5250106222.22222,226613966.666667,0,0,0
"Vanuatu",0,0,0,0,0,0,0,0,0,0,0,0,NA,0,0,0,0,NA,0,0,0,0,0,0,0,0,0,0,0,0,0,0,0,0,0,0,0,0,0,0,0,0,0,0,0,0,0,0,0,0,0,0,0,0,0,0,0,0,0,0,0,0,0,0,NA,0,0,0,0,0,0,0,0,0,0,0,0,0,0,0,0,0,0,0,0,0,0,0,0,0,0,0,0,0,0,0,0,0,0,0,0,0,0,0,0,0,0,0,0,0,0,0,0,0,0,0,0,NA,38155.5555555556,0,0,0,0,0,0,0,0,0,0,0,0,0,0,0,0,0,0,0,0,0,0,0,0,0,0,0,0,0,0,0,0,0,0,0,0,0,0,0,0,0,0,0,0,0,0,0,0,0,0,566.666666666667,0,0,0,0,0,0,0,0,0,0,0,0,0,0,0,0,0,0,0,0,0,0,0,0,0
"New Zealand",98600,0,0,0,275588.888888889,923855.555555555,18258718533.3333,4502166.66666667,4706544.44444444,1220788.88888889,10389833.3333333,0,NA,0,0,0,29338411.1111111,NA,18888.8888888889,997522.222222222,18888.8888888889,85462777.7777778,903455.555555555,0,0,3356437122.22222,0,0,3427388.88888889,0,1584022.22222222,631971033.333333,9014344.44444444,0,0,60745533.3333333,740822.222222222,170000,788988.888888889,0,491111.111111111,440341366.666667,604444.444444445,377777.777777778,1316555.55555556,6044.44444444445,445966.666666667,0,0,3777588.88888889,0,74431100,123287022.222222,675712033.333333,7089000,0,3400,18888.8888888889,0,1359218566.66667,538522.222222222,29088.8888888889,126366.666666667,4725055.55555556,NA,0,28522.2222222222,0,180388.888888889,0,0,453112522.222222,2687700,287677.777777778,9227788.88888888,12359188.8888889,21379200,2021111.11111111,0,977792777.777777,17480911.1111111,37098722.2222222,0,2235311.11111111,4750177.77777778,557929044.444444,19077.7777777778,0,2019788.88888889,5685933.33333333,0,133155333.333333,0,230253855.555556,300900,0,0,0,0,5511588.88888889,1245722.22222222,0,0,91017811.1111111,17022288.8888889,0,2671077.77777778,0,2216044.44444444,18309000,0,129200,35700,0,0,215333.333333333,1757366500,NA,9970122.22222222,0,16060088.8888889,0,0,9444.44444444445,56666.6666666666,118707977.777778,18888.8888888889,6672688.88888889,5476077.77777778,7126211.11111111,0,690200,28664644.4444445,102339244.444444,12783811.1111111,0,885888.888888889,0,9716255.55555556,0,139400,0,124701044.444444,0,18888.8888888889,0,18888.8888888889,37777.7777777778,0,407811.111111111,0,2891888.88888889,3839355.55555556,468636166.666667,0,2971600,54979700,0,0,0,648692611.111111,41817922.2222222,37777.7777777778,0,38488377.7777778,71400,81442466.6666666,0,13790966.6666667,132222.222222222,78200,0,1720966.66666667,156797422.222222,0,37777.7777777778,22966900455.5556,41332855.5555555,19231311200,0,261422.222222222,2077.77777777778,113333.333333333,22247144.4444445,453333.333333333,0,507355.555555555,0,654316400,75555.5555555556,441433.333333333,0,0,0,0
"Nicaragua",0,0,0,0,0,0,0,0,188.888888888889,0,0,0,NA,0,0,0,0,NA,0,0,0,0,0,0,0,0,0,0,0,0,0,0,0,0,0,0,560244.444444445,0,0,0,0,0,0,0,0,0,0,0,0,0,0,0,0,0,0,0,0,0,0,0,0,0,0,0,NA,0,0,0,0,0,377.777777777778,0,0,0,0,0,0,0,0,0,0,0,0,0,0,0,0,0,0,0,0,0,0,0,0,0,0,0,0,0,0,0,0,0,0,0,188.888888888889,0,0,0,0,0,0,0,0,0,0,NA,0,0,0,0,0,0,0,0,0,0,0,0,0,0,0,0,0,0,0,0,0,0,0,0,0,0,0,0,0,0,0,0,0,0,0,0,0,0,14922.2222222222,0,0,0,0,0,0,0,188.888888888889,0,0,0,0,7933.33333333333,0,0,0,0,0,0,0,0,18888.8888888889,0,0,0,0,0,0,0,0,0,0,0,0,0,0,0,0
"Niger",0,0,0,37777.7777777778,0,0,0,0,0,0,0,0,NA,0,0,0,0,NA,0,0,0,0,0,0,0,0,0,0,0,92177.7777777777,0,0,0,0,0,0,0,0,0,0,366255.555555555,0,0,0,0,0,0,0,0,0,0,0,0,321111.111111111,0,0,0,0,0,0,0,0,0,0,NA,0,0,0,0,0,0,0,0,0,0,0,0,0,0,0,0,0,75555.5555555556,0,0,0,0,0,0,0,0,0,0,0,0,0,0,0,151111.111111111,0,0,0,0,0,0,0,0,0,0,0,0,0,0,0,0,0,0,NA,0,0,0,0,0,0,0,0,0,0,0,0,0,0,0,0,0,0,0,0,0,0,0,0,0,0,0,0,0,0,0,0,0,0,0,0,0,0,0,0,0,0,0,0,0,0,0,0,0,0,0,0,0,0,0,0,0,0,0,0,0,37777.7777777778,0,0,0,0,0,0,0,0,0,0,0,0,0,0,0
"Nigeria",0,0,0,0,0,0,0,0,0,0,0,0,NA,0,0,0,0,NA,0,0,0,0,0,0,249711.111111111,188.888888888889,0,1511111.11111111,0,0,0,0,0,0,0,0,0,0,3777.77777777778,0,790122.222222222,0,0,0,0,0,0,0,0,0,0,0,0,2455.55555555556,0,0,0,0,2266.66666666667,944.444444444444,0,107288.888888889,0,0,NA,0,0,0,0,0,0,0,0,0,0,0,0,0,0,1511.11111111111,0,0,496400,0,0,0,0,0,1133.33333333333,377.777777777778,0,566.666666666667,0,0,0,0,0,0,0,0,11144.4444444445,0,0,0,0,0,0,0,0,188.888888888889,0,0,0,0,0,0,5477.77777777778,NA,0,0,0,0,0,87077.7777777777,0,0,0,0,0,0,0,0,0,0,0,0,0,0,0,0,0,12844.4444444444,0,0,0,0,0,0,0,0,0,0,0,0,0,139588.888888889,2455.55555555556,0,0,0,0,0,0,0,0,0,0,0,0,0,0,0,0,188.888888888889,0,0,0,0,0,0,0,0,0,0,377.777777777778,0,0,0,566.666666666667,0,4533.33333333333,0,0,0,0
"Norway",0,0,0,0,0,0,153566.666666667,2428355.55555556,944.444444444444,0,0,0,NA,0,0,0,0,NA,0,0,0,547777.777777778,0,0,0,56855.5555555556,0,0,0,0,1665055.55555556,188888.888888889,0,0,0,0,0,0,377.777777777778,0,0,200169144.444444,0,0,0,0,0,0,0,1506011.11111111,350388.888888889,0,66289233.3333333,32216511.1111111,0,0,5288.88888888889,0,0,55883155.5555555,0,0,0,0,NA,0,0,0,0,0,0,1400611.11111111,873800,0,7703833.33333333,18888.8888888889,0,0,0,100111.111111111,207777.777777778,10644455.5555556,0,0,0,18888.8888888889,1133.33333333333,0,0,0,0,0,0,397044.444444444,0,0,0,2266.66666666667,0,0,0,0,0,0,0,0,0,0,0,18888.8888888889,0,0,0,0,0,1888.88888888889,1215500,NA,0,0,0,0,0,0,0,0,0,0,104644.444444444,0,0,0,0,163955.555555556,3460444.44444444,0,0,0,0,0,510000,0,245555.555555556,0,0,0,0,0,0,0,0,0,0,18888.8888888889,0,642222.222222222,8637322.22222222,0,0,0,302686133.333333,1398533.33333333,0,0,0,18888.8888888889,0,0,0,0,0,0,18888.8888888889,156966.666666667,0,0,12182200,0,296177.777777778,0,0,0,0,0,0,0,0,18888.8888888889,566100,107100,0,0,0,0,0
"Pakistan",0,0,0,0,0,0,0,0,0,0,0,0,NA,0,0,0,0,NA,0,0,0,0,0,0,0,0,0,0,0,0,0,0,0,0,0,0,0,0,0,0,0,0,0,0,0,0,0,0,0,0,0,0,0,37777.7777777778,0,0,0,0,0,18888.8888888889,0,0,0,0,NA,0,0,0,0,0,0,0,0,0,0,0,0,0,0,0,0,0,0,0,0,0,0,0,0,0,0,0,0,0,0,0,0,0,0,0,0,0,0,0,0,0,0,0,0,0,0,0,0,0,0,0,0,NA,0,0,0,0,0,0,0,0,0,0,0,0,0,0,0,0,0,0,0,0,0,0,0,0,0,0,0,0,0,0,0,0,0,0,0,0,0,0,0,0,0,0,0,0,0,0,0,0,0,0,0,0,0,0,0,0,0,0,0,0,0,0,0,0,0,0,0,0,0,0,0,0,0,0,0,0,0
"Panama",0,0,0,0,0,60822.2222222222,0,0,23422.2222222222,0,118622.222222222,0,NA,0,1700,0,859633.333333334,NA,973911.11111111,0,0,0,0,0,0,6988.88888888889,0,0,0,0,786533.333333334,0,5752800,0,0,0,2813688.88888889,1856588.88888889,0,0,0,755.555555555556,0,8569322.22222223,0,1624066.66666667,0,1135977.77777778,0,0,0,188.888888888889,0,0,0,0,0,0,0,0,0,944.444444444444,0,0,NA,35888.8888888889,1683944.44444444,0,221944.444444445,756688.888888889,809388.888888889,0,0,0,0,0,0,0,0,0,560055.555555555,0,0,0,246311.111111111,0,0,0,0,0,0,0,0,0,0,0,0,0,0,0,0,0,0,0,0,0,0,0,7933.33333333333,0,0,0,0,0,0,0,14789433.3333333,NA,0,0,0,0,1124077.77777778,0,346233.333333333,0,0,0,0,0,377966.666666667,44766.6666666667,12466.6666666667,0,0,0,0,0,0,0,0,0,0,3400,88588.8888888888,2266.66666666667,0,0,0,0,0,0,0,930844.444444445,0,0,529833.333333333,0,0,0,566.666666666667,755.555555555556,0,0,0,0,278611.111111111,0,0,214766.666666667,0,0,0,126744.444444444,0,0,31733.3333333333,0,1169600,0,2282722.22222222,0,3161055.55555556,138833.333333333,0,0,0,0,1481266.66666667,0,0,0,0,0,0
"Czech Republic",18700,42122.2222222222,33811.1111111111,7366.66666666667,0,944.444444444444,178877.777777778,7796388.88888889,0,18888.8888888889,0,0,NA,0,0,0,115600,NA,56666.6666666667,0,0,27929111.1111111,23422.2222222222,0,0,4621922.22222222,0,566.666666666667,0,0,17000,17013411.1111111,0,0,0,0,321111.111111111,2077.77777777778,415366.666666667,9822.22222222222,268222.222222222,9365111.11111111,0,1322.22222222222,1488444.44444444,56666.6666666667,92933.3333333333,0,0,4501788.88888889,0,0,64605477.7777778,3190900,0,0,24744.4444444444,0,358888.888888889,240481244.444444,189077.777777778,190211.111111111,0,4805144.44444444,NA,0,0,0,0,0,0,1253655.55555556,82609422.2222222,19351477.7777778,28711.1111111111,48733.3333333333,200222.222222222,4533.33333333333,4911.11111111111,6358944.44444444,57988.8888888889,8641288.88888888,0,10971611.1111111,0,3976488.88888889,35322.2222222222,86511.1111111112,3400,0,929144.444444445,531155.555555555,0,3903388.88888889,0,226666.666666667,0,0,37777.7777777778,4580933.33333333,5666.66666666667,0,0,59122.2222222222,129011.111111111,1700,1700,0,3966.66666666667,1335822.22222222,6526866.66666667,2644.44444444444,0,7169277.77777778,0,0,4268511.11111111,NA,0,1761011.11111111,0,9255.55555555555,0,0,933111.111111111,1358488.88888889,1075155.55555556,188.888888888889,0,0,0,0,68755.5555555556,265595155.555556,408377.777777778,0,0,0,0,0,78920988.8888889,0,8871922.22222222,0,0,0,0,0,377.777777777778,0,37777.7777777778,1600833.33333333,3462947033.33333,45522.2222222222,0,20400,11451577.7777778,0,0,0,3833877.77777778,14980777.7777778,377.777777777778,153000,935755.555555555,0,386655.555555556,0,0,0,0,377.777777777778,173022.222222222,79711.1111111112,0,0,30020111.1111111,5051833.33333333,7652644.44444444,0,755.555555555556,3588.88888888889,0,14618488.8888889,7555.55555555555,0,0,0,16099755.5555556,410644.444444445,2657666.66666667,91233.3333333333,0,0,0
"Papua New Guinea",0,0,0,0,0,0,0,0,0,0,0,0,NA,0,0,0,0,NA,0,0,0,0,0,0,0,1511.11111111111,0,0,0,0,0,0,0,0,0,0,0,0,0,0,0,0,0,0,0,0,0,0,0,0,0,566.666666666667,0,0,0,0,0,0,0,0,0,0,0,0,NA,0,0,0,0,0,0,0,0,0,0,0,0,0,0,0,0,0,0,0,0,0,0,0,0,0,0,0,0,0,0,0,0,0,0,0,0,0,0,377.777777777778,0,0,0,0,0,0,0,0,0,188.888888888889,0,0,0,NA,0,0,0,0,0,0,0,0,0,0,0,0,0,0,0,0,0,0,0,0,0,0,0,0,0,0,0,0,0,0,188.888888888889,0,0,0,0,0,0,0,0,0,0,0,0,0,0,0,0,0,0,0,0,0,0,0,0,0,0,0,0,0,0,0,0,0,0,0,0,0,0,0,0,0,0,0,0,0,0
"Paraguay",0,0,0,0,0,194177.777777778,0,0,0,0,0,0,NA,0,698888.888888889,0,578000,NA,0,0,0,0,0,0,0,0,0,0,0,0,377.777777777778,0,0,0,0,0,0,0,0,0,0,0,0,0,0,0,0,0,0,0,0,0,0,0,0,0,0,0,0,0,0,0,0,0,NA,0,0,0,0,0,0,0,0,0,0,0,0,0,0,0,0,90100,0,0,0,188.888888888889,0,0,0,0,0,0,0,0,0,0,0,0,0,0,0,0,0,0,0,0,0,0,0,0,0,0,0,0,0,0,0,NA,0,0,0,0,0,0,0,0,0,0,0,0,0,0,0,0,0,0,0,0,0,0,0,0,0,0,0,0,0,0,0,0,0,0,0,0,0,0,0,0,0,0,0,0,0,0,0,0,0,0,0,0,0,0,0,0,0,0,0,0,115788.888888889,0,0,0,0,0,0,0,0,0,0,0,0,0,0,0,0
"Peru",0,0,0,0,0,755.555555555556,4533.33333333333,0,0,0,0,0,NA,0,37777.7777777778,0,93311.1111111112,NA,0,0,0,0,0,0,0,2410600,0,0,0,0,1204166.66666667,3611366.66666667,32083155.5555555,0,0,0,1385311.11111111,12844.4444444444,0,0,0,80844.4444444444,0,944.444444444444,0,2729066.66666667,0,208344.444444444,0,0,0,0,169622.222222222,4258688.88888889,0,0,0,0,0,3438722.22222222,0,0,0,0,NA,0,248766.666666667,0,0,0,1511.11111111111,200222.222222222,0,0,0,944.444444444444,2077.77777777778,0,0,0,0,32300,0,0,0,5939233.33333333,0,0,0,0,18888.8888888889,197388.888888889,0,0,0,0,0,0,0,0,0,0,0,4533.33333333333,0,0,0,0,0,577622.222222222,0,0,0,0,0,0,396477.777777778,NA,0,0,0,12655.5555555555,0,0,0,302222.222222222,0,958988.888888889,2833.33333333333,0,1700,0,0,221000,0,0,0,0,0,0,0,0,566.666666666667,0,0,0,0,0,0,0,0,0,188888.888888889,18888.8888888889,0,0,1212288.88888889,0,0,0,454844.444444444,761600,0,0,0,0,179822.222222222,0,0,1700,0,0,0,0,188.888888888889,0,5427722.22222222,0,74162122.2222222,0,18888.8888888889,0,6233.33333333333,0,0,0,0,0,654877.777777778,27011.1111111111,0,0,0,0,0
"Philippines",0,0,0,0,0,0,39666.6666666667,0,0,0,0,0,NA,0,0,0,0,NA,0,0,0,0,0,0,0,133733.333333333,0,0,0,0,0,18888.8888888889,0,0,0,0,0,0,0,0,0,0,0,0,0,0,0,0,0,0,0,0,0,1402877.77777778,0,0,0,0,0,0,0,0,0,0,NA,0,0,0,0,0,0,117488.888888889,0,0,0,0,0,0,0,0,0,0,0,0,0,944.444444444444,0,0,0,0,1415344.44444444,2076266.66666667,0,0,0,0,0,0,0,0,170000,0,0,132222.222222222,0,0,0,0,0,0,0,0,0,0,0,0,37777.7777777778,NA,0,0,0,0,0,0,0,0,170000,0,0,21911.1111111111,0,0,0,0,0,0,0,0,0,0,0,0,566666.666666667,0,0,0,0,0,0,0,0,0,0,4339344.44444444,0,0,37777.7777777778,0,0,0,0,0,0,0,2782333.33333333,0,170000,0,0,0,0,0,0,23118677.7777778,0,0,0,0,2702244.44444444,0,0,0,0,5738822.22222222,0,0,0,0,0,0,0,0,0,0,0
"Poland",695300,0,188.888888888889,53455.5555555556,0,377.777777777778,42500,1265933.33333333,0,0,0,210422.222222222,NA,0,0,0,129200,NA,0,0,0,2794233.33333333,0,0,0,1201144.44444444,0,0,38722.2222222222,0,1587422.22222222,15358177.7777778,0,0,0,0,0,30977.7777777778,35700,13840266.6666667,0,5744866.66666667,0,0,276872388.888889,0,396288.888888889,0,0,9840355.55555556,0,0,0,407811.111111111,0,0,609544.444444445,0,0,37968933.3333333,188.888888888889,0,0,56666.6666666667,NA,0,0,0,0,0,0,3750577.77777778,2393411.11111111,713811.111111111,31544.4444444444,83300,226100,0,6422.22222222223,152433.333333333,355300,1846388.88888889,0,34055911.1111111,0,29277.7777777778,0,454277.777777778,0,0,0,92177.7777777777,0,44896433.3333333,6800,0,0,188.888888888889,755.555555555556,60347733.3333333,0,377.777777777778,0,31166.6666666667,0,46844.4444444444,217222.222222222,374755.555555555,0,0,4037500,140722.222222222,0,4870877.77777778,0,188.888888888889,8618244.44444444,NA,0,175666.666666667,0,0,0,0,6498344.44444444,877388.88888889,854722.222222222,0,163787066.666667,0,14355.5555555556,0,23422.2222222222,0,178688.888888889,0,0,0,85944.4444444444,0,10454811.1111111,0,1100340866.66667,0,0,0,0,0,115033.333333333,0,0,0,7486233.33333333,0,0,755.555555555556,642411.111111111,0,1782922.22222222,0,3315377.77777778,799188.888888889,0,172266.666666667,13411.1111111111,0,314122.222222222,0,0,0,188.888888888889,0,39855.5555555556,6988.88888888889,377.777777777778,0,6272055.55555556,823217444.444444,3088144.44444444,0,0,3935122.22222222,0,157533.333333333,287300,0,0,0,29655.5555555556,37777.7777777778,294855.555555555,188.888888888889,205322.222222222,0,0
"Portugal",440111.111111111,37777.7777777778,1440844.44444444,4188800,9931966.66666667,16918400,505249822.222222,192153266.666667,2725288.88888889,8056488.88888889,3647633.33333333,1444811.11111111,NA,0,3246622.22222222,491300,5063610366.66667,NA,1470877.77777778,94444.4444444444,321111.111111111,16124311.1111111,1462755.55555556,8932177.77777777,43262355.5555555,4259564577.77778,2557852300,11397933.3333333,2520155.55555556,1208888.88888889,3892055.55555556,1451652100,58984711.1111111,0,53601566.6666667,0,9451055.55555556,3578311.11111111,76217044.4444445,987700,9251777.77777778,3411739633.33333,566666.666666667,24840966.6666667,29284011.1111111,16653766.6666667,2078722.22222222,2040944.44444444,5001777.77777778,96229633.3333334,1152222.22222222,684344.444444445,683894133.333333,32935380477.7778,195688.888888889,925555.555555555,306944.444444444,14808888.8888889,5249600,9568689888.88889,751400,24202900,0,178277677.777778,NA,656388.888888889,9386833.33333333,20357877.7777778,37777.7777777778,131277.777777778,1934222.22222222,160468477.777778,21088500,3805922.22222222,42532111.1111111,19902466.6666667,9016988.88888889,0,4126466.66666667,486384733.333333,34927066.6666667,5433111033.33333,59726288.8888889,5500444.44444444,2121411.11111111,860099700,2547166.66666667,328288.888888889,22229955.5555556,400633.333333333,321111.111111111,65674022.2222222,0,160635644.444444,794088.888888889,7752188.88888889,0,1040022.22222222,0,65337988.8888889,778905811.111111,529077.777777778,6072400,15059355.5555556,1608766.66666667,2912288.88888889,44790277.7777778,226666.666666667,10474833.3333333,196764611.111111,592355.555555555,24700244.4444444,2651065755.55556,281255.555555556,30994588.8888889,567800,9266146555.55556,NA,15231244.4444444,277477.777777778,132222.222222222,131047900,471844.444444444,1745144.44444444,103391544.444444,1515908511.11111,293533.333333333,26695100,259837255.555556,684155.555555555,58180044.4444444,6559355.55555556,64458333.3333333,2059432888.88889,0,2654883388.88889,40290000,3815555.55555556,7135088.88888889,8015122.22222222,52615755.5555555,18604611.1111111,1221300022.22222,653555.555555555,1171677.77777778,175666.666666667,1811996755.55556,1284444.44444444,33971100,892311.111111111,6021400,11828788.8888889,12703533.3333333,76613522.2222222,18888.8888888889,199335577.777778,6558947933.33333,819400,0,201768277.777778,3089486311.11111,4594832722.22222,1567777.77777778,717777.777777778,46034300,7336822.22222222,35197366.6666667,14420344.4444444,264444.444444444,6324000,566666.666666667,125233.333333333,34240266.6666667,70447433.3333333,3346922.22222222,18888.8888888889,13271173722.2222,94627100,8531607722.22222,12137622.2222222,24600133.3333333,2134444.44444444,291773455.555556,9038522.22222222,76159811.1111111,0,84731777.7777778,7143211.11111111,5833923811.11111,1437152233.33333,17928577.7777778,0,0,0,0
"Guinea-Bissau",NA,NA,NA,NA,NA,NA,NA,NA,NA,NA,NA,NA,NA,NA,NA,NA,NA,NA,NA,NA,NA,NA,NA,NA,NA,NA,NA,NA,NA,NA,NA,NA,NA,NA,NA,NA,NA,NA,NA,NA,NA,NA,NA,NA,NA,NA,NA,NA,NA,NA,NA,NA,NA,NA,NA,NA,NA,NA,NA,NA,NA,NA,NA,NA,NA,NA,NA,NA,NA,NA,NA,NA,NA,NA,NA,NA,NA,NA,NA,NA,NA,NA,NA,NA,NA,NA,NA,NA,NA,NA,NA,NA,NA,NA,NA,NA,NA,NA,NA,NA,NA,NA,NA,NA,NA,NA,NA,NA,NA,NA,NA,NA,NA,NA,NA,NA,NA,NA,NA,NA,NA,NA,NA,NA,NA,NA,NA,NA,NA,NA,NA,NA,NA,NA,NA,NA,NA,NA,NA,NA,NA,NA,NA,NA,NA,NA,NA,NA,NA,NA,NA,NA,NA,NA,NA,NA,NA,NA,NA,NA,NA,NA,NA,NA,NA,NA,NA,NA,NA,NA,NA,NA,NA,NA,NA,NA,NA,NA,NA,NA,NA,NA,NA,NA,NA,NA,NA,NA,NA,NA,NA,NA,NA,NA,NA
"Timor-Leste",NA,NA,NA,NA,NA,NA,NA,NA,NA,NA,NA,NA,NA,NA,NA,NA,NA,NA,NA,NA,NA,NA,NA,NA,NA,NA,NA,NA,NA,NA,NA,NA,NA,NA,NA,NA,NA,NA,NA,NA,NA,NA,NA,NA,NA,NA,NA,NA,NA,NA,NA,NA,NA,NA,NA,NA,NA,NA,NA,NA,NA,NA,NA,NA,NA,NA,NA,NA,NA,NA,NA,NA,NA,NA,NA,NA,NA,NA,NA,NA,NA,NA,NA,NA,NA,NA,NA,NA,NA,NA,NA,NA,NA,NA,NA,NA,NA,NA,NA,NA,NA,NA,NA,NA,NA,NA,NA,NA,NA,NA,NA,NA,NA,NA,NA,NA,NA,NA,NA,NA,NA,NA,NA,NA,NA,NA,NA,NA,NA,NA,NA,NA,NA,NA,NA,NA,NA,NA,NA,NA,NA,NA,NA,NA,NA,NA,NA,NA,NA,NA,NA,NA,NA,NA,NA,NA,NA,NA,NA,NA,NA,NA,NA,NA,NA,NA,NA,NA,NA,NA,NA,NA,NA,NA,NA,NA,NA,NA,NA,NA,NA,NA,NA,NA,NA,NA,NA,NA,NA,NA,NA,NA,NA,NA,NA
"Eritrea",NA,NA,NA,NA,NA,NA,NA,NA,NA,NA,NA,NA,NA,NA,NA,NA,NA,NA,NA,NA,NA,NA,NA,NA,NA,NA,NA,NA,NA,NA,NA,NA,NA,NA,NA,NA,NA,NA,NA,NA,NA,NA,NA,NA,NA,NA,NA,NA,NA,NA,NA,NA,NA,NA,NA,NA,NA,NA,NA,NA,NA,NA,NA,NA,NA,NA,NA,NA,NA,NA,NA,NA,NA,NA,NA,NA,NA,NA,NA,NA,NA,NA,NA,NA,NA,NA,NA,NA,NA,NA,NA,NA,NA,NA,NA,NA,NA,NA,NA,NA,NA,NA,NA,NA,NA,NA,NA,NA,NA,NA,NA,NA,NA,NA,NA,NA,NA,NA,NA,NA,NA,NA,NA,NA,NA,NA,NA,NA,NA,NA,NA,NA,NA,NA,NA,NA,NA,NA,NA,NA,NA,NA,NA,NA,NA,NA,NA,NA,NA,NA,NA,NA,NA,NA,NA,NA,NA,NA,NA,NA,NA,NA,NA,NA,NA,NA,NA,NA,NA,NA,NA,NA,NA,NA,NA,NA,NA,NA,NA,NA,NA,NA,NA,NA,NA,NA,NA,NA,NA,NA,NA,NA,NA,NA,NA
"Qatar",0,0,0,0,0,0,9066.66666666667,0,0,0,0,0,NA,0,0,0,0,NA,0,0,0,0,0,0,0,0,0,0,0,0,0,0,0,0,0,0,0,0,0,0,0,0,0,0,0,0,0,0,0,0,0,0,0,723633.333333334,0,0,0,0,0,188.888888888889,0,0,0,0,NA,0,0,0,0,0,0,0,0,0,0,0,0,0,0,0,0,1700,0,0,0,0,0,0,0,0,0,0,0,0,0,0,0,0,0,0,0,0,0,0,0,0,0,0,0,0,0,0,0,0,0,0,0,NA,0,0,0,0,0,0,0,0,0,0,0,0,0,0,0,0,0,0,0,0,0,0,0,0,0,0,0,0,0,0,0,0,0,0,0,141288.888888889,0,0,0,0,0,0,0,0,0,0,0,0,0,0,0,0,0,0,0,132222.222222222,0,0,20400,0,434444.444444445,0,0,0,0,0,0,0,0,0,0,0,0,0,0,0,0
"Zimbabwe",0,0,0,0,0,0,132222.222222222,18888.8888888889,0,0,0,0,NA,0,0,212500,0,NA,0,0,0,0,0,0,0,132222.222222222,0,0,0,0,0,0,0,0,60444.4444444444,0,0,0,0,0,0,0,0,0,0,0,0,0,0,0,0,0,0,4042600,0,0,0,0,0,132222.222222222,0,0,0,0,NA,0,0,0,0,0,0,0,0,0,0,0,0,0,0,0,0,0,0,0,0,0,0,0,2135766.66666667,0,0,0,0,0,0,0,0,0,0,0,0,0,4028622.22222222,0,0,0,0,0,132222.222222222,0,0,0,1718511.11111111,0,18888.8888888889,0,142422.222222222,NA,0,0,0,0,0,0,0,0,0,0,0,0,0,0,0,0,0,0,0,0,0,0,0,0,0,0,0,0,0,0,0,0,0,0,0,0,0,1899655.55555556,18888.8888888889,0,0,0,491111.111111111,0,0,0,0,283333.333333333,0,0,0,0,0,0,0,48166.6666666666,18888.8888888889,0,4476666.66666667,0,377777.777777778,0,0,0,0,0,0,0,661111.111111111,15150588.8888889,0,0,0,0,0,0,0
"Romania",0,0,1169222.22222222,374000,0,1133.33333333333,7369688.88888889,111593666.666667,0,0,0,0,NA,0,0,0,2989544.44444444,NA,0,0,0,196183022.222222,1467855.55555556,642222.222222222,169433.333333333,179079133.333333,0,0,37777.7777777778,113333.333333333,0,228244455.555556,927444.444444445,0,5666.66666666667,0,510000,10785744.4444444,15978300,0,0,160215744.444444,0,1605555.55555556,49120744.4444445,188888.888888889,0,0,1020000,248420433.333333,0,0,126307544.444444,102604066.666667,0,0,1813333.33333333,0,0,4828030222.22222,641277.777777778,321677.777777778,0,20961000,NA,0,0,0,0,0,0,3652544.44444444,190358066.666667,797488.888888889,232333.333333333,11144.4444444444,1888.88888888889,0,1095744.44444444,25367400,133677233.333333,313623177.777778,265011.111111111,2682222.22222222,0,598115533.333333,19077.7777777778,0,906666.666666667,0,207777.777777778,20128188.8888889,0,48436211.1111111,0,3116666.66666667,0,0,0,19675044.4444444,566.666666666667,0,0,1931388.88888889,0,0,58366.6666666667,0,0,1180366.66666667,0,32811322.2222222,0,1686584733.33333,0,0,431125477.777778,NA,0,2153333.33333333,0,1227777.77777778,0,0,1797088.88888889,44317300,0,144877.777777778,249991988.888889,0,0,1247422.22222222,1763655.55555556,156952877.777778,56666.6666666667,188.888888888889,0,0,14166.6666666667,0,0,132222.222222222,598485000,0,0,0,0,0,0,0,800133.333333334,4309122.22222222,137630866.666667,669611.111111111,0,1039455.55555556,290579300,0,0,0,259145733.333333,18698488.8888889,0,611055.555555555,1263100,0,12838400,75555.5555555556,0,151111.111111111,170000,37777.7777777778,2215477.77777778,964088.888888889,0,0,1235713000,65475500,445144055.555556,170000,0,680000,18888.8888888889,2158055.55555556,0,0,75555.5555555556,188.888888888889,44786877.7777778,3986877.77777778,256700,188.888888888889,0,0,0
"Rwanda",0,0,0,0,0,0,23422.2222222222,0,0,0,0,0,NA,0,0,0,18888.8888888889,NA,0,0,0,0,0,1339033.33333333,0,0,0,0,0,0,0,1133.33333333333,0,0,848677.777777778,0,0,0,0,0,13600,0,0,0,0,0,0,0,0,0,0,0,0,18888.8888888889,0,0,0,0,0,392133.333333333,0,0,0,0,NA,0,0,0,0,0,0,0,0,0,0,0,0,0,0,0,0,0,0,0,0,0,0,0,680944.444444445,0,0,0,0,0,0,0,0,0,0,0,0,0,0,0,0,0,0,0,59122.2222222222,0,0,0,0,0,0,0,0,NA,0,0,0,0,0,0,0,0,0,0,0,0,0,0,0,0,0,0,0,0,0,0,0,0,0,0,0,0,0,0,0,0,0,0,0,0,0,1888.88888888889,0,0,0,0,0,0,0,0,0,0,0,0,0,0,0,0,0,2151822.22222222,736288.888888889,0,4344.44444444445,0,22666.6666666667,0,0,0,0,0,0,0,61176388.8888889,0,796922.222222222,0,0,0,0,0,0
"Russian Federation",17521333.3333333,0,0,0,0,0,156588.888888889,0,0,0,0,0,NA,0,0,0,1200766.66666667,NA,0,0,0,2000144.44444444,0,0,562511.111111111,316577.777777778,0,0,0,0,0,179253288.888889,0,0,0,0,0,0,944444.444444445,4239800,0,531533.333333333,0,0,45365444.4444445,0,2205466.66666667,0,0,34712677.7777778,0,0,1564566.66666667,2828044.44444444,0,0,185111111.111111,0,0,7739344.44444444,0,0,4306666.66666667,718155.555555555,NA,0,0,0,0,0,0,706444.444444445,1927988.88888889,0,0,0,0,0,0,0,13445111.1111111,288244.444444444,0,127820544.444444,0,1917411.11111111,0,16247277.7777778,0,0,698888.888888889,1448966.66666667,0,57149277.7777778,0,0,0,0,0,15814533.3333333,0,0,0,77444.4444444444,0,0,0,0,0,0,1157888.88888889,0,0,290207755.555556,0,0,226666.666666667,NA,0,0,0,34698888.8888889,0,0,326400,258400,0,0,0,0,0,0,0,46070000,0,0,0,0,0,0,17528888.8888889,0,0,0,0,0,0,0,0,0,0,834133.333333334,0,531533.333333333,0,0,61388.8888888889,0,11163522.2222222,0,996766.666666667,2685244.44444444,182655.555555555,17108611.1111111,708333.333333333,0,1322.22222222222,0,0,0,0,0,264066.666666667,129955.555555556,168488.888888889,0,6029711.11111111,543403300,7129988.88888889,0,0,62711.1111111111,0,18366233.3333333,0,0,638255.555555555,0,794277.777777778,0,15111.1111111111,0,0,0,0
"Saint Kitts and Nevis",0,0,0,0,2644.44444444445,0,0,0,0,0,0,0,NA,0,0,0,0,NA,0,0,0,0,0,0,0,0,0,0,0,0,0,0,0,0,0,0,0,0,0,0,0,0,0,0,0,0,0,0,0,0,0,0,0,113333.333333333,0,0,0,0,0,0,0,0,0,0,NA,0,0,0,0,0,0,0,0,0,0,0,0,0,0,0,0,0,0,0,0,0,0,0,0,0,0,0,0,0,0,0,0,0,0,0,0,0,0,0,0,0,0,0,0,0,0,0,0,0,0,0,0,NA,0,0,0,0,0,0,0,0,0,0,0,0,0,0,0,0,0,0,0,0,0,0,0,0,0,0,0,0,0,0,0,0,0,0,0,0,0,0,0,0,0,0,0,0,0,0,0,0,0,0,0,944.444444444444,0,0,0,0,0,0,0,0,226477.777777778,0,0,0,0,0,0,0,0,0,0,0,0,0,0,0,0
"Saint Lucia",0,0,0,0,46088.8888888889,3702033.33333333,104077.777777778,0,1133.33333333333,0,3039222.22222222,0,NA,0,0,0,47411.1111111111,NA,0,0,0,0,0,0,0,17755.5555555556,0,0,0,0,2853544.44444444,0,377.777777777778,0,0,0,0,188.888888888889,0,0,0,0,56855.5555555556,0,0,0,0,0,0,0,0,0,0,12403766.6666667,0,0,0,151111.111111111,0,18888.8888888889,377.777777777778,0,0,0,NA,1570233.33333333,0,0,0,0,0,0,0,0,0,0,0,0,0,0,0,1700000,0,0,0,0,0,0,0,0,0,0,0,0,0,0,0,0,0,0,0,0,0,0,0,0,0,0,0,0,0,0,0,0,7366.66666666667,0,190022.222222222,NA,0,0,0,0,0,0,0,0,0,154700,0,0,0,0,0,0,0,0,0,0,755.555555555556,0,0,0,0,1397777.77777778,0,499422.222222222,0,188.888888888889,0,0,0,0,0,0,0,32488.8888888889,1134466.66666667,0,0,0,0,0,0,0,0,0,0,0,0,148088.888888889,0,0,0,0,0,0,3739433.33333333,0,5155533.33333333,0,0,0,2077.77777777778,0,0,0,0,0,0,0,0,0,0,0,0
"Saint Vincent and the Grenadines",0,0,0,0,0,0,0,0,0,0,2077.77777777778,377.777777777778,NA,0,0,0,0,NA,0,0,0,0,0,0,0,0,0,0,0,0,0,0,0,0,0,0,0,0,0,0,0,0,0,0,0,0,0,0,0,0,0,0,0,0,0,0,0,0,0,0,0,0,0,0,NA,113333.333333333,0,0,0,0,0,0,0,0,0,0,0,0,0,0,0,0,0,0,0,0,0,0,0,0,0,0,0,0,0,0,0,0,0,0,0,0,0,0,0,0,0,0,0,0,0,0,0,0,0,0,0,NA,0,0,0,0,0,0,0,0,0,0,0,0,0,0,0,0,0,0,0,0,0,0,0,0,0,0,0,0,0,0,0,0,0,0,0,0,0,0,0,0,0,0,0,0,0,0,0,0,0,0,0,19077.7777777778,0,0,0,0,0,0,35888.8888888889,0,60822.2222222222,0,0,0,0,0,0,0,0,0,0,0,0,0,0,0,0
"Sao Tome and Principe",0,0,0,0,0,0,0,0,0,0,0,0,NA,0,0,0,188.888888888889,NA,0,0,0,0,0,0,0,0,0,0,0,0,0,0,0,0,0,0,0,0,0,0,0,0,0,0,0,0,0,0,0,0,0,0,0,0,0,0,0,0,0,0,0,114466.666666667,0,0,NA,0,0,0,0,0,0,0,0,0,0,0,0,0,0,0,0,0,0,0,0,0,0,0,0,0,0,0,0,0,0,0,0,0,0,0,0,0,0,0,0,0,0,0,0,0,0,0,188.888888888889,0,0,0,0,NA,0,0,0,0,0,0,0,0,0,0,0,0,0,0,0,0,777655.555555555,755.555555555556,0,0,0,0,0,0,0,0,0,0,0,0,0,0,0,0,0,0,0,0,0,0,0,0,0,0,0,0,0,0,0,0,0,0,0,0,0,0,0,0,0,0,0,0,0,0,0,0,0,0,0,0,0,0,0,0,0,0,0
"Saudi Arabia",NA,NA,NA,NA,NA,NA,NA,NA,NA,NA,NA,NA,NA,NA,NA,NA,NA,NA,NA,NA,NA,NA,NA,NA,NA,NA,NA,NA,NA,NA,NA,NA,NA,NA,NA,NA,NA,NA,NA,NA,NA,NA,NA,NA,NA,NA,NA,NA,NA,NA,NA,NA,NA,NA,NA,NA,NA,NA,NA,NA,NA,NA,NA,NA,NA,NA,NA,NA,NA,NA,NA,NA,NA,NA,NA,NA,NA,NA,NA,NA,NA,NA,NA,NA,NA,NA,NA,NA,NA,NA,NA,NA,NA,NA,NA,NA,NA,NA,NA,NA,NA,NA,NA,NA,NA,NA,NA,NA,NA,NA,NA,NA,NA,NA,NA,NA,NA,NA,NA,NA,NA,NA,NA,NA,NA,NA,NA,NA,NA,NA,NA,NA,NA,NA,NA,NA,NA,NA,NA,NA,NA,NA,NA,NA,NA,NA,NA,NA,NA,NA,NA,NA,NA,NA,NA,NA,NA,NA,NA,NA,NA,NA,NA,NA,NA,NA,NA,NA,NA,NA,NA,NA,NA,NA,NA,NA,NA,NA,NA,NA,NA,NA,NA,NA,NA,NA,NA,NA,NA,NA,NA,NA,NA,NA,NA
"Senegal",0,0,0,0,0,0,0,0,0,0,0,0,NA,0,0,0,0,NA,0,0,0,0,0,0,0,0,332255.555555555,0,0,0,0,0,0,0,0,0,0,0,0,0,396666.666666667,0,0,0,0,0,0,0,0,0,0,0,0,4433033.33333333,0,0,0,0,12336144.4444444,0,0,0,0,0,NA,0,0,5704444.44444444,0,0,0,0,0,0,0,0,0,0,0,0,0,0,0,0,0,0,0,0,0,0,0,0,0,0,0,0,0,0,0,0,0,0,0,0,0,31855355.5555555,0,528888.888888889,0,0,0,16244.4444444444,0,0,0,0,3022.22222222222,NA,0,0,0,0,0,0,0,18888.8888888889,0,0,0,0,0,0,0,0,188.888888888889,2363377.77777778,0,0,0,0,0,0,0,0,0,0,0,0,0,0,0,0,0,0,0,37777.7777777778,0,0,0,0,0,18888.8888888889,0,0,0,0,0,0,0,0,0,302222.222222222,0,48355.5555555556,0,0,906666.666666667,0,159422.222222222,0,0,0,0,0,2833.33333333333,0,0,0,233277.777777778,0,0,0,0,0,0
"Seychelles",0,0,0,0,0,0,245555.555555555,0,0,0,0,0,NA,0,0,0,0,NA,0,0,0,0,0,0,0,0,0,0,0,0,0,0,0,0,0,0,0,0,0,0,0,0,0,0,0,0,0,0,0,0,0,0,0,454466.666666667,0,0,0,0,0,18888.8888888889,0,0,0,0,NA,0,0,0,0,0,0,0,0,0,0,0,0,0,0,0,0,37777.7777777778,0,0,0,0,0,0,0,0,0,0,0,0,0,0,0,0,0,0,0,0,0,0,0,0,0,0,16622.2222222222,0,0,0,0,0,0,0,18888.8888888889,NA,0,0,0,0,0,0,0,0,0,0,0,0,0,0,0,0,0,0,0,0,0,1511.11111111111,0,0,0,0,0,0,0,0,0,0,0,0,0,94444.4444444444,0,528888.888888889,0,0,0,0,0,0,0,0,0,0,0,0,0,0,0,0,0,56666.6666666667,0,0,226666.666666667,0,18888.8888888889,0,0,0,0,0,0,0,0,0,0,0,0,0,0,0,0
"Sierra Leone",0,0,0,0,0,0,0,0,0,0,0,0,NA,0,0,0,0,NA,0,0,0,0,0,0,0,6988.88888888889,0,0,0,0,0,0,0,0,0,0,0,0,0,0,0,0,0,0,14922.2222222222,0,0,0,0,0,0,0,0,0,0,0,0,0,22666.6666666667,0,0,0,0,0,NA,0,0,0,0,0,0,0,0,0,0,0,0,0,0,0,0,0,0,0,0,0,0,944.444444444444,0,0,0,0,0,0,0,0,0,0,0,0,0,0,0,0,1133.33333333333,0,0,0,0,0,0,0,0,0,0,0,0,NA,0,0,0,0,0,0,0,0,0,0,0,0,0,0,0,0,0,0,0,0,0,0,0,0,0,0,0,0,0,0,0,0,0,0,0,0,0,0,0,0,0,0,0,0,0,0,0,0,0,0,0,0,0,0,0,0,0,0,0,0,566.666666666667,0,0,0,0,0,0,0,0,0,153000,0,0,0,0,0,0
"Slovenia",302222.222222222,0,3385644.44444444,0,0,46277.7777777778,1181311.11111111,89315166.6666666,37777.7777777778,0,0,0,NA,0,0,0,5711622.22222222,NA,151111.111111111,0,0,2420800,0,0,0,24260133.3333333,0,0,6044.44444444445,0,0,59349455.5555555,1190000,0,0,0,0,0,102188.888888889,0,3777.77777777778,4535411.11111111,0,0,1119733.33333333,0,367200,0,15488.8888888889,1029633.33333333,0,0,65557855.5555555,39699155.5555555,0,0,94633.3333333333,0,5100,421927344.444444,318619855.555556,1739666.66666667,0,343400,NA,0,0,43633.3333333333,0,0,0,4331977.77777778,20881666.6666667,423591455.555556,260855.555555556,40422.2222222222,0,1511.11111111111,56666.6666666667,447477.777777778,2388877.77777778,333206422.222222,0,850000,0,120967088.888889,171322.222222222,0,0,0,0,2668244.44444444,0,243100,0,0,0,18888.8888888889,0,16779566.6666667,237055.555555555,0,0,275777.777777778,32866.6666666667,0,176044.444444444,0,0,987322.222222222,0,0,0,486955.555555555,0,0,83764100,NA,0,4204100,0,0,0,41555.5555555556,1172811.11111111,37127244.4444445,0,755.555555555556,329545188.888889,18888.8888888889,0,0,80655.5555555556,178696633.333333,944.444444444444,0,944444.444444445,0,0,0,37813288.8888889,15488.8888888889,7578222.22222222,0,188.888888888889,0,0,0,0,0,19644.4444444444,0,55163300,154511.111111111,0,9633.33333333334,3974600,0,0,0,43286911.1111111,128804466.666667,0,0,1550588.88888889,0,1350177.77777778,0,0,6044.44444444445,0,0,940100,100866.666666667,0,0,556549588.888889,3241333.33333333,718936611.111111,0,0,0,170000,2077.77777777778,0,0,0,0,10587600,154322.222222222,66833422.2222222,8835844.44444444,0,0,0
"Slovakia",0,0,0,0,0,0,40044.4444444444,174863322.222222,0,0,0,0,NA,0,0,0,219111.111111111,NA,0,0,0,2814444.44444444,0,0,0,495266.666666667,0,18888.8888888889,0,0,2455.55555555556,29492544.4444445,0,0,0,36455.5555555556,0,34566.6666666667,4094544.44444444,23800,279555.555555555,9010000,0,0,3064344.44444444,0,0,0,0,0,0,0,237244.444444444,403466.666666667,0,0,6233.33333333333,0,0,89556755.5555555,178500,0,0,132222.222222222,NA,0,0,0,0,0,0,574033.333333333,159209911.111111,109555.555555556,9822.22222222222,19077.7777777778,0,0,0,0,0,50047244.4444445,0,247444.444444444,0,4880322.22222222,0,0,0,5100,0,182466.666666667,0,540788.888888889,0,0,0,0,0,377.777777777778,0,188.888888888889,0,143366.666666667,0,0,799188.888888889,0,6044.44444444445,56666.6666666666,151111.111111111,2644.44444444445,0,560244.444444445,0,0,115222.222222222,NA,0,8122.22222222222,0,0,0,0,0,45711.1111111111,0,0,8410825744.44445,0,0,0,0,8394600,51000,0,0,0,0,0,19644444.4444445,0,15720844.4444444,2266.66666666667,0,0,0,0,0,0,0,37777.7777777778,0,781244.444444445,0,0,110661688.888889,0,0,0,283333.333333333,3634222.22222222,0,0,1167522.22222222,0,0,0,0,0,0,0,0,0,0,0,1143722.22222222,233226211.111111,12341811.1111111,0,0,661111.111111111,0,2934577.77777778,0,0,87833.3333333333,0,224966.666666667,0,8500,0,0,0,0
"Singapore",0,4722.22222222222,0,0,0,170000,634491000,0,245555.555555555,132222.222222222,0,4291744.44444444,NA,935944.444444445,0,0,273700,NA,0,6044.44444444445,19013933.3333333,14355.5555555555,37102688.8888889,0,0,3001822.22222222,0,0,12402066.6666667,0,0,235495900,151111.111111111,0,0,944.444444444444,0,0,0,0,9066.66666666667,2240788.88888889,0,0,0,0,3607777.77777778,0,0,0,0,181144.444444444,26444.4444444444,7558955.55555556,22666.6666666667,207777.777777778,1511.11111111111,0,0,10393044.4444444,0,36644.4444444444,0,47033.3333333333,NA,0,0,0,0,0,0,458103155.555556,0,0,0,61163355.5555555,462314244.444444,0,0,0,18888.8888888889,3664822.22222222,0,0,755.555555555556,1509683300,42500,0,944.444444444444,31174788.8888889,1511111.11111111,67428044.4444445,113333.333333333,5288.88888888889,5386355.55555556,3588.88888888889,377.777777777778,7744.44444444445,8500,0,24605800,0,151111.111111111,755346077.777778,43408744.4444445,0,0,0,469388.888888889,23611.1111111111,4201644.44444444,0,37777.7777777778,0,0,238377.777777778,8395922.22222222,NA,75555.5555555556,0,18888.8888888889,95941766.6666666,0,0,4673300,1322.22222222222,377777.777777778,16244.4444444444,0,884944.444444445,0,0,99009133.3333333,71966.6666666667,199088.888888889,0,1210400,0,8500,0,0,0,37777.7777777778,0,0,0,0,0,0,1020188.88888889,14922.2222222222,5477.77777777778,0,0,0,2914177.77777778,877388.888888889,49300,0,0,146011.111111111,3332188.88888889,0,0,55030133.3333333,3777.77777777778,263021922.222222,1463133.33333333,0,0,321111.111111111,0,854911.111111111,28453088.8888889,0,0,10183755.5555556,0,29879577.7777778,0,0,0,0,169666422.222222,0,0,0,0,502444.444444445,0,0,0,0,0,0
"Somalia",NA,NA,NA,NA,NA,NA,NA,NA,NA,NA,NA,NA,NA,NA,NA,NA,NA,NA,NA,NA,NA,NA,NA,NA,NA,NA,NA,NA,NA,NA,NA,NA,NA,NA,NA,NA,NA,NA,NA,NA,NA,NA,NA,NA,NA,NA,NA,NA,NA,NA,NA,NA,NA,NA,NA,NA,NA,NA,NA,NA,NA,NA,NA,NA,NA,NA,NA,NA,NA,NA,NA,NA,NA,NA,NA,NA,NA,NA,NA,NA,NA,NA,NA,NA,NA,NA,NA,NA,NA,NA,NA,NA,NA,NA,NA,NA,NA,NA,NA,NA,NA,NA,NA,NA,NA,NA,NA,NA,NA,NA,NA,NA,NA,NA,NA,NA,NA,NA,NA,NA,NA,NA,NA,NA,NA,NA,NA,NA,NA,NA,NA,NA,NA,NA,NA,NA,NA,NA,NA,NA,NA,NA,NA,NA,NA,NA,NA,NA,NA,NA,NA,NA,NA,NA,NA,NA,NA,NA,NA,NA,NA,NA,NA,NA,NA,NA,NA,NA,NA,NA,NA,NA,NA,NA,NA,NA,NA,NA,NA,NA,NA,NA,NA,NA,NA,NA,NA,NA,NA,NA,NA,NA,NA,NA,NA
"South Africa",0,4778888.88888889,184544.444444444,3216588.88888889,7446566.66666667,20506722.2222222,731046088.888889,367529611.111111,62815377.7777778,73730511.1111111,14519322.2222222,7897255.55555556,NA,24984144.4444445,312988.888888889,974716344.444445,238758011.111111,NA,1405522.22222222,0,0,35572311.1111111,44698666.6666667,42274466.6666667,37738866.6666667,6856024444.44445,748000,266900,36370555.5555555,2140488.88888889,44924388.8888889,2548920122.22222,3770222.22222222,7662277.77777778,23747677.7777778,908177.777777778,8520777.77777778,316388.888888889,29980444.4444445,78577.7777777778,46398855.5555555,6184019166.66667,2512600,283333.333333333,7556688.88888889,496022.222222222,362100,0,2077.77777777778,194587666.666667,453522.222222222,3599277.77777778,1902661533.33333,6309979533.33333,46088.8888888889,13631355.5555556,2595900,10248355.5555556,18329588.8888889,26293215088.8889,942366.666666667,206636700,188888.888888889,8307900,NA,8497733.33333334,6445833.33333333,1764411.11111111,5975311.11111111,0,18888.8888888889,454533344.444444,7352122.22222222,3363544.44444444,59015688.8888889,72887122.2222222,10705088.8888889,3693722.22222222,1592900,1272606400,36181666.6666667,1435324544.44444,32383677.7777778,2599111.11111111,6317388.88888889,1605266933.33333,9756300,0,1337055288.88889,7813011.11111111,400066.666666667,149741477.777778,377.777777777778,327194844.444444,9372100,1415533.33333333,305812055.555556,12231877.7777778,151111.111111111,30605477.7777778,2679577.77777778,127907055.555556,323269166.666667,70246644.4444445,109568400,6902944.44444444,49937877.7777778,198711.111111111,605967644.444444,37954200,15488.8888888889,1046444.44444444,1078685888.88889,264633.333333333,5754742155.55556,11690144.4444444,14129748333.3333,NA,234033.333333333,18888.8888888889,3022.22222222222,1311310677.77778,1435555.55555556,5174800,895062466.666667,575671188.888889,302222.222222222,18419122.2222222,428226977.777778,246613333.333333,27872444.4444444,2125188.88888889,86940644.4444445,284325377.777778,7905188.88888889,56666.6666666667,0,5402977.77777778,38106444.4444445,624169544.444444,50766722.2222222,77979944.4444445,4782829677.77778,981277.777777778,5265466.66666667,394777.777777778,2882822.22222222,443322.222222222,121006377.777778,240138033.333333,21657055.5555555,568555.555555555,19972355.5555556,280182855.555556,67622.2222222222,0,557940000,12405844.4444444,0,330843611.111111,9335537533.33333,1801827166.66667,793333.333333333,0,164381122.222222,1115384544.44444,547826322.222222,8404233.33333333,473922.222222222,2174866.66666667,13738266.6666667,3608911.11111111,40567288.8888889,1113100688.88889,302507255.555556,0,41401721611.1111,57987566.6666667,6265819011.11111,10704333.3333333,6512322.22222222,249900,3930211.11111111,52654477.7777778,77169800,37777.7777777778,192893333.333333,806595788.888889,3649854288.88889,30559200,1887755.55555556,188.888888888889,12510866.6666667,1407222.22222222,0
"Spain",22444533.3333333,2384722.22222222,39185188.8888889,1807871800,20238688.8888889,288621088.888889,1154863833.33333,2740208655.55556,14536888.8888889,13462300,31894077.7777778,1187922.22222222,NA,432177.777777778,16735555.5555556,0,1575138211.11111,NA,2066255.55555556,836400,0,947138188.888889,2821433.33333333,12519744.4444444,3608594722.22222,12397199188.8889,205386633.333333,364318500,16157555.5555556,247703977.777778,207059811.111111,20515906755.5556,714985811.111111,85298066.6666667,1867141733.33333,0,294648155.555556,1566022622.22222,397545944.444444,2149366.66666667,1723845144.44444,17187948033.3333,10222100,1948650500,587904388.888888,189541500,4375422.22222222,74215766.6666667,5117166600,1378207755.55556,0,12512377.7777778,5189357666.66667,174326956922.222,407117322.222222,65468888.8888889,91849300,4620080177.77778,79782700,143063367966.667,77692644.4444445,3869435166.66667,37777.7777777778,1188170233.33333,NA,4575833.33333333,228208755.555556,349811455.555556,1514888.88888889,21286077.7777778,61477477.7777778,951445988.888888,2748177311.11111,346598833.333333,224878077.777778,63948900,19671833.3333333,41744.4444444444,5581288.88888889,3147331077.77778,400070444.444444,44804598766.6667,15497833911.1111,114148577.777778,198481233.333333,11601889700,8614277.77777778,56181600,342641233.333333,50331333.3333333,631455.555555555,2527040366.66667,91800,4458564500,3747366.66666667,96435144.4444445,0,20284777.7777778,3674266.66666666,3283923055.55555,59204955.5555555,22365388.8888889,19077.7777777778,209687633.333333,36671833.3333333,154964444.444444,527582344.444444,2808966.66666667,30526333.3333333,5960940255.55555,17754988.8888889,2370053488.88889,238566666.666667,593578422.222222,76092566.6666667,43706055.5555555,31364878922.2222,NA,829925077.777778,1135411.11111111,4860866.66666667,692704855.555556,41556311.1111111,264348866.666667,5199004222.22222,4782453411.11111,2061344.44444444,347988488.888889,9927455811.11111,1255544.44444444,115427355.555556,370567511.111111,696492644.444444,5576017566.66667,81593454055.5556,451659400,18888.8888888889,0,32718388.8888889,2336366.66666667,6422678955.55555,11214333.3333333,30024427977.7778,2544900,17223644.4444445,308077.777777778,11891500,3328788.88888889,3226356900,2349211.11111111,22363311.1111111,192369355.555556,2780806166.66667,244576355.555556,1700,802573588.888889,0,3012966.66666667,0,2776666.66666667,19208652466.6667,22592366844.4444,5184055.55555556,2313888.88888889,842443877.777777,128982022.222222,120130311.111111,3585576155.55555,1066844.44444444,17753477.7777778,1796144.44444444,1099333.33333333,64787755.5555555,227613755.555556,22659488.8888889,75555.5555555556,74668193522.2222,832292988.888889,28632060166.6667,2165563888.88889,257193000,352655.555555556,687848711.111111,181956855.555556,4913566.66666667,0,375407788.888889,1714544.44444444,14976324155.5556,475981677.777778,63006722.2222222,2304822.22222222,1216255.55555556,226666.666666667,0
"Suriname",0,0,0,0,0,0,0,0,0,0,0,0,NA,0,0,0,306755.555555555,NA,0,0,0,0,0,0,0,0,0,0,0,0,0,3588.88888888889,0,0,0,0,0,0,0,0,0,0,0,0,0,0,0,0,0,0,0,0,0,299200,0,0,0,0,0,0,0,0,0,0,NA,4344.44444444445,0,0,2767222.22222222,0,0,0,0,0,0,45333.3333333333,0,0,0,0,0,0,0,0,0,0,0,0,0,0,0,0,0,0,0,0,0,0,0,0,0,0,0,0,0,0,0,0,0,0,0,0,0,0,0,0,548155.555555555,NA,0,0,0,316766.666666667,0,0,0,0,0,431988.888888889,0,0,0,0,0,0,0,0,0,0,0,0,0,0,3400,0,0,0,0,0,0,0,0,0,0,14355.5555555555,0,0,0,0,0,0,0,0,0,0,0,0,0,0,0,377777.777777778,0,0,0,0,0,0,0,0,676222.222222222,0,0,0,528133.333333333,20777.7777777778,0,0,0,0,0,0,0,0,0,0,0
"Tajikistan",NA,NA,NA,NA,NA,NA,NA,NA,NA,NA,NA,NA,NA,NA,NA,NA,NA,NA,NA,NA,NA,NA,NA,NA,NA,NA,NA,NA,NA,NA,NA,NA,NA,NA,NA,NA,NA,NA,NA,NA,NA,NA,NA,NA,NA,NA,NA,NA,NA,NA,NA,NA,NA,NA,NA,NA,NA,NA,NA,NA,NA,NA,NA,NA,NA,NA,NA,NA,NA,NA,NA,NA,NA,NA,NA,NA,NA,NA,NA,NA,NA,NA,NA,NA,NA,NA,NA,NA,NA,NA,NA,NA,NA,NA,NA,NA,NA,NA,NA,NA,NA,NA,NA,NA,NA,NA,NA,NA,NA,NA,NA,NA,NA,NA,NA,NA,NA,NA,NA,NA,NA,NA,NA,NA,NA,NA,NA,NA,NA,NA,NA,NA,NA,NA,NA,NA,NA,NA,NA,NA,NA,NA,NA,NA,NA,NA,NA,NA,NA,NA,NA,NA,NA,NA,NA,NA,NA,NA,NA,NA,NA,NA,NA,NA,NA,NA,NA,NA,NA,NA,NA,NA,NA,NA,NA,NA,NA,NA,NA,NA,NA,NA,NA,NA,NA,NA,NA,NA,NA,NA,NA,NA,NA,NA,NA
"Swaziland",0,0,0,0,0,0,0,0,0,0,0,0,NA,0,0,0,0,NA,0,0,0,0,0,0,0,0,0,0,0,0,0,0,0,0,0,0,0,0,0,0,0,0,0,0,0,0,0,0,0,0,0,0,0,0,0,0,0,0,0,4911.11111111111,0,0,0,0,NA,0,0,0,0,0,0,8122.22222222222,0,0,0,0,0,0,0,0,0,0,0,0,0,0,0,0,0,0,0,0,0,0,0,0,0,0,0,0,0,0,0,0,0,0,0,0,0,0,0,0,254581988.888889,0,0,0,0,NA,0,0,0,306944.444444445,0,0,0,0,0,0,0,0,0,0,0,0,0,0,0,0,0,9633.33333333333,0,0,0,0,0,0,0,0,0,0,0,0,0,0,0,31138144.4444445,0,0,0,0,0,0,0,0,0,0,0,0,0,0,0,0,0,0,0,0,0,0,1435744.44444444,0,0,0,0,0,0,0,0,1322.22222222222,0,0,0,0,0,0,0
"Sweden",0,0,0,0,0,443888.888888889,4682555.55555556,348500,188.888888888889,944.444444444444,0,0,NA,0,0,0,64033.3333333333,NA,0,0,0,10166000,0,0,0,8207788.88888888,0,0,0,0,4432655.55555556,8989788.88888888,20400,0,0,0,0,0,5044277.77777778,0,188.888888888889,316003555.555556,0,0,0,0,75555.5555555556,0,0,166845933.333333,521711.111111111,26822.2222222222,487581344.444444,39775277.7777778,0,0,188888.888888889,0,0,253932211.111111,18888.8888888889,0,0,18157322.2222222,NA,0,0,0,0,0,0,1395133.33333333,264444.444444444,75555.5555555556,10135966.6666667,22288.8888888889,75555.5555555556,18888.8888888889,0,820911.111111111,104833.333333333,97552611.1111111,0,188.888888888889,75555.5555555556,13960022.2222222,0,0,0,0,0,59877.7777777778,0,10564555.5555556,0,0,0,0,0,7134144.44444444,188.888888888889,0,0,8688.88888888889,208344.444444445,0,180388.888888889,0,0,189266.666666667,0,0,18888.8888888889,57988.8888888889,0,0,8249155.55555556,NA,0,0,0,463344.444444445,0,0,29088.8888888889,785877322.222222,0,3211.11111111111,1340544.44444444,0,0,188.888888888889,0,31107922.2222222,6703666.66666666,0,0,0,0,18888.8888888889,2321444.44444444,0,3456666.66666667,0,0,18888.8888888889,0,56666.6666666667,0,0,1020000,604444.444444445,151111.111111111,591411.111111111,0,19178644.4444444,29127800,132222.222222222,0,0,0,3891866.66666667,18888.8888888889,0,972966.666666666,0,282766.666666667,0,0,188.888888888889,0,0,40233.3333333333,241966.666666667,37777.7777777778,0,25580277.7777778,1248555.55555556,8057244.44444444,0,0,188.888888888889,0,151111.111111111,18888.8888888889,0,0,0,3061700,20777.7777777778,56666.6666666666,18888.8888888889,0,0,0
"Switzerland",19455.5555555556,0,29277.7777777778,0,2455.55555555556,140533.333333333,991288.888888889,12308000,56100,75744.4444444444,26066.6666666667,0,NA,188.888888888889,24555.5555555556,0,1174511.11111111,NA,20777.7777777778,0,0,382500,18888.8888888889,16622.2222222222,155266.666666667,14589211.1111111,566.666666666667,18888.8888888889,1075911.11111111,0,151488.888888889,11923988.8888889,467311.111111111,0,26633.3333333333,0,233466.666666667,3400,106722.222222222,198900,4722.22222222222,3981588.88888889,0,157344.444444444,188.888888888889,94444.4444444444,1076666.66666667,188888.888888889,3588.88888888889,267466.666666667,0,188.888888888889,1508088.88888889,137832222.222222,2455.55555555556,1888.88888888889,34000,0,0,332922144.444444,7744.44444444445,275966.666666667,0,327911.111111111,NA,0,113900,76122.2222222222,0,0,6988.88888888889,30103788.8888889,171511.111111111,166222.222222222,713433.333333333,388355.555555555,362666.666666667,18888.8888888889,298633.333333333,1079877.77777778,79144.4444444444,34371166.6666667,79333.3333333333,549100,2815577.77777778,58224433.3333333,666588.888888889,211933.333333333,188888.888888889,49866.6666666666,0,1358300,20022.2222222222,725711.111111111,0,322811.111111111,0,0,20022.2222222222,216277.777777778,2153900,3966.66666666666,0,575733.333333333,124288.888888889,3400,64033.3333333333,1700,38155.5555555556,273700,55533.3333333334,189644.444444444,0,0,0,18511.1111111111,34224211.1111111,NA,0,56666.6666666667,3777.77777777778,219300,0,0,254055.555555556,1031144.44444444,117866.666666667,550800,1619722.22222222,0,0,151488.888888889,3155011.11111111,943877.777777778,4267566.66666667,0,0,0,755.555555555556,188.888888888889,59877.7777777778,8122.22222222222,4880511.11111111,0,377.777777777778,22477.7777777778,0,49866.6666666667,19455.5555555556,1700,0,240644.444444444,8122.22222222223,11000511.1111111,0,60633.3333333333,9843944.44444444,0,0,0,2644822.22222222,0,0,0,3281377.77777778,0,2341277.77777778,30600,0,188.888888888889,0,94444.4444444444,427833.333333333,1398155.55555556,358511.111111111,0,100183455.555556,405922.222222222,51841311.1111111,0,22477.7777777778,377.777777777778,148088.888888889,539277.777777778,22100,0,77066.6666666667,0,51009255.5555555,3630822.22222222,254244.444444444,944.444444444444,0,0,0
"Syrian Arab Republic",0,0,0,0,0,0,944.444444444444,0,0,0,0,0,NA,0,0,0,28711.1111111111,NA,0,0,0,0,0,0,0,32111.1111111111,0,0,0,0,0,0,0,0,0,0,0,0,0,0,0,0,0,0,0,0,0,0,0,0,0,0,0,3777.77777777778,0,0,0,0,0,10200,0,0,0,0,NA,0,0,0,0,0,0,0,0,0,0,0,0,0,0,0,0,0,0,0,0,58366.6666666666,472222.222222222,0,0,0,0,0,585555.555555555,0,0,2840700,0,0,0,0,0,0,0,0,0,0,0,0,0,0,0,0,0,0,0,0,377.777777777778,NA,0,0,0,0,0,0,0,17188.8888888889,0,0,0,0,0,0,0,0,188.888888888889,0,0,0,0,0,0,0,13222.2222222222,0,0,0,0,0,0,0,0,0,0,0,0,0,0,0,0,0,0,0,0,0,6988.88888888889,0,0,0,0,4344.44444444445,0,0,0,236677.777777778,0,0,0,0,0,0,0,0,0,0,0,0,0,0,559677.777777778,0,0,0,0,0,0
"Turkmenistan",NA,NA,NA,NA,NA,NA,NA,NA,NA,NA,NA,NA,NA,NA,NA,NA,NA,NA,NA,NA,NA,NA,NA,NA,NA,NA,NA,NA,NA,NA,NA,NA,NA,NA,NA,NA,NA,NA,NA,NA,NA,NA,NA,NA,NA,NA,NA,NA,NA,NA,NA,NA,NA,NA,NA,NA,NA,NA,NA,NA,NA,NA,NA,NA,NA,NA,NA,NA,NA,NA,NA,NA,NA,NA,NA,NA,NA,NA,NA,NA,NA,NA,NA,NA,NA,NA,NA,NA,NA,NA,NA,NA,NA,NA,NA,NA,NA,NA,NA,NA,NA,NA,NA,NA,NA,NA,NA,NA,NA,NA,NA,NA,NA,NA,NA,NA,NA,NA,NA,NA,NA,NA,NA,NA,NA,NA,NA,NA,NA,NA,NA,NA,NA,NA,NA,NA,NA,NA,NA,NA,NA,NA,NA,NA,NA,NA,NA,NA,NA,NA,NA,NA,NA,NA,NA,NA,NA,NA,NA,NA,NA,NA,NA,NA,NA,NA,NA,NA,NA,NA,NA,NA,NA,NA,NA,NA,NA,NA,NA,NA,NA,NA,NA,NA,NA,NA,NA,NA,NA,NA,NA,NA,NA,NA,NA
"Taiwan",0,0,0,0,0,1888.88888888889,45144.4444444444,0,0,0,0,0,NA,0,0,0,0,NA,0,0,0,0,0,0,0,37777.7777777778,0,0,74800,0,0,13915822.2222222,0,0,0,0,377.777777777778,0,0,0,0,188.888888888889,0,0,0,0,0,0,0,0,0,0,0,909311.111111111,0,0,0,0,0,63466.6666666667,0,0,0,0,NA,0,0,0,0,0,0,17952944.4444445,0,0,0,755.555555555556,188.888888888889,0,0,0,0,0,0,0,0,5155155.55555556,0,0,0,4533.33333333333,0,2776288.88888889,0,0,0,0,0,0,0,0,22171588.8888889,0,0,313744.444444445,0,0,0,0,0,0,0,0,0,0,0,0,39855.5555555556,NA,0,0,0,32488.8888888889,0,0,0,0,0,0,0,0,0,0,50811.1111111111,0,0,0,0,0,0,0,0,0,0,0,0,0,0,0,0,0,0,0,0,1325433.33333333,0,637688.888888889,812033.333333334,0,0,0,0,0,0,0,0,0,1068355.55555556,0,0,0,0,0,0,0,0,0,2539611.11111111,0,3226977.77777778,0,95011.1111111112,0,0,2344300,0,0,0,0,210800,0,0,0,0,0,0
"United Republic of Tanzania",0,0,0,0,0,0,0,0,0,0,0,0,NA,0,0,0,0,NA,0,0,0,0,0,3114400,0,0,0,0,0,0,0,765944.444444445,0,0,0,0,0,0,18888.8888888889,0,0,0,0,0,0,0,0,0,0,0,0,0,0,377.777777777778,0,0,0,0,0,3211.11111111111,0,0,0,0,NA,0,0,0,0,0,0,2455.55555555556,0,0,0,14733.3333333333,0,0,0,0,0,37777.7777777778,0,0,0,0,0,0,982222.222222222,0,0,377.777777777778,0,0,0,0,0,0,0,0,0,0,56666.6666666667,0,0,0,0,0,0,0,0,0,0,0,0,0,2285555.55555556,NA,0,0,0,0,0,0,7313777.77777778,0,18888.8888888889,0,0,0,0,0,0,0,0,0,0,0,0,0,0,194555.555555555,0,0,0,0,0,0,0,0,0,0,0,0,0,2207922.22222222,0,0,0,0,37777.7777777778,56666.6666666667,0,0,0,0,0,0,0,0,0,0,0,688688.888888889,623333.333333333,0,1052677.77777778,0,188.888888888889,0,0,0,0,0,0,0,6392000,566666.666666667,2833.33333333333,0,0,0,0,0,0
"Thailand",0,944.444444444444,566.666666666667,0,0,0,3865233.33333333,1147688.88888889,0,132788.888888889,0,96900,NA,12503688.8888889,0,0,140344.444444444,NA,0,0,0,0,1246623033.33333,0,0,199466.666666667,0,0,2450455.55555556,0,26255.5555555556,114727522.222222,178877.777777778,0,3777.77777777778,0,0,0,642222.222222222,7177.77777777778,188.888888888889,1970866.66666667,0,0,566.666666666667,0,19077.7777777778,0,0,359644.444444445,0,0,626544.444444445,4910355.55555556,0,0,0,0,0,2890566.66666667,0,1669966.66666667,0,189833.333333333,NA,0,0,0,0,0,0,23500800,0,18888.8888888889,1133.33333333333,7354388.88888888,1708122.22222222,0,755.555555555556,290322.222222222,2860722.22222222,1695277.77777778,0,266711.111111111,0,73031433.3333333,4533.33333333333,0,48166.6666666666,729639244.444444,340000,21148944.4444445,480344.444444445,170188.888888889,300358266.666667,54966.6666666666,0,0,0,0,18888.8888888889,170566.666666667,0,35662033.3333333,179633.333333333,0,94444.4444444444,0,944.444444444444,126555.555555556,1511.11111111111,1322.22222222222,0,0,0,323566.666666667,7829633.33333333,NA,2266.66666666667,0,0,744222.222222222,0,0,6123400,22663833.3333333,250844.444444445,0,440488.888888889,755555.555555555,0,0,6857988.88888889,26066.6666666667,295044.444444445,0,0,0,0,0,209666.666666667,0,217788.888888889,0,0,0,0,112011.111111111,0,358888.888888889,0,231577.777777778,144500,34638822.2222222,0,216088.888888889,1312966.66666667,0,0,0,30325733.3333333,3609477.77777778,0,2266.66666666667,30125888.8888889,0,0,18888.8888888889,0,0,0,0,188700,1019433.33333333,377.777777777778,0,58533455.5555555,456544.444444445,4229411.11111111,0,0,113900,0,73049188.8888889,9633.33333333333,0,0,0,679622.222222222,0,0,0,0,0,0
"Togo",0,0,0,0,0,0,0,0,0,0,0,0,NA,0,0,0,0,NA,0,0,0,0,0,0,108988.888888889,0,0,0,0,214766.666666667,0,112955.555555556,0,0,2232666.66666667,0,0,0,0,0,47704833.3333334,0,0,0,0,0,0,0,94444.4444444444,0,0,0,0,4470055.55555556,0,0,0,170000,0,0,0,222112177.777778,0,0,NA,0,0,115358411.111111,0,0,0,133355.555555556,0,0,0,0,0,0,0,0,0,283333.333333333,477739855.555556,0,0,0,0,0,0,0,0,0,0,0,0,4455322.22222222,0,48930155.5555555,0,0,0,0,0,0,0,127892888.888889,0,0,0,0,0,3219233.33333333,254055.555555555,0,0,0,0,NA,0,0,0,0,0,21718633.3333333,8676988.88888888,0,0,0,0,0,0,0,0,0,440677.777777778,0,0,0,0,0,0,0,0,0,0,0,0,0,0,0,5265844.44444444,0,0,297500,0,2569455.55555556,2791777.77777778,0,0,0,0,0,0,0,0,0,0,0,0,0,0,94444.4444444444,0,887777.777777778,0,0,275588.888888889,0,493755.555555555,775787444.444445,0,0,0,0,0,0,0,0,3586244.44444444,0,0,0,335088.888888889,0,0
"Tonga",0,0,0,0,0,0,0,0,0,0,0,0,NA,0,0,0,0,NA,0,0,0,0,0,0,0,0,0,0,0,0,0,0,0,0,0,0,0,0,0,0,0,0,0,0,0,0,0,0,0,0,0,4155.55555555555,0,0,0,0,0,0,0,0,0,0,0,0,NA,0,0,0,0,0,0,0,0,0,0,0,0,0,0,0,0,0,0,0,0,0,0,0,0,0,0,0,0,0,0,0,0,0,0,0,0,0,0,0,0,0,0,0,0,0,0,0,0,0,0,0,0,NA,0,0,0,0,0,0,0,0,0,0,0,0,0,0,0,0,0,0,0,0,0,0,0,0,0,0,0,0,0,0,0,0,0,0,0,0,0,0,0,0,0,0,0,0,0,0,0,0,0,0,0,0,0,0,0,2455.55555555555,0,0,0,0,0,0,0,0,0,0,0,0,0,0,0,0,0,0,0,0,0
"Trinidad and Tobago",0,0,0,0,156777.777777778,0,0,0,7933.33333333333,0,418388.888888889,0,NA,0,0,0,0,NA,0,0,0,0,0,0,0,0,0,0,0,0,0,0,188.888888888889,0,0,0,0,0,0,0,0,0,0,547777.777777778,0,0,0,0,0,0,0,0,0,0,0,0,0,0,0,0,0,0,0,0,NA,3253422.22222222,0,0,692655.555555555,0,0,0,0,0,0,0,0,0,0,0,0,188.888888888889,0,0,312800,0,0,0,0,0,0,0,0,0,0,0,0,377.777777777778,0,0,0,0,0,0,0,0,0,0,0,0,0,0,0,0,0,0,18888.8888888889,NA,0,0,0,0,0,0,0,0,0,0,0,0,0,0,0,0,0,0,0,0,0,0,0,0,0,1870000,314122.222222222,1259322.22222222,0,0,0,0,0,0,0,0,0,0,0,37777.7777777778,0,0,0,0,0,0,0,0,0,0,0,0,0,0,0,0,0,0,1888.88888888889,0,2078533.33333333,0,0,0,188888.888888889,0,0,0,0,0,0,0,0,0,0,0,0
"Oman",0,0,0,0,0,0,0,0,0,18888.8888888889,0,0,NA,0,0,0,0,NA,0,0,0,0,0,0,0,0,0,0,0,0,0,0,0,0,0,0,0,0,0,0,0,0,0,0,0,0,0,0,0,0,0,0,0,0,0,0,0,0,0,0,0,0,0,0,NA,0,0,0,0,0,0,0,0,0,0,0,0,0,0,0,0,0,0,0,0,0,0,0,0,0,0,2266.66666666667,0,0,0,0,0,0,0,0,0,0,0,0,0,0,0,0,0,0,0,0,0,0,0,0,0,NA,0,0,0,0,0,0,0,0,0,0,0,0,0,0,0,0,0,0,0,0,588577.777777778,0,0,0,0,0,0,0,0,0,0,0,0,0,0,0,0,0,0,0,0,0,0,0,0,0,0,0,0,0,0,0,0,0,0,1179044.44444444,0,0,3022.22222222222,0,0,0,0,0,0,0,0,396666.666666667,0,0,0,0,0,0,0,0,0
"Tunisia",0,0,0,18888.8888888889,0,0,188888.888888889,1945555.55555556,0,0,0,0,NA,0,0,0,1171111.11111111,NA,0,0,0,0,0,0,0,30466266.6666667,0,0,0,0,0,1305977.77777778,0,0,0,0,0,0,0,0,283333.333333333,7714600,0,0,0,0,0,0,717777.777777778,0,0,0,472222.222222222,1851654733.33333,0,0,0,272944.444444445,0,782869644.444444,0,0,0,18888.8888888889,NA,0,0,283333.333333333,0,0,0,170377.777777778,0,0,0,0,0,0,0,18888.8888888889,0,408820155.555556,206852222.222222,0,0,5203322.22222222,585555.555555555,0,0,0,0,170000,283333.333333333,0,0,0,0,0,321111.111111111,0,0,0,0,0,0,0,0,0,1511.11111111111,0,0,514514444.444444,0,0,0,0,1021700,NA,283333.333333333,0,0,0,0,0,315255.555555555,3834444.44444444,0,0,1418366.66666667,0,0,0,0,52511111.1111111,132222.222222222,0,0,0,0,0,0,0,128721733.333333,0,0,0,0,0,25386666.6666667,18888.8888888889,0,0,0,0,0,0,1020000,0,0,0,4185777.77777778,127222522.222222,132222.222222222,0,20777.7777777778,0,0,453711.111111111,0,19474444.4444445,0,0,2325033.33333333,18888.8888888889,0,0,2455555.55555556,0,897033.333333333,1020000,0,0,0,340000,2757777.77777778,0,0,0,16151888.8888889,75555.5555555556,18888.8888888889,0,0,0,0
"Turkey",0,1700,78955.5555555556,12655.5555555556,23611.1111111111,0,3880155.55555556,11661055.5555556,28522.2222222222,0,188.888888888889,0,NA,0,0,0,969000,NA,0,0,0,1276700,0,0,377.777777777778,6933733.33333333,0,207777.777777778,0,0,158855.555555556,15158900,566.666666666667,0,566.666666666667,6422.22222222223,0,36266.6666666667,325140111.111111,2069844.44444444,0,105017122.222222,0,170000,3343333.33333333,0,70455.5555555556,0,2266.66666666667,221377.777777778,0,0,11359211.1111111,313429000,0,0,132411.111111111,0,275777.777777778,637170577.777778,365688.888888889,389677.777777778,0,1404200,NA,0,0,0,0,0,0,1433666.66666667,523788.888888889,122022.222222222,188.888888888889,377.777777777778,701155.555555555,0,1948955.55555556,149033.333333333,89911.1111111112,8584244.44444444,0,193800,0,30189544.4444444,0,245555.555555556,0,367011.111111111,0,163577.777777778,430855.555555555,312422.222222222,0,45900,0,107666.666666667,0,938777.777777779,0,0,0,76311.1111111111,329233.333333333,0,431233.333333333,0,47600,188.888888888889,0,0,0,471088.888888889,0,0,31424122.2222222,NA,0,4443800,944.444444444444,995066.666666667,0,0,0,29188244.4444445,0,152811.111111111,443322.222222222,0,0,0,32300,754044.444444445,415933.333333333,0,0,0,0,0,810711.111111111,16433.3333333333,66966022.2222222,377.777777777778,0,1511.11111111111,0,0,0,377.777777777778,0,108800,126177.777777778,388166.666666667,0,19077.7777777778,3055655.55555556,0,0,0,54929455.5555555,36248344.4444445,37777.7777777778,3116666.66666667,780866.666666667,0,235355.555555556,377.777777777778,0,0,72722.2222222222,17000,0,718911.111111111,0,377.777777777778,167862533.333333,303166.666666667,66146244.4444445,0,0,0,18888.8888888889,43066.6666666667,0,18888.8888888889,0,0,392134088.888889,724388.888888889,11711.1111111111,0,0,0,0
"United Arab Emirates",40422.2222222222,11427211.1111111,0,0,0,1644277.77777778,27820877.7777778,1109722.22222222,0,17698133.3333333,0,4544288.88888889,NA,2283477.77777778,0,0,2536022.22222222,NA,0,0,1412888.88888889,0,1579677.77777778,6282633.33333333,71966.6666666666,615777.777777778,1700,197011.111111111,26875300,0,8417644.44444444,15833044.4444445,76877.7777777778,244233.333333333,421788.888888889,0,0,39855.5555555556,255566.666666667,13977.7777777778,358700,106344.444444444,0,0,0,0,421788.888888889,0,0,0,391944.444444445,0,0,32225577.7777778,0,4707677.77777778,56288.8888888889,0,815244.444444445,3631388.88888889,0,1863200,0,195122.222222222,NA,0,0,98033.3333333333,0,0,0,27249866.6666667,79333.3333333333,0,0,18292755.5555555,3415111.11111111,1253655.55555556,1676388.88888889,3518433.33333333,0,22777355.5555555,0,57611.1111111111,0,470900,1439144.44444444,0,119491300,1477300,0,598588.888888889,19996344.4444445,1888.88888888889,15488.8888888889,2369044.44444444,0,23611.1111111111,0,0,0,34188.8888888889,1133.33333333333,1351877.77777778,25279188.8888889,9066.66666666666,100111.111111111,755.555555555556,621255.555555555,529266.666666667,165277.777777778,410266.666666667,178122.222222222,0,16811.1111111111,11798755.5555556,9870011.11111112,NA,0,0,0,3975166.66666666,0,0,42299211.1111111,25877.7777777778,24236333.3333333,3022.22222222222,107288.888888889,59311.1111111112,78766.6666666667,0,207777.777777778,83866.6666666667,1213800,0,0,1470122.22222222,4353888.88888889,21722.2222222222,5288.88888888889,21766233.3333333,345666.666666667,0,0,0,0,9777266.66666667,106344.444444444,8194755.55555556,843577.777777778,0,0,11566988.8888889,266522.222222222,8753677.77777777,12995177.7777778,0,944.444444444444,18888.8888888889,107288.888888889,1441033.33333333,0,74800,691333.333333333,37908866.6666667,8061777.77777777,476188.888888889,0,0,97194666.6666667,0,384200,0,11355433.3333333,0,21861244.4444445,340000,8744422.22222223,0,46277.7777777778,77066.6666666667,0,8584433.33333333,5056744.44444444,230255.555555555,29134222.2222222,1021511.11111111,275022.222222222,0,0,0,20551111.1111111,0,0
"Uganda",0,0,0,0,0,112011.111111111,583477.777777778,0,0,0,0,0,NA,0,0,0,0,NA,0,0,0,0,0,1845444.44444444,1108400,0,0,0,0,0,226100,3777.77777777778,0,0,18888.8888888889,0,0,0,0,0,0,0,0,0,0,0,0,0,0,0,0,0,0,1401366.66666667,0,0,0,0,0,150733.333333333,2455.55555555555,0,0,0,NA,0,0,0,0,0,0,0,0,0,0,0,0,0,0,0,0,445966.666666667,0,0,0,0,0,0,1841666.66666667,0,0,0,0,0,0,0,0,0,0,0,0,0,0,0,0,0,0,0,0,0,0,0,47977.7777777778,0,0,0,1743255.55555556,NA,0,0,0,4911.11111111111,0,0,0,0,0,0,0,0,0,8500,0,0,10200,0,0,0,0,0,0,10419488.8888889,0,0,0,0,0,0,0,0,0,0,0,0,37777.7777777778,10824088.8888889,25500,0,0,0,33244.4444444444,1890588.88888889,0,0,0,56666.6666666667,0,0,0,0,0,0,0,3427388.88888889,0,0,866433.333333333,0,18888.8888888889,0,0,0,0,0,0,0,36968011.1111111,0,34000,0,0,0,862844.444444445,5273588.88888889,0
"Tuvalu",0,0,0,0,0,0,33244.4444444444,0,0,0,0,0,NA,0,0,0,0,NA,0,0,0,0,0,0,0,0,0,0,0,0,0,0,0,0,0,0,0,0,0,0,0,0,0,0,0,0,0,0,0,0,0,0,0,0,0,0,0,0,0,0,0,0,0,0,NA,0,0,0,0,0,0,0,0,0,0,0,0,0,0,0,0,0,0,0,0,0,0,0,0,0,0,0,0,0,0,0,0,0,0,0,0,0,0,0,0,0,0,0,0,0,0,0,0,0,0,0,0,NA,0,0,0,0,0,0,0,0,0,0,0,0,0,0,0,0,0,0,0,0,0,0,0,0,0,0,0,0,0,0,0,0,0,0,0,0,0,0,0,0,0,0,0,0,0,0,0,0,0,0,0,0,0,0,0,0,0,0,0,0,0,0,0,0,0,0,0,0,0,0,0,0,0,0,0,0,0
"United Kingdom",73855.5555555556,37777.7777777778,68944.4444444444,1888888.88888889,5585066.66666667,17119377.7777778,161472233.333333,183116066.666667,20073033.3333333,17383444.4444444,52466533.3333333,4530688.88888889,NA,0,132222.222222222,468444.444444445,13953411.1111111,NA,859255.555555555,0,2887733.33333333,58416533.3333333,481100,18888.8888888889,281633.333333333,71153500,188888.888888889,0,21412822.2222222,358888.888888889,48875944.4444445,92084655.5555555,982222.222222222,0,175666.666666667,0,2281211.11111111,185111.111111111,245103355.555556,1496377.77777778,7207622.22222222,2423190388.88889,270677.777777778,1874533.33333333,1080066.66666667,37777.7777777778,12167088.8888889,479588.888888889,248011.111111111,106489322.222222,56666.6666666667,21533.3333333333,794100411.111111,5413315477.77778,963522.222222222,495455.555555555,1720777.77777778,177177.777777778,3438533.33333333,2040800700,306755.555555556,11515233.3333333,0,26726833.3333333,NA,1493922.22222222,380611.111111111,118433.333333333,1338466.66666667,0,717777.777777778,497322533.333333,19487100,1969922.22222222,68103888.8888889,32204988.8888889,494700,255377.777777778,306000,5659299811.11111,25997155.5555556,180647477.777778,982033.333333333,516044.444444445,9248944.44444444,142080333.333333,2226055.55555556,0,24751244.4444444,260855.555555556,0,52887755.5555555,952566.666666667,315418566.666667,18888.8888888889,5997600,0,606711.111111111,35888.8888888889,119965600,17499988.8888889,37777.7777777778,680000,17422544.4444444,7041777.77777778,151866.666666667,52335255.5555555,151111.111111111,6351011.11111111,5197466.66666667,2203011.11111111,7455444.44444444,133355.555555556,823366.666666667,186622.222222222,1512811.11111111,4202432677.77778,NA,56666.6666666667,113333.333333333,18888.8888888889,37898477.7777778,646000,228177.777777778,75735377.7777778,639834288.888889,5585822.22222222,1430644.44444444,412485922.222222,56666.6666666666,159800,477888.888888889,29983844.4444445,408296177.777778,48345733.3333333,0,0,83300,18981255.5555556,2606288.88888889,14875755.5555556,20588.8888888889,19677688.8888889,1073266.66666667,9253666.66666666,698511.111111111,0,10145600,585177.777777778,3730366.66666667,5751666.66666667,2746066.66666667,29918677.7777778,117313222.222222,0,67662833.3333333,992230877.777777,302222.222222222,0,0,1492266233.33333,151412577.777778,963333.333333334,316766.666666667,37952122.2222222,3585677.77777778,30553911.1111111,1322222.22222222,0,12184088.8888889,4789655.55555556,571200,14563144.4444444,176382933.333333,4293822.22222222,0,0,5233733.33333333,540212022.222222,316011.111111111,1031522.22222222,13222.2222222222,3330866.66666667,5458322.22222222,1973888.88888889,1568722.22222222,4810811.11111111,4337833.33333333,802707133.333333,27486922.2222222,379100,567233.333333333,332633.333333333,0,0
"Ukraine",12359944.4444444,0,25688.8888888889,37561877.7777778,377.777777777778,0,846788.888888889,3523911.11111111,377.777777777778,0,0,0,NA,0,0,0,149033.333333333,NA,0,0,0,1489200,0,0,61200,7567077.77777778,0,0,0,0,527000,117833988.888889,0,0,0,0,0,0,2041511.11111111,139648766.666667,377.777777777778,758011.111111111,0,0,541518944.444444,0,0,0,0,75431833.3333333,0,0,1284066.66666667,669800,0,0,664434044.444444,0,0,596795388.888889,0,2996911.11111111,0,7880066.66666667,NA,0,0,0,0,0,0,1685644.44444444,178122.222222222,151488.888888889,0,231200,226666.666666667,0,1628977.77777778,283522.222222222,83171744.4444445,3105144.44444444,0,183084711.111111,0,2055488.88888889,556655.555555555,4634388.88888889,759333.333333334,0,185111.111111111,2971788.88888889,0,25189466.6666667,0,987700,0,1700,0,12854266.6666667,0,0,0,377.777777777778,2833.33333333333,0,944.444444444444,0,183600,0,41138111.1111111,0,0,279666244.444444,0,491111.111111111,170566.666666667,NA,0,0,0,0,0,0,17323755.5555555,944.444444444444,0,3003144.44444444,2024511.11111111,0,188.888888888889,56666.6666666667,188.888888888889,46261911.1111111,377.777777777778,0,0,0,0,0,113141800,0,10958311255.5556,0,0,0,0,0,0,18888.8888888889,0,132600,12466288.8888889,1556822.22222222,0,0,70000711.1111111,0,7354577.77777777,0,133166.666666667,7486800,354733.333333333,2490877.77777778,1267444.44444444,10021877.7777778,133166.666666667,21722.2222222222,0,0,553444.444444445,0,22244311.1111111,8875888.88888888,433877.777777778,188.888888888889,6794333.33333334,0,52608766.6666667,0,0,1861311.11111111,0,25434266.6666667,188.888888888889,0,0,0,4031644.44444444,661111.111111111,0,377.777777777778,0,0,0
"United States of America",166788.888888889,0,0,2086844.44444444,111438400,44746077.7777778,574700488.888889,313803377.777778,895186377.777778,15798477.7777778,229363055.555556,2137466.66666667,NA,0,6329666.66666667,0,342126133.333333,NA,79718100,0,94444.4444444444,6289811.11111111,3813666.66666667,37777.7777777778,9332244.44444444,33865509600,170000,0,61406455.5555556,510000,49195166.6666667,3574590000,249261744.444444,0,37777.7777777778,29844.4444444444,133137200,2032633.33333333,6414477.77777778,170000,96738688.8888889,4282312655.55555,23777522.2222222,903442333.333333,4559966.66666667,133683466.666667,5048244.44444444,49577288.8888889,172266.666666667,15917477.7777778,4533333.33333333,12722988.8888889,1129661711.11111,3868046266.66667,88229433.3333333,4550900,3438155.55555556,3356177.77777778,11811788.8888889,10148686444.4444,0,93182477.7777778,413666.666666667,47412055.5555555,NA,42094644.4444444,110884200,793333.333333333,10206233.3333333,83941844.4444444,91626788.8888889,4434204633.33333,8226866.66666667,3515222.22222222,94115022.2222222,91745788.8888889,40238055.5555556,0,4097188.88888889,1352450300,169572544.444444,11980550155.5556,4818555.55555556,6364611.11111111,293598877.777778,15327973311.1111,6300955.55555556,0,13111155.5555556,26572700,0,1681417300,1397966.66666667,217076777.777778,33008522.2222222,2137844.44444444,0,5769044.44444444,0,8248588.88888889,501976377.777778,0,0,323656388.888889,12979500,331688.888888889,2477277.77777778,75555.5555555556,1660711.11111111,2071635866.66667,2603644.44444444,10183755.5555556,113333.333333333,0,874366.666666667,487333.333333333,6795936244.44445,NA,709088.888888889,132222.222222222,113333.333333333,132892400,19236633.3333333,3022977.77777778,681383233.333333,1080366811.11111,8227811.11111111,544405733.333333,5278688.88888889,765755.555555555,23910122.2222222,114900166.666667,1334631844.44444,1483065266.66667,23041800,0,73477.7777777778,0,11133111.1111111,171322.222222222,3937766.66666667,0,564891866.666667,50010033.3333333,195406122.222222,25652811.1111111,192666.666666667,2631222.22222222,2182233.33333333,9311844.44444444,412344.444444445,5133055.55555556,564400,1143504811.11111,0,45501066.6666667,166773588.888889,40347800,6365555.55555556,6044444.44444444,2627577422.22222,3396893722.22222,170000,0,1490849944.44444,1078177.77777778,500161722.222222,28369977.7777778,1249500,134838144.444444,16146977.7777778,687177.777777778,30262455.5555556,279326433.333333,0,18888.8888888889,55324301900,13669133.3333333,0,165277.777777778,41820944.4444444,850000,87912855.5555555,299858655.555556,637500,0,3439100,263122.222222222,4500192588.88889,12147822.2222222,178311.111111111,684722.222222222,0,0,0
"Burkina Faso",0,0,0,0,0,0,0,0,0,0,0,0,NA,0,0,0,0,NA,0,0,0,0,0,0,0,1133.33333333333,0,14733.3333333333,0,0,0,0,0,0,0,0,0,0,0,0,2644.44444444445,0,0,0,0,0,0,0,0,0,0,0,0,5780944.44444444,0,0,0,0,0,0,0,0,0,0,NA,0,0,0,0,0,0,0,0,0,0,0,0,0,0,0,0,0,12250955.5555556,0,0,0,0,0,0,0,0,0,0,0,0,0,0,0,0,0,0,0,0,0,0,318844.444444445,0,0,0,0,0,0,0,0,0,0,151866.666666667,NA,0,0,0,0,0,309022.222222222,37777.7777777778,0,0,0,0,0,0,0,0,0,0,0,0,0,0,0,0,0,0,0,0,0,0,0,738177.777777778,0,0,0,0,0,0,0,31355.5555555556,0,0,0,0,0,0,0,0,0,0,1186411.11111111,0,0,0,0,0,0,0,0,75555.5555555556,0,0,0,0,0,0,0,0,0,0,0,0,0,0,0,0,0,0
"Uruguay",0,0,0,0,0,4214300,2123111.11111111,222322.222222222,0,0,56666.6666666667,0,NA,0,515477.777777778,0,779103766.666667,NA,22100,0,0,63088.8888888888,0,0,453333.333333333,34003400,0,0,0,0,1188677.77777778,23446022.2222222,14154388.8888889,0,37777.7777777778,0,1321088.88888889,0,226666.666666667,0,1700000,11468577.7777778,0,186622.222222222,33935211.1111111,630888.888888889,0,186055.555555556,0,302222.222222222,0,0,6115655.55555556,20040166.6666667,0,0,434444.444444445,0,0,16459588.8888889,0,0,0,435577.777777778,NA,0,1094988.88888889,0,0,0,188511.111111111,1838266.66666667,57611.1111111111,491111.111111111,18888.8888888889,18888.8888888889,0,0,0,3008811.11111111,18888.8888888889,5652311.11111111,0,0,94444.4444444444,14279811.1111111,14544.4444444445,0,113333.333333333,0,0,533611.111111111,0,2153522.22222222,0,0,0,0,0,1440844.44444444,0,0,0,323188.888888889,323377.777777778,0,162822.222222222,0,11711.1111111111,112254211.111111,0,18945555.5555555,0,0,0,0,20133100,NA,0,0,0,236866.666666667,0,0,0,16773522.2222222,0,815244.444444445,3251911.11111111,0,4085477.77777778,4233377.77777778,227233.333333333,24736700,1065711.11111111,0,0,0,944.444444444444,0,763300,0,749916466.666667,0,0,0,0,0,0,0,0,0,448800,424055.555555555,0,0,4405833.33333333,0,0,0,23161366.6666667,13887111.1111111,0,0,975800,0,116922.222222222,0,0,18888.8888888889,0,0,0,750833.333333333,0,0,68408944.4444444,1353200,96542811.1111111,0,0,0,2400966.66666667,42500,0,0,0,0,19267800,304488.888888889,0,0,0,0,0
"Uzbekistan",NA,NA,NA,NA,NA,NA,NA,NA,NA,NA,NA,NA,NA,NA,NA,NA,NA,NA,NA,NA,NA,NA,NA,NA,NA,NA,NA,NA,NA,NA,NA,NA,NA,NA,NA,NA,NA,NA,NA,NA,NA,NA,NA,NA,NA,NA,NA,NA,NA,NA,NA,NA,NA,NA,NA,NA,NA,NA,NA,NA,NA,NA,NA,NA,NA,NA,NA,NA,NA,NA,NA,NA,NA,NA,NA,NA,NA,NA,NA,NA,NA,NA,NA,NA,NA,NA,NA,NA,NA,NA,NA,NA,NA,NA,NA,NA,NA,NA,NA,NA,NA,NA,NA,NA,NA,NA,NA,NA,NA,NA,NA,NA,NA,NA,NA,NA,NA,NA,NA,NA,NA,NA,NA,NA,NA,NA,NA,NA,NA,NA,NA,NA,NA,NA,NA,NA,NA,NA,NA,NA,NA,NA,NA,NA,NA,NA,NA,NA,NA,NA,NA,NA,NA,NA,NA,NA,NA,NA,NA,NA,NA,NA,NA,NA,NA,NA,NA,NA,NA,NA,NA,NA,NA,NA,NA,NA,NA,NA,NA,NA,NA,NA,NA,NA,NA,NA,NA,NA,NA,NA,NA,NA,NA,NA,NA
"Venezuela (Bolivarian Republic of)",0,0,0,0,0,0,0,0,0,0,0,0,NA,0,0,0,0,NA,0,0,0,0,0,0,0,0,0,0,0,0,2984444.44444444,5288.88888888889,14997777.7777778,0,0,0,0,0,0,0,0,0,0,812222.222222222,0,2380000,0,0,0,0,0,0,0,0,0,0,0,0,0,0,0,0,0,0,NA,0,0,0,0,0,37777.7777777778,0,0,0,0,0,0,0,0,0,0,170000,0,0,0,0,0,0,0,0,0,0,0,0,0,0,0,0,0,0,0,0,0,2455.55555555555,10011.1111111111,0,0,0,0,0,0,0,0,0,0,0,2720000,NA,0,0,0,0,0,0,0,0,0,453900,0,0,0,1416666.66666667,0,0,0,0,0,0,0,0,0,0,0,0,0,0,0,0,0,0,0,0,0,0,0,0,152622.222222222,0,0,0,0,0,0,0,0,0,0,0,0,188.888888888889,0,0,0,0,0,0,0,0,514344.444444445,0,0,0,0,0,0,0,0,0,0,0,0,0,0,0,0
"Viet Nam",0,0,0,0,0,0,0,0,0,0,0,0,NA,0,0,0,0,NA,0,0,0,0,0,0,0,0,0,0,0,0,0,669233.333333333,0,0,0,0,0,0,0,0,0,0,0,0,0,0,0,0,0,0,0,0,0,32906522.2222222,0,0,0,0,0,1322.22222222222,0,0,12466.6666666667,0,NA,0,0,0,0,37211.1111111111,0,481855.555555555,0,0,0,91988.8888888888,0,0,0,377.777777777778,0,0,0,0,0,1041533.33333333,0,0,0,578944.444444445,0,256511.111111111,0,0,549288.888888889,0,0,0,0,0,0,0,0,18322.2222222222,0,0,0,0,0,0,0,0,0,0,0,2644.44444444445,755.555555555556,NA,0,0,0,103133.333333333,0,0,472222.222222222,0,0,0,0,0,0,0,277666.666666667,0,0,0,0,0,0,0,0,0,21722.2222222222,0,0,0,0,0,0,0,0,0,0,306377.777777778,0,0,90666.6666666667,0,0,0,0,188.888888888889,0,0,30788.8888888889,0,6688933.33333333,0,0,0,0,0,0,47594144.4444445,0,0,0,0,16055.5555555556,0,0,0,0,0,0,0,0,0,0,0,9255.55555555555,0,0,0,0
"Ethiopia",0,0,0,0,0,0,478833.333333333,0,0,0,0,2266.66666666667,NA,0,0,0,566.666666666667,NA,0,0,0,0,0,0,7366.66666666667,415555.555555555,0,0,0,0,0,5345366.66666666,0,0,7177.77777777777,0,0,0,0,0,0,0,0,0,0,0,0,0,0,0,0,0,0,206266.666666667,0,2162400,0,0,0,176611.111111111,1511.11111111111,0,0,0,NA,0,0,0,0,0,0,0,0,0,0,0,2833.33333333333,0,0,0,0,47788.8888888889,6044.44444444445,0,0,345288.888888889,0,0,42500,0,0,0,0,0,0,6233.33333333333,0,0,0,0,0,0,0,0,0,0,0,0,0,188.888888888889,0,0,0,0,188.888888888889,0,605011.111111111,NA,0,0,0,0,0,0,38533.3333333333,22855.5555555556,0,0,0,0,0,0,63088.8888888888,0,0,0,0,0,0,0,0,13222.2222222222,0,0,0,0,0,0,0,0,0,0,0,75555.5555555556,0,5855.55555555555,0,0,0,944.444444444444,227044.444444444,132222.222222222,0,0,0,20211.1111111111,0,0,0,0,0,0,0,0,71588.8888888889,0,486200,0,6501177.77777778,3588.88888888889,0,0,0,0,0,0,944.444444444444,0,47788.8888888889,0,0,0,42122.2222222222,41933.3333333334,0
"Yemen",0,0,0,0,0,0,0,0,0,0,0,0,NA,0,0,0,0,NA,0,0,0,0,0,0,0,0,0,0,0,0,566.666666666667,0,0,0,0,0,0,0,0,0,0,0,0,0,0,0,0,0,0,0,0,0,0,0,0,0,0,0,0,0,0,0,0,0,NA,0,0,0,0,0,0,0,0,0,0,0,0,0,0,0,0,0,0,0,0,0,0,0,0,0,0,0,0,0,0,0,0,0,0,0,0,0,0,0,0,0,0,0,0,0,0,0,0,0,0,0,0,NA,0,0,0,0,0,0,0,0,0,0,0,0,0,0,0,0,0,0,0,0,0,0,0,0,0,0,0,0,0,0,0,0,0,0,0,0,0,0,0,0,0,0,0,0,0,0,0,0,0,0,0,0,194555.555555556,0,0,0,0,0,0,0,0,0,0,0,0,0,0,0,0,0,0,0,0,0,0,0,0
"Democratic Republic of the Congo",0,0,0,0,0,0,0,0,0,0,0,0,NA,0,0,0,0,NA,0,0,0,0,0,5100,0,0,0,0,0,0,0,0,0,0,944.444444444444,0,0,0,0,0,0,0,0,0,0,0,0,0,0,0,0,0,0,3211.11111111111,0,0,0,0,0,0,0,234600,0,0,NA,0,0,0,0,0,0,0,0,0,0,0,0,0,0,0,0,17566.6666666667,0,0,0,0,0,0,15488.8888888889,0,0,0,0,0,0,0,0,0,0,0,0,0,0,0,0,0,0,0,0,0,0,0,0,0,0,0,0,NA,0,0,0,0,0,0,0,0,0,0,0,0,0,0,0,0,0,1133.33333333333,0,0,0,13222.2222222222,0,124288.888888889,0,0,0,0,0,0,0,0,0,0,0,0,0,0,566.666666666667,0,0,0,0,0,0,0,0,0,0,0,0,0,0,0,0,0,159611.111111111,0,0,0,0,0,0,0,0,0,0,0,0,0,377.777777777778,0,0,0,0,0,0
"Zambia",0,0,0,0,0,0,0,0,0,0,0,0,NA,0,0,0,0,NA,0,0,0,0,0,0,0,0,0,0,0,0,0,0,0,0,56666.6666666666,0,0,0,0,0,0,0,0,0,0,0,0,0,0,0,0,0,0,0,0,0,0,0,0,0,0,0,0,0,NA,0,0,0,0,0,0,0,0,0,0,0,0,0,0,0,0,0,0,0,0,0,0,0,0,0,0,0,0,0,0,0,0,0,0,0,0,0,189833.333333333,0,0,0,0,0,0,0,0,0,4722.22222222223,0,0,0,0,NA,0,0,0,0,0,0,0,0,0,0,0,0,0,0,0,0,0,0,0,0,0,1582322.22222222,0,0,0,0,0,0,0,0,0,0,0,0,0,0,0,12607388.8888889,0,0,0,0,0,0,0,0,0,0,0,0,0,0,0,0,0,110665277.777778,0,0,94444.4444444444,0,0,0,0,0,0,0,25688.8888888889,0,4308555.55555556,0,0,0,0,0,0,0,0
"Belgium",1287088.88888889,566.666666666667,27766.6666666667,121266.666666667,0,5241855.55555556,10625188.8888889,16562344.4444444,7555.55555555555,42122.2222222222,120322.222222222,333388.888888889,NA,56666.6666666667,18888.8888888889,12655.5555555555,13779633.3333333,NA,0,0,45333.3333333333,3422477.77777778,479777.777777778,9579877.77777778,28011844.4444445,84363255.5555555,170000,236111.111111111,547777.777777778,356244.444444445,3493122.22222222,65226166.6666666,8521722.22222223,62333.3333333333,2457444.44444444,4344.44444444445,2165044.44444444,379666.666666667,14804733.3333333,6016111.11111111,2430811.11111111,183963988.888889,56666.6666666667,1796333.33333333,592166.666666667,530400,986000,34755.5555555556,424244.444444445,9122577.77777778,0,51188.8888888889,77046077.7777778,2314652188.88889,212311.111111111,188.888888888889,472033.333333333,1970300,10518088.8888889,385602122.222222,30600,9018877.77777777,0,22449255.5555555,NA,0,139211.111111111,1026233.33333333,27388.8888888889,979766.666666667,440111.111111111,30208244.4444445,2255711.11111111,805800,1170166.66666667,3138388.88888889,36455.5555555556,0,188.888888888889,58228211.1111111,7436744.44444444,29662166.6666667,4851988.88888889,1899088.88888889,141666.666666667,76809211.1111111,234600,1041155.55555556,9107277.77777777,126933.333333333,0,2941000,1084222.22222222,28155966.6666667,30788.8888888889,2573044.44444444,0,164333.333333333,0,15968477.7777778,345477.777777778,937644.444444445,274833.333333333,1395700,1630300,677922.222222222,5579400,258966.666666667,541355.555555555,2182233.33333333,1022266.66666667,880977.777777778,6233.33333333333,388544.444444445,163766.666666667,0,4440253422.22222,NA,1273488.88888889,1700,24555.5555555556,3555266.66666667,0,312988.888888889,7204788.88888888,20662933.3333333,440111.111111111,605955.555555555,21022200,6422.22222222223,1070244.44444444,2581544.44444444,529266.666666667,87743233.3333334,11932677.7777778,2644.44444444444,0,164333.333333333,1603855.55555556,53833.3333333333,33928411.1111111,6866677.77777778,155289711.111111,0,311100,0,0,282577.777777778,7244644.44444444,14637188.8888889,1434988.88888889,663755.555555555,7361000,5837422.22222222,0,4742622.22222222,38181433.3333333,99922.2222222222,10388.8888888889,0,207996700,64715411.1111111,18888.8888888889,0,3094566.66666667,581966.666666667,1810122.22222222,8673400,0,370977.777777778,321111.111111111,431233.333333333,9677344.44444444,6989266.66666667,485255.555555556,0,2459646322.22222,160758422.222222,862453633.333333,1514700,737800,159233.333333333,56666.6666666667,2145211.11111111,497533.333333333,94444.4444444444,52478622.2222222,166033.333333333,0,1526141944.44444,16313955.5555555,62711.1111111111,125611.111111111,0,0
"Luxembourg",0,0,0,0,0,188.888888888889,4722.22222222222,3096077.77777778,8877.77777777778,0,0,0,NA,0,0,0,68566.6666666666,NA,0,0,0,12088.8888888889,3777.77777777778,0,0,39626622.2222222,23611.1111111111,188.888888888889,0,0,944.444444444444,3446088.88888889,2266.66666666667,0,18888.8888888889,0,30222.2222222222,0,2786488.88888889,2160322.22222222,0,13924700,0,2077.77777777778,0,188.888888888889,5100,0,0,14171955.5555556,0,0,76561955.5555555,183108888.888889,0,0,188.888888888889,0,0,222382100,0,0,0,21344.4444444444,NA,0,0,0,0,0,0,733266.666666667,1211533.33333333,28900,11142177.7777778,136188.888888889,0,0,0,97655.5555555556,129577.777777778,7592388.88888889,0,3966.66666666667,0,2460466.66666667,29277.7777777778,0,5855.55555555555,0,0,7933.33333333333,0,400633.333333333,2455.55555555555,53833.3333333333,0,0,0,846788.88888889,944.444444444444,0,3022.22222222222,116544.444444444,0,1888.88888888889,189644.444444444,0,755.555555555556,377.777777777778,0,377.777777777778,0,0,0,0,57113955.5555555,NA,188.888888888889,0,0,0,5477.77777777778,10388.8888888889,45711.1111111111,404788.888888889,0,19077.7777777778,2667111.11111111,0,188.888888888889,188.888888888889,0,2199800,1583455.55555556,0,0,0,0,0,248955.555555556,0,6895955.55555556,11144.4444444444,0,0,0,0,29277.7777777778,669800,0,3022.22222222222,409511.111111111,44011.1111111111,0,566.666666666667,3454211.11111111,0,0,0,952000,3283644.44444444,0,188.888888888889,168111.111111111,566.666666666667,16433.3333333333,188.888888888889,0,0,0,0,69511.1111111111,175666.666666667,2266.66666666667,0,13765277.7777778,58366.6666666667,3335211.11111111,2644.44444444445,0,0,188.888888888889,188.888888888889,5666.66666666667,0,7555.55555555555,0,1941356366.66667,0,19644.4444444444,22288.8888888889,0,0,0
"Serbia",1133.33333333333,0,1135033.33333333,0,0,0,7767677.77777777,33717422.2222222,0,0,0,0,NA,0,0,0,0,NA,0,0,0,1687533.33333333,566.666666666667,0,755.555555555556,24027044.4444445,0,0,0,0,0,35508277.7777778,0,0,0,0,0,0,54022.2222222222,0,0,365311.111111111,0,0,221000,0,5477.77777777778,0,0,288055.555555556,0,0,48544.4444444444,18119544.4444444,0,0,0,3211.11111111111,0,75215555.5555555,1153587511.11111,0,0,435388.888888889,NA,0,0,0,0,0,0,2153333.33333333,11944388.8888889,103477300,0,188.888888888889,0,0,188.888888888889,0,1700000,983355.555555555,0,1700,0,717588.888888889,415555.555555555,0,0,55155.5555555556,0,8500,0,3022.22222222222,0,0,0,0,0,610300,0,0,0,0,42877.7777777778,0,227044.444444445,0,0,85000,0,0,0,0,0,0,1213611.11111111,NA,0,164580211.111111,0,0,0,0,434633.333333333,32677.7777777778,0,0,308489933.333333,0,0,0,531344.444444445,403466.666666667,1116333.33333333,0,0,0,0,0,88845966.6666667,0,1160198055.55556,0,0,0,0,0,0,2644.44444444445,0,23795844.4444445,1227400,34755.5555555556,0,0,319788.888888889,0,0,0,1896255.55555556,21632688.8888889,0,377.777777777778,1164877.77777778,0,1700,0,0,0,0,755.555555555556,151111.111111111,44955.5555555556,0,0,913844.444444445,605011.111111111,24656988.8888889,0,0,0,0,5855.55555555555,0,0,0,0,4246977.77777778,58744.4444444444,0,326949666.666667,0,0,0
"Montenegro",0,0,70531866.6666667,0,0,188.888888888889,849055.555555555,5665344.44444444,0,0,0,377.777777777778,NA,0,0,0,0,NA,0,0,0,172077.777777778,0,1511.11111111111,0,10042844.4444444,0,0,0,0,377.777777777778,58737455.5555555,0,0,0,0,0,0,2213022.22222222,566.666666666667,0,259911.111111111,0,0,0,0,0,0,0,377.777777777778,0,0,23422.2222222222,5030300,0,0,0,0,0,26132400,421761688.888889,0,0,377.777777777778,NA,0,0,0,0,0,0,60255.5555555556,298822.222222222,38767366.6666667,0,377.777777777778,0,0,0,0,188.888888888889,55344.4444444444,188.888888888889,0,188888.888888889,384200,0,0,0,0,0,188.888888888889,0,75933.3333333334,0,0,0,0,0,34377.7777777778,0,0,0,94444.4444444444,0,0,0,0,0,0,0,0,0,0,0,0,395722.222222222,NA,0,331311.111111111,0,0,0,0,188.888888888889,439355.555555555,0,31355.5555555556,4178222.22222222,0,0,10200,0,5155344.44444444,944.444444444444,0,0,0,0,0,55344.4444444444,0,144451644.444444,0,0,0,0,0,0,0,0,5408833.33333333,132411.111111111,755.555555555556,0,0,6422.22222222222,0,0,0,2146533.33333333,10225688.8888889,0,0,188.888888888889,0,4344.44444444445,0,0,0,0,19833.3333333333,0,0,0,0,1785566.66666667,3825377.77777778,14659855.5555556,0,0,0,0,0,0,0,0,0,1882088.88888889,191911.111111111,1107470666.66667,0,0,0,0
"Sudan",NA,NA,NA,NA,NA,NA,NA,NA,NA,NA,NA,NA,NA,NA,NA,NA,NA,NA,NA,NA,NA,NA,NA,NA,NA,NA,NA,NA,NA,NA,NA,NA,NA,NA,NA,NA,NA,NA,NA,NA,NA,NA,NA,NA,NA,NA,NA,NA,NA,NA,NA,NA,NA,NA,NA,NA,NA,NA,NA,NA,NA,NA,NA,NA,NA,NA,NA,NA,NA,NA,NA,NA,NA,NA,NA,NA,NA,NA,NA,NA,NA,NA,NA,NA,NA,NA,NA,NA,NA,NA,NA,NA,NA,NA,NA,NA,NA,NA,NA,NA,NA,NA,NA,NA,NA,NA,NA,NA,NA,NA,NA,NA,NA,NA,NA,NA,NA,NA,NA,NA,NA,NA,NA,NA,NA,NA,NA,NA,NA,NA,NA,NA,NA,NA,NA,NA,NA,NA,NA,NA,NA,NA,NA,NA,NA,NA,NA,NA,NA,NA,NA,NA,NA,NA,NA,NA,NA,NA,NA,NA,NA,NA,NA,NA,NA,NA,NA,NA,NA,NA,NA,NA,NA,NA,NA,NA,NA,NA,NA,NA,NA,NA,NA,NA,NA,NA,NA,NA,NA,NA,NA,NA,NA,NA,NA
"South Sudan",NA,NA,NA,NA,NA,NA,NA,NA,NA,NA,NA,NA,NA,NA,NA,NA,NA,NA,NA,NA,NA,NA,NA,NA,NA,NA,NA,NA,NA,NA,NA,NA,NA,NA,NA,NA,NA,NA,NA,NA,NA,NA,NA,NA,NA,NA,NA,NA,NA,NA,NA,NA,NA,NA,NA,NA,NA,NA,NA,NA,NA,NA,NA,NA,NA,NA,NA,NA,NA,NA,NA,NA,NA,NA,NA,NA,NA,NA,NA,NA,NA,NA,NA,NA,NA,NA,NA,NA,NA,NA,NA,NA,NA,NA,NA,NA,NA,NA,NA,NA,NA,NA,NA,NA,NA,NA,NA,NA,NA,NA,NA,NA,NA,NA,NA,NA,NA,NA,NA,NA,NA,NA,NA,NA,NA,NA,NA,NA,NA,NA,NA,NA,NA,NA,NA,NA,NA,NA,NA,NA,NA,NA,NA,NA,NA,NA,NA,NA,NA,NA,NA,NA,NA,NA,NA,NA,NA,NA,NA,NA,NA,NA,NA,NA,NA,NA,NA,NA,NA,NA,NA,NA,NA,NA,NA,NA,NA,NA,NA,NA,NA,NA,NA,NA,NA,NA,NA,NA,NA,NA,NA,NA,NA,NA,NA
"Occupied Palestinian Territory",NA,NA,NA,NA,NA,NA,NA,NA,NA,NA,NA,NA,NA,NA,NA,NA,NA,NA,NA,NA,NA,NA,NA,NA,NA,NA,NA,NA,NA,NA,NA,NA,NA,NA,NA,NA,NA,NA,NA,NA,NA,NA,NA,NA,NA,NA,NA,NA,NA,NA,NA,NA,NA,NA,NA,NA,NA,NA,NA,NA,NA,NA,NA,NA,NA,NA,NA,NA,NA,NA,NA,NA,NA,NA,NA,NA,NA,NA,NA,NA,NA,NA,NA,NA,NA,NA,NA,NA,NA,NA,NA,NA,NA,NA,NA,NA,NA,NA,NA,NA,NA,NA,NA,NA,NA,NA,NA,NA,NA,NA,NA,NA,NA,NA,NA,NA,NA,NA,NA,NA,NA,NA,NA,NA,NA,NA,NA,NA,NA,NA,NA,NA,NA,NA,NA,NA,NA,NA,NA,NA,NA,NA,NA,NA,NA,NA,NA,NA,NA,NA,NA,NA,NA,NA,NA,NA,NA,NA,NA,NA,NA,NA,NA,NA,NA,NA,NA,NA,NA,NA,NA,NA,NA,NA,NA,NA,NA,NA,NA,NA,NA,NA,NA,NA,NA,NA,NA,NA,NA,NA,NA,NA,NA,NA,NA
