"","1","2","3","4","8","9","10","11","12","13","14","16","17","18","19","20","21","22","23","25","26","27","28","29","32","33","35","37","38","39","40","41","44","45","46","47","48","49","50","52","53","54","55","56","57","58","59","60","61","63","64","66","67","68","70","72","73","74","75","79","80","81","83","84","85","86","89","90","91","93","95","96","97","98","99","100","101","102","103","104","105","106","107","108","109","110","112","113","114","115","116","117","118","119","120","121","122","123","124","126","128","129","130","131","132","133","134","136","137","138","141","143","144","146","147","149","150","151","153","154","155","156","157","158","159","162","165","166","167","168","169","170","171","173","174","175","176","178","179","181","183","184","185","188","189","191","193","194","195","196","197","198","199","200","201","202","203","207","208","209","210","211","212","213","214","215","216","217","219","220","221","222","223","225","226","227","229","230","231","233","234","235","236","237","238","249","250","251","255","256","272","273","276","277","299"
"Armenia",0,0,0,0,0,4716933.33333333,1523200,20400,0,2266.66666666667,0,0,0,0,0,0,2044533.33333333,0,0,0,0,6537066.66666667,0,0,0,15980000,0,0,0,0,0,47119466.6666667,0,0,0,0,0,0,0,0,0,9066.66666666667,0,0,28754933.3333333,0,0,0,0,784266.666666667,0,0,74800,49567466.6666667,0,0,14635866.6666667,0,0,23246933.3333333,0,0,0,1734000,0,0,0,0,0,0,0,11333.3333333333,0,0,201733.333333333,557600,0,0,979200,0,4161600,32204800,0,41554800,0,2398133.33333333,0,2683733.33333333,0,9066.66666666667,0,7699866.66666667,0,3087200,0,2570400,0,0,0,34995066.6666667,0,0,0,0,0,0,0,0,0,0,4533.33333333333,0,0,13600,0,0,21671600,0,0,0,0,0,0,0,6800,156400,0,0,7396133.33333333,0,0,0,0,48225600,0,0,0,0,0,0,0,0,2236950666.66667,0,0,0,0,0,0,0,0,0,0,172266.666666667,0,0,22666.6666666667,0,0,0,2207733.33333333,58366666.6666667,0,4046000,0,0,0,0,0,0,92933.3333333333,0,0,2715466.66666667,4533.33333333333,0,12514266.6666667,250072266.666667,240074000,0,2266.66666666667,0,0,863600,0,0,0,0,39288133.3333333,2266.66666666667,61200,0,0,0,0
"Afghanistan",0,0,0,0,0,0,0,0,0,0,0,0,0,0,0,0,0,0,0,0,0,0,0,0,0,0,0,0,0,0,0,0,0,0,0,0,0,0,0,0,0,0,0,0,0,0,0,0,0,0,0,0,0,47600,0,0,0,0,0,0,0,0,0,0,0,0,0,0,0,0,0,0,0,0,0,0,0,0,0,0,0,0,0,0,0,0,0,0,0,0,0,0,0,0,0,0,0,0,0,0,0,0,0,0,0,0,0,0,0,0,0,0,0,0,0,0,0,0,0,0,0,0,0,0,0,0,0,0,0,0,0,0,0,0,0,0,0,0,0,0,0,0,0,0,0,0,0,0,2618000,0,0,0,0,0,0,0,0,0,0,0,0,20400,0,0,0,0,0,0,0,0,0,0,0,0,0,0,0,0,0,0,0,0,0,0,0,0,0,0,0,0,0,0,0,0,0
"Albania",0,0,0,0,0,0,6800,6800,0,0,0,0,0,0,0,0,0,0,0,0,0,0,0,0,0,0,0,0,0,0,0,9066.66666666667,0,0,0,0,0,0,0,0,0,0,0,0,0,0,0,0,0,0,0,0,0,2266.66666666667,0,0,0,0,0,0,11333.3333333333,0,0,13600,0,0,0,0,0,0,0,0,0,0,0,0,0,0,0,0,0,364933.333333333,0,0,0,0,0,0,18133.3333333333,0,0,0,0,20400,0,0,0,0,0,0,0,0,0,0,0,0,0,0,0,0,0,0,0,0,0,0,0,0,0,0,0,0,0,0,0,0,0,0,0,0,0,0,0,0,0,0,0,0,0,0,0,0,0,0,0,0,0,0,0,0,0,0,0,0,0,0,4533.33333333333,0,0,0,0,516800,0,0,0,0,0,0,0,36266.6666666667,0,0,0,0,0,0,3241333.33333333,0,0,0,0,0,0,0,0,0,0,0,9066.66666666667,0,0,1330533.33333333,0,0,0
"Algeria",0,0,0,0,0,0,0,0,0,0,0,0,0,0,0,0,0,0,0,0,0,0,0,0,0,231200,0,0,0,0,0,9440666.66666667,0,0,0,0,0,0,0,0,0,0,0,0,0,0,0,0,0,0,0,0,2266.66666666667,65812666.6666667,0,0,0,0,0,0,0,0,0,0,0,0,0,0,0,0,0,0,6800,0,0,0,0,0,0,0,0,0,0,0,0,489600,0,0,0,0,0,0,0,0,0,0,0,0,0,0,0,0,0,0,0,0,0,0,0,0,0,142800,0,0,0,0,0,0,0,0,0,0,0,0,0,0,0,0,0,0,0,0,0,0,4533.33333333333,0,0,0,0,0,0,0,0,0,0,0,0,0,0,0,0,0,0,0,0,0,0,0,0,0,9066.66666666667,0,0,0,0,0,0,0,0,36266.6666666667,0,0,0,0,0,0,0,0,0,0,0,0,0,0,0,0,0,0,0,0,0,0,0,0,0
"Antigua and Barbuda",0,0,0,0,0,0,553066.666666667,0,0,0,398933.333333333,0,0,0,0,0,0,0,0,0,0,0,0,0,0,24933.3333333333,0,0,0,0,0,0,0,0,0,0,0,0,0,0,0,0,2266.66666666667,0,0,0,0,0,0,0,0,0,170000,2375466.66666667,0,0,0,0,0,0,0,0,0,0,0,140533.333333333,0,0,4533.33333333333,0,18133.3333333333,0,0,0,0,0,0,0,0,2266.66666666667,0,0,0,0,0,0,0,0,0,0,0,0,0,0,0,0,0,0,0,0,0,0,0,0,0,0,0,0,13600,0,0,0,0,0,0,31733.3333333333,0,0,0,0,0,52133.3333333333,0,0,0,0,0,0,0,0,0,0,0,2266.66666666667,0,0,0,0,0,0,419333.333333333,0,0,0,6933733.33333333,1015466.66666667,0,0,0,0,0,0,0,6800,0,0,0,0,0,0,3214133.33333333,0,0,0,0,0,0,0,0,181333.333333333,0,0,0,0,0,0,11412666.6666667,11333.3333333333,20400,0,0,0,0,0,0,0,0,0,0,0,20400,0,0,0,0
"Argentina",0,0,0,0,22519333.3333333,0,1953368000,45884133.3333333,64046933.3333333,0,36178266.6666667,0,0,0,138457066.666667,0,15675659200,0,4381466.66666667,0,0,3.4e+07,1752133.33333333,0,0,24752525866.6667,0,0,21535600,0,937234933.333333,14466834533.3333,2569697333.33333,0,0,0,746272800,3080400,20152933.3333333,0,0,3176960000,0,247030400,24507200,1624121066.66667,0,40895200,0,61608000,0,3381866.66666667,748736666.666667,2760688933.33333,0,0,0,0,0,4636688800,0,0,0,22870666.6666667,0,7756533.33333333,291053600,0,7323600,76817333.3333333,63963066.6666667,197460666.666667,14595066.6666667,2355066.66666667,89277200,59450133.3333333,70611200,0,0,1862680933.33333,325801600,100980000,227045200,18330533.3333333,77476933.3333333,1963468266.66667,1983333.33333333,0,115509333.333333,22514800,0,1060079200,0,192061466.666667,3502000,0,0,0,0,63251333.3333333,0,0,0,165929066.666667,36289333.3333333,0,21633066.6666667,0,6346666.66666667,8323778000,8300533.33333333,0,0,0,0,0,5106027066.66667,0,0,0,0,206540933.333333,67675866.6666667,0,0,411851066.666667,0,487612133.333333,2140873466.66667,0,9052767466.66667,3014022933.33333,72483466.6666667,568600133.333333,14098666.6666667,0,0,0,115901466.666667,0,7915200,0,4956064400,3991600,69047200,0,0,0,1496000,0,0,0,10583066.6666667,489885600,0,2932010400,9847299866.66667,0,0,0,2405475066.66667,2059849200,0,0,469417600,0,78719066.6666667,399728933.333333,0,44458400,0,0,2436666.66666667,392951600,0,0,35986227866.6667,281497333.333333,44229294400,0,1775831333.33333,0,741834666.666667,65651733.3333333,0,0,0,0,1506893600,16936533.3333333,1865466.66666667,0,0,0,0
"Australia",0,0,0,21760000,516800,11333.3333333333,0,2788000,48182533.3333333,90081866.6666667,50256533.3333333,11022800,0,122400,0,0,219209333.333333,0,480533.333333333,105230000,682266.666666667,2230400,32084666.6666667,0,2935333.33333333,36242757866.6667,0,0,106154800,0,3164266.66666667,53949078400,27290666.6666667,0,0,47368800,190400,0,37001066.6666667,0,2089866.66666667,13041731333.3333,5378800,17473733.3333333,2253066.66666667,0,0,0,0,41588800,0,511462000,3359535466.66667,1528556133.33333,3216400,0,17022666.6666667,0,0,10300769200,0,5816266.66666667,2776666.66666667,5530666.66666667,0,10558133.3333333,958800,0,906666.666666667,396666.666666667,0,6296181200,0,0,0,1290168533.33333,534933333.333333,0,0,2033179600,29895066.6666667,180812000,0,346800,107979466.666667,9373006666.66667,0,0,62915866.6666667,143591066.666667,0,3038006533.33333,0,1421317866.66667,1337333.33333333,86133.3333333333,0,0,0,55843866.6666667,25436533.3333333,0,0,1892147600,80131200,0,28952133.3333333,0,11541866.6666667,136349066.666667,9640133.33333333,5007066.66666667,0,0,0,52085733.3333333,17631375466.6667,0,105361466.666667,0,303343466.666667,21855086666.6667,0,5124933.33333333,22041066.6666667,1628534266.66667,40800,21687466.6666667,8490933.33333333,305664533.333333,0,1786133.33333333,1420207200,1046207200,299200,0,19411733.3333333,0,219782800,0,7382533.33333333,0,127388933.333333,0,12863333.3333333,0,0,729866.666666667,0,806933.333333333,0,71830666.6666667,0,5129389600,0,110991866.666667,382674533.333333,8416133.33333333,0,0,3757532666.66667,202766933.333333,0,0,2126772533.33333,2253066.66666667,2468477066.66667,0,23938266.6666667,92115066.6666667,2001466.66666667,0,19114800,2273790800,190400,10682800,168155889866.667,100218400,91713848533.3333,0,19905866.6666667,0,0,532036533.333333,0,0,0,0,16730509200,81600,176800,0,0,0,0
"Austria",194933.333333333,0,2203200,29466.6666666667,0,99733.3333333333,57756933.3333333,0,473733.333333333,27200,185866.666666667,0,0,0,0,2266.66666666667,5168000,0,0,0,0,14091866.6666667,401200,0,0,469206800,0,0,442000,0,108800,205443866.666667,4488000,0,310533.333333333,0,2266.66666666667,11333.3333333333,52654666.6666667,487333.333333333,0,400853200,0,0,723066.666666667,0,822800,0,0,30264533.3333333,0,0,299415333.333333,447521600,0,0,99733.3333333333,0,0,29128643200,3474800,0,0,3313866.66666667,0,0,194933.333333333,18133.3333333333,0,0,0,14171200,176142666.666667,46332933.3333333,2058133.33333333,1518666.66666667,353600,0,0,41425600,9005466.66666667,465371600,0,457866.666666667,0,102609733.333333,70266.6666666667,0,40800,2395866.66666667,0,40766000,287866.666666667,237131866.666667,0,1083466.66666667,0,0,0,118272400,0,0,0,485066.666666667,911200,9066.66666666667,3171066.66666667,0,0,3570000,2890000,156400,0,34000,9066.66666666667,0,3547376400,0,0,22666.6666666667,0,972400,0,0,283333.333333333,909293733.333333,233466.666666667,0,1170366133.33333,22666.6666666667,2266.66666666667,278800,922533.333333333,177414266.666667,3588133.33333333,2266.66666666667,0,0,3384133.33333333,0,19300666.6666667,0,170192666.666667,0,0,0,0,326400,158666.666666667,0,0,30511600,1167367333.33333,17516800,0,111066.666666667,33705333.3333333,0,0,58933.3333333333,979571733.333333,2934598933.33333,0,0,9628800,172266.666666667,11054533.3333333,0,0,58933.3333333333,231200,240266.666666667,3776266.66666667,11326533.3333333,0,0,853171066.666667,31085066.6666667,2332254933.33333,0,287866.666666667,0,0,8912533.33333333,36266.6666666667,0,0,0,344678400,21637600,3035066.66666667,151866.666666667,0,0,0
"Bahamas",0,0,0,0,0,0,0,0,0,0,0,0,0,0,0,0,0,0,0,0,0,0,0,0,0,0,0,0,0,0,0,0,0,0,0,0,0,0,0,0,0,0,0,0,0,0,0,0,0,0,0,0,0,881733.333333333,0,0,0,0,0,0,0,0,0,0,0,0,0,0,0,0,0,0,0,0,0,0,0,0,0,0,0,0,0,0,0,0,0,0,0,0,0,0,0,0,0,0,0,0,0,0,0,0,0,0,0,0,0,0,0,0,0,0,0,0,0,0,0,0,0,0,0,0,0,0,0,0,0,0,0,0,0,0,0,0,0,0,0,0,0,0,0,0,0,0,0,0,0,0,0,0,0,0,0,0,0,0,0,0,0,0,0,0,0,0,0,0,0,0,0,0,0,0,0,0,0,0,115600,0,0,0,0,0,0,0,0,0,0,0,0,0,0,0,0,0,0
"Bahrain",0,0,0,0,0,0,0,0,0,0,0,0,0,0,0,0,0,0,0,0,0,0,0,0,0,0,0,0,1684133.33333333,0,0,9066.66666666667,0,0,0,0,0,0,0,0,0,0,0,0,0,0,0,0,0,0,0,0,0,204000,0,0,0,0,0,0,0,0,0,0,0,0,0,0,0,0,0,296933.333333333,0,0,0,0,0,0,0,0,0,0,0,0,0,0,0,0,0,0,0,0,0,0,0,0,0,0,0,0,0,0,0,0,0,0,0,0,0,0,0,0,0,0,0,0,0,0,0,0,0,0,0,0,0,0,0,0,0,0,0,0,0,0,0,0,0,0,0,0,0,0,0,0,0,0,0,0,0,0,0,0,0,0,0,0,0,0,0,0,0,0,0,0,0,0,0,0,0,24933.3333333333,31733.3333333333,0,0,20400,0,0,2266.66666666667,0,36266.6666666667,0,0,0,0,0,0,0,0,0,0,0,0,0,0,0,0
"Barbados",0,0,0,0,179066.666666667,0,0,0,0,0,0,0,0,0,0,0,0,0,0,0,0,4533.33333333333,0,0,0,258400,0,0,0,0,6800,133733.333333333,0,0,0,6800,0,0,0,0,0,0,0,0,0,0,0,0,0,0,0,0,0,22666.6666666667,0,0,0,4533.33333333333,0,31733.3333333333,0,0,0,0,0,2828800,0,0,79333.3333333333,0,0,0,0,0,0,0,0,0,0,176800,0,122400,0,0,1568533.33333333,0,0,0,0,0,0,0,0,6800,0,0,0,0,0,0,0,0,0,0,0,0,0,0,0,0,0,0,0,0,0,0,0,0,0,0,0,0,0,0,0,0,0,0,0,0,0,0,0,0,0,0,0,0,0,0,0,0,0,0,811466.666666667,6065600,0,0,0,0,0,0,0,0,0,0,0,0,0,0,0,0,0,0,0,0,0,0,0,831866.666666667,0,0,0,0,0,0,675466.666666667,0,5086400,0,0,0,0,0,0,0,0,0,0,0,0,0,0,0,0
"Bangladesh",0,0,0,0,0,0,0,0,0,0,0,0,0,0,0,0,0,0,0,0,0,0,0,0,0,0,0,0,0,0,0,0,0,0,0,0,0,0,0,0,0,0,0,0,0,0,0,0,0,0,0,0,0,0,0,0,0,0,0,0,0,0,0,0,0,0,0,0,0,0,0,0,0,0,0,0,0,0,0,0,0,0,0,0,0,0,0,0,0,0,0,0,0,0,0,0,0,0,0,0,0,0,0,0,0,0,0,0,0,0,0,0,0,0,0,0,0,0,0,0,0,0,0,0,0,2266.66666666667,0,0,0,0,0,0,0,0,0,0,0,0,0,0,0,0,0,0,0,0,0,0,0,0,0,0,0,0,0,0,0,0,0,0,0,183600,0,0,0,0,0,0,0,0,0,0,0,0,0,0,0,0,0,0,0,0,0,0,0,0,0,0,0,0,0,0,0,0,0
"Bermuda",0,0,0,0,0,0,0,0,0,0,0,0,0,0,0,0,0,0,0,0,0,0,0,0,0,0,0,0,0,0,0,0,0,0,0,0,0,0,0,0,0,0,0,0,0,0,0,0,0,0,0,0,0,0,0,0,0,0,0,0,0,0,0,0,0,0,0,0,0,0,0,0,0,0,0,0,0,0,0,0,0,0,0,0,0,0,0,0,0,0,0,0,0,0,0,0,0,0,0,0,0,0,0,0,0,0,0,0,0,0,0,0,0,0,0,0,0,0,0,0,0,0,0,0,0,0,0,0,0,0,0,0,0,0,0,0,0,0,0,0,0,0,0,0,0,0,0,0,0,0,0,0,0,0,0,0,0,0,0,0,0,0,0,0,0,0,0,0,0,0,0,0,0,0,0,0,0,0,0,0,0,0,0,0,0,0,0,0,0,0,0,0,0,0,0
"Bhutan",0,0,0,0,0,0,0,0,0,0,0,0,0,0,0,0,0,0,0,0,0,0,0,0,0,0,0,0,0,0,0,0,0,0,0,0,0,0,0,0,0,0,0,0,0,0,0,0,0,0,0,0,0,0,0,0,0,0,0,0,0,0,0,0,0,0,0,0,0,0,0,0,0,0,0,3173333.33333333,0,0,0,0,0,0,0,0,0,0,0,0,0,0,0,4533.33333333333,0,0,0,0,0,0,0,0,0,0,0,0,0,0,0,0,0,0,0,0,0,0,0,0,0,0,0,0,0,0,0,0,0,0,0,0,0,0,0,0,0,0,0,0,0,0,0,0,0,0,0,0,0,0,0,0,0,0,0,0,0,29466.6666666667,0,0,0,0,0,0,0,6800,0,0,0,0,0,0,0,0,0,0,0,0,0,0,0,0,0,0,0,0,0,0,0,0,0,0,0,0,0,0,0,0,0
"Bolivia (Plurinational State of)",0,0,0,0,0,4533.33333333333,0,0,0,0,0,0,0,0,0,0,31733.3333333333,0,0,0,0,0,0,0,0,0,0,0,0,0,0,0,0,0,0,0,0,0,0,0,0,0,0,0,0,0,0,0,0,0,0,0,0,2491066.66666667,0,0,0,0,0,0,0,0,0,0,0,0,0,0,0,0,0,0,0,0,0,0,0,0,0,0,0,0,0,0,0,72533.3333333333,0,0,0,0,0,0,0,0,0,0,0,0,0,0,0,0,0,0,0,0,0,0,0,0,0,0,0,0,0,0,0,0,0,0,0,0,0,0,0,0,0,72533.3333333333,0,0,0,31733.3333333333,0,0,0,0,0,0,0,0,0,0,0,0,0,0,0,0,0,0,0,0,0,0,0,0,0,0,0,0,201733.333333333,0,0,0,0,0,0,0,0,0,0,0,0,0,0,0,3855600,0,9372666.66666667,0,0,0,0,0,0,0,0,0,0,111066.666666667,0,0,0,0,0
"Botswana",0,0,0,0,0,0,0,0,0,0,0,0,0,0,0,0,0,0,0,0,0,0,0,0,0,0,0,0,0,0,0,0,0,0,0,0,0,0,0,0,0,0,0,0,0,0,0,0,0,0,0,0,0,0,0,0,0,0,0,2266.66666666667,0,0,0,0,0,0,0,0,0,0,0,0,0,0,0,0,0,0,0,0,0,0,0,0,0,0,0,0,0,0,0,0,0,0,0,0,0,0,0,0,0,0,0,0,0,0,0,0,0,0,0,0,0,0,11333.3333333333,0,0,0,0,0,0,0,0,0,0,0,0,0,0,0,0,0,0,0,0,0,0,0,0,1165066.66666667,0,0,0,0,0,0,0,0,0,0,0,0,0,0,0,228933.333333333,0,0,0,0,0,0,0,0,0,0,0,0,0,0,0,0,0,0,0,0,3.4e+07,0,0,0,0,0,0,0,0,0,0,4832533.33333333,0,0,0,0,0,0,0
"Brazil",0,2266.66666666667,0,0,389866.666666667,303733.333333333,759333.333333333,0,852266.666666667,183600,104266.666666667,0,0,0,9742133.33333333,0,0,0,2266.66666666667,0,0,2266.66666666667,0,0,0,1568533.33333333,4533.33333333333,0,0,0,45333.3333333333,87686000,14592800,2266.66666666667,0,0,0,0,1258000,0,2266.66666666667,355866.666666667,149600,0,0,856800,0,0,0,0,0,0,201733.333333333,11258533.3333333,0,0,0,0,0,3660666.66666667,49866.6666666667,9184533.33333333,0,580266.666666667,0,0,6122266.66666667,0,856800,262409733.333333,0,10877733.3333333,40800,4533.33333333333,2266.66666666667,29466.6666666667,2266.66666666667,31733.3333333333,0,18133.3333333333,0,503200,0,0,0,31948666.6666667,9066.66666666667,0,0,0,0,86133.3333333333,0,0,0,129200,0,4635333.33333333,0,0,0,0,0,11333.3333333333,684533.333333333,0,2960266.66666667,2266.66666666667,0,9066.66666666667,0,0,0,0,0,0,11217733.3333333,0,1638800,0,6800,285600,0,0,26114266.6666667,1117466.66666667,0,13745066.6666667,711733.333333333,0,2835629466.66667,4549200,1008666.66666667,4286266.66666667,7860800,0,0,0,29466.6666666667,0,0,0,57809066.6666667,0,0,2266.66666666667,0,0,0,0,3730933.33333333,0,0,9869066.66666667,0,6800,816000,2078533.33333333,0,2266.66666666667,13600,2296133.33333333,0,0,1031333.33333333,0,466933.333333333,428400,0,0,0,0,126933.333333333,446533.333333333,0,0,24659066.6666667,0,554435733.333333,0,33446933.3333333,0,7015333.33333333,56666.6666666667,0,0,0,0,1817866.66666667,736666.666666667,0,9066.66666666667,0,0,0
"Aruba",0,0,0,0,0,0,0,0,0,0,0,0,0,0,0,0,0,0,0,0,0,0,0,0,0,0,0,0,0,0,0,0,0,0,0,0,0,0,0,0,0,0,0,0,0,0,0,0,0,0,0,0,0,0,0,0,0,0,0,0,0,0,0,0,0,0,0,0,0,0,0,0,0,0,0,0,0,0,0,0,0,0,0,0,0,0,0,0,0,0,0,0,0,0,0,0,0,0,0,0,0,0,0,0,0,0,0,0,0,0,0,0,0,0,0,0,0,0,0,0,0,0,0,0,0,0,0,0,0,0,0,0,0,0,0,0,0,0,0,0,0,0,0,0,0,0,0,0,0,0,0,0,0,0,0,0,0,0,0,0,0,0,0,0,0,0,0,0,0,0,0,0,0,0,0,0,0,0,0,0,0,0,0,0,0,0,0,0,0,0,0,0,0,0,0
"Belize",0,0,0,0,0,6800,0,0,0,0,0,0,0,0,0,0,0,0,0,0,0,0,0,0,0,0,0,0,0,0,408000,18133.3333333333,0,0,0,0,0,0,0,0,0,0,0,0,0,0,0,0,0,0,0,0,0,4533.33333333333,0,0,0,0,0,0,0,0,0,0,0,0,24933.3333333333,0,0,0,0,0,0,0,0,0,0,0,0,0,0,9066.66666666667,0,0,0,0,0,0,0,0,0,0,0,0,0,0,0,0,0,0,0,0,0,0,0,0,0,0,0,0,0,0,0,0,0,0,0,0,0,0,0,0,0,0,0,0,0,5165733.33333333,0,0,0,0,0,0,0,0,0,0,0,0,0,0,0,0,0,0,0,0,0,0,0,0,0,0,0,0,0,0,0,0,0,0,0,0,0,0,0,0,0,0,0,0,0,0,0,0,0,0,2325600,0,0,0,0,0,0,0,0,0,0,0,0,0,0,0,0
"Solomon Islands",0,0,0,0,0,0,0,0,0,0,0,0,0,0,0,0,0,0,0,0,0,0,0,0,0,0,0,0,0,0,0,0,0,0,0,0,0,0,0,0,0,0,0,0,0,0,0,0,0,0,0,0,0,0,0,0,0,0,0,0,0,0,0,0,0,0,0,0,0,0,0,0,0,0,0,0,0,0,0,0,0,0,0,0,0,0,0,0,0,0,0,0,0,0,0,0,0,0,0,0,0,0,0,0,0,0,0,0,0,0,0,0,0,0,0,0,0,0,0,0,0,0,0,0,0,0,0,0,0,0,0,0,0,0,0,0,0,0,0,0,0,0,0,0,0,0,0,0,0,0,0,0,0,0,0,0,0,0,0,0,0,0,0,0,0,0,0,0,0,0,0,0,0,0,0,0,0,0,0,0,0,0,0,0,0,0,0,0,0,0,0,0,0,0,0
"Brunei Darussalam",0,0,0,0,0,0,0,0,0,0,0,0,0,0,0,0,0,0,0,0,0,0,0,0,0,0,0,0,0,0,0,0,0,0,0,0,0,0,0,0,0,0,0,0,0,0,0,0,0,0,0,0,0,0,0,0,0,0,0,0,0,0,0,0,0,0,0,0,0,0,0,0,0,0,0,0,0,0,0,0,0,0,0,0,0,0,0,0,0,0,0,0,0,0,0,0,0,0,0,0,0,0,0,0,0,0,0,0,0,0,0,0,0,0,0,0,0,0,0,0,0,0,0,0,0,0,0,0,0,0,0,0,0,0,0,0,0,0,0,0,0,0,0,0,0,0,0,0,0,0,0,0,0,0,0,0,0,0,0,0,0,0,0,0,0,0,0,0,0,0,0,0,0,0,0,0,0,0,0,0,0,0,0,0,0,0,0,0,0,0,0,0,0,0,0
"Bulgaria",2441200,0,0,0,6800,0,0,6682133.33333333,0,0,0,1235333.33333333,0,0,0,0,27404000,0,0,0,0,0,428400,21574133.3333333,2382266.66666667,41706666.6666667,0,8905733.33333333,0,0,0,178008133.333333,0,0,4533.33333333333,0,0,0,4041466.66666667,40800,81012933.3333333,14302666.6666667,0,0,16301866.6666667,0,2266.66666666667,0,0,1938000,0,0,1863200,68784266.6666667,0,0,557600,2382266.66666667,0,204661866.666667,0,33610133.3333333,0,70781200,0,0,0,0,0,0,0,21594533.3333333,1559466.66666667,74614133.3333333,0,3876000,0,0,0,2615733.33333333,20400,198668800,91290000,34210800,0,452000533.333333,0,0,0,0,0,7069733.33333333,0,82128133.3333333,0,28702800,0,0,0,162651466.666667,0,0,0,2676933.33333333,0,0,2876400,0,0,1808800,38891466.6666667,0,0,0,0,0,93468266.6666667,0,0,3567733.33333333,0,0,0,0,278052000,8534000,0,0,1299305466.66667,0,0,0,0,6140669733.33333,208533.333333333,0,0,0,0,0,47164800,9882666.66666667,862056400,0,0,0,0,0,0,0,0,21186533.3333333,176781866.666667,3690133.33333333,0,0,7591066.66666667,0,0,0,2852924133.33333,33932000,600666.666666667,0,3794400,0,0,0,0,0,0,0,0,52670533.3333333,0,0,951034400,7684000,343084933.333333,0,0,0,0,12305733.3333333,0,0,0,0,422416000,8588400,7718000,1056266.66666667,0,0,677733.333333333
"Myanmar",0,0,0,0,0,0,0,0,0,0,0,0,0,0,0,0,0,0,0,0,0,0,0,0,0,0,0,0,0,0,0,0,0,0,0,0,0,0,0,0,0,0,0,0,0,0,0,0,0,0,0,0,0,0,0,0,0,0,0,0,0,0,0,0,0,0,0,0,0,0,0,0,0,0,0,0,0,0,0,0,0,0,0,0,0,0,0,0,0,0,0,0,0,0,0,0,0,0,0,0,0,0,0,0,0,0,0,0,0,0,0,0,0,0,0,0,0,0,0,0,0,0,0,0,0,0,0,0,0,0,0,0,0,0,0,0,0,0,0,0,0,0,0,0,0,0,0,0,0,0,0,0,0,0,0,0,0,0,0,0,0,0,0,0,0,0,0,0,0,0,0,0,0,0,0,0,0,0,0,0,0,0,0,0,0,0,0,0,0,0,0,0,0,0,0
"Burundi",0,0,0,0,0,0,0,0,0,0,0,0,0,0,0,0,0,0,0,0,0,0,0,0,0,0,0,0,0,0,0,0,0,0,0,0,0,0,0,0,0,0,0,0,0,0,0,0,0,0,0,0,0,0,0,0,0,0,0,0,0,0,0,0,0,0,0,0,0,0,0,0,0,0,0,0,0,0,0,0,0,0,0,0,0,0,0,0,0,0,0,0,0,0,0,0,0,0,0,0,0,0,0,0,0,0,0,0,0,0,0,0,0,0,0,0,0,0,0,0,0,0,0,0,0,0,0,0,0,0,0,0,0,0,0,0,0,0,0,0,0,47600,0,0,0,0,0,0,0,0,0,0,0,0,0,0,0,0,0,0,0,0,0,0,0,0,0,0,0,0,0,0,0,0,0,0,2266.66666666667,0,0,0,0,0,0,0,0,0,5002533.33333333,0,0,0,0,0,0,0,0
"Cameroon",0,0,0,0,0,0,0,0,0,0,0,0,0,0,0,0,0,0,0,0,0,0,0,0,0,0,0,72209200,0,0,0,0,0,0,7103733.33333333,0,0,0,0,0,0,0,0,0,0,0,0,0,0,0,0,0,0,68000,0,0,0,0,0,0,0,0,0,0,0,0,0,0,0,0,0,0,0,0,0,0,0,0,0,0,0,0,4533.33333333333,0,0,0,0,0,0,0,0,0,0,0,0,0,0,0,0,0,0,0,0,0,0,0,0,0,0,0,0,0,0,0,0,0,0,0,0,0,0,0,0,0,0,0,0,0,0,0,0,0,0,0,0,0,0,0,0,0,0,15866.6666666667,0,0,0,0,0,0,0,0,0,0,0,0,0,2266.66666666667,10671466.6666667,0,0,0,2488800,0,0,0,0,0,0,0,0,61200,0,0,0,0,2266.66666666667,0,5440000,0,0,0,0,0,0,0,0,0,0,0,0,0,0,0,0,0,0
"Canada",0,0,0,0,0,0,938400,0,0,0,215333.333333333,0,0,0,0,0,27200,0,0,0,0,106533.333333333,0,0,0,0,0,0,0,0,1468800,497388266.666667,0,0,226666.666666667,0,102000,1260266.66666667,0,0,0,8611066.66666667,0,47600,0,0,0,0,0,190400,0,0,1826933.33333333,5986266.66666667,0,0,0,0,0,6824933.33333333,0,0,0,0,0,0,0,0,0,0,0,111848666.666667,0,0,2717733.33333333,0,204000,0,0,2407200,0,5786800,0,0,0,41130933.3333333,0,0,0,0,0,35006400,0,9531333.33333333,0,0,0,0,0,0,0,0,0,791066.666666667,0,0,13600,0,0,15866.6666666667,0,0,0,0,0,0,18072133.3333333,0,0,0,0,0,0,0,22666.6666666667,9884933.33333333,0,0,15866.6666666667,0,0,0,752533.333333333,0,831866.666666667,0,0,0,0,0,0,0,2534133.33333333,0,0,0,0,0,0,0,0,0,36266.6666666667,3842000,0,61200,426133.333333333,0,0,0,1296533.33333333,2994266.66666667,0,0,19246266.6666667,0,176800,0,0,83866.6666666667,0,0,0,2441200,0,0,57994933.3333333,0,115533904000,11333.3333333333,0,0,0,29466.6666666667,908933.333333333,0,0,0,14395600,0,0,0,0,0,0
"Cape Verde",0,0,0,0,0,0,0,0,0,0,0,0,0,0,0,0,0,0,0,0,0,0,0,0,0,0,0,0,0,0,0,0,0,0,0,0,0,0,0,0,0,0,0,0,0,0,0,0,0,0,0,0,0,0,0,0,0,0,0,0,0,0,0,0,0,0,0,0,0,0,0,0,0,0,0,0,0,0,0,0,0,0,0,0,0,0,0,0,0,0,0,0,0,0,0,0,0,0,0,0,0,0,0,0,0,0,0,0,0,0,0,0,0,0,0,0,0,0,0,0,0,0,0,0,0,0,0,0,0,0,0,0,0,0,4127600,0,0,0,0,0,0,0,0,0,0,0,0,0,0,0,0,0,0,0,0,0,0,0,0,0,0,0,0,0,0,0,0,0,0,0,0,0,0,0,0,0,0,0,0,0,0,0,0,0,0,0,0,0,0,0,0,0,0,0,0
"Central African Republic",0,0,0,0,0,0,0,0,0,0,0,0,0,0,0,0,0,0,0,0,0,0,0,0,562133.333333333,0,0,0,0,0,0,0,0,0,0,0,0,0,0,0,0,0,0,0,0,0,0,0,0,0,0,0,0,0,0,0,0,0,0,0,0,0,0,0,0,0,0,0,0,0,0,0,0,0,0,0,0,0,0,0,0,0,0,0,0,0,0,6800,0,0,0,0,0,0,0,0,0,0,0,0,0,0,0,0,0,0,0,0,0,0,0,0,0,0,0,0,0,0,0,0,0,0,0,0,0,0,0,0,0,0,0,0,0,0,0,0,0,0,0,0,0,0,0,0,0,0,0,0,0,0,0,0,0,0,0,0,0,0,0,0,0,0,0,0,0,0,0,0,0,0,0,0,0,0,0,0,0,0,0,0,0,0,0,0,0,0,0,0,0,0,0,0,0,0,0
"Sri Lanka",0,0,0,0,0,0,0,0,0,0,0,1335066.66666667,0,0,0,0,0,0,0,0,0,0,0,0,0,0,0,0,0,0,2266.66666666667,0,0,0,0,0,0,0,0,0,0,0,0,0,0,0,0,0,0,0,0,0,0,0,0,0,0,0,0,0,0,0,0,0,0,0,0,0,0,0,0,0,0,0,0,23843066.6666667,0,0,0,0,0,0,0,0,0,525866.666666667,0,0,0,0,0,0,0,0,0,0,0,0,0,0,0,0,0,0,10864133.3333333,0,0,0,0,0,0,0,0,0,0,0,2266.66666666667,0,0,0,0,0,0,0,0,0,0,0,0,0,0,0,0,0,0,0,0,0,1679600,0,0,0,0,0,0,0,0,0,0,0,0,0,0,1516400,0,0,15866.6666666667,0,0,0,0,0,0,0,0,0,0,0,0,0,0,0,0,56682533.3333333,0,0,1260266.66666667,0,0,0,0,0,0,0,0,0,0,0,0,0,0,0,0,0,0
"Chad",0,0,0,0,0,0,0,0,0,0,0,0,0,0,0,0,0,0,0,0,0,0,0,0,0,0,0,0,0,0,0,0,0,0,0,0,0,0,0,0,0,0,0,0,0,0,0,0,0,0,0,0,0,0,0,0,0,0,0,0,0,0,0,0,0,0,0,0,0,0,0,0,0,0,0,0,0,0,0,0,0,0,0,0,0,0,0,0,0,0,0,0,0,0,0,0,0,0,0,0,0,0,0,0,0,0,0,0,0,0,0,0,0,0,0,0,0,0,0,0,0,0,0,0,0,0,0,0,0,0,0,0,0,0,0,0,0,0,0,0,0,0,0,0,0,0,0,0,0,0,0,0,0,0,0,0,0,0,0,0,0,0,0,0,0,0,0,0,0,0,0,0,0,0,0,0,0,0,0,0,0,0,0,0,0,0,0,0,0,0,0,0,0,0,0
"Chile",4492533.33333333,0,879466.666666667,0,77717200,78413066.6666667,580189600,35704533.3333333,139531466.666667,39906933.3333333,117259200,0,0,0,32936933.3333333,0,45195363600,0,49524400,0,3590400,112807466.666667,22215600,0,32238800,25066796933.3333,918000,0,193008933.333333,0,0,82289735333.3333,8410493866.66667,0,4408666.66666667,272000,2314529600,354558800,122107600,1260266.66666667,0,12508747333.3333,5621333.33333333,856732000,191073200,3189388133.33333,0,617045600,24010800,628995466.666667,0,43785200,6430032400,7550155600,24990000,0,0,9594800,0,28407249333.3333,0,23081466.6666667,0,14672133.3333333,0,38918666.6666667,1139389866.66667,0,23262800,150164400,358183200,1610151600,20567733.3333333,29466666.6666667,368322000,341981066.666667,192619066.666667,0,57088266.6666667,9402047200,340843200,322997733.333333,16195333.3333333,42314133.3333333,138221333.333333,48478335600,35040400,68000,250267200,166260000,0,10393700266.6667,0,1430239466.66667,52851866.6666667,16143200,0,227933733.333333,0,1105927066.66667,1480133.33333333,0,0,686607333.333333,85444266.6666667,0,197646533.333333,0,13545600,12611395600,26569866.6666667,23158533.3333333,82864800,1199066.66666667,0,15565200,23920922133.3333,0,5687066.66666667,0,5972666.66666667,949801333.333333,213628800,995066.666666667,257726800,4508699200,11884133.3333333,1759166800,1987959600,0,3371056933.33333,2101138800,617644000,4544789066.66667,24940133.3333333,0,0,0,198090800,0,19899066.6666667,1550400,8594116533.33333,10576266.6666667,56041066.6666667,13371066.6666667,0,525866.666666667,0,13622666.6666667,6917866.66666667,36563600,56673466.6666667,1200657866.66667,0,40120000,3621145066.66667,29097200,0,0,6616352400,1394430666.66667,0,0,1526436800,4796266.66666667,1262503866.66667,7600133.33333333,616533.333333333,50902533.3333333,1584400,2871866.66666667,348198533.333333,807690400,13364266.6666667,0,81027995333.3333,898341200,106010345333.333,15862133.3333333,1450129466.66667,3937200,582080000,2485311600,0,0,0,4726000,5309678000,8468266.66666667,0,0,0,0,0
"China (mainland)",0,0,0,0,0,0,105699200,49866.6666666667,2463866.66666667,0,52133.3333333333,0,0,0,0,0,4429066.66666667,0,0,0,0,0,47736000,0,0,3681066.66666667,0,0,233466.666666667,0,5965866.66666667,0,0,0,0,0,0,0,0,0,0,412533.333333333,0,0,0,0,0,0,0,0,0,0,2516000,133345733.333333,0,0,1888133.33333333,0,0,21746400,0,530400,0,63466.6666666667,0,0,0,0,0,0,0,981405466.666667,0,0,0,0,1885866.66666667,0,0,0,238000,13241866.6666667,0,12577733.3333333,0,76005866.6666667,0,0,0,5496666.66666667,97412266.6666667,91482666.6666667,0,2540933.33333333,2166933.33333333,0,0,0,0,0,44438000,0,0,43334133.3333333,27200,0,0,0,0,0,0,0,0,0,0,0,39807200,0,0,0,0,2169200,0,0,770666.666666667,0,0,7033466.66666667,664133.333333333,0,0,0,0,0,4397333.33333333,0,0,0,0,0,0,0,111066.666666667,0,0,0,0,0,0,0,0,0,0,180750800,0,9066.66666666667,17752533.3333333,0,0,0,22666.6666666667,761600,0,0,15538000,0,17328666.6666667,0,0,0,0,0,0,1949333.33333333,0,0,26955200,0,49569733.3333333,0,0,0,0,9234400,0,0,0,0,12022400,0,0,0,0,0,0
"Colombia",0,0,0,0,0,0,0,0,0,0,0,0,0,0,0,0,0,0,0,0,0,0,0,0,0,0,0,0,0,0,18326000,0,0,0,0,0,0,0,0,0,0,0,0,0,0,0,0,0,0,0,0,0,0,0,0,0,0,0,0,0,0,0,0,0,0,0,0,0,0,0,0,0,0,0,0,0,0,0,0,0,0,0,0,0,0,0,0,0,0,0,0,0,0,0,0,0,0,0,0,0,0,0,0,0,0,0,0,0,0,0,0,0,0,0,0,0,0,0,0,0,0,0,0,0,0,0,0,2266.66666666667,0,0,0,0,0,0,0,0,0,0,0,0,0,0,0,0,0,0,0,0,0,0,0,0,0,0,0,0,0,0,0,0,0,0,0,0,0,0,0,0,0,0,0,0,0,0,0,0,0,0,0,0,0,0,0,0,0,0,0,0,0,0,0,0,0,0,0
"Comoros",0,0,0,0,0,0,0,0,0,0,0,0,0,0,0,0,0,0,0,0,0,0,0,0,0,0,0,0,0,0,0,0,0,0,0,0,0,0,0,0,0,0,0,0,0,0,0,0,0,0,0,0,0,0,0,0,0,0,0,0,0,0,0,0,0,0,0,0,0,0,0,0,0,0,0,0,0,0,0,0,0,0,0,0,0,0,0,0,0,0,0,0,0,0,0,0,0,0,0,0,0,0,0,0,0,0,0,0,0,0,0,0,0,0,0,0,0,0,0,0,0,0,0,0,0,0,0,0,0,0,0,0,0,0,0,0,0,0,0,0,0,0,0,0,0,0,0,0,0,0,0,0,0,0,0,0,0,0,0,0,0,0,0,0,0,0,0,0,0,0,0,0,0,0,0,0,0,0,0,0,0,0,0,0,0,0,0,0,0,0,0,0,0,0,0
"Congo",0,0,0,0,0,0,0,0,0,0,0,0,0,0,0,0,0,0,0,0,0,0,0,0,22666.6666666667,655066.666666667,0,206266.666666667,0,0,0,2298400,0,0,0,0,0,0,0,0,0,0,0,0,0,0,0,0,0,0,0,0,0,79548666.6666667,0,0,0,0,0,0,0,0,0,0,0,0,0,0,0,0,0,0,0,0,0,0,0,0,0,0,0,1647866.66666667,47600,0,0,378533.333333333,0,0,0,0,0,0,0,0,0,0,0,0,0,0,0,0,0,0,0,0,0,0,0,0,0,0,0,0,0,0,0,0,0,0,0,0,0,0,0,0,0,0,0,0,0,0,0,136000,0,0,0,0,0,0,0,0,0,0,0,0,0,0,0,0,0,0,0,0,0,292400,81600,0,0,0,0,931600,0,0,0,0,0,0,0,0,0,0,0,0,0,0,2078533.33333333,0,0,0,0,0,0,0,0,0,23616400,0,5435466.66666667,0,0,0,0,0,0
"Cook Islands",0,0,0,0,0,0,0,0,0,0,0,0,0,0,0,0,0,0,0,0,0,0,0,0,0,0,0,0,0,0,0,0,0,0,0,0,0,0,0,0,0,0,0,0,0,0,0,0,0,0,0,0,0,0,0,0,0,0,0,0,0,0,0,0,0,0,0,0,0,0,0,0,0,0,0,0,0,0,0,0,0,0,0,0,0,0,0,0,0,0,0,0,0,0,0,0,0,0,0,0,0,0,0,0,0,0,0,0,0,0,0,0,0,0,0,0,0,0,0,0,0,0,0,0,0,0,0,0,0,0,0,0,0,0,0,0,0,0,0,0,0,0,0,0,0,0,0,0,0,0,0,0,0,0,0,0,0,0,0,0,0,0,0,0,0,0,0,0,0,0,0,0,0,0,0,0,0,0,0,0,0,0,0,0,0,0,0,0,0,0,0,0,0,0,0
"Costa Rica",0,0,0,0,13600,0,0,0,0,0,0,0,0,0,0,0,0,0,0,0,0,0,0,0,0,0,0,0,0,0,0,0,0,0,0,0,0,0,0,0,0,0,0,0,0,0,0,466933.333333333,0,0,0,0,0,0,0,0,0,0,0,0,0,0,0,0,0,0,4533.33333333333,0,0,0,0,0,0,0,0,0,0,0,0,0,0,0,0,0,0,0,0,0,0,0,0,0,0,0,0,0,0,0,0,0,0,0,0,0,0,0,0,0,0,0,0,0,0,0,0,0,0,0,0,0,0,0,0,0,0,0,0,2266.66666666667,0,0,0,2266.66666666667,0,0,0,0,0,0,0,0,0,0,0,0,0,0,0,0,0,0,0,0,0,0,0,0,0,0,0,0,0,0,0,0,0,0,0,0,0,0,0,0,0,0,0,0,0,0,52133.3333333333,0,0,0,0,0,0,0,0,0,0,0,0,0,0,0,0
"Cuba",0,0,0,0,0,0,0,0,163200,0,0,0,0,0,0,0,0,0,0,0,0,0,0,0,0,0,0,0,0,0,0,0,0,0,0,0,0,0,0,0,0,0,0,0,0,0,0,0,0,0,0,0,0,0,0,0,0,0,0,0,0,0,0,0,0,0,0,0,0,0,0,0,0,0,0,0,0,0,0,0,0,0,0,0,0,0,0,0,0,0,0,0,0,0,0,0,0,0,0,0,2266.66666666667,0,0,0,616533.333333333,0,0,0,0,0,0,430666.666666667,0,0,0,0,0,0,0,0,0,0,0,0,0,5385600,0,0,0,0,0,0,0,0,0,0,0,0,0,0,0,2266.66666666667,0,0,0,0,0,0,0,0,0,0,0,0,0,0,0,0,0,0,0,0,0,0,0,0,0,0,0,0,0,0,0,0,0,0,26952933.3333333,0,0,0,0,0,0,0,0,0,0,0,0,0,0,0,0,0,0
"Cyprus",0,0,0,4907333.33333333,0,0,7242000,0,0,0,0,0,0,0,0,0,0,0,0,0,0,0,0,0,0,408000,0,0,0,0,0,42694933.3333333,0,0,0,0,0,0,0,0,0,630133.333333333,0,0,0,0,0,0,0,24944666.6666667,0,0,25710800,605200,0,0,0,0,0,4943600,0,0,0,10728133.3333333,0,0,0,0,0,0,0,231200,0,0,0,27200,0,0,0,0,174533.333333333,0,0,0,0,61200,140533.333333333,0,120142400,0,0,0,0,0,0,7842666.66666667,0,0,0,0,0,0,0,0,0,0,38533.3333333333,0,65733.3333333333,0,0,0,0,0,0,0,319600,0,0,0,0,0,0,0,0,43066.6666666667,0,0,0,0,0,0,0,1582133.33333333,0,0,0,0,115600,0,72533.3333333333,0,74800,0,0,0,0,0,0,0,0,0,0,262933.333333333,0,4533.33333333333,0,0,0,0,487333.333333333,3404533.33333333,0,0,104266.666666667,0,0,0,0,0,0,1258000,0,77066.6666666667,43066.6666666667,0,33782400,34000,14701600,0,0,0,0,0,0,0,0,0,0,0,0,18133.3333333333,0,0,0
"Azerbaijan",0,0,0,0,0,0,0,18133.3333333333,0,0,0,0,0,0,0,0,0,0,0,0,0,10336000,0,0,0,0,0,0,0,0,0,120693200,0,0,0,0,0,0,0,0,8320933.33333333,0,0,0,150683466.666667,0,0,0,0,12913200,0,0,0,0,0,0,219866.666666667,0,0,4290800,0,2441200,0,0,0,0,0,0,0,0,0,0,18133.3333333333,0,0,0,0,0,0,0,3064533.33333333,167733.333333333,0,16446933.3333333,0,11405866.6666667,0,15746533.3333333,0,0,0,0,0,10170533.3333333,0,0,0,0,0,18133.3333333333,0,0,0,0,0,0,0,0,0,0,0,0,0,0,0,0,12455333.3333333,0,0,0,0,0,0,0,0,0,0,0,392133.333333333,0,0,0,0,18065333.3333333,0,0,0,0,0,0,0,0,1851349866.66667,0,0,0,0,0,0,0,0,0,0,0,0,0,2266.66666666667,0,0,0,0,0,0,0,0,0,0,0,0,0,0,0,3814800,145066.666666667,0,0,6800,59137333.3333333,974666.666666667,0,0,0,0,0,2266.66666666667,0,0,0,0,0,0,0,0,0,0
"Benin",0,0,0,0,0,0,0,0,0,0,0,0,0,0,0,0,0,0,0,0,0,0,0,0,0,0,0,0,0,0,0,0,0,0,65733.3333333333,0,0,0,0,0,0,0,0,0,0,0,0,0,0,0,0,0,0,0,0,0,0,0,0,0,0,0,0,0,0,0,0,0,0,0,0,0,0,0,0,0,0,0,0,0,0,0,3400000,0,0,0,0,0,0,0,0,0,0,0,0,0,0,0,0,0,0,0,0,0,0,0,0,0,0,0,0,0,0,0,0,0,0,0,0,0,0,0,0,0,0,0,0,0,0,0,0,0,0,0,0,0,0,0,0,0,0,0,0,0,0,0,0,0,0,0,0,0,0,0,0,0,0,0,0,0,0,0,0,0,0,0,0,0,0,0,0,0,0,0,0,0,0,0,0,0,0,0,0,0,0,0,111066.666666667,0,0,0,0,0,0,0,0
"Denmark",24933.3333333333,403466.666666667,49866.6666666667,337733.333333333,0,0,31733.3333333333,71264000,763866.666666667,0,0,238000,0,0,0,0,949733.333333333,0,0,0,0,10238533.3333333,0,27200,0,3980266.66666667,6800,0,709466.666666667,22666.6666666667,0,11981600,2266.66666666667,0,0,0,0,31733.3333333333,18380400,303733.333333333,0,0,0,4533.33333333333,4188800,0,1090266.66666667,0,4533.33333333333,594197600,275549600,0,848789600,582084533.333333,0,0,2266.66666666667,0,2266.66666666667,8545417200,0,0,0,13584133.3333333,0,0,0,22666.6666666667,34000,0,0,16843600,14620000,1842800,93207600,609733.333333333,326400,4125333.33333333,367200,161289200,13600,114643466.666667,0,2930800,2266.66666666667,5503466.66666667,156400,630133.333333333,136000,0,0,646000,0,244287733.333333,0,0,0,0,0,541039733.333333,52133.3333333333,138266.666666667,0,410266.666666667,7516266.66666667,328666.666666667,24149066.6666667,714000,0,0,86133.3333333333,79333.3333333333,0,0,13600,27200,486802933.333333,0,650533.333333333,31733.3333333333,0,0,18133.3333333333,0,2266.66666666667,562910800,1496000,0,39231466.6666667,9066.66666666667,2266.66666666667,22666.6666666667,14846666.6666667,346607333.333333,14180266.6666667,0,0,0,435200,0,5487600,61200,8228000,0,0,0,0,81600,367200,4533.33333333333,0,6120000,17185866.6666667,3678800,0,142800,264386266.666667,0,294666.666666667,0,9901831333.33333,121375466.666667,0,364933.333333333,2198666.66666667,117866.666666667,682266.666666667,0,0,0,2266.66666666667,346800,41858533.3333333,253866.666666667,0,0,796529333.333333,63518800,40346666.6666667,0,0,813733.333333333,0,9189066.66666667,410266.666666667,0,0,0,122526933.333333,11390000,389866.666666667,24933.3333333333,460133.333333333,0,0
"Dominica",0,0,0,0,0,0,0,0,1602533.33333333,0,0,0,0,0,0,0,0,0,0,0,0,0,0,0,0,0,0,0,0,0,0,0,0,0,0,0,0,0,0,0,0,0,0,0,0,0,0,0,0,0,0,0,0,0,0,0,0,0,0,0,0,0,0,0,0,0,0,0,0,0,0,0,0,0,0,0,0,0,0,0,0,0,0,0,0,0,0,0,0,0,0,0,0,0,0,0,0,0,0,0,0,0,0,0,0,0,0,0,0,0,0,0,0,0,0,0,893066.666666667,0,0,0,0,0,0,0,0,0,0,0,0,0,0,0,0,0,0,0,0,0,0,0,0,0,0,0,20400,0,0,0,0,0,0,0,0,0,0,0,0,0,0,0,0,0,0,0,0,0,0,0,0,0,0,0,0,0,0,0,0,0,113333.333333333,0,0,0,0,0,0,0,0,0,0,0,0,0,0,0,0
"Dominican Republic",0,0,0,0,0,0,0,0,0,0,0,0,0,0,0,0,0,0,0,0,0,0,0,0,0,0,0,0,0,0,0,0,0,0,0,0,0,0,0,0,0,0,0,0,0,0,0,0,0,0,0,0,0,0,0,0,0,0,0,0,0,0,0,0,0,0,0,0,0,0,0,0,0,0,0,0,0,0,0,0,0,0,0,0,0,0,0,0,0,0,0,0,0,0,0,0,0,0,0,0,0,0,0,0,0,0,0,0,0,0,0,0,0,0,0,0,0,0,0,0,0,0,0,0,0,0,0,0,0,0,0,0,0,0,0,0,0,0,0,0,0,0,0,0,0,0,0,0,0,0,0,0,0,0,0,0,0,0,0,0,0,0,0,0,0,0,0,0,0,0,0,0,0,0,0,0,0,0,0,0,0,0,0,0,0,0,0,0,0,0,0,0,0,0,0
"Belarus",9538133.33333333,0,0,0,0,9066.66666666667,0,0,0,0,0,0,0,0,0,0,0,0,0,0,0,0,0,0,0,897600,0,0,0,0,0,3184666.66666667,0,0,0,0,0,0,0,2740400,0,2266.66666666667,0,0,0,0,0,0,0,7366666.66666667,0,0,0,2618000,0,0,10356400,0,0,179066.666666667,0,13600,0,0,0,0,0,0,0,0,0,15866.6666666667,0,0,0,0,0,0,0,0,67961466.6666667,0,0,117170800,0,24933.3333333333,79333.3333333333,0,9066.66666666667,0,0,2674666.66666667,0,1496000,0,0,0,0,0,38247733.3333333,0,0,0,0,0,0,0,0,0,0,133740133.333333,0,0,0,0,0,0,0,0,0,0,0,0,0,0,0,0,0,0,0,0,0,0,138266.666666667,0,0,0,0,0,0,0,0,3522400,0,0,0,0,0,0,0,0,0,0,24933.3333333333,0,0,0,0,6287733.33333333,0,612000,0,0,80240000,0,0,0,0,0,0,0,0,0,27200,0,0,20400,1430246266.66667,43445200,0,0,0,0,40822666.6666667,0,0,0,0,0,0,0,0,0,0,0
"Ecuador",0,0,0,0,0,0,0,0,0,0,0,0,0,0,0,0,0,0,0,0,0,0,0,0,0,0,0,0,0,0,6800,0,0,0,0,0,0,0,0,0,0,0,0,0,0,0,0,0,0,0,0,0,0,0,0,0,0,0,0,514533.333333333,0,0,0,0,0,0,0,0,0,0,0,0,0,0,0,0,0,0,0,0,0,0,0,0,0,0,0,0,0,0,0,0,0,0,0,0,0,0,0,0,0,0,0,0,0,0,0,0,0,0,0,0,0,0,0,0,0,0,0,0,0,0,0,0,0,0,0,2901333.33333333,0,0,0,0,0,0,0,0,0,0,0,0,0,0,0,0,0,0,0,0,0,0,0,0,0,0,0,0,0,0,0,0,0,0,0,0,0,0,0,0,0,0,0,0,0,0,0,0,2266.66666666667,0,2998800,0,0,0,0,0,0,0,0,0,0,0,0,0,0,0,0
"Egypt",0,0,0,0,0,0,0,0,0,0,0,0,0,0,0,0,0,0,0,0,0,0,0,0,0,0,0,0,0,0,0,0,0,0,0,0,0,0,0,0,0,0,0,0,0,0,0,0,0,0,0,0,0,0,0,0,0,0,0,2266.66666666667,0,0,0,0,0,0,0,0,0,0,0,0,0,0,0,0,0,0,0,0,0,0,0,0,0,714000,0,0,0,0,0,0,0,0,0,0,0,0,0,0,0,0,0,0,0,0,0,0,0,0,0,0,0,0,0,0,0,0,0,0,0,0,0,0,0,0,0,0,0,0,0,0,0,0,0,0,0,0,0,0,0,0,0,0,0,0,0,0,0,0,0,0,0,0,0,0,0,0,0,0,0,0,0,0,0,0,0,0,0,0,0,0,0,0,0,0,0,0,0,0,0,0,0,0,0,0,0,0,0,0,0,0,0,0,0
"El Salvador",0,0,0,0,0,0,0,0,0,0,0,0,0,0,0,0,0,0,0,0,0,0,0,0,0,0,0,0,0,0,0,0,0,0,0,0,0,0,0,0,0,0,0,0,0,0,0,0,0,0,0,0,0,0,0,0,0,0,0,0,0,0,0,0,0,0,1040400,0,0,0,267466.666666667,0,0,0,0,0,0,0,0,0,0,0,0,0,0,0,0,0,0,0,0,0,0,0,0,0,0,0,0,0,0,0,0,0,0,0,0,0,0,0,0,0,0,0,0,0,0,0,0,0,0,0,0,0,0,0,0,24933.3333333333,0,0,0,0,0,0,0,0,0,0,0,0,0,0,0,0,0,0,0,0,0,0,0,0,0,0,0,0,0,0,0,0,0,0,0,0,0,0,0,0,0,0,0,0,0,0,0,0,0,0,0,0,0,0,0,0,0,0,0,0,0,0,0,0,0,0,0
"Equatorial Guinea",0,0,0,0,0,0,0,0,0,0,0,0,0,0,0,0,0,0,0,0,0,0,0,0,0,0,0,0,0,0,0,0,0,0,0,0,0,0,0,0,0,0,0,0,0,0,0,0,0,0,0,0,0,0,0,0,0,0,0,0,0,0,0,0,0,0,0,0,0,0,0,0,0,0,0,0,0,0,0,0,0,0,0,0,0,0,0,0,0,0,0,0,0,0,0,0,0,0,0,0,0,0,0,0,0,0,0,0,0,0,0,0,0,0,0,0,0,0,0,0,0,0,0,0,0,0,0,0,0,0,0,0,0,0,0,0,0,0,0,0,0,0,0,0,0,0,0,0,0,0,0,0,0,0,0,0,0,0,0,0,0,0,0,0,0,0,0,0,0,0,0,0,0,0,0,0,0,0,0,0,0,0,0,0,0,0,0,0,0,0,0,0,0,0,0
"Estonia",185866.666666667,0,0,0,0,0,0,142800,0,0,0,0,0,0,0,0,0,0,0,0,0,0,0,0,0,0,0,0,0,0,0,0,0,0,0,0,15866.6666666667,0,0,0,0,684533.333333333,0,0,0,0,0,0,0,0,0,0,1027559333.33333,2810666.66666667,0,0,0,0,0,6029333.33333333,0,1310133.33333333,0,0,0,0,0,0,0,0,0,0,0,0,0,0,0,0,0,0,0,5294933.33333333,0,19534133.3333333,0,0,0,0,0,0,0,0,0,627483600,0,0,0,0,0,372096000,0,0,0,0,0,0,0,0,0,0,0,0,0,0,0,0,0,0,0,0,0,0,0,0,0,2214533.33333333,0,0,20400,0,0,0,0,1292000,249333.333333333,0,0,0,0,0,0,0,983846666.666667,0,0,0,0,0,0,0,0,0,154133.333333333,72533.3333333333,0,0,26556266.6666667,0,4533.33333333333,0,121926266.666667,0,0,0,0,0,0,0,0,0,0,0,0,18133.3333333333,0,0,840933.333333333,0,0,0,0,18133.3333333333,0,0,0,0,0,0,278800,81600,0,0,0,0,0
"Faroe Islands",0,0,0,0,0,0,0,0,0,0,0,0,0,0,0,0,0,0,0,0,0,0,0,0,0,0,0,0,0,0,0,0,0,0,0,0,0,0,0,0,0,0,0,0,0,0,0,0,0,0,0,0,0,0,0,0,0,0,0,0,0,0,0,0,0,0,0,0,0,0,0,0,0,0,0,0,0,0,0,2266.66666666667,0,0,0,0,0,0,0,0,0,0,0,0,0,0,0,0,0,0,0,0,0,0,0,0,0,0,0,0,0,0,0,0,0,0,0,0,0,0,0,0,0,0,0,0,0,0,0,0,0,0,0,0,0,0,0,0,0,0,0,0,0,0,0,0,0,0,0,0,0,0,0,0,0,0,0,0,0,0,0,0,0,0,0,0,0,0,0,0,0,0,0,0,0,149600,0,0,79333.3333333333,0,0,0,0,0,0,0,0,0,0,0,0,0,0,0,0,0,0
"Fiji",0,0,0,0,0,727600,2366400,0,0,0,0,0,0,0,0,0,0,0,0,0,0,0,0,0,0,0,0,0,0,0,1437066.66666667,47600,0,0,0,43066.6666666667,0,0,0,0,0,0,0,0,0,0,0,0,0,0,0,0,0,614266.666666667,0,0,0,0,0,0,0,0,2611200,0,0,0,0,0,0,0,0,775200,0,0,0,0,0,0,0,0,0,43066.6666666667,0,0,0,405733.333333333,0,0,0,133733.333333333,0,0,0,0,0,0,0,0,0,0,0,0,0,0,0,0,0,0,0,0,0,0,0,0,0,0,0,0,0,0,2259866.66666667,387600,0,0,0,0,0,0,0,0,0,0,0,0,0,0,0,0,0,0,0,0,0,0,0,0,0,0,0,0,0,0,15866.6666666667,598400,0,0,111066.666666667,0,0,0,0,0,0,0,0,0,0,0,6453200,0,0,0,0,0,0,0,115600,0,160933.333333333,0,0,0,0,0,0,0,0,0,15866.6666666667,0,0,0,0,0,0
"Finland",0,317333.333333333,0,0,0,2266.66666666667,5666666.66666667,0,0,0,0,0,0,0,0,0,0,0,0,0,0,0,0,0,0,217600,0,0,0,0,11723200,2275733.33333333,0,0,0,0,0,0,0,0,0,881175733.333333,0,0,9066.66666666667,0,0,0,0,505702400,0,0,0,35230800,0,0,0,0,0,336348400,0,0,0,675466.666666667,0,0,0,0,0,0,0,0,0,0,118743866.666667,315066.666666667,0,0,0,0,0,40800,0,0,0,335466.666666667,0,0,0,0,0,519066.666666667,0,67669066.6666667,0,0,0,0,0,584800,0,0,0,0,0,0,2266.66666666667,0,0,0,0,0,0,0,0,0,6364800,0,0,0,0,0,0,0,0,684195600,0,0,0,0,0,188133.333333333,0,2266.66666666667,0,0,0,0,0,0,0,0,91260533.3333333,0,0,0,0,0,0,0,0,0,0,4533.33333333333,0,49866.6666666667,10118400,0,0,0,3424201200,4533.33333333333,0,0,0,0,2266.66666666667,0,0,0,0,0,0,8921600,0,0,4637600,0,138266.666666667,0,0,0,0,0,0,0,0,0,7060666.66666667,0,0,0,0,0,0
"France",48037466.6666667,0,38281733.3333333,264408933.333333,166794933.333333,73607733.3333333,13882005066.6667,3251152533.33333,217715600,130516933.333333,155438933.333333,13280400,0,3769466.66666667,1149200,86133.3333333333,4824457200,0,7103733.33333333,0,602933.333333333,1107586266.66667,104982933.333333,59402533.3333333,2461434533.33333,44258650000,4682933.33333333,147050000,97897333.3333333,124020666.666667,228017600,69844026266.6667,809374533.333333,4399600,848508533.333333,0,133121333.333333,31697066.6666667,503068533.333333,20366000,513696933.333333,18485448666.6667,12840666.6666667,648139733.333333,1520461866.66667,160457333.333333,58500400,108292266.666667,30008400,2054785466.66667,102000,39195200,4985821200,0,1406933600,76581600,59003600,1494211600,10147866.6666667,158284348000,16755200,684932266.666667,0,1053680400,0,19230400,70663333.3333333,124238266.666667,9916666.66666667,242583200,63251333.3333333,7488704000,323256133.333333,441358533.333333,188167333.333333,306179066.666667,157803066.666667,1298800,177688533.333333,9457113600,1540127466.66667,14993131866.6667,3900282800,179714933.333333,252110000,38807078666.6667,82221066.6666667,44161466.6666667,162991466.666667,657446666.666667,0,6680762000,0,8287225733.33333,117986800,486222666.666667,0,60377200,0,7888179066.66667,239092533.333333,191934533.333333,1128800,659525200,230778400,135728000,478049066.666667,37112133.3333333,531920933.333333,1975987066.66667,360288933.333333,1346103066.66667,1768000,174440400,3495200,82871600,75847077600,0,2455545733.33333,43404400,76633733.3333333,1981014533.33333,10426666.6666667,68872666.6666667,834190000,2163685200,7393866.66666667,310873333.333333,6347745600,496400,96068133.3333333,78331466.6666667,467434266.666667,16051150666.6667,1248176266.66667,5485333.33333333,0,43066.6666666667,396455866.666667,7901600,816947466.666667,218180266.666667,1983784400,26073466.6666667,114119866.666667,23917866.6666667,1373600,10902666.6666667,720160800,278018000,30631733.3333333,238306000,811208266.666667,8625777333.33333,265200,710699733.333333,6237640000,24491333.3333333,11081733.3333333,0,33153248133.3333,28481979066.6667,5519333.33333333,836400,3926598800,77381733.3333333,1232898933.33333,1488275200,0,56585066.6666667,72077733.3333333,73879733.3333333,662900266.666667,2838224800,78741733.3333333,0,127227793733.333,2179279866.66667,123628347466.667,863398266.666667,212515866.666667,18990133.3333333,52301066.6666667,1605869866.66667,259959466.666667,0,517362133.333333,31332133.3333333,92690727466.6667,4429504133.33333,381044800,46983466.6666667,4712400,0,0
"French Polynesia",0,0,0,0,0,0,1573066.66666667,0,0,0,0,0,0,0,0,0,0,0,0,0,0,0,0,0,0,29466.6666666667,0,0,0,0,0,0,0,0,0,0,0,0,0,0,0,0,0,0,0,0,0,0,0,0,0,0,0,974666.666666667,0,0,0,0,0,0,0,0,0,0,0,0,0,0,0,0,0,0,0,0,0,0,0,0,0,0,0,0,0,0,0,0,0,0,0,0,0,0,0,0,0,0,0,0,0,0,0,0,0,0,0,0,0,0,0,0,0,0,0,0,0,0,0,0,0,0,0,0,0,0,0,0,0,0,0,0,0,0,0,0,0,0,0,0,0,0,0,0,0,0,0,0,0,0,0,0,0,0,0,0,0,0,0,0,0,0,0,0,0,0,0,0,0,0,0,0,0,0,0,0,0,0,0,0,15866.6666666667,0,0,0,0,0,0,0,0,0,0,0,0,0,0,0,0
"Djibouti",0,0,0,0,0,0,0,0,0,0,0,0,0,0,0,0,0,0,0,0,0,0,0,0,0,0,0,0,0,0,0,0,0,0,0,0,0,0,0,0,0,0,0,0,0,0,0,0,0,0,0,0,0,0,0,0,0,0,0,0,0,0,0,0,0,0,0,0,0,0,0,0,0,0,0,0,0,0,0,0,0,0,0,0,0,0,0,0,0,0,0,0,0,0,0,0,0,0,0,0,0,0,0,0,0,0,0,0,0,0,0,0,0,0,0,0,0,0,0,0,0,0,0,0,0,0,0,0,0,0,0,0,0,0,0,0,0,0,0,0,0,0,0,0,0,0,0,0,0,0,0,0,0,0,0,13600,0,0,0,0,0,0,0,0,0,0,0,0,0,0,0,0,0,0,0,0,0,0,0,0,0,0,0,0,4533.33333333333,0,0,0,0,0,0,0,0,0,0
"Georgia",13479866.6666667,0,0,0,0,0,12659333.3333333,10626133.3333333,0,3538266.66666667,0,0,0,0,0,0,7824533.33333333,0,0,0,0,17587066.6666667,0,11333.3333333333,0,116819466.666667,0,0,0,0,4533.33333333333,2961019200,0,0,0,0,1697733.33333333,0,7684000,108480400,0,10762133.3333333,0,0,2011111333.33333,0,0,0,0,355152666.666667,0,0,18230800,45419466.6666667,0,0,0,0,0,368507866.666667,0,5270000,0,8345866.66666667,0,0,0,0,0,0,0,17342266.6666667,111066.666666667,0,15866.6666666667,2266.66666666667,24933.3333333333,0,6120000,0,190921333.333333,7786000,0,1804908133.33333,0,93883066.6666667,0,104101200,428400,1702266.66666667,0,31187066.6666667,0,841817333.333333,0,2266.66666666667,0,0,0,419668800,587066.666666667,0,0,2266.66666666667,0,0,45333.3333333333,0,0,170000,169072933.333333,0,0,194863066.666667,0,0,45079466.6666667,0,0,0,0,1038133.33333333,0,0,2266.66666666667,19445733.3333333,0,0,46022400,0,0,0,0,2782054533.33333,140533.333333333,0,0,0,0,0,800133.333333333,0,29830471200,0,0,0,0,0,0,0,0,1008666.66666667,3660666.66666667,12142533.3333333,0,6800,1836000,0,35972000,0,58926533.3333333,10791600,0,98511600,2708666.66666667,0,0,0,0,0,0,0,28136133.3333333,21299866.6666667,0,0,240552266.666667,6040106800,440368000,0,0,13090000,0,2151066.66666667,0,0,0,0,5748266.66666667,3216400,0,0,0,0,0
"Gabon",0,0,0,0,0,0,0,0,0,0,0,0,0,0,0,0,0,0,0,0,0,0,0,0,0,0,0,0,0,0,0,0,0,0,0,0,0,0,0,0,0,0,0,0,0,0,0,0,0,0,0,0,0,4533.33333333333,0,0,0,0,0,0,0,0,0,0,0,0,0,0,0,0,0,0,0,0,0,0,0,0,0,0,0,0,0,0,0,0,0,0,0,0,0,0,0,0,0,0,0,0,0,0,0,0,0,0,0,0,0,0,0,0,0,0,0,0,0,0,0,0,0,0,0,0,0,0,0,0,0,0,0,0,0,0,0,0,0,0,0,0,0,0,0,0,0,0,0,0,0,0,0,0,0,0,0,0,0,0,0,0,0,0,0,0,0,0,0,0,0,0,0,0,0,0,0,0,0,0,0,0,0,0,0,0,0,0,0,0,0,0,0,0,0,0,0,0,0
"Gambia",0,0,0,0,0,0,0,0,0,0,0,0,0,0,0,0,0,0,0,0,0,0,0,0,0,0,0,0,0,0,0,0,0,0,0,0,0,0,0,0,0,0,0,0,0,0,0,0,0,0,0,0,0,0,0,0,0,0,0,0,0,0,0,0,0,0,0,0,0,0,0,0,0,0,0,0,0,0,0,0,0,0,0,0,0,0,0,0,0,0,0,0,0,0,0,0,0,0,0,0,0,0,0,0,0,0,0,0,0,0,0,0,0,0,0,0,0,0,0,0,0,0,0,0,0,0,0,0,0,0,0,0,0,0,0,0,0,0,0,0,0,0,0,0,0,0,0,0,0,0,0,0,0,0,0,0,0,0,0,0,0,0,0,0,0,0,0,0,0,0,0,0,0,0,0,0,0,0,0,0,0,0,0,0,0,0,0,0,0,0,0,0,0,0,0
"Germany",22954533.3333333,1072133.33333333,15173066.6666667,0,2658800,21610400,764898000,9458940533.33333,5498933.33333333,154133.333333333,40437333.3333333,27200,0,0,5134000,988266.666666667,101952400,0,22666.6666666667,0,0,576207066.666667,15624133.3333333,10374533.3333333,11800266.6666667,3302574133.33333,43066.6666666667,0,3420400,0,12806666.6666667,2981256000,53908133.3333333,0,58933.3333333333,0,84576133.3333333,956533.333333333,528226266.666667,13371066.6666667,115600,7050446266.66667,2314266.66666667,258944000,719009333.333333,120466533.333333,2423066.66666667,15522133.3333333,0,1962747466.66667,37529200,0,5894858800,7998851333.33333,5517066.66666667,0,19497866.6666667,0,1185466.66666667,0,19792533.3333333,26594800,0,691074933.333333,0,138266.666666667,52609333.3333333,210800,0,68000,43433866.6666667,572356000,1046585733.33333,561743466.666667,184629066.666667,48853466.6666667,7919733.33333333,1212666.66666667,28111200,2875554533.33333,1286539600,1980341333.33333,609733.333333333,14574666.6666667,15744266.6666667,2794405600,17149600,44900400,15572000,668666.666666667,0,463032400,0,3132295333.33333,648266.666666667,8096533.33333333,0,831866.666666667,0,3197203600,24833600,2266.66666666667,0,36985200,25164533.3333333,172266.666666667,174222800,940666.666666667,39882000,441975066.666667,238564400,292400,1042666.66666667,10156933.3333333,4535600,58933.3333333333,57960582000,0,460133.333333333,11113466.6666667,0,209070533.333333,0,0,386609466.666667,8346394800,1217200,28972533.3333333,11586701333.3333,0,19774400,19661066.6666667,26352266.6666667,17410262133.3333,373592000,34000,0,0,7149066.66666667,24933.3333333333,2232208800,7074266.66666667,2336212533.33333,228933.333333333,1276133.33333333,367200,0,1502800,539466.666666667,7894800,1248933.33333333,309388666.666667,2567274266.66667,226564666.666667,0,59864933.3333333,1167054533.33333,1088000,476000,0,12018945600,6947247200,0,2268933.33333333,337463600,330933.333333333,46224133.3333333,4145733.33333333,0,591600,23403333.3333333,11591733.3333333,185689866.666667,334170133.333333,646000,0,25399330533.3333,1553589200,12839229600,9479200,18330533.3333333,7439200,1876800,66492666.6666667,714000,0,285600,29466.6666666667,21038105200,1.156e+09,252753733.333333,23410133.3333333,618800,0,0
"Bosnia and Herzegovina",0,0,0,0,0,0,1328266.66666667,285600,0,0,0,0,0,0,0,0,0,0,0,0,0,249333.333333333,0,0,0,0,0,0,0,0,0,37259466.6666667,0,0,0,0,0,0,0,0,0,383066.666666667,0,0,0,0,0,0,0,0,0,0,0,4784933.33333333,0,0,0,0,0,63122133.3333333,0,0,0,0,0,0,0,0,0,0,0,3162000,0,1810683600,0,0,0,0,0,0,1017733.33333333,503200,0,0,0,587066.666666667,0,0,0,0,0,0,0,0,0,0,0,0,0,0,0,0,0,0,0,0,0,0,0,0,0,0,0,0,0,0,2336933.33333333,0,0,0,0,0,0,0,0,204000,0,0,102000,0,0,0,0,1446133.33333333,0,0,0,0,0,0,0,0,0,0,0,0,0,0,0,0,0,19964800,0,0,0,0,0,0,0,0,58933.3333333333,2019600,0,0,0,0,0,0,0,0,0,0,0,256133.333333333,0,0,290133.333333333,0,11442133.3333333,0,0,0,0,0,0,0,0,0,83866.6666666667,38533.3333333333,209802666.666667,12138000,0,0,0
"Ghana",0,0,0,0,0,0,0,0,0,0,0,0,0,0,0,0,0,0,0,0,0,0,0,0,0,0,0,0,0,0,0,0,0,0,0,0,201733.333333333,0,0,0,0,0,0,0,0,0,0,0,0,0,0,0,0,0,0,0,0,0,0,0,0,0,0,0,0,0,0,0,0,0,0,0,0,0,0,0,0,0,0,0,0,0,652534800,0,0,0,0,0,0,0,0,0,0,0,0,0,0,0,0,0,0,0,0,0,0,0,0,0,0,0,0,0,0,0,0,0,13600,0,0,0,0,0,0,0,0,0,0,0,0,0,0,0,0,0,24933.3333333333,0,0,0,0,0,0,68000,0,0,0,0,0,0,0,0,0,0,0,0,0,86133.3333333333,4533.33333333333,0,0,0,0,0,0,0,0,0,0,667284000,0,2266.66666666667,0,0,0,0,0,0,0,0,0,3753600,0,0,0,0,0,0,0,0,77066.6666666667,0,0,0,0,0,0
"Kiribati",0,0,0,0,0,0,0,0,0,0,0,0,0,0,0,0,0,0,0,0,0,0,0,0,0,0,0,0,0,0,0,0,0,0,0,0,0,0,0,0,0,0,0,0,0,0,0,0,0,0,0,0,0,0,0,0,0,0,0,0,0,0,0,0,0,0,0,0,0,0,0,0,0,0,0,0,0,0,0,0,0,0,0,0,0,0,0,0,0,0,0,0,0,0,0,0,0,0,0,0,0,0,0,0,0,0,0,0,0,0,0,0,0,0,0,0,0,0,0,0,0,0,0,0,0,0,0,0,0,0,0,0,0,0,0,0,0,0,0,0,0,0,0,0,0,0,0,0,0,0,0,0,0,0,0,0,0,0,0,0,0,0,0,0,0,0,0,0,0,0,0,0,0,0,0,0,0,0,0,0,0,0,0,0,0,0,0,0,0,0,0,0,0,0,0
"Greece",0,0,8982800,0,0,0,159280933.333333,310671600,4723733.33333333,0,0,0,0,0,0,0,25042133.3333333,0,0,0,0,65905600,0,0,0,947160666.666667,0,0,18133.3333333333,0,0,76942000,47600,0,516800,0,1636533.33333333,47600,1176567733.33333,0,0,52745333.3333333,0,0,14817200,0,18133.3333333333,0,0,3105333.33333333,0,0,38678400,1425425066.66667,0,0,2266.66666666667,0,0,8643643200,34000,213066.666666667,0,0,0,0,500933.333333333,0,0,0,0,21254533.3333333,100683066.666667,3431733.33333333,750266.666666667,471466.666666667,0,0,3363733.33333333,15538000,21839333.3333333,94569866.6666667,0,0,0,49331733.3333333,208533.333333333,0,0,1210400,0,25971466.6666667,0,27245333.3333333,0,204000,0,142800,0,8391200,2266.66666666667,0,0,249333.333333333,0,0,24015333.3333333,0,0,1167333.33333333,0,2266.66666666667,0,2266.66666666667,0,0,565163866.666667,0,0,222133.333333333,15866.6666666667,6423733.33333333,0,367200,5233733.33333333,72714666.6666667,0,10700933.3333333,199784000,0,0,0,573466.666666667,147505600,3481600,0,0,0,1196800,0,83202533.3333333,0,330604666.666667,0,0,0,0,0,0,0,0,1112933.33333333,11600800,30214666.6666667,0,813733.333333333,31379733.3333333,0,0,0,112041333.333333,121599866.666667,0,0,5514800,0,1516400,0,0,0,0,29466.6666666667,741200,25976000,0,0,800335066.666667,75208000,1494062000,0,0,0,0,650533.333333333,0,0,485066.666666667,0,533067866.666667,5628133.33333333,36336933.3333333,4533.33333333333,0,0,9066.66666666667
"Greenland",0,0,0,0,0,0,0,0,0,0,0,0,0,0,0,0,0,0,0,0,0,0,0,0,0,0,0,0,0,0,0,0,0,0,0,0,0,0,0,0,0,0,0,0,0,0,0,0,0,0,0,0,0,0,0,0,0,0,0,0,0,0,0,0,0,0,0,0,0,0,0,0,0,0,0,0,0,0,0,0,0,0,0,0,0,0,0,0,0,0,0,0,0,0,0,0,0,0,0,0,0,0,0,0,0,0,0,0,0,0,0,0,0,0,0,0,0,0,0,0,0,0,0,0,0,0,0,0,0,0,0,0,0,0,0,0,0,0,0,0,0,0,0,0,0,0,0,0,0,0,0,0,0,0,0,0,0,0,0,0,0,0,0,0,0,0,0,0,0,0,0,0,0,0,0,0,0,0,0,0,0,0,0,0,0,0,0,0,0,0,0,0,0,0,0
"Grenada",0,0,0,0,0,0,0,0,0,0,0,0,0,0,0,0,0,0,0,0,0,0,0,0,0,31733.3333333333,0,0,0,0,0,0,0,0,0,0,0,0,0,0,0,0,0,0,0,0,0,0,0,0,0,0,0,0,0,0,0,0,0,0,0,0,0,0,0,0,0,0,0,0,0,0,0,0,0,0,0,0,0,0,0,0,0,0,0,0,0,0,0,0,0,0,0,0,0,0,0,0,0,0,0,0,0,0,0,0,0,0,0,0,0,0,0,0,0,0,0,0,0,0,0,0,0,0,0,0,0,0,0,0,0,0,0,0,0,0,0,0,0,0,0,0,0,0,20400,0,0,0,0,0,0,0,0,0,0,0,0,0,0,0,0,0,0,0,0,0,0,0,0,0,0,0,0,0,0,0,0,0,0,0,0,0,0,0,0,0,0,0,0,0,0,0,0,0,0
"Guatemala",0,0,0,0,0,0,0,0,0,0,0,0,0,0,0,0,0,0,30538800,0,0,0,0,0,0,0,0,0,0,0,0,0,0,0,0,0,13783600,0,0,0,0,9066.66666666667,0,0,0,0,0,191499333.333333,0,0,0,0,0,47600,0,0,0,0,0,0,0,0,0,0,0,0,0,0,0,0,55286266.6666667,0,0,0,0,0,0,0,0,0,0,0,0,0,0,0,0,0,0,0,0,0,0,0,0,0,0,0,0,0,0,0,0,0,0,0,0,0,0,0,0,0,0,0,0,0,0,0,0,0,0,0,83794133.3333333,0,0,0,0,0,0,0,0,0,0,0,0,0,0,0,0,0,0,0,0,0,0,0,0,0,0,0,0,0,0,0,0,0,0,0,0,0,0,0,0,0,0,0,0,0,0,0,0,0,0,0,0,0,0,0,1038133.33333333,0,0,0,0,0,0,0,0,0,0,0,0,0,0,0,0
"Guinea",0,0,0,0,0,0,0,0,0,0,0,0,0,0,0,0,0,0,0,0,0,0,0,0,0,0,0,0,0,0,0,0,0,0,0,0,0,0,0,0,0,0,0,0,0,0,0,0,0,0,0,0,0,0,0,0,0,0,0,0,0,0,0,0,0,0,0,0,0,0,0,0,0,0,0,0,0,0,0,0,0,0,0,0,0,0,0,0,0,0,0,0,0,0,0,0,0,0,0,0,0,0,0,0,0,0,0,0,0,0,0,0,0,0,0,0,0,0,0,0,0,0,0,0,0,0,0,0,0,0,0,0,0,0,0,0,0,0,0,0,0,0,0,0,0,0,0,0,0,0,0,0,0,0,0,0,0,0,0,0,0,0,0,0,0,0,0,0,0,0,0,0,0,0,0,0,0,0,0,90666.6666666667,0,0,0,0,0,0,0,0,0,0,0,0,0,0,0
"Guyana",0,0,0,0,0,0,0,0,0,0,2266.66666666667,0,0,0,0,0,0,0,0,0,0,0,0,0,0,306000,0,0,0,0,0,0,0,0,0,0,0,0,0,0,0,0,1781600,0,0,0,0,0,0,0,0,0,0,0,0,0,0,0,0,0,0,0,0,0,0,0,0,0,0,0,0,0,0,0,0,0,0,0,0,0,0,0,0,0,0,0,0,0,0,0,0,0,0,0,0,0,0,0,0,0,0,0,0,0,0,0,0,0,0,0,0,0,0,0,0,0,0,0,0,0,0,0,0,0,0,0,0,0,0,0,0,0,0,0,0,0,0,0,0,0,0,0,0,2266.66666666667,0,0,0,0,0,0,0,0,0,0,0,0,0,124666.666666667,0,0,0,0,0,0,0,0,0,0,0,500933.333333333,0,0,0,0,0,0,2266.66666666667,0,251600,0,0,0,0,0,0,0,0,0,22666.6666666667,0,0,0,0,0,0
"Haiti",0,0,0,0,0,0,0,0,0,0,0,0,0,0,0,0,0,0,0,0,0,0,0,0,0,0,0,0,0,0,0,0,0,0,0,0,0,0,0,0,0,0,0,0,0,0,0,0,0,0,0,0,0,0,0,0,0,0,0,0,0,0,0,0,0,0,0,0,0,0,0,0,0,0,0,0,0,0,0,0,0,0,0,0,0,0,0,0,0,0,0,0,0,0,0,0,0,0,0,0,0,0,0,0,0,0,0,0,0,0,0,0,0,0,0,0,0,0,0,0,0,0,0,0,0,0,0,0,0,0,0,0,0,0,0,0,0,0,0,0,0,0,0,0,0,0,0,0,0,0,0,0,0,0,0,0,0,0,0,0,0,0,0,0,0,0,0,0,0,0,0,0,0,0,0,0,0,0,0,0,0,0,0,0,0,0,0,0,0,0,0,0,0,0,0
"Honduras",0,0,0,0,0,0,0,0,0,0,0,0,0,0,0,0,0,0,0,0,0,0,0,0,0,0,0,0,0,0,0,0,0,0,0,0,2774400,0,0,0,0,0,0,0,0,6800,0,0,0,0,0,0,0,0,0,0,0,0,0,0,0,0,0,0,0,0,0,0,0,0,0,0,0,0,0,0,0,0,0,0,0,0,0,0,0,0,0,0,0,0,0,0,0,0,0,0,0,0,0,0,0,0,0,0,0,0,0,0,0,0,0,0,0,0,0,0,0,0,0,0,0,0,0,0,0,0,0,0,0,0,0,0,0,0,0,0,0,0,0,0,0,0,0,0,0,0,0,0,0,0,0,0,0,0,0,0,0,0,0,0,0,0,0,0,0,0,0,0,0,0,0,0,0,0,0,0,0,0,0,0,0,0,0,0,0,0,0,0,0,0,0,0,0,0,0
"Hong Kong SAR, China",0,0,0,0,0,0,5378800,491866.666666667,0,0,0,0,0,0,0,0,0,0,0,0,0,0,0,0,0,865866.666666667,0,0,138266.666666667,0,0,4946542133.33333,0,0,0,0,0,0,0,0,0,6772800,0,0,0,0,0,0,0,0,0,120133.333333333,0,4145733.33333333,0,0,0,0,0,328666.666666667,0,0,0,0,0,0,0,0,0,0,0,0,18133.3333333333,0,0,0,120133.333333333,0,0,22666.6666666667,0,13840266.6666667,0,0,0,13770000,0,0,0,18292000,0,2080800,0,0,0,0,0,0,0,0,1016568266.66667,0,0,24470933.3333333,38533.3333333333,0,0,0,0,0,0,0,0,0,0,0,1729466.66666667,0,0,0,0,6852133.33333333,0,0,0,0,0,11333.3333333333,0,0,0,0,2427600,0,0,0,0,0,0,0,0,0,104266.666666667,0,0,0,0,0,0,0,0,0,0,61805200,0,226666.666666667,500933.333333333,0,0,0,24933.3333333333,71121200,0,0,38476666.6666667,0,38370133.3333333,0,0,0,0,0,0,1124266.66666667,0,0,7300933.33333333,0,13899200,0,0,0,0,30534266.6666667,0,0,0,0,2266.66666666667,0,0,0,0,0,0
"Hungary",0,0,90666.6666666667,108800,0,389866.666666667,7652266.66666667,977055733.333333,0,0,0,0,0,0,0,0,8543066.66666667,0,0,0,0,79288000,0,0,9066.66666666667,480719200,0,0,0,0,72533.3333333333,489223733.333333,129200,0,0,0,0,52133.3333333333,367200,170000,0,5372000,0,0,565379200,550800,385333.333333333,0,0,544521333.333333,0,0,385666533.333333,2809268133.33333,0,0,95200,0,0,10583243466.6667,1328266.66666667,4068666.66666667,0,0,0,0,0,0,0,0,0,8506800,0,453426266.666667,68000,219866.666666667,97466.6666666667,81600,140533.333333333,144366266.666667,86022266.6666667,1447851466.66667,2266.66666666667,1063066.66666667,0,102811466.666667,145066.666666667,104266.666666667,61200,0,0,16734800,4533.33333333333,262228400,0,108800,0,0,24933.3333333333,3768818400,0,0,0,12924533.3333333,3379600,0,104266.666666667,0,0,664133.333333333,9112000,147333.333333333,0,1489200,0,0,118165866.666667,0,0,698133.333333333,0,550800,0,0,4678400,444742666.666667,104266.666666667,0,10975009600,0,0,47600,102000,1708198533.33333,362666.666666667,0,0,0,1208133.33333333,0,1752686400,0,178812800,0,0,0,0,0,0,0,0,773427466.666667,18738231866.6667,750266.666666667,0,115600,155119333.333333,0,0,0,1857274933.33333,256237600,0,0,17766133.3333333,0,301466.666666667,0,0,0,77066.6666666667,86133.3333333333,3388666.66666667,149600,0,0,5306253066.66667,65336666.6666667,284468933.333333,0,0,47600,0,71030533.3333333,122400,0,0,0,237789200,2214533.33333333,363369333.333333,6358000,0,0,4533.33333333333
"Croatia",0,0,2667866.66666667,0,0,0,6781866.66666667,81078666.6666667,0,0,0,0,0,0,0,0,4014266.66666667,0,0,0,0,3971200,0,0,0,33748400,0,0,0,0,0,17874933.3333333,0,0,0,0,0,0,0,0,2266.66666666667,2103466.66666667,0,0,0,0,0,0,0,0,0,0,863600,6707066.66666667,0,0,0,0,0,516824933.333333,1139029466.66667,0,0,0,0,0,0,185866.666666667,0,0,0,593866.666666667,5369733.33333333,0,367200,0,0,0,0,2003733.33333333,9066.66666666667,5115866.66666667,2266.66666666667,0,1044933.33333333,10680533.3333333,0,0,0,0,0,74800,0,0,0,0,0,0,0,0,0,0,0,52133.3333333333,0,0,77066.6666666667,0,2266.66666666667,0,0,0,0,4533.33333333333,0,0,35516400,0,0,4270400,0,2266.66666666667,0,0,0,5401466.66666667,0,0,281402133.333333,0,0,281066.666666667,2266.66666666667,52632000,0,0,0,0,0,0,14252800,0,6072400,0,0,0,0,0,0,0,0,102593866.666667,111821466.666667,1339600,0,0,310533.333333333,0,0,0,36298400,37808000,0,0,578000,0,142800,113333.333333333,0,0,6800,0,0,865866.666666667,0,0,32127733.3333333,7081066.66666667,124680266.666667,0,0,0,0,0,0,0,0,0,26238933.3333333,6800,116955466.666667,118578400,0,0,0
"Iceland",0,0,0,0,0,0,0,0,0,0,0,0,0,0,0,0,0,0,0,0,0,0,0,0,0,0,0,0,0,0,0,0,0,0,0,0,0,0,0,0,0,104266.666666667,0,0,0,0,0,0,0,0,14481733.3333333,0,0,0,0,0,0,0,0,0,0,0,0,0,0,0,0,0,0,0,0,0,0,0,0,0,0,0,0,0,0,0,0,0,0,0,0,0,0,0,0,0,0,0,0,0,0,0,0,0,0,0,0,0,0,0,0,0,0,0,0,0,0,0,0,0,0,0,0,0,0,0,0,0,0,0,0,0,0,0,0,0,0,0,0,0,0,0,0,0,0,0,0,0,0,0,0,0,0,0,0,0,0,0,0,0,253866.666666667,0,0,0,478266.666666667,58933.3333333333,0,0,0,0,0,0,0,0,0,0,0,0,0,0,489600,0,0,0,0,0,0,0,0,0,0,0,0,0,0,0,0,0,0
"India",0,0,0,0,0,0,35872266.6666667,0,0,0,0,0,0,1246666.66666667,0,0,0,0,0,0,0,0,0,0,0,0,0,0,10571733.3333333,0,0,7661333.33333333,0,0,0,0,0,0,0,0,0,571200,0,0,0,0,0,0,0,0,0,0,886266.666666667,46437200,0,0,0,0,0,10880000,0,10306533.3333333,0,18133.3333333333,0,0,0,0,0,0,0,39197466.6666667,0,0,0,0,0,0,0,0,0,8266533.33333333,0,0,0,33560266.6666667,0,0,0,0,0,2024133.33333333,0,0,0,0,0,0,0,0,0,0,0,376266.666666667,2325600,0,0,0,0,147333.333333333,0,0,0,0,0,1484666.66666667,80482533.3333333,0,0,0,0,129200,0,0,0,0,0,0,0,0,0,0,81600,394400,0,0,0,0,0,0,0,0,0,0,0,0,0,0,0,122400,0,0,0,78088933.3333333,0,0,22848000,0,0,0,0,1684133.33333333,0,0,0,0,0,3740000,0,0,199466.666666667,0,140533.333333333,32995866.6666667,0,0,31413733.3333333,0,19713200,0,0,0,0,2069466.66666667,0,0,15866.6666666667,0,3354666.66666667,0,0,0,0,0,0
"Indonesia",0,0,0,0,0,0,3143866.66666667,0,0,0,0,0,0,0,0,0,0,0,0,0,0,0,0,0,0,0,0,0,0,0,0,1024533.33333333,0,0,0,0,0,0,0,0,0,0,0,0,0,0,0,0,0,0,0,0,0,54400,0,0,0,0,0,0,0,0,0,0,0,0,0,0,0,0,0,1058533.33333333,0,0,0,0,0,0,0,0,0,0,0,0,0,2250800,0,0,0,0,0,537200,0,0,0,0,0,0,0,0,0,0,0,1364533.33333333,0,0,0,0,0,0,0,0,0,0,0,0,330933.333333333,0,0,0,0,61200,0,0,15866.6666666667,0,0,0,0,4533.33333333333,0,0,0,0,0,0,4975333.33333333,0,0,0,0,0,0,0,0,0,0,0,0,0,0,0,0,24967333.3333333,0,0,0,0,0,0,0,0,0,0,0,0,782000,0,0,0,0,0,0,392133.333333333,0,0,0,0,269733.333333333,0,0,0,0,0,0,0,0,0,0,0,0,0,0,0,0
"Iran (Islamic Republic of)",0,0,0,0,0,0,0,0,0,0,0,0,0,0,0,0,0,0,0,0,0,0,859066.666666667,0,0,2266.66666666667,0,0,0,0,0,0,0,0,0,0,0,0,0,0,0,0,0,0,0,0,0,0,0,0,0,0,0,0,0,0,0,0,0,0,0,0,0,0,0,0,0,0,0,0,0,0,0,0,0,0,0,0,0,0,0,0,0,0,0,0,0,0,0,0,0,2266.66666666667,0,0,0,0,0,0,0,0,0,0,0,61200,40800,0,0,0,0,0,0,0,0,0,0,0,0,0,0,0,0,29466.6666666667,0,0,0,0,0,0,0,0,0,0,0,0,0,0,0,0,0,0,0,0,0,0,0,0,0,0,0,0,0,0,0,0,0,0,0,0,0,0,0,1378133.33333333,0,0,0,0,0,0,0,0,0,0,0,0,0,0,0,0,0,0,0,0,0,0,0,0,0,0,0,0,0,0,0,0,0
"Iraq",0,0,0,0,0,0,0,0,0,0,0,0,0,0,0,0,0,0,0,0,0,0,0,0,0,0,0,0,0,0,0,0,0,0,0,0,0,0,0,0,0,0,0,0,0,0,0,0,0,0,0,0,0,0,0,0,0,0,0,0,0,0,0,0,0,0,0,0,0,0,0,0,0,0,0,0,0,0,0,0,0,0,0,0,0,0,0,0,0,0,0,0,0,0,0,0,0,0,0,0,0,0,0,0,0,0,0,0,0,0,0,0,0,0,0,0,0,0,0,0,0,0,0,0,0,0,0,0,0,0,0,0,0,0,0,0,0,0,0,0,0,0,0,0,0,0,0,0,0,0,0,0,0,0,0,0,0,0,0,0,0,0,0,0,0,0,0,0,0,0,0,0,0,0,0,0,0,0,0,0,0,0,0,0,0,0,0,0,0,0,0,0,0,0,0
"Ireland",0,0,0,0,0,0,285600,0,0,0,1158266.66666667,0,0,0,0,0,0,0,0,0,0,99733.3333333333,0,0,0,2266.66666666667,0,0,0,0,1638800,208533.333333333,0,0,0,0,0,0,9066.66666666667,0,0,1564000,0,0,0,0,3622133.33333333,0,0,228933.333333333,0,0,378533.333333333,1772356533.33333,0,0,0,0,0,24650000,0,0,0,0,0,0,0,0,0,0,0,3454400,3060000,0,285600,2266.66666666667,0,0,0,0,4533.33333333333,11657466.6666667,0,0,0,0,0,0,0,0,0,0,0,115600,0,0,0,0,0,124666.666666667,9066.66666666667,0,0,0,0,0,0,0,0,0,0,0,0,0,0,0,1079855866.66667,0,0,0,0,0,0,0,20400,265200,0,0,22666.6666666667,0,0,0,0,0,1561733.33333333,0,0,0,0,0,0,0,0,0,0,0,0,5945466.66666667,0,0,0,24933.3333333333,0,38533.3333333333,0,650533.333333333,80974400,0,0,0,8264266.66666667,181333.333333333,0,0,0,0,0,0,0,0,0,0,4533.33333333333,0,0,0,1059453600,0,2103466.66666667,0,11333.3333333333,0,0,13600,0,0,0,0,9132400,0,0,634666.666666667,0,0,0
"Israel",0,0,0,0,0,10401733.3333333,35781600,5804933.33333333,0,77066.6666666667,0,0,0,0,0,0,20177866.6666667,0,0,0,0,0,0,0,0,167443200,0,0,0,0,0,28657466.6666667,0,0,3295733.33333333,0,797866.666666667,0,940666.666666667,636933.333333333,0,28108933.3333333,0,0,0,0,0,0,0,0,0,0,659600,440821333.333333,0,0,868133.333333333,0,0,106234133.333333,0,933866.666666667,0,1384933.33333333,0,0,77066.6666666667,0,0,0,24933.3333333333,21021066.6666667,7126400,0,0,54400,0,0,0,0,0,57344400,0,0,303733.333333333,66612800,0,0,6693466.66666667,344533.333333333,0,2067200,0,21583200,0,0,0,0,0,371733.333333333,0,0,0,0,0,0,0,0,0,3479333.33333333,0,1876800,0,0,0,0,52167333.3333333,0,0,0,0,303733.333333333,0,0,623333.333333333,1992400,0,15127733.3333333,2139733.33333333,0,0,0,961066.666666667,106578666.666667,0,0,0,0,0,0,3402266.66666667,0,45088533.3333333,0,0,0,0,0,0,0,0,7661333.33333333,56666.6666666667,8586133.33333333,0,6666266.66666667,829600,0,0,0,958800,32213866.6666667,0,0,11884133.3333333,0,4100400,0,0,0,0,0,86133.3333333333,3907733.33333333,0,0,226011600,12088133.3333333,2753743866.66667,0,2112533.33333333,0,0,0,0,0,0,0,91280933.3333333,3517866.66666667,0,0,0,0,0
"Italy",41713466.6666667,235733.333333333,1946527200,0,52029066.6666667,26062133.3333333,10300841733.3333,31297412533.3333,171817866.666667,58004000,83327200,4701066.66666667,0,1464266.66666667,3624400,2448000,8071536533.33333,0,16181733.3333333,0,636933.333333333,2187900000,29797600,566666.666666667,142654933.333333,53608688533.3333,13910533.3333333,0,87302933.3333333,0,563470666.666667,20340978266.6667,1006789866.66667,0,23507600,410266.666666667,565828000,87944400,1061185333.33333,51285600,28666533.3333333,26716637866.6667,5596400,484146400,1806064133.33333,417712666.666667,22650800,81590933.3333333,8067066.66666667,2791533733.33333,0,11430800,7477606400,57609575066.6667,2559066.66666667,741200,84419733.3333333,5056933.33333333,3814800,384752554400,50272400,234105866.666667,0,6039880133.33333,0,15726133.3333333,196202666.666667,4617200,9109733.33333333,9180000,120026800,1934056000,2339812000,1738850666.66667,1009541600,336799466.666667,145456533.333333,70266.6666666667,54894133.3333333,8756577600,1773950000,0,114448533.333333,652487200,136550800,28303327200,102578000,11866000,208673866.666667,132572800,2538666.66666667,5926911733.33333,2126133.33333333,8684824000,41418800,149201066.666667,0,0,10469733.3333333,7739546933.33333,6539333.33333333,8935200,0,318546000,208218266.666667,1214933.33333333,2982634133.33333,0,41364400,10361146400,131546000,55818933.3333333,73678000,189445733.333333,528133.333333333,21841600,38411157733.3333,0,12228666.6666667,49397466.6666667,392133.333333333,1604892933.33333,77622000,31733.3333333333,1353925333.33333,18576729600,9966533.33333333,396263200,20075606000,0,99919200,713675866.666667,536515466.666667,19091081600,4975934000,0,0,1319200,161658666.666667,5555600,3873073733.33333,8903466.66666667,36758254533.3333,10073066.6666667,30670266.6666667,7432400,3767200,7817733.33333333,21782666.6666667,83127733.3333333,9760266.66666667,1055122000,7580159466.66667,1214289600,49866.6666666667,577619200,13776911066.6667,16630533.3333333,668666.666666667,0,38567514666.6667,51208639866.6667,0,1681866.66666667,1667457466.66667,29385066.6666667,1056853733.33333,45725466.6666667,394400,97253600,9016800,1156000,1032017866.66667,1575922666.66667,28077200,0,188815382400,10409143066.6667,242302196800,22460400,50705333.3333333,8141866.66666667,448892933.333333,1773752800,38975333.3333333,0,12716000,11800266.6666667,34427919466.6667,2096959066.66667,776798000,88853333.3333333,693600,0,0
"Cote dIvoire",0,0,0,0,0,0,0,0,0,0,0,0,0,0,0,0,0,0,0,0,0,0,0,0,2266.66666666667,0,0,0,0,0,0,0,0,0,0,0,0,0,0,0,0,0,0,0,0,0,0,0,0,0,0,0,0,165466.666666667,0,0,0,0,0,0,52133.3333333333,0,0,0,0,0,0,0,0,0,0,0,0,0,0,0,0,0,0,0,0,6800,0,0,0,0,0,0,0,0,0,0,0,0,0,0,0,104266.666666667,0,0,0,0,0,0,0,0,0,0,11333.3333333333,0,0,0,0,0,0,0,0,0,0,0,0,0,0,0,0,0,0,0,0,0,0,0,0,3050933.33333333,0,0,0,0,0,0,0,4533.33333333333,0,0,0,0,0,0,11333.3333333333,0,0,0,0,0,0,4533.33333333333,0,0,0,0,0,0,0,0,0,0,0,0,0,0,0,0,0,2266.66666666667,0,0,0,0,6800,118317733.333333,0,0,0,0,0,0,0,0,15866.6666666667,0,0,0,0,0,0
"Kazakhstan",0,0,0,0,0,0,0,0,0,0,0,0,0,0,0,0,0,0,0,0,0,0,0,0,0,4533.33333333333,0,0,0,0,0,14450000,0,0,0,0,0,0,0,0,0,0,0,0,0,0,0,0,0,0,0,0,0,11333.3333333333,0,0,0,0,0,65733.3333333333,0,0,0,0,0,0,0,0,0,0,0,0,0,0,0,0,0,0,0,0,0,18133.3333333333,0,0,0,0,0,208533.333333333,0,0,0,412533.333333333,0,0,0,0,0,0,0,0,0,0,0,0,0,0,0,0,0,0,2346000,0,0,0,0,0,0,0,0,0,0,0,0,0,0,0,0,0,0,0,0,0,0,0,0,0,0,0,0,0,0,0,4390533.33333333,0,0,0,0,0,0,0,0,0,0,0,0,0,0,0,1122000,0,398933.333333333,0,0,0,0,0,0,0,0,0,0,0,0,149600,0,0,34000,0,0,0,0,2266.66666666667,0,0,0,0,0,0,6800,0,0,0,0,0,0
"Jamaica",0,0,0,0,5963600,0,0,0,54400,0,10159200,0,0,0,0,0,0,0,2781200,0,0,0,0,0,0,8203066.66666667,0,0,0,0,0,0,0,0,0,0,0,0,0,0,0,0,6142666.66666667,0,0,0,0,0,0,0,0,0,0,3558666.66666667,0,0,0,0,0,0,0,0,0,0,0,3635733.33333333,0,0,1042666.66666667,0,0,0,0,0,0,0,0,0,0,0,0,0,0,0,0,0,0,0,38533.3333333333,0,0,0,0,0,0,0,0,0,0,0,0,0,0,0,489600,0,0,0,0,0,0,0,0,0,0,0,18133.3333333333,0,0,0,0,0,0,0,0,0,0,0,0,0,0,0,0,0,0,0,0,0,0,0,0,0,0,1337333.33333333,2579466.66666667,1285200,0,0,0,0,0,0,0,0,0,0,0,0,0,0,0,0,0,0,0,0,0,0,0,9465600,0,0,0,36266.6666666667,0,0,26540400,0,89073200,0,0,0,0,0,0,0,0,0,0,0,0,0,0,0,0
"Japan",0,0,0,0,0,0,1999200,0,0,0,0,0,0,0,0,0,0,0,0,0,0,0,156400,0,0,1738533.33333333,0,0,24933.3333333333,0,0,31280000,0,0,0,0,0,0,0,0,0,34000,0,0,0,0,0,0,0,0,0,0,228933.333333333,1126533.33333333,0,0,0,0,0,355866.666666667,0,0,0,0,0,0,0,0,0,0,0,29661600,0,0,0,0,15866.6666666667,0,0,0,0,315066.666666667,0,0,0,0,0,0,0,2151066.66666667,0,7965066.66666667,0,0,0,0,0,0,0,466933.333333333,1303333.33333333,0,0,310533.333333333,138266.666666667,0,0,0,0,20400,0,0,0,0,0,0,181333.333333333,0,0,0,0,65733.3333333333,0,0,0,800133.333333333,0,0,0,0,0,0,4533.33333333333,167733.333333333,0,0,0,0,0,0,0,0,2744933.33333333,0,0,0,0,0,0,102000,0,0,0,5501200,0,0,0,0,0,0,1316933.33333333,172266.666666667,0,0,59649600,0,922533.333333333,0,0,0,0,0,0,4533.33333333333,0,0,5174800,0,1518666.66666667,0,0,0,0,1530000,0,0,0,0,337733.333333333,0,0,0,0,0,0
"Jordan",0,0,0,0,0,0,0,0,0,0,0,0,0,0,0,0,0,0,0,0,0,0,0,0,0,131466.666666667,0,0,0,0,0,0,0,0,0,0,0,0,0,0,0,0,0,0,0,0,0,0,0,0,0,0,0,0,0,0,0,0,0,847733.333333333,0,0,0,0,0,0,0,0,0,0,0,0,0,0,0,0,0,0,0,0,4526533.33333333,0,0,0,0,20400,0,0,0,0,0,0,0,0,0,0,0,0,0,0,0,0,0,0,0,0,0,0,0,0,0,0,0,0,0,0,0,0,0,0,0,0,0,0,0,0,0,0,0,0,0,0,0,0,0,0,0,0,0,0,0,0,0,0,0,0,0,0,0,0,0,0,0,0,0,0,0,0,0,0,0,0,0,0,0,0,0,0,0,0,0,0,0,0,0,0,86133.3333333333,0,2266.66666666667,0,0,0,0,0,0,0,0,0,0,0,0,0,0,0,0
"Kyrgyzstan",0,0,0,0,0,0,0,0,0,0,0,0,0,0,0,0,0,0,0,0,0,0,0,0,0,0,0,0,0,0,0,30944533.3333333,0,0,0,0,0,0,0,0,0,0,0,0,0,0,0,0,0,0,0,0,0,0,0,0,0,0,0,0,0,0,0,0,0,0,0,0,0,0,0,0,0,0,0,0,0,0,0,0,0,0,0,142274133.333333,0,0,0,0,0,0,0,0,0,0,0,0,0,0,0,0,0,0,0,0,0,0,0,0,0,0,0,0,0,0,0,0,0,0,0,0,0,0,0,0,0,0,0,0,0,0,0,0,0,0,0,0,0,0,0,0,0,0,0,0,0,0,0,0,0,0,0,0,0,0,0,0,0,0,2867333.33333333,0,0,0,0,0,0,0,0,0,0,0,0,0,0,0,0,0,0,0,0,0,0,0,0,0,0,0,0,0,0,0,0,0,0,0,0
"Kenya",0,0,0,0,4533.33333333333,113333.333333333,11333.3333333333,0,0,0,0,0,0,0,0,616533.333333333,0,0,0,0,0,0,0,6018000,0,0,0,0,0,0,83866.6666666667,936133.333333333,0,0,0,0,0,0,0,0,0,0,0,0,0,0,0,0,0,0,0,0,0,3540533.33333333,0,0,0,0,0,215333.333333333,0,523600,0,0,0,0,0,0,0,0,0,61200000,0,0,0,0,0,0,0,0,0,52133.3333333333,0,0,0,163200,0,0,0,806933.333333333,0,0,0,0,0,0,0,2266.66666666667,0,0,0,0,485066.666666667,4533.33333333333,0,0,0,0,0,0,0,4533.33333333333,0,0,0,0,0,0,0,0,0,0,0,0,0,0,0,2266.66666666667,0,0,0,0,0,0,0,0,0,0,0,326400,0,16179466.6666667,0,0,0,0,0,0,0,0,0,0,0,0,1609333.33333333,12002000,0,0,0,0,0,15866.6666666667,0,0,0,30713333.3333333,0,827333.333333333,0,0,0,0,4533.33333333333,1842800,4846133.33333333,0,306000,0,387600,0,0,0,0,5440000,36266.6666666667,0,148582266.666667,0,2266.66666666667,0,0,0,0,4864266.66666667,0
"Cambodia",0,0,0,0,0,0,0,0,0,0,0,0,0,0,0,0,0,0,0,0,0,0,0,0,0,0,0,0,0,0,0,0,0,0,0,0,0,0,0,0,0,0,0,0,0,0,0,0,0,0,0,0,0,0,0,0,0,0,0,0,0,0,0,0,0,0,0,0,0,0,0,0,0,0,0,0,0,0,0,0,0,0,0,0,0,4553733.33333333,0,0,0,0,0,213066.666666667,0,0,0,0,0,0,0,0,0,0,0,0,0,0,0,0,0,0,0,0,0,0,0,0,0,0,0,0,0,0,0,0,0,0,0,0,398933.333333333,0,0,0,0,0,0,0,0,0,0,0,0,0,0,0,0,0,0,0,0,0,0,0,0,49866.6666666667,0,0,0,0,0,0,0,0,0,0,0,0,294666.666666667,0,0,0,0,0,0,0,0,0,0,0,0,0,0,0,0,0,0,0,0,0,0,0,0,0,0,0,0
"Democratic People's Republic of Korea",0,0,0,0,0,0,0,0,0,0,0,0,0,0,0,0,0,0,0,0,0,0,0,0,0,0,0,0,0,0,0,0,0,0,0,0,0,0,0,0,0,0,0,0,0,0,0,0,0,0,0,0,0,0,0,0,0,0,0,0,0,0,0,0,0,0,0,0,0,0,0,0,0,0,0,0,0,0,0,0,0,0,0,0,0,0,0,0,0,0,0,0,0,0,0,0,0,0,0,0,0,0,0,0,0,0,0,0,0,0,0,0,0,0,0,0,0,0,0,0,0,0,0,0,0,0,0,0,0,0,0,0,0,0,0,0,0,0,0,0,0,0,0,0,0,0,0,0,0,0,0,0,0,0,0,0,0,0,0,0,0,0,0,0,0,0,0,0,0,0,0,0,0,0,0,0,0,0,0,0,0,0,0,0,0,0,0,0,0,0,0,0,0,0,0
"Republic of Korea",0,0,0,0,0,0,9447466.66666667,0,0,0,0,0,0,0,0,0,4533.33333333333,0,0,0,0,0,0,0,0,0,0,0,0,0,0,1668266.66666667,0,0,0,0,0,0,0,0,0,0,0,0,0,0,0,0,0,0,0,0,0,176800,0,0,0,0,0,18133.3333333333,0,0,0,0,0,0,0,0,0,0,0,1897200,0,0,0,0,0,0,0,0,0,0,0,4533.33333333333,0,61200,0,0,0,0,0,0,0,272000,0,0,0,217600,0,0,20400,0,0,0,0,0,0,0,0,0,0,0,0,0,0,0,1752133.33333333,0,0,0,0,457866.666666667,0,0,2044533.33333333,0,0,0,0,0,0,0,240266.666666667,0,0,0,0,0,0,0,0,0,0,0,0,0,0,0,0,0,0,0,0,83866.6666666667,0,10281600,3978000,0,0,0,0,0,0,0,29466.6666666667,0,3381866.66666667,0,0,0,0,0,0,0,0,0,247066.666666667,0,68353600,0,0,0,0,1416666.66666667,0,0,0,0,0,0,0,0,0,0,0
"Kuwait",0,0,0,0,0,0,0,0,0,0,0,0,0,0,0,0,0,0,0,0,0,0,0,0,0,0,0,0,0,0,0,0,0,0,0,0,0,0,0,0,0,0,0,0,0,0,0,0,0,0,0,0,0,24933.3333333333,0,0,0,0,0,0,0,0,0,0,0,0,0,0,0,0,0,0,0,0,0,0,0,0,108800,0,0,0,0,0,0,0,0,0,0,0,0,0,0,0,0,0,0,0,0,0,0,0,0,0,0,0,0,0,0,0,0,0,0,0,0,0,0,0,0,0,0,0,0,0,0,0,0,0,0,0,0,0,0,0,0,0,0,0,0,0,0,0,0,0,0,0,0,0,0,0,0,0,0,0,0,0,0,0,0,0,0,0,0,0,0,0,0,0,0,0,0,0,0,0,0,0,0,0,0,0,0,0,0,0,0,0,0,0,0,0,0,0,0,0,0
"Latvia",3137066.66666667,0,0,0,0,0,1280666.66666667,768400,0,0,0,0,0,0,0,0,0,0,0,0,0,3175600,0,0,0,0,0,0,0,0,2266.66666666667,410266.666666667,0,0,0,0,0,0,4007466.66666667,2389066.66666667,0,2357333.33333333,0,0,623646133.333333,0,0,0,0,840203466.666667,0,0,199466.666666667,1511866.66666667,0,0,76150933.3333333,0,0,21508400,0,147333.333333333,0,1935733.33333333,0,0,0,0,0,0,0,732133.333333333,99733.3333333333,72533.3333333333,11333.3333333333,138266.666666667,0,0,0,3853333.33333333,4535600,4222800,0,1345561333.33333,0,0,181333.333333333,8092000,0,0,0,0,0,0,0,0,0,0,0,504900000,0,0,0,0,61200,0,58933.3333333333,0,0,0,7486800,0,0,0,0,0,9146000,0,0,0,0,306000,0,0,0,1133333.33333333,0,0,1156000,0,0,0,0,4048266.66666667,6099600,0,0,0,0,0,4936800,0,58684274266.6667,0,0,0,0,0,0,0,0,0,410266.666666667,292400,0,0,2364133.33333333,0,2976133.33333333,0,5360666.66666667,81600,0,5746000,589333.333333333,0,360400,0,0,0,0,0,117866.666666667,10712266.6666667,0,0,1217200,440179866.666667,1078933.33333333,0,0,36504666.6666667,0,1559466.66666667,0,0,0,0,1092533.33333333,163200,0,0,0,0,0
"Lao People's Democratic Republic",0,0,0,0,0,0,0,0,0,0,0,0,0,0,0,0,0,0,0,0,0,0,0,0,0,0,0,0,0,0,0,0,0,0,0,0,0,0,0,0,0,0,0,0,0,0,0,0,0,0,0,0,0,0,0,0,0,0,0,0,0,0,0,0,0,0,0,0,0,0,0,0,0,0,0,0,0,0,0,0,0,0,0,0,0,0,0,0,0,0,0,0,0,0,0,0,0,0,0,0,0,0,0,0,0,0,0,0,0,0,0,0,0,0,0,0,0,0,0,0,0,0,0,0,0,0,0,0,0,0,0,0,0,0,0,0,0,0,0,0,0,0,0,0,0,0,0,0,0,0,0,0,0,0,0,0,0,0,0,0,0,0,0,0,0,0,0,0,0,0,0,0,0,0,0,0,0,0,0,0,0,0,0,0,0,0,0,0,0,0,0,0,0,0,0
"Lebanon",154133.333333333,0,0,0,0,0,13681600,2234933.33333333,0,1564000,0,0,0,0,0,0,14085066.6666667,0,0,0,0,72533.3333333333,0,403466.666666667,1906266.66666667,109990000,0,0,199466.666666667,0,0,9805600,0,0,777466.666666667,0,0,0,791066.666666667,0,0,28442133.3333333,0,0,0,0,1666000,0,102000,0,0,0,7348533.33333333,325207733.333333,0,306000,0,0,0,68639200,0,52133.3333333333,0,0,0,0,0,1847333.33333333,0,0,0,14035200,0,0,308266.666666667,0,0,0,26227600,1400800,0,10884533.3333333,4517466.66666667,0,0,4948133.33333333,5047866.66666667,0,95200,0,0,1171866.66666667,0,0,0,0,0,1099333.33333333,0,0,0,0,0,0,34000,0,1978800,0,0,6219733.33333333,0,104266.666666667,0,0,0,0,32955066.6666667,0,0,0,0,763866.666666667,0,0,2010533.33333333,110937466.666667,0,0,0,0,1554933.33333333,0,0,3982533.33333333,0,0,0,0,8774266.66666667,0,1149200,0,0,0,0,0,0,0,0,0,523600,0,0,2738133.33333333,0,0,2223600,142800,0,0,22904666.6666667,36729066.6666667,8538533.33333333,0,0,4533.33333333333,45333.3333333333,290133.333333333,0,317333.333333333,151866.666666667,0,1224000,57877066.6666667,0,0,320137200,0,201216533.333333,0,0,0,40133600,0,0,0,0,0,127928400,0,0,0,0,0,0
"Lesotho",0,0,0,0,0,0,0,0,0,0,0,0,0,0,0,0,0,0,0,0,0,0,0,0,0,0,0,0,0,0,0,0,0,0,0,0,0,0,0,0,0,0,0,0,0,0,0,0,0,0,0,0,0,0,0,0,0,0,0,0,0,0,0,0,0,0,0,0,0,0,0,0,0,0,0,0,0,0,0,0,0,0,0,0,0,0,0,0,0,0,0,0,0,0,0,0,0,0,0,0,0,0,0,0,0,0,0,0,0,0,0,0,0,0,0,0,0,0,0,0,0,0,0,0,0,0,0,0,0,0,0,0,0,0,0,0,0,0,0,0,0,0,0,0,0,0,0,0,0,0,0,0,0,0,0,0,0,0,0,0,0,0,0,0,0,0,0,0,0,0,0,0,0,0,0,0,0,0,0,0,0,0,0,0,0,0,0,0,0,0,0,0,0,0,0
"Liberia",0,0,0,0,0,0,0,0,0,0,0,0,0,0,0,0,0,0,0,0,0,0,0,0,0,0,0,0,0,0,0,0,0,0,0,0,0,0,0,0,0,0,0,0,0,0,0,0,0,0,0,0,0,0,0,0,0,0,0,0,0,0,0,0,0,0,0,0,0,0,0,0,0,0,0,0,0,0,0,0,0,0,0,0,0,0,0,0,0,0,0,0,0,0,0,0,0,0,0,0,0,0,0,0,0,0,0,0,0,0,0,0,0,0,0,0,0,0,0,0,0,0,0,0,0,0,0,0,0,0,0,0,0,0,0,0,0,0,0,0,0,0,0,0,0,0,0,0,0,0,0,0,0,0,0,0,0,0,0,0,0,0,0,0,0,0,0,0,0,0,0,0,0,0,0,0,0,0,0,0,0,0,0,0,0,0,0,0,0,0,0,0,0,0,0
"Libya",0,0,0,0,0,0,0,0,0,0,0,0,0,0,0,0,0,0,0,0,0,0,0,0,0,0,0,0,0,0,0,0,0,0,0,0,0,0,0,0,0,0,0,0,0,0,0,0,0,0,0,0,0,0,0,0,0,0,0,0,0,0,0,0,0,0,0,0,0,0,0,0,0,0,0,0,0,0,0,0,0,0,0,0,0,0,0,0,0,0,0,0,0,0,0,0,0,0,0,0,0,0,0,0,0,0,0,0,0,0,0,0,0,0,0,0,0,0,0,0,0,0,0,0,0,0,0,0,0,0,0,0,0,0,0,0,0,0,0,0,0,0,0,0,0,0,0,0,0,0,0,0,0,0,0,0,0,0,0,0,0,4533.33333333333,0,0,0,0,0,0,0,0,0,0,0,0,0,0,0,0,0,0,0,0,0,0,0,0,0,0,0,0,0,0,0,0,0
"Lithuania",25529466.6666667,0,0,0,0,0,0,0,0,0,0,0,0,0,0,0,0,0,0,0,0,86133.3333333333,0,4694266.66666667,0,0,0,0,0,0,0,38832533.3333333,0,0,0,0,0,0,2266.66666666667,19894533.3333333,0,591600,0,0,838512533.333333,0,0,0,0,99463600,0,0,27200,3556400,0,0,4560533.33333333,0,0,13869733.3333333,0,0,0,0,0,0,0,0,0,0,0,553066.666666667,0,0,0,0,0,0,0,11519200,0,1761200,0,478958000,0,0,0,85380800,0,4533.33333333333,0,0,0,784878666.666667,0,0,0,0,0,0,0,0,0,0,0,0,1627466.66666667,0,0,0,1477866.66666667,0,0,31733.3333333333,0,0,4612666.66666667,0,0,0,0,217600,0,0,18981066.6666667,0,0,0,612000,0,0,0,104266.666666667,221605200,9066.66666666667,0,0,0,0,0,0,0,41528304933.3333,0,0,0,0,0,0,0,0,0,0,337733.333333333,0,0,2393600,0,0,0,99733.3333333333,0,0,25629200,1842800,0,0,0,0,0,0,0,2266.66666666667,183600,0,0,24686266.6666667,222684133.333333,13624933.3333333,0,0,2463866.66666667,0,863600,0,0,616533.333333333,0,120133.333333333,0,0,0,0,0,0
"Macao SAR, China",0,0,0,0,0,0,929333.333333333,0,0,0,0,0,0,0,0,0,0,0,0,0,0,0,0,0,0,0,0,0,0,0,0,52661466.6666667,0,0,0,0,0,0,0,0,0,0,0,0,0,0,0,0,0,0,0,0,0,4392800,0,0,0,0,0,2266.66666666667,0,0,0,0,0,0,0,0,0,0,0,276789466.666667,0,0,0,0,0,0,0,0,0,0,0,0,0,444266.666666667,0,0,0,61247600,0,0,0,0,0,0,0,0,0,0,0,0,0,405733.333333333,0,0,0,0,0,0,0,0,0,0,0,0,0,0,0,0,0,0,0,0,0,0,0,0,0,0,0,0,0,0,0,0,0,0,0,0,0,0,0,0,0,0,0,0,0,0,0,0,0,494133.333333333,0,0,0,0,0,0,0,0,0,0,11333.3333333333,0,0,0,0,0,0,0,0,0,0,0,0,0,43066.6666666667,0,0,0,0,1418933.33333333,0,0,0,0,0,0,0,0,0,0,0
"Madagascar",0,0,0,0,0,0,0,0,0,0,0,0,0,0,0,0,0,0,0,0,0,0,0,0,0,0,0,0,0,0,0,0,0,0,0,0,0,0,0,0,0,0,0,0,0,0,0,0,0,0,0,0,0,20400,0,0,0,0,0,0,0,0,0,0,0,0,0,0,0,0,0,0,0,0,0,0,0,0,0,0,0,0,0,0,0,0,0,0,0,0,0,0,0,0,0,0,0,0,0,0,0,0,0,0,0,0,0,0,0,0,0,0,0,0,0,0,0,0,0,0,0,0,0,0,0,0,0,0,0,0,0,0,0,0,0,0,0,0,0,0,0,0,0,0,0,0,0,0,0,0,0,0,0,0,0,0,0,0,0,0,0,0,0,0,0,0,0,0,0,0,0,0,0,0,0,0,0,0,0,0,0,0,0,0,0,0,0,0,11333.3333333333,0,0,0,0,0,0
"Malawi",0,0,0,0,0,0,0,0,0,0,0,0,0,0,0,0,0,0,0,0,0,0,0,0,0,0,0,0,0,0,0,0,0,0,0,0,0,0,0,0,0,0,0,0,0,0,0,0,0,0,0,0,0,0,0,0,0,0,0,0,0,0,0,0,0,0,0,0,0,0,0,0,0,0,0,0,0,0,0,0,0,0,0,0,0,0,0,0,0,0,0,0,0,0,0,0,0,0,0,0,0,0,0,0,0,0,0,0,0,0,0,0,0,0,0,0,0,0,0,0,0,0,0,0,0,0,0,0,0,0,0,0,0,0,0,0,0,0,0,43066.6666666667,0,0,0,0,0,0,0,0,0,0,0,0,0,213066.666666667,0,0,0,0,0,0,0,0,0,0,0,0,0,0,0,0,0,0,0,0,0,0,45333.3333333333,0,612000,0,0,0,0,0,0,0,0,0,2266.66666666667,0,0,0,0,0,0
"Malaysia",0,0,0,0,0,2266.66666666667,13903733.3333333,2266.66666666667,0,0,0,544000,0,0,0,0,0,0,0,0,6074666.66666667,0,6800,0,0,15866.6666666667,0,0,4533.33333333333,0,4186533.33333333,162492800,0,0,0,0,0,0,0,0,0,544000,0,0,0,0,0,0,0,0,0,0,0,480533.333333333,0,0,0,0,0,2266.66666666667,0,0,0,0,0,0,0,0,0,0,0,316793866.666667,0,0,0,3089466.66666667,2856000,0,0,0,0,380800,0,0,0,1981066.66666667,0,0,0,7019866.66666667,0,97466.6666666667,0,0,0,0,0,0,0,0,41985466.6666667,0,0,0,0,0,0,0,0,0,0,0,0,0,0,9066.66666666667,17709466.6666667,0,0,0,0,27200,0,0,0,0,1690933.33333333,0,0,4533.33333333333,0,0,272000,0,0,0,0,0,0,0,0,11333.3333333333,29466.6666666667,0,0,0,0,0,0,0,0,0,0,141304000,0,0,158666.666666667,0,0,0,0,0,0,0,11077200,0,352994800,0,0,0,0,0,0,0,0,0,70266.6666666667,0,24933.3333333333,0,0,6800,0,8624666.66666667,0,0,0,0,249333.333333333,0,0,0,0,0,0
"Maldives",0,0,0,0,0,0,0,0,0,0,0,0,0,0,0,0,0,0,0,0,0,0,0,0,0,0,0,0,0,0,0,0,0,0,0,0,0,0,0,0,0,0,0,0,0,0,0,0,0,0,0,0,0,0,0,0,0,0,0,0,0,0,0,0,0,0,0,0,0,0,0,0,0,0,0,0,0,0,0,0,0,0,0,0,0,0,0,0,0,0,0,0,0,0,0,0,0,0,0,0,0,0,0,11333.3333333333,0,0,0,0,0,0,0,0,0,0,0,0,0,0,0,0,0,0,0,0,0,0,0,0,0,0,0,0,0,0,0,0,0,0,0,0,0,0,0,0,0,0,0,0,0,0,0,0,0,0,0,0,0,0,0,0,0,0,0,0,0,0,0,0,0,0,0,0,0,0,0,0,0,0,0,0,0,0,0,0,0,0,0,0,0,0,0,0,0,0,0
"Mali",0,0,0,0,0,0,0,0,0,0,0,0,0,0,0,0,0,0,0,0,0,0,0,0,0,0,0,0,0,0,0,0,0,0,0,0,0,0,0,0,0,0,0,0,0,0,0,0,0,0,0,0,0,519066.666666667,0,0,0,0,0,0,0,0,0,0,0,0,0,0,0,0,0,0,0,0,0,0,0,0,0,0,0,0,0,0,0,0,0,0,0,0,0,0,0,0,0,0,0,0,0,0,0,0,0,0,0,0,0,0,0,0,0,0,0,0,0,0,865866.666666667,0,0,0,0,0,0,0,0,0,0,0,0,0,0,0,0,0,0,0,0,0,0,0,0,0,0,0,0,0,0,0,0,0,0,0,0,0,0,0,0,0,0,0,0,0,0,0,0,0,0,0,0,0,0,0,0,0,0,0,0,1076666.66666667,0,865866.666666667,0,0,0,0,0,0,0,0,74800,0,0,0,0,0,0
"Malta",0,0,0,0,0,0,4533.33333333333,9066.66666666667,0,0,0,0,0,0,0,0,0,0,0,0,0,0,0,0,0,0,0,0,0,0,0,24933.3333333333,0,0,0,0,0,0,0,0,0,0,0,0,0,0,0,0,0,0,0,0,0,0,0,0,0,0,0,0,0,6800,0,6546133.33333333,0,0,0,0,0,0,0,22666.6666666667,0,0,0,24933.3333333333,0,0,0,0,0,1194533.33333333,0,0,0,0,0,0,0,0,0,4533.33333333333,0,0,0,0,0,0,0,0,0,0,0,0,0,0,0,0,0,0,0,0,0,0,0,0,0,0,0,0,0,0,0,0,0,0,0,0,0,0,0,0,0,0,0,0,0,0,0,0,0,0,0,0,0,0,0,0,0,0,0,0,124666.666666667,15866.6666666667,0,0,945200,0,0,0,0,104266.666666667,0,0,29466.6666666667,0,0,0,0,0,0,0,0,0,0,0,816000,0,2266.66666666667,0,0,0,0,0,0,0,0,0,158666.666666667,0,0,0,0,0,0
"Mauritania",0,0,0,0,0,0,0,0,0,0,0,0,0,0,0,0,0,0,0,0,0,0,0,0,0,0,0,0,0,0,0,0,0,0,0,0,0,0,0,0,0,0,0,0,0,0,0,0,0,0,0,0,0,0,0,0,0,0,0,0,0,0,0,0,0,0,0,0,0,0,0,0,0,0,0,0,0,0,0,0,0,0,0,0,0,0,0,0,0,0,0,0,0,0,0,0,0,0,0,0,0,0,0,0,0,0,0,0,0,0,0,0,0,0,0,0,0,0,0,0,0,0,0,0,0,0,0,0,0,0,0,0,0,0,0,0,0,0,0,0,0,0,0,0,0,0,0,0,0,0,0,0,0,0,0,0,0,0,0,0,0,0,0,0,0,0,0,0,0,0,0,0,0,0,0,0,0,0,0,0,0,0,0,0,0,0,0,0,0,0,0,0,0,0,0
"Mauritius",0,0,0,0,0,45333.3333333333,838666.666666667,45333.3333333333,0,0,0,0,0,0,0,0,0,0,0,0,0,0,0,0,0,0,0,0,0,0,793333.333333333,27200,0,0,0,0,0,0,0,0,0,0,0,0,0,0,0,0,0,0,0,0,0,16743866.6666667,0,0,0,0,0,18133.3333333333,0,0,0,0,0,0,0,0,0,0,0,11333.3333333333,0,0,0,0,0,0,0,0,0,3264000,0,0,0,2266.66666666667,0,0,21512933.3333333,0,0,0,0,0,0,0,0,0,0,0,0,15866.6666666667,0,0,0,0,0,0,0,0,0,0,0,0,0,0,1004133.33333333,0,0,0,0,385333.333333333,0,0,0,0,0,0,0,0,0,0,0,0,18133.3333333333,0,0,0,0,0,0,0,0,0,0,0,0,0,0,321866.666666667,0,0,0,0,0,11850133.3333333,1203600,0,0,0,0,201733.333333333,0,0,0,0,0,0,0,0,0,0,0,371733.333333333,0,0,1199066.66666667,0,185866.666666667,0,0,0,0,0,0,0,0,0,0,0,0,0,0,0,0
"Mexico",0,0,0,0,0,0,1489200,0,0,0,0,0,0,0,0,0,0,0,0,0,0,0,0,0,0,5104533.33333333,0,0,0,0,4145733.33333333,648266.666666667,0,0,0,0,0,0,0,0,0,0,0,0,0,0,0,0,0,0,0,0,0,3737733.33333333,0,0,0,0,0,423866.666666667,0,0,0,0,0,0,4125333.33333333,0,0,0,0,4533.33333333333,0,0,0,0,0,0,0,0,0,0,0,0,0,53724533.3333333,0,0,0,0,0,0,0,0,0,0,0,0,0,0,0,0,0,0,0,0,0,0,0,0,0,0,0,0,0,0,0,0,0,0,0,0,0,0,0,0,0,2182800,0,0,0,0,0,0,0,0,0,0,0,0,0,0,0,0,0,0,0,0,0,0,0,0,0,0,0,0,840933.333333333,0,0,0,0,2849200,0,0,0,0,0,0,0,0,0,0,0,0,0,0,34262933.3333333,0,411200533.333333,0,0,0,0,0,0,0,0,0,17922533.3333333,0,0,0,0,0,0
"Mongolia",0,0,0,0,0,0,0,0,0,0,0,0,0,0,0,0,0,0,0,0,0,0,0,0,0,0,0,0,0,0,0,18133.3333333333,0,0,0,0,0,0,0,0,0,0,0,0,0,0,0,0,0,0,0,0,0,0,0,0,0,0,0,0,0,0,0,0,0,0,0,0,0,0,0,0,0,0,0,0,0,0,0,0,0,0,0,0,0,0,0,0,0,0,0,0,0,0,0,0,0,0,0,0,0,0,0,0,0,0,0,0,0,0,0,0,0,0,0,0,0,0,0,0,0,0,0,0,0,0,0,0,0,0,0,0,0,0,0,0,0,0,0,0,0,0,0,0,0,0,0,0,0,0,0,0,0,0,0,0,0,0,0,0,0,0,0,0,0,0,0,0,0,0,0,0,0,0,0,0,0,0,0,0,0,0,0,0,0,0,0,0,0,0,0,0,0,0,0
"Morocco",0,0,0,0,0,0,0,0,0,1210400,0,0,0,0,0,0,0,0,0,0,0,0,0,0,0,2126133.33333333,0,0,0,0,0,7223866.66666667,0,0,0,0,0,0,0,0,0,18133.3333333333,0,0,0,0,0,0,0,0,0,0,0,2012899733.33333,0,0,0,0,0,525866.666666667,0,0,0,0,0,0,0,0,0,0,0,453333.333333333,0,0,54400,0,0,0,0,222133.333333333,0,154133.333333333,0,0,0,5247333.33333333,0,0,0,0,0,0,0,0,0,0,0,0,0,0,0,0,0,0,0,0,0,0,0,167733.333333333,0,0,0,0,0,0,7554800,0,0,0,0,0,0,0,0,31733.3333333333,0,0,0,0,0,0,0,0,22666.6666666667,0,0,0,0,0,0,0,0,0,0,0,0,0,27787066.6666667,0,0,0,0,0,0,0,1829200,0,0,0,1224000,1582133.33333333,0,0,1020000,0,0,0,0,0,0,0,0,0,0,0,3885066.66666667,0,25932933.3333333,0,0,0,0,0,0,0,0,0,25760666.6666667,0,0,0,0,0,0
"Mozambique",0,0,0,0,0,0,0,0,0,0,0,0,0,0,0,0,0,0,0,0,0,0,0,0,0,0,0,0,0,0,0,0,0,0,0,0,0,0,0,0,0,0,0,0,0,0,0,0,0,0,0,0,0,0,0,0,0,0,0,0,0,0,0,0,0,0,0,0,0,0,0,0,0,0,0,0,0,0,0,0,0,0,0,0,0,0,0,0,0,0,0,0,0,0,0,0,0,0,0,0,0,0,0,0,0,0,0,0,0,0,0,0,0,0,0,0,0,0,0,0,0,0,0,0,0,0,0,0,0,0,0,0,0,0,0,0,0,0,0,0,0,0,0,0,0,0,0,0,0,0,0,0,0,0,0,0,0,0,0,0,0,0,0,0,0,0,0,0,0,0,0,0,0,0,0,0,0,0,0,0,0,0,0,0,0,0,0,0,0,0,0,0,0,0,0
"Republic of Moldova",11149733.3333333,18278400,0,0,0,0,2336933.33333333,605200,0,0,0,0,0,0,22372000,0,2982933.33333333,0,0,0,0,120196800,1378133.33333333,4533.33333333333,2266.66666666667,1216696800,0,0,0,0,0,3183406400,0,0,5623600,0,0,0,12264933.3333333,4499333.33333333,1974266.66666667,1745333.33333333,0,0,28778996266.6667,0,0,0,0,50403866.6666667,0,0,2835600,88839733.3333333,0,0,12374769200,11326533.3333333,0,1633142400,97659333.3333333,26454266.6666667,0,27689600,0,2266.66666666667,0,14642666.6666667,0,0,0,71796666.6666667,0,32581066.6666667,7749733.33333333,0,0,0,0,7693066.66666667,126142266.666667,357469200,141326666.666667,1332457733.33333,1020000,150198400,0,84317733.3333333,44472000,0,0,66934666.6666667,0,580284800,0,0,0,0,0,952086133.333333,0,0,0,0,0,0,0,0,0,0,0,0,0,0,0,0,1350226133.33333,0,0,0,0,92480000,0,0,351154266.666667,6394266.66666667,0,0,5897633200,0,1262533.33333333,0,0,4588703466.66667,9483733.33333333,0,0,0,29466.6666666667,0,7448985200,0,9338106800,0,0,0,0,0,0,0,0,4533.33333333333,649692400,523600,0,0,48173466.6666667,0,17677733.3333333,0,10116133.3333333,6081466.66666667,1836000,9560800,28904533.3333333,2200933.33333333,0,12253600,0,0,0,0,620302800,22666.6666666667,0,0,4604130400,2764895866.66667,732423466.666667,44426666.6666667,0,0,0,9531333.33333333,0,0,0,0,121491066.666667,729866.666666667,180107066.666667,1312400,0,0,2865066.66666667
"Namibia",0,0,0,0,13600,0,9066.66666666667,0,36266.6666666667,0,0,0,0,0,0,0,0,0,0,0,0,0,0,0,6800,0,0,0,0,0,0,0,0,0,0,43066.6666666667,0,0,18133.3333333333,0,0,117866.666666667,0,0,0,0,0,0,0,0,0,0,0,4533.33333333333,0,0,0,0,0,231200,0,0,0,0,0,0,0,0,0,0,0,0,0,0,0,2266.66666666667,0,0,0,0,0,276533.333333333,0,0,0,0,0,0,393026400,0,0,0,0,0,0,0,0,36266.6666666667,0,247066.666666667,0,0,6192533.33333333,0,0,0,52133.3333333333,0,0,0,0,0,0,0,0,0,72533.3333333333,0,0,0,0,0,0,0,0,0,0,29466.6666666667,0,0,0,0,0,0,0,0,0,0,0,49760133.3333333,0,0,6800,0,0,6800,0,0,0,0,0,0,0,226666.666666667,0,4814400,20400,0,0,0,0,0,0,0,0,90678000,0,0,0,0,0,0,0,0,4222800,0,115600,0,0,0,0,0,0,0,0,0,27188666.6666667,183173866.666667,45333.3333333333,0,0,0,0,0,0
"Nepal",0,0,0,0,0,0,104266.666666667,0,0,0,0,0,0,0,0,0,0,0,0,0,0,0,0,0,0,0,0,0,0,0,0,0,0,0,0,0,0,0,0,0,0,0,0,0,0,0,0,0,0,0,0,0,0,0,0,0,0,0,0,0,0,0,0,0,0,0,0,0,0,0,0,27200,0,0,0,0,0,0,0,0,0,0,0,0,0,0,0,0,0,0,0,0,0,0,0,0,0,0,0,0,0,0,0,0,0,0,0,0,0,0,0,0,0,0,0,0,0,0,0,0,0,0,0,0,0,0,0,0,0,0,0,0,0,0,0,0,0,0,0,0,0,0,0,0,0,0,0,0,0,0,0,0,0,0,0,0,0,0,0,0,0,0,0,0,0,0,0,0,0,0,0,0,0,0,0,0,0,0,0,0,0,0,0,0,0,0,0,0,0,0,0,0,0,0,0
"Netherlands",1273866.66666667,108800,976933.333333333,0,1144666.66666667,4549200,27222666.6666667,61016400,1026800,1353200,217600,0,0,0,0,0,14266400,0,86133.3333333333,0,20400,120702266.666667,1074400,58933.3333333333,1507333.33333333,38410933.3333333,9066.66666666667,612000,2479733.33333333,0,29634400,909103333.333333,6802266.66666667,0,1319200,70266.6666666667,9846400,2513733.33333333,1263505733.33333,10340533.3333333,2992000,541309466.666667,0,374000,52133.3333333333,6824933.33333333,4132133.33333333,0,4299866.66666667,205493733.333333,3669733.33333333,0,93370800,1996393866.66667,2903600,278800,9068933.33333333,68000,11526000,4205589200,664133.333333333,18344133.3333333,0,92339466.6666667,0,0,253866.666666667,1437066.66666667,763866.666666667,58933.3333333333,1423466.66666667,982352933.333333,152412933.333333,17870400,1035494933.33333,10404000,575733.333333333,0,6460000,3211855333.33333,4694266.66666667,350404000,3599466.66666667,154133.333333333,2652000,789912933.333333,133733.333333333,0,1239866.66666667,12645733.3333333,0,62723200,0,377769466.666667,6580133.33333333,6573333.33333333,40800,8266533.33333333,0,102958800,113793466.666667,0,0,10889066.6666667,4469866.66666667,16317733.3333333,29074533.3333333,444266.666666667,519066.666666667,6101866.66666667,2729066.66666667,0,0,49490400,856800,0,0,0,40800,242533.333333333,52133.3333333333,15091466.6666667,0,172266.666666667,60390800,13101025066.6667,32764666.6666667,9454266.66666667,361522000,437466.666666667,1747600,14547466.6666667,2216800,1337875066.66667,132788133.333333,13600,0,269733.333333333,6045200,1620666.66666667,94166400,133733.333333333,94046266.6666667,1967466.66666667,145066.666666667,0,49866.6666666667,0,4481200,5995333.33333333,8237066.66666667,18117466.6666667,161488666.666667,153036266.666667,1668266.66666667,15633200,871089066.666667,40378400,519066.666666667,0,221661866.666667,650492533.333333,0,0,61442533.3333333,4086800,22043333.3333333,5134000,0,1106133.33333333,68000,476000,14044266.6666667,183579600,462400,0,14205007333.3333,23802266.6666667,1347821200,791066.666666667,9619733.33333333,421600,95200,7731600,0,0,7441466.66666667,224400,10377421066.6667,51498666.6666667,963333.333333333,0,0,0,0
"Netherlands Antilles",0,0,0,0,0,0,0,0,0,0,0,0,0,0,0,0,0,0,0,0,0,0,0,0,0,0,0,0,0,0,0,0,0,0,0,0,0,0,0,0,0,0,0,0,0,0,0,0,0,0,0,0,0,0,0,0,0,0,0,0,0,0,0,0,0,0,0,0,0,0,0,0,0,0,0,0,0,0,0,0,0,0,0,0,0,0,0,0,0,0,0,0,0,0,0,0,0,0,0,0,0,0,0,0,0,0,0,0,0,0,0,0,0,0,0,0,0,0,0,0,0,0,0,0,0,0,0,0,0,0,0,0,0,0,0,0,0,0,0,0,0,0,0,0,0,0,0,0,0,0,0,0,0,0,0,0,0,0,0,0,0,0,0,0,0,0,0,0,0,0,0,0,0,0,0,0,0,0,0,0,0,0,0,0,0,0,0,0,0,0,0,0,0,0,0
"New Caledonia",0,0,0,0,0,0,88400,0,0,0,0,0,0,0,0,0,0,0,0,0,0,0,0,0,0,0,0,0,0,0,0,0,0,0,0,0,0,0,0,0,0,0,0,0,0,0,0,0,0,0,0,0,0,18133.3333333333,0,0,0,0,0,0,0,0,0,0,0,0,0,0,0,0,0,0,0,0,0,0,0,0,0,0,0,0,0,0,0,0,0,0,0,0,0,0,0,0,0,0,0,0,0,0,0,0,0,0,0,0,0,0,0,0,0,0,0,0,0,0,0,0,0,0,0,0,0,0,0,0,0,0,0,0,0,0,0,0,0,0,0,0,0,0,0,0,0,0,0,0,0,0,0,0,0,0,0,0,0,0,0,0,0,0,0,0,0,0,0,0,0,0,0,0,0,0,0,0,0,0,0,0,0,0,0,0,0,0,0,0,0,0,0,0,0,0,0,0,0
"The former Yugoslav Republic of Macedonia",0,0,133710666.666667,0,0,0,18020000,929451200,0,0,0,0,0,0,0,0,0,0,0,0,0,1911826800,0,0,0,360273066.666667,0,0,0,0,0,542322666.666667,0,0,0,0,0,0,32368000,0,0,16793733.3333333,0,0,0,0,0,0,0,0,0,0,176800,2801600,0,0,0,0,0,13238942666.6667,1508890533.33333,0,0,487183733.333333,0,0,0,0,0,0,0,2259866.66666667,718533.333333333,7596465866.66667,693600,0,0,0,0,494133.333333333,718533.333333333,691788933.333333,0,0,0,64788133.3333333,0,0,0,0,0,4392800,0,28140666.6666667,0,0,0,0,0,120038133.333333,0,0,0,0,0,0,14676666.6666667,0,0,0,16743866.6666667,0,0,0,0,0,67936533.3333333,0,0,0,0,228933.333333333,0,0,0,2416266.66666667,0,0,188475600,0,0,0,0,981462133.333333,2266.66666666667,0,0,0,0,0,666400,0,770702933.333333,0,0,0,0,0,0,92933.3333333333,0,2650955066.66667,960268800,5088666.66666667,0,0,0,0,0,0,3073600,24681733.3333333,0,0,0,0,0,0,0,0,0,0,0,0,0,0,120344133.333333,20400,109022133.333333,0,0,0,0,0,0,0,0,0,14907866.6666667,296933.333333333,11037655733.3333,833884000,0,0,0
"Vanuatu",0,0,0,0,0,0,0,0,0,0,0,0,0,0,0,0,0,0,0,0,0,0,0,0,0,0,0,0,0,0,0,0,0,0,0,0,0,0,0,0,0,0,0,0,0,0,0,0,0,0,0,0,0,0,0,0,0,0,0,0,0,0,0,0,0,0,0,0,0,0,0,0,0,0,0,0,0,0,0,0,0,0,0,0,0,0,0,0,0,0,0,0,0,0,0,0,0,0,0,0,0,0,0,0,0,0,0,0,0,0,0,0,0,0,0,0,0,0,0,0,0,0,0,0,0,0,0,0,0,0,0,0,0,0,0,0,0,0,0,0,0,0,0,0,0,0,0,0,0,0,0,0,0,0,0,0,0,0,0,0,0,0,0,0,0,0,0,0,0,6800,0,0,0,0,0,0,0,0,0,0,0,0,0,0,0,0,0,0,0,0,0,0,0,0,0
"New Zealand",1183200,0,0,0,782000,800133.333333333,53559585733.3333,30028800,14919200,0,19255333.3333333,0,0,0,0,0,29348800,0,0,972400,0,432976400,634666.666666667,0,0,10110704666.6667,0,0,9758000,0,126933.333333333,1857154800,3563200,0,0,63369200,2373200,0,3930400,0,0,1319177333.33333,0,0,8053466.66666667,0,0,0,0,12482533.3333333,0,46904133.3333333,248787066.666667,4704104000,13368800,0,0,0,0,10102188800,0,349066.666666667,113333.333333333,4322533.33333333,0,0,115600,0,0,0,0,963244933.333333,18437066.6666667,741200,17439733.3333333,12192400,59030800,0,0,2834931333.33333,142491733.333333,42515866.6666667,0,25413866.6666667,172266.666666667,1066437200,228933.333333333,0,24237466.6666667,18117466.6666667,0,938454400,0,1193064533.33333,2361866.66666667,0,0,0,0,14867066.6666667,5208800,0,0,216183333.333333,62802533.3333333,0,6101866.66666667,0,4456266.66666667,57507600,0,36266.6666666667,428400,0,0,0,2906104666.66667,0,11149733.3333333,0,8663200,0,0,0,0,675455333.333333,0,455600,25484133.3333333,6965466.66666667,0,2278000,43034933.3333333,790320933.333333,25898933.3333333,0,716266.666666667,0,8976000,0,956533.333333333,0,1388832000,0,0,0,0,0,0,1122000,0,337733.333333333,22301733.3333333,935865866.666667,0,8966933.33333333,477822400,0,0,0,1111421466.66667,290001866.666667,0,0,164197333.333333,0,185164000,0,29661600,0,938400,0,3418133.33333333,275681066.666667,0,0,67414504133.3333,127570266.666667,71664515466.6667,0,963333.333333333,0,0,48162133.3333333,0,0,0,0,1419704000,0,3094000,0,0,0,0
"Nicaragua",0,0,0,0,0,0,0,0,2266.66666666667,0,0,0,0,0,0,0,0,0,0,0,0,0,0,0,0,0,0,0,0,0,0,0,0,0,0,0,3740000,0,0,0,0,0,0,0,0,0,0,0,0,0,0,0,0,0,0,0,0,0,0,0,0,0,0,0,0,0,0,0,0,0,0,0,0,0,0,0,0,0,0,0,0,0,0,0,0,0,0,0,0,0,0,0,0,0,0,0,0,0,0,0,0,0,0,0,0,0,2266.66666666667,0,0,0,0,0,0,0,0,0,0,0,0,0,0,0,0,0,0,0,0,0,0,0,0,0,0,0,0,0,0,0,0,0,0,0,0,0,0,0,0,0,0,0,0,0,0,0,0,0,0,0,0,0,0,0,0,0,2266.66666666667,0,0,0,0,95200,0,0,0,0,0,0,0,0,0,0,0,0,0,0,0,0,0,0,0,0,0,0,0,0,0
"Niger",0,0,0,0,0,0,0,0,0,0,0,0,0,0,0,0,0,0,0,0,0,0,0,0,0,0,0,0,0,1106133.33333333,0,0,0,0,0,0,0,0,0,0,0,0,0,0,0,0,0,0,0,0,0,0,0,0,0,0,0,0,0,0,0,0,0,0,0,0,0,0,0,0,0,0,0,0,0,0,0,0,0,0,0,0,0,0,0,0,0,0,0,0,0,0,0,0,0,0,0,0,0,0,0,0,0,0,0,0,0,0,0,0,0,0,0,0,0,0,0,0,0,0,0,0,0,0,0,0,0,0,0,0,0,0,0,0,0,0,0,0,0,0,0,0,0,0,0,0,0,0,0,0,0,0,0,0,0,0,0,0,0,0,0,0,0,0,0,0,0,0,0,0,0,0,0,0,0,0,0,0,0,0,0,0,0,0,0,0,0,0,0,0,0,0,0,0,0
"Nigeria",0,0,0,0,0,0,0,0,0,0,0,0,0,0,0,0,0,0,0,0,0,0,0,0,0,0,0,4533333.33333333,0,0,0,0,0,0,0,0,0,0,45333.3333333333,0,7813200,0,0,0,0,0,0,0,0,0,0,0,0,2266.66666666667,0,0,0,0,0,2266.66666666667,0,13600,0,0,0,0,0,0,0,0,0,0,0,0,0,0,0,0,0,0,0,0,5664400,0,0,0,0,0,13600,4533.33333333333,0,0,0,0,0,0,0,0,0,0,122400,0,0,0,0,0,0,0,0,0,0,0,0,0,0,0,2266.66666666667,0,0,0,0,0,0,0,0,0,0,0,0,0,0,0,0,0,0,0,0,0,0,0,0,2266.66666666667,0,0,0,0,0,0,0,0,0,0,0,0,0,38533.3333333333,0,0,0,0,0,0,0,0,0,0,0,0,0,0,0,0,0,2266.66666666667,0,0,0,0,0,0,0,0,0,0,4533.33333333333,0,0,0,0,0,0,0,0,0,0
"Norway",0,0,0,0,0,0,0,1779333.33333333,0,0,0,0,0,0,0,0,0,0,0,0,0,0,0,0,0,0,0,0,0,0,940666.666666667,0,0,0,0,0,0,0,0,0,0,292556400,0,0,0,0,0,0,0,52133.3333333333,3978000,0,33664533.3333333,36105733.3333333,0,0,63466.6666666667,0,0,121985200,0,0,0,0,0,0,0,0,0,0,0,6800,738933.333333333,0,28571333.3333333,0,0,0,0,0,0,20175600,0,0,0,0,0,0,0,0,0,0,0,0,0,0,0,0,0,0,0,0,0,0,0,0,0,0,0,0,0,0,0,0,0,0,3610800,0,0,0,0,0,0,0,0,0,0,0,122400,0,0,0,0,1514133.33333333,126933.333333333,0,0,0,0,0,0,0,0,0,0,0,0,0,0,0,0,0,0,0,0,0,1049466.66666667,0,0,0,1114309200,9066.66666666667,0,0,0,0,0,0,0,0,0,0,0,312800,0,0,2092133.33333333,0,2187333.33333333,0,0,0,0,0,0,0,0,0,342266.666666667,0,0,0,0,0,0
"Pakistan",0,0,0,0,0,0,0,0,0,0,0,0,0,0,0,0,0,0,0,0,0,0,0,0,0,0,0,0,0,0,0,0,0,0,0,0,0,0,0,0,0,0,0,0,0,0,0,0,0,0,0,0,0,0,0,0,0,0,0,0,0,0,0,0,0,0,0,0,0,0,0,0,0,0,0,0,0,0,0,0,0,0,0,0,0,0,0,0,0,0,0,0,0,0,0,0,0,0,0,0,0,0,0,0,0,0,0,0,0,0,0,0,0,0,0,0,0,0,0,0,0,0,0,0,0,0,0,0,0,0,0,0,0,0,0,0,0,0,0,0,0,0,0,0,0,0,0,0,0,0,0,0,0,0,0,0,0,0,0,0,0,0,0,0,0,0,0,0,0,0,0,0,0,0,0,0,0,0,0,0,0,0,0,0,0,0,0,0,0,0,0,0,0,0,0
"Panama",0,0,0,0,0,217600,0,0,0,0,1196800,0,0,0,6800,0,1516400,0,5623600,0,0,0,0,0,0,0,0,0,0,0,4979866.66666667,0,24577466.6666667,0,0,0,11764000,7053866.66666667,0,0,0,0,0,28047733.3333333,0,5746000,0,5369733.33333333,0,0,0,0,0,0,0,0,0,0,0,0,0,0,0,0,0,140533.333333333,4664800,0,1310133.33333333,4055066.66666667,1042666.66666667,0,0,0,0,0,0,0,0,0,0,0,0,0,634666.666666667,0,0,0,0,0,0,0,0,0,0,0,0,0,0,0,0,0,0,0,0,0,0,0,0,0,0,0,0,0,0,0,101662266.666667,0,0,0,0,0,4619466.66666667,0,4154800,0,0,0,0,0,578000,156400,0,0,0,0,0,0,0,0,0,0,0,40800,242533.333333333,18133.3333333333,0,0,0,0,0,0,0,4737333.33333333,0,0,351333.333333333,0,0,0,0,0,0,0,0,0,0,0,0,1038133.33333333,0,0,0,1520933.33333333,0,0,0,0,8141866.66666667,0,12976666.6666667,0,34700400,0,0,0,0,0,12026933.3333333,0,0,0,0,0,0
"Czech Republic",224400,115600,364933.333333333,22666.6666666667,0,0,281066.666666667,7010800,0,0,0,0,0,0,0,0,49866.6666666667,0,0,0,0,74181200,0,0,0,10646533.3333333,0,4533.33333333333,0,0,0,10345066.6666667,0,0,0,0,0,22666.6666666667,4533.33333333333,31733.3333333333,0,1525466.66666667,0,15866.6666666667,4533.33333333333,0,154133.333333333,0,0,2207733.33333333,0,0,942933.333333333,1942533.33333333,0,0,267466.666666667,0,0,1837974266.66667,2266.66666666667,15866.6666666667,0,18983333.3333333,0,0,0,0,0,0,0,544000,50125066.6666667,23140400,13600,188133.333333333,278800,24933.3333333333,11333.3333333333,2867333.33333333,83866.6666666667,9542666.66666667,0,843200,0,11038666.6666667,126933.333333333,0,34000,0,0,3291200,0,5999866.66666667,0,18133.3333333333,0,0,0,18704533.3333333,0,0,0,256133.333333333,15866.6666666667,20400,20400,0,0,2318800,40144933.3333333,6800,0,16900266.6666667,0,0,5070533.33333333,0,0,2273466.66666667,0,111066.666666667,0,0,2071733.33333333,12400933.3333333,81600,0,0,0,0,0,253866.666666667,455822133.333333,90666.6666666667,0,0,0,0,0,353443600,0,4333866.66666667,0,0,0,0,0,0,0,0,612000,2240221466.66667,426133.333333333,0,129200,8336800,0,0,0,2801600,33542133.3333333,4533.33333333333,0,816000,0,160933.333333333,0,0,0,0,4533.33333333333,117866.666666667,725333.333333333,0,0,11541866.6666667,2525066.66666667,27614800,0,9066.66666666667,18133.3333333333,0,335466.666666667,0,0,0,0,23865733.3333333,1548133.33333333,1938000,419333.333333333,0,0,0
"Papua New Guinea",0,0,0,0,0,0,0,0,0,0,0,0,0,0,0,0,0,0,0,0,0,0,0,0,0,0,0,0,0,0,0,0,0,0,0,0,0,0,0,0,0,0,0,0,0,0,0,0,0,0,0,2266.66666666667,0,0,0,0,0,0,0,0,0,0,0,0,0,0,0,0,0,0,0,0,0,0,0,0,0,0,0,0,0,0,0,0,0,0,0,0,0,0,0,0,0,0,0,0,0,0,0,0,0,0,0,4533.33333333333,0,0,0,0,0,0,0,0,0,2266.66666666667,0,0,0,0,0,0,0,0,0,0,0,0,0,0,0,0,0,0,0,0,0,0,0,0,0,0,0,0,0,0,0,0,0,0,0,0,0,0,0,0,0,0,0,0,0,0,0,0,0,0,0,0,0,0,0,0,0,0,0,0,0,0,0,0,0,0,0,0,0,0,0,0,0,0,0,0,0,0,0,0,0
"Paraguay",0,0,0,0,0,0,0,0,0,0,0,0,0,0,0,0,6936000,0,0,0,0,0,0,0,0,0,0,0,0,0,4533.33333333333,0,0,0,0,0,0,0,0,0,0,0,0,0,0,0,0,0,0,0,0,0,0,0,0,0,0,0,0,0,0,0,0,0,0,0,0,0,0,0,0,0,0,0,0,0,0,0,0,0,0,0,0,0,0,2266.66666666667,0,0,0,0,0,0,0,0,0,0,0,0,0,0,0,0,0,0,0,0,0,0,0,0,0,0,0,0,0,0,0,0,0,0,0,0,0,0,0,0,0,0,0,0,0,0,0,0,0,0,0,0,0,0,0,0,0,0,0,0,0,0,0,0,0,0,0,0,0,0,0,0,0,0,0,0,0,0,0,0,0,0,0,0,0,0,0,0,0,0,0,0,2266.66666666667,0,0,0,0,0,0,0,0,0,0,0,0,0,0,0,0
"Peru",0,0,0,0,0,0,0,0,0,0,0,0,0,0,0,0,18133.3333333333,0,0,0,0,0,0,0,0,1078933.33333333,0,0,0,0,317333.333333333,5120400,0,0,0,0,2114800,15866.6666666667,0,0,0,0,0,0,0,0,0,15866.6666666667,0,0,0,0,1394000,25268800,0,0,0,0,0,5814000,0,0,0,0,0,0,0,0,0,0,0,0,0,0,0,0,0,0,0,0,0,106533.333333333,0,0,0,5671200,0,0,0,0,0,924800,0,0,0,0,0,0,0,0,0,0,0,0,0,0,0,0,0,725333.333333333,0,0,0,0,0,0,1715866.66666667,0,0,0,0,47600,0,0,0,0,0,2912666.66666667,0,0,0,0,0,0,0,0,0,0,0,0,0,0,0,0,0,0,0,0,0,0,0,0,0,213066.666666667,0,0,2096666.66666667,0,0,0,18133.3333333333,1677333.33333333,0,0,0,0,0,0,0,0,0,0,0,0,2266.66666666667,0,8665466.66666667,0,168252400,0,0,0,0,0,0,0,0,0,3334266.66666667,0,0,0,0,0,0
"Philippines",0,0,0,0,0,0,0,0,0,0,0,0,0,0,0,0,0,0,0,0,0,0,0,0,0,0,0,0,0,0,0,0,0,0,0,0,0,0,0,0,0,0,0,0,0,0,0,0,0,0,0,0,0,0,0,0,0,0,0,0,0,0,0,0,0,0,0,0,0,0,0,36266.6666666667,0,0,0,0,0,0,0,0,0,0,0,0,0,0,0,0,0,0,0,0,0,0,0,0,0,0,0,0,0,0,0,0,0,0,0,0,0,0,0,0,0,0,0,0,453333.333333333,0,0,0,0,0,0,0,0,0,0,0,0,0,0,0,0,0,0,0,0,0,0,0,0,0,0,0,0,0,0,0,0,0,0,0,0,0,0,0,0,0,0,0,0,0,0,0,12353333.3333333,0,0,0,0,0,0,0,0,45136133.3333333,0,0,0,0,4216000,0,0,0,0,2926266.66666667,0,0,0,0,0,0,0,0,0,0,0
"Poland",859066.666666667,0,2266.66666666667,641466.666666667,0,4533.33333333333,510000,2266.66666666667,0,0,0,2525066.66666667,0,0,0,0,1548133.33333333,0,0,0,0,210800,0,0,0,587066.666666667,0,0,464666.666666667,0,2266.66666666667,89816666.6666667,0,0,0,0,0,371733.333333333,79333.3333333333,1652400,0,28612133.3333333,0,0,631930800,0,4755466.66666667,0,0,1933466.66666667,0,0,0,31733.3333333333,0,0,2096666.66666667,0,0,59293733.3333333,2266.66666666667,0,0,0,0,0,0,0,0,0,0,2883200,1412133.33333333,8558933.33333333,108800,979200,2713200,0,77066.6666666667,736666.666666667,2450266.66666667,228933.333333333,0,9306933.33333333,0,351333.333333333,0,691333.333333333,0,0,0,1106133.33333333,0,1847333.33333333,81600,0,0,2266.66666666667,0,9080266.66666667,0,4533.33333333333,0,374000,0,562133.333333333,0,4497066.66666667,0,0,46323866.6666667,1684133.33333333,0,575733.333333333,0,2266.66666666667,80260400,0,0,68000,0,0,0,0,34505466.6666667,4091333.33333333,10256666.6666667,0,4460800,0,0,0,281066.666666667,0,172266.666666667,0,0,0,1031333.33333333,0,13216933.3333333,0,4697736933.33333,0,0,0,0,0,1380400,0,0,0,11333.3333333333,0,0,9066.66666666667,1323733.33333333,0,17856800,0,17174533.3333333,1285200,0,2067200,160933.333333333,0,3769466.66666667,0,0,0,2266.66666666667,0,442000,79333.3333333333,4533.33333333333,0,47631733.3333333,4244174666.66667,779733.333333333,0,0,6194800,0,983733.333333333,3447600,0,0,0,9066.66666666667,0,1122000,2266.66666666667,2463866.66666667,0,0
"Portugal",1910800,0,306000,14468133.3333333,145066.666666667,1908533.33333333,986172266.666667,329428266.666667,380800,12702400,562133.333333333,102000,0,0,4370133.33333333,0,16300629066.6667,0,469200,0,0,44843733.3333333,7262400,3372800,124326666.666667,9019986933.33333,3794635733.33333,4533.33333333333,1996933.33333333,0,9440666.66666667,3406777333.33333,413596400,0,28387733.3333333,0,16016266.6666667,924800,189649733.333333,3368266.66666667,5786800,2681985733.33333,0,18904000,288619200,41285066.6666667,11333.3333333333,11333.3333333333,21064133.3333333,622857333.333333,0,63466.6666666667,2736959200,28708550533.3333,0,0,355866.666666667,67029866.6666667,11315200,14636517200,806933.333333333,92992266.6666667,0,18437066.6666667,0,763866.666666667,26186800,32853066.6666667,0,0,544000,124954533.333333,42538533.3333333,8672266.66666667,102616533.333333,36992000,22743733.3333333,0,6002133.33333333,940213333.333333,165790800,1458647600,498997600,6403333.33333333,1736266.66666667,1292528133.33333,1790666.66666667,312800,37638000,2942133.33333333,0,472862933.333333,0,722336800,2837866.66666667,2341466.66666667,0,0,0,462851066.666667,1024986666.66667,0,22666.6666666667,26048533.3333333,1326000,22102266.6666667,40582400,0,11662000,229243866.666667,2042266.66666667,101587466.666667,950404266.666667,879466.666666667,31803600,0,9348458666.66667,0,7350800,72533.3333333333,0,149556933.333333,0,8674533.33333333,252613200,3223567200,0,11700533.3333333,393819733.333333,2769866.66666667,49306800,22893333.3333333,226610000,8039252400,0,6260714666.66667,0,0,23124533.3333333,176800,305399333.333333,105332000,2527884133.33333,0,0,618800,2359312133.33333,0,244133600,3776266.66666667,2434400,36187333.3333333,61583066.6666667,117982266.666667,0,152299600,5043859200,355866.666666667,0,523074133.333333,7545873866.66667,7318461466.66667,0,0,117259200,23314933.3333333,14073733.3333333,40106400,0,9080266.66666667,0,122400,177511733.333333,139968933.333333,7303200,0,17853792133.3333,691736800,17253250133.3333,107673466.666667,36164666.6666667,0,74722933.3333333,20123466.6666667,269699333.333333,0,101079733.333333,29466.6666666667,9495900800,3372033866.66667,44755333.3333333,0,0,0,0
"Guinea-Bissau",0,0,0,0,0,0,0,0,0,0,0,0,0,0,0,0,0,0,0,0,0,0,0,0,0,0,0,0,0,0,0,0,0,0,0,0,0,0,0,0,0,0,0,0,0,0,0,0,0,0,0,0,0,0,0,0,0,0,0,0,0,0,0,0,0,0,0,0,0,0,0,0,0,0,0,0,0,0,0,0,0,0,0,0,0,0,0,0,0,0,0,0,0,0,0,0,0,0,0,0,0,0,0,0,0,0,0,0,0,0,0,0,0,0,0,0,0,0,0,0,0,0,0,0,0,0,0,0,0,0,0,0,0,0,0,0,0,0,0,0,0,0,0,0,0,0,0,0,0,0,0,0,0,0,0,0,0,0,0,0,0,0,0,0,0,0,0,0,0,0,0,0,0,0,0,0,0,0,0,0,0,0,0,0,0,0,0,0,0,0,0,0,0,0,0
"Timor-Leste",0,0,0,0,0,0,0,0,0,0,0,0,0,0,0,0,0,0,0,0,0,0,0,0,0,0,0,0,0,0,0,0,0,0,0,0,0,0,0,0,0,0,0,0,0,0,0,0,0,0,0,0,0,0,0,0,0,0,0,0,0,0,0,0,0,0,0,0,0,0,0,0,0,0,0,0,0,0,0,0,0,0,0,0,0,0,0,0,0,0,0,0,0,0,0,0,0,0,0,0,0,0,0,0,0,0,0,0,0,0,0,0,0,0,0,0,0,0,0,0,0,0,0,0,0,0,0,0,0,0,0,0,0,0,0,0,0,0,0,0,0,0,0,0,0,0,0,0,0,0,0,0,0,0,0,0,0,0,0,0,0,0,0,0,0,0,0,0,0,0,0,0,0,0,0,0,0,0,0,0,0,0,0,0,0,0,0,0,0,0,0,0,0,0,0
"Eritrea",0,0,0,0,0,0,0,0,0,0,0,0,0,0,0,0,0,0,0,0,0,0,0,0,0,0,0,0,0,0,0,0,0,0,0,0,0,0,0,0,0,0,0,0,0,0,0,0,0,0,0,0,0,0,0,0,0,0,0,0,0,0,0,0,0,0,0,0,0,0,0,0,0,0,0,0,0,0,0,0,0,0,0,0,0,0,0,0,0,0,0,0,0,0,0,0,0,0,0,0,0,0,0,0,0,0,0,0,0,0,0,0,0,0,0,0,0,0,0,0,0,0,0,0,0,0,0,0,0,0,0,0,0,0,0,0,0,0,0,0,0,0,0,0,0,0,0,0,0,0,0,0,0,0,0,0,0,0,0,0,0,0,0,0,0,0,0,0,0,0,0,0,0,0,0,0,0,0,0,0,0,0,0,0,0,0,0,0,0,0,0,0,0,0,0
"Qatar",0,0,0,0,0,0,0,0,0,0,0,0,0,0,0,0,0,0,0,0,0,0,0,0,0,0,0,0,0,0,0,0,0,0,0,0,0,0,0,0,0,0,0,0,0,0,0,0,0,0,0,0,0,0,0,0,0,0,0,0,0,0,0,0,0,0,0,0,0,0,0,0,0,0,0,0,0,0,0,0,0,0,0,0,0,0,0,0,0,0,0,0,0,0,0,0,0,0,0,0,0,0,0,0,0,0,0,0,0,0,0,0,0,0,0,0,0,0,0,0,0,0,0,0,0,0,0,0,0,0,0,0,0,0,0,0,0,0,0,0,0,0,0,0,0,0,0,0,0,0,0,0,0,981466.666666667,0,0,0,0,0,0,0,0,0,0,0,0,0,0,0,0,0,0,0,0,0,0,0,0,0,0,0,0,0,0,0,0,0,0,0,0,0,0,0,0,0
"Zimbabwe",0,0,0,0,0,0,0,0,0,0,0,0,0,0,0,256133.333333333,0,0,0,0,0,0,0,0,0,0,0,0,0,0,0,0,0,0,0,0,0,0,0,0,0,0,0,0,0,0,0,0,0,0,0,0,0,0,0,0,0,0,0,0,0,0,0,0,0,0,0,0,0,0,0,0,0,0,0,0,0,0,0,0,0,0,0,0,0,0,0,0,0,0,0,0,0,0,0,0,0,0,0,0,0,0,816000,0,0,0,0,0,0,0,0,0,0,0,0,0,0,0,0,0,0,0,0,0,0,0,0,0,0,0,0,0,0,0,0,0,0,0,0,0,0,0,0,0,0,0,0,0,0,0,0,0,0,0,0,915733.333333333,0,0,0,0,0,0,0,0,0,0,0,0,0,0,0,0,0,165466.666666667,0,0,0,0,0,0,0,0,0,0,0,0,0,378533.333333333,0,0,0,0,0,0,0
"Romania",0,0,0,0,0,0,11759466.6666667,20989333.3333333,0,0,0,0,0,0,0,0,15925600,0,0,0,0,169208933.333333,9472400,0,0,159908800,0,0,0,0,0,276893733.333333,0,0,68000,0,0,0,29362400,0,0,34140533.3333333,0,0,4093600,0,0,0,0,273072133.333333,0,0,1301066.66666667,86795200,0,0,0,0,0,2842787600,0,6800,0,4814400,0,0,0,0,0,0,0,4565066.66666667,83075600,49866.6666666667,1434800,36266.6666666667,0,0,2602133.33333333,91693466.6666667,8692666.66666667,470344666.666667,0,0,0,151841733.333333,43066.6666666667,0,0,0,0,42611066.6666667,0,100479066.666667,0,0,0,0,0,38340666.6666667,6800,0,0,2239466.66666667,0,0,247066.666666667,0,0,1010933.33333333,0,2266.66666666667,0,96997466.6666667,0,0,2382187333.33333,0,0,0,0,0,0,0,0,30253200,0,151866.666666667,183359733.333333,0,0,9066.66666666667,2699600,312911066.666667,0,2266.66666666667,0,0,49866.6666666667,0,0,0,10331466.6666667,0,0,0,0,0,0,0,0,99733.3333333333,187899866.666667,115600,0,0,1630492666.66667,0,0,0,16954666.6666667,24407466.6666667,0,0,36266.6666666667,0,1514133.33333333,0,0,0,0,0,0,1323733.33333333,0,0,1770318800,5501200,521682400,0,0,0,0,12040533.3333333,0,0,0,2266.66666666667,176584666.666667,4166133.33333333,1586666.66666667,2266.66666666667,0,0,0
"Rwanda",0,0,0,0,0,0,0,0,0,0,0,0,0,0,0,0,0,0,0,0,0,0,0,8642800,0,0,0,0,0,0,0,13600,0,0,0,0,0,0,0,0,163200,0,0,0,0,0,0,0,0,0,0,0,0,0,0,0,0,0,0,3060000,0,0,0,0,0,0,0,0,0,0,0,0,0,0,0,0,0,0,0,0,0,0,0,0,0,0,0,0,1133333.33333333,0,0,0,0,0,0,0,0,0,0,0,0,0,0,0,0,0,0,0,0,0,0,0,0,0,0,0,0,0,0,0,0,0,0,0,0,0,0,0,0,0,0,0,0,0,0,0,0,0,0,0,0,0,0,0,0,0,0,0,0,0,0,0,0,0,0,22666.6666666667,0,0,0,0,0,0,0,0,0,0,0,0,0,0,0,0,0,3361466.66666667,677733.333333333,0,0,0,272000,0,0,0,0,0,0,0,239860933.333333,0,1219466.66666667,0,0,0,0,0,0
"Russian Federation",11195066.6666667,0,0,0,0,0,0,0,0,0,0,0,0,0,0,0,7294133.33333333,0,0,0,0,0,0,0,0,38533.3333333333,0,0,0,0,0,731559866.666667,0,0,0,0,0,0,0,0,0,31733.3333333333,0,0,374578000,0,0,0,0,0,0,0,3656133.33333333,19667866.6666667,0,0,234330266.666667,0,0,16705333.3333333,0,0,0,0,0,0,0,0,0,0,0,0,0,0,0,0,0,0,0,0,58142266.6666667,0,0,572231333.333333,0,7398400,0,72109466.6666667,0,0,0,2946666.66666667,0,198820666.666667,0,0,0,0,0,0,0,0,0,929333.333333333,0,0,0,0,0,0,8228000,0,0,326624400,0,0,0,0,0,0,0,0,0,0,0,3100800,0,0,0,0,0,0,0,0,0,0,0,0,0,0,0,0,0,0,0,0,0,0,0,0,0,10009600,0,0,0,0,0,0,17680000,0,854533.333333333,9835066.66666667,2191866.66666667,11251733.3333333,5884266.66666667,0,15866.6666666667,0,0,0,0,0,2101200,231200,2021866.66666667,0,7600133.33333333,2771793333.33333,20350133.3333333,0,0,0,0,3098533.33333333,0,0,0,0,6607333.33333333,0,181333.333333333,0,0,0,0
"Saint Kitts and Nevis",0,0,0,0,0,0,0,0,0,0,0,0,0,0,0,0,0,0,0,0,0,0,0,0,0,0,0,0,0,0,0,0,0,0,0,0,0,0,0,0,0,0,0,0,0,0,0,0,0,0,0,0,0,0,0,0,0,0,0,0,0,0,0,0,0,0,0,0,0,0,0,0,0,0,0,0,0,0,0,0,0,0,0,0,0,0,0,0,0,0,0,0,0,0,0,0,0,0,0,0,0,0,0,0,0,0,0,0,0,0,0,0,0,0,0,0,0,0,0,0,0,0,0,0,0,0,0,0,0,0,0,0,0,0,0,0,0,0,0,0,0,0,0,0,0,0,0,0,0,0,0,0,0,0,0,0,0,0,0,0,0,0,0,0,0,0,0,0,0,11333.3333333333,0,0,0,0,0,0,0,0,0,0,0,0,0,0,0,0,0,0,0,0,0,0,0,0,0
"Saint Lucia",0,0,0,0,31733.3333333333,0,0,0,13600,0,2187333.33333333,0,0,0,0,0,568933.333333333,0,0,0,0,0,0,0,0,18133.3333333333,0,0,0,0,0,0,4533.33333333333,0,0,0,0,2266.66666666667,0,0,0,0,2266.66666666667,0,0,0,0,0,0,0,0,0,0,2257600,0,0,0,0,0,0,4533.33333333333,0,0,0,0,29466.6666666667,0,0,0,0,0,0,0,0,0,0,0,0,0,0,0,0,0,0,0,0,0,0,0,0,0,0,0,0,0,0,0,0,0,0,0,0,0,0,0,0,0,0,0,0,0,0,0,0,0,0,0,0,0,0,0,0,0,0,0,0,0,2266.66666666667,0,0,0,0,0,0,0,0,0,0,0,0,0,0,0,0,0,2164666.66666667,0,0,0,0,0,0,0,0,0,0,6800,0,0,0,0,0,0,0,0,0,0,0,0,167733.333333333,0,0,0,0,0,0,129200,0,1860933.33333333,0,0,0,0,0,0,0,0,0,0,0,0,0,0,0,0
"Saint Vincent and the Grenadines",0,0,0,0,0,0,0,0,0,0,22666.6666666667,0,0,0,0,0,0,0,0,0,0,0,0,0,0,0,0,0,0,0,0,0,0,0,0,0,0,0,0,0,0,0,0,0,0,0,0,0,0,0,0,0,0,0,0,0,0,0,0,0,0,0,0,0,0,0,0,0,0,0,0,0,0,0,0,0,0,0,0,0,0,0,0,0,0,0,0,0,0,0,0,0,0,0,0,0,0,0,0,0,0,0,0,0,0,0,0,0,0,0,0,0,0,0,0,0,0,0,0,0,0,0,0,0,0,0,0,0,0,0,0,0,0,0,0,0,0,0,0,0,0,0,0,0,0,0,0,0,0,0,0,0,0,0,0,0,0,0,0,0,0,0,0,0,0,0,0,0,0,2266.66666666667,0,0,0,0,0,0,117866.666666667,0,9066.66666666667,0,0,0,0,0,0,0,0,0,0,0,0,0,0,0,0
"Sao Tome and Principe",0,0,0,0,0,0,0,0,0,0,0,0,0,0,0,0,2266.66666666667,0,0,0,0,0,0,0,0,0,0,0,0,0,0,0,0,0,0,0,0,0,0,0,0,0,0,0,0,0,0,0,0,0,0,0,0,0,0,0,0,0,0,0,0,0,0,0,0,0,0,0,0,0,0,0,0,0,0,0,0,0,0,0,0,0,0,0,0,0,0,0,0,0,0,0,0,0,0,0,0,0,0,0,0,0,0,0,0,0,0,0,0,0,0,0,0,0,0,0,0,0,0,0,0,0,0,0,0,0,0,0,0,0,0,0,0,0,0,0,0,0,0,0,0,0,0,0,0,0,0,0,0,0,0,0,0,0,0,0,0,0,0,0,0,0,0,0,0,0,0,0,0,0,0,0,0,0,0,0,0,0,0,0,0,0,0,0,0,0,0,0,0,0,0,0,0,0,0
"Saudi Arabia",0,0,0,0,0,0,0,0,0,0,0,0,0,0,0,0,0,0,0,0,0,0,0,0,0,0,0,0,0,0,0,0,0,0,0,0,0,0,0,0,0,0,0,0,0,0,0,0,0,0,0,0,0,0,0,0,0,0,0,0,0,0,0,0,0,0,0,0,0,0,0,0,0,0,0,0,0,0,0,0,0,0,0,0,0,0,0,0,0,0,0,0,0,0,0,0,0,0,0,0,0,0,0,0,0,0,0,0,0,0,0,0,0,0,0,0,0,0,0,0,0,0,0,0,0,0,0,0,0,0,0,0,0,0,0,0,0,0,0,0,0,0,0,0,0,0,0,0,0,0,0,0,0,0,0,0,0,0,0,0,0,0,0,0,0,0,0,0,0,0,0,0,0,0,0,0,0,0,0,0,0,0,0,0,0,0,0,0,0,0,0,0,0,0,0
"Senegal",0,0,0,0,0,0,0,0,0,0,0,0,0,0,0,0,0,0,0,0,0,0,0,0,0,0,0,0,0,0,0,0,0,0,0,0,0,0,0,0,0,0,0,0,0,0,0,0,0,0,0,0,0,9572133.33333333,0,0,0,0,13484400,0,0,0,0,0,0,0,0,0,0,0,0,0,0,0,0,0,0,0,0,0,0,0,0,0,0,0,0,0,0,0,0,0,0,0,0,0,0,0,0,0,0,0,0,0,0,102000,0,0,0,0,0,194933.333333333,0,0,0,0,36266.6666666667,0,0,0,0,0,0,0,0,0,0,0,0,0,0,0,0,0,0,2819733.33333333,0,0,0,0,0,0,0,0,0,0,0,0,0,0,0,0,0,0,0,0,0,0,0,0,0,0,0,0,0,0,0,0,0,0,0,0,0,0,0,0,0,0,394400,0,0,0,0,0,34000,0,0,0,1303333.33333333,0,0,0,0,0,0
"Seychelles",0,0,0,0,0,0,0,0,0,0,0,0,0,0,0,0,0,0,0,0,0,0,0,0,0,0,0,0,0,0,0,0,0,0,0,0,0,0,0,0,0,0,0,0,0,0,0,0,0,0,0,0,0,0,0,0,0,0,0,0,0,0,0,0,0,0,0,0,0,0,0,0,0,0,0,0,0,0,0,0,0,0,0,0,0,0,0,0,0,0,0,0,0,0,0,0,0,0,0,0,0,0,0,0,0,0,0,0,13600,0,0,0,0,0,0,0,0,0,0,0,0,0,0,0,0,0,0,0,0,0,0,0,0,0,0,0,0,0,0,18133.3333333333,0,0,0,0,0,0,0,0,0,0,0,0,0,0,0,0,0,0,0,0,0,0,0,0,0,0,0,0,0,0,0,0,0,0,0,0,0,0,0,0,0,0,0,0,0,0,0,0,0,0,0,0,0,0,0
"Sierra Leone",0,0,0,0,0,0,0,0,0,0,0,0,0,0,0,0,0,0,0,0,0,0,0,0,0,83866.6666666667,0,0,0,0,0,0,0,0,0,0,0,0,0,0,0,0,0,0,179066.666666667,0,0,0,0,0,0,0,0,0,0,0,0,0,272000,0,0,0,0,0,0,0,0,0,0,0,0,0,0,0,0,0,0,0,0,0,0,0,0,0,0,0,0,11333.3333333333,0,0,0,0,0,0,0,0,0,0,0,0,0,0,0,0,13600,0,0,0,0,0,0,0,0,0,0,0,0,0,0,0,0,0,0,0,0,0,0,0,0,0,0,0,0,0,0,0,0,0,0,0,0,0,0,0,0,0,0,0,0,0,0,0,0,0,0,0,0,0,0,0,0,0,0,0,0,0,0,0,0,0,0,0,0,0,0,0,0,0,0,0,0,0,0,0,0,0,0,0,0,0,0,0,0,0,0
"Slovenia",0,0,11836533.3333333,0,0,38533.3333333333,3241333.33333333,230320533.333333,0,0,0,0,0,0,0,0,19105733.3333333,0,0,0,0,1525466.66666667,0,0,0,10642000,0,0,9066.66666666667,0,0,138432133.333333,0,0,0,0,0,0,18133.3333333333,0,0,2831066.66666667,0,0,516800,0,77066.6666666667,0,0,6679866.66666667,0,0,2026400,7446000,0,0,2266.66666666667,0,0,92711200,77939333.3333333,0,0,2302933.33333333,0,0,0,0,0,0,0,8123733.33333333,5079600,581053200,410266.666666667,131466.666666667,0,0,0,995066.666666667,15612800,1585884666.66667,0,0,0,62979333.3333333,2055866.66666667,0,0,0,0,27861866.6666667,0,15866.6666666667,0,0,0,0,0,68000,0,0,0,0,113333.333333333,0,49866.6666666667,0,0,63466.6666666667,0,0,0,2479733.33333333,0,0,297898933.333333,0,0,2769866.66666667,0,0,0,0,1743066.66666667,8812800,0,0,27270266.6666667,0,0,0,61200,209483066.666667,11333.3333333333,0,0,0,0,0,12405466.6666667,185866.666666667,97466.6666666667,0,0,0,0,0,0,0,0,0,62213200,1017733.33333333,0,106533.333333333,3114400,0,0,0,6686666.66666667,13570533.3333333,0,0,1394000,0,256133.333333333,0,0,72533.3333333333,0,0,2266.66666666667,267466.666666667,0,0,125113200,5863866.66666667,523543333.333333,0,0,0,0,20400,0,0,0,0,23766000,58933.3333333333,148874666.666667,15581066.6666667,0,0,0
"Slovakia",0,0,0,0,0,0,253866.666666667,41260133.3333333,0,0,0,0,0,0,0,0,104266.666666667,0,0,0,0,0,0,0,0,1851866.66666667,0,0,0,0,29466.6666666667,96770800,0,0,0,0,0,0,35616133.3333333,0,0,0,0,0,1727200,0,0,0,0,0,0,0,11333.3333333333,820533.333333333,0,0,0,0,0,39322133.3333333,0,0,0,0,0,0,0,0,0,0,0,3719600,141834400,0,68000,2266.66666666667,0,0,0,0,0,8101066.66666667,0,0,0,12004266.6666667,0,0,0,0,0,1904000,0,5986266.66666667,0,0,0,0,0,0,0,0,0,226666.666666667,0,0,3798933.33333333,0,72533.3333333333,0,0,0,0,0,0,0,0,0,0,97466.6666666667,0,0,0,0,0,548533.333333333,0,0,32385303733.3333,0,0,0,0,3912266.66666667,0,0,0,0,0,0,0,0,1221733.33333333,0,0,0,0,0,0,0,0,0,0,326400,0,0,382466000,0,0,0,0,2305200,0,0,249333.333333333,0,0,0,0,0,0,0,0,0,0,0,4127600,2645200,18863200,0,0,0,0,1514133.33333333,0,0,1054000,0,0,0,74800,0,0,0,0
"Singapore",0,0,0,0,0,0,1126143466.66667,0,0,0,0,140533.333333333,0,2132933.33333333,0,0,0,0,0,0,1088000,172266.666666667,62532800,0,0,793333.333333333,0,0,1566266.66666667,0,0,623954400,0,0,0,0,0,0,0,0,102000,2427600,0,0,0,0,0,0,0,0,0,1224000,285600,7162666.66666667,0,0,0,0,0,12722800,0,344533.333333333,0,333200,0,0,0,0,0,0,0,1733714400,0,0,0,65669866.6666667,307369066.666667,0,0,0,0,3511066.66666667,0,0,9066.66666666667,3239393066.66667,52133.3333333333,0,11333.3333333333,79469333.3333333,0,57067866.6666667,0,63466.6666666667,8923866.66666667,43066.6666666667,0,92933.3333333333,0,0,30944533.3333333,0,0,474943733.333333,12412266.6666667,0,0,0,0,283333.333333333,9551733.33333333,0,0,0,0,31733.3333333333,46595866.6666667,0,0,0,0,248190933.333333,0,0,2738133.33333333,15866.6666666667,0,194933.333333333,0,5027466.66666667,0,0,101981866.666667,856800,0,0,217600,0,102000,0,0,0,0,0,0,0,0,0,0,104266.666666667,179066.666666667,0,0,0,0,2516000,1178666.66666667,0,0,0,650533.333333333,4664800,0,0,170641466.666667,45333.3333333333,324500533.333333,104266.666666667,0,0,0,0,503200,88477066.6666667,0,0,15436000,0,14862533.3333333,0,0,0,0,219560666.666667,0,0,0,0,1038133.33333333,0,0,0,0,0,0
"Somalia",0,0,0,0,0,0,0,0,0,0,0,0,0,0,0,0,0,0,0,0,0,0,0,0,0,0,0,0,0,0,0,0,0,0,0,0,0,0,0,0,0,0,0,0,0,0,0,0,0,0,0,0,0,0,0,0,0,0,0,0,0,0,0,0,0,0,0,0,0,0,0,0,0,0,0,0,0,0,0,0,0,0,0,0,0,0,0,0,0,0,0,0,0,0,0,0,0,0,0,0,0,0,0,0,0,0,0,0,0,0,0,0,0,0,0,0,0,0,0,0,0,0,0,0,0,0,0,0,0,0,0,0,0,0,0,0,0,0,0,0,0,0,0,0,0,0,0,0,0,0,0,0,0,0,0,0,0,0,0,0,0,0,0,0,0,0,0,0,0,0,0,0,0,0,0,0,0,0,0,0,0,0,0,0,0,0,0,0,0,0,0,0,0,0,0
"South Africa",0,0,145066.666666667,14250533.3333333,17616533.3333333,337733.333333333,1745061333.33333,102519066.666667,108265066.666667,174005200,29842933.3333333,10685066.6666667,0,178456933.333333,197200,3784292933.33333,590700133.333333,0,942933.333333333,0,0,140340666.666667,121053600,23727466.6666667,57181200,16386109600,1042666.66666667,18133.3333333333,129404000,20468000,14973600,5313334133.33333,10716800,18514133.3333333,26243466.6666667,15866.6666666667,16866266.6666667,2266.66666666667,33261066.6666667,489600,46790800,10816172933.3333,0,0,28233600,2552266.66666667,38533.3333333333,0,11333.3333333333,223656533.333333,0,16494533.3333333,3487384533.33333,10521612800,185866.666666667,15134533.3333333,2321066.66666667,18539066.6666667,33707600,50233975466.6667,5415066.66666667,508467733.333333,0,5347066.66666667,0,13470800,24933.3333333333,140533.333333333,33687200,0,0,663772933.333333,1962933.33333333,13203333.3333333,11124800,250645733.333333,46074533.3333333,2618000,0,375251200,86337333.3333333,4604980400,53593066.6666667,12920000,11127066.6666667,1858514800,12555066.6666667,0,3591358800,18919866.6666667,122400,414296800,0,1072978800,11591733.3333333,0,990114000,7681733.33333333,0,31545200,0,392183200,719492133.333333,71012400,214061733.333333,376266.666666667,104550000,0,878147466.666667,16632800,183600,7344000,1263748266.66667,2266.66666666667,23951256933.3333,71583600,16636673733.3333,0,0,0,36266.6666666667,1309269733.33333,0,2937600,2254707733.33333,662970533.333333,0,25017200,817060800,1287920000,7668133.33333333,3776266.66666667,259569600,565950400,1350933.33333333,0,0,0,95057200,1437739866.66667,886266.666666667,161194000,6406644933.33333,2661066.66666667,16274666.6666667,986000,0,0,146859600,235769600,50422000,22666.6666666667,25513600,429424533.333333,0,0,455930933.333333,0,0,1182309200,10265663066.6667,1988082000,0,0,464109066.666667,2596122133.33333,683053200,22453600,20400,795600,18280666.6666667,4533.33333333333,23158533.3333333,3015661733.33333,763490400,0,56260189866.6667,234994400,15834718000,44483333.3333333,1122000,2998800,15866.6666666667,86622933.3333333,53976133.3333333,0,514907333.333333,2099370800,6733509600,20885066.6666667,210800,2266.66666666667,57335333.3333333,6657200,0
"Spain",169487733.333333,8976000,21138933.3333333,4942695600,77492800,33267866.6666667,2103287600,2398412133.33333,16623733.3333333,19597600,27467466.6666667,0,0,1346400,7749733.33333333,0,6211967733.33333,0,2509200,5202000,0,1854251200,19434400,19683733.3333333,2861274533.33333,24522459200,350830133.333333,97339733.3333333,71826133.3333333,49186666.6666667,462415866.666667,43374559333.3333,2390945733.33333,90938666.6666667,488598133.333333,0,1022228133.33333,1596245600,346639066.666667,534933.333333333,274221333.333333,17878603066.6667,24473200,4790763200,3720756000,923755066.666667,8171333.33333333,120650133.333333,4769114266.66667,2673034666.66667,0,68514533.3333333,8311390666.66667,326326188266.667,27696400,0,398643200,1998193600,21837066.6666667,253808676266.667,9782933.33333333,4004735333.33333,0,1464375466.66667,0,23455466.6666667,570146000,150080533.333333,4318000,102550800,159879333.333333,1720812533.33333,318348800,322440133.333333,276952666.666667,176462266.666667,44886800,43066.6666666667,9569866.66666667,7220181066.66667,872818533.333333,93487619466.6667,23785076266.6667,332780666.666667,496662933.333333,28126846800,15200266.6666667,51800133.3333333,156223200,143885733.333333,0,7821081200,140533.333333333,10224332666.6667,13935466.6666667,125784133.333333,0,105023733.333333,35477866.6666667,6770277200,84680400,23616400,0,239255733.333333,192521600,122044133.333333,1426286400,120133.333333333,35097066.6666667,14018848266.6667,50315466.6666667,10892459866.6667,2219066.66666667,565483466.666667,958800,65166666.6666667,39449529066.6667,0,161373066.666667,11036400,1969733.33333333,547515600,131831600,215646133.333333,10351583333.3333,6016735200,126933.333333333,678871200,12897025066.6667,2346000,115788133.333333,889381066.666667,962553600,11869925866.6667,166222654400,604148266.666667,0,0,117402000,0,12499891466.6667,74423733.3333333,24695349200,9293333.33333333,73673466.6666667,571200,18076666.6666667,2266.66666666667,3004330666.66667,1917600,12004266.6666667,217498000,5766114400,594802800,0,4437643733.33333,0,2468400,0,0,17653956000,16972500800,0,9390800,1894536666.66667,100109600,268636266.666667,8359276266.66667,6673066.66666667,17791066.6666667,274266.666666667,86133.3333333333,100601466.666667,723878133.333333,35208133.3333333,0,99380225200,4734640533.33333,50118191866.6667,1386968800,363396533.333333,600666.666666667,833383066.666667,710688400,11605333.3333333,0,314994133.333333,2774400,33860695200,590326133.333333,249748133.333333,6895200,0,0,0
"Suriname",0,0,0,0,0,0,0,0,0,0,0,0,0,0,0,0,1006400,0,0,0,0,0,0,0,0,0,0,0,0,0,0,43066.6666666667,0,0,0,0,0,0,0,0,0,0,0,0,0,0,0,0,0,0,0,0,0,1017733.33333333,0,0,0,0,0,0,0,0,0,0,0,0,0,0,14572400,0,0,0,0,0,0,0,0,0,0,0,0,0,0,0,0,0,0,0,0,0,0,0,0,0,0,0,0,0,0,0,0,0,0,0,0,0,0,0,0,0,0,0,0,0,0,0,3189200,0,0,0,0,0,0,0,0,0,0,4236400,0,0,0,0,0,0,0,0,0,0,0,0,0,0,0,0,0,0,0,0,0,0,0,0,0,172266.666666667,0,0,0,0,0,0,0,0,0,0,0,0,0,0,0,0,0,0,0,0,0,0,0,0,321866.666666667,0,0,0,6163066.66666667,0,0,0,0,0,0,0,0,0,0,0,0
"Tajikistan",0,0,0,0,0,0,0,0,0,0,0,0,0,0,0,0,0,0,0,0,0,0,0,0,0,0,0,0,0,0,0,0,0,0,0,0,0,0,0,0,0,0,0,0,0,0,0,0,0,0,0,0,0,0,0,0,0,0,0,0,0,0,0,0,0,0,0,0,0,0,0,0,0,0,0,0,0,0,0,0,0,0,0,0,0,0,0,0,0,0,0,0,0,0,0,0,0,0,0,0,0,0,0,0,0,0,0,0,0,0,0,0,0,0,0,0,0,0,0,0,0,0,0,0,0,0,0,0,0,0,0,0,0,0,0,0,0,0,0,0,0,0,0,0,0,0,0,0,0,0,0,0,0,0,0,0,0,0,0,0,0,0,0,0,0,0,0,0,0,0,0,0,0,0,0,0,0,0,0,0,0,0,0,0,0,0,0,0,0,0,0,0,0,0,0
"Swaziland",0,0,0,0,0,0,0,0,0,0,0,0,0,0,0,0,0,0,0,0,0,0,0,0,0,0,0,0,0,0,0,0,0,0,0,0,0,0,0,0,0,0,0,0,0,0,0,0,0,0,0,0,0,0,0,0,0,0,0,0,0,0,0,0,0,0,0,0,0,0,0,0,0,0,0,0,0,0,0,0,0,0,0,0,0,0,0,0,0,0,0,0,0,0,0,0,0,0,0,0,0,0,0,0,0,0,0,0,0,0,0,0,923793600,0,0,0,0,0,0,0,0,3683333.33333333,0,0,0,0,0,0,0,0,0,0,0,0,0,0,0,0,0,115600,0,0,0,0,0,0,0,0,0,0,0,0,0,0,0,2055866.66666667,0,0,0,0,0,0,0,0,0,0,0,0,0,0,0,0,0,0,0,0,0,0,0,0,0,0,0,0,0,0,0,0,0,0,0,0,0,0,0
"Sweden",0,0,0,0,0,27200,9887200,1545866.66666667,0,0,0,0,0,0,0,0,0,0,0,0,0,47012933.3333333,0,0,0,35146933.3333333,0,0,0,0,34000,10224933.3333333,0,0,0,0,0,0,2574933.33333333,0,2266.66666666667,498233733.333333,0,0,0,0,0,0,0,215770800,0,0,2123703466.66667,86756666.6666667,0,0,0,0,0,601938266.666667,0,0,0,6573333.33333333,0,0,0,0,0,0,0,213066.666666667,0,0,60753466.6666667,0,0,0,0,0,2266.66666666667,21816666.6666667,0,0,0,76708533.3333333,0,0,0,0,0,455600,0,90859333.3333333,0,0,0,0,0,60640133.3333333,0,0,0,0,2280266.66666667,0,498666.666666667,0,0,0,0,0,0,353600,0,0,37504266.6666667,0,0,0,0,149600,0,0,6800,890432800,0,0,1026800,0,0,0,0,62485200,27739466.6666667,0,0,0,0,0,884000,0,0,0,0,0,0,0,0,0,0,0,0,36266.6666666667,0,777466.666666667,35214933.3333333,0,0,0,0,754800,0,0,6049733.33333333,0,1371333.33333333,0,0,0,0,0,4533.33333333333,274266.666666667,0,0,16918400,14982666.6666667,3794400,0,0,2266.66666666667,0,0,0,0,0,0,1464266.66666667,0,0,0,0,0,0
"Switzerland",6800,0,4533.33333333333,0,0,553066.666666667,1117466.66666667,14368400,0,2266.66666666667,0,0,0,0,0,0,235733.333333333,0,0,0,0,1632000,0,0,0,11637066.6666667,0,0,4533.33333333333,0,4533.33333333333,32649066.6666667,0,0,0,0,0,0,190400,0,36266.6666666667,8545333.33333333,0,34000,0,0,0,0,0,36266.6666666667,0,0,865866.666666667,119598400,0,0,0,0,0,276413200,56666.6666666667,108800,0,3472533.33333333,0,0,0,0,0,0,27200,32887066.6666667,156400,482800,3003333.33333333,1412133.33333333,0,0,0,512266.666666667,34000,82119066.6666667,210800,4533.33333333333,587066.666666667,38401866.6666667,0,0,0,489600,0,1282933.33333333,13600,942933.333333333,0,2096666.66666667,0,0,13600,18133.3333333333,478266.666666667,47600,0,553066.666666667,47600,40800,63466.6666666667,0,0,22666.6666666667,0,9066.66666666667,0,0,0,18133.3333333333,18690933.3333333,0,0,0,11333.3333333333,294666.666666667,0,0,190400,1536800,6800,0,1319200,0,0,0,1792933.33333333,432933.333333333,2350533.33333333,0,0,0,0,0,219866.666666667,0,840933.333333333,0,0,0,0,72533.3333333333,0,20400,0,15866.6666666667,43066.6666666667,12210533.3333333,0,24933.3333333333,11609866.6666667,0,0,0,1314666.66666667,0,0,0,4318000,0,1706800,262933.333333333,0,0,0,0,31733.3333333333,1684133.33333333,126933.333333333,0,103645600,865866.666666667,47590933.3333333,0,269733.333333333,0,0,1543600,38533.3333333333,0,0,0,37590400,10442533.3333333,11333.3333333333,9066.66666666667,0,0,0
"Syrian Arab Republic",0,0,0,0,0,0,11333.3333333333,0,0,0,0,0,0,0,0,0,253866.666666667,0,0,0,0,0,0,0,0,262933.333333333,0,0,0,0,0,0,0,0,0,0,0,0,0,0,0,0,0,0,0,0,0,0,0,0,0,0,0,0,0,0,0,0,0,122400,0,0,0,0,0,0,0,0,0,0,0,0,0,0,0,0,0,0,0,0,0,0,0,0,0,351333.333333333,0,0,0,0,0,0,0,0,0,12428133.3333333,0,0,0,0,0,0,0,0,0,0,0,0,0,0,0,0,0,0,0,0,4533.33333333333,0,0,0,0,0,0,0,0,154133.333333333,0,0,0,0,0,0,0,0,0,0,0,0,0,0,0,0,0,0,0,0,0,0,0,0,0,0,0,0,0,0,0,0,0,0,0,0,0,0,83866.6666666667,0,0,0,0,52133.3333333333,0,0,0,2370933.33333333,0,0,0,0,0,0,0,0,0,0,0,0,0,0,3164266.66666667,0,0,0,0,0,0
"Turkmenistan",0,0,0,0,0,0,0,0,0,0,0,0,0,0,0,0,0,0,0,0,0,0,0,0,0,0,0,0,0,0,0,0,0,0,0,0,0,0,0,0,0,0,0,0,0,0,0,0,0,0,0,0,0,0,0,0,0,0,0,0,0,0,0,0,0,0,0,0,0,0,0,0,0,0,0,0,0,0,0,0,0,0,0,0,0,0,0,0,0,0,0,0,0,0,0,0,0,0,0,0,0,0,0,0,0,0,0,0,0,0,0,0,0,0,0,0,0,0,0,0,0,0,0,0,0,0,0,0,0,0,0,0,0,0,0,0,0,0,0,0,0,0,0,0,0,0,0,0,0,0,0,0,0,0,0,0,0,0,0,0,0,0,0,0,0,0,0,0,0,0,0,0,0,0,0,0,0,0,0,0,0,0,0,0,0,0,0,0,0,0,0,0,0,0,0
"Taiwan",0,0,0,0,0,0,0,0,0,0,0,0,0,0,0,0,0,0,0,0,0,0,0,0,0,0,0,0,0,0,0,32340800,0,0,0,0,0,0,0,0,0,2266.66666666667,0,0,0,0,0,0,0,0,0,0,0,349066.666666667,0,0,0,0,0,6800,0,0,0,0,0,0,0,0,0,0,0,47423200,0,0,0,4533.33333333333,2266.66666666667,0,0,0,0,0,0,0,0,19699600,0,0,0,54400,0,2615733.33333333,0,0,0,0,0,0,0,0,0,0,0,487333.333333333,0,0,0,0,0,0,0,0,0,0,0,0,24933.3333333333,0,0,0,0,0,0,0,0,0,0,0,0,0,0,0,367200,0,0,0,0,0,0,0,0,0,0,0,0,0,0,0,0,0,0,0,0,1908533.33333333,0,3390933.33333333,6854400,0,0,0,0,0,0,0,0,0,3270800,0,0,0,0,0,0,0,0,0,79333.3333333333,0,0,0,0,0,0,13600,0,0,0,0,0,0,0,0,0,0,0
"United Republic of Tanzania",0,0,0,0,0,0,0,0,0,0,0,0,0,0,0,0,0,0,0,0,0,0,0,37372800,0,0,0,0,0,0,0,5761866.66666667,0,0,0,0,0,0,0,0,0,0,0,0,0,0,0,0,0,0,0,0,0,0,0,0,0,0,0,13600,0,0,0,0,0,0,0,0,0,0,0,6800,0,0,0,0,0,0,0,0,0,0,0,0,0,0,0,0,0,0,0,4533.33333333333,0,0,0,0,0,0,0,0,0,0,0,0,0,0,0,0,0,0,0,0,0,0,0,0,0,0,0,0,0,0,0,0,0,0,0,0,0,0,0,0,0,0,0,0,0,0,0,0,0,1881333.33333333,0,0,0,0,0,0,0,0,0,0,0,0,0,566666.666666667,0,0,0,0,0,0,0,0,0,0,0,0,0,0,0,0,0,8255200,0,0,0,0,2266.66666666667,0,0,0,0,0,0,0,73077333.3333333,0,34000,0,0,0,0,0,0
"Thailand",0,2266.66666666667,6800,0,0,0,21492533.3333333,10002800,0,4533.33333333333,0,312800,0,908933.333333333,0,0,1677333.33333333,0,0,0,0,0,5124230666.66667,0,0,1373600,0,0,6430533.33333333,0,4533.33333333333,531030133.333333,1466533.33333333,0,0,0,0,0,0,86133.3333333333,0,13146666.6666667,0,0,6800,0,228933.333333333,0,0,9066.66666666667,0,0,2738133.33333333,23494000,0,0,0,0,0,19568133.3333333,0,0,0,11333.3333333333,0,0,0,0,0,0,0,146671466.666667,0,226666.666666667,0,79553200,10601200,0,4533.33333333333,70266.6666666667,23242400,2887733.33333333,0,3193733.33333333,0,102217600,49866.6666666667,0,566666.666666667,3792557200,0,133450000,5716533.33333333,2266.66666666667,251280400,659600,0,0,0,0,0,0,0,106395066.666667,317333.333333333,0,0,0,0,831866.666666667,18133.3333333333,15866.6666666667,0,0,0,106533.333333333,25409333.3333333,0,0,0,0,88400,0,0,22310800,5850266.66666667,2914933.33333333,0,47600,0,0,0,5059200,83866.6666666667,1724933.33333333,0,0,0,0,0,2516000,0,2493333.33333333,0,0,0,0,1344133.33333333,0,0,0,1602533.33333333,0,132661200,0,2586266.66666667,3028266.66666667,0,0,0,13398266.6666667,2280266.66666667,0,0,105839733.333333,0,0,0,0,0,0,0,2244000,8069333.33333333,0,0,58101466.6666667,5460400,8332266.66666667,0,0,1348666.66666667,0,92459600,99733.3333333333,0,0,0,111066.666666667,0,0,0,0,0,0
"Togo",0,0,0,0,0,0,0,0,0,0,0,0,0,0,0,0,0,0,0,0,0,0,0,0,0,0,0,0,0,0,0,0,0,0,16304133.3333333,0,0,0,0,0,487782133.333333,0,0,0,0,0,0,0,0,0,0,0,0,718533.333333333,0,0,0,0,0,0,0,2579337466.66667,0,0,0,0,0,1382034266.66667,0,0,0,0,0,0,0,0,0,0,0,0,0,0,2307604933.33333,0,0,0,0,0,0,0,0,0,0,0,0,0,0,176416933.333333,0,0,0,0,0,0,0,1512138666.66667,0,0,0,0,0,0,0,0,0,0,0,0,0,0,0,0,0,200389200,45294800,0,0,0,0,0,0,0,0,0,0,0,0,0,0,0,0,0,0,0,0,0,0,0,0,0,63190133.3333333,0,0,0,0,18389466.6666667,0,0,0,0,0,0,0,0,0,0,0,0,0,0,0,0,0,0,0,0,1398533.33333333,0,0,6131446666.66667,0,0,0,0,0,0,0,0,12883733.3333333,0,0,0,4021066.66666667,0,0
"Tonga",0,0,0,0,0,0,0,0,0,0,0,0,0,0,0,0,0,0,0,0,0,0,0,0,0,0,0,0,0,0,0,0,0,0,0,0,0,0,0,0,0,0,0,0,0,0,0,0,0,0,0,0,0,0,0,0,0,0,0,0,0,0,0,0,0,0,0,0,0,0,0,0,0,0,0,0,0,0,0,0,0,0,0,0,0,0,0,0,0,0,0,0,0,0,0,0,0,0,0,0,0,0,0,0,0,0,0,0,0,0,0,0,0,0,0,0,0,0,0,0,0,0,0,0,0,0,0,0,0,0,0,0,0,0,0,0,0,0,0,0,0,0,0,0,0,0,0,0,0,0,0,0,0,0,0,0,0,0,0,0,0,0,0,0,0,0,0,0,0,0,0,0,0,29466.6666666667,0,0,0,0,0,0,0,0,0,0,0,0,0,0,0,0,0,0,0,0,0
"Trinidad and Tobago",0,0,0,0,0,0,0,0,0,0,0,0,0,0,0,0,0,0,0,0,0,0,0,0,0,0,0,0,0,0,0,0,0,0,0,0,0,0,0,0,0,0,0,0,0,0,0,0,0,0,0,0,0,0,0,0,0,0,0,0,0,0,0,0,0,630133.333333333,0,0,2266.66666666667,0,0,0,0,0,0,0,0,0,0,0,0,0,0,0,0,0,0,0,0,0,0,0,0,0,0,0,0,0,0,0,0,0,0,0,0,0,0,0,0,0,0,0,0,0,0,0,0,0,0,0,0,0,0,0,0,0,0,0,0,0,0,0,0,0,0,0,0,0,0,0,0,0,0,0,22666.6666666667,106533.333333333,0,0,0,0,0,0,0,0,0,0,0,0,0,0,0,0,0,0,0,0,0,0,0,0,0,0,0,0,0,0,0,0,0,0,0,0,0,0,0,0,0,0,0,0,0,0,0,0,0
"Oman",0,0,0,0,0,0,0,0,0,0,0,0,0,0,0,0,0,0,0,0,0,0,0,0,0,0,0,0,0,0,0,0,0,0,0,0,0,0,0,0,0,0,0,0,0,0,0,0,0,0,0,0,0,0,0,0,0,0,0,0,0,0,0,0,0,0,0,0,0,0,0,0,0,0,0,0,0,0,0,0,0,0,0,0,0,0,0,0,0,0,0,27200,0,0,0,0,0,0,0,0,0,0,0,0,0,0,0,0,0,0,0,0,0,0,0,0,0,0,0,0,0,0,0,0,0,0,0,0,0,0,0,0,0,0,0,0,0,0,5632666.66666667,0,0,0,0,0,0,0,0,0,0,0,0,0,0,0,0,0,0,0,0,0,0,0,0,0,0,0,0,0,0,0,0,0,0,14148533.3333333,0,0,11333.3333333333,0,0,0,0,0,0,0,0,0,0,0,0,0,0,0,0,0,0
"Tunisia",0,0,0,0,0,0,0,0,0,0,0,0,0,0,0,0,0,0,0,0,0,0,0,0,0,1196800,0,0,0,0,0,0,0,0,0,0,0,0,0,0,0,0,0,0,0,0,0,0,0,0,0,0,0,61125200,0,0,0,102000,0,965600,0,0,0,0,0,0,0,0,0,0,0,0,0,0,0,0,0,0,0,0,0,0,0,0,0,4723733.33333333,0,0,0,0,0,0,0,0,0,0,0,0,0,0,0,0,0,0,0,0,0,0,0,0,0,0,0,0,0,0,0,0,0,0,0,0,0,0,383066.666666667,0,0,0,0,0,0,0,0,0,0,0,0,0,0,0,0,0,0,0,0,0,0,0,0,0,0,0,0,0,0,0,0,0,0,0,0,147333.333333333,0,0,249333.333333333,0,0,4533.33333333333,0,0,0,0,1711333.33333333,0,0,0,0,0,0,0,0,0,0,0,0,0,0,0,2754000,0,0,0,0,0,0
"Turkey",0,20400,718533.333333333,151866.666666667,283333.333333333,0,14685733.3333333,16397066.6666667,342266.666666667,0,2266.66666666667,0,0,0,0,0,4318000,0,0,0,0,7137733.33333333,0,0,4533.33333333333,15232000,0,0,0,0,2266.66666666667,33811866.6666667,6800,0,0,77066.6666666667,0,208533.333333333,439762800,2146533.33333333,0,9959733.33333333,0,0,0,0,165466.666666667,0,27200,1976533.33333333,0,0,30321200,66252400,0,0,1178666.66666667,0,3309333.33333333,349660533.333333,3708266.66666667,0,0,11890933.3333333,0,0,0,0,0,0,0,2992000,4755466.66666667,908933.333333333,2266.66666666667,4533.33333333333,319600,0,11138400,881733.333333333,1078933.33333333,37653866.6666667,0,174533.333333333,0,15497200,0,0,0,0,0,38533.3333333333,0,2987466.66666667,0,6800,0,1292000,0,11038666.6666667,0,0,0,462400,0,0,3134800,0,0,2266.66666666667,0,0,0,3934933.33333333,0,0,57924666.6666667,0,0,512266.666666667,11333.3333333333,886266.666666667,0,0,0,5272266.66666667,0,1833733.33333333,5086400,0,0,0,387600,3039600,4764533.33333333,0,0,0,0,0,7917466.66666667,197200,41337200,4533.33333333333,0,18133.3333333333,0,0,0,4533.33333333333,0,1305600,54400,1629733.33333333,0,228933.333333333,29806666.6666667,0,0,0,10909466.6666667,13216933.3333333,0,0,3703733.33333333,0,1326000,4533.33333333333,0,0,813733.333333333,204000,0,4342933.33333333,0,4533.33333333333,339707600,2278000,93733466.6666667,0,0,0,0,516800,0,0,0,0,563463866.666667,8692666.66666667,65733.3333333333,0,0,0,0
"United Arab Emirates",0,34115600,0,0,0,18196800,179914400,5746000,0,86462000,0,23936000,0,7441466.66666667,0,0,3907733.33333333,0,0,0,8123733.33333333,0,8275600,49905200,772933.333333333,4764533.33333333,9066.66666666667,2364133.33333333,167617733.333333,0,98282666.6666667,142634533.333333,0,2051333.33333333,4834800,0,0,49866.6666666667,2074000,158666.666666667,2978400,151866.666666667,0,0,0,0,2686000,0,0,0,4703333.33333333,0,0,319171600,0,26075733.3333333,675466.666666667,0,5328933.33333333,9640133.33333333,0,16490000,0,2341466.66666667,0,0,0,151866.666666667,0,0,0,217105866.666667,952000,0,0,85528133.3333333,14164400,185866.666666667,4497066.66666667,40242400,0,238301466.666667,0,0,0,904400,9309200,0,956435866.666667,6135866.66666667,0,2670133.33333333,132012933.333333,0,0,13187466.6666667,0,0,0,0,0,0,9066.66666666667,2871866.66666667,144563466.666667,108800,1201333.33333333,0,609733.333333333,6351200,0,702666.666666667,102000,0,0,76638266.6666667,36930800,0,0,0,0,36429866.6666667,0,0,105381866.666667,185866.666666667,103371333.333333,0,0,711733.333333333,0,0,0,0,12672933.3333333,0,0,8051200,3628933.33333333,228933.333333333,63466.6666666667,203836800,3912266.66666667,0,0,0,0,69874533.3333333,1237600,58135466.6666667,2704133.33333333,0,0,53939866.6666667,3182400,77551733.3333333,147836533.333333,0,0,0,197200,2885466.66666667,0,43066.6666666667,8082933.33333333,272709466.666667,60166400,3547333.33333333,0,0,313334933.333333,0,129200,0,32309066.6666667,0,160504933.333333,0,59708533.3333333,0,0,68000,0,71273066.6666667,29600400,0,187185866.666667,3100800,1505066.66666667,0,0,0,132713333.333333,0,0
"Uganda",0,0,0,0,0,1015466.66666667,253866.666666667,0,0,0,0,0,0,0,0,0,0,0,0,0,0,0,0,213066.666666667,0,0,0,0,0,0,684533.333333333,0,0,0,0,0,0,0,0,0,0,0,0,0,0,0,0,0,0,0,0,0,0,2713200,0,0,0,0,0,734400,29466.6666666667,0,0,0,0,0,0,0,0,0,0,0,0,0,0,0,0,0,0,0,0,1366800,0,0,0,0,0,0,258400,0,0,0,0,0,0,0,0,0,0,0,0,0,0,0,0,0,0,0,0,0,0,0,0,0,0,0,0,0,0,0,0,58933.3333333333,0,0,0,0,0,0,0,0,0,102000,0,0,122400,0,0,0,0,0,0,1899466.66666667,0,0,0,0,0,0,0,0,0,0,0,0,0,9728533.33333333,0,0,0,0,398933.333333333,15866.6666666667,0,0,0,0,0,0,0,0,0,0,0,3735466.66666667,0,0,1362266.66666667,0,0,0,0,0,0,0,0,0,19856000,0,408000,0,0,0,0,26288800,0
"Tuvalu",0,0,0,0,0,0,0,0,0,0,0,0,0,0,0,0,0,0,0,0,0,0,0,0,0,0,0,0,0,0,0,0,0,0,0,0,0,0,0,0,0,0,0,0,0,0,0,0,0,0,0,0,0,0,0,0,0,0,0,0,0,0,0,0,0,0,0,0,0,0,0,0,0,0,0,0,0,0,0,0,0,0,0,0,0,0,0,0,0,0,0,0,0,0,0,0,0,0,0,0,0,0,0,0,0,0,0,0,0,0,0,0,0,0,0,0,0,0,0,0,0,0,0,0,0,0,0,0,0,0,0,0,0,0,0,0,0,0,0,0,0,0,0,0,0,0,0,0,0,0,0,0,0,0,0,0,0,0,0,0,0,0,0,0,0,0,0,0,0,0,0,0,0,0,0,0,0,0,0,0,0,0,0,0,0,0,0,0,0,0,0,0,0,0,0
"United Kingdom",0,0,0,0,1033600,131085866.666667,202528933.333333,390714400,5113600,19733600,95898133.3333333,421600,0,0,0,0,13137600,0,1768000,0,5705200,38073200,4533.33333333333,0,0,117311333.333333,0,0,1609333.33333333,0,73773200,239303333.333333,0,0,0,0,5000266.66666667,0,175079600,759333.333333333,0,5804926533.33333,1260266.66666667,3284400,7949200,0,4950400,0,15866.6666666667,251239600,0,0,1244742266.66667,2122663066.66667,2266.66666666667,3905466.66666667,10249866.6666667,0,0,5798151466.66667,20400,3538266.66666667,0,42463733.3333333,0,5498933.33333333,0,0,1183200,0,2044533.33333333,868493733.333333,42747066.6666667,7418800,207987066.666667,9683200,92933.3333333333,2611200,0,11363686266.6667,51745733.3333333,208061866.666667,147333.333333333,11333.3333333333,9418000,123932266.666667,775200,0,8563466.66666667,351333.333333333,0,40412400,0,1365594133.33333,0,990533.333333333,0,188133.333333333,0,1061917466.66667,17956533.3333333,0,0,52940266.6666667,4422266.66666667,22666.6666666667,130856933.333333,0,2955733.33333333,15411066.6666667,23358000,60728533.3333333,0,5759600,0,0,9216948933.33333,0,0,0,0,102278800,0,0,34884000,929004666.666667,3789866.66666667,0,873444133.333333,0,0,0,41826800,1906801600,53273466.6666667,0,0,68000,66034800,4034666.66666667,5823066.66666667,20400,20563200,0,12847466.6666667,52133.3333333333,0,12811200,0,408000,1715866.66666667,13767733.3333333,66984533.3333333,291352800,0,69505066.6666667,2792222800,0,0,0,1884647200,345152133.333333,0,6800,125446400,822800,46734133.3333333,0,0,31178000,40800,131466.666666667,26118800,388608666.666667,4748666.66666667,0,0,2300666.66666667,749271600,3338800,754800,0,22063733.3333333,10129733.3333333,19463866.6666667,0,383066.666666667,0,1510094133.33333,6784133.33333333,58933.3333333333,2844666.66666667,2212266.66666667,0,0
"Ukraine",62773066.6666667,0,308266.666666667,450742533.333333,0,0,591600,4533.33333333333,2266.66666666667,0,0,0,0,0,0,0,0,0,0,0,0,17639200,0,0,734400,13278133.3333333,0,0,0,0,6321733.33333333,303801333.333333,0,0,0,0,0,0,852266.666666667,963333.333333333,4533.33333333333,936133.333333333,0,0,2219050800,0,0,0,0,19250800,0,0,2935333.33333333,95200,0,0,12283066.6666667,0,0,508574266.666667,0,0,0,2690533.33333333,0,0,0,0,0,0,0,31733.3333333333,1443866.66666667,0,0,491866.666666667,0,0,19547733.3333333,0,159228800,5104533.33333333,0,971312000,0,2645200,4270400,49039333.3333333,9112000,0,0,29280800,0,88395466.6666667,0,414800,0,11333.3333333333,0,47926400,0,0,0,0,0,0,6800,0,2203200,0,67746133.3333333,0,0,860950266.666667,0,0,0,0,0,0,0,0,0,0,171353200,4533.33333333333,0,15866.6666666667,523600,0,0,0,2266.66666666667,171169600,0,0,0,0,0,0,918698133.333333,0,2266.66666666667,0,0,0,0,0,0,0,0,0,9674133.33333333,3044133.33333333,0,0,682633866.666667,0,0,0,0,444266.666666667,0,7548000,11276666.6666667,4206933.33333333,0,0,0,0,6641333.33333333,0,58949200,101249733.333333,0,0,1258000,0,107814000,0,0,0,0,132443600,2266.66666666667,0,0,0,1137866.66666667,0,0,4533.33333333333,0,0,0
"United States of America",0,0,0,0,84372133.3333333,4265866.66666667,864581466.666667,34369466.6666667,620402533.333333,33589733.3333333,160171733.333333,1681866.66666667,0,0,0,0,421822133.333333,0,44404000,0,0,802400,18076666.6666667,0,21066400,44906010000,0,0,19955733.3333333,0,25191733.3333333,4512282800,180605733.333333,0,0,337733.333333333,195563466.666667,3647066.66666667,7382533.33333333,0,173257200,8088613600,24831333.3333333,2637062666.66667,23018000,8271066.66666667,285600,44381333.3333333,0,2062666.66666667,0,4764533.33333333,1395217200,8419517466.66667,7174000,464666.666666667,11995200,102000,0,12036777466.6667,0,53178266.6666667,0,26588000,0,54196000,213574400,0,16222533.3333333,41004000,55107200,6201464000,3959866.66666667,5730133.33333333,97446266.6666667,97480266.6666667,114623066.666667,0,0,51004533.3333333,219329466.666667,172366400,0,6881600,359006000,9890101333.33333,11494266.6666667,0,24096933.3333333,150948666.666667,0,4315502133.33333,0,703120000,55265866.6666667,1335066.66666667,0,0,0,31758266.6666667,136124666.666667,0,0,141181600,10587600,3300266.66666667,3774000,0,3177866.66666667,3100661733.33333,13763200,1874533.33333333,0,0,0,4979866.66666667,3283602133.33333,0,0,0,0,360481600,37069066.6666667,3141600,2282823466.66667,3490691600,362666.666666667,1310622933.33333,15882533.3333333,0,7210266.66666667,16415200,2712828266.66667,1054117866.66667,7405200,0,0,0,51995066.6666667,0,16716666.6666667,0,784108000,46063200,107807200,35765733.3333333,0,20400,0,1267066.66666667,321866.666666667,0,256133.333333333,1038496000,0,16186266.6666667,248689600,75754266.6666667,0,20583600,2515059333.33333,1664658133.33333,0,0,1165091600,2692800,383250266.666667,45811600,5403733.33333333,169909333.333333,159122266.666667,147333.333333333,2862800,502610666.666667,0,0,87957469600,27043600,0,1983333.33333333,44356400,0,13910533.3333333,276735066.666667,0,0,183600,0,12138457866.6667,9177733.33333333,308266.666666667,5496666.66666667,0,0,0
"Burkina Faso",0,0,0,0,0,0,0,0,0,0,0,0,0,0,0,0,0,0,0,0,0,0,0,0,0,13600,0,176800,0,0,0,0,0,0,0,0,0,0,0,0,31733.3333333333,0,0,0,0,0,0,0,0,0,0,0,0,10768933.3333333,0,0,0,0,0,0,0,0,0,0,0,0,0,0,0,0,0,0,0,0,0,0,0,0,0,0,0,0,21025600,0,0,0,0,0,0,0,0,0,0,0,0,0,0,0,0,0,0,0,0,0,0,2491066.66666667,0,0,0,0,0,0,0,0,0,0,1822400,0,0,0,0,0,0,0,0,0,0,0,0,0,0,0,0,0,0,0,0,0,0,0,0,0,0,0,0,0,0,0,8259733.33333333,0,0,0,0,0,0,0,376266.666666667,0,0,0,0,0,0,0,0,0,0,2731333.33333333,0,0,0,0,0,0,0,0,0,0,0,0,0,0,0,0,0,0,0,0,0,0,0,0,0,0,0
"Uruguay",0,0,0,0,0,9044000,2436666.66666667,0,0,0,0,0,0,0,0,0,2440037200,0,0,0,0,757066.666666667,0,0,0,42651866.6666667,0,0,0,0,6435066.66666667,33129600,27918533.3333333,0,0,0,163200,0,0,0,0,3923600,0,199466.666666667,359253066.666667,3218666.66666667,0,192666.666666667,0,0,0,0,24310000,32120933.3333333,0,0,0,0,0,21558266.6666667,0,0,0,394400,0,0,4798533.33333333,0,0,0,222133.333333333,4272666.66666667,231200,0,0,0,0,0,0,10589866.6666667,0,3857866.66666667,0,0,0,30847066.6666667,174533.333333333,0,0,0,0,1795200,0,6346666.66666667,0,0,0,0,0,0,0,0,0,2926266.66666667,0,0,274266.666666667,0,79333.3333333333,106957200,0,0,0,0,0,0,38560533.3333333,0,0,0,0,251600,0,0,0,34222133.3333333,0,142800,743466.666666667,0,15064266.6666667,4685200,2726800,53461600,704933.333333333,0,0,0,0,0,1346400,0,492449200,0,0,0,0,0,0,0,0,0,0,1464266.66666667,0,0,7260133.33333333,0,0,0,84410666.6666667,7593333.33333333,0,0,834133.333333333,0,1169600,0,0,0,0,0,0,768400,0,0,102308266.666667,2309733.33333333,350075333.333333,0,0,0,0,0,0,0,0,0,26726266.6666667,0,0,0,0,0,0
"Uzbekistan",0,0,0,0,0,0,0,0,0,0,0,0,0,0,0,0,0,0,0,0,0,0,0,0,0,0,0,0,0,0,0,0,0,0,0,0,0,0,0,0,0,0,0,0,0,0,0,0,0,0,0,0,0,0,0,0,0,0,0,0,0,0,0,0,0,0,0,0,0,0,0,0,0,0,0,0,0,0,0,0,0,0,0,0,0,0,0,0,0,0,0,0,0,0,0,0,0,0,0,0,0,0,0,0,0,0,0,0,0,0,0,0,0,0,0,0,0,0,0,0,0,0,0,0,0,0,0,0,0,0,0,0,0,0,0,0,0,0,0,0,0,0,0,0,0,0,0,0,0,0,0,0,0,0,0,0,0,0,0,0,0,0,0,0,0,0,0,0,0,0,0,0,0,0,0,0,0,0,0,0,0,0,0,0,0,0,0,0,0,0,0,0,0,0,0
"Venezuela (Bolivarian Republic of)",0,0,0,0,0,0,0,0,0,0,0,0,0,0,0,0,0,0,0,0,0,0,0,0,0,0,0,0,0,0,0,63466.6666666667,0,0,0,0,0,0,0,0,0,0,0,0,0,0,0,0,0,0,0,0,0,0,0,0,0,0,0,0,0,0,0,0,0,0,0,0,0,0,0,0,0,0,0,0,0,0,0,0,0,0,0,0,0,0,0,0,0,0,0,0,0,0,0,0,0,0,0,0,0,0,0,29466.6666666667,120133.333333333,0,0,0,0,0,0,0,0,0,0,0,0,0,0,0,0,0,0,0,0,0,0,0,0,0,0,0,0,0,0,0,0,0,0,0,0,0,0,0,0,0,0,0,0,0,0,0,0,0,0,0,0,0,0,0,0,0,0,0,0,0,0,0,0,2266.66666666667,0,0,0,0,0,0,0,0,4585466.66666667,0,0,0,0,0,0,0,0,0,0,0,0,0,0,0,0
"Viet Nam",0,0,0,0,0,0,0,0,0,0,0,0,0,0,0,0,0,0,0,0,0,0,0,0,0,0,0,0,0,0,0,1024533.33333333,0,0,0,0,0,0,0,0,0,0,0,0,0,0,0,0,0,0,0,0,0,146490133.333333,0,0,0,0,0,0,0,0,0,0,0,0,0,0,0,0,0,5215600,0,0,0,1103866.66666667,0,0,0,4533.33333333333,0,0,0,0,0,3372800,0,0,0,992800,0,215333.333333333,0,0,0,0,0,0,0,0,0,0,0,36266.6666666667,0,0,0,0,0,0,0,0,0,0,0,31733.3333333333,9066.66666666667,0,0,0,0,111066.666666667,0,0,1210400,0,0,0,0,0,0,0,532666.666666667,0,0,0,0,0,0,0,0,0,0,0,0,0,0,0,0,0,0,0,0,2815200,0,0,0,0,0,0,0,2266.66666666667,0,0,0,0,4125333.33333333,0,0,0,0,0,0,337733.333333333,0,0,0,0,0,0,0,0,0,0,0,0,0,0,0,0,111066.666666667,0,0,0,0
"Ethiopia",0,0,0,0,0,0,0,0,0,0,0,27200,0,0,0,0,6800,0,0,0,0,0,0,0,9066.66666666667,0,0,0,0,0,0,39315333.3333333,0,0,86133.3333333333,0,0,0,0,0,0,0,0,0,0,0,0,0,0,0,0,0,0,0,0,1412133.33333333,0,0,0,61200,18133.3333333333,0,0,0,0,0,0,0,0,0,0,0,0,0,0,0,0,0,0,0,0,466933.333333333,61200,0,0,3214133.33333333,0,0,444266.666666667,0,0,0,0,0,0,74800,0,0,0,0,0,0,0,0,0,0,0,0,0,0,0,0,0,0,2266.66666666667,0,190400,0,0,0,0,0,0,0,0,86133.3333333333,0,0,0,0,0,0,741200,0,0,0,0,0,0,0,0,149600,0,0,0,0,0,0,0,0,0,0,0,0,0,15866.6666666667,0,0,0,11333.3333333333,4533.33333333333,1450666.66666667,0,0,0,0,0,0,0,0,0,0,0,0,0,0,0,0,14282266.6666667,43066.6666666667,0,0,0,0,0,0,11333.3333333333,0,371733.333333333,0,0,0,0,503200,0
"Yemen",0,0,0,0,0,0,0,0,0,0,0,0,0,0,0,0,0,0,0,0,0,0,0,0,0,0,0,0,0,0,6800,0,0,0,0,0,0,0,0,0,0,0,0,0,0,0,0,0,0,0,0,0,0,0,0,0,0,0,0,0,0,0,0,0,0,0,0,0,0,0,0,0,0,0,0,0,0,0,0,0,0,0,0,0,0,0,0,0,0,0,0,0,0,0,0,0,0,0,0,0,0,0,0,0,0,0,0,0,0,0,0,0,0,0,0,0,0,0,0,0,0,0,0,0,0,0,0,0,0,0,0,0,0,0,0,0,0,0,0,0,0,0,0,0,0,0,0,0,0,0,0,0,0,0,0,0,0,0,0,0,0,0,0,0,0,0,0,0,0,0,0,0,0,0,0,0,0,0,0,0,0,0,0,0,0,0,0,0,0,0,0,0,0,0,0
"Democratic Republic of the Congo",0,0,0,0,0,0,0,0,0,0,0,0,0,0,0,0,0,0,0,0,0,0,0,61200,0,0,0,0,0,0,0,0,0,0,0,0,0,0,0,0,0,0,0,0,0,0,0,0,0,0,0,0,0,0,0,0,0,0,0,0,0,0,0,0,0,0,0,0,0,0,0,0,0,0,0,0,0,0,0,0,0,0,0,0,0,0,0,0,0,0,0,0,0,0,0,0,0,0,0,0,0,0,0,0,0,0,0,0,0,0,0,0,0,0,0,0,0,0,0,0,0,0,0,0,0,0,0,0,0,0,0,0,0,0,0,0,0,0,0,0,0,1491466.66666667,0,0,0,0,0,0,0,0,0,0,0,0,0,0,0,0,0,0,0,0,0,0,0,0,0,0,0,0,0,0,0,0,965600,0,0,0,0,0,0,0,0,0,0,0,0,0,0,0,0,0,0,0,0
"Zambia",0,0,0,0,0,0,0,0,0,0,0,0,0,0,0,0,0,0,0,0,0,0,0,0,0,0,0,0,0,0,0,0,0,0,680000,0,0,0,0,0,0,0,0,0,0,0,0,0,0,0,0,0,0,0,0,0,0,0,0,0,0,0,0,0,0,0,0,0,0,0,0,0,0,0,0,0,0,0,0,0,0,0,0,0,0,0,0,0,0,0,0,0,0,0,0,0,0,0,0,0,0,0,0,0,0,0,0,0,0,0,0,0,56666.6666666667,0,0,0,0,0,0,0,0,0,0,0,0,0,0,0,0,0,0,0,0,0,0,0,0,0,0,0,0,0,0,0,0,0,0,0,0,0,0,0,0,0,0,11333.3333333333,0,0,0,0,0,0,0,0,0,0,0,0,0,0,0,0,0,113333.333333333,0,0,0,0,0,0,0,0,0,0,308266.666666667,0,39487600,0,0,0,0,0,0,0,0
"Belgium",3386400,0,106533.333333333,52133.3333333333,0,525866.666666667,54014666.6666667,18822400,0,0,172266.666666667,0,0,0,0,151866.666666667,29421333.3333333,0,0,0,0,4352000,0,25670000,110307333.333333,424440133.333333,0,2513733.33333333,2917200,95200,15866.6666666667,131539200,64094533.3333333,0,6430533.33333333,52133.3333333333,7464133.33333333,890800,70518266.6666667,11285733.3333333,3080400,587662800,0,10111600,79333.3333333333,2248533.33333333,1752133.33333333,0,825066.666666667,9844133.33333333,0,45333.3333333333,237918400,11386865200,54400,2266.66666666667,702666.666666667,5170266.66666667,16122800,496907733.333333,140533.333333333,38274933.3333333,0,86029066.6666667,0,0,0,5773200,204000,4503866.66666667,0,37189200,3626666.66666667,4739600,6090533.33333333,3565466.66666667,403466.666666667,0,2266.66666666667,402065866.666667,27408533.3333333,53531866.6666667,24733866.6666667,2570400,113333.333333333,408192666.666667,86133.3333333333,299200,31508933.3333333,163200,0,11596266.6666667,13010666.6666667,110017200,9066.66666666667,3851066.66666667,0,446533.333333333,0,38467600,575733.333333333,496400,24933.3333333333,9973333.33333333,3619866.66666667,2695066.66666667,10873200,9066.66666666667,2003733.33333333,2382266.66666667,7053866.66666667,2463866.66666667,0,2323333.33333333,444266.666666667,0,8843069066.66667,0,11995200,20400,0,15633200,0,895333.333333333,30763200,6711600,782000,228933.333333333,38660266.6666667,0,1915333.33333333,11376400,396666.666666667,262078800,20774000,18133.3333333333,0,15866.6666666667,6888400,167733.333333333,147020533.333333,17122400,13656666.6666667,0,3733200,0,0,3390933.33333333,21605866.6666667,36672400,788800,1409866.66666667,3826133.33333333,15173066.6666667,0,12702400,80376000,222133.333333333,102000,0,495459333.333333,65431866.6666667,0,0,10084400,1124266.66666667,5192933.33333333,35990133.3333333,0,804666.666666667,0,0,8386666.66666667,10651066.6666667,516800,0,25773010933.3333,665248533.333333,1286999733.33333,4104933.33333333,2606666.66666667,480533.333333333,0,2425333.33333333,464666.666666667,0,99785466.6666667,1765733.33333333,0,3650892800,61107066.6666667,435200,0,0,0
"Luxembourg",0,0,0,0,0,0,6800,10870933.3333333,0,0,0,0,0,0,0,0,238000,0,0,0,0,136000,0,0,0,196338666.666667,56666.6666666667,0,0,0,4533.33333333333,3740000,24933.3333333333,0,0,0,0,0,1344133.33333333,136000,0,39936400,0,0,0,0,61200,0,0,31216533.3333333,0,0,274355066.666667,334208666.666667,0,0,0,0,0,422567866.666667,0,0,0,29466.6666666667,0,0,0,0,0,0,0,818266.666666667,3526933.33333333,0,90666.6666666667,408000,0,0,0,693600,18133.3333333333,8132800,0,27200,0,5687066.66666667,22666.6666666667,0,0,0,0,36266.6666666667,0,2792533.33333333,29466.6666666667,0,0,0,0,3669733.33333333,11333.3333333333,0,36266.6666666667,0,0,22666.6666666667,0,0,0,0,0,2266.66666666667,0,0,0,0,108147200,0,0,0,0,0,20400,81600,546266.666666667,775200,0,0,7672666.66666667,0,0,2266.66666666667,0,4583200,8348133.33333333,0,0,0,0,0,0,0,120133.333333333,0,0,0,0,0,77066.6666666667,1595733.33333333,0,18133.3333333333,1595733.33333333,18133.3333333333,0,0,14429600,0,0,0,1124266.66666667,7441466.66666667,0,2266.66666666667,160933.333333333,0,149600,0,0,0,0,0,192666.666666667,970133.333333333,27200,0,15515333.3333333,20400,14019333.3333333,31733.3333333333,0,0,0,2266.66666666667,68000,0,0,0,3376583066.66667,0,111066.666666667,40800,0,0,0
"Serbia",0,0,20400,0,0,0,21528800,72492533.3333333,0,0,0,0,0,0,0,0,0,0,0,0,0,369466.666666667,0,0,0,28344666.6666667,0,0,0,0,0,216700133.333333,0,0,0,0,0,0,183600,0,0,1634266.66666667,0,0,2647466.66666667,0,0,0,0,0,0,0,582533.333333333,31493066.6666667,0,0,0,0,0,34550800,1803423466.66667,0,0,2953466.66666667,0,0,0,0,0,0,0,673200,10175066.6666667,456767333.333333,0,2266.66666666667,0,0,2266.66666666667,0,20400000,618800,0,0,0,4469866.66666667,0,0,0,0,0,102000,0,9066.66666666667,0,0,0,0,0,1530000,0,0,0,0,514533.333333333,0,2724533.33333333,0,0,0,0,0,0,0,0,0,8957866.66666667,0,0,11637066.6666667,0,0,0,0,0,392133.333333333,0,0,1527733.33333333,0,0,0,6376133.33333333,967866.666666667,13396000,0,0,0,0,0,2049066.66666667,0,4125444400,0,0,0,0,0,0,31733.3333333333,0,21352000,235733.333333333,0,0,0,92933.3333333333,0,0,0,8262000,70357333.3333333,0,0,3193733.33333333,0,0,0,0,0,0,0,0,154133.333333333,0,0,6734266.66666667,1870000,66481333.3333333,0,0,0,0,70266.6666666667,0,0,0,0,6557466.66666667,494133.333333333,0,769590000,0,0,0
"Montenegro",0,0,151606000,0,0,0,1131066.66666667,4401866.66666667,0,0,0,0,0,0,0,0,0,0,0,0,0,204000,0,0,0,27292933.3333333,0,0,0,0,4533.33333333333,231759866.666667,0,0,0,0,0,0,0,0,0,281066.666666667,0,0,0,0,0,0,0,2266.66666666667,0,0,274266.666666667,376266.666666667,0,0,0,0,0,38401866.6666667,872829866.666667,0,0,0,0,0,0,0,0,0,0,15866.6666666667,1341866.66666667,130503333.333333,0,0,0,0,0,0,2266.66666666667,43066.6666666667,0,0,0,2629333.33333333,0,0,0,0,0,2266.66666666667,0,0,0,0,0,0,0,0,0,0,0,0,0,0,0,0,0,0,0,0,0,0,0,0,49866.6666666667,0,0,208533.333333333,0,0,0,0,0,11333.3333333333,0,2266.66666666667,6353466.66666667,0,0,0,0,18958400,0,0,0,0,0,0,0,0,2051333.33333333,0,0,0,0,0,0,0,0,14307200,0,0,0,0,0,0,0,0,1883600,11788933.3333333,0,0,0,0,52133.3333333333,0,0,0,0,238000,0,0,0,0,530400,20080400,42534000,0,0,0,0,0,0,0,0,0,1604800,949733.333333333,2288916266.66667,0,0,0,0
"Sudan",0,0,0,0,0,0,0,0,0,0,0,0,0,0,0,0,0,0,0,0,0,0,0,0,0,0,0,0,0,0,0,0,0,0,0,0,0,0,0,0,0,0,0,0,0,0,0,0,0,0,0,0,0,0,0,0,0,0,0,0,0,0,0,0,0,0,0,0,0,0,0,0,0,0,0,0,0,0,0,0,0,0,0,0,0,0,0,0,0,0,0,0,0,0,0,0,0,0,0,0,0,0,0,0,0,0,0,0,0,0,0,0,0,0,0,0,0,0,0,0,0,0,0,0,0,0,0,0,0,0,0,0,0,0,0,0,0,0,0,0,0,0,0,0,0,0,0,0,0,0,0,0,0,0,0,0,0,0,0,0,0,0,0,0,0,0,0,0,0,0,0,0,0,0,0,0,0,0,0,0,0,0,0,0,0,0,0,0,0,0,0,0,0,0,0
"South Sudan",0,0,0,0,0,0,0,0,0,0,0,0,0,0,0,0,0,0,0,0,0,0,0,0,0,0,0,0,0,0,0,0,0,0,0,0,0,0,0,0,0,0,0,0,0,0,0,0,0,0,0,0,0,0,0,0,0,0,0,0,0,0,0,0,0,0,0,0,0,0,0,0,0,0,0,0,0,0,0,0,0,0,0,0,0,0,0,0,0,0,0,0,0,0,0,0,0,0,0,0,0,0,0,0,0,0,0,0,0,0,0,0,0,0,0,0,0,0,0,0,0,0,0,0,0,0,0,0,0,0,0,0,0,0,0,0,0,0,0,0,0,0,0,0,0,0,0,0,0,0,0,0,0,0,0,0,0,0,0,0,0,0,0,0,0,0,0,0,0,0,0,0,0,0,0,0,0,0,0,0,0,0,0,0,0,0,0,0,0,0,0,0,0,0,0
"Occupied Palestinian Territory",0,0,0,0,0,0,0,0,0,0,0,0,0,0,0,0,0,0,0,0,0,0,0,0,0,0,0,0,0,0,0,0,0,0,0,0,0,0,0,0,0,0,0,0,0,0,0,0,0,0,0,0,0,0,0,0,0,0,0,0,0,0,0,0,0,0,0,0,0,0,0,0,0,0,0,0,0,0,0,0,0,0,0,0,0,0,0,0,0,0,0,0,0,0,0,0,0,0,0,0,0,0,0,0,0,0,0,0,0,0,0,0,0,0,0,0,0,0,0,0,0,0,0,0,0,0,0,0,0,0,0,0,0,0,0,0,0,0,0,0,0,0,0,0,0,0,0,0,0,0,0,0,0,0,0,0,0,0,0,0,0,0,0,0,0,0,0,0,0,0,0,0,0,0,0,0,0,0,0,0,0,0,0,0,0,0,0,0,0,0,0,0,0,0,0
